segment_id,highway,log_length_meters,oneway,sinuosity,bearing_sin,bearing_cos,vertex_count,prior_exposure_count,prior_exposure_frequency,prior_observed_events,years_since_prior_positive
osm-29938988-6552109327-0,primary,3.709931300810548,1.0,1.0000090733996163,0.9978294762745235,0.06585086391012848,3.0,0.0,0.0,0.0,99.0
osm-29939141-8500012435-0,secondary,4.09194167760579,1.0,1.0,0.9656689033598045,0.2597759978979441,2.0,0.0,0.0,0.0,99.0
osm-29939142-2032872437-0,secondary,4.469545174701261,1.0,1.0,0.9674984165896092,0.252877072698572,2.0,0.0,0.0,0.0,99.0
osm-29939143-5674017477-0,secondary,2.533379303238778,1.0,1.000275474250165,0.945989924851305,0.32419602415795046,3.0,0.0,0.0,0.0,99.0
osm-29939144-9013899871-0,secondary,4.297462261327303,1.0,1.0000261672988733,0.947249158818192,0.32049809846273264,3.0,0.0,0.0,0.0,99.0
osm-29939146-1173954328-0,secondary,3.2786153492190593,1.0,1.0,0.9644454053836398,0.26428215988671416,2.0,0.0,0.0,0.0,99.0
osm-29939148-1173954346-0,secondary,2.5690946002130257,1.0,1.0000000272269762,0.9501500334960884,0.31179306253889305,3.0,0.0,0.0,0.0,99.0
osm-29939154-7120383659-0,primary,2.143823800609104,1.0,1.000002424738711,0.21868653692159196,-0.9757951621981128,3.0,0.0,0.0,0.0,99.0
osm-29939156-318538221-0,secondary,5.387248150297391,1.0,1.0000117390262613,0.9597211860854468,0.2809541688225026,5.0,0.0,0.0,0.0,99.0
osm-29939156-2363808979-0,primary,2.5253285642869154,1.0,1.0,0.2779527146197694,-0.9605947576556417,2.0,0.0,0.0,0.0,99.0
osm-29939211-7120318185-0,primary,3.3197703829664262,1.0,1.0000204141611229,0.20905235853200457,-0.9779044490093121,3.0,0.0,0.0,0.0,99.0
osm-95006360-5492419263-0,trunk,4.119248534588242,1.0,1.0000030502710773,-0.9628267653097551,0.2701196401655272,3.0,0.0,0.0,0.0,99.0
osm-95006366-5492419187-0,trunk,3.8568062347902154,1.0,1.0,-0.9596656724511587,0.2811437303566722,2.0,0.0,0.0,0.0,99.0
osm-95010735-1133343805-0,trunk,4.449883861560539,1.0,1.0005875785154776,0.2623298420716935,0.9649782660550653,6.0,0.0,0.0,0.0,99.0
osm-95010751-13798957263-0,trunk,4.551463455288837,1.0,1.0002495667903206,-0.11496438628335247,0.9933696139335509,5.0,0.0,0.0,0.0,99.0
osm-95022384-95022385-0,trunk,4.208892741738921,1.0,1.0,-0.1559259022056356,-0.9877687548314932,2.0,0.0,0.0,0.0,99.0
osm-95022385-4152867689-0,trunk,4.37842013907977,1.0,1.0000544105695282,-0.07190486313803615,-0.9974114951498706,4.0,0.0,0.0,0.0,99.0
osm-95022385-5652800252-0,primary,4.108773298874222,1.0,1.0006198826912773,-0.9999665697468003,0.008176759065634224,4.0,0.0,0.0,0.0,99.0
osm-103363767-1757800816-0,trunk,3.3900016089014207,1.0,1.0,-0.17971137025399056,0.9837193824467592,2.0,0.0,0.0,0.0,99.0
osm-104356356-13456652649-0,trunk,4.306346273117466,1.0,1.0000001260522255,0.1371839105801217,-0.9905455944467904,3.0,0.0,0.0,0.0,99.0
osm-104356359-9491482902-0,trunk,3.4394240111343497,1.0,1.0,0.38327023690597384,-0.9236362517257747,2.0,0.0,0.0,0.0,99.0
osm-104363249-4886801320-0,primary,3.286048373906415,1.0,1.0002989795690493,0.936240120308289,-0.35136083607186586,4.0,0.0,0.0,0.0,99.0
osm-104364332-6359768001-0,primary,2.3335991465232153,1.0,1.0,0.8936226989433672,0.4488189745690037,2.0,0.0,0.0,0.0,99.0
osm-104364332-6359768003-0,secondary,4.148848530209905,1.0,1.0006423407655531,-0.23770217635736243,0.9713380849915098,4.0,0.0,0.0,0.0,99.0
osm-104364334-318097259-0,primary,5.005133520390502,1.0,1.0001623798480854,0.9854962275361451,0.16969733501745574,4.0,0.0,0.0,0.0,99.0
osm-104364335-13623841217-0,primary,4.108510417695,1.0,1.0000000247040324,0.9886703920870337,0.15010281746346782,3.0,0.0,0.0,0.0,99.0
osm-104366006-8796979647-0,secondary,4.974690276655505,1.0,1.0001074090613202,0.9969650560037264,0.07785035072166688,3.0,0.0,0.0,0.0,99.0
osm-104366013-191505885-0,secondary,3.508436132331754,1.0,1.0000000006289804,0.9855203171154581,0.16955737834917997,3.0,0.0,0.0,0.0,99.0
osm-104367576-13720920968-0,primary,2.9928782045710847,1.0,1.0,0.23460968680897776,-0.9720896537127599,2.0,0.0,0.0,0.0,99.0
osm-104367971-5006647254-0,primary,4.387884444158042,1.0,1.0017938036974245,0.7996300566127824,0.6004929413085872,10.0,0.0,0.0,0.0,99.0
osm-104369586-8992056526-0,primary,2.7743371927738982,1.0,1.0,0.9526366971546643,0.30411070884507263,2.0,0.0,0.0,0.0,99.0
osm-104379008-9619896326-0,primary,4.021773869387265,1.0,1.0,-0.022995457268183195,-0.9997355695107718,2.0,0.0,0.0,0.0,99.0
osm-104379010-13016877290-0,primary,3.7585221144423846,1.0,1.0,-0.03879487730216125,-0.9992471953901648,2.0,0.0,0.0,0.0,99.0
osm-104379014-4780597176-0,primary,3.516429017115245,1.0,1.0010031769213144,-0.307926924134966,-0.9514100111901171,3.0,0.0,0.0,0.0,99.0
osm-104379022-2872136862-0,primary,3.91792555108076,1.0,1.0,0.13453884191308585,-0.9909083206920233,2.0,0.0,0.0,0.0,99.0
osm-104379024-5379957272-0,primary,4.150283714546209,1.0,1.0,0.4177078950363678,-0.9085813746848912,2.0,0.0,0.0,0.0,99.0
osm-124093320-315207989-0,primary,3.1196740827481686,1.0,1.0000000486121194,0.755038333435314,-0.6556806501973529,3.0,0.0,0.0,0.0,99.0
osm-186669834-13699094545-0,primary,2.7140985396364132,1.0,1.0002695814109683,0.995042061758858,0.0994549914819814,3.0,0.0,0.0,0.0,99.0
osm-186849138-1663918523-0,secondary,3.1710292154109814,1.0,1.0001371589732437,0.9999941874950357,-0.0034095419257485792,3.0,0.0,0.0,0.0,99.0
osm-186871952-5671317482-0,primary,4.026939714871389,1.0,1.0014407862441825,0.9999918279905029,-0.004042765416457788,4.0,0.0,0.0,0.0,99.0
osm-186871954-7249176145-0,primary,1.9624862883171341,1.0,1.0,0.9235143115526001,-0.3835639664482668,2.0,0.0,0.0,0.0,99.0
osm-186894208-104364334-0,primary,3.5036035374935453,1.0,1.0000075667962205,0.9945589884042273,0.1041749422095359,5.0,0.0,0.0,0.0,99.0
osm-191505875-7595258503-0,secondary,6.067911567269073,1.0,1.0002026486009414,0.8571501470144884,0.5150666223635937,10.0,0.0,0.0,0.0,99.0
osm-191505885-13717294231-0,secondary,3.3892597440891126,1.0,1.0,0.9641034386095155,0.2655269471471929,2.0,0.0,0.0,0.0,99.0
osm-191505992-5372018440-0,secondary,2.0980179272527715,1.0,1.0,0.9756607997083462,-0.21928521134009568,2.0,0.0,0.0,0.0,99.0
osm-191506029-5009351128-0,secondary,3.031871320169864,1.0,1.0,0.9808154405971395,-0.19493863518102053,2.0,0.0,0.0,0.0,99.0
osm-191578995-8992744188-0,primary,4.089549752137167,1.0,1.0000034339080845,0.9979246585119365,0.0643923592814783,4.0,0.0,0.0,0.0,99.0
osm-302230529-8789425687-0,primary,3.8932682289444984,1.0,1.0,-0.007588349313154644,0.999971208062863,2.0,0.0,0.0,0.0,99.0
osm-302230530-7509918738-0,primary,2.1861636299767944,1.0,1.0,0.14549952280459,0.9893583217740863,2.0,0.0,0.0,0.0,99.0
osm-308981968-11925112167-0,tertiary,3.4102231928694677,0.0,1.0,0.9890218118709679,-0.1477696032459573,2.0,0.0,0.0,0.0,99.0
osm-308981969-8488635421-0,tertiary,4.097489611366173,0.0,1.0000038511051712,0.9980412525677816,0.06255923731099552,3.0,0.0,0.0,0.0,99.0
osm-308981972-13456437803-0,tertiary,3.5825462433193196,0.0,1.0,-0.9983784718345607,0.05692474837262986,2.0,0.0,0.0,0.0,99.0
osm-309086906-3723634710-0,motorway,6.350049415978362,1.0,1.0000499574108372,0.23185302111650163,-0.9727508296573953,5.0,0.0,0.0,0.0,99.0
osm-309687605-5388328959-0,tertiary,4.3302332152446485,0.0,1.0,-0.26469383641901606,0.964332501247253,2.0,0.0,0.0,0.0,99.0
osm-309712345-13102843717-0,trunk,2.482821143296979,1.0,1.0000642461408304,0.5549961230961119,-0.8318529337258391,3.0,0.0,0.0,0.0,99.0
osm-309714207-388240367-0,trunk,3.1047211985658207,1.0,1.0,0.6859799230057927,-0.7276204678491162,2.0,0.0,0.0,0.0,99.0
osm-309716308-9465024317-0,motorway,7.217795534044585,1.0,1.0000142841432833,-0.5607271267458807,0.8280006578085003,7.0,0.0,0.0,0.0,99.0
osm-309824120-309716308-0,motorway,7.074088873385289,1.0,1.0004627065745626,-0.5660389205090611,0.8243785177143669,10.0,0.0,0.0,0.0,99.0
osm-309824174-5671045991-0,motorway,7.384352746018684,1.0,1.0085277959941699,-0.528083390913415,0.8491925177728483,18.0,0.0,0.0,0.0,99.0
osm-309825163-3723599608-0,motorway,4.636872320718605,1.0,1.0000139858814294,0.638366716151951,-0.7697323792782622,3.0,0.0,0.0,0.0,99.0
osm-309880841-6797982811-0,motorway_link,5.4241170715593015,1.0,1.0018854058684799,0.6155681236215659,-0.7880836790474883,7.0,0.0,0.0,0.0,99.0
osm-309941624-8478023954-0,primary,4.8071227867311945,1.0,1.0003888521189463,0.2475427051740556,-0.968876983478868,5.0,0.0,0.0,0.0,99.0
osm-309941703-11919728419-0,primary,3.7213224426033045,1.0,1.0,0.23661281693513397,-0.9716040216374265,2.0,0.0,0.0,0.0,99.0
osm-309950695-4867479520-0,primary,3.373517812555413,1.0,1.0,0.1733786069821499,-0.9848552475571876,2.0,0.0,0.0,0.0,99.0
osm-310003265-5379992807-0,tertiary,4.047899146979133,0.0,1.0,-0.08897896715587696,0.9960335051612839,2.0,0.0,0.0,0.0,99.0
osm-310003828-352961150-0,tertiary,4.195154740781109,1.0,1.0001419405365466,-0.9977505910725534,-0.06703549816604995,3.0,0.0,0.0,0.0,99.0
osm-310005821-8811305451-0,primary,4.407292253796356,1.0,1.0012261185898257,0.4554223856653074,-0.8902754914266258,6.0,0.0,0.0,0.0,99.0
osm-310008087-317756351-0,primary,2.9544935255373934,1.0,1.0,0.8002949242965621,0.5996065661291242,2.0,0.0,0.0,0.0,99.0
osm-310042746-5377177693-0,primary,4.071723968184567,1.0,1.0002022240279653,0.6656099745585721,0.7462997800938556,4.0,0.0,0.0,0.0,99.0
osm-310047835-9645211400-0,trunk,2.7107798056730763,1.0,1.0,0.1362007004646793,-0.9906812651872098,2.0,0.0,0.0,0.0,99.0
osm-310048098-309825163-0,motorway,7.282954975258992,1.0,1.0096172145880917,0.4628889228220783,-0.8864162933569171,27.0,0.0,0.0,0.0,99.0
osm-310048835-5023930574-0,trunk,3.3195533926216454,1.0,1.0013465761467544,0.47813289551018406,-0.8782875008965159,3.0,0.0,0.0,0.0,99.0
osm-310048835-6451500598-0,primary,2.8491445887111473,1.0,1.0,0.8865606789435582,0.4626123242534047,2.0,0.0,0.0,0.0,99.0
osm-310052525-1757800787-0,motorway_link,6.746748147318392,1.0,1.6298482863709647,0.6464695249573662,-0.7629398097500203,38.0,0.0,0.0,0.0,99.0
osm-310080557-9648055038-0,trunk,3.1490111448952147,1.0,1.0,0.337396685507022,-0.9413625638450234,2.0,0.0,0.0,0.0,99.0
osm-310327453-6978547983-0,trunk,4.9912077964301576,1.0,1.000079312389521,-0.21185645755852733,-0.9773007937123309,5.0,0.0,0.0,0.0,99.0
osm-310327514-7576918586-0,motorway,7.818033974729815,1.0,1.0108352131610143,0.41503667779669834,0.9098046801833235,30.0,0.0,0.0,0.0,99.0
osm-310327514-9498062303-0,motorway_link,6.186550129366871,1.0,1.0049784659653551,0.18880605789003024,0.9820143952631379,14.0,0.0,0.0,0.0,99.0
osm-315198778-13033996655-0,primary,2.427454075039915,1.0,1.0000616609100825,0.42917373296438266,-0.903221958841467,3.0,0.0,0.0,0.0,99.0
osm-315207989-5668256808-0,primary,3.225454140228323,1.0,1.0000019138657517,0.7456738143468107,-0.6663111604929622,3.0,0.0,0.0,0.0,99.0
osm-315207989-13525649841-0,primary,3.239932567393811,1.0,1.0013017787160223,-0.7521480360681465,-0.6589941819461156,4.0,0.0,0.0,0.0,99.0
osm-315208899-324851729-0,trunk,5.918611556366326,1.0,1.0001560278202304,-0.17775616606322764,-0.9840745629404828,7.0,0.0,0.0,0.0,99.0
osm-315305416-13456804471-0,tertiary,1.166582415107377,0.0,1.0,-0.9949284540324407,-0.10058514481083963,2.0,0.0,0.0,0.0,99.0
osm-315469600-9031322607-0,primary,2.817860800433648,1.0,1.0,0.9979318447618644,0.0642808930412635,2.0,0.0,0.0,0.0,99.0
osm-315469626-9032054232-0,primary,2.9595868269176377,1.0,1.0,0.9979212638418189,0.0644449468333,2.0,0.0,0.0,0.0,99.0
osm-315480467-9679167895-0,primary,2.927185731018881,1.0,1.0,0.9288115796337905,0.3705523573507298,2.0,0.0,0.0,0.0,99.0
osm-315487156-5230379695-0,primary,4.3528938666668635,1.0,1.000940403812677,0.876391323485734,0.4815996762030924,3.0,0.0,0.0,0.0,99.0
osm-315546959-7098183581-0,secondary,3.7452834167604747,1.0,1.0026453465672451,0.8329233795690711,0.5533883299882978,4.0,0.0,0.0,0.0,99.0
osm-315547395-315546959-0,secondary,3.6504244477323873,1.0,1.0010310401061835,0.7595005511297788,0.6505066585620491,4.0,0.0,0.0,0.0,99.0
osm-315684305-4269900330-0,secondary,3.461414077150703,1.0,1.0054493761466206,0.9630943460172543,0.2691640404467084,4.0,0.0,0.0,0.0,99.0
osm-315710860-29939156-0,secondary,2.9519371135543198,1.0,1.0000001614367604,0.8786669908679815,0.47743514654768204,4.0,0.0,0.0,0.0,99.0
osm-315712058-315712135-0,primary,3.8656858302197805,1.0,1.0,0.2682520457998374,-0.9633487633895639,2.0,0.0,0.0,0.0,99.0
osm-315712135-13606177748-0,primary,4.411221292953157,1.0,1.0000184113753379,0.2610054303854326,-0.9653373323917992,5.0,0.0,0.0,0.0,99.0
osm-315712497-5354213822-0,primary,3.395749234088429,1.0,1.0000004842236634,0.07514408270405418,-0.9971726865666579,3.0,0.0,0.0,0.0,99.0
osm-315746130-13721019303-0,primary,2.956367550031714,1.0,1.0,0.23835345331618712,-0.9711784755091354,2.0,0.0,0.0,0.0,99.0
osm-315746992-11199436896-0,primary,4.437804234517709,1.0,1.000001514076538,0.2482430301744754,-0.9686977846417295,5.0,0.0,0.0,0.0,99.0
osm-316167893-9013032089-0,residential,3.895852972265508,0.0,1.0013813945503687,-0.9986601368010862,0.05174873104179272,5.0,0.0,0.0,0.0,99.0
osm-316170709-329971830-0,primary,3.2313971054218724,1.0,1.0000001250245725,0.36825266144084934,-0.9297257538337481,3.0,0.0,0.0,0.0,99.0
osm-316176020-310052525-0,motorway_link,5.416762405254262,1.0,1.0063287639944576,0.5601387531525205,0.8283988032443913,11.0,0.0,0.0,0.0,99.0
osm-316176020-1757800817-0,motorway,5.7435094698834925,1.0,1.0003048419423242,0.6125489132672645,0.790432684581738,6.0,0.0,0.0,0.0,99.0
osm-316266442-3723635058-0,motorway_link,6.183235071469772,1.0,1.000273683002968,-0.003933059179997723,0.999992265492832,8.0,0.0,0.0,0.0,99.0
osm-316374560-4990059009-0,primary,5.120977381098046,1.0,1.0000000009415682,-0.9969478202981474,-0.07807076022924843,4.0,0.0,0.0,0.0,99.0
osm-316374561-4548266741-0,primary,3.4239368686316447,1.0,1.0000000694217615,-0.05510795760566652,0.9984804019150962,3.0,0.0,0.0,0.0,99.0
osm-316374585-4548266748-0,primary,4.770371015973628,1.0,1.0000021424352878,0.9962093821062602,0.08698774053545257,4.0,0.0,0.0,0.0,99.0
osm-316374594-430546287-0,primary,6.199697485686437,1.0,1.000037552797865,0.04936332606913464,0.998780887902543,12.0,0.0,0.0,0.0,99.0
osm-316374602-4836037554-0,primary,5.504017665051825,1.0,1.0000825289469548,0.04993069941790634,0.9987526847301281,7.0,0.0,0.0,0.0,99.0
osm-316374654-316374658-0,primary,4.069043848108803,1.0,1.0000409595835242,0.5246861510045547,-0.8512957435251427,3.0,0.0,0.0,0.0,99.0
osm-316374658-7120440781-0,primary,3.1179056575116673,1.0,1.0,0.4084398839716469,-0.9127852218245143,2.0,0.0,0.0,0.0,99.0
osm-316395244-4466384616-0,trunk,3.2303299749133165,1.0,1.0014608219197347,0.9827816416549554,-0.18477078996960217,4.0,0.0,0.0,0.0,99.0
osm-316395244-4466384617-0,trunk,3.769375904984303,1.0,1.0000277547390721,0.49335019239767475,0.8698307810494966,4.0,0.0,0.0,0.0,99.0
osm-316395267-316395268-0,trunk,3.2563642692791923,1.0,1.0,0.7872073255375082,-0.6166884356140333,2.0,0.0,0.0,0.0,99.0
osm-316395268-5388212558-0,trunk,3.745755883755633,1.0,1.0000162814554194,0.7396655550716494,-0.6729746404141457,3.0,0.0,0.0,0.0,99.0
osm-316412093-11329756328-0,primary,3.9692347511792563,1.0,1.0000306201885891,-0.9962344471675384,0.08670020920845058,4.0,0.0,0.0,0.0,99.0
osm-316412129-316412130-0,primary,4.983777839926373,1.0,1.0136056415315546,-0.9490967358976623,-0.31498473916747616,5.0,0.0,0.0,0.0,99.0
osm-316412130-6531806778-0,primary,4.629989619804604,1.0,1.0000867013827295,-0.9999878494104333,-0.004929607641239333,4.0,0.0,0.0,0.0,99.0
osm-316412131-316412145-0,primary,2.673389740838585,1.0,1.0,-0.9998202480311353,0.0189597369960394,2.0,0.0,0.0,0.0,99.0
osm-316412145-4504091329-0,primary,4.833173907517882,1.0,1.000000024250128,-0.9999904404219744,0.004372535267530547,4.0,0.0,0.0,0.0,99.0
osm-316412146-1320273025-0,primary,2.6486539911455536,1.0,1.0,-0.998992955714238,0.04486729803911314,2.0,0.0,0.0,0.0,99.0
osm-316486226-1782804903-0,motorway,7.205364167159122,1.0,1.0140506014467123,-0.9949375303284678,0.10049532697538423,19.0,0.0,0.0,0.0,99.0
osm-316486288-7120831201-0,trunk,2.242091712565083,1.0,1.0,-0.3560617344396145,-0.9344624343802449,2.0,0.0,0.0,0.0,99.0
osm-316486305-1139156749-0,trunk_link,3.7421832261362473,1.0,1.0116731740211962,-0.8538319430355489,0.5205487614548124,6.0,0.0,0.0,0.0,99.0
osm-316742986-329948880-0,trunk,6.392903226688019,1.0,1.0000119413506916,-0.046804751958909464,0.9989040570515594,7.0,0.0,0.0,0.0,99.0
osm-317156534-9507227664-0,primary,3.3612430661551227,1.0,1.0,0.511677079895666,-0.859177843004255,2.0,0.0,0.0,0.0,99.0
osm-317156584-11384905237-0,primary,5.7194195754356,1.0,1.0002803812418537,-0.9620957625373776,0.2727118327238882,8.0,0.0,0.0,0.0,99.0
osm-317156628-5653336499-0,primary,3.5276831789349297,1.0,1.0,-0.9975238979994068,-0.07032832231803315,2.0,0.0,0.0,0.0,99.0
osm-317156630-9027876825-0,primary,1.686028514595813,1.0,1.0,-0.9575657422841102,-0.28821493577516255,2.0,0.0,0.0,0.0,99.0
osm-317156632-317156630-0,primary,4.3040110376891425,1.0,1.0027557257609798,-0.9385800200973806,-0.3450616551777385,5.0,0.0,0.0,0.0,99.0
osm-317156649-317182651-0,primary,6.426871879087853,1.0,1.0064275922676287,-0.9999992840375356,0.0011966304426416668,12.0,0.0,0.0,0.0,99.0
osm-317157768-4871938615-0,primary,5.050387917042489,1.0,1.0026743379445353,0.4139504961781504,-0.9102993939984049,4.0,0.0,0.0,0.0,99.0
osm-317179522-5189841649-0,tertiary,3.161924448418062,1.0,1.0230545866356568,0.9800638130672076,-0.19868296936618826,6.0,0.0,0.0,0.0,99.0
osm-317180499-10092530702-0,primary,2.7845790500913337,1.0,1.0065781074582194,-0.9322871688708447,-0.3617189997204805,3.0,0.0,0.0,0.0,99.0
osm-317182284-317156632-0,primary,6.449036535219813,1.0,1.0324322233910956,-0.9943663092047834,-0.10599831658312864,25.0,0.0,0.0,0.0,99.0
osm-317182368-13618074118-0,primary,4.810614017345747,1.0,1.0005442439956778,-0.9634737184399782,0.26780290117069605,8.0,0.0,0.0,0.0,99.0
osm-317182380-5380240433-0,primary,5.553412970498935,1.0,1.0000044825335288,-0.974544796346555,0.224192863209005,5.0,0.0,0.0,0.0,99.0
osm-317182651-317182380-0,primary,4.488546478051554,1.0,1.0000504107230073,-0.9813027116855239,0.19247074592944702,3.0,0.0,0.0,0.0,99.0
osm-317190987-352913852-0,primary,4.502539274901132,1.0,1.0064286877912343,-0.9867686242680663,-0.16213476542712166,8.0,0.0,0.0,0.0,99.0
osm-317190987-6370527439-0,primary,6.712352130049289,1.0,1.0035830153450456,-0.9980644649570597,-0.06218781062216386,14.0,0.0,0.0,0.0,99.0
osm-317191266-317191321-0,primary_link,3.7436280221621385,1.0,1.1692245505537284,0.07049509811995483,0.9975121258115401,11.0,0.0,0.0,0.0,99.0
osm-317191321-13771612756-0,primary,4.150031523636354,1.0,1.0004336506137286,0.9996662276092178,-0.025834732000849518,4.0,0.0,0.0,0.0,99.0
osm-317193936-9515510319-0,primary,5.1868940648442345,1.0,1.0000255134765144,-0.8586790926915735,0.5125136249646208,4.0,0.0,0.0,0.0,99.0
osm-317196043-7029563618-0,primary,5.3161671078108315,1.0,1.0017858039891296,-0.9943186611600722,-0.10644435198187682,5.0,0.0,0.0,0.0,99.0
osm-317349873-5379667478-0,trunk,3.575542768774933,1.0,1.0,0.528655960633975,0.8488361887232242,2.0,0.0,0.0,0.0,99.0
osm-317349914-5379667437-0,trunk,4.632279388466709,1.0,1.0001983975116058,0.5166428311713299,0.8562010190365769,4.0,0.0,0.0,0.0,99.0
osm-317417610-4948526884-0,primary,5.531569652010535,1.0,1.0023705016716522,0.9995876918655792,0.028713172427372192,14.0,0.0,0.0,0.0,99.0
osm-317417833-9491424126-0,trunk,4.167796366763981,1.0,1.0000181590268504,0.42168128765556534,-0.9067441158569183,3.0,0.0,0.0,0.0,99.0
osm-317756351-13653320894-0,primary,4.506421099917919,1.0,1.0000614365813825,0.8464645502176711,0.532445081886194,5.0,0.0,0.0,0.0,99.0
osm-317958545-7120310389-0,primary,3.605389143614911,1.0,1.00012398327825,0.8002933277622521,0.5996086970176636,4.0,0.0,0.0,0.0,99.0
osm-317987901-317958545-0,primary,5.977621675136962,1.0,1.003240860561241,0.8594123319675226,0.511283134537161,9.0,0.0,0.0,0.0,99.0
osm-318097237-13623874475-0,primary,2.3049822175937673,1.0,1.0,0.9825366631665556,0.18606908806550984,2.0,0.0,0.0,0.0,99.0
osm-318097259-13624041399-0,primary,4.192967430827184,1.0,1.0,0.9841543283303912,0.17731400967931626,2.0,0.0,0.0,0.0,99.0
osm-318168808-316167893-0,secondary,3.036202206107704,0.0,1.0,-0.12490565055051459,0.9921686240052912,2.0,0.0,0.0,0.0,99.0
osm-318538221-29939148-0,secondary,2.4840729690394228,1.0,1.0,0.5582852901031207,0.8296490431830043,2.0,0.0,0.0,0.0,99.0
osm-318538221-5374199556-0,secondary,2.347175976321921,1.0,1.0,0.9984714202658818,0.05527045243376316,2.0,0.0,0.0,0.0,99.0
osm-318548947-8499454046-0,secondary,4.7829815873041595,1.0,1.0001903094034594,0.9860168085073081,-0.1666458920617685,4.0,0.0,0.0,0.0,99.0
osm-320021668-4800795887-0,primary,3.979326450637834,1.0,1.0014710599031476,-0.9017633464956346,0.4322301087580479,5.0,0.0,0.0,0.0,99.0
osm-321722198-317156649-0,primary,4.366036978754222,1.0,1.0003641446757925,-0.998801659840459,-0.04894123312651772,3.0,0.0,0.0,0.0,99.0
osm-324275961-316395267-0,trunk,5.0202753457947225,1.0,1.0011858820748314,0.7255710074241797,-0.6881473048595489,4.0,0.0,0.0,0.0,99.0
osm-324276002-5665581665-0,trunk,6.251811393339704,1.0,1.0003940595961924,0.8498816693989846,-0.5269735743086129,10.0,0.0,0.0,0.0,99.0
osm-324851729-5673864834-0,trunk,3.6243942648875267,1.0,1.0,-0.18988421124635135,-0.9818064912799014,2.0,0.0,0.0,0.0,99.0
osm-326484049-5490135579-0,primary,4.857336473556048,1.0,1.0006606343199322,0.24475128723495168,0.9695858948008858,9.0,0.0,0.0,0.0,99.0
osm-326484130-8749112680-0,primary,2.4000747142713026,1.0,1.0,0.07388919152940646,0.9972664575604309,2.0,0.0,0.0,0.0,99.0
osm-326484153-326484130-0,primary,4.357977252666356,1.0,1.0011161002130486,0.21760698437423992,0.976036474908366,7.0,0.0,0.0,0.0,99.0
osm-326484165-326484153-0,primary,2.746565537330544,1.0,1.0,0.18260681161854797,0.9831860212342871,2.0,0.0,0.0,0.0,99.0
osm-326484242-1709500939-0,primary,4.5717478298247265,1.0,1.000755896881875,-0.3220151415572771,0.9467345185466973,5.0,0.0,0.0,0.0,99.0
osm-326484330-4842902746-0,primary,5.225112063788762,1.0,1.0003948841947956,-0.027335441802637656,0.9996263169912318,10.0,0.0,0.0,0.0,99.0
osm-326484370-7046982976-0,primary,3.094400445350692,1.0,1.0002290757074461,-0.2492155732422665,0.9684480358044661,3.0,0.0,0.0,0.0,99.0
osm-328320081-1423006391-0,trunk,5.42685568952124,1.0,1.0050303113241856,0.9405495658168116,-0.3396564650375542,11.0,0.0,0.0,0.0,99.0
osm-328320159-5662546639-0,primary,5.411989742786544,1.0,1.0066944166368161,-0.9865623526000548,-0.16338520261102335,16.0,0.0,0.0,0.0,99.0
osm-328336623-5459161492-0,trunk,5.837293033730373,1.0,1.0000056288838963,0.8473841293730018,-0.5309803548972032,3.0,0.0,0.0,0.0,99.0
osm-328876219-9013840120-0,primary,3.785643122546244,1.0,1.0,0.46385706508310415,-0.885910053658095,2.0,0.0,0.0,0.0,99.0
osm-328965954-316374561-0,primary,3.476243009317623,1.0,1.0000000438936467,-0.998693776542609,-0.05109540776881242,4.0,0.0,0.0,0.0,99.0
osm-329019268-6219014696-0,primary,2.410990966837832,1.0,1.0,0.713746359732236,-0.7004042646707553,2.0,0.0,0.0,0.0,99.0
osm-329019970-9013891783-0,primary,4.920914796204756,1.0,1.0000106634511858,0.45874486750924937,-0.8885680314606874,4.0,0.0,0.0,0.0,99.0
osm-329948880-316266442-0,trunk,2.543018312845216,1.0,1.0,-0.04056258838160677,0.9991769995470193,2.0,0.0,0.0,0.0,99.0
osm-329967924-4751894442-0,primary,2.666950390216784,1.0,1.0,0.4579721418570387,-0.8889665445239637,2.0,0.0,0.0,0.0,99.0
osm-329968512-1682808537-0,primary,5.096146101349604,1.0,1.0000305814876749,0.36971174260199285,-0.9291465048000761,8.0,0.0,0.0,0.0,99.0
osm-329969014-5662335002-0,primary,4.511375856701629,1.0,1.0,0.37748880563006126,-0.9260141476370595,2.0,0.0,0.0,0.0,99.0
osm-329971830-4749962821-0,primary,5.33708124459882,1.0,1.0004651447599204,0.4205560003551989,-0.9072665818629263,10.0,0.0,0.0,0.0,99.0
osm-329975504-5662309002-0,primary,5.396917582787646,1.0,1.000057125652848,-0.9999905282282316,-0.004352407818923454,4.0,0.0,0.0,0.0,99.0
osm-329975510-7131701881-0,primary,2.9403252662822523,1.0,1.0,-0.9992357986371909,-0.03908732175393059,2.0,0.0,0.0,0.0,99.0
osm-330177825-5380113845-0,primary,4.061735278656473,1.0,1.0000004549171697,-0.9998025348331627,0.019871873117105286,3.0,0.0,0.0,0.0,99.0
osm-330409714-7232143502-0,service,6.517285674206418,0.0,1.0844322136208797,0.14065079024343063,0.9900592685308787,46.0,0.0,0.0,0.0,99.0
osm-332341344-5506920631-0,residential,3.442755105467233,0.0,1.0107282239147897,-0.06458965791525972,-0.9979119079810551,5.0,0.0,0.0,0.0,99.0
osm-332517701-5671006775-0,trunk,4.296468746312235,1.0,1.0,-0.041661637950711414,0.9991317770560918,2.0,0.0,0.0,0.0,99.0
osm-332526386-316176020-0,motorway,7.93845411338286,1.0,1.0167064669545467,0.9581602146352942,0.2862324284389295,29.0,0.0,0.0,0.0,99.0
osm-332526397-332526399-0,primary_link,3.7579389900454307,0.0,1.065677592835683,-0.4331241259371629,-0.901334284009639,7.0,0.0,0.0,0.0,99.0
osm-332526399-4551163746-0,primary,4.284744511867328,0.0,1.1209143801377517,-0.9093014249643816,0.4161381003437983,9.0,0.0,0.0,0.0,99.0
osm-347509493-191505875-0,secondary,1.9640306901685083,1.0,1.0,0.889343886161182,0.4572389442597017,2.0,0.0,0.0,0.0,99.0
osm-351116570-393856976-0,secondary,3.8300534425608954,1.0,1.0,0.8328855400552203,-0.553445279288679,2.0,0.0,0.0,0.0,99.0
osm-352897075-352897081-0,primary,3.9468880927542256,1.0,1.0,0.321343816185292,-0.9469625926083212,2.0,0.0,0.0,0.0,99.0
osm-352897081-9561821845-0,primary,2.9719005403006453,1.0,1.0,0.3531694674663776,-0.9355593659675024,2.0,0.0,0.0,0.0,99.0
osm-352897085-13772607350-0,primary,4.458374061661423,1.0,1.0145783942809428,0.06320688961612926,-0.9980004454433147,7.0,0.0,0.0,0.0,99.0
osm-352913456-8772028147-0,primary,4.0851019808551685,1.0,1.0016552045537968,0.1504117029207771,-0.988623446831235,3.0,0.0,0.0,0.0,99.0
osm-352913852-317191266-0,primary,5.089699061225355,1.0,1.0002362647893168,-0.9983300419438198,-0.05776787474410935,5.0,0.0,0.0,0.0,99.0
osm-352915237-4776087446-0,primary,3.845883202923601,1.0,1.0000102245339793,0.10281624894340546,-0.9947003664185551,3.0,0.0,0.0,0.0,99.0
osm-352961150-9016841536-0,tertiary,3.7465821642422257,0.0,1.0,-0.9999791997113695,-0.006449817408960104,2.0,0.0,0.0,0.0,99.0
osm-353136203-13456492331-0,primary,3.8809450498572846,1.0,1.0001215515708182,-0.46811168682916743,0.8836693095575694,3.0,0.0,0.0,0.0,99.0
osm-388023277-5670939322-0,trunk,3.8388499806902314,1.0,1.0,0.040599931377766664,-0.999175482871813,2.0,0.0,0.0,0.0,99.0
osm-388240366-6546950357-0,trunk,4.854067250353351,1.0,1.0000647767530244,0.5664581226701373,-0.8240905261323077,4.0,0.0,0.0,0.0,99.0
osm-388240367-388240366-0,trunk,5.018901038513288,1.0,1.000000051886133,0.5422377879320829,-0.8402250777848287,7.0,0.0,0.0,0.0,99.0
osm-393856973-6322395865-0,secondary,2.8755964723140104,1.0,1.0,0.8957809473035321,-0.4444957755119689,2.0,0.0,0.0,0.0,99.0
osm-393856974-10732635788-0,secondary,3.4016972567038066,1.0,1.0000000305449097,0.8329283181533437,-0.5533808966871212,3.0,0.0,0.0,0.0,99.0
osm-393856976-3709514014-0,secondary,3.9940821402837066,1.0,1.0000000105195523,0.8329777096289863,-0.5533065472784938,3.0,0.0,0.0,0.0,99.0
osm-393861915-6322396585-0,secondary,3.0905423283166336,1.0,1.0,0.8327702755685564,-0.5536187028356887,2.0,0.0,0.0,0.0,99.0
osm-430546287-12736661061-0,primary,4.2520033670909605,1.0,1.0012201955779396,0.42023424903443934,0.9074156577547363,6.0,0.0,0.0,0.0,99.0
osm-430546294-430546307-0,secondary,3.047090565829133,1.0,1.0,0.9735566470761082,0.22844573739495805,2.0,0.0,0.0,0.0,99.0
osm-430546307-430546319-0,secondary,2.9785352487254695,1.0,1.0,0.8259403271444004,-0.5637575507224724,2.0,0.0,0.0,0.0,99.0
osm-430546319-12754553920-0,secondary,3.3300951441690065,1.0,1.0004569644134815,0.8260150199346306,-0.5636481055076756,3.0,0.0,0.0,0.0,99.0
osm-454066598-4502070108-0,secondary,2.879479316729741,1.0,1.0,-0.8651201510173496,0.5015646760924439,2.0,0.0,0.0,0.0,99.0
osm-504912724-7122843809-0,secondary,4.642928291590693,1.0,1.0,0.8669377075858705,-0.4984165037052401,2.0,0.0,0.0,0.0,99.0
osm-519545266-1993475640-0,trunk,3.4363714566698094,1.0,1.0,-0.9997111730793127,0.02403269482152608,2.0,0.0,0.0,0.0,99.0
osm-1133343792-1133343793-0,residential,4.610615334223986,0.0,1.0001964421581688,-0.05719684501123343,0.9983629204456468,6.0,0.0,0.0,0.0,99.0
osm-1133343793-1135179313-0,tertiary,4.456101570567626,0.0,1.0,-0.193550151936934,0.98109038252609,2.0,0.0,0.0,0.0,99.0
osm-1133343805-1133343793-0,tertiary,5.157577195863543,0.0,1.0000975371407956,-0.999156182056978,-0.04107217862888645,6.0,0.0,0.0,0.0,99.0
osm-1133676103-1334087929-0,primary,5.9537496995697365,1.0,1.003092622778645,-0.9805934238087374,0.19605238377295464,15.0,0.0,0.0,0.0,99.0
osm-1133676112-1133676103-0,primary,5.517966820607969,1.0,1.0073278431803865,-0.9933629707066198,0.11502177371662824,14.0,0.0,0.0,0.0,99.0
osm-1133676115-1133676116-0,tertiary,3.8842817504464215,0.0,1.0,0.5126314078308328,-0.8586087815212341,2.0,0.0,0.0,0.0,99.0
osm-1133676116-5391402284-0,tertiary,3.998420860918611,0.0,1.0006873261653775,-0.7790783349214099,-0.6269265890485771,5.0,0.0,0.0,0.0,99.0
osm-1133676128-1133807077-0,tertiary,3.6135361038101457,0.0,1.0000554261119794,-0.7392606824322826,-0.6734193666726224,3.0,0.0,0.0,0.0,99.0
osm-1133806969-1133807093-0,tertiary,4.555738315969495,0.0,1.004986284503947,-0.31659624713668133,-0.9485603914875265,5.0,0.0,0.0,0.0,99.0
osm-1133806993-11455806150-0,tertiary,4.179543186055975,0.0,1.0,-0.6063282582570899,-0.7952144636756324,2.0,0.0,0.0,0.0,99.0
osm-1133807009-1133806993-0,tertiary,2.4140370182881887,0.0,1.0,-0.6244285300627571,-0.7810819488655877,2.0,0.0,0.0,0.0,99.0
osm-1133807034-1133806969-0,tertiary,5.275795645865748,0.0,1.0001821547728653,-0.5871504751794777,-0.8094778066732364,5.0,0.0,0.0,0.0,99.0
osm-1133807052-1133676128-0,tertiary,3.6082386509502786,0.0,1.001813814777949,-0.8056857765245398,-0.5923431687004158,3.0,0.0,0.0,0.0,99.0
osm-1133807065-1133807009-0,tertiary,3.945573828939228,0.0,1.0,-0.7366189161515618,-0.6763080454701824,2.0,0.0,0.0,0.0,99.0
osm-1133807077-9642343610-0,tertiary,2.2091531482014934,0.0,1.0,-0.7239491746954368,-0.68985331227573,2.0,0.0,0.0,0.0,99.0
osm-1133807089-1133807052-0,tertiary,3.7466529565258964,0.0,1.0,-0.824639532714799,-0.5656585905684789,2.0,0.0,0.0,0.0,99.0
osm-1133807093-5513424002-0,tertiary,3.7786287462575445,0.0,1.0001490854051815,-0.1466089090416398,-0.9891945348563245,4.0,0.0,0.0,0.0,99.0
osm-1134908642-5010888460-0,primary,4.642947550322122,1.0,1.0000052524382448,0.9998290909615788,0.01848753274352715,4.0,0.0,0.0,0.0,99.0
osm-1134953472-1133676115-0,tertiary,4.851233071245959,0.0,1.0033413563445956,0.4646127601223901,-0.8855139655202815,3.0,0.0,0.0,0.0,99.0
osm-1135179313-1135179348-0,tertiary,4.584497980718552,1.0,1.000045239058353,-0.9984259822313425,-0.056085274407627964,3.0,0.0,0.0,0.0,99.0
osm-1135179348-4666246417-0,tertiary,2.354133354874622,1.0,1.0,-0.9999019577962367,-0.014002671004236186,2.0,0.0,0.0,0.0,99.0
osm-1135179379-7229469661-0,tertiary,3.653511310276145,0.0,1.0000000466500065,0.9995540710188688,0.029860661573485176,3.0,0.0,0.0,0.0,99.0
osm-1135179404-4800316713-0,tertiary,4.413670640008343,1.0,1.1271635162677618,0.8756629792850098,0.4829227129776571,7.0,0.0,0.0,0.0,99.0
osm-1135179421-13734886245-0,tertiary,1.9794830753110044,1.0,1.0,0.9992992713609261,0.03742948379983609,2.0,0.0,0.0,0.0,99.0
osm-1135179424-13914133217-0,tertiary,1.832741450949675,1.0,1.0,0.9978428229442462,0.06564831070680965,2.0,0.0,0.0,0.0,99.0
osm-1135190117-1138828395-0,trunk,5.426094736489863,1.0,1.0021035002226362,-0.4217561118573922,-0.9067093151120346,14.0,0.0,0.0,0.0,99.0
osm-1135601912-5498027349-0,primary,3.53298558915526,1.0,1.0,-0.9993705898456462,-0.03547427450371822,2.0,0.0,0.0,0.0,99.0
osm-1138828395-316486288-0,trunk,5.010248552654757,1.0,1.0001050498104755,-0.37014129568242277,-0.9289754685838251,4.0,0.0,0.0,0.0,99.0
osm-1139139728-7260196327-0,trunk,3.9741523768936946,1.0,1.0006651822261408,-0.810835045987956,0.5852747459080302,3.0,0.0,0.0,0.0,99.0
osm-1139139742-7260204106-0,trunk,3.0478502278160975,1.0,1.0,-0.9379288588775844,0.3468277031677148,2.0,0.0,0.0,0.0,99.0
osm-1139140184-95006360-0,trunk,3.4037275115157803,1.0,1.0,-0.9576384498386243,0.28797326158981595,2.0,0.0,0.0,0.0,99.0
osm-1139156749-5492419221-0,trunk,4.1768150895856815,1.0,1.0005883940139746,-0.837277114721355,0.5467787789992246,3.0,0.0,0.0,0.0,99.0
osm-1150900577-12825987637-0,trunk,3.9462891572957655,1.0,1.0000522992982561,0.5601716153029169,0.8283765818810434,4.0,0.0,0.0,0.0,99.0
osm-1161321036-316374594-0,primary,3.422175788047347,1.0,1.0000051053818642,0.04886767801649985,0.998805261322384,3.0,0.0,0.0,0.0,99.0
osm-1163404589-7156322369-0,primary,5.311154615349529,1.0,1.0000181021215877,0.053032098339610534,0.9985928081784377,6.0,0.0,0.0,0.0,99.0
osm-1163404618-7120383655-0,primary,3.925827286404543,1.0,1.0,0.23224626110014104,-0.9726570177637157,2.0,0.0,0.0,0.0,99.0
osm-1163404654-316374585-0,primary,3.7222900519581725,1.0,1.0,0.9973310955684133,0.07301154574660416,2.0,0.0,0.0,0.0,99.0
osm-1173954328-1174754069-0,secondary,4.492471702062477,1.0,1.000000013120227,0.9652221744281347,0.2614309736665175,3.0,0.0,0.0,0.0,99.0
osm-1173954346-13653307691-0,secondary,4.616703421801764,1.0,1.0000223612379138,0.959515283001762,0.28165656691447566,4.0,0.0,0.0,0.0,99.0
osm-1174754069-29939144-0,secondary,3.9287621214324226,1.0,1.0,0.947072312564034,0.3210203027451888,2.0,0.0,0.0,0.0,99.0
osm-1174777687-5065375426-0,secondary,4.909274177576575,1.0,1.0000897969041338,0.960326402089222,0.27887847075450223,9.0,0.0,0.0,0.0,99.0
osm-1249723074-7225096520-0,primary,3.1374488261724713,1.0,1.0001355502923306,0.9604453164648423,0.27846865906372464,3.0,0.0,0.0,0.0,99.0
osm-1273189607-4566501796-0,primary,3.9691591967989552,1.0,1.0199869607162004,-0.4361548270150399,0.8998716391083122,8.0,0.0,0.0,0.0,99.0
osm-1275851646-104379024-0,primary,4.590959693518976,1.0,1.0000271242822771,0.39565604086032874,-0.9183987681452593,5.0,0.0,0.0,0.0,99.0
osm-1311842311-9028008487-0,primary,4.346269914961763,1.0,1.0000146049946677,-0.9944790331639841,0.1049354687282968,5.0,0.0,0.0,0.0,99.0
osm-1315069362-9685151096-0,primary,3.8140573028421647,1.0,1.0000058932957552,-0.9939195838918228,0.11010840456707152,3.0,0.0,0.0,0.0,99.0
osm-1320273025-6604587143-0,primary,4.670611424553654,1.0,1.0000202970417973,-0.9987310718272744,0.050361157321329,5.0,0.0,0.0,0.0,99.0
osm-1321228510-317196043-0,residential,2.3995302990505247,0.0,1.0,0.15557391528793502,-0.9878242540462258,2.0,0.0,0.0,0.0,99.0
osm-1321228541-1336909413-0,primary,5.452732297172263,1.0,1.00072543713688,0.9751706554140709,0.22145471956878984,9.0,0.0,0.0,0.0,99.0
osm-1321228560-1373715020-0,primary,5.002293934820492,1.0,1.0037922833741069,0.986920502828465,0.16120769552601963,8.0,0.0,0.0,0.0,99.0
osm-1321228566-302230530-0,primary,3.9904829226880105,1.0,1.000020217848989,0.17492931528505906,0.9845809944610451,3.0,0.0,0.0,0.0,99.0
osm-1321228575-1334087900-0,primary,4.811972950914249,1.0,1.001406947685784,-0.864330143187872,0.5029248488361184,6.0,0.0,0.0,0.0,99.0
osm-1321537155-1321537157-0,primary,2.741033553584225,1.0,1.0,-0.9999423943230641,-0.010733500615260471,2.0,0.0,0.0,0.0,99.0
osm-1321537157-5078382203-0,primary,2.962072072061356,1.0,1.0,-0.9999998161678294,-0.0006063532859375229,2.0,0.0,0.0,0.0,99.0
osm-1325257182-316742986-0,trunk,5.187631585690279,1.0,1.0,-0.04302593811645171,0.9990739555454338,2.0,0.0,0.0,0.0,99.0
osm-1330696490-1337745188-0,primary,4.6336896133151635,1.0,1.0000504766133311,0.08972361648083166,0.9959667025787562,3.0,0.0,0.0,0.0,99.0
osm-1334087900-7027128992-0,primary,3.289856053585248,1.0,1.0,-0.8833935509308968,0.46863187490150626,2.0,0.0,0.0,0.0,99.0
osm-1334087929-1321228575-0,primary,5.948802318728902,1.0,1.008447917077067,-0.9506664354902497,0.3102149713219255,20.0,0.0,0.0,0.0,99.0
osm-1336909413-1321228560-0,primary,2.7322223530731953,1.0,1.0,0.980950263716076,0.1942590541399835,2.0,0.0,0.0,0.0,99.0
osm-1337745188-326484370-0,primary,6.284462465381998,1.0,1.0035562931630668,0.04560293346027497,0.998959645060709,14.0,0.0,0.0,0.0,99.0
osm-1342878909-6434923286-0,trunk,4.1649117493791215,1.0,1.0026496293722686,0.9827323959254086,0.18503253227123562,4.0,0.0,0.0,0.0,99.0
osm-1342878927-7516900856-0,trunk,5.473106458759575,1.0,1.0007089266227154,0.8891226978226673,-0.45766890676180083,4.0,0.0,0.0,0.0,99.0
osm-1342878941-7149726253-0,trunk,4.079856786049404,1.0,1.0,0.9870718138661441,-0.16027861451547518,2.0,0.0,0.0,0.0,99.0
osm-1342878941-11501464546-0,primary,1.6663851928758506,1.0,1.0,-0.1030097853374839,-0.9946803426853903,2.0,0.0,0.0,0.0,99.0
osm-1342878987-7105384963-0,trunk,3.593304239190907,1.0,1.0004381283379127,0.9431806719532554,-0.3322803335345106,5.0,0.0,0.0,0.0,99.0
osm-1342878998-330409714-0,service,5.254240079307109,0.0,1.019933054151382,0.3687999045294878,0.9295088113724586,6.0,0.0,0.0,0.0,99.0
osm-1342879000-4822315952-0,trunk,2.600167990123089,1.0,1.0,0.9976385829601623,-0.06868229603936775,2.0,0.0,0.0,0.0,99.0
osm-1342879017-1342878987-0,trunk,4.552496992609272,1.0,1.0009509883261785,0.9971525618035572,-0.07541066561570171,4.0,0.0,0.0,0.0,99.0
osm-1345781623-12504052406-0,primary,5.204517545577358,1.0,1.0067926820398276,-0.998017811691199,-0.06293208678496556,8.0,0.0,0.0,0.0,99.0
osm-1351484887-13657075638-0,primary,4.372355014977151,1.0,1.001841562493309,0.3675204342100095,-0.9300154463438153,6.0,0.0,0.0,0.0,99.0
osm-1359134207-2379121074-0,primary,2.749703849702322,1.0,1.0002496055668721,0.056650447468410435,0.9983940739014975,4.0,0.0,0.0,0.0,99.0
osm-1359134207-2379121077-0,primary_link,3.1550410560388724,1.0,1.0,-0.7576334619909748,0.6526802718571859,2.0,0.0,0.0,0.0,99.0
osm-1359134222-1330696490-0,primary,4.503724220692856,1.0,1.0007747228955954,0.09520842650081912,0.9954573599724089,5.0,0.0,0.0,0.0,99.0
osm-1362598302-4926601878-0,primary,4.390180798929751,1.0,1.0026871151042198,-0.9621097255905521,-0.2726625678821218,5.0,0.0,0.0,0.0,99.0
osm-1362598310-1362598302-0,primary,2.7498317351171653,1.0,1.0,-0.9944914275655647,0.1048179397746644,2.0,0.0,0.0,0.0,99.0
osm-1363190326-4529694108-0,primary,4.216739170435707,1.0,1.0,-0.046657631285469355,-0.9989109396952409,2.0,0.0,0.0,0.0,99.0
osm-1373715020-1373715051-0,primary,5.134032172240181,1.0,1.0001886951183265,0.9990327596708045,0.04397209461165851,7.0,0.0,0.0,0.0,99.0
osm-1373715051-9037288082-0,primary,3.55936853995222,1.0,1.000000533177366,0.9991709154533698,0.040712181372103536,3.0,0.0,0.0,0.0,99.0
osm-1376428022-7029385572-0,trunk_link,3.319263998899469,1.0,1.0021025206041085,-0.8224373976566641,-0.5688556292555556,3.0,0.0,0.0,0.0,99.0
osm-1417312748-4548266267-0,trunk,5.274664837882808,1.0,1.0000122717634543,0.9341234889569868,-0.3569500068340469,4.0,0.0,0.0,0.0,99.0
osm-1417319126-7117458776-0,trunk,3.449892303200914,1.0,1.0006523259928544,0.9499809016302335,-0.3123079994777729,3.0,0.0,0.0,0.0,99.0
osm-1420142081-5379768929-0,residential,3.1375789977822275,0.0,1.0,0.5104586581085343,0.8599022958232141,2.0,0.0,0.0,0.0,99.0
osm-1423006391-328336623-0,trunk,5.836654066326606,1.0,1.0008294561357027,0.8613889088418423,-0.5079460086704692,18.0,0.0,0.0,0.0,99.0
osm-1663918523-191506029-0,secondary,4.331548797184644,1.0,1.0001559757924599,0.9882641384966653,-0.1527546809804663,4.0,0.0,0.0,0.0,99.0
osm-1675425882-13606201442-0,primary,3.934371409091908,1.0,1.0,0.25097049725108195,-0.9679947363026024,2.0,0.0,0.0,0.0,99.0
osm-1675426142-13606278105-0,primary,3.418316673469544,1.0,1.0,0.2430709503819524,-0.9700085118597745,2.0,0.0,0.0,0.0,99.0
osm-1675426257-13663493364-0,primary,3.809813077009565,1.0,1.0000084305913655,0.24970133769478986,-0.9683229016983087,3.0,0.0,0.0,0.0,99.0
osm-1675426300-13606475672-0,primary,3.385914524797638,1.0,1.0,0.24322439659780767,-0.9699700474239564,2.0,0.0,0.0,0.0,99.0
osm-1675426459-13664998461-0,primary,3.656743584083866,1.0,1.0,0.24521645553942215,-0.969468354270877,2.0,0.0,0.0,0.0,99.0
osm-1675488274-316374560-0,primary,4.374334626888507,1.0,1.0004150966157992,-0.9911577277520747,-0.1326889547676978,4.0,0.0,0.0,0.0,99.0
osm-1682808537-8555984047-0,primary,4.0261549394730585,1.0,1.0000011911189184,0.37996153539443084,-0.925002287359716,3.0,0.0,0.0,0.0,99.0
osm-1682844228-5647102762-0,primary,5.423459921054808,1.0,1.0018580178761523,0.17162748905644282,0.9851619181638014,15.0,0.0,0.0,0.0,99.0
osm-1682844563-326484330-0,primary,5.349433395224949,1.0,1.000099771090271,0.009604717112608421,0.9999538736407729,8.0,0.0,0.0,0.0,99.0
osm-1695811540-4778418534-0,residential,5.0183190317641,0.0,1.0313534308221202,0.9804864011748039,0.19658691999032268,13.0,0.0,0.0,0.0,99.0
osm-1695811568-9118916175-0,residential,2.3477496449484194,0.0,1.0,0.995346182211486,0.09636377720398585,2.0,0.0,0.0,0.0,99.0
osm-1696170853-5374804755-0,primary,4.656347973705003,1.0,1.0000195768435338,-0.9934904275240599,0.1139156285066306,3.0,0.0,0.0,0.0,99.0
osm-1709500939-326484165-0,primary,5.700520493509181,1.0,1.0091096642731903,-0.1733035660429835,0.9848684551739817,18.0,0.0,0.0,0.0,99.0
osm-1757800736-1757800861-0,trunk,3.243841570885949,1.0,1.0,-0.3500714890534121,0.9367229860273136,2.0,0.0,0.0,0.0,99.0
osm-1757800787-3723599609-0,motorway,4.727777123454389,1.0,1.0000138895739061,0.025357074597085798,-0.9996784576892102,4.0,0.0,0.0,0.0,99.0
osm-1757800816-1757800865-0,trunk,3.630084407603431,1.0,1.0005801893546513,-0.3000578042590323,0.9539210208938936,3.0,0.0,0.0,0.0,99.0
osm-1757800817-1757800859-0,motorway_link,4.4625576846273765,1.0,1.0223830276683419,0.47090276029008415,0.8821851224948081,6.0,0.0,0.0,0.0,99.0
osm-1757800817-9664769720-0,motorway_link,3.080073421987742,1.0,1.0,0.579904511975745,0.8146844524048394,2.0,0.0,0.0,0.0,99.0
osm-1757800846-7082864214-0,motorway_link,4.286203823496544,1.0,1.0054811454250179,0.9068795412527081,0.4213899591320107,5.0,0.0,0.0,0.0,99.0
osm-1757800859-1757800846-0,motorway_link,3.2741969964561624,1.0,1.0,0.5509511147733653,0.8345375181080752,2.0,0.0,0.0,0.0,99.0
osm-1757800861-6776762981-0,primary,2.8662498157757548,1.0,1.0,0.8759193519782027,0.4824575513245548,2.0,0.0,0.0,0.0,99.0
osm-1757800861-7082864214-0,trunk,2.8380252775239554,1.0,1.0,-0.41931787454976616,0.9078394792489841,2.0,0.0,0.0,0.0,99.0
osm-1757800865-9009175767-0,trunk,1.9616428809013808,1.0,1.0,-0.31837253959011086,0.9479656776671523,2.0,0.0,0.0,0.0,99.0
osm-1782804895-309824120-0,motorway,7.353320200900831,1.0,1.0015392497602402,-0.8348518018198204,0.550474766904169,11.0,0.0,0.0,0.0,99.0
osm-1782804903-1782804895-0,motorway,6.514054696664036,1.0,1.000114331981392,-0.9704993511947945,0.24110373147357736,5.0,0.0,0.0,0.0,99.0
osm-1783134145-6336788292-0,primary,3.753191387082347,1.0,1.0,0.2298101511936713,-0.9732354773683202,2.0,0.0,0.0,0.0,99.0
osm-1993475640-6429880632-0,motorway_link,5.92958116463466,1.0,1.000685301539438,-0.9995805585808222,0.02896043693129476,7.0,0.0,0.0,0.0,99.0
osm-2019635436-13772607355-0,primary,3.5440848692107028,1.0,1.000179059713933,-0.4871996872435133,-0.8732905958212437,3.0,0.0,0.0,0.0,99.0
osm-2032758147-29939211-0,primary,3.0118024537314856,1.0,1.0000002933190388,0.20766863457689994,-0.9781992323718957,4.0,0.0,0.0,0.0,99.0
osm-2032872437-29939141-0,secondary,3.3937362834305347,1.0,1.0000000616759213,0.9646521765085012,0.2635264281953737,3.0,0.0,0.0,0.0,99.0
osm-2209098563-6459032697-0,secondary,4.963005456487515,1.0,1.0000000003318454,0.8329291847212156,-0.5533795923592152,3.0,0.0,0.0,0.0,99.0
osm-2210464501-315712058-0,primary,3.717078108472615,1.0,1.0003207069183955,0.2749338626963162,-0.96146314081346,3.0,0.0,0.0,0.0,99.0
osm-2363808979-7120370231-0,primary,3.5695608650987154,1.0,1.0000589639800592,0.272701077086324,-0.9620988112226097,3.0,0.0,0.0,0.0,99.0
osm-2379121074-7039275702-0,primary,2.623435948712302,1.0,1.0,0.052749511801954745,0.9986077753576003,2.0,0.0,0.0,0.0,99.0
osm-2379121077-7039275702-0,primary_link,3.15546733167515,1.0,1.0,0.8242227560606361,0.5662657047639467,2.0,0.0,0.0,0.0,99.0
osm-2399364732-11299364779-0,trunk,4.173586949724868,1.0,1.0000000104559519,0.9948837040985459,-0.1010268049537201,3.0,0.0,0.0,0.0,99.0
osm-2400147489-7246473924-0,primary,4.625600067499599,1.0,1.0131189919777792,0.1056058583381234,-0.9944080664820998,7.0,0.0,0.0,0.0,99.0
osm-2415521692-1150900577-0,trunk,4.473054933021445,1.0,1.0003357546030303,0.5756440137347888,0.8177004154647973,3.0,0.0,0.0,0.0,99.0
osm-2415521737-4466384617-0,trunk_link,4.384648195378833,1.0,1.0180207635616676,0.943286903028914,0.3319786417438932,8.0,0.0,0.0,0.0,99.0
osm-2415817217-454066598-0,motorway_link,5.9564382251843035,1.0,1.0265645080970016,0.4391394671837604,0.8984189047218246,8.0,0.0,0.0,0.0,99.0
osm-2415823492-5668231819-0,motorway,7.89533358084098,1.0,1.0041995339913126,0.09852998796327707,0.9951340821577545,25.0,0.0,0.0,0.0,99.0
osm-2516439291-316395244-0,primary,4.369713639927215,1.0,1.000000006472979,0.9989529696729298,-0.0457489276555694,4.0,0.0,0.0,0.0,99.0
osm-2516439291-2415521737-0,trunk_link,3.314295089631636,1.0,1.0,0.9598015213791729,0.28067960303204287,2.0,0.0,0.0,0.0,99.0
osm-2589974180-5334300227-0,tertiary,4.780827922099781,0.0,1.0002358674482583,0.9990911740070257,0.04262424217816582,4.0,0.0,0.0,0.0,99.0
osm-2589977444-2589977470-0,primary,4.088896414648374,1.0,1.0,-0.9919060165050417,-0.12697422738926106,2.0,0.0,0.0,0.0,99.0
osm-2589977470-5388329052-0,primary,5.445611738378799,1.0,1.0000154360611295,-0.9933616076301106,-0.11503354504892149,3.0,0.0,0.0,0.0,99.0
osm-2821400645-5671270622-0,primary,4.116709264077579,1.0,1.0,0.22162893474026846,-0.9751310759512763,2.0,0.0,0.0,0.0,99.0
osm-2836706754-13030921685-0,residential,3.880119456415138,1.0,1.0,0.515126457355686,0.8571141889691132,2.0,0.0,0.0,0.0,99.0
osm-2836706756-4696797079-0,residential,2.4108114980649167,1.0,1.0,-0.5111848623330819,-0.8594707886376989,2.0,0.0,0.0,0.0,99.0
osm-2836706758-2836737300-0,service,3.190147078035329,1.0,1.0000764655452186,-0.8596626816406715,0.5108620888208182,5.0,0.0,0.0,0.0,99.0
osm-2836737300-5379768936-0,residential,3.779976224507814,0.0,1.0003386574395376,-0.5220313388837766,-0.8529263046847667,5.0,0.0,0.0,0.0,99.0
osm-2872136862-1275851646-0,primary,4.581195065938376,1.0,1.0031303324922975,0.3079869972297883,-0.9513905662436318,6.0,0.0,0.0,0.0,99.0
osm-2882028353-6347347053-0,secondary,2.4913856158857093,1.0,1.0,0.860236067934906,-0.5098959770618825,2.0,0.0,0.0,0.0,99.0
osm-3266324655-9697006214-0,primary,6.041748832617243,1.0,1.0575122630288964,0.9983047877446676,0.058202669750401066,14.0,0.0,0.0,0.0,99.0
osm-3266332372-3266324655-0,primary,3.247735353548754,1.0,1.0,0.585538438463741,-0.8106446429117039,2.0,0.0,0.0,0.0,99.0
osm-3266396596-5671006753-0,trunk,4.28040910529489,1.0,1.0003594425495008,0.09853128604475642,-0.9951339536315532,3.0,0.0,0.0,0.0,99.0
osm-3266396597-6451233565-0,trunk,3.5758227318216393,1.0,1.0006308946550462,-0.606224056603924,0.7952939036574356,4.0,0.0,0.0,0.0,99.0
osm-3266396608-9471064862-0,primary,3.343179775292582,1.0,1.0,0.9079929184827523,0.41898551285834923,2.0,0.0,0.0,0.0,99.0
osm-3415432182-11039838816-0,primary,5.084697074706974,1.0,1.0025821119691052,0.8942450988452455,-0.44757759460372576,5.0,0.0,0.0,0.0,99.0
osm-3507031383-310008087-0,primary,3.838139623436781,1.0,1.0000000052158342,0.7792543426447416,0.6267078023044803,3.0,0.0,0.0,0.0,99.0
osm-3507893559-3507031383-0,primary,3.552429520976038,1.0,1.000000000247583,0.7595279388246083,0.6504746806331835,3.0,0.0,0.0,0.0,99.0
osm-3709514014-3709514015-0,secondary,3.9240503856408644,1.0,1.0,0.8328803086990251,-0.5534531519301491,2.0,0.0,0.0,0.0,99.0
osm-3709514015-3709514017-0,secondary,4.320603256436455,1.0,1.0000000408830583,0.8329658642620323,-0.5533243795227222,5.0,0.0,0.0,0.0,99.0
osm-3709514017-3709514018-0,secondary,3.81025602528045,1.0,1.0,0.8328935921049803,-0.5534331614842597,2.0,0.0,0.0,0.0,99.0
osm-3709514018-7112944949-0,secondary,3.3359474964540383,1.0,1.0,0.8329044767767392,-0.5534167801623532,2.0,0.0,0.0,0.0,99.0
osm-3723599608-309880841-0,motorway,6.848895536349823,1.0,1.0039793073760697,0.6256360326111021,-0.7801150906748567,26.0,0.0,0.0,0.0,99.0
osm-3723599609-7070168315-0,motorway,5.302782383507195,1.0,1.000004709476268,0.03932041696528365,-0.9992266533723348,3.0,0.0,0.0,0.0,99.0
osm-3723599610-3723599621-0,motorway_link,5.223071054423455,1.0,1.0067824982539455,-0.11051029374648356,0.9938749795502781,9.0,0.0,0.0,0.0,99.0
osm-3723599620-5372153155-0,trunk,3.810322450601807,1.0,1.0,0.058571868365236514,-0.9982831944073812,2.0,0.0,0.0,0.0,99.0
osm-3723599621-4859114434-0,trunk,2.8548597146725756,1.0,1.0,-0.04253972738212964,0.9990947760819562,2.0,0.0,0.0,0.0,99.0
osm-3723634710-4152867179-0,motorway_link,6.042787216064096,1.0,1.0066899501218436,0.2594733464425413,-0.96575026921348,12.0,0.0,0.0,0.0,99.0
osm-3723634711-8132787924-0,motorway,7.161006608036856,1.0,1.0000000501161164,0.04179643771404178,-0.9991261470877519,3.0,0.0,0.0,0.0,99.0
osm-3723635038-3723635056-0,motorway_link,6.249795689461307,1.0,1.0088411696255235,0.042739618727688305,-0.9990862450214255,14.0,0.0,0.0,0.0,99.0
osm-3723635056-3723634711-0,motorway,5.9232660029167,1.0,1.001726801277876,0.07274698428297074,-0.9973504280230361,6.0,0.0,0.0,0.0,99.0
osm-3723635058-2415823492-0,motorway,5.804363587140702,1.0,1.0030127141920047,-0.14307800312571423,0.9897114150203372,6.0,0.0,0.0,0.0,99.0
osm-3763648673-328965954-0,primary,3.1609076715129754,1.0,1.0000001913298195,-0.9987141983557828,-0.05069467430180605,3.0,0.0,0.0,0.0,99.0
osm-3869782797-13453045134-0,primary,4.353614299987187,1.0,1.0,0.9981912763481949,0.060118015788627154,2.0,0.0,0.0,0.0,99.0
osm-3981137758-8995440646-0,primary,1.3825373122421782,1.0,1.0,0.9963222085833072,0.08568580211260654,2.0,0.0,0.0,0.0,99.0
osm-4152867155-317190987-0,primary,4.7850387366209794,1.0,1.002174255385542,-0.9999559350801687,-0.009387646027919366,4.0,0.0,0.0,0.0,99.0
osm-4152867163-6430860592-0,trunk_link,3.8604349307550505,1.0,1.0010059668730484,0.9990184068384477,-0.04429698407306969,4.0,0.0,0.0,0.0,99.0
osm-4152867172-4152867155-0,primary,6.338541073264877,1.0,1.006669113520268,-0.9999879282543753,-0.004913587846202227,16.0,0.0,0.0,0.0,99.0
osm-4152867179-6331233983-0,trunk,3.0744048122052927,1.0,1.0,0.2581727216686433,-0.9660987764127461,2.0,0.0,0.0,0.0,99.0
osm-4152867689-4914353893-0,trunk,4.1956970564823886,1.0,1.0019552746569398,-0.1583389572653174,-0.9873848158707587,4.0,0.0,0.0,0.0,99.0
osm-4235574904-4235574906-0,primary,4.273243602214725,1.0,1.0,0.9994552484658524,0.03300312582258285,2.0,0.0,0.0,0.0,99.0
osm-4235574906-5377177680-0,primary,5.125534174572777,1.0,1.0031904500547726,0.9981567397232969,0.06068873820535787,5.0,0.0,0.0,0.0,99.0
osm-4258201115-3415432182-0,primary,3.8257459042465864,1.0,1.0,0.9101073851094523,-0.4143724744348194,2.0,0.0,0.0,0.0,99.0
osm-4260761277-11899737707-0,primary,2.8886480509443166,1.0,1.000059339661505,-0.07166252894209178,-0.9974289357872188,3.0,0.0,0.0,0.0,99.0
osm-4269900330-11350075105-0,secondary,2.9281491222301947,1.0,1.0,0.9947390656905458,-0.1024411596434755,2.0,0.0,0.0,0.0,99.0
osm-4404259357-4556570177-0,trunk,4.545494488800236,1.0,1.0000412190138614,0.568452659908408,-0.8227159737376295,5.0,0.0,0.0,0.0,99.0
osm-4466078450-315684305-0,primary,2.1021810286493254,1.0,1.0,0.6571040431072936,0.7537998915707325,2.0,0.0,0.0,0.0,99.0
osm-4466384616-328320081-0,trunk,3.277748324379145,1.0,1.0000174652479337,0.9752862227205384,-0.22094520535984558,4.0,0.0,0.0,0.0,99.0
osm-4466384617-5466187936-0,trunk,5.460168323001483,1.0,1.0000289434576226,0.5403648605655277,0.8414308156146872,4.0,0.0,0.0,0.0,99.0
osm-4476152430-4546109600-0,primary,3.3369432645223776,1.0,1.0000170023118358,0.9978208326654213,0.06598170882059079,4.0,0.0,0.0,0.0,99.0
osm-4488259486-4476152430-0,primary,3.4538530808879533,1.0,1.0000318468007703,0.9996581511148595,0.026145380273019284,4.0,0.0,0.0,0.0,99.0
osm-4499976535-4499997606-0,primary,4.292799167605883,1.0,1.000118452117961,0.21982277541125048,-0.9755398235902494,4.0,0.0,0.0,0.0,99.0
osm-4499997606-8208701324-0,primary,1.7830550285979088,1.0,1.0,0.23013407077802378,-0.9731589333028473,2.0,0.0,0.0,0.0,99.0
osm-4502070108-5436662071-0,secondary,4.432208686860458,1.0,1.0001389039844695,-0.9353334514677856,0.35376734525017955,3.0,0.0,0.0,0.0,99.0
osm-4502070116-7104997606-0,secondary,1.7451918334117202,1.0,1.0,0.8747377232168841,-0.4845966524660914,2.0,0.0,0.0,0.0,99.0
osm-4502213975-4502213976-0,secondary_link,2.835211346718889,1.0,1.3039976755528098,0.24185641751128778,0.9703120494503846,6.0,0.0,0.0,0.0,99.0
osm-4502213976-9699963783-0,secondary,3.6269242599786353,1.0,1.0,0.9709150730762005,-0.23942414429926687,2.0,0.0,0.0,0.0,99.0
osm-4502213977-4502213979-0,secondary,3.492773325149365,1.0,1.0,0.8652983760232369,-0.5012571400504425,2.0,0.0,0.0,0.0,99.0
osm-4502213979-4502214206-0,secondary,5.007276325739766,1.0,1.0000063769322771,0.8668144874346286,-0.4986307695815031,4.0,0.0,0.0,0.0,99.0
osm-4502214206-4502214225-0,secondary,2.0405707672908426,1.0,1.0,0.8470848896256049,-0.5314576086274208,2.0,0.0,0.0,0.0,99.0
osm-4502214222-4502214223-0,secondary,2.169396498750301,1.0,1.0,0.8598349192869077,-0.5105721414010728,2.0,0.0,0.0,0.0,99.0
osm-4502214223-7096117327-0,secondary,2.651338746184768,1.0,1.0,0.8719613079359885,-0.4895747925113795,2.0,0.0,0.0,0.0,99.0
osm-4502214225-4502214222-0,secondary,4.173340568448599,1.0,1.0,0.8577119355148528,-0.5141305628683875,2.0,0.0,0.0,0.0,99.0
osm-4504091329-7241544817-0,primary,2.6361960973342264,1.0,1.0,-0.9996904050975447,-0.024881598740975827,2.0,0.0,0.0,0.0,99.0
osm-4505735373-1163404654-0,primary,2.347367235765939,1.0,1.0,0.9982008170672356,0.05995939297810817,2.0,0.0,0.0,0.0,99.0
osm-4507955830-4507955831-0,primary_link,3.9477568773792573,1.0,1.6961173571877741,0.31764925390690973,0.9482082848680365,8.0,0.0,0.0,0.0,99.0
osm-4507955831-5205645925-0,primary,4.267120706172524,1.0,1.0,0.9501337979534512,-0.3118425339599304,2.0,0.0,0.0,0.0,99.0
osm-4507989466-10090309233-0,primary,4.112168108245224,1.0,1.0000001531384155,0.9659460973331114,-0.2587433806823496,4.0,0.0,0.0,0.0,99.0
osm-4529694108-317157768-0,primary,6.348077239109103,1.0,1.004844243687298,0.20953820801702955,-0.9778004599001844,14.0,0.0,0.0,0.0,99.0
osm-4541302315-6332686268-0,primary,4.3859190493892255,1.0,1.0104813282034526,-0.36560692225726804,-0.9307693475816488,4.0,0.0,0.0,0.0,99.0
osm-4546076824-186669834-0,primary,4.218507204842523,0.0,1.0000062662944085,0.9979310556175733,0.06429314297804749,3.0,0.0,0.0,0.0,99.0
osm-4546100816-9144167875-0,primary,5.699630533933563,1.0,1.004003725778611,0.9733794886004439,-0.2291994135505985,8.0,0.0,0.0,0.0,99.0
osm-4546109600-7062375566-0,primary,3.318757358277768,1.0,1.0282856255871955,0.9934547219851734,-0.11422659657611238,3.0,0.0,0.0,0.0,99.0
osm-4548266264-1342879017-0,trunk,5.148552056913305,1.0,1.0024009988939502,0.8950202694876556,-0.4460254669929112,8.0,0.0,0.0,0.0,99.0
osm-4548266267-9527050428-0,trunk,4.2871526097401915,1.0,1.0000026482457762,0.9337399618696323,-0.35795206886914027,3.0,0.0,0.0,0.0,99.0
osm-4548266741-1163404589-0,primary,4.01924378971285,1.0,1.0000000913982396,0.015573565061328582,0.9998787246817888,3.0,0.0,0.0,0.0,99.0
osm-4548266748-6459323552-0,primary,6.920264708784175,1.0,1.0018420941978758,0.9947587404770682,0.10224993029081582,17.0,0.0,0.0,0.0,99.0
osm-4548266763-12745135294-0,primary,2.6438316287755588,1.0,1.0,0.9652745221619519,0.2612376252858983,2.0,0.0,0.0,0.0,99.0
osm-4548266767-5374282155-0,primary,4.475642197607591,1.0,1.0040356009039604,0.9080162584408086,0.4189349286072417,5.0,0.0,0.0,0.0,99.0
osm-4548266823-5013211786-0,secondary,5.012985862677439,1.0,1.0015320545364321,0.973005967030214,-0.2307799560698415,4.0,0.0,0.0,0.0,99.0
osm-4548267014-4548267015-0,trunk,5.345334531311093,1.0,1.0014515722883783,0.9929101317738043,-0.11886744811312604,7.0,0.0,0.0,0.0,99.0
osm-4548267015-1417319126-0,trunk,3.505617455242925,1.0,1.0000195411826374,0.9647946263360871,-0.26300442770609384,3.0,0.0,0.0,0.0,99.0
osm-4551137763-7140161059-0,trunk,4.514895307748306,1.0,1.00000000124711,0.9954073097076306,-0.09573028664230095,3.0,0.0,0.0,0.0,99.0
osm-4551163746-4551163784-0,primary_link,4.399350702682076,1.0,1.0167247370342225,-0.9984405460284855,-0.055825406817502955,7.0,0.0,0.0,0.0,99.0
osm-4551163746-5506920811-0,primary,2.4496248356433603,1.0,1.0050459239196863,-0.5762933135890884,0.8172429361655619,3.0,0.0,0.0,0.0,99.0
osm-4551163784-4551163787-0,motorway_link,4.6359418446548455,1.0,1.1719757199274126,0.950709152715574,-0.31008403206685037,11.0,0.0,0.0,0.0,99.0
osm-4551163787-332526386-0,motorway_link,3.9652983342870063,1.0,1.000009482746138,0.9831304226188506,-0.1829059105695609,3.0,0.0,0.0,0.0,99.0
osm-4556570177-9531434128-0,service,3.3457199071928683,0.0,1.0000878190676918,0.8325314259470364,0.5539778197821589,4.0,0.0,0.0,0.0,99.0
osm-4564612508-1363190326-0,primary,3.9228442440597293,1.0,1.0001561156149648,-0.019860828169999584,-0.9998027542992677,3.0,0.0,0.0,0.0,99.0
osm-4564847177-4871926648-0,primary,2.9302866744789218,1.0,1.0,0.9593617149849549,-0.2821791980659207,2.0,0.0,0.0,0.0,99.0
osm-4564851111-4564851115-0,primary,3.748774398015474,1.0,1.0,0.966014363075075,-0.25848839496708,2.0,0.0,0.0,0.0,99.0
osm-4564851115-4564847177-0,primary,2.928576998366583,1.0,1.0,0.9573387113731437,-0.28896814998613346,2.0,0.0,0.0,0.0,99.0
osm-4566501487-6334659081-0,secondary,5.071059111439096,1.0,1.0000155321370563,0.785472025295012,-0.6188971622805779,4.0,0.0,0.0,0.0,99.0
osm-4566501796-6334537720-0,primary,3.4726494490687947,1.0,1.0,-0.17810271092569865,0.98401190255043,2.0,0.0,0.0,0.0,99.0
osm-4566501805-4566501808-0,primary,4.834637698838989,1.0,1.0,-0.17832943975782975,0.983970838447796,2.0,0.0,0.0,0.0,99.0
osm-4566501806-4566501807-0,secondary,4.402331586764226,1.0,1.0,-0.17369552860020002,0.9847994025913588,2.0,0.0,0.0,0.0,99.0
osm-4566501807-4566501808-0,primary_link,3.2727956668576312,1.0,1.0,0.2403961881042464,0.9706748542869275,2.0,0.0,0.0,0.0,99.0
osm-4566501808-4566501816-0,primary,3.960794121797122,1.0,1.0001625305616744,-0.23853651533711612,0.9711335288469993,3.0,0.0,0.0,0.0,99.0
osm-4566501813-4566501888-0,primary,4.476586533087502,1.0,1.0001454706055266,0.1962500883341111,-0.980553875536094,3.0,0.0,0.0,0.0,99.0
osm-4566501816-4566501813-0,primary_link,3.492560387676128,1.0,1.409813723248353,0.9971640536120486,0.07525855555342073,8.0,0.0,0.0,0.0,99.0
osm-4621777203-6135130582-0,primary,4.33337458596607,1.0,1.0,0.4818632978412231,-0.8762464049532989,2.0,0.0,0.0,0.0,99.0
osm-4637530511-4637530516-0,primary,2.247600784661286,1.0,1.0,0.46231215359820005,-0.8867172450310157,2.0,0.0,0.0,0.0,99.0
osm-4637530516-4621777203-0,primary,2.7617805235231776,1.0,1.0,0.4614808089683722,-0.8871501918806628,2.0,0.0,0.0,0.0,99.0
osm-4658384434-8502330159-0,primary,3.440866712120362,1.0,1.0053522232041825,-0.8176506860334526,0.5757146477457598,3.0,0.0,0.0,0.0,99.0
osm-4666245577-4800316715-0,residential,4.698633206297795,0.0,1.0000702635714602,-0.030685241033302856,0.9995290971166012,4.0,0.0,0.0,0.0,99.0
osm-4666246415-4666245577-0,residential,3.442083374134498,0.0,1.0,-0.999705699134469,-0.024259330536154148,2.0,0.0,0.0,0.0,99.0
osm-4666246417-4666246415-0,residential,4.536580804516666,0.0,1.0000761370594367,-0.024294130252401652,0.9997048540620773,4.0,0.0,0.0,0.0,99.0
osm-4696797079-2836706758-0,residential,4.076469076794594,1.0,1.0000179339998183,-0.4997588176451817,-0.8661646057106525,4.0,0.0,0.0,0.0,99.0
osm-4746451654-1133676112-0,primary,2.1684821084705654,1.0,1.0,-0.9961580276842414,0.08757387669985923,2.0,0.0,0.0,0.0,99.0
osm-4746451654-7152827727-0,tertiary,4.648057246790469,1.0,1.0140845679840613,-0.12176497268812021,-0.9925589611837986,7.0,0.0,0.0,0.0,99.0
osm-4746451656-1134953472-0,tertiary,2.9137627106867403,0.0,1.0,0.6324109965157273,-0.7746330302059065,2.0,0.0,0.0,0.0,99.0
osm-4748308350-4800316715-0,tertiary,3.869199008237218,1.0,1.0,0.9963919981169881,0.08487040761323174,2.0,0.0,0.0,0.0,99.0
osm-4749962821-4258201115-0,primary,4.911109574710704,1.0,1.0250356246792671,0.668222032112155,-0.7439619048042057,10.0,0.0,0.0,0.0,99.0
osm-4750115938-5377076423-0,primary,3.5535464395427856,1.0,1.0,0.5006593971786175,-0.865644365785825,2.0,0.0,0.0,0.0,99.0
osm-4750115942-4750115943-0,primary,3.994321628149264,1.0,1.0000001208245999,0.48273211926168513,-0.8757680634923394,3.0,0.0,0.0,0.0,99.0
osm-4750115943-9013891776-0,primary,3.9520510848812185,1.0,1.0000293545125891,0.45179703629984813,-0.8921207530321631,4.0,0.0,0.0,0.0,99.0
osm-4750115944-9013891773-0,primary,1.852540941487914,1.0,1.0,0.46887459765753897,-0.8832647460821025,2.0,0.0,0.0,0.0,99.0
osm-4751894442-13827879018-0,primary,3.3690529061133656,1.0,1.000586528666466,0.41048195498652806,-0.9118687211602545,5.0,0.0,0.0,0.0,99.0
osm-4758805504-12484094370-0,primary,2.9862373389921895,1.0,1.0000142155420069,-0.9949379148338101,0.10049152017036099,3.0,0.0,0.0,0.0,99.0
osm-4758806028-7132187495-0,primary,3.292980939874984,1.0,1.0,-0.9053582497878537,-0.4246486071342684,2.0,0.0,0.0,0.0,99.0
osm-4776087428-104379022-0,primary,4.662183589314524,1.0,1.0000132004687388,0.10361709316922625,-0.9946172620677564,4.0,0.0,0.0,0.0,99.0
osm-4776087446-4776087428-0,primary,4.324649079177095,1.0,1.0000365052793851,0.10796322282898176,-0.9941548885945186,3.0,0.0,0.0,0.0,99.0
osm-4776087714-8562305801-0,tertiary,3.6995968174551317,0.0,1.0,0.9982450007352074,0.05921924102152778,2.0,0.0,0.0,0.0,99.0
osm-4776237951-6332607740-0,primary,3.7356676156126953,1.0,1.0,0.0645676044486757,-0.9979133351427665,2.0,0.0,0.0,0.0,99.0
osm-4776237952-9034273150-0,primary,3.730860776354038,1.0,1.0000058242598833,0.018189940527528932,-0.9998345493448428,3.0,0.0,0.0,0.0,99.0
osm-4776237953-4776237952-0,primary,3.8658952937843596,1.0,1.0,0.021045672464034805,-0.9997785153075338,2.0,0.0,0.0,0.0,99.0
osm-4776237954-352913456-0,primary,3.8519544789620266,1.0,1.000024217239921,0.2031649283534287,-0.9791445306425125,3.0,0.0,0.0,0.0,99.0
osm-4778418534-4798088843-0,residential,4.180262285835277,0.0,1.0090976855959837,0.2337183780500167,0.9723043349495412,6.0,0.0,0.0,0.0,99.0
osm-4780597176-5652849428-0,primary,3.285412348668445,1.0,1.0076480969786226,0.10826679147313806,-0.9941218747538513,3.0,0.0,0.0,0.0,99.0
osm-4780724425-9623003134-0,primary,4.976230167372078,1.0,1.0000000051320403,0.34623988802526756,-0.9381460120579579,3.0,0.0,0.0,0.0,99.0
osm-4785715143-308981968-0,tertiary,4.958457398037676,0.0,1.0231222382620226,0.994055066747,0.10887848398383114,8.0,0.0,0.0,0.0,99.0
osm-4785715146-308981969-0,tertiary,1.682688374173693,0.0,1.000000815360903,0.9994551942541426,-0.033004767510375586,3.0,0.0,0.0,0.0,99.0
osm-4787639954-13752868692-0,primary,4.681844148884168,1.0,1.01807426749942,-0.23997577239148227,-0.9707788773274332,7.0,0.0,0.0,0.0,99.0
osm-4790999401-13701804566-0,primary,5.142400127273058,1.0,1.0004951812846834,-0.9966267274531114,-0.08206805789161542,5.0,0.0,0.0,0.0,99.0
osm-4798088843-353136203-0,residential,4.905844986209445,0.0,1.0049004281360203,0.9947749737071527,-0.10209187864827257,8.0,0.0,0.0,0.0,99.0
osm-4798985491-5374644166-0,primary,2.991623845509448,1.0,1.0,-0.9052067145351543,-0.42497153311777436,2.0,0.0,0.0,0.0,99.0
osm-4800316713-5379957279-0,tertiary,4.410759853496754,1.0,1.0000000010335148,0.9997424324874868,-0.022695124674759433,3.0,0.0,0.0,0.0,99.0
osm-4800316715-5513076675-0,tertiary,2.2235418856535927,1.0,1.0,0.9993360913798368,0.03643317808907669,2.0,0.0,0.0,0.0,99.0
osm-4800528562-12744944224-0,primary,2.9376263521469586,1.0,1.0,0.9340508187037685,0.35714012387131716,2.0,0.0,0.0,0.0,99.0
osm-4800528564-4800528562-0,primary,4.455219009224588,1.0,1.0038401118319886,0.9640947296544855,0.26555856652054094,5.0,0.0,0.0,0.0,99.0
osm-4800795887-317182284-0,primary,4.203228862053543,1.0,1.0000333036750055,-0.9747263768037754,0.22340208227092356,3.0,0.0,0.0,0.0,99.0
osm-4804615989-11959843134-0,primary,3.964881074916325,1.0,1.0002548933787858,-0.8927352562316527,-0.4505815822700761,3.0,0.0,0.0,0.0,99.0
osm-4815227757-9533845672-0,tertiary,4.439835531348435,1.0,1.0,-0.9999998590123229,0.0005310134972542402,2.0,0.0,0.0,0.0,99.0
osm-4815227758-5379989630-0,tertiary,4.73625107858845,1.0,1.030980192363135,-0.7980531809280322,0.602587023101767,9.0,0.0,0.0,0.0,99.0
osm-4815227762-5379989631-0,tertiary,4.603358545958824,1.0,1.0105769620957092,-0.5343903759743582,0.8452377926157727,6.0,0.0,0.0,0.0,99.0
osm-4822315952-9076429426-0,trunk,4.261763964763949,1.0,1.0,0.9975942859183149,-0.06932272861859537,2.0,0.0,0.0,0.0,99.0
osm-4833946442-7756168367-0,primary,4.615397706143527,1.0,1.0000447459595792,0.4739140440172044,-0.8805711094984091,3.0,0.0,0.0,0.0,99.0
osm-4836037554-1161321036-0,primary,3.834688294486151,1.0,1.0000000020629036,0.05444652652101909,0.9985166877673082,3.0,0.0,0.0,0.0,99.0
osm-4836392226-8810858536-0,tertiary,4.205647387335556,0.0,1.0009629332027223,0.29358936509917116,-0.9559316318130003,5.0,0.0,0.0,0.0,99.0
osm-4836392299-6330385236-0,primary,2.836443415870609,1.0,1.0,0.9990170878235161,0.04432672147386125,2.0,0.0,0.0,0.0,99.0
osm-4842902746-5495680448-0,primary,5.708050022373871,1.0,1.000062319818231,0.031513985918075936,0.9995033109957943,14.0,0.0,0.0,0.0,99.0
osm-4848734475-5492419271-0,trunk,4.1580546152747395,1.0,1.000024778546096,-0.9999050643466602,-0.013779052721486986,4.0,0.0,0.0,0.0,99.0
osm-4849427375-7132270238-0,primary,3.79950359257184,1.0,1.0,-0.9853025591486329,-0.17081822776025626,2.0,0.0,0.0,0.0,99.0
osm-4849427376-4849427380-0,primary,4.221461677281566,1.0,1.0000810705342713,-0.9779057426433498,-0.2090463070832836,5.0,0.0,0.0,0.0,99.0
osm-4849427377-6547719124-0,primary,5.874860503667058,1.0,1.0002809547991207,-0.9878246745285849,-0.1555712453909632,13.0,0.0,0.0,0.0,99.0
osm-4849427380-4849427375-0,primary,4.09016919081162,1.0,1.0,-0.9892116196671848,-0.14649358864955422,2.0,0.0,0.0,0.0,99.0
osm-4849427383-4849427377-0,primary,5.191772816865166,1.0,1.0013012008136664,-0.9683974138095157,-0.2494122068525145,6.0,0.0,0.0,0.0,99.0
osm-4849427384-4849427376-0,primary,5.227937819785456,1.0,1.000841955421214,-0.9687709639039556,-0.2479572936951057,7.0,0.0,0.0,0.0,99.0
osm-4849427384-4849427383-0,primary_link,2.365747667951686,1.0,1.0,-0.8647112787692299,0.5022692548517013,2.0,0.0,0.0,0.0,99.0
osm-4849427386-6910883258-0,primary,2.9869942076107057,1.0,1.0,-0.9424674776395281,-0.33429785161108305,2.0,0.0,0.0,0.0,99.0
osm-4849427387-5374643987-0,primary,2.6686854775799334,1.0,1.0,-0.9241876008826999,-0.38193884114433735,2.0,0.0,0.0,0.0,99.0
osm-4849427390-4849427404-0,primary,3.205831111347392,1.0,1.0,-0.9170637766697338,-0.3987405541454802,2.0,0.0,0.0,0.0,99.0
osm-4849427395-5373977800-0,primary,4.010346821483844,1.0,1.0,-0.8986362922816662,-0.43869444285773646,2.0,0.0,0.0,0.0,99.0
osm-4849427396-13849518632-0,primary,2.1551286235261706,1.0,1.0,-0.8868570841501006,-0.4620438423924524,2.0,0.0,0.0,0.0,99.0
osm-4849427404-6471562381-0,primary,4.539404245212472,1.0,1.0000000358223213,-0.90054126858197,-0.43477054129825327,6.0,0.0,0.0,0.0,99.0
osm-4849427405-4849427390-0,primary,3.1108005163816657,1.0,1.0,-0.8900275043602468,-0.4559068342131657,2.0,0.0,0.0,0.0,99.0
osm-4849427408-4758806028-0,primary,3.039222704628519,1.0,1.000000244134021,-0.9004502759931823,-0.4349589641147792,4.0,0.0,0.0,0.0,99.0
osm-4849427410-9009398139-0,primary,4.688269755157665,1.0,1.0001066965265044,-0.9043002758417342,-0.4268969560825697,3.0,0.0,0.0,0.0,99.0
osm-4849427412-9491842326-0,primary,3.566627070785892,1.0,1.0,-0.9150078303387402,-0.40343607971869755,2.0,0.0,0.0,0.0,99.0
osm-4849427413-4849427412-0,primary,4.169977561406937,1.0,1.0,-0.8979257107100688,-0.44014704139164423,2.0,0.0,0.0,0.0,99.0
osm-4849427416-13849518628-0,primary,3.028005834104287,1.0,1.0,-0.8976574332363748,-0.4406939216230277,2.0,0.0,0.0,0.0,99.0
osm-4849427419-5671081801-0,primary,2.946962109184562,1.0,1.0,-0.9323087803883672,-0.3616632937011376,2.0,0.0,0.0,0.0,99.0
osm-4849427421-8509975229-0,primary,2.965169967971351,1.0,1.0,-0.9439840605017134,-0.32999105066455603,2.0,0.0,0.0,0.0,99.0
osm-4849427423-7694410074-0,primary,3.2141446504922992,1.0,1.0,-0.9526601949038239,-0.3040370915625399,2.0,0.0,0.0,0.0,99.0
osm-4859114434-7052519688-0,trunk,4.0683256538234875,1.0,1.0000274874032151,-0.04078801646638596,0.9991678225967536,4.0,0.0,0.0,0.0,99.0
osm-4859118379-103363767-0,trunk,4.510760600526913,1.0,1.0024137763667453,-0.12720410087041004,0.9918765632485479,4.0,0.0,0.0,0.0,99.0
osm-4867479520-9110087936-0,primary,4.494138061565231,1.0,1.0000000024366322,0.17876010351653016,-0.983892689977296,3.0,0.0,0.0,0.0,99.0
osm-4871926644-310003265-0,tertiary,4.290020988877857,0.0,1.0000247724413285,-0.004454373322148544,0.9999900792299427,3.0,0.0,0.0,0.0,99.0
osm-4871926648-4871926644-0,primary_link,4.26507138131118,1.0,1.0008251981652008,0.9817537485866468,-0.1901567173046145,3.0,0.0,0.0,0.0,99.0
osm-4871938615-13453416794-0,primary,3.9964560614029754,1.0,1.0,0.24941964899155394,-0.968395497044947,2.0,0.0,0.0,0.0,99.0
osm-4877552983-5076459507-0,primary,4.628906243664675,1.0,1.0002835163686061,0.814278461540442,0.5804744499728914,9.0,0.0,0.0,0.0,99.0
osm-4877552990-4877552983-0,primary,3.3133856845017564,1.0,1.0,0.7840644353025035,0.6206794352109358,2.0,0.0,0.0,0.0,99.0
osm-4886801320-9531485215-0,primary,4.102874743225476,1.0,1.0000791665157907,0.9565162452911465,-0.29167905734578753,5.0,0.0,0.0,0.0,99.0
osm-4899821967-315746992-0,primary,4.0387437582073025,1.0,1.0,0.23396901181869506,-0.9722440544989635,2.0,0.0,0.0,0.0,99.0
osm-4900765662-316412129-0,primary,4.039413078695882,1.0,1.0001770437304751,-0.8656063369507125,-0.5007251435975324,3.0,0.0,0.0,0.0,99.0
osm-4907168866-9673797651-0,primary,6.049391415611,1.0,1.0003658012647505,-0.9996642455733716,-0.025911312630232605,7.0,0.0,0.0,0.0,99.0
osm-4911942116-11484348759-0,trunk,3.264307976266035,1.0,1.0,0.42438958973787344,-0.9054796939314097,2.0,0.0,0.0,0.0,99.0
osm-4911942117-4911942119-0,trunk,4.135118555590319,1.0,1.000077545252738,0.455895689175464,-0.8900332131955687,5.0,0.0,0.0,0.0,99.0
osm-4911942119-4911942116-0,trunk,4.348624958039851,1.0,1.0000000040267676,0.4449422469968562,-0.895559264838117,3.0,0.0,0.0,0.0,99.0
osm-4914353827-1135190117-0,trunk,5.0324294011319255,1.0,1.000454627264638,-0.6416383447086436,-0.7670073236935563,4.0,0.0,0.0,0.0,99.0
osm-4914353854-6451021641-0,trunk,3.971498732223255,1.0,1.0004591051789788,-0.46835633669115256,-0.8835396662749464,3.0,0.0,0.0,0.0,99.0
osm-4914353893-9509715193-0,trunk,2.6793763405176025,1.0,1.0,-0.37861230473740165,-0.9255553590690472,2.0,0.0,0.0,0.0,99.0
osm-4925793717-9695095403-0,secondary,3.659115880908249,1.0,1.0000054216229346,0.8738449299645461,0.486204728869699,3.0,0.0,0.0,0.0,99.0
osm-4926601878-4900765662-0,primary,4.821506621369323,1.0,1.0015991152138268,-0.8718356268403415,-0.4897985706103161,4.0,0.0,0.0,0.0,99.0
osm-4948526884-5673841364-0,primary,5.399568952102754,1.0,1.002423880468021,0.9967794621333927,0.08019166957399186,9.0,0.0,0.0,0.0,99.0
osm-4953838327-4877552990-0,primary,4.963962885897825,1.0,1.0094985211256693,0.6360962657256146,0.7716097075140568,6.0,0.0,0.0,0.0,99.0
osm-4963127052-8434800015-0,primary,3.603648309751276,1.0,1.0,0.25989516324962636,-0.9656368386300567,2.0,0.0,0.0,0.0,99.0
osm-4963127056-13606475657-0,primary,3.1692232889631295,1.0,1.0,0.24304520134386967,-0.9700149638555675,2.0,0.0,0.0,0.0,99.0
osm-4963127061-4963127056-0,primary,3.6991267705654858,1.0,1.0,0.24319905690564067,-0.9699764011151029,2.0,0.0,0.0,0.0,99.0
osm-4963127289-13606201410-0,primary,1.9849934901361208,1.0,1.0,0.2482612502598934,-0.9686931152947225,2.0,0.0,0.0,0.0,99.0
osm-4982201706-5379777249-0,tertiary,2.4441714570559165,1.0,1.0,-0.7355659405237541,-0.6774531328006426,2.0,0.0,0.0,0.0,99.0
osm-4982201717-13586347373-0,tertiary,3.8927178543701406,0.0,1.0000000002680163,-0.18639356210692884,-0.982475159993926,3.0,0.0,0.0,0.0,99.0
osm-4986680276-5459235880-0,primary,2.0212826275063036,1.0,1.0,0.9994230898063741,0.03396303228335779,2.0,0.0,0.0,0.0,99.0
osm-4986680280-4986680276-0,primary,3.5546049282914676,1.0,1.0,0.9982631221443902,0.05891297791263193,2.0,0.0,0.0,0.0,99.0
osm-4990059009-3763648673-0,primary,3.9651276583149246,1.0,1.0,-0.9957186650137487,-0.09243559997770369,2.0,0.0,0.0,0.0,99.0
osm-4990059014-6459341771-0,primary,5.414405633561664,1.0,1.0001220265125037,0.9099990196254311,0.41461040059404475,4.0,0.0,0.0,0.0,99.0
osm-4990059477-2516439291-0,primary,4.01041932728434,1.0,1.0,0.9997934948627626,-0.020321605008049724,2.0,0.0,0.0,0.0,99.0
osm-4990059505-4990059507-0,primary,4.585253152147732,1.0,1.0011719135296546,0.9420038526068713,0.3356020585065176,4.0,0.0,0.0,0.0,99.0
osm-4990059507-4990059477-0,primary,6.2213393923447535,1.0,1.0053053372592404,0.9706237065523701,0.24060261901845245,13.0,0.0,0.0,0.0,99.0
osm-4990059515-4990059505-0,primary,4.673669602412784,1.0,1.0,0.9116962405182456,0.41086489875006027,2.0,0.0,0.0,0.0,99.0
osm-4993841487-12530400916-0,primary_link,3.4741689941179783,1.0,1.0,-0.8861872549297974,0.4633272592887129,2.0,0.0,0.0,0.0,99.0
osm-4996688468-5671267899-0,primary,4.769718055793718,1.0,1.000001976721448,0.23673605163433295,-0.9715740022543761,3.0,0.0,0.0,0.0,99.0
osm-4999344155-302230529-0,primary,3.2211133198083925,1.0,1.0,-0.01884000847447353,0.9998225112892196,2.0,0.0,0.0,0.0,99.0
osm-4999344324-9009429383-0,primary,4.433729220290348,1.0,1.0001637562835899,0.006640521577854986,0.9999779514935188,5.0,0.0,0.0,0.0,99.0
osm-5004550057-13750328259-0,primary,1.8224503165488517,1.0,1.0,0.2387060379580526,-0.971091873842207,2.0,0.0,0.0,0.0,99.0
osm-5006633608-7055776846-0,primary,5.958078379840317,1.0,1.0001100532013951,0.9069911703328516,0.42114963722914955,7.0,0.0,0.0,0.0,99.0
osm-5006647254-4505735373-0,primary,6.562730775760331,1.0,1.0637827208286283,0.8348754566222668,0.5504388902773508,22.0,0.0,0.0,0.0,99.0
osm-5009348129-104366006-0,secondary,4.355567149583203,1.0,1.0,0.9902198418064253,0.13951582309135424,2.0,0.0,0.0,0.0,99.0
osm-5009351128-191505992-0,secondary,3.2690364780598165,1.0,1.0,0.9767030856696317,-0.21459515941283483,2.0,0.0,0.0,0.0,99.0
osm-5010888460-4907168866-0,residential,4.168817943796144,0.0,1.0007622849441615,-0.12498002923622814,-0.9921592575247744,4.0,0.0,0.0,0.0,99.0
osm-5013211786-104366013-0,secondary,3.673892711805613,1.0,1.0010793926973853,0.9999424931236065,-0.010724292319132968,3.0,0.0,0.0,0.0,99.0
osm-5023930574-5371876858-0,trunk,3.777325218544523,1.0,1.0,0.4598105772532501,-0.8880170229483402,2.0,0.0,0.0,0.0,99.0
osm-5046365476-309941703-0,primary,3.485477253708743,1.0,1.0,0.2592562863697421,-0.965808561764582,2.0,0.0,0.0,0.0,99.0
osm-5046365477-5046365476-0,primary,2.3869262414277963,1.0,1.0,0.2640514178266104,-0.9645086048054505,2.0,0.0,0.0,0.0,99.0
osm-5056597570-3266396596-0,trunk,3.871950729798437,1.0,1.0001345347750643,0.23012293039759948,-0.9731615677292346,3.0,0.0,0.0,0.0,99.0
osm-5065375426-29939146-0,secondary,3.513156081348209,1.0,1.0000001006189991,0.9617462583436703,0.2739418452189262,3.0,0.0,0.0,0.0,99.0
osm-5068494018-7131628852-0,residential,3.655607014850364,1.0,1.000988779455575,0.8946297654958321,-0.4468082168994574,3.0,0.0,0.0,0.0,99.0
osm-5068494251-5068494018-0,residential,3.8610244044563307,1.0,1.000000008236423,0.8421027500948328,-0.5393171221857503,4.0,0.0,0.0,0.0,99.0
osm-5068494252-6907714745-0,residential,5.428770902427277,0.0,1.1837116084360897,0.9559741023733841,-0.2934510446248275,7.0,0.0,0.0,0.0,99.0
osm-5068494260-5380146177-0,residential,2.5275669535818954,0.0,1.0,0.5171116367586598,0.8559179605130272,2.0,0.0,0.0,0.0,99.0
osm-5068494261-5068494263-0,residential,4.02519096353351,0.0,1.0,0.5023998176112795,0.8646354279487702,2.0,0.0,0.0,0.0,99.0
osm-5068494263-5068494267-0,residential,3.971819048774112,0.0,1.0,0.8484506304700621,-0.5292745295732209,2.0,0.0,0.0,0.0,99.0
osm-5068494267-1420142081-0,residential,3.091451460612535,0.0,1.0,0.3846682607633851,0.9230548895711849,2.0,0.0,0.0,0.0,99.0
osm-5076459507-3507893559-0,primary,6.403183393103733,1.0,1.0010649334736352,0.7839598457125818,0.6208115336479381,9.0,0.0,0.0,0.0,99.0
osm-5078382194-1321228541-0,primary,5.482374915635041,1.0,1.000066611756215,0.9700932252571525,0.24273263956496582,11.0,0.0,0.0,0.0,99.0
osm-5078382203-7530848743-0,primary,3.3034742931335406,1.0,1.0,-0.9992211701516377,0.039459512424661274,2.0,0.0,0.0,0.0,99.0
osm-5078382208-1345781623-0,primary,5.646880498521528,1.0,1.000203806856522,-0.9989415149631079,0.04599836609283843,11.0,0.0,0.0,0.0,99.0
osm-5078382212-5078382208-0,primary,4.714912089333588,1.0,1.0001869534021683,-0.999938821439159,-0.011061346159747009,7.0,0.0,0.0,0.0,99.0
osm-5112284316-4551137763-0,trunk,4.529131119702502,1.0,1.0064253957790816,0.9987772160941619,0.049437562755415825,6.0,0.0,0.0,0.0,99.0
osm-5112682630-7140306354-0,trunk,2.4716525341095843,1.0,1.0,0.9991998116832959,-0.039996704015033156,2.0,0.0,0.0,0.0,99.0
osm-5172730315-2882028353-0,secondary,4.2708436457131205,1.0,1.0000494648598863,0.8695120857195626,-0.49391166496410677,7.0,0.0,0.0,0.0,99.0
osm-5174097479-7756153695-0,primary,4.786407822219008,1.0,1.0000017586385201,0.5153990345652324,-0.8569503107935876,4.0,0.0,0.0,0.0,99.0
osm-5189820259-13366216191-0,primary,2.3028850480030436,1.0,1.0,0.9883942345518572,-0.15191062209288844,2.0,0.0,0.0,0.0,99.0
osm-5189841649-10132911307-0,tertiary,3.6531227344018173,0.0,1.0,1.0,6.123233995736766e-17,2.0,0.0,0.0,0.0,99.0
osm-5201675286-7055752942-0,primary,4.495846270873342,1.0,1.0000898426604186,0.9038785076663463,0.42778925112590066,4.0,0.0,0.0,0.0,99.0
osm-5201675288-5201675286-0,primary,2.6453233711939053,1.0,1.0,0.899604395973767,0.4367057713663443,2.0,0.0,0.0,0.0,99.0
osm-5205645925-10090309238-0,primary,1.0643658499395185,1.0,1.0,0.948706093808458,-0.3161593705248941,2.0,0.0,0.0,0.0,99.0
osm-5227396653-9013059182-0,primary,3.7776455406998273,1.0,1.0,-0.999799064876549,0.020045694599545253,2.0,0.0,0.0,0.0,99.0
osm-5230379695-104364332-0,primary,6.562092336919305,1.0,1.0016746179938512,0.8369979721667767,0.5472059891747382,11.0,0.0,0.0,0.0,99.0
osm-5290941766-5078382212-0,primary,5.659412526920261,1.0,1.0000000053222775,-0.9998647363158185,0.016447160001005105,3.0,0.0,0.0,0.0,99.0
osm-5334300227-4785715143-0,tertiary,4.131158535344817,0.0,1.0,0.9996438439275193,0.02668680006695127,2.0,0.0,0.0,0.0,99.0
osm-5354213657-2210464501-0,primary,5.008660011175487,1.0,1.001605705847271,0.22384342730467638,-0.9746251177003885,9.0,0.0,0.0,0.0,99.0
osm-5354213698-1675425882-0,primary,3.9796442700256223,1.0,1.0,0.2428071511549748,-0.9700745782402532,2.0,0.0,0.0,0.0,99.0
osm-5354213822-12688243259-0,primary,2.1487343681757856,1.0,1.0,-0.07882559648124761,-0.9968884217099603,2.0,0.0,0.0,0.0,99.0
osm-5371596264-7120393920-0,primary,3.589114365924361,1.0,1.0,0.2389979224743335,-0.9710200786044295,2.0,0.0,0.0,0.0,99.0
osm-5371596268-7120341842-0,primary,2.1482677326096886,1.0,1.0,0.2394971957463671,-0.9708970559382835,2.0,0.0,0.0,0.0,99.0
osm-5371596275-5004550057-0,primary,4.629003893239489,1.0,1.0000000357831893,0.23939333572278731,-0.9709226698411758,3.0,0.0,0.0,0.0,99.0
osm-5371876858-310080557-0,trunk,3.0137686360400897,1.0,1.0,0.3893581561280479,-0.9210864379940499,2.0,0.0,0.0,0.0,99.0
osm-5372018440-6333252911-0,secondary,3.717636964533132,1.0,1.0,0.9817484107334401,-0.19018427385660633,2.0,0.0,0.0,0.0,99.0
osm-5372018448-5009348129-0,secondary,4.9222994039626,1.0,1.002049963532288,0.9988246146155335,0.048470498637119136,5.0,0.0,0.0,0.0,99.0
osm-5372018508-6332594575-0,primary,4.094727822101983,1.0,1.0000541387303703,0.9654063283571702,0.26075011249839897,3.0,0.0,0.0,0.0,99.0
osm-5372153126-6486347952-0,trunk,3.1989995948634085,1.0,1.0,0.21208391840308205,-0.9772514576887541,2.0,0.0,0.0,0.0,99.0
osm-5372153133-12202088425-0,trunk,3.015632935260327,1.0,1.0,0.16808400018084027,-0.9857726760684774,2.0,0.0,0.0,0.0,99.0
osm-5372153134-5372153137-0,trunk,3.5699832991700804,1.0,1.0,0.02658280055695938,-0.999646614916766,2.0,0.0,0.0,0.0,99.0
osm-5372153137-5673841347-0,trunk,2.61454505790535,1.0,1.0,0.03317874104889026,-0.9994494340097505,2.0,0.0,0.0,0.0,99.0
osm-5372153144-9647927422-0,trunk,2.27469988950451,1.0,1.0,0.04180964185304609,-0.9991255946316859,2.0,0.0,0.0,0.0,99.0
osm-5372153147-6831185205-0,trunk,3.7135476761629587,1.0,1.0,0.04808932613434592,-0.9988430390766833,2.0,0.0,0.0,0.0,99.0
osm-5372153151-9486332419-0,trunk,3.5836300433948387,1.0,1.0,0.03568640661178263,-0.9993630373308483,2.0,0.0,0.0,0.0,99.0
osm-5372153155-9003292724-0,trunk,4.695951946141531,1.0,1.0,0.019561782029460233,-0.9998086500345112,2.0,0.0,0.0,0.0,99.0
osm-5372153165-5372153166-0,trunk,4.680157057510871,1.0,1.0001881040628657,0.051460273590079465,-0.9986750423646493,4.0,0.0,0.0,0.0,99.0
osm-5372153166-5372153186-0,trunk,4.909406969904325,1.0,1.00018691159132,0.031142852017418184,-0.999514943744325,4.0,0.0,0.0,0.0,99.0
osm-5372153186-11438846310-0,trunk,3.046615483868561,1.0,1.0,0.025370357934709892,-0.9996781206659795,2.0,0.0,0.0,0.0,99.0
osm-5372153187-6451233570-0,trunk,5.30525325754915,1.0,1.0,-0.025100282512274256,0.9996849382769574,2.0,0.0,0.0,0.0,99.0
osm-5373820573-9032080365-0,primary,2.510493171665478,1.0,1.0,0.9978928313553866,0.06488372006543681,2.0,0.0,0.0,0.0,99.0
osm-5373977777-4849427405-0,primary,3.3078752244307825,1.0,1.0,-0.9036496018395415,-0.4282725733633175,2.0,0.0,0.0,0.0,99.0
osm-5373977782-4849427421-0,primary,4.145132729054206,1.0,1.0,-0.954507899996102,-0.2981856281664684,2.0,0.0,0.0,0.0,99.0
osm-5373977783-4849427396-0,primary,4.500131840650056,1.0,1.000000269962038,-0.9028768225661801,-0.42989934086108883,3.0,0.0,0.0,0.0,99.0
osm-5373977800-4849427413-0,primary,3.7129377192070074,1.0,1.0,-0.9154139986885365,-0.40251361592505686,2.0,0.0,0.0,0.0,99.0
osm-5374005699-4849427395-0,primary,3.412302161394261,1.0,1.0000982900982194,-0.9128538397190602,-0.4082865015037459,3.0,0.0,0.0,0.0,99.0
osm-5374199556-29939148-0,secondary,2.3232696841868785,1.0,1.0,-0.35894140847840494,0.933360094111345,2.0,0.0,0.0,0.0,99.0
osm-5374282148-11076463250-0,primary,4.184992374913188,1.0,1.002911511870996,0.9146547637952234,0.40423590026951367,5.0,0.0,0.0,0.0,99.0
osm-5374282155-5377151799-0,primary,2.7564593403098976,1.0,1.0,0.83677944292693,0.5475401025449157,2.0,0.0,0.0,0.0,99.0
osm-5374282198-6315624963-0,primary,4.1708734112112245,1.0,1.0,0.7646481703646618,0.6444479618696727,2.0,0.0,0.0,0.0,99.0
osm-5374282375-7103903985-0,primary,6.693699062484738,1.0,1.0019827630562477,0.21033932411079181,-0.9776284410411837,12.0,0.0,0.0,0.0,99.0
osm-5374290437-186871954-0,primary,4.392966574712216,1.0,1.0070119753595157,0.9748451284798589,-0.22288332256830556,5.0,0.0,0.0,0.0,99.0
osm-5374380799-1675488274-0,primary,2.354418241634063,1.0,1.0,-0.9893109697104611,0.14582114116460373,2.0,0.0,0.0,0.0,99.0
osm-5374643987-9648835249-0,primary,3.894001590830327,1.0,1.0000000081559703,-0.9313807549211318,-0.364046548345871,3.0,0.0,0.0,0.0,99.0
osm-5374644166-7015230199-0,primary,2.9595868269176377,1.0,1.0,-0.8994012315826098,-0.4371240380346118,2.0,0.0,0.0,0.0,99.0
osm-5374804742-4758805504-0,primary,3.640712845493328,1.0,1.0,-0.9899531163498448,0.1413959950961505,2.0,0.0,0.0,0.0,99.0
osm-5374804752-5374804742-0,primary,3.2085830353827687,1.0,1.0,-0.9902800760872162,0.13908763749771977,2.0,0.0,0.0,0.0,99.0
osm-5374804755-5374804752-0,primary,3.269797050046587,1.0,1.0,-0.9916206456744713,0.12918395826163798,2.0,0.0,0.0,0.0,99.0
osm-5377076414-5377076416-0,primary,3.8188764832276316,1.0,1.0,0.4786323492044597,-0.8780154180280778,2.0,0.0,0.0,0.0,99.0
osm-5377076416-11237483572-0,primary,1.7949211325656338,1.0,1.0,0.4757698447526271,-0.8795698123651476,2.0,0.0,0.0,0.0,99.0
osm-5377076421-9019122232-0,primary,3.7562576894438844,1.0,1.0,0.5116220584438709,-0.8592106082408761,2.0,0.0,0.0,0.0,99.0
osm-5377076423-5377076421-0,primary,4.057386620403055,1.0,1.0000121208547963,0.49745938329802747,-0.8674872690528352,4.0,0.0,0.0,0.0,99.0
osm-5377076552-9708579924-0,primary,4.705440769893177,1.0,1.0030159926155382,0.5687297519643185,-0.8225244490169302,5.0,0.0,0.0,0.0,99.0
osm-5377076560-315198778-0,primary,3.227716629533683,1.0,1.0000362611344096,0.49793753749921627,-0.867212897015039,3.0,0.0,0.0,0.0,99.0
osm-5377151799-6315603275-0,primary,2.0125001359259542,1.0,1.0,0.9260539829740322,0.37739107119529314,2.0,0.0,0.0,0.0,99.0
osm-5377177680-9019104733-0,primary,4.039430686344645,1.0,1.001223767860598,0.9962257702265368,0.0867998544730547,4.0,0.0,0.0,0.0,99.0
osm-5377177693-6320275018-0,primary,2.439473345056167,1.0,1.0,0.7192257800343642,0.6947764225518598,2.0,0.0,0.0,0.0,99.0
osm-5377178522-5377178527-0,primary,3.818898435437671,1.0,1.0,0.6656891499718829,0.7462291575713937,2.0,0.0,0.0,0.0,99.0
osm-5377178527-5669078465-0,primary,2.414573594942093,1.0,1.0,0.6675154652351192,0.7445959331556562,2.0,0.0,0.0,0.0,99.0
osm-5377313966-7192466992-0,residential,3.8143440222230507,0.0,1.0,0.41751109661013813,-0.9086718242618729,2.0,0.0,0.0,0.0,99.0
osm-5377313967-5377313966-0,residential,4.108115966306019,0.0,1.0000983365221898,0.4689454037809636,-0.8832271555340161,3.0,0.0,0.0,0.0,99.0
osm-5377313968-13913580148-0,service,3.336303241744165,1.0,1.0055785832662856,0.7481600873565816,0.6635182617581766,3.0,0.0,0.0,0.0,99.0
osm-5377313978-5377313968-0,service,3.4959619581065784,0.0,1.0,0.8101704356815008,0.5861943919448968,2.0,0.0,0.0,0.0,99.0
osm-5379663307-5379667458-0,trunk,3.4236435704919854,1.0,1.0000445849451918,0.5523928333222533,0.8335839236059038,3.0,0.0,0.0,0.0,99.0
osm-5379667162-12799849299-0,trunk,3.7125959807312525,1.0,1.0,0.5049022182490756,0.8631765462564208,2.0,0.0,0.0,0.0,99.0
osm-5379667437-7131381422-0,trunk,4.458524605646606,1.0,1.0,0.5115794659723246,0.8592359687510011,2.0,0.0,0.0,0.0,99.0
osm-5379667449-7697810036-0,trunk,3.5360778638559736,1.0,1.0,0.5257001608613514,0.8506699365031947,2.0,0.0,0.0,0.0,99.0
osm-5379667458-5379667449-0,trunk,3.370325717995068,1.0,1.0,0.5356876033095965,0.844416243129193,2.0,0.0,0.0,0.0,99.0
osm-5379667472-10788400699-0,trunk,2.881947484247371,1.0,1.0,0.5170426018670393,0.8559596648525923,2.0,0.0,0.0,0.0,99.0
osm-5379667478-5379663307-0,trunk,4.000747913484516,1.0,1.0000000116510919,0.5167099170846344,0.8561605349386237,3.0,0.0,0.0,0.0,99.0
osm-5379767874-10654460939-0,secondary,4.698533016392299,1.0,1.0009362186034478,0.8755050004783431,-0.4832090584182134,4.0,0.0,0.0,0.0,99.0
osm-5379767891-5380146201-0,residential,3.6837664047271135,0.0,1.0,0.5214846003591005,0.8532606938024916,2.0,0.0,0.0,0.0,99.0
osm-5379768929-6434967979-0,residential,3.841171264456195,1.0,1.0245093166496884,0.3799464631348451,0.925008478421318,3.0,0.0,0.0,0.0,99.0
osm-5379768936-13030921684-0,residential,3.8546057345581954,0.0,1.0019506934970925,-0.4945219846950194,-0.869165120476713,4.0,0.0,0.0,0.0,99.0
osm-5379768936-13030921685-0,residential,3.8824294025810677,0.0,1.0117384678045336,-0.6316999165546795,-0.7752130129356776,4.0,0.0,0.0,0.0,99.0
osm-5379777249-4982201717-0,tertiary,3.0292154043705395,0.0,1.000107791553579,-0.1943857837516273,-0.9809251587533402,3.0,0.0,0.0,0.0,99.0
osm-5379957272-9064994805-0,primary,3.429558055431114,1.0,1.0,0.4045756721569591,-0.9145045245917293,2.0,0.0,0.0,0.0,99.0
osm-5379957279-8520330753-0,tertiary,3.7177098357818132,1.0,1.0,0.9999831039994018,-0.0058130642282211145,2.0,0.0,0.0,0.0,99.0
osm-5379957290-13734985443-0,tertiary,1.6189921252389121,1.0,1.0,0.9994565341899274,0.0329641663789405,2.0,0.0,0.0,0.0,99.0
osm-5379989630-4815227762-0,tertiary,3.9740020037801242,1.0,1.0017009382323248,-0.3286121525719628,0.9444649560370257,4.0,0.0,0.0,0.0,99.0
osm-5379989631-1362598310-0,tertiary,3.868969355950646,1.0,1.0053505884018696,-0.8648315933978391,0.5020620629573148,4.0,0.0,0.0,0.0,99.0
osm-5379992807-9015877327-0,tertiary,2.8143302938194203,0.0,1.0,-0.07824136789804363,0.9969344453621025,2.0,0.0,0.0,0.0,99.0
osm-5380055271-1417312748-0,trunk,3.776180372515739,1.0,1.0,0.9282137505811658,-0.37204735348077034,2.0,0.0,0.0,0.0,99.0
osm-5380068218-9497883594-0,trunk,3.7185838768202673,1.0,1.0,0.2744114680832447,0.9616123679447963,2.0,0.0,0.0,0.0,99.0
osm-5380068236-5380068242-0,primary,3.393198811550889,1.0,1.0,-0.9505868733707024,-0.31045868674481025,2.0,0.0,0.0,0.0,99.0
osm-5380068242-4849427423-0,primary,3.859170601523918,1.0,1.0,-0.9515385868528936,-0.30752937701949434,2.0,0.0,0.0,0.0,99.0
osm-5380113830-6490074722-0,primary,4.363455249088446,1.0,1.0,-0.9999700073307581,0.007744962164105312,2.0,0.0,0.0,0.0,99.0
osm-5380113845-329975510-0,primary,4.1184353677466605,1.0,1.000041038302859,-0.9999450518772047,0.010482997009178614,5.0,0.0,0.0,0.0,99.0
osm-5380146177-5379767891-0,residential,3.914699420631554,0.0,1.0,0.5175096233469153,0.8556773864858962,2.0,0.0,0.0,0.0,99.0
osm-5380146201-5068494261-0,residential,2.804571768092832,0.0,1.0,0.5214209886453823,0.8532995679127419,2.0,0.0,0.0,0.0,99.0
osm-5380146210-5068494260-0,residential,4.8489238816060976,1.0,1.0,0.8528000172060258,-0.5222376189565456,2.0,0.0,0.0,0.0,99.0
osm-5380240426-317182368-0,primary,3.2523492849257396,1.0,1.0,-0.9639087087889486,0.266232982781664,2.0,0.0,0.0,0.0,99.0
osm-5380240433-5380240426-0,primary,3.4317265866969784,1.0,1.0,-0.975009279949449,0.2221641375480233,2.0,0.0,0.0,0.0,99.0
osm-5380240456-320021668-0,primary,1.1518370499054076,1.0,1.0,-0.909264064881396,0.41621972600461954,2.0,0.0,0.0,0.0,99.0
osm-5388212558-7137820748-0,trunk,6.252820611204545,1.0,1.0637245469090686,0.9229470325725608,-0.3849269736787801,14.0,0.0,0.0,0.0,99.0
osm-5388328959-8509512970-0,tertiary,2.8517464230256095,0.0,1.0,-0.2276086607205121,0.9737526880912909,2.0,0.0,0.0,0.0,99.0
osm-5388329052-5806359018-0,primary,4.394708380329824,1.0,1.0000039012308346,-0.9958366149203077,-0.09115610996561138,4.0,0.0,0.0,0.0,99.0
osm-5388382567-9504567886-0,trunk,3.9836736751714983,1.0,1.0330849114713219,0.035311473245914264,0.9993763554623468,4.0,0.0,0.0,0.0,99.0
osm-5391402284-1133807089-0,tertiary,3.6040565896736583,0.0,1.0,-0.7671921912019258,-0.6414172914404379,2.0,0.0,0.0,0.0,99.0
osm-5391413717-316170709-0,primary,2.392425796993835,1.0,1.0,0.37698697932916203,-0.9262185581256046,2.0,0.0,0.0,0.0,99.0
osm-5408975256-5408975257-0,secondary,2.959223878737468,1.0,1.000174047441454,0.9973321816280005,0.07299670875548338,4.0,0.0,0.0,0.0,99.0
osm-5408975257-9694871645-0,primary,2.7091162992842075,1.0,1.0,0.17511180704921786,-0.9845485539230442,2.0,0.0,0.0,0.0,99.0
osm-5421851682-5489964735-0,trunk,3.5439403835073118,1.0,1.0000600866072857,0.9968934479217666,-0.07876200537474934,4.0,0.0,0.0,0.0,99.0
osm-5425990246-7576918597-0,trunk,2.7795643359762066,1.0,1.0,0.5933001563427462,0.8049813193383266,2.0,0.0,0.0,0.0,99.0
osm-5425990246-7576934780-0,trunk,4.289966168824668,1.0,1.0,0.42738097789940055,0.9040716231194031,2.0,0.0,0.0,0.0,99.0
osm-5436662071-12718674420-0,secondary,3.8129979339503297,1.0,1.0,-0.9488870755145176,0.3156157757804673,2.0,0.0,0.0,0.0,99.0
osm-5459048224-124093320-0,primary,4.192801301563133,1.0,1.0000969728707463,0.7393764803183048,-0.6732922250792113,4.0,0.0,0.0,0.0,99.0
osm-5459161492-324276002-0,trunk,4.863904794293109,1.0,1.0000184203578153,0.8581608369742444,-0.5133809286325937,5.0,0.0,0.0,0.0,99.0
osm-5459235880-13639648351-0,primary,1.3989637642205535,1.0,1.0,0.9999402341649021,0.01093289066261522,2.0,0.0,0.0,0.0,99.0
osm-5466187936-2415521692-0,trunk,4.540140877767573,1.0,1.0008551028538624,0.5128670094206,0.8584680720026634,3.0,0.0,0.0,0.0,99.0
osm-5487632874-1342878998-0,trunk,4.364587961036213,1.0,1.000407692226488,0.9921238556027758,-0.12526074861616665,4.0,0.0,0.0,0.0,99.0
osm-5487633143-7045010187-0,primary,4.025976495503992,1.0,1.000940625554136,0.1057564425780882,0.9943920629476221,6.0,0.0,0.0,0.0,99.0
osm-5487633251-5639226152-0,primary,2.9187972320798683,1.0,1.0,0.056790766255797216,0.9983861021008252,2.0,0.0,0.0,0.0,99.0
osm-5489964735-11501464554-0,trunk,3.960260636026634,1.0,1.0,0.9946315281824512,-0.10348006158406466,2.0,0.0,0.0,0.0,99.0
osm-5489964736-1342878941-0,trunk,2.622927947685375,1.0,1.0,0.9933782728940459,-0.11488954235282937,2.0,0.0,0.0,0.0,99.0
osm-5489964742-7045231385-0,primary,3.0762517906127864,1.0,1.0,0.11120522383534308,0.9937974633655146,2.0,0.0,0.0,0.0,99.0
osm-5490135579-5490135580-0,primary,2.560091422935765,1.0,1.000116539109779,0.22043162762120666,0.9754024285105434,3.0,0.0,0.0,0.0,99.0
osm-5490135580-5650613341-0,primary,4.756353610722121,1.0,1.0065735553604893,0.14058607049162064,0.9900684606549817,10.0,0.0,0.0,0.0,99.0
osm-5490514226-519545266-0,trunk,4.3186341232828855,1.0,1.0,-0.9997885726855521,-0.02056234245864379,2.0,0.0,0.0,0.0,99.0
osm-5492419187-6878897947-0,trunk,3.9563843291269,1.0,1.0020908899734977,-0.9383117572389801,0.3457904657839733,4.0,0.0,0.0,0.0,99.0
osm-5492419212-12681087362-0,trunk,1.2873024119129401,1.0,1.0,-0.9648538869908335,0.26278694175829953,2.0,0.0,0.0,0.0,99.0
osm-5492419221-12676215441-0,trunk,4.725829082389939,1.0,1.002024018557474,-0.9161883260568507,0.4007479896358131,5.0,0.0,0.0,0.0,99.0
osm-5492419247-1139140184-0,trunk,4.059908384900973,1.0,1.0,-0.951890534552761,0.30643826495537224,2.0,0.0,0.0,0.0,99.0
osm-5492419263-5492419270-0,trunk,3.2970213494119887,1.0,1.0,-0.9749222341136092,0.22254580973572372,2.0,0.0,0.0,0.0,99.0
osm-5492419270-11467500634-0,trunk,3.8261818525500226,1.0,1.0,-0.983785017728984,0.17935171839707229,2.0,0.0,0.0,0.0,99.0
osm-5492419271-5493042852-0,trunk,2.8168448134943183,1.0,1.0,-0.999638864972136,-0.026872655939070275,2.0,0.0,0.0,0.0,99.0
osm-5493042852-5490514226-0,trunk,3.043092844913829,1.0,1.0,-0.9996277360028891,-0.027283500760316607,2.0,0.0,0.0,0.0,99.0
osm-5495680448-326484242-0,primary,5.468789832651418,1.0,1.006273648780381,-0.042531372742871394,0.9990951317730494,18.0,0.0,0.0,0.0,99.0
osm-5495827291-95006366-0,trunk,4.8804886429564105,1.0,1.000195612258906,-0.9577427856112464,0.2876260708100191,8.0,0.0,0.0,0.0,99.0
osm-5498027213-7400356402-0,trunk,2.684508592519176,1.0,1.0,0.29232203498702586,0.9563199401147318,2.0,0.0,0.0,0.0,99.0
osm-5498027297-11445322163-0,primary,3.2809864009311043,1.0,1.0027333909346017,-0.9991970061889891,-0.04006672962647753,4.0,0.0,0.0,0.0,99.0
osm-5498027298-9626511706-0,primary,4.437071009952586,1.0,1.0224023328578944,-0.9384414257906414,-0.3454384031343768,8.0,0.0,0.0,0.0,99.0
osm-5498027349-9036874926-0,primary,4.39008160611123,1.0,1.0001400107216105,-0.9978534514931487,-0.06548655849264218,5.0,0.0,0.0,0.0,99.0
osm-5499209000-13525649819-0,primary,4.58372180518222,1.0,1.000034458232963,0.7121665399224211,-0.7020105550594853,4.0,0.0,0.0,0.0,99.0
osm-5506920627-332341344-0,residential,4.3292849234158215,0.0,1.0,-0.9991961031365402,-0.04008924390347759,2.0,0.0,0.0,0.0,99.0
osm-5506920631-5648666147-0,residential,4.176937860525954,0.0,1.0154146847996015,-0.9870104223601993,-0.16065623595846207,6.0,0.0,0.0,0.0,99.0
osm-5506920811-5523935808-0,primary,4.263383854543109,1.0,1.0174403232650957,-0.9983919033068704,-0.05668868856557423,8.0,0.0,0.0,0.0,99.0
osm-5513076629-9644592829-0,trunk,2.4597597673660445,1.0,1.0,0.2148307400389818,-0.976651295567821,2.0,0.0,0.0,0.0,99.0
osm-5513076675-8553000081-0,residential,3.9406882046419107,0.0,1.041038925007347,0.09465127648151907,0.9955104900805511,9.0,0.0,0.0,0.0,99.0
osm-5513424002-4836392226-0,tertiary,4.467056883858457,0.0,1.0173613038075813,0.12943507297131857,-0.9915878992227111,5.0,0.0,0.0,0.0,99.0
osm-5523935808-4551163784-0,motorway_link,2.399348761426354,1.0,1.0,-0.4138827735073975,-0.9103301872363809,2.0,0.0,0.0,0.0,99.0
osm-5549685553-12729353026-0,secondary,3.435341126228993,1.0,1.0,0.8383074859226202,-0.5451977247257146,2.0,0.0,0.0,0.0,99.0
osm-5549685557-5984694495-0,primary,3.0724618064126643,1.0,1.0,0.21954868935591249,-0.9756015441777965,2.0,0.0,0.0,0.0,99.0
osm-5555933057-9004158961-0,trunk,3.737121849237675,1.0,1.0,-0.19423543204174984,-0.9809549413400979,2.0,0.0,0.0,0.0,99.0
osm-5639226152-5489964742-0,primary,3.968554556163801,1.0,1.0000648005891732,0.0966946555733999,0.9953140929292329,4.0,0.0,0.0,0.0,99.0
osm-5647102762-326484049-0,primary,4.836773849420001,1.0,1.000103973095866,0.012995098650552673,0.9999155601404862,6.0,0.0,0.0,0.0,99.0
osm-5648666147-332526397-0,primary_link,4.680092112505351,0.0,1.0021554145716394,0.28811516882099414,-0.9575957651823916,4.0,0.0,0.0,0.0,99.0
osm-5650613341-5487633143-0,primary,5.93477514091381,1.0,1.006964480987187,0.03257225426014024,0.9994693833491913,20.0,0.0,0.0,0.0,99.0
osm-5652800252-5498027213-0,trunk,3.607181210129431,1.0,1.0,0.2737040992646986,0.9618139456494171,2.0,0.0,0.0,0.0,99.0
osm-5652849428-4776237954-0,primary,4.114931195830489,1.0,1.000004443670894,0.2267762672572107,-0.973946879767519,3.0,0.0,0.0,0.0,99.0
osm-5652849431-352897075-0,primary,3.392829131991639,1.0,1.000001448415048,0.31605234329527815,-0.948741754271184,3.0,0.0,0.0,0.0,99.0
osm-5653336499-4790999401-0,primary,4.102676422341637,1.0,1.0000163205454977,-0.9987450120265655,-0.050083939062891686,5.0,0.0,0.0,0.0,99.0
osm-5655125045-8510368916-0,secondary,3.2590576145010326,1.0,1.015824285234335,0.735524019539536,-0.6774986469952573,3.0,0.0,0.0,0.0,99.0
osm-5655139014-11413710169-0,primary,3.7034724564168364,1.0,1.0,-0.9999690726937318,0.007864709532970799,2.0,0.0,0.0,0.0,99.0
osm-5655187222-6406796742-0,primary,3.7212498341443867,1.0,1.0,-0.999999847860115,-0.0005516155789504314,2.0,0.0,0.0,0.0,99.0
osm-5662302109-9533955728-0,residential,2.162057857857069,0.0,1.0,-0.035944965722997026,0.9993537709135702,2.0,0.0,0.0,0.0,99.0
osm-5662309002-9013720082-0,primary,5.158658668842964,1.0,1.0,-0.9999772082104837,0.00675152275912078,2.0,0.0,0.0,0.0,99.0
osm-5662335002-6333006951-0,primary,4.482742631231754,1.0,1.0000000011504562,0.37746144509399104,-0.9260253006627605,3.0,0.0,0.0,0.0,99.0
osm-5662546639-12139330016-0,primary,3.4242952273525558,1.0,1.0,-0.9584453513401162,-0.2852761968593264,2.0,0.0,0.0,0.0,99.0
osm-5665581665-324275961-0,trunk,5.67508803208152,1.0,1.0003121598672917,0.7267776744455937,-0.6868727771046502,7.0,0.0,0.0,0.0,99.0
osm-5668231819-310327514-0,motorway,6.03497652038908,1.0,1.000199198458825,0.07523717221523622,0.997165667237423,10.0,0.0,0.0,0.0,99.0
osm-5668256808-7123191860-0,primary,4.384461168789342,1.0,1.000433894456408,0.7212750287166283,-0.6926487803712837,5.0,0.0,0.0,0.0,99.0
osm-5669076905-5377178522-0,primary,2.7523860149222616,1.0,1.0,0.6581323712246446,0.7529022393021729,2.0,0.0,0.0,0.0,99.0
osm-5669078458-310042746-0,primary,2.2436839850738846,1.0,1.0,0.6453246762474613,0.7639084121975025,2.0,0.0,0.0,0.0,99.0
osm-5669078465-5669078458-0,primary,4.429673288141235,1.0,1.0,0.6668370551113372,0.7452035573790825,2.0,0.0,0.0,0.0,99.0
osm-5670939322-5372153165-0,trunk,1.7776605448485534,1.0,1.0,0.020239347597786183,-0.9997951634253969,2.0,0.0,0.0,0.0,99.0
osm-5670944441-4566501487-0,secondary,4.020931220551626,1.0,1.0,0.7811976156581426,-0.6242838178985844,2.0,0.0,0.0,0.0,99.0
osm-5671006753-5671006757-0,trunk,4.386815151405679,1.0,1.0000000931333966,0.06294455274429994,-0.9980170255460675,3.0,0.0,0.0,0.0,99.0
osm-5671006757-5671006769-0,trunk,3.1029261076561063,1.0,1.0,0.01455762021271652,-0.9998940322322872,2.0,0.0,0.0,0.0,99.0
osm-5671006769-7038299405-0,trunk,3.6383490265642084,1.0,1.0,0.007463623558013051,-0.999972146773791,2.0,0.0,0.0,0.0,99.0
osm-5671006775-4859118379-0,trunk,5.278915358993051,1.0,1.0000521431552163,-0.069904620500234,0.9975536797750376,3.0,0.0,0.0,0.0,99.0
osm-5671045991-3723599610-0,motorway,6.523248013005419,1.0,1.0050589907260699,-0.15611883635977578,0.9877382795729188,9.0,0.0,0.0,0.0,99.0
osm-5671081801-5373977783-0,primary,4.078418411671842,1.0,1.0005829011142924,-0.9087116021786655,-0.4174245130150873,4.0,0.0,0.0,0.0,99.0
osm-5671267899-2821400645-0,primary,3.9855150736662703,1.0,1.0000200223061104,0.25056785940495935,-0.9680990382358701,4.0,0.0,0.0,0.0,99.0
osm-5671270622-7120411011-0,primary,2.8315649273400787,1.0,1.0,0.25471746763519343,-0.9670155178080206,2.0,0.0,0.0,0.0,99.0
osm-5671317482-5374290437-0,primary,2.7960000265002423,1.0,1.0,0.9970029515816623,-0.07736352200781413,2.0,0.0,0.0,0.0,99.0
osm-5671317488-4546100816-0,primary,2.301584592660462,1.0,1.0000831843237428,0.9568134513414305,-0.290702630418268,3.0,0.0,0.0,0.0,99.0
osm-5671327267-11246996071-0,primary,3.8736355450233506,1.0,1.0000000606047217,0.2336899419611277,-0.9723111698557231,4.0,0.0,0.0,0.0,99.0
osm-5671531324-5174097479-0,primary,3.872887088679548,1.0,1.0001628990686489,0.546243423912487,-0.83762648109546,3.0,0.0,0.0,0.0,99.0
osm-5671605046-191578995-0,primary,2.6282852326333477,1.0,1.0,0.9979476756454744,0.06403465213300517,2.0,0.0,0.0,0.0,99.0
osm-5671605060-9031325937-0,primary,2.5782451902185013,1.0,1.0,0.9979540090726347,0.063935872371117,2.0,0.0,0.0,0.0,99.0
osm-5671605063-13586870998-0,primary,1.2878542883066382,1.0,1.0,0.997979746699573,0.06353286690726424,2.0,0.0,0.0,0.0,99.0
osm-5671605067-9031074981-0,primary,3.2384039046757462,1.0,1.0,0.9979199207844639,0.06446574052571952,2.0,0.0,0.0,0.0,99.0
osm-5673840820-13456652652-0,trunk,3.704974235445226,1.0,1.0000005671176946,0.019795847096440028,-0.999804043019298,3.0,0.0,0.0,0.0,99.0
osm-5673841347-104356356-1,trunk,3.387199872018302,1.0,1.0001840528878112,0.03984325424858204,-0.9992059422816113,4.0,0.0,0.0,0.0,99.0
osm-5673841354-7284085578-0,primary,3.632467820187973,1.0,1.0000899628824174,0.9993425295218887,0.036256153805842184,4.0,0.0,0.0,0.0,99.0
osm-5673841364-3869782797-0,primary,5.046401328764991,1.0,1.0000043325422665,0.998389719724676,0.056727132380217885,3.0,0.0,0.0,0.0,99.0
osm-5673864834-5555933057-0,trunk,3.518595157930485,1.0,1.0,-0.20429572793673526,-0.9789092172141396,2.0,0.0,0.0,0.0,99.0
osm-5674017477-29939142-0,secondary,4.367217519020174,1.0,1.000000925509879,0.9506273789504741,0.3103346361425869,4.0,0.0,0.0,0.0,99.0
osm-5680696059-11542695776-0,primary,4.2250218858637165,1.0,1.0027930961243938,0.7798965135875948,0.6259084822032008,5.0,0.0,0.0,0.0,99.0
osm-5806359018-317156584-0,primary,6.063731718884961,1.0,1.006181396702907,-0.9999668913688511,-0.008137331633667555,7.0,0.0,0.0,0.0,99.0
osm-5984694495-6330678685-0,primary,2.014236131554561,1.0,1.0,0.2842659760094231,-0.9587454588593419,2.0,0.0,0.0,0.0,99.0
osm-6004639297-9657468817-0,trunk,2.438688175986386,1.0,1.0,0.03171273525238978,-0.9994970247193394,2.0,0.0,0.0,0.0,99.0
osm-6118418342-309714207-0,trunk,3.519839307625896,1.0,1.0,0.5561008626827141,-0.8311148118783236,2.0,0.0,0.0,0.0,99.0
osm-6135130582-6493403591-0,primary,4.09436122874988,1.0,1.0000000106469709,0.434114417107164,-0.9008577428538356,3.0,0.0,0.0,0.0,99.0
osm-6219014696-9696714817-0,primary,2.1925469877851085,1.0,1.0,0.7417578175235807,-0.6706678314506029,2.0,0.0,0.0,0.0,99.0
osm-6277705571-95022384-0,trunk,3.316546852041647,1.0,1.0,-0.12607658829522148,-0.9920205108181167,2.0,0.0,0.0,0.0,99.0
osm-6315603275-104369586-0,primary,3.5340660547365794,1.0,1.000638285207383,0.9351548563415256,0.35423917719651027,3.0,0.0,0.0,0.0,99.0
osm-6315609707-7225096520-0,primary,3.021107579885219,1.0,1.0001032131416228,0.8487158506326719,-0.5288491324421931,3.0,0.0,0.0,0.0,99.0
osm-6315609708-6315609707-0,primary,2.933005443645686,1.0,1.000014141011473,0.9274661527533489,0.37390712148460303,3.0,0.0,0.0,0.0,99.0
osm-6315609717-7018595457-0,primary,5.04499163123024,1.0,1.0057359198056723,0.994670844807801,0.10310145726096905,6.0,0.0,0.0,0.0,99.0
osm-6315609717-13695587270-0,primary,4.865455367582921,1.0,1.0043784920879717,0.999661240194083,0.026027002394204187,8.0,0.0,0.0,0.0,99.0
osm-6315615740-4548266767-0,primary,4.47311199338562,1.0,1.0000889287575319,0.9344498325359908,0.3560948054570001,4.0,0.0,0.0,0.0,99.0
osm-6315624963-11395329908-0,primary,3.64081777453516,1.0,1.0000323889584317,0.7906569162931821,0.6122594553926921,3.0,0.0,0.0,0.0,99.0
osm-6320275018-8503624788-0,primary,5.069099151769793,1.0,1.0202814230644137,0.9577104458801811,0.28773373429611077,8.0,0.0,0.0,0.0,99.0
osm-6322281575-13675743447-0,tertiary,4.256406720749231,0.0,1.0000044774003924,-0.18358378287413954,-0.9830040664542649,3.0,0.0,0.0,0.0,99.0
osm-6322395865-393856974-0,secondary,2.2134259566742274,1.0,1.0,0.9092307513936647,-0.41629249419141817,2.0,0.0,0.0,0.0,99.0
osm-6322395881-351116570-0,secondary,2.5788522626305284,1.0,1.0000003176571028,0.8330967225856708,-0.5531273368917992,3.0,0.0,0.0,0.0,99.0
osm-6322396585-11166256394-0,secondary,4.3815014968131285,1.0,1.000000007453966,0.8329736279910388,-0.5533126919486363,3.0,0.0,0.0,0.0,99.0
osm-6322396593-12729353047-0,secondary,1.9980959022258835,1.0,1.0,0.8064393292527654,-0.5913168425086079,2.0,0.0,0.0,0.0,99.0
osm-6330385236-6330385245-0,primary,3.12597075047772,1.0,1.000008477485346,0.9997360930124474,0.022972686569210633,3.0,0.0,0.0,0.0,99.0
osm-6330385245-1134908642-0,primary,4.754908287552688,1.0,1.000040644087467,0.9996943841365981,0.024721212060656278,4.0,0.0,0.0,0.0,99.0
osm-6330562646-310003828-0,tertiary,4.247366033304503,0.0,1.0000056781660507,-0.3084256724639981,0.951248445236643,3.0,0.0,0.0,0.0,99.0
osm-6330678685-5354213698-0,primary,4.016725304508962,1.0,1.0,0.2557087355967516,-0.9667538686447087,2.0,0.0,0.0,0.0,99.0
osm-6331233983-5513076629-1,trunk,4.3411265121017095,1.0,1.000609581836494,0.2482211215720103,-0.9687033987787662,4.0,0.0,0.0,0.0,99.0
osm-6331405436-5492419247-0,trunk,2.394434746623925,1.0,1.0,-0.9442346997340193,0.3292731872142134,2.0,0.0,0.0,0.0,99.0
osm-6332293300-6978444810-0,primary,4.2922386792828595,1.0,1.0159803555348117,0.8095692028372217,0.58702445078336,4.0,0.0,0.0,0.0,99.0
osm-6332594575-6332293300-0,primary,2.692056311347861,1.0,1.0,0.956759116172631,0.2908814081727569,2.0,0.0,0.0,0.0,99.0
osm-6332607740-9031970386-0,primary,3.414080700826262,1.0,1.0,0.039116391666021336,-0.9992346610796837,2.0,0.0,0.0,0.0,99.0
osm-6332686268-4260761277-0,primary,4.4228446291861365,1.0,1.0048093357454768,-0.4296741068393095,-0.9029840319251728,4.0,0.0,0.0,0.0,99.0
osm-6332686273-5652849431-0,primary,3.1289948800587606,1.0,1.0000079814630431,0.35917300968630744,-0.9332709944667088,4.0,0.0,0.0,0.0,99.0
osm-6333006951-5391413717-0,primary,3.5521142669790158,1.0,1.0000146255703835,0.3660140027861708,-0.9306093432608792,3.0,0.0,0.0,0.0,99.0
osm-6333252911-9019103699-0,secondary,4.566439752628028,1.0,1.0000269366929346,0.9812756494710868,-0.19260866998942894,4.0,0.0,0.0,0.0,99.0
osm-6334537720-4566501805-0,primary,4.195275280800542,1.0,1.0,-0.1960022107867277,0.9806034536787616,2.0,0.0,0.0,0.0,99.0
osm-6334537728-430546294-0,secondary,4.64696450764507,1.0,1.0000100515235675,0.9651029647603266,0.2618707074317931,4.0,0.0,0.0,0.0,99.0
osm-6334659081-4566501806-0,secondary,4.9855431016845,1.0,1.5175355596973008,0.2451565304713516,0.9694835096933053,9.0,0.0,0.0,0.0,99.0
osm-6334849877-309950695-0,primary,4.807506765821307,1.0,1.0017402571208334,0.3277566147462373,-0.9447621930888676,5.0,0.0,0.0,0.0,99.0
osm-6336788287-7117640144-0,primary,2.6344036609339114,1.0,1.0,0.9981878430370054,0.060174994915917164,2.0,0.0,0.0,0.0,99.0
osm-6336788292-309941624-0,primary,4.148517041110494,1.0,1.0020840419155466,0.17929460148011714,-0.9837954288774095,4.0,0.0,0.0,0.0,99.0
osm-6347347053-504912724-0,secondary,4.368054477106998,1.0,1.0,0.884274221971471,-0.46696798643670384,2.0,0.0,0.0,0.0,99.0
osm-6359768001-186894208-0,primary,5.502131298680088,1.0,1.000593435682478,0.98149570122379,0.19148417292095074,8.0,0.0,0.0,0.0,99.0
osm-6359768003-318168808-0,secondary,2.163208076525404,1.0,1.0,0.06318040496722035,0.9980021224567501,2.0,0.0,0.0,0.0,99.0
osm-6366750161-332517701-0,trunk,4.289760566855648,1.0,1.000249235906941,-0.05532687691422133,0.9984682952857935,4.0,0.0,0.0,0.0,99.0
osm-6370527438-321722198-0,primary,4.840202781694715,1.0,1.0004509096677718,-0.9958716433055611,-0.0907726283627458,5.0,0.0,0.0,0.0,99.0
osm-6370527439-6370527438-0,primary,3.3438154134240197,1.0,1.0000366038380395,-0.9955337557901087,-0.09440625552599896,3.0,0.0,0.0,0.0,99.0
osm-6406796742-9013059183-0,primary,2.884465461125404,1.0,1.0,-0.9998420816311014,0.01777109449600485,2.0,0.0,0.0,0.0,99.0
osm-6429880632-316486226-0,motorway,6.551203184639941,1.0,1.0000817397862105,-0.9999821132735824,-0.005981064529005172,7.0,0.0,0.0,0.0,99.0
osm-6430186685-2836706756-0,secondary,5.313220757257712,1.0,1.0001291410605524,-0.8531713360784421,0.521630780623734,5.0,0.0,0.0,0.0,99.0
osm-6430860592-9504400678-0,trunk_link,4.981824212242136,1.0,1.0043591168860988,0.990480690716102,-0.1376517392500125,9.0,0.0,0.0,0.0,99.0
osm-6434923286-5112284316-0,trunk,4.085169264286648,1.0,1.000000021923195,0.9738178664577627,0.22732963504050896,4.0,0.0,0.0,0.0,99.0
osm-6434930408-5112682630-0,trunk,3.8756701759623478,1.0,1.000000010211799,0.9983745519650763,-0.05699345566407699,3.0,0.0,0.0,0.0,99.0
osm-6434945508-1342879000-0,trunk,3.811583694089388,1.0,1.00001573795768,0.9984547541303923,-0.055570711300269124,3.0,0.0,0.0,0.0,99.0
osm-6434967979-2836706754-0,residential,4.360343239842723,1.0,1.0,0.5005296141219987,0.8657194149300818,2.0,0.0,0.0,0.0,99.0
osm-6451021641-4914353827-0,trunk,2.3381452683925965,1.0,1.0,-0.5242149358948435,-0.8515859915385909,2.0,0.0,0.0,0.0,99.0
osm-6451233564-1757800736-0,trunk,4.006168871318375,1.0,1.0094878490078572,-0.48912642135116324,0.8722129005788691,5.0,0.0,0.0,0.0,99.0
osm-6451233564-6776829930-0,trunk_link,4.014760082879258,1.0,1.0029712855474004,-0.1789192519657672,0.983863761542222,6.0,0.0,0.0,0.0,99.0
osm-6451233565-6451233564-0,trunk,1.7776605448485534,1.0,1.0,-0.564382562182005,0.8255133696705798,2.0,0.0,0.0,0.0,99.0
osm-6451233570-10098494032-0,trunk,1.9947003132247452,1.0,1.0,-0.012186889693558392,0.9999257371023096,2.0,0.0,0.0,0.0,99.0
osm-6451500598-3266396608-0,primary,3.198305703123491,1.0,1.0000000022563769,0.9341404097415053,0.3569057226887412,3.0,0.0,0.0,0.0,99.0
osm-6456763921-7070822596-0,primary,3.265301290578845,1.0,1.0000057286779913,0.9979491997126578,0.06401089589175983,4.0,0.0,0.0,0.0,99.0
osm-6459026538-1135179421-0,tertiary,3.6134282725659386,1.0,1.0,0.998099892108832,0.06161659981155983,2.0,0.0,0.0,0.0,99.0
osm-6459032697-12738838445-0,secondary,4.47139876455896,1.0,1.009702467746889,0.880594452070938,-0.4738706690457688,8.0,0.0,0.0,0.0,99.0
osm-6459323552-4990059014-0,primary,5.546032547524722,1.0,1.0022140047433024,0.9622634110413364,0.2721196938317623,5.0,0.0,0.0,0.0,99.0
osm-6459341771-5201675288-0,primary,5.842465574420326,1.0,1.000014822144816,0.9056433393154428,0.4240402598263209,5.0,0.0,0.0,0.0,99.0
osm-6471562381-4798985491-0,primary,3.9613273231122896,1.0,1.0001945938300256,-0.8939885265603713,-0.44808985078711205,5.0,0.0,0.0,0.0,99.0
osm-6471563890-5373977777-0,primary,3.0169065087853975,1.0,1.0,-0.8979311574266287,-0.440135929597295,2.0,0.0,0.0,0.0,99.0
osm-6477409182-4815227758-0,tertiary,3.8060623096982873,1.0,1.0,-0.9995395043819686,0.03034434345719997,2.0,0.0,0.0,0.0,99.0
osm-6486347952-9491290599-0,trunk,4.268703949348879,1.0,1.0002373153806672,0.22152289956460355,-0.9751551696876198,4.0,0.0,0.0,0.0,99.0
osm-6490074722-330177825-0,primary,2.320228528166641,1.0,1.0,-0.9997621579300794,-0.021808887431295845,2.0,0.0,0.0,0.0,99.0
osm-6493403591-3266332372-0,primary,3.6910271461713955,1.0,1.0,0.4338539246419143,-0.9009832251894638,2.0,0.0,0.0,0.0,99.0
osm-6531806778-7082730280-0,primary,2.2700619012884857,1.0,1.0,-0.9997341190114742,-0.023058431957777358,2.0,0.0,0.0,0.0,99.0
osm-6546950357-309712345-0,trunk,5.149144277933557,1.0,1.0001145083619927,0.5610140739379396,-0.8278062628680434,6.0,0.0,0.0,0.0,99.0
osm-6547719124-1675488274-0,primary,2.348514024882445,1.0,1.0,-0.9035127515728277,-0.4285612065333231,2.0,0.0,0.0,0.0,99.0
osm-6552109327-5671605046-0,primary,3.6313297872739256,1.0,1.0000000017028408,0.9980380688122354,0.06261000879686565,3.0,0.0,0.0,0.0,99.0
osm-6604587143-7059651780-0,primary,4.605520124752379,1.0,1.000011184518415,-0.9958043164975826,0.09150826872355534,3.0,0.0,0.0,0.0,99.0
osm-6776762980-310048835-0,primary,3.8065291475473075,1.0,1.000136293723509,0.8936847476896498,0.4486954108823569,5.0,0.0,0.0,0.0,99.0
osm-6776762981-6776762980-0,primary,2.5076461367574896,1.0,1.0,0.8519495757972229,0.5236238347315103,2.0,0.0,0.0,0.0,99.0
osm-6776829930-6776762981-0,trunk_link,3.3135312449095826,1.0,1.0,-0.39782983265245614,0.9174592221192823,2.0,0.0,0.0,0.0,99.0
osm-6797982811-6118418342-0,trunk,4.177582160792157,1.0,1.0001743616932366,0.5324181837200811,-0.8464814691676422,3.0,0.0,0.0,0.0,99.0
osm-6801763173-8811850651-0,residential,1.5353607090377845,0.0,1.0,-0.0606928177591255,0.9981564916747562,2.0,0.0,0.0,0.0,99.0
osm-6806925400-317193936-0,primary,3.6305085407876065,1.0,1.0,-0.870299151000432,0.4925234895595613,2.0,0.0,0.0,0.0,99.0
osm-6831185205-9486285513-0,trunk,3.3001608374843836,1.0,1.0,0.038518118296235214,-0.9992579019266834,2.0,0.0,0.0,0.0,99.0
osm-6862048641-5655125045-0,secondary,3.821572995839402,1.0,1.0346963145143886,0.7299754310225338,-0.6834733865363493,4.0,0.0,0.0,0.0,99.0
osm-6878897947-1139139728-0,trunk,3.5885893952692154,1.0,1.0,-0.8825157941416593,0.4702827586575085,2.0,0.0,0.0,0.0,99.0
osm-6884974160-11899737707-0,primary,3.1351898217798637,1.0,1.0,-0.5136683673059184,-0.8579888160280833,2.0,0.0,0.0,0.0,99.0
osm-6907592439-315710860-0,secondary,3.7831891335846777,1.0,1.0000737807828832,0.870965992764916,0.4913433010096141,6.0,0.0,0.0,0.0,99.0
osm-6907714745-5380146210-0,residential,4.965184547858872,1.0,1.010469207685534,0.8864078067752211,-0.462905173969726,3.0,0.0,0.0,0.0,99.0
osm-6910883258-4849427384-0,primary,3.8156442549054335,1.0,1.0000016874583206,-0.9422915983162644,-0.33479328509183054,3.0,0.0,0.0,0.0,99.0
osm-6978444809-9002723306-0,primary,5.226305657237742,1.0,1.0015033424054287,0.6689564685748736,0.7433015829068537,7.0,0.0,0.0,0.0,99.0
osm-6978444810-6978444809-0,primary,3.453821456834696,1.0,1.0001039140002126,0.6080460651231859,0.793901746243331,4.0,0.0,0.0,0.0,99.0
osm-6978547983-3723635038-0,trunk,5.434280799363842,1.0,1.0000229395181077,-0.23541103060636334,-0.9718959032061252,4.0,0.0,0.0,0.0,99.0
osm-7003228710-1321537155-0,primary,2.548194389023919,1.0,1.0006154895699606,-0.999650454669915,0.02643801199470476,3.0,0.0,0.0,0.0,99.0
osm-7003228710-7003248324-0,primary_link,2.711377991194885,1.0,1.0048293406162965,-0.5502271943656527,0.8350149906322054,5.0,0.0,0.0,0.0,99.0
osm-7003248324-1321537155-0,primary,2.570625525190538,1.0,1.0,-0.33782332440354373,-0.9412095417540868,2.0,0.0,0.0,0.0,99.0
osm-7015230195-4849427387-0,primary,4.1877741870119625,1.0,1.0011821437814896,-0.9301333388919976,-0.36722196541277907,3.0,0.0,0.0,0.0,99.0
osm-7015230199-7015230195-0,primary,3.8204119753254084,1.0,1.0,-0.8995476311963807,-0.4368226862343349,2.0,0.0,0.0,0.0,99.0
osm-7018595457-6315609708-0,primary,3.5617276684534525,1.0,1.007221709157615,0.9844962663320173,0.1754055346285226,6.0,0.0,0.0,0.0,99.0
osm-7026798812-5498027297-0,primary,6.05231973057833,1.0,1.006934643798402,-0.999996788162727,0.002534494866848758,17.0,0.0,0.0,0.0,99.0
osm-7027128992-4658384434-0,primary,4.523558748501107,1.0,1.000250572164851,-0.8789494748751212,0.4769148987154297,6.0,0.0,0.0,0.0,99.0
osm-7027231693-4152867163-0,primary,4.734583109348866,1.0,1.003764795381966,0.9995386419487247,0.0303727386203357,4.0,0.0,0.0,0.0,99.0
osm-7029385572-316486305-0,trunk_link,3.805150235779323,1.0,1.023541851551682,-0.764339810004348,-0.6448136590074044,7.0,0.0,0.0,0.0,99.0
osm-7029563618-4993841487-0,primary_link,3.3775533857477575,1.0,1.0000451754378974,-0.8285242691599006,-0.5599531546594344,3.0,0.0,0.0,0.0,99.0
osm-7029563618-7029563620-0,primary,2.595553169875064,1.0,1.0,-0.9971610330728008,-0.07529856652808592,2.0,0.0,0.0,0.0,99.0
osm-7029563620-7029563621-0,primary,2.4372033947188068,1.0,1.0,-0.9993822741613267,-0.03514356402151944,2.0,0.0,0.0,0.0,99.0
osm-7029563621-12530400916-0,primary,3.379428823189007,1.0,1.0000371430848,-0.9999980774464043,-0.001960893545076898,3.0,0.0,0.0,0.0,99.0
osm-7038299405-388023277-0,trunk,3.801203170322902,1.0,1.0,0.031834070939980946,-0.9994931675241149,2.0,0.0,0.0,0.0,99.0
osm-7039275702-1359134222-0,primary,3.6122143691784507,1.0,1.0,0.049063161290884234,0.9987956779062196,2.0,0.0,0.0,0.0,99.0
osm-7044795931-7509918742-0,primary,2.517696472610991,1.0,1.0,0.9996783890937935,0.02535977876161553,2.0,0.0,0.0,0.0,99.0
osm-7044795934-7044795931-0,primary,3.2511493854184965,1.0,1.0,0.9998473460567749,0.017472394890905407,2.0,0.0,0.0,0.0,99.0
osm-7045010187-5487633251-0,primary,5.328152829544591,1.0,1.0014966100301903,0.13222478667135842,0.9912197565574012,11.0,0.0,0.0,0.0,99.0
osm-7045010651-4502213977-0,secondary,3.5128878210148513,1.0,1.0,0.8505965129426482,-0.5258189537947517,2.0,0.0,0.0,0.0,99.0
osm-7045231385-11501464552-0,primary,3.1406547902736004,1.0,1.0,0.09596067165528119,0.9953851262177205,2.0,0.0,0.0,0.0,99.0
osm-7046982976-1682844563-0,primary,5.985778411636995,1.0,1.0110069050389234,-0.2803749492194915,0.959890560350589,18.0,0.0,0.0,0.0,99.0
osm-7050035434-7050035438-0,primary,3.5865698352893665,1.0,1.1141913824501428,0.6974100719501869,-0.7166723041547197,7.0,0.0,0.0,0.0,99.0
osm-7050035434-7050035440-0,trunk,4.306548493497925,1.0,1.0000615737988225,0.06329510599974097,-0.9979948544739504,3.0,0.0,0.0,0.0,99.0
osm-7050035438-7122914747-0,primary,4.4932213482534085,1.0,1.0019134883841625,0.9998595424660053,0.016759932567600833,4.0,0.0,0.0,0.0,99.0
osm-7050035440-7246575157-0,trunk,2.3633038280287515,1.0,1.0,0.040194023730476126,-0.9991918937102893,2.0,0.0,0.0,0.0,99.0
osm-7052519688-7070168306-0,trunk,4.48781580844469,1.0,1.0057562600897731,-0.08307749547525711,0.9965430897585706,7.0,0.0,0.0,0.0,99.0
osm-7055752942-5006633608-0,primary,4.790445708858405,1.0,1.0000234048925039,0.909030380173138,0.41672985004950175,3.0,0.0,0.0,0.0,99.0
osm-7055776846-4990059515-0,primary,5.2690893595877,1.0,1.0000888891565625,0.9065692042675766,0.42205719739586606,4.0,0.0,0.0,0.0,99.0
osm-7059042271-6315609717-0,primary,1.8468787684491346,1.0,1.0,0.9979140410133556,0.06455669406339667,2.0,0.0,0.0,0.0,99.0
osm-7059651780-316412093-0,primary,2.5791556606911077,1.0,1.0,-0.9978396457936599,0.06569658501309819,2.0,0.0,0.0,0.0,99.0
osm-7062375566-7513762422-0,primary,1.8468787684491346,0.0,1.0,0.9979140369741619,0.06455675650101178,2.0,0.0,0.0,0.0,99.0
osm-7070168306-7483895436-0,trunk,2.5058524143034626,1.0,1.0,-0.04616838294124235,0.9989336716802526,2.0,0.0,0.0,0.0,99.0
osm-7070168315-310048098-0,motorway,6.908711821349583,1.0,1.0019054712399917,0.06624660094019355,-0.9978032811450716,12.0,0.0,0.0,0.0,99.0
osm-7070822596-7027231693-0,primary,4.282523928500215,1.0,1.0017264097324095,0.9999775141821424,-0.0067060517522012425,4.0,0.0,0.0,0.0,99.0
osm-7082730280-5655139014-0,primary,3.6727500721840527,1.0,1.0000000016198525,-0.9999939500132341,-0.003478496360417446,3.0,0.0,0.0,0.0,99.0
osm-7082864214-310048835-0,motorway_link,4.307370435348025,1.0,1.0073227802431617,0.9651206007775915,0.26180570267796066,6.0,0.0,0.0,0.0,99.0
osm-7096117327-6862048641-0,secondary,3.792811449922966,1.0,1.0,0.8929774407052216,-0.4501014223389575,2.0,0.0,0.0,0.0,99.0
osm-7098183581-9695103618-0,secondary,3.3155305549050635,1.0,1.0,0.8794394411691148,0.4760107869745759,2.0,0.0,0.0,0.0,99.0
osm-7103369194-317156628-0,primary,3.0591764461105257,1.0,1.0,-0.9981848622949178,-0.06022441934361962,2.0,0.0,0.0,0.0,99.0
osm-7103369200-7103369194-0,primary,2.920577599953231,1.0,1.0,-0.9944545827935799,-0.10516692807554501,2.0,0.0,0.0,0.0,99.0
osm-7103903985-1351484887-0,primary,1.832741450949675,1.0,1.0,0.2673930493010546,-0.9635875451589667,2.0,0.0,0.0,0.0,99.0
osm-7104997606-5172730315-0,secondary,4.178900148446739,1.0,1.0022516432585737,0.8187884168338688,-0.5740954001371956,3.0,0.0,0.0,0.0,99.0
osm-7105384963-1342878909-0,trunk,4.621230525534605,1.0,1.0138361486551586,0.9392289415431493,-0.3432914146432087,6.0,0.0,0.0,0.0,99.0
osm-7112944949-393861915-0,secondary,3.2908987677153982,1.0,1.0,0.8330156973986204,-0.5532493541681637,2.0,0.0,0.0,0.0,99.0
osm-7117458776-5380055271-0,trunk,5.2337415113802255,1.0,1.000027432748186,0.9293248848789349,-0.369263128872562,4.0,0.0,0.0,0.0,99.0
osm-7117640144-5189820259-0,primary,5.24996710560699,1.0,1.0028213157424122,0.9965149769299834,-0.08341403211831175,8.0,0.0,0.0,0.0,99.0
osm-7118113165-104356359-0,trunk,4.332731342949004,1.0,1.0,0.3174329224088784,-0.9482807283557749,2.0,0.0,0.0,0.0,99.0
osm-7120306569-5371596275-0,primary,4.164880686725747,1.0,1.000000071085762,0.23912152027815317,-0.9709896490384771,4.0,0.0,0.0,0.0,99.0
osm-7120306577-7120306569-0,primary,3.2953552685734193,1.0,1.0,0.2395134165592197,-0.9708930545060716,2.0,0.0,0.0,0.0,99.0
osm-7120310389-9665578858-0,primary,4.0943445622221,1.0,1.0,0.8131985625709662,0.5819863381837364,2.0,0.0,0.0,0.0,99.0
osm-7120318185-7120380404-0,primary,3.1463051320333655,1.0,1.0,0.23899372246597397,-0.9710211123460998,2.0,0.0,0.0,0.0,99.0
osm-7120341842-7120393917-0,primary,2.953555194654805,1.0,1.0,0.23906770814606793,-0.9710028995434496,2.0,0.0,0.0,0.0,99.0
osm-7120370231-4996688468-0,primary,4.075535441235046,1.0,1.0,0.24409216017624524,-0.9697520391009725,2.0,0.0,0.0,0.0,99.0
osm-7120377653-29939156-0,primary,3.6773633981526888,1.0,1.0000821109923919,0.248705379192009,-0.9685791833200624,3.0,0.0,0.0,0.0,99.0
osm-7120377658-7120377653-0,primary,2.5760414581818445,1.0,1.0,0.2412155472371635,-0.9704715656685031,2.0,0.0,0.0,0.0,99.0
osm-7120380401-5371596264-0,primary,2.7266102266231202,1.0,1.0,0.23921147786200844,-0.970967491144309,2.0,0.0,0.0,0.0,99.0
osm-7120380404-7120380401-0,primary,2.848507553797466,1.0,1.0,0.23929582422585483,-0.9709467073470452,2.0,0.0,0.0,0.0,99.0
osm-7120383641-10758010539-0,primary,4.3199517429742835,1.0,1.0001157459142065,0.24531649350492427,-0.9694430452659137,6.0,0.0,0.0,0.0,99.0
osm-7120383650-7120383641-0,primary,3.089996451944074,1.0,1.0001025823056024,0.2487758862593363,-0.9685610762444884,3.0,0.0,0.0,0.0,99.0
osm-7120383655-7120383650-0,primary,2.4543615279598394,1.0,1.0,0.23067867513187268,-0.9730299835253814,2.0,0.0,0.0,0.0,99.0
osm-7120383657-1163404618-0,primary,2.523806798745557,1.0,1.0,0.227352466276289,-0.9738125364145241,2.0,0.0,0.0,0.0,99.0
osm-7120383659-7120383657-0,primary,3.035481693071274,1.0,1.0,0.23437510638937883,-0.9721462387444428,2.0,0.0,0.0,0.0,99.0
osm-7120393905-7120377658-0,primary,3.9455931688674775,1.0,1.0000565699617603,0.225011046771364,-0.9743562124966696,3.0,0.0,0.0,0.0,99.0
osm-7120393917-7120306577-0,primary,2.2013272609198187,1.0,1.0,0.2379764869985925,-0.9712709156748228,2.0,0.0,0.0,0.0,99.0
osm-7120393920-5371596268-0,primary,2.7919623359541657,1.0,1.0,0.23968667222804754,-0.9708502969851966,2.0,0.0,0.0,0.0,99.0
osm-7120410534-4899821967-0,primary,4.590249422977518,1.0,1.0000434798787445,0.24476080968221917,-0.9695834910123545,3.0,0.0,0.0,0.0,99.0
osm-7120410539-7120410534-0,primary,3.5599659540205977,1.0,1.000000020295598,0.25338463587677107,-0.9673656114942252,3.0,0.0,0.0,0.0,99.0
osm-7120410540-7120410539-0,primary,3.0146030943042423,1.0,1.0,0.24926240409113093,-0.9684359833807858,2.0,0.0,0.0,0.0,99.0
osm-7120410546-13720913830-0,primary,2.3333082656368864,1.0,1.0,0.23981479419336632,-0.970818656848947,2.0,0.0,0.0,0.0,99.0
osm-7120411005-7120419447-0,primary,4.027420976856526,1.0,1.0,0.2398913191695362,-0.9707997501993394,2.0,0.0,0.0,0.0,99.0
osm-7120411011-7120411005-0,primary,3.0430451566046086,1.0,1.0,0.2496775522499707,-0.9683290349372279,2.0,0.0,0.0,0.0,99.0
osm-7120419442-29939154-0,primary,3.5998569652847996,1.0,1.0000315451837851,0.26090973148872,-0.9653632021236794,4.0,0.0,0.0,0.0,99.0
osm-7120419444-7120419442-0,primary,3.317018353419549,1.0,1.0,0.2599726211341487,-0.9656159879893458,2.0,0.0,0.0,0.0,99.0
osm-7120419447-7120419444-0,primary,2.410183103592064,1.0,1.0,0.26068294150371657,-0.965424468308614,2.0,0.0,0.0,0.0,99.0
osm-7120440775-7756153690-0,primary,2.1400661634962708,1.0,1.0,0.4421696226862465,-0.8969314493167817,2.0,0.0,0.0,0.0,99.0
osm-7120440781-5671531324-0,primary,3.960260636026634,1.0,1.0002708841400298,0.5134611307545854,-0.8581128522544238,6.0,0.0,0.0,0.0,99.0
osm-7120487195-316374654-0,primary,2.687098914349278,1.0,1.0,0.5273390670324513,-0.8496549348890665,2.0,0.0,0.0,0.0,99.0
osm-7120487197-7120487195-0,primary,2.7606426512213806,1.0,1.0,0.5083204066721909,-0.8611680231874721,2.0,0.0,0.0,0.0,99.0
osm-7120502855-4750115938-0,primary,5.0758923070567485,1.0,1.0000238669405563,0.4969762840940661,-0.8677641229320638,4.0,0.0,0.0,0.0,99.0
osm-7120512601-5669076905-0,primary,4.118402827315172,1.0,1.0,0.6719243951840991,0.740619745319069,2.0,0.0,0.0,0.0,99.0
osm-7120831201-1376428022-0,trunk,2.5472552748525357,1.0,1.0,-0.3736993705587186,-0.927549880299716,2.0,0.0,0.0,0.0,99.0
osm-7122843809-7045010651-0,secondary,3.5665140604735805,1.0,1.0,0.8698237465441979,-0.4933625948000263,2.0,0.0,0.0,0.0,99.0
osm-7122914747-5673841354-0,primary,3.7371456715234244,1.0,1.0,0.9986840459854378,0.051285244409633717,2.0,0.0,0.0,0.0,99.0
osm-7123191860-13828094473-0,primary,3.842029633607611,1.0,1.0,0.6734026851735962,-0.7392758778703593,2.0,0.0,0.0,0.0,99.0
osm-7131381422-5425990246-0,trunk,4.593168452446494,1.0,1.000088980570173,0.5367238956505481,0.8437579391257303,3.0,0.0,0.0,0.0,99.0
osm-7131628847-5068494252-0,residential,3.3917192726280447,1.0,1.0000000142184824,0.8365463284287448,-0.5478961949059208,4.0,0.0,0.0,0.0,99.0
osm-7131628852-7131628847-1,service,4.365554206105349,0.0,2.612919417626824,0.8365704537070401,-0.5478593578505319,12.0,0.0,0.0,0.0,99.0
osm-7131701881-9694163557-0,primary,5.783012544536762,1.0,1.000059960669162,-0.9999869025226787,0.0051180839284420045,4.0,0.0,0.0,0.0,99.0
osm-7132187495-7132187498-0,primary,3.9515321385228583,1.0,1.0000256329701194,-0.9093141146356408,-0.41611037108488486,3.0,0.0,0.0,0.0,99.0
osm-7132187498-9009474493-0,primary,2.896519488482399,1.0,1.0002804528538256,-0.8950728096797529,-0.44592002127286556,3.0,0.0,0.0,0.0,99.0
osm-7132270238-5374380799-0,primary,5.23267423555357,1.0,1.0001434594809204,-0.991448704127383,-0.13049700028787287,11.0,0.0,0.0,0.0,99.0
osm-7137519768-7137727237-0,trunk,5.611246775751068,1.0,1.0075356808070466,0.32803958966459357,0.9446639760320519,11.0,0.0,0.0,0.0,99.0
osm-7137574112-5380068218-0,trunk,4.661985207542323,1.0,1.0000647080272376,0.2900865621908115,0.9570004108861795,4.0,0.0,0.0,0.0,99.0
osm-7137652765-328320159-0,trunk_link,4.7451842704857965,1.0,1.0819806747346215,-0.9194386367353791,0.39323350986174577,12.0,0.0,0.0,0.0,99.0
osm-7137727237-7246511033-0,trunk,2.857159623690051,1.0,1.0,0.3853020548407031,0.9227905106444971,2.0,0.0,0.0,0.0,99.0
osm-7137820748-4548267014-0,trunk,4.089616736981871,1.0,1.0,0.9982304808276307,-0.059463494235012446,2.0,0.0,0.0,0.0,99.0
osm-7140161059-6434930408-0,trunk,3.72074142726268,1.0,1.0,0.9969676031580016,-0.0778177245451797,2.0,0.0,0.0,0.0,99.0
osm-7140306354-6434945508-0,trunk,4.014760082879258,1.0,1.000004744690063,0.99943817040654,-0.0335163174353617,5.0,0.0,0.0,0.0,99.0
osm-7147121113-7697810035-0,trunk,5.948369137002397,1.0,1.0000867175870725,0.5213529573290163,0.8533411357038221,10.0,0.0,0.0,0.0,99.0
osm-7149726253-5487632874-0,trunk,4.683075225861618,1.0,1.0000824077784392,0.9783769693157275,-0.2068296543355715,6.0,0.0,0.0,0.0,99.0
osm-7152827727-10599212863-0,tertiary,3.632943821783633,0.0,1.0069238649986765,0.07737874169261107,-0.9970017704768975,3.0,0.0,0.0,0.0,99.0
osm-7156322369-316374602-0,primary,3.3350575791576103,1.0,1.001261356363204,0.10423353672112615,0.9945528491853038,3.0,0.0,0.0,0.0,99.0
osm-7192466992-1695811568-0,residential,4.672267929520586,0.0,1.0640097064984793,0.8363251133657146,0.5482338048258468,13.0,0.0,0.0,0.0,99.0
osm-7225096520-4800528564-0,primary,3.1646730388538846,1.0,1.0113139676313385,0.9878072752600187,-0.1556816846754227,5.0,0.0,0.0,0.0,99.0
osm-7226592293-7226690310-0,primary,4.5559484286957455,1.0,1.0,-0.9947124351986812,0.10269942191224526,2.0,0.0,0.0,0.0,99.0
osm-7226690310-9684746119-0,primary,3.7955116608298174,1.0,1.0,-0.9956619461535108,0.09304455374606013,2.0,0.0,0.0,0.0,99.0
osm-7226690317-1311842311-0,primary,3.0297954788296915,1.0,1.0,-0.9952727861890718,0.09711890172073757,2.0,0.0,0.0,0.0,99.0
osm-7229469661-4776087714-0,tertiary,3.2946509779317594,0.0,1.0000051593249566,0.9994563019976183,0.0329712055776796,3.0,0.0,0.0,0.0,99.0
osm-7241544817-5227396653-0,primary,3.8034573588213716,1.0,1.0,-0.9999349101951103,0.01140944227807836,2.0,0.0,0.0,0.0,99.0
osm-7241781245-315305416-0,tertiary,3.0319677661360864,0.0,1.0,-0.996884819946174,-0.07887113388866948,2.0,0.0,0.0,0.0,99.0
osm-7246473924-4564612508-0,primary,3.4572626055951043,1.0,1.000203256334241,0.00503715332822373,-0.9999873134626999,3.0,0.0,0.0,0.0,99.0
osm-7246511033-7137652765-0,trunk,3.480809227297204,1.0,1.0000962617903093,0.42418319135916055,0.9055764021706605,3.0,0.0,0.0,0.0,99.0
osm-7246575157-5673840820-0,trunk,2.4202792358106886,1.0,1.0,0.03990768680597945,-0.9992033709579826,2.0,0.0,0.0,0.0,99.0
osm-7249176145-104363249-0,primary,3.8516146102330504,1.0,1.0000754824096734,0.9232136482288358,-0.38428707982965477,4.0,0.0,0.0,0.0,99.0
osm-7260196327-1139139742-1,trunk,5.704222377884586,1.0,1.0019369725983007,-0.9210721803517203,0.38939188304602346,5.0,0.0,0.0,0.0,99.0
osm-7260204106-6331405436-0,trunk,4.502140285668547,1.0,1.0002427021324702,-0.9525662421173319,0.30433132336068297,4.0,0.0,0.0,0.0,99.0
osm-7284085578-317417610-0,primary,2.7162828860286865,1.0,1.0,0.969760528488764,-0.2440584302686408,2.0,0.0,0.0,0.0,99.0
osm-7400356402-95010735-0,trunk,2.6248859598414414,1.0,1.0,0.2926751616786414,0.9562119272088071,2.0,0.0,0.0,0.0,99.0
osm-7400356402-1133343792-0,tertiary,4.9601416798792695,0.0,1.0006749197803018,-0.9960225573439959,-0.08910143243476182,6.0,0.0,0.0,0.0,99.0
osm-7483895397-5372153187-0,trunk,3.7947248521972767,1.0,1.0,-0.03153724331825712,0.9995025774273346,2.0,0.0,0.0,0.0,99.0
osm-7483895436-7483895397-0,trunk,1.5078480566724672,1.0,1.0,-0.04086530055177918,0.9991646647128855,2.0,0.0,0.0,0.0,99.0
osm-7496439574-1321228566-0,primary,3.643123432275732,1.0,1.0000716323861447,0.9999763776548054,-0.00687343672219061,4.0,0.0,0.0,0.0,99.0
osm-7509918738-9691407991-0,primary,1.8201849434117587,1.0,1.0,0.11752507331941833,0.9930699155352887,2.0,0.0,0.0,0.0,99.0
osm-7509918742-7496439574-0,primary,2.46334247187216,1.0,1.0,0.9999914317363495,0.0041396200170896475,2.0,0.0,0.0,0.0,99.0
osm-7513762422-9075741779-0,primary,2.831034501513586,0.0,1.0000006672493298,0.9979443707607007,0.06408613630910334,4.0,0.0,0.0,0.0,99.0
osm-7516900856-4548266264-0,trunk,3.6457370612170945,1.0,1.0000004768632405,0.8687161280786013,-0.49531029548771055,3.0,0.0,0.0,0.0,99.0
osm-7530848743-11925999197-0,primary,5.171313196610031,1.0,1.0013646891207293,-0.9990374323590355,0.043865803827874625,6.0,0.0,0.0,0.0,99.0
osm-7570445358-4564851111-0,primary,2.883682769745368,1.0,1.0,0.9659084436909657,-0.25888390913012815,2.0,0.0,0.0,0.0,99.0
osm-7576918586-2415817217-0,motorway,5.780620051380789,1.0,1.0001002658567146,0.5147219798551653,0.8573571504652998,6.0,0.0,0.0,0.0,99.0
osm-7576918597-7147121113-0,trunk,4.38589414620037,1.0,1.0001228865380447,0.5077341709437513,0.8615137907521049,4.0,0.0,0.0,0.0,99.0
osm-7576934780-5379667162-0,trunk,4.9375268222756175,1.0,1.0005841118920917,0.49744961299366847,0.8674928717473415,5.0,0.0,0.0,0.0,99.0
osm-7595258503-6907592439-0,secondary,3.773220602547687,1.0,1.0,0.8611298852177882,0.5083850123526449,2.0,0.0,0.0,0.0,99.0
osm-7614917291-13721122640-0,primary_link,2.3365033111975064,1.0,1.0,0.6671889879252176,-0.7448884845339763,2.0,0.0,0.0,0.0,99.0
osm-7614917300-5459048224-0,primary,2.8251218726880474,1.0,1.0,0.7240462810483684,-0.6897513920972012,2.0,0.0,0.0,0.0,99.0
osm-7614917300-7614917291-0,primary_link,4.330075229041782,1.0,1.0260906676531663,0.4986636735642682,-0.8667955587492295,8.0,0.0,0.0,0.0,99.0
osm-7647950148-1135179379-0,primary,3.5306454488490417,1.0,1.000000000009338,0.3938410182314358,-0.9191785747929647,3.0,0.0,0.0,0.0,99.0
osm-7694410074-5373977782-0,primary,3.993289579256494,1.0,1.0000084026885672,-0.9532271938628397,-0.3022547218495954,3.0,0.0,0.0,0.0,99.0
osm-7697810034-5068494251-0,residential,3.465548385219404,1.0,1.0000000562835925,0.8421620188235311,-0.5392245673660228,4.0,0.0,0.0,0.0,99.0
osm-7697810035-9529290217-0,trunk,4.690200435172667,1.0,1.0001846490149775,0.4994915827954925,0.866318739677524,6.0,0.0,0.0,0.0,99.0
osm-7697810036-7697810035-0,trunk_link,2.827076907523851,1.0,1.0,0.9653583945475541,0.260927518818098,2.0,0.0,0.0,0.0,99.0
osm-7756153690-5377076414-0,primary,2.7053799725463312,1.0,1.0,0.5139221903755559,-0.8578368039665767,2.0,0.0,0.0,0.0,99.0
osm-7756153695-7120440775-0,primary,3.1906820904974187,1.0,1.0,0.4942638613615888,-0.869311932134796,2.0,0.0,0.0,0.0,99.0
osm-7756168367-4750115942-0,primary,3.48584485572244,1.0,1.0,0.4722237414573415,-0.881478722377364,2.0,0.0,0.0,0.0,99.0
osm-7756197690-9013826114-0,primary,2.6726993237992844,1.0,1.0,0.4699376983834625,-0.8826995862908591,2.0,0.0,0.0,0.0,99.0
osm-7760892449-7697810034-0,trunk,2.223217157610473,1.0,1.0,0.5261009424125179,0.8504221295290125,2.0,0.0,0.0,0.0,99.0
osm-7805088053-7003228710-0,primary,3.5792319848094056,1.0,1.0000000021516102,-0.9998875228168097,-0.01499805704962419,3.0,0.0,0.0,0.0,99.0
osm-8132773400-1325257182-0,trunk,4.643265265853862,1.0,1.000296255878592,-0.10865693160918287,0.9940793083116042,7.0,0.0,0.0,0.0,99.0
osm-8132787924-309086906-0,motorway,6.819131693992412,1.0,1.0018669820357293,0.13003299455187686,-0.9915096672891655,7.0,0.0,0.0,0.0,99.0
osm-8208701324-6334849877-0,primary,5.3137477042033945,1.0,1.0015000837098738,0.29343852139163806,-0.9559779464838555,8.0,0.0,0.0,0.0,99.0
osm-8313092690-1315069362-0,primary,4.14922724039069,1.0,1.000000015344213,-0.9949703126165141,0.10017024015043624,3.0,0.0,0.0,0.0,99.0
osm-8313442289-8488635417-0,tertiary,3.0050388328742907,0.0,1.0,-0.996703051060937,-0.08113586140430899,2.0,0.0,0.0,0.0,99.0
osm-8434800015-1675426459-0,primary,3.3021134234382563,1.0,1.00000001304803,0.25134989753439513,-0.9678962904203369,3.0,0.0,0.0,0.0,99.0
osm-8478023954-4499976535-0,primary,3.4365967000140163,1.0,1.0,0.23114779454593806,-0.9729186487453866,2.0,0.0,0.0,0.0,99.0
osm-8481827349-9685151098-0,primary,4.198974811300183,1.0,1.0000003171228407,-0.9936302536553333,0.11268948052430594,3.0,0.0,0.0,0.0,99.0
osm-8488629808-8313442289-0,tertiary,1.9079115459640799,0.0,1.0,-0.9958447096992106,-0.09106763510762267,2.0,0.0,0.0,0.0,99.0
osm-8488635417-8488629813-0,service,4.477359541492673,0.0,1.039854465506225,-0.06989063507951236,0.9975546597195476,10.0,0.0,0.0,0.0,99.0
osm-8488635421-8488635417-0,tertiary,3.055603670591381,0.0,1.0,0.9926643851469212,0.12090251635464384,2.0,0.0,0.0,0.0,99.0
osm-8488921432-9009735918-0,primary,3.432372999130605,1.0,1.0,0.733401474176929,-0.6797957617366464,2.0,0.0,0.0,0.0,99.0
osm-8499454046-393856973-0,secondary,4.177796835331047,1.0,1.00000001761158,0.9881365817017094,-0.15357765430836967,4.0,0.0,0.0,0.0,99.0
osm-8500012435-6334537728-0,secondary,3.956862518900838,1.0,1.0,0.969036332799042,0.24691817615433706,2.0,0.0,0.0,0.0,99.0
osm-8502330159-6806925400-0,primary,3.1831242871610512,1.0,1.0,-0.8571648527716361,0.5150421489285896,2.0,0.0,0.0,0.0,99.0
osm-8503624788-4986680280-0,primary,4.380400312929297,1.0,1.0000120319989039,0.9989301953972141,0.04624353710178155,3.0,0.0,0.0,0.0,99.0
osm-8504122967-352897085-0,primary,3.1669507520032814,1.0,1.0,0.32868140888191866,-0.9444408565153231,2.0,0.0,0.0,0.0,99.0
osm-8505902513-315487156-0,primary,3.934606077428404,1.0,1.0001759035703244,0.7951628660709025,0.606395923817029,3.0,0.0,0.0,0.0,99.0
osm-8509401662-329969014-0,primary,3.8442793533416264,1.0,1.000055282573315,0.36821581613030946,-0.9297403469525727,3.0,0.0,0.0,0.0,99.0
osm-8509445105-308981972-0,tertiary,3.515418525752178,0.0,1.0,-0.9949684774250515,0.10018846705322396,2.0,0.0,0.0,0.0,99.0
osm-8509512970-10090012698-0,tertiary,2.5208366982278276,0.0,1.0,-0.2502803430559315,0.9681734089923175,2.0,0.0,0.0,0.0,99.0
osm-8509975229-9679957698-0,primary,3.7054661314683273,1.0,1.0001062173753328,-0.946226179276911,-0.32350582321036975,4.0,0.0,0.0,0.0,99.0
osm-8510368916-5379767874-0,secondary,3.9911668477047337,1.0,1.0000970820938138,0.8502873013704767,-0.5263188245997972,3.0,0.0,0.0,0.0,99.0
osm-8510661425-8510661436-0,primary,3.6795864072023434,1.0,1.0000006379035244,0.02432278302464143,-0.9997041573515317,4.0,0.0,0.0,0.0,99.0
osm-8510661436-4776237951-0,primary,4.568765504094292,1.0,1.0002987968068788,-0.006488874021743334,-0.9999789470353513,4.0,0.0,0.0,0.0,99.0
osm-8519460813-315480467-0,primary,2.0992441689760155,1.0,1.0,0.9619187410100323,0.27333557341420883,2.0,0.0,0.0,0.0,99.0
osm-8520330753-8520330756-0,tertiary,3.368054163068901,1.0,1.0,0.9999845682110954,-0.005555478347464082,2.0,0.0,0.0,0.0,99.0
osm-8520330756-6459026538-0,tertiary,4.70817793606232,1.0,1.0000799237676747,0.9999896239065181,-0.004555445016737947,4.0,0.0,0.0,0.0,99.0
osm-8523204009-8523204012-0,residential,2.5380523939970874,0.0,1.0,-0.9996923052865515,-0.02480513557431944,2.0,0.0,0.0,0.0,99.0
osm-8523204012-9013720102-0,residential,3.1240375337069146,0.0,1.0000000280328358,0.031020855940753295,0.9995187374415264,3.0,0.0,0.0,0.0,99.0
osm-8547875909-1359134207-0,primary,3.0399883648085284,1.0,1.0,0.06775083648511968,0.997702272301495,2.0,0.0,0.0,0.0,99.0
osm-8555984047-9622773431-0,primary,3.63632220337526,1.0,1.0000143551497784,0.3562999943372405,-0.9343716145277972,4.0,0.0,0.0,0.0,99.0
osm-8562305801-1135179404-0,tertiary,3.6848965328029943,0.0,1.010293523490215,0.9945340227813314,0.10441301418109802,8.0,0.0,0.0,0.0,99.0
osm-8609186468-9013826103-0,primary,3.5299130305175614,1.0,1.0,0.734284706889109,-0.6788416378131025,2.0,0.0,0.0,0.0,99.0
osm-8749112680-1682844228-0,primary,5.415406828404376,1.0,1.0012165697926168,0.10457667555022232,0.9945168268716541,9.0,0.0,0.0,0.0,99.0
osm-8772028147-4776237953-0,primary,5.248328484202965,1.0,1.0000205800973945,-0.0029789518191440443,-0.9999955629131857,5.0,0.0,0.0,0.0,99.0
osm-8789425687-9003229253-0,primary,2.7536607123542622,1.0,1.0,-0.007519476611176049,0.9999717283361035,2.0,0.0,0.0,0.0,99.0
osm-8796979647-9018975643-0,secondary,3.168213910065973,1.0,1.0,0.9974540200360864,0.07131253686309723,2.0,0.0,0.0,0.0,99.0
osm-8810858536-4836392299-0,tertiary,4.690053466853261,0.0,1.0005757582931771,0.03917066058024807,-0.9992325351737237,3.0,0.0,0.0,0.0,99.0
osm-8811305451-317156534-0,primary,3.8354011067767035,1.0,1.0000031525211222,0.5025501816567143,-0.8645480408379881,3.0,0.0,0.0,0.0,99.0
osm-8811850651-9533955736-0,residential,3.077588720023823,0.0,1.0,0.012279252495960223,0.9999246071370284,2.0,0.0,0.0,0.0,99.0
osm-8992056526-12745136709-0,primary,4.377503922612893,1.0,1.0006468092262,0.9766616736238003,0.21478355447835729,3.0,0.0,0.0,0.0,99.0
osm-8992744188-9676145373-0,primary,2.440345032698531,1.0,1.0,0.9981684866786421,0.06049522461871979,2.0,0.0,0.0,0.0,99.0
osm-8995440646-7059042271-0,primary,2.352517461742255,1.0,1.0,0.9983580038309454,0.05728259933601078,2.0,0.0,0.0,0.0,99.0
osm-9002723306-4466078450-0,primary,3.6956812692328644,1.0,1.0003734689295891,0.5699565780331126,0.8216748135100554,5.0,0.0,0.0,0.0,99.0
osm-9003037183-9003037188-0,primary,4.346373549959394,1.0,1.0000631008476741,0.00826942924516562,0.9999658076854224,4.0,0.0,0.0,0.0,99.0
osm-9003037188-4999344324-0,primary,2.591741078701827,1.0,1.0,-0.04026895307899363,0.9991888767484963,2.0,0.0,0.0,0.0,99.0
osm-9003037197-9003037205-0,primary,2.9369372270434857,1.0,1.0,0.07056555170591877,0.9975071442914277,2.0,0.0,0.0,0.0,99.0
osm-9003037205-8547875909-0,primary,4.6890240833813905,1.0,1.0001183207862907,0.08823961655287599,0.9960992772161826,4.0,0.0,0.0,0.0,99.0
osm-9003229253-9003229257-0,primary,4.063163444738526,1.0,1.0,-0.011796905740328904,0.9999304140863772,2.0,0.0,0.0,0.0,99.0
osm-9003229257-9009429368-0,primary,3.9716683243545865,1.0,1.0,-0.005094639615812943,0.9999870222393814,2.0,0.0,0.0,0.0,99.0
osm-9003292724-9506862589-0,trunk,3.6672727003598773,1.0,1.0,0.037964599793990514,-0.9992790847218219,2.0,0.0,0.0,0.0,99.0
osm-9004158961-9028323630-0,trunk,3.31770707116313,1.0,1.0000000295406732,-0.1907739786329503,-0.981633989364954,3.0,0.0,0.0,0.0,99.0
osm-9009175767-3266396597-0,trunk,3.869532953807194,1.0,1.0088891892300658,-0.2189253698063883,0.9757416063974806,4.0,0.0,0.0,0.0,99.0
osm-9009398139-4849427408-0,primary,3.482039769506256,1.0,1.0,-0.9110384229584432,-0.41232146669,2.0,0.0,0.0,0.0,99.0
osm-9009429368-9009429371-0,primary,3.650840042948634,1.0,1.0,-0.005010250989418698,0.9999874486137429,2.0,0.0,0.0,0.0,99.0
osm-9009429371-9003037183-0,primary,2.73922581857066,1.0,1.0,-0.033601805285538966,0.9994352998976735,2.0,0.0,0.0,0.0,99.0
osm-9009429383-9003037197-0,primary,4.106371942434819,1.0,1.0005464810789546,0.0485173228088409,0.99882234125367,4.0,0.0,0.0,0.0,99.0
osm-9009474493-6471563890-0,primary,3.6643305811925235,1.0,1.0,-0.9113268222485424,-0.4116836443804557,2.0,0.0,0.0,0.0,99.0
osm-9009656613-8488921432-0,primary,3.6083470432220155,1.0,1.0,0.7102762654982029,-0.7039230260972619,2.0,0.0,0.0,0.0,99.0
osm-9009735918-9013826100-0,primary,2.940536638086041,1.0,1.0,0.7246042148962645,-0.6891652427063977,2.0,0.0,0.0,0.0,99.0
osm-9013059177-9013720103-0,primary,3.1997745515658,1.0,1.0000916782677078,-0.9999928503168231,0.0037814435386456977,4.0,0.0,0.0,0.0,99.0
osm-9013059182-9013059177-0,primary,3.482777368654578,1.0,1.0,-0.999989503931437,0.004581705682221451,2.0,0.0,0.0,0.0,99.0
osm-9013059183-316412146-0,primary,4.319166703914865,1.0,1.0000000046257922,-0.9997888017948751,0.020551199613844905,3.0,0.0,0.0,0.0,99.0
osm-9013720082-316412131-0,primary,3.4358564241469973,1.0,1.0000135755116304,-0.9999989051475106,-0.0014797647719214646,4.0,0.0,0.0,0.0,99.0
osm-9013720084-5655187222-0,primary,2.7671363852280466,1.0,1.0,-0.999993050296177,-0.0037281844572954847,2.0,0.0,0.0,0.0,99.0
osm-9013720087-9013720094-0,primary,3.413356492485965,1.0,1.0,-0.9998135263640341,0.01931094248126931,2.0,0.0,0.0,0.0,99.0
osm-9013720094-9013720084-0,primary,2.7003539944677395,1.0,1.0,-0.999991983030664,-0.004004232061259556,2.0,0.0,0.0,0.0,99.0
osm-9013720101-9013720087-0,primary,3.360444829175191,1.0,1.0,-0.9999992801851804,-0.00119984545720092,2.0,0.0,0.0,0.0,99.0
osm-9013720102-9013720101-0,primary,3.5302060622256892,1.0,1.0,-0.9999997747104316,0.0006712518797779528,2.0,0.0,0.0,0.0,99.0
osm-9013720103-8523204009-0,residential,3.101442727976105,0.0,1.0000000665927233,-0.1083084486497247,-0.9941173371142312,3.0,0.0,0.0,0.0,99.0
osm-9013720103-9013720102-0,primary,2.658929982470796,1.0,1.0,-0.9996844954341602,0.025117913698166988,2.0,0.0,0.0,0.0,99.0
osm-9013826100-7614917300-0,primary,4.101882745260389,1.0,1.0000000395852762,0.7243978390933966,-0.6893821659405017,4.0,0.0,0.0,0.0,99.0
osm-9013826103-9009656613-0,primary,4.217594110715667,1.0,1.000411122029719,0.7412412199033874,-0.6712387458394652,3.0,0.0,0.0,0.0,99.0
osm-9013826114-5377076560-0,primary,2.168138996441123,1.0,1.0,0.4897805488866648,-0.8718457512268311,2.0,0.0,0.0,0.0,99.0
osm-9013840117-13719672649-0,primary,2.874072984926662,1.0,1.0,0.45649067035871704,-0.8897281988761788,2.0,0.0,0.0,0.0,99.0
osm-9013840120-9013840117-0,primary,2.1037682336708934,1.0,1.0,0.44388904831809817,-0.8960817556357529,2.0,0.0,0.0,0.0,99.0
osm-9013891773-329019970-0,primary,4.0191719209451895,1.0,1.0,0.46944601657842466,-0.8829611755443437,2.0,0.0,0.0,0.0,99.0
osm-9013891776-4750115944-0,primary,3.895283681423848,1.0,1.0,0.46242900318844665,-0.8866563127898767,2.0,0.0,0.0,0.0,99.0
osm-9013891781-328876219-0,primary,3.3631493140246254,1.0,1.0,0.4670830077955085,-0.8842134718656468,2.0,0.0,0.0,0.0,99.0
osm-9013891783-9013891781-0,primary,3.0494152104701757,1.0,1.0,0.4624542999548492,-0.8866431189905386,2.0,0.0,0.0,0.0,99.0
osm-9013899871-29939143-0,secondary,3.177637076851603,1.0,1.0,0.9521344576997443,0.30567952901824147,2.0,0.0,0.0,0.0,99.0
osm-9015877327-309687605-0,tertiary,3.5052570515869337,0.0,1.0,-0.17903960024079435,0.9838418681605375,2.0,0.0,0.0,0.0,99.0
osm-9015877330-9015877335-0,tertiary,3.5789250694458827,0.0,1.0,-0.23640525843721977,0.971654544466927,2.0,0.0,0.0,0.0,99.0
osm-9015877335-10082667802-0,tertiary,3.948586344735193,0.0,1.0,-0.21015977361909646,0.9776670545499475,2.0,0.0,0.0,0.0,99.0
osm-9016841536-8509445105-0,tertiary,4.136014197393493,0.0,1.0004192438926398,-0.9999927980918825,0.0037952291587720548,3.0,0.0,0.0,0.0,99.0
osm-9018975643-186849138-0,secondary,3.415888930405145,1.0,1.0,0.9998555891681324,0.016994140438597906,2.0,0.0,0.0,0.0,99.0
osm-9019103699-12404878653-0,secondary,4.529929264597377,1.0,1.0000962980433032,0.9790749600293507,-0.20349993278506376,5.0,0.0,0.0,0.0,99.0
osm-9019104733-9019646229-0,primary,4.266629812244841,1.0,1.0,0.9981527531642361,0.06075427022568454,2.0,0.0,0.0,0.0,99.0
osm-9019122232-4833946442-0,primary,4.045399386038928,1.0,1.000141670676087,0.4778306648948171,-0.8784519654973612,3.0,0.0,0.0,0.0,99.0
osm-9019646229-6336788287-0,primary,4.357131814140862,1.0,1.0000002159751176,0.9980628461059929,0.06221378643681074,3.0,0.0,0.0,0.0,99.0
osm-9027876825-13701804574-0,primary,3.484864283234726,1.0,1.0000096040610904,-0.9750664298961904,-0.22191317511472292,3.0,0.0,0.0,0.0,99.0
osm-9028008487-8481827349-0,primary,5.2296155241365865,1.0,1.0000115821557023,-0.9951734391460595,0.09813167693565707,4.0,0.0,0.0,0.0,99.0
osm-9028323630-310327453-0,trunk,2.2593643905394822,1.0,1.0,-0.2049223393989886,-0.9787782357690866,2.0,0.0,0.0,0.0,99.0
osm-9031074981-9032080369-0,primary,3.6629204149438404,1.0,1.0000001525268498,0.9979229528451804,0.0644187875138596,3.0,0.0,0.0,0.0,99.0
osm-9031074998-29938988-0,primary,2.642622395779755,1.0,1.0,0.9979010370607915,0.06475739519928966,2.0,0.0,0.0,0.0,99.0
osm-9031322607-9534502212-0,primary,2.8517464230256095,1.0,1.0,0.9979024563092738,0.06473552109868293,2.0,0.0,0.0,0.0,99.0
osm-9031322608-9032054237-0,primary,2.6512681870032253,1.0,1.0,0.9978851677079393,0.0650014774331923,2.0,0.0,0.0,0.0,99.0
osm-9031322613-9031325917-0,primary,2.163208076525404,1.0,1.0,0.9979785876209213,0.06355107119593705,2.0,0.0,0.0,0.0,99.0
osm-9031325917-9032054242-0,primary,2.5158399115578853,1.0,1.0,0.9979173028013038,0.06450625372606175,2.0,0.0,0.0,0.0,99.0
osm-9031325921-9031325924-0,primary,2.5440399640795084,1.0,1.0,0.9979207472566772,0.06445294558571282,2.0,0.0,0.0,0.0,99.0
osm-9031325924-9032054246-0,primary,1.3209555198115503,1.0,1.0,0.9979010354578272,0.06475741990070592,2.0,0.0,0.0,0.0,99.0
osm-9031325928-9031325930-0,primary,2.3198354464005733,1.0,1.0001685264901445,0.9979337593919095,0.06425116237026754,3.0,0.0,0.0,0.0,99.0
osm-9031325930-5671605060-0,primary,3.5357865479801114,1.0,1.0000000050179507,0.9979239283349317,0.06440367424749932,3.0,0.0,0.0,0.0,99.0
osm-9031325937-315469600-0,primary,2.885694168345054,1.0,1.0,0.9979229030919349,0.06441955824565106,2.0,0.0,0.0,0.0,99.0
osm-9031905436-5671605063-0,primary,2.6566867288136518,1.0,1.0,0.9979097732355752,0.06462263133703929,2.0,0.0,0.0,0.0,99.0
osm-9031905443-13586870988-0,primary,3.0137686360400897,1.0,1.000000012660955,0.9979296655472826,0.06431471542881026,3.0,0.0,0.0,0.0,99.0
osm-9031905452-9032080360-0,primary,2.6409840437375345,1.0,1.0,0.9979488033984818,0.06401707425006462,2.0,0.0,0.0,0.0,99.0
osm-9031970386-9034366567-0,primary,3.005435049015376,1.0,1.0,0.0777432430249861,-0.9969734139704819,2.0,0.0,0.0,0.0,99.0
osm-9032054232-9031322608-0,primary,2.1490842020082845,1.0,1.0,0.998006747569259,0.06310730390556445,2.0,0.0,0.0,0.0,99.0
osm-9032054237-9031322613-0,primary,2.417162997701481,1.0,1.0,0.9979349390959357,0.06423283686395348,2.0,0.0,0.0,0.0,99.0
osm-9032054242-9031325921-0,primary,2.3880285748115133,1.0,1.0,0.997945319836683,0.06407135565961222,2.0,0.0,0.0,0.0,99.0
osm-9032054246-9032054249-0,primary,2.272847274730089,1.0,1.0,0.9979591955641091,0.06385486660417025,2.0,0.0,0.0,0.0,99.0
osm-9032054249-9032054253-0,primary,2.7558239759070506,1.0,1.0,0.9978915858051531,0.06490287342850584,2.0,0.0,0.0,0.0,99.0
osm-9032054253-9031325928-0,primary,2.71111217513803,1.0,1.0,0.9979420879635033,0.06412167395696639,2.0,0.0,0.0,0.0,99.0
osm-9032080348-9032080354-0,primary,3.225732265664687,1.0,1.0,0.9979239882337797,0.06440274611836848,2.0,0.0,0.0,0.0,99.0
osm-9032080354-9031905452-0,primary,2.744446416293501,1.0,1.0000009841776625,0.9979390810574407,0.06416845407387363,4.0,0.0,0.0,0.0,99.0
osm-9032080360-9032080363-0,primary,2.7494480297981387,1.0,1.0,0.9979121098450184,0.06458653903611719,2.0,0.0,0.0,0.0,99.0
osm-9032080363-9031074998-0,primary,3.0646518090185886,1.0,1.0,0.9979349408109036,0.064232810219842,2.0,0.0,0.0,0.0,99.0
osm-9032080365-9032080348-0,primary,2.003370104728541,1.0,1.0,0.9979406013885243,0.06414480571574323,2.0,0.0,0.0,0.0,99.0
osm-9032080369-5373820573-0,primary,3.052679553995741,1.0,1.0,0.9979535616382081,0.06394285584500549,2.0,0.0,0.0,0.0,99.0
osm-9034273143-8510661425-0,primary,2.4612967841488667,1.0,1.0,0.014435557325375282,-0.9998958019137323,2.0,0.0,0.0,0.0,99.0
osm-9034273150-9034273143-0,primary,2.2887903819718565,1.0,1.0,0.014965876745302404,-0.9998880049951817,2.0,0.0,0.0,0.0,99.0
osm-9034366567-352915237-0,primary,2.626623202406481,1.0,1.0000081094918694,0.15855906132463438,-0.9873494943898289,3.0,0.0,0.0,0.0,99.0
osm-9036874926-95022385-0,primary,3.7917744328319705,1.0,1.000288104781968,-0.9996705506772099,-0.02566690687877836,3.0,0.0,0.0,0.0,99.0
osm-9037288082-7044795934-0,primary,3.7916165315650483,1.0,1.0,0.9990478555500177,0.04362777006576124,2.0,0.0,0.0,0.0,99.0
osm-9064994805-7647950148-0,primary,3.273818452332325,1.0,1.0,0.4045325702460843,-0.9145235916093674,2.0,0.0,0.0,0.0,99.0
osm-9075741774-4546076824-0,primary,3.0443319433900533,0.0,1.0,0.997917231945155,0.06450734986743506,2.0,0.0,0.0,0.0,99.0
osm-9075741779-9075741774-0,primary,2.621911170780288,0.0,1.0,0.9979191580400102,0.0644775466090114,2.0,0.0,0.0,0.0,99.0
osm-9076429426-2399364732-0,trunk,4.790146548996779,1.0,1.0000023756679226,0.9970040627902648,-0.07734920025252882,3.0,0.0,0.0,0.0,99.0
osm-9110087936-9694832554-0,primary,3.4635773247455153,1.0,1.0002666449828272,0.13369660388159188,-0.9910223095927401,3.0,0.0,0.0,0.0,99.0
osm-9118916175-1695811540-0,residential,2.625030845382118,0.0,1.0,0.9953436402966788,0.0963900291573546,2.0,0.0,0.0,0.0,99.0
osm-9144167875-4488259486-0,primary,4.406828997339054,1.0,1.0003958029296833,0.9993175426850361,0.036938447205329634,7.0,0.0,0.0,0.0,99.0
osm-9465024317-309824174-0,motorway,6.249562029485715,1.0,1.006225469066491,-0.6309177396242397,0.77584973147346,12.0,0.0,0.0,0.0,99.0
osm-9471064862-317987901-0,primary,1.5225719794124384,1.0,1.0,0.8976978406272992,0.44061160553608225,2.0,0.0,0.0,0.0,99.0
osm-9486285513-6004639297-0,trunk,3.49904978182966,1.0,1.0,0.015849530850614368,-0.9998743882967577,2.0,0.0,0.0,0.0,99.0
osm-9486332419-5372153147-0,trunk,2.862886360220562,1.0,1.0,0.03615226293434705,-0.9993462932761225,2.0,0.0,0.0,0.0,99.0
osm-9491290599-7118113165-0,trunk,4.175125458905536,1.0,1.0000217087143295,0.2730532089413659,-0.9619989319572152,3.0,0.0,0.0,0.0,99.0
osm-9491424124-12202798102-0,trunk,3.766604092524334,1.0,1.0000042355762255,0.43110527984255465,-0.9023016334307905,3.0,0.0,0.0,0.0,99.0
osm-9491424126-9491424124-0,trunk,4.022508366603221,1.0,1.0,0.38197913248012894,-0.9241709486614087,2.0,0.0,0.0,0.0,99.0
osm-9491482902-9491482907-0,trunk,3.847847085209582,1.0,1.0,0.38324494820196786,-0.9236467450696023,2.0,0.0,0.0,0.0,99.0
osm-9491482907-317417833-0,trunk,1.9974177062012453,1.0,1.0,0.3921804878003908,-0.9198882894072777,2.0,0.0,0.0,0.0,99.0
osm-9491842326-4804615989-0,primary,4.4572732440484195,1.0,1.0004019530523978,-0.91121166972506,-0.41193845772987525,3.0,0.0,0.0,0.0,99.0
osm-9497883594-9497883603-0,trunk,2.743610376500761,1.0,1.0,0.28658726756044917,0.9580541415140563,2.0,0.0,0.0,0.0,99.0
osm-9497883600-7137519768-0,trunk,4.128456091850868,1.0,1.0,0.24270396366313715,0.9701003999701281,2.0,0.0,0.0,0.0,99.0
osm-9497883603-9497883600-0,trunk,3.7619905009312595,1.0,1.0000338118260712,0.2724837957845238,0.962160371785732,3.0,0.0,0.0,0.0,99.0
osm-9498062303-7137574112-0,secondary,2.3289348683168276,1.0,1.0,0.5117699939694916,0.8591225019009027,2.0,0.0,0.0,0.0,99.0
osm-9504400678-95010751-0,trunk_link,4.840218592471341,1.0,1.1084745015078743,0.8968855167685786,0.44226278366007654,7.0,0.0,0.0,0.0,99.0
osm-9504567886-8132773400-0,trunk,6.069822759893224,1.0,1.0007603003938543,-0.06402611541166182,0.997948223378995,9.0,0.0,0.0,0.0,99.0
osm-9504720700-13913580150-0,service,4.103601583484777,0.0,1.0,0.8313094593826181,0.5558098440482852,2.0,0.0,0.0,0.0,99.0
osm-9504720701-9504720700-0,service,1.9388855341183489,0.0,1.0,0.572064226740346,-0.8202088273628674,2.0,0.0,0.0,0.0,99.0
osm-9506862589-7050035434-0,trunk,3.26105369976707,1.0,1.0,0.05378037008089627,-0.9985527886866882,2.0,0.0,0.0,0.0,99.0
osm-9507227664-12032748424-0,primary,3.7542457575451893,1.0,1.0000125817829406,0.47262864198548454,-0.8812616902912305,3.0,0.0,0.0,0.0,99.0
osm-9509715193-4914353854-0,trunk,3.8977212207172864,1.0,1.0011208444522048,-0.4092739024913855,-0.9124115698189452,5.0,0.0,0.0,0.0,99.0
osm-9515510319-4152867172-0,primary,4.7327275194029665,1.0,1.0067506774915387,-0.8867870892266514,0.4621781673564028,8.0,0.0,0.0,0.0,99.0
osm-9527050428-1342878927-0,trunk,4.458362480416092,1.0,1.0,0.9379296222192829,-0.34682563884983086,2.0,0.0,0.0,0.0,99.0
osm-9529290217-7760892449-0,trunk,3.595200443229948,1.0,1.0000540106722844,0.516860340646623,0.8560697332966847,4.0,0.0,0.0,0.0,99.0
osm-9531434128-9504720700-0,service,3.524181682073531,0.0,1.023883626354403,0.8830786916165664,0.4692249187892447,4.0,0.0,0.0,0.0,99.0
osm-9531434128-9504720701-0,service,3.5116349870602646,0.0,1.015972169427111,0.7812323138292556,0.6242403958644358,4.0,0.0,0.0,0.0,99.0
osm-9531485211-12684981016-0,primary,3.881955473805751,1.0,1.0000115292907914,0.9573302658457452,-0.28899612816734205,4.0,0.0,0.0,0.0,99.0
osm-9531485213-9531485211-0,primary,2.3273752618012646,1.0,1.0,0.9596263690089515,-0.2812778553364906,2.0,0.0,0.0,0.0,99.0
osm-9531485215-9531485213-0,primary,3.8644281266204623,1.0,1.0,0.9596766525089248,-0.28110624793708255,2.0,0.0,0.0,0.0,99.0
osm-9533845672-6477409182-0,tertiary,3.4905504591741647,1.0,1.0,-0.999999938881024,0.0003496254398128755,2.0,0.0,0.0,0.0,99.0
osm-9533955728-4815227757-0,residential,3.328841719470015,0.0,1.0,-0.047658957460882174,0.9988636662596863,2.0,0.0,0.0,0.0,99.0
osm-9533955733-9533955728-0,service,3.940765940960358,0.0,1.2126736887419496,0.2874661159957036,0.9577908081383663,6.0,0.0,0.0,0.0,99.0
osm-9533955736-5662302109-0,residential,3.4986567654237244,0.0,1.0,0.013098084635224477,0.9999142164100321,2.0,0.0,0.0,0.0,99.0
osm-9533955736-9533955733-0,service,2.550850433082035,0.0,1.000013711555331,-0.9999641438979753,-0.008468229944294019,4.0,0.0,0.0,0.0,99.0
osm-9534502212-5671605067-0,primary,2.71846247144952,1.0,1.0,0.9979740702623675,0.06362197013582,2.0,0.0,0.0,0.0,99.0
osm-9561798638-6456763921-0,primary,2.5095179582602736,1.0,1.0,0.9998062963182716,0.01968171339951173,2.0,0.0,0.0,0.0,99.0
osm-9561821845-8504122967-0,primary,2.845839183979374,1.0,1.0,0.3537942829650469,-0.9353232624826822,2.0,0.0,0.0,0.0,99.0
osm-9619896326-104379010-0,primary,4.286341384539473,1.0,1.0002336395074907,0.013724386710588279,-0.9999058161694121,5.0,0.0,0.0,0.0,99.0
osm-9622773424-8509401662-0,primary,4.243382192662536,1.0,1.0,0.37167896610576057,-0.9283613230604519,2.0,0.0,0.0,0.0,99.0
osm-9622773431-9622773424-0,primary,2.8194126689556707,1.0,1.0,0.37929750866502765,-0.9252747699578235,2.0,0.0,0.0,0.0,99.0
osm-9623003134-329968512-0,primary,4.473921899378137,1.0,1.0000557257417408,0.3446536667489061,-0.9387299132319871,4.0,0.0,0.0,0.0,99.0
osm-9623310915-1249723074-0,primary,2.9910211938238715,1.0,1.000531029921512,0.9723285064969359,0.2336177978096663,5.0,0.0,0.0,0.0,99.0
osm-9625680832-4502070116-0,secondary,4.352391829544191,1.0,1.0001518287631617,0.9315814519520026,-0.363532664803314,5.0,0.0,0.0,0.0,99.0
osm-9626511706-1135601912-0,primary,3.4418273577480507,1.0,1.0000000845978432,-0.9999543104601605,0.009559131348866554,3.0,0.0,0.0,0.0,99.0
osm-9642343610-1133807065-0,tertiary,3.3955816428765195,0.0,1.0,-0.7242171016184648,-0.6895720337450977,2.0,0.0,0.0,0.0,99.0
osm-9644592829-6277705571-0,trunk,5.480918051048895,1.0,1.0022393068044657,0.13341327976413817,-0.9910604909805334,11.0,0.0,0.0,0.0,99.0
osm-9645211396-12202088428-0,trunk,2.9543893100196086,1.0,1.0000843571407478,0.16957416733603037,-0.9855174284467485,3.0,0.0,0.0,0.0,99.0
osm-9645211400-9645211396-0,trunk,3.6078591854499806,1.0,1.0,0.17250202016667399,-0.9850091639362633,2.0,0.0,0.0,0.0,99.0
osm-9647927418-5372153134-0,trunk,2.6668114530856126,1.0,1.0,0.03136183890711867,-0.9995080965456777,2.0,0.0,0.0,0.0,99.0
osm-9647927422-9647927418-0,trunk,3.7602228941820717,1.0,1.0,0.026610569325226117,-0.9996458760982248,2.0,0.0,0.0,0.0,99.0
osm-9648055038-5056597570-0,trunk,4.80352912047967,1.0,1.006859326151866,0.20671001648699988,-0.9784022532087425,7.0,0.0,0.0,0.0,99.0
osm-9648835249-4849427386-0,primary,2.38545457081634,1.0,1.0,-0.9268671920155243,-0.375389408967884,2.0,0.0,0.0,0.0,99.0
osm-9657468817-5372153144-0,trunk,3.5111871657036438,1.0,1.0,0.043213791952922104,-0.9990658477723325,2.0,0.0,0.0,0.0,99.0
osm-9664769720-1757800859-0,motorway_link,4.165889729385197,1.0,1.0023858040538967,0.43346983258563765,0.9011680776848341,3.0,0.0,0.0,0.0,99.0
osm-9664769720-1757800861-0,motorway_link,4.998056511889396,1.0,1.0030285215426449,0.7693471921614072,0.638830883656511,6.0,0.0,0.0,0.0,99.0
osm-9665578858-8505902513-0,primary,5.444778557890915,1.0,1.0000393365037719,0.8123734560460525,0.5831375205830889,4.0,0.0,0.0,0.0,99.0
osm-9673797651-11052325987-0,primary,4.97591271581528,1.0,1.0002835838397173,-0.9983133451449334,-0.058055705193658984,3.0,0.0,0.0,0.0,99.0
osm-9673837489-4502213975-0,secondary,3.682685309950609,1.0,1.0,-0.9676717333265276,0.25221303796757577,2.0,0.0,0.0,0.0,99.0
osm-9676145373-3981137758-0,primary,3.581934350325872,1.0,1.0000130818633572,0.9978489769815704,0.06555470339215477,3.0,0.0,0.0,0.0,99.0
osm-9679167895-6315615740-0,primary,3.1860219999971227,1.0,1.0000073374306286,0.92665991336404,0.37590079138537325,3.0,0.0,0.0,0.0,99.0
osm-9679957698-4849427419-0,primary,2.299580583973747,1.0,1.0,-0.9206150682064688,-0.3904713769166683,2.0,0.0,0.0,0.0,99.0
osm-9684746119-8313092690-0,primary,3.476552195233576,1.0,1.0000000000510576,-0.9958685094744333,0.09080700323857563,3.0,0.0,0.0,0.0,99.0
osm-9685151096-7226690317-0,primary,4.198749621576891,1.0,1.0,-0.9948671792967583,0.10118940437670199,2.0,0.0,0.0,0.0,99.0
osm-9685151098-1696170853-0,primary,2.8553201198372458,1.0,1.0,-0.9948019038010202,0.10182913234367522,2.0,0.0,0.0,0.0,99.0
osm-9691407991-4999344155-0,primary,4.62335385642172,1.0,1.000071279844272,0.10239575142386698,0.9947437409153885,5.0,0.0,0.0,0.0,99.0
osm-9694163554-329975504-0,primary,4.020231461850101,1.0,1.0,-0.9999206126111064,0.01260033632208738,2.0,0.0,0.0,0.0,99.0
osm-9694163557-9694163554-0,primary,2.8252404685136137,1.0,1.0,-0.9999204126341406,0.012616195843842873,2.0,0.0,0.0,0.0,99.0
osm-9694832554-2400147489-0,primary,2.2534998853035546,1.0,1.0,0.09340061495159935,-0.9956286080294514,2.0,0.0,0.0,0.0,99.0
osm-9694871645-315712497-0,primary,2.489728340067214,1.0,1.0,0.16996309689214104,-0.9854504278221369,2.0,0.0,0.0,0.0,99.0
osm-9695041529-9699963787-0,secondary,4.6201967200047145,1.0,1.0007066024386237,0.9542838147857308,-0.29890199202747564,3.0,0.0,0.0,0.0,99.0
osm-9695095403-13682180792-0,secondary,4.601623905361431,1.0,1.0001064492658962,0.870421770699232,0.49230675507534283,5.0,0.0,0.0,0.0,99.0
osm-9695103618-4925793717-0,secondary,3.794477441573102,1.0,1.0,0.8794746094571919,0.4759458071252648,2.0,0.0,0.0,0.0,99.0
osm-9696714817-8609186468-0,primary,2.4498837800149253,1.0,1.0,0.7413408243224121,-0.6711287374214924,2.0,0.0,0.0,0.0,99.0
osm-9696758894-7756197690-0,primary,1.400197266288882,1.0,1.0,0.5245019254419983,-0.8514092612883868,2.0,0.0,0.0,0.0,99.0
osm-9697006214-7120512601-0,primary,4.421331478903429,1.0,1.1449915359691551,0.9422761497874762,-0.33483676253017647,11.0,0.0,0.0,0.0,99.0
osm-9699963783-9695041529-0,secondary,4.120807963763443,1.0,1.0,0.9807992108148919,-0.19502027603530206,2.0,0.0,0.0,0.0,99.0
osm-9699963787-9625680832-0,secondary,2.595105442086076,1.0,1.0,0.9532307562308241,-0.3022434869035416,2.0,0.0,0.0,0.0,99.0
osm-9708579924-12798366960-0,primary,1.8416601276815143,1.0,1.0,0.6707210421819912,-0.7417097030336758,2.0,0.0,0.0,0.0,99.0
osm-10082667802-6330562646-0,tertiary,4.01474203543252,0.0,1.000000014044129,-0.26065875633556945,0.9654309984383111,3.0,0.0,0.0,0.0,99.0
osm-10090012698-9015877330-0,tertiary,3.7144497302254664,0.0,1.000000000405382,-0.23579030428361195,0.9718039578051952,3.0,0.0,0.0,0.0,99.0
osm-10090309233-7570445358-0,primary,0.9520439015799729,1.0,1.0,0.9659700457916651,-0.2586539592452596,2.0,0.0,0.0,0.0,99.0
osm-10090309238-4507989466-0,primary,4.57902126349303,1.0,1.0002572891703134,0.9537459874958094,-0.30061369119792825,4.0,0.0,0.0,0.0,99.0
osm-10092530702-2589977444-0,primary,4.165719039876755,1.0,1.0001562897065388,-0.9935267535874821,-0.11359837105310397,3.0,0.0,0.0,0.0,99.0
osm-10098494032-6366750161-0,trunk,5.0724450956625695,1.0,1.0000061759212642,-0.03318605814630722,0.9994491910771202,4.0,0.0,0.0,0.0,99.0
osm-10132911307-2589974180-0,tertiary,3.5197208838462624,0.0,1.0,1.0,6.123233995736766e-17,2.0,0.0,0.0,0.0,99.0
osm-10599212863-4746451656-0,tertiary,2.549210768455459,0.0,1.249930704060083,0.19207173419158594,-0.9813808888115952,4.0,0.0,0.0,0.0,99.0
osm-10654460939-6430186685-0,secondary_link,3.296762363525272,1.0,1.0484342806894318,-0.33670506441880765,-0.9416101632813478,4.0,0.0,0.0,0.0,99.0
osm-10732635788-6322395881-0,secondary,3.763337365031946,1.0,1.0,0.8328866773117753,-0.5534435678156814,2.0,0.0,0.0,0.0,99.0
osm-10758010539-7120410546-0,primary,3.0665168722719516,1.0,1.0000514683933124,0.21876443573763987,-0.9757777009423776,4.0,0.0,0.0,0.0,99.0
osm-10788400699-317349873-0,trunk,2.6613079385500784,1.0,1.0,0.5114503806303354,0.8593128115843991,2.0,0.0,0.0,0.0,99.0
osm-11039838816-6332686273-0,primary,6.53278833759976,1.0,1.0664798257160917,0.672354722657631,-0.7402291043453912,17.0,0.0,0.0,0.0,99.0
osm-11052325987-7026798812-0,primary,4.040680037636408,1.0,1.0007623241399304,-0.9934418944767763,-0.11433810518979878,5.0,0.0,0.0,0.0,99.0
osm-11076463250-13108442428-0,primary,4.5603401700702975,1.0,1.0003332360674637,0.8107871446495831,0.5853411023249401,4.0,0.0,0.0,0.0,99.0
osm-11166256394-5549685553-0,secondary,3.438589500879218,1.0,1.0,0.8329523195415772,-0.5533447689915448,2.0,0.0,0.0,0.0,99.0
osm-11199436896-104367576-0,primary,4.8377570089295965,1.0,1.0000191285260758,0.24603233323114526,-0.969261621547474,5.0,0.0,0.0,0.0,99.0
osm-11237483569-7120502855-0,primary,3.534124425037787,1.0,1.0,0.45694535850870854,-0.8894947663349952,2.0,0.0,0.0,0.0,99.0
osm-11237483572-11237483569-0,primary,3.3381865818527516,1.0,1.0,0.4712007021706727,-0.8820260190458471,2.0,0.0,0.0,0.0,99.0
osm-11246996071-5374282375-0,primary,1.2432896667028863,1.0,1.0,0.12994211575028225,-0.9915215814869287,2.0,0.0,0.0,0.0,99.0
osm-11299364776-5421851682-0,trunk,4.9948852440049905,1.0,1.0000009907695544,0.9979455272579264,-0.06406812488202854,3.0,0.0,0.0,0.0,99.0
osm-11299364777-11299364778-0,trunk,4.047113182516662,1.0,1.0,0.9981071806109504,-0.061498422848554724,2.0,0.0,0.0,0.0,99.0
osm-11299364778-11299364776-0,trunk,4.223529020602927,1.0,1.0,0.9981079196824316,-0.06148642669084486,2.0,0.0,0.0,0.0,99.0
osm-11299364779-11299364777-0,trunk,4.42018909576823,1.0,1.0,0.9978851996831312,-0.06500098655680073,2.0,0.0,0.0,0.0,99.0
osm-11329756328-7226592293-0,primary,2.684781574162856,1.0,1.0,-0.9957574166128611,0.09201721176215333,2.0,0.0,0.0,0.0,99.0
osm-11350075105-5372018448-0,secondary,3.6568468445326245,1.0,1.0,0.996566678251479,-0.08279405654280364,2.0,0.0,0.0,0.0,99.0
osm-11384905237-4507955830-0,primary,3.2905264946115533,1.0,1.00000000040384,-0.9533425882444464,0.3018905587118947,3.0,0.0,0.0,0.0,99.0
osm-11388847775-6801763173-0,service,3.3603406643168476,0.0,1.0080254750563569,-0.9929008670872311,0.118944811309382,5.0,0.0,0.0,0.0,99.0
osm-11388847776-11388847775-0,service,4.130097731927918,0.0,1.0,-0.997881193765112,0.06506245560932247,2.0,0.0,0.0,0.0,99.0
osm-11395329908-5680696059-0,primary,3.5186840771178223,1.0,1.0000162564295898,0.796558375986109,0.6045616210498088,3.0,0.0,0.0,0.0,99.0
osm-11399827589-4848734475-0,trunk,4.507932149060838,1.0,1.0000644876596163,-0.9994400662812165,0.03345973568033083,3.0,0.0,0.0,0.0,99.0
osm-11413710169-5380113830-0,primary,1.4233492690709018,1.0,1.0,-0.9999750879847726,0.007058569957591216,2.0,0.0,0.0,0.0,99.0
osm-11438846310-12599546837-0,trunk,4.005094317200427,1.0,1.0000207728302382,-0.008823093039434377,-0.9999610757570604,3.0,0.0,0.0,0.0,99.0
osm-11445322163-5498027298-0,primary,3.329558154520003,1.0,1.0059896635471615,-0.9597558925093748,-0.28083558676480697,3.0,0.0,0.0,0.0,99.0
osm-11455806150-1133807034-0,tertiary,1.0296194171811581,0.0,1.0,-0.6201750454555717,-0.7844634554867292,2.0,0.0,0.0,0.0,99.0
osm-11467500634-11399827589-0,trunk,4.422580593275719,1.0,1.0010368926495676,-0.9963873402612413,0.08492507384235365,5.0,0.0,0.0,0.0,99.0
osm-11477683648-186871952-0,primary,3.654262129092242,1.0,1.002397847420364,0.9374013318897018,0.3482509769855833,5.0,0.0,0.0,0.0,99.0
osm-11477683650-11477683648-0,primary,2.578093364514118,1.0,1.0,0.9082562997520826,0.41841426118221053,2.0,0.0,0.0,0.0,99.0
osm-11484348759-11484348761-0,trunk_link,2.278497297464956,0.0,1.0,0.9209848241670433,0.3895984518116062,2.0,0.0,0.0,0.0,99.0
osm-11484348761-4637530511-0,primary,2.616008008937977,1.0,1.0,0.42190163405761993,-0.906641611211128,2.0,0.0,0.0,0.0,99.0
osm-11492431708-1321228510-0,residential,4.185235902410168,0.0,1.0000199496771023,0.020841071484190146,-0.9997828012820539,3.0,0.0,0.0,0.0,99.0
osm-11501464546-7149726253-0,trunk,4.079941331911357,1.0,1.0016289517109016,0.9962111596890564,-0.08696738072970454,3.0,0.0,0.0,0.0,99.0
osm-11501464552-5489964736-0,primary,1.6501959049062682,1.0,1.0,0.08669628418371521,0.9962347887464764,2.0,0.0,0.0,0.0,99.0
osm-11501464552-11501464546-0,trunk,2.6179796040123624,1.0,1.0,0.9925759889333102,-0.1216260917445808,2.0,0.0,0.0,0.0,99.0
osm-11501464554-5489964736-0,trunk,4.216458944778477,1.0,1.0000178426961883,0.9948978216639884,-0.1008876823415561,5.0,0.0,0.0,0.0,99.0
osm-11501464554-11501464552-0,trunk,4.224422080416764,1.0,1.005241116884838,0.986596075366172,-0.1631814452444477,3.0,0.0,0.0,0.0,99.0
osm-11503395360-5372153126-0,trunk,1.5568806616954243,1.0,1.0,0.18306977323408677,-0.9830999227586279,2.0,0.0,0.0,0.0,99.0
osm-11542695776-12194080646-0,primary,1.8531680973566984,1.0,1.0,0.7973225809379823,0.6035533960855449,2.0,0.0,0.0,0.0,99.0
osm-11899737707-104379014-0,primary,4.314898095667211,1.0,1.0002826971766003,-0.4895864631139908,-0.8719547552112626,3.0,0.0,0.0,0.0,99.0
osm-11919728419-1783134145-0,primary,4.1822485962304325,1.0,1.0,0.22652588253393002,-0.9740051460553092,2.0,0.0,0.0,0.0,99.0
osm-11925112167-4785715146-0,tertiary,4.433337428908309,0.0,1.0035234841894387,0.9987616445530252,-0.049751154456319356,3.0,0.0,0.0,0.0,99.0
osm-11925999197-4746451654-0,primary,6.367754845906545,1.0,1.001233689908256,-0.9987888162292315,0.04920264805282721,26.0,0.0,0.0,0.0,99.0
osm-11959843134-4849427410-0,primary,4.253965964606364,1.0,1.0000237621639994,-0.9085345101011376,-0.41780981792591454,5.0,0.0,0.0,0.0,99.0
osm-12032748424-317179522-0,primary,4.047113182516662,1.0,1.0003939446347248,0.4287077139662391,-0.903443244474074,4.0,0.0,0.0,0.0,99.0
osm-12139330016-5380068236-0,primary,3.497264850408389,1.0,1.0,-0.9583009496213414,-0.28576089647611913,2.0,0.0,0.0,0.0,99.0
osm-12194080646-104367971-0,primary,4.654969364740575,1.0,1.000360769459192,0.817738115551781,0.5755904571601426,4.0,0.0,0.0,0.0,99.0
osm-12202088422-11503395360-0,trunk,2.0619138248116196,1.0,1.0,0.19656374286240208,-0.9804910478897415,2.0,0.0,0.0,0.0,99.0
osm-12202088425-12202088422-0,trunk,4.439257268128153,1.0,1.000571537358522,0.17044752080056902,-0.9853667554027483,4.0,0.0,0.0,0.0,99.0
osm-12202088428-5372153133-0,trunk,2.0786912602891316,1.0,1.0,0.14857524583157186,-0.9889011054327363,2.0,0.0,0.0,0.0,99.0
osm-12202798102-4911942117-0,trunk,2.999525071792687,1.0,1.0,0.43346247934961385,-0.9011716146195937,2.0,0.0,0.0,0.0,99.0
osm-12217513829-11492431708-0,service,4.197668004454002,0.0,1.1457462157090899,-0.9732846160245807,0.22960195166828287,8.0,0.0,0.0,0.0,99.0
osm-12217513829-12217513832-0,service,3.815313847510113,1.0,1.046481555303937,0.19048814602059821,-0.9816894958313628,5.0,0.0,0.0,0.0,99.0
osm-12217513832-5078382194-0,primary,5.353780455247183,1.0,1.0000466139172624,0.9776842272000772,0.21007987024983601,6.0,0.0,0.0,0.0,99.0
osm-12316918940-310005821-0,primary,3.369362658142137,1.0,1.0,0.26827449524581387,-0.9633425118827694,2.0,0.0,0.0,0.0,99.0
osm-12404878653-4548266823-0,secondary,3.3892597440891126,1.0,1.0,0.9760839458283905,-0.21739395275876383,2.0,0.0,0.0,0.0,99.0
osm-12484094370-315208899-0,primary,3.146176091449923,1.0,1.000000025130753,-0.9943166649515839,0.10646299732564225,3.0,0.0,0.0,0.0,99.0
osm-12504052406-7805088053-0,primary,5.2210852886847725,1.0,1.00116140254581,-0.9986347921062732,-0.05223554340543021,7.0,0.0,0.0,0.0,99.0
osm-12504052406-11925999197-0,primary,6.143225946304755,1.0,1.0010766264119753,-0.99999620333812,-0.002755596005477751,16.0,0.0,0.0,0.0,99.0
osm-12530400916-5290941766-0,primary,5.268898854465368,1.0,1.0004698888908776,-0.999424716907116,0.033915118091067564,6.0,0.0,0.0,0.0,99.0
osm-12583516441-6884974160-0,primary,3.4887197391901017,1.0,1.0,-0.5115411186540921,-0.8592587991554814,2.0,0.0,0.0,0.0,99.0
osm-12599546837-3723599620-0,trunk,2.4176087695628277,1.0,1.0,0.010817376242983795,-0.9999414904739266,2.0,0.0,0.0,0.0,99.0
osm-12676215441-5492419212-0,trunk,3.460440657702794,1.0,1.00002221067636,-0.9486577191171092,0.3163044924744572,3.0,0.0,0.0,0.0,99.0
osm-12681087362-5495827291-0,trunk,3.538405340759102,1.0,1.0,-0.9590572865051014,0.28321214875331874,2.0,0.0,0.0,0.0,99.0
osm-12684981016-5671317488-0,primary,4.787283387744309,1.0,1.0000338763733825,0.9597761772902621,-0.28076625421530144,3.0,0.0,0.0,0.0,99.0
osm-12688243259-12688243260-0,primary,3.7094415968268137,1.0,1.0,-0.00832678157814478,-0.9999653317533312,2.0,0.0,0.0,0.0,99.0
osm-12688243260-5354213657-0,primary,4.535670043003564,1.0,1.00047722075374,-0.018817190817682933,-0.999822940989919,6.0,0.0,0.0,0.0,99.0
osm-12718674408-12718674417-0,secondary,3.207855321584735,1.0,1.000485293358133,-0.9627045435602541,0.27055491458933556,3.0,0.0,0.0,0.0,99.0
osm-12718674409-9673837489-0,secondary,3.3514817894162228,1.0,1.0,-0.9680689022647709,0.2506842644999511,2.0,0.0,0.0,0.0,99.0
osm-12718674417-12718674409-0,secondary,3.9257483800466226,1.0,1.0,-0.968026528852122,0.2508478412075969,2.0,0.0,0.0,0.0,99.0
osm-12718674420-12718674408-0,secondary,2.9069557031631454,1.0,1.0,-0.9489050154496491,0.3155618349143336,2.0,0.0,0.0,0.0,99.0
osm-12729353026-6322396593-0,secondary,2.863514303726282,1.0,1.0,0.8330529794454374,-0.5531932152847499,2.0,0.0,0.0,0.0,99.0
osm-12729353039-2209098563-0,secondary,3.2879166952031893,1.0,1.0,0.8330226947379614,-0.5532388182796875,2.0,0.0,0.0,0.0,99.0
osm-12729353047-12729353039-0,secondary,3.0912242550132114,1.0,1.0,0.8326870836126257,-0.5537438223445027,2.0,0.0,0.0,0.0,99.0
osm-12736661061-1273189607-0,primary,4.998704403228291,1.0,1.2927209392645598,-0.29025026432487633,0.956950774104572,11.0,0.0,0.0,0.0,99.0
osm-12738838445-5408975256-0,secondary,3.9834502447691387,1.0,1.0019571708935036,0.9983817786917235,0.05686672116757177,7.0,0.0,0.0,0.0,99.0
osm-12744944224-8519460813-0,primary,1.9743587652266834,1.0,1.0,0.9518427559362178,0.3065866402368925,2.0,0.0,0.0,0.0,99.0
osm-12745135294-5374282148-0,primary,1.6540287957619755,1.0,1.0,0.9647980704447497,0.26299179315348936,2.0,0.0,0.0,0.0,99.0
osm-12745136706-13659371444-0,primary,2.677109778195573,1.0,1.0,0.9672821806449189,0.25370294244807357,2.0,0.0,0.0,0.0,99.0
osm-12745136709-12745136706-0,primary,2.003370104728541,1.0,1.0,0.9738668697402124,0.22711961611098244,2.0,0.0,0.0,0.0,99.0
osm-12745196451-12745196458-0,primary,2.966354954843314,1.0,1.0,0.24305559025603865,-0.97001236076933,2.0,0.0,0.0,0.0,99.0
osm-12745196458-1675426257-0,primary,2.6150573342530454,1.0,1.0,0.24347859184776546,-0.9699062714055566,2.0,0.0,0.0,0.0,99.0
osm-12745196460-13606259700-0,primary,3.50894504581248,1.0,1.0,0.24386841452701283,-0.9698083297209202,2.0,0.0,0.0,0.0,99.0
osm-12745196468-12745196460-0,primary,3.148152886249217,1.0,1.0,0.23853279072899763,-0.9711344437033609,2.0,0.0,0.0,0.0,99.0
osm-12754553920-5670944441-0,secondary,4.528861332131597,1.0,1.0,0.7807794529434902,-0.6248067268053893,2.0,0.0,0.0,0.0,99.0
osm-12798366960-12798366961-0,primary,4.182538572958017,1.0,1.000018614136566,0.6961900905737696,-0.717857477349708,4.0,0.0,0.0,0.0,99.0
osm-12798366961-329019268-0,primary,4.086698740613212,1.0,1.0001764219894336,0.7325927864428041,-0.6806671795025583,3.0,0.0,0.0,0.0,99.0
osm-12799849299-5379667472-0,trunk,1.8741072105768084,1.0,1.0,0.5051931526438487,0.8630063027126563,2.0,0.0,0.0,0.0,99.0
osm-12825987637-317349914-0,trunk,3.1107113818776404,1.0,1.0,0.5461294454843761,0.8377007990774079,2.0,0.0,0.0,0.0,99.0
osm-13016877290-4541302315-0,primary,3.654339767839192,1.0,1.000065578590208,-0.07665148260632305,-0.9970579472699932,3.0,0.0,0.0,0.0,99.0
osm-13016877290-4787639954-0,primary_link,2.632104644187406,0.0,1.0000313071284135,0.9997860835081673,-0.020683017753699805,3.0,0.0,0.0,0.0,99.0
osm-13030921685-13030921684-0,residential,2.173500939582508,0.0,1.0,0.8828391458222269,-0.46967546519259534,2.0,0.0,0.0,0.0,99.0
osm-13033996655-5377076552-0,primary,3.2541657456466484,1.0,1.0000754185282221,0.5030819854646331,-0.8642386915088693,3.0,0.0,0.0,0.0,99.0
osm-13102843717-4404259357-0,trunk,4.279786246352299,1.0,1.000006986357119,0.5585639868016733,-0.8294614352989657,4.0,0.0,0.0,0.0,99.0
osm-13108442428-5374282198-0,primary,2.9689261791334842,1.0,1.0000141749194733,0.7930040707339605,0.6092163357949029,3.0,0.0,0.0,0.0,99.0
osm-13366216191-13366216193-0,primary,3.0957585876211153,1.0,1.0,0.9847676295050155,-0.1738755758554736,2.0,0.0,0.0,0.0,99.0
osm-13366216193-5046365477-0,primary,1.8416601276815143,1.0,1.0,0.9768971398344191,-0.21371003294962898,2.0,0.0,0.0,0.0,99.0
osm-13453045134-4953838327-0,primary,5.5962380946200385,1.0,1.2157919229477383,0.7734833172534515,0.6338166595558975,17.0,0.0,0.0,0.0,99.0
osm-13453416789-12316918940-0,primary,3.7968365956190286,1.0,1.0000470674367168,0.2586008081306763,-0.9659842762872288,3.0,0.0,0.0,0.0,99.0
osm-13453416794-13453416789-0,primary,2.523245564014449,1.0,1.0,0.2486737543768975,-0.9685873031813387,2.0,0.0,0.0,0.0,99.0
osm-13456437803-7241781245-0,tertiary,4.970660163108055,0.0,1.0017399318736515,-0.998221378008035,-0.05961610929723337,7.0,0.0,0.0,0.0,99.0
osm-13456492331-13603665477-0,primary,4.846373670518268,1.0,1.0010197759622703,-0.44864876551860633,0.8937081655656004,7.0,0.0,0.0,0.0,99.0
osm-13456652649-310047835-0,trunk,3.730812830820155,1.0,1.0,0.13684681457902345,-0.9905922215218401,2.0,0.0,0.0,0.0,99.0
osm-13456652652-13456652659-0,trunk,3.177595391947785,1.0,1.0,0.02115802493754479,-0.9997761439346021,2.0,0.0,0.0,0.0,99.0
osm-13456652659-5372153151-0,trunk,2.9180950038268385,1.0,1.0,0.020838905221385987,-0.9997828464367521,2.0,0.0,0.0,0.0,99.0
osm-13456804471-8488629808-0,tertiary,4.141355366491456,0.0,1.0,-0.9950517536223185,-0.099357977098715,2.0,0.0,0.0,0.0,99.0
osm-13525649819-13828209563-0,primary,4.900998983575641,1.0,1.004752686108511,0.6423235789829886,-0.7664335717350097,6.0,0.0,0.0,0.0,99.0
osm-13525649841-13525649819-0,primary,5.892505719074849,1.0,1.022581217212925,0.7479908107734128,-0.6637090831068477,26.0,0.0,0.0,0.0,99.0
osm-13586347373-6322281575-0,tertiary,2.399439534357928,0.0,1.0,-0.18653276571077837,-0.9824487402996086,2.0,0.0,0.0,0.0,99.0
osm-13586870988-9031905436-0,primary,0.9234649356221555,1.0,1.0,0.9978239835275039,0.06593404202158182,2.0,0.0,0.0,0.0,99.0
osm-13586870998-315469626-0,primary,2.6940864940848237,1.0,1.0,0.997917807796577,0.06449844093056857,2.0,0.0,0.0,0.0,99.0
osm-13603665477-310005821-0,primary_link,3.3909113277936553,1.0,1.2971373518813158,0.8895004803595448,0.45693423535574473,7.0,0.0,0.0,0.0,99.0
osm-13606136400-1675426142-0,primary,3.2895206644375325,1.0,1.0,0.24866982351374317,-0.9685883123771646,2.0,0.0,0.0,0.0,99.0
osm-13606177748-5549685557-0,primary,3.3222263217911614,1.0,1.0,0.24326635508064065,-0.9699595251791591,2.0,0.0,0.0,0.0,99.0
osm-13606201402-13606201409-0,primary,3.176344036149223,1.0,1.0,0.248469164633518,-0.9686398062367259,2.0,0.0,0.0,0.0,99.0
osm-13606201409-13606136400-0,primary,2.247072383063787,1.0,1.0,0.24829008779825576,-0.9686857242166493,2.0,0.0,0.0,0.0,99.0
osm-13606201410-13606201418-0,primary,3.4584280151164273,1.0,1.0,0.24865813769042175,-0.9685913124534677,2.0,0.0,0.0,0.0,99.0
osm-13606201418-13606201402-0,primary,2.9882040071331994,1.0,1.0,0.24866953998553287,-0.9685883851685315,2.0,0.0,0.0,0.0,99.0
osm-13606201425-4963127289-0,primary,3.51901004650922,1.0,1.0000031518159131,0.2430476851715521,-0.9700143415087996,3.0,0.0,0.0,0.0,99.0
osm-13606201428-13606201425-0,primary,2.108150468316289,1.0,1.0,0.2491291623029057,-0.9684702682531109,2.0,0.0,0.0,0.0,99.0
osm-13606201436-13606201428-0,primary,3.2543587921135324,1.0,1.0,0.24905189358968807,-0.9684901415602488,2.0,0.0,0.0,0.0,99.0
osm-13606201439-13606201436-0,primary,4.121943516412881,1.0,1.0000092685826891,0.2417779940354486,-0.9703315936318855,4.0,0.0,0.0,0.0,99.0
osm-13606201442-13606201439-0,primary,2.8898160479624417,1.0,1.0000165081791161,0.24076082878769675,-0.9705844751084067,3.0,0.0,0.0,0.0,99.0
osm-13606259700-12745196451-0,primary,1.6804553996693807,1.0,1.0,0.2632047338031386,-0.9647400002610128,2.0,0.0,0.0,0.0,99.0
osm-13606278105-12745196468-0,primary,3.619448986895937,1.0,1.0,0.243225772359481,-0.9699697024444289,2.0,0.0,0.0,0.0,99.0
osm-13606475657-4963127052-0,primary,3.3773827168961152,1.0,1.0,0.2434253122982509,-0.9699196447812051,2.0,0.0,0.0,0.0,99.0
osm-13606475660-13606475666-0,primary,3.5319332036512097,1.0,1.0,0.24349227147939542,-0.9699028372624777,2.0,0.0,0.0,0.0,99.0
osm-13606475666-4963127061-0,primary,4.0210567664522685,1.0,1.0000000258683601,0.24307177227450807,-0.9700083059042998,3.0,0.0,0.0,0.0,99.0
osm-13606475670-13606475660-0,primary,2.2149553430330715,1.0,1.0,0.24249427256334896,-0.9701528373271772,2.0,0.0,0.0,0.0,99.0
osm-13606475672-13606475670-0,primary,2.648087859929527,1.0,1.0,0.24339933982163592,-0.9699261628466322,2.0,0.0,0.0,0.0,99.0
osm-13618074118-5380240456-0,primary,2.005525858729668,1.0,1.0,-0.9558122837879877,0.2939776830985497,2.0,0.0,0.0,0.0,99.0
osm-13623804700-318097237-0,primary,4.181042001049414,1.0,1.00001655169532,0.9863831912121319,0.16446337006814268,3.0,0.0,0.0,0.0,99.0
osm-13623841203-13623804700-0,primary,3.74879794432518,1.0,1.0,0.9860847374229843,0.16624346790609287,2.0,0.0,0.0,0.0,99.0
osm-13623841206-13623841203-0,primary,1.695982513834286,1.0,1.0,0.9858966979217005,0.1673550149445399,2.0,0.0,0.0,0.0,99.0
osm-13623841209-13623841206-0,primary,2.3445903871390756,1.0,1.0,0.9860774693173495,0.16628657343481323,2.0,0.0,0.0,0.0,99.0
osm-13623841212-13623841209-0,primary,1.9786538878671436,1.0,1.0,0.9861410482667861,0.16590911042882614,2.0,0.0,0.0,0.0,99.0
osm-13623841214-13623841212-0,primary,4.56103019299389,1.0,1.000030312524699,0.9878181132982536,0.15561290126425442,4.0,0.0,0.0,0.0,99.0
osm-13623841217-13623841214-0,primary,2.451005098112319,1.0,1.0,0.9886850754813763,0.15000607161173615,2.0,0.0,0.0,0.0,99.0
osm-13623874472-5372018508-0,primary,3.765423741753722,1.0,1.0000309848171103,0.9757688818600012,0.21880376869168178,3.0,0.0,0.0,0.0,99.0
osm-13623874475-13623874472-0,primary,3.9236155514639535,1.0,1.0,0.9830302088084436,0.1834437476994729,2.0,0.0,0.0,0.0,99.0
osm-13624041397-104364335-0,primary,5.067047133022197,1.0,1.0000043109431866,0.9832233741270168,0.18240558261819867,4.0,0.0,0.0,0.0,99.0
osm-13624041399-13624041397-0,primary,3.6678090234946445,1.0,1.0,0.9839752671433308,0.17830500175320588,2.0,0.0,0.0,0.0,99.0
osm-13639648351-4235574904-0,primary,2.3987131200882663,1.0,1.0000615129313142,0.9995500080654356,0.02999635605182062,4.0,0.0,0.0,0.0,99.0
osm-13653307691-1174777687-0,secondary,2.8063861018230716,1.0,1.0,0.9590691552623622,0.2831719538095871,2.0,0.0,0.0,0.0,99.0
osm-13653320894-11477683650-0,primary,3.3476911141390144,1.0,1.0014058690903513,0.8900981018756327,0.45576898648042724,5.0,0.0,0.0,0.0,99.0
osm-13657075638-7120487197-0,primary,2.2570645776922365,1.0,1.0,0.5181869006856121,-0.85526740611217,2.0,0.0,0.0,0.0,99.0
osm-13659371444-4548266763-0,primary,1.8280913984754454,1.0,1.0,0.9673694298369382,0.2533700578540352,2.0,0.0,0.0,0.0,99.0
osm-13663105514-1675426300-0,primary,1.9945642495467342,1.0,1.0,0.23506429848502272,-0.9719798226186304,2.0,0.0,0.0,0.0,99.0
osm-13663493364-13663105514-0,primary,2.342958987132319,1.0,1.0,0.2184748052122732,-0.9758425895027637,2.0,0.0,0.0,0.0,99.0
osm-13664998461-2032758147-0,primary,3.8371054749012243,1.0,1.000021870717902,0.2494096084690791,-0.9683980830233508,3.0,0.0,0.0,0.0,99.0
osm-13675743447-318548947-0,tertiary,4.039219374094793,0.0,1.0,-0.1807522732353261,-0.9835286552613818,2.0,0.0,0.0,0.0,99.0
osm-13682180792-347509493-0,secondary,4.019674893885071,1.0,1.0,0.8854979665064598,0.4646432516597272,2.0,0.0,0.0,0.0,99.0
osm-13685379529-9031905443-0,primary,3.7351903569771867,1.0,1.0,0.9985497971471952,0.05383588596183214,2.0,0.0,0.0,0.0,99.0
osm-13695587261-9623310915-0,primary,3.3000501996571976,1.0,1.0,0.9961078243437795,0.08814307846395043,2.0,0.0,0.0,0.0,99.0
osm-13695587270-13695587261-0,primary,3.2749914729946883,1.0,1.0,0.9971706788040763,0.07517072125114693,2.0,0.0,0.0,0.0,99.0
osm-13699094545-13685379529-0,primary,2.052455676594849,1.0,1.0,0.998537180055038,0.05406940029011417,2.0,0.0,0.0,0.0,99.0
osm-13701804566-317180499-0,primary,4.146430875420432,1.0,1.0,-0.988690583493054,-0.14996976399316034,2.0,0.0,0.0,0.0,99.0
osm-13701804574-7103369200-0,primary,5.161236825999669,1.0,1.0003243824524457,-0.9871272362183203,-0.15993692355419492,6.0,0.0,0.0,0.0,99.0
osm-13717294231-315547395-0,secondary,4.152094467763004,1.0,1.0005273350486559,0.9634778108012864,0.26778817765831364,6.0,0.0,0.0,0.0,99.0
osm-13719672649-9696758894-0,primary,3.5847126701193175,1.0,1.0,0.4564679282937631,-0.8897398667246511,2.0,0.0,0.0,0.0,99.0
osm-13720913830-7120410540-0,primary,2.301984912922013,1.0,1.0,0.24092323709670915,-0.9705441740728975,2.0,0.0,0.0,0.0,99.0
osm-13720920968-315746130-0,primary,4.791965055914595,1.0,1.000166023972066,0.25575361478550607,-0.9667419968761816,4.0,0.0,0.0,0.0,99.0
osm-13721019303-5671327267-0,primary,2.167910189667444,1.0,1.0,0.23851925275377933,-0.9711377688390966,2.0,0.0,0.0,0.0,99.0
osm-13721122640-13525649841-0,primary_link,3.0957585876211153,1.0,1.0000000521153072,0.7081843373298519,-0.7060275804532559,3.0,0.0,0.0,0.0,99.0
osm-13734886233-1135179424-0,tertiary,2.2103601489515285,1.0,1.0,0.9992645201916834,0.038346038727419325,2.0,0.0,0.0,0.0,99.0
osm-13734886245-13734886233-0,tertiary,3.1687187268702655,1.0,1.0,0.9992559831979309,0.03856786282822176,2.0,0.0,0.0,0.0,99.0
osm-13734985431-5379957290-0,tertiary,2.8943084434160267,1.0,1.0,0.9977905714658651,0.06643775653814851,2.0,0.0,0.0,0.0,99.0
osm-13734985443-4748308350-0,tertiary,1.7462389539262457,1.0,1.0,0.9995335326399943,0.030540417944315407,2.0,0.0,0.0,0.0,99.0
osm-13750328259-7120393905-0,primary,3.955274047422461,1.0,1.0000016061203505,0.2398432083363597,-0.9708116374533845,3.0,0.0,0.0,0.0,99.0
osm-13752868692-2019635436-0,primary,3.15780860511975,1.0,1.0,-0.4324611451789391,-0.9016525705117912,2.0,0.0,0.0,0.0,99.0
osm-13771612756-9561798638-0,primary,4.3534213776635475,1.0,1.00000860636177,0.9997731448364134,0.02129926909327978,3.0,0.0,0.0,0.0,99.0
osm-13772607350-104379008-0,primary,4.072115994711034,1.0,1.000187637372712,-0.06631985807654013,-0.997798414723489,3.0,0.0,0.0,0.0,99.0
osm-13772607355-12583516441-0,primary,1.6090378324127605,1.0,1.0,-0.5114446906220981,-0.8593161981683264,2.0,0.0,0.0,0.0,99.0
osm-13798957263-5388382567-0,trunk,1.4334164681886254,1.0,1.0,-0.12118354273537557,0.9926301168965727,2.0,0.0,0.0,0.0,99.0
osm-13827879018-13827879026-0,primary,2.5932377488906595,1.0,1.0,0.37167300583068263,-0.9283637092954384,2.0,0.0,0.0,0.0,99.0
osm-13827879026-4780724425-0,primary,4.414433319592789,1.0,1.0000521083546654,0.3638709288100672,-0.9314493798199122,3.0,0.0,0.0,0.0,99.0
osm-13828094473-5499209000-0,primary,4.668088645534264,1.0,1.0,0.6733674395571533,-0.7393079813881651,2.0,0.0,0.0,0.0,99.0
osm-13828209563-329967924-0,primary,1.9016596649279132,1.0,1.0,0.5375274393512307,-0.8432462581858926,2.0,0.0,0.0,0.0,99.0
osm-13849518628-5374005699-0,primary,4.518140627014988,1.0,1.0000615534690276,-0.9104120294026053,-0.41370271538754694,7.0,0.0,0.0,0.0,99.0
osm-13849518632-4849427416-0,primary,3.549157510938799,1.0,1.0007419829706738,-0.9044680762350482,-0.42654132164618114,3.0,0.0,0.0,0.0,99.0
osm-13913580148-5377313967-0,residential,2.2710944259026746,0.0,1.0,0.9667026155585985,-0.25590242881255454,2.0,0.0,0.0,0.0,99.0
osm-13913580150-13913580151-0,service,1.9624862883171341,0.0,1.0,-0.5620218224391039,0.8271224039416587,2.0,0.0,0.0,0.0,99.0
osm-13913580151-5377313978-0,service,3.9764240171117256,1.0,1.0024042836647187,0.8500001861464731,0.5267823872824157,3.0,0.0,0.0,0.0,99.0
osm-13914133217-13734985431-0,tertiary,4.1013863770111465,1.0,1.0,0.9977787386518018,0.06661522869749416,2.0,0.0,0.0,0.0,99.0
