{"type":"FeatureCollection","columns":{},"version":1701682634012831,"id":"FAO/GAUL/2015/level2","properties":{"system:asset_size":316969462},"features":[{"type":"Feature","geometry":{"type":"Polygon","coordinates":[[[114.86465504276516,-2.52146112380211],[114.87144621309747,-2.5251934097171067],[114.87664107588381,-2.5263259820472106],[114.88274558086198,-2.5249124616007244],[114.8911733477552,-2.518406605696906],[114.9007024399028,-2.516337631717069],[114.90779240815402,-2.5170019928756324],[114.91666600254145,-2.52018136931157],[114.91923444829376,-2.5202928651428387],[114.92191885142755,-2.519236025735789],[114.93621020447532,-2.5070938816986588],[114.95512575157608,-2.495981821431441],[114.97503562231321,-2.488914109276885],[114.98766381590043,-2.487745834479301],[114.99828987891055,-2.488847223837052],[115.01246087712353,-2.492909519560031],[115.06261234728066,-2.5155840561274245],[115.0905085256606,-2.529246717419168],[115.11205490500754,-2.537380097294049],[115.14111488466853,-2.547225786641273],[115.16673235458217,-2.5522735021084646],[115.16782485484529,-2.5515868201356686],[115.183699249319,-2.553780657768836],[115.19061089862674,-2.552532136304182],[115.21241141617196,-2.5510071511754884],[115.22973503870033,-2.546837848377403],[115.23465787722463,-2.546744222969552],[115.262549511158,-2.5342007686724592],[115.27227930683267,-2.5273872450433106],[115.29556470978848,-2.514054556807683],[115.30664112197506,-2.5042534293289096],[115.3377299997517,-2.477521135683033],[115.33391745065698,-2.465062388010464],[115.32233266898386,-2.4505346592787918],[115.31963495464169,-2.4427089317985153],[115.32014332108147,-2.42969729072385],[115.3206337826723,-2.426794389634852],[115.31924251180996,-2.4230844114793237],[115.3152025819794,-2.419115810386947],[115.30933442946457,-2.415981110200161],[115.30182088894811,-2.4133368275235694],[115.29854785478113,-2.4100593935726975],[115.29728145955058,-2.404467710753509],[115.29762482643919,-2.401921543199432],[115.2998186758843,-2.4000799066303533],[115.30148195781369,-2.3944436368378246],[115.30307831295423,-2.3778379220946184],[115.30313184718094,-2.3718983927981143],[115.30050540360932,-2.3672341895632316],[115.30107167701536,-2.3649511033930946],[115.30891972820726,-2.366016867917049],[115.31651357340596,-2.36512505839823],[115.32476740941728,-2.361321395592701],[115.33273131453349,-2.354271573763304],[115.34024047824163,-2.3449029944599356],[115.3298819648539,-2.3464279980869196],[115.32301943666269,-2.346749111163627],[115.3097625134273,-2.3463611509777627],[115.28748932831556,-2.3483187039809463],[115.27193591173643,-2.351506942430487],[115.26074809576214,-2.3564520841064454],[115.25257900985092,-2.357357310886183],[115.2341985747635,-2.3508113392514813],[115.20116999854717,-2.33405849307947],[115.18225896794323,-2.3236598482940334],[115.15409975457257,-2.303446735919993],[115.1440979589774,-2.2944794995937605],[115.13824315976001,-2.287933538706563],[115.02141028496449,-2.3723933732248805],[114.90904094885524,-2.4525992144187927],[114.90032334200342,-2.4561040742990157],[114.88877881006955,-2.456340415292493],[114.88124287102276,-2.458110647180343],[114.87600787379981,-2.4625162610930094],[114.8641199763249,-2.4755680625354652],[114.8626573907894,-2.480593485132931],[114.86240321250094,-2.486760426403573],[114.86931476751131,-2.5069690656027],[114.86908739684878,-2.5116466161341697],[114.86465504276516,-2.52146112380211]]]},"id":"00010000000000001490","properties":{"gaulAdmin1Code":1523,"gaulAdmin2Code":73682,"province":"Kalimantan Selatan","region":"Hulusungai Utara","regionId":"gaul2-73682"}},{"type":"Feature","geometry":{"type":"Polygon","coordinates":[[[99.21409768902035,3.227537468404096],[99.21136427837939,3.229013400559416],[99.20061334631762,3.232732324238225],[99.19379537705446,3.2361614112073047],[99.18673666380927,3.2430729681072816],[99.18323622490075,3.238667373452845],[99.18184506500477,3.2362238210616607],[99.17982507444329,3.2352383238602322],[99.13831973521621,3.2391980016693505],[99.12746628844187,3.2393184199688285],[99.10422544284629,3.2352561431908016],[99.10479622065836,3.2240459817319294],[99.103293485076,3.2200952501376205],[99.09768837844128,3.221143112812567],[99.09786233195837,3.231363352000002],[99.09272094617685,3.2337489684421383],[99.09596270584596,3.251656726128066],[99.09864711096404,3.2545774738105537],[99.09909748881125,3.2628936525620853],[99.10122002151694,3.2650295704103542],[99.10193789888916,3.2677853434355053],[99.09993131913293,3.2690293907541434],[99.06452160385746,3.2680795902693407],[99.06357627482268,3.2686236136555222],[99.06276028900724,3.270665875364246],[99.06289847956383,3.273800667920742],[99.06559628072796,3.281920652290384],[99.06996170382503,3.2861924577451718],[99.07152683824013,3.2903528528793844],[99.07234730160488,3.2995296606935964],[99.07581208924917,3.3010992726709265],[99.08389197682382,3.314641574595568],[99.08525198175658,3.3264938689040324],[99.0936975113385,3.339010526192815],[99.09437531587146,3.344865303793244],[99.1026469199227,3.3526331023248996],[99.1048185048794,3.3563118791941338],[99.10373494184144,3.3597186352619914],[99.09966375647386,3.3638076191200263],[99.09600288052404,3.3636693488797915],[99.09057610642797,3.3584923818017196],[99.08555519277523,3.355767876755338],[99.08243385389035,3.3561780850419938],[99.07605729558507,3.3620373065425313],[99.07673511868435,3.3668041240900255],[99.09437531587146,3.378112365136391],[99.10015879030182,3.3788347432147576],[99.10355211260537,3.3771982964964162],[99.1084348775167,3.3766542419302206],[99.11386160109225,3.378558325871787],[99.12023806121549,3.383329534204685],[99.12458123450007,3.3842793642876203],[99.13166673154241,3.378950709540967],[99.14068753347583,3.380596142073565],[99.14774185780192,3.383066438019232],[99.15505027674698,3.3912266236432207],[99.15791303235196,3.3950881790876],[99.16577889380123,3.4003320620194932],[99.17333260383995,3.4029941528379695],[99.18547024236267,3.4087553566268296],[99.18793618307,3.412215630391426],[99.19882976268728,3.420710226996358],[99.2026958073438,3.4230824577512813],[99.20453736945255,3.410891263213381],[99.2043991874468,3.405575990040188],[99.20881808656364,3.3918597792855754],[99.21031189901714,3.3805470542099796],[99.21221153362913,3.3736042405090885],[99.21790132348474,3.3640617378447026],[99.22482184750483,3.3577922723607916],[99.22875034683334,3.35533977718946],[99.23594725855686,3.3547913328282664],[99.24353672766594,3.355607293316969],[99.24937366581261,3.35751582063261],[99.26389249633459,3.3590096358925483],[99.26891340971491,3.3624118989800285],[99.27542821333105,3.3694974433909937],[99.28661160144219,3.375227324251791],[99.30887586755163,3.430199122169521],[99.3168264394756,3.444160636887448],[99.30829170926965,3.4484993315010057],[99.29433028114993,3.4577118257028014],[99.27739020059127,3.463691454618163],[99.27190100215371,3.46806138305205],[99.25748027441963,3.482557952101507],[99.25518827658705,3.486927867539387],[99.25632986978145,3.4887694842305215],[99.26891789258583,3.4836994569928916],[99.2721284531173,3.4843995483662447],[99.27075056174894,3.487159703587225],[99.25083178231867,3.4982004860174762],[99.24465143629938,3.4991190172128808],[99.23984898910695,3.506940283539227],[99.21305871326567,3.526961636681354],[99.16726818962061,3.552039629121975],[99.147122042799,3.55986091824319],[99.12973151294554,3.563080340842847],[99.10637917553069,3.576881261900936],[99.0610390858723,3.613218474569148],[99.04593160811544,3.620807879388388],[99.02188813257499,3.6274787153736927],[99.0124214619263,3.633360232542369],[98.99807205836743,3.648641565881345],[98.9698994812762,3.661292035797196],[98.95187132948544,3.673162204945198],[98.94586044897194,3.674620333999536],[98.94406791382148,3.6724219916884304],[98.94595412456836,3.6577114019319192],[98.94548145145349,3.647339552721187],[98.9381952658974,3.624294932126787],[98.93689767691902,3.622056467427627],[98.93044087978606,3.6152206560757363],[98.92562956000579,3.6132140227994882],[98.92316366984532,3.6101506452956733],[98.91882496944743,3.600483314083476],[98.91964544711203,3.5965950017630117],[98.92104557591223,3.5932327985633923],[98.91869562057583,3.5835699759888695],[98.91927979748078,3.5815633497115162],[98.925384314998,3.5737866646128853],[98.93255004681026,3.5694256639995534],[98.93337049963077,3.5677757888068475],[98.9313817522967,3.5556693568915185],[98.92973188493202,3.552133246173004],[98.92656591115221,3.5468314264755274],[98.92727049791645,3.543883970477655],[98.9319704034535,3.5392866115007355],[98.93244307946352,3.5361072602502635],[98.93161808817274,3.5326871200952272],[98.9356090377258,3.5254990656549037],[98.93644729515832,3.5163623733126084],[98.93362469771793,3.5051655975697193],[98.9345700725144,3.502454442788028],[98.93585869465046,3.501509073678487],[98.9339502375575,3.4889077140574147],[98.92988795084256,3.4814877767287427],[98.92177689335576,3.47892371851696],[98.91335359764125,3.4670982192453956],[98.9119267451558,3.4727300568211645],[98.90510431612923,3.477144575712767],[98.90454693514795,3.4784911865505053],[98.90499283961542,3.4882610838283017],[98.90227720628177,3.491021309546143],[98.89660081491596,3.490031358192583],[98.8910314094531,3.4874138639590258],[98.87796178225129,3.48843504081023],[98.87516140834725,3.489210918980903],[98.87065326321064,3.4940133860971856],[98.86798224803589,3.4991502031160273],[98.86045974776339,3.498039934543991],[98.84074611551158,3.498450185839238],[98.83659462270553,3.4975315466512513],[98.83296051332343,3.495801440666329],[98.82570104708428,3.489491822526938],[98.82348491857697,3.4840517252989645],[98.8226243227886,3.4770018992002267],[98.81867800092057,3.4760788705518957],[98.80884565983918,3.4754501029805662],[98.8085781608737,3.470821557802011],[98.80609889889433,3.467802747945925],[98.80376232820448,3.4551923986381103],[98.80216148956261,3.450617410320828],[98.8013097909533,3.4438128088158537],[98.79982940985415,3.442702493533619],[98.79650290177892,3.441462810407365],[98.7944115368883,3.4381274361496037],[98.79306042781512,3.4342926293597404],[98.78923902706295,3.4311979699239985],[98.78899379059204,3.4299627935109],[98.79231131651206,3.4247367497036127],[98.79267695927216,3.420901956826052],[98.79169597449926,3.420161726182211],[98.7847977358613,3.419912016444644],[98.78344662640414,3.4190469398265027],[98.78344662640414,3.4176869578430846],[98.78504741459366,3.41583196266889],[98.7856583322485,3.409651619901028],[98.78369192936769,3.406311731762373],[98.78234075515175,3.3978439113906522],[98.7865278494811,3.394379200062556],[98.78775862439875,3.390669236197262],[98.78714769016838,3.389434050844176],[98.78320140828316,3.3867140146494847],[98.78086931098306,3.384118780765752],[98.78148019565579,3.380654073934239],[98.78333070042838,3.3778092015690873],[98.78283572620708,3.3734838726723613],[98.7790008761323,3.3673659945596532],[98.77272248559976,3.3660014859843406],[98.77063117487626,3.3636514999395977],[98.77112615504953,3.35660613144608],[98.76853983668325,3.3519062682168284],[98.76853983668325,3.3475764575404465],[98.76977503224086,3.3411464223767426],[98.75929171044321,3.3289641843290725],[98.75375348383189,3.3243891866257345],[98.75375348383189,3.3184540668063396],[98.7490224019283,3.315600266285144],[98.7469399674602,3.3105525669975777],[98.74727439005922,3.306254013938358],[98.74933448205,3.298811763979077],[98.74760436071314,3.281398945990831],[98.74875485767024,3.2785050243404203],[98.74900904149894,3.275361362319754],[98.74700239850365,3.268315966851296],[98.74802356916415,3.264423163585252],[98.75065440838343,3.262273837343874],[98.75164882158072,3.2605392828258157],[98.75131883362741,3.2485978127316613],[98.75292408240809,3.239162355589063],[98.7504581994177,3.2340923707619242],[98.74590099795766,3.2303823594444645],[98.73996590625417,3.226748230980925],[98.736648359023,3.2227885416006257],[98.73568522419032,3.2204831963374025],[98.74777829539222,3.208613012907449],[98.75162646941098,3.2088895252840257],[98.75673662956073,3.210798015132216],[98.76006310870109,3.2143831315404934],[98.76147667251574,3.2211654269129544],[98.76762572399397,3.2159795102845576],[98.77204921874818,3.214409866595151],[98.78115016433915,3.213411062622934],[98.7857074278081,3.21477104112626],[98.78755349388699,3.2188511442559538],[98.78890013518212,3.222685979023072],[98.84072828050259,3.2220795196762593],[98.84291764253592,3.2252098471411856],[98.85033319268585,3.2291293891840525],[98.85396735617701,3.2297358469292083],[98.85539424418131,3.2310601610242813],[98.85599620724915,3.2363620108340845],[98.857262583094,3.237298447518316],[98.86088781342822,3.2377978689972857],[98.86302817701373,3.2403350835479174],[98.86508385653825,3.249422768791188],[98.86359451855081,3.2575918405614286],[98.86518643996799,3.261845830388797],[98.89367113881237,3.261725386709975],[98.89776463395201,3.2682891961403433],[98.90919327322166,3.267464268249585],[98.91622978012045,3.278005601828133],[98.92571874785504,3.2675490132530993],[98.93642505831018,3.2728642542541504],[98.94085739093458,3.2771939924204445],[98.9502169878193,3.2774437111381918],[98.95182229772492,3.278063569680618],[98.95501498629235,3.282883837426875],[98.96469123508133,3.2869371687920794],[98.9645530475407,3.270001478813064],[98.96317961139412,3.2634510444563527],[98.95938938903268,3.254657707225389],[98.95349891485041,3.23335662159474],[98.95278103425953,3.222008181294676],[98.94651154722109,3.215194668272708],[98.94090195138313,3.2114980525977965],[98.94013052851118,3.207520555970431],[98.99999842453829,3.207150443098909],[99.00338729755927,3.2140531625111866],[99.00571499803254,3.2154979135235586],[99.00822546078307,3.2143697801597235],[99.0096033069158,3.212372082396023],[99.00692789785927,3.2095940853395852],[99.00261146884432,3.202388136680359],[98.99999842453828,3.1942458549361272],[98.9951380060587,3.1877177156448666],[98.9881684359349,3.1839095952408063],[98.98623763862504,3.1730026616242735],[98.9651728711133,3.144508986726538],[98.97056392420355,3.138761227283129],[98.97196403377241,3.134641058296044],[98.97243669750668,3.130034797602541],[98.97822021106406,3.1297850974990618],[98.98498460107531,3.125584610829071],[98.98658547870419,3.124095238946485],[98.97728821663455,3.1202514947706983],[98.98142180839696,3.08113630541561],[98.97834948939682,3.075446489291542],[98.9757632045854,3.0697610826857358],[98.97093849215489,3.065734561991542],[98.96330894929724,3.056834164254398],[98.95691013776322,3.049909168450092],[98.95395824054961,3.042243977385092],[98.94275691831086,3.0330939039393385],[98.9370671498347,3.0303203770498235],[98.92906307064187,3.020554926732438],[98.9261155886936,3.0156187109674786],[98.96231899313155,3.01743355536763],[98.98176516044222,3.021513627924792],[98.99333204222233,3.025348459155429],[99.00026152064252,3.027038445784183],[99.00130497803401,3.028184424133974],[99.00026598847884,3.033218764211267],[99.00242415156798,3.040460316849834],[99.0057907879191,3.0427835617008974],[99.0104906616466,3.0491957091967334],[99.00970591074919,3.061016823976292],[99.0070705435888,3.0690788728806475],[99.01532883816762,3.0799323034173733],[99.02069313216164,3.084988907563156],[99.03023559393122,3.0923420259638705],[99.03243834388776,3.0947900078244226],[99.03225112462562,3.1078730049849086],[99.03260785360143,3.1107045638219555],[99.03823072166334,3.1125863391186104],[99.04536530129407,3.113116975107029],[99.04651580077183,3.115029913131201],[99.04641770401446,3.116715406621846],[99.04791143639662,3.117892652244981],[99.07279769942943,3.1275198190680102],[99.07621786986161,3.1338160587232307],[99.09768837844128,3.1350289582675637],[99.10777932289355,3.1394880846129856],[99.11379913068048,3.143287248661254],[99.12776062552466,3.156254251654773],[99.13164443982716,3.15764110028979],[99.13411928036957,3.162287445582789],[99.13405687855612,3.167045313404867],[99.13162214811811,3.1711788755477968],[99.13240700578382,3.1722356819558537],[99.14520460761105,3.1722981523974805],[99.15039945663513,3.16565854545098],[99.1526245361005,3.1545063038166297],[99.16709881567361,3.161774638959413],[99.17578068355978,3.1688779892611563],[99.18100674754692,3.170331674456979],[99.19674731720589,3.1784739982190553],[99.19557014498587,3.187949545634005],[99.19475416263681,3.1900320021783037],[99.19534274062218,3.2010994595136233],[99.19756331977455,3.203106088786409],[99.20200457744438,3.2113999621418987],[99.20812249363712,3.216786551194491],[99.20831874658583,3.222155373240467],[99.2135848769079,3.2258519147459475],[99.21409768902035,3.227537468404096]]]},"id":"000100000000000014d7","properties":{"gaulAdmin1Code":1537,"gaulAdmin2Code":73847,"province":"Sumatera Utara","region":"Serdang Bedagai","regionId":"gaul2-73847"}},{"type":"Feature","geometry":{"type":"Polygon","coordinates":[[[104.67840499724822,-3.0498244426093226],[104.67262156544862,-3.0575877719312032],[104.66129991753245,-3.0768332097685605],[104.65107514985432,-3.086901876502528],[104.61662862837446,-3.105442835277812],[104.59281251931452,-3.117598368582558],[104.53692664556269,-3.150488669137221],[104.53780950854873,-3.1636563672834908],[104.5416621835637,-3.19787109734288],[104.54364647287817,-3.2052508826361334],[104.54662517840018,-3.207747956060522],[104.5531711062864,-3.2087468546657365],[104.56259765745105,-3.2079531264262164],[104.56537571860186,-3.214137874491419],[104.5712215765736,-3.238778865482694],[104.57042787232062,-3.2411689177908496],[104.55165945649145,-3.2616094761929424],[104.5386522866489,-3.2717762051388477],[104.53665908541343,-3.275865231931386],[104.53755092480245,-3.28543893237737],[104.5408239220997,-3.2893316731586926],[104.53883513660934,-3.295115131166528],[104.53932119679955,-3.3072840330648137],[104.53752861319724,-3.318454098150481],[104.53444733237988,-3.3274302921285788],[104.53533915862275,-3.338502187392103],[104.53632468034283,-3.3461807869788283],[104.53413968777838,-3.350372343379263],[104.52044129852946,-3.3587420993009296],[104.51160334984979,-3.360432075090988],[104.49870318839635,-3.360525729829001],[104.49522512134473,-3.3648153292364404],[104.49452948212077,-3.369002468827015],[104.4954168936891,-3.3736889634135596],[104.4945205955906,-3.3815681969008247],[104.49243369751565,-3.383565915030777],[104.48240519322592,-3.3859515174293104],[104.4724747464768,-3.395520760034842],[104.45609202636605,-3.4056874772167594],[104.4448684662494,-3.411965921819236],[104.44267904015307,-3.414257881958113],[104.43652552807576,-3.427519247313039],[104.44088202222304,-3.4372935574696823],[104.43969148432645,-3.441881982322345],[104.4364096041966,-3.4495605618302885],[104.43700263796381,-3.452454497325543],[104.43888879607499,-3.4558478711852514],[104.43858117113251,-3.46133261952851],[104.43381435439322,-3.471102489774283],[104.43241868029966,-3.477184724860302],[104.42784809983675,-3.482170014790819],[104.42238570675126,-3.491146185246436],[104.42079375704694,-3.4958327021959335],[104.41295026052109,-3.5029092388170993],[104.40927144220035,-3.50390363069227],[104.40281470373341,-3.5047954947027646],[104.3953725010607,-3.507885596674648],[104.37799086172612,-3.513356954603846],[104.36339622081728,-3.519131454018868],[104.35485264174714,-3.5260074317773005],[104.34264360200105,-3.5291911767274473],[104.33508985706719,-3.5325801033861994],[104.32665329883788,-3.539456084364222],[104.32138258454839,-3.5472327014451532],[104.32167691579566,-3.5532168332056884],[104.32236357267519,-3.565581946428096],[104.3293019536989,-3.5758601804748396],[104.33178120011364,-3.5808498742350934],[104.33673973083903,-3.584644613968509],[104.34419093764733,-3.581755092399334],[104.35610117756809,-3.5822634487163083],[104.36851529162928,-3.5779826503032224],[104.37069580115283,-3.5778845508730863],[104.37178828788207,-3.580082916242961],[104.37188640253942,-3.5861651322198167],[104.37386176202828,-3.5911548957889954],[104.37724178670088,-3.591453657453328],[104.39273268377029,-3.587476099933122],[104.40067883179636,-3.582892186244324],[104.41061369710096,-3.5705315276381415],[104.42203343876834,-3.563258766024555],[104.43434946104217,-3.5592767703596135],[104.43931687816715,-3.5608731345893285],[104.43990104033189,-3.568154834318303],[104.44774010499395,-3.575641665226976],[104.45627486400329,-3.5806313671352465],[104.45487915577603,-3.5910032813949795],[104.45388031294593,-3.5956942494791364],[104.45497279486014,-3.597589354933513],[104.46023453575822,-3.6014821265277392],[104.46618743552347,-3.611956560010378],[104.46508607509472,-3.6151493284227016],[104.45584682172546,-3.626814311873652],[104.45405426374369,-3.63379279842662],[104.45355035780563,-3.642171441748869],[104.45047800788025,-3.645261597818821],[104.43597255866491,-3.6554283791395803],[104.43457686418881,-3.6588172958780336],[104.43398384015406,-3.6637044534687053],[104.42811564211235,-3.672279298272044],[104.41500140082925,-3.6851348545700056],[104.40566403182126,-3.697098630811826],[104.39811032036089,-3.702877619396534],[104.39045851468804,-3.7074616379037195],[104.3876805222865,-3.7109531131996807],[104.38677981507057,-3.720727460816004],[104.3837966781522,-3.7264083397041006],[104.37544920781744,-3.7310903640860684],[104.37425413781565,-3.7352774615307354],[104.37593970522941,-3.7409672833796774],[104.38059942373042,-3.747450828956218],[104.38397054628825,-3.7506435497927657],[104.38178113704052,-3.7542331184643003],[104.38255252356667,-3.7609173118341346],[104.39280852257443,-3.7539433021796826],[104.39946144307694,-3.7537470619140256],[104.40482129708337,-3.7562441566480387],[104.40929373456255,-3.754152821104296],[104.41514413084631,-3.755954336142896],[104.41703924685704,-3.755356805021696],[104.41961661530854,-3.7526634760858575],[104.43043436213974,-3.7594547489673587],[104.43609745406508,-3.7615505309559705],[104.44126107401804,-3.7614568749900865],[104.44801212513886,-3.7562709088251824],[104.45546773259557,-3.7536846531375945],[104.45834393011954,-3.754081535433787],[104.46668241067118,-3.760074529612444],[104.47124406058123,-3.7646629699265617],[104.47472218949653,-3.766459956178654],[104.48087124422521,-3.7728498397652435],[104.48821982359723,-3.776541986387322],[104.49427088430973,-3.7827312379404905],[104.49625516744794,-3.78661954852707],[104.49714694376047,-3.79430258543149],[104.49316505048267,-3.8069664534465506],[104.49066789033728,-3.818234588078167],[104.49354405801856,-3.831304216147181],[104.49493524165185,-3.8329986763242654],[104.50714871120284,-3.8313131074880555],[104.520659856374,-3.8274292582468927],[104.52890022645018,-3.8240403722571634],[104.53734576482846,-3.823148536264948],[104.56326205100454,-3.8285484987258425],[104.56762757980563,-3.8304436391695273],[104.56942007754319,-3.825556462524096],[104.56942007754319,-3.820272416296491],[104.56674018528575,-3.8170796865083814],[104.5646577937725,-3.8122906058354187],[104.56584835061022,-3.808598446139228],[104.56972334882298,-3.8036132051306026],[104.56903661050961,-3.799323565571266],[104.56824291775587,-3.795934629767065],[104.57131964517211,-3.7939414038848027],[104.57758914380682,-3.7772866936278615],[104.58067486448658,-3.7728989465660803],[104.58513844110007,-3.770009389019952],[104.5869309689043,-3.7649215440862895],[104.59438211553145,-3.757345584058806],[104.59786025503244,-3.751165257445494],[104.5980608731908,-3.7438835675992443],[104.6012402084821,-3.7371993462929383],[104.6046202373247,-3.736303091608822],[104.60939151711128,-3.7328160231864906],[104.6118796214991,-3.723438560417766],[104.6111929585973,-3.711274163058557],[104.61019858799989,-3.7082776428437305],[104.60940485709106,-3.6979057267529667],[104.60752313112903,-3.6946149022717027],[104.60891883791768,-3.6874313520003072],[104.6113980411176,-3.68444372735352],[104.61071138039475,-3.678557716576239],[104.60902582425533,-3.673068542958769],[104.61051074549486,-3.6696796675361014],[104.61468446849611,-3.665291870736576],[104.614992099456,-3.656516377893489],[104.61911231548028,-3.653796324117362],[104.62879744641369,-3.635674557442003],[104.6311875832364,-3.6237062847174353],[104.62721895560267,-3.6133344176381668],[104.62882421872678,-3.5965771543944984],[104.63359990548,-3.5682529494982114],[104.64868950479342,-3.5638696360860918],[104.65783073595438,-3.555491004904366],[104.66339119699988,-3.5467199519132087],[104.66340009347253,-3.527568102223593],[104.66896956479883,-3.5120102962470545],[104.6777048668002,-3.500242754261681],[104.69359716445219,-3.495658776578003],[104.70431678511686,-3.4972595425261948],[104.71861273169804,-3.47851354618095],[104.73490176874553,-3.469341155412904],[104.75555638783145,-3.4633614918690316],[104.77699125606627,-3.459776339218592],[104.82623310381126,-3.4589915832999107],[104.83068777424008,-3.474357619569263],[104.83774653802072,-3.4550006991109097],[104.82543941823447,-3.4522092742632493],[104.81630715782684,-3.4422298205676234],[104.80361205798908,-3.4242729922891026],[104.7976592167558,-3.4051211905920407],[104.7989522906821,-3.389563363263002],[104.79727126104885,-3.375998796052104],[104.80561870979685,-3.3388946266607706],[104.81674413985006,-3.328924028966348],[104.81555359601175,-3.311769911811074],[104.80246159517327,-3.290219063552552],[104.80682262419573,-3.2778539458099036],[104.79650870873417,-3.2590989623105036],[104.78936971153617,-3.2547112653256],[104.79254009544415,-3.2427430214566204],[104.8052529959196,-3.215216951132961],[104.80565432843298,-3.2012510751514527],[104.7993090855167,-3.1936705902836744],[104.79772163524163,-3.18050289640627],[104.802091525498,-3.1545732091624834],[104.81201746079134,-3.143799993053723],[104.80884703783647,-3.1370176901429927],[104.79455568713011,-3.1382127341157404],[104.78979335165842,-3.1298340869217838],[104.80488737194393,-3.1078953587586744],[104.81084476280525,-3.094330780808153],[104.80925728443722,-3.0779702838657146],[104.7921967609563,-3.0636075746734157],[104.79060938300545,-3.037472738201647],[104.78555272853828,-3.039367903605191],[104.78118730793491,-3.0377715020454614],[104.776032581367,-3.033878720783707],[104.77324562077514,-3.0336780853458625],[104.76937953456213,-3.0360726257889175],[104.76342221443277,-3.0443486781576525],[104.76014924862803,-3.0446474452089696],[104.75429438528872,-3.03906022226676],[104.74466720263823,-3.051822162411693],[104.74614765249646,-3.063393488251759],[104.74357031520285,-3.0679819341107097],[104.73979789352401,-3.070474587373509],[104.73453613213758,-3.0718702745368596],[104.73086628503677,-3.0756604773274256],[104.72918074078714,-3.079348180328477],[104.7236158518466,-3.0785499925484405],[104.67840499724822,-3.0498244426093226]]]},"id":"000100000000000014e4","properties":{"gaulAdmin1Code":73622,"gaulAdmin2Code":73814,"province":"Sumatera Selatan","region":"Ogan Ilir","regionId":"gaul2-73814"}},{"type":"Feature","geometry":{"type":"GeometryCollection","geometries":[{"type":"LineString","coordinates":[[95.28058639993331,5.550622141131319],[95.28014941355801,5.5509208860456]]},{"type":"Polygon","coordinates":[[[95.36854665178282,5.6017903284309964],[95.35272131425648,5.5886493293281205],[95.34865015535574,5.5912980018222305],[95.3402893002795,5.588078557268787],[95.32922182000647,5.58678983942976],[95.32470031506801,5.589911272107249],[95.28365871308895,5.5615914672883475],[95.28280263627431,5.553284181146459],[95.28058639993331,5.550622141131319],[95.28898737498537,5.532803535092801],[95.28533087838558,5.527987722181725],[95.27788424949415,5.519243377984246],[95.27713062314037,5.515444287654933],[95.27709945146084,5.5075739266189805],[95.27806705699949,5.505451440878574],[95.28173241870547,5.504929672120698],[95.28945114165347,5.499057072633437],[95.29523458541644,5.492372887360317],[95.30400117245016,5.486660719654691],[95.31449340661577,5.482781325619257],[95.32578832907386,5.480805972062196],[95.32909255170486,5.4810913233222545],[95.33838081913947,5.487490160032255],[95.34092699113265,5.489577021369922],[95.34822207015958,5.492582431820531],[95.35157978660749,5.492163326030209],[95.35294427400841,5.490187918635657],[95.35950357203888,5.492283701600558],[95.36307536332002,5.494593508951785],[95.36646428643216,5.501692410655282],[95.36620119143507,5.510137914513267],[95.36576866426935,5.513442135259908],[95.36744529401035,5.521932276245477],[95.37639466365712,5.525459434334879],[95.38207111819385,5.526596450199945],[95.38997712263931,5.521160817716346],[95.40803644445889,5.514588109236532],[95.4116215441124,5.518578994984153],[95.40730963902554,5.537686275936528],[95.40725162922242,5.541231245824372],[95.40998062990188,5.545520894865389],[95.41569722152789,5.542118621042988],[95.41862681671964,5.537686251849334],[95.42331776994926,5.537258154307762],[95.41747191933528,5.556378836049875],[95.41388677729304,5.562354017360526],[95.40730068985101,5.56518994937056],[95.39939918846896,5.571156296053842],[95.39362908545233,5.586339528014618],[95.38803736330267,5.594392667874629],[95.37647045146532,5.598602065989608],[95.37198460739299,5.599801567824794],[95.36854665178282,5.6017903284309964]]]}]},"id":"00010000000000001342","properties":{"gaulAdmin1Code":1512,"gaulAdmin2Code":73705,"province":"Nangroe Aceh Darussalam","region":"Kota Bandaaceh","regionId":"gaul2-73705"}},{"type":"Feature","geometry":{"type":"Polygon","coordinates":[[[103.55564790624187,-1.6046833494846922],[103.56113265540804,-1.6133161038362944],[103.56408900387208,-1.618417327216081],[103.564383309457,-1.6316296807834325],[103.56445913694812,-1.635754325338112],[103.56732189966264,-1.6415377957914743],[103.57651653207964,-1.6444228450211604],[103.58525191618742,-1.6441196385969705],[103.601799668059,-1.6397006227704694],[103.6188646201325,-1.6437539814975817],[103.62837144221687,-1.643530993425228],[103.63649139461202,-1.6401911331655552],[103.63912228580081,-1.6390273489119191],[103.64399160862548,-1.6401198165593203],[103.65093893402944,-1.6459567657141247],[103.65689628325994,-1.6464249556882524],[103.67410838974595,-1.6392725423728718],[103.67519197869461,-1.6360085300241776],[103.67495564688116,-1.6343764791566724],[103.67171383533275,-1.6307200427886155],[103.65888951683925,-1.620990248218629],[103.65445716589983,-1.6140920357500537],[103.65392203599542,-1.6101279096451895],[103.65771675265732,-1.6050757055279556],[103.65470688804018,-1.5881267024235262],[103.65232125259321,-1.567775310475752],[103.65394438455988,-1.562955071078443],[103.65371692405053,-1.5572028284229436],[103.65611150656649,-1.5555975614271638],[103.65650389433159,-1.5531093816649237],[103.65549616150443,-1.5511651792067145],[103.65047519054328,-1.5474328993985849],[103.63470331589853,-1.5471876651234935],[103.62797454552569,-1.5497471585993587],[103.62310077985369,-1.5537871268368493],[103.61754022999204,-1.5531628888128168],[103.61460175106482,-1.5526144237004473],[103.60275383403952,-1.5565294601731412],[103.59770167196541,-1.5574525102081773],[103.59066974479522,-1.556516087251353],[103.58402118455285,-1.5576799354598772],[103.58030672292091,-1.5609395667929113],[103.57664586572297,-1.5664063753071504],[103.56751363550104,-1.5734249845426755],[103.56140912336825,-1.5850543480610313],[103.55846607605073,-1.5904141689005313],[103.55572372866327,-1.599863044588798],[103.55564790624187,-1.6046833494846922]]]},"id":"00010000000000001357","properties":{"gaulAdmin1Code":1518,"gaulAdmin2Code":18003,"province":"Jambi","region":"Kota Jambi","regionId":"gaul2-18003"}},{"type":"Feature","geometry":{"type":"MultiPolygon","coordinates":[[[[112.58089072222167,-6.929019386562634],[112.57758213630976,-6.932751689740295],[112.57771144987764,-6.947529119198516],[112.57512963177986,-6.959078208611357],[112.58460069596741,-6.958119509593742],[112.58089072222167,-6.929019386562634]]],[[[112.75804195818004,-5.803310412480529],[112.75998160665239,-5.8058699972874885],[112.76287111481244,-5.80520107903871],[112.7628310181713,-5.801009552179728],[112.76054796182976,-5.796849241577818],[112.7583005418274,-5.7968714826176555],[112.75804195818004,-5.803310412480529]]],[[[112.78897913410908,-5.776658403441275],[112.79151197032161,-5.779641530013538],[112.79244834885033,-5.788390287443403],[112.79610038912013,-5.780778582274577],[112.79520410946506,-5.776435469667491],[112.79310833196384,-5.774348562698835],[112.78964802972537,-5.774121184729547],[112.78897913410908,-5.776658403441275]]],[[[112.75145141651538,-5.861961017821539],[112.75212024688263,-5.865171584222164],[112.75468863859281,-5.865791396875344],[112.7569316115951,-5.863838284971707],[112.75851011818675,-5.861252000467129],[112.75785911295115,-5.859330131236845],[112.75431858256475,-5.859361348648722],[112.75145141651538,-5.861961017821539]]],[[[112.59520893491279,-6.950837792953402],[112.59569053419561,-6.956130745337146],[112.6016790443947,-6.964397949188425],[112.60422079168877,-6.966689874166383],[112.6120509673333,-6.969209319000112],[112.62216863410625,-6.9795320842903195],[112.62723866368528,-6.9799780321977085],[112.61226057272012,-6.963220735595181],[112.60166122095272,-6.954119677327423],[112.59866024043032,-6.948541386078365],[112.59520893491279,-6.950837792953402]]],[[[112.5516390212297,-6.85482000203903],[112.55749834907391,-6.865789347040214],[112.56815111950937,-6.901480007617014],[112.57446069161735,-6.912369172135194],[112.58422166935955,-6.921318563193431],[112.58642898837047,-6.928832138271499],[112.5954675581176,-6.930009343816654],[112.59974829115211,-6.9223307416565305],[112.60019869747182,-6.91635111697142],[112.59672948211426,-6.908770676128449],[112.59441969728486,-6.906469775572514],[112.58845788487466,-6.909011418136753],[112.58567984806503,-6.901199068792034],[112.57346191850671,-6.887661278652432],[112.55567901496354,-6.851591573597104],[112.55384185393258,-6.850450067260113],[112.55176833761476,-6.851368629304928],[112.5516390212297,-6.85482000203903]]],[[[112.56223837168643,-5.805660361872511],[112.56547115762632,-5.810480648773717],[112.56960031524353,-5.812781551878063],[112.5760793879321,-5.833931107494598],[112.57243186180536,-5.840378958229479],[112.57388105229512,-5.844298492759831],[112.58555053537795,-5.855080581752109],[112.59174425137263,-5.85644951388281],[112.60872892138856,-5.856650236429272],[112.60944240004845,-5.864007703999566],[112.61219810031604,-5.863780348236952],[112.613112179457,-5.860088201757305],[112.61745986511035,-5.856859787826573],[112.61994801667682,-5.843049920990541],[112.62846045053463,-5.846487936424048],[112.63419035472512,-5.847170195983935],[112.64087011329042,-5.854509857383451],[112.64771487329915,-5.853212259374257],[112.65211152672197,-5.853568955762966],[112.65442137443704,-5.855178683414426],[112.66406190297911,-5.854469726041935],[112.67392994303474,-5.855829749479871],[112.6879315224147,-5.851428570433418],[112.69181981183083,-5.8475090182514],[112.69411175174486,-5.847040867810274],[112.69849066512386,-5.850478794708073],[112.70283828106437,-5.849792117914445],[112.7191674557346,-5.833199788489698],[112.7209288735973,-5.82903948327655],[112.71976056616622,-5.819381059839028],[112.72088868435303,-5.810859722192405],[112.72590959985402,-5.79750021930329],[112.73208996545866,-5.7915116276396255],[112.73160833619107,-5.786450559781809],[112.72747924461662,-5.783231108367787],[112.7226321868783,-5.77334972588766],[112.72375148210537,-5.765292130961874],[112.72282840460318,-5.762531978245307],[112.72134349557255,-5.761707034706015],[112.71869927741238,-5.760239965030365],[112.71499821522751,-5.75450109401918],[112.71679973873812,-5.7399912027500415],[112.71518997902211,-5.7360805607700325],[112.70007362715171,-5.735661448265361],[112.69681850031742,-5.733128632059554],[112.67866993066534,-5.728112135839151],[112.67660982813642,-5.726270529298636],[112.67497781964812,-5.7207502058574615],[112.67153984574875,-5.7212183572643704],[112.66399052228297,-5.72952122833714],[112.65596866595084,-5.734600176588071],[112.6407988220077,-5.729788797274372],[112.6366785599583,-5.733030563520801],[112.62772916088862,-5.733280281568444],[112.62315854429382,-5.738809546678671],[112.61903839886095,-5.748940595949222],[112.60666877880219,-5.757939070444056],[112.60117071244606,-5.763700262983714],[112.59568162242822,-5.772689785815916],[112.587191495943,-5.772239413001441],[112.58168897185033,-5.7759315815459455],[112.57917845765476,-5.781920105956145],[112.58172016341169,-5.7899687809991915],[112.58035118955442,-5.792728999559372],[112.5766813968925,-5.79481137530308],[112.57417978392367,-5.8037919972992364],[112.56431177896324,-5.803577992955943],[112.56223837168643,-5.805660361872511]]],[[[112.58089072222167,-6.929019386562634],[112.58105131794146,-6.922072139268264],[112.56990350393615,-6.912672333513415],[112.56247908718106,-6.895910601620234],[112.55546048734311,-6.8693610819242075],[112.55105937082165,-6.861820747122759],[112.5483482692404,-6.863109442024565],[112.5472111543864,-6.866101526324959],[112.54032187437821,-6.867029009254189],[112.53824833498395,-6.868638707089993],[112.53963072528411,-6.87093960369819],[112.54606076119518,-6.87369092437668],[112.55344944935935,-6.881489874805541],[112.55576822660241,-6.885859804790998],[112.55623192695103,-6.89068009724358],[112.55192002517113,-6.899040902979097],[112.54425923417544,-6.904931393929043],[112.52776054266013,-6.904070781456415],[112.50569246574815,-6.904802079525335],[112.49854904141486,-6.9006684470394575],[112.4790091887146,-6.898412178040431],[112.47165171324644,-6.895210528697427],[112.47508963292479,-6.892441427169539],[112.46037014108552,-6.886488510095861],[112.45344965290312,-6.877762021885066],[112.44094186343301,-6.871537182961835],[112.43988950790379,-6.8766517634743565],[112.44266304641071,-6.879425318913758],[112.44850895884846,-6.884000355919852],[112.44650239074774,-6.888347996511995],[112.4423063501743,-6.893850479130869],[112.43764655369014,-6.898247196817086],[112.43440034801549,-6.900258224918666],[112.42916091068824,-6.901711890172985],[112.42613323467305,-6.908132954922218],[112.42186137182887,-6.912043588658664],[112.42351573116002,-6.919628580273258],[112.42273093389554,-6.922763265638205],[112.4243005279847,-6.926259226316874],[112.42824678787235,-6.929318162017664],[112.42697150778066,-6.935378072481419],[112.42484894872848,-6.936131673089748],[112.42363614734295,-6.946401025780233],[112.42418456834716,-6.947774418623759],[112.42380558490001,-6.949196857681013],[112.41719268471333,-6.947439988069607],[112.41490967626174,-6.943948526154625],[112.41222530399443,-6.945393205440249],[112.40686991388614,-6.957713747729831],[112.39481245948554,-6.9553325545823546],[112.39289058080486,-6.956179838037797],[112.39066101281784,-6.960286665788474],[112.37934831777775,-6.957218747131968],[112.38006619836176,-6.953696106921671],[112.37670853700334,-6.9528176320897925],[112.36869994250668,-6.973061980166426],[112.36710363923073,-6.979683705905338],[112.36631881147969,-6.99169655471727],[112.3678839189594,-6.991750020736177],[112.3695204222674,-6.985783755035183],[112.37176339208511,-6.9843479775304615],[112.37432732775821,-6.985618780654237],[112.38027138499457,-6.988445829452607],[112.3832767838123,-6.98872677509075],[112.39044254880555,-6.985739179835229],[112.39400536351873,-6.987081380633478],[112.39681910147993,-6.992164748813126],[112.40019017737127,-6.993605037610704],[112.40432822705493,-6.99090284157116],[112.41925722985115,-6.994675212662276],[112.42412663399915,-6.998336179761143],[112.42730146910873,-7.002170970364394],[112.44536527657743,-7.001658183366107],[112.45327130621214,-7.001314836025113],[112.45249098232044,-7.00632687772914],[112.44849558961968,-7.015182640520163],[112.45046204714765,-7.016333104381328],[112.45815395898394,-7.014549411550057],[112.45928214964898,-7.012721182827939],[112.4590457799139,-7.009466040579588],[112.46302777221973,-7.007200875858671],[112.48230003135137,-7.00284433499449],[112.48236696674084,-7.004899929619236],[112.47962907005542,-7.00836016992562],[112.47981186951449,-7.010719053889763],[112.48207257832426,-7.012145986345467],[112.49514228657229,-7.008699072202467],[112.5069365677363,-7.0119096747900285],[112.51203328068982,-7.012961997939542],[112.51236776795767,-7.015352083490768],[112.50998661318995,-7.019409872036034],[112.50806471618166,-7.020680684116426],[112.49792471288774,-7.023427484871117],[112.49632837667102,-7.025536685107456],[112.496827749195,-7.0287382700257375],[112.4999982281625,-7.032171768282588],[112.5098127304217,-7.037941886255459],[112.51400873683487,-7.041188130134879],[112.51905194715977,-7.0471053597133375],[112.52223128273091,-7.0463428301864335],[112.52297145926356,-7.043248181083893],[112.52279757829429,-7.039404472886055],[112.52471945274218,-7.039230531088829],[112.53815475689855,-7.0504675020060725],[112.54225263367726,-7.053740515694952],[112.54408981228968,-7.053316841147477],[112.54515999801893,-7.047462056149463],[112.54717104978836,-7.047457627372587],[112.55237481490667,-7.050364924238922],[112.54816984485929,-7.056322283117866],[112.54687676748186,-7.055992313316808],[112.5449682049455,-7.060059005781537],[112.54385345826154,-7.066671839137027],[112.54115125277526,-7.069521262760721],[112.53930515754921,-7.078002417361794],[112.53771778624971,-7.0810792152572555],[112.53566652299217,-7.079407039031687],[112.53164001312919,-7.083108084098825],[112.53057872784889,-7.08911900197717],[112.53122532078892,-7.090978422993035],[112.53592515914059,-7.095571287925412],[112.53331660556437,-7.097930166837785],[112.52145982169979,-7.103941034333805],[112.51943099422806,-7.1028173155450185],[112.51733522991005,-7.103209729686637],[112.51863279444986,-7.107816002072175],[112.50124233571366,-7.10679038232331],[112.50038164623284,-7.111316431479735],[112.49314015454569,-7.124024856995045],[112.48786056796625,-7.128836224602846],[112.47702940434061,-7.125090579463809],[112.47612868285776,-7.125625659951252],[112.47151347598405,-7.144523352537487],[112.47344870539497,-7.145522168396519],[112.47230715775352,-7.159559426480996],[112.47987425778176,-7.16479882382358],[112.48711582376477,-7.16618118418836],[112.49195842682798,-7.165382970225881],[112.49975740954339,-7.1629840134020535],[112.50525548372987,-7.163470071212384],[112.50575939992123,-7.168165431303581],[112.50909473620658,-7.172348076561672],[112.51210912691332,-7.179259681030474],[112.51189504775279,-7.179736866573421],[112.50855080643557,-7.17792646318998],[112.50666901315729,-7.1767804883914],[112.5023570295856,-7.1815606470493165],[112.50241059525337,-7.185440062238218],[112.50332021088433,-7.188115520327611],[112.50158564734281,-7.192298126503241],[112.49312669482403,-7.19282427042428],[112.49099532794136,-7.194572271280449],[112.48268800191707,-7.196235529807636],[112.47882193283519,-7.198295635355779],[112.47418891011327,-7.207258406525321],[112.47247213291189,-7.208778996573643],[112.45737363792084,-7.206455802820255],[112.45335597769356,-7.208172520651773],[112.44910648138799,-7.214299358689128],[112.44006339991105,-7.21797807572899],[112.43688404664796,-7.222142924254465],[112.43663885106855,-7.227065749166449],[112.42879529801333,-7.229339882531607],[112.42233848962407,-7.232630710397412],[112.41905213970954,-7.232033189516593],[112.41375916666276,-7.238525646850754],[112.41330878510134,-7.241539994103035],[112.41392414888713,-7.247617697799169],[112.4087962304614,-7.247497310551088],[112.40483654659185,-7.252790295100321],[112.40225920370102,-7.258859132889083],[112.40069404180895,-7.258743155812231],[112.3995123248095,-7.262497774670623],[112.39925375303193,-7.266287974003101],[112.40771265497,-7.269609999093876],[112.41218510431017,-7.274158291245983],[112.41186405249223,-7.281275026271173],[112.40658451322084,-7.289372789431705],[112.4051353172501,-7.295539704625602],[112.40773939421061,-7.296502856591311],[112.41175709583648,-7.295633327227529],[112.41053082265161,-7.303436722585423],[112.40073415086583,-7.31415199544665],[112.39496407415002,-7.31332260741305],[112.38991639783416,-7.315601163395973],[112.38736576804017,-7.3199131179698576],[112.38009739473551,-7.320925339946907],[112.37156720853241,-7.320804937594959],[112.36845473529914,-7.324144843688375],[112.36825409465374,-7.324728975008939],[112.37617346785756,-7.3234358170785105],[112.37642758707132,-7.325045573450284],[112.3766104000794,-7.327783415907184],[112.39124519015564,-7.333451004476535],[112.3949952702068,-7.330409876217229],[112.39445575113628,-7.327007584556686],[112.40456451517126,-7.318602146161887],[112.406736126647,-7.318120554275564],[112.40886753504773,-7.314294654694481],[112.42254812672827,-7.312279135538486],[112.42106766064245,-7.315101772902048],[112.42154032221084,-7.3171351231919095],[112.42540637317448,-7.314049458097874],[112.42961128716459,-7.31228807960866],[112.43987168215283,-7.31408066889054],[112.44268987593009,-7.312943574303683],[112.44330522672828,-7.310803178371283],[112.4416330653115,-7.309153354167586],[112.44452701464812,-7.304627366040535],[112.44741204502135,-7.304453427748579],[112.4474655219783,-7.306107766628858],[112.45221896021451,-7.309875668420342],[112.45825209023705,-7.312448580596108],[112.46640778172046,-7.312479814787005],[112.47027379630919,-7.308743126355482],[112.4785990264572,-7.307137778839025],[112.48023103494388,-7.307949400381447],[112.47932585935409,-7.322477106286654],[112.48005714815156,-7.332469955180905],[112.48187195398997,-7.332862397215884],[112.48314727306575,-7.337272449066491],[112.48133237805486,-7.349048873182289],[112.4789334314825,-7.3500254773229505],[112.47705168591229,-7.353664050213197],[112.47856328503931,-7.36234151616758],[112.47931685579589,-7.363335856818711],[112.47795240676186,-7.369257565320387],[112.4751075491538,-7.369913052992191],[112.4743405160658,-7.371219553727291],[112.47446984038585,-7.373145896051706],[112.47616433339668,-7.3750053512299285],[112.47649428272635,-7.38117226934199],[112.4758923161224,-7.3833215509611305],[112.47790338733735,-7.390112801607677],[112.48085973736362,-7.392953211745224],[112.48185858509625,-7.392823929291008],[112.4846722340078,-7.397693261503834],[112.49178899786914,-7.398085635024163],[112.49354585595421,-7.399628496916047],[112.49387143556196,-7.407017214255354],[112.49532954009649,-7.4081008106074036],[112.49897711325312,-7.4067541488126505],[112.50699449847899,-7.4067363200071865],[112.52505393662096,-7.397238392592567],[112.52633812470573,-7.397764608210807],[112.52789877384292,-7.401363082579407],[112.54395158292904,-7.4047118261334886],[112.54997136607314,-7.403026352209794],[112.55234362257475,-7.400391003104423],[112.55797541683432,-7.399583867303705],[112.56698728746677,-7.397604031610584],[112.56783447146076,-7.395860571990938],[112.56721472496375,-7.389270018330157],[112.56839192474654,-7.3877360397952225],[112.57016658872261,-7.388373754848014],[112.57106733311556,-7.3915887105018365],[112.57261464760147,-7.391561960511476],[112.58378471554772,-7.38121687213964],[112.58802084171553,-7.376151306997834],[112.59271181758487,-7.372298634277156],[112.60270025440768,-7.371005535184464],[112.61527042904892,-7.367719145554213],[112.61871285316793,-7.366457267908706],[112.62307834032254,-7.367848506159394],[112.63023965932686,-7.36779050003539],[112.6427073171528,-7.360812046221851],[112.64688993617068,-7.361882181219235],[112.65341803436955,-7.362180989789761],[112.65416712957001,-7.358899063983139],[112.65859949293265,-7.354016318854705],[112.66376319519372,-7.351403329140135],[112.66483335978043,-7.347332157092772],[112.66609975165953,-7.345807136820416],[112.66224701321345,-7.337758488105726],[112.66088259309977,-7.335970342016075],[112.65838544067867,-7.337401771661255],[112.65228984401203,-7.337994761760333],[112.65135351878303,-7.337031651524753],[112.64998008271124,-7.329045415254609],[112.65191529583056,-7.315119643275084],[112.63620143387544,-7.312836566057482],[112.63058302465443,-7.314357104962851],[112.62885282969819,-7.315338128443009],[112.6270290610883,-7.315173095686883],[112.62805915972008,-7.308974959780189],[112.62992302838805,-7.3071110802461705],[112.6299675858777,-7.302754491558207],[112.62829549665734,-7.294228715495395],[112.62819737909693,-7.285760911583037],[112.62669460619048,-7.281992971508446],[112.62819737909693,-7.276080162410686],[112.63110471059692,-7.27500555532487],[112.63281253243149,-7.263291453389105],[112.63154619293165,-7.260540201525206],[112.62913381492399,-7.260054136652029],[112.62622647828614,-7.261333934869746],[112.61846760262141,-7.257690850505689],[112.61790571768643,-7.252652031895048],[112.61394605323889,-7.248134956033198],[112.60558973728399,-7.248402553719089],[112.60199122739198,-7.246485141251648],[112.60449278041213,-7.242766220205139],[112.60496546410427,-7.238949236139841],[112.6044303985174,-7.232612857454637],[112.60035919958018,-7.229776903513028],[112.59623005973933,-7.224091499724059],[112.59398711226548,-7.223342376970786],[112.59206971381947,-7.223685720804815],[112.59160593662526,-7.221277791222861],[112.59222576116304,-7.216774114760169],[112.59552548461511,-7.219766214308618],[112.59709959287511,-7.221696994092988],[112.60074713262871,-7.216823146075438],[112.59849528221172,-7.215712847069369],[112.59738049504146,-7.216024968497196],[112.59610965999384,-7.216154321687075],[112.5951464615772,-7.214290432210167],[112.59823665968686,-7.212399781065555],[112.59998463400171,-7.213590344671368],[112.6009120905238,-7.212154474812174],[112.60022097680265,-7.209684159667409],[112.59779525528542,-7.206812531919239],[112.59626570679147,-7.20675007687519],[112.5973894067957,-7.2039988369776395],[112.60090763466036,-7.202487136858738],[112.60780147121024,-7.204007739985537],[112.60933536918448,-7.2058092226525945],[112.60979468338175,-7.207793509022132],[112.61222929105095,-7.206549420843013],[112.61223820268934,-7.204458088793184],[112.60991508168746,-7.202005596807161],[112.61325940323697,-7.200864079709279],[112.61920335410075,-7.202183975271209],[112.6197964289143,-7.206420081547313],[112.61981870786087,-7.2086006009778805],[112.62445171887084,-7.20737882389682],[112.62580281690771,-7.202790396716751],[112.62500014229137,-7.200899738277591],[112.62221328283918,-7.201934234523918],[112.62165139977522,-7.200832830029068],[112.627006782285,-7.1962131822766215],[112.63734300792645,-7.193635884646492],[112.65174143414006,-7.19429132103947],[112.66404408053822,-7.192427468805478],[112.666822104484,-7.184490272384179],[112.66749098967249,-7.177819457113928],[112.66447218276119,-7.167028418927931],[112.66767821561785,-7.158970798604593],[112.66651885093415,-7.155528383423966],[112.65408247219945,-7.146592346799283],[112.65154965884366,-7.14821102732339],[112.6414408980497,-7.147769562288701],[112.63200986286138,-7.14273073818615],[112.62270823802245,-7.1338749470322425],[112.61915879618279,-7.127030265854181],[112.62004167917132,-7.11234201357399],[112.61802165933294,-7.108868347490892],[112.61402189298312,-7.108159353674817],[112.60595093349659,-7.108199491114887],[112.60018087400685,-7.107160474469708],[112.59465158534076,-7.101198710196008],[112.59602045141297,-7.094527905149267],[112.59531151121195,-7.08901199298095],[112.59070075213116,-7.084419130791289],[112.57941034874845,-7.080829546433361],[112.57841148890304,-7.079598818641963],[112.58630858760614,-7.074091828094573],[112.59251121134834,-7.0726916544442515],[112.5902102389604,-7.070167799720053],[112.5934119385339,-7.066020820487247],[112.59755000023267,-7.06417921750377],[112.60559864897441,-7.064388802931833],[112.62005950232474,-7.053330212915167],[112.62671697593392,-7.052630154301596],[112.62681054692904,-7.053530928104154],[112.63715123011539,-7.049330417683756],[112.63937190419057,-7.050989234885289],[112.64569935947776,-7.060808179404182],[112.65410029480432,-7.059929685686974],[112.6561603495369,-7.055559805318901],[112.6548181999977,-7.03883814803895],[112.6500781983354,-7.037388963319255],[112.64173070055361,-7.030370317594227],[112.63933171185724,-7.0262501118256715],[112.6418779205601,-7.0129308184114825],[112.63811884840435,-7.012141551498533],[112.63659826602736,-7.01858938983125],[112.63791815929403,-7.025710574767397],[112.63357946461355,-7.0332999702641485],[112.63061867062517,-7.047792014051379],[112.62832223119038,-7.0478009866127165],[112.62280180935261,-7.043439924999361],[112.62041178235008,-7.038298598341308],[112.61841858887955,-7.03914138910492],[112.61787898290507,-7.045941515057636],[112.60624965686398,-7.046458748919609],[112.60300343448017,-7.040274023617206],[112.59956105374653,-7.038659819371824],[112.59878063990898,-7.0334381877035295],[112.59994898706483,-7.023958119674297],[112.59742514474821,-7.0089131298941165],[112.59977948222739,-7.004061665735521],[112.59409860045288,-6.999660534936923],[112.59334946510108,-7.007539703424636],[112.59578865456862,-7.023958175776347],[112.59635045947225,-7.042570467031977],[112.59450881505303,-7.043948277497683],[112.5896617987939,-7.032929817945993],[112.58138123931703,-7.032029110066311],[112.57861218850506,-7.027891087551134],[112.5769890397211,-7.021461021402712],[112.5778986908062,-7.015249537092606],[112.57697121589995,-7.011338893968094],[112.57854971427831,-7.009350122338684],[112.5877666727615,-7.011089166237118],[112.58983121418058,-7.006491850658217],[112.58302220574662,-7.005461810174109],[112.5829196283615,-6.9982291121238545],[112.56662607916537,-6.982573262221053],[112.56424939491973,-6.978029419230214],[112.56652795634751,-6.972509038885287],[112.56490933790846,-6.968148064650992],[112.56512786380304,-6.9626187440003235],[112.57017995666561,-6.959171831492716],[112.57108070104839,-6.951578048109577],[112.57405046996773,-6.943988603456113],[112.5735689526864,-6.933870895960982],[112.57632019155324,-6.928809875271457],[112.58089072222167,-6.929019386562634]]]]},"id":"00010000000000001382","properties":{"gaulAdmin1Code":1521,"gaulAdmin2Code":18069,"province":"Jawa Timur","region":"Gresik","regionId":"gaul2-18069"}},{"type":"Feature","geometry":{"type":"Polygon","coordinates":[[[112.08152941106994,-7.382554577841946],[112.08448135517837,-7.383540030689344],[112.09264591660575,-7.38354008152266],[112.09776501345235,-7.384859944774133],[112.10585830333882,-7.383531100405392],[112.1158377235904,-7.378296114171305],[112.12396224163334,-7.373217262390084],[112.13349130899086,-7.371081290030587],[112.13776316606375,-7.367928768907036],[112.15242915619197,-7.366764939402974],[112.16404506071143,-7.361146423088547],[112.167830842445,-7.358698367635154],[112.17908563120955,-7.356357361700864],[112.18537293116844,-7.353726538870564],[112.20038678091454,-7.353356409369363],[112.21084784286845,-7.349164874983018],[112.21124916170928,-7.348634198461831],[112.21661338203769,-7.349312019210358],[112.22320400345315,-7.351104566127457],[112.22698976173893,-7.350431207490303],[112.23965362165364,-7.355229230545525],[112.2499986722852,-7.363157485035773],[112.25369978332746,-7.363349214636563],[112.26338048522923,-7.362082837598453],[112.27476458736919,-7.356954914120855],[112.28325026878109,-7.358426396203639],[112.28934583850315,-7.35889906620052],[112.30613882902779,-7.352714267824776],[112.31218528973928,-7.350569492915212],[112.32764501486966,-7.344264273015571],[112.33258129723507,-7.343760386644554],[112.34614580707958,-7.344629922247905],[112.34757277690287,-7.343011245726586],[112.34787601577925,-7.340723731623317],[112.35442192263655,-7.336652604637419],[112.35639733123173,-7.3360238834963605],[112.35881858803721,-7.333535679452137],[112.3589256394965,-7.331917055836321],[112.35734706173594,-7.3286485513798345],[112.35874728102873,-7.326329762535801],[112.36307708381634,-7.3268649102984575],[112.36675138086433,-7.326097892651967],[112.37156720853241,-7.320804937594959],[112.38598794952185,-7.320421461527902],[112.38848055497189,-7.318789439524017],[112.38991639783416,-7.315601163395973],[112.39496407415002,-7.31332260741305],[112.40073415086583,-7.31415199544665],[112.41053082265161,-7.303436722585423],[112.41175709583648,-7.295633327227529],[112.40724890187082,-7.296458269246761],[112.4051353172501,-7.295539704625602],[112.40750310661828,-7.287325994609971],[112.41186405249223,-7.281275026271173],[112.41210043031083,-7.2736544039473445],[112.4070304403666,-7.269315681365717],[112.39925375303193,-7.266287974003101],[112.40000736730613,-7.25969744001913],[112.40069404180895,-7.258743155812231],[112.40225920370102,-7.258859132889083],[112.40509066081776,-7.251929665354471],[112.4087962304614,-7.247497310551088],[112.41392414888713,-7.247617697799169],[112.41330878510134,-7.241539994103035],[112.41375916666276,-7.238525646850754],[112.4194624109119,-7.231810240306809],[112.42233848962407,-7.232630710397412],[112.42879529801333,-7.229339882531607],[112.43663885106855,-7.227065749166449],[112.43688404664796,-7.222142924254465],[112.44138332319933,-7.217148691720542],[112.44910648138799,-7.214299358689128],[112.45335597769356,-7.208172520651773],[112.45855530575972,-7.206527135733572],[112.47247213291189,-7.208778996573643],[112.47525015141446,-7.205764633086028],[112.4791429688821,-7.19786311117946],[112.48268800191707,-7.196235529807636],[112.49099532794136,-7.194572271280449],[112.49312669482403,-7.19282427042428],[112.50158564734281,-7.192298126503241],[112.50332021088433,-7.188115520327611],[112.50241059525337,-7.185440062238218],[112.5023570295856,-7.1815606470493165],[112.50666901315729,-7.1767804883914],[112.50905017417094,-7.178452624472091],[112.51189504775279,-7.179736866573421],[112.51210912691332,-7.179259681030474],[112.50909473620658,-7.172348076561672],[112.50575939992123,-7.168165431303581],[112.50525548372987,-7.163470071212384],[112.49875857564037,-7.1629928883140375],[112.49043347445371,-7.1660072728380095],[112.48470351897025,-7.1660429708637166],[112.47987425778176,-7.16479882382358],[112.47230715775352,-7.159559426480996],[112.47318114388696,-7.145000459915865],[112.47151347598405,-7.144523352537487],[112.47612868285776,-7.125625659951252],[112.4774931337888,-7.125001343193883],[112.48786056796625,-7.128836224602846],[112.49314015454569,-7.124024856995045],[112.50089893304867,-7.109786906783894],[112.50124233571366,-7.10679038232331],[112.51863279444986,-7.107816002072175],[112.51733522991005,-7.103209729686637],[112.52023364966091,-7.102982351226439],[112.52145982169979,-7.103941034333805],[112.5343912568274,-7.097221179961302],[112.53592515914059,-7.095571287925412],[112.53122532078892,-7.090978422993035],[112.53057872784889,-7.08911900197717],[112.53164001312919,-7.083108084098825],[112.53566652299217,-7.079407039031687],[112.53771778624971,-7.0810792152572555],[112.54041999932974,-7.074725035487556],[112.54115125277526,-7.069521262760721],[112.54385345826154,-7.066671839137027],[112.54600719740661,-7.057151718829423],[112.54687676748186,-7.055992313316808],[112.54816984485929,-7.056322283117866],[112.55237481490667,-7.050364924238922],[112.54599828526499,-7.047292642178023],[112.54482997568464,-7.047800936040487],[112.54408981228968,-7.053316841147477],[112.54157931002366,-7.053490732746377],[112.53594743967827,-7.048068491910174],[112.52371172629836,-7.038900625622936],[112.52262815345622,-7.039988611638591],[112.52298037157199,-7.0446661984027035],[112.52223128273091,-7.0463428301864335],[112.51905194715977,-7.0471053597133375],[112.51400873683487,-7.041188130134879],[112.5041897198799,-7.034784852457274],[112.49839734734478,-7.030994619401988],[112.496827749195,-7.0287382700257375],[112.49654236750686,-7.0248365989805235],[112.4999982281625,-7.022531233411509],[112.50806471618166,-7.020680684116426],[112.51091850437541,-7.018544833797397],[112.51249708845997,-7.014357713351009],[112.51203328068982,-7.012961997939542],[112.49647552379443,-7.009171756282976],[112.49514228657229,-7.008699072202467],[112.48147507058323,-7.012030085264971],[112.47951311516142,-7.010175026691002],[112.48046285364939,-7.0067281813900895],[112.48270582709733,-7.003843134276123],[112.48230003135137,-7.00284433499449],[112.46302777221973,-7.007200875858671],[112.4590457799139,-7.009466040579588],[112.45907706548337,-7.013818164158067],[112.45454210544943,-7.015789087945742],[112.4491109377956,-7.016047681025644],[112.44865611130345,-7.014152548244657],[112.45328467539379,-7.003642491847307],[112.45327130621214,-7.001314836025113],[112.44415240225563,-7.001787523525816],[112.42730146910873,-7.002170970364394],[112.42166073856343,-6.99597281912729],[112.41661752190862,-6.993631766833115],[112.40432822705493,-6.99090284157116],[112.40019017737127,-6.993605037610704],[112.39681910147993,-6.992164748813126],[112.39352377967394,-6.986666698400923],[112.39044254880555,-6.985739179835229],[112.3832767838123,-6.98872677509075],[112.37697602602819,-6.987304333038626],[112.37243670984994,-6.984347936856827],[112.37021611526391,-6.984932109942305],[112.36812030389117,-6.989828205246249],[112.36742470087687,-6.991843665359733],[112.36631881147969,-6.99169655471727],[112.36778141574733,-6.976103040721354],[112.37184806842744,-6.963934162337335],[112.37670853700334,-6.9528176320897925],[112.38006619836176,-6.953696106921671],[112.37934831777775,-6.957218747131968],[112.39066101281784,-6.960286665788474],[112.39289058080486,-6.956179838037797],[112.39481245948554,-6.9553325545823546],[112.40483654659185,-6.95766913452274],[112.40686991388614,-6.957713747729831],[112.41263548622821,-6.945161370544913],[112.41490967626174,-6.943948526154625],[112.41719268471333,-6.947439988069607],[112.42380558490001,-6.949196857681013],[112.42412663399915,-6.947283892609395],[112.42363614734295,-6.946401025780233],[112.42484894872848,-6.936131673089748],[112.42732820797808,-6.93471368143066],[112.42824678787235,-6.929318162017664],[112.4243005279847,-6.926259226316874],[112.42273093389554,-6.922763265638205],[112.42349790519853,-6.917840441227084],[112.42186137182887,-6.912043588658664],[112.42641408395951,-6.907638056521903],[112.42916091068824,-6.901711890172985],[112.43440034801549,-6.900258224918666],[112.43764655369014,-6.898247196817086],[112.44283257258532,-6.893217264091047],[112.44856243576226,-6.88446851576745],[112.44413012013631,-6.880303738431254],[112.44133875887007,-6.878676207068803],[112.43976018025646,-6.8753496891791315],[112.44094186343301,-6.871537182961835],[112.43226888738414,-6.865160651202929],[112.42331946367351,-6.8667793127304035],[112.41479817236838,-6.863582083387074],[112.41011609232842,-6.86403697627904],[112.39964165615608,-6.870498153475389],[112.37987892915388,-6.87261176190126],[112.36998864397187,-6.8680189245295535],[112.36331783522309,-6.867109234974281],[112.35802038592529,-6.862748297198654],[112.35526915031028,-6.862761622520627],[112.34700195274996,-6.8678316206803505],[112.34217276837279,-6.866690102575418],[112.33493119216095,-6.862846363223258],[112.32307890365897,-6.8612009435075265],[112.3143613988824,-6.8674302828488685],[112.3088499477365,-6.868808180628248],[112.28448091783436,-6.867697841956091],[112.27345807266697,-6.875759941177837],[112.25645992121144,-6.87923803392739],[112.23668825333014,-6.875817894298758],[112.2287377388802,-6.878747543661068],[112.21578846121155,-6.8887314671167434],[112.21326021171595,-6.889650017361407],[112.21234159992055,-6.888049190438466],[112.2084488422174,-6.886430510416876],[112.20482805015101,-6.888379204851761],[112.20309787928085,-6.885610108547924],[112.20015037259341,-6.8839200724444325],[112.19603018663744,-6.89220950893232],[112.18210884983796,-6.89368104035419],[112.17035469306624,-6.893413503849706],[112.17112168979929,-6.900075380446778],[112.17212500696041,-6.90271069514106],[112.17572793937367,-6.902260370835855],[112.17904551686276,-6.905314809987276],[112.18292932781115,-6.9144693958791485],[112.18413330131006,-6.914790409627318],[112.18641635543915,-6.912855166291649],[112.18663930305259,-6.911829588060073],[112.19876812467334,-6.912841783450183],[112.20300428027623,-6.9182997357663485],[112.20295070416758,-6.934740477151851],[112.2019563167676,-6.944073364618381],[112.2057956025754,-6.965780222658944],[112.2100986898834,-6.9832554653096475],[112.20978651239922,-6.996904815296378],[112.2130371761966,-7.000895644833625],[112.21445525231891,-7.009363537834097],[112.21079426697872,-7.020569194717452],[112.20973748452045,-7.02240194473143],[112.20408780900024,-7.025888912667785],[112.20332973918622,-7.029416091490834],[112.20492610615825,-7.032439370495066],[112.20798503265206,-7.034312206666648],[112.21848180045164,-7.035872836573996],[112.22255736751725,-7.037331007810841],[112.22088078839607,-7.039275128317147],[112.21651532663142,-7.041143532475699],[112.21570377696038,-7.044095425501785],[112.21525788839162,-7.0547214991585525],[112.21668032895407,-7.061008838732457],[112.2189187741417,-7.066823464273209],[112.21660446791006,-7.074836497348873],[112.21494125468689,-7.075179841734645],[112.20674987421329,-7.0737083105431395],[112.20089061525123,-7.075986970484686],[112.18930139204267,-7.083866170362992],[112.18368740549768,-7.083166069068706],[112.18492703563301,-7.076316933135065],[112.18253255125455,-7.074448527419383],[112.17894736860498,-7.075376032007087],[112.17462201836116,-7.08447257497993],[112.174795938534,-7.085217270991215],[112.18111454287737,-7.0866798806919125],[112.18356260559112,-7.089225975047286],[112.17750707193566,-7.09863025300704],[112.17449276073353,-7.099392738286974],[112.17035023589749,-7.097551175100949],[112.16618541679159,-7.097814201178384],[112.16404506071143,-7.100150766706872],[112.16307748805029,-7.1067859560363305],[112.15925604009605,-7.110393367156124],[112.1545426899903,-7.110116919688933],[112.1537312060564,-7.113421104249872],[112.15510011314159,-7.114843564212419],[112.15918017685613,-7.11364852122679],[112.1622302589719,-7.111971876988944],[112.16388005399267,-7.112854805124986],[112.16577963164639,-7.117148922884797],[112.16564145910284,-7.118526764510166],[112.16195818866312,-7.119744078657744],[112.16119573667535,-7.137027594296094],[112.1597375987754,-7.141945950259972],[112.15757049288194,-7.14207082586408],[112.15167106698894,-7.149584403652561],[112.15136788580988,-7.154591962058628],[112.15222849089778,-7.155550663818855],[112.15093089731953,-7.158417858543861],[112.14394343555209,-7.157637522853237],[112.14197697981577,-7.157365560766697],[112.13974745456302,-7.157851531372564],[112.13604194396143,-7.166662739436092],[112.13374546297952,-7.175902012831684],[112.12918824282103,-7.184222728700448],[112.1274179841639,-7.184262850972319],[112.12625864181429,-7.18344236525196],[112.1241673668,-7.185792273186533],[112.12219197882669,-7.191847760211132],[112.12190207439446,-7.197443928614281],[112.12033693548048,-7.2052072522192345],[112.1154007280294,-7.212792161035551],[112.1136037148029,-7.213456532095873],[112.11305974392944,-7.216818745899618],[112.10987141706585,-7.218531035629321],[112.1095281145029,-7.222361417259934],[112.09933462502528,-7.227056833597539],[112.09440728741536,-7.226343378369189],[112.09243633131301,-7.223797233287801],[112.08873083483664,-7.230093460466942],[112.08690705714386,-7.2471495478188235],[112.08748678372541,-7.251885088248883],[112.0848068320175,-7.255273986053827],[112.0845883313606,-7.2607096859284415],[112.08746449704786,-7.266894417307705],[112.0913260929431,-7.2668765846526755],[112.09440728741536,-7.269181970320908],[112.09021130576178,-7.282073226408708],[112.08625601302006,-7.283509023643198],[112.08696063614806,-7.285176711703183],[112.08907423139975,-7.286117643735948],[112.08712555759155,-7.28866372875193],[112.08738863137658,-7.292913302551905],[112.0896315798363,-7.295829554044943],[112.08977430540665,-7.304778919397749],[112.0872192526151,-7.307186880820612],[112.08588596299148,-7.307797792437485],[112.08464181944996,-7.307449915649865],[112.08155169780197,-7.309523401056141],[112.07704804545943,-7.315676987616291],[112.07854626193391,-7.320033538179138],[112.07761431135603,-7.324256307418173],[112.07496564130662,-7.325099075519435],[112.07290106485331,-7.333682818552761],[112.07674476339811,-7.336625827649555],[112.07666007364968,-7.340902101336684],[112.08131536746592,-7.347247410378885],[112.08358952294518,-7.348982022842614],[112.08900282311184,-7.358475412716128],[112.08935513430019,-7.361529952541619],[112.08794607116934,-7.363505282524724],[112.08945319560291,-7.365779475476365],[112.08933284763992,-7.3684905790703175],[112.08609109151728,-7.369253065596394],[112.08526611997031,-7.372704470999243],[112.0865637512382,-7.374501466850771],[112.08487824042943,-7.378492320824445],[112.08152941106994,-7.382554577841946]]]},"id":"0001000000000000138e","properties":{"gaulAdmin1Code":1521,"gaulAdmin2Code":18081,"province":"Jawa Timur","region":"Lamongan","regionId":"gaul2-18081"}},{"type":"Feature","geometry":{"type":"Polygon","coordinates":[[[114.51031260369415,-3.5416722148542483],[114.51334027125984,-3.5459306350433777],[114.53078878179085,-3.5526015012301464],[114.53544849173439,-3.5571809492760216],[114.55187136226147,-3.5637402848348625],[114.55856005089889,-3.571521433152521],[114.5714691877366,-3.589420253167226],[114.60171969036006,-3.64407990681458],[114.60880965438172,-3.6665537832083896],[114.61133798518935,-3.6846622066683037],[114.61230112417161,-3.7013615794992276],[114.6078286552963,-3.72510179054007],[114.59945888800816,-3.7463182356114366],[114.59339899403177,-3.7716682276056477],[114.59119178865656,-3.7880286679788675],[114.59210142306958,-3.8366015984662063],[114.59495074497728,-3.856618567441371],[114.59297091119018,-3.8741293977222653],[114.59605220881838,-3.895760544819245],[114.59743005357174,-3.8975887761856565],[114.596761203679,-3.901280911283994],[114.59886135756838,-3.9086383912342826],[114.59792056690803,-3.910752025410876],[114.60737829739044,-3.964778480482766],[114.61737113276358,-4.05013016149584],[114.6153020715071,-4.062731564763628],[114.61275147620634,-4.06608923164099],[114.60428812088745,-4.067658834120841],[114.60798025452696,-4.1027787664915305],[114.60859118159323,-4.125350698279596],[114.60612970674035,-4.137220874020297],[114.60629027759569,-4.152020597736847],[114.60197831028279,-4.163168333869081],[114.60059151098608,-4.171328501510985],[114.61248842356405,-4.180081733474819],[114.62730154423777,-4.186578606970394],[114.6461322959594,-4.188228490612976],[114.6593892547018,-4.187341155586175],[114.68661202506428,-4.181120671039733],[114.71304112189934,-4.170097763548214],[114.76721923362625,-4.143178174478496],[114.77727003911897,-4.1359901054236365],[114.78385167970674,-4.129069636378323],[114.79323805379026,-4.123491242530629],[114.80949153850666,-4.118809244379936],[114.81886002786031,-4.113930967141707],[114.82365810592158,-4.114131605957082],[114.8305117430153,-4.108811909539111],[114.86729033938056,-4.087912071594061],[114.87620852826754,-4.086257797732573],[114.88625939372155,-4.080460948590714],[114.8951597100281,-4.072581742351689],[114.9005998562516,-4.06972789489369],[114.90360971849175,-4.065870781165957],[114.90841215209312,-4.06516179500425],[114.92417065558247,-4.056560195576029],[114.93262954592512,-4.054678420726036],[114.94543169126592,-4.047940740178711],[114.9520400281531,-4.042380250571706],[114.96530139653555,-4.037020401163368],[114.98016808111264,-4.033261354450518],[114.99136038765756,-4.025150289024165],[115.00118826544471,-4.023032199930826],[115.02450043888932,-4.011862166470344],[115.06263913468834,-3.9907215706438364],[115.09259983985815,-3.9806706966886938],[115.10723902450505,-3.9782984737462677],[115.10883093415508,-3.976220516005061],[115.10856789363534,-3.9714492690251535],[115.10971832108206,-3.9700000599714653],[115.11293775889744,-3.9729698919175735],[115.1163802055222,-3.9734202440421527],[115.1211603906213,-3.969250952443447],[115.15751100027263,-3.9552493827976796],[115.16390084715562,-3.9510712283406413],[115.17071884062376,-3.9416000496231987],[115.17550789549706,-3.939040555029195],[115.20134838375071,-3.931540335875983],[115.2148415930511,-3.925021129912194],[115.22577977955577,-3.9159914435256997],[115.25549075741453,-3.9043220214352146],[115.26555947406096,-3.901740154149216],[115.34116798923526,-3.867257923140502],[115.37411177617584,-3.8601813322180902],[115.37857981285345,-3.858527003492766],[115.38024302552635,-3.8552986309132176],[115.38092975239012,-3.841725155462426],[115.37790646088905,-3.8368825193920744],[115.37395573136665,-3.834942855484096],[115.36151040059073,-3.832963011728213],[115.35225775596517,-3.830488186178671],[115.3409360665431,-3.829859475591214],[115.3334492538581,-3.8279643193217274],[115.33104577804127,-3.8258462594332125],[115.31998272729219,-3.8094100543639473],[115.31906862511306,-3.806208398359345],[115.31976426173162,-3.80013954795872],[115.32296590591295,-3.7942401681584537],[115.33463086617942,-3.781732358681426],[115.33881358141248,-3.7775497621534972],[115.34161384089992,-3.771155424701175],[115.34190372098637,-3.7656662807099472],[115.33927733943976,-3.76124727056717],[115.3291105778739,-3.7580411925299577],[115.32648417639084,-3.754612129118197],[115.32477627087488,-3.7479725426096957],[115.32535597240509,-3.7408201690398286],[115.32902585268167,-3.729944372460489],[115.3319376008018,-3.722056215441563],[115.33271793227307,-3.710689978243639],[115.3301227572718,-3.7032254478921036],[115.32624781180726,-3.700019333637695],[115.31327623365024,-3.6994931959632313],[115.30492442452072,-3.70039392042939],[115.29721906205005,-3.6999970352507296],[115.29407538724531,-3.6983828662742533],[115.28825177665414,-3.691444495829661],[115.27986872048479,-3.6754809631875704],[115.2784952619523,-3.6700988173833538],[115.27976164393444,-3.6626075360200425],[115.28320408217893,-3.651107470118663],[115.2843456446475,-3.6420688809799837],[115.28402007866049,-3.63847042017147],[115.28202245250725,-3.628615809647532],[115.27774617417388,-3.615572893764413],[115.26388731624893,-3.5839846405199536],[115.25969571269849,-3.5878685274089848],[115.25398803714918,-3.5954713038297688],[115.24548457495702,-3.602971455822248],[115.23754292887169,-3.6076089712802437],[115.22268522121308,-3.61294206943839],[115.18773030167189,-3.6165449809358905],[115.17721571525429,-3.620388744352209],[115.16710698597377,-3.6261097880510915],[115.15768488642748,-3.634639997250631],[115.15277089240122,-3.639959744147492],[115.14831625066243,-3.6424836032629067],[115.14333995618986,-3.6428849140134587],[115.1336369462696,-3.6402495972477253],[115.12392504800117,-3.641391135147501],[115.11141273745427,-3.647018455041753],[115.10158489059708,-3.653421770374141],[115.07804976656173,-3.673853327156749],[115.06679504780938,-3.6794584214425745],[115.05577660002987,-3.682954411660073],[115.03715536055833,-3.6863789900347084],[115.02201226173038,-3.693014144616218],[115.01367373207505,-3.6970897446539643],[115.00761384831263,-3.6990338826977474],[115.00195972207742,-3.70337262718466],[114.99727764175016,-3.7076711698791094],[114.99150756898928,-3.709668874127504],[114.98687902009237,-3.7090490364325426],[114.98333845481206,-3.7069711049402665],[114.97882140550894,-3.7066946257162927],[114.9767078281505,-3.707260936821889],[114.97133452594925,-3.7121302625590937],[114.9647663060606,-3.7248342264673022],[114.95826051217492,-3.733413601403031],[114.95226299854801,-3.7358750055630563],[114.94301037356949,-3.735705550649484],[114.93580443883398,-3.731130529519515],[114.93158171342233,-3.726247796977883],[114.92809470937743,-3.7174990418604223],[114.92729203069693,-3.7055977146234906],[114.92826853532641,-3.6984497927067475],[114.93225944613108,-3.685041251192369],[114.9363796807447,-3.6777773820466817],[114.95145594098304,-3.6582598459780336],[114.96127928055614,-3.646706363870334],[114.96367828916551,-3.6401826958039365],[114.96349995508616,-3.6352642728301032],[114.96122134421077,-3.6303414363744757],[114.95694063557053,-3.6261587936020705],[114.94396908924928,-3.620549259851957],[114.93048924457239,-3.617454623120984],[114.91890000549803,-3.6165984800785496],[114.91592576799476,-3.6155104633265185],[114.9128935601202,-3.611894145062152],[114.91255023836706,-3.6072031642197167],[114.9162691769063,-3.593995298566152],[114.9176335743235,-3.5776750231127035],[114.91951538361123,-3.574072069331555],[114.92294887802863,-3.5717265978992705],[114.92848264893883,-3.5698983333634957],[114.9308771814129,-3.5669775932934087],[114.931572750611,-3.5627503869498103],[114.92968657152065,-3.55479983668601],[114.92625305422894,-3.550559186787941],[114.90986585240847,-3.5355632695120534],[114.90587051578906,-3.534644699718665],[114.8987269975494,-3.536874222369345],[114.89044202224915,-3.541962072116376],[114.86988106559993,-3.55122810357843],[114.86479775115731,-3.551865744775992],[114.85669107932782,-3.5501445353601597],[114.83868965627882,-3.5410925648186455],[114.82230248635753,-3.529476566598162],[114.80957177931364,-3.5178472691250233],[114.80534453120326,-3.5167101612352045],[114.78404342012587,-3.519390091028603],[114.7791829453495,-3.5185250644527324],[114.76869960462692,-3.5133123256269747],[114.75177732525783,-3.5076537387183997],[114.74338536392229,-3.5066192069423066],[114.73299564203903,-3.506967028694328],[114.72248106522285,-3.5103247689745247],[114.71419604627502,-3.513874205493821],[114.70517532759736,-3.5149577372632437],[114.69061182035041,-3.5189040807430025],[114.6034185681064,-3.5293383191489966],[114.58782962033214,-3.5320851776143485],[114.54921820340492,-3.541493883946613],[114.52335540759624,-3.543201719289491],[114.51031260369415,-3.5416722148542483]]]},"id":"000100000000000013ac","properties":{"gaulAdmin1Code":1523,"gaulAdmin2Code":18116,"province":"Kalimantan Selatan","region":"Tanahlaut","regionId":"gaul2-18116"}},{"type":"Feature","geometry":{"type":"MultiPolygon","coordinates":[[[[106.91503208358493,-6.363913122393467],[106.91409123667167,-6.366365567917805],[106.91023413772808,-6.370249456724709],[106.9041830832487,-6.380505372661138],[106.90407609794602,-6.392219427209748],[106.89772632129537,-6.396156861061367],[106.89819450450089,-6.397169058277766],[106.90225231238429,-6.397151191981546],[106.90500807848849,-6.395135683041979],[106.91871085260611,-6.393949620335532],[106.92153346143803,-6.395443412418503],[106.92098948895601,-6.3923889169351815],[106.92213543513006,-6.389802652289846],[106.92420002589115,-6.387711328332491],[106.92534598800681,-6.388005638704471],[106.93683708518348,-6.382248946908517],[106.93805894736457,-6.377116456826848],[106.93849145533711,-6.370860394516484],[106.94320469171359,-6.369041036263068],[106.94505519167683,-6.366298738567418],[106.94950987265041,-6.3540852275876265],[106.95308605515837,-6.351155567070152],[106.950638035505,-6.345113495791254],[106.95293446058027,-6.340074723503027],[106.95951166646758,-6.335419424801701],[106.9611302574522,-6.3351518808821545],[106.9623565712342,-6.333252309330087],[106.96340886062104,-6.328730816731267],[106.96025182657755,-6.321395587429963],[106.9602339913665,-6.312526441316808],[106.96736854514293,-6.303626070931851],[106.97085555175772,-6.304366287040759],[106.97500705829991,-6.303019615686027],[106.97201498625196,-6.293267531127346],[106.97493571294723,-6.285062840345006],[106.97699581877954,-6.283118664696473],[106.97876154815812,-6.282262506304889],[106.97815068950231,-6.28038967900857],[106.97514524494147,-6.280082005856639],[106.97491337248775,-6.281196783786711],[106.9722691059488,-6.2820529171047035],[106.96852796229861,-6.280719662196916],[106.9673552133655,-6.279430930033767],[106.95656420058693,-6.277509068611801],[106.95670237628985,-6.255320573607618],[106.9573445250767,-6.2524489199097655],[106.95650619203728,-6.250049908985397],[106.94382455576563,-6.249657514273974],[106.94394047647197,-6.252337438567114],[106.9407967670798,-6.253479024535215],[106.92201952535181,-6.253938251565872],[106.92173862225359,-6.251392124694843],[106.91991478682813,-6.250339758549633],[106.91649465021365,-6.25259165251409],[106.91658831243225,-6.254870239993563],[106.91572770217105,-6.258375113272681],[106.9116209351778,-6.257001661575343],[106.90532021041449,-6.260096323250175],[106.90434806404875,-6.262071685840384],[106.90502140667517,-6.269197347417626],[106.90728666930374,-6.272140331857881],[106.90952962008686,-6.272260724043022],[106.90850846508529,-6.283181078751109],[106.90903457683244,-6.285580076941899],[106.91045261698478,-6.287006939477912],[106.91177250267614,-6.2902130541982],[106.9117145053566,-6.29523843684382],[106.91111697171188,-6.296206136052724],[106.91188840730103,-6.298306344510277],[106.91316372225992,-6.298899424103859],[106.91527731501405,-6.297089004029878],[106.92085124449821,-6.3005001768794315],[106.92244759026914,-6.314095998985421],[106.92201060921745,-6.317663301130501],[106.92087348969201,-6.3201871710054105],[106.92025819022352,-6.333283540479584],[106.919112163315,-6.340159423046044],[106.91661956320021,-6.346812464559688],[106.91678004991967,-6.35262707021105],[106.9143364670992,-6.359074953003745],[106.91503208358493,-6.363913122393467]]],[[[106.97162700609314,-6.172238651157383],[107.00515052432036,-6.172220765053957],[107.0061583193413,-6.16925998086442],[107.0085974606439,-6.167605647414855],[107.01143782675378,-6.168252190234064],[107.01098752472004,-6.179868139470294],[107.00804896022116,-6.182646171816798],[107.00621625011794,-6.189927876166498],[107.00594875960601,-6.195622140083977],[107.0143050762341,-6.1969643662552905],[107.01811758824557,-6.193842997178307],[107.02558214540721,-6.195131651699826],[107.02885512097053,-6.197753616314858],[107.03115159203448,-6.206587112164844],[107.03380472101554,-6.21238840232439],[107.03095093037427,-6.214796263080297],[107.03168663055817,-6.22128871436292],[107.03054068728565,-6.226826980168962],[107.03276130657616,-6.227170259283172],[107.04252669231668,-6.232815503725833],[107.04147882414507,-6.246152718066207],[107.03656042049951,-6.2502327839735266],[107.03002790695206,-6.251811290633077],[107.0242176456073,-6.254767652935057],[107.02081985554003,-6.26201816493507],[107.01875972531101,-6.261255629629169],[107.01641868599029,-6.265451706267456],[107.01720344468482,-6.27459725932321],[107.02146190986403,-6.278191292067752],[107.025229847094,-6.278953843513153],[107.02902902018384,-6.278632775213921],[107.03745229257525,-6.283711693837436],[107.04012324337083,-6.287934462416375],[107.04093925809515,-6.296050039574439],[107.03838417543396,-6.306198970780452],[107.03997168264166,-6.307411793972232],[107.04323575631234,-6.308446352438615],[107.04285225415985,-6.316129381667472],[107.03878109629173,-6.320316445129048],[107.02999222591593,-6.326407596702205],[107.02886845624248,-6.330398472193859],[107.02100266875293,-6.328048531659814],[107.01978082325311,-6.328784250642244],[107.01737292047049,-6.333510937412994],[107.01611991976206,-6.343641995369302],[107.01736400068926,-6.347664132978584],[107.01725696334081,-6.353389607220808],[107.00668888650543,-6.36269129684582],[107.0052397175191,-6.36193773175017],[107.00148065897194,-6.363658899541258],[106.99893005795195,-6.36651270583127],[106.9939715512434,-6.367132554555539],[106.9930262405369,-6.370530391756453],[106.99568389494243,-6.378623668761397],[106.9998263823538,-6.37881538514678],[107.00560982460843,-6.377758570430867],[107.00635445516993,-6.384491838928215],[107.00547161999422,-6.386458301342658],[107.0091993890746,-6.3943331004221955],[107.00793300768389,-6.397521321005327],[107.01026062841721,-6.402564577941156],[107.019852182244,-6.400388557010119],[107.02402590987016,-6.405476359201827],[107.02712055090124,-6.411745873026345],[107.02904686062851,-6.412236383848087],[107.03370659661181,-6.408611143608887],[107.03597184804245,-6.405467470290424],[107.03829055447049,-6.405293545548611],[107.04152784289855,-6.406938958029103],[107.04631695189889,-6.4024397307983225],[107.04716416605406,-6.398096570508499],[107.04874272098253,-6.3959517142678],[107.05160546676902,-6.394328579572078],[107.06204866721039,-6.399478878563384],[107.06141551445732,-6.401307113983783],[107.05537343312663,-6.406546572250485],[107.05450384167135,-6.411884062446707],[107.05127106196636,-6.417618534394693],[107.05515932409587,-6.420717551047067],[107.05859284157212,-6.4268221121864135],[107.05573902294019,-6.4275845682942245],[107.0546555017966,-6.4294440046976264],[107.05605117598908,-6.429332594138025],[107.08079475178809,-6.444074315480472],[107.08054502142028,-6.447378560252581],[107.07988063717214,-6.448207939581323],[107.08062081469453,-6.449162215791697],[107.08932503438602,-6.45143630291768],[107.09176854544651,-6.451271372199829],[107.10062431865039,-6.454232162070354],[107.106497012837,-6.459409193233281],[107.11857669872713,-6.465067771539058],[107.12185861146881,-6.467542562588878],[107.12858734814289,-6.465745568433573],[107.13533844739905,-6.466753314428387],[107.13886118363625,-6.469682956992565],[107.14083653088632,-6.471644963615503],[107.1465397343773,-6.471604815090084],[107.16352889143842,-6.478975731812263],[107.16907602643276,-6.480737103923036],[107.16921874315392,-6.483207427795511],[107.17214386831128,-6.48640907186788],[107.17394980912793,-6.485829385088525],[107.1729643882159,-6.482725813930559],[107.17131893348792,-6.48141488275676],[107.17227315343133,-6.47981408118467],[107.17718712061078,-6.479109529735175],[107.17829742906122,-6.479724888045412],[107.18088375053632,-6.47792340147914],[107.18226600028107,-6.472162231965712],[107.1884998804081,-6.470316179757834],[107.1893025126799,-6.468907049379064],[107.18959229765747,-6.463890629653872],[107.19575477258051,-6.460938696110339],[107.20046804731378,-6.460688936449457],[107.20237653768758,-6.462169341020534],[107.20856584338308,-6.468198097915468],[107.21514295707391,-6.4641269065541],[107.21683298081734,-6.461045710425278],[107.21353328830816,-6.455890953265161],[107.21022904124787,-6.454022611620162],[107.2055737385873,-6.452194400142358],[107.2059304484447,-6.450254676267271],[107.20788352523168,-6.449282590522498],[107.20922129258575,-6.451547771959909],[107.2112635749211,-6.452270178763269],[107.21141966156937,-6.448421950708285],[107.2074510697744,-6.441733342863389],[107.20516355895823,-6.4392273143851355],[107.20357604670778,-6.435896354063502],[107.20644324231303,-6.43518737228347],[107.20566742446792,-6.430942308568032],[107.20371427510209,-6.426081901068145],[107.19715946740362,-6.42453905873943],[107.19621407687814,-6.4229916891555145],[107.19694541299735,-6.422046391781208],[107.20184148082679,-6.422354083087891],[107.20391940870716,-6.420182473454675],[107.20195743676486,-6.4139486405774155],[107.20706757727825,-6.414889536184231],[107.21188341352881,-6.4143499824106085],[107.21297584454743,-6.4092220302061556],[107.21799685140924,-6.407844163938307],[107.22141247853224,-6.408062631394799],[107.2218405398913,-6.39975530435688],[107.21991864308261,-6.396682996911016],[107.2214883157655,-6.385312297894329],[107.219071455016,-6.380639200417009],[107.21417982365675,-6.37931927391498],[107.20861038754384,-6.379256830090753],[107.20479783331479,-6.375671699834569],[107.20506987326947,-6.3702048518834555],[107.20745999659955,-6.362321163984827],[107.21249423651597,-6.363378017684672],[107.21430913092993,-6.359587779832866],[107.21322553086414,-6.358379310283446],[107.21326574760762,-6.354375089194617],[107.21516531992052,-6.349697438545119],[107.22346369903507,-6.3517308513107835],[107.22660291906878,-6.3491579075480775],[107.22559961236426,-6.341809292569577],[107.22261640863147,-6.334830830412648],[107.21823310689868,-6.330875644652163],[107.2149601769479,-6.330679409099433],[107.2155086079052,-6.3282046297359935],[107.21813057920238,-6.321877117128994],[107.21811723347197,-6.317890733104448],[107.21739927030877,-6.3151483333870395],[107.21930780170841,-6.313222046145148],[107.22138127796504,-6.314305608531787],[107.22214379931448,-6.316780404579756],[107.22406120463626,-6.316044611691542],[107.2250065216857,-6.312686941856524],[107.22417266222492,-6.3077908639058],[107.23313993250423,-6.299006433940739],[107.23454456975867,-6.299773385199464],[107.23565486647566,-6.304780923283376],[107.23549434568747,-6.307104106065106],[107.23781748842171,-6.306689421063209],[107.23937816631063,-6.3043350664741356],[107.23594019694238,-6.297534916407043],[107.23747416946239,-6.2962417609644525],[107.2426244546699,-6.297017650247699],[107.24494315500029,-6.299608428976802],[107.2475205261635,-6.298774527512818],[107.2477657381024,-6.2942574644013805],[107.25626930384331,-6.289677933265507],[107.26659213486532,-6.284884474794663],[107.26661883154077,-6.279377469093933],[107.26525883798048,-6.278454389878885],[107.26646280033617,-6.273950725343667],[107.27614792311074,-6.267052461681678],[107.27602309337911,-6.263124020414087],[107.27340556174497,-6.258366131135689],[107.277824562009,-6.254187958244397],[107.27450701239879,-6.241207543566156],[107.26919624665298,-6.232547961066266],[107.26933893108156,-6.231651716922079],[107.27023959459584,-6.23149560932166],[107.27442222974898,-6.233573570980714],[107.2828009688717,-6.228280625697327],[107.28364368377555,-6.225489237430294],[107.27995156179081,-6.223259692833644],[107.274948423808,-6.222479305308626],[107.2720856673123,-6.218394801463467],[107.27247809932149,-6.216334658967341],[107.27862721322558,-6.215371498687383],[107.2881563110872,-6.217257717247123],[107.2902922381493,-6.217360294616626],[107.29269562882314,-6.215197585107593],[107.2943054489047,-6.206043051136083],[107.2927848374992,-6.2017444724939965],[107.29107697943144,-6.200986486148465],[107.29059540055383,-6.197396870762277],[107.29228990563857,-6.190859821635685],[107.2905508417008,-6.187069586089746],[107.28620323457574,-6.1838902655687065],[107.28688098729351,-6.17763861101648],[107.28498140817953,-6.174392363257204],[107.27978659283801,-6.171757047194916],[107.27914448672414,-6.170298898810128],[107.27887687534914,-6.160292705049008],[107.28120457173118,-6.157327423632588],[107.28845063137558,-6.156324090504073],[107.28923987688098,-6.150781468803145],[107.28952968845365,-6.148235261952105],[107.29265557964014,-6.141430720277436],[107.29104577013361,-6.140503224686195],[107.28836142423978,-6.1427059995417554],[107.28576622304804,-6.148703470097661],[107.28241745019422,-6.148043556153291],[107.28109750822685,-6.145689145705921],[107.28256014216416,-6.139865563569014],[107.28392013961925,-6.137252522618521],[107.28295701027018,-6.135094329070007],[107.27966176129149,-6.133854718573135],[107.2802280135601,-6.131174738869392],[107.28145423642451,-6.12916815735086],[107.28074078053729,-6.127134837507871],[107.27709325780403,-6.127375634696541],[107.27282146656073,-6.13053263347571],[107.27063202370591,-6.129685408724515],[107.27018169083541,-6.125756975555943],[107.26938790559132,-6.115563493257164],[107.26703804187294,-6.112575846172292],[107.26383193049583,-6.110908151688912],[107.24999980226143,-6.116482054338567],[107.2479931838906,-6.115652670646019],[107.24790850044236,-6.102377872972952],[107.24568338328947,-6.100826149989989],[107.2423925948463,-6.101379085373004],[107.23748751623732,-6.104366672058931],[107.22834189747721,-6.102725724169068],[107.22163539136984,-6.103862805349346],[107.20947097509746,-6.098279968167086],[107.20123952070848,-6.093009350140512],[107.18912416976197,-6.089254743012552],[107.18704176883462,-6.08632511697622],[107.18839285695958,-6.080296435695884],[107.18682772325812,-6.0774559744255185],[107.18397383016608,-6.076359048305464],[107.18065627648808,-6.079007736866452],[107.17790947418337,-6.081598496120966],[107.17605454807627,-6.0814825693564245],[107.17189864149339,-6.0759265083402365],[107.15963608236075,-6.067672725085182],[107.15682244415011,-6.067926913313496],[107.15261746345904,-6.072528662321121],[107.14880938811595,-6.072510822434172],[107.14311063858028,-6.070798542075907],[107.14035046758596,-6.061969490628778],[107.14101492862183,-6.057916224895896],[107.13967266692208,-6.057086837433263],[107.13772410198742,-6.059129091847525],[107.135735348741,-6.062852432557274],[107.13352359883923,-6.063583725762653],[107.13033978177371,-6.061528053287572],[107.13271204601953,-6.055735656624121],[107.13629270641385,-6.055650976733888],[107.13699276317051,-6.05499546012546],[107.13676533013926,-6.0505631174907],[107.13571299316321,-6.049546491315874],[107.13293496812125,-6.051628825748989],[107.12851153974259,-6.054611976087172],[107.12587178168215,-6.0537826195681275],[107.12434229463264,-6.05122305409754],[107.12499778789633,-6.049698103602279],[107.12782484832462,-6.0473927294426755],[107.1265316959584,-6.0461084701264305],[107.12396325952959,-6.046790725930894],[107.12168022786294,-6.0470850760159065],[107.11669049795297,-6.0395447037840615],[107.11367167001092,-6.0391835148030655],[107.11250343016442,-6.033886105447332],[107.11174981436463,-6.029266488729992],[107.10840548681672,-6.028682299315142],[107.10415592163316,-6.028383557899476],[107.09929553075776,-6.025039266330309],[107.09756540460384,-6.026015768995734],[107.09609386984164,-6.027933225697559],[107.09394908826532,-6.0273981234088865],[107.0939312429555,-6.024004744503412],[107.09787752218944,-6.01919784300293],[107.10166334343114,-6.0168166466415505],[107.10028993533022,-6.0146540113758356],[107.09356117839594,-6.014279408166843],[107.09311522702605,-6.011144721464727],[107.09249983712837,-6.006382388550022],[107.08929376063423,-6.004001241645038],[107.08461617264399,-6.002279953081182],[107.0850977974901,-6.000001412364731],[107.08804966345706,-5.996741827037169],[107.08790699465602,-5.9934286536854176],[107.08584691351084,-5.99154246785607],[107.08539656039581,-5.98657949581624],[107.08908863376399,-5.982829424553821],[107.08995817101734,-5.9708923670925556],[107.08965940241983,-5.968328412712289],[107.09423001687802,-5.963508087227815],[107.09705257006452,-5.961532741220254],[107.09495680965716,-5.958259758355257],[107.09453771384975,-5.955240918423147],[107.09761894134827,-5.942800046356467],[107.09953185131181,-5.937217274504392],[107.10002233887921,-5.9365929871309735],[107.06611986340718,-5.935768036339904],[107.05547147638354,-5.932651158330728],[107.02201936147817,-5.913570654921121],[107.0133106708049,-5.922181148142949],[107.0097612263712,-5.924210055136503],[107.00912803331127,-5.926720499087755],[107.01039000642484,-5.934238532149456],[107.01966045005483,-5.943477844267333],[107.02242508472737,-5.963632957869963],[107.02168040334925,-5.966821197463508],[107.01479115344291,-5.9702680865540305],[107.01385026384325,-5.983110338825372],[107.00915929650289,-5.990008563189897],[107.00948030755518,-5.998159783592821],[107.0035318988801,-6.004429244458968],[106.98851811677625,-6.0039699807339595],[106.98462086368734,-6.008121398637033],[106.99522902849755,-6.020959138379083],[106.99409200138041,-6.0246379451455185],[106.99893005795195,-6.030608678293937],[107.0074201864253,-6.02644834295722],[107.01549121450356,-6.033319814280119],[107.02139947031965,-6.045769621763199],[107.02546618424198,-6.046710511447597],[107.02954179835011,-6.045461894106692],[107.03454935050755,-6.041069699124823],[107.03779118321947,-6.04225134090091],[107.03857150757881,-6.0436426113291235],[107.03392960667914,-6.050469460517383],[107.0257917226071,-6.055169422703292],[107.02084211027054,-6.05376925166578],[107.0160218027088,-6.059071104802123],[107.00061117578251,-6.053367947078611],[106.99877852369941,-6.056128129371833],[107.01007782354024,-6.06805169873878],[107.01492936353124,-6.077228542167651],[106.99839049915988,-6.079810360565293],[106.99059158527848,-6.084661884452624],[106.96900953062519,-6.089772022465993],[106.96876424233155,-6.09979606093165],[106.97007968602315,-6.108500267940077],[106.96965612729774,-6.120588860997336],[106.97077087570163,-6.139655965656637],[106.97227361002248,-6.144574359352266],[106.97169393645294,-6.15616800597722],[106.97106075619992,-6.165639131169012],[106.97162700609314,-6.172238651157383]]]]},"id":"000100000000000013ef","properties":{"gaulAdmin1Code":73613,"gaulAdmin2Code":18007,"province":"Jawa Barat","region":"Bekasi","regionId":"gaul2-18007"}},{"type":"Feature","geometry":{"type":"MultiPolygon","coordinates":[[[[108.36815948525306,-5.933770339310182],[108.37034889656583,-5.937221720670481],[108.37536543820482,-5.938461317747796],[108.3770286717785,-5.936249590653954],[108.37976211481633,-5.939709856652252],[108.38258023716293,-5.9397009444622295],[108.38508175352331,-5.936561790819385],[108.38506844368338,-5.932798286419354],[108.3828700637044,-5.929039276117691],[108.3731537214724,-5.926858774241709],[108.36877044021564,-5.929070431797074],[108.36815948525306,-5.933770339310182]]],[[[108.32339458369087,-6.6207885329481675],[108.32488836425155,-6.616681690956315],[108.3270867260953,-6.610577170176283],[108.32810787754235,-6.609903861701103],[108.32813458322956,-6.599705872056585],[108.33170184862422,-6.593574638024899],[108.34479382725864,-6.581468162194325],[108.35235643644633,-6.572679268972826],[108.36086441744855,-6.554776000129062],[108.36560893228894,-6.555351235797276],[108.36823082966987,-6.555707935537165],[108.3711917268391,-6.550776187682774],[108.37395635893222,-6.5480605697311285],[108.37954807429146,-6.545483193207512],[108.38570604898396,-6.545813176712548],[108.38737377008947,-6.5440696608507],[108.38915295932416,-6.538589414053229],[108.39407135699166,-6.534411278624796],[108.40139765615105,-6.536003161139113],[108.40466172755588,-6.535151475616879],[108.40834045539006,-6.530157256273778],[108.41749502506869,-6.5245165216616385],[108.43105958520677,-6.52038743557806],[108.43756985175486,-6.5221487724989835],[108.44535992987412,-6.5293992303274315],[108.4470766631592,-6.533737964785291],[108.44680915032623,-6.547226712486876],[108.44601539732183,-6.547793009980002],[108.44462413790505,-6.547476477163374],[108.44327752946909,-6.564679668513937],[108.44973876221331,-6.571448530400824],[108.45422904060992,-6.5730895123560265],[108.4576357973837,-6.572496463499892],[108.45952647220074,-6.568844427125692],[108.46091326342584,-6.56843864108454],[108.46750822755969,-6.569878931099084],[108.47001425801854,-6.564933803994674],[108.47555691418421,-6.558169404767196],[108.47721130546992,-6.559417930671719],[108.4869989741858,-6.559306421127918],[108.49160974050884,-6.555239704703751],[108.4906911689923,-6.545452015089043],[108.49414691965106,-6.54256693852413],[108.500884621901,-6.542045283293219],[108.50100499417935,-6.5369975842913535],[108.50277082129742,-6.534014450786536],[108.5065833751922,-6.533871749172973],[108.50987869120671,-6.528667978752312],[108.5137803591417,-6.527147431308974],[108.51899753521266,-6.527606720055915],[108.51915803984646,-6.521979308377082],[108.52552121961969,-6.517533580165474],[108.5314249940494,-6.517422097915538],[108.53155878279527,-6.5137477763297555],[108.52898147875226,-6.502278997235062],[108.53031917810124,-6.494689639302124],[108.52867821446095,-6.488491483563501],[108.53164800551437,-6.485258613349921],[108.5378506246355,-6.483622126242121],[108.53621859385376,-6.479488550081785],[108.5309122131421,-6.476068403319328],[108.52216796812277,-6.474958062175183],[108.51089087804912,-6.470177947205305],[108.47883880595684,-6.452631354950597],[108.46798985204603,-6.442790099402475],[108.46077950163246,-6.440038894589037],[108.45208871831476,-6.432748242967862],[108.42924024258944,-6.415848256997477],[108.41423092136895,-6.400508951999322],[108.37855809335768,-6.3439006412201735],[108.37231984972266,-6.335419407902008],[108.37025084264907,-6.335200944515272],[108.36399917220812,-6.3248781370572695],[108.35962035597761,-6.322372085241869],[108.35772969195136,-6.312499648488572],[108.34779924094666,-6.3021991524012],[108.33810962416403,-6.294658823397067],[108.3172811162632,-6.261411760882733],[108.308742022392,-6.255249270107955],[108.3013487737897,-6.245849466383971],[108.29512835894599,-6.242661246840088],[108.28295055774669,-6.244088101142924],[108.26721882212681,-6.252729866507498],[108.25105459008483,-6.2538802925730534],[108.23674980773355,-6.242901973645107],[108.2285896606058,-6.231089864201342],[108.22615050756819,-6.229457800789593],[108.22425988706644,-6.230550326678364],[108.2237203323823,-6.233537919802635],[108.23187157773197,-6.245711237049518],[108.23200977302237,-6.249229498915119],[108.22863871173553,-6.254928200365206],[108.2247102104872,-6.255619333800635],[108.22038039860581,-6.253590455863549],[108.21769162597938,-6.25503078952398],[108.20925052300436,-6.24576031183067],[108.20748913727051,-6.245488293200334],[108.20628963767972,-6.247249632725423],[108.2085995041532,-6.255699616474382],[108.2055137434678,-6.255231434022765],[108.20237009709128,-6.256979407936642],[108.20098782187316,-6.26220990376126],[108.2016878722616,-6.263248897797495],[108.20517936929669,-6.262901041541673],[108.20553166122757,-6.26743151151385],[108.20031890235461,-6.275471261698343],[108.18287934763372,-6.276889285199685],[108.18011026685122,-6.282128709782156],[108.1766143390858,-6.281442047770379],[108.17557981968541,-6.283528873775848],[108.17070161709609,-6.285638033214063],[108.17348853177938,-6.289811723504169],[108.18255829879915,-6.292241981777006],[108.18710214722184,-6.295019952227803],[108.18919795864555,-6.298850365436002],[108.19338057380567,-6.298150285504141],[108.19338057380567,-6.295011064664809],[108.1965197881958,-6.293958747488874],[108.19927996235458,-6.296330914608028],[108.1989678557012,-6.299180349137267],[108.20628963767972,-6.300210347053614],[108.20629859658118,-6.303349551198813],[108.20421172227591,-6.305449830567424],[108.19862000509613,-6.303719715109769],[108.19426792290848,-6.30537845988072],[108.19481638660521,-6.310038250851254],[108.19660892202901,-6.313409289118361],[108.19455776427276,-6.3159510197077475],[108.19063818660206,-6.315268772787165],[108.18810096103232,-6.312071556015625],[108.18350362023833,-6.311170815246556],[108.17410835217296,-6.319709995526687],[108.15990164954479,-6.327121053512427],[108.14863799162238,-6.327861240013074],[108.13831956098517,-6.332039395032335],[108.10863979483078,-6.328481045321595],[108.08630862199209,-6.319611889354852],[108.05361894263399,-6.308241222765103],[108.03473911559834,-6.298658584029548],[108.02896014440589,-6.292250907521546],[108.01490063483267,-6.283568997590296],[108.00844828925126,-6.280380743526161],[108.0001810666377,-6.2799482318443065],[107.98634896983572,-6.271730089821707],[107.97347557067721,-6.26757422960693],[107.95732910438379,-6.25667168240483],[107.93429786324918,-6.244119312772913],[107.93152876625703,-6.243900857671038],[107.92578098589544,-6.241158510238427],[107.9133534761546,-6.239241107499974],[107.92196845181108,-6.254678451833303],[107.92121931350185,-6.257389584367168],[107.91889171692833,-6.2603103039781445],[107.91731317480235,-6.2602969513194555],[107.91465109928568,-6.2626156572647504],[107.91183291466967,-6.269776968336017],[107.91616272488417,-6.274401059372997],[107.91906557406058,-6.2730544645937965],[107.92537521977204,-6.279818930325973],[107.92380559363264,-6.281994914596266],[107.92323935131009,-6.304455413199073],[107.92168311722723,-6.308076247365364],[107.9229271635676,-6.317788137382473],[107.92154035962865,-6.318559589439112],[107.92065307614082,-6.323032058131179],[107.9223028794834,-6.325596050528579],[107.92125059536762,-6.33644502415199],[107.91694756178359,-6.3478959857728725],[107.91765654767951,-6.3506204876237025],[107.92030969977453,-6.351093140686672],[107.9233329263276,-6.360171872295717],[107.89904872008138,-6.388665526920122],[107.8948348764821,-6.397200304225924],[107.8968191144763,-6.400005051409748],[107.89996278824462,-6.403046173019456],[107.9005603558568,-6.405231093609829],[107.89872760809648,-6.406412753555551],[107.89662294109327,-6.4042144252501005],[107.89063438238487,-6.403335971692426],[107.8909777240716,-6.404459722382486],[107.89335445872972,-6.406270052192144],[107.89170011701911,-6.413957547011865],[107.89314481786127,-6.416517122241514],[107.89517370299448,-6.42360265222936],[107.89492844246222,-6.428057237631333],[107.89115165508507,-6.435209644145297],[107.89038912565522,-6.444239313897113],[107.890768175306,-6.444506870246747],[107.89044264277148,-6.447057499292521],[107.88624664129144,-6.455939982941257],[107.88633577496088,-6.456644524927123],[107.8936978036069,-6.459725798161066],[107.8948437358683,-6.459904187204203],[107.8979472495808,-6.4739057179174155],[107.89674335718195,-6.477201043750062],[107.89606552011423,-6.4792700657352],[107.8984155367634,-6.48260541688221],[107.90888104620127,-6.481508511259884],[107.91136026656173,-6.480527482618299],[107.91324643357655,-6.483194063432273],[107.91617610533677,-6.485022306863759],[107.91918156928173,-6.483617660307284],[107.91885157520254,-6.486172716324992],[107.91311715078501,-6.489071155128926],[107.91600215950028,-6.4925492508399465],[107.91802216157764,-6.489824701548514],[107.9205103190406,-6.489057791806697],[107.92009117953049,-6.491291769625667],[107.91765654767951,-6.4933429156500555],[107.91088761921293,-6.4935480416718745],[107.90579088725991,-6.502314693161045],[107.90606734672016,-6.504945531670891],[107.9105219237649,-6.504945505650232],[107.9124616969462,-6.503215371730192],[107.91386626850407,-6.498649251038826],[107.91581935374745,-6.499237863555363],[107.91930190420085,-6.505502936016028],[107.91857953378592,-6.510403443916863],[107.92089826772437,-6.512927292684698],[107.9184502486543,-6.5163073604144435],[107.91623848718464,-6.524645827992808],[107.91126217499712,-6.528297871637413],[107.91164568155831,-6.532975473626745],[107.90950973176292,-6.5375727560219685],[107.90644189636457,-6.540859155805142],[107.89963733589674,-6.54506405547038],[107.89338121755772,-6.545639308519956],[107.89312700879053,-6.548082859754517],[107.89470108170252,-6.550009237664959],[107.89636429979682,-6.548515394309297],[107.8984155367634,-6.549233361184141],[107.89368442417813,-6.557139338783842],[107.88899343526464,-6.556180641155225],[107.88644280771955,-6.555395768032683],[107.88405717977356,-6.557170517288723],[107.8804319485131,-6.562111200813521],[107.88121226030394,-6.566244779894536],[107.87815782884654,-6.568260296733835],[107.877127759808,-6.5686215133573755],[107.87381908878349,-6.566432061281332],[107.86546269688365,-6.566128885597498],[107.86324211588764,-6.56819340577219],[107.85163057815869,-6.571488737846697],[107.8508011745849,-6.57362458214301],[107.85202747427968,-6.5757649551892055],[107.85760577075906,-6.5797246457027585],[107.87094299271432,-6.583715571364001],[107.88791876091442,-6.588923778049827],[107.90604944645946,-6.593926929807049],[107.91763421667719,-6.602662309051201],[107.92986996054762,-6.615763117093838],[107.93567577599512,-6.617515508548616],[107.9366835369731,-6.622148517697497],[107.94030873813782,-6.625617752921749],[107.94626611714847,-6.627178409450433],[107.95418545332987,-6.6314324102059805],[107.96243929217127,-6.633162529249928],[107.97059054597369,-6.639374044959333],[107.97764034569416,-6.655212805860273],[107.98403913060471,-6.660117798319459],[107.9865852629683,-6.664015036897781],[107.98829755725437,-6.668986930805772],[107.98870784014858,-6.669513134050783],[107.99471420341813,-6.667430745296888],[107.99845097981755,-6.668951284595951],[108.00316422589313,-6.671176330131554],[108.00911715774916,-6.67233128091362],[108.01223850333601,-6.675220788406893],[108.01731299691698,-6.675840556150573],[108.01957823270133,-6.673579810342649],[108.02349773559939,-6.676473740474036],[108.02444311591383,-6.677820430171569],[108.02521448982446,-6.677758012964731],[108.02741285742567,-6.673776008159407],[108.02529923344889,-6.6701150643835705],[108.03016854953808,-6.659444450939413],[108.03075272076352,-6.654557272503469],[108.03488183666413,-6.647717032095816],[108.03314277870338,-6.642210063625557],[108.03120303713999,-6.638549149309268],[108.03201910725814,-6.6369171259052315],[108.03291540312615,-6.6370954434839415],[108.03484167939932,-6.640604787300814],[108.03761082462918,-6.641492122390383],[108.0427922878635,-6.640618156521709],[108.04306869292611,-6.637626056066337],[108.0457620273397,-6.6297245832912575],[108.04802729390076,-6.628141544180659],[108.04930704803799,-6.628328829712099],[108.05083644672757,-6.623780591166099],[108.05855519217342,-6.622353634379625],[108.05972346339647,-6.619954650067699],[108.06346908887183,-6.616695085910328],[108.06638538978113,-6.616485504848645],[108.07103175531289,-6.613818961965102],[108.07124133955737,-6.609413360766693],[108.0689538306809,-6.6090165235333505],[108.0698411892569,-6.603576394804426],[108.07092917939026,-6.601172927546008],[108.07314985625318,-6.59887203948187],[108.07432704762236,-6.596526548127369],[108.07216434411687,-6.587688610482379],[108.07392126253755,-6.586703115586906],[108.07520989887271,-6.5818695105166665],[108.07398810939729,-6.580745771160305],[108.07344863123005,-6.575180850704432],[108.08575573431227,-6.572906718577715],[108.09388017081157,-6.562789000520525],[108.0996948298012,-6.5625615650716655],[108.09960120023622,-6.563506921149057],[108.10525539102004,-6.561714355730649],[108.10747595236643,-6.558731180999638],[108.10761870715812,-6.556679985650354],[108.11049037211397,-6.55315731361741],[108.1128402483921,-6.5528942578635085],[108.11349577430717,-6.554062556012418],[108.11614892232599,-6.553094932797111],[108.11830270490401,-6.5487606332462684],[108.11701397993404,-6.546040600447498],[108.11804405479727,-6.54318678047935],[108.12059908214428,-6.5409973530223455],[108.12329245932479,-6.54120244805248],[108.12797450897786,-6.546517709083309],[108.13223294426709,-6.55496323587151],[108.13182265038637,-6.5575986217057105],[108.12875482724206,-6.559765710184865],[108.1273189526681,-6.564590479706971],[108.12786748112883,-6.56577210995501],[108.14209644404215,-6.565330705486364],[108.14254683212101,-6.56900495742348],[108.14174865585885,-6.571323679652621],[108.1425914366806,-6.571515445676566],[108.14208305364711,-6.574512002093015],[108.14343421976223,-6.5767415545581125],[108.1464707909122,-6.578048051304664],[108.1443081289421,-6.5876440626056265],[108.14573512407695,-6.589779951642849],[108.14681415094502,-6.596267948216211],[108.14607839283018,-6.60066463312299],[108.14863799162237,-6.606002105811535],[108.15935315567265,-6.6126105616947735],[108.16456587649809,-6.6134845438174015],[108.16638963879784,-6.60876236295253],[108.17347070630568,-6.6057212345133],[108.18477008571686,-6.610639609494368],[108.18773538648934,-6.609823606453472],[108.18968397603531,-6.60826733820773],[108.190446529855,-6.604923034017766],[108.19012547339054,-6.602430413519584],[108.19778612439926,-6.5913941318779745],[108.19989087423026,-6.5852940534099105],[108.20630746498892,-6.576014660911203],[108.20612910144759,-6.5753012256749646],[108.20739556618658,-6.573370422846472],[108.21012895712478,-6.573156388911521],[108.25364082409132,-6.5872025750527365],[108.26368719207599,-6.587398786391687],[108.2727035639926,-6.589641682080067],[108.27631983119652,-6.591554651869988],[108.27239138641785,-6.606951895500195],[108.27369793618499,-6.6138456612669545],[108.27516940621054,-6.61654795205459],[108.28084581069793,-6.620628019769436],[108.29072718707431,-6.622184216027898],[108.29251083946487,-6.620895509304941],[108.2941428830913,-6.617127617039538],[108.29217637561756,-6.61509425654571],[108.29012081082894,-6.614924775251202],[108.28672742365998,-6.614853479125938],[108.28550563545484,-6.613471117442536],[108.2858712300705,-6.610581659697045],[108.286629303888,-6.609413381564783],[108.2894073539002,-6.60869541018351],[108.29246621409291,-6.609408931790299],[108.29434799796576,-6.612998469834931],[108.30409110168014,-6.619299221646232],[108.3048001548816,-6.620440672563443],[108.30410006327755,-6.6218364113832395],[108.30533522718775,-6.623900982237299],[108.30857699998904,-6.6238965303526145],[108.31107407022819,-6.621546548428508],[108.31473502563408,-6.608196035674715],[108.31543504924048,-6.6078482134234],[108.31998338296987,-6.61419353045127],[108.3215708425372,-6.619553371549142],[108.32339458369087,-6.6207885329481675]]]]},"id":"000100000000000013f4","properties":{"gaulAdmin1Code":73613,"gaulAdmin2Code":18013,"province":"Jawa Barat","region":"Indramayu","regionId":"gaul2-18013"}},{"type":"Feature","geometry":{"type":"Polygon","coordinates":[[[107.17349947217937,-6.483555256166702],[107.17432441436944,-6.4906897721898975],[107.17116729003466,-6.491951678276837],[107.1699767749963,-6.4921077758137065],[107.164335949406,-6.501574483443733],[107.16487110459907,-6.5113131163298865],[107.16762677576516,-6.511473656149485],[107.16932575821059,-6.522438595360494],[107.17118964887321,-6.523160985776494],[107.17516270274069,-6.529457216980128],[107.17652715890335,-6.533537300994407],[107.17858278320466,-6.551712605977509],[107.18959229765747,-6.561611771551189],[107.19043063832986,-6.5660396888768],[107.19084980974101,-6.571943521289543],[107.19310608046796,-6.578284399161069],[107.20694720061275,-6.587884776360114],[107.2154150084546,-6.5907520138192],[107.22040468416928,-6.590426489949432],[107.22376245165506,-6.585695406346238],[107.23778628578584,-6.576420474494584],[107.25044126047663,-6.573388262830039],[107.25453914840831,-6.564256049447825],[107.25922567523824,-6.558503793524811],[107.2649912414731,-6.555262069392641],[107.26720300241398,-6.546388391211607],[107.27192070354663,-6.53796070232775],[107.27781563265272,-6.535285232902361],[107.28392906919319,-6.529938815838193],[107.28598026389308,-6.522197833346815],[107.28587328854692,-6.519789880341036],[107.28433035916234,-6.51574544197635],[107.28446863252374,-6.510537239435904],[107.28583315025429,-6.506323385549548],[107.28913731992469,-6.501726060914416],[107.29304344361786,-6.49954558768413],[107.29986588845564,-6.495652790980927],[107.3058188448519,-6.491046530839068],[107.31640469135361,-6.488223880918594],[107.32833723575708,-6.4844247324459925],[107.34013158726523,-6.488085645863308],[107.34540667744739,-6.487345471190431],[107.34985247164296,-6.48553950238743],[107.35438730319595,-6.487911736725663],[107.36520958504924,-6.496062971081895],[107.36834877137653,-6.4969637450841455],[107.37868493539408,-6.497476533394269],[107.39029645063171,-6.499768551100326],[107.38923077132623,-6.491233777461624],[107.38271154507123,-6.488683172100953],[107.38183755109992,-6.486444713699292],[107.38070053325197,-6.480545334174175],[107.37500171442109,-6.476277957366183],[107.37235302222237,-6.473834416628719],[107.37226829700691,-6.469923723811916],[107.37381564191632,-6.468082150419224],[107.38504813555522,-6.469103262859629],[107.4013996297011,-6.465843697290397],[107.4139163203166,-6.46373900215085],[107.43405807286238,-6.459083685905384],[107.43520408003594,-6.457322325179541],[107.43518178799125,-6.451752904500723],[107.43747823964368,-6.447895798120151],[107.44020269061946,-6.445991750968659],[107.44530392651761,-6.444471219925722],[107.45187220471188,-6.444074323955028],[107.45696897539726,-6.437158279094],[107.45853406651531,-6.4309958229021795],[107.46137896403083,-6.426594709581735],[107.47013670201623,-6.429127426536267],[107.47420336478568,-6.432369211131642],[107.47880518837013,-6.431624540344548],[107.48074483679272,-6.428672613404248],[107.48244375598406,-6.425595803954637],[107.49093842618902,-6.418657445763786],[107.49170085122172,-6.415183820052159],[107.50274606076351,-6.407991268861553],[107.50826197767661,-6.413391284321948],[107.51155284140343,-6.419874840437062],[107.51394737151439,-6.420766598322148],[107.51445572896016,-6.419977324199943],[107.51918681315271,-6.418082261116988],[107.53112824402466,-6.418095651362367],[107.53484273886983,-6.415009951533326],[107.53668429594772,-6.408125048540763],[107.53971647804019,-6.40312641525405],[107.53978780479663,-6.395875945455065],[107.53888710275083,-6.391809188900206],[107.53721048324552,-6.389022317188828],[107.5380532157171,-6.386609918576647],[107.54350223969591,-6.381615725177317],[107.54506739199401,-6.381878828109201],[107.54817984669629,-6.379720583942744],[107.54945961855013,-6.373509066959517],[107.54855888389078,-6.371569366689808],[107.54955324962252,-6.369192672898896],[107.55323648905741,-6.366004399559617],[107.55832880248666,-6.364376834502143],[107.56005891808664,-6.358785106615849],[107.56223943404237,-6.357077266970045],[107.5654232412825,-6.35232831203228],[107.56374212134193,-6.350740882593346],[107.56292612551819,-6.350165670488763],[107.56670300518141,-6.3445694880629855],[107.57049763623475,-6.340797124385251],[107.56994032127436,-6.339075878106628],[107.56903057841852,-6.3387637593985335],[107.56936503836219,-6.335878705910874],[107.57250874739323,-6.330202316480506],[107.57633912860011,-6.3283695857805515],[107.57904126013503,-6.321689833393939],[107.58008025696977,-6.313605471776394],[107.58251052828355,-6.312758254764695],[107.58274684721762,-6.312120610757833],[107.58032108880855,-6.3078265211680975],[107.57970569029301,-6.304236942325311],[107.58027648027023,-6.301610516274319],[107.58219835643621,-6.300036498090206],[107.58500755485781,-6.298168131414602],[107.58614464332652,-6.294453645288147],[107.58420494955335,-6.2887192442543745],[107.58343350073275,-6.28844280822976],[107.57901904627111,-6.280835543129489],[107.57859987280848,-6.267471616242678],[107.58193973357687,-6.2659109344834505],[107.58380807258742,-6.25975738578414],[107.58218499184102,-6.258936900794233],[107.58065104774012,-6.256399717638478],[107.58687591510889,-6.25201643220596],[107.5914242388711,-6.251137988357928],[107.59492464092936,-6.25137875011906],[107.59952638124246,-6.252876975177736],[107.6017381017053,-6.247918457912792],[107.60224201996166,-6.238706003335044],[107.60643803373418,-6.236561173144232],[107.61126719188867,-6.235174343891445],[107.61482113432076,-6.232436488830356],[107.61613653468217,-6.230180206766201],[107.62431455700779,-6.222421317628724],[107.62277170428467,-6.217899843885903],[107.61036200605905,-6.216098335839342],[107.60183175095914,-6.209918042038998],[107.59144202883975,-6.19523867239186],[107.5794515848448,-6.186547854765131],[107.57093016111705,-6.182900325784574],[107.5449380984195,-6.177009889377872],[107.52860887779816,-6.170860781913983],[107.52100162905549,-6.166290175849423],[107.50973799988516,-6.163338244230607],[107.49776079136151,-6.156712068676737],[107.49109892703682,-6.15649799439092],[107.47291023627544,-6.147588685268339],[107.46346136666506,-6.140498720576059],[107.43759863582129,-6.1047189514138855],[107.40403941676914,-6.036320775379495],[107.3865107374219,-6.014301726611671],[107.38510164413243,-6.0076398229202175],[107.35883749466491,-5.979311124203617],[107.34326189395063,-5.971530037348691],[107.33638144096979,-5.963271784060331],[107.30731256340631,-5.956248671444851],[107.28117778330163,-5.955579799313087],[107.27378906661365,-5.958861752138594],[107.26330125034306,-5.958861720792862],[107.25556024890554,-5.962478041619089],[107.2318378365566,-5.9680117670027055],[107.20120832269579,-5.982909639005394],[107.16835811661214,-5.983921875294598],[107.15639882357972,-5.982347790744866],[107.1368901793987,-5.972698339817235],[107.12624189592789,-5.964881509487868],[107.11496926023639,-5.953287858888974],[107.10618930054135,-5.940137969860475],[107.10211814351325,-5.936378902834471],[107.10002233887921,-5.9365929871309735],[107.097939981807,-5.9407176262775225],[107.09651305849667,-5.9484452803887296],[107.09453771384975,-5.955240918423147],[107.0953982580329,-5.958469359734555],[107.09705257006452,-5.961532741220254],[107.09300824568699,-5.964587218558448],[107.08948554900924,-5.96886794278685],[107.08995817101734,-5.9708923670925556],[107.08908863376399,-5.982829424553821],[107.08539656039581,-5.98657949581624],[107.08584691351084,-5.99154246785607],[107.08815673270786,-5.994093053374132],[107.08773755866666,-5.997473073702023],[107.08461175655239,-6.000911021984254],[107.08501308047461,-6.002703616426208],[107.09158126159109,-6.005303229991041],[107.09319102428,-6.009173766668815],[107.09312414965041,-6.0136551927385264],[107.0952377394503,-6.0146717995988555],[107.10028993533022,-6.0146540113758356],[107.10166334343114,-6.0168166466415505],[107.09663347059576,-6.020129744198973],[107.0936814988854,-6.025003548891085],[107.094292385418,-6.027737011971684],[107.09609386984164,-6.027933225697559],[107.0985552955316,-6.025128451024196],[107.10132445213434,-6.026087099153711],[107.1051325001813,-6.028780449103468],[107.11132176596718,-6.028900794527489],[107.11249450682038,-6.032031119975536],[107.11329715843306,-6.038844620040266],[107.11583880102557,-6.0396606234642745],[107.11669049795297,-6.0395447037840615],[107.12042280295215,-6.045403920012836],[107.12168022786294,-6.0470850760159065],[107.12396325952959,-6.046790725930894],[107.1265316959584,-6.0461084701264305],[107.12782484832462,-6.0473927294426755],[107.12442702550993,-6.050621143757267],[107.12521186920878,-6.053216312805927],[107.1273745067319,-6.054674423951816],[107.13221707495428,-6.052498415448593],[107.13508424338382,-6.049608876262863],[107.13616335028131,-6.04963563540571],[107.13722019641536,-6.0527480752401335],[107.13699276317051,-6.05499546012546],[107.13540533374814,-6.05581148721635],[107.13271204601953,-6.055735656624121],[107.13033978177371,-6.061528053287572],[107.13352359883923,-6.063583725762653],[107.135735348741,-6.062852432557274],[107.13892356372575,-6.05729637198786],[107.14054220646061,-6.057171488094742],[107.14101492862183,-6.057916224895896],[107.14041293820405,-6.063614919686066],[107.1435922902414,-6.071306851586676],[107.1515651478588,-6.0728318575331155],[107.15432084870572,-6.070932281786571],[107.15682244415011,-6.067926913313496],[107.15963608236075,-6.067672725085182],[107.17330770732842,-6.07733113646088],[107.17605454807627,-6.0814825693564245],[107.1788726456534,-6.081201659626038],[107.18325596673864,-6.076662291312469],[107.18568618006283,-6.076559734247448],[107.18806286077402,-6.079007759717951],[107.18798703384445,-6.082543836975632],[107.18704176883462,-6.08632511697622],[107.18912416976197,-6.089254743012552],[107.20255939864107,-6.09354441040512],[107.21173174499104,-6.099680117298833],[107.22163539136984,-6.103862805349346],[107.22979114566783,-6.102649872947053],[107.23748751623732,-6.104366672058931],[107.24442144328333,-6.100652235855952],[107.24679363967526,-6.10109370582347],[107.24815371276412,-6.103693316382151],[107.24830531344155,-6.112205742091542],[107.2479931838906,-6.115652670646019],[107.25061955751018,-6.116352704236626],[107.26383193049583,-6.110908151688912],[107.26703804187294,-6.112575846172292],[107.26938790559132,-6.115563493257164],[107.27018169083541,-6.125756975555943],[107.27063202370591,-6.129685408724515],[107.27282146656073,-6.13053263347571],[107.27861828384066,-6.126862783344607],[107.28119122261441,-6.127598548851593],[107.28089691084915,-6.130425636182995],[107.27947442389231,-6.133368678815675],[107.28086119298759,-6.134541425358395],[107.28342522524623,-6.135370756597154],[107.28380423558241,-6.13782325964246],[107.28132498440443,-6.143423879770467],[107.28136512197504,-6.146772705972163],[107.28311305176585,-6.148449301964942],[107.28576622304804,-6.148703470097661],[107.28682749942263,-6.147254305599914],[107.28836142423978,-6.1427059995417554],[107.29104577013361,-6.140503224686195],[107.29265557964014,-6.141430720277436],[107.28917745874604,-6.149902952524146],[107.28881178981078,-6.155722115293652],[107.28740720752855,-6.1567566335534245],[107.28120457173118,-6.157327423632588],[107.27854251937534,-6.161117598924149],[107.27937187093151,-6.171083742522449],[107.28317997826372,-6.17368785071678],[107.28597133424607,-6.175324333717049],[107.28680964006863,-6.179435589404314],[107.28620323457574,-6.1838902655687065],[107.29153627971984,-6.188469746096505],[107.29222297671022,-6.192656858072188],[107.29043493459996,-6.198837151565944],[107.29152734987511,-6.201432393512849],[107.2927848374992,-6.2017444724939965],[107.2943054489047,-6.206043051136083],[107.29269562882314,-6.215197585107593],[107.2902922381493,-6.217360294616626],[107.27748118790117,-6.215375951247585],[107.27247809932149,-6.216334658967341],[107.2722997866544,-6.219028002072033],[107.27560395816795,-6.222849421636767],[107.28071408235391,-6.223442460346701],[107.28364368377555,-6.225489237430294],[107.2828009688717,-6.228280625697327],[107.27387826855947,-6.233613694067779],[107.27023959459584,-6.23149560932166],[107.26933893108156,-6.231651716922079],[107.26998994109533,-6.233965955842342],[107.2747566704111,-6.241934390384985],[107.277824562009,-6.254187958244397],[107.27340556174497,-6.258366131135689],[107.27628168220589,-6.264051494324882],[107.27587147584808,-6.267453778703003],[107.2660882356518,-6.274418961491136],[107.26555755069977,-6.278935977065438],[107.26661883154077,-6.279377469093933],[107.26659213486532,-6.284884474794663],[107.24810916148208,-6.293780328517279],[107.2473733450056,-6.296121399534589],[107.2475205261635,-6.298774527512818],[107.24494315500029,-6.299608428976802],[107.24201355725816,-6.296674276578083],[107.23644854410311,-6.296674310327735],[107.23594019694238,-6.297534916407043],[107.23779079483704,-6.301936031890713],[107.23937816631063,-6.3043350664741356],[107.23721111188962,-6.3071799683562295],[107.23525798352516,-6.306644831039558],[107.23536051832332,-6.301860211918352],[107.23367947603381,-6.298975171524572],[107.23313993250423,-6.299006433940739],[107.22417266222492,-6.3077908639058],[107.22496188438798,-6.313703586953448],[107.22372232337692,-6.316481628125126],[107.22214379931448,-6.316780404579756],[107.22091750814906,-6.313774928130628],[107.21930780170841,-6.313222046145148],[107.21739927030877,-6.3151483333870395],[107.21813057920238,-6.321877117128994],[107.21472383442048,-6.329957052072483],[107.21578065968927,-6.331120853078937],[107.21869687167178,-6.331129779290713],[107.22261640863147,-6.334830830412648],[107.22574669041582,-6.342469281174967],[107.22643338646182,-6.349657362876365],[107.22232658476068,-6.351913642781195],[107.21516531992052,-6.349697438545119],[107.21307395167238,-6.355708314951171],[107.2137383399213,-6.359043730800247],[107.21430913092993,-6.359587779832866],[107.21249423651597,-6.363378017684672],[107.20745999659955,-6.362321163984827],[107.20494057084714,-6.370824712917516],[107.20506094653102,-6.376278210239317],[107.2091543860113,-6.379484232417103],[107.21417982365675,-6.37931927391498],[107.219071455016,-6.380639200417009],[107.2214883157655,-6.385312297894329],[107.22011486289406,-6.395077759224306],[107.22055635804006,-6.398025214252565],[107.22214379931448,-6.400954832562504],[107.22141247853224,-6.408062631394799],[107.21726996141547,-6.407697030819261],[107.21261470606449,-6.409583216917538],[107.21188341352881,-6.4143499824106085],[107.20655920042049,-6.414662110234263],[107.20195743676486,-6.4139486405774155],[107.20391940870716,-6.420182473454675],[107.20184148082679,-6.422354083087891],[107.19656193688856,-6.422327330755126],[107.19666896390123,-6.423914775374863],[107.19828753901051,-6.425069639565712],[107.20371427510209,-6.426081901068145],[107.2067197024012,-6.434567517417598],[107.20595722875568,-6.435642180125867],[107.20357604670778,-6.435896354063502],[107.20516355895823,-6.4392273143851355],[107.21057241252836,-6.446723034026154],[107.21170947262742,-6.449282570282249],[107.2112635749211,-6.452270178763269],[107.20881552523022,-6.451137553294378],[107.20788352523168,-6.449282590522498],[107.20545336265252,-6.450883368482976],[107.2055737385873,-6.452194400142358],[107.21233373077187,-6.454749418531925],[107.21665019943893,-6.460568522703612],[107.21678843517046,-6.4615629662335206],[107.21467036206778,-6.464626371670726],[107.20856584338308,-6.468198097915468],[107.20213137077451,-6.461772555304665],[107.19965203379435,-6.460537319412841],[107.19575477258051,-6.460938696110339],[107.18931585684683,-6.464439050383406],[107.18915536623875,-6.469745425445468],[107.18506631739425,-6.471497783983995],[107.18226600028107,-6.472162231965712],[107.18088375053632,-6.47792340147914],[107.17829742906122,-6.479724888045412],[107.1755907736702,-6.478904409855505],[107.17148392022958,-6.480518592382137],[107.17168460917057,-6.482030221099411],[107.17349947217937,-6.483555256166702]]]},"id":"000100000000000013f5","properties":{"gaulAdmin1Code":73613,"gaulAdmin2Code":18014,"province":"Jawa Barat","region":"Karawang","regionId":"gaul2-18014"}},{"type":"Feature","geometry":{"type":"Polygon","coordinates":[[[120.37400368612727,-4.203014866299508],[120.37542171696583,-4.1873901599209145],[120.37457888626403,-4.154700490564913],[120.37270164875447,-4.150121017158855],[120.36603971670382,-4.148810038400538],[120.3585306377673,-4.144649676189532],[120.35214964678863,-4.136997910473074],[120.34641078900411,-4.136141721650027],[120.34409205612137,-4.134331319321114],[120.34167967853955,-4.123990723950242],[120.33702880657057,-4.117828210648599],[120.33244938384729,-4.11834099359135],[120.32964905780263,-4.113770429937349],[120.33063893140967,-4.100170187740391],[120.33219961012242,-4.096709902215633],[120.33990049725065,-4.08948172347261],[120.34328051624803,-4.0839078507646365],[120.34296839094787,-4.077468903445729],[120.35382178328476,-4.064912092367936],[120.35215853136258,-4.059641406637161],[120.35506146742664,-4.0531579009294525],[120.35409825683098,-4.049251729522554],[120.35086093731123,-4.046750145763231],[120.35218975931562,-4.042598691909459],[120.35074948313415,-4.0375510258933405],[120.35680050629608,-4.0257299352663365],[120.3467898510143,-4.01204048458079],[120.34649999051406,-4.006511247746835],[120.3421211270958,-4.005409786164109],[120.34048913235783,-4.00244005517413],[120.34543871730526,-3.9943200009575075],[120.34711085207154,-3.980951638196348],[120.34541197423465,-3.9729118682583877],[120.34093947028889,-3.963061726496781],[120.3362484544692,-3.957099943557295],[120.33293986801885,-3.9442710622949897],[120.33664980412682,-3.929029862951592],[120.33636889468697,-3.9248918222750873],[120.35403140359337,-3.8673604814534452],[120.35375044369019,-3.8636817479301278],[120.35848155509306,-3.856712190790961],[120.36551804457606,-3.8511115165392567],[120.38256959471711,-3.8174319467666558],[120.4036611604894,-3.7845906562082],[120.41793924789127,-3.7712980845470985],[120.43191404314544,-3.7537693957922826],[120.43462073462186,-3.7485388671317694],[120.43767970491325,-3.736757905662034],[120.43781789618355,-3.729159601123624],[120.43520041230003,-3.720901343363663],[120.4349105737869,-3.7110779138614163],[120.43309126619978,-3.707778175778232],[120.42865000831168,-3.7068417656904193],[120.43331869204155,-3.697210118465545],[120.43098208558446,-3.6926306197372814],[120.41224937468039,-3.6774206082557597],[120.40985936678958,-3.6700809449965317],[120.4109607349054,-3.6659205865077444],[120.40779922224262,-3.6581350488249633],[120.39758339230262,-3.6579744727017474],[120.37257235900215,-3.651441922669525],[120.36149588300697,-3.6493773677145613],[120.35661323307096,-3.647682860511656],[120.35436135917308,-3.6491855998274163],[120.3425358304944,-3.6516202770105988],[120.33746138531077,-3.651241286892164],[120.33202576240062,-3.6476739877205677],[120.32513641997748,-3.6463674389058163],[120.32674617120036,-3.649872286896832],[120.33460310150237,-3.6580102038843294],[120.33901758359023,-3.6653721332997407],[120.33825061567173,-3.67687219769017],[120.33642687134815,-3.6782054456662445],[120.32666584248084,-3.6785131170258656],[120.32028047492041,-3.6830703017795843],[120.31119728762333,-3.689237274776465],[120.30593110978315,-3.6979636971218137],[120.29411888067126,-3.71902850136556],[120.28976237477217,-3.7210574261875076],[120.2728044001355,-3.7217530235557787],[120.26894283952399,-3.722800924081786],[120.2651525533741,-3.722591312068836],[120.2492291648716,-3.716972869621817],[120.23425104480174,-3.719140015221142],[120.21537559957846,-3.719759775957927],[120.21232559124228,-3.719269331812605],[120.21022094231178,-3.7288028739134194],[120.21022094231178,-3.7357457114700923],[120.20025035137355,-3.753666775564172],[120.19722711987714,-3.7632984802887743],[120.19589831347061,-3.7655413806880076],[120.19128314410173,-3.7699202336112916],[120.15492362650083,-3.7611714580026923],[120.1481101260975,-3.7717573939857485],[120.14436448179893,-3.7797837386400945],[120.14036462994991,-3.7862985143935104],[120.13580295369411,-3.789665138693431],[120.13039408182411,-3.806467046736051],[120.1236207436903,-3.816865655255869],[120.12551140560176,-3.8217751318384376],[120.12824927558324,-3.8271082284154],[120.1290117382794,-3.837105482466179],[120.12684021050494,-3.8415913664775645],[120.12361184369914,-3.8438342971837587],[120.1144885123072,-3.8463492476506307],[120.11112184040103,-3.8464205391355946],[120.10620796711419,-3.8434731306848553],[120.09519837857232,-3.8459880051504904],[120.08756889653932,-3.8491405904410385],[120.06631677402319,-3.8508083316360477],[120.06296352719963,-3.851646662587641],[120.05966829475668,-3.857010954684764],[120.05678769935538,-3.8624778045480834],[120.05068317956825,-3.8647876344308645],[120.04865427359275,-3.8663304557104676],[120.04675476953571,-3.8704640076840193],[120.04714271349744,-3.88342662961507],[120.034675046963,-3.9133694897500857],[120.03343985643711,-3.91754324047195],[120.0242452327286,-3.924124866644997],[120.02200225630871,-3.927491485507781],[120.02038360405294,-3.93232512541759],[120.01849296194081,-3.9344298594092773],[120.0079961945168,-3.9328245689310557],[119.98768056755839,-3.936931420673618],[119.97506574889607,-3.935937030842761],[119.94560894641918,-3.9305995099594733],[119.93233422946423,-3.928855944514899],[119.92584173143754,-3.9309873949679615],[119.91864026026396,-3.936775348290114],[119.91599160359398,-3.9420504668874856],[119.90726511246596,-3.9509552941581774],[119.9035418252304,-3.9584064115030175],[119.9004070717421,-3.9624553265454066],[119.89983185311574,-3.9677259477723545],[119.9023200071779,-3.970829514322569],[119.9023200071779,-3.9776697384913855],[119.9041839306938,-3.984505543244861],[119.9041839306938,-3.991345798040561],[119.90293978794763,-3.9994256859345567],[119.90045164512712,-4.005641669453698],[119.90045164512712,-4.012477468462326],[119.9029397879476,-4.01372156608896],[119.90356406728438,-4.020557401671551],[119.90293978794763,-4.029881350735556],[119.9041839306938,-4.044801540595465],[119.90169572217876,-4.048529352247991],[119.89609512407586,-4.049149147543094],[119.89049447399582,-4.046665419830334],[119.8886796201835,-4.043633212712448],[119.88847447663935,-4.046598550670853],[119.89779848846075,-4.060577841583535],[119.90335003149652,-4.063890931848391],[119.90727852794416,-4.0686934099388665],[119.91093499113713,-4.061969055982035],[119.91397162867386,-4.061371557823912],[119.91672737611533,-4.0626869697368555],[119.92496331045209,-4.062000236518058],[119.93609767746922,-4.066356776787377],[119.93702517689185,-4.067953134047199],[119.9368646672626,-4.070307547944021],[119.94196143974122,-4.071087916037124],[119.94516750606016,-4.069799211511019],[119.95492403719223,-4.070891722362062],[119.95744339189399,-4.0719485075065265],[119.95990932345593,-4.074762200498474],[119.96620108450075,-4.074093328112269],[119.96790886861601,-4.072657500592281],[119.96790445758846,-4.071970804190572],[119.96630809732821,-4.072256196771191],[119.95270338437801,-4.066606523859671],[119.95229311240739,-4.065005678923501],[119.95417038332164,-4.0630481889691605],[119.95157526583485,-4.059846528276093],[119.94768686456344,-4.060448528184707],[119.94613509063821,-4.059592342512835],[119.94236715445597,-4.05274315648778],[119.94314752099538,-4.048899461660515],[119.94937688131435,-4.047361064174545],[119.96016791283458,-4.061866489316811],[119.9625089581019,-4.06133138086162],[119.96450660059458,-4.060234448639762],[119.97121312918259,-4.061344764591852],[119.97342483488758,-4.058642596370608],[119.97416056244953,-4.055882415738327],[119.98149133199081,-4.056881222820131],[119.98333741469533,-4.058700538466417],[119.99762879858915,-4.0560339712529645],[120.00345683556232,-4.053550270571196],[120.00867405577355,-4.0505448141446125],[120.01934017817452,-4.053050830668066],[120.021230808443,-4.056386255758823],[120.01979054900318,-4.064359147613962],[120.02242140074881,-4.070227339963421],[120.02276479310042,-4.072577243226097],[120.02173029233711,-4.079408631396712],[120.02343808296853,-4.090034660890672],[120.02170348392639,-4.095434594605469],[120.01804258679148,-4.094979786920312],[120.01730233505069,-4.0894638878224185],[120.0155276192423,-4.0891784781961125],[120.01431923999058,-4.092678899530387],[120.01660229340206,-4.101690737702984],[120.01528236375114,-4.102618241609497],[120.01281655568891,-4.1028456313284165],[120.01280756016952,-4.106684892010244],[120.01395360216299,-4.112258825679243],[120.01372615835606,-4.1135787132472785],[120.00696616699477,-4.119090154642972],[120.00157953965136,-4.127254723362636],[119.99481065114631,-4.125863520377641],[119.98942407011405,-4.124396502887902],[119.98816659121394,-4.125323953009274],[119.98863929385878,-4.126866797807516],[119.99397236645068,-4.128333885801903],[119.99685738825609,-4.132837514488501],[119.99538591043702,-4.135026991502331],[119.99275947293276,-4.136997868379311],[119.99271933991707,-4.139057996826404],[119.99502471986104,-4.142134801617258],[119.99395895949849,-4.144890486445655],[119.97647931326001,-4.161036902231173],[119.97718829529363,-4.165562879926684],[119.97520398315389,-4.1682071127619205],[119.97274706219757,-4.169995247315957],[119.97175708279367,-4.175279263221749],[119.96374408918918,-4.176019463560269],[119.96131836935315,-4.1733841651631645],[119.96081451647112,-4.175511158018749],[119.95306459915119,-4.174070821897691],[119.95291293141356,-4.168327508568053],[119.95010373913223,-4.1677210951440005],[119.94945717291209,-4.174253704968075],[119.94557771122984,-4.176509998238987],[119.94580959263438,-4.179800797785562],[119.94918956348003,-4.18315853369733],[119.94930108953203,-4.187269760002426],[119.94377179336738,-4.2022166892383686],[119.9372392482644,-4.206140738203799],[119.93619580157628,-4.208900903002475],[119.93720351089866,-4.215638625059115],[119.93876871051376,-4.220637273639102],[119.93768962651166,-4.238143672496454],[119.93544663282283,-4.240194866357379],[119.93420259770724,-4.24687461410277],[119.93572309333699,-4.252595650370969],[119.93855464153849,-4.258352296049395],[119.94504706485877,-4.265348659058122],[119.94710716828962,-4.272028402297786],[119.95018844190342,-4.278195330747385],[119.96921540868406,-4.287447977312285],[119.98001095454329,-4.290529180509098],[119.98720345117397,-4.291559261938079],[119.99389651130892,-4.2905291863714305],[120.00000103867656,-4.288281813674685],[120.02445034835326,-4.285472598749933],[120.03889337371338,-4.285303137644514],[120.04400791801486,-4.284879486237822],[120.06310175981116,-4.289187019538786],[120.06806922370288,-4.296486537793124],[120.07454830230779,-4.289155796782319],[120.07679119771358,-4.282253115321686],[120.077254951599,-4.276679228405948],[120.07642555295871,-4.2619641654641125],[120.07711673353947,-4.25461111789791],[120.08247213857429,-4.249055106842611],[120.09049404829815,-4.244404281657001],[120.09427090507971,-4.243530267260353],[120.10116021496165,-4.243775534145133],[120.10517340274029,-4.240226053243747],[120.11009180852162,-4.231325744913065],[120.11344061688965,-4.22710297045362],[120.11612497876087,-4.221983907630133],[120.11791308406922,-4.221100975008647],[120.13475064368545,-4.221265962967995],[120.13948619361814,-4.2185593401553145],[120.1465761638358,-4.221430942562931],[120.15457132198095,-4.222572490529931],[120.16145170717263,-4.2252747325315765],[120.17412003691302,-4.223758616779892],[120.1936509023093,-4.232525189749663],[120.19986690291385,-4.233885215196821],[120.2187511676953,-4.234625478592607],[120.22302303005351,-4.234148293774383],[120.22543539042393,-4.233118244224459],[120.22756233772502,-4.233216346815073],[120.23311393481805,-4.23591858025189],[120.23754187300511,-4.248515578164638],[120.23963763441294,-4.259248634698129],[120.24291063218878,-4.266574890822306],[120.2557304987837,-4.269549132852409],[120.27159148571482,-4.263948479770952],[120.27635831569224,-4.261527208713192],[120.28181623208006,-4.257157294557736],[120.29952334452035,-4.249220072568846],[120.32910946750583,-4.230340273409275],[120.33749261678922,-4.222469933371047],[120.36649902568429,-4.205989127970496],[120.37400368612727,-4.203014866299508]]]},"id":"0001000000000000141b","properties":{"gaulAdmin1Code":73620,"gaulAdmin2Code":18188,"province":"Sulawesi Selatan","region":"Wajo","regionId":"gaul2-18188"}},{"type":"Feature","geometry":{"type":"MultiPolygon","coordinates":[[[[119.32050985512835,-5.057409856811154],[119.32303821293347,-5.057998486472659],[119.32516958958816,-5.053860408269095],[119.32417081525774,-5.050413503222515],[119.32050985512835,-5.057409856811154]]],[[[119.5157159028742,-5.170514935271177],[119.51911821851125,-5.167808304120459],[119.51858312160351,-5.165877455200016],[119.511894507849,-5.162252272973781],[119.50727039217884,-5.161338116739128],[119.50114359087029,-5.1590327631270005],[119.49575256216922,-5.152888105513194],[119.49651505833522,-5.151421114683873],[119.50173221554888,-5.1469441315477455],[119.5118275953591,-5.147131439554511],[119.5151585781666,-5.149686489187775],[119.5163936818629,-5.1512917883376454],[119.51798111307653,-5.151354224056296],[119.5200947696607,-5.149962987766507],[119.52161976571773,-5.14692181902072],[119.52141470509179,-5.1445094976667285],[119.5298022159035,-5.1327552664857805],[119.53207189441275,-5.132104275616922],[119.53832356827566,-5.122695557387148],[119.53798021778702,-5.120140495790882],[119.53720882659206,-5.117857411283278],[119.5443433953232,-5.108952589670753],[119.54430322150509,-5.102402159504737],[119.5507733617813,-5.089631286362195],[119.54940892270025,-5.0864475004589105],[119.54582380151713,-5.084744129759274],[119.53949183870621,-5.084400806191831],[119.53577293238558,-5.08073538659675],[119.53016788727915,-5.068847479832809],[119.52743444466732,-5.064789675850453],[119.51551977297078,-5.063822019100037],[119.51422660110744,-5.065917841784446],[119.51392337536119,-5.0683391316465505],[119.50976745432668,-5.069177397727354],[119.50143338924553,-5.069480665908994],[119.48675411261961,-5.065083975563253],[119.48612984003292,-5.063567884146213],[119.48152357746476,-5.0600675031741975],[119.47037580217389,-5.05848897253979],[119.470991112365,-5.065971302860078],[119.46283994363776,-5.072441474258768],[119.45543783597195,-5.088628053817829],[119.443790666809,-5.093118367130038],[119.4406915514774,-5.111748430229244],[119.43482786351981,-5.115409412869061],[119.43571076147157,-5.109318259257855],[119.43340981369133,-5.10888125221636],[119.42314946192528,-5.11428126007798],[119.41609960067741,-5.120341167837534],[119.4140217125076,-5.118521819117931],[119.41281770885034,-5.1139289890706765],[119.40987027585226,-5.116261098618079],[119.40414033391701,-5.117242086437678],[119.40027870514704,-5.121420222154903],[119.39771916942908,-5.139180859482828],[119.40161195604999,-5.159848776091176],[119.40006018618239,-5.164932131555917],[119.39433030206231,-5.165449416485528],[119.3906604610571,-5.1709207015940954],[119.38764162466875,-5.170251879026857],[119.38659818537442,-5.171799154588897],[119.38325831461493,-5.173698770636631],[119.3811714546486,-5.176797848375238],[119.38367750792513,-5.1906611444070805],[119.38280793737036,-5.200738757574496],[119.38023950264922,-5.200118916643892],[119.37928079070372,-5.206575716500413],[119.38446229622954,-5.208207707677911],[119.38514006858607,-5.213366946957704],[119.38819899661114,-5.217108124237149],[119.38956353904294,-5.222842524767758],[119.39981943406235,-5.233036025593937],[119.4010768679096,-5.2333481349760085],[119.40194641835765,-5.226797748333638],[119.40566088255144,-5.221696496402446],[119.40785031366009,-5.213750390558666],[119.41110990905834,-5.209634624977035],[119.41028044716577,-5.204007288109783],[119.40970526815107,-5.202950487914541],[119.40163427718124,-5.198562732531861],[119.39748284237133,-5.199137913033809],[119.39994875644251,-5.187379281744693],[119.41135958812106,-5.18803921025333],[119.41386556635358,-5.193354500724986],[119.41737487315187,-5.1961235549826705],[119.42275261129934,-5.195254032542953],[119.43272314423785,-5.189965531876371],[119.44158787364665,-5.187700303119409],[119.44585520161787,-5.188186350999509],[119.45068440708877,-5.190322258139942],[119.45967837148746,-5.192917478367571],[119.46245639375427,-5.1852968636536385],[119.463272454234,-5.178171240739469],[119.47998071712004,-5.185559936028017],[119.48930915818231,-5.189363552997847],[119.49934211887447,-5.1906924162823636],[119.5079436968731,-5.195258533995656],[119.51143072222682,-5.19678795621609],[119.5151229100199,-5.194785821886172],[119.51568474868357,-5.1836470166534525],[119.51264806778993,-5.181417488094587],[119.51116315972735,-5.177448868583899],[119.5157159028742,-5.170514935271177]]]]},"id":"0001000000000000141c","properties":{"gaulAdmin1Code":73620,"gaulAdmin2Code":73735,"province":"Sulawesi Selatan","region":"Kota Makasar","regionId":"gaul2-73735"}}],"metadata":{"source":"FAO/GAUL/2015/level2","country":"Indonesia","simplificationToleranceMeters":100,"purpose":"Reproducible OSM query boundaries; not a predictive feature."}}