segmentId,osmWayIds,geometryReference,staticSusceptibility,existingRiskLevel,Q1,Q2,Q3,Q4
osm-29938988-6552109327-0,18056345,app/data/roads/jakarta-2025-03-04-road-features.geojson#feature-0,0.0441,low,0.05479332052825925,0.08454295678252452,0.10843856673193332,0.12140642713956944
osm-29939141-8500012435-0,37018609,app/data/roads/jakarta-2025-03-04-road-features.geojson#feature-1,0.1324,low,0.16090025765323984,0.23399780779553675,0.28689750191510294,0.3136977447402242
osm-29939142-2032872437-0,37018609,app/data/roads/jakarta-2025-03-04-road-features.geojson#feature-2,0.1287,low,0.15654751101649805,0.22820539435647905,0.2802747339314101,0.3067224176336914
osm-29939143-5674017477-0,37018609,app/data/roads/jakarta-2025-03-04-road-features.geojson#feature-3,0.0346,low,0.043093618746762756,0.06694086326785308,0.08633050778045916,0.09694200038390578
osm-29939144-9013899871-0,37018609,app/data/roads/jakarta-2025-03-04-road-features.geojson#feature-4,0.0454,low,0.05638994768378033,0.0869267379849126,0.11141411166921647,0.12468804398129515
osm-29939146-1173954328-0,37018609,app/data/roads/jakarta-2025-03-04-road-features.geojson#feature-5,0.0498,low,0.06178611423420122,0.09495103977456021,0.12139832896439048,0.13568015470525305
osm-29939148-1173954346-0,557206897,app/data/roads/jakarta-2025-03-04-road-features.geojson#feature-6,0.0504,low,0.06252102332902307,0.09604004538764027,0.12274952239098164,0.13716549183582352
osm-29939154-7120383659-0,762101021,app/data/roads/jakarta-2025-03-04-road-features.geojson#feature-7,0.062,low,0.07668549404715348,0.11685188720134852,0.1483991183172565,0.1652599543742054
osm-29939156-318538221-0,35344189|1498249125,app/data/roads/jakarta-2025-03-04-road-features.geojson#feature-8,0.061,low,0.07546768826392426,0.11507571707372069,0.14622281921960276,0.16288368235421077
osm-29939156-2363808979-0,754106243,app/data/roads/jakarta-2025-03-04-road-features.geojson#feature-9,0.1093,low,0.1335934449560089,0.19720091033522594,0.2444364957181777,0.26876522479054815
osm-29939211-7120318185-0,1098671482|1497744549,app/data/roads/jakarta-2025-03-04-road-features.geojson#feature-10,0.032,low,0.03988173670001902,0.06206686828493824,0.0801660394316529,0.09009453028208536
osm-95006360-5492419263-0,749966273|98454566,app/data/roads/jakarta-2025-03-04-road-features.geojson#feature-11,0.3522,medium,0.4058797993777167,0.5211491335164663,0.5890453177031163,0.619548460651995
osm-95006366-5492419187-0,1317133074,app/data/roads/jakarta-2025-03-04-road-features.geojson#feature-12,0.448,medium,0.5049006918324459,0.6189927218228386,0.6814944422296161,0.7085309902067392
osm-95010735-1133343805-0,1288928356|1104818772,app/data/roads/jakarta-2025-03-04-road-features.geojson#feature-13,0.1019,low,0.12477910722782411,0.18508635815495852,0.23025241329216284,0.25364332492661684
osm-95010751-13798957263-0,687317713,app/data/roads/jakarta-2025-03-04-road-features.geojson#feature-14,0.099,low,0.12131593854381821,0.18029419668687252,0.22461315950643326,0.24761547662829334
osm-95022384-95022385-0,1134447887,app/data/roads/jakarta-2025-03-04-road-features.geojson#feature-15,0.0928,low,0.1138950401856903,0.16996343301392167,0.21240096177877751,0.23453092365661765
osm-95022385-4152867689-0,751673453,app/data/roads/jakarta-2025-03-04-road-features.geojson#feature-16,0.0993,low,0.12167443039299916,0.18079111190903005,0.22519866564710767,0.24824174703117233
osm-95022385-5652800252-0,493592694,app/data/roads/jakarta-2025-03-04-road-features.geojson#feature-17,0.0857,low,0.10536854346377292,0.1579878824468727,0.19814909495602062,0.21920744275008455
osm-103363767-1757800816-0,688089186,app/data/roads/jakarta-2025-03-04-road-features.geojson#feature-18,0.11,low,0.13442554864933093,0.19833850569199848,0.24576316190598857,0.2701767175688204
osm-104356356-13456652649-0,560008548,app/data/roads/jakarta-2025-03-04-road-features.geojson#feature-19,0.0898,low,0.11029599911187873,0.1649224089372925,0.20641427171080726,0.22810113103664562
osm-104356359-9491482902-0,560008548,app/data/roads/jakarta-2025-03-04-road-features.geojson#feature-20,0.1306,low,0.15878370390771446,0.23118461992866454,0.28368386814312097,0.3103145472788209
osm-104363249-4886801320-0,497048630|755135606,app/data/roads/jakarta-2025-03-04-road-features.geojson#feature-21,0.1227,low,0.1494719746150099,0.21873100850356503,0.26939314627052463,0.29523521483009024
osm-104364332-6359768001-0,530465210,app/data/roads/jakarta-2025-03-04-road-features.geojson#feature-22,0.1047,low,0.12811809479063943,0.18968936069094766,0.23565385301891703,0.2594085648527102
osm-104364332-6359768003-0,679178011,app/data/roads/jakarta-2025-03-04-road-features.geojson#feature-23,0.0688,low,0.0849502905209012,0.12884155466210082,0.16302817806218028,0.1811974857216796
osm-104364334-318097259-0,1502540546|761801757|28706686,app/data/roads/jakarta-2025-03-04-road-features.geojson#feature-24,0.0632,low,0.0781460493825936,0.11897887367435359,0.15100215676089307,0.16810036570462822
osm-104364335-13623841217-0,1116757145|1502544631,app/data/roads/jakarta-2025-03-04-road-features.geojson#feature-25,0.0706,low,0.08713329002412466,0.13198975388212816,0.16685172453826877,0.1853527929435785
osm-104366006-8796979647-0,696175331,app/data/roads/jakarta-2025-03-04-road-features.geojson#feature-26,0.146,low,0.17683110022885898,0.2549669366197299,0.3106844060718003,0.3386514396793846
osm-104366013-191505885-0,762042490,app/data/roads/jakarta-2025-03-04-road-features.geojson#feature-27,0.0543,low,0.06729249369921762,0.10308831840984169,0.1314728839773859,0.14674197235493014
osm-104367576-13720920968-0,779815862,app/data/roads/jakarta-2025-03-04-road-features.geojson#feature-28,0.0935,low,0.11473403800818464,0.17113568558000433,0.21379052083826977,0.23602187439097838
osm-104367971-5006647254-0,1179916176|724007426|560887461|1156825607,app/data/roads/jakarta-2025-03-04-road-features.geojson#feature-29,0.0475,low,0.05896689210820756,0.09076494162570482,0.11619594734795087,0.1299562694251535
osm-104369586-8992056526-0,28216524,app/data/roads/jakarta-2025-03-04-road-features.geojson#feature-30,0.2021,low,0.24142872954678876,0.3364419313158996,0.40039545096553597,0.4313842371630372
osm-104379008-9619896326-0,11671655,app/data/roads/jakarta-2025-03-04-road-features.geojson#feature-31,0.0924,low,0.11341548070210797,0.16929289879545534,0.2116056864863655,0.2336773730194469
osm-104379010-13016877290-0,11671655,app/data/roads/jakarta-2025-03-04-road-features.geojson#feature-32,0.1128,low,0.1377510589730826,0.20287455246139394,0.2510441696564276,0.27579050480428663
osm-104379014-4780597176-0,691253235,app/data/roads/jakarta-2025-03-04-road-features.geojson#feature-33,0.0561,low,0.06949153628431876,0.10632378072930547,0.13546465510308384,0.15111668006520346
osm-104379022-2872136862-0,28765421,app/data/roads/jakarta-2025-03-04-road-features.geojson#feature-34,0.0471,low,0.058476257058703636,0.09003504416169213,0.115287473955642,0.12895590916821534
osm-104379024-5379957272-0,28765421,app/data/roads/jakarta-2025-03-04-road-features.geojson#feature-35,0.0864,low,0.10621053424330966,0.1591755372892091,0.1995671012241421,0.22073466337733616
osm-124093320-315207989-0,750300907,app/data/roads/jakarta-2025-03-04-road-features.geojson#feature-36,0.0885,low,0.10873473245721062,0.16272932176554267,0.20380409443648612,0.2252945707150905
osm-186669834-13699094545-0,719606918,app/data/roads/jakarta-2025-03-04-road-features.geojson#feature-37,0.1147,low,0.14000501222017486,0.20593958548424,0.25460450528382705,0.27957079081768943
osm-186849138-1663918523-0,630154039,app/data/roads/jakarta-2025-03-04-road-features.geojson#feature-38,0.0851,low,0.10464660153735379,0.1569686709983029,0.19693139148543645,0.21789549395627386
osm-186871952-5671317482-0,343915036,app/data/roads/jakarta-2025-03-04-road-features.geojson#feature-39,0.0719,low,0.08870866966929253,0.13425686680858884,0.16960064126233093,0.18833761491535325
osm-186871954-7249176145-0,343915036,app/data/roads/jakarta-2025-03-04-road-features.geojson#feature-40,0.1813,low,0.21768534389415714,0.3071377742780959,0.36861534134199714,0.39878032714459904
osm-186894208-104364334-0,1319726964|1319726965|493578199,app/data/roads/jakarta-2025-03-04-road-features.geojson#feature-41,0.0386,low,0.04802669139947246,0.07439158557785228,0.09571796504764109,0.1073477662036675
osm-191505875-7595258503-0,1249398770|762052107|28705634|1267260703,app/data/roads/jakarta-2025-03-04-road-features.geojson#feature-42,0.0669,low,0.08264386299524272,0.12550691193089222,0.1589701874390292,0.17678276132343745
osm-191505885-13717294231-0,762042490,app/data/roads/jakarta-2025-03-04-road-features.geojson#feature-43,0.0534,low,0.06619222112012581,0.10146643384531676,0.12946888882793278,0.1445439696428534
osm-191505992-5372018440-0,11670123,app/data/roads/jakarta-2025-03-04-road-features.geojson#feature-44,0.1109,low,0.1354949692765086,0.1997990183683013,0.24746509564679503,0.27198675025913477
osm-191506029-5009351128-0,766835780,app/data/roads/jakarta-2025-03-04-road-features.geojson#feature-45,0.094,low,0.11533314202600622,0.1719720889056911,0.21478137385060814,0.23708469209454353
osm-191578995-8992744188-0,18056345,app/data/roads/jakarta-2025-03-04-road-features.geojson#feature-46,0.059,low,0.07303023018415057,0.11151329675048924,0.1418507349406456,0.15810568734372235
osm-302230529-8789425687-0,119909339,app/data/roads/jakarta-2025-03-04-road-features.geojson#feature-47,0.0967,low,0.11856571222283473,0.17647546697294703,0.22010779005069253,0.24279319103249294
osm-302230530-7509918738-0,119909339,app/data/roads/jakarta-2025-03-04-road-features.geojson#feature-48,0.0797,low,0.09813932358600265,0.14774470985802904,0.18587687328243896,0.20596599708722185
osm-308981968-11925112167-0,28132208,app/data/roads/jakarta-2025-03-04-road-features.geojson#feature-49,0.0421,low,0.05233491381322656,0.0808639680542976,0.10383767851243798,0.11632712043296427
osm-308981969-8488635421-0,28132208,app/data/roads/jakarta-2025-03-04-road-features.geojson#feature-50,0.0465,low,0.05774011791219919,0.0889391500022121,0.11392269164695774,0.12745262907027807
osm-308981972-13456437803-0,392820646,app/data/roads/jakarta-2025-03-04-road-features.geojson#feature-51,0.0474,low,0.058844242672316076,0.09058251961277455,0.11596893246927699,0.1297063161218151
osm-309086906-3723634710-0,1229759881|1229759882|1316919527,app/data/roads/jakarta-2025-03-04-road-features.geojson#feature-52,0.1335,low,0.16219277676327196,0.23571257290008957,0.2888537405410693,0.3157558076664432
osm-309687605-5388328959-0,28194353,app/data/roads/jakarta-2025-03-04-road-features.geojson#feature-53,0.1089,low,0.13311782660047497,0.19655020998163159,0.2436772425671022,0.2679572032613043
osm-309712345-13102843717-0,562407886|1034697150,app/data/roads/jakarta-2025-03-04-road-features.geojson#feature-54,0.0782,low,0.09632860972058435,0.14516607456240474,0.1827754359918185,0.20261278494103724
osm-309714207-388240367-0,1252754501,app/data/roads/jakarta-2025-03-04-road-features.geojson#feature-55,0.3035,medium,0.3538112708411403,0.465888985623844,0.5346236982723916,0.566191395596023
osm-309716308-9465024317-0,28196652|1074109086|749708022,app/data/roads/jakarta-2025-03-04-road-features.geojson#feature-56,0.0891,low,0.10945544357424097,0.16374216746970774,0.20500999597812214,0.2265914423059965
osm-309824120-309716308-0,562407889|562407890|28190908|1220256374,app/data/roads/jakarta-2025-03-04-road-features.geojson#feature-57,0.116,low,0.14154596134797548,0.20803069055761306,0.2570298034955513,0.2821438919998898
osm-309824174-5671045991-0,514485761|514077530|518966610|757042426,app/data/roads/jakarta-2025-03-04-road-features.geojson#feature-58,0.1321,low,0.16054762998905203,0.23352956535219846,0.28636297728619153,0.3131352140397596
osm-309825163-3723599608-0,1220260101|1220260102,app/data/roads/jakarta-2025-03-04-road-features.geojson#feature-59,0.0699,low,0.08628458111538032,0.13076671500655707,0.16536719157035712,0.18373995263423817
osm-309880841-6797982811-0,28213170,app/data/roads/jakarta-2025-03-04-road-features.geojson#feature-60,0.0538,low,0.06668129302554841,0.10218761402091724,0.13036022310329864,0.1455217398183725
osm-309941624-8478023954-0,699354251,app/data/roads/jakarta-2025-03-04-road-features.geojson#feature-61,0.0282,low,0.035179795703533155,0.05489892079198715,0.07106623834891744,0.07996570298462727
osm-309941703-11919728419-0,1487710045,app/data/roads/jakarta-2025-03-04-road-features.geojson#feature-62,0.0728,low,0.08979871286365922,0.1358231825604157,0.1714976155693226,0.1903961100674387
osm-309950695-4867479520-0,1253507714,app/data/roads/jakarta-2025-03-04-road-features.geojson#feature-63,0.0549,low,0.06802573041320212,0.10416803473530194,0.13280587178136183,0.14820335496447973
osm-310003265-5379992807-0,28194353,app/data/roads/jakarta-2025-03-04-road-features.geojson#feature-64,0.1622,low,0.19566827005902407,0.27930343664154456,0.33792692039121025,0.3670404770946386
osm-310003828-352961150-0,1101788200,app/data/roads/jakarta-2025-03-04-road-features.geojson#feature-65,0.0061,low,0.007652889872715028,0.012136609262024664,0.015922916943136297,0.01805109546532671
osm-310005821-8811305451-0,1090935689|495447738,app/data/roads/jakarta-2025-03-04-road-features.geojson#feature-66,0.0416,low,0.051719922128919696,0.07994200959492676,0.10268305088575856,0.11505144525401258
osm-310008087-317756351-0,1108789789,app/data/roads/jakarta-2025-03-04-road-features.geojson#feature-67,0.0441,low,0.05479332052825925,0.08454295678252452,0.10843856673193332,0.12140642713956944
osm-310042746-5377177693-0,28779908,app/data/roads/jakarta-2025-03-04-road-features.geojson#feature-68,0.0133,low,0.01665509426448994,0.026273435552249143,0.03431685893387489,0.03880653363859735
osm-310047835-9645211400-0,560008548,app/data/roads/jakarta-2025-03-04-road-features.geojson#feature-69,0.0346,low,0.043093618746762756,0.06694086326785308,0.08633050778045916,0.09694200038390578
osm-310048098-309825163-0,749334208|749334209|514485762|1220260102|514077531,app/data/roads/jakarta-2025-03-04-road-features.geojson#feature-70,0.1283,low,0.15607646464345398,0.2275769084357902,0.27955478895401786,0.30596341675225863
osm-310048835-5023930574-0,1249941598|1220487710,app/data/roads/jakarta-2025-03-04-road-features.geojson#feature-71,0.1757,low,0.21125146803073855,0.2990707692523441,0.3597720701105603,0.3896599986132201
osm-310048835-6451500598-0,1239767488,app/data/roads/jakarta-2025-03-04-road-features.geojson#feature-72,0.1034,low,0.12656843168895682,0.1875551622788291,0.23315130647723795,0.25673848719917314
osm-310052525-1757800787-0,725250595|320151953|320147636|164123509|320147642|1453115261,app/data/roads/jakarta-2025-03-04-road-features.geojson#feature-73,0.1384,low,0.16794180360281843,0.24331075042647357,0.2974981354945177,0.32483754124635295
osm-310080557-9648055038-0,688117575,app/data/roads/jakarta-2025-03-04-road-features.geojson#feature-74,0.0997,low,0.12215233583107496,0.1814532431213098,0.22597857169760724,0.2490758014956167
osm-310327453-6978547983-0,759489965,app/data/roads/jakarta-2025-03-04-road-features.geojson#feature-75,0.1594,low,0.19242321532069875,0.2751458172966302,0.33330022513767843,0.36223326125045685
osm-310327514-7576918586-0,838389411|838389412|765446443|765446444|1221523255|765502014|765502015,app/data/roads/jakarta-2025-03-04-road-features.geojson#feature-76,0.2855,medium,0.3342594016939518,0.44440307045602756,0.513012565170123,0.5447980371538967
osm-310327514-9498062303-0,765446446|765446445|368504614,app/data/roads/jakarta-2025-03-04-road-features.geojson#feature-77,0.2184,low,0.25986763282532516,0.3587059752793066,0.42418619095923993,0.45561714074629234
osm-315198778-13033996655-0,1430140279,app/data/roads/jakarta-2025-03-04-road-features.geojson#feature-78,0.0638,low,0.07887599526496666,0.12004056444273438,0.1523002047953827,0.1695160468203288
osm-315207989-5668256808-0,724201959,app/data/roads/jakarta-2025-03-04-road-features.geojson#feature-79,0.0536,low,0.06643676944908317,0.1018270924969895,0.12991469005958012,0.145033030968948
osm-315207989-13525649841-0,557888640,app/data/roads/jakarta-2025-03-04-road-features.geojson#feature-80,0.0679,low,0.08385804769047121,0.12726346863292048,0.1611088028779675,0.1791099750287563
osm-315208899-324851729-0,1525327315|758733886|559322279,app/data/roads/jakarta-2025-03-04-road-features.geojson#feature-81,0.0918,low,0.1126959611866189,0.16828617474556085,0.21041107643843077,0.23239488799777583
osm-315305416-13456804471-0,28132208,app/data/roads/jakarta-2025-03-04-road-features.geojson#feature-82,0.0345,low,0.04297016335388866,0.06675385571975734,0.08609433095012325,0.09667986521523077
osm-315469600-9031322607-0,18056345,app/data/roads/jakarta-2025-03-04-road-features.geojson#feature-83,0.0974,low,0.11940307281226234,0.17763938629651485,0.22148208598101446,0.24426476606319536
osm-315469626-9032054232-0,18056345,app/data/roads/jakarta-2025-03-04-road-features.geojson#feature-84,0.0972,low,0.11916385687049737,0.1773069897063513,0.22108970717948073,0.2438446673662979
osm-315480467-9679167895-0,688522169,app/data/roads/jakarta-2025-03-04-road-features.geojson#feature-85,0.1147,low,0.14000501222017486,0.20593958548424,0.25460450528382705,0.27957079081768943
osm-315487156-5230379695-0,497108766,app/data/roads/jakarta-2025-03-04-road-features.geojson#feature-86,0.0879,low,0.10801380436734806,0.16171535703601372,0.20259612270343902,0.22399505738921535
osm-315546959-7098183581-0,28706110,app/data/roads/jakarta-2025-03-04-road-features.geojson#feature-87,0.0423,low,0.05258086678637424,0.08123250334656035,0.10429903477979076,0.11683673330290695
osm-315547395-315546959-0,594893749,app/data/roads/jakarta-2025-03-04-road-features.geojson#feature-88,0.0496,low,0.06154109489288369,0.09458776075976164,0.12094738580439728,0.13518432321084828
osm-315684305-4269900330-0,1369734224|696175333,app/data/roads/jakarta-2025-03-04-road-features.geojson#feature-89,0.05,low,0.06203110875148216,0.09531418016459478,0.12184899928383819,0.1361756263799558
osm-315710860-29939156-0,1249398772|1249818275|654692996,app/data/roads/jakarta-2025-03-04-road-features.geojson#feature-90,0.0578,low,0.07156657231307419,0.10936936765558987,0.1392149349751908,0.1552224793330967
osm-315712058-315712135-0,592276676,app/data/roads/jakarta-2025-03-04-road-features.geojson#feature-91,0.0759,low,0.09354952692933231,0.1411981792766432,0.17799359486542718,0.19743733740998773
osm-315712135-13606177748-0,1530998629,app/data/roads/jakarta-2025-03-04-road-features.geojson#feature-92,0.0206,low,0.025748556602018517,0.0404026182003479,0.052538200849425815,0.05926547021914873
osm-315712497-5354213822-0,634085906|1530998628,app/data/roads/jakarta-2025-03-04-road-features.geojson#feature-93,0.0765,low,0.09427481513366091,0.1422349197025028,0.17924411576432794,0.1987914271513548
osm-315746130-13721019303-0,11671364,app/data/roads/jakarta-2025-03-04-road-features.geojson#feature-94,0.094,low,0.11533314202600622,0.1719720889056911,0.21478137385060814,0.23708469209454353
osm-315746992-11199436896-0,631760994,app/data/roads/jakarta-2025-03-04-road-features.geojson#feature-95,0.0368,low,0.04580804984124245,0.07104588706149131,0.09150795324654813,0.10268431974338157
osm-316167893-9013032089-0,760206973|556928957,app/data/roads/jakarta-2025-03-04-road-features.geojson#feature-96,0.0794,low,0.09777729007037053,0.14722955708549082,0.18525766379035266,0.20529674076029233
osm-316170709-329971830-0,751712040,app/data/roads/jakarta-2025-03-04-road-features.geojson#feature-97,0.1193,low,0.14545312253684686,0.2133170308158196,0.2631475568850463,0.288627188294372
osm-316176020-310052525-0,844134210|164124676|828989547|164124661|320156377,app/data/roads/jakarta-2025-03-04-road-features.geojson#feature-98,0.0971,low,0.11904423991823562,0.1771407458914992,0.22089343467211203,0.24363451269474887
osm-316176020-1757800817-0,164124665|164124681|320153078,app/data/roads/jakarta-2025-03-04-road-features.geojson#feature-99,0.1066,low,0.13038117722812653,0.19279953940688782,0.23929511328679826,0.2632904402192195
osm-316266442-3723635058-0,368504609|368504611,app/data/roads/jakarta-2025-03-04-road-features.geojson#feature-100,0.2973,medium,0.34709567971808436,0.45855568854628875,0.5272765570715565,0.5589314664638897
osm-316374560-4990059009-0,758365788,app/data/roads/jakarta-2025-03-04-road-features.geojson#feature-101,0.1038,low,0.1270453583383374,0.188212375000942,0.233922290170303,0.25756127171310605
osm-316374561-4548266741-0,509865312|561430827,app/data/roads/jakarta-2025-03-04-road-features.geojson#feature-102,0.1008,low,0.12346608281002237,0.18327161878736797,0.2281187943407659,0.2513637361980633
osm-316374585-4548266748-0,755340964,app/data/roads/jakarta-2025-03-04-road-features.geojson#feature-103,0.0617,low,0.07632021689608397,0.1163193880667383,0.14774690786395137,0.16454795927944935
osm-316374594-430546287-0,37018601,app/data/roads/jakarta-2025-03-04-road-features.geojson#feature-104,0.0925,low,0.11353537958592808,0.169460578456573,0.2118045900805141,0.23389086850475335
osm-316374602-4836037554-0,28773409|750240452,app/data/roads/jakarta-2025-03-04-road-features.geojson#feature-105,0.0668,low,0.08252241084003455,0.12533107483859954,0.15875597887540968,0.1765495892600621
osm-316374654-316374658-0,717267441,app/data/roads/jakarta-2025-03-04-road-features.geojson#feature-106,0.0228,low,0.02848241211565628,0.04462110945201508,0.057947268482838384,0.06531939426644355
osm-316374658-7120440781-0,762074073,app/data/roads/jakarta-2025-03-04-road-features.geojson#feature-107,0.131,low,0.1592542126164468,0.2318105478369695,0.2843993562194805,0.3110680338379275
osm-316395244-4466384616-0,568057152|559319651,app/data/roads/jakarta-2025-03-04-road-features.geojson#feature-108,0.1844,low,0.22123936378542372,0.31157058638170276,0.37345718578164494,0.4037650136978419
osm-316395244-4466384617-0,508942941|533109941|1527567773,app/data/roads/jakarta-2025-03-04-road-features.geojson#feature-109,0.0862,low,0.1059699956387626,0.1588363637886911,0.19916224708204538,0.2202986860505913
osm-316395267-316395268-0,1148188980,app/data/roads/jakarta-2025-03-04-road-features.geojson#feature-110,0.4936,medium,0.5505162594893708,0.6611511741632283,0.7198669202447958,0.7448656366492048
osm-316395268-5388212558-0,568063273,app/data/roads/jakarta-2025-03-04-road-features.geojson#feature-111,0.4397,medium,0.49649469007162894,0.6110315055061101,0.6741517181359649,0.701538586442831
osm-316412093-11329756328-0,763467199,app/data/roads/jakarta-2025-03-04-road-features.geojson#feature-112,0.042,low,0.05221192796319443,0.08067964726614744,0.10360689441870023,0.11607217327277362
osm-316412129-316412130-0,688709840,app/data/roads/jakarta-2025-03-04-road-features.geojson#feature-113,0.1076,low,0.13157141093167624,0.19443218279321625,0.2412038331449329,0.26532380030933567
osm-316412130-6531806778-0,688709840|975979297|491037924,app/data/roads/jakarta-2025-03-04-road-features.geojson#feature-114,0.0751,low,0.09258213523922221,0.13981405568815203,0.17632283192394266,0.1956274984516012
osm-316412131-316412145-0,1052899124,app/data/roads/jakarta-2025-03-04-road-features.geojson#feature-115,0.1331,low,0.16172285142882584,0.23508940776699,0.2881430501428614,0.315008247051355
osm-316412145-4504091329-0,28775346,app/data/roads/jakarta-2025-03-04-road-features.geojson#feature-116,0.139,low,0.16864480701938478,0.24423663988637406,0.2985488716469897,0.3259400365695758
osm-316412146-1320273025-0,765258444,app/data/roads/jakarta-2025-03-04-road-features.geojson#feature-117,0.1354,low,0.1644236492776828,0.23866660176280696,0.2922191191262632,0.3192938913381858
osm-316486226-1782804903-0,487631666|414029883|414029876|414029878,app/data/roads/jakarta-2025-03-04-road-features.geojson#feature-118,0.1219,low,0.14852697395159806,0.2174600882535989,0.26792880835852867,0.29368687287242884
osm-316486288-7120831201-0,717163577,app/data/roads/jakarta-2025-03-04-road-features.geojson#feature-119,0.0273,low,0.03406484473052623,0.05319346864726377,0.06889515548432529,0.07754543626727775
osm-316486305-1139156749-0,805801284,app/data/roads/jakarta-2025-03-04-road-features.geojson#feature-120,0.4019,medium,0.457801508156662,0.5735806219927364,0.6391895564356761,0.6680680946167162
osm-316742986-329948880-0,758754082|696213347|696213348|756425321|28809533,app/data/roads/jakarta-2025-03-04-road-features.geojson#feature-121,0.1573,low,0.18998648359990228,0.2720143801467202,0.3298080760139171,0.35860102093927937
osm-317156534-9507227664-0,495447738,app/data/roads/jakarta-2025-03-04-road-features.geojson#feature-122,0.0658,low,0.08130755225263896,0.12357088611419946,0.15661041227623146,0.17421334500554433
osm-317156584-11384905237-0,685542737|685550351,app/data/roads/jakarta-2025-03-04-road-features.geojson#feature-123,0.2035,low,0.2430181922201017,0.3383778899319604,0.40247620278485463,0.43350959846891457
osm-317156628-5653336499-0,28847137,app/data/roads/jakarta-2025-03-04-road-features.geojson#feature-124,0.0838,low,0.1030816476538766,0.15475650188282755,0.1942858202424548,0.21504370600313458
osm-317156630-9027876825-0,28847137,app/data/roads/jakarta-2025-03-04-road-features.geojson#feature-125,0.2152,low,0.2562592540857479,0.3543823068186607,0.4195896618412183,0.4509467537566603
osm-317156632-317156630-0,28847137,app/data/roads/jakarta-2025-03-04-road-features.geojson#feature-126,0.0508,low,0.06301083865567617,0.0967653570628302,0.12364895710260591,0.13815392270391538
osm-317156649-317182651-0,28850224|689632659|689649454,app/data/roads/jakarta-2025-03-04-road-features.geojson#feature-127,0.1085,low,0.13264211327792516,0.19589903927213007,0.24291714534270825,0.2671481215101676
osm-317157768-4871938615-0,831861163|698801014,app/data/roads/jakarta-2025-03-04-road-features.geojson#feature-128,0.0619,low,0.07656374114624659,0.1166744209759956,0.14818177943926045,0.16502270697065197
osm-317179522-5189841649-0,674847762,app/data/roads/jakarta-2025-03-04-road-features.geojson#feature-129,0.0223,low,0.027861350744409593,0.043663958512823155,0.056721234327117405,0.06394797047262644
osm-317180499-10092530702-0,685545461,app/data/roads/jakarta-2025-03-04-road-features.geojson#feature-130,0.1097,low,0.13406896837296153,0.1978511408423527,0.24519490620114517,0.26957218818050893
osm-317182284-317156632-0,487631720|558699560|486490658|685543311,app/data/roads/jakarta-2025-03-04-road-features.geojson#feature-131,0.0644,low,0.07960572009107862,0.12110105627965576,0.15359594692678977,0.17092872436898174
osm-317182368-13618074118-0,484865524|758108653|28850223,app/data/roads/jakarta-2025-03-04-road-features.geojson#feature-132,0.2201,low,0.2617823031641368,0.36099368610608795,0.42661370194452064,0.45808142870884266
osm-317182380-5380240433-0,1253417938|689649453,app/data/roads/jakarta-2025-03-04-road-features.geojson#feature-133,0.1576,low,0.19033474262719619,0.27246242497211387,0.3303081226285257,0.3591213301487012
osm-317182651-317182380-0,484865525,app/data/roads/jakarta-2025-03-04-road-features.geojson#feature-134,0.1561,low,0.1885929320857047,0.27021987200273095,0.3278039789121249,0.3565150345876008
osm-317190987-352913852-0,486010579|691242533|486010575,app/data/roads/jakarta-2025-03-04-road-features.geojson#feature-135,0.0541,low,0.06704803198754365,0.10272813936331596,0.13102802034566213,0.14625414303186204
osm-317190987-6370527439-0,28847150|487643184|486010582|486010584|691258748,app/data/roads/jakarta-2025-03-04-road-features.geojson#feature-136,0.051,low,0.06325570910934451,0.09712780551781874,0.12409826692653533,0.1386476011417766
osm-317191266-317191321-0,28851078,app/data/roads/jakarta-2025-03-04-road-features.geojson#feature-137,0.0334,low,0.041611739530965815,0.06469437989202641,0.08349154874586494,0.09378990588576543
osm-317191321-13771612756-0,28851026,app/data/roads/jakarta-2025-03-04-road-features.geojson#feature-138,0.0455,low,0.056512721556374886,0.08710985981225285,0.11164251171352807,0.12493982961302678
osm-317193936-9515510319-0,691251097,app/data/roads/jakarta-2025-03-04-road-features.geojson#feature-139,0.072,low,0.08882980998540223,0.134431031983,0.1698116630273528,0.1885666558197249
osm-317196043-7029563618-0,751996164,app/data/roads/jakarta-2025-03-04-road-features.geojson#feature-140,0.1047,low,0.12811809479063943,0.18968936069094766,0.23565385301891703,0.2594085648527102
osm-317349873-5379667478-0,496592226,app/data/roads/jakarta-2025-03-04-road-features.geojson#feature-141,0.1981,low,0.23688142081854308,0.33088565387558055,0.3944107736442736,0.42526488469524837
osm-317349914-5379667437-0,1526240643|781727135,app/data/roads/jakarta-2025-03-04-road-features.geojson#feature-142,0.0769,low,0.0947582189615337,0.14292543712853364,0.18007658463389725,0.19969259210505366
osm-317417610-4948526884-0,28909833|504724983|748561204|746615207,app/data/roads/jakarta-2025-03-04-road-features.geojson#feature-143,0.0714,low,0.08810287653537356,0.13338555245723946,0.16854460488087566,0.1871912103886289
osm-317417833-9491424126-0,560008548|761850310,app/data/roads/jakarta-2025-03-04-road-features.geojson#feature-144,0.1298,low,0.1578424061403459,0.22993143239422262,0.2822505743346162,0.30880470828435275
osm-317756351-13653320894-0,802327287,app/data/roads/jakarta-2025-03-04-road-features.geojson#feature-145,0.0261,low,0.032577447891652254,0.05091487064277301,0.06599083823607971,0.07430556218989419
osm-317958545-7120310389-0,762091308|762091309,app/data/roads/jakarta-2025-03-04-road-features.geojson#feature-146,0.0139,low,0.01740378219810959,0.0274424256613935,0.03583055800034797,0.040509962384813955
osm-317987901-317958545-0,1239767490|762091310|762091311|560008540|688103037,app/data/roads/jakarta-2025-03-04-road-features.geojson#feature-147,0.0632,low,0.0781460493825936,0.11897887367435359,0.15100215676089307,0.16810036570462822
osm-318097237-13623874475-0,497546914,app/data/roads/jakarta-2025-03-04-road-features.geojson#feature-148,0.1356,low,0.1646583557082976,0.23897697625253775,0.29257237323057805,0.31966509302189094
osm-318097259-13624041399-0,28706686,app/data/roads/jakarta-2025-03-04-road-features.geojson#feature-149,0.0847,low,0.10416518607640893,0.15628856926266232,0.19611842246843791,0.2170193686251887
osm-318168808-316167893-0,676439513,app/data/roads/jakarta-2025-03-04-road-features.geojson#feature-150,0.1605,low,0.19369859223919703,0.27678156406591753,0.3351218599992499,0.36412666227971185
osm-318538221-29939148-0,557206896,app/data/roads/jakarta-2025-03-04-road-features.geojson#feature-151,0.0436,low,0.05417895273409805,0.08362453381988125,0.10729097994527537,0.12014009668213327
osm-318538221-5374199556-0,1281346439,app/data/roads/jakarta-2025-03-04-road-features.geojson#feature-152,0.1151,low,0.1404792567435931,0.2065835225556541,0.2553516757194065,0.2803636704342016
osm-318548947-8499454046-0,1294695407,app/data/roads/jakarta-2025-03-04-road-features.geojson#feature-153,0.0643,low,0.07948411463359424,0.12092439081310331,0.1533801497762489,0.17069348628618988
osm-320021668-4800795887-0,28850223,app/data/roads/jakarta-2025-03-04-road-features.geojson#feature-154,0.0609,low,0.07534587384910384,0.11489791559122912,0.1460048330750247,0.16264559012828217
osm-321722198-317156649-0,28847149,app/data/roads/jakarta-2025-03-04-road-features.geojson#feature-155,0.0537,low,0.06655903433114242,0.1020073703950331,0.13013749008980274,0.14527742942942376
osm-324275961-316395267-0,689042568|950224883|689042565,app/data/roads/jakarta-2025-03-04-road-features.geojson#feature-156,0.5517,high,0.6072816451367802,0.7112723638844963,0.7643980178231268,0.7866008684012099
osm-324276002-5665581665-0,776374304,app/data/roads/jakarta-2025-03-04-road-features.geojson#feature-157,0.4003,medium,0.45614868904332195,0.5719507400482532,0.637652027016564,0.6665894356691777
osm-324851729-5673864834-0,758733885,app/data/roads/jakarta-2025-03-04-road-features.geojson#feature-158,0.1565,low,0.18905754090952168,0.2708184557948812,0.3284727075011481,0.35721120914172133
osm-326484049-5490135579-0,754061608,app/data/roads/jakarta-2025-03-04-road-features.geojson#feature-159,0.0552,low,0.068392265306591,0.10470743167220722,0.13347146543322075,0.1489328643457347
osm-326484130-8749112680-0,1040471431,app/data/roads/jakarta-2025-03-04-road-features.geojson#feature-160,0.1117,low,0.13644516237342552,0.20109526345995715,0.24897436755899227,0.27359120555184335
osm-326484153-326484130-0,1040471431,app/data/roads/jakarta-2025-03-04-road-features.geojson#feature-161,0.0293,low,0.0365418196049334,0.056979305141202266,0.07371149703424101,0.08291265461415591
osm-326484165-326484153-0,754061606,app/data/roads/jakarta-2025-03-04-road-features.geojson#feature-162,0.0778,low,0.09584552194236504,0.14447722429803975,0.1819461050562144,0.20171566073314293
osm-326484242-1709500939-0,489977114,app/data/roads/jakarta-2025-03-04-road-features.geojson#feature-163,0.0396,low,0.049258393586704724,0.07624529229631487,0.09804679622424539,0.1099251558672933
osm-326484330-4842902746-0,489977114,app/data/roads/jakarta-2025-03-04-road-features.geojson#feature-164,0.1016,low,0.1244210812842487,0.18459178923817668,0.2296711703801693,0.2530224440007536
osm-326484370-7046982976-0,754381189,app/data/roads/jakarta-2025-03-04-road-features.geojson#feature-165,0.0406,low,0.05048947033776816,0.0780954302032522,0.10036848055409853,0.11249303135611645
osm-328320081-1423006391-0,688291068|688291069|593601262,app/data/roads/jakarta-2025-03-04-road-features.geojson#feature-166,0.1933,low,0.23141291362857766,0.32416887842257053,0.38715059608082153,0.4178286158480272
osm-328320159-5662546639-0,761523000|492988997|29797733,app/data/roads/jakarta-2025-03-04-road-features.geojson#feature-167,0.0486,low,0.06031562569366146,0.09276928353343632,0.11868856871112554,0.1326997546997255
osm-328336623-5459161492-0,1526201599,app/data/roads/jakarta-2025-03-04-road-features.geojson#feature-168,0.4117,medium,0.4678982471526106,0.5834829314612361,0.6485019602283137,0.6770117824472368
osm-328876219-9013840120-0,689177647,app/data/roads/jakarta-2025-03-04-road-features.geojson#feature-169,0.0698,low,0.08616331254055218,0.13059186429543884,0.16515486626372208,0.18350922406555703
osm-328965954-316374561-0,676202008|562358362|676202013,app/data/roads/jakarta-2025-03-04-road-features.geojson#feature-170,0.0842,low,0.10356328075027187,0.1554377352487809,0.1951008958244397,0.2159225282560022
osm-329019268-6219014696-0,815231911,app/data/roads/jakarta-2025-03-04-road-features.geojson#feature-171,0.0774,low,0.095362336951119,0.14378786170450186,0.1811158104948369,0.20081729611833196
osm-329019970-9013891783-0,1525581082|754625203,app/data/roads/jakarta-2025-03-04-road-features.geojson#feature-172,0.0246,low,0.030716922120800225,0.048059104570359126,0.06234502255315625,0.07023492351807792
osm-329948880-316266442-0,764295346,app/data/roads/jakarta-2025-03-04-road-features.geojson#feature-173,0.0445,low,0.05528470256732111,0.08527706099029814,0.10935537586306611,0.12241782070098957
osm-329967924-4751894442-0,278788931,app/data/roads/jakarta-2025-03-04-road-features.geojson#feature-174,0.1247,low,0.1518328318946392,0.22190038665215478,0.27304006030316713,0.2990887532283807
osm-329968512-1682808537-0,278788931,app/data/roads/jakarta-2025-03-04-road-features.geojson#feature-175,0.0408,low,0.050735610677559724,0.07846503043402536,0.10083196269267948,0.11300546938711592
osm-329969014-5662335002-0,1458498251,app/data/roads/jakarta-2025-03-04-road-features.geojson#feature-176,0.125,low,0.15218675803173387,0.22237481990627292,0.2735853881695965,0.29966466091102895
osm-329971830-4749962821-0,751712040|764015497|764015498|1509532460|484909215,app/data/roads/jakarta-2025-03-04-road-features.geojson#feature-177,0.0518,low,0.0642349429475535,0.09857621863039948,0.12589279508082507,0.14061874398188423
osm-329975504-5662309002-0,765773405,app/data/roads/jakarta-2025-03-04-road-features.geojson#feature-178,0.1115,low,0.13620764964613985,0.20077137739681342,0.24859736287744816,0.27319048452827105
osm-329975510-7131701881-0,1053249591,app/data/roads/jakarta-2025-03-04-road-features.geojson#feature-179,0.1034,low,0.12656843168895682,0.1875551622788291,0.23315130647723795,0.25673848719917314
osm-330177825-5380113845-0,722419938,app/data/roads/jakarta-2025-03-04-road-features.geojson#feature-180,0.0939,low,0.11521333322853954,0.1718048695078365,0.21458331568397085,0.2368722714296917
osm-330409714-7232143502-0,569826263|590097029|723057935,app/data/roads/jakarta-2025-03-04-road-features.geojson#feature-181,0.1826,low,0.2191763967473117,0.30899952911540646,0.3706503969625805,0.40087618210700815
osm-332341344-5506920631-0,575742571,app/data/roads/jakarta-2025-03-04-road-features.geojson#feature-182,0.1748,low,0.21021580206557766,0.297767102266472,0.35833907546898386,0.3881801376122646
osm-332517701-5671006775-0,688087394,app/data/roads/jakarta-2025-03-04-road-features.geojson#feature-183,0.1303,low,0.15843076105723547,0.23071488281322677,0.28314674544055624,0.3097488059454263
osm-332526386-316176020-0,688533089|562382056|509530222|509530223|406822995|406822996,app/data/roads/jakarta-2025-03-04-road-features.geojson#feature-184,0.3165,medium,0.36782820132294025,0.48104070357189177,0.549710129630003,0.5810563973950956
osm-332526397-332526399-0,575742570,app/data/roads/jakarta-2025-03-04-road-features.geojson#feature-185,0.0591,low,0.0731521616039123,0.11169173784429176,0.142069958883931,0.15834539721306787
osm-332526399-4551163746-0,509530225|30177598,app/data/roads/jakarta-2025-03-04-road-features.geojson#feature-186,0.213,low,0.25377523517984624,0.35139653249890623,0.4164088413212458,0.44771158544956463
osm-347509493-191505875-0,1502253538,app/data/roads/jakarta-2025-03-04-road-features.geojson#feature-187,0.0906,low,0.11125627275323897,0.16626939813415845,0.20801572759419953,0.2298221164225745
osm-351116570-393856976-0,1281346440,app/data/roads/jakarta-2025-03-04-road-features.geojson#feature-188,0.0576,low,0.07132254299830826,0.10901157234493093,0.13877471526811538,0.15474074074803543
osm-352897075-352897081-0,691270311,app/data/roads/jakarta-2025-03-04-road-features.geojson#feature-189,0.1004,low,0.12298844026933826,0.18261081257561884,0.2273412972357409,0.25053272800020443
osm-352897081-9561821845-0,691270311,app/data/roads/jakarta-2025-03-04-road-features.geojson#feature-190,0.1504,low,0.1819622807654867,0.26164475414833643,0.3181982622218774,0.3465016758304466
osm-352897085-13772607350-0,691270311,app/data/roads/jakarta-2025-03-04-road-features.geojson#feature-191,0.0627,low,0.07753759221238414,0.11809321404942963,0.14991868416764428,0.16691833013310334
osm-352913456-8772028147-0,691253233,app/data/roads/jakarta-2025-03-04-road-features.geojson#feature-192,0.0282,low,0.035179795703533155,0.05489892079198715,0.07106623834891744,0.07996570298462727
osm-352913852-317191266-0,691242533|28851039,app/data/roads/jakarta-2025-03-04-road-features.geojson#feature-193,0.0309,low,0.03852158385398163,0.059997379819620694,0.07754296454949022,0.08717737913076318
osm-352915237-4776087446-0,1282308980|28765421,app/data/roads/jakarta-2025-03-04-road-features.geojson#feature-194,0.0244,low,0.03046874450511808,0.047677702782452404,0.061857613443665777,0.06969041621913007
osm-352961150-9016841536-0,392820646,app/data/roads/jakarta-2025-03-04-road-features.geojson#feature-195,0.0476,low,0.05908953532723062,0.09094732875327262,0.11642289329938224,0.13020613163762781
osm-353136203-13456492331-0,1090935277,app/data/roads/jakarta-2025-03-04-road-features.geojson#feature-196,0.0276,low,0.0344365518575445,0.0537622851951427,0.06961952960756929,0.07835310722058869
osm-388023277-5670939322-0,688117573,app/data/roads/jakarta-2025-03-04-road-features.geojson#feature-197,0.1356,low,0.1646583557082976,0.23897697625253775,0.29257237323057805,0.31966509302189094
osm-388240366-6546950357-0,1249938306|28196828|1249938302,app/data/roads/jakarta-2025-03-04-road-features.geojson#feature-198,0.1723,low,0.20733654913224311,0.2941352864834959,0.35434125922016624,0.3840486606181092
osm-388240367-388240366-0,652204585,app/data/roads/jakarta-2025-03-04-road-features.geojson#feature-199,0.0995,low,0.12191339506685098,0.18112223783300704,0.22558872842418395,0.24865891311049768
osm-393856973-6322395865-0,1294695407,app/data/roads/jakarta-2025-03-04-road-features.geojson#feature-200,0.0344,low,0.042846701682288726,0.06656681195224481,0.08585808094437608,0.09641763216186615
osm-393856974-10732635788-0,1281346440,app/data/roads/jakarta-2025-03-04-road-features.geojson#feature-201,0.0253,low,0.03158534451998391,0.04939283703984626,0.0640485419321992,0.07213744132804108
osm-393856976-3709514014-0,1281346440,app/data/roads/jakarta-2025-03-04-road-features.geojson#feature-202,0.0469,low,0.05823090222328543,0.08966988591720992,0.11483282306738168,0.12845518149712534
osm-393861915-6322396585-0,1294695408,app/data/roads/jakarta-2025-03-04-road-features.geojson#feature-203,0.0319,low,0.039758117904472125,0.06187891560126434,0.07992794893116886,0.08982983218224316
osm-430546287-12736661061-0,37018601|765699421|765699422|510396471,app/data/roads/jakarta-2025-03-04-road-features.geojson#feature-204,0.0548,low,0.06790353975199158,0.1039881674590258,0.13258387396049434,0.14796001022841118
osm-430546294-430546307-0,37018609,app/data/roads/jakarta-2025-03-04-road-features.geojson#feature-205,0.0571,low,0.07071236173923413,0.1081164907584714,0.1376730130904699,0.15353488426815842
osm-430546307-430546319-0,736957432,app/data/roads/jakarta-2025-03-04-road-features.geojson#feature-206,0.0297,low,0.037036911878950605,0.05773470462588487,0.07467115764684226,0.08398124564630657
osm-430546319-12754553920-0,736957432,app/data/roads/jakarta-2025-03-04-road-features.geojson#feature-207,0.0163,low,0.020396238750923834,0.03210455921793289,0.041856402821674,0.047284177568007124
osm-454066598-4502070108-0,453477916,app/data/roads/jakarta-2025-03-04-road-features.geojson#feature-208,0.0351,low,0.04371080154700773,0.0678753580851156,0.08751029548997043,0.098251209873383
osm-504912724-7122843809-0,39741723,app/data/roads/jakarta-2025-03-04-road-features.geojson#feature-209,0.1256,low,0.15289445197719195,0.2233229265357529,0.27467471150318823,0.3008148224251295
osm-519545266-1993475640-0,759043235,app/data/roads/jakarta-2025-03-04-road-features.geojson#feature-210,0.1052,low,0.12871385107057362,0.19050886721608748,0.23661395222470238,0.2604324694529008
osm-1133343792-1133343793-0,487580431,app/data/roads/jakarta-2025-03-04-road-features.geojson#feature-211,0.1333,low,0.16195782575268264,0.23540104540598866,0.28849849081242107,0.31538214517776225
osm-1133343793-1135179313-0,591927661,app/data/roads/jakarta-2025-03-04-road-features.geojson#feature-212,0.1161,low,0.14166445455591656,0.20819134270441414,0.2572160057341469,0.2823413739644951
osm-1133343805-1133343793-0,1113173339,app/data/roads/jakarta-2025-03-04-road-features.geojson#feature-213,0.0095,low,0.011908064821240632,0.01883750577412044,0.024662129835060078,0.027925202907333403
osm-1133676103-1334087929-0,28851254,app/data/roads/jakarta-2025-03-04-road-features.geojson#feature-214,0.0824,low,0.10139516952788545,0.15236821358312813,0.1914256513629046,0.21195834117366325
osm-1133676112-1133676103-0,493859848|1323082163|28851254,app/data/roads/jakarta-2025-03-04-road-features.geojson#feature-215,0.0405,low,0.0503663907937123,0.07791057671532287,0.1001366327914527,0.1122366704434166
osm-1133676115-1133676116-0,737509446,app/data/roads/jakarta-2025-03-04-road-features.geojson#feature-216,0.1079,low,0.1319283651687168,0.19492140017433887,0.24177541378705203,0.2659325063982411
osm-1133676116-5391402284-0,737508241|574359955|491550931|686615431,app/data/roads/jakarta-2025-03-04-road-features.geojson#feature-217,0.0211,low,0.026370156910374535,0.041362965164772045,0.05377084006241169,0.06064584034863952
osm-1133676128-1133807077-0,737508241,app/data/roads/jakarta-2025-03-04-road-features.geojson#feature-218,0.0196,low,0.024504879991296073,0.038479093719151515,0.05006705930864753,0.05649677851839705
osm-1133806969-1133807093-0,1238777272,app/data/roads/jakarta-2025-03-04-road-features.geojson#feature-219,0.0108,low,0.013533087223581285,0.021387679206839774,0.027978340879353317,0.03166593998783423
osm-1133806993-11455806150-0,1238777272,app/data/roads/jakarta-2025-03-04-road-features.geojson#feature-220,0.0416,low,0.051719922128919696,0.07994200959492676,0.10268305088575856,0.11505144525401258
osm-1133807009-1133806993-0,1288931176,app/data/roads/jakarta-2025-03-04-road-features.geojson#feature-221,0.0208,low,0.025997215759291203,0.04078687007488314,0.05303149061384824,0.0598179355974487
osm-1133807034-1133806969-0,1238777272,app/data/roads/jakarta-2025-03-04-road-features.geojson#feature-222,0.0097,low,0.012158138640831725,0.019230268317818443,0.02517322013968036,0.02850194000347088
osm-1133807052-1133676128-0,737508241,app/data/roads/jakarta-2025-03-04-road-features.geojson#feature-223,0.0379,low,0.0471641274786141,0.07309186189873344,0.09408351315951545,0.10553790415319547
osm-1133807065-1133807009-0,737508241,app/data/roads/jakarta-2025-03-04-road-features.geojson#feature-224,0.0631,low,0.0780243702368973,0.11880180850740174,0.1507855908045191,0.16786412616582558
osm-1133807077-9642343610-0,737508241,app/data/roads/jakarta-2025-03-04-road-features.geojson#feature-225,0.11,low,0.13442554864933093,0.19833850569199848,0.24576316190598857,0.2701767175688204
osm-1133807089-1133807052-0,737508241,app/data/roads/jakarta-2025-03-04-road-features.geojson#feature-226,0.0662,low,0.08179356923555928,0.12427535847601134,0.15746939918366262,0.17514883089677938
osm-1133807093-5513424002-0,1238777272|1238777273|98075001,app/data/roads/jakarta-2025-03-04-road-features.geojson#feature-227,0.0115,low,0.014407651663890086,0.022758129659380656,0.029758256947072712,0.03367232563588851
osm-1134908642-5010888460-0,754986923,app/data/roads/jakarta-2025-03-04-road-features.geojson#feature-228,0.0504,low,0.06252102332902307,0.09604004538764027,0.12274952239098164,0.13716549183582352
osm-1134953472-1133676115-0,737509446,app/data/roads/jakarta-2025-03-04-road-features.geojson#feature-229,0.0482,low,0.05982526411359819,0.09204091948613455,0.11778312329222901,0.13170339478977794
osm-1135179313-1135179348-0,98090598,app/data/roads/jakarta-2025-03-04-road-features.geojson#feature-230,0.0086,low,0.01078241577590056,0.01706814335493583,0.022358141067292114,0.025324286035586323
osm-1135179348-4666246417-0,98090598,app/data/roads/jakarta-2025-03-04-road-features.geojson#feature-231,0.0211,low,0.026370156910374535,0.041362965164772045,0.05377084006241169,0.06064584034863952
osm-1135179379-7229469661-0,484862899,app/data/roads/jakarta-2025-03-04-road-features.geojson#feature-232,0.0346,low,0.043093618746762756,0.06694086326785308,0.08633050778045916,0.09694200038390578
osm-1135179404-4800316713-0,98090600,app/data/roads/jakarta-2025-03-04-road-features.geojson#feature-233,0.021,low,0.02624584953734262,0.04117097114960369,0.05352446822325792,0.06036997779272082
osm-1135179421-13734886245-0,688635243,app/data/roads/jakarta-2025-03-04-road-features.geojson#feature-234,0.0325,low,0.040499736326624645,0.06300608465973172,0.0813553821425514,0.09141653287724835
osm-1135179424-13914133217-0,688635244,app/data/roads/jakarta-2025-03-04-road-features.geojson#feature-235,0.0557,low,0.0690030331895728,0.10560574417719117,0.13457945728260562,0.15014696671854819
osm-1135190117-1138828395-0,98454555|1289409516,app/data/roads/jakarta-2025-03-04-road-features.geojson#feature-236,0.1878,low,0.22513112006910085,0.31640573555070384,0.3787243897934352,0.40918051308313136
osm-1135601912-5498027349-0,98087417,app/data/roads/jakarta-2025-03-04-road-features.geojson#feature-237,0.0894,low,0.10981571779855151,0.1642481712660121,0.20561217208949947,0.22723888996688088
osm-1138828395-316486288-0,1331515352|1331515351,app/data/roads/jakarta-2025-03-04-road-features.geojson#feature-238,0.217,low,0.25828965765662126,0.3568171721589638,0.4221795805950435,0.45357896747712934
osm-1139139728-7260196327-0,1235335428,app/data/roads/jakarta-2025-03-04-road-features.geojson#feature-239,0.3751,medium,0.42995352506114975,0.5457791494214502,0.61277787191539,0.6425883103149033
osm-1139139742-7260204106-0,749966273,app/data/roads/jakarta-2025-03-04-road-features.geojson#feature-240,0.4295,medium,0.4861202621074167,0.6011210695910276,0.664967707627459,0.6927747029888557
osm-1139140184-95006360-0,749966273,app/data/roads/jakarta-2025-03-04-road-features.geojson#feature-241,0.4483,medium,0.5052039220454828,0.6192787658599901,0.681757687451306,0.7087814385478798
osm-1139156749-5492419221-0,760233040,app/data/roads/jakarta-2025-03-04-road-features.geojson#feature-242,0.2958,medium,0.3454679569069431,0.45677094671209295,0.5254839309689117,0.5571580626784515
osm-1150900577-12825987637-0,686023685|686023686|562374711,app/data/roads/jakarta-2025-03-04-road-features.geojson#feature-243,0.076,low,0.09367042350537386,0.14137104977217788,0.1782021666798522,0.1976632145304715
osm-1161321036-316374594-0,28773409,app/data/roads/jakarta-2025-03-04-road-features.geojson#feature-244,0.0726,low,0.089556523746078,0.13547533992481456,0.17107649731777874,0.18993922475257605
osm-1163404589-7156322369-0,745207256|766221966,app/data/roads/jakarta-2025-03-04-road-features.geojson#feature-245,0.0824,low,0.10139516952788545,0.15236821358312813,0.1914256513629046,0.21195834117366325
osm-1163404618-7120383655-0,762101021,app/data/roads/jakarta-2025-03-04-road-features.geojson#feature-246,0.0664,low,0.08203654094932807,0.12462739614633597,0.15789851227906784,0.17561607939948365
osm-1163404654-316374585-0,755340964,app/data/roads/jakarta-2025-03-04-road-features.geojson#feature-247,0.0701,low,0.08652709992897091,0.1311163182290427,0.16579165517019065,0.1842011674520557
osm-1173954328-1174754069-0,37018609,app/data/roads/jakarta-2025-03-04-road-features.geojson#feature-248,0.0824,low,0.10139516952788545,0.15236821358312813,0.1914256513629046,0.21195834117366325
osm-1173954346-13653307691-0,37018609,app/data/roads/jakarta-2025-03-04-road-features.geojson#feature-249,0.0452,low,0.056144381257700736,0.08656038903101704,0.11095710277637917,0.12418419623284663
osm-1174754069-29939144-0,37018609,app/data/roads/jakarta-2025-03-04-road-features.geojson#feature-250,0.0729,low,0.08991979827402798,0.1359970551669911,0.17170808234577822,0.19062443335053714
osm-1174777687-5065375426-0,37018609,app/data/roads/jakarta-2025-03-04-road-features.geojson#feature-251,0.0447,low,0.055530356198530195,0.08564390192969121,0.10981336103387503,0.12292296166909226
osm-1249723074-7225096520-0,550355392,app/data/roads/jakarta-2025-03-04-road-features.geojson#feature-252,0.0913,low,0.11209619626229937,0.16744639104415765,0.20941400905943586,0.23132416632547018
osm-1273189607-4566501796-0,37018607,app/data/roads/jakarta-2025-03-04-road-features.geojson#feature-253,0.0773,low,0.09524152551033326,0.14361544093769776,0.18090808609112033,0.20059251084952343
osm-1275851646-104379024-0,28765421,app/data/roads/jakarta-2025-03-04-road-features.geojson#feature-254,0.0358,low,0.04457459389492823,0.06918213255546685,0.08915893441463116,0.10008000730726864
osm-1311842311-9028008487-0,763467199,app/data/roads/jakarta-2025-03-04-road-features.geojson#feature-255,0.0382,low,0.047533835295678575,0.07364910130931145,0.09478442406330269,0.1063141345162391
osm-1315069362-9685151096-0,763467199,app/data/roads/jakarta-2025-03-04-road-features.geojson#feature-256,0.0637,low,0.0787543529717461,0.11986369929534889,0.1520840237545697,0.1692803088072218
osm-1320273025-6604587143-0,1458445576|1052899123,app/data/roads/jakarta-2025-03-04-road-features.geojson#feature-257,0.0286,low,0.03567516541446528,0.05565593990391596,0.07202920316869862,0.0810387376390098
osm-1321228510-317196043-0,725268263,app/data/roads/jakarta-2025-03-04-road-features.geojson#feature-258,0.1027,low,0.12573358057738818,0.18640389087172268,0.23180000582485719,0.25529599158021865
osm-1321228541-1336909413-0,754062954|754062956,app/data/roads/jakarta-2025-03-04-road-features.geojson#feature-259,0.1221,low,0.14876325937693052,0.2177779884774245,0.2682951924110971,0.29407433097746494
osm-1321228560-1373715020-0,754062956,app/data/roads/jakarta-2025-03-04-road-features.geojson#feature-260,0.0543,low,0.06729249369921762,0.10308831840984169,0.1314728839773859,0.14674197235493014
osm-1321228566-302230530-0,754062952,app/data/roads/jakarta-2025-03-04-road-features.geojson#feature-261,0.0195,low,0.02438047740974023,0.038286533370862984,0.049819514101904924,0.056219324450832386
osm-1321228575-1334087900-0,691251098|28847119,app/data/roads/jakarta-2025-03-04-road-features.geojson#feature-262,0.1083,low,0.13240422099513033,0.19557327737451272,0.24253677976303398,0.26674318239907885
osm-1321537155-1321537157-0,748858218,app/data/roads/jakarta-2025-03-04-road-features.geojson#feature-263,0.1557,low,0.18812823157329558,0.2696208732251559,0.32713455264862734,0.3558180122032245
osm-1321537157-5078382203-0,748858217,app/data/roads/jakarta-2025-03-04-road-features.geojson#feature-264,0.1558,low,0.18824441529868763,0.2697706618480316,0.32730197468118427,0.3559923473680913
osm-1325257182-316742986-0,687317706,app/data/roads/jakarta-2025-03-04-road-features.geojson#feature-265,0.1407,low,0.1706355157255563,0.2468546956855342,0.3015168496471844,0.32905258061703047
osm-1330696490-1337745188-0,688681364,app/data/roads/jakarta-2025-03-04-road-features.geojson#feature-266,0.0416,low,0.051719922128919696,0.07994200959492676,0.10268305088575856,0.11505144525401258
osm-1334087900-7027128992-0,28847119,app/data/roads/jakarta-2025-03-04-road-features.geojson#feature-267,0.1613,low,0.19462570495102477,0.2779692487634171,0.3364434264979248,0.3654997320233489
osm-1334087929-1321228575-0,493815282|493815283|28851254,app/data/roads/jakarta-2025-03-04-road-features.geojson#feature-268,0.1423,low,0.17250759364793317,0.24931161877708616,0.30429800539454493,0.3319670109997076
osm-1336909413-1321228560-0,754062956,app/data/roads/jakarta-2025-03-04-road-features.geojson#feature-269,0.1638,low,0.1975205783869039,0.2816702233324988,0.3405557343741726,0.36976928206540094
osm-1337745188-326484370-0,250867282|692996349|754381189,app/data/roads/jakarta-2025-03-04-road-features.geojson#feature-270,0.0992,low,0.12155493908884131,0.18062550368805277,0.2250035518867573,0.24803305976946052
osm-1342878909-6434923286-0,119540281,app/data/roads/jakarta-2025-03-04-road-features.geojson#feature-271,0.1817,low,0.2181442305951211,0.30771105886136896,0.36924222313424676,0.39942605548570714
osm-1342878927-7516900856-0,427815402,app/data/roads/jakarta-2025-03-04-road-features.geojson#feature-272,0.5879,high,0.6419066165517027,0.7406444293405171,0.7899615745470775,0.8103530379026262
osm-1342878941-7149726253-0,1242664246,app/data/roads/jakarta-2025-03-04-road-features.geojson#feature-273,0.4624,medium,0.5194086772059735,0.6325902943894061,0.6939642483446903,0.7203766041389613
osm-1342878941-11501464546-0,1238183821,app/data/roads/jakarta-2025-03-04-road-features.geojson#feature-274,0.068,low,0.08397943248450083,0.12743894308521556,0.16132231801532712,0.17934224665660542
osm-1342878987-7105384963-0,525578217|525578220|119540281,app/data/roads/jakarta-2025-03-04-road-features.geojson#feature-275,0.1826,low,0.2191763967473117,0.30899952911540646,0.3706503969625805,0.40087618210700815
osm-1342878998-330409714-0,827284596|723057935,app/data/roads/jakarta-2025-03-04-road-features.geojson#feature-276,0.1468,low,0.17776487247225883,0.2561849025485376,0.3120570508551228,0.3400866848754268
osm-1342879000-4822315952-0,1284913315,app/data/roads/jakarta-2025-03-04-road-features.geojson#feature-277,0.1128,low,0.1377510589730826,0.20287455246139394,0.2510441696564276,0.27579050480428663
osm-1342879017-1342878987-0,525578220,app/data/roads/jakarta-2025-03-04-road-features.geojson#feature-278,0.2284,low,0.27110774570084917,0.3720720406005878,0.43832448994857887,0.4699480465260609
osm-1345781623-12504052406-0,27945891,app/data/roads/jakarta-2025-03-04-road-features.geojson#feature-279,0.0339,low,0.04222929912663526,0.06563104945496877,0.08467573209326096,0.09510499670395778
osm-1351484887-13657075638-0,717267441|1295786981,app/data/roads/jakarta-2025-03-04-road-features.geojson#feature-280,0.0605,low,0.0748585546456058,0.1141863737865677,0.14513223935045255,0.16169237346864163
osm-1359134207-2379121074-0,119909339,app/data/roads/jakarta-2025-03-04-road-features.geojson#feature-281,0.0987,low,0.12095739287778351,0.17979700966320322,0.22402715843850007,0.2469885798505519
osm-1359134207-2379121077-0,753391157,app/data/roads/jakarta-2025-03-04-road-features.geojson#feature-282,0.0212,low,0.026494457940058034,0.041554921513264315,0.05401713397385984,0.060921597291009925
osm-1359134222-1330696490-0,753391155|1074066710,app/data/roads/jakarta-2025-03-04-road-features.geojson#feature-283,0.0353,low,0.04395763073278459,0.06824890284396726,0.08798169953401311,0.09877421039107741
osm-1362598302-4926601878-0,491037925,app/data/roads/jakarta-2025-03-04-road-features.geojson#feature-284,0.1185,low,0.14450652149335239,0.21203836271560156,0.26166954695937217,0.28706182070346237
osm-1362598310-1362598302-0,691349041,app/data/roads/jakarta-2025-03-04-road-features.geojson#feature-285,0.1336,low,0.16231024352717552,0.23586829536104983,0.289031293850626,0.3159425506162362
osm-1363190326-4529694108-0,28219053,app/data/roads/jakarta-2025-03-04-road-features.geojson#feature-286,0.1039,low,0.12716457510416668,0.18837660364301384,0.2341149013078542,0.25776679787286566
osm-1373715020-1373715051-0,754062956,app/data/roads/jakarta-2025-03-04-road-features.geojson#feature-287,0.0466,low,0.057862823321184594,0.08912188643430496,0.11415032828639013,0.12770340443774275
osm-1373715051-9037288082-0,754062956,app/data/roads/jakarta-2025-03-04-road-features.geojson#feature-288,0.0437,low,0.05430183876171224,0.08380828892899335,0.10752063750682235,0.1203935486911245
osm-1376428022-7029385572-0,805801284,app/data/roads/jakarta-2025-03-04-road-features.geojson#feature-289,0.2191,low,0.2606562179821507,0.35964874767410615,0.42518695829654085,0.45663325628256196
osm-1417312748-4548266267-0,427815402,app/data/roads/jakarta-2025-03-04-road-features.geojson#feature-290,0.2934,medium,0.34286117717293346,0.4539067375490776,0.5226033622847988,0.5543066900669162
osm-1417319126-7117458776-0,427815402,app/data/roads/jakarta-2025-03-04-road-features.geojson#feature-291,0.2601,medium,0.3063815806629551,0.41303835508456704,0.480997685511826,0.5128886581263661
osm-1420142081-5379768929-0,996202380,app/data/roads/jakarta-2025-03-04-road-features.geojson#feature-292,0.1039,low,0.12716457510416668,0.18837660364301384,0.2341149013078542,0.25776679787286566
osm-1423006391-328336623-0,688666786|1526201599|593601261|754690151,app/data/roads/jakarta-2025-03-04-road-features.geojson#feature-293,0.2529,medium,0.2984171446428805,0.40391590865785176,0.47158018860650985,0.5034524536468536
osm-1663918523-191506029-0,630154039,app/data/roads/jakarta-2025-03-04-road-features.geojson#feature-294,0.0815,low,0.10031037842784886,0.15082961491361396,0.18958086552031003,0.20996706339854518
osm-1675425882-13606201442-0,1483900145,app/data/roads/jakarta-2025-03-04-road-features.geojson#feature-295,0.0705,low,0.08701206422482591,0.13181513213228543,0.16663983508434857,0.18512262899631324
osm-1675426142-13606278105-0,592537468,app/data/roads/jakarta-2025-03-04-road-features.geojson#feature-296,0.0846,low,0.10404481710158416,0.1561184653195052,0.19591503414569136,0.2168001503417895
osm-1675426257-13663493364-0,592537468,app/data/roads/jakarta-2025-03-04-road-features.geojson#feature-297,0.0374,low,0.04654782252776551,0.0721624121285536,0.09291388724769646,0.10424226528113167
osm-1675426300-13606475672-0,592537468,app/data/roads/jakarta-2025-03-04-road-features.geojson#feature-298,0.0863,low,0.10609026795954214,0.1590059661757381,0.1993647031786945,0.22051671181842095
osm-1675426459-13664998461-0,1001445850,app/data/roads/jakarta-2025-03-04-road-features.geojson#feature-299,0.0825,low,0.10151567159237719,0.15253901080675283,0.1916303320462596,0.21217921520700475
osm-1675488274-316374560-0,749959422,app/data/roads/jakarta-2025-03-04-road-features.geojson#feature-300,0.055,low,0.06814791489239277,0.1043478678564397,0.1330278029470981,0.14844661219793667
osm-1682808537-8555984047-0,278788931,app/data/roads/jakarta-2025-03-04-road-features.geojson#feature-301,0.0706,low,0.08713329002412466,0.13198975388212816,0.16685172453826877,0.1853527929435785
osm-1682844228-5647102762-0,754061608|1040471430,app/data/roads/jakarta-2025-03-04-road-features.geojson#feature-302,0.0429,low,0.05331857592469826,0.08233725968605765,0.10568141055390234,0.1183633240336227
osm-1682844563-326484330-0,489977114,app/data/roads/jakarta-2025-03-04-road-features.geojson#feature-303,0.0935,low,0.11473403800818464,0.17113568558000433,0.21379052083826977,0.23602187439097838
osm-1695811540-4778418534-0,485066385|485066386,app/data/roads/jakarta-2025-03-04-road-features.geojson#feature-304,0.1277,low,0.15536971957346568,0.22663334227088952,0.27847340978690227,0.30482310512412664
osm-1695811568-9118916175-0,485066386,app/data/roads/jakarta-2025-03-04-road-features.geojson#feature-305,0.0489,low,0.060683331654503035,0.09331519139116887,0.11936693254414035,0.133446073734148
osm-1696170853-5374804755-0,763467199,app/data/roads/jakarta-2025-03-04-road-features.geojson#feature-306,0.0536,low,0.06643676944908317,0.1018270924969895,0.12991469005958012,0.145033030968948
osm-1709500939-326484165-0,489977114|754061606,app/data/roads/jakarta-2025-03-04-road-features.geojson#feature-307,0.0243,low,0.030344646206491136,0.04748694593916073,0.06161379382697057,0.06941800714414835
osm-1757800736-1757800861-0,320147641,app/data/roads/jakarta-2025-03-04-road-features.geojson#feature-308,0.1354,low,0.1644236492776828,0.23866660176280696,0.2922191191262632,0.3192938913381858
osm-1757800787-3723599609-0,749334210,app/data/roads/jakarta-2025-03-04-road-features.geojson#feature-309,0.1023,low,0.12525639162152202,0.1857453639478574,0.23102664341710688,0.25447020594747605
osm-1757800816-1757800865-0,688087388,app/data/roads/jakarta-2025-03-04-road-features.geojson#feature-310,0.2013,low,0.24051997772912756,0.3353336403196187,0.399203230115231,0.4301659415960556
osm-1757800817-1757800859-0,758395823,app/data/roads/jakarta-2025-03-04-road-features.geojson#feature-311,0.141,low,0.17098664331146324,0.2473158944459907,0.30203921769119607,0.32960014249950853
osm-1757800817-9664769720-0,1493373933,app/data/roads/jakarta-2025-03-04-road-features.geojson#feature-312,0.2817,medium,0.3301102570297656,0.4397898989193273,0.508338814461524,0.5401559021299809
osm-1757800846-7082864214-0,164124675,app/data/roads/jakarta-2025-03-04-road-features.geojson#feature-313,0.0521,low,0.06460205338025382,0.09911880471074645,0.1265646269849895,0.14135645300687175
osm-1757800859-1757800846-0,1123241708,app/data/roads/jakarta-2025-03-04-road-features.geojson#feature-314,0.2818,medium,0.3302195416992763,0.4399116490798611,0.5084623175565967,0.5402786408415711
osm-1757800861-6776762981-0,320147637,app/data/roads/jakarta-2025-03-04-road-features.geojson#feature-315,0.1037,low,0.12692613561434848,0.18804811655160478,0.23372962514109313,0.2573556775995753
osm-1757800861-7082864214-0,320147638,app/data/roads/jakarta-2025-03-04-road-features.geojson#feature-316,0.1353,low,0.16430628733376443,0.23851137344634557,0.2920424210833547,0.3191082030175305
osm-1757800865-9009175767-0,688087384,app/data/roads/jakarta-2025-03-04-road-features.geojson#feature-317,0.0171,low,0.021392908995990036,0.03365370591222472,0.043854786182073204,0.049528307890413466
osm-1782804895-309824120-0,1261908059|28190908|28190910,app/data/roads/jakarta-2025-03-04-road-features.geojson#feature-318,0.1678,low,0.20214497120236397,0.2875587732825054,0.3470805193845907,0.3765341894503389
osm-1782804903-1782804895-0,414029876,app/data/roads/jakarta-2025-03-04-road-features.geojson#feature-319,0.2406,low,0.2847471271371591,0.38808642548549954,0.4551236224071678,0.4869085131248571
osm-1783134145-6336788292-0,28219234,app/data/roads/jakarta-2025-03-04-road-features.geojson#feature-320,0.076,low,0.09367042350537386,0.14137104977217788,0.1782021666798522,0.1976632145304715
osm-1993475640-6429880632-0,759046780|759046781|233451463,app/data/roads/jakarta-2025-03-04-road-features.geojson#feature-321,0.0597,low,0.07388362072933927,0.11276167599762853,0.14338392996076943,0.1597818614896493
osm-2019635436-13772607355-0,1285607130,app/data/roads/jakarta-2025-03-04-road-features.geojson#feature-322,0.0271,low,0.03381700841329123,0.052814072695150364,0.06841186106505555,0.07700647936128054
osm-2032758147-29939211-0,684088513|560883982,app/data/roads/jakarta-2025-03-04-road-features.geojson#feature-323,0.0714,low,0.08810287653537356,0.13338555245723946,0.16854460488087566,0.1871912103886289
osm-2032872437-29939141-0,37018609,app/data/roads/jakarta-2025-03-04-road-features.geojson#feature-324,0.0429,low,0.05331857592469826,0.08233725968605765,0.10568141055390234,0.1183633240336227
osm-2209098563-6459032697-0,761320320|761320315,app/data/roads/jakarta-2025-03-04-road-features.geojson#feature-325,0.0725,low,0.08943542003794391,0.13530136987759148,0.1708658457886541,0.18971066263758063
osm-2210464501-315712058-0,592276676,app/data/roads/jakarta-2025-03-04-road-features.geojson#feature-326,0.0425,low,0.05282679479346811,0.08160089699485566,0.10476010870313396,0.11734597125070352
osm-2363808979-7120370231-0,1265458800|1498249123,app/data/roads/jakarta-2025-03-04-road-features.geojson#feature-327,0.0382,low,0.047533835295678575,0.07364910130931145,0.09478442406330269,0.1063141345162391
osm-2379121074-7039275702-0,688681379,app/data/roads/jakarta-2025-03-04-road-features.geojson#feature-328,0.1441,low,0.1746119098245189,0.25206743049636315,0.3074127195431999,0.33522846996362515
osm-2379121077-7039275702-0,229292350,app/data/roads/jakarta-2025-03-04-road-features.geojson#feature-329,0.0165,low,0.020645444502708367,0.03249207488877856,0.04235647628022327,0.04784586036994935
osm-2399364732-11299364779-0,764298933,app/data/roads/jakarta-2025-03-04-road-features.geojson#feature-330,0.3105,medium,0.3613696090186095,0.47408500675554865,0.5428000479398207,0.5742547937674454
osm-2400147489-7246473924-0,28219053,app/data/roads/jakarta-2025-03-04-road-features.geojson#feature-331,0.0206,low,0.025748556602018517,0.0404026182003479,0.052538200849425815,0.05926547021914873
osm-2415521692-1150900577-0,689869177|689869178,app/data/roads/jakarta-2025-03-04-road-features.geojson#feature-332,0.1414,low,0.1714547322973468,0.24793044841669812,0.3027350605257042,0.3303294297125519
osm-2415521737-4466384617-0,764016540,app/data/roads/jakarta-2025-03-04-road-features.geojson#feature-333,0.6109,high,0.6636170724457231,0.7586196726509838,0.8054167706038509,0.8246408533836085
osm-2415817217-454066598-0,233226576|453477922|453477923,app/data/roads/jakarta-2025-03-04-road-features.geojson#feature-334,0.1833,low,0.21997887792939877,0.3100003155752741,0.3717434373635616,0.4020014219879198
osm-2415823492-5668231819-0,728260125,app/data/roads/jakarta-2025-03-04-road-features.geojson#feature-335,0.2509,medium,0.29619989564789445,0.4013632325414479,0.46893629764640765,0.5007992225172392
osm-2516439291-316395244-0,1330857681|749676831,app/data/roads/jakarta-2025-03-04-road-features.geojson#feature-336,0.0742,low,0.09149335382811234,0.1382544483136794,0.17443856099480437,0.19358541412571909
osm-2516439291-2415521737-0,594027808,app/data/roads/jakarta-2025-03-04-road-features.geojson#feature-337,0.2021,low,0.24142872954678876,0.3364419313158996,0.40039545096553597,0.4313842371630372
osm-2589974180-5334300227-0,28132208,app/data/roads/jakarta-2025-03-04-road-features.geojson#feature-338,0.0355,low,0.0442044348189791,0.06862230306131134,0.08845281196179454,0.09929682111888755
osm-2589977444-2589977470-0,685545461,app/data/roads/jakarta-2025-03-04-road-features.geojson#feature-339,0.1056,low,0.1291903489574469,0.19116393789649722,0.2373810670811447,0.2612503782164643
osm-2589977470-5388329052-0,613723908|685545461,app/data/roads/jakarta-2025-03-04-road-features.geojson#feature-340,0.0814,low,0.10018981579507366,0.15065850116062346,0.18937559332478526,0.20974543054395323
osm-2821400645-5671270622-0,521161628,app/data/roads/jakarta-2025-03-04-road-features.geojson#feature-341,0.063,low,0.07790268494749353,0.11862470997086927,0.1505689605956143,0.16762780288382387
osm-2836706754-13030921685-0,279455518,app/data/roads/jakarta-2025-03-04-road-features.geojson#feature-342,0.1049,low,0.12835641516191462,0.19001725244748635,0.23603805360975275,0.2598183294127409
osm-2836706756-4696797079-0,279455519,app/data/roads/jakarta-2025-03-04-road-features.geojson#feature-343,0.0804,low,0.09898385612824254,0.14894561860315764,0.18731960605402795,0.20752491017950467
osm-2836706758-2836737300-0,279455520,app/data/roads/jakarta-2025-03-04-road-features.geojson#feature-344,0.081,low,0.09970750466600646,0.14997372904731324,0.18855391136363966,0.20885813776221254
osm-2836737300-5379768936-0,1312175634|1312173531|562374422,app/data/roads/jakarta-2025-03-04-road-features.geojson#feature-345,0.0579,low,0.07168857771757216,0.10954821449431418,0.1394349461260449,0.15546321938077728
osm-2872136862-1275851646-0,28765421,app/data/roads/jakarta-2025-03-04-road-features.geojson#feature-346,0.0359,low,0.04469796770793361,0.0693686702069252,0.08939416305028865,0.10034087494660865
osm-2882028353-6347347053-0,39741723,app/data/roads/jakarta-2025-03-04-road-features.geojson#feature-347,0.0314,low,0.03913992954919668,0.06093860455489172,0.07873638473722079,0.08850485070595654
osm-3266324655-9697006214-0,320137104|1265685673,app/data/roads/jakarta-2025-03-04-road-features.geojson#feature-348,0.1232,low,0.1500624090930388,0.2195244128566558,0.2703067372007479,0.2962009137746991
osm-3266332372-3266324655-0,760494170,app/data/roads/jakarta-2025-03-04-road-features.geojson#feature-349,0.0693,low,0.0855568779675959,0.12971711937314426,0.16409230356394475,0.18235436792542867
osm-3266396596-5671006753-0,713318115|688117574,app/data/roads/jakarta-2025-03-04-road-features.geojson#feature-350,0.1279,low,0.1556053246695015,0.2269479760430122,0.27883406461372273,0.3052034506812471
osm-3266396597-6451233565-0,688087385|688087386,app/data/roads/jakarta-2025-03-04-road-features.geojson#feature-351,0.213,low,0.25377523517984624,0.35139653249890623,0.4164088413212458,0.44771158544956463
osm-3266396608-9471064862-0,688103037,app/data/roads/jakarta-2025-03-04-road-features.geojson#feature-352,0.0883,low,0.10849444720685367,0.16239145795006468,0.20340166747650873,0.2248616935309123
osm-3415432182-11039838816-0,229358585|823712852|1168169733,app/data/roads/jakarta-2025-03-04-road-features.geojson#feature-353,0.1144,low,0.13964926677689957,0.20545632883767911,0.25404358678207206,0.2789754549164815
osm-3507031383-310008087-0,803287868,app/data/roads/jakarta-2025-03-04-road-features.geojson#feature-354,0.0571,low,0.07071236173923413,0.1081164907584714,0.1376730130904699,0.15353488426815842
osm-3507893559-3507031383-0,193670995|1289622790,app/data/roads/jakarta-2025-03-04-road-features.geojson#feature-355,0.0515,low,0.06386777674557162,0.09803332242318255,0.12522035482495938,0.13988023411473302
osm-3709514014-3709514015-0,1281346440,app/data/roads/jakarta-2025-03-04-road-features.geojson#feature-356,0.0629,low,0.07778099351391699,0.1184475780553221,0.1503522661055802,0.16739139581408682
osm-3709514015-3709514017-0,1281346440,app/data/roads/jakarta-2025-03-04-road-features.geojson#feature-357,0.0553,low,0.06851443124253669,0.1048871623862813,0.13369319681358394,0.14917585935435035
osm-3709514017-3709514018-0,1281346440,app/data/roads/jakarta-2025-03-04-road-features.geojson#feature-358,0.0576,low,0.07132254299830826,0.10901157234493093,0.13877471526811538,0.15474074074803543
osm-3709514018-7112944949-0,1281346440,app/data/roads/jakarta-2025-03-04-road-features.geojson#feature-359,0.0261,low,0.032577447891652254,0.05091487064277301,0.06599083823607971,0.07430556218989419
osm-3723599608-309880841-0,518966609|1220258257,app/data/roads/jakarta-2025-03-04-road-features.geojson#feature-360,0.1473,low,0.17834829258044074,0.25694526738205703,0.3129134833000497,0.3409819149165822
osm-3723599609-7070168315-0,514485760,app/data/roads/jakarta-2025-03-04-road-features.geojson#feature-361,0.1245,low,0.1515968518084229,0.22158395695991917,0.27267626128264305,0.29870450796611175
osm-3723599610-3723599621-0,368501425,app/data/roads/jakarta-2025-03-04-road-features.geojson#feature-362,0.1442,low,0.17472876132927548,0.2522202765239944,0.3075853239320318,0.3354091287146749
osm-3723599620-5372153155-0,688117572,app/data/roads/jakarta-2025-03-04-road-features.geojson#feature-363,0.114,low,0.1391748567622337,0.20481158111759745,0.25329497345268925,0.2781807705177054
osm-3723599621-4859114434-0,688087393,app/data/roads/jakarta-2025-03-04-road-features.geojson#feature-364,0.115,low,0.14036070447580062,0.20642258167054894,0.25516496028598284,0.28016554703441815
osm-3723634710-4152867179-0,368504608|1104824523,app/data/roads/jakarta-2025-03-04-road-features.geojson#feature-365,0.1453,low,0.176013746410432,0.25389981850586085,0.3094809601102068,0.33739268635172215
osm-3723634711-8132787924-0,754381986,app/data/roads/jakarta-2025-03-04-road-features.geojson#feature-366,0.1657,low,0.1997183000777869,0.2844723310763947,0.34366338572989585,0.3729927315253895
osm-3723635038-3723635056-0,685778041|368504610|368504613,app/data/roads/jakarta-2025-03-04-road-features.geojson#feature-367,0.1993,low,0.23824654567231662,0.3325564345013045,0.3962123800425942,0.42710802841777046
osm-3723635056-3723634711-0,754381985|1221535620|1221535621,app/data/roads/jakarta-2025-03-04-road-features.geojson#feature-368,0.1158,low,0.14130895721965522,0.2077092997396956,0.2566572453245881,0.2817487360298519
osm-3723635058-2415823492-0,754381984|1227523899|754381983,app/data/roads/jakarta-2025-03-04-road-features.geojson#feature-369,0.1075,low,0.13145241430415097,0.19426905134143221,0.2410132002110294,0.26512076494502
osm-3763648673-328965954-0,372816396,app/data/roads/jakarta-2025-03-04-road-features.geojson#feature-370,0.1269,low,0.1544270650475132,0.22537368862075224,0.2770288357340099,0.3032993006979434
osm-3869782797-13453045134-0,745193778,app/data/roads/jakarta-2025-03-04-road-features.geojson#feature-371,0.0723,low,0.08919319432068443,0.13495333227878178,0.17044435778848996,0.18925329928416593
osm-3981137758-8995440646-0,18056345,app/data/roads/jakarta-2025-03-04-road-features.geojson#feature-372,0.1268,low,0.15430920688361663,0.22521610595326208,0.2768480437406991,0.30310855217012495
osm-4152867155-317190987-0,691258747,app/data/roads/jakarta-2025-03-04-road-features.geojson#feature-373,0.0877,low,0.1077734467709398,0.16137711979994368,0.20219300449490057,0.22356129783276754
osm-4152867163-6430860592-0,28851150,app/data/roads/jakarta-2025-03-04-road-features.geojson#feature-374,0.5794,high,0.633826740941476,0.7338687662188929,0.7840987441276652,0.8049188356162349
osm-4152867172-4152867155-0,28847153|751720306|28847154|1525925078,app/data/roads/jakarta-2025-03-04-road-features.geojson#feature-375,0.0637,low,0.0787543529717461,0.11986369929534889,0.1520840237545697,0.1692803088072218
osm-4152867179-6331233983-0,1288928358,app/data/roads/jakarta-2025-03-04-road-features.geojson#feature-376,0.1197,low,0.14592628169743463,0.21395567860108158,0.2638853483895183,0.289408359413636
osm-4152867689-4914353893-0,685347200,app/data/roads/jakarta-2025-03-04-road-features.geojson#feature-377,0.1394,low,0.16911335988471793,0.24485335694581575,0.2992484290607023,0.3266738860946338
osm-4235574904-4235574906-0,28779908,app/data/roads/jakarta-2025-03-04-road-features.geojson#feature-378,0.0689,low,0.08507162024291383,0.12901673324272075,0.16324112835216317,0.18142902450339804
osm-4235574906-5377177680-0,169300296|28779908|169300294,app/data/roads/jakarta-2025-03-04-road-features.geojson#feature-379,0.1275,low,0.15513409106673873,0.2263185967022197,0.27811255964431214,0.3044425175783985
osm-4258201115-3415432182-0,1301960076,app/data/roads/jakarta-2025-03-04-road-features.geojson#feature-380,0.1324,low,0.16090025765323984,0.23399780779553675,0.28689750191510294,0.3136977447402242
osm-4260761277-11899737707-0,1282308966,app/data/roads/jakarta-2025-03-04-road-features.geojson#feature-381,0.0689,low,0.08507162024291383,0.12901673324272075,0.16324112835216317,0.18142902450339804
osm-4269900330-11350075105-0,696175332,app/data/roads/jakarta-2025-03-04-road-features.geojson#feature-382,0.2262,low,0.26863959755073713,0.36915023824160137,0.4352430395302702,0.46682905511316164
osm-4404259357-4556570177-0,562407886,app/data/roads/jakarta-2025-03-04-road-features.geojson#feature-383,0.1183,low,0.1442698123114646,0.21171840938832254,0.2612995378998569,0.286669847099623
osm-4466078450-315684305-0,1243496204,app/data/roads/jakarta-2025-03-04-road-features.geojson#feature-384,0.0919,low,0.11281589613343226,0.16845403904420828,0.21061031971991792,0.23260881569657027
osm-4466384616-328320081-0,533111361|28774450,app/data/roads/jakarta-2025-03-04-road-features.geojson#feature-385,0.2843,medium,0.3329499600087714,0.4429492326977539,0.5115409295291319,0.5433369520216838
osm-4466384617-5466187936-0,508942939|1527569132,app/data/roads/jakarta-2025-03-04-road-features.geojson#feature-386,0.1801,low,0.21630814368605122,0.3054155852319958,0.3667308928820364,0.3968385927358129
osm-4476152430-4546109600-0,756138856|630466957,app/data/roads/jakarta-2025-03-04-road-features.geojson#feature-387,0.0365,low,0.045438078890180145,0.07048713895888983,0.09080400931301996,0.101904043133012
osm-4488259486-4476152430-0,450695536,app/data/roads/jakarta-2025-03-04-road-features.geojson#feature-388,0.0308,low,0.038397895828859656,0.05980902511269496,0.0773040574110297,0.08691158538601149
osm-4499976535-4499997606-0,699354251,app/data/roads/jakarta-2025-03-04-road-features.geojson#feature-389,0.0228,low,0.02848241211565628,0.04462110945201508,0.057947268482838384,0.06531939426644355
osm-4499997606-8208701324-0,699354251,app/data/roads/jakarta-2025-03-04-road-features.geojson#feature-390,0.0962,low,0.11796741782555331,0.175643184467406,0.21912448467784618,0.24173995461090558
osm-4502070108-5436662071-0,453477916,app/data/roads/jakarta-2025-03-04-road-features.geojson#feature-391,0.0272,low,0.03394092972881933,0.05300378917043978,0.06865354613210982,0.07727600881323524
osm-4502070116-7104997606-0,1225488988,app/data/roads/jakarta-2025-03-04-road-features.geojson#feature-392,0.084,low,0.10332247629703174,0.1550971815125867,0.19469347529216635,0.21548326730426842
osm-4502213975-4502213976-0,453493773,app/data/roads/jakarta-2025-03-04-road-features.geojson#feature-393,0.1377,low,0.16712136875909336,0.24222930983865823,0.29627014844759186,0.32354867951983096
osm-4502213976-9699963783-0,696654482,app/data/roads/jakarta-2025-03-04-road-features.geojson#feature-394,0.0804,low,0.09898385612824254,0.14894561860315764,0.18731960605402795,0.20752491017950467
osm-4502213977-4502213979-0,39741723,app/data/roads/jakarta-2025-03-04-road-features.geojson#feature-395,0.0341,low,0.04247627899034385,0.0660054632279523,0.08514889153442683,0.09563034514505667
osm-4502213979-4502214206-0,989332721|759677174,app/data/roads/jakarta-2025-03-04-road-features.geojson#feature-396,0.0349,low,0.0434639472578195,0.0675016687008131,0.08703859955881912,0.09772781912955375
osm-4502214206-4502214225-0,759677173,app/data/roads/jakarta-2025-03-04-road-features.geojson#feature-397,0.0948,low,0.11629139636634228,0.17330874258906218,0.21636381906586633,0.2387814912574125
osm-4502214222-4502214223-0,759677173,app/data/roads/jakarta-2025-03-04-road-features.geojson#feature-398,0.0561,low,0.06949153628431876,0.10632378072930547,0.13546465510308384,0.15111668006520346
osm-4502214223-7096117327-0,759677173,app/data/roads/jakarta-2025-03-04-road-features.geojson#feature-399,0.0277,low,0.034560441608791216,0.053951816786283545,0.0698608364559488,0.07862212726142032
osm-4502214225-4502214222-0,759677173,app/data/roads/jakarta-2025-03-04-road-features.geojson#feature-400,0.119,low,0.14509819132859653,0.21283774487037005,0.26259368273222533,0.28804064869262475
osm-4504091329-7241544817-0,28775346,app/data/roads/jakarta-2025-03-04-road-features.geojson#feature-401,0.1338,low,0.16254515957436852,0.2361796577472609,0.289386257456263,0.31631586006577406
osm-4505735373-1163404654-0,755340964,app/data/roads/jakarta-2025-03-04-road-features.geojson#feature-402,0.1113,low,0.13597011322325606,0.20044737456926623,0.24822014944721613,0.2727895018093103
osm-4507955830-4507955831-0,454203125,app/data/roads/jakarta-2025-03-04-road-features.geojson#feature-403,0.0523,low,0.06484676269206088,0.0994803566028091,0.12701217735549125,0.14184781475427
osm-4507955831-5205645925-0,454203124,app/data/roads/jakarta-2025-03-04-road-features.geojson#feature-404,0.216,low,0.2571618750165134,0.35546536042043,0.42074212852816234,0.45211825768816233
osm-4507989466-10090309233-0,454203124,app/data/roads/jakarta-2025-03-04-road-features.geojson#feature-405,0.1399,low,0.16969892042596937,0.24562364367154083,0.30012182790114306,0.327589910244297
osm-4529694108-317157768-0,28213347|1343709123|28847238|699354471,app/data/roads/jakarta-2025-03-04-road-features.geojson#feature-406,0.0298,low,0.03716066919181931,0.05792346264731067,0.07491088563203449,0.08424814185275407
osm-4541302315-6332686268-0,11671655,app/data/roads/jakarta-2025-03-04-road-features.geojson#feature-407,0.0404,low,0.05024330499958168,0.07772568763199515,0.09990471385623306,0.11198021486271763
osm-4546076824-186669834-0,248618360,app/data/roads/jakarta-2025-03-04-road-features.geojson#feature-408,0.0668,low,0.08252241084003455,0.12533107483859954,0.15875597887540968,0.1765495892600621
osm-4546100816-9144167875-0,28216264,app/data/roads/jakarta-2025-03-04-road-features.geojson#feature-409,0.1205,low,0.14687231743699822,0.21523160409562445,0.2653585111161985,0.2909676860322986
osm-4546109600-7062375566-0,756138856,app/data/roads/jakarta-2025-03-04-road-features.geojson#feature-410,0.1472,low,0.17823162009654653,0.2567932475210124,0.31274228716291413,0.34080297936240733
osm-4548266264-1342879017-0,691337120|458897457,app/data/roads/jakarta-2025-03-04-road-features.geojson#feature-411,0.4088,medium,0.46491522334791135,0.5805670260523107,0.6457648921469157,0.6743852485854686
osm-4548266267-9527050428-0,427815402,app/data/roads/jakarta-2025-03-04-road-features.geojson#feature-412,0.3061,medium,0.35662159172347535,0.4689434913536654,0.5376751967973692,0.5692026954802772
osm-4548266741-1163404589-0,745207256,app/data/roads/jakarta-2025-03-04-road-features.geojson#feature-413,0.1041,low,0.12740299076313275,0.18870497153780944,0.23449996199840223,0.25817764646578945
osm-4548266748-6459323552-0,1528624384|1526148738|561430258|458897465|458897466|688708541|688708543,app/data/roads/jakarta-2025-03-04-road-features.geojson#feature-414,0.1162,low,0.14178294186030005,0.20835196602012881,0.257402156769661,0.28253879195696435
osm-4548266763-12745135294-0,749318590,app/data/roads/jakarta-2025-03-04-road-features.geojson#feature-415,0.2031,low,0.24256417075931264,0.337825219328335,0.40188243242244603,0.43290321457964687
osm-4548266767-5374282155-0,749318625|674371738|487370075,app/data/roads/jakarta-2025-03-04-road-features.geojson#feature-416,0.0797,low,0.09813932358600265,0.14774470985802904,0.18587687328243896,0.20596599708722185
osm-4548266823-5013211786-0,11670123,app/data/roads/jakarta-2025-03-04-road-features.geojson#feature-417,0.0737,low,0.09088826205566175,0.13738686814986445,0.17338960373398093,0.19244816011312796
osm-4548267014-4548267015-0,427815402,app/data/roads/jakarta-2025-03-04-road-features.geojson#feature-418,0.1033,low,0.1264491851278621,0.18739078451924387,0.23295842565505623,0.2565326209332629
osm-4548267015-1417319126-0,427815402,app/data/roads/jakarta-2025-03-04-road-features.geojson#feature-419,0.2361,low,0.2797255779100052,0.3822163287505111,0.44898353813369357,0.480717936976559
osm-4551137763-7140161059-0,119540281,app/data/roads/jakarta-2025-03-04-road-features.geojson#feature-420,0.2715,medium,0.3189356846401394,0.4272706445816138,0.4955944887146456,0.527469672092389
osm-4551163746-4551163784-0,723778120,app/data/roads/jakarta-2025-03-04-road-features.geojson#feature-421,0.0294,low,0.03666560212778185,0.05716821014367091,0.07395152455829843,0.08317995341692903
osm-4551163746-5506920811-0,973979024,app/data/roads/jakarta-2025-03-04-road-features.geojson#feature-422,0.0639,low,0.07899763141773569,0.12021739628647858,0.15251632178338154,0.16975170140110932
osm-4551163784-4551163787-0,30177595,app/data/roads/jakarta-2025-03-04-road-features.geojson#feature-423,0.1745,low,0.20987047835677636,0.2973321019465929,0.35786068096588475,0.387685974565692
osm-4551163787-332526386-0,758174292,app/data/roads/jakarta-2025-03-04-road-features.geojson#feature-424,0.127,low,0.15454491735524647,0.2255312432794463,0.27720957873941726,0.30348998849715747
osm-4556570177-9531434128-0,751715002|760235331,app/data/roads/jakarta-2025-03-04-road-features.geojson#feature-425,0.0754,low,0.09294495277194256,0.14033334375722537,0.17694982434757056,0.19630677658829523
osm-4564612508-1363190326-0,28219053,app/data/roads/jakarta-2025-03-04-road-features.geojson#feature-426,0.073,low,0.09004087758606316,0.1361708953115422,0.17191848759202086,0.19085267710618614
osm-4564847177-4871926648-0,454203124,app/data/roads/jakarta-2025-03-04-road-features.geojson#feature-427,0.1888,low,0.22627452194431666,0.31782256692745314,0.380265045994594,0.4107631500722389
osm-4564851111-4564851115-0,454203124,app/data/roads/jakarta-2025-03-04-road-features.geojson#feature-428,0.1525,low,0.18440732342514662,0.26481389159914764,0.3217538946933313,0.3502111244750934
osm-4564851115-4564847177-0,454203124,app/data/roads/jakarta-2025-03-04-road-features.geojson#feature-429,0.1895,low,0.22707457038467163,0.31881292936029926,0.38134121535175647,0.41186826925521297
osm-4566501487-6334659081-0,736957432,app/data/roads/jakarta-2025-03-04-road-features.geojson#feature-430,0.0263,low,0.0328254105335831,0.05129500764803244,0.06647565051814867,0.0748465648598064
osm-4566501796-6334537720-0,749995400,app/data/roads/jakarta-2025-03-04-road-features.geojson#feature-431,0.0377,low,0.04691762428902267,0.07272018965548384,0.09361587912219672,0.10501993711185231
osm-4566501805-4566501808-0,461101935,app/data/roads/jakarta-2025-03-04-road-features.geojson#feature-432,0.0693,low,0.0855568779675959,0.12971711937314426,0.16409230356394475,0.18235436792542867
osm-4566501806-4566501807-0,461101937,app/data/roads/jakarta-2025-03-04-road-features.geojson#feature-433,0.0529,low,0.06558074198091132,0.10056418676857752,0.12835321083630033,0.1433197717374436
osm-4566501807-4566501808-0,461101932,app/data/roads/jakarta-2025-03-04-road-features.geojson#feature-434,0.0286,low,0.03567516541446528,0.05565593990391596,0.07202920316869862,0.0810387376390098
osm-4566501808-4566501816-0,461101935,app/data/roads/jakarta-2025-03-04-road-features.geojson#feature-435,0.02,low,0.025002426816008255,0.03924895688926045,0.05105645565839992,0.0576055301144422
osm-4566501813-4566501888-0,100992854,app/data/roads/jakarta-2025-03-04-road-features.geojson#feature-436,0.0323,low,0.04025255534428774,0.06263050747606284,0.08087986687850736,0.09088802919687686
osm-4566501816-4566501813-0,1122535985,app/data/roads/jakarta-2025-03-04-road-features.geojson#feature-437,0.0443,low,0.05503902401182859,0.08491007930158237,0.10889711118107188,0.12191230932700257
osm-4621777203-6135130582-0,28229340,app/data/roads/jakarta-2025-03-04-road-features.geojson#feature-438,0.0709,low,0.08749693077021405,0.13251342313610012,0.16748702007877786,0.1860428020082966
osm-4637530511-4637530516-0,28229340,app/data/roads/jakarta-2025-03-04-road-features.geojson#feature-439,0.0743,low,0.09161435390371722,0.13842786727788417,0.17464816879761141,0.1938126277944476
osm-4637530516-4621777203-0,28229340,app/data/roads/jakarta-2025-03-04-road-features.geojson#feature-440,0.1162,low,0.14178294186030005,0.20835196602012881,0.257402156769661,0.28253879195696435
osm-4658384434-8502330159-0,28847119,app/data/roads/jakarta-2025-03-04-road-features.geojson#feature-441,0.0446,low,0.05540753249822401,0.08546049904859872,0.10958440337138345,0.12267043746032714
osm-4666245577-4800316715-0,472413354|1499931370,app/data/roads/jakarta-2025-03-04-road-features.geojson#feature-442,0.1987,low,0.2375640832106774,0.3317214629524963,0.3953122442626722,0.42618724658817825
osm-4666246415-4666245577-0,472413396,app/data/roads/jakarta-2025-03-04-road-features.geojson#feature-443,0.0956,low,0.11724926680012614,0.17464344109455465,0.21794268159950436,0.2404737413603982
osm-4666246417-4666246415-0,1499931369|472413398,app/data/roads/jakarta-2025-03-04-road-features.geojson#feature-444,0.1802,low,0.216422941324969,0.305559234949155,0.36688814855169694,0.3970006651521845
osm-4696797079-2836706758-0,279455519,app/data/roads/jakarta-2025-03-04-road-features.geojson#feature-445,0.0613,low,0.07583309458931693,0.11560892014853909,0.14687638862897506,0.16359745110185958
osm-4746451654-1133676112-0,493859848,app/data/roads/jakarta-2025-03-04-road-features.geojson#feature-446,0.1048,low,0.12823725795312468,0.189853321432352,0.23584598014740585,0.259613480941686
osm-4746451654-7152827727-0,521164033|521164034|521164035,app/data/roads/jakarta-2025-03-04-road-features.geojson#feature-447,0.0068,low,0.00852956104932901,0.013519911844552607,0.01773002861711716,0.020094804747219693
osm-4746451656-1134953472-0,737509446,app/data/roads/jakarta-2025-03-04-road-features.geojson#feature-448,0.0782,low,0.09632860972058435,0.14516607456240474,0.1827754359918185,0.20261278494103724
osm-4748308350-4800316715-0,688635244,app/data/roads/jakarta-2025-03-04-road-features.geojson#feature-449,0.0434,low,0.05393316197237508,0.08325691775569904,0.10683145429093469,0.11963291342944192
osm-4749962821-4258201115-0,1509532459|1509532460|484909214|762924647,app/data/roads/jakarta-2025-03-04-road-features.geojson#feature-450,0.0435,low,0.054056060471143835,0.08344074343216994,0.10706125221736654,0.11988655161199366
osm-4750115938-5377076423-0,713583503,app/data/roads/jakarta-2025-03-04-road-features.geojson#feature-451,0.0587,low,0.07266439894605257,0.11097777087487434,0.14119267035876362,0.15738604397988207
osm-4750115942-4750115943-0,685613008,app/data/roads/jakarta-2025-03-04-road-features.geojson#feature-452,0.0623,low,0.07705071585876616,0.11738408507397292,0.14905074765799214,0.16597119135520252
osm-4750115943-9013891776-0,685613008,app/data/roads/jakarta-2025-03-04-road-features.geojson#feature-453,0.0241,low,0.03009643062524576,0.047105320299173956,0.06112592428853988,0.06887287784728989
osm-4750115944-9013891773-0,713585209,app/data/roads/jakarta-2025-03-04-road-features.geojson#feature-454,0.0875,low,0.10753306505192019,0.16103875795276135,0.20178965547435151,0.22312724355262248
osm-4751894442-13827879018-0,278788931,app/data/roads/jakarta-2025-03-04-road-features.geojson#feature-455,0.0606,low,0.07498039367904555,0.11436430963797001,0.14535048521151922,0.16193080488748068
osm-4758805504-12484094370-0,1295698630,app/data/roads/jakarta-2025-03-04-road-features.geojson#feature-456,0.0954,low,0.11700983517030202,0.1743099495314621,0.2175483011769325,0.24005110430823784
osm-4758806028-7132187495-0,750001530,app/data/roads/jakarta-2025-03-04-road-features.geojson#feature-457,0.1266,low,0.15407347298558768,0.22490085656201322,0.2764863127106811,0.302726872812596
osm-4776087428-104379022-0,28765421,app/data/roads/jakarta-2025-03-04-road-features.geojson#feature-458,0.0145,low,0.01815224050797243,0.028610030624997257,0.0373413535924613,0.042209427363845295
osm-4776087446-4776087428-0,28765421,app/data/roads/jakarta-2025-03-04-road-features.geojson#feature-459,0.0163,low,0.020396238750923834,0.03210455921793289,0.041856402821674,0.047284177568007124
osm-4776087714-8562305801-0,484862899,app/data/roads/jakarta-2025-03-04-road-features.geojson#feature-460,0.0522,low,0.06472441113350969,0.0992995978663722,0.12678843590644473,0.14160217827538493
osm-4776237951-6332607740-0,791643153,app/data/roads/jakarta-2025-03-04-road-features.geojson#feature-461,0.1032,low,0.12632993260637393,0.18722637691178526,0.2327654908279837,0.2563266865448223
osm-4776237952-9034273150-0,691253232,app/data/roads/jakarta-2025-03-04-road-features.geojson#feature-462,0.0828,low,0.10187714146177008,0.1530512128849771,0.19224402013504313,0.21284138345622838
osm-4776237953-4776237952-0,691253232,app/data/roads/jakarta-2025-03-04-road-features.geojson#feature-463,0.0967,low,0.11856571222283473,0.17647546697294703,0.22010779005069253,0.24279319103249294
osm-4776237954-352913456-0,691253233|691253234,app/data/roads/jakarta-2025-03-04-road-features.geojson#feature-464,0.0224,low,0.02798557569176982,0.04385546372447077,0.056966595982858706,0.06422246476904513
osm-4778418534-4798088843-0,754738344,app/data/roads/jakarta-2025-03-04-road-features.geojson#feature-465,0.1105,low,0.1350197305048051,0.1991501943512866,0.24670920476801977,0.27118294884578414
osm-4780597176-5652849428-0,691253235,app/data/roads/jakarta-2025-03-04-road-features.geojson#feature-466,0.0382,low,0.047533835295678575,0.07364910130931145,0.09478442406330269,0.1063141345162391
osm-4780724425-9623003134-0,278788931,app/data/roads/jakarta-2025-03-04-road-features.geojson#feature-467,0.1258,low,0.15313030305961892,0.22363873714998642,0.2750374250853884,0.30119772042621423
osm-4785715143-308981968-0,28132208,app/data/roads/jakarta-2025-03-04-road-features.geojson#feature-468,0.0231,low,0.028854972913313102,0.045194950181191976,0.05868196105400255,0.0661409929953417
osm-4785715146-308981969-0,28132208,app/data/roads/jakarta-2025-03-04-road-features.geojson#feature-469,0.0265,low,0.03307334790284927,0.051674996269069365,0.06696015865614538,0.07538715744616166
osm-4787639954-13752868692-0,1301949425,app/data/roads/jakarta-2025-03-04-road-features.geojson#feature-470,0.0422,low,0.052457893420794724,0.08104825341103011,0.10406839195532216,0.11658197375907722
osm-4790999401-13701804566-0,28847137,app/data/roads/jakarta-2025-03-04-road-features.geojson#feature-471,0.0454,low,0.05638994768378033,0.0869267379849126,0.11141411166921647,0.12468804398129515
osm-4798088843-353136203-0,697069494,app/data/roads/jakarta-2025-03-04-road-features.geojson#feature-472,0.0874,low,0.10741286514529634,0.16086953027848158,0.20158789434761645,0.22291010579727852
osm-4798985491-5374644166-0,492988946,app/data/roads/jakarta-2025-03-04-road-features.geojson#feature-473,0.1321,low,0.16054762998905203,0.23352956535219846,0.28636297728619153,0.3131352140397596
osm-4800316713-5379957279-0,98090600,app/data/roads/jakarta-2025-03-04-road-features.geojson#feature-474,0.0247,low,0.030841001438823176,0.04824974953685213,0.06258861211833931,0.07050702186026087
osm-4800316715-5513076675-0,688635244,app/data/roads/jakarta-2025-03-04-road-features.geojson#feature-475,0.0678,low,0.08373665677501413,0.12708796125973182,0.16089522484109547,0.17887762175885
osm-4800528562-12744944224-0,487370077,app/data/roads/jakarta-2025-03-04-road-features.geojson#feature-476,0.118,low,0.143914704333568,0.21123826442065932,0.2607441436995906,0.2860814119195879
osm-4800528564-4800528562-0,487370077,app/data/roads/jakarta-2025-03-04-road-features.geojson#feature-477,0.1102,low,0.13466323918007259,0.19866326902957543,0.24614173643853282,0.2705794075734974
osm-4800795887-317182284-0,28850223,app/data/roads/jakarta-2025-03-04-road-features.geojson#feature-478,0.1718,low,0.2067602740750777,0.29340706091615554,0.3535386321525068,0.3832186818813563
osm-4804615989-11959843134-0,696668229,app/data/roads/jakarta-2025-03-04-road-features.geojson#feature-479,0.0661,low,0.08167207418494787,0.12409929002719206,0.1572547475885066,0.17491508310006687
osm-4815227757-9533845672-0,489260903,app/data/roads/jakarta-2025-03-04-road-features.geojson#feature-480,0.055,low,0.06814791489239277,0.1043478678564397,0.1330278029470981,0.14844661219793667
osm-4815227758-5379989630-0,489260903,app/data/roads/jakarta-2025-03-04-road-features.geojson#feature-481,0.0067,low,0.008404341553634809,0.01332241517620093,0.017472120523770743,0.019803191179150366
osm-4815227762-5379989631-0,489260903,app/data/roads/jakarta-2025-03-04-road-features.geojson#feature-482,0.0077,low,0.009656247971493481,0.015295614880249109,0.020047450422767617,0.02271416961396551
osm-4822315952-9076429426-0,764298931,app/data/roads/jakarta-2025-03-04-road-features.geojson#feature-483,0.4902,medium,0.5471478059506236,0.6580969019261362,0.7171154464168027,0.7422717928059726
osm-4833946442-7756168367-0,830697316,app/data/roads/jakarta-2025-03-04-road-features.geojson#feature-484,0.0399,low,0.04962778226114243,0.0768007079243591,0.09874405044359787,0.11069651510221132
osm-4836037554-1161321036-0,28773409,app/data/roads/jakarta-2025-03-04-road-features.geojson#feature-485,0.1038,low,0.1270453583383374,0.188212375000942,0.233922290170303,0.25756127171310605
osm-4836392226-8810858536-0,98075001,app/data/roads/jakarta-2025-03-04-road-features.geojson#feature-486,0.0226,low,0.028234006575854228,0.044238361590004424,0.05745708698415113,0.06477113893538947
osm-4836392299-6330385236-0,491551134,app/data/roads/jakarta-2025-03-04-road-features.geojson#feature-487,0.0884,low,0.10861459284577042,0.1625604054041093,0.20360290972146836,0.22507816883240006
osm-4842902746-5495680448-0,489977114,app/data/roads/jakarta-2025-03-04-road-features.geojson#feature-488,0.1045,low,0.1278797506027977,0.18936134999698018,0.2352694376735206,0.2589985296870322
osm-4848734475-5492419271-0,414030041|414030042|98454566,app/data/roads/jakarta-2025-03-04-road-features.geojson#feature-489,0.0753,low,0.0928240196818121,0.1401602799819994,0.17674088776895433,0.19608042909470616
osm-4849427375-7132270238-0,766850322,app/data/roads/jakarta-2025-03-04-road-features.geojson#feature-490,0.1119,low,0.1366826514086585,0.20141903282180548,0.24935116366508173,0.27399166513613105
osm-4849427376-4849427380-0,766850322,app/data/roads/jakarta-2025-03-04-road-features.geojson#feature-491,0.1105,low,0.1350197305048051,0.1991501943512866,0.24670920476801977,0.27118294884578414
osm-4849427377-6547719124-0,1152339584|763262315,app/data/roads/jakarta-2025-03-04-road-features.geojson#feature-492,0.0503,low,0.06239855399058688,0.09585863100173679,0.12252449372841187,0.13691816008639404
osm-4849427380-4849427375-0,766850322,app/data/roads/jakarta-2025-03-04-road-features.geojson#feature-493,0.1139,low,0.13905623947759094,0.20465032172036715,0.2531076910506324,0.2779819379230354
osm-4849427383-4849427377-0,488110567,app/data/roads/jakarta-2025-03-04-road-features.geojson#feature-494,0.1705,low,0.2052612960526348,0.29151075839094753,0.3514469959260727,0.381054954374611
osm-4849427384-4849427376-0,492988946,app/data/roads/jakarta-2025-03-04-road-features.geojson#feature-495,0.1371,low,0.16641791233693426,0.24130129937473938,0.29521575931588806,0.32244169092005437
osm-4849427384-4849427383-0,492988959,app/data/roads/jakarta-2025-03-04-road-features.geojson#feature-496,0.0158,low,0.01977311294545388,0.03113510127584466,0.04060482323275996,0.04587806931553172
osm-4849427386-6910883258-0,492988946,app/data/roads/jakarta-2025-03-04-road-features.geojson#feature-497,0.1711,low,0.2059532510754303,0.29238649887177376,0.3524132304039862,0.3820546376287745
osm-4849427387-5374643987-0,492988946,app/data/roads/jakarta-2025-03-04-road-features.geojson#feature-498,0.185,low,0.2219266152683951,0.31242586714938503,0.3743899615466165,0.40472458964323943
osm-4849427390-4849427404-0,492988946,app/data/roads/jakarta-2025-03-04-road-features.geojson#feature-499,0.1457,low,0.17648084038529346,0.2545097602018313,0.31016891611546366,0.3381123075373315
osm-4849427395-5373977800-0,761522995,app/data/roads/jakarta-2025-03-04-road-features.geojson#feature-500,0.1117,low,0.13644516237342552,0.20109526345995715,0.24897436755899227,0.27359120555184335
osm-4849427396-13849518632-0,761522995,app/data/roads/jakarta-2025-03-04-road-features.geojson#feature-501,0.1233,low,0.15018047836986323,0.21968300883616215,0.2704893061090014,0.29639386800095524
osm-4849427404-6471562381-0,492988946,app/data/roads/jakarta-2025-03-04-road-features.geojson#feature-502,0.1335,low,0.16219277676327196,0.23571257290008957,0.2888537405410693,0.3157558076664432
osm-4849427405-4849427390-0,492988946,app/data/roads/jakarta-2025-03-04-road-features.geojson#feature-503,0.1395,low,0.1692304835951237,0.24500746845368765,0.2994232019157815,0.32685720530249524
osm-4849427408-4758806028-0,750001531|696668229|492988951,app/data/roads/jakarta-2025-03-04-road-features.geojson#feature-504,0.1465,low,0.17741475116891575,0.25572836481962763,0.31154264877617927,0.33954888341015876
osm-4849427410-9009398139-0,696668229,app/data/roads/jakarta-2025-03-04-road-features.geojson#feature-505,0.0869,low,0.10681177512287354,0.16002292405553417,0.20057822155660854,0.22182330936313016
osm-4849427412-9491842326-0,696668229,app/data/roads/jakarta-2025-03-04-road-features.geojson#feature-506,0.1178,low,0.14367793620645675,0.2109180243678288,0.26037362691507326,0.28568880492544596
osm-4849427413-4849427412-0,696668229,app/data/roads/jakarta-2025-03-04-road-features.geojson#feature-507,0.1145,low,0.1397678545017999,0.20561744333956475,0.2542306111514333,0.2791739646785766
osm-4849427416-13849518628-0,761522995,app/data/roads/jakarta-2025-03-04-road-features.geojson#feature-508,0.1327,low,0.16125283282742872,0.23446580182055685,0.2874315953649108,0.3142597429932164
osm-4849427419-5671081801-0,492988997,app/data/roads/jakarta-2025-03-04-road-features.geojson#feature-509,0.1453,low,0.176013746410432,0.25389981850586085,0.3094809601102068,0.33739268635172215
osm-4849427421-8509975229-0,492988997,app/data/roads/jakarta-2025-03-04-road-features.geojson#feature-510,0.1711,low,0.2059532510754303,0.29238649887177376,0.3524132304039862,0.3820546376287745
osm-4849427423-7694410074-0,492988997,app/data/roads/jakarta-2025-03-04-road-features.geojson#feature-511,0.2895,medium,0.33861878726192485,0.44922962721657667,0.5178896938511631,0.5496362917416747
osm-4859114434-7052519688-0,688087393,app/data/roads/jakarta-2025-03-04-road-features.geojson#feature-512,0.0959,low,0.11760836928397132,0.17514344984014818,0.2185338338717378,0.24110716607643567
osm-4859118379-103363767-0,754773900|688087389|688087390,app/data/roads/jakarta-2025-03-04-road-features.geojson#feature-513,0.213,low,0.25377523517984624,0.35139653249890623,0.4164088413212458,0.44771158544956463
osm-4867479520-9110087936-0,1253507712,app/data/roads/jakarta-2025-03-04-road-features.geojson#feature-514,0.0798,low,0.09825998928971272,0.14791636373395922,0.186083156949835,0.2061889289422919
osm-4871926644-310003265-0,28194353,app/data/roads/jakarta-2025-03-04-road-features.geojson#feature-515,0.1689,low,0.2034150845097146,0.28917104849310854,0.3488631033282679,0.37838038022359094
osm-4871926648-4871926644-0,681048618,app/data/roads/jakarta-2025-03-04-road-features.geojson#feature-516,0.045,low,0.0558987899206088,0.08619389961087806,0.11049981526575896,0.12367997950028624
osm-4871938615-13453416794-0,681047133,app/data/roads/jakarta-2025-03-04-road-features.geojson#feature-517,0.0682,low,0.08422218371012964,0.12778979326416887,0.16174915970262138,0.17980654515819114
osm-4877552983-5076459507-0,1289178497|749310623,app/data/roads/jakarta-2025-03-04-road-features.geojson#feature-518,0.0187,low,0.023385028075978056,0.03674468724098886,0.047836322500664316,0.05399584949923396
osm-4877552990-4877552983-0,496038079,app/data/roads/jakarta-2025-03-04-road-features.geojson#feature-519,0.0358,low,0.04457459389492823,0.06918213255546685,0.08915893441463116,0.10008000730726864
osm-4886801320-9531485215-0,28216264,app/data/roads/jakarta-2025-03-04-road-features.geojson#feature-520,0.107,low,0.13085734203266197,0.19345295128666118,0.24005923914566674,0.26410458663354713
osm-4899821967-315746992-0,1490370109,app/data/roads/jakarta-2025-03-04-road-features.geojson#feature-521,0.0663,low,0.08191505815686474,0.12445139384595229,0.15768398740449563,0.17538249631540492
osm-4900765662-316412129-0,689099348,app/data/roads/jakarta-2025-03-04-road-features.geojson#feature-522,0.0699,low,0.08628458111538032,0.13076671500655707,0.16536719157035712,0.18373995263423817
osm-4907168866-9673797651-0,751672121|499442189|751672119,app/data/roads/jakarta-2025-03-04-road-features.geojson#feature-523,0.0518,low,0.0642349429475535,0.09857621863039948,0.12589279508082507,0.14061874398188423
osm-4911942116-11484348759-0,1284899631,app/data/roads/jakarta-2025-03-04-road-features.geojson#feature-524,0.1198,low,0.14604455676722514,0.2141152691445959,0.2640696700885427,0.2896034949528731
osm-4911942117-4911942119-0,877934989|761850311,app/data/roads/jakarta-2025-03-04-road-features.geojson#feature-525,0.0845,low,0.10392444208201349,0.15594832995524704,0.19571158734514935,0.2165808572015333
osm-4911942119-4911942116-0,500032858,app/data/roads/jakarta-2025-03-04-road-features.geojson#feature-526,0.1652,low,0.1991401515327937,0.28373582163420946,0.34284705757256934,0.37214623744467346
osm-4914353827-1135190117-0,98454562|697080485|1254545534,app/data/roads/jakarta-2025-03-04-road-features.geojson#feature-527,0.2634,medium,0.31002273682396164,0.4171846788950795,0.4852622129291597,0.5171541923758096
osm-4914353854-6451021641-0,1254545532,app/data/roads/jakarta-2025-03-04-road-features.geojson#feature-528,0.1906,low,0.22833123588691523,0.32036685683769134,0.38302854170976697,0.4136003665989625
osm-4914353893-9509715193-0,685347200,app/data/roads/jakarta-2025-03-04-road-features.geojson#feature-529,0.0478,low,0.059334803116562085,0.09131199839234093,0.11687657854604727,0.13070558298908977
osm-4925793717-9695095403-0,28706110,app/data/roads/jakarta-2025-03-04-road-features.geojson#feature-530,0.041,low,0.05098172602276408,0.07883448840649446,0.10129516053379661,0.1135175293745236
osm-4926601878-4900765662-0,1287152848|691349043,app/data/roads/jakarta-2025-03-04-road-features.geojson#feature-531,0.0796,low,0.0980186518151807,0.1475730241305523,0.18567052988402716,0.205742988464976
osm-4948526884-5673841364-0,28909833,app/data/roads/jakarta-2025-03-04-road-features.geojson#feature-532,0.0802,low,0.09874259144258418,0.14860266089942414,0.1869076948276786,0.20707988948304526
osm-4953838327-4877552990-0,496038079,app/data/roads/jakarta-2025-03-04-road-features.geojson#feature-533,0.0475,low,0.05896689210820756,0.09076494162570482,0.11619594734795087,0.1299562694251535
osm-4963127052-8434800015-0,1490770240,app/data/roads/jakarta-2025-03-04-road-features.geojson#feature-534,0.0804,low,0.09898385612824254,0.14894561860315764,0.18731960605402795,0.20752491017950467
osm-4963127056-13606475657-0,592537468,app/data/roads/jakarta-2025-03-04-road-features.geojson#feature-535,0.0963,low,0.11808708868767837,0.1758097018002639,0.21932125695323548,0.24195074291433993
osm-4963127061-4963127056-0,592537468,app/data/roads/jakarta-2025-03-04-road-features.geojson#feature-536,0.0831,low,0.10223855685461965,0.15356313075832476,0.1928571778172756,0.21350287174483076
osm-4963127289-13606201410-0,634085903,app/data/roads/jakarta-2025-03-04-road-features.geojson#feature-537,0.0914,low,0.1122161612740374,0.1676144094404728,0.20961353607886488,0.23153845520556512
osm-4982201706-5379777249-0,28969849,app/data/roads/jakarta-2025-03-04-road-features.geojson#feature-538,0.0293,low,0.0365418196049334,0.056979305141202266,0.07371149703424101,0.08291265461415591
osm-4982201717-13586347373-0,508913824,app/data/roads/jakarta-2025-03-04-road-features.geojson#feature-539,0.0348,low,0.043340510698249304,0.06731476974786772,0.08680264205084623,0.09746597728633218
osm-4986680276-5459235880-0,28779908,app/data/roads/jakarta-2025-03-04-road-features.geojson#feature-540,0.1142,low,0.13941207359346353,0.20513401293577196,0.2536693833304412,0.2785782418500927
osm-4986680280-4986680276-0,28779908,app/data/roads/jakarta-2025-03-04-road-features.geojson#feature-541,0.0645,low,0.07972731941090037,0.12127768849894809,0.15381168019504377,0.17116387928468565
osm-4990059009-3763648673-0,758365788,app/data/roads/jakarta-2025-03-04-road-features.geojson#feature-542,0.0895,low,0.10993579716016492,0.16441677717285078,0.20581278285940363,0.227454559711361
osm-4990059014-6459341771-0,1152312692,app/data/roads/jakarta-2025-03-04-road-features.geojson#feature-543,0.0838,low,0.1030816476538766,0.15475650188282755,0.1942858202424548,0.21504370600313458
osm-4990059477-2516439291-0,509865338,app/data/roads/jakarta-2025-03-04-road-features.geojson#feature-544,0.0593,low,0.07339600595683263,0.1120485187922646,0.14250821057024085,0.1588245603488378
osm-4990059505-4990059507-0,754114546|754114547,app/data/roads/jakarta-2025-03-04-road-features.geojson#feature-545,0.1246,low,0.15171484478463798,0.2217421858966705,0.2728581855172974,0.29889666129757375
osm-4990059507-4990059477-0,755986304|372816394,app/data/roads/jakarta-2025-03-04-road-features.geojson#feature-546,0.0914,low,0.1122161612740374,0.1676144094404728,0.20961353607886488,0.23153845520556512
osm-4990059515-4990059505-0,754114548,app/data/roads/jakarta-2025-03-04-road-features.geojson#feature-547,0.1183,low,0.1442698123114646,0.21171840938832254,0.2612995378998569,0.286669847099623
osm-4993841487-12530400916-0,521164041,app/data/roads/jakarta-2025-03-04-road-features.geojson#feature-548,0.0197,low,0.024629276222214544,0.03867161623398877,0.05031452603036016,0.056774126057222984
osm-4996688468-5671267899-0,521161628,app/data/roads/jakarta-2025-03-04-road-features.geojson#feature-549,0.0658,low,0.08130755225263896,0.12357088611419946,0.15661041227623146,0.17421334500554433
osm-4999344155-302230529-0,119909339,app/data/roads/jakarta-2025-03-04-road-features.geojson#feature-550,0.0938,low,0.11509351842847522,0.17163761948475612,0.21438520132334404,0.23665977936292837
osm-4999344324-9009429383-0,119909339,app/data/roads/jakarta-2025-03-04-road-features.geojson#feature-551,0.0712,low,0.08786051654828866,0.13303679858917114,0.16812175696114193,0.18673208779299555
osm-5004550057-13750328259-0,654692998,app/data/roads/jakarta-2025-03-04-road-features.geojson#feature-552,0.0986,low,0.12083786569437649,0.17963122021643002,0.22383171465687435,0.24677947490110985
osm-5006633608-7055776846-0,754106906|754104524|754104525|754098158,app/data/roads/jakarta-2025-03-04-road-features.geojson#feature-553,0.0453,low,0.05626716758438018,0.08674358106119753,0.11118564203410351,0.12443616620476573
osm-5006647254-4505735373-0,1055746246|1055746247|458897449|458897468|453905620|453905624|453905626|1213995931|453905628|755984894|1213995930,app/data/roads/jakarta-2025-03-04-road-features.geojson#feature-554,0.1238,low,0.15077073668417254,0.22047556469425397,0.27140140537849666,0.29735771295185953
osm-5009348129-104366006-0,696175330,app/data/roads/jakarta-2025-03-04-road-features.geojson#feature-555,0.1811,low,0.21745586679537457,0.3068509861542029,0.3683016630532096,0.39845717905418615
osm-5009351128-191505992-0,630154036,app/data/roads/jakarta-2025-03-04-road-features.geojson#feature-556,0.0906,low,0.11125627275323897,0.16626939813415845,0.20801572759419953,0.2298221164225745
osm-5010888460-4907168866-0,690372276|836505093|836505094,app/data/roads/jakarta-2025-03-04-road-features.geojson#feature-557,0.1148,low,0.14012358221453325,0.20610061314263728,0.2547913750894563,0.2797691072574947
osm-5013211786-104366013-0,1294695414,app/data/roads/jakarta-2025-03-04-road-features.geojson#feature-558,0.1108,low,0.13537616847453113,0.1996368562415752,0.2472762014575502,0.27178589841088213
osm-5023930574-5371876858-0,688117575,app/data/roads/jakarta-2025-03-04-road-features.geojson#feature-559,0.1901,low,0.22776010812823755,0.319660882797648,0.38226214954049664,0.4128137329606025
osm-5046365476-309941703-0,1284859266,app/data/roads/jakarta-2025-03-04-road-features.geojson#feature-560,0.0723,low,0.08919319432068443,0.13495333227878178,0.17044435778848996,0.18925329928416593
osm-5046365477-5046365476-0,1284859266,app/data/roads/jakarta-2025-03-04-road-features.geojson#feature-561,0.0831,low,0.10223855685461965,0.15356313075832476,0.1928571778172756,0.21350287174483076
osm-5056597570-3266396596-0,688117574,app/data/roads/jakarta-2025-03-04-road-features.geojson#feature-562,0.1703,low,0.2050305990235823,0.29121864504847134,0.35112458802572405,0.38072132962809985
osm-5065375426-29939146-0,37018609,app/data/roads/jakarta-2025-03-04-road-features.geojson#feature-563,0.0402,low,0.04999711465919178,0.07735580263801112,0.09944066233694075,0.11146701948749303
osm-5068494018-7131628852-0,998966805|519894318,app/data/roads/jakarta-2025-03-04-road-features.geojson#feature-564,0.1255,low,0.1527765176434352,0.22316497907322766,0.2744932808505715,0.30062328177833586
osm-5068494251-5068494018-0,593543228|519893934|557920799,app/data/roads/jakarta-2025-03-04-road-features.geojson#feature-565,0.1025,low,0.1254949980273949,0.1860746872357909,0.23141343299443454,0.25488323555127756
osm-5068494252-6907714745-0,732449241|519894319,app/data/roads/jakarta-2025-03-04-road-features.geojson#feature-566,0.1511,low,0.1827775767744643,0.2627024200672553,0.3193856500020963,0.34774081251576094
osm-5068494260-5380146177-0,519894258,app/data/roads/jakarta-2025-03-04-road-features.geojson#feature-567,0.1004,low,0.12298844026933826,0.18261081257561884,0.2273412972357409,0.25053272800020443
osm-5068494261-5068494263-0,519894258,app/data/roads/jakarta-2025-03-04-road-features.geojson#feature-568,0.1423,low,0.17250759364793317,0.24931161877708616,0.30429800539454493,0.3319670109997076
osm-5068494263-5068494267-0,723030689,app/data/roads/jakarta-2025-03-04-road-features.geojson#feature-569,0.1889,low,0.226388831357613,0.31796411878166864,0.3804188997767915,0.41092116150324054
osm-5068494267-1420142081-0,996202381,app/data/roads/jakarta-2025-03-04-road-features.geojson#feature-570,0.1296,low,0.15760702327197215,0.2296178577250054,0.28189176712491815,0.3084266501530706
osm-5076459507-3507893559-0,776911080|762046921|28799323|28932702,app/data/roads/jakarta-2025-03-04-road-features.geojson#feature-571,0.0556,low,0.06888089197138797,0.1054261498698532,0.13435799186336392,0.1499043206840007
osm-5078382194-1321228541-0,754062955|117314950,app/data/roads/jakarta-2025-03-04-road-features.geojson#feature-572,0.065,low,0.08033522396133096,0.1221603512148407,0.15488938929410548,0.17233840789919389
osm-5078382203-7530848743-0,28851310,app/data/roads/jakarta-2025-03-04-road-features.geojson#feature-573,0.1011,low,0.12382425201238463,0.18376690787118946,0.22870134404262915,0.2519862679909068
osm-5078382208-1345781623-0,27945891,app/data/roads/jakarta-2025-03-04-road-features.geojson#feature-574,0.0332,low,0.04136467170807169,0.06431945779297801,0.083017360791278,0.09326318051381942
osm-5078382212-5078382208-0,27945891,app/data/roads/jakarta-2025-03-04-road-features.geojson#feature-575,0.0572,low,0.07083441033259616,0.10829557492114612,0.13789348540543053,0.1537762283229607
osm-5112284316-4551137763-0,119540281,app/data/roads/jakarta-2025-03-04-road-features.geojson#feature-576,0.1366,low,0.16583153882942941,0.2405272077193165,0.29433580905922035,0.32151760942048047
osm-5112682630-7140306354-0,836694112,app/data/roads/jakarta-2025-03-04-road-features.geojson#feature-577,0.071,low,0.08761813213651394,0.13268791425278942,0.16769866107629242,0.18627264424479684
osm-5172730315-2882028353-0,519893936|562374424|760228733|558676934,app/data/roads/jakarta-2025-03-04-road-features.geojson#feature-578,0.0389,low,0.04839626775479657,0.07494807293282367,0.09641736678213897,0.10812198523549091
osm-5174097479-7756153695-0,774893627|1295786982,app/data/roads/jakarta-2025-03-04-road-features.geojson#feature-579,0.0356,low,0.04432782745092936,0.06880894899313254,0.08868825890413545,0.09955798044773656
osm-5189820259-13366216191-0,691966212,app/data/roads/jakarta-2025-03-04-road-features.geojson#feature-580,0.1243,low,0.15136084825560095,0.22126741451248919,0.27231226438629275,0.29832001698342725
osm-5189841649-10132911307-0,28132208,app/data/roads/jakarta-2025-03-04-road-features.geojson#feature-581,0.0343,low,0.04272323373148399,0.06637973195479216,0.08562175772920422,0.09615530116897467
osm-5201675286-7055752942-0,688709921|755341457|488110561,app/data/roads/jakarta-2025-03-04-road-features.geojson#feature-582,0.0553,low,0.06851443124253669,0.1048871623862813,0.13369319681358394,0.14917585935435035
osm-5201675288-5201675286-0,688709921,app/data/roads/jakarta-2025-03-04-road-features.geojson#feature-583,0.1517,low,0.18347617759959864,0.26360796597959807,0.3204016764598276,0.3488008148753437
osm-5205645925-10090309238-0,454203124,app/data/roads/jakarta-2025-03-04-road-features.geojson#feature-584,0.2495,low,0.29464654903614435,0.39957149014957877,0.4670782623351049,0.49893354898999376
osm-5227396653-9013059182-0,28775346,app/data/roads/jakarta-2025-03-04-road-features.geojson#feature-585,0.0874,low,0.10741286514529634,0.16086953027848158,0.20158789434761645,0.22291010579727852
osm-5230379695-104364332-0,836650211|28225269|28225270|687285375,app/data/roads/jakarta-2025-03-04-road-features.geojson#feature-586,0.06,low,0.07424926713176173,0.11329619009854788,0.1440400344392853,0.1604989417943784
osm-5290941766-5078382212-0,27945891,app/data/roads/jakarta-2025-03-04-road-features.geojson#feature-587,0.1548,low,0.18708232004334396,0.2682716064481089,0.32562578702158096,0.35424660392578006
osm-5334300227-4785715143-0,28132208,app/data/roads/jakarta-2025-03-04-road-features.geojson#feature-588,0.0389,low,0.04839626775479657,0.07494807293282367,0.09641736678213897,0.10812198523549091
osm-5354213657-2210464501-0,592276676,app/data/roads/jakarta-2025-03-04-road-features.geojson#feature-589,0.0285,low,0.03555133244854257,0.05546674042386665,0.07178857488022732,0.08077063090595664
osm-5354213698-1675425882-0,1483900145,app/data/roads/jakarta-2025-03-04-road-features.geojson#feature-590,0.0744,low,0.09173534788743395,0.13860125390701836,0.17485771544647635,0.1940397625147074
osm-5354213822-12688243259-0,1530998628,app/data/roads/jakarta-2025-03-04-road-features.geojson#feature-591,0.0862,low,0.1059699956387626,0.1588363637886911,0.19916224708204538,0.2202986860505913
osm-5371596264-7120393920-0,654692998,app/data/roads/jakarta-2025-03-04-road-features.geojson#feature-592,0.0716,low,0.08834521210146029,0.13373417593016532,0.16896720505341828,0.18765001236789033
osm-5371596268-7120341842-0,654692998,app/data/roads/jakarta-2025-03-04-road-features.geojson#feature-593,0.1008,low,0.12346608281002237,0.18327161878736797,0.2281187943407659,0.2513637361980633
osm-5371596275-5004550057-0,654692998,app/data/roads/jakarta-2025-03-04-road-features.geojson#feature-594,0.0986,low,0.12083786569437649,0.17963122021643002,0.22383171465687435,0.24677947490110985
osm-5371876858-310080557-0,688117575,app/data/roads/jakarta-2025-03-04-road-features.geojson#feature-595,0.0909,low,0.11161627606740883,0.16677400892397942,0.2086153325357342,0.23046628697836447
osm-5372018440-6333252911-0,11670123,app/data/roads/jakarta-2025-03-04-road-features.geojson#feature-596,0.1294,low,0.15737161702602248,0.22930417182330087,0.2815327660986184,0.3080483522132455
osm-5372018448-5009348129-0,696175332|630145551,app/data/roads/jakarta-2025-03-04-road-features.geojson#feature-597,0.1232,low,0.1500624090930388,0.2195244128566558,0.2703067372007479,0.2962009137746991
osm-5372018508-6332594575-0,497546914,app/data/roads/jakarta-2025-03-04-road-features.geojson#feature-598,0.0765,low,0.09427481513366091,0.1422349197025028,0.17924411576432794,0.1987914271513548
osm-5372153126-6486347952-0,560008548,app/data/roads/jakarta-2025-03-04-road-features.geojson#feature-599,0.1126,low,0.13751367650823032,0.20255130747563027,0.2506683100012533,0.27539121853643933
osm-5372153133-12202088425-0,560008548,app/data/roads/jakarta-2025-03-04-road-features.geojson#feature-600,0.0779,low,0.09596630299949503,0.14464948487267462,0.18215352806447377,0.20194005797286071
osm-5372153134-5372153137-0,1027699887,app/data/roads/jakarta-2025-03-04-road-features.geojson#feature-601,0.1343,low,0.16313234774233223,0.2369575825945744,0.29027283312041924,0.317248105693396
osm-5372153137-5673841347-0,1027699887,app/data/roads/jakarta-2025-03-04-road-features.geojson#feature-602,0.0494,low,0.061296050723756504,0.09422434304080625,0.12049616955601276,0.13468813150463874
osm-5372153144-9647927422-0,1027699887,app/data/roads/jakarta-2025-03-04-road-features.geojson#feature-603,0.0405,low,0.0503663907937123,0.07791057671532287,0.1001366327914527,0.1122366704434166
osm-5372153147-6831185205-0,1027699887,app/data/roads/jakarta-2025-03-04-road-features.geojson#feature-604,0.1241,low,0.1511248212326729,0.22095075924958618,0.27194806945263084,0.2979352800445489
osm-5372153151-9486332419-0,688117571,app/data/roads/jakarta-2025-03-04-road-features.geojson#feature-605,0.1385,low,0.16805898535202854,0.24346513321271632,0.2976733749959979,0.3250214340883049
osm-5372153155-9003292724-0,688117572,app/data/roads/jakarta-2025-03-04-road-features.geojson#feature-606,0.0943,low,0.1156925324073306,0.17247356343199358,0.21537521142556695,0.23772152603733754
osm-5372153165-5372153166-0,688117573,app/data/roads/jakarta-2025-03-04-road-features.geojson#feature-607,0.1258,low,0.15313030305961892,0.22363873714998642,0.2750374250853884,0.30119772042621423
osm-5372153166-5372153186-0,1220173369|1220173370|688117573,app/data/roads/jakarta-2025-03-04-road-features.geojson#feature-608,0.1687,low,0.2031842059232057,0.28887813363064246,0.3485393712170805,0.37804516014266865
osm-5372153186-11438846310-0,1220173370,app/data/roads/jakarta-2025-03-04-road-features.geojson#feature-609,0.0948,low,0.11629139636634228,0.17330874258906218,0.21636381906586633,0.2387814912574125
osm-5372153187-6451233570-0,688087394,app/data/roads/jakarta-2025-03-04-road-features.geojson#feature-610,0.1117,low,0.13644516237342552,0.20109526345995715,0.24897436755899227,0.27359120555184335
osm-5373820573-9032080365-0,18056345,app/data/roads/jakarta-2025-03-04-road-features.geojson#feature-611,0.1389,low,0.16852765429496805,0.2440823928287738,0.2983738657020149,0.32575643088070405
osm-5373977777-4849427405-0,492988946,app/data/roads/jakarta-2025-03-04-road-features.geojson#feature-612,0.1338,low,0.16254515957436852,0.2361796577472609,0.289386257456263,0.31631586006577406
osm-5373977782-4849427421-0,492988997,app/data/roads/jakarta-2025-03-04-road-features.geojson#feature-613,0.2429,low,0.28730948213686475,0.39107025911990584,0.45823689942838547,0.4900436703225394
osm-5373977783-4849427396-0,761522995,app/data/roads/jakarta-2025-03-04-road-features.geojson#feature-614,0.1313,low,0.15960703284428426,0.23227970284178012,0.28493546631388944,0.31163252333357105
osm-5373977800-4849427413-0,761522995,app/data/roads/jakarta-2025-03-04-road-features.geojson#feature-615,0.1223,low,0.14899952129360464,0.21809577521986553,0.26866137663836087,0.29446154051272205
osm-5374005699-4849427395-0,761522995,app/data/roads/jakarta-2025-03-04-road-features.geojson#feature-616,0.0821,low,0.10103362700393964,0.15185563219675827,0.19081125499412904,0.21129526467818566
osm-5374199556-29939148-0,1265625996,app/data/roads/jakarta-2025-03-04-road-features.geojson#feature-617,0.098,low,0.12012057696785304,0.17863584834861881,0.22265789436764552,0.24552337951541064
osm-5374282148-11076463250-0,749318053,app/data/roads/jakarta-2025-03-04-road-features.geojson#feature-618,0.088,low,0.10813397412070765,0.16188442894639132,0.20279759531510771,0.22421182673984216
osm-5374282155-5377151799-0,749318625,app/data/roads/jakarta-2025-03-04-road-features.geojson#feature-619,0.0631,low,0.0780243702368973,0.11880180850740174,0.1507855908045191,0.16786412616582558
osm-5374282198-6315624963-0,458897450,app/data/roads/jakarta-2025-03-04-road-features.geojson#feature-620,0.0281,low,0.03505593750450965,0.05470957381486418,0.07082530883208189,0.07969719091210048
osm-5374282375-7103903985-0,1250860513|560887460|1225571177|724007433,app/data/roads/jakarta-2025-03-04-road-features.geojson#feature-621,0.0416,low,0.051719922128919696,0.07994200959492676,0.10268305088575856,0.11505144525401258
osm-5374290437-186871954-0,343915036,app/data/roads/jakarta-2025-03-04-road-features.geojson#feature-622,0.1371,low,0.16641791233693426,0.24130129937473938,0.29521575931588806,0.32244169092005437
osm-5374380799-1675488274-0,766850322,app/data/roads/jakarta-2025-03-04-road-features.geojson#feature-623,0.1175,low,0.14332273979421137,0.21043744902276243,0.2598174703434822,0.2850994185084618
osm-5374643987-9648835249-0,492988946,app/data/roads/jakarta-2025-03-04-road-features.geojson#feature-624,0.1381,low,0.16759022351594388,0.2428474390357007,0.29697213631074715,0.32428551754384866
osm-5374644166-7015230199-0,492988946,app/data/roads/jakarta-2025-03-04-road-features.geojson#feature-625,0.1315,low,0.15984221714378552,0.2325923344189619,0.28529263240079916,0.31200855226683966
osm-5374804742-4758805504-0,758287381,app/data/roads/jakarta-2025-03-04-road-features.geojson#feature-626,0.1032,low,0.12632993260637393,0.18722637691178526,0.2327654908279837,0.2563266865448223
osm-5374804752-5374804742-0,758287381,app/data/roads/jakarta-2025-03-04-road-features.geojson#feature-627,0.1259,low,0.1532482198091631,0.22379660031669457,0.275218708055059,0.30138907783896235
osm-5374804755-5374804752-0,758287380,app/data/roads/jakarta-2025-03-04-road-features.geojson#feature-628,0.1193,low,0.14545312253684686,0.2133170308158196,0.2631475568850463,0.288627188294372
osm-5377076414-5377076416-0,758051339,app/data/roads/jakarta-2025-03-04-road-features.geojson#feature-629,0.0661,low,0.08167207418494787,0.12409929002719206,0.1572547475885066,0.17491508310006687
osm-5377076416-11237483572-0,758051339,app/data/roads/jakarta-2025-03-04-road-features.geojson#feature-630,0.0872,low,0.10717244723555022,0.16053098138547386,0.20118419873718754,0.2224756088680543
osm-5377076421-9019122232-0,713583502,app/data/roads/jakarta-2025-03-04-road-features.geojson#feature-631,0.0669,low,0.08264386299524272,0.12550691193089222,0.1589701874390292,0.17678276132343745
osm-5377076423-5377076421-0,713583502|713583503,app/data/roads/jakarta-2025-03-04-road-features.geojson#feature-632,0.0167,low,0.02089462479154614,0.032879437834608546,0.04285623112360075,0.04840710935619888
osm-5377076552-9708579924-0,28715955,app/data/roads/jakarta-2025-03-04-road-features.geojson#feature-633,0.0262,low,0.03270143237194226,0.05110495769886221,0.06623328241301941,0.0745761148144533
osm-5377076560-315198778-0,830698409,app/data/roads/jakarta-2025-03-04-road-features.geojson#feature-634,0.0283,low,0.035303647593558474,0.05508823087867594,0.07130709250565578,0.08023411363615182
osm-5377151799-6315603275-0,28216524,app/data/roads/jakarta-2025-03-04-road-features.geojson#feature-635,0.1355,low,0.16454100540238295,0.2388218026957893,0.29239576983566534,0.31947952133047963
osm-5377177680-9019104733-0,169300294,app/data/roads/jakarta-2025-03-04-road-features.geojson#feature-636,0.0669,low,0.08264386299524272,0.12550691193089222,0.1589701874390292,0.17678276132343745
osm-5377177693-6320275018-0,28779908,app/data/roads/jakarta-2025-03-04-road-features.geojson#feature-637,0.0814,low,0.10018981579507366,0.15065850116062346,0.18937559332478526,0.20974543054395323
osm-5377178522-5377178527-0,768031660,app/data/roads/jakarta-2025-03-04-road-features.geojson#feature-638,0.021,low,0.02624584953734262,0.04117097114960369,0.05352446822325792,0.06036997779272082
osm-5377178527-5669078465-0,768031660,app/data/roads/jakarta-2025-03-04-road-features.geojson#feature-639,0.0643,low,0.07948411463359424,0.12092439081310331,0.1533801497762489,0.17069348628618988
osm-5377313966-7192466992-0,557560277,app/data/roads/jakarta-2025-03-04-road-features.geojson#feature-640,0.1845,low,0.22135391972731785,0.3117131934377251,0.3736127461095697,0.403925059639647
osm-5377313967-5377313966-0,557560277,app/data/roads/jakarta-2025-03-04-road-features.geojson#feature-641,0.1138,low,0.1389376162796734,0.20448903332061294,0.25292035697795917,0.2777830406673526
osm-5377313968-13913580148-0,1526635905,app/data/roads/jakarta-2025-03-04-road-features.geojson#feature-642,0.0847,low,0.10416518607640893,0.15628856926266232,0.19611842246843791,0.2170193686251887
osm-5377313978-5377313968-0,1526635910,app/data/roads/jakarta-2025-03-04-road-features.geojson#feature-643,0.1095,low,0.13383121853003116,0.1975260842877865,0.24481580620547114,0.2691688386229889
osm-5379663307-5379667458-0,496592226,app/data/roads/jakarta-2025-03-04-road-features.geojson#feature-644,0.1293,low,0.15725390513536835,0.22914728714176882,0.28135319285516097,0.3078591132438145
osm-5379667162-12799849299-0,496592226,app/data/roads/jakarta-2025-03-04-road-features.geojson#feature-645,0.1677,low,0.20202947227737028,0.2874120519562644,0.3469182166050096,0.37636605283019475
osm-5379667437-7131381422-0,781727135,app/data/roads/jakarta-2025-03-04-road-features.geojson#feature-646,0.1826,low,0.2191763967473117,0.30899952911540646,0.3706503969625805,0.40087618210700815
osm-5379667449-7697810036-0,496592226,app/data/roads/jakarta-2025-03-04-road-features.geojson#feature-647,0.1759,low,0.2114815538818829,0.2993602016155936,0.36009006827695356,0.38998832235876874
osm-5379667458-5379667449-0,496592226,app/data/roads/jakarta-2025-03-04-road-features.geojson#feature-648,0.1501,low,0.181612781877103,0.2611910740224831,0.3176887132282885,0.34596980186851556
osm-5379667472-10788400699-0,496592226,app/data/roads/jakarta-2025-03-04-road-features.geojson#feature-649,0.1383,low,0.1678246160473554,0.24315634047300494,0.2973228492256337,0.3246535908929517
osm-5379667478-5379663307-0,496592226,app/data/roads/jakarta-2025-03-04-road-features.geojson#feature-650,0.1097,low,0.13406896837296153,0.1978511408423527,0.24519490620114517,0.26957218818050893
osm-5379767874-10654460939-0,759685195,app/data/roads/jakarta-2025-03-04-road-features.geojson#feature-651,0.0549,low,0.06802573041320212,0.10416803473530194,0.13280587178136183,0.14820335496447973
osm-5379767891-5380146201-0,519894258,app/data/roads/jakarta-2025-03-04-road-features.geojson#feature-652,0.1255,low,0.1527765176434352,0.22316497907322766,0.2744932808505715,0.30062328177833586
osm-5379768929-6434967979-0,279455518,app/data/roads/jakarta-2025-03-04-road-features.geojson#feature-653,0.2696,medium,0.3168481033559275,0.42491637027187695,0.4931879302340069,0.5250694545864725
osm-5379768936-13030921684-0,1417995174,app/data/roads/jakarta-2025-03-04-road-features.geojson#feature-654,0.1098,low,0.1341878343963775,0.19801362511525375,0.24538437731937132,0.2697737639372727
osm-5379768936-13030921685-0,1312175635|1417995173,app/data/roads/jakarta-2025-03-04-road-features.geojson#feature-655,0.171,low,0.20583793940923054,0.2922406045403512,0.3522522942761841,0.3818881476848649
osm-5379777249-4982201717-0,508913824,app/data/roads/jakarta-2025-03-04-road-features.geojson#feature-656,0.0287,low,0.03579899207331763,0.055845102536625814,0.07226975623834882,0.08130674318060647
osm-5379957272-9064994805-0,28765421,app/data/roads/jakarta-2025-03-04-road-features.geojson#feature-657,0.1074,low,0.13133341173496163,0.19410589038060455,0.24082251421362694,0.26491766285859314
osm-5379957279-8520330753-0,98090600,app/data/roads/jakarta-2025-03-04-road-features.geojson#feature-658,0.0219,low,0.027364387574865996,0.04289756221624354,0.05573901248053284,0.06284894379611455
osm-5379957290-13734985443-0,688635244,app/data/roads/jakarta-2025-03-04-road-features.geojson#feature-659,0.0357,low,0.044451213809419604,0.06899555882102618,0.08892363304382708,0.09981904249241404
osm-5379989630-4815227762-0,489260903,app/data/roads/jakarta-2025-03-04-road-features.geojson#feature-660,0.0164,low,0.020520844809928374,0.03229833614962726,0.042106479396885596,0.04756507322736968
osm-5379989631-1362598310-0,1242611535,app/data/roads/jakarta-2025-03-04-road-features.geojson#feature-661,0.0052,low,0.006525279187853504,0.0103552414661612,0.013593455789718234,0.015415167108194468
osm-5379992807-9015877327-0,28194353,app/data/roads/jakarta-2025-03-04-road-features.geojson#feature-662,0.1744,low,0.20975535914796653,0.29718705237875825,0.3577011349281758,0.38752115602439485
osm-5380055271-1417312748-0,427815402,app/data/roads/jakarta-2025-03-04-road-features.geojson#feature-663,0.5953,high,0.6489159703535303,0.7464843847437961,0.794998415525815,0.8150153884292104
osm-5380068218-9497883594-0,689877064,app/data/roads/jakarta-2025-03-04-road-features.geojson#feature-664,0.1772,low,0.2129765614424575,0.3012391111967876,0.3621531232774196,0.39211770801850315
osm-5380068236-5380068242-0,492988997,app/data/roads/jakarta-2025-03-04-road-features.geojson#feature-665,0.2351,low,0.2786081931665303,0.38090604561368785,0.44761020652632655,0.4793319773315984
osm-5380068242-4849427423-0,492988997,app/data/roads/jakarta-2025-03-04-road-features.geojson#feature-666,0.2752,medium,0.3229955194420503,0.43183512285596876,0.5002513340800928,0.5321100665677432
osm-5380113830-6490074722-0,722419938,app/data/roads/jakarta-2025-03-04-road-features.geojson#feature-667,0.1392,low,0.16887909505765564,0.24454505263598242,0.29889874358978935,0.32630707592448377
osm-5380113845-329975510-0,722419938,app/data/roads/jakarta-2025-03-04-road-features.geojson#feature-668,0.0683,low,0.08434355014265475,0.12796516900934038,0.16196248630807117,0.18003857211788177
osm-5380146177-5379767891-0,519894258,app/data/roads/jakarta-2025-03-04-road-features.geojson#feature-669,0.136,low,0.16512769875275632,0.23959739686201176,0.29327831404531535,0.3204067973276831
osm-5380146201-5068494261-0,519894258,app/data/roads/jakarta-2025-03-04-road-features.geojson#feature-670,0.1014,low,0.12418236748262731,0.18426192670814615,0.22928340318232682,0.25260817993789325
osm-5380146210-5068494260-0,557920798,app/data/roads/jakarta-2025-03-04-road-features.geojson#feature-671,0.1731,low,0.20825829480127223,0.2952991542457257,0.3556233336764247,0.3853740663775326
osm-5380240426-317182368-0,689649453,app/data/roads/jakarta-2025-03-04-road-features.geojson#feature-672,0.3798,medium,0.4348625432213913,0.5507329727942984,0.6175130759672558,0.6471688721017691
osm-5380240433-5380240426-0,689649453,app/data/roads/jakarta-2025-03-04-road-features.geojson#feature-673,0.2312,low,0.2742452215166035,0.3757755747318737,0.4422230555996346,0.4738905718393775
osm-5380240456-320021668-0,28850223,app/data/roads/jakarta-2025-03-04-road-features.geojson#feature-674,0.1497,low,0.181146702772495,0.2605857983221366,0.3170086894734173,0.3452598739254024
osm-5388212558-7137820748-0,458897448|568063273|427815398,app/data/roads/jakarta-2025-03-04-road-features.geojson#feature-675,0.2015,low,0.2407471989338183,0.3356108516354334,0.3995015054006701,0.43047077554806984
osm-5388328959-8509512970-0,28194353,app/data/roads/jakarta-2025-03-04-road-features.geojson#feature-676,0.078,low,0.09608707798126931,0.14482171343566602,0.18236089087236068,0.20216437772733567
osm-5388329052-5806359018-0,613723908,app/data/roads/jakarta-2025-03-04-road-features.geojson#feature-677,0.05,low,0.06203110875148216,0.09531418016459478,0.12184899928383819,0.1361756263799558
osm-5388382567-9504567886-0,687317710,app/data/roads/jakarta-2025-03-04-road-features.geojson#feature-678,0.1117,low,0.13644516237342552,0.20109526345995715,0.24897436755899227,0.27359120555184335
osm-5391402284-1133807089-0,737508241,app/data/roads/jakarta-2025-03-04-road-features.geojson#feature-679,0.0844,low,0.10380406101724142,0.15577816316118076,0.1955080820415879,0.21636148916607095
osm-5391413717-316170709-0,751712039,app/data/roads/jakarta-2025-03-04-road-features.geojson#feature-680,0.1003,low,0.12286901470185857,0.18244553583106132,0.22714678634724572,0.25032480325575174
osm-5408975256-5408975257-0,560880228,app/data/roads/jakarta-2025-03-04-road-features.geojson#feature-681,0.0921,low,0.11305574799262497,0.16878967526769592,0.21100863628220037,0.23303645475060192
osm-5408975257-9694871645-0,634085906,app/data/roads/jakarta-2025-03-04-road-features.geojson#feature-682,0.0825,low,0.10151567159237719,0.15253901080675283,0.1916303320462596,0.21217921520700475
osm-5421851682-5489964735-0,562396728|1242664245|764298933,app/data/roads/jakarta-2025-03-04-road-features.geojson#feature-683,0.278,medium,0.32606304488458093,0.43527173005341047,0.5037496696718167,0.5355924226448288
osm-5425990246-7576918597-0,1190316860,app/data/roads/jakarta-2025-03-04-road-features.geojson#feature-684,0.1379,low,0.16735580775434108,0.24253842884339993,0.29662123610142455,0.323917213824923
osm-5425990246-7576934780-0,496592226,app/data/roads/jakarta-2025-03-04-road-features.geojson#feature-685,0.1746,low,0.20998559191237057,0.2974771267796062,0.3580201863915874,0.3878507443296715
osm-5436662071-12718674420-0,453477916,app/data/roads/jakarta-2025-03-04-road-features.geojson#feature-686,0.0726,low,0.089556523746078,0.13547533992481456,0.17107649731777874,0.18993922475257605
osm-5459048224-124093320-0,699651422,app/data/roads/jakarta-2025-03-04-road-features.geojson#feature-687,0.0267,low,0.03332126000331433,0.052054836592748226,0.06744436293618453,0.07592734041505238
osm-5459161492-324276002-0,1458289883,app/data/roads/jakarta-2025-03-04-road-features.geojson#feature-688,0.3415,medium,0.3945422304488097,0.5093521612913301,0.5775651809224749,0.6083538819155343
osm-5459235880-13639648351-0,28779908,app/data/roads/jakarta-2025-03-04-road-features.geojson#feature-689,0.1185,low,0.14450652149335239,0.21203836271560156,0.26166954695937217,0.28706182070346237
osm-5466187936-2415521692-0,508942939,app/data/roads/jakarta-2025-03-04-road-features.geojson#feature-690,0.3509,medium,0.4045053850714403,0.5197258427556526,0.5876641634627169,0.6182033755635022
osm-5487632874-1342878998-0,764238034,app/data/roads/jakarta-2025-03-04-road-features.geojson#feature-691,0.1947,low,0.23300921988707676,0.326133521462071,0.38927708259114313,0.42000812437712376
osm-5487633143-7045010187-0,489977113|690355148|489977117,app/data/roads/jakarta-2025-03-04-road-features.geojson#feature-692,0.0408,low,0.050735610677559724,0.07846503043402536,0.10083196269267948,0.11300546938711592
osm-5487633251-5639226152-0,489977117,app/data/roads/jakarta-2025-03-04-road-features.geojson#feature-693,0.1044,low,0.12776056957654872,0.18919730002823576,0.23507714941158556,0.25879341054329313
osm-5489964735-11501464554-0,1242664245,app/data/roads/jakarta-2025-03-04-road-features.geojson#feature-694,0.4664,medium,0.5234216833494713,0.6363199467338522,0.6973689334474124,0.7236044808817367
osm-5489964736-1342878941-0,763975531,app/data/roads/jakarta-2025-03-04-road-features.geojson#feature-695,0.1076,low,0.13157141093167624,0.19443218279321625,0.2412038331449329,0.26532380030933567
osm-5489964742-7045231385-0,1238183824,app/data/roads/jakarta-2025-03-04-road-features.geojson#feature-696,0.054,low,0.06692579185327939,0.10254799849529207,0.1308054882010229,0.1460100965720454
osm-5490135579-5490135580-0,754061608,app/data/roads/jakarta-2025-03-04-road-features.geojson#feature-697,0.0853,low,0.1048872730111862,0.15730853356565738,0.19733752578191532,0.2183331084758204
osm-5490135580-5650613341-0,754061608,app/data/roads/jakarta-2025-03-04-road-features.geojson#feature-698,0.0156,low,0.019523818042612964,0.0307470503555502,0.040103632218307345,0.04531486419109494
osm-5490514226-519545266-0,759043235,app/data/roads/jakarta-2025-03-04-road-features.geojson#feature-699,0.1302,low,0.15831310175829347,0.23055824827176805,0.2829676079316913,0.30956010603281914
osm-5492419187-6878897947-0,1186134489|1317133074,app/data/roads/jakarta-2025-03-04-road-features.geojson#feature-700,0.2419,low,0.28619576457375684,0.3897743000906499,0.4568853636312765,0.4886829431637476
osm-5492419212-12681087362-0,1186134492,app/data/roads/jakarta-2025-03-04-road-features.geojson#feature-701,0.0573,low,0.07095645275471658,0.1084746251514881,0.13811389175107994,0.15401748595195058
osm-5492419221-12676215441-0,1186134492|760233039,app/data/roads/jakarta-2025-03-04-road-features.geojson#feature-702,0.4242,medium,0.48071029685793093,0.5959154158920598,0.6601241790557174,0.6881446467609954
osm-5492419247-1139140184-0,749966273,app/data/roads/jakarta-2025-03-04-road-features.geojson#feature-703,0.411,medium,0.467178574538735,0.5827801910080734,0.647842710660549,0.6763793205439655
osm-5492419263-5492419270-0,98454566,app/data/roads/jakarta-2025-03-04-road-features.geojson#feature-704,0.4735,medium,0.530526682904948,0.6428901498849556,0.7033504015710548,0.7292687140797387
osm-5492419270-11467500634-0,98454566,app/data/roads/jakarta-2025-03-04-road-features.geojson#feature-705,0.3231,medium,0.37491144653594616,0.48861900915352874,0.5572087009298025,0.5884237973999952
osm-5492419271-5493042852-0,414030041,app/data/roads/jakarta-2025-03-04-road-features.geojson#feature-706,0.0835,low,0.1027203593250794,0.1542452462350049,0.19367389750455807,0.21438380022210218
osm-5493042852-5490514226-0,414030041,app/data/roads/jakarta-2025-03-04-road-features.geojson#feature-707,0.0916,low,0.11245607325629794,0.16795035373207923,0.21001241975380394,0.23196681607415368
osm-5495680448-326484242-0,489977114,app/data/roads/jakarta-2025-03-04-road-features.geojson#feature-708,0.1045,low,0.1278797506027977,0.18936134999698018,0.2352694376735206,0.2589985296870322
osm-5495827291-95006366-0,1317109480|1186134490|760239157,app/data/roads/jakarta-2025-03-04-road-features.geojson#feature-709,0.1608,low,0.1940463023339198,0.27722713796188275,0.33561776845052826,0.3646419523317641
osm-5498027213-7400356402-0,751673455,app/data/roads/jakarta-2025-03-04-road-features.geojson#feature-710,0.0732,low,0.09028301791697553,0.13651847825092867,0.17233911360176613,0.19130892620127946
osm-5498027297-11445322163-0,572251879,app/data/roads/jakarta-2025-03-04-road-features.geojson#feature-711,0.0662,low,0.08179356923555928,0.12427535847601134,0.15746939918366262,0.17514883089677938
osm-5498027298-9626511706-0,98087417,app/data/roads/jakarta-2025-03-04-road-features.geojson#feature-712,0.0997,low,0.12215233583107496,0.1814532431213098,0.22597857169760724,0.2490758014956167
osm-5498027349-9036874926-0,685347199|98087417|493592695,app/data/roads/jakarta-2025-03-04-road-features.geojson#feature-713,0.0347,low,0.04321706786139003,0.06712783460705148,0.08656661146937639,0.09720403772268779
osm-5499209000-13525649819-0,278788931,app/data/roads/jakarta-2025-03-04-road-features.geojson#feature-714,0.0237,low,0.029599923513235232,0.04634162089884592,0.06014926297569302,0.06778137300622623
osm-5506920627-332341344-0,30159072,app/data/roads/jakarta-2025-03-04-road-features.geojson#feature-715,0.148,low,0.17916483848721704,0.2580086637084917,0.3141105933336991,0.34223292029735053
osm-5506920631-5648666147-0,575742571,app/data/roads/jakarta-2025-03-04-road-features.geojson#feature-716,0.0967,low,0.11856571222283473,0.17647546697294703,0.22010779005069253,0.24279319103249294
osm-5506920811-5523935808-0,636772881|718431699,app/data/roads/jakarta-2025-03-04-road-features.geojson#feature-717,0.0652,low,0.08057834283412424,0.12251318389856194,0.1553200267491129,0.17280763871638227
osm-5513076629-9644592829-0,1288928358,app/data/roads/jakarta-2025-03-04-road-features.geojson#feature-718,0.0509,low,0.06313327698292259,0.0969465985639721,0.12387364594991089,0.13840080663200127
osm-5513076675-8553000081-0,1499931368|921221909,app/data/roads/jakarta-2025-03-04-road-features.geojson#feature-719,0.1785,low,0.21447061550715835,0.30311386932788176,0.3642093851120295,0.3942389483152649
osm-5513424002-4836392226-0,98075001,app/data/roads/jakarta-2025-03-04-road-features.geojson#feature-720,0.0238,low,0.029724059786138183,0.046532601791375874,0.060393543674187235,0.0680544051457733
osm-5523935808-4551163784-0,30177595,app/data/roads/jakarta-2025-03-04-road-features.geojson#feature-721,0.2826,medium,0.3310936308452678,0.4408849659670068,0.5094493473371992,0.5412594230543328
osm-5549685553-12729353026-0,1204814108,app/data/roads/jakarta-2025-03-04-road-features.geojson#feature-722,0.0287,low,0.03579899207331763,0.055845102536625814,0.07226975623834882,0.08130674318060647
osm-5549685557-5984694495-0,634085901,app/data/roads/jakarta-2025-03-04-road-features.geojson#feature-723,0.0855,low,0.10512792031877935,0.15764827069203521,0.19774342687184113,0.2187704246387519
osm-5555933057-9004158961-0,758734352,app/data/roads/jakarta-2025-03-04-road-features.geojson#feature-724,0.1775,low,0.2133214277462834,0.30167211565904645,0.36262824695966145,0.39260794626693046
osm-5639226152-5489964742-0,489977117,app/data/roads/jakarta-2025-03-04-road-features.geojson#feature-725,0.0169,low,0.021143779621339502,0.03326664814569142,0.04335566765621153,0.04896792502914796
osm-5647102762-326484049-0,754061608,app/data/roads/jakarta-2025-03-04-road-features.geojson#feature-726,0.0767,low,0.09451652920931704,0.14258024265346242,0.17966047123114443,0.19924216556609126
osm-5648666147-332526397-0,757260864|591695639,app/data/roads/jakarta-2025-03-04-road-features.geojson#feature-727,0.0389,low,0.04839626775479657,0.07494807293282367,0.09641736678213897,0.10812198523549091
osm-5650613341-5487633143-0,690355148,app/data/roads/jakarta-2025-03-04-road-features.geojson#feature-728,0.14,low,0.1698160151331413,0.24577761980828416,0.3002963681316943,0.32777294364112236
osm-5652800252-5498027213-0,751673455,app/data/roads/jakarta-2025-03-04-road-features.geojson#feature-729,0.2101,low,0.25049678173025103,0.3474441273651581,0.41218990213700635,0.4434164687795776
osm-5652849428-4776237954-0,691253234|1288928363,app/data/roads/jakarta-2025-03-04-road-features.geojson#feature-730,0.0378,low,0.047040879015291436,0.07290604371431769,0.09384973217319949,0.10527896868141999
osm-5652849431-352897075-0,691270311,app/data/roads/jakarta-2025-03-04-road-features.geojson#feature-731,0.084,low,0.10332247629703174,0.1550971815125867,0.19469347529216635,0.21548326730426842
osm-5653336499-4790999401-0,28847137,app/data/roads/jakarta-2025-03-04-road-features.geojson#feature-732,0.036,low,0.04482133524891407,0.06955517178586776,0.08962931898451958,0.10060164546470184
osm-5655125045-8510368916-0,759677175,app/data/roads/jakarta-2025-03-04-road-features.geojson#feature-733,0.0989,low,0.1211964293020555,0.18012849789016128,0.2244178808400208,0.2474065806793102
osm-5655139014-11413710169-0,975979296,app/data/roads/jakarta-2025-03-04-road-features.geojson#feature-734,0.1316,low,0.15995980053912273,0.23274860870179867,0.2854711433097664,0.3121964775989205
osm-5655187222-6406796742-0,28775346,app/data/roads/jakarta-2025-03-04-road-features.geojson#feature-735,0.1496,low,0.18103016860300544,0.2604344134822355,0.31683857179288955,0.3450822555828307
osm-5662302109-9533955728-0,686924182,app/data/roads/jakarta-2025-03-04-road-features.geojson#feature-736,0.2527,medium,0.29819551589472204,0.4036610083562383,0.4713163504430863,0.5031877640153114
osm-5662309002-9013720082-0,1052899125,app/data/roads/jakarta-2025-03-04-road-features.geojson#feature-737,0.1777,low,0.2135513104111034,0.30196066256028525,0.3629447953042674,0.3929345310636222
osm-5662335002-6333006951-0,1458498251,app/data/roads/jakarta-2025-03-04-road-features.geojson#feature-738,0.1192,low,0.1453348180241449,0.21315729742836365,0.2629629827281713,0.28843173812190687
osm-5662546639-12139330016-0,492988997,app/data/roads/jakarta-2025-03-04-road-features.geojson#feature-739,0.2424,low,0.28675269060069297,0.3904225407531873,0.45756152740621875,0.4893637642227261
osm-5665581665-324275961-0,689042568,app/data/roads/jakarta-2025-03-04-road-features.geojson#feature-740,0.2684,medium,0.31552864998280106,0.42342582107946797,0.49166264126644327,0.5235474214859595
osm-5668231819-310327514-0,755012892|755012893|838390262|1522830879,app/data/roads/jakarta-2025-03-04-road-features.geojson#feature-741,0.1371,low,0.16641791233693426,0.24130129937473938,0.29521575931588806,0.32244169092005437
osm-5668256808-7123191860-0,699886104,app/data/roads/jakarta-2025-03-04-road-features.geojson#feature-742,0.0195,low,0.02438047740974023,0.038286533370862984,0.049819514101904924,0.056219324450832386
osm-5669076905-5377178522-0,768031660,app/data/roads/jakarta-2025-03-04-road-features.geojson#feature-743,0.0536,low,0.06643676944908317,0.1018270924969895,0.12991469005958012,0.145033030968948
osm-5669078458-310042746-0,768031660,app/data/roads/jakarta-2025-03-04-road-features.geojson#feature-744,0.07,low,0.08640584357803256,0.13094153298136085,0.16557945453002768,0.18397060041559685
osm-5669078465-5669078458-0,768031660,app/data/roads/jakarta-2025-03-04-road-features.geojson#feature-745,0.0255,low,0.03183340829122453,0.04977356845199765,0.06453457365889903,0.07268008900727303
osm-5670939322-5372153165-0,688117573,app/data/roads/jakarta-2025-03-04-road-features.geojson#feature-746,0.031,low,0.038645265583103036,0.06018569792570365,0.07778179727465254,0.08744307299059365
osm-5670944441-4566501487-0,736957432,app/data/roads/jakarta-2025-03-04-road-features.geojson#feature-747,0.0831,low,0.10223855685461965,0.15356313075832476,0.1928571778172756,0.21350287174483076
osm-5671006753-5671006757-0,713318115|688117573,app/data/roads/jakarta-2025-03-04-road-features.geojson#feature-748,0.0869,low,0.10681177512287354,0.16002292405553417,0.20057822155660854,0.22182330936313016
osm-5671006757-5671006769-0,688117573,app/data/roads/jakarta-2025-03-04-road-features.geojson#feature-749,0.0795,low,0.09789797397678919,0.1474013065426627,0.18546412672865245,0.20551990303589504
osm-5671006769-7038299405-0,688117573,app/data/roads/jakarta-2025-03-04-road-features.geojson#feature-750,0.1303,low,0.15843076105723547,0.23071488281322677,0.28314674544055624,0.3097488059454263
osm-5671006775-4859118379-0,688087394,app/data/roads/jakarta-2025-03-04-road-features.geojson#feature-751,0.1728,low,0.20791268262972937,0.2948628901869916,0.3551428624096029,0.3848774079322924
osm-5671045991-3723599610-0,1220264400|757042425|514485758,app/data/roads/jakarta-2025-03-04-road-features.geojson#feature-752,0.1555,low,0.1878958469253868,0.269321218081951,0.32679957754767097,0.3554691825905478
osm-5671081801-5373977783-0,761522995,app/data/roads/jakarta-2025-03-04-road-features.geojson#feature-753,0.0679,low,0.08385804769047121,0.12726346863292048,0.1611088028779675,0.1791099750287563
osm-5671267899-2821400645-0,521161628,app/data/roads/jakarta-2025-03-04-road-features.geojson#feature-754,0.0284,low,0.035427493175067624,0.05527750408571052,0.07154787133764906,0.0805024229241256
osm-5671270622-7120411011-0,1001371685,app/data/roads/jakarta-2025-03-04-road-features.geojson#feature-755,0.09,low,0.11053610363994594,0.16525934190229746,0.20681497830809178,0.22853181403372755
osm-5671317482-5374290437-0,343915036,app/data/roads/jakarta-2025-03-04-road-features.geojson#feature-756,0.124,low,0.15100679891882493,0.22079238929348335,0.2717658976712958,0.29774281926777363
osm-5671317488-4546100816-0,28216264,app/data/roads/jakarta-2025-03-04-road-features.geojson#feature-757,0.1453,low,0.176013746410432,0.25389981850586085,0.3094809601102068,0.33739268635172215
osm-5671327267-11246996071-0,11671364,app/data/roads/jakarta-2025-03-04-road-features.geojson#feature-758,0.0633,low,0.07826772238504773,0.11915590548115539,0.1512186584933181,0.16833652154473666
osm-5671531324-5174097479-0,533303289,app/data/roads/jakarta-2025-03-04-road-features.geojson#feature-759,0.0251,low,0.031337255456749105,0.04901195680813125,0.06356220462545246,0.0715943812241523
osm-5671605046-191578995-0,18056345,app/data/roads/jakarta-2025-03-04-road-features.geojson#feature-760,0.156,low,0.18847676555446807,0.2700701612300738,0.32763668779586463,0.35634085853606495
osm-5671605060-9031325937-0,18056345,app/data/roads/jakarta-2025-03-04-road-features.geojson#feature-761,0.147,low,0.17799825782300052,0.2564891281543455,0.31239975939662235,0.34044494262409364
osm-5671605063-13586870998-0,719606918,app/data/roads/jakarta-2025-03-04-road-features.geojson#feature-762,0.1296,low,0.15760702327197215,0.2296178577250054,0.28189176712491815,0.3084266501530706
osm-5671605067-9031074981-0,18056345,app/data/roads/jakarta-2025-03-04-road-features.geojson#feature-763,0.0861,low,0.10584971728051645,0.15866673011941584,0.19895973290921606,0.2200805860359405
osm-5673840820-13456652652-0,688117571,app/data/roads/jakarta-2025-03-04-road-features.geojson#feature-764,0.1208,low,0.14722698373816065,0.21570960582375723,0.26591011687174876,0.2915513993948544
osm-5673841347-104356356-1,1027699887,app/data/roads/jakarta-2025-03-04-road-features.geojson#feature-765,0.1323,low,0.1607827209313115,0.23384175459289197,0.2867193749733663,0.3135102937049212
osm-5673841354-7284085578-0,28909838,app/data/roads/jakarta-2025-03-04-road-features.geojson#feature-766,0.0241,low,0.03009643062524576,0.047105320299173956,0.06112592428853988,0.06887287784728989
osm-5673841364-3869782797-0,745193778|746550692,app/data/roads/jakarta-2025-03-04-road-features.geojson#feature-767,0.0652,low,0.08057834283412424,0.12251318389856194,0.1553200267491129,0.17280763871638227
osm-5673864834-5555933057-0,654892864,app/data/roads/jakarta-2025-03-04-road-features.geojson#feature-768,0.182,low,0.21848833657434574,0.3081407672869848,0.3697119695127019,0.3999098555363138
osm-5674017477-29939142-0,37018609,app/data/roads/jakarta-2025-03-04-road-features.geojson#feature-769,0.0624,low,0.07717244416715352,0.11756141746192357,0.14926782843632624,0.16620810208838607
osm-5680696059-11542695776-0,458897451|1493507334,app/data/roads/jakarta-2025-03-04-road-features.geojson#feature-770,0.026,low,0.03245345709223001,0.0507247464688962,0.06574831795150905,0.074034906927757
osm-5806359018-317156584-0,495447745|613723907|685541756,app/data/roads/jakarta-2025-03-04-road-features.geojson#feature-771,0.0898,low,0.11029599911187873,0.1649224089372925,0.20641427171080726,0.22810113103664562
osm-5984694495-6330678685-0,1483900145,app/data/roads/jakarta-2025-03-04-road-features.geojson#feature-772,0.0945,low,0.11593209599016029,0.17280772681085096,0.2157708226101598,0.23814572564868372
osm-6004639297-9657468817-0,1027699887,app/data/roads/jakarta-2025-03-04-road-features.geojson#feature-773,0.0416,low,0.051719922128919696,0.07994200959492676,0.10268305088575856,0.11505144525401258
osm-6118418342-309714207-0,652204586,app/data/roads/jakarta-2025-03-04-road-features.geojson#feature-774,0.183,low,0.21963499113141272,0.3095715523329241,0.37127522743800706,0.4015194582572685
osm-6135130582-6493403591-0,28229340,app/data/roads/jakarta-2025-03-04-road-features.geojson#feature-775,0.0783,low,0.09644936647904168,0.14533820714398685,0.182982618355752,0.2028368724804348
osm-6219014696-9696714817-0,815231911,app/data/roads/jakarta-2025-03-04-road-features.geojson#feature-776,0.0834,low,0.10259991778324011,0.1540747646632748,0.1934698057803003,0.21416368111962097
osm-6277705571-95022384-0,1134447887,app/data/roads/jakarta-2025-03-04-road-features.geojson#feature-777,0.0841,low,0.10344288154716337,0.1552674741130175,0.19489721486033273,0.215702935304567
osm-6315603275-104369586-0,28216524,app/data/roads/jakarta-2025-03-04-road-features.geojson#feature-778,0.082,low,0.1009131007176128,0.15168470846686571,0.19060633801309998,0.21107408758468515
osm-6315609707-7225096520-0,1252750445,app/data/roads/jakarta-2025-03-04-road-features.geojson#feature-779,0.0789,low,0.09717377950184933,0.1463703314497333,0.18422445144525015,0.20417977529350595
osm-6315609708-6315609707-0,718244637,app/data/roads/jakarta-2025-03-04-road-features.geojson#feature-780,0.0895,low,0.10993579716016492,0.16441677717285078,0.20581278285940363,0.227454559711361
osm-6315609717-7018595457-0,674369904,app/data/roads/jakarta-2025-03-04-road-features.geojson#feature-781,0.1203,low,0.14663584381601857,0.21491279382837616,0.2649905225561778,0.2905782307235956
osm-6315609717-13695587270-0,755769067|755769006,app/data/roads/jakarta-2025-03-04-road-features.geojson#feature-782,0.0412,low,0.0512278163771882,0.079203804202776,0.1017580743389495,0.11402921173652929
osm-6315615740-4548266767-0,688522170,app/data/roads/jakarta-2025-03-04-road-features.geojson#feature-783,0.0596,low,0.0737617262767118,0.11258343725870001,0.1431650980378433,0.15954266423153876
osm-6315624963-11395329908-0,458897450,app/data/roads/jakarta-2025-03-04-road-features.geojson#feature-784,0.0272,low,0.03394092972881933,0.05300378917043978,0.06865354613210982,0.07727600881323524
osm-6320275018-8503624788-0,28779908,app/data/roads/jakarta-2025-03-04-road-features.geojson#feature-785,0.1426,low,0.17285844320577892,0.24977152463158686,0.3048181575485865,0.33251185398145144
osm-6322281575-13675743447-0,508913824,app/data/roads/jakarta-2025-03-04-road-features.geojson#feature-786,0.0152,low,0.01902515179147247,0.02997048902798072,0.039100289913427275,0.0441871451772539
osm-6322395865-393856974-0,1294695407,app/data/roads/jakarta-2025-03-04-road-features.geojson#feature-787,0.0291,low,0.03629423564765934,0.056601384809271835,0.07323121703368526,0.08237775457734411
osm-6322395881-351116570-0,1281346440,app/data/roads/jakarta-2025-03-04-road-features.geojson#feature-788,0.0287,low,0.03579899207331763,0.055845102536625814,0.07226975623834882,0.08130674318060647
osm-6322396585-11166256394-0,1294695408,app/data/roads/jakarta-2025-03-04-road-features.geojson#feature-789,0.0662,low,0.08179356923555928,0.12427535847601134,0.15746939918366262,0.17514883089677938
osm-6322396593-12729353047-0,1204814108,app/data/roads/jakarta-2025-03-04-road-features.geojson#feature-790,0.0906,low,0.11125627275323897,0.16626939813415845,0.20801572759419953,0.2298221164225745
osm-6330385236-6330385245-0,491551134,app/data/roads/jakarta-2025-03-04-road-features.geojson#feature-791,0.057,low,0.07059030697416237,0.10793737265381705,0.13745247477657577,0.15329345374109488
osm-6330385245-1134908642-0,491551134,app/data/roads/jakarta-2025-03-04-road-features.geojson#feature-792,0.0414,low,0.05147388174463825,0.07957297790492333,0.10222070436931716,0.11454051689070631
osm-6330562646-310003828-0,28194353,app/data/roads/jakarta-2025-03-04-road-features.geojson#feature-793,0.0297,low,0.037036911878950605,0.05773470462588487,0.07467115764684226,0.08398124564630657
osm-6330678685-5354213698-0,1483900145,app/data/roads/jakarta-2025-03-04-road-features.geojson#feature-794,0.0697,low,0.08604203785308591,0.1304169808388099,0.16494247858264893,0.18327841466710057
osm-6331233983-5513076629-1,1288928358,app/data/roads/jakarta-2025-03-04-road-features.geojson#feature-795,0.1424,low,0.17262454928943105,0.2494649476086459,0.3044714354663419,0.33214868176397994
osm-6331405436-5492419247-0,749966273,app/data/roads/jakarta-2025-03-04-road-features.geojson#feature-796,0.0945,low,0.11593209599016029,0.17280772681085096,0.2157708226101598,0.23814572564868372
osm-6332293300-6978444810-0,497546914,app/data/roads/jakarta-2025-03-04-road-features.geojson#feature-797,0.0681,low,0.08410081115756597,0.12761438462587887,0.1615357702809565,0.17957443668541964
osm-6332594575-6332293300-0,497546914,app/data/roads/jakarta-2025-03-04-road-features.geojson#feature-798,0.2078,low,0.2478933359770419,0.3442959456657792,0.40882259975886154,0.4399850129391301
osm-6332607740-9031970386-0,791643153,app/data/roads/jakarta-2025-03-04-road-features.geojson#feature-799,0.1241,low,0.1511248212326729,0.22095075924958618,0.27194806945263084,0.2979352800445489
osm-6332686268-4260761277-0,765295723|11671655,app/data/roads/jakarta-2025-03-04-road-features.geojson#feature-800,0.0302,low,0.03765563543519066,0.058678127655550666,0.0758690499516423,0.08531472217633447
osm-6332686273-5652849431-0,691270311,app/data/roads/jakarta-2025-03-04-road-features.geojson#feature-801,0.0943,low,0.1156925324073306,0.17247356343199358,0.21537521142556695,0.23772152603733754
osm-6333006951-5391413717-0,1458498251,app/data/roads/jakarta-2025-03-04-road-features.geojson#feature-802,0.0664,low,0.08203654094932807,0.12462739614633597,0.15789851227906784,0.17561607939948365
osm-6333252911-9019103699-0,11670123,app/data/roads/jakarta-2025-03-04-road-features.geojson#feature-803,0.0648,low,0.08009208054903612,0.12180738576709124,0.15445849698962402,0.17186884547008482
osm-6334537720-4566501805-0,461101935,app/data/roads/jakarta-2025-03-04-road-features.geojson#feature-804,0.0413,low,0.051350852184047134,0.07938840881049057,0.10198942480967031,0.11428491143852211
osm-6334537728-430546294-0,37018609,app/data/roads/jakarta-2025-03-04-road-features.geojson#feature-805,0.0533,low,0.06606993767228801,0.10128605307212465,0.1292458875659516,0.14429930668186738
osm-6334659081-4566501806-0,736957432|461101934,app/data/roads/jakarta-2025-03-04-road-features.geojson#feature-806,0.0587,low,0.07266439894605257,0.11097777087487434,0.14119267035876362,0.15738604397988207
osm-6334849877-309950695-0,1491077186|1253507714|699354247,app/data/roads/jakarta-2025-03-04-road-features.geojson#feature-807,0.0592,low,0.07327408686131728,0.11187014518835886,0.14228911741737274,0.1585850215328433
osm-6336788287-7117640144-0,169300294,app/data/roads/jakarta-2025-03-04-road-features.geojson#feature-808,0.1491,low,0.18044741137419376,0.25967709344914125,0.3159873120574603,0.34419334447111327
osm-6336788292-309941624-0,28219234,app/data/roads/jakarta-2025-03-04-road-features.geojson#feature-809,0.0256,low,0.03195743069355565,0.04996387837799102,0.06477747501971957,0.07295125833443399
osm-6347347053-504912724-0,39741723,app/data/roads/jakarta-2025-03-04-road-features.geojson#feature-810,0.1152,low,0.14059780310341374,0.2067444345319147,0.2555383397379351,0.28056172954994246
osm-6359768001-186894208-0,762308113|1502540540|761853685|762115406,app/data/roads/jakarta-2025-03-04-road-features.geojson#feature-811,0.093,low,0.11413478388029985,0.17029851578165367,0.21279826058159082,0.23495726803407632
osm-6359768003-318168808-0,1053562876,app/data/roads/jakarta-2025-03-04-road-features.geojson#feature-812,0.1414,low,0.1714547322973468,0.24793044841669812,0.3027350605257042,0.3303294297125519
osm-6366750161-332517701-0,688087394,app/data/roads/jakarta-2025-03-04-road-features.geojson#feature-813,0.1086,low,0.13276105051327583,0.19606187607325948,0.24310724885764531,0.26735049145785245
osm-6370527438-321722198-0,28847149,app/data/roads/jakarta-2025-03-04-road-features.geojson#feature-814,0.0408,low,0.050735610677559724,0.07846503043402536,0.10083196269267948,0.11300546938711592
osm-6370527439-6370527438-0,752838490|28847149,app/data/roads/jakarta-2025-03-04-road-features.geojson#feature-815,0.0693,low,0.0855568779675959,0.12971711937314426,0.16409230356394475,0.18235436792542867
osm-6406796742-9013059183-0,28775346,app/data/roads/jakarta-2025-03-04-road-features.geojson#feature-816,0.1076,low,0.13157141093167624,0.19443218279321625,0.2412038331449329,0.26532380030933567
osm-6429880632-316486226-0,1220521803|1220521804|484865485|484865486,app/data/roads/jakarta-2025-03-04-road-features.geojson#feature-817,0.1386,low,0.1681761612954171,0.24361948883890236,0.2978485677487885,0.3252052694457744
osm-6430186685-2836706756-0,28257205,app/data/roads/jakarta-2025-03-04-road-features.geojson#feature-818,0.0205,low,0.025624217504959832,0.04021043568539485,0.052291438816418165,0.058989078684270474
osm-6430860592-9504400678-0,28851150,app/data/roads/jakarta-2025-03-04-road-features.geojson#feature-819,0.5204,high,0.5768861233603988,0.6847472673132763,0.7409761523834699,0.7647068274410975
osm-6434923286-5112284316-0,119540281,app/data/roads/jakarta-2025-03-04-road-features.geojson#feature-820,0.3712,medium,0.42587187899242807,0.5416427155302367,0.6088142602440149,0.6387499499457961
osm-6434930408-5112682630-0,836694112,app/data/roads/jakarta-2025-03-04-road-features.geojson#feature-821,0.274,medium,0.32167960525643424,0.4303576605166047,0.4987452717933152,0.5306099273282685
osm-6434945508-1342879000-0,764298932,app/data/roads/jakarta-2025-03-04-road-features.geojson#feature-822,0.2296,low,0.2724528994067937,0.3736613378392493,0.4399984836187417,0.47164139952864126
osm-6434967979-2836706754-0,279455518,app/data/roads/jakarta-2025-03-04-road-features.geojson#feature-823,0.1144,low,0.13964926677689957,0.20545632883767911,0.25404358678207206,0.2789754549164815
osm-6451021641-4914353827-0,1254545532,app/data/roads/jakarta-2025-03-04-road-features.geojson#feature-824,0.054,low,0.06692579185327939,0.10254799849529207,0.1308054882010229,0.1460100965720454
osm-6451233564-1757800736-0,688087386,app/data/roads/jakarta-2025-03-04-road-features.geojson#feature-825,0.0821,low,0.10103362700393964,0.15185563219675827,0.19081125499412904,0.21129526467818566
osm-6451233564-6776829930-0,808539792|755067954,app/data/roads/jakarta-2025-03-04-road-features.geojson#feature-826,0.4806,medium,0.5376086411392849,0.649397265024922,0.7092540679461672,0.7348510241605962
osm-6451233565-6451233564-0,688087386,app/data/roads/jakarta-2025-03-04-road-features.geojson#feature-827,0.02,low,0.025002426816008255,0.03924895688926045,0.05105645565839992,0.0576055301144422
osm-6451233570-10098494032-0,688087394,app/data/roads/jakarta-2025-03-04-road-features.geojson#feature-828,0.0202,low,0.025251162134264295,0.03963366169646571,0.05155068366884592,0.058159267965556885
osm-6451500598-3266396608-0,1239767488,app/data/roads/jakarta-2025-03-04-road-features.geojson#feature-829,0.1133,low,0.13834441157548616,0.20368215601001521,0.25198291080640356,0.27678758336887943
osm-6456763921-7070822596-0,28851026|1527672252|764002470,app/data/roads/jakarta-2025-03-04-road-features.geojson#feature-830,0.0574,low,0.07107848900606341,0.10865364145914047,0.1383342321570223,0.1542586572015436
osm-6459026538-1135179421-0,98090600,app/data/roads/jakarta-2025-03-04-road-features.geojson#feature-831,0.0689,low,0.08507162024291383,0.12901673324272075,0.16324112835216317,0.18142902450339804
osm-6459032697-12738838445-0,508913838|761320319,app/data/roads/jakarta-2025-03-04-road-features.geojson#feature-832,0.0438,low,0.05442471855446099,0.08399200876966297,0.10775022493414933,0.1206469076901938
osm-6459323552-4990059014-0,488110562,app/data/roads/jakarta-2025-03-04-road-features.geojson#feature-833,0.19,low,0.2276458658119024,0.3195196166933531,0.38210875630691826,0.41265626966457847
osm-6459341771-5201675288-0,755342160|1527654401|1527654400,app/data/roads/jakarta-2025-03-04-road-features.geojson#feature-834,0.0519,low,0.06435731928774631,0.0987571151025976,0.12611680660273283,0.14086473590832427
osm-6471562381-4798985491-0,492988946,app/data/roads/jakarta-2025-03-04-road-features.geojson#feature-835,0.0476,low,0.05908953532723062,0.09094732875327262,0.11642289329938224,0.13020613163762781
osm-6471563890-5373977777-0,492988946,app/data/roads/jakarta-2025-03-04-road-features.geojson#feature-836,0.1327,low,0.16125283282742872,0.23446580182055685,0.2874315953649108,0.3142597429932164
osm-6477409182-4815227758-0,489260903,app/data/roads/jakarta-2025-03-04-road-features.geojson#feature-837,0.0162,low,0.02027162632520682,0.031910744082400765,0.04160624651647717,0.04700317332894125
osm-6486347952-9491290599-0,560008548,app/data/roads/jakarta-2025-03-04-road-features.geojson#feature-838,0.1188,low,0.14486154106992277,0.21251807788373725,0.26222418035481143,0.28764930694755697
osm-6490074722-330177825-0,722419938,app/data/roads/jakarta-2025-03-04-road-features.geojson#feature-839,0.0984,low,0.12059879338277567,0.17929955061495711,0.22344066181550104,0.2463610557577589
osm-6493403591-3266332372-0,691851120,app/data/roads/jakarta-2025-03-04-road-features.geojson#feature-840,0.089,low,0.1093353401181367,0.16357343748381928,0.20480915592526322,0.22637548015274617
osm-6531806778-7082730280-0,975979297,app/data/roads/jakarta-2025-03-04-road-features.geojson#feature-841,0.0984,low,0.12059879338277567,0.17929955061495711,0.22344066181550104,0.2463610557577589
osm-6546950357-309712345-0,751715004|758677238|758677239,app/data/roads/jakarta-2025-03-04-road-features.geojson#feature-842,0.0681,low,0.08410081115756597,0.12761438462587887,0.1615357702809565,0.17957443668541964
osm-6547719124-1675488274-0,763262315,app/data/roads/jakarta-2025-03-04-road-features.geojson#feature-843,0.1144,low,0.13964926677689957,0.20545632883767911,0.25404358678207206,0.2789754549164815
osm-6552109327-5671605046-0,18056345,app/data/roads/jakarta-2025-03-04-road-features.geojson#feature-844,0.0654,low,0.08082143717113073,0.12286588389314741,0.15575040958067382,0.17327653827280975
osm-6604587143-7059651780-0,1458445576,app/data/roads/jakarta-2025-03-04-road-features.geojson#feature-845,0.0572,low,0.07083441033259616,0.10829557492114612,0.13789348540543053,0.1537762283229607
osm-6776762980-310048835-0,1220487712|1249941595|560008532,app/data/roads/jakarta-2025-03-04-road-features.geojson#feature-846,0.0456,low,0.056635489202637564,0.08729294655330505,0.11187084219882912,0.12519152315051565
osm-6776762981-6776762980-0,320147637,app/data/roads/jakarta-2025-03-04-road-features.geojson#feature-847,0.1262,low,0.15360193489636145,0.2242700213451297,0.27576226191864733,0.3019627840763816
osm-6776829930-6776762981-0,755067954,app/data/roads/jakarta-2025-03-04-road-features.geojson#feature-848,0.255,medium,0.30074295774160154,0.4065874498709378,0.4743431326344414,0.5062232416504112
osm-6797982811-6118418342-0,1249938307|653349526,app/data/roads/jakarta-2025-03-04-road-features.geojson#feature-849,0.1581,low,0.1909150598613771,0.2732086497223367,0.33114066688056365,0.35998745991857256
osm-6801763173-8811850651-0,686924182,app/data/roads/jakarta-2025-03-04-road-features.geojson#feature-850,0.196,low,0.23449052672435522,0.3279537083472835,0.3912450716473944,0.42202411617577235
osm-6806925400-317193936-0,28847119,app/data/roads/jakarta-2025-03-04-road-features.geojson#feature-851,0.142,low,0.17215669198498523,0.24885147091718302,0.30377743883646874,0.33142165976886545
osm-6831185205-9486285513-0,1027699887,app/data/roads/jakarta-2025-03-04-road-features.geojson#feature-852,0.0887,low,0.10897499359947566,0.16306706124490292,0.20420629137534613,0.22572715437343124
osm-6862048641-5655125045-0,759677175,app/data/roads/jakarta-2025-03-04-road-features.geojson#feature-853,0.0952,low,0.11677037955713264,0.17397633597082784,0.21715369740702767,0.23962818379726095
osm-6878897947-1139139728-0,1186134489,app/data/roads/jakarta-2025-03-04-road-features.geojson#feature-854,0.638,high,0.6889151223723301,0.7791507017938003,0.8228966356354188,0.8407352636728138
osm-6884974160-11899737707-0,1282308967,app/data/roads/jakarta-2025-03-04-road-features.geojson#feature-855,0.0585,low,0.07242048063363682,0.11062058470009983,0.14075363305088434,0.15690585314852884
osm-6907592439-315710860-0,1498249121|762052107|508138517|761818586|1103018842,app/data/roads/jakarta-2025-03-04-road-features.geojson#feature-856,0.0302,low,0.03765563543519066,0.058678127655550666,0.0758690499516423,0.08531472217633447
osm-6907714745-5380146210-0,557920798,app/data/roads/jakarta-2025-03-04-road-features.geojson#feature-857,0.1349,low,0.16383678135725124,0.23789018620071245,0.2913351551959639,0.3183648659011146
osm-6910883258-4849427384-0,492988946,app/data/roads/jakarta-2025-03-04-road-features.geojson#feature-858,0.1105,low,0.1350197305048051,0.1991501943512866,0.24670920476801977,0.27118294884578414
osm-6978444809-9002723306-0,497546913|1369734219,app/data/roads/jakarta-2025-03-04-road-features.geojson#feature-859,0.0524,low,0.0649691080563779,0.09966108092988536,0.12723585136263632,0.14209336249164287
osm-6978444810-6978444809-0,497546914|28706691|1509531423,app/data/roads/jakarta-2025-03-04-road-features.geojson#feature-860,0.0109,low,0.013658044177718607,0.021583574246519674,0.028232859879993924,0.03195290233388855
osm-6978547983-3723635038-0,764286705|759490081,app/data/roads/jakarta-2025-03-04-road-features.geojson#feature-861,0.2691,medium,0.3162984234670778,0.4242956511454001,0.4925528985851627,0.5244358504311268
osm-7003228710-1321537155-0,744559390,app/data/roads/jakarta-2025-03-04-road-features.geojson#feature-862,0.1193,low,0.14545312253684686,0.2133170308158196,0.2631475568850463,0.288627188294372
osm-7003228710-7003248324-0,748865229,app/data/roads/jakarta-2025-03-04-road-features.geojson#feature-863,0.0315,low,0.03926357980552504,0.061126739816687585,0.07897484591687857,0.08877004598475104
osm-7003248324-1321537155-0,748868103,app/data/roads/jakarta-2025-03-04-road-features.geojson#feature-864,0.1013,low,0.12406300162870221,0.18409695044293542,0.22908943793774617,0.25240094477017133
osm-7015230195-4849427387-0,492988946,app/data/roads/jakarta-2025-03-04-road-features.geojson#feature-865,0.0761,low,0.09379131399734172,0.14154388808591178,0.17841067779312247,0.19788901339800383
osm-7015230199-7015230195-0,492988946,app/data/roads/jakarta-2025-03-04-road-features.geojson#feature-866,0.109,low,0.1332367400914053,0.19671292914598393,0.2438671349318003,0.2681593079579725
osm-7018595457-6315609708-0,674369904|761122077,app/data/roads/jakarta-2025-03-04-road-features.geojson#feature-867,0.0904,low,0.11101624045700385,0.16593283643251086,0.2076157060544224,0.22939230643145825
osm-7026798812-5498027297-0,1085472813|572251878,app/data/roads/jakarta-2025-03-04-road-features.geojson#feature-868,0.0778,low,0.09584552194236504,0.14447722429803975,0.1819461050562144,0.20171566073314293
osm-7027128992-4658384434-0,28847119,app/data/roads/jakarta-2025-03-04-road-features.geojson#feature-869,0.062,low,0.07668549404715348,0.11685188720134852,0.1483991183172565,0.1652599543742054
osm-7027231693-4152867163-0,767532261,app/data/roads/jakarta-2025-03-04-road-features.geojson#feature-870,0.0908,low,0.11149628097943987,0.16660583621770908,0.20841552117183396,0.23025163600150458
osm-7029385572-316486305-0,805801284,app/data/roads/jakarta-2025-03-04-road-features.geojson#feature-871,0.4474,medium,0.5042941058018161,0.618420277587709,0.6809675041362641,0.7080296182903834
osm-7029563618-4993841487-0,521164040,app/data/roads/jakarta-2025-03-04-road-features.geojson#feature-872,0.0145,low,0.01815224050797243,0.028610030624997257,0.0373413535924613,0.042209427363845295
osm-7029563618-7029563620-0,751996164,app/data/roads/jakarta-2025-03-04-road-features.geojson#feature-873,0.1298,low,0.1578424061403459,0.22993143239422262,0.2822505743346162,0.30880470828435275
osm-7029563620-7029563621-0,751996164,app/data/roads/jakarta-2025-03-04-road-features.geojson#feature-874,0.1173,low,0.14308591269985602,0.21011692185878478,0.25944644478819795,0.28470617658753233
osm-7029563621-12530400916-0,751996163,app/data/roads/jakarta-2025-03-04-road-features.geojson#feature-875,0.1052,low,0.12871385107057362,0.19050886721608748,0.23661395222470238,0.2604324694529008
osm-7038299405-388023277-0,688117573,app/data/roads/jakarta-2025-03-04-road-features.geojson#feature-876,0.1305,low,0.15866606213151102,0.23102806863429917,0.28350487552673087,0.310126026540059
osm-7039275702-1359134222-0,1074066710,app/data/roads/jakarta-2025-03-04-road-features.geojson#feature-877,0.0803,low,0.09886322681759699,0.14877415565049998,0.1871136802286773,0.2073024380961712
osm-7044795931-7509918742-0,754062956,app/data/roads/jakarta-2025-03-04-road-features.geojson#feature-878,0.1298,low,0.1578424061403459,0.22993143239422262,0.2822505743346162,0.30880470828435275
osm-7044795934-7044795931-0,754062956,app/data/roads/jakarta-2025-03-04-road-features.geojson#feature-879,0.0812,low,0.09994867235104707,0.1503161785418639,0.18896487103143053,0.2093019365041946
osm-7045010187-5487633251-0,489977117,app/data/roads/jakarta-2025-03-04-road-features.geojson#feature-880,0.0546,low,0.06765913988163409,0.10362833040212921,0.13213967823321388,0.1474730580595169
osm-7045010651-4502213977-0,39741723,app/data/roads/jakarta-2025-03-04-road-features.geojson#feature-881,0.0311,low,0.038768941016704604,0.060373979441611124,0.07802055562127792,0.08770866702179729
osm-7045231385-11501464552-0,1238183825,app/data/roads/jakarta-2025-03-04-road-features.geojson#feature-882,0.0496,low,0.06154109489288369,0.09458776075976164,0.12094738580439728,0.13518432321084828
osm-7046982976-1682844563-0,489977114|754381189,app/data/roads/jakarta-2025-03-04-road-features.geojson#feature-883,0.0431,low,0.05356442905643454,0.08270522889206439,0.10614163899859115,0.11887143969410832
osm-7050035434-7050035438-0,754655054,app/data/roads/jakarta-2025-03-04-road-features.geojson#feature-884,0.1052,low,0.12871385107057362,0.19050886721608748,0.23661395222470238,0.2604324694529008
osm-7050035434-7050035440-0,1027699888|1050942453,app/data/roads/jakarta-2025-03-04-road-features.geojson#feature-885,0.1301,low,0.1581954366175686,0.23040158596652197,0.28278842208623667,0.3093713463388304
osm-7050035438-7122914747-0,757042417,app/data/roads/jakarta-2025-03-04-road-features.geojson#feature-886,0.0987,low,0.12095739287778351,0.17979700966320322,0.22402715843850007,0.2469885798505519
osm-7050035440-7246575157-0,688117571,app/data/roads/jakarta-2025-03-04-road-features.geojson#feature-887,0.0551,low,0.06827009319003272,0.10452766683216683,0.13324966748771866,0.14868978197597027
osm-7052519688-7070168306-0,688087393|1288609434,app/data/roads/jakarta-2025-03-04-road-features.geojson#feature-888,0.1698,low,0.20445375720564782,0.2904879240363229,0.35031784576553654,0.37988639765249316
osm-7055752942-5006633608-0,754098162,app/data/roads/jakarta-2025-03-04-road-features.geojson#feature-889,0.0508,low,0.06301083865567617,0.0967653570628302,0.12364895710260591,0.13815392270391538
osm-7055776846-4990059515-0,754106906,app/data/roads/jakarta-2025-03-04-road-features.geojson#feature-890,0.0852,low,0.1047669402952774,0.15713861796644396,0.19713448779705445,0.21811433852970374
osm-7059042271-6315609717-0,18056345,app/data/roads/jakarta-2025-03-04-road-features.geojson#feature-891,0.125,low,0.15218675803173387,0.22237481990627292,0.2735853881695965,0.29966466091102895
osm-7059651780-316412093-0,763467199,app/data/roads/jakarta-2025-03-04-road-features.geojson#feature-892,0.1238,low,0.15077073668417254,0.22047556469425397,0.27140140537849666,0.29735771295185953
osm-7062375566-7513762422-0,248618360,app/data/roads/jakarta-2025-03-04-road-features.geojson#feature-893,0.0791,low,0.09741520193837455,0.14671411740953685,0.18463791601805624,0.20462679245707746
osm-7070168306-7483895436-0,1288609434,app/data/roads/jakarta-2025-03-04-road-features.geojson#feature-894,0.0446,low,0.05540753249822401,0.08546049904859872,0.10958440337138345,0.12267043746032714
osm-7070168315-310048098-0,514485760,app/data/roads/jakarta-2025-03-04-road-features.geojson#feature-895,0.2136,low,0.25445295850379474,0.3522119097169638,0.41727802083837184,0.448595879050691
osm-7070822596-7027231693-0,764002471,app/data/roads/jakarta-2025-03-04-road-features.geojson#feature-896,0.091,low,0.11173626513922691,0.1669421507512571,0.20881508698213497,0.2306808654624858
osm-7082730280-5655139014-0,975979297,app/data/roads/jakarta-2025-03-04-road-features.geojson#feature-897,0.155,low,0.1873147849692539,0.2685716255069089,0.3259613746213423,0.3545961782755906
osm-7082864214-310048835-0,722466414,app/data/roads/jakarta-2025-03-04-road-features.geojson#feature-898,0.0511,low,0.06337813503541298,0.09730897793424703,0.1243228200632267,0.13889430628181193
osm-7096117327-6862048641-0,759677172,app/data/roads/jakarta-2025-03-04-road-features.geojson#feature-899,0.0646,low,0.07984891259352411,0.1214542874803647,0.1540273496093732,0.1713989510773987
osm-7098183581-9695103618-0,28706110,app/data/roads/jakarta-2025-03-04-road-features.geojson#feature-900,0.0375,low,0.04667109604573718,0.07234837387299778,0.09314795669280287,0.10450158546527435
osm-7103369194-317156628-0,28847137,app/data/roads/jakarta-2025-03-04-road-features.geojson#feature-901,0.1024,low,0.12537569780666702,0.18591004055240104,0.23122006531052539,0.2546767549632308
osm-7103369200-7103369194-0,28847137,app/data/roads/jakarta-2025-03-04-road-features.geojson#feature-902,0.1068,low,0.13061927151995473,0.19312630447709175,0.2396772826539783,0.26369764733205703
osm-7103903985-1351484887-0,1295786981,app/data/roads/jakarta-2025-03-04-road-features.geojson#feature-903,0.1027,low,0.12573358057738818,0.18640389087172268,0.23180000582485719,0.25529599158021865
osm-7104997606-5172730315-0,688068325|760228734,app/data/roads/jakarta-2025-03-04-road-features.geojson#feature-904,0.0424,low,0.05270383391044032,0.08141671787109972,0.10452960701826194,0.11709139911620967
osm-7105384963-1342878909-0,119540281,app/data/roads/jakarta-2025-03-04-road-features.geojson#feature-905,0.1686,low,0.20306875811400407,0.2887316385444245,0.3483774428820543,0.3778774750305193
osm-7112944949-393861915-0,1294695408,app/data/roads/jakarta-2025-03-04-road-features.geojson#feature-906,0.0252,low,0.031461303150107534,0.04920241553188715,0.06380541149434064,0.07186596285855937
osm-7117458776-5380055271-0,427815402,app/data/roads/jakarta-2025-03-04-road-features.geojson#feature-907,0.2938,medium,0.3432958477490676,0.45438484468180773,0.5230845181554477,0.5547831143796691
osm-7117640144-5189820259-0,1282090555|758308923|169300294,app/data/roads/jakarta-2025-03-04-road-features.geojson#feature-908,0.0663,low,0.08191505815686474,0.12445139384595229,0.15768398740449563,0.17538249631540492
osm-7118113165-104356359-0,560008548,app/data/roads/jakarta-2025-03-04-road-features.geojson#feature-909,0.1466,low,0.17753146404089817,0.25588057064790953,0.31171416139526653,0.3397282059117045
osm-7120306569-5371596275-0,654692998,app/data/roads/jakarta-2025-03-04-road-features.geojson#feature-910,0.062,low,0.07668549404715348,0.11685188720134852,0.1483991183172565,0.1652599543742054
osm-7120306577-7120306569-0,654692998,app/data/roads/jakarta-2025-03-04-road-features.geojson#feature-911,0.0869,low,0.10681177512287354,0.16002292405553417,0.20057822155660854,0.22182330936313016
osm-7120310389-9665578858-0,762091306,app/data/roads/jakarta-2025-03-04-road-features.geojson#feature-912,0.0301,low,0.03753190332460095,0.05848951644369243,0.07562962094495715,0.08504822765733183
osm-7120318185-7120380404-0,654692998,app/data/roads/jakarta-2025-03-04-road-features.geojson#feature-913,0.0885,low,0.10873473245721062,0.16272932176554267,0.20380409443648612,0.2252945707150905
osm-7120341842-7120393917-0,654692998,app/data/roads/jakarta-2025-03-04-road-features.geojson#feature-914,0.094,low,0.11533314202600622,0.1719720889056911,0.21478137385060814,0.23708469209454353
osm-7120370231-4996688468-0,1265458800,app/data/roads/jakarta-2025-03-04-road-features.geojson#feature-915,0.0739,low,0.09113031704536799,0.13773399732016361,0.17380937039490707,0.19290329901688802
osm-7120377653-29939156-0,1498249124|762101023,app/data/roads/jakarta-2025-03-04-road-features.geojson#feature-916,0.0444,low,0.055161866405347364,0.08509358774466788,0.1091262784769573,0.12216511134019024
osm-7120377658-7120377653-0,762101023,app/data/roads/jakarta-2025-03-04-road-features.geojson#feature-917,0.1118,low,0.13656390985232703,0.20125716272460079,0.24916279167314928,0.2737914680079044
osm-7120380401-5371596264-0,654692998,app/data/roads/jakarta-2025-03-04-road-features.geojson#feature-918,0.1122,low,0.13703884054666318,0.20190446818758614,0.24991596712371492,0.274591864873309
osm-7120380404-7120380401-0,654692998,app/data/roads/jakarta-2025-03-04-road-features.geojson#feature-919,0.0876,low,0.10765325892698337,0.16120795445704508,0.20199135884851516,0.2233443075519278
osm-7120383641-10758010539-0,762970472|762101021,app/data/roads/jakarta-2025-03-04-road-features.geojson#feature-920,0.0349,low,0.0434639472578195,0.0675016687008131,0.08703859955881912,0.09772781912955375
osm-7120383650-7120383641-0,762101021,app/data/roads/jakarta-2025-03-04-road-features.geojson#feature-921,0.0533,low,0.06606993767228801,0.10128605307212465,0.1292458875659516,0.14429930668186738
osm-7120383655-7120383650-0,762101021,app/data/roads/jakarta-2025-03-04-road-features.geojson#feature-922,0.0896,low,0.1100558704992886,0.1645853520813124,0.20601333636991773,0.22767015644644148
osm-7120383657-1163404618-0,762101021,app/data/roads/jakarta-2025-03-04-road-features.geojson#feature-923,0.1021,low,0.1250177613561914,0.18541592094267728,0.23063963691053194,0.25405690249673557
osm-7120383659-7120383657-0,762101021,app/data/roads/jakarta-2025-03-04-road-features.geojson#feature-924,0.0914,low,0.1122161612740374,0.1676144094404728,0.20961353607886488,0.23153845520556512
osm-7120393905-7120377658-0,654692998|762101023,app/data/roads/jakarta-2025-03-04-road-features.geojson#feature-925,0.0311,low,0.038768941016704604,0.060373979441611124,0.07802055562127792,0.08770866702179729
osm-7120393917-7120306577-0,654692998,app/data/roads/jakarta-2025-03-04-road-features.geojson#feature-926,0.0819,low,0.1007925683746861,0.1515137530884451,0.1904013618937153,0.2108528346286854
osm-7120393920-5371596268-0,654692998,app/data/roads/jakarta-2025-03-04-road-features.geojson#feature-927,0.1029,low,0.12597213927507944,0.18673297492085,0.23218636209051302,0.2557084743060175
osm-7120410534-4899821967-0,1490370109,app/data/roads/jakarta-2025-03-04-road-features.geojson#feature-928,0.0498,low,0.06178611423420122,0.09495103977456021,0.12139832896439048,0.13568015470525305
osm-7120410539-7120410534-0,1490370109,app/data/roads/jakarta-2025-03-04-road-features.geojson#feature-929,0.0799,low,0.09838064892676844,0.14808798576720586,0.18628938091214745,0.2064117840698182
osm-7120410540-7120410539-0,1490370109,app/data/roads/jakarta-2025-03-04-road-features.geojson#feature-930,0.0955,low,0.11712955398290703,0.17447671055851824,0.21774551929478192,0.24026245824885586
osm-7120410546-13720913830-0,711241492,app/data/roads/jakarta-2025-03-04-road-features.geojson#feature-931,0.0741,low,0.0913723476601593,0.138080997005358,0.17422889201128075,0.1933581214673529
osm-7120411005-7120419447-0,1001371685,app/data/roads/jakarta-2025-03-04-road-features.geojson#feature-932,0.0663,low,0.08191505815686474,0.12445139384595229,0.15768398740449563,0.17538249631540492
osm-7120411011-7120411005-0,1001371685,app/data/roads/jakarta-2025-03-04-road-features.geojson#feature-933,0.0941,low,0.11545294482132626,0.17213927768673074,0.21497937584716098,0.2372970413934667
osm-7120419442-29939154-0,1001371685,app/data/roads/jakarta-2025-03-04-road-features.geojson#feature-934,0.0327,low,0.040746892155701236,0.06338151612074798,0.0818306019677493,0.09194464060051873
osm-7120419444-7120419442-0,1001371685,app/data/roads/jakarta-2025-03-04-road-features.geojson#feature-935,0.095,low,0.11653089995701416,0.1736426003456961,0.21675887010000533,0.23920497954220193
osm-7120419447-7120419444-0,1001371685,app/data/roads/jakarta-2025-03-04-road-features.geojson#feature-936,0.0843,low,0.10368367390681271,0.1556079649285965,0.195304518209769,0.21614204619702768
osm-7120440775-7756153690-0,758051339,app/data/roads/jakarta-2025-03-04-road-features.geojson#feature-937,0.0887,low,0.10897499359947566,0.16306706124490292,0.20420629137534613,0.22572715437343124
osm-7120440781-5671531324-0,762074073|533303289,app/data/roads/jakarta-2025-03-04-road-features.geojson#feature-938,0.0249,low,0.03108914109765189,0.04863092766958014,0.06307556145037979,0.07105090822524975
osm-7120487195-316374654-0,717267441,app/data/roads/jakarta-2025-03-04-road-features.geojson#feature-939,0.1079,low,0.1319283651687168,0.19492140017433887,0.24177541378705203,0.2659325063982411
osm-7120487197-7120487195-0,717267441,app/data/roads/jakarta-2025-03-04-road-features.geojson#feature-940,0.1015,low,0.12430172736766021,0.18442687297049856,0.22947731398882965,0.25281534633667907
osm-7120502855-4750115938-0,758051339,app/data/roads/jakarta-2025-03-04-road-features.geojson#feature-941,0.0134,low,0.016779891537338498,0.026468363532361663,0.034569344096932526,0.039090714279638034
osm-7120512601-5669076905-0,768031660,app/data/roads/jakarta-2025-03-04-road-features.geojson#feature-942,0.0235,low,0.029351631974723274,0.04595954696306994,0.059660470619982614,0.0672349965119562
osm-7120831201-1376428022-0,717163577,app/data/roads/jakarta-2025-03-04-road-features.geojson#feature-943,0.0436,low,0.05417895273409805,0.08362453381988125,0.10729097994527537,0.12014009668213327
osm-7122843809-7045010651-0,39741723,app/data/roads/jakarta-2025-03-04-road-features.geojson#feature-944,0.0336,low,0.04185878221786994,0.06506915664947482,0.08396544249754172,0.09431623729702927
osm-7122914747-5673841354-0,757042417,app/data/roads/jakarta-2025-03-04-road-features.geojson#feature-945,0.0691,low,0.0853142613370035,0.12936699192789455,0.16366684109247015,0.18189185846998426
osm-7123191860-13828094473-0,699886104,app/data/roads/jakarta-2025-03-04-road-features.geojson#feature-946,0.0542,low,0.0671702659360332,0.1029082459982467,0.13125048559439642,0.1464981016103367
osm-7131381422-5425990246-0,781727135,app/data/roads/jakarta-2025-03-04-road-features.geojson#feature-947,0.1222,low,0.1488813932736306,0.21793689603001998,0.26847830949267343,0.2942679668013634
osm-7131628847-5068494252-0,763178866|763178867|519894318,app/data/roads/jakarta-2025-03-04-road-features.geojson#feature-948,0.0908,low,0.11149628097943987,0.16660583621770908,0.20841552117183396,0.23025163600150458
osm-7131628852-7131628847-1,763190058|763190059|763190062,app/data/roads/jakarta-2025-03-04-road-features.geojson#feature-949,0.2116,low,0.25219311118527427,0.34949084052754964,0.4143758255174166,0.4456424442862389
osm-7131701881-9694163557-0,1053249591,app/data/roads/jakarta-2025-03-04-road-features.geojson#feature-950,0.0989,low,0.1211964293020555,0.18012849789016128,0.2244178808400208,0.2474065806793102
osm-7132187495-7132187498-0,750001530|492988946,app/data/roads/jakarta-2025-03-04-road-features.geojson#feature-951,0.0744,low,0.09173534788743395,0.13860125390701836,0.17485771544647635,0.1940397625147074
osm-7132187498-9009474493-0,492988946,app/data/roads/jakarta-2025-03-04-road-features.geojson#feature-952,0.1105,low,0.1350197305048051,0.1991501943512866,0.24670920476801977,0.27118294884578414
osm-7132270238-5374380799-0,766850322,app/data/roads/jakarta-2025-03-04-road-features.geojson#feature-953,0.0431,low,0.05356442905643454,0.08270522889206439,0.10614163899859115,0.11887143969410832
osm-7137519768-7137727237-0,764013594|449703678|763998191,app/data/roads/jakarta-2025-03-04-road-features.geojson#feature-954,0.2747,medium,0.32244731384334824,0.4312198520772366,0.49962430402232677,0.5314855724650033
osm-7137574112-5380068218-0,689877064|764325452,app/data/roads/jakarta-2025-03-04-road-features.geojson#feature-955,0.1086,low,0.13276105051327583,0.19606187607325948,0.24310724885764531,0.26735049145785245
osm-7137652765-328320159-0,492988993,app/data/roads/jakarta-2025-03-04-road-features.geojson#feature-956,0.5154,high,0.5719906732175674,0.6804084141672131,0.7371140758973886,0.761084492423692
osm-7137727237-7246511033-0,449703678,app/data/roads/jakarta-2025-03-04-road-features.geojson#feature-957,0.1316,low,0.15995980053912273,0.23274860870179867,0.2854711433097664,0.3121964775989205
osm-7137820748-4548267014-0,764030273,app/data/roads/jakarta-2025-03-04-road-features.geojson#feature-958,0.4287,medium,0.48530451286615317,0.6003377885181937,0.6642397729646796,0.6920792086010407
osm-7140161059-6434930408-0,836694112,app/data/roads/jakarta-2025-03-04-road-features.geojson#feature-959,0.5093,high,0.5660031824742665,0.6750760380006898,0.7323556629764657,0.7566166997501873
osm-7140306354-6434945508-0,836694112,app/data/roads/jakarta-2025-03-04-road-features.geojson#feature-960,0.1708,low,0.20560729907296538,0.29194874099826845,0.3519302985257599,0.38155501914529655
osm-7147121113-7697810035-0,562942144|562942145,app/data/roads/jakarta-2025-03-04-road-features.geojson#feature-961,0.1319,low,0.16031251571269417,0.23321726561543507,0.2860063877317199,0.3127598973948468
osm-7149726253-5487632874-0,764238034,app/data/roads/jakarta-2025-03-04-road-features.geojson#feature-962,0.3174,medium,0.36879540443837244,0.48207858610910875,0.5507389392800007,0.582068038305381
osm-7152827727-10599212863-0,765866693,app/data/roads/jakarta-2025-03-04-road-features.geojson#feature-963,0.1018,low,0.1246597712138831,0.1849215318222303,0.2300587200089535,0.2534364332615545
osm-7156322369-316374602-0,750240454,app/data/roads/jakarta-2025-03-04-road-features.geojson#feature-964,0.0381,low,0.04741060561833038,0.07346339068585034,0.0945508590712915,0.1060554870171976
osm-7192466992-1695811568-0,491265984|1109633895|770564584|157362027|697069495,app/data/roads/jakarta-2025-03-04-road-features.geojson#feature-965,0.168,low,0.20237595200914435,0.2878521404505051,0.34740499995263796,0.37687031194050574
osm-7225096520-4800528564-0,760613094,app/data/roads/jakarta-2025-03-04-road-features.geojson#feature-966,0.0656,low,0.08106450697606452,0.1232184512734333,0.15618053801454881,0.17374510691914063
osm-7226592293-7226690310-0,763467199,app/data/roads/jakarta-2025-03-04-road-features.geojson#feature-967,0.1176,low,0.1434411444950909,0.2105976695168496,0.2600029067479017,0.28529594414524523
osm-7226690310-9684746119-0,763467199,app/data/roads/jakarta-2025-03-04-road-features.geojson#feature-968,0.0881,low,0.10825413784477596,0.16205346972979612,0.20299901029802966,0.22442852252204099
osm-7226690317-1311842311-0,763467199,app/data/roads/jakarta-2025-03-04-road-features.geojson#feature-969,0.1078,low,0.13180938636351425,0.1947583572016692,0.24158493991081628,0.2657296710031052
osm-7229469661-4776087714-0,484862899,app/data/roads/jakarta-2025-03-04-road-features.geojson#feature-970,0.0507,low,0.06288839412713416,0.09658408100451236,0.12342420035385436,0.13790694930891326
osm-7241544817-5227396653-0,28775346,app/data/roads/jakarta-2025-03-04-road-features.geojson#feature-971,0.1265,low,0.15395559725058214,0.22474318982330768,0.27630537363410346,0.3025359419247998
osm-7241781245-315305416-0,392820646,app/data/roads/jakarta-2025-03-04-road-features.geojson#feature-972,0.0282,low,0.035179795703533155,0.05489892079198715,0.07106623834891744,0.07996570298462727
osm-7246473924-4564612508-0,28219053,app/data/roads/jakarta-2025-03-04-road-features.geojson#feature-973,0.0847,low,0.10416518607640893,0.15628856926266232,0.19611842246843791,0.2170193686251887
osm-7246511033-7137652765-0,449703678,app/data/roads/jakarta-2025-03-04-road-features.geojson#feature-974,0.1171,low,0.14284906201243489,0.20979627974222664,0.25907521543114936,0.28431268026455875
osm-7246575157-5673840820-0,688117571,app/data/roads/jakarta-2025-03-04-road-features.geojson#feature-975,0.0474,low,0.058844242672316076,0.09058251961277455,0.11596893246927699,0.1297063161218151
osm-7249176145-104363249-0,755124264,app/data/roads/jakarta-2025-03-04-road-features.geojson#feature-976,0.1085,low,0.13264211327792516,0.19589903927213007,0.24291714534270825,0.2671481215101676
osm-7260196327-1139139742-1,1235335425|1235335426|1235335427,app/data/roads/jakarta-2025-03-04-road-features.geojson#feature-977,0.4285,medium,0.4851005284201208,0.6001418309995536,0.6640576142488316,0.6919051479828882
osm-7260204106-6331405436-0,749966273,app/data/roads/jakarta-2025-03-04-road-features.geojson#feature-978,0.1376,low,0.1670041405477732,0.2420747095136598,0.2960945342820424,0.3233643258297912
osm-7284085578-317417610-0,28909838,app/data/roads/jakarta-2025-03-04-road-features.geojson#feature-979,0.2197,low,0.2613319347236109,0.36045597575950367,0.4260434166361247,0.4575026418598614
osm-7400356402-95010735-0,751673455,app/data/roads/jakarta-2025-03-04-road-features.geojson#feature-980,0.08,low,0.09850130249762729,0.14825957596662853,0.18649554519529332,0.2066345625094054
osm-7400356402-1133343792-0,97705060,app/data/roads/jakarta-2025-03-04-road-features.geojson#feature-981,0.0197,low,0.024629276222214544,0.03867161623398877,0.05031452603036016,0.056774126057222984
osm-7483895397-5372153187-0,1288609434,app/data/roads/jakarta-2025-03-04-road-features.geojson#feature-982,0.0883,low,0.10849444720685367,0.16239145795006468,0.20340166747650873,0.2248616935309123
osm-7483895436-7483895397-0,1288609434,app/data/roads/jakarta-2025-03-04-road-features.geojson#feature-983,0.0253,low,0.03158534451998391,0.04939283703984626,0.0640485419321992,0.07213744132804108
osm-7496439574-1321228566-0,754062956,app/data/roads/jakarta-2025-03-04-road-features.geojson#feature-984,0.0307,low,0.03827420150725639,0.05962063379425502,0.07706507582448811,0.08664569170000197
osm-7509918738-9691407991-0,119909339,app/data/roads/jakarta-2025-03-04-road-features.geojson#feature-985,0.1125,low,0.13739497639748557,0.20238964132997728,0.2504803022600829,0.2751914778093169
osm-7509918742-7496439574-0,754062956,app/data/roads/jakarta-2025-03-04-road-features.geojson#feature-986,0.1212,low,0.14769978978158327,0.21634654292615688,0.2666448881865264,0.2923288085582239
osm-7513762422-9075741779-0,248618360,app/data/roads/jakarta-2025-03-04-road-features.geojson#feature-987,0.0893,low,0.1096956324139951,0.16407953435224526,0.20541150403567976,0.22702314717590902
osm-7516900856-4548266264-0,427815402,app/data/roads/jakarta-2025-03-04-road-features.geojson#feature-988,0.4982,medium,0.555065285970652,0.6652613336927614,0.7235626563420524,0.7483468633883659
osm-7530848743-11925999197-0,28851310,app/data/roads/jakarta-2025-03-04-road-features.geojson#feature-989,0.1114,low,0.13608888439686936,0.2006093905825363,0.24840878226675273,0.2729900258967338
osm-7570445358-4564851111-0,454203124,app/data/roads/jakarta-2025-03-04-road-features.geojson#feature-990,0.1823,low,0.21883239195468931,0.3085702573161788,0.37018136065454355,0.40039323089042256
osm-7576918586-2415817217-0,1221523254|1221523255,app/data/roads/jakarta-2025-03-04-road-features.geojson#feature-991,0.089,low,0.1093353401181367,0.16357343748381928,0.20480915592526322,0.22637548015274617
osm-7576918597-7147121113-0,562942144,app/data/roads/jakarta-2025-03-04-road-features.geojson#feature-992,0.0771,low,0.09499988439398226,0.14327050319940152,0.18049245618362483,0.20014270709182067
osm-7576934780-5379667162-0,496592226,app/data/roads/jakarta-2025-03-04-road-features.geojson#feature-993,0.1212,low,0.14769978978158327,0.21634654292615688,0.2666448881865264,0.2923288085582239
osm-7595258503-6907592439-0,762052107,app/data/roads/jakarta-2025-03-04-road-features.geojson#feature-994,0.0546,low,0.06765913988163409,0.10362833040212921,0.13213967823321388,0.1474730580595169
osm-7614917291-13721122640-0,1498241832,app/data/roads/jakarta-2025-03-04-road-features.geojson#feature-995,0.0159,low,0.019897750842900973,0.03132906933976395,0.04085529883949732,0.046159508503589096
osm-7614917300-5459048224-0,711243598,app/data/roads/jakarta-2025-03-04-road-features.geojson#feature-996,0.0866,low,0.10645104870162661,0.15951458573001676,0.1999717232612756,0.22117034401992164
osm-7614917300-7614917291-0,815244305,app/data/roads/jakarta-2025-03-04-road-features.geojson#feature-997,0.0223,low,0.027861350744409593,0.043663958512823155,0.056721234327117405,0.06394797047262644
osm-7647950148-1135179379-0,28765421,app/data/roads/jakarta-2025-03-04-road-features.geojson#feature-998,0.0981,low,0.12024014004667163,0.17880181931882494,0.22285366900856693,0.24573290340784248
osm-7694410074-5373977782-0,492988997,app/data/roads/jakarta-2025-03-04-road-features.geojson#feature-999,0.1889,low,0.226388831357613,0.31796411878166864,0.3804188997767915,0.41092116150324054
osm-7697810034-5068494251-0,824405509,app/data/roads/jakarta-2025-03-04-road-features.geojson#feature-1000,0.0943,low,0.1156925324073306,0.17247356343199358,0.21537521142556695,0.23772152603733754
osm-7697810035-9529290217-0,562942145,app/data/roads/jakarta-2025-03-04-road-features.geojson#feature-1001,0.0567,low,0.07022410564400693,0.10739981459145305,0.13679046354480537,0.15256864286134858
osm-7697810036-7697810035-0,824405510,app/data/roads/jakarta-2025-03-04-road-features.geojson#feature-1002,0.1486,low,0.17986451013730795,0.2589191130606198,0.31513493181398333,0.34330306538279504
osm-7756153690-5377076414-0,758051339,app/data/roads/jakarta-2025-03-04-road-features.geojson#feature-1003,0.1082,low,0.13228526594679696,0.19541035226206446,0.2423465176542129,0.26654061317029404
osm-7756153695-7120440775-0,758051339,app/data/roads/jakarta-2025-03-04-road-features.geojson#feature-1004,0.0789,low,0.09717377950184933,0.1463703314497333,0.18422445144525015,0.20417977529350595
osm-7756168367-4750115942-0,830697315,app/data/roads/jakarta-2025-03-04-road-features.geojson#feature-1005,0.0726,low,0.089556523746078,0.13547533992481456,0.17107649731777874,0.18993922475257605
osm-7756197690-9013826114-0,830698409,app/data/roads/jakarta-2025-03-04-road-features.geojson#feature-1006,0.122,low,0.1486451196030659,0.21761905255448352,0.26811202537319745,0.29388063301112655
osm-7760892449-7697810034-0,562942145,app/data/roads/jakarta-2025-03-04-road-features.geojson#feature-1007,0.0177,low,0.022140144428088423,0.03481396484543653,0.04535023675353691,0.05120686460867663
osm-7805088053-7003228710-0,744559390,app/data/roads/jakarta-2025-03-04-road-features.geojson#feature-1008,0.1327,low,0.16125283282742872,0.23446580182055685,0.2874315953649108,0.3142597429932164
osm-8132773400-1325257182-0,558669208|756405444|1301577988,app/data/roads/jakarta-2025-03-04-road-features.geojson#feature-1009,0.0802,low,0.09874259144258418,0.14860266089942414,0.1869076948276786,0.20707988948304526
osm-8132787924-309086906-0,754381986,app/data/roads/jakarta-2025-03-04-road-features.geojson#feature-1010,0.1934,low,0.23152697173258507,0.3243093631611292,0.3873027334154617,0.4179845863948628
osm-8208701324-6334849877-0,699354251|699354247,app/data/roads/jakarta-2025-03-04-road-features.geojson#feature-1011,0.0466,low,0.057862823321184594,0.08912188643430496,0.11415032828639013,0.12770340443774275
osm-8313092690-1315069362-0,763467199,app/data/roads/jakarta-2025-03-04-road-features.geojson#feature-1012,0.1102,low,0.13466323918007259,0.19866326902957543,0.24614173643853282,0.2705794075734974
osm-8313442289-8488635417-0,28132208,app/data/roads/jakarta-2025-03-04-road-features.geojson#feature-1013,0.0282,low,0.035179795703533155,0.05489892079198715,0.07106623834891744,0.07996570298462727
osm-8434800015-1675426459-0,1490846128|1001445850,app/data/roads/jakarta-2025-03-04-road-features.geojson#feature-1014,0.0905,low,0.11113625961410202,0.16610113273985463,0.20781574533176309,0.22960724774694502
osm-8478023954-4499976535-0,699354251,app/data/roads/jakarta-2025-03-04-road-features.geojson#feature-1015,0.0735,low,0.0906461826873581,0.13703960942196963,0.17296959181374194,0.19199270442568792
osm-8481827349-9685151098-0,763467199,app/data/roads/jakarta-2025-03-04-road-features.geojson#feature-1016,0.0922,low,0.11317566490590823,0.16895744720947872,0.21120770961133897,0.23325016617875582
osm-8488629808-8313442289-0,28132208,app/data/roads/jakarta-2025-03-04-road-features.geojson#feature-1017,0.0372,low,0.046301256696776615,0.07179038088125271,0.09244553172972185,0.10372333592300952
osm-8488635417-8488629813-0,1102672126|913809183,app/data/roads/jakarta-2025-03-04-road-features.geojson#feature-1018,0.2306,low,0.2735732635178457,0.3749833810916109,0.44138983220321154,0.47304828477776656
osm-8488635421-8488635417-0,28132208,app/data/roads/jakarta-2025-03-04-road-features.geojson#feature-1019,0.0266,low,0.0331973071114405,0.05186493496265217,0.0672022987605415,0.0756573001036869
osm-8488921432-9009735918-0,699651421,app/data/roads/jakarta-2025-03-04-road-features.geojson#feature-1020,0.075,low,0.09246118388584357,0.1396408951515024,0.17611371260429406,0.19540091522028893
osm-8499454046-393856973-0,1294695407,app/data/roads/jakarta-2025-03-04-road-features.geojson#feature-1021,0.1599,low,0.19300301781652487,0.27588972375400284,0.3341288853468673,0.3630946791773026
osm-8500012435-6334537728-0,37018609,app/data/roads/jakarta-2025-03-04-road-features.geojson#feature-1022,0.0927,low,0.11377515932726756,0.1697958455573535,0.21220222770263086,0.23431764378702757
osm-8502330159-6806925400-0,28847119,app/data/roads/jakarta-2025-03-04-road-features.geojson#feature-1023,0.1717,low,0.20664500207189174,0.2932613411088633,0.35337798370093815,0.3830525381217344
osm-8503624788-4986680280-0,28779908,app/data/roads/jakarta-2025-03-04-road-features.geojson#feature-1024,0.0341,low,0.04247627899034385,0.0660054632279523,0.08514889153442683,0.09563034514505667
osm-8504122967-352897085-0,691270311,app/data/roads/jakarta-2025-03-04-road-features.geojson#feature-1025,0.1323,low,0.1607827209313115,0.23384175459289197,0.2867193749733663,0.3135102937049212
osm-8505902513-315487156-0,762091307,app/data/roads/jakarta-2025-03-04-road-features.geojson#feature-1026,0.0229,low,0.028606605382663353,0.044812427159242746,0.058192243260236476,0.06559336501857764
osm-8509401662-329969014-0,278788931,app/data/roads/jakarta-2025-03-04-road-features.geojson#feature-1027,0.0575,low,0.07120051908710463,0.10883262385374277,0.13855450665284447,0.15449974211812217
osm-8509445105-308981972-0,392820646,app/data/roads/jakarta-2025-03-04-road-features.geojson#feature-1028,0.0478,low,0.059334803116562085,0.09131199839234093,0.11687657854604727,0.13070558298908977
osm-8509512970-10090012698-0,28194353,app/data/roads/jakarta-2025-03-04-road-features.geojson#feature-1029,0.0755,low,0.09306587977524286,0.14050637529666618,0.17715870006573678,0.19653304558439255
osm-8509975229-9679957698-0,492988997,app/data/roads/jakarta-2025-03-04-road-features.geojson#feature-1030,0.1052,low,0.12871385107057362,0.19050886721608748,0.23661395222470238,0.2604324694529008
osm-8510368916-5379767874-0,759685195|759677175,app/data/roads/jakarta-2025-03-04-road-features.geojson#feature-1031,0.0275,low,0.03431265579440635,0.05357271664879946,0.0693781471865142,0.07808398541313255
osm-8510661425-8510661436-0,691253232,app/data/roads/jakarta-2025-03-04-road-features.geojson#feature-1032,0.0977,low,0.11976185182475638,0.17813775370751284,0.22207023900205008,0.2448943880206221
osm-8510661436-4776237951-0,691253232,app/data/roads/jakarta-2025-03-04-road-features.geojson#feature-1033,0.0742,low,0.09149335382811234,0.1382544483136794,0.17443856099480437,0.19358541412571909
osm-8519460813-315480467-0,487370077,app/data/roads/jakarta-2025-03-04-road-features.geojson#feature-1034,0.1616,low,0.194973278015395,0.27841420812084827,0.3369383084346972,0.36601377863387935
osm-8520330753-8520330756-0,98090600,app/data/roads/jakarta-2025-03-04-road-features.geojson#feature-1035,0.0213,low,0.026618752626878673,0.04174684020616397,0.0542633499945695,0.06119724868047138
osm-8520330756-6459026538-0,98090600,app/data/roads/jakarta-2025-03-04-road-features.geojson#feature-1036,0.0324,low,0.04037614897985372,0.06281831428853102,0.08111766145760164,0.09115233055952707
osm-8523204009-8523204012-0,1230679158,app/data/roads/jakarta-2025-03-04-road-features.geojson#feature-1037,0.0661,low,0.08167207418494787,0.12409929002719206,0.1572547475885066,0.17491508310006687
osm-8523204012-9013720102-0,973983902,app/data/roads/jakarta-2025-03-04-road-features.geojson#feature-1038,0.1981,low,0.23688142081854308,0.33088565387558055,0.3944107736442736,0.42526488469524837
osm-8547875909-1359134207-0,119909339,app/data/roads/jakarta-2025-03-04-road-features.geojson#feature-1039,0.0998,low,0.12227179724819787,0.18161870054768298,0.22617341107834238,0.24928414163948376
osm-8555984047-9622773431-0,278788931,app/data/roads/jakarta-2025-03-04-road-features.geojson#feature-1040,0.0678,low,0.08373665677501413,0.12708796125973182,0.16089522484109547,0.17887762175885
osm-8562305801-1135179404-0,484862898|484862899|486051251,app/data/roads/jakarta-2025-03-04-road-features.geojson#feature-1041,0.0221,low,0.027612881836628387,0.04328083547660917,0.05623027852200566,0.06339866715286939
osm-8609186468-9013826103-0,815231911,app/data/roads/jakarta-2025-03-04-road-features.geojson#feature-1042,0.0658,low,0.08130755225263896,0.12357088611419946,0.15661041227623146,0.17421334500554433
osm-8749112680-1682844228-0,1040471431,app/data/roads/jakarta-2025-03-04-road-features.geojson#feature-1043,0.057,low,0.07059030697416237,0.10793737265381705,0.13745247477657577,0.15329345374109488
osm-8772028147-4776237953-0,691253232|691253233,app/data/roads/jakarta-2025-03-04-road-features.geojson#feature-1044,0.0774,low,0.095362336951119,0.14378786170450186,0.1811158104948369,0.20081729611833196
osm-8789425687-9003229253-0,119909339,app/data/roads/jakarta-2025-03-04-road-features.geojson#feature-1045,0.1264,low,0.15383771565766705,0.22458549504591246,0.2761243854898819,0.3023449501922279
osm-8796979647-9018975643-0,696175331,app/data/roads/jakarta-2025-03-04-road-features.geojson#feature-1046,0.1574,low,0.19010257566722039,0.2721637542687698,0.32997480159687737,0.3587745100106311
osm-8810858536-4836392299-0,98075001,app/data/roads/jakarta-2025-03-04-road-features.geojson#feature-1047,0.2847,medium,0.33338652405156144,0.44343414747332954,0.5120319128231154,0.5438244761653842
osm-8811305451-317156534-0,495447738,app/data/roads/jakarta-2025-03-04-road-features.geojson#feature-1048,0.0265,low,0.03307334790284927,0.051674996269069365,0.06696015865614538,0.07538715744616166
osm-8811850651-9533955736-0,686924182,app/data/roads/jakarta-2025-03-04-road-features.geojson#feature-1049,0.1582,low,0.19103110614032703,0.27335781723887603,0.331307045867228,0.36016052825110006
osm-8992056526-12745136709-0,28216524|1494643071,app/data/roads/jakarta-2025-03-04-road-features.geojson#feature-1050,0.0911,low,0.11185624819534645,0.167110261708046,0.2090147845353528,0.23089537149058617
osm-8992744188-9676145373-0,18056345,app/data/roads/jakarta-2025-03-04-road-features.geojson#feature-1051,0.1258,low,0.15313030305961892,0.22363873714998642,0.2750374250853884,0.30119772042621423
osm-8995440646-7059042271-0,18056345,app/data/roads/jakarta-2025-03-04-road-features.geojson#feature-1052,0.1113,low,0.13597011322325606,0.20044737456926623,0.24822014944721613,0.2727895018093103
osm-9002723306-4466078450-0,1226244434|449670326,app/data/roads/jakarta-2025-03-04-road-features.geojson#feature-1053,0.0208,low,0.025997215759291203,0.04078687007488314,0.05303149061384824,0.0598179355974487
osm-9003037183-9003037188-0,119909339,app/data/roads/jakarta-2025-03-04-road-features.geojson#feature-1054,0.0654,low,0.08082143717113073,0.12286588389314741,0.15575040958067382,0.17327653827280975
osm-9003037188-4999344324-0,119909339,app/data/roads/jakarta-2025-03-04-road-features.geojson#feature-1055,0.1552,low,0.1875472269543479,0.2688715405222076,0.3262967870501362,0.3549455396001834
osm-9003037197-9003037205-0,119909339,app/data/roads/jakarta-2025-03-04-road-features.geojson#feature-1056,0.1014,low,0.12418236748262731,0.18426192670814615,0.22928340318232682,0.25260817993789325
osm-9003037205-8547875909-0,119909339,app/data/roads/jakarta-2025-03-04-road-features.geojson#feature-1057,0.0272,low,0.03394092972881933,0.05300378917043978,0.06865354613210982,0.07727600881323524
osm-9003229253-9003229257-0,119909339,app/data/roads/jakarta-2025-03-04-road-features.geojson#feature-1058,0.0837,low,0.10296122425994188,0.15458611483604381,0.19408190471027334,0.21482381262526037
osm-9003229257-9009429368-0,119909339,app/data/roads/jakarta-2025-03-04-road-features.geojson#feature-1059,0.0985,low,0.12071833252952359,0.17946540053643828,0.22363621579030524,0.24657030021514276
osm-9003292724-9506862589-0,688117572,app/data/roads/jakarta-2025-03-04-road-features.geojson#feature-1060,0.1491,low,0.18044741137419376,0.25967709344914125,0.3159873120574603,0.34419334447111327
osm-9004158961-9028323630-0,758734352,app/data/roads/jakarta-2025-03-04-road-features.geojson#feature-1061,0.0991,low,0.12143544180593055,0.1804598652834178,0.2248083831809368,0.2478243029800849
osm-9009175767-3266396597-0,688087384,app/data/roads/jakarta-2025-03-04-road-features.geojson#feature-1062,0.0919,low,0.11281589613343226,0.16845403904420828,0.21061031971991792,0.23260881569657027
osm-9009398139-4849427408-0,696668229,app/data/roads/jakarta-2025-03-04-road-features.geojson#feature-1063,0.1165,low,0.1421383683565158,0.2088336630583445,0.2579603028688293,0.2831306624122506
osm-9009429368-9009429371-0,119909339,app/data/roads/jakarta-2025-03-04-road-features.geojson#feature-1064,0.0963,low,0.11808708868767837,0.1758097018002639,0.21932125695323548,0.24195074291433993
osm-9009429371-9003037183-0,119909339,app/data/roads/jakarta-2025-03-04-road-features.geojson#feature-1065,0.1361,low,0.1652450199712342,0.23975243364618223,0.2934546811526774,0.3205920779262602
osm-9009429383-9003037197-0,119909339,app/data/roads/jakarta-2025-03-04-road-features.geojson#feature-1066,0.0637,low,0.0787543529717461,0.11986369929534889,0.1520840237545697,0.1692803088072218
osm-9009474493-6471563890-0,492988946,app/data/roads/jakarta-2025-03-04-road-features.geojson#feature-1067,0.1188,low,0.14486154106992277,0.21251807788373725,0.26222418035481143,0.28764930694755697
osm-9009656613-8488921432-0,699651421,app/data/roads/jakarta-2025-03-04-road-features.geojson#feature-1068,0.0618,low,0.07644198209604539,0.11649692126761788,0.1479643759644265,0.1647853752873724
osm-9009735918-9013826100-0,699651421,app/data/roads/jakarta-2025-03-04-road-features.geojson#feature-1069,0.0926,low,0.11365527246083068,0.16962822737438765,0.21200343714457048,0.23410429208183914
osm-9013059177-9013720103-0,28775346,app/data/roads/jakarta-2025-03-04-road-features.geojson#feature-1070,0.0961,low,0.11784774097119383,0.17547663670199692,0.21892765675487516,0.24152909572708445
osm-9013059182-9013059177-0,28775346,app/data/roads/jakarta-2025-03-04-road-features.geojson#feature-1071,0.1324,low,0.16090025765323984,0.23399780779553675,0.28689750191510294,0.3136977447402242
osm-9013059183-316412146-0,28775346,app/data/roads/jakarta-2025-03-04-road-features.geojson#feature-1072,0.1127,low,0.13763237069994846,0.20271294451681626,0.2508562657928586,0.2755908941908311
osm-9013720082-316412131-0,1052899125,app/data/roads/jakarta-2025-03-04-road-features.geojson#feature-1073,0.0898,low,0.11029599911187873,0.1649224089372925,0.20641427171080726,0.22810113103664562
osm-9013720084-5655187222-0,28775346,app/data/roads/jakarta-2025-03-04-road-features.geojson#feature-1074,0.1623,low,0.19578408209721887,0.2794515520024731,0.33809153992112156,0.36721141297500165
osm-9013720087-9013720094-0,28775346,app/data/roads/jakarta-2025-03-04-road-features.geojson#feature-1075,0.0988,low,0.12107691408019351,0.17996276888502538,0.2242225471584604,0.24719761509833693
osm-9013720094-9013720084-0,28775346,app/data/roads/jakarta-2025-03-04-road-features.geojson#feature-1076,0.1671,low,0.20133635939854663,0.2865311951993611,0.34594352397785,0.3753561764373728
osm-9013720101-9013720087-0,28775346,app/data/roads/jakarta-2025-03-04-road-features.geojson#feature-1077,0.1495,low,0.18091362867532731,0.26028300226262535,0.316668409380379,0.34490458264724855
osm-9013720102-9013720101-0,28775346,app/data/roads/jakarta-2025-03-04-road-features.geojson#feature-1078,0.1467,low,0.17764817114186982,0.2560327498885575,0.31188562874894193,0.3399074730582513
osm-9013720103-8523204009-0,973983903,app/data/roads/jakarta-2025-03-04-road-features.geojson#feature-1079,0.1009,low,0.12358547851512511,0.18343674518973077,0.22831303211990445,0.2515713157246326
osm-9013720103-9013720102-0,28775346,app/data/roads/jakarta-2025-03-04-road-features.geojson#feature-1080,0.1339,low,0.16266260885852504,0.2363352976870921,0.2895636677907357,0.31650242662108485
osm-9013826100-7614917300-0,699651421|711243598,app/data/roads/jakarta-2025-03-04-road-features.geojson#feature-1081,0.0574,low,0.07107848900606341,0.10865364145914047,0.1383342321570223,0.1542586572015436
osm-9013826103-9009656613-0,699651421|815231911,app/data/roads/jakarta-2025-03-04-road-features.geojson#feature-1082,0.0272,low,0.03394092972881933,0.05300378917043978,0.06865354613210982,0.07727600881323524
osm-9013826114-5377076560-0,830698409,app/data/roads/jakarta-2025-03-04-road-features.geojson#feature-1083,0.0837,low,0.10296122425994188,0.15458611483604381,0.19408190471027334,0.21482381262526037
osm-9013840117-13719672649-0,689177647,app/data/roads/jakarta-2025-03-04-road-features.geojson#feature-1084,0.0956,low,0.11724926680012614,0.17464344109455465,0.21794268159950436,0.2404737413603982
osm-9013840120-9013840117-0,689177647,app/data/roads/jakarta-2025-03-04-road-features.geojson#feature-1085,0.0942,low,0.11557274161495079,0.1723064358593634,0.21517732169752127,0.23750931936241992
osm-9013891773-329019970-0,713585209,app/data/roads/jakarta-2025-03-04-road-features.geojson#feature-1086,0.072,low,0.08882980998540223,0.134431031983,0.1698116630273528,0.1885666558197249
osm-9013891776-4750115944-0,685613008,app/data/roads/jakarta-2025-03-04-road-features.geojson#feature-1087,0.073,low,0.09004087758606316,0.1361708953115422,0.17191848759202086,0.19085267710618614
osm-9013891781-328876219-0,1525581082,app/data/roads/jakarta-2025-03-04-road-features.geojson#feature-1088,0.0836,low,0.10284079481716138,0.15441569628968152,0.19387793047275925,0.21460384404444469
osm-9013891783-9013891781-0,1525581082,app/data/roads/jakarta-2025-03-04-road-features.geojson#feature-1089,0.0978,low,0.1198814328573447,0.1783038155512531,0.22226617938776405,0.2451041218568437
osm-9013899871-29939143-0,37018609,app/data/roads/jakarta-2025-03-04-road-features.geojson#feature-1090,0.062,low,0.07668549404715348,0.11685188720134852,0.1483991183172565,0.1652599543742054
osm-9015877327-309687605-0,28194353,app/data/roads/jakarta-2025-03-04-road-features.geojson#feature-1091,0.1384,low,0.16794180360281843,0.24331075042647357,0.2974981354945177,0.32483754124635295
osm-9015877330-9015877335-0,28194353,app/data/roads/jakarta-2025-03-04-road-features.geojson#feature-1092,0.1265,low,0.15395559725058214,0.22474318982330768,0.27630537363410346,0.3025359419247998
osm-9015877335-10082667802-0,28194353,app/data/roads/jakarta-2025-03-04-road-features.geojson#feature-1093,0.1138,low,0.1389376162796734,0.20448903332061294,0.25292035697795917,0.2777830406673526
osm-9016841536-8509445105-0,392820646,app/data/roads/jakarta-2025-03-04-road-features.geojson#feature-1094,0.0543,low,0.06729249369921762,0.10308831840984169,0.1314728839773859,0.14674197235493014
osm-9018975643-186849138-0,696175331,app/data/roads/jakarta-2025-03-04-road-features.geojson#feature-1095,0.1849,low,0.22181208738125788,0.3122833805958065,0.37423459657045566,0.40456477686859005
osm-9019103699-12404878653-0,11670123,app/data/roads/jakarta-2025-03-04-road-features.geojson#feature-1096,0.0626,low,0.07741588234349696,0.11791598194019826,0.14970179666246014,0.16668167143262608
osm-9019104733-9019646229-0,169300294,app/data/roads/jakarta-2025-03-04-road-features.geojson#feature-1097,0.0722,low,0.08907207231063712,0.13477926470897744,0.17023352126331912,0.1890244979623412
osm-9019122232-4833946442-0,766198364|713583502,app/data/roads/jakarta-2025-03-04-road-features.geojson#feature-1098,0.033,low,0.04111757874535107,0.06394439026776619,0.0825428783597251,0.09273606073870447
osm-9019646229-6336788287-0,169300294,app/data/roads/jakarta-2025-03-04-road-features.geojson#feature-1099,0.0659,low,0.0814290656939516,0.123747053855616,0.15682525416289453,0.17444734019806632
osm-9027876825-13701804574-0,28847137,app/data/roads/jakarta-2025-03-04-road-features.geojson#feature-1100,0.1356,low,0.1646583557082976,0.23897697625253775,0.29257237323057805,0.31966509302189094
osm-9028008487-8481827349-0,763467199,app/data/roads/jakarta-2025-03-04-road-features.geojson#feature-1101,0.0465,low,0.05774011791219919,0.0889391500022121,0.11392269164695774,0.12745262907027807
osm-9028323630-310327453-0,987371613,app/data/roads/jakarta-2025-03-04-road-features.geojson#feature-1102,0.0503,low,0.06239855399058688,0.09585863100173679,0.12252449372841187,0.13691816008639404
osm-9031074981-9032080369-0,18056345,app/data/roads/jakarta-2025-03-04-road-features.geojson#feature-1103,0.0627,low,0.07753759221238414,0.11809321404942963,0.14991868416764428,0.16691833013310334
osm-9031074998-29938988-0,18056345,app/data/roads/jakarta-2025-03-04-road-features.geojson#feature-1104,0.1538,low,0.18591965118265805,0.2667699486050219,0.3239452166490755,0.3524955299686443
osm-9031322607-9534502212-0,18056345,app/data/roads/jakarta-2025-03-04-road-features.geojson#feature-1105,0.0958,low,0.11748867445020802,0.17497681072701238,0.21833683886431293,0.2408960952386254
osm-9031322608-9032054237-0,18056345,app/data/roads/jakarta-2025-03-04-road-features.geojson#feature-1106,0.1488,low,0.18009768791644729,0.2592223845139474,0.3154760185138947,0.34365934137735404
osm-9031322613-9031325917-0,18056345,app/data/roads/jakarta-2025-03-04-road-features.geojson#feature-1107,0.1228,low,0.14959007325793053,0.21888974599349956,0.2695759640428971,0.29542847842658115
osm-9031325917-9032054242-0,18056345,app/data/roads/jakarta-2025-03-04-road-features.geojson#feature-1108,0.1408,low,0.17075256404995706,0.24700845559917667,0.3016910186433672,0.32923515810453713
osm-9031325921-9031325924-0,18056345,app/data/roads/jakarta-2025-03-04-road-features.geojson#feature-1109,0.1421,low,0.1722736649961402,0.24900488043843005,0.3039510070979527,0.3316035000284941
osm-9031325924-9032054246-0,18056345,app/data/roads/jakarta-2025-03-04-road-features.geojson#feature-1110,0.1299,low,0.15796008880902998,0.23008817803513557,0.28242990530728157,0.3089936474930374
osm-9031325928-9031325930-0,18056345,app/data/roads/jakarta-2025-03-04-road-features.geojson#feature-1111,0.0979,low,0.12000100790489383,0.1784698470955245,0.22246206450183467,0.24531378567675488
osm-9031325930-5671605060-0,18056345,app/data/roads/jakarta-2025-03-04-road-features.geojson#feature-1112,0.0674,low,0.08325103188964905,0.1263856023726821,0.16004028314226837,0.1779473913971465
osm-9031325937-315469600-0,18056345,app/data/roads/jakarta-2025-03-04-road-features.geojson#feature-1113,0.0958,low,0.11748867445020802,0.17497681072701238,0.21833683886431293,0.2408960952386254
osm-9031905436-5671605063-0,719606918,app/data/roads/jakarta-2025-03-04-road-features.geojson#feature-1114,0.1488,low,0.18009768791644729,0.2592223845139474,0.3154760185138947,0.34365934137735404
osm-9031905443-13586870988-0,719606918,app/data/roads/jakarta-2025-03-04-road-features.geojson#feature-1115,0.0927,low,0.11377515932726756,0.1697958455573535,0.21220222770263086,0.23431764378702757
osm-9031905452-9032080360-0,18056345,app/data/roads/jakarta-2025-03-04-road-features.geojson#feature-1116,0.1535,low,0.18557073860791412,0.2663189427622567,0.3234401883375202,0.35196916467946154
osm-9031970386-9034366567-0,791643153,app/data/roads/jakarta-2025-03-04-road-features.geojson#feature-1117,0.0961,low,0.11784774097119383,0.17547663670199692,0.21892765675487516,0.24152909572708445
osm-9032054232-9031322608-0,18056345,app/data/roads/jakarta-2025-03-04-road-features.geojson#feature-1118,0.1285,low,0.15631199952834612,0.2278912071754268,0.27991485878404554,0.3063430377267141
osm-9032054237-9031322613-0,18056345,app/data/roads/jakarta-2025-03-04-road-features.geojson#feature-1119,0.1184,low,0.14438816984911934,0.21187840037861116,0.26148456778976786,0.2868658655327275
osm-9032054242-9031325921-0,18056345,app/data/roads/jakarta-2025-03-04-road-features.geojson#feature-1120,0.1184,low,0.14438816984911934,0.21187840037861116,0.26148456778976786,0.2868658655327275
osm-9032054246-9032054249-0,18056345,app/data/roads/jakarta-2025-03-04-road-features.geojson#feature-1121,0.1156,low,0.141071929471809,0.20738779350423692,0.25628448208760046,0.28135332379781064
osm-9032054249-9032054253-0,18056345,app/data/roads/jakarta-2025-03-04-road-features.geojson#feature-1122,0.1264,low,0.15383771565766705,0.22458549504591246,0.2761243854898819,0.3023449501922279
osm-9032054253-9031325928-0,18056345,app/data/roads/jakarta-2025-03-04-road-features.geojson#feature-1123,0.1431,low,0.17344307671125656,0.2505374971176165,0.30568415825058065,0.3334187981035241
osm-9032080348-9032080354-0,18056345,app/data/roads/jakarta-2025-03-04-road-features.geojson#feature-1124,0.0861,low,0.10584971728051645,0.15866673011941584,0.19895973290921606,0.2200805860359405
osm-9032080354-9031905452-0,18056345,app/data/roads/jakarta-2025-03-04-road-features.geojson#feature-1125,0.1166,low,0.1422568320510798,0.20899417112728993,0.2581462493030744,0.28332782482676994
osm-9032080360-9032080363-0,18056345,app/data/roads/jakarta-2025-03-04-road-features.geojson#feature-1126,0.1264,low,0.15383771565766705,0.22458549504591246,0.2761243854898819,0.3023449501922279
osm-9032080363-9031074998-0,18056345,app/data/roads/jakarta-2025-03-04-road-features.geojson#feature-1127,0.0956,low,0.11724926680012614,0.17464344109455465,0.21794268159950436,0.2404737413603982
osm-9032080365-9032080348-0,18056345,app/data/roads/jakarta-2025-03-04-road-features.geojson#feature-1128,0.1232,low,0.1500624090930388,0.2195244128566558,0.2703067372007479,0.2962009137746991
osm-9032080369-5373820573-0,18056345,app/data/roads/jakarta-2025-03-04-road-features.geojson#feature-1129,0.0956,low,0.11724926680012614,0.17464344109455465,0.21794268159950436,0.2404737413603982
osm-9034273143-8510661425-0,691253232,app/data/roads/jakarta-2025-03-04-road-features.geojson#feature-1130,0.1125,low,0.13739497639748557,0.20238964132997728,0.2504803022600829,0.2751914778093169
osm-9034273150-9034273143-0,691253232,app/data/roads/jakarta-2025-03-04-road-features.geojson#feature-1131,0.0956,low,0.11724926680012614,0.17464344109455465,0.21794268159950436,0.2404737413603982
osm-9034366567-352915237-0,1282308982,app/data/roads/jakarta-2025-03-04-road-features.geojson#feature-1132,0.0637,low,0.0787543529717461,0.11986369929534889,0.1520840237545697,0.1692803088072218
osm-9036874926-95022385-0,685347199,app/data/roads/jakarta-2025-03-04-road-features.geojson#feature-1133,0.0518,low,0.0642349429475535,0.09857621863039948,0.12589279508082507,0.14061874398188423
osm-9037288082-7044795934-0,754062956,app/data/roads/jakarta-2025-03-04-road-features.geojson#feature-1134,0.0555,low,0.06875874457446626,0.10524652147539323,0.1341364599987211,0.14966158747644762
osm-9064994805-7647950148-0,28765421,app/data/roads/jakarta-2025-03-04-road-features.geojson#feature-1135,0.1199,low,0.14616282594975238,0.214274831142316,0.26425394135815533,0.2897985676566382
osm-9075741774-4546076824-0,248618360,app/data/roads/jakarta-2025-03-04-road-features.geojson#feature-1136,0.0862,low,0.1059699956387626,0.1588363637886911,0.19916224708204538,0.2202986860505913
osm-9075741779-9075741774-0,248618360,app/data/roads/jakarta-2025-03-04-road-features.geojson#feature-1137,0.117,low,0.14273062782022292,0.20963591555740346,0.25888952427448114,0.2841158366251453
osm-9076429426-2399364732-0,764298931,app/data/roads/jakarta-2025-03-04-road-features.geojson#feature-1138,0.2312,low,0.2742452215166035,0.3757755747318737,0.4422230555996346,0.4738905718393775
osm-9110087936-9694832554-0,1253507712|1253507713,app/data/roads/jakarta-2025-03-04-road-features.geojson#feature-1139,0.0235,low,0.029351631974723274,0.04595954696306994,0.059660470619982614,0.0672349965119562
osm-9118916175-1695811540-0,485066386,app/data/roads/jakarta-2025-03-04-road-features.geojson#feature-1140,0.1195,low,0.14568971389430524,0.2136364118460231,0.2635165536204055,0.2890178997072658
osm-9144167875-4488259486-0,28216264|1370010724,app/data/roads/jakarta-2025-03-04-road-features.geojson#feature-1141,0.0402,low,0.04999711465919178,0.07735580263801112,0.09944066233694075,0.11146701948749303
osm-9465024317-309824174-0,1221537685|1221537686|749708021|749708022,app/data/roads/jakarta-2025-03-04-road-features.geojson#feature-1142,0.1315,low,0.15984221714378552,0.2325923344189619,0.28529263240079916,0.31200855226683966
osm-9471064862-317987901-0,688103037,app/data/roads/jakarta-2025-03-04-road-features.geojson#feature-1143,0.137,low,0.16630064926089497,0.24114653559379085,0.2950398633632043,0.32225699045612677
osm-9486285513-6004639297-0,1027699887,app/data/roads/jakarta-2025-03-04-road-features.geojson#feature-1144,0.0986,low,0.12083786569437649,0.17963122021643002,0.22383171465687435,0.24677947490110985
osm-9486332419-5372153147-0,688117571,app/data/roads/jakarta-2025-03-04-road-features.geojson#feature-1145,0.0788,low,0.0970530591776547,0.1461983905904232,0.1840176292633521,0.20395615110382084
osm-9491290599-7118113165-0,560008548,app/data/roads/jakarta-2025-03-04-road-features.geojson#feature-1146,0.1261,low,0.15348403572709746,0.22411224240677416,0.2755811264516774,0.3017716096348733
osm-9491424124-12202798102-0,761850309|761850310,app/data/roads/jakarta-2025-03-04-road-features.geojson#feature-1147,0.1539,low,0.18603594389307054,0.26692023169240015,0.3241134713982337,0.3526708779332342
osm-9491424126-9491424124-0,761850310,app/data/roads/jakarta-2025-03-04-road-features.geojson#feature-1148,0.1229,low,0.14970816602675552,0.21904845516620064,0.26975873200175443,0.2956216800895308
osm-9491482902-9491482907-0,560008548,app/data/roads/jakarta-2025-03-04-road-features.geojson#feature-1149,0.1619,low,0.1953207997142662,0.2788589373540649,0.33743280625010824,0.3665273601139698
osm-9491482907-317417833-0,560008548,app/data/roads/jakarta-2025-03-04-road-features.geojson#feature-1150,0.0241,low,0.03009643062524576,0.047105320299173956,0.06112592428853988,0.06887287784728989
osm-9491842326-4804615989-0,696668229,app/data/roads/jakarta-2025-03-04-road-features.geojson#feature-1151,0.0742,low,0.09149335382811234,0.1382544483136794,0.17443856099480437,0.19358541412571909
osm-9497883594-9497883603-0,689877064,app/data/roads/jakarta-2025-03-04-road-features.geojson#feature-1152,0.0795,low,0.09789797397678919,0.1474013065426627,0.18546412672865245,0.20551990303589504
osm-9497883600-7137519768-0,763998190,app/data/roads/jakarta-2025-03-04-road-features.geojson#feature-1153,0.1538,low,0.18591965118265805,0.2667699486050219,0.3239452166490755,0.3524955299686443
osm-9497883603-9497883600-0,689877064|763998190,app/data/roads/jakarta-2025-03-04-road-features.geojson#feature-1154,0.1578,low,0.19056688669044802,0.27276099233250095,0.3306412702606416,0.3594679397737696
osm-9498062303-7137574112-0,764325454,app/data/roads/jakarta-2025-03-04-road-features.geojson#feature-1155,0.0404,low,0.05024330499958168,0.07772568763199515,0.09990471385623306,0.11198021486271763
osm-9504400678-95010751-0,28851150,app/data/roads/jakarta-2025-03-04-road-features.geojson#feature-1156,0.585,high,0.6391533965560823,0.7383409091149814,0.7879706796705245,0.8085085745205174
osm-9504567886-8132773400-0,558669208|1295713730|1031140670,app/data/roads/jakarta-2025-03-04-road-features.geojson#feature-1157,0.1835,low,0.22020810771039798,0.31028603679531014,0.3720553809028285,0.4023224965066777
osm-9504720700-13913580150-0,1526635909,app/data/roads/jakarta-2025-03-04-road-features.geojson#feature-1158,0.1386,low,0.1681761612954171,0.24361948883890236,0.2978485677487885,0.3252052694457744
osm-9504720701-9504720700-0,1526635909,app/data/roads/jakarta-2025-03-04-road-features.geojson#feature-1159,0.0913,low,0.11209619626229937,0.16744639104415765,0.20941400905943586,0.23132416632547018
osm-9506862589-7050035434-0,688117572,app/data/roads/jakarta-2025-03-04-road-features.geojson#feature-1160,0.0753,low,0.0928240196818121,0.1401602799819994,0.17674088776895433,0.19608042909470616
osm-9507227664-12032748424-0,495447738,app/data/roads/jakarta-2025-03-04-road-features.geojson#feature-1161,0.0347,low,0.04321706786139003,0.06712783460705148,0.08656661146937639,0.09720403772268779
osm-9509715193-4914353854-0,685347200,app/data/roads/jakarta-2025-03-04-road-features.geojson#feature-1162,0.163,low,0.19659460666704107,0.280487645250987,0.3392426857520846,0.36840652294359805
osm-9515510319-4152867172-0,691251097|414094618|414094617|1512258934,app/data/roads/jakarta-2025-03-04-road-features.geojson#feature-1163,0.0501,low,0.06215359670228783,0.09549569840011925,0.12207423220572727,0.1364232274072955
osm-9527050428-1342878927-0,427815402,app/data/roads/jakarta-2025-03-04-road-features.geojson#feature-1164,0.4903,medium,0.5472469526140895,0.6581869326138162,0.7171966145842124,0.7423483362444874
osm-9529290217-7760892449-0,562942145,app/data/roads/jakarta-2025-03-04-road-features.geojson#feature-1165,0.1054,low,0.1289521119160482,0.19083646191192138,0.2369976167158014,0.260841558669639
osm-9531434128-9504720700-0,751715002,app/data/roads/jakarta-2025-03-04-road-features.geojson#feature-1166,0.2029,low,0.2423371268159226,0.33754874598966056,0.40158532840930006,0.4325997642694648
osm-9531434128-9504720701-0,1488337107|1526635911,app/data/roads/jakarta-2025-03-04-road-features.geojson#feature-1167,0.2162,low,0.25738747540261464,0.3557359008670248,0.42102989694215054,0.4524107254245815
osm-9531485211-12684981016-0,28216264,app/data/roads/jakarta-2025-03-04-road-features.geojson#feature-1168,0.1073,low,0.1312144032236632,0.19394269990272558,0.24063177513056683,0.26471449401715996
osm-9531485213-9531485211-0,28216264,app/data/roads/jakarta-2025-03-04-road-features.geojson#feature-1169,0.1996,low,0.23858770195664541,0.33297360659596853,0.39666194829428725,0.4275678280770595
osm-9531485215-9531485213-0,28216264,app/data/roads/jakarta-2025-03-04-road-features.geojson#feature-1170,0.1445,low,0.17507928115748553,0.25267865410168516,0.3081028629814334,0.3359507692228623
osm-9533845672-6477409182-0,489260903,app/data/roads/jakarta-2025-03-04-road-features.geojson#feature-1171,0.0499,low,0.06190861459561046,0.0951326272927133,0.12162369821370385,0.13592793549558296
osm-9533955728-4815227757-0,686924182,app/data/roads/jakarta-2025-03-04-road-features.geojson#feature-1172,0.1691,low,0.20364594038982273,0.28946386298529114,0.3491866694674006,0.3787154002626744
osm-9533955733-9533955728-0,1034983538,app/data/roads/jakarta-2025-03-04-road-features.geojson#feature-1173,0.1923,low,0.2302720258606371,0.3227627330242956,0.38562713972158075,0.4162664364414368
osm-9533955736-5662302109-0,686924182,app/data/roads/jakarta-2025-03-04-road-features.geojson#feature-1174,0.1574,low,0.19010257566722039,0.2721637542687698,0.32997480159687737,0.3587745100106311
osm-9533955736-9533955733-0,1034983539,app/data/roads/jakarta-2025-03-04-road-features.geojson#feature-1175,0.0712,low,0.08786051654828866,0.13303679858917114,0.16812175696114193,0.18673208779299555
osm-9534502212-5671605067-0,18056345,app/data/roads/jakarta-2025-03-04-road-features.geojson#feature-1176,0.1431,low,0.17344307671125656,0.2505374971176165,0.30568415825058065,0.3334187981035241
osm-9561798638-6456763921-0,28851026,app/data/roads/jakarta-2025-03-04-road-features.geojson#feature-1177,0.128,low,0.1557231184396005,0.22710525102398063,0.2790143188332678,0.3053935327861914
osm-9561821845-8504122967-0,691270311,app/data/roads/jakarta-2025-03-04-road-features.geojson#feature-1178,0.1431,low,0.17344307671125656,0.2505374971176165,0.30568415825058065,0.3334187981035241
osm-9619896326-104379010-0,11671655,app/data/roads/jakarta-2025-03-04-road-features.geojson#feature-1179,0.0592,low,0.07327408686131728,0.11187014518835886,0.14228911741737274,0.1585850215328433
osm-9622773424-8509401662-0,278788931,app/data/roads/jakarta-2025-03-04-road-features.geojson#feature-1180,0.1124,low,0.13727627036727133,0.20222794607199568,0.25029224254780674,0.27499167197764846
osm-9622773431-9622773424-0,278788931,app/data/roads/jakarta-2025-03-04-road-features.geojson#feature-1181,0.1371,low,0.16641791233693426,0.24130129937473938,0.29521575931588806,0.32244169092005437
osm-9623003134-329968512-0,278788931,app/data/roads/jakarta-2025-03-04-road-features.geojson#feature-1182,0.0477,low,0.059212172329857926,0.09112968100548395,0.11664977035495834,0.1304559028090235
osm-9623310915-1249723074-0,755769006,app/data/roads/jakarta-2025-03-04-road-features.geojson#feature-1183,0.112,low,0.136801387042863,0.20158087375945263,0.24953948355641395,0.27419179696848417
osm-9625680832-4502070116-0,696654482,app/data/roads/jakarta-2025-03-04-road-features.geojson#feature-1184,0.0317,low,0.039510861439311096,0.06150290074021856,0.07945154569566094,0.08930013795501501
osm-9626511706-1135601912-0,98087417,app/data/roads/jakarta-2025-03-04-road-features.geojson#feature-1185,0.1418,low,0.1719227285900087,0.2485445711354557,0.3034301639953302,0.3310578095697232
osm-9642343610-1133807065-0,737508241,app/data/roads/jakarta-2025-03-04-road-features.geojson#feature-1186,0.0961,low,0.11784774097119383,0.17547663670199692,0.21892765675487516,0.24152909572708445
osm-9644592829-6277705571-0,1288928355|1288928358,app/data/roads/jakarta-2025-03-04-road-features.geojson#feature-1187,0.1937,low,0.23186911259483417,0.32473067594174015,0.38775891857690764,0.41845222869492804
osm-9645211396-12202088428-0,560008548,app/data/roads/jakarta-2025-03-04-road-features.geojson#feature-1188,0.1052,low,0.12871385107057362,0.19050886721608748,0.23661395222470238,0.2604324694529008
osm-9645211400-9645211396-0,560008548,app/data/roads/jakarta-2025-03-04-road-features.geojson#feature-1189,0.1347,low,0.16360199344242943,0.23757942808845417,0.2909812377560428,0.31799284665701844
osm-9647927418-5372153134-0,1027699887,app/data/roads/jakarta-2025-03-04-road-features.geojson#feature-1190,0.0432,low,0.05368734626549512,0.08288916049581652,0.1063716477137575,0.11912535752185738
osm-9647927422-9647927418-0,1027699887,app/data/roads/jakarta-2025-03-04-road-features.geojson#feature-1191,0.1326,low,0.1611353136008644,0.23430983140204795,0.2872536120915547,0.3140724693563777
osm-9648055038-5056597570-0,688117574|688117575,app/data/roads/jakarta-2025-03-04-road-features.geojson#feature-1192,0.2413,low,0.2855272757450046,0.38899572097520413,0.4560729200259684,0.4878647475443245
osm-9648835249-4849427386-0,492988946,app/data/roads/jakarta-2025-03-04-road-features.geojson#feature-1193,0.1354,low,0.1644236492776828,0.23866660176280696,0.2922191191262632,0.3192938913381858
osm-9657468817-5372153144-0,1027699887,app/data/roads/jakarta-2025-03-04-road-features.geojson#feature-1194,0.1161,low,0.14166445455591656,0.20819134270441414,0.2572160057341469,0.2823413739644951
osm-9664769720-1757800859-0,1123241708,app/data/roads/jakarta-2025-03-04-road-features.geojson#feature-1195,0.1629,low,0.19647883455028226,0.2803397084134184,0.3390783638263834,0.36823594719896013
osm-9664769720-1757800861-0,320143219,app/data/roads/jakarta-2025-03-04-road-features.geojson#feature-1196,0.0461,low,0.05724923405554781,0.08820785431701045,0.11301145235149598,0.12644861119115433
osm-9665578858-8505902513-0,762091306|762091307,app/data/roads/jakarta-2025-03-04-road-features.geojson#feature-1197,0.0321,low,0.040005349204850486,0.06225478448488209,0.08040405590002486,0.09035912911392449
osm-9673797651-11052325987-0,751672117|751672119,app/data/roads/jakarta-2025-03-04-road-features.geojson#feature-1198,0.057,low,0.07059030697416237,0.10793737265381705,0.13745247477657577,0.15329345374109488
osm-9673837489-4502213975-0,453477916,app/data/roads/jakarta-2025-03-04-road-features.geojson#feature-1199,0.0721,low,0.08895094419903006,0.13460516461342262,0.17002262301864182,0.18879561682145268
osm-9676145373-3981137758-0,18056345,app/data/roads/jakarta-2025-03-04-road-features.geojson#feature-1200,0.0374,low,0.04654782252776551,0.0721624121285536,0.09291388724769646,0.10424226528113167
osm-9679167895-6315615740-0,688522169,app/data/roads/jakarta-2025-03-04-road-features.geojson#feature-1201,0.0705,low,0.08701206422482591,0.13181513213228543,0.16663983508434857,0.18512262899631324
osm-9679957698-4849427419-0,492988997,app/data/roads/jakarta-2025-03-04-road-features.geojson#feature-1202,0.1195,low,0.14568971389430524,0.2136364118460231,0.2635165536204055,0.2890178997072658
osm-9684746119-8313092690-0,763467199,app/data/roads/jakarta-2025-03-04-road-features.geojson#feature-1203,0.1144,low,0.13964926677689957,0.20545632883767911,0.25404358678207206,0.2789754549164815
osm-9685151096-7226690317-0,763467199,app/data/roads/jakarta-2025-03-04-road-features.geojson#feature-1204,0.0986,low,0.12083786569437649,0.17963122021643002,0.22383171465687435,0.24677947490110985
osm-9685151098-1696170853-0,763467199,app/data/roads/jakarta-2025-03-04-road-features.geojson#feature-1205,0.1101,low,0.1345443968797563,0.19850090201171625,0.24595247541809787,0.2703780955083457
osm-9691407991-4999344155-0,119909339,app/data/roads/jakarta-2025-03-04-road-features.geojson#feature-1206,0.0159,low,0.019897750842900973,0.03132906933976395,0.04085529883949732,0.046159508503589096
osm-9694163554-329975504-0,1053249591,app/data/roads/jakarta-2025-03-04-road-features.geojson#feature-1207,0.1367,low,0.16594882515725637,0.24068208061495638,0.29451189324695337,0.32170254161085926
osm-9694163557-9694163554-0,1053249591,app/data/roads/jakarta-2025-03-04-road-features.geojson#feature-1208,0.1355,low,0.16454100540238295,0.2388218026957893,0.29239576983566534,0.31947952133047963
osm-9694832554-2400147489-0,1253507713,app/data/roads/jakarta-2025-03-04-road-features.geojson#feature-1209,0.0604,low,0.07473670945634515,0.114008404319138,0.14491392848773982,0.16145385713831947
osm-9694871645-315712497-0,634085906,app/data/roads/jakarta-2025-03-04-road-features.geojson#feature-1210,0.076,low,0.09367042350537386,0.14137104977217788,0.1782021666798522,0.1976632145304715
osm-9695041529-9699963787-0,696654482,app/data/roads/jakarta-2025-03-04-road-features.geojson#feature-1211,0.0727,low,0.08967762135449614,0.13564927748272249,0.17128708723565955,0.1901677072153187
osm-9695095403-13682180792-0,28706110,app/data/roads/jakarta-2025-03-04-road-features.geojson#feature-1212,0.018,low,0.02251367627909574,0.03539358053767381,0.046096892346964354,0.05204468813226886
osm-9695103618-4925793717-0,28706110,app/data/roads/jakarta-2025-03-04-road-features.geojson#feature-1213,0.0489,low,0.060683331654503035,0.09331519139116887,0.11936693254414035,0.133446073734148
osm-9696714817-8609186468-0,815231911,app/data/roads/jakarta-2025-03-04-road-features.geojson#feature-1214,0.0937,low,0.11497369762536208,0.1714703388280359,0.21418703074480885,0.23644721585824663
osm-9696758894-7756197690-0,689177647,app/data/roads/jakarta-2025-03-04-road-features.geojson#feature-1215,0.08,low,0.09850130249762729,0.14825957596662853,0.18649554519529332,0.2066345625094054
osm-9697006214-7120512601-0,320137104|768031660,app/data/roads/jakarta-2025-03-04-road-features.geojson#feature-1216,0.1644,low,0.19821481784862552,0.28255608888445005,0.3415387430386116,0.3707892016212828
osm-9699963783-9695041529-0,696654482,app/data/roads/jakarta-2025-03-04-road-features.geojson#feature-1217,0.2068,low,0.24676049306005157,0.34292342261745784,0.40735264829543555,0.43848612167145234
osm-9699963787-9625680832-0,696654482,app/data/roads/jakarta-2025-03-04-road-features.geojson#feature-1218,0.0664,low,0.08203654094932807,0.12462739614633597,0.15789851227906784,0.17561607939948365
osm-9708579924-12798366960-0,28715955,app/data/roads/jakarta-2025-03-04-road-features.geojson#feature-1219,0.0842,low,0.10356328075027187,0.1554377352487809,0.1951008958244397,0.2159225282560022
osm-10082667802-6330562646-0,28194353,app/data/roads/jakarta-2025-03-04-road-features.geojson#feature-1220,0.0629,low,0.07778099351391699,0.1184475780553221,0.1503522661055802,0.16739139581408682
osm-10090012698-9015877330-0,28194353,app/data/roads/jakarta-2025-03-04-road-features.geojson#feature-1221,0.0623,low,0.07705071585876616,0.11738408507397292,0.14905074765799214,0.16597119135520252
osm-10090309233-7570445358-0,454203124,app/data/roads/jakarta-2025-03-04-road-features.geojson#feature-1222,0.1926,low,0.23061435075960923,0.32318482461267317,0.3860845746912716,0.41673556310530535
osm-10090309238-4507989466-0,454203124,app/data/roads/jakarta-2025-03-04-road-features.geojson#feature-1223,0.1233,low,0.15018047836986323,0.21968300883616215,0.2704893061090014,0.29639386800095524
osm-10092530702-2589977444-0,685545461,app/data/roads/jakarta-2025-03-04-road-features.geojson#feature-1224,0.0596,low,0.0737617262767118,0.11258343725870001,0.1431650980378433,0.15954266423153876
osm-10098494032-6366750161-0,688087394,app/data/roads/jakarta-2025-03-04-road-features.geojson#feature-1225,0.0708,low,0.087375723296357,0.1323388993748686,0.16727531700814682,0.1858128794073694
osm-10132911307-2589974180-0,28132208,app/data/roads/jakarta-2025-03-04-road-features.geojson#feature-1226,0.034,low,0.04235279219905021,0.06581827447749786,0.08491234848668881,0.09536772000415046
osm-10599212863-4746451656-0,765866693,app/data/roads/jakarta-2025-03-04-road-features.geojson#feature-1227,0.0345,low,0.04297016335388866,0.06675385571975734,0.08609433095012325,0.09667986521523077
osm-10654460939-6430186685-0,1144693057,app/data/roads/jakarta-2025-03-04-road-features.geojson#feature-1228,0.1565,low,0.18905754090952168,0.2708184557948812,0.3284727075011481,0.35721120914172133
osm-10732635788-6322395881-0,1281346440,app/data/roads/jakarta-2025-03-04-road-features.geojson#feature-1229,0.0621,low,0.07680724079923182,0.11702931995314973,0.14861639262720058,0.1654971175429179
osm-10758010539-7120410546-0,711241492,app/data/roads/jakarta-2025-03-04-road-features.geojson#feature-1230,0.0521,low,0.06460205338025382,0.09911880471074645,0.1265646269849895,0.14135645300687175
osm-10788400699-317349873-0,496592226,app/data/roads/jakarta-2025-03-04-road-features.geojson#feature-1231,0.0664,low,0.08203654094932807,0.12462739614633597,0.15789851227906784,0.17561607939948365
osm-11039838816-6332686273-0,229358585|28765425|191377542|691270311,app/data/roads/jakarta-2025-03-04-road-features.geojson#feature-1232,0.1534,low,0.18545442293374706,0.26616855526513084,0.3232717574880742,0.3517936023694328
osm-11052325987-7026798812-0,751672117,app/data/roads/jakarta-2025-03-04-road-features.geojson#feature-1233,0.0696,low,0.08592075705251942,0.13024206462747073,0.16473002849964843,0.18304752439638658
osm-11076463250-13108442428-0,766126376|766126375,app/data/roads/jakarta-2025-03-04-road-features.geojson#feature-1234,0.0289,low,0.036046626471738515,0.056223317303075775,0.07275063686221933,0.08184245091849993
osm-11166256394-5549685553-0,1204814108,app/data/roads/jakarta-2025-03-04-road-features.geojson#feature-1235,0.0256,low,0.03195743069355565,0.04996387837799102,0.06477747501971957,0.07295125833443399
osm-11199436896-104367576-0,631760994|711241491,app/data/roads/jakarta-2025-03-04-road-features.geojson#feature-1236,0.0249,low,0.03108914109765189,0.04863092766958014,0.06307556145037979,0.07105090822524975
osm-11237483569-7120502855-0,758051339,app/data/roads/jakarta-2025-03-04-road-features.geojson#feature-1237,0.0751,low,0.09258213523922221,0.13981405568815203,0.17632283192394266,0.1956274984516012
osm-11237483572-11237483569-0,758051339,app/data/roads/jakarta-2025-03-04-road-features.geojson#feature-1238,0.0836,low,0.10284079481716138,0.15441569628968152,0.19387793047275925,0.21460384404444469
osm-11246996071-5374282375-0,11671364,app/data/roads/jakarta-2025-03-04-road-features.geojson#feature-1239,0.081,low,0.09970750466600646,0.14997372904731324,0.18855391136363966,0.20885813776221254
osm-11299364776-5421851682-0,764298933,app/data/roads/jakarta-2025-03-04-road-features.geojson#feature-1240,0.2214,low,0.2632453965694689,0.3627388088850343,0.42846334446008283,0.45995806056309024
osm-11299364777-11299364778-0,764298933,app/data/roads/jakarta-2025-03-04-road-features.geojson#feature-1241,0.4302,medium,0.48683379532820575,0.6018057208225441,0.6656037329444328,0.6933822805090037
osm-11299364778-11299364776-0,764298933,app/data/roads/jakarta-2025-03-04-road-features.geojson#feature-1242,0.4385,medium,0.4952767021542498,0.6098728755041379,0.6730805109509419,0.7005174161913125
osm-11299364779-11299364777-0,764298933,app/data/roads/jakarta-2025-03-04-road-features.geojson#feature-1243,0.4747,medium,0.5317252485786753,0.6439943493310695,0.7043536261373965,0.7302179071607857
osm-11329756328-7226592293-0,763467199,app/data/roads/jakarta-2025-03-04-road-features.geojson#feature-1244,0.1371,low,0.16641791233693426,0.24130129937473938,0.29521575931588806,0.32244169092005437
osm-11350075105-5372018448-0,696175332,app/data/roads/jakarta-2025-03-04-road-features.geojson#feature-1245,0.2773,medium,0.3252965492238844,0.43441399273186376,0.5028771530950892,0.5347241820354274
osm-11384905237-4507955830-0,685550351,app/data/roads/jakarta-2025-03-04-road-features.geojson#feature-1246,0.4796,medium,0.5366125721185261,0.6484845529095474,0.7084272159776831,0.7340696732608287
osm-11388847775-6801763173-0,776122194,app/data/roads/jakarta-2025-03-04-road-features.geojson#feature-1247,0.0925,low,0.11353537958592808,0.169460578456573,0.2118045900805141,0.23389086850475335
osm-11388847776-11388847775-0,776122194,app/data/roads/jakarta-2025-03-04-road-features.geojson#feature-1248,0.1619,low,0.1953207997142662,0.2788589373540649,0.33743280625010824,0.3665273601139698
osm-11395329908-5680696059-0,458897450|458897451,app/data/roads/jakarta-2025-03-04-road-features.geojson#feature-1249,0.0187,low,0.023385028075978056,0.03674468724098886,0.047836322500664316,0.05399584949923396
osm-11399827589-4848734475-0,98454566,app/data/roads/jakarta-2025-03-04-road-features.geojson#feature-1250,0.0748,low,0.09221926291262017,0.13929447725365507,0.17569529103746143,0.19494751273343996
osm-11413710169-5380113830-0,975979296,app/data/roads/jakarta-2025-03-04-road-features.geojson#feature-1251,0.1248,low,0.15195081313886394,0.22205855923390003,0.2732218856604105,0.2992807837879576
osm-11438846310-12599546837-0,1220173370,app/data/roads/jakarta-2025-03-04-road-features.geojson#feature-1252,0.0771,low,0.09499988439398226,0.14327050319940152,0.18049245618362483,0.20014270709182067
osm-11445322163-5498027298-0,572251879,app/data/roads/jakarta-2025-03-04-road-features.geojson#feature-1253,0.1512,low,0.18289402462231352,0.2628534100373891,0.31955509881405697,0.34791761497351215
osm-11455806150-1133807034-0,1238777272,app/data/roads/jakarta-2025-03-04-road-features.geojson#feature-1254,0.051,low,0.06325570910934451,0.09712780551781874,0.12409826692653533,0.1386476011417766
osm-11467500634-11399827589-0,98454566,app/data/roads/jakarta-2025-03-04-road-features.geojson#feature-1255,0.064,low,0.07911926143051812,0.1203941948359872,0.15273237474702958,0.16998727259384802
osm-11477683648-186871952-0,556957356,app/data/roads/jakarta-2025-03-04-road-features.geojson#feature-1256,0.0937,low,0.11497369762536208,0.1714703388280359,0.21418703074480885,0.23644721585824663
osm-11477683650-11477683648-0,556957356,app/data/roads/jakarta-2025-03-04-road-features.geojson#feature-1257,0.1433,low,0.17367688960831312,0.2508436982317432,0.30603023711383637,0.3337811817346987
osm-11484348759-11484348761-0,1236754677,app/data/roads/jakarta-2025-03-04-road-features.geojson#feature-1258,0.4151,medium,0.4713904770785448,0.5868863404380423,0.6516912363663795,0.6800699947344951
osm-11484348761-4637530511-0,28229340,app/data/roads/jakarta-2025-03-04-road-features.geojson#feature-1259,0.1511,low,0.1827775767744643,0.2627024200672553,0.3193856500020963,0.34774081251576094
osm-11492431708-1321228510-0,725268263,app/data/roads/jakarta-2025-03-04-road-features.geojson#feature-1260,0.1703,low,0.2050305990235823,0.29121864504847134,0.35112458802572405,0.38072132962809985
osm-11501464546-7149726253-0,1238180042,app/data/roads/jakarta-2025-03-04-road-features.geojson#feature-1261,0.1672,low,0.20145189241959738,0.286678067643571,0.34610607710915564,0.37552461507671164
osm-11501464552-5489964736-0,1238183825,app/data/roads/jakarta-2025-03-04-road-features.geojson#feature-1262,0.1241,low,0.1511248212326729,0.22095075924958618,0.27194806945263084,0.2979352800445489
osm-11501464552-11501464546-0,1238180042,app/data/roads/jakarta-2025-03-04-road-features.geojson#feature-1263,0.1136,low,0.13870035214224521,0.20416636948223066,0.2525455337352054,0.2773850520467396
osm-11501464554-5489964736-0,688714752,app/data/roads/jakarta-2025-03-04-road-features.geojson#feature-1264,0.1985,low,0.23733655129880354,0.3314429530477447,0.3950119025184808,0.42587996838719033
osm-11501464554-11501464552-0,1238180042,app/data/roads/jakarta-2025-03-04-road-features.geojson#feature-1265,0.1473,low,0.17834829258044074,0.25694526738205703,0.3129134833000497,0.3409819149165822
osm-11503395360-5372153126-0,560008548,app/data/roads/jakarta-2025-03-04-road-features.geojson#feature-1266,0.0219,low,0.027364387574865996,0.04289756221624354,0.05573901248053284,0.06284894379611455
osm-11542695776-12194080646-0,724274749,app/data/roads/jakarta-2025-03-04-road-features.geojson#feature-1267,0.0927,low,0.11377515932726756,0.1697958455573535,0.21220222770263086,0.23431764378702757
osm-11899737707-104379014-0,1186136755|691270309,app/data/roads/jakarta-2025-03-04-road-features.geojson#feature-1268,0.0239,low,0.02984818972878479,0.04672354531496336,0.060637747434935364,0.0683273332928727
osm-11919728419-1783134145-0,1487710045,app/data/roads/jakarta-2025-03-04-road-features.geojson#feature-1269,0.0668,low,0.08252241084003455,0.12533107483859954,0.15875597887540968,0.1765495892600621
osm-11925112167-4785715146-0,28132208,app/data/roads/jakarta-2025-03-04-road-features.geojson#feature-1270,0.0664,low,0.08203654094932807,0.12462739614633597,0.15789851227906784,0.17561607939948365
osm-11925999197-4746451654-0,493859848|491995873,app/data/roads/jakarta-2025-03-04-road-features.geojson#feature-1271,0.046,low,0.057126497533841136,0.08802494285623269,0.1127834691850643,0.12619737736784836
osm-11959843134-4849427410-0,696668229,app/data/roads/jakarta-2025-03-04-road-features.geojson#feature-1272,0.0566,low,0.0701020261874143,0.10722056062233873,0.1365696609386014,0.15232686598008524
osm-12032748424-317179522-0,495447738,app/data/roads/jakarta-2025-03-04-road-features.geojson#feature-1273,0.0386,low,0.04802669139947246,0.07439158557785228,0.09571796504764109,0.1073477662036675
osm-12139330016-5380068236-0,492988997,app/data/roads/jakarta-2025-03-04-road-features.geojson#feature-1274,0.2282,low,0.27088347735096335,0.3718068553588894,0.4380450256223238,0.4696652793259686
osm-12194080646-104367971-0,724274749,app/data/roads/jakarta-2025-03-04-road-features.geojson#feature-1275,0.0271,low,0.03381700841329123,0.052814072695150364,0.06841186106505555,0.07700647936128054
osm-12202088422-11503395360-0,560008548,app/data/roads/jakarta-2025-03-04-road-features.geojson#feature-1276,0.0265,low,0.03307334790284927,0.051674996269069365,0.06696015865614538,0.07538715744616166
osm-12202088425-12202088422-0,560008548,app/data/roads/jakarta-2025-03-04-road-features.geojson#feature-1277,0.1043,low,0.1276413825948192,0.18903322030085837,0.2348848073934532,0.25858822364755935
osm-12202088428-5372153133-0,560008548,app/data/roads/jakarta-2025-03-04-road-features.geojson#feature-1278,0.0204,low,0.025499872061638496,0.04001821543717351,0.05204459863341039,0.05871258117103055
osm-12202798102-4911942117-0,761850309,app/data/roads/jakarta-2025-03-04-road-features.geojson#feature-1279,0.1029,low,0.12597213927507944,0.18673297492085,0.23218636209051302,0.2557084743060175
osm-12217513829-11492431708-0,1237350496|1237350497|1320234227,app/data/roads/jakarta-2025-03-04-road-features.geojson#feature-1280,0.1706,low,0.2053766360620933,0.29165677757449354,0.3516081380102554,0.38122169225588004
osm-12217513829-12217513832-0,1237350498|1320234226,app/data/roads/jakarta-2025-03-04-road-features.geojson#feature-1281,0.0927,low,0.11377515932726756,0.1697958455573535,0.21220222770263086,0.23431764378702757
osm-12217513832-5078382194-0,117314950,app/data/roads/jakarta-2025-03-04-road-features.geojson#feature-1282,0.1714,low,0.20629915207131255,0.29282403218438924,0.3528957919871354,0.38255381042221775
osm-12316918940-310005821-0,1090935278,app/data/roads/jakarta-2025-03-04-road-features.geojson#feature-1283,0.088,low,0.10813397412070765,0.16188442894639132,0.20279759531510771,0.22421182673984216
osm-12404878653-4548266823-0,11670123,app/data/roads/jakarta-2025-03-04-road-features.geojson#feature-1284,0.0884,low,0.10861459284577042,0.1625604054041093,0.20360290972146836,0.22507816883240006
osm-12484094370-315208899-0,1331225021|1295698630,app/data/roads/jakarta-2025-03-04-road-features.geojson#feature-1285,0.1377,low,0.16712136875909336,0.24222930983865823,0.29627014844759186,0.32354867951983096
osm-12504052406-7805088053-0,744559390,app/data/roads/jakarta-2025-03-04-road-features.geojson#feature-1286,0.063,low,0.07790268494749353,0.11862470997086927,0.1505689605956143,0.16762780288382387
osm-12504052406-11925999197-0,28851296|491995873|27945891,app/data/roads/jakarta-2025-03-04-road-features.geojson#feature-1287,0.0791,low,0.09741520193837455,0.14671411740953685,0.18463791601805624,0.20462679245707746
osm-12530400916-5290941766-0,751996163|27945891,app/data/roads/jakarta-2025-03-04-road-features.geojson#feature-1288,0.0901,low,0.11065614687341574,0.16542776194702832,0.20701524588904704,0.2287470462773112
osm-12583516441-6884974160-0,1501665007,app/data/roads/jakarta-2025-03-04-road-features.geojson#feature-1289,0.0361,low,0.04494469651834786,0.06974163730275704,0.08986440225102316,0.10086231891577556
osm-12599546837-3723599620-0,1220173370,app/data/roads/jakarta-2025-03-04-road-features.geojson#feature-1290,0.0372,low,0.046301256696776615,0.07179038088125271,0.09244553172972185,0.10372333592300952
osm-12676215441-5492419212-0,1186134492,app/data/roads/jakarta-2025-03-04-road-features.geojson#feature-1291,0.2804,medium,0.32868908032234645,0.4382054138519313,0.5067307529307462,0.5385574408384626
osm-12681087362-5495827291-0,1186134492,app/data/roads/jakarta-2025-03-04-road-features.geojson#feature-1292,0.5058,high,0.5625602480833206,0.6719969492784975,0.7296019592538342,0.7540287737370827
osm-12684981016-5671317488-0,28216264,app/data/roads/jakarta-2025-03-04-road-features.geojson#feature-1293,0.1122,low,0.13703884054666318,0.20190446818758614,0.24991596712371492,0.274591864873309
osm-12688243259-12688243260-0,1530998628,app/data/roads/jakarta-2025-03-04-road-features.geojson#feature-1294,0.1018,low,0.1246597712138831,0.1849215318222303,0.2300587200089535,0.2534364332615545
osm-12688243260-5354213657-0,592276676,app/data/roads/jakarta-2025-03-04-road-features.geojson#feature-1295,0.0661,low,0.08167207418494787,0.12409929002719206,0.1572547475885066,0.17491508310006687
osm-12718674408-12718674417-0,453477916,app/data/roads/jakarta-2025-03-04-road-features.geojson#feature-1296,0.0496,low,0.06154109489288369,0.09458776075976164,0.12094738580439728,0.13518432321084828
osm-12718674409-9673837489-0,453477916,app/data/roads/jakarta-2025-03-04-road-features.geojson#feature-1297,0.0566,low,0.0701020261874143,0.10722056062233873,0.1365696609386014,0.15232686598008524
osm-12718674417-12718674409-0,453477916,app/data/roads/jakarta-2025-03-04-road-features.geojson#feature-1298,0.0894,low,0.10981571779855151,0.1642481712660121,0.20561217208949947,0.22723888996688088
osm-12718674420-12718674408-0,453477916,app/data/roads/jakarta-2025-03-04-road-features.geojson#feature-1299,0.0615,low,0.07607666804501673,0.11596422114954835,0.147311777670779,0.16407287410984417
osm-12729353026-6322396593-0,1204814108,app/data/roads/jakarta-2025-03-04-road-features.geojson#feature-1300,0.0316,low,0.03938722376873637,0.06131483854158236,0.07921323289148141,0.0890351417157568
osm-12729353039-2209098563-0,1204814108,app/data/roads/jakarta-2025-03-04-road-features.geojson#feature-1301,0.0252,low,0.031461303150107534,0.04920241553188715,0.06380541149434064,0.07186596285855937
osm-12729353047-12729353039-0,1204814108,app/data/roads/jakarta-2025-03-04-road-features.geojson#feature-1302,0.0319,low,0.039758117904472125,0.06187891560126434,0.07992794893116886,0.08982983218224316
osm-12736661061-1273189607-0,686751409|749995402|510396471,app/data/roads/jakarta-2025-03-04-road-features.geojson#feature-1303,0.0635,low,0.07851104996209025,0.11950986905201333,0.15165146940056332,0.16880858230673265
osm-12738838445-5408975256-0,560880227|1498283429|592276649|508913838|592537462,app/data/roads/jakarta-2025-03-04-road-features.geojson#feature-1304,0.121,low,0.14746339852385504,0.21602813128311016,0.2662776028928259,0.2919402289217722
osm-12744944224-8519460813-0,487370077,app/data/roads/jakarta-2025-03-04-road-features.geojson#feature-1305,0.1977,low,0.23642620144123316,0.33032798190841145,0.39380905018807577,0.42464909694407543
osm-12745135294-5374282148-0,749318590,app/data/roads/jakarta-2025-03-04-road-features.geojson#feature-1306,0.1613,low,0.19462570495102477,0.2779692487634171,0.3364434264979248,0.3654997320233489
osm-12745136706-13659371444-0,749318590,app/data/roads/jakarta-2025-03-04-road-features.geojson#feature-1307,0.1884,low,0.2258172283462099,0.31725612093408495,0.379649245995,0.41013064607838107
osm-12745136709-12745136706-0,749318590,app/data/roads/jakarta-2025-03-04-road-features.geojson#feature-1308,0.1403,low,0.1701672644602564,0.24623938593009906,0.30081971008253633,0.3283217014464118
osm-12745196451-12745196458-0,592537468,app/data/roads/jakarta-2025-03-04-road-features.geojson#feature-1309,0.1018,low,0.1246597712138831,0.1849215318222303,0.2300587200089535,0.2534364332615545
osm-12745196458-1675426257-0,592537468,app/data/roads/jakarta-2025-03-04-road-features.geojson#feature-1310,0.1413,low,0.17133771874194112,0.24777685037163125,0.30256116917859727,0.33014719304010226
osm-12745196460-13606259700-0,592537468,app/data/roads/jakarta-2025-03-04-road-features.geojson#feature-1311,0.0744,low,0.09173534788743395,0.13860125390701836,0.17485771544647635,0.1940397625147074
osm-12745196468-12745196460-0,592537468,app/data/roads/jakarta-2025-03-04-road-features.geojson#feature-1312,0.0881,low,0.10825413784477596,0.16205346972979612,0.20299901029802966,0.22442852252204099
osm-12754553920-5670944441-0,736957432,app/data/roads/jakarta-2025-03-04-road-features.geojson#feature-1313,0.1092,low,0.13347454926872793,0.19703827931482107,0.24424676148538157,0.26856331869005357
osm-12798366960-12798366961-0,28715955,app/data/roads/jakarta-2025-03-04-road-features.geojson#feature-1314,0.0169,low,0.021143779621339502,0.03326664814569142,0.04335566765621153,0.04896792502914796
osm-12798366961-329019268-0,28715955|815231910,app/data/roads/jakarta-2025-03-04-road-features.geojson#feature-1315,0.0253,low,0.03158534451998391,0.04939283703984626,0.0640485419321992,0.07213744132804108
osm-12799849299-5379667472-0,496592226,app/data/roads/jakarta-2025-03-04-road-features.geojson#feature-1316,0.0177,low,0.022140144428088423,0.03481396484543653,0.04535023675353691,0.05120686460867663
osm-12825987637-317349914-0,686023685,app/data/roads/jakarta-2025-03-04-road-features.geojson#feature-1317,0.1464,low,0.1772980325254945,0.25557613239674337,0.31137109087375353,0.33936950552797124
osm-13016877290-4541302315-0,11671655,app/data/roads/jakarta-2025-03-04-road-features.geojson#feature-1318,0.0599,low,0.0741273911563974,0.1131180524080019,0.14382139813233358,0.16026000022549172
osm-13016877290-4787639954-0,1416487516,app/data/roads/jakarta-2025-03-04-road-features.geojson#feature-1319,0.0134,low,0.016779891537338498,0.026468363532361663,0.034569344096932526,0.039090714279638034
osm-13030921685-13030921684-0,1417995175,app/data/roads/jakarta-2025-03-04-road-features.geojson#feature-1320,0.1078,low,0.13180938636351425,0.1947583572016692,0.24158493991081628,0.2657296710031052
osm-13033996655-5377076552-0,754623058,app/data/roads/jakarta-2025-03-04-road-features.geojson#feature-1321,0.0259,low,0.03232945997319242,0.05053458516635886,0.06550572152346446,0.07376414896962527
osm-13102843717-4404259357-0,562407886,app/data/roads/jakarta-2025-03-04-road-features.geojson#feature-1322,0.1205,low,0.14687231743699822,0.21523160409562445,0.2653585111161985,0.2909676860322986
osm-13108442428-5374282198-0,458897450|766126375,app/data/roads/jakarta-2025-03-04-road-features.geojson#feature-1323,0.0431,low,0.05356442905643454,0.08270522889206439,0.10614163899859115,0.11887143969410832
osm-13366216191-13366216193-0,691966212,app/data/roads/jakarta-2025-03-04-road-features.geojson#feature-1324,0.1058,low,0.12942856219833682,0.19149129523432967,0.23776430349993982,0.2616589283599367
osm-13366216193-5046365477-0,691966212,app/data/roads/jakarta-2025-03-04-road-features.geojson#feature-1325,0.1896,low,0.22718884065089257,0.31895431442181316,0.381494800228948,0.41202596059365565
osm-13453045134-4953838327-0,496038079|745193778|752887191,app/data/roads/jakarta-2025-03-04-road-features.geojson#feature-1326,0.073,low,0.09004087758606316,0.1361708953115422,0.17191848759202086,0.19085267710618614
osm-13453416789-12316918940-0,681047133|1090935278,app/data/roads/jakarta-2025-03-04-road-features.geojson#feature-1327,0.0336,low,0.04185878221786994,0.06506915664947482,0.08396544249754172,0.09431623729702927
osm-13453416794-13453416789-0,681047133,app/data/roads/jakarta-2025-03-04-road-features.geojson#feature-1328,0.1062,low,0.1299049172928553,0.19214565422759025,0.2385301352137165,0.26247522150130786
osm-13456437803-7241781245-0,392820646,app/data/roads/jakarta-2025-03-04-road-features.geojson#feature-1329,0.0198,low,0.02475366610298193,0.03886410092652371,0.05056191430436283,0.05705136712865111
osm-13456492331-13603665477-0,1090935277,app/data/roads/jakarta-2025-03-04-road-features.geojson#feature-1330,0.0368,low,0.04580804984124245,0.07104588706149131,0.09150795324654813,0.10268431974338157
osm-13456652649-310047835-0,560008548,app/data/roads/jakarta-2025-03-04-road-features.geojson#feature-1331,0.1154,low,0.14083487810090575,0.2070661717890529,0.2559115136152307,0.280957655054403
osm-13456652652-13456652659-0,688117571,app/data/roads/jakarta-2025-03-04-road-features.geojson#feature-1332,0.0904,low,0.11101624045700385,0.16593283643251086,0.2076157060544224,0.22939230643145825
osm-13456652659-5372153151-0,688117571,app/data/roads/jakarta-2025-03-04-road-features.geojson#feature-1333,0.0965,low,0.1183264124370254,0.17614264520168488,0.21971463465563898,0.2423721079217524
osm-13456804471-8488629808-0,28132208,app/data/roads/jakarta-2025-03-04-road-features.geojson#feature-1334,0.0421,low,0.05233491381322656,0.0808639680542976,0.10383767851243798,0.11632712043296427
osm-13525649819-13828209563-0,278788931,app/data/roads/jakarta-2025-03-04-road-features.geojson#feature-1335,0.0416,low,0.051719922128919696,0.07994200959492676,0.10268305088575856,0.11505144525401258
osm-13525649841-13525649819-0,1474329897,app/data/roads/jakarta-2025-03-04-road-features.geojson#feature-1336,0.0491,low,0.060928437909666934,0.09367895621825804,0.1198188325998004,0.13394316768906245
osm-13586347373-6322281575-0,508913824,app/data/roads/jakarta-2025-03-04-road-features.geojson#feature-1337,0.0313,low,0.03901627299927085,0.06075043274554823,0.0784978493178549,0.08823955582329006
osm-13586870988-9031905436-0,719606918,app/data/roads/jakarta-2025-03-04-road-features.geojson#feature-1338,0.1299,low,0.15796008880902998,0.23008817803513557,0.28242990530728157,0.3089936474930374
osm-13586870998-315469626-0,719606918,app/data/roads/jakarta-2025-03-04-road-features.geojson#feature-1339,0.1453,low,0.176013746410432,0.25389981850586085,0.3094809601102068,0.33739268635172215
osm-13603665477-310005821-0,1074093273,app/data/roads/jakarta-2025-03-04-road-features.geojson#feature-1340,0.039,low,0.048519447357206195,0.07513349718323294,0.09665035725060848,0.10837986715165981
osm-13606136400-1675426142-0,634085903,app/data/roads/jakarta-2025-03-04-road-features.geojson#feature-1341,0.0894,low,0.10981571779855151,0.1642481712660121,0.20561217208949947,0.22723888996688088
osm-13606177748-5549685557-0,1530998629,app/data/roads/jakarta-2025-03-04-road-features.geojson#feature-1342,0.0954,low,0.11700983517030202,0.1743099495314621,0.2175483011769325,0.24005110430823784
osm-13606201402-13606201409-0,634085903,app/data/roads/jakarta-2025-03-04-road-features.geojson#feature-1343,0.0894,low,0.10981571779855151,0.1642481712660121,0.20561217208949947,0.22723888996688088
osm-13606201409-13606136400-0,634085903,app/data/roads/jakarta-2025-03-04-road-features.geojson#feature-1344,0.077,low,0.09487905471749956,0.14309798621001474,0.18028455062720886,0.19991768852225542
osm-13606201410-13606201418-0,634085903,app/data/roads/jakarta-2025-03-04-road-features.geojson#feature-1345,0.0743,low,0.09161435390371722,0.13842786727788417,0.17464816879761141,0.1938126277944476
osm-13606201418-13606201402-0,634085903,app/data/roads/jakarta-2025-03-04-road-features.geojson#feature-1346,0.0943,low,0.1156925324073306,0.17247356343199358,0.21537521142556695,0.23772152603733754
osm-13606201425-4963127289-0,634085903,app/data/roads/jakarta-2025-03-04-road-features.geojson#feature-1347,0.0532,low,0.06594764803491765,0.10110563798764732,0.1290228191661307,0.14405455545862023
osm-13606201428-13606201425-0,634085903,app/data/roads/jakarta-2025-03-04-road-features.geojson#feature-1348,0.0943,low,0.1156925324073306,0.17247356343199358,0.21537521142556695,0.23772152603733754
osm-13606201436-13606201428-0,634085903,app/data/roads/jakarta-2025-03-04-road-features.geojson#feature-1349,0.0912,low,0.11197622523621978,0.1672783418028469,0.20921442521969003,0.23110980509935827
osm-13606201439-13606201436-0,634085903,app/data/roads/jakarta-2025-03-04-road-features.geojson#feature-1350,0.0338,low,0.04210579977261976,0.06544378814982116,0.0844390423200242,0.09484217518943604
osm-13606201442-13606201439-0,634085903,app/data/roads/jakarta-2025-03-04-road-features.geojson#feature-1351,0.0584,low,0.07229851222992165,0.11044194090662666,0.14053401603288437,0.15666562901835512
osm-13606259700-12745196451-0,592537468,app/data/roads/jakarta-2025-03-04-road-features.geojson#feature-1352,0.102,low,0.12489843727511106,0.1852511545257179,0.23044605225173886,0.2538501479936401
osm-13606278105-12745196468-0,592537468,app/data/roads/jakarta-2025-03-04-road-features.geojson#feature-1353,0.0807,low,0.09934570767854782,0.1494598167590374,0.18793702633453857,0.20819186764530162
osm-13606475657-4963127052-0,592537468,app/data/roads/jakarta-2025-03-04-road-features.geojson#feature-1354,0.0863,low,0.10609026795954214,0.1590059661757381,0.1993647031786945,0.22051671181842095
osm-13606475660-13606475666-0,592537468,app/data/roads/jakarta-2025-03-04-road-features.geojson#feature-1355,0.0793,low,0.09765660009546705,0.14705777575016388,0.1850511410431508,0.205073501598454
osm-13606475666-4963127061-0,592537468,app/data/roads/jakarta-2025-03-04-road-features.geojson#feature-1356,0.0807,low,0.09934570767854782,0.1494598167590374,0.18793702633453857,0.20819186764530162
osm-13606475670-13606475660-0,592537468,app/data/roads/jakarta-2025-03-04-road-features.geojson#feature-1357,0.0845,low,0.10392444208201349,0.15594832995524704,0.19571158734514935,0.2165808572015333
osm-13606475672-13606475670-0,592537468,app/data/roads/jakarta-2025-03-04-road-features.geojson#feature-1358,0.1178,low,0.14367793620645675,0.2109180243678288,0.26037362691507326,0.28568880492544596
osm-13618074118-5380240456-0,28850223,app/data/roads/jakarta-2025-03-04-road-features.geojson#feature-1359,0.3532,medium,0.40693646917213305,0.5222421092652759,0.5901052100187795,0.6205803561825369
osm-13623804700-318097237-0,497546914,app/data/roads/jakarta-2025-03-04-road-features.geojson#feature-1360,0.0512,low,0.063500554761599,0.09749011582313007,0.12454730539071374,0.13914092210064255
osm-13623841203-13623804700-0,497546914,app/data/roads/jakarta-2025-03-04-road-features.geojson#feature-1361,0.0859,low,0.10560914244980589,0.15832736889955495,0.19855453023503025,0.2196441631144189
osm-13623841206-13623841203-0,497546914,app/data/roads/jakarta-2025-03-04-road-features.geojson#feature-1362,0.1325,low,0.1610177885429461,0.23415383339614787,0.2870755809480572,0.3138851366147088
osm-13623841209-13623841206-0,497546914,app/data/roads/jakarta-2025-03-04-road-features.geojson#feature-1363,0.1265,low,0.15395559725058214,0.22474318982330768,0.27630537363410346,0.3025359419247998
osm-13623841212-13623841209-0,497546914,app/data/roads/jakarta-2025-03-04-road-features.geojson#feature-1364,0.1326,low,0.1611353136008644,0.23430983140204795,0.2872536120915547,0.3140724693563777
osm-13623841214-13623841212-0,1116757145|497546914|1487759035,app/data/roads/jakarta-2025-03-04-road-features.geojson#feature-1365,0.0477,low,0.059212172329857926,0.09112968100548395,0.11664977035495834,0.1304559028090235
osm-13623841217-13623841214-0,1116757145,app/data/roads/jakarta-2025-03-04-road-features.geojson#feature-1366,0.1296,low,0.15760702327197215,0.2296178577250054,0.28189176712491815,0.3084266501530706
osm-13623874472-5372018508-0,497546914,app/data/roads/jakarta-2025-03-04-road-features.geojson#feature-1367,0.047,low,0.05835358275061078,0.08985248250717591,0.11506018305374431,0.1287055910028388
osm-13623874475-13623874472-0,497546914,app/data/roads/jakarta-2025-03-04-road-features.geojson#feature-1368,0.0827,low,0.10175665755886325,0.1528805104489075,0.1920395164068203,0.21262073630942357
osm-13624041397-104364335-0,1502544632|766127667|28706686,app/data/roads/jakarta-2025-03-04-road-features.geojson#feature-1369,0.0777,low,0.09572473480942097,0.14430493170283576,0.18173862182136322,0.20149118596802762
osm-13624041399-13624041397-0,28706686,app/data/roads/jakarta-2025-03-04-road-features.geojson#feature-1370,0.0841,low,0.10344288154716337,0.1552674741130175,0.19489721486033273,0.215702935304567
osm-13639648351-4235574904-0,28779908,app/data/roads/jakarta-2025-03-04-road-features.geojson#feature-1371,0.0979,low,0.12000100790489383,0.1784698470955245,0.22246206450183467,0.24531378567675488
osm-13653307691-1174777687-0,37018609,app/data/roads/jakarta-2025-03-04-road-features.geojson#feature-1372,0.0465,low,0.05774011791219919,0.0889391500022121,0.11392269164695774,0.12745262907027807
osm-13653320894-11477683650-0,562395015|1265757796|802327287,app/data/roads/jakarta-2025-03-04-road-features.geojson#feature-1373,0.0882,low,0.10837429554000673,0.16222247939482326,0.20320036767692723,0.22464514477325764
osm-13657075638-7120487197-0,717267441,app/data/roads/jakarta-2025-03-04-road-features.geojson#feature-1374,0.0603,low,0.07461485811079704,0.11383040122615368,0.14469555259433686,0.16121525585114738
osm-13659371444-4548266763-0,749318590,app/data/roads/jakarta-2025-03-04-road-features.geojson#feature-1375,0.1537,low,0.1858033527319445,0.26661963942540295,0.32377691790074614,0.35232012845451083
osm-13663105514-1675426300-0,592537468,app/data/roads/jakarta-2025-03-04-road-features.geojson#feature-1376,0.0941,low,0.11545294482132626,0.17213927768673074,0.21497937584716098,0.2372970413934667
osm-13663493364-13663105514-0,592537468,app/data/roads/jakarta-2025-03-04-road-features.geojson#feature-1377,0.0727,low,0.08967762135449614,0.13564927748272249,0.17128708723565955,0.1901677072153187
osm-13664998461-2032758147-0,1001445850|1497438583,app/data/roads/jakarta-2025-03-04-road-features.geojson#feature-1378,0.0339,low,0.04222929912663526,0.06563104945496877,0.08467573209326096,0.09510499670395778
osm-13675743447-318548947-0,508913824,app/data/roads/jakarta-2025-03-04-road-features.geojson#feature-1379,0.0609,low,0.07534587384910384,0.11489791559122912,0.1460048330750247,0.16264559012828217
osm-13682180792-347509493-0,1502253539,app/data/roads/jakarta-2025-03-04-road-features.geojson#feature-1380,0.068,low,0.08397943248450083,0.12743894308521556,0.16132231801532712,0.17934224665660542
osm-13685379529-9031905443-0,719606918,app/data/roads/jakarta-2025-03-04-road-features.geojson#feature-1381,0.0691,low,0.0853142613370035,0.12936699192789455,0.16366684109247015,0.18189185846998426
osm-13695587261-9623310915-0,755769006,app/data/roads/jakarta-2025-03-04-road-features.geojson#feature-1382,0.0662,low,0.08179356923555928,0.12427535847601134,0.15746939918366262,0.17514883089677938
osm-13695587270-13695587261-0,755769006,app/data/roads/jakarta-2025-03-04-road-features.geojson#feature-1383,0.083,low,0.1021180911091922,0.15339252303092565,0.19265285081480632,0.21328245113514804
osm-13699094545-13685379529-0,719606918,app/data/roads/jakarta-2025-03-04-road-features.geojson#feature-1384,0.1114,low,0.13608888439686936,0.2006093905825363,0.24840878226675273,0.2729900258967338
osm-13701804566-317180499-0,28847137,app/data/roads/jakarta-2025-03-04-road-features.geojson#feature-1385,0.1148,low,0.14012358221453325,0.20610061314263728,0.2547913750894563,0.2797691072574947
osm-13701804574-7103369200-0,28847137,app/data/roads/jakarta-2025-03-04-road-features.geojson#feature-1386,0.0742,low,0.09149335382811234,0.1382544483136794,0.17443856099480437,0.19358541412571909
osm-13717294231-315547395-0,1098599577|762042490|508138506|676048101,app/data/roads/jakarta-2025-03-04-road-features.geojson#feature-1387,0.0526,low,0.06521378020419075,0.1000224263952494,0.12768299717315823,0.14258419193414104
osm-13719672649-9696758894-0,689177647,app/data/roads/jakarta-2025-03-04-road-features.geojson#feature-1388,0.0751,low,0.09258213523922221,0.13981405568815203,0.17632283192394266,0.1956274984516012
osm-13720913830-7120410540-0,711241492,app/data/roads/jakarta-2025-03-04-road-features.geojson#feature-1389,0.0782,low,0.09632860972058435,0.14516607456240474,0.1827754359918185,0.20261278494103724
osm-13720920968-315746130-0,11671364|779815862,app/data/roads/jakarta-2025-03-04-road-features.geojson#feature-1390,0.0256,low,0.03195743069355565,0.04996387837799102,0.06477747501971957,0.07295125833443399
osm-13721019303-5671327267-0,11671364,app/data/roads/jakarta-2025-03-04-road-features.geojson#feature-1391,0.0915,low,0.1123361202718862,0.16778239700028388,0.20981300630223848,0.2317526717762617
osm-13721122640-13525649841-0,1498241832,app/data/roads/jakarta-2025-03-04-road-features.geojson#feature-1392,0.0193,low,0.024131653192771038,0.03790129912931444,0.04932418808393145,0.05566409648388736
osm-13734886233-1135179424-0,688635243,app/data/roads/jakarta-2025-03-04-road-features.geojson#feature-1393,0.0541,low,0.06704803198754365,0.10272813936331596,0.13102802034566213,0.14625414303186204
osm-13734886245-13734886233-0,688635243,app/data/roads/jakarta-2025-03-04-road-features.geojson#feature-1394,0.0408,low,0.050735610677559724,0.07846503043402536,0.10083196269267948,0.11300546938711592
osm-13734985431-5379957290-0,688635244,app/data/roads/jakarta-2025-03-04-road-features.geojson#feature-1395,0.065,low,0.08033522396133096,0.1221603512148407,0.15488938929410548,0.17233840789919389
osm-13734985443-4748308350-0,688635244,app/data/roads/jakarta-2025-03-04-road-features.geojson#feature-1396,0.0314,low,0.03913992954919668,0.06093860455489172,0.07873638473722079,0.08850485070595654
osm-13750328259-7120393905-0,654692998,app/data/roads/jakarta-2025-03-04-road-features.geojson#feature-1397,0.0467,low,0.05798552250904535,0.08930458789080917,0.11437789571523517,0.12795408826463592
osm-13752868692-2019635436-0,1301949425,app/data/roads/jakarta-2025-03-04-road-features.geojson#feature-1398,0.0649,low,0.08021365532285345,0.12198388509115247,0.15467397501218616,0.1721036681580963
osm-13771612756-9561798638-0,28851026,app/data/roads/jakarta-2025-03-04-road-features.geojson#feature-1399,0.0398,low,0.04950465895656374,0.07661560505257262,0.09851170378389543,0.11043949041075954
osm-13772607350-104379008-0,691270310|691270311,app/data/roads/jakarta-2025-03-04-road-features.geojson#feature-1400,0.0705,low,0.08701206422482591,0.13181513213228543,0.16663983508434857,0.18512262899631324
osm-13772607355-12583516441-0,1285607130,app/data/roads/jakarta-2025-03-04-road-features.geojson#feature-1401,0.0778,low,0.09584552194236504,0.14447722429803975,0.1819461050562144,0.20171566073314293
osm-13798957263-5388382567-0,687317713,app/data/roads/jakarta-2025-03-04-road-features.geojson#feature-1402,0.026,low,0.03245345709223001,0.0507247464688962,0.06574831795150905,0.074034906927757
osm-13827879018-13827879026-0,278788931,app/data/roads/jakarta-2025-03-04-road-features.geojson#feature-1403,0.1427,low,0.17297538148148842,0.24992477283710374,0.3049914495956644,0.33269335548723983
osm-13827879026-4780724425-0,278788931,app/data/roads/jakarta-2025-03-04-road-features.geojson#feature-1404,0.0652,low,0.08057834283412424,0.12251318389856194,0.1553200267491129,0.17280763871638227
osm-13828094473-5499209000-0,699886104,app/data/roads/jakarta-2025-03-04-road-features.geojson#feature-1405,0.0819,low,0.1007925683746861,0.1515137530884451,0.1904013618937153,0.2108528346286854
osm-13828209563-329967924-0,278788931,app/data/roads/jakarta-2025-03-04-road-features.geojson#feature-1406,0.0761,low,0.09379131399734172,0.14154388808591178,0.17841067779312247,0.19788901339800383
osm-13849518628-5374005699-0,761522995,app/data/roads/jakarta-2025-03-04-road-features.geojson#feature-1407,0.0567,low,0.07022410564400693,0.10739981459145305,0.13679046354480537,0.15256864286134858
osm-13849518632-4849427416-0,761522995,app/data/roads/jakarta-2025-03-04-road-features.geojson#feature-1408,0.0779,low,0.09596630299949503,0.14464948487267462,0.18215352806447377,0.20194005797286071
osm-13913580148-5377313967-0,557560277,app/data/roads/jakarta-2025-03-04-road-features.geojson#feature-1409,0.0894,low,0.10981571779855151,0.1642481712660121,0.20561217208949947,0.22723888996688088
osm-13913580150-13913580151-0,1526635907,app/data/roads/jakarta-2025-03-04-road-features.geojson#feature-1410,0.1158,low,0.14130895721965522,0.2077092997396956,0.2566572453245881,0.2817487360298519
osm-13913580151-5377313978-0,1526635908,app/data/roads/jakarta-2025-03-04-road-features.geojson#feature-1411,0.1018,low,0.1246597712138831,0.1849215318222303,0.2300587200089535,0.2534364332615545
osm-13914133217-13734985431-0,688635244,app/data/roads/jakarta-2025-03-04-road-features.geojson#feature-1412,0.0821,low,0.10103362700393964,0.15185563219675827,0.19081125499412904,0.21129526467818566
