segment_id,event_id,event_start,event_end,event_context,event_context_confidence,segment_length_meters,road_name,highway,osm_way_ids,u,v,key,buffer_radius_meters,minimum_clear_fraction,positive_exposure_fraction,source_resolution_class,corridor_area_square_meters,source_coverage_fraction,valid_observation_fraction,permanent_water_fraction,flood_exposed_fraction,flood_exposed_length_equivalent_meters,label,confidence,exclusion_reason
osm-10082667802-6330562646-0,DFO_3251_From_20080102_to_20080106,2008-01-02,2008-01-06,pilot_centroid,moderate,54.409,Jalan Denpasar Raya,tertiary,28194353,10082667802,6330562646,0,250,0.75,0.05,coarse-modis-250m,223299.983,0.965127,0.965127,0.0,0.0,0.0,negative,moderate,
osm-10090012698-9015877330-0,DFO_3251_From_20080102_to_20080106,2008-01-02,2008-01-06,pilot_centroid,moderate,40.036,Jalan Denpasar Raya,tertiary,28194353,10090012698,9015877330,0,250,0.75,0.05,coarse-modis-250m,216108.752,0.964111,0.964111,0.0,0.0,0.0,negative,moderate,
osm-10090309233-7570445358-0,DFO_3251_From_20080102_to_20080106,2008-01-02,2008-01-06,pilot_centroid,moderate,1.591,Jalan Profesor Doktor Satrio,primary,454203124,10090309233,7570445358,0,250,0.75,0.05,coarse-modis-250m,196873.964,0.786139,0.786139,0.0,0.0,0.0,unknown,excluded,insufficient_source_coverage
osm-10090309238-4507989466-0,DFO_3251_From_20080102_to_20080106,2008-01-02,2008-01-06,pilot_centroid,moderate,96.419,Jalan Profesor Doktor Satrio,primary,454203124,10090309238,4507989466,0,250,0.75,0.05,coarse-modis-250m,244315.742,0.768951,0.768951,0.0,0.0,0.0,unknown,excluded,insufficient_source_coverage
osm-10092530702-2589977444-0,DFO_3251_From_20080102_to_20080106,2008-01-02,2008-01-06,pilot_centroid,moderate,63.439,Jalan Profesor Doktor Satrio,primary,685545461,10092530702,2589977444,0,250,0.75,0.05,coarse-modis-250m,227816.328,0.227225,0.227225,0.0,0.0,0.0,unknown,excluded,insufficient_source_coverage
osm-10098494032-6366750161-0,DFO_3251_From_20080102_to_20080106,2008-01-02,2008-01-06,pilot_centroid,moderate,158.564,Jalan Letnan Jenderal Siswondo Parman,trunk,688087394,10098494032,6366750161,0,250,0.75,0.05,coarse-modis-250m,275409.701,0.970769,0.970769,0.0,0.0,0.0,negative,moderate,
osm-10132911307-2589974180-0,DFO_3251_From_20080102_to_20080106,2008-01-02,2008-01-06,pilot_centroid,moderate,32.775,Jalan Karet Pedurenan Raya,tertiary,28132208,10132911307,2589974180,0,250,0.75,0.05,coarse-modis-250m,212476.046,0.963716,0.963716,0.0,0.0,0.0,negative,moderate,
osm-103363767-1757800816-0,DFO_3251_From_20080102_to_20080106,2008-01-02,2008-01-06,pilot_centroid,moderate,28.666,Jalan Letnan Jenderal Siswondo Parman,trunk,688089186,103363767,1757800816,0,250,0.75,0.05,coarse-modis-250m,210420.052,0.963231,0.963231,0.0,0.0,0.0,negative,moderate,
osm-104356356-13456652649-0,DFO_3251_From_20080102_to_20080106,2008-01-02,2008-01-06,pilot_centroid,moderate,73.169,Jalan Letnan Jenderal Siswondo Parman,trunk,560008548,104356356,13456652649,0,250,0.75,0.05,coarse-modis-250m,232685.53,0.966259,0.966259,0.0,0.0,0.0,negative,moderate,
osm-104356359-9491482902-0,DFO_3251_From_20080102_to_20080106,2008-01-02,2008-01-06,pilot_centroid,moderate,30.169,Jalan Letnan Jenderal Siswondo Parman,trunk,560008548,104356359,9491482902,0,250,0.75,0.05,coarse-modis-250m,211172.305,0.963368,0.963368,0.0,0.0,0.0,negative,moderate,
osm-104363249-4886801320-0,DFO_3251_From_20080102_to_20080106,2008-01-02,2008-01-06,pilot_centroid,moderate,25.737,Jalan Kebon Sirih,primary,497048630|755135606,104363249,4886801320,0,250,0.75,0.05,coarse-modis-250m,208952.604,0.962871,0.962871,0.0,0.0,0.0,negative,moderate,
osm-104364332-6359768001-0,DFO_3251_From_20080102_to_20080106,2008-01-02,2008-01-06,pilot_centroid,moderate,9.315,Jalan Kyai Caringin,primary,530465210,104364332,6359768001,0,250,0.75,0.05,coarse-modis-250m,200738.788,0.962331,0.962331,0.0,0.0,0.0,negative,moderate,
osm-104364332-6359768003-0,DFO_3251_From_20080102_to_20080106,2008-01-02,2008-01-06,pilot_centroid,moderate,62.361,Jalan Biak,secondary,679178011,104364332,6359768003,0,250,0.75,0.05,coarse-modis-250m,227272.507,0.965648,0.965648,0.0,0.0,0.0,negative,moderate,
osm-104364334-318097259-0,DFO_3251_From_20080102_to_20080106,2008-01-02,2008-01-06,pilot_centroid,moderate,148.177,Jalan Balikpapan Raya,primary,1502540546|761801757|28706686,104364334,318097259,0,250,0.75,0.05,coarse-modis-250m,270211.026,0.970354,0.970354,0.0,0.0,0.0,negative,moderate,
osm-104364335-13623841217-0,DFO_3251_From_20080102_to_20080106,2008-01-02,2008-01-06,pilot_centroid,moderate,59.856,Jalan Suryopranoto,primary,1116757145|1502544631,104364335,13623841217,0,250,0.75,0.05,coarse-modis-250m,226025.006,0.965473,0.965473,0.0,0.0,0.0,negative,moderate,
osm-104366006-8796979647-0,DFO_3251_From_20080102_to_20080106,2008-01-02,2008-01-06,pilot_centroid,moderate,143.704,Jalan Insinyur Haji Juanda,secondary,696175331,104366006,8796979647,0,250,0.75,0.05,coarse-modis-250m,267974.509,0.970355,0.970355,0.0,0.0,0.0,negative,moderate,
osm-104366013-191505885-0,DFO_3251_From_20080102_to_20080106,2008-01-02,2008-01-06,pilot_centroid,moderate,32.396,Jalan Insinyur Haji Juanda,secondary,762042490,104366013,191505885,0,250,0.75,0.05,coarse-modis-250m,212286.506,0.963473,0.963473,0.0,0.0,0.0,negative,moderate,
osm-104367576-13720920968-0,DFO_3251_From_20080102_to_20080106,2008-01-02,2008-01-06,pilot_centroid,moderate,18.943,Jalan Pasar Senen,primary,779815862,104367576,13720920968,0,250,0.75,0.05,coarse-modis-250m,205555.409,0.962468,0.962468,0.0,0.0,0.0,negative,moderate,
osm-104367971-5006647254-0,DFO_3251_From_20080102_to_20080106,2008-01-02,2008-01-06,pilot_centroid,moderate,79.47,Jalan Letnan Jenderal Suprapto,primary,1179916176|724007426|560887461|1156825607,104367971,5006647254,0,250,0.75,0.05,coarse-modis-250m,235831.18,0.966613,0.966613,0.0,0.0,0.0,negative,moderate,
osm-104369586-8992056526-0,DFO_3251_From_20080102_to_20080106,2008-01-02,2008-01-06,pilot_centroid,moderate,15.028,Jalan Kramat Kwitang,primary,28216524,104369586,8992056526,0,250,0.75,0.05,coarse-modis-250m,203596.782,0.962005,0.962005,0.0,0.0,0.0,negative,moderate,
osm-104379008-9619896326-0,DFO_3251_From_20080102_to_20080106,2008-01-02,2008-01-06,pilot_centroid,moderate,54.8,Jalan Jatinegara Timur,primary,11671655,104379008,9619896326,0,250,0.75,0.05,coarse-modis-250m,223495.541,0.965016,0.965016,0.0,0.0,0.0,negative,moderate,
osm-104379010-13016877290-0,DFO_3251_From_20080102_to_20080106,2008-01-02,2008-01-06,pilot_centroid,moderate,41.885,Jalan Jatinegara Timur,primary,11671655,104379010,13016877290,0,250,0.75,0.05,coarse-modis-250m,217034.005,0.964129,0.964129,0.0,0.0,0.0,negative,moderate,
osm-104379014-4780597176-0,DFO_3251_From_20080102_to_20080106,2008-01-02,2008-01-06,pilot_centroid,moderate,32.664,Jalan Otto Iskandar Dinata,primary,691253235,104379014,4780597176,0,250,0.75,0.05,coarse-modis-250m,212413.398,0.963518,0.963518,0.0,0.0,0.0,negative,moderate,
osm-104379022-2872136862-0,DFO_3251_From_20080102_to_20080106,2008-01-02,2008-01-06,pilot_centroid,moderate,49.296,Jalan Otto Iskandar Dinata,primary,28765421,104379022,2872136862,0,250,0.75,0.05,coarse-modis-250m,220741.749,0.964684,0.964684,0.0,0.0,0.0,negative,moderate,
osm-104379024-5379957272-0,DFO_3251_From_20080102_to_20080106,2008-01-02,2008-01-06,pilot_centroid,moderate,62.452,Jalan Otto Iskandar Dinata,primary,28765421,104379024,5379957272,0,250,0.75,0.05,coarse-modis-250m,227323.864,0.965712,0.965712,0.0,0.0,0.0,negative,moderate,
osm-10599212863-4746451656-0,DFO_3251_From_20080102_to_20080106,2008-01-02,2008-01-06,pilot_centroid,moderate,11.797,Jalan Cipinang Indah 2,tertiary,765866693,10599212863,4746451656,0,250,0.75,0.05,coarse-modis-250m,201432.479,0.969,0.969,0.0,0.0,0.0,negative,moderate,
osm-10654460939-6430186685-0,DFO_3251_From_20080102_to_20080106,2008-01-02,2008-01-06,pilot_centroid,moderate,26.025,Unnamed OSM road,secondary_link,1144693057,10654460939,6430186685,0,250,0.75,0.05,coarse-modis-250m,208858.47,0.965456,0.965456,0.0,0.0,0.0,negative,moderate,
osm-10732635788-6322395881-0,DFO_3251_From_20080102_to_20080106,2008-01-02,2008-01-06,pilot_centroid,moderate,42.092,Jalan Pangeran Jayakarta,secondary,1281346440,10732635788,6322395881,0,250,0.75,0.05,coarse-modis-250m,217137.23,0.964168,0.964168,0.0,0.0,0.0,negative,moderate,
osm-10758010539-7120410546-0,DFO_3251_From_20080102_to_20080106,2008-01-02,2008-01-06,pilot_centroid,moderate,20.467,Jalan Gunung Sahari Raya,primary,711241492,10758010539,7120410546,0,250,0.75,0.05,coarse-modis-250m,206317.83,0.962585,0.962585,0.0,0.0,0.0,negative,moderate,
osm-10788400699-317349873-0,DFO_3251_From_20080102_to_20080106,2008-01-02,2008-01-06,pilot_centroid,moderate,13.315,Jalan Yos Sudarso,trunk,496592226,10788400699,317349873,0,250,0.75,0.05,coarse-modis-250m,202739.969,0.961986,0.961986,0.0,0.0,0.0,negative,moderate,
osm-11039838816-6332686273-0,DFO_3251_From_20080102_to_20080106,2008-01-02,2008-01-06,pilot_centroid,moderate,686.312,Jalan Jatinegara Timur,primary,229358585|28765425|191377542|691270311,11039838816,6332686273,0,250,0.75,0.05,coarse-modis-250m,539035.458,0.982934,0.982934,0.0,0.0,0.0,negative,moderate,
osm-11052325987-7026798812-0,DFO_3251_From_20080102_to_20080106,2008-01-02,2008-01-06,pilot_centroid,moderate,55.865,Jalan Inspeksi Tarum Barat,primary,751672117,11052325987,7026798812,0,250,0.75,0.05,coarse-modis-250m,224017.244,0.965474,0.965474,0.0,0.0,0.0,negative,moderate,
osm-11076463250-13108442428-0,DFO_3251_From_20080102_to_20080106,2008-01-02,2008-01-06,pilot_centroid,moderate,94.616,Jalan Kramat Kwitang,primary,766126376|766126375,11076463250,13108442428,0,250,0.75,0.05,coarse-modis-250m,243410.911,0.967629,0.967629,0.0,0.0,0.0,negative,moderate,
osm-11166256394-5549685553-0,DFO_3251_From_20080102_to_20080106,2008-01-02,2008-01-06,pilot_centroid,moderate,30.143,Jalan Pangeran Jayakarta,secondary,1204814108,11166256394,5549685553,0,250,0.75,0.05,coarse-modis-250m,211158.943,0.963312,0.963312,0.0,0.0,0.0,negative,moderate,
osm-11199436896-104367576-0,DFO_3251_From_20080102_to_20080106,2008-01-02,2008-01-06,pilot_centroid,moderate,125.186,Jalan Gunung Sahari Raya,primary,631760994|711241491,11199436896,104367576,0,250,0.75,0.05,coarse-modis-250m,258710.577,0.969207,0.969207,0.0,0.0,0.0,negative,moderate,
osm-11237483569-7120502855-0,DFO_3251_From_20080102_to_20080106,2008-01-02,2008-01-06,pilot_centroid,moderate,33.265,Jalan Kramat Raya,primary,758051339,11237483569,7120502855,0,250,0.75,0.05,coarse-modis-250m,212721.096,0.963568,0.963568,0.0,0.0,0.0,negative,moderate,
osm-11237483572-11237483569-0,DFO_3251_From_20080102_to_20080106,2008-01-02,2008-01-06,pilot_centroid,moderate,27.168,Jalan Kramat Raya,primary,758051339,11237483572,11237483569,0,250,0.75,0.05,coarse-modis-250m,209670.501,0.963207,0.963207,0.0,0.0,0.0,negative,moderate,
osm-11246996071-5374282375-0,DFO_3251_From_20080102_to_20080106,2008-01-02,2008-01-06,pilot_centroid,moderate,2.467,Jalan Pasar Senen,primary,11671364,11246996071,5374282375,0,250,0.75,0.05,coarse-modis-250m,197312.531,0.961066,0.961066,0.0,0.0,0.0,negative,moderate,
osm-11299364776-5421851682-0,DFO_3251_From_20080102_to_20080106,2008-01-02,2008-01-06,pilot_centroid,moderate,146.656,Jalan Bekasi Raya,trunk,764298933,11299364776,5421851682,0,250,0.75,0.05,coarse-modis-250m,269452.417,0.970166,0.970166,0.0,0.0,0.0,negative,moderate,
osm-11299364777-11299364778-0,DFO_3251_From_20080102_to_20080106,2008-01-02,2008-01-06,pilot_centroid,moderate,56.232,Jalan Bekasi Raya,trunk,764298933,11299364777,11299364778,0,250,0.75,0.05,coarse-modis-250m,224211.738,0.965065,0.965065,0.0,0.0,0.0,negative,moderate,
osm-11299364778-11299364776-0,DFO_3251_From_20080102_to_20080106,2008-01-02,2008-01-06,pilot_centroid,moderate,67.274,Jalan Bekasi Raya,trunk,764298933,11299364778,11299364776,0,250,0.75,0.05,coarse-modis-250m,229736.467,0.965907,0.965907,0.0,0.0,0.0,negative,moderate,
osm-11299364779-11299364777-0,DFO_3251_From_20080102_to_20080106,2008-01-02,2008-01-06,pilot_centroid,moderate,82.112,Jalan Bekasi Raya,trunk,764298933,11299364779,11299364777,0,250,0.75,0.05,coarse-modis-250m,237160.001,0.966878,0.966878,0.0,0.0,0.0,negative,moderate,
osm-11329756328-7226592293-0,DFO_3251_From_20080102_to_20080106,2008-01-02,2008-01-06,pilot_centroid,moderate,13.655,Jalan Pemuda,primary,763467199,11329756328,7226592293,0,250,0.75,0.05,coarse-modis-250m,202909.997,0.961993,0.961993,0.0,0.0,0.0,negative,moderate,
osm-1133343792-1133343793-0,DFO_3251_From_20080102_to_20080106,2008-01-02,2008-01-06,pilot_centroid,moderate,99.546,Jalan Cipinang Cempedak,residential,487580431,1133343792,1133343793,0,250,0.75,0.05,coarse-modis-250m,245881.219,0.967868,0.967868,0.0,0.0,0.0,negative,moderate,
osm-1133343793-1135179313-0,DFO_3251_From_20080102_to_20080106,2008-01-02,2008-01-06,pilot_centroid,moderate,85.151,Jalan Cipinang Cempedak III,tertiary,591927661,1133343793,1135179313,0,250,0.75,0.05,coarse-modis-250m,238680.454,0.967015,0.967015,0.0,0.0,0.0,negative,moderate,
osm-1133343805-1133343793-0,DFO_3251_From_20080102_to_20080106,2008-01-02,2008-01-06,pilot_centroid,moderate,172.743,Jalan Cipinang Cempedak IV,tertiary,1113173339,1133343805,1133343793,0,250,0.75,0.05,coarse-modis-250m,282502.837,0.971385,0.971385,0.0,0.0,0.0,negative,moderate,
osm-1133676103-1334087929-0,DFO_3251_From_20080102_to_20080106,2008-01-02,2008-01-06,pilot_centroid,moderate,384.195,Jalan Jenderal Basuki Rahmat,primary,28851254,1133676103,1334087929,0,250,0.75,0.05,coarse-modis-250m,388177.333,0.978119,0.978119,0.0,0.0,0.0,negative,moderate,
osm-1133676112-1133676103-0,DFO_3251_From_20080102_to_20080106,2008-01-02,2008-01-06,pilot_centroid,moderate,248.128,Jalan Jenderal Basuki Rahmat,primary,493859848|1323082163|28851254,1133676112,1133676103,0,250,0.75,0.05,coarse-modis-250m,320143.166,0.974137,0.974137,0.0,0.0,0.0,negative,moderate,
osm-1133676115-1133676116-0,DFO_3251_From_20080102_to_20080106,2008-01-02,2008-01-06,pilot_centroid,moderate,47.632,Jalan Cipinang Indah 2,tertiary,737509446,1133676115,1133676116,0,250,0.75,0.05,coarse-modis-250m,219909.306,0.964567,0.964567,0.0,0.0,0.0,negative,moderate,
osm-1133676116-5391402284-0,DFO_3251_From_20080102_to_20080106,2008-01-02,2008-01-06,pilot_centroid,moderate,53.512,Jalan Cipinang Indah Raya,tertiary,737508241|574359955|491550931|686615431,1133676116,5391402284,0,250,0.75,0.05,coarse-modis-250m,222836.125,0.965083,0.965083,0.0,0.0,0.0,negative,moderate,
osm-1133676128-1133807077-0,DFO_3251_From_20080102_to_20080106,2008-01-02,2008-01-06,pilot_centroid,moderate,36.097,Jalan Cipinang Indah Raya,tertiary,737508241,1133676128,1133807077,0,250,0.75,0.05,coarse-modis-250m,214137.494,0.963722,0.963722,0.0,0.0,0.0,negative,moderate,
osm-1133806969-1133807093-0,DFO_3251_From_20080102_to_20080106,2008-01-02,2008-01-06,pilot_centroid,moderate,94.177,Jalan Cipinang Indah I,tertiary,1238777272,1133806969,1133807093,0,250,0.75,0.05,coarse-modis-250m,243146.812,0.968122,0.968122,0.0,0.0,0.0,negative,moderate,
osm-1133806993-11455806150-0,DFO_3251_From_20080102_to_20080106,2008-01-02,2008-01-06,pilot_centroid,moderate,64.336,Jalan Cipinang Indah I,tertiary,1238777272,1133806993,11455806150,0,250,0.75,0.05,coarse-modis-250m,228266.349,0.965943,0.965943,0.0,0.0,0.0,negative,moderate,
osm-1133807009-1133806993-0,DFO_3251_From_20080102_to_20080106,2008-01-02,2008-01-06,pilot_centroid,moderate,10.179,Jalan Cipinang Indah Raya,tertiary,1288931176,1133807009,1133806993,0,250,0.75,0.05,coarse-modis-250m,201170.734,0.961349,0.961349,0.0,0.0,0.0,negative,moderate,
osm-1133807034-1133806969-0,DFO_3251_From_20080102_to_20080106,2008-01-02,2008-01-06,pilot_centroid,moderate,194.546,Jalan Cipinang Indah I,tertiary,1238777272,1133807034,1133806969,0,250,0.75,0.05,coarse-modis-250m,293408.206,0.97234,0.97234,0.0,0.0,0.0,negative,moderate,
osm-1133807052-1133676128-0,DFO_3251_From_20080102_to_20080106,2008-01-02,2008-01-06,pilot_centroid,moderate,35.901,Jalan Cipinang Indah Raya,tertiary,737508241,1133807052,1133676128,0,250,0.75,0.05,coarse-modis-250m,214032.242,0.96488,0.96488,0.0,0.0,0.0,negative,moderate,
osm-1133807065-1133807009-0,DFO_3251_From_20080102_to_20080106,2008-01-02,2008-01-06,pilot_centroid,moderate,50.706,Jalan Cipinang Indah Raya,tertiary,737508241,1133807065,1133807009,0,250,0.75,0.05,coarse-modis-250m,221446.869,0.964808,0.964808,0.0,0.0,0.0,negative,moderate,
osm-1133807077-9642343610-0,DFO_3251_From_20080102_to_20080106,2008-01-02,2008-01-06,pilot_centroid,moderate,8.108,Jalan Cipinang Indah Raya,tertiary,737508241,1133807077,9642343610,0,250,0.75,0.05,coarse-modis-250m,200134.542,0.961538,0.961538,0.0,0.0,0.0,negative,moderate,
osm-1133807089-1133807052-0,DFO_3251_From_20080102_to_20080106,2008-01-02,2008-01-06,pilot_centroid,moderate,41.379,Jalan Cipinang Indah Raya,tertiary,737508241,1133807089,1133807052,0,250,0.75,0.05,coarse-modis-250m,216780.823,0.964207,0.964207,0.0,0.0,0.0,negative,moderate,
osm-1133807093-5513424002-0,DFO_3251_From_20080102_to_20080106,2008-01-02,2008-01-06,pilot_centroid,moderate,42.756,Jalan Cipinang Indah I,tertiary,1238777272|1238777273|98075001,1133807093,5513424002,0,250,0.75,0.05,coarse-modis-250m,217468.337,0.964614,0.964614,0.0,0.0,0.0,negative,moderate,
osm-1134908642-5010888460-0,DFO_3251_From_20080102_to_20080106,2008-01-02,2008-01-06,pilot_centroid,moderate,102.85,Jalan Laksamana Malahayati,primary,754986923,1134908642,5010888460,0,250,0.75,0.05,coarse-modis-250m,247535.548,0.968371,0.968371,0.0,0.0,0.0,negative,moderate,
osm-1134953472-1133676115-0,DFO_3251_From_20080102_to_20080106,2008-01-02,2008-01-06,pilot_centroid,moderate,126.898,Jalan Cipinang Indah 2,tertiary,737509446,1134953472,1133676115,0,250,0.75,0.05,coarse-modis-250m,259548.293,0.969225,0.969225,0.0,0.0,0.0,negative,moderate,
osm-11350075105-5372018448-0,DFO_3251_From_20080102_to_20080106,2008-01-02,2008-01-06,pilot_centroid,moderate,37.739,Jalan Insinyur Haji Juanda,secondary,696175332,11350075105,5372018448,0,250,0.75,0.05,coarse-modis-250m,214959.623,0.963964,0.963964,0.0,0.0,0.0,negative,moderate,
osm-1135179313-1135179348-0,DFO_3251_From_20080102_to_20080106,2008-01-02,2008-01-06,pilot_centroid,moderate,96.954,Jalan Cipinang Cempedak II,tertiary,98090598,1135179313,1135179348,0,250,0.75,0.05,coarse-modis-250m,244585.265,0.967498,0.967498,0.0,0.0,0.0,negative,moderate,
osm-1135179348-4666246417-0,DFO_3251_From_20080102_to_20080106,2008-01-02,2008-01-06,pilot_centroid,moderate,9.529,Jalan Cipinang Cempedak II,tertiary,98090598,1135179348,4666246417,0,250,0.75,0.05,coarse-modis-250m,200845.742,0.96182,0.96182,0.0,0.0,0.0,negative,moderate,
osm-1135179379-7229469661-0,DFO_3251_From_20080102_to_20080106,2008-01-02,2008-01-06,pilot_centroid,moderate,37.61,Jalan Cipinang Cempedak,tertiary,484862899,1135179379,7229469661,0,250,0.75,0.05,coarse-modis-250m,214895.163,0.963837,0.963837,0.0,0.0,0.0,negative,moderate,
osm-1135179404-4800316713-0,DFO_3251_From_20080102_to_20080106,2008-01-02,2008-01-06,pilot_centroid,moderate,81.572,Jalan Cipinang Cempedak I,tertiary,98090600,1135179404,4800316713,0,250,0.75,0.05,coarse-modis-250m,235240.593,0.967898,0.967898,0.0,0.0,0.0,negative,moderate,
osm-1135179421-13734886245-0,DFO_3251_From_20080102_to_20080106,2008-01-02,2008-01-06,pilot_centroid,moderate,6.239,Jalan Cipinang Cempedak I,tertiary,688635243,1135179421,13734886245,0,250,0.75,0.05,coarse-modis-250m,199199.441,0.961373,0.961373,0.0,0.0,0.0,negative,moderate,
osm-1135179424-13914133217-0,DFO_3251_From_20080102_to_20080106,2008-01-02,2008-01-06,pilot_centroid,moderate,5.251,Jalan Cipinang Cempedak I,tertiary,688635244,1135179424,13914133217,0,250,0.75,0.05,coarse-modis-250m,198705.191,0.961204,0.961204,0.0,0.0,0.0,negative,moderate,
osm-1135190117-1138828395-0,DFO_3251_From_20080102_to_20080106,2008-01-02,2008-01-06,pilot_centroid,moderate,226.26,Jalan D. I. Panjaitan,trunk,98454555|1289409516,1135190117,1138828395,0,250,0.75,0.05,coarse-modis-250m,309256.857,0.973381,0.973381,0.0,0.0,0.0,negative,moderate,
osm-1135601912-5498027349-0,DFO_3251_From_20080102_to_20080106,2008-01-02,2008-01-06,pilot_centroid,moderate,33.226,Jalan Kalimalang,primary,98087417,1135601912,5498027349,0,250,0.75,0.05,coarse-modis-250m,212701.596,0.963758,0.963758,0.0,0.0,0.0,negative,moderate,
osm-11384905237-4507955830-0,DFO_3251_From_20080102_to_20080106,2008-01-02,2008-01-06,pilot_centroid,moderate,25.857,Jalan Profesor Doktor Satrio,primary,685550351,11384905237,4507955830,0,250,0.75,0.05,coarse-modis-250m,209014.635,0.73529,0.73529,0.0,0.0,0.0,unknown,excluded,insufficient_source_coverage
osm-1138828395-316486288-0,DFO_3251_From_20080102_to_20080106,2008-01-02,2008-01-06,pilot_centroid,moderate,148.942,Jalan D. I. Panjaitan,trunk,1331515352|1331515351,1138828395,316486288,0,250,0.75,0.05,coarse-modis-250m,270595.407,0.970399,0.970399,0.0,0.0,0.0,negative,moderate,
osm-11388847775-6801763173-0,DFO_3251_From_20080102_to_20080106,2008-01-02,2008-01-06,pilot_centroid,moderate,27.799,Unnamed OSM road,service,776122194,11388847775,6801763173,0,250,0.75,0.05,coarse-modis-250m,209939.093,0.967107,0.967107,0.0,0.0,0.0,negative,moderate,
osm-11388847776-11388847775-0,DFO_3251_From_20080102_to_20080106,2008-01-02,2008-01-06,pilot_centroid,moderate,61.184,Unnamed OSM road,service,776122194,11388847776,11388847775,0,250,0.75,0.05,coarse-modis-250m,226689.416,0.965521,0.965521,0.0,0.0,0.0,negative,moderate,
osm-1139139728-7260196327-0,DFO_3251_From_20080102_to_20080106,2008-01-02,2008-01-06,pilot_centroid,moderate,52.205,Jalan Letnan Jenderal MT Haryono,trunk,1235335428,1139139728,7260196327,0,250,0.75,0.05,coarse-modis-250m,222190.655,0.964993,0.964993,0.0,0.0,0.0,negative,moderate,
osm-1139139742-7260204106-0,DFO_3251_From_20080102_to_20080106,2008-01-02,2008-01-06,pilot_centroid,moderate,20.07,Jalan Letnan Jenderal MT Haryono,trunk,749966273,1139139742,7260204106,0,250,0.75,0.05,coarse-modis-250m,206119.435,0.962432,0.962432,0.0,0.0,0.0,negative,moderate,
osm-1139140184-95006360-0,DFO_3251_From_20080102_to_20080106,2008-01-02,2008-01-06,pilot_centroid,moderate,29.076,Jalan Letnan Jenderal MT Haryono,trunk,749966273,1139140184,95006360,0,250,0.75,0.05,coarse-modis-250m,210625.086,0.963192,0.963192,0.0,0.0,0.0,negative,moderate,
osm-1139156749-5492419221-0,DFO_3251_From_20080102_to_20080106,2008-01-02,2008-01-06,pilot_centroid,moderate,64.158,Jalan Letnan Jenderal MT Haryono,trunk,760233040,1139156749,5492419221,0,250,0.75,0.05,coarse-modis-250m,228172.002,0.965693,0.965693,0.0,0.0,0.0,negative,moderate,
osm-11395329908-5680696059-0,DFO_3251_From_20080102_to_20080106,2008-01-02,2008-01-06,pilot_centroid,moderate,32.74,Jalan Kramat Kwitang,primary,458897450|458897451,11395329908,5680696059,0,250,0.75,0.05,coarse-modis-250m,212458.07,0.963413,0.963413,0.0,0.0,0.0,negative,moderate,
osm-11399827589-4848734475-0,DFO_3251_From_20080102_to_20080106,2008-01-02,2008-01-06,pilot_centroid,moderate,89.734,Jalan Letnan Jenderal MT Haryono,trunk,98454566,11399827589,4848734475,0,250,0.75,0.05,coarse-modis-250m,240972.687,0.967456,0.967456,0.0,0.0,0.0,negative,moderate,
osm-11413710169-5380113830-0,DFO_3251_From_20080102_to_20080106,2008-01-02,2008-01-06,pilot_centroid,moderate,3.151,Jalan Pemuda,primary,975979296,11413710169,5380113830,0,250,0.75,0.05,coarse-modis-250m,197654.462,0.961029,0.961029,0.0,0.0,0.0,negative,moderate,
osm-11438846310-12599546837-0,DFO_3251_From_20080102_to_20080106,2008-01-02,2008-01-06,pilot_centroid,moderate,53.877,Jalan Letnan Jenderal Siswondo Parman,trunk,1220173370,11438846310,12599546837,0,250,0.75,0.05,coarse-modis-250m,223033.549,0.964998,0.964998,0.0,0.0,0.0,negative,moderate,
osm-11445322163-5498027298-0,DFO_3251_From_20080102_to_20080106,2008-01-02,2008-01-06,pilot_centroid,moderate,26.926,Jalan Inspeksi Tarum Barat,primary,572251879,11445322163,5498027298,0,250,0.75,0.05,coarse-modis-250m,209516.674,0.963836,0.963836,0.0,0.0,0.0,negative,moderate,
osm-11455806150-1133807034-0,DFO_3251_From_20080102_to_20080106,2008-01-02,2008-01-06,pilot_centroid,moderate,1.8,Jalan Cipinang Indah I,tertiary,1238777272,11455806150,1133807034,0,250,0.75,0.05,coarse-modis-250m,196978.808,0.960908,0.960908,0.0,0.0,0.0,negative,moderate,
osm-11467500634-11399827589-0,DFO_3251_From_20080102_to_20080106,2008-01-02,2008-01-06,pilot_centroid,moderate,82.311,Jalan Letnan Jenderal MT Haryono,trunk,98454566,11467500634,11399827589,0,250,0.75,0.05,coarse-modis-250m,237251.171,0.967,0.967,0.0,0.0,0.0,negative,moderate,
osm-11477683648-186871952-0,DFO_3251_From_20080102_to_20080106,2008-01-02,2008-01-06,pilot_centroid,moderate,37.639,Jalan Jatibaru,primary,556957356,11477683648,186871952,0,250,0.75,0.05,coarse-modis-250m,214898.081,0.964361,0.964361,0.0,0.0,0.0,negative,moderate,
osm-11477683650-11477683648-0,DFO_3251_From_20080102_to_20080106,2008-01-02,2008-01-06,pilot_centroid,moderate,12.172,Jalan Jatibaru,primary,556957356,11477683650,11477683648,0,250,0.75,0.05,coarse-modis-250m,202167.735,0.961735,0.961735,0.0,0.0,0.0,negative,moderate,
osm-11484348759-11484348761-0,DFO_3251_From_20080102_to_20080106,2008-01-02,2008-01-06,pilot_centroid,moderate,8.762,Unnamed OSM road,trunk_link,1236754677,11484348759,11484348761,0,250,0.75,0.05,coarse-modis-250m,200461.941,0.96178,0.96178,0.0,0.0,0.0,negative,moderate,
osm-11484348761-4637530511-0,DFO_3251_From_20080102_to_20080106,2008-01-02,2008-01-06,pilot_centroid,moderate,12.681,Jalan Jenderal Gatot Subroto,primary,28229340,11484348761,4637530511,0,250,0.75,0.05,coarse-modis-250m,202422.887,0.961813,0.961813,0.0,0.0,0.0,negative,moderate,
osm-11492431708-1321228510-0,DFO_3251_From_20080102_to_20080106,2008-01-02,2008-01-06,pilot_centroid,moderate,64.709,Jalan Bumi Raya,residential,725268263,11492431708,1321228510,0,250,0.75,0.05,coarse-modis-250m,228452.586,0.965683,0.965683,0.0,0.0,0.0,negative,moderate,
osm-11501464546-7149726253-0,DFO_3251_From_20080102_to_20080106,2008-01-02,2008-01-06,pilot_centroid,moderate,58.142,Jalan Bekasi Raya,trunk,1238180042,11501464546,7149726253,0,250,0.75,0.05,coarse-modis-250m,225157.385,0.965114,0.965114,0.0,0.0,0.0,negative,moderate,
osm-11501464552-11501464546-0,DFO_3251_From_20080102_to_20080106,2008-01-02,2008-01-06,pilot_centroid,moderate,12.708,Jalan Bekasi Raya,trunk,1238180042,11501464552,11501464546,0,250,0.75,0.05,coarse-modis-250m,202436.095,0.961853,0.961853,0.0,0.0,0.0,negative,moderate,
osm-11501464552-5489964736-0,DFO_3251_From_20080102_to_20080106,2008-01-02,2008-01-06,pilot_centroid,moderate,4.208,Jalan Dokter KRT Radjiman Widyodiningrat,primary,1238183825,11501464552,5489964736,0,250,0.75,0.05,coarse-modis-250m,198183.423,0.96135,0.96135,0.0,0.0,0.0,negative,moderate,
osm-11501464554-11501464552-0,DFO_3251_From_20080102_to_20080106,2008-01-02,2008-01-06,pilot_centroid,moderate,67.335,Jalan Bekasi Raya,trunk,1238180042,11501464554,11501464552,0,250,0.75,0.05,coarse-modis-250m,229723.161,0.966569,0.966569,0.0,0.0,0.0,negative,moderate,
osm-11501464554-5489964736-0,DFO_3251_From_20080102_to_20080106,2008-01-02,2008-01-06,pilot_centroid,moderate,66.793,Jalan Bekasi Raya,trunk,688714752,11501464554,5489964736,0,250,0.75,0.05,coarse-modis-250m,229495.212,0.965904,0.965904,0.0,0.0,0.0,negative,moderate,
osm-11503395360-5372153126-0,DFO_3251_From_20080102_to_20080106,2008-01-02,2008-01-06,pilot_centroid,moderate,3.744,Jalan Letnan Jenderal Siswondo Parman,trunk,560008548,11503395360,5372153126,0,250,0.75,0.05,coarse-modis-250m,197951.242,0.961151,0.961151,0.0,0.0,0.0,negative,moderate,
osm-1150900577-12825987637-0,DFO_3251_From_20080102_to_20080106,2008-01-02,2008-01-06,pilot_centroid,moderate,50.743,Jalan Yos Sudarso,trunk,686023685|686023686|562374711,1150900577,12825987637,0,250,0.75,0.05,coarse-modis-250m,221464.782,0.964904,0.964904,0.0,0.0,0.0,negative,moderate,
osm-11542695776-12194080646-0,DFO_3251_From_20080102_to_20080106,2008-01-02,2008-01-06,pilot_centroid,moderate,5.38,Jalan Kramat Kwitang,primary,724274749,11542695776,12194080646,0,250,0.75,0.05,coarse-modis-250m,198769.659,0.961275,0.961275,0.0,0.0,0.0,negative,moderate,
osm-1161321036-316374594-0,DFO_3251_From_20080102_to_20080106,2008-01-02,2008-01-06,pilot_centroid,moderate,29.636,Jalan Tanah Tinggi Barat,primary,28773409,1161321036,316374594,0,250,0.75,0.05,coarse-modis-250m,210905.268,0.963318,0.963318,0.0,0.0,0.0,negative,moderate,
osm-1163404589-7156322369-0,DFO_3251_From_20080102_to_20080106,2008-01-02,2008-01-06,pilot_centroid,moderate,201.584,Jalan Tanah Tinggi Barat,primary,745207256|766221966,1163404589,7156322369,0,250,0.75,0.05,coarse-modis-250m,296933.512,0.972564,0.972564,0.0,0.0,0.0,negative,moderate,
osm-1163404618-7120383655-0,DFO_3251_From_20080102_to_20080106,2008-01-02,2008-01-06,pilot_centroid,moderate,49.695,Jalan Gunung Sahari Raya,primary,762101021,1163404618,7120383655,0,250,0.75,0.05,coarse-modis-250m,220941.442,0.964702,0.964702,0.0,0.0,0.0,negative,moderate,
osm-1163404654-316374585-0,DFO_3251_From_20080102_to_20080106,2008-01-02,2008-01-06,pilot_centroid,moderate,40.359,Jalan Letnan Jenderal Suprapto,primary,755340964,1163404654,316374585,0,250,0.75,0.05,coarse-modis-250m,216270.322,0.963734,0.963734,0.0,0.0,0.0,negative,moderate,
osm-1173954328-1174754069-0,DFO_3251_From_20080102_to_20080106,2008-01-02,2008-01-06,pilot_centroid,moderate,88.342,Jalan Garuda,secondary,37018609,1173954328,1174754069,0,250,0.75,0.05,coarse-modis-250m,240276.715,0.96714,0.96714,0.0,0.0,0.0,negative,moderate,
osm-1173954346-13653307691-0,DFO_3251_From_20080102_to_20080106,2008-01-02,2008-01-06,pilot_centroid,moderate,100.16,Jalan Garuda,secondary,37018609,1173954346,13653307691,0,250,0.75,0.05,coarse-modis-250m,246189.309,0.967898,0.967898,0.0,0.0,0.0,negative,moderate,
osm-1174754069-29939144-0,DFO_3251_From_20080102_to_20080106,2008-01-02,2008-01-06,pilot_centroid,moderate,49.844,Jalan Garuda,secondary,37018609,1174754069,29939144,0,250,0.75,0.05,coarse-modis-250m,221015.885,0.964704,0.964704,0.0,0.0,0.0,negative,moderate,
osm-1174777687-5065375426-0,DFO_3251_From_20080102_to_20080106,2008-01-02,2008-01-06,pilot_centroid,moderate,134.541,Jalan Garuda,secondary,37018609,1174777687,5065375426,0,250,0.75,0.05,coarse-modis-250m,263387.715,0.969658,0.969658,0.0,0.0,0.0,negative,moderate,
osm-11899737707-104379014-0,DFO_3251_From_20080102_to_20080106,2008-01-02,2008-01-06,pilot_centroid,moderate,73.806,Jalan Jatinegara Timur,primary,1186136755|691270309,11899737707,104379014,0,250,0.75,0.05,coarse-modis-250m,233002.439,0.966341,0.966341,0.0,0.0,0.0,negative,moderate,
osm-11919728419-1783134145-0,DFO_3251_From_20080102_to_20080106,2008-01-02,2008-01-06,pilot_centroid,moderate,64.513,Jalan Kyai Haji Mas Mansyur,primary,1487710045,11919728419,1783134145,0,250,0.75,0.05,coarse-modis-250m,228355.121,0.965685,0.965685,0.0,0.0,0.0,negative,moderate,
osm-11925112167-4785715146-0,DFO_3251_From_20080102_to_20080106,2008-01-02,2008-01-06,pilot_centroid,moderate,83.212,Jalan Karet Pedurenan Raya,tertiary,28132208,11925112167,4785715146,0,250,0.75,0.05,coarse-modis-250m,237689.61,0.966957,0.966957,0.0,0.0,0.0,negative,moderate,
osm-11925999197-4746451654-0,DFO_3251_From_20080102_to_20080106,2008-01-02,2008-01-06,pilot_centroid,moderate,581.748,Jalan Jenderal Basuki Rahmat,primary,493859848|491995873,11925999197,4746451654,0,250,0.75,0.05,coarse-modis-250m,486978.605,0.981474,0.981474,0.0,0.0,0.0,negative,moderate,
osm-11959843134-4849427410-0,DFO_3251_From_20080102_to_20080106,2008-01-02,2008-01-06,pilot_centroid,moderate,69.384,Jalan Letnan Jenderal Suprapto,primary,696668229,11959843134,4849427410,0,250,0.75,0.05,coarse-modis-250m,230791.39,0.965426,0.965426,0.0,0.0,0.0,negative,moderate,
osm-12032748424-317179522-0,DFO_3251_From_20080102_to_20080106,2008-01-02,2008-01-06,pilot_centroid,moderate,56.232,Jalan Profesor Doktor Satrio,primary,495447738,12032748424,317179522,0,250,0.75,0.05,coarse-modis-250m,224210.637,0.968764,0.968764,0.0,0.0,0.0,negative,moderate,
osm-12139330016-5380068236-0,DFO_3251_From_20080102_to_20080106,2008-01-02,2008-01-06,pilot_centroid,moderate,32.025,Jalan Letnan Jenderal Suprapto,primary,492988997,12139330016,5380068236,0,250,0.75,0.05,coarse-modis-250m,212100.483,0.963416,0.963416,0.0,0.0,0.0,negative,moderate,
osm-12194080646-104367971-0,DFO_3251_From_20080102_to_20080106,2008-01-02,2008-01-06,pilot_centroid,moderate,104.106,Jalan Kramat Kwitang,primary,724274749,12194080646,104367971,0,250,0.75,0.05,coarse-modis-250m,248156.582,0.968949,0.968949,0.0,0.0,0.0,negative,moderate,
osm-12202088422-11503395360-0,DFO_3251_From_20080102_to_20080106,2008-01-02,2008-01-06,pilot_centroid,moderate,6.861,Jalan Letnan Jenderal Siswondo Parman,trunk,560008548,12202088422,11503395360,0,250,0.75,0.05,coarse-modis-250m,199510.887,0.961395,0.961395,0.0,0.0,0.0,negative,moderate,
osm-12202088425-12202088422-0,DFO_3251_From_20080102_to_20080106,2008-01-02,2008-01-06,pilot_centroid,moderate,83.712,Jalan Letnan Jenderal Siswondo Parman,trunk,560008548,12202088425,12202088422,0,250,0.75,0.05,coarse-modis-250m,237959.001,0.967475,0.967475,0.0,0.0,0.0,negative,moderate,
osm-12202088428-5372153133-0,DFO_3251_From_20080102_to_20080106,2008-01-02,2008-01-06,pilot_centroid,moderate,6.994,Jalan Letnan Jenderal Siswondo Parman,trunk,560008548,12202088428,5372153133,0,250,0.75,0.05,coarse-modis-250m,199577.33,0.961443,0.961443,0.0,0.0,0.0,negative,moderate,
osm-12202798102-4911942117-0,DFO_3251_From_20080102_to_20080106,2008-01-02,2008-01-06,pilot_centroid,moderate,19.076,Jalan Letnan Jenderal Siswondo Parman,trunk,761850309,12202798102,4911942117,0,250,0.75,0.05,coarse-modis-250m,205622.156,0.962312,0.962312,0.0,0.0,0.0,negative,moderate,
osm-12217513829-11492431708-0,DFO_3251_From_20080102_to_20080106,2008-01-02,2008-01-06,pilot_centroid,moderate,65.531,Unnamed OSM road,service,1237350496|1237350497|1320234227,12217513829,11492431708,0,250,0.75,0.05,coarse-modis-250m,227088.351,0.969582,0.969582,0.0,0.0,0.0,negative,moderate,
osm-12217513829-12217513832-0,DFO_3251_From_20080102_to_20080106,2008-01-02,2008-01-06,pilot_centroid,moderate,44.391,Unnamed OSM road,service,1237350498|1320234226,12217513829,12217513832,0,250,0.75,0.05,coarse-modis-250m,217526.641,0.965907,0.965907,0.0,0.0,0.0,negative,moderate,
osm-12217513832-5078382194-0,DFO_3251_From_20080102_to_20080106,2008-01-02,2008-01-06,pilot_centroid,moderate,210.406,Jalan Kolonel Soegiono,primary,117314950,12217513832,5078382194,0,250,0.75,0.05,coarse-modis-250m,301347.234,0.97291,0.97291,0.0,0.0,0.0,negative,moderate,
osm-12316918940-310005821-0,DFO_3251_From_20080102_to_20080106,2008-01-02,2008-01-06,pilot_centroid,moderate,28.06,Jalan Profesor Doktor Satrio,primary,1090935278,12316918940,310005821,0,250,0.75,0.05,coarse-modis-250m,210117.046,0.96296,0.96296,0.0,0.0,0.0,negative,moderate,
osm-12404878653-4548266823-0,DFO_3251_From_20080102_to_20080106,2008-01-02,2008-01-06,pilot_centroid,moderate,28.644,Jalan Insinyur Haji Juanda,secondary,11670123,12404878653,4548266823,0,250,0.75,0.05,coarse-modis-250m,210408.912,0.963307,0.963307,0.0,0.0,0.0,negative,moderate,
osm-124093320-315207989-0,DFO_3251_From_20080102_to_20080106,2008-01-02,2008-01-06,pilot_centroid,moderate,21.639,Jalan Salemba Raya,primary,750300907,124093320,315207989,0,250,0.75,0.05,coarse-modis-250m,206904.624,0.963122,0.963122,0.0,0.0,0.0,negative,moderate,
osm-12484094370-315208899-0,DFO_3251_From_20080102_to_20080106,2008-01-02,2008-01-06,pilot_centroid,moderate,22.247,Jalan Pemuda,primary,1331225021|1295698630,12484094370,315208899,0,250,0.75,0.05,coarse-modis-250m,207208.521,0.962747,0.962747,0.0,0.0,0.0,negative,moderate,
osm-1249723074-7225096520-0,DFO_3251_From_20080102_to_20080106,2008-01-02,2008-01-06,pilot_centroid,moderate,22.045,Jalan Kebon Sirih,primary,550355392,1249723074,7225096520,0,250,0.75,0.05,coarse-modis-250m,207106.539,0.962684,0.962684,0.0,0.0,0.0,negative,moderate,
osm-12504052406-11925999197-0,DFO_3251_From_20080102_to_20080106,2008-01-02,2008-01-06,pilot_centroid,moderate,464.553,Flyover,primary,28851296|491995873|27945891,12504052406,11925999197,0,250,0.75,0.05,coarse-modis-250m,428441.186,0.979951,0.979951,0.0,0.0,0.0,negative,moderate,
osm-12504052406-7805088053-0,DFO_3251_From_20080102_to_20080106,2008-01-02,2008-01-06,pilot_centroid,moderate,184.135,Jalan Kolonel Soegiono,primary,744559390,12504052406,7805088053,0,250,0.75,0.05,coarse-modis-250m,288175.745,0.97191,0.97191,0.0,0.0,0.0,negative,moderate,
osm-12530400916-5290941766-0,DFO_3251_From_20080102_to_20080106,2008-01-02,2008-01-06,pilot_centroid,moderate,193.202,Jalan Kolonel Soegiono,primary,751996163|27945891,12530400916,5290941766,0,250,0.75,0.05,coarse-modis-250m,292732.677,0.971748,0.971748,0.0,0.0,0.0,negative,moderate,
osm-12583516441-6884974160-0,DFO_3251_From_20080102_to_20080106,2008-01-02,2008-01-06,pilot_centroid,moderate,31.744,Jalan Jatinegara Timur,primary,1501665007,12583516441,6884974160,0,250,0.75,0.05,coarse-modis-250m,211960.043,0.963426,0.963426,0.0,0.0,0.0,negative,moderate,
osm-12599546837-3723599620-0,DFO_3251_From_20080102_to_20080106,2008-01-02,2008-01-06,pilot_centroid,moderate,10.219,Jalan Letnan Jenderal Siswondo Parman,trunk,1220173370,12599546837,3723599620,0,250,0.75,0.05,coarse-modis-250m,201191.078,0.961733,0.961733,0.0,0.0,0.0,negative,moderate,
osm-12676215441-5492419212-0,DFO_3251_From_20080102_to_20080106,2008-01-02,2008-01-06,pilot_centroid,moderate,30.831,Jalan Letnan Jenderal MT Haryono,trunk,1186134492,12676215441,5492419212,0,250,0.75,0.05,coarse-modis-250m,211503.151,0.963391,0.963391,0.0,0.0,0.0,negative,moderate,
osm-12681087362-5495827291-0,DFO_3251_From_20080102_to_20080106,2008-01-02,2008-01-06,pilot_centroid,moderate,33.412,Jalan Letnan Jenderal MT Haryono,trunk,1186134492,12681087362,5495827291,0,250,0.75,0.05,coarse-modis-250m,212794.69,0.96349,0.96349,0.0,0.0,0.0,negative,moderate,
osm-12684981016-5671317488-0,DFO_3251_From_20080102_to_20080106,2008-01-02,2008-01-06,pilot_centroid,moderate,118.975,Jalan Kebon Sirih,primary,28216264,12684981016,5671317488,0,250,0.75,0.05,coarse-modis-250m,255602.75,0.968864,0.968864,0.0,0.0,0.0,negative,moderate,
osm-12688243259-12688243260-0,DFO_3251_From_20080102_to_20080106,2008-01-02,2008-01-06,pilot_centroid,moderate,39.831,Jalan Gunung Sahari Raya,primary,1530998628,12688243259,12688243260,0,250,0.75,0.05,coarse-modis-250m,216006.409,0.964026,0.964026,0.0,0.0,0.0,negative,moderate,
osm-12688243260-5354213657-0,DFO_3251_From_20080102_to_20080106,2008-01-02,2008-01-06,pilot_centroid,moderate,92.286,Jalan Gunung Sahari Raya,primary,592276676,12688243260,5354213657,0,250,0.75,0.05,coarse-modis-250m,242243.665,0.967373,0.967373,0.0,0.0,0.0,negative,moderate,
osm-12718674408-12718674417-0,DFO_3251_From_20080102_to_20080106,2008-01-02,2008-01-06,pilot_centroid,moderate,23.726,Jalan Mitra Sunter Boulevard,secondary,453477916,12718674408,12718674417,0,250,0.75,0.05,coarse-modis-250m,207944.898,0.963135,0.963135,0.0,0.0,0.0,negative,moderate,
osm-12718674409-9673837489-0,DFO_3251_From_20080102_to_20080106,2008-01-02,2008-01-06,pilot_centroid,moderate,27.545,Jalan Mitra Sunter Boulevard,secondary,453477916,12718674409,9673837489,0,250,0.75,0.05,coarse-modis-250m,209859.547,0.962139,0.962139,0.0,0.0,0.0,negative,moderate,
osm-12718674417-12718674409-0,DFO_3251_From_20080102_to_20080106,2008-01-02,2008-01-06,pilot_centroid,moderate,49.691,Jalan Mitra Sunter Boulevard,secondary,453477916,12718674417,12718674409,0,250,0.75,0.05,coarse-modis-250m,220939.457,0.964349,0.964349,0.0,0.0,0.0,negative,moderate,
osm-12718674420-12718674408-0,DFO_3251_From_20080102_to_20080106,2008-01-02,2008-01-06,pilot_centroid,moderate,17.301,Jalan Mitra Sunter Boulevard,secondary,453477916,12718674420,12718674408,0,250,0.75,0.05,coarse-modis-250m,204734.319,0.962266,0.962266,0.0,0.0,0.0,negative,moderate,
osm-12729353026-6322396593-0,DFO_3251_From_20080102_to_20080106,2008-01-02,2008-01-06,pilot_centroid,moderate,16.523,Jalan Pangeran Jayakarta,secondary,1204814108,12729353026,6322396593,0,250,0.75,0.05,coarse-modis-250m,204344.689,0.962235,0.962235,0.0,0.0,0.0,negative,moderate,
osm-12729353039-2209098563-0,DFO_3251_From_20080102_to_20080106,2008-01-02,2008-01-06,pilot_centroid,moderate,25.787,Jalan Pangeran Jayakarta,secondary,1204814108,12729353039,2209098563,0,250,0.75,0.05,coarse-modis-250m,208979.725,0.962913,0.962913,0.0,0.0,0.0,negative,moderate,
osm-12729353047-12729353039-0,DFO_3251_From_20080102_to_20080106,2008-01-02,2008-01-06,pilot_centroid,moderate,21.004,Jalan Pangeran Jayakarta,secondary,1204814108,12729353047,12729353039,0,250,0.75,0.05,coarse-modis-250m,206586.911,0.962439,0.962439,0.0,0.0,0.0,negative,moderate,
osm-1273189607-4566501796-0,DFO_3251_From_20080102_to_20080106,2008-01-02,2008-01-06,pilot_centroid,moderate,51.94,Jalan Benyamin Sueb,primary,37018607,1273189607,4566501796,0,250,0.75,0.05,coarse-modis-250m,221927.231,0.965846,0.965846,0.0,0.0,0.0,negative,moderate,
osm-12736661061-1273189607-0,DFO_3251_From_20080102_to_20080106,2008-01-02,2008-01-06,pilot_centroid,moderate,147.221,Jalan Utan Panjang Raya,primary,686751409|749995402|510396471,12736661061,1273189607,0,250,0.75,0.05,coarse-modis-250m,263951.347,0.971904,0.971904,0.0,0.0,0.0,negative,moderate,
osm-12738838445-5408975256-0,DFO_3251_From_20080102_to_20080106,2008-01-02,2008-01-06,pilot_centroid,moderate,52.702,Jalan Dokter Suratmo,secondary,560880227|1498283429|592276649|508913838|592537462,12738838445,5408975256,0,250,0.75,0.05,coarse-modis-250m,222429.957,0.966656,0.966656,0.0,0.0,0.0,negative,moderate,
osm-12744944224-8519460813-0,DFO_3251_From_20080102_to_20080106,2008-01-02,2008-01-06,pilot_centroid,moderate,6.202,Jalan Arief Rachman Hakim,primary,487370077,12744944224,8519460813,0,250,0.75,0.05,coarse-modis-250m,199181.078,0.961314,0.961314,0.0,0.0,0.0,negative,moderate,
osm-12745135294-5374282148-0,DFO_3251_From_20080102_to_20080106,2008-01-02,2008-01-06,pilot_centroid,moderate,4.228,Jalan Kramat Kwitang,primary,749318590,12745135294,5374282148,0,250,0.75,0.05,coarse-modis-250m,198193.521,0.961199,0.961199,0.0,0.0,0.0,negative,moderate,
osm-12745136706-13659371444-0,DFO_3251_From_20080102_to_20080106,2008-01-02,2008-01-06,pilot_centroid,moderate,13.543,Jalan Kramat Kwitang,primary,749318590,12745136706,13659371444,0,250,0.75,0.05,coarse-modis-250m,202853.968,0.961988,0.961988,0.0,0.0,0.0,negative,moderate,
osm-12745136709-12745136706-0,DFO_3251_From_20080102_to_20080106,2008-01-02,2008-01-06,pilot_centroid,moderate,6.414,Jalan Kramat Kwitang,primary,749318590,12745136709,12745136706,0,250,0.75,0.05,coarse-modis-250m,199286.97,0.961347,0.961347,0.0,0.0,0.0,negative,moderate,
osm-12745196451-12745196458-0,DFO_3251_From_20080102_to_20080106,2008-01-02,2008-01-06,pilot_centroid,moderate,18.421,Jalan Gunung Sahari Raya,primary,592537468,12745196451,12745196458,0,250,0.75,0.05,coarse-modis-250m,205294.678,0.962467,0.962467,0.0,0.0,0.0,negative,moderate,
osm-12745196458-1675426257-0,DFO_3251_From_20080102_to_20080106,2008-01-02,2008-01-06,pilot_centroid,moderate,12.668,Jalan Gunung Sahari Raya,primary,592537468,12745196458,1675426257,0,250,0.75,0.05,coarse-modis-250m,202416.281,0.961893,0.961893,0.0,0.0,0.0,negative,moderate,
osm-12745196460-13606259700-0,DFO_3251_From_20080102_to_20080106,2008-01-02,2008-01-06,pilot_centroid,moderate,32.413,Jalan Gunung Sahari Raya,primary,592537468,12745196460,13606259700,0,250,0.75,0.05,coarse-modis-250m,212295.079,0.963474,0.963474,0.0,0.0,0.0,negative,moderate,
osm-12745196468-12745196460-0,DFO_3251_From_20080102_to_20080106,2008-01-02,2008-01-06,pilot_centroid,moderate,22.293,Jalan Gunung Sahari Raya,primary,592537468,12745196468,12745196460,0,250,0.75,0.05,coarse-modis-250m,207231.756,0.96269,0.96269,0.0,0.0,0.0,negative,moderate,
osm-12754553920-5670944441-0,DFO_3251_From_20080102_to_20080106,2008-01-02,2008-01-06,pilot_centroid,moderate,91.653,Jalan Kemayoran Gempol,secondary,736957432,12754553920,5670944441,0,250,0.75,0.05,coarse-modis-250m,241933.525,0.967262,0.967262,0.0,0.0,0.0,negative,moderate,
osm-1275851646-104379024-0,DFO_3251_From_20080102_to_20080106,2008-01-02,2008-01-06,pilot_centroid,moderate,97.589,Jalan Otto Iskandar Dinata,primary,28765421,1275851646,104379024,0,250,0.75,0.05,coarse-modis-250m,244903.188,0.967684,0.967684,0.0,0.0,0.0,negative,moderate,
osm-12798366960-12798366961-0,DFO_3251_From_20080102_to_20080106,2008-01-02,2008-01-06,pilot_centroid,moderate,64.532,Jalan Salemba Raya,primary,28715955,12798366960,12798366961,0,250,0.75,0.05,coarse-modis-250m,228364.111,0.965612,0.965612,0.0,0.0,0.0,negative,moderate,
osm-12798366961-329019268-0,DFO_3251_From_20080102_to_20080106,2008-01-02,2008-01-06,pilot_centroid,moderate,58.543,Jalan Salemba Raya,primary,28715955|815231910,12798366961,329019268,0,250,0.75,0.05,coarse-modis-250m,225366.743,0.96574,0.96574,0.0,0.0,0.0,negative,moderate,
osm-12799849299-5379667472-0,DFO_3251_From_20080102_to_20080106,2008-01-02,2008-01-06,pilot_centroid,moderate,5.515,Jalan Yos Sudarso,trunk,496592226,12799849299,5379667472,0,250,0.75,0.05,coarse-modis-250m,198837.194,0.961231,0.961231,0.0,0.0,0.0,negative,moderate,
osm-12825987637-317349914-0,DFO_3251_From_20080102_to_20080106,2008-01-02,2008-01-06,pilot_centroid,moderate,21.437,Jalan Yos Sudarso,trunk,686023685,12825987637,317349914,0,250,0.75,0.05,coarse-modis-250m,206803.521,0.962697,0.962697,0.0,0.0,0.0,negative,moderate,
osm-13016877290-4541302315-0,DFO_3251_From_20080102_to_20080106,2008-01-02,2008-01-06,pilot_centroid,moderate,37.642,Jalan Jatinegara Timur,primary,11671655,13016877290,4541302315,0,250,0.75,0.05,coarse-modis-250m,214910.125,0.963876,0.963876,0.0,0.0,0.0,negative,moderate,
osm-13016877290-4787639954-0,DFO_3251_From_20080102_to_20080106,2008-01-02,2008-01-06,pilot_centroid,moderate,12.903,Unnamed OSM road,primary_link,1416487516,13016877290,4787639954,0,250,0.75,0.05,coarse-modis-250m,202533.551,0.961715,0.961715,0.0,0.0,0.0,negative,moderate,
osm-13030921685-13030921684-0,DFO_3251_From_20080102_to_20080106,2008-01-02,2008-01-06,pilot_centroid,moderate,7.789,Unnamed OSM road,residential,1417995175,13030921685,13030921684,0,250,0.75,0.05,coarse-modis-250m,199975.117,0.961432,0.961432,0.0,0.0,0.0,negative,moderate,
osm-13033996655-5377076552-0,DFO_3251_From_20080102_to_20080106,2008-01-02,2008-01-06,pilot_centroid,moderate,24.898,Jalan Salemba Raya,primary,754623058,13033996655,5377076552,0,250,0.75,0.05,coarse-modis-250m,208534.46,0.962856,0.962856,0.0,0.0,0.0,negative,moderate,
osm-13102843717-4404259357-0,DFO_3251_From_20080102_to_20080106,2008-01-02,2008-01-06,pilot_centroid,moderate,71.225,Jalan Jenderal Gatot Subroto,trunk,562407886,13102843717,4404259357,0,250,0.75,0.05,coarse-modis-250m,231712.986,0.966159,0.966159,0.0,0.0,0.0,negative,moderate,
osm-13108442428-5374282198-0,DFO_3251_From_20080102_to_20080106,2008-01-02,2008-01-06,pilot_centroid,moderate,18.471,Jalan Kramat Kwitang,primary,458897450|766126375,13108442428,5374282198,0,250,0.75,0.05,coarse-modis-250m,205319.56,0.962289,0.962289,0.0,0.0,0.0,negative,moderate,
osm-1311842311-9028008487-0,DFO_3251_From_20080102_to_20080106,2008-01-02,2008-01-06,pilot_centroid,moderate,76.19,Jalan Pemuda,primary,763467199,1311842311,9028008487,0,250,0.75,0.05,coarse-modis-250m,234196.988,0.966426,0.966426,0.0,0.0,0.0,negative,moderate,
osm-1315069362-9685151096-0,DFO_3251_From_20080102_to_20080106,2008-01-02,2008-01-06,pilot_centroid,moderate,44.334,Jalan Pemuda,primary,763467199,1315069362,9685151096,0,250,0.75,0.05,coarse-modis-250m,218258.807,0.964408,0.964408,0.0,0.0,0.0,negative,moderate,
osm-1320273025-6604587143-0,DFO_3251_From_20080102_to_20080106,2008-01-02,2008-01-06,pilot_centroid,moderate,105.763,Jalan Pemuda,primary,1458445576|1052899123,1320273025,6604587143,0,250,0.75,0.05,coarse-modis-250m,248992.038,0.96843,0.96843,0.0,0.0,0.0,negative,moderate,
osm-1321228510-317196043-0,DFO_3251_From_20080102_to_20080106,2008-01-02,2008-01-06,pilot_centroid,moderate,10.018,Jalan Bumi Raya,residential,725268263,1321228510,317196043,0,250,0.75,0.05,coarse-modis-250m,201090.473,0.961671,0.961671,0.0,0.0,0.0,negative,moderate,
osm-1321228541-1336909413-0,DFO_3251_From_20080102_to_20080106,2008-01-02,2008-01-06,pilot_centroid,moderate,232.395,Jalan Kolonel Soegiono,primary,754062954|754062956,1321228541,1336909413,0,250,0.75,0.05,coarse-modis-250m,312300.798,0.973711,0.973711,0.0,0.0,0.0,negative,moderate,
osm-1321228560-1373715020-0,DFO_3251_From_20080102_to_20080106,2008-01-02,2008-01-06,pilot_centroid,moderate,147.754,Jalan Kolonel Soegiono,primary,754062956,1321228560,1373715020,0,250,0.75,0.05,coarse-modis-250m,269969.667,0.97037,0.97037,0.0,0.0,0.0,negative,moderate,
osm-1321228566-302230530-0,DFO_3251_From_20080102_to_20080106,2008-01-02,2008-01-06,pilot_centroid,moderate,53.081,Jalan Radin Inten,primary,754062952,1321228566,302230530,0,250,0.75,0.05,coarse-modis-250m,222635.258,0.964977,0.964977,0.0,0.0,0.0,negative,moderate,
osm-1321228575-1334087900-0,DFO_3251_From_20080102_to_20080106,2008-01-02,2008-01-06,pilot_centroid,moderate,121.974,Jalan Jenderal Basuki Rahmat,primary,691251098|28847119,1321228575,1334087900,0,250,0.75,0.05,coarse-modis-250m,257083.098,0.968914,0.968914,0.0,0.0,0.0,negative,moderate,
osm-1321537155-1321537157-0,DFO_3251_From_20080102_to_20080106,2008-01-02,2008-01-06,pilot_centroid,moderate,14.503,Jalan Kolonel Soegiono,primary,748858218,1321537155,1321537157,0,250,0.75,0.05,coarse-modis-250m,203334.452,0.962269,0.962269,0.0,0.0,0.0,negative,moderate,
osm-1321537157-5078382203-0,DFO_3251_From_20080102_to_20080106,2008-01-02,2008-01-06,pilot_centroid,moderate,18.338,Jalan Jenderal Basuki Rahmat,primary,748858217,1321537157,5078382203,0,250,0.75,0.05,coarse-modis-250m,205253.085,0.96258,0.96258,0.0,0.0,0.0,negative,moderate,
osm-1325257182-316742986-0,DFO_3251_From_20080102_to_20080106,2008-01-02,2008-01-06,pilot_centroid,moderate,178.044,Jalan D. I. Panjaitan,trunk,687317706,1325257182,316742986,0,250,0.75,0.05,coarse-modis-250m,285155.978,0.971676,0.971676,0.0,0.0,0.0,negative,moderate,
osm-1330696490-1337745188-0,DFO_3251_From_20080102_to_20080106,2008-01-02,2008-01-06,pilot_centroid,moderate,101.893,Jalan Radin Inten,primary,688681364,1330696490,1337745188,0,250,0.75,0.05,coarse-modis-250m,247055.106,0.967878,0.967878,0.0,0.0,0.0,negative,moderate,
osm-1334087900-7027128992-0,DFO_3251_From_20080102_to_20080106,2008-01-02,2008-01-06,pilot_centroid,moderate,25.839,Jalan Jenderal Basuki Rahmat,primary,28847119,1334087900,7027128992,0,250,0.75,0.05,coarse-modis-250m,209005.954,0.963029,0.963029,0.0,0.0,0.0,negative,moderate,
osm-1334087929-1321228575-0,DFO_3251_From_20080102_to_20080106,2008-01-02,2008-01-06,pilot_centroid,moderate,382.294,Jalan Jenderal Basuki Rahmat,primary,493815282|493815283|28851254,1334087929,1321228575,0,250,0.75,0.05,coarse-modis-250m,387105.417,0.977785,0.977785,0.0,0.0,0.0,negative,moderate,
osm-13366216191-13366216193-0,DFO_3251_From_20080102_to_20080106,2008-01-02,2008-01-06,pilot_centroid,moderate,21.104,Jalan Penjernihan 1,primary,691966212,13366216191,13366216193,0,250,0.75,0.05,coarse-modis-250m,206636.695,0.962731,0.962731,0.0,0.0,0.0,negative,moderate,
osm-13366216193-5046365477-0,DFO_3251_From_20080102_to_20080106,2008-01-02,2008-01-06,pilot_centroid,moderate,5.307,Jalan Penjernihan 1,primary,691966212,13366216193,5046365477,0,250,0.75,0.05,coarse-modis-250m,198733.391,0.961271,0.961271,0.0,0.0,0.0,negative,moderate,
osm-1336909413-1321228560-0,DFO_3251_From_20080102_to_20080106,2008-01-02,2008-01-06,pilot_centroid,moderate,14.367,Jalan Kolonel Soegiono,primary,754062956,1336909413,1321228560,0,250,0.75,0.05,coarse-modis-250m,203266.367,0.962011,0.962011,0.0,0.0,0.0,negative,moderate,
osm-1337745188-326484370-0,DFO_3251_From_20080102_to_20080106,2008-01-02,2008-01-06,pilot_centroid,moderate,535.176,Jalan Radin Inten,primary,250867282|692996349|754381189,1337745188,326484370,0,250,0.75,0.05,coarse-modis-250m,463814.383,0.980827,0.980827,0.0,0.0,0.0,negative,moderate,
osm-1342878909-6434923286-0,DFO_3251_From_20080102_to_20080106,2008-01-02,2008-01-06,pilot_centroid,moderate,63.387,Jalan Bekasi Raya,trunk,119540281,1342878909,6434923286,0,250,0.75,0.05,coarse-modis-250m,227774.063,0.965735,0.965735,0.0,0.0,0.0,negative,moderate,
osm-1342878927-7516900856-0,DFO_3251_From_20080102_to_20080106,2008-01-02,2008-01-06,pilot_centroid,moderate,237.199,Jalan Perintis Kemerdekaan,trunk,427815402,1342878927,7516900856,0,250,0.75,0.05,coarse-modis-250m,314747.259,0.973858,0.973858,0.0,0.0,0.0,negative,moderate,
osm-1342878941-11501464546-0,DFO_3251_From_20080102_to_20080106,2008-01-02,2008-01-06,pilot_centroid,moderate,4.293,Jalan Dokter KRT Radjiman Widyodiningrat,primary,1238183821,1342878941,11501464546,0,250,0.75,0.05,coarse-modis-250m,198225.864,0.960915,0.960915,0.0,0.0,0.0,negative,moderate,
osm-1342878941-7149726253-0,DFO_3251_From_20080102_to_20080106,2008-01-02,2008-01-06,pilot_centroid,moderate,58.137,Jalan Bekasi Raya,trunk,1242664246,1342878941,7149726253,0,250,0.75,0.05,coarse-modis-250m,225165.031,0.965267,0.965267,0.0,0.0,0.0,negative,moderate,
osm-1342878987-7105384963-0,DFO_3251_From_20080102_to_20080106,2008-01-02,2008-01-06,pilot_centroid,moderate,35.354,Jalan Bekasi Raya,trunk,525578217|525578220|119540281,1342878987,7105384963,0,250,0.75,0.05,coarse-modis-250m,213761.444,0.963845,0.963845,0.0,0.0,0.0,negative,moderate,
osm-1342878998-330409714-0,DFO_3251_From_20080102_to_20080106,2008-01-02,2008-01-06,pilot_centroid,moderate,190.376,Unnamed OSM road,service,827284596|723057935,1342878998,330409714,0,250,0.75,0.05,coarse-modis-250m,291203.393,0.971693,0.971693,0.0,0.0,0.0,negative,moderate,
osm-1342879000-4822315952-0,DFO_3251_From_20080102_to_20080106,2008-01-02,2008-01-06,pilot_centroid,moderate,12.466,Jalan Bekasi Raya,trunk,1284913315,1342879000,4822315952,0,250,0.75,0.05,coarse-modis-250m,202315.134,0.961877,0.961877,0.0,0.0,0.0,negative,moderate,
osm-1342879017-1342878987-0,DFO_3251_From_20080102_to_20080106,2008-01-02,2008-01-06,pilot_centroid,moderate,93.869,Jalan Bekasi Raya,trunk,525578220,1342879017,1342878987,0,250,0.75,0.05,coarse-modis-250m,243035.218,0.967372,0.967372,0.0,0.0,0.0,negative,moderate,
osm-13453045134-4953838327-0,DFO_3251_From_20080102_to_20080106,2008-01-02,2008-01-06,pilot_centroid,moderate,268.411,Jalan Aipda Karel Satsuit Tubun I,primary,496038079|745193778|752887191,13453045134,4953838327,0,250,0.75,0.05,coarse-modis-250m,325340.549,0.974462,0.974462,0.0,0.0,0.0,negative,moderate,
osm-13453416789-12316918940-0,DFO_3251_From_20080102_to_20080106,2008-01-02,2008-01-06,pilot_centroid,moderate,43.56,Jalan Profesor Doktor Satrio,primary,681047133|1090935278,13453416789,12316918940,0,250,0.75,0.05,coarse-modis-250m,217871.474,0.964285,0.964285,0.0,0.0,0.0,negative,moderate,
osm-13453416794-13453416789-0,DFO_3251_From_20080102_to_20080106,2008-01-02,2008-01-06,pilot_centroid,moderate,11.469,Jalan Profesor Doktor Satrio,primary,681047133,13453416794,13453416789,0,250,0.75,0.05,coarse-modis-250m,201816.083,0.960375,0.960375,0.0,0.0,0.0,negative,moderate,
osm-13456437803-7241781245-0,DFO_3251_From_20080102_to_20080106,2008-01-02,2008-01-06,pilot_centroid,moderate,143.122,Jalan Pedurenan Masjid Raya,tertiary,392820646,13456437803,7241781245,0,250,0.75,0.05,coarse-modis-250m,267652.895,0.970343,0.970343,0.0,0.0,0.0,negative,moderate,
osm-13456492331-13603665477-0,DFO_3251_From_20080102_to_20080106,2008-01-02,2008-01-06,pilot_centroid,moderate,126.278,Jalan Profesor Doktor Satrio,primary,1090935277,13456492331,13603665477,0,250,0.75,0.05,coarse-modis-250m,259248.877,0.969236,0.969236,0.0,0.0,0.0,negative,moderate,
osm-13456652649-310047835-0,DFO_3251_From_20080102_to_20080106,2008-01-02,2008-01-06,pilot_centroid,moderate,40.713,Jalan Letnan Jenderal Siswondo Parman,trunk,560008548,13456652649,310047835,0,250,0.75,0.05,coarse-modis-250m,216447.696,0.964069,0.964069,0.0,0.0,0.0,negative,moderate,
osm-13456652652-13456652659-0,DFO_3251_From_20080102_to_20080106,2008-01-02,2008-01-06,pilot_centroid,moderate,22.989,Jalan Letnan Jenderal Siswondo Parman,trunk,688117571,13456652652,13456652659,0,250,0.75,0.05,coarse-modis-250m,207579.966,0.962707,0.962707,0.0,0.0,0.0,negative,moderate,
osm-13456652659-5372153151-0,DFO_3251_From_20080102_to_20080106,2008-01-02,2008-01-06,pilot_centroid,moderate,17.506,Jalan Letnan Jenderal Siswondo Parman,trunk,688117571,13456652659,5372153151,0,250,0.75,0.05,coarse-modis-250m,204836.61,0.962139,0.962139,0.0,0.0,0.0,negative,moderate,
osm-13456804471-8488629808-0,DFO_3251_From_20080102_to_20080106,2008-01-02,2008-01-06,pilot_centroid,moderate,61.888,Jalan Karet Pedurenan Raya,tertiary,28132208,13456804471,8488629808,0,250,0.75,0.05,coarse-modis-250m,227041.726,0.965711,0.965711,0.0,0.0,0.0,negative,moderate,
osm-1345781623-12504052406-0,DFO_3251_From_20080102_to_20080106,2008-01-02,2008-01-06,pilot_centroid,moderate,181.093,Jalan Kolonel Soegiono,primary,27945891,1345781623,12504052406,0,250,0.75,0.05,coarse-modis-250m,286620.85,0.97182,0.97182,0.0,0.0,0.0,negative,moderate,
osm-1351484887-13657075638-0,DFO_3251_From_20080102_to_20080106,2008-01-02,2008-01-06,pilot_centroid,moderate,78.23,Jalan Kramat Raya,primary,717267441|1295786981,1351484887,13657075638,0,250,0.75,0.05,coarse-modis-250m,235200.162,0.966753,0.966753,0.0,0.0,0.0,negative,moderate,
osm-13525649819-13828209563-0,DFO_3251_From_20080102_to_20080106,2008-01-02,2008-01-06,pilot_centroid,moderate,133.424,Jalan Matraman,primary,278788931,13525649819,13828209563,0,250,0.75,0.05,coarse-modis-250m,262804.854,0.969337,0.969337,0.0,0.0,0.0,negative,moderate,
osm-13525649841-13525649819-0,DFO_3251_From_20080102_to_20080106,2008-01-02,2008-01-06,pilot_centroid,moderate,361.312,Jalan Matraman,primary,1474329897,13525649841,13525649819,0,250,0.75,0.05,coarse-modis-250m,376092.031,0.97719,0.97719,0.0,0.0,0.0,negative,moderate,
osm-13586347373-6322281575-0,DFO_3251_From_20080102_to_20080106,2008-01-02,2008-01-06,pilot_centroid,moderate,10.017,Jalan Mangga Dua Dalam,tertiary,508913824,13586347373,6322281575,0,250,0.75,0.05,coarse-modis-250m,201089.585,0.961644,0.961644,0.0,0.0,0.0,negative,moderate,
osm-13586870988-9031905436-0,DFO_3251_From_20080102_to_20080106,2008-01-02,2008-01-06,pilot_centroid,moderate,1.518,Jalan Kebon Sirih,primary,719606918,13586870988,9031905436,0,250,0.75,0.05,coarse-modis-250m,196837.534,0.961193,0.961193,0.0,0.0,0.0,negative,moderate,
osm-13586870998-315469626-0,DFO_3251_From_20080102_to_20080106,2008-01-02,2008-01-06,pilot_centroid,moderate,13.792,Jalan Kebon Sirih,primary,719606918,13586870998,315469626,0,250,0.75,0.05,coarse-modis-250m,202978.474,0.962116,0.962116,0.0,0.0,0.0,negative,moderate,
osm-1359134207-2379121074-0,DFO_3251_From_20080102_to_20080106,2008-01-02,2008-01-06,pilot_centroid,moderate,14.638,Jalan Radin Inten,primary,119909339,1359134207,2379121074,0,250,0.75,0.05,coarse-modis-250m,203405.29,0.963887,0.963887,0.0,0.0,0.0,negative,moderate,
osm-1359134207-2379121077-0,DFO_3251_From_20080102_to_20080106,2008-01-02,2008-01-06,pilot_centroid,moderate,22.454,Unnamed OSM road,primary_link,753391157,1359134207,2379121077,0,250,0.75,0.05,coarse-modis-250m,207312.389,0.963073,0.963073,0.0,0.0,0.0,negative,moderate,
osm-1359134222-1330696490-0,DFO_3251_From_20080102_to_20080106,2008-01-02,2008-01-06,pilot_centroid,moderate,89.353,Jalan Radin Inten,primary,753391155|1074066710,1359134222,1330696490,0,250,0.75,0.05,coarse-modis-250m,240779.057,0.967409,0.967409,0.0,0.0,0.0,negative,moderate,
osm-13603665477-310005821-0,DFO_3251_From_20080102_to_20080106,2008-01-02,2008-01-06,pilot_centroid,moderate,28.693,Unnamed OSM road,primary_link,1074093273,13603665477,310005821,0,250,0.75,0.05,coarse-modis-250m,208922.187,0.9679,0.9679,0.0,0.0,0.0,negative,moderate,
osm-13606136400-1675426142-0,DFO_3251_From_20080102_to_20080106,2008-01-02,2008-01-06,pilot_centroid,moderate,25.83,Jalan Gunung Sahari Raya,primary,634085903,13606136400,1675426142,0,250,0.75,0.05,coarse-modis-250m,209001.408,0.963063,0.963063,0.0,0.0,0.0,negative,moderate,
osm-13606177748-5549685557-0,DFO_3251_From_20080102_to_20080106,2008-01-02,2008-01-06,pilot_centroid,moderate,26.722,Jalan Gunung Sahari Raya,primary,1530998629,13606177748,5549685557,0,250,0.75,0.05,coarse-modis-250m,209447.718,0.963065,0.963065,0.0,0.0,0.0,negative,moderate,
osm-13606201402-13606201409-0,DFO_3251_From_20080102_to_20080106,2008-01-02,2008-01-06,pilot_centroid,moderate,22.959,Jalan Gunung Sahari Raya,primary,634085903,13606201402,13606201409,0,250,0.75,0.05,coarse-modis-250m,207564.88,0.962725,0.962725,0.0,0.0,0.0,negative,moderate,
osm-13606201409-13606136400-0,DFO_3251_From_20080102_to_20080106,2008-01-02,2008-01-06,pilot_centroid,moderate,8.46,Jalan Gunung Sahari Raya,primary,634085903,13606201409,13606136400,0,250,0.75,0.05,coarse-modis-250m,200310.809,0.961529,0.961529,0.0,0.0,0.0,negative,moderate,
osm-13606201410-13606201418-0,DFO_3251_From_20080102_to_20080106,2008-01-02,2008-01-06,pilot_centroid,moderate,30.767,Jalan Gunung Sahari Raya,primary,634085903,13606201410,13606201418,0,250,0.75,0.05,coarse-modis-250m,211471.138,0.96339,0.96339,0.0,0.0,0.0,negative,moderate,
osm-13606201418-13606201402-0,DFO_3251_From_20080102_to_20080106,2008-01-02,2008-01-06,pilot_centroid,moderate,18.85,Jalan Gunung Sahari Raya,primary,634085903,13606201418,13606201402,0,250,0.75,0.05,coarse-modis-250m,205509.256,0.962466,0.962466,0.0,0.0,0.0,negative,moderate,
osm-13606201425-4963127289-0,DFO_3251_From_20080102_to_20080106,2008-01-02,2008-01-06,pilot_centroid,moderate,32.751,Jalan Gunung Sahari Raya,primary,634085903,13606201425,4963127289,0,250,0.75,0.05,coarse-modis-250m,212463.701,0.963566,0.963566,0.0,0.0,0.0,negative,moderate,
osm-13606201428-13606201425-0,DFO_3251_From_20080102_to_20080106,2008-01-02,2008-01-06,pilot_centroid,moderate,7.233,Jalan Gunung Sahari Raya,primary,634085903,13606201428,13606201425,0,250,0.75,0.05,coarse-modis-250m,199697.103,0.961396,0.961396,0.0,0.0,0.0,negative,moderate,
osm-13606201436-13606201428-0,DFO_3251_From_20080102_to_20080106,2008-01-02,2008-01-06,pilot_centroid,moderate,24.903,Jalan Gunung Sahari Raya,primary,634085903,13606201436,13606201428,0,250,0.75,0.05,coarse-modis-250m,208537.433,0.962784,0.962784,0.0,0.0,0.0,negative,moderate,
osm-13606201439-13606201436-0,DFO_3251_From_20080102_to_20080106,2008-01-02,2008-01-06,pilot_centroid,moderate,60.679,Jalan Gunung Sahari Raya,primary,634085903,13606201439,13606201436,0,250,0.75,0.05,coarse-modis-250m,226436.457,0.965475,0.965475,0.0,0.0,0.0,negative,moderate,
osm-13606201442-13606201439-0,DFO_3251_From_20080102_to_20080106,2008-01-02,2008-01-06,pilot_centroid,moderate,16.99,Jalan Gunung Sahari Raya,primary,634085903,13606201442,13606201439,0,250,0.75,0.05,coarse-modis-250m,204578.476,0.962247,0.962247,0.0,0.0,0.0,negative,moderate,
osm-13606259700-12745196451-0,DFO_3251_From_20080102_to_20080106,2008-01-02,2008-01-06,pilot_centroid,moderate,4.368,Jalan Gunung Sahari Raya,primary,592537468,13606259700,12745196451,0,250,0.75,0.05,coarse-modis-250m,198263.685,0.961221,0.961221,0.0,0.0,0.0,negative,moderate,
osm-13606278105-12745196468-0,DFO_3251_From_20080102_to_20080106,2008-01-02,2008-01-06,pilot_centroid,moderate,36.317,Jalan Gunung Sahari Raya,primary,592537468,13606278105,12745196468,0,250,0.75,0.05,coarse-modis-250m,214248.183,0.96382,0.96382,0.0,0.0,0.0,negative,moderate,
osm-13606475657-4963127052-0,DFO_3251_From_20080102_to_20080106,2008-01-02,2008-01-06,pilot_centroid,moderate,28.294,Jalan Gunung Sahari Raya,primary,592537468,13606475657,4963127052,0,250,0.75,0.05,coarse-modis-250m,210234.071,0.96318,0.96318,0.0,0.0,0.0,negative,moderate,
osm-13606475660-13606475666-0,DFO_3251_From_20080102_to_20080106,2008-01-02,2008-01-06,pilot_centroid,moderate,33.19,Jalan Gunung Sahari Raya,primary,592537468,13606475660,13606475666,0,250,0.75,0.05,coarse-modis-250m,212683.539,0.963416,0.963416,0.0,0.0,0.0,negative,moderate,
osm-13606475666-4963127061-0,DFO_3251_From_20080102_to_20080106,2008-01-02,2008-01-06,pilot_centroid,moderate,54.76,Jalan Gunung Sahari Raya,primary,592537468,13606475666,4963127061,0,250,0.75,0.05,coarse-modis-250m,223475.497,0.965077,0.965077,0.0,0.0,0.0,negative,moderate,
osm-13606475670-13606475660-0,DFO_3251_From_20080102_to_20080106,2008-01-02,2008-01-06,pilot_centroid,moderate,8.161,Jalan Gunung Sahari Raya,primary,592537468,13606475670,13606475660,0,250,0.75,0.05,coarse-modis-250m,200161.048,0.961582,0.961582,0.0,0.0,0.0,negative,moderate,
osm-13606475672-13606475670-0,DFO_3251_From_20080102_to_20080106,2008-01-02,2008-01-06,pilot_centroid,moderate,13.127,Jalan Gunung Sahari Raya,primary,592537468,13606475672,13606475670,0,250,0.75,0.05,coarse-modis-250m,202645.581,0.961955,0.961955,0.0,0.0,0.0,negative,moderate,
osm-13618074118-5380240456-0,DFO_3251_From_20080102_to_20080106,2008-01-02,2008-01-06,pilot_centroid,moderate,6.43,Jalan K. Haji Abdul Syafi'ie,primary,28850223,13618074118,5380240456,0,250,0.75,0.05,coarse-modis-250m,199295.241,0.961476,0.961476,0.0,0.0,0.0,negative,moderate,
osm-13623804700-318097237-0,DFO_3251_From_20080102_to_20080106,2008-01-02,2008-01-06,pilot_centroid,moderate,64.434,Jalan Suryopranoto,primary,497546914,13623804700,318097237,0,250,0.75,0.05,coarse-modis-250m,228315.11,0.965531,0.965531,0.0,0.0,0.0,negative,moderate,
osm-13623841203-13623804700-0,DFO_3251_From_20080102_to_20080106,2008-01-02,2008-01-06,pilot_centroid,moderate,41.47,Jalan Suryopranoto,primary,497546914,13623841203,13623804700,0,250,0.75,0.05,coarse-modis-250m,216826.13,0.964086,0.964086,0.0,0.0,0.0,negative,moderate,
osm-13623841206-13623841203-0,DFO_3251_From_20080102_to_20080106,2008-01-02,2008-01-06,pilot_centroid,moderate,4.452,Jalan Suryopranoto,primary,497546914,13623841206,13623841203,0,250,0.75,0.05,coarse-modis-250m,198305.379,0.961186,0.961186,0.0,0.0,0.0,negative,moderate,
osm-13623841209-13623841206-0,DFO_3251_From_20080102_to_20080106,2008-01-02,2008-01-06,pilot_centroid,moderate,9.429,Jalan Suryopranoto,primary,497546914,13623841209,13623841206,0,250,0.75,0.05,coarse-modis-250m,200795.419,0.961662,0.961662,0.0,0.0,0.0,negative,moderate,
osm-13623841212-13623841209-0,DFO_3251_From_20080102_to_20080106,2008-01-02,2008-01-06,pilot_centroid,moderate,6.233,Jalan Suryopranoto,primary,497546914,13623841212,13623841209,0,250,0.75,0.05,coarse-modis-250m,199196.619,0.961296,0.961296,0.0,0.0,0.0,negative,moderate,
osm-13623841214-13623841212-0,DFO_3251_From_20080102_to_20080106,2008-01-02,2008-01-06,pilot_centroid,moderate,94.682,Jalan Suryopranoto,primary,1116757145|497546914|1487759035,13623841214,13623841212,0,250,0.75,0.05,coarse-modis-250m,243448.858,0.967669,0.967669,0.0,0.0,0.0,negative,moderate,
osm-13623841217-13623841214-0,DFO_3251_From_20080102_to_20080106,2008-01-02,2008-01-06,pilot_centroid,moderate,10.6,Jalan Suryopranoto,primary,1116757145,13623841217,13623841214,0,250,0.75,0.05,coarse-modis-250m,201381.569,0.961806,0.961806,0.0,0.0,0.0,negative,moderate,
osm-13623874472-5372018508-0,DFO_3251_From_20080102_to_20080106,2008-01-02,2008-01-06,pilot_centroid,moderate,42.182,Jalan Suryopranoto,primary,497546914,13623874472,5372018508,0,250,0.75,0.05,coarse-modis-250m,217185.378,0.964899,0.964899,0.0,0.0,0.0,negative,moderate,
osm-13623874475-13623874472-0,DFO_3251_From_20080102_to_20080106,2008-01-02,2008-01-06,pilot_centroid,moderate,49.583,Jalan Suryopranoto,primary,497546914,13623874475,13623874472,0,250,0.75,0.05,coarse-modis-250m,220885.427,0.964723,0.964723,0.0,0.0,0.0,negative,moderate,
osm-13624041397-104364335-0,DFO_3251_From_20080102_to_20080106,2008-01-02,2008-01-06,pilot_centroid,moderate,157.705,Jalan Balikpapan Raya,primary,1502544632|766127667|28706686,13624041397,104364335,0,250,0.75,0.05,coarse-modis-250m,274980.24,0.970753,0.970753,0.0,0.0,0.0,negative,moderate,
osm-13624041399-13624041397-0,DFO_3251_From_20080102_to_20080106,2008-01-02,2008-01-06,pilot_centroid,moderate,38.166,Jalan Balikpapan Raya,primary,28706686,13624041399,13624041397,0,250,0.75,0.05,coarse-modis-250m,215173.016,0.963861,0.963861,0.0,0.0,0.0,negative,moderate,
osm-1362598302-4926601878-0,DFO_3251_From_20080102_to_20080106,2008-01-02,2008-01-06,pilot_centroid,moderate,79.655,Jalan Pemuda,primary,491037925,1362598302,4926601878,0,250,0.75,0.05,coarse-modis-250m,235913.791,0.96693,0.96693,0.0,0.0,0.0,negative,moderate,
osm-1362598310-1362598302-0,DFO_3251_From_20080102_to_20080106,2008-01-02,2008-01-06,pilot_centroid,moderate,14.64,Jalan Pemuda,primary,691349041,1362598310,1362598302,0,250,0.75,0.05,coarse-modis-250m,203402.552,0.962134,0.962134,0.0,0.0,0.0,negative,moderate,
osm-1363190326-4529694108-0,DFO_3251_From_20080102_to_20080106,2008-01-02,2008-01-06,pilot_centroid,moderate,66.812,Jalan Kyai Haji Mas Mansyur,primary,28219053,1363190326,4529694108,0,250,0.75,0.05,coarse-modis-250m,229505.191,0.855349,0.855349,0.0,0.0,0.0,negative,moderate,
osm-13639648351-4235574904-0,DFO_3251_From_20080102_to_20080106,2008-01-02,2008-01-06,pilot_centroid,moderate,10.009,Jalan Penjernihan 1,primary,28779908,13639648351,4235574904,0,250,0.75,0.05,coarse-modis-250m,201086.027,0.961812,0.961812,0.0,0.0,0.0,negative,moderate,
osm-13653307691-1174777687-0,DFO_3251_From_20080102_to_20080106,2008-01-02,2008-01-06,pilot_centroid,moderate,15.55,Jalan Garuda,secondary,37018609,13653307691,1174777687,0,250,0.75,0.05,coarse-modis-250m,203858.044,0.962122,0.962122,0.0,0.0,0.0,negative,moderate,
osm-13653320894-11477683650-0,DFO_3251_From_20080102_to_20080106,2008-01-02,2008-01-06,pilot_centroid,moderate,27.437,Jalan Jatibaru,primary,562395015|1265757796|802327287,13653320894,11477683650,0,250,0.75,0.05,coarse-modis-250m,209799.431,0.965731,0.965731,0.0,0.0,0.0,negative,moderate,
osm-13657075638-7120487197-0,DFO_3251_From_20080102_to_20080106,2008-01-02,2008-01-06,pilot_centroid,moderate,8.555,Jalan Kramat Raya,primary,717267441,13657075638,7120487197,0,250,0.75,0.05,coarse-modis-250m,200358.238,0.961527,0.961527,0.0,0.0,0.0,negative,moderate,
osm-13659371444-4548266763-0,DFO_3251_From_20080102_to_20080106,2008-01-02,2008-01-06,pilot_centroid,moderate,5.222,Jalan Kramat Kwitang,primary,749318590,13659371444,4548266763,0,250,0.75,0.05,coarse-modis-250m,198691.036,0.961283,0.961283,0.0,0.0,0.0,negative,moderate,
osm-13663105514-1675426300-0,DFO_3251_From_20080102_to_20080106,2008-01-02,2008-01-06,pilot_centroid,moderate,6.349,Jalan Gunung Sahari Raya,primary,592537468,13663105514,1675426300,0,250,0.75,0.05,coarse-modis-250m,199254.764,0.961425,0.961425,0.0,0.0,0.0,negative,moderate,
osm-13663493364-13663105514-0,DFO_3251_From_20080102_to_20080106,2008-01-02,2008-01-06,pilot_centroid,moderate,9.412,Jalan Gunung Sahari Raya,primary,592537468,13663493364,13663105514,0,250,0.75,0.05,coarse-modis-250m,200787.153,0.961692,0.961692,0.0,0.0,0.0,negative,moderate,
osm-13664998461-2032758147-0,DFO_3251_From_20080102_to_20080106,2008-01-02,2008-01-06,pilot_centroid,moderate,45.391,Jalan Gunung Sahari Raya,primary,1001445850|1497438583,13664998461,2032758147,0,250,0.75,0.05,coarse-modis-250m,218787.639,0.964496,0.964496,0.0,0.0,0.0,negative,moderate,
osm-13675743447-318548947-0,DFO_3251_From_20080102_to_20080106,2008-01-02,2008-01-06,pilot_centroid,moderate,55.782,Jalan Mangga Dua Dalam,tertiary,508913824,13675743447,318548947,0,250,0.75,0.05,coarse-modis-250m,223986.929,0.965035,0.965035,0.0,0.0,0.0,negative,moderate,
osm-13682180792-347509493-0,DFO_3251_From_20080102_to_20080106,2008-01-02,2008-01-06,pilot_centroid,moderate,54.683,Jalan Pos,secondary,1502253539,13682180792,347509493,0,250,0.75,0.05,coarse-modis-250m,223436.839,0.96504,0.96504,0.0,0.0,0.0,negative,moderate,
osm-13685379529-9031905443-0,DFO_3251_From_20080102_to_20080106,2008-01-02,2008-01-06,pilot_centroid,moderate,40.896,Jalan Kebon Sirih,primary,719606918,13685379529,9031905443,0,250,0.75,0.05,coarse-modis-250m,216538.923,0.964278,0.964278,0.0,0.0,0.0,negative,moderate,
osm-13695587261-9623310915-0,DFO_3251_From_20080102_to_20080106,2008-01-02,2008-01-06,pilot_centroid,moderate,26.114,Jalan Kebon Sirih,primary,755769006,13695587261,9623310915,0,250,0.75,0.05,coarse-modis-250m,209143.193,0.963409,0.963409,0.0,0.0,0.0,negative,moderate,
osm-13695587270-13695587261-0,DFO_3251_From_20080102_to_20080106,2008-01-02,2008-01-06,pilot_centroid,moderate,25.443,Jalan Kebon Sirih,primary,755769006,13695587270,13695587261,0,250,0.75,0.05,coarse-modis-250m,208807.565,0.962621,0.962621,0.0,0.0,0.0,negative,moderate,
osm-13699094545-13685379529-0,DFO_3251_From_20080102_to_20080106,2008-01-02,2008-01-06,pilot_centroid,moderate,6.787,Jalan Kebon Sirih,primary,719606918,13699094545,13685379529,0,250,0.75,0.05,coarse-modis-250m,199473.551,0.961581,0.961581,0.0,0.0,0.0,negative,moderate,
osm-13701804566-317180499-0,DFO_3251_From_20080102_to_20080106,2008-01-02,2008-01-06,pilot_centroid,moderate,62.208,Jalan Raya Casablanca,primary,28847137,13701804566,317180499,0,250,0.75,0.05,coarse-modis-250m,227201.545,0.258139,0.258139,0.0,0.0,0.0,unknown,excluded,insufficient_source_coverage
osm-13701804574-7103369200-0,DFO_3251_From_20080102_to_20080106,2008-01-02,2008-01-06,pilot_centroid,moderate,173.38,Jalan Raya Casablanca,primary,28847137,13701804574,7103369200,0,250,0.75,0.05,coarse-modis-250m,282820.385,0.687962,0.687962,0.0,0.0,0.0,unknown,excluded,insufficient_source_coverage
osm-13717294231-315547395-0,DFO_3251_From_20080102_to_20080106,2008-01-02,2008-01-06,pilot_centroid,moderate,62.567,Jalan Insinyur Haji Juanda,secondary,1098599577|762042490|508138506|676048101,13717294231,315547395,0,250,0.75,0.05,coarse-modis-250m,227378.328,0.965679,0.965679,0.0,0.0,0.0,negative,moderate,
osm-13719672649-9696758894-0,DFO_3251_From_20080102_to_20080106,2008-01-02,2008-01-06,pilot_centroid,moderate,35.043,Jalan Salemba Raya,primary,689177647,13719672649,9696758894,0,250,0.75,0.05,coarse-modis-250m,213610.643,0.963573,0.963573,0.0,0.0,0.0,negative,moderate,
osm-13720913830-7120410540-0,DFO_3251_From_20080102_to_20080106,2008-01-02,2008-01-06,pilot_centroid,moderate,8.994,Jalan Gunung Sahari Raya,primary,711241492,13720913830,7120410540,0,250,0.75,0.05,coarse-modis-250m,200577.845,0.961541,0.961541,0.0,0.0,0.0,negative,moderate,
osm-13720920968-315746130-0,DFO_3251_From_20080102_to_20080106,2008-01-02,2008-01-06,pilot_centroid,moderate,119.538,Jalan Pasar Senen,primary,11671364|779815862,13720920968,315746130,0,250,0.75,0.05,coarse-modis-250m,255881.885,0.968898,0.968898,0.0,0.0,0.0,negative,moderate,
osm-13721019303-5671327267-0,DFO_3251_From_20080102_to_20080106,2008-01-02,2008-01-06,pilot_centroid,moderate,7.74,Jalan Pasar Senen,primary,11671364,13721019303,5671327267,0,250,0.75,0.05,coarse-modis-250m,199950.678,0.961358,0.961358,0.0,0.0,0.0,negative,moderate,
osm-13721122640-13525649841-0,DFO_3251_From_20080102_to_20080106,2008-01-02,2008-01-06,pilot_centroid,moderate,21.104,Unnamed OSM road,primary_link,1498241832,13721122640,13525649841,0,250,0.75,0.05,coarse-modis-250m,206636.884,0.962446,0.962446,0.0,0.0,0.0,negative,moderate,
osm-13734886233-1135179424-0,DFO_3251_From_20080102_to_20080106,2008-01-02,2008-01-06,pilot_centroid,moderate,8.119,Jalan Cipinang Cempedak I,tertiary,688635243,13734886233,1135179424,0,250,0.75,0.05,coarse-modis-250m,200140.396,0.961625,0.961625,0.0,0.0,0.0,negative,moderate,
osm-13734886245-13734886233-0,DFO_3251_From_20080102_to_20080106,2008-01-02,2008-01-06,pilot_centroid,moderate,22.777,Jalan Cipinang Cempedak I,tertiary,688635243,13734886245,13734886233,0,250,0.75,0.05,coarse-modis-250m,207473.567,0.962783,0.962783,0.0,0.0,0.0,negative,moderate,
osm-13734985431-5379957290-0,DFO_3251_From_20080102_to_20080106,2008-01-02,2008-01-06,pilot_centroid,moderate,17.071,Jalan Cipinang Cempedak I,tertiary,688635244,13734985431,5379957290,0,250,0.75,0.05,coarse-modis-250m,204619.253,0.962228,0.962228,0.0,0.0,0.0,negative,moderate,
osm-13734985443-4748308350-0,DFO_3251_From_20080102_to_20080106,2008-01-02,2008-01-06,pilot_centroid,moderate,4.733,Jalan Cipinang Cempedak I,tertiary,688635244,13734985443,4748308350,0,250,0.75,0.05,coarse-modis-250m,198446.234,0.961246,0.961246,0.0,0.0,0.0,negative,moderate,
osm-1373715020-1373715051-0,DFO_3251_From_20080102_to_20080106,2008-01-02,2008-01-06,pilot_centroid,moderate,168.7,Jalan Kolonel Soegiono,primary,754062956,1373715020,1373715051,0,250,0.75,0.05,coarse-modis-250m,280477.696,0.971112,0.971112,0.0,0.0,0.0,negative,moderate,
osm-1373715051-9037288082-0,DFO_3251_From_20080102_to_20080106,2008-01-02,2008-01-06,pilot_centroid,moderate,34.141,Jalan Kolonel Soegiono,primary,754062956,1373715051,9037288082,0,250,0.75,0.05,coarse-modis-250m,213159.196,0.963413,0.963413,0.0,0.0,0.0,negative,moderate,
osm-13750328259-7120393905-0,DFO_3251_From_20080102_to_20080106,2008-01-02,2008-01-06,pilot_centroid,moderate,51.21,Jalan Gunung Sahari Raya,primary,654692998,13750328259,7120393905,0,250,0.75,0.05,coarse-modis-250m,221699.317,0.964826,0.964826,0.0,0.0,0.0,negative,moderate,
osm-13752868692-2019635436-0,DFO_3251_From_20080102_to_20080106,2008-01-02,2008-01-06,pilot_centroid,moderate,22.519,Jalan Jatinegara Timur,primary,1301949425,13752868692,2019635436,0,250,0.75,0.05,coarse-modis-250m,207344.682,0.962732,0.962732,0.0,0.0,0.0,negative,moderate,
osm-1376428022-7029385572-0,DFO_3251_From_20080102_to_20080106,2008-01-02,2008-01-06,pilot_centroid,moderate,26.64,Unnamed OSM road,trunk_link,805801284,1376428022,7029385572,0,250,0.75,0.05,coarse-modis-250m,209394.972,0.963401,0.963401,0.0,0.0,0.0,negative,moderate,
osm-13771612756-9561798638-0,DFO_3251_From_20080102_to_20080106,2008-01-02,2008-01-06,pilot_centroid,moderate,76.744,Jalan Jenderal Basuki Rahmat,primary,28851026,13771612756,9561798638,0,250,0.75,0.05,coarse-modis-250m,234474.005,0.966982,0.966982,0.0,0.0,0.0,negative,moderate,
osm-13772607350-104379008-0,DFO_3251_From_20080102_to_20080106,2008-01-02,2008-01-06,pilot_centroid,moderate,57.681,Jalan Jatinegara Timur,primary,691270310|691270311,13772607350,104379008,0,250,0.75,0.05,coarse-modis-250m,224935.443,0.96527,0.96527,0.0,0.0,0.0,negative,moderate,
osm-13772607355-12583516441-0,DFO_3251_From_20080102_to_20080106,2008-01-02,2008-01-06,pilot_centroid,moderate,3.998,Jalan Jatinegara Timur,primary,1285607130,13772607355,12583516441,0,250,0.75,0.05,coarse-modis-250m,198078.63,0.961187,0.961187,0.0,0.0,0.0,negative,moderate,
osm-13798957263-5388382567-0,DFO_3251_From_20080102_to_20080106,2008-01-02,2008-01-06,pilot_centroid,moderate,3.193,Jalan D. I. Panjaitan,trunk,687317713,13798957263,5388382567,0,250,0.75,0.05,coarse-modis-250m,197675.449,0.961086,0.961086,0.0,0.0,0.0,negative,moderate,
osm-13827879018-13827879026-0,DFO_3251_From_20080102_to_20080106,2008-01-02,2008-01-06,pilot_centroid,moderate,12.373,Jalan Matraman,primary,278788931,13827879018,13827879026,0,250,0.75,0.05,coarse-modis-250m,202268.439,0.961753,0.961753,0.0,0.0,0.0,negative,moderate,
osm-13827879026-4780724425-0,DFO_3251_From_20080102_to_20080106,2008-01-02,2008-01-06,pilot_centroid,moderate,81.635,Jalan Matraman,primary,278788931,13827879026,4780724425,0,250,0.75,0.05,coarse-modis-250m,236921.097,0.966271,0.966271,0.0,0.0,0.0,negative,moderate,
osm-13828094473-5499209000-0,DFO_3251_From_20080102_to_20080106,2008-01-02,2008-01-06,pilot_centroid,moderate,105.494,Jalan Matraman,primary,699886104,13828094473,5499209000,0,250,0.75,0.05,coarse-modis-250m,248858.113,0.968125,0.968125,0.0,0.0,0.0,negative,moderate,
osm-13828209563-329967924-0,DFO_3251_From_20080102_to_20080106,2008-01-02,2008-01-06,pilot_centroid,moderate,5.697,Jalan Matraman,primary,278788931,13828209563,329967924,0,250,0.75,0.05,coarse-modis-250m,198928.237,0.961343,0.961343,0.0,0.0,0.0,negative,moderate,
osm-13849518628-5374005699-0,DFO_3251_From_20080102_to_20080106,2008-01-02,2008-01-06,pilot_centroid,moderate,90.665,Jalan Letnan Jenderal Suprapto,primary,761522995,13849518628,5374005699,0,250,0.75,0.05,coarse-modis-250m,241437.748,0.967228,0.967228,0.0,0.0,0.0,negative,moderate,
osm-13849518632-4849427416-0,DFO_3251_From_20080102_to_20080106,2008-01-02,2008-01-06,pilot_centroid,moderate,33.784,Jalan Letnan Jenderal Suprapto,primary,761522995,13849518632,4849427416,0,250,0.75,0.05,coarse-modis-250m,212975.738,0.963595,0.963595,0.0,0.0,0.0,negative,moderate,
osm-13913580148-5377313967-0,DFO_3251_From_20080102_to_20080106,2008-01-02,2008-01-06,pilot_centroid,moderate,8.69,Unnamed OSM road,residential,557560277,13913580148,5377313967,0,250,0.75,0.05,coarse-modis-250m,200426.098,0.961135,0.961135,0.0,0.0,0.0,negative,moderate,
osm-13913580150-13913580151-0,DFO_3251_From_20080102_to_20080106,2008-01-02,2008-01-06,pilot_centroid,moderate,6.117,Unnamed OSM road,service,1526635907,13913580150,13913580151,0,250,0.75,0.05,coarse-modis-250m,199138.495,0.961485,0.961485,0.0,0.0,0.0,negative,moderate,
osm-13913580151-5377313978-0,DFO_3251_From_20080102_to_20080106,2008-01-02,2008-01-06,pilot_centroid,moderate,52.326,Unnamed OSM road,service,1526635908,13913580151,5377313978,0,250,0.75,0.05,coarse-modis-250m,222242.637,0.964935,0.964935,0.0,0.0,0.0,negative,moderate,
osm-13914133217-13734985431-0,DFO_3251_From_20080102_to_20080106,2008-01-02,2008-01-06,pilot_centroid,moderate,59.424,Jalan Cipinang Cempedak I,tertiary,688635244,13914133217,13734985431,0,250,0.75,0.05,coarse-modis-250m,225808.854,0.965337,0.965337,0.0,0.0,0.0,negative,moderate,
osm-1417312748-4548266267-0,DFO_3251_From_20080102_to_20080106,2008-01-02,2008-01-06,pilot_centroid,moderate,194.325,Jalan Perintis Kemerdekaan,trunk,427815402,1417312748,4548266267,0,250,0.75,0.05,coarse-modis-250m,293301.34,0.972343,0.972343,0.0,0.0,0.0,negative,moderate,
osm-1417319126-7117458776-0,DFO_3251_From_20080102_to_20080106,2008-01-02,2008-01-06,pilot_centroid,moderate,30.497,Jalan Perintis Kemerdekaan,trunk,427815402,1417319126,7117458776,0,250,0.75,0.05,coarse-modis-250m,211331.482,0.963355,0.963355,0.0,0.0,0.0,negative,moderate,
osm-1420142081-5379768929-0,DFO_3251_From_20080102_to_20080106,2008-01-02,2008-01-06,pilot_centroid,moderate,22.048,Jalan Pulau Putri,residential,996202380,1420142081,5379768929,0,250,0.75,0.05,coarse-modis-250m,207108.873,0.962702,0.962702,0.0,0.0,0.0,negative,moderate,
osm-1423006391-328336623-0,DFO_3251_From_20080102_to_20080106,2008-01-02,2008-01-06,pilot_centroid,moderate,341.631,Jalan Perintis Kemerdekaan,trunk,688666786|1526201599|593601261|754690151,1423006391,328336623,0,250,0.75,0.05,coarse-modis-250m,366994.177,0.97694,0.97694,0.0,0.0,0.0,negative,moderate,
osm-1663918523-191506029-0,DFO_3251_From_20080102_to_20080106,2008-01-02,2008-01-06,pilot_centroid,moderate,75.062,Jalan Insinyur Haji Juanda,secondary,630154039,1663918523,191506029,0,250,0.75,0.05,coarse-modis-250m,233631.543,0.966543,0.966543,0.0,0.0,0.0,negative,moderate,
osm-1675425882-13606201442-0,DFO_3251_From_20080102_to_20080106,2008-01-02,2008-01-06,pilot_centroid,moderate,50.13,Jalan Gunung Sahari Raya,primary,1483900145,1675425882,13606201442,0,250,0.75,0.05,coarse-modis-250m,221158.897,0.964713,0.964713,0.0,0.0,0.0,negative,moderate,
osm-1675426142-13606278105-0,DFO_3251_From_20080102_to_20080106,2008-01-02,2008-01-06,pilot_centroid,moderate,29.518,Jalan Gunung Sahari Raya,primary,592537468,1675426142,13606278105,0,250,0.75,0.05,coarse-modis-250m,210846.447,0.963117,0.963117,0.0,0.0,0.0,negative,moderate,
osm-1675426257-13663493364-0,DFO_3251_From_20080102_to_20080106,2008-01-02,2008-01-06,pilot_centroid,moderate,44.142,Jalan Gunung Sahari Raya,primary,592537468,1675426257,13663493364,0,250,0.75,0.05,coarse-modis-250m,218162.995,0.96426,0.96426,0.0,0.0,0.0,negative,moderate,
osm-1675426300-13606475672-0,DFO_3251_From_20080102_to_20080106,2008-01-02,2008-01-06,pilot_centroid,moderate,28.545,Jalan Gunung Sahari Raya,primary,592537468,1675426300,13606475672,0,250,0.75,0.05,coarse-modis-250m,210359.516,0.96309,0.96309,0.0,0.0,0.0,negative,moderate,
osm-1675426459-13664998461-0,DFO_3251_From_20080102_to_20080106,2008-01-02,2008-01-06,pilot_centroid,moderate,37.735,Jalan Gunung Sahari Raya,primary,1001445850,1675426459,13664998461,0,250,0.75,0.05,coarse-modis-250m,214957.671,0.963794,0.963794,0.0,0.0,0.0,negative,moderate,
osm-1675488274-316374560-0,DFO_3251_From_20080102_to_20080106,2008-01-02,2008-01-06,pilot_centroid,moderate,78.387,Jalan Letnan Jenderal Suprapto,primary,749959422,1675488274,316374560,0,250,0.75,0.05,coarse-modis-250m,235287.697,0.966379,0.966379,0.0,0.0,0.0,negative,moderate,
osm-1682808537-8555984047-0,DFO_3251_From_20080102_to_20080106,2008-01-02,2008-01-06,pilot_centroid,moderate,55.045,Jalan Matraman,primary,278788931,1682808537,8555984047,0,250,0.75,0.05,coarse-modis-250m,223617.69,0.965122,0.965122,0.0,0.0,0.0,negative,moderate,
osm-1682844228-5647102762-0,DFO_3251_From_20080102_to_20080106,2008-01-02,2008-01-06,pilot_centroid,moderate,225.662,Jalan Dokter KRT Radjiman Widyodiningrat,primary,754061608|1040471430,1682844228,5647102762,0,250,0.75,0.05,coarse-modis-250m,308959.281,0.973484,0.973484,0.0,0.0,0.0,negative,moderate,
osm-1682844563-326484330-0,DFO_3251_From_20080102_to_20080106,2008-01-02,2008-01-06,pilot_centroid,moderate,209.489,Jalan Dokter KRT Radjiman Widyodiningrat,primary,489977114,1682844563,326484330,0,250,0.75,0.05,coarse-modis-250m,300884.035,0.97288,0.97288,0.0,0.0,0.0,negative,moderate,
osm-1695811540-4778418534-0,DFO_3251_From_20080102_to_20080106,2008-01-02,2008-01-06,pilot_centroid,moderate,150.157,Jalan Karet Sawah II,residential,485066385|485066386,1695811540,4778418534,0,250,0.75,0.05,coarse-modis-250m,270467.031,0.97093,0.97093,0.0,0.0,0.0,negative,moderate,
osm-1695811568-9118916175-0,DFO_3251_From_20080102_to_20080106,2008-01-02,2008-01-06,pilot_centroid,moderate,9.462,Jalan Karet Sawah II,residential,485066386,1695811568,9118916175,0,250,0.75,0.05,coarse-modis-250m,200812.156,0.961508,0.961508,0.0,0.0,0.0,negative,moderate,
osm-1696170853-5374804755-0,DFO_3251_From_20080102_to_20080106,2008-01-02,2008-01-06,pilot_centroid,moderate,104.251,Jalan Pemuda,primary,763467199,1696170853,5374804755,0,250,0.75,0.05,coarse-modis-250m,248236.468,0.968135,0.968135,0.0,0.0,0.0,negative,moderate,
osm-1709500939-326484165-0,DFO_3251_From_20080102_to_20080106,2008-01-02,2008-01-06,pilot_centroid,moderate,298.023,Jalan Dokter KRT Radjiman Widyodiningrat,primary,489977114|754061606,1709500939,326484165,0,250,0.75,0.05,coarse-modis-250m,345163.023,0.976207,0.976207,0.0,0.0,0.0,negative,moderate,
osm-1757800736-1757800861-0,DFO_3251_From_20080102_to_20080106,2008-01-02,2008-01-06,pilot_centroid,moderate,24.632,Jalan Letnan Jenderal Siswondo Parman,trunk,320147641,1757800736,1757800861,0,250,0.75,0.05,coarse-modis-250m,208401.695,0.962895,0.962895,0.0,0.0,0.0,negative,moderate,
osm-1757800787-3723599609-0,DFO_3251_From_20080102_to_20080106,2008-01-02,2008-01-06,pilot_centroid,moderate,112.044,Tol Dalam Kota Jakarta,motorway,749334210,1757800787,3723599609,0,250,0.75,0.05,coarse-modis-250m,252135.387,0.96862,0.96862,0.0,0.0,0.0,negative,moderate,
osm-1757800816-1757800865-0,DFO_3251_From_20080102_to_20080106,2008-01-02,2008-01-06,pilot_centroid,moderate,36.716,Jalan Letnan Jenderal Siswondo Parman,trunk,688087388,1757800816,1757800865,0,250,0.75,0.05,coarse-modis-250m,214443.762,0.963739,0.963739,0.0,0.0,0.0,negative,moderate,
osm-1757800817-1757800859-0,DFO_3251_From_20080102_to_20080106,2008-01-02,2008-01-06,pilot_centroid,moderate,85.709,Unnamed OSM road,motorway_link,758395823,1757800817,1757800859,0,250,0.75,0.05,coarse-modis-250m,238763.212,0.968099,0.968099,0.0,0.0,0.0,negative,moderate,
osm-1757800817-9664769720-0,DFO_3251_From_20080102_to_20080106,2008-01-02,2008-01-06,pilot_centroid,moderate,20.76,Unnamed OSM road,motorway_link,1493373933,1757800817,9664769720,0,250,0.75,0.05,coarse-modis-250m,206464.633,0.962878,0.962878,0.0,0.0,0.0,negative,moderate,
osm-1757800846-7082864214-0,DFO_3251_From_20080102_to_20080106,2008-01-02,2008-01-06,pilot_centroid,moderate,71.69,Unnamed OSM road,motorway_link,164124675,1757800846,7082864214,0,250,0.75,0.05,coarse-modis-250m,231877.643,0.965954,0.965954,0.0,0.0,0.0,negative,moderate,
osm-1757800859-1757800846-0,DFO_3251_From_20080102_to_20080106,2008-01-02,2008-01-06,pilot_centroid,moderate,25.422,Unnamed OSM road,motorway_link,1123241708,1757800859,1757800846,0,250,0.75,0.05,coarse-modis-250m,208797.392,0.962823,0.962823,0.0,0.0,0.0,negative,moderate,
osm-1757800861-6776762981-0,DFO_3251_From_20080102_to_20080106,2008-01-02,2008-01-06,pilot_centroid,moderate,16.571,Jalan Tomang Raya,primary,320147637,1757800861,6776762981,0,250,0.75,0.05,coarse-modis-250m,204368.989,0.962041,0.962041,0.0,0.0,0.0,negative,moderate,
osm-1757800861-7082864214-0,DFO_3251_From_20080102_to_20080106,2008-01-02,2008-01-06,pilot_centroid,moderate,16.082,Jalan Letnan Jenderal Siswondo Parman,trunk,320147638,1757800861,7082864214,0,250,0.75,0.05,coarse-modis-250m,204124.231,0.96217,0.96217,0.0,0.0,0.0,negative,moderate,
osm-1757800865-9009175767-0,DFO_3251_From_20080102_to_20080106,2008-01-02,2008-01-06,pilot_centroid,moderate,6.111,Jalan Letnan Jenderal Siswondo Parman,trunk,688087384,1757800865,9009175767,0,250,0.75,0.05,coarse-modis-250m,199135.702,0.96136,0.96136,0.0,0.0,0.0,negative,moderate,
osm-1782804895-309824120-0,DFO_3251_From_20080102_to_20080106,2008-01-02,2008-01-06,pilot_centroid,moderate,1560.372,Jalan Tol Cawang–Pluit,motorway,1261908059|28190908|28190910,1782804895,309824120,0,250,0.75,0.05,coarse-modis-250m,976736.261,0.856422,0.856422,0.0,0.0,0.0,negative,moderate,
osm-1782804903-1782804895-0,DFO_3251_From_20080102_to_20080106,2008-01-02,2008-01-06,pilot_centroid,moderate,673.556,Jalan Tol Cawang–Pluit,motorway,414029876,1782804903,1782804895,0,250,0.75,0.05,coarse-modis-250m,533066.43,0.681456,0.681456,0.0,0.0,0.0,unknown,excluded,insufficient_source_coverage
osm-1783134145-6336788292-0,DFO_3251_From_20080102_to_20080106,2008-01-02,2008-01-06,pilot_centroid,moderate,41.657,Jalan Kyai Haji Mas Mansyur,primary,28219234,1783134145,6336788292,0,250,0.75,0.05,coarse-modis-250m,216919.577,0.964175,0.964175,0.0,0.0,0.0,negative,moderate,
osm-186669834-13699094545-0,DFO_3251_From_20080102_to_20080106,2008-01-02,2008-01-06,pilot_centroid,moderate,14.091,Jalan Kebon Sirih,primary,719606918,186669834,13699094545,0,250,0.75,0.05,coarse-modis-250m,203129.392,0.962414,0.962414,0.0,0.0,0.0,negative,moderate,
osm-186849138-1663918523-0,DFO_3251_From_20080102_to_20080106,2008-01-02,2008-01-06,pilot_centroid,moderate,22.832,Jalan Insinyur Haji Juanda,secondary,630154039,186849138,1663918523,0,250,0.75,0.05,coarse-modis-250m,207500.361,0.962984,0.962984,0.0,0.0,0.0,negative,moderate,
osm-186871952-5671317482-0,DFO_3251_From_20080102_to_20080106,2008-01-02,2008-01-06,pilot_centroid,moderate,55.089,Jalan Jatibaru,primary,343915036,186871952,5671317482,0,250,0.75,0.05,coarse-modis-250m,223631.348,0.964626,0.964626,0.0,0.0,0.0,negative,moderate,
osm-186871954-7249176145-0,DFO_3251_From_20080102_to_20080106,2008-01-02,2008-01-06,pilot_centroid,moderate,6.117,Jalan Jatibaru,primary,343915036,186871954,7249176145,0,250,0.75,0.05,coarse-modis-250m,199138.516,0.961258,0.961258,0.0,0.0,0.0,negative,moderate,
osm-186894208-104364334-0,DFO_3251_From_20080102_to_20080106,2008-01-02,2008-01-06,pilot_centroid,moderate,32.235,Jalan Balikpapan Raya,primary,1319726964|1319726965|493578199,186894208,104364334,0,250,0.75,0.05,coarse-modis-250m,212205.868,0.963686,0.963686,0.0,0.0,0.0,negative,moderate,
osm-191505875-7595258503-0,DFO_3251_From_20080102_to_20080106,2008-01-02,2008-01-06,pilot_centroid,moderate,430.778,Jalan Pos,secondary,1249398770|762052107|28705634|1267260703,191505875,7595258503,0,250,0.75,0.05,coarse-modis-250m,411595.345,0.979128,0.979128,0.0,0.0,0.0,negative,moderate,
osm-191505885-13717294231-0,DFO_3251_From_20080102_to_20080106,2008-01-02,2008-01-06,pilot_centroid,moderate,28.644,Jalan Insinyur Haji Juanda,secondary,762042490,191505885,13717294231,0,250,0.75,0.05,coarse-modis-250m,210409.141,0.963139,0.963139,0.0,0.0,0.0,negative,moderate,
osm-191505992-5372018440-0,DFO_3251_From_20080102_to_20080106,2008-01-02,2008-01-06,pilot_centroid,moderate,7.15,Jalan Insinyur Haji Juanda,secondary,11670123,191505992,5372018440,0,250,0.75,0.05,coarse-modis-250m,199655.311,0.961397,0.961397,0.0,0.0,0.0,negative,moderate,
osm-191506029-5009351128-0,DFO_3251_From_20080102_to_20080106,2008-01-02,2008-01-06,pilot_centroid,moderate,19.736,Jalan Insinyur Haji Juanda,secondary,766835780,191506029,5009351128,0,250,0.75,0.05,coarse-modis-250m,205952.463,0.962452,0.962452,0.0,0.0,0.0,negative,moderate,
osm-191578995-8992744188-0,DFO_3251_From_20080102_to_20080106,2008-01-02,2008-01-06,pilot_centroid,moderate,58.713,Jalan Kebon Sirih,primary,18056345,191578995,8992744188,0,250,0.75,0.05,coarse-modis-250m,225452.888,0.96521,0.96521,0.0,0.0,0.0,negative,moderate,
osm-1993475640-6429880632-0,DFO_3251_From_20080102_to_20080106,2008-01-02,2008-01-06,pilot_centroid,moderate,374.997,Unnamed OSM road,motorway_link,759046780|759046781|233451463,1993475640,6429880632,0,250,0.75,0.05,coarse-modis-250m,383681.12,0.977236,0.977236,0.0,0.0,0.0,negative,moderate,
osm-2019635436-13772607355-0,DFO_3251_From_20080102_to_20080106,2008-01-02,2008-01-06,pilot_centroid,moderate,33.608,Jalan Jatinegara Timur,primary,1285607130,2019635436,13772607355,0,250,0.75,0.05,coarse-modis-250m,212891.35,0.963567,0.963567,0.0,0.0,0.0,negative,moderate,
osm-2032758147-29939211-0,DFO_3251_From_20080102_to_20080106,2008-01-02,2008-01-06,pilot_centroid,moderate,19.324,Jalan Gunung Sahari Raya,primary,684088513|560883982,2032758147,29939211,0,250,0.75,0.05,coarse-modis-250m,205746.453,0.962498,0.962498,0.0,0.0,0.0,negative,moderate,
osm-2032872437-29939141-0,DFO_3251_From_20080102_to_20080106,2008-01-02,2008-01-06,pilot_centroid,moderate,28.777,Jalan Garuda,secondary,37018609,2032872437,29939141,0,250,0.75,0.05,coarse-modis-250m,210475.711,0.963161,0.963161,0.0,0.0,0.0,negative,moderate,
osm-2209098563-6459032697-0,DFO_3251_From_20080102_to_20080106,2008-01-02,2008-01-06,pilot_centroid,moderate,142.023,Jalan Dokter Suratmo,secondary,761320320|761320315,2209098563,6459032697,0,250,0.75,0.05,coarse-modis-250m,267134.372,0.970001,0.970001,0.0,0.0,0.0,negative,moderate,
osm-2210464501-315712058-0,DFO_3251_From_20080102_to_20080106,2008-01-02,2008-01-06,pilot_centroid,moderate,40.144,Jalan Gunung Sahari Raya,primary,592276676,2210464501,315712058,0,250,0.75,0.05,coarse-modis-250m,216159.416,0.964146,0.964146,0.0,0.0,0.0,negative,moderate,
osm-2363808979-7120370231-0,DFO_3251_From_20080102_to_20080106,2008-01-02,2008-01-06,pilot_centroid,moderate,34.501,Jalan Gunung Sahari Raya,primary,1265458800|1498249123,2363808979,7120370231,0,250,0.75,0.05,coarse-modis-250m,213339.231,0.96353,0.96353,0.0,0.0,0.0,negative,moderate,
osm-2379121074-7039275702-0,DFO_3251_From_20080102_to_20080106,2008-01-02,2008-01-06,pilot_centroid,moderate,12.783,Jalan Radin Inten,primary,688681379,2379121074,7039275702,0,250,0.75,0.05,coarse-modis-250m,202473.667,0.962021,0.962021,0.0,0.0,0.0,negative,moderate,
osm-2379121077-7039275702-0,DFO_3251_From_20080102_to_20080106,2008-01-02,2008-01-06,pilot_centroid,moderate,22.464,Unnamed OSM road,primary_link,229292350,2379121077,7039275702,0,250,0.75,0.05,coarse-modis-250m,207317.326,0.96263,0.96263,0.0,0.0,0.0,negative,moderate,
osm-2399364732-11299364779-0,DFO_3251_From_20080102_to_20080106,2008-01-02,2008-01-06,pilot_centroid,moderate,63.948,Jalan Bekasi Raya,trunk,764298933,2399364732,11299364779,0,250,0.75,0.05,coarse-modis-250m,228072.127,0.96565,0.96565,0.0,0.0,0.0,negative,moderate,
osm-2400147489-7246473924-0,DFO_3251_From_20080102_to_20080106,2008-01-02,2008-01-06,pilot_centroid,moderate,101.064,Jalan Kyai Haji Mas Mansyur,primary,28219053,2400147489,7246473924,0,250,0.75,0.05,coarse-modis-250m,246504.524,0.946426,0.946426,0.0,0.0,0.0,negative,moderate,
osm-2415521692-1150900577-0,DFO_3251_From_20080102_to_20080106,2008-01-02,2008-01-06,pilot_centroid,moderate,86.624,Jalan Yos Sudarso,trunk,689869177|689869178,2415521692,1150900577,0,250,0.75,0.05,coarse-modis-250m,239415.182,0.967036,0.967036,0.0,0.0,0.0,negative,moderate,
osm-2415521737-4466384617-0,DFO_3251_From_20080102_to_20080106,2008-01-02,2008-01-06,pilot_centroid,moderate,79.21,Unnamed OSM road,trunk_link,764016540,2415521737,4466384617,0,250,0.75,0.05,coarse-modis-250m,235591.541,0.966893,0.966893,0.0,0.0,0.0,negative,moderate,
osm-2415817217-454066598-0,DFO_3251_From_20080102_to_20080106,2008-01-02,2008-01-06,pilot_centroid,moderate,385.232,Unnamed OSM road,motorway_link,233226576|453477922|453477923,2415817217,454066598,0,250,0.75,0.05,coarse-modis-250m,387559.512,0.978602,0.978602,0.0,0.0,0.0,negative,moderate,
osm-2415823492-5668231819-0,DFO_3251_From_20080102_to_20080106,2008-01-02,2008-01-06,pilot_centroid,moderate,2683.725,Jalan Tol Insinyur Wiyoto Wiyono,motorway,728260125,2415823492,5668231819,0,250,0.75,0.05,coarse-modis-250m,1538744.286,0.99108,0.99108,0.0,0.0,0.0,negative,moderate,
osm-2516439291-2415521737-0,DFO_3251_From_20080102_to_20080106,2008-01-02,2008-01-06,pilot_centroid,moderate,26.503,Unnamed OSM road,trunk_link,594027808,2516439291,2415521737,0,250,0.75,0.05,coarse-modis-250m,209338.164,0.963157,0.963157,0.0,0.0,0.0,negative,moderate,
osm-2516439291-316395244-0,DFO_3251_From_20080102_to_20080106,2008-01-02,2008-01-06,pilot_centroid,moderate,78.021,Jalan Letnan Jenderal Suprapto,primary,1330857681|749676831,2516439291,316395244,0,250,0.75,0.05,coarse-modis-250m,235113.028,0.966563,0.966563,0.0,0.0,0.0,negative,moderate,
osm-2589974180-5334300227-0,DFO_3251_From_20080102_to_20080106,2008-01-02,2008-01-06,pilot_centroid,moderate,118.203,Jalan Karet Pedurenan Raya,tertiary,28132208,2589974180,5334300227,0,250,0.75,0.05,coarse-modis-250m,255215.431,0.969295,0.969295,0.0,0.0,0.0,negative,moderate,
osm-2589977444-2589977470-0,DFO_3251_From_20080102_to_20080106,2008-01-02,2008-01-06,pilot_centroid,moderate,58.674,Jalan Profesor Doktor Satrio,primary,685545461,2589977444,2589977470,0,250,0.75,0.05,coarse-modis-250m,225433.546,0.224199,0.224199,0.0,0.0,0.0,unknown,excluded,insufficient_source_coverage
osm-2589977470-5388329052-0,DFO_3251_From_20080102_to_20080106,2008-01-02,2008-01-06,pilot_centroid,moderate,230.739,Jalan Profesor Doktor Satrio,primary,613723908|685545461,2589977470,5388329052,0,250,0.75,0.05,coarse-modis-250m,311519.823,0.377031,0.377031,0.0,0.0,0.0,unknown,excluded,insufficient_source_coverage
osm-2821400645-5671270622-0,DFO_3251_From_20080102_to_20080106,2008-01-02,2008-01-06,pilot_centroid,moderate,60.357,Jalan Gunung Sahari Raya,primary,521161628,2821400645,5671270622,0,250,0.75,0.05,coarse-modis-250m,226275.415,0.965413,0.965413,0.0,0.0,0.0,negative,moderate,
osm-2836706754-13030921685-0,DFO_3251_From_20080102_to_20080106,2008-01-02,2008-01-06,pilot_centroid,moderate,47.43,Jalan Pulau Putri,residential,279455518,2836706754,13030921685,0,250,0.75,0.05,coarse-modis-250m,219808.067,0.964624,0.964624,0.0,0.0,0.0,negative,moderate,
osm-2836706756-4696797079-0,DFO_3251_From_20080102_to_20080106,2008-01-02,2008-01-06,pilot_centroid,moderate,10.143,Jalan Pulau Putri,residential,279455519,2836706756,4696797079,0,250,0.75,0.05,coarse-modis-250m,201152.889,0.961715,0.961715,0.0,0.0,0.0,negative,moderate,
osm-2836706758-2836737300-0,DFO_3251_From_20080102_to_20080106,2008-01-02,2008-01-06,pilot_centroid,moderate,23.292,Unnamed OSM road,service,279455520,2836706758,2836737300,0,250,0.75,0.05,coarse-modis-250m,207737.398,0.963988,0.963988,0.0,0.0,0.0,negative,moderate,
osm-2836737300-5379768936-0,DFO_3251_From_20080102_to_20080106,2008-01-02,2008-01-06,pilot_centroid,moderate,42.815,Jalan Pulau Putri,residential,1312175634|1312173531|562374422,2836737300,5379768936,0,250,0.75,0.05,coarse-modis-250m,217497.271,0.964167,0.964167,0.0,0.0,0.0,negative,moderate,
osm-2872136862-1275851646-0,DFO_3251_From_20080102_to_20080106,2008-01-02,2008-01-06,pilot_centroid,moderate,96.631,Jalan Otto Iskandar Dinata,primary,28765421,2872136862,1275851646,0,250,0.75,0.05,coarse-modis-250m,244412.204,0.967548,0.967548,0.0,0.0,0.0,negative,moderate,
osm-2882028353-6347347053-0,DFO_3251_From_20080102_to_20080106,2008-01-02,2008-01-06,pilot_centroid,moderate,11.078,Jalan Boulevard Barat,secondary,39741723,2882028353,6347347053,0,250,0.75,0.05,coarse-modis-250m,201620.716,0.961771,0.961771,0.0,0.0,0.0,negative,moderate,
osm-29938988-6552109327-0,DFO_3251_From_20080102_to_20080106,2008-01-02,2008-01-06,pilot_centroid,moderate,39.851,Jalan Kebon Sirih,primary,18056345,29938988,6552109327,0,250,0.75,0.05,coarse-modis-250m,216016.034,0.96437,0.96437,0.0,0.0,0.0,negative,moderate,
osm-29939141-8500012435-0,DFO_3251_From_20080102_to_20080106,2008-01-02,2008-01-06,pilot_centroid,moderate,58.856,Jalan Garuda,secondary,37018609,29939141,8500012435,0,250,0.75,0.05,coarse-modis-250m,225524.562,0.965282,0.965282,0.0,0.0,0.0,negative,moderate,
osm-29939142-2032872437-0,DFO_3251_From_20080102_to_20080106,2008-01-02,2008-01-06,pilot_centroid,moderate,86.317,Jalan Garuda,secondary,37018609,29939142,2032872437,0,250,0.75,0.05,coarse-modis-250m,239263.81,0.967083,0.967083,0.0,0.0,0.0,negative,moderate,
osm-29939143-5674017477-0,DFO_3251_From_20080102_to_20080106,2008-01-02,2008-01-06,pilot_centroid,moderate,11.596,Jalan Garuda,secondary,37018609,29939143,5674017477,0,250,0.75,0.05,coarse-modis-250m,201881.143,0.962359,0.962359,0.0,0.0,0.0,negative,moderate,
osm-29939144-9013899871-0,DFO_3251_From_20080102_to_20080106,2008-01-02,2008-01-06,pilot_centroid,moderate,72.513,Jalan Garuda,secondary,37018609,29939144,9013899871,0,250,0.75,0.05,coarse-modis-250m,232357.429,0.966211,0.966211,0.0,0.0,0.0,negative,moderate,
osm-29939146-1173954328-0,DFO_3251_From_20080102_to_20080106,2008-01-02,2008-01-06,pilot_centroid,moderate,25.539,Jalan Garuda,secondary,37018609,29939146,1173954328,0,250,0.75,0.05,coarse-modis-250m,208855.758,0.962935,0.962935,0.0,0.0,0.0,negative,moderate,
osm-29939148-1173954346-0,DFO_3251_From_20080102_to_20080106,2008-01-02,2008-01-06,pilot_centroid,moderate,12.054,Jalan Garuda,secondary,557206897,29939148,1173954346,0,250,0.75,0.05,coarse-modis-250m,202109.006,0.961893,0.961893,0.0,0.0,0.0,negative,moderate,
osm-29939154-7120383659-0,DFO_3251_From_20080102_to_20080106,2008-01-02,2008-01-06,pilot_centroid,moderate,7.532,Jalan Gunung Sahari Raya,primary,762101021,29939154,7120383659,0,250,0.75,0.05,coarse-modis-250m,199846.671,0.961399,0.961399,0.0,0.0,0.0,negative,moderate,
osm-29939156-2363808979-0,DFO_3251_From_20080102_to_20080106,2008-01-02,2008-01-06,pilot_centroid,moderate,11.495,Jalan Gunung Sahari Raya,primary,754106243,29939156,2363808979,0,250,0.75,0.05,coarse-modis-250m,201829.076,0.961826,0.961826,0.0,0.0,0.0,negative,moderate,
osm-29939156-318538221-0,DFO_3251_From_20080102_to_20080106,2008-01-02,2008-01-06,pilot_centroid,moderate,217.601,Jalan Gunung Sahari V,secondary,35344189|1498249125,29939156,318538221,0,250,0.75,0.05,coarse-modis-250m,304948.035,0.97337,0.97337,0.0,0.0,0.0,negative,moderate,
osm-29939211-7120318185-0,DFO_3251_From_20080102_to_20080106,2008-01-02,2008-01-06,pilot_centroid,moderate,26.654,Jalan Gunung Sahari Raya,primary,1098671482|1497744549,29939211,7120318185,0,250,0.75,0.05,coarse-modis-250m,209419.146,0.963713,0.963713,0.0,0.0,0.0,negative,moderate,
osm-302230529-8789425687-0,DFO_3251_From_20080102_to_20080106,2008-01-02,2008-01-06,pilot_centroid,moderate,48.071,Jalan Radin Inten,primary,119909339,302230529,8789425687,0,250,0.75,0.05,coarse-modis-250m,220128.78,0.964582,0.964582,0.0,0.0,0.0,negative,moderate,
osm-302230530-7509918738-0,DFO_3251_From_20080102_to_20080106,2008-01-02,2008-01-06,pilot_centroid,moderate,7.901,Jalan Radin Inten,primary,119909339,302230530,7509918738,0,250,0.75,0.05,coarse-modis-250m,200031.183,0.962203,0.962203,0.0,0.0,0.0,negative,moderate,
osm-308981968-11925112167-0,DFO_3251_From_20080102_to_20080106,2008-01-02,2008-01-06,pilot_centroid,moderate,29.272,Jalan Karet Pedurenan Raya,tertiary,28132208,308981968,11925112167,0,250,0.75,0.05,coarse-modis-250m,210723.279,0.963263,0.963263,0.0,0.0,0.0,negative,moderate,
osm-308981969-8488635421-0,DFO_3251_From_20080102_to_20080106,2008-01-02,2008-01-06,pilot_centroid,moderate,59.189,Jalan Karet Pedurenan Raya,tertiary,28132208,308981969,8488635421,0,250,0.75,0.05,coarse-modis-250m,225691.166,0.965327,0.965327,0.0,0.0,0.0,negative,moderate,
osm-308981972-13456437803-0,DFO_3251_From_20080102_to_20080106,2008-01-02,2008-01-06,pilot_centroid,moderate,34.965,Jalan Pedurenan Masjid Raya,tertiary,392820646,308981972,13456437803,0,250,0.75,0.05,coarse-modis-250m,213571.808,0.963489,0.963489,0.0,0.0,0.0,negative,moderate,
osm-309086906-3723634710-0,DFO_3251_From_20080102_to_20080106,2008-01-02,2008-01-06,pilot_centroid,moderate,571.521,Jalan Tol Insinyur Wiyoto Wiyono,motorway,1229759881|1229759882|1316919527,309086906,3723634710,0,250,0.75,0.05,coarse-modis-250m,482018.022,0.981464,0.981464,0.0,0.0,0.0,negative,moderate,
osm-309687605-5388328959-0,DFO_3251_From_20080102_to_20080106,2008-01-02,2008-01-06,pilot_centroid,moderate,74.962,Jalan Denpasar Raya,tertiary,28194353,309687605,5388328959,0,250,0.75,0.05,coarse-modis-250m,233582.537,0.966495,0.966495,0.0,0.0,0.0,negative,moderate,
osm-309712345-13102843717-0,DFO_3251_From_20080102_to_20080106,2008-01-02,2008-01-06,pilot_centroid,moderate,10.975,Jalan Jenderal Gatot Subroto,trunk,562407886|1034697150,309712345,13102843717,0,250,0.75,0.05,coarse-modis-250m,201568.705,0.961756,0.961756,0.0,0.0,0.0,negative,moderate,
osm-309714207-388240367-0,DFO_3251_From_20080102_to_20080106,2008-01-02,2008-01-06,pilot_centroid,moderate,21.303,Jalan Jenderal Gatot Subroto,trunk,1252754501,309714207,388240367,0,250,0.75,0.05,coarse-modis-250m,206736.417,0.962692,0.962692,0.0,0.0,0.0,negative,moderate,
osm-309716308-9465024317-0,DFO_3251_From_20080102_to_20080106,2008-01-02,2008-01-06,pilot_centroid,moderate,1362.48,Jalan Tol Cawang–Pluit,motorway,28196652|1074109086|749708022,309716308,9465024317,0,250,0.75,0.05,coarse-modis-250m,877745.955,0.987767,0.987767,0.0,0.0,0.0,negative,moderate,
osm-309824120-309716308-0,DFO_3251_From_20080102_to_20080106,2008-01-02,2008-01-06,pilot_centroid,moderate,1179.967,Jalan Tol Cawang–Pluit,motorway,562407889|562407890|28190908|1220256374,309824120,309716308,0,250,0.75,0.05,coarse-modis-250m,786424.921,0.952489,0.952489,0.0,0.0,0.0,negative,moderate,
osm-309824174-5671045991-0,DFO_3251_From_20080102_to_20080106,2008-01-02,2008-01-06,pilot_centroid,moderate,1609.585,Tol Dalam Kota Jakarta,motorway,514485761|514077530|518966610|757042426,309824174,5671045991,0,250,0.75,0.05,coarse-modis-250m,1001351.912,0.988751,0.988751,0.0,0.0,0.0,negative,moderate,
osm-309825163-3723599608-0,DFO_3251_From_20080102_to_20080106,2008-01-02,2008-01-06,pilot_centroid,moderate,102.221,Jalan Tol Dalam Kota Jakarta,motorway,1220260101|1220260102,309825163,3723599608,0,250,0.75,0.05,coarse-modis-250m,247220.656,0.968024,0.968024,0.0,0.0,0.0,negative,moderate,
osm-309880841-6797982811-0,DFO_3251_From_20080102_to_20080106,2008-01-02,2008-01-06,pilot_centroid,moderate,225.811,Unnamed OSM road,motorway_link,28213170,309880841,6797982811,0,250,0.75,0.05,coarse-modis-250m,309037.584,0.973413,0.973413,0.0,0.0,0.0,negative,moderate,
osm-309941624-8478023954-0,DFO_3251_From_20080102_to_20080106,2008-01-02,2008-01-06,pilot_centroid,moderate,121.379,Jalan Kyai Haji Mas Mansyur,primary,699354251,309941624,8478023954,0,250,0.75,0.05,coarse-modis-250m,256803.186,0.969075,0.969075,0.0,0.0,0.0,negative,moderate,
osm-309941703-11919728419-0,DFO_3251_From_20080102_to_20080106,2008-01-02,2008-01-06,pilot_centroid,moderate,40.319,Jalan Kyai Haji Mas Mansyur,primary,1487710045,309941703,11919728419,0,250,0.75,0.05,coarse-modis-250m,216250.294,0.964049,0.964049,0.0,0.0,0.0,negative,moderate,
osm-309950695-4867479520-0,DFO_3251_From_20080102_to_20080106,2008-01-02,2008-01-06,pilot_centroid,moderate,28.181,Jalan Kyai Haji Mas Mansyur,primary,1253507714,309950695,4867479520,0,250,0.75,0.05,coarse-modis-250m,210177.559,0.96315,0.96315,0.0,0.0,0.0,negative,moderate,
osm-310003265-5379992807-0,DFO_3251_From_20080102_to_20080106,2008-01-02,2008-01-06,pilot_centroid,moderate,56.277,Jalan Denpasar Raya,tertiary,28194353,310003265,5379992807,0,250,0.75,0.05,coarse-modis-250m,224234.183,0.958862,0.958862,0.0,0.0,0.0,negative,moderate,
osm-310003828-352961150-0,DFO_3251_From_20080102_to_20080106,2008-01-02,2008-01-06,pilot_centroid,moderate,65.364,Jalan Pedurenan Masjid Raya,tertiary,1101788200,310003828,352961150,0,250,0.75,0.05,coarse-modis-250m,228779.54,0.965796,0.965796,0.0,0.0,0.0,negative,moderate,
osm-310005821-8811305451-0,DFO_3251_From_20080102_to_20080106,2008-01-02,2008-01-06,pilot_centroid,moderate,81.047,Jalan Profesor Doktor Satrio,primary,1090935689|495447738,310005821,8811305451,0,250,0.75,0.05,coarse-modis-250m,236616.397,0.966838,0.966838,0.0,0.0,0.0,negative,moderate,
osm-310008087-317756351-0,DFO_3251_From_20080102_to_20080106,2008-01-02,2008-01-06,pilot_centroid,moderate,18.192,Jalan Jatibaru,primary,1108789789,310008087,317756351,0,250,0.75,0.05,coarse-modis-250m,205180.035,0.962396,0.962396,0.0,0.0,0.0,negative,moderate,
osm-310042746-5377177693-0,DFO_3251_From_20080102_to_20080106,2008-01-02,2008-01-06,pilot_centroid,moderate,57.658,Jalan Penjernihan 1,primary,28779908,310042746,5377177693,0,250,0.75,0.05,coarse-modis-250m,224923.462,0.965154,0.965154,0.0,0.0,0.0,negative,moderate,
osm-310047835-9645211400-0,DFO_3251_From_20080102_to_20080106,2008-01-02,2008-01-06,pilot_centroid,moderate,14.041,Jalan Letnan Jenderal Siswondo Parman,trunk,560008548,310047835,9645211400,0,250,0.75,0.05,coarse-modis-250m,203103.243,0.962019,0.962019,0.0,0.0,0.0,negative,moderate,
osm-310048098-309825163-0,DFO_3251_From_20080102_to_20080106,2008-01-02,2008-01-06,pilot_centroid,moderate,1454.282,Tol Dalam Kota Jakarta,motorway,749334208|749334209|514485762|1220260102|514077531,310048098,309825163,0,250,0.75,0.05,coarse-modis-250m,923644.555,0.988124,0.988124,0.0,0.0,0.0,negative,moderate,
osm-310048835-5023930574-0,DFO_3251_From_20080102_to_20080106,2008-01-02,2008-01-06,pilot_centroid,moderate,26.648,Jalan Letnan Jenderal Siswondo Parman,trunk,1249941598|1220487710,310048835,5023930574,0,250,0.75,0.05,coarse-modis-250m,209402.318,0.963222,0.963222,0.0,0.0,0.0,negative,moderate,
osm-310048835-6451500598-0,DFO_3251_From_20080102_to_20080106,2008-01-02,2008-01-06,pilot_centroid,moderate,16.273,Jalan Tomang Raya,primary,1239767488,310048835,6451500598,0,250,0.75,0.05,coarse-modis-250m,204219.571,0.962182,0.962182,0.0,0.0,0.0,negative,moderate,
osm-310052525-1757800787-0,DFO_3251_From_20080102_to_20080106,2008-01-02,2008-01-06,pilot_centroid,moderate,850.286,Unnamed OSM road,motorway_link,725250595|320151953|320147636|164123509|320147642|1453115261,310052525,1757800787,0,250,0.75,0.05,coarse-modis-250m,608321.063,0.984665,0.984665,0.0,0.0,0.0,negative,moderate,
osm-310080557-9648055038-0,DFO_3251_From_20080102_to_20080106,2008-01-02,2008-01-06,pilot_centroid,moderate,22.313,Jalan Letnan Jenderal Siswondo Parman,trunk,688117575,310080557,9648055038,0,250,0.75,0.05,coarse-modis-250m,207241.737,0.962245,0.962245,0.0,0.0,0.0,negative,moderate,
osm-310327453-6978547983-0,DFO_3251_From_20080102_to_20080106,2008-01-02,2008-01-06,pilot_centroid,moderate,146.114,Jalan Jenderal Ahmad Yani,trunk,759489965,310327453,6978547983,0,250,0.75,0.05,coarse-modis-250m,269180.512,0.970239,0.970239,0.0,0.0,0.0,negative,moderate,
osm-310327514-7576918586-0,DFO_3251_From_20080102_to_20080106,2008-01-02,2008-01-06,pilot_centroid,moderate,2484.015,Jalan Tol Lingkar Wiyoto Wiyono,motorway,838389411|838389412|765446443|765446444|1221523255|765502014|765502015,310327514,7576918586,0,250,0.75,0.05,coarse-modis-250m,1438844.718,0.990674,0.990674,0.0,0.0,0.0,negative,moderate,
osm-310327514-9498062303-0,DFO_3251_From_20080102_to_20080106,2008-01-02,2008-01-06,pilot_centroid,moderate,485.166,Unnamed OSM road,motorway_link,765446446|765446445|368504614,310327514,9498062303,0,250,0.75,0.05,coarse-modis-250m,438733.848,0.979871,0.979871,0.0,0.0,0.0,negative,moderate,
osm-315198778-13033996655-0,DFO_3251_From_20080102_to_20080106,2008-01-02,2008-01-06,pilot_centroid,moderate,10.33,Jalan Salemba Raya,primary,1430140279,315198778,13033996655,0,250,0.75,0.05,coarse-modis-250m,201246.035,0.961664,0.961664,0.0,0.0,0.0,negative,moderate,
osm-315207989-13525649841-0,DFO_3251_From_20080102_to_20080106,2008-01-02,2008-01-06,pilot_centroid,moderate,24.532,Jalan Matraman,primary,557888640,315207989,13525649841,0,250,0.75,0.05,coarse-modis-250m,208345.366,0.963204,0.963204,0.0,0.0,0.0,negative,moderate,
osm-315207989-5668256808-0,DFO_3251_From_20080102_to_20080106,2008-01-02,2008-01-06,pilot_centroid,moderate,24.165,Jalan Matraman,primary,724201959,315207989,5668256808,0,250,0.75,0.05,coarse-modis-250m,208167.977,0.963171,0.963171,0.0,0.0,0.0,negative,moderate,
osm-315208899-324851729-0,DFO_3251_From_20080102_to_20080106,2008-01-02,2008-01-06,pilot_centroid,moderate,370.895,Jalan Jenderal Ahmad Yani,trunk,1525327315|758733886|559322279,315208899,324851729,0,250,0.75,0.05,coarse-modis-250m,381634.196,0.977808,0.977808,0.0,0.0,0.0,negative,moderate,
osm-315305416-13456804471-0,DFO_3251_From_20080102_to_20080106,2008-01-02,2008-01-06,pilot_centroid,moderate,2.211,Jalan Karet Pedurenan Raya,tertiary,28132208,315305416,13456804471,0,250,0.75,0.05,coarse-modis-250m,197184.328,0.961115,0.961115,0.0,0.0,0.0,negative,moderate,
osm-315469600-9031322607-0,DFO_3251_From_20080102_to_20080106,2008-01-02,2008-01-06,pilot_centroid,moderate,15.741,Jalan Kebon Sirih,primary,18056345,315469600,9031322607,0,250,0.75,0.05,coarse-modis-250m,203953.833,0.962045,0.962045,0.0,0.0,0.0,negative,moderate,
osm-315469626-9032054232-0,DFO_3251_From_20080102_to_20080106,2008-01-02,2008-01-06,pilot_centroid,moderate,18.29,Jalan Kebon Sirih,primary,18056345,315469626,9032054232,0,250,0.75,0.05,coarse-modis-250m,205228.669,0.962523,0.962523,0.0,0.0,0.0,negative,moderate,
osm-315480467-9679167895-0,DFO_3251_From_20080102_to_20080106,2008-01-02,2008-01-06,pilot_centroid,moderate,17.675,Jalan Arief Rachman Hakim,primary,688522169,315480467,9679167895,0,250,0.75,0.05,coarse-modis-250m,204921.044,0.962353,0.962353,0.0,0.0,0.0,negative,moderate,
osm-315487156-5230379695-0,DFO_3251_From_20080102_to_20080106,2008-01-02,2008-01-06,pilot_centroid,moderate,76.703,Jalan Tomang Raya,primary,497108766,315487156,5230379695,0,250,0.75,0.05,coarse-modis-250m,234447.411,0.966823,0.966823,0.0,0.0,0.0,negative,moderate,
osm-315546959-7098183581-0,DFO_3251_From_20080102_to_20080106,2008-01-02,2008-01-06,pilot_centroid,moderate,41.321,Jalan Pos,secondary,28706110,315546959,7098183581,0,250,0.75,0.05,coarse-modis-250m,216737.525,0.964114,0.964114,0.0,0.0,0.0,negative,moderate,
osm-315547395-315546959-0,DFO_3251_From_20080102_to_20080106,2008-01-02,2008-01-06,pilot_centroid,moderate,37.491,Jalan Pos,secondary,594893749,315547395,315546959,0,250,0.75,0.05,coarse-modis-250m,214829.524,0.964969,0.964969,0.0,0.0,0.0,negative,moderate,
osm-315684305-4269900330-0,DFO_3251_From_20080102_to_20080106,2008-01-02,2008-01-06,pilot_centroid,moderate,30.862,Jalan Insinyur Haji Juanda,secondary,1369734224|696175333,315684305,4269900330,0,250,0.75,0.05,coarse-modis-250m,211495.59,0.964127,0.964127,0.0,0.0,0.0,negative,moderate,
osm-315710860-29939156-0,DFO_3251_From_20080102_to_20080106,2008-01-02,2008-01-06,pilot_centroid,moderate,18.143,Jalan Dokter Sutomo,secondary,1249398772|1249818275|654692996,315710860,29939156,0,250,0.75,0.05,coarse-modis-250m,205155.347,0.962459,0.962459,0.0,0.0,0.0,negative,moderate,
osm-315712058-315712135-0,DFO_3251_From_20080102_to_20080106,2008-01-02,2008-01-06,pilot_centroid,moderate,46.736,Jalan Gunung Sahari Raya,primary,592276676,315712058,315712135,0,250,0.75,0.05,coarse-modis-250m,219460.758,0.964574,0.964574,0.0,0.0,0.0,negative,moderate,
osm-315712135-13606177748-0,DFO_3251_From_20080102_to_20080106,2008-01-02,2008-01-06,pilot_centroid,moderate,81.37,Jalan Gunung Sahari Raya,primary,1530998629,315712135,13606177748,0,250,0.75,0.05,coarse-modis-250m,236790.455,0.96693,0.96693,0.0,0.0,0.0,negative,moderate,
osm-315712497-5354213822-0,DFO_3251_From_20080102_to_20080106,2008-01-02,2008-01-06,pilot_centroid,moderate,28.837,Jalan Gunung Sahari Raya,primary,634085906|1530998628,315712497,5354213822,0,250,0.75,0.05,coarse-modis-250m,210505.513,0.963102,0.963102,0.0,0.0,0.0,negative,moderate,
osm-315746130-13721019303-0,DFO_3251_From_20080102_to_20080106,2008-01-02,2008-01-06,pilot_centroid,moderate,18.228,Jalan Pasar Senen,primary,11671364,315746130,13721019303,0,250,0.75,0.05,coarse-modis-250m,205197.686,0.962207,0.962207,0.0,0.0,0.0,negative,moderate,
osm-315746992-11199436896-0,DFO_3251_From_20080102_to_20080106,2008-01-02,2008-01-06,pilot_centroid,moderate,83.589,Jalan Gunung Sahari Raya,primary,631760994,315746992,11199436896,0,250,0.75,0.05,coarse-modis-250m,237898.848,0.966912,0.966912,0.0,0.0,0.0,negative,moderate,
osm-316167893-9013032089-0,DFO_3251_From_20080102_to_20080106,2008-01-02,2008-01-06,pilot_centroid,moderate,48.198,Unnamed OSM road,residential,760206973|556928957,316167893,9013032089,0,250,0.75,0.05,coarse-modis-250m,220175.924,0.964838,0.964838,0.0,0.0,0.0,negative,moderate,
osm-316170709-329971830-0,DFO_3251_From_20080102_to_20080106,2008-01-02,2008-01-06,pilot_centroid,moderate,24.315,Jalan Matraman,primary,751712040,316170709,329971830,0,250,0.75,0.05,coarse-modis-250m,208243.126,0.962819,0.962819,0.0,0.0,0.0,negative,moderate,
osm-316176020-1757800817-0,DFO_3251_From_20080102_to_20080106,2008-01-02,2008-01-06,pilot_centroid,moderate,311.158,Simpang Susun Tomang,motorway,164124665|164124681|320153078,316176020,1757800817,0,250,0.75,0.05,coarse-modis-250m,351750.008,0.976182,0.976182,0.0,0.0,0.0,negative,moderate,
osm-316176020-310052525-0,DFO_3251_From_20080102_to_20080106,2008-01-02,2008-01-06,pilot_centroid,moderate,224.149,Unnamed OSM road,motorway_link,844134210|164124676|828989547|164124661|320156377,316176020,310052525,0,250,0.75,0.05,coarse-modis-250m,308032.589,0.973798,0.973798,0.0,0.0,0.0,negative,moderate,
osm-316266442-3723635058-0,DFO_3251_From_20080102_to_20080106,2008-01-02,2008-01-06,pilot_centroid,moderate,483.557,Unnamed OSM road,motorway_link,368504609|368504611,316266442,3723635058,0,250,0.75,0.05,coarse-modis-250m,438008.344,0.982943,0.982943,0.0,0.0,0.0,negative,moderate,
osm-316374560-4990059009-0,DFO_3251_From_20080102_to_20080106,2008-01-02,2008-01-06,pilot_centroid,moderate,166.499,Jalan Letnan Jenderal Suprapto,primary,758365788,316374560,4990059009,0,250,0.75,0.05,coarse-modis-250m,279380.032,0.971005,0.971005,0.0,0.0,0.0,negative,moderate,
osm-316374561-4548266741-0,DFO_3251_From_20080102_to_20080106,2008-01-02,2008-01-06,pilot_centroid,moderate,29.69,Jalan Tanah Tinggi Barat,primary,509865312|561430827,316374561,4548266741,0,250,0.75,0.05,coarse-modis-250m,210932.352,0.963218,0.963218,0.0,0.0,0.0,negative,moderate,
osm-316374585-4548266748-0,DFO_3251_From_20080102_to_20080106,2008-01-02,2008-01-06,pilot_centroid,moderate,116.963,Jalan Letnan Jenderal Suprapto,primary,755340964,316374585,4548266748,0,250,0.75,0.05,coarse-modis-250m,254596.563,0.96849,0.96849,0.0,0.0,0.0,negative,moderate,
osm-316374594-430546287-0,DFO_3251_From_20080102_to_20080106,2008-01-02,2008-01-06,pilot_centroid,moderate,491.6,Jalan Utan Panjang Barat,primary,37018601,316374594,430546287,0,250,0.75,0.05,coarse-modis-250m,442031.296,0.980201,0.980201,0.0,0.0,0.0,negative,moderate,
osm-316374602-4836037554-0,DFO_3251_From_20080102_to_20080106,2008-01-02,2008-01-06,pilot_centroid,moderate,244.677,Jalan Tanah Tinggi Barat,primary,28773409|750240452,316374602,4836037554,0,250,0.75,0.05,coarse-modis-250m,318489.871,0.974177,0.974177,0.0,0.0,0.0,negative,moderate,
osm-316374654-316374658-0,DFO_3251_From_20080102_to_20080106,2008-01-02,2008-01-06,pilot_centroid,moderate,57.501,Jalan Kramat Raya,primary,717267441,316374654,316374658,0,250,0.75,0.05,coarse-modis-250m,224846.098,0.965317,0.965317,0.0,0.0,0.0,negative,moderate,
osm-316374658-7120440781-0,DFO_3251_From_20080102_to_20080106,2008-01-02,2008-01-06,pilot_centroid,moderate,21.599,Jalan Kramat Raya,primary,762074073,316374658,7120440781,0,250,0.75,0.05,coarse-modis-250m,206884.247,0.962502,0.962502,0.0,0.0,0.0,negative,moderate,
osm-316395244-4466384616-0,DFO_3251_From_20080102_to_20080106,2008-01-02,2008-01-06,pilot_centroid,moderate,24.288,Jalan Perintis Kemerdekaan,trunk,568057152|559319651,316395244,4466384616,0,250,0.75,0.05,coarse-modis-250m,208220.542,0.962769,0.962769,0.0,0.0,0.0,negative,moderate,
osm-316395244-4466384617-0,DFO_3251_From_20080102_to_20080106,2008-01-02,2008-01-06,pilot_centroid,moderate,42.353,Jalan Yos Sudarso,trunk,508942941|533109941|1527567773,316395244,4466384617,0,250,0.75,0.05,coarse-modis-250m,217267.723,0.964139,0.964139,0.0,0.0,0.0,negative,moderate,
osm-316395267-316395268-0,DFO_3251_From_20080102_to_20080106,2008-01-02,2008-01-06,pilot_centroid,moderate,24.955,Jalan Perintis Kemerdekaan,trunk,1148188980,316395267,316395268,0,250,0.75,0.05,coarse-modis-250m,208563.451,0.96284,0.96284,0.0,0.0,0.0,negative,moderate,
osm-316395268-5388212558-0,DFO_3251_From_20080102_to_20080106,2008-01-02,2008-01-06,pilot_centroid,moderate,41.341,Jalan Perintis Kemerdekaan,trunk,568063273,316395268,5388212558,0,250,0.75,0.05,coarse-modis-250m,216761.543,0.963992,0.963992,0.0,0.0,0.0,negative,moderate,
osm-316412093-11329756328-0,DFO_3251_From_20080102_to_20080106,2008-01-02,2008-01-06,pilot_centroid,moderate,51.944,Jalan Pemuda,primary,763467199,316412093,11329756328,0,250,0.75,0.05,coarse-modis-250m,222066.127,0.964889,0.964889,0.0,0.0,0.0,negative,moderate,
osm-316412129-316412130-0,DFO_3251_From_20080102_to_20080106,2008-01-02,2008-01-06,pilot_centroid,moderate,145.025,Jalan Pemuda,primary,688709840,316412129,316412130,0,250,0.75,0.05,coarse-modis-250m,268585.381,0.970022,0.970022,0.0,0.0,0.0,negative,moderate,
osm-316412130-6531806778-0,DFO_3251_From_20080102_to_20080106,2008-01-02,2008-01-06,pilot_centroid,moderate,101.513,Jalan Pemuda,primary,688709840|975979297|491037924,316412130,6531806778,0,250,0.75,0.05,coarse-modis-250m,246865.354,0.967763,0.967763,0.0,0.0,0.0,negative,moderate,
osm-316412131-316412145-0,DFO_3251_From_20080102_to_20080106,2008-01-02,2008-01-06,pilot_centroid,moderate,13.489,Jalan Pemuda,primary,1052899124,316412131,316412145,0,250,0.75,0.05,coarse-modis-250m,202826.914,0.961837,0.961837,0.0,0.0,0.0,negative,moderate,
osm-316412145-4504091329-0,DFO_3251_From_20080102_to_20080106,2008-01-02,2008-01-06,pilot_centroid,moderate,124.609,Jalan Pemuda,primary,28775346,316412145,4504091329,0,250,0.75,0.05,coarse-modis-250m,258421.693,0.968231,0.968231,0.0,0.0,0.0,negative,moderate,
osm-316412146-1320273025-0,DFO_3251_From_20080102_to_20080106,2008-01-02,2008-01-06,pilot_centroid,moderate,13.135,Jalan Pemuda,primary,765258444,316412146,1320273025,0,250,0.75,0.05,coarse-modis-250m,202649.804,0.961835,0.961835,0.0,0.0,0.0,negative,moderate,
osm-316486226-1782804903-0,DFO_3251_From_20080102_to_20080106,2008-01-02,2008-01-06,pilot_centroid,moderate,1345.635,Jalan Tol Cawang–Pluit,motorway,487631666|414029883|414029876|414029878,316486226,1782804903,0,250,0.75,0.05,coarse-modis-250m,869266.165,0.595212,0.595212,0.0,0.0,0.0,unknown,excluded,insufficient_source_coverage
osm-316486288-7120831201-0,DFO_3251_From_20080102_to_20080106,2008-01-02,2008-01-06,pilot_centroid,moderate,8.413,Jalan D. I. Panjaitan,trunk,717163577,316486288,7120831201,0,250,0.75,0.05,coarse-modis-250m,200287.221,0.961546,0.961546,0.0,0.0,0.0,negative,moderate,
osm-316486305-1139156749-0,DFO_3251_From_20080102_to_20080106,2008-01-02,2008-01-06,pilot_centroid,moderate,41.19,Unnamed OSM road,trunk_link,805801284,316486305,1139156749,0,250,0.75,0.05,coarse-modis-250m,216610.797,0.967835,0.967835,0.0,0.0,0.0,negative,moderate,
osm-316742986-329948880-0,DFO_3251_From_20080102_to_20080106,2008-01-02,2008-01-06,pilot_centroid,moderate,596.589,Jalan Jenderal Ahmad Yani,trunk,758754082|696213347|696213348|756425321|28809533,316742986,329948880,0,250,0.75,0.05,coarse-modis-250m,494559.816,0.981815,0.981815,0.0,0.0,0.0,negative,moderate,
osm-317156534-9507227664-0,DFO_3251_From_20080102_to_20080106,2008-01-02,2008-01-06,pilot_centroid,moderate,27.825,Jalan Profesor Doktor Satrio,primary,495447738,317156534,9507227664,0,250,0.75,0.05,coarse-modis-250m,209999.588,0.963132,0.963132,0.0,0.0,0.0,negative,moderate,
osm-317156584-11384905237-0,DFO_3251_From_20080102_to_20080106,2008-01-02,2008-01-06,pilot_centroid,moderate,303.728,Jalan Profesor Doktor Satrio,primary,685542737|685550351,317156584,11384905237,0,250,0.75,0.05,coarse-modis-250m,348035.466,0.782832,0.782832,0.0,0.0,0.0,unknown,excluded,insufficient_source_coverage
osm-317156628-5653336499-0,DFO_3251_From_20080102_to_20080106,2008-01-02,2008-01-06,pilot_centroid,moderate,33.045,Jalan Raya Casablanca,primary,28847137,317156628,5653336499,0,250,0.75,0.05,coarse-modis-250m,212610.887,0.503657,0.503657,0.0,0.0,0.0,unknown,excluded,insufficient_source_coverage
osm-317156630-9027876825-0,DFO_3251_From_20080102_to_20080106,2008-01-02,2008-01-06,pilot_centroid,moderate,4.398,Jalan Raya Casablanca,primary,28847137,317156630,9027876825,0,250,0.75,0.05,coarse-modis-250m,198278.628,0.787638,0.787638,0.0,0.0,0.0,unknown,excluded,insufficient_source_coverage
osm-317156632-317156630-0,DFO_3251_From_20080102_to_20080106,2008-01-02,2008-01-06,pilot_centroid,moderate,72.996,Jalan Raya Casablanca,primary,28847137,317156632,317156630,0,250,0.75,0.05,coarse-modis-250m,232587.692,0.822262,0.822262,0.0,0.0,0.0,negative,moderate,
osm-317156649-317182651-0,DFO_3251_From_20080102_to_20080106,2008-01-02,2008-01-06,pilot_centroid,moderate,617.237,Jalan K. Haji Abdul Syafi'ie,primary,28850224|689632659|689649454,317156649,317182651,0,250,0.75,0.05,coarse-modis-250m,504843.781,0.982549,0.982549,0.0,0.0,0.0,negative,moderate,
osm-317157768-4871938615-0,DFO_3251_From_20080102_to_20080106,2008-01-02,2008-01-06,pilot_centroid,moderate,155.083,Jalan Profesor Doktor Satrio,primary,831861163|698801014,317157768,4871938615,0,250,0.75,0.05,coarse-modis-250m,273654.305,0.822647,0.822647,0.0,0.0,0.0,negative,moderate,
osm-317179522-5189841649-0,DFO_3251_From_20080102_to_20080106,2008-01-02,2008-01-06,pilot_centroid,moderate,22.616,Jalan Karet Pedurenan Raya,tertiary,674847762,317179522,5189841649,0,250,0.75,0.05,coarse-modis-250m,207301.19,0.965999,0.965999,0.0,0.0,0.0,negative,moderate,
osm-317180499-10092530702-0,DFO_3251_From_20080102_to_20080106,2008-01-02,2008-01-06,pilot_centroid,moderate,15.193,Jalan Profesor Doktor Satrio,primary,685545461,317180499,10092530702,0,250,0.75,0.05,coarse-modis-250m,203657.431,0.231073,0.231073,0.0,0.0,0.0,unknown,excluded,insufficient_source_coverage
osm-317182284-317156632-0,DFO_3251_From_20080102_to_20080106,2008-01-02,2008-01-06,pilot_centroid,moderate,631.093,Jalan Profesor Doktor Satrio,primary,487631720|558699560|486490658|685543311,317182284,317156632,0,250,0.75,0.05,coarse-modis-250m,511733.615,0.94724,0.94724,0.0,0.0,0.0,negative,moderate,
osm-317182368-13618074118-0,DFO_3251_From_20080102_to_20080106,2008-01-02,2008-01-06,pilot_centroid,moderate,121.807,Jalan K. Haji Abdul Syafi'ie,primary,484865524|758108653|28850223,317182368,13618074118,0,250,0.75,0.05,coarse-modis-250m,257011.628,0.968551,0.968551,0.0,0.0,0.0,negative,moderate,
osm-317182380-5380240433-0,DFO_3251_From_20080102_to_20080106,2008-01-02,2008-01-06,pilot_centroid,moderate,257.117,Jalan K. Haji Abdul Syafi'ie,primary,1253417938|689649453,317182380,5380240433,0,250,0.75,0.05,coarse-modis-250m,324717.444,0.974774,0.974774,0.0,0.0,0.0,negative,moderate,
osm-317182651-317182380-0,DFO_3251_From_20080102_to_20080106,2008-01-02,2008-01-06,pilot_centroid,moderate,87.992,Jalan K. Haji Abdul Syafi'ie,primary,484865525,317182651,317182380,0,250,0.75,0.05,coarse-modis-250m,240101.165,0.967241,0.967241,0.0,0.0,0.0,negative,moderate,
osm-317190987-352913852-0,DFO_3251_From_20080102_to_20080106,2008-01-02,2008-01-06,pilot_centroid,moderate,89.246,Jalan Jenderal Basuki Rahmat,primary,486010579|691242533|486010575,317190987,352913852,0,250,0.75,0.05,coarse-modis-250m,240688.606,0.967299,0.967299,0.0,0.0,0.0,negative,moderate,
osm-317190987-6370527439-0,DFO_3251_From_20080102_to_20080106,2008-01-02,2008-01-06,pilot_centroid,moderate,821.503,Jalan Jenderal Basuki Rahmat,primary,28847150|487643184|486010582|486010584|691258748,317190987,6370527439,0,250,0.75,0.05,coarse-modis-250m,607058.235,0.984115,0.984115,0.0,0.0,0.0,negative,moderate,
osm-317191266-317191321-0,DFO_3251_From_20080102_to_20080106,2008-01-02,2008-01-06,pilot_centroid,moderate,41.251,Unnamed OSM road,primary_link,28851078,317191266,317191321,0,250,0.75,0.05,coarse-modis-250m,215471.349,0.970389,0.970389,0.0,0.0,0.0,negative,moderate,
osm-317191321-13771612756-0,DFO_3251_From_20080102_to_20080106,2008-01-02,2008-01-06,pilot_centroid,moderate,62.436,Jalan Jenderal Basuki Rahmat,primary,28851026,317191321,13771612756,0,250,0.75,0.05,coarse-modis-250m,227310.37,0.966051,0.966051,0.0,0.0,0.0,negative,moderate,
osm-317193936-9515510319-0,DFO_3251_From_20080102_to_20080106,2008-01-02,2008-01-06,pilot_centroid,moderate,177.912,Jalan Jenderal Basuki Rahmat,primary,691251097,317193936,9515510319,0,250,0.75,0.05,coarse-modis-250m,285089.346,0.971717,0.971717,0.0,0.0,0.0,negative,moderate,
osm-317196043-7029563618-0,DFO_3251_From_20080102_to_20080106,2008-01-02,2008-01-06,pilot_centroid,moderate,202.602,Jalan Kolonel Soegiono,primary,751996164,317196043,7029563618,0,250,0.75,0.05,coarse-modis-250m,297431.901,0.972884,0.972884,0.0,0.0,0.0,negative,moderate,
osm-317349873-5379667478-0,DFO_3251_From_20080102_to_20080106,2008-01-02,2008-01-06,pilot_centroid,moderate,34.714,Jalan Yos Sudarso,trunk,496592226,317349873,5379667478,0,250,0.75,0.05,coarse-modis-250m,213446.186,0.96363,0.96363,0.0,0.0,0.0,negative,moderate,
osm-317349914-5379667437-0,DFO_3251_From_20080102_to_20080106,2008-01-02,2008-01-06,pilot_centroid,moderate,101.748,Jalan Yos Sudarso,trunk,1526240643|781727135,317349914,5379667437,0,250,0.75,0.05,coarse-modis-250m,246982.35,0.967898,0.967898,0.0,0.0,0.0,negative,moderate,
osm-317417610-4948526884-0,DFO_3251_From_20080102_to_20080106,2008-01-02,2008-01-06,pilot_centroid,moderate,251.54,Jalan Brigadir Jenderal Katamso Darmokusumo,primary,28909833|504724983|748561204|746615207,317417610,4948526884,0,250,0.75,0.05,coarse-modis-250m,321901.655,0.974442,0.974442,0.0,0.0,0.0,negative,moderate,
osm-317417833-9491424126-0,DFO_3251_From_20080102_to_20080106,2008-01-02,2008-01-06,pilot_centroid,moderate,63.573,Jalan Letnan Jenderal Siswondo Parman,trunk,560008548|761850310,317417833,9491424126,0,250,0.75,0.05,coarse-modis-250m,227884.589,0.965665,0.965665,0.0,0.0,0.0,negative,moderate,
osm-317756351-13653320894-0,DFO_3251_From_20080102_to_20080106,2008-01-02,2008-01-06,pilot_centroid,moderate,89.597,Jalan Jatibaru,primary,802327287,317756351,13653320894,0,250,0.75,0.05,coarse-modis-250m,240904.347,0.96719,0.96719,0.0,0.0,0.0,negative,moderate,
osm-317958545-7120310389-0,DFO_3251_From_20080102_to_20080106,2008-01-02,2008-01-06,pilot_centroid,moderate,35.796,Jalan Tomang Raya,primary,762091308|762091309,317958545,7120310389,0,250,0.75,0.05,coarse-modis-250m,213985.384,0.963643,0.963643,0.0,0.0,0.0,negative,moderate,
osm-317987901-317958545-0,DFO_3251_From_20080102_to_20080106,2008-01-02,2008-01-06,pilot_centroid,moderate,393.501,Jalan Tomang Raya,primary,1239767490|762091310|762091311|560008540|688103037,317987901,317958545,0,250,0.75,0.05,coarse-modis-250m,392914.275,0.977702,0.977702,0.0,0.0,0.0,negative,moderate,
osm-318097237-13623874475-0,DFO_3251_From_20080102_to_20080106,2008-01-02,2008-01-06,pilot_centroid,moderate,9.024,Jalan Suryopranoto,primary,497546914,318097237,13623874475,0,250,0.75,0.05,coarse-modis-250m,200592.877,0.96166,0.96166,0.0,0.0,0.0,negative,moderate,
osm-318097259-13624041399-0,DFO_3251_From_20080102_to_20080106,2008-01-02,2008-01-06,pilot_centroid,moderate,65.219,Jalan Balikpapan Raya,primary,28706686,318097259,13624041399,0,250,0.75,0.05,coarse-modis-250m,228708.295,0.965775,0.965775,0.0,0.0,0.0,negative,moderate,
osm-318168808-316167893-0,DFO_3251_From_20080102_to_20080106,2008-01-02,2008-01-06,pilot_centroid,moderate,19.826,Jalan Biak,secondary,676439513,318168808,316167893,0,250,0.75,0.05,coarse-modis-250m,205997.223,0.962508,0.962508,0.0,0.0,0.0,negative,moderate,
osm-318538221-29939148-0,DFO_3251_From_20080102_to_20080106,2008-01-02,2008-01-06,pilot_centroid,moderate,10.99,Jalan Gunung Sahari V,secondary,557206896,318538221,29939148,0,250,0.75,0.05,coarse-modis-250m,201576.7,0.961787,0.961787,0.0,0.0,0.0,negative,moderate,
osm-318538221-5374199556-0,DFO_3251_From_20080102_to_20080106,2008-01-02,2008-01-06,pilot_centroid,moderate,9.456,Jalan Gunung Sahari V,secondary,1281346439,318538221,5374199556,0,250,0.75,0.05,coarse-modis-250m,200808.939,0.961488,0.961488,0.0,0.0,0.0,negative,moderate,
osm-318548947-8499454046-0,DFO_3251_From_20080102_to_20080106,2008-01-02,2008-01-06,pilot_centroid,moderate,118.46,Jalan Pangeran Jayakarta,secondary,1294695407,318548947,8499454046,0,250,0.75,0.05,coarse-modis-250m,255343.849,0.968951,0.968951,0.0,0.0,0.0,negative,moderate,
osm-320021668-4800795887-0,DFO_3251_From_20080102_to_20080106,2008-01-02,2008-01-06,pilot_centroid,moderate,52.481,Jalan K. Haji Abdul Syafi'ie,primary,28850223,320021668,4800795887,0,250,0.75,0.05,coarse-modis-250m,222324.618,0.965186,0.965186,0.0,0.0,0.0,negative,moderate,
osm-321722198-317156649-0,DFO_3251_From_20080102_to_20080106,2008-01-02,2008-01-06,pilot_centroid,moderate,77.731,Jalan K. Haji Abdul Syafi'ie,primary,28847149,321722198,317156649,0,250,0.75,0.05,coarse-modis-250m,234965.396,0.966664,0.966664,0.0,0.0,0.0,negative,moderate,
osm-324275961-316395267-0,DFO_3251_From_20080102_to_20080106,2008-01-02,2008-01-06,pilot_centroid,moderate,150.453,Jalan Perintis Kemerdekaan,trunk,689042568|950224883|689042565,324275961,316395267,0,250,0.75,0.05,coarse-modis-250m,271343.822,0.970251,0.970251,0.0,0.0,0.0,negative,moderate,
osm-324276002-5665581665-0,DFO_3251_From_20080102_to_20080106,2008-01-02,2008-01-06,pilot_centroid,moderate,517.952,Jalan Perintis Kemerdekaan,trunk,776374304,324276002,5665581665,0,250,0.75,0.05,coarse-modis-250m,455212.256,0.980611,0.980611,0.0,0.0,0.0,negative,moderate,
osm-324851729-5673864834-0,DFO_3251_From_20080102_to_20080106,2008-01-02,2008-01-06,pilot_centroid,moderate,36.502,Jalan Jenderal Ahmad Yani,trunk,758733885,324851729,5673864834,0,250,0.75,0.05,coarse-modis-250m,214340.772,0.96372,0.96372,0.0,0.0,0.0,negative,moderate,
osm-326484049-5490135579-0,DFO_3251_From_20080102_to_20080106,2008-01-02,2008-01-06,pilot_centroid,moderate,127.681,Jalan Dokter KRT Radjiman Widyodiningrat,primary,754061608,326484049,5490135579,0,250,0.75,0.05,coarse-modis-250m,259951.966,0.969401,0.969401,0.0,0.0,0.0,negative,moderate,
osm-326484130-8749112680-0,DFO_3251_From_20080102_to_20080106,2008-01-02,2008-01-06,pilot_centroid,moderate,10.024,Jalan Dokter KRT Radjiman Widyodiningrat,primary,1040471431,326484130,8749112680,0,250,0.75,0.05,coarse-modis-250m,201093.222,0.961663,0.961663,0.0,0.0,0.0,negative,moderate,
osm-326484153-326484130-0,DFO_3251_From_20080102_to_20080106,2008-01-02,2008-01-06,pilot_centroid,moderate,77.099,Jalan Dokter KRT Radjiman Widyodiningrat,primary,1040471431,326484153,326484130,0,250,0.75,0.05,coarse-modis-250m,234635.173,0.96647,0.96647,0.0,0.0,0.0,negative,moderate,
osm-326484165-326484153-0,DFO_3251_From_20080102_to_20080106,2008-01-02,2008-01-06,pilot_centroid,moderate,14.589,Jalan Dokter KRT Radjiman Widyodiningrat,primary,754061606,326484165,326484153,0,250,0.75,0.05,coarse-modis-250m,203377.476,0.961968,0.961968,0.0,0.0,0.0,negative,moderate,
osm-326484242-1709500939-0,DFO_3251_From_20080102_to_20080106,2008-01-02,2008-01-06,pilot_centroid,moderate,95.713,Jalan Dokter KRT Radjiman Widyodiningrat,primary,489977114,326484242,1709500939,0,250,0.75,0.05,coarse-modis-250m,243959.454,0.967675,0.967675,0.0,0.0,0.0,negative,moderate,
osm-326484330-4842902746-0,DFO_3251_From_20080102_to_20080106,2008-01-02,2008-01-06,pilot_centroid,moderate,184.882,Jalan Dokter KRT Radjiman Widyodiningrat,primary,489977114,326484330,4842902746,0,250,0.75,0.05,coarse-modis-250m,288572.1,0.97192,0.97192,0.0,0.0,0.0,negative,moderate,
osm-326484370-7046982976-0,DFO_3251_From_20080102_to_20080106,2008-01-02,2008-01-06,pilot_centroid,moderate,21.074,Jalan Dokter KRT Radjiman Widyodiningrat,primary,754381189,326484370,7046982976,0,250,0.75,0.05,coarse-modis-250m,206620.06,0.96255,0.96255,0.0,0.0,0.0,negative,moderate,
osm-3266324655-9697006214-0,DFO_3251_From_20080102_to_20080106,2008-01-02,2008-01-06,pilot_centroid,moderate,419.628,Jalan Pejompongan,primary,320137104|1265685673,3266324655,9697006214,0,250,0.75,0.05,coarse-modis-250m,405272.432,0.979127,0.979127,0.0,0.0,0.0,negative,moderate,
osm-3266332372-3266324655-0,DFO_3251_From_20080102_to_20080106,2008-01-02,2008-01-06,pilot_centroid,moderate,24.732,Jalan Pejompongan,primary,760494170,3266332372,3266324655,0,250,0.75,0.05,coarse-modis-250m,208451.689,0.962822,0.962822,0.0,0.0,0.0,negative,moderate,
osm-3266396596-5671006753-0,DFO_3251_From_20080102_to_20080106,2008-01-02,2008-01-06,pilot_centroid,moderate,71.27,Jalan Letnan Jenderal Siswondo Parman,trunk,713318115|688117574,3266396596,5671006753,0,250,0.75,0.05,coarse-modis-250m,231732.976,0.966161,0.966161,0.0,0.0,0.0,negative,moderate,
osm-3266396597-6451233565-0,DFO_3251_From_20080102_to_20080106,2008-01-02,2008-01-06,pilot_centroid,moderate,34.724,Jalan Letnan Jenderal Siswondo Parman,trunk,688087385|688087386,3266396597,6451233565,0,250,0.75,0.05,coarse-modis-250m,213444.558,0.964022,0.964022,0.0,0.0,0.0,negative,moderate,
osm-3266396608-9471064862-0,DFO_3251_From_20080102_to_20080106,2008-01-02,2008-01-06,pilot_centroid,moderate,27.309,Jalan Tomang Raya,primary,688103037,3266396608,9471064862,0,250,0.75,0.05,coarse-modis-250m,209741.119,0.963844,0.963844,0.0,0.0,0.0,negative,moderate,
osm-328320081-1423006391-0,DFO_3251_From_20080102_to_20080106,2008-01-02,2008-01-06,pilot_centroid,moderate,226.433,Jalan Perintis Kemerdekaan,trunk,688291068|688291069|593601262,328320081,1423006391,0,250,0.75,0.05,coarse-modis-250m,309340.387,0.973405,0.973405,0.0,0.0,0.0,negative,moderate,
osm-328320159-5662546639-0,DFO_3251_From_20080102_to_20080106,2008-01-02,2008-01-06,pilot_centroid,moderate,223.077,Jalan Letnan Jenderal Suprapto,primary,761523000|492988997|29797733,328320159,5662546639,0,250,0.75,0.05,coarse-modis-250m,307658.348,0.973571,0.973571,0.0,0.0,0.0,negative,moderate,
osm-328336623-5459161492-0,DFO_3251_From_20080102_to_20080106,2008-01-02,2008-01-06,pilot_centroid,moderate,341.85,Jalan Perintis Kemerdekaan,trunk,1526201599,328336623,5459161492,0,250,0.75,0.05,coarse-modis-250m,367110.85,0.976978,0.976978,0.0,0.0,0.0,negative,moderate,
osm-328876219-9013840120-0,DFO_3251_From_20080102_to_20080106,2008-01-02,2008-01-06,pilot_centroid,moderate,43.064,Jalan Salemba Raya,primary,689177647,328876219,9013840120,0,250,0.75,0.05,coarse-modis-250m,217623.81,0.964225,0.964225,0.0,0.0,0.0,negative,moderate,
osm-328965954-316374561-0,DFO_3251_From_20080102_to_20080106,2008-01-02,2008-01-06,pilot_centroid,moderate,31.338,Jalan Letnan Jenderal Suprapto,primary,676202008|562358362|676202013,328965954,316374561,0,250,0.75,0.05,coarse-modis-250m,211756.824,0.963336,0.963336,0.0,0.0,0.0,negative,moderate,
osm-329019268-6219014696-0,DFO_3251_From_20080102_to_20080106,2008-01-02,2008-01-06,pilot_centroid,moderate,10.145,Jalan Salemba Raya,primary,815231911,329019268,6219014696,0,250,0.75,0.05,coarse-modis-250m,201153.673,0.961808,0.961808,0.0,0.0,0.0,negative,moderate,
osm-329019970-9013891783-0,DFO_3251_From_20080102_to_20080106,2008-01-02,2008-01-06,pilot_centroid,moderate,136.128,Jalan Salemba Raya,primary,1525581082|754625203,329019970,9013891783,0,250,0.75,0.05,coarse-modis-250m,264186.087,0.969919,0.969919,0.0,0.0,0.0,negative,moderate,
osm-329948880-316266442-0,DFO_3251_From_20080102_to_20080106,2008-01-02,2008-01-06,pilot_centroid,moderate,11.718,Jalan Jenderal Ahmad Yani,trunk,764295346,329948880,316266442,0,250,0.75,0.05,coarse-modis-250m,201941.08,0.961761,0.961761,0.0,0.0,0.0,negative,moderate,
osm-329967924-4751894442-0,DFO_3251_From_20080102_to_20080106,2008-01-02,2008-01-06,pilot_centroid,moderate,13.396,Jalan Matraman,primary,278788931,329967924,4751894442,0,250,0.75,0.05,coarse-modis-250m,202780.588,0.96192,0.96192,0.0,0.0,0.0,negative,moderate,
osm-329968512-1682808537-0,DFO_3251_From_20080102_to_20080106,2008-01-02,2008-01-06,pilot_centroid,moderate,162.391,Jalan Matraman,primary,278788931,329968512,1682808537,0,250,0.75,0.05,coarse-modis-250m,277324.604,0.971068,0.971068,0.0,0.0,0.0,negative,moderate,
osm-329969014-5662335002-0,DFO_3251_From_20080102_to_20080106,2008-01-02,2008-01-06,pilot_centroid,moderate,90.047,Jalan Matraman,primary,1458498251,329969014,5662335002,0,250,0.75,0.05,coarse-modis-250m,241130.188,0.967334,0.967334,0.0,0.0,0.0,negative,moderate,
osm-329971830-4749962821-0,DFO_3251_From_20080102_to_20080106,2008-01-02,2008-01-06,pilot_centroid,moderate,206.905,Jalan Matraman,primary,751712040|764015497|764015498|1509532460|484909215,329971830,4749962821,0,250,0.75,0.05,coarse-modis-250m,299590.944,0.972886,0.972886,0.0,0.0,0.0,negative,moderate,
osm-329975504-5662309002-0,DFO_3251_From_20080102_to_20080106,2008-01-02,2008-01-06,pilot_centroid,moderate,219.725,Jalan Pemuda,primary,765773405,329975504,5662309002,0,250,0.75,0.05,coarse-modis-250m,306009.284,0.972288,0.972288,0.0,0.0,0.0,negative,moderate,
osm-329975510-7131701881-0,DFO_3251_From_20080102_to_20080106,2008-01-02,2008-01-06,pilot_centroid,moderate,17.922,Jalan Pemuda,primary,1053249591,329975510,7131701881,0,250,0.75,0.05,coarse-modis-250m,205044.865,0.962398,0.962398,0.0,0.0,0.0,negative,moderate,
osm-330177825-5380113845-0,DFO_3251_From_20080102_to_20080106,2008-01-02,2008-01-06,pilot_centroid,moderate,57.075,Jalan Pemuda,primary,722419938,330177825,5380113845,0,250,0.75,0.05,coarse-modis-250m,224633.68,0.964769,0.964769,0.0,0.0,0.0,negative,moderate,
osm-330409714-7232143502-0,DFO_3251_From_20080102_to_20080106,2008-01-02,2008-01-06,pilot_centroid,moderate,675.739,Unnamed OSM road,service,569826263|590097029|723057935,330409714,7232143502,0,250,0.75,0.05,coarse-modis-250m,529995.12,0.981536,0.981536,0.0,0.035234,23.809,unknown,ambiguous,subthreshold_flood_overlap
osm-332341344-5506920631-0,DFO_3251_From_20080102_to_20080106,2008-01-02,2008-01-06,pilot_centroid,moderate,30.273,Jalan Duri Tol Raya,residential,575742571,332341344,5506920631,0,250,0.75,0.05,coarse-modis-250m,211169.058,0.967924,0.967924,0.0,0.0,0.0,negative,moderate,
osm-332517701-5671006775-0,DFO_3251_From_20080102_to_20080106,2008-01-02,2008-01-06,pilot_centroid,moderate,72.44,Jalan Letnan Jenderal Siswondo Parman,trunk,688087394,332517701,5671006775,0,250,0.75,0.05,coarse-modis-250m,232320.822,0.966293,0.966293,0.0,0.0,0.0,negative,moderate,
osm-332526386-316176020-0,DFO_3251_From_20080102_to_20080106,2008-01-02,2008-01-06,pilot_centroid,moderate,2802.024,Jalan Tol Jakarta–Merak,motorway,688533089|562382056|509530222|509530223|406822995|406822996,332526386,316176020,0,250,0.75,0.05,coarse-modis-250m,1597878.71,0.991145,0.991145,0.0,0.0,0.0,negative,moderate,
osm-332526397-332526399-0,DFO_3251_From_20080102_to_20080106,2008-01-02,2008-01-06,pilot_centroid,moderate,41.86,Unnamed OSM road,primary_link,575742570,332526397,332526399,0,250,0.75,0.05,coarse-modis-250m,216538.696,0.968518,0.968518,0.0,0.0,0.0,negative,moderate,
osm-332526399-4551163746-0,DFO_3251_From_20080102_to_20080106,2008-01-02,2008-01-06,pilot_centroid,moderate,71.584,Jalan Arjuna Utara,primary,509530225|30177598,332526399,4551163746,0,250,0.75,0.05,coarse-modis-250m,230509.664,0.969551,0.969551,0.0,0.0,0.0,negative,moderate,
osm-3415432182-11039838816-0,DFO_3251_From_20080102_to_20080106,2008-01-02,2008-01-06,pilot_centroid,moderate,160.531,Jalan Matraman,primary,229358585|823712852|1168169733,3415432182,11039838816,0,250,0.75,0.05,coarse-modis-250m,276368.273,0.973759,0.973759,0.0,0.0,0.0,negative,moderate,
osm-347509493-191505875-0,DFO_3251_From_20080102_to_20080106,2008-01-02,2008-01-06,pilot_centroid,moderate,6.128,Jalan Pos,secondary,1502253538,347509493,191505875,0,250,0.75,0.05,coarse-modis-250m,199144.248,0.961573,0.961573,0.0,0.0,0.0,negative,moderate,
osm-3507031383-310008087-0,DFO_3251_From_20080102_to_20080106,2008-01-02,2008-01-06,pilot_centroid,moderate,45.439,Jalan Jatibaru,primary,803287868,3507031383,310008087,0,250,0.75,0.05,coarse-modis-250m,218812.011,0.964506,0.964506,0.0,0.0,0.0,negative,moderate,
osm-3507893559-3507031383-0,DFO_3251_From_20080102_to_20080106,2008-01-02,2008-01-06,pilot_centroid,moderate,33.898,Jalan Jatibaru,primary,193670995|1289622790,3507893559,3507031383,0,250,0.75,0.05,coarse-modis-250m,213037.962,0.963632,0.963632,0.0,0.0,0.0,negative,moderate,
osm-351116570-393856976-0,DFO_3251_From_20080102_to_20080106,2008-01-02,2008-01-06,pilot_centroid,moderate,45.065,Jalan Pangeran Jayakarta,secondary,1281346440,351116570,393856976,0,250,0.75,0.05,coarse-modis-250m,218624.866,0.964352,0.964352,0.0,0.0,0.0,negative,moderate,
osm-352897075-352897081-0,DFO_3251_From_20080102_to_20080106,2008-01-02,2008-01-06,pilot_centroid,moderate,50.774,Jalan Jatinegara Timur,primary,691270311,352897075,352897081,0,250,0.75,0.05,coarse-modis-250m,221480.949,0.96415,0.96415,0.0,0.0,0.0,negative,moderate,
osm-352897081-9561821845-0,DFO_3251_From_20080102_to_20080106,2008-01-02,2008-01-06,pilot_centroid,moderate,18.529,Jalan Jatinegara Timur,primary,691270311,352897081,9561821845,0,250,0.75,0.05,coarse-modis-250m,205348.657,0.962133,0.962133,0.0,0.0,0.0,negative,moderate,
osm-352897085-13772607350-0,DFO_3251_From_20080102_to_20080106,2008-01-02,2008-01-06,pilot_centroid,moderate,85.347,Jalan Jatinegara Timur,primary,691270311,352897085,13772607350,0,250,0.75,0.05,coarse-modis-250m,238661.597,0.967388,0.967388,0.0,0.0,0.0,negative,moderate,
osm-352913456-8772028147-0,DFO_3251_From_20080102_to_20080106,2008-01-02,2008-01-06,pilot_centroid,moderate,58.448,Jalan Otto Iskandar Dinata,primary,691253233,352913456,8772028147,0,250,0.75,0.05,coarse-modis-250m,225310.607,0.965231,0.965231,0.0,0.0,0.0,negative,moderate,
osm-352913852-317191266-0,DFO_3251_From_20080102_to_20080106,2008-01-02,2008-01-06,pilot_centroid,moderate,161.341,Jalan Jenderal Basuki Rahmat,primary,691242533|28851039,352913852,317191266,0,250,0.75,0.05,coarse-modis-250m,276797.379,0.971008,0.971008,0.0,0.0,0.0,negative,moderate,
osm-352915237-4776087446-0,DFO_3251_From_20080102_to_20080106,2008-01-02,2008-01-06,pilot_centroid,moderate,45.8,Jalan Otto Iskandar Dinata,primary,1282308980|28765421,352915237,4776087446,0,250,0.75,0.05,coarse-modis-250m,218992.374,0.964467,0.964467,0.0,0.0,0.0,negative,moderate,
osm-352961150-9016841536-0,DFO_3251_From_20080102_to_20080106,2008-01-02,2008-01-06,pilot_centroid,moderate,41.376,Jalan Pedurenan Masjid Raya,tertiary,392820646,352961150,9016841536,0,250,0.75,0.05,coarse-modis-250m,216779.208,0.963673,0.963673,0.0,0.0,0.0,negative,moderate,
osm-353136203-13456492331-0,DFO_3251_From_20080102_to_20080106,2008-01-02,2008-01-06,pilot_centroid,moderate,47.47,Jalan Profesor Doktor Satrio,primary,1090935277,353136203,13456492331,0,250,0.75,0.05,coarse-modis-250m,219827.132,0.964567,0.964567,0.0,0.0,0.0,negative,moderate,
osm-3709514014-3709514015-0,DFO_3251_From_20080102_to_20080106,2008-01-02,2008-01-06,pilot_centroid,moderate,49.605,Jalan Pangeran Jayakarta,secondary,1281346440,3709514014,3709514015,0,250,0.75,0.05,coarse-modis-250m,220896.273,0.964788,0.964788,0.0,0.0,0.0,negative,moderate,
osm-3709514015-3709514017-0,DFO_3251_From_20080102_to_20080106,2008-01-02,2008-01-06,pilot_centroid,moderate,74.234,Jalan Pangeran Jayakarta,secondary,1281346440,3709514015,3709514017,0,250,0.75,0.05,coarse-modis-250m,233218.482,0.96631,0.96631,0.0,0.0,0.0,negative,moderate,
osm-3709514017-3709514018-0,DFO_3251_From_20080102_to_20080106,2008-01-02,2008-01-06,pilot_centroid,moderate,44.162,Jalan Pangeran Jayakarta,secondary,1281346440,3709514017,3709514018,0,250,0.75,0.05,coarse-modis-250m,218173.009,0.964302,0.964302,0.0,0.0,0.0,negative,moderate,
osm-3709514018-7112944949-0,DFO_3251_From_20080102_to_20080106,2008-01-02,2008-01-06,pilot_centroid,moderate,27.105,Jalan Pangeran Jayakarta,secondary,1281346440,3709514018,7112944949,0,250,0.75,0.05,coarse-modis-250m,209639.045,0.962963,0.962963,0.0,0.0,0.0,negative,moderate,
osm-3723599608-309880841-0,DFO_3251_From_20080102_to_20080106,2008-01-02,2008-01-06,pilot_centroid,moderate,941.839,Jalan Tol Dalam Kota Jakarta,motorway,518966609|1220258257,3723599608,309880841,0,250,0.75,0.05,coarse-modis-250m,667247.679,0.985202,0.985202,0.0,0.0,0.0,negative,moderate,
osm-3723599609-7070168315-0,DFO_3251_From_20080102_to_20080106,2008-01-02,2008-01-06,pilot_centroid,moderate,199.895,Tol Dalam Kota Jakarta,motorway,514485760,3723599609,7070168315,0,250,0.75,0.05,coarse-modis-250m,296088.62,0.972596,0.972596,0.0,0.0,0.0,negative,moderate,
osm-3723599610-3723599621-0,DFO_3251_From_20080102_to_20080106,2008-01-02,2008-01-06,pilot_centroid,moderate,184.503,Unnamed OSM road,motorway_link,368501425,3723599610,3723599621,0,250,0.75,0.05,coarse-modis-250m,288291.028,0.972062,0.972062,0.0,0.0,0.0,negative,moderate,
osm-3723599620-5372153155-0,DFO_3251_From_20080102_to_20080106,2008-01-02,2008-01-06,pilot_centroid,moderate,44.165,Jalan Letnan Jenderal Siswondo Parman,trunk,688117572,3723599620,5372153155,0,250,0.75,0.05,coarse-modis-250m,218174.378,0.964264,0.964264,0.0,0.0,0.0,negative,moderate,
osm-3723599621-4859114434-0,DFO_3251_From_20080102_to_20080106,2008-01-02,2008-01-06,pilot_centroid,moderate,16.372,Jalan Letnan Jenderal Siswondo Parman,trunk,688087393,3723599621,4859114434,0,250,0.75,0.05,coarse-modis-250m,204269.108,0.962253,0.962253,0.0,0.0,0.0,negative,moderate,
osm-3723634710-4152867179-0,DFO_3251_From_20080102_to_20080106,2008-01-02,2008-01-06,pilot_centroid,moderate,420.065,Unnamed OSM road,motorway_link,368504608|1104824523,3723634710,4152867179,0,250,0.75,0.05,coarse-modis-250m,406064.63,0.978989,0.978989,0.0,0.0,0.0,negative,moderate,
osm-3723634711-8132787924-0,DFO_3251_From_20080102_to_20080106,2008-01-02,2008-01-06,pilot_centroid,moderate,1287.207,Jalan Tol Insinyur Wiyoto Wiyono,motorway,754381986,3723634711,8132787924,0,250,0.75,0.05,coarse-modis-250m,840086.646,0.987456,0.987456,0.0,0.0,0.0,negative,moderate,
osm-3723635038-3723635056-0,DFO_3251_From_20080102_to_20080106,2008-01-02,2008-01-06,pilot_centroid,moderate,516.907,Unnamed OSM road,motorway_link,685778041|368504610|368504613,3723635038,3723635056,0,250,0.75,0.05,coarse-modis-250m,454477.87,0.981235,0.981235,0.0,0.0,0.0,negative,moderate,
osm-3723635056-3723634711-0,DFO_3251_From_20080102_to_20080106,2008-01-02,2008-01-06,pilot_centroid,moderate,372.63,Jalan Tol Insinyur Wiyoto Wiyono,motorway,754381985|1221535620|1221535621,3723635056,3723634711,0,250,0.75,0.05,coarse-modis-250m,382497.933,0.97771,0.97771,0.0,0.0,0.0,negative,moderate,
osm-3723635058-2415823492-0,DFO_3251_From_20080102_to_20080106,2008-01-02,2008-01-06,pilot_centroid,moderate,330.744,Jalan Tol Insinyur Wiyoto Wiyono,motorway,754381984|1227523899|754381983,3723635058,2415823492,0,250,0.75,0.05,coarse-modis-250m,361541.695,0.97667,0.97667,0.0,0.0,0.0,negative,moderate,
osm-3763648673-328965954-0,DFO_3251_From_20080102_to_20080106,2008-01-02,2008-01-06,pilot_centroid,moderate,22.592,Jalan Letnan Jenderal Suprapto,primary,372816396,3763648673,328965954,0,250,0.75,0.05,coarse-modis-250m,207381.408,0.962901,0.962901,0.0,0.0,0.0,negative,moderate,
osm-3869782797-13453045134-0,DFO_3251_From_20080102_to_20080106,2008-01-02,2008-01-06,pilot_centroid,moderate,76.759,Jalan Brigadir Jenderal Katamso Darmokusumo,primary,745193778,3869782797,13453045134,0,250,0.75,0.05,coarse-modis-250m,234481.771,0.966404,0.966404,0.0,0.0,0.0,negative,moderate,
osm-388023277-5670939322-0,DFO_3251_From_20080102_to_20080106,2008-01-02,2008-01-06,pilot_centroid,moderate,45.472,Jalan Letnan Jenderal Siswondo Parman,trunk,688117573,388023277,5670939322,0,250,0.75,0.05,coarse-modis-250m,218828.355,0.964447,0.964447,0.0,0.0,0.0,negative,moderate,
osm-388240366-6546950357-0,DFO_3251_From_20080102_to_20080106,2008-01-02,2008-01-06,pilot_centroid,moderate,127.261,Jalan Jenderal Gatot Subroto,trunk,1249938306|28196828|1249938302,388240366,6546950357,0,250,0.75,0.05,coarse-modis-250m,259747.311,0.969457,0.969457,0.0,0.0,0.0,negative,moderate,
osm-388240367-388240366-0,DFO_3251_From_20080102_to_20080106,2008-01-02,2008-01-06,pilot_centroid,moderate,150.245,Jalan Jenderal Gatot Subroto,trunk,652204585,388240367,388240366,0,250,0.75,0.05,coarse-modis-250m,271247.998,0.970466,0.970466,0.0,0.0,0.0,negative,moderate,
osm-393856973-6322395865-0,DFO_3251_From_20080102_to_20080106,2008-01-02,2008-01-06,pilot_centroid,moderate,16.736,Jalan Pangeran Jayakarta,secondary,1294695407,393856973,6322395865,0,250,0.75,0.05,coarse-modis-250m,204451.268,0.962233,0.962233,0.0,0.0,0.0,negative,moderate,
osm-393856974-10732635788-0,DFO_3251_From_20080102_to_20080106,2008-01-02,2008-01-06,pilot_centroid,moderate,29.015,Jalan Pangeran Jayakarta,secondary,1281346440,393856974,10732635788,0,250,0.75,0.05,coarse-modis-250m,210594.979,0.963313,0.963313,0.0,0.0,0.0,negative,moderate,
osm-393856976-3709514014-0,DFO_3251_From_20080102_to_20080106,2008-01-02,2008-01-06,pilot_centroid,moderate,53.276,Jalan Pangeran Jayakarta,secondary,1281346440,393856976,3709514014,0,250,0.75,0.05,coarse-modis-250m,222732.779,0.964972,0.964972,0.0,0.0,0.0,negative,moderate,
osm-393861915-6322396585-0,DFO_3251_From_20080102_to_20080106,2008-01-02,2008-01-06,pilot_centroid,moderate,20.989,Jalan Pangeran Jayakarta,secondary,1294695408,393861915,6322396585,0,250,0.75,0.05,coarse-modis-250m,206579.237,0.962443,0.962443,0.0,0.0,0.0,negative,moderate,
osm-3981137758-8995440646-0,DFO_3251_From_20080102_to_20080106,2008-01-02,2008-01-06,pilot_centroid,moderate,2.985,Jalan Kebon Sirih,primary,18056345,3981137758,8995440646,0,250,0.75,0.05,coarse-modis-250m,197571.452,0.960817,0.960817,0.0,0.0,0.0,negative,moderate,
osm-4152867155-317190987-0,DFO_3251_From_20080102_to_20080106,2008-01-02,2008-01-06,pilot_centroid,moderate,118.706,Jalan Jenderal Basuki Rahmat,primary,691258747,4152867155,317190987,0,250,0.75,0.05,coarse-modis-250m,255457.323,0.969026,0.969026,0.0,0.0,0.0,negative,moderate,
osm-4152867163-6430860592-0,DFO_3251_From_20080102_to_20080106,2008-01-02,2008-01-06,pilot_centroid,moderate,46.486,Unnamed OSM road,trunk_link,28851150,4152867163,6430860592,0,250,0.75,0.05,coarse-modis-250m,219327.736,0.964659,0.964659,0.0,0.0,0.0,negative,moderate,
osm-4152867172-4152867155-0,DFO_3251_From_20080102_to_20080106,2008-01-02,2008-01-06,pilot_centroid,moderate,564.97,Jalan Jenderal Basuki Rahmat,primary,28847153|751720306|28847154|1525925078,4152867172,4152867155,0,250,0.75,0.05,coarse-modis-250m,478683.122,0.981649,0.981649,0.0,0.0,0.0,negative,moderate,
osm-4152867179-6331233983-0,DFO_3251_From_20080102_to_20080106,2008-01-02,2008-01-06,pilot_centroid,moderate,20.637,Jalan D. I. Panjaitan,trunk,1288928358,4152867179,6331233983,0,250,0.75,0.05,coarse-modis-250m,206403.089,0.962423,0.962423,0.0,0.0,0.0,negative,moderate,
osm-4152867689-4914353893-0,DFO_3251_From_20080102_to_20080106,2008-01-02,2008-01-06,pilot_centroid,moderate,65.4,Jalan D. I. Panjaitan,trunk,685347200,4152867689,4914353893,0,250,0.75,0.05,coarse-modis-250m,228785.191,0.965781,0.965781,0.0,0.0,0.0,negative,moderate,
osm-4235574904-4235574906-0,DFO_3251_From_20080102_to_20080106,2008-01-02,2008-01-06,pilot_centroid,moderate,70.754,Jalan Penjernihan 1,primary,28779908,4235574904,4235574906,0,250,0.75,0.05,coarse-modis-250m,231477.308,0.965823,0.965823,0.0,0.0,0.0,negative,moderate,
osm-4235574906-5377177680-0,DFO_3251_From_20080102_to_20080106,2008-01-02,2008-01-06,pilot_centroid,moderate,167.264,Jalan Penjernihan 1,primary,169300296|28779908|169300294,4235574906,5377177680,0,250,0.75,0.05,coarse-modis-250m,279721.128,0.971057,0.971057,0.0,0.0,0.0,negative,moderate,
osm-4258201115-3415432182-0,DFO_3251_From_20080102_to_20080106,2008-01-02,2008-01-06,pilot_centroid,moderate,44.867,Jalan Matraman,primary,1301960076,4258201115,3415432182,0,250,0.75,0.05,coarse-modis-250m,218525.966,0.964405,0.964405,0.0,0.0,0.0,negative,moderate,
osm-4260761277-11899737707-0,DFO_3251_From_20080102_to_20080106,2008-01-02,2008-01-06,pilot_centroid,moderate,16.969,Jalan Jatinegara Timur,primary,1282308966,4260761277,11899737707,0,250,0.75,0.05,coarse-modis-250m,204567.72,0.962202,0.962202,0.0,0.0,0.0,negative,moderate,
osm-4269900330-11350075105-0,DFO_3251_From_20080102_to_20080106,2008-01-02,2008-01-06,pilot_centroid,moderate,17.693,Jalan Insinyur Haji Juanda,secondary,696175332,4269900330,11350075105,0,250,0.75,0.05,coarse-modis-250m,204930.159,0.962235,0.962235,0.0,0.0,0.0,negative,moderate,
osm-430546287-12736661061-0,DFO_3251_From_20080102_to_20080106,2008-01-02,2008-01-06,pilot_centroid,moderate,69.246,Jalan Utan Panjang Raya,primary,37018601|765699421|765699422|510396471,430546287,12736661061,0,250,0.75,0.05,coarse-modis-250m,230718.485,0.972163,0.972163,0.0,0.0,0.0,negative,moderate,
osm-430546294-430546307-0,DFO_3251_From_20080102_to_20080106,2008-01-02,2008-01-06,pilot_centroid,moderate,20.054,Jalan Garuda,secondary,37018609,430546294,430546307,0,250,0.75,0.05,coarse-modis-250m,206111.429,0.962415,0.962415,0.0,0.0,0.0,negative,moderate,
osm-430546307-430546319-0,DFO_3251_From_20080102_to_20080106,2008-01-02,2008-01-06,pilot_centroid,moderate,18.659,Jalan Kemayoran Gempol,secondary,736957432,430546307,430546319,0,250,0.75,0.05,coarse-modis-250m,205413.433,0.96241,0.96241,0.0,0.0,0.0,negative,moderate,
osm-430546319-12754553920-0,DFO_3251_From_20080102_to_20080106,2008-01-02,2008-01-06,pilot_centroid,moderate,26.941,Jalan Kemayoran Gempol,secondary,736957432,430546319,12754553920,0,250,0.75,0.05,coarse-modis-250m,209553.706,0.963125,0.963125,0.0,0.0,0.0,negative,moderate,
osm-4404259357-4556570177-0,DFO_3251_From_20080102_to_20080106,2008-01-02,2008-01-06,pilot_centroid,moderate,93.207,Jalan Jenderal Gatot Subroto,trunk,562407886,4404259357,4556570177,0,250,0.75,0.05,coarse-modis-250m,242710.661,0.967503,0.967503,0.0,0.0,0.0,negative,moderate,
osm-4466078450-315684305-0,DFO_3251_From_20080102_to_20080106,2008-01-02,2008-01-06,pilot_centroid,moderate,7.184,Jalan Suryopranoto,primary,1243496204,4466078450,315684305,0,250,0.75,0.05,coarse-modis-250m,199672.345,0.96128,0.96128,0.0,0.0,0.0,negative,moderate,
osm-4466384616-328320081-0,DFO_3251_From_20080102_to_20080106,2008-01-02,2008-01-06,pilot_centroid,moderate,25.516,Jalan Perintis Kemerdekaan,trunk,533111361|28774450,4466384616,328320081,0,250,0.75,0.05,coarse-modis-250m,208844.167,0.963366,0.963366,0.0,0.0,0.0,negative,moderate,
osm-4466384617-5466187936-0,DFO_3251_From_20080102_to_20080106,2008-01-02,2008-01-06,pilot_centroid,moderate,234.137,Jalan Yos Sudarso,trunk,508942939|1527569132,4466384617,5466187936,0,250,0.75,0.05,coarse-modis-250m,313219.728,0.973784,0.973784,0.0,0.0,0.0,negative,moderate,
osm-4476152430-4546109600-0,DFO_3251_From_20080102_to_20080106,2008-01-02,2008-01-06,pilot_centroid,moderate,27.133,Jalan Kebon Sirih,primary,756138856|630466957,4476152430,4546109600,0,250,0.75,0.05,coarse-modis-250m,209652.934,0.962679,0.962679,0.0,0.0,0.0,negative,moderate,
osm-4488259486-4476152430-0,DFO_3251_From_20080102_to_20080106,2008-01-02,2008-01-06,pilot_centroid,moderate,30.622,Jalan Kebon Sirih,primary,450695536,4488259486,4476152430,0,250,0.75,0.05,coarse-modis-250m,211398.402,0.963486,0.963486,0.0,0.0,0.0,negative,moderate,
osm-4499976535-4499997606-0,DFO_3251_From_20080102_to_20080106,2008-01-02,2008-01-06,pilot_centroid,moderate,72.171,Jalan Kyai Haji Mas Mansyur,primary,699354251,4499976535,4499997606,0,250,0.75,0.05,coarse-modis-250m,232185.317,0.966174,0.966174,0.0,0.0,0.0,negative,moderate,
osm-4499997606-8208701324-0,DFO_3251_From_20080102_to_20080106,2008-01-02,2008-01-06,pilot_centroid,moderate,4.948,Jalan Kyai Haji Mas Mansyur,primary,699354251,4499997606,8208701324,0,250,0.75,0.05,coarse-modis-250m,198553.479,0.961221,0.961221,0.0,0.0,0.0,negative,moderate,
osm-4502070108-5436662071-0,DFO_3251_From_20080102_to_20080106,2008-01-02,2008-01-06,pilot_centroid,moderate,83.117,Jalan Mitra Sunter Boulevard,secondary,453477916,4502070108,5436662071,0,250,0.75,0.05,coarse-modis-250m,237661.191,0.966906,0.966906,0.0,0.0,0.0,negative,moderate,
osm-4502070116-7104997606-0,DFO_3251_From_20080102_to_20080106,2008-01-02,2008-01-06,pilot_centroid,moderate,4.727,Jalan Mitra Sunter Boulevard,secondary,1225488988,4502070116,7104997606,0,250,0.75,0.05,coarse-modis-250m,198443.065,0.961309,0.961309,0.0,0.0,0.0,negative,moderate,
osm-4502213975-4502213976-0,DFO_3251_From_20080102_to_20080106,2008-01-02,2008-01-06,pilot_centroid,moderate,16.034,Unnamed OSM road,secondary_link,453493773,4502213975,4502213976,0,250,0.75,0.05,coarse-modis-250m,203249.524,0.968954,0.968954,0.0,0.0,0.0,negative,moderate,
osm-4502213976-9699963783-0,DFO_3251_From_20080102_to_20080106,2008-01-02,2008-01-06,pilot_centroid,moderate,36.597,Jalan Mitra Sunter Boulevard,secondary,696654482,4502213976,9699963783,0,250,0.75,0.05,coarse-modis-250m,214388.093,0.964012,0.964012,0.0,0.0,0.0,negative,moderate,
osm-4502213977-4502213979-0,DFO_3251_From_20080102_to_20080106,2008-01-02,2008-01-06,pilot_centroid,moderate,31.877,Jalan Boulevard Barat,secondary,39741723,4502213977,4502213979,0,250,0.75,0.05,coarse-modis-250m,212026.836,0.963464,0.963464,0.0,0.0,0.0,negative,moderate,
osm-4502213979-4502214206-0,DFO_3251_From_20080102_to_20080106,2008-01-02,2008-01-06,pilot_centroid,moderate,148.497,Jalan Boulevard Barat,secondary,989332721|759677174,4502213979,4502214206,0,250,0.75,0.05,coarse-modis-250m,270373.405,0.970371,0.970371,0.0,0.0,0.0,negative,moderate,
osm-4502214206-4502214225-0,DFO_3251_From_20080102_to_20080106,2008-01-02,2008-01-06,pilot_centroid,moderate,6.695,Jalan Boulevard Barat,secondary,759677173,4502214206,4502214225,0,250,0.75,0.05,coarse-modis-250m,199427.882,0.961505,0.961505,0.0,0.0,0.0,negative,moderate,
osm-4502214222-4502214223-0,DFO_3251_From_20080102_to_20080106,2008-01-02,2008-01-06,pilot_centroid,moderate,7.753,Jalan Boulevard Barat,secondary,759677173,4502214222,4502214223,0,250,0.75,0.05,coarse-modis-250m,199957.166,0.961469,0.961469,0.0,0.0,0.0,negative,moderate,
osm-4502214223-7096117327-0,DFO_3251_From_20080102_to_20080106,2008-01-02,2008-01-06,pilot_centroid,moderate,13.173,Jalan Boulevard Barat,secondary,759677173,4502214223,7096117327,0,250,0.75,0.05,coarse-modis-250m,202668.943,0.961867,0.961867,0.0,0.0,0.0,negative,moderate,
osm-4502214225-4502214222-0,DFO_3251_From_20080102_to_20080106,2008-01-02,2008-01-06,pilot_centroid,moderate,63.932,Jalan Boulevard Barat,secondary,759677173,4502214225,4502214222,0,250,0.75,0.05,coarse-modis-250m,228064.135,0.965752,0.965752,0.0,0.0,0.0,negative,moderate,
osm-4504091329-7241544817-0,DFO_3251_From_20080102_to_20080106,2008-01-02,2008-01-06,pilot_centroid,moderate,12.96,Jalan Pemuda,primary,28775346,4504091329,7241544817,0,250,0.75,0.05,coarse-modis-250m,202562.231,0.961717,0.961717,0.0,0.0,0.0,negative,moderate,
osm-4505735373-1163404654-0,DFO_3251_From_20080102_to_20080106,2008-01-02,2008-01-06,pilot_centroid,moderate,9.458,Jalan Letnan Jenderal Suprapto,primary,755340964,4505735373,1163404654,0,250,0.75,0.05,coarse-modis-250m,200810.117,0.961566,0.961566,0.0,0.0,0.0,negative,moderate,
osm-4507955830-4507955831-0,DFO_3251_From_20080102_to_20080106,2008-01-02,2008-01-06,pilot_centroid,moderate,50.819,Unnamed OSM road,primary_link,454203125,4507955830,4507955831,0,250,0.75,0.05,coarse-modis-250m,216698.275,0.767657,0.767657,0.0,0.0,0.0,unknown,excluded,insufficient_source_coverage
osm-4507955831-5205645925-0,DFO_3251_From_20080102_to_20080106,2008-01-02,2008-01-06,pilot_centroid,moderate,70.316,Jalan Profesor Doktor Satrio,primary,454203124,4507955831,5205645925,0,250,0.75,0.05,coarse-modis-250m,231258.51,0.771476,0.771476,0.0,0.0,0.0,unknown,excluded,insufficient_source_coverage
osm-4507989466-10090309233-0,DFO_3251_From_20080102_to_20080106,2008-01-02,2008-01-06,pilot_centroid,moderate,60.079,Jalan Profesor Doktor Satrio,primary,454203124,4507989466,10090309233,0,250,0.75,0.05,coarse-modis-250m,226136.607,0.768818,0.768818,0.0,0.0,0.0,unknown,excluded,insufficient_source_coverage
osm-4529694108-317157768-0,DFO_3251_From_20080102_to_20080106,2008-01-02,2008-01-06,pilot_centroid,moderate,570.393,Jalan Profesor Doktor Satrio,primary,28213347|1343709123|28847238|699354471,4529694108,317157768,0,250,0.75,0.05,coarse-modis-250m,481434.851,0.768927,0.768927,0.0,0.0,0.0,unknown,excluded,insufficient_source_coverage
osm-454066598-4502070108-0,DFO_3251_From_20080102_to_20080106,2008-01-02,2008-01-06,pilot_centroid,moderate,16.805,Jalan Mitra Sunter Boulevard,secondary,453477916,454066598,4502070108,0,250,0.75,0.05,coarse-modis-250m,204485.73,0.962191,0.962191,0.0,0.0,0.0,negative,moderate,
osm-4541302315-6332686268-0,DFO_3251_From_20080102_to_20080106,2008-01-02,2008-01-06,pilot_centroid,moderate,79.312,Jalan Jatinegara Timur,primary,11671655,4541302315,6332686268,0,250,0.75,0.05,coarse-modis-250m,235672.072,0.96689,0.96689,0.0,0.0,0.0,negative,moderate,
osm-4546076824-186669834-0,DFO_3251_From_20080102_to_20080106,2008-01-02,2008-01-06,pilot_centroid,moderate,66.932,Jalan Kebon Sirih,primary,248618360,4546076824,186669834,0,250,0.75,0.05,coarse-modis-250m,229565.162,0.965913,0.965913,0.0,0.0,0.0,negative,moderate,
osm-4546100816-9144167875-0,DFO_3251_From_20080102_to_20080106,2008-01-02,2008-01-06,pilot_centroid,moderate,297.757,Jalan Kebon Sirih,primary,28216264,4546100816,9144167875,0,250,0.75,0.05,coarse-modis-250m,345026.066,0.975785,0.975785,0.0,0.0,0.0,negative,moderate,
osm-4546109600-7062375566-0,DFO_3251_From_20080102_to_20080106,2008-01-02,2008-01-06,pilot_centroid,moderate,26.626,Jalan Kebon Sirih,primary,756138856,4546109600,7062375566,0,250,0.75,0.05,coarse-modis-250m,209255.367,0.964008,0.964008,0.0,0.0,0.0,negative,moderate,
osm-4548266264-1342879017-0,DFO_3251_From_20080102_to_20080106,2008-01-02,2008-01-06,pilot_centroid,moderate,171.182,Jalan Perintis Kemerdekaan,trunk,691337120|458897457,4548266264,1342879017,0,250,0.75,0.05,coarse-modis-250m,281686.386,0.971284,0.971284,0.0,0.0,0.0,negative,moderate,
osm-4548266267-9527050428-0,DFO_3251_From_20080102_to_20080106,2008-01-02,2008-01-06,pilot_centroid,moderate,71.759,Jalan Perintis Kemerdekaan,trunk,427815402,4548266267,9527050428,0,250,0.75,0.05,coarse-modis-250m,231979.969,0.966173,0.966173,0.0,0.0,0.0,negative,moderate,
osm-4548266741-1163404589-0,DFO_3251_From_20080102_to_20080106,2008-01-02,2008-01-06,pilot_centroid,moderate,54.659,Jalan Tanah Tinggi Barat,primary,745207256,4548266741,1163404589,0,250,0.75,0.05,coarse-modis-250m,223424.848,0.965062,0.965062,0.0,0.0,0.0,negative,moderate,
osm-4548266748-6459323552-0,DFO_3251_From_20080102_to_20080106,2008-01-02,2008-01-06,pilot_centroid,moderate,1011.588,Jalan Letnan Jenderal Suprapto,primary,1528624384|1526148738|561430258|458897465|458897466|688708541|688708543,4548266748,6459323552,0,250,0.75,0.05,coarse-modis-250m,702160.183,0.985878,0.985878,0.0,0.0,0.0,negative,moderate,
osm-4548266763-12745135294-0,DFO_3251_From_20080102_to_20080106,2008-01-02,2008-01-06,pilot_centroid,moderate,13.067,Jalan Kramat Kwitang,primary,749318590,4548266763,12745135294,0,250,0.75,0.05,coarse-modis-250m,202615.946,0.961949,0.961949,0.0,0.0,0.0,negative,moderate,
osm-4548266767-5374282155-0,DFO_3251_From_20080102_to_20080106,2008-01-02,2008-01-06,pilot_centroid,moderate,86.851,Jalan Arief Rachman Hakim,primary,749318625|674371738|487370075,4548266767,5374282155,0,250,0.75,0.05,coarse-modis-250m,239502.665,0.96812,0.96812,0.0,0.0,0.0,negative,moderate,
osm-4548266823-5013211786-0,DFO_3251_From_20080102_to_20080106,2008-01-02,2008-01-06,pilot_centroid,moderate,149.353,Jalan Insinyur Haji Juanda,secondary,11670123,4548266823,5013211786,0,250,0.75,0.05,coarse-modis-250m,270787.593,0.970185,0.970185,0.0,0.0,0.0,negative,moderate,
osm-4548267014-4548267015-0,DFO_3251_From_20080102_to_20080106,2008-01-02,2008-01-06,pilot_centroid,moderate,208.628,Jalan Perintis Kemerdekaan,trunk,427815402,4548267014,4548267015,0,250,0.75,0.05,coarse-modis-250m,300435.276,0.973147,0.973147,0.0,0.0,0.0,negative,moderate,
osm-4548267015-1417319126-0,DFO_3251_From_20080102_to_20080106,2008-01-02,2008-01-06,pilot_centroid,moderate,32.302,Jalan Perintis Kemerdekaan,trunk,427815402,4548267015,1417319126,0,250,0.75,0.05,coarse-modis-250m,212238.96,0.963358,0.963358,0.0,0.0,0.0,negative,moderate,
osm-4551137763-7140161059-0,DFO_3251_From_20080102_to_20080106,2008-01-02,2008-01-06,pilot_centroid,moderate,90.368,Jalan Bekasi Raya,trunk,119540281,4551137763,7140161059,0,250,0.75,0.05,coarse-modis-250m,241290.695,0.967273,0.967273,0.0,0.0,0.0,negative,moderate,
osm-4551163746-4551163784-0,DFO_3251_From_20080102_to_20080106,2008-01-02,2008-01-06,pilot_centroid,moderate,80.398,Unnamed OSM road,primary_link,723778120,4551163746,4551163784,0,250,0.75,0.05,coarse-modis-250m,236187.683,0.967688,0.967688,0.0,0.0,0.0,negative,moderate,
osm-4551163746-5506920811-0,DFO_3251_From_20080102_to_20080106,2008-01-02,2008-01-06,pilot_centroid,moderate,10.584,Jalan Arjuna Utara,primary,973979024,4551163746,5506920811,0,250,0.75,0.05,coarse-modis-250m,201364.6,0.965869,0.965869,0.0,0.0,0.0,negative,moderate,
osm-4551163784-4551163787-0,DFO_3251_From_20080102_to_20080106,2008-01-02,2008-01-06,pilot_centroid,moderate,102.125,Unnamed OSM road,motorway_link,30177595,4551163784,4551163787,0,250,0.75,0.05,coarse-modis-250m,243990.799,0.972428,0.972428,0.0,0.0,0.0,negative,moderate,
osm-4551163787-332526386-0,DFO_3251_From_20080102_to_20080106,2008-01-02,2008-01-06,pilot_centroid,moderate,51.736,Unnamed OSM road,motorway_link,758174292,4551163787,332526386,0,250,0.75,0.05,coarse-modis-250m,221962.272,0.96475,0.96475,0.0,0.0,0.0,negative,moderate,
osm-4556570177-9531434128-0,DFO_3251_From_20080102_to_20080106,2008-01-02,2008-01-06,pilot_centroid,moderate,27.381,Unnamed OSM road,service,751715002|760235331,4556570177,9531434128,0,250,0.75,0.05,coarse-modis-250m,209776.498,0.963073,0.963073,0.0,0.0,0.0,negative,moderate,
osm-4564612508-1363190326-0,DFO_3251_From_20080102_to_20080106,2008-01-02,2008-01-06,pilot_centroid,moderate,49.544,Jalan Kyai Haji Mas Mansyur,primary,28219053,4564612508,1363190326,0,250,0.75,0.05,coarse-modis-250m,220864.257,0.893817,0.893817,0.0,0.0,0.0,negative,moderate,
osm-4564847177-4871926648-0,DFO_3251_From_20080102_to_20080106,2008-01-02,2008-01-06,pilot_centroid,moderate,17.733,Jalan Profesor Doktor Satrio,primary,454203124,4564847177,4871926648,0,250,0.75,0.05,coarse-modis-250m,204950.042,0.843344,0.843344,0.0,0.0,0.0,negative,moderate,
osm-4564851111-4564851115-0,DFO_3251_From_20080102_to_20080106,2008-01-02,2008-01-06,pilot_centroid,moderate,41.469,Jalan Profesor Doktor Satrio,primary,454203124,4564851111,4564851115,0,250,0.75,0.05,coarse-modis-250m,216825.599,0.809935,0.809935,0.0,0.0,0.0,negative,moderate,
osm-4564851115-4564847177-0,DFO_3251_From_20080102_to_20080106,2008-01-02,2008-01-06,pilot_centroid,moderate,17.701,Jalan Profesor Doktor Satrio,primary,454203124,4564851115,4564847177,0,250,0.75,0.05,coarse-modis-250m,204934.129,0.832898,0.832898,0.0,0.0,0.0,negative,moderate,
osm-4566501487-6334659081-0,DFO_3251_From_20080102_to_20080106,2008-01-02,2008-01-06,pilot_centroid,moderate,158.343,Jalan Kemayoran Gempol,secondary,736957432,4566501487,6334659081,0,250,0.75,0.05,coarse-modis-250m,275299.089,0.970847,0.970847,0.0,0.0,0.0,negative,moderate,
osm-4566501796-6334537720-0,DFO_3251_From_20080102_to_20080106,2008-01-02,2008-01-06,pilot_centroid,moderate,31.222,Jalan Benyamin Sueb,primary,749995400,4566501796,6334537720,0,250,0.75,0.05,coarse-modis-250m,211699.165,0.963356,0.963356,0.0,0.0,0.0,negative,moderate,
osm-4566501805-4566501808-0,DFO_3251_From_20080102_to_20080106,2008-01-02,2008-01-06,pilot_centroid,moderate,124.793,Jalan Benyamin Sueb,primary,461101935,4566501805,4566501808,0,250,0.75,0.05,coarse-modis-250m,258513.932,0.969251,0.969251,0.0,0.0,0.0,negative,moderate,
osm-4566501806-4566501807-0,DFO_3251_From_20080102_to_20080106,2008-01-02,2008-01-06,pilot_centroid,moderate,80.641,Jalan Benyamin Sueb,secondary,461101937,4566501806,4566501807,0,250,0.75,0.05,coarse-modis-250m,236424.178,0.966799,0.966799,0.0,0.0,0.0,negative,moderate,
osm-4566501807-4566501808-0,DFO_3251_From_20080102_to_20080106,2008-01-02,2008-01-06,pilot_centroid,moderate,25.385,Unnamed OSM road,primary_link,461101932,4566501807,4566501808,0,250,0.75,0.05,coarse-modis-250m,208778.763,0.962876,0.962876,0.0,0.0,0.0,negative,moderate,
osm-4566501808-4566501816-0,DFO_3251_From_20080102_to_20080106,2008-01-02,2008-01-06,pilot_centroid,moderate,51.499,Jalan Benyamin Sueb,primary,461101935,4566501808,4566501816,0,250,0.75,0.05,coarse-modis-250m,221841.911,0.965121,0.965121,0.0,0.0,0.0,negative,moderate,
osm-4566501813-4566501888-0,DFO_3251_From_20080102_to_20080106,2008-01-02,2008-01-06,pilot_centroid,moderate,86.934,Jalan Benyamin Sueb,primary,100992854,4566501813,4566501888,0,250,0.75,0.05,coarse-modis-250m,239569.559,0.96716,0.96716,0.0,0.0,0.0,negative,moderate,
osm-4566501816-4566501813-0,DFO_3251_From_20080102_to_20080106,2008-01-02,2008-01-06,pilot_centroid,moderate,31.87,Unnamed OSM road,primary_link,1122535985,4566501816,4566501813,0,250,0.75,0.05,coarse-modis-250m,209924.699,0.973114,0.973114,0.0,0.0,0.0,negative,moderate,
osm-4621777203-6135130582-0,DFO_3251_From_20080102_to_20080106,2008-01-02,2008-01-06,pilot_centroid,moderate,75.201,Jalan Jenderal Gatot Subroto,primary,28229340,4621777203,6135130582,0,250,0.75,0.05,coarse-modis-250m,233702.076,0.966516,0.966516,0.0,0.0,0.0,negative,moderate,
osm-4637530511-4637530516-0,DFO_3251_From_20080102_to_20080106,2008-01-02,2008-01-06,pilot_centroid,moderate,8.465,Jalan Jenderal Gatot Subroto,primary,28229340,4637530511,4637530516,0,250,0.75,0.05,coarse-modis-250m,200313.091,0.961624,0.961624,0.0,0.0,0.0,negative,moderate,
osm-4637530516-4621777203-0,DFO_3251_From_20080102_to_20080106,2008-01-02,2008-01-06,pilot_centroid,moderate,14.828,Jalan Jenderal Gatot Subroto,primary,28229340,4637530516,4621777203,0,250,0.75,0.05,coarse-modis-250m,203496.654,0.962082,0.962082,0.0,0.0,0.0,negative,moderate,
osm-4658384434-8502330159-0,DFO_3251_From_20080102_to_20080106,2008-01-02,2008-01-06,pilot_centroid,moderate,30.214,Jalan Jenderal Basuki Rahmat,primary,28847119,4658384434,8502330159,0,250,0.75,0.05,coarse-modis-250m,211166.558,0.963345,0.963345,0.0,0.0,0.0,negative,moderate,
osm-4666245577-4800316715-0,DFO_3251_From_20080102_to_20080106,2008-01-02,2008-01-06,pilot_centroid,moderate,108.797,Jalan Cipinang Cempedak I,residential,472413354|1499931370,4666245577,4800316715,0,250,0.75,0.05,coarse-modis-250m,250510.122,0.96841,0.96841,0.0,0.0,0.0,negative,moderate,
osm-4666246415-4666245577-0,DFO_3251_From_20080102_to_20080106,2008-01-02,2008-01-06,pilot_centroid,moderate,30.252,Jalan Cipinang Cempedak I,residential,472413396,4666246415,4666245577,0,250,0.75,0.05,coarse-modis-250m,211213.548,0.962945,0.962945,0.0,0.0,0.0,negative,moderate,
osm-4666246417-4666246415-0,DFO_3251_From_20080102_to_20080106,2008-01-02,2008-01-06,pilot_centroid,moderate,92.371,Jalan Cipinang Cempedak II,residential,1499931369|472413398,4666246417,4666246415,0,250,0.75,0.05,coarse-modis-250m,242291.823,0.967464,0.967464,0.0,0.0,0.0,negative,moderate,
osm-4696797079-2836706758-0,DFO_3251_From_20080102_to_20080106,2008-01-02,2008-01-06,pilot_centroid,moderate,57.937,Jalan Pulau Putri,residential,279455519,4696797079,2836706758,0,250,0.75,0.05,coarse-modis-250m,225064.766,0.965299,0.965299,0.0,0.0,0.0,negative,moderate,
osm-4746451654-1133676112-0,DFO_3251_From_20080102_to_20080106,2008-01-02,2008-01-06,pilot_centroid,moderate,7.745,Jalan Jenderal Basuki Rahmat,primary,493859848,4746451654,1133676112,0,250,0.75,0.05,coarse-modis-250m,199953.26,0.961458,0.961458,0.0,0.0,0.0,negative,moderate,
osm-4746451654-7152827727-0,DFO_3251_From_20080102_to_20080106,2008-01-02,2008-01-06,pilot_centroid,moderate,103.382,Jalan Cipinang Indah 2,tertiary,521164033|521164034|521164035,4746451654,7152827727,0,250,0.75,0.05,coarse-modis-250m,247507.431,0.97037,0.97037,0.0,0.0,0.0,negative,moderate,
osm-4746451656-1134953472-0,DFO_3251_From_20080102_to_20080106,2008-01-02,2008-01-06,pilot_centroid,moderate,17.426,Jalan Cipinang Indah 2,tertiary,737509446,4746451656,1134953472,0,250,0.75,0.05,coarse-modis-250m,204796.843,0.962391,0.962391,0.0,0.0,0.0,negative,moderate,
osm-4748308350-4800316715-0,DFO_3251_From_20080102_to_20080106,2008-01-02,2008-01-06,pilot_centroid,moderate,46.904,Jalan Cipinang Cempedak I,tertiary,688635244,4748308350,4800316715,0,250,0.75,0.05,coarse-modis-250m,219545.035,0.964603,0.964603,0.0,0.0,0.0,negative,moderate,
osm-4749962821-4258201115-0,DFO_3251_From_20080102_to_20080106,2008-01-02,2008-01-06,pilot_centroid,moderate,134.79,Jalan Matraman,primary,1509532459|1509532460|484909214|762924647,4749962821,4258201115,0,250,0.75,0.05,coarse-modis-250m,263355.179,0.969396,0.969396,0.0,0.0,0.0,negative,moderate,
osm-4750115938-5377076423-0,DFO_3251_From_20080102_to_20080106,2008-01-02,2008-01-06,pilot_centroid,moderate,33.937,Jalan Kramat Raya,primary,713583503,4750115938,5377076423,0,250,0.75,0.05,coarse-modis-250m,213057.538,0.96368,0.96368,0.0,0.0,0.0,negative,moderate,
osm-4750115942-4750115943-0,DFO_3251_From_20080102_to_20080106,2008-01-02,2008-01-06,pilot_centroid,moderate,53.289,Jalan Salemba Raya,primary,685613008,4750115942,4750115943,0,250,0.75,0.05,coarse-modis-250m,222739.283,0.964904,0.964904,0.0,0.0,0.0,negative,moderate,
osm-4750115943-9013891776-0,DFO_3251_From_20080102_to_20080106,2008-01-02,2008-01-06,pilot_centroid,moderate,51.042,Jalan Salemba Raya,primary,685613008,4750115943,9013891776,0,250,0.75,0.05,coarse-modis-250m,221614.966,0.964765,0.964765,0.0,0.0,0.0,negative,moderate,
osm-4750115944-9013891773-0,DFO_3251_From_20080102_to_20080106,2008-01-02,2008-01-06,pilot_centroid,moderate,5.376,Jalan Salemba Raya,primary,713585209,4750115944,9013891773,0,250,0.75,0.05,coarse-modis-250m,198767.614,0.961315,0.961315,0.0,0.0,0.0,negative,moderate,
osm-4751894442-13827879018-0,DFO_3251_From_20080102_to_20080106,2008-01-02,2008-01-06,pilot_centroid,moderate,28.051,Jalan Matraman,primary,278788931,4751894442,13827879018,0,250,0.75,0.05,coarse-modis-250m,210108.516,0.963112,0.963112,0.0,0.0,0.0,negative,moderate,
osm-4758805504-12484094370-0,DFO_3251_From_20080102_to_20080106,2008-01-02,2008-01-06,pilot_centroid,moderate,18.811,Jalan Pemuda,primary,1295698630,4758805504,12484094370,0,250,0.75,0.05,coarse-modis-250m,205489.446,0.96232,0.96232,0.0,0.0,0.0,negative,moderate,
osm-4758806028-7132187495-0,DFO_3251_From_20080102_to_20080106,2008-01-02,2008-01-06,pilot_centroid,moderate,25.923,Jalan Letnan Jenderal Suprapto,primary,750001530,4758806028,7132187495,0,250,0.75,0.05,coarse-modis-250m,209047.978,0.963535,0.963535,0.0,0.0,0.0,negative,moderate,
osm-4776087428-104379022-0,DFO_3251_From_20080102_to_20080106,2008-01-02,2008-01-06,pilot_centroid,moderate,104.867,Jalan Otto Iskandar Dinata,primary,28765421,4776087428,104379022,0,250,0.75,0.05,coarse-modis-250m,248544.452,0.968138,0.968138,0.0,0.0,0.0,negative,moderate,
osm-4776087446-4776087428-0,DFO_3251_From_20080102_to_20080106,2008-01-02,2008-01-06,pilot_centroid,moderate,74.539,Jalan Otto Iskandar Dinata,primary,28765421,4776087446,4776087428,0,250,0.75,0.05,coarse-modis-250m,233370.701,0.966401,0.966401,0.0,0.0,0.0,negative,moderate,
osm-4776087714-8562305801-0,DFO_3251_From_20080102_to_20080106,2008-01-02,2008-01-06,pilot_centroid,moderate,39.431,Jalan Cipinang Cempedak,tertiary,484862899,4776087714,8562305801,0,250,0.75,0.05,coarse-modis-250m,215806.246,0.964306,0.964306,0.0,0.0,0.0,negative,moderate,
osm-4776237951-6332607740-0,DFO_3251_From_20080102_to_20080106,2008-01-02,2008-01-06,pilot_centroid,moderate,40.916,Jalan Otto Iskandar Dinata,primary,791643153,4776237951,6332607740,0,250,0.75,0.05,coarse-modis-250m,216549.127,0.964067,0.964067,0.0,0.0,0.0,negative,moderate,
osm-4776237952-9034273150-0,DFO_3251_From_20080102_to_20080106,2008-01-02,2008-01-06,pilot_centroid,moderate,40.715,Jalan Otto Iskandar Dinata,primary,691253232,4776237952,9034273150,0,250,0.75,0.05,coarse-modis-250m,216448.657,0.964196,0.964196,0.0,0.0,0.0,negative,moderate,
osm-4776237953-4776237952-0,DFO_3251_From_20080102_to_20080106,2008-01-02,2008-01-06,pilot_centroid,moderate,46.746,Jalan Otto Iskandar Dinata,primary,691253232,4776237953,4776237952,0,250,0.75,0.05,coarse-modis-250m,219465.677,0.964489,0.964489,0.0,0.0,0.0,negative,moderate,
osm-4776237954-352913456-0,DFO_3251_From_20080102_to_20080106,2008-01-02,2008-01-06,pilot_centroid,moderate,46.085,Jalan Otto Iskandar Dinata,primary,691253233|691253234,4776237954,352913456,0,250,0.75,0.05,coarse-modis-250m,219135.05,0.96447,0.96447,0.0,0.0,0.0,negative,moderate,
osm-4778418534-4798088843-0,DFO_3251_From_20080102_to_20080106,2008-01-02,2008-01-06,pilot_centroid,moderate,64.383,Jalan Karet Sawah I,residential,754738344,4778418534,4798088843,0,250,0.75,0.05,coarse-modis-250m,228151.963,0.9661,0.9661,0.0,0.0,0.0,negative,moderate,
osm-4780597176-5652849428-0,DFO_3251_From_20080102_to_20080106,2008-01-02,2008-01-06,pilot_centroid,moderate,25.72,Jalan Otto Iskandar Dinata,primary,691253235,4780597176,5652849428,0,250,0.75,0.05,coarse-modis-250m,208911.342,0.964302,0.964302,0.0,0.0,0.0,negative,moderate,
osm-4780724425-9623003134-0,DFO_3251_From_20080102_to_20080106,2008-01-02,2008-01-06,pilot_centroid,moderate,143.927,Jalan Matraman,primary,278788931,4780724425,9623003134,0,250,0.75,0.05,coarse-modis-250m,268086.734,0.96905,0.96905,0.0,0.0,0.0,negative,moderate,
osm-4785715143-308981968-0,DFO_3251_From_20080102_to_20080106,2008-01-02,2008-01-06,pilot_centroid,moderate,141.374,Jalan Karet Pedurenan Raya,tertiary,28132208,4785715143,308981968,0,250,0.75,0.05,coarse-modis-250m,266148.967,0.969827,0.969827,0.0,0.0,0.0,negative,moderate,
osm-4785715146-308981969-0,DFO_3251_From_20080102_to_20080106,2008-01-02,2008-01-06,pilot_centroid,moderate,4.38,Jalan Karet Pedurenan Raya,tertiary,28132208,4785715146,308981969,0,250,0.75,0.05,coarse-modis-250m,198269.412,0.961111,0.961111,0.0,0.0,0.0,negative,moderate,
osm-4787639954-13752868692-0,DFO_3251_From_20080102_to_20080106,2008-01-02,2008-01-06,pilot_centroid,moderate,106.969,Jalan Jatinegara Timur,primary,1301949425,4787639954,13752868692,0,250,0.75,0.05,coarse-modis-250m,249457.287,0.968009,0.968009,0.0,0.0,0.0,negative,moderate,
osm-4790999401-13701804566-0,DFO_3251_From_20080102_to_20080106,2008-01-02,2008-01-06,pilot_centroid,moderate,170.126,Jalan Raya Casablanca,primary,28847137,4790999401,13701804566,0,250,0.75,0.05,coarse-modis-250m,281191.785,0.336725,0.336725,0.0,0.0,0.0,unknown,excluded,insufficient_source_coverage
osm-4798088843-353136203-0,DFO_3251_From_20080102_to_20080106,2008-01-02,2008-01-06,pilot_centroid,moderate,134.077,Jalan Karet Sawah,residential,697069494,4798088843,353136203,0,250,0.75,0.05,coarse-modis-250m,263132.601,0.969924,0.969924,0.0,0.0,0.0,negative,moderate,
osm-4798985491-5374644166-0,DFO_3251_From_20080102_to_20080106,2008-01-02,2008-01-06,pilot_centroid,moderate,18.918,Jalan Letnan Jenderal Suprapto,primary,492988946,4798985491,5374644166,0,250,0.75,0.05,coarse-modis-250m,205542.857,0.961528,0.961528,0.0,0.0,0.0,negative,moderate,
osm-4800316713-5379957279-0,DFO_3251_From_20080102_to_20080106,2008-01-02,2008-01-06,pilot_centroid,moderate,81.332,Jalan Cipinang Cempedak I,tertiary,98090600,4800316713,5379957279,0,250,0.75,0.05,coarse-modis-250m,236769.7,0.96624,0.96624,0.0,0.0,0.0,negative,moderate,
osm-4800316715-5513076675-0,DFO_3251_From_20080102_to_20080106,2008-01-02,2008-01-06,pilot_centroid,moderate,8.24,Jalan Cipinang Cempedak I,tertiary,688635244,4800316715,5513076675,0,250,0.75,0.05,coarse-modis-250m,200200.98,0.961439,0.961439,0.0,0.0,0.0,negative,moderate,
osm-4800528562-12744944224-0,DFO_3251_From_20080102_to_20080106,2008-01-02,2008-01-06,pilot_centroid,moderate,17.871,Jalan Arief Rachman Hakim,primary,487370077,4800528562,12744944224,0,250,0.75,0.05,coarse-modis-250m,205019.477,0.962299,0.962299,0.0,0.0,0.0,negative,moderate,
osm-4800528564-4800528562-0,DFO_3251_From_20080102_to_20080106,2008-01-02,2008-01-06,pilot_centroid,moderate,85.075,Jalan Arief Rachman Hakim,primary,487370077,4800528564,4800528562,0,250,0.75,0.05,coarse-modis-250m,238622.87,0.966809,0.966809,0.0,0.0,0.0,negative,moderate,
osm-4800795887-317182284-0,DFO_3251_From_20080102_to_20080106,2008-01-02,2008-01-06,pilot_centroid,moderate,65.902,Jalan K. Haji Abdul Syafi'ie,primary,28850223,4800795887,317182284,0,250,0.75,0.05,coarse-modis-250m,229049.809,0.966401,0.966401,0.0,0.0,0.0,negative,moderate,
osm-4804615989-11959843134-0,DFO_3251_From_20080102_to_20080106,2008-01-02,2008-01-06,pilot_centroid,moderate,51.714,Jalan Letnan Jenderal Suprapto,primary,696668229,4804615989,11959843134,0,250,0.75,0.05,coarse-modis-250m,221949.129,0.964449,0.964449,0.0,0.0,0.0,negative,moderate,
osm-4815227757-9533845672-0,DFO_3251_From_20080102_to_20080106,2008-01-02,2008-01-06,pilot_centroid,moderate,83.761,Jalan Pulolio,tertiary,489260903,4815227757,9533845672,0,250,0.75,0.05,coarse-modis-250m,237984.819,0.967549,0.967549,0.0,0.0,0.0,negative,moderate,
osm-4815227758-5379989630-0,DFO_3251_From_20080102_to_20080106,2008-01-02,2008-01-06,pilot_centroid,moderate,113.006,Jalan Pulolio,tertiary,489260903,4815227758,5379989630,0,250,0.75,0.05,coarse-modis-250m,252367.318,0.969041,0.969041,0.0,0.0,0.0,negative,moderate,
osm-4815227762-5379989631-0,DFO_3251_From_20080102_to_20080106,2008-01-02,2008-01-06,pilot_centroid,moderate,98.819,Jalan Pulolio,tertiary,489260903,4815227762,5379989631,0,250,0.75,0.05,coarse-modis-250m,245475.088,0.967608,0.967608,0.0,0.0,0.0,negative,moderate,
osm-4822315952-9076429426-0,DFO_3251_From_20080102_to_20080106,2008-01-02,2008-01-06,pilot_centroid,moderate,69.935,Jalan Bekasi Raya,trunk,764298931,4822315952,9076429426,0,250,0.75,0.05,coarse-modis-250m,231067.796,0.96609,0.96609,0.0,0.0,0.0,negative,moderate,
osm-4833946442-7756168367-0,DFO_3251_From_20080102_to_20080106,2008-01-02,2008-01-06,pilot_centroid,moderate,100.028,Jalan Salemba Raya,primary,830697316,4833946442,7756168367,0,250,0.75,0.05,coarse-modis-250m,246123.13,0.967898,0.967898,0.0,0.0,0.0,negative,moderate,
osm-4836037554-1161321036-0,DFO_3251_From_20080102_to_20080106,2008-01-02,2008-01-06,pilot_centroid,moderate,45.279,Jalan Tanah Tinggi Barat,primary,28773409,4836037554,1161321036,0,250,0.75,0.05,coarse-modis-250m,218731.934,0.964436,0.964436,0.0,0.0,0.0,negative,moderate,
osm-4836392226-8810858536-0,DFO_3251_From_20080102_to_20080106,2008-01-02,2008-01-06,pilot_centroid,moderate,66.064,Jalan Cipinang Indah I,tertiary,98075001,4836392226,8810858536,0,250,0.75,0.05,coarse-modis-250m,229125.564,0.965448,0.965448,0.0,0.0,0.0,negative,moderate,
osm-4836392299-6330385236-0,DFO_3251_From_20080102_to_20080106,2008-01-02,2008-01-06,pilot_centroid,moderate,16.055,Jalan Laksamana Malahayati,primary,491551134,4836392299,6330385236,0,250,0.75,0.05,coarse-modis-250m,204110.509,0.962316,0.962316,0.0,0.0,0.0,negative,moderate,
osm-4842902746-5495680448-0,DFO_3251_From_20080102_to_20080106,2008-01-02,2008-01-06,pilot_centroid,moderate,300.283,Jalan Dokter KRT Radjiman Widyodiningrat,primary,489977114,4842902746,5495680448,0,250,0.75,0.05,coarse-modis-250m,346312.778,0.975804,0.975804,0.0,0.0,0.0,negative,moderate,
osm-4848734475-5492419271-0,DFO_3251_From_20080102_to_20080106,2008-01-02,2008-01-06,pilot_centroid,moderate,62.947,Jalan Letnan Jenderal MT Haryono,trunk,414030041|414030042|98454566,4848734475,5492419271,0,250,0.75,0.05,coarse-modis-250m,227570.883,0.966152,0.966152,0.0,0.0,0.0,negative,moderate,
osm-4849427375-7132270238-0,DFO_3251_From_20080102_to_20080106,2008-01-02,2008-01-06,pilot_centroid,moderate,43.679,Jalan Letnan Jenderal Suprapto,primary,766850322,4849427375,7132270238,0,250,0.75,0.05,coarse-modis-250m,217931.45,0.964275,0.964275,0.0,0.0,0.0,negative,moderate,
osm-4849427376-4849427380-0,DFO_3251_From_20080102_to_20080106,2008-01-02,2008-01-06,pilot_centroid,moderate,67.133,Jalan Letnan Jenderal Suprapto,primary,766850322,4849427376,4849427380,0,250,0.75,0.05,coarse-modis-250m,229664.084,0.965848,0.965848,0.0,0.0,0.0,negative,moderate,
osm-4849427377-6547719124-0,DFO_3251_From_20080102_to_20080106,2008-01-02,2008-01-06,pilot_centroid,moderate,354.975,Jalan Letnan Jenderal Suprapto,primary,1152339584|763262315,4849427377,6547719124,0,250,0.75,0.05,coarse-modis-250m,373671.694,0.977326,0.977326,0.0,0.0,0.0,negative,moderate,
osm-4849427380-4849427375-0,DFO_3251_From_20080102_to_20080106,2008-01-02,2008-01-06,pilot_centroid,moderate,58.75,Jalan Letnan Jenderal Suprapto,primary,766850322,4849427380,4849427375,0,250,0.75,0.05,coarse-modis-250m,225471.633,0.965424,0.965424,0.0,0.0,0.0,negative,moderate,
osm-4849427383-4849427377-0,DFO_3251_From_20080102_to_20080106,2008-01-02,2008-01-06,pilot_centroid,moderate,178.787,Jalan Letnan Jenderal Suprapto,primary,488110567,4849427383,4849427377,0,250,0.75,0.05,coarse-modis-250m,285518.973,0.971727,0.971727,0.0,0.0,0.0,negative,moderate,
osm-4849427384-4849427376-0,DFO_3251_From_20080102_to_20080106,2008-01-02,2008-01-06,pilot_centroid,moderate,185.408,Jalan Letnan Jenderal Suprapto,primary,492988946,4849427384,4849427376,0,250,0.75,0.05,coarse-modis-250m,288837.066,0.971921,0.971921,0.0,0.0,0.0,negative,moderate,
osm-4849427384-4849427383-0,DFO_3251_From_20080102_to_20080106,2008-01-02,2008-01-06,pilot_centroid,moderate,9.652,Unnamed OSM road,primary_link,492988959,4849427384,4849427383,0,250,0.75,0.05,coarse-modis-250m,200907.388,0.961658,0.961658,0.0,0.0,0.0,negative,moderate,
osm-4849427386-6910883258-0,DFO_3251_From_20080102_to_20080106,2008-01-02,2008-01-06,pilot_centroid,moderate,18.826,Jalan Letnan Jenderal Suprapto,primary,492988946,4849427386,6910883258,0,250,0.75,0.05,coarse-modis-250m,205497.297,0.962554,0.962554,0.0,0.0,0.0,negative,moderate,
osm-4849427387-5374643987-0,DFO_3251_From_20080102_to_20080106,2008-01-02,2008-01-06,pilot_centroid,moderate,13.421,Jalan Letnan Jenderal Suprapto,primary,492988946,4849427387,5374643987,0,250,0.75,0.05,coarse-modis-250m,202792.992,0.961982,0.961982,0.0,0.0,0.0,negative,moderate,
osm-4849427390-4849427404-0,DFO_3251_From_20080102_to_20080106,2008-01-02,2008-01-06,pilot_centroid,moderate,23.676,Jalan Letnan Jenderal Suprapto,primary,492988946,4849427390,4849427404,0,250,0.75,0.05,coarse-modis-250m,207923.448,0.96281,0.96281,0.0,0.0,0.0,negative,moderate,
osm-4849427395-5373977800-0,DFO_3251_From_20080102_to_20080106,2008-01-02,2008-01-06,pilot_centroid,moderate,54.166,Jalan Letnan Jenderal Suprapto,primary,761522995,4849427395,5373977800,0,250,0.75,0.05,coarse-modis-250m,223178.263,0.965153,0.965153,0.0,0.0,0.0,negative,moderate,
osm-4849427396-13849518632-0,DFO_3251_From_20080102_to_20080106,2008-01-02,2008-01-06,pilot_centroid,moderate,7.629,Jalan Letnan Jenderal Suprapto,primary,761522995,4849427396,13849518632,0,250,0.75,0.05,coarse-modis-250m,199894.998,0.961498,0.961498,0.0,0.0,0.0,negative,moderate,
osm-4849427404-6471562381-0,DFO_3251_From_20080102_to_20080106,2008-01-02,2008-01-06,pilot_centroid,moderate,92.635,Jalan Letnan Jenderal Suprapto,primary,492988946,4849427404,6471562381,0,250,0.75,0.05,coarse-modis-250m,242424.663,0.966821,0.966821,0.0,0.0,0.0,negative,moderate,
osm-4849427405-4849427390-0,DFO_3251_From_20080102_to_20080106,2008-01-02,2008-01-06,pilot_centroid,moderate,21.439,Jalan Letnan Jenderal Suprapto,primary,492988946,4849427405,4849427390,0,250,0.75,0.05,coarse-modis-250m,206804.241,0.962711,0.962711,0.0,0.0,0.0,negative,moderate,
osm-4849427408-4758806028-0,DFO_3251_From_20080102_to_20080106,2008-01-02,2008-01-06,pilot_centroid,moderate,19.889,Jalan Letnan Jenderal Suprapto,primary,750001531|696668229|492988951,4849427408,4758806028,0,250,0.75,0.05,coarse-modis-250m,206028.994,0.962764,0.962764,0.0,0.0,0.0,negative,moderate,
osm-4849427410-9009398139-0,DFO_3251_From_20080102_to_20080106,2008-01-02,2008-01-06,pilot_centroid,moderate,107.665,Jalan Letnan Jenderal Suprapto,primary,696668229,4849427410,9009398139,0,250,0.75,0.05,coarse-modis-250m,249943.71,0.96873,0.96873,0.0,0.0,0.0,negative,moderate,
osm-4849427412-9491842326-0,DFO_3251_From_20080102_to_20080106,2008-01-02,2008-01-06,pilot_centroid,moderate,34.397,Jalan Letnan Jenderal Suprapto,primary,696668229,4849427412,9491842326,0,250,0.75,0.05,coarse-modis-250m,213287.662,0.963622,0.963622,0.0,0.0,0.0,negative,moderate,
osm-4849427413-4849427412-0,DFO_3251_From_20080102_to_20080106,2008-01-02,2008-01-06,pilot_centroid,moderate,63.714,Jalan Letnan Jenderal Suprapto,primary,696668229,4849427413,4849427412,0,250,0.75,0.05,coarse-modis-250m,227955.045,0.965527,0.965527,0.0,0.0,0.0,negative,moderate,
osm-4849427416-13849518628-0,DFO_3251_From_20080102_to_20080106,2008-01-02,2008-01-06,pilot_centroid,moderate,19.656,Jalan Letnan Jenderal Suprapto,primary,761522995,4849427416,13849518628,0,250,0.75,0.05,coarse-modis-250m,205912.125,0.962266,0.962266,0.0,0.0,0.0,negative,moderate,
osm-4849427419-5671081801-0,DFO_3251_From_20080102_to_20080106,2008-01-02,2008-01-06,pilot_centroid,moderate,18.048,Jalan Letnan Jenderal Suprapto,primary,492988997,4849427419,5671081801,0,250,0.75,0.05,coarse-modis-250m,205107.623,0.962387,0.962387,0.0,0.0,0.0,negative,moderate,
osm-4849427421-8509975229-0,DFO_3251_From_20080102_to_20080106,2008-01-02,2008-01-06,pilot_centroid,moderate,18.398,Jalan Letnan Jenderal Suprapto,primary,492988997,4849427421,8509975229,0,250,0.75,0.05,coarse-modis-250m,205283.053,0.962414,0.962414,0.0,0.0,0.0,negative,moderate,
osm-4849427423-7694410074-0,DFO_3251_From_20080102_to_20080106,2008-01-02,2008-01-06,pilot_centroid,moderate,23.882,Jalan Letnan Jenderal Suprapto,primary,492988997,4849427423,7694410074,0,250,0.75,0.05,coarse-modis-250m,208026.703,0.962759,0.962759,0.0,0.0,0.0,negative,moderate,
osm-4859114434-7052519688-0,DFO_3251_From_20080102_to_20080106,2008-01-02,2008-01-06,pilot_centroid,moderate,57.459,Jalan Letnan Jenderal Siswondo Parman,trunk,688087393,4859114434,7052519688,0,250,0.75,0.05,coarse-modis-250m,224825.671,0.965254,0.965254,0.0,0.0,0.0,negative,moderate,
osm-4859118379-103363767-0,DFO_3251_From_20080102_to_20080106,2008-01-02,2008-01-06,pilot_centroid,moderate,89.991,Jalan Letnan Jenderal Siswondo Parman,trunk,754773900|688087389|688087390,4859118379,103363767,0,250,0.75,0.05,coarse-modis-250m,241089.851,0.967169,0.967169,0.0,0.0,0.0,negative,moderate,
osm-4867479520-9110087936-0,DFO_3251_From_20080102_to_20080106,2008-01-02,2008-01-06,pilot_centroid,moderate,88.491,Jalan Kyai Haji Mas Mansyur,primary,1253507712,4867479520,9110087936,0,250,0.75,0.05,coarse-modis-250m,240351.536,0.967191,0.967191,0.0,0.0,0.0,negative,moderate,
osm-4871926644-310003265-0,DFO_3251_From_20080102_to_20080106,2008-01-02,2008-01-06,pilot_centroid,moderate,71.968,Jalan Denpasar Raya,tertiary,28194353,4871926644,310003265,0,250,0.75,0.05,coarse-modis-250m,232084.106,0.914489,0.914489,0.0,0.0,0.0,negative,moderate,
osm-4871926648-4871926644-0,DFO_3251_From_20080102_to_20080106,2008-01-02,2008-01-06,pilot_centroid,moderate,70.17,Unnamed OSM road,primary_link,681048618,4871926648,4871926644,0,250,0.75,0.05,coarse-modis-250m,231175.892,0.855523,0.855523,0.0,0.0,0.0,negative,moderate,
osm-4871938615-13453416794-0,DFO_3251_From_20080102_to_20080106,2008-01-02,2008-01-06,pilot_centroid,moderate,53.405,Jalan Profesor Doktor Satrio,primary,681047133,4871938615,13453416794,0,250,0.75,0.05,coarse-modis-250m,222797.279,0.918012,0.918012,0.0,0.0,0.0,negative,moderate,
osm-4877552983-5076459507-0,DFO_3251_From_20080102_to_20080106,2008-01-02,2008-01-06,pilot_centroid,moderate,101.402,Jalan Aipda Karel Satsuit Tubun I,primary,1289178497|749310623,4877552983,5076459507,0,250,0.75,0.05,coarse-modis-250m,246806.017,0.968178,0.968178,0.0,0.0,0.0,negative,moderate,
osm-4877552990-4877552983-0,DFO_3251_From_20080102_to_20080106,2008-01-02,2008-01-06,pilot_centroid,moderate,26.478,Jalan Aipda Karel Satsuit Tubun I,primary,496038079,4877552990,4877552983,0,250,0.75,0.05,coarse-modis-250m,209325.707,0.963028,0.963028,0.0,0.0,0.0,negative,moderate,
osm-4886801320-9531485215-0,DFO_3251_From_20080102_to_20080106,2008-01-02,2008-01-06,pilot_centroid,moderate,59.514,Jalan Kebon Sirih,primary,28216264,4886801320,9531485215,0,250,0.75,0.05,coarse-modis-250m,225852.61,0.96534,0.96534,0.0,0.0,0.0,negative,moderate,
osm-4899821967-315746992-0,DFO_3251_From_20080102_to_20080106,2008-01-02,2008-01-06,pilot_centroid,moderate,55.755,Jalan Gunung Sahari Raya,primary,1490370109,4899821967,315746992,0,250,0.75,0.05,coarse-modis-250m,223973.257,0.965179,0.965179,0.0,0.0,0.0,negative,moderate,
osm-4900765662-316412129-0,DFO_3251_From_20080102_to_20080106,2008-01-02,2008-01-06,pilot_centroid,moderate,55.793,Jalan Pemuda,primary,689099348,4900765662,316412129,0,250,0.75,0.05,coarse-modis-250m,223990.236,0.965145,0.965145,0.0,0.0,0.0,negative,moderate,
osm-4907168866-9673797651-0,DFO_3251_From_20080102_to_20080106,2008-01-02,2008-01-06,pilot_centroid,moderate,422.855,Jalan Inspeksi Tarum Barat,primary,751672121|499442189|751672119,4907168866,9673797651,0,250,0.75,0.05,coarse-modis-250m,407632.941,0.977846,0.977846,0.0,0.0,0.0,negative,moderate,
osm-4911942116-11484348759-0,DFO_3251_From_20080102_to_20080106,2008-01-02,2008-01-06,pilot_centroid,moderate,25.162,Jalan Letnan Jenderal Siswondo Parman,trunk,1284899631,4911942116,11484348759,0,250,0.75,0.05,coarse-modis-250m,208667.171,0.962884,0.962884,0.0,0.0,0.0,negative,moderate,
osm-4911942117-4911942119-0,DFO_3251_From_20080102_to_20080106,2008-01-02,2008-01-06,pilot_centroid,moderate,61.497,Jalan Letnan Jenderal Siswondo Parman,trunk,877934989|761850311,4911942117,4911942119,0,250,0.75,0.05,coarse-modis-250m,226844.802,0.965525,0.965525,0.0,0.0,0.0,negative,moderate,
osm-4911942119-4911942116-0,DFO_3251_From_20080102_to_20080106,2008-01-02,2008-01-06,pilot_centroid,moderate,76.372,Jalan Letnan Jenderal Siswondo Parman,trunk,500032858,4911942119,4911942116,0,250,0.75,0.05,coarse-modis-250m,234288.42,0.96651,0.96651,0.0,0.0,0.0,negative,moderate,
osm-4914353827-1135190117-0,DFO_3251_From_20080102_to_20080106,2008-01-02,2008-01-06,pilot_centroid,moderate,152.305,Jalan D. I. Panjaitan,trunk,98454562|697080485|1254545534,4914353827,1135190117,0,250,0.75,0.05,coarse-modis-250m,272272.304,0.970547,0.970547,0.0,0.0,0.0,negative,moderate,
osm-4914353854-6451021641-0,DFO_3251_From_20080102_to_20080106,2008-01-02,2008-01-06,pilot_centroid,moderate,52.064,Jalan D. I. Panjaitan,trunk,1254545532,4914353854,6451021641,0,250,0.75,0.05,coarse-modis-250m,222123.065,0.964758,0.964758,0.0,0.0,0.0,negative,moderate,
osm-4914353893-9509715193-0,DFO_3251_From_20080102_to_20080106,2008-01-02,2008-01-06,pilot_centroid,moderate,13.576,Jalan D. I. Panjaitan,trunk,685347200,4914353893,9509715193,0,250,0.75,0.05,coarse-modis-250m,202870.261,0.962095,0.962095,0.0,0.0,0.0,negative,moderate,
osm-4925793717-9695095403-0,DFO_3251_From_20080102_to_20080106,2008-01-02,2008-01-06,pilot_centroid,moderate,37.827,Jalan Pos,secondary,28706110,4925793717,9695095403,0,250,0.75,0.05,coarse-modis-250m,215003.911,0.964106,0.964106,0.0,0.0,0.0,negative,moderate,
osm-4926601878-4900765662-0,DFO_3251_From_20080102_to_20080106,2008-01-02,2008-01-06,pilot_centroid,moderate,123.152,Jalan Pemuda,primary,1287152848|691349043,4926601878,4900765662,0,250,0.75,0.05,coarse-modis-250m,257683.341,0.968951,0.968951,0.0,0.0,0.0,negative,moderate,
osm-4948526884-5673841364-0,DFO_3251_From_20080102_to_20080106,2008-01-02,2008-01-06,pilot_centroid,moderate,220.311,Jalan Brigadir Jenderal Katamso Darmokusumo,primary,28909833,4948526884,5673841364,0,250,0.75,0.05,coarse-modis-250m,306280.263,0.973256,0.973256,0.0,0.0,0.0,negative,moderate,
osm-4953838327-4877552990-0,DFO_3251_From_20080102_to_20080106,2008-01-02,2008-01-06,pilot_centroid,moderate,142.16,Jalan Aipda Karel Satsuit Tubun I,primary,496038079,4953838327,4877552990,0,250,0.75,0.05,coarse-modis-250m,267163.341,0.970081,0.970081,0.0,0.0,0.0,negative,moderate,
osm-4963127052-8434800015-0,DFO_3251_From_20080102_to_20080106,2008-01-02,2008-01-06,pilot_centroid,moderate,35.732,Jalan Gunung Sahari Raya,primary,1490770240,4963127052,8434800015,0,250,0.75,0.05,coarse-modis-250m,213955.233,0.963781,0.963781,0.0,0.0,0.0,negative,moderate,
osm-4963127056-13606475657-0,DFO_3251_From_20080102_to_20080106,2008-01-02,2008-01-06,pilot_centroid,moderate,22.789,Jalan Gunung Sahari Raya,primary,592537468,4963127056,13606475657,0,250,0.75,0.05,coarse-modis-250m,207479.773,0.962609,0.962609,0.0,0.0,0.0,negative,moderate,
osm-4963127061-4963127056-0,DFO_3251_From_20080102_to_20080106,2008-01-02,2008-01-06,pilot_centroid,moderate,39.412,Jalan Gunung Sahari Raya,primary,592537468,4963127061,4963127056,0,250,0.75,0.05,coarse-modis-250m,215796.629,0.964039,0.964039,0.0,0.0,0.0,negative,moderate,
osm-4963127289-13606201410-0,DFO_3251_From_20080102_to_20080106,2008-01-02,2008-01-06,pilot_centroid,moderate,6.279,Jalan Gunung Sahari Raya,primary,634085903,4963127289,13606201410,0,250,0.75,0.05,coarse-modis-250m,199219.598,0.961372,0.961372,0.0,0.0,0.0,negative,moderate,
osm-4982201706-5379777249-0,DFO_3251_From_20080102_to_20080106,2008-01-02,2008-01-06,pilot_centroid,moderate,10.521,Jalan Mangga Dua Dalam,tertiary,28969849,4982201706,5379777249,0,250,0.75,0.05,coarse-modis-250m,201342.048,0.961669,0.961669,0.0,0.0,0.0,negative,moderate,
osm-4982201717-13586347373-0,DFO_3251_From_20080102_to_20080106,2008-01-02,2008-01-06,pilot_centroid,moderate,48.044,Jalan Mangga Dua Dalam,tertiary,508913824,4982201717,13586347373,0,250,0.75,0.05,coarse-modis-250m,220115.403,0.964652,0.964652,0.0,0.0,0.0,negative,moderate,
osm-4986680276-5459235880-0,DFO_3251_From_20080102_to_20080106,2008-01-02,2008-01-06,pilot_centroid,moderate,6.548,Jalan Penjernihan 1,primary,28779908,4986680276,5459235880,0,250,0.75,0.05,coarse-modis-250m,199354.213,0.961442,0.961442,0.0,0.0,0.0,negative,moderate,
osm-4986680280-4986680276-0,DFO_3251_From_20080102_to_20080106,2008-01-02,2008-01-06,pilot_centroid,moderate,33.974,Jalan Penjernihan 1,primary,28779908,4986680280,4986680276,0,250,0.75,0.05,coarse-modis-250m,213075.853,0.963771,0.963771,0.0,0.0,0.0,negative,moderate,
osm-4990059009-3763648673-0,DFO_3251_From_20080102_to_20080106,2008-01-02,2008-01-06,pilot_centroid,moderate,51.727,Jalan Letnan Jenderal Suprapto,primary,758365788,4990059009,3763648673,0,250,0.75,0.05,coarse-modis-250m,221957.771,0.964797,0.964797,0.0,0.0,0.0,negative,moderate,
osm-4990059014-6459341771-0,DFO_3251_From_20080102_to_20080106,2008-01-02,2008-01-06,pilot_centroid,moderate,223.619,Jalan Letnan Jenderal Suprapto,primary,1152312692,4990059014,6459341771,0,250,0.75,0.05,coarse-modis-250m,307956.548,0.973093,0.973093,0.0,0.0,0.0,negative,moderate,
osm-4990059477-2516439291-0,DFO_3251_From_20080102_to_20080106,2008-01-02,2008-01-06,pilot_centroid,moderate,54.17,Jalan Letnan Jenderal Suprapto,primary,509865338,4990059477,2516439291,0,250,0.75,0.05,coarse-modis-250m,223180.435,0.965227,0.965227,0.0,0.0,0.0,negative,moderate,
osm-4990059505-4990059507-0,DFO_3251_From_20080102_to_20080106,2008-01-02,2008-01-06,pilot_centroid,moderate,97.028,Jalan Letnan Jenderal Suprapto,primary,754114546|754114547,4990059505,4990059507,0,250,0.75,0.05,coarse-modis-250m,244615.484,0.967548,0.967548,0.0,0.0,0.0,negative,moderate,
osm-4990059507-4990059477-0,DFO_3251_From_20080102_to_20080106,2008-01-02,2008-01-06,pilot_centroid,moderate,502.377,Jalan Letnan Jenderal Suprapto,primary,755986304|372816394,4990059507,4990059477,0,250,0.75,0.05,coarse-modis-250m,447392.066,0.980167,0.980167,0.0,0.0,0.0,negative,moderate,
osm-4990059515-4990059505-0,DFO_3251_From_20080102_to_20080106,2008-01-02,2008-01-06,pilot_centroid,moderate,106.09,Jalan Letnan Jenderal Suprapto,primary,754114548,4990059515,4990059505,0,250,0.75,0.05,coarse-modis-250m,249156.295,0.968257,0.968257,0.0,0.0,0.0,negative,moderate,
osm-4993841487-12530400916-0,DFO_3251_From_20080102_to_20080106,2008-01-02,2008-01-06,pilot_centroid,moderate,31.271,Unnamed OSM road,primary_link,521164041,4993841487,12530400916,0,250,0.75,0.05,coarse-modis-250m,211723.5,0.963439,0.963439,0.0,0.0,0.0,negative,moderate,
osm-4996688468-5671267899-0,DFO_3251_From_20080102_to_20080106,2008-01-02,2008-01-06,pilot_centroid,moderate,116.886,Jalan Gunung Sahari Raya,primary,521161628,4996688468,5671267899,0,250,0.75,0.05,coarse-modis-250m,254558.089,0.968736,0.968736,0.0,0.0,0.0,negative,moderate,
osm-4999344155-302230529-0,DFO_3251_From_20080102_to_20080106,2008-01-02,2008-01-06,pilot_centroid,moderate,24.056,Jalan Radin Inten,primary,119909339,4999344155,302230529,0,250,0.75,0.05,coarse-modis-250m,208113.6,0.962839,0.962839,0.0,0.0,0.0,negative,moderate,
osm-4999344324-9009429383-0,DFO_3251_From_20080102_to_20080106,2008-01-02,2008-01-06,pilot_centroid,moderate,83.245,Jalan Radin Inten,primary,119909339,4999344324,9009429383,0,250,0.75,0.05,coarse-modis-250m,237725.184,0.966913,0.966913,0.0,0.0,0.0,negative,moderate,
osm-5004550057-13750328259-0,DFO_3251_From_20080102_to_20080106,2008-01-02,2008-01-06,pilot_centroid,moderate,5.187,Jalan Gunung Sahari Raya,primary,654692998,5004550057,13750328259,0,250,0.75,0.05,coarse-modis-250m,198673.325,0.961315,0.961315,0.0,0.0,0.0,negative,moderate,
osm-5006633608-7055776846-0,DFO_3251_From_20080102_to_20080106,2008-01-02,2008-01-06,pilot_centroid,moderate,385.866,Jalan Letnan Jenderal Suprapto,primary,754106906|754104524|754104525|754098158,5006633608,7055776846,0,250,0.75,0.05,coarse-modis-250m,389129.069,0.978163,0.978163,0.0,0.0,0.0,negative,moderate,
osm-5006647254-4505735373-0,DFO_3251_From_20080102_to_20080106,2008-01-02,2008-01-06,pilot_centroid,moderate,707.203,Jalan Letnan Jenderal Suprapto,primary,1055746246|1055746247|458897449|458897468|453905620|453905624|453905626|1213995931|453905628|755984894|1213995930,5006647254,4505735373,0,250,0.75,0.05,coarse-modis-250m,549093.018,0.982917,0.982917,0.0,0.0,0.0,negative,moderate,
osm-5009348129-104366006-0,DFO_3251_From_20080102_to_20080106,2008-01-02,2008-01-06,pilot_centroid,moderate,76.911,Jalan Insinyur Haji Juanda,secondary,696175330,5009348129,104366006,0,250,0.75,0.05,coarse-modis-250m,234557.928,0.966723,0.966723,0.0,0.0,0.0,negative,moderate,
osm-5009351128-191505992-0,DFO_3251_From_20080102_to_20080106,2008-01-02,2008-01-06,pilot_centroid,moderate,25.286,Jalan Insinyur Haji Juanda,secondary,630154036,5009351128,191505992,0,250,0.75,0.05,coarse-modis-250m,208729.26,0.962959,0.962959,0.0,0.0,0.0,negative,moderate,
osm-5010888460-4907168866-0,DFO_3251_From_20080102_to_20080106,2008-01-02,2008-01-06,pilot_centroid,moderate,63.639,Jalan Masjid Al Muqorobin,residential,690372276|836505093|836505094,5010888460,4907168866,0,250,0.75,0.05,coarse-modis-250m,227912.652,0.96575,0.96575,0.0,0.0,0.0,negative,moderate,
osm-5013211786-104366013-0,DFO_3251_From_20080102_to_20080106,2008-01-02,2008-01-06,pilot_centroid,moderate,38.405,Jalan Insinyur Haji Juanda,secondary,1294695414,5013211786,104366013,0,250,0.75,0.05,coarse-modis-250m,215285.122,0.964205,0.964205,0.0,0.0,0.0,negative,moderate,
osm-5023930574-5371876858-0,DFO_3251_From_20080102_to_20080106,2008-01-02,2008-01-06,pilot_centroid,moderate,42.699,Jalan Letnan Jenderal Siswondo Parman,trunk,688117575,5023930574,5371876858,0,250,0.75,0.05,coarse-modis-250m,217441.129,0.96426,0.96426,0.0,0.0,0.0,negative,moderate,
osm-5046365476-309941703-0,DFO_3251_From_20080102_to_20080106,2008-01-02,2008-01-06,pilot_centroid,moderate,31.638,Jalan Kyai Haji Mas Mansyur,primary,1284859266,5046365476,309941703,0,250,0.75,0.05,coarse-modis-250m,211907.183,0.963509,0.963509,0.0,0.0,0.0,negative,moderate,
osm-5046365477-5046365476-0,DFO_3251_From_20080102_to_20080106,2008-01-02,2008-01-06,pilot_centroid,moderate,9.88,Jalan Kyai Haji Mas Mansyur,primary,1284859266,5046365477,5046365476,0,250,0.75,0.05,coarse-modis-250m,201021.296,0.961584,0.961584,0.0,0.0,0.0,negative,moderate,
osm-504912724-7122843809-0,DFO_3251_From_20080102_to_20080106,2008-01-02,2008-01-06,pilot_centroid,moderate,102.848,Jalan Boulevard Barat,secondary,39741723,504912724,7122843809,0,250,0.75,0.05,coarse-modis-250m,247534.292,0.968053,0.968053,0.0,0.0,0.0,negative,moderate,
osm-5056597570-3266396596-0,DFO_3251_From_20080102_to_20080106,2008-01-02,2008-01-06,pilot_centroid,moderate,47.036,Jalan Letnan Jenderal Siswondo Parman,trunk,688117574,5056597570,3266396596,0,250,0.75,0.05,coarse-modis-250m,219609.944,0.964543,0.964543,0.0,0.0,0.0,negative,moderate,
osm-5065375426-29939146-0,DFO_3251_From_20080102_to_20080106,2008-01-02,2008-01-06,pilot_centroid,moderate,32.554,Jalan Garuda,secondary,37018609,5065375426,29939146,0,250,0.75,0.05,coarse-modis-250m,212365.286,0.963487,0.963487,0.0,0.0,0.0,negative,moderate,
osm-5068494018-7131628852-0,DFO_3251_From_20080102_to_20080106,2008-01-02,2008-01-06,pilot_centroid,moderate,37.691,Unnamed OSM road,residential,998966805|519894318,5068494018,7131628852,0,250,0.75,0.05,coarse-modis-250m,214927.736,0.963787,0.963787,0.0,0.0,0.0,negative,moderate,
osm-5068494251-5068494018-0,DFO_3251_From_20080102_to_20080106,2008-01-02,2008-01-06,pilot_centroid,moderate,46.514,Unnamed OSM road,residential,593543228|519893934|557920799,5068494251,5068494018,0,250,0.75,0.05,coarse-modis-250m,219349.609,0.964542,0.964542,0.0,0.0,0.0,negative,moderate,
osm-5068494252-6907714745-0,DFO_3251_From_20080102_to_20080106,2008-01-02,2008-01-06,pilot_centroid,moderate,226.869,Jalan Pulau Dana,residential,732449241|519894319,5068494252,6907714745,0,250,0.75,0.05,coarse-modis-250m,303818.327,0.975052,0.975052,0.0,0.0,0.0,negative,moderate,
osm-5068494260-5380146177-0,DFO_3251_From_20080102_to_20080106,2008-01-02,2008-01-06,pilot_centroid,moderate,11.523,Jalan Putri Pelangi,residential,519894258,5068494260,5380146177,0,250,0.75,0.05,coarse-modis-250m,201843.427,0.961803,0.961803,0.0,0.0,0.0,negative,moderate,
osm-5068494261-5068494263-0,DFO_3251_From_20080102_to_20080106,2008-01-02,2008-01-06,pilot_centroid,moderate,54.991,Jalan Putri Pelangi,residential,519894258,5068494261,5068494263,0,250,0.75,0.05,coarse-modis-250m,223590.861,0.964954,0.964954,0.0,0.0,0.0,negative,moderate,
osm-5068494263-5068494267-0,DFO_3251_From_20080102_to_20080106,2008-01-02,2008-01-06,pilot_centroid,moderate,52.081,Jalan Pulau Bunaken,residential,723030689,5068494263,5068494267,0,250,0.75,0.05,coarse-modis-250m,222135.14,0.964859,0.964859,0.0,0.0,0.0,negative,moderate,
osm-5068494267-1420142081-0,DFO_3251_From_20080102_to_20080106,2008-01-02,2008-01-06,pilot_centroid,moderate,21.009,Jalan Pulau Putri,residential,996202381,5068494267,1420142081,0,250,0.75,0.05,coarse-modis-250m,206589.238,0.962508,0.962508,0.0,0.0,0.0,negative,moderate,
osm-5076459507-3507893559-0,DFO_3251_From_20080102_to_20080106,2008-01-02,2008-01-06,pilot_centroid,moderate,602.764,Jalan Kota Bambu,primary,776911080|762046921|28799323|28932702,5076459507,3507893559,0,250,0.75,0.05,coarse-modis-250m,497641.124,0.981848,0.981848,0.0,0.0,0.0,negative,moderate,
osm-5078382194-1321228541-0,DFO_3251_From_20080102_to_20080106,2008-01-02,2008-01-06,pilot_centroid,moderate,239.417,Jalan Kolonel Soegiono,primary,754062955|117314950,5078382194,1321228541,0,250,0.75,0.05,coarse-modis-250m,315859.344,0.974019,0.974019,0.0,0.0,0.0,negative,moderate,
osm-5078382203-7530848743-0,DFO_3251_From_20080102_to_20080106,2008-01-02,2008-01-06,pilot_centroid,moderate,26.207,Jalan Jenderal Basuki Rahmat,primary,28851310,5078382203,7530848743,0,250,0.75,0.05,coarse-modis-250m,209189.879,0.962861,0.962861,0.0,0.0,0.0,negative,moderate,
osm-5078382208-1345781623-0,DFO_3251_From_20080102_to_20080106,2008-01-02,2008-01-06,pilot_centroid,moderate,282.406,Jalan Kolonel Soegiono,primary,27945891,5078382208,1345781623,0,250,0.75,0.05,coarse-modis-250m,337361.054,0.975212,0.975212,0.0,0.0,0.0,negative,moderate,
osm-5078382212-5078382208-0,DFO_3251_From_20080102_to_20080106,2008-01-02,2008-01-06,pilot_centroid,moderate,110.599,Jalan Kolonel Soegiono,primary,27945891,5078382212,5078382208,0,250,0.75,0.05,coarse-modis-250m,251410.328,0.967646,0.967646,0.0,0.0,0.0,negative,moderate,
osm-5112284316-4551137763-0,DFO_3251_From_20080102_to_20080106,2008-01-02,2008-01-06,pilot_centroid,moderate,91.678,Jalan Bekasi Raya,trunk,119540281,5112284316,4551137763,0,250,0.75,0.05,coarse-modis-250m,241910.204,0.967173,0.967173,0.0,0.0,0.0,negative,moderate,
osm-5112682630-7140306354-0,DFO_3251_From_20080102_to_20080106,2008-01-02,2008-01-06,pilot_centroid,moderate,10.842,Jalan Bekasi Raya,trunk,836694112,5112682630,7140306354,0,250,0.75,0.05,coarse-modis-250m,201502.768,0.961742,0.961742,0.0,0.0,0.0,negative,moderate,
osm-5172730315-2882028353-0,DFO_3251_From_20080102_to_20080106,2008-01-02,2008-01-06,pilot_centroid,moderate,70.582,Jalan Boulevard Barat,secondary,519893936|562374424|760228733|558676934,5172730315,2882028353,0,250,0.75,0.05,coarse-modis-250m,231389.828,0.966143,0.966143,0.0,0.0,0.0,negative,moderate,
osm-5174097479-7756153695-0,DFO_3251_From_20080102_to_20080106,2008-01-02,2008-01-06,pilot_centroid,moderate,118.87,Jalan Kramat Raya,primary,774893627|1295786982,5174097479,7756153695,0,250,0.75,0.05,coarse-modis-250m,255550.685,0.968865,0.968865,0.0,0.0,0.0,negative,moderate,
osm-5189820259-13366216191-0,DFO_3251_From_20080102_to_20080106,2008-01-02,2008-01-06,pilot_centroid,moderate,9.003,Jalan Penjernihan 1,primary,691966212,5189820259,13366216191,0,250,0.75,0.05,coarse-modis-250m,200582.641,0.961602,0.961602,0.0,0.0,0.0,negative,moderate,
osm-5189841649-10132911307-0,DFO_3251_From_20080102_to_20080106,2008-01-02,2008-01-06,pilot_centroid,moderate,37.595,Jalan Karet Pedurenan Raya,tertiary,28132208,5189841649,10132911307,0,250,0.75,0.05,coarse-modis-250m,214887.339,0.964062,0.964062,0.0,0.0,0.0,negative,moderate,
osm-519545266-1993475640-0,DFO_3251_From_20080102_to_20080106,2008-01-02,2008-01-06,pilot_centroid,moderate,30.074,Jalan Letnan Jenderal MT Haryono,trunk,759043235,519545266,1993475640,0,250,0.75,0.05,coarse-modis-250m,211124.793,0.963241,0.963241,0.0,0.0,0.0,negative,moderate,
osm-5201675286-7055752942-0,DFO_3251_From_20080102_to_20080106,2008-01-02,2008-01-06,pilot_centroid,moderate,88.644,Jalan Letnan Jenderal Suprapto,primary,688709921|755341457|488110561,5201675286,7055752942,0,250,0.75,0.05,coarse-modis-250m,240425.877,0.9678,0.9678,0.0,0.0,0.0,negative,moderate,
osm-5201675288-5201675286-0,DFO_3251_From_20080102_to_20080106,2008-01-02,2008-01-06,pilot_centroid,moderate,13.088,Jalan Letnan Jenderal Suprapto,primary,688709921,5201675288,5201675286,0,250,0.75,0.05,coarse-modis-250m,202626.063,0.961695,0.961695,0.0,0.0,0.0,negative,moderate,
osm-5205645925-10090309238-0,DFO_3251_From_20080102_to_20080106,2008-01-02,2008-01-06,pilot_centroid,moderate,1.899,Jalan Profesor Doktor Satrio,primary,454203124,5205645925,10090309238,0,250,0.75,0.05,coarse-modis-250m,197028.353,0.733317,0.733317,0.0,0.0,0.0,unknown,excluded,insufficient_source_coverage
osm-5227396653-9013059182-0,DFO_3251_From_20080102_to_20080106,2008-01-02,2008-01-06,pilot_centroid,moderate,42.713,Jalan Pemuda,primary,28775346,5227396653,9013059182,0,250,0.75,0.05,coarse-modis-250m,217447.845,0.964317,0.964317,0.0,0.0,0.0,negative,moderate,
osm-5230379695-104364332-0,DFO_3251_From_20080102_to_20080106,2008-01-02,2008-01-06,pilot_centroid,moderate,706.751,Jalan Kyai Caringin,primary,836650211|28225269|28225270|687285375,5230379695,104364332,0,250,0.75,0.05,coarse-modis-250m,549660.236,0.983107,0.983107,0.0,0.0,0.0,negative,moderate,
osm-5290941766-5078382212-0,DFO_3251_From_20080102_to_20080106,2008-01-02,2008-01-06,pilot_centroid,moderate,285.98,Jalan Kolonel Soegiono,primary,27945891,5290941766,5078382212,0,250,0.75,0.05,coarse-modis-250m,339157.897,0.975163,0.975163,0.0,0.0,0.0,negative,moderate,
osm-5334300227-4785715143-0,DFO_3251_From_20080102_to_20080106,2008-01-02,2008-01-06,pilot_centroid,moderate,61.25,Jalan Karet Pedurenan Raya,tertiary,28132208,5334300227,4785715143,0,250,0.75,0.05,coarse-modis-250m,226722.439,0.96538,0.96538,0.0,0.0,0.0,negative,moderate,
osm-5354213657-2210464501-0,DFO_3251_From_20080102_to_20080106,2008-01-02,2008-01-06,pilot_centroid,moderate,148.704,Jalan Gunung Sahari Raya,primary,592276676,5354213657,2210464501,0,250,0.75,0.05,coarse-modis-250m,270464.449,0.970272,0.970272,0.0,0.0,0.0,negative,moderate,
osm-5354213698-1675425882-0,DFO_3251_From_20080102_to_20080106,2008-01-02,2008-01-06,pilot_centroid,moderate,52.498,Jalan Gunung Sahari Raya,primary,1483900145,5354213698,1675425882,0,250,0.75,0.05,coarse-modis-250m,222343.855,0.964904,0.964904,0.0,0.0,0.0,negative,moderate,
osm-5354213822-12688243259-0,DFO_3251_From_20080102_to_20080106,2008-01-02,2008-01-06,pilot_centroid,moderate,7.574,Jalan Gunung Sahari Raya,primary,1530998628,5354213822,12688243259,0,250,0.75,0.05,coarse-modis-250m,199867.389,0.961478,0.961478,0.0,0.0,0.0,negative,moderate,
osm-5371596264-7120393920-0,DFO_3251_From_20080102_to_20080106,2008-01-02,2008-01-06,pilot_centroid,moderate,35.202,Jalan Gunung Sahari Raya,primary,654692998,5371596264,7120393920,0,250,0.75,0.05,coarse-modis-250m,213689.975,0.963652,0.963652,0.0,0.0,0.0,negative,moderate,
osm-5371596268-7120341842-0,DFO_3251_From_20080102_to_20080106,2008-01-02,2008-01-06,pilot_centroid,moderate,7.57,Jalan Gunung Sahari Raya,primary,654692998,5371596268,7120341842,0,250,0.75,0.05,coarse-modis-250m,199865.688,0.961583,0.961583,0.0,0.0,0.0,negative,moderate,
osm-5371596275-5004550057-0,DFO_3251_From_20080102_to_20080106,2008-01-02,2008-01-06,pilot_centroid,moderate,101.412,Jalan Gunung Sahari Raya,primary,654692998,5371596275,5004550057,0,250,0.75,0.05,coarse-modis-250m,246816.069,0.967914,0.967914,0.0,0.0,0.0,negative,moderate,
osm-5371876858-310080557-0,DFO_3251_From_20080102_to_20080106,2008-01-02,2008-01-06,pilot_centroid,moderate,19.364,Jalan Letnan Jenderal Siswondo Parman,trunk,688117575,5371876858,310080557,0,250,0.75,0.05,coarse-modis-250m,205766.118,0.962488,0.962488,0.0,0.0,0.0,negative,moderate,
osm-5372018440-6333252911-0,DFO_3251_From_20080102_to_20080106,2008-01-02,2008-01-06,pilot_centroid,moderate,40.167,Jalan Insinyur Haji Juanda,secondary,11670123,5372018440,6333252911,0,250,0.75,0.05,coarse-modis-250m,216174.207,0.963918,0.963918,0.0,0.0,0.0,negative,moderate,
osm-5372018448-5009348129-0,DFO_3251_From_20080102_to_20080106,2008-01-02,2008-01-06,pilot_centroid,moderate,136.318,Jalan Insinyur Haji Juanda,secondary,696175332|630145551,5372018448,5009348129,0,250,0.75,0.05,coarse-modis-250m,264268.311,0.9694,0.9694,0.0,0.0,0.0,negative,moderate,
osm-5372018508-6332594575-0,DFO_3251_From_20080102_to_20080106,2008-01-02,2008-01-06,pilot_centroid,moderate,59.023,Jalan Suryopranoto,primary,497546914,5372018508,6332594575,0,250,0.75,0.05,coarse-modis-250m,225607.758,0.965282,0.965282,0.0,0.0,0.0,negative,moderate,
osm-5372153126-6486347952-0,DFO_3251_From_20080102_to_20080106,2008-01-02,2008-01-06,pilot_centroid,moderate,23.508,Jalan Letnan Jenderal Siswondo Parman,trunk,560008548,5372153126,6486347952,0,250,0.75,0.05,coarse-modis-250m,207839.379,0.962921,0.962921,0.0,0.0,0.0,negative,moderate,
osm-5372153133-12202088425-0,DFO_3251_From_20080102_to_20080106,2008-01-02,2008-01-06,pilot_centroid,moderate,19.402,Jalan Letnan Jenderal Siswondo Parman,trunk,560008548,5372153133,12202088425,0,250,0.75,0.05,coarse-modis-250m,205785.046,0.962524,0.962524,0.0,0.0,0.0,negative,moderate,
osm-5372153134-5372153137-0,DFO_3251_From_20080102_to_20080106,2008-01-02,2008-01-06,pilot_centroid,moderate,34.516,Jalan Letnan Jenderal Siswondo Parman,trunk,1027699887,5372153134,5372153137,0,250,0.75,0.05,coarse-modis-250m,213347.023,0.963704,0.963704,0.0,0.0,0.0,negative,moderate,
osm-5372153137-5673841347-0,DFO_3251_From_20080102_to_20080106,2008-01-02,2008-01-06,pilot_centroid,moderate,12.661,Jalan Letnan Jenderal Siswondo Parman,trunk,1027699887,5372153137,5673841347,0,250,0.75,0.05,coarse-modis-250m,202412.618,0.961929,0.961929,0.0,0.0,0.0,negative,moderate,
osm-5372153144-9647927422-0,DFO_3251_From_20080102_to_20080106,2008-01-02,2008-01-06,pilot_centroid,moderate,8.725,Jalan Letnan Jenderal Siswondo Parman,trunk,1027699887,5372153144,9647927422,0,250,0.75,0.05,coarse-modis-250m,200443.557,0.961537,0.961537,0.0,0.0,0.0,negative,moderate,
osm-5372153147-6831185205-0,DFO_3251_From_20080102_to_20080106,2008-01-02,2008-01-06,pilot_centroid,moderate,39.999,Jalan Letnan Jenderal Siswondo Parman,trunk,1027699887,5372153147,6831185205,0,250,0.75,0.05,coarse-modis-250m,216090.067,0.964089,0.964089,0.0,0.0,0.0,negative,moderate,
osm-5372153151-9486332419-0,DFO_3251_From_20080102_to_20080106,2008-01-02,2008-01-06,pilot_centroid,moderate,35.004,Jalan Letnan Jenderal Siswondo Parman,trunk,688117571,5372153151,9486332419,0,250,0.75,0.05,coarse-modis-250m,213591.295,0.9637,0.9637,0.0,0.0,0.0,negative,moderate,
osm-5372153155-9003292724-0,DFO_3251_From_20080102_to_20080106,2008-01-02,2008-01-06,pilot_centroid,moderate,108.503,Jalan Letnan Jenderal Siswondo Parman,trunk,688117572,5372153155,9003292724,0,250,0.75,0.05,coarse-modis-250m,250363.622,0.968299,0.968299,0.0,0.0,0.0,negative,moderate,
osm-5372153165-5372153166-0,DFO_3251_From_20080102_to_20080106,2008-01-02,2008-01-06,pilot_centroid,moderate,106.787,Jalan Letnan Jenderal Siswondo Parman,trunk,688117573,5372153165,5372153166,0,250,0.75,0.05,coarse-modis-250m,249502.11,0.968226,0.968226,0.0,0.0,0.0,negative,moderate,
osm-5372153166-5372153186-0,DFO_3251_From_20080102_to_20080106,2008-01-02,2008-01-06,pilot_centroid,moderate,134.559,Jalan Letnan Jenderal Siswondo Parman,trunk,1220173369|1220173370|688117573,5372153166,5372153186,0,250,0.75,0.05,coarse-modis-250m,263397.847,0.969645,0.969645,0.0,0.0,0.0,negative,moderate,
osm-5372153186-11438846310-0,DFO_3251_From_20080102_to_20080106,2008-01-02,2008-01-06,pilot_centroid,moderate,20.044,Jalan Letnan Jenderal Siswondo Parman,trunk,1220173370,5372153186,11438846310,0,250,0.75,0.05,coarse-modis-250m,206106.358,0.962443,0.962443,0.0,0.0,0.0,negative,moderate,
osm-5372153187-6451233570-0,DFO_3251_From_20080102_to_20080106,2008-01-02,2008-01-06,pilot_centroid,moderate,200.392,Jalan Letnan Jenderal Siswondo Parman,trunk,688087394,5372153187,6451233570,0,250,0.75,0.05,coarse-modis-250m,296337.281,0.972566,0.972566,0.0,0.0,0.0,negative,moderate,
osm-5373820573-9032080365-0,DFO_3251_From_20080102_to_20080106,2008-01-02,2008-01-06,pilot_centroid,moderate,11.311,Jalan Kebon Sirih,primary,18056345,5373820573,9032080365,0,250,0.75,0.05,coarse-modis-250m,201737.114,0.961643,0.961643,0.0,0.0,0.0,negative,moderate,
osm-5373977777-4849427405-0,DFO_3251_From_20080102_to_20080106,2008-01-02,2008-01-06,pilot_centroid,moderate,26.327,Jalan Letnan Jenderal Suprapto,primary,492988946,5373977777,4849427405,0,250,0.75,0.05,coarse-modis-250m,209249.989,0.962854,0.962854,0.0,0.0,0.0,negative,moderate,
osm-5373977782-4849427421-0,DFO_3251_From_20080102_to_20080106,2008-01-02,2008-01-06,pilot_centroid,moderate,62.126,Jalan Letnan Jenderal Suprapto,primary,492988997,5373977782,4849427421,0,250,0.75,0.05,coarse-modis-250m,227160.726,0.965592,0.965592,0.0,0.0,0.0,negative,moderate,
osm-5373977783-4849427396-0,DFO_3251_From_20080102_to_20080106,2008-01-02,2008-01-06,pilot_centroid,moderate,89.029,Jalan Letnan Jenderal Suprapto,primary,761522995,5373977783,4849427396,0,250,0.75,0.05,coarse-modis-250m,240620.477,0.966327,0.966327,0.0,0.0,0.0,negative,moderate,
osm-5373977800-4849427413-0,DFO_3251_From_20080102_to_20080106,2008-01-02,2008-01-06,pilot_centroid,moderate,39.974,Jalan Letnan Jenderal Suprapto,primary,761522995,5373977800,4849427413,0,250,0.75,0.05,coarse-modis-250m,216077.536,0.964152,0.964152,0.0,0.0,0.0,negative,moderate,
osm-5374005699-4849427395-0,DFO_3251_From_20080102_to_20080106,2008-01-02,2008-01-06,pilot_centroid,moderate,29.335,Jalan Letnan Jenderal Suprapto,primary,761522995,5374005699,4849427395,0,250,0.75,0.05,coarse-modis-250m,210753.889,0.963133,0.963133,0.0,0.0,0.0,negative,moderate,
osm-5374199556-29939148-0,DFO_3251_From_20080102_to_20080106,2008-01-02,2008-01-06,pilot_centroid,moderate,9.209,Jalan Bungur Besar Raya,secondary,1265625996,5374199556,29939148,0,250,0.75,0.05,coarse-modis-250m,200685.583,0.961437,0.961437,0.0,0.0,0.0,negative,moderate,
osm-5374282148-11076463250-0,DFO_3251_From_20080102_to_20080106,2008-01-02,2008-01-06,pilot_centroid,moderate,64.693,Jalan Kramat Kwitang,primary,749318053,5374282148,11076463250,0,250,0.75,0.05,coarse-modis-250m,228429.732,0.965652,0.965652,0.0,0.0,0.0,negative,moderate,
osm-5374282155-5377151799-0,DFO_3251_From_20080102_to_20080106,2008-01-02,2008-01-06,pilot_centroid,moderate,14.744,Jalan Arief Rachman Hakim,primary,749318625,5374282155,5377151799,0,250,0.75,0.05,coarse-modis-250m,203454.634,0.961975,0.961975,0.0,0.0,0.0,negative,moderate,
osm-5374282198-6315624963-0,DFO_3251_From_20080102_to_20080106,2008-01-02,2008-01-06,pilot_centroid,moderate,63.772,Jalan Kramat Kwitang,primary,458897450,5374282198,6315624963,0,250,0.75,0.05,coarse-modis-250m,227984.184,0.96566,0.96566,0.0,0.0,0.0,negative,moderate,
osm-5374282375-7103903985-0,DFO_3251_From_20080102_to_20080106,2008-01-02,2008-01-06,pilot_centroid,moderate,806.303,Jalan Pasar Senen,primary,1250860513|560887460|1225571177|724007433,5374282375,7103903985,0,250,0.75,0.05,coarse-modis-250m,599381.768,0.984647,0.984647,0.0,0.0,0.0,negative,moderate,
osm-5374290437-186871954-0,DFO_3251_From_20080102_to_20080106,2008-01-02,2008-01-06,pilot_centroid,moderate,79.88,Jalan Jatibaru,primary,343915036,5374290437,186871954,0,250,0.75,0.05,coarse-modis-250m,236011.614,0.966504,0.966504,0.0,0.0,0.0,negative,moderate,
osm-5374380799-1675488274-0,DFO_3251_From_20080102_to_20080106,2008-01-02,2008-01-06,pilot_centroid,moderate,9.532,Jalan Letnan Jenderal Suprapto,primary,766850322,5374380799,1675488274,0,250,0.75,0.05,coarse-modis-250m,200847.05,0.961737,0.961737,0.0,0.0,0.0,negative,moderate,
osm-5374643987-9648835249-0,DFO_3251_From_20080102_to_20080106,2008-01-02,2008-01-06,pilot_centroid,moderate,48.107,Jalan Letnan Jenderal Suprapto,primary,492988946,5374643987,9648835249,0,250,0.75,0.05,coarse-modis-250m,220146.835,0.964628,0.964628,0.0,0.0,0.0,negative,moderate,
osm-5374644166-7015230199-0,DFO_3251_From_20080102_to_20080106,2008-01-02,2008-01-06,pilot_centroid,moderate,18.29,Jalan Letnan Jenderal Suprapto,primary,492988946,5374644166,7015230199,0,250,0.75,0.05,coarse-modis-250m,205228.821,0.960791,0.960791,0.0,0.0,0.0,negative,moderate,
osm-5374804742-4758805504-0,DFO_3251_From_20080102_to_20080106,2008-01-02,2008-01-06,pilot_centroid,moderate,37.119,Jalan Pemuda,primary,758287381,5374804742,4758805504,0,250,0.75,0.05,coarse-modis-250m,214649.078,0.963901,0.963901,0.0,0.0,0.0,negative,moderate,
osm-5374804752-5374804742-0,DFO_3251_From_20080102_to_20080106,2008-01-02,2008-01-06,pilot_centroid,moderate,23.744,Jalan Pemuda,primary,758287381,5374804752,5374804742,0,250,0.75,0.05,coarse-modis-250m,207957.608,0.962632,0.962632,0.0,0.0,0.0,negative,moderate,
osm-5374804755-5374804752-0,DFO_3251_From_20080102_to_20080106,2008-01-02,2008-01-06,pilot_centroid,moderate,25.306,Jalan Pemuda,primary,758287380,5374804755,5374804752,0,250,0.75,0.05,coarse-modis-250m,208739.134,0.962752,0.962752,0.0,0.0,0.0,negative,moderate,
osm-5377076414-5377076416-0,DFO_3251_From_20080102_to_20080106,2008-01-02,2008-01-06,pilot_centroid,moderate,44.553,Jalan Kramat Raya,primary,758051339,5377076414,5377076416,0,250,0.75,0.05,coarse-modis-250m,218368.783,0.964302,0.964302,0.0,0.0,0.0,negative,moderate,
osm-5377076416-11237483572-0,DFO_3251_From_20080102_to_20080106,2008-01-02,2008-01-06,pilot_centroid,moderate,5.019,Jalan Kramat Raya,primary,758051339,5377076416,11237483572,0,250,0.75,0.05,coarse-modis-250m,198589.163,0.961258,0.961258,0.0,0.0,0.0,negative,moderate,
osm-5377076421-9019122232-0,DFO_3251_From_20080102_to_20080106,2008-01-02,2008-01-06,pilot_centroid,moderate,41.788,Jalan Salemba Raya,primary,713583502,5377076421,9019122232,0,250,0.75,0.05,coarse-modis-250m,216985.411,0.964147,0.964147,0.0,0.0,0.0,negative,moderate,
osm-5377076423-5377076421-0,DFO_3251_From_20080102_to_20080106,2008-01-02,2008-01-06,pilot_centroid,moderate,56.823,Jalan Kramat Raya,primary,713583502|713583503,5377076423,5377076421,0,250,0.75,0.05,coarse-modis-250m,224507.524,0.965289,0.965289,0.0,0.0,0.0,negative,moderate,
osm-5377076552-9708579924-0,DFO_3251_From_20080102_to_20080106,2008-01-02,2008-01-06,pilot_centroid,moderate,109.547,Jalan Salemba Raya,primary,28715955,5377076552,9708579924,0,250,0.75,0.05,coarse-modis-250m,250866.731,0.96833,0.96833,0.0,0.0,0.0,negative,moderate,
osm-5377076560-315198778-0,DFO_3251_From_20080102_to_20080106,2008-01-02,2008-01-06,pilot_centroid,moderate,24.222,Jalan Salemba Raya,primary,830698409,5377076560,315198778,0,250,0.75,0.05,coarse-modis-250m,208196.268,0.96278,0.96278,0.0,0.0,0.0,negative,moderate,
osm-5377151799-6315603275-0,DFO_3251_From_20080102_to_20080106,2008-01-02,2008-01-06,pilot_centroid,moderate,6.482,Jalan Kramat Kwitang,primary,28216524,5377151799,6315603275,0,250,0.75,0.05,coarse-modis-250m,199321.246,0.961321,0.961321,0.0,0.0,0.0,negative,moderate,
osm-5377177680-9019104733-0,DFO_3251_From_20080102_to_20080106,2008-01-02,2008-01-06,pilot_centroid,moderate,55.794,Jalan Penjernihan 1,primary,169300294,5377177680,9019104733,0,250,0.75,0.05,coarse-modis-250m,223982.301,0.964994,0.964994,0.0,0.0,0.0,negative,moderate,
osm-5377177693-6320275018-0,DFO_3251_From_20080102_to_20080106,2008-01-02,2008-01-06,pilot_centroid,moderate,10.467,Jalan Penjernihan 1,primary,28779908,5377177693,6320275018,0,250,0.75,0.05,coarse-modis-250m,201314.895,0.961739,0.961739,0.0,0.0,0.0,negative,moderate,
osm-5377178522-5377178527-0,DFO_3251_From_20080102_to_20080106,2008-01-02,2008-01-06,pilot_centroid,moderate,44.554,Jalan Penjernihan 1,primary,768031660,5377178522,5377178527,0,250,0.75,0.05,coarse-modis-250m,218369.054,0.964431,0.964431,0.0,0.0,0.0,negative,moderate,
osm-5377178527-5669078465-0,DFO_3251_From_20080102_to_20080106,2008-01-02,2008-01-06,pilot_centroid,moderate,10.185,Jalan Penjernihan 1,primary,768031660,5377178527,5669078465,0,250,0.75,0.05,coarse-modis-250m,201173.716,0.961702,0.961702,0.0,0.0,0.0,negative,moderate,
osm-5377313966-7192466992-0,DFO_3251_From_20080102_to_20080106,2008-01-02,2008-01-06,pilot_centroid,moderate,44.347,Unnamed OSM road,residential,557560277,5377313966,7192466992,0,250,0.75,0.05,coarse-modis-250m,218265.725,0.964391,0.964391,0.0,0.0,0.0,negative,moderate,
osm-5377313967-5377313966-0,DFO_3251_From_20080102_to_20080106,2008-01-02,2008-01-06,pilot_centroid,moderate,59.832,Unnamed OSM road,residential,557560277,5377313967,5377313966,0,250,0.75,0.05,coarse-modis-250m,226012.152,0.965452,0.965452,0.0,0.0,0.0,negative,moderate,
osm-5377313968-13913580148-0,DFO_3251_From_20080102_to_20080106,2008-01-02,2008-01-06,pilot_centroid,moderate,27.115,Unnamed OSM road,service,1526635905,5377313968,13913580148,0,250,0.75,0.05,coarse-modis-250m,209616.015,0.963945,0.963945,0.0,0.0,0.0,negative,moderate,
osm-5377313978-5377313968-0,DFO_3251_From_20080102_to_20080106,2008-01-02,2008-01-06,pilot_centroid,moderate,31.982,Unnamed OSM road,service,1526635910,5377313978,5377313968,0,250,0.75,0.05,coarse-modis-250m,212079.058,0.963433,0.963433,0.0,0.0,0.0,negative,moderate,
osm-5379663307-5379667458-0,DFO_3251_From_20080102_to_20080106,2008-01-02,2008-01-06,pilot_centroid,moderate,29.681,Jalan Yos Sudarso,trunk,496592226,5379663307,5379667458,0,250,0.75,0.05,coarse-modis-250m,210932.423,0.964157,0.964157,0.0,0.0,0.0,negative,moderate,
osm-5379667162-12799849299-0,DFO_3251_From_20080102_to_20080106,2008-01-02,2008-01-06,pilot_centroid,moderate,39.96,Jalan Yos Sudarso,trunk,496592226,5379667162,12799849299,0,250,0.75,0.05,coarse-modis-250m,216070.824,0.96404,0.96404,0.0,0.0,0.0,negative,moderate,
osm-5379667437-7131381422-0,DFO_3251_From_20080102_to_20080106,2008-01-02,2008-01-06,pilot_centroid,moderate,85.36,Jalan Yos Sudarso,trunk,781727135,5379667437,7131381422,0,250,0.75,0.05,coarse-modis-250m,238784.938,0.966964,0.966964,0.0,0.0,0.0,negative,moderate,
osm-5379667449-7697810036-0,DFO_3251_From_20080102_to_20080106,2008-01-02,2008-01-06,pilot_centroid,moderate,33.332,Jalan Yos Sudarso,trunk,496592226,5379667449,7697810036,0,250,0.75,0.05,coarse-modis-250m,212754.762,0.963584,0.963584,0.0,0.0,0.0,negative,moderate,
osm-5379667458-5379667449-0,DFO_3251_From_20080102_to_20080106,2008-01-02,2008-01-06,pilot_centroid,moderate,28.088,Jalan Yos Sudarso,trunk,496592226,5379667458,5379667449,0,250,0.75,0.05,coarse-modis-250m,210130.954,0.96314,0.96314,0.0,0.0,0.0,negative,moderate,
osm-5379667472-10788400699-0,DFO_3251_From_20080102_to_20080106,2008-01-02,2008-01-06,pilot_centroid,moderate,16.849,Jalan Yos Sudarso,trunk,496592226,5379667472,10788400699,0,250,0.75,0.05,coarse-modis-250m,204507.914,0.962261,0.962261,0.0,0.0,0.0,negative,moderate,
osm-5379667478-5379663307-0,DFO_3251_From_20080102_to_20080106,2008-01-02,2008-01-06,pilot_centroid,moderate,53.639,Jalan Yos Sudarso,trunk,496592226,5379667478,5379663307,0,250,0.75,0.05,coarse-modis-250m,222914.507,0.965018,0.965018,0.0,0.0,0.0,negative,moderate,
osm-5379767874-10654460939-0,DFO_3251_From_20080102_to_20080106,2008-01-02,2008-01-06,pilot_centroid,moderate,108.786,Jalan Boulevard Barat,secondary,759685195,5379767874,10654460939,0,250,0.75,0.05,coarse-modis-250m,250499.804,0.968306,0.968306,0.0,0.0,0.0,negative,moderate,
osm-5379767891-5380146201-0,DFO_3251_From_20080102_to_20080106,2008-01-02,2008-01-06,pilot_centroid,moderate,38.796,Jalan Putri Pelangi,residential,519894258,5379767891,5380146201,0,250,0.75,0.05,coarse-modis-250m,215488.162,0.963882,0.963882,0.0,0.0,0.0,negative,moderate,
osm-5379768929-6434967979-0,DFO_3251_From_20080102_to_20080106,2008-01-02,2008-01-06,pilot_centroid,moderate,45.58,Jalan Pulau Putri,residential,279455518,5379768929,6434967979,0,250,0.75,0.05,coarse-modis-250m,218687.623,0.964049,0.964049,0.0,0.0,0.0,negative,moderate,
osm-5379768936-13030921684-0,DFO_3251_From_20080102_to_20080106,2008-01-02,2008-01-06,pilot_centroid,moderate,46.21,Unnamed OSM road,residential,1417995174,5379768936,13030921684,0,250,0.75,0.05,coarse-modis-250m,219186.147,0.964563,0.964563,0.0,0.0,0.0,negative,moderate,
osm-5379768936-13030921685-0,DFO_3251_From_20080102_to_20080106,2008-01-02,2008-01-06,pilot_centroid,moderate,47.542,Jalan Pulau Putri,residential,1312175635|1417995173,5379768936,13030921685,0,250,0.75,0.05,coarse-modis-250m,219783.703,0.965287,0.965287,0.0,0.0,0.0,negative,moderate,
osm-5379777249-4982201717-0,DFO_3251_From_20080102_to_20080106,2008-01-02,2008-01-06,pilot_centroid,moderate,19.681,Jalan Mangga Dua Dalam,tertiary,508913824,5379777249,4982201717,0,250,0.75,0.05,coarse-modis-250m,205927.284,0.963161,0.963161,0.0,0.0,0.0,negative,moderate,
osm-5379957272-9064994805-0,DFO_3251_From_20080102_to_20080106,2008-01-02,2008-01-06,pilot_centroid,moderate,29.863,Jalan Otto Iskandar Dinata,primary,28765421,5379957272,9064994805,0,250,0.75,0.05,coarse-modis-250m,211018.86,0.963208,0.963208,0.0,0.0,0.0,negative,moderate,
osm-5379957279-8520330753-0,DFO_3251_From_20080102_to_20080106,2008-01-02,2008-01-06,pilot_centroid,moderate,40.17,Jalan Cipinang Cempedak I,tertiary,98090600,5379957279,8520330753,0,250,0.75,0.05,coarse-modis-250m,216175.689,0.964384,0.964384,0.0,0.0,0.0,negative,moderate,
osm-5379957290-13734985443-0,DFO_3251_From_20080102_to_20080106,2008-01-02,2008-01-06,pilot_centroid,moderate,4.048,Jalan Cipinang Cempedak I,tertiary,688635244,5379957290,13734985443,0,250,0.75,0.05,coarse-modis-250m,198103.35,0.961168,0.961168,0.0,0.0,0.0,negative,moderate,
osm-5379989630-4815227762-0,DFO_3251_From_20080102_to_20080106,2008-01-02,2008-01-06,pilot_centroid,moderate,52.197,Jalan Pulolio,tertiary,489260903,5379989630,4815227762,0,250,0.75,0.05,coarse-modis-250m,222182.921,0.964884,0.964884,0.0,0.0,0.0,negative,moderate,
osm-5379989631-1362598310-0,DFO_3251_From_20080102_to_20080106,2008-01-02,2008-01-06,pilot_centroid,moderate,46.893,Jalan Pulolio,tertiary,1242611535,5379989631,1362598310,0,250,0.75,0.05,coarse-modis-250m,219507.645,0.964894,0.964894,0.0,0.0,0.0,negative,moderate,
osm-5379992807-9015877327-0,DFO_3251_From_20080102_to_20080106,2008-01-02,2008-01-06,pilot_centroid,moderate,15.682,Jalan Denpasar Raya,tertiary,28194353,5379992807,9015877327,0,250,0.75,0.05,coarse-modis-250m,203924.134,0.960026,0.960026,0.0,0.0,0.0,negative,moderate,
osm-5380055271-1417312748-0,DFO_3251_From_20080102_to_20080106,2008-01-02,2008-01-06,pilot_centroid,moderate,42.649,Jalan Perintis Kemerdekaan,trunk,427815402,5380055271,1417312748,0,250,0.75,0.05,coarse-modis-250m,217416.187,0.96405,0.96405,0.0,0.0,0.0,negative,moderate,
osm-5380068218-9497883594-0,DFO_3251_From_20080102_to_20080106,2008-01-02,2008-01-06,pilot_centroid,moderate,40.206,Jalan Jenderal Ahmad Yani,trunk,689877064,5380068218,9497883594,0,250,0.75,0.05,coarse-modis-250m,216193.767,0.963986,0.963986,0.0,0.0,0.0,negative,moderate,
osm-5380068236-5380068242-0,DFO_3251_From_20080102_to_20080106,2008-01-02,2008-01-06,pilot_centroid,moderate,28.761,Jalan Letnan Jenderal Suprapto,primary,492988997,5380068236,5380068242,0,250,0.75,0.05,coarse-modis-250m,210467.476,0.963089,0.963089,0.0,0.0,0.0,negative,moderate,
osm-5380068242-4849427423-0,DFO_3251_From_20080102_to_20080106,2008-01-02,2008-01-06,pilot_centroid,moderate,46.426,Jalan Letnan Jenderal Suprapto,primary,492988997,5380068242,4849427423,0,250,0.75,0.05,coarse-modis-250m,219305.899,0.964444,0.964444,0.0,0.0,0.0,negative,moderate,
osm-5380113830-6490074722-0,DFO_3251_From_20080102_to_20080106,2008-01-02,2008-01-06,pilot_centroid,moderate,77.528,Jalan Pemuda,primary,722419938,5380113830,6490074722,0,250,0.75,0.05,coarse-modis-250m,234866.667,0.965895,0.965895,0.0,0.0,0.0,negative,moderate,
osm-5380113845-329975510-0,DFO_3251_From_20080102_to_20080106,2008-01-02,2008-01-06,pilot_centroid,moderate,60.463,Jalan Pemuda,primary,722419938,5380113845,329975510,0,250,0.75,0.05,coarse-modis-250m,226329.443,0.96615,0.96615,0.0,0.0,0.0,negative,moderate,
osm-5380146177-5379767891-0,DFO_3251_From_20080102_to_20080106,2008-01-02,2008-01-06,pilot_centroid,moderate,49.134,Jalan Putri Pelangi,residential,519894258,5380146177,5379767891,0,250,0.75,0.05,coarse-modis-250m,220660.61,0.964764,0.964764,0.0,0.0,0.0,negative,moderate,
osm-5380146201-5068494261-0,DFO_3251_From_20080102_to_20080106,2008-01-02,2008-01-06,pilot_centroid,moderate,15.52,Jalan Putri Pelangi,residential,519894258,5380146201,5068494261,0,250,0.75,0.05,coarse-modis-250m,203843.105,0.962134,0.962134,0.0,0.0,0.0,negative,moderate,
osm-5380146210-5068494260-0,DFO_3251_From_20080102_to_20080106,2008-01-02,2008-01-06,pilot_centroid,moderate,126.603,Jalan Pulau Dana,residential,557920798,5380146210,5068494260,0,250,0.75,0.05,coarse-modis-250m,259419.23,0.969248,0.969248,0.0,0.0,0.0,negative,moderate,
osm-5380240426-317182368-0,DFO_3251_From_20080102_to_20080106,2008-01-02,2008-01-06,pilot_centroid,moderate,24.851,Jalan K. Haji Abdul Syafi'ie,primary,689649453,5380240426,317182368,0,250,0.75,0.05,coarse-modis-250m,208511.376,0.962911,0.962911,0.0,0.0,0.0,negative,moderate,
osm-5380240433-5380240426-0,DFO_3251_From_20080102_to_20080106,2008-01-02,2008-01-06,pilot_centroid,moderate,29.93,Jalan K. Haji Abdul Syafi'ie,primary,689649453,5380240433,5380240426,0,250,0.75,0.05,coarse-modis-250m,211052.775,0.963669,0.963669,0.0,0.0,0.0,negative,moderate,
osm-5380240456-320021668-0,DFO_3251_From_20080102_to_20080106,2008-01-02,2008-01-06,pilot_centroid,moderate,2.164,Jalan K. Haji Abdul Syafi'ie,primary,28850223,5380240456,320021668,0,250,0.75,0.05,coarse-modis-250m,197160.808,0.961047,0.961047,0.0,0.0,0.0,negative,moderate,
osm-5388212558-7137820748-0,DFO_3251_From_20080102_to_20080106,2008-01-02,2008-01-06,pilot_centroid,moderate,518.476,Jalan Perintis Kemerdekaan,trunk,458897448|568063273|427815398,5388212558,7137820748,0,250,0.75,0.05,coarse-modis-250m,455035.161,0.980493,0.980493,0.0,0.0,0.0,negative,moderate,
osm-5388328959-8509512970-0,DFO_3251_From_20080102_to_20080106,2008-01-02,2008-01-06,pilot_centroid,moderate,16.318,Jalan Denpasar Raya,tertiary,28194353,5388328959,8509512970,0,250,0.75,0.05,coarse-modis-250m,204242.325,0.962116,0.962116,0.0,0.0,0.0,negative,moderate,
osm-5388329052-5806359018-0,DFO_3251_From_20080102_to_20080106,2008-01-02,2008-01-06,pilot_centroid,moderate,80.021,Jalan Profesor Doktor Satrio,primary,613723908,5388329052,5806359018,0,250,0.75,0.05,coarse-modis-250m,236113.913,0.553465,0.553465,0.0,0.0,0.0,unknown,excluded,insufficient_source_coverage
osm-5388382567-9504567886-0,DFO_3251_From_20080102_to_20080106,2008-01-02,2008-01-06,pilot_centroid,moderate,52.714,Jalan D. I. Panjaitan,trunk,687317710,5388382567,9504567886,0,250,0.75,0.05,coarse-modis-250m,222170.084,0.966612,0.966612,0.0,0.0,0.0,negative,moderate,
osm-5391402284-1133807089-0,DFO_3251_From_20080102_to_20080106,2008-01-02,2008-01-06,pilot_centroid,moderate,35.747,Jalan Cipinang Indah Raya,tertiary,737508241,5391402284,1133807089,0,250,0.75,0.05,coarse-modis-250m,213962.646,0.963712,0.963712,0.0,0.0,0.0,negative,moderate,
osm-5391413717-316170709-0,DFO_3251_From_20080102_to_20080106,2008-01-02,2008-01-06,pilot_centroid,moderate,9.94,Jalan Matraman,primary,751712039,5391413717,316170709,0,250,0.75,0.05,coarse-modis-250m,201051.461,0.961683,0.961683,0.0,0.0,0.0,negative,moderate,
osm-5408975256-5408975257-0,DFO_3251_From_20080102_to_20080106,2008-01-02,2008-01-06,pilot_centroid,moderate,18.283,Jalan Dokter Suratmo,secondary,560880228,5408975256,5408975257,0,250,0.75,0.05,coarse-modis-250m,205223.454,0.962325,0.962325,0.0,0.0,0.0,negative,moderate,
osm-5408975257-9694871645-0,DFO_3251_From_20080102_to_20080106,2008-01-02,2008-01-06,pilot_centroid,moderate,14.016,Jalan Gunung Sahari Raya,primary,634085906,5408975257,9694871645,0,250,0.75,0.05,coarse-modis-250m,203090.497,0.962047,0.962047,0.0,0.0,0.0,negative,moderate,
osm-5421851682-5489964735-0,DFO_3251_From_20080102_to_20080106,2008-01-02,2008-01-06,pilot_centroid,moderate,33.603,Jalan Bekasi Raya,trunk,562396728|1242664245|764298933,5421851682,5489964735,0,250,0.75,0.05,coarse-modis-250m,212889.495,0.963665,0.963665,0.0,0.0,0.0,negative,moderate,
osm-5425990246-7576918597-0,DFO_3251_From_20080102_to_20080106,2008-01-02,2008-01-06,pilot_centroid,moderate,15.112,Jalan Yos Sudarso,trunk,1190316860,5425990246,7576918597,0,250,0.75,0.05,coarse-modis-250m,203638.819,0.962392,0.962392,0.0,0.0,0.0,negative,moderate,
osm-5425990246-7576934780-0,DFO_3251_From_20080102_to_20080106,2008-01-02,2008-01-06,pilot_centroid,moderate,71.964,Jalan Yos Sudarso,trunk,496592226,5425990246,7576934780,0,250,0.75,0.05,coarse-modis-250m,232082.583,0.966202,0.966202,0.0,0.0,0.0,negative,moderate,
osm-5436662071-12718674420-0,DFO_3251_From_20080102_to_20080106,2008-01-02,2008-01-06,pilot_centroid,moderate,44.286,Jalan Mitra Sunter Boulevard,secondary,453477916,5436662071,12718674420,0,250,0.75,0.05,coarse-modis-250m,218234.861,0.964271,0.964271,0.0,0.0,0.0,negative,moderate,
osm-5459048224-124093320-0,DFO_3251_From_20080102_to_20080106,2008-01-02,2008-01-06,pilot_centroid,moderate,65.208,Jalan Salemba Raya,primary,699651422,5459048224,124093320,0,250,0.75,0.05,coarse-modis-250m,228702.066,0.966116,0.966116,0.0,0.0,0.0,negative,moderate,
osm-5459161492-324276002-0,DFO_3251_From_20080102_to_20080106,2008-01-02,2008-01-06,pilot_centroid,moderate,128.529,Jalan Perintis Kemerdekaan,trunk,1458289883,5459161492,324276002,0,250,0.75,0.05,coarse-modis-250m,260382.738,0.969347,0.969347,0.0,0.0,0.0,negative,moderate,
osm-5459235880-13639648351-0,DFO_3251_From_20080102_to_20080106,2008-01-02,2008-01-06,pilot_centroid,moderate,3.051,Jalan Penjernihan 1,primary,28779908,5459235880,13639648351,0,250,0.75,0.05,coarse-modis-250m,197604.714,0.961169,0.961169,0.0,0.0,0.0,negative,moderate,
osm-5466187936-2415521692-0,DFO_3251_From_20080102_to_20080106,2008-01-02,2008-01-06,pilot_centroid,moderate,92.704,Jalan Yos Sudarso,trunk,508942939,5466187936,2415521692,0,250,0.75,0.05,coarse-modis-250m,242450.67,0.967437,0.967437,0.0,0.0,0.0,negative,moderate,
osm-5487632874-1342878998-0,DFO_3251_From_20080102_to_20080106,2008-01-02,2008-01-06,pilot_centroid,moderate,77.617,Jalan Bekasi Raya,trunk,764238034,5487632874,1342878998,0,250,0.75,0.05,coarse-modis-250m,234906.798,0.96649,0.96649,0.0,0.0,0.0,negative,moderate,
osm-5487633143-7045010187-0,DFO_3251_From_20080102_to_20080106,2008-01-02,2008-01-06,pilot_centroid,moderate,55.035,Jalan Dokter KRT Radjiman Widyodiningrat,primary,489977113|690355148|489977117,5487633143,7045010187,0,250,0.75,0.05,coarse-modis-250m,223604.292,0.965311,0.965311,0.0,0.0,0.0,negative,moderate,
osm-5487633251-5639226152-0,DFO_3251_From_20080102_to_20080106,2008-01-02,2008-01-06,pilot_centroid,moderate,17.519,Jalan Dokter KRT Radjiman Widyodiningrat,primary,489977117,5487633251,5639226152,0,250,0.75,0.05,coarse-modis-250m,204843.291,0.962256,0.962256,0.0,0.0,0.0,negative,moderate,
osm-5489964735-11501464554-0,DFO_3251_From_20080102_to_20080106,2008-01-02,2008-01-06,pilot_centroid,moderate,51.471,Jalan Bekasi Raya,trunk,1242664245,5489964735,11501464554,0,250,0.75,0.05,coarse-modis-250m,221829.948,0.964961,0.964961,0.0,0.0,0.0,negative,moderate,
osm-5489964736-1342878941-0,DFO_3251_From_20080102_to_20080106,2008-01-02,2008-01-06,pilot_centroid,moderate,12.776,Jalan Bekasi Raya,trunk,763975531,5489964736,1342878941,0,250,0.75,0.05,coarse-modis-250m,202469.935,0.961933,0.961933,0.0,0.0,0.0,negative,moderate,
osm-5489964742-7045231385-0,DFO_3251_From_20080102_to_20080106,2008-01-02,2008-01-06,pilot_centroid,moderate,20.677,Jalan Dokter KRT Radjiman Widyodiningrat,primary,1238183824,5489964742,7045231385,0,250,0.75,0.05,coarse-modis-250m,206423.205,0.962593,0.962593,0.0,0.0,0.0,negative,moderate,
osm-5490135579-5490135580-0,DFO_3251_From_20080102_to_20080106,2008-01-02,2008-01-06,pilot_centroid,moderate,11.937,Jalan Dokter KRT Radjiman Widyodiningrat,primary,754061608,5490135579,5490135580,0,250,0.75,0.05,coarse-modis-250m,202051.967,0.962011,0.962011,0.0,0.0,0.0,negative,moderate,
osm-5490135580-5650613341-0,DFO_3251_From_20080102_to_20080106,2008-01-02,2008-01-06,pilot_centroid,moderate,115.321,Jalan Dokter KRT Radjiman Widyodiningrat,primary,754061608,5490135580,5650613341,0,250,0.75,0.05,coarse-modis-250m,253737.465,0.96854,0.96854,0.0,0.0,0.0,negative,moderate,
osm-5490514226-519545266-0,DFO_3251_From_20080102_to_20080106,2008-01-02,2008-01-06,pilot_centroid,moderate,74.086,Jalan Letnan Jenderal MT Haryono,trunk,759043235,5490514226,519545266,0,250,0.75,0.05,coarse-modis-250m,233144.233,0.965855,0.965855,0.0,0.0,0.0,negative,moderate,
osm-5492419187-6878897947-0,DFO_3251_From_20080102_to_20080106,2008-01-02,2008-01-06,pilot_centroid,moderate,51.268,Jalan Letnan Jenderal MT Haryono,trunk,1186134489|1317133074,5492419187,6878897947,0,250,0.75,0.05,coarse-modis-250m,221717.177,0.965449,0.965449,0.0,0.0,0.0,negative,moderate,
osm-5492419212-12681087362-0,DFO_3251_From_20080102_to_20080106,2008-01-02,2008-01-06,pilot_centroid,moderate,2.623,Jalan Letnan Jenderal MT Haryono,trunk,1186134492,5492419212,12681087362,0,250,0.75,0.05,coarse-modis-250m,197390.703,0.961495,0.961495,0.0,0.0,0.0,negative,moderate,
osm-5492419221-12676215441-0,DFO_3251_From_20080102_to_20080106,2008-01-02,2008-01-06,pilot_centroid,moderate,111.824,Jalan Letnan Jenderal MT Haryono,trunk,1186134492|760233039,5492419221,12676215441,0,250,0.75,0.05,coarse-modis-250m,252016.651,0.968441,0.968441,0.0,0.0,0.0,negative,moderate,
osm-5492419247-1139140184-0,DFO_3251_From_20080102_to_20080106,2008-01-02,2008-01-06,pilot_centroid,moderate,56.969,Jalan Letnan Jenderal MT Haryono,trunk,749966273,5492419247,1139140184,0,250,0.75,0.05,coarse-modis-250m,224580.809,0.965186,0.965186,0.0,0.0,0.0,negative,moderate,
osm-5492419263-5492419270-0,DFO_3251_From_20080102_to_20080106,2008-01-02,2008-01-06,pilot_centroid,moderate,26.032,Jalan Letnan Jenderal MT Haryono,trunk,98454566,5492419263,5492419270,0,250,0.75,0.05,coarse-modis-250m,209102.229,0.96279,0.96279,0.0,0.0,0.0,negative,moderate,
osm-5492419270-11467500634-0,DFO_3251_From_20080102_to_20080106,2008-01-02,2008-01-06,pilot_centroid,moderate,44.887,Jalan Letnan Jenderal MT Haryono,trunk,98454566,5492419270,11467500634,0,250,0.75,0.05,coarse-modis-250m,218535.667,0.964389,0.964389,0.0,0.0,0.0,negative,moderate,
osm-5492419271-5493042852-0,DFO_3251_From_20080102_to_20080106,2008-01-02,2008-01-06,pilot_centroid,moderate,15.724,Jalan Letnan Jenderal MT Haryono,trunk,414030041,5492419271,5493042852,0,250,0.75,0.05,coarse-modis-250m,203945.016,0.962372,0.962372,0.0,0.0,0.0,negative,moderate,
osm-5493042852-5490514226-0,DFO_3251_From_20080102_to_20080106,2008-01-02,2008-01-06,pilot_centroid,moderate,19.97,Jalan Letnan Jenderal MT Haryono,trunk,414030041,5493042852,5490514226,0,250,0.75,0.05,coarse-modis-250m,206069.512,0.962396,0.962396,0.0,0.0,0.0,negative,moderate,
osm-5495680448-326484242-0,DFO_3251_From_20080102_to_20080106,2008-01-02,2008-01-06,pilot_centroid,moderate,236.173,Jalan Dokter KRT Radjiman Widyodiningrat,primary,489977114,5495680448,326484242,0,250,0.75,0.05,coarse-modis-250m,314136.993,0.973669,0.973669,0.0,0.0,0.0,negative,moderate,
osm-5495827291-95006366-0,DFO_3251_From_20080102_to_20080106,2008-01-02,2008-01-06,pilot_centroid,moderate,130.695,Jalan Letnan Jenderal MT Haryono,trunk,1317109480|1186134490|760239157,5495827291,95006366,0,250,0.75,0.05,coarse-modis-250m,261463.735,0.969417,0.969417,0.0,0.0,0.0,negative,moderate,
osm-5498027213-7400356402-0,DFO_3251_From_20080102_to_20080106,2008-01-02,2008-01-06,pilot_centroid,moderate,13.651,Jalan D. I. Panjaitan,trunk,751673455,5498027213,7400356402,0,250,0.75,0.05,coarse-modis-250m,202907.724,0.96199,0.96199,0.0,0.0,0.0,negative,moderate,
osm-5498027297-11445322163-0,DFO_3251_From_20080102_to_20080106,2008-01-02,2008-01-06,pilot_centroid,moderate,25.602,Jalan Inspeksi Tarum Barat,primary,572251879,5498027297,11445322163,0,250,0.75,0.05,coarse-modis-250m,208874.653,0.963861,0.963861,0.0,0.0,0.0,negative,moderate,
osm-5498027298-9626511706-0,DFO_3251_From_20080102_to_20080106,2008-01-02,2008-01-06,pilot_centroid,moderate,83.527,Jalan Kalimalang,primary,98087417,5498027298,9626511706,0,250,0.75,0.05,coarse-modis-250m,237698.057,0.967197,0.967197,0.0,0.0,0.0,negative,moderate,
osm-5498027349-9036874926-0,DFO_3251_From_20080102_to_20080106,2008-01-02,2008-01-06,pilot_centroid,moderate,79.647,Jalan Kalimalang,primary,685347199|98087417|493592695,5498027349,9036874926,0,250,0.75,0.05,coarse-modis-250m,235925.513,0.966426,0.966426,0.0,0.0,0.0,negative,moderate,
osm-5499209000-13525649819-0,DFO_3251_From_20080102_to_20080106,2008-01-02,2008-01-06,pilot_centroid,moderate,96.878,Jalan Matraman,primary,278788931,5499209000,13525649819,0,250,0.75,0.05,coarse-modis-250m,244546.897,0.967787,0.967787,0.0,0.0,0.0,negative,moderate,
osm-5506920627-332341344-0,DFO_3251_From_20080102_to_20080106,2008-01-02,2008-01-06,pilot_centroid,moderate,74.89,Jalan Sahabat Baru II,residential,30159072,5506920627,332341344,0,250,0.75,0.05,coarse-modis-250m,233546.504,0.966096,0.966096,0.0,0.0,0.0,negative,moderate,
osm-5506920631-5648666147-0,DFO_3251_From_20080102_to_20080106,2008-01-02,2008-01-06,pilot_centroid,moderate,64.166,Jalan Duri Tol Raya,residential,575742571,5506920631,5648666147,0,250,0.75,0.05,coarse-modis-250m,228038.412,0.970032,0.970032,0.0,0.0,0.0,negative,moderate,
osm-5506920811-5523935808-0,DFO_3251_From_20080102_to_20080106,2008-01-02,2008-01-06,pilot_centroid,moderate,70.05,Jalan Kedoya Raya,primary,636772881|718431699,5506920811,5523935808,0,250,0.75,0.05,coarse-modis-250m,230993.54,0.968562,0.968562,0.0,0.0,0.0,negative,moderate,
osm-5513076629-9644592829-0,DFO_3251_From_20080102_to_20080106,2008-01-02,2008-01-06,pilot_centroid,moderate,10.702,Jalan D. I. Panjaitan,trunk,1288928358,5513076629,9644592829,0,250,0.75,0.05,coarse-modis-250m,201432.627,0.961598,0.961598,0.0,0.0,0.0,negative,moderate,
osm-5513076675-8553000081-0,DFO_3251_From_20080102_to_20080106,2008-01-02,2008-01-06,pilot_centroid,moderate,50.454,Unnamed OSM road,residential,1499931368|921221909,5513076675,8553000081,0,250,0.75,0.05,coarse-modis-250m,220729.776,0.965663,0.965663,0.0,0.0,0.0,negative,moderate,
osm-5513424002-4836392226-0,DFO_3251_From_20080102_to_20080106,2008-01-02,2008-01-06,pilot_centroid,moderate,86.1,Jalan Cipinang Indah I,tertiary,98075001,5513424002,4836392226,0,250,0.75,0.05,coarse-modis-250m,239039.729,0.967781,0.967781,0.0,0.0,0.0,negative,moderate,
osm-5523935808-4551163784-0,DFO_3251_From_20080102_to_20080106,2008-01-02,2008-01-06,pilot_centroid,moderate,10.016,Unnamed OSM road,motorway_link,30177595,5523935808,4551163784,0,250,0.75,0.05,coarse-modis-250m,201089.372,0.961748,0.961748,0.0,0.0,0.0,negative,moderate,
osm-5549685553-12729353026-0,DFO_3251_From_20080102_to_20080106,2008-01-02,2008-01-06,pilot_centroid,moderate,30.042,Jalan Pangeran Jayakarta,secondary,1204814108,5549685553,12729353026,0,250,0.75,0.05,coarse-modis-250m,211108.789,0.963309,0.963309,0.0,0.0,0.0,negative,moderate,
osm-5549685557-5984694495-0,DFO_3251_From_20080102_to_20080106,2008-01-02,2008-01-06,pilot_centroid,moderate,20.595,Jalan Gunung Sahari Raya,primary,634085901,5549685557,5984694495,0,250,0.75,0.05,coarse-modis-250m,206382.353,0.962504,0.962504,0.0,0.0,0.0,negative,moderate,
osm-5555933057-9004158961-0,DFO_3251_From_20080102_to_20080106,2008-01-02,2008-01-06,pilot_centroid,moderate,40.977,Jalan Jenderal Ahmad Yani,trunk,758734352,5555933057,9004158961,0,250,0.75,0.05,coarse-modis-250m,216579.76,0.964153,0.964153,0.0,0.0,0.0,negative,moderate,
osm-5639226152-5489964742-0,DFO_3251_From_20080102_to_20080106,2008-01-02,2008-01-06,pilot_centroid,moderate,51.908,Jalan Dokter KRT Radjiman Widyodiningrat,primary,489977117,5639226152,5489964742,0,250,0.75,0.05,coarse-modis-250m,222047.854,0.964797,0.964797,0.0,0.0,0.0,negative,moderate,
osm-5647102762-326484049-0,DFO_3251_From_20080102_to_20080106,2008-01-02,2008-01-06,pilot_centroid,moderate,125.062,Jalan Dokter KRT Radjiman Widyodiningrat,primary,754061608,5647102762,326484049,0,250,0.75,0.05,coarse-modis-250m,258646.864,0.969142,0.969142,0.0,0.0,0.0,negative,moderate,
osm-5648666147-332526397-0,DFO_3251_From_20080102_to_20080106,2008-01-02,2008-01-06,pilot_centroid,moderate,106.78,Unnamed OSM road,primary_link,757260864|591695639,5648666147,332526397,0,250,0.75,0.05,coarse-modis-250m,249480.117,0.968443,0.968443,0.0,0.0,0.0,negative,moderate,
osm-5650613341-5487633143-0,DFO_3251_From_20080102_to_20080106,2008-01-02,2008-01-06,pilot_centroid,moderate,376.955,Jalan Dokter KRT Radjiman Widyodiningrat,primary,690355148,5650613341,5487633143,0,250,0.75,0.05,coarse-modis-250m,384630.574,0.97776,0.97776,0.0,0.0,0.0,negative,moderate,
osm-5652800252-5498027213-0,DFO_3251_From_20080102_to_20080106,2008-01-02,2008-01-06,pilot_centroid,moderate,35.862,Jalan D. I. Panjaitan,trunk,751673455,5652800252,5498027213,0,250,0.75,0.05,coarse-modis-250m,214020.505,0.963796,0.963796,0.0,0.0,0.0,negative,moderate,
osm-5652849428-4776237954-0,DFO_3251_From_20080102_to_20080106,2008-01-02,2008-01-06,pilot_centroid,moderate,60.248,Jalan Otto Iskandar Dinata,primary,691253234|1288928363,5652849428,4776237954,0,250,0.75,0.05,coarse-modis-250m,226220.84,0.965355,0.965355,0.0,0.0,0.0,negative,moderate,
osm-5652849431-352897075-0,DFO_3251_From_20080102_to_20080106,2008-01-02,2008-01-06,pilot_centroid,moderate,28.75,Jalan Jatinegara Timur,primary,691270311,5652849431,352897075,0,250,0.75,0.05,coarse-modis-250m,210462.113,0.963088,0.963088,0.0,0.0,0.0,negative,moderate,
osm-5653336499-4790999401-0,DFO_3251_From_20080102_to_20080106,2008-01-02,2008-01-06,pilot_centroid,moderate,59.502,Jalan Raya Casablanca,primary,28847137,5653336499,4790999401,0,250,0.75,0.05,coarse-modis-250m,225847.548,0.465603,0.465603,0.0,0.0,0.0,unknown,excluded,insufficient_source_coverage
osm-5655125045-8510368916-0,DFO_3251_From_20080102_to_20080106,2008-01-02,2008-01-06,pilot_centroid,moderate,25.025,Jalan Boulevard Barat,secondary,759677175,5655125045,8510368916,0,250,0.75,0.05,coarse-modis-250m,208517.89,0.96431,0.96431,0.0,0.0,0.0,negative,moderate,
osm-5655139014-11413710169-0,DFO_3251_From_20080102_to_20080106,2008-01-02,2008-01-06,pilot_centroid,moderate,39.588,Jalan Pemuda,primary,975979296,5655139014,11413710169,0,250,0.75,0.05,coarse-modis-250m,215884.482,0.964196,0.964196,0.0,0.0,0.0,negative,moderate,
osm-5655187222-6406796742-0,DFO_3251_From_20080102_to_20080106,2008-01-02,2008-01-06,pilot_centroid,moderate,40.316,Jalan Pemuda,primary,28775346,5655187222,6406796742,0,250,0.75,0.05,coarse-modis-250m,216248.907,0.964457,0.964457,0.0,0.0,0.0,negative,moderate,
osm-5662302109-9533955728-0,DFO_3251_From_20080102_to_20080106,2008-01-02,2008-01-06,pilot_centroid,moderate,7.689,Jalan Pulokambing II,residential,686924182,5662302109,9533955728,0,250,0.75,0.05,coarse-modis-250m,199924.843,0.961482,0.961482,0.0,0.0,0.0,negative,moderate,
osm-5662309002-9013720082-0,DFO_3251_From_20080102_to_20080106,2008-01-02,2008-01-06,pilot_centroid,moderate,172.931,Jalan Pemuda,primary,1052899125,5662309002,9013720082,0,250,0.75,0.05,coarse-modis-250m,282598.103,0.971448,0.971448,0.0,0.0,0.0,negative,moderate,
osm-5662335002-6333006951-0,DFO_3251_From_20080102_to_20080106,2008-01-02,2008-01-06,pilot_centroid,moderate,87.477,Jalan Matraman,primary,1458498251,5662335002,6333006951,0,250,0.75,0.05,coarse-modis-250m,239844.005,0.967157,0.967157,0.0,0.0,0.0,negative,moderate,
osm-5662546639-12139330016-0,DFO_3251_From_20080102_to_20080106,2008-01-02,2008-01-06,pilot_centroid,moderate,29.701,Jalan Letnan Jenderal Suprapto,primary,492988997,5662546639,12139330016,0,250,0.75,0.05,coarse-modis-250m,210938.128,0.963288,0.963288,0.0,0.0,0.0,negative,moderate,
osm-5665581665-324275961-0,DFO_3251_From_20080102_to_20080106,2008-01-02,2008-01-06,pilot_centroid,moderate,290.514,Jalan Perintis Kemerdekaan,trunk,689042568,5665581665,324275961,0,250,0.75,0.05,coarse-modis-250m,341419.629,0.975612,0.975612,0.0,0.0,0.0,negative,moderate,
osm-5668231819-310327514-0,DFO_3251_From_20080102_to_20080106,2008-01-02,2008-01-06,pilot_centroid,moderate,416.789,Jalan Tol Insinyur Wiyoto Wiyono,motorway,755012892|755012893|838390262|1522830879,5668231819,310327514,0,250,0.75,0.05,coarse-modis-250m,404597.842,0.978695,0.978695,0.0,0.0,0.0,negative,moderate,
osm-5668256808-7123191860-0,DFO_3251_From_20080102_to_20080106,2008-01-02,2008-01-06,pilot_centroid,moderate,79.195,Jalan Matraman,primary,699886104,5668256808,7123191860,0,250,0.75,0.05,coarse-modis-250m,235695.931,0.966878,0.966878,0.0,0.0,0.0,negative,moderate,
osm-5669076905-5377178522-0,DFO_3251_From_20080102_to_20080106,2008-01-02,2008-01-06,pilot_centroid,moderate,14.68,Jalan Penjernihan 1,primary,768031660,5669076905,5377178522,0,250,0.75,0.05,coarse-modis-250m,203422.892,0.962069,0.962069,0.0,0.0,0.0,negative,moderate,
osm-5669078458-310042746-0,DFO_3251_From_20080102_to_20080106,2008-01-02,2008-01-06,pilot_centroid,moderate,8.428,Jalan Penjernihan 1,primary,768031660,5669078458,310042746,0,250,0.75,0.05,coarse-modis-250m,200294.785,0.961555,0.961555,0.0,0.0,0.0,negative,moderate,
osm-5669078465-5669078458-0,DFO_3251_From_20080102_to_20080106,2008-01-02,2008-01-06,pilot_centroid,moderate,82.904,Jalan Penjernihan 1,primary,768031660,5669078465,5669078458,0,250,0.75,0.05,coarse-modis-250m,237555.98,0.966918,0.966918,0.0,0.0,0.0,negative,moderate,
osm-5670939322-5372153165-0,DFO_3251_From_20080102_to_20080106,2008-01-02,2008-01-06,pilot_centroid,moderate,4.916,Jalan Letnan Jenderal Siswondo Parman,trunk,688117573,5670939322,5372153165,0,250,0.75,0.05,coarse-modis-250m,198537.611,0.96123,0.96123,0.0,0.0,0.0,negative,moderate,
osm-5670944441-4566501487-0,DFO_3251_From_20080102_to_20080106,2008-01-02,2008-01-06,pilot_centroid,moderate,54.753,Jalan Kemayoran Gempol,secondary,736957432,5670944441,4566501487,0,250,0.75,0.05,coarse-modis-250m,223471.838,0.965038,0.965038,0.0,0.0,0.0,negative,moderate,
osm-5671006753-5671006757-0,DFO_3251_From_20080102_to_20080106,2008-01-02,2008-01-06,pilot_centroid,moderate,79.384,Jalan Letnan Jenderal Siswondo Parman,trunk,713318115|688117573,5671006753,5671006757,0,250,0.75,0.05,coarse-modis-250m,235795.079,0.966621,0.966621,0.0,0.0,0.0,negative,moderate,
osm-5671006757-5671006769-0,DFO_3251_From_20080102_to_20080106,2008-01-02,2008-01-06,pilot_centroid,moderate,21.263,Jalan Letnan Jenderal Siswondo Parman,trunk,688117573,5671006757,5671006769,0,250,0.75,0.05,coarse-modis-250m,206716.215,0.962544,0.962544,0.0,0.0,0.0,negative,moderate,
osm-5671006769-7038299405-0,DFO_3251_From_20080102_to_20080106,2008-01-02,2008-01-06,pilot_centroid,moderate,37.029,Jalan Letnan Jenderal Siswondo Parman,trunk,688117573,5671006769,7038299405,0,250,0.75,0.05,coarse-modis-250m,214604.294,0.963858,0.963858,0.0,0.0,0.0,negative,moderate,
osm-5671006775-4859118379-0,DFO_3251_From_20080102_to_20080106,2008-01-02,2008-01-06,pilot_centroid,moderate,195.157,Jalan Letnan Jenderal Siswondo Parman,trunk,688087394,5671006775,4859118379,0,250,0.75,0.05,coarse-modis-250m,293717.502,0.972395,0.972395,0.0,0.0,0.0,negative,moderate,
osm-5671045991-3723599610-0,DFO_3251_From_20080102_to_20080106,2008-01-02,2008-01-06,pilot_centroid,moderate,679.786,Tol Dalam Kota Jakarta,motorway,1220264400|757042425|514485758,5671045991,3723599610,0,250,0.75,0.05,coarse-modis-250m,536173.895,0.982777,0.982777,0.0,0.0,0.0,negative,moderate,
osm-5671081801-5373977783-0,DFO_3251_From_20080102_to_20080106,2008-01-02,2008-01-06,pilot_centroid,moderate,58.052,Jalan Letnan Jenderal Suprapto,primary,761522995,5671081801,5373977783,0,250,0.75,0.05,coarse-modis-250m,225118.37,0.964658,0.964658,0.0,0.0,0.0,negative,moderate,
osm-5671267899-2821400645-0,DFO_3251_From_20080102_to_20080106,2008-01-02,2008-01-06,pilot_centroid,moderate,52.813,Jalan Gunung Sahari Raya,primary,521161628,5671267899,2821400645,0,250,0.75,0.05,coarse-modis-250m,222501.294,0.964962,0.964962,0.0,0.0,0.0,negative,moderate,
osm-5671270622-7120411011-0,DFO_3251_From_20080102_to_20080106,2008-01-02,2008-01-06,pilot_centroid,moderate,15.972,Jalan Gunung Sahari Raya,primary,1001371685,5671270622,7120411011,0,250,0.75,0.05,coarse-modis-250m,204069.084,0.962145,0.962145,0.0,0.0,0.0,negative,moderate,
osm-5671317482-5374290437-0,DFO_3251_From_20080102_to_20080106,2008-01-02,2008-01-06,pilot_centroid,moderate,15.379,Jalan Jatibaru,primary,343915036,5671317482,5374290437,0,250,0.75,0.05,coarse-modis-250m,203772.577,0.962167,0.962167,0.0,0.0,0.0,negative,moderate,
osm-5671317488-4546100816-0,DFO_3251_From_20080102_to_20080106,2008-01-02,2008-01-06,pilot_centroid,moderate,8.99,Jalan Kebon Sirih,primary,28216264,5671317488,4546100816,0,250,0.75,0.05,coarse-modis-250m,200575.389,0.961496,0.961496,0.0,0.0,0.0,negative,moderate,
osm-5671327267-11246996071-0,DFO_3251_From_20080102_to_20080106,2008-01-02,2008-01-06,pilot_centroid,moderate,47.117,Jalan Pasar Senen,primary,11671364,5671327267,11246996071,0,250,0.75,0.05,coarse-modis-250m,219651.466,0.964499,0.964499,0.0,0.0,0.0,negative,moderate,
osm-5671531324-5174097479-0,DFO_3251_From_20080102_to_20080106,2008-01-02,2008-01-06,pilot_centroid,moderate,47.081,Jalan Kramat Raya,primary,533303289,5671531324,5174097479,0,250,0.75,0.05,coarse-modis-250m,219632.213,0.964519,0.964519,0.0,0.0,0.0,negative,moderate,
osm-5671605046-191578995-0,DFO_3251_From_20080102_to_20080106,2008-01-02,2008-01-06,pilot_centroid,moderate,12.85,Jalan Kebon Sirih,primary,18056345,5671605046,191578995,0,250,0.75,0.05,coarse-modis-250m,202507.179,0.961963,0.961963,0.0,0.0,0.0,negative,moderate,
osm-5671605060-9031325937-0,DFO_3251_From_20080102_to_20080106,2008-01-02,2008-01-06,pilot_centroid,moderate,12.174,Jalan Kebon Sirih,primary,18056345,5671605060,9031325937,0,250,0.75,0.05,coarse-modis-250m,202169.06,0.961916,0.961916,0.0,0.0,0.0,negative,moderate,
osm-5671605063-13586870998-0,DFO_3251_From_20080102_to_20080106,2008-01-02,2008-01-06,pilot_centroid,moderate,2.625,Jalan Kebon Sirih,primary,719606918,5671605063,13586870998,0,250,0.75,0.05,coarse-modis-250m,197391.624,0.960985,0.960985,0.0,0.0,0.0,negative,moderate,
osm-5671605067-9031074981-0,DFO_3251_From_20080102_to_20080106,2008-01-02,2008-01-06,pilot_centroid,moderate,24.493,Jalan Kebon Sirih,primary,18056345,5671605067,9031074981,0,250,0.75,0.05,coarse-modis-250m,208332.438,0.962607,0.962607,0.0,0.0,0.0,negative,moderate,
osm-5673840820-13456652652-0,DFO_3251_From_20080102_to_20080106,2008-01-02,2008-01-06,pilot_centroid,moderate,39.649,Jalan Letnan Jenderal Siswondo Parman,trunk,688117571,5673840820,13456652652,0,250,0.75,0.05,coarse-modis-250m,215915.036,0.964082,0.964082,0.0,0.0,0.0,negative,moderate,
osm-5673841347-104356356-1,DFO_3251_From_20080102_to_20080106,2008-01-02,2008-01-06,pilot_centroid,moderate,28.583,Jalan Letnan Jenderal Siswondo Parman,trunk,1027699887,5673841347,104356356,1,250,0.75,0.05,coarse-modis-250m,210377.19,0.963091,0.963091,0.0,0.0,0.0,negative,moderate,
osm-5673841354-7284085578-0,DFO_3251_From_20080102_to_20080106,2008-01-02,2008-01-06,pilot_centroid,moderate,36.806,Jalan Brigadir Jenderal Katamso Darmokusumo,primary,28909838,5673841354,7284085578,0,250,0.75,0.05,coarse-modis-250m,214491.827,0.963378,0.963378,0.0,0.0,0.0,negative,moderate,
osm-5673841364-3869782797-0,DFO_3251_From_20080102_to_20080106,2008-01-02,2008-01-06,pilot_centroid,moderate,154.462,Jalan Brigadir Jenderal Katamso Darmokusumo,primary,745193778|746550692,5673841364,3869782797,0,250,0.75,0.05,coarse-modis-250m,273357.917,0.970538,0.970538,0.0,0.0,0.0,negative,moderate,
osm-5673864834-5555933057-0,DFO_3251_From_20080102_to_20080106,2008-01-02,2008-01-06,pilot_centroid,moderate,32.737,Jalan Jenderal Ahmad Yani,trunk,654892864,5673864834,5555933057,0,250,0.75,0.05,coarse-modis-250m,212456.882,0.963553,0.963553,0.0,0.0,0.0,negative,moderate,
osm-5674017477-29939142-0,DFO_3251_From_20080102_to_20080106,2008-01-02,2008-01-06,pilot_centroid,moderate,77.824,Jalan Garuda,secondary,37018609,5674017477,29939142,0,250,0.75,0.05,coarse-modis-250m,235014.803,0.966649,0.966649,0.0,0.0,0.0,negative,moderate,
osm-5680696059-11542695776-0,DFO_3251_From_20080102_to_20080106,2008-01-02,2008-01-06,pilot_centroid,moderate,67.376,Jalan Kramat Kwitang,primary,458897451|1493507334,5680696059,11542695776,0,250,0.75,0.05,coarse-modis-250m,229760.696,0.966236,0.966236,0.0,0.0,0.0,negative,moderate,
osm-5806359018-317156584-0,DFO_3251_From_20080102_to_20080106,2008-01-02,2008-01-06,pilot_centroid,moderate,428.977,Jalan Profesor Doktor Satrio,primary,495447745|613723907|685541756,5806359018,317156584,0,250,0.75,0.05,coarse-modis-250m,410523.413,0.711526,0.711526,0.0,0.0,0.0,unknown,excluded,insufficient_source_coverage
osm-5984694495-6330678685-0,DFO_3251_From_20080102_to_20080106,2008-01-02,2008-01-06,pilot_centroid,moderate,6.495,Jalan Gunung Sahari Raya,primary,1483900145,5984694495,6330678685,0,250,0.75,0.05,coarse-modis-250m,199327.627,0.961381,0.961381,0.0,0.0,0.0,negative,moderate,
osm-6004639297-9657468817-0,DFO_3251_From_20080102_to_20080106,2008-01-02,2008-01-06,pilot_centroid,moderate,10.458,Jalan Letnan Jenderal Siswondo Parman,trunk,1027699887,6004639297,9657468817,0,250,0.75,0.05,coarse-modis-250m,201310.238,0.961657,0.961657,0.0,0.0,0.0,negative,moderate,
osm-6118418342-309714207-0,DFO_3251_From_20080102_to_20080106,2008-01-02,2008-01-06,pilot_centroid,moderate,32.779,Jalan Jenderal Gatot Subroto,trunk,652204586,6118418342,309714207,0,250,0.75,0.05,coarse-modis-250m,212477.77,0.963486,0.963486,0.0,0.0,0.0,negative,moderate,
osm-6135130582-6493403591-0,DFO_3251_From_20080102_to_20080106,2008-01-02,2008-01-06,pilot_centroid,moderate,59.001,Jalan Jenderal Gatot Subroto,primary,28229340,6135130582,6493403591,0,250,0.75,0.05,coarse-modis-250m,225597.065,0.965315,0.965315,0.0,0.0,0.0,negative,moderate,
osm-6219014696-9696714817-0,DFO_3251_From_20080102_to_20080106,2008-01-02,2008-01-06,pilot_centroid,moderate,7.958,Jalan Salemba Raya,primary,815231911,6219014696,9696714817,0,250,0.75,0.05,coarse-modis-250m,200059.795,0.961526,0.961526,0.0,0.0,0.0,negative,moderate,
osm-6277705571-95022384-0,DFO_3251_From_20080102_to_20080106,2008-01-02,2008-01-06,pilot_centroid,moderate,26.565,Jalan D. I. Panjaitan,trunk,1134447887,6277705571,95022384,0,250,0.75,0.05,coarse-modis-250m,209369.112,0.963151,0.963151,0.0,0.0,0.0,negative,moderate,
osm-6315603275-104369586-0,DFO_3251_From_20080102_to_20080106,2008-01-02,2008-01-06,pilot_centroid,moderate,33.263,Jalan Kramat Kwitang,primary,28216524,6315603275,104369586,0,250,0.75,0.05,coarse-modis-250m,212715.561,0.963423,0.963423,0.0,0.0,0.0,negative,moderate,
osm-6315609707-7225096520-0,DFO_3251_From_20080102_to_20080106,2008-01-02,2008-01-06,pilot_centroid,moderate,19.514,Jalan Mohammad Ihwan Ridwan Rais,primary,1252750445,6315609707,7225096520,0,250,0.75,0.05,coarse-modis-250m,205840.4,0.962441,0.962441,0.0,0.0,0.0,negative,moderate,
osm-6315609708-6315609707-0,DFO_3251_From_20080102_to_20080106,2008-01-02,2008-01-06,pilot_centroid,moderate,17.784,Jalan Kebon Sirih,primary,718244637,6315609708,6315609707,0,250,0.75,0.05,coarse-modis-250m,204975.637,0.962335,0.962335,0.0,0.0,0.0,negative,moderate,
osm-6315609717-13695587270-0,DFO_3251_From_20080102_to_20080106,2008-01-02,2008-01-06,pilot_centroid,moderate,128.73,Jalan Kebon Sirih,primary,755769067|755769006,6315609717,13695587270,0,250,0.75,0.05,coarse-modis-250m,260424.742,0.970119,0.970119,0.0,0.0,0.0,negative,moderate,
osm-6315609717-7018595457-0,DFO_3251_From_20080102_to_20080106,2008-01-02,2008-01-06,pilot_centroid,moderate,154.243,Jalan Kebon Sirih,primary,674369904,6315609717,7018595457,0,250,0.75,0.05,coarse-modis-250m,273138.069,0.970553,0.970553,0.0,0.0,0.0,negative,moderate,
osm-6315615740-4548266767-0,DFO_3251_From_20080102_to_20080106,2008-01-02,2008-01-06,pilot_centroid,moderate,86.629,Jalan Arief Rachman Hakim,primary,688522170,6315615740,4548266767,0,250,0.75,0.05,coarse-modis-250m,239418.911,0.96725,0.96725,0.0,0.0,0.0,negative,moderate,
osm-6315624963-11395329908-0,DFO_3251_From_20080102_to_20080106,2008-01-02,2008-01-06,pilot_centroid,moderate,37.123,Jalan Kramat Kwitang,primary,458897450,6315624963,11395329908,0,250,0.75,0.05,coarse-modis-250m,214650.971,0.963736,0.963736,0.0,0.0,0.0,negative,moderate,
osm-6320275018-8503624788-0,DFO_3251_From_20080102_to_20080106,2008-01-02,2008-01-06,pilot_centroid,moderate,158.031,Jalan Penjernihan 1,primary,28779908,6320275018,8503624788,0,250,0.75,0.05,coarse-modis-250m,275072.281,0.970588,0.970588,0.0,0.0,0.0,negative,moderate,
osm-6322281575-13675743447-0,DFO_3251_From_20080102_to_20080106,2008-01-02,2008-01-06,pilot_centroid,moderate,69.556,Jalan Mangga Dua Dalam,tertiary,508913824,6322281575,13675743447,0,250,0.75,0.05,coarse-modis-250m,230878.138,0.965933,0.965933,0.0,0.0,0.0,negative,moderate,
osm-6322395865-393856974-0,DFO_3251_From_20080102_to_20080106,2008-01-02,2008-01-06,pilot_centroid,moderate,8.147,Jalan Pangeran Jayakarta,secondary,1294695407,6322395865,393856974,0,250,0.75,0.05,coarse-modis-250m,200154.111,0.961572,0.961572,0.0,0.0,0.0,negative,moderate,
osm-6322395881-351116570-0,DFO_3251_From_20080102_to_20080106,2008-01-02,2008-01-06,pilot_centroid,moderate,12.182,Jalan Pangeran Jayakarta,secondary,1281346440,6322395881,351116570,0,250,0.75,0.05,coarse-modis-250m,202173.185,0.961866,0.961866,0.0,0.0,0.0,negative,moderate,
osm-6322396585-11166256394-0,DFO_3251_From_20080102_to_20080106,2008-01-02,2008-01-06,pilot_centroid,moderate,78.958,Jalan Pangeran Jayakarta,secondary,1294695408,6322396585,11166256394,0,250,0.75,0.05,coarse-modis-250m,235582.063,0.966676,0.966676,0.0,0.0,0.0,negative,moderate,
osm-6322396593-12729353047-0,DFO_3251_From_20080102_to_20080106,2008-01-02,2008-01-06,pilot_centroid,moderate,6.375,Jalan Pangeran Jayakarta,secondary,1204814108,6322396593,12729353047,0,250,0.75,0.05,coarse-modis-250m,199267.544,0.961437,0.961437,0.0,0.0,0.0,negative,moderate,
osm-6330385236-6330385245-0,DFO_3251_From_20080102_to_20080106,2008-01-02,2008-01-06,pilot_centroid,moderate,21.782,Jalan Laksamana Malahayati,primary,491551134,6330385236,6330385245,0,250,0.75,0.05,coarse-modis-250m,206975.743,0.962888,0.962888,0.0,0.0,0.0,negative,moderate,
osm-6330385245-1134908642-0,DFO_3251_From_20080102_to_20080106,2008-01-02,2008-01-06,pilot_centroid,moderate,115.153,Jalan Laksamana Malahayati,primary,491551134,6330385245,1134908642,0,250,0.75,0.05,coarse-modis-250m,253690.186,0.968633,0.968633,0.0,0.0,0.0,negative,moderate,
osm-6330562646-310003828-0,DFO_3251_From_20080102_to_20080106,2008-01-02,2008-01-06,pilot_centroid,moderate,68.921,Jalan Denpasar Raya,tertiary,28194353,6330562646,310003828,0,250,0.75,0.05,coarse-modis-250m,230560.22,0.96588,0.96588,0.0,0.0,0.0,negative,moderate,
osm-6330678685-5354213698-0,DFO_3251_From_20080102_to_20080106,2008-01-02,2008-01-06,pilot_centroid,moderate,54.519,Jalan Gunung Sahari Raya,primary,1483900145,6330678685,5354213698,0,250,0.75,0.05,coarse-modis-250m,223354.807,0.965032,0.965032,0.0,0.0,0.0,negative,moderate,
osm-6331233983-5513076629-1,DFO_3251_From_20080102_to_20080106,2008-01-02,2008-01-06,pilot_centroid,moderate,75.794,Jalan D. I. Panjaitan,trunk,1288928358,6331233983,5513076629,1,250,0.75,0.05,coarse-modis-250m,233992.279,0.966403,0.966403,0.0,0.0,0.0,negative,moderate,
osm-6331405436-5492419247-0,DFO_3251_From_20080102_to_20080106,2008-01-02,2008-01-06,pilot_centroid,moderate,9.962,Jalan Letnan Jenderal MT Haryono,trunk,749966273,6331405436,5492419247,0,250,0.75,0.05,coarse-modis-250m,201062.338,0.961659,0.961659,0.0,0.0,0.0,negative,moderate,
osm-6332293300-6978444810-0,DFO_3251_From_20080102_to_20080106,2008-01-02,2008-01-06,pilot_centroid,moderate,72.13,Jalan Suryopranoto,primary,497546914,6332293300,6978444810,0,250,0.75,0.05,coarse-modis-250m,232055.065,0.96648,0.96648,0.0,0.0,0.0,negative,moderate,
osm-6332594575-6332293300-0,DFO_3251_From_20080102_to_20080106,2008-01-02,2008-01-06,pilot_centroid,moderate,13.762,Jalan Suryopranoto,primary,497546914,6332594575,6332293300,0,250,0.75,0.05,coarse-modis-250m,202963.329,0.961972,0.961972,0.0,0.0,0.0,negative,moderate,
osm-6332607740-9031970386-0,DFO_3251_From_20080102_to_20080106,2008-01-02,2008-01-06,pilot_centroid,moderate,29.389,Jalan Otto Iskandar Dinata,primary,791643153,6332607740,9031970386,0,250,0.75,0.05,coarse-modis-250m,210781.951,0.963274,0.963274,0.0,0.0,0.0,negative,moderate,
osm-6332686268-4260761277-0,DFO_3251_From_20080102_to_20080106,2008-01-02,2008-01-06,pilot_centroid,moderate,82.333,Jalan Jatinegara Timur,primary,765295723|11671655,6332686268,4260761277,0,250,0.75,0.05,coarse-modis-250m,237222.954,0.967635,0.967635,0.0,0.0,0.0,negative,moderate,
osm-6332686273-5652849431-0,DFO_3251_From_20080102_to_20080106,2008-01-02,2008-01-06,pilot_centroid,moderate,21.851,Jalan Jatinegara Timur,primary,691270311,6332686273,5652849431,0,250,0.75,0.05,coarse-modis-250m,207010.668,0.962644,0.962644,0.0,0.0,0.0,negative,moderate,
osm-6333006951-5391413717-0,DFO_3251_From_20080102_to_20080106,2008-01-02,2008-01-06,pilot_centroid,moderate,33.887,Jalan Matraman,primary,1458498251,6333006951,5391413717,0,250,0.75,0.05,coarse-modis-250m,213032.047,0.964051,0.964051,0.0,0.0,0.0,negative,moderate,
osm-6333252911-9019103699-0,DFO_3251_From_20080102_to_20080106,2008-01-02,2008-01-06,pilot_centroid,moderate,95.201,Jalan Insinyur Haji Juanda,secondary,11670123,6333252911,9019103699,0,250,0.75,0.05,coarse-modis-250m,243708.309,0.967516,0.967516,0.0,0.0,0.0,negative,moderate,
osm-6334537720-4566501805-0,DFO_3251_From_20080102_to_20080106,2008-01-02,2008-01-06,pilot_centroid,moderate,65.372,Jalan Benyamin Sueb,primary,461101935,6334537720,4566501805,0,250,0.75,0.05,coarse-modis-250m,228784.69,0.965803,0.965803,0.0,0.0,0.0,negative,moderate,
osm-6334537728-430546294-0,DFO_3251_From_20080102_to_20080106,2008-01-02,2008-01-06,pilot_centroid,moderate,103.268,Jalan Garuda,secondary,37018609,6334537728,430546294,0,250,0.75,0.05,coarse-modis-250m,247744.602,0.968031,0.968031,0.0,0.0,0.0,negative,moderate,
osm-6334659081-4566501806-0,DFO_3251_From_20080102_to_20080106,2008-01-02,2008-01-06,pilot_centroid,moderate,145.283,Jalan Kemayoran Gempol,secondary,736957432|461101934,6334659081,4566501806,0,250,0.75,0.05,coarse-modis-250m,258466.481,0.975173,0.975173,0.0,0.0,0.0,negative,moderate,
osm-6334849877-309950695-0,DFO_3251_From_20080102_to_20080106,2008-01-02,2008-01-06,pilot_centroid,moderate,121.426,Jalan Kyai Haji Mas Mansyur,primary,1491077186|1253507714|699354247,6334849877,309950695,0,250,0.75,0.05,coarse-modis-250m,256820.993,0.969015,0.969015,0.0,0.0,0.0,negative,moderate,
osm-6336788287-7117640144-0,DFO_3251_From_20080102_to_20080106,2008-01-02,2008-01-06,pilot_centroid,moderate,12.935,Jalan Penjernihan 1,primary,169300294,6336788287,7117640144,0,250,0.75,0.05,coarse-modis-250m,202549.736,0.961969,0.961969,0.0,0.0,0.0,negative,moderate,
osm-6336788292-309941624-0,DFO_3251_From_20080102_to_20080106,2008-01-02,2008-01-06,pilot_centroid,moderate,62.34,Jalan Kyai Haji Mas Mansyur,primary,28219234,6336788292,309941624,0,250,0.75,0.05,coarse-modis-250m,227255.837,0.965523,0.965523,0.0,0.0,0.0,negative,moderate,
osm-6347347053-504912724-0,DFO_3251_From_20080102_to_20080106,2008-01-02,2008-01-06,pilot_centroid,moderate,77.89,Jalan Boulevard Barat,secondary,39741723,6347347053,504912724,0,250,0.75,0.05,coarse-modis-250m,235047.409,0.966503,0.966503,0.0,0.0,0.0,negative,moderate,
osm-6359768001-186894208-0,DFO_3251_From_20080102_to_20080106,2008-01-02,2008-01-06,pilot_centroid,moderate,244.214,Jalan Kyai Caringin,primary,762308113|1502540540|761853685|762115406,6359768001,186894208,0,250,0.75,0.05,coarse-modis-250m,318248.362,0.974116,0.974116,0.0,0.0,0.0,negative,moderate,
osm-6359768003-318168808-0,DFO_3251_From_20080102_to_20080106,2008-01-02,2008-01-06,pilot_centroid,moderate,7.699,Jalan Biak,secondary,1053562876,6359768003,318168808,0,250,0.75,0.05,coarse-modis-250m,199930.053,0.961517,0.961517,0.0,0.0,0.0,negative,moderate,
osm-6366750161-332517701-0,DFO_3251_From_20080102_to_20080106,2008-01-02,2008-01-06,pilot_centroid,moderate,71.949,Jalan Letnan Jenderal Siswondo Parman,trunk,688087394,6366750161,332517701,0,250,0.75,0.05,coarse-modis-250m,232071.703,0.966188,0.966188,0.0,0.0,0.0,negative,moderate,
osm-6370527438-321722198-0,DFO_3251_From_20080102_to_20080106,2008-01-02,2008-01-06,pilot_centroid,moderate,125.495,Jalan K. Haji Abdul Syafi'ie,primary,28847149,6370527438,321722198,0,250,0.75,0.05,coarse-modis-250m,258860.619,0.968956,0.968956,0.0,0.0,0.0,negative,moderate,
osm-6370527439-6370527438-0,DFO_3251_From_20080102_to_20080106,2008-01-02,2008-01-06,pilot_centroid,moderate,27.327,Jalan K. Haji Abdul Syafi'ie,primary,752838490|28847149,6370527439,6370527438,0,250,0.75,0.05,coarse-modis-250m,209749.865,0.962558,0.962558,0.0,0.0,0.0,negative,moderate,
osm-6406796742-9013059183-0,DFO_3251_From_20080102_to_20080106,2008-01-02,2008-01-06,pilot_centroid,moderate,16.894,Jalan Pemuda,primary,28775346,6406796742,9013059183,0,250,0.75,0.05,coarse-modis-250m,204530.516,0.962364,0.962364,0.0,0.0,0.0,negative,moderate,
osm-6429880632-316486226-0,DFO_3251_From_20080102_to_20080106,2008-01-02,2008-01-06,pilot_centroid,moderate,699.086,Jalan Tol Cawang–Pluit,motorway,1220521803|1220521804|484865485|484865486,6429880632,316486226,0,250,0.75,0.05,coarse-modis-250m,545839.623,0.982842,0.982842,0.0,0.0,0.0,negative,moderate,
osm-6430186685-2836706756-0,DFO_3251_From_20080102_to_20080106,2008-01-02,2008-01-06,pilot_centroid,moderate,202.003,Jalan Boulevard Barat Raya,secondary,28257205,6430186685,2836706756,0,250,0.75,0.05,coarse-modis-250m,297142.603,0.972652,0.972652,0.0,0.0,0.0,negative,moderate,
osm-6430860592-9504400678-0,DFO_3251_From_20080102_to_20080106,2008-01-02,2008-01-06,pilot_centroid,moderate,144.74,Unnamed OSM road,trunk_link,28851150,6430860592,9504400678,0,250,0.75,0.05,coarse-modis-250m,268471.691,0.969909,0.969909,0.0,0.0,0.0,negative,moderate,
osm-6434923286-5112284316-0,DFO_3251_From_20080102_to_20080106,2008-01-02,2008-01-06,pilot_centroid,moderate,58.452,Jalan Bekasi Raya,trunk,119540281,6434923286,5112284316,0,250,0.75,0.05,coarse-modis-250m,225322.405,0.96529,0.96529,0.0,0.0,0.0,negative,moderate,
osm-6434930408-5112682630-0,DFO_3251_From_20080102_to_20080106,2008-01-02,2008-01-06,pilot_centroid,moderate,47.215,Jalan Bekasi Raya,trunk,836694112,6434930408,5112682630,0,250,0.75,0.05,coarse-modis-250m,219700.282,0.964446,0.964446,0.0,0.0,0.0,negative,moderate,
osm-6434945508-1342879000-0,DFO_3251_From_20080102_to_20080106,2008-01-02,2008-01-06,pilot_centroid,moderate,44.222,Jalan Bekasi Raya,trunk,764298932,6434945508,1342879000,0,250,0.75,0.05,coarse-modis-250m,218202.965,0.964259,0.964259,0.0,0.0,0.0,negative,moderate,
osm-6434967979-2836706754-0,DFO_3251_From_20080102_to_20080106,2008-01-02,2008-01-06,pilot_centroid,moderate,77.284,Jalan Pulau Putri,residential,279455518,6434967979,2836706754,0,250,0.75,0.05,coarse-modis-250m,234744.357,0.966614,0.966614,0.0,0.0,0.0,negative,moderate,
osm-6451021641-4914353827-0,DFO_3251_From_20080102_to_20080106,2008-01-02,2008-01-06,pilot_centroid,moderate,9.362,Jalan D. I. Panjaitan,trunk,1254545532,6451021641,4914353827,0,250,0.75,0.05,coarse-modis-250m,200762.177,0.961623,0.961623,0.0,0.0,0.0,negative,moderate,
osm-6451233564-1757800736-0,DFO_3251_From_20080102_to_20080106,2008-01-02,2008-01-06,pilot_centroid,moderate,53.936,Jalan Letnan Jenderal Siswondo Parman,trunk,688087386,6451233564,1757800736,0,250,0.75,0.05,coarse-modis-250m,223008.601,0.964931,0.964931,0.0,0.0,0.0,negative,moderate,
osm-6451233564-6776829930-0,DFO_3251_From_20080102_to_20080106,2008-01-02,2008-01-06,pilot_centroid,moderate,54.41,Unnamed OSM road,trunk_link,808539792|755067954,6451233564,6776829930,0,250,0.75,0.05,coarse-modis-250m,223273.133,0.965474,0.965474,0.0,0.0,0.0,negative,moderate,
osm-6451233565-6451233564-0,DFO_3251_From_20080102_to_20080106,2008-01-02,2008-01-06,pilot_centroid,moderate,4.916,Jalan Letnan Jenderal Siswondo Parman,trunk,688087386,6451233565,6451233564,0,250,0.75,0.05,coarse-modis-250m,198537.937,0.961184,0.961184,0.0,0.0,0.0,negative,moderate,
osm-6451233570-10098494032-0,DFO_3251_From_20080102_to_20080106,2008-01-02,2008-01-06,pilot_centroid,moderate,6.35,Jalan Letnan Jenderal Siswondo Parman,trunk,688087394,6451233570,10098494032,0,250,0.75,0.05,coarse-modis-250m,199255.003,0.961299,0.961299,0.0,0.0,0.0,negative,moderate,
osm-6451500598-3266396608-0,DFO_3251_From_20080102_to_20080106,2008-01-02,2008-01-06,pilot_centroid,moderate,23.491,Jalan Tomang Raya,primary,1239767488,6451500598,3266396608,0,250,0.75,0.05,coarse-modis-250m,207831.091,0.962906,0.962906,0.0,0.0,0.0,negative,moderate,
osm-6456763921-7070822596-0,DFO_3251_From_20080102_to_20080106,2008-01-02,2008-01-06,pilot_centroid,moderate,25.188,Jalan Jenderal Basuki Rahmat,primary,28851026|1527672252|764002470,6456763921,7070822596,0,250,0.75,0.05,coarse-modis-250m,208680.265,0.962632,0.962632,0.0,0.0,0.0,negative,moderate,
osm-6459026538-1135179421-0,DFO_3251_From_20080102_to_20080106,2008-01-02,2008-01-06,pilot_centroid,moderate,36.093,Jalan Cipinang Cempedak I,tertiary,98090600,6459026538,1135179421,0,250,0.75,0.05,coarse-modis-250m,214135.79,0.963674,0.963674,0.0,0.0,0.0,negative,moderate,
osm-6459032697-12738838445-0,DFO_3251_From_20080102_to_20080106,2008-01-02,2008-01-06,pilot_centroid,moderate,86.479,Jalan Dokter Suratmo,secondary,508913838|761320319,6459032697,12738838445,0,250,0.75,0.05,coarse-modis-250m,239251.348,0.967614,0.967614,0.0,0.0,0.0,negative,moderate,
osm-6459323552-4990059014-0,DFO_3251_From_20080102_to_20080106,2008-01-02,2008-01-06,pilot_centroid,moderate,255.219,Jalan Letnan Jenderal Suprapto,primary,488110562,6459323552,4990059014,0,250,0.75,0.05,coarse-modis-250m,323753.309,0.974335,0.974335,0.0,0.0,0.0,negative,moderate,
osm-6459341771-5201675288-0,DFO_3251_From_20080102_to_20080106,2008-01-02,2008-01-06,pilot_centroid,moderate,343.628,Jalan Letnan Jenderal Suprapto,primary,755342160|1527654401|1527654400,6459341771,5201675288,0,250,0.75,0.05,coarse-modis-250m,368000.051,0.976432,0.976432,0.0,0.0,0.0,negative,moderate,
osm-6471562381-4798985491-0,DFO_3251_From_20080102_to_20080106,2008-01-02,2008-01-06,pilot_centroid,moderate,51.527,Jalan Letnan Jenderal Suprapto,primary,492988946,6471562381,4798985491,0,250,0.75,0.05,coarse-modis-250m,221854.976,0.965688,0.965688,0.0,0.0,0.0,negative,moderate,
osm-6471563890-5373977777-0,DFO_3251_From_20080102_to_20080106,2008-01-02,2008-01-06,pilot_centroid,moderate,19.428,Jalan Letnan Jenderal Suprapto,primary,492988946,6471563890,5373977777,0,250,0.75,0.05,coarse-modis-250m,205798.194,0.962759,0.962759,0.0,0.0,0.0,negative,moderate,
osm-6477409182-4815227758-0,DFO_3251_From_20080102_to_20080106,2008-01-02,2008-01-06,pilot_centroid,moderate,43.973,Jalan Pulolio,tertiary,489260903,6477409182,4815227758,0,250,0.75,0.05,coarse-modis-250m,218078.633,0.964564,0.964564,0.0,0.0,0.0,negative,moderate,
osm-6486347952-9491290599-0,DFO_3251_From_20080102_to_20080106,2008-01-02,2008-01-06,pilot_centroid,moderate,70.429,Jalan Letnan Jenderal Siswondo Parman,trunk,560008548,6486347952,9491290599,0,250,0.75,0.05,coarse-modis-250m,231313.364,0.966064,0.966064,0.0,0.0,0.0,negative,moderate,
osm-6490074722-330177825-0,DFO_3251_From_20080102_to_20080106,2008-01-02,2008-01-06,pilot_centroid,moderate,9.178,Jalan Pemuda,primary,722419938,6490074722,330177825,0,250,0.75,0.05,coarse-modis-250m,200669.789,0.961476,0.961476,0.0,0.0,0.0,negative,moderate,
osm-6493403591-3266332372-0,DFO_3251_From_20080102_to_20080106,2008-01-02,2008-01-06,pilot_centroid,moderate,39.086,Jalan Jenderal Gatot Subroto,primary,691851120,6493403591,3266332372,0,250,0.75,0.05,coarse-modis-250m,215633.252,0.963879,0.963879,0.0,0.0,0.0,negative,moderate,
osm-6531806778-7082730280-0,DFO_3251_From_20080102_to_20080106,2008-01-02,2008-01-06,pilot_centroid,moderate,8.68,Jalan Pemuda,primary,975979297,6531806778,7082730280,0,250,0.75,0.05,coarse-modis-250m,200420.966,0.961556,0.961556,0.0,0.0,0.0,negative,moderate,
osm-6546950357-309712345-0,DFO_3251_From_20080102_to_20080106,2008-01-02,2008-01-06,pilot_centroid,moderate,171.284,Jalan Jenderal Gatot Subroto,trunk,751715004|758677238|758677239,6546950357,309712345,0,250,0.75,0.05,coarse-modis-250m,281772.082,0.971353,0.971353,0.0,0.0,0.0,negative,moderate,
osm-6547719124-1675488274-0,DFO_3251_From_20080102_to_20080106,2008-01-02,2008-01-06,pilot_centroid,moderate,9.47,Jalan Letnan Jenderal Suprapto,primary,763262315,6547719124,1675488274,0,250,0.75,0.05,coarse-modis-250m,200816.299,0.962145,0.962145,0.0,0.0,0.0,negative,moderate,
osm-6552109327-5671605046-0,DFO_3251_From_20080102_to_20080106,2008-01-02,2008-01-06,pilot_centroid,moderate,36.763,Jalan Kebon Sirih,primary,18056345,6552109327,5671605046,0,250,0.75,0.05,coarse-modis-250m,214471.265,0.963661,0.963661,0.0,0.0,0.0,negative,moderate,
osm-6604587143-7059651780-0,DFO_3251_From_20080102_to_20080106,2008-01-02,2008-01-06,pilot_centroid,moderate,99.035,Jalan Pemuda,primary,1458445576,6604587143,7059651780,0,250,0.75,0.05,coarse-modis-250m,245626.467,0.967791,0.967791,0.0,0.0,0.0,negative,moderate,
osm-6776762980-310048835-0,DFO_3251_From_20080102_to_20080106,2008-01-02,2008-01-06,pilot_centroid,moderate,43.994,Jalan Tomang Raya,primary,1220487712|1249941595|560008532,6776762980,310048835,0,250,0.75,0.05,coarse-modis-250m,218087.11,0.96532,0.96532,0.0,0.0,0.0,negative,moderate,
osm-6776762981-6776762980-0,DFO_3251_From_20080102_to_20080106,2008-01-02,2008-01-06,pilot_centroid,moderate,11.276,Jalan Tomang Raya,primary,320147637,6776762981,6776762980,0,250,0.75,0.05,coarse-modis-250m,201719.77,0.961749,0.961749,0.0,0.0,0.0,negative,moderate,
osm-6776829930-6776762981-0,DFO_3251_From_20080102_to_20080106,2008-01-02,2008-01-06,pilot_centroid,moderate,26.482,Unnamed OSM road,trunk_link,755067954,6776829930,6776762981,0,250,0.75,0.05,coarse-modis-250m,209327.464,0.962966,0.962966,0.0,0.0,0.0,negative,moderate,
osm-6797982811-6118418342-0,DFO_3251_From_20080102_to_20080106,2008-01-02,2008-01-06,pilot_centroid,moderate,64.208,Jalan Jenderal Gatot Subroto,trunk,1249938307|653349526,6797982811,6118418342,0,250,0.75,0.05,coarse-modis-250m,228200.812,0.965686,0.965686,0.0,0.0,0.0,negative,moderate,
osm-6801763173-8811850651-0,DFO_3251_From_20080102_to_20080106,2008-01-02,2008-01-06,pilot_centroid,moderate,3.643,Jalan Pulokambing II,residential,686924182,6801763173,8811850651,0,250,0.75,0.05,coarse-modis-250m,197900.693,0.961064,0.961064,0.0,0.0,0.0,negative,moderate,
osm-6806925400-317193936-0,DFO_3251_From_20080102_to_20080106,2008-01-02,2008-01-06,pilot_centroid,moderate,36.732,Jalan Jenderal Basuki Rahmat,primary,28847119,6806925400,317193936,0,250,0.75,0.05,coarse-modis-250m,214455.772,0.963767,0.963767,0.0,0.0,0.0,negative,moderate,
osm-6831185205-9486285513-0,DFO_3251_From_20080102_to_20080106,2008-01-02,2008-01-06,pilot_centroid,moderate,26.117,Jalan Letnan Jenderal Siswondo Parman,trunk,1027699887,6831185205,9486285513,0,250,0.75,0.05,coarse-modis-250m,209144.799,0.963036,0.963036,0.0,0.0,0.0,negative,moderate,
osm-6862048641-5655125045-0,DFO_3251_From_20080102_to_20080106,2008-01-02,2008-01-06,pilot_centroid,moderate,44.676,Jalan Boulevard Barat,secondary,759677175,6862048641,5655125045,0,250,0.75,0.05,coarse-modis-250m,218173.353,0.965863,0.965863,0.0,0.0,0.0,negative,moderate,
osm-6878897947-1139139728-0,DFO_3251_From_20080102_to_20080106,2008-01-02,2008-01-06,pilot_centroid,moderate,35.183,Jalan Letnan Jenderal MT Haryono,trunk,1186134489,6878897947,1139139728,0,250,0.75,0.05,coarse-modis-250m,213680.579,0.96364,0.96364,0.0,0.0,0.0,negative,moderate,
osm-6884974160-11899737707-0,DFO_3251_From_20080102_to_20080106,2008-01-02,2008-01-06,pilot_centroid,moderate,21.993,Jalan Jatinegara Timur,primary,1282308967,6884974160,11899737707,0,250,0.75,0.05,coarse-modis-250m,207081.602,0.962607,0.962607,0.0,0.0,0.0,negative,moderate,
osm-6907592439-315710860-0,DFO_3251_From_20080102_to_20080106,2008-01-02,2008-01-06,pilot_centroid,moderate,42.956,Jalan Dokter Sutomo,secondary,1498249121|762052107|508138517|761818586|1103018842,6907592439,315710860,0,250,0.75,0.05,coarse-modis-250m,217569.255,0.964393,0.964393,0.0,0.0,0.0,negative,moderate,
osm-6907714745-5380146210-0,DFO_3251_From_20080102_to_20080106,2008-01-02,2008-01-06,pilot_centroid,moderate,142.335,Jalan Pulau Dana,residential,557920798,6907714745,5380146210,0,250,0.75,0.05,coarse-modis-250m,267072.094,0.969775,0.969775,0.0,0.0,0.0,negative,moderate,
osm-6910883258-4849427384-0,DFO_3251_From_20080102_to_20080106,2008-01-02,2008-01-06,pilot_centroid,moderate,44.406,Jalan Letnan Jenderal Suprapto,primary,492988946,6910883258,4849427384,0,250,0.75,0.05,coarse-modis-250m,218295.064,0.964363,0.964363,0.0,0.0,0.0,negative,moderate,
osm-6978444809-9002723306-0,DFO_3251_From_20080102_to_20080106,2008-01-02,2008-01-06,pilot_centroid,moderate,185.104,Jalan Suryopranoto,primary,497546913|1369734219,6978444809,9002723306,0,250,0.75,0.05,coarse-modis-250m,288670.39,0.97248,0.97248,0.0,0.0,0.0,negative,moderate,
osm-6978444810-6978444809-0,DFO_3251_From_20080102_to_20080106,2008-01-02,2008-01-06,pilot_centroid,moderate,30.621,Jalan Suryopranoto,primary,497546914|28706691|1509531423,6978444810,6978444809,0,250,0.75,0.05,coarse-modis-250m,211397.299,0.962775,0.962775,0.0,0.0,0.0,negative,moderate,
osm-6978547983-3723635038-0,DFO_3251_From_20080102_to_20080106,2008-01-02,2008-01-06,pilot_centroid,moderate,228.128,Jalan Jenderal Ahmad Yani,trunk,764286705|759490081,6978547983,3723635038,0,250,0.75,0.05,coarse-modis-250m,310213.884,0.973662,0.973662,0.0,0.0,0.0,negative,moderate,
osm-7003228710-1321537155-0,DFO_3251_From_20080102_to_20080106,2008-01-02,2008-01-06,pilot_centroid,moderate,11.784,Jalan Kolonel Soegiono,primary,744559390,7003228710,1321537155,0,250,0.75,0.05,coarse-modis-250m,201971.832,0.962496,0.962496,0.0,0.0,0.0,negative,moderate,
osm-7003228710-7003248324-0,DFO_3251_From_20080102_to_20080106,2008-01-02,2008-01-06,pilot_centroid,moderate,14.05,Unnamed OSM road,primary_link,748865229,7003228710,7003248324,0,250,0.75,0.05,coarse-modis-250m,203096.969,0.964922,0.964922,0.0,0.0,0.0,negative,moderate,
osm-7003248324-1321537155-0,DFO_3251_From_20080102_to_20080106,2008-01-02,2008-01-06,pilot_centroid,moderate,12.074,Jalan Pahlawan Revolusi,primary,748868103,7003248324,1321537155,0,250,0.75,0.05,coarse-modis-250m,202118.934,0.961848,0.961848,0.0,0.0,0.0,negative,moderate,
osm-7015230195-4849427387-0,DFO_3251_From_20080102_to_20080106,2008-01-02,2008-01-06,pilot_centroid,moderate,64.876,Jalan Letnan Jenderal Suprapto,primary,492988946,7015230195,4849427387,0,250,0.75,0.05,coarse-modis-250m,228527.221,0.965697,0.965697,0.0,0.0,0.0,negative,moderate,
osm-7015230199-7015230195-0,DFO_3251_From_20080102_to_20080106,2008-01-02,2008-01-06,pilot_centroid,moderate,44.623,Jalan Letnan Jenderal Suprapto,primary,492988946,7015230199,7015230195,0,250,0.75,0.05,coarse-modis-250m,218403.869,0.964825,0.964825,0.0,0.0,0.0,negative,moderate,
osm-7018595457-6315609708-0,DFO_3251_From_20080102_to_20080106,2008-01-02,2008-01-06,pilot_centroid,moderate,34.224,Jalan Kebon Sirih,primary,674369904|761122077,7018595457,6315609708,0,250,0.75,0.05,coarse-modis-250m,213164.141,0.96522,0.96522,0.0,0.0,0.0,negative,moderate,
osm-7026798812-5498027297-0,DFO_3251_From_20080102_to_20080106,2008-01-02,2008-01-06,pilot_centroid,moderate,424.098,Jalan Inspeksi Tarum Barat,primary,1085472813|572251878,7026798812,5498027297,0,250,0.75,0.05,coarse-modis-250m,408145.759,0.979444,0.979444,0.0,0.0,0.0,negative,moderate,
osm-7027128992-4658384434-0,DFO_3251_From_20080102_to_20080106,2008-01-02,2008-01-06,pilot_centroid,moderate,91.163,Jalan Jenderal Basuki Rahmat,primary,28847119,7027128992,4658384434,0,250,0.75,0.05,coarse-modis-250m,241681.397,0.967491,0.967491,0.0,0.0,0.0,negative,moderate,
osm-7027231693-4152867163-0,DFO_3251_From_20080102_to_20080106,2008-01-02,2008-01-06,pilot_centroid,moderate,112.816,Jalan Jenderal Basuki Rahmat,primary,767532261,7027231693,4152867163,0,250,0.75,0.05,coarse-modis-250m,252504.527,0.969053,0.969053,0.0,0.0,0.0,negative,moderate,
osm-7029385572-316486305-0,DFO_3251_From_20080102_to_20080106,2008-01-02,2008-01-06,pilot_centroid,moderate,43.932,Unnamed OSM road,trunk_link,805801284,7029385572,316486305,0,250,0.75,0.05,coarse-modis-250m,217872.596,0.969333,0.969333,0.0,0.0,0.0,negative,moderate,
osm-7029563618-4993841487-0,DFO_3251_From_20080102_to_20080106,2008-01-02,2008-01-06,pilot_centroid,moderate,28.299,Unnamed OSM road,primary_link,521164040,7029563618,4993841487,0,250,0.75,0.05,coarse-modis-250m,210236.114,0.963076,0.963076,0.0,0.0,0.0,negative,moderate,
osm-7029563618-7029563620-0,DFO_3251_From_20080102_to_20080106,2008-01-02,2008-01-06,pilot_centroid,moderate,12.404,Jalan Kolonel Soegiono,primary,751996164,7029563618,7029563620,0,250,0.75,0.05,coarse-modis-250m,202284.286,0.962147,0.962147,0.0,0.0,0.0,negative,moderate,
osm-7029563620-7029563621-0,DFO_3251_From_20080102_to_20080106,2008-01-02,2008-01-06,pilot_centroid,moderate,10.441,Jalan Kolonel Soegiono,primary,751996164,7029563620,7029563621,0,250,0.75,0.05,coarse-modis-250m,201302.074,0.961734,0.961734,0.0,0.0,0.0,negative,moderate,
osm-7029563621-12530400916-0,DFO_3251_From_20080102_to_20080106,2008-01-02,2008-01-06,pilot_centroid,moderate,28.354,Jalan Kolonel Soegiono,primary,751996163,7029563621,12530400916,0,250,0.75,0.05,coarse-modis-250m,210263.697,0.963165,0.963165,0.0,0.0,0.0,negative,moderate,
osm-7038299405-388023277-0,DFO_3251_From_20080102_to_20080106,2008-01-02,2008-01-06,pilot_centroid,moderate,43.755,Jalan Letnan Jenderal Siswondo Parman,trunk,688117573,7038299405,388023277,0,250,0.75,0.05,coarse-modis-250m,217969.515,0.964266,0.964266,0.0,0.0,0.0,negative,moderate,
osm-7039275702-1359134222-0,DFO_3251_From_20080102_to_20080106,2008-01-02,2008-01-06,pilot_centroid,moderate,36.048,Jalan Radin Inten,primary,1074066710,7039275702,1359134222,0,250,0.75,0.05,coarse-modis-250m,214113.68,0.96369,0.96369,0.0,0.0,0.0,negative,moderate,
osm-7044795931-7509918742-0,DFO_3251_From_20080102_to_20080106,2008-01-02,2008-01-06,pilot_centroid,moderate,11.4,Jalan Kolonel Soegiono,primary,754062956,7044795931,7509918742,0,250,0.75,0.05,coarse-modis-250m,201781.849,0.961921,0.961921,0.0,0.0,0.0,negative,moderate,
osm-7044795934-7044795931-0,DFO_3251_From_20080102_to_20080106,2008-01-02,2008-01-06,pilot_centroid,moderate,24.82,Jalan Kolonel Soegiono,primary,754062956,7044795934,7044795931,0,250,0.75,0.05,coarse-modis-250m,208495.842,0.963127,0.963127,0.0,0.0,0.0,negative,moderate,
osm-7045010187-5487633251-0,DFO_3251_From_20080102_to_20080106,2008-01-02,2008-01-06,pilot_centroid,moderate,205.057,Jalan Dokter KRT Radjiman Widyodiningrat,primary,489977117,7045010187,5487633251,0,250,0.75,0.05,coarse-modis-250m,298661.497,0.972693,0.972693,0.0,0.0,0.0,negative,moderate,
osm-7045010651-4502213977-0,DFO_3251_From_20080102_to_20080106,2008-01-02,2008-01-06,pilot_centroid,moderate,32.545,Jalan Boulevard Barat,secondary,39741723,7045010651,4502213977,0,250,0.75,0.05,coarse-modis-250m,212361.025,0.963475,0.963475,0.0,0.0,0.0,negative,moderate,
osm-7045231385-11501464552-0,DFO_3251_From_20080102_to_20080106,2008-01-02,2008-01-06,pilot_centroid,moderate,22.119,Jalan Dokter KRT Radjiman Widyodiningrat,primary,1238183825,7045231385,11501464552,0,250,0.75,0.05,coarse-modis-250m,207144.458,0.962809,0.962809,0.0,0.0,0.0,negative,moderate,
osm-7046982976-1682844563-0,DFO_3251_From_20080102_to_20080106,2008-01-02,2008-01-06,pilot_centroid,moderate,396.732,Jalan Dokter KRT Radjiman Widyodiningrat,primary,489977114|754381189,7046982976,1682844563,0,250,0.75,0.05,coarse-modis-250m,394532.16,0.978095,0.978095,0.0,0.0,0.0,negative,moderate,
osm-7050035434-7050035438-0,DFO_3251_From_20080102_to_20080106,2008-01-02,2008-01-06,pilot_centroid,moderate,35.11,Jalan Brigadir Jenderal Katamso Darmokusumo,primary,754655054,7050035434,7050035438,0,250,0.75,0.05,coarse-modis-250m,212886.14,0.96714,0.96714,0.0,0.0,0.0,negative,moderate,
osm-7050035434-7050035440-0,DFO_3251_From_20080102_to_20080106,2008-01-02,2008-01-06,pilot_centroid,moderate,73.184,Jalan Letnan Jenderal Siswondo Parman,trunk,1027699888|1050942453,7050035434,7050035440,0,250,0.75,0.05,coarse-modis-250m,232692.774,0.966327,0.966327,0.0,0.0,0.0,negative,moderate,
osm-7050035438-7122914747-0,DFO_3251_From_20080102_to_20080106,2008-01-02,2008-01-06,pilot_centroid,moderate,88.409,Jalan Brigadir Jenderal Katamso Darmokusumo,primary,757042417,7050035438,7122914747,0,250,0.75,0.05,coarse-modis-250m,240295.867,0.967319,0.967319,0.0,0.0,0.0,negative,moderate,
osm-7050035440-7246575157-0,DFO_3251_From_20080102_to_20080106,2008-01-02,2008-01-06,pilot_centroid,moderate,9.626,Jalan Letnan Jenderal Siswondo Parman,trunk,688117571,7050035440,7246575157,0,250,0.75,0.05,coarse-modis-250m,200894.255,0.961657,0.961657,0.0,0.0,0.0,negative,moderate,
osm-7052519688-7070168306-0,DFO_3251_From_20080102_to_20080106,2008-01-02,2008-01-06,pilot_centroid,moderate,87.927,Jalan Letnan Jenderal Siswondo Parman,trunk,688087393|1288609434,7052519688,7070168306,0,250,0.75,0.05,coarse-modis-250m,239991.662,0.970883,0.970883,0.0,0.0,0.0,negative,moderate,
osm-7055752942-5006633608-0,DFO_3251_From_20080102_to_20080106,2008-01-02,2008-01-06,pilot_centroid,moderate,119.355,Jalan Letnan Jenderal Suprapto,primary,754098162,7055752942,5006633608,0,250,0.75,0.05,coarse-modis-250m,255792.942,0.969324,0.969324,0.0,0.0,0.0,negative,moderate,
osm-7055776846-4990059515-0,DFO_3251_From_20080102_to_20080106,2008-01-02,2008-01-06,pilot_centroid,moderate,193.239,Jalan Letnan Jenderal Suprapto,primary,754106906,7055776846,4990059515,0,250,0.75,0.05,coarse-modis-250m,292757.375,0.9723,0.9723,0.0,0.0,0.0,negative,moderate,
osm-7059042271-6315609717-0,DFO_3251_From_20080102_to_20080106,2008-01-02,2008-01-06,pilot_centroid,moderate,5.34,Jalan Kebon Sirih,primary,18056345,7059042271,6315609717,0,250,0.75,0.05,coarse-modis-250m,198749.613,0.961278,0.961278,0.0,0.0,0.0,negative,moderate,
osm-7059651780-316412093-0,DFO_3251_From_20080102_to_20080106,2008-01-02,2008-01-06,pilot_centroid,moderate,12.186,Jalan Pemuda,primary,763467199,7059651780,316412093,0,250,0.75,0.05,coarse-modis-250m,202175.181,0.961852,0.961852,0.0,0.0,0.0,negative,moderate,
osm-7062375566-7513762422-0,DFO_3251_From_20080102_to_20080106,2008-01-02,2008-01-06,pilot_centroid,moderate,5.34,Jalan Kebon Sirih,primary,248618360,7062375566,7513762422,0,250,0.75,0.05,coarse-modis-250m,198749.61,0.961224,0.961224,0.0,0.0,0.0,negative,moderate,
osm-7070168306-7483895436-0,DFO_3251_From_20080102_to_20080106,2008-01-02,2008-01-06,pilot_centroid,moderate,11.254,Jalan Letnan Jenderal Siswondo Parman,trunk,1288609434,7070168306,7483895436,0,250,0.75,0.05,coarse-modis-250m,201708.602,0.961786,0.961786,0.0,0.0,0.0,negative,moderate,
osm-7070168315-310048098-0,DFO_3251_From_20080102_to_20080106,2008-01-02,2008-01-06,pilot_centroid,moderate,999.957,Tol Dalam Kota Jakarta,motorway,514485760,7070168315,310048098,0,250,0.75,0.05,coarse-modis-250m,696358.05,0.98578,0.98578,0.0,0.0,0.0,negative,moderate,
osm-7070822596-7027231693-0,DFO_3251_From_20080102_to_20080106,2008-01-02,2008-01-06,pilot_centroid,moderate,71.423,Jalan Jenderal Basuki Rahmat,primary,764002471,7070822596,7027231693,0,250,0.75,0.05,coarse-modis-250m,231796.471,0.968392,0.968392,0.0,0.0,0.0,negative,moderate,
osm-7082730280-5655139014-0,DFO_3251_From_20080102_to_20080106,2008-01-02,2008-01-06,pilot_centroid,moderate,38.36,Jalan Pemuda,primary,975979297,7082730280,5655139014,0,250,0.75,0.05,coarse-modis-250m,215270.069,0.964211,0.964211,0.0,0.0,0.0,negative,moderate,
osm-7082864214-310048835-0,DFO_3251_From_20080102_to_20080106,2008-01-02,2008-01-06,pilot_centroid,moderate,73.245,Unnamed OSM road,motorway_link,722466414,7082864214,310048835,0,250,0.75,0.05,coarse-modis-250m,232689.12,0.965746,0.965746,0.0,0.0,0.0,negative,moderate,
osm-7096117327-6862048641-0,DFO_3251_From_20080102_to_20080106,2008-01-02,2008-01-06,pilot_centroid,moderate,43.381,Jalan Boulevard Barat,secondary,759677172,7096117327,6862048641,0,250,0.75,0.05,coarse-modis-250m,217782.303,0.964252,0.964252,0.0,0.0,0.0,negative,moderate,
osm-7098183581-9695103618-0,DFO_3251_From_20080102_to_20080106,2008-01-02,2008-01-06,pilot_centroid,moderate,26.537,Jalan Pos,secondary,28706110,7098183581,9695103618,0,250,0.75,0.05,coarse-modis-250m,209354.853,0.962979,0.962979,0.0,0.0,0.0,negative,moderate,
osm-7103369194-317156628-0,DFO_3251_From_20080102_to_20080106,2008-01-02,2008-01-06,pilot_centroid,moderate,20.31,Jalan Raya Casablanca,primary,28847137,7103369194,317156628,0,250,0.75,0.05,coarse-modis-250m,206239.439,0.528749,0.528749,0.0,0.0,0.0,unknown,excluded,insufficient_source_coverage
osm-7103369200-7103369194-0,DFO_3251_From_20080102_to_20080106,2008-01-02,2008-01-06,pilot_centroid,moderate,17.552,Jalan Raya Casablanca,primary,28847137,7103369200,7103369194,0,250,0.75,0.05,coarse-modis-250m,204859.426,0.551027,0.551027,0.0,0.0,0.0,unknown,excluded,insufficient_source_coverage
osm-7103903985-1351484887-0,DFO_3251_From_20080102_to_20080106,2008-01-02,2008-01-06,pilot_centroid,moderate,5.251,Jalan Kramat Raya,primary,1295786981,7103903985,1351484887,0,250,0.75,0.05,coarse-modis-250m,198705.083,0.961072,0.961072,0.0,0.0,0.0,negative,moderate,
osm-7104997606-5172730315-0,DFO_3251_From_20080102_to_20080106,2008-01-02,2008-01-06,pilot_centroid,moderate,64.294,Jalan Mitra Sunter Boulevard,secondary,688068325|760228734,7104997606,5172730315,0,250,0.75,0.05,coarse-modis-250m,228231.974,0.965626,0.965626,0.0,0.0,0.0,negative,moderate,
osm-7105384963-1342878909-0,DFO_3251_From_20080102_to_20080106,2008-01-02,2008-01-06,pilot_centroid,moderate,100.619,Jalan Bekasi Raya,trunk,119540281,7105384963,1342878909,0,250,0.75,0.05,coarse-modis-250m,246305.007,0.967664,0.967664,0.0,0.0,0.0,negative,moderate,
osm-7112944949-393861915-0,DFO_3251_From_20080102_to_20080106,2008-01-02,2008-01-06,pilot_centroid,moderate,25.867,Jalan Pangeran Jayakarta,secondary,1294695408,7112944949,393861915,0,250,0.75,0.05,coarse-modis-250m,209019.702,0.962981,0.962981,0.0,0.0,0.0,negative,moderate,
osm-7117458776-5380055271-0,DFO_3251_From_20080102_to_20080106,2008-01-02,2008-01-06,pilot_centroid,moderate,186.493,Jalan Perintis Kemerdekaan,trunk,427815402,7117458776,5380055271,0,250,0.75,0.05,coarse-modis-250m,289383.124,0.971982,0.971982,0.0,0.0,0.0,negative,moderate,
osm-7117640144-5189820259-0,DFO_3251_From_20080102_to_20080106,2008-01-02,2008-01-06,pilot_centroid,moderate,189.56,Jalan Penjernihan 1,primary,1282090555|758308923|169300294,7117640144,5189820259,0,250,0.75,0.05,coarse-modis-250m,290904.538,0.971963,0.971963,0.0,0.0,0.0,negative,moderate,
osm-7118113165-104356359-0,DFO_3251_From_20080102_to_20080106,2008-01-02,2008-01-06,pilot_centroid,moderate,75.152,Jalan Letnan Jenderal Siswondo Parman,trunk,560008548,7118113165,104356359,0,250,0.75,0.05,coarse-modis-250m,233677.649,0.966207,0.966207,0.0,0.0,0.0,negative,moderate,
osm-7120306569-5371596275-0,DFO_3251_From_20080102_to_20080106,2008-01-02,2008-01-06,pilot_centroid,moderate,63.385,Jalan Gunung Sahari Raya,primary,654692998,7120306569,5371596275,0,250,0.75,0.05,coarse-modis-250m,227790.742,0.965642,0.965642,0.0,0.0,0.0,negative,moderate,
osm-7120306577-7120306569-0,DFO_3251_From_20080102_to_20080106,2008-01-02,2008-01-06,pilot_centroid,moderate,25.987,Jalan Gunung Sahari Raya,primary,654692998,7120306577,7120306569,0,250,0.75,0.05,coarse-modis-250m,209079.601,0.962874,0.962874,0.0,0.0,0.0,negative,moderate,
osm-7120310389-9665578858-0,DFO_3251_From_20080102_to_20080106,2008-01-02,2008-01-06,pilot_centroid,moderate,59.0,Jalan Tomang Raya,primary,762091306,7120310389,9665578858,0,250,0.75,0.05,coarse-modis-250m,225596.577,0.965332,0.965332,0.0,0.0,0.0,negative,moderate,
osm-7120318185-7120380404-0,DFO_3251_From_20080102_to_20080106,2008-01-02,2008-01-06,pilot_centroid,moderate,22.25,Jalan Gunung Sahari Raya,primary,654692998,7120318185,7120380404,0,250,0.75,0.05,coarse-modis-250m,207210.141,0.962781,0.962781,0.0,0.0,0.0,negative,moderate,
osm-7120341842-7120393917-0,DFO_3251_From_20080102_to_20080106,2008-01-02,2008-01-06,pilot_centroid,moderate,18.174,Jalan Gunung Sahari Raya,primary,654692998,7120341842,7120393917,0,250,0.75,0.05,coarse-modis-250m,205170.688,0.962478,0.962478,0.0,0.0,0.0,negative,moderate,
osm-7120370231-4996688468-0,DFO_3251_From_20080102_to_20080106,2008-01-02,2008-01-06,pilot_centroid,moderate,57.882,Jalan Gunung Sahari Raya,primary,1265458800,7120370231,4996688468,0,250,0.75,0.05,coarse-modis-250m,225037.403,0.96529,0.96529,0.0,0.0,0.0,negative,moderate,
osm-7120377653-29939156-0,DFO_3251_From_20080102_to_20080106,2008-01-02,2008-01-06,pilot_centroid,moderate,38.542,Jalan Gunung Sahari Raya,primary,1498249124|762101023,7120377653,29939156,0,250,0.75,0.05,coarse-modis-250m,215360.618,0.96394,0.96394,0.0,0.0,0.0,negative,moderate,
osm-7120377658-7120377653-0,DFO_3251_From_20080102_to_20080106,2008-01-02,2008-01-06,pilot_centroid,moderate,12.145,Jalan Gunung Sahari Raya,primary,762101023,7120377658,7120377653,0,250,0.75,0.05,coarse-modis-250m,202154.626,0.96183,0.96183,0.0,0.0,0.0,negative,moderate,
osm-7120380401-5371596264-0,DFO_3251_From_20080102_to_20080106,2008-01-02,2008-01-06,pilot_centroid,moderate,14.281,Jalan Gunung Sahari Raya,primary,654692998,7120380401,5371596264,0,250,0.75,0.05,coarse-modis-250m,203222.957,0.962098,0.962098,0.0,0.0,0.0,negative,moderate,
osm-7120380404-7120380401-0,DFO_3251_From_20080102_to_20080106,2008-01-02,2008-01-06,pilot_centroid,moderate,16.262,Jalan Gunung Sahari Raya,primary,654692998,7120380404,7120380401,0,250,0.75,0.05,coarse-modis-250m,204214.351,0.962122,0.962122,0.0,0.0,0.0,negative,moderate,
osm-7120383641-10758010539-0,DFO_3251_From_20080102_to_20080106,2008-01-02,2008-01-06,pilot_centroid,moderate,74.185,Jalan Gunung Sahari Raya,primary,762970472|762101021,7120383641,10758010539,0,250,0.75,0.05,coarse-modis-250m,233191.99,0.966462,0.966462,0.0,0.0,0.0,negative,moderate,
osm-7120383650-7120383641-0,DFO_3251_From_20080102_to_20080106,2008-01-02,2008-01-06,pilot_centroid,moderate,20.977,Jalan Gunung Sahari Raya,primary,762101021,7120383650,7120383641,0,250,0.75,0.05,coarse-modis-250m,206572.402,0.962581,0.962581,0.0,0.0,0.0,negative,moderate,
osm-7120383655-7120383650-0,DFO_3251_From_20080102_to_20080106,2008-01-02,2008-01-06,pilot_centroid,moderate,10.639,Jalan Gunung Sahari Raya,primary,762101021,7120383655,7120383650,0,250,0.75,0.05,coarse-modis-250m,201401.098,0.961767,0.961767,0.0,0.0,0.0,negative,moderate,
osm-7120383657-1163404618-0,DFO_3251_From_20080102_to_20080106,2008-01-02,2008-01-06,pilot_centroid,moderate,11.476,Jalan Gunung Sahari Raya,primary,762101021,7120383657,1163404618,0,250,0.75,0.05,coarse-modis-250m,201819.571,0.961864,0.961864,0.0,0.0,0.0,negative,moderate,
osm-7120383659-7120383657-0,DFO_3251_From_20080102_to_20080106,2008-01-02,2008-01-06,pilot_centroid,moderate,19.811,Jalan Gunung Sahari Raya,primary,762101021,7120383659,7120383657,0,250,0.75,0.05,coarse-modis-250m,205989.778,0.962564,0.962564,0.0,0.0,0.0,negative,moderate,
osm-7120393905-7120377658-0,DFO_3251_From_20080102_to_20080106,2008-01-02,2008-01-06,pilot_centroid,moderate,50.707,Jalan Gunung Sahari Raya,primary,654692998|762101023,7120393905,7120377658,0,250,0.75,0.05,coarse-modis-250m,221447.236,0.964775,0.964775,0.0,0.0,0.0,negative,moderate,
osm-7120393917-7120306577-0,DFO_3251_From_20080102_to_20080106,2008-01-02,2008-01-06,pilot_centroid,moderate,8.037,Jalan Gunung Sahari Raya,primary,654692998,7120393917,7120306577,0,250,0.75,0.05,coarse-modis-250m,200099.07,0.961524,0.961524,0.0,0.0,0.0,negative,moderate,
osm-7120393920-5371596268-0,DFO_3251_From_20080102_to_20080106,2008-01-02,2008-01-06,pilot_centroid,moderate,15.313,Jalan Gunung Sahari Raya,primary,654692998,7120393920,5371596268,0,250,0.75,0.05,coarse-modis-250m,203739.545,0.962207,0.962207,0.0,0.0,0.0,negative,moderate,
osm-7120410534-4899821967-0,DFO_3251_From_20080102_to_20080106,2008-01-02,2008-01-06,pilot_centroid,moderate,97.519,Jalan Gunung Sahari Raya,primary,1490370109,7120410534,4899821967,0,250,0.75,0.05,coarse-modis-250m,244868.052,0.96764,0.96764,0.0,0.0,0.0,negative,moderate,
osm-7120410539-7120410534-0,DFO_3251_From_20080102_to_20080106,2008-01-02,2008-01-06,pilot_centroid,moderate,34.162,Jalan Gunung Sahari Raya,primary,1490370109,7120410539,7120410534,0,250,0.75,0.05,coarse-modis-250m,213169.914,0.963597,0.963597,0.0,0.0,0.0,negative,moderate,
osm-7120410540-7120410539-0,DFO_3251_From_20080102_to_20080106,2008-01-02,2008-01-06,pilot_centroid,moderate,19.381,Jalan Gunung Sahari Raya,primary,1490370109,7120410540,7120410539,0,250,0.75,0.05,coarse-modis-250m,205774.99,0.96243,0.96243,0.0,0.0,0.0,negative,moderate,
osm-7120410546-13720913830-0,DFO_3251_From_20080102_to_20080106,2008-01-02,2008-01-06,pilot_centroid,moderate,9.312,Jalan Gunung Sahari Raya,primary,711241492,7120410546,13720913830,0,250,0.75,0.05,coarse-modis-250m,200737.026,0.961578,0.961578,0.0,0.0,0.0,negative,moderate,
osm-7120411005-7120419447-0,DFO_3251_From_20080102_to_20080106,2008-01-02,2008-01-06,pilot_centroid,moderate,55.116,Jalan Gunung Sahari Raya,primary,1001371685,7120411005,7120419447,0,250,0.75,0.05,coarse-modis-250m,223653.731,0.965085,0.965085,0.0,0.0,0.0,negative,moderate,
osm-7120411011-7120411005-0,DFO_3251_From_20080102_to_20080106,2008-01-02,2008-01-06,pilot_centroid,moderate,19.969,Jalan Gunung Sahari Raya,primary,1001371685,7120411011,7120411005,0,250,0.75,0.05,coarse-modis-250m,206069.067,0.962449,0.962449,0.0,0.0,0.0,negative,moderate,
osm-7120419442-29939154-0,DFO_3251_From_20080102_to_20080106,2008-01-02,2008-01-06,pilot_centroid,moderate,35.593,Jalan Gunung Sahari Raya,primary,1001371685,7120419442,29939154,0,250,0.75,0.05,coarse-modis-250m,213885.582,0.963751,0.963751,0.0,0.0,0.0,negative,moderate,
osm-7120419444-7120419442-0,DFO_3251_From_20080102_to_20080106,2008-01-02,2008-01-06,pilot_centroid,moderate,26.578,Jalan Gunung Sahari Raya,primary,1001371685,7120419444,7120419442,0,250,0.75,0.05,coarse-modis-250m,209375.346,0.963017,0.963017,0.0,0.0,0.0,negative,moderate,
osm-7120419447-7120419444-0,DFO_3251_From_20080102_to_20080106,2008-01-02,2008-01-06,pilot_centroid,moderate,10.136,Jalan Gunung Sahari Raya,primary,1001371685,7120419447,7120419444,0,250,0.75,0.05,coarse-modis-250m,201149.144,0.96164,0.96164,0.0,0.0,0.0,negative,moderate,
osm-7120440775-7756153690-0,DFO_3251_From_20080102_to_20080106,2008-01-02,2008-01-06,pilot_centroid,moderate,7.5,Jalan Kramat Raya,primary,758051339,7120440775,7756153690,0,250,0.75,0.05,coarse-modis-250m,199830.686,0.961375,0.961375,0.0,0.0,0.0,negative,moderate,
osm-7120440781-5671531324-0,DFO_3251_From_20080102_to_20080106,2008-01-02,2008-01-06,pilot_centroid,moderate,51.471,Jalan Kramat Raya,primary,762074073|533303289,7120440781,5671531324,0,250,0.75,0.05,coarse-modis-250m,221824.874,0.965546,0.965546,0.0,0.0,0.0,negative,moderate,
osm-7120487195-316374654-0,DFO_3251_From_20080102_to_20080106,2008-01-02,2008-01-06,pilot_centroid,moderate,13.689,Jalan Kramat Raya,primary,717267441,7120487195,316374654,0,250,0.75,0.05,coarse-modis-250m,202927.003,0.962067,0.962067,0.0,0.0,0.0,negative,moderate,
osm-7120487197-7120487195-0,DFO_3251_From_20080102_to_20080106,2008-01-02,2008-01-06,pilot_centroid,moderate,14.81,Jalan Kramat Raya,primary,717267441,7120487197,7120487195,0,250,0.75,0.05,coarse-modis-250m,203487.912,0.962088,0.962088,0.0,0.0,0.0,negative,moderate,
osm-7120502855-4750115938-0,DFO_3251_From_20080102_to_20080106,2008-01-02,2008-01-06,pilot_centroid,moderate,159.115,Jalan Kramat Raya,primary,758051339,7120502855,4750115938,0,250,0.75,0.05,coarse-modis-250m,275685.436,0.970907,0.970907,0.0,0.0,0.0,negative,moderate,
osm-7120512601-5669076905-0,DFO_3251_From_20080102_to_20080106,2008-01-02,2008-01-06,pilot_centroid,moderate,60.461,Jalan Penjernihan 1,primary,768031660,7120512601,5669076905,0,250,0.75,0.05,coarse-modis-250m,226327.431,0.96551,0.96551,0.0,0.0,0.0,negative,moderate,
osm-7120831201-1376428022-0,DFO_3251_From_20080102_to_20080106,2008-01-02,2008-01-06,pilot_centroid,moderate,11.772,Jalan D. I. Panjaitan,trunk,717163577,7120831201,1376428022,0,250,0.75,0.05,coarse-modis-250m,201967.982,0.961811,0.961811,0.0,0.0,0.0,negative,moderate,
osm-7122843809-7045010651-0,DFO_3251_From_20080102_to_20080106,2008-01-02,2008-01-06,pilot_centroid,moderate,34.393,Jalan Boulevard Barat,secondary,39741723,7122843809,7045010651,0,250,0.75,0.05,coarse-modis-250m,213285.62,0.963613,0.963613,0.0,0.0,0.0,negative,moderate,
osm-7122914747-5673841354-0,DFO_3251_From_20080102_to_20080106,2008-01-02,2008-01-06,pilot_centroid,moderate,40.978,Jalan Brigadir Jenderal Katamso Darmokusumo,primary,757042417,7122914747,5673841354,0,250,0.75,0.05,coarse-modis-250m,216580.238,0.964405,0.964405,0.0,0.0,0.0,negative,moderate,
osm-7123191860-13828094473-0,DFO_3251_From_20080102_to_20080106,2008-01-02,2008-01-06,pilot_centroid,moderate,45.62,Jalan Matraman,primary,699886104,7123191860,13828094473,0,250,0.75,0.05,coarse-modis-250m,218902.299,0.964459,0.964459,0.0,0.0,0.0,negative,moderate,
osm-7131381422-5425990246-0,DFO_3251_From_20080102_to_20080106,2008-01-02,2008-01-06,pilot_centroid,moderate,97.807,Jalan Yos Sudarso,trunk,781727135,7131381422,5425990246,0,250,0.75,0.05,coarse-modis-250m,245010.528,0.967693,0.967693,0.0,0.0,0.0,negative,moderate,
osm-7131628847-5068494252-0,DFO_3251_From_20080102_to_20080106,2008-01-02,2008-01-06,pilot_centroid,moderate,28.717,Unnamed OSM road,residential,763178866|763178867|519894318,7131628847,5068494252,0,250,0.75,0.05,coarse-modis-250m,210445.838,0.963108,0.963108,0.0,0.0,0.0,negative,moderate,
osm-7131628852-7131628847-1,DFO_3251_From_20080102_to_20080106,2008-01-02,2008-01-06,pilot_centroid,moderate,77.693,Unnamed OSM road,service,763190058|763190059|763190062,7131628852,7131628847,1,250,0.75,0.05,coarse-modis-250m,223763.122,0.97356,0.97356,0.0,0.0,0.0,negative,moderate,
osm-7131701881-9694163557-0,DFO_3251_From_20080102_to_20080106,2008-01-02,2008-01-06,pilot_centroid,moderate,323.736,Jalan Pemuda,primary,1053249591,7131701881,9694163557,0,250,0.75,0.05,coarse-modis-250m,358047.29,0.975933,0.975933,0.0,0.0,0.0,negative,moderate,
osm-7132187495-7132187498-0,DFO_3251_From_20080102_to_20080106,2008-01-02,2008-01-06,pilot_centroid,moderate,51.015,Jalan Letnan Jenderal Suprapto,primary,750001530|492988946,7132187495,7132187498,0,250,0.75,0.05,coarse-modis-250m,221601.275,0.965316,0.965316,0.0,0.0,0.0,negative,moderate,
osm-7132187498-9009474493-0,DFO_3251_From_20080102_to_20080106,2008-01-02,2008-01-06,pilot_centroid,moderate,17.111,Jalan Letnan Jenderal Suprapto,primary,492988946,7132187498,9009474493,0,250,0.75,0.05,coarse-modis-250m,204637.892,0.962477,0.962477,0.0,0.0,0.0,negative,moderate,
osm-7132270238-5374380799-0,DFO_3251_From_20080102_to_20080106,2008-01-02,2008-01-06,pilot_centroid,moderate,186.293,Jalan Letnan Jenderal Suprapto,primary,766850322,7132270238,5374380799,0,250,0.75,0.05,coarse-modis-250m,289281.777,0.97186,0.97186,0.0,0.0,0.0,negative,moderate,
osm-7137519768-7137727237-0,DFO_3251_From_20080102_to_20080106,2008-01-02,2008-01-06,pilot_centroid,moderate,272.485,Jalan Jenderal Ahmad Yani,trunk,764013594|449703678|763998191,7137519768,7137727237,0,250,0.75,0.05,coarse-modis-250m,332084.402,0.976553,0.976553,0.0,0.0,0.0,negative,moderate,
osm-7137574112-5380068218-0,DFO_3251_From_20080102_to_20080106,2008-01-02,2008-01-06,pilot_centroid,moderate,104.846,Jalan Jenderal Ahmad Yani,trunk,689877064|764325452,7137574112,5380068218,0,250,0.75,0.05,coarse-modis-250m,248533.989,0.968388,0.968388,0.0,0.0,0.0,negative,moderate,
osm-7137652765-328320159-0,DFO_3251_From_20080102_to_20080106,2008-01-02,2008-01-06,pilot_centroid,moderate,114.029,Unnamed OSM road,trunk_link,492988993,7137652765,328320159,0,250,0.75,0.05,coarse-modis-250m,251773.81,0.969864,0.969864,0.0,0.0,0.0,negative,moderate,
osm-7137727237-7246511033-0,DFO_3251_From_20080102_to_20080106,2008-01-02,2008-01-06,pilot_centroid,moderate,16.412,Jalan Jenderal Ahmad Yani,trunk,449703678,7137727237,7246511033,0,250,0.75,0.05,coarse-modis-250m,204289.276,0.962182,0.962182,0.0,0.0,0.0,negative,moderate,
osm-7137820748-4548267014-0,DFO_3251_From_20080102_to_20080106,2008-01-02,2008-01-06,pilot_centroid,moderate,58.717,Jalan Perintis Kemerdekaan,trunk,764030273,7137820748,4548267014,0,250,0.75,0.05,coarse-modis-250m,225455.183,0.965224,0.965224,0.0,0.0,0.0,negative,moderate,
osm-7140161059-6434930408-0,DFO_3251_From_20080102_to_20080106,2008-01-02,2008-01-06,pilot_centroid,moderate,40.295,Jalan Bekasi Raya,trunk,836694112,7140161059,6434930408,0,250,0.75,0.05,coarse-modis-250m,216238.557,0.963894,0.963894,0.0,0.0,0.0,negative,moderate,
osm-7140306354-6434945508-0,DFO_3251_From_20080102_to_20080106,2008-01-02,2008-01-06,pilot_centroid,moderate,54.41,Jalan Bekasi Raya,trunk,836694112,7140306354,6434945508,0,250,0.75,0.05,coarse-modis-250m,223299.945,0.965306,0.965306,0.0,0.0,0.0,negative,moderate,
osm-7147121113-7697810035-0,DFO_3251_From_20080102_to_20080106,2008-01-02,2008-01-06,pilot_centroid,moderate,382.128,Jalan Yos Sudarso,trunk,562942144|562942145,7147121113,7697810035,0,250,0.75,0.05,coarse-modis-250m,387254.223,0.978022,0.978022,0.0,0.0,0.0,negative,moderate,
osm-7149726253-5487632874-0,DFO_3251_From_20080102_to_20080106,2008-01-02,2008-01-06,pilot_centroid,moderate,107.102,Jalan Bekasi Raya,trunk,764238034,7149726253,5487632874,0,250,0.75,0.05,coarse-modis-250m,249662.065,0.968376,0.968376,0.0,0.0,0.0,negative,moderate,
osm-7152827727-10599212863-0,DFO_3251_From_20080102_to_20080106,2008-01-02,2008-01-06,pilot_centroid,moderate,36.824,Jalan Cipinang Indah 2,tertiary,765866693,7152827727,10599212863,0,250,0.75,0.05,coarse-modis-250m,214459.367,0.964393,0.964393,0.0,0.0,0.0,negative,moderate,
osm-7156322369-316374602-0,DFO_3251_From_20080102_to_20080106,2008-01-02,2008-01-06,pilot_centroid,moderate,27.08,Jalan Tanah Tinggi Barat,primary,750240454,7156322369,316374602,0,250,0.75,0.05,coarse-modis-250m,209617.858,0.963708,0.963708,0.0,0.0,0.0,negative,moderate,
osm-7192466992-1695811568-0,DFO_3251_From_20080102_to_20080106,2008-01-02,2008-01-06,pilot_centroid,moderate,105.94,Jalan Karet Sawah II,residential,491265984|1109633895|770564584|157362027|697069495,7192466992,1695811568,0,250,0.75,0.05,coarse-modis-250m,247285.528,0.970734,0.970734,0.0,0.0,0.0,negative,moderate,
osm-7225096520-4800528564-0,DFO_3251_From_20080102_to_20080106,2008-01-02,2008-01-06,pilot_centroid,moderate,22.681,Jalan Arief Rachman Hakim,primary,760613094,7225096520,4800528564,0,250,0.75,0.05,coarse-modis-250m,207384.712,0.967595,0.967595,0.0,0.0,0.0,negative,moderate,
osm-7226592293-7226690310-0,DFO_3251_From_20080102_to_20080106,2008-01-02,2008-01-06,pilot_centroid,moderate,94.197,Jalan Pemuda,primary,763467199,7226592293,7226690310,0,250,0.75,0.05,coarse-modis-250m,243206.254,0.967561,0.967561,0.0,0.0,0.0,negative,moderate,
osm-7226690310-9684746119-0,DFO_3251_From_20080102_to_20080106,2008-01-02,2008-01-06,pilot_centroid,moderate,43.501,Jalan Pemuda,primary,763467199,7226690310,9684746119,0,250,0.75,0.05,coarse-modis-250m,217842.171,0.964204,0.964204,0.0,0.0,0.0,negative,moderate,
osm-7226690317-1311842311-0,DFO_3251_From_20080102_to_20080106,2008-01-02,2008-01-06,pilot_centroid,moderate,19.693,Jalan Pemuda,primary,763467199,7226690317,1311842311,0,250,0.75,0.05,coarse-modis-250m,205930.808,0.962423,0.962423,0.0,0.0,0.0,negative,moderate,
osm-7229469661-4776087714-0,DFO_3251_From_20080102_to_20080106,2008-01-02,2008-01-06,pilot_centroid,moderate,25.968,Jalan Cipinang Cempedak,tertiary,484862899,7229469661,4776087714,0,250,0.75,0.05,coarse-modis-250m,209070.437,0.962697,0.962697,0.0,0.0,0.0,negative,moderate,
osm-7241544817-5227396653-0,DFO_3251_From_20080102_to_20080106,2008-01-02,2008-01-06,pilot_centroid,moderate,43.856,Jalan Pemuda,primary,28775346,7241544817,5227396653,0,250,0.75,0.05,coarse-modis-250m,218020.18,0.963912,0.963912,0.0,0.0,0.0,negative,moderate,
osm-7241781245-315305416-0,DFO_3251_From_20080102_to_20080106,2008-01-02,2008-01-06,pilot_centroid,moderate,19.738,Jalan Pedurenan Masjid Raya,tertiary,392820646,7241781245,315305416,0,250,0.75,0.05,coarse-modis-250m,205953.186,0.962218,0.962218,0.0,0.0,0.0,negative,moderate,
osm-7246473924-4564612508-0,DFO_3251_From_20080102_to_20080106,2008-01-02,2008-01-06,pilot_centroid,moderate,30.73,Jalan Kyai Haji Mas Mansyur,primary,28219053,7246473924,4564612508,0,250,0.75,0.05,coarse-modis-250m,211450.923,0.920387,0.920387,0.0,0.0,0.0,negative,moderate,
osm-7246511033-7137652765-0,DFO_3251_From_20080102_to_20080106,2008-01-02,2008-01-06,pilot_centroid,moderate,31.486,Jalan Jenderal Ahmad Yani,trunk,449703678,7246511033,7137652765,0,250,0.75,0.05,coarse-modis-250m,211830.464,0.963426,0.963426,0.0,0.0,0.0,negative,moderate,
osm-7246575157-5673840820-0,DFO_3251_From_20080102_to_20080106,2008-01-02,2008-01-06,pilot_centroid,moderate,10.249,Jalan Letnan Jenderal Siswondo Parman,trunk,688117571,7246575157,5673840820,0,250,0.75,0.05,coarse-modis-250m,201205.99,0.961588,0.961588,0.0,0.0,0.0,negative,moderate,
osm-7249176145-104363249-0,DFO_3251_From_20080102_to_20080106,2008-01-02,2008-01-06,pilot_centroid,moderate,46.069,Jalan Jatibaru,primary,755124264,7249176145,104363249,0,250,0.75,0.05,coarse-modis-250m,219126.554,0.964427,0.964427,0.0,0.0,0.0,negative,moderate,
osm-7260196327-1139139742-1,DFO_3251_From_20080102_to_20080106,2008-01-02,2008-01-06,pilot_centroid,moderate,299.132,Jalan Letnan Jenderal MT Haryono,trunk,1235335425|1235335426|1235335427,7260196327,1139139742,1,250,0.75,0.05,coarse-modis-250m,345692.201,0.976072,0.976072,0.0,0.0,0.0,negative,moderate,
osm-7260204106-6331405436-0,DFO_3251_From_20080102_to_20080106,2008-01-02,2008-01-06,pilot_centroid,moderate,89.21,Jalan Letnan Jenderal MT Haryono,trunk,749966273,7260204106,6331405436,0,250,0.75,0.05,coarse-modis-250m,240707.453,0.967189,0.967189,0.0,0.0,0.0,negative,moderate,
osm-7284085578-317417610-0,DFO_3251_From_20080102_to_20080106,2008-01-02,2008-01-06,pilot_centroid,moderate,14.124,Jalan Brigadir Jenderal Katamso Darmokusumo,primary,28909838,7284085578,317417610,0,250,0.75,0.05,coarse-modis-250m,203144.524,0.960941,0.960941,0.0,0.0,0.0,negative,moderate,
osm-7400356402-1133343792-0,DFO_3251_From_20080102_to_20080106,2008-01-02,2008-01-06,pilot_centroid,moderate,141.614,Jalan Tanah Manisan,tertiary,97705060,7400356402,1133343792,0,250,0.75,0.05,coarse-modis-250m,266916.757,0.970047,0.970047,0.0,0.0,0.0,negative,moderate,
osm-7400356402-95010735-0,DFO_3251_From_20080102_to_20080106,2008-01-02,2008-01-06,pilot_centroid,moderate,12.803,Jalan D. I. Panjaitan,trunk,751673455,7400356402,95010735,0,250,0.75,0.05,coarse-modis-250m,202483.781,0.961938,0.961938,0.0,0.0,0.0,negative,moderate,
osm-7483895397-5372153187-0,DFO_3251_From_20080102_to_20080106,2008-01-02,2008-01-06,pilot_centroid,moderate,43.466,Jalan Letnan Jenderal Siswondo Parman,trunk,1288609434,7483895397,5372153187,0,250,0.75,0.05,coarse-modis-250m,217824.592,0.964338,0.964338,0.0,0.0,0.0,negative,moderate,
osm-7483895436-7483895397-0,DFO_3251_From_20080102_to_20080106,2008-01-02,2008-01-06,pilot_centroid,moderate,3.517,Jalan Letnan Jenderal Siswondo Parman,trunk,1288609434,7483895436,7483895397,0,250,0.75,0.05,coarse-modis-250m,197837.608,0.961046,0.961046,0.0,0.0,0.0,negative,moderate,
osm-7496439574-1321228566-0,DFO_3251_From_20080102_to_20080106,2008-01-02,2008-01-06,pilot_centroid,moderate,37.211,Jalan Kolonel Soegiono,primary,754062956,7496439574,1321228566,0,250,0.75,0.05,coarse-modis-250m,214694.798,0.963552,0.963552,0.0,0.0,0.0,negative,moderate,
osm-7509918738-9691407991-0,DFO_3251_From_20080102_to_20080106,2008-01-02,2008-01-06,pilot_centroid,moderate,5.173,Jalan Radin Inten,primary,119909339,7509918738,9691407991,0,250,0.75,0.05,coarse-modis-250m,198666.309,0.961216,0.961216,0.0,0.0,0.0,negative,moderate,
osm-7509918742-7496439574-0,DFO_3251_From_20080102_to_20080106,2008-01-02,2008-01-06,pilot_centroid,moderate,10.744,Jalan Kolonel Soegiono,primary,754062956,7509918742,7496439574,0,250,0.75,0.05,coarse-modis-250m,201453.766,0.961688,0.961688,0.0,0.0,0.0,negative,moderate,
osm-7513762422-9075741779-0,DFO_3251_From_20080102_to_20080106,2008-01-02,2008-01-06,pilot_centroid,moderate,15.963,Jalan Kebon Sirih,primary,248618360,7513762422,9075741779,0,250,0.75,0.05,coarse-modis-250m,204064.566,0.962086,0.962086,0.0,0.0,0.0,negative,moderate,
osm-7516900856-4548266264-0,DFO_3251_From_20080102_to_20080106,2008-01-02,2008-01-06,pilot_centroid,moderate,37.311,Jalan Perintis Kemerdekaan,trunk,427815402,7516900856,4548266264,0,250,0.75,0.05,coarse-modis-250m,214745.493,0.963845,0.963845,0.0,0.0,0.0,negative,moderate,
osm-7530848743-11925999197-0,DFO_3251_From_20080102_to_20080106,2008-01-02,2008-01-06,pilot_centroid,moderate,175.146,Jalan Jenderal Basuki Rahmat,primary,28851310,7530848743,11925999197,0,250,0.75,0.05,coarse-modis-250m,283688.947,0.971543,0.971543,0.0,0.0,0.0,negative,moderate,
osm-7570445358-4564851111-0,DFO_3251_From_20080102_to_20080106,2008-01-02,2008-01-06,pilot_centroid,moderate,16.88,Jalan Profesor Doktor Satrio,primary,454203124,7570445358,4564851111,0,250,0.75,0.05,coarse-modis-250m,204523.472,0.792714,0.792714,0.0,0.0,0.0,unknown,excluded,insufficient_source_coverage
osm-7576918586-2415817217-0,DFO_3251_From_20080102_to_20080106,2008-01-02,2008-01-06,pilot_centroid,moderate,322.96,Jalan Tol Lingkar Wiyoto Wiyono,motorway,1221523254|1221523255,7576918586,2415817217,0,250,0.75,0.05,coarse-modis-250m,357658.316,0.97645,0.97645,0.0,0.0,0.0,negative,moderate,
osm-7576918597-7147121113-0,DFO_3251_From_20080102_to_20080106,2008-01-02,2008-01-06,pilot_centroid,moderate,79.31,Jalan Yos Sudarso,trunk,562942144,7576918597,7147121113,0,250,0.75,0.05,coarse-modis-250m,235756.83,0.966715,0.966715,0.0,0.0,0.0,negative,moderate,
osm-7576934780-5379667162-0,DFO_3251_From_20080102_to_20080106,2008-01-02,2008-01-06,pilot_centroid,moderate,138.425,Jalan Yos Sudarso,trunk,496592226,7576934780,5379667162,0,250,0.75,0.05,coarse-modis-250m,265327.131,0.969842,0.969842,0.0,0.0,0.0,negative,moderate,
osm-7595258503-6907592439-0,DFO_3251_From_20080102_to_20080106,2008-01-02,2008-01-06,pilot_centroid,moderate,42.52,Jalan Dokter Sutomo,secondary,762052107,7595258503,6907592439,0,250,0.75,0.05,coarse-modis-250m,217351.321,0.964204,0.964204,0.0,0.0,0.0,negative,moderate,
osm-7614917291-13721122640-0,DFO_3251_From_20080102_to_20080106,2008-01-02,2008-01-06,pilot_centroid,moderate,9.345,Unnamed OSM road,primary_link,1498241832,7614917291,13721122640,0,250,0.75,0.05,coarse-modis-250m,200753.475,0.961707,0.961707,0.0,0.0,0.0,negative,moderate,
osm-7614917300-5459048224-0,DFO_3251_From_20080102_to_20080106,2008-01-02,2008-01-06,pilot_centroid,moderate,15.863,Jalan Salemba Raya,primary,711243598,7614917300,5459048224,0,250,0.75,0.05,coarse-modis-250m,204014.691,0.962037,0.962037,0.0,0.0,0.0,negative,moderate,
osm-7614917300-7614917291-0,DFO_3251_From_20080102_to_20080106,2008-01-02,2008-01-06,pilot_centroid,moderate,74.95,Unnamed OSM road,primary_link,815244305,7614917300,7614917291,0,250,0.75,0.05,coarse-modis-250m,233140.487,0.968776,0.968776,0.0,0.0,0.0,negative,moderate,
osm-7647950148-1135179379-0,DFO_3251_From_20080102_to_20080106,2008-01-02,2008-01-06,pilot_centroid,moderate,33.146,Jalan Otto Iskandar Dinata,primary,28765421,7647950148,1135179379,0,250,0.75,0.05,coarse-modis-250m,212661.772,0.963502,0.963502,0.0,0.0,0.0,negative,moderate,
osm-7694410074-5373977782-0,DFO_3251_From_20080102_to_20080106,2008-01-02,2008-01-06,pilot_centroid,moderate,53.233,Jalan Letnan Jenderal Suprapto,primary,492988997,7694410074,5373977782,0,250,0.75,0.05,coarse-modis-250m,222711.527,0.964925,0.964925,0.0,0.0,0.0,negative,moderate,
osm-7697810034-5068494251-0,DFO_3251_From_20080102_to_20080106,2008-01-02,2008-01-06,pilot_centroid,moderate,30.994,Unnamed OSM road,residential,824405509,7697810034,5068494251,0,250,0.75,0.05,coarse-modis-250m,211584.802,0.963313,0.963313,0.0,0.0,0.0,negative,moderate,
osm-7697810035-9529290217-0,DFO_3251_From_20080102_to_20080106,2008-01-02,2008-01-06,pilot_centroid,moderate,107.875,Jalan Yos Sudarso,trunk,562942145,7697810035,9529290217,0,250,0.75,0.05,coarse-modis-250m,250045.744,0.968277,0.968277,0.0,0.0,0.0,negative,moderate,
osm-7697810036-7697810035-0,DFO_3251_From_20080102_to_20080106,2008-01-02,2008-01-06,pilot_centroid,moderate,15.896,Unnamed OSM road,trunk_link,824405510,7697810036,7697810035,0,250,0.75,0.05,coarse-modis-250m,204030.906,0.962104,0.962104,0.0,0.0,0.0,negative,moderate,
osm-7756153690-5377076414-0,DFO_3251_From_20080102_to_20080106,2008-01-02,2008-01-06,pilot_centroid,moderate,13.96,Jalan Kramat Raya,primary,758051339,7756153690,5377076414,0,250,0.75,0.05,coarse-modis-250m,203062.721,0.961969,0.961969,0.0,0.0,0.0,negative,moderate,
osm-7756153695-7120440775-0,DFO_3251_From_20080102_to_20080106,2008-01-02,2008-01-06,pilot_centroid,moderate,23.305,Jalan Kramat Raya,primary,758051339,7756153695,7120440775,0,250,0.75,0.05,coarse-modis-250m,207738.228,0.962737,0.962737,0.0,0.0,0.0,negative,moderate,
osm-7756168367-4750115942-0,DFO_3251_From_20080102_to_20080106,2008-01-02,2008-01-06,pilot_centroid,moderate,31.65,Jalan Salemba Raya,primary,830697315,7756168367,4750115942,0,250,0.75,0.05,coarse-modis-250m,211913.131,0.963271,0.963271,0.0,0.0,0.0,negative,moderate,
osm-7756197690-9013826114-0,DFO_3251_From_20080102_to_20080106,2008-01-02,2008-01-06,pilot_centroid,moderate,13.479,Jalan Salemba Raya,primary,830698409,7756197690,9013826114,0,250,0.75,0.05,coarse-modis-250m,202821.871,0.961841,0.961841,0.0,0.0,0.0,negative,moderate,
osm-7760892449-7697810034-0,DFO_3251_From_20080102_to_20080106,2008-01-02,2008-01-06,pilot_centroid,moderate,8.237,Jalan Yos Sudarso,trunk,562942145,7760892449,7697810034,0,250,0.75,0.05,coarse-modis-250m,200199.455,0.961539,0.961539,0.0,0.0,0.0,negative,moderate,
osm-7805088053-7003228710-0,DFO_3251_From_20080102_to_20080106,2008-01-02,2008-01-06,pilot_centroid,moderate,34.846,Jalan Kolonel Soegiono,primary,744559390,7805088053,7003228710,0,250,0.75,0.05,coarse-modis-250m,213511.931,0.964021,0.964021,0.0,0.0,0.0,negative,moderate,
osm-8132773400-1325257182-0,DFO_3251_From_20080102_to_20080106,2008-01-02,2008-01-06,pilot_centroid,moderate,102.883,Jalan D. I. Panjaitan,trunk,558669208|756405444|1301577988,8132773400,1325257182,0,250,0.75,0.05,coarse-modis-250m,247556.087,0.96982,0.96982,0.0,0.0,0.0,negative,moderate,
osm-8132787924-309086906-0,DFO_3251_From_20080102_to_20080106,2008-01-02,2008-01-06,pilot_centroid,moderate,914.19,Jalan Tol Insinyur Wiyoto Wiyono,motorway,754381986,8132787924,309086906,0,250,0.75,0.05,coarse-modis-250m,653452.225,0.9851,0.9851,0.0,0.0,0.0,negative,moderate,
osm-8208701324-6334849877-0,DFO_3251_From_20080102_to_20080106,2008-01-02,2008-01-06,pilot_centroid,moderate,202.11,Jalan Kyai Haji Mas Mansyur,primary,699354251|699354247,8208701324,6334849877,0,250,0.75,0.05,coarse-modis-250m,297190.509,0.972531,0.972531,0.0,0.0,0.0,negative,moderate,
osm-8313092690-1315069362-0,DFO_3251_From_20080102_to_20080106,2008-01-02,2008-01-06,pilot_centroid,moderate,62.385,Jalan Pemuda,primary,763467199,8313092690,1315069362,0,250,0.75,0.05,coarse-modis-250m,227290.489,0.965563,0.965563,0.0,0.0,0.0,negative,moderate,
osm-8313442289-8488635417-0,DFO_3251_From_20080102_to_20080106,2008-01-02,2008-01-06,pilot_centroid,moderate,19.187,Jalan Karet Pedurenan Raya,tertiary,28132208,8313442289,8488635417,0,250,0.75,0.05,coarse-modis-250m,205677.546,0.962677,0.962677,0.0,0.0,0.0,negative,moderate,
osm-8434800015-1675426459-0,DFO_3251_From_20080102_to_20080106,2008-01-02,2008-01-06,pilot_centroid,moderate,26.17,Jalan Gunung Sahari Raya,primary,1490846128|1001445850,8434800015,1675426459,0,250,0.75,0.05,coarse-modis-250m,209171.586,0.963039,0.963039,0.0,0.0,0.0,negative,moderate,
osm-8478023954-4499976535-0,DFO_3251_From_20080102_to_20080106,2008-01-02,2008-01-06,pilot_centroid,moderate,30.081,Jalan Kyai Haji Mas Mansyur,primary,699354251,8478023954,4499976535,0,250,0.75,0.05,coarse-modis-250m,211128.205,0.963327,0.963327,0.0,0.0,0.0,negative,moderate,
osm-8481827349-9685151098-0,DFO_3251_From_20080102_to_20080106,2008-01-02,2008-01-06,pilot_centroid,moderate,65.618,Jalan Pemuda,primary,763467199,8481827349,9685151098,0,250,0.75,0.05,coarse-modis-250m,228907.863,0.965685,0.965685,0.0,0.0,0.0,negative,moderate,
osm-8488629808-8313442289-0,DFO_3251_From_20080102_to_20080106,2008-01-02,2008-01-06,pilot_centroid,moderate,5.739,Jalan Karet Pedurenan Raya,tertiary,28132208,8488629808,8313442289,0,250,0.75,0.05,coarse-modis-250m,198949.344,0.961366,0.961366,0.0,0.0,0.0,negative,moderate,
osm-8488635417-8488629813-0,DFO_3251_From_20080102_to_20080106,2008-01-02,2008-01-06,pilot_centroid,moderate,87.002,Unnamed OSM road,service,1102672126|913809183,8488635417,8488629813,0,250,0.75,0.05,coarse-modis-250m,238382.285,0.967453,0.967453,0.0,0.0,0.0,negative,moderate,
osm-8488635421-8488635417-0,DFO_3251_From_20080102_to_20080106,2008-01-02,2008-01-06,pilot_centroid,moderate,20.234,Jalan Karet Pedurenan Raya,tertiary,28132208,8488635421,8488635417,0,250,0.75,0.05,coarse-modis-250m,206201.309,0.962074,0.962074,0.0,0.0,0.0,negative,moderate,
osm-8488921432-9009735918-0,DFO_3251_From_20080102_to_20080106,2008-01-02,2008-01-06,pilot_centroid,moderate,29.95,Jalan Salemba Raya,primary,699651421,8488921432,9009735918,0,250,0.75,0.05,coarse-modis-250m,211062.524,0.963275,0.963275,0.0,0.0,0.0,negative,moderate,
osm-8499454046-393856973-0,DFO_3251_From_20080102_to_20080106,2008-01-02,2008-01-06,pilot_centroid,moderate,64.222,Jalan Pangeran Jayakarta,secondary,1294695407,8499454046,393856973,0,250,0.75,0.05,coarse-modis-250m,228209.155,0.965648,0.965648,0.0,0.0,0.0,negative,moderate,
osm-8500012435-6334537728-0,DFO_3251_From_20080102_to_20080106,2008-01-02,2008-01-06,pilot_centroid,moderate,51.293,Jalan Garuda,secondary,37018609,8500012435,6334537728,0,250,0.75,0.05,coarse-modis-250m,221740.675,0.96476,0.96476,0.0,0.0,0.0,negative,moderate,
osm-8502330159-6806925400-0,DFO_3251_From_20080102_to_20080106,2008-01-02,2008-01-06,pilot_centroid,moderate,23.122,Jalan Jenderal Basuki Rahmat,primary,28847119,8502330159,6806925400,0,250,0.75,0.05,coarse-modis-250m,207646.607,0.962738,0.962738,0.0,0.0,0.0,negative,moderate,
osm-8503624788-4986680280-0,DFO_3251_From_20080102_to_20080106,2008-01-02,2008-01-06,pilot_centroid,moderate,78.87,Jalan Penjernihan 1,primary,28779908,8503624788,4986680280,0,250,0.75,0.05,coarse-modis-250m,235538.01,0.96668,0.96668,0.0,0.0,0.0,negative,moderate,
osm-8504122967-352897085-0,DFO_3251_From_20080102_to_20080106,2008-01-02,2008-01-06,pilot_centroid,moderate,22.735,Jalan Jatinegara Timur,primary,691270311,8504122967,352897085,0,250,0.75,0.05,coarse-modis-250m,207452.752,0.963716,0.963716,0.0,0.0,0.0,negative,moderate,
osm-8505902513-315487156-0,DFO_3251_From_20080102_to_20080106,2008-01-02,2008-01-06,pilot_centroid,moderate,50.142,Jalan Tomang Raya,primary,762091307,8505902513,315487156,0,250,0.75,0.05,coarse-modis-250m,221163.795,0.964776,0.964776,0.0,0.0,0.0,negative,moderate,
osm-8509401662-329969014-0,DFO_3251_From_20080102_to_20080106,2008-01-02,2008-01-06,pilot_centroid,moderate,45.725,Jalan Matraman,primary,278788931,8509401662,329969014,0,250,0.75,0.05,coarse-modis-250m,218954.556,0.964516,0.964516,0.0,0.0,0.0,negative,moderate,
osm-8509445105-308981972-0,DFO_3251_From_20080102_to_20080106,2008-01-02,2008-01-06,pilot_centroid,moderate,32.63,Jalan Pedurenan Masjid Raya,tertiary,392820646,8509445105,308981972,0,250,0.75,0.05,coarse-modis-250m,212403.343,0.963439,0.963439,0.0,0.0,0.0,negative,moderate,
osm-8509512970-10090012698-0,DFO_3251_From_20080102_to_20080106,2008-01-02,2008-01-06,pilot_centroid,moderate,11.439,Jalan Denpasar Raya,tertiary,28194353,8509512970,10090012698,0,250,0.75,0.05,coarse-modis-250m,201801.297,0.961715,0.961715,0.0,0.0,0.0,negative,moderate,
osm-8509975229-9679957698-0,DFO_3251_From_20080102_to_20080106,2008-01-02,2008-01-06,pilot_centroid,moderate,39.669,Jalan Letnan Jenderal Suprapto,primary,492988997,8509975229,9679957698,0,250,0.75,0.05,coarse-modis-250m,215924.137,0.963903,0.963903,0.0,0.0,0.0,negative,moderate,
osm-8510368916-5379767874-0,DFO_3251_From_20080102_to_20080106,2008-01-02,2008-01-06,pilot_centroid,moderate,53.118,Jalan Boulevard Barat,secondary,759685195|759677175,8510368916,5379767874,0,250,0.75,0.05,coarse-modis-250m,222653.223,0.96492,0.96492,0.0,0.0,0.0,negative,moderate,
osm-8510661425-8510661436-0,DFO_3251_From_20080102_to_20080106,2008-01-02,2008-01-06,pilot_centroid,moderate,38.63,Jalan Otto Iskandar Dinata,primary,691253232,8510661425,8510661436,0,250,0.75,0.05,coarse-modis-250m,215405.043,0.963931,0.963931,0.0,0.0,0.0,negative,moderate,
osm-8510661436-4776237951-0,DFO_3251_From_20080102_to_20080106,2008-01-02,2008-01-06,pilot_centroid,moderate,95.425,Jalan Otto Iskandar Dinata,primary,691253232,8510661436,4776237951,0,250,0.75,0.05,coarse-modis-250m,243818.419,0.967681,0.967681,0.0,0.0,0.0,negative,moderate,
osm-8519460813-315480467-0,DFO_3251_From_20080102_to_20080106,2008-01-02,2008-01-06,pilot_centroid,moderate,7.16,Jalan Arief Rachman Hakim,primary,487370077,8519460813,315480467,0,250,0.75,0.05,coarse-modis-250m,199660.312,0.961468,0.961468,0.0,0.0,0.0,negative,moderate,
osm-8520330753-8520330756-0,DFO_3251_From_20080102_to_20080106,2008-01-02,2008-01-06,pilot_centroid,moderate,28.022,Jalan Cipinang Cempedak I,tertiary,98090600,8520330753,8520330756,0,250,0.75,0.05,coarse-modis-250m,210097.739,0.963299,0.963299,0.0,0.0,0.0,negative,moderate,
osm-8520330756-6459026538-0,DFO_3251_From_20080102_to_20080106,2008-01-02,2008-01-06,pilot_centroid,moderate,109.85,Jalan Cipinang Cempedak I,tertiary,98090600,8520330756,6459026538,0,250,0.75,0.05,coarse-modis-250m,251037.192,0.969182,0.969182,0.0,0.0,0.0,negative,moderate,
osm-8523204009-8523204012-0,DFO_3251_From_20080102_to_20080106,2008-01-02,2008-01-06,pilot_centroid,moderate,11.655,Unnamed OSM road,residential,1230679158,8523204009,8523204012,0,250,0.75,0.05,coarse-modis-250m,201909.384,0.961736,0.961736,0.0,0.0,0.0,negative,moderate,
osm-8523204012-9013720102-0,DFO_3251_From_20080102_to_20080106,2008-01-02,2008-01-06,pilot_centroid,moderate,21.738,Unnamed OSM road,residential,973983902,8523204012,9013720102,0,250,0.75,0.05,coarse-modis-250m,206953.978,0.962649,0.962649,0.0,0.0,0.0,negative,moderate,
osm-8547875909-1359134207-0,DFO_3251_From_20080102_to_20080106,2008-01-02,2008-01-06,pilot_centroid,moderate,19.905,Jalan Radin Inten,primary,119909339,8547875909,1359134207,0,250,0.75,0.05,coarse-modis-250m,206037.001,0.962555,0.962555,0.0,0.0,0.0,negative,moderate,
osm-8555984047-9622773431-0,DFO_3251_From_20080102_to_20080106,2008-01-02,2008-01-06,pilot_centroid,moderate,36.952,Jalan Matraman,primary,278788931,8555984047,9622773431,0,250,0.75,0.05,coarse-modis-250m,214565.429,0.963584,0.963584,0.0,0.0,0.0,negative,moderate,
osm-8562305801-1135179404-0,DFO_3251_From_20080102_to_20080106,2008-01-02,2008-01-06,pilot_centroid,moderate,38.841,Jalan Cipinang Cempedak,tertiary,484862898|484862899|486051251,8562305801,1135179404,0,250,0.75,0.05,coarse-modis-250m,215445.24,0.966731,0.966731,0.0,0.0,0.0,negative,moderate,
osm-8609186468-9013826103-0,DFO_3251_From_20080102_to_20080106,2008-01-02,2008-01-06,pilot_centroid,moderate,33.121,Jalan Salemba Raya,primary,815231911,8609186468,9013826103,0,250,0.75,0.05,coarse-modis-250m,212648.871,0.964418,0.964418,0.0,0.0,0.0,negative,moderate,
osm-8749112680-1682844228-0,DFO_3251_From_20080102_to_20080106,2008-01-02,2008-01-06,pilot_centroid,moderate,223.844,Jalan Dokter KRT Radjiman Widyodiningrat,primary,1040471431,8749112680,1682844228,0,250,0.75,0.05,coarse-modis-250m,308060.792,0.973401,0.973401,0.0,0.0,0.0,negative,moderate,
osm-8772028147-4776237953-0,DFO_3251_From_20080102_to_20080106,2008-01-02,2008-01-06,pilot_centroid,moderate,189.248,Jalan Otto Iskandar Dinata,primary,691253232|691253233,8772028147,4776237953,0,250,0.75,0.05,coarse-modis-250m,290761.168,0.972166,0.972166,0.0,0.0,0.0,negative,moderate,
osm-8789425687-9003229253-0,DFO_3251_From_20080102_to_20080106,2008-01-02,2008-01-06,pilot_centroid,moderate,14.7,Jalan Radin Inten,primary,119909339,8789425687,9003229253,0,250,0.75,0.05,coarse-modis-250m,203432.977,0.962119,0.962119,0.0,0.0,0.0,negative,moderate,
osm-8796979647-9018975643-0,DFO_3251_From_20080102_to_20080106,2008-01-02,2008-01-06,pilot_centroid,moderate,22.765,Jalan Insinyur Haji Juanda,secondary,696175331,8796979647,9018975643,0,250,0.75,0.05,coarse-modis-250m,207467.939,0.962429,0.962429,0.0,0.0,0.0,negative,moderate,
osm-8810858536-4836392299-0,DFO_3251_From_20080102_to_20080106,2008-01-02,2008-01-06,pilot_centroid,moderate,107.859,Jalan Cipinang Indah I,tertiary,98075001,8810858536,4836392299,0,250,0.75,0.05,coarse-modis-250m,250031.065,0.970904,0.970904,0.0,0.0,0.0,negative,moderate,
osm-8811305451-317156534-0,DFO_3251_From_20080102_to_20080106,2008-01-02,2008-01-06,pilot_centroid,moderate,45.312,Jalan Profesor Doktor Satrio,primary,495447738,8811305451,317156534,0,250,0.75,0.05,coarse-modis-250m,218748.235,0.964433,0.964433,0.0,0.0,0.0,negative,moderate,
osm-8811850651-9533955736-0,DFO_3251_From_20080102_to_20080106,2008-01-02,2008-01-06,pilot_centroid,moderate,20.706,Jalan Pulokambing II,residential,686924182,8811850651,9533955736,0,250,0.75,0.05,coarse-modis-250m,206437.706,0.962505,0.962505,0.0,0.0,0.0,negative,moderate,
osm-8992056526-12745136709-0,DFO_3251_From_20080102_to_20080106,2008-01-02,2008-01-06,pilot_centroid,moderate,78.639,Jalan Kramat Kwitang,primary,28216524|1494643071,8992056526,12745136709,0,250,0.75,0.05,coarse-modis-250m,235416.744,0.966503,0.966503,0.0,0.0,0.0,negative,moderate,
osm-8992744188-9676145373-0,DFO_3251_From_20080102_to_20080106,2008-01-02,2008-01-06,pilot_centroid,moderate,10.477,Jalan Kebon Sirih,primary,18056345,8992744188,9676145373,0,250,0.75,0.05,coarse-modis-250m,201319.975,0.961679,0.961679,0.0,0.0,0.0,negative,moderate,
osm-8995440646-7059042271-0,DFO_3251_From_20080102_to_20080106,2008-01-02,2008-01-06,pilot_centroid,moderate,9.512,Jalan Kebon Sirih,primary,18056345,8995440646,7059042271,0,250,0.75,0.05,coarse-modis-250m,200837.001,0.961649,0.961649,0.0,0.0,0.0,negative,moderate,
osm-9002723306-4466078450-0,DFO_3251_From_20080102_to_20080106,2008-01-02,2008-01-06,pilot_centroid,moderate,39.273,Jalan Suryopranoto,primary,1226244434|449670326,9002723306,4466078450,0,250,0.75,0.05,coarse-modis-250m,215725.678,0.964451,0.964451,0.0,0.0,0.0,negative,moderate,
osm-9003037183-9003037188-0,DFO_3251_From_20080102_to_20080106,2008-01-02,2008-01-06,pilot_centroid,moderate,76.198,Jalan Radin Inten,primary,119909339,9003037183,9003037188,0,250,0.75,0.05,coarse-modis-250m,234200.106,0.966418,0.966418,0.0,0.0,0.0,negative,moderate,
osm-9003037188-4999344324-0,DFO_3251_From_20080102_to_20080106,2008-01-02,2008-01-06,pilot_centroid,moderate,12.353,Jalan Radin Inten,primary,119909339,9003037188,4999344324,0,250,0.75,0.05,coarse-modis-250m,202258.373,0.961886,0.961886,0.0,0.0,0.0,negative,moderate,
osm-9003037197-9003037205-0,DFO_3251_From_20080102_to_20080106,2008-01-02,2008-01-06,pilot_centroid,moderate,17.858,Jalan Radin Inten,primary,119909339,9003037197,9003037205,0,250,0.75,0.05,coarse-modis-250m,205012.752,0.962346,0.962346,0.0,0.0,0.0,negative,moderate,
osm-9003037205-8547875909-0,DFO_3251_From_20080102_to_20080106,2008-01-02,2008-01-06,pilot_centroid,moderate,107.747,Jalan Radin Inten,primary,119909339,9003037205,8547875909,0,250,0.75,0.05,coarse-modis-250m,249984.455,0.968272,0.968272,0.0,0.0,0.0,negative,moderate,
osm-9003229253-9003229257-0,DFO_3251_From_20080102_to_20080106,2008-01-02,2008-01-06,pilot_centroid,moderate,57.158,Jalan Radin Inten,primary,119909339,9003229253,9003229257,0,250,0.75,0.05,coarse-modis-250m,224675.254,0.965233,0.965233,0.0,0.0,0.0,negative,moderate,
osm-9003229257-9009429368-0,DFO_3251_From_20080102_to_20080106,2008-01-02,2008-01-06,pilot_centroid,moderate,52.073,Jalan Radin Inten,primary,119909339,9003229257,9009429368,0,250,0.75,0.05,coarse-modis-250m,222131.196,0.964943,0.964943,0.0,0.0,0.0,negative,moderate,
osm-9003292724-9506862589-0,DFO_3251_From_20080102_to_20080106,2008-01-02,2008-01-06,pilot_centroid,moderate,38.145,Jalan Letnan Jenderal Siswondo Parman,trunk,688117572,9003292724,9506862589,0,250,0.75,0.05,coarse-modis-250m,215162.736,0.963826,0.963826,0.0,0.0,0.0,negative,moderate,
osm-9004158961-9028323630-0,DFO_3251_From_20080102_to_20080106,2008-01-02,2008-01-06,pilot_centroid,moderate,26.597,Jalan Jenderal Ahmad Yani,trunk,758734352,9004158961,9028323630,0,250,0.75,0.05,coarse-modis-250m,209385.06,0.96312,0.96312,0.0,0.0,0.0,negative,moderate,
osm-9009175767-3266396597-0,DFO_3251_From_20080102_to_20080106,2008-01-02,2008-01-06,pilot_centroid,moderate,46.92,Jalan Letnan Jenderal Siswondo Parman,trunk,688087384,9009175767,3266396597,0,250,0.75,0.05,coarse-modis-250m,219493.089,0.966249,0.966249,0.0,0.0,0.0,negative,moderate,
osm-9009398139-4849427408-0,DFO_3251_From_20080102_to_20080106,2008-01-02,2008-01-06,pilot_centroid,moderate,31.526,Jalan Letnan Jenderal Suprapto,primary,696668229,9009398139,4849427408,0,250,0.75,0.05,coarse-modis-250m,211850.895,0.963425,0.963425,0.0,0.0,0.0,negative,moderate,
osm-9009429368-9009429371-0,DFO_3251_From_20080102_to_20080106,2008-01-02,2008-01-06,pilot_centroid,moderate,37.507,Jalan Radin Inten,primary,119909339,9009429368,9009429371,0,250,0.75,0.05,coarse-modis-250m,214843.234,0.963849,0.963849,0.0,0.0,0.0,negative,moderate,
osm-9009429371-9003037183-0,DFO_3251_From_20080102_to_20080106,2008-01-02,2008-01-06,pilot_centroid,moderate,14.475,Jalan Radin Inten,primary,119909339,9009429371,9003037183,0,250,0.75,0.05,coarse-modis-250m,203320.03,0.962056,0.962056,0.0,0.0,0.0,negative,moderate,
osm-9009429383-9003037197-0,DFO_3251_From_20080102_to_20080106,2008-01-02,2008-01-06,pilot_centroid,moderate,59.726,Jalan Radin Inten,primary,119909339,9009429383,9003037197,0,250,0.75,0.05,coarse-modis-250m,225955.321,0.96537,0.96537,0.0,0.0,0.0,negative,moderate,
osm-9009474493-6471563890-0,DFO_3251_From_20080102_to_20080106,2008-01-02,2008-01-06,pilot_centroid,moderate,38.03,Jalan Letnan Jenderal Suprapto,primary,492988946,9009474493,6471563890,0,250,0.75,0.05,coarse-modis-250m,215105.038,0.964082,0.964082,0.0,0.0,0.0,negative,moderate,
osm-9009656613-8488921432-0,DFO_3251_From_20080102_to_20080106,2008-01-02,2008-01-06,pilot_centroid,moderate,35.905,Jalan Salemba Raya,primary,699651421,9009656613,8488921432,0,250,0.75,0.05,coarse-modis-250m,214042.147,0.963644,0.963644,0.0,0.0,0.0,negative,moderate,
osm-9009735918-9013826100-0,DFO_3251_From_20080102_to_20080106,2008-01-02,2008-01-06,pilot_centroid,moderate,17.926,Jalan Salemba Raya,primary,699651421,9009735918,9013826100,0,250,0.75,0.05,coarse-modis-250m,205046.642,0.962262,0.962262,0.0,0.0,0.0,negative,moderate,
osm-9013059177-9013720103-0,DFO_3251_From_20080102_to_20080106,2008-01-02,2008-01-06,pilot_centroid,moderate,23.527,Jalan Pemuda,primary,28775346,9013059177,9013720103,0,250,0.75,0.05,coarse-modis-250m,207847.972,0.962987,0.962987,0.0,0.0,0.0,negative,moderate,
osm-9013059182-9013059177-0,DFO_3251_From_20080102_to_20080106,2008-01-02,2008-01-06,pilot_centroid,moderate,31.55,Jalan Pemuda,primary,28775346,9013059182,9013059177,0,250,0.75,0.05,coarse-modis-250m,211863.161,0.963641,0.963641,0.0,0.0,0.0,negative,moderate,
osm-9013059183-316412146-0,DFO_3251_From_20080102_to_20080106,2008-01-02,2008-01-06,pilot_centroid,moderate,74.126,Jalan Pemuda,primary,28775346,9013059183,316412146,0,250,0.75,0.05,coarse-modis-250m,233164.33,0.965741,0.965741,0.0,0.0,0.0,negative,moderate,
osm-9013720082-316412131-0,DFO_3251_From_20080102_to_20080106,2008-01-02,2008-01-06,pilot_centroid,moderate,30.058,Jalan Pemuda,primary,1052899125,9013720082,316412131,0,250,0.75,0.05,coarse-modis-250m,211116.432,0.962955,0.962955,0.0,0.0,0.0,negative,moderate,
osm-9013720084-5655187222-0,DFO_3251_From_20080102_to_20080106,2008-01-02,2008-01-06,pilot_centroid,moderate,14.913,Jalan Pemuda,primary,28775346,9013720084,5655187222,0,250,0.75,0.05,coarse-modis-250m,203539.224,0.962273,0.962273,0.0,0.0,0.0,negative,moderate,
osm-9013720087-9013720094-0,DFO_3251_From_20080102_to_20080106,2008-01-02,2008-01-06,pilot_centroid,moderate,29.367,Jalan Pemuda,primary,28775346,9013720087,9013720094,0,250,0.75,0.05,coarse-modis-250m,210770.641,0.963493,0.963493,0.0,0.0,0.0,negative,moderate,
osm-9013720094-9013720084-0,DFO_3251_From_20080102_to_20080106,2008-01-02,2008-01-06,pilot_centroid,moderate,13.885,Jalan Pemuda,primary,28775346,9013720094,9013720084,0,250,0.75,0.05,coarse-modis-250m,203024.865,0.962153,0.962153,0.0,0.0,0.0,negative,moderate,
osm-9013720101-9013720087-0,DFO_3251_From_20080102_to_20080106,2008-01-02,2008-01-06,pilot_centroid,moderate,27.802,Jalan Pemuda,primary,28775346,9013720101,9013720087,0,250,0.75,0.05,coarse-modis-250m,209988.071,0.963365,0.963365,0.0,0.0,0.0,negative,moderate,
osm-9013720102-9013720101-0,DFO_3251_From_20080102_to_20080106,2008-01-02,2008-01-06,pilot_centroid,moderate,33.131,Jalan Pemuda,primary,28775346,9013720102,9013720101,0,250,0.75,0.05,coarse-modis-250m,212653.9,0.963763,0.963763,0.0,0.0,0.0,negative,moderate,
osm-9013720103-8523204009-0,DFO_3251_From_20080102_to_20080106,2008-01-02,2008-01-06,pilot_centroid,moderate,21.23,Unnamed OSM road,residential,973983903,9013720103,8523204009,0,250,0.75,0.05,coarse-modis-250m,206699.685,0.962552,0.962552,0.0,0.0,0.0,negative,moderate,
osm-9013720103-9013720102-0,DFO_3251_From_20080102_to_20080106,2008-01-02,2008-01-06,pilot_centroid,moderate,13.281,Jalan Pemuda,primary,28775346,9013720103,9013720102,0,250,0.75,0.05,coarse-modis-250m,202722.713,0.962005,0.962005,0.0,0.0,0.0,negative,moderate,
osm-9013826100-7614917300-0,DFO_3251_From_20080102_to_20080106,2008-01-02,2008-01-06,pilot_centroid,moderate,59.454,Jalan Salemba Raya,primary,699651421|711243598,9013826100,7614917300,0,250,0.75,0.05,coarse-modis-250m,225823.837,0.965187,0.965187,0.0,0.0,0.0,negative,moderate,
osm-9013826103-9009656613-0,DFO_3251_From_20080102_to_20080106,2008-01-02,2008-01-06,pilot_centroid,moderate,66.87,Jalan Salemba Raya,primary,699651421|815231911,9013826103,9009656613,0,250,0.75,0.05,coarse-modis-250m,229531.172,0.96594,0.96594,0.0,0.0,0.0,negative,moderate,
osm-9013826114-5377076560-0,DFO_3251_From_20080102_to_20080106,2008-01-02,2008-01-06,pilot_centroid,moderate,7.742,Jalan Salemba Raya,primary,830698409,9013826114,5377076560,0,250,0.75,0.05,coarse-modis-250m,199951.42,0.961388,0.961388,0.0,0.0,0.0,negative,moderate,
osm-9013840117-13719672649-0,DFO_3251_From_20080102_to_20080106,2008-01-02,2008-01-06,pilot_centroid,moderate,16.709,Jalan Salemba Raya,primary,689177647,9013840117,13719672649,0,250,0.75,0.05,coarse-modis-250m,204438.083,0.962167,0.962167,0.0,0.0,0.0,negative,moderate,
osm-9013840120-9013840117-0,DFO_3251_From_20080102_to_20080106,2008-01-02,2008-01-06,pilot_centroid,moderate,7.197,Jalan Salemba Raya,primary,689177647,9013840120,9013840117,0,250,0.75,0.05,coarse-modis-250m,199679.034,0.961514,0.961514,0.0,0.0,0.0,negative,moderate,
osm-9013891773-329019970-0,DFO_3251_From_20080102_to_20080106,2008-01-02,2008-01-06,pilot_centroid,moderate,54.655,Jalan Salemba Raya,primary,713585209,9013891773,329019970,0,250,0.75,0.05,coarse-modis-250m,223423.081,0.965178,0.965178,0.0,0.0,0.0,negative,moderate,
osm-9013891776-4750115944-0,DFO_3251_From_20080102_to_20080106,2008-01-02,2008-01-06,pilot_centroid,moderate,48.17,Jalan Salemba Raya,primary,685613008,9013891776,4750115944,0,250,0.75,0.05,coarse-modis-250m,220178.187,0.964537,0.964537,0.0,0.0,0.0,negative,moderate,
osm-9013891781-328876219-0,DFO_3251_From_20080102_to_20080106,2008-01-02,2008-01-06,pilot_centroid,moderate,27.88,Jalan Salemba Raya,primary,1525581082,9013891781,328876219,0,250,0.75,0.05,coarse-modis-250m,210026.964,0.96307,0.96307,0.0,0.0,0.0,negative,moderate,
osm-9013891783-9013891781-0,DFO_3251_From_20080102_to_20080106,2008-01-02,2008-01-06,pilot_centroid,moderate,20.103,Jalan Salemba Raya,primary,1525581082,9013891783,9013891781,0,250,0.75,0.05,coarse-modis-250m,206136.191,0.962545,0.962545,0.0,0.0,0.0,negative,moderate,
osm-9013899871-29939143-0,DFO_3251_From_20080102_to_20080106,2008-01-02,2008-01-06,pilot_centroid,moderate,22.99,Jalan Garuda,secondary,37018609,9013899871,29939143,0,250,0.75,0.05,coarse-modis-250m,207580.311,0.962673,0.962673,0.0,0.0,0.0,negative,moderate,
osm-9015877327-309687605-0,DFO_3251_From_20080102_to_20080106,2008-01-02,2008-01-06,pilot_centroid,moderate,32.29,Jalan Denpasar Raya,tertiary,28194353,9015877327,309687605,0,250,0.75,0.05,coarse-modis-250m,212233.399,0.962826,0.962826,0.0,0.0,0.0,negative,moderate,
osm-9015877330-9015877335-0,DFO_3251_From_20080102_to_20080106,2008-01-02,2008-01-06,pilot_centroid,moderate,34.835,Jalan Denpasar Raya,tertiary,28194353,9015877330,9015877335,0,250,0.75,0.05,coarse-modis-250m,213506.709,0.963666,0.963666,0.0,0.0,0.0,negative,moderate,
osm-9015877335-10082667802-0,DFO_3251_From_20080102_to_20080106,2008-01-02,2008-01-06,pilot_centroid,moderate,50.862,Jalan Denpasar Raya,tertiary,28194353,9015877335,10082667802,0,250,0.75,0.05,coarse-modis-250m,221525.322,0.96477,0.96477,0.0,0.0,0.0,negative,moderate,
osm-9016841536-8509445105-0,DFO_3251_From_20080102_to_20080106,2008-01-02,2008-01-06,pilot_centroid,moderate,61.553,Jalan Pedurenan Masjid Raya,tertiary,392820646,9016841536,8509445105,0,250,0.75,0.05,coarse-modis-250m,226870.995,0.965424,0.965424,0.0,0.0,0.0,negative,moderate,
osm-9018975643-186849138-0,DFO_3251_From_20080102_to_20080106,2008-01-02,2008-01-06,pilot_centroid,moderate,29.444,Jalan Insinyur Haji Juanda,secondary,696175331,9018975643,186849138,0,250,0.75,0.05,coarse-modis-250m,210809.482,0.963577,0.963577,0.0,0.0,0.0,negative,moderate,
osm-9019103699-12404878653-0,DFO_3251_From_20080102_to_20080106,2008-01-02,2008-01-06,pilot_centroid,moderate,91.752,Jalan Insinyur Haji Juanda,secondary,11670123,9019103699,12404878653,0,250,0.75,0.05,coarse-modis-250m,241980.667,0.967221,0.967221,0.0,0.0,0.0,negative,moderate,
osm-9019104733-9019646229-0,DFO_3251_From_20080102_to_20080106,2008-01-02,2008-01-06,pilot_centroid,moderate,70.281,Jalan Penjernihan 1,primary,169300294,9019104733,9019646229,0,250,0.75,0.05,coarse-modis-250m,231240.924,0.966057,0.966057,0.0,0.0,0.0,negative,moderate,
osm-9019122232-4833946442-0,DFO_3251_From_20080102_to_20080106,2008-01-02,2008-01-06,pilot_centroid,moderate,56.134,Jalan Salemba Raya,primary,766198364|713583502,9019122232,4833946442,0,250,0.75,0.05,coarse-modis-250m,224160.672,0.965102,0.965102,0.0,0.0,0.0,negative,moderate,
osm-9019646229-6336788287-0,DFO_3251_From_20080102_to_20080106,2008-01-02,2008-01-06,pilot_centroid,moderate,77.033,Jalan Penjernihan 1,primary,169300294,9019646229,6336788287,0,250,0.75,0.05,coarse-modis-250m,234618.834,0.966679,0.966679,0.0,0.0,0.0,negative,moderate,
osm-9027876825-13701804574-0,DFO_3251_From_20080102_to_20080106,2008-01-02,2008-01-06,pilot_centroid,moderate,31.618,Jalan Raya Casablanca,primary,28847137,9027876825,13701804574,0,250,0.75,0.05,coarse-modis-250m,211897.034,0.768337,0.768337,0.0,0.0,0.0,unknown,excluded,insufficient_source_coverage
osm-9028008487-8481827349-0,DFO_3251_From_20080102_to_20080106,2008-01-02,2008-01-06,pilot_centroid,moderate,185.721,Jalan Pemuda,primary,763467199,9028008487,8481827349,0,250,0.75,0.05,coarse-modis-250m,288996.843,0.972037,0.972037,0.0,0.0,0.0,negative,moderate,
osm-9028323630-310327453-0,DFO_3251_From_20080102_to_20080106,2008-01-02,2008-01-06,pilot_centroid,moderate,8.577,Jalan Jenderal Ahmad Yani,trunk,987371613,9028323630,310327453,0,250,0.75,0.05,coarse-modis-250m,200369.475,0.961502,0.961502,0.0,0.0,0.0,negative,moderate,
osm-9031074981-9032080369-0,DFO_3251_From_20080102_to_20080106,2008-01-02,2008-01-06,pilot_centroid,moderate,37.975,Jalan Kebon Sirih,primary,18056345,9031074981,9032080369,0,250,0.75,0.05,coarse-modis-250m,215077.505,0.964348,0.964348,0.0,0.0,0.0,negative,moderate,
osm-9031074998-29938988-0,DFO_3251_From_20080102_to_20080106,2008-01-02,2008-01-06,pilot_centroid,moderate,13.05,Jalan Kebon Sirih,primary,18056345,9031074998,29938988,0,250,0.75,0.05,coarse-modis-250m,202607.244,0.961952,0.961952,0.0,0.0,0.0,negative,moderate,
osm-9031322607-9534502212-0,DFO_3251_From_20080102_to_20080106,2008-01-02,2008-01-06,pilot_centroid,moderate,16.318,Jalan Kebon Sirih,primary,18056345,9031322607,9534502212,0,250,0.75,0.05,coarse-modis-250m,204242.276,0.96229,0.96229,0.0,0.0,0.0,negative,moderate,
osm-9031322608-9032054237-0,DFO_3251_From_20080102_to_20080106,2008-01-02,2008-01-06,pilot_centroid,moderate,13.172,Jalan Kebon Sirih,primary,18056345,9031322608,9032054237,0,250,0.75,0.05,coarse-modis-250m,202668.314,0.96192,0.96192,0.0,0.0,0.0,negative,moderate,
osm-9031322613-9031325917-0,DFO_3251_From_20080102_to_20080106,2008-01-02,2008-01-06,pilot_centroid,moderate,7.699,Jalan Kebon Sirih,primary,18056345,9031322613,9031325917,0,250,0.75,0.05,coarse-modis-250m,199929.904,0.961461,0.961461,0.0,0.0,0.0,negative,moderate,
osm-9031325917-9032054242-0,DFO_3251_From_20080102_to_20080106,2008-01-02,2008-01-06,pilot_centroid,moderate,11.377,Jalan Kebon Sirih,primary,18056345,9031325917,9032054242,0,250,0.75,0.05,coarse-modis-250m,201770.228,0.961813,0.961813,0.0,0.0,0.0,negative,moderate,
osm-9031325921-9031325924-0,DFO_3251_From_20080102_to_20080106,2008-01-02,2008-01-06,pilot_centroid,moderate,11.731,Jalan Kebon Sirih,primary,18056345,9031325921,9031325924,0,250,0.75,0.05,coarse-modis-250m,201947.566,0.961797,0.961797,0.0,0.0,0.0,negative,moderate,
osm-9031325924-9032054246-0,DFO_3251_From_20080102_to_20080106,2008-01-02,2008-01-06,pilot_centroid,moderate,2.747,Jalan Kebon Sirih,primary,18056345,9031325924,9032054246,0,250,0.75,0.05,coarse-modis-250m,197452.696,0.961253,0.961253,0.0,0.0,0.0,negative,moderate,
osm-9031325928-9031325930-0,DFO_3251_From_20080102_to_20080106,2008-01-02,2008-01-06,pilot_centroid,moderate,9.174,Jalan Kebon Sirih,primary,18056345,9031325928,9031325930,0,250,0.75,0.05,coarse-modis-250m,200668.935,0.961689,0.961689,0.0,0.0,0.0,negative,moderate,
osm-9031325930-5671605060-0,DFO_3251_From_20080102_to_20080106,2008-01-02,2008-01-06,pilot_centroid,moderate,33.322,Jalan Kebon Sirih,primary,18056345,9031325930,5671605060,0,250,0.75,0.05,coarse-modis-250m,212749.677,0.96338,0.96338,0.0,0.0,0.0,negative,moderate,
osm-9031325937-315469600-0,DFO_3251_From_20080102_to_20080106,2008-01-02,2008-01-06,pilot_centroid,moderate,16.916,Jalan Kebon Sirih,primary,18056345,9031325937,315469600,0,250,0.75,0.05,coarse-modis-250m,204541.398,0.962144,0.962144,0.0,0.0,0.0,negative,moderate,
osm-9031905436-5671605063-0,DFO_3251_From_20080102_to_20080106,2008-01-02,2008-01-06,pilot_centroid,moderate,13.249,Jalan Kebon Sirih,primary,719606918,9031905436,5671605063,0,250,0.75,0.05,coarse-modis-250m,202706.948,0.961857,0.961857,0.0,0.0,0.0,negative,moderate,
osm-9031905443-13586870988-0,DFO_3251_From_20080102_to_20080106,2008-01-02,2008-01-06,pilot_centroid,moderate,19.364,Jalan Kebon Sirih,primary,719606918,9031905443,13586870988,0,250,0.75,0.05,coarse-modis-250m,205766.2,0.962346,0.962346,0.0,0.0,0.0,negative,moderate,
osm-9031905452-9032080360-0,DFO_3251_From_20080102_to_20080106,2008-01-02,2008-01-06,pilot_centroid,moderate,13.027,Jalan Kebon Sirih,primary,18056345,9031905452,9032080360,0,250,0.75,0.05,coarse-modis-250m,202595.847,0.961834,0.961834,0.0,0.0,0.0,negative,moderate,
osm-9031970386-9034366567-0,DFO_3251_From_20080102_to_20080106,2008-01-02,2008-01-06,pilot_centroid,moderate,19.195,Jalan Otto Iskandar Dinata,primary,791643153,9031970386,9034366567,0,250,0.75,0.05,coarse-modis-250m,205681.572,0.962453,0.962453,0.0,0.0,0.0,negative,moderate,
osm-9032054232-9031322608-0,DFO_3251_From_20080102_to_20080106,2008-01-02,2008-01-06,pilot_centroid,moderate,7.577,Jalan Kebon Sirih,primary,18056345,9032054232,9031322608,0,250,0.75,0.05,coarse-modis-250m,199868.834,0.961528,0.961528,0.0,0.0,0.0,negative,moderate,
osm-9032054237-9031322613-0,DFO_3251_From_20080102_to_20080106,2008-01-02,2008-01-06,pilot_centroid,moderate,10.214,Jalan Kebon Sirih,primary,18056345,9032054237,9031322613,0,250,0.75,0.05,coarse-modis-250m,201188.182,0.961616,0.961616,0.0,0.0,0.0,negative,moderate,
osm-9032054242-9031325921-0,DFO_3251_From_20080102_to_20080106,2008-01-02,2008-01-06,pilot_centroid,moderate,9.892,Jalan Kebon Sirih,primary,18056345,9032054242,9031325921,0,250,0.75,0.05,coarse-modis-250m,201027.403,0.96157,0.96157,0.0,0.0,0.0,negative,moderate,
osm-9032054246-9032054249-0,DFO_3251_From_20080102_to_20080106,2008-01-02,2008-01-06,pilot_centroid,moderate,8.707,Jalan Kebon Sirih,primary,18056345,9032054246,9032054249,0,250,0.75,0.05,coarse-modis-250m,200434.319,0.961615,0.961615,0.0,0.0,0.0,negative,moderate,
osm-9032054249-9032054253-0,DFO_3251_From_20080102_to_20080106,2008-01-02,2008-01-06,pilot_centroid,moderate,14.734,Jalan Kebon Sirih,primary,18056345,9032054249,9032054253,0,250,0.75,0.05,coarse-modis-250m,203449.775,0.962149,0.962149,0.0,0.0,0.0,negative,moderate,
osm-9032054253-9031325928-0,DFO_3251_From_20080102_to_20080106,2008-01-02,2008-01-06,pilot_centroid,moderate,14.046,Jalan Kebon Sirih,primary,18056345,9032054253,9031325928,0,250,0.75,0.05,coarse-modis-250m,203105.78,0.962165,0.962165,0.0,0.0,0.0,negative,moderate,
osm-9032080348-9032080354-0,DFO_3251_From_20080102_to_20080106,2008-01-02,2008-01-06,pilot_centroid,moderate,24.172,Jalan Kebon Sirih,primary,18056345,9032080348,9032080354,0,250,0.75,0.05,coarse-modis-250m,208171.66,0.963015,0.963015,0.0,0.0,0.0,negative,moderate,
osm-9032080354-9031905452-0,DFO_3251_From_20080102_to_20080106,2008-01-02,2008-01-06,pilot_centroid,moderate,14.556,Jalan Kebon Sirih,primary,18056345,9032080354,9031905452,0,250,0.75,0.05,coarse-modis-250m,203360.748,0.962039,0.962039,0.0,0.0,0.0,negative,moderate,
osm-9032080360-9032080363-0,DFO_3251_From_20080102_to_20080106,2008-01-02,2008-01-06,pilot_centroid,moderate,14.634,Jalan Kebon Sirih,primary,18056345,9032080360,9032080363,0,250,0.75,0.05,coarse-modis-250m,203399.744,0.962198,0.962198,0.0,0.0,0.0,negative,moderate,
osm-9032080363-9031074998-0,DFO_3251_From_20080102_to_20080106,2008-01-02,2008-01-06,pilot_centroid,moderate,20.427,Jalan Kebon Sirih,primary,18056345,9032080363,9031074998,0,250,0.75,0.05,coarse-modis-250m,206298.218,0.96245,0.96245,0.0,0.0,0.0,negative,moderate,
osm-9032080365-9032080348-0,DFO_3251_From_20080102_to_20080106,2008-01-02,2008-01-06,pilot_centroid,moderate,6.414,Jalan Kebon Sirih,primary,18056345,9032080365,9032080348,0,250,0.75,0.05,coarse-modis-250m,199287.145,0.961343,0.961343,0.0,0.0,0.0,negative,moderate,
osm-9032080369-5373820573-0,DFO_3251_From_20080102_to_20080106,2008-01-02,2008-01-06,pilot_centroid,moderate,20.172,Jalan Kebon Sirih,primary,18056345,9032080369,5373820573,0,250,0.75,0.05,coarse-modis-250m,206170.555,0.962302,0.962302,0.0,0.0,0.0,negative,moderate,
osm-9034273143-8510661425-0,DFO_3251_From_20080102_to_20080106,2008-01-02,2008-01-06,pilot_centroid,moderate,10.72,Jalan Otto Iskandar Dinata,primary,691253232,9034273143,8510661425,0,250,0.75,0.05,coarse-modis-250m,201441.684,0.961776,0.961776,0.0,0.0,0.0,negative,moderate,
osm-9034273150-9034273143-0,DFO_3251_From_20080102_to_20080106,2008-01-02,2008-01-06,pilot_centroid,moderate,8.863,Jalan Otto Iskandar Dinata,primary,691253232,9034273150,9034273143,0,250,0.75,0.05,coarse-modis-250m,200512.558,0.961488,0.961488,0.0,0.0,0.0,negative,moderate,
osm-9034366567-352915237-0,DFO_3251_From_20080102_to_20080106,2008-01-02,2008-01-06,pilot_centroid,moderate,12.827,Jalan Otto Iskandar Dinata,primary,1282308982,9034366567,352915237,0,250,0.75,0.05,coarse-modis-250m,202495.846,0.961913,0.961913,0.0,0.0,0.0,negative,moderate,
osm-9036874926-95022385-0,DFO_3251_From_20080102_to_20080106,2008-01-02,2008-01-06,pilot_centroid,moderate,43.335,Jalan Kalimalang,primary,685347199,9036874926,95022385,0,250,0.75,0.05,coarse-modis-250m,217755.67,0.963895,0.963895,0.0,0.0,0.0,negative,moderate,
osm-9037288082-7044795934-0,DFO_3251_From_20080102_to_20080106,2008-01-02,2008-01-06,pilot_centroid,moderate,43.328,Jalan Kolonel Soegiono,primary,754062956,9037288082,7044795934,0,250,0.75,0.05,coarse-modis-250m,217755.921,0.964445,0.964445,0.0,0.0,0.0,negative,moderate,
osm-9064994805-7647950148-0,DFO_3251_From_20080102_to_20080106,2008-01-02,2008-01-06,pilot_centroid,moderate,25.412,Jalan Otto Iskandar Dinata,primary,28765421,9064994805,7647950148,0,250,0.75,0.05,coarse-modis-250m,208792.088,0.962796,0.962796,0.0,0.0,0.0,negative,moderate,
osm-9075741774-4546076824-0,DFO_3251_From_20080102_to_20080106,2008-01-02,2008-01-06,pilot_centroid,moderate,19.996,Jalan Kebon Sirih,primary,248618360,9075741774,4546076824,0,250,0.75,0.05,coarse-modis-250m,206082.238,0.96241,0.96241,0.0,0.0,0.0,negative,moderate,
osm-9075741779-9075741774-0,DFO_3251_From_20080102_to_20080106,2008-01-02,2008-01-06,pilot_centroid,moderate,12.762,Jalan Kebon Sirih,primary,248618360,9075741779,9075741774,0,250,0.75,0.05,coarse-modis-250m,202463.018,0.961879,0.961879,0.0,0.0,0.0,negative,moderate,
osm-9076429426-2399364732-0,DFO_3251_From_20080102_to_20080106,2008-01-02,2008-01-06,pilot_centroid,moderate,119.319,Jalan Bekasi Raya,trunk,764298931,9076429426,2399364732,0,250,0.75,0.05,coarse-modis-250m,255775.065,0.968865,0.968865,0.0,0.0,0.0,negative,moderate,
osm-9110087936-9694832554-0,DFO_3251_From_20080102_to_20080106,2008-01-02,2008-01-06,pilot_centroid,moderate,30.931,Jalan Kyai Haji Mas Mansyur,primary,1253507712|1253507713,9110087936,9694832554,0,250,0.75,0.05,coarse-modis-250m,211551.577,0.963352,0.963352,0.0,0.0,0.0,negative,moderate,
osm-9118916175-1695811540-0,DFO_3251_From_20080102_to_20080106,2008-01-02,2008-01-06,pilot_centroid,moderate,12.805,Jalan Karet Sawah II,residential,485066386,9118916175,1695811540,0,250,0.75,0.05,coarse-modis-250m,202484.632,0.961778,0.961778,0.0,0.0,0.0,negative,moderate,
osm-9144167875-4488259486-0,DFO_3251_From_20080102_to_20080106,2008-01-02,2008-01-06,pilot_centroid,moderate,81.009,Jalan Kebon Sirih,primary,28216264|1370010724,9144167875,4488259486,0,250,0.75,0.05,coarse-modis-250m,236604.076,0.96688,0.96688,0.0,0.0,0.0,negative,moderate,
osm-9465024317-309824174-0,DFO_3251_From_20080102_to_20080106,2008-01-02,2008-01-06,pilot_centroid,moderate,516.786,Jalan Tol Dalam Kota Jakarta,motorway,1221537685|1221537686|749708021|749708022,9465024317,309824174,0,250,0.75,0.05,coarse-modis-250m,454592.281,0.980664,0.980664,0.0,0.0,0.0,negative,moderate,
osm-9471064862-317987901-0,DFO_3251_From_20080102_to_20080106,2008-01-02,2008-01-06,pilot_centroid,moderate,3.584,Jalan Tomang Raya,primary,688103037,9471064862,317987901,0,250,0.75,0.05,coarse-modis-250m,197871.071,0.961166,0.961166,0.0,0.0,0.0,negative,moderate,
osm-9486285513-6004639297-0,DFO_3251_From_20080102_to_20080106,2008-01-02,2008-01-06,pilot_centroid,moderate,32.084,Jalan Letnan Jenderal Siswondo Parman,trunk,1027699887,9486285513,6004639297,0,250,0.75,0.05,coarse-modis-250m,212130.148,0.963417,0.963417,0.0,0.0,0.0,negative,moderate,
osm-9486332419-5372153147-0,DFO_3251_From_20080102_to_20080106,2008-01-02,2008-01-06,pilot_centroid,moderate,16.512,Jalan Letnan Jenderal Siswondo Parman,trunk,688117571,9486332419,5372153147,0,250,0.75,0.05,coarse-modis-250m,204339.416,0.962194,0.962194,0.0,0.0,0.0,negative,moderate,
osm-9491290599-7118113165-0,DFO_3251_From_20080102_to_20080106,2008-01-02,2008-01-06,pilot_centroid,moderate,64.048,Jalan Letnan Jenderal Siswondo Parman,trunk,560008548,9491290599,7118113165,0,250,0.75,0.05,coarse-modis-250m,228122.235,0.965809,0.965809,0.0,0.0,0.0,negative,moderate,
osm-9491424124-12202798102-0,DFO_3251_From_20080102_to_20080106,2008-01-02,2008-01-06,pilot_centroid,moderate,42.233,Jalan Letnan Jenderal Siswondo Parman,trunk,761850309|761850310,9491424124,12202798102,0,250,0.75,0.05,coarse-modis-250m,217207.767,0.964151,0.964151,0.0,0.0,0.0,negative,moderate,
osm-9491424126-9491424124-0,DFO_3251_From_20080102_to_20080106,2008-01-02,2008-01-06,pilot_centroid,moderate,54.841,Jalan Letnan Jenderal Siswondo Parman,trunk,761850310,9491424126,9491424124,0,250,0.75,0.05,coarse-modis-250m,223516.041,0.965106,0.965106,0.0,0.0,0.0,negative,moderate,
osm-9491482902-9491482907-0,DFO_3251_From_20080102_to_20080106,2008-01-02,2008-01-06,pilot_centroid,moderate,45.892,Jalan Letnan Jenderal Siswondo Parman,trunk,560008548,9491482902,9491482907,0,250,0.75,0.05,coarse-modis-250m,219038.352,0.964244,0.964244,0.0,0.0,0.0,negative,moderate,
osm-9491482907-317417833-0,DFO_3251_From_20080102_to_20080106,2008-01-02,2008-01-06,pilot_centroid,moderate,6.37,Jalan Letnan Jenderal Siswondo Parman,trunk,560008548,9491482907,317417833,0,250,0.75,0.05,coarse-modis-250m,199265.313,0.96128,0.96128,0.0,0.0,0.0,negative,moderate,
osm-9491842326-4804615989-0,DFO_3251_From_20080102_to_20080106,2008-01-02,2008-01-06,pilot_centroid,moderate,85.252,Jalan Letnan Jenderal Suprapto,primary,696668229,9491842326,4804615989,0,250,0.75,0.05,coarse-modis-250m,238723.655,0.96708,0.96708,0.0,0.0,0.0,negative,moderate,
osm-9497883594-9497883603-0,DFO_3251_From_20080102_to_20080106,2008-01-02,2008-01-06,pilot_centroid,moderate,14.543,Jalan Jenderal Ahmad Yani,trunk,689877064,9497883594,9497883603,0,250,0.75,0.05,coarse-modis-250m,203354.101,0.96211,0.96211,0.0,0.0,0.0,negative,moderate,
osm-9497883600-7137519768-0,DFO_3251_From_20080102_to_20080106,2008-01-02,2008-01-06,pilot_centroid,moderate,61.082,Jalan Jenderal Ahmad Yani,trunk,763998190,9497883600,7137519768,0,250,0.75,0.05,coarse-modis-250m,226638.46,0.965491,0.965491,0.0,0.0,0.0,negative,moderate,
osm-9497883603-9497883600-0,DFO_3251_From_20080102_to_20080106,2008-01-02,2008-01-06,pilot_centroid,moderate,42.034,Jalan Jenderal Ahmad Yani,trunk,689877064|763998190,9497883603,9497883600,0,250,0.75,0.05,coarse-modis-250m,217107.884,0.964102,0.964102,0.0,0.0,0.0,negative,moderate,
osm-9498062303-7137574112-0,DFO_3251_From_20080102_to_20080106,2008-01-02,2008-01-06,pilot_centroid,moderate,9.267,Jalan Jenderal Ahmad Yani,secondary,764325454,9498062303,7137574112,0,250,0.75,0.05,coarse-modis-250m,200714.612,0.961647,0.961647,0.0,0.0,0.0,negative,moderate,
osm-95006360-5492419263-0,DFO_3251_From_20080102_to_20080106,2008-01-02,2008-01-06,pilot_centroid,moderate,60.513,Jalan Letnan Jenderal MT Haryono,trunk,749966273|98454566,95006360,5492419263,0,250,0.75,0.05,coarse-modis-250m,226353.601,0.965481,0.965481,0.0,0.0,0.0,negative,moderate,
osm-95006366-5492419187-0,DFO_3251_From_20080102_to_20080106,2008-01-02,2008-01-06,pilot_centroid,moderate,46.314,Jalan Letnan Jenderal MT Haryono,trunk,1317133074,95006366,5492419187,0,250,0.75,0.05,coarse-modis-250m,219249.813,0.964439,0.964439,0.0,0.0,0.0,negative,moderate,
osm-95010735-1133343805-0,DFO_3251_From_20080102_to_20080106,2008-01-02,2008-01-06,pilot_centroid,moderate,84.617,Jalan D. I. Panjaitan,trunk,1288928356|1104818772,95010735,1133343805,0,250,0.75,0.05,coarse-modis-250m,238409.944,0.967088,0.967088,0.0,0.0,0.0,negative,moderate,
osm-95010751-13798957263-0,DFO_3251_From_20080102_to_20080106,2008-01-02,2008-01-06,pilot_centroid,moderate,93.771,Jalan D. I. Panjaitan,trunk,687317713,95010751,13798957263,0,250,0.75,0.05,coarse-modis-250m,242987.508,0.968134,0.968134,0.0,0.0,0.0,negative,moderate,
osm-95022384-95022385-0,DFO_3251_From_20080102_to_20080106,2008-01-02,2008-01-06,pilot_centroid,moderate,66.282,Jalan D. I. Panjaitan,trunk,1134447887,95022384,95022385,0,250,0.75,0.05,coarse-modis-250m,229240.189,0.965965,0.965965,0.0,0.0,0.0,negative,moderate,
osm-95022385-4152867689-0,DFO_3251_From_20080102_to_20080106,2008-01-02,2008-01-06,pilot_centroid,moderate,78.712,Jalan D. I. Panjaitan,trunk,751673453,95022385,4152867689,0,250,0.75,0.05,coarse-modis-250m,235458.351,0.966774,0.966774,0.0,0.0,0.0,negative,moderate,
osm-95022385-5652800252-0,DFO_3251_From_20080102_to_20080106,2008-01-02,2008-01-06,pilot_centroid,moderate,59.872,Jalan Kalimalang,primary,493592694,95022385,5652800252,0,250,0.75,0.05,coarse-modis-250m,226025.998,0.965883,0.965883,0.0,0.0,0.0,negative,moderate,
osm-9504400678-95010751-0,DFO_3251_From_20080102_to_20080106,2008-01-02,2008-01-06,pilot_centroid,moderate,125.497,Unnamed OSM road,trunk_link,28851150,9504400678,95010751,0,250,0.75,0.05,coarse-modis-250m,257097.662,0.971196,0.971196,0.0,0.0,0.0,negative,moderate,
osm-9504567886-8132773400-0,DFO_3251_From_20080102_to_20080106,2008-01-02,2008-01-06,pilot_centroid,moderate,431.604,Jalan D. I. Panjaitan,trunk,558669208|1295713730|1031140670,9504567886,8132773400,0,250,0.75,0.05,coarse-modis-250m,411998.735,0.978957,0.978957,0.0,0.0,0.0,negative,moderate,
osm-9504720700-13913580150-0,DFO_3251_From_20080102_to_20080106,2008-01-02,2008-01-06,pilot_centroid,moderate,59.558,Unnamed OSM road,service,1526635909,9504720700,13913580150,0,250,0.75,0.05,coarse-modis-250m,225875.752,0.965324,0.965324,0.0,0.0,0.0,negative,moderate,
osm-9504720701-9504720700-0,DFO_3251_From_20080102_to_20080106,2008-01-02,2008-01-06,pilot_centroid,moderate,5.951,Unnamed OSM road,service,1526635909,9504720701,9504720700,0,250,0.75,0.05,coarse-modis-250m,199055.767,0.961411,0.961411,0.0,0.0,0.0,negative,moderate,
osm-9506862589-7050035434-0,DFO_3251_From_20080102_to_20080106,2008-01-02,2008-01-06,pilot_centroid,moderate,25.077,Jalan Letnan Jenderal Siswondo Parman,trunk,688117572,9506862589,7050035434,0,250,0.75,0.05,coarse-modis-250m,208624.751,0.962835,0.962835,0.0,0.0,0.0,negative,moderate,
osm-9507227664-12032748424-0,DFO_3251_From_20080102_to_20080106,2008-01-02,2008-01-06,pilot_centroid,moderate,41.702,Jalan Profesor Doktor Satrio,primary,495447738,9507227664,12032748424,0,250,0.75,0.05,coarse-modis-250m,216942.36,0.964186,0.964186,0.0,0.0,0.0,negative,moderate,
osm-9509715193-4914353854-0,DFO_3251_From_20080102_to_20080106,2008-01-02,2008-01-06,pilot_centroid,moderate,48.29,Jalan D. I. Panjaitan,trunk,685347200,9509715193,4914353854,0,250,0.75,0.05,coarse-modis-250m,220229.693,0.964507,0.964507,0.0,0.0,0.0,negative,moderate,
osm-9515510319-4152867172-0,DFO_3251_From_20080102_to_20080106,2008-01-02,2008-01-06,pilot_centroid,moderate,112.605,Jalan Jenderal Basuki Rahmat,primary,691251097|414094618|414094617|1512258934,9515510319,4152867172,0,250,0.75,0.05,coarse-modis-250m,252393.394,0.968885,0.968885,0.0,0.0,0.0,negative,moderate,
osm-9527050428-1342878927-0,DFO_3251_From_20080102_to_20080106,2008-01-02,2008-01-06,pilot_centroid,moderate,85.346,Jalan Perintis Kemerdekaan,trunk,427815402,9527050428,1342878927,0,250,0.75,0.05,coarse-modis-250m,238777.923,0.966973,0.966973,0.0,0.0,0.0,negative,moderate,
osm-9529290217-7760892449-0,DFO_3251_From_20080102_to_20080106,2008-01-02,2008-01-06,pilot_centroid,moderate,35.423,Jalan Yos Sudarso,trunk,562942145,9529290217,7760892449,0,250,0.75,0.05,coarse-modis-250m,213800.384,0.963766,0.963766,0.0,0.0,0.0,negative,moderate,
osm-9531434128-9504720700-0,DFO_3251_From_20080102_to_20080106,2008-01-02,2008-01-06,pilot_centroid,moderate,32.926,Unnamed OSM road,service,751715002,9531434128,9504720700,0,250,0.75,0.05,coarse-modis-250m,212398.01,0.964922,0.964922,0.0,0.0,0.0,negative,moderate,
osm-9531434128-9504720701-0,DFO_3251_From_20080102_to_20080106,2008-01-02,2008-01-06,pilot_centroid,moderate,32.503,Unnamed OSM road,service,1488337107|1526635911,9531434128,9504720701,0,250,0.75,0.05,coarse-modis-250m,212232.131,0.964018,0.964018,0.0,0.0,0.0,negative,moderate,
osm-9531485211-12684981016-0,DFO_3251_From_20080102_to_20080106,2008-01-02,2008-01-06,pilot_centroid,moderate,47.519,Jalan Kebon Sirih,primary,28216264,9531485211,12684981016,0,250,0.75,0.05,coarse-modis-250m,219852.383,0.964429,0.964429,0.0,0.0,0.0,negative,moderate,
osm-9531485213-9531485211-0,DFO_3251_From_20080102_to_20080106,2008-01-02,2008-01-06,pilot_centroid,moderate,9.251,Jalan Kebon Sirih,primary,28216264,9531485213,9531485211,0,250,0.75,0.05,coarse-modis-250m,200706.317,0.961824,0.961824,0.0,0.0,0.0,negative,moderate,
osm-9531485215-9531485213-0,DFO_3251_From_20080102_to_20080106,2008-01-02,2008-01-06,pilot_centroid,moderate,46.676,Jalan Kebon Sirih,primary,28216264,9531485215,9531485213,0,250,0.75,0.05,coarse-modis-250m,219431.018,0.964487,0.964487,0.0,0.0,0.0,negative,moderate,
osm-9533845672-6477409182-0,DFO_3251_From_20080102_to_20080106,2008-01-02,2008-01-06,pilot_centroid,moderate,31.804,Jalan Pulolio,tertiary,489260903,9533845672,6477409182,0,250,0.75,0.05,coarse-modis-250m,211990.184,0.963688,0.963688,0.0,0.0,0.0,negative,moderate,
osm-9533955728-4815227757-0,DFO_3251_From_20080102_to_20080106,2008-01-02,2008-01-06,pilot_centroid,moderate,26.906,Jalan Pulokambing II,residential,686924182,9533955728,4815227757,0,250,0.75,0.05,coarse-modis-250m,209539.827,0.963079,0.963079,0.0,0.0,0.0,negative,moderate,
osm-9533955733-9533955728-0,DFO_3251_From_20080102_to_20080106,2008-01-02,2008-01-06,pilot_centroid,moderate,50.458,Unnamed OSM road,service,1034983538,9533955733,9533955728,0,250,0.75,0.05,coarse-modis-250m,219367.625,0.96808,0.96808,0.0,0.0,0.0,negative,moderate,
osm-9533955736-5662302109-0,DFO_3251_From_20080102_to_20080106,2008-01-02,2008-01-06,pilot_centroid,moderate,32.071,Jalan Pulokambing II,residential,686924182,9533955736,5662302109,0,250,0.75,0.05,coarse-modis-250m,212123.945,0.963408,0.963408,0.0,0.0,0.0,negative,moderate,
osm-9533955736-9533955733-0,DFO_3251_From_20080102_to_20080106,2008-01-02,2008-01-06,pilot_centroid,moderate,11.818,Unnamed OSM road,service,1034983539,9533955736,9533955733,0,250,0.75,0.05,coarse-modis-250m,201990.629,0.96202,0.96202,0.0,0.0,0.0,negative,moderate,
osm-9534502212-5671605067-0,DFO_3251_From_20080102_to_20080106,2008-01-02,2008-01-06,pilot_centroid,moderate,14.157,Jalan Kebon Sirih,primary,18056345,9534502212,5671605067,0,250,0.75,0.05,coarse-modis-250m,203160.977,0.962076,0.962076,0.0,0.0,0.0,negative,moderate,
osm-9561798638-6456763921-0,DFO_3251_From_20080102_to_20080106,2008-01-02,2008-01-06,pilot_centroid,moderate,11.299,Jalan Jenderal Basuki Rahmat,primary,28851026,9561798638,6456763921,0,250,0.75,0.05,coarse-modis-250m,201731.369,0.961631,0.961631,0.0,0.0,0.0,negative,moderate,
osm-9561821845-8504122967-0,DFO_3251_From_20080102_to_20080106,2008-01-02,2008-01-06,pilot_centroid,moderate,16.216,Jalan Jatinegara Timur,primary,691270311,9561821845,8504122967,0,250,0.75,0.05,coarse-modis-250m,204191.148,0.962807,0.962807,0.0,0.0,0.0,negative,moderate,
osm-9619896326-104379010-0,DFO_3251_From_20080102_to_20080106,2008-01-02,2008-01-06,pilot_centroid,moderate,71.7,Jalan Jatinegara Timur,primary,11671655,9619896326,104379010,0,250,0.75,0.05,coarse-modis-250m,231948.728,0.966168,0.966168,0.0,0.0,0.0,negative,moderate,
osm-9622773424-8509401662-0,DFO_3251_From_20080102_to_20080106,2008-01-02,2008-01-06,pilot_centroid,moderate,68.643,Jalan Matraman,primary,278788931,9622773424,8509401662,0,250,0.75,0.05,coarse-modis-250m,230421.455,0.966107,0.966107,0.0,0.0,0.0,negative,moderate,
osm-9622773431-9622773424-0,DFO_3251_From_20080102_to_20080106,2008-01-02,2008-01-06,pilot_centroid,moderate,15.767,Jalan Matraman,primary,278788931,9622773431,9622773424,0,250,0.75,0.05,coarse-modis-250m,203966.603,0.962231,0.962231,0.0,0.0,0.0,negative,moderate,
osm-9623003134-329968512-0,DFO_3251_From_20080102_to_20080106,2008-01-02,2008-01-06,pilot_centroid,moderate,86.7,Jalan Matraman,primary,278788931,9623003134,329968512,0,250,0.75,0.05,coarse-modis-250m,239454.073,0.966513,0.966513,0.0,0.0,0.0,negative,moderate,
osm-9623310915-1249723074-0,DFO_3251_From_20080102_to_20080106,2008-01-02,2008-01-06,pilot_centroid,moderate,18.906,Jalan Kebon Sirih,primary,755769006,9623310915,1249723074,0,250,0.75,0.05,coarse-modis-250m,205532.56,0.963017,0.963017,0.0,0.0,0.0,negative,moderate,
osm-9625680832-4502070116-0,DFO_3251_From_20080102_to_20080106,2008-01-02,2008-01-06,pilot_centroid,moderate,76.664,Jalan Mitra Sunter Boulevard,secondary,696654482,9625680832,4502070116,0,250,0.75,0.05,coarse-modis-250m,234431.626,0.966412,0.966412,0.0,0.0,0.0,negative,moderate,
osm-9626511706-1135601912-0,DFO_3251_From_20080102_to_20080106,2008-01-02,2008-01-06,pilot_centroid,moderate,30.244,Jalan Kalimalang,primary,98087417,9626511706,1135601912,0,250,0.75,0.05,coarse-modis-250m,211209.707,0.963552,0.963552,0.0,0.0,0.0,negative,moderate,
osm-9642343610-1133807065-0,DFO_3251_From_20080102_to_20080106,2008-01-02,2008-01-06,pilot_centroid,moderate,28.832,Jalan Cipinang Indah Raya,tertiary,737508241,9642343610,1133807065,0,250,0.75,0.05,coarse-modis-250m,210503.176,0.963222,0.963222,0.0,0.0,0.0,negative,moderate,
osm-9644592829-6277705571-0,DFO_3251_From_20080102_to_20080106,2008-01-02,2008-01-06,pilot_centroid,moderate,239.067,Jalan D. I. Panjaitan,trunk,1288928355|1288928358,9644592829,6277705571,0,250,0.75,0.05,coarse-modis-250m,315671.144,0.973985,0.973985,0.0,0.0,0.0,negative,moderate,
osm-9645211396-12202088428-0,DFO_3251_From_20080102_to_20080106,2008-01-02,2008-01-06,pilot_centroid,moderate,18.19,Jalan Letnan Jenderal Siswondo Parman,trunk,560008548,9645211396,12202088428,0,250,0.75,0.05,coarse-modis-250m,205177.942,0.962383,0.962383,0.0,0.0,0.0,negative,moderate,
osm-9645211400-9645211396-0,DFO_3251_From_20080102_to_20080106,2008-01-02,2008-01-06,pilot_centroid,moderate,35.887,Jalan Letnan Jenderal Siswondo Parman,trunk,560008548,9645211400,9645211396,0,250,0.75,0.05,coarse-modis-250m,214032.884,0.963772,0.963772,0.0,0.0,0.0,negative,moderate,
osm-9647927418-5372153134-0,DFO_3251_From_20080102_to_20080106,2008-01-02,2008-01-06,pilot_centroid,moderate,13.394,Jalan Letnan Jenderal Siswondo Parman,trunk,1027699887,9647927418,5372153134,0,250,0.75,0.05,coarse-modis-250m,202779.602,0.962045,0.962045,0.0,0.0,0.0,negative,moderate,
osm-9647927422-9647927418-0,DFO_3251_From_20080102_to_20080106,2008-01-02,2008-01-06,pilot_centroid,moderate,41.958,Jalan Letnan Jenderal Siswondo Parman,trunk,1027699887,9647927422,9647927418,0,250,0.75,0.05,coarse-modis-250m,217070.17,0.96415,0.96415,0.0,0.0,0.0,negative,moderate,
osm-9648055038-5056597570-0,DFO_3251_From_20080102_to_20080106,2008-01-02,2008-01-06,pilot_centroid,moderate,120.94,Jalan Letnan Jenderal Siswondo Parman,trunk,688117574|688117575,9648055038,5056597570,0,250,0.75,0.05,coarse-modis-250m,256534.553,0.969099,0.969099,0.0,0.0,0.0,negative,moderate,
osm-9648835249-4849427386-0,DFO_3251_From_20080102_to_20080106,2008-01-02,2008-01-06,pilot_centroid,moderate,9.864,Jalan Letnan Jenderal Suprapto,primary,492988946,9648835249,4849427386,0,250,0.75,0.05,coarse-modis-250m,201013.193,0.961568,0.961568,0.0,0.0,0.0,negative,moderate,
osm-9657468817-5372153144-0,DFO_3251_From_20080102_to_20080106,2008-01-02,2008-01-06,pilot_centroid,moderate,32.488,Jalan Letnan Jenderal Siswondo Parman,trunk,1027699887,9657468817,5372153144,0,250,0.75,0.05,coarse-modis-250m,212332.466,0.963517,0.963517,0.0,0.0,0.0,negative,moderate,
osm-9664769720-1757800859-0,DFO_3251_From_20080102_to_20080106,2008-01-02,2008-01-06,pilot_centroid,moderate,63.45,Unnamed OSM road,motorway_link,1123241708,9664769720,1757800859,0,250,0.75,0.05,coarse-modis-250m,227809.273,0.96556,0.96556,0.0,0.0,0.0,negative,moderate,
osm-9664769720-1757800861-0,DFO_3251_From_20080102_to_20080106,2008-01-02,2008-01-06,pilot_centroid,moderate,147.125,Unnamed OSM road,motorway_link,320143219,9664769720,1757800861,0,250,0.75,0.05,coarse-modis-250m,269668.033,0.970145,0.970145,0.0,0.0,0.0,negative,moderate,
osm-9665578858-8505902513-0,DFO_3251_From_20080102_to_20080106,2008-01-02,2008-01-06,pilot_centroid,moderate,230.546,Jalan Tomang Raya,primary,762091306|762091307,9665578858,8505902513,0,250,0.75,0.05,coarse-modis-250m,311423.576,0.973615,0.973615,0.0,0.0,0.0,negative,moderate,
osm-9673797651-11052325987-0,DFO_3251_From_20080102_to_20080106,2008-01-02,2008-01-06,pilot_centroid,moderate,143.881,Jalan Inspeksi Tarum Barat,primary,751672117|751672119,9673797651,11052325987,0,250,0.75,0.05,coarse-modis-250m,268061.871,0.970155,0.970155,0.0,0.0,0.0,negative,moderate,
osm-9673837489-4502213975-0,DFO_3251_From_20080102_to_20080106,2008-01-02,2008-01-06,pilot_centroid,moderate,38.753,Jalan Mitra Sunter Boulevard,secondary,453477916,9673837489,4502213975,0,250,0.75,0.05,coarse-modis-250m,215466.911,0.963877,0.963877,0.0,0.0,0.0,negative,moderate,
osm-9676145373-3981137758-0,DFO_3251_From_20080102_to_20080106,2008-01-02,2008-01-06,pilot_centroid,moderate,34.943,Jalan Kebon Sirih,primary,18056345,9676145373,3981137758,0,250,0.75,0.05,coarse-modis-250m,213560.289,0.963642,0.963642,0.0,0.0,0.0,negative,moderate,
osm-9679167895-6315615740-0,DFO_3251_From_20080102_to_20080106,2008-01-02,2008-01-06,pilot_centroid,moderate,23.192,Jalan Arief Rachman Hakim,primary,688522169,9679167895,6315615740,0,250,0.75,0.05,coarse-modis-250m,207681.216,0.962807,0.962807,0.0,0.0,0.0,negative,moderate,
osm-9679957698-4849427419-0,DFO_3251_From_20080102_to_20080106,2008-01-02,2008-01-06,pilot_centroid,moderate,8.97,Jalan Letnan Jenderal Suprapto,primary,492988997,9679957698,4849427419,0,250,0.75,0.05,coarse-modis-250m,200566.121,0.961653,0.961653,0.0,0.0,0.0,negative,moderate,
osm-9684746119-8313092690-0,DFO_3251_From_20080102_to_20080106,2008-01-02,2008-01-06,pilot_centroid,moderate,31.348,Jalan Pemuda,primary,763467199,9684746119,8313092690,0,250,0.75,0.05,coarse-modis-250m,211761.879,0.963313,0.963313,0.0,0.0,0.0,negative,moderate,
osm-9685151096-7226690317-0,DFO_3251_From_20080102_to_20080106,2008-01-02,2008-01-06,pilot_centroid,moderate,65.603,Jalan Pemuda,primary,763467199,9685151096,7226690317,0,250,0.75,0.05,coarse-modis-250m,228900.374,0.965747,0.965747,0.0,0.0,0.0,negative,moderate,
osm-9685151098-1696170853-0,DFO_3251_From_20080102_to_20080106,2008-01-02,2008-01-06,pilot_centroid,moderate,16.38,Jalan Pemuda,primary,763467199,9685151098,1696170853,0,250,0.75,0.05,coarse-modis-250m,204273.131,0.962281,0.962281,0.0,0.0,0.0,negative,moderate,
osm-9691407991-4999344155-0,DFO_3251_From_20080102_to_20080106,2008-01-02,2008-01-06,pilot_centroid,moderate,100.835,Jalan Radin Inten,primary,119909339,9691407991,4999344155,0,250,0.75,0.05,coarse-modis-250m,246526.977,0.967732,0.967732,0.0,0.0,0.0,negative,moderate,
osm-9694163554-329975504-0,DFO_3251_From_20080102_to_20080106,2008-01-02,2008-01-06,pilot_centroid,moderate,54.714,Jalan Pemuda,primary,1053249591,9694163554,329975504,0,250,0.75,0.05,coarse-modis-250m,223452.15,0.965003,0.965003,0.0,0.0,0.0,negative,moderate,
osm-9694163557-9694163554-0,DFO_3251_From_20080102_to_20080106,2008-01-02,2008-01-06,pilot_centroid,moderate,15.865,Jalan Pemuda,primary,1053249591,9694163557,9694163554,0,250,0.75,0.05,coarse-modis-250m,204015.45,0.962282,0.962282,0.0,0.0,0.0,negative,moderate,
osm-9694832554-2400147489-0,DFO_3251_From_20080102_to_20080106,2008-01-02,2008-01-06,pilot_centroid,moderate,8.521,Jalan Kyai Haji Mas Mansyur,primary,1253507713,9694832554,2400147489,0,250,0.75,0.05,coarse-modis-250m,200341.548,0.961561,0.961561,0.0,0.0,0.0,negative,moderate,
osm-9694871645-315712497-0,DFO_3251_From_20080102_to_20080106,2008-01-02,2008-01-06,pilot_centroid,moderate,11.058,Jalan Gunung Sahari Raya,primary,634085906,9694871645,315712497,0,250,0.75,0.05,coarse-modis-250m,201610.632,0.961742,0.961742,0.0,0.0,0.0,negative,moderate,
osm-9695041529-9699963787-0,DFO_3251_From_20080102_to_20080106,2008-01-02,2008-01-06,pilot_centroid,moderate,100.514,Jalan Mitra Sunter Boulevard,secondary,696654482,9695041529,9699963787,0,250,0.75,0.05,coarse-modis-250m,246361.302,0.967741,0.967741,0.0,0.0,0.0,negative,moderate,
osm-9695095403-13682180792-0,DFO_3251_From_20080102_to_20080106,2008-01-02,2008-01-06,pilot_centroid,moderate,98.646,Jalan Pos,secondary,28706110,9695095403,13682180792,0,250,0.75,0.05,coarse-modis-250m,245430.64,0.967844,0.967844,0.0,0.0,0.0,negative,moderate,
osm-9695103618-4925793717-0,DFO_3251_From_20080102_to_20080106,2008-01-02,2008-01-06,pilot_centroid,moderate,43.455,Jalan Pos,secondary,28706110,9695103618,4925793717,0,250,0.75,0.05,coarse-modis-250m,217819.382,0.964272,0.964272,0.0,0.0,0.0,negative,moderate,
osm-9696714817-8609186468-0,DFO_3251_From_20080102_to_20080106,2008-01-02,2008-01-06,pilot_centroid,moderate,10.587,Jalan Salemba Raya,primary,815231911,9696714817,8609186468,0,250,0.75,0.05,coarse-modis-250m,201375.074,0.962827,0.962827,0.0,0.0,0.0,negative,moderate,
osm-9696758894-7756197690-0,DFO_3251_From_20080102_to_20080106,2008-01-02,2008-01-06,pilot_centroid,moderate,3.056,Jalan Salemba Raya,primary,689177647,9696758894,7756197690,0,250,0.75,0.05,coarse-modis-250m,197607.146,0.961028,0.961028,0.0,0.0,0.0,negative,moderate,
osm-9697006214-7120512601-0,DFO_3251_From_20080102_to_20080106,2008-01-02,2008-01-06,pilot_centroid,moderate,82.207,Jalan Pejompongan,primary,320137104|768031660,9697006214,7120512601,0,250,0.75,0.05,coarse-modis-250m,235292.35,0.972278,0.972278,0.0,0.0,0.0,negative,moderate,
osm-9699963783-9695041529-0,DFO_3251_From_20080102_to_20080106,2008-01-02,2008-01-06,pilot_centroid,moderate,60.609,Jalan Mitra Sunter Boulevard,secondary,696654482,9699963783,9695041529,0,250,0.75,0.05,coarse-modis-250m,226401.851,0.965427,0.965427,0.0,0.0,0.0,negative,moderate,
osm-9699963787-9625680832-0,DFO_3251_From_20080102_to_20080106,2008-01-02,2008-01-06,pilot_centroid,moderate,12.398,Jalan Mitra Sunter Boulevard,secondary,696654482,9699963787,9625680832,0,250,0.75,0.05,coarse-modis-250m,202281.149,0.961958,0.961958,0.0,0.0,0.0,negative,moderate,
osm-9708579924-12798366960-0,DFO_3251_From_20080102_to_20080106,2008-01-02,2008-01-06,pilot_centroid,moderate,5.307,Jalan Salemba Raya,primary,28715955,9708579924,12798366960,0,250,0.75,0.05,coarse-modis-250m,198733.355,0.961297,0.961297,0.0,0.0,0.0,negative,moderate,
osm-10082667802-6330562646-0,DFO_3280_From_20080301_to_20080403,2008-03-01,2008-04-03,remote_event_centroid_with_isolated_pilot_pixel,low,54.409,Jalan Denpasar Raya,tertiary,28194353,10082667802,6330562646,0,250,0.75,0.05,coarse-modis-250m,223299.983,0.965127,0.965127,0.0,0.0,0.0,unknown,excluded,event_context_not_jakarta
osm-10090012698-9015877330-0,DFO_3280_From_20080301_to_20080403,2008-03-01,2008-04-03,remote_event_centroid_with_isolated_pilot_pixel,low,40.036,Jalan Denpasar Raya,tertiary,28194353,10090012698,9015877330,0,250,0.75,0.05,coarse-modis-250m,216108.752,0.964111,0.964111,0.0,0.0,0.0,unknown,excluded,event_context_not_jakarta
osm-10090309233-7570445358-0,DFO_3280_From_20080301_to_20080403,2008-03-01,2008-04-03,remote_event_centroid_with_isolated_pilot_pixel,low,1.591,Jalan Profesor Doktor Satrio,primary,454203124,10090309233,7570445358,0,250,0.75,0.05,coarse-modis-250m,196873.964,0.786139,0.786139,0.0,0.0,0.0,unknown,excluded,event_context_not_jakarta
osm-10090309238-4507989466-0,DFO_3280_From_20080301_to_20080403,2008-03-01,2008-04-03,remote_event_centroid_with_isolated_pilot_pixel,low,96.419,Jalan Profesor Doktor Satrio,primary,454203124,10090309238,4507989466,0,250,0.75,0.05,coarse-modis-250m,244315.742,0.768951,0.768951,0.0,0.0,0.0,unknown,excluded,event_context_not_jakarta
osm-10092530702-2589977444-0,DFO_3280_From_20080301_to_20080403,2008-03-01,2008-04-03,remote_event_centroid_with_isolated_pilot_pixel,low,63.439,Jalan Profesor Doktor Satrio,primary,685545461,10092530702,2589977444,0,250,0.75,0.05,coarse-modis-250m,227816.328,0.227225,0.227225,0.0,0.0,0.0,unknown,excluded,event_context_not_jakarta
osm-10098494032-6366750161-0,DFO_3280_From_20080301_to_20080403,2008-03-01,2008-04-03,remote_event_centroid_with_isolated_pilot_pixel,low,158.564,Jalan Letnan Jenderal Siswondo Parman,trunk,688087394,10098494032,6366750161,0,250,0.75,0.05,coarse-modis-250m,275409.701,0.970769,0.970769,0.0,0.0,0.0,unknown,excluded,event_context_not_jakarta
osm-10132911307-2589974180-0,DFO_3280_From_20080301_to_20080403,2008-03-01,2008-04-03,remote_event_centroid_with_isolated_pilot_pixel,low,32.775,Jalan Karet Pedurenan Raya,tertiary,28132208,10132911307,2589974180,0,250,0.75,0.05,coarse-modis-250m,212476.046,0.963716,0.963716,0.0,0.0,0.0,unknown,excluded,event_context_not_jakarta
osm-103363767-1757800816-0,DFO_3280_From_20080301_to_20080403,2008-03-01,2008-04-03,remote_event_centroid_with_isolated_pilot_pixel,low,28.666,Jalan Letnan Jenderal Siswondo Parman,trunk,688089186,103363767,1757800816,0,250,0.75,0.05,coarse-modis-250m,210420.052,0.963231,0.963231,0.0,0.0,0.0,unknown,excluded,event_context_not_jakarta
osm-104356356-13456652649-0,DFO_3280_From_20080301_to_20080403,2008-03-01,2008-04-03,remote_event_centroid_with_isolated_pilot_pixel,low,73.169,Jalan Letnan Jenderal Siswondo Parman,trunk,560008548,104356356,13456652649,0,250,0.75,0.05,coarse-modis-250m,232685.53,0.966259,0.966259,0.0,0.0,0.0,unknown,excluded,event_context_not_jakarta
osm-104356359-9491482902-0,DFO_3280_From_20080301_to_20080403,2008-03-01,2008-04-03,remote_event_centroid_with_isolated_pilot_pixel,low,30.169,Jalan Letnan Jenderal Siswondo Parman,trunk,560008548,104356359,9491482902,0,250,0.75,0.05,coarse-modis-250m,211172.305,0.963368,0.963368,0.0,0.0,0.0,unknown,excluded,event_context_not_jakarta
osm-104363249-4886801320-0,DFO_3280_From_20080301_to_20080403,2008-03-01,2008-04-03,remote_event_centroid_with_isolated_pilot_pixel,low,25.737,Jalan Kebon Sirih,primary,497048630|755135606,104363249,4886801320,0,250,0.75,0.05,coarse-modis-250m,208952.604,0.962871,0.962871,0.0,0.0,0.0,unknown,excluded,event_context_not_jakarta
osm-104364332-6359768001-0,DFO_3280_From_20080301_to_20080403,2008-03-01,2008-04-03,remote_event_centroid_with_isolated_pilot_pixel,low,9.315,Jalan Kyai Caringin,primary,530465210,104364332,6359768001,0,250,0.75,0.05,coarse-modis-250m,200738.788,0.962331,0.962331,0.0,0.0,0.0,unknown,excluded,event_context_not_jakarta
osm-104364332-6359768003-0,DFO_3280_From_20080301_to_20080403,2008-03-01,2008-04-03,remote_event_centroid_with_isolated_pilot_pixel,low,62.361,Jalan Biak,secondary,679178011,104364332,6359768003,0,250,0.75,0.05,coarse-modis-250m,227272.507,0.965648,0.965648,0.0,0.0,0.0,unknown,excluded,event_context_not_jakarta
osm-104364334-318097259-0,DFO_3280_From_20080301_to_20080403,2008-03-01,2008-04-03,remote_event_centroid_with_isolated_pilot_pixel,low,148.177,Jalan Balikpapan Raya,primary,1502540546|761801757|28706686,104364334,318097259,0,250,0.75,0.05,coarse-modis-250m,270211.026,0.970354,0.970354,0.0,0.0,0.0,unknown,excluded,event_context_not_jakarta
osm-104364335-13623841217-0,DFO_3280_From_20080301_to_20080403,2008-03-01,2008-04-03,remote_event_centroid_with_isolated_pilot_pixel,low,59.856,Jalan Suryopranoto,primary,1116757145|1502544631,104364335,13623841217,0,250,0.75,0.05,coarse-modis-250m,226025.006,0.965473,0.965473,0.0,0.0,0.0,unknown,excluded,event_context_not_jakarta
osm-104366006-8796979647-0,DFO_3280_From_20080301_to_20080403,2008-03-01,2008-04-03,remote_event_centroid_with_isolated_pilot_pixel,low,143.704,Jalan Insinyur Haji Juanda,secondary,696175331,104366006,8796979647,0,250,0.75,0.05,coarse-modis-250m,267974.509,0.970355,0.970355,0.0,0.0,0.0,unknown,excluded,event_context_not_jakarta
osm-104366013-191505885-0,DFO_3280_From_20080301_to_20080403,2008-03-01,2008-04-03,remote_event_centroid_with_isolated_pilot_pixel,low,32.396,Jalan Insinyur Haji Juanda,secondary,762042490,104366013,191505885,0,250,0.75,0.05,coarse-modis-250m,212286.506,0.963473,0.963473,0.0,0.0,0.0,unknown,excluded,event_context_not_jakarta
osm-104367576-13720920968-0,DFO_3280_From_20080301_to_20080403,2008-03-01,2008-04-03,remote_event_centroid_with_isolated_pilot_pixel,low,18.943,Jalan Pasar Senen,primary,779815862,104367576,13720920968,0,250,0.75,0.05,coarse-modis-250m,205555.409,0.962468,0.962468,0.0,0.0,0.0,unknown,excluded,event_context_not_jakarta
osm-104367971-5006647254-0,DFO_3280_From_20080301_to_20080403,2008-03-01,2008-04-03,remote_event_centroid_with_isolated_pilot_pixel,low,79.47,Jalan Letnan Jenderal Suprapto,primary,1179916176|724007426|560887461|1156825607,104367971,5006647254,0,250,0.75,0.05,coarse-modis-250m,235831.18,0.966613,0.966613,0.0,0.0,0.0,unknown,excluded,event_context_not_jakarta
osm-104369586-8992056526-0,DFO_3280_From_20080301_to_20080403,2008-03-01,2008-04-03,remote_event_centroid_with_isolated_pilot_pixel,low,15.028,Jalan Kramat Kwitang,primary,28216524,104369586,8992056526,0,250,0.75,0.05,coarse-modis-250m,203596.782,0.962005,0.962005,0.0,0.0,0.0,unknown,excluded,event_context_not_jakarta
osm-104379008-9619896326-0,DFO_3280_From_20080301_to_20080403,2008-03-01,2008-04-03,remote_event_centroid_with_isolated_pilot_pixel,low,54.8,Jalan Jatinegara Timur,primary,11671655,104379008,9619896326,0,250,0.75,0.05,coarse-modis-250m,223495.541,0.965016,0.965016,0.0,0.0,0.0,unknown,excluded,event_context_not_jakarta
osm-104379010-13016877290-0,DFO_3280_From_20080301_to_20080403,2008-03-01,2008-04-03,remote_event_centroid_with_isolated_pilot_pixel,low,41.885,Jalan Jatinegara Timur,primary,11671655,104379010,13016877290,0,250,0.75,0.05,coarse-modis-250m,217034.005,0.964129,0.964129,0.0,0.0,0.0,unknown,excluded,event_context_not_jakarta
osm-104379014-4780597176-0,DFO_3280_From_20080301_to_20080403,2008-03-01,2008-04-03,remote_event_centroid_with_isolated_pilot_pixel,low,32.664,Jalan Otto Iskandar Dinata,primary,691253235,104379014,4780597176,0,250,0.75,0.05,coarse-modis-250m,212413.398,0.963518,0.963518,0.0,0.0,0.0,unknown,excluded,event_context_not_jakarta
osm-104379022-2872136862-0,DFO_3280_From_20080301_to_20080403,2008-03-01,2008-04-03,remote_event_centroid_with_isolated_pilot_pixel,low,49.296,Jalan Otto Iskandar Dinata,primary,28765421,104379022,2872136862,0,250,0.75,0.05,coarse-modis-250m,220741.749,0.964684,0.964684,0.0,0.0,0.0,unknown,excluded,event_context_not_jakarta
osm-104379024-5379957272-0,DFO_3280_From_20080301_to_20080403,2008-03-01,2008-04-03,remote_event_centroid_with_isolated_pilot_pixel,low,62.452,Jalan Otto Iskandar Dinata,primary,28765421,104379024,5379957272,0,250,0.75,0.05,coarse-modis-250m,227323.864,0.965712,0.965712,0.0,0.0,0.0,unknown,excluded,event_context_not_jakarta
osm-10599212863-4746451656-0,DFO_3280_From_20080301_to_20080403,2008-03-01,2008-04-03,remote_event_centroid_with_isolated_pilot_pixel,low,11.797,Jalan Cipinang Indah 2,tertiary,765866693,10599212863,4746451656,0,250,0.75,0.05,coarse-modis-250m,201432.479,0.969,0.969,0.0,0.0,0.0,unknown,excluded,event_context_not_jakarta
osm-10654460939-6430186685-0,DFO_3280_From_20080301_to_20080403,2008-03-01,2008-04-03,remote_event_centroid_with_isolated_pilot_pixel,low,26.025,Unnamed OSM road,secondary_link,1144693057,10654460939,6430186685,0,250,0.75,0.05,coarse-modis-250m,208858.47,0.965456,0.965456,0.0,0.0,0.0,unknown,excluded,event_context_not_jakarta
osm-10732635788-6322395881-0,DFO_3280_From_20080301_to_20080403,2008-03-01,2008-04-03,remote_event_centroid_with_isolated_pilot_pixel,low,42.092,Jalan Pangeran Jayakarta,secondary,1281346440,10732635788,6322395881,0,250,0.75,0.05,coarse-modis-250m,217137.23,0.964168,0.964168,0.0,0.0,0.0,unknown,excluded,event_context_not_jakarta
osm-10758010539-7120410546-0,DFO_3280_From_20080301_to_20080403,2008-03-01,2008-04-03,remote_event_centroid_with_isolated_pilot_pixel,low,20.467,Jalan Gunung Sahari Raya,primary,711241492,10758010539,7120410546,0,250,0.75,0.05,coarse-modis-250m,206317.83,0.962585,0.962585,0.0,0.0,0.0,unknown,excluded,event_context_not_jakarta
osm-10788400699-317349873-0,DFO_3280_From_20080301_to_20080403,2008-03-01,2008-04-03,remote_event_centroid_with_isolated_pilot_pixel,low,13.315,Jalan Yos Sudarso,trunk,496592226,10788400699,317349873,0,250,0.75,0.05,coarse-modis-250m,202739.969,0.961986,0.961986,0.0,0.0,0.0,unknown,excluded,event_context_not_jakarta
osm-11039838816-6332686273-0,DFO_3280_From_20080301_to_20080403,2008-03-01,2008-04-03,remote_event_centroid_with_isolated_pilot_pixel,low,686.312,Jalan Jatinegara Timur,primary,229358585|28765425|191377542|691270311,11039838816,6332686273,0,250,0.75,0.05,coarse-modis-250m,539035.458,0.982934,0.982934,0.0,0.0,0.0,unknown,excluded,event_context_not_jakarta
osm-11052325987-7026798812-0,DFO_3280_From_20080301_to_20080403,2008-03-01,2008-04-03,remote_event_centroid_with_isolated_pilot_pixel,low,55.865,Jalan Inspeksi Tarum Barat,primary,751672117,11052325987,7026798812,0,250,0.75,0.05,coarse-modis-250m,224017.244,0.965474,0.965474,0.0,0.0,0.0,unknown,excluded,event_context_not_jakarta
osm-11076463250-13108442428-0,DFO_3280_From_20080301_to_20080403,2008-03-01,2008-04-03,remote_event_centroid_with_isolated_pilot_pixel,low,94.616,Jalan Kramat Kwitang,primary,766126376|766126375,11076463250,13108442428,0,250,0.75,0.05,coarse-modis-250m,243410.911,0.967629,0.967629,0.0,0.0,0.0,unknown,excluded,event_context_not_jakarta
osm-11166256394-5549685553-0,DFO_3280_From_20080301_to_20080403,2008-03-01,2008-04-03,remote_event_centroid_with_isolated_pilot_pixel,low,30.143,Jalan Pangeran Jayakarta,secondary,1204814108,11166256394,5549685553,0,250,0.75,0.05,coarse-modis-250m,211158.943,0.963312,0.963312,0.0,0.0,0.0,unknown,excluded,event_context_not_jakarta
osm-11199436896-104367576-0,DFO_3280_From_20080301_to_20080403,2008-03-01,2008-04-03,remote_event_centroid_with_isolated_pilot_pixel,low,125.186,Jalan Gunung Sahari Raya,primary,631760994|711241491,11199436896,104367576,0,250,0.75,0.05,coarse-modis-250m,258710.577,0.969207,0.969207,0.0,0.0,0.0,unknown,excluded,event_context_not_jakarta
osm-11237483569-7120502855-0,DFO_3280_From_20080301_to_20080403,2008-03-01,2008-04-03,remote_event_centroid_with_isolated_pilot_pixel,low,33.265,Jalan Kramat Raya,primary,758051339,11237483569,7120502855,0,250,0.75,0.05,coarse-modis-250m,212721.096,0.963568,0.963568,0.0,0.0,0.0,unknown,excluded,event_context_not_jakarta
osm-11237483572-11237483569-0,DFO_3280_From_20080301_to_20080403,2008-03-01,2008-04-03,remote_event_centroid_with_isolated_pilot_pixel,low,27.168,Jalan Kramat Raya,primary,758051339,11237483572,11237483569,0,250,0.75,0.05,coarse-modis-250m,209670.501,0.963207,0.963207,0.0,0.0,0.0,unknown,excluded,event_context_not_jakarta
osm-11246996071-5374282375-0,DFO_3280_From_20080301_to_20080403,2008-03-01,2008-04-03,remote_event_centroid_with_isolated_pilot_pixel,low,2.467,Jalan Pasar Senen,primary,11671364,11246996071,5374282375,0,250,0.75,0.05,coarse-modis-250m,197312.531,0.961066,0.961066,0.0,0.0,0.0,unknown,excluded,event_context_not_jakarta
osm-11299364776-5421851682-0,DFO_3280_From_20080301_to_20080403,2008-03-01,2008-04-03,remote_event_centroid_with_isolated_pilot_pixel,low,146.656,Jalan Bekasi Raya,trunk,764298933,11299364776,5421851682,0,250,0.75,0.05,coarse-modis-250m,269452.417,0.970166,0.970166,0.0,0.0,0.0,unknown,excluded,event_context_not_jakarta
osm-11299364777-11299364778-0,DFO_3280_From_20080301_to_20080403,2008-03-01,2008-04-03,remote_event_centroid_with_isolated_pilot_pixel,low,56.232,Jalan Bekasi Raya,trunk,764298933,11299364777,11299364778,0,250,0.75,0.05,coarse-modis-250m,224211.738,0.965065,0.965065,0.0,0.0,0.0,unknown,excluded,event_context_not_jakarta
osm-11299364778-11299364776-0,DFO_3280_From_20080301_to_20080403,2008-03-01,2008-04-03,remote_event_centroid_with_isolated_pilot_pixel,low,67.274,Jalan Bekasi Raya,trunk,764298933,11299364778,11299364776,0,250,0.75,0.05,coarse-modis-250m,229736.467,0.965907,0.965907,0.0,0.0,0.0,unknown,excluded,event_context_not_jakarta
osm-11299364779-11299364777-0,DFO_3280_From_20080301_to_20080403,2008-03-01,2008-04-03,remote_event_centroid_with_isolated_pilot_pixel,low,82.112,Jalan Bekasi Raya,trunk,764298933,11299364779,11299364777,0,250,0.75,0.05,coarse-modis-250m,237160.001,0.966878,0.966878,0.0,0.0,0.0,unknown,excluded,event_context_not_jakarta
osm-11329756328-7226592293-0,DFO_3280_From_20080301_to_20080403,2008-03-01,2008-04-03,remote_event_centroid_with_isolated_pilot_pixel,low,13.655,Jalan Pemuda,primary,763467199,11329756328,7226592293,0,250,0.75,0.05,coarse-modis-250m,202909.997,0.961993,0.961993,0.0,0.0,0.0,unknown,excluded,event_context_not_jakarta
osm-1133343792-1133343793-0,DFO_3280_From_20080301_to_20080403,2008-03-01,2008-04-03,remote_event_centroid_with_isolated_pilot_pixel,low,99.546,Jalan Cipinang Cempedak,residential,487580431,1133343792,1133343793,0,250,0.75,0.05,coarse-modis-250m,245881.219,0.967868,0.967868,0.0,0.0,0.0,unknown,excluded,event_context_not_jakarta
osm-1133343793-1135179313-0,DFO_3280_From_20080301_to_20080403,2008-03-01,2008-04-03,remote_event_centroid_with_isolated_pilot_pixel,low,85.151,Jalan Cipinang Cempedak III,tertiary,591927661,1133343793,1135179313,0,250,0.75,0.05,coarse-modis-250m,238680.454,0.967015,0.967015,0.0,0.0,0.0,unknown,excluded,event_context_not_jakarta
osm-1133343805-1133343793-0,DFO_3280_From_20080301_to_20080403,2008-03-01,2008-04-03,remote_event_centroid_with_isolated_pilot_pixel,low,172.743,Jalan Cipinang Cempedak IV,tertiary,1113173339,1133343805,1133343793,0,250,0.75,0.05,coarse-modis-250m,282502.837,0.971385,0.971385,0.0,0.0,0.0,unknown,excluded,event_context_not_jakarta
osm-1133676103-1334087929-0,DFO_3280_From_20080301_to_20080403,2008-03-01,2008-04-03,remote_event_centroid_with_isolated_pilot_pixel,low,384.195,Jalan Jenderal Basuki Rahmat,primary,28851254,1133676103,1334087929,0,250,0.75,0.05,coarse-modis-250m,388177.333,0.978119,0.978119,0.0,0.0,0.0,unknown,excluded,event_context_not_jakarta
osm-1133676112-1133676103-0,DFO_3280_From_20080301_to_20080403,2008-03-01,2008-04-03,remote_event_centroid_with_isolated_pilot_pixel,low,248.128,Jalan Jenderal Basuki Rahmat,primary,493859848|1323082163|28851254,1133676112,1133676103,0,250,0.75,0.05,coarse-modis-250m,320143.166,0.974137,0.974137,0.0,0.0,0.0,unknown,excluded,event_context_not_jakarta
osm-1133676115-1133676116-0,DFO_3280_From_20080301_to_20080403,2008-03-01,2008-04-03,remote_event_centroid_with_isolated_pilot_pixel,low,47.632,Jalan Cipinang Indah 2,tertiary,737509446,1133676115,1133676116,0,250,0.75,0.05,coarse-modis-250m,219909.306,0.964567,0.964567,0.0,0.0,0.0,unknown,excluded,event_context_not_jakarta
osm-1133676116-5391402284-0,DFO_3280_From_20080301_to_20080403,2008-03-01,2008-04-03,remote_event_centroid_with_isolated_pilot_pixel,low,53.512,Jalan Cipinang Indah Raya,tertiary,737508241|574359955|491550931|686615431,1133676116,5391402284,0,250,0.75,0.05,coarse-modis-250m,222836.125,0.965083,0.965083,0.0,0.0,0.0,unknown,excluded,event_context_not_jakarta
osm-1133676128-1133807077-0,DFO_3280_From_20080301_to_20080403,2008-03-01,2008-04-03,remote_event_centroid_with_isolated_pilot_pixel,low,36.097,Jalan Cipinang Indah Raya,tertiary,737508241,1133676128,1133807077,0,250,0.75,0.05,coarse-modis-250m,214137.494,0.963722,0.963722,0.0,0.0,0.0,unknown,excluded,event_context_not_jakarta
osm-1133806969-1133807093-0,DFO_3280_From_20080301_to_20080403,2008-03-01,2008-04-03,remote_event_centroid_with_isolated_pilot_pixel,low,94.177,Jalan Cipinang Indah I,tertiary,1238777272,1133806969,1133807093,0,250,0.75,0.05,coarse-modis-250m,243146.812,0.968122,0.968122,0.0,0.0,0.0,unknown,excluded,event_context_not_jakarta
osm-1133806993-11455806150-0,DFO_3280_From_20080301_to_20080403,2008-03-01,2008-04-03,remote_event_centroid_with_isolated_pilot_pixel,low,64.336,Jalan Cipinang Indah I,tertiary,1238777272,1133806993,11455806150,0,250,0.75,0.05,coarse-modis-250m,228266.349,0.965943,0.965943,0.0,0.0,0.0,unknown,excluded,event_context_not_jakarta
osm-1133807009-1133806993-0,DFO_3280_From_20080301_to_20080403,2008-03-01,2008-04-03,remote_event_centroid_with_isolated_pilot_pixel,low,10.179,Jalan Cipinang Indah Raya,tertiary,1288931176,1133807009,1133806993,0,250,0.75,0.05,coarse-modis-250m,201170.734,0.961349,0.961349,0.0,0.0,0.0,unknown,excluded,event_context_not_jakarta
osm-1133807034-1133806969-0,DFO_3280_From_20080301_to_20080403,2008-03-01,2008-04-03,remote_event_centroid_with_isolated_pilot_pixel,low,194.546,Jalan Cipinang Indah I,tertiary,1238777272,1133807034,1133806969,0,250,0.75,0.05,coarse-modis-250m,293408.206,0.97234,0.97234,0.0,0.0,0.0,unknown,excluded,event_context_not_jakarta
osm-1133807052-1133676128-0,DFO_3280_From_20080301_to_20080403,2008-03-01,2008-04-03,remote_event_centroid_with_isolated_pilot_pixel,low,35.901,Jalan Cipinang Indah Raya,tertiary,737508241,1133807052,1133676128,0,250,0.75,0.05,coarse-modis-250m,214032.242,0.96488,0.96488,0.0,0.0,0.0,unknown,excluded,event_context_not_jakarta
osm-1133807065-1133807009-0,DFO_3280_From_20080301_to_20080403,2008-03-01,2008-04-03,remote_event_centroid_with_isolated_pilot_pixel,low,50.706,Jalan Cipinang Indah Raya,tertiary,737508241,1133807065,1133807009,0,250,0.75,0.05,coarse-modis-250m,221446.869,0.964808,0.964808,0.0,0.0,0.0,unknown,excluded,event_context_not_jakarta
osm-1133807077-9642343610-0,DFO_3280_From_20080301_to_20080403,2008-03-01,2008-04-03,remote_event_centroid_with_isolated_pilot_pixel,low,8.108,Jalan Cipinang Indah Raya,tertiary,737508241,1133807077,9642343610,0,250,0.75,0.05,coarse-modis-250m,200134.542,0.961538,0.961538,0.0,0.0,0.0,unknown,excluded,event_context_not_jakarta
osm-1133807089-1133807052-0,DFO_3280_From_20080301_to_20080403,2008-03-01,2008-04-03,remote_event_centroid_with_isolated_pilot_pixel,low,41.379,Jalan Cipinang Indah Raya,tertiary,737508241,1133807089,1133807052,0,250,0.75,0.05,coarse-modis-250m,216780.823,0.964207,0.964207,0.0,0.0,0.0,unknown,excluded,event_context_not_jakarta
osm-1133807093-5513424002-0,DFO_3280_From_20080301_to_20080403,2008-03-01,2008-04-03,remote_event_centroid_with_isolated_pilot_pixel,low,42.756,Jalan Cipinang Indah I,tertiary,1238777272|1238777273|98075001,1133807093,5513424002,0,250,0.75,0.05,coarse-modis-250m,217468.337,0.964614,0.964614,0.0,0.0,0.0,unknown,excluded,event_context_not_jakarta
osm-1134908642-5010888460-0,DFO_3280_From_20080301_to_20080403,2008-03-01,2008-04-03,remote_event_centroid_with_isolated_pilot_pixel,low,102.85,Jalan Laksamana Malahayati,primary,754986923,1134908642,5010888460,0,250,0.75,0.05,coarse-modis-250m,247535.548,0.968371,0.968371,0.0,0.0,0.0,unknown,excluded,event_context_not_jakarta
osm-1134953472-1133676115-0,DFO_3280_From_20080301_to_20080403,2008-03-01,2008-04-03,remote_event_centroid_with_isolated_pilot_pixel,low,126.898,Jalan Cipinang Indah 2,tertiary,737509446,1134953472,1133676115,0,250,0.75,0.05,coarse-modis-250m,259548.293,0.969225,0.969225,0.0,0.0,0.0,unknown,excluded,event_context_not_jakarta
osm-11350075105-5372018448-0,DFO_3280_From_20080301_to_20080403,2008-03-01,2008-04-03,remote_event_centroid_with_isolated_pilot_pixel,low,37.739,Jalan Insinyur Haji Juanda,secondary,696175332,11350075105,5372018448,0,250,0.75,0.05,coarse-modis-250m,214959.623,0.963964,0.963964,0.0,0.0,0.0,unknown,excluded,event_context_not_jakarta
osm-1135179313-1135179348-0,DFO_3280_From_20080301_to_20080403,2008-03-01,2008-04-03,remote_event_centroid_with_isolated_pilot_pixel,low,96.954,Jalan Cipinang Cempedak II,tertiary,98090598,1135179313,1135179348,0,250,0.75,0.05,coarse-modis-250m,244585.265,0.967498,0.967498,0.0,0.0,0.0,unknown,excluded,event_context_not_jakarta
osm-1135179348-4666246417-0,DFO_3280_From_20080301_to_20080403,2008-03-01,2008-04-03,remote_event_centroid_with_isolated_pilot_pixel,low,9.529,Jalan Cipinang Cempedak II,tertiary,98090598,1135179348,4666246417,0,250,0.75,0.05,coarse-modis-250m,200845.742,0.96182,0.96182,0.0,0.0,0.0,unknown,excluded,event_context_not_jakarta
osm-1135179379-7229469661-0,DFO_3280_From_20080301_to_20080403,2008-03-01,2008-04-03,remote_event_centroid_with_isolated_pilot_pixel,low,37.61,Jalan Cipinang Cempedak,tertiary,484862899,1135179379,7229469661,0,250,0.75,0.05,coarse-modis-250m,214895.163,0.963837,0.963837,0.0,0.0,0.0,unknown,excluded,event_context_not_jakarta
osm-1135179404-4800316713-0,DFO_3280_From_20080301_to_20080403,2008-03-01,2008-04-03,remote_event_centroid_with_isolated_pilot_pixel,low,81.572,Jalan Cipinang Cempedak I,tertiary,98090600,1135179404,4800316713,0,250,0.75,0.05,coarse-modis-250m,235240.593,0.967898,0.967898,0.0,0.0,0.0,unknown,excluded,event_context_not_jakarta
osm-1135179421-13734886245-0,DFO_3280_From_20080301_to_20080403,2008-03-01,2008-04-03,remote_event_centroid_with_isolated_pilot_pixel,low,6.239,Jalan Cipinang Cempedak I,tertiary,688635243,1135179421,13734886245,0,250,0.75,0.05,coarse-modis-250m,199199.441,0.961373,0.961373,0.0,0.0,0.0,unknown,excluded,event_context_not_jakarta
osm-1135179424-13914133217-0,DFO_3280_From_20080301_to_20080403,2008-03-01,2008-04-03,remote_event_centroid_with_isolated_pilot_pixel,low,5.251,Jalan Cipinang Cempedak I,tertiary,688635244,1135179424,13914133217,0,250,0.75,0.05,coarse-modis-250m,198705.191,0.961204,0.961204,0.0,0.0,0.0,unknown,excluded,event_context_not_jakarta
osm-1135190117-1138828395-0,DFO_3280_From_20080301_to_20080403,2008-03-01,2008-04-03,remote_event_centroid_with_isolated_pilot_pixel,low,226.26,Jalan D. I. Panjaitan,trunk,98454555|1289409516,1135190117,1138828395,0,250,0.75,0.05,coarse-modis-250m,309256.857,0.973381,0.973381,0.0,0.0,0.0,unknown,excluded,event_context_not_jakarta
osm-1135601912-5498027349-0,DFO_3280_From_20080301_to_20080403,2008-03-01,2008-04-03,remote_event_centroid_with_isolated_pilot_pixel,low,33.226,Jalan Kalimalang,primary,98087417,1135601912,5498027349,0,250,0.75,0.05,coarse-modis-250m,212701.596,0.963758,0.963758,0.0,0.0,0.0,unknown,excluded,event_context_not_jakarta
osm-11384905237-4507955830-0,DFO_3280_From_20080301_to_20080403,2008-03-01,2008-04-03,remote_event_centroid_with_isolated_pilot_pixel,low,25.857,Jalan Profesor Doktor Satrio,primary,685550351,11384905237,4507955830,0,250,0.75,0.05,coarse-modis-250m,209014.635,0.73529,0.73529,0.0,0.0,0.0,unknown,excluded,event_context_not_jakarta
osm-1138828395-316486288-0,DFO_3280_From_20080301_to_20080403,2008-03-01,2008-04-03,remote_event_centroid_with_isolated_pilot_pixel,low,148.942,Jalan D. I. Panjaitan,trunk,1331515352|1331515351,1138828395,316486288,0,250,0.75,0.05,coarse-modis-250m,270595.407,0.970399,0.970399,0.0,0.0,0.0,unknown,excluded,event_context_not_jakarta
osm-11388847775-6801763173-0,DFO_3280_From_20080301_to_20080403,2008-03-01,2008-04-03,remote_event_centroid_with_isolated_pilot_pixel,low,27.799,Unnamed OSM road,service,776122194,11388847775,6801763173,0,250,0.75,0.05,coarse-modis-250m,209939.093,0.967107,0.967107,0.0,0.0,0.0,unknown,excluded,event_context_not_jakarta
osm-11388847776-11388847775-0,DFO_3280_From_20080301_to_20080403,2008-03-01,2008-04-03,remote_event_centroid_with_isolated_pilot_pixel,low,61.184,Unnamed OSM road,service,776122194,11388847776,11388847775,0,250,0.75,0.05,coarse-modis-250m,226689.416,0.965521,0.965521,0.0,0.0,0.0,unknown,excluded,event_context_not_jakarta
osm-1139139728-7260196327-0,DFO_3280_From_20080301_to_20080403,2008-03-01,2008-04-03,remote_event_centroid_with_isolated_pilot_pixel,low,52.205,Jalan Letnan Jenderal MT Haryono,trunk,1235335428,1139139728,7260196327,0,250,0.75,0.05,coarse-modis-250m,222190.655,0.964993,0.964993,0.0,0.0,0.0,unknown,excluded,event_context_not_jakarta
osm-1139139742-7260204106-0,DFO_3280_From_20080301_to_20080403,2008-03-01,2008-04-03,remote_event_centroid_with_isolated_pilot_pixel,low,20.07,Jalan Letnan Jenderal MT Haryono,trunk,749966273,1139139742,7260204106,0,250,0.75,0.05,coarse-modis-250m,206119.435,0.962432,0.962432,0.0,0.0,0.0,unknown,excluded,event_context_not_jakarta
osm-1139140184-95006360-0,DFO_3280_From_20080301_to_20080403,2008-03-01,2008-04-03,remote_event_centroid_with_isolated_pilot_pixel,low,29.076,Jalan Letnan Jenderal MT Haryono,trunk,749966273,1139140184,95006360,0,250,0.75,0.05,coarse-modis-250m,210625.086,0.963192,0.963192,0.0,0.0,0.0,unknown,excluded,event_context_not_jakarta
osm-1139156749-5492419221-0,DFO_3280_From_20080301_to_20080403,2008-03-01,2008-04-03,remote_event_centroid_with_isolated_pilot_pixel,low,64.158,Jalan Letnan Jenderal MT Haryono,trunk,760233040,1139156749,5492419221,0,250,0.75,0.05,coarse-modis-250m,228172.002,0.965693,0.965693,0.0,0.0,0.0,unknown,excluded,event_context_not_jakarta
osm-11395329908-5680696059-0,DFO_3280_From_20080301_to_20080403,2008-03-01,2008-04-03,remote_event_centroid_with_isolated_pilot_pixel,low,32.74,Jalan Kramat Kwitang,primary,458897450|458897451,11395329908,5680696059,0,250,0.75,0.05,coarse-modis-250m,212458.07,0.963413,0.963413,0.0,0.0,0.0,unknown,excluded,event_context_not_jakarta
osm-11399827589-4848734475-0,DFO_3280_From_20080301_to_20080403,2008-03-01,2008-04-03,remote_event_centroid_with_isolated_pilot_pixel,low,89.734,Jalan Letnan Jenderal MT Haryono,trunk,98454566,11399827589,4848734475,0,250,0.75,0.05,coarse-modis-250m,240972.687,0.967456,0.967456,0.0,0.0,0.0,unknown,excluded,event_context_not_jakarta
osm-11413710169-5380113830-0,DFO_3280_From_20080301_to_20080403,2008-03-01,2008-04-03,remote_event_centroid_with_isolated_pilot_pixel,low,3.151,Jalan Pemuda,primary,975979296,11413710169,5380113830,0,250,0.75,0.05,coarse-modis-250m,197654.462,0.961029,0.961029,0.0,0.0,0.0,unknown,excluded,event_context_not_jakarta
osm-11438846310-12599546837-0,DFO_3280_From_20080301_to_20080403,2008-03-01,2008-04-03,remote_event_centroid_with_isolated_pilot_pixel,low,53.877,Jalan Letnan Jenderal Siswondo Parman,trunk,1220173370,11438846310,12599546837,0,250,0.75,0.05,coarse-modis-250m,223033.549,0.964998,0.964998,0.0,0.0,0.0,unknown,excluded,event_context_not_jakarta
osm-11445322163-5498027298-0,DFO_3280_From_20080301_to_20080403,2008-03-01,2008-04-03,remote_event_centroid_with_isolated_pilot_pixel,low,26.926,Jalan Inspeksi Tarum Barat,primary,572251879,11445322163,5498027298,0,250,0.75,0.05,coarse-modis-250m,209516.674,0.963836,0.963836,0.0,0.0,0.0,unknown,excluded,event_context_not_jakarta
osm-11455806150-1133807034-0,DFO_3280_From_20080301_to_20080403,2008-03-01,2008-04-03,remote_event_centroid_with_isolated_pilot_pixel,low,1.8,Jalan Cipinang Indah I,tertiary,1238777272,11455806150,1133807034,0,250,0.75,0.05,coarse-modis-250m,196978.808,0.960908,0.960908,0.0,0.0,0.0,unknown,excluded,event_context_not_jakarta
osm-11467500634-11399827589-0,DFO_3280_From_20080301_to_20080403,2008-03-01,2008-04-03,remote_event_centroid_with_isolated_pilot_pixel,low,82.311,Jalan Letnan Jenderal MT Haryono,trunk,98454566,11467500634,11399827589,0,250,0.75,0.05,coarse-modis-250m,237251.171,0.967,0.967,0.0,0.0,0.0,unknown,excluded,event_context_not_jakarta
osm-11477683648-186871952-0,DFO_3280_From_20080301_to_20080403,2008-03-01,2008-04-03,remote_event_centroid_with_isolated_pilot_pixel,low,37.639,Jalan Jatibaru,primary,556957356,11477683648,186871952,0,250,0.75,0.05,coarse-modis-250m,214898.081,0.964361,0.964361,0.0,0.0,0.0,unknown,excluded,event_context_not_jakarta
osm-11477683650-11477683648-0,DFO_3280_From_20080301_to_20080403,2008-03-01,2008-04-03,remote_event_centroid_with_isolated_pilot_pixel,low,12.172,Jalan Jatibaru,primary,556957356,11477683650,11477683648,0,250,0.75,0.05,coarse-modis-250m,202167.735,0.961735,0.961735,0.0,0.0,0.0,unknown,excluded,event_context_not_jakarta
osm-11484348759-11484348761-0,DFO_3280_From_20080301_to_20080403,2008-03-01,2008-04-03,remote_event_centroid_with_isolated_pilot_pixel,low,8.762,Unnamed OSM road,trunk_link,1236754677,11484348759,11484348761,0,250,0.75,0.05,coarse-modis-250m,200461.941,0.96178,0.96178,0.0,0.0,0.0,unknown,excluded,event_context_not_jakarta
osm-11484348761-4637530511-0,DFO_3280_From_20080301_to_20080403,2008-03-01,2008-04-03,remote_event_centroid_with_isolated_pilot_pixel,low,12.681,Jalan Jenderal Gatot Subroto,primary,28229340,11484348761,4637530511,0,250,0.75,0.05,coarse-modis-250m,202422.887,0.961813,0.961813,0.0,0.0,0.0,unknown,excluded,event_context_not_jakarta
osm-11492431708-1321228510-0,DFO_3280_From_20080301_to_20080403,2008-03-01,2008-04-03,remote_event_centroid_with_isolated_pilot_pixel,low,64.709,Jalan Bumi Raya,residential,725268263,11492431708,1321228510,0,250,0.75,0.05,coarse-modis-250m,228452.586,0.965683,0.965683,0.0,0.003192,0.207,unknown,excluded,event_context_not_jakarta
osm-11501464546-7149726253-0,DFO_3280_From_20080301_to_20080403,2008-03-01,2008-04-03,remote_event_centroid_with_isolated_pilot_pixel,low,58.142,Jalan Bekasi Raya,trunk,1238180042,11501464546,7149726253,0,250,0.75,0.05,coarse-modis-250m,225157.385,0.965114,0.965114,0.0,0.0,0.0,unknown,excluded,event_context_not_jakarta
osm-11501464552-11501464546-0,DFO_3280_From_20080301_to_20080403,2008-03-01,2008-04-03,remote_event_centroid_with_isolated_pilot_pixel,low,12.708,Jalan Bekasi Raya,trunk,1238180042,11501464552,11501464546,0,250,0.75,0.05,coarse-modis-250m,202436.095,0.961853,0.961853,0.0,0.0,0.0,unknown,excluded,event_context_not_jakarta
osm-11501464552-5489964736-0,DFO_3280_From_20080301_to_20080403,2008-03-01,2008-04-03,remote_event_centroid_with_isolated_pilot_pixel,low,4.208,Jalan Dokter KRT Radjiman Widyodiningrat,primary,1238183825,11501464552,5489964736,0,250,0.75,0.05,coarse-modis-250m,198183.423,0.96135,0.96135,0.0,0.0,0.0,unknown,excluded,event_context_not_jakarta
osm-11501464554-11501464552-0,DFO_3280_From_20080301_to_20080403,2008-03-01,2008-04-03,remote_event_centroid_with_isolated_pilot_pixel,low,67.335,Jalan Bekasi Raya,trunk,1238180042,11501464554,11501464552,0,250,0.75,0.05,coarse-modis-250m,229723.161,0.966569,0.966569,0.0,0.0,0.0,unknown,excluded,event_context_not_jakarta
osm-11501464554-5489964736-0,DFO_3280_From_20080301_to_20080403,2008-03-01,2008-04-03,remote_event_centroid_with_isolated_pilot_pixel,low,66.793,Jalan Bekasi Raya,trunk,688714752,11501464554,5489964736,0,250,0.75,0.05,coarse-modis-250m,229495.212,0.965904,0.965904,0.0,0.0,0.0,unknown,excluded,event_context_not_jakarta
osm-11503395360-5372153126-0,DFO_3280_From_20080301_to_20080403,2008-03-01,2008-04-03,remote_event_centroid_with_isolated_pilot_pixel,low,3.744,Jalan Letnan Jenderal Siswondo Parman,trunk,560008548,11503395360,5372153126,0,250,0.75,0.05,coarse-modis-250m,197951.242,0.961151,0.961151,0.0,0.0,0.0,unknown,excluded,event_context_not_jakarta
osm-1150900577-12825987637-0,DFO_3280_From_20080301_to_20080403,2008-03-01,2008-04-03,remote_event_centroid_with_isolated_pilot_pixel,low,50.743,Jalan Yos Sudarso,trunk,686023685|686023686|562374711,1150900577,12825987637,0,250,0.75,0.05,coarse-modis-250m,221464.782,0.964904,0.964904,0.0,0.0,0.0,unknown,excluded,event_context_not_jakarta
osm-11542695776-12194080646-0,DFO_3280_From_20080301_to_20080403,2008-03-01,2008-04-03,remote_event_centroid_with_isolated_pilot_pixel,low,5.38,Jalan Kramat Kwitang,primary,724274749,11542695776,12194080646,0,250,0.75,0.05,coarse-modis-250m,198769.659,0.961275,0.961275,0.0,0.0,0.0,unknown,excluded,event_context_not_jakarta
osm-1161321036-316374594-0,DFO_3280_From_20080301_to_20080403,2008-03-01,2008-04-03,remote_event_centroid_with_isolated_pilot_pixel,low,29.636,Jalan Tanah Tinggi Barat,primary,28773409,1161321036,316374594,0,250,0.75,0.05,coarse-modis-250m,210905.268,0.963318,0.963318,0.0,0.0,0.0,unknown,excluded,event_context_not_jakarta
osm-1163404589-7156322369-0,DFO_3280_From_20080301_to_20080403,2008-03-01,2008-04-03,remote_event_centroid_with_isolated_pilot_pixel,low,201.584,Jalan Tanah Tinggi Barat,primary,745207256|766221966,1163404589,7156322369,0,250,0.75,0.05,coarse-modis-250m,296933.512,0.972564,0.972564,0.0,0.0,0.0,unknown,excluded,event_context_not_jakarta
osm-1163404618-7120383655-0,DFO_3280_From_20080301_to_20080403,2008-03-01,2008-04-03,remote_event_centroid_with_isolated_pilot_pixel,low,49.695,Jalan Gunung Sahari Raya,primary,762101021,1163404618,7120383655,0,250,0.75,0.05,coarse-modis-250m,220941.442,0.964702,0.964702,0.0,0.0,0.0,unknown,excluded,event_context_not_jakarta
osm-1163404654-316374585-0,DFO_3280_From_20080301_to_20080403,2008-03-01,2008-04-03,remote_event_centroid_with_isolated_pilot_pixel,low,40.359,Jalan Letnan Jenderal Suprapto,primary,755340964,1163404654,316374585,0,250,0.75,0.05,coarse-modis-250m,216270.322,0.963734,0.963734,0.0,0.0,0.0,unknown,excluded,event_context_not_jakarta
osm-1173954328-1174754069-0,DFO_3280_From_20080301_to_20080403,2008-03-01,2008-04-03,remote_event_centroid_with_isolated_pilot_pixel,low,88.342,Jalan Garuda,secondary,37018609,1173954328,1174754069,0,250,0.75,0.05,coarse-modis-250m,240276.715,0.96714,0.96714,0.0,0.0,0.0,unknown,excluded,event_context_not_jakarta
osm-1173954346-13653307691-0,DFO_3280_From_20080301_to_20080403,2008-03-01,2008-04-03,remote_event_centroid_with_isolated_pilot_pixel,low,100.16,Jalan Garuda,secondary,37018609,1173954346,13653307691,0,250,0.75,0.05,coarse-modis-250m,246189.309,0.967898,0.967898,0.0,0.0,0.0,unknown,excluded,event_context_not_jakarta
osm-1174754069-29939144-0,DFO_3280_From_20080301_to_20080403,2008-03-01,2008-04-03,remote_event_centroid_with_isolated_pilot_pixel,low,49.844,Jalan Garuda,secondary,37018609,1174754069,29939144,0,250,0.75,0.05,coarse-modis-250m,221015.885,0.964704,0.964704,0.0,0.0,0.0,unknown,excluded,event_context_not_jakarta
osm-1174777687-5065375426-0,DFO_3280_From_20080301_to_20080403,2008-03-01,2008-04-03,remote_event_centroid_with_isolated_pilot_pixel,low,134.541,Jalan Garuda,secondary,37018609,1174777687,5065375426,0,250,0.75,0.05,coarse-modis-250m,263387.715,0.969658,0.969658,0.0,0.0,0.0,unknown,excluded,event_context_not_jakarta
osm-11899737707-104379014-0,DFO_3280_From_20080301_to_20080403,2008-03-01,2008-04-03,remote_event_centroid_with_isolated_pilot_pixel,low,73.806,Jalan Jatinegara Timur,primary,1186136755|691270309,11899737707,104379014,0,250,0.75,0.05,coarse-modis-250m,233002.439,0.966341,0.966341,0.0,0.0,0.0,unknown,excluded,event_context_not_jakarta
osm-11919728419-1783134145-0,DFO_3280_From_20080301_to_20080403,2008-03-01,2008-04-03,remote_event_centroid_with_isolated_pilot_pixel,low,64.513,Jalan Kyai Haji Mas Mansyur,primary,1487710045,11919728419,1783134145,0,250,0.75,0.05,coarse-modis-250m,228355.121,0.965685,0.965685,0.0,0.0,0.0,unknown,excluded,event_context_not_jakarta
osm-11925112167-4785715146-0,DFO_3280_From_20080301_to_20080403,2008-03-01,2008-04-03,remote_event_centroid_with_isolated_pilot_pixel,low,83.212,Jalan Karet Pedurenan Raya,tertiary,28132208,11925112167,4785715146,0,250,0.75,0.05,coarse-modis-250m,237689.61,0.966957,0.966957,0.0,0.0,0.0,unknown,excluded,event_context_not_jakarta
osm-11925999197-4746451654-0,DFO_3280_From_20080301_to_20080403,2008-03-01,2008-04-03,remote_event_centroid_with_isolated_pilot_pixel,low,581.748,Jalan Jenderal Basuki Rahmat,primary,493859848|491995873,11925999197,4746451654,0,250,0.75,0.05,coarse-modis-250m,486978.605,0.981474,0.981474,0.0,0.0,0.0,unknown,excluded,event_context_not_jakarta
osm-11959843134-4849427410-0,DFO_3280_From_20080301_to_20080403,2008-03-01,2008-04-03,remote_event_centroid_with_isolated_pilot_pixel,low,69.384,Jalan Letnan Jenderal Suprapto,primary,696668229,11959843134,4849427410,0,250,0.75,0.05,coarse-modis-250m,230791.39,0.965426,0.965426,0.0,0.0,0.0,unknown,excluded,event_context_not_jakarta
osm-12032748424-317179522-0,DFO_3280_From_20080301_to_20080403,2008-03-01,2008-04-03,remote_event_centroid_with_isolated_pilot_pixel,low,56.232,Jalan Profesor Doktor Satrio,primary,495447738,12032748424,317179522,0,250,0.75,0.05,coarse-modis-250m,224210.637,0.968764,0.968764,0.0,0.0,0.0,unknown,excluded,event_context_not_jakarta
osm-12139330016-5380068236-0,DFO_3280_From_20080301_to_20080403,2008-03-01,2008-04-03,remote_event_centroid_with_isolated_pilot_pixel,low,32.025,Jalan Letnan Jenderal Suprapto,primary,492988997,12139330016,5380068236,0,250,0.75,0.05,coarse-modis-250m,212100.483,0.963416,0.963416,0.0,0.0,0.0,unknown,excluded,event_context_not_jakarta
osm-12194080646-104367971-0,DFO_3280_From_20080301_to_20080403,2008-03-01,2008-04-03,remote_event_centroid_with_isolated_pilot_pixel,low,104.106,Jalan Kramat Kwitang,primary,724274749,12194080646,104367971,0,250,0.75,0.05,coarse-modis-250m,248156.582,0.968949,0.968949,0.0,0.0,0.0,unknown,excluded,event_context_not_jakarta
osm-12202088422-11503395360-0,DFO_3280_From_20080301_to_20080403,2008-03-01,2008-04-03,remote_event_centroid_with_isolated_pilot_pixel,low,6.861,Jalan Letnan Jenderal Siswondo Parman,trunk,560008548,12202088422,11503395360,0,250,0.75,0.05,coarse-modis-250m,199510.887,0.961395,0.961395,0.0,0.0,0.0,unknown,excluded,event_context_not_jakarta
osm-12202088425-12202088422-0,DFO_3280_From_20080301_to_20080403,2008-03-01,2008-04-03,remote_event_centroid_with_isolated_pilot_pixel,low,83.712,Jalan Letnan Jenderal Siswondo Parman,trunk,560008548,12202088425,12202088422,0,250,0.75,0.05,coarse-modis-250m,237959.001,0.967475,0.967475,0.0,0.0,0.0,unknown,excluded,event_context_not_jakarta
osm-12202088428-5372153133-0,DFO_3280_From_20080301_to_20080403,2008-03-01,2008-04-03,remote_event_centroid_with_isolated_pilot_pixel,low,6.994,Jalan Letnan Jenderal Siswondo Parman,trunk,560008548,12202088428,5372153133,0,250,0.75,0.05,coarse-modis-250m,199577.33,0.961443,0.961443,0.0,0.0,0.0,unknown,excluded,event_context_not_jakarta
osm-12202798102-4911942117-0,DFO_3280_From_20080301_to_20080403,2008-03-01,2008-04-03,remote_event_centroid_with_isolated_pilot_pixel,low,19.076,Jalan Letnan Jenderal Siswondo Parman,trunk,761850309,12202798102,4911942117,0,250,0.75,0.05,coarse-modis-250m,205622.156,0.962312,0.962312,0.0,0.0,0.0,unknown,excluded,event_context_not_jakarta
osm-12217513829-11492431708-0,DFO_3280_From_20080301_to_20080403,2008-03-01,2008-04-03,remote_event_centroid_with_isolated_pilot_pixel,low,65.531,Unnamed OSM road,service,1237350496|1237350497|1320234227,12217513829,11492431708,0,250,0.75,0.05,coarse-modis-250m,227088.351,0.969582,0.969582,0.0,0.002723,0.178,unknown,excluded,event_context_not_jakarta
osm-12217513829-12217513832-0,DFO_3280_From_20080301_to_20080403,2008-03-01,2008-04-03,remote_event_centroid_with_isolated_pilot_pixel,low,44.391,Unnamed OSM road,service,1237350498|1320234226,12217513829,12217513832,0,250,0.75,0.05,coarse-modis-250m,217526.641,0.965907,0.965907,0.0,0.0,0.0,unknown,excluded,event_context_not_jakarta
osm-12217513832-5078382194-0,DFO_3280_From_20080301_to_20080403,2008-03-01,2008-04-03,remote_event_centroid_with_isolated_pilot_pixel,low,210.406,Jalan Kolonel Soegiono,primary,117314950,12217513832,5078382194,0,250,0.75,0.05,coarse-modis-250m,301347.234,0.97291,0.97291,0.0,0.0,0.0,unknown,excluded,event_context_not_jakarta
osm-12316918940-310005821-0,DFO_3280_From_20080301_to_20080403,2008-03-01,2008-04-03,remote_event_centroid_with_isolated_pilot_pixel,low,28.06,Jalan Profesor Doktor Satrio,primary,1090935278,12316918940,310005821,0,250,0.75,0.05,coarse-modis-250m,210117.046,0.96296,0.96296,0.0,0.0,0.0,unknown,excluded,event_context_not_jakarta
osm-12404878653-4548266823-0,DFO_3280_From_20080301_to_20080403,2008-03-01,2008-04-03,remote_event_centroid_with_isolated_pilot_pixel,low,28.644,Jalan Insinyur Haji Juanda,secondary,11670123,12404878653,4548266823,0,250,0.75,0.05,coarse-modis-250m,210408.912,0.963307,0.963307,0.0,0.0,0.0,unknown,excluded,event_context_not_jakarta
osm-124093320-315207989-0,DFO_3280_From_20080301_to_20080403,2008-03-01,2008-04-03,remote_event_centroid_with_isolated_pilot_pixel,low,21.639,Jalan Salemba Raya,primary,750300907,124093320,315207989,0,250,0.75,0.05,coarse-modis-250m,206904.624,0.963122,0.963122,0.0,0.0,0.0,unknown,excluded,event_context_not_jakarta
osm-12484094370-315208899-0,DFO_3280_From_20080301_to_20080403,2008-03-01,2008-04-03,remote_event_centroid_with_isolated_pilot_pixel,low,22.247,Jalan Pemuda,primary,1331225021|1295698630,12484094370,315208899,0,250,0.75,0.05,coarse-modis-250m,207208.521,0.962747,0.962747,0.0,0.0,0.0,unknown,excluded,event_context_not_jakarta
osm-1249723074-7225096520-0,DFO_3280_From_20080301_to_20080403,2008-03-01,2008-04-03,remote_event_centroid_with_isolated_pilot_pixel,low,22.045,Jalan Kebon Sirih,primary,550355392,1249723074,7225096520,0,250,0.75,0.05,coarse-modis-250m,207106.539,0.962684,0.962684,0.0,0.0,0.0,unknown,excluded,event_context_not_jakarta
osm-12504052406-11925999197-0,DFO_3280_From_20080301_to_20080403,2008-03-01,2008-04-03,remote_event_centroid_with_isolated_pilot_pixel,low,464.553,Flyover,primary,28851296|491995873|27945891,12504052406,11925999197,0,250,0.75,0.05,coarse-modis-250m,428441.186,0.979951,0.979951,0.0,0.0,0.0,unknown,excluded,event_context_not_jakarta
osm-12504052406-7805088053-0,DFO_3280_From_20080301_to_20080403,2008-03-01,2008-04-03,remote_event_centroid_with_isolated_pilot_pixel,low,184.135,Jalan Kolonel Soegiono,primary,744559390,12504052406,7805088053,0,250,0.75,0.05,coarse-modis-250m,288175.745,0.97191,0.97191,0.0,0.0,0.0,unknown,excluded,event_context_not_jakarta
osm-12530400916-5290941766-0,DFO_3280_From_20080301_to_20080403,2008-03-01,2008-04-03,remote_event_centroid_with_isolated_pilot_pixel,low,193.202,Jalan Kolonel Soegiono,primary,751996163|27945891,12530400916,5290941766,0,250,0.75,0.05,coarse-modis-250m,292732.677,0.971748,0.971748,0.0,0.000257,0.05,unknown,excluded,event_context_not_jakarta
osm-12583516441-6884974160-0,DFO_3280_From_20080301_to_20080403,2008-03-01,2008-04-03,remote_event_centroid_with_isolated_pilot_pixel,low,31.744,Jalan Jatinegara Timur,primary,1501665007,12583516441,6884974160,0,250,0.75,0.05,coarse-modis-250m,211960.043,0.963426,0.963426,0.0,0.0,0.0,unknown,excluded,event_context_not_jakarta
osm-12599546837-3723599620-0,DFO_3280_From_20080301_to_20080403,2008-03-01,2008-04-03,remote_event_centroid_with_isolated_pilot_pixel,low,10.219,Jalan Letnan Jenderal Siswondo Parman,trunk,1220173370,12599546837,3723599620,0,250,0.75,0.05,coarse-modis-250m,201191.078,0.961733,0.961733,0.0,0.0,0.0,unknown,excluded,event_context_not_jakarta
osm-12676215441-5492419212-0,DFO_3280_From_20080301_to_20080403,2008-03-01,2008-04-03,remote_event_centroid_with_isolated_pilot_pixel,low,30.831,Jalan Letnan Jenderal MT Haryono,trunk,1186134492,12676215441,5492419212,0,250,0.75,0.05,coarse-modis-250m,211503.151,0.963391,0.963391,0.0,0.0,0.0,unknown,excluded,event_context_not_jakarta
osm-12681087362-5495827291-0,DFO_3280_From_20080301_to_20080403,2008-03-01,2008-04-03,remote_event_centroid_with_isolated_pilot_pixel,low,33.412,Jalan Letnan Jenderal MT Haryono,trunk,1186134492,12681087362,5495827291,0,250,0.75,0.05,coarse-modis-250m,212794.69,0.96349,0.96349,0.0,0.0,0.0,unknown,excluded,event_context_not_jakarta
osm-12684981016-5671317488-0,DFO_3280_From_20080301_to_20080403,2008-03-01,2008-04-03,remote_event_centroid_with_isolated_pilot_pixel,low,118.975,Jalan Kebon Sirih,primary,28216264,12684981016,5671317488,0,250,0.75,0.05,coarse-modis-250m,255602.75,0.968864,0.968864,0.0,0.0,0.0,unknown,excluded,event_context_not_jakarta
osm-12688243259-12688243260-0,DFO_3280_From_20080301_to_20080403,2008-03-01,2008-04-03,remote_event_centroid_with_isolated_pilot_pixel,low,39.831,Jalan Gunung Sahari Raya,primary,1530998628,12688243259,12688243260,0,250,0.75,0.05,coarse-modis-250m,216006.409,0.964026,0.964026,0.0,0.0,0.0,unknown,excluded,event_context_not_jakarta
osm-12688243260-5354213657-0,DFO_3280_From_20080301_to_20080403,2008-03-01,2008-04-03,remote_event_centroid_with_isolated_pilot_pixel,low,92.286,Jalan Gunung Sahari Raya,primary,592276676,12688243260,5354213657,0,250,0.75,0.05,coarse-modis-250m,242243.665,0.967373,0.967373,0.0,0.0,0.0,unknown,excluded,event_context_not_jakarta
osm-12718674408-12718674417-0,DFO_3280_From_20080301_to_20080403,2008-03-01,2008-04-03,remote_event_centroid_with_isolated_pilot_pixel,low,23.726,Jalan Mitra Sunter Boulevard,secondary,453477916,12718674408,12718674417,0,250,0.75,0.05,coarse-modis-250m,207944.898,0.963135,0.963135,0.0,0.0,0.0,unknown,excluded,event_context_not_jakarta
osm-12718674409-9673837489-0,DFO_3280_From_20080301_to_20080403,2008-03-01,2008-04-03,remote_event_centroid_with_isolated_pilot_pixel,low,27.545,Jalan Mitra Sunter Boulevard,secondary,453477916,12718674409,9673837489,0,250,0.75,0.05,coarse-modis-250m,209859.547,0.962139,0.962139,0.0,0.0,0.0,unknown,excluded,event_context_not_jakarta
osm-12718674417-12718674409-0,DFO_3280_From_20080301_to_20080403,2008-03-01,2008-04-03,remote_event_centroid_with_isolated_pilot_pixel,low,49.691,Jalan Mitra Sunter Boulevard,secondary,453477916,12718674417,12718674409,0,250,0.75,0.05,coarse-modis-250m,220939.457,0.964349,0.964349,0.0,0.0,0.0,unknown,excluded,event_context_not_jakarta
osm-12718674420-12718674408-0,DFO_3280_From_20080301_to_20080403,2008-03-01,2008-04-03,remote_event_centroid_with_isolated_pilot_pixel,low,17.301,Jalan Mitra Sunter Boulevard,secondary,453477916,12718674420,12718674408,0,250,0.75,0.05,coarse-modis-250m,204734.319,0.962266,0.962266,0.0,0.0,0.0,unknown,excluded,event_context_not_jakarta
osm-12729353026-6322396593-0,DFO_3280_From_20080301_to_20080403,2008-03-01,2008-04-03,remote_event_centroid_with_isolated_pilot_pixel,low,16.523,Jalan Pangeran Jayakarta,secondary,1204814108,12729353026,6322396593,0,250,0.75,0.05,coarse-modis-250m,204344.689,0.962235,0.962235,0.0,0.0,0.0,unknown,excluded,event_context_not_jakarta
osm-12729353039-2209098563-0,DFO_3280_From_20080301_to_20080403,2008-03-01,2008-04-03,remote_event_centroid_with_isolated_pilot_pixel,low,25.787,Jalan Pangeran Jayakarta,secondary,1204814108,12729353039,2209098563,0,250,0.75,0.05,coarse-modis-250m,208979.725,0.962913,0.962913,0.0,0.0,0.0,unknown,excluded,event_context_not_jakarta
osm-12729353047-12729353039-0,DFO_3280_From_20080301_to_20080403,2008-03-01,2008-04-03,remote_event_centroid_with_isolated_pilot_pixel,low,21.004,Jalan Pangeran Jayakarta,secondary,1204814108,12729353047,12729353039,0,250,0.75,0.05,coarse-modis-250m,206586.911,0.962439,0.962439,0.0,0.0,0.0,unknown,excluded,event_context_not_jakarta
osm-1273189607-4566501796-0,DFO_3280_From_20080301_to_20080403,2008-03-01,2008-04-03,remote_event_centroid_with_isolated_pilot_pixel,low,51.94,Jalan Benyamin Sueb,primary,37018607,1273189607,4566501796,0,250,0.75,0.05,coarse-modis-250m,221927.231,0.965846,0.965846,0.0,0.0,0.0,unknown,excluded,event_context_not_jakarta
osm-12736661061-1273189607-0,DFO_3280_From_20080301_to_20080403,2008-03-01,2008-04-03,remote_event_centroid_with_isolated_pilot_pixel,low,147.221,Jalan Utan Panjang Raya,primary,686751409|749995402|510396471,12736661061,1273189607,0,250,0.75,0.05,coarse-modis-250m,263951.347,0.971904,0.971904,0.0,0.0,0.0,unknown,excluded,event_context_not_jakarta
osm-12738838445-5408975256-0,DFO_3280_From_20080301_to_20080403,2008-03-01,2008-04-03,remote_event_centroid_with_isolated_pilot_pixel,low,52.702,Jalan Dokter Suratmo,secondary,560880227|1498283429|592276649|508913838|592537462,12738838445,5408975256,0,250,0.75,0.05,coarse-modis-250m,222429.957,0.966656,0.966656,0.0,0.0,0.0,unknown,excluded,event_context_not_jakarta
osm-12744944224-8519460813-0,DFO_3280_From_20080301_to_20080403,2008-03-01,2008-04-03,remote_event_centroid_with_isolated_pilot_pixel,low,6.202,Jalan Arief Rachman Hakim,primary,487370077,12744944224,8519460813,0,250,0.75,0.05,coarse-modis-250m,199181.078,0.961314,0.961314,0.0,0.0,0.0,unknown,excluded,event_context_not_jakarta
osm-12745135294-5374282148-0,DFO_3280_From_20080301_to_20080403,2008-03-01,2008-04-03,remote_event_centroid_with_isolated_pilot_pixel,low,4.228,Jalan Kramat Kwitang,primary,749318590,12745135294,5374282148,0,250,0.75,0.05,coarse-modis-250m,198193.521,0.961199,0.961199,0.0,0.0,0.0,unknown,excluded,event_context_not_jakarta
osm-12745136706-13659371444-0,DFO_3280_From_20080301_to_20080403,2008-03-01,2008-04-03,remote_event_centroid_with_isolated_pilot_pixel,low,13.543,Jalan Kramat Kwitang,primary,749318590,12745136706,13659371444,0,250,0.75,0.05,coarse-modis-250m,202853.968,0.961988,0.961988,0.0,0.0,0.0,unknown,excluded,event_context_not_jakarta
osm-12745136709-12745136706-0,DFO_3280_From_20080301_to_20080403,2008-03-01,2008-04-03,remote_event_centroid_with_isolated_pilot_pixel,low,6.414,Jalan Kramat Kwitang,primary,749318590,12745136709,12745136706,0,250,0.75,0.05,coarse-modis-250m,199286.97,0.961347,0.961347,0.0,0.0,0.0,unknown,excluded,event_context_not_jakarta
osm-12745196451-12745196458-0,DFO_3280_From_20080301_to_20080403,2008-03-01,2008-04-03,remote_event_centroid_with_isolated_pilot_pixel,low,18.421,Jalan Gunung Sahari Raya,primary,592537468,12745196451,12745196458,0,250,0.75,0.05,coarse-modis-250m,205294.678,0.962467,0.962467,0.0,0.0,0.0,unknown,excluded,event_context_not_jakarta
osm-12745196458-1675426257-0,DFO_3280_From_20080301_to_20080403,2008-03-01,2008-04-03,remote_event_centroid_with_isolated_pilot_pixel,low,12.668,Jalan Gunung Sahari Raya,primary,592537468,12745196458,1675426257,0,250,0.75,0.05,coarse-modis-250m,202416.281,0.961893,0.961893,0.0,0.0,0.0,unknown,excluded,event_context_not_jakarta
osm-12745196460-13606259700-0,DFO_3280_From_20080301_to_20080403,2008-03-01,2008-04-03,remote_event_centroid_with_isolated_pilot_pixel,low,32.413,Jalan Gunung Sahari Raya,primary,592537468,12745196460,13606259700,0,250,0.75,0.05,coarse-modis-250m,212295.079,0.963474,0.963474,0.0,0.0,0.0,unknown,excluded,event_context_not_jakarta
osm-12745196468-12745196460-0,DFO_3280_From_20080301_to_20080403,2008-03-01,2008-04-03,remote_event_centroid_with_isolated_pilot_pixel,low,22.293,Jalan Gunung Sahari Raya,primary,592537468,12745196468,12745196460,0,250,0.75,0.05,coarse-modis-250m,207231.756,0.96269,0.96269,0.0,0.0,0.0,unknown,excluded,event_context_not_jakarta
osm-12754553920-5670944441-0,DFO_3280_From_20080301_to_20080403,2008-03-01,2008-04-03,remote_event_centroid_with_isolated_pilot_pixel,low,91.653,Jalan Kemayoran Gempol,secondary,736957432,12754553920,5670944441,0,250,0.75,0.05,coarse-modis-250m,241933.525,0.967262,0.967262,0.0,0.0,0.0,unknown,excluded,event_context_not_jakarta
osm-1275851646-104379024-0,DFO_3280_From_20080301_to_20080403,2008-03-01,2008-04-03,remote_event_centroid_with_isolated_pilot_pixel,low,97.589,Jalan Otto Iskandar Dinata,primary,28765421,1275851646,104379024,0,250,0.75,0.05,coarse-modis-250m,244903.188,0.967684,0.967684,0.0,0.0,0.0,unknown,excluded,event_context_not_jakarta
osm-12798366960-12798366961-0,DFO_3280_From_20080301_to_20080403,2008-03-01,2008-04-03,remote_event_centroid_with_isolated_pilot_pixel,low,64.532,Jalan Salemba Raya,primary,28715955,12798366960,12798366961,0,250,0.75,0.05,coarse-modis-250m,228364.111,0.965612,0.965612,0.0,0.0,0.0,unknown,excluded,event_context_not_jakarta
osm-12798366961-329019268-0,DFO_3280_From_20080301_to_20080403,2008-03-01,2008-04-03,remote_event_centroid_with_isolated_pilot_pixel,low,58.543,Jalan Salemba Raya,primary,28715955|815231910,12798366961,329019268,0,250,0.75,0.05,coarse-modis-250m,225366.743,0.96574,0.96574,0.0,0.0,0.0,unknown,excluded,event_context_not_jakarta
osm-12799849299-5379667472-0,DFO_3280_From_20080301_to_20080403,2008-03-01,2008-04-03,remote_event_centroid_with_isolated_pilot_pixel,low,5.515,Jalan Yos Sudarso,trunk,496592226,12799849299,5379667472,0,250,0.75,0.05,coarse-modis-250m,198837.194,0.961231,0.961231,0.0,0.0,0.0,unknown,excluded,event_context_not_jakarta
osm-12825987637-317349914-0,DFO_3280_From_20080301_to_20080403,2008-03-01,2008-04-03,remote_event_centroid_with_isolated_pilot_pixel,low,21.437,Jalan Yos Sudarso,trunk,686023685,12825987637,317349914,0,250,0.75,0.05,coarse-modis-250m,206803.521,0.962697,0.962697,0.0,0.0,0.0,unknown,excluded,event_context_not_jakarta
osm-13016877290-4541302315-0,DFO_3280_From_20080301_to_20080403,2008-03-01,2008-04-03,remote_event_centroid_with_isolated_pilot_pixel,low,37.642,Jalan Jatinegara Timur,primary,11671655,13016877290,4541302315,0,250,0.75,0.05,coarse-modis-250m,214910.125,0.963876,0.963876,0.0,0.0,0.0,unknown,excluded,event_context_not_jakarta
osm-13016877290-4787639954-0,DFO_3280_From_20080301_to_20080403,2008-03-01,2008-04-03,remote_event_centroid_with_isolated_pilot_pixel,low,12.903,Unnamed OSM road,primary_link,1416487516,13016877290,4787639954,0,250,0.75,0.05,coarse-modis-250m,202533.551,0.961715,0.961715,0.0,0.0,0.0,unknown,excluded,event_context_not_jakarta
osm-13030921685-13030921684-0,DFO_3280_From_20080301_to_20080403,2008-03-01,2008-04-03,remote_event_centroid_with_isolated_pilot_pixel,low,7.789,Unnamed OSM road,residential,1417995175,13030921685,13030921684,0,250,0.75,0.05,coarse-modis-250m,199975.117,0.961432,0.961432,0.0,0.0,0.0,unknown,excluded,event_context_not_jakarta
osm-13033996655-5377076552-0,DFO_3280_From_20080301_to_20080403,2008-03-01,2008-04-03,remote_event_centroid_with_isolated_pilot_pixel,low,24.898,Jalan Salemba Raya,primary,754623058,13033996655,5377076552,0,250,0.75,0.05,coarse-modis-250m,208534.46,0.962856,0.962856,0.0,0.0,0.0,unknown,excluded,event_context_not_jakarta
osm-13102843717-4404259357-0,DFO_3280_From_20080301_to_20080403,2008-03-01,2008-04-03,remote_event_centroid_with_isolated_pilot_pixel,low,71.225,Jalan Jenderal Gatot Subroto,trunk,562407886,13102843717,4404259357,0,250,0.75,0.05,coarse-modis-250m,231712.986,0.966159,0.966159,0.0,0.0,0.0,unknown,excluded,event_context_not_jakarta
osm-13108442428-5374282198-0,DFO_3280_From_20080301_to_20080403,2008-03-01,2008-04-03,remote_event_centroid_with_isolated_pilot_pixel,low,18.471,Jalan Kramat Kwitang,primary,458897450|766126375,13108442428,5374282198,0,250,0.75,0.05,coarse-modis-250m,205319.56,0.962289,0.962289,0.0,0.0,0.0,unknown,excluded,event_context_not_jakarta
osm-1311842311-9028008487-0,DFO_3280_From_20080301_to_20080403,2008-03-01,2008-04-03,remote_event_centroid_with_isolated_pilot_pixel,low,76.19,Jalan Pemuda,primary,763467199,1311842311,9028008487,0,250,0.75,0.05,coarse-modis-250m,234196.988,0.966426,0.966426,0.0,0.0,0.0,unknown,excluded,event_context_not_jakarta
osm-1315069362-9685151096-0,DFO_3280_From_20080301_to_20080403,2008-03-01,2008-04-03,remote_event_centroid_with_isolated_pilot_pixel,low,44.334,Jalan Pemuda,primary,763467199,1315069362,9685151096,0,250,0.75,0.05,coarse-modis-250m,218258.807,0.964408,0.964408,0.0,0.0,0.0,unknown,excluded,event_context_not_jakarta
osm-1320273025-6604587143-0,DFO_3280_From_20080301_to_20080403,2008-03-01,2008-04-03,remote_event_centroid_with_isolated_pilot_pixel,low,105.763,Jalan Pemuda,primary,1458445576|1052899123,1320273025,6604587143,0,250,0.75,0.05,coarse-modis-250m,248992.038,0.96843,0.96843,0.0,0.0,0.0,unknown,excluded,event_context_not_jakarta
osm-1321228510-317196043-0,DFO_3280_From_20080301_to_20080403,2008-03-01,2008-04-03,remote_event_centroid_with_isolated_pilot_pixel,low,10.018,Jalan Bumi Raya,residential,725268263,1321228510,317196043,0,250,0.75,0.05,coarse-modis-250m,201090.473,0.961671,0.961671,0.0,0.0,0.0,unknown,excluded,event_context_not_jakarta
osm-1321228541-1336909413-0,DFO_3280_From_20080301_to_20080403,2008-03-01,2008-04-03,remote_event_centroid_with_isolated_pilot_pixel,low,232.395,Jalan Kolonel Soegiono,primary,754062954|754062956,1321228541,1336909413,0,250,0.75,0.05,coarse-modis-250m,312300.798,0.973711,0.973711,0.0,0.0,0.0,unknown,excluded,event_context_not_jakarta
osm-1321228560-1373715020-0,DFO_3280_From_20080301_to_20080403,2008-03-01,2008-04-03,remote_event_centroid_with_isolated_pilot_pixel,low,147.754,Jalan Kolonel Soegiono,primary,754062956,1321228560,1373715020,0,250,0.75,0.05,coarse-modis-250m,269969.667,0.97037,0.97037,0.0,0.0,0.0,unknown,excluded,event_context_not_jakarta
osm-1321228566-302230530-0,DFO_3280_From_20080301_to_20080403,2008-03-01,2008-04-03,remote_event_centroid_with_isolated_pilot_pixel,low,53.081,Jalan Radin Inten,primary,754062952,1321228566,302230530,0,250,0.75,0.05,coarse-modis-250m,222635.258,0.964977,0.964977,0.0,0.0,0.0,unknown,excluded,event_context_not_jakarta
osm-1321228575-1334087900-0,DFO_3280_From_20080301_to_20080403,2008-03-01,2008-04-03,remote_event_centroid_with_isolated_pilot_pixel,low,121.974,Jalan Jenderal Basuki Rahmat,primary,691251098|28847119,1321228575,1334087900,0,250,0.75,0.05,coarse-modis-250m,257083.098,0.968914,0.968914,0.0,0.0,0.0,unknown,excluded,event_context_not_jakarta
osm-1321537155-1321537157-0,DFO_3280_From_20080301_to_20080403,2008-03-01,2008-04-03,remote_event_centroid_with_isolated_pilot_pixel,low,14.503,Jalan Kolonel Soegiono,primary,748858218,1321537155,1321537157,0,250,0.75,0.05,coarse-modis-250m,203334.452,0.962269,0.962269,0.0,0.0,0.0,unknown,excluded,event_context_not_jakarta
osm-1321537157-5078382203-0,DFO_3280_From_20080301_to_20080403,2008-03-01,2008-04-03,remote_event_centroid_with_isolated_pilot_pixel,low,18.338,Jalan Jenderal Basuki Rahmat,primary,748858217,1321537157,5078382203,0,250,0.75,0.05,coarse-modis-250m,205253.085,0.96258,0.96258,0.0,0.0,0.0,unknown,excluded,event_context_not_jakarta
osm-1325257182-316742986-0,DFO_3280_From_20080301_to_20080403,2008-03-01,2008-04-03,remote_event_centroid_with_isolated_pilot_pixel,low,178.044,Jalan D. I. Panjaitan,trunk,687317706,1325257182,316742986,0,250,0.75,0.05,coarse-modis-250m,285155.978,0.971676,0.971676,0.0,0.0,0.0,unknown,excluded,event_context_not_jakarta
osm-1330696490-1337745188-0,DFO_3280_From_20080301_to_20080403,2008-03-01,2008-04-03,remote_event_centroid_with_isolated_pilot_pixel,low,101.893,Jalan Radin Inten,primary,688681364,1330696490,1337745188,0,250,0.75,0.05,coarse-modis-250m,247055.106,0.967878,0.967878,0.0,0.0,0.0,unknown,excluded,event_context_not_jakarta
osm-1334087900-7027128992-0,DFO_3280_From_20080301_to_20080403,2008-03-01,2008-04-03,remote_event_centroid_with_isolated_pilot_pixel,low,25.839,Jalan Jenderal Basuki Rahmat,primary,28847119,1334087900,7027128992,0,250,0.75,0.05,coarse-modis-250m,209005.954,0.963029,0.963029,0.0,0.0,0.0,unknown,excluded,event_context_not_jakarta
osm-1334087929-1321228575-0,DFO_3280_From_20080301_to_20080403,2008-03-01,2008-04-03,remote_event_centroid_with_isolated_pilot_pixel,low,382.294,Jalan Jenderal Basuki Rahmat,primary,493815282|493815283|28851254,1334087929,1321228575,0,250,0.75,0.05,coarse-modis-250m,387105.417,0.977785,0.977785,0.0,0.0,0.0,unknown,excluded,event_context_not_jakarta
osm-13366216191-13366216193-0,DFO_3280_From_20080301_to_20080403,2008-03-01,2008-04-03,remote_event_centroid_with_isolated_pilot_pixel,low,21.104,Jalan Penjernihan 1,primary,691966212,13366216191,13366216193,0,250,0.75,0.05,coarse-modis-250m,206636.695,0.962731,0.962731,0.0,0.0,0.0,unknown,excluded,event_context_not_jakarta
osm-13366216193-5046365477-0,DFO_3280_From_20080301_to_20080403,2008-03-01,2008-04-03,remote_event_centroid_with_isolated_pilot_pixel,low,5.307,Jalan Penjernihan 1,primary,691966212,13366216193,5046365477,0,250,0.75,0.05,coarse-modis-250m,198733.391,0.961271,0.961271,0.0,0.0,0.0,unknown,excluded,event_context_not_jakarta
osm-1336909413-1321228560-0,DFO_3280_From_20080301_to_20080403,2008-03-01,2008-04-03,remote_event_centroid_with_isolated_pilot_pixel,low,14.367,Jalan Kolonel Soegiono,primary,754062956,1336909413,1321228560,0,250,0.75,0.05,coarse-modis-250m,203266.367,0.962011,0.962011,0.0,0.0,0.0,unknown,excluded,event_context_not_jakarta
osm-1337745188-326484370-0,DFO_3280_From_20080301_to_20080403,2008-03-01,2008-04-03,remote_event_centroid_with_isolated_pilot_pixel,low,535.176,Jalan Radin Inten,primary,250867282|692996349|754381189,1337745188,326484370,0,250,0.75,0.05,coarse-modis-250m,463814.383,0.980827,0.980827,0.0,0.0,0.0,unknown,excluded,event_context_not_jakarta
osm-1342878909-6434923286-0,DFO_3280_From_20080301_to_20080403,2008-03-01,2008-04-03,remote_event_centroid_with_isolated_pilot_pixel,low,63.387,Jalan Bekasi Raya,trunk,119540281,1342878909,6434923286,0,250,0.75,0.05,coarse-modis-250m,227774.063,0.965735,0.965735,0.0,0.0,0.0,unknown,excluded,event_context_not_jakarta
osm-1342878927-7516900856-0,DFO_3280_From_20080301_to_20080403,2008-03-01,2008-04-03,remote_event_centroid_with_isolated_pilot_pixel,low,237.199,Jalan Perintis Kemerdekaan,trunk,427815402,1342878927,7516900856,0,250,0.75,0.05,coarse-modis-250m,314747.259,0.973858,0.973858,0.0,0.0,0.0,unknown,excluded,event_context_not_jakarta
osm-1342878941-11501464546-0,DFO_3280_From_20080301_to_20080403,2008-03-01,2008-04-03,remote_event_centroid_with_isolated_pilot_pixel,low,4.293,Jalan Dokter KRT Radjiman Widyodiningrat,primary,1238183821,1342878941,11501464546,0,250,0.75,0.05,coarse-modis-250m,198225.864,0.960915,0.960915,0.0,0.0,0.0,unknown,excluded,event_context_not_jakarta
osm-1342878941-7149726253-0,DFO_3280_From_20080301_to_20080403,2008-03-01,2008-04-03,remote_event_centroid_with_isolated_pilot_pixel,low,58.137,Jalan Bekasi Raya,trunk,1242664246,1342878941,7149726253,0,250,0.75,0.05,coarse-modis-250m,225165.031,0.965267,0.965267,0.0,0.0,0.0,unknown,excluded,event_context_not_jakarta
osm-1342878987-7105384963-0,DFO_3280_From_20080301_to_20080403,2008-03-01,2008-04-03,remote_event_centroid_with_isolated_pilot_pixel,low,35.354,Jalan Bekasi Raya,trunk,525578217|525578220|119540281,1342878987,7105384963,0,250,0.75,0.05,coarse-modis-250m,213761.444,0.963845,0.963845,0.0,0.0,0.0,unknown,excluded,event_context_not_jakarta
osm-1342878998-330409714-0,DFO_3280_From_20080301_to_20080403,2008-03-01,2008-04-03,remote_event_centroid_with_isolated_pilot_pixel,low,190.376,Unnamed OSM road,service,827284596|723057935,1342878998,330409714,0,250,0.75,0.05,coarse-modis-250m,291203.393,0.971693,0.971693,0.0,0.0,0.0,unknown,excluded,event_context_not_jakarta
osm-1342879000-4822315952-0,DFO_3280_From_20080301_to_20080403,2008-03-01,2008-04-03,remote_event_centroid_with_isolated_pilot_pixel,low,12.466,Jalan Bekasi Raya,trunk,1284913315,1342879000,4822315952,0,250,0.75,0.05,coarse-modis-250m,202315.134,0.961877,0.961877,0.0,0.0,0.0,unknown,excluded,event_context_not_jakarta
osm-1342879017-1342878987-0,DFO_3280_From_20080301_to_20080403,2008-03-01,2008-04-03,remote_event_centroid_with_isolated_pilot_pixel,low,93.869,Jalan Bekasi Raya,trunk,525578220,1342879017,1342878987,0,250,0.75,0.05,coarse-modis-250m,243035.218,0.967372,0.967372,0.0,0.0,0.0,unknown,excluded,event_context_not_jakarta
osm-13453045134-4953838327-0,DFO_3280_From_20080301_to_20080403,2008-03-01,2008-04-03,remote_event_centroid_with_isolated_pilot_pixel,low,268.411,Jalan Aipda Karel Satsuit Tubun I,primary,496038079|745193778|752887191,13453045134,4953838327,0,250,0.75,0.05,coarse-modis-250m,325340.549,0.974462,0.974462,0.0,0.0,0.0,unknown,excluded,event_context_not_jakarta
osm-13453416789-12316918940-0,DFO_3280_From_20080301_to_20080403,2008-03-01,2008-04-03,remote_event_centroid_with_isolated_pilot_pixel,low,43.56,Jalan Profesor Doktor Satrio,primary,681047133|1090935278,13453416789,12316918940,0,250,0.75,0.05,coarse-modis-250m,217871.474,0.964285,0.964285,0.0,0.0,0.0,unknown,excluded,event_context_not_jakarta
osm-13453416794-13453416789-0,DFO_3280_From_20080301_to_20080403,2008-03-01,2008-04-03,remote_event_centroid_with_isolated_pilot_pixel,low,11.469,Jalan Profesor Doktor Satrio,primary,681047133,13453416794,13453416789,0,250,0.75,0.05,coarse-modis-250m,201816.083,0.960375,0.960375,0.0,0.0,0.0,unknown,excluded,event_context_not_jakarta
osm-13456437803-7241781245-0,DFO_3280_From_20080301_to_20080403,2008-03-01,2008-04-03,remote_event_centroid_with_isolated_pilot_pixel,low,143.122,Jalan Pedurenan Masjid Raya,tertiary,392820646,13456437803,7241781245,0,250,0.75,0.05,coarse-modis-250m,267652.895,0.970343,0.970343,0.0,0.0,0.0,unknown,excluded,event_context_not_jakarta
osm-13456492331-13603665477-0,DFO_3280_From_20080301_to_20080403,2008-03-01,2008-04-03,remote_event_centroid_with_isolated_pilot_pixel,low,126.278,Jalan Profesor Doktor Satrio,primary,1090935277,13456492331,13603665477,0,250,0.75,0.05,coarse-modis-250m,259248.877,0.969236,0.969236,0.0,0.0,0.0,unknown,excluded,event_context_not_jakarta
osm-13456652649-310047835-0,DFO_3280_From_20080301_to_20080403,2008-03-01,2008-04-03,remote_event_centroid_with_isolated_pilot_pixel,low,40.713,Jalan Letnan Jenderal Siswondo Parman,trunk,560008548,13456652649,310047835,0,250,0.75,0.05,coarse-modis-250m,216447.696,0.964069,0.964069,0.0,0.0,0.0,unknown,excluded,event_context_not_jakarta
osm-13456652652-13456652659-0,DFO_3280_From_20080301_to_20080403,2008-03-01,2008-04-03,remote_event_centroid_with_isolated_pilot_pixel,low,22.989,Jalan Letnan Jenderal Siswondo Parman,trunk,688117571,13456652652,13456652659,0,250,0.75,0.05,coarse-modis-250m,207579.966,0.962707,0.962707,0.0,0.0,0.0,unknown,excluded,event_context_not_jakarta
osm-13456652659-5372153151-0,DFO_3280_From_20080301_to_20080403,2008-03-01,2008-04-03,remote_event_centroid_with_isolated_pilot_pixel,low,17.506,Jalan Letnan Jenderal Siswondo Parman,trunk,688117571,13456652659,5372153151,0,250,0.75,0.05,coarse-modis-250m,204836.61,0.962139,0.962139,0.0,0.0,0.0,unknown,excluded,event_context_not_jakarta
osm-13456804471-8488629808-0,DFO_3280_From_20080301_to_20080403,2008-03-01,2008-04-03,remote_event_centroid_with_isolated_pilot_pixel,low,61.888,Jalan Karet Pedurenan Raya,tertiary,28132208,13456804471,8488629808,0,250,0.75,0.05,coarse-modis-250m,227041.726,0.965711,0.965711,0.0,0.0,0.0,unknown,excluded,event_context_not_jakarta
osm-1345781623-12504052406-0,DFO_3280_From_20080301_to_20080403,2008-03-01,2008-04-03,remote_event_centroid_with_isolated_pilot_pixel,low,181.093,Jalan Kolonel Soegiono,primary,27945891,1345781623,12504052406,0,250,0.75,0.05,coarse-modis-250m,286620.85,0.97182,0.97182,0.0,0.0,0.0,unknown,excluded,event_context_not_jakarta
osm-1351484887-13657075638-0,DFO_3280_From_20080301_to_20080403,2008-03-01,2008-04-03,remote_event_centroid_with_isolated_pilot_pixel,low,78.23,Jalan Kramat Raya,primary,717267441|1295786981,1351484887,13657075638,0,250,0.75,0.05,coarse-modis-250m,235200.162,0.966753,0.966753,0.0,0.0,0.0,unknown,excluded,event_context_not_jakarta
osm-13525649819-13828209563-0,DFO_3280_From_20080301_to_20080403,2008-03-01,2008-04-03,remote_event_centroid_with_isolated_pilot_pixel,low,133.424,Jalan Matraman,primary,278788931,13525649819,13828209563,0,250,0.75,0.05,coarse-modis-250m,262804.854,0.969337,0.969337,0.0,0.0,0.0,unknown,excluded,event_context_not_jakarta
osm-13525649841-13525649819-0,DFO_3280_From_20080301_to_20080403,2008-03-01,2008-04-03,remote_event_centroid_with_isolated_pilot_pixel,low,361.312,Jalan Matraman,primary,1474329897,13525649841,13525649819,0,250,0.75,0.05,coarse-modis-250m,376092.031,0.97719,0.97719,0.0,0.0,0.0,unknown,excluded,event_context_not_jakarta
osm-13586347373-6322281575-0,DFO_3280_From_20080301_to_20080403,2008-03-01,2008-04-03,remote_event_centroid_with_isolated_pilot_pixel,low,10.017,Jalan Mangga Dua Dalam,tertiary,508913824,13586347373,6322281575,0,250,0.75,0.05,coarse-modis-250m,201089.585,0.961644,0.961644,0.0,0.0,0.0,unknown,excluded,event_context_not_jakarta
osm-13586870988-9031905436-0,DFO_3280_From_20080301_to_20080403,2008-03-01,2008-04-03,remote_event_centroid_with_isolated_pilot_pixel,low,1.518,Jalan Kebon Sirih,primary,719606918,13586870988,9031905436,0,250,0.75,0.05,coarse-modis-250m,196837.534,0.961193,0.961193,0.0,0.0,0.0,unknown,excluded,event_context_not_jakarta
osm-13586870998-315469626-0,DFO_3280_From_20080301_to_20080403,2008-03-01,2008-04-03,remote_event_centroid_with_isolated_pilot_pixel,low,13.792,Jalan Kebon Sirih,primary,719606918,13586870998,315469626,0,250,0.75,0.05,coarse-modis-250m,202978.474,0.962116,0.962116,0.0,0.0,0.0,unknown,excluded,event_context_not_jakarta
osm-1359134207-2379121074-0,DFO_3280_From_20080301_to_20080403,2008-03-01,2008-04-03,remote_event_centroid_with_isolated_pilot_pixel,low,14.638,Jalan Radin Inten,primary,119909339,1359134207,2379121074,0,250,0.75,0.05,coarse-modis-250m,203405.29,0.963887,0.963887,0.0,0.0,0.0,unknown,excluded,event_context_not_jakarta
osm-1359134207-2379121077-0,DFO_3280_From_20080301_to_20080403,2008-03-01,2008-04-03,remote_event_centroid_with_isolated_pilot_pixel,low,22.454,Unnamed OSM road,primary_link,753391157,1359134207,2379121077,0,250,0.75,0.05,coarse-modis-250m,207312.389,0.963073,0.963073,0.0,0.0,0.0,unknown,excluded,event_context_not_jakarta
osm-1359134222-1330696490-0,DFO_3280_From_20080301_to_20080403,2008-03-01,2008-04-03,remote_event_centroid_with_isolated_pilot_pixel,low,89.353,Jalan Radin Inten,primary,753391155|1074066710,1359134222,1330696490,0,250,0.75,0.05,coarse-modis-250m,240779.057,0.967409,0.967409,0.0,0.0,0.0,unknown,excluded,event_context_not_jakarta
osm-13603665477-310005821-0,DFO_3280_From_20080301_to_20080403,2008-03-01,2008-04-03,remote_event_centroid_with_isolated_pilot_pixel,low,28.693,Unnamed OSM road,primary_link,1074093273,13603665477,310005821,0,250,0.75,0.05,coarse-modis-250m,208922.187,0.9679,0.9679,0.0,0.0,0.0,unknown,excluded,event_context_not_jakarta
osm-13606136400-1675426142-0,DFO_3280_From_20080301_to_20080403,2008-03-01,2008-04-03,remote_event_centroid_with_isolated_pilot_pixel,low,25.83,Jalan Gunung Sahari Raya,primary,634085903,13606136400,1675426142,0,250,0.75,0.05,coarse-modis-250m,209001.408,0.963063,0.963063,0.0,0.0,0.0,unknown,excluded,event_context_not_jakarta
osm-13606177748-5549685557-0,DFO_3280_From_20080301_to_20080403,2008-03-01,2008-04-03,remote_event_centroid_with_isolated_pilot_pixel,low,26.722,Jalan Gunung Sahari Raya,primary,1530998629,13606177748,5549685557,0,250,0.75,0.05,coarse-modis-250m,209447.718,0.963065,0.963065,0.0,0.0,0.0,unknown,excluded,event_context_not_jakarta
osm-13606201402-13606201409-0,DFO_3280_From_20080301_to_20080403,2008-03-01,2008-04-03,remote_event_centroid_with_isolated_pilot_pixel,low,22.959,Jalan Gunung Sahari Raya,primary,634085903,13606201402,13606201409,0,250,0.75,0.05,coarse-modis-250m,207564.88,0.962725,0.962725,0.0,0.0,0.0,unknown,excluded,event_context_not_jakarta
osm-13606201409-13606136400-0,DFO_3280_From_20080301_to_20080403,2008-03-01,2008-04-03,remote_event_centroid_with_isolated_pilot_pixel,low,8.46,Jalan Gunung Sahari Raya,primary,634085903,13606201409,13606136400,0,250,0.75,0.05,coarse-modis-250m,200310.809,0.961529,0.961529,0.0,0.0,0.0,unknown,excluded,event_context_not_jakarta
osm-13606201410-13606201418-0,DFO_3280_From_20080301_to_20080403,2008-03-01,2008-04-03,remote_event_centroid_with_isolated_pilot_pixel,low,30.767,Jalan Gunung Sahari Raya,primary,634085903,13606201410,13606201418,0,250,0.75,0.05,coarse-modis-250m,211471.138,0.96339,0.96339,0.0,0.0,0.0,unknown,excluded,event_context_not_jakarta
osm-13606201418-13606201402-0,DFO_3280_From_20080301_to_20080403,2008-03-01,2008-04-03,remote_event_centroid_with_isolated_pilot_pixel,low,18.85,Jalan Gunung Sahari Raya,primary,634085903,13606201418,13606201402,0,250,0.75,0.05,coarse-modis-250m,205509.256,0.962466,0.962466,0.0,0.0,0.0,unknown,excluded,event_context_not_jakarta
osm-13606201425-4963127289-0,DFO_3280_From_20080301_to_20080403,2008-03-01,2008-04-03,remote_event_centroid_with_isolated_pilot_pixel,low,32.751,Jalan Gunung Sahari Raya,primary,634085903,13606201425,4963127289,0,250,0.75,0.05,coarse-modis-250m,212463.701,0.963566,0.963566,0.0,0.0,0.0,unknown,excluded,event_context_not_jakarta
osm-13606201428-13606201425-0,DFO_3280_From_20080301_to_20080403,2008-03-01,2008-04-03,remote_event_centroid_with_isolated_pilot_pixel,low,7.233,Jalan Gunung Sahari Raya,primary,634085903,13606201428,13606201425,0,250,0.75,0.05,coarse-modis-250m,199697.103,0.961396,0.961396,0.0,0.0,0.0,unknown,excluded,event_context_not_jakarta
osm-13606201436-13606201428-0,DFO_3280_From_20080301_to_20080403,2008-03-01,2008-04-03,remote_event_centroid_with_isolated_pilot_pixel,low,24.903,Jalan Gunung Sahari Raya,primary,634085903,13606201436,13606201428,0,250,0.75,0.05,coarse-modis-250m,208537.433,0.962784,0.962784,0.0,0.0,0.0,unknown,excluded,event_context_not_jakarta
osm-13606201439-13606201436-0,DFO_3280_From_20080301_to_20080403,2008-03-01,2008-04-03,remote_event_centroid_with_isolated_pilot_pixel,low,60.679,Jalan Gunung Sahari Raya,primary,634085903,13606201439,13606201436,0,250,0.75,0.05,coarse-modis-250m,226436.457,0.965475,0.965475,0.0,0.0,0.0,unknown,excluded,event_context_not_jakarta
osm-13606201442-13606201439-0,DFO_3280_From_20080301_to_20080403,2008-03-01,2008-04-03,remote_event_centroid_with_isolated_pilot_pixel,low,16.99,Jalan Gunung Sahari Raya,primary,634085903,13606201442,13606201439,0,250,0.75,0.05,coarse-modis-250m,204578.476,0.962247,0.962247,0.0,0.0,0.0,unknown,excluded,event_context_not_jakarta
osm-13606259700-12745196451-0,DFO_3280_From_20080301_to_20080403,2008-03-01,2008-04-03,remote_event_centroid_with_isolated_pilot_pixel,low,4.368,Jalan Gunung Sahari Raya,primary,592537468,13606259700,12745196451,0,250,0.75,0.05,coarse-modis-250m,198263.685,0.961221,0.961221,0.0,0.0,0.0,unknown,excluded,event_context_not_jakarta
osm-13606278105-12745196468-0,DFO_3280_From_20080301_to_20080403,2008-03-01,2008-04-03,remote_event_centroid_with_isolated_pilot_pixel,low,36.317,Jalan Gunung Sahari Raya,primary,592537468,13606278105,12745196468,0,250,0.75,0.05,coarse-modis-250m,214248.183,0.96382,0.96382,0.0,0.0,0.0,unknown,excluded,event_context_not_jakarta
osm-13606475657-4963127052-0,DFO_3280_From_20080301_to_20080403,2008-03-01,2008-04-03,remote_event_centroid_with_isolated_pilot_pixel,low,28.294,Jalan Gunung Sahari Raya,primary,592537468,13606475657,4963127052,0,250,0.75,0.05,coarse-modis-250m,210234.071,0.96318,0.96318,0.0,0.0,0.0,unknown,excluded,event_context_not_jakarta
osm-13606475660-13606475666-0,DFO_3280_From_20080301_to_20080403,2008-03-01,2008-04-03,remote_event_centroid_with_isolated_pilot_pixel,low,33.19,Jalan Gunung Sahari Raya,primary,592537468,13606475660,13606475666,0,250,0.75,0.05,coarse-modis-250m,212683.539,0.963416,0.963416,0.0,0.0,0.0,unknown,excluded,event_context_not_jakarta
osm-13606475666-4963127061-0,DFO_3280_From_20080301_to_20080403,2008-03-01,2008-04-03,remote_event_centroid_with_isolated_pilot_pixel,low,54.76,Jalan Gunung Sahari Raya,primary,592537468,13606475666,4963127061,0,250,0.75,0.05,coarse-modis-250m,223475.497,0.965077,0.965077,0.0,0.0,0.0,unknown,excluded,event_context_not_jakarta
osm-13606475670-13606475660-0,DFO_3280_From_20080301_to_20080403,2008-03-01,2008-04-03,remote_event_centroid_with_isolated_pilot_pixel,low,8.161,Jalan Gunung Sahari Raya,primary,592537468,13606475670,13606475660,0,250,0.75,0.05,coarse-modis-250m,200161.048,0.961582,0.961582,0.0,0.0,0.0,unknown,excluded,event_context_not_jakarta
osm-13606475672-13606475670-0,DFO_3280_From_20080301_to_20080403,2008-03-01,2008-04-03,remote_event_centroid_with_isolated_pilot_pixel,low,13.127,Jalan Gunung Sahari Raya,primary,592537468,13606475672,13606475670,0,250,0.75,0.05,coarse-modis-250m,202645.581,0.961955,0.961955,0.0,0.0,0.0,unknown,excluded,event_context_not_jakarta
osm-13618074118-5380240456-0,DFO_3280_From_20080301_to_20080403,2008-03-01,2008-04-03,remote_event_centroid_with_isolated_pilot_pixel,low,6.43,Jalan K. Haji Abdul Syafi'ie,primary,28850223,13618074118,5380240456,0,250,0.75,0.05,coarse-modis-250m,199295.241,0.961476,0.961476,0.0,0.0,0.0,unknown,excluded,event_context_not_jakarta
osm-13623804700-318097237-0,DFO_3280_From_20080301_to_20080403,2008-03-01,2008-04-03,remote_event_centroid_with_isolated_pilot_pixel,low,64.434,Jalan Suryopranoto,primary,497546914,13623804700,318097237,0,250,0.75,0.05,coarse-modis-250m,228315.11,0.965531,0.965531,0.0,0.0,0.0,unknown,excluded,event_context_not_jakarta
osm-13623841203-13623804700-0,DFO_3280_From_20080301_to_20080403,2008-03-01,2008-04-03,remote_event_centroid_with_isolated_pilot_pixel,low,41.47,Jalan Suryopranoto,primary,497546914,13623841203,13623804700,0,250,0.75,0.05,coarse-modis-250m,216826.13,0.964086,0.964086,0.0,0.0,0.0,unknown,excluded,event_context_not_jakarta
osm-13623841206-13623841203-0,DFO_3280_From_20080301_to_20080403,2008-03-01,2008-04-03,remote_event_centroid_with_isolated_pilot_pixel,low,4.452,Jalan Suryopranoto,primary,497546914,13623841206,13623841203,0,250,0.75,0.05,coarse-modis-250m,198305.379,0.961186,0.961186,0.0,0.0,0.0,unknown,excluded,event_context_not_jakarta
osm-13623841209-13623841206-0,DFO_3280_From_20080301_to_20080403,2008-03-01,2008-04-03,remote_event_centroid_with_isolated_pilot_pixel,low,9.429,Jalan Suryopranoto,primary,497546914,13623841209,13623841206,0,250,0.75,0.05,coarse-modis-250m,200795.419,0.961662,0.961662,0.0,0.0,0.0,unknown,excluded,event_context_not_jakarta
osm-13623841212-13623841209-0,DFO_3280_From_20080301_to_20080403,2008-03-01,2008-04-03,remote_event_centroid_with_isolated_pilot_pixel,low,6.233,Jalan Suryopranoto,primary,497546914,13623841212,13623841209,0,250,0.75,0.05,coarse-modis-250m,199196.619,0.961296,0.961296,0.0,0.0,0.0,unknown,excluded,event_context_not_jakarta
osm-13623841214-13623841212-0,DFO_3280_From_20080301_to_20080403,2008-03-01,2008-04-03,remote_event_centroid_with_isolated_pilot_pixel,low,94.682,Jalan Suryopranoto,primary,1116757145|497546914|1487759035,13623841214,13623841212,0,250,0.75,0.05,coarse-modis-250m,243448.858,0.967669,0.967669,0.0,0.0,0.0,unknown,excluded,event_context_not_jakarta
osm-13623841217-13623841214-0,DFO_3280_From_20080301_to_20080403,2008-03-01,2008-04-03,remote_event_centroid_with_isolated_pilot_pixel,low,10.6,Jalan Suryopranoto,primary,1116757145,13623841217,13623841214,0,250,0.75,0.05,coarse-modis-250m,201381.569,0.961806,0.961806,0.0,0.0,0.0,unknown,excluded,event_context_not_jakarta
osm-13623874472-5372018508-0,DFO_3280_From_20080301_to_20080403,2008-03-01,2008-04-03,remote_event_centroid_with_isolated_pilot_pixel,low,42.182,Jalan Suryopranoto,primary,497546914,13623874472,5372018508,0,250,0.75,0.05,coarse-modis-250m,217185.378,0.964899,0.964899,0.0,0.0,0.0,unknown,excluded,event_context_not_jakarta
osm-13623874475-13623874472-0,DFO_3280_From_20080301_to_20080403,2008-03-01,2008-04-03,remote_event_centroid_with_isolated_pilot_pixel,low,49.583,Jalan Suryopranoto,primary,497546914,13623874475,13623874472,0,250,0.75,0.05,coarse-modis-250m,220885.427,0.964723,0.964723,0.0,0.0,0.0,unknown,excluded,event_context_not_jakarta
osm-13624041397-104364335-0,DFO_3280_From_20080301_to_20080403,2008-03-01,2008-04-03,remote_event_centroid_with_isolated_pilot_pixel,low,157.705,Jalan Balikpapan Raya,primary,1502544632|766127667|28706686,13624041397,104364335,0,250,0.75,0.05,coarse-modis-250m,274980.24,0.970753,0.970753,0.0,0.0,0.0,unknown,excluded,event_context_not_jakarta
osm-13624041399-13624041397-0,DFO_3280_From_20080301_to_20080403,2008-03-01,2008-04-03,remote_event_centroid_with_isolated_pilot_pixel,low,38.166,Jalan Balikpapan Raya,primary,28706686,13624041399,13624041397,0,250,0.75,0.05,coarse-modis-250m,215173.016,0.963861,0.963861,0.0,0.0,0.0,unknown,excluded,event_context_not_jakarta
osm-1362598302-4926601878-0,DFO_3280_From_20080301_to_20080403,2008-03-01,2008-04-03,remote_event_centroid_with_isolated_pilot_pixel,low,79.655,Jalan Pemuda,primary,491037925,1362598302,4926601878,0,250,0.75,0.05,coarse-modis-250m,235913.791,0.96693,0.96693,0.0,0.0,0.0,unknown,excluded,event_context_not_jakarta
osm-1362598310-1362598302-0,DFO_3280_From_20080301_to_20080403,2008-03-01,2008-04-03,remote_event_centroid_with_isolated_pilot_pixel,low,14.64,Jalan Pemuda,primary,691349041,1362598310,1362598302,0,250,0.75,0.05,coarse-modis-250m,203402.552,0.962134,0.962134,0.0,0.0,0.0,unknown,excluded,event_context_not_jakarta
osm-1363190326-4529694108-0,DFO_3280_From_20080301_to_20080403,2008-03-01,2008-04-03,remote_event_centroid_with_isolated_pilot_pixel,low,66.812,Jalan Kyai Haji Mas Mansyur,primary,28219053,1363190326,4529694108,0,250,0.75,0.05,coarse-modis-250m,229505.191,0.855349,0.855349,0.0,0.0,0.0,unknown,excluded,event_context_not_jakarta
osm-13639648351-4235574904-0,DFO_3280_From_20080301_to_20080403,2008-03-01,2008-04-03,remote_event_centroid_with_isolated_pilot_pixel,low,10.009,Jalan Penjernihan 1,primary,28779908,13639648351,4235574904,0,250,0.75,0.05,coarse-modis-250m,201086.027,0.961812,0.961812,0.0,0.0,0.0,unknown,excluded,event_context_not_jakarta
osm-13653307691-1174777687-0,DFO_3280_From_20080301_to_20080403,2008-03-01,2008-04-03,remote_event_centroid_with_isolated_pilot_pixel,low,15.55,Jalan Garuda,secondary,37018609,13653307691,1174777687,0,250,0.75,0.05,coarse-modis-250m,203858.044,0.962122,0.962122,0.0,0.0,0.0,unknown,excluded,event_context_not_jakarta
osm-13653320894-11477683650-0,DFO_3280_From_20080301_to_20080403,2008-03-01,2008-04-03,remote_event_centroid_with_isolated_pilot_pixel,low,27.437,Jalan Jatibaru,primary,562395015|1265757796|802327287,13653320894,11477683650,0,250,0.75,0.05,coarse-modis-250m,209799.431,0.965731,0.965731,0.0,0.0,0.0,unknown,excluded,event_context_not_jakarta
osm-13657075638-7120487197-0,DFO_3280_From_20080301_to_20080403,2008-03-01,2008-04-03,remote_event_centroid_with_isolated_pilot_pixel,low,8.555,Jalan Kramat Raya,primary,717267441,13657075638,7120487197,0,250,0.75,0.05,coarse-modis-250m,200358.238,0.961527,0.961527,0.0,0.0,0.0,unknown,excluded,event_context_not_jakarta
osm-13659371444-4548266763-0,DFO_3280_From_20080301_to_20080403,2008-03-01,2008-04-03,remote_event_centroid_with_isolated_pilot_pixel,low,5.222,Jalan Kramat Kwitang,primary,749318590,13659371444,4548266763,0,250,0.75,0.05,coarse-modis-250m,198691.036,0.961283,0.961283,0.0,0.0,0.0,unknown,excluded,event_context_not_jakarta
osm-13663105514-1675426300-0,DFO_3280_From_20080301_to_20080403,2008-03-01,2008-04-03,remote_event_centroid_with_isolated_pilot_pixel,low,6.349,Jalan Gunung Sahari Raya,primary,592537468,13663105514,1675426300,0,250,0.75,0.05,coarse-modis-250m,199254.764,0.961425,0.961425,0.0,0.0,0.0,unknown,excluded,event_context_not_jakarta
osm-13663493364-13663105514-0,DFO_3280_From_20080301_to_20080403,2008-03-01,2008-04-03,remote_event_centroid_with_isolated_pilot_pixel,low,9.412,Jalan Gunung Sahari Raya,primary,592537468,13663493364,13663105514,0,250,0.75,0.05,coarse-modis-250m,200787.153,0.961692,0.961692,0.0,0.0,0.0,unknown,excluded,event_context_not_jakarta
osm-13664998461-2032758147-0,DFO_3280_From_20080301_to_20080403,2008-03-01,2008-04-03,remote_event_centroid_with_isolated_pilot_pixel,low,45.391,Jalan Gunung Sahari Raya,primary,1001445850|1497438583,13664998461,2032758147,0,250,0.75,0.05,coarse-modis-250m,218787.639,0.964496,0.964496,0.0,0.0,0.0,unknown,excluded,event_context_not_jakarta
osm-13675743447-318548947-0,DFO_3280_From_20080301_to_20080403,2008-03-01,2008-04-03,remote_event_centroid_with_isolated_pilot_pixel,low,55.782,Jalan Mangga Dua Dalam,tertiary,508913824,13675743447,318548947,0,250,0.75,0.05,coarse-modis-250m,223986.929,0.965035,0.965035,0.0,0.0,0.0,unknown,excluded,event_context_not_jakarta
osm-13682180792-347509493-0,DFO_3280_From_20080301_to_20080403,2008-03-01,2008-04-03,remote_event_centroid_with_isolated_pilot_pixel,low,54.683,Jalan Pos,secondary,1502253539,13682180792,347509493,0,250,0.75,0.05,coarse-modis-250m,223436.839,0.96504,0.96504,0.0,0.0,0.0,unknown,excluded,event_context_not_jakarta
osm-13685379529-9031905443-0,DFO_3280_From_20080301_to_20080403,2008-03-01,2008-04-03,remote_event_centroid_with_isolated_pilot_pixel,low,40.896,Jalan Kebon Sirih,primary,719606918,13685379529,9031905443,0,250,0.75,0.05,coarse-modis-250m,216538.923,0.964278,0.964278,0.0,0.0,0.0,unknown,excluded,event_context_not_jakarta
osm-13695587261-9623310915-0,DFO_3280_From_20080301_to_20080403,2008-03-01,2008-04-03,remote_event_centroid_with_isolated_pilot_pixel,low,26.114,Jalan Kebon Sirih,primary,755769006,13695587261,9623310915,0,250,0.75,0.05,coarse-modis-250m,209143.193,0.963409,0.963409,0.0,0.0,0.0,unknown,excluded,event_context_not_jakarta
osm-13695587270-13695587261-0,DFO_3280_From_20080301_to_20080403,2008-03-01,2008-04-03,remote_event_centroid_with_isolated_pilot_pixel,low,25.443,Jalan Kebon Sirih,primary,755769006,13695587270,13695587261,0,250,0.75,0.05,coarse-modis-250m,208807.565,0.962621,0.962621,0.0,0.0,0.0,unknown,excluded,event_context_not_jakarta
osm-13699094545-13685379529-0,DFO_3280_From_20080301_to_20080403,2008-03-01,2008-04-03,remote_event_centroid_with_isolated_pilot_pixel,low,6.787,Jalan Kebon Sirih,primary,719606918,13699094545,13685379529,0,250,0.75,0.05,coarse-modis-250m,199473.551,0.961581,0.961581,0.0,0.0,0.0,unknown,excluded,event_context_not_jakarta
osm-13701804566-317180499-0,DFO_3280_From_20080301_to_20080403,2008-03-01,2008-04-03,remote_event_centroid_with_isolated_pilot_pixel,low,62.208,Jalan Raya Casablanca,primary,28847137,13701804566,317180499,0,250,0.75,0.05,coarse-modis-250m,227201.545,0.258139,0.258139,0.0,0.0,0.0,unknown,excluded,event_context_not_jakarta
osm-13701804574-7103369200-0,DFO_3280_From_20080301_to_20080403,2008-03-01,2008-04-03,remote_event_centroid_with_isolated_pilot_pixel,low,173.38,Jalan Raya Casablanca,primary,28847137,13701804574,7103369200,0,250,0.75,0.05,coarse-modis-250m,282820.385,0.687962,0.687962,0.0,0.0,0.0,unknown,excluded,event_context_not_jakarta
osm-13717294231-315547395-0,DFO_3280_From_20080301_to_20080403,2008-03-01,2008-04-03,remote_event_centroid_with_isolated_pilot_pixel,low,62.567,Jalan Insinyur Haji Juanda,secondary,1098599577|762042490|508138506|676048101,13717294231,315547395,0,250,0.75,0.05,coarse-modis-250m,227378.328,0.965679,0.965679,0.0,0.0,0.0,unknown,excluded,event_context_not_jakarta
osm-13719672649-9696758894-0,DFO_3280_From_20080301_to_20080403,2008-03-01,2008-04-03,remote_event_centroid_with_isolated_pilot_pixel,low,35.043,Jalan Salemba Raya,primary,689177647,13719672649,9696758894,0,250,0.75,0.05,coarse-modis-250m,213610.643,0.963573,0.963573,0.0,0.0,0.0,unknown,excluded,event_context_not_jakarta
osm-13720913830-7120410540-0,DFO_3280_From_20080301_to_20080403,2008-03-01,2008-04-03,remote_event_centroid_with_isolated_pilot_pixel,low,8.994,Jalan Gunung Sahari Raya,primary,711241492,13720913830,7120410540,0,250,0.75,0.05,coarse-modis-250m,200577.845,0.961541,0.961541,0.0,0.0,0.0,unknown,excluded,event_context_not_jakarta
osm-13720920968-315746130-0,DFO_3280_From_20080301_to_20080403,2008-03-01,2008-04-03,remote_event_centroid_with_isolated_pilot_pixel,low,119.538,Jalan Pasar Senen,primary,11671364|779815862,13720920968,315746130,0,250,0.75,0.05,coarse-modis-250m,255881.885,0.968898,0.968898,0.0,0.0,0.0,unknown,excluded,event_context_not_jakarta
osm-13721019303-5671327267-0,DFO_3280_From_20080301_to_20080403,2008-03-01,2008-04-03,remote_event_centroid_with_isolated_pilot_pixel,low,7.74,Jalan Pasar Senen,primary,11671364,13721019303,5671327267,0,250,0.75,0.05,coarse-modis-250m,199950.678,0.961358,0.961358,0.0,0.0,0.0,unknown,excluded,event_context_not_jakarta
osm-13721122640-13525649841-0,DFO_3280_From_20080301_to_20080403,2008-03-01,2008-04-03,remote_event_centroid_with_isolated_pilot_pixel,low,21.104,Unnamed OSM road,primary_link,1498241832,13721122640,13525649841,0,250,0.75,0.05,coarse-modis-250m,206636.884,0.962446,0.962446,0.0,0.0,0.0,unknown,excluded,event_context_not_jakarta
osm-13734886233-1135179424-0,DFO_3280_From_20080301_to_20080403,2008-03-01,2008-04-03,remote_event_centroid_with_isolated_pilot_pixel,low,8.119,Jalan Cipinang Cempedak I,tertiary,688635243,13734886233,1135179424,0,250,0.75,0.05,coarse-modis-250m,200140.396,0.961625,0.961625,0.0,0.0,0.0,unknown,excluded,event_context_not_jakarta
osm-13734886245-13734886233-0,DFO_3280_From_20080301_to_20080403,2008-03-01,2008-04-03,remote_event_centroid_with_isolated_pilot_pixel,low,22.777,Jalan Cipinang Cempedak I,tertiary,688635243,13734886245,13734886233,0,250,0.75,0.05,coarse-modis-250m,207473.567,0.962783,0.962783,0.0,0.0,0.0,unknown,excluded,event_context_not_jakarta
osm-13734985431-5379957290-0,DFO_3280_From_20080301_to_20080403,2008-03-01,2008-04-03,remote_event_centroid_with_isolated_pilot_pixel,low,17.071,Jalan Cipinang Cempedak I,tertiary,688635244,13734985431,5379957290,0,250,0.75,0.05,coarse-modis-250m,204619.253,0.962228,0.962228,0.0,0.0,0.0,unknown,excluded,event_context_not_jakarta
osm-13734985443-4748308350-0,DFO_3280_From_20080301_to_20080403,2008-03-01,2008-04-03,remote_event_centroid_with_isolated_pilot_pixel,low,4.733,Jalan Cipinang Cempedak I,tertiary,688635244,13734985443,4748308350,0,250,0.75,0.05,coarse-modis-250m,198446.234,0.961246,0.961246,0.0,0.0,0.0,unknown,excluded,event_context_not_jakarta
osm-1373715020-1373715051-0,DFO_3280_From_20080301_to_20080403,2008-03-01,2008-04-03,remote_event_centroid_with_isolated_pilot_pixel,low,168.7,Jalan Kolonel Soegiono,primary,754062956,1373715020,1373715051,0,250,0.75,0.05,coarse-modis-250m,280477.696,0.971112,0.971112,0.0,0.0,0.0,unknown,excluded,event_context_not_jakarta
osm-1373715051-9037288082-0,DFO_3280_From_20080301_to_20080403,2008-03-01,2008-04-03,remote_event_centroid_with_isolated_pilot_pixel,low,34.141,Jalan Kolonel Soegiono,primary,754062956,1373715051,9037288082,0,250,0.75,0.05,coarse-modis-250m,213159.196,0.963413,0.963413,0.0,0.0,0.0,unknown,excluded,event_context_not_jakarta
osm-13750328259-7120393905-0,DFO_3280_From_20080301_to_20080403,2008-03-01,2008-04-03,remote_event_centroid_with_isolated_pilot_pixel,low,51.21,Jalan Gunung Sahari Raya,primary,654692998,13750328259,7120393905,0,250,0.75,0.05,coarse-modis-250m,221699.317,0.964826,0.964826,0.0,0.0,0.0,unknown,excluded,event_context_not_jakarta
osm-13752868692-2019635436-0,DFO_3280_From_20080301_to_20080403,2008-03-01,2008-04-03,remote_event_centroid_with_isolated_pilot_pixel,low,22.519,Jalan Jatinegara Timur,primary,1301949425,13752868692,2019635436,0,250,0.75,0.05,coarse-modis-250m,207344.682,0.962732,0.962732,0.0,0.0,0.0,unknown,excluded,event_context_not_jakarta
osm-1376428022-7029385572-0,DFO_3280_From_20080301_to_20080403,2008-03-01,2008-04-03,remote_event_centroid_with_isolated_pilot_pixel,low,26.64,Unnamed OSM road,trunk_link,805801284,1376428022,7029385572,0,250,0.75,0.05,coarse-modis-250m,209394.972,0.963401,0.963401,0.0,0.0,0.0,unknown,excluded,event_context_not_jakarta
osm-13771612756-9561798638-0,DFO_3280_From_20080301_to_20080403,2008-03-01,2008-04-03,remote_event_centroid_with_isolated_pilot_pixel,low,76.744,Jalan Jenderal Basuki Rahmat,primary,28851026,13771612756,9561798638,0,250,0.75,0.05,coarse-modis-250m,234474.005,0.966982,0.966982,0.0,0.0,0.0,unknown,excluded,event_context_not_jakarta
osm-13772607350-104379008-0,DFO_3280_From_20080301_to_20080403,2008-03-01,2008-04-03,remote_event_centroid_with_isolated_pilot_pixel,low,57.681,Jalan Jatinegara Timur,primary,691270310|691270311,13772607350,104379008,0,250,0.75,0.05,coarse-modis-250m,224935.443,0.96527,0.96527,0.0,0.0,0.0,unknown,excluded,event_context_not_jakarta
osm-13772607355-12583516441-0,DFO_3280_From_20080301_to_20080403,2008-03-01,2008-04-03,remote_event_centroid_with_isolated_pilot_pixel,low,3.998,Jalan Jatinegara Timur,primary,1285607130,13772607355,12583516441,0,250,0.75,0.05,coarse-modis-250m,198078.63,0.961187,0.961187,0.0,0.0,0.0,unknown,excluded,event_context_not_jakarta
osm-13798957263-5388382567-0,DFO_3280_From_20080301_to_20080403,2008-03-01,2008-04-03,remote_event_centroid_with_isolated_pilot_pixel,low,3.193,Jalan D. I. Panjaitan,trunk,687317713,13798957263,5388382567,0,250,0.75,0.05,coarse-modis-250m,197675.449,0.961086,0.961086,0.0,0.0,0.0,unknown,excluded,event_context_not_jakarta
osm-13827879018-13827879026-0,DFO_3280_From_20080301_to_20080403,2008-03-01,2008-04-03,remote_event_centroid_with_isolated_pilot_pixel,low,12.373,Jalan Matraman,primary,278788931,13827879018,13827879026,0,250,0.75,0.05,coarse-modis-250m,202268.439,0.961753,0.961753,0.0,0.0,0.0,unknown,excluded,event_context_not_jakarta
osm-13827879026-4780724425-0,DFO_3280_From_20080301_to_20080403,2008-03-01,2008-04-03,remote_event_centroid_with_isolated_pilot_pixel,low,81.635,Jalan Matraman,primary,278788931,13827879026,4780724425,0,250,0.75,0.05,coarse-modis-250m,236921.097,0.966271,0.966271,0.0,0.0,0.0,unknown,excluded,event_context_not_jakarta
osm-13828094473-5499209000-0,DFO_3280_From_20080301_to_20080403,2008-03-01,2008-04-03,remote_event_centroid_with_isolated_pilot_pixel,low,105.494,Jalan Matraman,primary,699886104,13828094473,5499209000,0,250,0.75,0.05,coarse-modis-250m,248858.113,0.968125,0.968125,0.0,0.0,0.0,unknown,excluded,event_context_not_jakarta
osm-13828209563-329967924-0,DFO_3280_From_20080301_to_20080403,2008-03-01,2008-04-03,remote_event_centroid_with_isolated_pilot_pixel,low,5.697,Jalan Matraman,primary,278788931,13828209563,329967924,0,250,0.75,0.05,coarse-modis-250m,198928.237,0.961343,0.961343,0.0,0.0,0.0,unknown,excluded,event_context_not_jakarta
osm-13849518628-5374005699-0,DFO_3280_From_20080301_to_20080403,2008-03-01,2008-04-03,remote_event_centroid_with_isolated_pilot_pixel,low,90.665,Jalan Letnan Jenderal Suprapto,primary,761522995,13849518628,5374005699,0,250,0.75,0.05,coarse-modis-250m,241437.748,0.967228,0.967228,0.0,0.0,0.0,unknown,excluded,event_context_not_jakarta
osm-13849518632-4849427416-0,DFO_3280_From_20080301_to_20080403,2008-03-01,2008-04-03,remote_event_centroid_with_isolated_pilot_pixel,low,33.784,Jalan Letnan Jenderal Suprapto,primary,761522995,13849518632,4849427416,0,250,0.75,0.05,coarse-modis-250m,212975.738,0.963595,0.963595,0.0,0.0,0.0,unknown,excluded,event_context_not_jakarta
osm-13913580148-5377313967-0,DFO_3280_From_20080301_to_20080403,2008-03-01,2008-04-03,remote_event_centroid_with_isolated_pilot_pixel,low,8.69,Unnamed OSM road,residential,557560277,13913580148,5377313967,0,250,0.75,0.05,coarse-modis-250m,200426.098,0.961135,0.961135,0.0,0.0,0.0,unknown,excluded,event_context_not_jakarta
osm-13913580150-13913580151-0,DFO_3280_From_20080301_to_20080403,2008-03-01,2008-04-03,remote_event_centroid_with_isolated_pilot_pixel,low,6.117,Unnamed OSM road,service,1526635907,13913580150,13913580151,0,250,0.75,0.05,coarse-modis-250m,199138.495,0.961485,0.961485,0.0,0.0,0.0,unknown,excluded,event_context_not_jakarta
osm-13913580151-5377313978-0,DFO_3280_From_20080301_to_20080403,2008-03-01,2008-04-03,remote_event_centroid_with_isolated_pilot_pixel,low,52.326,Unnamed OSM road,service,1526635908,13913580151,5377313978,0,250,0.75,0.05,coarse-modis-250m,222242.637,0.964935,0.964935,0.0,0.0,0.0,unknown,excluded,event_context_not_jakarta
osm-13914133217-13734985431-0,DFO_3280_From_20080301_to_20080403,2008-03-01,2008-04-03,remote_event_centroid_with_isolated_pilot_pixel,low,59.424,Jalan Cipinang Cempedak I,tertiary,688635244,13914133217,13734985431,0,250,0.75,0.05,coarse-modis-250m,225808.854,0.965337,0.965337,0.0,0.0,0.0,unknown,excluded,event_context_not_jakarta
osm-1417312748-4548266267-0,DFO_3280_From_20080301_to_20080403,2008-03-01,2008-04-03,remote_event_centroid_with_isolated_pilot_pixel,low,194.325,Jalan Perintis Kemerdekaan,trunk,427815402,1417312748,4548266267,0,250,0.75,0.05,coarse-modis-250m,293301.34,0.972343,0.972343,0.0,0.0,0.0,unknown,excluded,event_context_not_jakarta
osm-1417319126-7117458776-0,DFO_3280_From_20080301_to_20080403,2008-03-01,2008-04-03,remote_event_centroid_with_isolated_pilot_pixel,low,30.497,Jalan Perintis Kemerdekaan,trunk,427815402,1417319126,7117458776,0,250,0.75,0.05,coarse-modis-250m,211331.482,0.963355,0.963355,0.0,0.0,0.0,unknown,excluded,event_context_not_jakarta
osm-1420142081-5379768929-0,DFO_3280_From_20080301_to_20080403,2008-03-01,2008-04-03,remote_event_centroid_with_isolated_pilot_pixel,low,22.048,Jalan Pulau Putri,residential,996202380,1420142081,5379768929,0,250,0.75,0.05,coarse-modis-250m,207108.873,0.962702,0.962702,0.0,0.0,0.0,unknown,excluded,event_context_not_jakarta
osm-1423006391-328336623-0,DFO_3280_From_20080301_to_20080403,2008-03-01,2008-04-03,remote_event_centroid_with_isolated_pilot_pixel,low,341.631,Jalan Perintis Kemerdekaan,trunk,688666786|1526201599|593601261|754690151,1423006391,328336623,0,250,0.75,0.05,coarse-modis-250m,366994.177,0.97694,0.97694,0.0,0.0,0.0,unknown,excluded,event_context_not_jakarta
osm-1663918523-191506029-0,DFO_3280_From_20080301_to_20080403,2008-03-01,2008-04-03,remote_event_centroid_with_isolated_pilot_pixel,low,75.062,Jalan Insinyur Haji Juanda,secondary,630154039,1663918523,191506029,0,250,0.75,0.05,coarse-modis-250m,233631.543,0.966543,0.966543,0.0,0.0,0.0,unknown,excluded,event_context_not_jakarta
osm-1675425882-13606201442-0,DFO_3280_From_20080301_to_20080403,2008-03-01,2008-04-03,remote_event_centroid_with_isolated_pilot_pixel,low,50.13,Jalan Gunung Sahari Raya,primary,1483900145,1675425882,13606201442,0,250,0.75,0.05,coarse-modis-250m,221158.897,0.964713,0.964713,0.0,0.0,0.0,unknown,excluded,event_context_not_jakarta
osm-1675426142-13606278105-0,DFO_3280_From_20080301_to_20080403,2008-03-01,2008-04-03,remote_event_centroid_with_isolated_pilot_pixel,low,29.518,Jalan Gunung Sahari Raya,primary,592537468,1675426142,13606278105,0,250,0.75,0.05,coarse-modis-250m,210846.447,0.963117,0.963117,0.0,0.0,0.0,unknown,excluded,event_context_not_jakarta
osm-1675426257-13663493364-0,DFO_3280_From_20080301_to_20080403,2008-03-01,2008-04-03,remote_event_centroid_with_isolated_pilot_pixel,low,44.142,Jalan Gunung Sahari Raya,primary,592537468,1675426257,13663493364,0,250,0.75,0.05,coarse-modis-250m,218162.995,0.96426,0.96426,0.0,0.0,0.0,unknown,excluded,event_context_not_jakarta
osm-1675426300-13606475672-0,DFO_3280_From_20080301_to_20080403,2008-03-01,2008-04-03,remote_event_centroid_with_isolated_pilot_pixel,low,28.545,Jalan Gunung Sahari Raya,primary,592537468,1675426300,13606475672,0,250,0.75,0.05,coarse-modis-250m,210359.516,0.96309,0.96309,0.0,0.0,0.0,unknown,excluded,event_context_not_jakarta
osm-1675426459-13664998461-0,DFO_3280_From_20080301_to_20080403,2008-03-01,2008-04-03,remote_event_centroid_with_isolated_pilot_pixel,low,37.735,Jalan Gunung Sahari Raya,primary,1001445850,1675426459,13664998461,0,250,0.75,0.05,coarse-modis-250m,214957.671,0.963794,0.963794,0.0,0.0,0.0,unknown,excluded,event_context_not_jakarta
osm-1675488274-316374560-0,DFO_3280_From_20080301_to_20080403,2008-03-01,2008-04-03,remote_event_centroid_with_isolated_pilot_pixel,low,78.387,Jalan Letnan Jenderal Suprapto,primary,749959422,1675488274,316374560,0,250,0.75,0.05,coarse-modis-250m,235287.697,0.966379,0.966379,0.0,0.0,0.0,unknown,excluded,event_context_not_jakarta
osm-1682808537-8555984047-0,DFO_3280_From_20080301_to_20080403,2008-03-01,2008-04-03,remote_event_centroid_with_isolated_pilot_pixel,low,55.045,Jalan Matraman,primary,278788931,1682808537,8555984047,0,250,0.75,0.05,coarse-modis-250m,223617.69,0.965122,0.965122,0.0,0.0,0.0,unknown,excluded,event_context_not_jakarta
osm-1682844228-5647102762-0,DFO_3280_From_20080301_to_20080403,2008-03-01,2008-04-03,remote_event_centroid_with_isolated_pilot_pixel,low,225.662,Jalan Dokter KRT Radjiman Widyodiningrat,primary,754061608|1040471430,1682844228,5647102762,0,250,0.75,0.05,coarse-modis-250m,308959.281,0.973484,0.973484,0.0,0.0,0.0,unknown,excluded,event_context_not_jakarta
osm-1682844563-326484330-0,DFO_3280_From_20080301_to_20080403,2008-03-01,2008-04-03,remote_event_centroid_with_isolated_pilot_pixel,low,209.489,Jalan Dokter KRT Radjiman Widyodiningrat,primary,489977114,1682844563,326484330,0,250,0.75,0.05,coarse-modis-250m,300884.035,0.97288,0.97288,0.0,0.0,0.0,unknown,excluded,event_context_not_jakarta
osm-1695811540-4778418534-0,DFO_3280_From_20080301_to_20080403,2008-03-01,2008-04-03,remote_event_centroid_with_isolated_pilot_pixel,low,150.157,Jalan Karet Sawah II,residential,485066385|485066386,1695811540,4778418534,0,250,0.75,0.05,coarse-modis-250m,270467.031,0.97093,0.97093,0.0,0.0,0.0,unknown,excluded,event_context_not_jakarta
osm-1695811568-9118916175-0,DFO_3280_From_20080301_to_20080403,2008-03-01,2008-04-03,remote_event_centroid_with_isolated_pilot_pixel,low,9.462,Jalan Karet Sawah II,residential,485066386,1695811568,9118916175,0,250,0.75,0.05,coarse-modis-250m,200812.156,0.961508,0.961508,0.0,0.0,0.0,unknown,excluded,event_context_not_jakarta
osm-1696170853-5374804755-0,DFO_3280_From_20080301_to_20080403,2008-03-01,2008-04-03,remote_event_centroid_with_isolated_pilot_pixel,low,104.251,Jalan Pemuda,primary,763467199,1696170853,5374804755,0,250,0.75,0.05,coarse-modis-250m,248236.468,0.968135,0.968135,0.0,0.0,0.0,unknown,excluded,event_context_not_jakarta
osm-1709500939-326484165-0,DFO_3280_From_20080301_to_20080403,2008-03-01,2008-04-03,remote_event_centroid_with_isolated_pilot_pixel,low,298.023,Jalan Dokter KRT Radjiman Widyodiningrat,primary,489977114|754061606,1709500939,326484165,0,250,0.75,0.05,coarse-modis-250m,345163.023,0.976207,0.976207,0.0,0.0,0.0,unknown,excluded,event_context_not_jakarta
osm-1757800736-1757800861-0,DFO_3280_From_20080301_to_20080403,2008-03-01,2008-04-03,remote_event_centroid_with_isolated_pilot_pixel,low,24.632,Jalan Letnan Jenderal Siswondo Parman,trunk,320147641,1757800736,1757800861,0,250,0.75,0.05,coarse-modis-250m,208401.695,0.962895,0.962895,0.0,0.0,0.0,unknown,excluded,event_context_not_jakarta
osm-1757800787-3723599609-0,DFO_3280_From_20080301_to_20080403,2008-03-01,2008-04-03,remote_event_centroid_with_isolated_pilot_pixel,low,112.044,Tol Dalam Kota Jakarta,motorway,749334210,1757800787,3723599609,0,250,0.75,0.05,coarse-modis-250m,252135.387,0.96862,0.96862,0.0,0.0,0.0,unknown,excluded,event_context_not_jakarta
osm-1757800816-1757800865-0,DFO_3280_From_20080301_to_20080403,2008-03-01,2008-04-03,remote_event_centroid_with_isolated_pilot_pixel,low,36.716,Jalan Letnan Jenderal Siswondo Parman,trunk,688087388,1757800816,1757800865,0,250,0.75,0.05,coarse-modis-250m,214443.762,0.963739,0.963739,0.0,0.0,0.0,unknown,excluded,event_context_not_jakarta
osm-1757800817-1757800859-0,DFO_3280_From_20080301_to_20080403,2008-03-01,2008-04-03,remote_event_centroid_with_isolated_pilot_pixel,low,85.709,Unnamed OSM road,motorway_link,758395823,1757800817,1757800859,0,250,0.75,0.05,coarse-modis-250m,238763.212,0.968099,0.968099,0.0,0.0,0.0,unknown,excluded,event_context_not_jakarta
osm-1757800817-9664769720-0,DFO_3280_From_20080301_to_20080403,2008-03-01,2008-04-03,remote_event_centroid_with_isolated_pilot_pixel,low,20.76,Unnamed OSM road,motorway_link,1493373933,1757800817,9664769720,0,250,0.75,0.05,coarse-modis-250m,206464.633,0.962878,0.962878,0.0,0.0,0.0,unknown,excluded,event_context_not_jakarta
osm-1757800846-7082864214-0,DFO_3280_From_20080301_to_20080403,2008-03-01,2008-04-03,remote_event_centroid_with_isolated_pilot_pixel,low,71.69,Unnamed OSM road,motorway_link,164124675,1757800846,7082864214,0,250,0.75,0.05,coarse-modis-250m,231877.643,0.965954,0.965954,0.0,0.0,0.0,unknown,excluded,event_context_not_jakarta
osm-1757800859-1757800846-0,DFO_3280_From_20080301_to_20080403,2008-03-01,2008-04-03,remote_event_centroid_with_isolated_pilot_pixel,low,25.422,Unnamed OSM road,motorway_link,1123241708,1757800859,1757800846,0,250,0.75,0.05,coarse-modis-250m,208797.392,0.962823,0.962823,0.0,0.0,0.0,unknown,excluded,event_context_not_jakarta
osm-1757800861-6776762981-0,DFO_3280_From_20080301_to_20080403,2008-03-01,2008-04-03,remote_event_centroid_with_isolated_pilot_pixel,low,16.571,Jalan Tomang Raya,primary,320147637,1757800861,6776762981,0,250,0.75,0.05,coarse-modis-250m,204368.989,0.962041,0.962041,0.0,0.0,0.0,unknown,excluded,event_context_not_jakarta
osm-1757800861-7082864214-0,DFO_3280_From_20080301_to_20080403,2008-03-01,2008-04-03,remote_event_centroid_with_isolated_pilot_pixel,low,16.082,Jalan Letnan Jenderal Siswondo Parman,trunk,320147638,1757800861,7082864214,0,250,0.75,0.05,coarse-modis-250m,204124.231,0.96217,0.96217,0.0,0.0,0.0,unknown,excluded,event_context_not_jakarta
osm-1757800865-9009175767-0,DFO_3280_From_20080301_to_20080403,2008-03-01,2008-04-03,remote_event_centroid_with_isolated_pilot_pixel,low,6.111,Jalan Letnan Jenderal Siswondo Parman,trunk,688087384,1757800865,9009175767,0,250,0.75,0.05,coarse-modis-250m,199135.702,0.96136,0.96136,0.0,0.0,0.0,unknown,excluded,event_context_not_jakarta
osm-1782804895-309824120-0,DFO_3280_From_20080301_to_20080403,2008-03-01,2008-04-03,remote_event_centroid_with_isolated_pilot_pixel,low,1560.372,Jalan Tol Cawang–Pluit,motorway,1261908059|28190908|28190910,1782804895,309824120,0,250,0.75,0.05,coarse-modis-250m,976736.261,0.856422,0.856422,0.0,0.0,0.0,unknown,excluded,event_context_not_jakarta
osm-1782804903-1782804895-0,DFO_3280_From_20080301_to_20080403,2008-03-01,2008-04-03,remote_event_centroid_with_isolated_pilot_pixel,low,673.556,Jalan Tol Cawang–Pluit,motorway,414029876,1782804903,1782804895,0,250,0.75,0.05,coarse-modis-250m,533066.43,0.681456,0.681456,0.0,0.0,0.0,unknown,excluded,event_context_not_jakarta
osm-1783134145-6336788292-0,DFO_3280_From_20080301_to_20080403,2008-03-01,2008-04-03,remote_event_centroid_with_isolated_pilot_pixel,low,41.657,Jalan Kyai Haji Mas Mansyur,primary,28219234,1783134145,6336788292,0,250,0.75,0.05,coarse-modis-250m,216919.577,0.964175,0.964175,0.0,0.0,0.0,unknown,excluded,event_context_not_jakarta
osm-186669834-13699094545-0,DFO_3280_From_20080301_to_20080403,2008-03-01,2008-04-03,remote_event_centroid_with_isolated_pilot_pixel,low,14.091,Jalan Kebon Sirih,primary,719606918,186669834,13699094545,0,250,0.75,0.05,coarse-modis-250m,203129.392,0.962414,0.962414,0.0,0.0,0.0,unknown,excluded,event_context_not_jakarta
osm-186849138-1663918523-0,DFO_3280_From_20080301_to_20080403,2008-03-01,2008-04-03,remote_event_centroid_with_isolated_pilot_pixel,low,22.832,Jalan Insinyur Haji Juanda,secondary,630154039,186849138,1663918523,0,250,0.75,0.05,coarse-modis-250m,207500.361,0.962984,0.962984,0.0,0.0,0.0,unknown,excluded,event_context_not_jakarta
osm-186871952-5671317482-0,DFO_3280_From_20080301_to_20080403,2008-03-01,2008-04-03,remote_event_centroid_with_isolated_pilot_pixel,low,55.089,Jalan Jatibaru,primary,343915036,186871952,5671317482,0,250,0.75,0.05,coarse-modis-250m,223631.348,0.964626,0.964626,0.0,0.0,0.0,unknown,excluded,event_context_not_jakarta
osm-186871954-7249176145-0,DFO_3280_From_20080301_to_20080403,2008-03-01,2008-04-03,remote_event_centroid_with_isolated_pilot_pixel,low,6.117,Jalan Jatibaru,primary,343915036,186871954,7249176145,0,250,0.75,0.05,coarse-modis-250m,199138.516,0.961258,0.961258,0.0,0.0,0.0,unknown,excluded,event_context_not_jakarta
osm-186894208-104364334-0,DFO_3280_From_20080301_to_20080403,2008-03-01,2008-04-03,remote_event_centroid_with_isolated_pilot_pixel,low,32.235,Jalan Balikpapan Raya,primary,1319726964|1319726965|493578199,186894208,104364334,0,250,0.75,0.05,coarse-modis-250m,212205.868,0.963686,0.963686,0.0,0.0,0.0,unknown,excluded,event_context_not_jakarta
osm-191505875-7595258503-0,DFO_3280_From_20080301_to_20080403,2008-03-01,2008-04-03,remote_event_centroid_with_isolated_pilot_pixel,low,430.778,Jalan Pos,secondary,1249398770|762052107|28705634|1267260703,191505875,7595258503,0,250,0.75,0.05,coarse-modis-250m,411595.345,0.979128,0.979128,0.0,0.0,0.0,unknown,excluded,event_context_not_jakarta
osm-191505885-13717294231-0,DFO_3280_From_20080301_to_20080403,2008-03-01,2008-04-03,remote_event_centroid_with_isolated_pilot_pixel,low,28.644,Jalan Insinyur Haji Juanda,secondary,762042490,191505885,13717294231,0,250,0.75,0.05,coarse-modis-250m,210409.141,0.963139,0.963139,0.0,0.0,0.0,unknown,excluded,event_context_not_jakarta
osm-191505992-5372018440-0,DFO_3280_From_20080301_to_20080403,2008-03-01,2008-04-03,remote_event_centroid_with_isolated_pilot_pixel,low,7.15,Jalan Insinyur Haji Juanda,secondary,11670123,191505992,5372018440,0,250,0.75,0.05,coarse-modis-250m,199655.311,0.961397,0.961397,0.0,0.0,0.0,unknown,excluded,event_context_not_jakarta
osm-191506029-5009351128-0,DFO_3280_From_20080301_to_20080403,2008-03-01,2008-04-03,remote_event_centroid_with_isolated_pilot_pixel,low,19.736,Jalan Insinyur Haji Juanda,secondary,766835780,191506029,5009351128,0,250,0.75,0.05,coarse-modis-250m,205952.463,0.962452,0.962452,0.0,0.0,0.0,unknown,excluded,event_context_not_jakarta
osm-191578995-8992744188-0,DFO_3280_From_20080301_to_20080403,2008-03-01,2008-04-03,remote_event_centroid_with_isolated_pilot_pixel,low,58.713,Jalan Kebon Sirih,primary,18056345,191578995,8992744188,0,250,0.75,0.05,coarse-modis-250m,225452.888,0.96521,0.96521,0.0,0.0,0.0,unknown,excluded,event_context_not_jakarta
osm-1993475640-6429880632-0,DFO_3280_From_20080301_to_20080403,2008-03-01,2008-04-03,remote_event_centroid_with_isolated_pilot_pixel,low,374.997,Unnamed OSM road,motorway_link,759046780|759046781|233451463,1993475640,6429880632,0,250,0.75,0.05,coarse-modis-250m,383681.12,0.977236,0.977236,0.0,0.0,0.0,unknown,excluded,event_context_not_jakarta
osm-2019635436-13772607355-0,DFO_3280_From_20080301_to_20080403,2008-03-01,2008-04-03,remote_event_centroid_with_isolated_pilot_pixel,low,33.608,Jalan Jatinegara Timur,primary,1285607130,2019635436,13772607355,0,250,0.75,0.05,coarse-modis-250m,212891.35,0.963567,0.963567,0.0,0.0,0.0,unknown,excluded,event_context_not_jakarta
osm-2032758147-29939211-0,DFO_3280_From_20080301_to_20080403,2008-03-01,2008-04-03,remote_event_centroid_with_isolated_pilot_pixel,low,19.324,Jalan Gunung Sahari Raya,primary,684088513|560883982,2032758147,29939211,0,250,0.75,0.05,coarse-modis-250m,205746.453,0.962498,0.962498,0.0,0.0,0.0,unknown,excluded,event_context_not_jakarta
osm-2032872437-29939141-0,DFO_3280_From_20080301_to_20080403,2008-03-01,2008-04-03,remote_event_centroid_with_isolated_pilot_pixel,low,28.777,Jalan Garuda,secondary,37018609,2032872437,29939141,0,250,0.75,0.05,coarse-modis-250m,210475.711,0.963161,0.963161,0.0,0.0,0.0,unknown,excluded,event_context_not_jakarta
osm-2209098563-6459032697-0,DFO_3280_From_20080301_to_20080403,2008-03-01,2008-04-03,remote_event_centroid_with_isolated_pilot_pixel,low,142.023,Jalan Dokter Suratmo,secondary,761320320|761320315,2209098563,6459032697,0,250,0.75,0.05,coarse-modis-250m,267134.372,0.970001,0.970001,0.0,0.0,0.0,unknown,excluded,event_context_not_jakarta
osm-2210464501-315712058-0,DFO_3280_From_20080301_to_20080403,2008-03-01,2008-04-03,remote_event_centroid_with_isolated_pilot_pixel,low,40.144,Jalan Gunung Sahari Raya,primary,592276676,2210464501,315712058,0,250,0.75,0.05,coarse-modis-250m,216159.416,0.964146,0.964146,0.0,0.0,0.0,unknown,excluded,event_context_not_jakarta
osm-2363808979-7120370231-0,DFO_3280_From_20080301_to_20080403,2008-03-01,2008-04-03,remote_event_centroid_with_isolated_pilot_pixel,low,34.501,Jalan Gunung Sahari Raya,primary,1265458800|1498249123,2363808979,7120370231,0,250,0.75,0.05,coarse-modis-250m,213339.231,0.96353,0.96353,0.0,0.0,0.0,unknown,excluded,event_context_not_jakarta
osm-2379121074-7039275702-0,DFO_3280_From_20080301_to_20080403,2008-03-01,2008-04-03,remote_event_centroid_with_isolated_pilot_pixel,low,12.783,Jalan Radin Inten,primary,688681379,2379121074,7039275702,0,250,0.75,0.05,coarse-modis-250m,202473.667,0.962021,0.962021,0.0,0.0,0.0,unknown,excluded,event_context_not_jakarta
osm-2379121077-7039275702-0,DFO_3280_From_20080301_to_20080403,2008-03-01,2008-04-03,remote_event_centroid_with_isolated_pilot_pixel,low,22.464,Unnamed OSM road,primary_link,229292350,2379121077,7039275702,0,250,0.75,0.05,coarse-modis-250m,207317.326,0.96263,0.96263,0.0,0.0,0.0,unknown,excluded,event_context_not_jakarta
osm-2399364732-11299364779-0,DFO_3280_From_20080301_to_20080403,2008-03-01,2008-04-03,remote_event_centroid_with_isolated_pilot_pixel,low,63.948,Jalan Bekasi Raya,trunk,764298933,2399364732,11299364779,0,250,0.75,0.05,coarse-modis-250m,228072.127,0.96565,0.96565,0.0,0.0,0.0,unknown,excluded,event_context_not_jakarta
osm-2400147489-7246473924-0,DFO_3280_From_20080301_to_20080403,2008-03-01,2008-04-03,remote_event_centroid_with_isolated_pilot_pixel,low,101.064,Jalan Kyai Haji Mas Mansyur,primary,28219053,2400147489,7246473924,0,250,0.75,0.05,coarse-modis-250m,246504.524,0.946426,0.946426,0.0,0.0,0.0,unknown,excluded,event_context_not_jakarta
osm-2415521692-1150900577-0,DFO_3280_From_20080301_to_20080403,2008-03-01,2008-04-03,remote_event_centroid_with_isolated_pilot_pixel,low,86.624,Jalan Yos Sudarso,trunk,689869177|689869178,2415521692,1150900577,0,250,0.75,0.05,coarse-modis-250m,239415.182,0.967036,0.967036,0.0,0.0,0.0,unknown,excluded,event_context_not_jakarta
osm-2415521737-4466384617-0,DFO_3280_From_20080301_to_20080403,2008-03-01,2008-04-03,remote_event_centroid_with_isolated_pilot_pixel,low,79.21,Unnamed OSM road,trunk_link,764016540,2415521737,4466384617,0,250,0.75,0.05,coarse-modis-250m,235591.541,0.966893,0.966893,0.0,0.0,0.0,unknown,excluded,event_context_not_jakarta
osm-2415817217-454066598-0,DFO_3280_From_20080301_to_20080403,2008-03-01,2008-04-03,remote_event_centroid_with_isolated_pilot_pixel,low,385.232,Unnamed OSM road,motorway_link,233226576|453477922|453477923,2415817217,454066598,0,250,0.75,0.05,coarse-modis-250m,387559.512,0.978602,0.978602,0.0,0.0,0.0,unknown,excluded,event_context_not_jakarta
osm-2415823492-5668231819-0,DFO_3280_From_20080301_to_20080403,2008-03-01,2008-04-03,remote_event_centroid_with_isolated_pilot_pixel,low,2683.725,Jalan Tol Insinyur Wiyoto Wiyono,motorway,728260125,2415823492,5668231819,0,250,0.75,0.05,coarse-modis-250m,1538744.286,0.99108,0.99108,0.0,0.0,0.0,unknown,excluded,event_context_not_jakarta
osm-2516439291-2415521737-0,DFO_3280_From_20080301_to_20080403,2008-03-01,2008-04-03,remote_event_centroid_with_isolated_pilot_pixel,low,26.503,Unnamed OSM road,trunk_link,594027808,2516439291,2415521737,0,250,0.75,0.05,coarse-modis-250m,209338.164,0.963157,0.963157,0.0,0.0,0.0,unknown,excluded,event_context_not_jakarta
osm-2516439291-316395244-0,DFO_3280_From_20080301_to_20080403,2008-03-01,2008-04-03,remote_event_centroid_with_isolated_pilot_pixel,low,78.021,Jalan Letnan Jenderal Suprapto,primary,1330857681|749676831,2516439291,316395244,0,250,0.75,0.05,coarse-modis-250m,235113.028,0.966563,0.966563,0.0,0.0,0.0,unknown,excluded,event_context_not_jakarta
osm-2589974180-5334300227-0,DFO_3280_From_20080301_to_20080403,2008-03-01,2008-04-03,remote_event_centroid_with_isolated_pilot_pixel,low,118.203,Jalan Karet Pedurenan Raya,tertiary,28132208,2589974180,5334300227,0,250,0.75,0.05,coarse-modis-250m,255215.431,0.969295,0.969295,0.0,0.0,0.0,unknown,excluded,event_context_not_jakarta
osm-2589977444-2589977470-0,DFO_3280_From_20080301_to_20080403,2008-03-01,2008-04-03,remote_event_centroid_with_isolated_pilot_pixel,low,58.674,Jalan Profesor Doktor Satrio,primary,685545461,2589977444,2589977470,0,250,0.75,0.05,coarse-modis-250m,225433.546,0.224199,0.224199,0.0,0.0,0.0,unknown,excluded,event_context_not_jakarta
osm-2589977470-5388329052-0,DFO_3280_From_20080301_to_20080403,2008-03-01,2008-04-03,remote_event_centroid_with_isolated_pilot_pixel,low,230.739,Jalan Profesor Doktor Satrio,primary,613723908|685545461,2589977470,5388329052,0,250,0.75,0.05,coarse-modis-250m,311519.823,0.377031,0.377031,0.0,0.0,0.0,unknown,excluded,event_context_not_jakarta
osm-2821400645-5671270622-0,DFO_3280_From_20080301_to_20080403,2008-03-01,2008-04-03,remote_event_centroid_with_isolated_pilot_pixel,low,60.357,Jalan Gunung Sahari Raya,primary,521161628,2821400645,5671270622,0,250,0.75,0.05,coarse-modis-250m,226275.415,0.965413,0.965413,0.0,0.0,0.0,unknown,excluded,event_context_not_jakarta
osm-2836706754-13030921685-0,DFO_3280_From_20080301_to_20080403,2008-03-01,2008-04-03,remote_event_centroid_with_isolated_pilot_pixel,low,47.43,Jalan Pulau Putri,residential,279455518,2836706754,13030921685,0,250,0.75,0.05,coarse-modis-250m,219808.067,0.964624,0.964624,0.0,0.0,0.0,unknown,excluded,event_context_not_jakarta
osm-2836706756-4696797079-0,DFO_3280_From_20080301_to_20080403,2008-03-01,2008-04-03,remote_event_centroid_with_isolated_pilot_pixel,low,10.143,Jalan Pulau Putri,residential,279455519,2836706756,4696797079,0,250,0.75,0.05,coarse-modis-250m,201152.889,0.961715,0.961715,0.0,0.0,0.0,unknown,excluded,event_context_not_jakarta
osm-2836706758-2836737300-0,DFO_3280_From_20080301_to_20080403,2008-03-01,2008-04-03,remote_event_centroid_with_isolated_pilot_pixel,low,23.292,Unnamed OSM road,service,279455520,2836706758,2836737300,0,250,0.75,0.05,coarse-modis-250m,207737.398,0.963988,0.963988,0.0,0.0,0.0,unknown,excluded,event_context_not_jakarta
osm-2836737300-5379768936-0,DFO_3280_From_20080301_to_20080403,2008-03-01,2008-04-03,remote_event_centroid_with_isolated_pilot_pixel,low,42.815,Jalan Pulau Putri,residential,1312175634|1312173531|562374422,2836737300,5379768936,0,250,0.75,0.05,coarse-modis-250m,217497.271,0.964167,0.964167,0.0,0.0,0.0,unknown,excluded,event_context_not_jakarta
osm-2872136862-1275851646-0,DFO_3280_From_20080301_to_20080403,2008-03-01,2008-04-03,remote_event_centroid_with_isolated_pilot_pixel,low,96.631,Jalan Otto Iskandar Dinata,primary,28765421,2872136862,1275851646,0,250,0.75,0.05,coarse-modis-250m,244412.204,0.967548,0.967548,0.0,0.0,0.0,unknown,excluded,event_context_not_jakarta
osm-2882028353-6347347053-0,DFO_3280_From_20080301_to_20080403,2008-03-01,2008-04-03,remote_event_centroid_with_isolated_pilot_pixel,low,11.078,Jalan Boulevard Barat,secondary,39741723,2882028353,6347347053,0,250,0.75,0.05,coarse-modis-250m,201620.716,0.961771,0.961771,0.0,0.0,0.0,unknown,excluded,event_context_not_jakarta
osm-29938988-6552109327-0,DFO_3280_From_20080301_to_20080403,2008-03-01,2008-04-03,remote_event_centroid_with_isolated_pilot_pixel,low,39.851,Jalan Kebon Sirih,primary,18056345,29938988,6552109327,0,250,0.75,0.05,coarse-modis-250m,216016.034,0.96437,0.96437,0.0,0.0,0.0,unknown,excluded,event_context_not_jakarta
osm-29939141-8500012435-0,DFO_3280_From_20080301_to_20080403,2008-03-01,2008-04-03,remote_event_centroid_with_isolated_pilot_pixel,low,58.856,Jalan Garuda,secondary,37018609,29939141,8500012435,0,250,0.75,0.05,coarse-modis-250m,225524.562,0.965282,0.965282,0.0,0.0,0.0,unknown,excluded,event_context_not_jakarta
osm-29939142-2032872437-0,DFO_3280_From_20080301_to_20080403,2008-03-01,2008-04-03,remote_event_centroid_with_isolated_pilot_pixel,low,86.317,Jalan Garuda,secondary,37018609,29939142,2032872437,0,250,0.75,0.05,coarse-modis-250m,239263.81,0.967083,0.967083,0.0,0.0,0.0,unknown,excluded,event_context_not_jakarta
osm-29939143-5674017477-0,DFO_3280_From_20080301_to_20080403,2008-03-01,2008-04-03,remote_event_centroid_with_isolated_pilot_pixel,low,11.596,Jalan Garuda,secondary,37018609,29939143,5674017477,0,250,0.75,0.05,coarse-modis-250m,201881.143,0.962359,0.962359,0.0,0.0,0.0,unknown,excluded,event_context_not_jakarta
osm-29939144-9013899871-0,DFO_3280_From_20080301_to_20080403,2008-03-01,2008-04-03,remote_event_centroid_with_isolated_pilot_pixel,low,72.513,Jalan Garuda,secondary,37018609,29939144,9013899871,0,250,0.75,0.05,coarse-modis-250m,232357.429,0.966211,0.966211,0.0,0.0,0.0,unknown,excluded,event_context_not_jakarta
osm-29939146-1173954328-0,DFO_3280_From_20080301_to_20080403,2008-03-01,2008-04-03,remote_event_centroid_with_isolated_pilot_pixel,low,25.539,Jalan Garuda,secondary,37018609,29939146,1173954328,0,250,0.75,0.05,coarse-modis-250m,208855.758,0.962935,0.962935,0.0,0.0,0.0,unknown,excluded,event_context_not_jakarta
osm-29939148-1173954346-0,DFO_3280_From_20080301_to_20080403,2008-03-01,2008-04-03,remote_event_centroid_with_isolated_pilot_pixel,low,12.054,Jalan Garuda,secondary,557206897,29939148,1173954346,0,250,0.75,0.05,coarse-modis-250m,202109.006,0.961893,0.961893,0.0,0.0,0.0,unknown,excluded,event_context_not_jakarta
osm-29939154-7120383659-0,DFO_3280_From_20080301_to_20080403,2008-03-01,2008-04-03,remote_event_centroid_with_isolated_pilot_pixel,low,7.532,Jalan Gunung Sahari Raya,primary,762101021,29939154,7120383659,0,250,0.75,0.05,coarse-modis-250m,199846.671,0.961399,0.961399,0.0,0.0,0.0,unknown,excluded,event_context_not_jakarta
osm-29939156-2363808979-0,DFO_3280_From_20080301_to_20080403,2008-03-01,2008-04-03,remote_event_centroid_with_isolated_pilot_pixel,low,11.495,Jalan Gunung Sahari Raya,primary,754106243,29939156,2363808979,0,250,0.75,0.05,coarse-modis-250m,201829.076,0.961826,0.961826,0.0,0.0,0.0,unknown,excluded,event_context_not_jakarta
osm-29939156-318538221-0,DFO_3280_From_20080301_to_20080403,2008-03-01,2008-04-03,remote_event_centroid_with_isolated_pilot_pixel,low,217.601,Jalan Gunung Sahari V,secondary,35344189|1498249125,29939156,318538221,0,250,0.75,0.05,coarse-modis-250m,304948.035,0.97337,0.97337,0.0,0.0,0.0,unknown,excluded,event_context_not_jakarta
osm-29939211-7120318185-0,DFO_3280_From_20080301_to_20080403,2008-03-01,2008-04-03,remote_event_centroid_with_isolated_pilot_pixel,low,26.654,Jalan Gunung Sahari Raya,primary,1098671482|1497744549,29939211,7120318185,0,250,0.75,0.05,coarse-modis-250m,209419.146,0.963713,0.963713,0.0,0.0,0.0,unknown,excluded,event_context_not_jakarta
osm-302230529-8789425687-0,DFO_3280_From_20080301_to_20080403,2008-03-01,2008-04-03,remote_event_centroid_with_isolated_pilot_pixel,low,48.071,Jalan Radin Inten,primary,119909339,302230529,8789425687,0,250,0.75,0.05,coarse-modis-250m,220128.78,0.964582,0.964582,0.0,0.0,0.0,unknown,excluded,event_context_not_jakarta
osm-302230530-7509918738-0,DFO_3280_From_20080301_to_20080403,2008-03-01,2008-04-03,remote_event_centroid_with_isolated_pilot_pixel,low,7.901,Jalan Radin Inten,primary,119909339,302230530,7509918738,0,250,0.75,0.05,coarse-modis-250m,200031.183,0.962203,0.962203,0.0,0.0,0.0,unknown,excluded,event_context_not_jakarta
osm-308981968-11925112167-0,DFO_3280_From_20080301_to_20080403,2008-03-01,2008-04-03,remote_event_centroid_with_isolated_pilot_pixel,low,29.272,Jalan Karet Pedurenan Raya,tertiary,28132208,308981968,11925112167,0,250,0.75,0.05,coarse-modis-250m,210723.279,0.963263,0.963263,0.0,0.0,0.0,unknown,excluded,event_context_not_jakarta
osm-308981969-8488635421-0,DFO_3280_From_20080301_to_20080403,2008-03-01,2008-04-03,remote_event_centroid_with_isolated_pilot_pixel,low,59.189,Jalan Karet Pedurenan Raya,tertiary,28132208,308981969,8488635421,0,250,0.75,0.05,coarse-modis-250m,225691.166,0.965327,0.965327,0.0,0.0,0.0,unknown,excluded,event_context_not_jakarta
osm-308981972-13456437803-0,DFO_3280_From_20080301_to_20080403,2008-03-01,2008-04-03,remote_event_centroid_with_isolated_pilot_pixel,low,34.965,Jalan Pedurenan Masjid Raya,tertiary,392820646,308981972,13456437803,0,250,0.75,0.05,coarse-modis-250m,213571.808,0.963489,0.963489,0.0,0.0,0.0,unknown,excluded,event_context_not_jakarta
osm-309086906-3723634710-0,DFO_3280_From_20080301_to_20080403,2008-03-01,2008-04-03,remote_event_centroid_with_isolated_pilot_pixel,low,571.521,Jalan Tol Insinyur Wiyoto Wiyono,motorway,1229759881|1229759882|1316919527,309086906,3723634710,0,250,0.75,0.05,coarse-modis-250m,482018.022,0.981464,0.981464,0.0,0.0,0.0,unknown,excluded,event_context_not_jakarta
osm-309687605-5388328959-0,DFO_3280_From_20080301_to_20080403,2008-03-01,2008-04-03,remote_event_centroid_with_isolated_pilot_pixel,low,74.962,Jalan Denpasar Raya,tertiary,28194353,309687605,5388328959,0,250,0.75,0.05,coarse-modis-250m,233582.537,0.966495,0.966495,0.0,0.0,0.0,unknown,excluded,event_context_not_jakarta
osm-309712345-13102843717-0,DFO_3280_From_20080301_to_20080403,2008-03-01,2008-04-03,remote_event_centroid_with_isolated_pilot_pixel,low,10.975,Jalan Jenderal Gatot Subroto,trunk,562407886|1034697150,309712345,13102843717,0,250,0.75,0.05,coarse-modis-250m,201568.705,0.961756,0.961756,0.0,0.0,0.0,unknown,excluded,event_context_not_jakarta
osm-309714207-388240367-0,DFO_3280_From_20080301_to_20080403,2008-03-01,2008-04-03,remote_event_centroid_with_isolated_pilot_pixel,low,21.303,Jalan Jenderal Gatot Subroto,trunk,1252754501,309714207,388240367,0,250,0.75,0.05,coarse-modis-250m,206736.417,0.962692,0.962692,0.0,0.0,0.0,unknown,excluded,event_context_not_jakarta
osm-309716308-9465024317-0,DFO_3280_From_20080301_to_20080403,2008-03-01,2008-04-03,remote_event_centroid_with_isolated_pilot_pixel,low,1362.48,Jalan Tol Cawang–Pluit,motorway,28196652|1074109086|749708022,309716308,9465024317,0,250,0.75,0.05,coarse-modis-250m,877745.955,0.987767,0.987767,0.0,0.0,0.0,unknown,excluded,event_context_not_jakarta
osm-309824120-309716308-0,DFO_3280_From_20080301_to_20080403,2008-03-01,2008-04-03,remote_event_centroid_with_isolated_pilot_pixel,low,1179.967,Jalan Tol Cawang–Pluit,motorway,562407889|562407890|28190908|1220256374,309824120,309716308,0,250,0.75,0.05,coarse-modis-250m,786424.921,0.952489,0.952489,0.0,0.0,0.0,unknown,excluded,event_context_not_jakarta
osm-309824174-5671045991-0,DFO_3280_From_20080301_to_20080403,2008-03-01,2008-04-03,remote_event_centroid_with_isolated_pilot_pixel,low,1609.585,Tol Dalam Kota Jakarta,motorway,514485761|514077530|518966610|757042426,309824174,5671045991,0,250,0.75,0.05,coarse-modis-250m,1001351.912,0.988751,0.988751,0.0,0.0,0.0,unknown,excluded,event_context_not_jakarta
osm-309825163-3723599608-0,DFO_3280_From_20080301_to_20080403,2008-03-01,2008-04-03,remote_event_centroid_with_isolated_pilot_pixel,low,102.221,Jalan Tol Dalam Kota Jakarta,motorway,1220260101|1220260102,309825163,3723599608,0,250,0.75,0.05,coarse-modis-250m,247220.656,0.968024,0.968024,0.0,0.0,0.0,unknown,excluded,event_context_not_jakarta
osm-309880841-6797982811-0,DFO_3280_From_20080301_to_20080403,2008-03-01,2008-04-03,remote_event_centroid_with_isolated_pilot_pixel,low,225.811,Unnamed OSM road,motorway_link,28213170,309880841,6797982811,0,250,0.75,0.05,coarse-modis-250m,309037.584,0.973413,0.973413,0.0,0.0,0.0,unknown,excluded,event_context_not_jakarta
osm-309941624-8478023954-0,DFO_3280_From_20080301_to_20080403,2008-03-01,2008-04-03,remote_event_centroid_with_isolated_pilot_pixel,low,121.379,Jalan Kyai Haji Mas Mansyur,primary,699354251,309941624,8478023954,0,250,0.75,0.05,coarse-modis-250m,256803.186,0.969075,0.969075,0.0,0.0,0.0,unknown,excluded,event_context_not_jakarta
osm-309941703-11919728419-0,DFO_3280_From_20080301_to_20080403,2008-03-01,2008-04-03,remote_event_centroid_with_isolated_pilot_pixel,low,40.319,Jalan Kyai Haji Mas Mansyur,primary,1487710045,309941703,11919728419,0,250,0.75,0.05,coarse-modis-250m,216250.294,0.964049,0.964049,0.0,0.0,0.0,unknown,excluded,event_context_not_jakarta
osm-309950695-4867479520-0,DFO_3280_From_20080301_to_20080403,2008-03-01,2008-04-03,remote_event_centroid_with_isolated_pilot_pixel,low,28.181,Jalan Kyai Haji Mas Mansyur,primary,1253507714,309950695,4867479520,0,250,0.75,0.05,coarse-modis-250m,210177.559,0.96315,0.96315,0.0,0.0,0.0,unknown,excluded,event_context_not_jakarta
osm-310003265-5379992807-0,DFO_3280_From_20080301_to_20080403,2008-03-01,2008-04-03,remote_event_centroid_with_isolated_pilot_pixel,low,56.277,Jalan Denpasar Raya,tertiary,28194353,310003265,5379992807,0,250,0.75,0.05,coarse-modis-250m,224234.183,0.958862,0.958862,0.0,0.0,0.0,unknown,excluded,event_context_not_jakarta
osm-310003828-352961150-0,DFO_3280_From_20080301_to_20080403,2008-03-01,2008-04-03,remote_event_centroid_with_isolated_pilot_pixel,low,65.364,Jalan Pedurenan Masjid Raya,tertiary,1101788200,310003828,352961150,0,250,0.75,0.05,coarse-modis-250m,228779.54,0.965796,0.965796,0.0,0.0,0.0,unknown,excluded,event_context_not_jakarta
osm-310005821-8811305451-0,DFO_3280_From_20080301_to_20080403,2008-03-01,2008-04-03,remote_event_centroid_with_isolated_pilot_pixel,low,81.047,Jalan Profesor Doktor Satrio,primary,1090935689|495447738,310005821,8811305451,0,250,0.75,0.05,coarse-modis-250m,236616.397,0.966838,0.966838,0.0,0.0,0.0,unknown,excluded,event_context_not_jakarta
osm-310008087-317756351-0,DFO_3280_From_20080301_to_20080403,2008-03-01,2008-04-03,remote_event_centroid_with_isolated_pilot_pixel,low,18.192,Jalan Jatibaru,primary,1108789789,310008087,317756351,0,250,0.75,0.05,coarse-modis-250m,205180.035,0.962396,0.962396,0.0,0.0,0.0,unknown,excluded,event_context_not_jakarta
osm-310042746-5377177693-0,DFO_3280_From_20080301_to_20080403,2008-03-01,2008-04-03,remote_event_centroid_with_isolated_pilot_pixel,low,57.658,Jalan Penjernihan 1,primary,28779908,310042746,5377177693,0,250,0.75,0.05,coarse-modis-250m,224923.462,0.965154,0.965154,0.0,0.0,0.0,unknown,excluded,event_context_not_jakarta
osm-310047835-9645211400-0,DFO_3280_From_20080301_to_20080403,2008-03-01,2008-04-03,remote_event_centroid_with_isolated_pilot_pixel,low,14.041,Jalan Letnan Jenderal Siswondo Parman,trunk,560008548,310047835,9645211400,0,250,0.75,0.05,coarse-modis-250m,203103.243,0.962019,0.962019,0.0,0.0,0.0,unknown,excluded,event_context_not_jakarta
osm-310048098-309825163-0,DFO_3280_From_20080301_to_20080403,2008-03-01,2008-04-03,remote_event_centroid_with_isolated_pilot_pixel,low,1454.282,Tol Dalam Kota Jakarta,motorway,749334208|749334209|514485762|1220260102|514077531,310048098,309825163,0,250,0.75,0.05,coarse-modis-250m,923644.555,0.988124,0.988124,0.0,0.0,0.0,unknown,excluded,event_context_not_jakarta
osm-310048835-5023930574-0,DFO_3280_From_20080301_to_20080403,2008-03-01,2008-04-03,remote_event_centroid_with_isolated_pilot_pixel,low,26.648,Jalan Letnan Jenderal Siswondo Parman,trunk,1249941598|1220487710,310048835,5023930574,0,250,0.75,0.05,coarse-modis-250m,209402.318,0.963222,0.963222,0.0,0.0,0.0,unknown,excluded,event_context_not_jakarta
osm-310048835-6451500598-0,DFO_3280_From_20080301_to_20080403,2008-03-01,2008-04-03,remote_event_centroid_with_isolated_pilot_pixel,low,16.273,Jalan Tomang Raya,primary,1239767488,310048835,6451500598,0,250,0.75,0.05,coarse-modis-250m,204219.571,0.962182,0.962182,0.0,0.0,0.0,unknown,excluded,event_context_not_jakarta
osm-310052525-1757800787-0,DFO_3280_From_20080301_to_20080403,2008-03-01,2008-04-03,remote_event_centroid_with_isolated_pilot_pixel,low,850.286,Unnamed OSM road,motorway_link,725250595|320151953|320147636|164123509|320147642|1453115261,310052525,1757800787,0,250,0.75,0.05,coarse-modis-250m,608321.063,0.984665,0.984665,0.0,0.0,0.0,unknown,excluded,event_context_not_jakarta
osm-310080557-9648055038-0,DFO_3280_From_20080301_to_20080403,2008-03-01,2008-04-03,remote_event_centroid_with_isolated_pilot_pixel,low,22.313,Jalan Letnan Jenderal Siswondo Parman,trunk,688117575,310080557,9648055038,0,250,0.75,0.05,coarse-modis-250m,207241.737,0.962245,0.962245,0.0,0.0,0.0,unknown,excluded,event_context_not_jakarta
osm-310327453-6978547983-0,DFO_3280_From_20080301_to_20080403,2008-03-01,2008-04-03,remote_event_centroid_with_isolated_pilot_pixel,low,146.114,Jalan Jenderal Ahmad Yani,trunk,759489965,310327453,6978547983,0,250,0.75,0.05,coarse-modis-250m,269180.512,0.970239,0.970239,0.0,0.0,0.0,unknown,excluded,event_context_not_jakarta
osm-310327514-7576918586-0,DFO_3280_From_20080301_to_20080403,2008-03-01,2008-04-03,remote_event_centroid_with_isolated_pilot_pixel,low,2484.015,Jalan Tol Lingkar Wiyoto Wiyono,motorway,838389411|838389412|765446443|765446444|1221523255|765502014|765502015,310327514,7576918586,0,250,0.75,0.05,coarse-modis-250m,1438844.718,0.990674,0.990674,0.0,0.0,0.0,unknown,excluded,event_context_not_jakarta
osm-310327514-9498062303-0,DFO_3280_From_20080301_to_20080403,2008-03-01,2008-04-03,remote_event_centroid_with_isolated_pilot_pixel,low,485.166,Unnamed OSM road,motorway_link,765446446|765446445|368504614,310327514,9498062303,0,250,0.75,0.05,coarse-modis-250m,438733.848,0.979871,0.979871,0.0,0.0,0.0,unknown,excluded,event_context_not_jakarta
osm-315198778-13033996655-0,DFO_3280_From_20080301_to_20080403,2008-03-01,2008-04-03,remote_event_centroid_with_isolated_pilot_pixel,low,10.33,Jalan Salemba Raya,primary,1430140279,315198778,13033996655,0,250,0.75,0.05,coarse-modis-250m,201246.035,0.961664,0.961664,0.0,0.0,0.0,unknown,excluded,event_context_not_jakarta
osm-315207989-13525649841-0,DFO_3280_From_20080301_to_20080403,2008-03-01,2008-04-03,remote_event_centroid_with_isolated_pilot_pixel,low,24.532,Jalan Matraman,primary,557888640,315207989,13525649841,0,250,0.75,0.05,coarse-modis-250m,208345.366,0.963204,0.963204,0.0,0.0,0.0,unknown,excluded,event_context_not_jakarta
osm-315207989-5668256808-0,DFO_3280_From_20080301_to_20080403,2008-03-01,2008-04-03,remote_event_centroid_with_isolated_pilot_pixel,low,24.165,Jalan Matraman,primary,724201959,315207989,5668256808,0,250,0.75,0.05,coarse-modis-250m,208167.977,0.963171,0.963171,0.0,0.0,0.0,unknown,excluded,event_context_not_jakarta
osm-315208899-324851729-0,DFO_3280_From_20080301_to_20080403,2008-03-01,2008-04-03,remote_event_centroid_with_isolated_pilot_pixel,low,370.895,Jalan Jenderal Ahmad Yani,trunk,1525327315|758733886|559322279,315208899,324851729,0,250,0.75,0.05,coarse-modis-250m,381634.196,0.977808,0.977808,0.0,0.0,0.0,unknown,excluded,event_context_not_jakarta
osm-315305416-13456804471-0,DFO_3280_From_20080301_to_20080403,2008-03-01,2008-04-03,remote_event_centroid_with_isolated_pilot_pixel,low,2.211,Jalan Karet Pedurenan Raya,tertiary,28132208,315305416,13456804471,0,250,0.75,0.05,coarse-modis-250m,197184.328,0.961115,0.961115,0.0,0.0,0.0,unknown,excluded,event_context_not_jakarta
osm-315469600-9031322607-0,DFO_3280_From_20080301_to_20080403,2008-03-01,2008-04-03,remote_event_centroid_with_isolated_pilot_pixel,low,15.741,Jalan Kebon Sirih,primary,18056345,315469600,9031322607,0,250,0.75,0.05,coarse-modis-250m,203953.833,0.962045,0.962045,0.0,0.0,0.0,unknown,excluded,event_context_not_jakarta
osm-315469626-9032054232-0,DFO_3280_From_20080301_to_20080403,2008-03-01,2008-04-03,remote_event_centroid_with_isolated_pilot_pixel,low,18.29,Jalan Kebon Sirih,primary,18056345,315469626,9032054232,0,250,0.75,0.05,coarse-modis-250m,205228.669,0.962523,0.962523,0.0,0.0,0.0,unknown,excluded,event_context_not_jakarta
osm-315480467-9679167895-0,DFO_3280_From_20080301_to_20080403,2008-03-01,2008-04-03,remote_event_centroid_with_isolated_pilot_pixel,low,17.675,Jalan Arief Rachman Hakim,primary,688522169,315480467,9679167895,0,250,0.75,0.05,coarse-modis-250m,204921.044,0.962353,0.962353,0.0,0.0,0.0,unknown,excluded,event_context_not_jakarta
osm-315487156-5230379695-0,DFO_3280_From_20080301_to_20080403,2008-03-01,2008-04-03,remote_event_centroid_with_isolated_pilot_pixel,low,76.703,Jalan Tomang Raya,primary,497108766,315487156,5230379695,0,250,0.75,0.05,coarse-modis-250m,234447.411,0.966823,0.966823,0.0,0.0,0.0,unknown,excluded,event_context_not_jakarta
osm-315546959-7098183581-0,DFO_3280_From_20080301_to_20080403,2008-03-01,2008-04-03,remote_event_centroid_with_isolated_pilot_pixel,low,41.321,Jalan Pos,secondary,28706110,315546959,7098183581,0,250,0.75,0.05,coarse-modis-250m,216737.525,0.964114,0.964114,0.0,0.0,0.0,unknown,excluded,event_context_not_jakarta
osm-315547395-315546959-0,DFO_3280_From_20080301_to_20080403,2008-03-01,2008-04-03,remote_event_centroid_with_isolated_pilot_pixel,low,37.491,Jalan Pos,secondary,594893749,315547395,315546959,0,250,0.75,0.05,coarse-modis-250m,214829.524,0.964969,0.964969,0.0,0.0,0.0,unknown,excluded,event_context_not_jakarta
osm-315684305-4269900330-0,DFO_3280_From_20080301_to_20080403,2008-03-01,2008-04-03,remote_event_centroid_with_isolated_pilot_pixel,low,30.862,Jalan Insinyur Haji Juanda,secondary,1369734224|696175333,315684305,4269900330,0,250,0.75,0.05,coarse-modis-250m,211495.59,0.964127,0.964127,0.0,0.0,0.0,unknown,excluded,event_context_not_jakarta
osm-315710860-29939156-0,DFO_3280_From_20080301_to_20080403,2008-03-01,2008-04-03,remote_event_centroid_with_isolated_pilot_pixel,low,18.143,Jalan Dokter Sutomo,secondary,1249398772|1249818275|654692996,315710860,29939156,0,250,0.75,0.05,coarse-modis-250m,205155.347,0.962459,0.962459,0.0,0.0,0.0,unknown,excluded,event_context_not_jakarta
osm-315712058-315712135-0,DFO_3280_From_20080301_to_20080403,2008-03-01,2008-04-03,remote_event_centroid_with_isolated_pilot_pixel,low,46.736,Jalan Gunung Sahari Raya,primary,592276676,315712058,315712135,0,250,0.75,0.05,coarse-modis-250m,219460.758,0.964574,0.964574,0.0,0.0,0.0,unknown,excluded,event_context_not_jakarta
osm-315712135-13606177748-0,DFO_3280_From_20080301_to_20080403,2008-03-01,2008-04-03,remote_event_centroid_with_isolated_pilot_pixel,low,81.37,Jalan Gunung Sahari Raya,primary,1530998629,315712135,13606177748,0,250,0.75,0.05,coarse-modis-250m,236790.455,0.96693,0.96693,0.0,0.0,0.0,unknown,excluded,event_context_not_jakarta
osm-315712497-5354213822-0,DFO_3280_From_20080301_to_20080403,2008-03-01,2008-04-03,remote_event_centroid_with_isolated_pilot_pixel,low,28.837,Jalan Gunung Sahari Raya,primary,634085906|1530998628,315712497,5354213822,0,250,0.75,0.05,coarse-modis-250m,210505.513,0.963102,0.963102,0.0,0.0,0.0,unknown,excluded,event_context_not_jakarta
osm-315746130-13721019303-0,DFO_3280_From_20080301_to_20080403,2008-03-01,2008-04-03,remote_event_centroid_with_isolated_pilot_pixel,low,18.228,Jalan Pasar Senen,primary,11671364,315746130,13721019303,0,250,0.75,0.05,coarse-modis-250m,205197.686,0.962207,0.962207,0.0,0.0,0.0,unknown,excluded,event_context_not_jakarta
osm-315746992-11199436896-0,DFO_3280_From_20080301_to_20080403,2008-03-01,2008-04-03,remote_event_centroid_with_isolated_pilot_pixel,low,83.589,Jalan Gunung Sahari Raya,primary,631760994,315746992,11199436896,0,250,0.75,0.05,coarse-modis-250m,237898.848,0.966912,0.966912,0.0,0.0,0.0,unknown,excluded,event_context_not_jakarta
osm-316167893-9013032089-0,DFO_3280_From_20080301_to_20080403,2008-03-01,2008-04-03,remote_event_centroid_with_isolated_pilot_pixel,low,48.198,Unnamed OSM road,residential,760206973|556928957,316167893,9013032089,0,250,0.75,0.05,coarse-modis-250m,220175.924,0.964838,0.964838,0.0,0.0,0.0,unknown,excluded,event_context_not_jakarta
osm-316170709-329971830-0,DFO_3280_From_20080301_to_20080403,2008-03-01,2008-04-03,remote_event_centroid_with_isolated_pilot_pixel,low,24.315,Jalan Matraman,primary,751712040,316170709,329971830,0,250,0.75,0.05,coarse-modis-250m,208243.126,0.962819,0.962819,0.0,0.0,0.0,unknown,excluded,event_context_not_jakarta
osm-316176020-1757800817-0,DFO_3280_From_20080301_to_20080403,2008-03-01,2008-04-03,remote_event_centroid_with_isolated_pilot_pixel,low,311.158,Simpang Susun Tomang,motorway,164124665|164124681|320153078,316176020,1757800817,0,250,0.75,0.05,coarse-modis-250m,351750.008,0.976182,0.976182,0.0,0.0,0.0,unknown,excluded,event_context_not_jakarta
osm-316176020-310052525-0,DFO_3280_From_20080301_to_20080403,2008-03-01,2008-04-03,remote_event_centroid_with_isolated_pilot_pixel,low,224.149,Unnamed OSM road,motorway_link,844134210|164124676|828989547|164124661|320156377,316176020,310052525,0,250,0.75,0.05,coarse-modis-250m,308032.589,0.973798,0.973798,0.0,0.0,0.0,unknown,excluded,event_context_not_jakarta
osm-316266442-3723635058-0,DFO_3280_From_20080301_to_20080403,2008-03-01,2008-04-03,remote_event_centroid_with_isolated_pilot_pixel,low,483.557,Unnamed OSM road,motorway_link,368504609|368504611,316266442,3723635058,0,250,0.75,0.05,coarse-modis-250m,438008.344,0.982943,0.982943,0.0,0.0,0.0,unknown,excluded,event_context_not_jakarta
osm-316374560-4990059009-0,DFO_3280_From_20080301_to_20080403,2008-03-01,2008-04-03,remote_event_centroid_with_isolated_pilot_pixel,low,166.499,Jalan Letnan Jenderal Suprapto,primary,758365788,316374560,4990059009,0,250,0.75,0.05,coarse-modis-250m,279380.032,0.971005,0.971005,0.0,0.0,0.0,unknown,excluded,event_context_not_jakarta
osm-316374561-4548266741-0,DFO_3280_From_20080301_to_20080403,2008-03-01,2008-04-03,remote_event_centroid_with_isolated_pilot_pixel,low,29.69,Jalan Tanah Tinggi Barat,primary,509865312|561430827,316374561,4548266741,0,250,0.75,0.05,coarse-modis-250m,210932.352,0.963218,0.963218,0.0,0.0,0.0,unknown,excluded,event_context_not_jakarta
osm-316374585-4548266748-0,DFO_3280_From_20080301_to_20080403,2008-03-01,2008-04-03,remote_event_centroid_with_isolated_pilot_pixel,low,116.963,Jalan Letnan Jenderal Suprapto,primary,755340964,316374585,4548266748,0,250,0.75,0.05,coarse-modis-250m,254596.563,0.96849,0.96849,0.0,0.0,0.0,unknown,excluded,event_context_not_jakarta
osm-316374594-430546287-0,DFO_3280_From_20080301_to_20080403,2008-03-01,2008-04-03,remote_event_centroid_with_isolated_pilot_pixel,low,491.6,Jalan Utan Panjang Barat,primary,37018601,316374594,430546287,0,250,0.75,0.05,coarse-modis-250m,442031.296,0.980201,0.980201,0.0,0.0,0.0,unknown,excluded,event_context_not_jakarta
osm-316374602-4836037554-0,DFO_3280_From_20080301_to_20080403,2008-03-01,2008-04-03,remote_event_centroid_with_isolated_pilot_pixel,low,244.677,Jalan Tanah Tinggi Barat,primary,28773409|750240452,316374602,4836037554,0,250,0.75,0.05,coarse-modis-250m,318489.871,0.974177,0.974177,0.0,0.0,0.0,unknown,excluded,event_context_not_jakarta
osm-316374654-316374658-0,DFO_3280_From_20080301_to_20080403,2008-03-01,2008-04-03,remote_event_centroid_with_isolated_pilot_pixel,low,57.501,Jalan Kramat Raya,primary,717267441,316374654,316374658,0,250,0.75,0.05,coarse-modis-250m,224846.098,0.965317,0.965317,0.0,0.0,0.0,unknown,excluded,event_context_not_jakarta
osm-316374658-7120440781-0,DFO_3280_From_20080301_to_20080403,2008-03-01,2008-04-03,remote_event_centroid_with_isolated_pilot_pixel,low,21.599,Jalan Kramat Raya,primary,762074073,316374658,7120440781,0,250,0.75,0.05,coarse-modis-250m,206884.247,0.962502,0.962502,0.0,0.0,0.0,unknown,excluded,event_context_not_jakarta
osm-316395244-4466384616-0,DFO_3280_From_20080301_to_20080403,2008-03-01,2008-04-03,remote_event_centroid_with_isolated_pilot_pixel,low,24.288,Jalan Perintis Kemerdekaan,trunk,568057152|559319651,316395244,4466384616,0,250,0.75,0.05,coarse-modis-250m,208220.542,0.962769,0.962769,0.0,0.0,0.0,unknown,excluded,event_context_not_jakarta
osm-316395244-4466384617-0,DFO_3280_From_20080301_to_20080403,2008-03-01,2008-04-03,remote_event_centroid_with_isolated_pilot_pixel,low,42.353,Jalan Yos Sudarso,trunk,508942941|533109941|1527567773,316395244,4466384617,0,250,0.75,0.05,coarse-modis-250m,217267.723,0.964139,0.964139,0.0,0.0,0.0,unknown,excluded,event_context_not_jakarta
osm-316395267-316395268-0,DFO_3280_From_20080301_to_20080403,2008-03-01,2008-04-03,remote_event_centroid_with_isolated_pilot_pixel,low,24.955,Jalan Perintis Kemerdekaan,trunk,1148188980,316395267,316395268,0,250,0.75,0.05,coarse-modis-250m,208563.451,0.96284,0.96284,0.0,0.0,0.0,unknown,excluded,event_context_not_jakarta
osm-316395268-5388212558-0,DFO_3280_From_20080301_to_20080403,2008-03-01,2008-04-03,remote_event_centroid_with_isolated_pilot_pixel,low,41.341,Jalan Perintis Kemerdekaan,trunk,568063273,316395268,5388212558,0,250,0.75,0.05,coarse-modis-250m,216761.543,0.963992,0.963992,0.0,0.0,0.0,unknown,excluded,event_context_not_jakarta
osm-316412093-11329756328-0,DFO_3280_From_20080301_to_20080403,2008-03-01,2008-04-03,remote_event_centroid_with_isolated_pilot_pixel,low,51.944,Jalan Pemuda,primary,763467199,316412093,11329756328,0,250,0.75,0.05,coarse-modis-250m,222066.127,0.964889,0.964889,0.0,0.0,0.0,unknown,excluded,event_context_not_jakarta
osm-316412129-316412130-0,DFO_3280_From_20080301_to_20080403,2008-03-01,2008-04-03,remote_event_centroid_with_isolated_pilot_pixel,low,145.025,Jalan Pemuda,primary,688709840,316412129,316412130,0,250,0.75,0.05,coarse-modis-250m,268585.381,0.970022,0.970022,0.0,0.0,0.0,unknown,excluded,event_context_not_jakarta
osm-316412130-6531806778-0,DFO_3280_From_20080301_to_20080403,2008-03-01,2008-04-03,remote_event_centroid_with_isolated_pilot_pixel,low,101.513,Jalan Pemuda,primary,688709840|975979297|491037924,316412130,6531806778,0,250,0.75,0.05,coarse-modis-250m,246865.354,0.967763,0.967763,0.0,0.0,0.0,unknown,excluded,event_context_not_jakarta
osm-316412131-316412145-0,DFO_3280_From_20080301_to_20080403,2008-03-01,2008-04-03,remote_event_centroid_with_isolated_pilot_pixel,low,13.489,Jalan Pemuda,primary,1052899124,316412131,316412145,0,250,0.75,0.05,coarse-modis-250m,202826.914,0.961837,0.961837,0.0,0.0,0.0,unknown,excluded,event_context_not_jakarta
osm-316412145-4504091329-0,DFO_3280_From_20080301_to_20080403,2008-03-01,2008-04-03,remote_event_centroid_with_isolated_pilot_pixel,low,124.609,Jalan Pemuda,primary,28775346,316412145,4504091329,0,250,0.75,0.05,coarse-modis-250m,258421.693,0.968231,0.968231,0.0,0.0,0.0,unknown,excluded,event_context_not_jakarta
osm-316412146-1320273025-0,DFO_3280_From_20080301_to_20080403,2008-03-01,2008-04-03,remote_event_centroid_with_isolated_pilot_pixel,low,13.135,Jalan Pemuda,primary,765258444,316412146,1320273025,0,250,0.75,0.05,coarse-modis-250m,202649.804,0.961835,0.961835,0.0,0.0,0.0,unknown,excluded,event_context_not_jakarta
osm-316486226-1782804903-0,DFO_3280_From_20080301_to_20080403,2008-03-01,2008-04-03,remote_event_centroid_with_isolated_pilot_pixel,low,1345.635,Jalan Tol Cawang–Pluit,motorway,487631666|414029883|414029876|414029878,316486226,1782804903,0,250,0.75,0.05,coarse-modis-250m,869266.165,0.595212,0.595212,0.0,0.0,0.0,unknown,excluded,event_context_not_jakarta
osm-316486288-7120831201-0,DFO_3280_From_20080301_to_20080403,2008-03-01,2008-04-03,remote_event_centroid_with_isolated_pilot_pixel,low,8.413,Jalan D. I. Panjaitan,trunk,717163577,316486288,7120831201,0,250,0.75,0.05,coarse-modis-250m,200287.221,0.961546,0.961546,0.0,0.0,0.0,unknown,excluded,event_context_not_jakarta
osm-316486305-1139156749-0,DFO_3280_From_20080301_to_20080403,2008-03-01,2008-04-03,remote_event_centroid_with_isolated_pilot_pixel,low,41.19,Unnamed OSM road,trunk_link,805801284,316486305,1139156749,0,250,0.75,0.05,coarse-modis-250m,216610.797,0.967835,0.967835,0.0,0.0,0.0,unknown,excluded,event_context_not_jakarta
osm-316742986-329948880-0,DFO_3280_From_20080301_to_20080403,2008-03-01,2008-04-03,remote_event_centroid_with_isolated_pilot_pixel,low,596.589,Jalan Jenderal Ahmad Yani,trunk,758754082|696213347|696213348|756425321|28809533,316742986,329948880,0,250,0.75,0.05,coarse-modis-250m,494559.816,0.981815,0.981815,0.0,0.0,0.0,unknown,excluded,event_context_not_jakarta
osm-317156534-9507227664-0,DFO_3280_From_20080301_to_20080403,2008-03-01,2008-04-03,remote_event_centroid_with_isolated_pilot_pixel,low,27.825,Jalan Profesor Doktor Satrio,primary,495447738,317156534,9507227664,0,250,0.75,0.05,coarse-modis-250m,209999.588,0.963132,0.963132,0.0,0.0,0.0,unknown,excluded,event_context_not_jakarta
osm-317156584-11384905237-0,DFO_3280_From_20080301_to_20080403,2008-03-01,2008-04-03,remote_event_centroid_with_isolated_pilot_pixel,low,303.728,Jalan Profesor Doktor Satrio,primary,685542737|685550351,317156584,11384905237,0,250,0.75,0.05,coarse-modis-250m,348035.466,0.782832,0.782832,0.0,0.0,0.0,unknown,excluded,event_context_not_jakarta
osm-317156628-5653336499-0,DFO_3280_From_20080301_to_20080403,2008-03-01,2008-04-03,remote_event_centroid_with_isolated_pilot_pixel,low,33.045,Jalan Raya Casablanca,primary,28847137,317156628,5653336499,0,250,0.75,0.05,coarse-modis-250m,212610.887,0.503657,0.503657,0.0,0.0,0.0,unknown,excluded,event_context_not_jakarta
osm-317156630-9027876825-0,DFO_3280_From_20080301_to_20080403,2008-03-01,2008-04-03,remote_event_centroid_with_isolated_pilot_pixel,low,4.398,Jalan Raya Casablanca,primary,28847137,317156630,9027876825,0,250,0.75,0.05,coarse-modis-250m,198278.628,0.787638,0.787638,0.0,0.0,0.0,unknown,excluded,event_context_not_jakarta
osm-317156632-317156630-0,DFO_3280_From_20080301_to_20080403,2008-03-01,2008-04-03,remote_event_centroid_with_isolated_pilot_pixel,low,72.996,Jalan Raya Casablanca,primary,28847137,317156632,317156630,0,250,0.75,0.05,coarse-modis-250m,232587.692,0.822262,0.822262,0.0,0.0,0.0,unknown,excluded,event_context_not_jakarta
osm-317156649-317182651-0,DFO_3280_From_20080301_to_20080403,2008-03-01,2008-04-03,remote_event_centroid_with_isolated_pilot_pixel,low,617.237,Jalan K. Haji Abdul Syafi'ie,primary,28850224|689632659|689649454,317156649,317182651,0,250,0.75,0.05,coarse-modis-250m,504843.781,0.982549,0.982549,0.0,0.0,0.0,unknown,excluded,event_context_not_jakarta
osm-317157768-4871938615-0,DFO_3280_From_20080301_to_20080403,2008-03-01,2008-04-03,remote_event_centroid_with_isolated_pilot_pixel,low,155.083,Jalan Profesor Doktor Satrio,primary,831861163|698801014,317157768,4871938615,0,250,0.75,0.05,coarse-modis-250m,273654.305,0.822647,0.822647,0.0,0.0,0.0,unknown,excluded,event_context_not_jakarta
osm-317179522-5189841649-0,DFO_3280_From_20080301_to_20080403,2008-03-01,2008-04-03,remote_event_centroid_with_isolated_pilot_pixel,low,22.616,Jalan Karet Pedurenan Raya,tertiary,674847762,317179522,5189841649,0,250,0.75,0.05,coarse-modis-250m,207301.19,0.965999,0.965999,0.0,0.0,0.0,unknown,excluded,event_context_not_jakarta
osm-317180499-10092530702-0,DFO_3280_From_20080301_to_20080403,2008-03-01,2008-04-03,remote_event_centroid_with_isolated_pilot_pixel,low,15.193,Jalan Profesor Doktor Satrio,primary,685545461,317180499,10092530702,0,250,0.75,0.05,coarse-modis-250m,203657.431,0.231073,0.231073,0.0,0.0,0.0,unknown,excluded,event_context_not_jakarta
osm-317182284-317156632-0,DFO_3280_From_20080301_to_20080403,2008-03-01,2008-04-03,remote_event_centroid_with_isolated_pilot_pixel,low,631.093,Jalan Profesor Doktor Satrio,primary,487631720|558699560|486490658|685543311,317182284,317156632,0,250,0.75,0.05,coarse-modis-250m,511733.615,0.94724,0.94724,0.0,0.0,0.0,unknown,excluded,event_context_not_jakarta
osm-317182368-13618074118-0,DFO_3280_From_20080301_to_20080403,2008-03-01,2008-04-03,remote_event_centroid_with_isolated_pilot_pixel,low,121.807,Jalan K. Haji Abdul Syafi'ie,primary,484865524|758108653|28850223,317182368,13618074118,0,250,0.75,0.05,coarse-modis-250m,257011.628,0.968551,0.968551,0.0,0.0,0.0,unknown,excluded,event_context_not_jakarta
osm-317182380-5380240433-0,DFO_3280_From_20080301_to_20080403,2008-03-01,2008-04-03,remote_event_centroid_with_isolated_pilot_pixel,low,257.117,Jalan K. Haji Abdul Syafi'ie,primary,1253417938|689649453,317182380,5380240433,0,250,0.75,0.05,coarse-modis-250m,324717.444,0.974774,0.974774,0.0,0.0,0.0,unknown,excluded,event_context_not_jakarta
osm-317182651-317182380-0,DFO_3280_From_20080301_to_20080403,2008-03-01,2008-04-03,remote_event_centroid_with_isolated_pilot_pixel,low,87.992,Jalan K. Haji Abdul Syafi'ie,primary,484865525,317182651,317182380,0,250,0.75,0.05,coarse-modis-250m,240101.165,0.967241,0.967241,0.0,0.0,0.0,unknown,excluded,event_context_not_jakarta
osm-317190987-352913852-0,DFO_3280_From_20080301_to_20080403,2008-03-01,2008-04-03,remote_event_centroid_with_isolated_pilot_pixel,low,89.246,Jalan Jenderal Basuki Rahmat,primary,486010579|691242533|486010575,317190987,352913852,0,250,0.75,0.05,coarse-modis-250m,240688.606,0.967299,0.967299,0.0,0.0,0.0,unknown,excluded,event_context_not_jakarta
osm-317190987-6370527439-0,DFO_3280_From_20080301_to_20080403,2008-03-01,2008-04-03,remote_event_centroid_with_isolated_pilot_pixel,low,821.503,Jalan Jenderal Basuki Rahmat,primary,28847150|487643184|486010582|486010584|691258748,317190987,6370527439,0,250,0.75,0.05,coarse-modis-250m,607058.235,0.984115,0.984115,0.0,0.0,0.0,unknown,excluded,event_context_not_jakarta
osm-317191266-317191321-0,DFO_3280_From_20080301_to_20080403,2008-03-01,2008-04-03,remote_event_centroid_with_isolated_pilot_pixel,low,41.251,Unnamed OSM road,primary_link,28851078,317191266,317191321,0,250,0.75,0.05,coarse-modis-250m,215471.349,0.970389,0.970389,0.0,0.0,0.0,unknown,excluded,event_context_not_jakarta
osm-317191321-13771612756-0,DFO_3280_From_20080301_to_20080403,2008-03-01,2008-04-03,remote_event_centroid_with_isolated_pilot_pixel,low,62.436,Jalan Jenderal Basuki Rahmat,primary,28851026,317191321,13771612756,0,250,0.75,0.05,coarse-modis-250m,227310.37,0.966051,0.966051,0.0,0.0,0.0,unknown,excluded,event_context_not_jakarta
osm-317193936-9515510319-0,DFO_3280_From_20080301_to_20080403,2008-03-01,2008-04-03,remote_event_centroid_with_isolated_pilot_pixel,low,177.912,Jalan Jenderal Basuki Rahmat,primary,691251097,317193936,9515510319,0,250,0.75,0.05,coarse-modis-250m,285089.346,0.971717,0.971717,0.0,0.0,0.0,unknown,excluded,event_context_not_jakarta
osm-317196043-7029563618-0,DFO_3280_From_20080301_to_20080403,2008-03-01,2008-04-03,remote_event_centroid_with_isolated_pilot_pixel,low,202.602,Jalan Kolonel Soegiono,primary,751996164,317196043,7029563618,0,250,0.75,0.05,coarse-modis-250m,297431.901,0.972884,0.972884,0.0,0.0,0.0,unknown,excluded,event_context_not_jakarta
osm-317349873-5379667478-0,DFO_3280_From_20080301_to_20080403,2008-03-01,2008-04-03,remote_event_centroid_with_isolated_pilot_pixel,low,34.714,Jalan Yos Sudarso,trunk,496592226,317349873,5379667478,0,250,0.75,0.05,coarse-modis-250m,213446.186,0.96363,0.96363,0.0,0.0,0.0,unknown,excluded,event_context_not_jakarta
osm-317349914-5379667437-0,DFO_3280_From_20080301_to_20080403,2008-03-01,2008-04-03,remote_event_centroid_with_isolated_pilot_pixel,low,101.748,Jalan Yos Sudarso,trunk,1526240643|781727135,317349914,5379667437,0,250,0.75,0.05,coarse-modis-250m,246982.35,0.967898,0.967898,0.0,0.0,0.0,unknown,excluded,event_context_not_jakarta
osm-317417610-4948526884-0,DFO_3280_From_20080301_to_20080403,2008-03-01,2008-04-03,remote_event_centroid_with_isolated_pilot_pixel,low,251.54,Jalan Brigadir Jenderal Katamso Darmokusumo,primary,28909833|504724983|748561204|746615207,317417610,4948526884,0,250,0.75,0.05,coarse-modis-250m,321901.655,0.974442,0.974442,0.0,0.0,0.0,unknown,excluded,event_context_not_jakarta
osm-317417833-9491424126-0,DFO_3280_From_20080301_to_20080403,2008-03-01,2008-04-03,remote_event_centroid_with_isolated_pilot_pixel,low,63.573,Jalan Letnan Jenderal Siswondo Parman,trunk,560008548|761850310,317417833,9491424126,0,250,0.75,0.05,coarse-modis-250m,227884.589,0.965665,0.965665,0.0,0.0,0.0,unknown,excluded,event_context_not_jakarta
osm-317756351-13653320894-0,DFO_3280_From_20080301_to_20080403,2008-03-01,2008-04-03,remote_event_centroid_with_isolated_pilot_pixel,low,89.597,Jalan Jatibaru,primary,802327287,317756351,13653320894,0,250,0.75,0.05,coarse-modis-250m,240904.347,0.96719,0.96719,0.0,0.0,0.0,unknown,excluded,event_context_not_jakarta
osm-317958545-7120310389-0,DFO_3280_From_20080301_to_20080403,2008-03-01,2008-04-03,remote_event_centroid_with_isolated_pilot_pixel,low,35.796,Jalan Tomang Raya,primary,762091308|762091309,317958545,7120310389,0,250,0.75,0.05,coarse-modis-250m,213985.384,0.963643,0.963643,0.0,0.0,0.0,unknown,excluded,event_context_not_jakarta
osm-317987901-317958545-0,DFO_3280_From_20080301_to_20080403,2008-03-01,2008-04-03,remote_event_centroid_with_isolated_pilot_pixel,low,393.501,Jalan Tomang Raya,primary,1239767490|762091310|762091311|560008540|688103037,317987901,317958545,0,250,0.75,0.05,coarse-modis-250m,392914.275,0.977702,0.977702,0.0,0.0,0.0,unknown,excluded,event_context_not_jakarta
osm-318097237-13623874475-0,DFO_3280_From_20080301_to_20080403,2008-03-01,2008-04-03,remote_event_centroid_with_isolated_pilot_pixel,low,9.024,Jalan Suryopranoto,primary,497546914,318097237,13623874475,0,250,0.75,0.05,coarse-modis-250m,200592.877,0.96166,0.96166,0.0,0.0,0.0,unknown,excluded,event_context_not_jakarta
osm-318097259-13624041399-0,DFO_3280_From_20080301_to_20080403,2008-03-01,2008-04-03,remote_event_centroid_with_isolated_pilot_pixel,low,65.219,Jalan Balikpapan Raya,primary,28706686,318097259,13624041399,0,250,0.75,0.05,coarse-modis-250m,228708.295,0.965775,0.965775,0.0,0.0,0.0,unknown,excluded,event_context_not_jakarta
osm-318168808-316167893-0,DFO_3280_From_20080301_to_20080403,2008-03-01,2008-04-03,remote_event_centroid_with_isolated_pilot_pixel,low,19.826,Jalan Biak,secondary,676439513,318168808,316167893,0,250,0.75,0.05,coarse-modis-250m,205997.223,0.962508,0.962508,0.0,0.0,0.0,unknown,excluded,event_context_not_jakarta
osm-318538221-29939148-0,DFO_3280_From_20080301_to_20080403,2008-03-01,2008-04-03,remote_event_centroid_with_isolated_pilot_pixel,low,10.99,Jalan Gunung Sahari V,secondary,557206896,318538221,29939148,0,250,0.75,0.05,coarse-modis-250m,201576.7,0.961787,0.961787,0.0,0.0,0.0,unknown,excluded,event_context_not_jakarta
osm-318538221-5374199556-0,DFO_3280_From_20080301_to_20080403,2008-03-01,2008-04-03,remote_event_centroid_with_isolated_pilot_pixel,low,9.456,Jalan Gunung Sahari V,secondary,1281346439,318538221,5374199556,0,250,0.75,0.05,coarse-modis-250m,200808.939,0.961488,0.961488,0.0,0.0,0.0,unknown,excluded,event_context_not_jakarta
osm-318548947-8499454046-0,DFO_3280_From_20080301_to_20080403,2008-03-01,2008-04-03,remote_event_centroid_with_isolated_pilot_pixel,low,118.46,Jalan Pangeran Jayakarta,secondary,1294695407,318548947,8499454046,0,250,0.75,0.05,coarse-modis-250m,255343.849,0.968951,0.968951,0.0,0.0,0.0,unknown,excluded,event_context_not_jakarta
osm-320021668-4800795887-0,DFO_3280_From_20080301_to_20080403,2008-03-01,2008-04-03,remote_event_centroid_with_isolated_pilot_pixel,low,52.481,Jalan K. Haji Abdul Syafi'ie,primary,28850223,320021668,4800795887,0,250,0.75,0.05,coarse-modis-250m,222324.618,0.965186,0.965186,0.0,0.0,0.0,unknown,excluded,event_context_not_jakarta
osm-321722198-317156649-0,DFO_3280_From_20080301_to_20080403,2008-03-01,2008-04-03,remote_event_centroid_with_isolated_pilot_pixel,low,77.731,Jalan K. Haji Abdul Syafi'ie,primary,28847149,321722198,317156649,0,250,0.75,0.05,coarse-modis-250m,234965.396,0.966664,0.966664,0.0,0.0,0.0,unknown,excluded,event_context_not_jakarta
osm-324275961-316395267-0,DFO_3280_From_20080301_to_20080403,2008-03-01,2008-04-03,remote_event_centroid_with_isolated_pilot_pixel,low,150.453,Jalan Perintis Kemerdekaan,trunk,689042568|950224883|689042565,324275961,316395267,0,250,0.75,0.05,coarse-modis-250m,271343.822,0.970251,0.970251,0.0,0.0,0.0,unknown,excluded,event_context_not_jakarta
osm-324276002-5665581665-0,DFO_3280_From_20080301_to_20080403,2008-03-01,2008-04-03,remote_event_centroid_with_isolated_pilot_pixel,low,517.952,Jalan Perintis Kemerdekaan,trunk,776374304,324276002,5665581665,0,250,0.75,0.05,coarse-modis-250m,455212.256,0.980611,0.980611,0.0,0.0,0.0,unknown,excluded,event_context_not_jakarta
osm-324851729-5673864834-0,DFO_3280_From_20080301_to_20080403,2008-03-01,2008-04-03,remote_event_centroid_with_isolated_pilot_pixel,low,36.502,Jalan Jenderal Ahmad Yani,trunk,758733885,324851729,5673864834,0,250,0.75,0.05,coarse-modis-250m,214340.772,0.96372,0.96372,0.0,0.0,0.0,unknown,excluded,event_context_not_jakarta
osm-326484049-5490135579-0,DFO_3280_From_20080301_to_20080403,2008-03-01,2008-04-03,remote_event_centroid_with_isolated_pilot_pixel,low,127.681,Jalan Dokter KRT Radjiman Widyodiningrat,primary,754061608,326484049,5490135579,0,250,0.75,0.05,coarse-modis-250m,259951.966,0.969401,0.969401,0.0,0.0,0.0,unknown,excluded,event_context_not_jakarta
osm-326484130-8749112680-0,DFO_3280_From_20080301_to_20080403,2008-03-01,2008-04-03,remote_event_centroid_with_isolated_pilot_pixel,low,10.024,Jalan Dokter KRT Radjiman Widyodiningrat,primary,1040471431,326484130,8749112680,0,250,0.75,0.05,coarse-modis-250m,201093.222,0.961663,0.961663,0.0,0.0,0.0,unknown,excluded,event_context_not_jakarta
osm-326484153-326484130-0,DFO_3280_From_20080301_to_20080403,2008-03-01,2008-04-03,remote_event_centroid_with_isolated_pilot_pixel,low,77.099,Jalan Dokter KRT Radjiman Widyodiningrat,primary,1040471431,326484153,326484130,0,250,0.75,0.05,coarse-modis-250m,234635.173,0.96647,0.96647,0.0,0.0,0.0,unknown,excluded,event_context_not_jakarta
osm-326484165-326484153-0,DFO_3280_From_20080301_to_20080403,2008-03-01,2008-04-03,remote_event_centroid_with_isolated_pilot_pixel,low,14.589,Jalan Dokter KRT Radjiman Widyodiningrat,primary,754061606,326484165,326484153,0,250,0.75,0.05,coarse-modis-250m,203377.476,0.961968,0.961968,0.0,0.0,0.0,unknown,excluded,event_context_not_jakarta
osm-326484242-1709500939-0,DFO_3280_From_20080301_to_20080403,2008-03-01,2008-04-03,remote_event_centroid_with_isolated_pilot_pixel,low,95.713,Jalan Dokter KRT Radjiman Widyodiningrat,primary,489977114,326484242,1709500939,0,250,0.75,0.05,coarse-modis-250m,243959.454,0.967675,0.967675,0.0,0.0,0.0,unknown,excluded,event_context_not_jakarta
osm-326484330-4842902746-0,DFO_3280_From_20080301_to_20080403,2008-03-01,2008-04-03,remote_event_centroid_with_isolated_pilot_pixel,low,184.882,Jalan Dokter KRT Radjiman Widyodiningrat,primary,489977114,326484330,4842902746,0,250,0.75,0.05,coarse-modis-250m,288572.1,0.97192,0.97192,0.0,0.0,0.0,unknown,excluded,event_context_not_jakarta
osm-326484370-7046982976-0,DFO_3280_From_20080301_to_20080403,2008-03-01,2008-04-03,remote_event_centroid_with_isolated_pilot_pixel,low,21.074,Jalan Dokter KRT Radjiman Widyodiningrat,primary,754381189,326484370,7046982976,0,250,0.75,0.05,coarse-modis-250m,206620.06,0.96255,0.96255,0.0,0.0,0.0,unknown,excluded,event_context_not_jakarta
osm-3266324655-9697006214-0,DFO_3280_From_20080301_to_20080403,2008-03-01,2008-04-03,remote_event_centroid_with_isolated_pilot_pixel,low,419.628,Jalan Pejompongan,primary,320137104|1265685673,3266324655,9697006214,0,250,0.75,0.05,coarse-modis-250m,405272.432,0.979127,0.979127,0.0,0.0,0.0,unknown,excluded,event_context_not_jakarta
osm-3266332372-3266324655-0,DFO_3280_From_20080301_to_20080403,2008-03-01,2008-04-03,remote_event_centroid_with_isolated_pilot_pixel,low,24.732,Jalan Pejompongan,primary,760494170,3266332372,3266324655,0,250,0.75,0.05,coarse-modis-250m,208451.689,0.962822,0.962822,0.0,0.0,0.0,unknown,excluded,event_context_not_jakarta
osm-3266396596-5671006753-0,DFO_3280_From_20080301_to_20080403,2008-03-01,2008-04-03,remote_event_centroid_with_isolated_pilot_pixel,low,71.27,Jalan Letnan Jenderal Siswondo Parman,trunk,713318115|688117574,3266396596,5671006753,0,250,0.75,0.05,coarse-modis-250m,231732.976,0.966161,0.966161,0.0,0.0,0.0,unknown,excluded,event_context_not_jakarta
osm-3266396597-6451233565-0,DFO_3280_From_20080301_to_20080403,2008-03-01,2008-04-03,remote_event_centroid_with_isolated_pilot_pixel,low,34.724,Jalan Letnan Jenderal Siswondo Parman,trunk,688087385|688087386,3266396597,6451233565,0,250,0.75,0.05,coarse-modis-250m,213444.558,0.964022,0.964022,0.0,0.0,0.0,unknown,excluded,event_context_not_jakarta
osm-3266396608-9471064862-0,DFO_3280_From_20080301_to_20080403,2008-03-01,2008-04-03,remote_event_centroid_with_isolated_pilot_pixel,low,27.309,Jalan Tomang Raya,primary,688103037,3266396608,9471064862,0,250,0.75,0.05,coarse-modis-250m,209741.119,0.963844,0.963844,0.0,0.0,0.0,unknown,excluded,event_context_not_jakarta
osm-328320081-1423006391-0,DFO_3280_From_20080301_to_20080403,2008-03-01,2008-04-03,remote_event_centroid_with_isolated_pilot_pixel,low,226.433,Jalan Perintis Kemerdekaan,trunk,688291068|688291069|593601262,328320081,1423006391,0,250,0.75,0.05,coarse-modis-250m,309340.387,0.973405,0.973405,0.0,0.0,0.0,unknown,excluded,event_context_not_jakarta
osm-328320159-5662546639-0,DFO_3280_From_20080301_to_20080403,2008-03-01,2008-04-03,remote_event_centroid_with_isolated_pilot_pixel,low,223.077,Jalan Letnan Jenderal Suprapto,primary,761523000|492988997|29797733,328320159,5662546639,0,250,0.75,0.05,coarse-modis-250m,307658.348,0.973571,0.973571,0.0,0.0,0.0,unknown,excluded,event_context_not_jakarta
osm-328336623-5459161492-0,DFO_3280_From_20080301_to_20080403,2008-03-01,2008-04-03,remote_event_centroid_with_isolated_pilot_pixel,low,341.85,Jalan Perintis Kemerdekaan,trunk,1526201599,328336623,5459161492,0,250,0.75,0.05,coarse-modis-250m,367110.85,0.976978,0.976978,0.0,0.0,0.0,unknown,excluded,event_context_not_jakarta
osm-328876219-9013840120-0,DFO_3280_From_20080301_to_20080403,2008-03-01,2008-04-03,remote_event_centroid_with_isolated_pilot_pixel,low,43.064,Jalan Salemba Raya,primary,689177647,328876219,9013840120,0,250,0.75,0.05,coarse-modis-250m,217623.81,0.964225,0.964225,0.0,0.0,0.0,unknown,excluded,event_context_not_jakarta
osm-328965954-316374561-0,DFO_3280_From_20080301_to_20080403,2008-03-01,2008-04-03,remote_event_centroid_with_isolated_pilot_pixel,low,31.338,Jalan Letnan Jenderal Suprapto,primary,676202008|562358362|676202013,328965954,316374561,0,250,0.75,0.05,coarse-modis-250m,211756.824,0.963336,0.963336,0.0,0.0,0.0,unknown,excluded,event_context_not_jakarta
osm-329019268-6219014696-0,DFO_3280_From_20080301_to_20080403,2008-03-01,2008-04-03,remote_event_centroid_with_isolated_pilot_pixel,low,10.145,Jalan Salemba Raya,primary,815231911,329019268,6219014696,0,250,0.75,0.05,coarse-modis-250m,201153.673,0.961808,0.961808,0.0,0.0,0.0,unknown,excluded,event_context_not_jakarta
osm-329019970-9013891783-0,DFO_3280_From_20080301_to_20080403,2008-03-01,2008-04-03,remote_event_centroid_with_isolated_pilot_pixel,low,136.128,Jalan Salemba Raya,primary,1525581082|754625203,329019970,9013891783,0,250,0.75,0.05,coarse-modis-250m,264186.087,0.969919,0.969919,0.0,0.0,0.0,unknown,excluded,event_context_not_jakarta
osm-329948880-316266442-0,DFO_3280_From_20080301_to_20080403,2008-03-01,2008-04-03,remote_event_centroid_with_isolated_pilot_pixel,low,11.718,Jalan Jenderal Ahmad Yani,trunk,764295346,329948880,316266442,0,250,0.75,0.05,coarse-modis-250m,201941.08,0.961761,0.961761,0.0,0.0,0.0,unknown,excluded,event_context_not_jakarta
osm-329967924-4751894442-0,DFO_3280_From_20080301_to_20080403,2008-03-01,2008-04-03,remote_event_centroid_with_isolated_pilot_pixel,low,13.396,Jalan Matraman,primary,278788931,329967924,4751894442,0,250,0.75,0.05,coarse-modis-250m,202780.588,0.96192,0.96192,0.0,0.0,0.0,unknown,excluded,event_context_not_jakarta
osm-329968512-1682808537-0,DFO_3280_From_20080301_to_20080403,2008-03-01,2008-04-03,remote_event_centroid_with_isolated_pilot_pixel,low,162.391,Jalan Matraman,primary,278788931,329968512,1682808537,0,250,0.75,0.05,coarse-modis-250m,277324.604,0.971068,0.971068,0.0,0.0,0.0,unknown,excluded,event_context_not_jakarta
osm-329969014-5662335002-0,DFO_3280_From_20080301_to_20080403,2008-03-01,2008-04-03,remote_event_centroid_with_isolated_pilot_pixel,low,90.047,Jalan Matraman,primary,1458498251,329969014,5662335002,0,250,0.75,0.05,coarse-modis-250m,241130.188,0.967334,0.967334,0.0,0.0,0.0,unknown,excluded,event_context_not_jakarta
osm-329971830-4749962821-0,DFO_3280_From_20080301_to_20080403,2008-03-01,2008-04-03,remote_event_centroid_with_isolated_pilot_pixel,low,206.905,Jalan Matraman,primary,751712040|764015497|764015498|1509532460|484909215,329971830,4749962821,0,250,0.75,0.05,coarse-modis-250m,299590.944,0.972886,0.972886,0.0,0.0,0.0,unknown,excluded,event_context_not_jakarta
osm-329975504-5662309002-0,DFO_3280_From_20080301_to_20080403,2008-03-01,2008-04-03,remote_event_centroid_with_isolated_pilot_pixel,low,219.725,Jalan Pemuda,primary,765773405,329975504,5662309002,0,250,0.75,0.05,coarse-modis-250m,306009.284,0.972288,0.972288,0.0,0.0,0.0,unknown,excluded,event_context_not_jakarta
osm-329975510-7131701881-0,DFO_3280_From_20080301_to_20080403,2008-03-01,2008-04-03,remote_event_centroid_with_isolated_pilot_pixel,low,17.922,Jalan Pemuda,primary,1053249591,329975510,7131701881,0,250,0.75,0.05,coarse-modis-250m,205044.865,0.962398,0.962398,0.0,0.0,0.0,unknown,excluded,event_context_not_jakarta
osm-330177825-5380113845-0,DFO_3280_From_20080301_to_20080403,2008-03-01,2008-04-03,remote_event_centroid_with_isolated_pilot_pixel,low,57.075,Jalan Pemuda,primary,722419938,330177825,5380113845,0,250,0.75,0.05,coarse-modis-250m,224633.68,0.964769,0.964769,0.0,0.0,0.0,unknown,excluded,event_context_not_jakarta
osm-330409714-7232143502-0,DFO_3280_From_20080301_to_20080403,2008-03-01,2008-04-03,remote_event_centroid_with_isolated_pilot_pixel,low,675.739,Unnamed OSM road,service,569826263|590097029|723057935,330409714,7232143502,0,250,0.75,0.05,coarse-modis-250m,529995.12,0.981536,0.981536,0.0,0.0,0.0,unknown,excluded,event_context_not_jakarta
osm-332341344-5506920631-0,DFO_3280_From_20080301_to_20080403,2008-03-01,2008-04-03,remote_event_centroid_with_isolated_pilot_pixel,low,30.273,Jalan Duri Tol Raya,residential,575742571,332341344,5506920631,0,250,0.75,0.05,coarse-modis-250m,211169.058,0.967924,0.967924,0.0,0.0,0.0,unknown,excluded,event_context_not_jakarta
osm-332517701-5671006775-0,DFO_3280_From_20080301_to_20080403,2008-03-01,2008-04-03,remote_event_centroid_with_isolated_pilot_pixel,low,72.44,Jalan Letnan Jenderal Siswondo Parman,trunk,688087394,332517701,5671006775,0,250,0.75,0.05,coarse-modis-250m,232320.822,0.966293,0.966293,0.0,0.0,0.0,unknown,excluded,event_context_not_jakarta
osm-332526386-316176020-0,DFO_3280_From_20080301_to_20080403,2008-03-01,2008-04-03,remote_event_centroid_with_isolated_pilot_pixel,low,2802.024,Jalan Tol Jakarta–Merak,motorway,688533089|562382056|509530222|509530223|406822995|406822996,332526386,316176020,0,250,0.75,0.05,coarse-modis-250m,1597878.71,0.991145,0.991145,0.0,0.0,0.0,unknown,excluded,event_context_not_jakarta
osm-332526397-332526399-0,DFO_3280_From_20080301_to_20080403,2008-03-01,2008-04-03,remote_event_centroid_with_isolated_pilot_pixel,low,41.86,Unnamed OSM road,primary_link,575742570,332526397,332526399,0,250,0.75,0.05,coarse-modis-250m,216538.696,0.968518,0.968518,0.0,0.0,0.0,unknown,excluded,event_context_not_jakarta
osm-332526399-4551163746-0,DFO_3280_From_20080301_to_20080403,2008-03-01,2008-04-03,remote_event_centroid_with_isolated_pilot_pixel,low,71.584,Jalan Arjuna Utara,primary,509530225|30177598,332526399,4551163746,0,250,0.75,0.05,coarse-modis-250m,230509.664,0.969551,0.969551,0.0,0.0,0.0,unknown,excluded,event_context_not_jakarta
osm-3415432182-11039838816-0,DFO_3280_From_20080301_to_20080403,2008-03-01,2008-04-03,remote_event_centroid_with_isolated_pilot_pixel,low,160.531,Jalan Matraman,primary,229358585|823712852|1168169733,3415432182,11039838816,0,250,0.75,0.05,coarse-modis-250m,276368.273,0.973759,0.973759,0.0,0.0,0.0,unknown,excluded,event_context_not_jakarta
osm-347509493-191505875-0,DFO_3280_From_20080301_to_20080403,2008-03-01,2008-04-03,remote_event_centroid_with_isolated_pilot_pixel,low,6.128,Jalan Pos,secondary,1502253538,347509493,191505875,0,250,0.75,0.05,coarse-modis-250m,199144.248,0.961573,0.961573,0.0,0.0,0.0,unknown,excluded,event_context_not_jakarta
osm-3507031383-310008087-0,DFO_3280_From_20080301_to_20080403,2008-03-01,2008-04-03,remote_event_centroid_with_isolated_pilot_pixel,low,45.439,Jalan Jatibaru,primary,803287868,3507031383,310008087,0,250,0.75,0.05,coarse-modis-250m,218812.011,0.964506,0.964506,0.0,0.0,0.0,unknown,excluded,event_context_not_jakarta
osm-3507893559-3507031383-0,DFO_3280_From_20080301_to_20080403,2008-03-01,2008-04-03,remote_event_centroid_with_isolated_pilot_pixel,low,33.898,Jalan Jatibaru,primary,193670995|1289622790,3507893559,3507031383,0,250,0.75,0.05,coarse-modis-250m,213037.962,0.963632,0.963632,0.0,0.0,0.0,unknown,excluded,event_context_not_jakarta
osm-351116570-393856976-0,DFO_3280_From_20080301_to_20080403,2008-03-01,2008-04-03,remote_event_centroid_with_isolated_pilot_pixel,low,45.065,Jalan Pangeran Jayakarta,secondary,1281346440,351116570,393856976,0,250,0.75,0.05,coarse-modis-250m,218624.866,0.964352,0.964352,0.0,0.0,0.0,unknown,excluded,event_context_not_jakarta
osm-352897075-352897081-0,DFO_3280_From_20080301_to_20080403,2008-03-01,2008-04-03,remote_event_centroid_with_isolated_pilot_pixel,low,50.774,Jalan Jatinegara Timur,primary,691270311,352897075,352897081,0,250,0.75,0.05,coarse-modis-250m,221480.949,0.96415,0.96415,0.0,0.0,0.0,unknown,excluded,event_context_not_jakarta
osm-352897081-9561821845-0,DFO_3280_From_20080301_to_20080403,2008-03-01,2008-04-03,remote_event_centroid_with_isolated_pilot_pixel,low,18.529,Jalan Jatinegara Timur,primary,691270311,352897081,9561821845,0,250,0.75,0.05,coarse-modis-250m,205348.657,0.962133,0.962133,0.0,0.0,0.0,unknown,excluded,event_context_not_jakarta
osm-352897085-13772607350-0,DFO_3280_From_20080301_to_20080403,2008-03-01,2008-04-03,remote_event_centroid_with_isolated_pilot_pixel,low,85.347,Jalan Jatinegara Timur,primary,691270311,352897085,13772607350,0,250,0.75,0.05,coarse-modis-250m,238661.597,0.967388,0.967388,0.0,0.0,0.0,unknown,excluded,event_context_not_jakarta
osm-352913456-8772028147-0,DFO_3280_From_20080301_to_20080403,2008-03-01,2008-04-03,remote_event_centroid_with_isolated_pilot_pixel,low,58.448,Jalan Otto Iskandar Dinata,primary,691253233,352913456,8772028147,0,250,0.75,0.05,coarse-modis-250m,225310.607,0.965231,0.965231,0.0,0.0,0.0,unknown,excluded,event_context_not_jakarta
osm-352913852-317191266-0,DFO_3280_From_20080301_to_20080403,2008-03-01,2008-04-03,remote_event_centroid_with_isolated_pilot_pixel,low,161.341,Jalan Jenderal Basuki Rahmat,primary,691242533|28851039,352913852,317191266,0,250,0.75,0.05,coarse-modis-250m,276797.379,0.971008,0.971008,0.0,0.0,0.0,unknown,excluded,event_context_not_jakarta
osm-352915237-4776087446-0,DFO_3280_From_20080301_to_20080403,2008-03-01,2008-04-03,remote_event_centroid_with_isolated_pilot_pixel,low,45.8,Jalan Otto Iskandar Dinata,primary,1282308980|28765421,352915237,4776087446,0,250,0.75,0.05,coarse-modis-250m,218992.374,0.964467,0.964467,0.0,0.0,0.0,unknown,excluded,event_context_not_jakarta
osm-352961150-9016841536-0,DFO_3280_From_20080301_to_20080403,2008-03-01,2008-04-03,remote_event_centroid_with_isolated_pilot_pixel,low,41.376,Jalan Pedurenan Masjid Raya,tertiary,392820646,352961150,9016841536,0,250,0.75,0.05,coarse-modis-250m,216779.208,0.963673,0.963673,0.0,0.0,0.0,unknown,excluded,event_context_not_jakarta
osm-353136203-13456492331-0,DFO_3280_From_20080301_to_20080403,2008-03-01,2008-04-03,remote_event_centroid_with_isolated_pilot_pixel,low,47.47,Jalan Profesor Doktor Satrio,primary,1090935277,353136203,13456492331,0,250,0.75,0.05,coarse-modis-250m,219827.132,0.964567,0.964567,0.0,0.0,0.0,unknown,excluded,event_context_not_jakarta
osm-3709514014-3709514015-0,DFO_3280_From_20080301_to_20080403,2008-03-01,2008-04-03,remote_event_centroid_with_isolated_pilot_pixel,low,49.605,Jalan Pangeran Jayakarta,secondary,1281346440,3709514014,3709514015,0,250,0.75,0.05,coarse-modis-250m,220896.273,0.964788,0.964788,0.0,0.0,0.0,unknown,excluded,event_context_not_jakarta
osm-3709514015-3709514017-0,DFO_3280_From_20080301_to_20080403,2008-03-01,2008-04-03,remote_event_centroid_with_isolated_pilot_pixel,low,74.234,Jalan Pangeran Jayakarta,secondary,1281346440,3709514015,3709514017,0,250,0.75,0.05,coarse-modis-250m,233218.482,0.96631,0.96631,0.0,0.0,0.0,unknown,excluded,event_context_not_jakarta
osm-3709514017-3709514018-0,DFO_3280_From_20080301_to_20080403,2008-03-01,2008-04-03,remote_event_centroid_with_isolated_pilot_pixel,low,44.162,Jalan Pangeran Jayakarta,secondary,1281346440,3709514017,3709514018,0,250,0.75,0.05,coarse-modis-250m,218173.009,0.964302,0.964302,0.0,0.0,0.0,unknown,excluded,event_context_not_jakarta
osm-3709514018-7112944949-0,DFO_3280_From_20080301_to_20080403,2008-03-01,2008-04-03,remote_event_centroid_with_isolated_pilot_pixel,low,27.105,Jalan Pangeran Jayakarta,secondary,1281346440,3709514018,7112944949,0,250,0.75,0.05,coarse-modis-250m,209639.045,0.962963,0.962963,0.0,0.0,0.0,unknown,excluded,event_context_not_jakarta
osm-3723599608-309880841-0,DFO_3280_From_20080301_to_20080403,2008-03-01,2008-04-03,remote_event_centroid_with_isolated_pilot_pixel,low,941.839,Jalan Tol Dalam Kota Jakarta,motorway,518966609|1220258257,3723599608,309880841,0,250,0.75,0.05,coarse-modis-250m,667247.679,0.985202,0.985202,0.0,0.0,0.0,unknown,excluded,event_context_not_jakarta
osm-3723599609-7070168315-0,DFO_3280_From_20080301_to_20080403,2008-03-01,2008-04-03,remote_event_centroid_with_isolated_pilot_pixel,low,199.895,Tol Dalam Kota Jakarta,motorway,514485760,3723599609,7070168315,0,250,0.75,0.05,coarse-modis-250m,296088.62,0.972596,0.972596,0.0,0.0,0.0,unknown,excluded,event_context_not_jakarta
osm-3723599610-3723599621-0,DFO_3280_From_20080301_to_20080403,2008-03-01,2008-04-03,remote_event_centroid_with_isolated_pilot_pixel,low,184.503,Unnamed OSM road,motorway_link,368501425,3723599610,3723599621,0,250,0.75,0.05,coarse-modis-250m,288291.028,0.972062,0.972062,0.0,0.0,0.0,unknown,excluded,event_context_not_jakarta
osm-3723599620-5372153155-0,DFO_3280_From_20080301_to_20080403,2008-03-01,2008-04-03,remote_event_centroid_with_isolated_pilot_pixel,low,44.165,Jalan Letnan Jenderal Siswondo Parman,trunk,688117572,3723599620,5372153155,0,250,0.75,0.05,coarse-modis-250m,218174.378,0.964264,0.964264,0.0,0.0,0.0,unknown,excluded,event_context_not_jakarta
osm-3723599621-4859114434-0,DFO_3280_From_20080301_to_20080403,2008-03-01,2008-04-03,remote_event_centroid_with_isolated_pilot_pixel,low,16.372,Jalan Letnan Jenderal Siswondo Parman,trunk,688087393,3723599621,4859114434,0,250,0.75,0.05,coarse-modis-250m,204269.108,0.962253,0.962253,0.0,0.0,0.0,unknown,excluded,event_context_not_jakarta
osm-3723634710-4152867179-0,DFO_3280_From_20080301_to_20080403,2008-03-01,2008-04-03,remote_event_centroid_with_isolated_pilot_pixel,low,420.065,Unnamed OSM road,motorway_link,368504608|1104824523,3723634710,4152867179,0,250,0.75,0.05,coarse-modis-250m,406064.63,0.978989,0.978989,0.0,0.0,0.0,unknown,excluded,event_context_not_jakarta
osm-3723634711-8132787924-0,DFO_3280_From_20080301_to_20080403,2008-03-01,2008-04-03,remote_event_centroid_with_isolated_pilot_pixel,low,1287.207,Jalan Tol Insinyur Wiyoto Wiyono,motorway,754381986,3723634711,8132787924,0,250,0.75,0.05,coarse-modis-250m,840086.646,0.987456,0.987456,0.0,0.0,0.0,unknown,excluded,event_context_not_jakarta
osm-3723635038-3723635056-0,DFO_3280_From_20080301_to_20080403,2008-03-01,2008-04-03,remote_event_centroid_with_isolated_pilot_pixel,low,516.907,Unnamed OSM road,motorway_link,685778041|368504610|368504613,3723635038,3723635056,0,250,0.75,0.05,coarse-modis-250m,454477.87,0.981235,0.981235,0.0,0.0,0.0,unknown,excluded,event_context_not_jakarta
osm-3723635056-3723634711-0,DFO_3280_From_20080301_to_20080403,2008-03-01,2008-04-03,remote_event_centroid_with_isolated_pilot_pixel,low,372.63,Jalan Tol Insinyur Wiyoto Wiyono,motorway,754381985|1221535620|1221535621,3723635056,3723634711,0,250,0.75,0.05,coarse-modis-250m,382497.933,0.97771,0.97771,0.0,0.0,0.0,unknown,excluded,event_context_not_jakarta
osm-3723635058-2415823492-0,DFO_3280_From_20080301_to_20080403,2008-03-01,2008-04-03,remote_event_centroid_with_isolated_pilot_pixel,low,330.744,Jalan Tol Insinyur Wiyoto Wiyono,motorway,754381984|1227523899|754381983,3723635058,2415823492,0,250,0.75,0.05,coarse-modis-250m,361541.695,0.97667,0.97667,0.0,0.0,0.0,unknown,excluded,event_context_not_jakarta
osm-3763648673-328965954-0,DFO_3280_From_20080301_to_20080403,2008-03-01,2008-04-03,remote_event_centroid_with_isolated_pilot_pixel,low,22.592,Jalan Letnan Jenderal Suprapto,primary,372816396,3763648673,328965954,0,250,0.75,0.05,coarse-modis-250m,207381.408,0.962901,0.962901,0.0,0.0,0.0,unknown,excluded,event_context_not_jakarta
osm-3869782797-13453045134-0,DFO_3280_From_20080301_to_20080403,2008-03-01,2008-04-03,remote_event_centroid_with_isolated_pilot_pixel,low,76.759,Jalan Brigadir Jenderal Katamso Darmokusumo,primary,745193778,3869782797,13453045134,0,250,0.75,0.05,coarse-modis-250m,234481.771,0.966404,0.966404,0.0,0.0,0.0,unknown,excluded,event_context_not_jakarta
osm-388023277-5670939322-0,DFO_3280_From_20080301_to_20080403,2008-03-01,2008-04-03,remote_event_centroid_with_isolated_pilot_pixel,low,45.472,Jalan Letnan Jenderal Siswondo Parman,trunk,688117573,388023277,5670939322,0,250,0.75,0.05,coarse-modis-250m,218828.355,0.964447,0.964447,0.0,0.0,0.0,unknown,excluded,event_context_not_jakarta
osm-388240366-6546950357-0,DFO_3280_From_20080301_to_20080403,2008-03-01,2008-04-03,remote_event_centroid_with_isolated_pilot_pixel,low,127.261,Jalan Jenderal Gatot Subroto,trunk,1249938306|28196828|1249938302,388240366,6546950357,0,250,0.75,0.05,coarse-modis-250m,259747.311,0.969457,0.969457,0.0,0.0,0.0,unknown,excluded,event_context_not_jakarta
osm-388240367-388240366-0,DFO_3280_From_20080301_to_20080403,2008-03-01,2008-04-03,remote_event_centroid_with_isolated_pilot_pixel,low,150.245,Jalan Jenderal Gatot Subroto,trunk,652204585,388240367,388240366,0,250,0.75,0.05,coarse-modis-250m,271247.998,0.970466,0.970466,0.0,0.0,0.0,unknown,excluded,event_context_not_jakarta
osm-393856973-6322395865-0,DFO_3280_From_20080301_to_20080403,2008-03-01,2008-04-03,remote_event_centroid_with_isolated_pilot_pixel,low,16.736,Jalan Pangeran Jayakarta,secondary,1294695407,393856973,6322395865,0,250,0.75,0.05,coarse-modis-250m,204451.268,0.962233,0.962233,0.0,0.0,0.0,unknown,excluded,event_context_not_jakarta
osm-393856974-10732635788-0,DFO_3280_From_20080301_to_20080403,2008-03-01,2008-04-03,remote_event_centroid_with_isolated_pilot_pixel,low,29.015,Jalan Pangeran Jayakarta,secondary,1281346440,393856974,10732635788,0,250,0.75,0.05,coarse-modis-250m,210594.979,0.963313,0.963313,0.0,0.0,0.0,unknown,excluded,event_context_not_jakarta
osm-393856976-3709514014-0,DFO_3280_From_20080301_to_20080403,2008-03-01,2008-04-03,remote_event_centroid_with_isolated_pilot_pixel,low,53.276,Jalan Pangeran Jayakarta,secondary,1281346440,393856976,3709514014,0,250,0.75,0.05,coarse-modis-250m,222732.779,0.964972,0.964972,0.0,0.0,0.0,unknown,excluded,event_context_not_jakarta
osm-393861915-6322396585-0,DFO_3280_From_20080301_to_20080403,2008-03-01,2008-04-03,remote_event_centroid_with_isolated_pilot_pixel,low,20.989,Jalan Pangeran Jayakarta,secondary,1294695408,393861915,6322396585,0,250,0.75,0.05,coarse-modis-250m,206579.237,0.962443,0.962443,0.0,0.0,0.0,unknown,excluded,event_context_not_jakarta
osm-3981137758-8995440646-0,DFO_3280_From_20080301_to_20080403,2008-03-01,2008-04-03,remote_event_centroid_with_isolated_pilot_pixel,low,2.985,Jalan Kebon Sirih,primary,18056345,3981137758,8995440646,0,250,0.75,0.05,coarse-modis-250m,197571.452,0.960817,0.960817,0.0,0.0,0.0,unknown,excluded,event_context_not_jakarta
osm-4152867155-317190987-0,DFO_3280_From_20080301_to_20080403,2008-03-01,2008-04-03,remote_event_centroid_with_isolated_pilot_pixel,low,118.706,Jalan Jenderal Basuki Rahmat,primary,691258747,4152867155,317190987,0,250,0.75,0.05,coarse-modis-250m,255457.323,0.969026,0.969026,0.0,0.0,0.0,unknown,excluded,event_context_not_jakarta
osm-4152867163-6430860592-0,DFO_3280_From_20080301_to_20080403,2008-03-01,2008-04-03,remote_event_centroid_with_isolated_pilot_pixel,low,46.486,Unnamed OSM road,trunk_link,28851150,4152867163,6430860592,0,250,0.75,0.05,coarse-modis-250m,219327.736,0.964659,0.964659,0.0,0.0,0.0,unknown,excluded,event_context_not_jakarta
osm-4152867172-4152867155-0,DFO_3280_From_20080301_to_20080403,2008-03-01,2008-04-03,remote_event_centroid_with_isolated_pilot_pixel,low,564.97,Jalan Jenderal Basuki Rahmat,primary,28847153|751720306|28847154|1525925078,4152867172,4152867155,0,250,0.75,0.05,coarse-modis-250m,478683.122,0.981649,0.981649,0.0,0.0,0.0,unknown,excluded,event_context_not_jakarta
osm-4152867179-6331233983-0,DFO_3280_From_20080301_to_20080403,2008-03-01,2008-04-03,remote_event_centroid_with_isolated_pilot_pixel,low,20.637,Jalan D. I. Panjaitan,trunk,1288928358,4152867179,6331233983,0,250,0.75,0.05,coarse-modis-250m,206403.089,0.962423,0.962423,0.0,0.0,0.0,unknown,excluded,event_context_not_jakarta
osm-4152867689-4914353893-0,DFO_3280_From_20080301_to_20080403,2008-03-01,2008-04-03,remote_event_centroid_with_isolated_pilot_pixel,low,65.4,Jalan D. I. Panjaitan,trunk,685347200,4152867689,4914353893,0,250,0.75,0.05,coarse-modis-250m,228785.191,0.965781,0.965781,0.0,0.0,0.0,unknown,excluded,event_context_not_jakarta
osm-4235574904-4235574906-0,DFO_3280_From_20080301_to_20080403,2008-03-01,2008-04-03,remote_event_centroid_with_isolated_pilot_pixel,low,70.754,Jalan Penjernihan 1,primary,28779908,4235574904,4235574906,0,250,0.75,0.05,coarse-modis-250m,231477.308,0.965823,0.965823,0.0,0.0,0.0,unknown,excluded,event_context_not_jakarta
osm-4235574906-5377177680-0,DFO_3280_From_20080301_to_20080403,2008-03-01,2008-04-03,remote_event_centroid_with_isolated_pilot_pixel,low,167.264,Jalan Penjernihan 1,primary,169300296|28779908|169300294,4235574906,5377177680,0,250,0.75,0.05,coarse-modis-250m,279721.128,0.971057,0.971057,0.0,0.0,0.0,unknown,excluded,event_context_not_jakarta
osm-4258201115-3415432182-0,DFO_3280_From_20080301_to_20080403,2008-03-01,2008-04-03,remote_event_centroid_with_isolated_pilot_pixel,low,44.867,Jalan Matraman,primary,1301960076,4258201115,3415432182,0,250,0.75,0.05,coarse-modis-250m,218525.966,0.964405,0.964405,0.0,0.0,0.0,unknown,excluded,event_context_not_jakarta
osm-4260761277-11899737707-0,DFO_3280_From_20080301_to_20080403,2008-03-01,2008-04-03,remote_event_centroid_with_isolated_pilot_pixel,low,16.969,Jalan Jatinegara Timur,primary,1282308966,4260761277,11899737707,0,250,0.75,0.05,coarse-modis-250m,204567.72,0.962202,0.962202,0.0,0.0,0.0,unknown,excluded,event_context_not_jakarta
osm-4269900330-11350075105-0,DFO_3280_From_20080301_to_20080403,2008-03-01,2008-04-03,remote_event_centroid_with_isolated_pilot_pixel,low,17.693,Jalan Insinyur Haji Juanda,secondary,696175332,4269900330,11350075105,0,250,0.75,0.05,coarse-modis-250m,204930.159,0.962235,0.962235,0.0,0.0,0.0,unknown,excluded,event_context_not_jakarta
osm-430546287-12736661061-0,DFO_3280_From_20080301_to_20080403,2008-03-01,2008-04-03,remote_event_centroid_with_isolated_pilot_pixel,low,69.246,Jalan Utan Panjang Raya,primary,37018601|765699421|765699422|510396471,430546287,12736661061,0,250,0.75,0.05,coarse-modis-250m,230718.485,0.972163,0.972163,0.0,0.0,0.0,unknown,excluded,event_context_not_jakarta
osm-430546294-430546307-0,DFO_3280_From_20080301_to_20080403,2008-03-01,2008-04-03,remote_event_centroid_with_isolated_pilot_pixel,low,20.054,Jalan Garuda,secondary,37018609,430546294,430546307,0,250,0.75,0.05,coarse-modis-250m,206111.429,0.962415,0.962415,0.0,0.0,0.0,unknown,excluded,event_context_not_jakarta
osm-430546307-430546319-0,DFO_3280_From_20080301_to_20080403,2008-03-01,2008-04-03,remote_event_centroid_with_isolated_pilot_pixel,low,18.659,Jalan Kemayoran Gempol,secondary,736957432,430546307,430546319,0,250,0.75,0.05,coarse-modis-250m,205413.433,0.96241,0.96241,0.0,0.0,0.0,unknown,excluded,event_context_not_jakarta
osm-430546319-12754553920-0,DFO_3280_From_20080301_to_20080403,2008-03-01,2008-04-03,remote_event_centroid_with_isolated_pilot_pixel,low,26.941,Jalan Kemayoran Gempol,secondary,736957432,430546319,12754553920,0,250,0.75,0.05,coarse-modis-250m,209553.706,0.963125,0.963125,0.0,0.0,0.0,unknown,excluded,event_context_not_jakarta
osm-4404259357-4556570177-0,DFO_3280_From_20080301_to_20080403,2008-03-01,2008-04-03,remote_event_centroid_with_isolated_pilot_pixel,low,93.207,Jalan Jenderal Gatot Subroto,trunk,562407886,4404259357,4556570177,0,250,0.75,0.05,coarse-modis-250m,242710.661,0.967503,0.967503,0.0,0.0,0.0,unknown,excluded,event_context_not_jakarta
osm-4466078450-315684305-0,DFO_3280_From_20080301_to_20080403,2008-03-01,2008-04-03,remote_event_centroid_with_isolated_pilot_pixel,low,7.184,Jalan Suryopranoto,primary,1243496204,4466078450,315684305,0,250,0.75,0.05,coarse-modis-250m,199672.345,0.96128,0.96128,0.0,0.0,0.0,unknown,excluded,event_context_not_jakarta
osm-4466384616-328320081-0,DFO_3280_From_20080301_to_20080403,2008-03-01,2008-04-03,remote_event_centroid_with_isolated_pilot_pixel,low,25.516,Jalan Perintis Kemerdekaan,trunk,533111361|28774450,4466384616,328320081,0,250,0.75,0.05,coarse-modis-250m,208844.167,0.963366,0.963366,0.0,0.0,0.0,unknown,excluded,event_context_not_jakarta
osm-4466384617-5466187936-0,DFO_3280_From_20080301_to_20080403,2008-03-01,2008-04-03,remote_event_centroid_with_isolated_pilot_pixel,low,234.137,Jalan Yos Sudarso,trunk,508942939|1527569132,4466384617,5466187936,0,250,0.75,0.05,coarse-modis-250m,313219.728,0.973784,0.973784,0.0,0.0,0.0,unknown,excluded,event_context_not_jakarta
osm-4476152430-4546109600-0,DFO_3280_From_20080301_to_20080403,2008-03-01,2008-04-03,remote_event_centroid_with_isolated_pilot_pixel,low,27.133,Jalan Kebon Sirih,primary,756138856|630466957,4476152430,4546109600,0,250,0.75,0.05,coarse-modis-250m,209652.934,0.962679,0.962679,0.0,0.0,0.0,unknown,excluded,event_context_not_jakarta
osm-4488259486-4476152430-0,DFO_3280_From_20080301_to_20080403,2008-03-01,2008-04-03,remote_event_centroid_with_isolated_pilot_pixel,low,30.622,Jalan Kebon Sirih,primary,450695536,4488259486,4476152430,0,250,0.75,0.05,coarse-modis-250m,211398.402,0.963486,0.963486,0.0,0.0,0.0,unknown,excluded,event_context_not_jakarta
osm-4499976535-4499997606-0,DFO_3280_From_20080301_to_20080403,2008-03-01,2008-04-03,remote_event_centroid_with_isolated_pilot_pixel,low,72.171,Jalan Kyai Haji Mas Mansyur,primary,699354251,4499976535,4499997606,0,250,0.75,0.05,coarse-modis-250m,232185.317,0.966174,0.966174,0.0,0.0,0.0,unknown,excluded,event_context_not_jakarta
osm-4499997606-8208701324-0,DFO_3280_From_20080301_to_20080403,2008-03-01,2008-04-03,remote_event_centroid_with_isolated_pilot_pixel,low,4.948,Jalan Kyai Haji Mas Mansyur,primary,699354251,4499997606,8208701324,0,250,0.75,0.05,coarse-modis-250m,198553.479,0.961221,0.961221,0.0,0.0,0.0,unknown,excluded,event_context_not_jakarta
osm-4502070108-5436662071-0,DFO_3280_From_20080301_to_20080403,2008-03-01,2008-04-03,remote_event_centroid_with_isolated_pilot_pixel,low,83.117,Jalan Mitra Sunter Boulevard,secondary,453477916,4502070108,5436662071,0,250,0.75,0.05,coarse-modis-250m,237661.191,0.966906,0.966906,0.0,0.0,0.0,unknown,excluded,event_context_not_jakarta
osm-4502070116-7104997606-0,DFO_3280_From_20080301_to_20080403,2008-03-01,2008-04-03,remote_event_centroid_with_isolated_pilot_pixel,low,4.727,Jalan Mitra Sunter Boulevard,secondary,1225488988,4502070116,7104997606,0,250,0.75,0.05,coarse-modis-250m,198443.065,0.961309,0.961309,0.0,0.0,0.0,unknown,excluded,event_context_not_jakarta
osm-4502213975-4502213976-0,DFO_3280_From_20080301_to_20080403,2008-03-01,2008-04-03,remote_event_centroid_with_isolated_pilot_pixel,low,16.034,Unnamed OSM road,secondary_link,453493773,4502213975,4502213976,0,250,0.75,0.05,coarse-modis-250m,203249.524,0.968954,0.968954,0.0,0.0,0.0,unknown,excluded,event_context_not_jakarta
osm-4502213976-9699963783-0,DFO_3280_From_20080301_to_20080403,2008-03-01,2008-04-03,remote_event_centroid_with_isolated_pilot_pixel,low,36.597,Jalan Mitra Sunter Boulevard,secondary,696654482,4502213976,9699963783,0,250,0.75,0.05,coarse-modis-250m,214388.093,0.964012,0.964012,0.0,0.0,0.0,unknown,excluded,event_context_not_jakarta
osm-4502213977-4502213979-0,DFO_3280_From_20080301_to_20080403,2008-03-01,2008-04-03,remote_event_centroid_with_isolated_pilot_pixel,low,31.877,Jalan Boulevard Barat,secondary,39741723,4502213977,4502213979,0,250,0.75,0.05,coarse-modis-250m,212026.836,0.963464,0.963464,0.0,0.0,0.0,unknown,excluded,event_context_not_jakarta
osm-4502213979-4502214206-0,DFO_3280_From_20080301_to_20080403,2008-03-01,2008-04-03,remote_event_centroid_with_isolated_pilot_pixel,low,148.497,Jalan Boulevard Barat,secondary,989332721|759677174,4502213979,4502214206,0,250,0.75,0.05,coarse-modis-250m,270373.405,0.970371,0.970371,0.0,0.0,0.0,unknown,excluded,event_context_not_jakarta
osm-4502214206-4502214225-0,DFO_3280_From_20080301_to_20080403,2008-03-01,2008-04-03,remote_event_centroid_with_isolated_pilot_pixel,low,6.695,Jalan Boulevard Barat,secondary,759677173,4502214206,4502214225,0,250,0.75,0.05,coarse-modis-250m,199427.882,0.961505,0.961505,0.0,0.0,0.0,unknown,excluded,event_context_not_jakarta
osm-4502214222-4502214223-0,DFO_3280_From_20080301_to_20080403,2008-03-01,2008-04-03,remote_event_centroid_with_isolated_pilot_pixel,low,7.753,Jalan Boulevard Barat,secondary,759677173,4502214222,4502214223,0,250,0.75,0.05,coarse-modis-250m,199957.166,0.961469,0.961469,0.0,0.0,0.0,unknown,excluded,event_context_not_jakarta
osm-4502214223-7096117327-0,DFO_3280_From_20080301_to_20080403,2008-03-01,2008-04-03,remote_event_centroid_with_isolated_pilot_pixel,low,13.173,Jalan Boulevard Barat,secondary,759677173,4502214223,7096117327,0,250,0.75,0.05,coarse-modis-250m,202668.943,0.961867,0.961867,0.0,0.0,0.0,unknown,excluded,event_context_not_jakarta
osm-4502214225-4502214222-0,DFO_3280_From_20080301_to_20080403,2008-03-01,2008-04-03,remote_event_centroid_with_isolated_pilot_pixel,low,63.932,Jalan Boulevard Barat,secondary,759677173,4502214225,4502214222,0,250,0.75,0.05,coarse-modis-250m,228064.135,0.965752,0.965752,0.0,0.0,0.0,unknown,excluded,event_context_not_jakarta
osm-4504091329-7241544817-0,DFO_3280_From_20080301_to_20080403,2008-03-01,2008-04-03,remote_event_centroid_with_isolated_pilot_pixel,low,12.96,Jalan Pemuda,primary,28775346,4504091329,7241544817,0,250,0.75,0.05,coarse-modis-250m,202562.231,0.961717,0.961717,0.0,0.0,0.0,unknown,excluded,event_context_not_jakarta
osm-4505735373-1163404654-0,DFO_3280_From_20080301_to_20080403,2008-03-01,2008-04-03,remote_event_centroid_with_isolated_pilot_pixel,low,9.458,Jalan Letnan Jenderal Suprapto,primary,755340964,4505735373,1163404654,0,250,0.75,0.05,coarse-modis-250m,200810.117,0.961566,0.961566,0.0,0.0,0.0,unknown,excluded,event_context_not_jakarta
osm-4507955830-4507955831-0,DFO_3280_From_20080301_to_20080403,2008-03-01,2008-04-03,remote_event_centroid_with_isolated_pilot_pixel,low,50.819,Unnamed OSM road,primary_link,454203125,4507955830,4507955831,0,250,0.75,0.05,coarse-modis-250m,216698.275,0.767657,0.767657,0.0,0.0,0.0,unknown,excluded,event_context_not_jakarta
osm-4507955831-5205645925-0,DFO_3280_From_20080301_to_20080403,2008-03-01,2008-04-03,remote_event_centroid_with_isolated_pilot_pixel,low,70.316,Jalan Profesor Doktor Satrio,primary,454203124,4507955831,5205645925,0,250,0.75,0.05,coarse-modis-250m,231258.51,0.771476,0.771476,0.0,0.0,0.0,unknown,excluded,event_context_not_jakarta
osm-4507989466-10090309233-0,DFO_3280_From_20080301_to_20080403,2008-03-01,2008-04-03,remote_event_centroid_with_isolated_pilot_pixel,low,60.079,Jalan Profesor Doktor Satrio,primary,454203124,4507989466,10090309233,0,250,0.75,0.05,coarse-modis-250m,226136.607,0.768818,0.768818,0.0,0.0,0.0,unknown,excluded,event_context_not_jakarta
osm-4529694108-317157768-0,DFO_3280_From_20080301_to_20080403,2008-03-01,2008-04-03,remote_event_centroid_with_isolated_pilot_pixel,low,570.393,Jalan Profesor Doktor Satrio,primary,28213347|1343709123|28847238|699354471,4529694108,317157768,0,250,0.75,0.05,coarse-modis-250m,481434.851,0.768927,0.768927,0.0,0.0,0.0,unknown,excluded,event_context_not_jakarta
osm-454066598-4502070108-0,DFO_3280_From_20080301_to_20080403,2008-03-01,2008-04-03,remote_event_centroid_with_isolated_pilot_pixel,low,16.805,Jalan Mitra Sunter Boulevard,secondary,453477916,454066598,4502070108,0,250,0.75,0.05,coarse-modis-250m,204485.73,0.962191,0.962191,0.0,0.0,0.0,unknown,excluded,event_context_not_jakarta
osm-4541302315-6332686268-0,DFO_3280_From_20080301_to_20080403,2008-03-01,2008-04-03,remote_event_centroid_with_isolated_pilot_pixel,low,79.312,Jalan Jatinegara Timur,primary,11671655,4541302315,6332686268,0,250,0.75,0.05,coarse-modis-250m,235672.072,0.96689,0.96689,0.0,0.0,0.0,unknown,excluded,event_context_not_jakarta
osm-4546076824-186669834-0,DFO_3280_From_20080301_to_20080403,2008-03-01,2008-04-03,remote_event_centroid_with_isolated_pilot_pixel,low,66.932,Jalan Kebon Sirih,primary,248618360,4546076824,186669834,0,250,0.75,0.05,coarse-modis-250m,229565.162,0.965913,0.965913,0.0,0.0,0.0,unknown,excluded,event_context_not_jakarta
osm-4546100816-9144167875-0,DFO_3280_From_20080301_to_20080403,2008-03-01,2008-04-03,remote_event_centroid_with_isolated_pilot_pixel,low,297.757,Jalan Kebon Sirih,primary,28216264,4546100816,9144167875,0,250,0.75,0.05,coarse-modis-250m,345026.066,0.975785,0.975785,0.0,0.0,0.0,unknown,excluded,event_context_not_jakarta
osm-4546109600-7062375566-0,DFO_3280_From_20080301_to_20080403,2008-03-01,2008-04-03,remote_event_centroid_with_isolated_pilot_pixel,low,26.626,Jalan Kebon Sirih,primary,756138856,4546109600,7062375566,0,250,0.75,0.05,coarse-modis-250m,209255.367,0.964008,0.964008,0.0,0.0,0.0,unknown,excluded,event_context_not_jakarta
osm-4548266264-1342879017-0,DFO_3280_From_20080301_to_20080403,2008-03-01,2008-04-03,remote_event_centroid_with_isolated_pilot_pixel,low,171.182,Jalan Perintis Kemerdekaan,trunk,691337120|458897457,4548266264,1342879017,0,250,0.75,0.05,coarse-modis-250m,281686.386,0.971284,0.971284,0.0,0.0,0.0,unknown,excluded,event_context_not_jakarta
osm-4548266267-9527050428-0,DFO_3280_From_20080301_to_20080403,2008-03-01,2008-04-03,remote_event_centroid_with_isolated_pilot_pixel,low,71.759,Jalan Perintis Kemerdekaan,trunk,427815402,4548266267,9527050428,0,250,0.75,0.05,coarse-modis-250m,231979.969,0.966173,0.966173,0.0,0.0,0.0,unknown,excluded,event_context_not_jakarta
osm-4548266741-1163404589-0,DFO_3280_From_20080301_to_20080403,2008-03-01,2008-04-03,remote_event_centroid_with_isolated_pilot_pixel,low,54.659,Jalan Tanah Tinggi Barat,primary,745207256,4548266741,1163404589,0,250,0.75,0.05,coarse-modis-250m,223424.848,0.965062,0.965062,0.0,0.0,0.0,unknown,excluded,event_context_not_jakarta
osm-4548266748-6459323552-0,DFO_3280_From_20080301_to_20080403,2008-03-01,2008-04-03,remote_event_centroid_with_isolated_pilot_pixel,low,1011.588,Jalan Letnan Jenderal Suprapto,primary,1528624384|1526148738|561430258|458897465|458897466|688708541|688708543,4548266748,6459323552,0,250,0.75,0.05,coarse-modis-250m,702160.183,0.985878,0.985878,0.0,0.0,0.0,unknown,excluded,event_context_not_jakarta
osm-4548266763-12745135294-0,DFO_3280_From_20080301_to_20080403,2008-03-01,2008-04-03,remote_event_centroid_with_isolated_pilot_pixel,low,13.067,Jalan Kramat Kwitang,primary,749318590,4548266763,12745135294,0,250,0.75,0.05,coarse-modis-250m,202615.946,0.961949,0.961949,0.0,0.0,0.0,unknown,excluded,event_context_not_jakarta
osm-4548266767-5374282155-0,DFO_3280_From_20080301_to_20080403,2008-03-01,2008-04-03,remote_event_centroid_with_isolated_pilot_pixel,low,86.851,Jalan Arief Rachman Hakim,primary,749318625|674371738|487370075,4548266767,5374282155,0,250,0.75,0.05,coarse-modis-250m,239502.665,0.96812,0.96812,0.0,0.0,0.0,unknown,excluded,event_context_not_jakarta
osm-4548266823-5013211786-0,DFO_3280_From_20080301_to_20080403,2008-03-01,2008-04-03,remote_event_centroid_with_isolated_pilot_pixel,low,149.353,Jalan Insinyur Haji Juanda,secondary,11670123,4548266823,5013211786,0,250,0.75,0.05,coarse-modis-250m,270787.593,0.970185,0.970185,0.0,0.0,0.0,unknown,excluded,event_context_not_jakarta
osm-4548267014-4548267015-0,DFO_3280_From_20080301_to_20080403,2008-03-01,2008-04-03,remote_event_centroid_with_isolated_pilot_pixel,low,208.628,Jalan Perintis Kemerdekaan,trunk,427815402,4548267014,4548267015,0,250,0.75,0.05,coarse-modis-250m,300435.276,0.973147,0.973147,0.0,0.0,0.0,unknown,excluded,event_context_not_jakarta
osm-4548267015-1417319126-0,DFO_3280_From_20080301_to_20080403,2008-03-01,2008-04-03,remote_event_centroid_with_isolated_pilot_pixel,low,32.302,Jalan Perintis Kemerdekaan,trunk,427815402,4548267015,1417319126,0,250,0.75,0.05,coarse-modis-250m,212238.96,0.963358,0.963358,0.0,0.0,0.0,unknown,excluded,event_context_not_jakarta
osm-4551137763-7140161059-0,DFO_3280_From_20080301_to_20080403,2008-03-01,2008-04-03,remote_event_centroid_with_isolated_pilot_pixel,low,90.368,Jalan Bekasi Raya,trunk,119540281,4551137763,7140161059,0,250,0.75,0.05,coarse-modis-250m,241290.695,0.967273,0.967273,0.0,0.0,0.0,unknown,excluded,event_context_not_jakarta
osm-4551163746-4551163784-0,DFO_3280_From_20080301_to_20080403,2008-03-01,2008-04-03,remote_event_centroid_with_isolated_pilot_pixel,low,80.398,Unnamed OSM road,primary_link,723778120,4551163746,4551163784,0,250,0.75,0.05,coarse-modis-250m,236187.683,0.967688,0.967688,0.0,0.0,0.0,unknown,excluded,event_context_not_jakarta
osm-4551163746-5506920811-0,DFO_3280_From_20080301_to_20080403,2008-03-01,2008-04-03,remote_event_centroid_with_isolated_pilot_pixel,low,10.584,Jalan Arjuna Utara,primary,973979024,4551163746,5506920811,0,250,0.75,0.05,coarse-modis-250m,201364.6,0.965869,0.965869,0.0,0.0,0.0,unknown,excluded,event_context_not_jakarta
osm-4551163784-4551163787-0,DFO_3280_From_20080301_to_20080403,2008-03-01,2008-04-03,remote_event_centroid_with_isolated_pilot_pixel,low,102.125,Unnamed OSM road,motorway_link,30177595,4551163784,4551163787,0,250,0.75,0.05,coarse-modis-250m,243990.799,0.972428,0.972428,0.0,0.0,0.0,unknown,excluded,event_context_not_jakarta
osm-4551163787-332526386-0,DFO_3280_From_20080301_to_20080403,2008-03-01,2008-04-03,remote_event_centroid_with_isolated_pilot_pixel,low,51.736,Unnamed OSM road,motorway_link,758174292,4551163787,332526386,0,250,0.75,0.05,coarse-modis-250m,221962.272,0.96475,0.96475,0.0,0.0,0.0,unknown,excluded,event_context_not_jakarta
osm-4556570177-9531434128-0,DFO_3280_From_20080301_to_20080403,2008-03-01,2008-04-03,remote_event_centroid_with_isolated_pilot_pixel,low,27.381,Unnamed OSM road,service,751715002|760235331,4556570177,9531434128,0,250,0.75,0.05,coarse-modis-250m,209776.498,0.963073,0.963073,0.0,0.0,0.0,unknown,excluded,event_context_not_jakarta
osm-4564612508-1363190326-0,DFO_3280_From_20080301_to_20080403,2008-03-01,2008-04-03,remote_event_centroid_with_isolated_pilot_pixel,low,49.544,Jalan Kyai Haji Mas Mansyur,primary,28219053,4564612508,1363190326,0,250,0.75,0.05,coarse-modis-250m,220864.257,0.893817,0.893817,0.0,0.0,0.0,unknown,excluded,event_context_not_jakarta
osm-4564847177-4871926648-0,DFO_3280_From_20080301_to_20080403,2008-03-01,2008-04-03,remote_event_centroid_with_isolated_pilot_pixel,low,17.733,Jalan Profesor Doktor Satrio,primary,454203124,4564847177,4871926648,0,250,0.75,0.05,coarse-modis-250m,204950.042,0.843344,0.843344,0.0,0.0,0.0,unknown,excluded,event_context_not_jakarta
osm-4564851111-4564851115-0,DFO_3280_From_20080301_to_20080403,2008-03-01,2008-04-03,remote_event_centroid_with_isolated_pilot_pixel,low,41.469,Jalan Profesor Doktor Satrio,primary,454203124,4564851111,4564851115,0,250,0.75,0.05,coarse-modis-250m,216825.599,0.809935,0.809935,0.0,0.0,0.0,unknown,excluded,event_context_not_jakarta
osm-4564851115-4564847177-0,DFO_3280_From_20080301_to_20080403,2008-03-01,2008-04-03,remote_event_centroid_with_isolated_pilot_pixel,low,17.701,Jalan Profesor Doktor Satrio,primary,454203124,4564851115,4564847177,0,250,0.75,0.05,coarse-modis-250m,204934.129,0.832898,0.832898,0.0,0.0,0.0,unknown,excluded,event_context_not_jakarta
osm-4566501487-6334659081-0,DFO_3280_From_20080301_to_20080403,2008-03-01,2008-04-03,remote_event_centroid_with_isolated_pilot_pixel,low,158.343,Jalan Kemayoran Gempol,secondary,736957432,4566501487,6334659081,0,250,0.75,0.05,coarse-modis-250m,275299.089,0.970847,0.970847,0.0,0.0,0.0,unknown,excluded,event_context_not_jakarta
osm-4566501796-6334537720-0,DFO_3280_From_20080301_to_20080403,2008-03-01,2008-04-03,remote_event_centroid_with_isolated_pilot_pixel,low,31.222,Jalan Benyamin Sueb,primary,749995400,4566501796,6334537720,0,250,0.75,0.05,coarse-modis-250m,211699.165,0.963356,0.963356,0.0,0.0,0.0,unknown,excluded,event_context_not_jakarta
osm-4566501805-4566501808-0,DFO_3280_From_20080301_to_20080403,2008-03-01,2008-04-03,remote_event_centroid_with_isolated_pilot_pixel,low,124.793,Jalan Benyamin Sueb,primary,461101935,4566501805,4566501808,0,250,0.75,0.05,coarse-modis-250m,258513.932,0.969251,0.969251,0.0,0.0,0.0,unknown,excluded,event_context_not_jakarta
osm-4566501806-4566501807-0,DFO_3280_From_20080301_to_20080403,2008-03-01,2008-04-03,remote_event_centroid_with_isolated_pilot_pixel,low,80.641,Jalan Benyamin Sueb,secondary,461101937,4566501806,4566501807,0,250,0.75,0.05,coarse-modis-250m,236424.178,0.966799,0.966799,0.0,0.0,0.0,unknown,excluded,event_context_not_jakarta
osm-4566501807-4566501808-0,DFO_3280_From_20080301_to_20080403,2008-03-01,2008-04-03,remote_event_centroid_with_isolated_pilot_pixel,low,25.385,Unnamed OSM road,primary_link,461101932,4566501807,4566501808,0,250,0.75,0.05,coarse-modis-250m,208778.763,0.962876,0.962876,0.0,0.0,0.0,unknown,excluded,event_context_not_jakarta
osm-4566501808-4566501816-0,DFO_3280_From_20080301_to_20080403,2008-03-01,2008-04-03,remote_event_centroid_with_isolated_pilot_pixel,low,51.499,Jalan Benyamin Sueb,primary,461101935,4566501808,4566501816,0,250,0.75,0.05,coarse-modis-250m,221841.911,0.965121,0.965121,0.0,0.0,0.0,unknown,excluded,event_context_not_jakarta
osm-4566501813-4566501888-0,DFO_3280_From_20080301_to_20080403,2008-03-01,2008-04-03,remote_event_centroid_with_isolated_pilot_pixel,low,86.934,Jalan Benyamin Sueb,primary,100992854,4566501813,4566501888,0,250,0.75,0.05,coarse-modis-250m,239569.559,0.96716,0.96716,0.0,0.0,0.0,unknown,excluded,event_context_not_jakarta
osm-4566501816-4566501813-0,DFO_3280_From_20080301_to_20080403,2008-03-01,2008-04-03,remote_event_centroid_with_isolated_pilot_pixel,low,31.87,Unnamed OSM road,primary_link,1122535985,4566501816,4566501813,0,250,0.75,0.05,coarse-modis-250m,209924.699,0.973114,0.973114,0.0,0.0,0.0,unknown,excluded,event_context_not_jakarta
osm-4621777203-6135130582-0,DFO_3280_From_20080301_to_20080403,2008-03-01,2008-04-03,remote_event_centroid_with_isolated_pilot_pixel,low,75.201,Jalan Jenderal Gatot Subroto,primary,28229340,4621777203,6135130582,0,250,0.75,0.05,coarse-modis-250m,233702.076,0.966516,0.966516,0.0,0.0,0.0,unknown,excluded,event_context_not_jakarta
osm-4637530511-4637530516-0,DFO_3280_From_20080301_to_20080403,2008-03-01,2008-04-03,remote_event_centroid_with_isolated_pilot_pixel,low,8.465,Jalan Jenderal Gatot Subroto,primary,28229340,4637530511,4637530516,0,250,0.75,0.05,coarse-modis-250m,200313.091,0.961624,0.961624,0.0,0.0,0.0,unknown,excluded,event_context_not_jakarta
osm-4637530516-4621777203-0,DFO_3280_From_20080301_to_20080403,2008-03-01,2008-04-03,remote_event_centroid_with_isolated_pilot_pixel,low,14.828,Jalan Jenderal Gatot Subroto,primary,28229340,4637530516,4621777203,0,250,0.75,0.05,coarse-modis-250m,203496.654,0.962082,0.962082,0.0,0.0,0.0,unknown,excluded,event_context_not_jakarta
osm-4658384434-8502330159-0,DFO_3280_From_20080301_to_20080403,2008-03-01,2008-04-03,remote_event_centroid_with_isolated_pilot_pixel,low,30.214,Jalan Jenderal Basuki Rahmat,primary,28847119,4658384434,8502330159,0,250,0.75,0.05,coarse-modis-250m,211166.558,0.963345,0.963345,0.0,0.0,0.0,unknown,excluded,event_context_not_jakarta
osm-4666245577-4800316715-0,DFO_3280_From_20080301_to_20080403,2008-03-01,2008-04-03,remote_event_centroid_with_isolated_pilot_pixel,low,108.797,Jalan Cipinang Cempedak I,residential,472413354|1499931370,4666245577,4800316715,0,250,0.75,0.05,coarse-modis-250m,250510.122,0.96841,0.96841,0.0,0.0,0.0,unknown,excluded,event_context_not_jakarta
osm-4666246415-4666245577-0,DFO_3280_From_20080301_to_20080403,2008-03-01,2008-04-03,remote_event_centroid_with_isolated_pilot_pixel,low,30.252,Jalan Cipinang Cempedak I,residential,472413396,4666246415,4666245577,0,250,0.75,0.05,coarse-modis-250m,211213.548,0.962945,0.962945,0.0,0.0,0.0,unknown,excluded,event_context_not_jakarta
osm-4666246417-4666246415-0,DFO_3280_From_20080301_to_20080403,2008-03-01,2008-04-03,remote_event_centroid_with_isolated_pilot_pixel,low,92.371,Jalan Cipinang Cempedak II,residential,1499931369|472413398,4666246417,4666246415,0,250,0.75,0.05,coarse-modis-250m,242291.823,0.967464,0.967464,0.0,0.0,0.0,unknown,excluded,event_context_not_jakarta
osm-4696797079-2836706758-0,DFO_3280_From_20080301_to_20080403,2008-03-01,2008-04-03,remote_event_centroid_with_isolated_pilot_pixel,low,57.937,Jalan Pulau Putri,residential,279455519,4696797079,2836706758,0,250,0.75,0.05,coarse-modis-250m,225064.766,0.965299,0.965299,0.0,0.0,0.0,unknown,excluded,event_context_not_jakarta
osm-4746451654-1133676112-0,DFO_3280_From_20080301_to_20080403,2008-03-01,2008-04-03,remote_event_centroid_with_isolated_pilot_pixel,low,7.745,Jalan Jenderal Basuki Rahmat,primary,493859848,4746451654,1133676112,0,250,0.75,0.05,coarse-modis-250m,199953.26,0.961458,0.961458,0.0,0.0,0.0,unknown,excluded,event_context_not_jakarta
osm-4746451654-7152827727-0,DFO_3280_From_20080301_to_20080403,2008-03-01,2008-04-03,remote_event_centroid_with_isolated_pilot_pixel,low,103.382,Jalan Cipinang Indah 2,tertiary,521164033|521164034|521164035,4746451654,7152827727,0,250,0.75,0.05,coarse-modis-250m,247507.431,0.97037,0.97037,0.0,0.0,0.0,unknown,excluded,event_context_not_jakarta
osm-4746451656-1134953472-0,DFO_3280_From_20080301_to_20080403,2008-03-01,2008-04-03,remote_event_centroid_with_isolated_pilot_pixel,low,17.426,Jalan Cipinang Indah 2,tertiary,737509446,4746451656,1134953472,0,250,0.75,0.05,coarse-modis-250m,204796.843,0.962391,0.962391,0.0,0.0,0.0,unknown,excluded,event_context_not_jakarta
osm-4748308350-4800316715-0,DFO_3280_From_20080301_to_20080403,2008-03-01,2008-04-03,remote_event_centroid_with_isolated_pilot_pixel,low,46.904,Jalan Cipinang Cempedak I,tertiary,688635244,4748308350,4800316715,0,250,0.75,0.05,coarse-modis-250m,219545.035,0.964603,0.964603,0.0,0.0,0.0,unknown,excluded,event_context_not_jakarta
osm-4749962821-4258201115-0,DFO_3280_From_20080301_to_20080403,2008-03-01,2008-04-03,remote_event_centroid_with_isolated_pilot_pixel,low,134.79,Jalan Matraman,primary,1509532459|1509532460|484909214|762924647,4749962821,4258201115,0,250,0.75,0.05,coarse-modis-250m,263355.179,0.969396,0.969396,0.0,0.0,0.0,unknown,excluded,event_context_not_jakarta
osm-4750115938-5377076423-0,DFO_3280_From_20080301_to_20080403,2008-03-01,2008-04-03,remote_event_centroid_with_isolated_pilot_pixel,low,33.937,Jalan Kramat Raya,primary,713583503,4750115938,5377076423,0,250,0.75,0.05,coarse-modis-250m,213057.538,0.96368,0.96368,0.0,0.0,0.0,unknown,excluded,event_context_not_jakarta
osm-4750115942-4750115943-0,DFO_3280_From_20080301_to_20080403,2008-03-01,2008-04-03,remote_event_centroid_with_isolated_pilot_pixel,low,53.289,Jalan Salemba Raya,primary,685613008,4750115942,4750115943,0,250,0.75,0.05,coarse-modis-250m,222739.283,0.964904,0.964904,0.0,0.0,0.0,unknown,excluded,event_context_not_jakarta
osm-4750115943-9013891776-0,DFO_3280_From_20080301_to_20080403,2008-03-01,2008-04-03,remote_event_centroid_with_isolated_pilot_pixel,low,51.042,Jalan Salemba Raya,primary,685613008,4750115943,9013891776,0,250,0.75,0.05,coarse-modis-250m,221614.966,0.964765,0.964765,0.0,0.0,0.0,unknown,excluded,event_context_not_jakarta
osm-4750115944-9013891773-0,DFO_3280_From_20080301_to_20080403,2008-03-01,2008-04-03,remote_event_centroid_with_isolated_pilot_pixel,low,5.376,Jalan Salemba Raya,primary,713585209,4750115944,9013891773,0,250,0.75,0.05,coarse-modis-250m,198767.614,0.961315,0.961315,0.0,0.0,0.0,unknown,excluded,event_context_not_jakarta
osm-4751894442-13827879018-0,DFO_3280_From_20080301_to_20080403,2008-03-01,2008-04-03,remote_event_centroid_with_isolated_pilot_pixel,low,28.051,Jalan Matraman,primary,278788931,4751894442,13827879018,0,250,0.75,0.05,coarse-modis-250m,210108.516,0.963112,0.963112,0.0,0.0,0.0,unknown,excluded,event_context_not_jakarta
osm-4758805504-12484094370-0,DFO_3280_From_20080301_to_20080403,2008-03-01,2008-04-03,remote_event_centroid_with_isolated_pilot_pixel,low,18.811,Jalan Pemuda,primary,1295698630,4758805504,12484094370,0,250,0.75,0.05,coarse-modis-250m,205489.446,0.96232,0.96232,0.0,0.0,0.0,unknown,excluded,event_context_not_jakarta
osm-4758806028-7132187495-0,DFO_3280_From_20080301_to_20080403,2008-03-01,2008-04-03,remote_event_centroid_with_isolated_pilot_pixel,low,25.923,Jalan Letnan Jenderal Suprapto,primary,750001530,4758806028,7132187495,0,250,0.75,0.05,coarse-modis-250m,209047.978,0.963535,0.963535,0.0,0.0,0.0,unknown,excluded,event_context_not_jakarta
osm-4776087428-104379022-0,DFO_3280_From_20080301_to_20080403,2008-03-01,2008-04-03,remote_event_centroid_with_isolated_pilot_pixel,low,104.867,Jalan Otto Iskandar Dinata,primary,28765421,4776087428,104379022,0,250,0.75,0.05,coarse-modis-250m,248544.452,0.968138,0.968138,0.0,0.0,0.0,unknown,excluded,event_context_not_jakarta
osm-4776087446-4776087428-0,DFO_3280_From_20080301_to_20080403,2008-03-01,2008-04-03,remote_event_centroid_with_isolated_pilot_pixel,low,74.539,Jalan Otto Iskandar Dinata,primary,28765421,4776087446,4776087428,0,250,0.75,0.05,coarse-modis-250m,233370.701,0.966401,0.966401,0.0,0.0,0.0,unknown,excluded,event_context_not_jakarta
osm-4776087714-8562305801-0,DFO_3280_From_20080301_to_20080403,2008-03-01,2008-04-03,remote_event_centroid_with_isolated_pilot_pixel,low,39.431,Jalan Cipinang Cempedak,tertiary,484862899,4776087714,8562305801,0,250,0.75,0.05,coarse-modis-250m,215806.246,0.964306,0.964306,0.0,0.0,0.0,unknown,excluded,event_context_not_jakarta
osm-4776237951-6332607740-0,DFO_3280_From_20080301_to_20080403,2008-03-01,2008-04-03,remote_event_centroid_with_isolated_pilot_pixel,low,40.916,Jalan Otto Iskandar Dinata,primary,791643153,4776237951,6332607740,0,250,0.75,0.05,coarse-modis-250m,216549.127,0.964067,0.964067,0.0,0.0,0.0,unknown,excluded,event_context_not_jakarta
osm-4776237952-9034273150-0,DFO_3280_From_20080301_to_20080403,2008-03-01,2008-04-03,remote_event_centroid_with_isolated_pilot_pixel,low,40.715,Jalan Otto Iskandar Dinata,primary,691253232,4776237952,9034273150,0,250,0.75,0.05,coarse-modis-250m,216448.657,0.964196,0.964196,0.0,0.0,0.0,unknown,excluded,event_context_not_jakarta
osm-4776237953-4776237952-0,DFO_3280_From_20080301_to_20080403,2008-03-01,2008-04-03,remote_event_centroid_with_isolated_pilot_pixel,low,46.746,Jalan Otto Iskandar Dinata,primary,691253232,4776237953,4776237952,0,250,0.75,0.05,coarse-modis-250m,219465.677,0.964489,0.964489,0.0,0.0,0.0,unknown,excluded,event_context_not_jakarta
osm-4776237954-352913456-0,DFO_3280_From_20080301_to_20080403,2008-03-01,2008-04-03,remote_event_centroid_with_isolated_pilot_pixel,low,46.085,Jalan Otto Iskandar Dinata,primary,691253233|691253234,4776237954,352913456,0,250,0.75,0.05,coarse-modis-250m,219135.05,0.96447,0.96447,0.0,0.0,0.0,unknown,excluded,event_context_not_jakarta
osm-4778418534-4798088843-0,DFO_3280_From_20080301_to_20080403,2008-03-01,2008-04-03,remote_event_centroid_with_isolated_pilot_pixel,low,64.383,Jalan Karet Sawah I,residential,754738344,4778418534,4798088843,0,250,0.75,0.05,coarse-modis-250m,228151.963,0.9661,0.9661,0.0,0.0,0.0,unknown,excluded,event_context_not_jakarta
osm-4780597176-5652849428-0,DFO_3280_From_20080301_to_20080403,2008-03-01,2008-04-03,remote_event_centroid_with_isolated_pilot_pixel,low,25.72,Jalan Otto Iskandar Dinata,primary,691253235,4780597176,5652849428,0,250,0.75,0.05,coarse-modis-250m,208911.342,0.964302,0.964302,0.0,0.0,0.0,unknown,excluded,event_context_not_jakarta
osm-4780724425-9623003134-0,DFO_3280_From_20080301_to_20080403,2008-03-01,2008-04-03,remote_event_centroid_with_isolated_pilot_pixel,low,143.927,Jalan Matraman,primary,278788931,4780724425,9623003134,0,250,0.75,0.05,coarse-modis-250m,268086.734,0.96905,0.96905,0.0,0.0,0.0,unknown,excluded,event_context_not_jakarta
osm-4785715143-308981968-0,DFO_3280_From_20080301_to_20080403,2008-03-01,2008-04-03,remote_event_centroid_with_isolated_pilot_pixel,low,141.374,Jalan Karet Pedurenan Raya,tertiary,28132208,4785715143,308981968,0,250,0.75,0.05,coarse-modis-250m,266148.967,0.969827,0.969827,0.0,0.0,0.0,unknown,excluded,event_context_not_jakarta
osm-4785715146-308981969-0,DFO_3280_From_20080301_to_20080403,2008-03-01,2008-04-03,remote_event_centroid_with_isolated_pilot_pixel,low,4.38,Jalan Karet Pedurenan Raya,tertiary,28132208,4785715146,308981969,0,250,0.75,0.05,coarse-modis-250m,198269.412,0.961111,0.961111,0.0,0.0,0.0,unknown,excluded,event_context_not_jakarta
osm-4787639954-13752868692-0,DFO_3280_From_20080301_to_20080403,2008-03-01,2008-04-03,remote_event_centroid_with_isolated_pilot_pixel,low,106.969,Jalan Jatinegara Timur,primary,1301949425,4787639954,13752868692,0,250,0.75,0.05,coarse-modis-250m,249457.287,0.968009,0.968009,0.0,0.0,0.0,unknown,excluded,event_context_not_jakarta
osm-4790999401-13701804566-0,DFO_3280_From_20080301_to_20080403,2008-03-01,2008-04-03,remote_event_centroid_with_isolated_pilot_pixel,low,170.126,Jalan Raya Casablanca,primary,28847137,4790999401,13701804566,0,250,0.75,0.05,coarse-modis-250m,281191.785,0.336725,0.336725,0.0,0.0,0.0,unknown,excluded,event_context_not_jakarta
osm-4798088843-353136203-0,DFO_3280_From_20080301_to_20080403,2008-03-01,2008-04-03,remote_event_centroid_with_isolated_pilot_pixel,low,134.077,Jalan Karet Sawah,residential,697069494,4798088843,353136203,0,250,0.75,0.05,coarse-modis-250m,263132.601,0.969924,0.969924,0.0,0.0,0.0,unknown,excluded,event_context_not_jakarta
osm-4798985491-5374644166-0,DFO_3280_From_20080301_to_20080403,2008-03-01,2008-04-03,remote_event_centroid_with_isolated_pilot_pixel,low,18.918,Jalan Letnan Jenderal Suprapto,primary,492988946,4798985491,5374644166,0,250,0.75,0.05,coarse-modis-250m,205542.857,0.961528,0.961528,0.0,0.0,0.0,unknown,excluded,event_context_not_jakarta
osm-4800316713-5379957279-0,DFO_3280_From_20080301_to_20080403,2008-03-01,2008-04-03,remote_event_centroid_with_isolated_pilot_pixel,low,81.332,Jalan Cipinang Cempedak I,tertiary,98090600,4800316713,5379957279,0,250,0.75,0.05,coarse-modis-250m,236769.7,0.96624,0.96624,0.0,0.0,0.0,unknown,excluded,event_context_not_jakarta
osm-4800316715-5513076675-0,DFO_3280_From_20080301_to_20080403,2008-03-01,2008-04-03,remote_event_centroid_with_isolated_pilot_pixel,low,8.24,Jalan Cipinang Cempedak I,tertiary,688635244,4800316715,5513076675,0,250,0.75,0.05,coarse-modis-250m,200200.98,0.961439,0.961439,0.0,0.0,0.0,unknown,excluded,event_context_not_jakarta
osm-4800528562-12744944224-0,DFO_3280_From_20080301_to_20080403,2008-03-01,2008-04-03,remote_event_centroid_with_isolated_pilot_pixel,low,17.871,Jalan Arief Rachman Hakim,primary,487370077,4800528562,12744944224,0,250,0.75,0.05,coarse-modis-250m,205019.477,0.962299,0.962299,0.0,0.0,0.0,unknown,excluded,event_context_not_jakarta
osm-4800528564-4800528562-0,DFO_3280_From_20080301_to_20080403,2008-03-01,2008-04-03,remote_event_centroid_with_isolated_pilot_pixel,low,85.075,Jalan Arief Rachman Hakim,primary,487370077,4800528564,4800528562,0,250,0.75,0.05,coarse-modis-250m,238622.87,0.966809,0.966809,0.0,0.0,0.0,unknown,excluded,event_context_not_jakarta
osm-4800795887-317182284-0,DFO_3280_From_20080301_to_20080403,2008-03-01,2008-04-03,remote_event_centroid_with_isolated_pilot_pixel,low,65.902,Jalan K. Haji Abdul Syafi'ie,primary,28850223,4800795887,317182284,0,250,0.75,0.05,coarse-modis-250m,229049.809,0.966401,0.966401,0.0,0.0,0.0,unknown,excluded,event_context_not_jakarta
osm-4804615989-11959843134-0,DFO_3280_From_20080301_to_20080403,2008-03-01,2008-04-03,remote_event_centroid_with_isolated_pilot_pixel,low,51.714,Jalan Letnan Jenderal Suprapto,primary,696668229,4804615989,11959843134,0,250,0.75,0.05,coarse-modis-250m,221949.129,0.964449,0.964449,0.0,0.0,0.0,unknown,excluded,event_context_not_jakarta
osm-4815227757-9533845672-0,DFO_3280_From_20080301_to_20080403,2008-03-01,2008-04-03,remote_event_centroid_with_isolated_pilot_pixel,low,83.761,Jalan Pulolio,tertiary,489260903,4815227757,9533845672,0,250,0.75,0.05,coarse-modis-250m,237984.819,0.967549,0.967549,0.0,0.0,0.0,unknown,excluded,event_context_not_jakarta
osm-4815227758-5379989630-0,DFO_3280_From_20080301_to_20080403,2008-03-01,2008-04-03,remote_event_centroid_with_isolated_pilot_pixel,low,113.006,Jalan Pulolio,tertiary,489260903,4815227758,5379989630,0,250,0.75,0.05,coarse-modis-250m,252367.318,0.969041,0.969041,0.0,0.0,0.0,unknown,excluded,event_context_not_jakarta
osm-4815227762-5379989631-0,DFO_3280_From_20080301_to_20080403,2008-03-01,2008-04-03,remote_event_centroid_with_isolated_pilot_pixel,low,98.819,Jalan Pulolio,tertiary,489260903,4815227762,5379989631,0,250,0.75,0.05,coarse-modis-250m,245475.088,0.967608,0.967608,0.0,0.0,0.0,unknown,excluded,event_context_not_jakarta
osm-4822315952-9076429426-0,DFO_3280_From_20080301_to_20080403,2008-03-01,2008-04-03,remote_event_centroid_with_isolated_pilot_pixel,low,69.935,Jalan Bekasi Raya,trunk,764298931,4822315952,9076429426,0,250,0.75,0.05,coarse-modis-250m,231067.796,0.96609,0.96609,0.0,0.0,0.0,unknown,excluded,event_context_not_jakarta
osm-4833946442-7756168367-0,DFO_3280_From_20080301_to_20080403,2008-03-01,2008-04-03,remote_event_centroid_with_isolated_pilot_pixel,low,100.028,Jalan Salemba Raya,primary,830697316,4833946442,7756168367,0,250,0.75,0.05,coarse-modis-250m,246123.13,0.967898,0.967898,0.0,0.0,0.0,unknown,excluded,event_context_not_jakarta
osm-4836037554-1161321036-0,DFO_3280_From_20080301_to_20080403,2008-03-01,2008-04-03,remote_event_centroid_with_isolated_pilot_pixel,low,45.279,Jalan Tanah Tinggi Barat,primary,28773409,4836037554,1161321036,0,250,0.75,0.05,coarse-modis-250m,218731.934,0.964436,0.964436,0.0,0.0,0.0,unknown,excluded,event_context_not_jakarta
osm-4836392226-8810858536-0,DFO_3280_From_20080301_to_20080403,2008-03-01,2008-04-03,remote_event_centroid_with_isolated_pilot_pixel,low,66.064,Jalan Cipinang Indah I,tertiary,98075001,4836392226,8810858536,0,250,0.75,0.05,coarse-modis-250m,229125.564,0.965448,0.965448,0.0,0.0,0.0,unknown,excluded,event_context_not_jakarta
osm-4836392299-6330385236-0,DFO_3280_From_20080301_to_20080403,2008-03-01,2008-04-03,remote_event_centroid_with_isolated_pilot_pixel,low,16.055,Jalan Laksamana Malahayati,primary,491551134,4836392299,6330385236,0,250,0.75,0.05,coarse-modis-250m,204110.509,0.962316,0.962316,0.0,0.0,0.0,unknown,excluded,event_context_not_jakarta
osm-4842902746-5495680448-0,DFO_3280_From_20080301_to_20080403,2008-03-01,2008-04-03,remote_event_centroid_with_isolated_pilot_pixel,low,300.283,Jalan Dokter KRT Radjiman Widyodiningrat,primary,489977114,4842902746,5495680448,0,250,0.75,0.05,coarse-modis-250m,346312.778,0.975804,0.975804,0.0,0.0,0.0,unknown,excluded,event_context_not_jakarta
osm-4848734475-5492419271-0,DFO_3280_From_20080301_to_20080403,2008-03-01,2008-04-03,remote_event_centroid_with_isolated_pilot_pixel,low,62.947,Jalan Letnan Jenderal MT Haryono,trunk,414030041|414030042|98454566,4848734475,5492419271,0,250,0.75,0.05,coarse-modis-250m,227570.883,0.966152,0.966152,0.0,0.0,0.0,unknown,excluded,event_context_not_jakarta
osm-4849427375-7132270238-0,DFO_3280_From_20080301_to_20080403,2008-03-01,2008-04-03,remote_event_centroid_with_isolated_pilot_pixel,low,43.679,Jalan Letnan Jenderal Suprapto,primary,766850322,4849427375,7132270238,0,250,0.75,0.05,coarse-modis-250m,217931.45,0.964275,0.964275,0.0,0.0,0.0,unknown,excluded,event_context_not_jakarta
osm-4849427376-4849427380-0,DFO_3280_From_20080301_to_20080403,2008-03-01,2008-04-03,remote_event_centroid_with_isolated_pilot_pixel,low,67.133,Jalan Letnan Jenderal Suprapto,primary,766850322,4849427376,4849427380,0,250,0.75,0.05,coarse-modis-250m,229664.084,0.965848,0.965848,0.0,0.0,0.0,unknown,excluded,event_context_not_jakarta
osm-4849427377-6547719124-0,DFO_3280_From_20080301_to_20080403,2008-03-01,2008-04-03,remote_event_centroid_with_isolated_pilot_pixel,low,354.975,Jalan Letnan Jenderal Suprapto,primary,1152339584|763262315,4849427377,6547719124,0,250,0.75,0.05,coarse-modis-250m,373671.694,0.977326,0.977326,0.0,0.0,0.0,unknown,excluded,event_context_not_jakarta
osm-4849427380-4849427375-0,DFO_3280_From_20080301_to_20080403,2008-03-01,2008-04-03,remote_event_centroid_with_isolated_pilot_pixel,low,58.75,Jalan Letnan Jenderal Suprapto,primary,766850322,4849427380,4849427375,0,250,0.75,0.05,coarse-modis-250m,225471.633,0.965424,0.965424,0.0,0.0,0.0,unknown,excluded,event_context_not_jakarta
osm-4849427383-4849427377-0,DFO_3280_From_20080301_to_20080403,2008-03-01,2008-04-03,remote_event_centroid_with_isolated_pilot_pixel,low,178.787,Jalan Letnan Jenderal Suprapto,primary,488110567,4849427383,4849427377,0,250,0.75,0.05,coarse-modis-250m,285518.973,0.971727,0.971727,0.0,0.0,0.0,unknown,excluded,event_context_not_jakarta
osm-4849427384-4849427376-0,DFO_3280_From_20080301_to_20080403,2008-03-01,2008-04-03,remote_event_centroid_with_isolated_pilot_pixel,low,185.408,Jalan Letnan Jenderal Suprapto,primary,492988946,4849427384,4849427376,0,250,0.75,0.05,coarse-modis-250m,288837.066,0.971921,0.971921,0.0,0.0,0.0,unknown,excluded,event_context_not_jakarta
osm-4849427384-4849427383-0,DFO_3280_From_20080301_to_20080403,2008-03-01,2008-04-03,remote_event_centroid_with_isolated_pilot_pixel,low,9.652,Unnamed OSM road,primary_link,492988959,4849427384,4849427383,0,250,0.75,0.05,coarse-modis-250m,200907.388,0.961658,0.961658,0.0,0.0,0.0,unknown,excluded,event_context_not_jakarta
osm-4849427386-6910883258-0,DFO_3280_From_20080301_to_20080403,2008-03-01,2008-04-03,remote_event_centroid_with_isolated_pilot_pixel,low,18.826,Jalan Letnan Jenderal Suprapto,primary,492988946,4849427386,6910883258,0,250,0.75,0.05,coarse-modis-250m,205497.297,0.962554,0.962554,0.0,0.0,0.0,unknown,excluded,event_context_not_jakarta
osm-4849427387-5374643987-0,DFO_3280_From_20080301_to_20080403,2008-03-01,2008-04-03,remote_event_centroid_with_isolated_pilot_pixel,low,13.421,Jalan Letnan Jenderal Suprapto,primary,492988946,4849427387,5374643987,0,250,0.75,0.05,coarse-modis-250m,202792.992,0.961982,0.961982,0.0,0.0,0.0,unknown,excluded,event_context_not_jakarta
osm-4849427390-4849427404-0,DFO_3280_From_20080301_to_20080403,2008-03-01,2008-04-03,remote_event_centroid_with_isolated_pilot_pixel,low,23.676,Jalan Letnan Jenderal Suprapto,primary,492988946,4849427390,4849427404,0,250,0.75,0.05,coarse-modis-250m,207923.448,0.96281,0.96281,0.0,0.0,0.0,unknown,excluded,event_context_not_jakarta
osm-4849427395-5373977800-0,DFO_3280_From_20080301_to_20080403,2008-03-01,2008-04-03,remote_event_centroid_with_isolated_pilot_pixel,low,54.166,Jalan Letnan Jenderal Suprapto,primary,761522995,4849427395,5373977800,0,250,0.75,0.05,coarse-modis-250m,223178.263,0.965153,0.965153,0.0,0.0,0.0,unknown,excluded,event_context_not_jakarta
osm-4849427396-13849518632-0,DFO_3280_From_20080301_to_20080403,2008-03-01,2008-04-03,remote_event_centroid_with_isolated_pilot_pixel,low,7.629,Jalan Letnan Jenderal Suprapto,primary,761522995,4849427396,13849518632,0,250,0.75,0.05,coarse-modis-250m,199894.998,0.961498,0.961498,0.0,0.0,0.0,unknown,excluded,event_context_not_jakarta
osm-4849427404-6471562381-0,DFO_3280_From_20080301_to_20080403,2008-03-01,2008-04-03,remote_event_centroid_with_isolated_pilot_pixel,low,92.635,Jalan Letnan Jenderal Suprapto,primary,492988946,4849427404,6471562381,0,250,0.75,0.05,coarse-modis-250m,242424.663,0.966821,0.966821,0.0,0.0,0.0,unknown,excluded,event_context_not_jakarta
osm-4849427405-4849427390-0,DFO_3280_From_20080301_to_20080403,2008-03-01,2008-04-03,remote_event_centroid_with_isolated_pilot_pixel,low,21.439,Jalan Letnan Jenderal Suprapto,primary,492988946,4849427405,4849427390,0,250,0.75,0.05,coarse-modis-250m,206804.241,0.962711,0.962711,0.0,0.0,0.0,unknown,excluded,event_context_not_jakarta
osm-4849427408-4758806028-0,DFO_3280_From_20080301_to_20080403,2008-03-01,2008-04-03,remote_event_centroid_with_isolated_pilot_pixel,low,19.889,Jalan Letnan Jenderal Suprapto,primary,750001531|696668229|492988951,4849427408,4758806028,0,250,0.75,0.05,coarse-modis-250m,206028.994,0.962764,0.962764,0.0,0.0,0.0,unknown,excluded,event_context_not_jakarta
osm-4849427410-9009398139-0,DFO_3280_From_20080301_to_20080403,2008-03-01,2008-04-03,remote_event_centroid_with_isolated_pilot_pixel,low,107.665,Jalan Letnan Jenderal Suprapto,primary,696668229,4849427410,9009398139,0,250,0.75,0.05,coarse-modis-250m,249943.71,0.96873,0.96873,0.0,0.0,0.0,unknown,excluded,event_context_not_jakarta
osm-4849427412-9491842326-0,DFO_3280_From_20080301_to_20080403,2008-03-01,2008-04-03,remote_event_centroid_with_isolated_pilot_pixel,low,34.397,Jalan Letnan Jenderal Suprapto,primary,696668229,4849427412,9491842326,0,250,0.75,0.05,coarse-modis-250m,213287.662,0.963622,0.963622,0.0,0.0,0.0,unknown,excluded,event_context_not_jakarta
osm-4849427413-4849427412-0,DFO_3280_From_20080301_to_20080403,2008-03-01,2008-04-03,remote_event_centroid_with_isolated_pilot_pixel,low,63.714,Jalan Letnan Jenderal Suprapto,primary,696668229,4849427413,4849427412,0,250,0.75,0.05,coarse-modis-250m,227955.045,0.965527,0.965527,0.0,0.0,0.0,unknown,excluded,event_context_not_jakarta
osm-4849427416-13849518628-0,DFO_3280_From_20080301_to_20080403,2008-03-01,2008-04-03,remote_event_centroid_with_isolated_pilot_pixel,low,19.656,Jalan Letnan Jenderal Suprapto,primary,761522995,4849427416,13849518628,0,250,0.75,0.05,coarse-modis-250m,205912.125,0.962266,0.962266,0.0,0.0,0.0,unknown,excluded,event_context_not_jakarta
osm-4849427419-5671081801-0,DFO_3280_From_20080301_to_20080403,2008-03-01,2008-04-03,remote_event_centroid_with_isolated_pilot_pixel,low,18.048,Jalan Letnan Jenderal Suprapto,primary,492988997,4849427419,5671081801,0,250,0.75,0.05,coarse-modis-250m,205107.623,0.962387,0.962387,0.0,0.0,0.0,unknown,excluded,event_context_not_jakarta
osm-4849427421-8509975229-0,DFO_3280_From_20080301_to_20080403,2008-03-01,2008-04-03,remote_event_centroid_with_isolated_pilot_pixel,low,18.398,Jalan Letnan Jenderal Suprapto,primary,492988997,4849427421,8509975229,0,250,0.75,0.05,coarse-modis-250m,205283.053,0.962414,0.962414,0.0,0.0,0.0,unknown,excluded,event_context_not_jakarta
osm-4849427423-7694410074-0,DFO_3280_From_20080301_to_20080403,2008-03-01,2008-04-03,remote_event_centroid_with_isolated_pilot_pixel,low,23.882,Jalan Letnan Jenderal Suprapto,primary,492988997,4849427423,7694410074,0,250,0.75,0.05,coarse-modis-250m,208026.703,0.962759,0.962759,0.0,0.0,0.0,unknown,excluded,event_context_not_jakarta
osm-4859114434-7052519688-0,DFO_3280_From_20080301_to_20080403,2008-03-01,2008-04-03,remote_event_centroid_with_isolated_pilot_pixel,low,57.459,Jalan Letnan Jenderal Siswondo Parman,trunk,688087393,4859114434,7052519688,0,250,0.75,0.05,coarse-modis-250m,224825.671,0.965254,0.965254,0.0,0.0,0.0,unknown,excluded,event_context_not_jakarta
osm-4859118379-103363767-0,DFO_3280_From_20080301_to_20080403,2008-03-01,2008-04-03,remote_event_centroid_with_isolated_pilot_pixel,low,89.991,Jalan Letnan Jenderal Siswondo Parman,trunk,754773900|688087389|688087390,4859118379,103363767,0,250,0.75,0.05,coarse-modis-250m,241089.851,0.967169,0.967169,0.0,0.0,0.0,unknown,excluded,event_context_not_jakarta
osm-4867479520-9110087936-0,DFO_3280_From_20080301_to_20080403,2008-03-01,2008-04-03,remote_event_centroid_with_isolated_pilot_pixel,low,88.491,Jalan Kyai Haji Mas Mansyur,primary,1253507712,4867479520,9110087936,0,250,0.75,0.05,coarse-modis-250m,240351.536,0.967191,0.967191,0.0,0.0,0.0,unknown,excluded,event_context_not_jakarta
osm-4871926644-310003265-0,DFO_3280_From_20080301_to_20080403,2008-03-01,2008-04-03,remote_event_centroid_with_isolated_pilot_pixel,low,71.968,Jalan Denpasar Raya,tertiary,28194353,4871926644,310003265,0,250,0.75,0.05,coarse-modis-250m,232084.106,0.914489,0.914489,0.0,0.0,0.0,unknown,excluded,event_context_not_jakarta
osm-4871926648-4871926644-0,DFO_3280_From_20080301_to_20080403,2008-03-01,2008-04-03,remote_event_centroid_with_isolated_pilot_pixel,low,70.17,Unnamed OSM road,primary_link,681048618,4871926648,4871926644,0,250,0.75,0.05,coarse-modis-250m,231175.892,0.855523,0.855523,0.0,0.0,0.0,unknown,excluded,event_context_not_jakarta
osm-4871938615-13453416794-0,DFO_3280_From_20080301_to_20080403,2008-03-01,2008-04-03,remote_event_centroid_with_isolated_pilot_pixel,low,53.405,Jalan Profesor Doktor Satrio,primary,681047133,4871938615,13453416794,0,250,0.75,0.05,coarse-modis-250m,222797.279,0.918012,0.918012,0.0,0.0,0.0,unknown,excluded,event_context_not_jakarta
osm-4877552983-5076459507-0,DFO_3280_From_20080301_to_20080403,2008-03-01,2008-04-03,remote_event_centroid_with_isolated_pilot_pixel,low,101.402,Jalan Aipda Karel Satsuit Tubun I,primary,1289178497|749310623,4877552983,5076459507,0,250,0.75,0.05,coarse-modis-250m,246806.017,0.968178,0.968178,0.0,0.0,0.0,unknown,excluded,event_context_not_jakarta
osm-4877552990-4877552983-0,DFO_3280_From_20080301_to_20080403,2008-03-01,2008-04-03,remote_event_centroid_with_isolated_pilot_pixel,low,26.478,Jalan Aipda Karel Satsuit Tubun I,primary,496038079,4877552990,4877552983,0,250,0.75,0.05,coarse-modis-250m,209325.707,0.963028,0.963028,0.0,0.0,0.0,unknown,excluded,event_context_not_jakarta
osm-4886801320-9531485215-0,DFO_3280_From_20080301_to_20080403,2008-03-01,2008-04-03,remote_event_centroid_with_isolated_pilot_pixel,low,59.514,Jalan Kebon Sirih,primary,28216264,4886801320,9531485215,0,250,0.75,0.05,coarse-modis-250m,225852.61,0.96534,0.96534,0.0,0.0,0.0,unknown,excluded,event_context_not_jakarta
osm-4899821967-315746992-0,DFO_3280_From_20080301_to_20080403,2008-03-01,2008-04-03,remote_event_centroid_with_isolated_pilot_pixel,low,55.755,Jalan Gunung Sahari Raya,primary,1490370109,4899821967,315746992,0,250,0.75,0.05,coarse-modis-250m,223973.257,0.965179,0.965179,0.0,0.0,0.0,unknown,excluded,event_context_not_jakarta
osm-4900765662-316412129-0,DFO_3280_From_20080301_to_20080403,2008-03-01,2008-04-03,remote_event_centroid_with_isolated_pilot_pixel,low,55.793,Jalan Pemuda,primary,689099348,4900765662,316412129,0,250,0.75,0.05,coarse-modis-250m,223990.236,0.965145,0.965145,0.0,0.0,0.0,unknown,excluded,event_context_not_jakarta
osm-4907168866-9673797651-0,DFO_3280_From_20080301_to_20080403,2008-03-01,2008-04-03,remote_event_centroid_with_isolated_pilot_pixel,low,422.855,Jalan Inspeksi Tarum Barat,primary,751672121|499442189|751672119,4907168866,9673797651,0,250,0.75,0.05,coarse-modis-250m,407632.941,0.977846,0.977846,0.0,0.0,0.0,unknown,excluded,event_context_not_jakarta
osm-4911942116-11484348759-0,DFO_3280_From_20080301_to_20080403,2008-03-01,2008-04-03,remote_event_centroid_with_isolated_pilot_pixel,low,25.162,Jalan Letnan Jenderal Siswondo Parman,trunk,1284899631,4911942116,11484348759,0,250,0.75,0.05,coarse-modis-250m,208667.171,0.962884,0.962884,0.0,0.0,0.0,unknown,excluded,event_context_not_jakarta
osm-4911942117-4911942119-0,DFO_3280_From_20080301_to_20080403,2008-03-01,2008-04-03,remote_event_centroid_with_isolated_pilot_pixel,low,61.497,Jalan Letnan Jenderal Siswondo Parman,trunk,877934989|761850311,4911942117,4911942119,0,250,0.75,0.05,coarse-modis-250m,226844.802,0.965525,0.965525,0.0,0.0,0.0,unknown,excluded,event_context_not_jakarta
osm-4911942119-4911942116-0,DFO_3280_From_20080301_to_20080403,2008-03-01,2008-04-03,remote_event_centroid_with_isolated_pilot_pixel,low,76.372,Jalan Letnan Jenderal Siswondo Parman,trunk,500032858,4911942119,4911942116,0,250,0.75,0.05,coarse-modis-250m,234288.42,0.96651,0.96651,0.0,0.0,0.0,unknown,excluded,event_context_not_jakarta
osm-4914353827-1135190117-0,DFO_3280_From_20080301_to_20080403,2008-03-01,2008-04-03,remote_event_centroid_with_isolated_pilot_pixel,low,152.305,Jalan D. I. Panjaitan,trunk,98454562|697080485|1254545534,4914353827,1135190117,0,250,0.75,0.05,coarse-modis-250m,272272.304,0.970547,0.970547,0.0,0.0,0.0,unknown,excluded,event_context_not_jakarta
osm-4914353854-6451021641-0,DFO_3280_From_20080301_to_20080403,2008-03-01,2008-04-03,remote_event_centroid_with_isolated_pilot_pixel,low,52.064,Jalan D. I. Panjaitan,trunk,1254545532,4914353854,6451021641,0,250,0.75,0.05,coarse-modis-250m,222123.065,0.964758,0.964758,0.0,0.0,0.0,unknown,excluded,event_context_not_jakarta
osm-4914353893-9509715193-0,DFO_3280_From_20080301_to_20080403,2008-03-01,2008-04-03,remote_event_centroid_with_isolated_pilot_pixel,low,13.576,Jalan D. I. Panjaitan,trunk,685347200,4914353893,9509715193,0,250,0.75,0.05,coarse-modis-250m,202870.261,0.962095,0.962095,0.0,0.0,0.0,unknown,excluded,event_context_not_jakarta
osm-4925793717-9695095403-0,DFO_3280_From_20080301_to_20080403,2008-03-01,2008-04-03,remote_event_centroid_with_isolated_pilot_pixel,low,37.827,Jalan Pos,secondary,28706110,4925793717,9695095403,0,250,0.75,0.05,coarse-modis-250m,215003.911,0.964106,0.964106,0.0,0.0,0.0,unknown,excluded,event_context_not_jakarta
osm-4926601878-4900765662-0,DFO_3280_From_20080301_to_20080403,2008-03-01,2008-04-03,remote_event_centroid_with_isolated_pilot_pixel,low,123.152,Jalan Pemuda,primary,1287152848|691349043,4926601878,4900765662,0,250,0.75,0.05,coarse-modis-250m,257683.341,0.968951,0.968951,0.0,0.0,0.0,unknown,excluded,event_context_not_jakarta
osm-4948526884-5673841364-0,DFO_3280_From_20080301_to_20080403,2008-03-01,2008-04-03,remote_event_centroid_with_isolated_pilot_pixel,low,220.311,Jalan Brigadir Jenderal Katamso Darmokusumo,primary,28909833,4948526884,5673841364,0,250,0.75,0.05,coarse-modis-250m,306280.263,0.973256,0.973256,0.0,0.0,0.0,unknown,excluded,event_context_not_jakarta
osm-4953838327-4877552990-0,DFO_3280_From_20080301_to_20080403,2008-03-01,2008-04-03,remote_event_centroid_with_isolated_pilot_pixel,low,142.16,Jalan Aipda Karel Satsuit Tubun I,primary,496038079,4953838327,4877552990,0,250,0.75,0.05,coarse-modis-250m,267163.341,0.970081,0.970081,0.0,0.0,0.0,unknown,excluded,event_context_not_jakarta
osm-4963127052-8434800015-0,DFO_3280_From_20080301_to_20080403,2008-03-01,2008-04-03,remote_event_centroid_with_isolated_pilot_pixel,low,35.732,Jalan Gunung Sahari Raya,primary,1490770240,4963127052,8434800015,0,250,0.75,0.05,coarse-modis-250m,213955.233,0.963781,0.963781,0.0,0.0,0.0,unknown,excluded,event_context_not_jakarta
osm-4963127056-13606475657-0,DFO_3280_From_20080301_to_20080403,2008-03-01,2008-04-03,remote_event_centroid_with_isolated_pilot_pixel,low,22.789,Jalan Gunung Sahari Raya,primary,592537468,4963127056,13606475657,0,250,0.75,0.05,coarse-modis-250m,207479.773,0.962609,0.962609,0.0,0.0,0.0,unknown,excluded,event_context_not_jakarta
osm-4963127061-4963127056-0,DFO_3280_From_20080301_to_20080403,2008-03-01,2008-04-03,remote_event_centroid_with_isolated_pilot_pixel,low,39.412,Jalan Gunung Sahari Raya,primary,592537468,4963127061,4963127056,0,250,0.75,0.05,coarse-modis-250m,215796.629,0.964039,0.964039,0.0,0.0,0.0,unknown,excluded,event_context_not_jakarta
osm-4963127289-13606201410-0,DFO_3280_From_20080301_to_20080403,2008-03-01,2008-04-03,remote_event_centroid_with_isolated_pilot_pixel,low,6.279,Jalan Gunung Sahari Raya,primary,634085903,4963127289,13606201410,0,250,0.75,0.05,coarse-modis-250m,199219.598,0.961372,0.961372,0.0,0.0,0.0,unknown,excluded,event_context_not_jakarta
osm-4982201706-5379777249-0,DFO_3280_From_20080301_to_20080403,2008-03-01,2008-04-03,remote_event_centroid_with_isolated_pilot_pixel,low,10.521,Jalan Mangga Dua Dalam,tertiary,28969849,4982201706,5379777249,0,250,0.75,0.05,coarse-modis-250m,201342.048,0.961669,0.961669,0.0,0.0,0.0,unknown,excluded,event_context_not_jakarta
osm-4982201717-13586347373-0,DFO_3280_From_20080301_to_20080403,2008-03-01,2008-04-03,remote_event_centroid_with_isolated_pilot_pixel,low,48.044,Jalan Mangga Dua Dalam,tertiary,508913824,4982201717,13586347373,0,250,0.75,0.05,coarse-modis-250m,220115.403,0.964652,0.964652,0.0,0.0,0.0,unknown,excluded,event_context_not_jakarta
osm-4986680276-5459235880-0,DFO_3280_From_20080301_to_20080403,2008-03-01,2008-04-03,remote_event_centroid_with_isolated_pilot_pixel,low,6.548,Jalan Penjernihan 1,primary,28779908,4986680276,5459235880,0,250,0.75,0.05,coarse-modis-250m,199354.213,0.961442,0.961442,0.0,0.0,0.0,unknown,excluded,event_context_not_jakarta
osm-4986680280-4986680276-0,DFO_3280_From_20080301_to_20080403,2008-03-01,2008-04-03,remote_event_centroid_with_isolated_pilot_pixel,low,33.974,Jalan Penjernihan 1,primary,28779908,4986680280,4986680276,0,250,0.75,0.05,coarse-modis-250m,213075.853,0.963771,0.963771,0.0,0.0,0.0,unknown,excluded,event_context_not_jakarta
osm-4990059009-3763648673-0,DFO_3280_From_20080301_to_20080403,2008-03-01,2008-04-03,remote_event_centroid_with_isolated_pilot_pixel,low,51.727,Jalan Letnan Jenderal Suprapto,primary,758365788,4990059009,3763648673,0,250,0.75,0.05,coarse-modis-250m,221957.771,0.964797,0.964797,0.0,0.0,0.0,unknown,excluded,event_context_not_jakarta
osm-4990059014-6459341771-0,DFO_3280_From_20080301_to_20080403,2008-03-01,2008-04-03,remote_event_centroid_with_isolated_pilot_pixel,low,223.619,Jalan Letnan Jenderal Suprapto,primary,1152312692,4990059014,6459341771,0,250,0.75,0.05,coarse-modis-250m,307956.548,0.973093,0.973093,0.0,0.0,0.0,unknown,excluded,event_context_not_jakarta
osm-4990059477-2516439291-0,DFO_3280_From_20080301_to_20080403,2008-03-01,2008-04-03,remote_event_centroid_with_isolated_pilot_pixel,low,54.17,Jalan Letnan Jenderal Suprapto,primary,509865338,4990059477,2516439291,0,250,0.75,0.05,coarse-modis-250m,223180.435,0.965227,0.965227,0.0,0.0,0.0,unknown,excluded,event_context_not_jakarta
osm-4990059505-4990059507-0,DFO_3280_From_20080301_to_20080403,2008-03-01,2008-04-03,remote_event_centroid_with_isolated_pilot_pixel,low,97.028,Jalan Letnan Jenderal Suprapto,primary,754114546|754114547,4990059505,4990059507,0,250,0.75,0.05,coarse-modis-250m,244615.484,0.967548,0.967548,0.0,0.0,0.0,unknown,excluded,event_context_not_jakarta
osm-4990059507-4990059477-0,DFO_3280_From_20080301_to_20080403,2008-03-01,2008-04-03,remote_event_centroid_with_isolated_pilot_pixel,low,502.377,Jalan Letnan Jenderal Suprapto,primary,755986304|372816394,4990059507,4990059477,0,250,0.75,0.05,coarse-modis-250m,447392.066,0.980167,0.980167,0.0,0.0,0.0,unknown,excluded,event_context_not_jakarta
osm-4990059515-4990059505-0,DFO_3280_From_20080301_to_20080403,2008-03-01,2008-04-03,remote_event_centroid_with_isolated_pilot_pixel,low,106.09,Jalan Letnan Jenderal Suprapto,primary,754114548,4990059515,4990059505,0,250,0.75,0.05,coarse-modis-250m,249156.295,0.968257,0.968257,0.0,0.0,0.0,unknown,excluded,event_context_not_jakarta
osm-4993841487-12530400916-0,DFO_3280_From_20080301_to_20080403,2008-03-01,2008-04-03,remote_event_centroid_with_isolated_pilot_pixel,low,31.271,Unnamed OSM road,primary_link,521164041,4993841487,12530400916,0,250,0.75,0.05,coarse-modis-250m,211723.5,0.963439,0.963439,0.0,0.0,0.0,unknown,excluded,event_context_not_jakarta
osm-4996688468-5671267899-0,DFO_3280_From_20080301_to_20080403,2008-03-01,2008-04-03,remote_event_centroid_with_isolated_pilot_pixel,low,116.886,Jalan Gunung Sahari Raya,primary,521161628,4996688468,5671267899,0,250,0.75,0.05,coarse-modis-250m,254558.089,0.968736,0.968736,0.0,0.0,0.0,unknown,excluded,event_context_not_jakarta
osm-4999344155-302230529-0,DFO_3280_From_20080301_to_20080403,2008-03-01,2008-04-03,remote_event_centroid_with_isolated_pilot_pixel,low,24.056,Jalan Radin Inten,primary,119909339,4999344155,302230529,0,250,0.75,0.05,coarse-modis-250m,208113.6,0.962839,0.962839,0.0,0.0,0.0,unknown,excluded,event_context_not_jakarta
osm-4999344324-9009429383-0,DFO_3280_From_20080301_to_20080403,2008-03-01,2008-04-03,remote_event_centroid_with_isolated_pilot_pixel,low,83.245,Jalan Radin Inten,primary,119909339,4999344324,9009429383,0,250,0.75,0.05,coarse-modis-250m,237725.184,0.966913,0.966913,0.0,0.0,0.0,unknown,excluded,event_context_not_jakarta
osm-5004550057-13750328259-0,DFO_3280_From_20080301_to_20080403,2008-03-01,2008-04-03,remote_event_centroid_with_isolated_pilot_pixel,low,5.187,Jalan Gunung Sahari Raya,primary,654692998,5004550057,13750328259,0,250,0.75,0.05,coarse-modis-250m,198673.325,0.961315,0.961315,0.0,0.0,0.0,unknown,excluded,event_context_not_jakarta
osm-5006633608-7055776846-0,DFO_3280_From_20080301_to_20080403,2008-03-01,2008-04-03,remote_event_centroid_with_isolated_pilot_pixel,low,385.866,Jalan Letnan Jenderal Suprapto,primary,754106906|754104524|754104525|754098158,5006633608,7055776846,0,250,0.75,0.05,coarse-modis-250m,389129.069,0.978163,0.978163,0.0,0.0,0.0,unknown,excluded,event_context_not_jakarta
osm-5006647254-4505735373-0,DFO_3280_From_20080301_to_20080403,2008-03-01,2008-04-03,remote_event_centroid_with_isolated_pilot_pixel,low,707.203,Jalan Letnan Jenderal Suprapto,primary,1055746246|1055746247|458897449|458897468|453905620|453905624|453905626|1213995931|453905628|755984894|1213995930,5006647254,4505735373,0,250,0.75,0.05,coarse-modis-250m,549093.018,0.982917,0.982917,0.0,0.0,0.0,unknown,excluded,event_context_not_jakarta
osm-5009348129-104366006-0,DFO_3280_From_20080301_to_20080403,2008-03-01,2008-04-03,remote_event_centroid_with_isolated_pilot_pixel,low,76.911,Jalan Insinyur Haji Juanda,secondary,696175330,5009348129,104366006,0,250,0.75,0.05,coarse-modis-250m,234557.928,0.966723,0.966723,0.0,0.0,0.0,unknown,excluded,event_context_not_jakarta
osm-5009351128-191505992-0,DFO_3280_From_20080301_to_20080403,2008-03-01,2008-04-03,remote_event_centroid_with_isolated_pilot_pixel,low,25.286,Jalan Insinyur Haji Juanda,secondary,630154036,5009351128,191505992,0,250,0.75,0.05,coarse-modis-250m,208729.26,0.962959,0.962959,0.0,0.0,0.0,unknown,excluded,event_context_not_jakarta
osm-5010888460-4907168866-0,DFO_3280_From_20080301_to_20080403,2008-03-01,2008-04-03,remote_event_centroid_with_isolated_pilot_pixel,low,63.639,Jalan Masjid Al Muqorobin,residential,690372276|836505093|836505094,5010888460,4907168866,0,250,0.75,0.05,coarse-modis-250m,227912.652,0.96575,0.96575,0.0,0.0,0.0,unknown,excluded,event_context_not_jakarta
osm-5013211786-104366013-0,DFO_3280_From_20080301_to_20080403,2008-03-01,2008-04-03,remote_event_centroid_with_isolated_pilot_pixel,low,38.405,Jalan Insinyur Haji Juanda,secondary,1294695414,5013211786,104366013,0,250,0.75,0.05,coarse-modis-250m,215285.122,0.964205,0.964205,0.0,0.0,0.0,unknown,excluded,event_context_not_jakarta
osm-5023930574-5371876858-0,DFO_3280_From_20080301_to_20080403,2008-03-01,2008-04-03,remote_event_centroid_with_isolated_pilot_pixel,low,42.699,Jalan Letnan Jenderal Siswondo Parman,trunk,688117575,5023930574,5371876858,0,250,0.75,0.05,coarse-modis-250m,217441.129,0.96426,0.96426,0.0,0.0,0.0,unknown,excluded,event_context_not_jakarta
osm-5046365476-309941703-0,DFO_3280_From_20080301_to_20080403,2008-03-01,2008-04-03,remote_event_centroid_with_isolated_pilot_pixel,low,31.638,Jalan Kyai Haji Mas Mansyur,primary,1284859266,5046365476,309941703,0,250,0.75,0.05,coarse-modis-250m,211907.183,0.963509,0.963509,0.0,0.0,0.0,unknown,excluded,event_context_not_jakarta
osm-5046365477-5046365476-0,DFO_3280_From_20080301_to_20080403,2008-03-01,2008-04-03,remote_event_centroid_with_isolated_pilot_pixel,low,9.88,Jalan Kyai Haji Mas Mansyur,primary,1284859266,5046365477,5046365476,0,250,0.75,0.05,coarse-modis-250m,201021.296,0.961584,0.961584,0.0,0.0,0.0,unknown,excluded,event_context_not_jakarta
osm-504912724-7122843809-0,DFO_3280_From_20080301_to_20080403,2008-03-01,2008-04-03,remote_event_centroid_with_isolated_pilot_pixel,low,102.848,Jalan Boulevard Barat,secondary,39741723,504912724,7122843809,0,250,0.75,0.05,coarse-modis-250m,247534.292,0.968053,0.968053,0.0,0.0,0.0,unknown,excluded,event_context_not_jakarta
osm-5056597570-3266396596-0,DFO_3280_From_20080301_to_20080403,2008-03-01,2008-04-03,remote_event_centroid_with_isolated_pilot_pixel,low,47.036,Jalan Letnan Jenderal Siswondo Parman,trunk,688117574,5056597570,3266396596,0,250,0.75,0.05,coarse-modis-250m,219609.944,0.964543,0.964543,0.0,0.0,0.0,unknown,excluded,event_context_not_jakarta
osm-5065375426-29939146-0,DFO_3280_From_20080301_to_20080403,2008-03-01,2008-04-03,remote_event_centroid_with_isolated_pilot_pixel,low,32.554,Jalan Garuda,secondary,37018609,5065375426,29939146,0,250,0.75,0.05,coarse-modis-250m,212365.286,0.963487,0.963487,0.0,0.0,0.0,unknown,excluded,event_context_not_jakarta
osm-5068494018-7131628852-0,DFO_3280_From_20080301_to_20080403,2008-03-01,2008-04-03,remote_event_centroid_with_isolated_pilot_pixel,low,37.691,Unnamed OSM road,residential,998966805|519894318,5068494018,7131628852,0,250,0.75,0.05,coarse-modis-250m,214927.736,0.963787,0.963787,0.0,0.0,0.0,unknown,excluded,event_context_not_jakarta
osm-5068494251-5068494018-0,DFO_3280_From_20080301_to_20080403,2008-03-01,2008-04-03,remote_event_centroid_with_isolated_pilot_pixel,low,46.514,Unnamed OSM road,residential,593543228|519893934|557920799,5068494251,5068494018,0,250,0.75,0.05,coarse-modis-250m,219349.609,0.964542,0.964542,0.0,0.0,0.0,unknown,excluded,event_context_not_jakarta
osm-5068494252-6907714745-0,DFO_3280_From_20080301_to_20080403,2008-03-01,2008-04-03,remote_event_centroid_with_isolated_pilot_pixel,low,226.869,Jalan Pulau Dana,residential,732449241|519894319,5068494252,6907714745,0,250,0.75,0.05,coarse-modis-250m,303818.327,0.975052,0.975052,0.0,0.0,0.0,unknown,excluded,event_context_not_jakarta
osm-5068494260-5380146177-0,DFO_3280_From_20080301_to_20080403,2008-03-01,2008-04-03,remote_event_centroid_with_isolated_pilot_pixel,low,11.523,Jalan Putri Pelangi,residential,519894258,5068494260,5380146177,0,250,0.75,0.05,coarse-modis-250m,201843.427,0.961803,0.961803,0.0,0.0,0.0,unknown,excluded,event_context_not_jakarta
osm-5068494261-5068494263-0,DFO_3280_From_20080301_to_20080403,2008-03-01,2008-04-03,remote_event_centroid_with_isolated_pilot_pixel,low,54.991,Jalan Putri Pelangi,residential,519894258,5068494261,5068494263,0,250,0.75,0.05,coarse-modis-250m,223590.861,0.964954,0.964954,0.0,0.0,0.0,unknown,excluded,event_context_not_jakarta
osm-5068494263-5068494267-0,DFO_3280_From_20080301_to_20080403,2008-03-01,2008-04-03,remote_event_centroid_with_isolated_pilot_pixel,low,52.081,Jalan Pulau Bunaken,residential,723030689,5068494263,5068494267,0,250,0.75,0.05,coarse-modis-250m,222135.14,0.964859,0.964859,0.0,0.0,0.0,unknown,excluded,event_context_not_jakarta
osm-5068494267-1420142081-0,DFO_3280_From_20080301_to_20080403,2008-03-01,2008-04-03,remote_event_centroid_with_isolated_pilot_pixel,low,21.009,Jalan Pulau Putri,residential,996202381,5068494267,1420142081,0,250,0.75,0.05,coarse-modis-250m,206589.238,0.962508,0.962508,0.0,0.0,0.0,unknown,excluded,event_context_not_jakarta
osm-5076459507-3507893559-0,DFO_3280_From_20080301_to_20080403,2008-03-01,2008-04-03,remote_event_centroid_with_isolated_pilot_pixel,low,602.764,Jalan Kota Bambu,primary,776911080|762046921|28799323|28932702,5076459507,3507893559,0,250,0.75,0.05,coarse-modis-250m,497641.124,0.981848,0.981848,0.0,0.0,0.0,unknown,excluded,event_context_not_jakarta
osm-5078382194-1321228541-0,DFO_3280_From_20080301_to_20080403,2008-03-01,2008-04-03,remote_event_centroid_with_isolated_pilot_pixel,low,239.417,Jalan Kolonel Soegiono,primary,754062955|117314950,5078382194,1321228541,0,250,0.75,0.05,coarse-modis-250m,315859.344,0.974019,0.974019,0.0,0.0,0.0,unknown,excluded,event_context_not_jakarta
osm-5078382203-7530848743-0,DFO_3280_From_20080301_to_20080403,2008-03-01,2008-04-03,remote_event_centroid_with_isolated_pilot_pixel,low,26.207,Jalan Jenderal Basuki Rahmat,primary,28851310,5078382203,7530848743,0,250,0.75,0.05,coarse-modis-250m,209189.879,0.962861,0.962861,0.0,0.0,0.0,unknown,excluded,event_context_not_jakarta
osm-5078382208-1345781623-0,DFO_3280_From_20080301_to_20080403,2008-03-01,2008-04-03,remote_event_centroid_with_isolated_pilot_pixel,low,282.406,Jalan Kolonel Soegiono,primary,27945891,5078382208,1345781623,0,250,0.75,0.05,coarse-modis-250m,337361.054,0.975212,0.975212,0.0,0.0,0.0,unknown,excluded,event_context_not_jakarta
osm-5078382212-5078382208-0,DFO_3280_From_20080301_to_20080403,2008-03-01,2008-04-03,remote_event_centroid_with_isolated_pilot_pixel,low,110.599,Jalan Kolonel Soegiono,primary,27945891,5078382212,5078382208,0,250,0.75,0.05,coarse-modis-250m,251410.328,0.967646,0.967646,0.0,0.0,0.0,unknown,excluded,event_context_not_jakarta
osm-5112284316-4551137763-0,DFO_3280_From_20080301_to_20080403,2008-03-01,2008-04-03,remote_event_centroid_with_isolated_pilot_pixel,low,91.678,Jalan Bekasi Raya,trunk,119540281,5112284316,4551137763,0,250,0.75,0.05,coarse-modis-250m,241910.204,0.967173,0.967173,0.0,0.0,0.0,unknown,excluded,event_context_not_jakarta
osm-5112682630-7140306354-0,DFO_3280_From_20080301_to_20080403,2008-03-01,2008-04-03,remote_event_centroid_with_isolated_pilot_pixel,low,10.842,Jalan Bekasi Raya,trunk,836694112,5112682630,7140306354,0,250,0.75,0.05,coarse-modis-250m,201502.768,0.961742,0.961742,0.0,0.0,0.0,unknown,excluded,event_context_not_jakarta
osm-5172730315-2882028353-0,DFO_3280_From_20080301_to_20080403,2008-03-01,2008-04-03,remote_event_centroid_with_isolated_pilot_pixel,low,70.582,Jalan Boulevard Barat,secondary,519893936|562374424|760228733|558676934,5172730315,2882028353,0,250,0.75,0.05,coarse-modis-250m,231389.828,0.966143,0.966143,0.0,0.0,0.0,unknown,excluded,event_context_not_jakarta
osm-5174097479-7756153695-0,DFO_3280_From_20080301_to_20080403,2008-03-01,2008-04-03,remote_event_centroid_with_isolated_pilot_pixel,low,118.87,Jalan Kramat Raya,primary,774893627|1295786982,5174097479,7756153695,0,250,0.75,0.05,coarse-modis-250m,255550.685,0.968865,0.968865,0.0,0.0,0.0,unknown,excluded,event_context_not_jakarta
osm-5189820259-13366216191-0,DFO_3280_From_20080301_to_20080403,2008-03-01,2008-04-03,remote_event_centroid_with_isolated_pilot_pixel,low,9.003,Jalan Penjernihan 1,primary,691966212,5189820259,13366216191,0,250,0.75,0.05,coarse-modis-250m,200582.641,0.961602,0.961602,0.0,0.0,0.0,unknown,excluded,event_context_not_jakarta
osm-5189841649-10132911307-0,DFO_3280_From_20080301_to_20080403,2008-03-01,2008-04-03,remote_event_centroid_with_isolated_pilot_pixel,low,37.595,Jalan Karet Pedurenan Raya,tertiary,28132208,5189841649,10132911307,0,250,0.75,0.05,coarse-modis-250m,214887.339,0.964062,0.964062,0.0,0.0,0.0,unknown,excluded,event_context_not_jakarta
osm-519545266-1993475640-0,DFO_3280_From_20080301_to_20080403,2008-03-01,2008-04-03,remote_event_centroid_with_isolated_pilot_pixel,low,30.074,Jalan Letnan Jenderal MT Haryono,trunk,759043235,519545266,1993475640,0,250,0.75,0.05,coarse-modis-250m,211124.793,0.963241,0.963241,0.0,0.0,0.0,unknown,excluded,event_context_not_jakarta
osm-5201675286-7055752942-0,DFO_3280_From_20080301_to_20080403,2008-03-01,2008-04-03,remote_event_centroid_with_isolated_pilot_pixel,low,88.644,Jalan Letnan Jenderal Suprapto,primary,688709921|755341457|488110561,5201675286,7055752942,0,250,0.75,0.05,coarse-modis-250m,240425.877,0.9678,0.9678,0.0,0.0,0.0,unknown,excluded,event_context_not_jakarta
osm-5201675288-5201675286-0,DFO_3280_From_20080301_to_20080403,2008-03-01,2008-04-03,remote_event_centroid_with_isolated_pilot_pixel,low,13.088,Jalan Letnan Jenderal Suprapto,primary,688709921,5201675288,5201675286,0,250,0.75,0.05,coarse-modis-250m,202626.063,0.961695,0.961695,0.0,0.0,0.0,unknown,excluded,event_context_not_jakarta
osm-5205645925-10090309238-0,DFO_3280_From_20080301_to_20080403,2008-03-01,2008-04-03,remote_event_centroid_with_isolated_pilot_pixel,low,1.899,Jalan Profesor Doktor Satrio,primary,454203124,5205645925,10090309238,0,250,0.75,0.05,coarse-modis-250m,197028.353,0.733317,0.733317,0.0,0.0,0.0,unknown,excluded,event_context_not_jakarta
osm-5227396653-9013059182-0,DFO_3280_From_20080301_to_20080403,2008-03-01,2008-04-03,remote_event_centroid_with_isolated_pilot_pixel,low,42.713,Jalan Pemuda,primary,28775346,5227396653,9013059182,0,250,0.75,0.05,coarse-modis-250m,217447.845,0.964317,0.964317,0.0,0.0,0.0,unknown,excluded,event_context_not_jakarta
osm-5230379695-104364332-0,DFO_3280_From_20080301_to_20080403,2008-03-01,2008-04-03,remote_event_centroid_with_isolated_pilot_pixel,low,706.751,Jalan Kyai Caringin,primary,836650211|28225269|28225270|687285375,5230379695,104364332,0,250,0.75,0.05,coarse-modis-250m,549660.236,0.983107,0.983107,0.0,0.0,0.0,unknown,excluded,event_context_not_jakarta
osm-5290941766-5078382212-0,DFO_3280_From_20080301_to_20080403,2008-03-01,2008-04-03,remote_event_centroid_with_isolated_pilot_pixel,low,285.98,Jalan Kolonel Soegiono,primary,27945891,5290941766,5078382212,0,250,0.75,0.05,coarse-modis-250m,339157.897,0.975163,0.975163,0.0,0.0,0.0,unknown,excluded,event_context_not_jakarta
osm-5334300227-4785715143-0,DFO_3280_From_20080301_to_20080403,2008-03-01,2008-04-03,remote_event_centroid_with_isolated_pilot_pixel,low,61.25,Jalan Karet Pedurenan Raya,tertiary,28132208,5334300227,4785715143,0,250,0.75,0.05,coarse-modis-250m,226722.439,0.96538,0.96538,0.0,0.0,0.0,unknown,excluded,event_context_not_jakarta
osm-5354213657-2210464501-0,DFO_3280_From_20080301_to_20080403,2008-03-01,2008-04-03,remote_event_centroid_with_isolated_pilot_pixel,low,148.704,Jalan Gunung Sahari Raya,primary,592276676,5354213657,2210464501,0,250,0.75,0.05,coarse-modis-250m,270464.449,0.970272,0.970272,0.0,0.0,0.0,unknown,excluded,event_context_not_jakarta
osm-5354213698-1675425882-0,DFO_3280_From_20080301_to_20080403,2008-03-01,2008-04-03,remote_event_centroid_with_isolated_pilot_pixel,low,52.498,Jalan Gunung Sahari Raya,primary,1483900145,5354213698,1675425882,0,250,0.75,0.05,coarse-modis-250m,222343.855,0.964904,0.964904,0.0,0.0,0.0,unknown,excluded,event_context_not_jakarta
osm-5354213822-12688243259-0,DFO_3280_From_20080301_to_20080403,2008-03-01,2008-04-03,remote_event_centroid_with_isolated_pilot_pixel,low,7.574,Jalan Gunung Sahari Raya,primary,1530998628,5354213822,12688243259,0,250,0.75,0.05,coarse-modis-250m,199867.389,0.961478,0.961478,0.0,0.0,0.0,unknown,excluded,event_context_not_jakarta
osm-5371596264-7120393920-0,DFO_3280_From_20080301_to_20080403,2008-03-01,2008-04-03,remote_event_centroid_with_isolated_pilot_pixel,low,35.202,Jalan Gunung Sahari Raya,primary,654692998,5371596264,7120393920,0,250,0.75,0.05,coarse-modis-250m,213689.975,0.963652,0.963652,0.0,0.0,0.0,unknown,excluded,event_context_not_jakarta
osm-5371596268-7120341842-0,DFO_3280_From_20080301_to_20080403,2008-03-01,2008-04-03,remote_event_centroid_with_isolated_pilot_pixel,low,7.57,Jalan Gunung Sahari Raya,primary,654692998,5371596268,7120341842,0,250,0.75,0.05,coarse-modis-250m,199865.688,0.961583,0.961583,0.0,0.0,0.0,unknown,excluded,event_context_not_jakarta
osm-5371596275-5004550057-0,DFO_3280_From_20080301_to_20080403,2008-03-01,2008-04-03,remote_event_centroid_with_isolated_pilot_pixel,low,101.412,Jalan Gunung Sahari Raya,primary,654692998,5371596275,5004550057,0,250,0.75,0.05,coarse-modis-250m,246816.069,0.967914,0.967914,0.0,0.0,0.0,unknown,excluded,event_context_not_jakarta
osm-5371876858-310080557-0,DFO_3280_From_20080301_to_20080403,2008-03-01,2008-04-03,remote_event_centroid_with_isolated_pilot_pixel,low,19.364,Jalan Letnan Jenderal Siswondo Parman,trunk,688117575,5371876858,310080557,0,250,0.75,0.05,coarse-modis-250m,205766.118,0.962488,0.962488,0.0,0.0,0.0,unknown,excluded,event_context_not_jakarta
osm-5372018440-6333252911-0,DFO_3280_From_20080301_to_20080403,2008-03-01,2008-04-03,remote_event_centroid_with_isolated_pilot_pixel,low,40.167,Jalan Insinyur Haji Juanda,secondary,11670123,5372018440,6333252911,0,250,0.75,0.05,coarse-modis-250m,216174.207,0.963918,0.963918,0.0,0.0,0.0,unknown,excluded,event_context_not_jakarta
osm-5372018448-5009348129-0,DFO_3280_From_20080301_to_20080403,2008-03-01,2008-04-03,remote_event_centroid_with_isolated_pilot_pixel,low,136.318,Jalan Insinyur Haji Juanda,secondary,696175332|630145551,5372018448,5009348129,0,250,0.75,0.05,coarse-modis-250m,264268.311,0.9694,0.9694,0.0,0.0,0.0,unknown,excluded,event_context_not_jakarta
osm-5372018508-6332594575-0,DFO_3280_From_20080301_to_20080403,2008-03-01,2008-04-03,remote_event_centroid_with_isolated_pilot_pixel,low,59.023,Jalan Suryopranoto,primary,497546914,5372018508,6332594575,0,250,0.75,0.05,coarse-modis-250m,225607.758,0.965282,0.965282,0.0,0.0,0.0,unknown,excluded,event_context_not_jakarta
osm-5372153126-6486347952-0,DFO_3280_From_20080301_to_20080403,2008-03-01,2008-04-03,remote_event_centroid_with_isolated_pilot_pixel,low,23.508,Jalan Letnan Jenderal Siswondo Parman,trunk,560008548,5372153126,6486347952,0,250,0.75,0.05,coarse-modis-250m,207839.379,0.962921,0.962921,0.0,0.0,0.0,unknown,excluded,event_context_not_jakarta
osm-5372153133-12202088425-0,DFO_3280_From_20080301_to_20080403,2008-03-01,2008-04-03,remote_event_centroid_with_isolated_pilot_pixel,low,19.402,Jalan Letnan Jenderal Siswondo Parman,trunk,560008548,5372153133,12202088425,0,250,0.75,0.05,coarse-modis-250m,205785.046,0.962524,0.962524,0.0,0.0,0.0,unknown,excluded,event_context_not_jakarta
osm-5372153134-5372153137-0,DFO_3280_From_20080301_to_20080403,2008-03-01,2008-04-03,remote_event_centroid_with_isolated_pilot_pixel,low,34.516,Jalan Letnan Jenderal Siswondo Parman,trunk,1027699887,5372153134,5372153137,0,250,0.75,0.05,coarse-modis-250m,213347.023,0.963704,0.963704,0.0,0.0,0.0,unknown,excluded,event_context_not_jakarta
osm-5372153137-5673841347-0,DFO_3280_From_20080301_to_20080403,2008-03-01,2008-04-03,remote_event_centroid_with_isolated_pilot_pixel,low,12.661,Jalan Letnan Jenderal Siswondo Parman,trunk,1027699887,5372153137,5673841347,0,250,0.75,0.05,coarse-modis-250m,202412.618,0.961929,0.961929,0.0,0.0,0.0,unknown,excluded,event_context_not_jakarta
osm-5372153144-9647927422-0,DFO_3280_From_20080301_to_20080403,2008-03-01,2008-04-03,remote_event_centroid_with_isolated_pilot_pixel,low,8.725,Jalan Letnan Jenderal Siswondo Parman,trunk,1027699887,5372153144,9647927422,0,250,0.75,0.05,coarse-modis-250m,200443.557,0.961537,0.961537,0.0,0.0,0.0,unknown,excluded,event_context_not_jakarta
osm-5372153147-6831185205-0,DFO_3280_From_20080301_to_20080403,2008-03-01,2008-04-03,remote_event_centroid_with_isolated_pilot_pixel,low,39.999,Jalan Letnan Jenderal Siswondo Parman,trunk,1027699887,5372153147,6831185205,0,250,0.75,0.05,coarse-modis-250m,216090.067,0.964089,0.964089,0.0,0.0,0.0,unknown,excluded,event_context_not_jakarta
osm-5372153151-9486332419-0,DFO_3280_From_20080301_to_20080403,2008-03-01,2008-04-03,remote_event_centroid_with_isolated_pilot_pixel,low,35.004,Jalan Letnan Jenderal Siswondo Parman,trunk,688117571,5372153151,9486332419,0,250,0.75,0.05,coarse-modis-250m,213591.295,0.9637,0.9637,0.0,0.0,0.0,unknown,excluded,event_context_not_jakarta
osm-5372153155-9003292724-0,DFO_3280_From_20080301_to_20080403,2008-03-01,2008-04-03,remote_event_centroid_with_isolated_pilot_pixel,low,108.503,Jalan Letnan Jenderal Siswondo Parman,trunk,688117572,5372153155,9003292724,0,250,0.75,0.05,coarse-modis-250m,250363.622,0.968299,0.968299,0.0,0.0,0.0,unknown,excluded,event_context_not_jakarta
osm-5372153165-5372153166-0,DFO_3280_From_20080301_to_20080403,2008-03-01,2008-04-03,remote_event_centroid_with_isolated_pilot_pixel,low,106.787,Jalan Letnan Jenderal Siswondo Parman,trunk,688117573,5372153165,5372153166,0,250,0.75,0.05,coarse-modis-250m,249502.11,0.968226,0.968226,0.0,0.0,0.0,unknown,excluded,event_context_not_jakarta
osm-5372153166-5372153186-0,DFO_3280_From_20080301_to_20080403,2008-03-01,2008-04-03,remote_event_centroid_with_isolated_pilot_pixel,low,134.559,Jalan Letnan Jenderal Siswondo Parman,trunk,1220173369|1220173370|688117573,5372153166,5372153186,0,250,0.75,0.05,coarse-modis-250m,263397.847,0.969645,0.969645,0.0,0.0,0.0,unknown,excluded,event_context_not_jakarta
osm-5372153186-11438846310-0,DFO_3280_From_20080301_to_20080403,2008-03-01,2008-04-03,remote_event_centroid_with_isolated_pilot_pixel,low,20.044,Jalan Letnan Jenderal Siswondo Parman,trunk,1220173370,5372153186,11438846310,0,250,0.75,0.05,coarse-modis-250m,206106.358,0.962443,0.962443,0.0,0.0,0.0,unknown,excluded,event_context_not_jakarta
osm-5372153187-6451233570-0,DFO_3280_From_20080301_to_20080403,2008-03-01,2008-04-03,remote_event_centroid_with_isolated_pilot_pixel,low,200.392,Jalan Letnan Jenderal Siswondo Parman,trunk,688087394,5372153187,6451233570,0,250,0.75,0.05,coarse-modis-250m,296337.281,0.972566,0.972566,0.0,0.0,0.0,unknown,excluded,event_context_not_jakarta
osm-5373820573-9032080365-0,DFO_3280_From_20080301_to_20080403,2008-03-01,2008-04-03,remote_event_centroid_with_isolated_pilot_pixel,low,11.311,Jalan Kebon Sirih,primary,18056345,5373820573,9032080365,0,250,0.75,0.05,coarse-modis-250m,201737.114,0.961643,0.961643,0.0,0.0,0.0,unknown,excluded,event_context_not_jakarta
osm-5373977777-4849427405-0,DFO_3280_From_20080301_to_20080403,2008-03-01,2008-04-03,remote_event_centroid_with_isolated_pilot_pixel,low,26.327,Jalan Letnan Jenderal Suprapto,primary,492988946,5373977777,4849427405,0,250,0.75,0.05,coarse-modis-250m,209249.989,0.962854,0.962854,0.0,0.0,0.0,unknown,excluded,event_context_not_jakarta
osm-5373977782-4849427421-0,DFO_3280_From_20080301_to_20080403,2008-03-01,2008-04-03,remote_event_centroid_with_isolated_pilot_pixel,low,62.126,Jalan Letnan Jenderal Suprapto,primary,492988997,5373977782,4849427421,0,250,0.75,0.05,coarse-modis-250m,227160.726,0.965592,0.965592,0.0,0.0,0.0,unknown,excluded,event_context_not_jakarta
osm-5373977783-4849427396-0,DFO_3280_From_20080301_to_20080403,2008-03-01,2008-04-03,remote_event_centroid_with_isolated_pilot_pixel,low,89.029,Jalan Letnan Jenderal Suprapto,primary,761522995,5373977783,4849427396,0,250,0.75,0.05,coarse-modis-250m,240620.477,0.966327,0.966327,0.0,0.0,0.0,unknown,excluded,event_context_not_jakarta
osm-5373977800-4849427413-0,DFO_3280_From_20080301_to_20080403,2008-03-01,2008-04-03,remote_event_centroid_with_isolated_pilot_pixel,low,39.974,Jalan Letnan Jenderal Suprapto,primary,761522995,5373977800,4849427413,0,250,0.75,0.05,coarse-modis-250m,216077.536,0.964152,0.964152,0.0,0.0,0.0,unknown,excluded,event_context_not_jakarta
osm-5374005699-4849427395-0,DFO_3280_From_20080301_to_20080403,2008-03-01,2008-04-03,remote_event_centroid_with_isolated_pilot_pixel,low,29.335,Jalan Letnan Jenderal Suprapto,primary,761522995,5374005699,4849427395,0,250,0.75,0.05,coarse-modis-250m,210753.889,0.963133,0.963133,0.0,0.0,0.0,unknown,excluded,event_context_not_jakarta
osm-5374199556-29939148-0,DFO_3280_From_20080301_to_20080403,2008-03-01,2008-04-03,remote_event_centroid_with_isolated_pilot_pixel,low,9.209,Jalan Bungur Besar Raya,secondary,1265625996,5374199556,29939148,0,250,0.75,0.05,coarse-modis-250m,200685.583,0.961437,0.961437,0.0,0.0,0.0,unknown,excluded,event_context_not_jakarta
osm-5374282148-11076463250-0,DFO_3280_From_20080301_to_20080403,2008-03-01,2008-04-03,remote_event_centroid_with_isolated_pilot_pixel,low,64.693,Jalan Kramat Kwitang,primary,749318053,5374282148,11076463250,0,250,0.75,0.05,coarse-modis-250m,228429.732,0.965652,0.965652,0.0,0.0,0.0,unknown,excluded,event_context_not_jakarta
osm-5374282155-5377151799-0,DFO_3280_From_20080301_to_20080403,2008-03-01,2008-04-03,remote_event_centroid_with_isolated_pilot_pixel,low,14.744,Jalan Arief Rachman Hakim,primary,749318625,5374282155,5377151799,0,250,0.75,0.05,coarse-modis-250m,203454.634,0.961975,0.961975,0.0,0.0,0.0,unknown,excluded,event_context_not_jakarta
osm-5374282198-6315624963-0,DFO_3280_From_20080301_to_20080403,2008-03-01,2008-04-03,remote_event_centroid_with_isolated_pilot_pixel,low,63.772,Jalan Kramat Kwitang,primary,458897450,5374282198,6315624963,0,250,0.75,0.05,coarse-modis-250m,227984.184,0.96566,0.96566,0.0,0.0,0.0,unknown,excluded,event_context_not_jakarta
osm-5374282375-7103903985-0,DFO_3280_From_20080301_to_20080403,2008-03-01,2008-04-03,remote_event_centroid_with_isolated_pilot_pixel,low,806.303,Jalan Pasar Senen,primary,1250860513|560887460|1225571177|724007433,5374282375,7103903985,0,250,0.75,0.05,coarse-modis-250m,599381.768,0.984647,0.984647,0.0,0.0,0.0,unknown,excluded,event_context_not_jakarta
osm-5374290437-186871954-0,DFO_3280_From_20080301_to_20080403,2008-03-01,2008-04-03,remote_event_centroid_with_isolated_pilot_pixel,low,79.88,Jalan Jatibaru,primary,343915036,5374290437,186871954,0,250,0.75,0.05,coarse-modis-250m,236011.614,0.966504,0.966504,0.0,0.0,0.0,unknown,excluded,event_context_not_jakarta
osm-5374380799-1675488274-0,DFO_3280_From_20080301_to_20080403,2008-03-01,2008-04-03,remote_event_centroid_with_isolated_pilot_pixel,low,9.532,Jalan Letnan Jenderal Suprapto,primary,766850322,5374380799,1675488274,0,250,0.75,0.05,coarse-modis-250m,200847.05,0.961737,0.961737,0.0,0.0,0.0,unknown,excluded,event_context_not_jakarta
osm-5374643987-9648835249-0,DFO_3280_From_20080301_to_20080403,2008-03-01,2008-04-03,remote_event_centroid_with_isolated_pilot_pixel,low,48.107,Jalan Letnan Jenderal Suprapto,primary,492988946,5374643987,9648835249,0,250,0.75,0.05,coarse-modis-250m,220146.835,0.964628,0.964628,0.0,0.0,0.0,unknown,excluded,event_context_not_jakarta
osm-5374644166-7015230199-0,DFO_3280_From_20080301_to_20080403,2008-03-01,2008-04-03,remote_event_centroid_with_isolated_pilot_pixel,low,18.29,Jalan Letnan Jenderal Suprapto,primary,492988946,5374644166,7015230199,0,250,0.75,0.05,coarse-modis-250m,205228.821,0.960791,0.960791,0.0,0.0,0.0,unknown,excluded,event_context_not_jakarta
osm-5374804742-4758805504-0,DFO_3280_From_20080301_to_20080403,2008-03-01,2008-04-03,remote_event_centroid_with_isolated_pilot_pixel,low,37.119,Jalan Pemuda,primary,758287381,5374804742,4758805504,0,250,0.75,0.05,coarse-modis-250m,214649.078,0.963901,0.963901,0.0,0.0,0.0,unknown,excluded,event_context_not_jakarta
osm-5374804752-5374804742-0,DFO_3280_From_20080301_to_20080403,2008-03-01,2008-04-03,remote_event_centroid_with_isolated_pilot_pixel,low,23.744,Jalan Pemuda,primary,758287381,5374804752,5374804742,0,250,0.75,0.05,coarse-modis-250m,207957.608,0.962632,0.962632,0.0,0.0,0.0,unknown,excluded,event_context_not_jakarta
osm-5374804755-5374804752-0,DFO_3280_From_20080301_to_20080403,2008-03-01,2008-04-03,remote_event_centroid_with_isolated_pilot_pixel,low,25.306,Jalan Pemuda,primary,758287380,5374804755,5374804752,0,250,0.75,0.05,coarse-modis-250m,208739.134,0.962752,0.962752,0.0,0.0,0.0,unknown,excluded,event_context_not_jakarta
osm-5377076414-5377076416-0,DFO_3280_From_20080301_to_20080403,2008-03-01,2008-04-03,remote_event_centroid_with_isolated_pilot_pixel,low,44.553,Jalan Kramat Raya,primary,758051339,5377076414,5377076416,0,250,0.75,0.05,coarse-modis-250m,218368.783,0.964302,0.964302,0.0,0.0,0.0,unknown,excluded,event_context_not_jakarta
osm-5377076416-11237483572-0,DFO_3280_From_20080301_to_20080403,2008-03-01,2008-04-03,remote_event_centroid_with_isolated_pilot_pixel,low,5.019,Jalan Kramat Raya,primary,758051339,5377076416,11237483572,0,250,0.75,0.05,coarse-modis-250m,198589.163,0.961258,0.961258,0.0,0.0,0.0,unknown,excluded,event_context_not_jakarta
osm-5377076421-9019122232-0,DFO_3280_From_20080301_to_20080403,2008-03-01,2008-04-03,remote_event_centroid_with_isolated_pilot_pixel,low,41.788,Jalan Salemba Raya,primary,713583502,5377076421,9019122232,0,250,0.75,0.05,coarse-modis-250m,216985.411,0.964147,0.964147,0.0,0.0,0.0,unknown,excluded,event_context_not_jakarta
osm-5377076423-5377076421-0,DFO_3280_From_20080301_to_20080403,2008-03-01,2008-04-03,remote_event_centroid_with_isolated_pilot_pixel,low,56.823,Jalan Kramat Raya,primary,713583502|713583503,5377076423,5377076421,0,250,0.75,0.05,coarse-modis-250m,224507.524,0.965289,0.965289,0.0,0.0,0.0,unknown,excluded,event_context_not_jakarta
osm-5377076552-9708579924-0,DFO_3280_From_20080301_to_20080403,2008-03-01,2008-04-03,remote_event_centroid_with_isolated_pilot_pixel,low,109.547,Jalan Salemba Raya,primary,28715955,5377076552,9708579924,0,250,0.75,0.05,coarse-modis-250m,250866.731,0.96833,0.96833,0.0,0.0,0.0,unknown,excluded,event_context_not_jakarta
osm-5377076560-315198778-0,DFO_3280_From_20080301_to_20080403,2008-03-01,2008-04-03,remote_event_centroid_with_isolated_pilot_pixel,low,24.222,Jalan Salemba Raya,primary,830698409,5377076560,315198778,0,250,0.75,0.05,coarse-modis-250m,208196.268,0.96278,0.96278,0.0,0.0,0.0,unknown,excluded,event_context_not_jakarta
osm-5377151799-6315603275-0,DFO_3280_From_20080301_to_20080403,2008-03-01,2008-04-03,remote_event_centroid_with_isolated_pilot_pixel,low,6.482,Jalan Kramat Kwitang,primary,28216524,5377151799,6315603275,0,250,0.75,0.05,coarse-modis-250m,199321.246,0.961321,0.961321,0.0,0.0,0.0,unknown,excluded,event_context_not_jakarta
osm-5377177680-9019104733-0,DFO_3280_From_20080301_to_20080403,2008-03-01,2008-04-03,remote_event_centroid_with_isolated_pilot_pixel,low,55.794,Jalan Penjernihan 1,primary,169300294,5377177680,9019104733,0,250,0.75,0.05,coarse-modis-250m,223982.301,0.964994,0.964994,0.0,0.0,0.0,unknown,excluded,event_context_not_jakarta
osm-5377177693-6320275018-0,DFO_3280_From_20080301_to_20080403,2008-03-01,2008-04-03,remote_event_centroid_with_isolated_pilot_pixel,low,10.467,Jalan Penjernihan 1,primary,28779908,5377177693,6320275018,0,250,0.75,0.05,coarse-modis-250m,201314.895,0.961739,0.961739,0.0,0.0,0.0,unknown,excluded,event_context_not_jakarta
osm-5377178522-5377178527-0,DFO_3280_From_20080301_to_20080403,2008-03-01,2008-04-03,remote_event_centroid_with_isolated_pilot_pixel,low,44.554,Jalan Penjernihan 1,primary,768031660,5377178522,5377178527,0,250,0.75,0.05,coarse-modis-250m,218369.054,0.964431,0.964431,0.0,0.0,0.0,unknown,excluded,event_context_not_jakarta
osm-5377178527-5669078465-0,DFO_3280_From_20080301_to_20080403,2008-03-01,2008-04-03,remote_event_centroid_with_isolated_pilot_pixel,low,10.185,Jalan Penjernihan 1,primary,768031660,5377178527,5669078465,0,250,0.75,0.05,coarse-modis-250m,201173.716,0.961702,0.961702,0.0,0.0,0.0,unknown,excluded,event_context_not_jakarta
osm-5377313966-7192466992-0,DFO_3280_From_20080301_to_20080403,2008-03-01,2008-04-03,remote_event_centroid_with_isolated_pilot_pixel,low,44.347,Unnamed OSM road,residential,557560277,5377313966,7192466992,0,250,0.75,0.05,coarse-modis-250m,218265.725,0.964391,0.964391,0.0,0.0,0.0,unknown,excluded,event_context_not_jakarta
osm-5377313967-5377313966-0,DFO_3280_From_20080301_to_20080403,2008-03-01,2008-04-03,remote_event_centroid_with_isolated_pilot_pixel,low,59.832,Unnamed OSM road,residential,557560277,5377313967,5377313966,0,250,0.75,0.05,coarse-modis-250m,226012.152,0.965452,0.965452,0.0,0.0,0.0,unknown,excluded,event_context_not_jakarta
osm-5377313968-13913580148-0,DFO_3280_From_20080301_to_20080403,2008-03-01,2008-04-03,remote_event_centroid_with_isolated_pilot_pixel,low,27.115,Unnamed OSM road,service,1526635905,5377313968,13913580148,0,250,0.75,0.05,coarse-modis-250m,209616.015,0.963945,0.963945,0.0,0.0,0.0,unknown,excluded,event_context_not_jakarta
osm-5377313978-5377313968-0,DFO_3280_From_20080301_to_20080403,2008-03-01,2008-04-03,remote_event_centroid_with_isolated_pilot_pixel,low,31.982,Unnamed OSM road,service,1526635910,5377313978,5377313968,0,250,0.75,0.05,coarse-modis-250m,212079.058,0.963433,0.963433,0.0,0.0,0.0,unknown,excluded,event_context_not_jakarta
osm-5379663307-5379667458-0,DFO_3280_From_20080301_to_20080403,2008-03-01,2008-04-03,remote_event_centroid_with_isolated_pilot_pixel,low,29.681,Jalan Yos Sudarso,trunk,496592226,5379663307,5379667458,0,250,0.75,0.05,coarse-modis-250m,210932.423,0.964157,0.964157,0.0,0.0,0.0,unknown,excluded,event_context_not_jakarta
osm-5379667162-12799849299-0,DFO_3280_From_20080301_to_20080403,2008-03-01,2008-04-03,remote_event_centroid_with_isolated_pilot_pixel,low,39.96,Jalan Yos Sudarso,trunk,496592226,5379667162,12799849299,0,250,0.75,0.05,coarse-modis-250m,216070.824,0.96404,0.96404,0.0,0.0,0.0,unknown,excluded,event_context_not_jakarta
osm-5379667437-7131381422-0,DFO_3280_From_20080301_to_20080403,2008-03-01,2008-04-03,remote_event_centroid_with_isolated_pilot_pixel,low,85.36,Jalan Yos Sudarso,trunk,781727135,5379667437,7131381422,0,250,0.75,0.05,coarse-modis-250m,238784.938,0.966964,0.966964,0.0,0.0,0.0,unknown,excluded,event_context_not_jakarta
osm-5379667449-7697810036-0,DFO_3280_From_20080301_to_20080403,2008-03-01,2008-04-03,remote_event_centroid_with_isolated_pilot_pixel,low,33.332,Jalan Yos Sudarso,trunk,496592226,5379667449,7697810036,0,250,0.75,0.05,coarse-modis-250m,212754.762,0.963584,0.963584,0.0,0.0,0.0,unknown,excluded,event_context_not_jakarta
osm-5379667458-5379667449-0,DFO_3280_From_20080301_to_20080403,2008-03-01,2008-04-03,remote_event_centroid_with_isolated_pilot_pixel,low,28.088,Jalan Yos Sudarso,trunk,496592226,5379667458,5379667449,0,250,0.75,0.05,coarse-modis-250m,210130.954,0.96314,0.96314,0.0,0.0,0.0,unknown,excluded,event_context_not_jakarta
osm-5379667472-10788400699-0,DFO_3280_From_20080301_to_20080403,2008-03-01,2008-04-03,remote_event_centroid_with_isolated_pilot_pixel,low,16.849,Jalan Yos Sudarso,trunk,496592226,5379667472,10788400699,0,250,0.75,0.05,coarse-modis-250m,204507.914,0.962261,0.962261,0.0,0.0,0.0,unknown,excluded,event_context_not_jakarta
osm-5379667478-5379663307-0,DFO_3280_From_20080301_to_20080403,2008-03-01,2008-04-03,remote_event_centroid_with_isolated_pilot_pixel,low,53.639,Jalan Yos Sudarso,trunk,496592226,5379667478,5379663307,0,250,0.75,0.05,coarse-modis-250m,222914.507,0.965018,0.965018,0.0,0.0,0.0,unknown,excluded,event_context_not_jakarta
osm-5379767874-10654460939-0,DFO_3280_From_20080301_to_20080403,2008-03-01,2008-04-03,remote_event_centroid_with_isolated_pilot_pixel,low,108.786,Jalan Boulevard Barat,secondary,759685195,5379767874,10654460939,0,250,0.75,0.05,coarse-modis-250m,250499.804,0.968306,0.968306,0.0,0.0,0.0,unknown,excluded,event_context_not_jakarta
osm-5379767891-5380146201-0,DFO_3280_From_20080301_to_20080403,2008-03-01,2008-04-03,remote_event_centroid_with_isolated_pilot_pixel,low,38.796,Jalan Putri Pelangi,residential,519894258,5379767891,5380146201,0,250,0.75,0.05,coarse-modis-250m,215488.162,0.963882,0.963882,0.0,0.0,0.0,unknown,excluded,event_context_not_jakarta
osm-5379768929-6434967979-0,DFO_3280_From_20080301_to_20080403,2008-03-01,2008-04-03,remote_event_centroid_with_isolated_pilot_pixel,low,45.58,Jalan Pulau Putri,residential,279455518,5379768929,6434967979,0,250,0.75,0.05,coarse-modis-250m,218687.623,0.964049,0.964049,0.0,0.0,0.0,unknown,excluded,event_context_not_jakarta
osm-5379768936-13030921684-0,DFO_3280_From_20080301_to_20080403,2008-03-01,2008-04-03,remote_event_centroid_with_isolated_pilot_pixel,low,46.21,Unnamed OSM road,residential,1417995174,5379768936,13030921684,0,250,0.75,0.05,coarse-modis-250m,219186.147,0.964563,0.964563,0.0,0.0,0.0,unknown,excluded,event_context_not_jakarta
osm-5379768936-13030921685-0,DFO_3280_From_20080301_to_20080403,2008-03-01,2008-04-03,remote_event_centroid_with_isolated_pilot_pixel,low,47.542,Jalan Pulau Putri,residential,1312175635|1417995173,5379768936,13030921685,0,250,0.75,0.05,coarse-modis-250m,219783.703,0.965287,0.965287,0.0,0.0,0.0,unknown,excluded,event_context_not_jakarta
osm-5379777249-4982201717-0,DFO_3280_From_20080301_to_20080403,2008-03-01,2008-04-03,remote_event_centroid_with_isolated_pilot_pixel,low,19.681,Jalan Mangga Dua Dalam,tertiary,508913824,5379777249,4982201717,0,250,0.75,0.05,coarse-modis-250m,205927.284,0.963161,0.963161,0.0,0.0,0.0,unknown,excluded,event_context_not_jakarta
osm-5379957272-9064994805-0,DFO_3280_From_20080301_to_20080403,2008-03-01,2008-04-03,remote_event_centroid_with_isolated_pilot_pixel,low,29.863,Jalan Otto Iskandar Dinata,primary,28765421,5379957272,9064994805,0,250,0.75,0.05,coarse-modis-250m,211018.86,0.963208,0.963208,0.0,0.0,0.0,unknown,excluded,event_context_not_jakarta
osm-5379957279-8520330753-0,DFO_3280_From_20080301_to_20080403,2008-03-01,2008-04-03,remote_event_centroid_with_isolated_pilot_pixel,low,40.17,Jalan Cipinang Cempedak I,tertiary,98090600,5379957279,8520330753,0,250,0.75,0.05,coarse-modis-250m,216175.689,0.964384,0.964384,0.0,0.0,0.0,unknown,excluded,event_context_not_jakarta
osm-5379957290-13734985443-0,DFO_3280_From_20080301_to_20080403,2008-03-01,2008-04-03,remote_event_centroid_with_isolated_pilot_pixel,low,4.048,Jalan Cipinang Cempedak I,tertiary,688635244,5379957290,13734985443,0,250,0.75,0.05,coarse-modis-250m,198103.35,0.961168,0.961168,0.0,0.0,0.0,unknown,excluded,event_context_not_jakarta
osm-5379989630-4815227762-0,DFO_3280_From_20080301_to_20080403,2008-03-01,2008-04-03,remote_event_centroid_with_isolated_pilot_pixel,low,52.197,Jalan Pulolio,tertiary,489260903,5379989630,4815227762,0,250,0.75,0.05,coarse-modis-250m,222182.921,0.964884,0.964884,0.0,0.0,0.0,unknown,excluded,event_context_not_jakarta
osm-5379989631-1362598310-0,DFO_3280_From_20080301_to_20080403,2008-03-01,2008-04-03,remote_event_centroid_with_isolated_pilot_pixel,low,46.893,Jalan Pulolio,tertiary,1242611535,5379989631,1362598310,0,250,0.75,0.05,coarse-modis-250m,219507.645,0.964894,0.964894,0.0,0.0,0.0,unknown,excluded,event_context_not_jakarta
osm-5379992807-9015877327-0,DFO_3280_From_20080301_to_20080403,2008-03-01,2008-04-03,remote_event_centroid_with_isolated_pilot_pixel,low,15.682,Jalan Denpasar Raya,tertiary,28194353,5379992807,9015877327,0,250,0.75,0.05,coarse-modis-250m,203924.134,0.960026,0.960026,0.0,0.0,0.0,unknown,excluded,event_context_not_jakarta
osm-5380055271-1417312748-0,DFO_3280_From_20080301_to_20080403,2008-03-01,2008-04-03,remote_event_centroid_with_isolated_pilot_pixel,low,42.649,Jalan Perintis Kemerdekaan,trunk,427815402,5380055271,1417312748,0,250,0.75,0.05,coarse-modis-250m,217416.187,0.96405,0.96405,0.0,0.0,0.0,unknown,excluded,event_context_not_jakarta
osm-5380068218-9497883594-0,DFO_3280_From_20080301_to_20080403,2008-03-01,2008-04-03,remote_event_centroid_with_isolated_pilot_pixel,low,40.206,Jalan Jenderal Ahmad Yani,trunk,689877064,5380068218,9497883594,0,250,0.75,0.05,coarse-modis-250m,216193.767,0.963986,0.963986,0.0,0.0,0.0,unknown,excluded,event_context_not_jakarta
osm-5380068236-5380068242-0,DFO_3280_From_20080301_to_20080403,2008-03-01,2008-04-03,remote_event_centroid_with_isolated_pilot_pixel,low,28.761,Jalan Letnan Jenderal Suprapto,primary,492988997,5380068236,5380068242,0,250,0.75,0.05,coarse-modis-250m,210467.476,0.963089,0.963089,0.0,0.0,0.0,unknown,excluded,event_context_not_jakarta
osm-5380068242-4849427423-0,DFO_3280_From_20080301_to_20080403,2008-03-01,2008-04-03,remote_event_centroid_with_isolated_pilot_pixel,low,46.426,Jalan Letnan Jenderal Suprapto,primary,492988997,5380068242,4849427423,0,250,0.75,0.05,coarse-modis-250m,219305.899,0.964444,0.964444,0.0,0.0,0.0,unknown,excluded,event_context_not_jakarta
osm-5380113830-6490074722-0,DFO_3280_From_20080301_to_20080403,2008-03-01,2008-04-03,remote_event_centroid_with_isolated_pilot_pixel,low,77.528,Jalan Pemuda,primary,722419938,5380113830,6490074722,0,250,0.75,0.05,coarse-modis-250m,234866.667,0.965895,0.965895,0.0,0.0,0.0,unknown,excluded,event_context_not_jakarta
osm-5380113845-329975510-0,DFO_3280_From_20080301_to_20080403,2008-03-01,2008-04-03,remote_event_centroid_with_isolated_pilot_pixel,low,60.463,Jalan Pemuda,primary,722419938,5380113845,329975510,0,250,0.75,0.05,coarse-modis-250m,226329.443,0.96615,0.96615,0.0,0.0,0.0,unknown,excluded,event_context_not_jakarta
osm-5380146177-5379767891-0,DFO_3280_From_20080301_to_20080403,2008-03-01,2008-04-03,remote_event_centroid_with_isolated_pilot_pixel,low,49.134,Jalan Putri Pelangi,residential,519894258,5380146177,5379767891,0,250,0.75,0.05,coarse-modis-250m,220660.61,0.964764,0.964764,0.0,0.0,0.0,unknown,excluded,event_context_not_jakarta
osm-5380146201-5068494261-0,DFO_3280_From_20080301_to_20080403,2008-03-01,2008-04-03,remote_event_centroid_with_isolated_pilot_pixel,low,15.52,Jalan Putri Pelangi,residential,519894258,5380146201,5068494261,0,250,0.75,0.05,coarse-modis-250m,203843.105,0.962134,0.962134,0.0,0.0,0.0,unknown,excluded,event_context_not_jakarta
osm-5380146210-5068494260-0,DFO_3280_From_20080301_to_20080403,2008-03-01,2008-04-03,remote_event_centroid_with_isolated_pilot_pixel,low,126.603,Jalan Pulau Dana,residential,557920798,5380146210,5068494260,0,250,0.75,0.05,coarse-modis-250m,259419.23,0.969248,0.969248,0.0,0.0,0.0,unknown,excluded,event_context_not_jakarta
osm-5380240426-317182368-0,DFO_3280_From_20080301_to_20080403,2008-03-01,2008-04-03,remote_event_centroid_with_isolated_pilot_pixel,low,24.851,Jalan K. Haji Abdul Syafi'ie,primary,689649453,5380240426,317182368,0,250,0.75,0.05,coarse-modis-250m,208511.376,0.962911,0.962911,0.0,0.0,0.0,unknown,excluded,event_context_not_jakarta
osm-5380240433-5380240426-0,DFO_3280_From_20080301_to_20080403,2008-03-01,2008-04-03,remote_event_centroid_with_isolated_pilot_pixel,low,29.93,Jalan K. Haji Abdul Syafi'ie,primary,689649453,5380240433,5380240426,0,250,0.75,0.05,coarse-modis-250m,211052.775,0.963669,0.963669,0.0,0.0,0.0,unknown,excluded,event_context_not_jakarta
osm-5380240456-320021668-0,DFO_3280_From_20080301_to_20080403,2008-03-01,2008-04-03,remote_event_centroid_with_isolated_pilot_pixel,low,2.164,Jalan K. Haji Abdul Syafi'ie,primary,28850223,5380240456,320021668,0,250,0.75,0.05,coarse-modis-250m,197160.808,0.961047,0.961047,0.0,0.0,0.0,unknown,excluded,event_context_not_jakarta
osm-5388212558-7137820748-0,DFO_3280_From_20080301_to_20080403,2008-03-01,2008-04-03,remote_event_centroid_with_isolated_pilot_pixel,low,518.476,Jalan Perintis Kemerdekaan,trunk,458897448|568063273|427815398,5388212558,7137820748,0,250,0.75,0.05,coarse-modis-250m,455035.161,0.980493,0.980493,0.0,0.0,0.0,unknown,excluded,event_context_not_jakarta
osm-5388328959-8509512970-0,DFO_3280_From_20080301_to_20080403,2008-03-01,2008-04-03,remote_event_centroid_with_isolated_pilot_pixel,low,16.318,Jalan Denpasar Raya,tertiary,28194353,5388328959,8509512970,0,250,0.75,0.05,coarse-modis-250m,204242.325,0.962116,0.962116,0.0,0.0,0.0,unknown,excluded,event_context_not_jakarta
osm-5388329052-5806359018-0,DFO_3280_From_20080301_to_20080403,2008-03-01,2008-04-03,remote_event_centroid_with_isolated_pilot_pixel,low,80.021,Jalan Profesor Doktor Satrio,primary,613723908,5388329052,5806359018,0,250,0.75,0.05,coarse-modis-250m,236113.913,0.553465,0.553465,0.0,0.0,0.0,unknown,excluded,event_context_not_jakarta
osm-5388382567-9504567886-0,DFO_3280_From_20080301_to_20080403,2008-03-01,2008-04-03,remote_event_centroid_with_isolated_pilot_pixel,low,52.714,Jalan D. I. Panjaitan,trunk,687317710,5388382567,9504567886,0,250,0.75,0.05,coarse-modis-250m,222170.084,0.966612,0.966612,0.0,0.0,0.0,unknown,excluded,event_context_not_jakarta
osm-5391402284-1133807089-0,DFO_3280_From_20080301_to_20080403,2008-03-01,2008-04-03,remote_event_centroid_with_isolated_pilot_pixel,low,35.747,Jalan Cipinang Indah Raya,tertiary,737508241,5391402284,1133807089,0,250,0.75,0.05,coarse-modis-250m,213962.646,0.963712,0.963712,0.0,0.0,0.0,unknown,excluded,event_context_not_jakarta
osm-5391413717-316170709-0,DFO_3280_From_20080301_to_20080403,2008-03-01,2008-04-03,remote_event_centroid_with_isolated_pilot_pixel,low,9.94,Jalan Matraman,primary,751712039,5391413717,316170709,0,250,0.75,0.05,coarse-modis-250m,201051.461,0.961683,0.961683,0.0,0.0,0.0,unknown,excluded,event_context_not_jakarta
osm-5408975256-5408975257-0,DFO_3280_From_20080301_to_20080403,2008-03-01,2008-04-03,remote_event_centroid_with_isolated_pilot_pixel,low,18.283,Jalan Dokter Suratmo,secondary,560880228,5408975256,5408975257,0,250,0.75,0.05,coarse-modis-250m,205223.454,0.962325,0.962325,0.0,0.0,0.0,unknown,excluded,event_context_not_jakarta
osm-5408975257-9694871645-0,DFO_3280_From_20080301_to_20080403,2008-03-01,2008-04-03,remote_event_centroid_with_isolated_pilot_pixel,low,14.016,Jalan Gunung Sahari Raya,primary,634085906,5408975257,9694871645,0,250,0.75,0.05,coarse-modis-250m,203090.497,0.962047,0.962047,0.0,0.0,0.0,unknown,excluded,event_context_not_jakarta
osm-5421851682-5489964735-0,DFO_3280_From_20080301_to_20080403,2008-03-01,2008-04-03,remote_event_centroid_with_isolated_pilot_pixel,low,33.603,Jalan Bekasi Raya,trunk,562396728|1242664245|764298933,5421851682,5489964735,0,250,0.75,0.05,coarse-modis-250m,212889.495,0.963665,0.963665,0.0,0.0,0.0,unknown,excluded,event_context_not_jakarta
osm-5425990246-7576918597-0,DFO_3280_From_20080301_to_20080403,2008-03-01,2008-04-03,remote_event_centroid_with_isolated_pilot_pixel,low,15.112,Jalan Yos Sudarso,trunk,1190316860,5425990246,7576918597,0,250,0.75,0.05,coarse-modis-250m,203638.819,0.962392,0.962392,0.0,0.0,0.0,unknown,excluded,event_context_not_jakarta
osm-5425990246-7576934780-0,DFO_3280_From_20080301_to_20080403,2008-03-01,2008-04-03,remote_event_centroid_with_isolated_pilot_pixel,low,71.964,Jalan Yos Sudarso,trunk,496592226,5425990246,7576934780,0,250,0.75,0.05,coarse-modis-250m,232082.583,0.966202,0.966202,0.0,0.0,0.0,unknown,excluded,event_context_not_jakarta
osm-5436662071-12718674420-0,DFO_3280_From_20080301_to_20080403,2008-03-01,2008-04-03,remote_event_centroid_with_isolated_pilot_pixel,low,44.286,Jalan Mitra Sunter Boulevard,secondary,453477916,5436662071,12718674420,0,250,0.75,0.05,coarse-modis-250m,218234.861,0.964271,0.964271,0.0,0.0,0.0,unknown,excluded,event_context_not_jakarta
osm-5459048224-124093320-0,DFO_3280_From_20080301_to_20080403,2008-03-01,2008-04-03,remote_event_centroid_with_isolated_pilot_pixel,low,65.208,Jalan Salemba Raya,primary,699651422,5459048224,124093320,0,250,0.75,0.05,coarse-modis-250m,228702.066,0.966116,0.966116,0.0,0.0,0.0,unknown,excluded,event_context_not_jakarta
osm-5459161492-324276002-0,DFO_3280_From_20080301_to_20080403,2008-03-01,2008-04-03,remote_event_centroid_with_isolated_pilot_pixel,low,128.529,Jalan Perintis Kemerdekaan,trunk,1458289883,5459161492,324276002,0,250,0.75,0.05,coarse-modis-250m,260382.738,0.969347,0.969347,0.0,0.0,0.0,unknown,excluded,event_context_not_jakarta
osm-5459235880-13639648351-0,DFO_3280_From_20080301_to_20080403,2008-03-01,2008-04-03,remote_event_centroid_with_isolated_pilot_pixel,low,3.051,Jalan Penjernihan 1,primary,28779908,5459235880,13639648351,0,250,0.75,0.05,coarse-modis-250m,197604.714,0.961169,0.961169,0.0,0.0,0.0,unknown,excluded,event_context_not_jakarta
osm-5466187936-2415521692-0,DFO_3280_From_20080301_to_20080403,2008-03-01,2008-04-03,remote_event_centroid_with_isolated_pilot_pixel,low,92.704,Jalan Yos Sudarso,trunk,508942939,5466187936,2415521692,0,250,0.75,0.05,coarse-modis-250m,242450.67,0.967437,0.967437,0.0,0.0,0.0,unknown,excluded,event_context_not_jakarta
osm-5487632874-1342878998-0,DFO_3280_From_20080301_to_20080403,2008-03-01,2008-04-03,remote_event_centroid_with_isolated_pilot_pixel,low,77.617,Jalan Bekasi Raya,trunk,764238034,5487632874,1342878998,0,250,0.75,0.05,coarse-modis-250m,234906.798,0.96649,0.96649,0.0,0.0,0.0,unknown,excluded,event_context_not_jakarta
osm-5487633143-7045010187-0,DFO_3280_From_20080301_to_20080403,2008-03-01,2008-04-03,remote_event_centroid_with_isolated_pilot_pixel,low,55.035,Jalan Dokter KRT Radjiman Widyodiningrat,primary,489977113|690355148|489977117,5487633143,7045010187,0,250,0.75,0.05,coarse-modis-250m,223604.292,0.965311,0.965311,0.0,0.0,0.0,unknown,excluded,event_context_not_jakarta
osm-5487633251-5639226152-0,DFO_3280_From_20080301_to_20080403,2008-03-01,2008-04-03,remote_event_centroid_with_isolated_pilot_pixel,low,17.519,Jalan Dokter KRT Radjiman Widyodiningrat,primary,489977117,5487633251,5639226152,0,250,0.75,0.05,coarse-modis-250m,204843.291,0.962256,0.962256,0.0,0.0,0.0,unknown,excluded,event_context_not_jakarta
osm-5489964735-11501464554-0,DFO_3280_From_20080301_to_20080403,2008-03-01,2008-04-03,remote_event_centroid_with_isolated_pilot_pixel,low,51.471,Jalan Bekasi Raya,trunk,1242664245,5489964735,11501464554,0,250,0.75,0.05,coarse-modis-250m,221829.948,0.964961,0.964961,0.0,0.0,0.0,unknown,excluded,event_context_not_jakarta
osm-5489964736-1342878941-0,DFO_3280_From_20080301_to_20080403,2008-03-01,2008-04-03,remote_event_centroid_with_isolated_pilot_pixel,low,12.776,Jalan Bekasi Raya,trunk,763975531,5489964736,1342878941,0,250,0.75,0.05,coarse-modis-250m,202469.935,0.961933,0.961933,0.0,0.0,0.0,unknown,excluded,event_context_not_jakarta
osm-5489964742-7045231385-0,DFO_3280_From_20080301_to_20080403,2008-03-01,2008-04-03,remote_event_centroid_with_isolated_pilot_pixel,low,20.677,Jalan Dokter KRT Radjiman Widyodiningrat,primary,1238183824,5489964742,7045231385,0,250,0.75,0.05,coarse-modis-250m,206423.205,0.962593,0.962593,0.0,0.0,0.0,unknown,excluded,event_context_not_jakarta
osm-5490135579-5490135580-0,DFO_3280_From_20080301_to_20080403,2008-03-01,2008-04-03,remote_event_centroid_with_isolated_pilot_pixel,low,11.937,Jalan Dokter KRT Radjiman Widyodiningrat,primary,754061608,5490135579,5490135580,0,250,0.75,0.05,coarse-modis-250m,202051.967,0.962011,0.962011,0.0,0.0,0.0,unknown,excluded,event_context_not_jakarta
osm-5490135580-5650613341-0,DFO_3280_From_20080301_to_20080403,2008-03-01,2008-04-03,remote_event_centroid_with_isolated_pilot_pixel,low,115.321,Jalan Dokter KRT Radjiman Widyodiningrat,primary,754061608,5490135580,5650613341,0,250,0.75,0.05,coarse-modis-250m,253737.465,0.96854,0.96854,0.0,0.0,0.0,unknown,excluded,event_context_not_jakarta
osm-5490514226-519545266-0,DFO_3280_From_20080301_to_20080403,2008-03-01,2008-04-03,remote_event_centroid_with_isolated_pilot_pixel,low,74.086,Jalan Letnan Jenderal MT Haryono,trunk,759043235,5490514226,519545266,0,250,0.75,0.05,coarse-modis-250m,233144.233,0.965855,0.965855,0.0,0.0,0.0,unknown,excluded,event_context_not_jakarta
osm-5492419187-6878897947-0,DFO_3280_From_20080301_to_20080403,2008-03-01,2008-04-03,remote_event_centroid_with_isolated_pilot_pixel,low,51.268,Jalan Letnan Jenderal MT Haryono,trunk,1186134489|1317133074,5492419187,6878897947,0,250,0.75,0.05,coarse-modis-250m,221717.177,0.965449,0.965449,0.0,0.0,0.0,unknown,excluded,event_context_not_jakarta
osm-5492419212-12681087362-0,DFO_3280_From_20080301_to_20080403,2008-03-01,2008-04-03,remote_event_centroid_with_isolated_pilot_pixel,low,2.623,Jalan Letnan Jenderal MT Haryono,trunk,1186134492,5492419212,12681087362,0,250,0.75,0.05,coarse-modis-250m,197390.703,0.961495,0.961495,0.0,0.0,0.0,unknown,excluded,event_context_not_jakarta
osm-5492419221-12676215441-0,DFO_3280_From_20080301_to_20080403,2008-03-01,2008-04-03,remote_event_centroid_with_isolated_pilot_pixel,low,111.824,Jalan Letnan Jenderal MT Haryono,trunk,1186134492|760233039,5492419221,12676215441,0,250,0.75,0.05,coarse-modis-250m,252016.651,0.968441,0.968441,0.0,0.0,0.0,unknown,excluded,event_context_not_jakarta
osm-5492419247-1139140184-0,DFO_3280_From_20080301_to_20080403,2008-03-01,2008-04-03,remote_event_centroid_with_isolated_pilot_pixel,low,56.969,Jalan Letnan Jenderal MT Haryono,trunk,749966273,5492419247,1139140184,0,250,0.75,0.05,coarse-modis-250m,224580.809,0.965186,0.965186,0.0,0.0,0.0,unknown,excluded,event_context_not_jakarta
osm-5492419263-5492419270-0,DFO_3280_From_20080301_to_20080403,2008-03-01,2008-04-03,remote_event_centroid_with_isolated_pilot_pixel,low,26.032,Jalan Letnan Jenderal MT Haryono,trunk,98454566,5492419263,5492419270,0,250,0.75,0.05,coarse-modis-250m,209102.229,0.96279,0.96279,0.0,0.0,0.0,unknown,excluded,event_context_not_jakarta
osm-5492419270-11467500634-0,DFO_3280_From_20080301_to_20080403,2008-03-01,2008-04-03,remote_event_centroid_with_isolated_pilot_pixel,low,44.887,Jalan Letnan Jenderal MT Haryono,trunk,98454566,5492419270,11467500634,0,250,0.75,0.05,coarse-modis-250m,218535.667,0.964389,0.964389,0.0,0.0,0.0,unknown,excluded,event_context_not_jakarta
osm-5492419271-5493042852-0,DFO_3280_From_20080301_to_20080403,2008-03-01,2008-04-03,remote_event_centroid_with_isolated_pilot_pixel,low,15.724,Jalan Letnan Jenderal MT Haryono,trunk,414030041,5492419271,5493042852,0,250,0.75,0.05,coarse-modis-250m,203945.016,0.962372,0.962372,0.0,0.0,0.0,unknown,excluded,event_context_not_jakarta
osm-5493042852-5490514226-0,DFO_3280_From_20080301_to_20080403,2008-03-01,2008-04-03,remote_event_centroid_with_isolated_pilot_pixel,low,19.97,Jalan Letnan Jenderal MT Haryono,trunk,414030041,5493042852,5490514226,0,250,0.75,0.05,coarse-modis-250m,206069.512,0.962396,0.962396,0.0,0.0,0.0,unknown,excluded,event_context_not_jakarta
osm-5495680448-326484242-0,DFO_3280_From_20080301_to_20080403,2008-03-01,2008-04-03,remote_event_centroid_with_isolated_pilot_pixel,low,236.173,Jalan Dokter KRT Radjiman Widyodiningrat,primary,489977114,5495680448,326484242,0,250,0.75,0.05,coarse-modis-250m,314136.993,0.973669,0.973669,0.0,0.0,0.0,unknown,excluded,event_context_not_jakarta
osm-5495827291-95006366-0,DFO_3280_From_20080301_to_20080403,2008-03-01,2008-04-03,remote_event_centroid_with_isolated_pilot_pixel,low,130.695,Jalan Letnan Jenderal MT Haryono,trunk,1317109480|1186134490|760239157,5495827291,95006366,0,250,0.75,0.05,coarse-modis-250m,261463.735,0.969417,0.969417,0.0,0.0,0.0,unknown,excluded,event_context_not_jakarta
osm-5498027213-7400356402-0,DFO_3280_From_20080301_to_20080403,2008-03-01,2008-04-03,remote_event_centroid_with_isolated_pilot_pixel,low,13.651,Jalan D. I. Panjaitan,trunk,751673455,5498027213,7400356402,0,250,0.75,0.05,coarse-modis-250m,202907.724,0.96199,0.96199,0.0,0.0,0.0,unknown,excluded,event_context_not_jakarta
osm-5498027297-11445322163-0,DFO_3280_From_20080301_to_20080403,2008-03-01,2008-04-03,remote_event_centroid_with_isolated_pilot_pixel,low,25.602,Jalan Inspeksi Tarum Barat,primary,572251879,5498027297,11445322163,0,250,0.75,0.05,coarse-modis-250m,208874.653,0.963861,0.963861,0.0,0.0,0.0,unknown,excluded,event_context_not_jakarta
osm-5498027298-9626511706-0,DFO_3280_From_20080301_to_20080403,2008-03-01,2008-04-03,remote_event_centroid_with_isolated_pilot_pixel,low,83.527,Jalan Kalimalang,primary,98087417,5498027298,9626511706,0,250,0.75,0.05,coarse-modis-250m,237698.057,0.967197,0.967197,0.0,0.0,0.0,unknown,excluded,event_context_not_jakarta
osm-5498027349-9036874926-0,DFO_3280_From_20080301_to_20080403,2008-03-01,2008-04-03,remote_event_centroid_with_isolated_pilot_pixel,low,79.647,Jalan Kalimalang,primary,685347199|98087417|493592695,5498027349,9036874926,0,250,0.75,0.05,coarse-modis-250m,235925.513,0.966426,0.966426,0.0,0.0,0.0,unknown,excluded,event_context_not_jakarta
osm-5499209000-13525649819-0,DFO_3280_From_20080301_to_20080403,2008-03-01,2008-04-03,remote_event_centroid_with_isolated_pilot_pixel,low,96.878,Jalan Matraman,primary,278788931,5499209000,13525649819,0,250,0.75,0.05,coarse-modis-250m,244546.897,0.967787,0.967787,0.0,0.0,0.0,unknown,excluded,event_context_not_jakarta
osm-5506920627-332341344-0,DFO_3280_From_20080301_to_20080403,2008-03-01,2008-04-03,remote_event_centroid_with_isolated_pilot_pixel,low,74.89,Jalan Sahabat Baru II,residential,30159072,5506920627,332341344,0,250,0.75,0.05,coarse-modis-250m,233546.504,0.966096,0.966096,0.0,0.0,0.0,unknown,excluded,event_context_not_jakarta
osm-5506920631-5648666147-0,DFO_3280_From_20080301_to_20080403,2008-03-01,2008-04-03,remote_event_centroid_with_isolated_pilot_pixel,low,64.166,Jalan Duri Tol Raya,residential,575742571,5506920631,5648666147,0,250,0.75,0.05,coarse-modis-250m,228038.412,0.970032,0.970032,0.0,0.0,0.0,unknown,excluded,event_context_not_jakarta
osm-5506920811-5523935808-0,DFO_3280_From_20080301_to_20080403,2008-03-01,2008-04-03,remote_event_centroid_with_isolated_pilot_pixel,low,70.05,Jalan Kedoya Raya,primary,636772881|718431699,5506920811,5523935808,0,250,0.75,0.05,coarse-modis-250m,230993.54,0.968562,0.968562,0.0,0.0,0.0,unknown,excluded,event_context_not_jakarta
osm-5513076629-9644592829-0,DFO_3280_From_20080301_to_20080403,2008-03-01,2008-04-03,remote_event_centroid_with_isolated_pilot_pixel,low,10.702,Jalan D. I. Panjaitan,trunk,1288928358,5513076629,9644592829,0,250,0.75,0.05,coarse-modis-250m,201432.627,0.961598,0.961598,0.0,0.0,0.0,unknown,excluded,event_context_not_jakarta
osm-5513076675-8553000081-0,DFO_3280_From_20080301_to_20080403,2008-03-01,2008-04-03,remote_event_centroid_with_isolated_pilot_pixel,low,50.454,Unnamed OSM road,residential,1499931368|921221909,5513076675,8553000081,0,250,0.75,0.05,coarse-modis-250m,220729.776,0.965663,0.965663,0.0,0.0,0.0,unknown,excluded,event_context_not_jakarta
osm-5513424002-4836392226-0,DFO_3280_From_20080301_to_20080403,2008-03-01,2008-04-03,remote_event_centroid_with_isolated_pilot_pixel,low,86.1,Jalan Cipinang Indah I,tertiary,98075001,5513424002,4836392226,0,250,0.75,0.05,coarse-modis-250m,239039.729,0.967781,0.967781,0.0,0.0,0.0,unknown,excluded,event_context_not_jakarta
osm-5523935808-4551163784-0,DFO_3280_From_20080301_to_20080403,2008-03-01,2008-04-03,remote_event_centroid_with_isolated_pilot_pixel,low,10.016,Unnamed OSM road,motorway_link,30177595,5523935808,4551163784,0,250,0.75,0.05,coarse-modis-250m,201089.372,0.961748,0.961748,0.0,0.0,0.0,unknown,excluded,event_context_not_jakarta
osm-5549685553-12729353026-0,DFO_3280_From_20080301_to_20080403,2008-03-01,2008-04-03,remote_event_centroid_with_isolated_pilot_pixel,low,30.042,Jalan Pangeran Jayakarta,secondary,1204814108,5549685553,12729353026,0,250,0.75,0.05,coarse-modis-250m,211108.789,0.963309,0.963309,0.0,0.0,0.0,unknown,excluded,event_context_not_jakarta
osm-5549685557-5984694495-0,DFO_3280_From_20080301_to_20080403,2008-03-01,2008-04-03,remote_event_centroid_with_isolated_pilot_pixel,low,20.595,Jalan Gunung Sahari Raya,primary,634085901,5549685557,5984694495,0,250,0.75,0.05,coarse-modis-250m,206382.353,0.962504,0.962504,0.0,0.0,0.0,unknown,excluded,event_context_not_jakarta
osm-5555933057-9004158961-0,DFO_3280_From_20080301_to_20080403,2008-03-01,2008-04-03,remote_event_centroid_with_isolated_pilot_pixel,low,40.977,Jalan Jenderal Ahmad Yani,trunk,758734352,5555933057,9004158961,0,250,0.75,0.05,coarse-modis-250m,216579.76,0.964153,0.964153,0.0,0.0,0.0,unknown,excluded,event_context_not_jakarta
osm-5639226152-5489964742-0,DFO_3280_From_20080301_to_20080403,2008-03-01,2008-04-03,remote_event_centroid_with_isolated_pilot_pixel,low,51.908,Jalan Dokter KRT Radjiman Widyodiningrat,primary,489977117,5639226152,5489964742,0,250,0.75,0.05,coarse-modis-250m,222047.854,0.964797,0.964797,0.0,0.0,0.0,unknown,excluded,event_context_not_jakarta
osm-5647102762-326484049-0,DFO_3280_From_20080301_to_20080403,2008-03-01,2008-04-03,remote_event_centroid_with_isolated_pilot_pixel,low,125.062,Jalan Dokter KRT Radjiman Widyodiningrat,primary,754061608,5647102762,326484049,0,250,0.75,0.05,coarse-modis-250m,258646.864,0.969142,0.969142,0.0,0.0,0.0,unknown,excluded,event_context_not_jakarta
osm-5648666147-332526397-0,DFO_3280_From_20080301_to_20080403,2008-03-01,2008-04-03,remote_event_centroid_with_isolated_pilot_pixel,low,106.78,Unnamed OSM road,primary_link,757260864|591695639,5648666147,332526397,0,250,0.75,0.05,coarse-modis-250m,249480.117,0.968443,0.968443,0.0,0.0,0.0,unknown,excluded,event_context_not_jakarta
osm-5650613341-5487633143-0,DFO_3280_From_20080301_to_20080403,2008-03-01,2008-04-03,remote_event_centroid_with_isolated_pilot_pixel,low,376.955,Jalan Dokter KRT Radjiman Widyodiningrat,primary,690355148,5650613341,5487633143,0,250,0.75,0.05,coarse-modis-250m,384630.574,0.97776,0.97776,0.0,0.0,0.0,unknown,excluded,event_context_not_jakarta
osm-5652800252-5498027213-0,DFO_3280_From_20080301_to_20080403,2008-03-01,2008-04-03,remote_event_centroid_with_isolated_pilot_pixel,low,35.862,Jalan D. I. Panjaitan,trunk,751673455,5652800252,5498027213,0,250,0.75,0.05,coarse-modis-250m,214020.505,0.963796,0.963796,0.0,0.0,0.0,unknown,excluded,event_context_not_jakarta
osm-5652849428-4776237954-0,DFO_3280_From_20080301_to_20080403,2008-03-01,2008-04-03,remote_event_centroid_with_isolated_pilot_pixel,low,60.248,Jalan Otto Iskandar Dinata,primary,691253234|1288928363,5652849428,4776237954,0,250,0.75,0.05,coarse-modis-250m,226220.84,0.965355,0.965355,0.0,0.0,0.0,unknown,excluded,event_context_not_jakarta
osm-5652849431-352897075-0,DFO_3280_From_20080301_to_20080403,2008-03-01,2008-04-03,remote_event_centroid_with_isolated_pilot_pixel,low,28.75,Jalan Jatinegara Timur,primary,691270311,5652849431,352897075,0,250,0.75,0.05,coarse-modis-250m,210462.113,0.963088,0.963088,0.0,0.0,0.0,unknown,excluded,event_context_not_jakarta
osm-5653336499-4790999401-0,DFO_3280_From_20080301_to_20080403,2008-03-01,2008-04-03,remote_event_centroid_with_isolated_pilot_pixel,low,59.502,Jalan Raya Casablanca,primary,28847137,5653336499,4790999401,0,250,0.75,0.05,coarse-modis-250m,225847.548,0.465603,0.465603,0.0,0.0,0.0,unknown,excluded,event_context_not_jakarta
osm-5655125045-8510368916-0,DFO_3280_From_20080301_to_20080403,2008-03-01,2008-04-03,remote_event_centroid_with_isolated_pilot_pixel,low,25.025,Jalan Boulevard Barat,secondary,759677175,5655125045,8510368916,0,250,0.75,0.05,coarse-modis-250m,208517.89,0.96431,0.96431,0.0,0.0,0.0,unknown,excluded,event_context_not_jakarta
osm-5655139014-11413710169-0,DFO_3280_From_20080301_to_20080403,2008-03-01,2008-04-03,remote_event_centroid_with_isolated_pilot_pixel,low,39.588,Jalan Pemuda,primary,975979296,5655139014,11413710169,0,250,0.75,0.05,coarse-modis-250m,215884.482,0.964196,0.964196,0.0,0.0,0.0,unknown,excluded,event_context_not_jakarta
osm-5655187222-6406796742-0,DFO_3280_From_20080301_to_20080403,2008-03-01,2008-04-03,remote_event_centroid_with_isolated_pilot_pixel,low,40.316,Jalan Pemuda,primary,28775346,5655187222,6406796742,0,250,0.75,0.05,coarse-modis-250m,216248.907,0.964457,0.964457,0.0,0.0,0.0,unknown,excluded,event_context_not_jakarta
osm-5662302109-9533955728-0,DFO_3280_From_20080301_to_20080403,2008-03-01,2008-04-03,remote_event_centroid_with_isolated_pilot_pixel,low,7.689,Jalan Pulokambing II,residential,686924182,5662302109,9533955728,0,250,0.75,0.05,coarse-modis-250m,199924.843,0.961482,0.961482,0.0,0.0,0.0,unknown,excluded,event_context_not_jakarta
osm-5662309002-9013720082-0,DFO_3280_From_20080301_to_20080403,2008-03-01,2008-04-03,remote_event_centroid_with_isolated_pilot_pixel,low,172.931,Jalan Pemuda,primary,1052899125,5662309002,9013720082,0,250,0.75,0.05,coarse-modis-250m,282598.103,0.971448,0.971448,0.0,0.0,0.0,unknown,excluded,event_context_not_jakarta
osm-5662335002-6333006951-0,DFO_3280_From_20080301_to_20080403,2008-03-01,2008-04-03,remote_event_centroid_with_isolated_pilot_pixel,low,87.477,Jalan Matraman,primary,1458498251,5662335002,6333006951,0,250,0.75,0.05,coarse-modis-250m,239844.005,0.967157,0.967157,0.0,0.0,0.0,unknown,excluded,event_context_not_jakarta
osm-5662546639-12139330016-0,DFO_3280_From_20080301_to_20080403,2008-03-01,2008-04-03,remote_event_centroid_with_isolated_pilot_pixel,low,29.701,Jalan Letnan Jenderal Suprapto,primary,492988997,5662546639,12139330016,0,250,0.75,0.05,coarse-modis-250m,210938.128,0.963288,0.963288,0.0,0.0,0.0,unknown,excluded,event_context_not_jakarta
osm-5665581665-324275961-0,DFO_3280_From_20080301_to_20080403,2008-03-01,2008-04-03,remote_event_centroid_with_isolated_pilot_pixel,low,290.514,Jalan Perintis Kemerdekaan,trunk,689042568,5665581665,324275961,0,250,0.75,0.05,coarse-modis-250m,341419.629,0.975612,0.975612,0.0,0.0,0.0,unknown,excluded,event_context_not_jakarta
osm-5668231819-310327514-0,DFO_3280_From_20080301_to_20080403,2008-03-01,2008-04-03,remote_event_centroid_with_isolated_pilot_pixel,low,416.789,Jalan Tol Insinyur Wiyoto Wiyono,motorway,755012892|755012893|838390262|1522830879,5668231819,310327514,0,250,0.75,0.05,coarse-modis-250m,404597.842,0.978695,0.978695,0.0,0.0,0.0,unknown,excluded,event_context_not_jakarta
osm-5668256808-7123191860-0,DFO_3280_From_20080301_to_20080403,2008-03-01,2008-04-03,remote_event_centroid_with_isolated_pilot_pixel,low,79.195,Jalan Matraman,primary,699886104,5668256808,7123191860,0,250,0.75,0.05,coarse-modis-250m,235695.931,0.966878,0.966878,0.0,0.0,0.0,unknown,excluded,event_context_not_jakarta
osm-5669076905-5377178522-0,DFO_3280_From_20080301_to_20080403,2008-03-01,2008-04-03,remote_event_centroid_with_isolated_pilot_pixel,low,14.68,Jalan Penjernihan 1,primary,768031660,5669076905,5377178522,0,250,0.75,0.05,coarse-modis-250m,203422.892,0.962069,0.962069,0.0,0.0,0.0,unknown,excluded,event_context_not_jakarta
osm-5669078458-310042746-0,DFO_3280_From_20080301_to_20080403,2008-03-01,2008-04-03,remote_event_centroid_with_isolated_pilot_pixel,low,8.428,Jalan Penjernihan 1,primary,768031660,5669078458,310042746,0,250,0.75,0.05,coarse-modis-250m,200294.785,0.961555,0.961555,0.0,0.0,0.0,unknown,excluded,event_context_not_jakarta
osm-5669078465-5669078458-0,DFO_3280_From_20080301_to_20080403,2008-03-01,2008-04-03,remote_event_centroid_with_isolated_pilot_pixel,low,82.904,Jalan Penjernihan 1,primary,768031660,5669078465,5669078458,0,250,0.75,0.05,coarse-modis-250m,237555.98,0.966918,0.966918,0.0,0.0,0.0,unknown,excluded,event_context_not_jakarta
osm-5670939322-5372153165-0,DFO_3280_From_20080301_to_20080403,2008-03-01,2008-04-03,remote_event_centroid_with_isolated_pilot_pixel,low,4.916,Jalan Letnan Jenderal Siswondo Parman,trunk,688117573,5670939322,5372153165,0,250,0.75,0.05,coarse-modis-250m,198537.611,0.96123,0.96123,0.0,0.0,0.0,unknown,excluded,event_context_not_jakarta
osm-5670944441-4566501487-0,DFO_3280_From_20080301_to_20080403,2008-03-01,2008-04-03,remote_event_centroid_with_isolated_pilot_pixel,low,54.753,Jalan Kemayoran Gempol,secondary,736957432,5670944441,4566501487,0,250,0.75,0.05,coarse-modis-250m,223471.838,0.965038,0.965038,0.0,0.0,0.0,unknown,excluded,event_context_not_jakarta
osm-5671006753-5671006757-0,DFO_3280_From_20080301_to_20080403,2008-03-01,2008-04-03,remote_event_centroid_with_isolated_pilot_pixel,low,79.384,Jalan Letnan Jenderal Siswondo Parman,trunk,713318115|688117573,5671006753,5671006757,0,250,0.75,0.05,coarse-modis-250m,235795.079,0.966621,0.966621,0.0,0.0,0.0,unknown,excluded,event_context_not_jakarta
osm-5671006757-5671006769-0,DFO_3280_From_20080301_to_20080403,2008-03-01,2008-04-03,remote_event_centroid_with_isolated_pilot_pixel,low,21.263,Jalan Letnan Jenderal Siswondo Parman,trunk,688117573,5671006757,5671006769,0,250,0.75,0.05,coarse-modis-250m,206716.215,0.962544,0.962544,0.0,0.0,0.0,unknown,excluded,event_context_not_jakarta
osm-5671006769-7038299405-0,DFO_3280_From_20080301_to_20080403,2008-03-01,2008-04-03,remote_event_centroid_with_isolated_pilot_pixel,low,37.029,Jalan Letnan Jenderal Siswondo Parman,trunk,688117573,5671006769,7038299405,0,250,0.75,0.05,coarse-modis-250m,214604.294,0.963858,0.963858,0.0,0.0,0.0,unknown,excluded,event_context_not_jakarta
osm-5671006775-4859118379-0,DFO_3280_From_20080301_to_20080403,2008-03-01,2008-04-03,remote_event_centroid_with_isolated_pilot_pixel,low,195.157,Jalan Letnan Jenderal Siswondo Parman,trunk,688087394,5671006775,4859118379,0,250,0.75,0.05,coarse-modis-250m,293717.502,0.972395,0.972395,0.0,0.0,0.0,unknown,excluded,event_context_not_jakarta
osm-5671045991-3723599610-0,DFO_3280_From_20080301_to_20080403,2008-03-01,2008-04-03,remote_event_centroid_with_isolated_pilot_pixel,low,679.786,Tol Dalam Kota Jakarta,motorway,1220264400|757042425|514485758,5671045991,3723599610,0,250,0.75,0.05,coarse-modis-250m,536173.895,0.982777,0.982777,0.0,0.0,0.0,unknown,excluded,event_context_not_jakarta
osm-5671081801-5373977783-0,DFO_3280_From_20080301_to_20080403,2008-03-01,2008-04-03,remote_event_centroid_with_isolated_pilot_pixel,low,58.052,Jalan Letnan Jenderal Suprapto,primary,761522995,5671081801,5373977783,0,250,0.75,0.05,coarse-modis-250m,225118.37,0.964658,0.964658,0.0,0.0,0.0,unknown,excluded,event_context_not_jakarta
osm-5671267899-2821400645-0,DFO_3280_From_20080301_to_20080403,2008-03-01,2008-04-03,remote_event_centroid_with_isolated_pilot_pixel,low,52.813,Jalan Gunung Sahari Raya,primary,521161628,5671267899,2821400645,0,250,0.75,0.05,coarse-modis-250m,222501.294,0.964962,0.964962,0.0,0.0,0.0,unknown,excluded,event_context_not_jakarta
osm-5671270622-7120411011-0,DFO_3280_From_20080301_to_20080403,2008-03-01,2008-04-03,remote_event_centroid_with_isolated_pilot_pixel,low,15.972,Jalan Gunung Sahari Raya,primary,1001371685,5671270622,7120411011,0,250,0.75,0.05,coarse-modis-250m,204069.084,0.962145,0.962145,0.0,0.0,0.0,unknown,excluded,event_context_not_jakarta
osm-5671317482-5374290437-0,DFO_3280_From_20080301_to_20080403,2008-03-01,2008-04-03,remote_event_centroid_with_isolated_pilot_pixel,low,15.379,Jalan Jatibaru,primary,343915036,5671317482,5374290437,0,250,0.75,0.05,coarse-modis-250m,203772.577,0.962167,0.962167,0.0,0.0,0.0,unknown,excluded,event_context_not_jakarta
osm-5671317488-4546100816-0,DFO_3280_From_20080301_to_20080403,2008-03-01,2008-04-03,remote_event_centroid_with_isolated_pilot_pixel,low,8.99,Jalan Kebon Sirih,primary,28216264,5671317488,4546100816,0,250,0.75,0.05,coarse-modis-250m,200575.389,0.961496,0.961496,0.0,0.0,0.0,unknown,excluded,event_context_not_jakarta
osm-5671327267-11246996071-0,DFO_3280_From_20080301_to_20080403,2008-03-01,2008-04-03,remote_event_centroid_with_isolated_pilot_pixel,low,47.117,Jalan Pasar Senen,primary,11671364,5671327267,11246996071,0,250,0.75,0.05,coarse-modis-250m,219651.466,0.964499,0.964499,0.0,0.0,0.0,unknown,excluded,event_context_not_jakarta
osm-5671531324-5174097479-0,DFO_3280_From_20080301_to_20080403,2008-03-01,2008-04-03,remote_event_centroid_with_isolated_pilot_pixel,low,47.081,Jalan Kramat Raya,primary,533303289,5671531324,5174097479,0,250,0.75,0.05,coarse-modis-250m,219632.213,0.964519,0.964519,0.0,0.0,0.0,unknown,excluded,event_context_not_jakarta
osm-5671605046-191578995-0,DFO_3280_From_20080301_to_20080403,2008-03-01,2008-04-03,remote_event_centroid_with_isolated_pilot_pixel,low,12.85,Jalan Kebon Sirih,primary,18056345,5671605046,191578995,0,250,0.75,0.05,coarse-modis-250m,202507.179,0.961963,0.961963,0.0,0.0,0.0,unknown,excluded,event_context_not_jakarta
osm-5671605060-9031325937-0,DFO_3280_From_20080301_to_20080403,2008-03-01,2008-04-03,remote_event_centroid_with_isolated_pilot_pixel,low,12.174,Jalan Kebon Sirih,primary,18056345,5671605060,9031325937,0,250,0.75,0.05,coarse-modis-250m,202169.06,0.961916,0.961916,0.0,0.0,0.0,unknown,excluded,event_context_not_jakarta
osm-5671605063-13586870998-0,DFO_3280_From_20080301_to_20080403,2008-03-01,2008-04-03,remote_event_centroid_with_isolated_pilot_pixel,low,2.625,Jalan Kebon Sirih,primary,719606918,5671605063,13586870998,0,250,0.75,0.05,coarse-modis-250m,197391.624,0.960985,0.960985,0.0,0.0,0.0,unknown,excluded,event_context_not_jakarta
osm-5671605067-9031074981-0,DFO_3280_From_20080301_to_20080403,2008-03-01,2008-04-03,remote_event_centroid_with_isolated_pilot_pixel,low,24.493,Jalan Kebon Sirih,primary,18056345,5671605067,9031074981,0,250,0.75,0.05,coarse-modis-250m,208332.438,0.962607,0.962607,0.0,0.0,0.0,unknown,excluded,event_context_not_jakarta
osm-5673840820-13456652652-0,DFO_3280_From_20080301_to_20080403,2008-03-01,2008-04-03,remote_event_centroid_with_isolated_pilot_pixel,low,39.649,Jalan Letnan Jenderal Siswondo Parman,trunk,688117571,5673840820,13456652652,0,250,0.75,0.05,coarse-modis-250m,215915.036,0.964082,0.964082,0.0,0.0,0.0,unknown,excluded,event_context_not_jakarta
osm-5673841347-104356356-1,DFO_3280_From_20080301_to_20080403,2008-03-01,2008-04-03,remote_event_centroid_with_isolated_pilot_pixel,low,28.583,Jalan Letnan Jenderal Siswondo Parman,trunk,1027699887,5673841347,104356356,1,250,0.75,0.05,coarse-modis-250m,210377.19,0.963091,0.963091,0.0,0.0,0.0,unknown,excluded,event_context_not_jakarta
osm-5673841354-7284085578-0,DFO_3280_From_20080301_to_20080403,2008-03-01,2008-04-03,remote_event_centroid_with_isolated_pilot_pixel,low,36.806,Jalan Brigadir Jenderal Katamso Darmokusumo,primary,28909838,5673841354,7284085578,0,250,0.75,0.05,coarse-modis-250m,214491.827,0.963378,0.963378,0.0,0.0,0.0,unknown,excluded,event_context_not_jakarta
osm-5673841364-3869782797-0,DFO_3280_From_20080301_to_20080403,2008-03-01,2008-04-03,remote_event_centroid_with_isolated_pilot_pixel,low,154.462,Jalan Brigadir Jenderal Katamso Darmokusumo,primary,745193778|746550692,5673841364,3869782797,0,250,0.75,0.05,coarse-modis-250m,273357.917,0.970538,0.970538,0.0,0.0,0.0,unknown,excluded,event_context_not_jakarta
osm-5673864834-5555933057-0,DFO_3280_From_20080301_to_20080403,2008-03-01,2008-04-03,remote_event_centroid_with_isolated_pilot_pixel,low,32.737,Jalan Jenderal Ahmad Yani,trunk,654892864,5673864834,5555933057,0,250,0.75,0.05,coarse-modis-250m,212456.882,0.963553,0.963553,0.0,0.0,0.0,unknown,excluded,event_context_not_jakarta
osm-5674017477-29939142-0,DFO_3280_From_20080301_to_20080403,2008-03-01,2008-04-03,remote_event_centroid_with_isolated_pilot_pixel,low,77.824,Jalan Garuda,secondary,37018609,5674017477,29939142,0,250,0.75,0.05,coarse-modis-250m,235014.803,0.966649,0.966649,0.0,0.0,0.0,unknown,excluded,event_context_not_jakarta
osm-5680696059-11542695776-0,DFO_3280_From_20080301_to_20080403,2008-03-01,2008-04-03,remote_event_centroid_with_isolated_pilot_pixel,low,67.376,Jalan Kramat Kwitang,primary,458897451|1493507334,5680696059,11542695776,0,250,0.75,0.05,coarse-modis-250m,229760.696,0.966236,0.966236,0.0,0.0,0.0,unknown,excluded,event_context_not_jakarta
osm-5806359018-317156584-0,DFO_3280_From_20080301_to_20080403,2008-03-01,2008-04-03,remote_event_centroid_with_isolated_pilot_pixel,low,428.977,Jalan Profesor Doktor Satrio,primary,495447745|613723907|685541756,5806359018,317156584,0,250,0.75,0.05,coarse-modis-250m,410523.413,0.711526,0.711526,0.0,0.0,0.0,unknown,excluded,event_context_not_jakarta
osm-5984694495-6330678685-0,DFO_3280_From_20080301_to_20080403,2008-03-01,2008-04-03,remote_event_centroid_with_isolated_pilot_pixel,low,6.495,Jalan Gunung Sahari Raya,primary,1483900145,5984694495,6330678685,0,250,0.75,0.05,coarse-modis-250m,199327.627,0.961381,0.961381,0.0,0.0,0.0,unknown,excluded,event_context_not_jakarta
osm-6004639297-9657468817-0,DFO_3280_From_20080301_to_20080403,2008-03-01,2008-04-03,remote_event_centroid_with_isolated_pilot_pixel,low,10.458,Jalan Letnan Jenderal Siswondo Parman,trunk,1027699887,6004639297,9657468817,0,250,0.75,0.05,coarse-modis-250m,201310.238,0.961657,0.961657,0.0,0.0,0.0,unknown,excluded,event_context_not_jakarta
osm-6118418342-309714207-0,DFO_3280_From_20080301_to_20080403,2008-03-01,2008-04-03,remote_event_centroid_with_isolated_pilot_pixel,low,32.779,Jalan Jenderal Gatot Subroto,trunk,652204586,6118418342,309714207,0,250,0.75,0.05,coarse-modis-250m,212477.77,0.963486,0.963486,0.0,0.0,0.0,unknown,excluded,event_context_not_jakarta
osm-6135130582-6493403591-0,DFO_3280_From_20080301_to_20080403,2008-03-01,2008-04-03,remote_event_centroid_with_isolated_pilot_pixel,low,59.001,Jalan Jenderal Gatot Subroto,primary,28229340,6135130582,6493403591,0,250,0.75,0.05,coarse-modis-250m,225597.065,0.965315,0.965315,0.0,0.0,0.0,unknown,excluded,event_context_not_jakarta
osm-6219014696-9696714817-0,DFO_3280_From_20080301_to_20080403,2008-03-01,2008-04-03,remote_event_centroid_with_isolated_pilot_pixel,low,7.958,Jalan Salemba Raya,primary,815231911,6219014696,9696714817,0,250,0.75,0.05,coarse-modis-250m,200059.795,0.961526,0.961526,0.0,0.0,0.0,unknown,excluded,event_context_not_jakarta
osm-6277705571-95022384-0,DFO_3280_From_20080301_to_20080403,2008-03-01,2008-04-03,remote_event_centroid_with_isolated_pilot_pixel,low,26.565,Jalan D. I. Panjaitan,trunk,1134447887,6277705571,95022384,0,250,0.75,0.05,coarse-modis-250m,209369.112,0.963151,0.963151,0.0,0.0,0.0,unknown,excluded,event_context_not_jakarta
osm-6315603275-104369586-0,DFO_3280_From_20080301_to_20080403,2008-03-01,2008-04-03,remote_event_centroid_with_isolated_pilot_pixel,low,33.263,Jalan Kramat Kwitang,primary,28216524,6315603275,104369586,0,250,0.75,0.05,coarse-modis-250m,212715.561,0.963423,0.963423,0.0,0.0,0.0,unknown,excluded,event_context_not_jakarta
osm-6315609707-7225096520-0,DFO_3280_From_20080301_to_20080403,2008-03-01,2008-04-03,remote_event_centroid_with_isolated_pilot_pixel,low,19.514,Jalan Mohammad Ihwan Ridwan Rais,primary,1252750445,6315609707,7225096520,0,250,0.75,0.05,coarse-modis-250m,205840.4,0.962441,0.962441,0.0,0.0,0.0,unknown,excluded,event_context_not_jakarta
osm-6315609708-6315609707-0,DFO_3280_From_20080301_to_20080403,2008-03-01,2008-04-03,remote_event_centroid_with_isolated_pilot_pixel,low,17.784,Jalan Kebon Sirih,primary,718244637,6315609708,6315609707,0,250,0.75,0.05,coarse-modis-250m,204975.637,0.962335,0.962335,0.0,0.0,0.0,unknown,excluded,event_context_not_jakarta
osm-6315609717-13695587270-0,DFO_3280_From_20080301_to_20080403,2008-03-01,2008-04-03,remote_event_centroid_with_isolated_pilot_pixel,low,128.73,Jalan Kebon Sirih,primary,755769067|755769006,6315609717,13695587270,0,250,0.75,0.05,coarse-modis-250m,260424.742,0.970119,0.970119,0.0,0.0,0.0,unknown,excluded,event_context_not_jakarta
osm-6315609717-7018595457-0,DFO_3280_From_20080301_to_20080403,2008-03-01,2008-04-03,remote_event_centroid_with_isolated_pilot_pixel,low,154.243,Jalan Kebon Sirih,primary,674369904,6315609717,7018595457,0,250,0.75,0.05,coarse-modis-250m,273138.069,0.970553,0.970553,0.0,0.0,0.0,unknown,excluded,event_context_not_jakarta
osm-6315615740-4548266767-0,DFO_3280_From_20080301_to_20080403,2008-03-01,2008-04-03,remote_event_centroid_with_isolated_pilot_pixel,low,86.629,Jalan Arief Rachman Hakim,primary,688522170,6315615740,4548266767,0,250,0.75,0.05,coarse-modis-250m,239418.911,0.96725,0.96725,0.0,0.0,0.0,unknown,excluded,event_context_not_jakarta
osm-6315624963-11395329908-0,DFO_3280_From_20080301_to_20080403,2008-03-01,2008-04-03,remote_event_centroid_with_isolated_pilot_pixel,low,37.123,Jalan Kramat Kwitang,primary,458897450,6315624963,11395329908,0,250,0.75,0.05,coarse-modis-250m,214650.971,0.963736,0.963736,0.0,0.0,0.0,unknown,excluded,event_context_not_jakarta
osm-6320275018-8503624788-0,DFO_3280_From_20080301_to_20080403,2008-03-01,2008-04-03,remote_event_centroid_with_isolated_pilot_pixel,low,158.031,Jalan Penjernihan 1,primary,28779908,6320275018,8503624788,0,250,0.75,0.05,coarse-modis-250m,275072.281,0.970588,0.970588,0.0,0.0,0.0,unknown,excluded,event_context_not_jakarta
osm-6322281575-13675743447-0,DFO_3280_From_20080301_to_20080403,2008-03-01,2008-04-03,remote_event_centroid_with_isolated_pilot_pixel,low,69.556,Jalan Mangga Dua Dalam,tertiary,508913824,6322281575,13675743447,0,250,0.75,0.05,coarse-modis-250m,230878.138,0.965933,0.965933,0.0,0.0,0.0,unknown,excluded,event_context_not_jakarta
osm-6322395865-393856974-0,DFO_3280_From_20080301_to_20080403,2008-03-01,2008-04-03,remote_event_centroid_with_isolated_pilot_pixel,low,8.147,Jalan Pangeran Jayakarta,secondary,1294695407,6322395865,393856974,0,250,0.75,0.05,coarse-modis-250m,200154.111,0.961572,0.961572,0.0,0.0,0.0,unknown,excluded,event_context_not_jakarta
osm-6322395881-351116570-0,DFO_3280_From_20080301_to_20080403,2008-03-01,2008-04-03,remote_event_centroid_with_isolated_pilot_pixel,low,12.182,Jalan Pangeran Jayakarta,secondary,1281346440,6322395881,351116570,0,250,0.75,0.05,coarse-modis-250m,202173.185,0.961866,0.961866,0.0,0.0,0.0,unknown,excluded,event_context_not_jakarta
osm-6322396585-11166256394-0,DFO_3280_From_20080301_to_20080403,2008-03-01,2008-04-03,remote_event_centroid_with_isolated_pilot_pixel,low,78.958,Jalan Pangeran Jayakarta,secondary,1294695408,6322396585,11166256394,0,250,0.75,0.05,coarse-modis-250m,235582.063,0.966676,0.966676,0.0,0.0,0.0,unknown,excluded,event_context_not_jakarta
osm-6322396593-12729353047-0,DFO_3280_From_20080301_to_20080403,2008-03-01,2008-04-03,remote_event_centroid_with_isolated_pilot_pixel,low,6.375,Jalan Pangeran Jayakarta,secondary,1204814108,6322396593,12729353047,0,250,0.75,0.05,coarse-modis-250m,199267.544,0.961437,0.961437,0.0,0.0,0.0,unknown,excluded,event_context_not_jakarta
osm-6330385236-6330385245-0,DFO_3280_From_20080301_to_20080403,2008-03-01,2008-04-03,remote_event_centroid_with_isolated_pilot_pixel,low,21.782,Jalan Laksamana Malahayati,primary,491551134,6330385236,6330385245,0,250,0.75,0.05,coarse-modis-250m,206975.743,0.962888,0.962888,0.0,0.0,0.0,unknown,excluded,event_context_not_jakarta
osm-6330385245-1134908642-0,DFO_3280_From_20080301_to_20080403,2008-03-01,2008-04-03,remote_event_centroid_with_isolated_pilot_pixel,low,115.153,Jalan Laksamana Malahayati,primary,491551134,6330385245,1134908642,0,250,0.75,0.05,coarse-modis-250m,253690.186,0.968633,0.968633,0.0,0.0,0.0,unknown,excluded,event_context_not_jakarta
osm-6330562646-310003828-0,DFO_3280_From_20080301_to_20080403,2008-03-01,2008-04-03,remote_event_centroid_with_isolated_pilot_pixel,low,68.921,Jalan Denpasar Raya,tertiary,28194353,6330562646,310003828,0,250,0.75,0.05,coarse-modis-250m,230560.22,0.96588,0.96588,0.0,0.0,0.0,unknown,excluded,event_context_not_jakarta
osm-6330678685-5354213698-0,DFO_3280_From_20080301_to_20080403,2008-03-01,2008-04-03,remote_event_centroid_with_isolated_pilot_pixel,low,54.519,Jalan Gunung Sahari Raya,primary,1483900145,6330678685,5354213698,0,250,0.75,0.05,coarse-modis-250m,223354.807,0.965032,0.965032,0.0,0.0,0.0,unknown,excluded,event_context_not_jakarta
osm-6331233983-5513076629-1,DFO_3280_From_20080301_to_20080403,2008-03-01,2008-04-03,remote_event_centroid_with_isolated_pilot_pixel,low,75.794,Jalan D. I. Panjaitan,trunk,1288928358,6331233983,5513076629,1,250,0.75,0.05,coarse-modis-250m,233992.279,0.966403,0.966403,0.0,0.0,0.0,unknown,excluded,event_context_not_jakarta
osm-6331405436-5492419247-0,DFO_3280_From_20080301_to_20080403,2008-03-01,2008-04-03,remote_event_centroid_with_isolated_pilot_pixel,low,9.962,Jalan Letnan Jenderal MT Haryono,trunk,749966273,6331405436,5492419247,0,250,0.75,0.05,coarse-modis-250m,201062.338,0.961659,0.961659,0.0,0.0,0.0,unknown,excluded,event_context_not_jakarta
osm-6332293300-6978444810-0,DFO_3280_From_20080301_to_20080403,2008-03-01,2008-04-03,remote_event_centroid_with_isolated_pilot_pixel,low,72.13,Jalan Suryopranoto,primary,497546914,6332293300,6978444810,0,250,0.75,0.05,coarse-modis-250m,232055.065,0.96648,0.96648,0.0,0.0,0.0,unknown,excluded,event_context_not_jakarta
osm-6332594575-6332293300-0,DFO_3280_From_20080301_to_20080403,2008-03-01,2008-04-03,remote_event_centroid_with_isolated_pilot_pixel,low,13.762,Jalan Suryopranoto,primary,497546914,6332594575,6332293300,0,250,0.75,0.05,coarse-modis-250m,202963.329,0.961972,0.961972,0.0,0.0,0.0,unknown,excluded,event_context_not_jakarta
osm-6332607740-9031970386-0,DFO_3280_From_20080301_to_20080403,2008-03-01,2008-04-03,remote_event_centroid_with_isolated_pilot_pixel,low,29.389,Jalan Otto Iskandar Dinata,primary,791643153,6332607740,9031970386,0,250,0.75,0.05,coarse-modis-250m,210781.951,0.963274,0.963274,0.0,0.0,0.0,unknown,excluded,event_context_not_jakarta
osm-6332686268-4260761277-0,DFO_3280_From_20080301_to_20080403,2008-03-01,2008-04-03,remote_event_centroid_with_isolated_pilot_pixel,low,82.333,Jalan Jatinegara Timur,primary,765295723|11671655,6332686268,4260761277,0,250,0.75,0.05,coarse-modis-250m,237222.954,0.967635,0.967635,0.0,0.0,0.0,unknown,excluded,event_context_not_jakarta
osm-6332686273-5652849431-0,DFO_3280_From_20080301_to_20080403,2008-03-01,2008-04-03,remote_event_centroid_with_isolated_pilot_pixel,low,21.851,Jalan Jatinegara Timur,primary,691270311,6332686273,5652849431,0,250,0.75,0.05,coarse-modis-250m,207010.668,0.962644,0.962644,0.0,0.0,0.0,unknown,excluded,event_context_not_jakarta
osm-6333006951-5391413717-0,DFO_3280_From_20080301_to_20080403,2008-03-01,2008-04-03,remote_event_centroid_with_isolated_pilot_pixel,low,33.887,Jalan Matraman,primary,1458498251,6333006951,5391413717,0,250,0.75,0.05,coarse-modis-250m,213032.047,0.964051,0.964051,0.0,0.0,0.0,unknown,excluded,event_context_not_jakarta
osm-6333252911-9019103699-0,DFO_3280_From_20080301_to_20080403,2008-03-01,2008-04-03,remote_event_centroid_with_isolated_pilot_pixel,low,95.201,Jalan Insinyur Haji Juanda,secondary,11670123,6333252911,9019103699,0,250,0.75,0.05,coarse-modis-250m,243708.309,0.967516,0.967516,0.0,0.0,0.0,unknown,excluded,event_context_not_jakarta
osm-6334537720-4566501805-0,DFO_3280_From_20080301_to_20080403,2008-03-01,2008-04-03,remote_event_centroid_with_isolated_pilot_pixel,low,65.372,Jalan Benyamin Sueb,primary,461101935,6334537720,4566501805,0,250,0.75,0.05,coarse-modis-250m,228784.69,0.965803,0.965803,0.0,0.0,0.0,unknown,excluded,event_context_not_jakarta
osm-6334537728-430546294-0,DFO_3280_From_20080301_to_20080403,2008-03-01,2008-04-03,remote_event_centroid_with_isolated_pilot_pixel,low,103.268,Jalan Garuda,secondary,37018609,6334537728,430546294,0,250,0.75,0.05,coarse-modis-250m,247744.602,0.968031,0.968031,0.0,0.0,0.0,unknown,excluded,event_context_not_jakarta
osm-6334659081-4566501806-0,DFO_3280_From_20080301_to_20080403,2008-03-01,2008-04-03,remote_event_centroid_with_isolated_pilot_pixel,low,145.283,Jalan Kemayoran Gempol,secondary,736957432|461101934,6334659081,4566501806,0,250,0.75,0.05,coarse-modis-250m,258466.481,0.975173,0.975173,0.0,0.0,0.0,unknown,excluded,event_context_not_jakarta
osm-6334849877-309950695-0,DFO_3280_From_20080301_to_20080403,2008-03-01,2008-04-03,remote_event_centroid_with_isolated_pilot_pixel,low,121.426,Jalan Kyai Haji Mas Mansyur,primary,1491077186|1253507714|699354247,6334849877,309950695,0,250,0.75,0.05,coarse-modis-250m,256820.993,0.969015,0.969015,0.0,0.0,0.0,unknown,excluded,event_context_not_jakarta
osm-6336788287-7117640144-0,DFO_3280_From_20080301_to_20080403,2008-03-01,2008-04-03,remote_event_centroid_with_isolated_pilot_pixel,low,12.935,Jalan Penjernihan 1,primary,169300294,6336788287,7117640144,0,250,0.75,0.05,coarse-modis-250m,202549.736,0.961969,0.961969,0.0,0.0,0.0,unknown,excluded,event_context_not_jakarta
osm-6336788292-309941624-0,DFO_3280_From_20080301_to_20080403,2008-03-01,2008-04-03,remote_event_centroid_with_isolated_pilot_pixel,low,62.34,Jalan Kyai Haji Mas Mansyur,primary,28219234,6336788292,309941624,0,250,0.75,0.05,coarse-modis-250m,227255.837,0.965523,0.965523,0.0,0.0,0.0,unknown,excluded,event_context_not_jakarta
osm-6347347053-504912724-0,DFO_3280_From_20080301_to_20080403,2008-03-01,2008-04-03,remote_event_centroid_with_isolated_pilot_pixel,low,77.89,Jalan Boulevard Barat,secondary,39741723,6347347053,504912724,0,250,0.75,0.05,coarse-modis-250m,235047.409,0.966503,0.966503,0.0,0.0,0.0,unknown,excluded,event_context_not_jakarta
osm-6359768001-186894208-0,DFO_3280_From_20080301_to_20080403,2008-03-01,2008-04-03,remote_event_centroid_with_isolated_pilot_pixel,low,244.214,Jalan Kyai Caringin,primary,762308113|1502540540|761853685|762115406,6359768001,186894208,0,250,0.75,0.05,coarse-modis-250m,318248.362,0.974116,0.974116,0.0,0.0,0.0,unknown,excluded,event_context_not_jakarta
osm-6359768003-318168808-0,DFO_3280_From_20080301_to_20080403,2008-03-01,2008-04-03,remote_event_centroid_with_isolated_pilot_pixel,low,7.699,Jalan Biak,secondary,1053562876,6359768003,318168808,0,250,0.75,0.05,coarse-modis-250m,199930.053,0.961517,0.961517,0.0,0.0,0.0,unknown,excluded,event_context_not_jakarta
osm-6366750161-332517701-0,DFO_3280_From_20080301_to_20080403,2008-03-01,2008-04-03,remote_event_centroid_with_isolated_pilot_pixel,low,71.949,Jalan Letnan Jenderal Siswondo Parman,trunk,688087394,6366750161,332517701,0,250,0.75,0.05,coarse-modis-250m,232071.703,0.966188,0.966188,0.0,0.0,0.0,unknown,excluded,event_context_not_jakarta
osm-6370527438-321722198-0,DFO_3280_From_20080301_to_20080403,2008-03-01,2008-04-03,remote_event_centroid_with_isolated_pilot_pixel,low,125.495,Jalan K. Haji Abdul Syafi'ie,primary,28847149,6370527438,321722198,0,250,0.75,0.05,coarse-modis-250m,258860.619,0.968956,0.968956,0.0,0.0,0.0,unknown,excluded,event_context_not_jakarta
osm-6370527439-6370527438-0,DFO_3280_From_20080301_to_20080403,2008-03-01,2008-04-03,remote_event_centroid_with_isolated_pilot_pixel,low,27.327,Jalan K. Haji Abdul Syafi'ie,primary,752838490|28847149,6370527439,6370527438,0,250,0.75,0.05,coarse-modis-250m,209749.865,0.962558,0.962558,0.0,0.0,0.0,unknown,excluded,event_context_not_jakarta
osm-6406796742-9013059183-0,DFO_3280_From_20080301_to_20080403,2008-03-01,2008-04-03,remote_event_centroid_with_isolated_pilot_pixel,low,16.894,Jalan Pemuda,primary,28775346,6406796742,9013059183,0,250,0.75,0.05,coarse-modis-250m,204530.516,0.962364,0.962364,0.0,0.0,0.0,unknown,excluded,event_context_not_jakarta
osm-6429880632-316486226-0,DFO_3280_From_20080301_to_20080403,2008-03-01,2008-04-03,remote_event_centroid_with_isolated_pilot_pixel,low,699.086,Jalan Tol Cawang–Pluit,motorway,1220521803|1220521804|484865485|484865486,6429880632,316486226,0,250,0.75,0.05,coarse-modis-250m,545839.623,0.982842,0.982842,0.0,0.0,0.0,unknown,excluded,event_context_not_jakarta
osm-6430186685-2836706756-0,DFO_3280_From_20080301_to_20080403,2008-03-01,2008-04-03,remote_event_centroid_with_isolated_pilot_pixel,low,202.003,Jalan Boulevard Barat Raya,secondary,28257205,6430186685,2836706756,0,250,0.75,0.05,coarse-modis-250m,297142.603,0.972652,0.972652,0.0,0.0,0.0,unknown,excluded,event_context_not_jakarta
osm-6430860592-9504400678-0,DFO_3280_From_20080301_to_20080403,2008-03-01,2008-04-03,remote_event_centroid_with_isolated_pilot_pixel,low,144.74,Unnamed OSM road,trunk_link,28851150,6430860592,9504400678,0,250,0.75,0.05,coarse-modis-250m,268471.691,0.969909,0.969909,0.0,0.0,0.0,unknown,excluded,event_context_not_jakarta
osm-6434923286-5112284316-0,DFO_3280_From_20080301_to_20080403,2008-03-01,2008-04-03,remote_event_centroid_with_isolated_pilot_pixel,low,58.452,Jalan Bekasi Raya,trunk,119540281,6434923286,5112284316,0,250,0.75,0.05,coarse-modis-250m,225322.405,0.96529,0.96529,0.0,0.0,0.0,unknown,excluded,event_context_not_jakarta
osm-6434930408-5112682630-0,DFO_3280_From_20080301_to_20080403,2008-03-01,2008-04-03,remote_event_centroid_with_isolated_pilot_pixel,low,47.215,Jalan Bekasi Raya,trunk,836694112,6434930408,5112682630,0,250,0.75,0.05,coarse-modis-250m,219700.282,0.964446,0.964446,0.0,0.0,0.0,unknown,excluded,event_context_not_jakarta
osm-6434945508-1342879000-0,DFO_3280_From_20080301_to_20080403,2008-03-01,2008-04-03,remote_event_centroid_with_isolated_pilot_pixel,low,44.222,Jalan Bekasi Raya,trunk,764298932,6434945508,1342879000,0,250,0.75,0.05,coarse-modis-250m,218202.965,0.964259,0.964259,0.0,0.0,0.0,unknown,excluded,event_context_not_jakarta
osm-6434967979-2836706754-0,DFO_3280_From_20080301_to_20080403,2008-03-01,2008-04-03,remote_event_centroid_with_isolated_pilot_pixel,low,77.284,Jalan Pulau Putri,residential,279455518,6434967979,2836706754,0,250,0.75,0.05,coarse-modis-250m,234744.357,0.966614,0.966614,0.0,0.0,0.0,unknown,excluded,event_context_not_jakarta
osm-6451021641-4914353827-0,DFO_3280_From_20080301_to_20080403,2008-03-01,2008-04-03,remote_event_centroid_with_isolated_pilot_pixel,low,9.362,Jalan D. I. Panjaitan,trunk,1254545532,6451021641,4914353827,0,250,0.75,0.05,coarse-modis-250m,200762.177,0.961623,0.961623,0.0,0.0,0.0,unknown,excluded,event_context_not_jakarta
osm-6451233564-1757800736-0,DFO_3280_From_20080301_to_20080403,2008-03-01,2008-04-03,remote_event_centroid_with_isolated_pilot_pixel,low,53.936,Jalan Letnan Jenderal Siswondo Parman,trunk,688087386,6451233564,1757800736,0,250,0.75,0.05,coarse-modis-250m,223008.601,0.964931,0.964931,0.0,0.0,0.0,unknown,excluded,event_context_not_jakarta
osm-6451233564-6776829930-0,DFO_3280_From_20080301_to_20080403,2008-03-01,2008-04-03,remote_event_centroid_with_isolated_pilot_pixel,low,54.41,Unnamed OSM road,trunk_link,808539792|755067954,6451233564,6776829930,0,250,0.75,0.05,coarse-modis-250m,223273.133,0.965474,0.965474,0.0,0.0,0.0,unknown,excluded,event_context_not_jakarta
osm-6451233565-6451233564-0,DFO_3280_From_20080301_to_20080403,2008-03-01,2008-04-03,remote_event_centroid_with_isolated_pilot_pixel,low,4.916,Jalan Letnan Jenderal Siswondo Parman,trunk,688087386,6451233565,6451233564,0,250,0.75,0.05,coarse-modis-250m,198537.937,0.961184,0.961184,0.0,0.0,0.0,unknown,excluded,event_context_not_jakarta
osm-6451233570-10098494032-0,DFO_3280_From_20080301_to_20080403,2008-03-01,2008-04-03,remote_event_centroid_with_isolated_pilot_pixel,low,6.35,Jalan Letnan Jenderal Siswondo Parman,trunk,688087394,6451233570,10098494032,0,250,0.75,0.05,coarse-modis-250m,199255.003,0.961299,0.961299,0.0,0.0,0.0,unknown,excluded,event_context_not_jakarta
osm-6451500598-3266396608-0,DFO_3280_From_20080301_to_20080403,2008-03-01,2008-04-03,remote_event_centroid_with_isolated_pilot_pixel,low,23.491,Jalan Tomang Raya,primary,1239767488,6451500598,3266396608,0,250,0.75,0.05,coarse-modis-250m,207831.091,0.962906,0.962906,0.0,0.0,0.0,unknown,excluded,event_context_not_jakarta
osm-6456763921-7070822596-0,DFO_3280_From_20080301_to_20080403,2008-03-01,2008-04-03,remote_event_centroid_with_isolated_pilot_pixel,low,25.188,Jalan Jenderal Basuki Rahmat,primary,28851026|1527672252|764002470,6456763921,7070822596,0,250,0.75,0.05,coarse-modis-250m,208680.265,0.962632,0.962632,0.0,0.0,0.0,unknown,excluded,event_context_not_jakarta
osm-6459026538-1135179421-0,DFO_3280_From_20080301_to_20080403,2008-03-01,2008-04-03,remote_event_centroid_with_isolated_pilot_pixel,low,36.093,Jalan Cipinang Cempedak I,tertiary,98090600,6459026538,1135179421,0,250,0.75,0.05,coarse-modis-250m,214135.79,0.963674,0.963674,0.0,0.0,0.0,unknown,excluded,event_context_not_jakarta
osm-6459032697-12738838445-0,DFO_3280_From_20080301_to_20080403,2008-03-01,2008-04-03,remote_event_centroid_with_isolated_pilot_pixel,low,86.479,Jalan Dokter Suratmo,secondary,508913838|761320319,6459032697,12738838445,0,250,0.75,0.05,coarse-modis-250m,239251.348,0.967614,0.967614,0.0,0.0,0.0,unknown,excluded,event_context_not_jakarta
osm-6459323552-4990059014-0,DFO_3280_From_20080301_to_20080403,2008-03-01,2008-04-03,remote_event_centroid_with_isolated_pilot_pixel,low,255.219,Jalan Letnan Jenderal Suprapto,primary,488110562,6459323552,4990059014,0,250,0.75,0.05,coarse-modis-250m,323753.309,0.974335,0.974335,0.0,0.0,0.0,unknown,excluded,event_context_not_jakarta
osm-6459341771-5201675288-0,DFO_3280_From_20080301_to_20080403,2008-03-01,2008-04-03,remote_event_centroid_with_isolated_pilot_pixel,low,343.628,Jalan Letnan Jenderal Suprapto,primary,755342160|1527654401|1527654400,6459341771,5201675288,0,250,0.75,0.05,coarse-modis-250m,368000.051,0.976432,0.976432,0.0,0.0,0.0,unknown,excluded,event_context_not_jakarta
osm-6471562381-4798985491-0,DFO_3280_From_20080301_to_20080403,2008-03-01,2008-04-03,remote_event_centroid_with_isolated_pilot_pixel,low,51.527,Jalan Letnan Jenderal Suprapto,primary,492988946,6471562381,4798985491,0,250,0.75,0.05,coarse-modis-250m,221854.976,0.965688,0.965688,0.0,0.0,0.0,unknown,excluded,event_context_not_jakarta
osm-6471563890-5373977777-0,DFO_3280_From_20080301_to_20080403,2008-03-01,2008-04-03,remote_event_centroid_with_isolated_pilot_pixel,low,19.428,Jalan Letnan Jenderal Suprapto,primary,492988946,6471563890,5373977777,0,250,0.75,0.05,coarse-modis-250m,205798.194,0.962759,0.962759,0.0,0.0,0.0,unknown,excluded,event_context_not_jakarta
osm-6477409182-4815227758-0,DFO_3280_From_20080301_to_20080403,2008-03-01,2008-04-03,remote_event_centroid_with_isolated_pilot_pixel,low,43.973,Jalan Pulolio,tertiary,489260903,6477409182,4815227758,0,250,0.75,0.05,coarse-modis-250m,218078.633,0.964564,0.964564,0.0,0.0,0.0,unknown,excluded,event_context_not_jakarta
osm-6486347952-9491290599-0,DFO_3280_From_20080301_to_20080403,2008-03-01,2008-04-03,remote_event_centroid_with_isolated_pilot_pixel,low,70.429,Jalan Letnan Jenderal Siswondo Parman,trunk,560008548,6486347952,9491290599,0,250,0.75,0.05,coarse-modis-250m,231313.364,0.966064,0.966064,0.0,0.0,0.0,unknown,excluded,event_context_not_jakarta
osm-6490074722-330177825-0,DFO_3280_From_20080301_to_20080403,2008-03-01,2008-04-03,remote_event_centroid_with_isolated_pilot_pixel,low,9.178,Jalan Pemuda,primary,722419938,6490074722,330177825,0,250,0.75,0.05,coarse-modis-250m,200669.789,0.961476,0.961476,0.0,0.0,0.0,unknown,excluded,event_context_not_jakarta
osm-6493403591-3266332372-0,DFO_3280_From_20080301_to_20080403,2008-03-01,2008-04-03,remote_event_centroid_with_isolated_pilot_pixel,low,39.086,Jalan Jenderal Gatot Subroto,primary,691851120,6493403591,3266332372,0,250,0.75,0.05,coarse-modis-250m,215633.252,0.963879,0.963879,0.0,0.0,0.0,unknown,excluded,event_context_not_jakarta
osm-6531806778-7082730280-0,DFO_3280_From_20080301_to_20080403,2008-03-01,2008-04-03,remote_event_centroid_with_isolated_pilot_pixel,low,8.68,Jalan Pemuda,primary,975979297,6531806778,7082730280,0,250,0.75,0.05,coarse-modis-250m,200420.966,0.961556,0.961556,0.0,0.0,0.0,unknown,excluded,event_context_not_jakarta
osm-6546950357-309712345-0,DFO_3280_From_20080301_to_20080403,2008-03-01,2008-04-03,remote_event_centroid_with_isolated_pilot_pixel,low,171.284,Jalan Jenderal Gatot Subroto,trunk,751715004|758677238|758677239,6546950357,309712345,0,250,0.75,0.05,coarse-modis-250m,281772.082,0.971353,0.971353,0.0,0.0,0.0,unknown,excluded,event_context_not_jakarta
osm-6547719124-1675488274-0,DFO_3280_From_20080301_to_20080403,2008-03-01,2008-04-03,remote_event_centroid_with_isolated_pilot_pixel,low,9.47,Jalan Letnan Jenderal Suprapto,primary,763262315,6547719124,1675488274,0,250,0.75,0.05,coarse-modis-250m,200816.299,0.962145,0.962145,0.0,0.0,0.0,unknown,excluded,event_context_not_jakarta
osm-6552109327-5671605046-0,DFO_3280_From_20080301_to_20080403,2008-03-01,2008-04-03,remote_event_centroid_with_isolated_pilot_pixel,low,36.763,Jalan Kebon Sirih,primary,18056345,6552109327,5671605046,0,250,0.75,0.05,coarse-modis-250m,214471.265,0.963661,0.963661,0.0,0.0,0.0,unknown,excluded,event_context_not_jakarta
osm-6604587143-7059651780-0,DFO_3280_From_20080301_to_20080403,2008-03-01,2008-04-03,remote_event_centroid_with_isolated_pilot_pixel,low,99.035,Jalan Pemuda,primary,1458445576,6604587143,7059651780,0,250,0.75,0.05,coarse-modis-250m,245626.467,0.967791,0.967791,0.0,0.0,0.0,unknown,excluded,event_context_not_jakarta
osm-6776762980-310048835-0,DFO_3280_From_20080301_to_20080403,2008-03-01,2008-04-03,remote_event_centroid_with_isolated_pilot_pixel,low,43.994,Jalan Tomang Raya,primary,1220487712|1249941595|560008532,6776762980,310048835,0,250,0.75,0.05,coarse-modis-250m,218087.11,0.96532,0.96532,0.0,0.0,0.0,unknown,excluded,event_context_not_jakarta
osm-6776762981-6776762980-0,DFO_3280_From_20080301_to_20080403,2008-03-01,2008-04-03,remote_event_centroid_with_isolated_pilot_pixel,low,11.276,Jalan Tomang Raya,primary,320147637,6776762981,6776762980,0,250,0.75,0.05,coarse-modis-250m,201719.77,0.961749,0.961749,0.0,0.0,0.0,unknown,excluded,event_context_not_jakarta
osm-6776829930-6776762981-0,DFO_3280_From_20080301_to_20080403,2008-03-01,2008-04-03,remote_event_centroid_with_isolated_pilot_pixel,low,26.482,Unnamed OSM road,trunk_link,755067954,6776829930,6776762981,0,250,0.75,0.05,coarse-modis-250m,209327.464,0.962966,0.962966,0.0,0.0,0.0,unknown,excluded,event_context_not_jakarta
osm-6797982811-6118418342-0,DFO_3280_From_20080301_to_20080403,2008-03-01,2008-04-03,remote_event_centroid_with_isolated_pilot_pixel,low,64.208,Jalan Jenderal Gatot Subroto,trunk,1249938307|653349526,6797982811,6118418342,0,250,0.75,0.05,coarse-modis-250m,228200.812,0.965686,0.965686,0.0,0.0,0.0,unknown,excluded,event_context_not_jakarta
osm-6801763173-8811850651-0,DFO_3280_From_20080301_to_20080403,2008-03-01,2008-04-03,remote_event_centroid_with_isolated_pilot_pixel,low,3.643,Jalan Pulokambing II,residential,686924182,6801763173,8811850651,0,250,0.75,0.05,coarse-modis-250m,197900.693,0.961064,0.961064,0.0,0.0,0.0,unknown,excluded,event_context_not_jakarta
osm-6806925400-317193936-0,DFO_3280_From_20080301_to_20080403,2008-03-01,2008-04-03,remote_event_centroid_with_isolated_pilot_pixel,low,36.732,Jalan Jenderal Basuki Rahmat,primary,28847119,6806925400,317193936,0,250,0.75,0.05,coarse-modis-250m,214455.772,0.963767,0.963767,0.0,0.0,0.0,unknown,excluded,event_context_not_jakarta
osm-6831185205-9486285513-0,DFO_3280_From_20080301_to_20080403,2008-03-01,2008-04-03,remote_event_centroid_with_isolated_pilot_pixel,low,26.117,Jalan Letnan Jenderal Siswondo Parman,trunk,1027699887,6831185205,9486285513,0,250,0.75,0.05,coarse-modis-250m,209144.799,0.963036,0.963036,0.0,0.0,0.0,unknown,excluded,event_context_not_jakarta
osm-6862048641-5655125045-0,DFO_3280_From_20080301_to_20080403,2008-03-01,2008-04-03,remote_event_centroid_with_isolated_pilot_pixel,low,44.676,Jalan Boulevard Barat,secondary,759677175,6862048641,5655125045,0,250,0.75,0.05,coarse-modis-250m,218173.353,0.965863,0.965863,0.0,0.0,0.0,unknown,excluded,event_context_not_jakarta
osm-6878897947-1139139728-0,DFO_3280_From_20080301_to_20080403,2008-03-01,2008-04-03,remote_event_centroid_with_isolated_pilot_pixel,low,35.183,Jalan Letnan Jenderal MT Haryono,trunk,1186134489,6878897947,1139139728,0,250,0.75,0.05,coarse-modis-250m,213680.579,0.96364,0.96364,0.0,0.0,0.0,unknown,excluded,event_context_not_jakarta
osm-6884974160-11899737707-0,DFO_3280_From_20080301_to_20080403,2008-03-01,2008-04-03,remote_event_centroid_with_isolated_pilot_pixel,low,21.993,Jalan Jatinegara Timur,primary,1282308967,6884974160,11899737707,0,250,0.75,0.05,coarse-modis-250m,207081.602,0.962607,0.962607,0.0,0.0,0.0,unknown,excluded,event_context_not_jakarta
osm-6907592439-315710860-0,DFO_3280_From_20080301_to_20080403,2008-03-01,2008-04-03,remote_event_centroid_with_isolated_pilot_pixel,low,42.956,Jalan Dokter Sutomo,secondary,1498249121|762052107|508138517|761818586|1103018842,6907592439,315710860,0,250,0.75,0.05,coarse-modis-250m,217569.255,0.964393,0.964393,0.0,0.0,0.0,unknown,excluded,event_context_not_jakarta
osm-6907714745-5380146210-0,DFO_3280_From_20080301_to_20080403,2008-03-01,2008-04-03,remote_event_centroid_with_isolated_pilot_pixel,low,142.335,Jalan Pulau Dana,residential,557920798,6907714745,5380146210,0,250,0.75,0.05,coarse-modis-250m,267072.094,0.969775,0.969775,0.0,0.0,0.0,unknown,excluded,event_context_not_jakarta
osm-6910883258-4849427384-0,DFO_3280_From_20080301_to_20080403,2008-03-01,2008-04-03,remote_event_centroid_with_isolated_pilot_pixel,low,44.406,Jalan Letnan Jenderal Suprapto,primary,492988946,6910883258,4849427384,0,250,0.75,0.05,coarse-modis-250m,218295.064,0.964363,0.964363,0.0,0.0,0.0,unknown,excluded,event_context_not_jakarta
osm-6978444809-9002723306-0,DFO_3280_From_20080301_to_20080403,2008-03-01,2008-04-03,remote_event_centroid_with_isolated_pilot_pixel,low,185.104,Jalan Suryopranoto,primary,497546913|1369734219,6978444809,9002723306,0,250,0.75,0.05,coarse-modis-250m,288670.39,0.97248,0.97248,0.0,0.0,0.0,unknown,excluded,event_context_not_jakarta
osm-6978444810-6978444809-0,DFO_3280_From_20080301_to_20080403,2008-03-01,2008-04-03,remote_event_centroid_with_isolated_pilot_pixel,low,30.621,Jalan Suryopranoto,primary,497546914|28706691|1509531423,6978444810,6978444809,0,250,0.75,0.05,coarse-modis-250m,211397.299,0.962775,0.962775,0.0,0.0,0.0,unknown,excluded,event_context_not_jakarta
osm-6978547983-3723635038-0,DFO_3280_From_20080301_to_20080403,2008-03-01,2008-04-03,remote_event_centroid_with_isolated_pilot_pixel,low,228.128,Jalan Jenderal Ahmad Yani,trunk,764286705|759490081,6978547983,3723635038,0,250,0.75,0.05,coarse-modis-250m,310213.884,0.973662,0.973662,0.0,0.0,0.0,unknown,excluded,event_context_not_jakarta
osm-7003228710-1321537155-0,DFO_3280_From_20080301_to_20080403,2008-03-01,2008-04-03,remote_event_centroid_with_isolated_pilot_pixel,low,11.784,Jalan Kolonel Soegiono,primary,744559390,7003228710,1321537155,0,250,0.75,0.05,coarse-modis-250m,201971.832,0.962496,0.962496,0.0,0.0,0.0,unknown,excluded,event_context_not_jakarta
osm-7003228710-7003248324-0,DFO_3280_From_20080301_to_20080403,2008-03-01,2008-04-03,remote_event_centroid_with_isolated_pilot_pixel,low,14.05,Unnamed OSM road,primary_link,748865229,7003228710,7003248324,0,250,0.75,0.05,coarse-modis-250m,203096.969,0.964922,0.964922,0.0,0.0,0.0,unknown,excluded,event_context_not_jakarta
osm-7003248324-1321537155-0,DFO_3280_From_20080301_to_20080403,2008-03-01,2008-04-03,remote_event_centroid_with_isolated_pilot_pixel,low,12.074,Jalan Pahlawan Revolusi,primary,748868103,7003248324,1321537155,0,250,0.75,0.05,coarse-modis-250m,202118.934,0.961848,0.961848,0.0,0.0,0.0,unknown,excluded,event_context_not_jakarta
osm-7015230195-4849427387-0,DFO_3280_From_20080301_to_20080403,2008-03-01,2008-04-03,remote_event_centroid_with_isolated_pilot_pixel,low,64.876,Jalan Letnan Jenderal Suprapto,primary,492988946,7015230195,4849427387,0,250,0.75,0.05,coarse-modis-250m,228527.221,0.965697,0.965697,0.0,0.0,0.0,unknown,excluded,event_context_not_jakarta
osm-7015230199-7015230195-0,DFO_3280_From_20080301_to_20080403,2008-03-01,2008-04-03,remote_event_centroid_with_isolated_pilot_pixel,low,44.623,Jalan Letnan Jenderal Suprapto,primary,492988946,7015230199,7015230195,0,250,0.75,0.05,coarse-modis-250m,218403.869,0.964825,0.964825,0.0,0.0,0.0,unknown,excluded,event_context_not_jakarta
osm-7018595457-6315609708-0,DFO_3280_From_20080301_to_20080403,2008-03-01,2008-04-03,remote_event_centroid_with_isolated_pilot_pixel,low,34.224,Jalan Kebon Sirih,primary,674369904|761122077,7018595457,6315609708,0,250,0.75,0.05,coarse-modis-250m,213164.141,0.96522,0.96522,0.0,0.0,0.0,unknown,excluded,event_context_not_jakarta
osm-7026798812-5498027297-0,DFO_3280_From_20080301_to_20080403,2008-03-01,2008-04-03,remote_event_centroid_with_isolated_pilot_pixel,low,424.098,Jalan Inspeksi Tarum Barat,primary,1085472813|572251878,7026798812,5498027297,0,250,0.75,0.05,coarse-modis-250m,408145.759,0.979444,0.979444,0.0,0.0,0.0,unknown,excluded,event_context_not_jakarta
osm-7027128992-4658384434-0,DFO_3280_From_20080301_to_20080403,2008-03-01,2008-04-03,remote_event_centroid_with_isolated_pilot_pixel,low,91.163,Jalan Jenderal Basuki Rahmat,primary,28847119,7027128992,4658384434,0,250,0.75,0.05,coarse-modis-250m,241681.397,0.967491,0.967491,0.0,0.0,0.0,unknown,excluded,event_context_not_jakarta
osm-7027231693-4152867163-0,DFO_3280_From_20080301_to_20080403,2008-03-01,2008-04-03,remote_event_centroid_with_isolated_pilot_pixel,low,112.816,Jalan Jenderal Basuki Rahmat,primary,767532261,7027231693,4152867163,0,250,0.75,0.05,coarse-modis-250m,252504.527,0.969053,0.969053,0.0,0.0,0.0,unknown,excluded,event_context_not_jakarta
osm-7029385572-316486305-0,DFO_3280_From_20080301_to_20080403,2008-03-01,2008-04-03,remote_event_centroid_with_isolated_pilot_pixel,low,43.932,Unnamed OSM road,trunk_link,805801284,7029385572,316486305,0,250,0.75,0.05,coarse-modis-250m,217872.596,0.969333,0.969333,0.0,0.0,0.0,unknown,excluded,event_context_not_jakarta
osm-7029563618-4993841487-0,DFO_3280_From_20080301_to_20080403,2008-03-01,2008-04-03,remote_event_centroid_with_isolated_pilot_pixel,low,28.299,Unnamed OSM road,primary_link,521164040,7029563618,4993841487,0,250,0.75,0.05,coarse-modis-250m,210236.114,0.963076,0.963076,0.0,0.0,0.0,unknown,excluded,event_context_not_jakarta
osm-7029563618-7029563620-0,DFO_3280_From_20080301_to_20080403,2008-03-01,2008-04-03,remote_event_centroid_with_isolated_pilot_pixel,low,12.404,Jalan Kolonel Soegiono,primary,751996164,7029563618,7029563620,0,250,0.75,0.05,coarse-modis-250m,202284.286,0.962147,0.962147,0.0,0.0,0.0,unknown,excluded,event_context_not_jakarta
osm-7029563620-7029563621-0,DFO_3280_From_20080301_to_20080403,2008-03-01,2008-04-03,remote_event_centroid_with_isolated_pilot_pixel,low,10.441,Jalan Kolonel Soegiono,primary,751996164,7029563620,7029563621,0,250,0.75,0.05,coarse-modis-250m,201302.074,0.961734,0.961734,0.0,0.0,0.0,unknown,excluded,event_context_not_jakarta
osm-7029563621-12530400916-0,DFO_3280_From_20080301_to_20080403,2008-03-01,2008-04-03,remote_event_centroid_with_isolated_pilot_pixel,low,28.354,Jalan Kolonel Soegiono,primary,751996163,7029563621,12530400916,0,250,0.75,0.05,coarse-modis-250m,210263.697,0.963165,0.963165,0.0,0.0,0.0,unknown,excluded,event_context_not_jakarta
osm-7038299405-388023277-0,DFO_3280_From_20080301_to_20080403,2008-03-01,2008-04-03,remote_event_centroid_with_isolated_pilot_pixel,low,43.755,Jalan Letnan Jenderal Siswondo Parman,trunk,688117573,7038299405,388023277,0,250,0.75,0.05,coarse-modis-250m,217969.515,0.964266,0.964266,0.0,0.0,0.0,unknown,excluded,event_context_not_jakarta
osm-7039275702-1359134222-0,DFO_3280_From_20080301_to_20080403,2008-03-01,2008-04-03,remote_event_centroid_with_isolated_pilot_pixel,low,36.048,Jalan Radin Inten,primary,1074066710,7039275702,1359134222,0,250,0.75,0.05,coarse-modis-250m,214113.68,0.96369,0.96369,0.0,0.0,0.0,unknown,excluded,event_context_not_jakarta
osm-7044795931-7509918742-0,DFO_3280_From_20080301_to_20080403,2008-03-01,2008-04-03,remote_event_centroid_with_isolated_pilot_pixel,low,11.4,Jalan Kolonel Soegiono,primary,754062956,7044795931,7509918742,0,250,0.75,0.05,coarse-modis-250m,201781.849,0.961921,0.961921,0.0,0.0,0.0,unknown,excluded,event_context_not_jakarta
osm-7044795934-7044795931-0,DFO_3280_From_20080301_to_20080403,2008-03-01,2008-04-03,remote_event_centroid_with_isolated_pilot_pixel,low,24.82,Jalan Kolonel Soegiono,primary,754062956,7044795934,7044795931,0,250,0.75,0.05,coarse-modis-250m,208495.842,0.963127,0.963127,0.0,0.0,0.0,unknown,excluded,event_context_not_jakarta
osm-7045010187-5487633251-0,DFO_3280_From_20080301_to_20080403,2008-03-01,2008-04-03,remote_event_centroid_with_isolated_pilot_pixel,low,205.057,Jalan Dokter KRT Radjiman Widyodiningrat,primary,489977117,7045010187,5487633251,0,250,0.75,0.05,coarse-modis-250m,298661.497,0.972693,0.972693,0.0,0.0,0.0,unknown,excluded,event_context_not_jakarta
osm-7045010651-4502213977-0,DFO_3280_From_20080301_to_20080403,2008-03-01,2008-04-03,remote_event_centroid_with_isolated_pilot_pixel,low,32.545,Jalan Boulevard Barat,secondary,39741723,7045010651,4502213977,0,250,0.75,0.05,coarse-modis-250m,212361.025,0.963475,0.963475,0.0,0.0,0.0,unknown,excluded,event_context_not_jakarta
osm-7045231385-11501464552-0,DFO_3280_From_20080301_to_20080403,2008-03-01,2008-04-03,remote_event_centroid_with_isolated_pilot_pixel,low,22.119,Jalan Dokter KRT Radjiman Widyodiningrat,primary,1238183825,7045231385,11501464552,0,250,0.75,0.05,coarse-modis-250m,207144.458,0.962809,0.962809,0.0,0.0,0.0,unknown,excluded,event_context_not_jakarta
osm-7046982976-1682844563-0,DFO_3280_From_20080301_to_20080403,2008-03-01,2008-04-03,remote_event_centroid_with_isolated_pilot_pixel,low,396.732,Jalan Dokter KRT Radjiman Widyodiningrat,primary,489977114|754381189,7046982976,1682844563,0,250,0.75,0.05,coarse-modis-250m,394532.16,0.978095,0.978095,0.0,0.0,0.0,unknown,excluded,event_context_not_jakarta
osm-7050035434-7050035438-0,DFO_3280_From_20080301_to_20080403,2008-03-01,2008-04-03,remote_event_centroid_with_isolated_pilot_pixel,low,35.11,Jalan Brigadir Jenderal Katamso Darmokusumo,primary,754655054,7050035434,7050035438,0,250,0.75,0.05,coarse-modis-250m,212886.14,0.96714,0.96714,0.0,0.0,0.0,unknown,excluded,event_context_not_jakarta
osm-7050035434-7050035440-0,DFO_3280_From_20080301_to_20080403,2008-03-01,2008-04-03,remote_event_centroid_with_isolated_pilot_pixel,low,73.184,Jalan Letnan Jenderal Siswondo Parman,trunk,1027699888|1050942453,7050035434,7050035440,0,250,0.75,0.05,coarse-modis-250m,232692.774,0.966327,0.966327,0.0,0.0,0.0,unknown,excluded,event_context_not_jakarta
osm-7050035438-7122914747-0,DFO_3280_From_20080301_to_20080403,2008-03-01,2008-04-03,remote_event_centroid_with_isolated_pilot_pixel,low,88.409,Jalan Brigadir Jenderal Katamso Darmokusumo,primary,757042417,7050035438,7122914747,0,250,0.75,0.05,coarse-modis-250m,240295.867,0.967319,0.967319,0.0,0.0,0.0,unknown,excluded,event_context_not_jakarta
osm-7050035440-7246575157-0,DFO_3280_From_20080301_to_20080403,2008-03-01,2008-04-03,remote_event_centroid_with_isolated_pilot_pixel,low,9.626,Jalan Letnan Jenderal Siswondo Parman,trunk,688117571,7050035440,7246575157,0,250,0.75,0.05,coarse-modis-250m,200894.255,0.961657,0.961657,0.0,0.0,0.0,unknown,excluded,event_context_not_jakarta
osm-7052519688-7070168306-0,DFO_3280_From_20080301_to_20080403,2008-03-01,2008-04-03,remote_event_centroid_with_isolated_pilot_pixel,low,87.927,Jalan Letnan Jenderal Siswondo Parman,trunk,688087393|1288609434,7052519688,7070168306,0,250,0.75,0.05,coarse-modis-250m,239991.662,0.970883,0.970883,0.0,0.0,0.0,unknown,excluded,event_context_not_jakarta
osm-7055752942-5006633608-0,DFO_3280_From_20080301_to_20080403,2008-03-01,2008-04-03,remote_event_centroid_with_isolated_pilot_pixel,low,119.355,Jalan Letnan Jenderal Suprapto,primary,754098162,7055752942,5006633608,0,250,0.75,0.05,coarse-modis-250m,255792.942,0.969324,0.969324,0.0,0.0,0.0,unknown,excluded,event_context_not_jakarta
osm-7055776846-4990059515-0,DFO_3280_From_20080301_to_20080403,2008-03-01,2008-04-03,remote_event_centroid_with_isolated_pilot_pixel,low,193.239,Jalan Letnan Jenderal Suprapto,primary,754106906,7055776846,4990059515,0,250,0.75,0.05,coarse-modis-250m,292757.375,0.9723,0.9723,0.0,0.0,0.0,unknown,excluded,event_context_not_jakarta
osm-7059042271-6315609717-0,DFO_3280_From_20080301_to_20080403,2008-03-01,2008-04-03,remote_event_centroid_with_isolated_pilot_pixel,low,5.34,Jalan Kebon Sirih,primary,18056345,7059042271,6315609717,0,250,0.75,0.05,coarse-modis-250m,198749.613,0.961278,0.961278,0.0,0.0,0.0,unknown,excluded,event_context_not_jakarta
osm-7059651780-316412093-0,DFO_3280_From_20080301_to_20080403,2008-03-01,2008-04-03,remote_event_centroid_with_isolated_pilot_pixel,low,12.186,Jalan Pemuda,primary,763467199,7059651780,316412093,0,250,0.75,0.05,coarse-modis-250m,202175.181,0.961852,0.961852,0.0,0.0,0.0,unknown,excluded,event_context_not_jakarta
osm-7062375566-7513762422-0,DFO_3280_From_20080301_to_20080403,2008-03-01,2008-04-03,remote_event_centroid_with_isolated_pilot_pixel,low,5.34,Jalan Kebon Sirih,primary,248618360,7062375566,7513762422,0,250,0.75,0.05,coarse-modis-250m,198749.61,0.961224,0.961224,0.0,0.0,0.0,unknown,excluded,event_context_not_jakarta
osm-7070168306-7483895436-0,DFO_3280_From_20080301_to_20080403,2008-03-01,2008-04-03,remote_event_centroid_with_isolated_pilot_pixel,low,11.254,Jalan Letnan Jenderal Siswondo Parman,trunk,1288609434,7070168306,7483895436,0,250,0.75,0.05,coarse-modis-250m,201708.602,0.961786,0.961786,0.0,0.0,0.0,unknown,excluded,event_context_not_jakarta
osm-7070168315-310048098-0,DFO_3280_From_20080301_to_20080403,2008-03-01,2008-04-03,remote_event_centroid_with_isolated_pilot_pixel,low,999.957,Tol Dalam Kota Jakarta,motorway,514485760,7070168315,310048098,0,250,0.75,0.05,coarse-modis-250m,696358.05,0.98578,0.98578,0.0,0.0,0.0,unknown,excluded,event_context_not_jakarta
osm-7070822596-7027231693-0,DFO_3280_From_20080301_to_20080403,2008-03-01,2008-04-03,remote_event_centroid_with_isolated_pilot_pixel,low,71.423,Jalan Jenderal Basuki Rahmat,primary,764002471,7070822596,7027231693,0,250,0.75,0.05,coarse-modis-250m,231796.471,0.968392,0.968392,0.0,0.0,0.0,unknown,excluded,event_context_not_jakarta
osm-7082730280-5655139014-0,DFO_3280_From_20080301_to_20080403,2008-03-01,2008-04-03,remote_event_centroid_with_isolated_pilot_pixel,low,38.36,Jalan Pemuda,primary,975979297,7082730280,5655139014,0,250,0.75,0.05,coarse-modis-250m,215270.069,0.964211,0.964211,0.0,0.0,0.0,unknown,excluded,event_context_not_jakarta
osm-7082864214-310048835-0,DFO_3280_From_20080301_to_20080403,2008-03-01,2008-04-03,remote_event_centroid_with_isolated_pilot_pixel,low,73.245,Unnamed OSM road,motorway_link,722466414,7082864214,310048835,0,250,0.75,0.05,coarse-modis-250m,232689.12,0.965746,0.965746,0.0,0.0,0.0,unknown,excluded,event_context_not_jakarta
osm-7096117327-6862048641-0,DFO_3280_From_20080301_to_20080403,2008-03-01,2008-04-03,remote_event_centroid_with_isolated_pilot_pixel,low,43.381,Jalan Boulevard Barat,secondary,759677172,7096117327,6862048641,0,250,0.75,0.05,coarse-modis-250m,217782.303,0.964252,0.964252,0.0,0.0,0.0,unknown,excluded,event_context_not_jakarta
osm-7098183581-9695103618-0,DFO_3280_From_20080301_to_20080403,2008-03-01,2008-04-03,remote_event_centroid_with_isolated_pilot_pixel,low,26.537,Jalan Pos,secondary,28706110,7098183581,9695103618,0,250,0.75,0.05,coarse-modis-250m,209354.853,0.962979,0.962979,0.0,0.0,0.0,unknown,excluded,event_context_not_jakarta
osm-7103369194-317156628-0,DFO_3280_From_20080301_to_20080403,2008-03-01,2008-04-03,remote_event_centroid_with_isolated_pilot_pixel,low,20.31,Jalan Raya Casablanca,primary,28847137,7103369194,317156628,0,250,0.75,0.05,coarse-modis-250m,206239.439,0.528749,0.528749,0.0,0.0,0.0,unknown,excluded,event_context_not_jakarta
osm-7103369200-7103369194-0,DFO_3280_From_20080301_to_20080403,2008-03-01,2008-04-03,remote_event_centroid_with_isolated_pilot_pixel,low,17.552,Jalan Raya Casablanca,primary,28847137,7103369200,7103369194,0,250,0.75,0.05,coarse-modis-250m,204859.426,0.551027,0.551027,0.0,0.0,0.0,unknown,excluded,event_context_not_jakarta
osm-7103903985-1351484887-0,DFO_3280_From_20080301_to_20080403,2008-03-01,2008-04-03,remote_event_centroid_with_isolated_pilot_pixel,low,5.251,Jalan Kramat Raya,primary,1295786981,7103903985,1351484887,0,250,0.75,0.05,coarse-modis-250m,198705.083,0.961072,0.961072,0.0,0.0,0.0,unknown,excluded,event_context_not_jakarta
osm-7104997606-5172730315-0,DFO_3280_From_20080301_to_20080403,2008-03-01,2008-04-03,remote_event_centroid_with_isolated_pilot_pixel,low,64.294,Jalan Mitra Sunter Boulevard,secondary,688068325|760228734,7104997606,5172730315,0,250,0.75,0.05,coarse-modis-250m,228231.974,0.965626,0.965626,0.0,0.0,0.0,unknown,excluded,event_context_not_jakarta
osm-7105384963-1342878909-0,DFO_3280_From_20080301_to_20080403,2008-03-01,2008-04-03,remote_event_centroid_with_isolated_pilot_pixel,low,100.619,Jalan Bekasi Raya,trunk,119540281,7105384963,1342878909,0,250,0.75,0.05,coarse-modis-250m,246305.007,0.967664,0.967664,0.0,0.0,0.0,unknown,excluded,event_context_not_jakarta
osm-7112944949-393861915-0,DFO_3280_From_20080301_to_20080403,2008-03-01,2008-04-03,remote_event_centroid_with_isolated_pilot_pixel,low,25.867,Jalan Pangeran Jayakarta,secondary,1294695408,7112944949,393861915,0,250,0.75,0.05,coarse-modis-250m,209019.702,0.962981,0.962981,0.0,0.0,0.0,unknown,excluded,event_context_not_jakarta
osm-7117458776-5380055271-0,DFO_3280_From_20080301_to_20080403,2008-03-01,2008-04-03,remote_event_centroid_with_isolated_pilot_pixel,low,186.493,Jalan Perintis Kemerdekaan,trunk,427815402,7117458776,5380055271,0,250,0.75,0.05,coarse-modis-250m,289383.124,0.971982,0.971982,0.0,0.0,0.0,unknown,excluded,event_context_not_jakarta
osm-7117640144-5189820259-0,DFO_3280_From_20080301_to_20080403,2008-03-01,2008-04-03,remote_event_centroid_with_isolated_pilot_pixel,low,189.56,Jalan Penjernihan 1,primary,1282090555|758308923|169300294,7117640144,5189820259,0,250,0.75,0.05,coarse-modis-250m,290904.538,0.971963,0.971963,0.0,0.0,0.0,unknown,excluded,event_context_not_jakarta
osm-7118113165-104356359-0,DFO_3280_From_20080301_to_20080403,2008-03-01,2008-04-03,remote_event_centroid_with_isolated_pilot_pixel,low,75.152,Jalan Letnan Jenderal Siswondo Parman,trunk,560008548,7118113165,104356359,0,250,0.75,0.05,coarse-modis-250m,233677.649,0.966207,0.966207,0.0,0.0,0.0,unknown,excluded,event_context_not_jakarta
osm-7120306569-5371596275-0,DFO_3280_From_20080301_to_20080403,2008-03-01,2008-04-03,remote_event_centroid_with_isolated_pilot_pixel,low,63.385,Jalan Gunung Sahari Raya,primary,654692998,7120306569,5371596275,0,250,0.75,0.05,coarse-modis-250m,227790.742,0.965642,0.965642,0.0,0.0,0.0,unknown,excluded,event_context_not_jakarta
osm-7120306577-7120306569-0,DFO_3280_From_20080301_to_20080403,2008-03-01,2008-04-03,remote_event_centroid_with_isolated_pilot_pixel,low,25.987,Jalan Gunung Sahari Raya,primary,654692998,7120306577,7120306569,0,250,0.75,0.05,coarse-modis-250m,209079.601,0.962874,0.962874,0.0,0.0,0.0,unknown,excluded,event_context_not_jakarta
osm-7120310389-9665578858-0,DFO_3280_From_20080301_to_20080403,2008-03-01,2008-04-03,remote_event_centroid_with_isolated_pilot_pixel,low,59.0,Jalan Tomang Raya,primary,762091306,7120310389,9665578858,0,250,0.75,0.05,coarse-modis-250m,225596.577,0.965332,0.965332,0.0,0.0,0.0,unknown,excluded,event_context_not_jakarta
osm-7120318185-7120380404-0,DFO_3280_From_20080301_to_20080403,2008-03-01,2008-04-03,remote_event_centroid_with_isolated_pilot_pixel,low,22.25,Jalan Gunung Sahari Raya,primary,654692998,7120318185,7120380404,0,250,0.75,0.05,coarse-modis-250m,207210.141,0.962781,0.962781,0.0,0.0,0.0,unknown,excluded,event_context_not_jakarta
osm-7120341842-7120393917-0,DFO_3280_From_20080301_to_20080403,2008-03-01,2008-04-03,remote_event_centroid_with_isolated_pilot_pixel,low,18.174,Jalan Gunung Sahari Raya,primary,654692998,7120341842,7120393917,0,250,0.75,0.05,coarse-modis-250m,205170.688,0.962478,0.962478,0.0,0.0,0.0,unknown,excluded,event_context_not_jakarta
osm-7120370231-4996688468-0,DFO_3280_From_20080301_to_20080403,2008-03-01,2008-04-03,remote_event_centroid_with_isolated_pilot_pixel,low,57.882,Jalan Gunung Sahari Raya,primary,1265458800,7120370231,4996688468,0,250,0.75,0.05,coarse-modis-250m,225037.403,0.96529,0.96529,0.0,0.0,0.0,unknown,excluded,event_context_not_jakarta
osm-7120377653-29939156-0,DFO_3280_From_20080301_to_20080403,2008-03-01,2008-04-03,remote_event_centroid_with_isolated_pilot_pixel,low,38.542,Jalan Gunung Sahari Raya,primary,1498249124|762101023,7120377653,29939156,0,250,0.75,0.05,coarse-modis-250m,215360.618,0.96394,0.96394,0.0,0.0,0.0,unknown,excluded,event_context_not_jakarta
osm-7120377658-7120377653-0,DFO_3280_From_20080301_to_20080403,2008-03-01,2008-04-03,remote_event_centroid_with_isolated_pilot_pixel,low,12.145,Jalan Gunung Sahari Raya,primary,762101023,7120377658,7120377653,0,250,0.75,0.05,coarse-modis-250m,202154.626,0.96183,0.96183,0.0,0.0,0.0,unknown,excluded,event_context_not_jakarta
osm-7120380401-5371596264-0,DFO_3280_From_20080301_to_20080403,2008-03-01,2008-04-03,remote_event_centroid_with_isolated_pilot_pixel,low,14.281,Jalan Gunung Sahari Raya,primary,654692998,7120380401,5371596264,0,250,0.75,0.05,coarse-modis-250m,203222.957,0.962098,0.962098,0.0,0.0,0.0,unknown,excluded,event_context_not_jakarta
osm-7120380404-7120380401-0,DFO_3280_From_20080301_to_20080403,2008-03-01,2008-04-03,remote_event_centroid_with_isolated_pilot_pixel,low,16.262,Jalan Gunung Sahari Raya,primary,654692998,7120380404,7120380401,0,250,0.75,0.05,coarse-modis-250m,204214.351,0.962122,0.962122,0.0,0.0,0.0,unknown,excluded,event_context_not_jakarta
osm-7120383641-10758010539-0,DFO_3280_From_20080301_to_20080403,2008-03-01,2008-04-03,remote_event_centroid_with_isolated_pilot_pixel,low,74.185,Jalan Gunung Sahari Raya,primary,762970472|762101021,7120383641,10758010539,0,250,0.75,0.05,coarse-modis-250m,233191.99,0.966462,0.966462,0.0,0.0,0.0,unknown,excluded,event_context_not_jakarta
osm-7120383650-7120383641-0,DFO_3280_From_20080301_to_20080403,2008-03-01,2008-04-03,remote_event_centroid_with_isolated_pilot_pixel,low,20.977,Jalan Gunung Sahari Raya,primary,762101021,7120383650,7120383641,0,250,0.75,0.05,coarse-modis-250m,206572.402,0.962581,0.962581,0.0,0.0,0.0,unknown,excluded,event_context_not_jakarta
osm-7120383655-7120383650-0,DFO_3280_From_20080301_to_20080403,2008-03-01,2008-04-03,remote_event_centroid_with_isolated_pilot_pixel,low,10.639,Jalan Gunung Sahari Raya,primary,762101021,7120383655,7120383650,0,250,0.75,0.05,coarse-modis-250m,201401.098,0.961767,0.961767,0.0,0.0,0.0,unknown,excluded,event_context_not_jakarta
osm-7120383657-1163404618-0,DFO_3280_From_20080301_to_20080403,2008-03-01,2008-04-03,remote_event_centroid_with_isolated_pilot_pixel,low,11.476,Jalan Gunung Sahari Raya,primary,762101021,7120383657,1163404618,0,250,0.75,0.05,coarse-modis-250m,201819.571,0.961864,0.961864,0.0,0.0,0.0,unknown,excluded,event_context_not_jakarta
osm-7120383659-7120383657-0,DFO_3280_From_20080301_to_20080403,2008-03-01,2008-04-03,remote_event_centroid_with_isolated_pilot_pixel,low,19.811,Jalan Gunung Sahari Raya,primary,762101021,7120383659,7120383657,0,250,0.75,0.05,coarse-modis-250m,205989.778,0.962564,0.962564,0.0,0.0,0.0,unknown,excluded,event_context_not_jakarta
osm-7120393905-7120377658-0,DFO_3280_From_20080301_to_20080403,2008-03-01,2008-04-03,remote_event_centroid_with_isolated_pilot_pixel,low,50.707,Jalan Gunung Sahari Raya,primary,654692998|762101023,7120393905,7120377658,0,250,0.75,0.05,coarse-modis-250m,221447.236,0.964775,0.964775,0.0,0.0,0.0,unknown,excluded,event_context_not_jakarta
osm-7120393917-7120306577-0,DFO_3280_From_20080301_to_20080403,2008-03-01,2008-04-03,remote_event_centroid_with_isolated_pilot_pixel,low,8.037,Jalan Gunung Sahari Raya,primary,654692998,7120393917,7120306577,0,250,0.75,0.05,coarse-modis-250m,200099.07,0.961524,0.961524,0.0,0.0,0.0,unknown,excluded,event_context_not_jakarta
osm-7120393920-5371596268-0,DFO_3280_From_20080301_to_20080403,2008-03-01,2008-04-03,remote_event_centroid_with_isolated_pilot_pixel,low,15.313,Jalan Gunung Sahari Raya,primary,654692998,7120393920,5371596268,0,250,0.75,0.05,coarse-modis-250m,203739.545,0.962207,0.962207,0.0,0.0,0.0,unknown,excluded,event_context_not_jakarta
osm-7120410534-4899821967-0,DFO_3280_From_20080301_to_20080403,2008-03-01,2008-04-03,remote_event_centroid_with_isolated_pilot_pixel,low,97.519,Jalan Gunung Sahari Raya,primary,1490370109,7120410534,4899821967,0,250,0.75,0.05,coarse-modis-250m,244868.052,0.96764,0.96764,0.0,0.0,0.0,unknown,excluded,event_context_not_jakarta
osm-7120410539-7120410534-0,DFO_3280_From_20080301_to_20080403,2008-03-01,2008-04-03,remote_event_centroid_with_isolated_pilot_pixel,low,34.162,Jalan Gunung Sahari Raya,primary,1490370109,7120410539,7120410534,0,250,0.75,0.05,coarse-modis-250m,213169.914,0.963597,0.963597,0.0,0.0,0.0,unknown,excluded,event_context_not_jakarta
osm-7120410540-7120410539-0,DFO_3280_From_20080301_to_20080403,2008-03-01,2008-04-03,remote_event_centroid_with_isolated_pilot_pixel,low,19.381,Jalan Gunung Sahari Raya,primary,1490370109,7120410540,7120410539,0,250,0.75,0.05,coarse-modis-250m,205774.99,0.96243,0.96243,0.0,0.0,0.0,unknown,excluded,event_context_not_jakarta
osm-7120410546-13720913830-0,DFO_3280_From_20080301_to_20080403,2008-03-01,2008-04-03,remote_event_centroid_with_isolated_pilot_pixel,low,9.312,Jalan Gunung Sahari Raya,primary,711241492,7120410546,13720913830,0,250,0.75,0.05,coarse-modis-250m,200737.026,0.961578,0.961578,0.0,0.0,0.0,unknown,excluded,event_context_not_jakarta
osm-7120411005-7120419447-0,DFO_3280_From_20080301_to_20080403,2008-03-01,2008-04-03,remote_event_centroid_with_isolated_pilot_pixel,low,55.116,Jalan Gunung Sahari Raya,primary,1001371685,7120411005,7120419447,0,250,0.75,0.05,coarse-modis-250m,223653.731,0.965085,0.965085,0.0,0.0,0.0,unknown,excluded,event_context_not_jakarta
osm-7120411011-7120411005-0,DFO_3280_From_20080301_to_20080403,2008-03-01,2008-04-03,remote_event_centroid_with_isolated_pilot_pixel,low,19.969,Jalan Gunung Sahari Raya,primary,1001371685,7120411011,7120411005,0,250,0.75,0.05,coarse-modis-250m,206069.067,0.962449,0.962449,0.0,0.0,0.0,unknown,excluded,event_context_not_jakarta
osm-7120419442-29939154-0,DFO_3280_From_20080301_to_20080403,2008-03-01,2008-04-03,remote_event_centroid_with_isolated_pilot_pixel,low,35.593,Jalan Gunung Sahari Raya,primary,1001371685,7120419442,29939154,0,250,0.75,0.05,coarse-modis-250m,213885.582,0.963751,0.963751,0.0,0.0,0.0,unknown,excluded,event_context_not_jakarta
osm-7120419444-7120419442-0,DFO_3280_From_20080301_to_20080403,2008-03-01,2008-04-03,remote_event_centroid_with_isolated_pilot_pixel,low,26.578,Jalan Gunung Sahari Raya,primary,1001371685,7120419444,7120419442,0,250,0.75,0.05,coarse-modis-250m,209375.346,0.963017,0.963017,0.0,0.0,0.0,unknown,excluded,event_context_not_jakarta
osm-7120419447-7120419444-0,DFO_3280_From_20080301_to_20080403,2008-03-01,2008-04-03,remote_event_centroid_with_isolated_pilot_pixel,low,10.136,Jalan Gunung Sahari Raya,primary,1001371685,7120419447,7120419444,0,250,0.75,0.05,coarse-modis-250m,201149.144,0.96164,0.96164,0.0,0.0,0.0,unknown,excluded,event_context_not_jakarta
osm-7120440775-7756153690-0,DFO_3280_From_20080301_to_20080403,2008-03-01,2008-04-03,remote_event_centroid_with_isolated_pilot_pixel,low,7.5,Jalan Kramat Raya,primary,758051339,7120440775,7756153690,0,250,0.75,0.05,coarse-modis-250m,199830.686,0.961375,0.961375,0.0,0.0,0.0,unknown,excluded,event_context_not_jakarta
osm-7120440781-5671531324-0,DFO_3280_From_20080301_to_20080403,2008-03-01,2008-04-03,remote_event_centroid_with_isolated_pilot_pixel,low,51.471,Jalan Kramat Raya,primary,762074073|533303289,7120440781,5671531324,0,250,0.75,0.05,coarse-modis-250m,221824.874,0.965546,0.965546,0.0,0.0,0.0,unknown,excluded,event_context_not_jakarta
osm-7120487195-316374654-0,DFO_3280_From_20080301_to_20080403,2008-03-01,2008-04-03,remote_event_centroid_with_isolated_pilot_pixel,low,13.689,Jalan Kramat Raya,primary,717267441,7120487195,316374654,0,250,0.75,0.05,coarse-modis-250m,202927.003,0.962067,0.962067,0.0,0.0,0.0,unknown,excluded,event_context_not_jakarta
osm-7120487197-7120487195-0,DFO_3280_From_20080301_to_20080403,2008-03-01,2008-04-03,remote_event_centroid_with_isolated_pilot_pixel,low,14.81,Jalan Kramat Raya,primary,717267441,7120487197,7120487195,0,250,0.75,0.05,coarse-modis-250m,203487.912,0.962088,0.962088,0.0,0.0,0.0,unknown,excluded,event_context_not_jakarta
osm-7120502855-4750115938-0,DFO_3280_From_20080301_to_20080403,2008-03-01,2008-04-03,remote_event_centroid_with_isolated_pilot_pixel,low,159.115,Jalan Kramat Raya,primary,758051339,7120502855,4750115938,0,250,0.75,0.05,coarse-modis-250m,275685.436,0.970907,0.970907,0.0,0.0,0.0,unknown,excluded,event_context_not_jakarta
osm-7120512601-5669076905-0,DFO_3280_From_20080301_to_20080403,2008-03-01,2008-04-03,remote_event_centroid_with_isolated_pilot_pixel,low,60.461,Jalan Penjernihan 1,primary,768031660,7120512601,5669076905,0,250,0.75,0.05,coarse-modis-250m,226327.431,0.96551,0.96551,0.0,0.0,0.0,unknown,excluded,event_context_not_jakarta
osm-7120831201-1376428022-0,DFO_3280_From_20080301_to_20080403,2008-03-01,2008-04-03,remote_event_centroid_with_isolated_pilot_pixel,low,11.772,Jalan D. I. Panjaitan,trunk,717163577,7120831201,1376428022,0,250,0.75,0.05,coarse-modis-250m,201967.982,0.961811,0.961811,0.0,0.0,0.0,unknown,excluded,event_context_not_jakarta
osm-7122843809-7045010651-0,DFO_3280_From_20080301_to_20080403,2008-03-01,2008-04-03,remote_event_centroid_with_isolated_pilot_pixel,low,34.393,Jalan Boulevard Barat,secondary,39741723,7122843809,7045010651,0,250,0.75,0.05,coarse-modis-250m,213285.62,0.963613,0.963613,0.0,0.0,0.0,unknown,excluded,event_context_not_jakarta
osm-7122914747-5673841354-0,DFO_3280_From_20080301_to_20080403,2008-03-01,2008-04-03,remote_event_centroid_with_isolated_pilot_pixel,low,40.978,Jalan Brigadir Jenderal Katamso Darmokusumo,primary,757042417,7122914747,5673841354,0,250,0.75,0.05,coarse-modis-250m,216580.238,0.964405,0.964405,0.0,0.0,0.0,unknown,excluded,event_context_not_jakarta
osm-7123191860-13828094473-0,DFO_3280_From_20080301_to_20080403,2008-03-01,2008-04-03,remote_event_centroid_with_isolated_pilot_pixel,low,45.62,Jalan Matraman,primary,699886104,7123191860,13828094473,0,250,0.75,0.05,coarse-modis-250m,218902.299,0.964459,0.964459,0.0,0.0,0.0,unknown,excluded,event_context_not_jakarta
osm-7131381422-5425990246-0,DFO_3280_From_20080301_to_20080403,2008-03-01,2008-04-03,remote_event_centroid_with_isolated_pilot_pixel,low,97.807,Jalan Yos Sudarso,trunk,781727135,7131381422,5425990246,0,250,0.75,0.05,coarse-modis-250m,245010.528,0.967693,0.967693,0.0,0.0,0.0,unknown,excluded,event_context_not_jakarta
osm-7131628847-5068494252-0,DFO_3280_From_20080301_to_20080403,2008-03-01,2008-04-03,remote_event_centroid_with_isolated_pilot_pixel,low,28.717,Unnamed OSM road,residential,763178866|763178867|519894318,7131628847,5068494252,0,250,0.75,0.05,coarse-modis-250m,210445.838,0.963108,0.963108,0.0,0.0,0.0,unknown,excluded,event_context_not_jakarta
osm-7131628852-7131628847-1,DFO_3280_From_20080301_to_20080403,2008-03-01,2008-04-03,remote_event_centroid_with_isolated_pilot_pixel,low,77.693,Unnamed OSM road,service,763190058|763190059|763190062,7131628852,7131628847,1,250,0.75,0.05,coarse-modis-250m,223763.122,0.97356,0.97356,0.0,0.0,0.0,unknown,excluded,event_context_not_jakarta
osm-7131701881-9694163557-0,DFO_3280_From_20080301_to_20080403,2008-03-01,2008-04-03,remote_event_centroid_with_isolated_pilot_pixel,low,323.736,Jalan Pemuda,primary,1053249591,7131701881,9694163557,0,250,0.75,0.05,coarse-modis-250m,358047.29,0.975933,0.975933,0.0,0.0,0.0,unknown,excluded,event_context_not_jakarta
osm-7132187495-7132187498-0,DFO_3280_From_20080301_to_20080403,2008-03-01,2008-04-03,remote_event_centroid_with_isolated_pilot_pixel,low,51.015,Jalan Letnan Jenderal Suprapto,primary,750001530|492988946,7132187495,7132187498,0,250,0.75,0.05,coarse-modis-250m,221601.275,0.965316,0.965316,0.0,0.0,0.0,unknown,excluded,event_context_not_jakarta
osm-7132187498-9009474493-0,DFO_3280_From_20080301_to_20080403,2008-03-01,2008-04-03,remote_event_centroid_with_isolated_pilot_pixel,low,17.111,Jalan Letnan Jenderal Suprapto,primary,492988946,7132187498,9009474493,0,250,0.75,0.05,coarse-modis-250m,204637.892,0.962477,0.962477,0.0,0.0,0.0,unknown,excluded,event_context_not_jakarta
osm-7132270238-5374380799-0,DFO_3280_From_20080301_to_20080403,2008-03-01,2008-04-03,remote_event_centroid_with_isolated_pilot_pixel,low,186.293,Jalan Letnan Jenderal Suprapto,primary,766850322,7132270238,5374380799,0,250,0.75,0.05,coarse-modis-250m,289281.777,0.97186,0.97186,0.0,0.0,0.0,unknown,excluded,event_context_not_jakarta
osm-7137519768-7137727237-0,DFO_3280_From_20080301_to_20080403,2008-03-01,2008-04-03,remote_event_centroid_with_isolated_pilot_pixel,low,272.485,Jalan Jenderal Ahmad Yani,trunk,764013594|449703678|763998191,7137519768,7137727237,0,250,0.75,0.05,coarse-modis-250m,332084.402,0.976553,0.976553,0.0,0.0,0.0,unknown,excluded,event_context_not_jakarta
osm-7137574112-5380068218-0,DFO_3280_From_20080301_to_20080403,2008-03-01,2008-04-03,remote_event_centroid_with_isolated_pilot_pixel,low,104.846,Jalan Jenderal Ahmad Yani,trunk,689877064|764325452,7137574112,5380068218,0,250,0.75,0.05,coarse-modis-250m,248533.989,0.968388,0.968388,0.0,0.0,0.0,unknown,excluded,event_context_not_jakarta
osm-7137652765-328320159-0,DFO_3280_From_20080301_to_20080403,2008-03-01,2008-04-03,remote_event_centroid_with_isolated_pilot_pixel,low,114.029,Unnamed OSM road,trunk_link,492988993,7137652765,328320159,0,250,0.75,0.05,coarse-modis-250m,251773.81,0.969864,0.969864,0.0,0.0,0.0,unknown,excluded,event_context_not_jakarta
osm-7137727237-7246511033-0,DFO_3280_From_20080301_to_20080403,2008-03-01,2008-04-03,remote_event_centroid_with_isolated_pilot_pixel,low,16.412,Jalan Jenderal Ahmad Yani,trunk,449703678,7137727237,7246511033,0,250,0.75,0.05,coarse-modis-250m,204289.276,0.962182,0.962182,0.0,0.0,0.0,unknown,excluded,event_context_not_jakarta
osm-7137820748-4548267014-0,DFO_3280_From_20080301_to_20080403,2008-03-01,2008-04-03,remote_event_centroid_with_isolated_pilot_pixel,low,58.717,Jalan Perintis Kemerdekaan,trunk,764030273,7137820748,4548267014,0,250,0.75,0.05,coarse-modis-250m,225455.183,0.965224,0.965224,0.0,0.0,0.0,unknown,excluded,event_context_not_jakarta
osm-7140161059-6434930408-0,DFO_3280_From_20080301_to_20080403,2008-03-01,2008-04-03,remote_event_centroid_with_isolated_pilot_pixel,low,40.295,Jalan Bekasi Raya,trunk,836694112,7140161059,6434930408,0,250,0.75,0.05,coarse-modis-250m,216238.557,0.963894,0.963894,0.0,0.0,0.0,unknown,excluded,event_context_not_jakarta
osm-7140306354-6434945508-0,DFO_3280_From_20080301_to_20080403,2008-03-01,2008-04-03,remote_event_centroid_with_isolated_pilot_pixel,low,54.41,Jalan Bekasi Raya,trunk,836694112,7140306354,6434945508,0,250,0.75,0.05,coarse-modis-250m,223299.945,0.965306,0.965306,0.0,0.0,0.0,unknown,excluded,event_context_not_jakarta
osm-7147121113-7697810035-0,DFO_3280_From_20080301_to_20080403,2008-03-01,2008-04-03,remote_event_centroid_with_isolated_pilot_pixel,low,382.128,Jalan Yos Sudarso,trunk,562942144|562942145,7147121113,7697810035,0,250,0.75,0.05,coarse-modis-250m,387254.223,0.978022,0.978022,0.0,0.0,0.0,unknown,excluded,event_context_not_jakarta
osm-7149726253-5487632874-0,DFO_3280_From_20080301_to_20080403,2008-03-01,2008-04-03,remote_event_centroid_with_isolated_pilot_pixel,low,107.102,Jalan Bekasi Raya,trunk,764238034,7149726253,5487632874,0,250,0.75,0.05,coarse-modis-250m,249662.065,0.968376,0.968376,0.0,0.0,0.0,unknown,excluded,event_context_not_jakarta
osm-7152827727-10599212863-0,DFO_3280_From_20080301_to_20080403,2008-03-01,2008-04-03,remote_event_centroid_with_isolated_pilot_pixel,low,36.824,Jalan Cipinang Indah 2,tertiary,765866693,7152827727,10599212863,0,250,0.75,0.05,coarse-modis-250m,214459.367,0.964393,0.964393,0.0,0.0,0.0,unknown,excluded,event_context_not_jakarta
osm-7156322369-316374602-0,DFO_3280_From_20080301_to_20080403,2008-03-01,2008-04-03,remote_event_centroid_with_isolated_pilot_pixel,low,27.08,Jalan Tanah Tinggi Barat,primary,750240454,7156322369,316374602,0,250,0.75,0.05,coarse-modis-250m,209617.858,0.963708,0.963708,0.0,0.0,0.0,unknown,excluded,event_context_not_jakarta
osm-7192466992-1695811568-0,DFO_3280_From_20080301_to_20080403,2008-03-01,2008-04-03,remote_event_centroid_with_isolated_pilot_pixel,low,105.94,Jalan Karet Sawah II,residential,491265984|1109633895|770564584|157362027|697069495,7192466992,1695811568,0,250,0.75,0.05,coarse-modis-250m,247285.528,0.970734,0.970734,0.0,0.0,0.0,unknown,excluded,event_context_not_jakarta
osm-7225096520-4800528564-0,DFO_3280_From_20080301_to_20080403,2008-03-01,2008-04-03,remote_event_centroid_with_isolated_pilot_pixel,low,22.681,Jalan Arief Rachman Hakim,primary,760613094,7225096520,4800528564,0,250,0.75,0.05,coarse-modis-250m,207384.712,0.967595,0.967595,0.0,0.0,0.0,unknown,excluded,event_context_not_jakarta
osm-7226592293-7226690310-0,DFO_3280_From_20080301_to_20080403,2008-03-01,2008-04-03,remote_event_centroid_with_isolated_pilot_pixel,low,94.197,Jalan Pemuda,primary,763467199,7226592293,7226690310,0,250,0.75,0.05,coarse-modis-250m,243206.254,0.967561,0.967561,0.0,0.0,0.0,unknown,excluded,event_context_not_jakarta
osm-7226690310-9684746119-0,DFO_3280_From_20080301_to_20080403,2008-03-01,2008-04-03,remote_event_centroid_with_isolated_pilot_pixel,low,43.501,Jalan Pemuda,primary,763467199,7226690310,9684746119,0,250,0.75,0.05,coarse-modis-250m,217842.171,0.964204,0.964204,0.0,0.0,0.0,unknown,excluded,event_context_not_jakarta
osm-7226690317-1311842311-0,DFO_3280_From_20080301_to_20080403,2008-03-01,2008-04-03,remote_event_centroid_with_isolated_pilot_pixel,low,19.693,Jalan Pemuda,primary,763467199,7226690317,1311842311,0,250,0.75,0.05,coarse-modis-250m,205930.808,0.962423,0.962423,0.0,0.0,0.0,unknown,excluded,event_context_not_jakarta
osm-7229469661-4776087714-0,DFO_3280_From_20080301_to_20080403,2008-03-01,2008-04-03,remote_event_centroid_with_isolated_pilot_pixel,low,25.968,Jalan Cipinang Cempedak,tertiary,484862899,7229469661,4776087714,0,250,0.75,0.05,coarse-modis-250m,209070.437,0.962697,0.962697,0.0,0.0,0.0,unknown,excluded,event_context_not_jakarta
osm-7241544817-5227396653-0,DFO_3280_From_20080301_to_20080403,2008-03-01,2008-04-03,remote_event_centroid_with_isolated_pilot_pixel,low,43.856,Jalan Pemuda,primary,28775346,7241544817,5227396653,0,250,0.75,0.05,coarse-modis-250m,218020.18,0.963912,0.963912,0.0,0.0,0.0,unknown,excluded,event_context_not_jakarta
osm-7241781245-315305416-0,DFO_3280_From_20080301_to_20080403,2008-03-01,2008-04-03,remote_event_centroid_with_isolated_pilot_pixel,low,19.738,Jalan Pedurenan Masjid Raya,tertiary,392820646,7241781245,315305416,0,250,0.75,0.05,coarse-modis-250m,205953.186,0.962218,0.962218,0.0,0.0,0.0,unknown,excluded,event_context_not_jakarta
osm-7246473924-4564612508-0,DFO_3280_From_20080301_to_20080403,2008-03-01,2008-04-03,remote_event_centroid_with_isolated_pilot_pixel,low,30.73,Jalan Kyai Haji Mas Mansyur,primary,28219053,7246473924,4564612508,0,250,0.75,0.05,coarse-modis-250m,211450.923,0.920387,0.920387,0.0,0.0,0.0,unknown,excluded,event_context_not_jakarta
osm-7246511033-7137652765-0,DFO_3280_From_20080301_to_20080403,2008-03-01,2008-04-03,remote_event_centroid_with_isolated_pilot_pixel,low,31.486,Jalan Jenderal Ahmad Yani,trunk,449703678,7246511033,7137652765,0,250,0.75,0.05,coarse-modis-250m,211830.464,0.963426,0.963426,0.0,0.0,0.0,unknown,excluded,event_context_not_jakarta
osm-7246575157-5673840820-0,DFO_3280_From_20080301_to_20080403,2008-03-01,2008-04-03,remote_event_centroid_with_isolated_pilot_pixel,low,10.249,Jalan Letnan Jenderal Siswondo Parman,trunk,688117571,7246575157,5673840820,0,250,0.75,0.05,coarse-modis-250m,201205.99,0.961588,0.961588,0.0,0.0,0.0,unknown,excluded,event_context_not_jakarta
osm-7249176145-104363249-0,DFO_3280_From_20080301_to_20080403,2008-03-01,2008-04-03,remote_event_centroid_with_isolated_pilot_pixel,low,46.069,Jalan Jatibaru,primary,755124264,7249176145,104363249,0,250,0.75,0.05,coarse-modis-250m,219126.554,0.964427,0.964427,0.0,0.0,0.0,unknown,excluded,event_context_not_jakarta
osm-7260196327-1139139742-1,DFO_3280_From_20080301_to_20080403,2008-03-01,2008-04-03,remote_event_centroid_with_isolated_pilot_pixel,low,299.132,Jalan Letnan Jenderal MT Haryono,trunk,1235335425|1235335426|1235335427,7260196327,1139139742,1,250,0.75,0.05,coarse-modis-250m,345692.201,0.976072,0.976072,0.0,0.0,0.0,unknown,excluded,event_context_not_jakarta
osm-7260204106-6331405436-0,DFO_3280_From_20080301_to_20080403,2008-03-01,2008-04-03,remote_event_centroid_with_isolated_pilot_pixel,low,89.21,Jalan Letnan Jenderal MT Haryono,trunk,749966273,7260204106,6331405436,0,250,0.75,0.05,coarse-modis-250m,240707.453,0.967189,0.967189,0.0,0.0,0.0,unknown,excluded,event_context_not_jakarta
osm-7284085578-317417610-0,DFO_3280_From_20080301_to_20080403,2008-03-01,2008-04-03,remote_event_centroid_with_isolated_pilot_pixel,low,14.124,Jalan Brigadir Jenderal Katamso Darmokusumo,primary,28909838,7284085578,317417610,0,250,0.75,0.05,coarse-modis-250m,203144.524,0.960941,0.960941,0.0,0.0,0.0,unknown,excluded,event_context_not_jakarta
osm-7400356402-1133343792-0,DFO_3280_From_20080301_to_20080403,2008-03-01,2008-04-03,remote_event_centroid_with_isolated_pilot_pixel,low,141.614,Jalan Tanah Manisan,tertiary,97705060,7400356402,1133343792,0,250,0.75,0.05,coarse-modis-250m,266916.757,0.970047,0.970047,0.0,0.0,0.0,unknown,excluded,event_context_not_jakarta
osm-7400356402-95010735-0,DFO_3280_From_20080301_to_20080403,2008-03-01,2008-04-03,remote_event_centroid_with_isolated_pilot_pixel,low,12.803,Jalan D. I. Panjaitan,trunk,751673455,7400356402,95010735,0,250,0.75,0.05,coarse-modis-250m,202483.781,0.961938,0.961938,0.0,0.0,0.0,unknown,excluded,event_context_not_jakarta
osm-7483895397-5372153187-0,DFO_3280_From_20080301_to_20080403,2008-03-01,2008-04-03,remote_event_centroid_with_isolated_pilot_pixel,low,43.466,Jalan Letnan Jenderal Siswondo Parman,trunk,1288609434,7483895397,5372153187,0,250,0.75,0.05,coarse-modis-250m,217824.592,0.964338,0.964338,0.0,0.0,0.0,unknown,excluded,event_context_not_jakarta
osm-7483895436-7483895397-0,DFO_3280_From_20080301_to_20080403,2008-03-01,2008-04-03,remote_event_centroid_with_isolated_pilot_pixel,low,3.517,Jalan Letnan Jenderal Siswondo Parman,trunk,1288609434,7483895436,7483895397,0,250,0.75,0.05,coarse-modis-250m,197837.608,0.961046,0.961046,0.0,0.0,0.0,unknown,excluded,event_context_not_jakarta
osm-7496439574-1321228566-0,DFO_3280_From_20080301_to_20080403,2008-03-01,2008-04-03,remote_event_centroid_with_isolated_pilot_pixel,low,37.211,Jalan Kolonel Soegiono,primary,754062956,7496439574,1321228566,0,250,0.75,0.05,coarse-modis-250m,214694.798,0.963552,0.963552,0.0,0.0,0.0,unknown,excluded,event_context_not_jakarta
osm-7509918738-9691407991-0,DFO_3280_From_20080301_to_20080403,2008-03-01,2008-04-03,remote_event_centroid_with_isolated_pilot_pixel,low,5.173,Jalan Radin Inten,primary,119909339,7509918738,9691407991,0,250,0.75,0.05,coarse-modis-250m,198666.309,0.961216,0.961216,0.0,0.0,0.0,unknown,excluded,event_context_not_jakarta
osm-7509918742-7496439574-0,DFO_3280_From_20080301_to_20080403,2008-03-01,2008-04-03,remote_event_centroid_with_isolated_pilot_pixel,low,10.744,Jalan Kolonel Soegiono,primary,754062956,7509918742,7496439574,0,250,0.75,0.05,coarse-modis-250m,201453.766,0.961688,0.961688,0.0,0.0,0.0,unknown,excluded,event_context_not_jakarta
osm-7513762422-9075741779-0,DFO_3280_From_20080301_to_20080403,2008-03-01,2008-04-03,remote_event_centroid_with_isolated_pilot_pixel,low,15.963,Jalan Kebon Sirih,primary,248618360,7513762422,9075741779,0,250,0.75,0.05,coarse-modis-250m,204064.566,0.962086,0.962086,0.0,0.0,0.0,unknown,excluded,event_context_not_jakarta
osm-7516900856-4548266264-0,DFO_3280_From_20080301_to_20080403,2008-03-01,2008-04-03,remote_event_centroid_with_isolated_pilot_pixel,low,37.311,Jalan Perintis Kemerdekaan,trunk,427815402,7516900856,4548266264,0,250,0.75,0.05,coarse-modis-250m,214745.493,0.963845,0.963845,0.0,0.0,0.0,unknown,excluded,event_context_not_jakarta
osm-7530848743-11925999197-0,DFO_3280_From_20080301_to_20080403,2008-03-01,2008-04-03,remote_event_centroid_with_isolated_pilot_pixel,low,175.146,Jalan Jenderal Basuki Rahmat,primary,28851310,7530848743,11925999197,0,250,0.75,0.05,coarse-modis-250m,283688.947,0.971543,0.971543,0.0,0.0,0.0,unknown,excluded,event_context_not_jakarta
osm-7570445358-4564851111-0,DFO_3280_From_20080301_to_20080403,2008-03-01,2008-04-03,remote_event_centroid_with_isolated_pilot_pixel,low,16.88,Jalan Profesor Doktor Satrio,primary,454203124,7570445358,4564851111,0,250,0.75,0.05,coarse-modis-250m,204523.472,0.792714,0.792714,0.0,0.0,0.0,unknown,excluded,event_context_not_jakarta
osm-7576918586-2415817217-0,DFO_3280_From_20080301_to_20080403,2008-03-01,2008-04-03,remote_event_centroid_with_isolated_pilot_pixel,low,322.96,Jalan Tol Lingkar Wiyoto Wiyono,motorway,1221523254|1221523255,7576918586,2415817217,0,250,0.75,0.05,coarse-modis-250m,357658.316,0.97645,0.97645,0.0,0.0,0.0,unknown,excluded,event_context_not_jakarta
osm-7576918597-7147121113-0,DFO_3280_From_20080301_to_20080403,2008-03-01,2008-04-03,remote_event_centroid_with_isolated_pilot_pixel,low,79.31,Jalan Yos Sudarso,trunk,562942144,7576918597,7147121113,0,250,0.75,0.05,coarse-modis-250m,235756.83,0.966715,0.966715,0.0,0.0,0.0,unknown,excluded,event_context_not_jakarta
osm-7576934780-5379667162-0,DFO_3280_From_20080301_to_20080403,2008-03-01,2008-04-03,remote_event_centroid_with_isolated_pilot_pixel,low,138.425,Jalan Yos Sudarso,trunk,496592226,7576934780,5379667162,0,250,0.75,0.05,coarse-modis-250m,265327.131,0.969842,0.969842,0.0,0.0,0.0,unknown,excluded,event_context_not_jakarta
osm-7595258503-6907592439-0,DFO_3280_From_20080301_to_20080403,2008-03-01,2008-04-03,remote_event_centroid_with_isolated_pilot_pixel,low,42.52,Jalan Dokter Sutomo,secondary,762052107,7595258503,6907592439,0,250,0.75,0.05,coarse-modis-250m,217351.321,0.964204,0.964204,0.0,0.0,0.0,unknown,excluded,event_context_not_jakarta
osm-7614917291-13721122640-0,DFO_3280_From_20080301_to_20080403,2008-03-01,2008-04-03,remote_event_centroid_with_isolated_pilot_pixel,low,9.345,Unnamed OSM road,primary_link,1498241832,7614917291,13721122640,0,250,0.75,0.05,coarse-modis-250m,200753.475,0.961707,0.961707,0.0,0.0,0.0,unknown,excluded,event_context_not_jakarta
osm-7614917300-5459048224-0,DFO_3280_From_20080301_to_20080403,2008-03-01,2008-04-03,remote_event_centroid_with_isolated_pilot_pixel,low,15.863,Jalan Salemba Raya,primary,711243598,7614917300,5459048224,0,250,0.75,0.05,coarse-modis-250m,204014.691,0.962037,0.962037,0.0,0.0,0.0,unknown,excluded,event_context_not_jakarta
osm-7614917300-7614917291-0,DFO_3280_From_20080301_to_20080403,2008-03-01,2008-04-03,remote_event_centroid_with_isolated_pilot_pixel,low,74.95,Unnamed OSM road,primary_link,815244305,7614917300,7614917291,0,250,0.75,0.05,coarse-modis-250m,233140.487,0.968776,0.968776,0.0,0.0,0.0,unknown,excluded,event_context_not_jakarta
osm-7647950148-1135179379-0,DFO_3280_From_20080301_to_20080403,2008-03-01,2008-04-03,remote_event_centroid_with_isolated_pilot_pixel,low,33.146,Jalan Otto Iskandar Dinata,primary,28765421,7647950148,1135179379,0,250,0.75,0.05,coarse-modis-250m,212661.772,0.963502,0.963502,0.0,0.0,0.0,unknown,excluded,event_context_not_jakarta
osm-7694410074-5373977782-0,DFO_3280_From_20080301_to_20080403,2008-03-01,2008-04-03,remote_event_centroid_with_isolated_pilot_pixel,low,53.233,Jalan Letnan Jenderal Suprapto,primary,492988997,7694410074,5373977782,0,250,0.75,0.05,coarse-modis-250m,222711.527,0.964925,0.964925,0.0,0.0,0.0,unknown,excluded,event_context_not_jakarta
osm-7697810034-5068494251-0,DFO_3280_From_20080301_to_20080403,2008-03-01,2008-04-03,remote_event_centroid_with_isolated_pilot_pixel,low,30.994,Unnamed OSM road,residential,824405509,7697810034,5068494251,0,250,0.75,0.05,coarse-modis-250m,211584.802,0.963313,0.963313,0.0,0.0,0.0,unknown,excluded,event_context_not_jakarta
osm-7697810035-9529290217-0,DFO_3280_From_20080301_to_20080403,2008-03-01,2008-04-03,remote_event_centroid_with_isolated_pilot_pixel,low,107.875,Jalan Yos Sudarso,trunk,562942145,7697810035,9529290217,0,250,0.75,0.05,coarse-modis-250m,250045.744,0.968277,0.968277,0.0,0.0,0.0,unknown,excluded,event_context_not_jakarta
osm-7697810036-7697810035-0,DFO_3280_From_20080301_to_20080403,2008-03-01,2008-04-03,remote_event_centroid_with_isolated_pilot_pixel,low,15.896,Unnamed OSM road,trunk_link,824405510,7697810036,7697810035,0,250,0.75,0.05,coarse-modis-250m,204030.906,0.962104,0.962104,0.0,0.0,0.0,unknown,excluded,event_context_not_jakarta
osm-7756153690-5377076414-0,DFO_3280_From_20080301_to_20080403,2008-03-01,2008-04-03,remote_event_centroid_with_isolated_pilot_pixel,low,13.96,Jalan Kramat Raya,primary,758051339,7756153690,5377076414,0,250,0.75,0.05,coarse-modis-250m,203062.721,0.961969,0.961969,0.0,0.0,0.0,unknown,excluded,event_context_not_jakarta
osm-7756153695-7120440775-0,DFO_3280_From_20080301_to_20080403,2008-03-01,2008-04-03,remote_event_centroid_with_isolated_pilot_pixel,low,23.305,Jalan Kramat Raya,primary,758051339,7756153695,7120440775,0,250,0.75,0.05,coarse-modis-250m,207738.228,0.962737,0.962737,0.0,0.0,0.0,unknown,excluded,event_context_not_jakarta
osm-7756168367-4750115942-0,DFO_3280_From_20080301_to_20080403,2008-03-01,2008-04-03,remote_event_centroid_with_isolated_pilot_pixel,low,31.65,Jalan Salemba Raya,primary,830697315,7756168367,4750115942,0,250,0.75,0.05,coarse-modis-250m,211913.131,0.963271,0.963271,0.0,0.0,0.0,unknown,excluded,event_context_not_jakarta
osm-7756197690-9013826114-0,DFO_3280_From_20080301_to_20080403,2008-03-01,2008-04-03,remote_event_centroid_with_isolated_pilot_pixel,low,13.479,Jalan Salemba Raya,primary,830698409,7756197690,9013826114,0,250,0.75,0.05,coarse-modis-250m,202821.871,0.961841,0.961841,0.0,0.0,0.0,unknown,excluded,event_context_not_jakarta
osm-7760892449-7697810034-0,DFO_3280_From_20080301_to_20080403,2008-03-01,2008-04-03,remote_event_centroid_with_isolated_pilot_pixel,low,8.237,Jalan Yos Sudarso,trunk,562942145,7760892449,7697810034,0,250,0.75,0.05,coarse-modis-250m,200199.455,0.961539,0.961539,0.0,0.0,0.0,unknown,excluded,event_context_not_jakarta
osm-7805088053-7003228710-0,DFO_3280_From_20080301_to_20080403,2008-03-01,2008-04-03,remote_event_centroid_with_isolated_pilot_pixel,low,34.846,Jalan Kolonel Soegiono,primary,744559390,7805088053,7003228710,0,250,0.75,0.05,coarse-modis-250m,213511.931,0.964021,0.964021,0.0,0.0,0.0,unknown,excluded,event_context_not_jakarta
osm-8132773400-1325257182-0,DFO_3280_From_20080301_to_20080403,2008-03-01,2008-04-03,remote_event_centroid_with_isolated_pilot_pixel,low,102.883,Jalan D. I. Panjaitan,trunk,558669208|756405444|1301577988,8132773400,1325257182,0,250,0.75,0.05,coarse-modis-250m,247556.087,0.96982,0.96982,0.0,0.0,0.0,unknown,excluded,event_context_not_jakarta
osm-8132787924-309086906-0,DFO_3280_From_20080301_to_20080403,2008-03-01,2008-04-03,remote_event_centroid_with_isolated_pilot_pixel,low,914.19,Jalan Tol Insinyur Wiyoto Wiyono,motorway,754381986,8132787924,309086906,0,250,0.75,0.05,coarse-modis-250m,653452.225,0.9851,0.9851,0.0,0.0,0.0,unknown,excluded,event_context_not_jakarta
osm-8208701324-6334849877-0,DFO_3280_From_20080301_to_20080403,2008-03-01,2008-04-03,remote_event_centroid_with_isolated_pilot_pixel,low,202.11,Jalan Kyai Haji Mas Mansyur,primary,699354251|699354247,8208701324,6334849877,0,250,0.75,0.05,coarse-modis-250m,297190.509,0.972531,0.972531,0.0,0.0,0.0,unknown,excluded,event_context_not_jakarta
osm-8313092690-1315069362-0,DFO_3280_From_20080301_to_20080403,2008-03-01,2008-04-03,remote_event_centroid_with_isolated_pilot_pixel,low,62.385,Jalan Pemuda,primary,763467199,8313092690,1315069362,0,250,0.75,0.05,coarse-modis-250m,227290.489,0.965563,0.965563,0.0,0.0,0.0,unknown,excluded,event_context_not_jakarta
osm-8313442289-8488635417-0,DFO_3280_From_20080301_to_20080403,2008-03-01,2008-04-03,remote_event_centroid_with_isolated_pilot_pixel,low,19.187,Jalan Karet Pedurenan Raya,tertiary,28132208,8313442289,8488635417,0,250,0.75,0.05,coarse-modis-250m,205677.546,0.962677,0.962677,0.0,0.0,0.0,unknown,excluded,event_context_not_jakarta
osm-8434800015-1675426459-0,DFO_3280_From_20080301_to_20080403,2008-03-01,2008-04-03,remote_event_centroid_with_isolated_pilot_pixel,low,26.17,Jalan Gunung Sahari Raya,primary,1490846128|1001445850,8434800015,1675426459,0,250,0.75,0.05,coarse-modis-250m,209171.586,0.963039,0.963039,0.0,0.0,0.0,unknown,excluded,event_context_not_jakarta
osm-8478023954-4499976535-0,DFO_3280_From_20080301_to_20080403,2008-03-01,2008-04-03,remote_event_centroid_with_isolated_pilot_pixel,low,30.081,Jalan Kyai Haji Mas Mansyur,primary,699354251,8478023954,4499976535,0,250,0.75,0.05,coarse-modis-250m,211128.205,0.963327,0.963327,0.0,0.0,0.0,unknown,excluded,event_context_not_jakarta
osm-8481827349-9685151098-0,DFO_3280_From_20080301_to_20080403,2008-03-01,2008-04-03,remote_event_centroid_with_isolated_pilot_pixel,low,65.618,Jalan Pemuda,primary,763467199,8481827349,9685151098,0,250,0.75,0.05,coarse-modis-250m,228907.863,0.965685,0.965685,0.0,0.0,0.0,unknown,excluded,event_context_not_jakarta
osm-8488629808-8313442289-0,DFO_3280_From_20080301_to_20080403,2008-03-01,2008-04-03,remote_event_centroid_with_isolated_pilot_pixel,low,5.739,Jalan Karet Pedurenan Raya,tertiary,28132208,8488629808,8313442289,0,250,0.75,0.05,coarse-modis-250m,198949.344,0.961366,0.961366,0.0,0.0,0.0,unknown,excluded,event_context_not_jakarta
osm-8488635417-8488629813-0,DFO_3280_From_20080301_to_20080403,2008-03-01,2008-04-03,remote_event_centroid_with_isolated_pilot_pixel,low,87.002,Unnamed OSM road,service,1102672126|913809183,8488635417,8488629813,0,250,0.75,0.05,coarse-modis-250m,238382.285,0.967453,0.967453,0.0,0.0,0.0,unknown,excluded,event_context_not_jakarta
osm-8488635421-8488635417-0,DFO_3280_From_20080301_to_20080403,2008-03-01,2008-04-03,remote_event_centroid_with_isolated_pilot_pixel,low,20.234,Jalan Karet Pedurenan Raya,tertiary,28132208,8488635421,8488635417,0,250,0.75,0.05,coarse-modis-250m,206201.309,0.962074,0.962074,0.0,0.0,0.0,unknown,excluded,event_context_not_jakarta
osm-8488921432-9009735918-0,DFO_3280_From_20080301_to_20080403,2008-03-01,2008-04-03,remote_event_centroid_with_isolated_pilot_pixel,low,29.95,Jalan Salemba Raya,primary,699651421,8488921432,9009735918,0,250,0.75,0.05,coarse-modis-250m,211062.524,0.963275,0.963275,0.0,0.0,0.0,unknown,excluded,event_context_not_jakarta
osm-8499454046-393856973-0,DFO_3280_From_20080301_to_20080403,2008-03-01,2008-04-03,remote_event_centroid_with_isolated_pilot_pixel,low,64.222,Jalan Pangeran Jayakarta,secondary,1294695407,8499454046,393856973,0,250,0.75,0.05,coarse-modis-250m,228209.155,0.965648,0.965648,0.0,0.0,0.0,unknown,excluded,event_context_not_jakarta
osm-8500012435-6334537728-0,DFO_3280_From_20080301_to_20080403,2008-03-01,2008-04-03,remote_event_centroid_with_isolated_pilot_pixel,low,51.293,Jalan Garuda,secondary,37018609,8500012435,6334537728,0,250,0.75,0.05,coarse-modis-250m,221740.675,0.96476,0.96476,0.0,0.0,0.0,unknown,excluded,event_context_not_jakarta
osm-8502330159-6806925400-0,DFO_3280_From_20080301_to_20080403,2008-03-01,2008-04-03,remote_event_centroid_with_isolated_pilot_pixel,low,23.122,Jalan Jenderal Basuki Rahmat,primary,28847119,8502330159,6806925400,0,250,0.75,0.05,coarse-modis-250m,207646.607,0.962738,0.962738,0.0,0.0,0.0,unknown,excluded,event_context_not_jakarta
osm-8503624788-4986680280-0,DFO_3280_From_20080301_to_20080403,2008-03-01,2008-04-03,remote_event_centroid_with_isolated_pilot_pixel,low,78.87,Jalan Penjernihan 1,primary,28779908,8503624788,4986680280,0,250,0.75,0.05,coarse-modis-250m,235538.01,0.96668,0.96668,0.0,0.0,0.0,unknown,excluded,event_context_not_jakarta
osm-8504122967-352897085-0,DFO_3280_From_20080301_to_20080403,2008-03-01,2008-04-03,remote_event_centroid_with_isolated_pilot_pixel,low,22.735,Jalan Jatinegara Timur,primary,691270311,8504122967,352897085,0,250,0.75,0.05,coarse-modis-250m,207452.752,0.963716,0.963716,0.0,0.0,0.0,unknown,excluded,event_context_not_jakarta
osm-8505902513-315487156-0,DFO_3280_From_20080301_to_20080403,2008-03-01,2008-04-03,remote_event_centroid_with_isolated_pilot_pixel,low,50.142,Jalan Tomang Raya,primary,762091307,8505902513,315487156,0,250,0.75,0.05,coarse-modis-250m,221163.795,0.964776,0.964776,0.0,0.0,0.0,unknown,excluded,event_context_not_jakarta
osm-8509401662-329969014-0,DFO_3280_From_20080301_to_20080403,2008-03-01,2008-04-03,remote_event_centroid_with_isolated_pilot_pixel,low,45.725,Jalan Matraman,primary,278788931,8509401662,329969014,0,250,0.75,0.05,coarse-modis-250m,218954.556,0.964516,0.964516,0.0,0.0,0.0,unknown,excluded,event_context_not_jakarta
osm-8509445105-308981972-0,DFO_3280_From_20080301_to_20080403,2008-03-01,2008-04-03,remote_event_centroid_with_isolated_pilot_pixel,low,32.63,Jalan Pedurenan Masjid Raya,tertiary,392820646,8509445105,308981972,0,250,0.75,0.05,coarse-modis-250m,212403.343,0.963439,0.963439,0.0,0.0,0.0,unknown,excluded,event_context_not_jakarta
osm-8509512970-10090012698-0,DFO_3280_From_20080301_to_20080403,2008-03-01,2008-04-03,remote_event_centroid_with_isolated_pilot_pixel,low,11.439,Jalan Denpasar Raya,tertiary,28194353,8509512970,10090012698,0,250,0.75,0.05,coarse-modis-250m,201801.297,0.961715,0.961715,0.0,0.0,0.0,unknown,excluded,event_context_not_jakarta
osm-8509975229-9679957698-0,DFO_3280_From_20080301_to_20080403,2008-03-01,2008-04-03,remote_event_centroid_with_isolated_pilot_pixel,low,39.669,Jalan Letnan Jenderal Suprapto,primary,492988997,8509975229,9679957698,0,250,0.75,0.05,coarse-modis-250m,215924.137,0.963903,0.963903,0.0,0.0,0.0,unknown,excluded,event_context_not_jakarta
osm-8510368916-5379767874-0,DFO_3280_From_20080301_to_20080403,2008-03-01,2008-04-03,remote_event_centroid_with_isolated_pilot_pixel,low,53.118,Jalan Boulevard Barat,secondary,759685195|759677175,8510368916,5379767874,0,250,0.75,0.05,coarse-modis-250m,222653.223,0.96492,0.96492,0.0,0.0,0.0,unknown,excluded,event_context_not_jakarta
osm-8510661425-8510661436-0,DFO_3280_From_20080301_to_20080403,2008-03-01,2008-04-03,remote_event_centroid_with_isolated_pilot_pixel,low,38.63,Jalan Otto Iskandar Dinata,primary,691253232,8510661425,8510661436,0,250,0.75,0.05,coarse-modis-250m,215405.043,0.963931,0.963931,0.0,0.0,0.0,unknown,excluded,event_context_not_jakarta
osm-8510661436-4776237951-0,DFO_3280_From_20080301_to_20080403,2008-03-01,2008-04-03,remote_event_centroid_with_isolated_pilot_pixel,low,95.425,Jalan Otto Iskandar Dinata,primary,691253232,8510661436,4776237951,0,250,0.75,0.05,coarse-modis-250m,243818.419,0.967681,0.967681,0.0,0.0,0.0,unknown,excluded,event_context_not_jakarta
osm-8519460813-315480467-0,DFO_3280_From_20080301_to_20080403,2008-03-01,2008-04-03,remote_event_centroid_with_isolated_pilot_pixel,low,7.16,Jalan Arief Rachman Hakim,primary,487370077,8519460813,315480467,0,250,0.75,0.05,coarse-modis-250m,199660.312,0.961468,0.961468,0.0,0.0,0.0,unknown,excluded,event_context_not_jakarta
osm-8520330753-8520330756-0,DFO_3280_From_20080301_to_20080403,2008-03-01,2008-04-03,remote_event_centroid_with_isolated_pilot_pixel,low,28.022,Jalan Cipinang Cempedak I,tertiary,98090600,8520330753,8520330756,0,250,0.75,0.05,coarse-modis-250m,210097.739,0.963299,0.963299,0.0,0.0,0.0,unknown,excluded,event_context_not_jakarta
osm-8520330756-6459026538-0,DFO_3280_From_20080301_to_20080403,2008-03-01,2008-04-03,remote_event_centroid_with_isolated_pilot_pixel,low,109.85,Jalan Cipinang Cempedak I,tertiary,98090600,8520330756,6459026538,0,250,0.75,0.05,coarse-modis-250m,251037.192,0.969182,0.969182,0.0,0.0,0.0,unknown,excluded,event_context_not_jakarta
osm-8523204009-8523204012-0,DFO_3280_From_20080301_to_20080403,2008-03-01,2008-04-03,remote_event_centroid_with_isolated_pilot_pixel,low,11.655,Unnamed OSM road,residential,1230679158,8523204009,8523204012,0,250,0.75,0.05,coarse-modis-250m,201909.384,0.961736,0.961736,0.0,0.0,0.0,unknown,excluded,event_context_not_jakarta
osm-8523204012-9013720102-0,DFO_3280_From_20080301_to_20080403,2008-03-01,2008-04-03,remote_event_centroid_with_isolated_pilot_pixel,low,21.738,Unnamed OSM road,residential,973983902,8523204012,9013720102,0,250,0.75,0.05,coarse-modis-250m,206953.978,0.962649,0.962649,0.0,0.0,0.0,unknown,excluded,event_context_not_jakarta
osm-8547875909-1359134207-0,DFO_3280_From_20080301_to_20080403,2008-03-01,2008-04-03,remote_event_centroid_with_isolated_pilot_pixel,low,19.905,Jalan Radin Inten,primary,119909339,8547875909,1359134207,0,250,0.75,0.05,coarse-modis-250m,206037.001,0.962555,0.962555,0.0,0.0,0.0,unknown,excluded,event_context_not_jakarta
osm-8555984047-9622773431-0,DFO_3280_From_20080301_to_20080403,2008-03-01,2008-04-03,remote_event_centroid_with_isolated_pilot_pixel,low,36.952,Jalan Matraman,primary,278788931,8555984047,9622773431,0,250,0.75,0.05,coarse-modis-250m,214565.429,0.963584,0.963584,0.0,0.0,0.0,unknown,excluded,event_context_not_jakarta
osm-8562305801-1135179404-0,DFO_3280_From_20080301_to_20080403,2008-03-01,2008-04-03,remote_event_centroid_with_isolated_pilot_pixel,low,38.841,Jalan Cipinang Cempedak,tertiary,484862898|484862899|486051251,8562305801,1135179404,0,250,0.75,0.05,coarse-modis-250m,215445.24,0.966731,0.966731,0.0,0.0,0.0,unknown,excluded,event_context_not_jakarta
osm-8609186468-9013826103-0,DFO_3280_From_20080301_to_20080403,2008-03-01,2008-04-03,remote_event_centroid_with_isolated_pilot_pixel,low,33.121,Jalan Salemba Raya,primary,815231911,8609186468,9013826103,0,250,0.75,0.05,coarse-modis-250m,212648.871,0.964418,0.964418,0.0,0.0,0.0,unknown,excluded,event_context_not_jakarta
osm-8749112680-1682844228-0,DFO_3280_From_20080301_to_20080403,2008-03-01,2008-04-03,remote_event_centroid_with_isolated_pilot_pixel,low,223.844,Jalan Dokter KRT Radjiman Widyodiningrat,primary,1040471431,8749112680,1682844228,0,250,0.75,0.05,coarse-modis-250m,308060.792,0.973401,0.973401,0.0,0.0,0.0,unknown,excluded,event_context_not_jakarta
osm-8772028147-4776237953-0,DFO_3280_From_20080301_to_20080403,2008-03-01,2008-04-03,remote_event_centroid_with_isolated_pilot_pixel,low,189.248,Jalan Otto Iskandar Dinata,primary,691253232|691253233,8772028147,4776237953,0,250,0.75,0.05,coarse-modis-250m,290761.168,0.972166,0.972166,0.0,0.0,0.0,unknown,excluded,event_context_not_jakarta
osm-8789425687-9003229253-0,DFO_3280_From_20080301_to_20080403,2008-03-01,2008-04-03,remote_event_centroid_with_isolated_pilot_pixel,low,14.7,Jalan Radin Inten,primary,119909339,8789425687,9003229253,0,250,0.75,0.05,coarse-modis-250m,203432.977,0.962119,0.962119,0.0,0.0,0.0,unknown,excluded,event_context_not_jakarta
osm-8796979647-9018975643-0,DFO_3280_From_20080301_to_20080403,2008-03-01,2008-04-03,remote_event_centroid_with_isolated_pilot_pixel,low,22.765,Jalan Insinyur Haji Juanda,secondary,696175331,8796979647,9018975643,0,250,0.75,0.05,coarse-modis-250m,207467.939,0.962429,0.962429,0.0,0.0,0.0,unknown,excluded,event_context_not_jakarta
osm-8810858536-4836392299-0,DFO_3280_From_20080301_to_20080403,2008-03-01,2008-04-03,remote_event_centroid_with_isolated_pilot_pixel,low,107.859,Jalan Cipinang Indah I,tertiary,98075001,8810858536,4836392299,0,250,0.75,0.05,coarse-modis-250m,250031.065,0.970904,0.970904,0.0,0.0,0.0,unknown,excluded,event_context_not_jakarta
osm-8811305451-317156534-0,DFO_3280_From_20080301_to_20080403,2008-03-01,2008-04-03,remote_event_centroid_with_isolated_pilot_pixel,low,45.312,Jalan Profesor Doktor Satrio,primary,495447738,8811305451,317156534,0,250,0.75,0.05,coarse-modis-250m,218748.235,0.964433,0.964433,0.0,0.0,0.0,unknown,excluded,event_context_not_jakarta
osm-8811850651-9533955736-0,DFO_3280_From_20080301_to_20080403,2008-03-01,2008-04-03,remote_event_centroid_with_isolated_pilot_pixel,low,20.706,Jalan Pulokambing II,residential,686924182,8811850651,9533955736,0,250,0.75,0.05,coarse-modis-250m,206437.706,0.962505,0.962505,0.0,0.0,0.0,unknown,excluded,event_context_not_jakarta
osm-8992056526-12745136709-0,DFO_3280_From_20080301_to_20080403,2008-03-01,2008-04-03,remote_event_centroid_with_isolated_pilot_pixel,low,78.639,Jalan Kramat Kwitang,primary,28216524|1494643071,8992056526,12745136709,0,250,0.75,0.05,coarse-modis-250m,235416.744,0.966503,0.966503,0.0,0.0,0.0,unknown,excluded,event_context_not_jakarta
osm-8992744188-9676145373-0,DFO_3280_From_20080301_to_20080403,2008-03-01,2008-04-03,remote_event_centroid_with_isolated_pilot_pixel,low,10.477,Jalan Kebon Sirih,primary,18056345,8992744188,9676145373,0,250,0.75,0.05,coarse-modis-250m,201319.975,0.961679,0.961679,0.0,0.0,0.0,unknown,excluded,event_context_not_jakarta
osm-8995440646-7059042271-0,DFO_3280_From_20080301_to_20080403,2008-03-01,2008-04-03,remote_event_centroid_with_isolated_pilot_pixel,low,9.512,Jalan Kebon Sirih,primary,18056345,8995440646,7059042271,0,250,0.75,0.05,coarse-modis-250m,200837.001,0.961649,0.961649,0.0,0.0,0.0,unknown,excluded,event_context_not_jakarta
osm-9002723306-4466078450-0,DFO_3280_From_20080301_to_20080403,2008-03-01,2008-04-03,remote_event_centroid_with_isolated_pilot_pixel,low,39.273,Jalan Suryopranoto,primary,1226244434|449670326,9002723306,4466078450,0,250,0.75,0.05,coarse-modis-250m,215725.678,0.964451,0.964451,0.0,0.0,0.0,unknown,excluded,event_context_not_jakarta
osm-9003037183-9003037188-0,DFO_3280_From_20080301_to_20080403,2008-03-01,2008-04-03,remote_event_centroid_with_isolated_pilot_pixel,low,76.198,Jalan Radin Inten,primary,119909339,9003037183,9003037188,0,250,0.75,0.05,coarse-modis-250m,234200.106,0.966418,0.966418,0.0,0.0,0.0,unknown,excluded,event_context_not_jakarta
osm-9003037188-4999344324-0,DFO_3280_From_20080301_to_20080403,2008-03-01,2008-04-03,remote_event_centroid_with_isolated_pilot_pixel,low,12.353,Jalan Radin Inten,primary,119909339,9003037188,4999344324,0,250,0.75,0.05,coarse-modis-250m,202258.373,0.961886,0.961886,0.0,0.0,0.0,unknown,excluded,event_context_not_jakarta
osm-9003037197-9003037205-0,DFO_3280_From_20080301_to_20080403,2008-03-01,2008-04-03,remote_event_centroid_with_isolated_pilot_pixel,low,17.858,Jalan Radin Inten,primary,119909339,9003037197,9003037205,0,250,0.75,0.05,coarse-modis-250m,205012.752,0.962346,0.962346,0.0,0.0,0.0,unknown,excluded,event_context_not_jakarta
osm-9003037205-8547875909-0,DFO_3280_From_20080301_to_20080403,2008-03-01,2008-04-03,remote_event_centroid_with_isolated_pilot_pixel,low,107.747,Jalan Radin Inten,primary,119909339,9003037205,8547875909,0,250,0.75,0.05,coarse-modis-250m,249984.455,0.968272,0.968272,0.0,0.0,0.0,unknown,excluded,event_context_not_jakarta
osm-9003229253-9003229257-0,DFO_3280_From_20080301_to_20080403,2008-03-01,2008-04-03,remote_event_centroid_with_isolated_pilot_pixel,low,57.158,Jalan Radin Inten,primary,119909339,9003229253,9003229257,0,250,0.75,0.05,coarse-modis-250m,224675.254,0.965233,0.965233,0.0,0.0,0.0,unknown,excluded,event_context_not_jakarta
osm-9003229257-9009429368-0,DFO_3280_From_20080301_to_20080403,2008-03-01,2008-04-03,remote_event_centroid_with_isolated_pilot_pixel,low,52.073,Jalan Radin Inten,primary,119909339,9003229257,9009429368,0,250,0.75,0.05,coarse-modis-250m,222131.196,0.964943,0.964943,0.0,0.0,0.0,unknown,excluded,event_context_not_jakarta
osm-9003292724-9506862589-0,DFO_3280_From_20080301_to_20080403,2008-03-01,2008-04-03,remote_event_centroid_with_isolated_pilot_pixel,low,38.145,Jalan Letnan Jenderal Siswondo Parman,trunk,688117572,9003292724,9506862589,0,250,0.75,0.05,coarse-modis-250m,215162.736,0.963826,0.963826,0.0,0.0,0.0,unknown,excluded,event_context_not_jakarta
osm-9004158961-9028323630-0,DFO_3280_From_20080301_to_20080403,2008-03-01,2008-04-03,remote_event_centroid_with_isolated_pilot_pixel,low,26.597,Jalan Jenderal Ahmad Yani,trunk,758734352,9004158961,9028323630,0,250,0.75,0.05,coarse-modis-250m,209385.06,0.96312,0.96312,0.0,0.0,0.0,unknown,excluded,event_context_not_jakarta
osm-9009175767-3266396597-0,DFO_3280_From_20080301_to_20080403,2008-03-01,2008-04-03,remote_event_centroid_with_isolated_pilot_pixel,low,46.92,Jalan Letnan Jenderal Siswondo Parman,trunk,688087384,9009175767,3266396597,0,250,0.75,0.05,coarse-modis-250m,219493.089,0.966249,0.966249,0.0,0.0,0.0,unknown,excluded,event_context_not_jakarta
osm-9009398139-4849427408-0,DFO_3280_From_20080301_to_20080403,2008-03-01,2008-04-03,remote_event_centroid_with_isolated_pilot_pixel,low,31.526,Jalan Letnan Jenderal Suprapto,primary,696668229,9009398139,4849427408,0,250,0.75,0.05,coarse-modis-250m,211850.895,0.963425,0.963425,0.0,0.0,0.0,unknown,excluded,event_context_not_jakarta
osm-9009429368-9009429371-0,DFO_3280_From_20080301_to_20080403,2008-03-01,2008-04-03,remote_event_centroid_with_isolated_pilot_pixel,low,37.507,Jalan Radin Inten,primary,119909339,9009429368,9009429371,0,250,0.75,0.05,coarse-modis-250m,214843.234,0.963849,0.963849,0.0,0.0,0.0,unknown,excluded,event_context_not_jakarta
osm-9009429371-9003037183-0,DFO_3280_From_20080301_to_20080403,2008-03-01,2008-04-03,remote_event_centroid_with_isolated_pilot_pixel,low,14.475,Jalan Radin Inten,primary,119909339,9009429371,9003037183,0,250,0.75,0.05,coarse-modis-250m,203320.03,0.962056,0.962056,0.0,0.0,0.0,unknown,excluded,event_context_not_jakarta
osm-9009429383-9003037197-0,DFO_3280_From_20080301_to_20080403,2008-03-01,2008-04-03,remote_event_centroid_with_isolated_pilot_pixel,low,59.726,Jalan Radin Inten,primary,119909339,9009429383,9003037197,0,250,0.75,0.05,coarse-modis-250m,225955.321,0.96537,0.96537,0.0,0.0,0.0,unknown,excluded,event_context_not_jakarta
osm-9009474493-6471563890-0,DFO_3280_From_20080301_to_20080403,2008-03-01,2008-04-03,remote_event_centroid_with_isolated_pilot_pixel,low,38.03,Jalan Letnan Jenderal Suprapto,primary,492988946,9009474493,6471563890,0,250,0.75,0.05,coarse-modis-250m,215105.038,0.964082,0.964082,0.0,0.0,0.0,unknown,excluded,event_context_not_jakarta
osm-9009656613-8488921432-0,DFO_3280_From_20080301_to_20080403,2008-03-01,2008-04-03,remote_event_centroid_with_isolated_pilot_pixel,low,35.905,Jalan Salemba Raya,primary,699651421,9009656613,8488921432,0,250,0.75,0.05,coarse-modis-250m,214042.147,0.963644,0.963644,0.0,0.0,0.0,unknown,excluded,event_context_not_jakarta
osm-9009735918-9013826100-0,DFO_3280_From_20080301_to_20080403,2008-03-01,2008-04-03,remote_event_centroid_with_isolated_pilot_pixel,low,17.926,Jalan Salemba Raya,primary,699651421,9009735918,9013826100,0,250,0.75,0.05,coarse-modis-250m,205046.642,0.962262,0.962262,0.0,0.0,0.0,unknown,excluded,event_context_not_jakarta
osm-9013059177-9013720103-0,DFO_3280_From_20080301_to_20080403,2008-03-01,2008-04-03,remote_event_centroid_with_isolated_pilot_pixel,low,23.527,Jalan Pemuda,primary,28775346,9013059177,9013720103,0,250,0.75,0.05,coarse-modis-250m,207847.972,0.962987,0.962987,0.0,0.0,0.0,unknown,excluded,event_context_not_jakarta
osm-9013059182-9013059177-0,DFO_3280_From_20080301_to_20080403,2008-03-01,2008-04-03,remote_event_centroid_with_isolated_pilot_pixel,low,31.55,Jalan Pemuda,primary,28775346,9013059182,9013059177,0,250,0.75,0.05,coarse-modis-250m,211863.161,0.963641,0.963641,0.0,0.0,0.0,unknown,excluded,event_context_not_jakarta
osm-9013059183-316412146-0,DFO_3280_From_20080301_to_20080403,2008-03-01,2008-04-03,remote_event_centroid_with_isolated_pilot_pixel,low,74.126,Jalan Pemuda,primary,28775346,9013059183,316412146,0,250,0.75,0.05,coarse-modis-250m,233164.33,0.965741,0.965741,0.0,0.0,0.0,unknown,excluded,event_context_not_jakarta
osm-9013720082-316412131-0,DFO_3280_From_20080301_to_20080403,2008-03-01,2008-04-03,remote_event_centroid_with_isolated_pilot_pixel,low,30.058,Jalan Pemuda,primary,1052899125,9013720082,316412131,0,250,0.75,0.05,coarse-modis-250m,211116.432,0.962955,0.962955,0.0,0.0,0.0,unknown,excluded,event_context_not_jakarta
osm-9013720084-5655187222-0,DFO_3280_From_20080301_to_20080403,2008-03-01,2008-04-03,remote_event_centroid_with_isolated_pilot_pixel,low,14.913,Jalan Pemuda,primary,28775346,9013720084,5655187222,0,250,0.75,0.05,coarse-modis-250m,203539.224,0.962273,0.962273,0.0,0.0,0.0,unknown,excluded,event_context_not_jakarta
osm-9013720087-9013720094-0,DFO_3280_From_20080301_to_20080403,2008-03-01,2008-04-03,remote_event_centroid_with_isolated_pilot_pixel,low,29.367,Jalan Pemuda,primary,28775346,9013720087,9013720094,0,250,0.75,0.05,coarse-modis-250m,210770.641,0.963493,0.963493,0.0,0.0,0.0,unknown,excluded,event_context_not_jakarta
osm-9013720094-9013720084-0,DFO_3280_From_20080301_to_20080403,2008-03-01,2008-04-03,remote_event_centroid_with_isolated_pilot_pixel,low,13.885,Jalan Pemuda,primary,28775346,9013720094,9013720084,0,250,0.75,0.05,coarse-modis-250m,203024.865,0.962153,0.962153,0.0,0.0,0.0,unknown,excluded,event_context_not_jakarta
osm-9013720101-9013720087-0,DFO_3280_From_20080301_to_20080403,2008-03-01,2008-04-03,remote_event_centroid_with_isolated_pilot_pixel,low,27.802,Jalan Pemuda,primary,28775346,9013720101,9013720087,0,250,0.75,0.05,coarse-modis-250m,209988.071,0.963365,0.963365,0.0,0.0,0.0,unknown,excluded,event_context_not_jakarta
osm-9013720102-9013720101-0,DFO_3280_From_20080301_to_20080403,2008-03-01,2008-04-03,remote_event_centroid_with_isolated_pilot_pixel,low,33.131,Jalan Pemuda,primary,28775346,9013720102,9013720101,0,250,0.75,0.05,coarse-modis-250m,212653.9,0.963763,0.963763,0.0,0.0,0.0,unknown,excluded,event_context_not_jakarta
osm-9013720103-8523204009-0,DFO_3280_From_20080301_to_20080403,2008-03-01,2008-04-03,remote_event_centroid_with_isolated_pilot_pixel,low,21.23,Unnamed OSM road,residential,973983903,9013720103,8523204009,0,250,0.75,0.05,coarse-modis-250m,206699.685,0.962552,0.962552,0.0,0.0,0.0,unknown,excluded,event_context_not_jakarta
osm-9013720103-9013720102-0,DFO_3280_From_20080301_to_20080403,2008-03-01,2008-04-03,remote_event_centroid_with_isolated_pilot_pixel,low,13.281,Jalan Pemuda,primary,28775346,9013720103,9013720102,0,250,0.75,0.05,coarse-modis-250m,202722.713,0.962005,0.962005,0.0,0.0,0.0,unknown,excluded,event_context_not_jakarta
osm-9013826100-7614917300-0,DFO_3280_From_20080301_to_20080403,2008-03-01,2008-04-03,remote_event_centroid_with_isolated_pilot_pixel,low,59.454,Jalan Salemba Raya,primary,699651421|711243598,9013826100,7614917300,0,250,0.75,0.05,coarse-modis-250m,225823.837,0.965187,0.965187,0.0,0.0,0.0,unknown,excluded,event_context_not_jakarta
osm-9013826103-9009656613-0,DFO_3280_From_20080301_to_20080403,2008-03-01,2008-04-03,remote_event_centroid_with_isolated_pilot_pixel,low,66.87,Jalan Salemba Raya,primary,699651421|815231911,9013826103,9009656613,0,250,0.75,0.05,coarse-modis-250m,229531.172,0.96594,0.96594,0.0,0.0,0.0,unknown,excluded,event_context_not_jakarta
osm-9013826114-5377076560-0,DFO_3280_From_20080301_to_20080403,2008-03-01,2008-04-03,remote_event_centroid_with_isolated_pilot_pixel,low,7.742,Jalan Salemba Raya,primary,830698409,9013826114,5377076560,0,250,0.75,0.05,coarse-modis-250m,199951.42,0.961388,0.961388,0.0,0.0,0.0,unknown,excluded,event_context_not_jakarta
osm-9013840117-13719672649-0,DFO_3280_From_20080301_to_20080403,2008-03-01,2008-04-03,remote_event_centroid_with_isolated_pilot_pixel,low,16.709,Jalan Salemba Raya,primary,689177647,9013840117,13719672649,0,250,0.75,0.05,coarse-modis-250m,204438.083,0.962167,0.962167,0.0,0.0,0.0,unknown,excluded,event_context_not_jakarta
osm-9013840120-9013840117-0,DFO_3280_From_20080301_to_20080403,2008-03-01,2008-04-03,remote_event_centroid_with_isolated_pilot_pixel,low,7.197,Jalan Salemba Raya,primary,689177647,9013840120,9013840117,0,250,0.75,0.05,coarse-modis-250m,199679.034,0.961514,0.961514,0.0,0.0,0.0,unknown,excluded,event_context_not_jakarta
osm-9013891773-329019970-0,DFO_3280_From_20080301_to_20080403,2008-03-01,2008-04-03,remote_event_centroid_with_isolated_pilot_pixel,low,54.655,Jalan Salemba Raya,primary,713585209,9013891773,329019970,0,250,0.75,0.05,coarse-modis-250m,223423.081,0.965178,0.965178,0.0,0.0,0.0,unknown,excluded,event_context_not_jakarta
osm-9013891776-4750115944-0,DFO_3280_From_20080301_to_20080403,2008-03-01,2008-04-03,remote_event_centroid_with_isolated_pilot_pixel,low,48.17,Jalan Salemba Raya,primary,685613008,9013891776,4750115944,0,250,0.75,0.05,coarse-modis-250m,220178.187,0.964537,0.964537,0.0,0.0,0.0,unknown,excluded,event_context_not_jakarta
osm-9013891781-328876219-0,DFO_3280_From_20080301_to_20080403,2008-03-01,2008-04-03,remote_event_centroid_with_isolated_pilot_pixel,low,27.88,Jalan Salemba Raya,primary,1525581082,9013891781,328876219,0,250,0.75,0.05,coarse-modis-250m,210026.964,0.96307,0.96307,0.0,0.0,0.0,unknown,excluded,event_context_not_jakarta
osm-9013891783-9013891781-0,DFO_3280_From_20080301_to_20080403,2008-03-01,2008-04-03,remote_event_centroid_with_isolated_pilot_pixel,low,20.103,Jalan Salemba Raya,primary,1525581082,9013891783,9013891781,0,250,0.75,0.05,coarse-modis-250m,206136.191,0.962545,0.962545,0.0,0.0,0.0,unknown,excluded,event_context_not_jakarta
osm-9013899871-29939143-0,DFO_3280_From_20080301_to_20080403,2008-03-01,2008-04-03,remote_event_centroid_with_isolated_pilot_pixel,low,22.99,Jalan Garuda,secondary,37018609,9013899871,29939143,0,250,0.75,0.05,coarse-modis-250m,207580.311,0.962673,0.962673,0.0,0.0,0.0,unknown,excluded,event_context_not_jakarta
osm-9015877327-309687605-0,DFO_3280_From_20080301_to_20080403,2008-03-01,2008-04-03,remote_event_centroid_with_isolated_pilot_pixel,low,32.29,Jalan Denpasar Raya,tertiary,28194353,9015877327,309687605,0,250,0.75,0.05,coarse-modis-250m,212233.399,0.962826,0.962826,0.0,0.0,0.0,unknown,excluded,event_context_not_jakarta
osm-9015877330-9015877335-0,DFO_3280_From_20080301_to_20080403,2008-03-01,2008-04-03,remote_event_centroid_with_isolated_pilot_pixel,low,34.835,Jalan Denpasar Raya,tertiary,28194353,9015877330,9015877335,0,250,0.75,0.05,coarse-modis-250m,213506.709,0.963666,0.963666,0.0,0.0,0.0,unknown,excluded,event_context_not_jakarta
osm-9015877335-10082667802-0,DFO_3280_From_20080301_to_20080403,2008-03-01,2008-04-03,remote_event_centroid_with_isolated_pilot_pixel,low,50.862,Jalan Denpasar Raya,tertiary,28194353,9015877335,10082667802,0,250,0.75,0.05,coarse-modis-250m,221525.322,0.96477,0.96477,0.0,0.0,0.0,unknown,excluded,event_context_not_jakarta
osm-9016841536-8509445105-0,DFO_3280_From_20080301_to_20080403,2008-03-01,2008-04-03,remote_event_centroid_with_isolated_pilot_pixel,low,61.553,Jalan Pedurenan Masjid Raya,tertiary,392820646,9016841536,8509445105,0,250,0.75,0.05,coarse-modis-250m,226870.995,0.965424,0.965424,0.0,0.0,0.0,unknown,excluded,event_context_not_jakarta
osm-9018975643-186849138-0,DFO_3280_From_20080301_to_20080403,2008-03-01,2008-04-03,remote_event_centroid_with_isolated_pilot_pixel,low,29.444,Jalan Insinyur Haji Juanda,secondary,696175331,9018975643,186849138,0,250,0.75,0.05,coarse-modis-250m,210809.482,0.963577,0.963577,0.0,0.0,0.0,unknown,excluded,event_context_not_jakarta
osm-9019103699-12404878653-0,DFO_3280_From_20080301_to_20080403,2008-03-01,2008-04-03,remote_event_centroid_with_isolated_pilot_pixel,low,91.752,Jalan Insinyur Haji Juanda,secondary,11670123,9019103699,12404878653,0,250,0.75,0.05,coarse-modis-250m,241980.667,0.967221,0.967221,0.0,0.0,0.0,unknown,excluded,event_context_not_jakarta
osm-9019104733-9019646229-0,DFO_3280_From_20080301_to_20080403,2008-03-01,2008-04-03,remote_event_centroid_with_isolated_pilot_pixel,low,70.281,Jalan Penjernihan 1,primary,169300294,9019104733,9019646229,0,250,0.75,0.05,coarse-modis-250m,231240.924,0.966057,0.966057,0.0,0.0,0.0,unknown,excluded,event_context_not_jakarta
osm-9019122232-4833946442-0,DFO_3280_From_20080301_to_20080403,2008-03-01,2008-04-03,remote_event_centroid_with_isolated_pilot_pixel,low,56.134,Jalan Salemba Raya,primary,766198364|713583502,9019122232,4833946442,0,250,0.75,0.05,coarse-modis-250m,224160.672,0.965102,0.965102,0.0,0.0,0.0,unknown,excluded,event_context_not_jakarta
osm-9019646229-6336788287-0,DFO_3280_From_20080301_to_20080403,2008-03-01,2008-04-03,remote_event_centroid_with_isolated_pilot_pixel,low,77.033,Jalan Penjernihan 1,primary,169300294,9019646229,6336788287,0,250,0.75,0.05,coarse-modis-250m,234618.834,0.966679,0.966679,0.0,0.0,0.0,unknown,excluded,event_context_not_jakarta
osm-9027876825-13701804574-0,DFO_3280_From_20080301_to_20080403,2008-03-01,2008-04-03,remote_event_centroid_with_isolated_pilot_pixel,low,31.618,Jalan Raya Casablanca,primary,28847137,9027876825,13701804574,0,250,0.75,0.05,coarse-modis-250m,211897.034,0.768337,0.768337,0.0,0.0,0.0,unknown,excluded,event_context_not_jakarta
osm-9028008487-8481827349-0,DFO_3280_From_20080301_to_20080403,2008-03-01,2008-04-03,remote_event_centroid_with_isolated_pilot_pixel,low,185.721,Jalan Pemuda,primary,763467199,9028008487,8481827349,0,250,0.75,0.05,coarse-modis-250m,288996.843,0.972037,0.972037,0.0,0.0,0.0,unknown,excluded,event_context_not_jakarta
osm-9028323630-310327453-0,DFO_3280_From_20080301_to_20080403,2008-03-01,2008-04-03,remote_event_centroid_with_isolated_pilot_pixel,low,8.577,Jalan Jenderal Ahmad Yani,trunk,987371613,9028323630,310327453,0,250,0.75,0.05,coarse-modis-250m,200369.475,0.961502,0.961502,0.0,0.0,0.0,unknown,excluded,event_context_not_jakarta
osm-9031074981-9032080369-0,DFO_3280_From_20080301_to_20080403,2008-03-01,2008-04-03,remote_event_centroid_with_isolated_pilot_pixel,low,37.975,Jalan Kebon Sirih,primary,18056345,9031074981,9032080369,0,250,0.75,0.05,coarse-modis-250m,215077.505,0.964348,0.964348,0.0,0.0,0.0,unknown,excluded,event_context_not_jakarta
osm-9031074998-29938988-0,DFO_3280_From_20080301_to_20080403,2008-03-01,2008-04-03,remote_event_centroid_with_isolated_pilot_pixel,low,13.05,Jalan Kebon Sirih,primary,18056345,9031074998,29938988,0,250,0.75,0.05,coarse-modis-250m,202607.244,0.961952,0.961952,0.0,0.0,0.0,unknown,excluded,event_context_not_jakarta
osm-9031322607-9534502212-0,DFO_3280_From_20080301_to_20080403,2008-03-01,2008-04-03,remote_event_centroid_with_isolated_pilot_pixel,low,16.318,Jalan Kebon Sirih,primary,18056345,9031322607,9534502212,0,250,0.75,0.05,coarse-modis-250m,204242.276,0.96229,0.96229,0.0,0.0,0.0,unknown,excluded,event_context_not_jakarta
osm-9031322608-9032054237-0,DFO_3280_From_20080301_to_20080403,2008-03-01,2008-04-03,remote_event_centroid_with_isolated_pilot_pixel,low,13.172,Jalan Kebon Sirih,primary,18056345,9031322608,9032054237,0,250,0.75,0.05,coarse-modis-250m,202668.314,0.96192,0.96192,0.0,0.0,0.0,unknown,excluded,event_context_not_jakarta
osm-9031322613-9031325917-0,DFO_3280_From_20080301_to_20080403,2008-03-01,2008-04-03,remote_event_centroid_with_isolated_pilot_pixel,low,7.699,Jalan Kebon Sirih,primary,18056345,9031322613,9031325917,0,250,0.75,0.05,coarse-modis-250m,199929.904,0.961461,0.961461,0.0,0.0,0.0,unknown,excluded,event_context_not_jakarta
osm-9031325917-9032054242-0,DFO_3280_From_20080301_to_20080403,2008-03-01,2008-04-03,remote_event_centroid_with_isolated_pilot_pixel,low,11.377,Jalan Kebon Sirih,primary,18056345,9031325917,9032054242,0,250,0.75,0.05,coarse-modis-250m,201770.228,0.961813,0.961813,0.0,0.0,0.0,unknown,excluded,event_context_not_jakarta
osm-9031325921-9031325924-0,DFO_3280_From_20080301_to_20080403,2008-03-01,2008-04-03,remote_event_centroid_with_isolated_pilot_pixel,low,11.731,Jalan Kebon Sirih,primary,18056345,9031325921,9031325924,0,250,0.75,0.05,coarse-modis-250m,201947.566,0.961797,0.961797,0.0,0.0,0.0,unknown,excluded,event_context_not_jakarta
osm-9031325924-9032054246-0,DFO_3280_From_20080301_to_20080403,2008-03-01,2008-04-03,remote_event_centroid_with_isolated_pilot_pixel,low,2.747,Jalan Kebon Sirih,primary,18056345,9031325924,9032054246,0,250,0.75,0.05,coarse-modis-250m,197452.696,0.961253,0.961253,0.0,0.0,0.0,unknown,excluded,event_context_not_jakarta
osm-9031325928-9031325930-0,DFO_3280_From_20080301_to_20080403,2008-03-01,2008-04-03,remote_event_centroid_with_isolated_pilot_pixel,low,9.174,Jalan Kebon Sirih,primary,18056345,9031325928,9031325930,0,250,0.75,0.05,coarse-modis-250m,200668.935,0.961689,0.961689,0.0,0.0,0.0,unknown,excluded,event_context_not_jakarta
osm-9031325930-5671605060-0,DFO_3280_From_20080301_to_20080403,2008-03-01,2008-04-03,remote_event_centroid_with_isolated_pilot_pixel,low,33.322,Jalan Kebon Sirih,primary,18056345,9031325930,5671605060,0,250,0.75,0.05,coarse-modis-250m,212749.677,0.96338,0.96338,0.0,0.0,0.0,unknown,excluded,event_context_not_jakarta
osm-9031325937-315469600-0,DFO_3280_From_20080301_to_20080403,2008-03-01,2008-04-03,remote_event_centroid_with_isolated_pilot_pixel,low,16.916,Jalan Kebon Sirih,primary,18056345,9031325937,315469600,0,250,0.75,0.05,coarse-modis-250m,204541.398,0.962144,0.962144,0.0,0.0,0.0,unknown,excluded,event_context_not_jakarta
osm-9031905436-5671605063-0,DFO_3280_From_20080301_to_20080403,2008-03-01,2008-04-03,remote_event_centroid_with_isolated_pilot_pixel,low,13.249,Jalan Kebon Sirih,primary,719606918,9031905436,5671605063,0,250,0.75,0.05,coarse-modis-250m,202706.948,0.961857,0.961857,0.0,0.0,0.0,unknown,excluded,event_context_not_jakarta
osm-9031905443-13586870988-0,DFO_3280_From_20080301_to_20080403,2008-03-01,2008-04-03,remote_event_centroid_with_isolated_pilot_pixel,low,19.364,Jalan Kebon Sirih,primary,719606918,9031905443,13586870988,0,250,0.75,0.05,coarse-modis-250m,205766.2,0.962346,0.962346,0.0,0.0,0.0,unknown,excluded,event_context_not_jakarta
osm-9031905452-9032080360-0,DFO_3280_From_20080301_to_20080403,2008-03-01,2008-04-03,remote_event_centroid_with_isolated_pilot_pixel,low,13.027,Jalan Kebon Sirih,primary,18056345,9031905452,9032080360,0,250,0.75,0.05,coarse-modis-250m,202595.847,0.961834,0.961834,0.0,0.0,0.0,unknown,excluded,event_context_not_jakarta
osm-9031970386-9034366567-0,DFO_3280_From_20080301_to_20080403,2008-03-01,2008-04-03,remote_event_centroid_with_isolated_pilot_pixel,low,19.195,Jalan Otto Iskandar Dinata,primary,791643153,9031970386,9034366567,0,250,0.75,0.05,coarse-modis-250m,205681.572,0.962453,0.962453,0.0,0.0,0.0,unknown,excluded,event_context_not_jakarta
osm-9032054232-9031322608-0,DFO_3280_From_20080301_to_20080403,2008-03-01,2008-04-03,remote_event_centroid_with_isolated_pilot_pixel,low,7.577,Jalan Kebon Sirih,primary,18056345,9032054232,9031322608,0,250,0.75,0.05,coarse-modis-250m,199868.834,0.961528,0.961528,0.0,0.0,0.0,unknown,excluded,event_context_not_jakarta
osm-9032054237-9031322613-0,DFO_3280_From_20080301_to_20080403,2008-03-01,2008-04-03,remote_event_centroid_with_isolated_pilot_pixel,low,10.214,Jalan Kebon Sirih,primary,18056345,9032054237,9031322613,0,250,0.75,0.05,coarse-modis-250m,201188.182,0.961616,0.961616,0.0,0.0,0.0,unknown,excluded,event_context_not_jakarta
osm-9032054242-9031325921-0,DFO_3280_From_20080301_to_20080403,2008-03-01,2008-04-03,remote_event_centroid_with_isolated_pilot_pixel,low,9.892,Jalan Kebon Sirih,primary,18056345,9032054242,9031325921,0,250,0.75,0.05,coarse-modis-250m,201027.403,0.96157,0.96157,0.0,0.0,0.0,unknown,excluded,event_context_not_jakarta
osm-9032054246-9032054249-0,DFO_3280_From_20080301_to_20080403,2008-03-01,2008-04-03,remote_event_centroid_with_isolated_pilot_pixel,low,8.707,Jalan Kebon Sirih,primary,18056345,9032054246,9032054249,0,250,0.75,0.05,coarse-modis-250m,200434.319,0.961615,0.961615,0.0,0.0,0.0,unknown,excluded,event_context_not_jakarta
osm-9032054249-9032054253-0,DFO_3280_From_20080301_to_20080403,2008-03-01,2008-04-03,remote_event_centroid_with_isolated_pilot_pixel,low,14.734,Jalan Kebon Sirih,primary,18056345,9032054249,9032054253,0,250,0.75,0.05,coarse-modis-250m,203449.775,0.962149,0.962149,0.0,0.0,0.0,unknown,excluded,event_context_not_jakarta
osm-9032054253-9031325928-0,DFO_3280_From_20080301_to_20080403,2008-03-01,2008-04-03,remote_event_centroid_with_isolated_pilot_pixel,low,14.046,Jalan Kebon Sirih,primary,18056345,9032054253,9031325928,0,250,0.75,0.05,coarse-modis-250m,203105.78,0.962165,0.962165,0.0,0.0,0.0,unknown,excluded,event_context_not_jakarta
osm-9032080348-9032080354-0,DFO_3280_From_20080301_to_20080403,2008-03-01,2008-04-03,remote_event_centroid_with_isolated_pilot_pixel,low,24.172,Jalan Kebon Sirih,primary,18056345,9032080348,9032080354,0,250,0.75,0.05,coarse-modis-250m,208171.66,0.963015,0.963015,0.0,0.0,0.0,unknown,excluded,event_context_not_jakarta
osm-9032080354-9031905452-0,DFO_3280_From_20080301_to_20080403,2008-03-01,2008-04-03,remote_event_centroid_with_isolated_pilot_pixel,low,14.556,Jalan Kebon Sirih,primary,18056345,9032080354,9031905452,0,250,0.75,0.05,coarse-modis-250m,203360.748,0.962039,0.962039,0.0,0.0,0.0,unknown,excluded,event_context_not_jakarta
osm-9032080360-9032080363-0,DFO_3280_From_20080301_to_20080403,2008-03-01,2008-04-03,remote_event_centroid_with_isolated_pilot_pixel,low,14.634,Jalan Kebon Sirih,primary,18056345,9032080360,9032080363,0,250,0.75,0.05,coarse-modis-250m,203399.744,0.962198,0.962198,0.0,0.0,0.0,unknown,excluded,event_context_not_jakarta
osm-9032080363-9031074998-0,DFO_3280_From_20080301_to_20080403,2008-03-01,2008-04-03,remote_event_centroid_with_isolated_pilot_pixel,low,20.427,Jalan Kebon Sirih,primary,18056345,9032080363,9031074998,0,250,0.75,0.05,coarse-modis-250m,206298.218,0.96245,0.96245,0.0,0.0,0.0,unknown,excluded,event_context_not_jakarta
osm-9032080365-9032080348-0,DFO_3280_From_20080301_to_20080403,2008-03-01,2008-04-03,remote_event_centroid_with_isolated_pilot_pixel,low,6.414,Jalan Kebon Sirih,primary,18056345,9032080365,9032080348,0,250,0.75,0.05,coarse-modis-250m,199287.145,0.961343,0.961343,0.0,0.0,0.0,unknown,excluded,event_context_not_jakarta
osm-9032080369-5373820573-0,DFO_3280_From_20080301_to_20080403,2008-03-01,2008-04-03,remote_event_centroid_with_isolated_pilot_pixel,low,20.172,Jalan Kebon Sirih,primary,18056345,9032080369,5373820573,0,250,0.75,0.05,coarse-modis-250m,206170.555,0.962302,0.962302,0.0,0.0,0.0,unknown,excluded,event_context_not_jakarta
osm-9034273143-8510661425-0,DFO_3280_From_20080301_to_20080403,2008-03-01,2008-04-03,remote_event_centroid_with_isolated_pilot_pixel,low,10.72,Jalan Otto Iskandar Dinata,primary,691253232,9034273143,8510661425,0,250,0.75,0.05,coarse-modis-250m,201441.684,0.961776,0.961776,0.0,0.0,0.0,unknown,excluded,event_context_not_jakarta
osm-9034273150-9034273143-0,DFO_3280_From_20080301_to_20080403,2008-03-01,2008-04-03,remote_event_centroid_with_isolated_pilot_pixel,low,8.863,Jalan Otto Iskandar Dinata,primary,691253232,9034273150,9034273143,0,250,0.75,0.05,coarse-modis-250m,200512.558,0.961488,0.961488,0.0,0.0,0.0,unknown,excluded,event_context_not_jakarta
osm-9034366567-352915237-0,DFO_3280_From_20080301_to_20080403,2008-03-01,2008-04-03,remote_event_centroid_with_isolated_pilot_pixel,low,12.827,Jalan Otto Iskandar Dinata,primary,1282308982,9034366567,352915237,0,250,0.75,0.05,coarse-modis-250m,202495.846,0.961913,0.961913,0.0,0.0,0.0,unknown,excluded,event_context_not_jakarta
osm-9036874926-95022385-0,DFO_3280_From_20080301_to_20080403,2008-03-01,2008-04-03,remote_event_centroid_with_isolated_pilot_pixel,low,43.335,Jalan Kalimalang,primary,685347199,9036874926,95022385,0,250,0.75,0.05,coarse-modis-250m,217755.67,0.963895,0.963895,0.0,0.0,0.0,unknown,excluded,event_context_not_jakarta
osm-9037288082-7044795934-0,DFO_3280_From_20080301_to_20080403,2008-03-01,2008-04-03,remote_event_centroid_with_isolated_pilot_pixel,low,43.328,Jalan Kolonel Soegiono,primary,754062956,9037288082,7044795934,0,250,0.75,0.05,coarse-modis-250m,217755.921,0.964445,0.964445,0.0,0.0,0.0,unknown,excluded,event_context_not_jakarta
osm-9064994805-7647950148-0,DFO_3280_From_20080301_to_20080403,2008-03-01,2008-04-03,remote_event_centroid_with_isolated_pilot_pixel,low,25.412,Jalan Otto Iskandar Dinata,primary,28765421,9064994805,7647950148,0,250,0.75,0.05,coarse-modis-250m,208792.088,0.962796,0.962796,0.0,0.0,0.0,unknown,excluded,event_context_not_jakarta
osm-9075741774-4546076824-0,DFO_3280_From_20080301_to_20080403,2008-03-01,2008-04-03,remote_event_centroid_with_isolated_pilot_pixel,low,19.996,Jalan Kebon Sirih,primary,248618360,9075741774,4546076824,0,250,0.75,0.05,coarse-modis-250m,206082.238,0.96241,0.96241,0.0,0.0,0.0,unknown,excluded,event_context_not_jakarta
osm-9075741779-9075741774-0,DFO_3280_From_20080301_to_20080403,2008-03-01,2008-04-03,remote_event_centroid_with_isolated_pilot_pixel,low,12.762,Jalan Kebon Sirih,primary,248618360,9075741779,9075741774,0,250,0.75,0.05,coarse-modis-250m,202463.018,0.961879,0.961879,0.0,0.0,0.0,unknown,excluded,event_context_not_jakarta
osm-9076429426-2399364732-0,DFO_3280_From_20080301_to_20080403,2008-03-01,2008-04-03,remote_event_centroid_with_isolated_pilot_pixel,low,119.319,Jalan Bekasi Raya,trunk,764298931,9076429426,2399364732,0,250,0.75,0.05,coarse-modis-250m,255775.065,0.968865,0.968865,0.0,0.0,0.0,unknown,excluded,event_context_not_jakarta
osm-9110087936-9694832554-0,DFO_3280_From_20080301_to_20080403,2008-03-01,2008-04-03,remote_event_centroid_with_isolated_pilot_pixel,low,30.931,Jalan Kyai Haji Mas Mansyur,primary,1253507712|1253507713,9110087936,9694832554,0,250,0.75,0.05,coarse-modis-250m,211551.577,0.963352,0.963352,0.0,0.0,0.0,unknown,excluded,event_context_not_jakarta
osm-9118916175-1695811540-0,DFO_3280_From_20080301_to_20080403,2008-03-01,2008-04-03,remote_event_centroid_with_isolated_pilot_pixel,low,12.805,Jalan Karet Sawah II,residential,485066386,9118916175,1695811540,0,250,0.75,0.05,coarse-modis-250m,202484.632,0.961778,0.961778,0.0,0.0,0.0,unknown,excluded,event_context_not_jakarta
osm-9144167875-4488259486-0,DFO_3280_From_20080301_to_20080403,2008-03-01,2008-04-03,remote_event_centroid_with_isolated_pilot_pixel,low,81.009,Jalan Kebon Sirih,primary,28216264|1370010724,9144167875,4488259486,0,250,0.75,0.05,coarse-modis-250m,236604.076,0.96688,0.96688,0.0,0.0,0.0,unknown,excluded,event_context_not_jakarta
osm-9465024317-309824174-0,DFO_3280_From_20080301_to_20080403,2008-03-01,2008-04-03,remote_event_centroid_with_isolated_pilot_pixel,low,516.786,Jalan Tol Dalam Kota Jakarta,motorway,1221537685|1221537686|749708021|749708022,9465024317,309824174,0,250,0.75,0.05,coarse-modis-250m,454592.281,0.980664,0.980664,0.0,0.0,0.0,unknown,excluded,event_context_not_jakarta
osm-9471064862-317987901-0,DFO_3280_From_20080301_to_20080403,2008-03-01,2008-04-03,remote_event_centroid_with_isolated_pilot_pixel,low,3.584,Jalan Tomang Raya,primary,688103037,9471064862,317987901,0,250,0.75,0.05,coarse-modis-250m,197871.071,0.961166,0.961166,0.0,0.0,0.0,unknown,excluded,event_context_not_jakarta
osm-9486285513-6004639297-0,DFO_3280_From_20080301_to_20080403,2008-03-01,2008-04-03,remote_event_centroid_with_isolated_pilot_pixel,low,32.084,Jalan Letnan Jenderal Siswondo Parman,trunk,1027699887,9486285513,6004639297,0,250,0.75,0.05,coarse-modis-250m,212130.148,0.963417,0.963417,0.0,0.0,0.0,unknown,excluded,event_context_not_jakarta
osm-9486332419-5372153147-0,DFO_3280_From_20080301_to_20080403,2008-03-01,2008-04-03,remote_event_centroid_with_isolated_pilot_pixel,low,16.512,Jalan Letnan Jenderal Siswondo Parman,trunk,688117571,9486332419,5372153147,0,250,0.75,0.05,coarse-modis-250m,204339.416,0.962194,0.962194,0.0,0.0,0.0,unknown,excluded,event_context_not_jakarta
osm-9491290599-7118113165-0,DFO_3280_From_20080301_to_20080403,2008-03-01,2008-04-03,remote_event_centroid_with_isolated_pilot_pixel,low,64.048,Jalan Letnan Jenderal Siswondo Parman,trunk,560008548,9491290599,7118113165,0,250,0.75,0.05,coarse-modis-250m,228122.235,0.965809,0.965809,0.0,0.0,0.0,unknown,excluded,event_context_not_jakarta
osm-9491424124-12202798102-0,DFO_3280_From_20080301_to_20080403,2008-03-01,2008-04-03,remote_event_centroid_with_isolated_pilot_pixel,low,42.233,Jalan Letnan Jenderal Siswondo Parman,trunk,761850309|761850310,9491424124,12202798102,0,250,0.75,0.05,coarse-modis-250m,217207.767,0.964151,0.964151,0.0,0.0,0.0,unknown,excluded,event_context_not_jakarta
osm-9491424126-9491424124-0,DFO_3280_From_20080301_to_20080403,2008-03-01,2008-04-03,remote_event_centroid_with_isolated_pilot_pixel,low,54.841,Jalan Letnan Jenderal Siswondo Parman,trunk,761850310,9491424126,9491424124,0,250,0.75,0.05,coarse-modis-250m,223516.041,0.965106,0.965106,0.0,0.0,0.0,unknown,excluded,event_context_not_jakarta
osm-9491482902-9491482907-0,DFO_3280_From_20080301_to_20080403,2008-03-01,2008-04-03,remote_event_centroid_with_isolated_pilot_pixel,low,45.892,Jalan Letnan Jenderal Siswondo Parman,trunk,560008548,9491482902,9491482907,0,250,0.75,0.05,coarse-modis-250m,219038.352,0.964244,0.964244,0.0,0.0,0.0,unknown,excluded,event_context_not_jakarta
osm-9491482907-317417833-0,DFO_3280_From_20080301_to_20080403,2008-03-01,2008-04-03,remote_event_centroid_with_isolated_pilot_pixel,low,6.37,Jalan Letnan Jenderal Siswondo Parman,trunk,560008548,9491482907,317417833,0,250,0.75,0.05,coarse-modis-250m,199265.313,0.96128,0.96128,0.0,0.0,0.0,unknown,excluded,event_context_not_jakarta
osm-9491842326-4804615989-0,DFO_3280_From_20080301_to_20080403,2008-03-01,2008-04-03,remote_event_centroid_with_isolated_pilot_pixel,low,85.252,Jalan Letnan Jenderal Suprapto,primary,696668229,9491842326,4804615989,0,250,0.75,0.05,coarse-modis-250m,238723.655,0.96708,0.96708,0.0,0.0,0.0,unknown,excluded,event_context_not_jakarta
osm-9497883594-9497883603-0,DFO_3280_From_20080301_to_20080403,2008-03-01,2008-04-03,remote_event_centroid_with_isolated_pilot_pixel,low,14.543,Jalan Jenderal Ahmad Yani,trunk,689877064,9497883594,9497883603,0,250,0.75,0.05,coarse-modis-250m,203354.101,0.96211,0.96211,0.0,0.0,0.0,unknown,excluded,event_context_not_jakarta
osm-9497883600-7137519768-0,DFO_3280_From_20080301_to_20080403,2008-03-01,2008-04-03,remote_event_centroid_with_isolated_pilot_pixel,low,61.082,Jalan Jenderal Ahmad Yani,trunk,763998190,9497883600,7137519768,0,250,0.75,0.05,coarse-modis-250m,226638.46,0.965491,0.965491,0.0,0.0,0.0,unknown,excluded,event_context_not_jakarta
osm-9497883603-9497883600-0,DFO_3280_From_20080301_to_20080403,2008-03-01,2008-04-03,remote_event_centroid_with_isolated_pilot_pixel,low,42.034,Jalan Jenderal Ahmad Yani,trunk,689877064|763998190,9497883603,9497883600,0,250,0.75,0.05,coarse-modis-250m,217107.884,0.964102,0.964102,0.0,0.0,0.0,unknown,excluded,event_context_not_jakarta
osm-9498062303-7137574112-0,DFO_3280_From_20080301_to_20080403,2008-03-01,2008-04-03,remote_event_centroid_with_isolated_pilot_pixel,low,9.267,Jalan Jenderal Ahmad Yani,secondary,764325454,9498062303,7137574112,0,250,0.75,0.05,coarse-modis-250m,200714.612,0.961647,0.961647,0.0,0.0,0.0,unknown,excluded,event_context_not_jakarta
osm-95006360-5492419263-0,DFO_3280_From_20080301_to_20080403,2008-03-01,2008-04-03,remote_event_centroid_with_isolated_pilot_pixel,low,60.513,Jalan Letnan Jenderal MT Haryono,trunk,749966273|98454566,95006360,5492419263,0,250,0.75,0.05,coarse-modis-250m,226353.601,0.965481,0.965481,0.0,0.0,0.0,unknown,excluded,event_context_not_jakarta
osm-95006366-5492419187-0,DFO_3280_From_20080301_to_20080403,2008-03-01,2008-04-03,remote_event_centroid_with_isolated_pilot_pixel,low,46.314,Jalan Letnan Jenderal MT Haryono,trunk,1317133074,95006366,5492419187,0,250,0.75,0.05,coarse-modis-250m,219249.813,0.964439,0.964439,0.0,0.0,0.0,unknown,excluded,event_context_not_jakarta
osm-95010735-1133343805-0,DFO_3280_From_20080301_to_20080403,2008-03-01,2008-04-03,remote_event_centroid_with_isolated_pilot_pixel,low,84.617,Jalan D. I. Panjaitan,trunk,1288928356|1104818772,95010735,1133343805,0,250,0.75,0.05,coarse-modis-250m,238409.944,0.967088,0.967088,0.0,0.0,0.0,unknown,excluded,event_context_not_jakarta
osm-95010751-13798957263-0,DFO_3280_From_20080301_to_20080403,2008-03-01,2008-04-03,remote_event_centroid_with_isolated_pilot_pixel,low,93.771,Jalan D. I. Panjaitan,trunk,687317713,95010751,13798957263,0,250,0.75,0.05,coarse-modis-250m,242987.508,0.968134,0.968134,0.0,0.0,0.0,unknown,excluded,event_context_not_jakarta
osm-95022384-95022385-0,DFO_3280_From_20080301_to_20080403,2008-03-01,2008-04-03,remote_event_centroid_with_isolated_pilot_pixel,low,66.282,Jalan D. I. Panjaitan,trunk,1134447887,95022384,95022385,0,250,0.75,0.05,coarse-modis-250m,229240.189,0.965965,0.965965,0.0,0.0,0.0,unknown,excluded,event_context_not_jakarta
osm-95022385-4152867689-0,DFO_3280_From_20080301_to_20080403,2008-03-01,2008-04-03,remote_event_centroid_with_isolated_pilot_pixel,low,78.712,Jalan D. I. Panjaitan,trunk,751673453,95022385,4152867689,0,250,0.75,0.05,coarse-modis-250m,235458.351,0.966774,0.966774,0.0,0.0,0.0,unknown,excluded,event_context_not_jakarta
osm-95022385-5652800252-0,DFO_3280_From_20080301_to_20080403,2008-03-01,2008-04-03,remote_event_centroid_with_isolated_pilot_pixel,low,59.872,Jalan Kalimalang,primary,493592694,95022385,5652800252,0,250,0.75,0.05,coarse-modis-250m,226025.998,0.965883,0.965883,0.0,0.0,0.0,unknown,excluded,event_context_not_jakarta
osm-9504400678-95010751-0,DFO_3280_From_20080301_to_20080403,2008-03-01,2008-04-03,remote_event_centroid_with_isolated_pilot_pixel,low,125.497,Unnamed OSM road,trunk_link,28851150,9504400678,95010751,0,250,0.75,0.05,coarse-modis-250m,257097.662,0.971196,0.971196,0.0,0.0,0.0,unknown,excluded,event_context_not_jakarta
osm-9504567886-8132773400-0,DFO_3280_From_20080301_to_20080403,2008-03-01,2008-04-03,remote_event_centroid_with_isolated_pilot_pixel,low,431.604,Jalan D. I. Panjaitan,trunk,558669208|1295713730|1031140670,9504567886,8132773400,0,250,0.75,0.05,coarse-modis-250m,411998.735,0.978957,0.978957,0.0,0.0,0.0,unknown,excluded,event_context_not_jakarta
osm-9504720700-13913580150-0,DFO_3280_From_20080301_to_20080403,2008-03-01,2008-04-03,remote_event_centroid_with_isolated_pilot_pixel,low,59.558,Unnamed OSM road,service,1526635909,9504720700,13913580150,0,250,0.75,0.05,coarse-modis-250m,225875.752,0.965324,0.965324,0.0,0.0,0.0,unknown,excluded,event_context_not_jakarta
osm-9504720701-9504720700-0,DFO_3280_From_20080301_to_20080403,2008-03-01,2008-04-03,remote_event_centroid_with_isolated_pilot_pixel,low,5.951,Unnamed OSM road,service,1526635909,9504720701,9504720700,0,250,0.75,0.05,coarse-modis-250m,199055.767,0.961411,0.961411,0.0,0.0,0.0,unknown,excluded,event_context_not_jakarta
osm-9506862589-7050035434-0,DFO_3280_From_20080301_to_20080403,2008-03-01,2008-04-03,remote_event_centroid_with_isolated_pilot_pixel,low,25.077,Jalan Letnan Jenderal Siswondo Parman,trunk,688117572,9506862589,7050035434,0,250,0.75,0.05,coarse-modis-250m,208624.751,0.962835,0.962835,0.0,0.0,0.0,unknown,excluded,event_context_not_jakarta
osm-9507227664-12032748424-0,DFO_3280_From_20080301_to_20080403,2008-03-01,2008-04-03,remote_event_centroid_with_isolated_pilot_pixel,low,41.702,Jalan Profesor Doktor Satrio,primary,495447738,9507227664,12032748424,0,250,0.75,0.05,coarse-modis-250m,216942.36,0.964186,0.964186,0.0,0.0,0.0,unknown,excluded,event_context_not_jakarta
osm-9509715193-4914353854-0,DFO_3280_From_20080301_to_20080403,2008-03-01,2008-04-03,remote_event_centroid_with_isolated_pilot_pixel,low,48.29,Jalan D. I. Panjaitan,trunk,685347200,9509715193,4914353854,0,250,0.75,0.05,coarse-modis-250m,220229.693,0.964507,0.964507,0.0,0.0,0.0,unknown,excluded,event_context_not_jakarta
osm-9515510319-4152867172-0,DFO_3280_From_20080301_to_20080403,2008-03-01,2008-04-03,remote_event_centroid_with_isolated_pilot_pixel,low,112.605,Jalan Jenderal Basuki Rahmat,primary,691251097|414094618|414094617|1512258934,9515510319,4152867172,0,250,0.75,0.05,coarse-modis-250m,252393.394,0.968885,0.968885,0.0,0.0,0.0,unknown,excluded,event_context_not_jakarta
osm-9527050428-1342878927-0,DFO_3280_From_20080301_to_20080403,2008-03-01,2008-04-03,remote_event_centroid_with_isolated_pilot_pixel,low,85.346,Jalan Perintis Kemerdekaan,trunk,427815402,9527050428,1342878927,0,250,0.75,0.05,coarse-modis-250m,238777.923,0.966973,0.966973,0.0,0.0,0.0,unknown,excluded,event_context_not_jakarta
osm-9529290217-7760892449-0,DFO_3280_From_20080301_to_20080403,2008-03-01,2008-04-03,remote_event_centroid_with_isolated_pilot_pixel,low,35.423,Jalan Yos Sudarso,trunk,562942145,9529290217,7760892449,0,250,0.75,0.05,coarse-modis-250m,213800.384,0.963766,0.963766,0.0,0.0,0.0,unknown,excluded,event_context_not_jakarta
osm-9531434128-9504720700-0,DFO_3280_From_20080301_to_20080403,2008-03-01,2008-04-03,remote_event_centroid_with_isolated_pilot_pixel,low,32.926,Unnamed OSM road,service,751715002,9531434128,9504720700,0,250,0.75,0.05,coarse-modis-250m,212398.01,0.964922,0.964922,0.0,0.0,0.0,unknown,excluded,event_context_not_jakarta
osm-9531434128-9504720701-0,DFO_3280_From_20080301_to_20080403,2008-03-01,2008-04-03,remote_event_centroid_with_isolated_pilot_pixel,low,32.503,Unnamed OSM road,service,1488337107|1526635911,9531434128,9504720701,0,250,0.75,0.05,coarse-modis-250m,212232.131,0.964018,0.964018,0.0,0.0,0.0,unknown,excluded,event_context_not_jakarta
osm-9531485211-12684981016-0,DFO_3280_From_20080301_to_20080403,2008-03-01,2008-04-03,remote_event_centroid_with_isolated_pilot_pixel,low,47.519,Jalan Kebon Sirih,primary,28216264,9531485211,12684981016,0,250,0.75,0.05,coarse-modis-250m,219852.383,0.964429,0.964429,0.0,0.0,0.0,unknown,excluded,event_context_not_jakarta
osm-9531485213-9531485211-0,DFO_3280_From_20080301_to_20080403,2008-03-01,2008-04-03,remote_event_centroid_with_isolated_pilot_pixel,low,9.251,Jalan Kebon Sirih,primary,28216264,9531485213,9531485211,0,250,0.75,0.05,coarse-modis-250m,200706.317,0.961824,0.961824,0.0,0.0,0.0,unknown,excluded,event_context_not_jakarta
osm-9531485215-9531485213-0,DFO_3280_From_20080301_to_20080403,2008-03-01,2008-04-03,remote_event_centroid_with_isolated_pilot_pixel,low,46.676,Jalan Kebon Sirih,primary,28216264,9531485215,9531485213,0,250,0.75,0.05,coarse-modis-250m,219431.018,0.964487,0.964487,0.0,0.0,0.0,unknown,excluded,event_context_not_jakarta
osm-9533845672-6477409182-0,DFO_3280_From_20080301_to_20080403,2008-03-01,2008-04-03,remote_event_centroid_with_isolated_pilot_pixel,low,31.804,Jalan Pulolio,tertiary,489260903,9533845672,6477409182,0,250,0.75,0.05,coarse-modis-250m,211990.184,0.963688,0.963688,0.0,0.0,0.0,unknown,excluded,event_context_not_jakarta
osm-9533955728-4815227757-0,DFO_3280_From_20080301_to_20080403,2008-03-01,2008-04-03,remote_event_centroid_with_isolated_pilot_pixel,low,26.906,Jalan Pulokambing II,residential,686924182,9533955728,4815227757,0,250,0.75,0.05,coarse-modis-250m,209539.827,0.963079,0.963079,0.0,0.0,0.0,unknown,excluded,event_context_not_jakarta
osm-9533955733-9533955728-0,DFO_3280_From_20080301_to_20080403,2008-03-01,2008-04-03,remote_event_centroid_with_isolated_pilot_pixel,low,50.458,Unnamed OSM road,service,1034983538,9533955733,9533955728,0,250,0.75,0.05,coarse-modis-250m,219367.625,0.96808,0.96808,0.0,0.0,0.0,unknown,excluded,event_context_not_jakarta
osm-9533955736-5662302109-0,DFO_3280_From_20080301_to_20080403,2008-03-01,2008-04-03,remote_event_centroid_with_isolated_pilot_pixel,low,32.071,Jalan Pulokambing II,residential,686924182,9533955736,5662302109,0,250,0.75,0.05,coarse-modis-250m,212123.945,0.963408,0.963408,0.0,0.0,0.0,unknown,excluded,event_context_not_jakarta
osm-9533955736-9533955733-0,DFO_3280_From_20080301_to_20080403,2008-03-01,2008-04-03,remote_event_centroid_with_isolated_pilot_pixel,low,11.818,Unnamed OSM road,service,1034983539,9533955736,9533955733,0,250,0.75,0.05,coarse-modis-250m,201990.629,0.96202,0.96202,0.0,0.0,0.0,unknown,excluded,event_context_not_jakarta
osm-9534502212-5671605067-0,DFO_3280_From_20080301_to_20080403,2008-03-01,2008-04-03,remote_event_centroid_with_isolated_pilot_pixel,low,14.157,Jalan Kebon Sirih,primary,18056345,9534502212,5671605067,0,250,0.75,0.05,coarse-modis-250m,203160.977,0.962076,0.962076,0.0,0.0,0.0,unknown,excluded,event_context_not_jakarta
osm-9561798638-6456763921-0,DFO_3280_From_20080301_to_20080403,2008-03-01,2008-04-03,remote_event_centroid_with_isolated_pilot_pixel,low,11.299,Jalan Jenderal Basuki Rahmat,primary,28851026,9561798638,6456763921,0,250,0.75,0.05,coarse-modis-250m,201731.369,0.961631,0.961631,0.0,0.0,0.0,unknown,excluded,event_context_not_jakarta
osm-9561821845-8504122967-0,DFO_3280_From_20080301_to_20080403,2008-03-01,2008-04-03,remote_event_centroid_with_isolated_pilot_pixel,low,16.216,Jalan Jatinegara Timur,primary,691270311,9561821845,8504122967,0,250,0.75,0.05,coarse-modis-250m,204191.148,0.962807,0.962807,0.0,0.0,0.0,unknown,excluded,event_context_not_jakarta
osm-9619896326-104379010-0,DFO_3280_From_20080301_to_20080403,2008-03-01,2008-04-03,remote_event_centroid_with_isolated_pilot_pixel,low,71.7,Jalan Jatinegara Timur,primary,11671655,9619896326,104379010,0,250,0.75,0.05,coarse-modis-250m,231948.728,0.966168,0.966168,0.0,0.0,0.0,unknown,excluded,event_context_not_jakarta
osm-9622773424-8509401662-0,DFO_3280_From_20080301_to_20080403,2008-03-01,2008-04-03,remote_event_centroid_with_isolated_pilot_pixel,low,68.643,Jalan Matraman,primary,278788931,9622773424,8509401662,0,250,0.75,0.05,coarse-modis-250m,230421.455,0.966107,0.966107,0.0,0.0,0.0,unknown,excluded,event_context_not_jakarta
osm-9622773431-9622773424-0,DFO_3280_From_20080301_to_20080403,2008-03-01,2008-04-03,remote_event_centroid_with_isolated_pilot_pixel,low,15.767,Jalan Matraman,primary,278788931,9622773431,9622773424,0,250,0.75,0.05,coarse-modis-250m,203966.603,0.962231,0.962231,0.0,0.0,0.0,unknown,excluded,event_context_not_jakarta
osm-9623003134-329968512-0,DFO_3280_From_20080301_to_20080403,2008-03-01,2008-04-03,remote_event_centroid_with_isolated_pilot_pixel,low,86.7,Jalan Matraman,primary,278788931,9623003134,329968512,0,250,0.75,0.05,coarse-modis-250m,239454.073,0.966513,0.966513,0.0,0.0,0.0,unknown,excluded,event_context_not_jakarta
osm-9623310915-1249723074-0,DFO_3280_From_20080301_to_20080403,2008-03-01,2008-04-03,remote_event_centroid_with_isolated_pilot_pixel,low,18.906,Jalan Kebon Sirih,primary,755769006,9623310915,1249723074,0,250,0.75,0.05,coarse-modis-250m,205532.56,0.963017,0.963017,0.0,0.0,0.0,unknown,excluded,event_context_not_jakarta
osm-9625680832-4502070116-0,DFO_3280_From_20080301_to_20080403,2008-03-01,2008-04-03,remote_event_centroid_with_isolated_pilot_pixel,low,76.664,Jalan Mitra Sunter Boulevard,secondary,696654482,9625680832,4502070116,0,250,0.75,0.05,coarse-modis-250m,234431.626,0.966412,0.966412,0.0,0.0,0.0,unknown,excluded,event_context_not_jakarta
osm-9626511706-1135601912-0,DFO_3280_From_20080301_to_20080403,2008-03-01,2008-04-03,remote_event_centroid_with_isolated_pilot_pixel,low,30.244,Jalan Kalimalang,primary,98087417,9626511706,1135601912,0,250,0.75,0.05,coarse-modis-250m,211209.707,0.963552,0.963552,0.0,0.0,0.0,unknown,excluded,event_context_not_jakarta
osm-9642343610-1133807065-0,DFO_3280_From_20080301_to_20080403,2008-03-01,2008-04-03,remote_event_centroid_with_isolated_pilot_pixel,low,28.832,Jalan Cipinang Indah Raya,tertiary,737508241,9642343610,1133807065,0,250,0.75,0.05,coarse-modis-250m,210503.176,0.963222,0.963222,0.0,0.0,0.0,unknown,excluded,event_context_not_jakarta
osm-9644592829-6277705571-0,DFO_3280_From_20080301_to_20080403,2008-03-01,2008-04-03,remote_event_centroid_with_isolated_pilot_pixel,low,239.067,Jalan D. I. Panjaitan,trunk,1288928355|1288928358,9644592829,6277705571,0,250,0.75,0.05,coarse-modis-250m,315671.144,0.973985,0.973985,0.0,0.0,0.0,unknown,excluded,event_context_not_jakarta
osm-9645211396-12202088428-0,DFO_3280_From_20080301_to_20080403,2008-03-01,2008-04-03,remote_event_centroid_with_isolated_pilot_pixel,low,18.19,Jalan Letnan Jenderal Siswondo Parman,trunk,560008548,9645211396,12202088428,0,250,0.75,0.05,coarse-modis-250m,205177.942,0.962383,0.962383,0.0,0.0,0.0,unknown,excluded,event_context_not_jakarta
osm-9645211400-9645211396-0,DFO_3280_From_20080301_to_20080403,2008-03-01,2008-04-03,remote_event_centroid_with_isolated_pilot_pixel,low,35.887,Jalan Letnan Jenderal Siswondo Parman,trunk,560008548,9645211400,9645211396,0,250,0.75,0.05,coarse-modis-250m,214032.884,0.963772,0.963772,0.0,0.0,0.0,unknown,excluded,event_context_not_jakarta
osm-9647927418-5372153134-0,DFO_3280_From_20080301_to_20080403,2008-03-01,2008-04-03,remote_event_centroid_with_isolated_pilot_pixel,low,13.394,Jalan Letnan Jenderal Siswondo Parman,trunk,1027699887,9647927418,5372153134,0,250,0.75,0.05,coarse-modis-250m,202779.602,0.962045,0.962045,0.0,0.0,0.0,unknown,excluded,event_context_not_jakarta
osm-9647927422-9647927418-0,DFO_3280_From_20080301_to_20080403,2008-03-01,2008-04-03,remote_event_centroid_with_isolated_pilot_pixel,low,41.958,Jalan Letnan Jenderal Siswondo Parman,trunk,1027699887,9647927422,9647927418,0,250,0.75,0.05,coarse-modis-250m,217070.17,0.96415,0.96415,0.0,0.0,0.0,unknown,excluded,event_context_not_jakarta
osm-9648055038-5056597570-0,DFO_3280_From_20080301_to_20080403,2008-03-01,2008-04-03,remote_event_centroid_with_isolated_pilot_pixel,low,120.94,Jalan Letnan Jenderal Siswondo Parman,trunk,688117574|688117575,9648055038,5056597570,0,250,0.75,0.05,coarse-modis-250m,256534.553,0.969099,0.969099,0.0,0.0,0.0,unknown,excluded,event_context_not_jakarta
osm-9648835249-4849427386-0,DFO_3280_From_20080301_to_20080403,2008-03-01,2008-04-03,remote_event_centroid_with_isolated_pilot_pixel,low,9.864,Jalan Letnan Jenderal Suprapto,primary,492988946,9648835249,4849427386,0,250,0.75,0.05,coarse-modis-250m,201013.193,0.961568,0.961568,0.0,0.0,0.0,unknown,excluded,event_context_not_jakarta
osm-9657468817-5372153144-0,DFO_3280_From_20080301_to_20080403,2008-03-01,2008-04-03,remote_event_centroid_with_isolated_pilot_pixel,low,32.488,Jalan Letnan Jenderal Siswondo Parman,trunk,1027699887,9657468817,5372153144,0,250,0.75,0.05,coarse-modis-250m,212332.466,0.963517,0.963517,0.0,0.0,0.0,unknown,excluded,event_context_not_jakarta
osm-9664769720-1757800859-0,DFO_3280_From_20080301_to_20080403,2008-03-01,2008-04-03,remote_event_centroid_with_isolated_pilot_pixel,low,63.45,Unnamed OSM road,motorway_link,1123241708,9664769720,1757800859,0,250,0.75,0.05,coarse-modis-250m,227809.273,0.96556,0.96556,0.0,0.0,0.0,unknown,excluded,event_context_not_jakarta
osm-9664769720-1757800861-0,DFO_3280_From_20080301_to_20080403,2008-03-01,2008-04-03,remote_event_centroid_with_isolated_pilot_pixel,low,147.125,Unnamed OSM road,motorway_link,320143219,9664769720,1757800861,0,250,0.75,0.05,coarse-modis-250m,269668.033,0.970145,0.970145,0.0,0.0,0.0,unknown,excluded,event_context_not_jakarta
osm-9665578858-8505902513-0,DFO_3280_From_20080301_to_20080403,2008-03-01,2008-04-03,remote_event_centroid_with_isolated_pilot_pixel,low,230.546,Jalan Tomang Raya,primary,762091306|762091307,9665578858,8505902513,0,250,0.75,0.05,coarse-modis-250m,311423.576,0.973615,0.973615,0.0,0.0,0.0,unknown,excluded,event_context_not_jakarta
osm-9673797651-11052325987-0,DFO_3280_From_20080301_to_20080403,2008-03-01,2008-04-03,remote_event_centroid_with_isolated_pilot_pixel,low,143.881,Jalan Inspeksi Tarum Barat,primary,751672117|751672119,9673797651,11052325987,0,250,0.75,0.05,coarse-modis-250m,268061.871,0.970155,0.970155,0.0,0.0,0.0,unknown,excluded,event_context_not_jakarta
osm-9673837489-4502213975-0,DFO_3280_From_20080301_to_20080403,2008-03-01,2008-04-03,remote_event_centroid_with_isolated_pilot_pixel,low,38.753,Jalan Mitra Sunter Boulevard,secondary,453477916,9673837489,4502213975,0,250,0.75,0.05,coarse-modis-250m,215466.911,0.963877,0.963877,0.0,0.0,0.0,unknown,excluded,event_context_not_jakarta
osm-9676145373-3981137758-0,DFO_3280_From_20080301_to_20080403,2008-03-01,2008-04-03,remote_event_centroid_with_isolated_pilot_pixel,low,34.943,Jalan Kebon Sirih,primary,18056345,9676145373,3981137758,0,250,0.75,0.05,coarse-modis-250m,213560.289,0.963642,0.963642,0.0,0.0,0.0,unknown,excluded,event_context_not_jakarta
osm-9679167895-6315615740-0,DFO_3280_From_20080301_to_20080403,2008-03-01,2008-04-03,remote_event_centroid_with_isolated_pilot_pixel,low,23.192,Jalan Arief Rachman Hakim,primary,688522169,9679167895,6315615740,0,250,0.75,0.05,coarse-modis-250m,207681.216,0.962807,0.962807,0.0,0.0,0.0,unknown,excluded,event_context_not_jakarta
osm-9679957698-4849427419-0,DFO_3280_From_20080301_to_20080403,2008-03-01,2008-04-03,remote_event_centroid_with_isolated_pilot_pixel,low,8.97,Jalan Letnan Jenderal Suprapto,primary,492988997,9679957698,4849427419,0,250,0.75,0.05,coarse-modis-250m,200566.121,0.961653,0.961653,0.0,0.0,0.0,unknown,excluded,event_context_not_jakarta
osm-9684746119-8313092690-0,DFO_3280_From_20080301_to_20080403,2008-03-01,2008-04-03,remote_event_centroid_with_isolated_pilot_pixel,low,31.348,Jalan Pemuda,primary,763467199,9684746119,8313092690,0,250,0.75,0.05,coarse-modis-250m,211761.879,0.963313,0.963313,0.0,0.0,0.0,unknown,excluded,event_context_not_jakarta
osm-9685151096-7226690317-0,DFO_3280_From_20080301_to_20080403,2008-03-01,2008-04-03,remote_event_centroid_with_isolated_pilot_pixel,low,65.603,Jalan Pemuda,primary,763467199,9685151096,7226690317,0,250,0.75,0.05,coarse-modis-250m,228900.374,0.965747,0.965747,0.0,0.0,0.0,unknown,excluded,event_context_not_jakarta
osm-9685151098-1696170853-0,DFO_3280_From_20080301_to_20080403,2008-03-01,2008-04-03,remote_event_centroid_with_isolated_pilot_pixel,low,16.38,Jalan Pemuda,primary,763467199,9685151098,1696170853,0,250,0.75,0.05,coarse-modis-250m,204273.131,0.962281,0.962281,0.0,0.0,0.0,unknown,excluded,event_context_not_jakarta
osm-9691407991-4999344155-0,DFO_3280_From_20080301_to_20080403,2008-03-01,2008-04-03,remote_event_centroid_with_isolated_pilot_pixel,low,100.835,Jalan Radin Inten,primary,119909339,9691407991,4999344155,0,250,0.75,0.05,coarse-modis-250m,246526.977,0.967732,0.967732,0.0,0.0,0.0,unknown,excluded,event_context_not_jakarta
osm-9694163554-329975504-0,DFO_3280_From_20080301_to_20080403,2008-03-01,2008-04-03,remote_event_centroid_with_isolated_pilot_pixel,low,54.714,Jalan Pemuda,primary,1053249591,9694163554,329975504,0,250,0.75,0.05,coarse-modis-250m,223452.15,0.965003,0.965003,0.0,0.0,0.0,unknown,excluded,event_context_not_jakarta
osm-9694163557-9694163554-0,DFO_3280_From_20080301_to_20080403,2008-03-01,2008-04-03,remote_event_centroid_with_isolated_pilot_pixel,low,15.865,Jalan Pemuda,primary,1053249591,9694163557,9694163554,0,250,0.75,0.05,coarse-modis-250m,204015.45,0.962282,0.962282,0.0,0.0,0.0,unknown,excluded,event_context_not_jakarta
osm-9694832554-2400147489-0,DFO_3280_From_20080301_to_20080403,2008-03-01,2008-04-03,remote_event_centroid_with_isolated_pilot_pixel,low,8.521,Jalan Kyai Haji Mas Mansyur,primary,1253507713,9694832554,2400147489,0,250,0.75,0.05,coarse-modis-250m,200341.548,0.961561,0.961561,0.0,0.0,0.0,unknown,excluded,event_context_not_jakarta
osm-9694871645-315712497-0,DFO_3280_From_20080301_to_20080403,2008-03-01,2008-04-03,remote_event_centroid_with_isolated_pilot_pixel,low,11.058,Jalan Gunung Sahari Raya,primary,634085906,9694871645,315712497,0,250,0.75,0.05,coarse-modis-250m,201610.632,0.961742,0.961742,0.0,0.0,0.0,unknown,excluded,event_context_not_jakarta
osm-9695041529-9699963787-0,DFO_3280_From_20080301_to_20080403,2008-03-01,2008-04-03,remote_event_centroid_with_isolated_pilot_pixel,low,100.514,Jalan Mitra Sunter Boulevard,secondary,696654482,9695041529,9699963787,0,250,0.75,0.05,coarse-modis-250m,246361.302,0.967741,0.967741,0.0,0.0,0.0,unknown,excluded,event_context_not_jakarta
osm-9695095403-13682180792-0,DFO_3280_From_20080301_to_20080403,2008-03-01,2008-04-03,remote_event_centroid_with_isolated_pilot_pixel,low,98.646,Jalan Pos,secondary,28706110,9695095403,13682180792,0,250,0.75,0.05,coarse-modis-250m,245430.64,0.967844,0.967844,0.0,0.0,0.0,unknown,excluded,event_context_not_jakarta
osm-9695103618-4925793717-0,DFO_3280_From_20080301_to_20080403,2008-03-01,2008-04-03,remote_event_centroid_with_isolated_pilot_pixel,low,43.455,Jalan Pos,secondary,28706110,9695103618,4925793717,0,250,0.75,0.05,coarse-modis-250m,217819.382,0.964272,0.964272,0.0,0.0,0.0,unknown,excluded,event_context_not_jakarta
osm-9696714817-8609186468-0,DFO_3280_From_20080301_to_20080403,2008-03-01,2008-04-03,remote_event_centroid_with_isolated_pilot_pixel,low,10.587,Jalan Salemba Raya,primary,815231911,9696714817,8609186468,0,250,0.75,0.05,coarse-modis-250m,201375.074,0.962827,0.962827,0.0,0.0,0.0,unknown,excluded,event_context_not_jakarta
osm-9696758894-7756197690-0,DFO_3280_From_20080301_to_20080403,2008-03-01,2008-04-03,remote_event_centroid_with_isolated_pilot_pixel,low,3.056,Jalan Salemba Raya,primary,689177647,9696758894,7756197690,0,250,0.75,0.05,coarse-modis-250m,197607.146,0.961028,0.961028,0.0,0.0,0.0,unknown,excluded,event_context_not_jakarta
osm-9697006214-7120512601-0,DFO_3280_From_20080301_to_20080403,2008-03-01,2008-04-03,remote_event_centroid_with_isolated_pilot_pixel,low,82.207,Jalan Pejompongan,primary,320137104|768031660,9697006214,7120512601,0,250,0.75,0.05,coarse-modis-250m,235292.35,0.972278,0.972278,0.0,0.0,0.0,unknown,excluded,event_context_not_jakarta
osm-9699963783-9695041529-0,DFO_3280_From_20080301_to_20080403,2008-03-01,2008-04-03,remote_event_centroid_with_isolated_pilot_pixel,low,60.609,Jalan Mitra Sunter Boulevard,secondary,696654482,9699963783,9695041529,0,250,0.75,0.05,coarse-modis-250m,226401.851,0.965427,0.965427,0.0,0.0,0.0,unknown,excluded,event_context_not_jakarta
osm-9699963787-9625680832-0,DFO_3280_From_20080301_to_20080403,2008-03-01,2008-04-03,remote_event_centroid_with_isolated_pilot_pixel,low,12.398,Jalan Mitra Sunter Boulevard,secondary,696654482,9699963787,9625680832,0,250,0.75,0.05,coarse-modis-250m,202281.149,0.961958,0.961958,0.0,0.0,0.0,unknown,excluded,event_context_not_jakarta
osm-9708579924-12798366960-0,DFO_3280_From_20080301_to_20080403,2008-03-01,2008-04-03,remote_event_centroid_with_isolated_pilot_pixel,low,5.307,Jalan Salemba Raya,primary,28715955,9708579924,12798366960,0,250,0.75,0.05,coarse-modis-250m,198733.355,0.961297,0.961297,0.0,0.0,0.0,unknown,excluded,event_context_not_jakarta
