segment_id,event_id,role,segment_length_meters,highway,valid_coverage_fraction,permanent_water_fraction,flood_fraction,inundated_length_meters,vv_delta_db,vh_delta_db,label,confidence,exclusion_reason
osm-29938988-6552109327-0,jakarta-20200101,train,39.851,primary,1.0,0.0,0.0,0.0,-0.203093,0.324797,negative,medium,
osm-29939141-8500012435-0,jakarta-20200101,train,58.856,secondary,1.0,0.0,0.0,0.0,1.236181,-0.673008,negative,medium,
osm-29939142-2032872437-0,jakarta-20200101,train,86.317,secondary,1.0,0.0,0.0,0.0,1.743786,-0.440407,negative,medium,
osm-29939143-5674017477-0,jakarta-20200101,train,11.596,secondary,1.0,0.0,0.0,0.0,-0.212384,-0.836853,negative,medium,
osm-29939144-9013899871-0,jakarta-20200101,train,72.513,secondary,1.0,0.0,0.0,0.0,-0.065091,0.504945,negative,medium,
osm-29939146-1173954328-0,jakarta-20200101,train,25.539,secondary,1.0,0.0,0.0,0.0,1.170796,-0.247235,negative,medium,
osm-29939148-1173954346-0,jakarta-20200101,train,12.054,secondary,1.0,0.0,0.0,0.0,0.293953,0.472748,negative,medium,
osm-29939154-7120383659-0,jakarta-20200101,train,7.532,primary,1.0,0.0,0.0,0.0,-1.566418,-1.358238,negative,medium,
osm-29939156-318538221-0,jakarta-20200101,train,217.601,secondary,1.0,0.0,0.0,0.0,1.277953,-1.275927,negative,medium,
osm-29939156-2363808979-0,jakarta-20200101,train,11.495,primary,1.0,0.0,0.0,0.0,1.965218,-0.996987,negative,medium,
osm-29939211-7120318185-0,jakarta-20200101,train,26.654,primary,1.0,0.0,0.0,0.0,3.060101,-0.586166,negative,medium,
osm-95006360-5492419263-0,jakarta-20200101,train,60.513,trunk,1.0,0.0,0.0,0.0,1.081188,0.714374,negative,medium,
osm-95006366-5492419187-0,jakarta-20200101,train,46.314,trunk,1.0,0.0,0.0,0.0,2.326801,-0.828108,negative,medium,
osm-95010735-1133343805-0,jakarta-20200101,train,84.617,trunk,1.0,0.0,0.0,0.0,0.811294,1.343133,negative,medium,
osm-95010751-13798957263-0,jakarta-20200101,train,93.771,trunk,1.0,0.0,0.0,0.0,2.387952,-0.605041,negative,medium,
osm-95022384-95022385-0,jakarta-20200101,train,66.282,trunk,1.0,0.0,0.0,0.0,-0.546658,-0.41378,negative,medium,
osm-95022385-4152867689-0,jakarta-20200101,train,78.712,trunk,1.0,0.0,0.0,0.0,-0.290143,0.061993,negative,medium,
osm-95022385-5652800252-0,jakarta-20200101,train,59.872,primary,1.0,0.0,0.0,0.0,0.240174,0.009756,negative,medium,
osm-103363767-1757800816-0,jakarta-20200101,train,28.666,trunk,1.0,0.0,0.0,0.0,-1.712901,-1.329715,negative,medium,
osm-104356356-13456652649-0,jakarta-20200101,train,73.169,trunk,1.0,0.0,0.0,0.0,-0.223698,-0.302282,negative,medium,
osm-104356359-9491482902-0,jakarta-20200101,train,30.169,trunk,1.0,0.0,0.0,0.0,0.365022,-0.672,negative,medium,
osm-104363249-4886801320-0,jakarta-20200101,train,25.737,primary,1.0,0.0,0.0,0.0,1.173521,0.802647,negative,medium,
osm-104364332-6359768001-0,jakarta-20200101,train,9.315,primary,1.0,0.0,0.0,0.0,0.026794,-2.559629,negative,medium,
osm-104364332-6359768003-0,jakarta-20200101,train,62.361,secondary,1.0,0.0,0.0,0.0,0.110494,-2.204984,negative,medium,
osm-104364334-318097259-0,jakarta-20200101,train,148.177,primary,1.0,0.0,0.0,0.0,0.675401,-0.869359,negative,medium,
osm-104364335-13623841217-0,jakarta-20200101,train,59.856,primary,1.0,0.0,0.0,0.0,-0.496493,-0.566378,negative,medium,
osm-104366006-8796979647-0,jakarta-20200101,train,143.704,secondary,1.0,0.0,0.0,0.0,-1.109899,-0.324803,negative,medium,
osm-104366013-191505885-0,jakarta-20200101,train,32.396,secondary,1.0,0.0,0.0,0.0,1.345737,0.598916,negative,medium,
osm-104367576-13720920968-0,jakarta-20200101,train,18.943,primary,1.0,0.0,0.0,0.0,0.866993,-1.224258,negative,medium,
osm-104367971-5006647254-0,jakarta-20200101,train,79.47,primary,1.0,0.0,0.0,0.0,0.459644,0.695183,negative,medium,
osm-104369586-8992056526-0,jakarta-20200101,train,15.028,primary,1.0,0.0,0.0,0.0,-0.645963,-1.777407,negative,medium,
osm-104379008-9619896326-0,jakarta-20200101,train,54.8,primary,1.0,0.0,0.0,0.0,-0.369382,-0.214196,negative,medium,
osm-104379010-13016877290-0,jakarta-20200101,train,41.885,primary,1.0,0.0,0.0,0.0,0.857217,-1.164426,negative,medium,
osm-104379014-4780597176-0,jakarta-20200101,train,32.664,primary,1.0,0.0,0.0,0.0,-0.825593,-3.723265,negative,medium,
osm-104379022-2872136862-0,jakarta-20200101,train,49.296,primary,1.0,0.0,0.0,0.0,0.071104,0.700538,negative,medium,
osm-104379024-5379957272-0,jakarta-20200101,train,62.452,primary,1.0,0.0,0.0,0.0,0.113501,0.119616,negative,medium,
osm-124093320-315207989-0,jakarta-20200101,train,21.639,primary,1.0,0.0,0.0,0.0,-0.59257,0.658796,negative,medium,
osm-186669834-13699094545-0,jakarta-20200101,train,14.091,primary,1.0,0.0,0.0,0.0,1.76567,0.281326,negative,medium,
osm-186849138-1663918523-0,jakarta-20200101,train,22.832,secondary,1.0,0.0,0.0,0.0,0.86802,-0.585376,negative,medium,
osm-186871952-5671317482-0,jakarta-20200101,train,55.089,primary,1.0,0.0,0.0,0.0,0.718337,0.781036,negative,medium,
osm-186871954-7249176145-0,jakarta-20200101,train,6.117,primary,1.0,0.0,0.0,0.0,2.31576,0.727356,negative,medium,
osm-186894208-104364334-0,jakarta-20200101,train,32.235,primary,1.0,0.0,0.0,0.0,0.524475,-0.433732,negative,medium,
osm-191505875-7595258503-0,jakarta-20200101,train,430.778,secondary,1.0,0.0,0.0,0.0,0.79369,0.592685,negative,medium,
osm-191505885-13717294231-0,jakarta-20200101,train,28.644,secondary,1.0,0.0,0.0,0.0,-0.39928,0.610055,negative,medium,
osm-191505992-5372018440-0,jakarta-20200101,train,7.15,secondary,1.0,0.0,0.0,0.0,-0.768221,0.169512,negative,medium,
osm-191506029-5009351128-0,jakarta-20200101,train,19.736,secondary,1.0,0.0,0.0,0.0,-0.201284,0.45008,negative,medium,
osm-191578995-8992744188-0,jakarta-20200101,train,58.713,primary,1.0,0.0,0.0,0.0,0.233947,0.638465,negative,medium,
osm-302230529-8789425687-0,jakarta-20200101,train,48.071,primary,1.0,0.0,0.0,0.0,0.709835,-1.16646,negative,medium,
osm-302230530-7509918738-0,jakarta-20200101,train,7.901,primary,1.0,0.0,0.0,0.0,0.433261,-1.072313,negative,medium,
osm-308981968-11925112167-0,jakarta-20200101,train,29.272,tertiary,1.0,0.0,0.0,0.0,0.32548,-1.135951,negative,medium,
osm-308981969-8488635421-0,jakarta-20200101,train,59.189,tertiary,1.0,0.0,0.0,0.0,1.673099,0.016422,negative,medium,
osm-308981972-13456437803-0,jakarta-20200101,train,34.965,tertiary,1.0,0.0,0.0,0.0,1.449376,1.088852,negative,medium,
osm-309086906-3723634710-0,jakarta-20200101,train,571.521,motorway,1.0,0.0,0.0,0.0,-1.055631,-0.510321,negative,medium,
osm-309687605-5388328959-0,jakarta-20200101,train,74.962,tertiary,1.0,0.0,0.0,0.0,0.263456,-1.21734,negative,medium,
osm-309712345-13102843717-0,jakarta-20200101,train,10.975,trunk,1.0,0.0,0.0,0.0,1.039973,-0.116334,negative,medium,
osm-309714207-388240367-0,jakarta-20200101,train,21.303,trunk,1.0,0.0,0.0,0.0,-1.154407,-1.044455,negative,medium,
osm-309716308-9465024317-0,jakarta-20200101,train,1362.48,motorway,1.0,0.0,0.0,0.0,-0.253991,-0.813359,negative,medium,
osm-309824120-309716308-0,jakarta-20200101,train,1179.967,motorway,1.0,0.0,0.0,0.0,0.621645,0.371448,negative,medium,
osm-309824174-5671045991-0,jakarta-20200101,train,1609.585,motorway,1.0,0.0,0.0,0.0,-0.230025,-0.570262,negative,medium,
osm-309825163-3723599608-0,jakarta-20200101,train,102.221,motorway,1.0,0.0,0.0,0.0,-0.960034,0.353751,negative,medium,
osm-309880841-6797982811-0,jakarta-20200101,train,225.811,motorway_link,1.0,0.0,0.0,0.0,-1.590526,-1.792094,negative,medium,
osm-309941624-8478023954-0,jakarta-20200101,train,121.379,primary,1.0,0.0,0.0,0.0,0.648856,0.076709,negative,medium,
osm-309941703-11919728419-0,jakarta-20200101,train,40.319,primary,1.0,0.0,0.0,0.0,0.351691,0.065747,negative,medium,
osm-309950695-4867479520-0,jakarta-20200101,train,28.181,primary,1.0,0.0,0.0,0.0,-1.866383,-0.744976,negative,medium,
osm-310003265-5379992807-0,jakarta-20200101,train,56.277,tertiary,1.0,0.0,0.0,0.0,1.138128,1.894726,negative,medium,
osm-310003828-352961150-0,jakarta-20200101,train,65.364,tertiary,1.0,0.0,0.0,0.0,1.174039,0.155319,negative,medium,
osm-310005821-8811305451-0,jakarta-20200101,train,81.047,primary,1.0,0.0,0.0,0.0,0.336753,-1.228667,negative,medium,
osm-310008087-317756351-0,jakarta-20200101,train,18.192,primary,1.0,0.0,0.0,0.0,0.551264,-0.984456,negative,medium,
osm-310042746-5377177693-0,jakarta-20200101,train,57.658,primary,1.0,0.0,0.0,0.0,0.786716,1.557909,negative,medium,
osm-310047835-9645211400-0,jakarta-20200101,train,14.041,trunk,1.0,0.0,0.0,0.0,-0.217214,0.927387,negative,medium,
osm-310048098-309825163-0,jakarta-20200101,train,1454.282,motorway,1.0,0.0,0.0,0.0,-0.011655,-0.645426,negative,medium,
osm-310048835-5023930574-0,jakarta-20200101,train,26.648,trunk,1.0,0.0,0.0,0.0,0.891293,-0.550381,negative,medium,
osm-310048835-6451500598-0,jakarta-20200101,train,16.273,primary,1.0,0.0,0.0,0.0,1.556606,-0.259585,negative,medium,
osm-310052525-1757800787-0,jakarta-20200101,train,850.286,motorway_link,1.0,0.0,0.0,0.0,0.030962,-0.565311,negative,medium,
osm-310080557-9648055038-0,jakarta-20200101,train,22.313,trunk,1.0,0.0,0.0,0.0,-0.385263,-0.046684,negative,medium,
osm-310327453-6978547983-0,jakarta-20200101,train,146.114,trunk,1.0,0.0,0.0,0.0,-0.440648,-0.777268,negative,medium,
osm-310327514-7576918586-0,jakarta-20200101,train,2484.015,motorway,1.0,0.0,0.000263,0.653,-0.073214,-0.592466,negative,medium,
osm-310327514-9498062303-0,jakarta-20200101,train,485.166,motorway_link,1.0,0.0,0.0,0.0,0.22679,-0.746012,negative,medium,
osm-315198778-13033996655-0,jakarta-20200101,train,10.33,primary,1.0,0.0,0.0,0.0,0.157764,-1.072245,negative,medium,
osm-315207989-5668256808-0,jakarta-20200101,train,24.165,primary,1.0,0.0,0.0,0.0,0.262447,0.997475,negative,medium,
osm-315207989-13525649841-0,jakarta-20200101,train,24.532,primary,1.0,0.0,0.0,0.0,0.163171,1.280183,negative,medium,
osm-315208899-324851729-0,jakarta-20200101,train,370.895,trunk,1.0,0.0,0.0,0.0,0.597819,-0.35463,negative,medium,
osm-315305416-13456804471-0,jakarta-20200101,train,2.211,tertiary,1.0,0.0,0.0,0.0,1.385954,-0.763345,negative,medium,
osm-315469600-9031322607-0,jakarta-20200101,train,15.741,primary,1.0,0.0,0.010062,0.158,-0.707235,-0.618202,negative,medium,
osm-315469626-9032054232-0,jakarta-20200101,train,18.29,primary,1.0,0.0,0.0,0.0,0.075451,-1.635755,negative,medium,
osm-315480467-9679167895-0,jakarta-20200101,train,17.675,primary,1.0,0.0,0.0,0.0,0.127511,-0.430739,negative,medium,
osm-315487156-5230379695-0,jakarta-20200101,train,76.703,primary,1.0,0.0,0.0,0.0,1.39528,0.188042,negative,medium,
osm-315546959-7098183581-0,jakarta-20200101,train,41.321,secondary,1.0,0.0,0.0,0.0,-0.346401,-0.812692,negative,medium,
osm-315547395-315546959-0,jakarta-20200101,train,37.491,secondary,1.0,0.0,0.0,0.0,-0.024861,-0.092569,negative,medium,
osm-315684305-4269900330-0,jakarta-20200101,train,30.862,secondary,1.0,0.0,0.0,0.0,0.992136,0.300898,negative,medium,
osm-315710860-29939156-0,jakarta-20200101,train,18.143,secondary,1.0,0.0,0.0,0.0,1.084066,-0.840975,negative,medium,
osm-315712058-315712135-0,jakarta-20200101,train,46.736,primary,1.0,0.0,0.0,0.0,4.761069,1.109442,negative,medium,
osm-315712135-13606177748-0,jakarta-20200101,train,81.37,primary,1.0,0.0,0.0,0.0,4.063949,2.425048,negative,medium,
osm-315712497-5354213822-0,jakarta-20200101,train,28.837,primary,1.0,0.0,0.0,0.0,0.566526,0.314064,negative,medium,
osm-315746130-13721019303-0,jakarta-20200101,train,18.228,primary,1.0,0.0,0.0,0.0,-0.260515,-0.45288,negative,medium,
osm-315746992-11199436896-0,jakarta-20200101,train,83.589,primary,1.0,0.0,0.0,0.0,-0.018032,-1.21812,negative,medium,
osm-316167893-9013032089-0,jakarta-20200101,train,48.198,residential,1.0,0.0,0.0,0.0,0.30346,-0.249482,negative,medium,
osm-316170709-329971830-0,jakarta-20200101,train,24.315,primary,1.0,0.0,0.0,0.0,0.956517,0.986498,negative,medium,
osm-316176020-310052525-0,jakarta-20200101,train,224.149,motorway_link,1.0,0.0,0.0,0.0,0.787725,-1.080343,negative,medium,
osm-316176020-1757800817-0,jakarta-20200101,train,311.158,motorway,1.0,0.0,0.0,0.0,0.440627,-1.029872,negative,medium,
osm-316266442-3723635058-0,jakarta-20200101,train,483.557,motorway_link,1.0,0.0,0.0,0.0,-0.434238,-0.633084,negative,medium,
osm-316374560-4990059009-0,jakarta-20200101,train,166.499,primary,1.0,0.0,0.0,0.0,0.667113,-0.14082,negative,medium,
osm-316374561-4548266741-0,jakarta-20200101,train,29.69,primary,1.0,0.0,0.0,0.0,-0.183099,-0.009122,negative,medium,
osm-316374585-4548266748-0,jakarta-20200101,train,116.963,primary,1.0,0.0,0.0,0.0,0.331974,-0.559496,negative,medium,
osm-316374594-430546287-0,jakarta-20200101,train,491.6,primary,1.0,0.0,0.0,0.0,0.394228,-0.292092,negative,medium,
osm-316374602-4836037554-0,jakarta-20200101,train,244.677,primary,1.0,0.0,0.0,0.0,-0.085022,-0.543104,negative,medium,
osm-316374654-316374658-0,jakarta-20200101,train,57.501,primary,1.0,0.0,0.0,0.0,0.132487,-1.231495,negative,medium,
osm-316374658-7120440781-0,jakarta-20200101,train,21.599,primary,1.0,0.0,0.0,0.0,-0.007697,-0.229535,negative,medium,
osm-316395244-4466384616-0,jakarta-20200101,train,24.288,trunk,1.0,0.0,0.0,0.0,-0.117138,-0.808438,negative,medium,
osm-316395244-4466384617-0,jakarta-20200101,train,42.353,trunk,1.0,0.0,0.0,0.0,-1.050682,-0.786437,negative,medium,
osm-316395267-316395268-0,jakarta-20200101,train,24.955,trunk,1.0,0.0,0.0,0.0,0.983692,0.80373,negative,medium,
osm-316395268-5388212558-0,jakarta-20200101,train,41.341,trunk,1.0,0.0,0.0,0.0,-0.292881,-0.219448,negative,medium,
osm-316412093-11329756328-0,jakarta-20200101,train,51.944,primary,1.0,0.0,0.0,0.0,-0.314337,-0.179077,negative,medium,
osm-316412129-316412130-0,jakarta-20200101,train,145.025,primary,1.0,0.0,0.0,0.0,0.168694,0.771026,negative,medium,
osm-316412130-6531806778-0,jakarta-20200101,train,101.513,primary,1.0,0.0,0.0,0.0,0.006786,-0.351821,negative,medium,
osm-316412131-316412145-0,jakarta-20200101,train,13.489,primary,1.0,0.0,0.0,0.0,0.246449,-0.21573,negative,medium,
osm-316412145-4504091329-0,jakarta-20200101,train,124.609,primary,1.0,0.0,0.0,0.0,0.741938,0.139021,negative,medium,
osm-316412146-1320273025-0,jakarta-20200101,train,13.135,primary,1.0,0.0,0.0,0.0,1.208069,-2.191984,negative,medium,
osm-316486226-1782804903-0,jakarta-20200101,train,1345.635,motorway,1.0,0.0,0.0,0.0,0.95736,0.577669,negative,medium,
osm-316486288-7120831201-0,jakarta-20200101,train,8.413,trunk,1.0,0.0,0.0,0.0,1.091612,-0.843361,negative,medium,
osm-316486305-1139156749-0,jakarta-20200101,train,41.19,trunk_link,1.0,0.0,0.0,0.0,-1.61174,-1.635321,negative,medium,
osm-316742986-329948880-0,jakarta-20200101,train,596.589,trunk,1.0,0.0,0.0,0.0,0.275625,-0.005651,negative,medium,
osm-317156534-9507227664-0,jakarta-20200101,train,27.825,primary,1.0,0.0,0.0,0.0,-1.493941,0.172694,negative,medium,
osm-317156584-11384905237-0,jakarta-20200101,train,303.728,primary,1.0,0.0,0.0,0.0,0.820644,1.055782,negative,medium,
osm-317156628-5653336499-0,jakarta-20200101,train,33.045,primary,1.0,0.0,0.0,0.0,-0.082425,-0.078215,negative,medium,
osm-317156630-9027876825-0,jakarta-20200101,train,4.398,primary,1.0,0.0,0.0,0.0,0.583079,0.320452,negative,medium,
osm-317156632-317156630-0,jakarta-20200101,train,72.996,primary,1.0,0.0,0.0,0.0,0.919452,0.248233,negative,medium,
osm-317156649-317182651-0,jakarta-20200101,train,617.237,primary,1.0,0.0,0.0,0.0,0.553783,-0.011959,negative,medium,
osm-317157768-4871938615-0,jakarta-20200101,train,155.083,primary,1.0,0.0,0.0,0.0,-0.255933,-1.219534,negative,medium,
osm-317179522-5189841649-0,jakarta-20200101,train,22.616,tertiary,1.0,0.0,0.0,0.0,-0.596755,-0.883576,negative,medium,
osm-317180499-10092530702-0,jakarta-20200101,train,15.193,primary,1.0,0.0,0.0,0.0,2.64359,0.634512,negative,medium,
osm-317182284-317156632-0,jakarta-20200101,train,631.093,primary,1.0,0.0,0.0,0.0,0.500375,-0.197579,negative,medium,
osm-317182368-13618074118-0,jakarta-20200101,train,121.807,primary,1.0,0.0,0.0,0.0,0.502873,0.025419,negative,medium,
osm-317182380-5380240433-0,jakarta-20200101,train,257.117,primary,1.0,0.0,0.0,0.0,1.017082,0.58706,negative,medium,
osm-317182651-317182380-0,jakarta-20200101,train,87.992,primary,1.0,0.0,0.0,0.0,0.796999,-0.606301,negative,medium,
osm-317190987-352913852-0,jakarta-20200101,train,89.246,primary,1.0,0.0,0.0,0.0,-0.257163,0.123318,negative,medium,
osm-317190987-6370527439-0,jakarta-20200101,train,821.503,primary,1.0,0.0,0.0,0.0,0.499138,0.35346,negative,medium,
osm-317191266-317191321-0,jakarta-20200101,train,41.251,primary_link,1.0,0.0,0.0,0.0,2.029901,-0.147738,negative,medium,
osm-317191321-13771612756-0,jakarta-20200101,train,62.436,primary,1.0,0.0,0.0,0.0,0.958885,-0.746658,negative,medium,
osm-317193936-9515510319-0,jakarta-20200101,train,177.912,primary,1.0,0.0,0.0,0.0,-0.315751,0.080592,negative,medium,
osm-317196043-7029563618-0,jakarta-20200101,train,202.602,primary,1.0,0.0,0.0,0.0,0.027016,0.992505,negative,medium,
osm-317349873-5379667478-0,jakarta-20200101,train,34.714,trunk,1.0,0.0,0.0,0.0,0.363456,-0.769861,negative,medium,
osm-317349914-5379667437-0,jakarta-20200101,train,101.748,trunk,1.0,0.0,0.0,0.0,-0.344057,-1.662563,negative,medium,
osm-317417610-4948526884-0,jakarta-20200101,train,251.54,primary,1.0,0.0,0.0,0.0,0.030821,-0.002898,negative,medium,
osm-317417833-9491424126-0,jakarta-20200101,train,63.573,trunk,1.0,0.0,0.0,0.0,1.202191,1.144268,negative,medium,
osm-317756351-13653320894-0,jakarta-20200101,train,89.597,primary,1.0,0.0,0.0,0.0,-0.431155,0.083736,negative,medium,
osm-317958545-7120310389-0,jakarta-20200101,train,35.796,primary,1.0,0.0,0.0,0.0,0.700754,1.005795,negative,medium,
osm-317987901-317958545-0,jakarta-20200101,train,393.501,primary,1.0,0.0,0.0,0.0,0.475787,-0.120721,negative,medium,
osm-318097237-13623874475-0,jakarta-20200101,train,9.024,primary,1.0,0.0,0.0,0.0,0.079828,1.787253,negative,medium,
osm-318097259-13624041399-0,jakarta-20200101,train,65.219,primary,1.0,0.0,0.0,0.0,1.96569,0.142678,negative,medium,
osm-318168808-316167893-0,jakarta-20200101,train,19.826,secondary,1.0,0.0,0.0,0.0,-0.005617,-0.858218,negative,medium,
osm-318538221-29939148-0,jakarta-20200101,train,10.99,secondary,1.0,0.0,0.0,0.0,0.014442,-0.093562,negative,medium,
osm-318538221-5374199556-0,jakarta-20200101,train,9.456,secondary,1.0,0.0,0.0,0.0,-0.141375,-0.262014,negative,medium,
osm-318548947-8499454046-0,jakarta-20200101,train,118.46,secondary,1.0,0.0,0.0,0.0,-0.304263,0.418859,negative,medium,
osm-320021668-4800795887-0,jakarta-20200101,train,52.481,primary,1.0,0.0,0.0,0.0,0.033881,0.534803,negative,medium,
osm-321722198-317156649-0,jakarta-20200101,train,77.731,primary,1.0,0.0,0.0,0.0,0.670154,0.058589,negative,medium,
osm-324275961-316395267-0,jakarta-20200101,train,150.453,trunk,1.0,0.0,0.0,0.0,1.698636,0.397279,negative,medium,
osm-324276002-5665581665-0,jakarta-20200101,train,517.952,trunk,1.0,0.0,0.0,0.0,0.599716,-0.203935,negative,medium,
osm-324851729-5673864834-0,jakarta-20200101,train,36.502,trunk,1.0,0.0,0.0,0.0,0.830964,-0.506572,negative,medium,
osm-326484049-5490135579-0,jakarta-20200101,train,127.681,primary,1.0,0.0,0.0,0.0,0.327276,0.701695,negative,medium,
osm-326484130-8749112680-0,jakarta-20200101,train,10.024,primary,1.0,0.0,0.0,0.0,-0.126054,0.146329,negative,medium,
osm-326484153-326484130-0,jakarta-20200101,train,77.099,primary,1.0,0.0,0.0,0.0,0.2626,-0.307914,negative,medium,
osm-326484165-326484153-0,jakarta-20200101,train,14.589,primary,1.0,0.0,0.0,0.0,0.495501,0.335607,negative,medium,
osm-326484242-1709500939-0,jakarta-20200101,train,95.713,primary,1.0,0.0,0.0,0.0,-0.2235,-0.622748,negative,medium,
osm-326484330-4842902746-0,jakarta-20200101,train,184.882,primary,1.0,0.0,0.0,0.0,0.020659,-0.04375,negative,medium,
osm-326484370-7046982976-0,jakarta-20200101,train,21.074,primary,1.0,0.0,0.0,0.0,0.427806,-0.905681,negative,medium,
osm-328320081-1423006391-0,jakarta-20200101,train,226.433,trunk,1.0,0.0,0.0,0.0,0.653988,0.010214,negative,medium,
osm-328320159-5662546639-0,jakarta-20200101,train,223.077,primary,1.0,0.0,0.0,0.0,0.562872,0.019196,negative,medium,
osm-328336623-5459161492-0,jakarta-20200101,train,341.85,trunk,1.0,0.0,0.0,0.0,0.688343,0.262822,negative,medium,
osm-328876219-9013840120-0,jakarta-20200101,train,43.064,primary,1.0,0.0,0.0,0.0,1.263096,-0.655166,negative,medium,
osm-328965954-316374561-0,jakarta-20200101,train,31.338,primary,1.0,0.0,0.0,0.0,-0.153249,0.693505,negative,medium,
osm-329019268-6219014696-0,jakarta-20200101,train,10.145,primary,1.0,0.0,0.0,0.0,0.503489,-0.205513,negative,medium,
osm-329019970-9013891783-0,jakarta-20200101,train,136.128,primary,1.0,0.0,0.0,0.0,-0.269365,-0.487737,negative,medium,
osm-329948880-316266442-0,jakarta-20200101,train,11.718,trunk,1.0,0.0,0.0,0.0,0.829489,0.368706,negative,medium,
osm-329967924-4751894442-0,jakarta-20200101,train,13.396,primary,1.0,0.0,0.0,0.0,-1.105592,-0.920294,negative,medium,
osm-329968512-1682808537-0,jakarta-20200101,train,162.391,primary,1.0,0.0,0.0,0.0,-0.439258,-0.271998,negative,medium,
osm-329969014-5662335002-0,jakarta-20200101,train,90.047,primary,1.0,0.0,0.0,0.0,-0.422556,-1.676963,negative,medium,
osm-329971830-4749962821-0,jakarta-20200101,train,206.905,primary,1.0,0.0,0.0,0.0,1.051146,-0.01561,negative,medium,
osm-329975504-5662309002-0,jakarta-20200101,train,219.725,primary,1.0,0.0,0.0,0.0,0.240265,-0.094416,negative,medium,
osm-329975510-7131701881-0,jakarta-20200101,train,17.922,primary,1.0,0.0,0.0,0.0,0.446012,1.110202,negative,medium,
osm-330177825-5380113845-0,jakarta-20200101,train,57.075,primary,1.0,0.0,0.0,0.0,-0.052014,0.529988,negative,medium,
osm-330409714-7232143502-0,jakarta-20200101,train,675.739,service,1.0,0.0,0.0,0.0,1.552863,0.57597,negative,medium,
osm-332341344-5506920631-0,jakarta-20200101,train,30.273,residential,1.0,0.0,0.0,0.0,1.473269,0.072577,negative,medium,
osm-332517701-5671006775-0,jakarta-20200101,train,72.44,trunk,1.0,0.0,0.0,0.0,-0.148304,-0.341213,negative,medium,
osm-332526386-316176020-0,jakarta-20200101,train,2802.024,motorway,1.0,0.0,0.0,0.0,0.54849,-0.241157,negative,medium,
osm-332526397-332526399-0,jakarta-20200101,train,41.86,primary_link,1.0,0.0,0.0,0.0,-1.096616,-0.478019,negative,medium,
osm-332526399-4551163746-0,jakarta-20200101,train,71.584,primary,1.0,0.0,0.0,0.0,1.362934,-0.381786,negative,medium,
osm-347509493-191505875-0,jakarta-20200101,train,6.128,secondary,1.0,0.0,0.0,0.0,0.233511,0.925125,negative,medium,
osm-351116570-393856976-0,jakarta-20200101,train,45.065,secondary,1.0,0.0,0.0,0.0,1.039743,0.016404,negative,medium,
osm-352897075-352897081-0,jakarta-20200101,train,50.774,primary,1.0,0.0,0.0,0.0,-0.490124,0.36039,negative,medium,
osm-352897081-9561821845-0,jakarta-20200101,train,18.529,primary,1.0,0.0,0.0,0.0,-1.143985,-2.224176,negative,medium,
osm-352897085-13772607350-0,jakarta-20200101,train,85.347,primary,1.0,0.0,0.0,0.0,0.206248,-0.570348,negative,medium,
osm-352913456-8772028147-0,jakarta-20200101,train,58.448,primary,1.0,0.0,0.0,0.0,0.492007,-0.079291,negative,medium,
osm-352913852-317191266-0,jakarta-20200101,train,161.341,primary,1.0,0.0,0.0,0.0,0.085897,-0.250707,negative,medium,
osm-352915237-4776087446-0,jakarta-20200101,train,45.8,primary,1.0,0.0,0.0,0.0,0.380378,-0.535292,negative,medium,
osm-352961150-9016841536-0,jakarta-20200101,train,41.376,tertiary,1.0,0.0,0.0,0.0,0.992402,0.128954,negative,medium,
osm-353136203-13456492331-0,jakarta-20200101,train,47.47,primary,1.0,0.0,0.0,0.0,-0.172598,1.347631,negative,medium,
osm-388023277-5670939322-0,jakarta-20200101,train,45.472,trunk,1.0,0.0,0.0,0.0,-0.012579,-1.029246,negative,medium,
osm-388240366-6546950357-0,jakarta-20200101,train,127.261,trunk,1.0,0.0,0.0,0.0,0.027539,-1.458572,negative,medium,
osm-388240367-388240366-0,jakarta-20200101,train,150.245,trunk,1.0,0.0,0.0,0.0,0.115076,-1.054052,negative,medium,
osm-393856973-6322395865-0,jakarta-20200101,train,16.736,secondary,1.0,0.0,0.0,0.0,0.265576,1.093148,negative,medium,
osm-393856974-10732635788-0,jakarta-20200101,train,29.015,secondary,1.0,0.0,0.0,0.0,0.927487,1.570809,negative,medium,
osm-393856976-3709514014-0,jakarta-20200101,train,53.276,secondary,1.0,0.0,0.0,0.0,0.584986,-0.451101,negative,medium,
osm-393861915-6322396585-0,jakarta-20200101,train,20.989,secondary,1.0,0.0,0.0,0.0,-0.156092,0.85262,negative,medium,
osm-430546287-12736661061-0,jakarta-20200101,train,69.246,primary,1.0,0.0,0.0,0.0,0.161382,-1.447595,negative,medium,
osm-430546294-430546307-0,jakarta-20200101,train,20.054,secondary,1.0,0.0,0.0,0.0,0.844885,-0.975189,negative,medium,
osm-430546307-430546319-0,jakarta-20200101,train,18.659,secondary,1.0,0.0,0.0,0.0,0.385193,-0.781521,negative,medium,
osm-430546319-12754553920-0,jakarta-20200101,train,26.941,secondary,1.0,0.0,0.0,0.0,-0.057503,-0.596308,negative,medium,
osm-454066598-4502070108-0,jakarta-20200101,train,16.805,secondary,1.0,0.0,0.0,0.0,-0.265969,0.139483,negative,medium,
osm-504912724-7122843809-0,jakarta-20200101,train,102.848,secondary,1.0,0.0,0.0,0.0,-0.220698,-1.206213,negative,medium,
osm-519545266-1993475640-0,jakarta-20200101,train,30.074,trunk,1.0,0.0,0.0,0.0,1.728767,0.365934,negative,medium,
osm-1133343792-1133343793-0,jakarta-20200101,train,99.546,residential,1.0,0.0,0.0,0.0,-1.286933,0.524553,negative,medium,
osm-1133343793-1135179313-0,jakarta-20200101,train,85.151,tertiary,1.0,0.0,0.0,0.0,0.35596,-0.301119,negative,medium,
osm-1133343805-1133343793-0,jakarta-20200101,train,172.743,tertiary,1.0,0.0,0.0,0.0,-0.628282,-0.461849,negative,medium,
osm-1133676103-1334087929-0,jakarta-20200101,train,384.195,primary,1.0,0.0,0.0,0.0,0.312693,0.017885,negative,medium,
osm-1133676112-1133676103-0,jakarta-20200101,train,248.128,primary,1.0,0.0,0.0,0.0,0.516408,0.219873,negative,medium,
osm-1133676115-1133676116-0,jakarta-20200101,train,47.632,tertiary,1.0,0.0,0.0,0.0,0.344569,1.072344,negative,medium,
osm-1133676116-5391402284-0,jakarta-20200101,train,53.512,tertiary,1.0,0.0,0.0,0.0,0.604919,0.092922,negative,medium,
osm-1133676128-1133807077-0,jakarta-20200101,train,36.097,tertiary,1.0,0.0,0.0,0.0,0.814913,0.722296,negative,medium,
osm-1133806969-1133807093-0,jakarta-20200101,train,94.177,tertiary,1.0,0.0,0.0,0.0,-0.452277,-1.678224,negative,medium,
osm-1133806993-11455806150-0,jakarta-20200101,train,64.336,tertiary,1.0,0.0,0.0,0.0,-0.725989,-0.06358,negative,medium,
osm-1133807009-1133806993-0,jakarta-20200101,train,10.179,tertiary,1.0,0.0,0.0,0.0,0.478899,0.955643,negative,medium,
osm-1133807034-1133806969-0,jakarta-20200101,train,194.546,tertiary,1.0,0.0,0.0,0.0,-0.583041,-0.369538,negative,medium,
osm-1133807052-1133676128-0,jakarta-20200101,train,35.901,tertiary,1.0,0.0,0.0,0.0,-0.819671,0.049948,negative,medium,
osm-1133807065-1133807009-0,jakarta-20200101,train,50.706,tertiary,1.0,0.0,0.0,0.0,1.011901,-0.253268,negative,medium,
osm-1133807077-9642343610-0,jakarta-20200101,train,8.108,tertiary,1.0,0.0,0.0,0.0,1.709478,0.850939,negative,medium,
osm-1133807089-1133807052-0,jakarta-20200101,train,41.379,tertiary,1.0,0.0,0.0,0.0,-0.451343,-0.54763,negative,medium,
osm-1133807093-5513424002-0,jakarta-20200101,train,42.756,tertiary,1.0,0.0,0.0,0.0,0.290696,-0.942992,negative,medium,
osm-1134908642-5010888460-0,jakarta-20200101,train,102.85,primary,1.0,0.0,0.0,0.0,-0.244919,0.563237,negative,medium,
osm-1134953472-1133676115-0,jakarta-20200101,train,126.898,tertiary,1.0,0.0,0.0,0.0,-0.582071,-0.721608,negative,medium,
osm-1135179313-1135179348-0,jakarta-20200101,train,96.954,tertiary,1.0,0.0,0.0,0.0,-0.06491,0.169559,negative,medium,
osm-1135179348-4666246417-0,jakarta-20200101,train,9.529,tertiary,1.0,0.0,0.0,0.0,-0.458327,1.085115,negative,medium,
osm-1135179379-7229469661-0,jakarta-20200101,train,37.61,tertiary,1.0,0.0,0.0,0.0,1.26593,0.879714,negative,medium,
osm-1135179404-4800316713-0,jakarta-20200101,train,81.572,tertiary,1.0,0.0,0.0,0.0,-0.423555,0.425087,negative,medium,
osm-1135179421-13734886245-0,jakarta-20200101,train,6.239,tertiary,1.0,0.0,0.0,0.0,-0.140964,-0.341046,negative,medium,
osm-1135179424-13914133217-0,jakarta-20200101,train,5.251,tertiary,1.0,0.0,0.0,0.0,0.499513,-2.425472,negative,medium,
osm-1135190117-1138828395-0,jakarta-20200101,train,226.26,trunk,1.0,0.0,0.0,0.0,0.357681,0.008272,negative,medium,
osm-1135601912-5498027349-0,jakarta-20200101,train,33.226,primary,1.0,0.0,0.0,0.0,1.363107,0.05114,negative,medium,
osm-1138828395-316486288-0,jakarta-20200101,train,148.942,trunk,1.0,0.0,0.0,0.0,1.233093,-0.081594,negative,medium,
osm-1139139728-7260196327-0,jakarta-20200101,train,52.205,trunk,1.0,0.0,0.0,0.0,0.787339,0.243757,negative,medium,
osm-1139139742-7260204106-0,jakarta-20200101,train,20.07,trunk,1.0,0.0,0.0,0.0,2.060154,1.389574,negative,medium,
osm-1139140184-95006360-0,jakarta-20200101,train,29.076,trunk,1.0,0.0,0.0,0.0,2.259763,0.744789,negative,medium,
osm-1139156749-5492419221-0,jakarta-20200101,train,64.158,trunk,1.0,0.0,0.0,0.0,-0.900963,-1.945027,negative,medium,
osm-1150900577-12825987637-0,jakarta-20200101,train,50.743,trunk,1.0,0.0,0.004848,0.246,-1.86035,-1.190675,negative,medium,
osm-1161321036-316374594-0,jakarta-20200101,train,29.636,primary,1.0,0.0,0.0,0.0,-1.19588,-0.380107,negative,medium,
osm-1163404589-7156322369-0,jakarta-20200101,train,201.584,primary,1.0,0.0,0.0,0.0,-0.938011,-1.36917,negative,medium,
osm-1163404618-7120383655-0,jakarta-20200101,train,49.695,primary,1.0,0.0,0.0,0.0,0.510066,-1.786006,negative,medium,
osm-1163404654-316374585-0,jakarta-20200101,train,40.359,primary,1.0,0.0,0.0,0.0,-0.494303,-1.926086,negative,medium,
osm-1173954328-1174754069-0,jakarta-20200101,train,88.342,secondary,1.0,0.0,0.0,0.0,1.4582,0.740652,negative,medium,
osm-1173954346-13653307691-0,jakarta-20200101,train,100.16,secondary,1.0,0.0,0.0,0.0,1.965022,0.542118,negative,medium,
osm-1174754069-29939144-0,jakarta-20200101,train,49.844,secondary,1.0,0.0,0.0,0.0,0.819779,0.16925,negative,medium,
osm-1174777687-5065375426-0,jakarta-20200101,train,134.541,secondary,1.0,0.0,0.0,0.0,1.694661,0.21458,negative,medium,
osm-1249723074-7225096520-0,jakarta-20200101,train,22.045,primary,1.0,0.0,0.0,0.0,0.865717,-0.511047,negative,medium,
osm-1273189607-4566501796-0,jakarta-20200101,train,51.94,primary,1.0,0.0,0.0,0.0,-0.209765,0.639043,negative,medium,
osm-1275851646-104379024-0,jakarta-20200101,train,97.589,primary,1.0,0.0,0.0,0.0,0.28361,-0.722602,negative,medium,
osm-1311842311-9028008487-0,jakarta-20200101,train,76.19,primary,1.0,0.0,0.0,0.0,0.11662,0.40534,negative,medium,
osm-1315069362-9685151096-0,jakarta-20200101,train,44.334,primary,1.0,0.0,0.0,0.0,0.529684,-0.557975,negative,medium,
osm-1320273025-6604587143-0,jakarta-20200101,train,105.763,primary,1.0,0.0,0.0,0.0,-0.04225,-0.429768,negative,medium,
osm-1321228510-317196043-0,jakarta-20200101,train,10.018,residential,1.0,0.0,0.0,0.0,-0.325955,0.408154,negative,medium,
osm-1321228541-1336909413-0,jakarta-20200101,train,232.395,primary,1.0,0.0,0.0,0.0,0.216661,0.281091,negative,medium,
osm-1321228560-1373715020-0,jakarta-20200101,train,147.754,primary,1.0,0.0,0.0,0.0,0.116888,1.204425,negative,medium,
osm-1321228566-302230530-0,jakarta-20200101,train,53.081,primary,1.0,0.0,0.0,0.0,0.847861,-0.227472,negative,medium,
osm-1321228575-1334087900-0,jakarta-20200101,train,121.974,primary,1.0,0.0,0.0,0.0,0.737383,0.018432,negative,medium,
osm-1321537155-1321537157-0,jakarta-20200101,train,14.503,primary,1.0,0.0,0.0,0.0,0.833866,-0.181391,negative,medium,
osm-1321537157-5078382203-0,jakarta-20200101,train,18.338,primary,1.0,0.0,0.0,0.0,0.862022,-0.000878,negative,medium,
osm-1325257182-316742986-0,jakarta-20200101,train,178.044,trunk,1.0,0.0,0.0,0.0,-0.443643,0.493179,negative,medium,
osm-1330696490-1337745188-0,jakarta-20200101,train,101.893,primary,1.0,0.0,0.0,0.0,0.605424,0.487828,negative,medium,
osm-1334087900-7027128992-0,jakarta-20200101,train,25.839,primary,1.0,0.0,0.0,0.0,-0.155054,0.474675,negative,medium,
osm-1334087929-1321228575-0,jakarta-20200101,train,382.294,primary,1.0,0.0,0.0,0.0,0.903396,1.312004,negative,medium,
osm-1336909413-1321228560-0,jakarta-20200101,train,14.367,primary,1.0,0.0,0.0,0.0,2.719658,1.369476,negative,medium,
osm-1337745188-326484370-0,jakarta-20200101,train,535.176,primary,1.0,0.0,0.0,0.0,-0.338042,-0.83391,negative,medium,
osm-1342878909-6434923286-0,jakarta-20200101,train,63.387,trunk,1.0,0.0,0.0,0.0,0.590636,0.934869,negative,medium,
osm-1342878927-7516900856-0,jakarta-20200101,train,237.199,trunk,1.0,0.0,0.0,0.0,1.522808,0.602017,negative,medium,
osm-1342878941-7149726253-0,jakarta-20200101,train,58.137,trunk,1.0,0.0,0.0,0.0,0.395349,-0.200719,negative,medium,
osm-1342878941-11501464546-0,jakarta-20200101,train,4.293,primary,1.0,0.0,0.0,0.0,2.195714,-0.808042,negative,medium,
osm-1342878987-7105384963-0,jakarta-20200101,train,35.354,trunk,1.0,0.0,0.0,0.0,-0.534861,1.205792,negative,medium,
osm-1342878998-330409714-0,jakarta-20200101,train,190.376,service,1.0,0.0,0.0,0.0,2.249465,0.989426,negative,medium,
osm-1342879000-4822315952-0,jakarta-20200101,train,12.466,trunk,1.0,0.0,0.0,0.0,1.220811,-0.185416,negative,medium,
osm-1342879017-1342878987-0,jakarta-20200101,train,93.869,trunk,1.0,0.0,0.0,0.0,0.000808,0.211872,negative,medium,
osm-1345781623-12504052406-0,jakarta-20200101,train,181.093,primary,1.0,0.0,0.0,0.0,-0.112101,0.006293,negative,medium,
osm-1351484887-13657075638-0,jakarta-20200101,train,78.23,primary,1.0,0.0,0.0,0.0,0.768623,0.793741,negative,medium,
osm-1359134207-2379121074-0,jakarta-20200101,train,14.638,primary,1.0,0.0,0.0,0.0,0.18988,-0.589039,negative,medium,
osm-1359134207-2379121077-0,jakarta-20200101,train,22.454,primary_link,1.0,0.0,0.0,0.0,0.229096,-0.672245,negative,medium,
osm-1359134222-1330696490-0,jakarta-20200101,train,89.353,primary,1.0,0.0,0.0,0.0,0.872487,0.083153,negative,medium,
osm-1362598302-4926601878-0,jakarta-20200101,train,79.655,primary,1.0,0.0,0.0,0.0,0.798601,-0.035775,negative,medium,
osm-1362598310-1362598302-0,jakarta-20200101,train,14.64,primary,1.0,0.0,0.0,0.0,2.908184,1.253155,negative,medium,
osm-1363190326-4529694108-0,jakarta-20200101,train,66.812,primary,1.0,0.0,0.0,0.0,0.924098,-0.448089,negative,medium,
osm-1373715020-1373715051-0,jakarta-20200101,train,168.7,primary,1.0,0.0,0.0,0.0,-0.054328,0.252096,negative,medium,
osm-1373715051-9037288082-0,jakarta-20200101,train,34.141,primary,1.0,0.0,0.0,0.0,-0.612856,-0.326699,negative,medium,
osm-1376428022-7029385572-0,jakarta-20200101,train,26.64,trunk_link,1.0,0.0,0.0,0.0,0.383902,-1.993789,negative,medium,
osm-1417312748-4548266267-0,jakarta-20200101,train,194.325,trunk,1.0,0.0,0.0,0.0,-0.083839,-0.693927,negative,medium,
osm-1417319126-7117458776-0,jakarta-20200101,train,30.497,trunk,1.0,0.0,0.0,0.0,-0.04431,1.1169,negative,medium,
osm-1420142081-5379768929-0,jakarta-20200101,train,22.048,residential,1.0,0.0,0.0,0.0,0.411553,-0.181971,negative,medium,
osm-1423006391-328336623-0,jakarta-20200101,train,341.631,trunk,1.0,0.0,0.0,0.0,0.867234,0.149178,negative,medium,
osm-1663918523-191506029-0,jakarta-20200101,train,75.062,secondary,1.0,0.0,0.0,0.0,0.793685,-0.505836,negative,medium,
osm-1675425882-13606201442-0,jakarta-20200101,train,50.13,primary,1.0,0.0,0.0,0.0,4.759497,0.038345,negative,medium,
osm-1675426142-13606278105-0,jakarta-20200101,train,29.518,primary,1.0,0.0,0.0,0.0,2.525906,1.014075,negative,medium,
osm-1675426257-13663493364-0,jakarta-20200101,train,44.142,primary,1.0,0.0,0.0,0.0,0.366457,0.114551,negative,medium,
osm-1675426300-13606475672-0,jakarta-20200101,train,28.545,primary,1.0,0.0,0.0,0.0,-0.766293,0.386153,negative,medium,
osm-1675426459-13664998461-0,jakarta-20200101,train,37.735,primary,1.0,0.0,0.0,0.0,1.327904,0.909262,negative,medium,
osm-1675488274-316374560-0,jakarta-20200101,train,78.387,primary,1.0,0.0,0.0,0.0,-0.122699,-0.329886,negative,medium,
osm-1682808537-8555984047-0,jakarta-20200101,train,55.045,primary,1.0,0.0,0.0,0.0,0.679677,-1.548785,negative,medium,
osm-1682844228-5647102762-0,jakarta-20200101,train,225.662,primary,1.0,0.0,0.0,0.0,0.865422,0.82275,negative,medium,
osm-1682844563-326484330-0,jakarta-20200101,train,209.489,primary,1.0,0.0,0.0,0.0,0.425589,0.277298,negative,medium,
osm-1695811540-4778418534-0,jakarta-20200101,train,150.157,residential,1.0,0.0,0.0,0.0,1.598071,0.483015,negative,medium,
osm-1695811568-9118916175-0,jakarta-20200101,train,9.462,residential,1.0,0.0,0.0,0.0,0.077056,0.135893,negative,medium,
osm-1696170853-5374804755-0,jakarta-20200101,train,104.251,primary,1.0,0.0,0.0,0.0,0.609242,0.369674,negative,medium,
osm-1709500939-326484165-0,jakarta-20200101,train,298.023,primary,1.0,0.0,0.0,0.0,0.469938,0.907405,negative,medium,
osm-1757800736-1757800861-0,jakarta-20200101,train,24.632,trunk,1.0,0.0,0.0,0.0,-0.737339,-0.469807,negative,medium,
osm-1757800787-3723599609-0,jakarta-20200101,train,112.044,motorway,1.0,0.0,0.0,0.0,-0.718096,-0.580367,negative,medium,
osm-1757800816-1757800865-0,jakarta-20200101,train,36.716,trunk,1.0,0.0,0.0,0.0,-1.61904,-2.097814,negative,medium,
osm-1757800817-1757800859-0,jakarta-20200101,train,85.709,motorway_link,1.0,0.0,0.0,0.0,0.006251,0.322413,negative,medium,
osm-1757800817-9664769720-0,jakarta-20200101,train,20.76,motorway_link,1.0,0.0,0.0,0.0,-0.008473,-0.311908,negative,medium,
osm-1757800846-7082864214-0,jakarta-20200101,train,71.69,motorway_link,1.0,0.0,0.0,0.0,0.233407,1.45311,negative,medium,
osm-1757800859-1757800846-0,jakarta-20200101,train,25.422,motorway_link,1.0,0.0,0.0,0.0,0.276223,1.123811,negative,medium,
osm-1757800861-6776762981-0,jakarta-20200101,train,16.571,primary,1.0,0.0,0.0,0.0,-0.635259,-0.130264,negative,medium,
osm-1757800861-7082864214-0,jakarta-20200101,train,16.082,trunk,1.0,0.0,0.0,0.0,-0.421656,0.334094,negative,medium,
osm-1757800865-9009175767-0,jakarta-20200101,train,6.111,trunk,1.0,0.0,0.0,0.0,-1.164041,-1.678803,negative,medium,
osm-1782804895-309824120-0,jakarta-20200101,train,1560.372,motorway,1.0,0.0,0.0,0.0,-0.295403,-0.752065,negative,medium,
osm-1782804903-1782804895-0,jakarta-20200101,train,673.556,motorway,1.0,0.0,0.0,0.0,1.536982,0.935274,negative,medium,
osm-1783134145-6336788292-0,jakarta-20200101,train,41.657,primary,1.0,0.0,0.0,0.0,-0.051016,-0.389012,negative,medium,
osm-1993475640-6429880632-0,jakarta-20200101,train,374.997,motorway_link,1.0,0.0,0.0,0.0,1.231293,0.573124,negative,medium,
osm-2019635436-13772607355-0,jakarta-20200101,train,33.608,primary,1.0,0.0,0.0,0.0,0.707115,1.552751,negative,medium,
osm-2032758147-29939211-0,jakarta-20200101,train,19.324,primary,1.0,0.0,0.0,0.0,4.074435,-0.423445,negative,medium,
osm-2032872437-29939141-0,jakarta-20200101,train,28.777,secondary,1.0,0.0,0.0,0.0,1.580542,-2.898583,negative,medium,
osm-2209098563-6459032697-0,jakarta-20200101,train,142.023,secondary,1.0,0.0,0.0,0.0,0.126993,0.20451,negative,medium,
osm-2210464501-315712058-0,jakarta-20200101,train,40.144,primary,1.0,0.0,0.0,0.0,3.413715,0.123143,negative,medium,
osm-2363808979-7120370231-0,jakarta-20200101,train,34.501,primary,1.0,0.0,0.0,0.0,2.328989,-1.080056,negative,medium,
osm-2379121074-7039275702-0,jakarta-20200101,train,12.783,primary,1.0,0.0,0.0,0.0,-0.169739,-0.633226,negative,medium,
osm-2379121077-7039275702-0,jakarta-20200101,train,22.464,primary_link,1.0,0.0,0.0,0.0,-0.04565,-0.692529,negative,medium,
osm-2399364732-11299364779-0,jakarta-20200101,train,63.948,trunk,1.0,0.0,0.0,0.0,3.917952,-0.595978,negative,medium,
osm-2400147489-7246473924-0,jakarta-20200101,train,101.064,primary,1.0,0.0,0.004274,0.432,-0.323206,-0.470946,negative,medium,
osm-2415521692-1150900577-0,jakarta-20200101,train,86.624,trunk,1.0,0.0,0.0,0.0,-1.220152,-0.583403,negative,medium,
osm-2415521737-4466384617-0,jakarta-20200101,train,79.21,trunk_link,1.0,0.0,0.0,0.0,-1.364944,-1.163545,negative,medium,
osm-2415817217-454066598-0,jakarta-20200101,train,385.232,motorway_link,1.0,0.0,0.0,0.0,0.329552,-0.059995,negative,medium,
osm-2415823492-5668231819-0,jakarta-20200101,train,2683.725,motorway,1.0,0.0,0.0,0.0,-0.032327,-0.491709,negative,medium,
osm-2516439291-316395244-0,jakarta-20200101,train,78.021,primary,1.0,0.0,0.0,0.0,-1.574745,-1.551944,negative,medium,
osm-2516439291-2415521737-0,jakarta-20200101,train,26.503,trunk_link,1.0,0.0,0.0,0.0,-2.695875,-1.985285,negative,medium,
osm-2589974180-5334300227-0,jakarta-20200101,train,118.203,tertiary,1.0,0.0,0.0,0.0,1.34734,0.12474,negative,medium,
osm-2589977444-2589977470-0,jakarta-20200101,train,58.674,primary,1.0,0.0,0.0,0.0,-1.266919,-0.385716,negative,medium,
osm-2589977470-5388329052-0,jakarta-20200101,train,230.739,primary,1.0,0.0,0.0,0.0,-0.257547,-0.229495,negative,medium,
osm-2821400645-5671270622-0,jakarta-20200101,train,60.357,primary,1.0,0.0,0.0,0.0,1.034922,-0.891104,negative,medium,
osm-2836706754-13030921685-0,jakarta-20200101,train,47.43,residential,1.0,0.0,0.0,0.0,0.984081,-0.543899,negative,medium,
osm-2836706756-4696797079-0,jakarta-20200101,train,10.143,residential,1.0,0.0,0.0,0.0,-0.427894,-0.00458,negative,medium,
osm-2836706758-2836737300-0,jakarta-20200101,train,23.292,service,1.0,0.0,0.0,0.0,0.892322,-0.557384,negative,medium,
osm-2836737300-5379768936-0,jakarta-20200101,train,42.815,residential,1.0,0.0,0.0,0.0,1.220632,-0.973039,negative,medium,
osm-2872136862-1275851646-0,jakarta-20200101,train,96.631,primary,1.0,0.0,0.0,0.0,0.214168,-0.210703,negative,medium,
osm-2882028353-6347347053-0,jakarta-20200101,train,11.078,secondary,1.0,0.0,0.0,0.0,0.411576,-1.185143,negative,medium,
osm-3266324655-9697006214-0,jakarta-20200101,train,419.628,primary,1.0,0.0,0.0,0.0,-0.505497,-0.256788,negative,medium,
osm-3266332372-3266324655-0,jakarta-20200101,train,24.732,primary,1.0,0.0,0.0,0.0,0.205696,-0.833052,negative,medium,
osm-3266396596-5671006753-0,jakarta-20200101,train,71.27,trunk,1.0,0.0,0.0,0.0,-0.009263,-0.585047,negative,medium,
osm-3266396597-6451233565-0,jakarta-20200101,train,34.724,trunk,1.0,0.0,0.0,0.0,-0.592371,0.238482,negative,medium,
osm-3266396608-9471064862-0,jakarta-20200101,train,27.309,primary,1.0,0.0,0.0,0.0,0.115566,0.300342,negative,medium,
osm-3415432182-11039838816-0,jakarta-20200101,train,160.531,primary,1.0,0.0,0.0,0.0,0.11811,-0.188595,negative,medium,
osm-3507031383-310008087-0,jakarta-20200101,train,45.439,primary,1.0,0.0,0.0,0.0,1.728038,-2.251195,negative,medium,
osm-3507893559-3507031383-0,jakarta-20200101,train,33.898,primary,1.0,0.0,0.0,0.0,2.377186,-1.180109,negative,medium,
osm-3709514014-3709514015-0,jakarta-20200101,train,49.605,secondary,1.0,0.0,0.0,0.0,1.477171,-0.45442,negative,medium,
osm-3709514015-3709514017-0,jakarta-20200101,train,74.234,secondary,1.0,0.0,0.0,0.0,1.405327,0.554656,negative,medium,
osm-3709514017-3709514018-0,jakarta-20200101,train,44.162,secondary,1.0,0.0,0.0,0.0,0.165982,0.107357,negative,medium,
osm-3709514018-7112944949-0,jakarta-20200101,train,27.105,secondary,1.0,0.0,0.0,0.0,1.034389,0.42531,negative,medium,
osm-3723599608-309880841-0,jakarta-20200101,train,941.839,motorway,1.0,0.0,0.0,0.0,-0.145676,-0.47002,negative,medium,
osm-3723599609-7070168315-0,jakarta-20200101,train,199.895,motorway,1.0,0.0,0.0,0.0,-1.001425,-0.244456,negative,medium,
osm-3723599610-3723599621-0,jakarta-20200101,train,184.503,motorway_link,1.0,0.0,0.0,0.0,-0.890121,-0.542567,negative,medium,
osm-3723599620-5372153155-0,jakarta-20200101,train,44.165,trunk,1.0,0.0,0.0,0.0,-1.34805,-1.098593,negative,medium,
osm-3723599621-4859114434-0,jakarta-20200101,train,16.372,trunk,1.0,0.0,0.0,0.0,0.211696,0.069762,negative,medium,
osm-3723634710-4152867179-0,jakarta-20200101,train,420.065,motorway_link,1.0,0.0,0.003904,1.64,-1.413448,-1.417893,negative,medium,
osm-3723634711-8132787924-0,jakarta-20200101,train,1287.207,motorway,1.0,0.0,0.0,0.0,0.044244,-0.917228,negative,medium,
osm-3723635038-3723635056-0,jakarta-20200101,train,516.907,motorway_link,1.0,0.0,0.0,0.0,-0.448353,-0.5249,negative,medium,
osm-3723635056-3723634711-0,jakarta-20200101,train,372.63,motorway,1.0,0.0,0.0,0.0,-0.998963,-0.219391,negative,medium,
osm-3723635058-2415823492-0,jakarta-20200101,train,330.744,motorway,1.0,0.0,0.0,0.0,-1.026799,-0.563477,negative,medium,
osm-3763648673-328965954-0,jakarta-20200101,train,22.592,primary,1.0,0.0,0.0,0.0,-0.280253,-0.027401,negative,medium,
osm-3869782797-13453045134-0,jakarta-20200101,train,76.759,primary,1.0,0.0,0.0,0.0,0.691502,-0.865399,negative,medium,
osm-3981137758-8995440646-0,jakarta-20200101,train,2.985,primary,1.0,0.0,0.0,0.0,0.659113,-1.10242,negative,medium,
osm-4152867155-317190987-0,jakarta-20200101,train,118.706,primary,1.0,0.0,0.0,0.0,-0.01365,-0.211212,negative,medium,
osm-4152867163-6430860592-0,jakarta-20200101,train,46.486,trunk_link,1.0,0.0,0.0,0.0,-0.671076,-0.462012,negative,medium,
osm-4152867172-4152867155-0,jakarta-20200101,train,564.97,primary,1.0,0.0,0.0,0.0,1.683063,0.297446,negative,medium,
osm-4152867179-6331233983-0,jakarta-20200101,train,20.637,trunk,1.0,0.0,0.0,0.0,2.434106,0.899044,negative,medium,
osm-4152867689-4914353893-0,jakarta-20200101,train,65.4,trunk,1.0,0.0,0.0,0.0,-0.279318,-0.175431,negative,medium,
osm-4235574904-4235574906-0,jakarta-20200101,train,70.754,primary,1.0,0.0,0.0,0.0,1.124216,0.493198,negative,medium,
osm-4235574906-5377177680-0,jakarta-20200101,train,167.264,primary,1.0,0.0,0.0,0.0,0.172122,0.041307,negative,medium,
osm-4258201115-3415432182-0,jakarta-20200101,train,44.867,primary,1.0,0.0,0.0,0.0,0.892821,0.518575,negative,medium,
osm-4260761277-11899737707-0,jakarta-20200101,train,16.969,primary,1.0,0.0,0.0,0.0,0.932509,-1.821064,negative,medium,
osm-4269900330-11350075105-0,jakarta-20200101,train,17.693,secondary,1.0,0.0,0.0,0.0,0.700339,0.503418,negative,medium,
osm-4404259357-4556570177-0,jakarta-20200101,train,93.207,trunk,1.0,0.0,0.0,0.0,0.730883,0.462662,negative,medium,
osm-4466078450-315684305-0,jakarta-20200101,train,7.184,primary,1.0,0.0,0.0,0.0,1.238973,-0.252627,negative,medium,
osm-4466384616-328320081-0,jakarta-20200101,train,25.516,trunk,1.0,0.0,0.0,0.0,0.051076,-0.985916,negative,medium,
osm-4466384617-5466187936-0,jakarta-20200101,train,234.137,trunk,1.0,0.0,0.0,0.0,-1.15186,-0.505655,negative,medium,
osm-4476152430-4546109600-0,jakarta-20200101,train,27.133,primary,1.0,0.0,0.0,0.0,1.311408,-0.536232,negative,medium,
osm-4488259486-4476152430-0,jakarta-20200101,train,30.622,primary,1.0,0.0,0.0,0.0,1.765941,-0.675143,negative,medium,
osm-4499976535-4499997606-0,jakarta-20200101,train,72.171,primary,1.0,0.0,0.0,0.0,0.017873,0.898678,negative,medium,
osm-4499997606-8208701324-0,jakarta-20200101,train,4.948,primary,1.0,0.0,0.0,0.0,1.156363,0.578179,negative,medium,
osm-4502070108-5436662071-0,jakarta-20200101,train,83.117,secondary,1.0,0.0,0.0,0.0,0.832659,0.760608,negative,medium,
osm-4502070116-7104997606-0,jakarta-20200101,train,4.727,secondary,1.0,0.0,0.0,0.0,0.037484,-0.085472,negative,medium,
osm-4502213975-4502213976-0,jakarta-20200101,train,16.034,secondary_link,1.0,0.0,0.0,0.0,-1.296936,-1.063333,negative,medium,
osm-4502213976-9699963783-0,jakarta-20200101,train,36.597,secondary,1.0,0.0,0.0,0.0,-1.532822,-0.676934,negative,medium,
osm-4502213977-4502213979-0,jakarta-20200101,train,31.877,secondary,1.0,0.0,0.0,0.0,0.15594,-1.130577,negative,medium,
osm-4502213979-4502214206-0,jakarta-20200101,train,148.497,secondary,1.0,0.0,0.0,0.0,0.245821,-0.978921,negative,medium,
osm-4502214206-4502214225-0,jakarta-20200101,train,6.695,secondary,1.0,0.0,0.0,0.0,1.575915,-1.347742,negative,medium,
osm-4502214222-4502214223-0,jakarta-20200101,train,7.753,secondary,1.0,0.0,0.0,0.0,1.751579,1.301964,negative,medium,
osm-4502214223-7096117327-0,jakarta-20200101,train,13.173,secondary,1.0,0.0,0.0,0.0,2.009494,1.460662,negative,medium,
osm-4502214225-4502214222-0,jakarta-20200101,train,63.932,secondary,1.0,0.0,0.0,0.0,1.730038,0.095554,negative,medium,
osm-4504091329-7241544817-0,jakarta-20200101,train,12.96,primary,1.0,0.0,0.0,0.0,0.372416,-0.108677,negative,medium,
osm-4505735373-1163404654-0,jakarta-20200101,train,9.458,primary,1.0,0.0,0.0,0.0,-0.8251,-1.815939,negative,medium,
osm-4507955830-4507955831-0,jakarta-20200101,train,50.819,primary_link,1.0,0.0,0.0,0.0,0.196947,-0.698446,negative,medium,
osm-4507955831-5205645925-0,jakarta-20200101,train,70.316,primary,1.0,0.0,0.0,0.0,0.421846,0.098179,negative,medium,
osm-4507989466-10090309233-0,jakarta-20200101,train,60.079,primary,1.0,0.0,0.0,0.0,-0.434042,0.804758,negative,medium,
osm-4529694108-317157768-0,jakarta-20200101,train,570.393,primary,1.0,0.0,0.0,0.0,-0.570387,-1.100643,negative,medium,
osm-4541302315-6332686268-0,jakarta-20200101,train,79.312,primary,1.0,0.0,0.0,0.0,0.914323,0.308008,negative,medium,
osm-4546076824-186669834-0,jakarta-20200101,train,66.932,primary,1.0,0.0,0.0,0.0,0.633029,0.089292,negative,medium,
osm-4546100816-9144167875-0,jakarta-20200101,train,297.757,primary,1.0,0.0,0.0,0.0,0.605301,0.529915,negative,medium,
osm-4546109600-7062375566-0,jakarta-20200101,train,26.626,primary,1.0,0.0,0.0,0.0,0.283589,-0.197363,negative,medium,
osm-4548266264-1342879017-0,jakarta-20200101,train,171.182,trunk,1.0,0.0,0.0,0.0,0.992376,-1.086591,negative,medium,
osm-4548266267-9527050428-0,jakarta-20200101,train,71.759,trunk,1.0,0.0,0.0,0.0,0.898463,-0.743985,negative,medium,
osm-4548266741-1163404589-0,jakarta-20200101,train,54.659,primary,1.0,0.0,0.0,0.0,-0.422969,-0.783169,negative,medium,
osm-4548266748-6459323552-0,jakarta-20200101,train,1011.588,primary,1.0,0.0,0.0,0.0,0.697227,-0.166884,negative,medium,
osm-4548266763-12745135294-0,jakarta-20200101,train,13.067,primary,1.0,0.0,0.0,0.0,0.282596,-0.09732,negative,medium,
osm-4548266767-5374282155-0,jakarta-20200101,train,86.851,primary,1.0,0.0,0.0,0.0,0.088997,0.167048,negative,medium,
osm-4548266823-5013211786-0,jakarta-20200101,train,149.353,secondary,1.0,0.0,0.0,0.0,0.714845,0.119242,negative,medium,
osm-4548267014-4548267015-0,jakarta-20200101,train,208.628,trunk,1.0,0.0,0.0,0.0,1.159234,-0.060563,negative,medium,
osm-4548267015-1417319126-0,jakarta-20200101,train,32.302,trunk,1.0,0.0,0.0,0.0,0.786943,0.257899,negative,medium,
osm-4551137763-7140161059-0,jakarta-20200101,train,90.368,trunk,1.0,0.0,0.0,0.0,0.849303,0.147158,negative,medium,
osm-4551163746-4551163784-0,jakarta-20200101,train,80.398,primary_link,1.0,0.0,0.0,0.0,0.616515,-0.968907,negative,medium,
osm-4551163746-5506920811-0,jakarta-20200101,train,10.584,primary,1.0,0.0,0.0,0.0,1.655935,-0.509957,negative,medium,
osm-4551163784-4551163787-0,jakarta-20200101,train,102.125,motorway_link,1.0,0.0,0.0,0.0,0.969748,0.412472,negative,medium,
osm-4551163787-332526386-0,jakarta-20200101,train,51.736,motorway_link,1.0,0.0,0.0,0.0,0.940235,-0.246568,negative,medium,
osm-4556570177-9531434128-0,jakarta-20200101,train,27.381,service,1.0,0.0,0.0,0.0,0.0201,0.14226,negative,medium,
osm-4564612508-1363190326-0,jakarta-20200101,train,49.544,primary,1.0,0.0,0.0,0.0,0.435987,0.767067,negative,medium,
osm-4564847177-4871926648-0,jakarta-20200101,train,17.733,primary,1.0,0.0,0.0,0.0,-0.121348,0.546299,negative,medium,
osm-4564851111-4564851115-0,jakarta-20200101,train,41.469,primary,1.0,0.0,0.0,0.0,-0.161112,0.780162,negative,medium,
osm-4564851115-4564847177-0,jakarta-20200101,train,17.701,primary,1.0,0.0,0.0,0.0,-0.238335,0.386337,negative,medium,
osm-4566501487-6334659081-0,jakarta-20200101,train,158.343,secondary,1.0,0.0,0.0,0.0,-0.500606,-0.0968,negative,medium,
osm-4566501796-6334537720-0,jakarta-20200101,train,31.222,primary,1.0,0.0,0.0,0.0,-0.622977,1.854686,negative,medium,
osm-4566501805-4566501808-0,jakarta-20200101,train,124.793,primary,1.0,0.0,0.0,0.0,1.644033,-0.858146,negative,medium,
osm-4566501806-4566501807-0,jakarta-20200101,train,80.641,secondary,1.0,0.0,0.0,0.0,0.844984,-1.301091,negative,medium,
osm-4566501807-4566501808-0,jakarta-20200101,train,25.385,primary_link,1.0,0.0,0.0,0.0,2.350109,-1.875802,negative,medium,
osm-4566501808-4566501816-0,jakarta-20200101,train,51.499,primary,1.0,0.0,0.0,0.0,2.55334,0.614434,negative,medium,
osm-4566501813-4566501888-0,jakarta-20200101,train,86.934,primary,1.0,0.0,0.0,0.0,2.060784,0.260437,negative,medium,
osm-4566501816-4566501813-0,jakarta-20200101,train,31.87,primary_link,1.0,0.0,0.0,0.0,-0.039649,1.128183,negative,medium,
osm-4621777203-6135130582-0,jakarta-20200101,train,75.201,primary,1.0,0.0,0.0,0.0,0.525489,-0.407687,negative,medium,
osm-4637530511-4637530516-0,jakarta-20200101,train,8.465,primary,1.0,0.0,0.0,0.0,0.159951,-0.283195,negative,medium,
osm-4637530516-4621777203-0,jakarta-20200101,train,14.828,primary,1.0,0.0,0.0,0.0,0.135191,-0.267746,negative,medium,
osm-4658384434-8502330159-0,jakarta-20200101,train,30.214,primary,1.0,0.0,0.0,0.0,1.748377,1.201913,negative,medium,
osm-4666245577-4800316715-0,jakarta-20200101,train,108.797,residential,1.0,0.0,0.0,0.0,-0.275884,-1.207678,negative,medium,
osm-4666246415-4666245577-0,jakarta-20200101,train,30.252,residential,1.0,0.0,0.0,0.0,-0.130607,-2.552727,negative,medium,
osm-4666246417-4666246415-0,jakarta-20200101,train,92.371,residential,1.0,0.0,0.0,0.0,-0.371296,-0.031231,negative,medium,
osm-4696797079-2836706758-0,jakarta-20200101,train,57.937,residential,1.0,0.0,0.0,0.0,0.715802,0.118291,negative,medium,
osm-4746451654-1133676112-0,jakarta-20200101,train,7.745,primary,1.0,0.0,0.0,0.0,0.351366,-0.475276,negative,medium,
osm-4746451654-7152827727-0,jakarta-20200101,train,103.382,tertiary,1.0,0.0,0.0,0.0,0.539376,0.733568,negative,medium,
osm-4746451656-1134953472-0,jakarta-20200101,train,17.426,tertiary,1.0,0.0,0.0,0.0,-1.994711,-1.646237,negative,medium,
osm-4748308350-4800316715-0,jakarta-20200101,train,46.904,tertiary,1.0,0.0,0.0,0.0,0.586845,1.310281,negative,medium,
osm-4749962821-4258201115-0,jakarta-20200101,train,134.79,primary,1.0,0.0,0.0,0.0,0.456025,0.281755,negative,medium,
osm-4750115938-5377076423-0,jakarta-20200101,train,33.937,primary,1.0,0.0,0.0,0.0,1.955624,-1.352084,negative,medium,
osm-4750115942-4750115943-0,jakarta-20200101,train,53.289,primary,1.0,0.0,0.0,0.0,-0.913247,-0.892154,negative,medium,
osm-4750115943-9013891776-0,jakarta-20200101,train,51.042,primary,1.0,0.0,0.0,0.0,-0.886854,-0.856921,negative,medium,
osm-4750115944-9013891773-0,jakarta-20200101,train,5.376,primary,1.0,0.0,0.0,0.0,-0.354235,-1.120892,negative,medium,
osm-4751894442-13827879018-0,jakarta-20200101,train,28.051,primary,1.0,0.0,0.0,0.0,-0.46251,-0.976062,negative,medium,
osm-4758805504-12484094370-0,jakarta-20200101,train,18.811,primary,1.0,0.0,0.0,0.0,0.612892,-1.059181,negative,medium,
osm-4758806028-7132187495-0,jakarta-20200101,train,25.923,primary,1.0,0.0,0.0,0.0,1.390473,0.719435,negative,medium,
osm-4776087428-104379022-0,jakarta-20200101,train,104.867,primary,1.0,0.0,0.0,0.0,0.726576,-1.106854,negative,medium,
osm-4776087446-4776087428-0,jakarta-20200101,train,74.539,primary,1.0,0.0,0.0,0.0,0.337112,-0.476106,negative,medium,
osm-4776087714-8562305801-0,jakarta-20200101,train,39.431,tertiary,1.0,0.0,0.0,0.0,0.101781,0.198347,negative,medium,
osm-4776237951-6332607740-0,jakarta-20200101,train,40.916,primary,1.0,0.0,0.0,0.0,-0.540824,-0.465521,negative,medium,
osm-4776237952-9034273150-0,jakarta-20200101,train,40.715,primary,1.0,0.0,0.0,0.0,-1.970839,0.382165,negative,medium,
osm-4776237953-4776237952-0,jakarta-20200101,train,46.746,primary,1.0,0.0,0.0,0.0,-1.875344,0.240362,negative,medium,
osm-4776237954-352913456-0,jakarta-20200101,train,46.085,primary,1.0,0.0,0.0,0.0,-0.346733,-1.194659,negative,medium,
osm-4778418534-4798088843-0,jakarta-20200101,train,64.383,residential,1.0,0.0,0.0,0.0,1.563173,1.334069,negative,medium,
osm-4780597176-5652849428-0,jakarta-20200101,train,25.72,primary,1.0,0.0,0.0,0.0,0.021838,-1.314341,negative,medium,
osm-4780724425-9623003134-0,jakarta-20200101,train,143.927,primary,1.0,0.0,0.0,0.0,0.442698,-0.42586,negative,medium,
osm-4785715143-308981968-0,jakarta-20200101,train,141.374,tertiary,1.0,0.0,0.0,0.0,0.327668,-0.636315,negative,medium,
osm-4785715146-308981969-0,jakarta-20200101,train,4.38,tertiary,1.0,0.0,0.0,0.0,-0.419872,0.230369,negative,medium,
osm-4787639954-13752868692-0,jakarta-20200101,train,106.969,primary,1.0,0.0,0.0,0.0,0.987899,0.183038,negative,medium,
osm-4790999401-13701804566-0,jakarta-20200101,train,170.126,primary,1.0,0.0,0.0,0.0,1.457251,-0.388387,negative,medium,
osm-4798088843-353136203-0,jakarta-20200101,train,134.077,residential,1.0,0.0,0.0,0.0,1.344578,1.542965,negative,medium,
osm-4798985491-5374644166-0,jakarta-20200101,train,18.918,primary,1.0,0.0,0.0,0.0,2.716335,0.350672,negative,medium,
osm-4800316713-5379957279-0,jakarta-20200101,train,81.332,tertiary,1.0,0.0,0.0,0.0,-1.287083,-0.629784,negative,medium,
osm-4800316715-5513076675-0,jakarta-20200101,train,8.24,tertiary,1.0,0.0,0.0,0.0,0.778063,1.965345,negative,medium,
osm-4800528562-12744944224-0,jakarta-20200101,train,17.871,primary,1.0,0.0,0.0,0.0,-0.672032,0.320182,negative,medium,
osm-4800528564-4800528562-0,jakarta-20200101,train,85.075,primary,1.0,0.0,0.0,0.0,-0.760112,0.02781,negative,medium,
osm-4800795887-317182284-0,jakarta-20200101,train,65.902,primary,1.0,0.0,0.0,0.0,0.486128,-0.560821,negative,medium,
osm-4804615989-11959843134-0,jakarta-20200101,train,51.714,primary,1.0,0.0,0.0,0.0,0.222073,0.419492,negative,medium,
osm-4815227757-9533845672-0,jakarta-20200101,train,83.761,tertiary,1.0,0.0,0.0,0.0,-0.290007,-0.450191,negative,medium,
osm-4815227758-5379989630-0,jakarta-20200101,train,113.006,tertiary,1.0,0.0,0.0,0.0,-0.191258,1.329804,negative,medium,
osm-4815227762-5379989631-0,jakarta-20200101,train,98.819,tertiary,1.0,0.0,0.0,0.0,0.551668,0.575095,negative,medium,
osm-4822315952-9076429426-0,jakarta-20200101,train,69.935,trunk,1.0,0.0,0.0,0.0,0.195397,-0.014978,negative,medium,
osm-4833946442-7756168367-0,jakarta-20200101,train,100.028,primary,1.0,0.0,0.0,0.0,0.900599,0.379682,negative,medium,
osm-4836037554-1161321036-0,jakarta-20200101,train,45.279,primary,1.0,0.0,0.0,0.0,-1.261372,-0.475906,negative,medium,
osm-4836392226-8810858536-0,jakarta-20200101,train,66.064,tertiary,1.0,0.0,0.0,0.0,0.126813,-1.461268,negative,medium,
osm-4836392299-6330385236-0,jakarta-20200101,train,16.055,primary,1.0,0.0,0.0,0.0,1.682286,0.870843,negative,medium,
osm-4842902746-5495680448-0,jakarta-20200101,train,300.283,primary,1.0,0.0,0.0,0.0,0.373975,-0.006399,negative,medium,
osm-4848734475-5492419271-0,jakarta-20200101,train,62.947,trunk,1.0,0.0,0.0,0.0,-0.987674,-0.480165,negative,medium,
osm-4849427375-7132270238-0,jakarta-20200101,train,43.679,primary,1.0,0.0,0.0,0.0,1.002678,-1.332257,negative,medium,
osm-4849427376-4849427380-0,jakarta-20200101,train,67.133,primary,1.0,0.0,0.0,0.0,0.031129,-1.240507,negative,medium,
osm-4849427377-6547719124-0,jakarta-20200101,train,354.975,primary,1.0,0.0,0.0,0.0,0.757683,-0.303297,negative,medium,
osm-4849427380-4849427375-0,jakarta-20200101,train,58.75,primary,1.0,0.0,0.0,0.0,1.062384,-0.56268,negative,medium,
osm-4849427383-4849427377-0,jakarta-20200101,train,178.787,primary,1.0,0.0,0.0,0.0,0.089746,-1.073267,negative,medium,
osm-4849427384-4849427376-0,jakarta-20200101,train,185.408,primary,1.0,0.0,0.0,0.0,0.068908,-0.90498,negative,medium,
osm-4849427384-4849427383-0,jakarta-20200101,train,9.652,primary_link,1.0,0.0,0.0,0.0,0.930198,-0.354211,negative,medium,
osm-4849427386-6910883258-0,jakarta-20200101,train,18.826,primary,1.0,0.0,0.0,0.0,-0.391833,-0.203449,negative,medium,
osm-4849427387-5374643987-0,jakarta-20200101,train,13.421,primary,1.0,0.0,0.0,0.0,1.4385,0.252131,negative,medium,
osm-4849427390-4849427404-0,jakarta-20200101,train,23.676,primary,1.0,0.0,0.0,0.0,0.768721,1.578864,negative,medium,
osm-4849427395-5373977800-0,jakarta-20200101,train,54.166,primary,1.0,0.0,0.0,0.0,1.763858,0.505455,negative,medium,
osm-4849427396-13849518632-0,jakarta-20200101,train,7.629,primary,1.0,0.0,0.0,0.0,0.485198,0.427208,negative,medium,
osm-4849427404-6471562381-0,jakarta-20200101,train,92.635,primary,1.0,0.0,0.0,0.0,0.610636,0.854725,negative,medium,
osm-4849427405-4849427390-0,jakarta-20200101,train,21.439,primary,1.0,0.0,0.0,0.0,0.571476,1.170524,negative,medium,
osm-4849427408-4758806028-0,jakarta-20200101,train,19.889,primary,1.0,0.0,0.0,0.0,1.387314,1.050828,negative,medium,
osm-4849427410-9009398139-0,jakarta-20200101,train,107.665,primary,1.0,0.0,0.0,0.0,0.140849,0.962624,negative,medium,
osm-4849427412-9491842326-0,jakarta-20200101,train,34.397,primary,1.0,0.0,0.0,0.0,1.53013,-0.117586,negative,medium,
osm-4849427413-4849427412-0,jakarta-20200101,train,63.714,primary,1.0,0.0,0.0,0.0,1.369039,-0.278799,negative,medium,
osm-4849427416-13849518628-0,jakarta-20200101,train,19.656,primary,1.0,0.0,0.0,0.0,0.004126,-0.092257,negative,medium,
osm-4849427419-5671081801-0,jakarta-20200101,train,18.048,primary,1.0,0.0,0.0,0.0,0.178643,0.838807,negative,medium,
osm-4849427421-8509975229-0,jakarta-20200101,train,18.398,primary,1.0,0.0,0.0,0.0,0.843313,-0.374272,negative,medium,
osm-4849427423-7694410074-0,jakarta-20200101,train,23.882,primary,1.0,0.0,0.0,0.0,-0.304612,0.865689,negative,medium,
osm-4859114434-7052519688-0,jakarta-20200101,train,57.459,trunk,1.0,0.0,0.0,0.0,0.443503,0.379758,negative,medium,
osm-4859118379-103363767-0,jakarta-20200101,train,89.991,trunk,1.0,0.0,0.0,0.0,-1.111859,-0.777562,negative,medium,
osm-4867479520-9110087936-0,jakarta-20200101,train,88.491,primary,1.0,0.0,0.0,0.0,-1.10397,-0.615152,negative,medium,
osm-4871926644-310003265-0,jakarta-20200101,train,71.968,tertiary,1.0,0.0,0.0,0.0,4.615392,4.960525,negative,medium,
osm-4871926648-4871926644-0,jakarta-20200101,train,70.17,primary_link,1.0,0.0,0.0,0.0,1.921313,2.235474,negative,medium,
osm-4871938615-13453416794-0,jakarta-20200101,train,53.405,primary,1.0,0.0,0.0,0.0,0.145308,-2.566921,negative,medium,
osm-4877552983-5076459507-0,jakarta-20200101,train,101.402,primary,1.0,0.0,0.0,0.0,-0.825784,-0.56103,negative,medium,
osm-4877552990-4877552983-0,jakarta-20200101,train,26.478,primary,1.0,0.0,0.0,0.0,-0.065469,0.998839,negative,medium,
osm-4886801320-9531485215-0,jakarta-20200101,train,59.514,primary,1.0,0.0,0.0,0.0,1.342549,0.609428,negative,medium,
osm-4899821967-315746992-0,jakarta-20200101,train,55.755,primary,1.0,0.0,0.0,0.0,-0.364417,-0.335537,negative,medium,
osm-4900765662-316412129-0,jakarta-20200101,train,55.793,primary,1.0,0.0,0.0,0.0,1.227139,0.191502,negative,medium,
osm-4907168866-9673797651-0,jakarta-20200101,train,422.855,primary,1.0,0.0,0.0,0.0,1.000538,0.132235,negative,medium,
osm-4911942116-11484348759-0,jakarta-20200101,train,25.162,trunk,1.0,0.0,0.0,0.0,-0.114134,-1.058918,negative,medium,
osm-4911942117-4911942119-0,jakarta-20200101,train,61.497,trunk,1.0,0.0,0.0,0.0,-0.227272,0.315285,negative,medium,
osm-4911942119-4911942116-0,jakarta-20200101,train,76.372,trunk,1.0,0.0,0.0,0.0,0.222886,-0.665052,negative,medium,
osm-4914353827-1135190117-0,jakarta-20200101,train,152.305,trunk,1.0,0.0,0.0,0.0,0.408222,0.469096,negative,medium,
osm-4914353854-6451021641-0,jakarta-20200101,train,52.064,trunk,1.0,0.0,0.0,0.0,0.82146,0.117219,negative,medium,
osm-4914353893-9509715193-0,jakarta-20200101,train,13.576,trunk,1.0,0.0,0.0,0.0,0.061801,-0.31126,negative,medium,
osm-4925793717-9695095403-0,jakarta-20200101,train,37.827,secondary,1.0,0.0,0.0,0.0,0.16742,-0.534056,negative,medium,
osm-4926601878-4900765662-0,jakarta-20200101,train,123.152,primary,1.0,0.0,0.0,0.0,1.438172,-0.433704,negative,medium,
osm-4948526884-5673841364-0,jakarta-20200101,train,220.311,primary,1.0,0.0,0.0,0.0,1.044814,-0.131509,negative,medium,
osm-4953838327-4877552990-0,jakarta-20200101,train,142.16,primary,1.0,0.0,0.0,0.0,0.74912,-0.196681,negative,medium,
osm-4963127052-8434800015-0,jakarta-20200101,train,35.732,primary,1.0,0.0,0.0,0.0,0.078089,0.637176,negative,medium,
osm-4963127056-13606475657-0,jakarta-20200101,train,22.789,primary,1.0,0.0,0.0,0.0,1.230708,-1.011974,negative,medium,
osm-4963127061-4963127056-0,jakarta-20200101,train,39.412,primary,1.0,0.0,0.0,0.0,0.538231,-0.22087,negative,medium,
osm-4963127289-13606201410-0,jakarta-20200101,train,6.279,primary,1.0,0.0,0.0,0.0,6.920558,0.578197,negative,medium,
osm-4982201706-5379777249-0,jakarta-20200101,train,10.521,tertiary,1.0,0.0,0.0,0.0,-0.842339,0.168111,negative,medium,
osm-4982201717-13586347373-0,jakarta-20200101,train,48.044,tertiary,1.0,0.0,0.0,0.0,-0.118155,0.636055,negative,medium,
osm-4986680276-5459235880-0,jakarta-20200101,train,6.548,primary,1.0,0.0,0.0,0.0,0.187793,-0.150925,negative,medium,
osm-4986680280-4986680276-0,jakarta-20200101,train,33.974,primary,1.0,0.0,0.0,0.0,-0.293325,-0.279596,negative,medium,
osm-4990059009-3763648673-0,jakarta-20200101,train,51.727,primary,1.0,0.0,0.0,0.0,0.201235,-0.610432,negative,medium,
osm-4990059014-6459341771-0,jakarta-20200101,train,223.619,primary,1.0,0.0,0.0,0.0,1.272043,-0.604308,negative,medium,
osm-4990059477-2516439291-0,jakarta-20200101,train,54.17,primary,1.0,0.0,0.0,0.0,-1.07685,-1.195551,negative,medium,
osm-4990059505-4990059507-0,jakarta-20200101,train,97.028,primary,1.0,0.0,0.0,0.0,0.668054,-0.606823,negative,medium,
osm-4990059507-4990059477-0,jakarta-20200101,train,502.377,primary,1.0,0.0,0.0,0.0,0.250406,-0.046108,negative,medium,
osm-4990059515-4990059505-0,jakarta-20200101,train,106.09,primary,1.0,0.0,0.0,0.0,0.69895,0.895566,negative,medium,
osm-4993841487-12530400916-0,jakarta-20200101,train,31.271,primary_link,1.0,0.0,0.0,0.0,0.266152,1.334349,negative,medium,
osm-4996688468-5671267899-0,jakarta-20200101,train,116.886,primary,1.0,0.0,0.0,0.0,-0.459789,-0.835562,negative,medium,
osm-4999344155-302230529-0,jakarta-20200101,train,24.056,primary,1.0,0.0,0.0,0.0,1.655553,-0.827549,negative,medium,
osm-4999344324-9009429383-0,jakarta-20200101,train,83.245,primary,1.0,0.0,0.0,0.0,-0.233425,0.581555,negative,medium,
osm-5004550057-13750328259-0,jakarta-20200101,train,5.187,primary,1.0,0.0,0.0,0.0,2.616047,0.020773,negative,medium,
osm-5006633608-7055776846-0,jakarta-20200101,train,385.866,primary,1.0,0.0,0.0,0.0,0.275028,0.280126,negative,medium,
osm-5006647254-4505735373-0,jakarta-20200101,train,707.203,primary,1.0,0.0,0.0,0.0,0.035375,-0.435921,negative,medium,
osm-5009348129-104366006-0,jakarta-20200101,train,76.911,secondary,1.0,0.0,0.0,0.0,0.244438,0.164042,negative,medium,
osm-5009351128-191505992-0,jakarta-20200101,train,25.286,secondary,1.0,0.0,0.0,0.0,-0.704619,0.548704,negative,medium,
osm-5010888460-4907168866-0,jakarta-20200101,train,63.639,residential,1.0,0.0,0.0,0.0,1.180395,0.42847,negative,medium,
osm-5013211786-104366013-0,jakarta-20200101,train,38.405,secondary,1.0,0.0,0.0,0.0,0.684223,-0.607395,negative,medium,
osm-5023930574-5371876858-0,jakarta-20200101,train,42.699,trunk,1.0,0.0,0.0,0.0,-0.099881,-0.753533,negative,medium,
osm-5046365476-309941703-0,jakarta-20200101,train,31.638,primary,1.0,0.0,0.0,0.0,0.148896,-0.489777,negative,medium,
osm-5046365477-5046365476-0,jakarta-20200101,train,9.88,primary,1.0,0.0,0.0,0.0,-0.355632,-0.678768,negative,medium,
osm-5056597570-3266396596-0,jakarta-20200101,train,47.036,trunk,1.0,0.0,0.0,0.0,1.082646,-0.864733,negative,medium,
osm-5065375426-29939146-0,jakarta-20200101,train,32.554,secondary,1.0,0.0,0.0,0.0,0.645718,-0.127005,negative,medium,
osm-5068494018-7131628852-0,jakarta-20200101,train,37.691,residential,1.0,0.0,0.0,0.0,0.306434,-0.354573,negative,medium,
osm-5068494251-5068494018-0,jakarta-20200101,train,46.514,residential,1.0,0.0,0.0,0.0,1.368669,-1.054442,negative,medium,
osm-5068494252-6907714745-0,jakarta-20200101,train,226.869,residential,1.0,0.0,0.0,0.0,1.066414,1.065072,negative,medium,
osm-5068494260-5380146177-0,jakarta-20200101,train,11.523,residential,1.0,0.0,0.0,0.0,-0.719978,0.046338,negative,medium,
osm-5068494261-5068494263-0,jakarta-20200101,train,54.991,residential,1.0,0.0,0.0,0.0,1.791731,0.289594,negative,medium,
osm-5068494263-5068494267-0,jakarta-20200101,train,52.081,residential,1.0,0.0,0.0,0.0,0.571541,0.035428,negative,medium,
osm-5068494267-1420142081-0,jakarta-20200101,train,21.009,residential,1.0,0.0,0.0,0.0,0.233252,0.116125,negative,medium,
osm-5076459507-3507893559-0,jakarta-20200101,train,602.764,primary,1.0,0.0,0.0,0.0,0.341483,-0.189297,negative,medium,
osm-5078382194-1321228541-0,jakarta-20200101,train,239.417,primary,1.0,0.0,0.0,0.0,0.707648,0.64256,negative,medium,
osm-5078382203-7530848743-0,jakarta-20200101,train,26.207,primary,1.0,0.0,0.0,0.0,1.025772,0.205892,negative,medium,
osm-5078382208-1345781623-0,jakarta-20200101,train,282.406,primary,1.0,0.0,0.0,0.0,0.331016,0.82988,negative,medium,
osm-5078382212-5078382208-0,jakarta-20200101,train,110.599,primary,1.0,0.0,0.0,0.0,0.236398,0.41408,negative,medium,
osm-5112284316-4551137763-0,jakarta-20200101,train,91.678,trunk,1.0,0.0,0.0,0.0,-0.731112,-0.745319,negative,medium,
osm-5112682630-7140306354-0,jakarta-20200101,train,10.842,trunk,1.0,0.0,0.0,0.0,-0.302359,2.300809,negative,medium,
osm-5172730315-2882028353-0,jakarta-20200101,train,70.582,secondary,1.0,0.0,0.0,0.0,0.537585,-0.702573,negative,medium,
osm-5174097479-7756153695-0,jakarta-20200101,train,118.87,primary,1.0,0.0,0.0,0.0,-0.248808,0.036937,negative,medium,
osm-5189820259-13366216191-0,jakarta-20200101,train,9.003,primary,1.0,0.0,0.0,0.0,-1.125798,-0.698711,negative,medium,
osm-5189841649-10132911307-0,jakarta-20200101,train,37.595,tertiary,1.0,0.0,0.0,0.0,-0.216575,-0.847206,negative,medium,
osm-5201675286-7055752942-0,jakarta-20200101,train,88.644,primary,1.0,0.0,0.0,0.0,-0.215477,0.175953,negative,medium,
osm-5201675288-5201675286-0,jakarta-20200101,train,13.088,primary,1.0,0.0,0.0,0.0,0.114625,-0.063174,negative,medium,
osm-5205645925-10090309238-0,jakarta-20200101,train,1.899,primary,1.0,0.0,0.0,0.0,0.260449,0.154529,negative,medium,
osm-5227396653-9013059182-0,jakarta-20200101,train,42.713,primary,1.0,0.0,0.0,0.0,0.131927,1.562903,negative,medium,
osm-5230379695-104364332-0,jakarta-20200101,train,706.751,primary,1.0,0.0,0.0,0.0,-0.747668,-0.497382,negative,medium,
osm-5290941766-5078382212-0,jakarta-20200101,train,285.98,primary,1.0,0.0,0.0,0.0,1.251257,0.32186,negative,medium,
osm-5334300227-4785715143-0,jakarta-20200101,train,61.25,tertiary,1.0,0.0,0.0,0.0,0.244484,-0.104586,negative,medium,
osm-5354213657-2210464501-0,jakarta-20200101,train,148.704,primary,1.0,0.0,0.0,0.0,0.583745,0.436406,negative,medium,
osm-5354213698-1675425882-0,jakarta-20200101,train,52.498,primary,1.0,0.0,0.0,0.0,3.29286,-0.039279,negative,medium,
osm-5354213822-12688243259-0,jakarta-20200101,train,7.574,primary,1.0,0.0,0.0,0.0,0.512534,0.214723,negative,medium,
osm-5371596264-7120393920-0,jakarta-20200101,train,35.202,primary,1.0,0.0,0.0,0.0,2.45227,0.126788,negative,medium,
osm-5371596268-7120341842-0,jakarta-20200101,train,7.57,primary,1.0,0.0,0.0,0.0,3.191085,0.453862,negative,medium,
osm-5371596275-5004550057-0,jakarta-20200101,train,101.412,primary,1.0,0.0,0.0,0.0,3.522369,-0.148704,negative,medium,
osm-5371876858-310080557-0,jakarta-20200101,train,19.364,trunk,1.0,0.0,0.0,0.0,-0.255838,-0.038541,negative,medium,
osm-5372018440-6333252911-0,jakarta-20200101,train,40.167,secondary,1.0,0.0,0.0,0.0,-0.009806,0.253441,negative,medium,
osm-5372018448-5009348129-0,jakarta-20200101,train,136.318,secondary,1.0,0.0,0.0,0.0,0.072347,-0.661448,negative,medium,
osm-5372018508-6332594575-0,jakarta-20200101,train,59.023,primary,1.0,0.0,0.0,0.0,0.730243,0.35039,negative,medium,
osm-5372153126-6486347952-0,jakarta-20200101,train,23.508,trunk,1.0,0.0,0.0,0.0,0.040405,-0.001558,negative,medium,
osm-5372153133-12202088425-0,jakarta-20200101,train,19.402,trunk,1.0,0.0,0.0,0.0,-0.330713,-0.278593,negative,medium,
osm-5372153134-5372153137-0,jakarta-20200101,train,34.516,trunk,1.0,0.0,0.0,0.0,-0.034032,-0.281399,negative,medium,
osm-5372153137-5673841347-0,jakarta-20200101,train,12.661,trunk,1.0,0.0,0.0,0.0,0.247093,-0.02677,negative,medium,
osm-5372153144-9647927422-0,jakarta-20200101,train,8.725,trunk,1.0,0.0,0.0,0.0,2.436354,-0.964935,negative,medium,
osm-5372153147-6831185205-0,jakarta-20200101,train,39.999,trunk,1.0,0.0,0.0,0.0,-1.087913,-1.143646,negative,medium,
osm-5372153151-9486332419-0,jakarta-20200101,train,35.004,trunk,1.0,0.0,0.0,0.0,1.016104,-0.944085,negative,medium,
osm-5372153155-9003292724-0,jakarta-20200101,train,108.503,trunk,1.0,0.0,0.0,0.0,-0.536568,-0.860074,negative,medium,
osm-5372153165-5372153166-0,jakarta-20200101,train,106.787,trunk,1.0,0.0,0.0,0.0,0.409164,-0.510883,negative,medium,
osm-5372153166-5372153186-0,jakarta-20200101,train,134.559,trunk,1.0,0.0,0.0,0.0,-1.525556,-0.818339,negative,medium,
osm-5372153186-11438846310-0,jakarta-20200101,train,20.044,trunk,1.0,0.0,0.0,0.0,-2.065447,-0.246278,negative,medium,
osm-5372153187-6451233570-0,jakarta-20200101,train,200.392,trunk,1.0,0.0,0.0,0.0,-0.502803,-0.658698,negative,medium,
osm-5373820573-9032080365-0,jakarta-20200101,train,11.311,primary,1.0,0.0,0.0,0.0,-0.216258,-0.015646,negative,medium,
osm-5373977777-4849427405-0,jakarta-20200101,train,26.327,primary,1.0,0.0,0.0,0.0,0.600841,0.064049,negative,medium,
osm-5373977782-4849427421-0,jakarta-20200101,train,62.126,primary,1.0,0.0,0.0,0.0,-0.219493,-0.061685,negative,medium,
osm-5373977783-4849427396-0,jakarta-20200101,train,89.029,primary,1.0,0.0,0.0,0.0,0.135406,0.1527,negative,medium,
osm-5373977800-4849427413-0,jakarta-20200101,train,39.974,primary,1.0,0.0,0.0,0.0,0.979346,1.11898,negative,medium,
osm-5374005699-4849427395-0,jakarta-20200101,train,29.335,primary,1.0,0.0,0.0,0.0,1.411805,0.019222,negative,medium,
osm-5374199556-29939148-0,jakarta-20200101,train,9.209,secondary,1.0,0.0,0.0,0.0,-0.030344,0.056418,negative,medium,
osm-5374282148-11076463250-0,jakarta-20200101,train,64.693,primary,1.0,0.0,0.0,0.0,0.743711,-0.582766,negative,medium,
osm-5374282155-5377151799-0,jakarta-20200101,train,14.744,primary,1.0,0.0,0.0,0.0,0.475712,0.282884,negative,medium,
osm-5374282198-6315624963-0,jakarta-20200101,train,63.772,primary,1.0,0.0,0.0,0.0,0.843868,0.988912,negative,medium,
osm-5374282375-7103903985-0,jakarta-20200101,train,806.303,primary,1.0,0.0,0.0,0.0,0.616161,-0.554718,negative,medium,
osm-5374290437-186871954-0,jakarta-20200101,train,79.88,primary,1.0,0.0,0.0,0.0,0.705712,0.013946,negative,medium,
osm-5374380799-1675488274-0,jakarta-20200101,train,9.532,primary,1.0,0.0,0.0,0.0,-0.018201,0.051076,negative,medium,
osm-5374643987-9648835249-0,jakarta-20200101,train,48.107,primary,1.0,0.0,0.0,0.0,0.895338,0.927565,negative,medium,
osm-5374644166-7015230199-0,jakarta-20200101,train,18.29,primary,1.0,0.0,0.0,0.0,2.522986,0.635382,negative,medium,
osm-5374804742-4758805504-0,jakarta-20200101,train,37.119,primary,1.0,0.0,0.0,0.0,0.394047,-1.659687,negative,medium,
osm-5374804752-5374804742-0,jakarta-20200101,train,23.744,primary,1.0,0.0,0.0,0.0,0.556418,-0.150788,negative,medium,
osm-5374804755-5374804752-0,jakarta-20200101,train,25.306,primary,1.0,0.0,0.0,0.0,0.973122,0.732236,negative,medium,
osm-5377076414-5377076416-0,jakarta-20200101,train,44.553,primary,1.0,0.0,0.0,0.0,-0.222221,-0.588434,negative,medium,
osm-5377076416-11237483572-0,jakarta-20200101,train,5.019,primary,1.0,0.0,0.0,0.0,-0.325987,-0.629757,negative,medium,
osm-5377076421-9019122232-0,jakarta-20200101,train,41.788,primary,1.0,0.0,0.0,0.0,0.661998,0.070899,negative,medium,
osm-5377076423-5377076421-0,jakarta-20200101,train,56.823,primary,1.0,0.0,0.0,0.0,1.036561,-0.674948,negative,medium,
osm-5377076552-9708579924-0,jakarta-20200101,train,109.547,primary,1.0,0.0,0.0,0.0,0.63831,0.380334,negative,medium,
osm-5377076560-315198778-0,jakarta-20200101,train,24.222,primary,1.0,0.0,0.0,0.0,-0.450729,-0.917689,negative,medium,
osm-5377151799-6315603275-0,jakarta-20200101,train,6.482,primary,1.0,0.0,0.0,0.0,0.192937,0.193004,negative,medium,
osm-5377177680-9019104733-0,jakarta-20200101,train,55.794,primary,1.0,0.0,0.0,0.0,0.498113,-0.400122,negative,medium,
osm-5377177693-6320275018-0,jakarta-20200101,train,10.467,primary,1.0,0.0,0.0,0.0,0.936383,0.404946,negative,medium,
osm-5377178522-5377178527-0,jakarta-20200101,train,44.554,primary,1.0,0.0,0.0,0.0,-1.190039,-0.235543,negative,medium,
osm-5377178527-5669078465-0,jakarta-20200101,train,10.185,primary,1.0,0.0,0.0,0.0,-1.453354,-0.041092,negative,medium,
osm-5377313966-7192466992-0,jakarta-20200101,train,44.347,residential,1.0,0.0,0.0,0.0,1.346837,3.888251,negative,medium,
osm-5377313967-5377313966-0,jakarta-20200101,train,59.832,residential,1.0,0.0,0.0,0.0,1.041231,3.172964,negative,medium,
osm-5377313968-13913580148-0,jakarta-20200101,train,27.115,service,1.0,0.0,0.0,0.0,0.352658,0.643449,negative,medium,
osm-5377313978-5377313968-0,jakarta-20200101,train,31.982,service,1.0,0.0,0.0,0.0,0.593792,1.320982,negative,medium,
osm-5379663307-5379667458-0,jakarta-20200101,train,29.681,trunk,1.0,0.0,0.0,0.0,-2.894327,-2.426225,negative,medium,
osm-5379667162-12799849299-0,jakarta-20200101,train,39.96,trunk,1.0,0.0,0.0,0.0,0.218471,-0.355552,negative,medium,
osm-5379667437-7131381422-0,jakarta-20200101,train,85.36,trunk,1.0,0.0,0.0,0.0,-0.085464,-2.019241,negative,medium,
osm-5379667449-7697810036-0,jakarta-20200101,train,33.332,trunk,1.0,0.0,0.0,0.0,1.421064,-0.508683,negative,medium,
osm-5379667458-5379667449-0,jakarta-20200101,train,28.088,trunk,1.0,0.0,0.0,0.0,-0.611075,-1.862192,negative,medium,
osm-5379667472-10788400699-0,jakarta-20200101,train,16.849,trunk,1.0,0.0,0.0,0.0,0.733621,-1.116144,negative,medium,
osm-5379667478-5379663307-0,jakarta-20200101,train,53.639,trunk,1.0,0.0,0.0,0.0,-1.139928,-1.125521,negative,medium,
osm-5379767874-10654460939-0,jakarta-20200101,train,108.786,secondary,1.0,0.0,0.0,0.0,3.752154,-0.079516,negative,medium,
osm-5379767891-5380146201-0,jakarta-20200101,train,38.796,residential,1.0,0.0,0.0,0.0,-0.276463,0.244536,negative,medium,
osm-5379768929-6434967979-0,jakarta-20200101,train,45.58,residential,1.0,0.0,0.0,0.0,0.80413,-0.436083,negative,medium,
osm-5379768936-13030921684-0,jakarta-20200101,train,46.21,residential,1.0,0.0,0.0,0.0,1.638685,0.176812,negative,medium,
osm-5379768936-13030921685-0,jakarta-20200101,train,47.542,residential,1.0,0.0,0.0,0.0,1.357721,0.106738,negative,medium,
osm-5379777249-4982201717-0,jakarta-20200101,train,19.681,tertiary,1.0,0.0,0.0,0.0,-0.770879,0.629055,negative,medium,
osm-5379957272-9064994805-0,jakarta-20200101,train,29.863,primary,1.0,0.0,0.0,0.0,0.47208,-0.519555,negative,medium,
osm-5379957279-8520330753-0,jakarta-20200101,train,40.17,tertiary,1.0,0.0,0.0,0.0,1.127138,0.104207,negative,medium,
osm-5379957290-13734985443-0,jakarta-20200101,train,4.048,tertiary,1.0,0.0,0.0,0.0,0.355398,0.092837,negative,medium,
osm-5379989630-4815227762-0,jakarta-20200101,train,52.197,tertiary,1.0,0.0,0.0,0.0,-1.251583,0.328501,negative,medium,
osm-5379989631-1362598310-0,jakarta-20200101,train,46.893,tertiary,1.0,0.0,0.0,0.0,2.885023,-0.186625,negative,medium,
osm-5379992807-9015877327-0,jakarta-20200101,train,15.682,tertiary,1.0,0.0,0.0,0.0,-0.472579,0.712027,negative,medium,
osm-5380055271-1417312748-0,jakarta-20200101,train,42.649,trunk,1.0,0.0,0.0,0.0,0.112501,0.705567,negative,medium,
osm-5380068218-9497883594-0,jakarta-20200101,train,40.206,trunk,1.0,0.0,0.0,0.0,0.307688,0.241188,negative,medium,
osm-5380068236-5380068242-0,jakarta-20200101,train,28.761,primary,1.0,0.0,0.0,0.0,0.168597,-0.349306,negative,medium,
osm-5380068242-4849427423-0,jakarta-20200101,train,46.426,primary,1.0,0.0,0.0,0.0,-0.244685,0.154442,negative,medium,
osm-5380113830-6490074722-0,jakarta-20200101,train,77.528,primary,1.0,0.0,0.0,0.0,0.355383,0.810985,negative,medium,
osm-5380113845-329975510-0,jakarta-20200101,train,60.463,primary,1.0,0.0,0.0,0.0,0.2008,1.116458,negative,medium,
osm-5380146177-5379767891-0,jakarta-20200101,train,49.134,residential,1.0,0.0,0.0,0.0,-0.670713,-0.513335,negative,medium,
osm-5380146201-5068494261-0,jakarta-20200101,train,15.52,residential,1.0,0.0,0.0,0.0,0.787827,1.334999,negative,medium,
osm-5380146210-5068494260-0,jakarta-20200101,train,126.603,residential,1.0,0.0,0.0,0.0,-0.281225,0.448119,negative,medium,
osm-5380240426-317182368-0,jakarta-20200101,train,24.851,primary,1.0,0.0,0.0,0.0,0.434303,-0.008595,negative,medium,
osm-5380240433-5380240426-0,jakarta-20200101,train,29.93,primary,1.0,0.0,0.0,0.0,0.384295,0.752114,negative,medium,
osm-5380240456-320021668-0,jakarta-20200101,train,2.164,primary,1.0,0.0,0.0,0.0,-0.046554,1.55809,negative,medium,
osm-5388212558-7137820748-0,jakarta-20200101,train,518.476,trunk,1.0,0.0,0.0,0.0,2.627813,0.298797,negative,medium,
osm-5388328959-8509512970-0,jakarta-20200101,train,16.318,tertiary,1.0,0.0,0.0,0.0,-0.242388,0.11213,negative,medium,
osm-5388329052-5806359018-0,jakarta-20200101,train,80.021,primary,1.0,0.0,0.0,0.0,-1.373335,-0.802625,negative,medium,
osm-5388382567-9504567886-0,jakarta-20200101,train,52.714,trunk,1.0,0.0,0.0,0.0,-0.061569,0.205879,negative,medium,
osm-5391402284-1133807089-0,jakarta-20200101,train,35.747,tertiary,1.0,0.0,0.0,0.0,0.841072,-0.824919,negative,medium,
osm-5391413717-316170709-0,jakarta-20200101,train,9.94,primary,1.0,0.0,0.0,0.0,-0.825884,0.24205,negative,medium,
osm-5408975256-5408975257-0,jakarta-20200101,train,18.283,secondary,1.0,0.0,0.0,0.0,0.693139,-0.725072,negative,medium,
osm-5408975257-9694871645-0,jakarta-20200101,train,14.016,primary,1.0,0.0,0.0,0.0,1.732529,-0.068907,negative,medium,
osm-5421851682-5489964735-0,jakarta-20200101,train,33.603,trunk,1.0,0.0,0.0,0.0,0.587889,0.271922,negative,medium,
osm-5425990246-7576918597-0,jakarta-20200101,train,15.112,trunk,1.0,0.0,0.0,0.0,0.193153,-0.33352,negative,medium,
osm-5425990246-7576934780-0,jakarta-20200101,train,71.964,trunk,1.0,0.0,0.0,0.0,-0.086596,-1.550608,negative,medium,
osm-5436662071-12718674420-0,jakarta-20200101,train,44.286,secondary,1.0,0.0,0.0,0.0,1.604278,0.560454,negative,medium,
osm-5459048224-124093320-0,jakarta-20200101,train,65.208,primary,1.0,0.0,0.0,0.0,0.286711,-0.517206,negative,medium,
osm-5459161492-324276002-0,jakarta-20200101,train,128.529,trunk,1.0,0.0,0.0,0.0,0.684047,-0.490905,negative,medium,
osm-5459235880-13639648351-0,jakarta-20200101,train,3.051,primary,1.0,0.0,0.0,0.0,0.334377,-0.221414,negative,medium,
osm-5466187936-2415521692-0,jakarta-20200101,train,92.704,trunk,1.0,0.0,0.0,0.0,-1.020639,-0.525854,negative,medium,
osm-5487632874-1342878998-0,jakarta-20200101,train,77.617,trunk,1.0,0.0,0.0,0.0,0.222767,-1.378941,negative,medium,
osm-5487633143-7045010187-0,jakarta-20200101,train,55.035,primary,1.0,0.0,0.0,0.0,0.628813,-0.121434,negative,medium,
osm-5487633251-5639226152-0,jakarta-20200101,train,17.519,primary,1.0,0.0,0.0,0.0,0.319371,-1.063009,negative,medium,
osm-5489964735-11501464554-0,jakarta-20200101,train,51.471,trunk,1.0,0.0,0.0,0.0,0.487559,0.941518,negative,medium,
osm-5489964736-1342878941-0,jakarta-20200101,train,12.776,trunk,1.0,0.0,0.0,0.0,2.30879,-0.100598,negative,medium,
osm-5489964742-7045231385-0,jakarta-20200101,train,20.677,primary,1.0,0.0,0.0,0.0,-0.097398,0.248608,negative,medium,
osm-5490135579-5490135580-0,jakarta-20200101,train,11.937,primary,1.0,0.0,0.0,0.0,1.764129,1.855648,negative,medium,
osm-5490135580-5650613341-0,jakarta-20200101,train,115.321,primary,1.0,0.0,0.0,0.0,0.851795,-0.079578,negative,medium,
osm-5490514226-519545266-0,jakarta-20200101,train,74.086,trunk,1.0,0.0,0.0,0.0,-0.508457,1.122794,negative,medium,
osm-5492419187-6878897947-0,jakarta-20200101,train,51.268,trunk,1.0,0.0,0.0,0.0,1.827027,0.341226,negative,medium,
osm-5492419212-12681087362-0,jakarta-20200101,train,2.623,trunk,1.0,0.0,0.0,0.0,4.25633,2.269536,negative,medium,
osm-5492419221-12676215441-0,jakarta-20200101,train,111.824,trunk,1.0,0.0,0.0,0.0,-0.095821,-0.357624,negative,medium,
osm-5492419247-1139140184-0,jakarta-20200101,train,56.969,trunk,1.0,0.0,0.0,0.0,3.444534,-0.445514,negative,medium,
osm-5492419263-5492419270-0,jakarta-20200101,train,26.032,trunk,1.0,0.0,0.0,0.0,2.164598,0.66254,negative,medium,
osm-5492419270-11467500634-0,jakarta-20200101,train,44.887,trunk,1.0,0.0,0.0,0.0,3.099023,1.821988,negative,medium,
osm-5492419271-5493042852-0,jakarta-20200101,train,15.724,trunk,1.0,0.0,0.0,0.0,-1.701678,-0.866152,negative,medium,
osm-5493042852-5490514226-0,jakarta-20200101,train,19.97,trunk,1.0,0.0,0.0,0.0,-1.702196,-0.243826,negative,medium,
osm-5495680448-326484242-0,jakarta-20200101,train,236.173,primary,1.0,0.0,0.0,0.0,-0.473944,-0.142484,negative,medium,
osm-5495827291-95006366-0,jakarta-20200101,train,130.695,trunk,1.0,0.0,0.0,0.0,2.046761,0.563016,negative,medium,
osm-5498027213-7400356402-0,jakarta-20200101,train,13.651,trunk,1.0,0.0,0.0,0.0,0.440281,0.435275,negative,medium,
osm-5498027297-11445322163-0,jakarta-20200101,train,25.602,primary,1.0,0.0,0.0,0.0,0.61845,-0.119637,negative,medium,
osm-5498027298-9626511706-0,jakarta-20200101,train,83.527,primary,1.0,0.0,0.0,0.0,0.728361,-0.387452,negative,medium,
osm-5498027349-9036874926-0,jakarta-20200101,train,79.647,primary,1.0,0.0,0.0,0.0,0.452562,-0.390766,negative,medium,
osm-5499209000-13525649819-0,jakarta-20200101,train,96.878,primary,1.0,0.0,0.0,0.0,0.919218,-0.150428,negative,medium,
osm-5506920627-332341344-0,jakarta-20200101,train,74.89,residential,1.0,0.0,0.0,0.0,0.515913,-0.715755,negative,medium,
osm-5506920631-5648666147-0,jakarta-20200101,train,64.166,residential,1.0,0.0,0.0,0.0,0.833519,-0.566457,negative,medium,
osm-5506920811-5523935808-0,jakarta-20200101,train,70.05,primary,1.0,0.0,0.0,0.0,0.312103,-1.344946,negative,medium,
osm-5513076629-9644592829-0,jakarta-20200101,train,10.702,trunk,1.0,0.0,0.0,0.0,0.57429,-0.857815,negative,medium,
osm-5513076675-8553000081-0,jakarta-20200101,train,50.454,residential,1.0,0.0,0.0,0.0,0.406624,1.512482,negative,medium,
osm-5513424002-4836392226-0,jakarta-20200101,train,86.1,tertiary,1.0,0.0,0.0,0.0,-0.914492,-0.659502,negative,medium,
osm-5523935808-4551163784-0,jakarta-20200101,train,10.016,motorway_link,1.0,0.0,0.0,0.0,0.415366,-1.867194,negative,medium,
osm-5549685553-12729353026-0,jakarta-20200101,train,30.042,secondary,1.0,0.0,0.0,0.0,0.836433,-0.013948,negative,medium,
osm-5549685557-5984694495-0,jakarta-20200101,train,20.595,primary,1.0,0.0,0.0,0.0,4.155788,0.310137,negative,medium,
osm-5555933057-9004158961-0,jakarta-20200101,train,40.977,trunk,1.0,0.0,0.0,0.0,-0.23368,-0.194341,negative,medium,
osm-5639226152-5489964742-0,jakarta-20200101,train,51.908,primary,1.0,0.0,0.0,0.0,0.116869,-0.447808,negative,medium,
osm-5647102762-326484049-0,jakarta-20200101,train,125.062,primary,1.0,0.0,0.0,0.0,0.491109,0.458899,negative,medium,
osm-5648666147-332526397-0,jakarta-20200101,train,106.78,primary_link,1.0,0.0,0.0,0.0,0.04897,-0.413545,negative,medium,
osm-5650613341-5487633143-0,jakarta-20200101,train,376.955,primary,1.0,0.0,0.0,0.0,1.066054,0.804125,negative,medium,
osm-5652800252-5498027213-0,jakarta-20200101,train,35.862,trunk,1.0,0.0,0.0,0.0,1.042719,-0.008286,negative,medium,
osm-5652849428-4776237954-0,jakarta-20200101,train,60.248,primary,1.0,0.0,0.0,0.0,-0.395849,0.691786,negative,medium,
osm-5652849431-352897075-0,jakarta-20200101,train,28.75,primary,1.0,0.0,0.0,0.0,-0.135366,-0.558592,negative,medium,
osm-5653336499-4790999401-0,jakarta-20200101,train,59.502,primary,1.0,0.0,0.0,0.0,0.043003,-0.022886,negative,medium,
osm-5655125045-8510368916-0,jakarta-20200101,train,25.025,secondary,1.0,0.0,0.0,0.0,1.982421,1.626251,negative,medium,
osm-5655139014-11413710169-0,jakarta-20200101,train,39.588,primary,1.0,0.0,0.0,0.0,1.634311,-0.08664,negative,medium,
osm-5655187222-6406796742-0,jakarta-20200101,train,40.316,primary,1.0,0.0,0.0,0.0,1.260067,0.62861,negative,medium,
osm-5662302109-9533955728-0,jakarta-20200101,train,7.689,residential,1.0,0.0,0.0,0.0,-0.542708,-2.064674,negative,medium,
osm-5662309002-9013720082-0,jakarta-20200101,train,172.931,primary,1.0,0.0,0.0,0.0,0.137287,-0.751581,negative,medium,
osm-5662335002-6333006951-0,jakarta-20200101,train,87.477,primary,1.0,0.0,0.0,0.0,1.106407,-0.154453,negative,medium,
osm-5662546639-12139330016-0,jakarta-20200101,train,29.701,primary,1.0,0.0,0.0,0.0,1.484788,-0.179768,negative,medium,
osm-5665581665-324275961-0,jakarta-20200101,train,290.514,trunk,1.0,0.0,0.0,0.0,0.77425,-0.775678,negative,medium,
osm-5668231819-310327514-0,jakarta-20200101,train,416.789,motorway,1.0,0.0,0.0,0.0,-0.15056,-0.938467,negative,medium,
osm-5668256808-7123191860-0,jakarta-20200101,train,79.195,primary,1.0,0.0,0.0,0.0,0.696751,0.734381,negative,medium,
osm-5669076905-5377178522-0,jakarta-20200101,train,14.68,primary,1.0,0.0,0.0,0.0,0.219868,-0.559712,negative,medium,
osm-5669078458-310042746-0,jakarta-20200101,train,8.428,primary,1.0,0.0,0.0,0.0,0.972594,2.313939,negative,medium,
osm-5669078465-5669078458-0,jakarta-20200101,train,82.904,primary,1.0,0.0,0.0,0.0,0.84853,0.673036,negative,medium,
osm-5670939322-5372153165-0,jakarta-20200101,train,4.916,trunk,1.0,0.0,0.0,0.0,-0.054316,-0.842441,negative,medium,
osm-5670944441-4566501487-0,jakarta-20200101,train,54.753,secondary,1.0,0.0,0.0,0.0,1.927553,-1.068878,negative,medium,
osm-5671006753-5671006757-0,jakarta-20200101,train,79.384,trunk,1.0,0.0,0.0,0.0,0.478796,0.179372,negative,medium,
osm-5671006757-5671006769-0,jakarta-20200101,train,21.263,trunk,1.0,0.0,0.0,0.0,0.464637,-0.702768,negative,medium,
osm-5671006769-7038299405-0,jakarta-20200101,train,37.029,trunk,1.0,0.0,0.0,0.0,0.122621,-0.172079,negative,medium,
osm-5671006775-4859118379-0,jakarta-20200101,train,195.157,trunk,1.0,0.0,0.0,0.0,-1.317862,-1.694114,negative,medium,
osm-5671045991-3723599610-0,jakarta-20200101,train,679.786,motorway,1.0,0.0,0.0,0.0,-0.583316,-0.523863,negative,medium,
osm-5671081801-5373977783-0,jakarta-20200101,train,58.052,primary,1.0,0.0,0.0,0.0,0.471323,2.017574,negative,medium,
osm-5671267899-2821400645-0,jakarta-20200101,train,52.813,primary,1.0,0.0,0.0,0.0,0.580624,-0.349092,negative,medium,
osm-5671270622-7120411011-0,jakarta-20200101,train,15.972,primary,1.0,0.0,0.0,0.0,0.97959,0.38515,negative,medium,
osm-5671317482-5374290437-0,jakarta-20200101,train,15.379,primary,1.0,0.0,0.0,0.0,-0.750865,0.493017,negative,medium,
osm-5671317488-4546100816-0,jakarta-20200101,train,8.99,primary,1.0,0.0,0.0,0.0,0.247767,1.048947,negative,medium,
osm-5671327267-11246996071-0,jakarta-20200101,train,47.117,primary,1.0,0.0,0.0,0.0,-0.202098,0.289094,negative,medium,
osm-5671531324-5174097479-0,jakarta-20200101,train,47.081,primary,1.0,0.0,0.0,0.0,0.334082,-0.119426,negative,medium,
osm-5671605046-191578995-0,jakarta-20200101,train,12.85,primary,1.0,0.0,0.0,0.0,-0.008887,0.659743,negative,medium,
osm-5671605060-9031325937-0,jakarta-20200101,train,12.174,primary,1.0,0.0,0.016352,0.199,0.382079,-1.282779,negative,medium,
osm-5671605063-13586870998-0,jakarta-20200101,train,2.625,primary,1.0,0.0,0.0,0.0,0.78374,-1.17508,negative,medium,
osm-5671605067-9031074981-0,jakarta-20200101,train,24.493,primary,1.0,0.0,0.0,0.0,1.130162,1.046697,negative,medium,
osm-5673840820-13456652652-0,jakarta-20200101,train,39.649,trunk,1.0,0.0,0.0,0.0,0.608538,1.086979,negative,medium,
osm-5673841347-104356356-1,jakarta-20200101,train,28.583,trunk,1.0,0.0,0.0,0.0,-0.097286,0.137496,negative,medium,
osm-5673841354-7284085578-0,jakarta-20200101,train,36.806,primary,1.0,0.0,0.0,0.0,0.00051,0.245479,negative,medium,
osm-5673841364-3869782797-0,jakarta-20200101,train,154.462,primary,1.0,0.0,0.0,0.0,-0.097063,-0.659296,negative,medium,
osm-5673864834-5555933057-0,jakarta-20200101,train,32.737,trunk,1.0,0.0,0.0,0.0,0.878518,-0.027304,negative,medium,
osm-5674017477-29939142-0,jakarta-20200101,train,77.824,secondary,1.0,0.0,0.0,0.0,0.41787,-0.210286,negative,medium,
osm-5680696059-11542695776-0,jakarta-20200101,train,67.376,primary,1.0,0.0,0.0,0.0,-0.378178,-0.771855,negative,medium,
osm-5806359018-317156584-0,jakarta-20200101,train,428.977,primary,1.0,0.0,0.0,0.0,0.51223,0.738714,negative,medium,
osm-5984694495-6330678685-0,jakarta-20200101,train,6.495,primary,1.0,0.0,0.0,0.0,5.355488,0.421127,negative,medium,
osm-6004639297-9657468817-0,jakarta-20200101,train,10.458,trunk,1.0,0.0,0.0,0.0,-0.122999,-1.232911,negative,medium,
osm-6118418342-309714207-0,jakarta-20200101,train,32.779,trunk,1.0,0.0,0.0,0.0,-1.210419,-0.173815,negative,medium,
osm-6135130582-6493403591-0,jakarta-20200101,train,59.001,primary,1.0,0.0,0.0,0.0,0.026748,-0.033211,negative,medium,
osm-6219014696-9696714817-0,jakarta-20200101,train,7.958,primary,1.0,0.0,0.0,0.0,0.846429,-0.105726,negative,medium,
osm-6277705571-95022384-0,jakarta-20200101,train,26.565,trunk,1.0,0.0,0.0,0.0,-0.515196,-0.350221,negative,medium,
osm-6315603275-104369586-0,jakarta-20200101,train,33.263,primary,1.0,0.0,0.0,0.0,0.136315,-0.729955,negative,medium,
osm-6315609707-7225096520-0,jakarta-20200101,train,19.514,primary,1.0,0.0,0.0,0.0,0.984859,-0.25168,negative,medium,
osm-6315609708-6315609707-0,jakarta-20200101,train,17.784,primary,1.0,0.0,0.0,0.0,1.252821,0.136807,negative,medium,
osm-6315609717-7018595457-0,jakarta-20200101,train,154.243,primary,1.0,0.0,0.0,0.0,1.334605,0.097153,negative,medium,
osm-6315609717-13695587270-0,jakarta-20200101,train,128.73,primary,1.0,0.0,0.0,0.0,0.974982,-0.372006,negative,medium,
osm-6315615740-4548266767-0,jakarta-20200101,train,86.629,primary,1.0,0.0,0.0,0.0,0.448985,-1.163211,negative,medium,
osm-6315624963-11395329908-0,jakarta-20200101,train,37.123,primary,1.0,0.0,0.0,0.0,0.86304,-0.313978,negative,medium,
osm-6320275018-8503624788-0,jakarta-20200101,train,158.031,primary,1.0,0.0,0.0,0.0,0.830775,-0.357656,negative,medium,
osm-6322281575-13675743447-0,jakarta-20200101,train,69.556,tertiary,1.0,0.0,0.0,0.0,0.819201,0.912566,negative,medium,
osm-6322395865-393856974-0,jakarta-20200101,train,8.147,secondary,1.0,0.0,0.0,0.0,0.623418,1.614914,negative,medium,
osm-6322395881-351116570-0,jakarta-20200101,train,12.182,secondary,1.0,0.0,0.0,0.0,0.545481,0.06802,negative,medium,
osm-6322396585-11166256394-0,jakarta-20200101,train,78.958,secondary,1.0,0.0,0.0,0.0,-0.318402,-0.322511,negative,medium,
osm-6322396593-12729353047-0,jakarta-20200101,train,6.375,secondary,1.0,0.0,0.0,0.0,1.010856,0.180189,negative,medium,
osm-6330385236-6330385245-0,jakarta-20200101,train,21.782,primary,1.0,0.0,0.0,0.0,1.894527,0.324473,negative,medium,
osm-6330385245-1134908642-0,jakarta-20200101,train,115.153,primary,1.0,0.0,0.0,0.0,1.330056,0.110193,negative,medium,
osm-6330562646-310003828-0,jakarta-20200101,train,68.921,tertiary,1.0,0.0,0.0,0.0,0.649689,0.061644,negative,medium,
osm-6330678685-5354213698-0,jakarta-20200101,train,54.519,primary,1.0,0.0,0.0,0.0,4.531426,0.639139,negative,medium,
osm-6331233983-5513076629-1,jakarta-20200101,train,75.794,trunk,1.0,0.0,0.0,0.0,1.583991,0.479319,negative,medium,
osm-6331405436-5492419247-0,jakarta-20200101,train,9.962,trunk,1.0,0.0,0.0,0.0,1.429943,0.472964,negative,medium,
osm-6332293300-6978444810-0,jakarta-20200101,train,72.13,primary,1.0,0.0,0.0,0.0,1.142765,0.57105,negative,medium,
osm-6332594575-6332293300-0,jakarta-20200101,train,13.762,primary,1.0,0.0,0.0,0.0,1.430196,0.711693,negative,medium,
osm-6332607740-9031970386-0,jakarta-20200101,train,29.389,primary,1.0,0.0,0.0,0.0,-1.285208,-0.35384,negative,medium,
osm-6332686268-4260761277-0,jakarta-20200101,train,82.333,primary,1.0,0.0,0.0,0.0,1.267638,-0.018637,negative,medium,
osm-6332686273-5652849431-0,jakarta-20200101,train,21.851,primary,1.0,0.0,0.0,0.0,0.288657,-1.945811,negative,medium,
osm-6333006951-5391413717-0,jakarta-20200101,train,33.887,primary,1.0,0.0,0.0,0.0,-1.378615,-0.638577,negative,medium,
osm-6333252911-9019103699-0,jakarta-20200101,train,95.201,secondary,1.0,0.0,0.0,0.0,0.271425,0.515596,negative,medium,
osm-6334537720-4566501805-0,jakarta-20200101,train,65.372,primary,1.0,0.0,0.0,0.0,1.162233,0.937037,negative,medium,
osm-6334537728-430546294-0,jakarta-20200101,train,103.268,secondary,1.0,0.0,0.0,0.0,0.376069,-0.849721,negative,medium,
osm-6334659081-4566501806-0,jakarta-20200101,train,145.283,secondary,1.0,0.0,0.0,0.0,0.144835,0.639699,negative,medium,
osm-6334849877-309950695-0,jakarta-20200101,train,121.426,primary,1.0,0.0,0.0,0.0,-0.630874,0.026618,negative,medium,
osm-6336788287-7117640144-0,jakarta-20200101,train,12.935,primary,1.0,0.0,0.0,0.0,0.554573,-0.472134,negative,medium,
osm-6336788292-309941624-0,jakarta-20200101,train,62.34,primary,1.0,0.0,0.0,0.0,0.727027,-1.021752,negative,medium,
osm-6347347053-504912724-0,jakarta-20200101,train,77.89,secondary,1.0,0.0,0.0,0.0,0.698056,-0.977209,negative,medium,
osm-6359768001-186894208-0,jakarta-20200101,train,244.214,primary,1.0,0.0,0.0,0.0,0.412938,-0.655114,negative,medium,
osm-6359768003-318168808-0,jakarta-20200101,train,7.699,secondary,1.0,0.0,0.0,0.0,0.371197,-1.27591,negative,medium,
osm-6366750161-332517701-0,jakarta-20200101,train,71.949,trunk,1.0,0.0,0.0,0.0,-0.746824,0.27923,negative,medium,
osm-6370527438-321722198-0,jakarta-20200101,train,125.495,primary,1.0,0.0,0.0,0.0,-0.094577,1.536753,negative,medium,
osm-6370527439-6370527438-0,jakarta-20200101,train,27.327,primary,1.0,0.0,0.0,0.0,1.390375,1.407651,negative,medium,
osm-6406796742-9013059183-0,jakarta-20200101,train,16.894,primary,1.0,0.0,0.0,0.0,0.928856,-0.388967,negative,medium,
osm-6429880632-316486226-0,jakarta-20200101,train,699.086,motorway,1.0,0.0,0.0,0.0,1.404388,0.373626,negative,medium,
osm-6430186685-2836706756-0,jakarta-20200101,train,202.003,secondary,1.0,0.0,0.0,0.0,2.11236,-0.083987,negative,medium,
osm-6430860592-9504400678-0,jakarta-20200101,train,144.74,trunk_link,1.0,0.0,0.0,0.0,-0.745555,0.243943,negative,medium,
osm-6434923286-5112284316-0,jakarta-20200101,train,58.452,trunk,1.0,0.0,0.0,0.0,-0.512226,-1.308454,negative,medium,
osm-6434930408-5112682630-0,jakarta-20200101,train,47.215,trunk,1.0,0.0,0.0,0.0,-0.596681,1.656552,negative,medium,
osm-6434945508-1342879000-0,jakarta-20200101,train,44.222,trunk,1.0,0.0,0.0,0.0,1.660699,0.322349,negative,medium,
osm-6434967979-2836706754-0,jakarta-20200101,train,77.284,residential,1.0,0.0,0.0,0.0,1.14998,-0.549777,negative,medium,
osm-6451021641-4914353827-0,jakarta-20200101,train,9.362,trunk,1.0,0.0,0.0,0.0,0.872504,0.20943,negative,medium,
osm-6451233564-1757800736-0,jakarta-20200101,train,53.936,trunk,1.0,0.0,0.0,0.0,-0.357705,-0.509754,negative,medium,
osm-6451233564-6776829930-0,jakarta-20200101,train,54.41,trunk_link,1.0,0.0,0.0,0.0,-0.381212,-0.328912,negative,medium,
osm-6451233565-6451233564-0,jakarta-20200101,train,4.916,trunk,1.0,0.0,0.0,0.0,0.266328,0.402257,negative,medium,
osm-6451233570-10098494032-0,jakarta-20200101,train,6.35,trunk,1.0,0.0,0.0,0.0,0.130152,-0.809729,negative,medium,
osm-6451500598-3266396608-0,jakarta-20200101,train,23.491,primary,1.0,0.0,0.0,0.0,1.211188,-0.195114,negative,medium,
osm-6456763921-7070822596-0,jakarta-20200101,train,25.188,primary,1.0,0.0,0.0,0.0,-2.372084,-0.565194,negative,medium,
osm-6459026538-1135179421-0,jakarta-20200101,train,36.093,tertiary,1.0,0.0,0.0,0.0,-0.510929,-0.012713,negative,medium,
osm-6459032697-12738838445-0,jakarta-20200101,train,86.479,secondary,1.0,0.0,0.0,0.0,-0.164978,0.024611,negative,medium,
osm-6459323552-4990059014-0,jakarta-20200101,train,255.219,primary,1.0,0.0,0.0,0.0,0.041912,-0.860407,negative,medium,
osm-6459341771-5201675288-0,jakarta-20200101,train,343.628,primary,1.0,0.0,0.0,0.0,0.903069,-0.330323,negative,medium,
osm-6471562381-4798985491-0,jakarta-20200101,train,51.527,primary,1.0,0.0,0.0,0.0,1.754516,-0.001674,negative,medium,
osm-6471563890-5373977777-0,jakarta-20200101,train,19.428,primary,1.0,0.0,0.0,0.0,0.476346,-0.897709,negative,medium,
osm-6477409182-4815227758-0,jakarta-20200101,train,43.973,tertiary,1.0,0.0,0.0,0.0,0.142475,-0.500283,negative,medium,
osm-6486347952-9491290599-0,jakarta-20200101,train,70.429,trunk,1.0,0.0,0.0,0.0,0.500875,-1.263087,negative,medium,
osm-6490074722-330177825-0,jakarta-20200101,train,9.178,primary,1.0,0.0,0.0,0.0,-0.957716,0.330451,negative,medium,
osm-6493403591-3266332372-0,jakarta-20200101,train,39.086,primary,1.0,0.0,0.0,0.0,0.277582,-0.564269,negative,medium,
osm-6531806778-7082730280-0,jakarta-20200101,train,8.68,primary,1.0,0.0,0.0,0.0,-1.340817,-0.032343,negative,medium,
osm-6546950357-309712345-0,jakarta-20200101,train,171.284,trunk,1.0,0.0,0.0,0.0,0.185796,-0.478871,negative,medium,
osm-6547719124-1675488274-0,jakarta-20200101,train,9.47,primary,1.0,0.0,0.0,0.0,0.052832,0.023499,negative,medium,
osm-6552109327-5671605046-0,jakarta-20200101,train,36.763,primary,1.0,0.0,0.0,0.0,-0.550959,-0.330652,negative,medium,
osm-6604587143-7059651780-0,jakarta-20200101,train,99.035,primary,1.0,0.0,0.0,0.0,0.579235,-0.073896,negative,medium,
osm-6776762980-310048835-0,jakarta-20200101,train,43.994,primary,1.0,0.0,0.0,0.0,0.397026,0.02573,negative,medium,
osm-6776762981-6776762980-0,jakarta-20200101,train,11.276,primary,1.0,0.0,0.0,0.0,-0.630204,-0.234812,negative,medium,
osm-6776829930-6776762981-0,jakarta-20200101,train,26.482,trunk_link,1.0,0.0,0.0,0.0,-0.965848,-0.690492,negative,medium,
osm-6797982811-6118418342-0,jakarta-20200101,train,64.208,trunk,1.0,0.0,0.0,0.0,-1.013077,-0.8874,negative,medium,
osm-6801763173-8811850651-0,jakarta-20200101,train,3.643,residential,1.0,0.0,0.0,0.0,0.646649,-1.992966,negative,medium,
osm-6806925400-317193936-0,jakarta-20200101,train,36.732,primary,1.0,0.0,0.0,0.0,0.413361,1.322807,negative,medium,
osm-6831185205-9486285513-0,jakarta-20200101,train,26.117,trunk,1.0,0.0,0.0,0.0,-0.995424,-1.339039,negative,medium,
osm-6862048641-5655125045-0,jakarta-20200101,train,44.676,secondary,1.0,0.0,0.0,0.0,0.453772,1.083134,negative,medium,
osm-6878897947-1139139728-0,jakarta-20200101,train,35.183,trunk,1.0,0.0,0.0,0.0,-0.660155,-0.287101,negative,medium,
osm-6884974160-11899737707-0,jakarta-20200101,train,21.993,primary,1.0,0.0,0.0,0.0,0.97928,-1.934524,negative,medium,
osm-6907592439-315710860-0,jakarta-20200101,train,42.956,secondary,1.0,0.0,0.0,0.0,0.832027,0.141919,negative,medium,
osm-6907714745-5380146210-0,jakarta-20200101,train,142.335,residential,1.0,0.0,0.0,0.0,0.704398,1.232631,negative,medium,
osm-6910883258-4849427384-0,jakarta-20200101,train,44.406,primary,1.0,0.0,0.0,0.0,0.05523,-0.88326,negative,medium,
osm-6978444809-9002723306-0,jakarta-20200101,train,185.104,primary,1.0,0.0,0.0,0.0,1.61746,-0.14283,negative,medium,
osm-6978444810-6978444809-0,jakarta-20200101,train,30.621,primary,1.0,0.0,0.0,0.0,0.627585,0.233586,negative,medium,
osm-6978547983-3723635038-0,jakarta-20200101,train,228.128,trunk,1.0,0.0,0.0,0.0,0.571331,-0.367919,negative,medium,
osm-7003228710-1321537155-0,jakarta-20200101,train,11.784,primary,1.0,0.0,0.0,0.0,0.661751,-0.247501,negative,medium,
osm-7003228710-7003248324-0,jakarta-20200101,train,14.05,primary_link,1.0,0.0,0.0,0.0,0.770432,-0.192753,negative,medium,
osm-7003248324-1321537155-0,jakarta-20200101,train,12.074,primary,1.0,0.0,0.0,0.0,0.871722,-0.195477,negative,medium,
osm-7015230195-4849427387-0,jakarta-20200101,train,64.876,primary,1.0,0.0,0.0,0.0,1.012331,-0.001081,negative,medium,
osm-7015230199-7015230195-0,jakarta-20200101,train,44.623,primary,1.0,0.0,0.0,0.0,1.499709,0.427507,negative,medium,
osm-7018595457-6315609708-0,jakarta-20200101,train,34.224,primary,1.0,0.0,0.0,0.0,1.27279,0.647431,negative,medium,
osm-7026798812-5498027297-0,jakarta-20200101,train,424.098,primary,1.0,0.0,0.0,0.0,1.386759,-0.133498,negative,medium,
osm-7027128992-4658384434-0,jakarta-20200101,train,91.163,primary,1.0,0.0,0.0,0.0,-0.329502,0.806399,negative,medium,
osm-7027231693-4152867163-0,jakarta-20200101,train,112.816,primary,1.0,0.0,0.0,0.0,-0.386894,-0.88309,negative,medium,
osm-7029385572-316486305-0,jakarta-20200101,train,43.932,trunk_link,1.0,0.0,0.0,0.0,-1.684989,-2.01293,negative,medium,
osm-7029563618-4993841487-0,jakarta-20200101,train,28.299,primary_link,1.0,0.0,0.0,0.0,-0.559793,1.6416,negative,medium,
osm-7029563618-7029563620-0,jakarta-20200101,train,12.404,primary,1.0,0.0,0.0,0.0,-0.766651,1.724023,negative,medium,
osm-7029563620-7029563621-0,jakarta-20200101,train,10.441,primary,1.0,0.0,0.0,0.0,-0.374742,1.483374,negative,medium,
osm-7029563621-12530400916-0,jakarta-20200101,train,28.354,primary,1.0,0.0,0.0,0.0,0.275839,1.265834,negative,medium,
osm-7038299405-388023277-0,jakarta-20200101,train,43.755,trunk,1.0,0.0,0.0,0.0,0.318617,-0.295786,negative,medium,
osm-7039275702-1359134222-0,jakarta-20200101,train,36.048,primary,1.0,0.0,0.0,0.0,0.000846,-0.550079,negative,medium,
osm-7044795931-7509918742-0,jakarta-20200101,train,11.4,primary,1.0,0.0,0.0,0.0,0.498344,-0.014697,negative,medium,
osm-7044795934-7044795931-0,jakarta-20200101,train,24.82,primary,1.0,0.0,0.0,0.0,0.610666,0.292118,negative,medium,
osm-7045010187-5487633251-0,jakarta-20200101,train,205.057,primary,1.0,0.0,0.0,0.0,0.303295,-0.292301,negative,medium,
osm-7045010651-4502213977-0,jakarta-20200101,train,32.545,secondary,1.0,0.0,0.0,0.0,-0.457046,-1.232212,negative,medium,
osm-7045231385-11501464552-0,jakarta-20200101,train,22.119,primary,1.0,0.0,0.0,0.0,1.321607,0.443077,negative,medium,
osm-7046982976-1682844563-0,jakarta-20200101,train,396.732,primary,1.0,0.0,0.0,0.0,0.182763,-0.230958,negative,medium,
osm-7050035434-7050035438-0,jakarta-20200101,train,35.11,primary,1.0,0.0,0.0,0.0,-0.319263,-0.864341,negative,medium,
osm-7050035434-7050035440-0,jakarta-20200101,train,73.184,trunk,1.0,0.0,0.0,0.0,-0.614041,-0.644872,negative,medium,
osm-7050035438-7122914747-0,jakarta-20200101,train,88.409,primary,1.0,0.0,0.0,0.0,0.140372,-0.413024,negative,medium,
osm-7050035440-7246575157-0,jakarta-20200101,train,9.626,trunk,1.0,0.0,0.0,0.0,-0.06777,0.231594,negative,medium,
osm-7052519688-7070168306-0,jakarta-20200101,train,87.927,trunk,1.0,0.0,0.0,0.0,-0.334054,0.20659,negative,medium,
osm-7055752942-5006633608-0,jakarta-20200101,train,119.355,primary,1.0,0.0,0.0,0.0,-0.651637,0.356263,negative,medium,
osm-7055776846-4990059515-0,jakarta-20200101,train,193.239,primary,1.0,0.0,0.0,0.0,0.069319,0.041691,negative,medium,
osm-7059042271-6315609717-0,jakarta-20200101,train,5.34,primary,1.0,0.0,0.0,0.0,0.483165,-0.609427,negative,medium,
osm-7059651780-316412093-0,jakarta-20200101,train,12.186,primary,1.0,0.0,0.0,0.0,0.10445,-0.213898,negative,medium,
osm-7062375566-7513762422-0,jakarta-20200101,train,5.34,primary,1.0,0.0,0.0,0.0,-0.238236,-0.1613,negative,medium,
osm-7070168306-7483895436-0,jakarta-20200101,train,11.254,trunk,1.0,0.0,0.0,0.0,-0.368529,0.248522,negative,medium,
osm-7070168315-310048098-0,jakarta-20200101,train,999.957,motorway,1.0,0.0,0.0,0.0,-0.500871,-0.300366,negative,medium,
osm-7070822596-7027231693-0,jakarta-20200101,train,71.423,primary,1.0,0.0,0.0,0.0,-0.860049,-0.04175,negative,medium,
osm-7082730280-5655139014-0,jakarta-20200101,train,38.36,primary,1.0,0.0,0.0,0.0,-0.247489,0.114878,negative,medium,
osm-7082864214-310048835-0,jakarta-20200101,train,73.245,motorway_link,1.0,0.0,0.0,0.0,0.234325,0.280789,negative,medium,
osm-7096117327-6862048641-0,jakarta-20200101,train,43.381,secondary,1.0,0.0,0.0,0.0,1.839406,0.895759,negative,medium,
osm-7098183581-9695103618-0,jakarta-20200101,train,26.537,secondary,1.0,0.0,0.0,0.0,0.494608,-0.2037,negative,medium,
osm-7103369194-317156628-0,jakarta-20200101,train,20.31,primary,1.0,0.0,0.0,0.0,0.254859,0.054182,negative,medium,
osm-7103369200-7103369194-0,jakarta-20200101,train,17.552,primary,1.0,0.0,0.0,0.0,0.659015,1.19762,negative,medium,
osm-7103903985-1351484887-0,jakarta-20200101,train,5.251,primary,1.0,0.0,0.0,0.0,0.961647,-0.044411,negative,medium,
osm-7104997606-5172730315-0,jakarta-20200101,train,64.294,secondary,1.0,0.0,0.0,0.0,-0.398335,-0.749287,negative,medium,
osm-7105384963-1342878909-0,jakarta-20200101,train,100.619,trunk,1.0,0.0,0.0,0.0,-0.371747,1.043306,negative,medium,
osm-7112944949-393861915-0,jakarta-20200101,train,25.867,secondary,1.0,0.0,0.0,0.0,0.539363,0.708697,negative,medium,
osm-7117458776-5380055271-0,jakarta-20200101,train,186.493,trunk,1.0,0.0,0.0,0.0,1.363995,1.425941,negative,medium,
osm-7117640144-5189820259-0,jakarta-20200101,train,189.56,primary,1.0,0.0,0.001141,0.216,-0.862553,-0.79353,negative,medium,
osm-7118113165-104356359-0,jakarta-20200101,train,75.152,trunk,1.0,0.0,0.0,0.0,-0.776463,-0.85215,negative,medium,
osm-7120306569-5371596275-0,jakarta-20200101,train,63.385,primary,1.0,0.0,0.0,0.0,3.688479,0.976662,negative,medium,
osm-7120306577-7120306569-0,jakarta-20200101,train,25.987,primary,1.0,0.0,0.0,0.0,3.414858,0.053437,negative,medium,
osm-7120310389-9665578858-0,jakarta-20200101,train,59.0,primary,1.0,0.0,0.0,0.0,1.201083,0.349328,negative,medium,
osm-7120318185-7120380404-0,jakarta-20200101,train,22.25,primary,1.0,0.0,0.0,0.0,1.773596,-0.580999,negative,medium,
osm-7120341842-7120393917-0,jakarta-20200101,train,18.174,primary,1.0,0.0,0.0,0.0,3.350087,0.351996,negative,medium,
osm-7120370231-4996688468-0,jakarta-20200101,train,57.882,primary,1.0,0.0,0.0,0.0,0.59055,-1.230285,negative,medium,
osm-7120377653-29939156-0,jakarta-20200101,train,38.542,primary,1.0,0.0,0.0,0.0,0.043178,-1.250273,negative,medium,
osm-7120377658-7120377653-0,jakarta-20200101,train,12.145,primary,1.0,0.0,0.0,0.0,-0.701196,-1.920507,negative,medium,
osm-7120380401-5371596264-0,jakarta-20200101,train,14.281,primary,1.0,0.0,0.0,0.0,2.421739,-0.054937,negative,medium,
osm-7120380404-7120380401-0,jakarta-20200101,train,16.262,primary,1.0,0.0,0.0,0.0,2.266887,-0.261528,negative,medium,
osm-7120383641-10758010539-0,jakarta-20200101,train,74.185,primary,1.0,0.0,0.0,0.0,-0.508024,-0.960334,negative,medium,
osm-7120383650-7120383641-0,jakarta-20200101,train,20.977,primary,1.0,0.0,0.0,0.0,-0.456998,-0.845118,negative,medium,
osm-7120383655-7120383650-0,jakarta-20200101,train,10.639,primary,1.0,0.0,0.0,0.0,0.298501,-0.810245,negative,medium,
osm-7120383657-1163404618-0,jakarta-20200101,train,11.476,primary,1.0,0.0,0.0,0.0,-0.966148,-2.429624,negative,medium,
osm-7120383659-7120383657-0,jakarta-20200101,train,19.811,primary,1.0,0.0,0.0,0.0,-1.493042,-1.97184,negative,medium,
osm-7120393905-7120377658-0,jakarta-20200101,train,50.707,primary,1.0,0.0,0.0,0.0,1.401287,-1.52716,negative,medium,
osm-7120393917-7120306577-0,jakarta-20200101,train,8.037,primary,1.0,0.0,0.0,0.0,3.397063,0.15443,negative,medium,
osm-7120393920-5371596268-0,jakarta-20200101,train,15.313,primary,1.0,0.0,0.0,0.0,2.853574,0.401716,negative,medium,
osm-7120410534-4899821967-0,jakarta-20200101,train,97.519,primary,1.0,0.0,0.0,0.0,1.081391,0.438102,negative,medium,
osm-7120410539-7120410534-0,jakarta-20200101,train,34.162,primary,1.0,0.0,0.0,0.0,0.547507,-0.117652,negative,medium,
osm-7120410540-7120410539-0,jakarta-20200101,train,19.381,primary,1.0,0.0,0.0,0.0,0.424697,-0.234987,negative,medium,
osm-7120410546-13720913830-0,jakarta-20200101,train,9.312,primary,1.0,0.0,0.0,0.0,-0.408363,-0.347451,negative,medium,
osm-7120411005-7120419447-0,jakarta-20200101,train,55.116,primary,1.0,0.0,0.0,0.0,3.599242,0.689948,negative,medium,
osm-7120411011-7120411005-0,jakarta-20200101,train,19.969,primary,1.0,0.0,0.0,0.0,1.560477,0.997935,negative,medium,
osm-7120419442-29939154-0,jakarta-20200101,train,35.593,primary,1.0,0.0,0.0,0.0,0.449311,-0.612276,negative,medium,
osm-7120419444-7120419442-0,jakarta-20200101,train,26.578,primary,1.0,0.0,0.0,0.0,3.621545,-0.200877,negative,medium,
osm-7120419447-7120419444-0,jakarta-20200101,train,10.136,primary,1.0,0.0,0.0,0.0,4.820633,-0.351831,negative,medium,
osm-7120440775-7756153690-0,jakarta-20200101,train,7.5,primary,1.0,0.0,0.0,0.0,-0.969669,-0.274632,negative,medium,
osm-7120440781-5671531324-0,jakarta-20200101,train,51.471,primary,1.0,0.0,0.0,0.0,0.263292,0.40098,negative,medium,
osm-7120487195-316374654-0,jakarta-20200101,train,13.689,primary,1.0,0.0,0.0,0.0,0.104782,0.201462,negative,medium,
osm-7120487197-7120487195-0,jakarta-20200101,train,14.81,primary,1.0,0.0,0.0,0.0,0.204225,1.424813,negative,medium,
osm-7120502855-4750115938-0,jakarta-20200101,train,159.115,primary,1.0,0.0,0.0,0.0,-0.495943,-1.1144,negative,medium,
osm-7120512601-5669076905-0,jakarta-20200101,train,60.461,primary,1.0,0.0,0.0,0.0,0.468093,-0.839068,negative,medium,
osm-7120831201-1376428022-0,jakarta-20200101,train,11.772,trunk,1.0,0.0,0.0,0.0,1.157377,-1.489703,negative,medium,
osm-7122843809-7045010651-0,jakarta-20200101,train,34.393,secondary,1.0,0.0,0.0,0.0,-0.827587,-1.821826,negative,medium,
osm-7122914747-5673841354-0,jakarta-20200101,train,40.978,primary,1.0,0.0,0.0,0.0,0.457954,0.660542,negative,medium,
osm-7123191860-13828094473-0,jakarta-20200101,train,45.62,primary,1.0,0.0,0.0,0.0,0.291879,0.08984,negative,medium,
osm-7131381422-5425990246-0,jakarta-20200101,train,97.807,trunk,1.0,0.0,0.0,0.0,1.220274,0.405712,negative,medium,
osm-7131628847-5068494252-0,jakarta-20200101,train,28.717,residential,1.0,0.0,0.0,0.0,1.328832,1.11227,negative,medium,
osm-7131628852-7131628847-1,jakarta-20200101,train,77.693,service,1.0,0.0,0.0,0.0,1.359345,1.098594,negative,medium,
osm-7131701881-9694163557-0,jakarta-20200101,train,323.736,primary,1.0,0.0,0.0,0.0,0.294581,0.831496,negative,medium,
osm-7132187495-7132187498-0,jakarta-20200101,train,51.015,primary,1.0,0.0,0.0,0.0,1.228489,-0.660818,negative,medium,
osm-7132187498-9009474493-0,jakarta-20200101,train,17.111,primary,1.0,0.0,0.0,0.0,0.234525,-1.009798,negative,medium,
osm-7132270238-5374380799-0,jakarta-20200101,train,186.293,primary,1.0,0.0,0.0,0.0,0.430379,0.300711,negative,medium,
osm-7137519768-7137727237-0,jakarta-20200101,train,272.485,trunk,1.0,0.0,0.0,0.0,0.450743,0.037073,negative,medium,
osm-7137574112-5380068218-0,jakarta-20200101,train,104.846,trunk,1.0,0.0,0.0,0.0,0.620562,0.053261,negative,medium,
osm-7137652765-328320159-0,jakarta-20200101,train,114.029,trunk_link,1.0,0.0,0.0,0.0,0.774859,0.063652,negative,medium,
osm-7137727237-7246511033-0,jakarta-20200101,train,16.412,trunk,1.0,0.0,0.0,0.0,0.709699,-0.084789,negative,medium,
osm-7137820748-4548267014-0,jakarta-20200101,train,58.717,trunk,1.0,0.0,0.0,0.0,1.023958,-0.433383,negative,medium,
osm-7140161059-6434930408-0,jakarta-20200101,train,40.295,trunk,1.0,0.0,0.0,0.0,0.204337,-0.102232,negative,medium,
osm-7140306354-6434945508-0,jakarta-20200101,train,54.41,trunk,1.0,0.0,0.0,0.0,0.910263,1.234317,negative,medium,
osm-7147121113-7697810035-0,jakarta-20200101,train,382.128,trunk,1.0,0.0,0.0,0.0,0.074929,-0.87987,negative,medium,
osm-7149726253-5487632874-0,jakarta-20200101,train,107.102,trunk,1.0,0.0,0.0,0.0,-0.883186,0.077492,negative,medium,
osm-7152827727-10599212863-0,jakarta-20200101,train,36.824,tertiary,1.0,0.0,0.0,0.0,-0.265925,-0.030751,negative,medium,
osm-7156322369-316374602-0,jakarta-20200101,train,27.08,primary,1.0,0.0,0.0,0.0,-1.018292,-1.296836,negative,medium,
osm-7192466992-1695811568-0,jakarta-20200101,train,105.94,residential,1.0,0.0,0.0,0.0,0.28958,0.495317,negative,medium,
osm-7225096520-4800528564-0,jakarta-20200101,train,22.681,primary,1.0,0.0,0.0,0.0,0.405227,-0.558083,negative,medium,
osm-7226592293-7226690310-0,jakarta-20200101,train,94.197,primary,1.0,0.0,0.0,0.0,1.30204,-0.089391,negative,medium,
osm-7226690310-9684746119-0,jakarta-20200101,train,43.501,primary,1.0,0.0,0.0,0.0,1.059615,-0.246225,negative,medium,
osm-7226690317-1311842311-0,jakarta-20200101,train,19.693,primary,1.0,0.0,0.0,0.0,1.898976,0.436234,negative,medium,
osm-7229469661-4776087714-0,jakarta-20200101,train,25.968,tertiary,1.0,0.0,0.0,0.0,1.022679,1.222489,negative,medium,
osm-7241544817-5227396653-0,jakarta-20200101,train,43.856,primary,1.0,0.0,0.0,0.0,0.26252,1.025627,negative,medium,
osm-7241781245-315305416-0,jakarta-20200101,train,19.738,tertiary,1.0,0.0,0.0,0.0,1.375731,-0.268909,negative,medium,
osm-7246473924-4564612508-0,jakarta-20200101,train,30.73,primary,1.0,0.0,0.007197,0.221,-0.528131,-0.074034,negative,medium,
osm-7246511033-7137652765-0,jakarta-20200101,train,31.486,trunk,1.0,0.0,0.0,0.0,1.075649,-0.152437,negative,medium,
osm-7246575157-5673840820-0,jakarta-20200101,train,10.249,trunk,1.0,0.0,0.0,0.0,0.383234,0.645115,negative,medium,
osm-7249176145-104363249-0,jakarta-20200101,train,46.069,primary,1.0,0.0,0.0,0.0,1.326209,0.933979,negative,medium,
osm-7260196327-1139139742-1,jakarta-20200101,train,299.132,trunk,1.0,0.0,0.0,0.0,1.626071,1.73228,negative,medium,
osm-7260204106-6331405436-0,jakarta-20200101,train,89.21,trunk,1.0,0.0,0.0,0.0,0.48359,1.248584,negative,medium,
osm-7284085578-317417610-0,jakarta-20200101,train,14.124,primary,1.0,0.0,0.0,0.0,-0.466615,-0.075777,negative,medium,
osm-7400356402-95010735-0,jakarta-20200101,train,12.803,trunk,1.0,0.0,0.0,0.0,0.430301,1.083077,negative,medium,
osm-7400356402-1133343792-0,jakarta-20200101,train,141.614,tertiary,1.0,0.0,0.0,0.0,-0.772863,1.362639,negative,medium,
osm-7483895397-5372153187-0,jakarta-20200101,train,43.466,trunk,1.0,0.0,0.0,0.0,-0.142873,0.046708,negative,medium,
osm-7483895436-7483895397-0,jakarta-20200101,train,3.517,trunk,1.0,0.0,0.0,0.0,-0.316791,-0.056126,negative,medium,
osm-7496439574-1321228566-0,jakarta-20200101,train,37.211,primary,1.0,0.0,0.0,0.0,1.468956,0.124307,negative,medium,
osm-7509918738-9691407991-0,jakarta-20200101,train,5.173,primary,1.0,0.0,0.0,0.0,0.567608,-0.908589,negative,medium,
osm-7509918742-7496439574-0,jakarta-20200101,train,10.744,primary,1.0,0.0,0.0,0.0,0.961559,-0.001488,negative,medium,
osm-7513762422-9075741779-0,jakarta-20200101,train,15.963,primary,1.0,0.0,0.0,0.0,-0.435296,-0.006358,negative,medium,
osm-7516900856-4548266264-0,jakarta-20200101,train,37.311,trunk,1.0,0.0,0.0,0.0,0.806749,-0.926313,negative,medium,
osm-7530848743-11925999197-0,jakarta-20200101,train,175.146,primary,1.0,0.0,0.0,0.0,1.063243,0.03372,negative,medium,
osm-7570445358-4564851111-0,jakarta-20200101,train,16.88,primary,1.0,0.0,0.0,0.0,-0.289442,1.275199,negative,medium,
osm-7576918586-2415817217-0,jakarta-20200101,train,322.96,motorway,1.0,0.0,0.0,0.0,0.957617,0.472587,negative,medium,
osm-7576918597-7147121113-0,jakarta-20200101,train,79.31,trunk,1.0,0.0,0.0,0.0,-0.259032,-1.73145,negative,medium,
osm-7576934780-5379667162-0,jakarta-20200101,train,138.425,trunk,1.0,0.0,0.0,0.0,-0.433483,-1.553732,negative,medium,
osm-7595258503-6907592439-0,jakarta-20200101,train,42.52,secondary,1.0,0.0,0.0,0.0,1.269445,1.147448,negative,medium,
osm-7614917291-13721122640-0,jakarta-20200101,train,9.345,primary_link,1.0,0.0,0.0,0.0,0.14657,1.722192,negative,medium,
osm-7614917300-5459048224-0,jakarta-20200101,train,15.863,primary,1.0,0.0,0.0,0.0,0.865732,-0.984862,negative,medium,
osm-7614917300-7614917291-0,jakarta-20200101,train,74.95,primary_link,1.0,0.0,0.0,0.0,0.593359,-0.046591,negative,medium,
osm-7647950148-1135179379-0,jakarta-20200101,train,33.146,primary,1.0,0.0,0.0,0.0,1.296734,-0.977926,negative,medium,
osm-7694410074-5373977782-0,jakarta-20200101,train,53.233,primary,1.0,0.0,0.0,0.0,-0.159513,0.597479,negative,medium,
osm-7697810034-5068494251-0,jakarta-20200101,train,30.994,residential,1.0,0.0,0.0,0.0,1.522669,-0.48904,negative,medium,
osm-7697810035-9529290217-0,jakarta-20200101,train,107.875,trunk,1.0,0.0,0.0,0.0,-0.081138,0.907457,negative,medium,
osm-7697810036-7697810035-0,jakarta-20200101,train,15.896,trunk_link,1.0,0.0,0.0,0.0,1.180277,0.369858,negative,medium,
osm-7756153690-5377076414-0,jakarta-20200101,train,13.96,primary,1.0,0.0,0.0,0.0,-0.564559,-0.46306,negative,medium,
osm-7756153695-7120440775-0,jakarta-20200101,train,23.305,primary,1.0,0.0,0.0,0.0,-1.406315,-0.197807,negative,medium,
osm-7756168367-4750115942-0,jakarta-20200101,train,31.65,primary,1.0,0.0,0.0,0.0,-0.263487,-1.081025,negative,medium,
osm-7756197690-9013826114-0,jakarta-20200101,train,13.479,primary,1.0,0.0,0.0,0.0,-1.25652,-0.74632,negative,medium,
osm-7760892449-7697810034-0,jakarta-20200101,train,8.237,trunk,1.0,0.0,0.0,0.0,0.880991,0.817347,negative,medium,
osm-7805088053-7003228710-0,jakarta-20200101,train,34.846,primary,1.0,0.0,0.0,0.0,0.448759,0.004914,negative,medium,
osm-8132773400-1325257182-0,jakarta-20200101,train,102.883,trunk,1.0,0.0,0.0,0.0,-0.947202,-0.226644,negative,medium,
osm-8132787924-309086906-0,jakarta-20200101,train,914.19,motorway,1.0,0.0,0.001406,1.285,-0.268896,-1.13753,negative,medium,
osm-8208701324-6334849877-0,jakarta-20200101,train,202.11,primary,1.0,0.0,0.0,0.0,0.664115,-0.172944,negative,medium,
osm-8313092690-1315069362-0,jakarta-20200101,train,62.385,primary,1.0,0.0,0.0,0.0,0.926003,0.422314,negative,medium,
osm-8313442289-8488635417-0,jakarta-20200101,train,19.187,tertiary,1.0,0.0,0.0,0.0,0.822493,-1.490369,negative,medium,
osm-8434800015-1675426459-0,jakarta-20200101,train,26.17,primary,1.0,0.0,0.0,0.0,0.259943,1.162894,negative,medium,
osm-8478023954-4499976535-0,jakarta-20200101,train,30.081,primary,1.0,0.0,0.0,0.0,-0.634776,0.716069,negative,medium,
osm-8481827349-9685151098-0,jakarta-20200101,train,65.618,primary,1.0,0.0,0.0,0.0,-0.223874,1.551904,negative,medium,
osm-8488629808-8313442289-0,jakarta-20200101,train,5.739,tertiary,1.0,0.0,0.0,0.0,-0.518211,-2.073397,negative,medium,
osm-8488635417-8488629813-0,jakarta-20200101,train,87.002,service,1.0,0.0,0.0,0.0,-0.284083,-0.691054,negative,medium,
osm-8488635421-8488635417-0,jakarta-20200101,train,20.234,tertiary,1.0,0.0,0.0,0.0,2.564979,-0.498925,negative,medium,
osm-8488921432-9009735918-0,jakarta-20200101,train,29.95,primary,1.0,0.0,0.0,0.0,1.490753,0.637443,negative,medium,
osm-8499454046-393856973-0,jakarta-20200101,train,64.222,secondary,1.0,0.0,0.0,0.0,-1.066342,0.247781,negative,medium,
osm-8500012435-6334537728-0,jakarta-20200101,train,51.293,secondary,1.0,0.0,0.0,0.0,1.002809,-0.029297,negative,medium,
osm-8502330159-6806925400-0,jakarta-20200101,train,23.122,primary,1.0,0.0,0.0,0.0,1.692751,1.2159,negative,medium,
osm-8503624788-4986680280-0,jakarta-20200101,train,78.87,primary,1.0,0.0,0.0,0.0,0.273571,0.017618,negative,medium,
osm-8504122967-352897085-0,jakarta-20200101,train,22.735,primary,1.0,0.0,0.0,0.0,-0.204402,-1.722909,negative,medium,
osm-8505902513-315487156-0,jakarta-20200101,train,50.142,primary,1.0,0.0,0.0,0.0,3.123024,1.934635,negative,medium,
osm-8509401662-329969014-0,jakarta-20200101,train,45.725,primary,1.0,0.0,0.0,0.0,0.413302,-0.653789,negative,medium,
osm-8509445105-308981972-0,jakarta-20200101,train,32.63,tertiary,1.0,0.0,0.0,0.0,1.058151,0.920778,negative,medium,
osm-8509512970-10090012698-0,jakarta-20200101,train,11.439,tertiary,1.0,0.0,0.0,0.0,0.142272,0.475171,negative,medium,
osm-8509975229-9679957698-0,jakarta-20200101,train,39.669,primary,1.0,0.0,0.0,0.0,1.661984,-0.385934,negative,medium,
osm-8510368916-5379767874-0,jakarta-20200101,train,53.118,secondary,1.0,0.0,0.0,0.0,6.686642,1.372378,negative,medium,
osm-8510661425-8510661436-0,jakarta-20200101,train,38.63,primary,1.0,0.0,0.0,0.0,-0.945358,-0.424006,negative,medium,
osm-8510661436-4776237951-0,jakarta-20200101,train,95.425,primary,1.0,0.0,0.0,0.0,-1.303476,-0.462531,negative,medium,
osm-8519460813-315480467-0,jakarta-20200101,train,7.16,primary,1.0,0.0,0.0,0.0,-0.262242,0.052882,negative,medium,
osm-8520330753-8520330756-0,jakarta-20200101,train,28.022,tertiary,1.0,0.0,0.0,0.0,0.500688,1.397877,negative,medium,
osm-8520330756-6459026538-0,jakarta-20200101,train,109.85,tertiary,1.0,0.0,0.0,0.0,-0.77375,-0.38226,negative,medium,
osm-8523204009-8523204012-0,jakarta-20200101,train,11.655,residential,1.0,0.0,0.0,0.0,1.970958,0.56938,negative,medium,
osm-8523204012-9013720102-0,jakarta-20200101,train,21.738,residential,1.0,0.0,0.0,0.0,1.161514,0.300966,negative,medium,
osm-8547875909-1359134207-0,jakarta-20200101,train,19.905,primary,1.0,0.0,0.0,0.0,0.46017,-0.670503,negative,medium,
osm-8555984047-9622773431-0,jakarta-20200101,train,36.952,primary,1.0,0.0,0.0,0.0,0.086359,-1.384284,negative,medium,
osm-8562305801-1135179404-0,jakarta-20200101,train,38.841,tertiary,1.0,0.0,0.0,0.0,0.502823,0.899503,negative,medium,
osm-8609186468-9013826103-0,jakarta-20200101,train,33.121,primary,1.0,0.0,0.0,0.0,0.481859,0.032879,negative,medium,
osm-8749112680-1682844228-0,jakarta-20200101,train,223.844,primary,1.0,0.0,0.0,0.0,0.351673,0.164518,negative,medium,
osm-8772028147-4776237953-0,jakarta-20200101,train,189.248,primary,1.0,0.0,0.0,0.0,-1.456474,-0.224632,negative,medium,
osm-8789425687-9003229253-0,jakarta-20200101,train,14.7,primary,1.0,0.0,0.0,0.0,0.206456,0.224895,negative,medium,
osm-8796979647-9018975643-0,jakarta-20200101,train,22.765,secondary,1.0,0.0,0.0,0.0,-0.580642,-0.274485,negative,medium,
osm-8810858536-4836392299-0,jakarta-20200101,train,107.859,tertiary,1.0,0.0,0.0,0.0,1.560559,-0.293903,negative,medium,
osm-8811305451-317156534-0,jakarta-20200101,train,45.312,primary,1.0,0.0,0.0,0.0,-0.744719,-0.208072,negative,medium,
osm-8811850651-9533955736-0,jakarta-20200101,train,20.706,residential,1.0,0.0,0.0,0.0,0.719806,-1.863246,negative,medium,
osm-8992056526-12745136709-0,jakarta-20200101,train,78.639,primary,1.0,0.0,0.0,0.0,-0.614507,-0.7448,negative,medium,
osm-8992744188-9676145373-0,jakarta-20200101,train,10.477,primary,1.0,0.0,0.0,0.0,0.60191,-0.965814,negative,medium,
osm-8995440646-7059042271-0,jakarta-20200101,train,9.512,primary,1.0,0.0,0.0,0.0,0.593554,-0.897878,negative,medium,
osm-9002723306-4466078450-0,jakarta-20200101,train,39.273,primary,1.0,0.0,0.0,0.0,1.36396,-0.141718,negative,medium,
osm-9003037183-9003037188-0,jakarta-20200101,train,76.198,primary,1.0,0.0,0.0,0.0,0.65055,0.249371,negative,medium,
osm-9003037188-4999344324-0,jakarta-20200101,train,12.353,primary,1.0,0.0,0.0,0.0,-0.129067,0.406574,negative,medium,
osm-9003037197-9003037205-0,jakarta-20200101,train,17.858,primary,1.0,0.0,0.0,0.0,0.172679,-1.185705,negative,medium,
osm-9003037205-8547875909-0,jakarta-20200101,train,107.747,primary,1.0,0.0,0.0,0.0,0.134817,-0.451329,negative,medium,
osm-9003229253-9003229257-0,jakarta-20200101,train,57.158,primary,1.0,0.0,0.0,0.0,-0.80924,0.533877,negative,medium,
osm-9003229257-9009429368-0,jakarta-20200101,train,52.073,primary,1.0,0.0,0.0,0.0,-0.159107,0.795668,negative,medium,
osm-9003292724-9506862589-0,jakarta-20200101,train,38.145,trunk,1.0,0.0,0.0,0.0,-0.125976,-0.212687,negative,medium,
osm-9004158961-9028323630-0,jakarta-20200101,train,26.597,trunk,1.0,0.0,0.0,0.0,-0.573739,-1.136516,negative,medium,
osm-9009175767-3266396597-0,jakarta-20200101,train,46.92,trunk,1.0,0.0,0.0,0.0,-1.19949,-0.776877,negative,medium,
osm-9009398139-4849427408-0,jakarta-20200101,train,31.526,primary,1.0,0.0,0.0,0.0,0.654667,0.480426,negative,medium,
osm-9009429368-9009429371-0,jakarta-20200101,train,37.507,primary,1.0,0.0,0.0,0.0,0.487912,1.032979,negative,medium,
osm-9009429371-9003037183-0,jakarta-20200101,train,14.475,primary,1.0,0.0,0.0,0.0,1.26318,0.627613,negative,medium,
osm-9009429383-9003037197-0,jakarta-20200101,train,59.726,primary,1.0,0.0,0.0,0.0,0.842692,-1.280257,negative,medium,
osm-9009474493-6471563890-0,jakarta-20200101,train,38.03,primary,1.0,0.0,0.0,0.0,-0.29561,-1.062653,negative,medium,
osm-9009656613-8488921432-0,jakarta-20200101,train,35.905,primary,1.0,0.0,0.0,0.0,0.109313,-0.880809,negative,medium,
osm-9009735918-9013826100-0,jakarta-20200101,train,17.926,primary,1.0,0.0,0.0,0.0,1.959222,1.45604,negative,medium,
osm-9013059177-9013720103-0,jakarta-20200101,train,23.527,primary,1.0,0.0,0.0,0.0,1.492484,1.0553,negative,medium,
osm-9013059182-9013059177-0,jakarta-20200101,train,31.55,primary,1.0,0.0,0.0,0.0,1.15199,1.445575,negative,medium,
osm-9013059183-316412146-0,jakarta-20200101,train,74.126,primary,1.0,0.0,0.0,0.0,0.886941,-1.474563,negative,medium,
osm-9013720082-316412131-0,jakarta-20200101,train,30.058,primary,1.0,0.0,0.0,0.0,0.356977,0.831242,negative,medium,
osm-9013720084-5655187222-0,jakarta-20200101,train,14.913,primary,1.0,0.0,0.0,0.0,0.586787,0.819265,negative,medium,
osm-9013720087-9013720094-0,jakarta-20200101,train,29.367,primary,1.0,0.0,0.0,0.0,-0.206535,-0.139337,negative,medium,
osm-9013720094-9013720084-0,jakarta-20200101,train,13.885,primary,1.0,0.0,0.0,0.0,-0.052867,0.201868,negative,medium,
osm-9013720101-9013720087-0,jakarta-20200101,train,27.802,primary,1.0,0.0,0.0,0.0,-0.282485,-0.367586,negative,medium,
osm-9013720102-9013720101-0,jakarta-20200101,train,33.131,primary,1.0,0.0,0.0,0.0,0.289129,-0.379585,negative,medium,
osm-9013720103-8523204009-0,jakarta-20200101,train,21.23,residential,1.0,0.0,0.0,0.0,1.830069,0.609152,negative,medium,
osm-9013720103-9013720102-0,jakarta-20200101,train,13.281,primary,1.0,0.0,0.0,0.0,1.012598,0.334459,negative,medium,
osm-9013826100-7614917300-0,jakarta-20200101,train,59.454,primary,1.0,0.0,0.0,0.0,1.417857,0.414553,negative,medium,
osm-9013826103-9009656613-0,jakarta-20200101,train,66.87,primary,1.0,0.0,0.0,0.0,0.055927,-0.666197,negative,medium,
osm-9013826114-5377076560-0,jakarta-20200101,train,7.742,primary,1.0,0.0,0.0,0.0,-0.936795,-0.778197,negative,medium,
osm-9013840117-13719672649-0,jakarta-20200101,train,16.709,primary,1.0,0.0,0.0,0.0,-0.146002,-0.196925,negative,medium,
osm-9013840120-9013840117-0,jakarta-20200101,train,7.197,primary,1.0,0.0,0.0,0.0,0.755701,-0.246738,negative,medium,
osm-9013891773-329019970-0,jakarta-20200101,train,54.655,primary,1.0,0.0,0.0,0.0,-0.152311,-1.194527,negative,medium,
osm-9013891776-4750115944-0,jakarta-20200101,train,48.17,primary,1.0,0.0,0.0,0.0,-0.560666,-1.116555,negative,medium,
osm-9013891781-328876219-0,jakarta-20200101,train,27.88,primary,1.0,0.0,0.0,0.0,0.967078,-0.917806,negative,medium,
osm-9013891783-9013891781-0,jakarta-20200101,train,20.103,primary,1.0,0.0,0.0,0.0,0.348193,-0.944298,negative,medium,
osm-9013899871-29939143-0,jakarta-20200101,train,22.99,secondary,1.0,0.0,0.0,0.0,-0.331245,-0.189213,negative,medium,
osm-9015877327-309687605-0,jakarta-20200101,train,32.29,tertiary,1.0,0.0,0.0,0.0,0.228253,-0.572624,negative,medium,
osm-9015877330-9015877335-0,jakarta-20200101,train,34.835,tertiary,1.0,0.0,0.0,0.0,1.056576,1.581877,negative,medium,
osm-9015877335-10082667802-0,jakarta-20200101,train,50.862,tertiary,1.0,0.0,0.0,0.0,1.478867,0.570612,negative,medium,
osm-9016841536-8509445105-0,jakarta-20200101,train,61.553,tertiary,1.0,0.0,0.0,0.0,0.626027,0.252344,negative,medium,
osm-9018975643-186849138-0,jakarta-20200101,train,29.444,secondary,1.0,0.0,0.0,0.0,-0.010245,-0.081972,negative,medium,
osm-9019103699-12404878653-0,jakarta-20200101,train,91.752,secondary,1.0,0.0,0.0,0.0,0.745566,0.91304,negative,medium,
osm-9019104733-9019646229-0,jakarta-20200101,train,70.281,primary,1.0,0.0,0.0,0.0,0.471079,-0.874541,negative,medium,
osm-9019122232-4833946442-0,jakarta-20200101,train,56.134,primary,1.0,0.0,0.0,0.0,0.60467,0.273876,negative,medium,
osm-9019646229-6336788287-0,jakarta-20200101,train,77.033,primary,1.0,0.0,0.0,0.0,0.507324,0.163484,negative,medium,
osm-9027876825-13701804574-0,jakarta-20200101,train,31.618,primary,1.0,0.0,0.0,0.0,0.8622,0.301364,negative,medium,
osm-9028008487-8481827349-0,jakarta-20200101,train,185.721,primary,1.0,0.0,0.0,0.0,-0.236189,-0.16058,negative,medium,
osm-9028323630-310327453-0,jakarta-20200101,train,8.577,trunk,1.0,0.0,0.0,0.0,-0.684087,-1.663651,negative,medium,
osm-9031074981-9032080369-0,jakarta-20200101,train,37.975,primary,1.0,0.0,0.0,0.0,1.420972,0.912168,negative,medium,
osm-9031074998-29938988-0,jakarta-20200101,train,13.05,primary,1.0,0.0,0.0,0.0,0.319544,1.431384,negative,medium,
osm-9031322607-9534502212-0,jakarta-20200101,train,16.318,primary,1.0,0.0,0.0,0.0,-0.405462,0.17842,negative,medium,
osm-9031322608-9032054237-0,jakarta-20200101,train,13.172,primary,1.0,0.0,0.0,0.0,-1.235736,-1.0229,negative,medium,
osm-9031322613-9031325917-0,jakarta-20200101,train,7.699,primary,1.0,0.0,0.0,0.0,-1.632493,-0.776441,negative,medium,
osm-9031325917-9032054242-0,jakarta-20200101,train,11.377,primary,1.0,0.0,0.0,0.0,-1.554538,-0.897303,negative,medium,
osm-9031325921-9031325924-0,jakarta-20200101,train,11.731,primary,1.0,0.0,0.0,0.0,-0.806321,-1.032791,negative,medium,
osm-9031325924-9032054246-0,jakarta-20200101,train,2.747,primary,1.0,0.0,0.0,0.0,-0.46424,-0.981882,negative,medium,
osm-9031325928-9031325930-0,jakarta-20200101,train,9.174,primary,1.0,0.0,0.0,0.0,-0.015094,-0.143791,negative,medium,
osm-9031325930-5671605060-0,jakarta-20200101,train,33.322,primary,1.0,0.0,0.0,0.0,0.417166,-0.671166,negative,medium,
osm-9031325937-315469600-0,jakarta-20200101,train,16.916,primary,1.0,0.0,0.009623,0.163,-0.20288,-1.240027,negative,medium,
osm-9031905436-5671605063-0,jakarta-20200101,train,13.249,primary,1.0,0.0,0.0,0.0,0.946658,-0.997125,negative,medium,
osm-9031905443-13586870988-0,jakarta-20200101,train,19.364,primary,1.0,0.0,0.0,0.0,1.506376,-0.812197,negative,medium,
osm-9031905452-9032080360-0,jakarta-20200101,train,13.027,primary,1.0,0.0,0.0,0.0,-0.125932,1.10203,negative,medium,
osm-9031970386-9034366567-0,jakarta-20200101,train,19.195,primary,1.0,0.0,0.0,0.0,-1.311096,-0.659712,negative,medium,
osm-9032054232-9031322608-0,jakarta-20200101,train,7.577,primary,1.0,0.0,0.0,0.0,-0.699489,-1.337838,negative,medium,
osm-9032054237-9031322613-0,jakarta-20200101,train,10.214,primary,1.0,0.0,0.0,0.0,-1.594647,-0.774122,negative,medium,
osm-9032054242-9031325921-0,jakarta-20200101,train,9.892,primary,1.0,0.0,0.0,0.0,-1.243041,-1.036032,negative,medium,
osm-9032054246-9032054249-0,jakarta-20200101,train,8.707,primary,1.0,0.0,0.0,0.0,-0.383768,-0.992972,negative,medium,
osm-9032054249-9032054253-0,jakarta-20200101,train,14.734,primary,1.0,0.0,0.0,0.0,-0.288795,-0.760455,negative,medium,
osm-9032054253-9031325928-0,jakarta-20200101,train,14.046,primary,1.0,0.0,0.0,0.0,-0.23467,-0.35702,negative,medium,
osm-9032080348-9032080354-0,jakarta-20200101,train,24.172,primary,1.0,0.0,0.0,0.0,-0.288816,-0.576092,negative,medium,
osm-9032080354-9031905452-0,jakarta-20200101,train,14.556,primary,1.0,0.0,0.0,0.0,-0.077126,0.085158,negative,medium,
osm-9032080360-9032080363-0,jakarta-20200101,train,14.634,primary,1.0,0.0,0.0,0.0,-0.063462,1.816767,negative,medium,
osm-9032080363-9031074998-0,jakarta-20200101,train,20.427,primary,1.0,0.0,0.0,0.0,0.215089,1.865229,negative,medium,
osm-9032080365-9032080348-0,jakarta-20200101,train,6.414,primary,1.0,0.0,0.0,0.0,-0.395521,-0.460072,negative,medium,
osm-9032080369-5373820573-0,jakarta-20200101,train,20.172,primary,1.0,0.0,0.0,0.0,0.606658,0.639537,negative,medium,
osm-9034273143-8510661425-0,jakarta-20200101,train,10.72,primary,1.0,0.0,0.0,0.0,-0.754973,-0.220168,negative,medium,
osm-9034273150-9034273143-0,jakarta-20200101,train,8.863,primary,1.0,0.0,0.0,0.0,-1.082974,-0.023726,negative,medium,
osm-9034366567-352915237-0,jakarta-20200101,train,12.827,primary,1.0,0.0,0.0,0.0,-0.582403,-0.681416,negative,medium,
osm-9036874926-95022385-0,jakarta-20200101,train,43.335,primary,1.0,0.0,0.0,0.0,-0.396261,-0.170272,negative,medium,
osm-9037288082-7044795934-0,jakarta-20200101,train,43.328,primary,1.0,0.0,0.0,0.0,0.926284,0.947478,negative,medium,
osm-9064994805-7647950148-0,jakarta-20200101,train,25.412,primary,1.0,0.0,0.0,0.0,1.046817,-1.424339,negative,medium,
osm-9075741774-4546076824-0,jakarta-20200101,train,19.996,primary,1.0,0.0,0.0,0.0,-0.192439,-0.087611,negative,medium,
osm-9075741779-9075741774-0,jakarta-20200101,train,12.762,primary,1.0,0.0,0.0,0.0,-0.511664,0.006689,negative,medium,
osm-9076429426-2399364732-0,jakarta-20200101,train,119.319,trunk,1.0,0.0,0.0,0.0,0.504193,-0.481764,negative,medium,
osm-9110087936-9694832554-0,jakarta-20200101,train,30.931,primary,1.0,0.0,0.0,0.0,0.421196,-0.211211,negative,medium,
osm-9118916175-1695811540-0,jakarta-20200101,train,12.805,residential,1.0,0.0,0.0,0.0,0.010209,0.332705,negative,medium,
osm-9144167875-4488259486-0,jakarta-20200101,train,81.009,primary,1.0,0.0,0.0,0.0,2.676681,0.125333,negative,medium,
osm-9465024317-309824174-0,jakarta-20200101,train,516.786,motorway,1.0,0.0,0.0,0.0,0.05327,-0.416117,negative,medium,
osm-9471064862-317987901-0,jakarta-20200101,train,3.584,primary,1.0,0.0,0.0,0.0,-0.647645,0.465486,negative,medium,
osm-9486285513-6004639297-0,jakarta-20200101,train,32.084,trunk,1.0,0.0,0.0,0.0,-1.135411,-1.135644,negative,medium,
osm-9486332419-5372153147-0,jakarta-20200101,train,16.512,trunk,1.0,0.0,0.0,0.0,-0.239477,-0.788144,negative,medium,
osm-9491290599-7118113165-0,jakarta-20200101,train,64.048,trunk,1.0,0.0,0.0,0.0,0.266754,-0.210607,negative,medium,
osm-9491424124-12202798102-0,jakarta-20200101,train,42.233,trunk,1.0,0.0,0.0,0.0,0.279924,-0.914246,negative,medium,
osm-9491424126-9491424124-0,jakarta-20200101,train,54.841,trunk,1.0,0.0,0.0,0.0,0.312033,-1.430454,negative,medium,
osm-9491482902-9491482907-0,jakarta-20200101,train,45.892,trunk,1.0,0.0,0.0,0.0,3.513896,1.584993,negative,medium,
osm-9491482907-317417833-0,jakarta-20200101,train,6.37,trunk,1.0,0.0,0.0,0.0,3.34032,2.337485,negative,medium,
osm-9491842326-4804615989-0,jakarta-20200101,train,85.252,primary,1.0,0.0,0.0,0.0,-0.10259,-0.093948,negative,medium,
osm-9497883594-9497883603-0,jakarta-20200101,train,14.543,trunk,1.0,0.0,0.0,0.0,-0.129707,0.01508,negative,medium,
osm-9497883600-7137519768-0,jakarta-20200101,train,61.082,trunk,1.0,0.0,0.0,0.0,-0.210941,-0.753459,negative,medium,
osm-9497883603-9497883600-0,jakarta-20200101,train,42.034,trunk,1.0,0.0,0.0,0.0,-0.222948,-0.700089,negative,medium,
osm-9498062303-7137574112-0,jakarta-20200101,train,9.267,secondary,1.0,0.0,0.0,0.0,-0.398026,0.324725,negative,medium,
osm-9504400678-95010751-0,jakarta-20200101,train,125.497,trunk_link,1.0,0.0,0.0,0.0,4.162007,1.241548,negative,medium,
osm-9504567886-8132773400-0,jakarta-20200101,train,431.604,trunk,1.0,0.0,0.0,0.0,0.308451,0.256518,negative,medium,
osm-9504720700-13913580150-0,jakarta-20200101,train,59.558,service,1.0,0.0,0.0,0.0,0.556117,0.770393,negative,medium,
osm-9504720701-9504720700-0,jakarta-20200101,train,5.951,service,1.0,0.0,0.0,0.0,0.403217,-0.067328,negative,medium,
osm-9506862589-7050035434-0,jakarta-20200101,train,25.077,trunk,1.0,0.0,0.0,0.0,0.478691,-0.113288,negative,medium,
osm-9507227664-12032748424-0,jakarta-20200101,train,41.702,primary,1.0,0.0,0.0,0.0,-0.511216,0.206148,negative,medium,
osm-9509715193-4914353854-0,jakarta-20200101,train,48.29,trunk,1.0,0.0,0.0,0.0,0.88078,-0.006474,negative,medium,
osm-9515510319-4152867172-0,jakarta-20200101,train,112.605,primary,1.0,0.0,0.0,0.0,-0.130515,-0.169413,negative,medium,
osm-9527050428-1342878927-0,jakarta-20200101,train,85.346,trunk,1.0,0.0,0.0,0.0,0.433497,0.035621,negative,medium,
osm-9529290217-7760892449-0,jakarta-20200101,train,35.423,trunk,1.0,0.0,0.0,0.0,0.29126,0.158223,negative,medium,
osm-9531434128-9504720700-0,jakarta-20200101,train,32.926,service,1.0,0.0,0.0,0.0,0.205889,-0.042018,negative,medium,
osm-9531434128-9504720701-0,jakarta-20200101,train,32.503,service,1.0,0.0,0.0,0.0,0.185695,0.061937,negative,medium,
osm-9531485211-12684981016-0,jakarta-20200101,train,47.519,primary,1.0,0.0,0.0,0.0,-0.919508,-1.219405,negative,medium,
osm-9531485213-9531485211-0,jakarta-20200101,train,9.251,primary,1.0,0.0,0.0,0.0,-0.759962,-1.216958,negative,medium,
osm-9531485215-9531485213-0,jakarta-20200101,train,46.676,primary,1.0,0.0,0.0,0.0,0.067532,-0.504488,negative,medium,
osm-9533845672-6477409182-0,jakarta-20200101,train,31.804,tertiary,1.0,0.0,0.0,0.0,-0.103952,0.045495,negative,medium,
osm-9533955728-4815227757-0,jakarta-20200101,train,26.906,residential,1.0,0.0,0.0,0.0,-0.338815,-1.54609,negative,medium,
osm-9533955733-9533955728-0,jakarta-20200101,train,50.458,service,1.0,0.0,0.0,0.0,0.262844,-1.854875,negative,medium,
osm-9533955736-5662302109-0,jakarta-20200101,train,32.071,residential,1.0,0.0,0.0,0.0,0.097196,-2.030291,negative,medium,
osm-9533955736-9533955733-0,jakarta-20200101,train,11.818,service,1.0,0.0,0.0,0.0,0.747727,-1.624845,negative,medium,
osm-9534502212-5671605067-0,jakarta-20200101,train,14.157,primary,1.0,0.0,0.0,0.0,0.461208,0.946721,negative,medium,
osm-9561798638-6456763921-0,jakarta-20200101,train,11.299,primary,1.0,0.0,0.0,0.0,-1.807831,-0.669474,negative,medium,
osm-9561821845-8504122967-0,jakarta-20200101,train,16.216,primary,1.0,0.0,0.0,0.0,-0.881001,-2.801588,negative,medium,
osm-9619896326-104379010-0,jakarta-20200101,train,71.7,primary,1.0,0.0,0.0,0.0,0.611811,-0.494924,negative,medium,
osm-9622773424-8509401662-0,jakarta-20200101,train,68.643,primary,1.0,0.0,0.0,0.0,0.51007,-1.310791,negative,medium,
osm-9622773431-9622773424-0,jakarta-20200101,train,15.767,primary,1.0,0.0,0.0,0.0,-0.463559,-1.079655,negative,medium,
osm-9623003134-329968512-0,jakarta-20200101,train,86.7,primary,1.0,0.0,0.0,0.0,0.180737,-0.88915,negative,medium,
osm-9623310915-1249723074-0,jakarta-20200101,train,18.906,primary,1.0,0.0,0.0,0.0,0.997541,-0.267516,negative,medium,
osm-9625680832-4502070116-0,jakarta-20200101,train,76.664,secondary,1.0,0.0,0.0,0.0,0.29724,0.507829,negative,medium,
osm-9626511706-1135601912-0,jakarta-20200101,train,30.244,primary,1.0,0.0,0.0,0.0,1.421013,-0.393708,negative,medium,
osm-9642343610-1133807065-0,jakarta-20200101,train,28.832,tertiary,1.0,0.0,0.0,0.0,1.547459,-0.160472,negative,medium,
osm-9644592829-6277705571-0,jakarta-20200101,train,239.067,trunk,1.0,0.0,0.0,0.0,-0.071418,-0.057354,negative,medium,
osm-9645211396-12202088428-0,jakarta-20200101,train,18.19,trunk,1.0,0.0,0.0,0.0,0.132402,0.427071,negative,medium,
osm-9645211400-9645211396-0,jakarta-20200101,train,35.887,trunk,1.0,0.0,0.0,0.0,-0.344847,0.776712,negative,medium,
osm-9647927418-5372153134-0,jakarta-20200101,train,13.394,trunk,1.0,0.0,0.0,0.0,-0.612886,-0.153168,negative,medium,
osm-9647927422-9647927418-0,jakarta-20200101,train,41.958,trunk,1.0,0.0,0.0,0.0,0.457182,-0.512388,negative,medium,
osm-9648055038-5056597570-0,jakarta-20200101,train,120.94,trunk,1.0,0.0,0.0,0.0,0.41743,-1.348259,negative,medium,
osm-9648835249-4849427386-0,jakarta-20200101,train,9.864,primary,1.0,0.0,0.0,0.0,-0.18053,0.763428,negative,medium,
osm-9657468817-5372153144-0,jakarta-20200101,train,32.488,trunk,1.0,0.0,0.0,0.0,2.02278,-1.180021,negative,medium,
osm-9664769720-1757800859-0,jakarta-20200101,train,63.45,motorway_link,1.0,0.0,0.0,0.0,0.057179,0.406871,negative,medium,
osm-9664769720-1757800861-0,jakarta-20200101,train,147.125,motorway_link,1.0,0.0,0.0,0.0,-0.109288,0.311253,negative,medium,
osm-9665578858-8505902513-0,jakarta-20200101,train,230.546,primary,1.0,0.0,0.0,0.0,0.507198,0.410636,negative,medium,
osm-9673797651-11052325987-0,jakarta-20200101,train,143.881,primary,1.0,0.0,0.0,0.0,0.50852,-0.82549,negative,medium,
osm-9673837489-4502213975-0,jakarta-20200101,train,38.753,secondary,1.0,0.0,0.0,0.0,-1.194783,-1.415097,negative,medium,
osm-9676145373-3981137758-0,jakarta-20200101,train,34.943,primary,1.0,0.0,0.0,0.0,0.798694,-1.284288,negative,medium,
osm-9679167895-6315615740-0,jakarta-20200101,train,23.192,primary,1.0,0.0,0.0,0.0,0.550875,-1.159382,negative,medium,
osm-9679957698-4849427419-0,jakarta-20200101,train,8.97,primary,1.0,0.0,0.0,0.0,1.075506,0.075008,negative,medium,
osm-9684746119-8313092690-0,jakarta-20200101,train,31.348,primary,1.0,0.0,0.0,0.0,1.974409,0.144297,negative,medium,
osm-9685151096-7226690317-0,jakarta-20200101,train,65.603,primary,1.0,0.0,0.0,0.0,1.407467,-0.659422,negative,medium,
osm-9685151098-1696170853-0,jakarta-20200101,train,16.38,primary,1.0,0.0,0.0,0.0,-0.511153,0.392141,negative,medium,
osm-9691407991-4999344155-0,jakarta-20200101,train,100.835,primary,1.0,0.0,0.0,0.0,1.616374,-0.01903,negative,medium,
osm-9694163554-329975504-0,jakarta-20200101,train,54.714,primary,1.0,0.0,0.0,0.0,0.999269,-0.045106,negative,medium,
osm-9694163557-9694163554-0,jakarta-20200101,train,15.865,primary,1.0,0.0,0.0,0.0,0.505448,-0.106311,negative,medium,
osm-9694832554-2400147489-0,jakarta-20200101,train,8.521,primary,1.0,0.0,0.0,0.0,1.213205,-0.122383,negative,medium,
osm-9694871645-315712497-0,jakarta-20200101,train,11.058,primary,1.0,0.0,0.0,0.0,0.922976,0.348879,negative,medium,
osm-9695041529-9699963787-0,jakarta-20200101,train,100.514,secondary,1.0,0.0,0.0,0.0,1.175636,0.236961,negative,medium,
osm-9695095403-13682180792-0,jakarta-20200101,train,98.646,secondary,1.0,0.0,0.0,0.0,1.060005,0.245231,negative,medium,
osm-9695103618-4925793717-0,jakarta-20200101,train,43.455,secondary,1.0,0.0,0.0,0.0,0.240771,-0.301919,negative,medium,
osm-9696714817-8609186468-0,jakarta-20200101,train,10.587,primary,1.0,0.0,0.0,0.0,0.925745,0.054204,negative,medium,
osm-9696758894-7756197690-0,jakarta-20200101,train,3.056,primary,1.0,0.0,0.0,0.0,-1.565678,-0.806252,negative,medium,
osm-9697006214-7120512601-0,jakarta-20200101,train,82.207,primary,1.0,0.0,0.0,0.0,0.675362,0.017576,negative,medium,
osm-9699963783-9695041529-0,jakarta-20200101,train,60.609,secondary,1.0,0.0,0.0,0.0,-0.37361,0.115443,negative,medium,
osm-9699963787-9625680832-0,jakarta-20200101,train,12.398,secondary,1.0,0.0,0.0,0.0,0.554613,0.785797,negative,medium,
osm-9708579924-12798366960-0,jakarta-20200101,train,5.307,primary,1.0,0.0,0.0,0.0,-0.162222,1.191977,negative,medium,
osm-10082667802-6330562646-0,jakarta-20200101,train,54.409,tertiary,1.0,0.0,0.0,0.0,0.689319,-0.103001,negative,medium,
osm-10090012698-9015877330-0,jakarta-20200101,train,40.036,tertiary,1.0,0.0,0.0,0.0,0.52918,0.952523,negative,medium,
osm-10090309233-7570445358-0,jakarta-20200101,train,1.591,primary,1.0,0.0,0.0,0.0,-0.410774,1.388774,negative,medium,
osm-10090309238-4507989466-0,jakarta-20200101,train,96.419,primary,1.0,0.0,0.0,0.0,0.056721,0.060576,negative,medium,
osm-10092530702-2589977444-0,jakarta-20200101,train,63.439,primary,1.0,0.0,0.0,0.0,1.291742,0.222469,negative,medium,
osm-10098494032-6366750161-0,jakarta-20200101,train,158.564,trunk,1.0,0.0,0.0,0.0,-0.044232,0.213981,negative,medium,
osm-10132911307-2589974180-0,jakarta-20200101,train,32.775,tertiary,1.0,0.0,0.0,0.0,-0.236368,0.187009,negative,medium,
osm-10599212863-4746451656-0,jakarta-20200101,train,11.797,tertiary,1.0,0.0,0.0,0.0,-2.129708,-1.236668,negative,medium,
osm-10654460939-6430186685-0,jakarta-20200101,train,26.025,secondary_link,1.0,0.0,0.0,0.0,2.756384,1.883709,negative,medium,
osm-10732635788-6322395881-0,jakarta-20200101,train,42.092,secondary,1.0,0.0,0.0,0.0,0.516076,0.530673,negative,medium,
osm-10758010539-7120410546-0,jakarta-20200101,train,20.467,primary,1.0,0.0,0.0,0.0,-0.545751,-0.510809,negative,medium,
osm-10788400699-317349873-0,jakarta-20200101,train,13.315,trunk,1.0,0.0,0.0,0.0,0.62623,-1.170708,negative,medium,
osm-11039838816-6332686273-0,jakarta-20200101,train,686.312,primary,1.0,0.0,0.0,0.0,0.620125,0.099092,negative,medium,
osm-11052325987-7026798812-0,jakarta-20200101,train,55.865,primary,1.0,0.0,0.0,0.0,0.433702,0.377695,negative,medium,
osm-11076463250-13108442428-0,jakarta-20200101,train,94.616,primary,1.0,0.0,0.0,0.0,0.782964,0.732065,negative,medium,
osm-11166256394-5549685553-0,jakarta-20200101,train,30.143,secondary,1.0,0.0,0.0,0.0,0.559332,-0.772292,negative,medium,
osm-11199436896-104367576-0,jakarta-20200101,train,125.186,primary,1.0,0.0,0.0,0.0,0.610404,-0.082799,negative,medium,
osm-11237483569-7120502855-0,jakarta-20200101,train,33.265,primary,1.0,0.0,0.0,0.0,-0.745956,0.406738,negative,medium,
osm-11237483572-11237483569-0,jakarta-20200101,train,27.168,primary,1.0,0.0,0.0,0.0,-0.654141,-0.108203,negative,medium,
osm-11246996071-5374282375-0,jakarta-20200101,train,2.467,primary,1.0,0.0,0.0,0.0,0.144641,0.982073,negative,medium,
osm-11299364776-5421851682-0,jakarta-20200101,train,146.656,trunk,1.0,0.0,0.0,0.0,0.036752,-0.659626,negative,medium,
osm-11299364777-11299364778-0,jakarta-20200101,train,56.232,trunk,1.0,0.0,0.0,0.0,0.844427,0.666177,negative,medium,
osm-11299364778-11299364776-0,jakarta-20200101,train,67.274,trunk,1.0,0.0,0.0,0.0,1.20386,-0.627394,negative,medium,
osm-11299364779-11299364777-0,jakarta-20200101,train,82.112,trunk,1.0,0.0,0.0,0.0,3.732733,-0.140895,negative,medium,
osm-11329756328-7226592293-0,jakarta-20200101,train,13.655,primary,1.0,0.0,0.0,0.0,0.334248,-1.002925,negative,medium,
osm-11350075105-5372018448-0,jakarta-20200101,train,37.739,secondary,1.0,0.0,0.0,0.0,0.442941,0.079863,negative,medium,
osm-11384905237-4507955830-0,jakarta-20200101,train,25.857,primary,1.0,0.0,0.0,0.0,0.039471,-0.252589,negative,medium,
osm-11388847775-6801763173-0,jakarta-20200101,train,27.799,service,1.0,0.0,0.0,0.0,0.594787,-1.649231,negative,medium,
osm-11388847776-11388847775-0,jakarta-20200101,train,61.184,service,1.0,0.0,0.0,0.0,1.483743,0.413138,negative,medium,
osm-11395329908-5680696059-0,jakarta-20200101,train,32.74,primary,1.0,0.0,0.0,0.0,0.071629,-0.37424,negative,medium,
osm-11399827589-4848734475-0,jakarta-20200101,train,89.734,trunk,1.0,0.0,0.0,0.0,0.407501,0.54053,negative,medium,
osm-11413710169-5380113830-0,jakarta-20200101,train,3.151,primary,1.0,0.0,0.0,0.0,1.899584,0.779172,negative,medium,
osm-11438846310-12599546837-0,jakarta-20200101,train,53.877,trunk,1.0,0.0,0.0,0.0,-1.426853,-0.2468,negative,medium,
osm-11445322163-5498027298-0,jakarta-20200101,train,26.926,primary,1.0,0.0,0.0,0.0,0.449556,-0.586566,negative,medium,
osm-11455806150-1133807034-0,jakarta-20200101,train,1.8,tertiary,1.0,0.0,0.0,0.0,-0.606748,-1.615001,negative,medium,
osm-11467500634-11399827589-0,jakarta-20200101,train,82.311,trunk,1.0,0.0,0.0,0.0,3.294166,2.001474,negative,medium,
osm-11477683648-186871952-0,jakarta-20200101,train,37.639,primary,1.0,0.0,0.0,0.0,1.581963,0.583252,negative,medium,
osm-11477683650-11477683648-0,jakarta-20200101,train,12.172,primary,1.0,0.0,0.0,0.0,0.512419,0.139657,negative,medium,
osm-11484348759-11484348761-0,jakarta-20200101,train,8.762,trunk_link,1.0,0.0,0.0,0.0,0.05754,-0.647348,negative,medium,
osm-11484348761-4637530511-0,jakarta-20200101,train,12.681,primary,1.0,0.0,0.0,0.0,0.212152,-0.517764,negative,medium,
osm-11492431708-1321228510-0,jakarta-20200101,train,64.709,residential,1.0,0.0,0.0,0.0,0.683472,-0.36592,negative,medium,
osm-11501464546-7149726253-0,jakarta-20200101,train,58.142,trunk,1.0,0.0,0.0,0.0,0.344948,-0.283665,negative,medium,
osm-11501464552-5489964736-0,jakarta-20200101,train,4.208,primary,1.0,0.0,0.0,0.0,2.354104,0.553835,negative,medium,
osm-11501464552-11501464546-0,jakarta-20200101,train,12.708,trunk,1.0,0.0,0.0,0.0,2.223603,-0.128522,negative,medium,
osm-11501464554-5489964736-0,jakarta-20200101,train,66.793,trunk,1.0,0.0,0.0,0.0,1.311402,1.306023,negative,medium,
osm-11501464554-11501464552-0,jakarta-20200101,train,67.335,trunk,1.0,0.0,0.0,0.0,1.298424,1.351067,negative,medium,
osm-11503395360-5372153126-0,jakarta-20200101,train,3.744,trunk,1.0,0.0,0.0,0.0,-0.507468,-0.267335,negative,medium,
osm-11542695776-12194080646-0,jakarta-20200101,train,5.38,primary,1.0,0.0,0.0,0.0,0.517319,-1.534675,negative,medium,
osm-11899737707-104379014-0,jakarta-20200101,train,73.806,primary,1.0,0.0,0.0,0.0,-0.869457,-2.0064,negative,medium,
osm-11919728419-1783134145-0,jakarta-20200101,train,64.513,primary,1.0,0.0,0.0,0.0,-0.311672,0.083854,negative,medium,
osm-11925112167-4785715146-0,jakarta-20200101,train,83.212,tertiary,1.0,0.0,0.0,0.0,0.075626,-0.258531,negative,medium,
osm-11925999197-4746451654-0,jakarta-20200101,train,581.748,primary,1.0,0.0,0.0,0.0,0.191487,0.132802,negative,medium,
osm-11959843134-4849427410-0,jakarta-20200101,train,69.384,primary,1.0,0.0,0.0,0.0,-0.058311,0.453083,negative,medium,
osm-12032748424-317179522-0,jakarta-20200101,train,56.232,primary,1.0,0.0,0.0,0.0,-0.128543,-0.980423,negative,medium,
osm-12139330016-5380068236-0,jakarta-20200101,train,32.025,primary,1.0,0.0,0.0,0.0,0.927062,0.343071,negative,medium,
osm-12194080646-104367971-0,jakarta-20200101,train,104.106,primary,1.0,0.0,0.0,0.0,-0.072299,0.27928,negative,medium,
osm-12202088422-11503395360-0,jakarta-20200101,train,6.861,trunk,1.0,0.0,0.0,0.0,-0.681278,-0.340939,negative,medium,
osm-12202088425-12202088422-0,jakarta-20200101,train,83.712,trunk,1.0,0.0,0.0,0.0,-1.285519,-1.203546,negative,medium,
osm-12202088428-5372153133-0,jakarta-20200101,train,6.994,trunk,1.0,0.0,0.0,0.0,0.215994,0.262831,negative,medium,
osm-12202798102-4911942117-0,jakarta-20200101,train,19.076,trunk,1.0,0.0,0.0,0.0,-0.323615,-0.324155,negative,medium,
osm-12217513829-11492431708-0,jakarta-20200101,train,65.531,service,1.0,0.0,0.0,0.0,0.800176,-0.487386,negative,medium,
osm-12217513829-12217513832-0,jakarta-20200101,train,44.391,service,1.0,0.0,0.0,0.0,-0.177016,0.269926,negative,medium,
osm-12217513832-5078382194-0,jakarta-20200101,train,210.406,primary,1.0,0.0,0.0,0.0,0.419484,0.814959,negative,medium,
osm-12316918940-310005821-0,jakarta-20200101,train,28.06,primary,1.0,0.0,0.0,0.0,1.652264,0.33692,negative,medium,
osm-12404878653-4548266823-0,jakarta-20200101,train,28.644,secondary,1.0,0.0,0.0,0.0,0.612136,0.421442,negative,medium,
osm-12484094370-315208899-0,jakarta-20200101,train,22.247,primary,1.0,0.0,0.0,0.0,0.925236,0.020267,negative,medium,
osm-12504052406-7805088053-0,jakarta-20200101,train,184.135,primary,1.0,0.0,0.0,0.0,0.33915,0.410952,negative,medium,
osm-12504052406-11925999197-0,jakarta-20200101,train,464.553,primary,1.0,0.0,0.0,0.0,0.700116,0.147755,negative,medium,
osm-12530400916-5290941766-0,jakarta-20200101,train,193.202,primary,1.0,0.0,0.0,0.0,1.075416,0.383684,negative,medium,
osm-12583516441-6884974160-0,jakarta-20200101,train,31.744,primary,1.0,0.0,0.0,0.0,1.357563,-0.771368,negative,medium,
osm-12599546837-3723599620-0,jakarta-20200101,train,10.219,trunk,1.0,0.0,0.0,0.0,-0.784518,-0.384175,negative,medium,
osm-12676215441-5492419212-0,jakarta-20200101,train,30.831,trunk,1.0,0.0,0.0,0.0,3.748435,1.750889,negative,medium,
osm-12681087362-5495827291-0,jakarta-20200101,train,33.412,trunk,1.0,0.0,0.0,0.0,3.669467,1.642879,negative,medium,
osm-12684981016-5671317488-0,jakarta-20200101,train,118.975,primary,1.0,0.0,0.0,0.0,0.805324,0.009334,negative,medium,
osm-12688243259-12688243260-0,jakarta-20200101,train,39.831,primary,1.0,0.0,0.0,0.0,0.685242,-0.074406,negative,medium,
osm-12688243260-5354213657-0,jakarta-20200101,train,92.286,primary,1.0,0.0,0.0,0.0,1.059313,0.226687,negative,medium,
osm-12718674408-12718674417-0,jakarta-20200101,train,23.726,secondary,1.0,0.0,0.0,0.0,0.965449,0.685507,negative,medium,
osm-12718674409-9673837489-0,jakarta-20200101,train,27.545,secondary,1.0,0.0,0.0,0.0,-0.381126,-0.46572,negative,medium,
osm-12718674417-12718674409-0,jakarta-20200101,train,49.691,secondary,1.0,0.0,0.0,0.0,0.521152,0.539018,negative,medium,
osm-12718674420-12718674408-0,jakarta-20200101,train,17.301,secondary,1.0,0.0,0.0,0.0,1.314279,0.728918,negative,medium,
osm-12729353026-6322396593-0,jakarta-20200101,train,16.523,secondary,1.0,0.0,0.0,0.0,0.84232,0.190845,negative,medium,
osm-12729353039-2209098563-0,jakarta-20200101,train,25.787,secondary,1.0,0.0,0.0,0.0,0.614806,0.662291,negative,medium,
osm-12729353047-12729353039-0,jakarta-20200101,train,21.004,secondary,1.0,0.0,0.0,0.0,1.184704,0.45607,negative,medium,
osm-12736661061-1273189607-0,jakarta-20200101,train,147.221,primary,1.0,0.0,0.0,0.0,0.024882,0.037521,negative,medium,
osm-12738838445-5408975256-0,jakarta-20200101,train,52.702,secondary,1.0,0.0,0.0,0.0,-1.236731,-1.654837,negative,medium,
osm-12744944224-8519460813-0,jakarta-20200101,train,6.202,primary,1.0,0.0,0.0,0.0,-0.384937,0.202869,negative,medium,
osm-12745135294-5374282148-0,jakarta-20200101,train,4.228,primary,1.0,0.0,0.0,0.0,0.097382,-0.457034,negative,medium,
osm-12745136706-13659371444-0,jakarta-20200101,train,13.543,primary,1.0,0.0,0.0,0.0,0.316746,0.161097,negative,medium,
osm-12745136709-12745136706-0,jakarta-20200101,train,6.414,primary,1.0,0.0,0.0,0.0,0.126082,0.015184,negative,medium,
osm-12745196451-12745196458-0,jakarta-20200101,train,18.421,primary,1.0,0.0,0.0,0.0,0.117587,0.576633,negative,medium,
osm-12745196458-1675426257-0,jakarta-20200101,train,12.668,primary,1.0,0.0,0.0,0.0,0.585596,0.033418,negative,medium,
osm-12745196460-13606259700-0,jakarta-20200101,train,32.413,primary,1.0,0.0,0.0,0.0,-0.453894,1.030929,negative,medium,
osm-12745196468-12745196460-0,jakarta-20200101,train,22.293,primary,1.0,0.0,0.0,0.0,0.078514,0.685265,negative,medium,
osm-12754553920-5670944441-0,jakarta-20200101,train,91.653,secondary,1.0,0.0,0.0,0.0,0.957793,-0.955992,negative,medium,
osm-12798366960-12798366961-0,jakarta-20200101,train,64.532,primary,1.0,0.0,0.0,0.0,-0.164947,0.032851,negative,medium,
osm-12798366961-329019268-0,jakarta-20200101,train,58.543,primary,1.0,0.0,0.0,0.0,0.077975,-0.387366,negative,medium,
osm-12799849299-5379667472-0,jakarta-20200101,train,5.515,trunk,1.0,0.0,0.0,0.0,0.609986,-0.952079,negative,medium,
osm-12825987637-317349914-0,jakarta-20200101,train,21.437,trunk,1.0,0.0,0.0,0.0,-0.343788,-1.563503,negative,medium,
osm-13016877290-4541302315-0,jakarta-20200101,train,37.642,primary,1.0,0.0,0.0,0.0,1.533464,-0.316901,negative,medium,
osm-13016877290-4787639954-0,jakarta-20200101,train,12.903,primary_link,1.0,0.0,0.0,0.0,1.288446,-1.082467,negative,medium,
osm-13030921685-13030921684-0,jakarta-20200101,train,7.789,residential,1.0,0.0,0.0,0.0,0.886357,0.411985,negative,medium,
osm-13033996655-5377076552-0,jakarta-20200101,train,24.898,primary,1.0,0.0,0.0,0.0,0.656708,-0.898659,negative,medium,
osm-13102843717-4404259357-0,jakarta-20200101,train,71.225,trunk,1.0,0.0,0.0,0.0,1.117891,0.230711,negative,medium,
osm-13108442428-5374282198-0,jakarta-20200101,train,18.471,primary,1.0,0.0,0.0,0.0,0.158634,0.542304,negative,medium,
osm-13366216191-13366216193-0,jakarta-20200101,train,21.104,primary,1.0,0.0,0.0,0.0,-0.807153,-0.716407,negative,medium,
osm-13366216193-5046365477-0,jakarta-20200101,train,5.307,primary,1.0,0.0,0.0,0.0,-0.573565,-0.624481,negative,medium,
osm-13453045134-4953838327-0,jakarta-20200101,train,268.411,primary,1.0,0.0,0.0,0.0,-0.216972,-0.109075,negative,medium,
osm-13453416789-12316918940-0,jakarta-20200101,train,43.56,primary,1.0,0.0,0.0,0.0,0.626856,-0.370136,negative,medium,
osm-13453416794-13453416789-0,jakarta-20200101,train,11.469,primary,1.0,0.0,0.0,0.0,0.081808,-1.757561,negative,medium,
osm-13456437803-7241781245-0,jakarta-20200101,train,143.122,tertiary,1.0,0.0,0.0,0.0,1.000815,0.348808,negative,medium,
osm-13456492331-13603665477-0,jakarta-20200101,train,126.278,primary,1.0,0.0,0.0,0.0,0.408802,-1.255077,negative,medium,
osm-13456652649-310047835-0,jakarta-20200101,train,40.713,trunk,1.0,0.0,0.0,0.0,0.484544,0.250991,negative,medium,
osm-13456652652-13456652659-0,jakarta-20200101,train,22.989,trunk,1.0,0.0,0.0,0.0,0.540567,0.708808,negative,medium,
osm-13456652659-5372153151-0,jakarta-20200101,train,17.506,trunk,1.0,0.0,0.0,0.0,0.797122,-0.361176,negative,medium,
osm-13456804471-8488629808-0,jakarta-20200101,train,61.888,tertiary,1.0,0.0,0.0,0.0,0.135218,-0.923546,negative,medium,
osm-13525649819-13828209563-0,jakarta-20200101,train,133.424,primary,1.0,0.0,0.0,0.0,0.454027,-0.122216,negative,medium,
osm-13525649841-13525649819-0,jakarta-20200101,train,361.312,primary,1.0,0.0,0.0,0.0,0.214448,0.610945,negative,medium,
osm-13586347373-6322281575-0,jakarta-20200101,train,10.017,tertiary,1.0,0.0,0.0,0.0,0.288083,0.561539,negative,medium,
osm-13586870988-9031905436-0,jakarta-20200101,train,1.518,primary,1.0,0.0,0.0,0.0,1.02283,-0.867892,negative,medium,
osm-13586870998-315469626-0,jakarta-20200101,train,13.792,primary,1.0,0.0,0.0,0.0,0.623864,-1.492865,negative,medium,
osm-13603665477-310005821-0,jakarta-20200101,train,28.693,primary_link,1.0,0.0,0.0,0.0,2.021653,-0.422994,negative,medium,
osm-13606136400-1675426142-0,jakarta-20200101,train,25.83,primary,1.0,0.0,0.0,0.0,2.794791,1.267128,negative,medium,
osm-13606177748-5549685557-0,jakarta-20200101,train,26.722,primary,1.0,0.0,0.0,0.0,3.305039,1.291903,negative,medium,
osm-13606201402-13606201409-0,jakarta-20200101,train,22.959,primary,1.0,0.0,0.0,0.0,3.214767,1.160643,negative,medium,
osm-13606201409-13606136400-0,jakarta-20200101,train,8.46,primary,1.0,0.0,0.0,0.0,3.012474,1.393665,negative,medium,
osm-13606201410-13606201418-0,jakarta-20200101,train,30.767,primary,1.0,0.0,0.0,0.0,6.080751,0.291032,negative,medium,
osm-13606201418-13606201402-0,jakarta-20200101,train,18.85,primary,1.0,0.0,0.0,0.0,4.244466,0.691756,negative,medium,
osm-13606201425-4963127289-0,jakarta-20200101,train,32.751,primary,1.0,0.0,0.0,0.0,6.401368,1.493837,negative,medium,
osm-13606201428-13606201425-0,jakarta-20200101,train,7.233,primary,1.0,0.0,0.0,0.0,5.402934,2.102112,negative,medium,
osm-13606201436-13606201428-0,jakarta-20200101,train,24.903,primary,1.0,0.0,0.0,0.0,4.316757,2.036844,negative,medium,
osm-13606201439-13606201436-0,jakarta-20200101,train,60.679,primary,1.0,0.0,0.0,0.0,2.825636,0.428465,negative,medium,
osm-13606201442-13606201439-0,jakarta-20200101,train,16.99,primary,1.0,0.0,0.0,0.0,4.322249,0.27837,negative,medium,
osm-13606259700-12745196451-0,jakarta-20200101,train,4.368,primary,1.0,0.0,0.0,0.0,-0.285875,0.999975,negative,medium,
osm-13606278105-12745196468-0,jakarta-20200101,train,36.317,primary,1.0,0.0,0.0,0.0,1.401147,0.763753,negative,medium,
osm-13606475657-4963127052-0,jakarta-20200101,train,28.294,primary,1.0,0.0,0.0,0.0,0.410244,-0.430602,negative,medium,
osm-13606475660-13606475666-0,jakarta-20200101,train,33.19,primary,1.0,0.0,0.0,0.0,-0.699762,-0.196948,negative,medium,
osm-13606475666-4963127061-0,jakarta-20200101,train,54.76,primary,1.0,0.0,0.0,0.0,-1.025573,0.507996,negative,medium,
osm-13606475670-13606475660-0,jakarta-20200101,train,8.161,primary,1.0,0.0,0.0,0.0,-1.410145,-0.705462,negative,medium,
osm-13606475672-13606475670-0,jakarta-20200101,train,13.127,primary,1.0,0.0,0.0,0.0,-1.526613,-0.405368,negative,medium,
osm-13618074118-5380240456-0,jakarta-20200101,train,6.43,primary,1.0,0.0,0.0,0.0,0.101009,1.526105,negative,medium,
osm-13623804700-318097237-0,jakarta-20200101,train,64.434,primary,1.0,0.0,0.0,0.0,0.406379,1.317937,negative,medium,
osm-13623841203-13623804700-0,jakarta-20200101,train,41.47,primary,1.0,0.0,0.0,0.0,2.115468,0.657219,negative,medium,
osm-13623841206-13623841203-0,jakarta-20200101,train,4.452,primary,1.0,0.0,0.0,0.0,1.545585,-0.419417,negative,medium,
osm-13623841209-13623841206-0,jakarta-20200101,train,9.429,primary,1.0,0.0,0.0,0.0,1.075273,-0.500185,negative,medium,
osm-13623841212-13623841209-0,jakarta-20200101,train,6.233,primary,1.0,0.0,0.0,0.0,0.528565,-0.387658,negative,medium,
osm-13623841214-13623841212-0,jakarta-20200101,train,94.682,primary,1.0,0.0,0.0,0.0,1.490179,0.237541,negative,medium,
osm-13623841217-13623841214-0,jakarta-20200101,train,10.6,primary,1.0,0.0,0.0,0.0,0.291403,-0.883856,negative,medium,
osm-13623874472-5372018508-0,jakarta-20200101,train,42.182,primary,1.0,0.0,0.0,0.0,0.066788,0.549144,negative,medium,
osm-13623874475-13623874472-0,jakarta-20200101,train,49.583,primary,1.0,0.0,0.0,0.0,0.688476,1.31389,negative,medium,
osm-13624041397-104364335-0,jakarta-20200101,train,157.705,primary,1.0,0.0,0.0,0.0,0.774089,0.432679,negative,medium,
osm-13624041399-13624041397-0,jakarta-20200101,train,38.166,primary,1.0,0.0,0.0,0.0,2.62798,0.513491,negative,medium,
osm-13639648351-4235574904-0,jakarta-20200101,train,10.009,primary,1.0,0.0,0.0,0.0,0.453881,-0.3721,negative,medium,
osm-13653307691-1174777687-0,jakarta-20200101,train,15.55,secondary,1.0,0.0,0.0,0.0,2.086943,0.413158,negative,medium,
osm-13653320894-11477683650-0,jakarta-20200101,train,27.437,primary,1.0,0.0,0.0,0.0,-0.523722,0.0836,negative,medium,
osm-13657075638-7120487197-0,jakarta-20200101,train,8.555,primary,1.0,0.0,0.0,0.0,0.551996,1.660418,negative,medium,
osm-13659371444-4548266763-0,jakarta-20200101,train,5.222,primary,1.0,0.0,0.0,0.0,0.433171,0.207981,negative,medium,
osm-13663105514-1675426300-0,jakarta-20200101,train,6.349,primary,1.0,0.0,0.0,0.0,-0.121777,0.81374,negative,medium,
osm-13663493364-13663105514-0,jakarta-20200101,train,9.412,primary,1.0,0.0,0.0,0.0,-0.032737,0.795652,negative,medium,
osm-13664998461-2032758147-0,jakarta-20200101,train,45.391,primary,1.0,0.0,0.0,0.0,1.959377,-0.229143,negative,medium,
osm-13675743447-318548947-0,jakarta-20200101,train,55.782,tertiary,1.0,0.0,0.0,0.0,-0.20482,0.857587,negative,medium,
osm-13682180792-347509493-0,jakarta-20200101,train,54.683,secondary,1.0,0.0,0.0,0.0,0.609563,-0.245434,negative,medium,
osm-13685379529-9031905443-0,jakarta-20200101,train,40.896,primary,1.0,0.0,0.0,0.0,2.043736,-0.31258,negative,medium,
osm-13695587261-9623310915-0,jakarta-20200101,train,26.114,primary,1.0,0.0,0.0,0.0,1.086574,0.685739,negative,medium,
osm-13695587270-13695587261-0,jakarta-20200101,train,25.443,primary,1.0,0.0,0.0,0.0,1.33585,1.272061,negative,medium,
osm-13699094545-13685379529-0,jakarta-20200101,train,6.787,primary,1.0,0.0,0.0,0.0,2.10219,0.092629,negative,medium,
osm-13701804566-317180499-0,jakarta-20200101,train,62.208,primary,1.0,0.0,0.0,0.0,1.000779,-0.024344,negative,medium,
osm-13701804574-7103369200-0,jakarta-20200101,train,173.38,primary,1.0,0.0,0.0,0.0,0.991327,0.398891,negative,medium,
osm-13717294231-315547395-0,jakarta-20200101,train,62.567,secondary,1.0,0.0,0.0,0.0,-1.106028,0.189493,negative,medium,
osm-13719672649-9696758894-0,jakarta-20200101,train,35.043,primary,1.0,0.0,0.0,0.0,-1.344208,-0.583487,negative,medium,
osm-13720913830-7120410540-0,jakarta-20200101,train,8.994,primary,1.0,0.0,0.0,0.0,-0.03822,-0.286387,negative,medium,
osm-13720920968-315746130-0,jakarta-20200101,train,119.538,primary,1.0,0.0,0.0,0.0,0.02677,-0.803554,negative,medium,
osm-13721019303-5671327267-0,jakarta-20200101,train,7.74,primary,1.0,0.0,0.0,0.0,-0.540528,-0.532233,negative,medium,
osm-13721122640-13525649841-0,jakarta-20200101,train,21.104,primary_link,1.0,0.0,0.0,0.0,0.351968,1.759614,negative,medium,
osm-13734886233-1135179424-0,jakarta-20200101,train,8.119,tertiary,1.0,0.0,0.0,0.0,0.421771,-2.383747,negative,medium,
osm-13734886245-13734886233-0,jakarta-20200101,train,22.777,tertiary,1.0,0.0,0.0,0.0,0.088195,-1.375167,negative,medium,
osm-13734985431-5379957290-0,jakarta-20200101,train,17.071,tertiary,1.0,0.0,0.0,0.0,0.129027,0.021621,negative,medium,
osm-13734985443-4748308350-0,jakarta-20200101,train,4.733,tertiary,1.0,0.0,0.0,0.0,0.387676,0.208707,negative,medium,
osm-13750328259-7120393905-0,jakarta-20200101,train,51.21,primary,1.0,0.0,0.0,0.0,2.734264,0.205225,negative,medium,
osm-13752868692-2019635436-0,jakarta-20200101,train,22.519,primary,1.0,0.0,0.0,0.0,0.491443,1.165981,negative,medium,
osm-13771612756-9561798638-0,jakarta-20200101,train,76.744,primary,1.0,0.0,0.0,0.0,-0.695722,-0.823883,negative,medium,
osm-13772607350-104379008-0,jakarta-20200101,train,57.681,primary,1.0,0.0,0.0,0.0,-0.418629,-0.791825,negative,medium,
osm-13772607355-12583516441-0,jakarta-20200101,train,3.998,primary,1.0,0.0,0.0,0.0,1.302907,0.907489,negative,medium,
osm-13798957263-5388382567-0,jakarta-20200101,train,3.193,trunk,1.0,0.0,0.0,0.0,1.129034,-0.100698,negative,medium,
osm-13827879018-13827879026-0,jakarta-20200101,train,12.373,primary,1.0,0.0,0.0,0.0,0.265719,-0.746616,negative,medium,
osm-13827879026-4780724425-0,jakarta-20200101,train,81.635,primary,1.0,0.0,0.0,0.0,0.612067,0.409053,negative,medium,
osm-13828094473-5499209000-0,jakarta-20200101,train,105.494,primary,1.0,0.0,0.0,0.0,-0.131686,1.077468,negative,medium,
osm-13828209563-329967924-0,jakarta-20200101,train,5.697,primary,1.0,0.0,0.0,0.0,-1.093287,-0.642849,negative,medium,
osm-13849518628-5374005699-0,jakarta-20200101,train,90.665,primary,1.0,0.0,0.0,0.0,-0.287066,-0.650826,negative,medium,
osm-13849518632-4849427416-0,jakarta-20200101,train,33.784,primary,1.0,0.0,0.0,0.0,0.281295,0.39423,negative,medium,
osm-13913580148-5377313967-0,jakarta-20200101,train,8.69,residential,1.0,0.0,0.0,0.0,0.292703,0.858909,negative,medium,
osm-13913580150-13913580151-0,jakarta-20200101,train,6.117,service,1.0,0.0,0.0,0.0,0.770342,1.878079,negative,medium,
osm-13913580151-5377313978-0,jakarta-20200101,train,52.326,service,1.0,0.0,0.0,0.0,0.861879,2.262449,negative,medium,
osm-13914133217-13734985431-0,jakarta-20200101,train,59.424,tertiary,1.0,0.0,0.0,0.0,0.155748,-0.928154,negative,medium,
osm-29938988-6552109327-0,jakarta-20210220,train,39.851,primary,1.0,0.0,0.0,0.0,2.025858,-0.484988,negative,medium,
osm-29939141-8500012435-0,jakarta-20210220,train,58.856,secondary,1.0,0.0,0.0,0.0,1.154326,0.667064,negative,medium,
osm-29939142-2032872437-0,jakarta-20210220,train,86.317,secondary,1.0,0.0,0.0,0.0,0.076358,-0.120576,negative,medium,
osm-29939143-5674017477-0,jakarta-20210220,train,11.596,secondary,1.0,0.0,0.0,0.0,0.737038,-0.197204,negative,medium,
osm-29939144-9013899871-0,jakarta-20210220,train,72.513,secondary,1.0,0.0,0.0,0.0,-0.25943,-0.309701,negative,medium,
osm-29939146-1173954328-0,jakarta-20210220,train,25.539,secondary,1.0,0.0,0.0,0.0,0.063747,0.563219,negative,medium,
osm-29939148-1173954346-0,jakarta-20210220,train,12.054,secondary,1.0,0.0,0.0,0.0,0.904123,-0.661822,negative,medium,
osm-29939154-7120383659-0,jakarta-20210220,train,7.532,primary,1.0,0.0,0.0,0.0,-0.094362,1.138605,negative,medium,
osm-29939156-318538221-0,jakarta-20210220,train,217.601,secondary,1.0,0.0,0.0,0.0,0.487298,0.020081,negative,medium,
osm-29939156-2363808979-0,jakarta-20210220,train,11.495,primary,1.0,0.0,0.0,0.0,0.922613,0.825184,negative,medium,
osm-29939211-7120318185-0,jakarta-20210220,train,26.654,primary,1.0,0.0,0.0,0.0,-0.852469,0.935797,negative,medium,
osm-95006360-5492419263-0,jakarta-20210220,train,60.513,trunk,1.0,0.0,0.0,0.0,1.67458,-0.025855,negative,medium,
osm-95006366-5492419187-0,jakarta-20210220,train,46.314,trunk,1.0,0.0,0.0,0.0,-1.787848,-2.852446,negative,medium,
osm-95010735-1133343805-0,jakarta-20210220,train,84.617,trunk,1.0,0.0,0.0,0.0,-0.047705,-0.77615,negative,medium,
osm-95010751-13798957263-0,jakarta-20210220,train,93.771,trunk,1.0,0.0,0.0,0.0,0.906109,1.321525,negative,medium,
osm-95022384-95022385-0,jakarta-20210220,train,66.282,trunk,1.0,0.0,0.0,0.0,2.074031,1.139039,negative,medium,
osm-95022385-4152867689-0,jakarta-20210220,train,78.712,trunk,1.0,0.0,0.0,0.0,1.227456,-1.687416,negative,medium,
osm-95022385-5652800252-0,jakarta-20210220,train,59.872,primary,1.0,0.0,0.0,0.0,1.37316,0.008686,negative,medium,
osm-103363767-1757800816-0,jakarta-20210220,train,28.666,trunk,1.0,0.0,0.0,0.0,2.571916,1.816109,negative,medium,
osm-104356356-13456652649-0,jakarta-20210220,train,73.169,trunk,1.0,0.0,0.0,0.0,0.779277,-0.654536,negative,medium,
osm-104356359-9491482902-0,jakarta-20210220,train,30.169,trunk,1.0,0.0,0.0,0.0,-0.128703,0.259012,negative,medium,
osm-104363249-4886801320-0,jakarta-20210220,train,25.737,primary,1.0,0.0,0.0,0.0,-0.816105,0.858699,negative,medium,
osm-104364332-6359768001-0,jakarta-20210220,train,9.315,primary,1.0,0.0,0.0,0.0,-1.11785,0.183169,negative,medium,
osm-104364332-6359768003-0,jakarta-20210220,train,62.361,secondary,1.0,0.0,0.0,0.0,-0.708314,0.522405,negative,medium,
osm-104364334-318097259-0,jakarta-20210220,train,148.177,primary,1.0,0.0,0.0,0.0,0.403176,0.069565,negative,medium,
osm-104364335-13623841217-0,jakarta-20210220,train,59.856,primary,1.0,0.0,0.0,0.0,0.533742,0.497322,negative,medium,
osm-104366006-8796979647-0,jakarta-20210220,train,143.704,secondary,1.0,0.0,0.0,0.0,1.358527,-0.793048,negative,medium,
osm-104366013-191505885-0,jakarta-20210220,train,32.396,secondary,1.0,0.0,0.0,0.0,0.768547,1.569745,negative,medium,
osm-104367576-13720920968-0,jakarta-20210220,train,18.943,primary,1.0,0.0,0.0,0.0,-0.130174,0.223279,negative,medium,
osm-104367971-5006647254-0,jakarta-20210220,train,79.47,primary,1.0,0.0,0.0,0.0,-0.936301,-1.292844,negative,medium,
osm-104369586-8992056526-0,jakarta-20210220,train,15.028,primary,1.0,0.0,0.0,0.0,-0.806817,0.036918,negative,medium,
osm-104379008-9619896326-0,jakarta-20210220,train,54.8,primary,1.0,0.0,0.0,0.0,-0.130769,0.086359,negative,medium,
osm-104379010-13016877290-0,jakarta-20210220,train,41.885,primary,1.0,0.0,0.0,0.0,0.32241,0.737178,negative,medium,
osm-104379014-4780597176-0,jakarta-20210220,train,32.664,primary,1.0,0.0,0.0,0.0,0.777615,0.798882,negative,medium,
osm-104379022-2872136862-0,jakarta-20210220,train,49.296,primary,1.0,0.0,0.0,0.0,0.906207,0.267623,negative,medium,
osm-104379024-5379957272-0,jakarta-20210220,train,62.452,primary,1.0,0.0,0.0,0.0,0.091857,-0.675909,negative,medium,
osm-124093320-315207989-0,jakarta-20210220,train,21.639,primary,1.0,0.0,0.0,0.0,1.590284,-0.68627,negative,medium,
osm-186669834-13699094545-0,jakarta-20210220,train,14.091,primary,1.0,0.0,0.0,0.0,-0.078821,1.560076,negative,medium,
osm-186849138-1663918523-0,jakarta-20210220,train,22.832,secondary,1.0,0.0,0.0,0.0,-0.640804,-1.453304,negative,medium,
osm-186871952-5671317482-0,jakarta-20210220,train,55.089,primary,1.0,0.0,0.0,0.0,0.813832,-0.270517,negative,medium,
osm-186871954-7249176145-0,jakarta-20210220,train,6.117,primary,1.0,0.0,0.0,0.0,-0.57742,-1.610113,negative,medium,
osm-186894208-104364334-0,jakarta-20210220,train,32.235,primary,1.0,0.0,0.0,0.0,-0.907302,-0.569579,negative,medium,
osm-191505875-7595258503-0,jakarta-20210220,train,430.778,secondary,1.0,0.0,0.0,0.0,0.227978,-0.262027,negative,medium,
osm-191505885-13717294231-0,jakarta-20210220,train,28.644,secondary,1.0,0.0,0.0,0.0,1.192483,1.442628,negative,medium,
osm-191505992-5372018440-0,jakarta-20210220,train,7.15,secondary,1.0,0.0,0.0,0.0,0.812548,-0.615921,negative,medium,
osm-191506029-5009351128-0,jakarta-20210220,train,19.736,secondary,1.0,0.0,0.0,0.0,-0.183816,-0.538073,negative,medium,
osm-191578995-8992744188-0,jakarta-20210220,train,58.713,primary,1.0,0.0,0.0,0.0,0.847204,0.946817,negative,medium,
osm-302230529-8789425687-0,jakarta-20210220,train,48.071,primary,1.0,0.0,0.0,0.0,0.145173,-0.7294,negative,medium,
osm-302230530-7509918738-0,jakarta-20210220,train,7.901,primary,1.0,0.0,0.0,0.0,0.35808,0.19014,negative,medium,
osm-308981968-11925112167-0,jakarta-20210220,train,29.272,tertiary,1.0,0.0,0.0,0.0,-1.209634,0.310751,negative,medium,
osm-308981969-8488635421-0,jakarta-20210220,train,59.189,tertiary,1.0,0.0,0.0,0.0,-0.633951,-0.073917,negative,medium,
osm-308981972-13456437803-0,jakarta-20210220,train,34.965,tertiary,1.0,0.0,0.0,0.0,0.422497,0.805442,negative,medium,
osm-309086906-3723634710-0,jakarta-20210220,train,571.521,motorway,1.0,0.0,0.0,0.0,0.757948,0.373251,negative,medium,
osm-309687605-5388328959-0,jakarta-20210220,train,74.962,tertiary,1.0,0.0,0.0,0.0,0.983941,0.445275,negative,medium,
osm-309712345-13102843717-0,jakarta-20210220,train,10.975,trunk,1.0,0.0,0.0,0.0,1.309238,0.690287,negative,medium,
osm-309714207-388240367-0,jakarta-20210220,train,21.303,trunk,1.0,0.0,0.0,0.0,-0.028374,1.586106,negative,medium,
osm-309716308-9465024317-0,jakarta-20210220,train,1362.48,motorway,1.0,0.0,0.0,0.0,0.343986,0.30272,negative,medium,
osm-309824120-309716308-0,jakarta-20210220,train,1179.967,motorway,1.0,0.0,0.0,0.0,-0.107252,0.01226,negative,medium,
osm-309824174-5671045991-0,jakarta-20210220,train,1609.585,motorway,1.0,0.0,0.0,0.0,0.139466,0.042985,negative,medium,
osm-309825163-3723599608-0,jakarta-20210220,train,102.221,motorway,1.0,0.0,0.0,0.0,1.128508,0.660419,negative,medium,
osm-309880841-6797982811-0,jakarta-20210220,train,225.811,motorway_link,1.0,0.0,0.0,0.0,-0.095921,0.774783,negative,medium,
osm-309941624-8478023954-0,jakarta-20210220,train,121.379,primary,1.0,0.0,0.0,0.0,1.003064,-0.30929,negative,medium,
osm-309941703-11919728419-0,jakarta-20210220,train,40.319,primary,1.0,0.0,0.0,0.0,0.208431,0.809362,negative,medium,
osm-309950695-4867479520-0,jakarta-20210220,train,28.181,primary,1.0,0.0,0.0,0.0,-0.262583,0.354195,negative,medium,
osm-310003265-5379992807-0,jakarta-20210220,train,56.277,tertiary,1.0,0.0,0.0,0.0,1.450386,0.96327,negative,medium,
osm-310003828-352961150-0,jakarta-20210220,train,65.364,tertiary,1.0,0.0,0.0,0.0,0.449694,0.030108,negative,medium,
osm-310005821-8811305451-0,jakarta-20210220,train,81.047,primary,1.0,0.0,0.0,0.0,0.524636,0.113672,negative,medium,
osm-310008087-317756351-0,jakarta-20210220,train,18.192,primary,1.0,0.0,0.0,0.0,1.199931,0.675015,negative,medium,
osm-310042746-5377177693-0,jakarta-20210220,train,57.658,primary,1.0,0.0,0.0,0.0,0.560895,0.235662,negative,medium,
osm-310047835-9645211400-0,jakarta-20210220,train,14.041,trunk,1.0,0.0,0.0,0.0,-1.875763,-0.598179,negative,medium,
osm-310048098-309825163-0,jakarta-20210220,train,1454.282,motorway,1.0,0.0,0.0,0.0,0.052712,0.145451,negative,medium,
osm-310048835-5023930574-0,jakarta-20210220,train,26.648,trunk,1.0,0.0,0.0,0.0,0.413295,-0.824432,negative,medium,
osm-310048835-6451500598-0,jakarta-20210220,train,16.273,primary,1.0,0.0,0.0,0.0,-0.208947,-0.857312,negative,medium,
osm-310052525-1757800787-0,jakarta-20210220,train,850.286,motorway_link,1.0,0.0,0.0,0.0,0.451571,0.358281,negative,medium,
osm-310080557-9648055038-0,jakarta-20210220,train,22.313,trunk,1.0,0.0,0.0,0.0,0.500656,0.259172,negative,medium,
osm-310327453-6978547983-0,jakarta-20210220,train,146.114,trunk,1.0,0.0,0.0,0.0,0.349899,0.237623,negative,medium,
osm-310327514-7576918586-0,jakarta-20210220,train,2484.015,motorway,1.0,0.0,0.0,0.0,0.228768,0.208455,negative,medium,
osm-310327514-9498062303-0,jakarta-20210220,train,485.166,motorway_link,1.0,0.0,0.0,0.0,-0.148372,-0.361127,negative,medium,
osm-315198778-13033996655-0,jakarta-20210220,train,10.33,primary,1.0,0.0,0.0,0.0,-0.808742,1.308328,negative,medium,
osm-315207989-5668256808-0,jakarta-20210220,train,24.165,primary,1.0,0.0,0.0,0.0,1.199669,-0.194415,negative,medium,
osm-315207989-13525649841-0,jakarta-20210220,train,24.532,primary,1.0,0.0,0.0,0.0,1.248058,-0.580915,negative,medium,
osm-315208899-324851729-0,jakarta-20210220,train,370.895,trunk,1.0,0.0,0.0,0.0,0.905256,0.591655,negative,medium,
osm-315305416-13456804471-0,jakarta-20210220,train,2.211,tertiary,1.0,0.0,0.0,0.0,-0.885444,1.196439,negative,medium,
osm-315469600-9031322607-0,jakarta-20210220,train,15.741,primary,1.0,0.0,0.0,0.0,-0.30735,0.450012,negative,medium,
osm-315469626-9032054232-0,jakarta-20210220,train,18.29,primary,1.0,0.0,0.0,0.0,0.206255,0.214815,negative,medium,
osm-315480467-9679167895-0,jakarta-20210220,train,17.675,primary,1.0,0.0,0.0,0.0,0.207833,-0.099641,negative,medium,
osm-315487156-5230379695-0,jakarta-20210220,train,76.703,primary,1.0,0.0,0.0,0.0,0.223656,0.121292,negative,medium,
osm-315546959-7098183581-0,jakarta-20210220,train,41.321,secondary,1.0,0.0,0.0,0.0,-1.078774,0.387244,negative,medium,
osm-315547395-315546959-0,jakarta-20210220,train,37.491,secondary,1.0,0.0,0.0,0.0,0.070106,1.095772,negative,medium,
osm-315684305-4269900330-0,jakarta-20210220,train,30.862,secondary,1.0,0.0,0.0,0.0,0.82276,-0.781401,negative,medium,
osm-315710860-29939156-0,jakarta-20210220,train,18.143,secondary,1.0,0.0,0.0,0.0,1.205334,0.758192,negative,medium,
osm-315712058-315712135-0,jakarta-20210220,train,46.736,primary,1.0,0.0,0.0,0.0,-0.571979,0.150348,negative,medium,
osm-315712135-13606177748-0,jakarta-20210220,train,81.37,primary,1.0,0.0,0.0,0.0,-0.680825,0.52603,negative,medium,
osm-315712497-5354213822-0,jakarta-20210220,train,28.837,primary,1.0,0.0,0.0,0.0,-0.030926,1.86153,negative,medium,
osm-315746130-13721019303-0,jakarta-20210220,train,18.228,primary,1.0,0.0,0.0,0.0,-0.691825,-1.148856,negative,medium,
osm-315746992-11199436896-0,jakarta-20210220,train,83.589,primary,1.0,0.0,0.0,0.0,1.00481,-0.167303,negative,medium,
osm-316167893-9013032089-0,jakarta-20210220,train,48.198,residential,1.0,0.0,0.0,0.0,-0.838224,-0.115673,negative,medium,
osm-316170709-329971830-0,jakarta-20210220,train,24.315,primary,1.0,0.0,0.0,0.0,-0.2507,-0.038194,negative,medium,
osm-316176020-310052525-0,jakarta-20210220,train,224.149,motorway_link,1.0,0.0,0.0,0.0,0.385545,0.244587,negative,medium,
osm-316176020-1757800817-0,jakarta-20210220,train,311.158,motorway,1.0,0.0,0.0,0.0,0.577264,0.275976,negative,medium,
osm-316266442-3723635058-0,jakarta-20210220,train,483.557,motorway_link,1.0,0.0,0.0,0.0,0.654386,-0.303393,negative,medium,
osm-316374560-4990059009-0,jakarta-20210220,train,166.499,primary,1.0,0.0,0.0,0.0,-0.544653,0.064743,negative,medium,
osm-316374561-4548266741-0,jakarta-20210220,train,29.69,primary,1.0,0.0,0.0,0.0,0.924289,-2.900884,negative,medium,
osm-316374585-4548266748-0,jakarta-20210220,train,116.963,primary,1.0,0.0,0.0,0.0,0.771211,0.478141,negative,medium,
osm-316374594-430546287-0,jakarta-20210220,train,491.6,primary,1.0,0.0,0.0,0.0,0.230168,-0.509435,negative,medium,
osm-316374602-4836037554-0,jakarta-20210220,train,244.677,primary,1.0,0.0,0.0,0.0,0.051217,0.264467,negative,medium,
osm-316374654-316374658-0,jakarta-20210220,train,57.501,primary,1.0,0.0,0.0,0.0,0.689508,-1.224579,negative,medium,
osm-316374658-7120440781-0,jakarta-20210220,train,21.599,primary,1.0,0.0,0.0,0.0,0.340618,-0.949566,negative,medium,
osm-316395244-4466384616-0,jakarta-20210220,train,24.288,trunk,1.0,0.0,0.0,0.0,-1.335943,-0.409829,negative,medium,
osm-316395244-4466384617-0,jakarta-20210220,train,42.353,trunk,1.0,0.0,0.0,0.0,-0.322237,-0.68564,negative,medium,
osm-316395267-316395268-0,jakarta-20210220,train,24.955,trunk,1.0,0.0,0.0,0.0,0.001653,-0.98431,negative,medium,
osm-316395268-5388212558-0,jakarta-20210220,train,41.341,trunk,1.0,0.0,0.0,0.0,0.182778,0.225171,negative,medium,
osm-316412093-11329756328-0,jakarta-20210220,train,51.944,primary,1.0,0.0,0.0,0.0,0.295717,0.530574,negative,medium,
osm-316412129-316412130-0,jakarta-20210220,train,145.025,primary,1.0,0.0,0.0,0.0,-0.223629,-0.172319,negative,medium,
osm-316412130-6531806778-0,jakarta-20210220,train,101.513,primary,1.0,0.0,0.0,0.0,1.267562,0.390792,negative,medium,
osm-316412131-316412145-0,jakarta-20210220,train,13.489,primary,1.0,0.0,0.0,0.0,-0.063358,-0.090064,negative,medium,
osm-316412145-4504091329-0,jakarta-20210220,train,124.609,primary,1.0,0.0,0.0,0.0,0.542938,0.293191,negative,medium,
osm-316412146-1320273025-0,jakarta-20210220,train,13.135,primary,1.0,0.0,0.0,0.0,-0.22322,0.702863,negative,medium,
osm-316486226-1782804903-0,jakarta-20210220,train,1345.635,motorway,1.0,0.0,0.0,0.0,0.588495,0.129848,negative,medium,
osm-316486288-7120831201-0,jakarta-20210220,train,8.413,trunk,1.0,0.0,0.0,0.0,0.792153,0.199653,negative,medium,
osm-316486305-1139156749-0,jakarta-20210220,train,41.19,trunk_link,1.0,0.0,0.0,0.0,0.57829,0.315167,negative,medium,
osm-316742986-329948880-0,jakarta-20210220,train,596.589,trunk,1.0,0.0,0.0,0.0,0.003215,-0.335483,negative,medium,
osm-317156534-9507227664-0,jakarta-20210220,train,27.825,primary,1.0,0.0,0.0,0.0,1.857324,2.063582,negative,medium,
osm-317156584-11384905237-0,jakarta-20210220,train,303.728,primary,1.0,0.0,0.0,0.0,0.577693,0.312996,negative,medium,
osm-317156628-5653336499-0,jakarta-20210220,train,33.045,primary,1.0,0.0,0.0,0.0,0.701934,0.20866,negative,medium,
osm-317156630-9027876825-0,jakarta-20210220,train,4.398,primary,1.0,0.0,0.0,0.0,0.104886,-0.769275,negative,medium,
osm-317156632-317156630-0,jakarta-20210220,train,72.996,primary,1.0,0.0,0.0,0.0,-0.617019,-1.431238,negative,medium,
osm-317156649-317182651-0,jakarta-20210220,train,617.237,primary,1.0,0.0,0.0,0.0,0.610828,0.151252,negative,medium,
osm-317157768-4871938615-0,jakarta-20210220,train,155.083,primary,1.0,0.0,0.0,0.0,-0.180985,0.300964,negative,medium,
osm-317179522-5189841649-0,jakarta-20210220,train,22.616,tertiary,1.0,0.0,0.0,0.0,1.414946,-0.39709,negative,medium,
osm-317180499-10092530702-0,jakarta-20210220,train,15.193,primary,1.0,0.0,0.0,0.0,-0.023965,1.222845,negative,medium,
osm-317182284-317156632-0,jakarta-20210220,train,631.093,primary,1.0,0.0,0.0,0.0,0.288446,-0.213097,negative,medium,
osm-317182368-13618074118-0,jakarta-20210220,train,121.807,primary,1.0,0.0,0.0,0.0,1.127839,-0.234134,negative,medium,
osm-317182380-5380240433-0,jakarta-20210220,train,257.117,primary,1.0,0.0,0.0,0.0,-1.049492,-0.521188,negative,medium,
osm-317182651-317182380-0,jakarta-20210220,train,87.992,primary,1.0,0.0,0.0,0.0,-1.48313,-0.964672,negative,medium,
osm-317190987-352913852-0,jakarta-20210220,train,89.246,primary,1.0,0.0,0.0,0.0,-0.701943,0.826054,negative,medium,
osm-317190987-6370527439-0,jakarta-20210220,train,821.503,primary,1.0,0.0,0.0,0.0,0.329449,0.212487,negative,medium,
osm-317191266-317191321-0,jakarta-20210220,train,41.251,primary_link,1.0,0.0,0.0,0.0,0.809159,0.850237,negative,medium,
osm-317191321-13771612756-0,jakarta-20210220,train,62.436,primary,1.0,0.0,0.0,0.0,-0.126288,0.405481,negative,medium,
osm-317193936-9515510319-0,jakarta-20210220,train,177.912,primary,1.0,0.0,0.0,0.0,-0.252612,0.185371,negative,medium,
osm-317196043-7029563618-0,jakarta-20210220,train,202.602,primary,1.0,0.0,0.0,0.0,-0.202818,1.166585,negative,medium,
osm-317349873-5379667478-0,jakarta-20210220,train,34.714,trunk,1.0,0.0,0.0,0.0,0.448868,-0.735952,negative,medium,
osm-317349914-5379667437-0,jakarta-20210220,train,101.748,trunk,1.0,0.0,0.0,0.0,0.332168,-0.667764,negative,medium,
osm-317417610-4948526884-0,jakarta-20210220,train,251.54,primary,1.0,0.0,0.0,0.0,-0.115697,-0.488367,negative,medium,
osm-317417833-9491424126-0,jakarta-20210220,train,63.573,trunk,1.0,0.0,0.0,0.0,0.613648,-0.099146,negative,medium,
osm-317756351-13653320894-0,jakarta-20210220,train,89.597,primary,1.0,0.0,0.0,0.0,0.431916,0.669542,negative,medium,
osm-317958545-7120310389-0,jakarta-20210220,train,35.796,primary,1.0,0.0,0.0,0.0,1.144315,0.118397,negative,medium,
osm-317987901-317958545-0,jakarta-20210220,train,393.501,primary,1.0,0.0,0.0,0.0,0.926149,0.503103,negative,medium,
osm-318097237-13623874475-0,jakarta-20210220,train,9.024,primary,1.0,0.0,0.0,0.0,-0.11322,-2.180709,negative,medium,
osm-318097259-13624041399-0,jakarta-20210220,train,65.219,primary,1.0,0.0,0.0,0.0,0.31778,0.923935,negative,medium,
osm-318168808-316167893-0,jakarta-20210220,train,19.826,secondary,1.0,0.0,0.0,0.0,-0.443521,0.111312,negative,medium,
osm-318538221-29939148-0,jakarta-20210220,train,10.99,secondary,1.0,0.0,0.0,0.0,1.134406,-0.482613,negative,medium,
osm-318538221-5374199556-0,jakarta-20210220,train,9.456,secondary,1.0,0.0,0.0,0.0,1.040923,-0.343729,negative,medium,
osm-318548947-8499454046-0,jakarta-20210220,train,118.46,secondary,1.0,0.0,0.0,0.0,0.716636,0.487421,negative,medium,
osm-320021668-4800795887-0,jakarta-20210220,train,52.481,primary,1.0,0.0,0.0,0.0,-0.296062,-0.984943,negative,medium,
osm-321722198-317156649-0,jakarta-20210220,train,77.731,primary,1.0,0.0,0.0,0.0,-0.816673,-0.163911,negative,medium,
osm-324275961-316395267-0,jakarta-20210220,train,150.453,trunk,1.0,0.0,0.0,0.0,-0.060154,0.031768,negative,medium,
osm-324276002-5665581665-0,jakarta-20210220,train,517.952,trunk,1.0,0.0,0.0,0.0,0.382267,0.118886,negative,medium,
osm-324851729-5673864834-0,jakarta-20210220,train,36.502,trunk,1.0,0.0,0.0,0.0,-0.201064,0.324257,negative,medium,
osm-326484049-5490135579-0,jakarta-20210220,train,127.681,primary,1.0,0.0,0.0,0.0,-0.085478,-0.010376,negative,medium,
osm-326484130-8749112680-0,jakarta-20210220,train,10.024,primary,1.0,0.0,0.0,0.0,0.720615,0.232535,negative,medium,
osm-326484153-326484130-0,jakarta-20210220,train,77.099,primary,1.0,0.0,0.0,0.0,0.788901,-0.3606,negative,medium,
osm-326484165-326484153-0,jakarta-20210220,train,14.589,primary,1.0,0.0,0.0,0.0,1.020584,0.023884,negative,medium,
osm-326484242-1709500939-0,jakarta-20210220,train,95.713,primary,1.0,0.0,0.0,0.0,0.321625,-0.261605,negative,medium,
osm-326484330-4842902746-0,jakarta-20210220,train,184.882,primary,1.0,0.0,0.0,0.0,1.033773,0.017405,negative,medium,
osm-326484370-7046982976-0,jakarta-20210220,train,21.074,primary,1.0,0.0,0.0,0.0,0.853694,-0.326723,negative,medium,
osm-328320081-1423006391-0,jakarta-20210220,train,226.433,trunk,1.0,0.0,0.0,0.0,0.667877,-0.027943,negative,medium,
osm-328320159-5662546639-0,jakarta-20210220,train,223.077,primary,1.0,0.0,0.0,0.0,1.003785,-0.110237,negative,medium,
osm-328336623-5459161492-0,jakarta-20210220,train,341.85,trunk,1.0,0.0,0.0,0.0,-0.212246,0.105826,negative,medium,
osm-328876219-9013840120-0,jakarta-20210220,train,43.064,primary,1.0,0.0,0.0,0.0,-0.138895,1.005936,negative,medium,
osm-328965954-316374561-0,jakarta-20210220,train,31.338,primary,1.0,0.0,0.0,0.0,0.65379,-2.499196,negative,medium,
osm-329019268-6219014696-0,jakarta-20210220,train,10.145,primary,1.0,0.0,0.0,0.0,-0.222409,-0.220004,negative,medium,
osm-329019970-9013891783-0,jakarta-20210220,train,136.128,primary,1.0,0.0,0.0,0.0,0.901718,0.097105,negative,medium,
osm-329948880-316266442-0,jakarta-20210220,train,11.718,trunk,1.0,0.0,0.0,0.0,0.5516,-0.069181,negative,medium,
osm-329967924-4751894442-0,jakarta-20210220,train,13.396,primary,1.0,0.0,0.0,0.0,0.974179,1.50162,negative,medium,
osm-329968512-1682808537-0,jakarta-20210220,train,162.391,primary,1.0,0.0,0.0,0.0,-0.538592,-0.156424,negative,medium,
osm-329969014-5662335002-0,jakarta-20210220,train,90.047,primary,1.0,0.0,0.0,0.0,1.324594,-0.012904,negative,medium,
osm-329971830-4749962821-0,jakarta-20210220,train,206.905,primary,1.0,0.0,0.0,0.0,-0.432409,-0.396763,negative,medium,
osm-329975504-5662309002-0,jakarta-20210220,train,219.725,primary,1.0,0.0,0.0,0.0,0.08247,0.272338,negative,medium,
osm-329975510-7131701881-0,jakarta-20210220,train,17.922,primary,1.0,0.0,0.0,0.0,0.219309,0.067726,negative,medium,
osm-330177825-5380113845-0,jakarta-20210220,train,57.075,primary,1.0,0.0,0.0,0.0,-0.657915,0.625096,negative,medium,
osm-330409714-7232143502-0,jakarta-20210220,train,675.739,service,1.0,0.0,0.0,0.0,0.815262,-0.014659,negative,medium,
osm-332341344-5506920631-0,jakarta-20210220,train,30.273,residential,1.0,0.0,0.0,0.0,0.758832,-1.342364,negative,medium,
osm-332517701-5671006775-0,jakarta-20210220,train,72.44,trunk,1.0,0.0,0.0,0.0,-0.032992,0.708626,negative,medium,
osm-332526386-316176020-0,jakarta-20210220,train,2802.024,motorway,1.0,0.0,0.0,0.0,0.432758,0.231576,negative,medium,
osm-332526397-332526399-0,jakarta-20210220,train,41.86,primary_link,1.0,0.0,0.0,0.0,0.282623,0.024649,negative,medium,
osm-332526399-4551163746-0,jakarta-20210220,train,71.584,primary,1.0,0.0,0.0,0.0,-0.365496,0.031779,negative,medium,
osm-347509493-191505875-0,jakarta-20210220,train,6.128,secondary,1.0,0.0,0.0,0.0,-1.010063,0.34796,negative,medium,
osm-351116570-393856976-0,jakarta-20210220,train,45.065,secondary,1.0,0.0,0.0,0.0,0.511083,-0.934113,negative,medium,
osm-352897075-352897081-0,jakarta-20210220,train,50.774,primary,1.0,0.0,0.0,0.0,-0.126379,-1.979939,negative,medium,
osm-352897081-9561821845-0,jakarta-20210220,train,18.529,primary,1.0,0.0,0.0,0.0,-0.794703,-2.628051,negative,medium,
osm-352897085-13772607350-0,jakarta-20210220,train,85.347,primary,1.0,0.0,0.0,0.0,1.397963,0.118212,negative,medium,
osm-352913456-8772028147-0,jakarta-20210220,train,58.448,primary,1.0,0.0,0.0,0.0,-1.268481,-0.371961,negative,medium,
osm-352913852-317191266-0,jakarta-20210220,train,161.341,primary,1.0,0.0,0.0,0.0,0.046457,-0.314251,negative,medium,
osm-352915237-4776087446-0,jakarta-20210220,train,45.8,primary,1.0,0.0,0.0,0.0,-0.345118,0.830422,negative,medium,
osm-352961150-9016841536-0,jakarta-20210220,train,41.376,tertiary,1.0,0.0,0.0,0.0,0.416896,-2.037995,negative,medium,
osm-353136203-13456492331-0,jakarta-20210220,train,47.47,primary,1.0,0.0,0.0,0.0,1.364964,0.662272,negative,medium,
osm-388023277-5670939322-0,jakarta-20210220,train,45.472,trunk,1.0,0.0,0.0,0.0,0.030972,-0.269096,negative,medium,
osm-388240366-6546950357-0,jakarta-20210220,train,127.261,trunk,1.0,0.0,0.0,0.0,1.225802,-0.11891,negative,medium,
osm-388240367-388240366-0,jakarta-20210220,train,150.245,trunk,1.0,0.0,0.0,0.0,0.086113,0.781085,negative,medium,
osm-393856973-6322395865-0,jakarta-20210220,train,16.736,secondary,1.0,0.0,0.0,0.0,0.502348,0.278912,negative,medium,
osm-393856974-10732635788-0,jakarta-20210220,train,29.015,secondary,1.0,0.0,0.0,0.0,-0.610056,0.18027,negative,medium,
osm-393856976-3709514014-0,jakarta-20210220,train,53.276,secondary,1.0,0.0,0.0,0.0,1.528848,-1.913469,negative,medium,
osm-393861915-6322396585-0,jakarta-20210220,train,20.989,secondary,1.0,0.0,0.0,0.0,1.591741,0.474213,negative,medium,
osm-430546287-12736661061-0,jakarta-20210220,train,69.246,primary,1.0,0.0,0.0,0.0,0.252598,-0.247829,negative,medium,
osm-430546294-430546307-0,jakarta-20210220,train,20.054,secondary,1.0,0.0,0.0,0.0,-0.013485,-0.182654,negative,medium,
osm-430546307-430546319-0,jakarta-20210220,train,18.659,secondary,1.0,0.0,0.0,0.0,-0.714964,0.197914,negative,medium,
osm-430546319-12754553920-0,jakarta-20210220,train,26.941,secondary,1.0,0.0,0.0,0.0,-1.489877,0.231246,negative,medium,
osm-454066598-4502070108-0,jakarta-20210220,train,16.805,secondary,1.0,0.0,0.0,0.0,0.809062,1.146978,negative,medium,
osm-504912724-7122843809-0,jakarta-20210220,train,102.848,secondary,1.0,0.0,0.0,0.0,0.773353,-0.34602,negative,medium,
osm-519545266-1993475640-0,jakarta-20210220,train,30.074,trunk,1.0,0.0,0.0,0.0,-0.360422,2.251653,negative,medium,
osm-1133343792-1133343793-0,jakarta-20210220,train,99.546,residential,1.0,0.0,0.0,0.0,0.079335,0.291402,negative,medium,
osm-1133343793-1135179313-0,jakarta-20210220,train,85.151,tertiary,1.0,0.0,0.0,0.0,0.077614,-0.417293,negative,medium,
osm-1133343805-1133343793-0,jakarta-20210220,train,172.743,tertiary,1.0,0.0,0.0,0.0,0.226578,-0.426331,negative,medium,
osm-1133676103-1334087929-0,jakarta-20210220,train,384.195,primary,1.0,0.0,0.0,0.0,0.666508,0.270271,negative,medium,
osm-1133676112-1133676103-0,jakarta-20210220,train,248.128,primary,1.0,0.0,0.0,0.0,-0.086783,0.975787,negative,medium,
osm-1133676115-1133676116-0,jakarta-20210220,train,47.632,tertiary,1.0,0.0,0.0,0.0,0.901753,-0.212433,negative,medium,
osm-1133676116-5391402284-0,jakarta-20210220,train,53.512,tertiary,1.0,0.0,0.0,0.0,0.549628,0.316265,negative,medium,
osm-1133676128-1133807077-0,jakarta-20210220,train,36.097,tertiary,1.0,0.0,0.0,0.0,-0.425988,-0.084737,negative,medium,
osm-1133806969-1133807093-0,jakarta-20210220,train,94.177,tertiary,1.0,0.0,0.0,0.0,-1.331974,-0.185131,negative,medium,
osm-1133806993-11455806150-0,jakarta-20210220,train,64.336,tertiary,1.0,0.0,0.0,0.0,0.063542,-0.939849,negative,medium,
osm-1133807009-1133806993-0,jakarta-20210220,train,10.179,tertiary,1.0,0.0,0.0,0.0,0.970221,-0.403074,negative,medium,
osm-1133807034-1133806969-0,jakarta-20210220,train,194.546,tertiary,1.0,0.0,0.0,0.0,0.554352,-0.010798,negative,medium,
osm-1133807052-1133676128-0,jakarta-20210220,train,35.901,tertiary,1.0,0.0,0.0,0.0,-0.119979,0.55547,negative,medium,
osm-1133807065-1133807009-0,jakarta-20210220,train,50.706,tertiary,1.0,0.0,0.0,0.0,1.167124,0.891088,negative,medium,
osm-1133807077-9642343610-0,jakarta-20210220,train,8.108,tertiary,1.0,0.0,0.0,0.0,0.129904,0.346206,negative,medium,
osm-1133807089-1133807052-0,jakarta-20210220,train,41.379,tertiary,1.0,0.0,0.0,0.0,0.73269,0.219203,negative,medium,
osm-1133807093-5513424002-0,jakarta-20210220,train,42.756,tertiary,1.0,0.0,0.0,0.0,-0.999077,-0.202142,negative,medium,
osm-1134908642-5010888460-0,jakarta-20210220,train,102.85,primary,1.0,0.0,0.0,0.0,-0.180912,0.883515,negative,medium,
osm-1134953472-1133676115-0,jakarta-20210220,train,126.898,tertiary,1.0,0.0,0.0,0.0,0.731428,0.166687,negative,medium,
osm-1135179313-1135179348-0,jakarta-20210220,train,96.954,tertiary,1.0,0.0,0.0,0.0,0.666248,-0.176768,negative,medium,
osm-1135179348-4666246417-0,jakarta-20210220,train,9.529,tertiary,1.0,0.0,0.0,0.0,-0.34871,0.164595,negative,medium,
osm-1135179379-7229469661-0,jakarta-20210220,train,37.61,tertiary,1.0,0.0,0.0,0.0,0.422482,0.296103,negative,medium,
osm-1135179404-4800316713-0,jakarta-20210220,train,81.572,tertiary,1.0,0.0,0.0,0.0,0.155067,-1.071872,negative,medium,
osm-1135179421-13734886245-0,jakarta-20210220,train,6.239,tertiary,1.0,0.0,0.0,0.0,-0.750564,-1.819556,negative,medium,
osm-1135179424-13914133217-0,jakarta-20210220,train,5.251,tertiary,1.0,0.0,0.0,0.0,0.399027,0.129892,negative,medium,
osm-1135190117-1138828395-0,jakarta-20210220,train,226.26,trunk,1.0,0.0,0.0,0.0,-0.298924,0.675949,negative,medium,
osm-1135601912-5498027349-0,jakarta-20210220,train,33.226,primary,1.0,0.0,0.0,0.0,1.142318,-1.213304,negative,medium,
osm-1138828395-316486288-0,jakarta-20210220,train,148.942,trunk,1.0,0.0,0.0,0.0,0.214393,0.607257,negative,medium,
osm-1139139728-7260196327-0,jakarta-20210220,train,52.205,trunk,1.0,0.0,0.0,0.0,0.635727,1.27909,negative,medium,
osm-1139139742-7260204106-0,jakarta-20210220,train,20.07,trunk,1.0,0.0,0.0,0.0,0.478504,1.114639,negative,medium,
osm-1139140184-95006360-0,jakarta-20210220,train,29.076,trunk,1.0,0.0,0.0,0.0,1.97541,-1.387167,negative,medium,
osm-1139156749-5492419221-0,jakarta-20210220,train,64.158,trunk,1.0,0.0,0.0,0.0,0.089237,0.535122,negative,medium,
osm-1150900577-12825987637-0,jakarta-20210220,train,50.743,trunk,1.0,0.0,0.0,0.0,0.482013,0.249633,negative,medium,
osm-1161321036-316374594-0,jakarta-20210220,train,29.636,primary,1.0,0.0,0.0,0.0,-0.874718,-1.214951,negative,medium,
osm-1163404589-7156322369-0,jakarta-20210220,train,201.584,primary,1.0,0.0,0.0,0.0,0.440066,0.119004,negative,medium,
osm-1163404618-7120383655-0,jakarta-20210220,train,49.695,primary,1.0,0.0,0.0,0.0,0.299465,-0.415122,negative,medium,
osm-1163404654-316374585-0,jakarta-20210220,train,40.359,primary,1.0,0.0,0.0,0.0,0.687075,1.553065,negative,medium,
osm-1173954328-1174754069-0,jakarta-20210220,train,88.342,secondary,1.0,0.0,0.0,0.0,0.993375,-0.26025,negative,medium,
osm-1173954346-13653307691-0,jakarta-20210220,train,100.16,secondary,1.0,0.0,0.0,0.0,-0.69276,0.462404,negative,medium,
osm-1174754069-29939144-0,jakarta-20210220,train,49.844,secondary,1.0,0.0,0.0,0.0,0.343737,-0.190726,negative,medium,
osm-1174777687-5065375426-0,jakarta-20210220,train,134.541,secondary,1.0,0.0,0.0,0.0,0.837937,-0.034937,negative,medium,
osm-1249723074-7225096520-0,jakarta-20210220,train,22.045,primary,1.0,0.0,0.0,0.0,0.227262,-0.919713,negative,medium,
osm-1273189607-4566501796-0,jakarta-20210220,train,51.94,primary,1.0,0.0,0.0,0.0,-1.640839,0.842727,negative,medium,
osm-1275851646-104379024-0,jakarta-20210220,train,97.589,primary,1.0,0.0,0.0,0.0,0.513716,0.051162,negative,medium,
osm-1311842311-9028008487-0,jakarta-20210220,train,76.19,primary,1.0,0.0,0.0,0.0,-0.712362,-0.127538,negative,medium,
osm-1315069362-9685151096-0,jakarta-20210220,train,44.334,primary,1.0,0.0,0.0,0.0,1.017446,-0.256048,negative,medium,
osm-1320273025-6604587143-0,jakarta-20210220,train,105.763,primary,1.0,0.0,0.0,0.0,-0.024723,-0.194944,negative,medium,
osm-1321228510-317196043-0,jakarta-20210220,train,10.018,residential,1.0,0.0,0.0,0.0,0.811579,0.236066,negative,medium,
osm-1321228541-1336909413-0,jakarta-20210220,train,232.395,primary,1.0,0.0,0.0,0.0,0.854445,0.067379,negative,medium,
osm-1321228560-1373715020-0,jakarta-20210220,train,147.754,primary,1.0,0.0,0.0,0.0,-0.055864,-0.084554,negative,medium,
osm-1321228566-302230530-0,jakarta-20210220,train,53.081,primary,1.0,0.0,0.0,0.0,-0.693095,0.141101,negative,medium,
osm-1321228575-1334087900-0,jakarta-20210220,train,121.974,primary,1.0,0.0,0.0,0.0,1.108214,0.12909,negative,medium,
osm-1321537155-1321537157-0,jakarta-20210220,train,14.503,primary,1.0,0.0,0.0,0.0,0.077861,0.725548,negative,medium,
osm-1321537157-5078382203-0,jakarta-20210220,train,18.338,primary,1.0,0.0,0.0,0.0,0.409649,0.033691,negative,medium,
osm-1325257182-316742986-0,jakarta-20210220,train,178.044,trunk,1.0,0.0,0.0,0.0,1.3564,0.535566,negative,medium,
osm-1330696490-1337745188-0,jakarta-20210220,train,101.893,primary,1.0,0.0,0.0,0.0,0.91587,-0.669307,negative,medium,
osm-1334087900-7027128992-0,jakarta-20210220,train,25.839,primary,1.0,0.0,0.0,0.0,0.78195,1.700455,negative,medium,
osm-1334087929-1321228575-0,jakarta-20210220,train,382.294,primary,1.0,0.0,0.0,0.0,0.48287,0.339963,negative,medium,
osm-1336909413-1321228560-0,jakarta-20210220,train,14.367,primary,1.0,0.0,0.0,0.0,0.981809,1.038233,negative,medium,
osm-1337745188-326484370-0,jakarta-20210220,train,535.176,primary,1.0,0.0,0.0,0.0,0.240669,-0.002573,negative,medium,
osm-1342878909-6434923286-0,jakarta-20210220,train,63.387,trunk,1.0,0.0,0.0,0.0,-0.109959,1.075214,negative,medium,
osm-1342878927-7516900856-0,jakarta-20210220,train,237.199,trunk,1.0,0.0,0.0,0.0,1.060134,0.662138,negative,medium,
osm-1342878941-7149726253-0,jakarta-20210220,train,58.137,trunk,1.0,0.0,0.0,0.0,-1.043051,0.086917,negative,medium,
osm-1342878941-11501464546-0,jakarta-20210220,train,4.293,primary,1.0,0.0,0.0,0.0,-0.298457,0.612132,negative,medium,
osm-1342878987-7105384963-0,jakarta-20210220,train,35.354,trunk,1.0,0.0,0.0,0.0,1.733912,0.015847,negative,medium,
osm-1342878998-330409714-0,jakarta-20210220,train,190.376,service,1.0,0.0,0.0,0.0,0.20114,0.28251,negative,medium,
osm-1342879000-4822315952-0,jakarta-20210220,train,12.466,trunk,1.0,0.0,0.0,0.0,-1.189674,0.482382,negative,medium,
osm-1342879017-1342878987-0,jakarta-20210220,train,93.869,trunk,1.0,0.0,0.0,0.0,0.897199,0.862884,negative,medium,
osm-1345781623-12504052406-0,jakarta-20210220,train,181.093,primary,1.0,0.0,0.0,0.0,0.310053,0.895113,negative,medium,
osm-1351484887-13657075638-0,jakarta-20210220,train,78.23,primary,1.0,0.0,0.0,0.0,0.295003,-0.132545,negative,medium,
osm-1359134207-2379121074-0,jakarta-20210220,train,14.638,primary,1.0,0.0,0.0,0.0,3.126464,1.246177,negative,medium,
osm-1359134207-2379121077-0,jakarta-20210220,train,22.454,primary_link,1.0,0.0,0.0,0.0,2.816212,1.452355,negative,medium,
osm-1359134222-1330696490-0,jakarta-20210220,train,89.353,primary,1.0,0.0,0.0,0.0,0.514102,-0.738855,negative,medium,
osm-1362598302-4926601878-0,jakarta-20210220,train,79.655,primary,1.0,0.0,0.0,0.0,-0.100112,-0.830663,negative,medium,
osm-1362598310-1362598302-0,jakarta-20210220,train,14.64,primary,1.0,0.0,0.0,0.0,-0.575608,-1.012881,negative,medium,
osm-1363190326-4529694108-0,jakarta-20210220,train,66.812,primary,1.0,0.0,0.0,0.0,-0.045103,-0.389575,negative,medium,
osm-1373715020-1373715051-0,jakarta-20210220,train,168.7,primary,1.0,0.0,0.0,0.0,0.253179,-0.867486,negative,medium,
osm-1373715051-9037288082-0,jakarta-20210220,train,34.141,primary,1.0,0.0,0.0,0.0,0.245024,-1.118531,negative,medium,
osm-1376428022-7029385572-0,jakarta-20210220,train,26.64,trunk_link,1.0,0.0,0.0,0.0,0.121382,1.029265,negative,medium,
osm-1417312748-4548266267-0,jakarta-20210220,train,194.325,trunk,1.0,0.0,0.0,0.0,0.596916,-0.343521,negative,medium,
osm-1417319126-7117458776-0,jakarta-20210220,train,30.497,trunk,1.0,0.0,0.0,0.0,0.0631,0.894718,negative,medium,
osm-1420142081-5379768929-0,jakarta-20210220,train,22.048,residential,1.0,0.0,0.0,0.0,-0.197432,1.031447,negative,medium,
osm-1423006391-328336623-0,jakarta-20210220,train,341.631,trunk,1.0,0.0,0.0,0.0,0.32511,-0.280612,negative,medium,
osm-1663918523-191506029-0,jakarta-20210220,train,75.062,secondary,1.0,0.0,0.0,0.0,-0.012379,-0.101439,negative,medium,
osm-1675425882-13606201442-0,jakarta-20210220,train,50.13,primary,1.0,0.0,0.0,0.0,-0.972332,1.012454,negative,medium,
osm-1675426142-13606278105-0,jakarta-20210220,train,29.518,primary,1.0,0.0,0.0,0.0,-0.318833,0.425104,negative,medium,
osm-1675426257-13663493364-0,jakarta-20210220,train,44.142,primary,1.0,0.0,0.0,0.0,1.047928,0.465265,negative,medium,
osm-1675426300-13606475672-0,jakarta-20210220,train,28.545,primary,1.0,0.0,0.0,0.0,1.504429,-0.62598,negative,medium,
osm-1675426459-13664998461-0,jakarta-20210220,train,37.735,primary,1.0,0.0,0.0,0.0,0.783425,0.454797,negative,medium,
osm-1675488274-316374560-0,jakarta-20210220,train,78.387,primary,1.0,0.0,0.0,0.0,-0.810495,0.629051,negative,medium,
osm-1682808537-8555984047-0,jakarta-20210220,train,55.045,primary,1.0,0.0,0.0,0.0,-0.614142,-0.696168,negative,medium,
osm-1682844228-5647102762-0,jakarta-20210220,train,225.662,primary,1.0,0.0,0.0,0.0,0.343705,-0.467165,negative,medium,
osm-1682844563-326484330-0,jakarta-20210220,train,209.489,primary,1.0,0.0,0.0,0.0,1.067476,0.212124,negative,medium,
osm-1695811540-4778418534-0,jakarta-20210220,train,150.157,residential,1.0,0.0,0.0,0.0,-0.416071,0.569048,negative,medium,
osm-1695811568-9118916175-0,jakarta-20210220,train,9.462,residential,1.0,0.0,0.0,0.0,-0.500638,0.234485,negative,medium,
osm-1696170853-5374804755-0,jakarta-20210220,train,104.251,primary,1.0,0.0,0.0,0.0,1.209021,-0.505562,negative,medium,
osm-1709500939-326484165-0,jakarta-20210220,train,298.023,primary,1.0,0.0,0.0,0.0,0.2904,-0.504982,negative,medium,
osm-1757800736-1757800861-0,jakarta-20210220,train,24.632,trunk,1.0,0.0,0.0,0.0,-0.060551,0.873678,negative,medium,
osm-1757800787-3723599609-0,jakarta-20210220,train,112.044,motorway,1.0,0.0,0.0,0.0,-0.104759,-0.407674,negative,medium,
osm-1757800816-1757800865-0,jakarta-20210220,train,36.716,trunk,1.0,0.0,0.0,0.0,1.762525,0.570885,negative,medium,
osm-1757800817-1757800859-0,jakarta-20210220,train,85.709,motorway_link,1.0,0.0,0.0,0.0,-0.514931,0.812019,negative,medium,
osm-1757800817-9664769720-0,jakarta-20210220,train,20.76,motorway_link,1.0,0.0,0.0,0.0,-0.786623,0.43822,negative,medium,
osm-1757800846-7082864214-0,jakarta-20210220,train,71.69,motorway_link,1.0,0.0,0.0,0.0,0.660841,0.663232,negative,medium,
osm-1757800859-1757800846-0,jakarta-20210220,train,25.422,motorway_link,1.0,0.0,0.0,0.0,-0.185611,0.81232,negative,medium,
osm-1757800861-6776762981-0,jakarta-20210220,train,16.571,primary,1.0,0.0,0.0,0.0,0.029796,0.895859,negative,medium,
osm-1757800861-7082864214-0,jakarta-20210220,train,16.082,trunk,1.0,0.0,0.0,0.0,0.35417,0.637022,negative,medium,
osm-1757800865-9009175767-0,jakarta-20210220,train,6.111,trunk,1.0,0.0,0.0,0.0,1.510711,-0.033861,negative,medium,
osm-1782804895-309824120-0,jakarta-20210220,train,1560.372,motorway,1.0,0.0,0.0,0.0,0.357978,0.154534,negative,medium,
osm-1782804903-1782804895-0,jakarta-20210220,train,673.556,motorway,1.0,0.0,0.0,0.0,-0.083035,-0.158644,negative,medium,
osm-1783134145-6336788292-0,jakarta-20210220,train,41.657,primary,1.0,0.0,0.0,0.0,0.212922,-0.127943,negative,medium,
osm-1993475640-6429880632-0,jakarta-20210220,train,374.997,motorway_link,1.0,0.0,0.0,0.0,-0.14576,-0.337391,negative,medium,
osm-2019635436-13772607355-0,jakarta-20210220,train,33.608,primary,1.0,0.0,0.0,0.0,-0.118701,-0.464775,negative,medium,
osm-2032758147-29939211-0,jakarta-20210220,train,19.324,primary,1.0,0.0,0.0,0.0,-0.297852,1.429774,negative,medium,
osm-2032872437-29939141-0,jakarta-20210220,train,28.777,secondary,1.0,0.0,0.0,0.0,0.260596,0.199293,negative,medium,
osm-2209098563-6459032697-0,jakarta-20210220,train,142.023,secondary,1.0,0.0,0.0,0.0,0.503571,-0.495297,negative,medium,
osm-2210464501-315712058-0,jakarta-20210220,train,40.144,primary,1.0,0.0,0.0,0.0,-0.404982,1.162553,negative,medium,
osm-2363808979-7120370231-0,jakarta-20210220,train,34.501,primary,1.0,0.0,0.0,0.0,1.055293,-0.285212,negative,medium,
osm-2379121074-7039275702-0,jakarta-20210220,train,12.783,primary,1.0,0.0,0.0,0.0,2.62366,0.680435,negative,medium,
osm-2379121077-7039275702-0,jakarta-20210220,train,22.464,primary_link,1.0,0.0,0.0,0.0,2.279035,0.872858,negative,medium,
osm-2399364732-11299364779-0,jakarta-20210220,train,63.948,trunk,1.0,0.0,0.0,0.0,0.518258,1.16403,negative,medium,
osm-2400147489-7246473924-0,jakarta-20210220,train,101.064,primary,1.0,0.0,0.0,0.0,0.747046,0.477365,negative,medium,
osm-2415521692-1150900577-0,jakarta-20210220,train,86.624,trunk,1.0,0.0,0.0,0.0,0.133659,1.465851,negative,medium,
osm-2415521737-4466384617-0,jakarta-20210220,train,79.21,trunk_link,1.0,0.0,0.0,0.0,0.514701,0.038793,negative,medium,
osm-2415817217-454066598-0,jakarta-20210220,train,385.232,motorway_link,1.0,0.0,0.0,0.0,0.080248,0.115248,negative,medium,
osm-2415823492-5668231819-0,jakarta-20210220,train,2683.725,motorway,1.0,0.0,0.0,0.0,0.608993,0.377557,negative,medium,
osm-2516439291-316395244-0,jakarta-20210220,train,78.021,primary,1.0,0.0,0.0,0.0,0.011821,-0.351544,negative,medium,
osm-2516439291-2415521737-0,jakarta-20210220,train,26.503,trunk_link,1.0,0.0,0.0,0.0,-0.169239,0.214154,negative,medium,
osm-2589974180-5334300227-0,jakarta-20210220,train,118.203,tertiary,1.0,0.0,0.0,0.0,0.388684,0.286736,negative,medium,
osm-2589977444-2589977470-0,jakarta-20210220,train,58.674,primary,1.0,0.0,0.0,0.0,-0.25959,-1.958033,negative,medium,
osm-2589977470-5388329052-0,jakarta-20210220,train,230.739,primary,1.0,0.0,0.0,0.0,1.527027,1.343885,negative,medium,
osm-2821400645-5671270622-0,jakarta-20210220,train,60.357,primary,1.0,0.0,0.0,0.0,-0.222669,0.004291,negative,medium,
osm-2836706754-13030921685-0,jakarta-20210220,train,47.43,residential,1.0,0.0,0.0,0.0,-0.743054,0.319783,negative,medium,
osm-2836706756-4696797079-0,jakarta-20210220,train,10.143,residential,1.0,0.0,0.0,0.0,-0.437218,0.865602,negative,medium,
osm-2836706758-2836737300-0,jakarta-20210220,train,23.292,service,1.0,0.0,0.0,0.0,1.287584,-0.161041,negative,medium,
osm-2836737300-5379768936-0,jakarta-20210220,train,42.815,residential,1.0,0.0,0.0,0.0,1.301549,0.242103,negative,medium,
osm-2872136862-1275851646-0,jakarta-20210220,train,96.631,primary,1.0,0.0,0.0,0.0,0.568754,-0.146635,negative,medium,
osm-2882028353-6347347053-0,jakarta-20210220,train,11.078,secondary,1.0,0.0,0.0,0.0,1.065334,0.001119,negative,medium,
osm-3266324655-9697006214-0,jakarta-20210220,train,419.628,primary,1.0,0.0,0.0,0.0,-0.083743,0.632088,negative,medium,
osm-3266332372-3266324655-0,jakarta-20210220,train,24.732,primary,1.0,0.0,0.0,0.0,-0.899895,0.004754,negative,medium,
osm-3266396596-5671006753-0,jakarta-20210220,train,71.27,trunk,1.0,0.0,0.0,0.0,2.012977,1.907397,negative,medium,
osm-3266396597-6451233565-0,jakarta-20210220,train,34.724,trunk,1.0,0.0,0.0,0.0,0.909223,-1.212501,negative,medium,
osm-3266396608-9471064862-0,jakarta-20210220,train,27.309,primary,1.0,0.0,0.0,0.0,0.392052,-1.510209,negative,medium,
osm-3415432182-11039838816-0,jakarta-20210220,train,160.531,primary,1.0,0.0,0.0,0.0,0.247624,0.026321,negative,medium,
osm-3507031383-310008087-0,jakarta-20210220,train,45.439,primary,1.0,0.0,0.0,0.0,2.123192,0.518585,negative,medium,
osm-3507893559-3507031383-0,jakarta-20210220,train,33.898,primary,1.0,0.0,0.0,0.0,2.812566,1.20647,negative,medium,
osm-3709514014-3709514015-0,jakarta-20210220,train,49.605,secondary,1.0,0.0,0.0,0.0,1.268242,-0.335739,negative,medium,
osm-3709514015-3709514017-0,jakarta-20210220,train,74.234,secondary,1.0,0.0,0.0,0.0,-0.002452,0.439983,negative,medium,
osm-3709514017-3709514018-0,jakarta-20210220,train,44.162,secondary,1.0,0.0,0.0,0.0,0.744135,0.793246,negative,medium,
osm-3709514018-7112944949-0,jakarta-20210220,train,27.105,secondary,1.0,0.0,0.0,0.0,1.647602,0.522819,negative,medium,
osm-3723599608-309880841-0,jakarta-20210220,train,941.839,motorway,1.0,0.0,0.0,0.0,0.137589,0.344252,negative,medium,
osm-3723599609-7070168315-0,jakarta-20210220,train,199.895,motorway,1.0,0.0,0.0,0.0,0.289644,0.323469,negative,medium,
osm-3723599610-3723599621-0,jakarta-20210220,train,184.503,motorway_link,1.0,0.0,0.001939,0.358,-0.029444,-0.17088,negative,medium,
osm-3723599620-5372153155-0,jakarta-20210220,train,44.165,trunk,1.0,0.0,0.0,0.0,-0.017602,0.481364,negative,medium,
osm-3723599621-4859114434-0,jakarta-20210220,train,16.372,trunk,1.0,0.0,0.009005,0.147,-1.884469,-0.56223,negative,medium,
osm-3723634710-4152867179-0,jakarta-20210220,train,420.065,motorway_link,1.0,0.0,0.0,0.0,0.344945,0.171493,negative,medium,
osm-3723634711-8132787924-0,jakarta-20210220,train,1287.207,motorway,1.0,0.0,0.0,0.0,0.035037,0.155929,negative,medium,
osm-3723635038-3723635056-0,jakarta-20210220,train,516.907,motorway_link,1.0,0.0,0.0,0.0,0.268245,0.035404,negative,medium,
osm-3723635056-3723634711-0,jakarta-20210220,train,372.63,motorway,1.0,0.0,0.0,0.0,-0.088349,0.359958,negative,medium,
osm-3723635058-2415823492-0,jakarta-20210220,train,330.744,motorway,1.0,0.0,0.0,0.0,-0.039129,0.052091,negative,medium,
osm-3763648673-328965954-0,jakarta-20210220,train,22.592,primary,1.0,0.0,0.0,0.0,-0.695187,-1.634296,negative,medium,
osm-3869782797-13453045134-0,jakarta-20210220,train,76.759,primary,1.0,0.0,0.0,0.0,-0.009985,0.664147,negative,medium,
osm-3981137758-8995440646-0,jakarta-20210220,train,2.985,primary,1.0,0.0,0.0,0.0,0.289437,1.233201,negative,medium,
osm-4152867155-317190987-0,jakarta-20210220,train,118.706,primary,1.0,0.0,0.0,0.0,0.277238,0.411044,negative,medium,
osm-4152867163-6430860592-0,jakarta-20210220,train,46.486,trunk_link,1.0,0.0,0.0,0.0,0.916583,0.240402,negative,medium,
osm-4152867172-4152867155-0,jakarta-20210220,train,564.97,primary,1.0,0.0,0.0,0.0,-0.128174,0.019276,negative,medium,
osm-4152867179-6331233983-0,jakarta-20210220,train,20.637,trunk,1.0,0.0,0.0,0.0,-1.447422,0.475046,negative,medium,
osm-4152867689-4914353893-0,jakarta-20210220,train,65.4,trunk,1.0,0.0,0.0,0.0,0.533151,-0.353127,negative,medium,
osm-4235574904-4235574906-0,jakarta-20210220,train,70.754,primary,1.0,0.0,0.0,0.0,1.175343,0.637819,negative,medium,
osm-4235574906-5377177680-0,jakarta-20210220,train,167.264,primary,1.0,0.0,0.0,0.0,0.730482,0.356772,negative,medium,
osm-4258201115-3415432182-0,jakarta-20210220,train,44.867,primary,1.0,0.0,0.0,0.0,0.602786,1.430407,negative,medium,
osm-4260761277-11899737707-0,jakarta-20210220,train,16.969,primary,1.0,0.0,0.0,0.0,0.636892,1.65033,negative,medium,
osm-4269900330-11350075105-0,jakarta-20210220,train,17.693,secondary,1.0,0.0,0.0,0.0,0.644309,-0.918622,negative,medium,
osm-4404259357-4556570177-0,jakarta-20210220,train,93.207,trunk,1.0,0.0,0.0,0.0,0.825164,0.851982,negative,medium,
osm-4466078450-315684305-0,jakarta-20210220,train,7.184,primary,1.0,0.0,0.0,0.0,0.531961,-1.047803,negative,medium,
osm-4466384616-328320081-0,jakarta-20210220,train,25.516,trunk,1.0,0.0,0.0,0.0,-1.179799,0.700669,negative,medium,
osm-4466384617-5466187936-0,jakarta-20210220,train,234.137,trunk,1.0,0.0,0.0,0.0,0.245066,-0.250128,negative,medium,
osm-4476152430-4546109600-0,jakarta-20210220,train,27.133,primary,1.0,0.0,0.0,0.0,0.445015,1.041357,negative,medium,
osm-4488259486-4476152430-0,jakarta-20210220,train,30.622,primary,1.0,0.0,0.0,0.0,1.272519,0.382345,negative,medium,
osm-4499976535-4499997606-0,jakarta-20210220,train,72.171,primary,1.0,0.0,0.0,0.0,1.500316,-0.266845,negative,medium,
osm-4499997606-8208701324-0,jakarta-20210220,train,4.948,primary,1.0,0.0,0.0,0.0,1.418077,-0.015845,negative,medium,
osm-4502070108-5436662071-0,jakarta-20210220,train,83.117,secondary,1.0,0.0,0.0,0.0,0.025,0.378949,negative,medium,
osm-4502070116-7104997606-0,jakarta-20210220,train,4.727,secondary,1.0,0.0,0.0,0.0,1.209323,0.993127,negative,medium,
osm-4502213975-4502213976-0,jakarta-20210220,train,16.034,secondary_link,1.0,0.0,0.0,0.0,0.699007,-0.51087,negative,medium,
osm-4502213976-9699963783-0,jakarta-20210220,train,36.597,secondary,1.0,0.0,0.0,0.0,-0.881232,-0.417117,negative,medium,
osm-4502213977-4502213979-0,jakarta-20210220,train,31.877,secondary,1.0,0.0,0.0,0.0,-0.336735,-0.129891,negative,medium,
osm-4502213979-4502214206-0,jakarta-20210220,train,148.497,secondary,1.0,0.0,0.0,0.0,-0.287549,0.56787,negative,medium,
osm-4502214206-4502214225-0,jakarta-20210220,train,6.695,secondary,1.0,0.0,0.0,0.0,0.142853,0.425116,negative,medium,
osm-4502214222-4502214223-0,jakarta-20210220,train,7.753,secondary,1.0,0.0,0.0,0.0,-0.180792,0.488957,negative,medium,
osm-4502214223-7096117327-0,jakarta-20210220,train,13.173,secondary,1.0,0.0,0.0,0.0,-0.148465,0.357417,negative,medium,
osm-4502214225-4502214222-0,jakarta-20210220,train,63.932,secondary,1.0,0.0,0.0,0.0,-0.033461,0.629747,negative,medium,
osm-4504091329-7241544817-0,jakarta-20210220,train,12.96,primary,1.0,0.0,0.0,0.0,0.354641,0.320729,negative,medium,
osm-4505735373-1163404654-0,jakarta-20210220,train,9.458,primary,1.0,0.0,0.0,0.0,0.107113,1.614197,negative,medium,
osm-4507955830-4507955831-0,jakarta-20210220,train,50.819,primary_link,1.0,0.0,0.0,0.0,-0.526263,-0.183335,negative,medium,
osm-4507955831-5205645925-0,jakarta-20210220,train,70.316,primary,1.0,0.0,0.0,0.0,-0.308607,-0.076743,negative,medium,
osm-4507989466-10090309233-0,jakarta-20210220,train,60.079,primary,1.0,0.0,0.0,0.0,0.912885,0.167188,negative,medium,
osm-4529694108-317157768-0,jakarta-20210220,train,570.393,primary,1.0,0.0,0.0,0.0,0.423664,0.104305,negative,medium,
osm-4541302315-6332686268-0,jakarta-20210220,train,79.312,primary,1.0,0.0,0.0,0.0,-0.199267,0.23283,negative,medium,
osm-4546076824-186669834-0,jakarta-20210220,train,66.932,primary,1.0,0.0,0.0,0.0,0.207399,1.110671,negative,medium,
osm-4546100816-9144167875-0,jakarta-20210220,train,297.757,primary,1.0,0.0,0.0,0.0,0.613036,-0.11582,negative,medium,
osm-4546109600-7062375566-0,jakarta-20210220,train,26.626,primary,1.0,0.0,0.0,0.0,-0.30551,1.224739,negative,medium,
osm-4548266264-1342879017-0,jakarta-20210220,train,171.182,trunk,1.0,0.0,0.0,0.0,-0.31019,-0.696728,negative,medium,
osm-4548266267-9527050428-0,jakarta-20210220,train,71.759,trunk,1.0,0.0,0.0,0.0,-0.615244,0.424901,negative,medium,
osm-4548266741-1163404589-0,jakarta-20210220,train,54.659,primary,1.0,0.0,0.0,0.0,0.429767,-2.272064,negative,medium,
osm-4548266748-6459323552-0,jakarta-20210220,train,1011.588,primary,1.0,0.0,0.0,0.0,-0.064153,-0.080329,negative,medium,
osm-4548266763-12745135294-0,jakarta-20210220,train,13.067,primary,1.0,0.0,0.0,0.0,0.546913,0.11877,negative,medium,
osm-4548266767-5374282155-0,jakarta-20210220,train,86.851,primary,1.0,0.0,0.0,0.0,0.213646,-0.21301,negative,medium,
osm-4548266823-5013211786-0,jakarta-20210220,train,149.353,secondary,1.0,0.0,0.0,0.0,0.532387,0.088479,negative,medium,
osm-4548267014-4548267015-0,jakarta-20210220,train,208.628,trunk,1.0,0.0,0.0,0.0,-0.101759,-0.014281,negative,medium,
osm-4548267015-1417319126-0,jakarta-20210220,train,32.302,trunk,1.0,0.0,0.0,0.0,0.941252,-0.324131,negative,medium,
osm-4551137763-7140161059-0,jakarta-20210220,train,90.368,trunk,1.0,0.0,0.0,0.0,0.860249,-0.14912,negative,medium,
osm-4551163746-4551163784-0,jakarta-20210220,train,80.398,primary_link,1.0,0.0,0.0,0.0,0.707015,0.403102,negative,medium,
osm-4551163746-5506920811-0,jakarta-20210220,train,10.584,primary,1.0,0.0,0.0,0.0,-0.353646,0.166608,negative,medium,
osm-4551163784-4551163787-0,jakarta-20210220,train,102.125,motorway_link,1.0,0.0,0.0,0.0,0.516964,0.858942,negative,medium,
osm-4551163787-332526386-0,jakarta-20210220,train,51.736,motorway_link,1.0,0.0,0.0,0.0,0.043975,-0.159809,negative,medium,
osm-4556570177-9531434128-0,jakarta-20210220,train,27.381,service,1.0,0.0,0.0,0.0,1.004744,0.478243,negative,medium,
osm-4564612508-1363190326-0,jakarta-20210220,train,49.544,primary,1.0,0.0,0.0,0.0,-0.028994,-0.843473,negative,medium,
osm-4564847177-4871926648-0,jakarta-20210220,train,17.733,primary,1.0,0.0,0.0,0.0,0.738591,1.50956,negative,medium,
osm-4564851111-4564851115-0,jakarta-20210220,train,41.469,primary,1.0,0.0,0.0,0.0,1.504156,1.493448,negative,medium,
osm-4564851115-4564847177-0,jakarta-20210220,train,17.701,primary,1.0,0.0,0.0,0.0,1.209497,1.78459,negative,medium,
osm-4566501487-6334659081-0,jakarta-20210220,train,158.343,secondary,1.0,0.0,0.0,0.0,0.34028,0.579883,negative,medium,
osm-4566501796-6334537720-0,jakarta-20210220,train,31.222,primary,1.0,0.0,0.0,0.0,-1.736984,0.089486,negative,medium,
osm-4566501805-4566501808-0,jakarta-20210220,train,124.793,primary,1.0,0.0,0.0,0.0,-0.055991,0.341853,negative,medium,
osm-4566501806-4566501807-0,jakarta-20210220,train,80.641,secondary,1.0,0.0,0.0,0.0,-0.514285,0.556041,negative,medium,
osm-4566501807-4566501808-0,jakarta-20210220,train,25.385,primary_link,1.0,0.0,0.0,0.0,-0.777461,-0.387118,negative,medium,
osm-4566501808-4566501816-0,jakarta-20210220,train,51.499,primary,1.0,0.0,0.0,0.0,0.039441,-0.694546,negative,medium,
osm-4566501813-4566501888-0,jakarta-20210220,train,86.934,primary,1.0,0.0,0.0,0.0,1.422096,-1.168234,negative,medium,
osm-4566501816-4566501813-0,jakarta-20210220,train,31.87,primary_link,1.0,0.0,0.0,0.0,1.297316,-0.499593,negative,medium,
osm-4621777203-6135130582-0,jakarta-20210220,train,75.201,primary,1.0,0.0,0.0,0.0,0.993114,0.582572,negative,medium,
osm-4637530511-4637530516-0,jakarta-20210220,train,8.465,primary,1.0,0.0,0.0,0.0,0.241394,-0.253136,negative,medium,
osm-4637530516-4621777203-0,jakarta-20210220,train,14.828,primary,1.0,0.0,0.0,0.0,0.629786,0.111179,negative,medium,
osm-4658384434-8502330159-0,jakarta-20210220,train,30.214,primary,1.0,0.0,0.0,0.0,0.309575,0.305395,negative,medium,
osm-4666245577-4800316715-0,jakarta-20210220,train,108.797,residential,1.0,0.0,0.0,0.0,-0.031913,-0.548725,negative,medium,
osm-4666246415-4666245577-0,jakarta-20210220,train,30.252,residential,1.0,0.0,0.0,0.0,1.576202,1.734068,negative,medium,
osm-4666246417-4666246415-0,jakarta-20210220,train,92.371,residential,1.0,0.0,0.0,0.0,1.336701,0.859262,negative,medium,
osm-4696797079-2836706758-0,jakarta-20210220,train,57.937,residential,1.0,0.0,0.0,0.0,0.315721,0.038745,negative,medium,
osm-4746451654-1133676112-0,jakarta-20210220,train,7.745,primary,1.0,0.0,0.0,0.0,-0.38709,2.286445,negative,medium,
osm-4746451654-7152827727-0,jakarta-20210220,train,103.382,tertiary,1.0,0.0,0.0,0.0,-0.613101,1.777972,negative,medium,
osm-4746451656-1134953472-0,jakarta-20210220,train,17.426,tertiary,1.0,0.0,0.0,0.0,-0.156404,-1.101428,negative,medium,
osm-4748308350-4800316715-0,jakarta-20210220,train,46.904,tertiary,1.0,0.0,0.0,0.0,-0.210184,-0.911384,negative,medium,
osm-4749962821-4258201115-0,jakarta-20210220,train,134.79,primary,1.0,0.0,0.0,0.0,-0.145666,-0.10662,negative,medium,
osm-4750115938-5377076423-0,jakarta-20210220,train,33.937,primary,1.0,0.0,0.0,0.0,1.152598,-0.895453,negative,medium,
osm-4750115942-4750115943-0,jakarta-20210220,train,53.289,primary,1.0,0.0,0.0,0.0,1.368859,1.780767,negative,medium,
osm-4750115943-9013891776-0,jakarta-20210220,train,51.042,primary,1.0,0.0,0.0,0.0,-0.117383,-0.02316,negative,medium,
osm-4750115944-9013891773-0,jakarta-20210220,train,5.376,primary,1.0,0.0,0.0,0.0,0.670523,0.019327,negative,medium,
osm-4751894442-13827879018-0,jakarta-20210220,train,28.051,primary,1.0,0.0,0.0,0.0,0.698411,1.422757,negative,medium,
osm-4758805504-12484094370-0,jakarta-20210220,train,18.811,primary,1.0,0.0,0.0,0.0,1.272365,-0.533724,negative,medium,
osm-4758806028-7132187495-0,jakarta-20210220,train,25.923,primary,1.0,0.0,0.0,0.0,0.073375,0.497314,negative,medium,
osm-4776087428-104379022-0,jakarta-20210220,train,104.867,primary,1.0,0.0,0.0,0.0,0.075143,-0.005769,negative,medium,
osm-4776087446-4776087428-0,jakarta-20210220,train,74.539,primary,1.0,0.0,0.0,0.0,0.407865,-0.268293,negative,medium,
osm-4776087714-8562305801-0,jakarta-20210220,train,39.431,tertiary,1.0,0.0,0.0,0.0,0.900986,-0.28263,negative,medium,
osm-4776237951-6332607740-0,jakarta-20210220,train,40.916,primary,1.0,0.0,0.0,0.0,0.838504,-0.297928,negative,medium,
osm-4776237952-9034273150-0,jakarta-20210220,train,40.715,primary,1.0,0.0,0.0,0.0,-0.392523,1.809767,negative,medium,
osm-4776237953-4776237952-0,jakarta-20210220,train,46.746,primary,1.0,0.0,0.0,0.0,-0.865663,0.302503,negative,medium,
osm-4776237954-352913456-0,jakarta-20210220,train,46.085,primary,1.0,0.0,0.0,0.0,-0.305703,-0.39607,negative,medium,
osm-4778418534-4798088843-0,jakarta-20210220,train,64.383,residential,1.0,0.0,0.0,0.0,0.356429,1.072986,negative,medium,
osm-4780597176-5652849428-0,jakarta-20210220,train,25.72,primary,1.0,0.0,0.0,0.0,1.711875,0.968958,negative,medium,
osm-4780724425-9623003134-0,jakarta-20210220,train,143.927,primary,1.0,0.0,0.0,0.0,0.84034,-0.025437,negative,medium,
osm-4785715143-308981968-0,jakarta-20210220,train,141.374,tertiary,1.0,0.0,0.0,0.0,-0.87307,0.781161,negative,medium,
osm-4785715146-308981969-0,jakarta-20210220,train,4.38,tertiary,1.0,0.0,0.0,0.0,-2.581775,-0.420653,negative,medium,
osm-4787639954-13752868692-0,jakarta-20210220,train,106.969,primary,1.0,0.0,0.0,0.0,-0.038504,0.399937,negative,medium,
osm-4790999401-13701804566-0,jakarta-20210220,train,170.126,primary,1.0,0.0,0.0,0.0,0.443585,1.01186,negative,medium,
osm-4798088843-353136203-0,jakarta-20210220,train,134.077,residential,1.0,0.0,0.0,0.0,0.603132,0.792481,negative,medium,
osm-4798985491-5374644166-0,jakarta-20210220,train,18.918,primary,1.0,0.0,0.0,0.0,1.511098,0.212022,negative,medium,
osm-4800316713-5379957279-0,jakarta-20210220,train,81.332,tertiary,1.0,0.0,0.0,0.0,-1.018328,0.126852,negative,medium,
osm-4800316715-5513076675-0,jakarta-20210220,train,8.24,tertiary,1.0,0.0,0.0,0.0,-1.222394,-0.869125,negative,medium,
osm-4800528562-12744944224-0,jakarta-20210220,train,17.871,primary,1.0,0.0,0.0,0.0,-0.853598,0.865902,negative,medium,
osm-4800528564-4800528562-0,jakarta-20210220,train,85.075,primary,1.0,0.0,0.0,0.0,-0.521275,0.37353,negative,medium,
osm-4800795887-317182284-0,jakarta-20210220,train,65.902,primary,1.0,0.0,0.0,0.0,-0.042555,-0.23548,negative,medium,
osm-4804615989-11959843134-0,jakarta-20210220,train,51.714,primary,1.0,0.0,0.0,0.0,1.087357,0.387224,negative,medium,
osm-4815227757-9533845672-0,jakarta-20210220,train,83.761,tertiary,1.0,0.0,0.0,0.0,0.635118,-0.431718,negative,medium,
osm-4815227758-5379989630-0,jakarta-20210220,train,113.006,tertiary,1.0,0.0,0.0,0.0,0.06039,0.045659,negative,medium,
osm-4815227762-5379989631-0,jakarta-20210220,train,98.819,tertiary,1.0,0.0,0.0,0.0,0.913415,0.293446,negative,medium,
osm-4822315952-9076429426-0,jakarta-20210220,train,69.935,trunk,1.0,0.0,0.0,0.0,-0.920481,-0.099513,negative,medium,
osm-4833946442-7756168367-0,jakarta-20210220,train,100.028,primary,1.0,0.0,0.0,0.0,1.256945,-0.379163,negative,medium,
osm-4836037554-1161321036-0,jakarta-20210220,train,45.279,primary,1.0,0.0,0.0,0.0,-0.498684,-0.040902,negative,medium,
osm-4836392226-8810858536-0,jakarta-20210220,train,66.064,tertiary,1.0,0.0,0.0,0.0,-0.630873,1.012184,negative,medium,
osm-4836392299-6330385236-0,jakarta-20210220,train,16.055,primary,1.0,0.0,0.0,0.0,0.603355,1.096929,negative,medium,
osm-4842902746-5495680448-0,jakarta-20210220,train,300.283,primary,1.0,0.0,0.0,0.0,0.873024,-0.135095,negative,medium,
osm-4848734475-5492419271-0,jakarta-20210220,train,62.947,trunk,1.0,0.0,0.0,0.0,0.857667,0.976873,negative,medium,
osm-4849427375-7132270238-0,jakarta-20210220,train,43.679,primary,1.0,0.0,0.0,0.0,-0.368074,-1.106778,negative,medium,
osm-4849427376-4849427380-0,jakarta-20210220,train,67.133,primary,1.0,0.0,0.0,0.0,1.136937,0.065166,negative,medium,
osm-4849427377-6547719124-0,jakarta-20210220,train,354.975,primary,1.0,0.0,0.0,0.0,0.171702,-0.425516,negative,medium,
osm-4849427380-4849427375-0,jakarta-20210220,train,58.75,primary,1.0,0.0,0.0,0.0,1.382415,-0.700515,negative,medium,
osm-4849427383-4849427377-0,jakarta-20210220,train,178.787,primary,1.0,0.0,0.0,0.0,0.130282,-0.554128,negative,medium,
osm-4849427384-4849427376-0,jakarta-20210220,train,185.408,primary,1.0,0.0,0.0,0.0,0.130897,-0.702713,negative,medium,
osm-4849427384-4849427383-0,jakarta-20210220,train,9.652,primary_link,1.0,0.0,0.0,0.0,-0.217361,-1.320232,negative,medium,
osm-4849427386-6910883258-0,jakarta-20210220,train,18.826,primary,1.0,0.0,0.0,0.0,0.969443,-0.0784,negative,medium,
osm-4849427387-5374643987-0,jakarta-20210220,train,13.421,primary,1.0,0.0,0.0,0.0,0.045932,0.742374,negative,medium,
osm-4849427390-4849427404-0,jakarta-20210220,train,23.676,primary,1.0,0.0,0.0,0.0,-0.124705,-0.321461,negative,medium,
osm-4849427395-5373977800-0,jakarta-20210220,train,54.166,primary,1.0,0.0,0.0,0.0,0.523897,1.091955,negative,medium,
osm-4849427396-13849518632-0,jakarta-20210220,train,7.629,primary,1.0,0.0,0.0,0.0,-2.352288,-0.28425,negative,medium,
osm-4849427404-6471562381-0,jakarta-20210220,train,92.635,primary,1.0,0.0,0.0,0.0,-0.532266,-1.149324,negative,medium,
osm-4849427405-4849427390-0,jakarta-20210220,train,21.439,primary,1.0,0.0,0.0,0.0,0.571282,-0.433392,negative,medium,
osm-4849427408-4758806028-0,jakarta-20210220,train,19.889,primary,1.0,0.0,0.0,0.0,-0.028255,0.373871,negative,medium,
osm-4849427410-9009398139-0,jakarta-20210220,train,107.665,primary,1.0,0.0,0.0,0.0,0.318156,0.425762,negative,medium,
osm-4849427412-9491842326-0,jakarta-20210220,train,34.397,primary,1.0,0.0,0.0,0.0,-0.848359,-0.415643,negative,medium,
osm-4849427413-4849427412-0,jakarta-20210220,train,63.714,primary,1.0,0.0,0.0,0.0,-1.363661,-0.359173,negative,medium,
osm-4849427416-13849518628-0,jakarta-20210220,train,19.656,primary,1.0,0.0,0.0,0.0,-1.699911,-1.246117,negative,medium,
osm-4849427419-5671081801-0,jakarta-20210220,train,18.048,primary,1.0,0.0,0.0,0.0,-0.827543,0.22212,negative,medium,
osm-4849427421-8509975229-0,jakarta-20210220,train,18.398,primary,1.0,0.0,0.0,0.0,0.338524,0.009626,negative,medium,
osm-4849427423-7694410074-0,jakarta-20210220,train,23.882,primary,1.0,0.0,0.0,0.0,-0.574922,1.03932,negative,medium,
osm-4859114434-7052519688-0,jakarta-20210220,train,57.459,trunk,1.0,0.0,0.001912,0.11,0.143543,0.085941,negative,medium,
osm-4859118379-103363767-0,jakarta-20210220,train,89.991,trunk,1.0,0.0,0.0,0.0,1.825693,0.671207,negative,medium,
osm-4867479520-9110087936-0,jakarta-20210220,train,88.491,primary,1.0,0.0,0.0,0.0,0.97783,0.649929,negative,medium,
osm-4871926644-310003265-0,jakarta-20210220,train,71.968,tertiary,1.0,0.0,0.0,0.0,1.021508,0.83551,negative,medium,
osm-4871926648-4871926644-0,jakarta-20210220,train,70.17,primary_link,1.0,0.0,0.0,0.0,0.758561,1.157231,negative,medium,
osm-4871938615-13453416794-0,jakarta-20210220,train,53.405,primary,1.0,0.0,0.0,0.0,0.976665,-0.402207,negative,medium,
osm-4877552983-5076459507-0,jakarta-20210220,train,101.402,primary,1.0,0.0,0.0,0.0,1.197938,0.213864,negative,medium,
osm-4877552990-4877552983-0,jakarta-20210220,train,26.478,primary,1.0,0.0,0.0,0.0,0.214635,1.200271,negative,medium,
osm-4886801320-9531485215-0,jakarta-20210220,train,59.514,primary,1.0,0.0,0.0,0.0,-0.473415,0.725319,negative,medium,
osm-4899821967-315746992-0,jakarta-20210220,train,55.755,primary,1.0,0.0,0.0,0.0,1.404293,0.050983,negative,medium,
osm-4900765662-316412129-0,jakarta-20210220,train,55.793,primary,1.0,0.0,0.0,0.0,0.038591,0.48487,negative,medium,
osm-4907168866-9673797651-0,jakarta-20210220,train,422.855,primary,1.0,0.0,0.0,0.0,0.27458,0.39667,negative,medium,
osm-4911942116-11484348759-0,jakarta-20210220,train,25.162,trunk,1.0,0.0,0.0,0.0,-0.289121,0.308381,negative,medium,
osm-4911942117-4911942119-0,jakarta-20210220,train,61.497,trunk,1.0,0.0,0.0,0.0,-0.345011,-0.509122,negative,medium,
osm-4911942119-4911942116-0,jakarta-20210220,train,76.372,trunk,1.0,0.0,0.0,0.0,0.12494,0.431765,negative,medium,
osm-4914353827-1135190117-0,jakarta-20210220,train,152.305,trunk,1.0,0.0,0.0,0.0,0.366209,0.443057,negative,medium,
osm-4914353854-6451021641-0,jakarta-20210220,train,52.064,trunk,1.0,0.0,0.0,0.0,0.671906,-0.092163,negative,medium,
osm-4914353893-9509715193-0,jakarta-20210220,train,13.576,trunk,1.0,0.0,0.0,0.0,0.169666,0.533312,negative,medium,
osm-4925793717-9695095403-0,jakarta-20210220,train,37.827,secondary,1.0,0.0,0.0,0.0,0.424088,-0.29409,negative,medium,
osm-4926601878-4900765662-0,jakarta-20210220,train,123.152,primary,1.0,0.0,0.0,0.0,0.239422,-0.024769,negative,medium,
osm-4948526884-5673841364-0,jakarta-20210220,train,220.311,primary,1.0,0.0,0.0,0.0,-0.102689,0.882715,negative,medium,
osm-4953838327-4877552990-0,jakarta-20210220,train,142.16,primary,1.0,0.0,0.0,0.0,-0.457829,-0.493138,negative,medium,
osm-4963127052-8434800015-0,jakarta-20210220,train,35.732,primary,1.0,0.0,0.0,0.0,0.837021,-1.400304,negative,medium,
osm-4963127056-13606475657-0,jakarta-20210220,train,22.789,primary,1.0,0.0,0.0,0.0,0.011795,-1.984273,negative,medium,
osm-4963127061-4963127056-0,jakarta-20210220,train,39.412,primary,1.0,0.0,0.024169,0.953,-0.855799,-1.164891,unknown,ambiguous,ambiguous_flood_fraction
osm-4963127289-13606201410-0,jakarta-20210220,train,6.279,primary,1.0,0.0,0.0,0.0,0.162487,0.657971,negative,medium,
osm-4982201706-5379777249-0,jakarta-20210220,train,10.521,tertiary,1.0,0.0,0.0,0.0,-0.449537,1.080654,negative,medium,
osm-4982201717-13586347373-0,jakarta-20210220,train,48.044,tertiary,1.0,0.0,0.0,0.0,-0.130077,1.349013,negative,medium,
osm-4986680276-5459235880-0,jakarta-20210220,train,6.548,primary,1.0,0.0,0.0,0.0,0.876912,0.196058,negative,medium,
osm-4986680280-4986680276-0,jakarta-20210220,train,33.974,primary,1.0,0.0,0.0,0.0,1.097597,0.050341,negative,medium,
osm-4990059009-3763648673-0,jakarta-20210220,train,51.727,primary,1.0,0.0,0.0,0.0,-1.872619,-0.629096,negative,medium,
osm-4990059014-6459341771-0,jakarta-20210220,train,223.619,primary,1.0,0.0,0.0,0.0,1.274909,0.080042,negative,medium,
osm-4990059477-2516439291-0,jakarta-20210220,train,54.17,primary,1.0,0.0,0.0,0.0,-0.29058,0.156522,negative,medium,
osm-4990059505-4990059507-0,jakarta-20210220,train,97.028,primary,1.0,0.0,0.0,0.0,0.770744,0.109054,negative,medium,
osm-4990059507-4990059477-0,jakarta-20210220,train,502.377,primary,1.0,0.0,0.0,0.0,0.180698,0.06104,negative,medium,
osm-4990059515-4990059505-0,jakarta-20210220,train,106.09,primary,1.0,0.0,0.0,0.0,1.397614,-0.189332,negative,medium,
osm-4993841487-12530400916-0,jakarta-20210220,train,31.271,primary_link,1.0,0.0,0.0,0.0,0.26534,-0.060435,negative,medium,
osm-4996688468-5671267899-0,jakarta-20210220,train,116.886,primary,1.0,0.0,0.0,0.0,-0.014875,0.20447,negative,medium,
osm-4999344155-302230529-0,jakarta-20210220,train,24.056,primary,1.0,0.0,0.0,0.0,0.058806,0.700575,negative,medium,
osm-4999344324-9009429383-0,jakarta-20210220,train,83.245,primary,1.0,0.0,0.0,0.0,0.524223,0.478625,negative,medium,
osm-5004550057-13750328259-0,jakarta-20210220,train,5.187,primary,1.0,0.0,0.0,0.0,0.653232,-0.490749,negative,medium,
osm-5006633608-7055776846-0,jakarta-20210220,train,385.866,primary,1.0,0.0,0.0,0.0,-0.043976,0.254076,negative,medium,
osm-5006647254-4505735373-0,jakarta-20210220,train,707.203,primary,1.0,0.0,0.0,0.0,0.574864,-0.005575,negative,medium,
osm-5009348129-104366006-0,jakarta-20210220,train,76.911,secondary,1.0,0.0,0.0,0.0,0.736762,0.249226,negative,medium,
osm-5009351128-191505992-0,jakarta-20210220,train,25.286,secondary,1.0,0.0,0.0,0.0,0.355462,-0.67022,negative,medium,
osm-5010888460-4907168866-0,jakarta-20210220,train,63.639,residential,1.0,0.0,0.0,0.0,0.306083,1.254556,negative,medium,
osm-5013211786-104366013-0,jakarta-20210220,train,38.405,secondary,1.0,0.0,0.0,0.0,0.907122,1.145355,negative,medium,
osm-5023930574-5371876858-0,jakarta-20210220,train,42.699,trunk,1.0,0.0,0.0,0.0,0.763862,-0.236279,negative,medium,
osm-5046365476-309941703-0,jakarta-20210220,train,31.638,primary,1.0,0.0,0.0,0.0,-0.880289,0.678779,negative,medium,
osm-5046365477-5046365476-0,jakarta-20210220,train,9.88,primary,1.0,0.0,0.0,0.0,-0.513605,0.784132,negative,medium,
osm-5056597570-3266396596-0,jakarta-20210220,train,47.036,trunk,1.0,0.0,0.0,0.0,4.091247,3.227118,negative,medium,
osm-5065375426-29939146-0,jakarta-20210220,train,32.554,secondary,1.0,0.0,0.0,0.0,-0.390093,0.781064,negative,medium,
osm-5068494018-7131628852-0,jakarta-20210220,train,37.691,residential,1.0,0.0,0.0,0.0,0.034785,0.537764,negative,medium,
osm-5068494251-5068494018-0,jakarta-20210220,train,46.514,residential,1.0,0.0,0.0,0.0,0.187573,0.344692,negative,medium,
osm-5068494252-6907714745-0,jakarta-20210220,train,226.869,residential,1.0,0.0,0.0,0.0,0.136204,-0.827629,negative,medium,
osm-5068494260-5380146177-0,jakarta-20210220,train,11.523,residential,1.0,0.0,0.0,0.0,-1.626637,-0.276576,negative,medium,
osm-5068494261-5068494263-0,jakarta-20210220,train,54.991,residential,1.0,0.0,0.0,0.0,-0.841949,-1.065984,negative,medium,
osm-5068494263-5068494267-0,jakarta-20210220,train,52.081,residential,1.0,0.0,0.0,0.0,-1.653989,-0.327269,negative,medium,
osm-5068494267-1420142081-0,jakarta-20210220,train,21.009,residential,1.0,0.0,0.0,0.0,-1.192295,0.475962,negative,medium,
osm-5076459507-3507893559-0,jakarta-20210220,train,602.764,primary,1.0,0.0,0.0,0.0,0.489012,-0.134267,negative,medium,
osm-5078382194-1321228541-0,jakarta-20210220,train,239.417,primary,1.0,0.0,0.0,0.0,0.336937,0.761303,negative,medium,
osm-5078382203-7530848743-0,jakarta-20210220,train,26.207,primary,1.0,0.0,0.0,0.0,0.116535,-0.293954,negative,medium,
osm-5078382208-1345781623-0,jakarta-20210220,train,282.406,primary,1.0,0.0,0.0,0.0,0.726596,0.887171,negative,medium,
osm-5078382212-5078382208-0,jakarta-20210220,train,110.599,primary,1.0,0.0,0.0,0.0,0.963322,-0.150521,negative,medium,
osm-5112284316-4551137763-0,jakarta-20210220,train,91.678,trunk,1.0,0.0,0.0,0.0,0.992958,0.644081,negative,medium,
osm-5112682630-7140306354-0,jakarta-20210220,train,10.842,trunk,1.0,0.0,0.0,0.0,-0.540918,0.588761,negative,medium,
osm-5172730315-2882028353-0,jakarta-20210220,train,70.582,secondary,1.0,0.0,0.0,0.0,0.5307,0.01279,negative,medium,
osm-5174097479-7756153695-0,jakarta-20210220,train,118.87,primary,1.0,0.0,0.0,0.0,0.968126,0.032635,negative,medium,
osm-5189820259-13366216191-0,jakarta-20210220,train,9.003,primary,1.0,0.0,0.0,0.0,-0.883722,0.212238,negative,medium,
osm-5189841649-10132911307-0,jakarta-20210220,train,37.595,tertiary,1.0,0.0,0.0,0.0,0.94372,-0.948952,negative,medium,
osm-5201675286-7055752942-0,jakarta-20210220,train,88.644,primary,1.0,0.0,0.0,0.0,1.340109,0.109941,negative,medium,
osm-5201675288-5201675286-0,jakarta-20210220,train,13.088,primary,1.0,0.0,0.0,0.0,1.017474,-0.353415,negative,medium,
osm-5205645925-10090309238-0,jakarta-20210220,train,1.899,primary,1.0,0.0,0.0,0.0,1.173688,0.773303,negative,medium,
osm-5227396653-9013059182-0,jakarta-20210220,train,42.713,primary,1.0,0.0,0.0,0.0,0.225472,0.819376,negative,medium,
osm-5230379695-104364332-0,jakarta-20210220,train,706.751,primary,1.0,0.0,0.0,0.0,0.141053,-0.014332,negative,medium,
osm-5290941766-5078382212-0,jakarta-20210220,train,285.98,primary,1.0,0.0,0.0,0.0,0.58931,0.456337,negative,medium,
osm-5334300227-4785715143-0,jakarta-20210220,train,61.25,tertiary,1.0,0.0,0.0,0.0,0.805016,1.036224,negative,medium,
osm-5354213657-2210464501-0,jakarta-20210220,train,148.704,primary,1.0,0.0,0.0,0.0,0.227111,0.027462,negative,medium,
osm-5354213698-1675425882-0,jakarta-20210220,train,52.498,primary,1.0,0.0,0.0,0.0,-0.786887,1.036805,negative,medium,
osm-5354213822-12688243259-0,jakarta-20210220,train,7.574,primary,1.0,0.0,0.0,0.0,0.109692,0.060244,negative,medium,
osm-5371596264-7120393920-0,jakarta-20210220,train,35.202,primary,1.0,0.0,0.0,0.0,-0.32938,1.632559,negative,medium,
osm-5371596268-7120341842-0,jakarta-20210220,train,7.57,primary,1.0,0.0,0.0,0.0,0.426066,0.902648,negative,medium,
osm-5371596275-5004550057-0,jakarta-20210220,train,101.412,primary,1.0,0.0,0.0,0.0,1.125654,0.362794,negative,medium,
osm-5371876858-310080557-0,jakarta-20210220,train,19.364,trunk,1.0,0.0,0.0,0.0,0.29416,0.470524,negative,medium,
osm-5372018440-6333252911-0,jakarta-20210220,train,40.167,secondary,1.0,0.0,0.0,0.0,0.22078,0.047167,negative,medium,
osm-5372018448-5009348129-0,jakarta-20210220,train,136.318,secondary,1.0,0.0,0.0,0.0,0.175879,0.14032,negative,medium,
osm-5372018508-6332594575-0,jakarta-20210220,train,59.023,primary,1.0,0.0,0.0,0.0,0.708263,0.798429,negative,medium,
osm-5372153126-6486347952-0,jakarta-20210220,train,23.508,trunk,1.0,0.0,0.0,0.0,0.449566,0.475743,negative,medium,
osm-5372153133-12202088425-0,jakarta-20210220,train,19.402,trunk,1.0,0.0,0.0,0.0,0.150588,-1.526703,negative,medium,
osm-5372153134-5372153137-0,jakarta-20210220,train,34.516,trunk,1.0,0.0,0.0,0.0,-0.850644,0.092678,negative,medium,
osm-5372153137-5673841347-0,jakarta-20210220,train,12.661,trunk,1.0,0.0,0.0,0.0,-0.905093,-0.331938,negative,medium,
osm-5372153144-9647927422-0,jakarta-20210220,train,8.725,trunk,1.0,0.0,0.0,0.0,-1.129827,0.152936,negative,medium,
osm-5372153147-6831185205-0,jakarta-20210220,train,39.999,trunk,1.0,0.0,0.0,0.0,-0.594483,-0.552817,negative,medium,
osm-5372153151-9486332419-0,jakarta-20210220,train,35.004,trunk,1.0,0.0,0.0,0.0,0.086774,0.309115,negative,medium,
osm-5372153155-9003292724-0,jakarta-20210220,train,108.503,trunk,1.0,0.0,0.0,0.0,0.287334,-0.00423,negative,medium,
osm-5372153165-5372153166-0,jakarta-20210220,train,106.787,trunk,1.0,0.0,0.0,0.0,0.222568,-0.626666,negative,medium,
osm-5372153166-5372153186-0,jakarta-20210220,train,134.559,trunk,1.0,0.0,0.0,0.0,0.162072,-0.268186,negative,medium,
osm-5372153186-11438846310-0,jakarta-20210220,train,20.044,trunk,1.0,0.0,0.0,0.0,0.450469,1.044208,negative,medium,
osm-5372153187-6451233570-0,jakarta-20210220,train,200.392,trunk,1.0,0.0,0.0,0.0,0.29965,0.048911,negative,medium,
osm-5373820573-9032080365-0,jakarta-20210220,train,11.311,primary,1.0,0.0,0.0,0.0,0.901081,-0.800516,negative,medium,
osm-5373977777-4849427405-0,jakarta-20210220,train,26.327,primary,1.0,0.0,0.0,0.0,0.877463,-0.227884,negative,medium,
osm-5373977782-4849427421-0,jakarta-20210220,train,62.126,primary,1.0,0.0,0.0,0.0,-0.630761,-0.280746,negative,medium,
osm-5373977783-4849427396-0,jakarta-20210220,train,89.029,primary,1.0,0.0,0.0,0.0,-0.216619,-0.904012,negative,medium,
osm-5373977800-4849427413-0,jakarta-20210220,train,39.974,primary,1.0,0.0,0.0,0.0,-0.630095,1.295652,negative,medium,
osm-5374005699-4849427395-0,jakarta-20210220,train,29.335,primary,1.0,0.0,0.0,0.0,0.006738,0.314558,negative,medium,
osm-5374199556-29939148-0,jakarta-20210220,train,9.209,secondary,1.0,0.0,0.0,0.0,1.056827,-0.590244,negative,medium,
osm-5374282148-11076463250-0,jakarta-20210220,train,64.693,primary,1.0,0.0,0.0,0.0,0.010569,0.067827,negative,medium,
osm-5374282155-5377151799-0,jakarta-20210220,train,14.744,primary,1.0,0.0,0.0,0.0,0.037609,0.405414,negative,medium,
osm-5374282198-6315624963-0,jakarta-20210220,train,63.772,primary,1.0,0.0,0.0,0.0,0.166378,-0.516354,negative,medium,
osm-5374282375-7103903985-0,jakarta-20210220,train,806.303,primary,1.0,0.0,0.0,0.0,-0.10421,-0.00235,negative,medium,
osm-5374290437-186871954-0,jakarta-20210220,train,79.88,primary,1.0,0.0,0.0,0.0,0.331452,-0.462104,negative,medium,
osm-5374380799-1675488274-0,jakarta-20210220,train,9.532,primary,1.0,0.0,0.0,0.0,0.143471,0.115127,negative,medium,
osm-5374643987-9648835249-0,jakarta-20210220,train,48.107,primary,1.0,0.0,0.0,0.0,0.988609,0.240946,negative,medium,
osm-5374644166-7015230199-0,jakarta-20210220,train,18.29,primary,1.0,0.0,0.0,0.0,2.049139,0.907326,negative,medium,
osm-5374804742-4758805504-0,jakarta-20210220,train,37.119,primary,1.0,0.0,0.0,0.0,2.973188,0.457588,negative,medium,
osm-5374804752-5374804742-0,jakarta-20210220,train,23.744,primary,1.0,0.0,0.0,0.0,1.25379,-0.169962,negative,medium,
osm-5374804755-5374804752-0,jakarta-20210220,train,25.306,primary,1.0,0.0,0.0,0.0,-0.24466,-0.914178,negative,medium,
osm-5377076414-5377076416-0,jakarta-20210220,train,44.553,primary,1.0,0.0,0.0,0.0,1.065686,0.998103,negative,medium,
osm-5377076416-11237483572-0,jakarta-20210220,train,5.019,primary,1.0,0.0,0.0,0.0,1.313595,1.413498,negative,medium,
osm-5377076421-9019122232-0,jakarta-20210220,train,41.788,primary,1.0,0.0,0.0,0.0,0.277677,-0.758542,negative,medium,
osm-5377076423-5377076421-0,jakarta-20210220,train,56.823,primary,1.0,0.0,0.0,0.0,0.070545,-0.785207,negative,medium,
osm-5377076552-9708579924-0,jakarta-20210220,train,109.547,primary,1.0,0.0,0.0,0.0,-0.226453,0.079755,negative,medium,
osm-5377076560-315198778-0,jakarta-20210220,train,24.222,primary,1.0,0.0,0.0,0.0,0.170592,0.631846,negative,medium,
osm-5377151799-6315603275-0,jakarta-20210220,train,6.482,primary,1.0,0.0,0.0,0.0,-0.175614,0.729103,negative,medium,
osm-5377177680-9019104733-0,jakarta-20210220,train,55.794,primary,1.0,0.0,0.0,0.0,0.433082,-0.450085,negative,medium,
osm-5377177693-6320275018-0,jakarta-20210220,train,10.467,primary,1.0,0.0,0.0,0.0,1.288937,0.154857,negative,medium,
osm-5377178522-5377178527-0,jakarta-20210220,train,44.554,primary,1.0,0.0,0.0,0.0,1.858949,0.125115,negative,medium,
osm-5377178527-5669078465-0,jakarta-20210220,train,10.185,primary,1.0,0.0,0.0,0.0,1.552674,-1.59553,negative,medium,
osm-5377313966-7192466992-0,jakarta-20210220,train,44.347,residential,1.0,0.0,0.0,0.0,0.283375,1.34352,negative,medium,
osm-5377313967-5377313966-0,jakarta-20210220,train,59.832,residential,1.0,0.0,0.0,0.0,-0.173212,0.559347,negative,medium,
osm-5377313968-13913580148-0,jakarta-20210220,train,27.115,service,1.0,0.0,0.0,0.0,0.164767,0.184687,negative,medium,
osm-5377313978-5377313968-0,jakarta-20210220,train,31.982,service,1.0,0.0,0.0,0.0,-0.221392,-0.043189,negative,medium,
osm-5379663307-5379667458-0,jakarta-20210220,train,29.681,trunk,1.0,0.0,0.0,0.0,1.087074,-1.347663,negative,medium,
osm-5379667162-12799849299-0,jakarta-20210220,train,39.96,trunk,1.0,0.0,0.0,0.0,-0.587305,-2.06016,negative,medium,
osm-5379667437-7131381422-0,jakarta-20210220,train,85.36,trunk,1.0,0.0,0.0,0.0,0.451334,-0.281223,negative,medium,
osm-5379667449-7697810036-0,jakarta-20210220,train,33.332,trunk,1.0,0.0,0.0,0.0,-1.834104,-0.004641,negative,medium,
osm-5379667458-5379667449-0,jakarta-20210220,train,28.088,trunk,1.0,0.0,0.0,0.0,-0.160924,-0.971777,negative,medium,
osm-5379667472-10788400699-0,jakarta-20210220,train,16.849,trunk,1.0,0.0,0.0,0.0,-1.459986,-0.356544,negative,medium,
osm-5379667478-5379663307-0,jakarta-20210220,train,53.639,trunk,1.0,0.0,0.0,0.0,1.774066,-0.793591,negative,medium,
osm-5379767874-10654460939-0,jakarta-20210220,train,108.786,secondary,1.0,0.0,0.0,0.0,1.551366,0.801495,negative,medium,
osm-5379767891-5380146201-0,jakarta-20210220,train,38.796,residential,1.0,0.0,0.0,0.0,0.088926,0.027342,negative,medium,
osm-5379768929-6434967979-0,jakarta-20210220,train,45.58,residential,1.0,0.0,0.0,0.0,0.710496,1.628963,negative,medium,
osm-5379768936-13030921684-0,jakarta-20210220,train,46.21,residential,1.0,0.0,0.0,0.0,0.619738,0.341467,negative,medium,
osm-5379768936-13030921685-0,jakarta-20210220,train,47.542,residential,1.0,0.0,0.0,0.0,0.538508,0.227117,negative,medium,
osm-5379777249-4982201717-0,jakarta-20210220,train,19.681,tertiary,1.0,0.0,0.0,0.0,-0.155886,1.18689,negative,medium,
osm-5379957272-9064994805-0,jakarta-20210220,train,29.863,primary,1.0,0.0,0.0,0.0,-0.425834,-1.409138,negative,medium,
osm-5379957279-8520330753-0,jakarta-20210220,train,40.17,tertiary,1.0,0.0,0.0,0.0,0.474469,0.8912,negative,medium,
osm-5379957290-13734985443-0,jakarta-20210220,train,4.048,tertiary,1.0,0.0,0.0,0.0,0.353335,-0.238897,negative,medium,
osm-5379989630-4815227762-0,jakarta-20210220,train,52.197,tertiary,1.0,0.0,0.0,0.0,-1.038591,0.218555,negative,medium,
osm-5379989631-1362598310-0,jakarta-20210220,train,46.893,tertiary,1.0,0.0,0.0,0.0,0.258525,-0.086141,negative,medium,
osm-5379992807-9015877327-0,jakarta-20210220,train,15.682,tertiary,1.0,0.0,0.0,0.0,-0.311076,0.560116,negative,medium,
osm-5380055271-1417312748-0,jakarta-20210220,train,42.649,trunk,1.0,0.0,0.0,0.0,-0.076487,0.769513,negative,medium,
osm-5380068218-9497883594-0,jakarta-20210220,train,40.206,trunk,1.0,0.0,0.0,0.0,-0.537875,-0.833666,negative,medium,
osm-5380068236-5380068242-0,jakarta-20210220,train,28.761,primary,1.0,0.0,0.0,0.0,-0.159483,-0.035182,negative,medium,
osm-5380068242-4849427423-0,jakarta-20210220,train,46.426,primary,1.0,0.0,0.0,0.0,-0.346465,0.899268,negative,medium,
osm-5380113830-6490074722-0,jakarta-20210220,train,77.528,primary,1.0,0.0,0.0,0.0,0.688872,0.337378,negative,medium,
osm-5380113845-329975510-0,jakarta-20210220,train,60.463,primary,1.0,0.0,0.0,0.0,-0.338701,0.082559,negative,medium,
osm-5380146177-5379767891-0,jakarta-20210220,train,49.134,residential,1.0,0.0,0.0,0.0,-1.187475,0.461061,negative,medium,
osm-5380146201-5068494261-0,jakarta-20210220,train,15.52,residential,1.0,0.0,0.0,0.0,0.405781,-0.605591,negative,medium,
osm-5380146210-5068494260-0,jakarta-20210220,train,126.603,residential,1.0,0.0,0.0,0.0,-0.189238,0.555579,negative,medium,
osm-5380240426-317182368-0,jakarta-20210220,train,24.851,primary,1.0,0.0,0.0,0.0,1.655786,-0.951572,negative,medium,
osm-5380240433-5380240426-0,jakarta-20210220,train,29.93,primary,1.0,0.0,0.0,0.0,0.202092,-0.843118,negative,medium,
osm-5380240456-320021668-0,jakarta-20210220,train,2.164,primary,1.0,0.0,0.0,0.0,-0.70619,-1.39475,negative,medium,
osm-5388212558-7137820748-0,jakarta-20210220,train,518.476,trunk,1.0,0.0,0.0,0.0,0.762575,0.502975,negative,medium,
osm-5388328959-8509512970-0,jakarta-20210220,train,16.318,tertiary,1.0,0.0,0.0,0.0,0.581966,0.641008,negative,medium,
osm-5388329052-5806359018-0,jakarta-20210220,train,80.021,primary,1.0,0.0,0.0,0.0,0.532389,0.267121,negative,medium,
osm-5388382567-9504567886-0,jakarta-20210220,train,52.714,trunk,1.0,0.0,0.0,0.0,1.322294,1.685469,negative,medium,
osm-5391402284-1133807089-0,jakarta-20210220,train,35.747,tertiary,1.0,0.0,0.0,0.0,1.147057,0.085131,negative,medium,
osm-5391413717-316170709-0,jakarta-20210220,train,9.94,primary,1.0,0.0,0.0,0.0,-1.203912,-0.25406,negative,medium,
osm-5408975256-5408975257-0,jakarta-20210220,train,18.283,secondary,1.0,0.0,0.0,0.0,-0.421254,1.902242,negative,medium,
osm-5408975257-9694871645-0,jakarta-20210220,train,14.016,primary,1.0,0.0,0.0,0.0,0.005864,2.555491,negative,medium,
osm-5421851682-5489964735-0,jakarta-20210220,train,33.603,trunk,1.0,0.0,0.0,0.0,-3.169205,-1.095498,negative,medium,
osm-5425990246-7576918597-0,jakarta-20210220,train,15.112,trunk,1.0,0.0,0.0,0.0,-1.774202,-0.175502,negative,medium,
osm-5425990246-7576934780-0,jakarta-20210220,train,71.964,trunk,1.0,0.0,0.0,0.0,-0.7114,-0.111116,negative,medium,
osm-5436662071-12718674420-0,jakarta-20210220,train,44.286,secondary,1.0,0.0,0.0,0.0,0.122824,0.988962,negative,medium,
osm-5459048224-124093320-0,jakarta-20210220,train,65.208,primary,1.0,0.0,0.0,0.0,0.479264,-0.03348,negative,medium,
osm-5459161492-324276002-0,jakarta-20210220,train,128.529,trunk,1.0,0.0,0.0,0.0,0.179375,0.962294,negative,medium,
osm-5459235880-13639648351-0,jakarta-20210220,train,3.051,primary,1.0,0.0,0.0,0.0,0.746253,0.394197,negative,medium,
osm-5466187936-2415521692-0,jakarta-20210220,train,92.704,trunk,1.0,0.0,0.0,0.0,0.267008,0.869254,negative,medium,
osm-5487632874-1342878998-0,jakarta-20210220,train,77.617,trunk,1.0,0.0,0.0,0.0,-0.506014,1.446189,negative,medium,
osm-5487633143-7045010187-0,jakarta-20210220,train,55.035,primary,1.0,0.0,0.0,0.0,0.364588,1.067882,negative,medium,
osm-5487633251-5639226152-0,jakarta-20210220,train,17.519,primary,1.0,0.0,0.0,0.0,1.245559,-0.285264,negative,medium,
osm-5489964735-11501464554-0,jakarta-20210220,train,51.471,trunk,1.0,0.0,0.0,0.0,-1.433144,0.743778,negative,medium,
osm-5489964736-1342878941-0,jakarta-20210220,train,12.776,trunk,1.0,0.0,0.0,0.0,-0.313282,0.427251,negative,medium,
osm-5489964742-7045231385-0,jakarta-20210220,train,20.677,primary,1.0,0.0,0.0,0.0,0.774802,-0.199631,negative,medium,
osm-5490135579-5490135580-0,jakarta-20210220,train,11.937,primary,1.0,0.0,0.0,0.0,0.312109,0.611845,negative,medium,
osm-5490135580-5650613341-0,jakarta-20210220,train,115.321,primary,1.0,0.0,0.0,0.0,0.386686,-0.131438,negative,medium,
osm-5490514226-519545266-0,jakarta-20210220,train,74.086,trunk,1.0,0.0,0.0,0.0,-0.411919,1.277596,negative,medium,
osm-5492419187-6878897947-0,jakarta-20210220,train,51.268,trunk,1.0,0.0,0.0,0.0,-0.349501,-1.5194,negative,medium,
osm-5492419212-12681087362-0,jakarta-20210220,train,2.623,trunk,1.0,0.0,0.0,0.0,2.173741,-2.269818,negative,medium,
osm-5492419221-12676215441-0,jakarta-20210220,train,111.824,trunk,1.0,0.0,0.0,0.0,1.094514,0.788072,negative,medium,
osm-5492419247-1139140184-0,jakarta-20210220,train,56.969,trunk,1.0,0.0,0.0,0.0,1.460338,0.077233,negative,medium,
osm-5492419263-5492419270-0,jakarta-20210220,train,26.032,trunk,1.0,0.0,0.0,0.0,1.319206,0.414077,negative,medium,
osm-5492419270-11467500634-0,jakarta-20210220,train,44.887,trunk,1.0,0.0,0.0,0.0,0.842199,0.851636,negative,medium,
osm-5492419271-5493042852-0,jakarta-20210220,train,15.724,trunk,1.0,0.0,0.0,0.0,0.277077,2.092865,negative,medium,
osm-5493042852-5490514226-0,jakarta-20210220,train,19.97,trunk,1.0,0.0,0.0,0.0,-0.156545,2.06668,negative,medium,
osm-5495680448-326484242-0,jakarta-20210220,train,236.173,primary,1.0,0.0,0.0,0.0,0.53259,0.051743,negative,medium,
osm-5495827291-95006366-0,jakarta-20210220,train,130.695,trunk,1.0,0.0,0.0,0.0,0.214426,-0.958071,negative,medium,
osm-5498027213-7400356402-0,jakarta-20210220,train,13.651,trunk,1.0,0.0,0.0,0.0,1.216708,0.169269,negative,medium,
osm-5498027297-11445322163-0,jakarta-20210220,train,25.602,primary,1.0,0.0,0.0,0.0,0.97467,1.116362,negative,medium,
osm-5498027298-9626511706-0,jakarta-20210220,train,83.527,primary,1.0,0.0,0.0,0.0,0.946941,-0.806149,negative,medium,
osm-5498027349-9036874926-0,jakarta-20210220,train,79.647,primary,1.0,0.0,0.0,0.0,-0.235252,0.200314,negative,medium,
osm-5499209000-13525649819-0,jakarta-20210220,train,96.878,primary,1.0,0.0,0.0,0.0,1.282835,0.646823,negative,medium,
osm-5506920627-332341344-0,jakarta-20210220,train,74.89,residential,1.0,0.0,0.0,0.0,0.844966,-1.138791,negative,medium,
osm-5506920631-5648666147-0,jakarta-20210220,train,64.166,residential,1.0,0.0,0.0,0.0,0.566232,-1.274932,negative,medium,
osm-5506920811-5523935808-0,jakarta-20210220,train,70.05,primary,1.0,0.0,0.0,0.0,0.875019,0.218643,negative,medium,
osm-5513076629-9644592829-0,jakarta-20210220,train,10.702,trunk,1.0,0.0,0.0,0.0,0.446417,1.469505,negative,medium,
osm-5513076675-8553000081-0,jakarta-20210220,train,50.454,residential,1.0,0.0,0.0,0.0,-1.672593,0.662182,negative,medium,
osm-5513424002-4836392226-0,jakarta-20210220,train,86.1,tertiary,1.0,0.0,0.0,0.0,-0.443022,-0.190597,negative,medium,
osm-5523935808-4551163784-0,jakarta-20210220,train,10.016,motorway_link,1.0,0.0,0.0,0.0,0.352741,1.073752,negative,medium,
osm-5549685553-12729353026-0,jakarta-20210220,train,30.042,secondary,1.0,0.0,0.0,0.0,-0.66299,0.212815,negative,medium,
osm-5549685557-5984694495-0,jakarta-20210220,train,20.595,primary,1.0,0.0,0.0,0.0,1.030547,0.286482,negative,medium,
osm-5555933057-9004158961-0,jakarta-20210220,train,40.977,trunk,1.0,0.0,0.0,0.0,-0.248031,0.449394,negative,medium,
osm-5639226152-5489964742-0,jakarta-20210220,train,51.908,primary,1.0,0.0,0.0,0.0,1.47365,-0.625149,negative,medium,
osm-5647102762-326484049-0,jakarta-20210220,train,125.062,primary,1.0,0.0,0.0,0.0,-0.364449,-0.018533,negative,medium,
osm-5648666147-332526397-0,jakarta-20210220,train,106.78,primary_link,1.0,0.0,0.0,0.0,0.165864,-0.176511,negative,medium,
osm-5650613341-5487633143-0,jakarta-20210220,train,376.955,primary,1.0,0.0,0.0,0.0,0.584723,0.108685,negative,medium,
osm-5652800252-5498027213-0,jakarta-20210220,train,35.862,trunk,1.0,0.0,0.0,0.0,0.606762,0.494914,negative,medium,
osm-5652849428-4776237954-0,jakarta-20210220,train,60.248,primary,1.0,0.0,0.0,0.0,0.465499,0.271353,negative,medium,
osm-5652849431-352897075-0,jakarta-20210220,train,28.75,primary,1.0,0.0,0.0,0.0,0.221658,0.68419,negative,medium,
osm-5653336499-4790999401-0,jakarta-20210220,train,59.502,primary,1.0,0.0,0.0,0.0,-0.071596,-0.006722,negative,medium,
osm-5655125045-8510368916-0,jakarta-20210220,train,25.025,secondary,1.0,0.0,0.0,0.0,0.576871,1.95297,negative,medium,
osm-5655139014-11413710169-0,jakarta-20210220,train,39.588,primary,1.0,0.0,0.0,0.0,-0.050656,-1.054117,negative,medium,
osm-5655187222-6406796742-0,jakarta-20210220,train,40.316,primary,1.0,0.0,0.0,0.0,-0.431704,-0.415702,negative,medium,
osm-5662302109-9533955728-0,jakarta-20210220,train,7.689,residential,1.0,0.0,0.0,0.0,-0.225376,-1.601068,negative,medium,
osm-5662309002-9013720082-0,jakarta-20210220,train,172.931,primary,1.0,0.0,0.0,0.0,0.648077,-0.233431,negative,medium,
osm-5662335002-6333006951-0,jakarta-20210220,train,87.477,primary,1.0,0.0,0.0,0.0,0.9767,-0.317495,negative,medium,
osm-5662546639-12139330016-0,jakarta-20210220,train,29.701,primary,1.0,0.0,0.0,0.0,2.141022,-1.129155,negative,medium,
osm-5665581665-324275961-0,jakarta-20210220,train,290.514,trunk,1.0,0.0,0.0,0.0,0.464479,-0.577468,negative,medium,
osm-5668231819-310327514-0,jakarta-20210220,train,416.789,motorway,1.0,0.0,0.0,0.0,0.464733,-0.261712,negative,medium,
osm-5668256808-7123191860-0,jakarta-20210220,train,79.195,primary,1.0,0.0,0.0,0.0,0.533045,0.19158,negative,medium,
osm-5669076905-5377178522-0,jakarta-20210220,train,14.68,primary,1.0,0.0,0.0,0.0,1.335816,1.020088,negative,medium,
osm-5669078458-310042746-0,jakarta-20210220,train,8.428,primary,1.0,0.0,0.0,0.0,-0.319996,0.3869,negative,medium,
osm-5669078465-5669078458-0,jakarta-20210220,train,82.904,primary,1.0,0.0,0.0,0.0,0.474367,-0.289108,negative,medium,
osm-5670939322-5372153165-0,jakarta-20210220,train,4.916,trunk,1.0,0.0,0.0,0.0,0.297407,-0.208701,negative,medium,
osm-5670944441-4566501487-0,jakarta-20210220,train,54.753,secondary,1.0,0.0,0.0,0.0,0.138487,-0.911036,negative,medium,
osm-5671006753-5671006757-0,jakarta-20210220,train,79.384,trunk,1.0,0.0,0.0,0.0,0.440865,0.870891,negative,medium,
osm-5671006757-5671006769-0,jakarta-20210220,train,21.263,trunk,1.0,0.0,0.0,0.0,0.836235,0.784052,negative,medium,
osm-5671006769-7038299405-0,jakarta-20210220,train,37.029,trunk,1.0,0.0,0.0,0.0,-0.182178,0.46396,negative,medium,
osm-5671006775-4859118379-0,jakarta-20210220,train,195.157,trunk,1.0,0.0,0.0,0.0,1.098535,0.048602,negative,medium,
osm-5671045991-3723599610-0,jakarta-20210220,train,679.786,motorway,1.0,0.0,0.0,0.0,-0.023291,-0.083558,negative,medium,
osm-5671081801-5373977783-0,jakarta-20210220,train,58.052,primary,1.0,0.0,0.0,0.0,0.061713,0.099647,negative,medium,
osm-5671267899-2821400645-0,jakarta-20210220,train,52.813,primary,1.0,0.0,0.0,0.0,-0.782779,-0.120696,negative,medium,
osm-5671270622-7120411011-0,jakarta-20210220,train,15.972,primary,1.0,0.0,0.0,0.0,1.038315,-0.717309,negative,medium,
osm-5671317482-5374290437-0,jakarta-20210220,train,15.379,primary,1.0,0.0,0.0,0.0,2.109798,0.38189,negative,medium,
osm-5671317488-4546100816-0,jakarta-20210220,train,8.99,primary,1.0,0.0,0.0,0.0,1.081292,-0.085298,negative,medium,
osm-5671327267-11246996071-0,jakarta-20210220,train,47.117,primary,1.0,0.0,0.0,0.0,-0.572288,-0.350585,negative,medium,
osm-5671531324-5174097479-0,jakarta-20210220,train,47.081,primary,1.0,0.0,0.0,0.0,0.501034,0.035178,negative,medium,
osm-5671605046-191578995-0,jakarta-20210220,train,12.85,primary,1.0,0.0,0.0,0.0,0.378947,0.132085,negative,medium,
osm-5671605060-9031325937-0,jakarta-20210220,train,12.174,primary,1.0,0.0,0.0,0.0,-0.663997,-0.12383,negative,medium,
osm-5671605063-13586870998-0,jakarta-20210220,train,2.625,primary,1.0,0.0,0.0,0.0,-0.407957,-0.879599,negative,medium,
osm-5671605067-9031074981-0,jakarta-20210220,train,24.493,primary,1.0,0.0,0.0,0.0,-0.413196,0.414065,negative,medium,
osm-5673840820-13456652652-0,jakarta-20210220,train,39.649,trunk,1.0,0.0,0.0,0.0,1.042543,-0.533998,negative,medium,
osm-5673841347-104356356-1,jakarta-20210220,train,28.583,trunk,1.0,0.0,0.0,0.0,-0.000563,-0.319871,negative,medium,
osm-5673841354-7284085578-0,jakarta-20210220,train,36.806,primary,1.0,0.0,0.0,0.0,1.180483,0.621045,negative,medium,
osm-5673841364-3869782797-0,jakarta-20210220,train,154.462,primary,1.0,0.0,0.0,0.0,-0.371732,0.346688,negative,medium,
osm-5673864834-5555933057-0,jakarta-20210220,train,32.737,trunk,1.0,0.0,0.0,0.0,-0.39322,-0.072126,negative,medium,
osm-5674017477-29939142-0,jakarta-20210220,train,77.824,secondary,1.0,0.0,0.0,0.0,0.14833,0.24037,negative,medium,
osm-5680696059-11542695776-0,jakarta-20210220,train,67.376,primary,1.0,0.0,0.0,0.0,0.364641,0.091311,negative,medium,
osm-5806359018-317156584-0,jakarta-20210220,train,428.977,primary,1.0,0.0,0.0,0.0,0.633293,1.023674,negative,medium,
osm-5984694495-6330678685-0,jakarta-20210220,train,6.495,primary,1.0,0.0,0.0,0.0,0.798267,0.360737,negative,medium,
osm-6004639297-9657468817-0,jakarta-20210220,train,10.458,trunk,1.0,0.0,0.0,0.0,-0.597522,-0.456153,negative,medium,
osm-6118418342-309714207-0,jakarta-20210220,train,32.779,trunk,1.0,0.0,0.0,0.0,0.952145,1.296254,negative,medium,
osm-6135130582-6493403591-0,jakarta-20210220,train,59.001,primary,1.0,0.0,0.0,0.0,0.756934,-0.143861,negative,medium,
osm-6219014696-9696714817-0,jakarta-20210220,train,7.958,primary,1.0,0.0,0.0,0.0,0.055655,0.183037,negative,medium,
osm-6277705571-95022384-0,jakarta-20210220,train,26.565,trunk,1.0,0.0,0.0,0.0,1.252376,0.976631,negative,medium,
osm-6315603275-104369586-0,jakarta-20210220,train,33.263,primary,1.0,0.0,0.0,0.0,-0.632651,0.509097,negative,medium,
osm-6315609707-7225096520-0,jakarta-20210220,train,19.514,primary,1.0,0.0,0.0,0.0,0.183784,-0.845786,negative,medium,
osm-6315609708-6315609707-0,jakarta-20210220,train,17.784,primary,1.0,0.0,0.0,0.0,0.423576,-0.534888,negative,medium,
osm-6315609717-7018595457-0,jakarta-20210220,train,154.243,primary,1.0,0.0,0.0,0.0,-0.099487,-0.297158,negative,medium,
osm-6315609717-13695587270-0,jakarta-20210220,train,128.73,primary,1.0,0.0,0.0,0.0,-0.223329,-0.221951,negative,medium,
osm-6315615740-4548266767-0,jakarta-20210220,train,86.629,primary,1.0,0.0,0.0,0.0,-0.20676,-0.022134,negative,medium,
osm-6315624963-11395329908-0,jakarta-20210220,train,37.123,primary,1.0,0.0,0.0,0.0,0.952486,0.265708,negative,medium,
osm-6320275018-8503624788-0,jakarta-20210220,train,158.031,primary,1.0,0.0,0.0,0.0,0.724442,0.273418,negative,medium,
osm-6322281575-13675743447-0,jakarta-20210220,train,69.556,tertiary,1.0,0.0,0.0,0.0,-0.825096,0.649542,negative,medium,
osm-6322395865-393856974-0,jakarta-20210220,train,8.147,secondary,1.0,0.0,0.0,0.0,-0.175769,-0.069605,negative,medium,
osm-6322395881-351116570-0,jakarta-20210220,train,12.182,secondary,1.0,0.0,0.0,0.0,0.248101,-0.127588,negative,medium,
osm-6322396585-11166256394-0,jakarta-20210220,train,78.958,secondary,1.0,0.0,0.0,0.0,1.143135,-0.486502,negative,medium,
osm-6322396593-12729353047-0,jakarta-20210220,train,6.375,secondary,1.0,0.0,0.0,0.0,-0.660309,-0.783875,negative,medium,
osm-6330385236-6330385245-0,jakarta-20210220,train,21.782,primary,1.0,0.0,0.0,0.0,0.10679,1.206832,negative,medium,
osm-6330385245-1134908642-0,jakarta-20210220,train,115.153,primary,1.0,0.0,0.0,0.0,-0.138861,0.098071,negative,medium,
osm-6330562646-310003828-0,jakarta-20210220,train,68.921,tertiary,1.0,0.0,0.0,0.0,-0.388053,-0.087564,negative,medium,
osm-6330678685-5354213698-0,jakarta-20210220,train,54.519,primary,1.0,0.0,0.0,0.0,0.024905,0.907919,negative,medium,
osm-6331233983-5513076629-1,jakarta-20210220,train,75.794,trunk,1.0,0.0,0.0,0.0,-0.161436,0.745527,negative,medium,
osm-6331405436-5492419247-0,jakarta-20210220,train,9.962,trunk,1.0,0.0,0.0,0.0,1.124098,1.074354,negative,medium,
osm-6332293300-6978444810-0,jakarta-20210220,train,72.13,primary,1.0,0.0,0.0,0.0,1.410625,-0.212734,negative,medium,
osm-6332594575-6332293300-0,jakarta-20210220,train,13.762,primary,1.0,0.0,0.0,0.0,1.387232,1.202703,negative,medium,
osm-6332607740-9031970386-0,jakarta-20210220,train,29.389,primary,1.0,0.0,0.0,0.0,0.045729,-0.102668,negative,medium,
osm-6332686268-4260761277-0,jakarta-20210220,train,82.333,primary,1.0,0.0,0.0,0.0,0.425752,0.172256,negative,medium,
osm-6332686273-5652849431-0,jakarta-20210220,train,21.851,primary,1.0,0.0,0.0,0.0,-0.221564,1.449692,negative,medium,
osm-6333006951-5391413717-0,jakarta-20210220,train,33.887,primary,1.0,0.0,0.0,0.0,-1.727446,-0.657118,negative,medium,
osm-6333252911-9019103699-0,jakarta-20210220,train,95.201,secondary,1.0,0.0,0.0,0.0,-0.575711,0.952619,negative,medium,
osm-6334537720-4566501805-0,jakarta-20210220,train,65.372,primary,1.0,0.0,0.0,0.0,-0.358868,-0.268296,negative,medium,
osm-6334537728-430546294-0,jakarta-20210220,train,103.268,secondary,1.0,0.0,0.0,0.0,0.369811,-1.039599,negative,medium,
osm-6334659081-4566501806-0,jakarta-20210220,train,145.283,secondary,1.0,0.0,0.0,0.0,-0.772557,-0.392892,negative,medium,
osm-6334849877-309950695-0,jakarta-20210220,train,121.426,primary,1.0,0.0,0.0,0.0,-0.442299,0.053719,negative,medium,
osm-6336788287-7117640144-0,jakarta-20210220,train,12.935,primary,1.0,0.0,0.0,0.0,0.458513,1.755866,negative,medium,
osm-6336788292-309941624-0,jakarta-20210220,train,62.34,primary,1.0,0.0,0.0,0.0,-0.493818,-1.352678,negative,medium,
osm-6347347053-504912724-0,jakarta-20210220,train,77.89,secondary,1.0,0.0,0.0,0.0,0.696965,0.429842,negative,medium,
osm-6359768001-186894208-0,jakarta-20210220,train,244.214,primary,1.0,0.0,0.0,0.0,0.092375,0.472822,negative,medium,
osm-6359768003-318168808-0,jakarta-20210220,train,7.699,secondary,1.0,0.0,0.0,0.0,-0.532489,0.116825,negative,medium,
osm-6366750161-332517701-0,jakarta-20210220,train,71.949,trunk,1.0,0.0,0.0,0.0,-0.707575,0.379819,negative,medium,
osm-6370527438-321722198-0,jakarta-20210220,train,125.495,primary,1.0,0.0,0.0,0.0,0.282615,-0.154374,negative,medium,
osm-6370527439-6370527438-0,jakarta-20210220,train,27.327,primary,1.0,0.0,0.0,0.0,0.345884,-0.446367,negative,medium,
osm-6406796742-9013059183-0,jakarta-20210220,train,16.894,primary,1.0,0.0,0.0,0.0,0.668044,-0.382283,negative,medium,
osm-6429880632-316486226-0,jakarta-20210220,train,699.086,motorway,1.0,0.0,0.0,0.0,0.07606,0.340884,negative,medium,
osm-6430186685-2836706756-0,jakarta-20210220,train,202.003,secondary,1.0,0.0,0.0,0.0,1.444825,0.973789,negative,medium,
osm-6430860592-9504400678-0,jakarta-20210220,train,144.74,trunk_link,1.0,0.0,0.0,0.0,1.383917,0.705763,negative,medium,
osm-6434923286-5112284316-0,jakarta-20210220,train,58.452,trunk,1.0,0.0,0.0,0.0,0.37512,1.21381,negative,medium,
osm-6434930408-5112682630-0,jakarta-20210220,train,47.215,trunk,1.0,0.0,0.0,0.0,-0.184579,-0.0858,negative,medium,
osm-6434945508-1342879000-0,jakarta-20210220,train,44.222,trunk,1.0,0.0,0.0,0.0,-0.818204,0.643309,negative,medium,
osm-6434967979-2836706754-0,jakarta-20210220,train,77.284,residential,1.0,0.0,0.0,0.0,0.271754,0.87155,negative,medium,
osm-6451021641-4914353827-0,jakarta-20210220,train,9.362,trunk,1.0,0.0,0.0,0.0,0.063117,0.64979,negative,medium,
osm-6451233564-1757800736-0,jakarta-20210220,train,53.936,trunk,1.0,0.0,0.0,0.0,0.694554,0.031514,negative,medium,
osm-6451233564-6776829930-0,jakarta-20210220,train,54.41,trunk_link,1.0,0.0,0.0,0.0,0.282198,0.150269,negative,medium,
osm-6451233565-6451233564-0,jakarta-20210220,train,4.916,trunk,1.0,0.0,0.0,0.0,1.364381,-1.110842,negative,medium,
osm-6451233570-10098494032-0,jakarta-20210220,train,6.35,trunk,1.0,0.0,0.0,0.0,1.163684,0.145745,negative,medium,
osm-6451500598-3266396608-0,jakarta-20210220,train,23.491,primary,1.0,0.0,0.0,0.0,0.08273,-1.159989,negative,medium,
osm-6456763921-7070822596-0,jakarta-20210220,train,25.188,primary,1.0,0.0,0.0,0.0,-1.19737,-0.403729,negative,medium,
osm-6459026538-1135179421-0,jakarta-20210220,train,36.093,tertiary,1.0,0.0,0.0,0.0,-0.935003,-1.410208,negative,medium,
osm-6459032697-12738838445-0,jakarta-20210220,train,86.479,secondary,1.0,0.0,0.0,0.0,0.371392,0.309865,negative,medium,
osm-6459323552-4990059014-0,jakarta-20210220,train,255.219,primary,1.0,0.0,0.0,0.0,0.678626,0.180745,negative,medium,
osm-6459341771-5201675288-0,jakarta-20210220,train,343.628,primary,1.0,0.0,0.0,0.0,-0.146432,0.200204,negative,medium,
osm-6471562381-4798985491-0,jakarta-20210220,train,51.527,primary,1.0,0.0,0.0,0.0,0.390253,0.251858,negative,medium,
osm-6471563890-5373977777-0,jakarta-20210220,train,19.428,primary,1.0,0.0,0.0,0.0,0.797488,0.340638,negative,medium,
osm-6477409182-4815227758-0,jakarta-20210220,train,43.973,tertiary,1.0,0.0,0.0,0.0,2.448294,0.4834,negative,medium,
osm-6486347952-9491290599-0,jakarta-20210220,train,70.429,trunk,1.0,0.0,0.0,0.0,0.056903,0.143761,negative,medium,
osm-6490074722-330177825-0,jakarta-20210220,train,9.178,primary,1.0,0.0,0.0,0.0,0.090395,1.255233,negative,medium,
osm-6493403591-3266332372-0,jakarta-20210220,train,39.086,primary,1.0,0.0,0.0,0.0,-0.536148,0.464325,negative,medium,
osm-6531806778-7082730280-0,jakarta-20210220,train,8.68,primary,1.0,0.0,0.0,0.0,2.246201,0.359769,negative,medium,
osm-6546950357-309712345-0,jakarta-20210220,train,171.284,trunk,1.0,0.0,0.0,0.0,0.366028,0.497256,negative,medium,
osm-6547719124-1675488274-0,jakarta-20210220,train,9.47,primary,1.0,0.0,0.0,0.0,0.126687,0.184755,negative,medium,
osm-6552109327-5671605046-0,jakarta-20210220,train,36.763,primary,1.0,0.0,0.0,0.0,0.886011,0.379106,negative,medium,
osm-6604587143-7059651780-0,jakarta-20210220,train,99.035,primary,1.0,0.0,0.0,0.0,0.042749,-0.1601,negative,medium,
osm-6776762980-310048835-0,jakarta-20210220,train,43.994,primary,1.0,0.0,0.0,0.0,-0.45512,-0.175742,negative,medium,
osm-6776762981-6776762980-0,jakarta-20210220,train,11.276,primary,1.0,0.0,0.0,0.0,-0.200138,0.712525,negative,medium,
osm-6776829930-6776762981-0,jakarta-20210220,train,26.482,trunk_link,1.0,0.0,0.0,0.0,-0.608727,0.922121,negative,medium,
osm-6797982811-6118418342-0,jakarta-20210220,train,64.208,trunk,1.0,0.0,0.0,0.0,1.171229,1.362928,negative,medium,
osm-6801763173-8811850651-0,jakarta-20210220,train,3.643,residential,1.0,0.0,0.0,0.0,0.158198,0.243757,negative,medium,
osm-6806925400-317193936-0,jakarta-20210220,train,36.732,primary,1.0,0.0,0.0,0.0,-0.251523,-0.323734,negative,medium,
osm-6831185205-9486285513-0,jakarta-20210220,train,26.117,trunk,1.0,0.0,0.0,0.0,-1.417805,-1.035622,negative,medium,
osm-6862048641-5655125045-0,jakarta-20210220,train,44.676,secondary,1.0,0.0,0.0,0.0,-2.035432,0.068827,negative,medium,
osm-6878897947-1139139728-0,jakarta-20210220,train,35.183,trunk,1.0,0.0,0.0,0.0,-0.320019,0.972711,negative,medium,
osm-6884974160-11899737707-0,jakarta-20210220,train,21.993,primary,1.0,0.0,0.0,0.0,0.806205,1.629034,negative,medium,
osm-6907592439-315710860-0,jakarta-20210220,train,42.956,secondary,1.0,0.0,0.0,0.0,1.284206,0.636651,negative,medium,
osm-6907714745-5380146210-0,jakarta-20210220,train,142.335,residential,1.0,0.0,0.0,0.0,0.333487,0.636118,negative,medium,
osm-6910883258-4849427384-0,jakarta-20210220,train,44.406,primary,1.0,0.0,0.0,0.0,0.2436,-0.52813,negative,medium,
osm-6978444809-9002723306-0,jakarta-20210220,train,185.104,primary,1.0,0.0,0.0,0.0,0.297877,0.390055,negative,medium,
osm-6978444810-6978444809-0,jakarta-20210220,train,30.621,primary,1.0,0.0,0.0,0.0,1.164916,-1.71618,negative,medium,
osm-6978547983-3723635038-0,jakarta-20210220,train,228.128,trunk,1.0,0.0,0.0,0.0,0.09206,1.101193,negative,medium,
osm-7003228710-1321537155-0,jakarta-20210220,train,11.784,primary,1.0,0.0,0.0,0.0,-0.274381,1.319192,negative,medium,
osm-7003228710-7003248324-0,jakarta-20210220,train,14.05,primary_link,1.0,0.0,0.0,0.0,-0.143972,1.796494,negative,medium,
osm-7003248324-1321537155-0,jakarta-20210220,train,12.074,primary,1.0,0.0,0.0,0.0,-0.03331,1.643275,negative,medium,
osm-7015230195-4849427387-0,jakarta-20210220,train,64.876,primary,1.0,0.0,0.0,0.0,0.437986,-0.490188,negative,medium,
osm-7015230199-7015230195-0,jakarta-20210220,train,44.623,primary,1.0,0.0,0.0,0.0,1.440222,0.517386,negative,medium,
osm-7018595457-6315609708-0,jakarta-20210220,train,34.224,primary,1.0,0.0,0.0,0.0,0.371325,-0.110465,negative,medium,
osm-7026798812-5498027297-0,jakarta-20210220,train,424.098,primary,1.0,0.0,0.0,0.0,0.530229,0.4104,negative,medium,
osm-7027128992-4658384434-0,jakarta-20210220,train,91.163,primary,1.0,0.0,0.0,0.0,0.316517,2.040011,negative,medium,
osm-7027231693-4152867163-0,jakarta-20210220,train,112.816,primary,1.0,0.0,0.0,0.0,0.465002,0.316062,negative,medium,
osm-7029385572-316486305-0,jakarta-20210220,train,43.932,trunk_link,1.0,0.0,0.0,0.0,0.317838,0.716255,negative,medium,
osm-7029563618-4993841487-0,jakarta-20210220,train,28.299,primary_link,1.0,0.0,0.0,0.0,0.039437,-0.645393,negative,medium,
osm-7029563618-7029563620-0,jakarta-20210220,train,12.404,primary,1.0,0.0,0.0,0.0,-0.112601,-0.719824,negative,medium,
osm-7029563620-7029563621-0,jakarta-20210220,train,10.441,primary,1.0,0.0,0.0,0.0,0.191962,-1.02901,negative,medium,
osm-7029563621-12530400916-0,jakarta-20210220,train,28.354,primary,1.0,0.0,0.0,0.0,0.173949,-0.316075,negative,medium,
osm-7038299405-388023277-0,jakarta-20210220,train,43.755,trunk,1.0,0.0,0.0,0.0,-1.03215,-0.019207,negative,medium,
osm-7039275702-1359134222-0,jakarta-20210220,train,36.048,primary,1.0,0.0,0.0,0.0,0.062872,-0.214585,negative,medium,
osm-7044795931-7509918742-0,jakarta-20210220,train,11.4,primary,1.0,0.0,0.0,0.0,-0.017453,-0.179813,negative,medium,
osm-7044795934-7044795931-0,jakarta-20210220,train,24.82,primary,1.0,0.0,0.0,0.0,-0.961585,-0.980897,negative,medium,
osm-7045010187-5487633251-0,jakarta-20210220,train,205.057,primary,1.0,0.0,0.0,0.0,0.494975,-0.740861,negative,medium,
osm-7045010651-4502213977-0,jakarta-20210220,train,32.545,secondary,1.0,0.0,0.0,0.0,-0.666341,-0.067067,negative,medium,
osm-7045231385-11501464552-0,jakarta-20210220,train,22.119,primary,1.0,0.0,0.0,0.0,-0.269149,0.060426,negative,medium,
osm-7046982976-1682844563-0,jakarta-20210220,train,396.732,primary,1.0,0.0,0.0,0.0,1.431784,-0.138401,negative,medium,
osm-7050035434-7050035438-0,jakarta-20210220,train,35.11,primary,1.0,0.0,0.0,0.0,0.333876,-0.623984,negative,medium,
osm-7050035434-7050035440-0,jakarta-20210220,train,73.184,trunk,1.0,0.0,0.0,0.0,1.48178,0.110865,negative,medium,
osm-7050035438-7122914747-0,jakarta-20210220,train,88.409,primary,1.0,0.0,0.0,0.0,2.393968,0.716886,negative,medium,
osm-7050035440-7246575157-0,jakarta-20210220,train,9.626,trunk,1.0,0.0,0.0,0.0,1.790756,0.335742,negative,medium,
osm-7052519688-7070168306-0,jakarta-20210220,train,87.927,trunk,1.0,0.0,0.0,0.0,0.648821,-0.419507,negative,medium,
osm-7055752942-5006633608-0,jakarta-20210220,train,119.355,primary,1.0,0.0,0.0,0.0,0.94052,-0.019901,negative,medium,
osm-7055776846-4990059515-0,jakarta-20210220,train,193.239,primary,1.0,0.0,0.0,0.0,-0.547422,0.155967,negative,medium,
osm-7059042271-6315609717-0,jakarta-20210220,train,5.34,primary,1.0,0.0,0.0,0.0,-0.052449,0.015272,negative,medium,
osm-7059651780-316412093-0,jakarta-20210220,train,12.186,primary,1.0,0.0,0.0,0.0,0.628742,1.3372,negative,medium,
osm-7062375566-7513762422-0,jakarta-20210220,train,5.34,primary,1.0,0.0,0.0,0.0,-0.293225,1.007873,negative,medium,
osm-7070168306-7483895436-0,jakarta-20210220,train,11.254,trunk,1.0,0.0,0.0,0.0,0.168809,-0.243121,negative,medium,
osm-7070168315-310048098-0,jakarta-20210220,train,999.957,motorway,1.0,0.0,0.0,0.0,0.1753,-0.045745,negative,medium,
osm-7070822596-7027231693-0,jakarta-20210220,train,71.423,primary,1.0,0.0,0.0,0.0,-0.91987,0.012132,negative,medium,
osm-7082730280-5655139014-0,jakarta-20210220,train,38.36,primary,1.0,0.0,0.0,0.0,0.991473,-0.877348,negative,medium,
osm-7082864214-310048835-0,jakarta-20210220,train,73.245,motorway_link,1.0,0.0,0.0,0.0,0.049004,-0.235189,negative,medium,
osm-7096117327-6862048641-0,jakarta-20210220,train,43.381,secondary,1.0,0.0,0.0,0.0,-0.957808,-0.617634,negative,medium,
osm-7098183581-9695103618-0,jakarta-20210220,train,26.537,secondary,1.0,0.0,0.0,0.0,-0.984916,-0.347416,negative,medium,
osm-7103369194-317156628-0,jakarta-20210220,train,20.31,primary,1.0,0.0,0.0,0.0,0.552405,-0.004358,negative,medium,
osm-7103369200-7103369194-0,jakarta-20210220,train,17.552,primary,1.0,0.0,0.0,0.0,-0.289702,-0.524489,negative,medium,
osm-7103903985-1351484887-0,jakarta-20210220,train,5.251,primary,1.0,0.0,0.0,0.0,1.829956,-1.249024,negative,medium,
osm-7104997606-5172730315-0,jakarta-20210220,train,64.294,secondary,1.0,0.0,0.0,0.0,0.953595,1.172666,negative,medium,
osm-7105384963-1342878909-0,jakarta-20210220,train,100.619,trunk,1.0,0.0,0.0,0.0,-0.022917,0.198316,negative,medium,
osm-7112944949-393861915-0,jakarta-20210220,train,25.867,secondary,1.0,0.0,0.0,0.0,2.111151,0.967933,negative,medium,
osm-7117458776-5380055271-0,jakarta-20210220,train,186.493,trunk,1.0,0.0,0.0,0.0,-0.727573,0.736196,negative,medium,
osm-7117640144-5189820259-0,jakarta-20210220,train,189.56,primary,1.0,0.0,0.0,0.0,0.403057,0.37133,negative,medium,
osm-7118113165-104356359-0,jakarta-20210220,train,75.152,trunk,1.0,0.0,0.0,0.0,0.335213,0.823401,negative,medium,
osm-7120306569-5371596275-0,jakarta-20210220,train,63.385,primary,1.0,0.0,0.0,0.0,0.202942,-0.289714,negative,medium,
osm-7120306577-7120306569-0,jakarta-20210220,train,25.987,primary,1.0,0.0,0.0,0.0,0.796657,-0.736904,negative,medium,
osm-7120310389-9665578858-0,jakarta-20210220,train,59.0,primary,1.0,0.0,0.0,0.0,0.230512,0.06125,negative,medium,
osm-7120318185-7120380404-0,jakarta-20210220,train,22.25,primary,1.0,0.0,0.0,0.0,-0.856121,0.845103,negative,medium,
osm-7120341842-7120393917-0,jakarta-20210220,train,18.174,primary,1.0,0.0,0.0,0.0,1.217613,0.524051,negative,medium,
osm-7120370231-4996688468-0,jakarta-20210220,train,57.882,primary,1.0,0.0,0.0,0.0,0.569212,-0.029557,negative,medium,
osm-7120377653-29939156-0,jakarta-20210220,train,38.542,primary,1.0,0.0,0.0,0.0,1.520886,0.785394,negative,medium,
osm-7120377658-7120377653-0,jakarta-20210220,train,12.145,primary,1.0,0.0,0.0,0.0,1.999256,0.361573,negative,medium,
osm-7120380401-5371596264-0,jakarta-20210220,train,14.281,primary,1.0,0.0,0.0,0.0,-0.367292,1.823206,negative,medium,
osm-7120380404-7120380401-0,jakarta-20210220,train,16.262,primary,1.0,0.0,0.0,0.0,-0.590483,1.406154,negative,medium,
osm-7120383641-10758010539-0,jakarta-20210220,train,74.185,primary,1.0,0.0,0.0,0.0,0.290649,-0.886969,negative,medium,
osm-7120383650-7120383641-0,jakarta-20210220,train,20.977,primary,1.0,0.0,0.0,0.0,0.516002,-0.741364,negative,medium,
osm-7120383655-7120383650-0,jakarta-20210220,train,10.639,primary,1.0,0.0,0.0,0.0,0.84244,0.150552,negative,medium,
osm-7120383657-1163404618-0,jakarta-20210220,train,11.476,primary,1.0,0.0,0.0,0.0,0.125952,-0.96633,negative,medium,
osm-7120383659-7120383657-0,jakarta-20210220,train,19.811,primary,1.0,0.0,0.0,0.0,0.054759,0.052356,negative,medium,
osm-7120393905-7120377658-0,jakarta-20210220,train,50.707,primary,1.0,0.0,0.0,0.0,0.464469,-0.256555,negative,medium,
osm-7120393917-7120306577-0,jakarta-20210220,train,8.037,primary,1.0,0.0,0.0,0.0,1.754795,-0.029194,negative,medium,
osm-7120393920-5371596268-0,jakarta-20210220,train,15.313,primary,1.0,0.0,0.0,0.0,-0.18632,1.205049,negative,medium,
osm-7120410534-4899821967-0,jakarta-20210220,train,97.519,primary,1.0,0.0,0.0,0.0,1.115981,-0.027449,negative,medium,
osm-7120410539-7120410534-0,jakarta-20210220,train,34.162,primary,1.0,0.0,0.0,0.0,1.601323,-0.211616,negative,medium,
osm-7120410540-7120410539-0,jakarta-20210220,train,19.381,primary,1.0,0.0,0.0,0.0,0.890962,-0.117426,negative,medium,
osm-7120410546-13720913830-0,jakarta-20210220,train,9.312,primary,1.0,0.0,0.0,0.0,0.31702,-0.081512,negative,medium,
osm-7120411005-7120419447-0,jakarta-20210220,train,55.116,primary,1.0,0.0,0.0,0.0,0.408738,0.410928,negative,medium,
osm-7120411011-7120411005-0,jakarta-20210220,train,19.969,primary,1.0,0.0,0.0,0.0,1.186326,-0.701782,negative,medium,
osm-7120419442-29939154-0,jakarta-20210220,train,35.593,primary,1.0,0.0,0.0,0.0,0.821515,1.533479,negative,medium,
osm-7120419444-7120419442-0,jakarta-20210220,train,26.578,primary,1.0,0.0,0.0,0.0,1.561647,1.633213,negative,medium,
osm-7120419447-7120419444-0,jakarta-20210220,train,10.136,primary,1.0,0.0,0.0,0.0,0.793026,1.238288,negative,medium,
osm-7120440775-7756153690-0,jakarta-20210220,train,7.5,primary,1.0,0.0,0.0,0.0,0.487345,0.627646,negative,medium,
osm-7120440781-5671531324-0,jakarta-20210220,train,51.471,primary,1.0,0.0,0.0,0.0,0.088542,0.299779,negative,medium,
osm-7120487195-316374654-0,jakarta-20210220,train,13.689,primary,1.0,0.0,0.0,0.0,1.481128,-0.708711,negative,medium,
osm-7120487197-7120487195-0,jakarta-20210220,train,14.81,primary,1.0,0.0,0.0,0.0,1.20614,-0.580171,negative,medium,
osm-7120502855-4750115938-0,jakarta-20210220,train,159.115,primary,1.0,0.0,0.0,0.0,0.375746,0.429995,negative,medium,
osm-7120512601-5669076905-0,jakarta-20210220,train,60.461,primary,1.0,0.0,0.0,0.0,2.605218,-0.292526,negative,medium,
osm-7120831201-1376428022-0,jakarta-20210220,train,11.772,trunk,1.0,0.0,0.0,0.0,0.546049,0.597511,negative,medium,
osm-7122843809-7045010651-0,jakarta-20210220,train,34.393,secondary,1.0,0.0,0.0,0.0,-0.256723,-0.043111,negative,medium,
osm-7122914747-5673841354-0,jakarta-20210220,train,40.978,primary,1.0,0.0,0.0,0.0,3.287305,1.387004,negative,medium,
osm-7123191860-13828094473-0,jakarta-20210220,train,45.62,primary,1.0,0.0,0.0,0.0,-0.757037,-1.080409,negative,medium,
osm-7131381422-5425990246-0,jakarta-20210220,train,97.807,trunk,1.0,0.0,0.0,0.0,-0.586944,0.798144,negative,medium,
osm-7131628847-5068494252-0,jakarta-20210220,train,28.717,residential,1.0,0.0,0.0,0.0,0.7367,-1.313822,negative,medium,
osm-7131628852-7131628847-1,jakarta-20210220,train,77.693,service,1.0,0.0,0.0,0.0,0.540266,-0.659601,negative,medium,
osm-7131701881-9694163557-0,jakarta-20210220,train,323.736,primary,1.0,0.0,0.0,0.0,0.096495,0.543842,negative,medium,
osm-7132187495-7132187498-0,jakarta-20210220,train,51.015,primary,1.0,0.0,0.0,0.0,-0.561766,0.974714,negative,medium,
osm-7132187498-9009474493-0,jakarta-20210220,train,17.111,primary,1.0,0.0,0.0,0.0,-0.153792,0.853866,negative,medium,
osm-7132270238-5374380799-0,jakarta-20210220,train,186.293,primary,1.0,0.0,0.0,0.0,-0.28735,-0.573504,negative,medium,
osm-7137519768-7137727237-0,jakarta-20210220,train,272.485,trunk,1.0,0.0,0.0,0.0,1.702134,2.939114,negative,medium,
osm-7137574112-5380068218-0,jakarta-20210220,train,104.846,trunk,1.0,0.0,0.0,0.0,-0.308268,-0.346929,negative,medium,
osm-7137652765-328320159-0,jakarta-20210220,train,114.029,trunk_link,1.0,0.0,0.0,0.0,0.670845,-1.037425,negative,medium,
osm-7137727237-7246511033-0,jakarta-20210220,train,16.412,trunk,1.0,0.0,0.0,0.0,1.636674,0.447763,negative,medium,
osm-7137820748-4548267014-0,jakarta-20210220,train,58.717,trunk,1.0,0.0,0.0,0.0,0.597647,1.237075,negative,medium,
osm-7140161059-6434930408-0,jakarta-20210220,train,40.295,trunk,1.0,0.0,0.0,0.0,0.797722,-0.597455,negative,medium,
osm-7140306354-6434945508-0,jakarta-20210220,train,54.41,trunk,1.0,0.0,0.0,0.0,-0.426047,0.590307,negative,medium,
osm-7147121113-7697810035-0,jakarta-20210220,train,382.128,trunk,1.0,0.0,0.0,0.0,0.180144,-0.760373,negative,medium,
osm-7149726253-5487632874-0,jakarta-20210220,train,107.102,trunk,1.0,0.0,0.0,0.0,-1.054913,0.055995,negative,medium,
osm-7152827727-10599212863-0,jakarta-20210220,train,36.824,tertiary,1.0,0.0,0.0,0.0,0.993777,-0.830703,negative,medium,
osm-7156322369-316374602-0,jakarta-20210220,train,27.08,primary,1.0,0.0,0.0,0.0,1.040196,0.436489,negative,medium,
osm-7192466992-1695811568-0,jakarta-20210220,train,105.94,residential,1.0,0.0,0.0,0.0,0.339559,0.889732,negative,medium,
osm-7225096520-4800528564-0,jakarta-20210220,train,22.681,primary,1.0,0.0,0.0,0.0,-0.36516,-0.652105,negative,medium,
osm-7226592293-7226690310-0,jakarta-20210220,train,94.197,primary,1.0,0.0,0.0,0.0,0.475925,-0.883015,negative,medium,
osm-7226690310-9684746119-0,jakarta-20210220,train,43.501,primary,1.0,0.0,0.0,0.0,0.431656,-0.903595,negative,medium,
osm-7226690317-1311842311-0,jakarta-20210220,train,19.693,primary,1.0,0.0,0.0,0.0,-0.927458,0.094509,negative,medium,
osm-7229469661-4776087714-0,jakarta-20210220,train,25.968,tertiary,1.0,0.0,0.0,0.0,0.681249,0.372153,negative,medium,
osm-7241544817-5227396653-0,jakarta-20210220,train,43.856,primary,1.0,0.0,0.0,0.0,0.217976,0.359703,negative,medium,
osm-7241781245-315305416-0,jakarta-20210220,train,19.738,tertiary,1.0,0.0,0.0,0.0,-0.318437,1.414041,negative,medium,
osm-7246473924-4564612508-0,jakarta-20210220,train,30.73,primary,1.0,0.0,0.0,0.0,0.356122,-0.353838,negative,medium,
osm-7246511033-7137652765-0,jakarta-20210220,train,31.486,trunk,1.0,0.0,0.0,0.0,0.471528,-0.085433,negative,medium,
osm-7246575157-5673840820-0,jakarta-20210220,train,10.249,trunk,1.0,0.0,0.0,0.0,1.532942,-0.376905,negative,medium,
osm-7249176145-104363249-0,jakarta-20210220,train,46.069,primary,1.0,0.0,0.0,0.0,-0.825337,-0.830333,negative,medium,
osm-7260196327-1139139742-1,jakarta-20210220,train,299.132,trunk,1.0,0.0,0.0,0.0,0.267335,0.035749,negative,medium,
osm-7260204106-6331405436-0,jakarta-20210220,train,89.21,trunk,1.0,0.0,0.0,0.0,1.585146,0.421678,negative,medium,
osm-7284085578-317417610-0,jakarta-20210220,train,14.124,primary,1.0,0.0,0.0,0.0,-0.590731,-0.34136,negative,medium,
osm-7400356402-95010735-0,jakarta-20210220,train,12.803,trunk,1.0,0.0,0.0,0.0,1.408637,-0.174752,negative,medium,
osm-7400356402-1133343792-0,jakarta-20210220,train,141.614,tertiary,1.0,0.0,0.0,0.0,0.15637,1.18272,negative,medium,
osm-7483895397-5372153187-0,jakarta-20210220,train,43.466,trunk,1.0,0.0,0.0,0.0,0.779324,-0.055413,negative,medium,
osm-7483895436-7483895397-0,jakarta-20210220,train,3.517,trunk,1.0,0.0,0.0,0.0,0.157274,-0.467548,negative,medium,
osm-7496439574-1321228566-0,jakarta-20210220,train,37.211,primary,1.0,0.0,0.0,0.0,-0.725978,0.060047,negative,medium,
osm-7509918738-9691407991-0,jakarta-20210220,train,5.173,primary,1.0,0.0,0.0,0.0,0.497104,-0.00745,negative,medium,
osm-7509918742-7496439574-0,jakarta-20210220,train,10.744,primary,1.0,0.0,0.0,0.0,0.133367,0.235702,negative,medium,
osm-7513762422-9075741779-0,jakarta-20210220,train,15.963,primary,1.0,0.0,0.0,0.0,-0.241793,0.851584,negative,medium,
osm-7516900856-4548266264-0,jakarta-20210220,train,37.311,trunk,1.0,0.0,0.0,0.0,-0.027112,1.288629,negative,medium,
osm-7530848743-11925999197-0,jakarta-20210220,train,175.146,primary,1.0,0.0,0.0,0.0,-0.198733,0.217189,negative,medium,
osm-7570445358-4564851111-0,jakarta-20210220,train,16.88,primary,1.0,0.0,0.0,0.0,1.121266,1.144432,negative,medium,
osm-7576918586-2415817217-0,jakarta-20210220,train,322.96,motorway,1.0,0.0,0.0,0.0,0.75421,0.014428,negative,medium,
osm-7576918597-7147121113-0,jakarta-20210220,train,79.31,trunk,1.0,0.0,0.0,0.0,-0.328818,-0.319495,negative,medium,
osm-7576934780-5379667162-0,jakarta-20210220,train,138.425,trunk,1.0,0.0,0.0,0.0,0.198971,-0.606638,negative,medium,
osm-7595258503-6907592439-0,jakarta-20210220,train,42.52,secondary,1.0,0.0,0.0,0.0,0.069408,0.745988,negative,medium,
osm-7614917291-13721122640-0,jakarta-20210220,train,9.345,primary_link,1.0,0.0,0.0,0.0,2.077725,0.274082,negative,medium,
osm-7614917300-5459048224-0,jakarta-20210220,train,15.863,primary,1.0,0.0,0.0,0.0,-0.668347,-0.030522,negative,medium,
osm-7614917300-7614917291-0,jakarta-20210220,train,74.95,primary_link,1.0,0.0,0.0,0.0,0.520785,0.116852,negative,medium,
osm-7647950148-1135179379-0,jakarta-20210220,train,33.146,primary,1.0,0.0,0.0,0.0,-0.333629,0.190425,negative,medium,
osm-7694410074-5373977782-0,jakarta-20210220,train,53.233,primary,1.0,0.0,0.0,0.0,-0.835528,1.027481,negative,medium,
osm-7697810034-5068494251-0,jakarta-20210220,train,30.994,residential,1.0,0.0,0.0,0.0,0.221621,-0.453213,negative,medium,
osm-7697810035-9529290217-0,jakarta-20210220,train,107.875,trunk,1.0,0.0,0.0,0.0,0.1278,0.200164,negative,medium,
osm-7697810036-7697810035-0,jakarta-20210220,train,15.896,trunk_link,1.0,0.0,0.0,0.0,-2.208617,0.890368,negative,medium,
osm-7756153690-5377076414-0,jakarta-20210220,train,13.96,primary,1.0,0.0,0.0,0.0,0.328734,0.804742,negative,medium,
osm-7756153695-7120440775-0,jakarta-20210220,train,23.305,primary,1.0,0.0,0.0,0.0,1.242322,0.347597,negative,medium,
osm-7756168367-4750115942-0,jakarta-20210220,train,31.65,primary,1.0,0.0,0.0,0.0,1.688058,0.98983,negative,medium,
osm-7756197690-9013826114-0,jakarta-20210220,train,13.479,primary,1.0,0.0,0.0,0.0,1.01153,-0.072708,negative,medium,
osm-7760892449-7697810034-0,jakarta-20210220,train,8.237,trunk,1.0,0.0,0.0,0.0,0.434963,-1.108604,negative,medium,
osm-7805088053-7003228710-0,jakarta-20210220,train,34.846,primary,1.0,0.0,0.0,0.0,-0.039337,1.077772,negative,medium,
osm-8132773400-1325257182-0,jakarta-20210220,train,102.883,trunk,1.0,0.0,0.0,0.0,-1.228501,0.73867,negative,medium,
osm-8132787924-309086906-0,jakarta-20210220,train,914.19,motorway,1.0,0.0,0.0,0.0,-0.53507,0.069911,negative,medium,
osm-8208701324-6334849877-0,jakarta-20210220,train,202.11,primary,1.0,0.0,0.0,0.0,0.215896,-0.334136,negative,medium,
osm-8313092690-1315069362-0,jakarta-20210220,train,62.385,primary,1.0,0.0,0.0,0.0,0.797022,0.677627,negative,medium,
osm-8313442289-8488635417-0,jakarta-20210220,train,19.187,tertiary,1.0,0.0,0.0,0.0,0.666697,-0.924162,negative,medium,
osm-8434800015-1675426459-0,jakarta-20210220,train,26.17,primary,1.0,0.0,0.0,0.0,1.125997,0.094841,negative,medium,
osm-8478023954-4499976535-0,jakarta-20210220,train,30.081,primary,1.0,0.0,0.0,0.0,1.864336,0.363077,negative,medium,
osm-8481827349-9685151098-0,jakarta-20210220,train,65.618,primary,1.0,0.0,0.0,0.0,0.1068,-0.621319,negative,medium,
osm-8488629808-8313442289-0,jakarta-20210220,train,5.739,tertiary,1.0,0.0,0.0,0.0,0.370509,-0.707066,negative,medium,
osm-8488635417-8488629813-0,jakarta-20210220,train,87.002,service,1.0,0.0,0.0,0.0,0.390958,-0.284485,negative,medium,
osm-8488635421-8488635417-0,jakarta-20210220,train,20.234,tertiary,1.0,0.0,0.0,0.0,0.62711,-0.776171,negative,medium,
osm-8488921432-9009735918-0,jakarta-20210220,train,29.95,primary,1.0,0.0,0.0,0.0,0.349723,0.880853,negative,medium,
osm-8499454046-393856973-0,jakarta-20210220,train,64.222,secondary,1.0,0.0,0.0,0.0,0.796873,0.138585,negative,medium,
osm-8500012435-6334537728-0,jakarta-20210220,train,51.293,secondary,1.0,0.0,0.0,0.0,0.801784,-0.157647,negative,medium,
osm-8502330159-6806925400-0,jakarta-20210220,train,23.122,primary,1.0,0.0,0.0,0.0,-0.923085,-0.343433,negative,medium,
osm-8503624788-4986680280-0,jakarta-20210220,train,78.87,primary,1.0,0.0,0.0,0.0,-0.210574,0.052729,negative,medium,
osm-8504122967-352897085-0,jakarta-20210220,train,22.735,primary,1.0,0.0,0.0,0.0,0.18928,-0.068567,negative,medium,
osm-8505902513-315487156-0,jakarta-20210220,train,50.142,primary,1.0,0.0,0.0,0.0,0.669381,0.355559,negative,medium,
osm-8509401662-329969014-0,jakarta-20210220,train,45.725,primary,1.0,0.0,0.0,0.0,1.98395,-1.852962,negative,medium,
osm-8509445105-308981972-0,jakarta-20210220,train,32.63,tertiary,1.0,0.0,0.0,0.0,0.339478,0.318549,negative,medium,
osm-8509512970-10090012698-0,jakarta-20210220,train,11.439,tertiary,1.0,0.0,0.0,0.0,-0.535452,0.35857,negative,medium,
osm-8509975229-9679957698-0,jakarta-20210220,train,39.669,primary,1.0,0.0,0.0,0.0,0.29211,0.298004,negative,medium,
osm-8510368916-5379767874-0,jakarta-20210220,train,53.118,secondary,1.0,0.0,0.0,0.0,3.085114,2.43627,negative,medium,
osm-8510661425-8510661436-0,jakarta-20210220,train,38.63,primary,1.0,0.0,0.0,0.0,1.105767,-0.460967,negative,medium,
osm-8510661436-4776237951-0,jakarta-20210220,train,95.425,primary,1.0,0.0,0.0,0.0,1.425502,-1.659471,negative,medium,
osm-8519460813-315480467-0,jakarta-20210220,train,7.16,primary,1.0,0.0,0.0,0.0,-0.344196,0.59937,negative,medium,
osm-8520330753-8520330756-0,jakarta-20210220,train,28.022,tertiary,1.0,0.0,0.0,0.0,0.148465,-0.929491,negative,medium,
osm-8520330756-6459026538-0,jakarta-20210220,train,109.85,tertiary,1.0,0.0,0.0,0.0,-0.727556,-0.845638,negative,medium,
osm-8523204009-8523204012-0,jakarta-20210220,train,11.655,residential,1.0,0.0,0.0,0.0,2.209818,-0.401205,negative,medium,
osm-8523204012-9013720102-0,jakarta-20210220,train,21.738,residential,1.0,0.0,0.0,0.0,1.643586,-0.391643,negative,medium,
osm-8547875909-1359134207-0,jakarta-20210220,train,19.905,primary,1.0,0.0,0.0,0.0,2.730146,1.560226,negative,medium,
osm-8555984047-9622773431-0,jakarta-20210220,train,36.952,primary,1.0,0.0,0.0,0.0,0.674022,-2.082932,negative,medium,
osm-8562305801-1135179404-0,jakarta-20210220,train,38.841,tertiary,1.0,0.0,0.0,0.0,0.601792,-0.23703,negative,medium,
osm-8609186468-9013826103-0,jakarta-20210220,train,33.121,primary,1.0,0.0,0.0,0.0,0.529231,1.016131,negative,medium,
osm-8749112680-1682844228-0,jakarta-20210220,train,223.844,primary,1.0,0.0,0.0,0.0,1.130249,-0.237533,negative,medium,
osm-8772028147-4776237953-0,jakarta-20210220,train,189.248,primary,1.0,0.0,0.0,0.0,-0.902522,-0.043792,negative,medium,
osm-8789425687-9003229253-0,jakarta-20210220,train,14.7,primary,1.0,0.0,0.0,0.0,-0.738792,-1.206703,negative,medium,
osm-8796979647-9018975643-0,jakarta-20210220,train,22.765,secondary,1.0,0.0,0.0,0.0,0.270008,-0.542543,negative,medium,
osm-8810858536-4836392299-0,jakarta-20210220,train,107.859,tertiary,1.0,0.0,0.0,0.0,0.762231,0.357722,negative,medium,
osm-8811305451-317156534-0,jakarta-20210220,train,45.312,primary,1.0,0.0,0.0,0.0,0.31898,0.567335,negative,medium,
osm-8811850651-9533955736-0,jakarta-20210220,train,20.706,residential,1.0,0.0,0.0,0.0,-0.346334,0.089559,negative,medium,
osm-8992056526-12745136709-0,jakarta-20210220,train,78.639,primary,1.0,0.0,0.0,0.0,0.137041,-0.42553,negative,medium,
osm-8992744188-9676145373-0,jakarta-20210220,train,10.477,primary,1.0,0.0,0.0,0.0,0.327043,1.153717,negative,medium,
osm-8995440646-7059042271-0,jakarta-20210220,train,9.512,primary,1.0,0.0,0.0,0.0,0.178096,0.671815,negative,medium,
osm-9002723306-4466078450-0,jakarta-20210220,train,39.273,primary,1.0,0.0,0.0,0.0,0.57338,-0.85267,negative,medium,
osm-9003037183-9003037188-0,jakarta-20210220,train,76.198,primary,1.0,0.0,0.0,0.0,-0.025826,-0.217797,negative,medium,
osm-9003037188-4999344324-0,jakarta-20210220,train,12.353,primary,1.0,0.0,0.0,0.0,0.963286,-0.085143,negative,medium,
osm-9003037197-9003037205-0,jakarta-20210220,train,17.858,primary,1.0,0.0,0.0,0.0,0.187424,-0.558854,negative,medium,
osm-9003037205-8547875909-0,jakarta-20210220,train,107.747,primary,1.0,0.0,0.0,0.0,0.350182,0.475649,negative,medium,
osm-9003229253-9003229257-0,jakarta-20210220,train,57.158,primary,1.0,0.0,0.0,0.0,-1.590405,-0.081504,negative,medium,
osm-9003229257-9009429368-0,jakarta-20210220,train,52.073,primary,1.0,0.0,0.0,0.0,-1.043197,-0.695185,negative,medium,
osm-9003292724-9506862589-0,jakarta-20210220,train,38.145,trunk,1.0,0.0,0.0,0.0,2.137824,0.953127,negative,medium,
osm-9004158961-9028323630-0,jakarta-20210220,train,26.597,trunk,1.0,0.0,0.0,0.0,-0.481696,0.051567,negative,medium,
osm-9009175767-3266396597-0,jakarta-20210220,train,46.92,trunk,1.0,0.0,0.0,0.0,0.984223,-0.625991,negative,medium,
osm-9009398139-4849427408-0,jakarta-20210220,train,31.526,primary,1.0,0.0,0.0,0.0,-0.407748,0.637246,negative,medium,
osm-9009429368-9009429371-0,jakarta-20210220,train,37.507,primary,1.0,0.0,0.0,0.0,-0.464513,-1.031764,negative,medium,
osm-9009429371-9003037183-0,jakarta-20210220,train,14.475,primary,1.0,0.0,0.0,0.0,-0.24184,-0.073165,negative,medium,
osm-9009429383-9003037197-0,jakarta-20210220,train,59.726,primary,1.0,0.0,0.0,0.0,0.008307,-0.731536,negative,medium,
osm-9009474493-6471563890-0,jakarta-20210220,train,38.03,primary,1.0,0.0,0.0,0.0,0.58157,0.659619,negative,medium,
osm-9009656613-8488921432-0,jakarta-20210220,train,35.905,primary,1.0,0.0,0.0,0.0,-0.177064,1.329823,negative,medium,
osm-9009735918-9013826100-0,jakarta-20210220,train,17.926,primary,1.0,0.0,0.0,0.0,0.781895,0.58759,negative,medium,
osm-9013059177-9013720103-0,jakarta-20210220,train,23.527,primary,1.0,0.0,0.0,0.0,0.574678,0.712108,negative,medium,
osm-9013059182-9013059177-0,jakarta-20210220,train,31.55,primary,1.0,0.0,0.0,0.0,0.376416,0.859761,negative,medium,
osm-9013059183-316412146-0,jakarta-20210220,train,74.126,primary,1.0,0.0,0.0,0.0,0.291363,-0.255813,negative,medium,
osm-9013720082-316412131-0,jakarta-20210220,train,30.058,primary,1.0,0.0,0.0,0.0,0.316546,-0.636355,negative,medium,
osm-9013720084-5655187222-0,jakarta-20210220,train,14.913,primary,1.0,0.0,0.0,0.0,-0.972611,-0.268844,negative,medium,
osm-9013720087-9013720094-0,jakarta-20210220,train,29.367,primary,1.0,0.0,0.0,0.0,-0.985706,-0.851094,negative,medium,
osm-9013720094-9013720084-0,jakarta-20210220,train,13.885,primary,1.0,0.0,0.0,0.0,-1.074217,-0.192679,negative,medium,
osm-9013720101-9013720087-0,jakarta-20210220,train,27.802,primary,1.0,0.0,0.0,0.0,-0.453786,-1.415958,negative,medium,
osm-9013720102-9013720101-0,jakarta-20210220,train,33.131,primary,1.0,0.0,0.0,0.0,0.791567,-0.677567,negative,medium,
osm-9013720103-8523204009-0,jakarta-20210220,train,21.23,residential,1.0,0.0,0.0,0.0,1.542077,-0.031537,negative,medium,
osm-9013720103-9013720102-0,jakarta-20210220,train,13.281,primary,1.0,0.0,0.0,0.0,1.078017,0.044093,negative,medium,
osm-9013826100-7614917300-0,jakarta-20210220,train,59.454,primary,1.0,0.0,0.0,0.0,0.468039,0.152189,negative,medium,
osm-9013826103-9009656613-0,jakarta-20210220,train,66.87,primary,1.0,0.0,0.0,0.0,0.183209,1.073054,negative,medium,
osm-9013826114-5377076560-0,jakarta-20210220,train,7.742,primary,1.0,0.0,0.0,0.0,0.903644,0.072402,negative,medium,
osm-9013840117-13719672649-0,jakarta-20210220,train,16.709,primary,1.0,0.0,0.0,0.0,-0.468505,1.004186,negative,medium,
osm-9013840120-9013840117-0,jakarta-20210220,train,7.197,primary,1.0,0.0,0.0,0.0,-0.563801,1.320886,negative,medium,
osm-9013891773-329019970-0,jakarta-20210220,train,54.655,primary,1.0,0.0,0.0,0.0,0.754246,-0.618505,negative,medium,
osm-9013891776-4750115944-0,jakarta-20210220,train,48.17,primary,1.0,0.0,0.0,0.0,-0.190542,-0.774791,negative,medium,
osm-9013891781-328876219-0,jakarta-20210220,train,27.88,primary,1.0,0.0,0.0,0.0,0.671309,-0.423985,negative,medium,
osm-9013891783-9013891781-0,jakarta-20210220,train,20.103,primary,1.0,0.0,0.0,0.0,0.838689,-1.114483,negative,medium,
osm-9013899871-29939143-0,jakarta-20210220,train,22.99,secondary,1.0,0.0,0.0,0.0,0.243819,-0.81266,negative,medium,
osm-9015877327-309687605-0,jakarta-20210220,train,32.29,tertiary,1.0,0.0,0.0,0.0,-0.263051,0.209303,negative,medium,
osm-9015877330-9015877335-0,jakarta-20210220,train,34.835,tertiary,1.0,0.0,0.0,0.0,0.623112,-0.487573,negative,medium,
osm-9015877335-10082667802-0,jakarta-20210220,train,50.862,tertiary,1.0,0.0,0.0,0.0,-0.455318,-0.104096,negative,medium,
osm-9016841536-8509445105-0,jakarta-20210220,train,61.553,tertiary,1.0,0.0,0.0,0.0,0.210735,-1.474711,negative,medium,
osm-9018975643-186849138-0,jakarta-20210220,train,29.444,secondary,1.0,0.0,0.0,0.0,-0.581115,-1.246575,negative,medium,
osm-9019103699-12404878653-0,jakarta-20210220,train,91.752,secondary,1.0,0.0,0.0,0.0,1.029338,1.531562,negative,medium,
osm-9019104733-9019646229-0,jakarta-20210220,train,70.281,primary,1.0,0.0,0.0,0.0,0.279841,-0.569671,negative,medium,
osm-9019122232-4833946442-0,jakarta-20210220,train,56.134,primary,1.0,0.0,0.0,0.0,0.429435,0.274062,negative,medium,
osm-9019646229-6336788287-0,jakarta-20210220,train,77.033,primary,1.0,0.0,0.0,0.0,0.481735,0.108509,negative,medium,
osm-9027876825-13701804574-0,jakarta-20210220,train,31.618,primary,1.0,0.0,0.0,0.0,-0.547522,0.482695,negative,medium,
osm-9028008487-8481827349-0,jakarta-20210220,train,185.721,primary,1.0,0.0,0.0,0.0,0.395654,0.321508,negative,medium,
osm-9028323630-310327453-0,jakarta-20210220,train,8.577,trunk,1.0,0.0,0.0,0.0,-0.579165,-0.560917,negative,medium,
osm-9031074981-9032080369-0,jakarta-20210220,train,37.975,primary,1.0,0.0,0.0,0.0,-0.179442,-0.269641,negative,medium,
osm-9031074998-29938988-0,jakarta-20210220,train,13.05,primary,1.0,0.0,0.0,0.0,1.938159,-1.253295,negative,medium,
osm-9031322607-9534502212-0,jakarta-20210220,train,16.318,primary,1.0,0.0,0.0,0.0,-0.063298,0.661761,negative,medium,
osm-9031322608-9032054237-0,jakarta-20210220,train,13.172,primary,1.0,0.0,0.0,0.0,-0.666959,0.374864,negative,medium,
osm-9031322613-9031325917-0,jakarta-20210220,train,7.699,primary,1.0,0.0,0.0,0.0,-1.406947,1.116058,negative,medium,
osm-9031325917-9032054242-0,jakarta-20210220,train,11.377,primary,1.0,0.0,0.0,0.0,-1.571897,1.548647,negative,medium,
osm-9031325921-9031325924-0,jakarta-20210220,train,11.731,primary,1.0,0.0,0.0,0.0,-0.949478,2.100407,negative,medium,
osm-9031325924-9032054246-0,jakarta-20210220,train,2.747,primary,1.0,0.0,0.0,0.0,-0.563581,2.17628,negative,medium,
osm-9031325928-9031325930-0,jakarta-20210220,train,9.174,primary,1.0,0.0,0.0,0.0,-0.884499,0.727685,negative,medium,
osm-9031325930-5671605060-0,jakarta-20210220,train,33.322,primary,1.0,0.0,0.0,0.0,-0.710715,0.0631,negative,medium,
osm-9031325937-315469600-0,jakarta-20210220,train,16.916,primary,1.0,0.0,0.0,0.0,-0.586164,0.178512,negative,medium,
osm-9031905436-5671605063-0,jakarta-20210220,train,13.249,primary,1.0,0.0,0.0,0.0,-0.367178,-1.100049,negative,medium,
osm-9031905443-13586870988-0,jakarta-20210220,train,19.364,primary,1.0,0.0,0.0,0.0,-0.083562,-0.911794,negative,medium,
osm-9031905452-9032080360-0,jakarta-20210220,train,13.027,primary,1.0,0.0,0.0,0.0,1.062776,-0.74734,negative,medium,
osm-9031970386-9034366567-0,jakarta-20210220,train,19.195,primary,1.0,0.0,0.0,0.0,0.176707,0.461475,negative,medium,
osm-9032054232-9031322608-0,jakarta-20210220,train,7.577,primary,1.0,0.0,0.0,0.0,-0.21207,0.308573,negative,medium,
osm-9032054237-9031322613-0,jakarta-20210220,train,10.214,primary,1.0,0.0,0.0,0.0,-1.145172,0.698611,negative,medium,
osm-9032054242-9031325921-0,jakarta-20210220,train,9.892,primary,1.0,0.0,0.0,0.0,-1.467525,1.856051,negative,medium,
osm-9032054246-9032054249-0,jakarta-20210220,train,8.707,primary,1.0,0.0,0.0,0.0,-0.511589,2.217511,negative,medium,
osm-9032054249-9032054253-0,jakarta-20210220,train,14.734,primary,1.0,0.0,0.0,0.0,-0.647119,1.973549,negative,medium,
osm-9032054253-9031325928-0,jakarta-20210220,train,14.046,primary,1.0,0.0,0.0,0.0,-0.893437,1.33551,negative,medium,
osm-9032080348-9032080354-0,jakarta-20210220,train,24.172,primary,1.0,0.0,0.0,0.0,0.926217,-0.804932,negative,medium,
osm-9032080354-9031905452-0,jakarta-20210220,train,14.556,primary,1.0,0.0,0.0,0.0,1.087128,-0.761658,negative,medium,
osm-9032080360-9032080363-0,jakarta-20210220,train,14.634,primary,1.0,0.0,0.0,0.0,0.979848,-1.028826,negative,medium,
osm-9032080363-9031074998-0,jakarta-20210220,train,20.427,primary,1.0,0.0,0.0,0.0,1.349234,-1.283124,negative,medium,
osm-9032080365-9032080348-0,jakarta-20210220,train,6.414,primary,1.0,0.0,0.0,0.0,0.819901,-0.661468,negative,medium,
osm-9032080369-5373820573-0,jakarta-20210220,train,20.172,primary,1.0,0.0,0.0,0.0,0.658138,-0.719116,negative,medium,
osm-9034273143-8510661425-0,jakarta-20210220,train,10.72,primary,1.0,0.0,0.0,0.0,0.214291,0.957603,negative,medium,
osm-9034273150-9034273143-0,jakarta-20210220,train,8.863,primary,1.0,0.0,0.0,0.0,-0.175872,1.683077,negative,medium,
osm-9034366567-352915237-0,jakarta-20210220,train,12.827,primary,1.0,0.0,0.0,0.0,-0.042973,1.335749,negative,medium,
osm-9036874926-95022385-0,jakarta-20210220,train,43.335,primary,1.0,0.0,0.0,0.0,1.3703,0.83585,negative,medium,
osm-9037288082-7044795934-0,jakarta-20210220,train,43.328,primary,1.0,0.0,0.0,0.0,-1.383369,-1.288107,negative,medium,
osm-9064994805-7647950148-0,jakarta-20210220,train,25.412,primary,1.0,0.0,0.0,0.0,-0.748683,-0.731425,negative,medium,
osm-9075741774-4546076824-0,jakarta-20210220,train,19.996,primary,1.0,0.0,0.0,0.0,-0.43331,0.393852,negative,medium,
osm-9075741779-9075741774-0,jakarta-20210220,train,12.762,primary,1.0,0.0,0.0,0.0,-0.16188,0.618059,negative,medium,
osm-9076429426-2399364732-0,jakarta-20210220,train,119.319,trunk,1.0,0.0,0.0,0.0,-0.566596,-0.117977,negative,medium,
osm-9110087936-9694832554-0,jakarta-20210220,train,30.931,primary,1.0,0.0,0.0,0.0,1.865095,1.480406,negative,medium,
osm-9118916175-1695811540-0,jakarta-20210220,train,12.805,residential,1.0,0.0,0.0,0.0,-0.298513,0.269801,negative,medium,
osm-9144167875-4488259486-0,jakarta-20210220,train,81.009,primary,1.0,0.0,0.0,0.0,0.393925,0.376907,negative,medium,
osm-9465024317-309824174-0,jakarta-20210220,train,516.786,motorway,1.0,0.0,0.0,0.0,0.228114,0.367045,negative,medium,
osm-9471064862-317987901-0,jakarta-20210220,train,3.584,primary,1.0,0.0,0.0,0.0,0.955084,-1.411453,negative,medium,
osm-9486285513-6004639297-0,jakarta-20210220,train,32.084,trunk,1.0,0.0,0.0,0.0,-0.946449,-0.728884,negative,medium,
osm-9486332419-5372153147-0,jakarta-20210220,train,16.512,trunk,1.0,0.0,0.0,0.0,0.247271,0.038846,negative,medium,
osm-9491290599-7118113165-0,jakarta-20210220,train,64.048,trunk,1.0,0.0,0.0,0.0,-0.271811,0.479808,negative,medium,
osm-9491424124-12202798102-0,jakarta-20210220,train,42.233,trunk,1.0,0.0,0.0,0.0,-0.863474,0.06044,negative,medium,
osm-9491424126-9491424124-0,jakarta-20210220,train,54.841,trunk,1.0,0.0,0.0,0.0,-0.049889,0.744548,negative,medium,
osm-9491482902-9491482907-0,jakarta-20210220,train,45.892,trunk,1.0,0.0,0.0,0.0,1.328675,0.513841,negative,medium,
osm-9491482907-317417833-0,jakarta-20210220,train,6.37,trunk,1.0,0.0,0.0,0.0,1.829292,0.397267,negative,medium,
osm-9491842326-4804615989-0,jakarta-20210220,train,85.252,primary,1.0,0.0,0.0,0.0,0.505621,0.119013,negative,medium,
osm-9497883594-9497883603-0,jakarta-20210220,train,14.543,trunk,1.0,0.0,0.0,0.0,-1.758446,-0.90806,negative,medium,
osm-9497883600-7137519768-0,jakarta-20210220,train,61.082,trunk,1.0,0.0,0.0,0.0,1.713945,-0.238748,negative,medium,
osm-9497883603-9497883600-0,jakarta-20210220,train,42.034,trunk,1.0,0.0,0.0,0.0,0.782519,0.087032,negative,medium,
osm-9498062303-7137574112-0,jakarta-20210220,train,9.267,secondary,1.0,0.0,0.0,0.0,-1.337562,-2.703369,negative,medium,
osm-9504400678-95010751-0,jakarta-20210220,train,125.497,trunk_link,1.0,0.0,0.0,0.0,1.343991,1.178607,negative,medium,
osm-9504567886-8132773400-0,jakarta-20210220,train,431.604,trunk,1.0,0.0,0.000829,0.358,-3.917602,-0.142456,negative,medium,
osm-9504720700-13913580150-0,jakarta-20210220,train,59.558,service,1.0,0.0,0.0,0.0,1.231133,0.374376,negative,medium,
osm-9504720701-9504720700-0,jakarta-20210220,train,5.951,service,1.0,0.0,0.0,0.0,2.312755,-0.020391,negative,medium,
osm-9506862589-7050035434-0,jakarta-20210220,train,25.077,trunk,1.0,0.0,0.0,0.0,0.51629,-0.158717,negative,medium,
osm-9507227664-12032748424-0,jakarta-20210220,train,41.702,primary,1.0,0.0,0.0,0.0,1.345577,1.272615,negative,medium,
osm-9509715193-4914353854-0,jakarta-20210220,train,48.29,trunk,1.0,0.0,0.0,0.0,0.830754,0.528506,negative,medium,
osm-9515510319-4152867172-0,jakarta-20210220,train,112.605,primary,1.0,0.0,0.0,0.0,-0.201191,0.830235,negative,medium,
osm-9527050428-1342878927-0,jakarta-20210220,train,85.346,trunk,1.0,0.0,0.0,0.0,0.417013,0.288099,negative,medium,
osm-9529290217-7760892449-0,jakarta-20210220,train,35.423,trunk,1.0,0.0,0.0,0.0,0.453438,-1.194749,negative,medium,
osm-9531434128-9504720700-0,jakarta-20210220,train,32.926,service,1.0,0.0,0.0,0.0,1.649499,0.633766,negative,medium,
osm-9531434128-9504720701-0,jakarta-20210220,train,32.503,service,1.0,0.0,0.0,0.0,1.780744,0.394179,negative,medium,
osm-9531485211-12684981016-0,jakarta-20210220,train,47.519,primary,1.0,0.0,0.0,0.0,-0.362281,0.980387,negative,medium,
osm-9531485213-9531485211-0,jakarta-20210220,train,9.251,primary,1.0,0.0,0.0,0.0,-0.348173,1.168048,negative,medium,
osm-9531485215-9531485213-0,jakarta-20210220,train,46.676,primary,1.0,0.0,0.0,0.0,-0.070817,0.064631,negative,medium,
osm-9533845672-6477409182-0,jakarta-20210220,train,31.804,tertiary,1.0,0.0,0.0,0.0,1.472266,0.446519,negative,medium,
osm-9533955728-4815227757-0,jakarta-20210220,train,26.906,residential,1.0,0.0,0.0,0.0,-0.017524,-1.431555,negative,medium,
osm-9533955733-9533955728-0,jakarta-20210220,train,50.458,service,1.0,0.0,0.0,0.0,-0.254632,-0.801205,negative,medium,
osm-9533955736-5662302109-0,jakarta-20210220,train,32.071,residential,1.0,0.0,0.0,0.0,-0.571101,-0.821556,negative,medium,
osm-9533955736-9533955733-0,jakarta-20210220,train,11.818,service,1.0,0.0,0.0,0.0,-0.83527,0.219163,negative,medium,
osm-9534502212-5671605067-0,jakarta-20210220,train,14.157,primary,1.0,0.0,0.0,0.0,-0.128284,0.747924,negative,medium,
osm-9561798638-6456763921-0,jakarta-20210220,train,11.299,primary,1.0,0.0,0.0,0.0,-0.460509,-0.893585,negative,medium,
osm-9561821845-8504122967-0,jakarta-20210220,train,16.216,primary,1.0,0.0,0.0,0.0,-0.754645,-1.146291,negative,medium,
osm-9619896326-104379010-0,jakarta-20210220,train,71.7,primary,1.0,0.0,0.0,0.0,1.039465,0.741776,negative,medium,
osm-9622773424-8509401662-0,jakarta-20210220,train,68.643,primary,1.0,0.0,0.0,0.0,0.74119,0.037824,negative,medium,
osm-9622773431-9622773424-0,jakarta-20210220,train,15.767,primary,1.0,0.0,0.0,0.0,0.680729,-0.430449,negative,medium,
osm-9623003134-329968512-0,jakarta-20210220,train,86.7,primary,1.0,0.0,0.0,0.0,-0.271116,0.299267,negative,medium,
osm-9623310915-1249723074-0,jakarta-20210220,train,18.906,primary,1.0,0.0,0.0,0.0,0.272038,-1.116525,negative,medium,
osm-9625680832-4502070116-0,jakarta-20210220,train,76.664,secondary,1.0,0.0,0.0,0.0,0.162296,0.699243,negative,medium,
osm-9626511706-1135601912-0,jakarta-20210220,train,30.244,primary,1.0,0.0,0.0,0.0,0.657036,-2.624898,negative,medium,
osm-9642343610-1133807065-0,jakarta-20210220,train,28.832,tertiary,1.0,0.0,0.0,0.0,0.655123,1.154037,negative,medium,
osm-9644592829-6277705571-0,jakarta-20210220,train,239.067,trunk,1.0,0.0,0.0,0.0,-0.110049,0.475999,negative,medium,
osm-9645211396-12202088428-0,jakarta-20210220,train,18.19,trunk,1.0,0.0,0.0,0.0,0.350367,-0.823179,negative,medium,
osm-9645211400-9645211396-0,jakarta-20210220,train,35.887,trunk,1.0,0.0,0.0,0.0,-0.57969,-0.363788,negative,medium,
osm-9647927418-5372153134-0,jakarta-20210220,train,13.394,trunk,1.0,0.0,0.0,0.0,-0.207138,0.11603,negative,medium,
osm-9647927422-9647927418-0,jakarta-20210220,train,41.958,trunk,1.0,0.0,0.0,0.0,-0.699374,-0.223841,negative,medium,
osm-9648055038-5056597570-0,jakarta-20210220,train,120.94,trunk,1.0,0.0,0.0,0.0,0.179099,-0.73752,negative,medium,
osm-9648835249-4849427386-0,jakarta-20210220,train,9.864,primary,1.0,0.0,0.0,0.0,1.021358,-0.131967,negative,medium,
osm-9657468817-5372153144-0,jakarta-20210220,train,32.488,trunk,1.0,0.0,0.0,0.0,-0.727866,-0.094837,negative,medium,
osm-9664769720-1757800859-0,jakarta-20210220,train,63.45,motorway_link,1.0,0.0,0.0,0.0,-0.122847,0.957044,negative,medium,
osm-9664769720-1757800861-0,jakarta-20210220,train,147.125,motorway_link,1.0,0.0,0.0,0.0,0.200872,0.37995,negative,medium,
osm-9665578858-8505902513-0,jakarta-20210220,train,230.546,primary,1.0,0.0,0.0,0.0,0.027495,-0.035421,negative,medium,
osm-9673797651-11052325987-0,jakarta-20210220,train,143.881,primary,1.0,0.0,0.0,0.0,0.269307,0.650667,negative,medium,
osm-9673837489-4502213975-0,jakarta-20210220,train,38.753,secondary,1.0,0.0,0.0,0.0,-0.412955,0.086236,negative,medium,
osm-9676145373-3981137758-0,jakarta-20210220,train,34.943,primary,1.0,0.0,0.0,0.0,0.221605,1.304806,negative,medium,
osm-9679167895-6315615740-0,jakarta-20210220,train,23.192,primary,1.0,0.0,0.0,0.0,0.512385,-0.319729,negative,medium,
osm-9679957698-4849427419-0,jakarta-20210220,train,8.97,primary,1.0,0.0,0.0,0.0,-0.404351,0.454302,negative,medium,
osm-9684746119-8313092690-0,jakarta-20210220,train,31.348,primary,1.0,0.0,0.0,0.0,0.341912,0.159801,negative,medium,
osm-9685151096-7226690317-0,jakarta-20210220,train,65.603,primary,1.0,0.0,0.0,0.0,-0.370786,-0.609421,negative,medium,
osm-9685151098-1696170853-0,jakarta-20210220,train,16.38,primary,1.0,0.0,0.0,0.0,0.864527,-1.035412,negative,medium,
osm-9691407991-4999344155-0,jakarta-20210220,train,100.835,primary,1.0,0.0,0.0,0.0,1.135226,0.236988,negative,medium,
osm-9694163554-329975504-0,jakarta-20210220,train,54.714,primary,1.0,0.0,0.0,0.0,-0.596071,-0.324721,negative,medium,
osm-9694163557-9694163554-0,jakarta-20210220,train,15.865,primary,1.0,0.0,0.0,0.0,-0.635102,0.440988,negative,medium,
osm-9694832554-2400147489-0,jakarta-20210220,train,8.521,primary,1.0,0.0,0.0,0.0,1.067087,1.299417,negative,medium,
osm-9694871645-315712497-0,jakarta-20210220,train,11.058,primary,1.0,0.0,0.0,0.0,-0.017939,2.910804,negative,medium,
osm-9695041529-9699963787-0,jakarta-20210220,train,100.514,secondary,1.0,0.0,0.0,0.0,-0.588221,0.205797,negative,medium,
osm-9695095403-13682180792-0,jakarta-20210220,train,98.646,secondary,1.0,0.0,0.0,0.0,-0.594297,-0.166509,negative,medium,
osm-9695103618-4925793717-0,jakarta-20210220,train,43.455,secondary,1.0,0.0,0.0,0.0,0.565505,-0.314615,negative,medium,
osm-9696714817-8609186468-0,jakarta-20210220,train,10.587,primary,1.0,0.0,0.0,0.0,0.285691,0.547956,negative,medium,
osm-9696758894-7756197690-0,jakarta-20210220,train,3.056,primary,1.0,0.0,0.0,0.0,1.024139,-0.046892,negative,medium,
osm-9697006214-7120512601-0,jakarta-20210220,train,82.207,primary,1.0,0.0,0.0,0.0,0.759513,-0.139986,negative,medium,
osm-9699963783-9695041529-0,jakarta-20210220,train,60.609,secondary,1.0,0.0,0.0,0.0,-0.624562,-0.04696,negative,medium,
osm-9699963787-9625680832-0,jakarta-20210220,train,12.398,secondary,1.0,0.0,0.0,0.0,-0.165246,0.611129,negative,medium,
osm-9708579924-12798366960-0,jakarta-20210220,train,5.307,primary,1.0,0.0,0.0,0.0,0.533661,0.321784,negative,medium,
osm-10082667802-6330562646-0,jakarta-20210220,train,54.409,tertiary,1.0,0.0,0.0,0.0,-0.317785,-0.418883,negative,medium,
osm-10090012698-9015877330-0,jakarta-20210220,train,40.036,tertiary,1.0,0.0,0.0,0.0,-0.308802,-0.049278,negative,medium,
osm-10090309233-7570445358-0,jakarta-20210220,train,1.591,primary,1.0,0.0,0.0,0.0,0.907571,1.129815,negative,medium,
osm-10090309238-4507989466-0,jakarta-20210220,train,96.419,primary,1.0,0.0,0.0,0.0,1.239552,0.319886,negative,medium,
osm-10092530702-2589977444-0,jakarta-20210220,train,63.439,primary,1.0,0.0,0.0,0.0,0.27913,0.050969,negative,medium,
osm-10098494032-6366750161-0,jakarta-20210220,train,158.564,trunk,1.0,0.0,0.0,0.0,0.332049,1.073406,negative,medium,
osm-10132911307-2589974180-0,jakarta-20210220,train,32.775,tertiary,1.0,0.0,0.0,0.0,-0.371373,-0.512296,negative,medium,
osm-10599212863-4746451656-0,jakarta-20210220,train,11.797,tertiary,1.0,0.0,0.0,0.0,0.975572,-1.597735,negative,medium,
osm-10654460939-6430186685-0,jakarta-20210220,train,26.025,secondary_link,1.0,0.0,0.0,0.0,0.899304,-1.0756,negative,medium,
osm-10732635788-6322395881-0,jakarta-20210220,train,42.092,secondary,1.0,0.0,0.0,0.0,-0.339205,0.413113,negative,medium,
osm-10758010539-7120410546-0,jakarta-20210220,train,20.467,primary,1.0,0.0,0.0,0.0,0.328399,-0.164459,negative,medium,
osm-10788400699-317349873-0,jakarta-20210220,train,13.315,trunk,1.0,0.0,0.0,0.0,-0.810522,-0.351169,negative,medium,
osm-11039838816-6332686273-0,jakarta-20210220,train,686.312,primary,1.0,0.0,0.0,0.0,0.523956,0.538109,negative,medium,
osm-11052325987-7026798812-0,jakarta-20210220,train,55.865,primary,1.0,0.0,0.0,0.0,2.850438,-0.838282,negative,medium,
osm-11076463250-13108442428-0,jakarta-20210220,train,94.616,primary,1.0,0.0,0.0,0.0,0.368215,0.232617,negative,medium,
osm-11166256394-5549685553-0,jakarta-20210220,train,30.143,secondary,1.0,0.0,0.0,0.0,-0.088409,0.61306,negative,medium,
osm-11199436896-104367576-0,jakarta-20210220,train,125.186,primary,1.0,0.0,0.0,0.0,0.122382,0.257657,negative,medium,
osm-11237483569-7120502855-0,jakarta-20210220,train,33.265,primary,1.0,0.0,0.0,0.0,1.550516,0.88083,negative,medium,
osm-11237483572-11237483569-0,jakarta-20210220,train,27.168,primary,1.0,0.0,0.0,0.0,1.143653,1.250004,negative,medium,
osm-11246996071-5374282375-0,jakarta-20210220,train,2.467,primary,1.0,0.0,0.0,0.0,-0.032015,0.346778,negative,medium,
osm-11299364776-5421851682-0,jakarta-20210220,train,146.656,trunk,1.0,0.0,0.0,0.0,-3.770341,-1.206249,negative,medium,
osm-11299364777-11299364778-0,jakarta-20210220,train,56.232,trunk,1.0,0.0,0.0,0.0,1.575147,0.030415,negative,medium,
osm-11299364778-11299364776-0,jakarta-20210220,train,67.274,trunk,1.0,0.0,0.0,0.0,-3.044034,-2.958705,negative,medium,
osm-11299364779-11299364777-0,jakarta-20210220,train,82.112,trunk,1.0,0.0,0.0,0.0,3.800481,0.681324,negative,medium,
osm-11329756328-7226592293-0,jakarta-20210220,train,13.655,primary,1.0,0.0,0.0,0.0,-0.276792,-0.542397,negative,medium,
osm-11350075105-5372018448-0,jakarta-20210220,train,37.739,secondary,1.0,0.0,0.0,0.0,0.164691,-0.586454,negative,medium,
osm-11384905237-4507955830-0,jakarta-20210220,train,25.857,primary,1.0,0.0,0.0,0.0,-0.82791,-0.081958,negative,medium,
osm-11388847775-6801763173-0,jakarta-20210220,train,27.799,service,1.0,0.0,0.0,0.0,0.393643,0.102116,negative,medium,
osm-11388847776-11388847775-0,jakarta-20210220,train,61.184,service,1.0,0.0,0.0,0.0,0.387883,0.755841,negative,medium,
osm-11395329908-5680696059-0,jakarta-20210220,train,32.74,primary,1.0,0.0,0.0,0.0,0.257446,0.042726,negative,medium,
osm-11399827589-4848734475-0,jakarta-20210220,train,89.734,trunk,1.0,0.0,0.0,0.0,-0.074409,-1.86609,negative,medium,
osm-11413710169-5380113830-0,jakarta-20210220,train,3.151,primary,1.0,0.0,0.0,0.0,0.599912,-0.744363,negative,medium,
osm-11438846310-12599546837-0,jakarta-20210220,train,53.877,trunk,1.0,0.0,0.0,0.0,1.31708,0.366194,negative,medium,
osm-11445322163-5498027298-0,jakarta-20210220,train,26.926,primary,1.0,0.0,0.0,0.0,0.894064,0.443514,negative,medium,
osm-11455806150-1133807034-0,jakarta-20210220,train,1.8,tertiary,1.0,0.0,0.0,0.0,-0.267917,-1.021584,negative,medium,
osm-11467500634-11399827589-0,jakarta-20210220,train,82.311,trunk,1.0,0.0,0.0,0.0,-0.581373,-0.04462,negative,medium,
osm-11477683648-186871952-0,jakarta-20210220,train,37.639,primary,1.0,0.0,0.0,0.0,-0.188086,-0.512251,negative,medium,
osm-11477683650-11477683648-0,jakarta-20210220,train,12.172,primary,1.0,0.0,0.0,0.0,0.253622,0.933691,negative,medium,
osm-11484348759-11484348761-0,jakarta-20210220,train,8.762,trunk_link,1.0,0.0,0.0,0.0,0.045578,-0.233775,negative,medium,
osm-11484348761-4637530511-0,jakarta-20210220,train,12.681,primary,1.0,0.0,0.0,0.0,0.094906,-0.320577,negative,medium,
osm-11492431708-1321228510-0,jakarta-20210220,train,64.709,residential,1.0,0.0,0.0,0.0,0.63825,0.113954,negative,medium,
osm-11501464546-7149726253-0,jakarta-20210220,train,58.142,trunk,1.0,0.0,0.0,0.0,-1.061494,0.113693,negative,medium,
osm-11501464552-5489964736-0,jakarta-20210220,train,4.208,primary,1.0,0.0,0.0,0.0,-0.398656,0.224287,negative,medium,
osm-11501464552-11501464546-0,jakarta-20210220,train,12.708,trunk,1.0,0.0,0.0,0.0,-0.37065,0.392174,negative,medium,
osm-11501464554-5489964736-0,jakarta-20210220,train,66.793,trunk,1.0,0.0,0.0,0.0,-0.469733,0.290557,negative,medium,
osm-11501464554-11501464552-0,jakarta-20210220,train,67.335,trunk,1.0,0.0,0.0,0.0,-0.576685,0.145433,negative,medium,
osm-11503395360-5372153126-0,jakarta-20210220,train,3.744,trunk,1.0,0.0,0.0,0.0,0.586131,0.685243,negative,medium,
osm-11542695776-12194080646-0,jakarta-20210220,train,5.38,primary,1.0,0.0,0.0,0.0,0.988891,0.611886,negative,medium,
osm-11899737707-104379014-0,jakarta-20210220,train,73.806,primary,1.0,0.0,0.0,0.0,0.195747,2.198617,negative,medium,
osm-11919728419-1783134145-0,jakarta-20210220,train,64.513,primary,1.0,0.0,0.0,0.0,0.897733,0.931765,negative,medium,
osm-11925112167-4785715146-0,jakarta-20210220,train,83.212,tertiary,1.0,0.0,0.0,0.0,-1.398641,-0.346227,negative,medium,
osm-11925999197-4746451654-0,jakarta-20210220,train,581.748,primary,1.0,0.0,0.0,0.0,0.359141,0.441588,negative,medium,
osm-11959843134-4849427410-0,jakarta-20210220,train,69.384,primary,1.0,0.0,0.0,0.0,1.284089,-0.186625,negative,medium,
osm-12032748424-317179522-0,jakarta-20210220,train,56.232,primary,1.0,0.0,0.0,0.0,0.602664,0.236936,negative,medium,
osm-12139330016-5380068236-0,jakarta-20210220,train,32.025,primary,1.0,0.0,0.0,0.0,0.880242,-0.973988,negative,medium,
osm-12194080646-104367971-0,jakarta-20210220,train,104.106,primary,1.0,0.0,0.0,0.0,-0.224722,-0.183215,negative,medium,
osm-12202088422-11503395360-0,jakarta-20210220,train,6.861,trunk,1.0,0.0,0.0,0.0,0.702319,0.679689,negative,medium,
osm-12202088425-12202088422-0,jakarta-20210220,train,83.712,trunk,1.0,0.0,0.0,0.0,0.377451,-0.105033,negative,medium,
osm-12202088428-5372153133-0,jakarta-20210220,train,6.994,trunk,1.0,0.0,0.0,0.0,0.174921,-1.274902,negative,medium,
osm-12202798102-4911942117-0,jakarta-20210220,train,19.076,trunk,1.0,0.0,0.0,0.0,-0.652883,-0.493637,negative,medium,
osm-12217513829-11492431708-0,jakarta-20210220,train,65.531,service,1.0,0.0,0.0,0.0,0.312891,0.238275,negative,medium,
osm-12217513829-12217513832-0,jakarta-20210220,train,44.391,service,1.0,0.0,0.0,0.0,0.871945,0.253756,negative,medium,
osm-12217513832-5078382194-0,jakarta-20210220,train,210.406,primary,1.0,0.0,0.0,0.0,-0.010069,0.474019,negative,medium,
osm-12316918940-310005821-0,jakarta-20210220,train,28.06,primary,1.0,0.0,0.0,0.0,0.543093,0.589935,negative,medium,
osm-12404878653-4548266823-0,jakarta-20210220,train,28.644,secondary,1.0,0.0,0.0,0.0,-0.222568,0.648068,negative,medium,
osm-12484094370-315208899-0,jakarta-20210220,train,22.247,primary,1.0,0.0,0.0,0.0,0.113112,-1.588654,negative,medium,
osm-12504052406-7805088053-0,jakarta-20210220,train,184.135,primary,1.0,0.0,0.0,0.0,1.058333,0.443244,negative,medium,
osm-12504052406-11925999197-0,jakarta-20210220,train,464.553,primary,1.0,0.0,0.0,0.0,0.361186,0.397842,negative,medium,
osm-12530400916-5290941766-0,jakarta-20210220,train,193.202,primary,1.0,0.0,0.0,0.0,0.267798,0.745402,negative,medium,
osm-12583516441-6884974160-0,jakarta-20210220,train,31.744,primary,1.0,0.0,0.0,0.0,0.689095,0.771779,negative,medium,
osm-12599546837-3723599620-0,jakarta-20210220,train,10.219,trunk,1.0,0.0,0.0,0.0,1.373069,0.099884,negative,medium,
osm-12676215441-5492419212-0,jakarta-20210220,train,30.831,trunk,1.0,0.0,0.0,0.0,1.743358,-1.637208,negative,medium,
osm-12681087362-5495827291-0,jakarta-20210220,train,33.412,trunk,1.0,0.0,0.0,0.0,1.491145,-1.491175,negative,medium,
osm-12684981016-5671317488-0,jakarta-20210220,train,118.975,primary,1.0,0.0,0.0,0.0,0.908571,0.031013,negative,medium,
osm-12688243259-12688243260-0,jakarta-20210220,train,39.831,primary,1.0,0.0,0.0,0.0,0.449432,-0.649038,negative,medium,
osm-12688243260-5354213657-0,jakarta-20210220,train,92.286,primary,1.0,0.0,0.0,0.0,0.492101,0.297551,negative,medium,
osm-12718674408-12718674417-0,jakarta-20210220,train,23.726,secondary,1.0,0.0,0.0,0.0,-0.118796,-0.375436,negative,medium,
osm-12718674409-9673837489-0,jakarta-20210220,train,27.545,secondary,1.0,0.0,0.0,0.0,-1.066826,0.974618,negative,medium,
osm-12718674417-12718674409-0,jakarta-20210220,train,49.691,secondary,1.0,0.0,0.0,0.0,0.128231,-0.384372,negative,medium,
osm-12718674420-12718674408-0,jakarta-20210220,train,17.301,secondary,1.0,0.0,0.0,0.0,-0.296233,0.921351,negative,medium,
osm-12729353026-6322396593-0,jakarta-20210220,train,16.523,secondary,1.0,0.0,0.0,0.0,-0.852445,-0.623283,negative,medium,
osm-12729353039-2209098563-0,jakarta-20210220,train,25.787,secondary,1.0,0.0,0.0,0.0,0.196766,-1.271231,negative,medium,
osm-12729353047-12729353039-0,jakarta-20210220,train,21.004,secondary,1.0,0.0,0.0,0.0,-0.315874,-0.968919,negative,medium,
osm-12736661061-1273189607-0,jakarta-20210220,train,147.221,primary,1.0,0.0,0.0,0.0,0.178915,0.187723,negative,medium,
osm-12738838445-5408975256-0,jakarta-20210220,train,52.702,secondary,1.0,0.0,0.0,0.0,-0.260033,0.79309,negative,medium,
osm-12744944224-8519460813-0,jakarta-20210220,train,6.202,primary,1.0,0.0,0.0,0.0,-0.667869,0.808329,negative,medium,
osm-12745135294-5374282148-0,jakarta-20210220,train,4.228,primary,1.0,0.0,0.0,0.0,0.648335,0.004475,negative,medium,
osm-12745136706-13659371444-0,jakarta-20210220,train,13.543,primary,1.0,0.0,0.0,0.0,0.292286,0.172747,negative,medium,
osm-12745136709-12745136706-0,jakarta-20210220,train,6.414,primary,1.0,0.0,0.0,0.0,0.199167,0.081499,negative,medium,
osm-12745196451-12745196458-0,jakarta-20210220,train,18.421,primary,1.0,0.0,0.0,0.0,0.56516,0.531863,negative,medium,
osm-12745196458-1675426257-0,jakarta-20210220,train,12.668,primary,1.0,0.0,0.0,0.0,0.783674,0.61365,negative,medium,
osm-12745196460-13606259700-0,jakarta-20210220,train,32.413,primary,1.0,0.0,0.0,0.0,-0.32884,0.583287,negative,medium,
osm-12745196468-12745196460-0,jakarta-20210220,train,22.293,primary,1.0,0.0,0.0,0.0,-0.216781,0.713675,negative,medium,
osm-12754553920-5670944441-0,jakarta-20210220,train,91.653,secondary,1.0,0.0,0.0,0.0,-0.412025,0.044138,negative,medium,
osm-12798366960-12798366961-0,jakarta-20210220,train,64.532,primary,1.0,0.0,0.0,0.0,0.264189,-0.061393,negative,medium,
osm-12798366961-329019268-0,jakarta-20210220,train,58.543,primary,1.0,0.0,0.0,0.0,-0.695768,-0.726311,negative,medium,
osm-12799849299-5379667472-0,jakarta-20210220,train,5.515,trunk,1.0,0.0,0.0,0.0,-1.722071,-0.650985,negative,medium,
osm-12825987637-317349914-0,jakarta-20210220,train,21.437,trunk,1.0,0.0,0.0,0.0,0.49938,-0.284943,negative,medium,
osm-13016877290-4541302315-0,jakarta-20210220,train,37.642,primary,1.0,0.0,0.0,0.0,0.699507,0.3365,negative,medium,
osm-13016877290-4787639954-0,jakarta-20210220,train,12.903,primary_link,1.0,0.0,0.0,0.0,0.457133,-0.369193,negative,medium,
osm-13030921685-13030921684-0,jakarta-20210220,train,7.789,residential,1.0,0.0,0.0,0.0,0.100553,0.551851,negative,medium,
osm-13033996655-5377076552-0,jakarta-20210220,train,24.898,primary,1.0,0.0,0.0,0.0,-0.999541,1.579061,negative,medium,
osm-13102843717-4404259357-0,jakarta-20210220,train,71.225,trunk,1.0,0.0,0.0,0.0,1.11745,0.452344,negative,medium,
osm-13108442428-5374282198-0,jakarta-20210220,train,18.471,primary,1.0,0.0,0.0,0.0,-0.574288,0.151114,negative,medium,
osm-13366216191-13366216193-0,jakarta-20210220,train,21.104,primary,1.0,0.0,0.0,0.0,-1.094896,0.468255,negative,medium,
osm-13366216193-5046365477-0,jakarta-20210220,train,5.307,primary,1.0,0.0,0.0,0.0,-0.821463,0.610329,negative,medium,
osm-13453045134-4953838327-0,jakarta-20210220,train,268.411,primary,1.0,0.0,0.0,0.0,0.400941,-0.1402,negative,medium,
osm-13453416789-12316918940-0,jakarta-20210220,train,43.56,primary,1.0,0.0,0.0,0.0,0.542698,-0.101493,negative,medium,
osm-13453416794-13453416789-0,jakarta-20210220,train,11.469,primary,1.0,0.0,0.0,0.0,0.253496,-0.857296,negative,medium,
osm-13456437803-7241781245-0,jakarta-20210220,train,143.122,tertiary,1.0,0.0,0.0,0.0,0.569069,1.013772,negative,medium,
osm-13456492331-13603665477-0,jakarta-20210220,train,126.278,primary,1.0,0.0,0.0,0.0,0.354455,0.443913,negative,medium,
osm-13456652649-310047835-0,jakarta-20210220,train,40.713,trunk,1.0,0.0,0.0,0.0,-0.769064,-1.100167,negative,medium,
osm-13456652652-13456652659-0,jakarta-20210220,train,22.989,trunk,1.0,0.0,0.0,0.0,0.266007,0.081645,negative,medium,
osm-13456652659-5372153151-0,jakarta-20210220,train,17.506,trunk,1.0,0.0,0.0,0.0,-0.166127,0.185213,negative,medium,
osm-13456804471-8488629808-0,jakarta-20210220,train,61.888,tertiary,1.0,0.0,0.0,0.0,-0.76625,0.22134,negative,medium,
osm-13525649819-13828209563-0,jakarta-20210220,train,133.424,primary,1.0,0.0,0.0,0.0,0.832275,0.284388,negative,medium,
osm-13525649841-13525649819-0,jakarta-20210220,train,361.312,primary,1.0,0.0,0.0,0.0,0.104209,0.17734,negative,medium,
osm-13586347373-6322281575-0,jakarta-20210220,train,10.017,tertiary,1.0,0.0,0.0,0.0,-0.843593,0.981793,negative,medium,
osm-13586870988-9031905436-0,jakarta-20210220,train,1.518,primary,1.0,0.0,0.0,0.0,-0.266142,-1.29322,negative,medium,
osm-13586870998-315469626-0,jakarta-20210220,train,13.792,primary,1.0,0.0,0.0,0.0,-0.019761,-0.368171,negative,medium,
osm-13603665477-310005821-0,jakarta-20210220,train,28.693,primary_link,1.0,0.0,0.0,0.0,0.065034,0.677965,negative,medium,
osm-13606136400-1675426142-0,jakarta-20210220,train,25.83,primary,1.0,0.0,0.0,0.0,-0.964031,-0.132324,negative,medium,
osm-13606177748-5549685557-0,jakarta-20210220,train,26.722,primary,1.0,0.0,0.0,0.0,0.701964,0.405212,negative,medium,
osm-13606201402-13606201409-0,jakarta-20210220,train,22.959,primary,1.0,0.0,0.0,0.0,-1.667113,0.657321,negative,medium,
osm-13606201409-13606136400-0,jakarta-20210220,train,8.46,primary,1.0,0.0,0.0,0.0,-1.29188,-0.012106,negative,medium,
osm-13606201410-13606201418-0,jakarta-20210220,train,30.767,primary,1.0,0.0,0.0,0.0,-1.049333,0.893605,negative,medium,
osm-13606201418-13606201402-0,jakarta-20210220,train,18.85,primary,1.0,0.0,0.0,0.0,-2.177136,1.215806,negative,medium,
osm-13606201425-4963127289-0,jakarta-20210220,train,32.751,primary,1.0,0.0,0.0,0.0,0.452117,0.372811,negative,medium,
osm-13606201428-13606201425-0,jakarta-20210220,train,7.233,primary,1.0,0.0,0.0,0.0,0.594815,-0.336898,negative,medium,
osm-13606201436-13606201428-0,jakarta-20210220,train,24.903,primary,1.0,0.0,0.0,0.0,0.870113,-0.847995,negative,medium,
osm-13606201439-13606201436-0,jakarta-20210220,train,60.679,primary,1.0,0.0,0.0,0.0,0.004181,-0.167444,negative,medium,
osm-13606201442-13606201439-0,jakarta-20210220,train,16.99,primary,1.0,0.0,0.0,0.0,-1.140077,0.734485,negative,medium,
osm-13606259700-12745196451-0,jakarta-20210220,train,4.368,primary,1.0,0.0,0.0,0.0,0.245837,0.510833,negative,medium,
osm-13606278105-12745196468-0,jakarta-20210220,train,36.317,primary,1.0,0.0,0.0,0.0,0.180486,0.89181,negative,medium,
osm-13606475657-4963127052-0,jakarta-20210220,train,28.294,primary,1.0,0.0,0.0,0.0,0.220871,-2.381912,negative,medium,
osm-13606475660-13606475666-0,jakarta-20210220,train,33.19,primary,1.0,0.0,0.0,0.0,0.37867,0.468741,negative,medium,
osm-13606475666-4963127061-0,jakarta-20210220,train,54.76,primary,1.0,0.0,0.013058,0.715,-0.944586,0.046253,negative,medium,
osm-13606475670-13606475660-0,jakarta-20210220,train,8.161,primary,1.0,0.0,0.0,0.0,1.481782,0.370111,negative,medium,
osm-13606475672-13606475670-0,jakarta-20210220,train,13.127,primary,1.0,0.0,0.0,0.0,1.763795,-0.055767,negative,medium,
osm-13618074118-5380240456-0,jakarta-20210220,train,6.43,primary,1.0,0.0,0.0,0.0,-0.510239,-1.253624,negative,medium,
osm-13623804700-318097237-0,jakarta-20210220,train,64.434,primary,1.0,0.0,0.0,0.0,0.202413,-1.054001,negative,medium,
osm-13623841203-13623804700-0,jakarta-20210220,train,41.47,primary,1.0,0.0,0.0,0.0,0.456772,-0.014462,negative,medium,
osm-13623841206-13623841203-0,jakarta-20210220,train,4.452,primary,1.0,0.0,0.0,0.0,0.977156,0.07392,negative,medium,
osm-13623841209-13623841206-0,jakarta-20210220,train,9.429,primary,1.0,0.0,0.0,0.0,1.294772,-0.161509,negative,medium,
osm-13623841212-13623841209-0,jakarta-20210220,train,6.233,primary,1.0,0.0,0.0,0.0,1.624911,-0.384374,negative,medium,
osm-13623841214-13623841212-0,jakarta-20210220,train,94.682,primary,1.0,0.0,0.0,0.0,0.882428,-0.240806,negative,medium,
osm-13623841217-13623841214-0,jakarta-20210220,train,10.6,primary,1.0,0.0,0.0,0.0,0.671781,0.365967,negative,medium,
osm-13623874472-5372018508-0,jakarta-20210220,train,42.182,primary,1.0,0.0,0.0,0.0,0.259747,0.348836,negative,medium,
osm-13623874475-13623874472-0,jakarta-20210220,train,49.583,primary,1.0,0.0,0.0,0.0,0.057549,-1.767243,negative,medium,
osm-13624041397-104364335-0,jakarta-20210220,train,157.705,primary,1.0,0.0,0.0,0.0,0.079003,1.03075,negative,medium,
osm-13624041399-13624041397-0,jakarta-20210220,train,38.166,primary,1.0,0.0,0.0,0.0,-0.008786,1.406209,negative,medium,
osm-13639648351-4235574904-0,jakarta-20210220,train,10.009,primary,1.0,0.0,0.0,0.0,0.531079,0.452571,negative,medium,
osm-13653307691-1174777687-0,jakarta-20210220,train,15.55,secondary,1.0,0.0,0.0,0.0,0.084129,0.368252,negative,medium,
osm-13653320894-11477683650-0,jakarta-20210220,train,27.437,primary,1.0,0.0,0.0,0.0,0.279582,1.680351,negative,medium,
osm-13657075638-7120487197-0,jakarta-20210220,train,8.555,primary,1.0,0.0,0.0,0.0,0.603576,-0.146553,negative,medium,
osm-13659371444-4548266763-0,jakarta-20210220,train,5.222,primary,1.0,0.0,0.0,0.0,0.374496,0.234944,negative,medium,
osm-13663105514-1675426300-0,jakarta-20210220,train,6.349,primary,1.0,0.0,0.0,0.0,1.20789,-0.646973,negative,medium,
osm-13663493364-13663105514-0,jakarta-20210220,train,9.412,primary,1.0,0.0,0.0,0.0,1.276498,-0.271002,negative,medium,
osm-13664998461-2032758147-0,jakarta-20210220,train,45.391,primary,1.0,0.0,0.0,0.0,0.775692,1.055605,negative,medium,
osm-13675743447-318548947-0,jakarta-20210220,train,55.782,tertiary,1.0,0.0,0.0,0.0,-1.10404,0.23035,negative,medium,
osm-13682180792-347509493-0,jakarta-20210220,train,54.683,secondary,1.0,0.0,0.0,0.0,-1.064848,1.115248,negative,medium,
osm-13685379529-9031905443-0,jakarta-20210220,train,40.896,primary,1.0,0.0,0.0,0.0,0.065878,0.309105,negative,medium,
osm-13695587261-9623310915-0,jakarta-20210220,train,26.114,primary,1.0,0.0,0.0,0.0,0.103304,-0.721743,negative,medium,
osm-13695587270-13695587261-0,jakarta-20210220,train,25.443,primary,1.0,0.0,0.0,0.0,-0.043598,0.110505,negative,medium,
osm-13699094545-13685379529-0,jakarta-20210220,train,6.787,primary,1.0,0.0,0.0,0.0,-0.329301,1.42616,negative,medium,
osm-13701804566-317180499-0,jakarta-20210220,train,62.208,primary,1.0,0.0,0.0,0.0,0.116193,0.016312,negative,medium,
osm-13701804574-7103369200-0,jakarta-20210220,train,173.38,primary,1.0,0.0,0.0,0.0,-0.381724,0.547368,negative,medium,
osm-13717294231-315547395-0,jakarta-20210220,train,62.567,secondary,1.0,0.0,0.0,0.0,1.534295,1.285888,negative,medium,
osm-13719672649-9696758894-0,jakarta-20210220,train,35.043,primary,1.0,0.0,0.0,0.0,0.239063,0.287485,negative,medium,
osm-13720913830-7120410540-0,jakarta-20210220,train,8.994,primary,1.0,0.0,0.0,0.0,0.493303,-0.098988,negative,medium,
osm-13720920968-315746130-0,jakarta-20210220,train,119.538,primary,1.0,0.0,0.0,0.0,0.816192,0.451126,negative,medium,
osm-13721019303-5671327267-0,jakarta-20210220,train,7.74,primary,1.0,0.0,0.0,0.0,-1.28962,-0.926834,negative,medium,
osm-13721122640-13525649841-0,jakarta-20210220,train,21.104,primary_link,1.0,0.0,0.0,0.0,1.631895,-0.156308,negative,medium,
osm-13734886233-1135179424-0,jakarta-20210220,train,8.119,tertiary,1.0,0.0,0.0,0.0,0.291705,-0.371552,negative,medium,
osm-13734886245-13734886233-0,jakarta-20210220,train,22.777,tertiary,1.0,0.0,0.0,0.0,-0.207092,-1.222155,negative,medium,
osm-13734985431-5379957290-0,jakarta-20210220,train,17.071,tertiary,1.0,0.0,0.0,0.0,0.377524,-0.00446,negative,medium,
osm-13734985443-4748308350-0,jakarta-20210220,train,4.733,tertiary,1.0,0.0,0.0,0.0,0.345174,-0.401288,negative,medium,
osm-13750328259-7120393905-0,jakarta-20210220,train,51.21,primary,1.0,0.0,0.0,0.0,-0.520932,-0.868322,negative,medium,
osm-13752868692-2019635436-0,jakarta-20210220,train,22.519,primary,1.0,0.0,0.0,0.0,-0.642579,-0.409638,negative,medium,
osm-13771612756-9561798638-0,jakarta-20210220,train,76.744,primary,1.0,0.0,0.0,0.0,-0.034329,-0.673992,negative,medium,
osm-13772607350-104379008-0,jakarta-20210220,train,57.681,primary,1.0,0.0,0.0,0.0,-0.557813,0.503833,negative,medium,
osm-13772607355-12583516441-0,jakarta-20210220,train,3.998,primary,1.0,0.0,0.0,0.0,0.347085,0.097309,negative,medium,
osm-13798957263-5388382567-0,jakarta-20210220,train,3.193,trunk,1.0,0.0,0.0,0.0,2.404226,1.593415,negative,medium,
osm-13827879018-13827879026-0,jakarta-20210220,train,12.373,primary,1.0,0.0,0.0,0.0,0.608674,1.313824,negative,medium,
osm-13827879026-4780724425-0,jakarta-20210220,train,81.635,primary,1.0,0.0,0.0,0.0,0.972732,1.631763,negative,medium,
osm-13828094473-5499209000-0,jakarta-20210220,train,105.494,primary,1.0,0.0,0.0,0.0,0.683586,0.686212,negative,medium,
osm-13828209563-329967924-0,jakarta-20210220,train,5.697,primary,1.0,0.0,0.0,0.0,1.17288,1.431781,negative,medium,
osm-13849518628-5374005699-0,jakarta-20210220,train,90.665,primary,1.0,0.0,0.0,0.0,-0.610284,-0.777763,negative,medium,
osm-13849518632-4849427416-0,jakarta-20210220,train,33.784,primary,1.0,0.0,0.0,0.0,-2.387406,-0.505131,negative,medium,
osm-13913580148-5377313967-0,jakarta-20210220,train,8.69,residential,1.0,0.0,0.0,0.0,-0.086109,0.359106,negative,medium,
osm-13913580150-13913580151-0,jakarta-20210220,train,6.117,service,1.0,0.0,0.0,0.0,0.473543,0.240329,negative,medium,
osm-13913580151-5377313978-0,jakarta-20210220,train,52.326,service,1.0,0.0,0.0,0.0,0.204403,-0.083541,negative,medium,
osm-13914133217-13734985431-0,jakarta-20210220,train,59.424,tertiary,1.0,0.0,0.0,0.0,0.359743,0.557248,negative,medium,
osm-29938988-6552109327-0,jakarta-20220118,validation,39.851,primary,0,0,0,0,,,unknown,excluded,No full-coverage Sentinel-1 acquisition during or within 48 hours after the event; nearest post-event acquisition was about four days later.
osm-29939141-8500012435-0,jakarta-20220118,validation,58.856,secondary,0,0,0,0,,,unknown,excluded,No full-coverage Sentinel-1 acquisition during or within 48 hours after the event; nearest post-event acquisition was about four days later.
osm-29939142-2032872437-0,jakarta-20220118,validation,86.317,secondary,0,0,0,0,,,unknown,excluded,No full-coverage Sentinel-1 acquisition during or within 48 hours after the event; nearest post-event acquisition was about four days later.
osm-29939143-5674017477-0,jakarta-20220118,validation,11.596,secondary,0,0,0,0,,,unknown,excluded,No full-coverage Sentinel-1 acquisition during or within 48 hours after the event; nearest post-event acquisition was about four days later.
osm-29939144-9013899871-0,jakarta-20220118,validation,72.513,secondary,0,0,0,0,,,unknown,excluded,No full-coverage Sentinel-1 acquisition during or within 48 hours after the event; nearest post-event acquisition was about four days later.
osm-29939146-1173954328-0,jakarta-20220118,validation,25.539,secondary,0,0,0,0,,,unknown,excluded,No full-coverage Sentinel-1 acquisition during or within 48 hours after the event; nearest post-event acquisition was about four days later.
osm-29939148-1173954346-0,jakarta-20220118,validation,12.054,secondary,0,0,0,0,,,unknown,excluded,No full-coverage Sentinel-1 acquisition during or within 48 hours after the event; nearest post-event acquisition was about four days later.
osm-29939154-7120383659-0,jakarta-20220118,validation,7.532,primary,0,0,0,0,,,unknown,excluded,No full-coverage Sentinel-1 acquisition during or within 48 hours after the event; nearest post-event acquisition was about four days later.
osm-29939156-318538221-0,jakarta-20220118,validation,217.601,secondary,0,0,0,0,,,unknown,excluded,No full-coverage Sentinel-1 acquisition during or within 48 hours after the event; nearest post-event acquisition was about four days later.
osm-29939156-2363808979-0,jakarta-20220118,validation,11.495,primary,0,0,0,0,,,unknown,excluded,No full-coverage Sentinel-1 acquisition during or within 48 hours after the event; nearest post-event acquisition was about four days later.
osm-29939211-7120318185-0,jakarta-20220118,validation,26.654,primary,0,0,0,0,,,unknown,excluded,No full-coverage Sentinel-1 acquisition during or within 48 hours after the event; nearest post-event acquisition was about four days later.
osm-95006360-5492419263-0,jakarta-20220118,validation,60.513,trunk,0,0,0,0,,,unknown,excluded,No full-coverage Sentinel-1 acquisition during or within 48 hours after the event; nearest post-event acquisition was about four days later.
osm-95006366-5492419187-0,jakarta-20220118,validation,46.314,trunk,0,0,0,0,,,unknown,excluded,No full-coverage Sentinel-1 acquisition during or within 48 hours after the event; nearest post-event acquisition was about four days later.
osm-95010735-1133343805-0,jakarta-20220118,validation,84.617,trunk,0,0,0,0,,,unknown,excluded,No full-coverage Sentinel-1 acquisition during or within 48 hours after the event; nearest post-event acquisition was about four days later.
osm-95010751-13798957263-0,jakarta-20220118,validation,93.771,trunk,0,0,0,0,,,unknown,excluded,No full-coverage Sentinel-1 acquisition during or within 48 hours after the event; nearest post-event acquisition was about four days later.
osm-95022384-95022385-0,jakarta-20220118,validation,66.282,trunk,0,0,0,0,,,unknown,excluded,No full-coverage Sentinel-1 acquisition during or within 48 hours after the event; nearest post-event acquisition was about four days later.
osm-95022385-4152867689-0,jakarta-20220118,validation,78.712,trunk,0,0,0,0,,,unknown,excluded,No full-coverage Sentinel-1 acquisition during or within 48 hours after the event; nearest post-event acquisition was about four days later.
osm-95022385-5652800252-0,jakarta-20220118,validation,59.872,primary,0,0,0,0,,,unknown,excluded,No full-coverage Sentinel-1 acquisition during or within 48 hours after the event; nearest post-event acquisition was about four days later.
osm-103363767-1757800816-0,jakarta-20220118,validation,28.666,trunk,0,0,0,0,,,unknown,excluded,No full-coverage Sentinel-1 acquisition during or within 48 hours after the event; nearest post-event acquisition was about four days later.
osm-104356356-13456652649-0,jakarta-20220118,validation,73.169,trunk,0,0,0,0,,,unknown,excluded,No full-coverage Sentinel-1 acquisition during or within 48 hours after the event; nearest post-event acquisition was about four days later.
osm-104356359-9491482902-0,jakarta-20220118,validation,30.169,trunk,0,0,0,0,,,unknown,excluded,No full-coverage Sentinel-1 acquisition during or within 48 hours after the event; nearest post-event acquisition was about four days later.
osm-104363249-4886801320-0,jakarta-20220118,validation,25.737,primary,0,0,0,0,,,unknown,excluded,No full-coverage Sentinel-1 acquisition during or within 48 hours after the event; nearest post-event acquisition was about four days later.
osm-104364332-6359768001-0,jakarta-20220118,validation,9.315,primary,0,0,0,0,,,unknown,excluded,No full-coverage Sentinel-1 acquisition during or within 48 hours after the event; nearest post-event acquisition was about four days later.
osm-104364332-6359768003-0,jakarta-20220118,validation,62.361,secondary,0,0,0,0,,,unknown,excluded,No full-coverage Sentinel-1 acquisition during or within 48 hours after the event; nearest post-event acquisition was about four days later.
osm-104364334-318097259-0,jakarta-20220118,validation,148.177,primary,0,0,0,0,,,unknown,excluded,No full-coverage Sentinel-1 acquisition during or within 48 hours after the event; nearest post-event acquisition was about four days later.
osm-104364335-13623841217-0,jakarta-20220118,validation,59.856,primary,0,0,0,0,,,unknown,excluded,No full-coverage Sentinel-1 acquisition during or within 48 hours after the event; nearest post-event acquisition was about four days later.
osm-104366006-8796979647-0,jakarta-20220118,validation,143.704,secondary,0,0,0,0,,,unknown,excluded,No full-coverage Sentinel-1 acquisition during or within 48 hours after the event; nearest post-event acquisition was about four days later.
osm-104366013-191505885-0,jakarta-20220118,validation,32.396,secondary,0,0,0,0,,,unknown,excluded,No full-coverage Sentinel-1 acquisition during or within 48 hours after the event; nearest post-event acquisition was about four days later.
osm-104367576-13720920968-0,jakarta-20220118,validation,18.943,primary,0,0,0,0,,,unknown,excluded,No full-coverage Sentinel-1 acquisition during or within 48 hours after the event; nearest post-event acquisition was about four days later.
osm-104367971-5006647254-0,jakarta-20220118,validation,79.47,primary,0,0,0,0,,,unknown,excluded,No full-coverage Sentinel-1 acquisition during or within 48 hours after the event; nearest post-event acquisition was about four days later.
osm-104369586-8992056526-0,jakarta-20220118,validation,15.028,primary,0,0,0,0,,,unknown,excluded,No full-coverage Sentinel-1 acquisition during or within 48 hours after the event; nearest post-event acquisition was about four days later.
osm-104379008-9619896326-0,jakarta-20220118,validation,54.8,primary,0,0,0,0,,,unknown,excluded,No full-coverage Sentinel-1 acquisition during or within 48 hours after the event; nearest post-event acquisition was about four days later.
osm-104379010-13016877290-0,jakarta-20220118,validation,41.885,primary,0,0,0,0,,,unknown,excluded,No full-coverage Sentinel-1 acquisition during or within 48 hours after the event; nearest post-event acquisition was about four days later.
osm-104379014-4780597176-0,jakarta-20220118,validation,32.664,primary,0,0,0,0,,,unknown,excluded,No full-coverage Sentinel-1 acquisition during or within 48 hours after the event; nearest post-event acquisition was about four days later.
osm-104379022-2872136862-0,jakarta-20220118,validation,49.296,primary,0,0,0,0,,,unknown,excluded,No full-coverage Sentinel-1 acquisition during or within 48 hours after the event; nearest post-event acquisition was about four days later.
osm-104379024-5379957272-0,jakarta-20220118,validation,62.452,primary,0,0,0,0,,,unknown,excluded,No full-coverage Sentinel-1 acquisition during or within 48 hours after the event; nearest post-event acquisition was about four days later.
osm-124093320-315207989-0,jakarta-20220118,validation,21.639,primary,0,0,0,0,,,unknown,excluded,No full-coverage Sentinel-1 acquisition during or within 48 hours after the event; nearest post-event acquisition was about four days later.
osm-186669834-13699094545-0,jakarta-20220118,validation,14.091,primary,0,0,0,0,,,unknown,excluded,No full-coverage Sentinel-1 acquisition during or within 48 hours after the event; nearest post-event acquisition was about four days later.
osm-186849138-1663918523-0,jakarta-20220118,validation,22.832,secondary,0,0,0,0,,,unknown,excluded,No full-coverage Sentinel-1 acquisition during or within 48 hours after the event; nearest post-event acquisition was about four days later.
osm-186871952-5671317482-0,jakarta-20220118,validation,55.089,primary,0,0,0,0,,,unknown,excluded,No full-coverage Sentinel-1 acquisition during or within 48 hours after the event; nearest post-event acquisition was about four days later.
osm-186871954-7249176145-0,jakarta-20220118,validation,6.117,primary,0,0,0,0,,,unknown,excluded,No full-coverage Sentinel-1 acquisition during or within 48 hours after the event; nearest post-event acquisition was about four days later.
osm-186894208-104364334-0,jakarta-20220118,validation,32.235,primary,0,0,0,0,,,unknown,excluded,No full-coverage Sentinel-1 acquisition during or within 48 hours after the event; nearest post-event acquisition was about four days later.
osm-191505875-7595258503-0,jakarta-20220118,validation,430.778,secondary,0,0,0,0,,,unknown,excluded,No full-coverage Sentinel-1 acquisition during or within 48 hours after the event; nearest post-event acquisition was about four days later.
osm-191505885-13717294231-0,jakarta-20220118,validation,28.644,secondary,0,0,0,0,,,unknown,excluded,No full-coverage Sentinel-1 acquisition during or within 48 hours after the event; nearest post-event acquisition was about four days later.
osm-191505992-5372018440-0,jakarta-20220118,validation,7.15,secondary,0,0,0,0,,,unknown,excluded,No full-coverage Sentinel-1 acquisition during or within 48 hours after the event; nearest post-event acquisition was about four days later.
osm-191506029-5009351128-0,jakarta-20220118,validation,19.736,secondary,0,0,0,0,,,unknown,excluded,No full-coverage Sentinel-1 acquisition during or within 48 hours after the event; nearest post-event acquisition was about four days later.
osm-191578995-8992744188-0,jakarta-20220118,validation,58.713,primary,0,0,0,0,,,unknown,excluded,No full-coverage Sentinel-1 acquisition during or within 48 hours after the event; nearest post-event acquisition was about four days later.
osm-302230529-8789425687-0,jakarta-20220118,validation,48.071,primary,0,0,0,0,,,unknown,excluded,No full-coverage Sentinel-1 acquisition during or within 48 hours after the event; nearest post-event acquisition was about four days later.
osm-302230530-7509918738-0,jakarta-20220118,validation,7.901,primary,0,0,0,0,,,unknown,excluded,No full-coverage Sentinel-1 acquisition during or within 48 hours after the event; nearest post-event acquisition was about four days later.
osm-308981968-11925112167-0,jakarta-20220118,validation,29.272,tertiary,0,0,0,0,,,unknown,excluded,No full-coverage Sentinel-1 acquisition during or within 48 hours after the event; nearest post-event acquisition was about four days later.
osm-308981969-8488635421-0,jakarta-20220118,validation,59.189,tertiary,0,0,0,0,,,unknown,excluded,No full-coverage Sentinel-1 acquisition during or within 48 hours after the event; nearest post-event acquisition was about four days later.
osm-308981972-13456437803-0,jakarta-20220118,validation,34.965,tertiary,0,0,0,0,,,unknown,excluded,No full-coverage Sentinel-1 acquisition during or within 48 hours after the event; nearest post-event acquisition was about four days later.
osm-309086906-3723634710-0,jakarta-20220118,validation,571.521,motorway,0,0,0,0,,,unknown,excluded,No full-coverage Sentinel-1 acquisition during or within 48 hours after the event; nearest post-event acquisition was about four days later.
osm-309687605-5388328959-0,jakarta-20220118,validation,74.962,tertiary,0,0,0,0,,,unknown,excluded,No full-coverage Sentinel-1 acquisition during or within 48 hours after the event; nearest post-event acquisition was about four days later.
osm-309712345-13102843717-0,jakarta-20220118,validation,10.975,trunk,0,0,0,0,,,unknown,excluded,No full-coverage Sentinel-1 acquisition during or within 48 hours after the event; nearest post-event acquisition was about four days later.
osm-309714207-388240367-0,jakarta-20220118,validation,21.303,trunk,0,0,0,0,,,unknown,excluded,No full-coverage Sentinel-1 acquisition during or within 48 hours after the event; nearest post-event acquisition was about four days later.
osm-309716308-9465024317-0,jakarta-20220118,validation,1362.48,motorway,0,0,0,0,,,unknown,excluded,No full-coverage Sentinel-1 acquisition during or within 48 hours after the event; nearest post-event acquisition was about four days later.
osm-309824120-309716308-0,jakarta-20220118,validation,1179.967,motorway,0,0,0,0,,,unknown,excluded,No full-coverage Sentinel-1 acquisition during or within 48 hours after the event; nearest post-event acquisition was about four days later.
osm-309824174-5671045991-0,jakarta-20220118,validation,1609.585,motorway,0,0,0,0,,,unknown,excluded,No full-coverage Sentinel-1 acquisition during or within 48 hours after the event; nearest post-event acquisition was about four days later.
osm-309825163-3723599608-0,jakarta-20220118,validation,102.221,motorway,0,0,0,0,,,unknown,excluded,No full-coverage Sentinel-1 acquisition during or within 48 hours after the event; nearest post-event acquisition was about four days later.
osm-309880841-6797982811-0,jakarta-20220118,validation,225.811,motorway_link,0,0,0,0,,,unknown,excluded,No full-coverage Sentinel-1 acquisition during or within 48 hours after the event; nearest post-event acquisition was about four days later.
osm-309941624-8478023954-0,jakarta-20220118,validation,121.379,primary,0,0,0,0,,,unknown,excluded,No full-coverage Sentinel-1 acquisition during or within 48 hours after the event; nearest post-event acquisition was about four days later.
osm-309941703-11919728419-0,jakarta-20220118,validation,40.319,primary,0,0,0,0,,,unknown,excluded,No full-coverage Sentinel-1 acquisition during or within 48 hours after the event; nearest post-event acquisition was about four days later.
osm-309950695-4867479520-0,jakarta-20220118,validation,28.181,primary,0,0,0,0,,,unknown,excluded,No full-coverage Sentinel-1 acquisition during or within 48 hours after the event; nearest post-event acquisition was about four days later.
osm-310003265-5379992807-0,jakarta-20220118,validation,56.277,tertiary,0,0,0,0,,,unknown,excluded,No full-coverage Sentinel-1 acquisition during or within 48 hours after the event; nearest post-event acquisition was about four days later.
osm-310003828-352961150-0,jakarta-20220118,validation,65.364,tertiary,0,0,0,0,,,unknown,excluded,No full-coverage Sentinel-1 acquisition during or within 48 hours after the event; nearest post-event acquisition was about four days later.
osm-310005821-8811305451-0,jakarta-20220118,validation,81.047,primary,0,0,0,0,,,unknown,excluded,No full-coverage Sentinel-1 acquisition during or within 48 hours after the event; nearest post-event acquisition was about four days later.
osm-310008087-317756351-0,jakarta-20220118,validation,18.192,primary,0,0,0,0,,,unknown,excluded,No full-coverage Sentinel-1 acquisition during or within 48 hours after the event; nearest post-event acquisition was about four days later.
osm-310042746-5377177693-0,jakarta-20220118,validation,57.658,primary,0,0,0,0,,,unknown,excluded,No full-coverage Sentinel-1 acquisition during or within 48 hours after the event; nearest post-event acquisition was about four days later.
osm-310047835-9645211400-0,jakarta-20220118,validation,14.041,trunk,0,0,0,0,,,unknown,excluded,No full-coverage Sentinel-1 acquisition during or within 48 hours after the event; nearest post-event acquisition was about four days later.
osm-310048098-309825163-0,jakarta-20220118,validation,1454.282,motorway,0,0,0,0,,,unknown,excluded,No full-coverage Sentinel-1 acquisition during or within 48 hours after the event; nearest post-event acquisition was about four days later.
osm-310048835-5023930574-0,jakarta-20220118,validation,26.648,trunk,0,0,0,0,,,unknown,excluded,No full-coverage Sentinel-1 acquisition during or within 48 hours after the event; nearest post-event acquisition was about four days later.
osm-310048835-6451500598-0,jakarta-20220118,validation,16.273,primary,0,0,0,0,,,unknown,excluded,No full-coverage Sentinel-1 acquisition during or within 48 hours after the event; nearest post-event acquisition was about four days later.
osm-310052525-1757800787-0,jakarta-20220118,validation,850.286,motorway_link,0,0,0,0,,,unknown,excluded,No full-coverage Sentinel-1 acquisition during or within 48 hours after the event; nearest post-event acquisition was about four days later.
osm-310080557-9648055038-0,jakarta-20220118,validation,22.313,trunk,0,0,0,0,,,unknown,excluded,No full-coverage Sentinel-1 acquisition during or within 48 hours after the event; nearest post-event acquisition was about four days later.
osm-310327453-6978547983-0,jakarta-20220118,validation,146.114,trunk,0,0,0,0,,,unknown,excluded,No full-coverage Sentinel-1 acquisition during or within 48 hours after the event; nearest post-event acquisition was about four days later.
osm-310327514-7576918586-0,jakarta-20220118,validation,2484.015,motorway,0,0,0,0,,,unknown,excluded,No full-coverage Sentinel-1 acquisition during or within 48 hours after the event; nearest post-event acquisition was about four days later.
osm-310327514-9498062303-0,jakarta-20220118,validation,485.166,motorway_link,0,0,0,0,,,unknown,excluded,No full-coverage Sentinel-1 acquisition during or within 48 hours after the event; nearest post-event acquisition was about four days later.
osm-315198778-13033996655-0,jakarta-20220118,validation,10.33,primary,0,0,0,0,,,unknown,excluded,No full-coverage Sentinel-1 acquisition during or within 48 hours after the event; nearest post-event acquisition was about four days later.
osm-315207989-5668256808-0,jakarta-20220118,validation,24.165,primary,0,0,0,0,,,unknown,excluded,No full-coverage Sentinel-1 acquisition during or within 48 hours after the event; nearest post-event acquisition was about four days later.
osm-315207989-13525649841-0,jakarta-20220118,validation,24.532,primary,0,0,0,0,,,unknown,excluded,No full-coverage Sentinel-1 acquisition during or within 48 hours after the event; nearest post-event acquisition was about four days later.
osm-315208899-324851729-0,jakarta-20220118,validation,370.895,trunk,0,0,0,0,,,unknown,excluded,No full-coverage Sentinel-1 acquisition during or within 48 hours after the event; nearest post-event acquisition was about four days later.
osm-315305416-13456804471-0,jakarta-20220118,validation,2.211,tertiary,0,0,0,0,,,unknown,excluded,No full-coverage Sentinel-1 acquisition during or within 48 hours after the event; nearest post-event acquisition was about four days later.
osm-315469600-9031322607-0,jakarta-20220118,validation,15.741,primary,0,0,0,0,,,unknown,excluded,No full-coverage Sentinel-1 acquisition during or within 48 hours after the event; nearest post-event acquisition was about four days later.
osm-315469626-9032054232-0,jakarta-20220118,validation,18.29,primary,0,0,0,0,,,unknown,excluded,No full-coverage Sentinel-1 acquisition during or within 48 hours after the event; nearest post-event acquisition was about four days later.
osm-315480467-9679167895-0,jakarta-20220118,validation,17.675,primary,0,0,0,0,,,unknown,excluded,No full-coverage Sentinel-1 acquisition during or within 48 hours after the event; nearest post-event acquisition was about four days later.
osm-315487156-5230379695-0,jakarta-20220118,validation,76.703,primary,0,0,0,0,,,unknown,excluded,No full-coverage Sentinel-1 acquisition during or within 48 hours after the event; nearest post-event acquisition was about four days later.
osm-315546959-7098183581-0,jakarta-20220118,validation,41.321,secondary,0,0,0,0,,,unknown,excluded,No full-coverage Sentinel-1 acquisition during or within 48 hours after the event; nearest post-event acquisition was about four days later.
osm-315547395-315546959-0,jakarta-20220118,validation,37.491,secondary,0,0,0,0,,,unknown,excluded,No full-coverage Sentinel-1 acquisition during or within 48 hours after the event; nearest post-event acquisition was about four days later.
osm-315684305-4269900330-0,jakarta-20220118,validation,30.862,secondary,0,0,0,0,,,unknown,excluded,No full-coverage Sentinel-1 acquisition during or within 48 hours after the event; nearest post-event acquisition was about four days later.
osm-315710860-29939156-0,jakarta-20220118,validation,18.143,secondary,0,0,0,0,,,unknown,excluded,No full-coverage Sentinel-1 acquisition during or within 48 hours after the event; nearest post-event acquisition was about four days later.
osm-315712058-315712135-0,jakarta-20220118,validation,46.736,primary,0,0,0,0,,,unknown,excluded,No full-coverage Sentinel-1 acquisition during or within 48 hours after the event; nearest post-event acquisition was about four days later.
osm-315712135-13606177748-0,jakarta-20220118,validation,81.37,primary,0,0,0,0,,,unknown,excluded,No full-coverage Sentinel-1 acquisition during or within 48 hours after the event; nearest post-event acquisition was about four days later.
osm-315712497-5354213822-0,jakarta-20220118,validation,28.837,primary,0,0,0,0,,,unknown,excluded,No full-coverage Sentinel-1 acquisition during or within 48 hours after the event; nearest post-event acquisition was about four days later.
osm-315746130-13721019303-0,jakarta-20220118,validation,18.228,primary,0,0,0,0,,,unknown,excluded,No full-coverage Sentinel-1 acquisition during or within 48 hours after the event; nearest post-event acquisition was about four days later.
osm-315746992-11199436896-0,jakarta-20220118,validation,83.589,primary,0,0,0,0,,,unknown,excluded,No full-coverage Sentinel-1 acquisition during or within 48 hours after the event; nearest post-event acquisition was about four days later.
osm-316167893-9013032089-0,jakarta-20220118,validation,48.198,residential,0,0,0,0,,,unknown,excluded,No full-coverage Sentinel-1 acquisition during or within 48 hours after the event; nearest post-event acquisition was about four days later.
osm-316170709-329971830-0,jakarta-20220118,validation,24.315,primary,0,0,0,0,,,unknown,excluded,No full-coverage Sentinel-1 acquisition during or within 48 hours after the event; nearest post-event acquisition was about four days later.
osm-316176020-310052525-0,jakarta-20220118,validation,224.149,motorway_link,0,0,0,0,,,unknown,excluded,No full-coverage Sentinel-1 acquisition during or within 48 hours after the event; nearest post-event acquisition was about four days later.
osm-316176020-1757800817-0,jakarta-20220118,validation,311.158,motorway,0,0,0,0,,,unknown,excluded,No full-coverage Sentinel-1 acquisition during or within 48 hours after the event; nearest post-event acquisition was about four days later.
osm-316266442-3723635058-0,jakarta-20220118,validation,483.557,motorway_link,0,0,0,0,,,unknown,excluded,No full-coverage Sentinel-1 acquisition during or within 48 hours after the event; nearest post-event acquisition was about four days later.
osm-316374560-4990059009-0,jakarta-20220118,validation,166.499,primary,0,0,0,0,,,unknown,excluded,No full-coverage Sentinel-1 acquisition during or within 48 hours after the event; nearest post-event acquisition was about four days later.
osm-316374561-4548266741-0,jakarta-20220118,validation,29.69,primary,0,0,0,0,,,unknown,excluded,No full-coverage Sentinel-1 acquisition during or within 48 hours after the event; nearest post-event acquisition was about four days later.
osm-316374585-4548266748-0,jakarta-20220118,validation,116.963,primary,0,0,0,0,,,unknown,excluded,No full-coverage Sentinel-1 acquisition during or within 48 hours after the event; nearest post-event acquisition was about four days later.
osm-316374594-430546287-0,jakarta-20220118,validation,491.6,primary,0,0,0,0,,,unknown,excluded,No full-coverage Sentinel-1 acquisition during or within 48 hours after the event; nearest post-event acquisition was about four days later.
osm-316374602-4836037554-0,jakarta-20220118,validation,244.677,primary,0,0,0,0,,,unknown,excluded,No full-coverage Sentinel-1 acquisition during or within 48 hours after the event; nearest post-event acquisition was about four days later.
osm-316374654-316374658-0,jakarta-20220118,validation,57.501,primary,0,0,0,0,,,unknown,excluded,No full-coverage Sentinel-1 acquisition during or within 48 hours after the event; nearest post-event acquisition was about four days later.
osm-316374658-7120440781-0,jakarta-20220118,validation,21.599,primary,0,0,0,0,,,unknown,excluded,No full-coverage Sentinel-1 acquisition during or within 48 hours after the event; nearest post-event acquisition was about four days later.
osm-316395244-4466384616-0,jakarta-20220118,validation,24.288,trunk,0,0,0,0,,,unknown,excluded,No full-coverage Sentinel-1 acquisition during or within 48 hours after the event; nearest post-event acquisition was about four days later.
osm-316395244-4466384617-0,jakarta-20220118,validation,42.353,trunk,0,0,0,0,,,unknown,excluded,No full-coverage Sentinel-1 acquisition during or within 48 hours after the event; nearest post-event acquisition was about four days later.
osm-316395267-316395268-0,jakarta-20220118,validation,24.955,trunk,0,0,0,0,,,unknown,excluded,No full-coverage Sentinel-1 acquisition during or within 48 hours after the event; nearest post-event acquisition was about four days later.
osm-316395268-5388212558-0,jakarta-20220118,validation,41.341,trunk,0,0,0,0,,,unknown,excluded,No full-coverage Sentinel-1 acquisition during or within 48 hours after the event; nearest post-event acquisition was about four days later.
osm-316412093-11329756328-0,jakarta-20220118,validation,51.944,primary,0,0,0,0,,,unknown,excluded,No full-coverage Sentinel-1 acquisition during or within 48 hours after the event; nearest post-event acquisition was about four days later.
osm-316412129-316412130-0,jakarta-20220118,validation,145.025,primary,0,0,0,0,,,unknown,excluded,No full-coverage Sentinel-1 acquisition during or within 48 hours after the event; nearest post-event acquisition was about four days later.
osm-316412130-6531806778-0,jakarta-20220118,validation,101.513,primary,0,0,0,0,,,unknown,excluded,No full-coverage Sentinel-1 acquisition during or within 48 hours after the event; nearest post-event acquisition was about four days later.
osm-316412131-316412145-0,jakarta-20220118,validation,13.489,primary,0,0,0,0,,,unknown,excluded,No full-coverage Sentinel-1 acquisition during or within 48 hours after the event; nearest post-event acquisition was about four days later.
osm-316412145-4504091329-0,jakarta-20220118,validation,124.609,primary,0,0,0,0,,,unknown,excluded,No full-coverage Sentinel-1 acquisition during or within 48 hours after the event; nearest post-event acquisition was about four days later.
osm-316412146-1320273025-0,jakarta-20220118,validation,13.135,primary,0,0,0,0,,,unknown,excluded,No full-coverage Sentinel-1 acquisition during or within 48 hours after the event; nearest post-event acquisition was about four days later.
osm-316486226-1782804903-0,jakarta-20220118,validation,1345.635,motorway,0,0,0,0,,,unknown,excluded,No full-coverage Sentinel-1 acquisition during or within 48 hours after the event; nearest post-event acquisition was about four days later.
osm-316486288-7120831201-0,jakarta-20220118,validation,8.413,trunk,0,0,0,0,,,unknown,excluded,No full-coverage Sentinel-1 acquisition during or within 48 hours after the event; nearest post-event acquisition was about four days later.
osm-316486305-1139156749-0,jakarta-20220118,validation,41.19,trunk_link,0,0,0,0,,,unknown,excluded,No full-coverage Sentinel-1 acquisition during or within 48 hours after the event; nearest post-event acquisition was about four days later.
osm-316742986-329948880-0,jakarta-20220118,validation,596.589,trunk,0,0,0,0,,,unknown,excluded,No full-coverage Sentinel-1 acquisition during or within 48 hours after the event; nearest post-event acquisition was about four days later.
osm-317156534-9507227664-0,jakarta-20220118,validation,27.825,primary,0,0,0,0,,,unknown,excluded,No full-coverage Sentinel-1 acquisition during or within 48 hours after the event; nearest post-event acquisition was about four days later.
osm-317156584-11384905237-0,jakarta-20220118,validation,303.728,primary,0,0,0,0,,,unknown,excluded,No full-coverage Sentinel-1 acquisition during or within 48 hours after the event; nearest post-event acquisition was about four days later.
osm-317156628-5653336499-0,jakarta-20220118,validation,33.045,primary,0,0,0,0,,,unknown,excluded,No full-coverage Sentinel-1 acquisition during or within 48 hours after the event; nearest post-event acquisition was about four days later.
osm-317156630-9027876825-0,jakarta-20220118,validation,4.398,primary,0,0,0,0,,,unknown,excluded,No full-coverage Sentinel-1 acquisition during or within 48 hours after the event; nearest post-event acquisition was about four days later.
osm-317156632-317156630-0,jakarta-20220118,validation,72.996,primary,0,0,0,0,,,unknown,excluded,No full-coverage Sentinel-1 acquisition during or within 48 hours after the event; nearest post-event acquisition was about four days later.
osm-317156649-317182651-0,jakarta-20220118,validation,617.237,primary,0,0,0,0,,,unknown,excluded,No full-coverage Sentinel-1 acquisition during or within 48 hours after the event; nearest post-event acquisition was about four days later.
osm-317157768-4871938615-0,jakarta-20220118,validation,155.083,primary,0,0,0,0,,,unknown,excluded,No full-coverage Sentinel-1 acquisition during or within 48 hours after the event; nearest post-event acquisition was about four days later.
osm-317179522-5189841649-0,jakarta-20220118,validation,22.616,tertiary,0,0,0,0,,,unknown,excluded,No full-coverage Sentinel-1 acquisition during or within 48 hours after the event; nearest post-event acquisition was about four days later.
osm-317180499-10092530702-0,jakarta-20220118,validation,15.193,primary,0,0,0,0,,,unknown,excluded,No full-coverage Sentinel-1 acquisition during or within 48 hours after the event; nearest post-event acquisition was about four days later.
osm-317182284-317156632-0,jakarta-20220118,validation,631.093,primary,0,0,0,0,,,unknown,excluded,No full-coverage Sentinel-1 acquisition during or within 48 hours after the event; nearest post-event acquisition was about four days later.
osm-317182368-13618074118-0,jakarta-20220118,validation,121.807,primary,0,0,0,0,,,unknown,excluded,No full-coverage Sentinel-1 acquisition during or within 48 hours after the event; nearest post-event acquisition was about four days later.
osm-317182380-5380240433-0,jakarta-20220118,validation,257.117,primary,0,0,0,0,,,unknown,excluded,No full-coverage Sentinel-1 acquisition during or within 48 hours after the event; nearest post-event acquisition was about four days later.
osm-317182651-317182380-0,jakarta-20220118,validation,87.992,primary,0,0,0,0,,,unknown,excluded,No full-coverage Sentinel-1 acquisition during or within 48 hours after the event; nearest post-event acquisition was about four days later.
osm-317190987-352913852-0,jakarta-20220118,validation,89.246,primary,0,0,0,0,,,unknown,excluded,No full-coverage Sentinel-1 acquisition during or within 48 hours after the event; nearest post-event acquisition was about four days later.
osm-317190987-6370527439-0,jakarta-20220118,validation,821.503,primary,0,0,0,0,,,unknown,excluded,No full-coverage Sentinel-1 acquisition during or within 48 hours after the event; nearest post-event acquisition was about four days later.
osm-317191266-317191321-0,jakarta-20220118,validation,41.251,primary_link,0,0,0,0,,,unknown,excluded,No full-coverage Sentinel-1 acquisition during or within 48 hours after the event; nearest post-event acquisition was about four days later.
osm-317191321-13771612756-0,jakarta-20220118,validation,62.436,primary,0,0,0,0,,,unknown,excluded,No full-coverage Sentinel-1 acquisition during or within 48 hours after the event; nearest post-event acquisition was about four days later.
osm-317193936-9515510319-0,jakarta-20220118,validation,177.912,primary,0,0,0,0,,,unknown,excluded,No full-coverage Sentinel-1 acquisition during or within 48 hours after the event; nearest post-event acquisition was about four days later.
osm-317196043-7029563618-0,jakarta-20220118,validation,202.602,primary,0,0,0,0,,,unknown,excluded,No full-coverage Sentinel-1 acquisition during or within 48 hours after the event; nearest post-event acquisition was about four days later.
osm-317349873-5379667478-0,jakarta-20220118,validation,34.714,trunk,0,0,0,0,,,unknown,excluded,No full-coverage Sentinel-1 acquisition during or within 48 hours after the event; nearest post-event acquisition was about four days later.
osm-317349914-5379667437-0,jakarta-20220118,validation,101.748,trunk,0,0,0,0,,,unknown,excluded,No full-coverage Sentinel-1 acquisition during or within 48 hours after the event; nearest post-event acquisition was about four days later.
osm-317417610-4948526884-0,jakarta-20220118,validation,251.54,primary,0,0,0,0,,,unknown,excluded,No full-coverage Sentinel-1 acquisition during or within 48 hours after the event; nearest post-event acquisition was about four days later.
osm-317417833-9491424126-0,jakarta-20220118,validation,63.573,trunk,0,0,0,0,,,unknown,excluded,No full-coverage Sentinel-1 acquisition during or within 48 hours after the event; nearest post-event acquisition was about four days later.
osm-317756351-13653320894-0,jakarta-20220118,validation,89.597,primary,0,0,0,0,,,unknown,excluded,No full-coverage Sentinel-1 acquisition during or within 48 hours after the event; nearest post-event acquisition was about four days later.
osm-317958545-7120310389-0,jakarta-20220118,validation,35.796,primary,0,0,0,0,,,unknown,excluded,No full-coverage Sentinel-1 acquisition during or within 48 hours after the event; nearest post-event acquisition was about four days later.
osm-317987901-317958545-0,jakarta-20220118,validation,393.501,primary,0,0,0,0,,,unknown,excluded,No full-coverage Sentinel-1 acquisition during or within 48 hours after the event; nearest post-event acquisition was about four days later.
osm-318097237-13623874475-0,jakarta-20220118,validation,9.024,primary,0,0,0,0,,,unknown,excluded,No full-coverage Sentinel-1 acquisition during or within 48 hours after the event; nearest post-event acquisition was about four days later.
osm-318097259-13624041399-0,jakarta-20220118,validation,65.219,primary,0,0,0,0,,,unknown,excluded,No full-coverage Sentinel-1 acquisition during or within 48 hours after the event; nearest post-event acquisition was about four days later.
osm-318168808-316167893-0,jakarta-20220118,validation,19.826,secondary,0,0,0,0,,,unknown,excluded,No full-coverage Sentinel-1 acquisition during or within 48 hours after the event; nearest post-event acquisition was about four days later.
osm-318538221-29939148-0,jakarta-20220118,validation,10.99,secondary,0,0,0,0,,,unknown,excluded,No full-coverage Sentinel-1 acquisition during or within 48 hours after the event; nearest post-event acquisition was about four days later.
osm-318538221-5374199556-0,jakarta-20220118,validation,9.456,secondary,0,0,0,0,,,unknown,excluded,No full-coverage Sentinel-1 acquisition during or within 48 hours after the event; nearest post-event acquisition was about four days later.
osm-318548947-8499454046-0,jakarta-20220118,validation,118.46,secondary,0,0,0,0,,,unknown,excluded,No full-coverage Sentinel-1 acquisition during or within 48 hours after the event; nearest post-event acquisition was about four days later.
osm-320021668-4800795887-0,jakarta-20220118,validation,52.481,primary,0,0,0,0,,,unknown,excluded,No full-coverage Sentinel-1 acquisition during or within 48 hours after the event; nearest post-event acquisition was about four days later.
osm-321722198-317156649-0,jakarta-20220118,validation,77.731,primary,0,0,0,0,,,unknown,excluded,No full-coverage Sentinel-1 acquisition during or within 48 hours after the event; nearest post-event acquisition was about four days later.
osm-324275961-316395267-0,jakarta-20220118,validation,150.453,trunk,0,0,0,0,,,unknown,excluded,No full-coverage Sentinel-1 acquisition during or within 48 hours after the event; nearest post-event acquisition was about four days later.
osm-324276002-5665581665-0,jakarta-20220118,validation,517.952,trunk,0,0,0,0,,,unknown,excluded,No full-coverage Sentinel-1 acquisition during or within 48 hours after the event; nearest post-event acquisition was about four days later.
osm-324851729-5673864834-0,jakarta-20220118,validation,36.502,trunk,0,0,0,0,,,unknown,excluded,No full-coverage Sentinel-1 acquisition during or within 48 hours after the event; nearest post-event acquisition was about four days later.
osm-326484049-5490135579-0,jakarta-20220118,validation,127.681,primary,0,0,0,0,,,unknown,excluded,No full-coverage Sentinel-1 acquisition during or within 48 hours after the event; nearest post-event acquisition was about four days later.
osm-326484130-8749112680-0,jakarta-20220118,validation,10.024,primary,0,0,0,0,,,unknown,excluded,No full-coverage Sentinel-1 acquisition during or within 48 hours after the event; nearest post-event acquisition was about four days later.
osm-326484153-326484130-0,jakarta-20220118,validation,77.099,primary,0,0,0,0,,,unknown,excluded,No full-coverage Sentinel-1 acquisition during or within 48 hours after the event; nearest post-event acquisition was about four days later.
osm-326484165-326484153-0,jakarta-20220118,validation,14.589,primary,0,0,0,0,,,unknown,excluded,No full-coverage Sentinel-1 acquisition during or within 48 hours after the event; nearest post-event acquisition was about four days later.
osm-326484242-1709500939-0,jakarta-20220118,validation,95.713,primary,0,0,0,0,,,unknown,excluded,No full-coverage Sentinel-1 acquisition during or within 48 hours after the event; nearest post-event acquisition was about four days later.
osm-326484330-4842902746-0,jakarta-20220118,validation,184.882,primary,0,0,0,0,,,unknown,excluded,No full-coverage Sentinel-1 acquisition during or within 48 hours after the event; nearest post-event acquisition was about four days later.
osm-326484370-7046982976-0,jakarta-20220118,validation,21.074,primary,0,0,0,0,,,unknown,excluded,No full-coverage Sentinel-1 acquisition during or within 48 hours after the event; nearest post-event acquisition was about four days later.
osm-328320081-1423006391-0,jakarta-20220118,validation,226.433,trunk,0,0,0,0,,,unknown,excluded,No full-coverage Sentinel-1 acquisition during or within 48 hours after the event; nearest post-event acquisition was about four days later.
osm-328320159-5662546639-0,jakarta-20220118,validation,223.077,primary,0,0,0,0,,,unknown,excluded,No full-coverage Sentinel-1 acquisition during or within 48 hours after the event; nearest post-event acquisition was about four days later.
osm-328336623-5459161492-0,jakarta-20220118,validation,341.85,trunk,0,0,0,0,,,unknown,excluded,No full-coverage Sentinel-1 acquisition during or within 48 hours after the event; nearest post-event acquisition was about four days later.
osm-328876219-9013840120-0,jakarta-20220118,validation,43.064,primary,0,0,0,0,,,unknown,excluded,No full-coverage Sentinel-1 acquisition during or within 48 hours after the event; nearest post-event acquisition was about four days later.
osm-328965954-316374561-0,jakarta-20220118,validation,31.338,primary,0,0,0,0,,,unknown,excluded,No full-coverage Sentinel-1 acquisition during or within 48 hours after the event; nearest post-event acquisition was about four days later.
osm-329019268-6219014696-0,jakarta-20220118,validation,10.145,primary,0,0,0,0,,,unknown,excluded,No full-coverage Sentinel-1 acquisition during or within 48 hours after the event; nearest post-event acquisition was about four days later.
osm-329019970-9013891783-0,jakarta-20220118,validation,136.128,primary,0,0,0,0,,,unknown,excluded,No full-coverage Sentinel-1 acquisition during or within 48 hours after the event; nearest post-event acquisition was about four days later.
osm-329948880-316266442-0,jakarta-20220118,validation,11.718,trunk,0,0,0,0,,,unknown,excluded,No full-coverage Sentinel-1 acquisition during or within 48 hours after the event; nearest post-event acquisition was about four days later.
osm-329967924-4751894442-0,jakarta-20220118,validation,13.396,primary,0,0,0,0,,,unknown,excluded,No full-coverage Sentinel-1 acquisition during or within 48 hours after the event; nearest post-event acquisition was about four days later.
osm-329968512-1682808537-0,jakarta-20220118,validation,162.391,primary,0,0,0,0,,,unknown,excluded,No full-coverage Sentinel-1 acquisition during or within 48 hours after the event; nearest post-event acquisition was about four days later.
osm-329969014-5662335002-0,jakarta-20220118,validation,90.047,primary,0,0,0,0,,,unknown,excluded,No full-coverage Sentinel-1 acquisition during or within 48 hours after the event; nearest post-event acquisition was about four days later.
osm-329971830-4749962821-0,jakarta-20220118,validation,206.905,primary,0,0,0,0,,,unknown,excluded,No full-coverage Sentinel-1 acquisition during or within 48 hours after the event; nearest post-event acquisition was about four days later.
osm-329975504-5662309002-0,jakarta-20220118,validation,219.725,primary,0,0,0,0,,,unknown,excluded,No full-coverage Sentinel-1 acquisition during or within 48 hours after the event; nearest post-event acquisition was about four days later.
osm-329975510-7131701881-0,jakarta-20220118,validation,17.922,primary,0,0,0,0,,,unknown,excluded,No full-coverage Sentinel-1 acquisition during or within 48 hours after the event; nearest post-event acquisition was about four days later.
osm-330177825-5380113845-0,jakarta-20220118,validation,57.075,primary,0,0,0,0,,,unknown,excluded,No full-coverage Sentinel-1 acquisition during or within 48 hours after the event; nearest post-event acquisition was about four days later.
osm-330409714-7232143502-0,jakarta-20220118,validation,675.739,service,0,0,0,0,,,unknown,excluded,No full-coverage Sentinel-1 acquisition during or within 48 hours after the event; nearest post-event acquisition was about four days later.
osm-332341344-5506920631-0,jakarta-20220118,validation,30.273,residential,0,0,0,0,,,unknown,excluded,No full-coverage Sentinel-1 acquisition during or within 48 hours after the event; nearest post-event acquisition was about four days later.
osm-332517701-5671006775-0,jakarta-20220118,validation,72.44,trunk,0,0,0,0,,,unknown,excluded,No full-coverage Sentinel-1 acquisition during or within 48 hours after the event; nearest post-event acquisition was about four days later.
osm-332526386-316176020-0,jakarta-20220118,validation,2802.024,motorway,0,0,0,0,,,unknown,excluded,No full-coverage Sentinel-1 acquisition during or within 48 hours after the event; nearest post-event acquisition was about four days later.
osm-332526397-332526399-0,jakarta-20220118,validation,41.86,primary_link,0,0,0,0,,,unknown,excluded,No full-coverage Sentinel-1 acquisition during or within 48 hours after the event; nearest post-event acquisition was about four days later.
osm-332526399-4551163746-0,jakarta-20220118,validation,71.584,primary,0,0,0,0,,,unknown,excluded,No full-coverage Sentinel-1 acquisition during or within 48 hours after the event; nearest post-event acquisition was about four days later.
osm-347509493-191505875-0,jakarta-20220118,validation,6.128,secondary,0,0,0,0,,,unknown,excluded,No full-coverage Sentinel-1 acquisition during or within 48 hours after the event; nearest post-event acquisition was about four days later.
osm-351116570-393856976-0,jakarta-20220118,validation,45.065,secondary,0,0,0,0,,,unknown,excluded,No full-coverage Sentinel-1 acquisition during or within 48 hours after the event; nearest post-event acquisition was about four days later.
osm-352897075-352897081-0,jakarta-20220118,validation,50.774,primary,0,0,0,0,,,unknown,excluded,No full-coverage Sentinel-1 acquisition during or within 48 hours after the event; nearest post-event acquisition was about four days later.
osm-352897081-9561821845-0,jakarta-20220118,validation,18.529,primary,0,0,0,0,,,unknown,excluded,No full-coverage Sentinel-1 acquisition during or within 48 hours after the event; nearest post-event acquisition was about four days later.
osm-352897085-13772607350-0,jakarta-20220118,validation,85.347,primary,0,0,0,0,,,unknown,excluded,No full-coverage Sentinel-1 acquisition during or within 48 hours after the event; nearest post-event acquisition was about four days later.
osm-352913456-8772028147-0,jakarta-20220118,validation,58.448,primary,0,0,0,0,,,unknown,excluded,No full-coverage Sentinel-1 acquisition during or within 48 hours after the event; nearest post-event acquisition was about four days later.
osm-352913852-317191266-0,jakarta-20220118,validation,161.341,primary,0,0,0,0,,,unknown,excluded,No full-coverage Sentinel-1 acquisition during or within 48 hours after the event; nearest post-event acquisition was about four days later.
osm-352915237-4776087446-0,jakarta-20220118,validation,45.8,primary,0,0,0,0,,,unknown,excluded,No full-coverage Sentinel-1 acquisition during or within 48 hours after the event; nearest post-event acquisition was about four days later.
osm-352961150-9016841536-0,jakarta-20220118,validation,41.376,tertiary,0,0,0,0,,,unknown,excluded,No full-coverage Sentinel-1 acquisition during or within 48 hours after the event; nearest post-event acquisition was about four days later.
osm-353136203-13456492331-0,jakarta-20220118,validation,47.47,primary,0,0,0,0,,,unknown,excluded,No full-coverage Sentinel-1 acquisition during or within 48 hours after the event; nearest post-event acquisition was about four days later.
osm-388023277-5670939322-0,jakarta-20220118,validation,45.472,trunk,0,0,0,0,,,unknown,excluded,No full-coverage Sentinel-1 acquisition during or within 48 hours after the event; nearest post-event acquisition was about four days later.
osm-388240366-6546950357-0,jakarta-20220118,validation,127.261,trunk,0,0,0,0,,,unknown,excluded,No full-coverage Sentinel-1 acquisition during or within 48 hours after the event; nearest post-event acquisition was about four days later.
osm-388240367-388240366-0,jakarta-20220118,validation,150.245,trunk,0,0,0,0,,,unknown,excluded,No full-coverage Sentinel-1 acquisition during or within 48 hours after the event; nearest post-event acquisition was about four days later.
osm-393856973-6322395865-0,jakarta-20220118,validation,16.736,secondary,0,0,0,0,,,unknown,excluded,No full-coverage Sentinel-1 acquisition during or within 48 hours after the event; nearest post-event acquisition was about four days later.
osm-393856974-10732635788-0,jakarta-20220118,validation,29.015,secondary,0,0,0,0,,,unknown,excluded,No full-coverage Sentinel-1 acquisition during or within 48 hours after the event; nearest post-event acquisition was about four days later.
osm-393856976-3709514014-0,jakarta-20220118,validation,53.276,secondary,0,0,0,0,,,unknown,excluded,No full-coverage Sentinel-1 acquisition during or within 48 hours after the event; nearest post-event acquisition was about four days later.
osm-393861915-6322396585-0,jakarta-20220118,validation,20.989,secondary,0,0,0,0,,,unknown,excluded,No full-coverage Sentinel-1 acquisition during or within 48 hours after the event; nearest post-event acquisition was about four days later.
osm-430546287-12736661061-0,jakarta-20220118,validation,69.246,primary,0,0,0,0,,,unknown,excluded,No full-coverage Sentinel-1 acquisition during or within 48 hours after the event; nearest post-event acquisition was about four days later.
osm-430546294-430546307-0,jakarta-20220118,validation,20.054,secondary,0,0,0,0,,,unknown,excluded,No full-coverage Sentinel-1 acquisition during or within 48 hours after the event; nearest post-event acquisition was about four days later.
osm-430546307-430546319-0,jakarta-20220118,validation,18.659,secondary,0,0,0,0,,,unknown,excluded,No full-coverage Sentinel-1 acquisition during or within 48 hours after the event; nearest post-event acquisition was about four days later.
osm-430546319-12754553920-0,jakarta-20220118,validation,26.941,secondary,0,0,0,0,,,unknown,excluded,No full-coverage Sentinel-1 acquisition during or within 48 hours after the event; nearest post-event acquisition was about four days later.
osm-454066598-4502070108-0,jakarta-20220118,validation,16.805,secondary,0,0,0,0,,,unknown,excluded,No full-coverage Sentinel-1 acquisition during or within 48 hours after the event; nearest post-event acquisition was about four days later.
osm-504912724-7122843809-0,jakarta-20220118,validation,102.848,secondary,0,0,0,0,,,unknown,excluded,No full-coverage Sentinel-1 acquisition during or within 48 hours after the event; nearest post-event acquisition was about four days later.
osm-519545266-1993475640-0,jakarta-20220118,validation,30.074,trunk,0,0,0,0,,,unknown,excluded,No full-coverage Sentinel-1 acquisition during or within 48 hours after the event; nearest post-event acquisition was about four days later.
osm-1133343792-1133343793-0,jakarta-20220118,validation,99.546,residential,0,0,0,0,,,unknown,excluded,No full-coverage Sentinel-1 acquisition during or within 48 hours after the event; nearest post-event acquisition was about four days later.
osm-1133343793-1135179313-0,jakarta-20220118,validation,85.151,tertiary,0,0,0,0,,,unknown,excluded,No full-coverage Sentinel-1 acquisition during or within 48 hours after the event; nearest post-event acquisition was about four days later.
osm-1133343805-1133343793-0,jakarta-20220118,validation,172.743,tertiary,0,0,0,0,,,unknown,excluded,No full-coverage Sentinel-1 acquisition during or within 48 hours after the event; nearest post-event acquisition was about four days later.
osm-1133676103-1334087929-0,jakarta-20220118,validation,384.195,primary,0,0,0,0,,,unknown,excluded,No full-coverage Sentinel-1 acquisition during or within 48 hours after the event; nearest post-event acquisition was about four days later.
osm-1133676112-1133676103-0,jakarta-20220118,validation,248.128,primary,0,0,0,0,,,unknown,excluded,No full-coverage Sentinel-1 acquisition during or within 48 hours after the event; nearest post-event acquisition was about four days later.
osm-1133676115-1133676116-0,jakarta-20220118,validation,47.632,tertiary,0,0,0,0,,,unknown,excluded,No full-coverage Sentinel-1 acquisition during or within 48 hours after the event; nearest post-event acquisition was about four days later.
osm-1133676116-5391402284-0,jakarta-20220118,validation,53.512,tertiary,0,0,0,0,,,unknown,excluded,No full-coverage Sentinel-1 acquisition during or within 48 hours after the event; nearest post-event acquisition was about four days later.
osm-1133676128-1133807077-0,jakarta-20220118,validation,36.097,tertiary,0,0,0,0,,,unknown,excluded,No full-coverage Sentinel-1 acquisition during or within 48 hours after the event; nearest post-event acquisition was about four days later.
osm-1133806969-1133807093-0,jakarta-20220118,validation,94.177,tertiary,0,0,0,0,,,unknown,excluded,No full-coverage Sentinel-1 acquisition during or within 48 hours after the event; nearest post-event acquisition was about four days later.
osm-1133806993-11455806150-0,jakarta-20220118,validation,64.336,tertiary,0,0,0,0,,,unknown,excluded,No full-coverage Sentinel-1 acquisition during or within 48 hours after the event; nearest post-event acquisition was about four days later.
osm-1133807009-1133806993-0,jakarta-20220118,validation,10.179,tertiary,0,0,0,0,,,unknown,excluded,No full-coverage Sentinel-1 acquisition during or within 48 hours after the event; nearest post-event acquisition was about four days later.
osm-1133807034-1133806969-0,jakarta-20220118,validation,194.546,tertiary,0,0,0,0,,,unknown,excluded,No full-coverage Sentinel-1 acquisition during or within 48 hours after the event; nearest post-event acquisition was about four days later.
osm-1133807052-1133676128-0,jakarta-20220118,validation,35.901,tertiary,0,0,0,0,,,unknown,excluded,No full-coverage Sentinel-1 acquisition during or within 48 hours after the event; nearest post-event acquisition was about four days later.
osm-1133807065-1133807009-0,jakarta-20220118,validation,50.706,tertiary,0,0,0,0,,,unknown,excluded,No full-coverage Sentinel-1 acquisition during or within 48 hours after the event; nearest post-event acquisition was about four days later.
osm-1133807077-9642343610-0,jakarta-20220118,validation,8.108,tertiary,0,0,0,0,,,unknown,excluded,No full-coverage Sentinel-1 acquisition during or within 48 hours after the event; nearest post-event acquisition was about four days later.
osm-1133807089-1133807052-0,jakarta-20220118,validation,41.379,tertiary,0,0,0,0,,,unknown,excluded,No full-coverage Sentinel-1 acquisition during or within 48 hours after the event; nearest post-event acquisition was about four days later.
osm-1133807093-5513424002-0,jakarta-20220118,validation,42.756,tertiary,0,0,0,0,,,unknown,excluded,No full-coverage Sentinel-1 acquisition during or within 48 hours after the event; nearest post-event acquisition was about four days later.
osm-1134908642-5010888460-0,jakarta-20220118,validation,102.85,primary,0,0,0,0,,,unknown,excluded,No full-coverage Sentinel-1 acquisition during or within 48 hours after the event; nearest post-event acquisition was about four days later.
osm-1134953472-1133676115-0,jakarta-20220118,validation,126.898,tertiary,0,0,0,0,,,unknown,excluded,No full-coverage Sentinel-1 acquisition during or within 48 hours after the event; nearest post-event acquisition was about four days later.
osm-1135179313-1135179348-0,jakarta-20220118,validation,96.954,tertiary,0,0,0,0,,,unknown,excluded,No full-coverage Sentinel-1 acquisition during or within 48 hours after the event; nearest post-event acquisition was about four days later.
osm-1135179348-4666246417-0,jakarta-20220118,validation,9.529,tertiary,0,0,0,0,,,unknown,excluded,No full-coverage Sentinel-1 acquisition during or within 48 hours after the event; nearest post-event acquisition was about four days later.
osm-1135179379-7229469661-0,jakarta-20220118,validation,37.61,tertiary,0,0,0,0,,,unknown,excluded,No full-coverage Sentinel-1 acquisition during or within 48 hours after the event; nearest post-event acquisition was about four days later.
osm-1135179404-4800316713-0,jakarta-20220118,validation,81.572,tertiary,0,0,0,0,,,unknown,excluded,No full-coverage Sentinel-1 acquisition during or within 48 hours after the event; nearest post-event acquisition was about four days later.
osm-1135179421-13734886245-0,jakarta-20220118,validation,6.239,tertiary,0,0,0,0,,,unknown,excluded,No full-coverage Sentinel-1 acquisition during or within 48 hours after the event; nearest post-event acquisition was about four days later.
osm-1135179424-13914133217-0,jakarta-20220118,validation,5.251,tertiary,0,0,0,0,,,unknown,excluded,No full-coverage Sentinel-1 acquisition during or within 48 hours after the event; nearest post-event acquisition was about four days later.
osm-1135190117-1138828395-0,jakarta-20220118,validation,226.26,trunk,0,0,0,0,,,unknown,excluded,No full-coverage Sentinel-1 acquisition during or within 48 hours after the event; nearest post-event acquisition was about four days later.
osm-1135601912-5498027349-0,jakarta-20220118,validation,33.226,primary,0,0,0,0,,,unknown,excluded,No full-coverage Sentinel-1 acquisition during or within 48 hours after the event; nearest post-event acquisition was about four days later.
osm-1138828395-316486288-0,jakarta-20220118,validation,148.942,trunk,0,0,0,0,,,unknown,excluded,No full-coverage Sentinel-1 acquisition during or within 48 hours after the event; nearest post-event acquisition was about four days later.
osm-1139139728-7260196327-0,jakarta-20220118,validation,52.205,trunk,0,0,0,0,,,unknown,excluded,No full-coverage Sentinel-1 acquisition during or within 48 hours after the event; nearest post-event acquisition was about four days later.
osm-1139139742-7260204106-0,jakarta-20220118,validation,20.07,trunk,0,0,0,0,,,unknown,excluded,No full-coverage Sentinel-1 acquisition during or within 48 hours after the event; nearest post-event acquisition was about four days later.
osm-1139140184-95006360-0,jakarta-20220118,validation,29.076,trunk,0,0,0,0,,,unknown,excluded,No full-coverage Sentinel-1 acquisition during or within 48 hours after the event; nearest post-event acquisition was about four days later.
osm-1139156749-5492419221-0,jakarta-20220118,validation,64.158,trunk,0,0,0,0,,,unknown,excluded,No full-coverage Sentinel-1 acquisition during or within 48 hours after the event; nearest post-event acquisition was about four days later.
osm-1150900577-12825987637-0,jakarta-20220118,validation,50.743,trunk,0,0,0,0,,,unknown,excluded,No full-coverage Sentinel-1 acquisition during or within 48 hours after the event; nearest post-event acquisition was about four days later.
osm-1161321036-316374594-0,jakarta-20220118,validation,29.636,primary,0,0,0,0,,,unknown,excluded,No full-coverage Sentinel-1 acquisition during or within 48 hours after the event; nearest post-event acquisition was about four days later.
osm-1163404589-7156322369-0,jakarta-20220118,validation,201.584,primary,0,0,0,0,,,unknown,excluded,No full-coverage Sentinel-1 acquisition during or within 48 hours after the event; nearest post-event acquisition was about four days later.
osm-1163404618-7120383655-0,jakarta-20220118,validation,49.695,primary,0,0,0,0,,,unknown,excluded,No full-coverage Sentinel-1 acquisition during or within 48 hours after the event; nearest post-event acquisition was about four days later.
osm-1163404654-316374585-0,jakarta-20220118,validation,40.359,primary,0,0,0,0,,,unknown,excluded,No full-coverage Sentinel-1 acquisition during or within 48 hours after the event; nearest post-event acquisition was about four days later.
osm-1173954328-1174754069-0,jakarta-20220118,validation,88.342,secondary,0,0,0,0,,,unknown,excluded,No full-coverage Sentinel-1 acquisition during or within 48 hours after the event; nearest post-event acquisition was about four days later.
osm-1173954346-13653307691-0,jakarta-20220118,validation,100.16,secondary,0,0,0,0,,,unknown,excluded,No full-coverage Sentinel-1 acquisition during or within 48 hours after the event; nearest post-event acquisition was about four days later.
osm-1174754069-29939144-0,jakarta-20220118,validation,49.844,secondary,0,0,0,0,,,unknown,excluded,No full-coverage Sentinel-1 acquisition during or within 48 hours after the event; nearest post-event acquisition was about four days later.
osm-1174777687-5065375426-0,jakarta-20220118,validation,134.541,secondary,0,0,0,0,,,unknown,excluded,No full-coverage Sentinel-1 acquisition during or within 48 hours after the event; nearest post-event acquisition was about four days later.
osm-1249723074-7225096520-0,jakarta-20220118,validation,22.045,primary,0,0,0,0,,,unknown,excluded,No full-coverage Sentinel-1 acquisition during or within 48 hours after the event; nearest post-event acquisition was about four days later.
osm-1273189607-4566501796-0,jakarta-20220118,validation,51.94,primary,0,0,0,0,,,unknown,excluded,No full-coverage Sentinel-1 acquisition during or within 48 hours after the event; nearest post-event acquisition was about four days later.
osm-1275851646-104379024-0,jakarta-20220118,validation,97.589,primary,0,0,0,0,,,unknown,excluded,No full-coverage Sentinel-1 acquisition during or within 48 hours after the event; nearest post-event acquisition was about four days later.
osm-1311842311-9028008487-0,jakarta-20220118,validation,76.19,primary,0,0,0,0,,,unknown,excluded,No full-coverage Sentinel-1 acquisition during or within 48 hours after the event; nearest post-event acquisition was about four days later.
osm-1315069362-9685151096-0,jakarta-20220118,validation,44.334,primary,0,0,0,0,,,unknown,excluded,No full-coverage Sentinel-1 acquisition during or within 48 hours after the event; nearest post-event acquisition was about four days later.
osm-1320273025-6604587143-0,jakarta-20220118,validation,105.763,primary,0,0,0,0,,,unknown,excluded,No full-coverage Sentinel-1 acquisition during or within 48 hours after the event; nearest post-event acquisition was about four days later.
osm-1321228510-317196043-0,jakarta-20220118,validation,10.018,residential,0,0,0,0,,,unknown,excluded,No full-coverage Sentinel-1 acquisition during or within 48 hours after the event; nearest post-event acquisition was about four days later.
osm-1321228541-1336909413-0,jakarta-20220118,validation,232.395,primary,0,0,0,0,,,unknown,excluded,No full-coverage Sentinel-1 acquisition during or within 48 hours after the event; nearest post-event acquisition was about four days later.
osm-1321228560-1373715020-0,jakarta-20220118,validation,147.754,primary,0,0,0,0,,,unknown,excluded,No full-coverage Sentinel-1 acquisition during or within 48 hours after the event; nearest post-event acquisition was about four days later.
osm-1321228566-302230530-0,jakarta-20220118,validation,53.081,primary,0,0,0,0,,,unknown,excluded,No full-coverage Sentinel-1 acquisition during or within 48 hours after the event; nearest post-event acquisition was about four days later.
osm-1321228575-1334087900-0,jakarta-20220118,validation,121.974,primary,0,0,0,0,,,unknown,excluded,No full-coverage Sentinel-1 acquisition during or within 48 hours after the event; nearest post-event acquisition was about four days later.
osm-1321537155-1321537157-0,jakarta-20220118,validation,14.503,primary,0,0,0,0,,,unknown,excluded,No full-coverage Sentinel-1 acquisition during or within 48 hours after the event; nearest post-event acquisition was about four days later.
osm-1321537157-5078382203-0,jakarta-20220118,validation,18.338,primary,0,0,0,0,,,unknown,excluded,No full-coverage Sentinel-1 acquisition during or within 48 hours after the event; nearest post-event acquisition was about four days later.
osm-1325257182-316742986-0,jakarta-20220118,validation,178.044,trunk,0,0,0,0,,,unknown,excluded,No full-coverage Sentinel-1 acquisition during or within 48 hours after the event; nearest post-event acquisition was about four days later.
osm-1330696490-1337745188-0,jakarta-20220118,validation,101.893,primary,0,0,0,0,,,unknown,excluded,No full-coverage Sentinel-1 acquisition during or within 48 hours after the event; nearest post-event acquisition was about four days later.
osm-1334087900-7027128992-0,jakarta-20220118,validation,25.839,primary,0,0,0,0,,,unknown,excluded,No full-coverage Sentinel-1 acquisition during or within 48 hours after the event; nearest post-event acquisition was about four days later.
osm-1334087929-1321228575-0,jakarta-20220118,validation,382.294,primary,0,0,0,0,,,unknown,excluded,No full-coverage Sentinel-1 acquisition during or within 48 hours after the event; nearest post-event acquisition was about four days later.
osm-1336909413-1321228560-0,jakarta-20220118,validation,14.367,primary,0,0,0,0,,,unknown,excluded,No full-coverage Sentinel-1 acquisition during or within 48 hours after the event; nearest post-event acquisition was about four days later.
osm-1337745188-326484370-0,jakarta-20220118,validation,535.176,primary,0,0,0,0,,,unknown,excluded,No full-coverage Sentinel-1 acquisition during or within 48 hours after the event; nearest post-event acquisition was about four days later.
osm-1342878909-6434923286-0,jakarta-20220118,validation,63.387,trunk,0,0,0,0,,,unknown,excluded,No full-coverage Sentinel-1 acquisition during or within 48 hours after the event; nearest post-event acquisition was about four days later.
osm-1342878927-7516900856-0,jakarta-20220118,validation,237.199,trunk,0,0,0,0,,,unknown,excluded,No full-coverage Sentinel-1 acquisition during or within 48 hours after the event; nearest post-event acquisition was about four days later.
osm-1342878941-7149726253-0,jakarta-20220118,validation,58.137,trunk,0,0,0,0,,,unknown,excluded,No full-coverage Sentinel-1 acquisition during or within 48 hours after the event; nearest post-event acquisition was about four days later.
osm-1342878941-11501464546-0,jakarta-20220118,validation,4.293,primary,0,0,0,0,,,unknown,excluded,No full-coverage Sentinel-1 acquisition during or within 48 hours after the event; nearest post-event acquisition was about four days later.
osm-1342878987-7105384963-0,jakarta-20220118,validation,35.354,trunk,0,0,0,0,,,unknown,excluded,No full-coverage Sentinel-1 acquisition during or within 48 hours after the event; nearest post-event acquisition was about four days later.
osm-1342878998-330409714-0,jakarta-20220118,validation,190.376,service,0,0,0,0,,,unknown,excluded,No full-coverage Sentinel-1 acquisition during or within 48 hours after the event; nearest post-event acquisition was about four days later.
osm-1342879000-4822315952-0,jakarta-20220118,validation,12.466,trunk,0,0,0,0,,,unknown,excluded,No full-coverage Sentinel-1 acquisition during or within 48 hours after the event; nearest post-event acquisition was about four days later.
osm-1342879017-1342878987-0,jakarta-20220118,validation,93.869,trunk,0,0,0,0,,,unknown,excluded,No full-coverage Sentinel-1 acquisition during or within 48 hours after the event; nearest post-event acquisition was about four days later.
osm-1345781623-12504052406-0,jakarta-20220118,validation,181.093,primary,0,0,0,0,,,unknown,excluded,No full-coverage Sentinel-1 acquisition during or within 48 hours after the event; nearest post-event acquisition was about four days later.
osm-1351484887-13657075638-0,jakarta-20220118,validation,78.23,primary,0,0,0,0,,,unknown,excluded,No full-coverage Sentinel-1 acquisition during or within 48 hours after the event; nearest post-event acquisition was about four days later.
osm-1359134207-2379121074-0,jakarta-20220118,validation,14.638,primary,0,0,0,0,,,unknown,excluded,No full-coverage Sentinel-1 acquisition during or within 48 hours after the event; nearest post-event acquisition was about four days later.
osm-1359134207-2379121077-0,jakarta-20220118,validation,22.454,primary_link,0,0,0,0,,,unknown,excluded,No full-coverage Sentinel-1 acquisition during or within 48 hours after the event; nearest post-event acquisition was about four days later.
osm-1359134222-1330696490-0,jakarta-20220118,validation,89.353,primary,0,0,0,0,,,unknown,excluded,No full-coverage Sentinel-1 acquisition during or within 48 hours after the event; nearest post-event acquisition was about four days later.
osm-1362598302-4926601878-0,jakarta-20220118,validation,79.655,primary,0,0,0,0,,,unknown,excluded,No full-coverage Sentinel-1 acquisition during or within 48 hours after the event; nearest post-event acquisition was about four days later.
osm-1362598310-1362598302-0,jakarta-20220118,validation,14.64,primary,0,0,0,0,,,unknown,excluded,No full-coverage Sentinel-1 acquisition during or within 48 hours after the event; nearest post-event acquisition was about four days later.
osm-1363190326-4529694108-0,jakarta-20220118,validation,66.812,primary,0,0,0,0,,,unknown,excluded,No full-coverage Sentinel-1 acquisition during or within 48 hours after the event; nearest post-event acquisition was about four days later.
osm-1373715020-1373715051-0,jakarta-20220118,validation,168.7,primary,0,0,0,0,,,unknown,excluded,No full-coverage Sentinel-1 acquisition during or within 48 hours after the event; nearest post-event acquisition was about four days later.
osm-1373715051-9037288082-0,jakarta-20220118,validation,34.141,primary,0,0,0,0,,,unknown,excluded,No full-coverage Sentinel-1 acquisition during or within 48 hours after the event; nearest post-event acquisition was about four days later.
osm-1376428022-7029385572-0,jakarta-20220118,validation,26.64,trunk_link,0,0,0,0,,,unknown,excluded,No full-coverage Sentinel-1 acquisition during or within 48 hours after the event; nearest post-event acquisition was about four days later.
osm-1417312748-4548266267-0,jakarta-20220118,validation,194.325,trunk,0,0,0,0,,,unknown,excluded,No full-coverage Sentinel-1 acquisition during or within 48 hours after the event; nearest post-event acquisition was about four days later.
osm-1417319126-7117458776-0,jakarta-20220118,validation,30.497,trunk,0,0,0,0,,,unknown,excluded,No full-coverage Sentinel-1 acquisition during or within 48 hours after the event; nearest post-event acquisition was about four days later.
osm-1420142081-5379768929-0,jakarta-20220118,validation,22.048,residential,0,0,0,0,,,unknown,excluded,No full-coverage Sentinel-1 acquisition during or within 48 hours after the event; nearest post-event acquisition was about four days later.
osm-1423006391-328336623-0,jakarta-20220118,validation,341.631,trunk,0,0,0,0,,,unknown,excluded,No full-coverage Sentinel-1 acquisition during or within 48 hours after the event; nearest post-event acquisition was about four days later.
osm-1663918523-191506029-0,jakarta-20220118,validation,75.062,secondary,0,0,0,0,,,unknown,excluded,No full-coverage Sentinel-1 acquisition during or within 48 hours after the event; nearest post-event acquisition was about four days later.
osm-1675425882-13606201442-0,jakarta-20220118,validation,50.13,primary,0,0,0,0,,,unknown,excluded,No full-coverage Sentinel-1 acquisition during or within 48 hours after the event; nearest post-event acquisition was about four days later.
osm-1675426142-13606278105-0,jakarta-20220118,validation,29.518,primary,0,0,0,0,,,unknown,excluded,No full-coverage Sentinel-1 acquisition during or within 48 hours after the event; nearest post-event acquisition was about four days later.
osm-1675426257-13663493364-0,jakarta-20220118,validation,44.142,primary,0,0,0,0,,,unknown,excluded,No full-coverage Sentinel-1 acquisition during or within 48 hours after the event; nearest post-event acquisition was about four days later.
osm-1675426300-13606475672-0,jakarta-20220118,validation,28.545,primary,0,0,0,0,,,unknown,excluded,No full-coverage Sentinel-1 acquisition during or within 48 hours after the event; nearest post-event acquisition was about four days later.
osm-1675426459-13664998461-0,jakarta-20220118,validation,37.735,primary,0,0,0,0,,,unknown,excluded,No full-coverage Sentinel-1 acquisition during or within 48 hours after the event; nearest post-event acquisition was about four days later.
osm-1675488274-316374560-0,jakarta-20220118,validation,78.387,primary,0,0,0,0,,,unknown,excluded,No full-coverage Sentinel-1 acquisition during or within 48 hours after the event; nearest post-event acquisition was about four days later.
osm-1682808537-8555984047-0,jakarta-20220118,validation,55.045,primary,0,0,0,0,,,unknown,excluded,No full-coverage Sentinel-1 acquisition during or within 48 hours after the event; nearest post-event acquisition was about four days later.
osm-1682844228-5647102762-0,jakarta-20220118,validation,225.662,primary,0,0,0,0,,,unknown,excluded,No full-coverage Sentinel-1 acquisition during or within 48 hours after the event; nearest post-event acquisition was about four days later.
osm-1682844563-326484330-0,jakarta-20220118,validation,209.489,primary,0,0,0,0,,,unknown,excluded,No full-coverage Sentinel-1 acquisition during or within 48 hours after the event; nearest post-event acquisition was about four days later.
osm-1695811540-4778418534-0,jakarta-20220118,validation,150.157,residential,0,0,0,0,,,unknown,excluded,No full-coverage Sentinel-1 acquisition during or within 48 hours after the event; nearest post-event acquisition was about four days later.
osm-1695811568-9118916175-0,jakarta-20220118,validation,9.462,residential,0,0,0,0,,,unknown,excluded,No full-coverage Sentinel-1 acquisition during or within 48 hours after the event; nearest post-event acquisition was about four days later.
osm-1696170853-5374804755-0,jakarta-20220118,validation,104.251,primary,0,0,0,0,,,unknown,excluded,No full-coverage Sentinel-1 acquisition during or within 48 hours after the event; nearest post-event acquisition was about four days later.
osm-1709500939-326484165-0,jakarta-20220118,validation,298.023,primary,0,0,0,0,,,unknown,excluded,No full-coverage Sentinel-1 acquisition during or within 48 hours after the event; nearest post-event acquisition was about four days later.
osm-1757800736-1757800861-0,jakarta-20220118,validation,24.632,trunk,0,0,0,0,,,unknown,excluded,No full-coverage Sentinel-1 acquisition during or within 48 hours after the event; nearest post-event acquisition was about four days later.
osm-1757800787-3723599609-0,jakarta-20220118,validation,112.044,motorway,0,0,0,0,,,unknown,excluded,No full-coverage Sentinel-1 acquisition during or within 48 hours after the event; nearest post-event acquisition was about four days later.
osm-1757800816-1757800865-0,jakarta-20220118,validation,36.716,trunk,0,0,0,0,,,unknown,excluded,No full-coverage Sentinel-1 acquisition during or within 48 hours after the event; nearest post-event acquisition was about four days later.
osm-1757800817-1757800859-0,jakarta-20220118,validation,85.709,motorway_link,0,0,0,0,,,unknown,excluded,No full-coverage Sentinel-1 acquisition during or within 48 hours after the event; nearest post-event acquisition was about four days later.
osm-1757800817-9664769720-0,jakarta-20220118,validation,20.76,motorway_link,0,0,0,0,,,unknown,excluded,No full-coverage Sentinel-1 acquisition during or within 48 hours after the event; nearest post-event acquisition was about four days later.
osm-1757800846-7082864214-0,jakarta-20220118,validation,71.69,motorway_link,0,0,0,0,,,unknown,excluded,No full-coverage Sentinel-1 acquisition during or within 48 hours after the event; nearest post-event acquisition was about four days later.
osm-1757800859-1757800846-0,jakarta-20220118,validation,25.422,motorway_link,0,0,0,0,,,unknown,excluded,No full-coverage Sentinel-1 acquisition during or within 48 hours after the event; nearest post-event acquisition was about four days later.
osm-1757800861-6776762981-0,jakarta-20220118,validation,16.571,primary,0,0,0,0,,,unknown,excluded,No full-coverage Sentinel-1 acquisition during or within 48 hours after the event; nearest post-event acquisition was about four days later.
osm-1757800861-7082864214-0,jakarta-20220118,validation,16.082,trunk,0,0,0,0,,,unknown,excluded,No full-coverage Sentinel-1 acquisition during or within 48 hours after the event; nearest post-event acquisition was about four days later.
osm-1757800865-9009175767-0,jakarta-20220118,validation,6.111,trunk,0,0,0,0,,,unknown,excluded,No full-coverage Sentinel-1 acquisition during or within 48 hours after the event; nearest post-event acquisition was about four days later.
osm-1782804895-309824120-0,jakarta-20220118,validation,1560.372,motorway,0,0,0,0,,,unknown,excluded,No full-coverage Sentinel-1 acquisition during or within 48 hours after the event; nearest post-event acquisition was about four days later.
osm-1782804903-1782804895-0,jakarta-20220118,validation,673.556,motorway,0,0,0,0,,,unknown,excluded,No full-coverage Sentinel-1 acquisition during or within 48 hours after the event; nearest post-event acquisition was about four days later.
osm-1783134145-6336788292-0,jakarta-20220118,validation,41.657,primary,0,0,0,0,,,unknown,excluded,No full-coverage Sentinel-1 acquisition during or within 48 hours after the event; nearest post-event acquisition was about four days later.
osm-1993475640-6429880632-0,jakarta-20220118,validation,374.997,motorway_link,0,0,0,0,,,unknown,excluded,No full-coverage Sentinel-1 acquisition during or within 48 hours after the event; nearest post-event acquisition was about four days later.
osm-2019635436-13772607355-0,jakarta-20220118,validation,33.608,primary,0,0,0,0,,,unknown,excluded,No full-coverage Sentinel-1 acquisition during or within 48 hours after the event; nearest post-event acquisition was about four days later.
osm-2032758147-29939211-0,jakarta-20220118,validation,19.324,primary,0,0,0,0,,,unknown,excluded,No full-coverage Sentinel-1 acquisition during or within 48 hours after the event; nearest post-event acquisition was about four days later.
osm-2032872437-29939141-0,jakarta-20220118,validation,28.777,secondary,0,0,0,0,,,unknown,excluded,No full-coverage Sentinel-1 acquisition during or within 48 hours after the event; nearest post-event acquisition was about four days later.
osm-2209098563-6459032697-0,jakarta-20220118,validation,142.023,secondary,0,0,0,0,,,unknown,excluded,No full-coverage Sentinel-1 acquisition during or within 48 hours after the event; nearest post-event acquisition was about four days later.
osm-2210464501-315712058-0,jakarta-20220118,validation,40.144,primary,0,0,0,0,,,unknown,excluded,No full-coverage Sentinel-1 acquisition during or within 48 hours after the event; nearest post-event acquisition was about four days later.
osm-2363808979-7120370231-0,jakarta-20220118,validation,34.501,primary,0,0,0,0,,,unknown,excluded,No full-coverage Sentinel-1 acquisition during or within 48 hours after the event; nearest post-event acquisition was about four days later.
osm-2379121074-7039275702-0,jakarta-20220118,validation,12.783,primary,0,0,0,0,,,unknown,excluded,No full-coverage Sentinel-1 acquisition during or within 48 hours after the event; nearest post-event acquisition was about four days later.
osm-2379121077-7039275702-0,jakarta-20220118,validation,22.464,primary_link,0,0,0,0,,,unknown,excluded,No full-coverage Sentinel-1 acquisition during or within 48 hours after the event; nearest post-event acquisition was about four days later.
osm-2399364732-11299364779-0,jakarta-20220118,validation,63.948,trunk,0,0,0,0,,,unknown,excluded,No full-coverage Sentinel-1 acquisition during or within 48 hours after the event; nearest post-event acquisition was about four days later.
osm-2400147489-7246473924-0,jakarta-20220118,validation,101.064,primary,0,0,0,0,,,unknown,excluded,No full-coverage Sentinel-1 acquisition during or within 48 hours after the event; nearest post-event acquisition was about four days later.
osm-2415521692-1150900577-0,jakarta-20220118,validation,86.624,trunk,0,0,0,0,,,unknown,excluded,No full-coverage Sentinel-1 acquisition during or within 48 hours after the event; nearest post-event acquisition was about four days later.
osm-2415521737-4466384617-0,jakarta-20220118,validation,79.21,trunk_link,0,0,0,0,,,unknown,excluded,No full-coverage Sentinel-1 acquisition during or within 48 hours after the event; nearest post-event acquisition was about four days later.
osm-2415817217-454066598-0,jakarta-20220118,validation,385.232,motorway_link,0,0,0,0,,,unknown,excluded,No full-coverage Sentinel-1 acquisition during or within 48 hours after the event; nearest post-event acquisition was about four days later.
osm-2415823492-5668231819-0,jakarta-20220118,validation,2683.725,motorway,0,0,0,0,,,unknown,excluded,No full-coverage Sentinel-1 acquisition during or within 48 hours after the event; nearest post-event acquisition was about four days later.
osm-2516439291-316395244-0,jakarta-20220118,validation,78.021,primary,0,0,0,0,,,unknown,excluded,No full-coverage Sentinel-1 acquisition during or within 48 hours after the event; nearest post-event acquisition was about four days later.
osm-2516439291-2415521737-0,jakarta-20220118,validation,26.503,trunk_link,0,0,0,0,,,unknown,excluded,No full-coverage Sentinel-1 acquisition during or within 48 hours after the event; nearest post-event acquisition was about four days later.
osm-2589974180-5334300227-0,jakarta-20220118,validation,118.203,tertiary,0,0,0,0,,,unknown,excluded,No full-coverage Sentinel-1 acquisition during or within 48 hours after the event; nearest post-event acquisition was about four days later.
osm-2589977444-2589977470-0,jakarta-20220118,validation,58.674,primary,0,0,0,0,,,unknown,excluded,No full-coverage Sentinel-1 acquisition during or within 48 hours after the event; nearest post-event acquisition was about four days later.
osm-2589977470-5388329052-0,jakarta-20220118,validation,230.739,primary,0,0,0,0,,,unknown,excluded,No full-coverage Sentinel-1 acquisition during or within 48 hours after the event; nearest post-event acquisition was about four days later.
osm-2821400645-5671270622-0,jakarta-20220118,validation,60.357,primary,0,0,0,0,,,unknown,excluded,No full-coverage Sentinel-1 acquisition during or within 48 hours after the event; nearest post-event acquisition was about four days later.
osm-2836706754-13030921685-0,jakarta-20220118,validation,47.43,residential,0,0,0,0,,,unknown,excluded,No full-coverage Sentinel-1 acquisition during or within 48 hours after the event; nearest post-event acquisition was about four days later.
osm-2836706756-4696797079-0,jakarta-20220118,validation,10.143,residential,0,0,0,0,,,unknown,excluded,No full-coverage Sentinel-1 acquisition during or within 48 hours after the event; nearest post-event acquisition was about four days later.
osm-2836706758-2836737300-0,jakarta-20220118,validation,23.292,service,0,0,0,0,,,unknown,excluded,No full-coverage Sentinel-1 acquisition during or within 48 hours after the event; nearest post-event acquisition was about four days later.
osm-2836737300-5379768936-0,jakarta-20220118,validation,42.815,residential,0,0,0,0,,,unknown,excluded,No full-coverage Sentinel-1 acquisition during or within 48 hours after the event; nearest post-event acquisition was about four days later.
osm-2872136862-1275851646-0,jakarta-20220118,validation,96.631,primary,0,0,0,0,,,unknown,excluded,No full-coverage Sentinel-1 acquisition during or within 48 hours after the event; nearest post-event acquisition was about four days later.
osm-2882028353-6347347053-0,jakarta-20220118,validation,11.078,secondary,0,0,0,0,,,unknown,excluded,No full-coverage Sentinel-1 acquisition during or within 48 hours after the event; nearest post-event acquisition was about four days later.
osm-3266324655-9697006214-0,jakarta-20220118,validation,419.628,primary,0,0,0,0,,,unknown,excluded,No full-coverage Sentinel-1 acquisition during or within 48 hours after the event; nearest post-event acquisition was about four days later.
osm-3266332372-3266324655-0,jakarta-20220118,validation,24.732,primary,0,0,0,0,,,unknown,excluded,No full-coverage Sentinel-1 acquisition during or within 48 hours after the event; nearest post-event acquisition was about four days later.
osm-3266396596-5671006753-0,jakarta-20220118,validation,71.27,trunk,0,0,0,0,,,unknown,excluded,No full-coverage Sentinel-1 acquisition during or within 48 hours after the event; nearest post-event acquisition was about four days later.
osm-3266396597-6451233565-0,jakarta-20220118,validation,34.724,trunk,0,0,0,0,,,unknown,excluded,No full-coverage Sentinel-1 acquisition during or within 48 hours after the event; nearest post-event acquisition was about four days later.
osm-3266396608-9471064862-0,jakarta-20220118,validation,27.309,primary,0,0,0,0,,,unknown,excluded,No full-coverage Sentinel-1 acquisition during or within 48 hours after the event; nearest post-event acquisition was about four days later.
osm-3415432182-11039838816-0,jakarta-20220118,validation,160.531,primary,0,0,0,0,,,unknown,excluded,No full-coverage Sentinel-1 acquisition during or within 48 hours after the event; nearest post-event acquisition was about four days later.
osm-3507031383-310008087-0,jakarta-20220118,validation,45.439,primary,0,0,0,0,,,unknown,excluded,No full-coverage Sentinel-1 acquisition during or within 48 hours after the event; nearest post-event acquisition was about four days later.
osm-3507893559-3507031383-0,jakarta-20220118,validation,33.898,primary,0,0,0,0,,,unknown,excluded,No full-coverage Sentinel-1 acquisition during or within 48 hours after the event; nearest post-event acquisition was about four days later.
osm-3709514014-3709514015-0,jakarta-20220118,validation,49.605,secondary,0,0,0,0,,,unknown,excluded,No full-coverage Sentinel-1 acquisition during or within 48 hours after the event; nearest post-event acquisition was about four days later.
osm-3709514015-3709514017-0,jakarta-20220118,validation,74.234,secondary,0,0,0,0,,,unknown,excluded,No full-coverage Sentinel-1 acquisition during or within 48 hours after the event; nearest post-event acquisition was about four days later.
osm-3709514017-3709514018-0,jakarta-20220118,validation,44.162,secondary,0,0,0,0,,,unknown,excluded,No full-coverage Sentinel-1 acquisition during or within 48 hours after the event; nearest post-event acquisition was about four days later.
osm-3709514018-7112944949-0,jakarta-20220118,validation,27.105,secondary,0,0,0,0,,,unknown,excluded,No full-coverage Sentinel-1 acquisition during or within 48 hours after the event; nearest post-event acquisition was about four days later.
osm-3723599608-309880841-0,jakarta-20220118,validation,941.839,motorway,0,0,0,0,,,unknown,excluded,No full-coverage Sentinel-1 acquisition during or within 48 hours after the event; nearest post-event acquisition was about four days later.
osm-3723599609-7070168315-0,jakarta-20220118,validation,199.895,motorway,0,0,0,0,,,unknown,excluded,No full-coverage Sentinel-1 acquisition during or within 48 hours after the event; nearest post-event acquisition was about four days later.
osm-3723599610-3723599621-0,jakarta-20220118,validation,184.503,motorway_link,0,0,0,0,,,unknown,excluded,No full-coverage Sentinel-1 acquisition during or within 48 hours after the event; nearest post-event acquisition was about four days later.
osm-3723599620-5372153155-0,jakarta-20220118,validation,44.165,trunk,0,0,0,0,,,unknown,excluded,No full-coverage Sentinel-1 acquisition during or within 48 hours after the event; nearest post-event acquisition was about four days later.
osm-3723599621-4859114434-0,jakarta-20220118,validation,16.372,trunk,0,0,0,0,,,unknown,excluded,No full-coverage Sentinel-1 acquisition during or within 48 hours after the event; nearest post-event acquisition was about four days later.
osm-3723634710-4152867179-0,jakarta-20220118,validation,420.065,motorway_link,0,0,0,0,,,unknown,excluded,No full-coverage Sentinel-1 acquisition during or within 48 hours after the event; nearest post-event acquisition was about four days later.
osm-3723634711-8132787924-0,jakarta-20220118,validation,1287.207,motorway,0,0,0,0,,,unknown,excluded,No full-coverage Sentinel-1 acquisition during or within 48 hours after the event; nearest post-event acquisition was about four days later.
osm-3723635038-3723635056-0,jakarta-20220118,validation,516.907,motorway_link,0,0,0,0,,,unknown,excluded,No full-coverage Sentinel-1 acquisition during or within 48 hours after the event; nearest post-event acquisition was about four days later.
osm-3723635056-3723634711-0,jakarta-20220118,validation,372.63,motorway,0,0,0,0,,,unknown,excluded,No full-coverage Sentinel-1 acquisition during or within 48 hours after the event; nearest post-event acquisition was about four days later.
osm-3723635058-2415823492-0,jakarta-20220118,validation,330.744,motorway,0,0,0,0,,,unknown,excluded,No full-coverage Sentinel-1 acquisition during or within 48 hours after the event; nearest post-event acquisition was about four days later.
osm-3763648673-328965954-0,jakarta-20220118,validation,22.592,primary,0,0,0,0,,,unknown,excluded,No full-coverage Sentinel-1 acquisition during or within 48 hours after the event; nearest post-event acquisition was about four days later.
osm-3869782797-13453045134-0,jakarta-20220118,validation,76.759,primary,0,0,0,0,,,unknown,excluded,No full-coverage Sentinel-1 acquisition during or within 48 hours after the event; nearest post-event acquisition was about four days later.
osm-3981137758-8995440646-0,jakarta-20220118,validation,2.985,primary,0,0,0,0,,,unknown,excluded,No full-coverage Sentinel-1 acquisition during or within 48 hours after the event; nearest post-event acquisition was about four days later.
osm-4152867155-317190987-0,jakarta-20220118,validation,118.706,primary,0,0,0,0,,,unknown,excluded,No full-coverage Sentinel-1 acquisition during or within 48 hours after the event; nearest post-event acquisition was about four days later.
osm-4152867163-6430860592-0,jakarta-20220118,validation,46.486,trunk_link,0,0,0,0,,,unknown,excluded,No full-coverage Sentinel-1 acquisition during or within 48 hours after the event; nearest post-event acquisition was about four days later.
osm-4152867172-4152867155-0,jakarta-20220118,validation,564.97,primary,0,0,0,0,,,unknown,excluded,No full-coverage Sentinel-1 acquisition during or within 48 hours after the event; nearest post-event acquisition was about four days later.
osm-4152867179-6331233983-0,jakarta-20220118,validation,20.637,trunk,0,0,0,0,,,unknown,excluded,No full-coverage Sentinel-1 acquisition during or within 48 hours after the event; nearest post-event acquisition was about four days later.
osm-4152867689-4914353893-0,jakarta-20220118,validation,65.4,trunk,0,0,0,0,,,unknown,excluded,No full-coverage Sentinel-1 acquisition during or within 48 hours after the event; nearest post-event acquisition was about four days later.
osm-4235574904-4235574906-0,jakarta-20220118,validation,70.754,primary,0,0,0,0,,,unknown,excluded,No full-coverage Sentinel-1 acquisition during or within 48 hours after the event; nearest post-event acquisition was about four days later.
osm-4235574906-5377177680-0,jakarta-20220118,validation,167.264,primary,0,0,0,0,,,unknown,excluded,No full-coverage Sentinel-1 acquisition during or within 48 hours after the event; nearest post-event acquisition was about four days later.
osm-4258201115-3415432182-0,jakarta-20220118,validation,44.867,primary,0,0,0,0,,,unknown,excluded,No full-coverage Sentinel-1 acquisition during or within 48 hours after the event; nearest post-event acquisition was about four days later.
osm-4260761277-11899737707-0,jakarta-20220118,validation,16.969,primary,0,0,0,0,,,unknown,excluded,No full-coverage Sentinel-1 acquisition during or within 48 hours after the event; nearest post-event acquisition was about four days later.
osm-4269900330-11350075105-0,jakarta-20220118,validation,17.693,secondary,0,0,0,0,,,unknown,excluded,No full-coverage Sentinel-1 acquisition during or within 48 hours after the event; nearest post-event acquisition was about four days later.
osm-4404259357-4556570177-0,jakarta-20220118,validation,93.207,trunk,0,0,0,0,,,unknown,excluded,No full-coverage Sentinel-1 acquisition during or within 48 hours after the event; nearest post-event acquisition was about four days later.
osm-4466078450-315684305-0,jakarta-20220118,validation,7.184,primary,0,0,0,0,,,unknown,excluded,No full-coverage Sentinel-1 acquisition during or within 48 hours after the event; nearest post-event acquisition was about four days later.
osm-4466384616-328320081-0,jakarta-20220118,validation,25.516,trunk,0,0,0,0,,,unknown,excluded,No full-coverage Sentinel-1 acquisition during or within 48 hours after the event; nearest post-event acquisition was about four days later.
osm-4466384617-5466187936-0,jakarta-20220118,validation,234.137,trunk,0,0,0,0,,,unknown,excluded,No full-coverage Sentinel-1 acquisition during or within 48 hours after the event; nearest post-event acquisition was about four days later.
osm-4476152430-4546109600-0,jakarta-20220118,validation,27.133,primary,0,0,0,0,,,unknown,excluded,No full-coverage Sentinel-1 acquisition during or within 48 hours after the event; nearest post-event acquisition was about four days later.
osm-4488259486-4476152430-0,jakarta-20220118,validation,30.622,primary,0,0,0,0,,,unknown,excluded,No full-coverage Sentinel-1 acquisition during or within 48 hours after the event; nearest post-event acquisition was about four days later.
osm-4499976535-4499997606-0,jakarta-20220118,validation,72.171,primary,0,0,0,0,,,unknown,excluded,No full-coverage Sentinel-1 acquisition during or within 48 hours after the event; nearest post-event acquisition was about four days later.
osm-4499997606-8208701324-0,jakarta-20220118,validation,4.948,primary,0,0,0,0,,,unknown,excluded,No full-coverage Sentinel-1 acquisition during or within 48 hours after the event; nearest post-event acquisition was about four days later.
osm-4502070108-5436662071-0,jakarta-20220118,validation,83.117,secondary,0,0,0,0,,,unknown,excluded,No full-coverage Sentinel-1 acquisition during or within 48 hours after the event; nearest post-event acquisition was about four days later.
osm-4502070116-7104997606-0,jakarta-20220118,validation,4.727,secondary,0,0,0,0,,,unknown,excluded,No full-coverage Sentinel-1 acquisition during or within 48 hours after the event; nearest post-event acquisition was about four days later.
osm-4502213975-4502213976-0,jakarta-20220118,validation,16.034,secondary_link,0,0,0,0,,,unknown,excluded,No full-coverage Sentinel-1 acquisition during or within 48 hours after the event; nearest post-event acquisition was about four days later.
osm-4502213976-9699963783-0,jakarta-20220118,validation,36.597,secondary,0,0,0,0,,,unknown,excluded,No full-coverage Sentinel-1 acquisition during or within 48 hours after the event; nearest post-event acquisition was about four days later.
osm-4502213977-4502213979-0,jakarta-20220118,validation,31.877,secondary,0,0,0,0,,,unknown,excluded,No full-coverage Sentinel-1 acquisition during or within 48 hours after the event; nearest post-event acquisition was about four days later.
osm-4502213979-4502214206-0,jakarta-20220118,validation,148.497,secondary,0,0,0,0,,,unknown,excluded,No full-coverage Sentinel-1 acquisition during or within 48 hours after the event; nearest post-event acquisition was about four days later.
osm-4502214206-4502214225-0,jakarta-20220118,validation,6.695,secondary,0,0,0,0,,,unknown,excluded,No full-coverage Sentinel-1 acquisition during or within 48 hours after the event; nearest post-event acquisition was about four days later.
osm-4502214222-4502214223-0,jakarta-20220118,validation,7.753,secondary,0,0,0,0,,,unknown,excluded,No full-coverage Sentinel-1 acquisition during or within 48 hours after the event; nearest post-event acquisition was about four days later.
osm-4502214223-7096117327-0,jakarta-20220118,validation,13.173,secondary,0,0,0,0,,,unknown,excluded,No full-coverage Sentinel-1 acquisition during or within 48 hours after the event; nearest post-event acquisition was about four days later.
osm-4502214225-4502214222-0,jakarta-20220118,validation,63.932,secondary,0,0,0,0,,,unknown,excluded,No full-coverage Sentinel-1 acquisition during or within 48 hours after the event; nearest post-event acquisition was about four days later.
osm-4504091329-7241544817-0,jakarta-20220118,validation,12.96,primary,0,0,0,0,,,unknown,excluded,No full-coverage Sentinel-1 acquisition during or within 48 hours after the event; nearest post-event acquisition was about four days later.
osm-4505735373-1163404654-0,jakarta-20220118,validation,9.458,primary,0,0,0,0,,,unknown,excluded,No full-coverage Sentinel-1 acquisition during or within 48 hours after the event; nearest post-event acquisition was about four days later.
osm-4507955830-4507955831-0,jakarta-20220118,validation,50.819,primary_link,0,0,0,0,,,unknown,excluded,No full-coverage Sentinel-1 acquisition during or within 48 hours after the event; nearest post-event acquisition was about four days later.
osm-4507955831-5205645925-0,jakarta-20220118,validation,70.316,primary,0,0,0,0,,,unknown,excluded,No full-coverage Sentinel-1 acquisition during or within 48 hours after the event; nearest post-event acquisition was about four days later.
osm-4507989466-10090309233-0,jakarta-20220118,validation,60.079,primary,0,0,0,0,,,unknown,excluded,No full-coverage Sentinel-1 acquisition during or within 48 hours after the event; nearest post-event acquisition was about four days later.
osm-4529694108-317157768-0,jakarta-20220118,validation,570.393,primary,0,0,0,0,,,unknown,excluded,No full-coverage Sentinel-1 acquisition during or within 48 hours after the event; nearest post-event acquisition was about four days later.
osm-4541302315-6332686268-0,jakarta-20220118,validation,79.312,primary,0,0,0,0,,,unknown,excluded,No full-coverage Sentinel-1 acquisition during or within 48 hours after the event; nearest post-event acquisition was about four days later.
osm-4546076824-186669834-0,jakarta-20220118,validation,66.932,primary,0,0,0,0,,,unknown,excluded,No full-coverage Sentinel-1 acquisition during or within 48 hours after the event; nearest post-event acquisition was about four days later.
osm-4546100816-9144167875-0,jakarta-20220118,validation,297.757,primary,0,0,0,0,,,unknown,excluded,No full-coverage Sentinel-1 acquisition during or within 48 hours after the event; nearest post-event acquisition was about four days later.
osm-4546109600-7062375566-0,jakarta-20220118,validation,26.626,primary,0,0,0,0,,,unknown,excluded,No full-coverage Sentinel-1 acquisition during or within 48 hours after the event; nearest post-event acquisition was about four days later.
osm-4548266264-1342879017-0,jakarta-20220118,validation,171.182,trunk,0,0,0,0,,,unknown,excluded,No full-coverage Sentinel-1 acquisition during or within 48 hours after the event; nearest post-event acquisition was about four days later.
osm-4548266267-9527050428-0,jakarta-20220118,validation,71.759,trunk,0,0,0,0,,,unknown,excluded,No full-coverage Sentinel-1 acquisition during or within 48 hours after the event; nearest post-event acquisition was about four days later.
osm-4548266741-1163404589-0,jakarta-20220118,validation,54.659,primary,0,0,0,0,,,unknown,excluded,No full-coverage Sentinel-1 acquisition during or within 48 hours after the event; nearest post-event acquisition was about four days later.
osm-4548266748-6459323552-0,jakarta-20220118,validation,1011.588,primary,0,0,0,0,,,unknown,excluded,No full-coverage Sentinel-1 acquisition during or within 48 hours after the event; nearest post-event acquisition was about four days later.
osm-4548266763-12745135294-0,jakarta-20220118,validation,13.067,primary,0,0,0,0,,,unknown,excluded,No full-coverage Sentinel-1 acquisition during or within 48 hours after the event; nearest post-event acquisition was about four days later.
osm-4548266767-5374282155-0,jakarta-20220118,validation,86.851,primary,0,0,0,0,,,unknown,excluded,No full-coverage Sentinel-1 acquisition during or within 48 hours after the event; nearest post-event acquisition was about four days later.
osm-4548266823-5013211786-0,jakarta-20220118,validation,149.353,secondary,0,0,0,0,,,unknown,excluded,No full-coverage Sentinel-1 acquisition during or within 48 hours after the event; nearest post-event acquisition was about four days later.
osm-4548267014-4548267015-0,jakarta-20220118,validation,208.628,trunk,0,0,0,0,,,unknown,excluded,No full-coverage Sentinel-1 acquisition during or within 48 hours after the event; nearest post-event acquisition was about four days later.
osm-4548267015-1417319126-0,jakarta-20220118,validation,32.302,trunk,0,0,0,0,,,unknown,excluded,No full-coverage Sentinel-1 acquisition during or within 48 hours after the event; nearest post-event acquisition was about four days later.
osm-4551137763-7140161059-0,jakarta-20220118,validation,90.368,trunk,0,0,0,0,,,unknown,excluded,No full-coverage Sentinel-1 acquisition during or within 48 hours after the event; nearest post-event acquisition was about four days later.
osm-4551163746-4551163784-0,jakarta-20220118,validation,80.398,primary_link,0,0,0,0,,,unknown,excluded,No full-coverage Sentinel-1 acquisition during or within 48 hours after the event; nearest post-event acquisition was about four days later.
osm-4551163746-5506920811-0,jakarta-20220118,validation,10.584,primary,0,0,0,0,,,unknown,excluded,No full-coverage Sentinel-1 acquisition during or within 48 hours after the event; nearest post-event acquisition was about four days later.
osm-4551163784-4551163787-0,jakarta-20220118,validation,102.125,motorway_link,0,0,0,0,,,unknown,excluded,No full-coverage Sentinel-1 acquisition during or within 48 hours after the event; nearest post-event acquisition was about four days later.
osm-4551163787-332526386-0,jakarta-20220118,validation,51.736,motorway_link,0,0,0,0,,,unknown,excluded,No full-coverage Sentinel-1 acquisition during or within 48 hours after the event; nearest post-event acquisition was about four days later.
osm-4556570177-9531434128-0,jakarta-20220118,validation,27.381,service,0,0,0,0,,,unknown,excluded,No full-coverage Sentinel-1 acquisition during or within 48 hours after the event; nearest post-event acquisition was about four days later.
osm-4564612508-1363190326-0,jakarta-20220118,validation,49.544,primary,0,0,0,0,,,unknown,excluded,No full-coverage Sentinel-1 acquisition during or within 48 hours after the event; nearest post-event acquisition was about four days later.
osm-4564847177-4871926648-0,jakarta-20220118,validation,17.733,primary,0,0,0,0,,,unknown,excluded,No full-coverage Sentinel-1 acquisition during or within 48 hours after the event; nearest post-event acquisition was about four days later.
osm-4564851111-4564851115-0,jakarta-20220118,validation,41.469,primary,0,0,0,0,,,unknown,excluded,No full-coverage Sentinel-1 acquisition during or within 48 hours after the event; nearest post-event acquisition was about four days later.
osm-4564851115-4564847177-0,jakarta-20220118,validation,17.701,primary,0,0,0,0,,,unknown,excluded,No full-coverage Sentinel-1 acquisition during or within 48 hours after the event; nearest post-event acquisition was about four days later.
osm-4566501487-6334659081-0,jakarta-20220118,validation,158.343,secondary,0,0,0,0,,,unknown,excluded,No full-coverage Sentinel-1 acquisition during or within 48 hours after the event; nearest post-event acquisition was about four days later.
osm-4566501796-6334537720-0,jakarta-20220118,validation,31.222,primary,0,0,0,0,,,unknown,excluded,No full-coverage Sentinel-1 acquisition during or within 48 hours after the event; nearest post-event acquisition was about four days later.
osm-4566501805-4566501808-0,jakarta-20220118,validation,124.793,primary,0,0,0,0,,,unknown,excluded,No full-coverage Sentinel-1 acquisition during or within 48 hours after the event; nearest post-event acquisition was about four days later.
osm-4566501806-4566501807-0,jakarta-20220118,validation,80.641,secondary,0,0,0,0,,,unknown,excluded,No full-coverage Sentinel-1 acquisition during or within 48 hours after the event; nearest post-event acquisition was about four days later.
osm-4566501807-4566501808-0,jakarta-20220118,validation,25.385,primary_link,0,0,0,0,,,unknown,excluded,No full-coverage Sentinel-1 acquisition during or within 48 hours after the event; nearest post-event acquisition was about four days later.
osm-4566501808-4566501816-0,jakarta-20220118,validation,51.499,primary,0,0,0,0,,,unknown,excluded,No full-coverage Sentinel-1 acquisition during or within 48 hours after the event; nearest post-event acquisition was about four days later.
osm-4566501813-4566501888-0,jakarta-20220118,validation,86.934,primary,0,0,0,0,,,unknown,excluded,No full-coverage Sentinel-1 acquisition during or within 48 hours after the event; nearest post-event acquisition was about four days later.
osm-4566501816-4566501813-0,jakarta-20220118,validation,31.87,primary_link,0,0,0,0,,,unknown,excluded,No full-coverage Sentinel-1 acquisition during or within 48 hours after the event; nearest post-event acquisition was about four days later.
osm-4621777203-6135130582-0,jakarta-20220118,validation,75.201,primary,0,0,0,0,,,unknown,excluded,No full-coverage Sentinel-1 acquisition during or within 48 hours after the event; nearest post-event acquisition was about four days later.
osm-4637530511-4637530516-0,jakarta-20220118,validation,8.465,primary,0,0,0,0,,,unknown,excluded,No full-coverage Sentinel-1 acquisition during or within 48 hours after the event; nearest post-event acquisition was about four days later.
osm-4637530516-4621777203-0,jakarta-20220118,validation,14.828,primary,0,0,0,0,,,unknown,excluded,No full-coverage Sentinel-1 acquisition during or within 48 hours after the event; nearest post-event acquisition was about four days later.
osm-4658384434-8502330159-0,jakarta-20220118,validation,30.214,primary,0,0,0,0,,,unknown,excluded,No full-coverage Sentinel-1 acquisition during or within 48 hours after the event; nearest post-event acquisition was about four days later.
osm-4666245577-4800316715-0,jakarta-20220118,validation,108.797,residential,0,0,0,0,,,unknown,excluded,No full-coverage Sentinel-1 acquisition during or within 48 hours after the event; nearest post-event acquisition was about four days later.
osm-4666246415-4666245577-0,jakarta-20220118,validation,30.252,residential,0,0,0,0,,,unknown,excluded,No full-coverage Sentinel-1 acquisition during or within 48 hours after the event; nearest post-event acquisition was about four days later.
osm-4666246417-4666246415-0,jakarta-20220118,validation,92.371,residential,0,0,0,0,,,unknown,excluded,No full-coverage Sentinel-1 acquisition during or within 48 hours after the event; nearest post-event acquisition was about four days later.
osm-4696797079-2836706758-0,jakarta-20220118,validation,57.937,residential,0,0,0,0,,,unknown,excluded,No full-coverage Sentinel-1 acquisition during or within 48 hours after the event; nearest post-event acquisition was about four days later.
osm-4746451654-1133676112-0,jakarta-20220118,validation,7.745,primary,0,0,0,0,,,unknown,excluded,No full-coverage Sentinel-1 acquisition during or within 48 hours after the event; nearest post-event acquisition was about four days later.
osm-4746451654-7152827727-0,jakarta-20220118,validation,103.382,tertiary,0,0,0,0,,,unknown,excluded,No full-coverage Sentinel-1 acquisition during or within 48 hours after the event; nearest post-event acquisition was about four days later.
osm-4746451656-1134953472-0,jakarta-20220118,validation,17.426,tertiary,0,0,0,0,,,unknown,excluded,No full-coverage Sentinel-1 acquisition during or within 48 hours after the event; nearest post-event acquisition was about four days later.
osm-4748308350-4800316715-0,jakarta-20220118,validation,46.904,tertiary,0,0,0,0,,,unknown,excluded,No full-coverage Sentinel-1 acquisition during or within 48 hours after the event; nearest post-event acquisition was about four days later.
osm-4749962821-4258201115-0,jakarta-20220118,validation,134.79,primary,0,0,0,0,,,unknown,excluded,No full-coverage Sentinel-1 acquisition during or within 48 hours after the event; nearest post-event acquisition was about four days later.
osm-4750115938-5377076423-0,jakarta-20220118,validation,33.937,primary,0,0,0,0,,,unknown,excluded,No full-coverage Sentinel-1 acquisition during or within 48 hours after the event; nearest post-event acquisition was about four days later.
osm-4750115942-4750115943-0,jakarta-20220118,validation,53.289,primary,0,0,0,0,,,unknown,excluded,No full-coverage Sentinel-1 acquisition during or within 48 hours after the event; nearest post-event acquisition was about four days later.
osm-4750115943-9013891776-0,jakarta-20220118,validation,51.042,primary,0,0,0,0,,,unknown,excluded,No full-coverage Sentinel-1 acquisition during or within 48 hours after the event; nearest post-event acquisition was about four days later.
osm-4750115944-9013891773-0,jakarta-20220118,validation,5.376,primary,0,0,0,0,,,unknown,excluded,No full-coverage Sentinel-1 acquisition during or within 48 hours after the event; nearest post-event acquisition was about four days later.
osm-4751894442-13827879018-0,jakarta-20220118,validation,28.051,primary,0,0,0,0,,,unknown,excluded,No full-coverage Sentinel-1 acquisition during or within 48 hours after the event; nearest post-event acquisition was about four days later.
osm-4758805504-12484094370-0,jakarta-20220118,validation,18.811,primary,0,0,0,0,,,unknown,excluded,No full-coverage Sentinel-1 acquisition during or within 48 hours after the event; nearest post-event acquisition was about four days later.
osm-4758806028-7132187495-0,jakarta-20220118,validation,25.923,primary,0,0,0,0,,,unknown,excluded,No full-coverage Sentinel-1 acquisition during or within 48 hours after the event; nearest post-event acquisition was about four days later.
osm-4776087428-104379022-0,jakarta-20220118,validation,104.867,primary,0,0,0,0,,,unknown,excluded,No full-coverage Sentinel-1 acquisition during or within 48 hours after the event; nearest post-event acquisition was about four days later.
osm-4776087446-4776087428-0,jakarta-20220118,validation,74.539,primary,0,0,0,0,,,unknown,excluded,No full-coverage Sentinel-1 acquisition during or within 48 hours after the event; nearest post-event acquisition was about four days later.
osm-4776087714-8562305801-0,jakarta-20220118,validation,39.431,tertiary,0,0,0,0,,,unknown,excluded,No full-coverage Sentinel-1 acquisition during or within 48 hours after the event; nearest post-event acquisition was about four days later.
osm-4776237951-6332607740-0,jakarta-20220118,validation,40.916,primary,0,0,0,0,,,unknown,excluded,No full-coverage Sentinel-1 acquisition during or within 48 hours after the event; nearest post-event acquisition was about four days later.
osm-4776237952-9034273150-0,jakarta-20220118,validation,40.715,primary,0,0,0,0,,,unknown,excluded,No full-coverage Sentinel-1 acquisition during or within 48 hours after the event; nearest post-event acquisition was about four days later.
osm-4776237953-4776237952-0,jakarta-20220118,validation,46.746,primary,0,0,0,0,,,unknown,excluded,No full-coverage Sentinel-1 acquisition during or within 48 hours after the event; nearest post-event acquisition was about four days later.
osm-4776237954-352913456-0,jakarta-20220118,validation,46.085,primary,0,0,0,0,,,unknown,excluded,No full-coverage Sentinel-1 acquisition during or within 48 hours after the event; nearest post-event acquisition was about four days later.
osm-4778418534-4798088843-0,jakarta-20220118,validation,64.383,residential,0,0,0,0,,,unknown,excluded,No full-coverage Sentinel-1 acquisition during or within 48 hours after the event; nearest post-event acquisition was about four days later.
osm-4780597176-5652849428-0,jakarta-20220118,validation,25.72,primary,0,0,0,0,,,unknown,excluded,No full-coverage Sentinel-1 acquisition during or within 48 hours after the event; nearest post-event acquisition was about four days later.
osm-4780724425-9623003134-0,jakarta-20220118,validation,143.927,primary,0,0,0,0,,,unknown,excluded,No full-coverage Sentinel-1 acquisition during or within 48 hours after the event; nearest post-event acquisition was about four days later.
osm-4785715143-308981968-0,jakarta-20220118,validation,141.374,tertiary,0,0,0,0,,,unknown,excluded,No full-coverage Sentinel-1 acquisition during or within 48 hours after the event; nearest post-event acquisition was about four days later.
osm-4785715146-308981969-0,jakarta-20220118,validation,4.38,tertiary,0,0,0,0,,,unknown,excluded,No full-coverage Sentinel-1 acquisition during or within 48 hours after the event; nearest post-event acquisition was about four days later.
osm-4787639954-13752868692-0,jakarta-20220118,validation,106.969,primary,0,0,0,0,,,unknown,excluded,No full-coverage Sentinel-1 acquisition during or within 48 hours after the event; nearest post-event acquisition was about four days later.
osm-4790999401-13701804566-0,jakarta-20220118,validation,170.126,primary,0,0,0,0,,,unknown,excluded,No full-coverage Sentinel-1 acquisition during or within 48 hours after the event; nearest post-event acquisition was about four days later.
osm-4798088843-353136203-0,jakarta-20220118,validation,134.077,residential,0,0,0,0,,,unknown,excluded,No full-coverage Sentinel-1 acquisition during or within 48 hours after the event; nearest post-event acquisition was about four days later.
osm-4798985491-5374644166-0,jakarta-20220118,validation,18.918,primary,0,0,0,0,,,unknown,excluded,No full-coverage Sentinel-1 acquisition during or within 48 hours after the event; nearest post-event acquisition was about four days later.
osm-4800316713-5379957279-0,jakarta-20220118,validation,81.332,tertiary,0,0,0,0,,,unknown,excluded,No full-coverage Sentinel-1 acquisition during or within 48 hours after the event; nearest post-event acquisition was about four days later.
osm-4800316715-5513076675-0,jakarta-20220118,validation,8.24,tertiary,0,0,0,0,,,unknown,excluded,No full-coverage Sentinel-1 acquisition during or within 48 hours after the event; nearest post-event acquisition was about four days later.
osm-4800528562-12744944224-0,jakarta-20220118,validation,17.871,primary,0,0,0,0,,,unknown,excluded,No full-coverage Sentinel-1 acquisition during or within 48 hours after the event; nearest post-event acquisition was about four days later.
osm-4800528564-4800528562-0,jakarta-20220118,validation,85.075,primary,0,0,0,0,,,unknown,excluded,No full-coverage Sentinel-1 acquisition during or within 48 hours after the event; nearest post-event acquisition was about four days later.
osm-4800795887-317182284-0,jakarta-20220118,validation,65.902,primary,0,0,0,0,,,unknown,excluded,No full-coverage Sentinel-1 acquisition during or within 48 hours after the event; nearest post-event acquisition was about four days later.
osm-4804615989-11959843134-0,jakarta-20220118,validation,51.714,primary,0,0,0,0,,,unknown,excluded,No full-coverage Sentinel-1 acquisition during or within 48 hours after the event; nearest post-event acquisition was about four days later.
osm-4815227757-9533845672-0,jakarta-20220118,validation,83.761,tertiary,0,0,0,0,,,unknown,excluded,No full-coverage Sentinel-1 acquisition during or within 48 hours after the event; nearest post-event acquisition was about four days later.
osm-4815227758-5379989630-0,jakarta-20220118,validation,113.006,tertiary,0,0,0,0,,,unknown,excluded,No full-coverage Sentinel-1 acquisition during or within 48 hours after the event; nearest post-event acquisition was about four days later.
osm-4815227762-5379989631-0,jakarta-20220118,validation,98.819,tertiary,0,0,0,0,,,unknown,excluded,No full-coverage Sentinel-1 acquisition during or within 48 hours after the event; nearest post-event acquisition was about four days later.
osm-4822315952-9076429426-0,jakarta-20220118,validation,69.935,trunk,0,0,0,0,,,unknown,excluded,No full-coverage Sentinel-1 acquisition during or within 48 hours after the event; nearest post-event acquisition was about four days later.
osm-4833946442-7756168367-0,jakarta-20220118,validation,100.028,primary,0,0,0,0,,,unknown,excluded,No full-coverage Sentinel-1 acquisition during or within 48 hours after the event; nearest post-event acquisition was about four days later.
osm-4836037554-1161321036-0,jakarta-20220118,validation,45.279,primary,0,0,0,0,,,unknown,excluded,No full-coverage Sentinel-1 acquisition during or within 48 hours after the event; nearest post-event acquisition was about four days later.
osm-4836392226-8810858536-0,jakarta-20220118,validation,66.064,tertiary,0,0,0,0,,,unknown,excluded,No full-coverage Sentinel-1 acquisition during or within 48 hours after the event; nearest post-event acquisition was about four days later.
osm-4836392299-6330385236-0,jakarta-20220118,validation,16.055,primary,0,0,0,0,,,unknown,excluded,No full-coverage Sentinel-1 acquisition during or within 48 hours after the event; nearest post-event acquisition was about four days later.
osm-4842902746-5495680448-0,jakarta-20220118,validation,300.283,primary,0,0,0,0,,,unknown,excluded,No full-coverage Sentinel-1 acquisition during or within 48 hours after the event; nearest post-event acquisition was about four days later.
osm-4848734475-5492419271-0,jakarta-20220118,validation,62.947,trunk,0,0,0,0,,,unknown,excluded,No full-coverage Sentinel-1 acquisition during or within 48 hours after the event; nearest post-event acquisition was about four days later.
osm-4849427375-7132270238-0,jakarta-20220118,validation,43.679,primary,0,0,0,0,,,unknown,excluded,No full-coverage Sentinel-1 acquisition during or within 48 hours after the event; nearest post-event acquisition was about four days later.
osm-4849427376-4849427380-0,jakarta-20220118,validation,67.133,primary,0,0,0,0,,,unknown,excluded,No full-coverage Sentinel-1 acquisition during or within 48 hours after the event; nearest post-event acquisition was about four days later.
osm-4849427377-6547719124-0,jakarta-20220118,validation,354.975,primary,0,0,0,0,,,unknown,excluded,No full-coverage Sentinel-1 acquisition during or within 48 hours after the event; nearest post-event acquisition was about four days later.
osm-4849427380-4849427375-0,jakarta-20220118,validation,58.75,primary,0,0,0,0,,,unknown,excluded,No full-coverage Sentinel-1 acquisition during or within 48 hours after the event; nearest post-event acquisition was about four days later.
osm-4849427383-4849427377-0,jakarta-20220118,validation,178.787,primary,0,0,0,0,,,unknown,excluded,No full-coverage Sentinel-1 acquisition during or within 48 hours after the event; nearest post-event acquisition was about four days later.
osm-4849427384-4849427376-0,jakarta-20220118,validation,185.408,primary,0,0,0,0,,,unknown,excluded,No full-coverage Sentinel-1 acquisition during or within 48 hours after the event; nearest post-event acquisition was about four days later.
osm-4849427384-4849427383-0,jakarta-20220118,validation,9.652,primary_link,0,0,0,0,,,unknown,excluded,No full-coverage Sentinel-1 acquisition during or within 48 hours after the event; nearest post-event acquisition was about four days later.
osm-4849427386-6910883258-0,jakarta-20220118,validation,18.826,primary,0,0,0,0,,,unknown,excluded,No full-coverage Sentinel-1 acquisition during or within 48 hours after the event; nearest post-event acquisition was about four days later.
osm-4849427387-5374643987-0,jakarta-20220118,validation,13.421,primary,0,0,0,0,,,unknown,excluded,No full-coverage Sentinel-1 acquisition during or within 48 hours after the event; nearest post-event acquisition was about four days later.
osm-4849427390-4849427404-0,jakarta-20220118,validation,23.676,primary,0,0,0,0,,,unknown,excluded,No full-coverage Sentinel-1 acquisition during or within 48 hours after the event; nearest post-event acquisition was about four days later.
osm-4849427395-5373977800-0,jakarta-20220118,validation,54.166,primary,0,0,0,0,,,unknown,excluded,No full-coverage Sentinel-1 acquisition during or within 48 hours after the event; nearest post-event acquisition was about four days later.
osm-4849427396-13849518632-0,jakarta-20220118,validation,7.629,primary,0,0,0,0,,,unknown,excluded,No full-coverage Sentinel-1 acquisition during or within 48 hours after the event; nearest post-event acquisition was about four days later.
osm-4849427404-6471562381-0,jakarta-20220118,validation,92.635,primary,0,0,0,0,,,unknown,excluded,No full-coverage Sentinel-1 acquisition during or within 48 hours after the event; nearest post-event acquisition was about four days later.
osm-4849427405-4849427390-0,jakarta-20220118,validation,21.439,primary,0,0,0,0,,,unknown,excluded,No full-coverage Sentinel-1 acquisition during or within 48 hours after the event; nearest post-event acquisition was about four days later.
osm-4849427408-4758806028-0,jakarta-20220118,validation,19.889,primary,0,0,0,0,,,unknown,excluded,No full-coverage Sentinel-1 acquisition during or within 48 hours after the event; nearest post-event acquisition was about four days later.
osm-4849427410-9009398139-0,jakarta-20220118,validation,107.665,primary,0,0,0,0,,,unknown,excluded,No full-coverage Sentinel-1 acquisition during or within 48 hours after the event; nearest post-event acquisition was about four days later.
osm-4849427412-9491842326-0,jakarta-20220118,validation,34.397,primary,0,0,0,0,,,unknown,excluded,No full-coverage Sentinel-1 acquisition during or within 48 hours after the event; nearest post-event acquisition was about four days later.
osm-4849427413-4849427412-0,jakarta-20220118,validation,63.714,primary,0,0,0,0,,,unknown,excluded,No full-coverage Sentinel-1 acquisition during or within 48 hours after the event; nearest post-event acquisition was about four days later.
osm-4849427416-13849518628-0,jakarta-20220118,validation,19.656,primary,0,0,0,0,,,unknown,excluded,No full-coverage Sentinel-1 acquisition during or within 48 hours after the event; nearest post-event acquisition was about four days later.
osm-4849427419-5671081801-0,jakarta-20220118,validation,18.048,primary,0,0,0,0,,,unknown,excluded,No full-coverage Sentinel-1 acquisition during or within 48 hours after the event; nearest post-event acquisition was about four days later.
osm-4849427421-8509975229-0,jakarta-20220118,validation,18.398,primary,0,0,0,0,,,unknown,excluded,No full-coverage Sentinel-1 acquisition during or within 48 hours after the event; nearest post-event acquisition was about four days later.
osm-4849427423-7694410074-0,jakarta-20220118,validation,23.882,primary,0,0,0,0,,,unknown,excluded,No full-coverage Sentinel-1 acquisition during or within 48 hours after the event; nearest post-event acquisition was about four days later.
osm-4859114434-7052519688-0,jakarta-20220118,validation,57.459,trunk,0,0,0,0,,,unknown,excluded,No full-coverage Sentinel-1 acquisition during or within 48 hours after the event; nearest post-event acquisition was about four days later.
osm-4859118379-103363767-0,jakarta-20220118,validation,89.991,trunk,0,0,0,0,,,unknown,excluded,No full-coverage Sentinel-1 acquisition during or within 48 hours after the event; nearest post-event acquisition was about four days later.
osm-4867479520-9110087936-0,jakarta-20220118,validation,88.491,primary,0,0,0,0,,,unknown,excluded,No full-coverage Sentinel-1 acquisition during or within 48 hours after the event; nearest post-event acquisition was about four days later.
osm-4871926644-310003265-0,jakarta-20220118,validation,71.968,tertiary,0,0,0,0,,,unknown,excluded,No full-coverage Sentinel-1 acquisition during or within 48 hours after the event; nearest post-event acquisition was about four days later.
osm-4871926648-4871926644-0,jakarta-20220118,validation,70.17,primary_link,0,0,0,0,,,unknown,excluded,No full-coverage Sentinel-1 acquisition during or within 48 hours after the event; nearest post-event acquisition was about four days later.
osm-4871938615-13453416794-0,jakarta-20220118,validation,53.405,primary,0,0,0,0,,,unknown,excluded,No full-coverage Sentinel-1 acquisition during or within 48 hours after the event; nearest post-event acquisition was about four days later.
osm-4877552983-5076459507-0,jakarta-20220118,validation,101.402,primary,0,0,0,0,,,unknown,excluded,No full-coverage Sentinel-1 acquisition during or within 48 hours after the event; nearest post-event acquisition was about four days later.
osm-4877552990-4877552983-0,jakarta-20220118,validation,26.478,primary,0,0,0,0,,,unknown,excluded,No full-coverage Sentinel-1 acquisition during or within 48 hours after the event; nearest post-event acquisition was about four days later.
osm-4886801320-9531485215-0,jakarta-20220118,validation,59.514,primary,0,0,0,0,,,unknown,excluded,No full-coverage Sentinel-1 acquisition during or within 48 hours after the event; nearest post-event acquisition was about four days later.
osm-4899821967-315746992-0,jakarta-20220118,validation,55.755,primary,0,0,0,0,,,unknown,excluded,No full-coverage Sentinel-1 acquisition during or within 48 hours after the event; nearest post-event acquisition was about four days later.
osm-4900765662-316412129-0,jakarta-20220118,validation,55.793,primary,0,0,0,0,,,unknown,excluded,No full-coverage Sentinel-1 acquisition during or within 48 hours after the event; nearest post-event acquisition was about four days later.
osm-4907168866-9673797651-0,jakarta-20220118,validation,422.855,primary,0,0,0,0,,,unknown,excluded,No full-coverage Sentinel-1 acquisition during or within 48 hours after the event; nearest post-event acquisition was about four days later.
osm-4911942116-11484348759-0,jakarta-20220118,validation,25.162,trunk,0,0,0,0,,,unknown,excluded,No full-coverage Sentinel-1 acquisition during or within 48 hours after the event; nearest post-event acquisition was about four days later.
osm-4911942117-4911942119-0,jakarta-20220118,validation,61.497,trunk,0,0,0,0,,,unknown,excluded,No full-coverage Sentinel-1 acquisition during or within 48 hours after the event; nearest post-event acquisition was about four days later.
osm-4911942119-4911942116-0,jakarta-20220118,validation,76.372,trunk,0,0,0,0,,,unknown,excluded,No full-coverage Sentinel-1 acquisition during or within 48 hours after the event; nearest post-event acquisition was about four days later.
osm-4914353827-1135190117-0,jakarta-20220118,validation,152.305,trunk,0,0,0,0,,,unknown,excluded,No full-coverage Sentinel-1 acquisition during or within 48 hours after the event; nearest post-event acquisition was about four days later.
osm-4914353854-6451021641-0,jakarta-20220118,validation,52.064,trunk,0,0,0,0,,,unknown,excluded,No full-coverage Sentinel-1 acquisition during or within 48 hours after the event; nearest post-event acquisition was about four days later.
osm-4914353893-9509715193-0,jakarta-20220118,validation,13.576,trunk,0,0,0,0,,,unknown,excluded,No full-coverage Sentinel-1 acquisition during or within 48 hours after the event; nearest post-event acquisition was about four days later.
osm-4925793717-9695095403-0,jakarta-20220118,validation,37.827,secondary,0,0,0,0,,,unknown,excluded,No full-coverage Sentinel-1 acquisition during or within 48 hours after the event; nearest post-event acquisition was about four days later.
osm-4926601878-4900765662-0,jakarta-20220118,validation,123.152,primary,0,0,0,0,,,unknown,excluded,No full-coverage Sentinel-1 acquisition during or within 48 hours after the event; nearest post-event acquisition was about four days later.
osm-4948526884-5673841364-0,jakarta-20220118,validation,220.311,primary,0,0,0,0,,,unknown,excluded,No full-coverage Sentinel-1 acquisition during or within 48 hours after the event; nearest post-event acquisition was about four days later.
osm-4953838327-4877552990-0,jakarta-20220118,validation,142.16,primary,0,0,0,0,,,unknown,excluded,No full-coverage Sentinel-1 acquisition during or within 48 hours after the event; nearest post-event acquisition was about four days later.
osm-4963127052-8434800015-0,jakarta-20220118,validation,35.732,primary,0,0,0,0,,,unknown,excluded,No full-coverage Sentinel-1 acquisition during or within 48 hours after the event; nearest post-event acquisition was about four days later.
osm-4963127056-13606475657-0,jakarta-20220118,validation,22.789,primary,0,0,0,0,,,unknown,excluded,No full-coverage Sentinel-1 acquisition during or within 48 hours after the event; nearest post-event acquisition was about four days later.
osm-4963127061-4963127056-0,jakarta-20220118,validation,39.412,primary,0,0,0,0,,,unknown,excluded,No full-coverage Sentinel-1 acquisition during or within 48 hours after the event; nearest post-event acquisition was about four days later.
osm-4963127289-13606201410-0,jakarta-20220118,validation,6.279,primary,0,0,0,0,,,unknown,excluded,No full-coverage Sentinel-1 acquisition during or within 48 hours after the event; nearest post-event acquisition was about four days later.
osm-4982201706-5379777249-0,jakarta-20220118,validation,10.521,tertiary,0,0,0,0,,,unknown,excluded,No full-coverage Sentinel-1 acquisition during or within 48 hours after the event; nearest post-event acquisition was about four days later.
osm-4982201717-13586347373-0,jakarta-20220118,validation,48.044,tertiary,0,0,0,0,,,unknown,excluded,No full-coverage Sentinel-1 acquisition during or within 48 hours after the event; nearest post-event acquisition was about four days later.
osm-4986680276-5459235880-0,jakarta-20220118,validation,6.548,primary,0,0,0,0,,,unknown,excluded,No full-coverage Sentinel-1 acquisition during or within 48 hours after the event; nearest post-event acquisition was about four days later.
osm-4986680280-4986680276-0,jakarta-20220118,validation,33.974,primary,0,0,0,0,,,unknown,excluded,No full-coverage Sentinel-1 acquisition during or within 48 hours after the event; nearest post-event acquisition was about four days later.
osm-4990059009-3763648673-0,jakarta-20220118,validation,51.727,primary,0,0,0,0,,,unknown,excluded,No full-coverage Sentinel-1 acquisition during or within 48 hours after the event; nearest post-event acquisition was about four days later.
osm-4990059014-6459341771-0,jakarta-20220118,validation,223.619,primary,0,0,0,0,,,unknown,excluded,No full-coverage Sentinel-1 acquisition during or within 48 hours after the event; nearest post-event acquisition was about four days later.
osm-4990059477-2516439291-0,jakarta-20220118,validation,54.17,primary,0,0,0,0,,,unknown,excluded,No full-coverage Sentinel-1 acquisition during or within 48 hours after the event; nearest post-event acquisition was about four days later.
osm-4990059505-4990059507-0,jakarta-20220118,validation,97.028,primary,0,0,0,0,,,unknown,excluded,No full-coverage Sentinel-1 acquisition during or within 48 hours after the event; nearest post-event acquisition was about four days later.
osm-4990059507-4990059477-0,jakarta-20220118,validation,502.377,primary,0,0,0,0,,,unknown,excluded,No full-coverage Sentinel-1 acquisition during or within 48 hours after the event; nearest post-event acquisition was about four days later.
osm-4990059515-4990059505-0,jakarta-20220118,validation,106.09,primary,0,0,0,0,,,unknown,excluded,No full-coverage Sentinel-1 acquisition during or within 48 hours after the event; nearest post-event acquisition was about four days later.
osm-4993841487-12530400916-0,jakarta-20220118,validation,31.271,primary_link,0,0,0,0,,,unknown,excluded,No full-coverage Sentinel-1 acquisition during or within 48 hours after the event; nearest post-event acquisition was about four days later.
osm-4996688468-5671267899-0,jakarta-20220118,validation,116.886,primary,0,0,0,0,,,unknown,excluded,No full-coverage Sentinel-1 acquisition during or within 48 hours after the event; nearest post-event acquisition was about four days later.
osm-4999344155-302230529-0,jakarta-20220118,validation,24.056,primary,0,0,0,0,,,unknown,excluded,No full-coverage Sentinel-1 acquisition during or within 48 hours after the event; nearest post-event acquisition was about four days later.
osm-4999344324-9009429383-0,jakarta-20220118,validation,83.245,primary,0,0,0,0,,,unknown,excluded,No full-coverage Sentinel-1 acquisition during or within 48 hours after the event; nearest post-event acquisition was about four days later.
osm-5004550057-13750328259-0,jakarta-20220118,validation,5.187,primary,0,0,0,0,,,unknown,excluded,No full-coverage Sentinel-1 acquisition during or within 48 hours after the event; nearest post-event acquisition was about four days later.
osm-5006633608-7055776846-0,jakarta-20220118,validation,385.866,primary,0,0,0,0,,,unknown,excluded,No full-coverage Sentinel-1 acquisition during or within 48 hours after the event; nearest post-event acquisition was about four days later.
osm-5006647254-4505735373-0,jakarta-20220118,validation,707.203,primary,0,0,0,0,,,unknown,excluded,No full-coverage Sentinel-1 acquisition during or within 48 hours after the event; nearest post-event acquisition was about four days later.
osm-5009348129-104366006-0,jakarta-20220118,validation,76.911,secondary,0,0,0,0,,,unknown,excluded,No full-coverage Sentinel-1 acquisition during or within 48 hours after the event; nearest post-event acquisition was about four days later.
osm-5009351128-191505992-0,jakarta-20220118,validation,25.286,secondary,0,0,0,0,,,unknown,excluded,No full-coverage Sentinel-1 acquisition during or within 48 hours after the event; nearest post-event acquisition was about four days later.
osm-5010888460-4907168866-0,jakarta-20220118,validation,63.639,residential,0,0,0,0,,,unknown,excluded,No full-coverage Sentinel-1 acquisition during or within 48 hours after the event; nearest post-event acquisition was about four days later.
osm-5013211786-104366013-0,jakarta-20220118,validation,38.405,secondary,0,0,0,0,,,unknown,excluded,No full-coverage Sentinel-1 acquisition during or within 48 hours after the event; nearest post-event acquisition was about four days later.
osm-5023930574-5371876858-0,jakarta-20220118,validation,42.699,trunk,0,0,0,0,,,unknown,excluded,No full-coverage Sentinel-1 acquisition during or within 48 hours after the event; nearest post-event acquisition was about four days later.
osm-5046365476-309941703-0,jakarta-20220118,validation,31.638,primary,0,0,0,0,,,unknown,excluded,No full-coverage Sentinel-1 acquisition during or within 48 hours after the event; nearest post-event acquisition was about four days later.
osm-5046365477-5046365476-0,jakarta-20220118,validation,9.88,primary,0,0,0,0,,,unknown,excluded,No full-coverage Sentinel-1 acquisition during or within 48 hours after the event; nearest post-event acquisition was about four days later.
osm-5056597570-3266396596-0,jakarta-20220118,validation,47.036,trunk,0,0,0,0,,,unknown,excluded,No full-coverage Sentinel-1 acquisition during or within 48 hours after the event; nearest post-event acquisition was about four days later.
osm-5065375426-29939146-0,jakarta-20220118,validation,32.554,secondary,0,0,0,0,,,unknown,excluded,No full-coverage Sentinel-1 acquisition during or within 48 hours after the event; nearest post-event acquisition was about four days later.
osm-5068494018-7131628852-0,jakarta-20220118,validation,37.691,residential,0,0,0,0,,,unknown,excluded,No full-coverage Sentinel-1 acquisition during or within 48 hours after the event; nearest post-event acquisition was about four days later.
osm-5068494251-5068494018-0,jakarta-20220118,validation,46.514,residential,0,0,0,0,,,unknown,excluded,No full-coverage Sentinel-1 acquisition during or within 48 hours after the event; nearest post-event acquisition was about four days later.
osm-5068494252-6907714745-0,jakarta-20220118,validation,226.869,residential,0,0,0,0,,,unknown,excluded,No full-coverage Sentinel-1 acquisition during or within 48 hours after the event; nearest post-event acquisition was about four days later.
osm-5068494260-5380146177-0,jakarta-20220118,validation,11.523,residential,0,0,0,0,,,unknown,excluded,No full-coverage Sentinel-1 acquisition during or within 48 hours after the event; nearest post-event acquisition was about four days later.
osm-5068494261-5068494263-0,jakarta-20220118,validation,54.991,residential,0,0,0,0,,,unknown,excluded,No full-coverage Sentinel-1 acquisition during or within 48 hours after the event; nearest post-event acquisition was about four days later.
osm-5068494263-5068494267-0,jakarta-20220118,validation,52.081,residential,0,0,0,0,,,unknown,excluded,No full-coverage Sentinel-1 acquisition during or within 48 hours after the event; nearest post-event acquisition was about four days later.
osm-5068494267-1420142081-0,jakarta-20220118,validation,21.009,residential,0,0,0,0,,,unknown,excluded,No full-coverage Sentinel-1 acquisition during or within 48 hours after the event; nearest post-event acquisition was about four days later.
osm-5076459507-3507893559-0,jakarta-20220118,validation,602.764,primary,0,0,0,0,,,unknown,excluded,No full-coverage Sentinel-1 acquisition during or within 48 hours after the event; nearest post-event acquisition was about four days later.
osm-5078382194-1321228541-0,jakarta-20220118,validation,239.417,primary,0,0,0,0,,,unknown,excluded,No full-coverage Sentinel-1 acquisition during or within 48 hours after the event; nearest post-event acquisition was about four days later.
osm-5078382203-7530848743-0,jakarta-20220118,validation,26.207,primary,0,0,0,0,,,unknown,excluded,No full-coverage Sentinel-1 acquisition during or within 48 hours after the event; nearest post-event acquisition was about four days later.
osm-5078382208-1345781623-0,jakarta-20220118,validation,282.406,primary,0,0,0,0,,,unknown,excluded,No full-coverage Sentinel-1 acquisition during or within 48 hours after the event; nearest post-event acquisition was about four days later.
osm-5078382212-5078382208-0,jakarta-20220118,validation,110.599,primary,0,0,0,0,,,unknown,excluded,No full-coverage Sentinel-1 acquisition during or within 48 hours after the event; nearest post-event acquisition was about four days later.
osm-5112284316-4551137763-0,jakarta-20220118,validation,91.678,trunk,0,0,0,0,,,unknown,excluded,No full-coverage Sentinel-1 acquisition during or within 48 hours after the event; nearest post-event acquisition was about four days later.
osm-5112682630-7140306354-0,jakarta-20220118,validation,10.842,trunk,0,0,0,0,,,unknown,excluded,No full-coverage Sentinel-1 acquisition during or within 48 hours after the event; nearest post-event acquisition was about four days later.
osm-5172730315-2882028353-0,jakarta-20220118,validation,70.582,secondary,0,0,0,0,,,unknown,excluded,No full-coverage Sentinel-1 acquisition during or within 48 hours after the event; nearest post-event acquisition was about four days later.
osm-5174097479-7756153695-0,jakarta-20220118,validation,118.87,primary,0,0,0,0,,,unknown,excluded,No full-coverage Sentinel-1 acquisition during or within 48 hours after the event; nearest post-event acquisition was about four days later.
osm-5189820259-13366216191-0,jakarta-20220118,validation,9.003,primary,0,0,0,0,,,unknown,excluded,No full-coverage Sentinel-1 acquisition during or within 48 hours after the event; nearest post-event acquisition was about four days later.
osm-5189841649-10132911307-0,jakarta-20220118,validation,37.595,tertiary,0,0,0,0,,,unknown,excluded,No full-coverage Sentinel-1 acquisition during or within 48 hours after the event; nearest post-event acquisition was about four days later.
osm-5201675286-7055752942-0,jakarta-20220118,validation,88.644,primary,0,0,0,0,,,unknown,excluded,No full-coverage Sentinel-1 acquisition during or within 48 hours after the event; nearest post-event acquisition was about four days later.
osm-5201675288-5201675286-0,jakarta-20220118,validation,13.088,primary,0,0,0,0,,,unknown,excluded,No full-coverage Sentinel-1 acquisition during or within 48 hours after the event; nearest post-event acquisition was about four days later.
osm-5205645925-10090309238-0,jakarta-20220118,validation,1.899,primary,0,0,0,0,,,unknown,excluded,No full-coverage Sentinel-1 acquisition during or within 48 hours after the event; nearest post-event acquisition was about four days later.
osm-5227396653-9013059182-0,jakarta-20220118,validation,42.713,primary,0,0,0,0,,,unknown,excluded,No full-coverage Sentinel-1 acquisition during or within 48 hours after the event; nearest post-event acquisition was about four days later.
osm-5230379695-104364332-0,jakarta-20220118,validation,706.751,primary,0,0,0,0,,,unknown,excluded,No full-coverage Sentinel-1 acquisition during or within 48 hours after the event; nearest post-event acquisition was about four days later.
osm-5290941766-5078382212-0,jakarta-20220118,validation,285.98,primary,0,0,0,0,,,unknown,excluded,No full-coverage Sentinel-1 acquisition during or within 48 hours after the event; nearest post-event acquisition was about four days later.
osm-5334300227-4785715143-0,jakarta-20220118,validation,61.25,tertiary,0,0,0,0,,,unknown,excluded,No full-coverage Sentinel-1 acquisition during or within 48 hours after the event; nearest post-event acquisition was about four days later.
osm-5354213657-2210464501-0,jakarta-20220118,validation,148.704,primary,0,0,0,0,,,unknown,excluded,No full-coverage Sentinel-1 acquisition during or within 48 hours after the event; nearest post-event acquisition was about four days later.
osm-5354213698-1675425882-0,jakarta-20220118,validation,52.498,primary,0,0,0,0,,,unknown,excluded,No full-coverage Sentinel-1 acquisition during or within 48 hours after the event; nearest post-event acquisition was about four days later.
osm-5354213822-12688243259-0,jakarta-20220118,validation,7.574,primary,0,0,0,0,,,unknown,excluded,No full-coverage Sentinel-1 acquisition during or within 48 hours after the event; nearest post-event acquisition was about four days later.
osm-5371596264-7120393920-0,jakarta-20220118,validation,35.202,primary,0,0,0,0,,,unknown,excluded,No full-coverage Sentinel-1 acquisition during or within 48 hours after the event; nearest post-event acquisition was about four days later.
osm-5371596268-7120341842-0,jakarta-20220118,validation,7.57,primary,0,0,0,0,,,unknown,excluded,No full-coverage Sentinel-1 acquisition during or within 48 hours after the event; nearest post-event acquisition was about four days later.
osm-5371596275-5004550057-0,jakarta-20220118,validation,101.412,primary,0,0,0,0,,,unknown,excluded,No full-coverage Sentinel-1 acquisition during or within 48 hours after the event; nearest post-event acquisition was about four days later.
osm-5371876858-310080557-0,jakarta-20220118,validation,19.364,trunk,0,0,0,0,,,unknown,excluded,No full-coverage Sentinel-1 acquisition during or within 48 hours after the event; nearest post-event acquisition was about four days later.
osm-5372018440-6333252911-0,jakarta-20220118,validation,40.167,secondary,0,0,0,0,,,unknown,excluded,No full-coverage Sentinel-1 acquisition during or within 48 hours after the event; nearest post-event acquisition was about four days later.
osm-5372018448-5009348129-0,jakarta-20220118,validation,136.318,secondary,0,0,0,0,,,unknown,excluded,No full-coverage Sentinel-1 acquisition during or within 48 hours after the event; nearest post-event acquisition was about four days later.
osm-5372018508-6332594575-0,jakarta-20220118,validation,59.023,primary,0,0,0,0,,,unknown,excluded,No full-coverage Sentinel-1 acquisition during or within 48 hours after the event; nearest post-event acquisition was about four days later.
osm-5372153126-6486347952-0,jakarta-20220118,validation,23.508,trunk,0,0,0,0,,,unknown,excluded,No full-coverage Sentinel-1 acquisition during or within 48 hours after the event; nearest post-event acquisition was about four days later.
osm-5372153133-12202088425-0,jakarta-20220118,validation,19.402,trunk,0,0,0,0,,,unknown,excluded,No full-coverage Sentinel-1 acquisition during or within 48 hours after the event; nearest post-event acquisition was about four days later.
osm-5372153134-5372153137-0,jakarta-20220118,validation,34.516,trunk,0,0,0,0,,,unknown,excluded,No full-coverage Sentinel-1 acquisition during or within 48 hours after the event; nearest post-event acquisition was about four days later.
osm-5372153137-5673841347-0,jakarta-20220118,validation,12.661,trunk,0,0,0,0,,,unknown,excluded,No full-coverage Sentinel-1 acquisition during or within 48 hours after the event; nearest post-event acquisition was about four days later.
osm-5372153144-9647927422-0,jakarta-20220118,validation,8.725,trunk,0,0,0,0,,,unknown,excluded,No full-coverage Sentinel-1 acquisition during or within 48 hours after the event; nearest post-event acquisition was about four days later.
osm-5372153147-6831185205-0,jakarta-20220118,validation,39.999,trunk,0,0,0,0,,,unknown,excluded,No full-coverage Sentinel-1 acquisition during or within 48 hours after the event; nearest post-event acquisition was about four days later.
osm-5372153151-9486332419-0,jakarta-20220118,validation,35.004,trunk,0,0,0,0,,,unknown,excluded,No full-coverage Sentinel-1 acquisition during or within 48 hours after the event; nearest post-event acquisition was about four days later.
osm-5372153155-9003292724-0,jakarta-20220118,validation,108.503,trunk,0,0,0,0,,,unknown,excluded,No full-coverage Sentinel-1 acquisition during or within 48 hours after the event; nearest post-event acquisition was about four days later.
osm-5372153165-5372153166-0,jakarta-20220118,validation,106.787,trunk,0,0,0,0,,,unknown,excluded,No full-coverage Sentinel-1 acquisition during or within 48 hours after the event; nearest post-event acquisition was about four days later.
osm-5372153166-5372153186-0,jakarta-20220118,validation,134.559,trunk,0,0,0,0,,,unknown,excluded,No full-coverage Sentinel-1 acquisition during or within 48 hours after the event; nearest post-event acquisition was about four days later.
osm-5372153186-11438846310-0,jakarta-20220118,validation,20.044,trunk,0,0,0,0,,,unknown,excluded,No full-coverage Sentinel-1 acquisition during or within 48 hours after the event; nearest post-event acquisition was about four days later.
osm-5372153187-6451233570-0,jakarta-20220118,validation,200.392,trunk,0,0,0,0,,,unknown,excluded,No full-coverage Sentinel-1 acquisition during or within 48 hours after the event; nearest post-event acquisition was about four days later.
osm-5373820573-9032080365-0,jakarta-20220118,validation,11.311,primary,0,0,0,0,,,unknown,excluded,No full-coverage Sentinel-1 acquisition during or within 48 hours after the event; nearest post-event acquisition was about four days later.
osm-5373977777-4849427405-0,jakarta-20220118,validation,26.327,primary,0,0,0,0,,,unknown,excluded,No full-coverage Sentinel-1 acquisition during or within 48 hours after the event; nearest post-event acquisition was about four days later.
osm-5373977782-4849427421-0,jakarta-20220118,validation,62.126,primary,0,0,0,0,,,unknown,excluded,No full-coverage Sentinel-1 acquisition during or within 48 hours after the event; nearest post-event acquisition was about four days later.
osm-5373977783-4849427396-0,jakarta-20220118,validation,89.029,primary,0,0,0,0,,,unknown,excluded,No full-coverage Sentinel-1 acquisition during or within 48 hours after the event; nearest post-event acquisition was about four days later.
osm-5373977800-4849427413-0,jakarta-20220118,validation,39.974,primary,0,0,0,0,,,unknown,excluded,No full-coverage Sentinel-1 acquisition during or within 48 hours after the event; nearest post-event acquisition was about four days later.
osm-5374005699-4849427395-0,jakarta-20220118,validation,29.335,primary,0,0,0,0,,,unknown,excluded,No full-coverage Sentinel-1 acquisition during or within 48 hours after the event; nearest post-event acquisition was about four days later.
osm-5374199556-29939148-0,jakarta-20220118,validation,9.209,secondary,0,0,0,0,,,unknown,excluded,No full-coverage Sentinel-1 acquisition during or within 48 hours after the event; nearest post-event acquisition was about four days later.
osm-5374282148-11076463250-0,jakarta-20220118,validation,64.693,primary,0,0,0,0,,,unknown,excluded,No full-coverage Sentinel-1 acquisition during or within 48 hours after the event; nearest post-event acquisition was about four days later.
osm-5374282155-5377151799-0,jakarta-20220118,validation,14.744,primary,0,0,0,0,,,unknown,excluded,No full-coverage Sentinel-1 acquisition during or within 48 hours after the event; nearest post-event acquisition was about four days later.
osm-5374282198-6315624963-0,jakarta-20220118,validation,63.772,primary,0,0,0,0,,,unknown,excluded,No full-coverage Sentinel-1 acquisition during or within 48 hours after the event; nearest post-event acquisition was about four days later.
osm-5374282375-7103903985-0,jakarta-20220118,validation,806.303,primary,0,0,0,0,,,unknown,excluded,No full-coverage Sentinel-1 acquisition during or within 48 hours after the event; nearest post-event acquisition was about four days later.
osm-5374290437-186871954-0,jakarta-20220118,validation,79.88,primary,0,0,0,0,,,unknown,excluded,No full-coverage Sentinel-1 acquisition during or within 48 hours after the event; nearest post-event acquisition was about four days later.
osm-5374380799-1675488274-0,jakarta-20220118,validation,9.532,primary,0,0,0,0,,,unknown,excluded,No full-coverage Sentinel-1 acquisition during or within 48 hours after the event; nearest post-event acquisition was about four days later.
osm-5374643987-9648835249-0,jakarta-20220118,validation,48.107,primary,0,0,0,0,,,unknown,excluded,No full-coverage Sentinel-1 acquisition during or within 48 hours after the event; nearest post-event acquisition was about four days later.
osm-5374644166-7015230199-0,jakarta-20220118,validation,18.29,primary,0,0,0,0,,,unknown,excluded,No full-coverage Sentinel-1 acquisition during or within 48 hours after the event; nearest post-event acquisition was about four days later.
osm-5374804742-4758805504-0,jakarta-20220118,validation,37.119,primary,0,0,0,0,,,unknown,excluded,No full-coverage Sentinel-1 acquisition during or within 48 hours after the event; nearest post-event acquisition was about four days later.
osm-5374804752-5374804742-0,jakarta-20220118,validation,23.744,primary,0,0,0,0,,,unknown,excluded,No full-coverage Sentinel-1 acquisition during or within 48 hours after the event; nearest post-event acquisition was about four days later.
osm-5374804755-5374804752-0,jakarta-20220118,validation,25.306,primary,0,0,0,0,,,unknown,excluded,No full-coverage Sentinel-1 acquisition during or within 48 hours after the event; nearest post-event acquisition was about four days later.
osm-5377076414-5377076416-0,jakarta-20220118,validation,44.553,primary,0,0,0,0,,,unknown,excluded,No full-coverage Sentinel-1 acquisition during or within 48 hours after the event; nearest post-event acquisition was about four days later.
osm-5377076416-11237483572-0,jakarta-20220118,validation,5.019,primary,0,0,0,0,,,unknown,excluded,No full-coverage Sentinel-1 acquisition during or within 48 hours after the event; nearest post-event acquisition was about four days later.
osm-5377076421-9019122232-0,jakarta-20220118,validation,41.788,primary,0,0,0,0,,,unknown,excluded,No full-coverage Sentinel-1 acquisition during or within 48 hours after the event; nearest post-event acquisition was about four days later.
osm-5377076423-5377076421-0,jakarta-20220118,validation,56.823,primary,0,0,0,0,,,unknown,excluded,No full-coverage Sentinel-1 acquisition during or within 48 hours after the event; nearest post-event acquisition was about four days later.
osm-5377076552-9708579924-0,jakarta-20220118,validation,109.547,primary,0,0,0,0,,,unknown,excluded,No full-coverage Sentinel-1 acquisition during or within 48 hours after the event; nearest post-event acquisition was about four days later.
osm-5377076560-315198778-0,jakarta-20220118,validation,24.222,primary,0,0,0,0,,,unknown,excluded,No full-coverage Sentinel-1 acquisition during or within 48 hours after the event; nearest post-event acquisition was about four days later.
osm-5377151799-6315603275-0,jakarta-20220118,validation,6.482,primary,0,0,0,0,,,unknown,excluded,No full-coverage Sentinel-1 acquisition during or within 48 hours after the event; nearest post-event acquisition was about four days later.
osm-5377177680-9019104733-0,jakarta-20220118,validation,55.794,primary,0,0,0,0,,,unknown,excluded,No full-coverage Sentinel-1 acquisition during or within 48 hours after the event; nearest post-event acquisition was about four days later.
osm-5377177693-6320275018-0,jakarta-20220118,validation,10.467,primary,0,0,0,0,,,unknown,excluded,No full-coverage Sentinel-1 acquisition during or within 48 hours after the event; nearest post-event acquisition was about four days later.
osm-5377178522-5377178527-0,jakarta-20220118,validation,44.554,primary,0,0,0,0,,,unknown,excluded,No full-coverage Sentinel-1 acquisition during or within 48 hours after the event; nearest post-event acquisition was about four days later.
osm-5377178527-5669078465-0,jakarta-20220118,validation,10.185,primary,0,0,0,0,,,unknown,excluded,No full-coverage Sentinel-1 acquisition during or within 48 hours after the event; nearest post-event acquisition was about four days later.
osm-5377313966-7192466992-0,jakarta-20220118,validation,44.347,residential,0,0,0,0,,,unknown,excluded,No full-coverage Sentinel-1 acquisition during or within 48 hours after the event; nearest post-event acquisition was about four days later.
osm-5377313967-5377313966-0,jakarta-20220118,validation,59.832,residential,0,0,0,0,,,unknown,excluded,No full-coverage Sentinel-1 acquisition during or within 48 hours after the event; nearest post-event acquisition was about four days later.
osm-5377313968-13913580148-0,jakarta-20220118,validation,27.115,service,0,0,0,0,,,unknown,excluded,No full-coverage Sentinel-1 acquisition during or within 48 hours after the event; nearest post-event acquisition was about four days later.
osm-5377313978-5377313968-0,jakarta-20220118,validation,31.982,service,0,0,0,0,,,unknown,excluded,No full-coverage Sentinel-1 acquisition during or within 48 hours after the event; nearest post-event acquisition was about four days later.
osm-5379663307-5379667458-0,jakarta-20220118,validation,29.681,trunk,0,0,0,0,,,unknown,excluded,No full-coverage Sentinel-1 acquisition during or within 48 hours after the event; nearest post-event acquisition was about four days later.
osm-5379667162-12799849299-0,jakarta-20220118,validation,39.96,trunk,0,0,0,0,,,unknown,excluded,No full-coverage Sentinel-1 acquisition during or within 48 hours after the event; nearest post-event acquisition was about four days later.
osm-5379667437-7131381422-0,jakarta-20220118,validation,85.36,trunk,0,0,0,0,,,unknown,excluded,No full-coverage Sentinel-1 acquisition during or within 48 hours after the event; nearest post-event acquisition was about four days later.
osm-5379667449-7697810036-0,jakarta-20220118,validation,33.332,trunk,0,0,0,0,,,unknown,excluded,No full-coverage Sentinel-1 acquisition during or within 48 hours after the event; nearest post-event acquisition was about four days later.
osm-5379667458-5379667449-0,jakarta-20220118,validation,28.088,trunk,0,0,0,0,,,unknown,excluded,No full-coverage Sentinel-1 acquisition during or within 48 hours after the event; nearest post-event acquisition was about four days later.
osm-5379667472-10788400699-0,jakarta-20220118,validation,16.849,trunk,0,0,0,0,,,unknown,excluded,No full-coverage Sentinel-1 acquisition during or within 48 hours after the event; nearest post-event acquisition was about four days later.
osm-5379667478-5379663307-0,jakarta-20220118,validation,53.639,trunk,0,0,0,0,,,unknown,excluded,No full-coverage Sentinel-1 acquisition during or within 48 hours after the event; nearest post-event acquisition was about four days later.
osm-5379767874-10654460939-0,jakarta-20220118,validation,108.786,secondary,0,0,0,0,,,unknown,excluded,No full-coverage Sentinel-1 acquisition during or within 48 hours after the event; nearest post-event acquisition was about four days later.
osm-5379767891-5380146201-0,jakarta-20220118,validation,38.796,residential,0,0,0,0,,,unknown,excluded,No full-coverage Sentinel-1 acquisition during or within 48 hours after the event; nearest post-event acquisition was about four days later.
osm-5379768929-6434967979-0,jakarta-20220118,validation,45.58,residential,0,0,0,0,,,unknown,excluded,No full-coverage Sentinel-1 acquisition during or within 48 hours after the event; nearest post-event acquisition was about four days later.
osm-5379768936-13030921684-0,jakarta-20220118,validation,46.21,residential,0,0,0,0,,,unknown,excluded,No full-coverage Sentinel-1 acquisition during or within 48 hours after the event; nearest post-event acquisition was about four days later.
osm-5379768936-13030921685-0,jakarta-20220118,validation,47.542,residential,0,0,0,0,,,unknown,excluded,No full-coverage Sentinel-1 acquisition during or within 48 hours after the event; nearest post-event acquisition was about four days later.
osm-5379777249-4982201717-0,jakarta-20220118,validation,19.681,tertiary,0,0,0,0,,,unknown,excluded,No full-coverage Sentinel-1 acquisition during or within 48 hours after the event; nearest post-event acquisition was about four days later.
osm-5379957272-9064994805-0,jakarta-20220118,validation,29.863,primary,0,0,0,0,,,unknown,excluded,No full-coverage Sentinel-1 acquisition during or within 48 hours after the event; nearest post-event acquisition was about four days later.
osm-5379957279-8520330753-0,jakarta-20220118,validation,40.17,tertiary,0,0,0,0,,,unknown,excluded,No full-coverage Sentinel-1 acquisition during or within 48 hours after the event; nearest post-event acquisition was about four days later.
osm-5379957290-13734985443-0,jakarta-20220118,validation,4.048,tertiary,0,0,0,0,,,unknown,excluded,No full-coverage Sentinel-1 acquisition during or within 48 hours after the event; nearest post-event acquisition was about four days later.
osm-5379989630-4815227762-0,jakarta-20220118,validation,52.197,tertiary,0,0,0,0,,,unknown,excluded,No full-coverage Sentinel-1 acquisition during or within 48 hours after the event; nearest post-event acquisition was about four days later.
osm-5379989631-1362598310-0,jakarta-20220118,validation,46.893,tertiary,0,0,0,0,,,unknown,excluded,No full-coverage Sentinel-1 acquisition during or within 48 hours after the event; nearest post-event acquisition was about four days later.
osm-5379992807-9015877327-0,jakarta-20220118,validation,15.682,tertiary,0,0,0,0,,,unknown,excluded,No full-coverage Sentinel-1 acquisition during or within 48 hours after the event; nearest post-event acquisition was about four days later.
osm-5380055271-1417312748-0,jakarta-20220118,validation,42.649,trunk,0,0,0,0,,,unknown,excluded,No full-coverage Sentinel-1 acquisition during or within 48 hours after the event; nearest post-event acquisition was about four days later.
osm-5380068218-9497883594-0,jakarta-20220118,validation,40.206,trunk,0,0,0,0,,,unknown,excluded,No full-coverage Sentinel-1 acquisition during or within 48 hours after the event; nearest post-event acquisition was about four days later.
osm-5380068236-5380068242-0,jakarta-20220118,validation,28.761,primary,0,0,0,0,,,unknown,excluded,No full-coverage Sentinel-1 acquisition during or within 48 hours after the event; nearest post-event acquisition was about four days later.
osm-5380068242-4849427423-0,jakarta-20220118,validation,46.426,primary,0,0,0,0,,,unknown,excluded,No full-coverage Sentinel-1 acquisition during or within 48 hours after the event; nearest post-event acquisition was about four days later.
osm-5380113830-6490074722-0,jakarta-20220118,validation,77.528,primary,0,0,0,0,,,unknown,excluded,No full-coverage Sentinel-1 acquisition during or within 48 hours after the event; nearest post-event acquisition was about four days later.
osm-5380113845-329975510-0,jakarta-20220118,validation,60.463,primary,0,0,0,0,,,unknown,excluded,No full-coverage Sentinel-1 acquisition during or within 48 hours after the event; nearest post-event acquisition was about four days later.
osm-5380146177-5379767891-0,jakarta-20220118,validation,49.134,residential,0,0,0,0,,,unknown,excluded,No full-coverage Sentinel-1 acquisition during or within 48 hours after the event; nearest post-event acquisition was about four days later.
osm-5380146201-5068494261-0,jakarta-20220118,validation,15.52,residential,0,0,0,0,,,unknown,excluded,No full-coverage Sentinel-1 acquisition during or within 48 hours after the event; nearest post-event acquisition was about four days later.
osm-5380146210-5068494260-0,jakarta-20220118,validation,126.603,residential,0,0,0,0,,,unknown,excluded,No full-coverage Sentinel-1 acquisition during or within 48 hours after the event; nearest post-event acquisition was about four days later.
osm-5380240426-317182368-0,jakarta-20220118,validation,24.851,primary,0,0,0,0,,,unknown,excluded,No full-coverage Sentinel-1 acquisition during or within 48 hours after the event; nearest post-event acquisition was about four days later.
osm-5380240433-5380240426-0,jakarta-20220118,validation,29.93,primary,0,0,0,0,,,unknown,excluded,No full-coverage Sentinel-1 acquisition during or within 48 hours after the event; nearest post-event acquisition was about four days later.
osm-5380240456-320021668-0,jakarta-20220118,validation,2.164,primary,0,0,0,0,,,unknown,excluded,No full-coverage Sentinel-1 acquisition during or within 48 hours after the event; nearest post-event acquisition was about four days later.
osm-5388212558-7137820748-0,jakarta-20220118,validation,518.476,trunk,0,0,0,0,,,unknown,excluded,No full-coverage Sentinel-1 acquisition during or within 48 hours after the event; nearest post-event acquisition was about four days later.
osm-5388328959-8509512970-0,jakarta-20220118,validation,16.318,tertiary,0,0,0,0,,,unknown,excluded,No full-coverage Sentinel-1 acquisition during or within 48 hours after the event; nearest post-event acquisition was about four days later.
osm-5388329052-5806359018-0,jakarta-20220118,validation,80.021,primary,0,0,0,0,,,unknown,excluded,No full-coverage Sentinel-1 acquisition during or within 48 hours after the event; nearest post-event acquisition was about four days later.
osm-5388382567-9504567886-0,jakarta-20220118,validation,52.714,trunk,0,0,0,0,,,unknown,excluded,No full-coverage Sentinel-1 acquisition during or within 48 hours after the event; nearest post-event acquisition was about four days later.
osm-5391402284-1133807089-0,jakarta-20220118,validation,35.747,tertiary,0,0,0,0,,,unknown,excluded,No full-coverage Sentinel-1 acquisition during or within 48 hours after the event; nearest post-event acquisition was about four days later.
osm-5391413717-316170709-0,jakarta-20220118,validation,9.94,primary,0,0,0,0,,,unknown,excluded,No full-coverage Sentinel-1 acquisition during or within 48 hours after the event; nearest post-event acquisition was about four days later.
osm-5408975256-5408975257-0,jakarta-20220118,validation,18.283,secondary,0,0,0,0,,,unknown,excluded,No full-coverage Sentinel-1 acquisition during or within 48 hours after the event; nearest post-event acquisition was about four days later.
osm-5408975257-9694871645-0,jakarta-20220118,validation,14.016,primary,0,0,0,0,,,unknown,excluded,No full-coverage Sentinel-1 acquisition during or within 48 hours after the event; nearest post-event acquisition was about four days later.
osm-5421851682-5489964735-0,jakarta-20220118,validation,33.603,trunk,0,0,0,0,,,unknown,excluded,No full-coverage Sentinel-1 acquisition during or within 48 hours after the event; nearest post-event acquisition was about four days later.
osm-5425990246-7576918597-0,jakarta-20220118,validation,15.112,trunk,0,0,0,0,,,unknown,excluded,No full-coverage Sentinel-1 acquisition during or within 48 hours after the event; nearest post-event acquisition was about four days later.
osm-5425990246-7576934780-0,jakarta-20220118,validation,71.964,trunk,0,0,0,0,,,unknown,excluded,No full-coverage Sentinel-1 acquisition during or within 48 hours after the event; nearest post-event acquisition was about four days later.
osm-5436662071-12718674420-0,jakarta-20220118,validation,44.286,secondary,0,0,0,0,,,unknown,excluded,No full-coverage Sentinel-1 acquisition during or within 48 hours after the event; nearest post-event acquisition was about four days later.
osm-5459048224-124093320-0,jakarta-20220118,validation,65.208,primary,0,0,0,0,,,unknown,excluded,No full-coverage Sentinel-1 acquisition during or within 48 hours after the event; nearest post-event acquisition was about four days later.
osm-5459161492-324276002-0,jakarta-20220118,validation,128.529,trunk,0,0,0,0,,,unknown,excluded,No full-coverage Sentinel-1 acquisition during or within 48 hours after the event; nearest post-event acquisition was about four days later.
osm-5459235880-13639648351-0,jakarta-20220118,validation,3.051,primary,0,0,0,0,,,unknown,excluded,No full-coverage Sentinel-1 acquisition during or within 48 hours after the event; nearest post-event acquisition was about four days later.
osm-5466187936-2415521692-0,jakarta-20220118,validation,92.704,trunk,0,0,0,0,,,unknown,excluded,No full-coverage Sentinel-1 acquisition during or within 48 hours after the event; nearest post-event acquisition was about four days later.
osm-5487632874-1342878998-0,jakarta-20220118,validation,77.617,trunk,0,0,0,0,,,unknown,excluded,No full-coverage Sentinel-1 acquisition during or within 48 hours after the event; nearest post-event acquisition was about four days later.
osm-5487633143-7045010187-0,jakarta-20220118,validation,55.035,primary,0,0,0,0,,,unknown,excluded,No full-coverage Sentinel-1 acquisition during or within 48 hours after the event; nearest post-event acquisition was about four days later.
osm-5487633251-5639226152-0,jakarta-20220118,validation,17.519,primary,0,0,0,0,,,unknown,excluded,No full-coverage Sentinel-1 acquisition during or within 48 hours after the event; nearest post-event acquisition was about four days later.
osm-5489964735-11501464554-0,jakarta-20220118,validation,51.471,trunk,0,0,0,0,,,unknown,excluded,No full-coverage Sentinel-1 acquisition during or within 48 hours after the event; nearest post-event acquisition was about four days later.
osm-5489964736-1342878941-0,jakarta-20220118,validation,12.776,trunk,0,0,0,0,,,unknown,excluded,No full-coverage Sentinel-1 acquisition during or within 48 hours after the event; nearest post-event acquisition was about four days later.
osm-5489964742-7045231385-0,jakarta-20220118,validation,20.677,primary,0,0,0,0,,,unknown,excluded,No full-coverage Sentinel-1 acquisition during or within 48 hours after the event; nearest post-event acquisition was about four days later.
osm-5490135579-5490135580-0,jakarta-20220118,validation,11.937,primary,0,0,0,0,,,unknown,excluded,No full-coverage Sentinel-1 acquisition during or within 48 hours after the event; nearest post-event acquisition was about four days later.
osm-5490135580-5650613341-0,jakarta-20220118,validation,115.321,primary,0,0,0,0,,,unknown,excluded,No full-coverage Sentinel-1 acquisition during or within 48 hours after the event; nearest post-event acquisition was about four days later.
osm-5490514226-519545266-0,jakarta-20220118,validation,74.086,trunk,0,0,0,0,,,unknown,excluded,No full-coverage Sentinel-1 acquisition during or within 48 hours after the event; nearest post-event acquisition was about four days later.
osm-5492419187-6878897947-0,jakarta-20220118,validation,51.268,trunk,0,0,0,0,,,unknown,excluded,No full-coverage Sentinel-1 acquisition during or within 48 hours after the event; nearest post-event acquisition was about four days later.
osm-5492419212-12681087362-0,jakarta-20220118,validation,2.623,trunk,0,0,0,0,,,unknown,excluded,No full-coverage Sentinel-1 acquisition during or within 48 hours after the event; nearest post-event acquisition was about four days later.
osm-5492419221-12676215441-0,jakarta-20220118,validation,111.824,trunk,0,0,0,0,,,unknown,excluded,No full-coverage Sentinel-1 acquisition during or within 48 hours after the event; nearest post-event acquisition was about four days later.
osm-5492419247-1139140184-0,jakarta-20220118,validation,56.969,trunk,0,0,0,0,,,unknown,excluded,No full-coverage Sentinel-1 acquisition during or within 48 hours after the event; nearest post-event acquisition was about four days later.
osm-5492419263-5492419270-0,jakarta-20220118,validation,26.032,trunk,0,0,0,0,,,unknown,excluded,No full-coverage Sentinel-1 acquisition during or within 48 hours after the event; nearest post-event acquisition was about four days later.
osm-5492419270-11467500634-0,jakarta-20220118,validation,44.887,trunk,0,0,0,0,,,unknown,excluded,No full-coverage Sentinel-1 acquisition during or within 48 hours after the event; nearest post-event acquisition was about four days later.
osm-5492419271-5493042852-0,jakarta-20220118,validation,15.724,trunk,0,0,0,0,,,unknown,excluded,No full-coverage Sentinel-1 acquisition during or within 48 hours after the event; nearest post-event acquisition was about four days later.
osm-5493042852-5490514226-0,jakarta-20220118,validation,19.97,trunk,0,0,0,0,,,unknown,excluded,No full-coverage Sentinel-1 acquisition during or within 48 hours after the event; nearest post-event acquisition was about four days later.
osm-5495680448-326484242-0,jakarta-20220118,validation,236.173,primary,0,0,0,0,,,unknown,excluded,No full-coverage Sentinel-1 acquisition during or within 48 hours after the event; nearest post-event acquisition was about four days later.
osm-5495827291-95006366-0,jakarta-20220118,validation,130.695,trunk,0,0,0,0,,,unknown,excluded,No full-coverage Sentinel-1 acquisition during or within 48 hours after the event; nearest post-event acquisition was about four days later.
osm-5498027213-7400356402-0,jakarta-20220118,validation,13.651,trunk,0,0,0,0,,,unknown,excluded,No full-coverage Sentinel-1 acquisition during or within 48 hours after the event; nearest post-event acquisition was about four days later.
osm-5498027297-11445322163-0,jakarta-20220118,validation,25.602,primary,0,0,0,0,,,unknown,excluded,No full-coverage Sentinel-1 acquisition during or within 48 hours after the event; nearest post-event acquisition was about four days later.
osm-5498027298-9626511706-0,jakarta-20220118,validation,83.527,primary,0,0,0,0,,,unknown,excluded,No full-coverage Sentinel-1 acquisition during or within 48 hours after the event; nearest post-event acquisition was about four days later.
osm-5498027349-9036874926-0,jakarta-20220118,validation,79.647,primary,0,0,0,0,,,unknown,excluded,No full-coverage Sentinel-1 acquisition during or within 48 hours after the event; nearest post-event acquisition was about four days later.
osm-5499209000-13525649819-0,jakarta-20220118,validation,96.878,primary,0,0,0,0,,,unknown,excluded,No full-coverage Sentinel-1 acquisition during or within 48 hours after the event; nearest post-event acquisition was about four days later.
osm-5506920627-332341344-0,jakarta-20220118,validation,74.89,residential,0,0,0,0,,,unknown,excluded,No full-coverage Sentinel-1 acquisition during or within 48 hours after the event; nearest post-event acquisition was about four days later.
osm-5506920631-5648666147-0,jakarta-20220118,validation,64.166,residential,0,0,0,0,,,unknown,excluded,No full-coverage Sentinel-1 acquisition during or within 48 hours after the event; nearest post-event acquisition was about four days later.
osm-5506920811-5523935808-0,jakarta-20220118,validation,70.05,primary,0,0,0,0,,,unknown,excluded,No full-coverage Sentinel-1 acquisition during or within 48 hours after the event; nearest post-event acquisition was about four days later.
osm-5513076629-9644592829-0,jakarta-20220118,validation,10.702,trunk,0,0,0,0,,,unknown,excluded,No full-coverage Sentinel-1 acquisition during or within 48 hours after the event; nearest post-event acquisition was about four days later.
osm-5513076675-8553000081-0,jakarta-20220118,validation,50.454,residential,0,0,0,0,,,unknown,excluded,No full-coverage Sentinel-1 acquisition during or within 48 hours after the event; nearest post-event acquisition was about four days later.
osm-5513424002-4836392226-0,jakarta-20220118,validation,86.1,tertiary,0,0,0,0,,,unknown,excluded,No full-coverage Sentinel-1 acquisition during or within 48 hours after the event; nearest post-event acquisition was about four days later.
osm-5523935808-4551163784-0,jakarta-20220118,validation,10.016,motorway_link,0,0,0,0,,,unknown,excluded,No full-coverage Sentinel-1 acquisition during or within 48 hours after the event; nearest post-event acquisition was about four days later.
osm-5549685553-12729353026-0,jakarta-20220118,validation,30.042,secondary,0,0,0,0,,,unknown,excluded,No full-coverage Sentinel-1 acquisition during or within 48 hours after the event; nearest post-event acquisition was about four days later.
osm-5549685557-5984694495-0,jakarta-20220118,validation,20.595,primary,0,0,0,0,,,unknown,excluded,No full-coverage Sentinel-1 acquisition during or within 48 hours after the event; nearest post-event acquisition was about four days later.
osm-5555933057-9004158961-0,jakarta-20220118,validation,40.977,trunk,0,0,0,0,,,unknown,excluded,No full-coverage Sentinel-1 acquisition during or within 48 hours after the event; nearest post-event acquisition was about four days later.
osm-5639226152-5489964742-0,jakarta-20220118,validation,51.908,primary,0,0,0,0,,,unknown,excluded,No full-coverage Sentinel-1 acquisition during or within 48 hours after the event; nearest post-event acquisition was about four days later.
osm-5647102762-326484049-0,jakarta-20220118,validation,125.062,primary,0,0,0,0,,,unknown,excluded,No full-coverage Sentinel-1 acquisition during or within 48 hours after the event; nearest post-event acquisition was about four days later.
osm-5648666147-332526397-0,jakarta-20220118,validation,106.78,primary_link,0,0,0,0,,,unknown,excluded,No full-coverage Sentinel-1 acquisition during or within 48 hours after the event; nearest post-event acquisition was about four days later.
osm-5650613341-5487633143-0,jakarta-20220118,validation,376.955,primary,0,0,0,0,,,unknown,excluded,No full-coverage Sentinel-1 acquisition during or within 48 hours after the event; nearest post-event acquisition was about four days later.
osm-5652800252-5498027213-0,jakarta-20220118,validation,35.862,trunk,0,0,0,0,,,unknown,excluded,No full-coverage Sentinel-1 acquisition during or within 48 hours after the event; nearest post-event acquisition was about four days later.
osm-5652849428-4776237954-0,jakarta-20220118,validation,60.248,primary,0,0,0,0,,,unknown,excluded,No full-coverage Sentinel-1 acquisition during or within 48 hours after the event; nearest post-event acquisition was about four days later.
osm-5652849431-352897075-0,jakarta-20220118,validation,28.75,primary,0,0,0,0,,,unknown,excluded,No full-coverage Sentinel-1 acquisition during or within 48 hours after the event; nearest post-event acquisition was about four days later.
osm-5653336499-4790999401-0,jakarta-20220118,validation,59.502,primary,0,0,0,0,,,unknown,excluded,No full-coverage Sentinel-1 acquisition during or within 48 hours after the event; nearest post-event acquisition was about four days later.
osm-5655125045-8510368916-0,jakarta-20220118,validation,25.025,secondary,0,0,0,0,,,unknown,excluded,No full-coverage Sentinel-1 acquisition during or within 48 hours after the event; nearest post-event acquisition was about four days later.
osm-5655139014-11413710169-0,jakarta-20220118,validation,39.588,primary,0,0,0,0,,,unknown,excluded,No full-coverage Sentinel-1 acquisition during or within 48 hours after the event; nearest post-event acquisition was about four days later.
osm-5655187222-6406796742-0,jakarta-20220118,validation,40.316,primary,0,0,0,0,,,unknown,excluded,No full-coverage Sentinel-1 acquisition during or within 48 hours after the event; nearest post-event acquisition was about four days later.
osm-5662302109-9533955728-0,jakarta-20220118,validation,7.689,residential,0,0,0,0,,,unknown,excluded,No full-coverage Sentinel-1 acquisition during or within 48 hours after the event; nearest post-event acquisition was about four days later.
osm-5662309002-9013720082-0,jakarta-20220118,validation,172.931,primary,0,0,0,0,,,unknown,excluded,No full-coverage Sentinel-1 acquisition during or within 48 hours after the event; nearest post-event acquisition was about four days later.
osm-5662335002-6333006951-0,jakarta-20220118,validation,87.477,primary,0,0,0,0,,,unknown,excluded,No full-coverage Sentinel-1 acquisition during or within 48 hours after the event; nearest post-event acquisition was about four days later.
osm-5662546639-12139330016-0,jakarta-20220118,validation,29.701,primary,0,0,0,0,,,unknown,excluded,No full-coverage Sentinel-1 acquisition during or within 48 hours after the event; nearest post-event acquisition was about four days later.
osm-5665581665-324275961-0,jakarta-20220118,validation,290.514,trunk,0,0,0,0,,,unknown,excluded,No full-coverage Sentinel-1 acquisition during or within 48 hours after the event; nearest post-event acquisition was about four days later.
osm-5668231819-310327514-0,jakarta-20220118,validation,416.789,motorway,0,0,0,0,,,unknown,excluded,No full-coverage Sentinel-1 acquisition during or within 48 hours after the event; nearest post-event acquisition was about four days later.
osm-5668256808-7123191860-0,jakarta-20220118,validation,79.195,primary,0,0,0,0,,,unknown,excluded,No full-coverage Sentinel-1 acquisition during or within 48 hours after the event; nearest post-event acquisition was about four days later.
osm-5669076905-5377178522-0,jakarta-20220118,validation,14.68,primary,0,0,0,0,,,unknown,excluded,No full-coverage Sentinel-1 acquisition during or within 48 hours after the event; nearest post-event acquisition was about four days later.
osm-5669078458-310042746-0,jakarta-20220118,validation,8.428,primary,0,0,0,0,,,unknown,excluded,No full-coverage Sentinel-1 acquisition during or within 48 hours after the event; nearest post-event acquisition was about four days later.
osm-5669078465-5669078458-0,jakarta-20220118,validation,82.904,primary,0,0,0,0,,,unknown,excluded,No full-coverage Sentinel-1 acquisition during or within 48 hours after the event; nearest post-event acquisition was about four days later.
osm-5670939322-5372153165-0,jakarta-20220118,validation,4.916,trunk,0,0,0,0,,,unknown,excluded,No full-coverage Sentinel-1 acquisition during or within 48 hours after the event; nearest post-event acquisition was about four days later.
osm-5670944441-4566501487-0,jakarta-20220118,validation,54.753,secondary,0,0,0,0,,,unknown,excluded,No full-coverage Sentinel-1 acquisition during or within 48 hours after the event; nearest post-event acquisition was about four days later.
osm-5671006753-5671006757-0,jakarta-20220118,validation,79.384,trunk,0,0,0,0,,,unknown,excluded,No full-coverage Sentinel-1 acquisition during or within 48 hours after the event; nearest post-event acquisition was about four days later.
osm-5671006757-5671006769-0,jakarta-20220118,validation,21.263,trunk,0,0,0,0,,,unknown,excluded,No full-coverage Sentinel-1 acquisition during or within 48 hours after the event; nearest post-event acquisition was about four days later.
osm-5671006769-7038299405-0,jakarta-20220118,validation,37.029,trunk,0,0,0,0,,,unknown,excluded,No full-coverage Sentinel-1 acquisition during or within 48 hours after the event; nearest post-event acquisition was about four days later.
osm-5671006775-4859118379-0,jakarta-20220118,validation,195.157,trunk,0,0,0,0,,,unknown,excluded,No full-coverage Sentinel-1 acquisition during or within 48 hours after the event; nearest post-event acquisition was about four days later.
osm-5671045991-3723599610-0,jakarta-20220118,validation,679.786,motorway,0,0,0,0,,,unknown,excluded,No full-coverage Sentinel-1 acquisition during or within 48 hours after the event; nearest post-event acquisition was about four days later.
osm-5671081801-5373977783-0,jakarta-20220118,validation,58.052,primary,0,0,0,0,,,unknown,excluded,No full-coverage Sentinel-1 acquisition during or within 48 hours after the event; nearest post-event acquisition was about four days later.
osm-5671267899-2821400645-0,jakarta-20220118,validation,52.813,primary,0,0,0,0,,,unknown,excluded,No full-coverage Sentinel-1 acquisition during or within 48 hours after the event; nearest post-event acquisition was about four days later.
osm-5671270622-7120411011-0,jakarta-20220118,validation,15.972,primary,0,0,0,0,,,unknown,excluded,No full-coverage Sentinel-1 acquisition during or within 48 hours after the event; nearest post-event acquisition was about four days later.
osm-5671317482-5374290437-0,jakarta-20220118,validation,15.379,primary,0,0,0,0,,,unknown,excluded,No full-coverage Sentinel-1 acquisition during or within 48 hours after the event; nearest post-event acquisition was about four days later.
osm-5671317488-4546100816-0,jakarta-20220118,validation,8.99,primary,0,0,0,0,,,unknown,excluded,No full-coverage Sentinel-1 acquisition during or within 48 hours after the event; nearest post-event acquisition was about four days later.
osm-5671327267-11246996071-0,jakarta-20220118,validation,47.117,primary,0,0,0,0,,,unknown,excluded,No full-coverage Sentinel-1 acquisition during or within 48 hours after the event; nearest post-event acquisition was about four days later.
osm-5671531324-5174097479-0,jakarta-20220118,validation,47.081,primary,0,0,0,0,,,unknown,excluded,No full-coverage Sentinel-1 acquisition during or within 48 hours after the event; nearest post-event acquisition was about four days later.
osm-5671605046-191578995-0,jakarta-20220118,validation,12.85,primary,0,0,0,0,,,unknown,excluded,No full-coverage Sentinel-1 acquisition during or within 48 hours after the event; nearest post-event acquisition was about four days later.
osm-5671605060-9031325937-0,jakarta-20220118,validation,12.174,primary,0,0,0,0,,,unknown,excluded,No full-coverage Sentinel-1 acquisition during or within 48 hours after the event; nearest post-event acquisition was about four days later.
osm-5671605063-13586870998-0,jakarta-20220118,validation,2.625,primary,0,0,0,0,,,unknown,excluded,No full-coverage Sentinel-1 acquisition during or within 48 hours after the event; nearest post-event acquisition was about four days later.
osm-5671605067-9031074981-0,jakarta-20220118,validation,24.493,primary,0,0,0,0,,,unknown,excluded,No full-coverage Sentinel-1 acquisition during or within 48 hours after the event; nearest post-event acquisition was about four days later.
osm-5673840820-13456652652-0,jakarta-20220118,validation,39.649,trunk,0,0,0,0,,,unknown,excluded,No full-coverage Sentinel-1 acquisition during or within 48 hours after the event; nearest post-event acquisition was about four days later.
osm-5673841347-104356356-1,jakarta-20220118,validation,28.583,trunk,0,0,0,0,,,unknown,excluded,No full-coverage Sentinel-1 acquisition during or within 48 hours after the event; nearest post-event acquisition was about four days later.
osm-5673841354-7284085578-0,jakarta-20220118,validation,36.806,primary,0,0,0,0,,,unknown,excluded,No full-coverage Sentinel-1 acquisition during or within 48 hours after the event; nearest post-event acquisition was about four days later.
osm-5673841364-3869782797-0,jakarta-20220118,validation,154.462,primary,0,0,0,0,,,unknown,excluded,No full-coverage Sentinel-1 acquisition during or within 48 hours after the event; nearest post-event acquisition was about four days later.
osm-5673864834-5555933057-0,jakarta-20220118,validation,32.737,trunk,0,0,0,0,,,unknown,excluded,No full-coverage Sentinel-1 acquisition during or within 48 hours after the event; nearest post-event acquisition was about four days later.
osm-5674017477-29939142-0,jakarta-20220118,validation,77.824,secondary,0,0,0,0,,,unknown,excluded,No full-coverage Sentinel-1 acquisition during or within 48 hours after the event; nearest post-event acquisition was about four days later.
osm-5680696059-11542695776-0,jakarta-20220118,validation,67.376,primary,0,0,0,0,,,unknown,excluded,No full-coverage Sentinel-1 acquisition during or within 48 hours after the event; nearest post-event acquisition was about four days later.
osm-5806359018-317156584-0,jakarta-20220118,validation,428.977,primary,0,0,0,0,,,unknown,excluded,No full-coverage Sentinel-1 acquisition during or within 48 hours after the event; nearest post-event acquisition was about four days later.
osm-5984694495-6330678685-0,jakarta-20220118,validation,6.495,primary,0,0,0,0,,,unknown,excluded,No full-coverage Sentinel-1 acquisition during or within 48 hours after the event; nearest post-event acquisition was about four days later.
osm-6004639297-9657468817-0,jakarta-20220118,validation,10.458,trunk,0,0,0,0,,,unknown,excluded,No full-coverage Sentinel-1 acquisition during or within 48 hours after the event; nearest post-event acquisition was about four days later.
osm-6118418342-309714207-0,jakarta-20220118,validation,32.779,trunk,0,0,0,0,,,unknown,excluded,No full-coverage Sentinel-1 acquisition during or within 48 hours after the event; nearest post-event acquisition was about four days later.
osm-6135130582-6493403591-0,jakarta-20220118,validation,59.001,primary,0,0,0,0,,,unknown,excluded,No full-coverage Sentinel-1 acquisition during or within 48 hours after the event; nearest post-event acquisition was about four days later.
osm-6219014696-9696714817-0,jakarta-20220118,validation,7.958,primary,0,0,0,0,,,unknown,excluded,No full-coverage Sentinel-1 acquisition during or within 48 hours after the event; nearest post-event acquisition was about four days later.
osm-6277705571-95022384-0,jakarta-20220118,validation,26.565,trunk,0,0,0,0,,,unknown,excluded,No full-coverage Sentinel-1 acquisition during or within 48 hours after the event; nearest post-event acquisition was about four days later.
osm-6315603275-104369586-0,jakarta-20220118,validation,33.263,primary,0,0,0,0,,,unknown,excluded,No full-coverage Sentinel-1 acquisition during or within 48 hours after the event; nearest post-event acquisition was about four days later.
osm-6315609707-7225096520-0,jakarta-20220118,validation,19.514,primary,0,0,0,0,,,unknown,excluded,No full-coverage Sentinel-1 acquisition during or within 48 hours after the event; nearest post-event acquisition was about four days later.
osm-6315609708-6315609707-0,jakarta-20220118,validation,17.784,primary,0,0,0,0,,,unknown,excluded,No full-coverage Sentinel-1 acquisition during or within 48 hours after the event; nearest post-event acquisition was about four days later.
osm-6315609717-7018595457-0,jakarta-20220118,validation,154.243,primary,0,0,0,0,,,unknown,excluded,No full-coverage Sentinel-1 acquisition during or within 48 hours after the event; nearest post-event acquisition was about four days later.
osm-6315609717-13695587270-0,jakarta-20220118,validation,128.73,primary,0,0,0,0,,,unknown,excluded,No full-coverage Sentinel-1 acquisition during or within 48 hours after the event; nearest post-event acquisition was about four days later.
osm-6315615740-4548266767-0,jakarta-20220118,validation,86.629,primary,0,0,0,0,,,unknown,excluded,No full-coverage Sentinel-1 acquisition during or within 48 hours after the event; nearest post-event acquisition was about four days later.
osm-6315624963-11395329908-0,jakarta-20220118,validation,37.123,primary,0,0,0,0,,,unknown,excluded,No full-coverage Sentinel-1 acquisition during or within 48 hours after the event; nearest post-event acquisition was about four days later.
osm-6320275018-8503624788-0,jakarta-20220118,validation,158.031,primary,0,0,0,0,,,unknown,excluded,No full-coverage Sentinel-1 acquisition during or within 48 hours after the event; nearest post-event acquisition was about four days later.
osm-6322281575-13675743447-0,jakarta-20220118,validation,69.556,tertiary,0,0,0,0,,,unknown,excluded,No full-coverage Sentinel-1 acquisition during or within 48 hours after the event; nearest post-event acquisition was about four days later.
osm-6322395865-393856974-0,jakarta-20220118,validation,8.147,secondary,0,0,0,0,,,unknown,excluded,No full-coverage Sentinel-1 acquisition during or within 48 hours after the event; nearest post-event acquisition was about four days later.
osm-6322395881-351116570-0,jakarta-20220118,validation,12.182,secondary,0,0,0,0,,,unknown,excluded,No full-coverage Sentinel-1 acquisition during or within 48 hours after the event; nearest post-event acquisition was about four days later.
osm-6322396585-11166256394-0,jakarta-20220118,validation,78.958,secondary,0,0,0,0,,,unknown,excluded,No full-coverage Sentinel-1 acquisition during or within 48 hours after the event; nearest post-event acquisition was about four days later.
osm-6322396593-12729353047-0,jakarta-20220118,validation,6.375,secondary,0,0,0,0,,,unknown,excluded,No full-coverage Sentinel-1 acquisition during or within 48 hours after the event; nearest post-event acquisition was about four days later.
osm-6330385236-6330385245-0,jakarta-20220118,validation,21.782,primary,0,0,0,0,,,unknown,excluded,No full-coverage Sentinel-1 acquisition during or within 48 hours after the event; nearest post-event acquisition was about four days later.
osm-6330385245-1134908642-0,jakarta-20220118,validation,115.153,primary,0,0,0,0,,,unknown,excluded,No full-coverage Sentinel-1 acquisition during or within 48 hours after the event; nearest post-event acquisition was about four days later.
osm-6330562646-310003828-0,jakarta-20220118,validation,68.921,tertiary,0,0,0,0,,,unknown,excluded,No full-coverage Sentinel-1 acquisition during or within 48 hours after the event; nearest post-event acquisition was about four days later.
osm-6330678685-5354213698-0,jakarta-20220118,validation,54.519,primary,0,0,0,0,,,unknown,excluded,No full-coverage Sentinel-1 acquisition during or within 48 hours after the event; nearest post-event acquisition was about four days later.
osm-6331233983-5513076629-1,jakarta-20220118,validation,75.794,trunk,0,0,0,0,,,unknown,excluded,No full-coverage Sentinel-1 acquisition during or within 48 hours after the event; nearest post-event acquisition was about four days later.
osm-6331405436-5492419247-0,jakarta-20220118,validation,9.962,trunk,0,0,0,0,,,unknown,excluded,No full-coverage Sentinel-1 acquisition during or within 48 hours after the event; nearest post-event acquisition was about four days later.
osm-6332293300-6978444810-0,jakarta-20220118,validation,72.13,primary,0,0,0,0,,,unknown,excluded,No full-coverage Sentinel-1 acquisition during or within 48 hours after the event; nearest post-event acquisition was about four days later.
osm-6332594575-6332293300-0,jakarta-20220118,validation,13.762,primary,0,0,0,0,,,unknown,excluded,No full-coverage Sentinel-1 acquisition during or within 48 hours after the event; nearest post-event acquisition was about four days later.
osm-6332607740-9031970386-0,jakarta-20220118,validation,29.389,primary,0,0,0,0,,,unknown,excluded,No full-coverage Sentinel-1 acquisition during or within 48 hours after the event; nearest post-event acquisition was about four days later.
osm-6332686268-4260761277-0,jakarta-20220118,validation,82.333,primary,0,0,0,0,,,unknown,excluded,No full-coverage Sentinel-1 acquisition during or within 48 hours after the event; nearest post-event acquisition was about four days later.
osm-6332686273-5652849431-0,jakarta-20220118,validation,21.851,primary,0,0,0,0,,,unknown,excluded,No full-coverage Sentinel-1 acquisition during or within 48 hours after the event; nearest post-event acquisition was about four days later.
osm-6333006951-5391413717-0,jakarta-20220118,validation,33.887,primary,0,0,0,0,,,unknown,excluded,No full-coverage Sentinel-1 acquisition during or within 48 hours after the event; nearest post-event acquisition was about four days later.
osm-6333252911-9019103699-0,jakarta-20220118,validation,95.201,secondary,0,0,0,0,,,unknown,excluded,No full-coverage Sentinel-1 acquisition during or within 48 hours after the event; nearest post-event acquisition was about four days later.
osm-6334537720-4566501805-0,jakarta-20220118,validation,65.372,primary,0,0,0,0,,,unknown,excluded,No full-coverage Sentinel-1 acquisition during or within 48 hours after the event; nearest post-event acquisition was about four days later.
osm-6334537728-430546294-0,jakarta-20220118,validation,103.268,secondary,0,0,0,0,,,unknown,excluded,No full-coverage Sentinel-1 acquisition during or within 48 hours after the event; nearest post-event acquisition was about four days later.
osm-6334659081-4566501806-0,jakarta-20220118,validation,145.283,secondary,0,0,0,0,,,unknown,excluded,No full-coverage Sentinel-1 acquisition during or within 48 hours after the event; nearest post-event acquisition was about four days later.
osm-6334849877-309950695-0,jakarta-20220118,validation,121.426,primary,0,0,0,0,,,unknown,excluded,No full-coverage Sentinel-1 acquisition during or within 48 hours after the event; nearest post-event acquisition was about four days later.
osm-6336788287-7117640144-0,jakarta-20220118,validation,12.935,primary,0,0,0,0,,,unknown,excluded,No full-coverage Sentinel-1 acquisition during or within 48 hours after the event; nearest post-event acquisition was about four days later.
osm-6336788292-309941624-0,jakarta-20220118,validation,62.34,primary,0,0,0,0,,,unknown,excluded,No full-coverage Sentinel-1 acquisition during or within 48 hours after the event; nearest post-event acquisition was about four days later.
osm-6347347053-504912724-0,jakarta-20220118,validation,77.89,secondary,0,0,0,0,,,unknown,excluded,No full-coverage Sentinel-1 acquisition during or within 48 hours after the event; nearest post-event acquisition was about four days later.
osm-6359768001-186894208-0,jakarta-20220118,validation,244.214,primary,0,0,0,0,,,unknown,excluded,No full-coverage Sentinel-1 acquisition during or within 48 hours after the event; nearest post-event acquisition was about four days later.
osm-6359768003-318168808-0,jakarta-20220118,validation,7.699,secondary,0,0,0,0,,,unknown,excluded,No full-coverage Sentinel-1 acquisition during or within 48 hours after the event; nearest post-event acquisition was about four days later.
osm-6366750161-332517701-0,jakarta-20220118,validation,71.949,trunk,0,0,0,0,,,unknown,excluded,No full-coverage Sentinel-1 acquisition during or within 48 hours after the event; nearest post-event acquisition was about four days later.
osm-6370527438-321722198-0,jakarta-20220118,validation,125.495,primary,0,0,0,0,,,unknown,excluded,No full-coverage Sentinel-1 acquisition during or within 48 hours after the event; nearest post-event acquisition was about four days later.
osm-6370527439-6370527438-0,jakarta-20220118,validation,27.327,primary,0,0,0,0,,,unknown,excluded,No full-coverage Sentinel-1 acquisition during or within 48 hours after the event; nearest post-event acquisition was about four days later.
osm-6406796742-9013059183-0,jakarta-20220118,validation,16.894,primary,0,0,0,0,,,unknown,excluded,No full-coverage Sentinel-1 acquisition during or within 48 hours after the event; nearest post-event acquisition was about four days later.
osm-6429880632-316486226-0,jakarta-20220118,validation,699.086,motorway,0,0,0,0,,,unknown,excluded,No full-coverage Sentinel-1 acquisition during or within 48 hours after the event; nearest post-event acquisition was about four days later.
osm-6430186685-2836706756-0,jakarta-20220118,validation,202.003,secondary,0,0,0,0,,,unknown,excluded,No full-coverage Sentinel-1 acquisition during or within 48 hours after the event; nearest post-event acquisition was about four days later.
osm-6430860592-9504400678-0,jakarta-20220118,validation,144.74,trunk_link,0,0,0,0,,,unknown,excluded,No full-coverage Sentinel-1 acquisition during or within 48 hours after the event; nearest post-event acquisition was about four days later.
osm-6434923286-5112284316-0,jakarta-20220118,validation,58.452,trunk,0,0,0,0,,,unknown,excluded,No full-coverage Sentinel-1 acquisition during or within 48 hours after the event; nearest post-event acquisition was about four days later.
osm-6434930408-5112682630-0,jakarta-20220118,validation,47.215,trunk,0,0,0,0,,,unknown,excluded,No full-coverage Sentinel-1 acquisition during or within 48 hours after the event; nearest post-event acquisition was about four days later.
osm-6434945508-1342879000-0,jakarta-20220118,validation,44.222,trunk,0,0,0,0,,,unknown,excluded,No full-coverage Sentinel-1 acquisition during or within 48 hours after the event; nearest post-event acquisition was about four days later.
osm-6434967979-2836706754-0,jakarta-20220118,validation,77.284,residential,0,0,0,0,,,unknown,excluded,No full-coverage Sentinel-1 acquisition during or within 48 hours after the event; nearest post-event acquisition was about four days later.
osm-6451021641-4914353827-0,jakarta-20220118,validation,9.362,trunk,0,0,0,0,,,unknown,excluded,No full-coverage Sentinel-1 acquisition during or within 48 hours after the event; nearest post-event acquisition was about four days later.
osm-6451233564-1757800736-0,jakarta-20220118,validation,53.936,trunk,0,0,0,0,,,unknown,excluded,No full-coverage Sentinel-1 acquisition during or within 48 hours after the event; nearest post-event acquisition was about four days later.
osm-6451233564-6776829930-0,jakarta-20220118,validation,54.41,trunk_link,0,0,0,0,,,unknown,excluded,No full-coverage Sentinel-1 acquisition during or within 48 hours after the event; nearest post-event acquisition was about four days later.
osm-6451233565-6451233564-0,jakarta-20220118,validation,4.916,trunk,0,0,0,0,,,unknown,excluded,No full-coverage Sentinel-1 acquisition during or within 48 hours after the event; nearest post-event acquisition was about four days later.
osm-6451233570-10098494032-0,jakarta-20220118,validation,6.35,trunk,0,0,0,0,,,unknown,excluded,No full-coverage Sentinel-1 acquisition during or within 48 hours after the event; nearest post-event acquisition was about four days later.
osm-6451500598-3266396608-0,jakarta-20220118,validation,23.491,primary,0,0,0,0,,,unknown,excluded,No full-coverage Sentinel-1 acquisition during or within 48 hours after the event; nearest post-event acquisition was about four days later.
osm-6456763921-7070822596-0,jakarta-20220118,validation,25.188,primary,0,0,0,0,,,unknown,excluded,No full-coverage Sentinel-1 acquisition during or within 48 hours after the event; nearest post-event acquisition was about four days later.
osm-6459026538-1135179421-0,jakarta-20220118,validation,36.093,tertiary,0,0,0,0,,,unknown,excluded,No full-coverage Sentinel-1 acquisition during or within 48 hours after the event; nearest post-event acquisition was about four days later.
osm-6459032697-12738838445-0,jakarta-20220118,validation,86.479,secondary,0,0,0,0,,,unknown,excluded,No full-coverage Sentinel-1 acquisition during or within 48 hours after the event; nearest post-event acquisition was about four days later.
osm-6459323552-4990059014-0,jakarta-20220118,validation,255.219,primary,0,0,0,0,,,unknown,excluded,No full-coverage Sentinel-1 acquisition during or within 48 hours after the event; nearest post-event acquisition was about four days later.
osm-6459341771-5201675288-0,jakarta-20220118,validation,343.628,primary,0,0,0,0,,,unknown,excluded,No full-coverage Sentinel-1 acquisition during or within 48 hours after the event; nearest post-event acquisition was about four days later.
osm-6471562381-4798985491-0,jakarta-20220118,validation,51.527,primary,0,0,0,0,,,unknown,excluded,No full-coverage Sentinel-1 acquisition during or within 48 hours after the event; nearest post-event acquisition was about four days later.
osm-6471563890-5373977777-0,jakarta-20220118,validation,19.428,primary,0,0,0,0,,,unknown,excluded,No full-coverage Sentinel-1 acquisition during or within 48 hours after the event; nearest post-event acquisition was about four days later.
osm-6477409182-4815227758-0,jakarta-20220118,validation,43.973,tertiary,0,0,0,0,,,unknown,excluded,No full-coverage Sentinel-1 acquisition during or within 48 hours after the event; nearest post-event acquisition was about four days later.
osm-6486347952-9491290599-0,jakarta-20220118,validation,70.429,trunk,0,0,0,0,,,unknown,excluded,No full-coverage Sentinel-1 acquisition during or within 48 hours after the event; nearest post-event acquisition was about four days later.
osm-6490074722-330177825-0,jakarta-20220118,validation,9.178,primary,0,0,0,0,,,unknown,excluded,No full-coverage Sentinel-1 acquisition during or within 48 hours after the event; nearest post-event acquisition was about four days later.
osm-6493403591-3266332372-0,jakarta-20220118,validation,39.086,primary,0,0,0,0,,,unknown,excluded,No full-coverage Sentinel-1 acquisition during or within 48 hours after the event; nearest post-event acquisition was about four days later.
osm-6531806778-7082730280-0,jakarta-20220118,validation,8.68,primary,0,0,0,0,,,unknown,excluded,No full-coverage Sentinel-1 acquisition during or within 48 hours after the event; nearest post-event acquisition was about four days later.
osm-6546950357-309712345-0,jakarta-20220118,validation,171.284,trunk,0,0,0,0,,,unknown,excluded,No full-coverage Sentinel-1 acquisition during or within 48 hours after the event; nearest post-event acquisition was about four days later.
osm-6547719124-1675488274-0,jakarta-20220118,validation,9.47,primary,0,0,0,0,,,unknown,excluded,No full-coverage Sentinel-1 acquisition during or within 48 hours after the event; nearest post-event acquisition was about four days later.
osm-6552109327-5671605046-0,jakarta-20220118,validation,36.763,primary,0,0,0,0,,,unknown,excluded,No full-coverage Sentinel-1 acquisition during or within 48 hours after the event; nearest post-event acquisition was about four days later.
osm-6604587143-7059651780-0,jakarta-20220118,validation,99.035,primary,0,0,0,0,,,unknown,excluded,No full-coverage Sentinel-1 acquisition during or within 48 hours after the event; nearest post-event acquisition was about four days later.
osm-6776762980-310048835-0,jakarta-20220118,validation,43.994,primary,0,0,0,0,,,unknown,excluded,No full-coverage Sentinel-1 acquisition during or within 48 hours after the event; nearest post-event acquisition was about four days later.
osm-6776762981-6776762980-0,jakarta-20220118,validation,11.276,primary,0,0,0,0,,,unknown,excluded,No full-coverage Sentinel-1 acquisition during or within 48 hours after the event; nearest post-event acquisition was about four days later.
osm-6776829930-6776762981-0,jakarta-20220118,validation,26.482,trunk_link,0,0,0,0,,,unknown,excluded,No full-coverage Sentinel-1 acquisition during or within 48 hours after the event; nearest post-event acquisition was about four days later.
osm-6797982811-6118418342-0,jakarta-20220118,validation,64.208,trunk,0,0,0,0,,,unknown,excluded,No full-coverage Sentinel-1 acquisition during or within 48 hours after the event; nearest post-event acquisition was about four days later.
osm-6801763173-8811850651-0,jakarta-20220118,validation,3.643,residential,0,0,0,0,,,unknown,excluded,No full-coverage Sentinel-1 acquisition during or within 48 hours after the event; nearest post-event acquisition was about four days later.
osm-6806925400-317193936-0,jakarta-20220118,validation,36.732,primary,0,0,0,0,,,unknown,excluded,No full-coverage Sentinel-1 acquisition during or within 48 hours after the event; nearest post-event acquisition was about four days later.
osm-6831185205-9486285513-0,jakarta-20220118,validation,26.117,trunk,0,0,0,0,,,unknown,excluded,No full-coverage Sentinel-1 acquisition during or within 48 hours after the event; nearest post-event acquisition was about four days later.
osm-6862048641-5655125045-0,jakarta-20220118,validation,44.676,secondary,0,0,0,0,,,unknown,excluded,No full-coverage Sentinel-1 acquisition during or within 48 hours after the event; nearest post-event acquisition was about four days later.
osm-6878897947-1139139728-0,jakarta-20220118,validation,35.183,trunk,0,0,0,0,,,unknown,excluded,No full-coverage Sentinel-1 acquisition during or within 48 hours after the event; nearest post-event acquisition was about four days later.
osm-6884974160-11899737707-0,jakarta-20220118,validation,21.993,primary,0,0,0,0,,,unknown,excluded,No full-coverage Sentinel-1 acquisition during or within 48 hours after the event; nearest post-event acquisition was about four days later.
osm-6907592439-315710860-0,jakarta-20220118,validation,42.956,secondary,0,0,0,0,,,unknown,excluded,No full-coverage Sentinel-1 acquisition during or within 48 hours after the event; nearest post-event acquisition was about four days later.
osm-6907714745-5380146210-0,jakarta-20220118,validation,142.335,residential,0,0,0,0,,,unknown,excluded,No full-coverage Sentinel-1 acquisition during or within 48 hours after the event; nearest post-event acquisition was about four days later.
osm-6910883258-4849427384-0,jakarta-20220118,validation,44.406,primary,0,0,0,0,,,unknown,excluded,No full-coverage Sentinel-1 acquisition during or within 48 hours after the event; nearest post-event acquisition was about four days later.
osm-6978444809-9002723306-0,jakarta-20220118,validation,185.104,primary,0,0,0,0,,,unknown,excluded,No full-coverage Sentinel-1 acquisition during or within 48 hours after the event; nearest post-event acquisition was about four days later.
osm-6978444810-6978444809-0,jakarta-20220118,validation,30.621,primary,0,0,0,0,,,unknown,excluded,No full-coverage Sentinel-1 acquisition during or within 48 hours after the event; nearest post-event acquisition was about four days later.
osm-6978547983-3723635038-0,jakarta-20220118,validation,228.128,trunk,0,0,0,0,,,unknown,excluded,No full-coverage Sentinel-1 acquisition during or within 48 hours after the event; nearest post-event acquisition was about four days later.
osm-7003228710-1321537155-0,jakarta-20220118,validation,11.784,primary,0,0,0,0,,,unknown,excluded,No full-coverage Sentinel-1 acquisition during or within 48 hours after the event; nearest post-event acquisition was about four days later.
osm-7003228710-7003248324-0,jakarta-20220118,validation,14.05,primary_link,0,0,0,0,,,unknown,excluded,No full-coverage Sentinel-1 acquisition during or within 48 hours after the event; nearest post-event acquisition was about four days later.
osm-7003248324-1321537155-0,jakarta-20220118,validation,12.074,primary,0,0,0,0,,,unknown,excluded,No full-coverage Sentinel-1 acquisition during or within 48 hours after the event; nearest post-event acquisition was about four days later.
osm-7015230195-4849427387-0,jakarta-20220118,validation,64.876,primary,0,0,0,0,,,unknown,excluded,No full-coverage Sentinel-1 acquisition during or within 48 hours after the event; nearest post-event acquisition was about four days later.
osm-7015230199-7015230195-0,jakarta-20220118,validation,44.623,primary,0,0,0,0,,,unknown,excluded,No full-coverage Sentinel-1 acquisition during or within 48 hours after the event; nearest post-event acquisition was about four days later.
osm-7018595457-6315609708-0,jakarta-20220118,validation,34.224,primary,0,0,0,0,,,unknown,excluded,No full-coverage Sentinel-1 acquisition during or within 48 hours after the event; nearest post-event acquisition was about four days later.
osm-7026798812-5498027297-0,jakarta-20220118,validation,424.098,primary,0,0,0,0,,,unknown,excluded,No full-coverage Sentinel-1 acquisition during or within 48 hours after the event; nearest post-event acquisition was about four days later.
osm-7027128992-4658384434-0,jakarta-20220118,validation,91.163,primary,0,0,0,0,,,unknown,excluded,No full-coverage Sentinel-1 acquisition during or within 48 hours after the event; nearest post-event acquisition was about four days later.
osm-7027231693-4152867163-0,jakarta-20220118,validation,112.816,primary,0,0,0,0,,,unknown,excluded,No full-coverage Sentinel-1 acquisition during or within 48 hours after the event; nearest post-event acquisition was about four days later.
osm-7029385572-316486305-0,jakarta-20220118,validation,43.932,trunk_link,0,0,0,0,,,unknown,excluded,No full-coverage Sentinel-1 acquisition during or within 48 hours after the event; nearest post-event acquisition was about four days later.
osm-7029563618-4993841487-0,jakarta-20220118,validation,28.299,primary_link,0,0,0,0,,,unknown,excluded,No full-coverage Sentinel-1 acquisition during or within 48 hours after the event; nearest post-event acquisition was about four days later.
osm-7029563618-7029563620-0,jakarta-20220118,validation,12.404,primary,0,0,0,0,,,unknown,excluded,No full-coverage Sentinel-1 acquisition during or within 48 hours after the event; nearest post-event acquisition was about four days later.
osm-7029563620-7029563621-0,jakarta-20220118,validation,10.441,primary,0,0,0,0,,,unknown,excluded,No full-coverage Sentinel-1 acquisition during or within 48 hours after the event; nearest post-event acquisition was about four days later.
osm-7029563621-12530400916-0,jakarta-20220118,validation,28.354,primary,0,0,0,0,,,unknown,excluded,No full-coverage Sentinel-1 acquisition during or within 48 hours after the event; nearest post-event acquisition was about four days later.
osm-7038299405-388023277-0,jakarta-20220118,validation,43.755,trunk,0,0,0,0,,,unknown,excluded,No full-coverage Sentinel-1 acquisition during or within 48 hours after the event; nearest post-event acquisition was about four days later.
osm-7039275702-1359134222-0,jakarta-20220118,validation,36.048,primary,0,0,0,0,,,unknown,excluded,No full-coverage Sentinel-1 acquisition during or within 48 hours after the event; nearest post-event acquisition was about four days later.
osm-7044795931-7509918742-0,jakarta-20220118,validation,11.4,primary,0,0,0,0,,,unknown,excluded,No full-coverage Sentinel-1 acquisition during or within 48 hours after the event; nearest post-event acquisition was about four days later.
osm-7044795934-7044795931-0,jakarta-20220118,validation,24.82,primary,0,0,0,0,,,unknown,excluded,No full-coverage Sentinel-1 acquisition during or within 48 hours after the event; nearest post-event acquisition was about four days later.
osm-7045010187-5487633251-0,jakarta-20220118,validation,205.057,primary,0,0,0,0,,,unknown,excluded,No full-coverage Sentinel-1 acquisition during or within 48 hours after the event; nearest post-event acquisition was about four days later.
osm-7045010651-4502213977-0,jakarta-20220118,validation,32.545,secondary,0,0,0,0,,,unknown,excluded,No full-coverage Sentinel-1 acquisition during or within 48 hours after the event; nearest post-event acquisition was about four days later.
osm-7045231385-11501464552-0,jakarta-20220118,validation,22.119,primary,0,0,0,0,,,unknown,excluded,No full-coverage Sentinel-1 acquisition during or within 48 hours after the event; nearest post-event acquisition was about four days later.
osm-7046982976-1682844563-0,jakarta-20220118,validation,396.732,primary,0,0,0,0,,,unknown,excluded,No full-coverage Sentinel-1 acquisition during or within 48 hours after the event; nearest post-event acquisition was about four days later.
osm-7050035434-7050035438-0,jakarta-20220118,validation,35.11,primary,0,0,0,0,,,unknown,excluded,No full-coverage Sentinel-1 acquisition during or within 48 hours after the event; nearest post-event acquisition was about four days later.
osm-7050035434-7050035440-0,jakarta-20220118,validation,73.184,trunk,0,0,0,0,,,unknown,excluded,No full-coverage Sentinel-1 acquisition during or within 48 hours after the event; nearest post-event acquisition was about four days later.
osm-7050035438-7122914747-0,jakarta-20220118,validation,88.409,primary,0,0,0,0,,,unknown,excluded,No full-coverage Sentinel-1 acquisition during or within 48 hours after the event; nearest post-event acquisition was about four days later.
osm-7050035440-7246575157-0,jakarta-20220118,validation,9.626,trunk,0,0,0,0,,,unknown,excluded,No full-coverage Sentinel-1 acquisition during or within 48 hours after the event; nearest post-event acquisition was about four days later.
osm-7052519688-7070168306-0,jakarta-20220118,validation,87.927,trunk,0,0,0,0,,,unknown,excluded,No full-coverage Sentinel-1 acquisition during or within 48 hours after the event; nearest post-event acquisition was about four days later.
osm-7055752942-5006633608-0,jakarta-20220118,validation,119.355,primary,0,0,0,0,,,unknown,excluded,No full-coverage Sentinel-1 acquisition during or within 48 hours after the event; nearest post-event acquisition was about four days later.
osm-7055776846-4990059515-0,jakarta-20220118,validation,193.239,primary,0,0,0,0,,,unknown,excluded,No full-coverage Sentinel-1 acquisition during or within 48 hours after the event; nearest post-event acquisition was about four days later.
osm-7059042271-6315609717-0,jakarta-20220118,validation,5.34,primary,0,0,0,0,,,unknown,excluded,No full-coverage Sentinel-1 acquisition during or within 48 hours after the event; nearest post-event acquisition was about four days later.
osm-7059651780-316412093-0,jakarta-20220118,validation,12.186,primary,0,0,0,0,,,unknown,excluded,No full-coverage Sentinel-1 acquisition during or within 48 hours after the event; nearest post-event acquisition was about four days later.
osm-7062375566-7513762422-0,jakarta-20220118,validation,5.34,primary,0,0,0,0,,,unknown,excluded,No full-coverage Sentinel-1 acquisition during or within 48 hours after the event; nearest post-event acquisition was about four days later.
osm-7070168306-7483895436-0,jakarta-20220118,validation,11.254,trunk,0,0,0,0,,,unknown,excluded,No full-coverage Sentinel-1 acquisition during or within 48 hours after the event; nearest post-event acquisition was about four days later.
osm-7070168315-310048098-0,jakarta-20220118,validation,999.957,motorway,0,0,0,0,,,unknown,excluded,No full-coverage Sentinel-1 acquisition during or within 48 hours after the event; nearest post-event acquisition was about four days later.
osm-7070822596-7027231693-0,jakarta-20220118,validation,71.423,primary,0,0,0,0,,,unknown,excluded,No full-coverage Sentinel-1 acquisition during or within 48 hours after the event; nearest post-event acquisition was about four days later.
osm-7082730280-5655139014-0,jakarta-20220118,validation,38.36,primary,0,0,0,0,,,unknown,excluded,No full-coverage Sentinel-1 acquisition during or within 48 hours after the event; nearest post-event acquisition was about four days later.
osm-7082864214-310048835-0,jakarta-20220118,validation,73.245,motorway_link,0,0,0,0,,,unknown,excluded,No full-coverage Sentinel-1 acquisition during or within 48 hours after the event; nearest post-event acquisition was about four days later.
osm-7096117327-6862048641-0,jakarta-20220118,validation,43.381,secondary,0,0,0,0,,,unknown,excluded,No full-coverage Sentinel-1 acquisition during or within 48 hours after the event; nearest post-event acquisition was about four days later.
osm-7098183581-9695103618-0,jakarta-20220118,validation,26.537,secondary,0,0,0,0,,,unknown,excluded,No full-coverage Sentinel-1 acquisition during or within 48 hours after the event; nearest post-event acquisition was about four days later.
osm-7103369194-317156628-0,jakarta-20220118,validation,20.31,primary,0,0,0,0,,,unknown,excluded,No full-coverage Sentinel-1 acquisition during or within 48 hours after the event; nearest post-event acquisition was about four days later.
osm-7103369200-7103369194-0,jakarta-20220118,validation,17.552,primary,0,0,0,0,,,unknown,excluded,No full-coverage Sentinel-1 acquisition during or within 48 hours after the event; nearest post-event acquisition was about four days later.
osm-7103903985-1351484887-0,jakarta-20220118,validation,5.251,primary,0,0,0,0,,,unknown,excluded,No full-coverage Sentinel-1 acquisition during or within 48 hours after the event; nearest post-event acquisition was about four days later.
osm-7104997606-5172730315-0,jakarta-20220118,validation,64.294,secondary,0,0,0,0,,,unknown,excluded,No full-coverage Sentinel-1 acquisition during or within 48 hours after the event; nearest post-event acquisition was about four days later.
osm-7105384963-1342878909-0,jakarta-20220118,validation,100.619,trunk,0,0,0,0,,,unknown,excluded,No full-coverage Sentinel-1 acquisition during or within 48 hours after the event; nearest post-event acquisition was about four days later.
osm-7112944949-393861915-0,jakarta-20220118,validation,25.867,secondary,0,0,0,0,,,unknown,excluded,No full-coverage Sentinel-1 acquisition during or within 48 hours after the event; nearest post-event acquisition was about four days later.
osm-7117458776-5380055271-0,jakarta-20220118,validation,186.493,trunk,0,0,0,0,,,unknown,excluded,No full-coverage Sentinel-1 acquisition during or within 48 hours after the event; nearest post-event acquisition was about four days later.
osm-7117640144-5189820259-0,jakarta-20220118,validation,189.56,primary,0,0,0,0,,,unknown,excluded,No full-coverage Sentinel-1 acquisition during or within 48 hours after the event; nearest post-event acquisition was about four days later.
osm-7118113165-104356359-0,jakarta-20220118,validation,75.152,trunk,0,0,0,0,,,unknown,excluded,No full-coverage Sentinel-1 acquisition during or within 48 hours after the event; nearest post-event acquisition was about four days later.
osm-7120306569-5371596275-0,jakarta-20220118,validation,63.385,primary,0,0,0,0,,,unknown,excluded,No full-coverage Sentinel-1 acquisition during or within 48 hours after the event; nearest post-event acquisition was about four days later.
osm-7120306577-7120306569-0,jakarta-20220118,validation,25.987,primary,0,0,0,0,,,unknown,excluded,No full-coverage Sentinel-1 acquisition during or within 48 hours after the event; nearest post-event acquisition was about four days later.
osm-7120310389-9665578858-0,jakarta-20220118,validation,59.0,primary,0,0,0,0,,,unknown,excluded,No full-coverage Sentinel-1 acquisition during or within 48 hours after the event; nearest post-event acquisition was about four days later.
osm-7120318185-7120380404-0,jakarta-20220118,validation,22.25,primary,0,0,0,0,,,unknown,excluded,No full-coverage Sentinel-1 acquisition during or within 48 hours after the event; nearest post-event acquisition was about four days later.
osm-7120341842-7120393917-0,jakarta-20220118,validation,18.174,primary,0,0,0,0,,,unknown,excluded,No full-coverage Sentinel-1 acquisition during or within 48 hours after the event; nearest post-event acquisition was about four days later.
osm-7120370231-4996688468-0,jakarta-20220118,validation,57.882,primary,0,0,0,0,,,unknown,excluded,No full-coverage Sentinel-1 acquisition during or within 48 hours after the event; nearest post-event acquisition was about four days later.
osm-7120377653-29939156-0,jakarta-20220118,validation,38.542,primary,0,0,0,0,,,unknown,excluded,No full-coverage Sentinel-1 acquisition during or within 48 hours after the event; nearest post-event acquisition was about four days later.
osm-7120377658-7120377653-0,jakarta-20220118,validation,12.145,primary,0,0,0,0,,,unknown,excluded,No full-coverage Sentinel-1 acquisition during or within 48 hours after the event; nearest post-event acquisition was about four days later.
osm-7120380401-5371596264-0,jakarta-20220118,validation,14.281,primary,0,0,0,0,,,unknown,excluded,No full-coverage Sentinel-1 acquisition during or within 48 hours after the event; nearest post-event acquisition was about four days later.
osm-7120380404-7120380401-0,jakarta-20220118,validation,16.262,primary,0,0,0,0,,,unknown,excluded,No full-coverage Sentinel-1 acquisition during or within 48 hours after the event; nearest post-event acquisition was about four days later.
osm-7120383641-10758010539-0,jakarta-20220118,validation,74.185,primary,0,0,0,0,,,unknown,excluded,No full-coverage Sentinel-1 acquisition during or within 48 hours after the event; nearest post-event acquisition was about four days later.
osm-7120383650-7120383641-0,jakarta-20220118,validation,20.977,primary,0,0,0,0,,,unknown,excluded,No full-coverage Sentinel-1 acquisition during or within 48 hours after the event; nearest post-event acquisition was about four days later.
osm-7120383655-7120383650-0,jakarta-20220118,validation,10.639,primary,0,0,0,0,,,unknown,excluded,No full-coverage Sentinel-1 acquisition during or within 48 hours after the event; nearest post-event acquisition was about four days later.
osm-7120383657-1163404618-0,jakarta-20220118,validation,11.476,primary,0,0,0,0,,,unknown,excluded,No full-coverage Sentinel-1 acquisition during or within 48 hours after the event; nearest post-event acquisition was about four days later.
osm-7120383659-7120383657-0,jakarta-20220118,validation,19.811,primary,0,0,0,0,,,unknown,excluded,No full-coverage Sentinel-1 acquisition during or within 48 hours after the event; nearest post-event acquisition was about four days later.
osm-7120393905-7120377658-0,jakarta-20220118,validation,50.707,primary,0,0,0,0,,,unknown,excluded,No full-coverage Sentinel-1 acquisition during or within 48 hours after the event; nearest post-event acquisition was about four days later.
osm-7120393917-7120306577-0,jakarta-20220118,validation,8.037,primary,0,0,0,0,,,unknown,excluded,No full-coverage Sentinel-1 acquisition during or within 48 hours after the event; nearest post-event acquisition was about four days later.
osm-7120393920-5371596268-0,jakarta-20220118,validation,15.313,primary,0,0,0,0,,,unknown,excluded,No full-coverage Sentinel-1 acquisition during or within 48 hours after the event; nearest post-event acquisition was about four days later.
osm-7120410534-4899821967-0,jakarta-20220118,validation,97.519,primary,0,0,0,0,,,unknown,excluded,No full-coverage Sentinel-1 acquisition during or within 48 hours after the event; nearest post-event acquisition was about four days later.
osm-7120410539-7120410534-0,jakarta-20220118,validation,34.162,primary,0,0,0,0,,,unknown,excluded,No full-coverage Sentinel-1 acquisition during or within 48 hours after the event; nearest post-event acquisition was about four days later.
osm-7120410540-7120410539-0,jakarta-20220118,validation,19.381,primary,0,0,0,0,,,unknown,excluded,No full-coverage Sentinel-1 acquisition during or within 48 hours after the event; nearest post-event acquisition was about four days later.
osm-7120410546-13720913830-0,jakarta-20220118,validation,9.312,primary,0,0,0,0,,,unknown,excluded,No full-coverage Sentinel-1 acquisition during or within 48 hours after the event; nearest post-event acquisition was about four days later.
osm-7120411005-7120419447-0,jakarta-20220118,validation,55.116,primary,0,0,0,0,,,unknown,excluded,No full-coverage Sentinel-1 acquisition during or within 48 hours after the event; nearest post-event acquisition was about four days later.
osm-7120411011-7120411005-0,jakarta-20220118,validation,19.969,primary,0,0,0,0,,,unknown,excluded,No full-coverage Sentinel-1 acquisition during or within 48 hours after the event; nearest post-event acquisition was about four days later.
osm-7120419442-29939154-0,jakarta-20220118,validation,35.593,primary,0,0,0,0,,,unknown,excluded,No full-coverage Sentinel-1 acquisition during or within 48 hours after the event; nearest post-event acquisition was about four days later.
osm-7120419444-7120419442-0,jakarta-20220118,validation,26.578,primary,0,0,0,0,,,unknown,excluded,No full-coverage Sentinel-1 acquisition during or within 48 hours after the event; nearest post-event acquisition was about four days later.
osm-7120419447-7120419444-0,jakarta-20220118,validation,10.136,primary,0,0,0,0,,,unknown,excluded,No full-coverage Sentinel-1 acquisition during or within 48 hours after the event; nearest post-event acquisition was about four days later.
osm-7120440775-7756153690-0,jakarta-20220118,validation,7.5,primary,0,0,0,0,,,unknown,excluded,No full-coverage Sentinel-1 acquisition during or within 48 hours after the event; nearest post-event acquisition was about four days later.
osm-7120440781-5671531324-0,jakarta-20220118,validation,51.471,primary,0,0,0,0,,,unknown,excluded,No full-coverage Sentinel-1 acquisition during or within 48 hours after the event; nearest post-event acquisition was about four days later.
osm-7120487195-316374654-0,jakarta-20220118,validation,13.689,primary,0,0,0,0,,,unknown,excluded,No full-coverage Sentinel-1 acquisition during or within 48 hours after the event; nearest post-event acquisition was about four days later.
osm-7120487197-7120487195-0,jakarta-20220118,validation,14.81,primary,0,0,0,0,,,unknown,excluded,No full-coverage Sentinel-1 acquisition during or within 48 hours after the event; nearest post-event acquisition was about four days later.
osm-7120502855-4750115938-0,jakarta-20220118,validation,159.115,primary,0,0,0,0,,,unknown,excluded,No full-coverage Sentinel-1 acquisition during or within 48 hours after the event; nearest post-event acquisition was about four days later.
osm-7120512601-5669076905-0,jakarta-20220118,validation,60.461,primary,0,0,0,0,,,unknown,excluded,No full-coverage Sentinel-1 acquisition during or within 48 hours after the event; nearest post-event acquisition was about four days later.
osm-7120831201-1376428022-0,jakarta-20220118,validation,11.772,trunk,0,0,0,0,,,unknown,excluded,No full-coverage Sentinel-1 acquisition during or within 48 hours after the event; nearest post-event acquisition was about four days later.
osm-7122843809-7045010651-0,jakarta-20220118,validation,34.393,secondary,0,0,0,0,,,unknown,excluded,No full-coverage Sentinel-1 acquisition during or within 48 hours after the event; nearest post-event acquisition was about four days later.
osm-7122914747-5673841354-0,jakarta-20220118,validation,40.978,primary,0,0,0,0,,,unknown,excluded,No full-coverage Sentinel-1 acquisition during or within 48 hours after the event; nearest post-event acquisition was about four days later.
osm-7123191860-13828094473-0,jakarta-20220118,validation,45.62,primary,0,0,0,0,,,unknown,excluded,No full-coverage Sentinel-1 acquisition during or within 48 hours after the event; nearest post-event acquisition was about four days later.
osm-7131381422-5425990246-0,jakarta-20220118,validation,97.807,trunk,0,0,0,0,,,unknown,excluded,No full-coverage Sentinel-1 acquisition during or within 48 hours after the event; nearest post-event acquisition was about four days later.
osm-7131628847-5068494252-0,jakarta-20220118,validation,28.717,residential,0,0,0,0,,,unknown,excluded,No full-coverage Sentinel-1 acquisition during or within 48 hours after the event; nearest post-event acquisition was about four days later.
osm-7131628852-7131628847-1,jakarta-20220118,validation,77.693,service,0,0,0,0,,,unknown,excluded,No full-coverage Sentinel-1 acquisition during or within 48 hours after the event; nearest post-event acquisition was about four days later.
osm-7131701881-9694163557-0,jakarta-20220118,validation,323.736,primary,0,0,0,0,,,unknown,excluded,No full-coverage Sentinel-1 acquisition during or within 48 hours after the event; nearest post-event acquisition was about four days later.
osm-7132187495-7132187498-0,jakarta-20220118,validation,51.015,primary,0,0,0,0,,,unknown,excluded,No full-coverage Sentinel-1 acquisition during or within 48 hours after the event; nearest post-event acquisition was about four days later.
osm-7132187498-9009474493-0,jakarta-20220118,validation,17.111,primary,0,0,0,0,,,unknown,excluded,No full-coverage Sentinel-1 acquisition during or within 48 hours after the event; nearest post-event acquisition was about four days later.
osm-7132270238-5374380799-0,jakarta-20220118,validation,186.293,primary,0,0,0,0,,,unknown,excluded,No full-coverage Sentinel-1 acquisition during or within 48 hours after the event; nearest post-event acquisition was about four days later.
osm-7137519768-7137727237-0,jakarta-20220118,validation,272.485,trunk,0,0,0,0,,,unknown,excluded,No full-coverage Sentinel-1 acquisition during or within 48 hours after the event; nearest post-event acquisition was about four days later.
osm-7137574112-5380068218-0,jakarta-20220118,validation,104.846,trunk,0,0,0,0,,,unknown,excluded,No full-coverage Sentinel-1 acquisition during or within 48 hours after the event; nearest post-event acquisition was about four days later.
osm-7137652765-328320159-0,jakarta-20220118,validation,114.029,trunk_link,0,0,0,0,,,unknown,excluded,No full-coverage Sentinel-1 acquisition during or within 48 hours after the event; nearest post-event acquisition was about four days later.
osm-7137727237-7246511033-0,jakarta-20220118,validation,16.412,trunk,0,0,0,0,,,unknown,excluded,No full-coverage Sentinel-1 acquisition during or within 48 hours after the event; nearest post-event acquisition was about four days later.
osm-7137820748-4548267014-0,jakarta-20220118,validation,58.717,trunk,0,0,0,0,,,unknown,excluded,No full-coverage Sentinel-1 acquisition during or within 48 hours after the event; nearest post-event acquisition was about four days later.
osm-7140161059-6434930408-0,jakarta-20220118,validation,40.295,trunk,0,0,0,0,,,unknown,excluded,No full-coverage Sentinel-1 acquisition during or within 48 hours after the event; nearest post-event acquisition was about four days later.
osm-7140306354-6434945508-0,jakarta-20220118,validation,54.41,trunk,0,0,0,0,,,unknown,excluded,No full-coverage Sentinel-1 acquisition during or within 48 hours after the event; nearest post-event acquisition was about four days later.
osm-7147121113-7697810035-0,jakarta-20220118,validation,382.128,trunk,0,0,0,0,,,unknown,excluded,No full-coverage Sentinel-1 acquisition during or within 48 hours after the event; nearest post-event acquisition was about four days later.
osm-7149726253-5487632874-0,jakarta-20220118,validation,107.102,trunk,0,0,0,0,,,unknown,excluded,No full-coverage Sentinel-1 acquisition during or within 48 hours after the event; nearest post-event acquisition was about four days later.
osm-7152827727-10599212863-0,jakarta-20220118,validation,36.824,tertiary,0,0,0,0,,,unknown,excluded,No full-coverage Sentinel-1 acquisition during or within 48 hours after the event; nearest post-event acquisition was about four days later.
osm-7156322369-316374602-0,jakarta-20220118,validation,27.08,primary,0,0,0,0,,,unknown,excluded,No full-coverage Sentinel-1 acquisition during or within 48 hours after the event; nearest post-event acquisition was about four days later.
osm-7192466992-1695811568-0,jakarta-20220118,validation,105.94,residential,0,0,0,0,,,unknown,excluded,No full-coverage Sentinel-1 acquisition during or within 48 hours after the event; nearest post-event acquisition was about four days later.
osm-7225096520-4800528564-0,jakarta-20220118,validation,22.681,primary,0,0,0,0,,,unknown,excluded,No full-coverage Sentinel-1 acquisition during or within 48 hours after the event; nearest post-event acquisition was about four days later.
osm-7226592293-7226690310-0,jakarta-20220118,validation,94.197,primary,0,0,0,0,,,unknown,excluded,No full-coverage Sentinel-1 acquisition during or within 48 hours after the event; nearest post-event acquisition was about four days later.
osm-7226690310-9684746119-0,jakarta-20220118,validation,43.501,primary,0,0,0,0,,,unknown,excluded,No full-coverage Sentinel-1 acquisition during or within 48 hours after the event; nearest post-event acquisition was about four days later.
osm-7226690317-1311842311-0,jakarta-20220118,validation,19.693,primary,0,0,0,0,,,unknown,excluded,No full-coverage Sentinel-1 acquisition during or within 48 hours after the event; nearest post-event acquisition was about four days later.
osm-7229469661-4776087714-0,jakarta-20220118,validation,25.968,tertiary,0,0,0,0,,,unknown,excluded,No full-coverage Sentinel-1 acquisition during or within 48 hours after the event; nearest post-event acquisition was about four days later.
osm-7241544817-5227396653-0,jakarta-20220118,validation,43.856,primary,0,0,0,0,,,unknown,excluded,No full-coverage Sentinel-1 acquisition during or within 48 hours after the event; nearest post-event acquisition was about four days later.
osm-7241781245-315305416-0,jakarta-20220118,validation,19.738,tertiary,0,0,0,0,,,unknown,excluded,No full-coverage Sentinel-1 acquisition during or within 48 hours after the event; nearest post-event acquisition was about four days later.
osm-7246473924-4564612508-0,jakarta-20220118,validation,30.73,primary,0,0,0,0,,,unknown,excluded,No full-coverage Sentinel-1 acquisition during or within 48 hours after the event; nearest post-event acquisition was about four days later.
osm-7246511033-7137652765-0,jakarta-20220118,validation,31.486,trunk,0,0,0,0,,,unknown,excluded,No full-coverage Sentinel-1 acquisition during or within 48 hours after the event; nearest post-event acquisition was about four days later.
osm-7246575157-5673840820-0,jakarta-20220118,validation,10.249,trunk,0,0,0,0,,,unknown,excluded,No full-coverage Sentinel-1 acquisition during or within 48 hours after the event; nearest post-event acquisition was about four days later.
osm-7249176145-104363249-0,jakarta-20220118,validation,46.069,primary,0,0,0,0,,,unknown,excluded,No full-coverage Sentinel-1 acquisition during or within 48 hours after the event; nearest post-event acquisition was about four days later.
osm-7260196327-1139139742-1,jakarta-20220118,validation,299.132,trunk,0,0,0,0,,,unknown,excluded,No full-coverage Sentinel-1 acquisition during or within 48 hours after the event; nearest post-event acquisition was about four days later.
osm-7260204106-6331405436-0,jakarta-20220118,validation,89.21,trunk,0,0,0,0,,,unknown,excluded,No full-coverage Sentinel-1 acquisition during or within 48 hours after the event; nearest post-event acquisition was about four days later.
osm-7284085578-317417610-0,jakarta-20220118,validation,14.124,primary,0,0,0,0,,,unknown,excluded,No full-coverage Sentinel-1 acquisition during or within 48 hours after the event; nearest post-event acquisition was about four days later.
osm-7400356402-95010735-0,jakarta-20220118,validation,12.803,trunk,0,0,0,0,,,unknown,excluded,No full-coverage Sentinel-1 acquisition during or within 48 hours after the event; nearest post-event acquisition was about four days later.
osm-7400356402-1133343792-0,jakarta-20220118,validation,141.614,tertiary,0,0,0,0,,,unknown,excluded,No full-coverage Sentinel-1 acquisition during or within 48 hours after the event; nearest post-event acquisition was about four days later.
osm-7483895397-5372153187-0,jakarta-20220118,validation,43.466,trunk,0,0,0,0,,,unknown,excluded,No full-coverage Sentinel-1 acquisition during or within 48 hours after the event; nearest post-event acquisition was about four days later.
osm-7483895436-7483895397-0,jakarta-20220118,validation,3.517,trunk,0,0,0,0,,,unknown,excluded,No full-coverage Sentinel-1 acquisition during or within 48 hours after the event; nearest post-event acquisition was about four days later.
osm-7496439574-1321228566-0,jakarta-20220118,validation,37.211,primary,0,0,0,0,,,unknown,excluded,No full-coverage Sentinel-1 acquisition during or within 48 hours after the event; nearest post-event acquisition was about four days later.
osm-7509918738-9691407991-0,jakarta-20220118,validation,5.173,primary,0,0,0,0,,,unknown,excluded,No full-coverage Sentinel-1 acquisition during or within 48 hours after the event; nearest post-event acquisition was about four days later.
osm-7509918742-7496439574-0,jakarta-20220118,validation,10.744,primary,0,0,0,0,,,unknown,excluded,No full-coverage Sentinel-1 acquisition during or within 48 hours after the event; nearest post-event acquisition was about four days later.
osm-7513762422-9075741779-0,jakarta-20220118,validation,15.963,primary,0,0,0,0,,,unknown,excluded,No full-coverage Sentinel-1 acquisition during or within 48 hours after the event; nearest post-event acquisition was about four days later.
osm-7516900856-4548266264-0,jakarta-20220118,validation,37.311,trunk,0,0,0,0,,,unknown,excluded,No full-coverage Sentinel-1 acquisition during or within 48 hours after the event; nearest post-event acquisition was about four days later.
osm-7530848743-11925999197-0,jakarta-20220118,validation,175.146,primary,0,0,0,0,,,unknown,excluded,No full-coverage Sentinel-1 acquisition during or within 48 hours after the event; nearest post-event acquisition was about four days later.
osm-7570445358-4564851111-0,jakarta-20220118,validation,16.88,primary,0,0,0,0,,,unknown,excluded,No full-coverage Sentinel-1 acquisition during or within 48 hours after the event; nearest post-event acquisition was about four days later.
osm-7576918586-2415817217-0,jakarta-20220118,validation,322.96,motorway,0,0,0,0,,,unknown,excluded,No full-coverage Sentinel-1 acquisition during or within 48 hours after the event; nearest post-event acquisition was about four days later.
osm-7576918597-7147121113-0,jakarta-20220118,validation,79.31,trunk,0,0,0,0,,,unknown,excluded,No full-coverage Sentinel-1 acquisition during or within 48 hours after the event; nearest post-event acquisition was about four days later.
osm-7576934780-5379667162-0,jakarta-20220118,validation,138.425,trunk,0,0,0,0,,,unknown,excluded,No full-coverage Sentinel-1 acquisition during or within 48 hours after the event; nearest post-event acquisition was about four days later.
osm-7595258503-6907592439-0,jakarta-20220118,validation,42.52,secondary,0,0,0,0,,,unknown,excluded,No full-coverage Sentinel-1 acquisition during or within 48 hours after the event; nearest post-event acquisition was about four days later.
osm-7614917291-13721122640-0,jakarta-20220118,validation,9.345,primary_link,0,0,0,0,,,unknown,excluded,No full-coverage Sentinel-1 acquisition during or within 48 hours after the event; nearest post-event acquisition was about four days later.
osm-7614917300-5459048224-0,jakarta-20220118,validation,15.863,primary,0,0,0,0,,,unknown,excluded,No full-coverage Sentinel-1 acquisition during or within 48 hours after the event; nearest post-event acquisition was about four days later.
osm-7614917300-7614917291-0,jakarta-20220118,validation,74.95,primary_link,0,0,0,0,,,unknown,excluded,No full-coverage Sentinel-1 acquisition during or within 48 hours after the event; nearest post-event acquisition was about four days later.
osm-7647950148-1135179379-0,jakarta-20220118,validation,33.146,primary,0,0,0,0,,,unknown,excluded,No full-coverage Sentinel-1 acquisition during or within 48 hours after the event; nearest post-event acquisition was about four days later.
osm-7694410074-5373977782-0,jakarta-20220118,validation,53.233,primary,0,0,0,0,,,unknown,excluded,No full-coverage Sentinel-1 acquisition during or within 48 hours after the event; nearest post-event acquisition was about four days later.
osm-7697810034-5068494251-0,jakarta-20220118,validation,30.994,residential,0,0,0,0,,,unknown,excluded,No full-coverage Sentinel-1 acquisition during or within 48 hours after the event; nearest post-event acquisition was about four days later.
osm-7697810035-9529290217-0,jakarta-20220118,validation,107.875,trunk,0,0,0,0,,,unknown,excluded,No full-coverage Sentinel-1 acquisition during or within 48 hours after the event; nearest post-event acquisition was about four days later.
osm-7697810036-7697810035-0,jakarta-20220118,validation,15.896,trunk_link,0,0,0,0,,,unknown,excluded,No full-coverage Sentinel-1 acquisition during or within 48 hours after the event; nearest post-event acquisition was about four days later.
osm-7756153690-5377076414-0,jakarta-20220118,validation,13.96,primary,0,0,0,0,,,unknown,excluded,No full-coverage Sentinel-1 acquisition during or within 48 hours after the event; nearest post-event acquisition was about four days later.
osm-7756153695-7120440775-0,jakarta-20220118,validation,23.305,primary,0,0,0,0,,,unknown,excluded,No full-coverage Sentinel-1 acquisition during or within 48 hours after the event; nearest post-event acquisition was about four days later.
osm-7756168367-4750115942-0,jakarta-20220118,validation,31.65,primary,0,0,0,0,,,unknown,excluded,No full-coverage Sentinel-1 acquisition during or within 48 hours after the event; nearest post-event acquisition was about four days later.
osm-7756197690-9013826114-0,jakarta-20220118,validation,13.479,primary,0,0,0,0,,,unknown,excluded,No full-coverage Sentinel-1 acquisition during or within 48 hours after the event; nearest post-event acquisition was about four days later.
osm-7760892449-7697810034-0,jakarta-20220118,validation,8.237,trunk,0,0,0,0,,,unknown,excluded,No full-coverage Sentinel-1 acquisition during or within 48 hours after the event; nearest post-event acquisition was about four days later.
osm-7805088053-7003228710-0,jakarta-20220118,validation,34.846,primary,0,0,0,0,,,unknown,excluded,No full-coverage Sentinel-1 acquisition during or within 48 hours after the event; nearest post-event acquisition was about four days later.
osm-8132773400-1325257182-0,jakarta-20220118,validation,102.883,trunk,0,0,0,0,,,unknown,excluded,No full-coverage Sentinel-1 acquisition during or within 48 hours after the event; nearest post-event acquisition was about four days later.
osm-8132787924-309086906-0,jakarta-20220118,validation,914.19,motorway,0,0,0,0,,,unknown,excluded,No full-coverage Sentinel-1 acquisition during or within 48 hours after the event; nearest post-event acquisition was about four days later.
osm-8208701324-6334849877-0,jakarta-20220118,validation,202.11,primary,0,0,0,0,,,unknown,excluded,No full-coverage Sentinel-1 acquisition during or within 48 hours after the event; nearest post-event acquisition was about four days later.
osm-8313092690-1315069362-0,jakarta-20220118,validation,62.385,primary,0,0,0,0,,,unknown,excluded,No full-coverage Sentinel-1 acquisition during or within 48 hours after the event; nearest post-event acquisition was about four days later.
osm-8313442289-8488635417-0,jakarta-20220118,validation,19.187,tertiary,0,0,0,0,,,unknown,excluded,No full-coverage Sentinel-1 acquisition during or within 48 hours after the event; nearest post-event acquisition was about four days later.
osm-8434800015-1675426459-0,jakarta-20220118,validation,26.17,primary,0,0,0,0,,,unknown,excluded,No full-coverage Sentinel-1 acquisition during or within 48 hours after the event; nearest post-event acquisition was about four days later.
osm-8478023954-4499976535-0,jakarta-20220118,validation,30.081,primary,0,0,0,0,,,unknown,excluded,No full-coverage Sentinel-1 acquisition during or within 48 hours after the event; nearest post-event acquisition was about four days later.
osm-8481827349-9685151098-0,jakarta-20220118,validation,65.618,primary,0,0,0,0,,,unknown,excluded,No full-coverage Sentinel-1 acquisition during or within 48 hours after the event; nearest post-event acquisition was about four days later.
osm-8488629808-8313442289-0,jakarta-20220118,validation,5.739,tertiary,0,0,0,0,,,unknown,excluded,No full-coverage Sentinel-1 acquisition during or within 48 hours after the event; nearest post-event acquisition was about four days later.
osm-8488635417-8488629813-0,jakarta-20220118,validation,87.002,service,0,0,0,0,,,unknown,excluded,No full-coverage Sentinel-1 acquisition during or within 48 hours after the event; nearest post-event acquisition was about four days later.
osm-8488635421-8488635417-0,jakarta-20220118,validation,20.234,tertiary,0,0,0,0,,,unknown,excluded,No full-coverage Sentinel-1 acquisition during or within 48 hours after the event; nearest post-event acquisition was about four days later.
osm-8488921432-9009735918-0,jakarta-20220118,validation,29.95,primary,0,0,0,0,,,unknown,excluded,No full-coverage Sentinel-1 acquisition during or within 48 hours after the event; nearest post-event acquisition was about four days later.
osm-8499454046-393856973-0,jakarta-20220118,validation,64.222,secondary,0,0,0,0,,,unknown,excluded,No full-coverage Sentinel-1 acquisition during or within 48 hours after the event; nearest post-event acquisition was about four days later.
osm-8500012435-6334537728-0,jakarta-20220118,validation,51.293,secondary,0,0,0,0,,,unknown,excluded,No full-coverage Sentinel-1 acquisition during or within 48 hours after the event; nearest post-event acquisition was about four days later.
osm-8502330159-6806925400-0,jakarta-20220118,validation,23.122,primary,0,0,0,0,,,unknown,excluded,No full-coverage Sentinel-1 acquisition during or within 48 hours after the event; nearest post-event acquisition was about four days later.
osm-8503624788-4986680280-0,jakarta-20220118,validation,78.87,primary,0,0,0,0,,,unknown,excluded,No full-coverage Sentinel-1 acquisition during or within 48 hours after the event; nearest post-event acquisition was about four days later.
osm-8504122967-352897085-0,jakarta-20220118,validation,22.735,primary,0,0,0,0,,,unknown,excluded,No full-coverage Sentinel-1 acquisition during or within 48 hours after the event; nearest post-event acquisition was about four days later.
osm-8505902513-315487156-0,jakarta-20220118,validation,50.142,primary,0,0,0,0,,,unknown,excluded,No full-coverage Sentinel-1 acquisition during or within 48 hours after the event; nearest post-event acquisition was about four days later.
osm-8509401662-329969014-0,jakarta-20220118,validation,45.725,primary,0,0,0,0,,,unknown,excluded,No full-coverage Sentinel-1 acquisition during or within 48 hours after the event; nearest post-event acquisition was about four days later.
osm-8509445105-308981972-0,jakarta-20220118,validation,32.63,tertiary,0,0,0,0,,,unknown,excluded,No full-coverage Sentinel-1 acquisition during or within 48 hours after the event; nearest post-event acquisition was about four days later.
osm-8509512970-10090012698-0,jakarta-20220118,validation,11.439,tertiary,0,0,0,0,,,unknown,excluded,No full-coverage Sentinel-1 acquisition during or within 48 hours after the event; nearest post-event acquisition was about four days later.
osm-8509975229-9679957698-0,jakarta-20220118,validation,39.669,primary,0,0,0,0,,,unknown,excluded,No full-coverage Sentinel-1 acquisition during or within 48 hours after the event; nearest post-event acquisition was about four days later.
osm-8510368916-5379767874-0,jakarta-20220118,validation,53.118,secondary,0,0,0,0,,,unknown,excluded,No full-coverage Sentinel-1 acquisition during or within 48 hours after the event; nearest post-event acquisition was about four days later.
osm-8510661425-8510661436-0,jakarta-20220118,validation,38.63,primary,0,0,0,0,,,unknown,excluded,No full-coverage Sentinel-1 acquisition during or within 48 hours after the event; nearest post-event acquisition was about four days later.
osm-8510661436-4776237951-0,jakarta-20220118,validation,95.425,primary,0,0,0,0,,,unknown,excluded,No full-coverage Sentinel-1 acquisition during or within 48 hours after the event; nearest post-event acquisition was about four days later.
osm-8519460813-315480467-0,jakarta-20220118,validation,7.16,primary,0,0,0,0,,,unknown,excluded,No full-coverage Sentinel-1 acquisition during or within 48 hours after the event; nearest post-event acquisition was about four days later.
osm-8520330753-8520330756-0,jakarta-20220118,validation,28.022,tertiary,0,0,0,0,,,unknown,excluded,No full-coverage Sentinel-1 acquisition during or within 48 hours after the event; nearest post-event acquisition was about four days later.
osm-8520330756-6459026538-0,jakarta-20220118,validation,109.85,tertiary,0,0,0,0,,,unknown,excluded,No full-coverage Sentinel-1 acquisition during or within 48 hours after the event; nearest post-event acquisition was about four days later.
osm-8523204009-8523204012-0,jakarta-20220118,validation,11.655,residential,0,0,0,0,,,unknown,excluded,No full-coverage Sentinel-1 acquisition during or within 48 hours after the event; nearest post-event acquisition was about four days later.
osm-8523204012-9013720102-0,jakarta-20220118,validation,21.738,residential,0,0,0,0,,,unknown,excluded,No full-coverage Sentinel-1 acquisition during or within 48 hours after the event; nearest post-event acquisition was about four days later.
osm-8547875909-1359134207-0,jakarta-20220118,validation,19.905,primary,0,0,0,0,,,unknown,excluded,No full-coverage Sentinel-1 acquisition during or within 48 hours after the event; nearest post-event acquisition was about four days later.
osm-8555984047-9622773431-0,jakarta-20220118,validation,36.952,primary,0,0,0,0,,,unknown,excluded,No full-coverage Sentinel-1 acquisition during or within 48 hours after the event; nearest post-event acquisition was about four days later.
osm-8562305801-1135179404-0,jakarta-20220118,validation,38.841,tertiary,0,0,0,0,,,unknown,excluded,No full-coverage Sentinel-1 acquisition during or within 48 hours after the event; nearest post-event acquisition was about four days later.
osm-8609186468-9013826103-0,jakarta-20220118,validation,33.121,primary,0,0,0,0,,,unknown,excluded,No full-coverage Sentinel-1 acquisition during or within 48 hours after the event; nearest post-event acquisition was about four days later.
osm-8749112680-1682844228-0,jakarta-20220118,validation,223.844,primary,0,0,0,0,,,unknown,excluded,No full-coverage Sentinel-1 acquisition during or within 48 hours after the event; nearest post-event acquisition was about four days later.
osm-8772028147-4776237953-0,jakarta-20220118,validation,189.248,primary,0,0,0,0,,,unknown,excluded,No full-coverage Sentinel-1 acquisition during or within 48 hours after the event; nearest post-event acquisition was about four days later.
osm-8789425687-9003229253-0,jakarta-20220118,validation,14.7,primary,0,0,0,0,,,unknown,excluded,No full-coverage Sentinel-1 acquisition during or within 48 hours after the event; nearest post-event acquisition was about four days later.
osm-8796979647-9018975643-0,jakarta-20220118,validation,22.765,secondary,0,0,0,0,,,unknown,excluded,No full-coverage Sentinel-1 acquisition during or within 48 hours after the event; nearest post-event acquisition was about four days later.
osm-8810858536-4836392299-0,jakarta-20220118,validation,107.859,tertiary,0,0,0,0,,,unknown,excluded,No full-coverage Sentinel-1 acquisition during or within 48 hours after the event; nearest post-event acquisition was about four days later.
osm-8811305451-317156534-0,jakarta-20220118,validation,45.312,primary,0,0,0,0,,,unknown,excluded,No full-coverage Sentinel-1 acquisition during or within 48 hours after the event; nearest post-event acquisition was about four days later.
osm-8811850651-9533955736-0,jakarta-20220118,validation,20.706,residential,0,0,0,0,,,unknown,excluded,No full-coverage Sentinel-1 acquisition during or within 48 hours after the event; nearest post-event acquisition was about four days later.
osm-8992056526-12745136709-0,jakarta-20220118,validation,78.639,primary,0,0,0,0,,,unknown,excluded,No full-coverage Sentinel-1 acquisition during or within 48 hours after the event; nearest post-event acquisition was about four days later.
osm-8992744188-9676145373-0,jakarta-20220118,validation,10.477,primary,0,0,0,0,,,unknown,excluded,No full-coverage Sentinel-1 acquisition during or within 48 hours after the event; nearest post-event acquisition was about four days later.
osm-8995440646-7059042271-0,jakarta-20220118,validation,9.512,primary,0,0,0,0,,,unknown,excluded,No full-coverage Sentinel-1 acquisition during or within 48 hours after the event; nearest post-event acquisition was about four days later.
osm-9002723306-4466078450-0,jakarta-20220118,validation,39.273,primary,0,0,0,0,,,unknown,excluded,No full-coverage Sentinel-1 acquisition during or within 48 hours after the event; nearest post-event acquisition was about four days later.
osm-9003037183-9003037188-0,jakarta-20220118,validation,76.198,primary,0,0,0,0,,,unknown,excluded,No full-coverage Sentinel-1 acquisition during or within 48 hours after the event; nearest post-event acquisition was about four days later.
osm-9003037188-4999344324-0,jakarta-20220118,validation,12.353,primary,0,0,0,0,,,unknown,excluded,No full-coverage Sentinel-1 acquisition during or within 48 hours after the event; nearest post-event acquisition was about four days later.
osm-9003037197-9003037205-0,jakarta-20220118,validation,17.858,primary,0,0,0,0,,,unknown,excluded,No full-coverage Sentinel-1 acquisition during or within 48 hours after the event; nearest post-event acquisition was about four days later.
osm-9003037205-8547875909-0,jakarta-20220118,validation,107.747,primary,0,0,0,0,,,unknown,excluded,No full-coverage Sentinel-1 acquisition during or within 48 hours after the event; nearest post-event acquisition was about four days later.
osm-9003229253-9003229257-0,jakarta-20220118,validation,57.158,primary,0,0,0,0,,,unknown,excluded,No full-coverage Sentinel-1 acquisition during or within 48 hours after the event; nearest post-event acquisition was about four days later.
osm-9003229257-9009429368-0,jakarta-20220118,validation,52.073,primary,0,0,0,0,,,unknown,excluded,No full-coverage Sentinel-1 acquisition during or within 48 hours after the event; nearest post-event acquisition was about four days later.
osm-9003292724-9506862589-0,jakarta-20220118,validation,38.145,trunk,0,0,0,0,,,unknown,excluded,No full-coverage Sentinel-1 acquisition during or within 48 hours after the event; nearest post-event acquisition was about four days later.
osm-9004158961-9028323630-0,jakarta-20220118,validation,26.597,trunk,0,0,0,0,,,unknown,excluded,No full-coverage Sentinel-1 acquisition during or within 48 hours after the event; nearest post-event acquisition was about four days later.
osm-9009175767-3266396597-0,jakarta-20220118,validation,46.92,trunk,0,0,0,0,,,unknown,excluded,No full-coverage Sentinel-1 acquisition during or within 48 hours after the event; nearest post-event acquisition was about four days later.
osm-9009398139-4849427408-0,jakarta-20220118,validation,31.526,primary,0,0,0,0,,,unknown,excluded,No full-coverage Sentinel-1 acquisition during or within 48 hours after the event; nearest post-event acquisition was about four days later.
osm-9009429368-9009429371-0,jakarta-20220118,validation,37.507,primary,0,0,0,0,,,unknown,excluded,No full-coverage Sentinel-1 acquisition during or within 48 hours after the event; nearest post-event acquisition was about four days later.
osm-9009429371-9003037183-0,jakarta-20220118,validation,14.475,primary,0,0,0,0,,,unknown,excluded,No full-coverage Sentinel-1 acquisition during or within 48 hours after the event; nearest post-event acquisition was about four days later.
osm-9009429383-9003037197-0,jakarta-20220118,validation,59.726,primary,0,0,0,0,,,unknown,excluded,No full-coverage Sentinel-1 acquisition during or within 48 hours after the event; nearest post-event acquisition was about four days later.
osm-9009474493-6471563890-0,jakarta-20220118,validation,38.03,primary,0,0,0,0,,,unknown,excluded,No full-coverage Sentinel-1 acquisition during or within 48 hours after the event; nearest post-event acquisition was about four days later.
osm-9009656613-8488921432-0,jakarta-20220118,validation,35.905,primary,0,0,0,0,,,unknown,excluded,No full-coverage Sentinel-1 acquisition during or within 48 hours after the event; nearest post-event acquisition was about four days later.
osm-9009735918-9013826100-0,jakarta-20220118,validation,17.926,primary,0,0,0,0,,,unknown,excluded,No full-coverage Sentinel-1 acquisition during or within 48 hours after the event; nearest post-event acquisition was about four days later.
osm-9013059177-9013720103-0,jakarta-20220118,validation,23.527,primary,0,0,0,0,,,unknown,excluded,No full-coverage Sentinel-1 acquisition during or within 48 hours after the event; nearest post-event acquisition was about four days later.
osm-9013059182-9013059177-0,jakarta-20220118,validation,31.55,primary,0,0,0,0,,,unknown,excluded,No full-coverage Sentinel-1 acquisition during or within 48 hours after the event; nearest post-event acquisition was about four days later.
osm-9013059183-316412146-0,jakarta-20220118,validation,74.126,primary,0,0,0,0,,,unknown,excluded,No full-coverage Sentinel-1 acquisition during or within 48 hours after the event; nearest post-event acquisition was about four days later.
osm-9013720082-316412131-0,jakarta-20220118,validation,30.058,primary,0,0,0,0,,,unknown,excluded,No full-coverage Sentinel-1 acquisition during or within 48 hours after the event; nearest post-event acquisition was about four days later.
osm-9013720084-5655187222-0,jakarta-20220118,validation,14.913,primary,0,0,0,0,,,unknown,excluded,No full-coverage Sentinel-1 acquisition during or within 48 hours after the event; nearest post-event acquisition was about four days later.
osm-9013720087-9013720094-0,jakarta-20220118,validation,29.367,primary,0,0,0,0,,,unknown,excluded,No full-coverage Sentinel-1 acquisition during or within 48 hours after the event; nearest post-event acquisition was about four days later.
osm-9013720094-9013720084-0,jakarta-20220118,validation,13.885,primary,0,0,0,0,,,unknown,excluded,No full-coverage Sentinel-1 acquisition during or within 48 hours after the event; nearest post-event acquisition was about four days later.
osm-9013720101-9013720087-0,jakarta-20220118,validation,27.802,primary,0,0,0,0,,,unknown,excluded,No full-coverage Sentinel-1 acquisition during or within 48 hours after the event; nearest post-event acquisition was about four days later.
osm-9013720102-9013720101-0,jakarta-20220118,validation,33.131,primary,0,0,0,0,,,unknown,excluded,No full-coverage Sentinel-1 acquisition during or within 48 hours after the event; nearest post-event acquisition was about four days later.
osm-9013720103-8523204009-0,jakarta-20220118,validation,21.23,residential,0,0,0,0,,,unknown,excluded,No full-coverage Sentinel-1 acquisition during or within 48 hours after the event; nearest post-event acquisition was about four days later.
osm-9013720103-9013720102-0,jakarta-20220118,validation,13.281,primary,0,0,0,0,,,unknown,excluded,No full-coverage Sentinel-1 acquisition during or within 48 hours after the event; nearest post-event acquisition was about four days later.
osm-9013826100-7614917300-0,jakarta-20220118,validation,59.454,primary,0,0,0,0,,,unknown,excluded,No full-coverage Sentinel-1 acquisition during or within 48 hours after the event; nearest post-event acquisition was about four days later.
osm-9013826103-9009656613-0,jakarta-20220118,validation,66.87,primary,0,0,0,0,,,unknown,excluded,No full-coverage Sentinel-1 acquisition during or within 48 hours after the event; nearest post-event acquisition was about four days later.
osm-9013826114-5377076560-0,jakarta-20220118,validation,7.742,primary,0,0,0,0,,,unknown,excluded,No full-coverage Sentinel-1 acquisition during or within 48 hours after the event; nearest post-event acquisition was about four days later.
osm-9013840117-13719672649-0,jakarta-20220118,validation,16.709,primary,0,0,0,0,,,unknown,excluded,No full-coverage Sentinel-1 acquisition during or within 48 hours after the event; nearest post-event acquisition was about four days later.
osm-9013840120-9013840117-0,jakarta-20220118,validation,7.197,primary,0,0,0,0,,,unknown,excluded,No full-coverage Sentinel-1 acquisition during or within 48 hours after the event; nearest post-event acquisition was about four days later.
osm-9013891773-329019970-0,jakarta-20220118,validation,54.655,primary,0,0,0,0,,,unknown,excluded,No full-coverage Sentinel-1 acquisition during or within 48 hours after the event; nearest post-event acquisition was about four days later.
osm-9013891776-4750115944-0,jakarta-20220118,validation,48.17,primary,0,0,0,0,,,unknown,excluded,No full-coverage Sentinel-1 acquisition during or within 48 hours after the event; nearest post-event acquisition was about four days later.
osm-9013891781-328876219-0,jakarta-20220118,validation,27.88,primary,0,0,0,0,,,unknown,excluded,No full-coverage Sentinel-1 acquisition during or within 48 hours after the event; nearest post-event acquisition was about four days later.
osm-9013891783-9013891781-0,jakarta-20220118,validation,20.103,primary,0,0,0,0,,,unknown,excluded,No full-coverage Sentinel-1 acquisition during or within 48 hours after the event; nearest post-event acquisition was about four days later.
osm-9013899871-29939143-0,jakarta-20220118,validation,22.99,secondary,0,0,0,0,,,unknown,excluded,No full-coverage Sentinel-1 acquisition during or within 48 hours after the event; nearest post-event acquisition was about four days later.
osm-9015877327-309687605-0,jakarta-20220118,validation,32.29,tertiary,0,0,0,0,,,unknown,excluded,No full-coverage Sentinel-1 acquisition during or within 48 hours after the event; nearest post-event acquisition was about four days later.
osm-9015877330-9015877335-0,jakarta-20220118,validation,34.835,tertiary,0,0,0,0,,,unknown,excluded,No full-coverage Sentinel-1 acquisition during or within 48 hours after the event; nearest post-event acquisition was about four days later.
osm-9015877335-10082667802-0,jakarta-20220118,validation,50.862,tertiary,0,0,0,0,,,unknown,excluded,No full-coverage Sentinel-1 acquisition during or within 48 hours after the event; nearest post-event acquisition was about four days later.
osm-9016841536-8509445105-0,jakarta-20220118,validation,61.553,tertiary,0,0,0,0,,,unknown,excluded,No full-coverage Sentinel-1 acquisition during or within 48 hours after the event; nearest post-event acquisition was about four days later.
osm-9018975643-186849138-0,jakarta-20220118,validation,29.444,secondary,0,0,0,0,,,unknown,excluded,No full-coverage Sentinel-1 acquisition during or within 48 hours after the event; nearest post-event acquisition was about four days later.
osm-9019103699-12404878653-0,jakarta-20220118,validation,91.752,secondary,0,0,0,0,,,unknown,excluded,No full-coverage Sentinel-1 acquisition during or within 48 hours after the event; nearest post-event acquisition was about four days later.
osm-9019104733-9019646229-0,jakarta-20220118,validation,70.281,primary,0,0,0,0,,,unknown,excluded,No full-coverage Sentinel-1 acquisition during or within 48 hours after the event; nearest post-event acquisition was about four days later.
osm-9019122232-4833946442-0,jakarta-20220118,validation,56.134,primary,0,0,0,0,,,unknown,excluded,No full-coverage Sentinel-1 acquisition during or within 48 hours after the event; nearest post-event acquisition was about four days later.
osm-9019646229-6336788287-0,jakarta-20220118,validation,77.033,primary,0,0,0,0,,,unknown,excluded,No full-coverage Sentinel-1 acquisition during or within 48 hours after the event; nearest post-event acquisition was about four days later.
osm-9027876825-13701804574-0,jakarta-20220118,validation,31.618,primary,0,0,0,0,,,unknown,excluded,No full-coverage Sentinel-1 acquisition during or within 48 hours after the event; nearest post-event acquisition was about four days later.
osm-9028008487-8481827349-0,jakarta-20220118,validation,185.721,primary,0,0,0,0,,,unknown,excluded,No full-coverage Sentinel-1 acquisition during or within 48 hours after the event; nearest post-event acquisition was about four days later.
osm-9028323630-310327453-0,jakarta-20220118,validation,8.577,trunk,0,0,0,0,,,unknown,excluded,No full-coverage Sentinel-1 acquisition during or within 48 hours after the event; nearest post-event acquisition was about four days later.
osm-9031074981-9032080369-0,jakarta-20220118,validation,37.975,primary,0,0,0,0,,,unknown,excluded,No full-coverage Sentinel-1 acquisition during or within 48 hours after the event; nearest post-event acquisition was about four days later.
osm-9031074998-29938988-0,jakarta-20220118,validation,13.05,primary,0,0,0,0,,,unknown,excluded,No full-coverage Sentinel-1 acquisition during or within 48 hours after the event; nearest post-event acquisition was about four days later.
osm-9031322607-9534502212-0,jakarta-20220118,validation,16.318,primary,0,0,0,0,,,unknown,excluded,No full-coverage Sentinel-1 acquisition during or within 48 hours after the event; nearest post-event acquisition was about four days later.
osm-9031322608-9032054237-0,jakarta-20220118,validation,13.172,primary,0,0,0,0,,,unknown,excluded,No full-coverage Sentinel-1 acquisition during or within 48 hours after the event; nearest post-event acquisition was about four days later.
osm-9031322613-9031325917-0,jakarta-20220118,validation,7.699,primary,0,0,0,0,,,unknown,excluded,No full-coverage Sentinel-1 acquisition during or within 48 hours after the event; nearest post-event acquisition was about four days later.
osm-9031325917-9032054242-0,jakarta-20220118,validation,11.377,primary,0,0,0,0,,,unknown,excluded,No full-coverage Sentinel-1 acquisition during or within 48 hours after the event; nearest post-event acquisition was about four days later.
osm-9031325921-9031325924-0,jakarta-20220118,validation,11.731,primary,0,0,0,0,,,unknown,excluded,No full-coverage Sentinel-1 acquisition during or within 48 hours after the event; nearest post-event acquisition was about four days later.
osm-9031325924-9032054246-0,jakarta-20220118,validation,2.747,primary,0,0,0,0,,,unknown,excluded,No full-coverage Sentinel-1 acquisition during or within 48 hours after the event; nearest post-event acquisition was about four days later.
osm-9031325928-9031325930-0,jakarta-20220118,validation,9.174,primary,0,0,0,0,,,unknown,excluded,No full-coverage Sentinel-1 acquisition during or within 48 hours after the event; nearest post-event acquisition was about four days later.
osm-9031325930-5671605060-0,jakarta-20220118,validation,33.322,primary,0,0,0,0,,,unknown,excluded,No full-coverage Sentinel-1 acquisition during or within 48 hours after the event; nearest post-event acquisition was about four days later.
osm-9031325937-315469600-0,jakarta-20220118,validation,16.916,primary,0,0,0,0,,,unknown,excluded,No full-coverage Sentinel-1 acquisition during or within 48 hours after the event; nearest post-event acquisition was about four days later.
osm-9031905436-5671605063-0,jakarta-20220118,validation,13.249,primary,0,0,0,0,,,unknown,excluded,No full-coverage Sentinel-1 acquisition during or within 48 hours after the event; nearest post-event acquisition was about four days later.
osm-9031905443-13586870988-0,jakarta-20220118,validation,19.364,primary,0,0,0,0,,,unknown,excluded,No full-coverage Sentinel-1 acquisition during or within 48 hours after the event; nearest post-event acquisition was about four days later.
osm-9031905452-9032080360-0,jakarta-20220118,validation,13.027,primary,0,0,0,0,,,unknown,excluded,No full-coverage Sentinel-1 acquisition during or within 48 hours after the event; nearest post-event acquisition was about four days later.
osm-9031970386-9034366567-0,jakarta-20220118,validation,19.195,primary,0,0,0,0,,,unknown,excluded,No full-coverage Sentinel-1 acquisition during or within 48 hours after the event; nearest post-event acquisition was about four days later.
osm-9032054232-9031322608-0,jakarta-20220118,validation,7.577,primary,0,0,0,0,,,unknown,excluded,No full-coverage Sentinel-1 acquisition during or within 48 hours after the event; nearest post-event acquisition was about four days later.
osm-9032054237-9031322613-0,jakarta-20220118,validation,10.214,primary,0,0,0,0,,,unknown,excluded,No full-coverage Sentinel-1 acquisition during or within 48 hours after the event; nearest post-event acquisition was about four days later.
osm-9032054242-9031325921-0,jakarta-20220118,validation,9.892,primary,0,0,0,0,,,unknown,excluded,No full-coverage Sentinel-1 acquisition during or within 48 hours after the event; nearest post-event acquisition was about four days later.
osm-9032054246-9032054249-0,jakarta-20220118,validation,8.707,primary,0,0,0,0,,,unknown,excluded,No full-coverage Sentinel-1 acquisition during or within 48 hours after the event; nearest post-event acquisition was about four days later.
osm-9032054249-9032054253-0,jakarta-20220118,validation,14.734,primary,0,0,0,0,,,unknown,excluded,No full-coverage Sentinel-1 acquisition during or within 48 hours after the event; nearest post-event acquisition was about four days later.
osm-9032054253-9031325928-0,jakarta-20220118,validation,14.046,primary,0,0,0,0,,,unknown,excluded,No full-coverage Sentinel-1 acquisition during or within 48 hours after the event; nearest post-event acquisition was about four days later.
osm-9032080348-9032080354-0,jakarta-20220118,validation,24.172,primary,0,0,0,0,,,unknown,excluded,No full-coverage Sentinel-1 acquisition during or within 48 hours after the event; nearest post-event acquisition was about four days later.
osm-9032080354-9031905452-0,jakarta-20220118,validation,14.556,primary,0,0,0,0,,,unknown,excluded,No full-coverage Sentinel-1 acquisition during or within 48 hours after the event; nearest post-event acquisition was about four days later.
osm-9032080360-9032080363-0,jakarta-20220118,validation,14.634,primary,0,0,0,0,,,unknown,excluded,No full-coverage Sentinel-1 acquisition during or within 48 hours after the event; nearest post-event acquisition was about four days later.
osm-9032080363-9031074998-0,jakarta-20220118,validation,20.427,primary,0,0,0,0,,,unknown,excluded,No full-coverage Sentinel-1 acquisition during or within 48 hours after the event; nearest post-event acquisition was about four days later.
osm-9032080365-9032080348-0,jakarta-20220118,validation,6.414,primary,0,0,0,0,,,unknown,excluded,No full-coverage Sentinel-1 acquisition during or within 48 hours after the event; nearest post-event acquisition was about four days later.
osm-9032080369-5373820573-0,jakarta-20220118,validation,20.172,primary,0,0,0,0,,,unknown,excluded,No full-coverage Sentinel-1 acquisition during or within 48 hours after the event; nearest post-event acquisition was about four days later.
osm-9034273143-8510661425-0,jakarta-20220118,validation,10.72,primary,0,0,0,0,,,unknown,excluded,No full-coverage Sentinel-1 acquisition during or within 48 hours after the event; nearest post-event acquisition was about four days later.
osm-9034273150-9034273143-0,jakarta-20220118,validation,8.863,primary,0,0,0,0,,,unknown,excluded,No full-coverage Sentinel-1 acquisition during or within 48 hours after the event; nearest post-event acquisition was about four days later.
osm-9034366567-352915237-0,jakarta-20220118,validation,12.827,primary,0,0,0,0,,,unknown,excluded,No full-coverage Sentinel-1 acquisition during or within 48 hours after the event; nearest post-event acquisition was about four days later.
osm-9036874926-95022385-0,jakarta-20220118,validation,43.335,primary,0,0,0,0,,,unknown,excluded,No full-coverage Sentinel-1 acquisition during or within 48 hours after the event; nearest post-event acquisition was about four days later.
osm-9037288082-7044795934-0,jakarta-20220118,validation,43.328,primary,0,0,0,0,,,unknown,excluded,No full-coverage Sentinel-1 acquisition during or within 48 hours after the event; nearest post-event acquisition was about four days later.
osm-9064994805-7647950148-0,jakarta-20220118,validation,25.412,primary,0,0,0,0,,,unknown,excluded,No full-coverage Sentinel-1 acquisition during or within 48 hours after the event; nearest post-event acquisition was about four days later.
osm-9075741774-4546076824-0,jakarta-20220118,validation,19.996,primary,0,0,0,0,,,unknown,excluded,No full-coverage Sentinel-1 acquisition during or within 48 hours after the event; nearest post-event acquisition was about four days later.
osm-9075741779-9075741774-0,jakarta-20220118,validation,12.762,primary,0,0,0,0,,,unknown,excluded,No full-coverage Sentinel-1 acquisition during or within 48 hours after the event; nearest post-event acquisition was about four days later.
osm-9076429426-2399364732-0,jakarta-20220118,validation,119.319,trunk,0,0,0,0,,,unknown,excluded,No full-coverage Sentinel-1 acquisition during or within 48 hours after the event; nearest post-event acquisition was about four days later.
osm-9110087936-9694832554-0,jakarta-20220118,validation,30.931,primary,0,0,0,0,,,unknown,excluded,No full-coverage Sentinel-1 acquisition during or within 48 hours after the event; nearest post-event acquisition was about four days later.
osm-9118916175-1695811540-0,jakarta-20220118,validation,12.805,residential,0,0,0,0,,,unknown,excluded,No full-coverage Sentinel-1 acquisition during or within 48 hours after the event; nearest post-event acquisition was about four days later.
osm-9144167875-4488259486-0,jakarta-20220118,validation,81.009,primary,0,0,0,0,,,unknown,excluded,No full-coverage Sentinel-1 acquisition during or within 48 hours after the event; nearest post-event acquisition was about four days later.
osm-9465024317-309824174-0,jakarta-20220118,validation,516.786,motorway,0,0,0,0,,,unknown,excluded,No full-coverage Sentinel-1 acquisition during or within 48 hours after the event; nearest post-event acquisition was about four days later.
osm-9471064862-317987901-0,jakarta-20220118,validation,3.584,primary,0,0,0,0,,,unknown,excluded,No full-coverage Sentinel-1 acquisition during or within 48 hours after the event; nearest post-event acquisition was about four days later.
osm-9486285513-6004639297-0,jakarta-20220118,validation,32.084,trunk,0,0,0,0,,,unknown,excluded,No full-coverage Sentinel-1 acquisition during or within 48 hours after the event; nearest post-event acquisition was about four days later.
osm-9486332419-5372153147-0,jakarta-20220118,validation,16.512,trunk,0,0,0,0,,,unknown,excluded,No full-coverage Sentinel-1 acquisition during or within 48 hours after the event; nearest post-event acquisition was about four days later.
osm-9491290599-7118113165-0,jakarta-20220118,validation,64.048,trunk,0,0,0,0,,,unknown,excluded,No full-coverage Sentinel-1 acquisition during or within 48 hours after the event; nearest post-event acquisition was about four days later.
osm-9491424124-12202798102-0,jakarta-20220118,validation,42.233,trunk,0,0,0,0,,,unknown,excluded,No full-coverage Sentinel-1 acquisition during or within 48 hours after the event; nearest post-event acquisition was about four days later.
osm-9491424126-9491424124-0,jakarta-20220118,validation,54.841,trunk,0,0,0,0,,,unknown,excluded,No full-coverage Sentinel-1 acquisition during or within 48 hours after the event; nearest post-event acquisition was about four days later.
osm-9491482902-9491482907-0,jakarta-20220118,validation,45.892,trunk,0,0,0,0,,,unknown,excluded,No full-coverage Sentinel-1 acquisition during or within 48 hours after the event; nearest post-event acquisition was about four days later.
osm-9491482907-317417833-0,jakarta-20220118,validation,6.37,trunk,0,0,0,0,,,unknown,excluded,No full-coverage Sentinel-1 acquisition during or within 48 hours after the event; nearest post-event acquisition was about four days later.
osm-9491842326-4804615989-0,jakarta-20220118,validation,85.252,primary,0,0,0,0,,,unknown,excluded,No full-coverage Sentinel-1 acquisition during or within 48 hours after the event; nearest post-event acquisition was about four days later.
osm-9497883594-9497883603-0,jakarta-20220118,validation,14.543,trunk,0,0,0,0,,,unknown,excluded,No full-coverage Sentinel-1 acquisition during or within 48 hours after the event; nearest post-event acquisition was about four days later.
osm-9497883600-7137519768-0,jakarta-20220118,validation,61.082,trunk,0,0,0,0,,,unknown,excluded,No full-coverage Sentinel-1 acquisition during or within 48 hours after the event; nearest post-event acquisition was about four days later.
osm-9497883603-9497883600-0,jakarta-20220118,validation,42.034,trunk,0,0,0,0,,,unknown,excluded,No full-coverage Sentinel-1 acquisition during or within 48 hours after the event; nearest post-event acquisition was about four days later.
osm-9498062303-7137574112-0,jakarta-20220118,validation,9.267,secondary,0,0,0,0,,,unknown,excluded,No full-coverage Sentinel-1 acquisition during or within 48 hours after the event; nearest post-event acquisition was about four days later.
osm-9504400678-95010751-0,jakarta-20220118,validation,125.497,trunk_link,0,0,0,0,,,unknown,excluded,No full-coverage Sentinel-1 acquisition during or within 48 hours after the event; nearest post-event acquisition was about four days later.
osm-9504567886-8132773400-0,jakarta-20220118,validation,431.604,trunk,0,0,0,0,,,unknown,excluded,No full-coverage Sentinel-1 acquisition during or within 48 hours after the event; nearest post-event acquisition was about four days later.
osm-9504720700-13913580150-0,jakarta-20220118,validation,59.558,service,0,0,0,0,,,unknown,excluded,No full-coverage Sentinel-1 acquisition during or within 48 hours after the event; nearest post-event acquisition was about four days later.
osm-9504720701-9504720700-0,jakarta-20220118,validation,5.951,service,0,0,0,0,,,unknown,excluded,No full-coverage Sentinel-1 acquisition during or within 48 hours after the event; nearest post-event acquisition was about four days later.
osm-9506862589-7050035434-0,jakarta-20220118,validation,25.077,trunk,0,0,0,0,,,unknown,excluded,No full-coverage Sentinel-1 acquisition during or within 48 hours after the event; nearest post-event acquisition was about four days later.
osm-9507227664-12032748424-0,jakarta-20220118,validation,41.702,primary,0,0,0,0,,,unknown,excluded,No full-coverage Sentinel-1 acquisition during or within 48 hours after the event; nearest post-event acquisition was about four days later.
osm-9509715193-4914353854-0,jakarta-20220118,validation,48.29,trunk,0,0,0,0,,,unknown,excluded,No full-coverage Sentinel-1 acquisition during or within 48 hours after the event; nearest post-event acquisition was about four days later.
osm-9515510319-4152867172-0,jakarta-20220118,validation,112.605,primary,0,0,0,0,,,unknown,excluded,No full-coverage Sentinel-1 acquisition during or within 48 hours after the event; nearest post-event acquisition was about four days later.
osm-9527050428-1342878927-0,jakarta-20220118,validation,85.346,trunk,0,0,0,0,,,unknown,excluded,No full-coverage Sentinel-1 acquisition during or within 48 hours after the event; nearest post-event acquisition was about four days later.
osm-9529290217-7760892449-0,jakarta-20220118,validation,35.423,trunk,0,0,0,0,,,unknown,excluded,No full-coverage Sentinel-1 acquisition during or within 48 hours after the event; nearest post-event acquisition was about four days later.
osm-9531434128-9504720700-0,jakarta-20220118,validation,32.926,service,0,0,0,0,,,unknown,excluded,No full-coverage Sentinel-1 acquisition during or within 48 hours after the event; nearest post-event acquisition was about four days later.
osm-9531434128-9504720701-0,jakarta-20220118,validation,32.503,service,0,0,0,0,,,unknown,excluded,No full-coverage Sentinel-1 acquisition during or within 48 hours after the event; nearest post-event acquisition was about four days later.
osm-9531485211-12684981016-0,jakarta-20220118,validation,47.519,primary,0,0,0,0,,,unknown,excluded,No full-coverage Sentinel-1 acquisition during or within 48 hours after the event; nearest post-event acquisition was about four days later.
osm-9531485213-9531485211-0,jakarta-20220118,validation,9.251,primary,0,0,0,0,,,unknown,excluded,No full-coverage Sentinel-1 acquisition during or within 48 hours after the event; nearest post-event acquisition was about four days later.
osm-9531485215-9531485213-0,jakarta-20220118,validation,46.676,primary,0,0,0,0,,,unknown,excluded,No full-coverage Sentinel-1 acquisition during or within 48 hours after the event; nearest post-event acquisition was about four days later.
osm-9533845672-6477409182-0,jakarta-20220118,validation,31.804,tertiary,0,0,0,0,,,unknown,excluded,No full-coverage Sentinel-1 acquisition during or within 48 hours after the event; nearest post-event acquisition was about four days later.
osm-9533955728-4815227757-0,jakarta-20220118,validation,26.906,residential,0,0,0,0,,,unknown,excluded,No full-coverage Sentinel-1 acquisition during or within 48 hours after the event; nearest post-event acquisition was about four days later.
osm-9533955733-9533955728-0,jakarta-20220118,validation,50.458,service,0,0,0,0,,,unknown,excluded,No full-coverage Sentinel-1 acquisition during or within 48 hours after the event; nearest post-event acquisition was about four days later.
osm-9533955736-5662302109-0,jakarta-20220118,validation,32.071,residential,0,0,0,0,,,unknown,excluded,No full-coverage Sentinel-1 acquisition during or within 48 hours after the event; nearest post-event acquisition was about four days later.
osm-9533955736-9533955733-0,jakarta-20220118,validation,11.818,service,0,0,0,0,,,unknown,excluded,No full-coverage Sentinel-1 acquisition during or within 48 hours after the event; nearest post-event acquisition was about four days later.
osm-9534502212-5671605067-0,jakarta-20220118,validation,14.157,primary,0,0,0,0,,,unknown,excluded,No full-coverage Sentinel-1 acquisition during or within 48 hours after the event; nearest post-event acquisition was about four days later.
osm-9561798638-6456763921-0,jakarta-20220118,validation,11.299,primary,0,0,0,0,,,unknown,excluded,No full-coverage Sentinel-1 acquisition during or within 48 hours after the event; nearest post-event acquisition was about four days later.
osm-9561821845-8504122967-0,jakarta-20220118,validation,16.216,primary,0,0,0,0,,,unknown,excluded,No full-coverage Sentinel-1 acquisition during or within 48 hours after the event; nearest post-event acquisition was about four days later.
osm-9619896326-104379010-0,jakarta-20220118,validation,71.7,primary,0,0,0,0,,,unknown,excluded,No full-coverage Sentinel-1 acquisition during or within 48 hours after the event; nearest post-event acquisition was about four days later.
osm-9622773424-8509401662-0,jakarta-20220118,validation,68.643,primary,0,0,0,0,,,unknown,excluded,No full-coverage Sentinel-1 acquisition during or within 48 hours after the event; nearest post-event acquisition was about four days later.
osm-9622773431-9622773424-0,jakarta-20220118,validation,15.767,primary,0,0,0,0,,,unknown,excluded,No full-coverage Sentinel-1 acquisition during or within 48 hours after the event; nearest post-event acquisition was about four days later.
osm-9623003134-329968512-0,jakarta-20220118,validation,86.7,primary,0,0,0,0,,,unknown,excluded,No full-coverage Sentinel-1 acquisition during or within 48 hours after the event; nearest post-event acquisition was about four days later.
osm-9623310915-1249723074-0,jakarta-20220118,validation,18.906,primary,0,0,0,0,,,unknown,excluded,No full-coverage Sentinel-1 acquisition during or within 48 hours after the event; nearest post-event acquisition was about four days later.
osm-9625680832-4502070116-0,jakarta-20220118,validation,76.664,secondary,0,0,0,0,,,unknown,excluded,No full-coverage Sentinel-1 acquisition during or within 48 hours after the event; nearest post-event acquisition was about four days later.
osm-9626511706-1135601912-0,jakarta-20220118,validation,30.244,primary,0,0,0,0,,,unknown,excluded,No full-coverage Sentinel-1 acquisition during or within 48 hours after the event; nearest post-event acquisition was about four days later.
osm-9642343610-1133807065-0,jakarta-20220118,validation,28.832,tertiary,0,0,0,0,,,unknown,excluded,No full-coverage Sentinel-1 acquisition during or within 48 hours after the event; nearest post-event acquisition was about four days later.
osm-9644592829-6277705571-0,jakarta-20220118,validation,239.067,trunk,0,0,0,0,,,unknown,excluded,No full-coverage Sentinel-1 acquisition during or within 48 hours after the event; nearest post-event acquisition was about four days later.
osm-9645211396-12202088428-0,jakarta-20220118,validation,18.19,trunk,0,0,0,0,,,unknown,excluded,No full-coverage Sentinel-1 acquisition during or within 48 hours after the event; nearest post-event acquisition was about four days later.
osm-9645211400-9645211396-0,jakarta-20220118,validation,35.887,trunk,0,0,0,0,,,unknown,excluded,No full-coverage Sentinel-1 acquisition during or within 48 hours after the event; nearest post-event acquisition was about four days later.
osm-9647927418-5372153134-0,jakarta-20220118,validation,13.394,trunk,0,0,0,0,,,unknown,excluded,No full-coverage Sentinel-1 acquisition during or within 48 hours after the event; nearest post-event acquisition was about four days later.
osm-9647927422-9647927418-0,jakarta-20220118,validation,41.958,trunk,0,0,0,0,,,unknown,excluded,No full-coverage Sentinel-1 acquisition during or within 48 hours after the event; nearest post-event acquisition was about four days later.
osm-9648055038-5056597570-0,jakarta-20220118,validation,120.94,trunk,0,0,0,0,,,unknown,excluded,No full-coverage Sentinel-1 acquisition during or within 48 hours after the event; nearest post-event acquisition was about four days later.
osm-9648835249-4849427386-0,jakarta-20220118,validation,9.864,primary,0,0,0,0,,,unknown,excluded,No full-coverage Sentinel-1 acquisition during or within 48 hours after the event; nearest post-event acquisition was about four days later.
osm-9657468817-5372153144-0,jakarta-20220118,validation,32.488,trunk,0,0,0,0,,,unknown,excluded,No full-coverage Sentinel-1 acquisition during or within 48 hours after the event; nearest post-event acquisition was about four days later.
osm-9664769720-1757800859-0,jakarta-20220118,validation,63.45,motorway_link,0,0,0,0,,,unknown,excluded,No full-coverage Sentinel-1 acquisition during or within 48 hours after the event; nearest post-event acquisition was about four days later.
osm-9664769720-1757800861-0,jakarta-20220118,validation,147.125,motorway_link,0,0,0,0,,,unknown,excluded,No full-coverage Sentinel-1 acquisition during or within 48 hours after the event; nearest post-event acquisition was about four days later.
osm-9665578858-8505902513-0,jakarta-20220118,validation,230.546,primary,0,0,0,0,,,unknown,excluded,No full-coverage Sentinel-1 acquisition during or within 48 hours after the event; nearest post-event acquisition was about four days later.
osm-9673797651-11052325987-0,jakarta-20220118,validation,143.881,primary,0,0,0,0,,,unknown,excluded,No full-coverage Sentinel-1 acquisition during or within 48 hours after the event; nearest post-event acquisition was about four days later.
osm-9673837489-4502213975-0,jakarta-20220118,validation,38.753,secondary,0,0,0,0,,,unknown,excluded,No full-coverage Sentinel-1 acquisition during or within 48 hours after the event; nearest post-event acquisition was about four days later.
osm-9676145373-3981137758-0,jakarta-20220118,validation,34.943,primary,0,0,0,0,,,unknown,excluded,No full-coverage Sentinel-1 acquisition during or within 48 hours after the event; nearest post-event acquisition was about four days later.
osm-9679167895-6315615740-0,jakarta-20220118,validation,23.192,primary,0,0,0,0,,,unknown,excluded,No full-coverage Sentinel-1 acquisition during or within 48 hours after the event; nearest post-event acquisition was about four days later.
osm-9679957698-4849427419-0,jakarta-20220118,validation,8.97,primary,0,0,0,0,,,unknown,excluded,No full-coverage Sentinel-1 acquisition during or within 48 hours after the event; nearest post-event acquisition was about four days later.
osm-9684746119-8313092690-0,jakarta-20220118,validation,31.348,primary,0,0,0,0,,,unknown,excluded,No full-coverage Sentinel-1 acquisition during or within 48 hours after the event; nearest post-event acquisition was about four days later.
osm-9685151096-7226690317-0,jakarta-20220118,validation,65.603,primary,0,0,0,0,,,unknown,excluded,No full-coverage Sentinel-1 acquisition during or within 48 hours after the event; nearest post-event acquisition was about four days later.
osm-9685151098-1696170853-0,jakarta-20220118,validation,16.38,primary,0,0,0,0,,,unknown,excluded,No full-coverage Sentinel-1 acquisition during or within 48 hours after the event; nearest post-event acquisition was about four days later.
osm-9691407991-4999344155-0,jakarta-20220118,validation,100.835,primary,0,0,0,0,,,unknown,excluded,No full-coverage Sentinel-1 acquisition during or within 48 hours after the event; nearest post-event acquisition was about four days later.
osm-9694163554-329975504-0,jakarta-20220118,validation,54.714,primary,0,0,0,0,,,unknown,excluded,No full-coverage Sentinel-1 acquisition during or within 48 hours after the event; nearest post-event acquisition was about four days later.
osm-9694163557-9694163554-0,jakarta-20220118,validation,15.865,primary,0,0,0,0,,,unknown,excluded,No full-coverage Sentinel-1 acquisition during or within 48 hours after the event; nearest post-event acquisition was about four days later.
osm-9694832554-2400147489-0,jakarta-20220118,validation,8.521,primary,0,0,0,0,,,unknown,excluded,No full-coverage Sentinel-1 acquisition during or within 48 hours after the event; nearest post-event acquisition was about four days later.
osm-9694871645-315712497-0,jakarta-20220118,validation,11.058,primary,0,0,0,0,,,unknown,excluded,No full-coverage Sentinel-1 acquisition during or within 48 hours after the event; nearest post-event acquisition was about four days later.
osm-9695041529-9699963787-0,jakarta-20220118,validation,100.514,secondary,0,0,0,0,,,unknown,excluded,No full-coverage Sentinel-1 acquisition during or within 48 hours after the event; nearest post-event acquisition was about four days later.
osm-9695095403-13682180792-0,jakarta-20220118,validation,98.646,secondary,0,0,0,0,,,unknown,excluded,No full-coverage Sentinel-1 acquisition during or within 48 hours after the event; nearest post-event acquisition was about four days later.
osm-9695103618-4925793717-0,jakarta-20220118,validation,43.455,secondary,0,0,0,0,,,unknown,excluded,No full-coverage Sentinel-1 acquisition during or within 48 hours after the event; nearest post-event acquisition was about four days later.
osm-9696714817-8609186468-0,jakarta-20220118,validation,10.587,primary,0,0,0,0,,,unknown,excluded,No full-coverage Sentinel-1 acquisition during or within 48 hours after the event; nearest post-event acquisition was about four days later.
osm-9696758894-7756197690-0,jakarta-20220118,validation,3.056,primary,0,0,0,0,,,unknown,excluded,No full-coverage Sentinel-1 acquisition during or within 48 hours after the event; nearest post-event acquisition was about four days later.
osm-9697006214-7120512601-0,jakarta-20220118,validation,82.207,primary,0,0,0,0,,,unknown,excluded,No full-coverage Sentinel-1 acquisition during or within 48 hours after the event; nearest post-event acquisition was about four days later.
osm-9699963783-9695041529-0,jakarta-20220118,validation,60.609,secondary,0,0,0,0,,,unknown,excluded,No full-coverage Sentinel-1 acquisition during or within 48 hours after the event; nearest post-event acquisition was about four days later.
osm-9699963787-9625680832-0,jakarta-20220118,validation,12.398,secondary,0,0,0,0,,,unknown,excluded,No full-coverage Sentinel-1 acquisition during or within 48 hours after the event; nearest post-event acquisition was about four days later.
osm-9708579924-12798366960-0,jakarta-20220118,validation,5.307,primary,0,0,0,0,,,unknown,excluded,No full-coverage Sentinel-1 acquisition during or within 48 hours after the event; nearest post-event acquisition was about four days later.
osm-10082667802-6330562646-0,jakarta-20220118,validation,54.409,tertiary,0,0,0,0,,,unknown,excluded,No full-coverage Sentinel-1 acquisition during or within 48 hours after the event; nearest post-event acquisition was about four days later.
osm-10090012698-9015877330-0,jakarta-20220118,validation,40.036,tertiary,0,0,0,0,,,unknown,excluded,No full-coverage Sentinel-1 acquisition during or within 48 hours after the event; nearest post-event acquisition was about four days later.
osm-10090309233-7570445358-0,jakarta-20220118,validation,1.591,primary,0,0,0,0,,,unknown,excluded,No full-coverage Sentinel-1 acquisition during or within 48 hours after the event; nearest post-event acquisition was about four days later.
osm-10090309238-4507989466-0,jakarta-20220118,validation,96.419,primary,0,0,0,0,,,unknown,excluded,No full-coverage Sentinel-1 acquisition during or within 48 hours after the event; nearest post-event acquisition was about four days later.
osm-10092530702-2589977444-0,jakarta-20220118,validation,63.439,primary,0,0,0,0,,,unknown,excluded,No full-coverage Sentinel-1 acquisition during or within 48 hours after the event; nearest post-event acquisition was about four days later.
osm-10098494032-6366750161-0,jakarta-20220118,validation,158.564,trunk,0,0,0,0,,,unknown,excluded,No full-coverage Sentinel-1 acquisition during or within 48 hours after the event; nearest post-event acquisition was about four days later.
osm-10132911307-2589974180-0,jakarta-20220118,validation,32.775,tertiary,0,0,0,0,,,unknown,excluded,No full-coverage Sentinel-1 acquisition during or within 48 hours after the event; nearest post-event acquisition was about four days later.
osm-10599212863-4746451656-0,jakarta-20220118,validation,11.797,tertiary,0,0,0,0,,,unknown,excluded,No full-coverage Sentinel-1 acquisition during or within 48 hours after the event; nearest post-event acquisition was about four days later.
osm-10654460939-6430186685-0,jakarta-20220118,validation,26.025,secondary_link,0,0,0,0,,,unknown,excluded,No full-coverage Sentinel-1 acquisition during or within 48 hours after the event; nearest post-event acquisition was about four days later.
osm-10732635788-6322395881-0,jakarta-20220118,validation,42.092,secondary,0,0,0,0,,,unknown,excluded,No full-coverage Sentinel-1 acquisition during or within 48 hours after the event; nearest post-event acquisition was about four days later.
osm-10758010539-7120410546-0,jakarta-20220118,validation,20.467,primary,0,0,0,0,,,unknown,excluded,No full-coverage Sentinel-1 acquisition during or within 48 hours after the event; nearest post-event acquisition was about four days later.
osm-10788400699-317349873-0,jakarta-20220118,validation,13.315,trunk,0,0,0,0,,,unknown,excluded,No full-coverage Sentinel-1 acquisition during or within 48 hours after the event; nearest post-event acquisition was about four days later.
osm-11039838816-6332686273-0,jakarta-20220118,validation,686.312,primary,0,0,0,0,,,unknown,excluded,No full-coverage Sentinel-1 acquisition during or within 48 hours after the event; nearest post-event acquisition was about four days later.
osm-11052325987-7026798812-0,jakarta-20220118,validation,55.865,primary,0,0,0,0,,,unknown,excluded,No full-coverage Sentinel-1 acquisition during or within 48 hours after the event; nearest post-event acquisition was about four days later.
osm-11076463250-13108442428-0,jakarta-20220118,validation,94.616,primary,0,0,0,0,,,unknown,excluded,No full-coverage Sentinel-1 acquisition during or within 48 hours after the event; nearest post-event acquisition was about four days later.
osm-11166256394-5549685553-0,jakarta-20220118,validation,30.143,secondary,0,0,0,0,,,unknown,excluded,No full-coverage Sentinel-1 acquisition during or within 48 hours after the event; nearest post-event acquisition was about four days later.
osm-11199436896-104367576-0,jakarta-20220118,validation,125.186,primary,0,0,0,0,,,unknown,excluded,No full-coverage Sentinel-1 acquisition during or within 48 hours after the event; nearest post-event acquisition was about four days later.
osm-11237483569-7120502855-0,jakarta-20220118,validation,33.265,primary,0,0,0,0,,,unknown,excluded,No full-coverage Sentinel-1 acquisition during or within 48 hours after the event; nearest post-event acquisition was about four days later.
osm-11237483572-11237483569-0,jakarta-20220118,validation,27.168,primary,0,0,0,0,,,unknown,excluded,No full-coverage Sentinel-1 acquisition during or within 48 hours after the event; nearest post-event acquisition was about four days later.
osm-11246996071-5374282375-0,jakarta-20220118,validation,2.467,primary,0,0,0,0,,,unknown,excluded,No full-coverage Sentinel-1 acquisition during or within 48 hours after the event; nearest post-event acquisition was about four days later.
osm-11299364776-5421851682-0,jakarta-20220118,validation,146.656,trunk,0,0,0,0,,,unknown,excluded,No full-coverage Sentinel-1 acquisition during or within 48 hours after the event; nearest post-event acquisition was about four days later.
osm-11299364777-11299364778-0,jakarta-20220118,validation,56.232,trunk,0,0,0,0,,,unknown,excluded,No full-coverage Sentinel-1 acquisition during or within 48 hours after the event; nearest post-event acquisition was about four days later.
osm-11299364778-11299364776-0,jakarta-20220118,validation,67.274,trunk,0,0,0,0,,,unknown,excluded,No full-coverage Sentinel-1 acquisition during or within 48 hours after the event; nearest post-event acquisition was about four days later.
osm-11299364779-11299364777-0,jakarta-20220118,validation,82.112,trunk,0,0,0,0,,,unknown,excluded,No full-coverage Sentinel-1 acquisition during or within 48 hours after the event; nearest post-event acquisition was about four days later.
osm-11329756328-7226592293-0,jakarta-20220118,validation,13.655,primary,0,0,0,0,,,unknown,excluded,No full-coverage Sentinel-1 acquisition during or within 48 hours after the event; nearest post-event acquisition was about four days later.
osm-11350075105-5372018448-0,jakarta-20220118,validation,37.739,secondary,0,0,0,0,,,unknown,excluded,No full-coverage Sentinel-1 acquisition during or within 48 hours after the event; nearest post-event acquisition was about four days later.
osm-11384905237-4507955830-0,jakarta-20220118,validation,25.857,primary,0,0,0,0,,,unknown,excluded,No full-coverage Sentinel-1 acquisition during or within 48 hours after the event; nearest post-event acquisition was about four days later.
osm-11388847775-6801763173-0,jakarta-20220118,validation,27.799,service,0,0,0,0,,,unknown,excluded,No full-coverage Sentinel-1 acquisition during or within 48 hours after the event; nearest post-event acquisition was about four days later.
osm-11388847776-11388847775-0,jakarta-20220118,validation,61.184,service,0,0,0,0,,,unknown,excluded,No full-coverage Sentinel-1 acquisition during or within 48 hours after the event; nearest post-event acquisition was about four days later.
osm-11395329908-5680696059-0,jakarta-20220118,validation,32.74,primary,0,0,0,0,,,unknown,excluded,No full-coverage Sentinel-1 acquisition during or within 48 hours after the event; nearest post-event acquisition was about four days later.
osm-11399827589-4848734475-0,jakarta-20220118,validation,89.734,trunk,0,0,0,0,,,unknown,excluded,No full-coverage Sentinel-1 acquisition during or within 48 hours after the event; nearest post-event acquisition was about four days later.
osm-11413710169-5380113830-0,jakarta-20220118,validation,3.151,primary,0,0,0,0,,,unknown,excluded,No full-coverage Sentinel-1 acquisition during or within 48 hours after the event; nearest post-event acquisition was about four days later.
osm-11438846310-12599546837-0,jakarta-20220118,validation,53.877,trunk,0,0,0,0,,,unknown,excluded,No full-coverage Sentinel-1 acquisition during or within 48 hours after the event; nearest post-event acquisition was about four days later.
osm-11445322163-5498027298-0,jakarta-20220118,validation,26.926,primary,0,0,0,0,,,unknown,excluded,No full-coverage Sentinel-1 acquisition during or within 48 hours after the event; nearest post-event acquisition was about four days later.
osm-11455806150-1133807034-0,jakarta-20220118,validation,1.8,tertiary,0,0,0,0,,,unknown,excluded,No full-coverage Sentinel-1 acquisition during or within 48 hours after the event; nearest post-event acquisition was about four days later.
osm-11467500634-11399827589-0,jakarta-20220118,validation,82.311,trunk,0,0,0,0,,,unknown,excluded,No full-coverage Sentinel-1 acquisition during or within 48 hours after the event; nearest post-event acquisition was about four days later.
osm-11477683648-186871952-0,jakarta-20220118,validation,37.639,primary,0,0,0,0,,,unknown,excluded,No full-coverage Sentinel-1 acquisition during or within 48 hours after the event; nearest post-event acquisition was about four days later.
osm-11477683650-11477683648-0,jakarta-20220118,validation,12.172,primary,0,0,0,0,,,unknown,excluded,No full-coverage Sentinel-1 acquisition during or within 48 hours after the event; nearest post-event acquisition was about four days later.
osm-11484348759-11484348761-0,jakarta-20220118,validation,8.762,trunk_link,0,0,0,0,,,unknown,excluded,No full-coverage Sentinel-1 acquisition during or within 48 hours after the event; nearest post-event acquisition was about four days later.
osm-11484348761-4637530511-0,jakarta-20220118,validation,12.681,primary,0,0,0,0,,,unknown,excluded,No full-coverage Sentinel-1 acquisition during or within 48 hours after the event; nearest post-event acquisition was about four days later.
osm-11492431708-1321228510-0,jakarta-20220118,validation,64.709,residential,0,0,0,0,,,unknown,excluded,No full-coverage Sentinel-1 acquisition during or within 48 hours after the event; nearest post-event acquisition was about four days later.
osm-11501464546-7149726253-0,jakarta-20220118,validation,58.142,trunk,0,0,0,0,,,unknown,excluded,No full-coverage Sentinel-1 acquisition during or within 48 hours after the event; nearest post-event acquisition was about four days later.
osm-11501464552-5489964736-0,jakarta-20220118,validation,4.208,primary,0,0,0,0,,,unknown,excluded,No full-coverage Sentinel-1 acquisition during or within 48 hours after the event; nearest post-event acquisition was about four days later.
osm-11501464552-11501464546-0,jakarta-20220118,validation,12.708,trunk,0,0,0,0,,,unknown,excluded,No full-coverage Sentinel-1 acquisition during or within 48 hours after the event; nearest post-event acquisition was about four days later.
osm-11501464554-5489964736-0,jakarta-20220118,validation,66.793,trunk,0,0,0,0,,,unknown,excluded,No full-coverage Sentinel-1 acquisition during or within 48 hours after the event; nearest post-event acquisition was about four days later.
osm-11501464554-11501464552-0,jakarta-20220118,validation,67.335,trunk,0,0,0,0,,,unknown,excluded,No full-coverage Sentinel-1 acquisition during or within 48 hours after the event; nearest post-event acquisition was about four days later.
osm-11503395360-5372153126-0,jakarta-20220118,validation,3.744,trunk,0,0,0,0,,,unknown,excluded,No full-coverage Sentinel-1 acquisition during or within 48 hours after the event; nearest post-event acquisition was about four days later.
osm-11542695776-12194080646-0,jakarta-20220118,validation,5.38,primary,0,0,0,0,,,unknown,excluded,No full-coverage Sentinel-1 acquisition during or within 48 hours after the event; nearest post-event acquisition was about four days later.
osm-11899737707-104379014-0,jakarta-20220118,validation,73.806,primary,0,0,0,0,,,unknown,excluded,No full-coverage Sentinel-1 acquisition during or within 48 hours after the event; nearest post-event acquisition was about four days later.
osm-11919728419-1783134145-0,jakarta-20220118,validation,64.513,primary,0,0,0,0,,,unknown,excluded,No full-coverage Sentinel-1 acquisition during or within 48 hours after the event; nearest post-event acquisition was about four days later.
osm-11925112167-4785715146-0,jakarta-20220118,validation,83.212,tertiary,0,0,0,0,,,unknown,excluded,No full-coverage Sentinel-1 acquisition during or within 48 hours after the event; nearest post-event acquisition was about four days later.
osm-11925999197-4746451654-0,jakarta-20220118,validation,581.748,primary,0,0,0,0,,,unknown,excluded,No full-coverage Sentinel-1 acquisition during or within 48 hours after the event; nearest post-event acquisition was about four days later.
osm-11959843134-4849427410-0,jakarta-20220118,validation,69.384,primary,0,0,0,0,,,unknown,excluded,No full-coverage Sentinel-1 acquisition during or within 48 hours after the event; nearest post-event acquisition was about four days later.
osm-12032748424-317179522-0,jakarta-20220118,validation,56.232,primary,0,0,0,0,,,unknown,excluded,No full-coverage Sentinel-1 acquisition during or within 48 hours after the event; nearest post-event acquisition was about four days later.
osm-12139330016-5380068236-0,jakarta-20220118,validation,32.025,primary,0,0,0,0,,,unknown,excluded,No full-coverage Sentinel-1 acquisition during or within 48 hours after the event; nearest post-event acquisition was about four days later.
osm-12194080646-104367971-0,jakarta-20220118,validation,104.106,primary,0,0,0,0,,,unknown,excluded,No full-coverage Sentinel-1 acquisition during or within 48 hours after the event; nearest post-event acquisition was about four days later.
osm-12202088422-11503395360-0,jakarta-20220118,validation,6.861,trunk,0,0,0,0,,,unknown,excluded,No full-coverage Sentinel-1 acquisition during or within 48 hours after the event; nearest post-event acquisition was about four days later.
osm-12202088425-12202088422-0,jakarta-20220118,validation,83.712,trunk,0,0,0,0,,,unknown,excluded,No full-coverage Sentinel-1 acquisition during or within 48 hours after the event; nearest post-event acquisition was about four days later.
osm-12202088428-5372153133-0,jakarta-20220118,validation,6.994,trunk,0,0,0,0,,,unknown,excluded,No full-coverage Sentinel-1 acquisition during or within 48 hours after the event; nearest post-event acquisition was about four days later.
osm-12202798102-4911942117-0,jakarta-20220118,validation,19.076,trunk,0,0,0,0,,,unknown,excluded,No full-coverage Sentinel-1 acquisition during or within 48 hours after the event; nearest post-event acquisition was about four days later.
osm-12217513829-11492431708-0,jakarta-20220118,validation,65.531,service,0,0,0,0,,,unknown,excluded,No full-coverage Sentinel-1 acquisition during or within 48 hours after the event; nearest post-event acquisition was about four days later.
osm-12217513829-12217513832-0,jakarta-20220118,validation,44.391,service,0,0,0,0,,,unknown,excluded,No full-coverage Sentinel-1 acquisition during or within 48 hours after the event; nearest post-event acquisition was about four days later.
osm-12217513832-5078382194-0,jakarta-20220118,validation,210.406,primary,0,0,0,0,,,unknown,excluded,No full-coverage Sentinel-1 acquisition during or within 48 hours after the event; nearest post-event acquisition was about four days later.
osm-12316918940-310005821-0,jakarta-20220118,validation,28.06,primary,0,0,0,0,,,unknown,excluded,No full-coverage Sentinel-1 acquisition during or within 48 hours after the event; nearest post-event acquisition was about four days later.
osm-12404878653-4548266823-0,jakarta-20220118,validation,28.644,secondary,0,0,0,0,,,unknown,excluded,No full-coverage Sentinel-1 acquisition during or within 48 hours after the event; nearest post-event acquisition was about four days later.
osm-12484094370-315208899-0,jakarta-20220118,validation,22.247,primary,0,0,0,0,,,unknown,excluded,No full-coverage Sentinel-1 acquisition during or within 48 hours after the event; nearest post-event acquisition was about four days later.
osm-12504052406-7805088053-0,jakarta-20220118,validation,184.135,primary,0,0,0,0,,,unknown,excluded,No full-coverage Sentinel-1 acquisition during or within 48 hours after the event; nearest post-event acquisition was about four days later.
osm-12504052406-11925999197-0,jakarta-20220118,validation,464.553,primary,0,0,0,0,,,unknown,excluded,No full-coverage Sentinel-1 acquisition during or within 48 hours after the event; nearest post-event acquisition was about four days later.
osm-12530400916-5290941766-0,jakarta-20220118,validation,193.202,primary,0,0,0,0,,,unknown,excluded,No full-coverage Sentinel-1 acquisition during or within 48 hours after the event; nearest post-event acquisition was about four days later.
osm-12583516441-6884974160-0,jakarta-20220118,validation,31.744,primary,0,0,0,0,,,unknown,excluded,No full-coverage Sentinel-1 acquisition during or within 48 hours after the event; nearest post-event acquisition was about four days later.
osm-12599546837-3723599620-0,jakarta-20220118,validation,10.219,trunk,0,0,0,0,,,unknown,excluded,No full-coverage Sentinel-1 acquisition during or within 48 hours after the event; nearest post-event acquisition was about four days later.
osm-12676215441-5492419212-0,jakarta-20220118,validation,30.831,trunk,0,0,0,0,,,unknown,excluded,No full-coverage Sentinel-1 acquisition during or within 48 hours after the event; nearest post-event acquisition was about four days later.
osm-12681087362-5495827291-0,jakarta-20220118,validation,33.412,trunk,0,0,0,0,,,unknown,excluded,No full-coverage Sentinel-1 acquisition during or within 48 hours after the event; nearest post-event acquisition was about four days later.
osm-12684981016-5671317488-0,jakarta-20220118,validation,118.975,primary,0,0,0,0,,,unknown,excluded,No full-coverage Sentinel-1 acquisition during or within 48 hours after the event; nearest post-event acquisition was about four days later.
osm-12688243259-12688243260-0,jakarta-20220118,validation,39.831,primary,0,0,0,0,,,unknown,excluded,No full-coverage Sentinel-1 acquisition during or within 48 hours after the event; nearest post-event acquisition was about four days later.
osm-12688243260-5354213657-0,jakarta-20220118,validation,92.286,primary,0,0,0,0,,,unknown,excluded,No full-coverage Sentinel-1 acquisition during or within 48 hours after the event; nearest post-event acquisition was about four days later.
osm-12718674408-12718674417-0,jakarta-20220118,validation,23.726,secondary,0,0,0,0,,,unknown,excluded,No full-coverage Sentinel-1 acquisition during or within 48 hours after the event; nearest post-event acquisition was about four days later.
osm-12718674409-9673837489-0,jakarta-20220118,validation,27.545,secondary,0,0,0,0,,,unknown,excluded,No full-coverage Sentinel-1 acquisition during or within 48 hours after the event; nearest post-event acquisition was about four days later.
osm-12718674417-12718674409-0,jakarta-20220118,validation,49.691,secondary,0,0,0,0,,,unknown,excluded,No full-coverage Sentinel-1 acquisition during or within 48 hours after the event; nearest post-event acquisition was about four days later.
osm-12718674420-12718674408-0,jakarta-20220118,validation,17.301,secondary,0,0,0,0,,,unknown,excluded,No full-coverage Sentinel-1 acquisition during or within 48 hours after the event; nearest post-event acquisition was about four days later.
osm-12729353026-6322396593-0,jakarta-20220118,validation,16.523,secondary,0,0,0,0,,,unknown,excluded,No full-coverage Sentinel-1 acquisition during or within 48 hours after the event; nearest post-event acquisition was about four days later.
osm-12729353039-2209098563-0,jakarta-20220118,validation,25.787,secondary,0,0,0,0,,,unknown,excluded,No full-coverage Sentinel-1 acquisition during or within 48 hours after the event; nearest post-event acquisition was about four days later.
osm-12729353047-12729353039-0,jakarta-20220118,validation,21.004,secondary,0,0,0,0,,,unknown,excluded,No full-coverage Sentinel-1 acquisition during or within 48 hours after the event; nearest post-event acquisition was about four days later.
osm-12736661061-1273189607-0,jakarta-20220118,validation,147.221,primary,0,0,0,0,,,unknown,excluded,No full-coverage Sentinel-1 acquisition during or within 48 hours after the event; nearest post-event acquisition was about four days later.
osm-12738838445-5408975256-0,jakarta-20220118,validation,52.702,secondary,0,0,0,0,,,unknown,excluded,No full-coverage Sentinel-1 acquisition during or within 48 hours after the event; nearest post-event acquisition was about four days later.
osm-12744944224-8519460813-0,jakarta-20220118,validation,6.202,primary,0,0,0,0,,,unknown,excluded,No full-coverage Sentinel-1 acquisition during or within 48 hours after the event; nearest post-event acquisition was about four days later.
osm-12745135294-5374282148-0,jakarta-20220118,validation,4.228,primary,0,0,0,0,,,unknown,excluded,No full-coverage Sentinel-1 acquisition during or within 48 hours after the event; nearest post-event acquisition was about four days later.
osm-12745136706-13659371444-0,jakarta-20220118,validation,13.543,primary,0,0,0,0,,,unknown,excluded,No full-coverage Sentinel-1 acquisition during or within 48 hours after the event; nearest post-event acquisition was about four days later.
osm-12745136709-12745136706-0,jakarta-20220118,validation,6.414,primary,0,0,0,0,,,unknown,excluded,No full-coverage Sentinel-1 acquisition during or within 48 hours after the event; nearest post-event acquisition was about four days later.
osm-12745196451-12745196458-0,jakarta-20220118,validation,18.421,primary,0,0,0,0,,,unknown,excluded,No full-coverage Sentinel-1 acquisition during or within 48 hours after the event; nearest post-event acquisition was about four days later.
osm-12745196458-1675426257-0,jakarta-20220118,validation,12.668,primary,0,0,0,0,,,unknown,excluded,No full-coverage Sentinel-1 acquisition during or within 48 hours after the event; nearest post-event acquisition was about four days later.
osm-12745196460-13606259700-0,jakarta-20220118,validation,32.413,primary,0,0,0,0,,,unknown,excluded,No full-coverage Sentinel-1 acquisition during or within 48 hours after the event; nearest post-event acquisition was about four days later.
osm-12745196468-12745196460-0,jakarta-20220118,validation,22.293,primary,0,0,0,0,,,unknown,excluded,No full-coverage Sentinel-1 acquisition during or within 48 hours after the event; nearest post-event acquisition was about four days later.
osm-12754553920-5670944441-0,jakarta-20220118,validation,91.653,secondary,0,0,0,0,,,unknown,excluded,No full-coverage Sentinel-1 acquisition during or within 48 hours after the event; nearest post-event acquisition was about four days later.
osm-12798366960-12798366961-0,jakarta-20220118,validation,64.532,primary,0,0,0,0,,,unknown,excluded,No full-coverage Sentinel-1 acquisition during or within 48 hours after the event; nearest post-event acquisition was about four days later.
osm-12798366961-329019268-0,jakarta-20220118,validation,58.543,primary,0,0,0,0,,,unknown,excluded,No full-coverage Sentinel-1 acquisition during or within 48 hours after the event; nearest post-event acquisition was about four days later.
osm-12799849299-5379667472-0,jakarta-20220118,validation,5.515,trunk,0,0,0,0,,,unknown,excluded,No full-coverage Sentinel-1 acquisition during or within 48 hours after the event; nearest post-event acquisition was about four days later.
osm-12825987637-317349914-0,jakarta-20220118,validation,21.437,trunk,0,0,0,0,,,unknown,excluded,No full-coverage Sentinel-1 acquisition during or within 48 hours after the event; nearest post-event acquisition was about four days later.
osm-13016877290-4541302315-0,jakarta-20220118,validation,37.642,primary,0,0,0,0,,,unknown,excluded,No full-coverage Sentinel-1 acquisition during or within 48 hours after the event; nearest post-event acquisition was about four days later.
osm-13016877290-4787639954-0,jakarta-20220118,validation,12.903,primary_link,0,0,0,0,,,unknown,excluded,No full-coverage Sentinel-1 acquisition during or within 48 hours after the event; nearest post-event acquisition was about four days later.
osm-13030921685-13030921684-0,jakarta-20220118,validation,7.789,residential,0,0,0,0,,,unknown,excluded,No full-coverage Sentinel-1 acquisition during or within 48 hours after the event; nearest post-event acquisition was about four days later.
osm-13033996655-5377076552-0,jakarta-20220118,validation,24.898,primary,0,0,0,0,,,unknown,excluded,No full-coverage Sentinel-1 acquisition during or within 48 hours after the event; nearest post-event acquisition was about four days later.
osm-13102843717-4404259357-0,jakarta-20220118,validation,71.225,trunk,0,0,0,0,,,unknown,excluded,No full-coverage Sentinel-1 acquisition during or within 48 hours after the event; nearest post-event acquisition was about four days later.
osm-13108442428-5374282198-0,jakarta-20220118,validation,18.471,primary,0,0,0,0,,,unknown,excluded,No full-coverage Sentinel-1 acquisition during or within 48 hours after the event; nearest post-event acquisition was about four days later.
osm-13366216191-13366216193-0,jakarta-20220118,validation,21.104,primary,0,0,0,0,,,unknown,excluded,No full-coverage Sentinel-1 acquisition during or within 48 hours after the event; nearest post-event acquisition was about four days later.
osm-13366216193-5046365477-0,jakarta-20220118,validation,5.307,primary,0,0,0,0,,,unknown,excluded,No full-coverage Sentinel-1 acquisition during or within 48 hours after the event; nearest post-event acquisition was about four days later.
osm-13453045134-4953838327-0,jakarta-20220118,validation,268.411,primary,0,0,0,0,,,unknown,excluded,No full-coverage Sentinel-1 acquisition during or within 48 hours after the event; nearest post-event acquisition was about four days later.
osm-13453416789-12316918940-0,jakarta-20220118,validation,43.56,primary,0,0,0,0,,,unknown,excluded,No full-coverage Sentinel-1 acquisition during or within 48 hours after the event; nearest post-event acquisition was about four days later.
osm-13453416794-13453416789-0,jakarta-20220118,validation,11.469,primary,0,0,0,0,,,unknown,excluded,No full-coverage Sentinel-1 acquisition during or within 48 hours after the event; nearest post-event acquisition was about four days later.
osm-13456437803-7241781245-0,jakarta-20220118,validation,143.122,tertiary,0,0,0,0,,,unknown,excluded,No full-coverage Sentinel-1 acquisition during or within 48 hours after the event; nearest post-event acquisition was about four days later.
osm-13456492331-13603665477-0,jakarta-20220118,validation,126.278,primary,0,0,0,0,,,unknown,excluded,No full-coverage Sentinel-1 acquisition during or within 48 hours after the event; nearest post-event acquisition was about four days later.
osm-13456652649-310047835-0,jakarta-20220118,validation,40.713,trunk,0,0,0,0,,,unknown,excluded,No full-coverage Sentinel-1 acquisition during or within 48 hours after the event; nearest post-event acquisition was about four days later.
osm-13456652652-13456652659-0,jakarta-20220118,validation,22.989,trunk,0,0,0,0,,,unknown,excluded,No full-coverage Sentinel-1 acquisition during or within 48 hours after the event; nearest post-event acquisition was about four days later.
osm-13456652659-5372153151-0,jakarta-20220118,validation,17.506,trunk,0,0,0,0,,,unknown,excluded,No full-coverage Sentinel-1 acquisition during or within 48 hours after the event; nearest post-event acquisition was about four days later.
osm-13456804471-8488629808-0,jakarta-20220118,validation,61.888,tertiary,0,0,0,0,,,unknown,excluded,No full-coverage Sentinel-1 acquisition during or within 48 hours after the event; nearest post-event acquisition was about four days later.
osm-13525649819-13828209563-0,jakarta-20220118,validation,133.424,primary,0,0,0,0,,,unknown,excluded,No full-coverage Sentinel-1 acquisition during or within 48 hours after the event; nearest post-event acquisition was about four days later.
osm-13525649841-13525649819-0,jakarta-20220118,validation,361.312,primary,0,0,0,0,,,unknown,excluded,No full-coverage Sentinel-1 acquisition during or within 48 hours after the event; nearest post-event acquisition was about four days later.
osm-13586347373-6322281575-0,jakarta-20220118,validation,10.017,tertiary,0,0,0,0,,,unknown,excluded,No full-coverage Sentinel-1 acquisition during or within 48 hours after the event; nearest post-event acquisition was about four days later.
osm-13586870988-9031905436-0,jakarta-20220118,validation,1.518,primary,0,0,0,0,,,unknown,excluded,No full-coverage Sentinel-1 acquisition during or within 48 hours after the event; nearest post-event acquisition was about four days later.
osm-13586870998-315469626-0,jakarta-20220118,validation,13.792,primary,0,0,0,0,,,unknown,excluded,No full-coverage Sentinel-1 acquisition during or within 48 hours after the event; nearest post-event acquisition was about four days later.
osm-13603665477-310005821-0,jakarta-20220118,validation,28.693,primary_link,0,0,0,0,,,unknown,excluded,No full-coverage Sentinel-1 acquisition during or within 48 hours after the event; nearest post-event acquisition was about four days later.
osm-13606136400-1675426142-0,jakarta-20220118,validation,25.83,primary,0,0,0,0,,,unknown,excluded,No full-coverage Sentinel-1 acquisition during or within 48 hours after the event; nearest post-event acquisition was about four days later.
osm-13606177748-5549685557-0,jakarta-20220118,validation,26.722,primary,0,0,0,0,,,unknown,excluded,No full-coverage Sentinel-1 acquisition during or within 48 hours after the event; nearest post-event acquisition was about four days later.
osm-13606201402-13606201409-0,jakarta-20220118,validation,22.959,primary,0,0,0,0,,,unknown,excluded,No full-coverage Sentinel-1 acquisition during or within 48 hours after the event; nearest post-event acquisition was about four days later.
osm-13606201409-13606136400-0,jakarta-20220118,validation,8.46,primary,0,0,0,0,,,unknown,excluded,No full-coverage Sentinel-1 acquisition during or within 48 hours after the event; nearest post-event acquisition was about four days later.
osm-13606201410-13606201418-0,jakarta-20220118,validation,30.767,primary,0,0,0,0,,,unknown,excluded,No full-coverage Sentinel-1 acquisition during or within 48 hours after the event; nearest post-event acquisition was about four days later.
osm-13606201418-13606201402-0,jakarta-20220118,validation,18.85,primary,0,0,0,0,,,unknown,excluded,No full-coverage Sentinel-1 acquisition during or within 48 hours after the event; nearest post-event acquisition was about four days later.
osm-13606201425-4963127289-0,jakarta-20220118,validation,32.751,primary,0,0,0,0,,,unknown,excluded,No full-coverage Sentinel-1 acquisition during or within 48 hours after the event; nearest post-event acquisition was about four days later.
osm-13606201428-13606201425-0,jakarta-20220118,validation,7.233,primary,0,0,0,0,,,unknown,excluded,No full-coverage Sentinel-1 acquisition during or within 48 hours after the event; nearest post-event acquisition was about four days later.
osm-13606201436-13606201428-0,jakarta-20220118,validation,24.903,primary,0,0,0,0,,,unknown,excluded,No full-coverage Sentinel-1 acquisition during or within 48 hours after the event; nearest post-event acquisition was about four days later.
osm-13606201439-13606201436-0,jakarta-20220118,validation,60.679,primary,0,0,0,0,,,unknown,excluded,No full-coverage Sentinel-1 acquisition during or within 48 hours after the event; nearest post-event acquisition was about four days later.
osm-13606201442-13606201439-0,jakarta-20220118,validation,16.99,primary,0,0,0,0,,,unknown,excluded,No full-coverage Sentinel-1 acquisition during or within 48 hours after the event; nearest post-event acquisition was about four days later.
osm-13606259700-12745196451-0,jakarta-20220118,validation,4.368,primary,0,0,0,0,,,unknown,excluded,No full-coverage Sentinel-1 acquisition during or within 48 hours after the event; nearest post-event acquisition was about four days later.
osm-13606278105-12745196468-0,jakarta-20220118,validation,36.317,primary,0,0,0,0,,,unknown,excluded,No full-coverage Sentinel-1 acquisition during or within 48 hours after the event; nearest post-event acquisition was about four days later.
osm-13606475657-4963127052-0,jakarta-20220118,validation,28.294,primary,0,0,0,0,,,unknown,excluded,No full-coverage Sentinel-1 acquisition during or within 48 hours after the event; nearest post-event acquisition was about four days later.
osm-13606475660-13606475666-0,jakarta-20220118,validation,33.19,primary,0,0,0,0,,,unknown,excluded,No full-coverage Sentinel-1 acquisition during or within 48 hours after the event; nearest post-event acquisition was about four days later.
osm-13606475666-4963127061-0,jakarta-20220118,validation,54.76,primary,0,0,0,0,,,unknown,excluded,No full-coverage Sentinel-1 acquisition during or within 48 hours after the event; nearest post-event acquisition was about four days later.
osm-13606475670-13606475660-0,jakarta-20220118,validation,8.161,primary,0,0,0,0,,,unknown,excluded,No full-coverage Sentinel-1 acquisition during or within 48 hours after the event; nearest post-event acquisition was about four days later.
osm-13606475672-13606475670-0,jakarta-20220118,validation,13.127,primary,0,0,0,0,,,unknown,excluded,No full-coverage Sentinel-1 acquisition during or within 48 hours after the event; nearest post-event acquisition was about four days later.
osm-13618074118-5380240456-0,jakarta-20220118,validation,6.43,primary,0,0,0,0,,,unknown,excluded,No full-coverage Sentinel-1 acquisition during or within 48 hours after the event; nearest post-event acquisition was about four days later.
osm-13623804700-318097237-0,jakarta-20220118,validation,64.434,primary,0,0,0,0,,,unknown,excluded,No full-coverage Sentinel-1 acquisition during or within 48 hours after the event; nearest post-event acquisition was about four days later.
osm-13623841203-13623804700-0,jakarta-20220118,validation,41.47,primary,0,0,0,0,,,unknown,excluded,No full-coverage Sentinel-1 acquisition during or within 48 hours after the event; nearest post-event acquisition was about four days later.
osm-13623841206-13623841203-0,jakarta-20220118,validation,4.452,primary,0,0,0,0,,,unknown,excluded,No full-coverage Sentinel-1 acquisition during or within 48 hours after the event; nearest post-event acquisition was about four days later.
osm-13623841209-13623841206-0,jakarta-20220118,validation,9.429,primary,0,0,0,0,,,unknown,excluded,No full-coverage Sentinel-1 acquisition during or within 48 hours after the event; nearest post-event acquisition was about four days later.
osm-13623841212-13623841209-0,jakarta-20220118,validation,6.233,primary,0,0,0,0,,,unknown,excluded,No full-coverage Sentinel-1 acquisition during or within 48 hours after the event; nearest post-event acquisition was about four days later.
osm-13623841214-13623841212-0,jakarta-20220118,validation,94.682,primary,0,0,0,0,,,unknown,excluded,No full-coverage Sentinel-1 acquisition during or within 48 hours after the event; nearest post-event acquisition was about four days later.
osm-13623841217-13623841214-0,jakarta-20220118,validation,10.6,primary,0,0,0,0,,,unknown,excluded,No full-coverage Sentinel-1 acquisition during or within 48 hours after the event; nearest post-event acquisition was about four days later.
osm-13623874472-5372018508-0,jakarta-20220118,validation,42.182,primary,0,0,0,0,,,unknown,excluded,No full-coverage Sentinel-1 acquisition during or within 48 hours after the event; nearest post-event acquisition was about four days later.
osm-13623874475-13623874472-0,jakarta-20220118,validation,49.583,primary,0,0,0,0,,,unknown,excluded,No full-coverage Sentinel-1 acquisition during or within 48 hours after the event; nearest post-event acquisition was about four days later.
osm-13624041397-104364335-0,jakarta-20220118,validation,157.705,primary,0,0,0,0,,,unknown,excluded,No full-coverage Sentinel-1 acquisition during or within 48 hours after the event; nearest post-event acquisition was about four days later.
osm-13624041399-13624041397-0,jakarta-20220118,validation,38.166,primary,0,0,0,0,,,unknown,excluded,No full-coverage Sentinel-1 acquisition during or within 48 hours after the event; nearest post-event acquisition was about four days later.
osm-13639648351-4235574904-0,jakarta-20220118,validation,10.009,primary,0,0,0,0,,,unknown,excluded,No full-coverage Sentinel-1 acquisition during or within 48 hours after the event; nearest post-event acquisition was about four days later.
osm-13653307691-1174777687-0,jakarta-20220118,validation,15.55,secondary,0,0,0,0,,,unknown,excluded,No full-coverage Sentinel-1 acquisition during or within 48 hours after the event; nearest post-event acquisition was about four days later.
osm-13653320894-11477683650-0,jakarta-20220118,validation,27.437,primary,0,0,0,0,,,unknown,excluded,No full-coverage Sentinel-1 acquisition during or within 48 hours after the event; nearest post-event acquisition was about four days later.
osm-13657075638-7120487197-0,jakarta-20220118,validation,8.555,primary,0,0,0,0,,,unknown,excluded,No full-coverage Sentinel-1 acquisition during or within 48 hours after the event; nearest post-event acquisition was about four days later.
osm-13659371444-4548266763-0,jakarta-20220118,validation,5.222,primary,0,0,0,0,,,unknown,excluded,No full-coverage Sentinel-1 acquisition during or within 48 hours after the event; nearest post-event acquisition was about four days later.
osm-13663105514-1675426300-0,jakarta-20220118,validation,6.349,primary,0,0,0,0,,,unknown,excluded,No full-coverage Sentinel-1 acquisition during or within 48 hours after the event; nearest post-event acquisition was about four days later.
osm-13663493364-13663105514-0,jakarta-20220118,validation,9.412,primary,0,0,0,0,,,unknown,excluded,No full-coverage Sentinel-1 acquisition during or within 48 hours after the event; nearest post-event acquisition was about four days later.
osm-13664998461-2032758147-0,jakarta-20220118,validation,45.391,primary,0,0,0,0,,,unknown,excluded,No full-coverage Sentinel-1 acquisition during or within 48 hours after the event; nearest post-event acquisition was about four days later.
osm-13675743447-318548947-0,jakarta-20220118,validation,55.782,tertiary,0,0,0,0,,,unknown,excluded,No full-coverage Sentinel-1 acquisition during or within 48 hours after the event; nearest post-event acquisition was about four days later.
osm-13682180792-347509493-0,jakarta-20220118,validation,54.683,secondary,0,0,0,0,,,unknown,excluded,No full-coverage Sentinel-1 acquisition during or within 48 hours after the event; nearest post-event acquisition was about four days later.
osm-13685379529-9031905443-0,jakarta-20220118,validation,40.896,primary,0,0,0,0,,,unknown,excluded,No full-coverage Sentinel-1 acquisition during or within 48 hours after the event; nearest post-event acquisition was about four days later.
osm-13695587261-9623310915-0,jakarta-20220118,validation,26.114,primary,0,0,0,0,,,unknown,excluded,No full-coverage Sentinel-1 acquisition during or within 48 hours after the event; nearest post-event acquisition was about four days later.
osm-13695587270-13695587261-0,jakarta-20220118,validation,25.443,primary,0,0,0,0,,,unknown,excluded,No full-coverage Sentinel-1 acquisition during or within 48 hours after the event; nearest post-event acquisition was about four days later.
osm-13699094545-13685379529-0,jakarta-20220118,validation,6.787,primary,0,0,0,0,,,unknown,excluded,No full-coverage Sentinel-1 acquisition during or within 48 hours after the event; nearest post-event acquisition was about four days later.
osm-13701804566-317180499-0,jakarta-20220118,validation,62.208,primary,0,0,0,0,,,unknown,excluded,No full-coverage Sentinel-1 acquisition during or within 48 hours after the event; nearest post-event acquisition was about four days later.
osm-13701804574-7103369200-0,jakarta-20220118,validation,173.38,primary,0,0,0,0,,,unknown,excluded,No full-coverage Sentinel-1 acquisition during or within 48 hours after the event; nearest post-event acquisition was about four days later.
osm-13717294231-315547395-0,jakarta-20220118,validation,62.567,secondary,0,0,0,0,,,unknown,excluded,No full-coverage Sentinel-1 acquisition during or within 48 hours after the event; nearest post-event acquisition was about four days later.
osm-13719672649-9696758894-0,jakarta-20220118,validation,35.043,primary,0,0,0,0,,,unknown,excluded,No full-coverage Sentinel-1 acquisition during or within 48 hours after the event; nearest post-event acquisition was about four days later.
osm-13720913830-7120410540-0,jakarta-20220118,validation,8.994,primary,0,0,0,0,,,unknown,excluded,No full-coverage Sentinel-1 acquisition during or within 48 hours after the event; nearest post-event acquisition was about four days later.
osm-13720920968-315746130-0,jakarta-20220118,validation,119.538,primary,0,0,0,0,,,unknown,excluded,No full-coverage Sentinel-1 acquisition during or within 48 hours after the event; nearest post-event acquisition was about four days later.
osm-13721019303-5671327267-0,jakarta-20220118,validation,7.74,primary,0,0,0,0,,,unknown,excluded,No full-coverage Sentinel-1 acquisition during or within 48 hours after the event; nearest post-event acquisition was about four days later.
osm-13721122640-13525649841-0,jakarta-20220118,validation,21.104,primary_link,0,0,0,0,,,unknown,excluded,No full-coverage Sentinel-1 acquisition during or within 48 hours after the event; nearest post-event acquisition was about four days later.
osm-13734886233-1135179424-0,jakarta-20220118,validation,8.119,tertiary,0,0,0,0,,,unknown,excluded,No full-coverage Sentinel-1 acquisition during or within 48 hours after the event; nearest post-event acquisition was about four days later.
osm-13734886245-13734886233-0,jakarta-20220118,validation,22.777,tertiary,0,0,0,0,,,unknown,excluded,No full-coverage Sentinel-1 acquisition during or within 48 hours after the event; nearest post-event acquisition was about four days later.
osm-13734985431-5379957290-0,jakarta-20220118,validation,17.071,tertiary,0,0,0,0,,,unknown,excluded,No full-coverage Sentinel-1 acquisition during or within 48 hours after the event; nearest post-event acquisition was about four days later.
osm-13734985443-4748308350-0,jakarta-20220118,validation,4.733,tertiary,0,0,0,0,,,unknown,excluded,No full-coverage Sentinel-1 acquisition during or within 48 hours after the event; nearest post-event acquisition was about four days later.
osm-13750328259-7120393905-0,jakarta-20220118,validation,51.21,primary,0,0,0,0,,,unknown,excluded,No full-coverage Sentinel-1 acquisition during or within 48 hours after the event; nearest post-event acquisition was about four days later.
osm-13752868692-2019635436-0,jakarta-20220118,validation,22.519,primary,0,0,0,0,,,unknown,excluded,No full-coverage Sentinel-1 acquisition during or within 48 hours after the event; nearest post-event acquisition was about four days later.
osm-13771612756-9561798638-0,jakarta-20220118,validation,76.744,primary,0,0,0,0,,,unknown,excluded,No full-coverage Sentinel-1 acquisition during or within 48 hours after the event; nearest post-event acquisition was about four days later.
osm-13772607350-104379008-0,jakarta-20220118,validation,57.681,primary,0,0,0,0,,,unknown,excluded,No full-coverage Sentinel-1 acquisition during or within 48 hours after the event; nearest post-event acquisition was about four days later.
osm-13772607355-12583516441-0,jakarta-20220118,validation,3.998,primary,0,0,0,0,,,unknown,excluded,No full-coverage Sentinel-1 acquisition during or within 48 hours after the event; nearest post-event acquisition was about four days later.
osm-13798957263-5388382567-0,jakarta-20220118,validation,3.193,trunk,0,0,0,0,,,unknown,excluded,No full-coverage Sentinel-1 acquisition during or within 48 hours after the event; nearest post-event acquisition was about four days later.
osm-13827879018-13827879026-0,jakarta-20220118,validation,12.373,primary,0,0,0,0,,,unknown,excluded,No full-coverage Sentinel-1 acquisition during or within 48 hours after the event; nearest post-event acquisition was about four days later.
osm-13827879026-4780724425-0,jakarta-20220118,validation,81.635,primary,0,0,0,0,,,unknown,excluded,No full-coverage Sentinel-1 acquisition during or within 48 hours after the event; nearest post-event acquisition was about four days later.
osm-13828094473-5499209000-0,jakarta-20220118,validation,105.494,primary,0,0,0,0,,,unknown,excluded,No full-coverage Sentinel-1 acquisition during or within 48 hours after the event; nearest post-event acquisition was about four days later.
osm-13828209563-329967924-0,jakarta-20220118,validation,5.697,primary,0,0,0,0,,,unknown,excluded,No full-coverage Sentinel-1 acquisition during or within 48 hours after the event; nearest post-event acquisition was about four days later.
osm-13849518628-5374005699-0,jakarta-20220118,validation,90.665,primary,0,0,0,0,,,unknown,excluded,No full-coverage Sentinel-1 acquisition during or within 48 hours after the event; nearest post-event acquisition was about four days later.
osm-13849518632-4849427416-0,jakarta-20220118,validation,33.784,primary,0,0,0,0,,,unknown,excluded,No full-coverage Sentinel-1 acquisition during or within 48 hours after the event; nearest post-event acquisition was about four days later.
osm-13913580148-5377313967-0,jakarta-20220118,validation,8.69,residential,0,0,0,0,,,unknown,excluded,No full-coverage Sentinel-1 acquisition during or within 48 hours after the event; nearest post-event acquisition was about four days later.
osm-13913580150-13913580151-0,jakarta-20220118,validation,6.117,service,0,0,0,0,,,unknown,excluded,No full-coverage Sentinel-1 acquisition during or within 48 hours after the event; nearest post-event acquisition was about four days later.
osm-13913580151-5377313978-0,jakarta-20220118,validation,52.326,service,0,0,0,0,,,unknown,excluded,No full-coverage Sentinel-1 acquisition during or within 48 hours after the event; nearest post-event acquisition was about four days later.
osm-13914133217-13734985431-0,jakarta-20220118,validation,59.424,tertiary,0,0,0,0,,,unknown,excluded,No full-coverage Sentinel-1 acquisition during or within 48 hours after the event; nearest post-event acquisition was about four days later.
osm-29938988-6552109327-0,jakarta-20250304,holdout,39.851,primary,0,0,0,0,,,unknown,excluded,Holdout has no Sentinel-1 acquisition during or within 48 hours after 4-5 March; available images are 28 February and 12 March.
osm-29939141-8500012435-0,jakarta-20250304,holdout,58.856,secondary,0,0,0,0,,,unknown,excluded,Holdout has no Sentinel-1 acquisition during or within 48 hours after 4-5 March; available images are 28 February and 12 March.
osm-29939142-2032872437-0,jakarta-20250304,holdout,86.317,secondary,0,0,0,0,,,unknown,excluded,Holdout has no Sentinel-1 acquisition during or within 48 hours after 4-5 March; available images are 28 February and 12 March.
osm-29939143-5674017477-0,jakarta-20250304,holdout,11.596,secondary,0,0,0,0,,,unknown,excluded,Holdout has no Sentinel-1 acquisition during or within 48 hours after 4-5 March; available images are 28 February and 12 March.
osm-29939144-9013899871-0,jakarta-20250304,holdout,72.513,secondary,0,0,0,0,,,unknown,excluded,Holdout has no Sentinel-1 acquisition during or within 48 hours after 4-5 March; available images are 28 February and 12 March.
osm-29939146-1173954328-0,jakarta-20250304,holdout,25.539,secondary,0,0,0,0,,,unknown,excluded,Holdout has no Sentinel-1 acquisition during or within 48 hours after 4-5 March; available images are 28 February and 12 March.
osm-29939148-1173954346-0,jakarta-20250304,holdout,12.054,secondary,0,0,0,0,,,unknown,excluded,Holdout has no Sentinel-1 acquisition during or within 48 hours after 4-5 March; available images are 28 February and 12 March.
osm-29939154-7120383659-0,jakarta-20250304,holdout,7.532,primary,0,0,0,0,,,unknown,excluded,Holdout has no Sentinel-1 acquisition during or within 48 hours after 4-5 March; available images are 28 February and 12 March.
osm-29939156-318538221-0,jakarta-20250304,holdout,217.601,secondary,0,0,0,0,,,unknown,excluded,Holdout has no Sentinel-1 acquisition during or within 48 hours after 4-5 March; available images are 28 February and 12 March.
osm-29939156-2363808979-0,jakarta-20250304,holdout,11.495,primary,0,0,0,0,,,unknown,excluded,Holdout has no Sentinel-1 acquisition during or within 48 hours after 4-5 March; available images are 28 February and 12 March.
osm-29939211-7120318185-0,jakarta-20250304,holdout,26.654,primary,0,0,0,0,,,unknown,excluded,Holdout has no Sentinel-1 acquisition during or within 48 hours after 4-5 March; available images are 28 February and 12 March.
osm-95006360-5492419263-0,jakarta-20250304,holdout,60.513,trunk,0,0,0,0,,,unknown,excluded,Holdout has no Sentinel-1 acquisition during or within 48 hours after 4-5 March; available images are 28 February and 12 March.
osm-95006366-5492419187-0,jakarta-20250304,holdout,46.314,trunk,0,0,0,0,,,unknown,excluded,Holdout has no Sentinel-1 acquisition during or within 48 hours after 4-5 March; available images are 28 February and 12 March.
osm-95010735-1133343805-0,jakarta-20250304,holdout,84.617,trunk,0,0,0,0,,,unknown,excluded,Holdout has no Sentinel-1 acquisition during or within 48 hours after 4-5 March; available images are 28 February and 12 March.
osm-95010751-13798957263-0,jakarta-20250304,holdout,93.771,trunk,0,0,0,0,,,unknown,excluded,Holdout has no Sentinel-1 acquisition during or within 48 hours after 4-5 March; available images are 28 February and 12 March.
osm-95022384-95022385-0,jakarta-20250304,holdout,66.282,trunk,0,0,0,0,,,unknown,excluded,Holdout has no Sentinel-1 acquisition during or within 48 hours after 4-5 March; available images are 28 February and 12 March.
osm-95022385-4152867689-0,jakarta-20250304,holdout,78.712,trunk,0,0,0,0,,,unknown,excluded,Holdout has no Sentinel-1 acquisition during or within 48 hours after 4-5 March; available images are 28 February and 12 March.
osm-95022385-5652800252-0,jakarta-20250304,holdout,59.872,primary,0,0,0,0,,,unknown,excluded,Holdout has no Sentinel-1 acquisition during or within 48 hours after 4-5 March; available images are 28 February and 12 March.
osm-103363767-1757800816-0,jakarta-20250304,holdout,28.666,trunk,0,0,0,0,,,unknown,excluded,Holdout has no Sentinel-1 acquisition during or within 48 hours after 4-5 March; available images are 28 February and 12 March.
osm-104356356-13456652649-0,jakarta-20250304,holdout,73.169,trunk,0,0,0,0,,,unknown,excluded,Holdout has no Sentinel-1 acquisition during or within 48 hours after 4-5 March; available images are 28 February and 12 March.
osm-104356359-9491482902-0,jakarta-20250304,holdout,30.169,trunk,0,0,0,0,,,unknown,excluded,Holdout has no Sentinel-1 acquisition during or within 48 hours after 4-5 March; available images are 28 February and 12 March.
osm-104363249-4886801320-0,jakarta-20250304,holdout,25.737,primary,0,0,0,0,,,unknown,excluded,Holdout has no Sentinel-1 acquisition during or within 48 hours after 4-5 March; available images are 28 February and 12 March.
osm-104364332-6359768001-0,jakarta-20250304,holdout,9.315,primary,0,0,0,0,,,unknown,excluded,Holdout has no Sentinel-1 acquisition during or within 48 hours after 4-5 March; available images are 28 February and 12 March.
osm-104364332-6359768003-0,jakarta-20250304,holdout,62.361,secondary,0,0,0,0,,,unknown,excluded,Holdout has no Sentinel-1 acquisition during or within 48 hours after 4-5 March; available images are 28 February and 12 March.
osm-104364334-318097259-0,jakarta-20250304,holdout,148.177,primary,0,0,0,0,,,unknown,excluded,Holdout has no Sentinel-1 acquisition during or within 48 hours after 4-5 March; available images are 28 February and 12 March.
osm-104364335-13623841217-0,jakarta-20250304,holdout,59.856,primary,0,0,0,0,,,unknown,excluded,Holdout has no Sentinel-1 acquisition during or within 48 hours after 4-5 March; available images are 28 February and 12 March.
osm-104366006-8796979647-0,jakarta-20250304,holdout,143.704,secondary,0,0,0,0,,,unknown,excluded,Holdout has no Sentinel-1 acquisition during or within 48 hours after 4-5 March; available images are 28 February and 12 March.
osm-104366013-191505885-0,jakarta-20250304,holdout,32.396,secondary,0,0,0,0,,,unknown,excluded,Holdout has no Sentinel-1 acquisition during or within 48 hours after 4-5 March; available images are 28 February and 12 March.
osm-104367576-13720920968-0,jakarta-20250304,holdout,18.943,primary,0,0,0,0,,,unknown,excluded,Holdout has no Sentinel-1 acquisition during or within 48 hours after 4-5 March; available images are 28 February and 12 March.
osm-104367971-5006647254-0,jakarta-20250304,holdout,79.47,primary,0,0,0,0,,,unknown,excluded,Holdout has no Sentinel-1 acquisition during or within 48 hours after 4-5 March; available images are 28 February and 12 March.
osm-104369586-8992056526-0,jakarta-20250304,holdout,15.028,primary,0,0,0,0,,,unknown,excluded,Holdout has no Sentinel-1 acquisition during or within 48 hours after 4-5 March; available images are 28 February and 12 March.
osm-104379008-9619896326-0,jakarta-20250304,holdout,54.8,primary,0,0,0,0,,,unknown,excluded,Holdout has no Sentinel-1 acquisition during or within 48 hours after 4-5 March; available images are 28 February and 12 March.
osm-104379010-13016877290-0,jakarta-20250304,holdout,41.885,primary,0,0,0,0,,,unknown,excluded,Holdout has no Sentinel-1 acquisition during or within 48 hours after 4-5 March; available images are 28 February and 12 March.
osm-104379014-4780597176-0,jakarta-20250304,holdout,32.664,primary,0,0,0,0,,,unknown,excluded,Holdout has no Sentinel-1 acquisition during or within 48 hours after 4-5 March; available images are 28 February and 12 March.
osm-104379022-2872136862-0,jakarta-20250304,holdout,49.296,primary,0,0,0,0,,,unknown,excluded,Holdout has no Sentinel-1 acquisition during or within 48 hours after 4-5 March; available images are 28 February and 12 March.
osm-104379024-5379957272-0,jakarta-20250304,holdout,62.452,primary,0,0,0,0,,,unknown,excluded,Holdout has no Sentinel-1 acquisition during or within 48 hours after 4-5 March; available images are 28 February and 12 March.
osm-124093320-315207989-0,jakarta-20250304,holdout,21.639,primary,0,0,0,0,,,unknown,excluded,Holdout has no Sentinel-1 acquisition during or within 48 hours after 4-5 March; available images are 28 February and 12 March.
osm-186669834-13699094545-0,jakarta-20250304,holdout,14.091,primary,0,0,0,0,,,unknown,excluded,Holdout has no Sentinel-1 acquisition during or within 48 hours after 4-5 March; available images are 28 February and 12 March.
osm-186849138-1663918523-0,jakarta-20250304,holdout,22.832,secondary,0,0,0,0,,,unknown,excluded,Holdout has no Sentinel-1 acquisition during or within 48 hours after 4-5 March; available images are 28 February and 12 March.
osm-186871952-5671317482-0,jakarta-20250304,holdout,55.089,primary,0,0,0,0,,,unknown,excluded,Holdout has no Sentinel-1 acquisition during or within 48 hours after 4-5 March; available images are 28 February and 12 March.
osm-186871954-7249176145-0,jakarta-20250304,holdout,6.117,primary,0,0,0,0,,,unknown,excluded,Holdout has no Sentinel-1 acquisition during or within 48 hours after 4-5 March; available images are 28 February and 12 March.
osm-186894208-104364334-0,jakarta-20250304,holdout,32.235,primary,0,0,0,0,,,unknown,excluded,Holdout has no Sentinel-1 acquisition during or within 48 hours after 4-5 March; available images are 28 February and 12 March.
osm-191505875-7595258503-0,jakarta-20250304,holdout,430.778,secondary,0,0,0,0,,,unknown,excluded,Holdout has no Sentinel-1 acquisition during or within 48 hours after 4-5 March; available images are 28 February and 12 March.
osm-191505885-13717294231-0,jakarta-20250304,holdout,28.644,secondary,0,0,0,0,,,unknown,excluded,Holdout has no Sentinel-1 acquisition during or within 48 hours after 4-5 March; available images are 28 February and 12 March.
osm-191505992-5372018440-0,jakarta-20250304,holdout,7.15,secondary,0,0,0,0,,,unknown,excluded,Holdout has no Sentinel-1 acquisition during or within 48 hours after 4-5 March; available images are 28 February and 12 March.
osm-191506029-5009351128-0,jakarta-20250304,holdout,19.736,secondary,0,0,0,0,,,unknown,excluded,Holdout has no Sentinel-1 acquisition during or within 48 hours after 4-5 March; available images are 28 February and 12 March.
osm-191578995-8992744188-0,jakarta-20250304,holdout,58.713,primary,0,0,0,0,,,unknown,excluded,Holdout has no Sentinel-1 acquisition during or within 48 hours after 4-5 March; available images are 28 February and 12 March.
osm-302230529-8789425687-0,jakarta-20250304,holdout,48.071,primary,0,0,0,0,,,unknown,excluded,Holdout has no Sentinel-1 acquisition during or within 48 hours after 4-5 March; available images are 28 February and 12 March.
osm-302230530-7509918738-0,jakarta-20250304,holdout,7.901,primary,0,0,0,0,,,unknown,excluded,Holdout has no Sentinel-1 acquisition during or within 48 hours after 4-5 March; available images are 28 February and 12 March.
osm-308981968-11925112167-0,jakarta-20250304,holdout,29.272,tertiary,0,0,0,0,,,unknown,excluded,Holdout has no Sentinel-1 acquisition during or within 48 hours after 4-5 March; available images are 28 February and 12 March.
osm-308981969-8488635421-0,jakarta-20250304,holdout,59.189,tertiary,0,0,0,0,,,unknown,excluded,Holdout has no Sentinel-1 acquisition during or within 48 hours after 4-5 March; available images are 28 February and 12 March.
osm-308981972-13456437803-0,jakarta-20250304,holdout,34.965,tertiary,0,0,0,0,,,unknown,excluded,Holdout has no Sentinel-1 acquisition during or within 48 hours after 4-5 March; available images are 28 February and 12 March.
osm-309086906-3723634710-0,jakarta-20250304,holdout,571.521,motorway,0,0,0,0,,,unknown,excluded,Holdout has no Sentinel-1 acquisition during or within 48 hours after 4-5 March; available images are 28 February and 12 March.
osm-309687605-5388328959-0,jakarta-20250304,holdout,74.962,tertiary,0,0,0,0,,,unknown,excluded,Holdout has no Sentinel-1 acquisition during or within 48 hours after 4-5 March; available images are 28 February and 12 March.
osm-309712345-13102843717-0,jakarta-20250304,holdout,10.975,trunk,0,0,0,0,,,unknown,excluded,Holdout has no Sentinel-1 acquisition during or within 48 hours after 4-5 March; available images are 28 February and 12 March.
osm-309714207-388240367-0,jakarta-20250304,holdout,21.303,trunk,0,0,0,0,,,unknown,excluded,Holdout has no Sentinel-1 acquisition during or within 48 hours after 4-5 March; available images are 28 February and 12 March.
osm-309716308-9465024317-0,jakarta-20250304,holdout,1362.48,motorway,0,0,0,0,,,unknown,excluded,Holdout has no Sentinel-1 acquisition during or within 48 hours after 4-5 March; available images are 28 February and 12 March.
osm-309824120-309716308-0,jakarta-20250304,holdout,1179.967,motorway,0,0,0,0,,,unknown,excluded,Holdout has no Sentinel-1 acquisition during or within 48 hours after 4-5 March; available images are 28 February and 12 March.
osm-309824174-5671045991-0,jakarta-20250304,holdout,1609.585,motorway,0,0,0,0,,,unknown,excluded,Holdout has no Sentinel-1 acquisition during or within 48 hours after 4-5 March; available images are 28 February and 12 March.
osm-309825163-3723599608-0,jakarta-20250304,holdout,102.221,motorway,0,0,0,0,,,unknown,excluded,Holdout has no Sentinel-1 acquisition during or within 48 hours after 4-5 March; available images are 28 February and 12 March.
osm-309880841-6797982811-0,jakarta-20250304,holdout,225.811,motorway_link,0,0,0,0,,,unknown,excluded,Holdout has no Sentinel-1 acquisition during or within 48 hours after 4-5 March; available images are 28 February and 12 March.
osm-309941624-8478023954-0,jakarta-20250304,holdout,121.379,primary,0,0,0,0,,,unknown,excluded,Holdout has no Sentinel-1 acquisition during or within 48 hours after 4-5 March; available images are 28 February and 12 March.
osm-309941703-11919728419-0,jakarta-20250304,holdout,40.319,primary,0,0,0,0,,,unknown,excluded,Holdout has no Sentinel-1 acquisition during or within 48 hours after 4-5 March; available images are 28 February and 12 March.
osm-309950695-4867479520-0,jakarta-20250304,holdout,28.181,primary,0,0,0,0,,,unknown,excluded,Holdout has no Sentinel-1 acquisition during or within 48 hours after 4-5 March; available images are 28 February and 12 March.
osm-310003265-5379992807-0,jakarta-20250304,holdout,56.277,tertiary,0,0,0,0,,,unknown,excluded,Holdout has no Sentinel-1 acquisition during or within 48 hours after 4-5 March; available images are 28 February and 12 March.
osm-310003828-352961150-0,jakarta-20250304,holdout,65.364,tertiary,0,0,0,0,,,unknown,excluded,Holdout has no Sentinel-1 acquisition during or within 48 hours after 4-5 March; available images are 28 February and 12 March.
osm-310005821-8811305451-0,jakarta-20250304,holdout,81.047,primary,0,0,0,0,,,unknown,excluded,Holdout has no Sentinel-1 acquisition during or within 48 hours after 4-5 March; available images are 28 February and 12 March.
osm-310008087-317756351-0,jakarta-20250304,holdout,18.192,primary,0,0,0,0,,,unknown,excluded,Holdout has no Sentinel-1 acquisition during or within 48 hours after 4-5 March; available images are 28 February and 12 March.
osm-310042746-5377177693-0,jakarta-20250304,holdout,57.658,primary,0,0,0,0,,,unknown,excluded,Holdout has no Sentinel-1 acquisition during or within 48 hours after 4-5 March; available images are 28 February and 12 March.
osm-310047835-9645211400-0,jakarta-20250304,holdout,14.041,trunk,0,0,0,0,,,unknown,excluded,Holdout has no Sentinel-1 acquisition during or within 48 hours after 4-5 March; available images are 28 February and 12 March.
osm-310048098-309825163-0,jakarta-20250304,holdout,1454.282,motorway,0,0,0,0,,,unknown,excluded,Holdout has no Sentinel-1 acquisition during or within 48 hours after 4-5 March; available images are 28 February and 12 March.
osm-310048835-5023930574-0,jakarta-20250304,holdout,26.648,trunk,0,0,0,0,,,unknown,excluded,Holdout has no Sentinel-1 acquisition during or within 48 hours after 4-5 March; available images are 28 February and 12 March.
osm-310048835-6451500598-0,jakarta-20250304,holdout,16.273,primary,0,0,0,0,,,unknown,excluded,Holdout has no Sentinel-1 acquisition during or within 48 hours after 4-5 March; available images are 28 February and 12 March.
osm-310052525-1757800787-0,jakarta-20250304,holdout,850.286,motorway_link,0,0,0,0,,,unknown,excluded,Holdout has no Sentinel-1 acquisition during or within 48 hours after 4-5 March; available images are 28 February and 12 March.
osm-310080557-9648055038-0,jakarta-20250304,holdout,22.313,trunk,0,0,0,0,,,unknown,excluded,Holdout has no Sentinel-1 acquisition during or within 48 hours after 4-5 March; available images are 28 February and 12 March.
osm-310327453-6978547983-0,jakarta-20250304,holdout,146.114,trunk,0,0,0,0,,,unknown,excluded,Holdout has no Sentinel-1 acquisition during or within 48 hours after 4-5 March; available images are 28 February and 12 March.
osm-310327514-7576918586-0,jakarta-20250304,holdout,2484.015,motorway,0,0,0,0,,,unknown,excluded,Holdout has no Sentinel-1 acquisition during or within 48 hours after 4-5 March; available images are 28 February and 12 March.
osm-310327514-9498062303-0,jakarta-20250304,holdout,485.166,motorway_link,0,0,0,0,,,unknown,excluded,Holdout has no Sentinel-1 acquisition during or within 48 hours after 4-5 March; available images are 28 February and 12 March.
osm-315198778-13033996655-0,jakarta-20250304,holdout,10.33,primary,0,0,0,0,,,unknown,excluded,Holdout has no Sentinel-1 acquisition during or within 48 hours after 4-5 March; available images are 28 February and 12 March.
osm-315207989-5668256808-0,jakarta-20250304,holdout,24.165,primary,0,0,0,0,,,unknown,excluded,Holdout has no Sentinel-1 acquisition during or within 48 hours after 4-5 March; available images are 28 February and 12 March.
osm-315207989-13525649841-0,jakarta-20250304,holdout,24.532,primary,0,0,0,0,,,unknown,excluded,Holdout has no Sentinel-1 acquisition during or within 48 hours after 4-5 March; available images are 28 February and 12 March.
osm-315208899-324851729-0,jakarta-20250304,holdout,370.895,trunk,0,0,0,0,,,unknown,excluded,Holdout has no Sentinel-1 acquisition during or within 48 hours after 4-5 March; available images are 28 February and 12 March.
osm-315305416-13456804471-0,jakarta-20250304,holdout,2.211,tertiary,0,0,0,0,,,unknown,excluded,Holdout has no Sentinel-1 acquisition during or within 48 hours after 4-5 March; available images are 28 February and 12 March.
osm-315469600-9031322607-0,jakarta-20250304,holdout,15.741,primary,0,0,0,0,,,unknown,excluded,Holdout has no Sentinel-1 acquisition during or within 48 hours after 4-5 March; available images are 28 February and 12 March.
osm-315469626-9032054232-0,jakarta-20250304,holdout,18.29,primary,0,0,0,0,,,unknown,excluded,Holdout has no Sentinel-1 acquisition during or within 48 hours after 4-5 March; available images are 28 February and 12 March.
osm-315480467-9679167895-0,jakarta-20250304,holdout,17.675,primary,0,0,0,0,,,unknown,excluded,Holdout has no Sentinel-1 acquisition during or within 48 hours after 4-5 March; available images are 28 February and 12 March.
osm-315487156-5230379695-0,jakarta-20250304,holdout,76.703,primary,0,0,0,0,,,unknown,excluded,Holdout has no Sentinel-1 acquisition during or within 48 hours after 4-5 March; available images are 28 February and 12 March.
osm-315546959-7098183581-0,jakarta-20250304,holdout,41.321,secondary,0,0,0,0,,,unknown,excluded,Holdout has no Sentinel-1 acquisition during or within 48 hours after 4-5 March; available images are 28 February and 12 March.
osm-315547395-315546959-0,jakarta-20250304,holdout,37.491,secondary,0,0,0,0,,,unknown,excluded,Holdout has no Sentinel-1 acquisition during or within 48 hours after 4-5 March; available images are 28 February and 12 March.
osm-315684305-4269900330-0,jakarta-20250304,holdout,30.862,secondary,0,0,0,0,,,unknown,excluded,Holdout has no Sentinel-1 acquisition during or within 48 hours after 4-5 March; available images are 28 February and 12 March.
osm-315710860-29939156-0,jakarta-20250304,holdout,18.143,secondary,0,0,0,0,,,unknown,excluded,Holdout has no Sentinel-1 acquisition during or within 48 hours after 4-5 March; available images are 28 February and 12 March.
osm-315712058-315712135-0,jakarta-20250304,holdout,46.736,primary,0,0,0,0,,,unknown,excluded,Holdout has no Sentinel-1 acquisition during or within 48 hours after 4-5 March; available images are 28 February and 12 March.
osm-315712135-13606177748-0,jakarta-20250304,holdout,81.37,primary,0,0,0,0,,,unknown,excluded,Holdout has no Sentinel-1 acquisition during or within 48 hours after 4-5 March; available images are 28 February and 12 March.
osm-315712497-5354213822-0,jakarta-20250304,holdout,28.837,primary,0,0,0,0,,,unknown,excluded,Holdout has no Sentinel-1 acquisition during or within 48 hours after 4-5 March; available images are 28 February and 12 March.
osm-315746130-13721019303-0,jakarta-20250304,holdout,18.228,primary,0,0,0,0,,,unknown,excluded,Holdout has no Sentinel-1 acquisition during or within 48 hours after 4-5 March; available images are 28 February and 12 March.
osm-315746992-11199436896-0,jakarta-20250304,holdout,83.589,primary,0,0,0,0,,,unknown,excluded,Holdout has no Sentinel-1 acquisition during or within 48 hours after 4-5 March; available images are 28 February and 12 March.
osm-316167893-9013032089-0,jakarta-20250304,holdout,48.198,residential,0,0,0,0,,,unknown,excluded,Holdout has no Sentinel-1 acquisition during or within 48 hours after 4-5 March; available images are 28 February and 12 March.
osm-316170709-329971830-0,jakarta-20250304,holdout,24.315,primary,0,0,0,0,,,unknown,excluded,Holdout has no Sentinel-1 acquisition during or within 48 hours after 4-5 March; available images are 28 February and 12 March.
osm-316176020-310052525-0,jakarta-20250304,holdout,224.149,motorway_link,0,0,0,0,,,unknown,excluded,Holdout has no Sentinel-1 acquisition during or within 48 hours after 4-5 March; available images are 28 February and 12 March.
osm-316176020-1757800817-0,jakarta-20250304,holdout,311.158,motorway,0,0,0,0,,,unknown,excluded,Holdout has no Sentinel-1 acquisition during or within 48 hours after 4-5 March; available images are 28 February and 12 March.
osm-316266442-3723635058-0,jakarta-20250304,holdout,483.557,motorway_link,0,0,0,0,,,unknown,excluded,Holdout has no Sentinel-1 acquisition during or within 48 hours after 4-5 March; available images are 28 February and 12 March.
osm-316374560-4990059009-0,jakarta-20250304,holdout,166.499,primary,0,0,0,0,,,unknown,excluded,Holdout has no Sentinel-1 acquisition during or within 48 hours after 4-5 March; available images are 28 February and 12 March.
osm-316374561-4548266741-0,jakarta-20250304,holdout,29.69,primary,0,0,0,0,,,unknown,excluded,Holdout has no Sentinel-1 acquisition during or within 48 hours after 4-5 March; available images are 28 February and 12 March.
osm-316374585-4548266748-0,jakarta-20250304,holdout,116.963,primary,0,0,0,0,,,unknown,excluded,Holdout has no Sentinel-1 acquisition during or within 48 hours after 4-5 March; available images are 28 February and 12 March.
osm-316374594-430546287-0,jakarta-20250304,holdout,491.6,primary,0,0,0,0,,,unknown,excluded,Holdout has no Sentinel-1 acquisition during or within 48 hours after 4-5 March; available images are 28 February and 12 March.
osm-316374602-4836037554-0,jakarta-20250304,holdout,244.677,primary,0,0,0,0,,,unknown,excluded,Holdout has no Sentinel-1 acquisition during or within 48 hours after 4-5 March; available images are 28 February and 12 March.
osm-316374654-316374658-0,jakarta-20250304,holdout,57.501,primary,0,0,0,0,,,unknown,excluded,Holdout has no Sentinel-1 acquisition during or within 48 hours after 4-5 March; available images are 28 February and 12 March.
osm-316374658-7120440781-0,jakarta-20250304,holdout,21.599,primary,0,0,0,0,,,unknown,excluded,Holdout has no Sentinel-1 acquisition during or within 48 hours after 4-5 March; available images are 28 February and 12 March.
osm-316395244-4466384616-0,jakarta-20250304,holdout,24.288,trunk,0,0,0,0,,,unknown,excluded,Holdout has no Sentinel-1 acquisition during or within 48 hours after 4-5 March; available images are 28 February and 12 March.
osm-316395244-4466384617-0,jakarta-20250304,holdout,42.353,trunk,0,0,0,0,,,unknown,excluded,Holdout has no Sentinel-1 acquisition during or within 48 hours after 4-5 March; available images are 28 February and 12 March.
osm-316395267-316395268-0,jakarta-20250304,holdout,24.955,trunk,0,0,0,0,,,unknown,excluded,Holdout has no Sentinel-1 acquisition during or within 48 hours after 4-5 March; available images are 28 February and 12 March.
osm-316395268-5388212558-0,jakarta-20250304,holdout,41.341,trunk,0,0,0,0,,,unknown,excluded,Holdout has no Sentinel-1 acquisition during or within 48 hours after 4-5 March; available images are 28 February and 12 March.
osm-316412093-11329756328-0,jakarta-20250304,holdout,51.944,primary,0,0,0,0,,,unknown,excluded,Holdout has no Sentinel-1 acquisition during or within 48 hours after 4-5 March; available images are 28 February and 12 March.
osm-316412129-316412130-0,jakarta-20250304,holdout,145.025,primary,0,0,0,0,,,unknown,excluded,Holdout has no Sentinel-1 acquisition during or within 48 hours after 4-5 March; available images are 28 February and 12 March.
osm-316412130-6531806778-0,jakarta-20250304,holdout,101.513,primary,0,0,0,0,,,unknown,excluded,Holdout has no Sentinel-1 acquisition during or within 48 hours after 4-5 March; available images are 28 February and 12 March.
osm-316412131-316412145-0,jakarta-20250304,holdout,13.489,primary,0,0,0,0,,,unknown,excluded,Holdout has no Sentinel-1 acquisition during or within 48 hours after 4-5 March; available images are 28 February and 12 March.
osm-316412145-4504091329-0,jakarta-20250304,holdout,124.609,primary,0,0,0,0,,,unknown,excluded,Holdout has no Sentinel-1 acquisition during or within 48 hours after 4-5 March; available images are 28 February and 12 March.
osm-316412146-1320273025-0,jakarta-20250304,holdout,13.135,primary,0,0,0,0,,,unknown,excluded,Holdout has no Sentinel-1 acquisition during or within 48 hours after 4-5 March; available images are 28 February and 12 March.
osm-316486226-1782804903-0,jakarta-20250304,holdout,1345.635,motorway,0,0,0,0,,,unknown,excluded,Holdout has no Sentinel-1 acquisition during or within 48 hours after 4-5 March; available images are 28 February and 12 March.
osm-316486288-7120831201-0,jakarta-20250304,holdout,8.413,trunk,0,0,0,0,,,unknown,excluded,Holdout has no Sentinel-1 acquisition during or within 48 hours after 4-5 March; available images are 28 February and 12 March.
osm-316486305-1139156749-0,jakarta-20250304,holdout,41.19,trunk_link,0,0,0,0,,,unknown,excluded,Holdout has no Sentinel-1 acquisition during or within 48 hours after 4-5 March; available images are 28 February and 12 March.
osm-316742986-329948880-0,jakarta-20250304,holdout,596.589,trunk,0,0,0,0,,,unknown,excluded,Holdout has no Sentinel-1 acquisition during or within 48 hours after 4-5 March; available images are 28 February and 12 March.
osm-317156534-9507227664-0,jakarta-20250304,holdout,27.825,primary,0,0,0,0,,,unknown,excluded,Holdout has no Sentinel-1 acquisition during or within 48 hours after 4-5 March; available images are 28 February and 12 March.
osm-317156584-11384905237-0,jakarta-20250304,holdout,303.728,primary,0,0,0,0,,,unknown,excluded,Holdout has no Sentinel-1 acquisition during or within 48 hours after 4-5 March; available images are 28 February and 12 March.
osm-317156628-5653336499-0,jakarta-20250304,holdout,33.045,primary,0,0,0,0,,,unknown,excluded,Holdout has no Sentinel-1 acquisition during or within 48 hours after 4-5 March; available images are 28 February and 12 March.
osm-317156630-9027876825-0,jakarta-20250304,holdout,4.398,primary,0,0,0,0,,,unknown,excluded,Holdout has no Sentinel-1 acquisition during or within 48 hours after 4-5 March; available images are 28 February and 12 March.
osm-317156632-317156630-0,jakarta-20250304,holdout,72.996,primary,0,0,0,0,,,unknown,excluded,Holdout has no Sentinel-1 acquisition during or within 48 hours after 4-5 March; available images are 28 February and 12 March.
osm-317156649-317182651-0,jakarta-20250304,holdout,617.237,primary,0,0,0,0,,,unknown,excluded,Holdout has no Sentinel-1 acquisition during or within 48 hours after 4-5 March; available images are 28 February and 12 March.
osm-317157768-4871938615-0,jakarta-20250304,holdout,155.083,primary,0,0,0,0,,,unknown,excluded,Holdout has no Sentinel-1 acquisition during or within 48 hours after 4-5 March; available images are 28 February and 12 March.
osm-317179522-5189841649-0,jakarta-20250304,holdout,22.616,tertiary,0,0,0,0,,,unknown,excluded,Holdout has no Sentinel-1 acquisition during or within 48 hours after 4-5 March; available images are 28 February and 12 March.
osm-317180499-10092530702-0,jakarta-20250304,holdout,15.193,primary,0,0,0,0,,,unknown,excluded,Holdout has no Sentinel-1 acquisition during or within 48 hours after 4-5 March; available images are 28 February and 12 March.
osm-317182284-317156632-0,jakarta-20250304,holdout,631.093,primary,0,0,0,0,,,unknown,excluded,Holdout has no Sentinel-1 acquisition during or within 48 hours after 4-5 March; available images are 28 February and 12 March.
osm-317182368-13618074118-0,jakarta-20250304,holdout,121.807,primary,0,0,0,0,,,unknown,excluded,Holdout has no Sentinel-1 acquisition during or within 48 hours after 4-5 March; available images are 28 February and 12 March.
osm-317182380-5380240433-0,jakarta-20250304,holdout,257.117,primary,0,0,0,0,,,unknown,excluded,Holdout has no Sentinel-1 acquisition during or within 48 hours after 4-5 March; available images are 28 February and 12 March.
osm-317182651-317182380-0,jakarta-20250304,holdout,87.992,primary,0,0,0,0,,,unknown,excluded,Holdout has no Sentinel-1 acquisition during or within 48 hours after 4-5 March; available images are 28 February and 12 March.
osm-317190987-352913852-0,jakarta-20250304,holdout,89.246,primary,0,0,0,0,,,unknown,excluded,Holdout has no Sentinel-1 acquisition during or within 48 hours after 4-5 March; available images are 28 February and 12 March.
osm-317190987-6370527439-0,jakarta-20250304,holdout,821.503,primary,0,0,0,0,,,unknown,excluded,Holdout has no Sentinel-1 acquisition during or within 48 hours after 4-5 March; available images are 28 February and 12 March.
osm-317191266-317191321-0,jakarta-20250304,holdout,41.251,primary_link,0,0,0,0,,,unknown,excluded,Holdout has no Sentinel-1 acquisition during or within 48 hours after 4-5 March; available images are 28 February and 12 March.
osm-317191321-13771612756-0,jakarta-20250304,holdout,62.436,primary,0,0,0,0,,,unknown,excluded,Holdout has no Sentinel-1 acquisition during or within 48 hours after 4-5 March; available images are 28 February and 12 March.
osm-317193936-9515510319-0,jakarta-20250304,holdout,177.912,primary,0,0,0,0,,,unknown,excluded,Holdout has no Sentinel-1 acquisition during or within 48 hours after 4-5 March; available images are 28 February and 12 March.
osm-317196043-7029563618-0,jakarta-20250304,holdout,202.602,primary,0,0,0,0,,,unknown,excluded,Holdout has no Sentinel-1 acquisition during or within 48 hours after 4-5 March; available images are 28 February and 12 March.
osm-317349873-5379667478-0,jakarta-20250304,holdout,34.714,trunk,0,0,0,0,,,unknown,excluded,Holdout has no Sentinel-1 acquisition during or within 48 hours after 4-5 March; available images are 28 February and 12 March.
osm-317349914-5379667437-0,jakarta-20250304,holdout,101.748,trunk,0,0,0,0,,,unknown,excluded,Holdout has no Sentinel-1 acquisition during or within 48 hours after 4-5 March; available images are 28 February and 12 March.
osm-317417610-4948526884-0,jakarta-20250304,holdout,251.54,primary,0,0,0,0,,,unknown,excluded,Holdout has no Sentinel-1 acquisition during or within 48 hours after 4-5 March; available images are 28 February and 12 March.
osm-317417833-9491424126-0,jakarta-20250304,holdout,63.573,trunk,0,0,0,0,,,unknown,excluded,Holdout has no Sentinel-1 acquisition during or within 48 hours after 4-5 March; available images are 28 February and 12 March.
osm-317756351-13653320894-0,jakarta-20250304,holdout,89.597,primary,0,0,0,0,,,unknown,excluded,Holdout has no Sentinel-1 acquisition during or within 48 hours after 4-5 March; available images are 28 February and 12 March.
osm-317958545-7120310389-0,jakarta-20250304,holdout,35.796,primary,0,0,0,0,,,unknown,excluded,Holdout has no Sentinel-1 acquisition during or within 48 hours after 4-5 March; available images are 28 February and 12 March.
osm-317987901-317958545-0,jakarta-20250304,holdout,393.501,primary,0,0,0,0,,,unknown,excluded,Holdout has no Sentinel-1 acquisition during or within 48 hours after 4-5 March; available images are 28 February and 12 March.
osm-318097237-13623874475-0,jakarta-20250304,holdout,9.024,primary,0,0,0,0,,,unknown,excluded,Holdout has no Sentinel-1 acquisition during or within 48 hours after 4-5 March; available images are 28 February and 12 March.
osm-318097259-13624041399-0,jakarta-20250304,holdout,65.219,primary,0,0,0,0,,,unknown,excluded,Holdout has no Sentinel-1 acquisition during or within 48 hours after 4-5 March; available images are 28 February and 12 March.
osm-318168808-316167893-0,jakarta-20250304,holdout,19.826,secondary,0,0,0,0,,,unknown,excluded,Holdout has no Sentinel-1 acquisition during or within 48 hours after 4-5 March; available images are 28 February and 12 March.
osm-318538221-29939148-0,jakarta-20250304,holdout,10.99,secondary,0,0,0,0,,,unknown,excluded,Holdout has no Sentinel-1 acquisition during or within 48 hours after 4-5 March; available images are 28 February and 12 March.
osm-318538221-5374199556-0,jakarta-20250304,holdout,9.456,secondary,0,0,0,0,,,unknown,excluded,Holdout has no Sentinel-1 acquisition during or within 48 hours after 4-5 March; available images are 28 February and 12 March.
osm-318548947-8499454046-0,jakarta-20250304,holdout,118.46,secondary,0,0,0,0,,,unknown,excluded,Holdout has no Sentinel-1 acquisition during or within 48 hours after 4-5 March; available images are 28 February and 12 March.
osm-320021668-4800795887-0,jakarta-20250304,holdout,52.481,primary,0,0,0,0,,,unknown,excluded,Holdout has no Sentinel-1 acquisition during or within 48 hours after 4-5 March; available images are 28 February and 12 March.
osm-321722198-317156649-0,jakarta-20250304,holdout,77.731,primary,0,0,0,0,,,unknown,excluded,Holdout has no Sentinel-1 acquisition during or within 48 hours after 4-5 March; available images are 28 February and 12 March.
osm-324275961-316395267-0,jakarta-20250304,holdout,150.453,trunk,0,0,0,0,,,unknown,excluded,Holdout has no Sentinel-1 acquisition during or within 48 hours after 4-5 March; available images are 28 February and 12 March.
osm-324276002-5665581665-0,jakarta-20250304,holdout,517.952,trunk,0,0,0,0,,,unknown,excluded,Holdout has no Sentinel-1 acquisition during or within 48 hours after 4-5 March; available images are 28 February and 12 March.
osm-324851729-5673864834-0,jakarta-20250304,holdout,36.502,trunk,0,0,0,0,,,unknown,excluded,Holdout has no Sentinel-1 acquisition during or within 48 hours after 4-5 March; available images are 28 February and 12 March.
osm-326484049-5490135579-0,jakarta-20250304,holdout,127.681,primary,0,0,0,0,,,unknown,excluded,Holdout has no Sentinel-1 acquisition during or within 48 hours after 4-5 March; available images are 28 February and 12 March.
osm-326484130-8749112680-0,jakarta-20250304,holdout,10.024,primary,0,0,0,0,,,unknown,excluded,Holdout has no Sentinel-1 acquisition during or within 48 hours after 4-5 March; available images are 28 February and 12 March.
osm-326484153-326484130-0,jakarta-20250304,holdout,77.099,primary,0,0,0,0,,,unknown,excluded,Holdout has no Sentinel-1 acquisition during or within 48 hours after 4-5 March; available images are 28 February and 12 March.
osm-326484165-326484153-0,jakarta-20250304,holdout,14.589,primary,0,0,0,0,,,unknown,excluded,Holdout has no Sentinel-1 acquisition during or within 48 hours after 4-5 March; available images are 28 February and 12 March.
osm-326484242-1709500939-0,jakarta-20250304,holdout,95.713,primary,0,0,0,0,,,unknown,excluded,Holdout has no Sentinel-1 acquisition during or within 48 hours after 4-5 March; available images are 28 February and 12 March.
osm-326484330-4842902746-0,jakarta-20250304,holdout,184.882,primary,0,0,0,0,,,unknown,excluded,Holdout has no Sentinel-1 acquisition during or within 48 hours after 4-5 March; available images are 28 February and 12 March.
osm-326484370-7046982976-0,jakarta-20250304,holdout,21.074,primary,0,0,0,0,,,unknown,excluded,Holdout has no Sentinel-1 acquisition during or within 48 hours after 4-5 March; available images are 28 February and 12 March.
osm-328320081-1423006391-0,jakarta-20250304,holdout,226.433,trunk,0,0,0,0,,,unknown,excluded,Holdout has no Sentinel-1 acquisition during or within 48 hours after 4-5 March; available images are 28 February and 12 March.
osm-328320159-5662546639-0,jakarta-20250304,holdout,223.077,primary,0,0,0,0,,,unknown,excluded,Holdout has no Sentinel-1 acquisition during or within 48 hours after 4-5 March; available images are 28 February and 12 March.
osm-328336623-5459161492-0,jakarta-20250304,holdout,341.85,trunk,0,0,0,0,,,unknown,excluded,Holdout has no Sentinel-1 acquisition during or within 48 hours after 4-5 March; available images are 28 February and 12 March.
osm-328876219-9013840120-0,jakarta-20250304,holdout,43.064,primary,0,0,0,0,,,unknown,excluded,Holdout has no Sentinel-1 acquisition during or within 48 hours after 4-5 March; available images are 28 February and 12 March.
osm-328965954-316374561-0,jakarta-20250304,holdout,31.338,primary,0,0,0,0,,,unknown,excluded,Holdout has no Sentinel-1 acquisition during or within 48 hours after 4-5 March; available images are 28 February and 12 March.
osm-329019268-6219014696-0,jakarta-20250304,holdout,10.145,primary,0,0,0,0,,,unknown,excluded,Holdout has no Sentinel-1 acquisition during or within 48 hours after 4-5 March; available images are 28 February and 12 March.
osm-329019970-9013891783-0,jakarta-20250304,holdout,136.128,primary,0,0,0,0,,,unknown,excluded,Holdout has no Sentinel-1 acquisition during or within 48 hours after 4-5 March; available images are 28 February and 12 March.
osm-329948880-316266442-0,jakarta-20250304,holdout,11.718,trunk,0,0,0,0,,,unknown,excluded,Holdout has no Sentinel-1 acquisition during or within 48 hours after 4-5 March; available images are 28 February and 12 March.
osm-329967924-4751894442-0,jakarta-20250304,holdout,13.396,primary,0,0,0,0,,,unknown,excluded,Holdout has no Sentinel-1 acquisition during or within 48 hours after 4-5 March; available images are 28 February and 12 March.
osm-329968512-1682808537-0,jakarta-20250304,holdout,162.391,primary,0,0,0,0,,,unknown,excluded,Holdout has no Sentinel-1 acquisition during or within 48 hours after 4-5 March; available images are 28 February and 12 March.
osm-329969014-5662335002-0,jakarta-20250304,holdout,90.047,primary,0,0,0,0,,,unknown,excluded,Holdout has no Sentinel-1 acquisition during or within 48 hours after 4-5 March; available images are 28 February and 12 March.
osm-329971830-4749962821-0,jakarta-20250304,holdout,206.905,primary,0,0,0,0,,,unknown,excluded,Holdout has no Sentinel-1 acquisition during or within 48 hours after 4-5 March; available images are 28 February and 12 March.
osm-329975504-5662309002-0,jakarta-20250304,holdout,219.725,primary,0,0,0,0,,,unknown,excluded,Holdout has no Sentinel-1 acquisition during or within 48 hours after 4-5 March; available images are 28 February and 12 March.
osm-329975510-7131701881-0,jakarta-20250304,holdout,17.922,primary,0,0,0,0,,,unknown,excluded,Holdout has no Sentinel-1 acquisition during or within 48 hours after 4-5 March; available images are 28 February and 12 March.
osm-330177825-5380113845-0,jakarta-20250304,holdout,57.075,primary,0,0,0,0,,,unknown,excluded,Holdout has no Sentinel-1 acquisition during or within 48 hours after 4-5 March; available images are 28 February and 12 March.
osm-330409714-7232143502-0,jakarta-20250304,holdout,675.739,service,0,0,0,0,,,unknown,excluded,Holdout has no Sentinel-1 acquisition during or within 48 hours after 4-5 March; available images are 28 February and 12 March.
osm-332341344-5506920631-0,jakarta-20250304,holdout,30.273,residential,0,0,0,0,,,unknown,excluded,Holdout has no Sentinel-1 acquisition during or within 48 hours after 4-5 March; available images are 28 February and 12 March.
osm-332517701-5671006775-0,jakarta-20250304,holdout,72.44,trunk,0,0,0,0,,,unknown,excluded,Holdout has no Sentinel-1 acquisition during or within 48 hours after 4-5 March; available images are 28 February and 12 March.
osm-332526386-316176020-0,jakarta-20250304,holdout,2802.024,motorway,0,0,0,0,,,unknown,excluded,Holdout has no Sentinel-1 acquisition during or within 48 hours after 4-5 March; available images are 28 February and 12 March.
osm-332526397-332526399-0,jakarta-20250304,holdout,41.86,primary_link,0,0,0,0,,,unknown,excluded,Holdout has no Sentinel-1 acquisition during or within 48 hours after 4-5 March; available images are 28 February and 12 March.
osm-332526399-4551163746-0,jakarta-20250304,holdout,71.584,primary,0,0,0,0,,,unknown,excluded,Holdout has no Sentinel-1 acquisition during or within 48 hours after 4-5 March; available images are 28 February and 12 March.
osm-347509493-191505875-0,jakarta-20250304,holdout,6.128,secondary,0,0,0,0,,,unknown,excluded,Holdout has no Sentinel-1 acquisition during or within 48 hours after 4-5 March; available images are 28 February and 12 March.
osm-351116570-393856976-0,jakarta-20250304,holdout,45.065,secondary,0,0,0,0,,,unknown,excluded,Holdout has no Sentinel-1 acquisition during or within 48 hours after 4-5 March; available images are 28 February and 12 March.
osm-352897075-352897081-0,jakarta-20250304,holdout,50.774,primary,0,0,0,0,,,unknown,excluded,Holdout has no Sentinel-1 acquisition during or within 48 hours after 4-5 March; available images are 28 February and 12 March.
osm-352897081-9561821845-0,jakarta-20250304,holdout,18.529,primary,0,0,0,0,,,unknown,excluded,Holdout has no Sentinel-1 acquisition during or within 48 hours after 4-5 March; available images are 28 February and 12 March.
osm-352897085-13772607350-0,jakarta-20250304,holdout,85.347,primary,0,0,0,0,,,unknown,excluded,Holdout has no Sentinel-1 acquisition during or within 48 hours after 4-5 March; available images are 28 February and 12 March.
osm-352913456-8772028147-0,jakarta-20250304,holdout,58.448,primary,0,0,0,0,,,unknown,excluded,Holdout has no Sentinel-1 acquisition during or within 48 hours after 4-5 March; available images are 28 February and 12 March.
osm-352913852-317191266-0,jakarta-20250304,holdout,161.341,primary,0,0,0,0,,,unknown,excluded,Holdout has no Sentinel-1 acquisition during or within 48 hours after 4-5 March; available images are 28 February and 12 March.
osm-352915237-4776087446-0,jakarta-20250304,holdout,45.8,primary,0,0,0,0,,,unknown,excluded,Holdout has no Sentinel-1 acquisition during or within 48 hours after 4-5 March; available images are 28 February and 12 March.
osm-352961150-9016841536-0,jakarta-20250304,holdout,41.376,tertiary,0,0,0,0,,,unknown,excluded,Holdout has no Sentinel-1 acquisition during or within 48 hours after 4-5 March; available images are 28 February and 12 March.
osm-353136203-13456492331-0,jakarta-20250304,holdout,47.47,primary,0,0,0,0,,,unknown,excluded,Holdout has no Sentinel-1 acquisition during or within 48 hours after 4-5 March; available images are 28 February and 12 March.
osm-388023277-5670939322-0,jakarta-20250304,holdout,45.472,trunk,0,0,0,0,,,unknown,excluded,Holdout has no Sentinel-1 acquisition during or within 48 hours after 4-5 March; available images are 28 February and 12 March.
osm-388240366-6546950357-0,jakarta-20250304,holdout,127.261,trunk,0,0,0,0,,,unknown,excluded,Holdout has no Sentinel-1 acquisition during or within 48 hours after 4-5 March; available images are 28 February and 12 March.
osm-388240367-388240366-0,jakarta-20250304,holdout,150.245,trunk,0,0,0,0,,,unknown,excluded,Holdout has no Sentinel-1 acquisition during or within 48 hours after 4-5 March; available images are 28 February and 12 March.
osm-393856973-6322395865-0,jakarta-20250304,holdout,16.736,secondary,0,0,0,0,,,unknown,excluded,Holdout has no Sentinel-1 acquisition during or within 48 hours after 4-5 March; available images are 28 February and 12 March.
osm-393856974-10732635788-0,jakarta-20250304,holdout,29.015,secondary,0,0,0,0,,,unknown,excluded,Holdout has no Sentinel-1 acquisition during or within 48 hours after 4-5 March; available images are 28 February and 12 March.
osm-393856976-3709514014-0,jakarta-20250304,holdout,53.276,secondary,0,0,0,0,,,unknown,excluded,Holdout has no Sentinel-1 acquisition during or within 48 hours after 4-5 March; available images are 28 February and 12 March.
osm-393861915-6322396585-0,jakarta-20250304,holdout,20.989,secondary,0,0,0,0,,,unknown,excluded,Holdout has no Sentinel-1 acquisition during or within 48 hours after 4-5 March; available images are 28 February and 12 March.
osm-430546287-12736661061-0,jakarta-20250304,holdout,69.246,primary,0,0,0,0,,,unknown,excluded,Holdout has no Sentinel-1 acquisition during or within 48 hours after 4-5 March; available images are 28 February and 12 March.
osm-430546294-430546307-0,jakarta-20250304,holdout,20.054,secondary,0,0,0,0,,,unknown,excluded,Holdout has no Sentinel-1 acquisition during or within 48 hours after 4-5 March; available images are 28 February and 12 March.
osm-430546307-430546319-0,jakarta-20250304,holdout,18.659,secondary,0,0,0,0,,,unknown,excluded,Holdout has no Sentinel-1 acquisition during or within 48 hours after 4-5 March; available images are 28 February and 12 March.
osm-430546319-12754553920-0,jakarta-20250304,holdout,26.941,secondary,0,0,0,0,,,unknown,excluded,Holdout has no Sentinel-1 acquisition during or within 48 hours after 4-5 March; available images are 28 February and 12 March.
osm-454066598-4502070108-0,jakarta-20250304,holdout,16.805,secondary,0,0,0,0,,,unknown,excluded,Holdout has no Sentinel-1 acquisition during or within 48 hours after 4-5 March; available images are 28 February and 12 March.
osm-504912724-7122843809-0,jakarta-20250304,holdout,102.848,secondary,0,0,0,0,,,unknown,excluded,Holdout has no Sentinel-1 acquisition during or within 48 hours after 4-5 March; available images are 28 February and 12 March.
osm-519545266-1993475640-0,jakarta-20250304,holdout,30.074,trunk,0,0,0,0,,,unknown,excluded,Holdout has no Sentinel-1 acquisition during or within 48 hours after 4-5 March; available images are 28 February and 12 March.
osm-1133343792-1133343793-0,jakarta-20250304,holdout,99.546,residential,0,0,0,0,,,unknown,excluded,Holdout has no Sentinel-1 acquisition during or within 48 hours after 4-5 March; available images are 28 February and 12 March.
osm-1133343793-1135179313-0,jakarta-20250304,holdout,85.151,tertiary,0,0,0,0,,,unknown,excluded,Holdout has no Sentinel-1 acquisition during or within 48 hours after 4-5 March; available images are 28 February and 12 March.
osm-1133343805-1133343793-0,jakarta-20250304,holdout,172.743,tertiary,0,0,0,0,,,unknown,excluded,Holdout has no Sentinel-1 acquisition during or within 48 hours after 4-5 March; available images are 28 February and 12 March.
osm-1133676103-1334087929-0,jakarta-20250304,holdout,384.195,primary,0,0,0,0,,,unknown,excluded,Holdout has no Sentinel-1 acquisition during or within 48 hours after 4-5 March; available images are 28 February and 12 March.
osm-1133676112-1133676103-0,jakarta-20250304,holdout,248.128,primary,0,0,0,0,,,unknown,excluded,Holdout has no Sentinel-1 acquisition during or within 48 hours after 4-5 March; available images are 28 February and 12 March.
osm-1133676115-1133676116-0,jakarta-20250304,holdout,47.632,tertiary,0,0,0,0,,,unknown,excluded,Holdout has no Sentinel-1 acquisition during or within 48 hours after 4-5 March; available images are 28 February and 12 March.
osm-1133676116-5391402284-0,jakarta-20250304,holdout,53.512,tertiary,0,0,0,0,,,unknown,excluded,Holdout has no Sentinel-1 acquisition during or within 48 hours after 4-5 March; available images are 28 February and 12 March.
osm-1133676128-1133807077-0,jakarta-20250304,holdout,36.097,tertiary,0,0,0,0,,,unknown,excluded,Holdout has no Sentinel-1 acquisition during or within 48 hours after 4-5 March; available images are 28 February and 12 March.
osm-1133806969-1133807093-0,jakarta-20250304,holdout,94.177,tertiary,0,0,0,0,,,unknown,excluded,Holdout has no Sentinel-1 acquisition during or within 48 hours after 4-5 March; available images are 28 February and 12 March.
osm-1133806993-11455806150-0,jakarta-20250304,holdout,64.336,tertiary,0,0,0,0,,,unknown,excluded,Holdout has no Sentinel-1 acquisition during or within 48 hours after 4-5 March; available images are 28 February and 12 March.
osm-1133807009-1133806993-0,jakarta-20250304,holdout,10.179,tertiary,0,0,0,0,,,unknown,excluded,Holdout has no Sentinel-1 acquisition during or within 48 hours after 4-5 March; available images are 28 February and 12 March.
osm-1133807034-1133806969-0,jakarta-20250304,holdout,194.546,tertiary,0,0,0,0,,,unknown,excluded,Holdout has no Sentinel-1 acquisition during or within 48 hours after 4-5 March; available images are 28 February and 12 March.
osm-1133807052-1133676128-0,jakarta-20250304,holdout,35.901,tertiary,0,0,0,0,,,unknown,excluded,Holdout has no Sentinel-1 acquisition during or within 48 hours after 4-5 March; available images are 28 February and 12 March.
osm-1133807065-1133807009-0,jakarta-20250304,holdout,50.706,tertiary,0,0,0,0,,,unknown,excluded,Holdout has no Sentinel-1 acquisition during or within 48 hours after 4-5 March; available images are 28 February and 12 March.
osm-1133807077-9642343610-0,jakarta-20250304,holdout,8.108,tertiary,0,0,0,0,,,unknown,excluded,Holdout has no Sentinel-1 acquisition during or within 48 hours after 4-5 March; available images are 28 February and 12 March.
osm-1133807089-1133807052-0,jakarta-20250304,holdout,41.379,tertiary,0,0,0,0,,,unknown,excluded,Holdout has no Sentinel-1 acquisition during or within 48 hours after 4-5 March; available images are 28 February and 12 March.
osm-1133807093-5513424002-0,jakarta-20250304,holdout,42.756,tertiary,0,0,0,0,,,unknown,excluded,Holdout has no Sentinel-1 acquisition during or within 48 hours after 4-5 March; available images are 28 February and 12 March.
osm-1134908642-5010888460-0,jakarta-20250304,holdout,102.85,primary,0,0,0,0,,,unknown,excluded,Holdout has no Sentinel-1 acquisition during or within 48 hours after 4-5 March; available images are 28 February and 12 March.
osm-1134953472-1133676115-0,jakarta-20250304,holdout,126.898,tertiary,0,0,0,0,,,unknown,excluded,Holdout has no Sentinel-1 acquisition during or within 48 hours after 4-5 March; available images are 28 February and 12 March.
osm-1135179313-1135179348-0,jakarta-20250304,holdout,96.954,tertiary,0,0,0,0,,,unknown,excluded,Holdout has no Sentinel-1 acquisition during or within 48 hours after 4-5 March; available images are 28 February and 12 March.
osm-1135179348-4666246417-0,jakarta-20250304,holdout,9.529,tertiary,0,0,0,0,,,unknown,excluded,Holdout has no Sentinel-1 acquisition during or within 48 hours after 4-5 March; available images are 28 February and 12 March.
osm-1135179379-7229469661-0,jakarta-20250304,holdout,37.61,tertiary,0,0,0,0,,,unknown,excluded,Holdout has no Sentinel-1 acquisition during or within 48 hours after 4-5 March; available images are 28 February and 12 March.
osm-1135179404-4800316713-0,jakarta-20250304,holdout,81.572,tertiary,0,0,0,0,,,unknown,excluded,Holdout has no Sentinel-1 acquisition during or within 48 hours after 4-5 March; available images are 28 February and 12 March.
osm-1135179421-13734886245-0,jakarta-20250304,holdout,6.239,tertiary,0,0,0,0,,,unknown,excluded,Holdout has no Sentinel-1 acquisition during or within 48 hours after 4-5 March; available images are 28 February and 12 March.
osm-1135179424-13914133217-0,jakarta-20250304,holdout,5.251,tertiary,0,0,0,0,,,unknown,excluded,Holdout has no Sentinel-1 acquisition during or within 48 hours after 4-5 March; available images are 28 February and 12 March.
osm-1135190117-1138828395-0,jakarta-20250304,holdout,226.26,trunk,0,0,0,0,,,unknown,excluded,Holdout has no Sentinel-1 acquisition during or within 48 hours after 4-5 March; available images are 28 February and 12 March.
osm-1135601912-5498027349-0,jakarta-20250304,holdout,33.226,primary,0,0,0,0,,,unknown,excluded,Holdout has no Sentinel-1 acquisition during or within 48 hours after 4-5 March; available images are 28 February and 12 March.
osm-1138828395-316486288-0,jakarta-20250304,holdout,148.942,trunk,0,0,0,0,,,unknown,excluded,Holdout has no Sentinel-1 acquisition during or within 48 hours after 4-5 March; available images are 28 February and 12 March.
osm-1139139728-7260196327-0,jakarta-20250304,holdout,52.205,trunk,0,0,0,0,,,unknown,excluded,Holdout has no Sentinel-1 acquisition during or within 48 hours after 4-5 March; available images are 28 February and 12 March.
osm-1139139742-7260204106-0,jakarta-20250304,holdout,20.07,trunk,0,0,0,0,,,unknown,excluded,Holdout has no Sentinel-1 acquisition during or within 48 hours after 4-5 March; available images are 28 February and 12 March.
osm-1139140184-95006360-0,jakarta-20250304,holdout,29.076,trunk,0,0,0,0,,,unknown,excluded,Holdout has no Sentinel-1 acquisition during or within 48 hours after 4-5 March; available images are 28 February and 12 March.
osm-1139156749-5492419221-0,jakarta-20250304,holdout,64.158,trunk,0,0,0,0,,,unknown,excluded,Holdout has no Sentinel-1 acquisition during or within 48 hours after 4-5 March; available images are 28 February and 12 March.
osm-1150900577-12825987637-0,jakarta-20250304,holdout,50.743,trunk,0,0,0,0,,,unknown,excluded,Holdout has no Sentinel-1 acquisition during or within 48 hours after 4-5 March; available images are 28 February and 12 March.
osm-1161321036-316374594-0,jakarta-20250304,holdout,29.636,primary,0,0,0,0,,,unknown,excluded,Holdout has no Sentinel-1 acquisition during or within 48 hours after 4-5 March; available images are 28 February and 12 March.
osm-1163404589-7156322369-0,jakarta-20250304,holdout,201.584,primary,0,0,0,0,,,unknown,excluded,Holdout has no Sentinel-1 acquisition during or within 48 hours after 4-5 March; available images are 28 February and 12 March.
osm-1163404618-7120383655-0,jakarta-20250304,holdout,49.695,primary,0,0,0,0,,,unknown,excluded,Holdout has no Sentinel-1 acquisition during or within 48 hours after 4-5 March; available images are 28 February and 12 March.
osm-1163404654-316374585-0,jakarta-20250304,holdout,40.359,primary,0,0,0,0,,,unknown,excluded,Holdout has no Sentinel-1 acquisition during or within 48 hours after 4-5 March; available images are 28 February and 12 March.
osm-1173954328-1174754069-0,jakarta-20250304,holdout,88.342,secondary,0,0,0,0,,,unknown,excluded,Holdout has no Sentinel-1 acquisition during or within 48 hours after 4-5 March; available images are 28 February and 12 March.
osm-1173954346-13653307691-0,jakarta-20250304,holdout,100.16,secondary,0,0,0,0,,,unknown,excluded,Holdout has no Sentinel-1 acquisition during or within 48 hours after 4-5 March; available images are 28 February and 12 March.
osm-1174754069-29939144-0,jakarta-20250304,holdout,49.844,secondary,0,0,0,0,,,unknown,excluded,Holdout has no Sentinel-1 acquisition during or within 48 hours after 4-5 March; available images are 28 February and 12 March.
osm-1174777687-5065375426-0,jakarta-20250304,holdout,134.541,secondary,0,0,0,0,,,unknown,excluded,Holdout has no Sentinel-1 acquisition during or within 48 hours after 4-5 March; available images are 28 February and 12 March.
osm-1249723074-7225096520-0,jakarta-20250304,holdout,22.045,primary,0,0,0,0,,,unknown,excluded,Holdout has no Sentinel-1 acquisition during or within 48 hours after 4-5 March; available images are 28 February and 12 March.
osm-1273189607-4566501796-0,jakarta-20250304,holdout,51.94,primary,0,0,0,0,,,unknown,excluded,Holdout has no Sentinel-1 acquisition during or within 48 hours after 4-5 March; available images are 28 February and 12 March.
osm-1275851646-104379024-0,jakarta-20250304,holdout,97.589,primary,0,0,0,0,,,unknown,excluded,Holdout has no Sentinel-1 acquisition during or within 48 hours after 4-5 March; available images are 28 February and 12 March.
osm-1311842311-9028008487-0,jakarta-20250304,holdout,76.19,primary,0,0,0,0,,,unknown,excluded,Holdout has no Sentinel-1 acquisition during or within 48 hours after 4-5 March; available images are 28 February and 12 March.
osm-1315069362-9685151096-0,jakarta-20250304,holdout,44.334,primary,0,0,0,0,,,unknown,excluded,Holdout has no Sentinel-1 acquisition during or within 48 hours after 4-5 March; available images are 28 February and 12 March.
osm-1320273025-6604587143-0,jakarta-20250304,holdout,105.763,primary,0,0,0,0,,,unknown,excluded,Holdout has no Sentinel-1 acquisition during or within 48 hours after 4-5 March; available images are 28 February and 12 March.
osm-1321228510-317196043-0,jakarta-20250304,holdout,10.018,residential,0,0,0,0,,,unknown,excluded,Holdout has no Sentinel-1 acquisition during or within 48 hours after 4-5 March; available images are 28 February and 12 March.
osm-1321228541-1336909413-0,jakarta-20250304,holdout,232.395,primary,0,0,0,0,,,unknown,excluded,Holdout has no Sentinel-1 acquisition during or within 48 hours after 4-5 March; available images are 28 February and 12 March.
osm-1321228560-1373715020-0,jakarta-20250304,holdout,147.754,primary,0,0,0,0,,,unknown,excluded,Holdout has no Sentinel-1 acquisition during or within 48 hours after 4-5 March; available images are 28 February and 12 March.
osm-1321228566-302230530-0,jakarta-20250304,holdout,53.081,primary,0,0,0,0,,,unknown,excluded,Holdout has no Sentinel-1 acquisition during or within 48 hours after 4-5 March; available images are 28 February and 12 March.
osm-1321228575-1334087900-0,jakarta-20250304,holdout,121.974,primary,0,0,0,0,,,unknown,excluded,Holdout has no Sentinel-1 acquisition during or within 48 hours after 4-5 March; available images are 28 February and 12 March.
osm-1321537155-1321537157-0,jakarta-20250304,holdout,14.503,primary,0,0,0,0,,,unknown,excluded,Holdout has no Sentinel-1 acquisition during or within 48 hours after 4-5 March; available images are 28 February and 12 March.
osm-1321537157-5078382203-0,jakarta-20250304,holdout,18.338,primary,0,0,0,0,,,unknown,excluded,Holdout has no Sentinel-1 acquisition during or within 48 hours after 4-5 March; available images are 28 February and 12 March.
osm-1325257182-316742986-0,jakarta-20250304,holdout,178.044,trunk,0,0,0,0,,,unknown,excluded,Holdout has no Sentinel-1 acquisition during or within 48 hours after 4-5 March; available images are 28 February and 12 March.
osm-1330696490-1337745188-0,jakarta-20250304,holdout,101.893,primary,0,0,0,0,,,unknown,excluded,Holdout has no Sentinel-1 acquisition during or within 48 hours after 4-5 March; available images are 28 February and 12 March.
osm-1334087900-7027128992-0,jakarta-20250304,holdout,25.839,primary,0,0,0,0,,,unknown,excluded,Holdout has no Sentinel-1 acquisition during or within 48 hours after 4-5 March; available images are 28 February and 12 March.
osm-1334087929-1321228575-0,jakarta-20250304,holdout,382.294,primary,0,0,0,0,,,unknown,excluded,Holdout has no Sentinel-1 acquisition during or within 48 hours after 4-5 March; available images are 28 February and 12 March.
osm-1336909413-1321228560-0,jakarta-20250304,holdout,14.367,primary,0,0,0,0,,,unknown,excluded,Holdout has no Sentinel-1 acquisition during or within 48 hours after 4-5 March; available images are 28 February and 12 March.
osm-1337745188-326484370-0,jakarta-20250304,holdout,535.176,primary,0,0,0,0,,,unknown,excluded,Holdout has no Sentinel-1 acquisition during or within 48 hours after 4-5 March; available images are 28 February and 12 March.
osm-1342878909-6434923286-0,jakarta-20250304,holdout,63.387,trunk,0,0,0,0,,,unknown,excluded,Holdout has no Sentinel-1 acquisition during or within 48 hours after 4-5 March; available images are 28 February and 12 March.
osm-1342878927-7516900856-0,jakarta-20250304,holdout,237.199,trunk,0,0,0,0,,,unknown,excluded,Holdout has no Sentinel-1 acquisition during or within 48 hours after 4-5 March; available images are 28 February and 12 March.
osm-1342878941-7149726253-0,jakarta-20250304,holdout,58.137,trunk,0,0,0,0,,,unknown,excluded,Holdout has no Sentinel-1 acquisition during or within 48 hours after 4-5 March; available images are 28 February and 12 March.
osm-1342878941-11501464546-0,jakarta-20250304,holdout,4.293,primary,0,0,0,0,,,unknown,excluded,Holdout has no Sentinel-1 acquisition during or within 48 hours after 4-5 March; available images are 28 February and 12 March.
osm-1342878987-7105384963-0,jakarta-20250304,holdout,35.354,trunk,0,0,0,0,,,unknown,excluded,Holdout has no Sentinel-1 acquisition during or within 48 hours after 4-5 March; available images are 28 February and 12 March.
osm-1342878998-330409714-0,jakarta-20250304,holdout,190.376,service,0,0,0,0,,,unknown,excluded,Holdout has no Sentinel-1 acquisition during or within 48 hours after 4-5 March; available images are 28 February and 12 March.
osm-1342879000-4822315952-0,jakarta-20250304,holdout,12.466,trunk,0,0,0,0,,,unknown,excluded,Holdout has no Sentinel-1 acquisition during or within 48 hours after 4-5 March; available images are 28 February and 12 March.
osm-1342879017-1342878987-0,jakarta-20250304,holdout,93.869,trunk,0,0,0,0,,,unknown,excluded,Holdout has no Sentinel-1 acquisition during or within 48 hours after 4-5 March; available images are 28 February and 12 March.
osm-1345781623-12504052406-0,jakarta-20250304,holdout,181.093,primary,0,0,0,0,,,unknown,excluded,Holdout has no Sentinel-1 acquisition during or within 48 hours after 4-5 March; available images are 28 February and 12 March.
osm-1351484887-13657075638-0,jakarta-20250304,holdout,78.23,primary,0,0,0,0,,,unknown,excluded,Holdout has no Sentinel-1 acquisition during or within 48 hours after 4-5 March; available images are 28 February and 12 March.
osm-1359134207-2379121074-0,jakarta-20250304,holdout,14.638,primary,0,0,0,0,,,unknown,excluded,Holdout has no Sentinel-1 acquisition during or within 48 hours after 4-5 March; available images are 28 February and 12 March.
osm-1359134207-2379121077-0,jakarta-20250304,holdout,22.454,primary_link,0,0,0,0,,,unknown,excluded,Holdout has no Sentinel-1 acquisition during or within 48 hours after 4-5 March; available images are 28 February and 12 March.
osm-1359134222-1330696490-0,jakarta-20250304,holdout,89.353,primary,0,0,0,0,,,unknown,excluded,Holdout has no Sentinel-1 acquisition during or within 48 hours after 4-5 March; available images are 28 February and 12 March.
osm-1362598302-4926601878-0,jakarta-20250304,holdout,79.655,primary,0,0,0,0,,,unknown,excluded,Holdout has no Sentinel-1 acquisition during or within 48 hours after 4-5 March; available images are 28 February and 12 March.
osm-1362598310-1362598302-0,jakarta-20250304,holdout,14.64,primary,0,0,0,0,,,unknown,excluded,Holdout has no Sentinel-1 acquisition during or within 48 hours after 4-5 March; available images are 28 February and 12 March.
osm-1363190326-4529694108-0,jakarta-20250304,holdout,66.812,primary,0,0,0,0,,,unknown,excluded,Holdout has no Sentinel-1 acquisition during or within 48 hours after 4-5 March; available images are 28 February and 12 March.
osm-1373715020-1373715051-0,jakarta-20250304,holdout,168.7,primary,0,0,0,0,,,unknown,excluded,Holdout has no Sentinel-1 acquisition during or within 48 hours after 4-5 March; available images are 28 February and 12 March.
osm-1373715051-9037288082-0,jakarta-20250304,holdout,34.141,primary,0,0,0,0,,,unknown,excluded,Holdout has no Sentinel-1 acquisition during or within 48 hours after 4-5 March; available images are 28 February and 12 March.
osm-1376428022-7029385572-0,jakarta-20250304,holdout,26.64,trunk_link,0,0,0,0,,,unknown,excluded,Holdout has no Sentinel-1 acquisition during or within 48 hours after 4-5 March; available images are 28 February and 12 March.
osm-1417312748-4548266267-0,jakarta-20250304,holdout,194.325,trunk,0,0,0,0,,,unknown,excluded,Holdout has no Sentinel-1 acquisition during or within 48 hours after 4-5 March; available images are 28 February and 12 March.
osm-1417319126-7117458776-0,jakarta-20250304,holdout,30.497,trunk,0,0,0,0,,,unknown,excluded,Holdout has no Sentinel-1 acquisition during or within 48 hours after 4-5 March; available images are 28 February and 12 March.
osm-1420142081-5379768929-0,jakarta-20250304,holdout,22.048,residential,0,0,0,0,,,unknown,excluded,Holdout has no Sentinel-1 acquisition during or within 48 hours after 4-5 March; available images are 28 February and 12 March.
osm-1423006391-328336623-0,jakarta-20250304,holdout,341.631,trunk,0,0,0,0,,,unknown,excluded,Holdout has no Sentinel-1 acquisition during or within 48 hours after 4-5 March; available images are 28 February and 12 March.
osm-1663918523-191506029-0,jakarta-20250304,holdout,75.062,secondary,0,0,0,0,,,unknown,excluded,Holdout has no Sentinel-1 acquisition during or within 48 hours after 4-5 March; available images are 28 February and 12 March.
osm-1675425882-13606201442-0,jakarta-20250304,holdout,50.13,primary,0,0,0,0,,,unknown,excluded,Holdout has no Sentinel-1 acquisition during or within 48 hours after 4-5 March; available images are 28 February and 12 March.
osm-1675426142-13606278105-0,jakarta-20250304,holdout,29.518,primary,0,0,0,0,,,unknown,excluded,Holdout has no Sentinel-1 acquisition during or within 48 hours after 4-5 March; available images are 28 February and 12 March.
osm-1675426257-13663493364-0,jakarta-20250304,holdout,44.142,primary,0,0,0,0,,,unknown,excluded,Holdout has no Sentinel-1 acquisition during or within 48 hours after 4-5 March; available images are 28 February and 12 March.
osm-1675426300-13606475672-0,jakarta-20250304,holdout,28.545,primary,0,0,0,0,,,unknown,excluded,Holdout has no Sentinel-1 acquisition during or within 48 hours after 4-5 March; available images are 28 February and 12 March.
osm-1675426459-13664998461-0,jakarta-20250304,holdout,37.735,primary,0,0,0,0,,,unknown,excluded,Holdout has no Sentinel-1 acquisition during or within 48 hours after 4-5 March; available images are 28 February and 12 March.
osm-1675488274-316374560-0,jakarta-20250304,holdout,78.387,primary,0,0,0,0,,,unknown,excluded,Holdout has no Sentinel-1 acquisition during or within 48 hours after 4-5 March; available images are 28 February and 12 March.
osm-1682808537-8555984047-0,jakarta-20250304,holdout,55.045,primary,0,0,0,0,,,unknown,excluded,Holdout has no Sentinel-1 acquisition during or within 48 hours after 4-5 March; available images are 28 February and 12 March.
osm-1682844228-5647102762-0,jakarta-20250304,holdout,225.662,primary,0,0,0,0,,,unknown,excluded,Holdout has no Sentinel-1 acquisition during or within 48 hours after 4-5 March; available images are 28 February and 12 March.
osm-1682844563-326484330-0,jakarta-20250304,holdout,209.489,primary,0,0,0,0,,,unknown,excluded,Holdout has no Sentinel-1 acquisition during or within 48 hours after 4-5 March; available images are 28 February and 12 March.
osm-1695811540-4778418534-0,jakarta-20250304,holdout,150.157,residential,0,0,0,0,,,unknown,excluded,Holdout has no Sentinel-1 acquisition during or within 48 hours after 4-5 March; available images are 28 February and 12 March.
osm-1695811568-9118916175-0,jakarta-20250304,holdout,9.462,residential,0,0,0,0,,,unknown,excluded,Holdout has no Sentinel-1 acquisition during or within 48 hours after 4-5 March; available images are 28 February and 12 March.
osm-1696170853-5374804755-0,jakarta-20250304,holdout,104.251,primary,0,0,0,0,,,unknown,excluded,Holdout has no Sentinel-1 acquisition during or within 48 hours after 4-5 March; available images are 28 February and 12 March.
osm-1709500939-326484165-0,jakarta-20250304,holdout,298.023,primary,0,0,0,0,,,unknown,excluded,Holdout has no Sentinel-1 acquisition during or within 48 hours after 4-5 March; available images are 28 February and 12 March.
osm-1757800736-1757800861-0,jakarta-20250304,holdout,24.632,trunk,0,0,0,0,,,unknown,excluded,Holdout has no Sentinel-1 acquisition during or within 48 hours after 4-5 March; available images are 28 February and 12 March.
osm-1757800787-3723599609-0,jakarta-20250304,holdout,112.044,motorway,0,0,0,0,,,unknown,excluded,Holdout has no Sentinel-1 acquisition during or within 48 hours after 4-5 March; available images are 28 February and 12 March.
osm-1757800816-1757800865-0,jakarta-20250304,holdout,36.716,trunk,0,0,0,0,,,unknown,excluded,Holdout has no Sentinel-1 acquisition during or within 48 hours after 4-5 March; available images are 28 February and 12 March.
osm-1757800817-1757800859-0,jakarta-20250304,holdout,85.709,motorway_link,0,0,0,0,,,unknown,excluded,Holdout has no Sentinel-1 acquisition during or within 48 hours after 4-5 March; available images are 28 February and 12 March.
osm-1757800817-9664769720-0,jakarta-20250304,holdout,20.76,motorway_link,0,0,0,0,,,unknown,excluded,Holdout has no Sentinel-1 acquisition during or within 48 hours after 4-5 March; available images are 28 February and 12 March.
osm-1757800846-7082864214-0,jakarta-20250304,holdout,71.69,motorway_link,0,0,0,0,,,unknown,excluded,Holdout has no Sentinel-1 acquisition during or within 48 hours after 4-5 March; available images are 28 February and 12 March.
osm-1757800859-1757800846-0,jakarta-20250304,holdout,25.422,motorway_link,0,0,0,0,,,unknown,excluded,Holdout has no Sentinel-1 acquisition during or within 48 hours after 4-5 March; available images are 28 February and 12 March.
osm-1757800861-6776762981-0,jakarta-20250304,holdout,16.571,primary,0,0,0,0,,,unknown,excluded,Holdout has no Sentinel-1 acquisition during or within 48 hours after 4-5 March; available images are 28 February and 12 March.
osm-1757800861-7082864214-0,jakarta-20250304,holdout,16.082,trunk,0,0,0,0,,,unknown,excluded,Holdout has no Sentinel-1 acquisition during or within 48 hours after 4-5 March; available images are 28 February and 12 March.
osm-1757800865-9009175767-0,jakarta-20250304,holdout,6.111,trunk,0,0,0,0,,,unknown,excluded,Holdout has no Sentinel-1 acquisition during or within 48 hours after 4-5 March; available images are 28 February and 12 March.
osm-1782804895-309824120-0,jakarta-20250304,holdout,1560.372,motorway,0,0,0,0,,,unknown,excluded,Holdout has no Sentinel-1 acquisition during or within 48 hours after 4-5 March; available images are 28 February and 12 March.
osm-1782804903-1782804895-0,jakarta-20250304,holdout,673.556,motorway,0,0,0,0,,,unknown,excluded,Holdout has no Sentinel-1 acquisition during or within 48 hours after 4-5 March; available images are 28 February and 12 March.
osm-1783134145-6336788292-0,jakarta-20250304,holdout,41.657,primary,0,0,0,0,,,unknown,excluded,Holdout has no Sentinel-1 acquisition during or within 48 hours after 4-5 March; available images are 28 February and 12 March.
osm-1993475640-6429880632-0,jakarta-20250304,holdout,374.997,motorway_link,0,0,0,0,,,unknown,excluded,Holdout has no Sentinel-1 acquisition during or within 48 hours after 4-5 March; available images are 28 February and 12 March.
osm-2019635436-13772607355-0,jakarta-20250304,holdout,33.608,primary,0,0,0,0,,,unknown,excluded,Holdout has no Sentinel-1 acquisition during or within 48 hours after 4-5 March; available images are 28 February and 12 March.
osm-2032758147-29939211-0,jakarta-20250304,holdout,19.324,primary,0,0,0,0,,,unknown,excluded,Holdout has no Sentinel-1 acquisition during or within 48 hours after 4-5 March; available images are 28 February and 12 March.
osm-2032872437-29939141-0,jakarta-20250304,holdout,28.777,secondary,0,0,0,0,,,unknown,excluded,Holdout has no Sentinel-1 acquisition during or within 48 hours after 4-5 March; available images are 28 February and 12 March.
osm-2209098563-6459032697-0,jakarta-20250304,holdout,142.023,secondary,0,0,0,0,,,unknown,excluded,Holdout has no Sentinel-1 acquisition during or within 48 hours after 4-5 March; available images are 28 February and 12 March.
osm-2210464501-315712058-0,jakarta-20250304,holdout,40.144,primary,0,0,0,0,,,unknown,excluded,Holdout has no Sentinel-1 acquisition during or within 48 hours after 4-5 March; available images are 28 February and 12 March.
osm-2363808979-7120370231-0,jakarta-20250304,holdout,34.501,primary,0,0,0,0,,,unknown,excluded,Holdout has no Sentinel-1 acquisition during or within 48 hours after 4-5 March; available images are 28 February and 12 March.
osm-2379121074-7039275702-0,jakarta-20250304,holdout,12.783,primary,0,0,0,0,,,unknown,excluded,Holdout has no Sentinel-1 acquisition during or within 48 hours after 4-5 March; available images are 28 February and 12 March.
osm-2379121077-7039275702-0,jakarta-20250304,holdout,22.464,primary_link,0,0,0,0,,,unknown,excluded,Holdout has no Sentinel-1 acquisition during or within 48 hours after 4-5 March; available images are 28 February and 12 March.
osm-2399364732-11299364779-0,jakarta-20250304,holdout,63.948,trunk,0,0,0,0,,,unknown,excluded,Holdout has no Sentinel-1 acquisition during or within 48 hours after 4-5 March; available images are 28 February and 12 March.
osm-2400147489-7246473924-0,jakarta-20250304,holdout,101.064,primary,0,0,0,0,,,unknown,excluded,Holdout has no Sentinel-1 acquisition during or within 48 hours after 4-5 March; available images are 28 February and 12 March.
osm-2415521692-1150900577-0,jakarta-20250304,holdout,86.624,trunk,0,0,0,0,,,unknown,excluded,Holdout has no Sentinel-1 acquisition during or within 48 hours after 4-5 March; available images are 28 February and 12 March.
osm-2415521737-4466384617-0,jakarta-20250304,holdout,79.21,trunk_link,0,0,0,0,,,unknown,excluded,Holdout has no Sentinel-1 acquisition during or within 48 hours after 4-5 March; available images are 28 February and 12 March.
osm-2415817217-454066598-0,jakarta-20250304,holdout,385.232,motorway_link,0,0,0,0,,,unknown,excluded,Holdout has no Sentinel-1 acquisition during or within 48 hours after 4-5 March; available images are 28 February and 12 March.
osm-2415823492-5668231819-0,jakarta-20250304,holdout,2683.725,motorway,0,0,0,0,,,unknown,excluded,Holdout has no Sentinel-1 acquisition during or within 48 hours after 4-5 March; available images are 28 February and 12 March.
osm-2516439291-316395244-0,jakarta-20250304,holdout,78.021,primary,0,0,0,0,,,unknown,excluded,Holdout has no Sentinel-1 acquisition during or within 48 hours after 4-5 March; available images are 28 February and 12 March.
osm-2516439291-2415521737-0,jakarta-20250304,holdout,26.503,trunk_link,0,0,0,0,,,unknown,excluded,Holdout has no Sentinel-1 acquisition during or within 48 hours after 4-5 March; available images are 28 February and 12 March.
osm-2589974180-5334300227-0,jakarta-20250304,holdout,118.203,tertiary,0,0,0,0,,,unknown,excluded,Holdout has no Sentinel-1 acquisition during or within 48 hours after 4-5 March; available images are 28 February and 12 March.
osm-2589977444-2589977470-0,jakarta-20250304,holdout,58.674,primary,0,0,0,0,,,unknown,excluded,Holdout has no Sentinel-1 acquisition during or within 48 hours after 4-5 March; available images are 28 February and 12 March.
osm-2589977470-5388329052-0,jakarta-20250304,holdout,230.739,primary,0,0,0,0,,,unknown,excluded,Holdout has no Sentinel-1 acquisition during or within 48 hours after 4-5 March; available images are 28 February and 12 March.
osm-2821400645-5671270622-0,jakarta-20250304,holdout,60.357,primary,0,0,0,0,,,unknown,excluded,Holdout has no Sentinel-1 acquisition during or within 48 hours after 4-5 March; available images are 28 February and 12 March.
osm-2836706754-13030921685-0,jakarta-20250304,holdout,47.43,residential,0,0,0,0,,,unknown,excluded,Holdout has no Sentinel-1 acquisition during or within 48 hours after 4-5 March; available images are 28 February and 12 March.
osm-2836706756-4696797079-0,jakarta-20250304,holdout,10.143,residential,0,0,0,0,,,unknown,excluded,Holdout has no Sentinel-1 acquisition during or within 48 hours after 4-5 March; available images are 28 February and 12 March.
osm-2836706758-2836737300-0,jakarta-20250304,holdout,23.292,service,0,0,0,0,,,unknown,excluded,Holdout has no Sentinel-1 acquisition during or within 48 hours after 4-5 March; available images are 28 February and 12 March.
osm-2836737300-5379768936-0,jakarta-20250304,holdout,42.815,residential,0,0,0,0,,,unknown,excluded,Holdout has no Sentinel-1 acquisition during or within 48 hours after 4-5 March; available images are 28 February and 12 March.
osm-2872136862-1275851646-0,jakarta-20250304,holdout,96.631,primary,0,0,0,0,,,unknown,excluded,Holdout has no Sentinel-1 acquisition during or within 48 hours after 4-5 March; available images are 28 February and 12 March.
osm-2882028353-6347347053-0,jakarta-20250304,holdout,11.078,secondary,0,0,0,0,,,unknown,excluded,Holdout has no Sentinel-1 acquisition during or within 48 hours after 4-5 March; available images are 28 February and 12 March.
osm-3266324655-9697006214-0,jakarta-20250304,holdout,419.628,primary,0,0,0,0,,,unknown,excluded,Holdout has no Sentinel-1 acquisition during or within 48 hours after 4-5 March; available images are 28 February and 12 March.
osm-3266332372-3266324655-0,jakarta-20250304,holdout,24.732,primary,0,0,0,0,,,unknown,excluded,Holdout has no Sentinel-1 acquisition during or within 48 hours after 4-5 March; available images are 28 February and 12 March.
osm-3266396596-5671006753-0,jakarta-20250304,holdout,71.27,trunk,0,0,0,0,,,unknown,excluded,Holdout has no Sentinel-1 acquisition during or within 48 hours after 4-5 March; available images are 28 February and 12 March.
osm-3266396597-6451233565-0,jakarta-20250304,holdout,34.724,trunk,0,0,0,0,,,unknown,excluded,Holdout has no Sentinel-1 acquisition during or within 48 hours after 4-5 March; available images are 28 February and 12 March.
osm-3266396608-9471064862-0,jakarta-20250304,holdout,27.309,primary,0,0,0,0,,,unknown,excluded,Holdout has no Sentinel-1 acquisition during or within 48 hours after 4-5 March; available images are 28 February and 12 March.
osm-3415432182-11039838816-0,jakarta-20250304,holdout,160.531,primary,0,0,0,0,,,unknown,excluded,Holdout has no Sentinel-1 acquisition during or within 48 hours after 4-5 March; available images are 28 February and 12 March.
osm-3507031383-310008087-0,jakarta-20250304,holdout,45.439,primary,0,0,0,0,,,unknown,excluded,Holdout has no Sentinel-1 acquisition during or within 48 hours after 4-5 March; available images are 28 February and 12 March.
osm-3507893559-3507031383-0,jakarta-20250304,holdout,33.898,primary,0,0,0,0,,,unknown,excluded,Holdout has no Sentinel-1 acquisition during or within 48 hours after 4-5 March; available images are 28 February and 12 March.
osm-3709514014-3709514015-0,jakarta-20250304,holdout,49.605,secondary,0,0,0,0,,,unknown,excluded,Holdout has no Sentinel-1 acquisition during or within 48 hours after 4-5 March; available images are 28 February and 12 March.
osm-3709514015-3709514017-0,jakarta-20250304,holdout,74.234,secondary,0,0,0,0,,,unknown,excluded,Holdout has no Sentinel-1 acquisition during or within 48 hours after 4-5 March; available images are 28 February and 12 March.
osm-3709514017-3709514018-0,jakarta-20250304,holdout,44.162,secondary,0,0,0,0,,,unknown,excluded,Holdout has no Sentinel-1 acquisition during or within 48 hours after 4-5 March; available images are 28 February and 12 March.
osm-3709514018-7112944949-0,jakarta-20250304,holdout,27.105,secondary,0,0,0,0,,,unknown,excluded,Holdout has no Sentinel-1 acquisition during or within 48 hours after 4-5 March; available images are 28 February and 12 March.
osm-3723599608-309880841-0,jakarta-20250304,holdout,941.839,motorway,0,0,0,0,,,unknown,excluded,Holdout has no Sentinel-1 acquisition during or within 48 hours after 4-5 March; available images are 28 February and 12 March.
osm-3723599609-7070168315-0,jakarta-20250304,holdout,199.895,motorway,0,0,0,0,,,unknown,excluded,Holdout has no Sentinel-1 acquisition during or within 48 hours after 4-5 March; available images are 28 February and 12 March.
osm-3723599610-3723599621-0,jakarta-20250304,holdout,184.503,motorway_link,0,0,0,0,,,unknown,excluded,Holdout has no Sentinel-1 acquisition during or within 48 hours after 4-5 March; available images are 28 February and 12 March.
osm-3723599620-5372153155-0,jakarta-20250304,holdout,44.165,trunk,0,0,0,0,,,unknown,excluded,Holdout has no Sentinel-1 acquisition during or within 48 hours after 4-5 March; available images are 28 February and 12 March.
osm-3723599621-4859114434-0,jakarta-20250304,holdout,16.372,trunk,0,0,0,0,,,unknown,excluded,Holdout has no Sentinel-1 acquisition during or within 48 hours after 4-5 March; available images are 28 February and 12 March.
osm-3723634710-4152867179-0,jakarta-20250304,holdout,420.065,motorway_link,0,0,0,0,,,unknown,excluded,Holdout has no Sentinel-1 acquisition during or within 48 hours after 4-5 March; available images are 28 February and 12 March.
osm-3723634711-8132787924-0,jakarta-20250304,holdout,1287.207,motorway,0,0,0,0,,,unknown,excluded,Holdout has no Sentinel-1 acquisition during or within 48 hours after 4-5 March; available images are 28 February and 12 March.
osm-3723635038-3723635056-0,jakarta-20250304,holdout,516.907,motorway_link,0,0,0,0,,,unknown,excluded,Holdout has no Sentinel-1 acquisition during or within 48 hours after 4-5 March; available images are 28 February and 12 March.
osm-3723635056-3723634711-0,jakarta-20250304,holdout,372.63,motorway,0,0,0,0,,,unknown,excluded,Holdout has no Sentinel-1 acquisition during or within 48 hours after 4-5 March; available images are 28 February and 12 March.
osm-3723635058-2415823492-0,jakarta-20250304,holdout,330.744,motorway,0,0,0,0,,,unknown,excluded,Holdout has no Sentinel-1 acquisition during or within 48 hours after 4-5 March; available images are 28 February and 12 March.
osm-3763648673-328965954-0,jakarta-20250304,holdout,22.592,primary,0,0,0,0,,,unknown,excluded,Holdout has no Sentinel-1 acquisition during or within 48 hours after 4-5 March; available images are 28 February and 12 March.
osm-3869782797-13453045134-0,jakarta-20250304,holdout,76.759,primary,0,0,0,0,,,unknown,excluded,Holdout has no Sentinel-1 acquisition during or within 48 hours after 4-5 March; available images are 28 February and 12 March.
osm-3981137758-8995440646-0,jakarta-20250304,holdout,2.985,primary,0,0,0,0,,,unknown,excluded,Holdout has no Sentinel-1 acquisition during or within 48 hours after 4-5 March; available images are 28 February and 12 March.
osm-4152867155-317190987-0,jakarta-20250304,holdout,118.706,primary,0,0,0,0,,,unknown,excluded,Holdout has no Sentinel-1 acquisition during or within 48 hours after 4-5 March; available images are 28 February and 12 March.
osm-4152867163-6430860592-0,jakarta-20250304,holdout,46.486,trunk_link,0,0,0,0,,,unknown,excluded,Holdout has no Sentinel-1 acquisition during or within 48 hours after 4-5 March; available images are 28 February and 12 March.
osm-4152867172-4152867155-0,jakarta-20250304,holdout,564.97,primary,0,0,0,0,,,unknown,excluded,Holdout has no Sentinel-1 acquisition during or within 48 hours after 4-5 March; available images are 28 February and 12 March.
osm-4152867179-6331233983-0,jakarta-20250304,holdout,20.637,trunk,0,0,0,0,,,unknown,excluded,Holdout has no Sentinel-1 acquisition during or within 48 hours after 4-5 March; available images are 28 February and 12 March.
osm-4152867689-4914353893-0,jakarta-20250304,holdout,65.4,trunk,0,0,0,0,,,unknown,excluded,Holdout has no Sentinel-1 acquisition during or within 48 hours after 4-5 March; available images are 28 February and 12 March.
osm-4235574904-4235574906-0,jakarta-20250304,holdout,70.754,primary,0,0,0,0,,,unknown,excluded,Holdout has no Sentinel-1 acquisition during or within 48 hours after 4-5 March; available images are 28 February and 12 March.
osm-4235574906-5377177680-0,jakarta-20250304,holdout,167.264,primary,0,0,0,0,,,unknown,excluded,Holdout has no Sentinel-1 acquisition during or within 48 hours after 4-5 March; available images are 28 February and 12 March.
osm-4258201115-3415432182-0,jakarta-20250304,holdout,44.867,primary,0,0,0,0,,,unknown,excluded,Holdout has no Sentinel-1 acquisition during or within 48 hours after 4-5 March; available images are 28 February and 12 March.
osm-4260761277-11899737707-0,jakarta-20250304,holdout,16.969,primary,0,0,0,0,,,unknown,excluded,Holdout has no Sentinel-1 acquisition during or within 48 hours after 4-5 March; available images are 28 February and 12 March.
osm-4269900330-11350075105-0,jakarta-20250304,holdout,17.693,secondary,0,0,0,0,,,unknown,excluded,Holdout has no Sentinel-1 acquisition during or within 48 hours after 4-5 March; available images are 28 February and 12 March.
osm-4404259357-4556570177-0,jakarta-20250304,holdout,93.207,trunk,0,0,0,0,,,unknown,excluded,Holdout has no Sentinel-1 acquisition during or within 48 hours after 4-5 March; available images are 28 February and 12 March.
osm-4466078450-315684305-0,jakarta-20250304,holdout,7.184,primary,0,0,0,0,,,unknown,excluded,Holdout has no Sentinel-1 acquisition during or within 48 hours after 4-5 March; available images are 28 February and 12 March.
osm-4466384616-328320081-0,jakarta-20250304,holdout,25.516,trunk,0,0,0,0,,,unknown,excluded,Holdout has no Sentinel-1 acquisition during or within 48 hours after 4-5 March; available images are 28 February and 12 March.
osm-4466384617-5466187936-0,jakarta-20250304,holdout,234.137,trunk,0,0,0,0,,,unknown,excluded,Holdout has no Sentinel-1 acquisition during or within 48 hours after 4-5 March; available images are 28 February and 12 March.
osm-4476152430-4546109600-0,jakarta-20250304,holdout,27.133,primary,0,0,0,0,,,unknown,excluded,Holdout has no Sentinel-1 acquisition during or within 48 hours after 4-5 March; available images are 28 February and 12 March.
osm-4488259486-4476152430-0,jakarta-20250304,holdout,30.622,primary,0,0,0,0,,,unknown,excluded,Holdout has no Sentinel-1 acquisition during or within 48 hours after 4-5 March; available images are 28 February and 12 March.
osm-4499976535-4499997606-0,jakarta-20250304,holdout,72.171,primary,0,0,0,0,,,unknown,excluded,Holdout has no Sentinel-1 acquisition during or within 48 hours after 4-5 March; available images are 28 February and 12 March.
osm-4499997606-8208701324-0,jakarta-20250304,holdout,4.948,primary,0,0,0,0,,,unknown,excluded,Holdout has no Sentinel-1 acquisition during or within 48 hours after 4-5 March; available images are 28 February and 12 March.
osm-4502070108-5436662071-0,jakarta-20250304,holdout,83.117,secondary,0,0,0,0,,,unknown,excluded,Holdout has no Sentinel-1 acquisition during or within 48 hours after 4-5 March; available images are 28 February and 12 March.
osm-4502070116-7104997606-0,jakarta-20250304,holdout,4.727,secondary,0,0,0,0,,,unknown,excluded,Holdout has no Sentinel-1 acquisition during or within 48 hours after 4-5 March; available images are 28 February and 12 March.
osm-4502213975-4502213976-0,jakarta-20250304,holdout,16.034,secondary_link,0,0,0,0,,,unknown,excluded,Holdout has no Sentinel-1 acquisition during or within 48 hours after 4-5 March; available images are 28 February and 12 March.
osm-4502213976-9699963783-0,jakarta-20250304,holdout,36.597,secondary,0,0,0,0,,,unknown,excluded,Holdout has no Sentinel-1 acquisition during or within 48 hours after 4-5 March; available images are 28 February and 12 March.
osm-4502213977-4502213979-0,jakarta-20250304,holdout,31.877,secondary,0,0,0,0,,,unknown,excluded,Holdout has no Sentinel-1 acquisition during or within 48 hours after 4-5 March; available images are 28 February and 12 March.
osm-4502213979-4502214206-0,jakarta-20250304,holdout,148.497,secondary,0,0,0,0,,,unknown,excluded,Holdout has no Sentinel-1 acquisition during or within 48 hours after 4-5 March; available images are 28 February and 12 March.
osm-4502214206-4502214225-0,jakarta-20250304,holdout,6.695,secondary,0,0,0,0,,,unknown,excluded,Holdout has no Sentinel-1 acquisition during or within 48 hours after 4-5 March; available images are 28 February and 12 March.
osm-4502214222-4502214223-0,jakarta-20250304,holdout,7.753,secondary,0,0,0,0,,,unknown,excluded,Holdout has no Sentinel-1 acquisition during or within 48 hours after 4-5 March; available images are 28 February and 12 March.
osm-4502214223-7096117327-0,jakarta-20250304,holdout,13.173,secondary,0,0,0,0,,,unknown,excluded,Holdout has no Sentinel-1 acquisition during or within 48 hours after 4-5 March; available images are 28 February and 12 March.
osm-4502214225-4502214222-0,jakarta-20250304,holdout,63.932,secondary,0,0,0,0,,,unknown,excluded,Holdout has no Sentinel-1 acquisition during or within 48 hours after 4-5 March; available images are 28 February and 12 March.
osm-4504091329-7241544817-0,jakarta-20250304,holdout,12.96,primary,0,0,0,0,,,unknown,excluded,Holdout has no Sentinel-1 acquisition during or within 48 hours after 4-5 March; available images are 28 February and 12 March.
osm-4505735373-1163404654-0,jakarta-20250304,holdout,9.458,primary,0,0,0,0,,,unknown,excluded,Holdout has no Sentinel-1 acquisition during or within 48 hours after 4-5 March; available images are 28 February and 12 March.
osm-4507955830-4507955831-0,jakarta-20250304,holdout,50.819,primary_link,0,0,0,0,,,unknown,excluded,Holdout has no Sentinel-1 acquisition during or within 48 hours after 4-5 March; available images are 28 February and 12 March.
osm-4507955831-5205645925-0,jakarta-20250304,holdout,70.316,primary,0,0,0,0,,,unknown,excluded,Holdout has no Sentinel-1 acquisition during or within 48 hours after 4-5 March; available images are 28 February and 12 March.
osm-4507989466-10090309233-0,jakarta-20250304,holdout,60.079,primary,0,0,0,0,,,unknown,excluded,Holdout has no Sentinel-1 acquisition during or within 48 hours after 4-5 March; available images are 28 February and 12 March.
osm-4529694108-317157768-0,jakarta-20250304,holdout,570.393,primary,0,0,0,0,,,unknown,excluded,Holdout has no Sentinel-1 acquisition during or within 48 hours after 4-5 March; available images are 28 February and 12 March.
osm-4541302315-6332686268-0,jakarta-20250304,holdout,79.312,primary,0,0,0,0,,,unknown,excluded,Holdout has no Sentinel-1 acquisition during or within 48 hours after 4-5 March; available images are 28 February and 12 March.
osm-4546076824-186669834-0,jakarta-20250304,holdout,66.932,primary,0,0,0,0,,,unknown,excluded,Holdout has no Sentinel-1 acquisition during or within 48 hours after 4-5 March; available images are 28 February and 12 March.
osm-4546100816-9144167875-0,jakarta-20250304,holdout,297.757,primary,0,0,0,0,,,unknown,excluded,Holdout has no Sentinel-1 acquisition during or within 48 hours after 4-5 March; available images are 28 February and 12 March.
osm-4546109600-7062375566-0,jakarta-20250304,holdout,26.626,primary,0,0,0,0,,,unknown,excluded,Holdout has no Sentinel-1 acquisition during or within 48 hours after 4-5 March; available images are 28 February and 12 March.
osm-4548266264-1342879017-0,jakarta-20250304,holdout,171.182,trunk,0,0,0,0,,,unknown,excluded,Holdout has no Sentinel-1 acquisition during or within 48 hours after 4-5 March; available images are 28 February and 12 March.
osm-4548266267-9527050428-0,jakarta-20250304,holdout,71.759,trunk,0,0,0,0,,,unknown,excluded,Holdout has no Sentinel-1 acquisition during or within 48 hours after 4-5 March; available images are 28 February and 12 March.
osm-4548266741-1163404589-0,jakarta-20250304,holdout,54.659,primary,0,0,0,0,,,unknown,excluded,Holdout has no Sentinel-1 acquisition during or within 48 hours after 4-5 March; available images are 28 February and 12 March.
osm-4548266748-6459323552-0,jakarta-20250304,holdout,1011.588,primary,0,0,0,0,,,unknown,excluded,Holdout has no Sentinel-1 acquisition during or within 48 hours after 4-5 March; available images are 28 February and 12 March.
osm-4548266763-12745135294-0,jakarta-20250304,holdout,13.067,primary,0,0,0,0,,,unknown,excluded,Holdout has no Sentinel-1 acquisition during or within 48 hours after 4-5 March; available images are 28 February and 12 March.
osm-4548266767-5374282155-0,jakarta-20250304,holdout,86.851,primary,0,0,0,0,,,unknown,excluded,Holdout has no Sentinel-1 acquisition during or within 48 hours after 4-5 March; available images are 28 February and 12 March.
osm-4548266823-5013211786-0,jakarta-20250304,holdout,149.353,secondary,0,0,0,0,,,unknown,excluded,Holdout has no Sentinel-1 acquisition during or within 48 hours after 4-5 March; available images are 28 February and 12 March.
osm-4548267014-4548267015-0,jakarta-20250304,holdout,208.628,trunk,0,0,0,0,,,unknown,excluded,Holdout has no Sentinel-1 acquisition during or within 48 hours after 4-5 March; available images are 28 February and 12 March.
osm-4548267015-1417319126-0,jakarta-20250304,holdout,32.302,trunk,0,0,0,0,,,unknown,excluded,Holdout has no Sentinel-1 acquisition during or within 48 hours after 4-5 March; available images are 28 February and 12 March.
osm-4551137763-7140161059-0,jakarta-20250304,holdout,90.368,trunk,0,0,0,0,,,unknown,excluded,Holdout has no Sentinel-1 acquisition during or within 48 hours after 4-5 March; available images are 28 February and 12 March.
osm-4551163746-4551163784-0,jakarta-20250304,holdout,80.398,primary_link,0,0,0,0,,,unknown,excluded,Holdout has no Sentinel-1 acquisition during or within 48 hours after 4-5 March; available images are 28 February and 12 March.
osm-4551163746-5506920811-0,jakarta-20250304,holdout,10.584,primary,0,0,0,0,,,unknown,excluded,Holdout has no Sentinel-1 acquisition during or within 48 hours after 4-5 March; available images are 28 February and 12 March.
osm-4551163784-4551163787-0,jakarta-20250304,holdout,102.125,motorway_link,0,0,0,0,,,unknown,excluded,Holdout has no Sentinel-1 acquisition during or within 48 hours after 4-5 March; available images are 28 February and 12 March.
osm-4551163787-332526386-0,jakarta-20250304,holdout,51.736,motorway_link,0,0,0,0,,,unknown,excluded,Holdout has no Sentinel-1 acquisition during or within 48 hours after 4-5 March; available images are 28 February and 12 March.
osm-4556570177-9531434128-0,jakarta-20250304,holdout,27.381,service,0,0,0,0,,,unknown,excluded,Holdout has no Sentinel-1 acquisition during or within 48 hours after 4-5 March; available images are 28 February and 12 March.
osm-4564612508-1363190326-0,jakarta-20250304,holdout,49.544,primary,0,0,0,0,,,unknown,excluded,Holdout has no Sentinel-1 acquisition during or within 48 hours after 4-5 March; available images are 28 February and 12 March.
osm-4564847177-4871926648-0,jakarta-20250304,holdout,17.733,primary,0,0,0,0,,,unknown,excluded,Holdout has no Sentinel-1 acquisition during or within 48 hours after 4-5 March; available images are 28 February and 12 March.
osm-4564851111-4564851115-0,jakarta-20250304,holdout,41.469,primary,0,0,0,0,,,unknown,excluded,Holdout has no Sentinel-1 acquisition during or within 48 hours after 4-5 March; available images are 28 February and 12 March.
osm-4564851115-4564847177-0,jakarta-20250304,holdout,17.701,primary,0,0,0,0,,,unknown,excluded,Holdout has no Sentinel-1 acquisition during or within 48 hours after 4-5 March; available images are 28 February and 12 March.
osm-4566501487-6334659081-0,jakarta-20250304,holdout,158.343,secondary,0,0,0,0,,,unknown,excluded,Holdout has no Sentinel-1 acquisition during or within 48 hours after 4-5 March; available images are 28 February and 12 March.
osm-4566501796-6334537720-0,jakarta-20250304,holdout,31.222,primary,0,0,0,0,,,unknown,excluded,Holdout has no Sentinel-1 acquisition during or within 48 hours after 4-5 March; available images are 28 February and 12 March.
osm-4566501805-4566501808-0,jakarta-20250304,holdout,124.793,primary,0,0,0,0,,,unknown,excluded,Holdout has no Sentinel-1 acquisition during or within 48 hours after 4-5 March; available images are 28 February and 12 March.
osm-4566501806-4566501807-0,jakarta-20250304,holdout,80.641,secondary,0,0,0,0,,,unknown,excluded,Holdout has no Sentinel-1 acquisition during or within 48 hours after 4-5 March; available images are 28 February and 12 March.
osm-4566501807-4566501808-0,jakarta-20250304,holdout,25.385,primary_link,0,0,0,0,,,unknown,excluded,Holdout has no Sentinel-1 acquisition during or within 48 hours after 4-5 March; available images are 28 February and 12 March.
osm-4566501808-4566501816-0,jakarta-20250304,holdout,51.499,primary,0,0,0,0,,,unknown,excluded,Holdout has no Sentinel-1 acquisition during or within 48 hours after 4-5 March; available images are 28 February and 12 March.
osm-4566501813-4566501888-0,jakarta-20250304,holdout,86.934,primary,0,0,0,0,,,unknown,excluded,Holdout has no Sentinel-1 acquisition during or within 48 hours after 4-5 March; available images are 28 February and 12 March.
osm-4566501816-4566501813-0,jakarta-20250304,holdout,31.87,primary_link,0,0,0,0,,,unknown,excluded,Holdout has no Sentinel-1 acquisition during or within 48 hours after 4-5 March; available images are 28 February and 12 March.
osm-4621777203-6135130582-0,jakarta-20250304,holdout,75.201,primary,0,0,0,0,,,unknown,excluded,Holdout has no Sentinel-1 acquisition during or within 48 hours after 4-5 March; available images are 28 February and 12 March.
osm-4637530511-4637530516-0,jakarta-20250304,holdout,8.465,primary,0,0,0,0,,,unknown,excluded,Holdout has no Sentinel-1 acquisition during or within 48 hours after 4-5 March; available images are 28 February and 12 March.
osm-4637530516-4621777203-0,jakarta-20250304,holdout,14.828,primary,0,0,0,0,,,unknown,excluded,Holdout has no Sentinel-1 acquisition during or within 48 hours after 4-5 March; available images are 28 February and 12 March.
osm-4658384434-8502330159-0,jakarta-20250304,holdout,30.214,primary,0,0,0,0,,,unknown,excluded,Holdout has no Sentinel-1 acquisition during or within 48 hours after 4-5 March; available images are 28 February and 12 March.
osm-4666245577-4800316715-0,jakarta-20250304,holdout,108.797,residential,0,0,0,0,,,unknown,excluded,Holdout has no Sentinel-1 acquisition during or within 48 hours after 4-5 March; available images are 28 February and 12 March.
osm-4666246415-4666245577-0,jakarta-20250304,holdout,30.252,residential,0,0,0,0,,,unknown,excluded,Holdout has no Sentinel-1 acquisition during or within 48 hours after 4-5 March; available images are 28 February and 12 March.
osm-4666246417-4666246415-0,jakarta-20250304,holdout,92.371,residential,0,0,0,0,,,unknown,excluded,Holdout has no Sentinel-1 acquisition during or within 48 hours after 4-5 March; available images are 28 February and 12 March.
osm-4696797079-2836706758-0,jakarta-20250304,holdout,57.937,residential,0,0,0,0,,,unknown,excluded,Holdout has no Sentinel-1 acquisition during or within 48 hours after 4-5 March; available images are 28 February and 12 March.
osm-4746451654-1133676112-0,jakarta-20250304,holdout,7.745,primary,0,0,0,0,,,unknown,excluded,Holdout has no Sentinel-1 acquisition during or within 48 hours after 4-5 March; available images are 28 February and 12 March.
osm-4746451654-7152827727-0,jakarta-20250304,holdout,103.382,tertiary,0,0,0,0,,,unknown,excluded,Holdout has no Sentinel-1 acquisition during or within 48 hours after 4-5 March; available images are 28 February and 12 March.
osm-4746451656-1134953472-0,jakarta-20250304,holdout,17.426,tertiary,0,0,0,0,,,unknown,excluded,Holdout has no Sentinel-1 acquisition during or within 48 hours after 4-5 March; available images are 28 February and 12 March.
osm-4748308350-4800316715-0,jakarta-20250304,holdout,46.904,tertiary,0,0,0,0,,,unknown,excluded,Holdout has no Sentinel-1 acquisition during or within 48 hours after 4-5 March; available images are 28 February and 12 March.
osm-4749962821-4258201115-0,jakarta-20250304,holdout,134.79,primary,0,0,0,0,,,unknown,excluded,Holdout has no Sentinel-1 acquisition during or within 48 hours after 4-5 March; available images are 28 February and 12 March.
osm-4750115938-5377076423-0,jakarta-20250304,holdout,33.937,primary,0,0,0,0,,,unknown,excluded,Holdout has no Sentinel-1 acquisition during or within 48 hours after 4-5 March; available images are 28 February and 12 March.
osm-4750115942-4750115943-0,jakarta-20250304,holdout,53.289,primary,0,0,0,0,,,unknown,excluded,Holdout has no Sentinel-1 acquisition during or within 48 hours after 4-5 March; available images are 28 February and 12 March.
osm-4750115943-9013891776-0,jakarta-20250304,holdout,51.042,primary,0,0,0,0,,,unknown,excluded,Holdout has no Sentinel-1 acquisition during or within 48 hours after 4-5 March; available images are 28 February and 12 March.
osm-4750115944-9013891773-0,jakarta-20250304,holdout,5.376,primary,0,0,0,0,,,unknown,excluded,Holdout has no Sentinel-1 acquisition during or within 48 hours after 4-5 March; available images are 28 February and 12 March.
osm-4751894442-13827879018-0,jakarta-20250304,holdout,28.051,primary,0,0,0,0,,,unknown,excluded,Holdout has no Sentinel-1 acquisition during or within 48 hours after 4-5 March; available images are 28 February and 12 March.
osm-4758805504-12484094370-0,jakarta-20250304,holdout,18.811,primary,0,0,0,0,,,unknown,excluded,Holdout has no Sentinel-1 acquisition during or within 48 hours after 4-5 March; available images are 28 February and 12 March.
osm-4758806028-7132187495-0,jakarta-20250304,holdout,25.923,primary,0,0,0,0,,,unknown,excluded,Holdout has no Sentinel-1 acquisition during or within 48 hours after 4-5 March; available images are 28 February and 12 March.
osm-4776087428-104379022-0,jakarta-20250304,holdout,104.867,primary,0,0,0,0,,,unknown,excluded,Holdout has no Sentinel-1 acquisition during or within 48 hours after 4-5 March; available images are 28 February and 12 March.
osm-4776087446-4776087428-0,jakarta-20250304,holdout,74.539,primary,0,0,0,0,,,unknown,excluded,Holdout has no Sentinel-1 acquisition during or within 48 hours after 4-5 March; available images are 28 February and 12 March.
osm-4776087714-8562305801-0,jakarta-20250304,holdout,39.431,tertiary,0,0,0,0,,,unknown,excluded,Holdout has no Sentinel-1 acquisition during or within 48 hours after 4-5 March; available images are 28 February and 12 March.
osm-4776237951-6332607740-0,jakarta-20250304,holdout,40.916,primary,0,0,0,0,,,unknown,excluded,Holdout has no Sentinel-1 acquisition during or within 48 hours after 4-5 March; available images are 28 February and 12 March.
osm-4776237952-9034273150-0,jakarta-20250304,holdout,40.715,primary,0,0,0,0,,,unknown,excluded,Holdout has no Sentinel-1 acquisition during or within 48 hours after 4-5 March; available images are 28 February and 12 March.
osm-4776237953-4776237952-0,jakarta-20250304,holdout,46.746,primary,0,0,0,0,,,unknown,excluded,Holdout has no Sentinel-1 acquisition during or within 48 hours after 4-5 March; available images are 28 February and 12 March.
osm-4776237954-352913456-0,jakarta-20250304,holdout,46.085,primary,0,0,0,0,,,unknown,excluded,Holdout has no Sentinel-1 acquisition during or within 48 hours after 4-5 March; available images are 28 February and 12 March.
osm-4778418534-4798088843-0,jakarta-20250304,holdout,64.383,residential,0,0,0,0,,,unknown,excluded,Holdout has no Sentinel-1 acquisition during or within 48 hours after 4-5 March; available images are 28 February and 12 March.
osm-4780597176-5652849428-0,jakarta-20250304,holdout,25.72,primary,0,0,0,0,,,unknown,excluded,Holdout has no Sentinel-1 acquisition during or within 48 hours after 4-5 March; available images are 28 February and 12 March.
osm-4780724425-9623003134-0,jakarta-20250304,holdout,143.927,primary,0,0,0,0,,,unknown,excluded,Holdout has no Sentinel-1 acquisition during or within 48 hours after 4-5 March; available images are 28 February and 12 March.
osm-4785715143-308981968-0,jakarta-20250304,holdout,141.374,tertiary,0,0,0,0,,,unknown,excluded,Holdout has no Sentinel-1 acquisition during or within 48 hours after 4-5 March; available images are 28 February and 12 March.
osm-4785715146-308981969-0,jakarta-20250304,holdout,4.38,tertiary,0,0,0,0,,,unknown,excluded,Holdout has no Sentinel-1 acquisition during or within 48 hours after 4-5 March; available images are 28 February and 12 March.
osm-4787639954-13752868692-0,jakarta-20250304,holdout,106.969,primary,0,0,0,0,,,unknown,excluded,Holdout has no Sentinel-1 acquisition during or within 48 hours after 4-5 March; available images are 28 February and 12 March.
osm-4790999401-13701804566-0,jakarta-20250304,holdout,170.126,primary,0,0,0,0,,,unknown,excluded,Holdout has no Sentinel-1 acquisition during or within 48 hours after 4-5 March; available images are 28 February and 12 March.
osm-4798088843-353136203-0,jakarta-20250304,holdout,134.077,residential,0,0,0,0,,,unknown,excluded,Holdout has no Sentinel-1 acquisition during or within 48 hours after 4-5 March; available images are 28 February and 12 March.
osm-4798985491-5374644166-0,jakarta-20250304,holdout,18.918,primary,0,0,0,0,,,unknown,excluded,Holdout has no Sentinel-1 acquisition during or within 48 hours after 4-5 March; available images are 28 February and 12 March.
osm-4800316713-5379957279-0,jakarta-20250304,holdout,81.332,tertiary,0,0,0,0,,,unknown,excluded,Holdout has no Sentinel-1 acquisition during or within 48 hours after 4-5 March; available images are 28 February and 12 March.
osm-4800316715-5513076675-0,jakarta-20250304,holdout,8.24,tertiary,0,0,0,0,,,unknown,excluded,Holdout has no Sentinel-1 acquisition during or within 48 hours after 4-5 March; available images are 28 February and 12 March.
osm-4800528562-12744944224-0,jakarta-20250304,holdout,17.871,primary,0,0,0,0,,,unknown,excluded,Holdout has no Sentinel-1 acquisition during or within 48 hours after 4-5 March; available images are 28 February and 12 March.
osm-4800528564-4800528562-0,jakarta-20250304,holdout,85.075,primary,0,0,0,0,,,unknown,excluded,Holdout has no Sentinel-1 acquisition during or within 48 hours after 4-5 March; available images are 28 February and 12 March.
osm-4800795887-317182284-0,jakarta-20250304,holdout,65.902,primary,0,0,0,0,,,unknown,excluded,Holdout has no Sentinel-1 acquisition during or within 48 hours after 4-5 March; available images are 28 February and 12 March.
osm-4804615989-11959843134-0,jakarta-20250304,holdout,51.714,primary,0,0,0,0,,,unknown,excluded,Holdout has no Sentinel-1 acquisition during or within 48 hours after 4-5 March; available images are 28 February and 12 March.
osm-4815227757-9533845672-0,jakarta-20250304,holdout,83.761,tertiary,0,0,0,0,,,unknown,excluded,Holdout has no Sentinel-1 acquisition during or within 48 hours after 4-5 March; available images are 28 February and 12 March.
osm-4815227758-5379989630-0,jakarta-20250304,holdout,113.006,tertiary,0,0,0,0,,,unknown,excluded,Holdout has no Sentinel-1 acquisition during or within 48 hours after 4-5 March; available images are 28 February and 12 March.
osm-4815227762-5379989631-0,jakarta-20250304,holdout,98.819,tertiary,0,0,0,0,,,unknown,excluded,Holdout has no Sentinel-1 acquisition during or within 48 hours after 4-5 March; available images are 28 February and 12 March.
osm-4822315952-9076429426-0,jakarta-20250304,holdout,69.935,trunk,0,0,0,0,,,unknown,excluded,Holdout has no Sentinel-1 acquisition during or within 48 hours after 4-5 March; available images are 28 February and 12 March.
osm-4833946442-7756168367-0,jakarta-20250304,holdout,100.028,primary,0,0,0,0,,,unknown,excluded,Holdout has no Sentinel-1 acquisition during or within 48 hours after 4-5 March; available images are 28 February and 12 March.
osm-4836037554-1161321036-0,jakarta-20250304,holdout,45.279,primary,0,0,0,0,,,unknown,excluded,Holdout has no Sentinel-1 acquisition during or within 48 hours after 4-5 March; available images are 28 February and 12 March.
osm-4836392226-8810858536-0,jakarta-20250304,holdout,66.064,tertiary,0,0,0,0,,,unknown,excluded,Holdout has no Sentinel-1 acquisition during or within 48 hours after 4-5 March; available images are 28 February and 12 March.
osm-4836392299-6330385236-0,jakarta-20250304,holdout,16.055,primary,0,0,0,0,,,unknown,excluded,Holdout has no Sentinel-1 acquisition during or within 48 hours after 4-5 March; available images are 28 February and 12 March.
osm-4842902746-5495680448-0,jakarta-20250304,holdout,300.283,primary,0,0,0,0,,,unknown,excluded,Holdout has no Sentinel-1 acquisition during or within 48 hours after 4-5 March; available images are 28 February and 12 March.
osm-4848734475-5492419271-0,jakarta-20250304,holdout,62.947,trunk,0,0,0,0,,,unknown,excluded,Holdout has no Sentinel-1 acquisition during or within 48 hours after 4-5 March; available images are 28 February and 12 March.
osm-4849427375-7132270238-0,jakarta-20250304,holdout,43.679,primary,0,0,0,0,,,unknown,excluded,Holdout has no Sentinel-1 acquisition during or within 48 hours after 4-5 March; available images are 28 February and 12 March.
osm-4849427376-4849427380-0,jakarta-20250304,holdout,67.133,primary,0,0,0,0,,,unknown,excluded,Holdout has no Sentinel-1 acquisition during or within 48 hours after 4-5 March; available images are 28 February and 12 March.
osm-4849427377-6547719124-0,jakarta-20250304,holdout,354.975,primary,0,0,0,0,,,unknown,excluded,Holdout has no Sentinel-1 acquisition during or within 48 hours after 4-5 March; available images are 28 February and 12 March.
osm-4849427380-4849427375-0,jakarta-20250304,holdout,58.75,primary,0,0,0,0,,,unknown,excluded,Holdout has no Sentinel-1 acquisition during or within 48 hours after 4-5 March; available images are 28 February and 12 March.
osm-4849427383-4849427377-0,jakarta-20250304,holdout,178.787,primary,0,0,0,0,,,unknown,excluded,Holdout has no Sentinel-1 acquisition during or within 48 hours after 4-5 March; available images are 28 February and 12 March.
osm-4849427384-4849427376-0,jakarta-20250304,holdout,185.408,primary,0,0,0,0,,,unknown,excluded,Holdout has no Sentinel-1 acquisition during or within 48 hours after 4-5 March; available images are 28 February and 12 March.
osm-4849427384-4849427383-0,jakarta-20250304,holdout,9.652,primary_link,0,0,0,0,,,unknown,excluded,Holdout has no Sentinel-1 acquisition during or within 48 hours after 4-5 March; available images are 28 February and 12 March.
osm-4849427386-6910883258-0,jakarta-20250304,holdout,18.826,primary,0,0,0,0,,,unknown,excluded,Holdout has no Sentinel-1 acquisition during or within 48 hours after 4-5 March; available images are 28 February and 12 March.
osm-4849427387-5374643987-0,jakarta-20250304,holdout,13.421,primary,0,0,0,0,,,unknown,excluded,Holdout has no Sentinel-1 acquisition during or within 48 hours after 4-5 March; available images are 28 February and 12 March.
osm-4849427390-4849427404-0,jakarta-20250304,holdout,23.676,primary,0,0,0,0,,,unknown,excluded,Holdout has no Sentinel-1 acquisition during or within 48 hours after 4-5 March; available images are 28 February and 12 March.
osm-4849427395-5373977800-0,jakarta-20250304,holdout,54.166,primary,0,0,0,0,,,unknown,excluded,Holdout has no Sentinel-1 acquisition during or within 48 hours after 4-5 March; available images are 28 February and 12 March.
osm-4849427396-13849518632-0,jakarta-20250304,holdout,7.629,primary,0,0,0,0,,,unknown,excluded,Holdout has no Sentinel-1 acquisition during or within 48 hours after 4-5 March; available images are 28 February and 12 March.
osm-4849427404-6471562381-0,jakarta-20250304,holdout,92.635,primary,0,0,0,0,,,unknown,excluded,Holdout has no Sentinel-1 acquisition during or within 48 hours after 4-5 March; available images are 28 February and 12 March.
osm-4849427405-4849427390-0,jakarta-20250304,holdout,21.439,primary,0,0,0,0,,,unknown,excluded,Holdout has no Sentinel-1 acquisition during or within 48 hours after 4-5 March; available images are 28 February and 12 March.
osm-4849427408-4758806028-0,jakarta-20250304,holdout,19.889,primary,0,0,0,0,,,unknown,excluded,Holdout has no Sentinel-1 acquisition during or within 48 hours after 4-5 March; available images are 28 February and 12 March.
osm-4849427410-9009398139-0,jakarta-20250304,holdout,107.665,primary,0,0,0,0,,,unknown,excluded,Holdout has no Sentinel-1 acquisition during or within 48 hours after 4-5 March; available images are 28 February and 12 March.
osm-4849427412-9491842326-0,jakarta-20250304,holdout,34.397,primary,0,0,0,0,,,unknown,excluded,Holdout has no Sentinel-1 acquisition during or within 48 hours after 4-5 March; available images are 28 February and 12 March.
osm-4849427413-4849427412-0,jakarta-20250304,holdout,63.714,primary,0,0,0,0,,,unknown,excluded,Holdout has no Sentinel-1 acquisition during or within 48 hours after 4-5 March; available images are 28 February and 12 March.
osm-4849427416-13849518628-0,jakarta-20250304,holdout,19.656,primary,0,0,0,0,,,unknown,excluded,Holdout has no Sentinel-1 acquisition during or within 48 hours after 4-5 March; available images are 28 February and 12 March.
osm-4849427419-5671081801-0,jakarta-20250304,holdout,18.048,primary,0,0,0,0,,,unknown,excluded,Holdout has no Sentinel-1 acquisition during or within 48 hours after 4-5 March; available images are 28 February and 12 March.
osm-4849427421-8509975229-0,jakarta-20250304,holdout,18.398,primary,0,0,0,0,,,unknown,excluded,Holdout has no Sentinel-1 acquisition during or within 48 hours after 4-5 March; available images are 28 February and 12 March.
osm-4849427423-7694410074-0,jakarta-20250304,holdout,23.882,primary,0,0,0,0,,,unknown,excluded,Holdout has no Sentinel-1 acquisition during or within 48 hours after 4-5 March; available images are 28 February and 12 March.
osm-4859114434-7052519688-0,jakarta-20250304,holdout,57.459,trunk,0,0,0,0,,,unknown,excluded,Holdout has no Sentinel-1 acquisition during or within 48 hours after 4-5 March; available images are 28 February and 12 March.
osm-4859118379-103363767-0,jakarta-20250304,holdout,89.991,trunk,0,0,0,0,,,unknown,excluded,Holdout has no Sentinel-1 acquisition during or within 48 hours after 4-5 March; available images are 28 February and 12 March.
osm-4867479520-9110087936-0,jakarta-20250304,holdout,88.491,primary,0,0,0,0,,,unknown,excluded,Holdout has no Sentinel-1 acquisition during or within 48 hours after 4-5 March; available images are 28 February and 12 March.
osm-4871926644-310003265-0,jakarta-20250304,holdout,71.968,tertiary,0,0,0,0,,,unknown,excluded,Holdout has no Sentinel-1 acquisition during or within 48 hours after 4-5 March; available images are 28 February and 12 March.
osm-4871926648-4871926644-0,jakarta-20250304,holdout,70.17,primary_link,0,0,0,0,,,unknown,excluded,Holdout has no Sentinel-1 acquisition during or within 48 hours after 4-5 March; available images are 28 February and 12 March.
osm-4871938615-13453416794-0,jakarta-20250304,holdout,53.405,primary,0,0,0,0,,,unknown,excluded,Holdout has no Sentinel-1 acquisition during or within 48 hours after 4-5 March; available images are 28 February and 12 March.
osm-4877552983-5076459507-0,jakarta-20250304,holdout,101.402,primary,0,0,0,0,,,unknown,excluded,Holdout has no Sentinel-1 acquisition during or within 48 hours after 4-5 March; available images are 28 February and 12 March.
osm-4877552990-4877552983-0,jakarta-20250304,holdout,26.478,primary,0,0,0,0,,,unknown,excluded,Holdout has no Sentinel-1 acquisition during or within 48 hours after 4-5 March; available images are 28 February and 12 March.
osm-4886801320-9531485215-0,jakarta-20250304,holdout,59.514,primary,0,0,0,0,,,unknown,excluded,Holdout has no Sentinel-1 acquisition during or within 48 hours after 4-5 March; available images are 28 February and 12 March.
osm-4899821967-315746992-0,jakarta-20250304,holdout,55.755,primary,0,0,0,0,,,unknown,excluded,Holdout has no Sentinel-1 acquisition during or within 48 hours after 4-5 March; available images are 28 February and 12 March.
osm-4900765662-316412129-0,jakarta-20250304,holdout,55.793,primary,0,0,0,0,,,unknown,excluded,Holdout has no Sentinel-1 acquisition during or within 48 hours after 4-5 March; available images are 28 February and 12 March.
osm-4907168866-9673797651-0,jakarta-20250304,holdout,422.855,primary,0,0,0,0,,,unknown,excluded,Holdout has no Sentinel-1 acquisition during or within 48 hours after 4-5 March; available images are 28 February and 12 March.
osm-4911942116-11484348759-0,jakarta-20250304,holdout,25.162,trunk,0,0,0,0,,,unknown,excluded,Holdout has no Sentinel-1 acquisition during or within 48 hours after 4-5 March; available images are 28 February and 12 March.
osm-4911942117-4911942119-0,jakarta-20250304,holdout,61.497,trunk,0,0,0,0,,,unknown,excluded,Holdout has no Sentinel-1 acquisition during or within 48 hours after 4-5 March; available images are 28 February and 12 March.
osm-4911942119-4911942116-0,jakarta-20250304,holdout,76.372,trunk,0,0,0,0,,,unknown,excluded,Holdout has no Sentinel-1 acquisition during or within 48 hours after 4-5 March; available images are 28 February and 12 March.
osm-4914353827-1135190117-0,jakarta-20250304,holdout,152.305,trunk,0,0,0,0,,,unknown,excluded,Holdout has no Sentinel-1 acquisition during or within 48 hours after 4-5 March; available images are 28 February and 12 March.
osm-4914353854-6451021641-0,jakarta-20250304,holdout,52.064,trunk,0,0,0,0,,,unknown,excluded,Holdout has no Sentinel-1 acquisition during or within 48 hours after 4-5 March; available images are 28 February and 12 March.
osm-4914353893-9509715193-0,jakarta-20250304,holdout,13.576,trunk,0,0,0,0,,,unknown,excluded,Holdout has no Sentinel-1 acquisition during or within 48 hours after 4-5 March; available images are 28 February and 12 March.
osm-4925793717-9695095403-0,jakarta-20250304,holdout,37.827,secondary,0,0,0,0,,,unknown,excluded,Holdout has no Sentinel-1 acquisition during or within 48 hours after 4-5 March; available images are 28 February and 12 March.
osm-4926601878-4900765662-0,jakarta-20250304,holdout,123.152,primary,0,0,0,0,,,unknown,excluded,Holdout has no Sentinel-1 acquisition during or within 48 hours after 4-5 March; available images are 28 February and 12 March.
osm-4948526884-5673841364-0,jakarta-20250304,holdout,220.311,primary,0,0,0,0,,,unknown,excluded,Holdout has no Sentinel-1 acquisition during or within 48 hours after 4-5 March; available images are 28 February and 12 March.
osm-4953838327-4877552990-0,jakarta-20250304,holdout,142.16,primary,0,0,0,0,,,unknown,excluded,Holdout has no Sentinel-1 acquisition during or within 48 hours after 4-5 March; available images are 28 February and 12 March.
osm-4963127052-8434800015-0,jakarta-20250304,holdout,35.732,primary,0,0,0,0,,,unknown,excluded,Holdout has no Sentinel-1 acquisition during or within 48 hours after 4-5 March; available images are 28 February and 12 March.
osm-4963127056-13606475657-0,jakarta-20250304,holdout,22.789,primary,0,0,0,0,,,unknown,excluded,Holdout has no Sentinel-1 acquisition during or within 48 hours after 4-5 March; available images are 28 February and 12 March.
osm-4963127061-4963127056-0,jakarta-20250304,holdout,39.412,primary,0,0,0,0,,,unknown,excluded,Holdout has no Sentinel-1 acquisition during or within 48 hours after 4-5 March; available images are 28 February and 12 March.
osm-4963127289-13606201410-0,jakarta-20250304,holdout,6.279,primary,0,0,0,0,,,unknown,excluded,Holdout has no Sentinel-1 acquisition during or within 48 hours after 4-5 March; available images are 28 February and 12 March.
osm-4982201706-5379777249-0,jakarta-20250304,holdout,10.521,tertiary,0,0,0,0,,,unknown,excluded,Holdout has no Sentinel-1 acquisition during or within 48 hours after 4-5 March; available images are 28 February and 12 March.
osm-4982201717-13586347373-0,jakarta-20250304,holdout,48.044,tertiary,0,0,0,0,,,unknown,excluded,Holdout has no Sentinel-1 acquisition during or within 48 hours after 4-5 March; available images are 28 February and 12 March.
osm-4986680276-5459235880-0,jakarta-20250304,holdout,6.548,primary,0,0,0,0,,,unknown,excluded,Holdout has no Sentinel-1 acquisition during or within 48 hours after 4-5 March; available images are 28 February and 12 March.
osm-4986680280-4986680276-0,jakarta-20250304,holdout,33.974,primary,0,0,0,0,,,unknown,excluded,Holdout has no Sentinel-1 acquisition during or within 48 hours after 4-5 March; available images are 28 February and 12 March.
osm-4990059009-3763648673-0,jakarta-20250304,holdout,51.727,primary,0,0,0,0,,,unknown,excluded,Holdout has no Sentinel-1 acquisition during or within 48 hours after 4-5 March; available images are 28 February and 12 March.
osm-4990059014-6459341771-0,jakarta-20250304,holdout,223.619,primary,0,0,0,0,,,unknown,excluded,Holdout has no Sentinel-1 acquisition during or within 48 hours after 4-5 March; available images are 28 February and 12 March.
osm-4990059477-2516439291-0,jakarta-20250304,holdout,54.17,primary,0,0,0,0,,,unknown,excluded,Holdout has no Sentinel-1 acquisition during or within 48 hours after 4-5 March; available images are 28 February and 12 March.
osm-4990059505-4990059507-0,jakarta-20250304,holdout,97.028,primary,0,0,0,0,,,unknown,excluded,Holdout has no Sentinel-1 acquisition during or within 48 hours after 4-5 March; available images are 28 February and 12 March.
osm-4990059507-4990059477-0,jakarta-20250304,holdout,502.377,primary,0,0,0,0,,,unknown,excluded,Holdout has no Sentinel-1 acquisition during or within 48 hours after 4-5 March; available images are 28 February and 12 March.
osm-4990059515-4990059505-0,jakarta-20250304,holdout,106.09,primary,0,0,0,0,,,unknown,excluded,Holdout has no Sentinel-1 acquisition during or within 48 hours after 4-5 March; available images are 28 February and 12 March.
osm-4993841487-12530400916-0,jakarta-20250304,holdout,31.271,primary_link,0,0,0,0,,,unknown,excluded,Holdout has no Sentinel-1 acquisition during or within 48 hours after 4-5 March; available images are 28 February and 12 March.
osm-4996688468-5671267899-0,jakarta-20250304,holdout,116.886,primary,0,0,0,0,,,unknown,excluded,Holdout has no Sentinel-1 acquisition during or within 48 hours after 4-5 March; available images are 28 February and 12 March.
osm-4999344155-302230529-0,jakarta-20250304,holdout,24.056,primary,0,0,0,0,,,unknown,excluded,Holdout has no Sentinel-1 acquisition during or within 48 hours after 4-5 March; available images are 28 February and 12 March.
osm-4999344324-9009429383-0,jakarta-20250304,holdout,83.245,primary,0,0,0,0,,,unknown,excluded,Holdout has no Sentinel-1 acquisition during or within 48 hours after 4-5 March; available images are 28 February and 12 March.
osm-5004550057-13750328259-0,jakarta-20250304,holdout,5.187,primary,0,0,0,0,,,unknown,excluded,Holdout has no Sentinel-1 acquisition during or within 48 hours after 4-5 March; available images are 28 February and 12 March.
osm-5006633608-7055776846-0,jakarta-20250304,holdout,385.866,primary,0,0,0,0,,,unknown,excluded,Holdout has no Sentinel-1 acquisition during or within 48 hours after 4-5 March; available images are 28 February and 12 March.
osm-5006647254-4505735373-0,jakarta-20250304,holdout,707.203,primary,0,0,0,0,,,unknown,excluded,Holdout has no Sentinel-1 acquisition during or within 48 hours after 4-5 March; available images are 28 February and 12 March.
osm-5009348129-104366006-0,jakarta-20250304,holdout,76.911,secondary,0,0,0,0,,,unknown,excluded,Holdout has no Sentinel-1 acquisition during or within 48 hours after 4-5 March; available images are 28 February and 12 March.
osm-5009351128-191505992-0,jakarta-20250304,holdout,25.286,secondary,0,0,0,0,,,unknown,excluded,Holdout has no Sentinel-1 acquisition during or within 48 hours after 4-5 March; available images are 28 February and 12 March.
osm-5010888460-4907168866-0,jakarta-20250304,holdout,63.639,residential,0,0,0,0,,,unknown,excluded,Holdout has no Sentinel-1 acquisition during or within 48 hours after 4-5 March; available images are 28 February and 12 March.
osm-5013211786-104366013-0,jakarta-20250304,holdout,38.405,secondary,0,0,0,0,,,unknown,excluded,Holdout has no Sentinel-1 acquisition during or within 48 hours after 4-5 March; available images are 28 February and 12 March.
osm-5023930574-5371876858-0,jakarta-20250304,holdout,42.699,trunk,0,0,0,0,,,unknown,excluded,Holdout has no Sentinel-1 acquisition during or within 48 hours after 4-5 March; available images are 28 February and 12 March.
osm-5046365476-309941703-0,jakarta-20250304,holdout,31.638,primary,0,0,0,0,,,unknown,excluded,Holdout has no Sentinel-1 acquisition during or within 48 hours after 4-5 March; available images are 28 February and 12 March.
osm-5046365477-5046365476-0,jakarta-20250304,holdout,9.88,primary,0,0,0,0,,,unknown,excluded,Holdout has no Sentinel-1 acquisition during or within 48 hours after 4-5 March; available images are 28 February and 12 March.
osm-5056597570-3266396596-0,jakarta-20250304,holdout,47.036,trunk,0,0,0,0,,,unknown,excluded,Holdout has no Sentinel-1 acquisition during or within 48 hours after 4-5 March; available images are 28 February and 12 March.
osm-5065375426-29939146-0,jakarta-20250304,holdout,32.554,secondary,0,0,0,0,,,unknown,excluded,Holdout has no Sentinel-1 acquisition during or within 48 hours after 4-5 March; available images are 28 February and 12 March.
osm-5068494018-7131628852-0,jakarta-20250304,holdout,37.691,residential,0,0,0,0,,,unknown,excluded,Holdout has no Sentinel-1 acquisition during or within 48 hours after 4-5 March; available images are 28 February and 12 March.
osm-5068494251-5068494018-0,jakarta-20250304,holdout,46.514,residential,0,0,0,0,,,unknown,excluded,Holdout has no Sentinel-1 acquisition during or within 48 hours after 4-5 March; available images are 28 February and 12 March.
osm-5068494252-6907714745-0,jakarta-20250304,holdout,226.869,residential,0,0,0,0,,,unknown,excluded,Holdout has no Sentinel-1 acquisition during or within 48 hours after 4-5 March; available images are 28 February and 12 March.
osm-5068494260-5380146177-0,jakarta-20250304,holdout,11.523,residential,0,0,0,0,,,unknown,excluded,Holdout has no Sentinel-1 acquisition during or within 48 hours after 4-5 March; available images are 28 February and 12 March.
osm-5068494261-5068494263-0,jakarta-20250304,holdout,54.991,residential,0,0,0,0,,,unknown,excluded,Holdout has no Sentinel-1 acquisition during or within 48 hours after 4-5 March; available images are 28 February and 12 March.
osm-5068494263-5068494267-0,jakarta-20250304,holdout,52.081,residential,0,0,0,0,,,unknown,excluded,Holdout has no Sentinel-1 acquisition during or within 48 hours after 4-5 March; available images are 28 February and 12 March.
osm-5068494267-1420142081-0,jakarta-20250304,holdout,21.009,residential,0,0,0,0,,,unknown,excluded,Holdout has no Sentinel-1 acquisition during or within 48 hours after 4-5 March; available images are 28 February and 12 March.
osm-5076459507-3507893559-0,jakarta-20250304,holdout,602.764,primary,0,0,0,0,,,unknown,excluded,Holdout has no Sentinel-1 acquisition during or within 48 hours after 4-5 March; available images are 28 February and 12 March.
osm-5078382194-1321228541-0,jakarta-20250304,holdout,239.417,primary,0,0,0,0,,,unknown,excluded,Holdout has no Sentinel-1 acquisition during or within 48 hours after 4-5 March; available images are 28 February and 12 March.
osm-5078382203-7530848743-0,jakarta-20250304,holdout,26.207,primary,0,0,0,0,,,unknown,excluded,Holdout has no Sentinel-1 acquisition during or within 48 hours after 4-5 March; available images are 28 February and 12 March.
osm-5078382208-1345781623-0,jakarta-20250304,holdout,282.406,primary,0,0,0,0,,,unknown,excluded,Holdout has no Sentinel-1 acquisition during or within 48 hours after 4-5 March; available images are 28 February and 12 March.
osm-5078382212-5078382208-0,jakarta-20250304,holdout,110.599,primary,0,0,0,0,,,unknown,excluded,Holdout has no Sentinel-1 acquisition during or within 48 hours after 4-5 March; available images are 28 February and 12 March.
osm-5112284316-4551137763-0,jakarta-20250304,holdout,91.678,trunk,0,0,0,0,,,unknown,excluded,Holdout has no Sentinel-1 acquisition during or within 48 hours after 4-5 March; available images are 28 February and 12 March.
osm-5112682630-7140306354-0,jakarta-20250304,holdout,10.842,trunk,0,0,0,0,,,unknown,excluded,Holdout has no Sentinel-1 acquisition during or within 48 hours after 4-5 March; available images are 28 February and 12 March.
osm-5172730315-2882028353-0,jakarta-20250304,holdout,70.582,secondary,0,0,0,0,,,unknown,excluded,Holdout has no Sentinel-1 acquisition during or within 48 hours after 4-5 March; available images are 28 February and 12 March.
osm-5174097479-7756153695-0,jakarta-20250304,holdout,118.87,primary,0,0,0,0,,,unknown,excluded,Holdout has no Sentinel-1 acquisition during or within 48 hours after 4-5 March; available images are 28 February and 12 March.
osm-5189820259-13366216191-0,jakarta-20250304,holdout,9.003,primary,0,0,0,0,,,unknown,excluded,Holdout has no Sentinel-1 acquisition during or within 48 hours after 4-5 March; available images are 28 February and 12 March.
osm-5189841649-10132911307-0,jakarta-20250304,holdout,37.595,tertiary,0,0,0,0,,,unknown,excluded,Holdout has no Sentinel-1 acquisition during or within 48 hours after 4-5 March; available images are 28 February and 12 March.
osm-5201675286-7055752942-0,jakarta-20250304,holdout,88.644,primary,0,0,0,0,,,unknown,excluded,Holdout has no Sentinel-1 acquisition during or within 48 hours after 4-5 March; available images are 28 February and 12 March.
osm-5201675288-5201675286-0,jakarta-20250304,holdout,13.088,primary,0,0,0,0,,,unknown,excluded,Holdout has no Sentinel-1 acquisition during or within 48 hours after 4-5 March; available images are 28 February and 12 March.
osm-5205645925-10090309238-0,jakarta-20250304,holdout,1.899,primary,0,0,0,0,,,unknown,excluded,Holdout has no Sentinel-1 acquisition during or within 48 hours after 4-5 March; available images are 28 February and 12 March.
osm-5227396653-9013059182-0,jakarta-20250304,holdout,42.713,primary,0,0,0,0,,,unknown,excluded,Holdout has no Sentinel-1 acquisition during or within 48 hours after 4-5 March; available images are 28 February and 12 March.
osm-5230379695-104364332-0,jakarta-20250304,holdout,706.751,primary,0,0,0,0,,,unknown,excluded,Holdout has no Sentinel-1 acquisition during or within 48 hours after 4-5 March; available images are 28 February and 12 March.
osm-5290941766-5078382212-0,jakarta-20250304,holdout,285.98,primary,0,0,0,0,,,unknown,excluded,Holdout has no Sentinel-1 acquisition during or within 48 hours after 4-5 March; available images are 28 February and 12 March.
osm-5334300227-4785715143-0,jakarta-20250304,holdout,61.25,tertiary,0,0,0,0,,,unknown,excluded,Holdout has no Sentinel-1 acquisition during or within 48 hours after 4-5 March; available images are 28 February and 12 March.
osm-5354213657-2210464501-0,jakarta-20250304,holdout,148.704,primary,0,0,0,0,,,unknown,excluded,Holdout has no Sentinel-1 acquisition during or within 48 hours after 4-5 March; available images are 28 February and 12 March.
osm-5354213698-1675425882-0,jakarta-20250304,holdout,52.498,primary,0,0,0,0,,,unknown,excluded,Holdout has no Sentinel-1 acquisition during or within 48 hours after 4-5 March; available images are 28 February and 12 March.
osm-5354213822-12688243259-0,jakarta-20250304,holdout,7.574,primary,0,0,0,0,,,unknown,excluded,Holdout has no Sentinel-1 acquisition during or within 48 hours after 4-5 March; available images are 28 February and 12 March.
osm-5371596264-7120393920-0,jakarta-20250304,holdout,35.202,primary,0,0,0,0,,,unknown,excluded,Holdout has no Sentinel-1 acquisition during or within 48 hours after 4-5 March; available images are 28 February and 12 March.
osm-5371596268-7120341842-0,jakarta-20250304,holdout,7.57,primary,0,0,0,0,,,unknown,excluded,Holdout has no Sentinel-1 acquisition during or within 48 hours after 4-5 March; available images are 28 February and 12 March.
osm-5371596275-5004550057-0,jakarta-20250304,holdout,101.412,primary,0,0,0,0,,,unknown,excluded,Holdout has no Sentinel-1 acquisition during or within 48 hours after 4-5 March; available images are 28 February and 12 March.
osm-5371876858-310080557-0,jakarta-20250304,holdout,19.364,trunk,0,0,0,0,,,unknown,excluded,Holdout has no Sentinel-1 acquisition during or within 48 hours after 4-5 March; available images are 28 February and 12 March.
osm-5372018440-6333252911-0,jakarta-20250304,holdout,40.167,secondary,0,0,0,0,,,unknown,excluded,Holdout has no Sentinel-1 acquisition during or within 48 hours after 4-5 March; available images are 28 February and 12 March.
osm-5372018448-5009348129-0,jakarta-20250304,holdout,136.318,secondary,0,0,0,0,,,unknown,excluded,Holdout has no Sentinel-1 acquisition during or within 48 hours after 4-5 March; available images are 28 February and 12 March.
osm-5372018508-6332594575-0,jakarta-20250304,holdout,59.023,primary,0,0,0,0,,,unknown,excluded,Holdout has no Sentinel-1 acquisition during or within 48 hours after 4-5 March; available images are 28 February and 12 March.
osm-5372153126-6486347952-0,jakarta-20250304,holdout,23.508,trunk,0,0,0,0,,,unknown,excluded,Holdout has no Sentinel-1 acquisition during or within 48 hours after 4-5 March; available images are 28 February and 12 March.
osm-5372153133-12202088425-0,jakarta-20250304,holdout,19.402,trunk,0,0,0,0,,,unknown,excluded,Holdout has no Sentinel-1 acquisition during or within 48 hours after 4-5 March; available images are 28 February and 12 March.
osm-5372153134-5372153137-0,jakarta-20250304,holdout,34.516,trunk,0,0,0,0,,,unknown,excluded,Holdout has no Sentinel-1 acquisition during or within 48 hours after 4-5 March; available images are 28 February and 12 March.
osm-5372153137-5673841347-0,jakarta-20250304,holdout,12.661,trunk,0,0,0,0,,,unknown,excluded,Holdout has no Sentinel-1 acquisition during or within 48 hours after 4-5 March; available images are 28 February and 12 March.
osm-5372153144-9647927422-0,jakarta-20250304,holdout,8.725,trunk,0,0,0,0,,,unknown,excluded,Holdout has no Sentinel-1 acquisition during or within 48 hours after 4-5 March; available images are 28 February and 12 March.
osm-5372153147-6831185205-0,jakarta-20250304,holdout,39.999,trunk,0,0,0,0,,,unknown,excluded,Holdout has no Sentinel-1 acquisition during or within 48 hours after 4-5 March; available images are 28 February and 12 March.
osm-5372153151-9486332419-0,jakarta-20250304,holdout,35.004,trunk,0,0,0,0,,,unknown,excluded,Holdout has no Sentinel-1 acquisition during or within 48 hours after 4-5 March; available images are 28 February and 12 March.
osm-5372153155-9003292724-0,jakarta-20250304,holdout,108.503,trunk,0,0,0,0,,,unknown,excluded,Holdout has no Sentinel-1 acquisition during or within 48 hours after 4-5 March; available images are 28 February and 12 March.
osm-5372153165-5372153166-0,jakarta-20250304,holdout,106.787,trunk,0,0,0,0,,,unknown,excluded,Holdout has no Sentinel-1 acquisition during or within 48 hours after 4-5 March; available images are 28 February and 12 March.
osm-5372153166-5372153186-0,jakarta-20250304,holdout,134.559,trunk,0,0,0,0,,,unknown,excluded,Holdout has no Sentinel-1 acquisition during or within 48 hours after 4-5 March; available images are 28 February and 12 March.
osm-5372153186-11438846310-0,jakarta-20250304,holdout,20.044,trunk,0,0,0,0,,,unknown,excluded,Holdout has no Sentinel-1 acquisition during or within 48 hours after 4-5 March; available images are 28 February and 12 March.
osm-5372153187-6451233570-0,jakarta-20250304,holdout,200.392,trunk,0,0,0,0,,,unknown,excluded,Holdout has no Sentinel-1 acquisition during or within 48 hours after 4-5 March; available images are 28 February and 12 March.
osm-5373820573-9032080365-0,jakarta-20250304,holdout,11.311,primary,0,0,0,0,,,unknown,excluded,Holdout has no Sentinel-1 acquisition during or within 48 hours after 4-5 March; available images are 28 February and 12 March.
osm-5373977777-4849427405-0,jakarta-20250304,holdout,26.327,primary,0,0,0,0,,,unknown,excluded,Holdout has no Sentinel-1 acquisition during or within 48 hours after 4-5 March; available images are 28 February and 12 March.
osm-5373977782-4849427421-0,jakarta-20250304,holdout,62.126,primary,0,0,0,0,,,unknown,excluded,Holdout has no Sentinel-1 acquisition during or within 48 hours after 4-5 March; available images are 28 February and 12 March.
osm-5373977783-4849427396-0,jakarta-20250304,holdout,89.029,primary,0,0,0,0,,,unknown,excluded,Holdout has no Sentinel-1 acquisition during or within 48 hours after 4-5 March; available images are 28 February and 12 March.
osm-5373977800-4849427413-0,jakarta-20250304,holdout,39.974,primary,0,0,0,0,,,unknown,excluded,Holdout has no Sentinel-1 acquisition during or within 48 hours after 4-5 March; available images are 28 February and 12 March.
osm-5374005699-4849427395-0,jakarta-20250304,holdout,29.335,primary,0,0,0,0,,,unknown,excluded,Holdout has no Sentinel-1 acquisition during or within 48 hours after 4-5 March; available images are 28 February and 12 March.
osm-5374199556-29939148-0,jakarta-20250304,holdout,9.209,secondary,0,0,0,0,,,unknown,excluded,Holdout has no Sentinel-1 acquisition during or within 48 hours after 4-5 March; available images are 28 February and 12 March.
osm-5374282148-11076463250-0,jakarta-20250304,holdout,64.693,primary,0,0,0,0,,,unknown,excluded,Holdout has no Sentinel-1 acquisition during or within 48 hours after 4-5 March; available images are 28 February and 12 March.
osm-5374282155-5377151799-0,jakarta-20250304,holdout,14.744,primary,0,0,0,0,,,unknown,excluded,Holdout has no Sentinel-1 acquisition during or within 48 hours after 4-5 March; available images are 28 February and 12 March.
osm-5374282198-6315624963-0,jakarta-20250304,holdout,63.772,primary,0,0,0,0,,,unknown,excluded,Holdout has no Sentinel-1 acquisition during or within 48 hours after 4-5 March; available images are 28 February and 12 March.
osm-5374282375-7103903985-0,jakarta-20250304,holdout,806.303,primary,0,0,0,0,,,unknown,excluded,Holdout has no Sentinel-1 acquisition during or within 48 hours after 4-5 March; available images are 28 February and 12 March.
osm-5374290437-186871954-0,jakarta-20250304,holdout,79.88,primary,0,0,0,0,,,unknown,excluded,Holdout has no Sentinel-1 acquisition during or within 48 hours after 4-5 March; available images are 28 February and 12 March.
osm-5374380799-1675488274-0,jakarta-20250304,holdout,9.532,primary,0,0,0,0,,,unknown,excluded,Holdout has no Sentinel-1 acquisition during or within 48 hours after 4-5 March; available images are 28 February and 12 March.
osm-5374643987-9648835249-0,jakarta-20250304,holdout,48.107,primary,0,0,0,0,,,unknown,excluded,Holdout has no Sentinel-1 acquisition during or within 48 hours after 4-5 March; available images are 28 February and 12 March.
osm-5374644166-7015230199-0,jakarta-20250304,holdout,18.29,primary,0,0,0,0,,,unknown,excluded,Holdout has no Sentinel-1 acquisition during or within 48 hours after 4-5 March; available images are 28 February and 12 March.
osm-5374804742-4758805504-0,jakarta-20250304,holdout,37.119,primary,0,0,0,0,,,unknown,excluded,Holdout has no Sentinel-1 acquisition during or within 48 hours after 4-5 March; available images are 28 February and 12 March.
osm-5374804752-5374804742-0,jakarta-20250304,holdout,23.744,primary,0,0,0,0,,,unknown,excluded,Holdout has no Sentinel-1 acquisition during or within 48 hours after 4-5 March; available images are 28 February and 12 March.
osm-5374804755-5374804752-0,jakarta-20250304,holdout,25.306,primary,0,0,0,0,,,unknown,excluded,Holdout has no Sentinel-1 acquisition during or within 48 hours after 4-5 March; available images are 28 February and 12 March.
osm-5377076414-5377076416-0,jakarta-20250304,holdout,44.553,primary,0,0,0,0,,,unknown,excluded,Holdout has no Sentinel-1 acquisition during or within 48 hours after 4-5 March; available images are 28 February and 12 March.
osm-5377076416-11237483572-0,jakarta-20250304,holdout,5.019,primary,0,0,0,0,,,unknown,excluded,Holdout has no Sentinel-1 acquisition during or within 48 hours after 4-5 March; available images are 28 February and 12 March.
osm-5377076421-9019122232-0,jakarta-20250304,holdout,41.788,primary,0,0,0,0,,,unknown,excluded,Holdout has no Sentinel-1 acquisition during or within 48 hours after 4-5 March; available images are 28 February and 12 March.
osm-5377076423-5377076421-0,jakarta-20250304,holdout,56.823,primary,0,0,0,0,,,unknown,excluded,Holdout has no Sentinel-1 acquisition during or within 48 hours after 4-5 March; available images are 28 February and 12 March.
osm-5377076552-9708579924-0,jakarta-20250304,holdout,109.547,primary,0,0,0,0,,,unknown,excluded,Holdout has no Sentinel-1 acquisition during or within 48 hours after 4-5 March; available images are 28 February and 12 March.
osm-5377076560-315198778-0,jakarta-20250304,holdout,24.222,primary,0,0,0,0,,,unknown,excluded,Holdout has no Sentinel-1 acquisition during or within 48 hours after 4-5 March; available images are 28 February and 12 March.
osm-5377151799-6315603275-0,jakarta-20250304,holdout,6.482,primary,0,0,0,0,,,unknown,excluded,Holdout has no Sentinel-1 acquisition during or within 48 hours after 4-5 March; available images are 28 February and 12 March.
osm-5377177680-9019104733-0,jakarta-20250304,holdout,55.794,primary,0,0,0,0,,,unknown,excluded,Holdout has no Sentinel-1 acquisition during or within 48 hours after 4-5 March; available images are 28 February and 12 March.
osm-5377177693-6320275018-0,jakarta-20250304,holdout,10.467,primary,0,0,0,0,,,unknown,excluded,Holdout has no Sentinel-1 acquisition during or within 48 hours after 4-5 March; available images are 28 February and 12 March.
osm-5377178522-5377178527-0,jakarta-20250304,holdout,44.554,primary,0,0,0,0,,,unknown,excluded,Holdout has no Sentinel-1 acquisition during or within 48 hours after 4-5 March; available images are 28 February and 12 March.
osm-5377178527-5669078465-0,jakarta-20250304,holdout,10.185,primary,0,0,0,0,,,unknown,excluded,Holdout has no Sentinel-1 acquisition during or within 48 hours after 4-5 March; available images are 28 February and 12 March.
osm-5377313966-7192466992-0,jakarta-20250304,holdout,44.347,residential,0,0,0,0,,,unknown,excluded,Holdout has no Sentinel-1 acquisition during or within 48 hours after 4-5 March; available images are 28 February and 12 March.
osm-5377313967-5377313966-0,jakarta-20250304,holdout,59.832,residential,0,0,0,0,,,unknown,excluded,Holdout has no Sentinel-1 acquisition during or within 48 hours after 4-5 March; available images are 28 February and 12 March.
osm-5377313968-13913580148-0,jakarta-20250304,holdout,27.115,service,0,0,0,0,,,unknown,excluded,Holdout has no Sentinel-1 acquisition during or within 48 hours after 4-5 March; available images are 28 February and 12 March.
osm-5377313978-5377313968-0,jakarta-20250304,holdout,31.982,service,0,0,0,0,,,unknown,excluded,Holdout has no Sentinel-1 acquisition during or within 48 hours after 4-5 March; available images are 28 February and 12 March.
osm-5379663307-5379667458-0,jakarta-20250304,holdout,29.681,trunk,0,0,0,0,,,unknown,excluded,Holdout has no Sentinel-1 acquisition during or within 48 hours after 4-5 March; available images are 28 February and 12 March.
osm-5379667162-12799849299-0,jakarta-20250304,holdout,39.96,trunk,0,0,0,0,,,unknown,excluded,Holdout has no Sentinel-1 acquisition during or within 48 hours after 4-5 March; available images are 28 February and 12 March.
osm-5379667437-7131381422-0,jakarta-20250304,holdout,85.36,trunk,0,0,0,0,,,unknown,excluded,Holdout has no Sentinel-1 acquisition during or within 48 hours after 4-5 March; available images are 28 February and 12 March.
osm-5379667449-7697810036-0,jakarta-20250304,holdout,33.332,trunk,0,0,0,0,,,unknown,excluded,Holdout has no Sentinel-1 acquisition during or within 48 hours after 4-5 March; available images are 28 February and 12 March.
osm-5379667458-5379667449-0,jakarta-20250304,holdout,28.088,trunk,0,0,0,0,,,unknown,excluded,Holdout has no Sentinel-1 acquisition during or within 48 hours after 4-5 March; available images are 28 February and 12 March.
osm-5379667472-10788400699-0,jakarta-20250304,holdout,16.849,trunk,0,0,0,0,,,unknown,excluded,Holdout has no Sentinel-1 acquisition during or within 48 hours after 4-5 March; available images are 28 February and 12 March.
osm-5379667478-5379663307-0,jakarta-20250304,holdout,53.639,trunk,0,0,0,0,,,unknown,excluded,Holdout has no Sentinel-1 acquisition during or within 48 hours after 4-5 March; available images are 28 February and 12 March.
osm-5379767874-10654460939-0,jakarta-20250304,holdout,108.786,secondary,0,0,0,0,,,unknown,excluded,Holdout has no Sentinel-1 acquisition during or within 48 hours after 4-5 March; available images are 28 February and 12 March.
osm-5379767891-5380146201-0,jakarta-20250304,holdout,38.796,residential,0,0,0,0,,,unknown,excluded,Holdout has no Sentinel-1 acquisition during or within 48 hours after 4-5 March; available images are 28 February and 12 March.
osm-5379768929-6434967979-0,jakarta-20250304,holdout,45.58,residential,0,0,0,0,,,unknown,excluded,Holdout has no Sentinel-1 acquisition during or within 48 hours after 4-5 March; available images are 28 February and 12 March.
osm-5379768936-13030921684-0,jakarta-20250304,holdout,46.21,residential,0,0,0,0,,,unknown,excluded,Holdout has no Sentinel-1 acquisition during or within 48 hours after 4-5 March; available images are 28 February and 12 March.
osm-5379768936-13030921685-0,jakarta-20250304,holdout,47.542,residential,0,0,0,0,,,unknown,excluded,Holdout has no Sentinel-1 acquisition during or within 48 hours after 4-5 March; available images are 28 February and 12 March.
osm-5379777249-4982201717-0,jakarta-20250304,holdout,19.681,tertiary,0,0,0,0,,,unknown,excluded,Holdout has no Sentinel-1 acquisition during or within 48 hours after 4-5 March; available images are 28 February and 12 March.
osm-5379957272-9064994805-0,jakarta-20250304,holdout,29.863,primary,0,0,0,0,,,unknown,excluded,Holdout has no Sentinel-1 acquisition during or within 48 hours after 4-5 March; available images are 28 February and 12 March.
osm-5379957279-8520330753-0,jakarta-20250304,holdout,40.17,tertiary,0,0,0,0,,,unknown,excluded,Holdout has no Sentinel-1 acquisition during or within 48 hours after 4-5 March; available images are 28 February and 12 March.
osm-5379957290-13734985443-0,jakarta-20250304,holdout,4.048,tertiary,0,0,0,0,,,unknown,excluded,Holdout has no Sentinel-1 acquisition during or within 48 hours after 4-5 March; available images are 28 February and 12 March.
osm-5379989630-4815227762-0,jakarta-20250304,holdout,52.197,tertiary,0,0,0,0,,,unknown,excluded,Holdout has no Sentinel-1 acquisition during or within 48 hours after 4-5 March; available images are 28 February and 12 March.
osm-5379989631-1362598310-0,jakarta-20250304,holdout,46.893,tertiary,0,0,0,0,,,unknown,excluded,Holdout has no Sentinel-1 acquisition during or within 48 hours after 4-5 March; available images are 28 February and 12 March.
osm-5379992807-9015877327-0,jakarta-20250304,holdout,15.682,tertiary,0,0,0,0,,,unknown,excluded,Holdout has no Sentinel-1 acquisition during or within 48 hours after 4-5 March; available images are 28 February and 12 March.
osm-5380055271-1417312748-0,jakarta-20250304,holdout,42.649,trunk,0,0,0,0,,,unknown,excluded,Holdout has no Sentinel-1 acquisition during or within 48 hours after 4-5 March; available images are 28 February and 12 March.
osm-5380068218-9497883594-0,jakarta-20250304,holdout,40.206,trunk,0,0,0,0,,,unknown,excluded,Holdout has no Sentinel-1 acquisition during or within 48 hours after 4-5 March; available images are 28 February and 12 March.
osm-5380068236-5380068242-0,jakarta-20250304,holdout,28.761,primary,0,0,0,0,,,unknown,excluded,Holdout has no Sentinel-1 acquisition during or within 48 hours after 4-5 March; available images are 28 February and 12 March.
osm-5380068242-4849427423-0,jakarta-20250304,holdout,46.426,primary,0,0,0,0,,,unknown,excluded,Holdout has no Sentinel-1 acquisition during or within 48 hours after 4-5 March; available images are 28 February and 12 March.
osm-5380113830-6490074722-0,jakarta-20250304,holdout,77.528,primary,0,0,0,0,,,unknown,excluded,Holdout has no Sentinel-1 acquisition during or within 48 hours after 4-5 March; available images are 28 February and 12 March.
osm-5380113845-329975510-0,jakarta-20250304,holdout,60.463,primary,0,0,0,0,,,unknown,excluded,Holdout has no Sentinel-1 acquisition during or within 48 hours after 4-5 March; available images are 28 February and 12 March.
osm-5380146177-5379767891-0,jakarta-20250304,holdout,49.134,residential,0,0,0,0,,,unknown,excluded,Holdout has no Sentinel-1 acquisition during or within 48 hours after 4-5 March; available images are 28 February and 12 March.
osm-5380146201-5068494261-0,jakarta-20250304,holdout,15.52,residential,0,0,0,0,,,unknown,excluded,Holdout has no Sentinel-1 acquisition during or within 48 hours after 4-5 March; available images are 28 February and 12 March.
osm-5380146210-5068494260-0,jakarta-20250304,holdout,126.603,residential,0,0,0,0,,,unknown,excluded,Holdout has no Sentinel-1 acquisition during or within 48 hours after 4-5 March; available images are 28 February and 12 March.
osm-5380240426-317182368-0,jakarta-20250304,holdout,24.851,primary,0,0,0,0,,,unknown,excluded,Holdout has no Sentinel-1 acquisition during or within 48 hours after 4-5 March; available images are 28 February and 12 March.
osm-5380240433-5380240426-0,jakarta-20250304,holdout,29.93,primary,0,0,0,0,,,unknown,excluded,Holdout has no Sentinel-1 acquisition during or within 48 hours after 4-5 March; available images are 28 February and 12 March.
osm-5380240456-320021668-0,jakarta-20250304,holdout,2.164,primary,0,0,0,0,,,unknown,excluded,Holdout has no Sentinel-1 acquisition during or within 48 hours after 4-5 March; available images are 28 February and 12 March.
osm-5388212558-7137820748-0,jakarta-20250304,holdout,518.476,trunk,0,0,0,0,,,unknown,excluded,Holdout has no Sentinel-1 acquisition during or within 48 hours after 4-5 March; available images are 28 February and 12 March.
osm-5388328959-8509512970-0,jakarta-20250304,holdout,16.318,tertiary,0,0,0,0,,,unknown,excluded,Holdout has no Sentinel-1 acquisition during or within 48 hours after 4-5 March; available images are 28 February and 12 March.
osm-5388329052-5806359018-0,jakarta-20250304,holdout,80.021,primary,0,0,0,0,,,unknown,excluded,Holdout has no Sentinel-1 acquisition during or within 48 hours after 4-5 March; available images are 28 February and 12 March.
osm-5388382567-9504567886-0,jakarta-20250304,holdout,52.714,trunk,0,0,0,0,,,unknown,excluded,Holdout has no Sentinel-1 acquisition during or within 48 hours after 4-5 March; available images are 28 February and 12 March.
osm-5391402284-1133807089-0,jakarta-20250304,holdout,35.747,tertiary,0,0,0,0,,,unknown,excluded,Holdout has no Sentinel-1 acquisition during or within 48 hours after 4-5 March; available images are 28 February and 12 March.
osm-5391413717-316170709-0,jakarta-20250304,holdout,9.94,primary,0,0,0,0,,,unknown,excluded,Holdout has no Sentinel-1 acquisition during or within 48 hours after 4-5 March; available images are 28 February and 12 March.
osm-5408975256-5408975257-0,jakarta-20250304,holdout,18.283,secondary,0,0,0,0,,,unknown,excluded,Holdout has no Sentinel-1 acquisition during or within 48 hours after 4-5 March; available images are 28 February and 12 March.
osm-5408975257-9694871645-0,jakarta-20250304,holdout,14.016,primary,0,0,0,0,,,unknown,excluded,Holdout has no Sentinel-1 acquisition during or within 48 hours after 4-5 March; available images are 28 February and 12 March.
osm-5421851682-5489964735-0,jakarta-20250304,holdout,33.603,trunk,0,0,0,0,,,unknown,excluded,Holdout has no Sentinel-1 acquisition during or within 48 hours after 4-5 March; available images are 28 February and 12 March.
osm-5425990246-7576918597-0,jakarta-20250304,holdout,15.112,trunk,0,0,0,0,,,unknown,excluded,Holdout has no Sentinel-1 acquisition during or within 48 hours after 4-5 March; available images are 28 February and 12 March.
osm-5425990246-7576934780-0,jakarta-20250304,holdout,71.964,trunk,0,0,0,0,,,unknown,excluded,Holdout has no Sentinel-1 acquisition during or within 48 hours after 4-5 March; available images are 28 February and 12 March.
osm-5436662071-12718674420-0,jakarta-20250304,holdout,44.286,secondary,0,0,0,0,,,unknown,excluded,Holdout has no Sentinel-1 acquisition during or within 48 hours after 4-5 March; available images are 28 February and 12 March.
osm-5459048224-124093320-0,jakarta-20250304,holdout,65.208,primary,0,0,0,0,,,unknown,excluded,Holdout has no Sentinel-1 acquisition during or within 48 hours after 4-5 March; available images are 28 February and 12 March.
osm-5459161492-324276002-0,jakarta-20250304,holdout,128.529,trunk,0,0,0,0,,,unknown,excluded,Holdout has no Sentinel-1 acquisition during or within 48 hours after 4-5 March; available images are 28 February and 12 March.
osm-5459235880-13639648351-0,jakarta-20250304,holdout,3.051,primary,0,0,0,0,,,unknown,excluded,Holdout has no Sentinel-1 acquisition during or within 48 hours after 4-5 March; available images are 28 February and 12 March.
osm-5466187936-2415521692-0,jakarta-20250304,holdout,92.704,trunk,0,0,0,0,,,unknown,excluded,Holdout has no Sentinel-1 acquisition during or within 48 hours after 4-5 March; available images are 28 February and 12 March.
osm-5487632874-1342878998-0,jakarta-20250304,holdout,77.617,trunk,0,0,0,0,,,unknown,excluded,Holdout has no Sentinel-1 acquisition during or within 48 hours after 4-5 March; available images are 28 February and 12 March.
osm-5487633143-7045010187-0,jakarta-20250304,holdout,55.035,primary,0,0,0,0,,,unknown,excluded,Holdout has no Sentinel-1 acquisition during or within 48 hours after 4-5 March; available images are 28 February and 12 March.
osm-5487633251-5639226152-0,jakarta-20250304,holdout,17.519,primary,0,0,0,0,,,unknown,excluded,Holdout has no Sentinel-1 acquisition during or within 48 hours after 4-5 March; available images are 28 February and 12 March.
osm-5489964735-11501464554-0,jakarta-20250304,holdout,51.471,trunk,0,0,0,0,,,unknown,excluded,Holdout has no Sentinel-1 acquisition during or within 48 hours after 4-5 March; available images are 28 February and 12 March.
osm-5489964736-1342878941-0,jakarta-20250304,holdout,12.776,trunk,0,0,0,0,,,unknown,excluded,Holdout has no Sentinel-1 acquisition during or within 48 hours after 4-5 March; available images are 28 February and 12 March.
osm-5489964742-7045231385-0,jakarta-20250304,holdout,20.677,primary,0,0,0,0,,,unknown,excluded,Holdout has no Sentinel-1 acquisition during or within 48 hours after 4-5 March; available images are 28 February and 12 March.
osm-5490135579-5490135580-0,jakarta-20250304,holdout,11.937,primary,0,0,0,0,,,unknown,excluded,Holdout has no Sentinel-1 acquisition during or within 48 hours after 4-5 March; available images are 28 February and 12 March.
osm-5490135580-5650613341-0,jakarta-20250304,holdout,115.321,primary,0,0,0,0,,,unknown,excluded,Holdout has no Sentinel-1 acquisition during or within 48 hours after 4-5 March; available images are 28 February and 12 March.
osm-5490514226-519545266-0,jakarta-20250304,holdout,74.086,trunk,0,0,0,0,,,unknown,excluded,Holdout has no Sentinel-1 acquisition during or within 48 hours after 4-5 March; available images are 28 February and 12 March.
osm-5492419187-6878897947-0,jakarta-20250304,holdout,51.268,trunk,0,0,0,0,,,unknown,excluded,Holdout has no Sentinel-1 acquisition during or within 48 hours after 4-5 March; available images are 28 February and 12 March.
osm-5492419212-12681087362-0,jakarta-20250304,holdout,2.623,trunk,0,0,0,0,,,unknown,excluded,Holdout has no Sentinel-1 acquisition during or within 48 hours after 4-5 March; available images are 28 February and 12 March.
osm-5492419221-12676215441-0,jakarta-20250304,holdout,111.824,trunk,0,0,0,0,,,unknown,excluded,Holdout has no Sentinel-1 acquisition during or within 48 hours after 4-5 March; available images are 28 February and 12 March.
osm-5492419247-1139140184-0,jakarta-20250304,holdout,56.969,trunk,0,0,0,0,,,unknown,excluded,Holdout has no Sentinel-1 acquisition during or within 48 hours after 4-5 March; available images are 28 February and 12 March.
osm-5492419263-5492419270-0,jakarta-20250304,holdout,26.032,trunk,0,0,0,0,,,unknown,excluded,Holdout has no Sentinel-1 acquisition during or within 48 hours after 4-5 March; available images are 28 February and 12 March.
osm-5492419270-11467500634-0,jakarta-20250304,holdout,44.887,trunk,0,0,0,0,,,unknown,excluded,Holdout has no Sentinel-1 acquisition during or within 48 hours after 4-5 March; available images are 28 February and 12 March.
osm-5492419271-5493042852-0,jakarta-20250304,holdout,15.724,trunk,0,0,0,0,,,unknown,excluded,Holdout has no Sentinel-1 acquisition during or within 48 hours after 4-5 March; available images are 28 February and 12 March.
osm-5493042852-5490514226-0,jakarta-20250304,holdout,19.97,trunk,0,0,0,0,,,unknown,excluded,Holdout has no Sentinel-1 acquisition during or within 48 hours after 4-5 March; available images are 28 February and 12 March.
osm-5495680448-326484242-0,jakarta-20250304,holdout,236.173,primary,0,0,0,0,,,unknown,excluded,Holdout has no Sentinel-1 acquisition during or within 48 hours after 4-5 March; available images are 28 February and 12 March.
osm-5495827291-95006366-0,jakarta-20250304,holdout,130.695,trunk,0,0,0,0,,,unknown,excluded,Holdout has no Sentinel-1 acquisition during or within 48 hours after 4-5 March; available images are 28 February and 12 March.
osm-5498027213-7400356402-0,jakarta-20250304,holdout,13.651,trunk,0,0,0,0,,,unknown,excluded,Holdout has no Sentinel-1 acquisition during or within 48 hours after 4-5 March; available images are 28 February and 12 March.
osm-5498027297-11445322163-0,jakarta-20250304,holdout,25.602,primary,0,0,0,0,,,unknown,excluded,Holdout has no Sentinel-1 acquisition during or within 48 hours after 4-5 March; available images are 28 February and 12 March.
osm-5498027298-9626511706-0,jakarta-20250304,holdout,83.527,primary,0,0,0,0,,,unknown,excluded,Holdout has no Sentinel-1 acquisition during or within 48 hours after 4-5 March; available images are 28 February and 12 March.
osm-5498027349-9036874926-0,jakarta-20250304,holdout,79.647,primary,0,0,0,0,,,unknown,excluded,Holdout has no Sentinel-1 acquisition during or within 48 hours after 4-5 March; available images are 28 February and 12 March.
osm-5499209000-13525649819-0,jakarta-20250304,holdout,96.878,primary,0,0,0,0,,,unknown,excluded,Holdout has no Sentinel-1 acquisition during or within 48 hours after 4-5 March; available images are 28 February and 12 March.
osm-5506920627-332341344-0,jakarta-20250304,holdout,74.89,residential,0,0,0,0,,,unknown,excluded,Holdout has no Sentinel-1 acquisition during or within 48 hours after 4-5 March; available images are 28 February and 12 March.
osm-5506920631-5648666147-0,jakarta-20250304,holdout,64.166,residential,0,0,0,0,,,unknown,excluded,Holdout has no Sentinel-1 acquisition during or within 48 hours after 4-5 March; available images are 28 February and 12 March.
osm-5506920811-5523935808-0,jakarta-20250304,holdout,70.05,primary,0,0,0,0,,,unknown,excluded,Holdout has no Sentinel-1 acquisition during or within 48 hours after 4-5 March; available images are 28 February and 12 March.
osm-5513076629-9644592829-0,jakarta-20250304,holdout,10.702,trunk,0,0,0,0,,,unknown,excluded,Holdout has no Sentinel-1 acquisition during or within 48 hours after 4-5 March; available images are 28 February and 12 March.
osm-5513076675-8553000081-0,jakarta-20250304,holdout,50.454,residential,0,0,0,0,,,unknown,excluded,Holdout has no Sentinel-1 acquisition during or within 48 hours after 4-5 March; available images are 28 February and 12 March.
osm-5513424002-4836392226-0,jakarta-20250304,holdout,86.1,tertiary,0,0,0,0,,,unknown,excluded,Holdout has no Sentinel-1 acquisition during or within 48 hours after 4-5 March; available images are 28 February and 12 March.
osm-5523935808-4551163784-0,jakarta-20250304,holdout,10.016,motorway_link,0,0,0,0,,,unknown,excluded,Holdout has no Sentinel-1 acquisition during or within 48 hours after 4-5 March; available images are 28 February and 12 March.
osm-5549685553-12729353026-0,jakarta-20250304,holdout,30.042,secondary,0,0,0,0,,,unknown,excluded,Holdout has no Sentinel-1 acquisition during or within 48 hours after 4-5 March; available images are 28 February and 12 March.
osm-5549685557-5984694495-0,jakarta-20250304,holdout,20.595,primary,0,0,0,0,,,unknown,excluded,Holdout has no Sentinel-1 acquisition during or within 48 hours after 4-5 March; available images are 28 February and 12 March.
osm-5555933057-9004158961-0,jakarta-20250304,holdout,40.977,trunk,0,0,0,0,,,unknown,excluded,Holdout has no Sentinel-1 acquisition during or within 48 hours after 4-5 March; available images are 28 February and 12 March.
osm-5639226152-5489964742-0,jakarta-20250304,holdout,51.908,primary,0,0,0,0,,,unknown,excluded,Holdout has no Sentinel-1 acquisition during or within 48 hours after 4-5 March; available images are 28 February and 12 March.
osm-5647102762-326484049-0,jakarta-20250304,holdout,125.062,primary,0,0,0,0,,,unknown,excluded,Holdout has no Sentinel-1 acquisition during or within 48 hours after 4-5 March; available images are 28 February and 12 March.
osm-5648666147-332526397-0,jakarta-20250304,holdout,106.78,primary_link,0,0,0,0,,,unknown,excluded,Holdout has no Sentinel-1 acquisition during or within 48 hours after 4-5 March; available images are 28 February and 12 March.
osm-5650613341-5487633143-0,jakarta-20250304,holdout,376.955,primary,0,0,0,0,,,unknown,excluded,Holdout has no Sentinel-1 acquisition during or within 48 hours after 4-5 March; available images are 28 February and 12 March.
osm-5652800252-5498027213-0,jakarta-20250304,holdout,35.862,trunk,0,0,0,0,,,unknown,excluded,Holdout has no Sentinel-1 acquisition during or within 48 hours after 4-5 March; available images are 28 February and 12 March.
osm-5652849428-4776237954-0,jakarta-20250304,holdout,60.248,primary,0,0,0,0,,,unknown,excluded,Holdout has no Sentinel-1 acquisition during or within 48 hours after 4-5 March; available images are 28 February and 12 March.
osm-5652849431-352897075-0,jakarta-20250304,holdout,28.75,primary,0,0,0,0,,,unknown,excluded,Holdout has no Sentinel-1 acquisition during or within 48 hours after 4-5 March; available images are 28 February and 12 March.
osm-5653336499-4790999401-0,jakarta-20250304,holdout,59.502,primary,0,0,0,0,,,unknown,excluded,Holdout has no Sentinel-1 acquisition during or within 48 hours after 4-5 March; available images are 28 February and 12 March.
osm-5655125045-8510368916-0,jakarta-20250304,holdout,25.025,secondary,0,0,0,0,,,unknown,excluded,Holdout has no Sentinel-1 acquisition during or within 48 hours after 4-5 March; available images are 28 February and 12 March.
osm-5655139014-11413710169-0,jakarta-20250304,holdout,39.588,primary,0,0,0,0,,,unknown,excluded,Holdout has no Sentinel-1 acquisition during or within 48 hours after 4-5 March; available images are 28 February and 12 March.
osm-5655187222-6406796742-0,jakarta-20250304,holdout,40.316,primary,0,0,0,0,,,unknown,excluded,Holdout has no Sentinel-1 acquisition during or within 48 hours after 4-5 March; available images are 28 February and 12 March.
osm-5662302109-9533955728-0,jakarta-20250304,holdout,7.689,residential,0,0,0,0,,,unknown,excluded,Holdout has no Sentinel-1 acquisition during or within 48 hours after 4-5 March; available images are 28 February and 12 March.
osm-5662309002-9013720082-0,jakarta-20250304,holdout,172.931,primary,0,0,0,0,,,unknown,excluded,Holdout has no Sentinel-1 acquisition during or within 48 hours after 4-5 March; available images are 28 February and 12 March.
osm-5662335002-6333006951-0,jakarta-20250304,holdout,87.477,primary,0,0,0,0,,,unknown,excluded,Holdout has no Sentinel-1 acquisition during or within 48 hours after 4-5 March; available images are 28 February and 12 March.
osm-5662546639-12139330016-0,jakarta-20250304,holdout,29.701,primary,0,0,0,0,,,unknown,excluded,Holdout has no Sentinel-1 acquisition during or within 48 hours after 4-5 March; available images are 28 February and 12 March.
osm-5665581665-324275961-0,jakarta-20250304,holdout,290.514,trunk,0,0,0,0,,,unknown,excluded,Holdout has no Sentinel-1 acquisition during or within 48 hours after 4-5 March; available images are 28 February and 12 March.
osm-5668231819-310327514-0,jakarta-20250304,holdout,416.789,motorway,0,0,0,0,,,unknown,excluded,Holdout has no Sentinel-1 acquisition during or within 48 hours after 4-5 March; available images are 28 February and 12 March.
osm-5668256808-7123191860-0,jakarta-20250304,holdout,79.195,primary,0,0,0,0,,,unknown,excluded,Holdout has no Sentinel-1 acquisition during or within 48 hours after 4-5 March; available images are 28 February and 12 March.
osm-5669076905-5377178522-0,jakarta-20250304,holdout,14.68,primary,0,0,0,0,,,unknown,excluded,Holdout has no Sentinel-1 acquisition during or within 48 hours after 4-5 March; available images are 28 February and 12 March.
osm-5669078458-310042746-0,jakarta-20250304,holdout,8.428,primary,0,0,0,0,,,unknown,excluded,Holdout has no Sentinel-1 acquisition during or within 48 hours after 4-5 March; available images are 28 February and 12 March.
osm-5669078465-5669078458-0,jakarta-20250304,holdout,82.904,primary,0,0,0,0,,,unknown,excluded,Holdout has no Sentinel-1 acquisition during or within 48 hours after 4-5 March; available images are 28 February and 12 March.
osm-5670939322-5372153165-0,jakarta-20250304,holdout,4.916,trunk,0,0,0,0,,,unknown,excluded,Holdout has no Sentinel-1 acquisition during or within 48 hours after 4-5 March; available images are 28 February and 12 March.
osm-5670944441-4566501487-0,jakarta-20250304,holdout,54.753,secondary,0,0,0,0,,,unknown,excluded,Holdout has no Sentinel-1 acquisition during or within 48 hours after 4-5 March; available images are 28 February and 12 March.
osm-5671006753-5671006757-0,jakarta-20250304,holdout,79.384,trunk,0,0,0,0,,,unknown,excluded,Holdout has no Sentinel-1 acquisition during or within 48 hours after 4-5 March; available images are 28 February and 12 March.
osm-5671006757-5671006769-0,jakarta-20250304,holdout,21.263,trunk,0,0,0,0,,,unknown,excluded,Holdout has no Sentinel-1 acquisition during or within 48 hours after 4-5 March; available images are 28 February and 12 March.
osm-5671006769-7038299405-0,jakarta-20250304,holdout,37.029,trunk,0,0,0,0,,,unknown,excluded,Holdout has no Sentinel-1 acquisition during or within 48 hours after 4-5 March; available images are 28 February and 12 March.
osm-5671006775-4859118379-0,jakarta-20250304,holdout,195.157,trunk,0,0,0,0,,,unknown,excluded,Holdout has no Sentinel-1 acquisition during or within 48 hours after 4-5 March; available images are 28 February and 12 March.
osm-5671045991-3723599610-0,jakarta-20250304,holdout,679.786,motorway,0,0,0,0,,,unknown,excluded,Holdout has no Sentinel-1 acquisition during or within 48 hours after 4-5 March; available images are 28 February and 12 March.
osm-5671081801-5373977783-0,jakarta-20250304,holdout,58.052,primary,0,0,0,0,,,unknown,excluded,Holdout has no Sentinel-1 acquisition during or within 48 hours after 4-5 March; available images are 28 February and 12 March.
osm-5671267899-2821400645-0,jakarta-20250304,holdout,52.813,primary,0,0,0,0,,,unknown,excluded,Holdout has no Sentinel-1 acquisition during or within 48 hours after 4-5 March; available images are 28 February and 12 March.
osm-5671270622-7120411011-0,jakarta-20250304,holdout,15.972,primary,0,0,0,0,,,unknown,excluded,Holdout has no Sentinel-1 acquisition during or within 48 hours after 4-5 March; available images are 28 February and 12 March.
osm-5671317482-5374290437-0,jakarta-20250304,holdout,15.379,primary,0,0,0,0,,,unknown,excluded,Holdout has no Sentinel-1 acquisition during or within 48 hours after 4-5 March; available images are 28 February and 12 March.
osm-5671317488-4546100816-0,jakarta-20250304,holdout,8.99,primary,0,0,0,0,,,unknown,excluded,Holdout has no Sentinel-1 acquisition during or within 48 hours after 4-5 March; available images are 28 February and 12 March.
osm-5671327267-11246996071-0,jakarta-20250304,holdout,47.117,primary,0,0,0,0,,,unknown,excluded,Holdout has no Sentinel-1 acquisition during or within 48 hours after 4-5 March; available images are 28 February and 12 March.
osm-5671531324-5174097479-0,jakarta-20250304,holdout,47.081,primary,0,0,0,0,,,unknown,excluded,Holdout has no Sentinel-1 acquisition during or within 48 hours after 4-5 March; available images are 28 February and 12 March.
osm-5671605046-191578995-0,jakarta-20250304,holdout,12.85,primary,0,0,0,0,,,unknown,excluded,Holdout has no Sentinel-1 acquisition during or within 48 hours after 4-5 March; available images are 28 February and 12 March.
osm-5671605060-9031325937-0,jakarta-20250304,holdout,12.174,primary,0,0,0,0,,,unknown,excluded,Holdout has no Sentinel-1 acquisition during or within 48 hours after 4-5 March; available images are 28 February and 12 March.
osm-5671605063-13586870998-0,jakarta-20250304,holdout,2.625,primary,0,0,0,0,,,unknown,excluded,Holdout has no Sentinel-1 acquisition during or within 48 hours after 4-5 March; available images are 28 February and 12 March.
osm-5671605067-9031074981-0,jakarta-20250304,holdout,24.493,primary,0,0,0,0,,,unknown,excluded,Holdout has no Sentinel-1 acquisition during or within 48 hours after 4-5 March; available images are 28 February and 12 March.
osm-5673840820-13456652652-0,jakarta-20250304,holdout,39.649,trunk,0,0,0,0,,,unknown,excluded,Holdout has no Sentinel-1 acquisition during or within 48 hours after 4-5 March; available images are 28 February and 12 March.
osm-5673841347-104356356-1,jakarta-20250304,holdout,28.583,trunk,0,0,0,0,,,unknown,excluded,Holdout has no Sentinel-1 acquisition during or within 48 hours after 4-5 March; available images are 28 February and 12 March.
osm-5673841354-7284085578-0,jakarta-20250304,holdout,36.806,primary,0,0,0,0,,,unknown,excluded,Holdout has no Sentinel-1 acquisition during or within 48 hours after 4-5 March; available images are 28 February and 12 March.
osm-5673841364-3869782797-0,jakarta-20250304,holdout,154.462,primary,0,0,0,0,,,unknown,excluded,Holdout has no Sentinel-1 acquisition during or within 48 hours after 4-5 March; available images are 28 February and 12 March.
osm-5673864834-5555933057-0,jakarta-20250304,holdout,32.737,trunk,0,0,0,0,,,unknown,excluded,Holdout has no Sentinel-1 acquisition during or within 48 hours after 4-5 March; available images are 28 February and 12 March.
osm-5674017477-29939142-0,jakarta-20250304,holdout,77.824,secondary,0,0,0,0,,,unknown,excluded,Holdout has no Sentinel-1 acquisition during or within 48 hours after 4-5 March; available images are 28 February and 12 March.
osm-5680696059-11542695776-0,jakarta-20250304,holdout,67.376,primary,0,0,0,0,,,unknown,excluded,Holdout has no Sentinel-1 acquisition during or within 48 hours after 4-5 March; available images are 28 February and 12 March.
osm-5806359018-317156584-0,jakarta-20250304,holdout,428.977,primary,0,0,0,0,,,unknown,excluded,Holdout has no Sentinel-1 acquisition during or within 48 hours after 4-5 March; available images are 28 February and 12 March.
osm-5984694495-6330678685-0,jakarta-20250304,holdout,6.495,primary,0,0,0,0,,,unknown,excluded,Holdout has no Sentinel-1 acquisition during or within 48 hours after 4-5 March; available images are 28 February and 12 March.
osm-6004639297-9657468817-0,jakarta-20250304,holdout,10.458,trunk,0,0,0,0,,,unknown,excluded,Holdout has no Sentinel-1 acquisition during or within 48 hours after 4-5 March; available images are 28 February and 12 March.
osm-6118418342-309714207-0,jakarta-20250304,holdout,32.779,trunk,0,0,0,0,,,unknown,excluded,Holdout has no Sentinel-1 acquisition during or within 48 hours after 4-5 March; available images are 28 February and 12 March.
osm-6135130582-6493403591-0,jakarta-20250304,holdout,59.001,primary,0,0,0,0,,,unknown,excluded,Holdout has no Sentinel-1 acquisition during or within 48 hours after 4-5 March; available images are 28 February and 12 March.
osm-6219014696-9696714817-0,jakarta-20250304,holdout,7.958,primary,0,0,0,0,,,unknown,excluded,Holdout has no Sentinel-1 acquisition during or within 48 hours after 4-5 March; available images are 28 February and 12 March.
osm-6277705571-95022384-0,jakarta-20250304,holdout,26.565,trunk,0,0,0,0,,,unknown,excluded,Holdout has no Sentinel-1 acquisition during or within 48 hours after 4-5 March; available images are 28 February and 12 March.
osm-6315603275-104369586-0,jakarta-20250304,holdout,33.263,primary,0,0,0,0,,,unknown,excluded,Holdout has no Sentinel-1 acquisition during or within 48 hours after 4-5 March; available images are 28 February and 12 March.
osm-6315609707-7225096520-0,jakarta-20250304,holdout,19.514,primary,0,0,0,0,,,unknown,excluded,Holdout has no Sentinel-1 acquisition during or within 48 hours after 4-5 March; available images are 28 February and 12 March.
osm-6315609708-6315609707-0,jakarta-20250304,holdout,17.784,primary,0,0,0,0,,,unknown,excluded,Holdout has no Sentinel-1 acquisition during or within 48 hours after 4-5 March; available images are 28 February and 12 March.
osm-6315609717-7018595457-0,jakarta-20250304,holdout,154.243,primary,0,0,0,0,,,unknown,excluded,Holdout has no Sentinel-1 acquisition during or within 48 hours after 4-5 March; available images are 28 February and 12 March.
osm-6315609717-13695587270-0,jakarta-20250304,holdout,128.73,primary,0,0,0,0,,,unknown,excluded,Holdout has no Sentinel-1 acquisition during or within 48 hours after 4-5 March; available images are 28 February and 12 March.
osm-6315615740-4548266767-0,jakarta-20250304,holdout,86.629,primary,0,0,0,0,,,unknown,excluded,Holdout has no Sentinel-1 acquisition during or within 48 hours after 4-5 March; available images are 28 February and 12 March.
osm-6315624963-11395329908-0,jakarta-20250304,holdout,37.123,primary,0,0,0,0,,,unknown,excluded,Holdout has no Sentinel-1 acquisition during or within 48 hours after 4-5 March; available images are 28 February and 12 March.
osm-6320275018-8503624788-0,jakarta-20250304,holdout,158.031,primary,0,0,0,0,,,unknown,excluded,Holdout has no Sentinel-1 acquisition during or within 48 hours after 4-5 March; available images are 28 February and 12 March.
osm-6322281575-13675743447-0,jakarta-20250304,holdout,69.556,tertiary,0,0,0,0,,,unknown,excluded,Holdout has no Sentinel-1 acquisition during or within 48 hours after 4-5 March; available images are 28 February and 12 March.
osm-6322395865-393856974-0,jakarta-20250304,holdout,8.147,secondary,0,0,0,0,,,unknown,excluded,Holdout has no Sentinel-1 acquisition during or within 48 hours after 4-5 March; available images are 28 February and 12 March.
osm-6322395881-351116570-0,jakarta-20250304,holdout,12.182,secondary,0,0,0,0,,,unknown,excluded,Holdout has no Sentinel-1 acquisition during or within 48 hours after 4-5 March; available images are 28 February and 12 March.
osm-6322396585-11166256394-0,jakarta-20250304,holdout,78.958,secondary,0,0,0,0,,,unknown,excluded,Holdout has no Sentinel-1 acquisition during or within 48 hours after 4-5 March; available images are 28 February and 12 March.
osm-6322396593-12729353047-0,jakarta-20250304,holdout,6.375,secondary,0,0,0,0,,,unknown,excluded,Holdout has no Sentinel-1 acquisition during or within 48 hours after 4-5 March; available images are 28 February and 12 March.
osm-6330385236-6330385245-0,jakarta-20250304,holdout,21.782,primary,0,0,0,0,,,unknown,excluded,Holdout has no Sentinel-1 acquisition during or within 48 hours after 4-5 March; available images are 28 February and 12 March.
osm-6330385245-1134908642-0,jakarta-20250304,holdout,115.153,primary,0,0,0,0,,,unknown,excluded,Holdout has no Sentinel-1 acquisition during or within 48 hours after 4-5 March; available images are 28 February and 12 March.
osm-6330562646-310003828-0,jakarta-20250304,holdout,68.921,tertiary,0,0,0,0,,,unknown,excluded,Holdout has no Sentinel-1 acquisition during or within 48 hours after 4-5 March; available images are 28 February and 12 March.
osm-6330678685-5354213698-0,jakarta-20250304,holdout,54.519,primary,0,0,0,0,,,unknown,excluded,Holdout has no Sentinel-1 acquisition during or within 48 hours after 4-5 March; available images are 28 February and 12 March.
osm-6331233983-5513076629-1,jakarta-20250304,holdout,75.794,trunk,0,0,0,0,,,unknown,excluded,Holdout has no Sentinel-1 acquisition during or within 48 hours after 4-5 March; available images are 28 February and 12 March.
osm-6331405436-5492419247-0,jakarta-20250304,holdout,9.962,trunk,0,0,0,0,,,unknown,excluded,Holdout has no Sentinel-1 acquisition during or within 48 hours after 4-5 March; available images are 28 February and 12 March.
osm-6332293300-6978444810-0,jakarta-20250304,holdout,72.13,primary,0,0,0,0,,,unknown,excluded,Holdout has no Sentinel-1 acquisition during or within 48 hours after 4-5 March; available images are 28 February and 12 March.
osm-6332594575-6332293300-0,jakarta-20250304,holdout,13.762,primary,0,0,0,0,,,unknown,excluded,Holdout has no Sentinel-1 acquisition during or within 48 hours after 4-5 March; available images are 28 February and 12 March.
osm-6332607740-9031970386-0,jakarta-20250304,holdout,29.389,primary,0,0,0,0,,,unknown,excluded,Holdout has no Sentinel-1 acquisition during or within 48 hours after 4-5 March; available images are 28 February and 12 March.
osm-6332686268-4260761277-0,jakarta-20250304,holdout,82.333,primary,0,0,0,0,,,unknown,excluded,Holdout has no Sentinel-1 acquisition during or within 48 hours after 4-5 March; available images are 28 February and 12 March.
osm-6332686273-5652849431-0,jakarta-20250304,holdout,21.851,primary,0,0,0,0,,,unknown,excluded,Holdout has no Sentinel-1 acquisition during or within 48 hours after 4-5 March; available images are 28 February and 12 March.
osm-6333006951-5391413717-0,jakarta-20250304,holdout,33.887,primary,0,0,0,0,,,unknown,excluded,Holdout has no Sentinel-1 acquisition during or within 48 hours after 4-5 March; available images are 28 February and 12 March.
osm-6333252911-9019103699-0,jakarta-20250304,holdout,95.201,secondary,0,0,0,0,,,unknown,excluded,Holdout has no Sentinel-1 acquisition during or within 48 hours after 4-5 March; available images are 28 February and 12 March.
osm-6334537720-4566501805-0,jakarta-20250304,holdout,65.372,primary,0,0,0,0,,,unknown,excluded,Holdout has no Sentinel-1 acquisition during or within 48 hours after 4-5 March; available images are 28 February and 12 March.
osm-6334537728-430546294-0,jakarta-20250304,holdout,103.268,secondary,0,0,0,0,,,unknown,excluded,Holdout has no Sentinel-1 acquisition during or within 48 hours after 4-5 March; available images are 28 February and 12 March.
osm-6334659081-4566501806-0,jakarta-20250304,holdout,145.283,secondary,0,0,0,0,,,unknown,excluded,Holdout has no Sentinel-1 acquisition during or within 48 hours after 4-5 March; available images are 28 February and 12 March.
osm-6334849877-309950695-0,jakarta-20250304,holdout,121.426,primary,0,0,0,0,,,unknown,excluded,Holdout has no Sentinel-1 acquisition during or within 48 hours after 4-5 March; available images are 28 February and 12 March.
osm-6336788287-7117640144-0,jakarta-20250304,holdout,12.935,primary,0,0,0,0,,,unknown,excluded,Holdout has no Sentinel-1 acquisition during or within 48 hours after 4-5 March; available images are 28 February and 12 March.
osm-6336788292-309941624-0,jakarta-20250304,holdout,62.34,primary,0,0,0,0,,,unknown,excluded,Holdout has no Sentinel-1 acquisition during or within 48 hours after 4-5 March; available images are 28 February and 12 March.
osm-6347347053-504912724-0,jakarta-20250304,holdout,77.89,secondary,0,0,0,0,,,unknown,excluded,Holdout has no Sentinel-1 acquisition during or within 48 hours after 4-5 March; available images are 28 February and 12 March.
osm-6359768001-186894208-0,jakarta-20250304,holdout,244.214,primary,0,0,0,0,,,unknown,excluded,Holdout has no Sentinel-1 acquisition during or within 48 hours after 4-5 March; available images are 28 February and 12 March.
osm-6359768003-318168808-0,jakarta-20250304,holdout,7.699,secondary,0,0,0,0,,,unknown,excluded,Holdout has no Sentinel-1 acquisition during or within 48 hours after 4-5 March; available images are 28 February and 12 March.
osm-6366750161-332517701-0,jakarta-20250304,holdout,71.949,trunk,0,0,0,0,,,unknown,excluded,Holdout has no Sentinel-1 acquisition during or within 48 hours after 4-5 March; available images are 28 February and 12 March.
osm-6370527438-321722198-0,jakarta-20250304,holdout,125.495,primary,0,0,0,0,,,unknown,excluded,Holdout has no Sentinel-1 acquisition during or within 48 hours after 4-5 March; available images are 28 February and 12 March.
osm-6370527439-6370527438-0,jakarta-20250304,holdout,27.327,primary,0,0,0,0,,,unknown,excluded,Holdout has no Sentinel-1 acquisition during or within 48 hours after 4-5 March; available images are 28 February and 12 March.
osm-6406796742-9013059183-0,jakarta-20250304,holdout,16.894,primary,0,0,0,0,,,unknown,excluded,Holdout has no Sentinel-1 acquisition during or within 48 hours after 4-5 March; available images are 28 February and 12 March.
osm-6429880632-316486226-0,jakarta-20250304,holdout,699.086,motorway,0,0,0,0,,,unknown,excluded,Holdout has no Sentinel-1 acquisition during or within 48 hours after 4-5 March; available images are 28 February and 12 March.
osm-6430186685-2836706756-0,jakarta-20250304,holdout,202.003,secondary,0,0,0,0,,,unknown,excluded,Holdout has no Sentinel-1 acquisition during or within 48 hours after 4-5 March; available images are 28 February and 12 March.
osm-6430860592-9504400678-0,jakarta-20250304,holdout,144.74,trunk_link,0,0,0,0,,,unknown,excluded,Holdout has no Sentinel-1 acquisition during or within 48 hours after 4-5 March; available images are 28 February and 12 March.
osm-6434923286-5112284316-0,jakarta-20250304,holdout,58.452,trunk,0,0,0,0,,,unknown,excluded,Holdout has no Sentinel-1 acquisition during or within 48 hours after 4-5 March; available images are 28 February and 12 March.
osm-6434930408-5112682630-0,jakarta-20250304,holdout,47.215,trunk,0,0,0,0,,,unknown,excluded,Holdout has no Sentinel-1 acquisition during or within 48 hours after 4-5 March; available images are 28 February and 12 March.
osm-6434945508-1342879000-0,jakarta-20250304,holdout,44.222,trunk,0,0,0,0,,,unknown,excluded,Holdout has no Sentinel-1 acquisition during or within 48 hours after 4-5 March; available images are 28 February and 12 March.
osm-6434967979-2836706754-0,jakarta-20250304,holdout,77.284,residential,0,0,0,0,,,unknown,excluded,Holdout has no Sentinel-1 acquisition during or within 48 hours after 4-5 March; available images are 28 February and 12 March.
osm-6451021641-4914353827-0,jakarta-20250304,holdout,9.362,trunk,0,0,0,0,,,unknown,excluded,Holdout has no Sentinel-1 acquisition during or within 48 hours after 4-5 March; available images are 28 February and 12 March.
osm-6451233564-1757800736-0,jakarta-20250304,holdout,53.936,trunk,0,0,0,0,,,unknown,excluded,Holdout has no Sentinel-1 acquisition during or within 48 hours after 4-5 March; available images are 28 February and 12 March.
osm-6451233564-6776829930-0,jakarta-20250304,holdout,54.41,trunk_link,0,0,0,0,,,unknown,excluded,Holdout has no Sentinel-1 acquisition during or within 48 hours after 4-5 March; available images are 28 February and 12 March.
osm-6451233565-6451233564-0,jakarta-20250304,holdout,4.916,trunk,0,0,0,0,,,unknown,excluded,Holdout has no Sentinel-1 acquisition during or within 48 hours after 4-5 March; available images are 28 February and 12 March.
osm-6451233570-10098494032-0,jakarta-20250304,holdout,6.35,trunk,0,0,0,0,,,unknown,excluded,Holdout has no Sentinel-1 acquisition during or within 48 hours after 4-5 March; available images are 28 February and 12 March.
osm-6451500598-3266396608-0,jakarta-20250304,holdout,23.491,primary,0,0,0,0,,,unknown,excluded,Holdout has no Sentinel-1 acquisition during or within 48 hours after 4-5 March; available images are 28 February and 12 March.
osm-6456763921-7070822596-0,jakarta-20250304,holdout,25.188,primary,0,0,0,0,,,unknown,excluded,Holdout has no Sentinel-1 acquisition during or within 48 hours after 4-5 March; available images are 28 February and 12 March.
osm-6459026538-1135179421-0,jakarta-20250304,holdout,36.093,tertiary,0,0,0,0,,,unknown,excluded,Holdout has no Sentinel-1 acquisition during or within 48 hours after 4-5 March; available images are 28 February and 12 March.
osm-6459032697-12738838445-0,jakarta-20250304,holdout,86.479,secondary,0,0,0,0,,,unknown,excluded,Holdout has no Sentinel-1 acquisition during or within 48 hours after 4-5 March; available images are 28 February and 12 March.
osm-6459323552-4990059014-0,jakarta-20250304,holdout,255.219,primary,0,0,0,0,,,unknown,excluded,Holdout has no Sentinel-1 acquisition during or within 48 hours after 4-5 March; available images are 28 February and 12 March.
osm-6459341771-5201675288-0,jakarta-20250304,holdout,343.628,primary,0,0,0,0,,,unknown,excluded,Holdout has no Sentinel-1 acquisition during or within 48 hours after 4-5 March; available images are 28 February and 12 March.
osm-6471562381-4798985491-0,jakarta-20250304,holdout,51.527,primary,0,0,0,0,,,unknown,excluded,Holdout has no Sentinel-1 acquisition during or within 48 hours after 4-5 March; available images are 28 February and 12 March.
osm-6471563890-5373977777-0,jakarta-20250304,holdout,19.428,primary,0,0,0,0,,,unknown,excluded,Holdout has no Sentinel-1 acquisition during or within 48 hours after 4-5 March; available images are 28 February and 12 March.
osm-6477409182-4815227758-0,jakarta-20250304,holdout,43.973,tertiary,0,0,0,0,,,unknown,excluded,Holdout has no Sentinel-1 acquisition during or within 48 hours after 4-5 March; available images are 28 February and 12 March.
osm-6486347952-9491290599-0,jakarta-20250304,holdout,70.429,trunk,0,0,0,0,,,unknown,excluded,Holdout has no Sentinel-1 acquisition during or within 48 hours after 4-5 March; available images are 28 February and 12 March.
osm-6490074722-330177825-0,jakarta-20250304,holdout,9.178,primary,0,0,0,0,,,unknown,excluded,Holdout has no Sentinel-1 acquisition during or within 48 hours after 4-5 March; available images are 28 February and 12 March.
osm-6493403591-3266332372-0,jakarta-20250304,holdout,39.086,primary,0,0,0,0,,,unknown,excluded,Holdout has no Sentinel-1 acquisition during or within 48 hours after 4-5 March; available images are 28 February and 12 March.
osm-6531806778-7082730280-0,jakarta-20250304,holdout,8.68,primary,0,0,0,0,,,unknown,excluded,Holdout has no Sentinel-1 acquisition during or within 48 hours after 4-5 March; available images are 28 February and 12 March.
osm-6546950357-309712345-0,jakarta-20250304,holdout,171.284,trunk,0,0,0,0,,,unknown,excluded,Holdout has no Sentinel-1 acquisition during or within 48 hours after 4-5 March; available images are 28 February and 12 March.
osm-6547719124-1675488274-0,jakarta-20250304,holdout,9.47,primary,0,0,0,0,,,unknown,excluded,Holdout has no Sentinel-1 acquisition during or within 48 hours after 4-5 March; available images are 28 February and 12 March.
osm-6552109327-5671605046-0,jakarta-20250304,holdout,36.763,primary,0,0,0,0,,,unknown,excluded,Holdout has no Sentinel-1 acquisition during or within 48 hours after 4-5 March; available images are 28 February and 12 March.
osm-6604587143-7059651780-0,jakarta-20250304,holdout,99.035,primary,0,0,0,0,,,unknown,excluded,Holdout has no Sentinel-1 acquisition during or within 48 hours after 4-5 March; available images are 28 February and 12 March.
osm-6776762980-310048835-0,jakarta-20250304,holdout,43.994,primary,0,0,0,0,,,unknown,excluded,Holdout has no Sentinel-1 acquisition during or within 48 hours after 4-5 March; available images are 28 February and 12 March.
osm-6776762981-6776762980-0,jakarta-20250304,holdout,11.276,primary,0,0,0,0,,,unknown,excluded,Holdout has no Sentinel-1 acquisition during or within 48 hours after 4-5 March; available images are 28 February and 12 March.
osm-6776829930-6776762981-0,jakarta-20250304,holdout,26.482,trunk_link,0,0,0,0,,,unknown,excluded,Holdout has no Sentinel-1 acquisition during or within 48 hours after 4-5 March; available images are 28 February and 12 March.
osm-6797982811-6118418342-0,jakarta-20250304,holdout,64.208,trunk,0,0,0,0,,,unknown,excluded,Holdout has no Sentinel-1 acquisition during or within 48 hours after 4-5 March; available images are 28 February and 12 March.
osm-6801763173-8811850651-0,jakarta-20250304,holdout,3.643,residential,0,0,0,0,,,unknown,excluded,Holdout has no Sentinel-1 acquisition during or within 48 hours after 4-5 March; available images are 28 February and 12 March.
osm-6806925400-317193936-0,jakarta-20250304,holdout,36.732,primary,0,0,0,0,,,unknown,excluded,Holdout has no Sentinel-1 acquisition during or within 48 hours after 4-5 March; available images are 28 February and 12 March.
osm-6831185205-9486285513-0,jakarta-20250304,holdout,26.117,trunk,0,0,0,0,,,unknown,excluded,Holdout has no Sentinel-1 acquisition during or within 48 hours after 4-5 March; available images are 28 February and 12 March.
osm-6862048641-5655125045-0,jakarta-20250304,holdout,44.676,secondary,0,0,0,0,,,unknown,excluded,Holdout has no Sentinel-1 acquisition during or within 48 hours after 4-5 March; available images are 28 February and 12 March.
osm-6878897947-1139139728-0,jakarta-20250304,holdout,35.183,trunk,0,0,0,0,,,unknown,excluded,Holdout has no Sentinel-1 acquisition during or within 48 hours after 4-5 March; available images are 28 February and 12 March.
osm-6884974160-11899737707-0,jakarta-20250304,holdout,21.993,primary,0,0,0,0,,,unknown,excluded,Holdout has no Sentinel-1 acquisition during or within 48 hours after 4-5 March; available images are 28 February and 12 March.
osm-6907592439-315710860-0,jakarta-20250304,holdout,42.956,secondary,0,0,0,0,,,unknown,excluded,Holdout has no Sentinel-1 acquisition during or within 48 hours after 4-5 March; available images are 28 February and 12 March.
osm-6907714745-5380146210-0,jakarta-20250304,holdout,142.335,residential,0,0,0,0,,,unknown,excluded,Holdout has no Sentinel-1 acquisition during or within 48 hours after 4-5 March; available images are 28 February and 12 March.
osm-6910883258-4849427384-0,jakarta-20250304,holdout,44.406,primary,0,0,0,0,,,unknown,excluded,Holdout has no Sentinel-1 acquisition during or within 48 hours after 4-5 March; available images are 28 February and 12 March.
osm-6978444809-9002723306-0,jakarta-20250304,holdout,185.104,primary,0,0,0,0,,,unknown,excluded,Holdout has no Sentinel-1 acquisition during or within 48 hours after 4-5 March; available images are 28 February and 12 March.
osm-6978444810-6978444809-0,jakarta-20250304,holdout,30.621,primary,0,0,0,0,,,unknown,excluded,Holdout has no Sentinel-1 acquisition during or within 48 hours after 4-5 March; available images are 28 February and 12 March.
osm-6978547983-3723635038-0,jakarta-20250304,holdout,228.128,trunk,0,0,0,0,,,unknown,excluded,Holdout has no Sentinel-1 acquisition during or within 48 hours after 4-5 March; available images are 28 February and 12 March.
osm-7003228710-1321537155-0,jakarta-20250304,holdout,11.784,primary,0,0,0,0,,,unknown,excluded,Holdout has no Sentinel-1 acquisition during or within 48 hours after 4-5 March; available images are 28 February and 12 March.
osm-7003228710-7003248324-0,jakarta-20250304,holdout,14.05,primary_link,0,0,0,0,,,unknown,excluded,Holdout has no Sentinel-1 acquisition during or within 48 hours after 4-5 March; available images are 28 February and 12 March.
osm-7003248324-1321537155-0,jakarta-20250304,holdout,12.074,primary,0,0,0,0,,,unknown,excluded,Holdout has no Sentinel-1 acquisition during or within 48 hours after 4-5 March; available images are 28 February and 12 March.
osm-7015230195-4849427387-0,jakarta-20250304,holdout,64.876,primary,0,0,0,0,,,unknown,excluded,Holdout has no Sentinel-1 acquisition during or within 48 hours after 4-5 March; available images are 28 February and 12 March.
osm-7015230199-7015230195-0,jakarta-20250304,holdout,44.623,primary,0,0,0,0,,,unknown,excluded,Holdout has no Sentinel-1 acquisition during or within 48 hours after 4-5 March; available images are 28 February and 12 March.
osm-7018595457-6315609708-0,jakarta-20250304,holdout,34.224,primary,0,0,0,0,,,unknown,excluded,Holdout has no Sentinel-1 acquisition during or within 48 hours after 4-5 March; available images are 28 February and 12 March.
osm-7026798812-5498027297-0,jakarta-20250304,holdout,424.098,primary,0,0,0,0,,,unknown,excluded,Holdout has no Sentinel-1 acquisition during or within 48 hours after 4-5 March; available images are 28 February and 12 March.
osm-7027128992-4658384434-0,jakarta-20250304,holdout,91.163,primary,0,0,0,0,,,unknown,excluded,Holdout has no Sentinel-1 acquisition during or within 48 hours after 4-5 March; available images are 28 February and 12 March.
osm-7027231693-4152867163-0,jakarta-20250304,holdout,112.816,primary,0,0,0,0,,,unknown,excluded,Holdout has no Sentinel-1 acquisition during or within 48 hours after 4-5 March; available images are 28 February and 12 March.
osm-7029385572-316486305-0,jakarta-20250304,holdout,43.932,trunk_link,0,0,0,0,,,unknown,excluded,Holdout has no Sentinel-1 acquisition during or within 48 hours after 4-5 March; available images are 28 February and 12 March.
osm-7029563618-4993841487-0,jakarta-20250304,holdout,28.299,primary_link,0,0,0,0,,,unknown,excluded,Holdout has no Sentinel-1 acquisition during or within 48 hours after 4-5 March; available images are 28 February and 12 March.
osm-7029563618-7029563620-0,jakarta-20250304,holdout,12.404,primary,0,0,0,0,,,unknown,excluded,Holdout has no Sentinel-1 acquisition during or within 48 hours after 4-5 March; available images are 28 February and 12 March.
osm-7029563620-7029563621-0,jakarta-20250304,holdout,10.441,primary,0,0,0,0,,,unknown,excluded,Holdout has no Sentinel-1 acquisition during or within 48 hours after 4-5 March; available images are 28 February and 12 March.
osm-7029563621-12530400916-0,jakarta-20250304,holdout,28.354,primary,0,0,0,0,,,unknown,excluded,Holdout has no Sentinel-1 acquisition during or within 48 hours after 4-5 March; available images are 28 February and 12 March.
osm-7038299405-388023277-0,jakarta-20250304,holdout,43.755,trunk,0,0,0,0,,,unknown,excluded,Holdout has no Sentinel-1 acquisition during or within 48 hours after 4-5 March; available images are 28 February and 12 March.
osm-7039275702-1359134222-0,jakarta-20250304,holdout,36.048,primary,0,0,0,0,,,unknown,excluded,Holdout has no Sentinel-1 acquisition during or within 48 hours after 4-5 March; available images are 28 February and 12 March.
osm-7044795931-7509918742-0,jakarta-20250304,holdout,11.4,primary,0,0,0,0,,,unknown,excluded,Holdout has no Sentinel-1 acquisition during or within 48 hours after 4-5 March; available images are 28 February and 12 March.
osm-7044795934-7044795931-0,jakarta-20250304,holdout,24.82,primary,0,0,0,0,,,unknown,excluded,Holdout has no Sentinel-1 acquisition during or within 48 hours after 4-5 March; available images are 28 February and 12 March.
osm-7045010187-5487633251-0,jakarta-20250304,holdout,205.057,primary,0,0,0,0,,,unknown,excluded,Holdout has no Sentinel-1 acquisition during or within 48 hours after 4-5 March; available images are 28 February and 12 March.
osm-7045010651-4502213977-0,jakarta-20250304,holdout,32.545,secondary,0,0,0,0,,,unknown,excluded,Holdout has no Sentinel-1 acquisition during or within 48 hours after 4-5 March; available images are 28 February and 12 March.
osm-7045231385-11501464552-0,jakarta-20250304,holdout,22.119,primary,0,0,0,0,,,unknown,excluded,Holdout has no Sentinel-1 acquisition during or within 48 hours after 4-5 March; available images are 28 February and 12 March.
osm-7046982976-1682844563-0,jakarta-20250304,holdout,396.732,primary,0,0,0,0,,,unknown,excluded,Holdout has no Sentinel-1 acquisition during or within 48 hours after 4-5 March; available images are 28 February and 12 March.
osm-7050035434-7050035438-0,jakarta-20250304,holdout,35.11,primary,0,0,0,0,,,unknown,excluded,Holdout has no Sentinel-1 acquisition during or within 48 hours after 4-5 March; available images are 28 February and 12 March.
osm-7050035434-7050035440-0,jakarta-20250304,holdout,73.184,trunk,0,0,0,0,,,unknown,excluded,Holdout has no Sentinel-1 acquisition during or within 48 hours after 4-5 March; available images are 28 February and 12 March.
osm-7050035438-7122914747-0,jakarta-20250304,holdout,88.409,primary,0,0,0,0,,,unknown,excluded,Holdout has no Sentinel-1 acquisition during or within 48 hours after 4-5 March; available images are 28 February and 12 March.
osm-7050035440-7246575157-0,jakarta-20250304,holdout,9.626,trunk,0,0,0,0,,,unknown,excluded,Holdout has no Sentinel-1 acquisition during or within 48 hours after 4-5 March; available images are 28 February and 12 March.
osm-7052519688-7070168306-0,jakarta-20250304,holdout,87.927,trunk,0,0,0,0,,,unknown,excluded,Holdout has no Sentinel-1 acquisition during or within 48 hours after 4-5 March; available images are 28 February and 12 March.
osm-7055752942-5006633608-0,jakarta-20250304,holdout,119.355,primary,0,0,0,0,,,unknown,excluded,Holdout has no Sentinel-1 acquisition during or within 48 hours after 4-5 March; available images are 28 February and 12 March.
osm-7055776846-4990059515-0,jakarta-20250304,holdout,193.239,primary,0,0,0,0,,,unknown,excluded,Holdout has no Sentinel-1 acquisition during or within 48 hours after 4-5 March; available images are 28 February and 12 March.
osm-7059042271-6315609717-0,jakarta-20250304,holdout,5.34,primary,0,0,0,0,,,unknown,excluded,Holdout has no Sentinel-1 acquisition during or within 48 hours after 4-5 March; available images are 28 February and 12 March.
osm-7059651780-316412093-0,jakarta-20250304,holdout,12.186,primary,0,0,0,0,,,unknown,excluded,Holdout has no Sentinel-1 acquisition during or within 48 hours after 4-5 March; available images are 28 February and 12 March.
osm-7062375566-7513762422-0,jakarta-20250304,holdout,5.34,primary,0,0,0,0,,,unknown,excluded,Holdout has no Sentinel-1 acquisition during or within 48 hours after 4-5 March; available images are 28 February and 12 March.
osm-7070168306-7483895436-0,jakarta-20250304,holdout,11.254,trunk,0,0,0,0,,,unknown,excluded,Holdout has no Sentinel-1 acquisition during or within 48 hours after 4-5 March; available images are 28 February and 12 March.
osm-7070168315-310048098-0,jakarta-20250304,holdout,999.957,motorway,0,0,0,0,,,unknown,excluded,Holdout has no Sentinel-1 acquisition during or within 48 hours after 4-5 March; available images are 28 February and 12 March.
osm-7070822596-7027231693-0,jakarta-20250304,holdout,71.423,primary,0,0,0,0,,,unknown,excluded,Holdout has no Sentinel-1 acquisition during or within 48 hours after 4-5 March; available images are 28 February and 12 March.
osm-7082730280-5655139014-0,jakarta-20250304,holdout,38.36,primary,0,0,0,0,,,unknown,excluded,Holdout has no Sentinel-1 acquisition during or within 48 hours after 4-5 March; available images are 28 February and 12 March.
osm-7082864214-310048835-0,jakarta-20250304,holdout,73.245,motorway_link,0,0,0,0,,,unknown,excluded,Holdout has no Sentinel-1 acquisition during or within 48 hours after 4-5 March; available images are 28 February and 12 March.
osm-7096117327-6862048641-0,jakarta-20250304,holdout,43.381,secondary,0,0,0,0,,,unknown,excluded,Holdout has no Sentinel-1 acquisition during or within 48 hours after 4-5 March; available images are 28 February and 12 March.
osm-7098183581-9695103618-0,jakarta-20250304,holdout,26.537,secondary,0,0,0,0,,,unknown,excluded,Holdout has no Sentinel-1 acquisition during or within 48 hours after 4-5 March; available images are 28 February and 12 March.
osm-7103369194-317156628-0,jakarta-20250304,holdout,20.31,primary,0,0,0,0,,,unknown,excluded,Holdout has no Sentinel-1 acquisition during or within 48 hours after 4-5 March; available images are 28 February and 12 March.
osm-7103369200-7103369194-0,jakarta-20250304,holdout,17.552,primary,0,0,0,0,,,unknown,excluded,Holdout has no Sentinel-1 acquisition during or within 48 hours after 4-5 March; available images are 28 February and 12 March.
osm-7103903985-1351484887-0,jakarta-20250304,holdout,5.251,primary,0,0,0,0,,,unknown,excluded,Holdout has no Sentinel-1 acquisition during or within 48 hours after 4-5 March; available images are 28 February and 12 March.
osm-7104997606-5172730315-0,jakarta-20250304,holdout,64.294,secondary,0,0,0,0,,,unknown,excluded,Holdout has no Sentinel-1 acquisition during or within 48 hours after 4-5 March; available images are 28 February and 12 March.
osm-7105384963-1342878909-0,jakarta-20250304,holdout,100.619,trunk,0,0,0,0,,,unknown,excluded,Holdout has no Sentinel-1 acquisition during or within 48 hours after 4-5 March; available images are 28 February and 12 March.
osm-7112944949-393861915-0,jakarta-20250304,holdout,25.867,secondary,0,0,0,0,,,unknown,excluded,Holdout has no Sentinel-1 acquisition during or within 48 hours after 4-5 March; available images are 28 February and 12 March.
osm-7117458776-5380055271-0,jakarta-20250304,holdout,186.493,trunk,0,0,0,0,,,unknown,excluded,Holdout has no Sentinel-1 acquisition during or within 48 hours after 4-5 March; available images are 28 February and 12 March.
osm-7117640144-5189820259-0,jakarta-20250304,holdout,189.56,primary,0,0,0,0,,,unknown,excluded,Holdout has no Sentinel-1 acquisition during or within 48 hours after 4-5 March; available images are 28 February and 12 March.
osm-7118113165-104356359-0,jakarta-20250304,holdout,75.152,trunk,0,0,0,0,,,unknown,excluded,Holdout has no Sentinel-1 acquisition during or within 48 hours after 4-5 March; available images are 28 February and 12 March.
osm-7120306569-5371596275-0,jakarta-20250304,holdout,63.385,primary,0,0,0,0,,,unknown,excluded,Holdout has no Sentinel-1 acquisition during or within 48 hours after 4-5 March; available images are 28 February and 12 March.
osm-7120306577-7120306569-0,jakarta-20250304,holdout,25.987,primary,0,0,0,0,,,unknown,excluded,Holdout has no Sentinel-1 acquisition during or within 48 hours after 4-5 March; available images are 28 February and 12 March.
osm-7120310389-9665578858-0,jakarta-20250304,holdout,59.0,primary,0,0,0,0,,,unknown,excluded,Holdout has no Sentinel-1 acquisition during or within 48 hours after 4-5 March; available images are 28 February and 12 March.
osm-7120318185-7120380404-0,jakarta-20250304,holdout,22.25,primary,0,0,0,0,,,unknown,excluded,Holdout has no Sentinel-1 acquisition during or within 48 hours after 4-5 March; available images are 28 February and 12 March.
osm-7120341842-7120393917-0,jakarta-20250304,holdout,18.174,primary,0,0,0,0,,,unknown,excluded,Holdout has no Sentinel-1 acquisition during or within 48 hours after 4-5 March; available images are 28 February and 12 March.
osm-7120370231-4996688468-0,jakarta-20250304,holdout,57.882,primary,0,0,0,0,,,unknown,excluded,Holdout has no Sentinel-1 acquisition during or within 48 hours after 4-5 March; available images are 28 February and 12 March.
osm-7120377653-29939156-0,jakarta-20250304,holdout,38.542,primary,0,0,0,0,,,unknown,excluded,Holdout has no Sentinel-1 acquisition during or within 48 hours after 4-5 March; available images are 28 February and 12 March.
osm-7120377658-7120377653-0,jakarta-20250304,holdout,12.145,primary,0,0,0,0,,,unknown,excluded,Holdout has no Sentinel-1 acquisition during or within 48 hours after 4-5 March; available images are 28 February and 12 March.
osm-7120380401-5371596264-0,jakarta-20250304,holdout,14.281,primary,0,0,0,0,,,unknown,excluded,Holdout has no Sentinel-1 acquisition during or within 48 hours after 4-5 March; available images are 28 February and 12 March.
osm-7120380404-7120380401-0,jakarta-20250304,holdout,16.262,primary,0,0,0,0,,,unknown,excluded,Holdout has no Sentinel-1 acquisition during or within 48 hours after 4-5 March; available images are 28 February and 12 March.
osm-7120383641-10758010539-0,jakarta-20250304,holdout,74.185,primary,0,0,0,0,,,unknown,excluded,Holdout has no Sentinel-1 acquisition during or within 48 hours after 4-5 March; available images are 28 February and 12 March.
osm-7120383650-7120383641-0,jakarta-20250304,holdout,20.977,primary,0,0,0,0,,,unknown,excluded,Holdout has no Sentinel-1 acquisition during or within 48 hours after 4-5 March; available images are 28 February and 12 March.
osm-7120383655-7120383650-0,jakarta-20250304,holdout,10.639,primary,0,0,0,0,,,unknown,excluded,Holdout has no Sentinel-1 acquisition during or within 48 hours after 4-5 March; available images are 28 February and 12 March.
osm-7120383657-1163404618-0,jakarta-20250304,holdout,11.476,primary,0,0,0,0,,,unknown,excluded,Holdout has no Sentinel-1 acquisition during or within 48 hours after 4-5 March; available images are 28 February and 12 March.
osm-7120383659-7120383657-0,jakarta-20250304,holdout,19.811,primary,0,0,0,0,,,unknown,excluded,Holdout has no Sentinel-1 acquisition during or within 48 hours after 4-5 March; available images are 28 February and 12 March.
osm-7120393905-7120377658-0,jakarta-20250304,holdout,50.707,primary,0,0,0,0,,,unknown,excluded,Holdout has no Sentinel-1 acquisition during or within 48 hours after 4-5 March; available images are 28 February and 12 March.
osm-7120393917-7120306577-0,jakarta-20250304,holdout,8.037,primary,0,0,0,0,,,unknown,excluded,Holdout has no Sentinel-1 acquisition during or within 48 hours after 4-5 March; available images are 28 February and 12 March.
osm-7120393920-5371596268-0,jakarta-20250304,holdout,15.313,primary,0,0,0,0,,,unknown,excluded,Holdout has no Sentinel-1 acquisition during or within 48 hours after 4-5 March; available images are 28 February and 12 March.
osm-7120410534-4899821967-0,jakarta-20250304,holdout,97.519,primary,0,0,0,0,,,unknown,excluded,Holdout has no Sentinel-1 acquisition during or within 48 hours after 4-5 March; available images are 28 February and 12 March.
osm-7120410539-7120410534-0,jakarta-20250304,holdout,34.162,primary,0,0,0,0,,,unknown,excluded,Holdout has no Sentinel-1 acquisition during or within 48 hours after 4-5 March; available images are 28 February and 12 March.
osm-7120410540-7120410539-0,jakarta-20250304,holdout,19.381,primary,0,0,0,0,,,unknown,excluded,Holdout has no Sentinel-1 acquisition during or within 48 hours after 4-5 March; available images are 28 February and 12 March.
osm-7120410546-13720913830-0,jakarta-20250304,holdout,9.312,primary,0,0,0,0,,,unknown,excluded,Holdout has no Sentinel-1 acquisition during or within 48 hours after 4-5 March; available images are 28 February and 12 March.
osm-7120411005-7120419447-0,jakarta-20250304,holdout,55.116,primary,0,0,0,0,,,unknown,excluded,Holdout has no Sentinel-1 acquisition during or within 48 hours after 4-5 March; available images are 28 February and 12 March.
osm-7120411011-7120411005-0,jakarta-20250304,holdout,19.969,primary,0,0,0,0,,,unknown,excluded,Holdout has no Sentinel-1 acquisition during or within 48 hours after 4-5 March; available images are 28 February and 12 March.
osm-7120419442-29939154-0,jakarta-20250304,holdout,35.593,primary,0,0,0,0,,,unknown,excluded,Holdout has no Sentinel-1 acquisition during or within 48 hours after 4-5 March; available images are 28 February and 12 March.
osm-7120419444-7120419442-0,jakarta-20250304,holdout,26.578,primary,0,0,0,0,,,unknown,excluded,Holdout has no Sentinel-1 acquisition during or within 48 hours after 4-5 March; available images are 28 February and 12 March.
osm-7120419447-7120419444-0,jakarta-20250304,holdout,10.136,primary,0,0,0,0,,,unknown,excluded,Holdout has no Sentinel-1 acquisition during or within 48 hours after 4-5 March; available images are 28 February and 12 March.
osm-7120440775-7756153690-0,jakarta-20250304,holdout,7.5,primary,0,0,0,0,,,unknown,excluded,Holdout has no Sentinel-1 acquisition during or within 48 hours after 4-5 March; available images are 28 February and 12 March.
osm-7120440781-5671531324-0,jakarta-20250304,holdout,51.471,primary,0,0,0,0,,,unknown,excluded,Holdout has no Sentinel-1 acquisition during or within 48 hours after 4-5 March; available images are 28 February and 12 March.
osm-7120487195-316374654-0,jakarta-20250304,holdout,13.689,primary,0,0,0,0,,,unknown,excluded,Holdout has no Sentinel-1 acquisition during or within 48 hours after 4-5 March; available images are 28 February and 12 March.
osm-7120487197-7120487195-0,jakarta-20250304,holdout,14.81,primary,0,0,0,0,,,unknown,excluded,Holdout has no Sentinel-1 acquisition during or within 48 hours after 4-5 March; available images are 28 February and 12 March.
osm-7120502855-4750115938-0,jakarta-20250304,holdout,159.115,primary,0,0,0,0,,,unknown,excluded,Holdout has no Sentinel-1 acquisition during or within 48 hours after 4-5 March; available images are 28 February and 12 March.
osm-7120512601-5669076905-0,jakarta-20250304,holdout,60.461,primary,0,0,0,0,,,unknown,excluded,Holdout has no Sentinel-1 acquisition during or within 48 hours after 4-5 March; available images are 28 February and 12 March.
osm-7120831201-1376428022-0,jakarta-20250304,holdout,11.772,trunk,0,0,0,0,,,unknown,excluded,Holdout has no Sentinel-1 acquisition during or within 48 hours after 4-5 March; available images are 28 February and 12 March.
osm-7122843809-7045010651-0,jakarta-20250304,holdout,34.393,secondary,0,0,0,0,,,unknown,excluded,Holdout has no Sentinel-1 acquisition during or within 48 hours after 4-5 March; available images are 28 February and 12 March.
osm-7122914747-5673841354-0,jakarta-20250304,holdout,40.978,primary,0,0,0,0,,,unknown,excluded,Holdout has no Sentinel-1 acquisition during or within 48 hours after 4-5 March; available images are 28 February and 12 March.
osm-7123191860-13828094473-0,jakarta-20250304,holdout,45.62,primary,0,0,0,0,,,unknown,excluded,Holdout has no Sentinel-1 acquisition during or within 48 hours after 4-5 March; available images are 28 February and 12 March.
osm-7131381422-5425990246-0,jakarta-20250304,holdout,97.807,trunk,0,0,0,0,,,unknown,excluded,Holdout has no Sentinel-1 acquisition during or within 48 hours after 4-5 March; available images are 28 February and 12 March.
osm-7131628847-5068494252-0,jakarta-20250304,holdout,28.717,residential,0,0,0,0,,,unknown,excluded,Holdout has no Sentinel-1 acquisition during or within 48 hours after 4-5 March; available images are 28 February and 12 March.
osm-7131628852-7131628847-1,jakarta-20250304,holdout,77.693,service,0,0,0,0,,,unknown,excluded,Holdout has no Sentinel-1 acquisition during or within 48 hours after 4-5 March; available images are 28 February and 12 March.
osm-7131701881-9694163557-0,jakarta-20250304,holdout,323.736,primary,0,0,0,0,,,unknown,excluded,Holdout has no Sentinel-1 acquisition during or within 48 hours after 4-5 March; available images are 28 February and 12 March.
osm-7132187495-7132187498-0,jakarta-20250304,holdout,51.015,primary,0,0,0,0,,,unknown,excluded,Holdout has no Sentinel-1 acquisition during or within 48 hours after 4-5 March; available images are 28 February and 12 March.
osm-7132187498-9009474493-0,jakarta-20250304,holdout,17.111,primary,0,0,0,0,,,unknown,excluded,Holdout has no Sentinel-1 acquisition during or within 48 hours after 4-5 March; available images are 28 February and 12 March.
osm-7132270238-5374380799-0,jakarta-20250304,holdout,186.293,primary,0,0,0,0,,,unknown,excluded,Holdout has no Sentinel-1 acquisition during or within 48 hours after 4-5 March; available images are 28 February and 12 March.
osm-7137519768-7137727237-0,jakarta-20250304,holdout,272.485,trunk,0,0,0,0,,,unknown,excluded,Holdout has no Sentinel-1 acquisition during or within 48 hours after 4-5 March; available images are 28 February and 12 March.
osm-7137574112-5380068218-0,jakarta-20250304,holdout,104.846,trunk,0,0,0,0,,,unknown,excluded,Holdout has no Sentinel-1 acquisition during or within 48 hours after 4-5 March; available images are 28 February and 12 March.
osm-7137652765-328320159-0,jakarta-20250304,holdout,114.029,trunk_link,0,0,0,0,,,unknown,excluded,Holdout has no Sentinel-1 acquisition during or within 48 hours after 4-5 March; available images are 28 February and 12 March.
osm-7137727237-7246511033-0,jakarta-20250304,holdout,16.412,trunk,0,0,0,0,,,unknown,excluded,Holdout has no Sentinel-1 acquisition during or within 48 hours after 4-5 March; available images are 28 February and 12 March.
osm-7137820748-4548267014-0,jakarta-20250304,holdout,58.717,trunk,0,0,0,0,,,unknown,excluded,Holdout has no Sentinel-1 acquisition during or within 48 hours after 4-5 March; available images are 28 February and 12 March.
osm-7140161059-6434930408-0,jakarta-20250304,holdout,40.295,trunk,0,0,0,0,,,unknown,excluded,Holdout has no Sentinel-1 acquisition during or within 48 hours after 4-5 March; available images are 28 February and 12 March.
osm-7140306354-6434945508-0,jakarta-20250304,holdout,54.41,trunk,0,0,0,0,,,unknown,excluded,Holdout has no Sentinel-1 acquisition during or within 48 hours after 4-5 March; available images are 28 February and 12 March.
osm-7147121113-7697810035-0,jakarta-20250304,holdout,382.128,trunk,0,0,0,0,,,unknown,excluded,Holdout has no Sentinel-1 acquisition during or within 48 hours after 4-5 March; available images are 28 February and 12 March.
osm-7149726253-5487632874-0,jakarta-20250304,holdout,107.102,trunk,0,0,0,0,,,unknown,excluded,Holdout has no Sentinel-1 acquisition during or within 48 hours after 4-5 March; available images are 28 February and 12 March.
osm-7152827727-10599212863-0,jakarta-20250304,holdout,36.824,tertiary,0,0,0,0,,,unknown,excluded,Holdout has no Sentinel-1 acquisition during or within 48 hours after 4-5 March; available images are 28 February and 12 March.
osm-7156322369-316374602-0,jakarta-20250304,holdout,27.08,primary,0,0,0,0,,,unknown,excluded,Holdout has no Sentinel-1 acquisition during or within 48 hours after 4-5 March; available images are 28 February and 12 March.
osm-7192466992-1695811568-0,jakarta-20250304,holdout,105.94,residential,0,0,0,0,,,unknown,excluded,Holdout has no Sentinel-1 acquisition during or within 48 hours after 4-5 March; available images are 28 February and 12 March.
osm-7225096520-4800528564-0,jakarta-20250304,holdout,22.681,primary,0,0,0,0,,,unknown,excluded,Holdout has no Sentinel-1 acquisition during or within 48 hours after 4-5 March; available images are 28 February and 12 March.
osm-7226592293-7226690310-0,jakarta-20250304,holdout,94.197,primary,0,0,0,0,,,unknown,excluded,Holdout has no Sentinel-1 acquisition during or within 48 hours after 4-5 March; available images are 28 February and 12 March.
osm-7226690310-9684746119-0,jakarta-20250304,holdout,43.501,primary,0,0,0,0,,,unknown,excluded,Holdout has no Sentinel-1 acquisition during or within 48 hours after 4-5 March; available images are 28 February and 12 March.
osm-7226690317-1311842311-0,jakarta-20250304,holdout,19.693,primary,0,0,0,0,,,unknown,excluded,Holdout has no Sentinel-1 acquisition during or within 48 hours after 4-5 March; available images are 28 February and 12 March.
osm-7229469661-4776087714-0,jakarta-20250304,holdout,25.968,tertiary,0,0,0,0,,,unknown,excluded,Holdout has no Sentinel-1 acquisition during or within 48 hours after 4-5 March; available images are 28 February and 12 March.
osm-7241544817-5227396653-0,jakarta-20250304,holdout,43.856,primary,0,0,0,0,,,unknown,excluded,Holdout has no Sentinel-1 acquisition during or within 48 hours after 4-5 March; available images are 28 February and 12 March.
osm-7241781245-315305416-0,jakarta-20250304,holdout,19.738,tertiary,0,0,0,0,,,unknown,excluded,Holdout has no Sentinel-1 acquisition during or within 48 hours after 4-5 March; available images are 28 February and 12 March.
osm-7246473924-4564612508-0,jakarta-20250304,holdout,30.73,primary,0,0,0,0,,,unknown,excluded,Holdout has no Sentinel-1 acquisition during or within 48 hours after 4-5 March; available images are 28 February and 12 March.
osm-7246511033-7137652765-0,jakarta-20250304,holdout,31.486,trunk,0,0,0,0,,,unknown,excluded,Holdout has no Sentinel-1 acquisition during or within 48 hours after 4-5 March; available images are 28 February and 12 March.
osm-7246575157-5673840820-0,jakarta-20250304,holdout,10.249,trunk,0,0,0,0,,,unknown,excluded,Holdout has no Sentinel-1 acquisition during or within 48 hours after 4-5 March; available images are 28 February and 12 March.
osm-7249176145-104363249-0,jakarta-20250304,holdout,46.069,primary,0,0,0,0,,,unknown,excluded,Holdout has no Sentinel-1 acquisition during or within 48 hours after 4-5 March; available images are 28 February and 12 March.
osm-7260196327-1139139742-1,jakarta-20250304,holdout,299.132,trunk,0,0,0,0,,,unknown,excluded,Holdout has no Sentinel-1 acquisition during or within 48 hours after 4-5 March; available images are 28 February and 12 March.
osm-7260204106-6331405436-0,jakarta-20250304,holdout,89.21,trunk,0,0,0,0,,,unknown,excluded,Holdout has no Sentinel-1 acquisition during or within 48 hours after 4-5 March; available images are 28 February and 12 March.
osm-7284085578-317417610-0,jakarta-20250304,holdout,14.124,primary,0,0,0,0,,,unknown,excluded,Holdout has no Sentinel-1 acquisition during or within 48 hours after 4-5 March; available images are 28 February and 12 March.
osm-7400356402-95010735-0,jakarta-20250304,holdout,12.803,trunk,0,0,0,0,,,unknown,excluded,Holdout has no Sentinel-1 acquisition during or within 48 hours after 4-5 March; available images are 28 February and 12 March.
osm-7400356402-1133343792-0,jakarta-20250304,holdout,141.614,tertiary,0,0,0,0,,,unknown,excluded,Holdout has no Sentinel-1 acquisition during or within 48 hours after 4-5 March; available images are 28 February and 12 March.
osm-7483895397-5372153187-0,jakarta-20250304,holdout,43.466,trunk,0,0,0,0,,,unknown,excluded,Holdout has no Sentinel-1 acquisition during or within 48 hours after 4-5 March; available images are 28 February and 12 March.
osm-7483895436-7483895397-0,jakarta-20250304,holdout,3.517,trunk,0,0,0,0,,,unknown,excluded,Holdout has no Sentinel-1 acquisition during or within 48 hours after 4-5 March; available images are 28 February and 12 March.
osm-7496439574-1321228566-0,jakarta-20250304,holdout,37.211,primary,0,0,0,0,,,unknown,excluded,Holdout has no Sentinel-1 acquisition during or within 48 hours after 4-5 March; available images are 28 February and 12 March.
osm-7509918738-9691407991-0,jakarta-20250304,holdout,5.173,primary,0,0,0,0,,,unknown,excluded,Holdout has no Sentinel-1 acquisition during or within 48 hours after 4-5 March; available images are 28 February and 12 March.
osm-7509918742-7496439574-0,jakarta-20250304,holdout,10.744,primary,0,0,0,0,,,unknown,excluded,Holdout has no Sentinel-1 acquisition during or within 48 hours after 4-5 March; available images are 28 February and 12 March.
osm-7513762422-9075741779-0,jakarta-20250304,holdout,15.963,primary,0,0,0,0,,,unknown,excluded,Holdout has no Sentinel-1 acquisition during or within 48 hours after 4-5 March; available images are 28 February and 12 March.
osm-7516900856-4548266264-0,jakarta-20250304,holdout,37.311,trunk,0,0,0,0,,,unknown,excluded,Holdout has no Sentinel-1 acquisition during or within 48 hours after 4-5 March; available images are 28 February and 12 March.
osm-7530848743-11925999197-0,jakarta-20250304,holdout,175.146,primary,0,0,0,0,,,unknown,excluded,Holdout has no Sentinel-1 acquisition during or within 48 hours after 4-5 March; available images are 28 February and 12 March.
osm-7570445358-4564851111-0,jakarta-20250304,holdout,16.88,primary,0,0,0,0,,,unknown,excluded,Holdout has no Sentinel-1 acquisition during or within 48 hours after 4-5 March; available images are 28 February and 12 March.
osm-7576918586-2415817217-0,jakarta-20250304,holdout,322.96,motorway,0,0,0,0,,,unknown,excluded,Holdout has no Sentinel-1 acquisition during or within 48 hours after 4-5 March; available images are 28 February and 12 March.
osm-7576918597-7147121113-0,jakarta-20250304,holdout,79.31,trunk,0,0,0,0,,,unknown,excluded,Holdout has no Sentinel-1 acquisition during or within 48 hours after 4-5 March; available images are 28 February and 12 March.
osm-7576934780-5379667162-0,jakarta-20250304,holdout,138.425,trunk,0,0,0,0,,,unknown,excluded,Holdout has no Sentinel-1 acquisition during or within 48 hours after 4-5 March; available images are 28 February and 12 March.
osm-7595258503-6907592439-0,jakarta-20250304,holdout,42.52,secondary,0,0,0,0,,,unknown,excluded,Holdout has no Sentinel-1 acquisition during or within 48 hours after 4-5 March; available images are 28 February and 12 March.
osm-7614917291-13721122640-0,jakarta-20250304,holdout,9.345,primary_link,0,0,0,0,,,unknown,excluded,Holdout has no Sentinel-1 acquisition during or within 48 hours after 4-5 March; available images are 28 February and 12 March.
osm-7614917300-5459048224-0,jakarta-20250304,holdout,15.863,primary,0,0,0,0,,,unknown,excluded,Holdout has no Sentinel-1 acquisition during or within 48 hours after 4-5 March; available images are 28 February and 12 March.
osm-7614917300-7614917291-0,jakarta-20250304,holdout,74.95,primary_link,0,0,0,0,,,unknown,excluded,Holdout has no Sentinel-1 acquisition during or within 48 hours after 4-5 March; available images are 28 February and 12 March.
osm-7647950148-1135179379-0,jakarta-20250304,holdout,33.146,primary,0,0,0,0,,,unknown,excluded,Holdout has no Sentinel-1 acquisition during or within 48 hours after 4-5 March; available images are 28 February and 12 March.
osm-7694410074-5373977782-0,jakarta-20250304,holdout,53.233,primary,0,0,0,0,,,unknown,excluded,Holdout has no Sentinel-1 acquisition during or within 48 hours after 4-5 March; available images are 28 February and 12 March.
osm-7697810034-5068494251-0,jakarta-20250304,holdout,30.994,residential,0,0,0,0,,,unknown,excluded,Holdout has no Sentinel-1 acquisition during or within 48 hours after 4-5 March; available images are 28 February and 12 March.
osm-7697810035-9529290217-0,jakarta-20250304,holdout,107.875,trunk,0,0,0,0,,,unknown,excluded,Holdout has no Sentinel-1 acquisition during or within 48 hours after 4-5 March; available images are 28 February and 12 March.
osm-7697810036-7697810035-0,jakarta-20250304,holdout,15.896,trunk_link,0,0,0,0,,,unknown,excluded,Holdout has no Sentinel-1 acquisition during or within 48 hours after 4-5 March; available images are 28 February and 12 March.
osm-7756153690-5377076414-0,jakarta-20250304,holdout,13.96,primary,0,0,0,0,,,unknown,excluded,Holdout has no Sentinel-1 acquisition during or within 48 hours after 4-5 March; available images are 28 February and 12 March.
osm-7756153695-7120440775-0,jakarta-20250304,holdout,23.305,primary,0,0,0,0,,,unknown,excluded,Holdout has no Sentinel-1 acquisition during or within 48 hours after 4-5 March; available images are 28 February and 12 March.
osm-7756168367-4750115942-0,jakarta-20250304,holdout,31.65,primary,0,0,0,0,,,unknown,excluded,Holdout has no Sentinel-1 acquisition during or within 48 hours after 4-5 March; available images are 28 February and 12 March.
osm-7756197690-9013826114-0,jakarta-20250304,holdout,13.479,primary,0,0,0,0,,,unknown,excluded,Holdout has no Sentinel-1 acquisition during or within 48 hours after 4-5 March; available images are 28 February and 12 March.
osm-7760892449-7697810034-0,jakarta-20250304,holdout,8.237,trunk,0,0,0,0,,,unknown,excluded,Holdout has no Sentinel-1 acquisition during or within 48 hours after 4-5 March; available images are 28 February and 12 March.
osm-7805088053-7003228710-0,jakarta-20250304,holdout,34.846,primary,0,0,0,0,,,unknown,excluded,Holdout has no Sentinel-1 acquisition during or within 48 hours after 4-5 March; available images are 28 February and 12 March.
osm-8132773400-1325257182-0,jakarta-20250304,holdout,102.883,trunk,0,0,0,0,,,unknown,excluded,Holdout has no Sentinel-1 acquisition during or within 48 hours after 4-5 March; available images are 28 February and 12 March.
osm-8132787924-309086906-0,jakarta-20250304,holdout,914.19,motorway,0,0,0,0,,,unknown,excluded,Holdout has no Sentinel-1 acquisition during or within 48 hours after 4-5 March; available images are 28 February and 12 March.
osm-8208701324-6334849877-0,jakarta-20250304,holdout,202.11,primary,0,0,0,0,,,unknown,excluded,Holdout has no Sentinel-1 acquisition during or within 48 hours after 4-5 March; available images are 28 February and 12 March.
osm-8313092690-1315069362-0,jakarta-20250304,holdout,62.385,primary,0,0,0,0,,,unknown,excluded,Holdout has no Sentinel-1 acquisition during or within 48 hours after 4-5 March; available images are 28 February and 12 March.
osm-8313442289-8488635417-0,jakarta-20250304,holdout,19.187,tertiary,0,0,0,0,,,unknown,excluded,Holdout has no Sentinel-1 acquisition during or within 48 hours after 4-5 March; available images are 28 February and 12 March.
osm-8434800015-1675426459-0,jakarta-20250304,holdout,26.17,primary,0,0,0,0,,,unknown,excluded,Holdout has no Sentinel-1 acquisition during or within 48 hours after 4-5 March; available images are 28 February and 12 March.
osm-8478023954-4499976535-0,jakarta-20250304,holdout,30.081,primary,0,0,0,0,,,unknown,excluded,Holdout has no Sentinel-1 acquisition during or within 48 hours after 4-5 March; available images are 28 February and 12 March.
osm-8481827349-9685151098-0,jakarta-20250304,holdout,65.618,primary,0,0,0,0,,,unknown,excluded,Holdout has no Sentinel-1 acquisition during or within 48 hours after 4-5 March; available images are 28 February and 12 March.
osm-8488629808-8313442289-0,jakarta-20250304,holdout,5.739,tertiary,0,0,0,0,,,unknown,excluded,Holdout has no Sentinel-1 acquisition during or within 48 hours after 4-5 March; available images are 28 February and 12 March.
osm-8488635417-8488629813-0,jakarta-20250304,holdout,87.002,service,0,0,0,0,,,unknown,excluded,Holdout has no Sentinel-1 acquisition during or within 48 hours after 4-5 March; available images are 28 February and 12 March.
osm-8488635421-8488635417-0,jakarta-20250304,holdout,20.234,tertiary,0,0,0,0,,,unknown,excluded,Holdout has no Sentinel-1 acquisition during or within 48 hours after 4-5 March; available images are 28 February and 12 March.
osm-8488921432-9009735918-0,jakarta-20250304,holdout,29.95,primary,0,0,0,0,,,unknown,excluded,Holdout has no Sentinel-1 acquisition during or within 48 hours after 4-5 March; available images are 28 February and 12 March.
osm-8499454046-393856973-0,jakarta-20250304,holdout,64.222,secondary,0,0,0,0,,,unknown,excluded,Holdout has no Sentinel-1 acquisition during or within 48 hours after 4-5 March; available images are 28 February and 12 March.
osm-8500012435-6334537728-0,jakarta-20250304,holdout,51.293,secondary,0,0,0,0,,,unknown,excluded,Holdout has no Sentinel-1 acquisition during or within 48 hours after 4-5 March; available images are 28 February and 12 March.
osm-8502330159-6806925400-0,jakarta-20250304,holdout,23.122,primary,0,0,0,0,,,unknown,excluded,Holdout has no Sentinel-1 acquisition during or within 48 hours after 4-5 March; available images are 28 February and 12 March.
osm-8503624788-4986680280-0,jakarta-20250304,holdout,78.87,primary,0,0,0,0,,,unknown,excluded,Holdout has no Sentinel-1 acquisition during or within 48 hours after 4-5 March; available images are 28 February and 12 March.
osm-8504122967-352897085-0,jakarta-20250304,holdout,22.735,primary,0,0,0,0,,,unknown,excluded,Holdout has no Sentinel-1 acquisition during or within 48 hours after 4-5 March; available images are 28 February and 12 March.
osm-8505902513-315487156-0,jakarta-20250304,holdout,50.142,primary,0,0,0,0,,,unknown,excluded,Holdout has no Sentinel-1 acquisition during or within 48 hours after 4-5 March; available images are 28 February and 12 March.
osm-8509401662-329969014-0,jakarta-20250304,holdout,45.725,primary,0,0,0,0,,,unknown,excluded,Holdout has no Sentinel-1 acquisition during or within 48 hours after 4-5 March; available images are 28 February and 12 March.
osm-8509445105-308981972-0,jakarta-20250304,holdout,32.63,tertiary,0,0,0,0,,,unknown,excluded,Holdout has no Sentinel-1 acquisition during or within 48 hours after 4-5 March; available images are 28 February and 12 March.
osm-8509512970-10090012698-0,jakarta-20250304,holdout,11.439,tertiary,0,0,0,0,,,unknown,excluded,Holdout has no Sentinel-1 acquisition during or within 48 hours after 4-5 March; available images are 28 February and 12 March.
osm-8509975229-9679957698-0,jakarta-20250304,holdout,39.669,primary,0,0,0,0,,,unknown,excluded,Holdout has no Sentinel-1 acquisition during or within 48 hours after 4-5 March; available images are 28 February and 12 March.
osm-8510368916-5379767874-0,jakarta-20250304,holdout,53.118,secondary,0,0,0,0,,,unknown,excluded,Holdout has no Sentinel-1 acquisition during or within 48 hours after 4-5 March; available images are 28 February and 12 March.
osm-8510661425-8510661436-0,jakarta-20250304,holdout,38.63,primary,0,0,0,0,,,unknown,excluded,Holdout has no Sentinel-1 acquisition during or within 48 hours after 4-5 March; available images are 28 February and 12 March.
osm-8510661436-4776237951-0,jakarta-20250304,holdout,95.425,primary,0,0,0,0,,,unknown,excluded,Holdout has no Sentinel-1 acquisition during or within 48 hours after 4-5 March; available images are 28 February and 12 March.
osm-8519460813-315480467-0,jakarta-20250304,holdout,7.16,primary,0,0,0,0,,,unknown,excluded,Holdout has no Sentinel-1 acquisition during or within 48 hours after 4-5 March; available images are 28 February and 12 March.
osm-8520330753-8520330756-0,jakarta-20250304,holdout,28.022,tertiary,0,0,0,0,,,unknown,excluded,Holdout has no Sentinel-1 acquisition during or within 48 hours after 4-5 March; available images are 28 February and 12 March.
osm-8520330756-6459026538-0,jakarta-20250304,holdout,109.85,tertiary,0,0,0,0,,,unknown,excluded,Holdout has no Sentinel-1 acquisition during or within 48 hours after 4-5 March; available images are 28 February and 12 March.
osm-8523204009-8523204012-0,jakarta-20250304,holdout,11.655,residential,0,0,0,0,,,unknown,excluded,Holdout has no Sentinel-1 acquisition during or within 48 hours after 4-5 March; available images are 28 February and 12 March.
osm-8523204012-9013720102-0,jakarta-20250304,holdout,21.738,residential,0,0,0,0,,,unknown,excluded,Holdout has no Sentinel-1 acquisition during or within 48 hours after 4-5 March; available images are 28 February and 12 March.
osm-8547875909-1359134207-0,jakarta-20250304,holdout,19.905,primary,0,0,0,0,,,unknown,excluded,Holdout has no Sentinel-1 acquisition during or within 48 hours after 4-5 March; available images are 28 February and 12 March.
osm-8555984047-9622773431-0,jakarta-20250304,holdout,36.952,primary,0,0,0,0,,,unknown,excluded,Holdout has no Sentinel-1 acquisition during or within 48 hours after 4-5 March; available images are 28 February and 12 March.
osm-8562305801-1135179404-0,jakarta-20250304,holdout,38.841,tertiary,0,0,0,0,,,unknown,excluded,Holdout has no Sentinel-1 acquisition during or within 48 hours after 4-5 March; available images are 28 February and 12 March.
osm-8609186468-9013826103-0,jakarta-20250304,holdout,33.121,primary,0,0,0,0,,,unknown,excluded,Holdout has no Sentinel-1 acquisition during or within 48 hours after 4-5 March; available images are 28 February and 12 March.
osm-8749112680-1682844228-0,jakarta-20250304,holdout,223.844,primary,0,0,0,0,,,unknown,excluded,Holdout has no Sentinel-1 acquisition during or within 48 hours after 4-5 March; available images are 28 February and 12 March.
osm-8772028147-4776237953-0,jakarta-20250304,holdout,189.248,primary,0,0,0,0,,,unknown,excluded,Holdout has no Sentinel-1 acquisition during or within 48 hours after 4-5 March; available images are 28 February and 12 March.
osm-8789425687-9003229253-0,jakarta-20250304,holdout,14.7,primary,0,0,0,0,,,unknown,excluded,Holdout has no Sentinel-1 acquisition during or within 48 hours after 4-5 March; available images are 28 February and 12 March.
osm-8796979647-9018975643-0,jakarta-20250304,holdout,22.765,secondary,0,0,0,0,,,unknown,excluded,Holdout has no Sentinel-1 acquisition during or within 48 hours after 4-5 March; available images are 28 February and 12 March.
osm-8810858536-4836392299-0,jakarta-20250304,holdout,107.859,tertiary,0,0,0,0,,,unknown,excluded,Holdout has no Sentinel-1 acquisition during or within 48 hours after 4-5 March; available images are 28 February and 12 March.
osm-8811305451-317156534-0,jakarta-20250304,holdout,45.312,primary,0,0,0,0,,,unknown,excluded,Holdout has no Sentinel-1 acquisition during or within 48 hours after 4-5 March; available images are 28 February and 12 March.
osm-8811850651-9533955736-0,jakarta-20250304,holdout,20.706,residential,0,0,0,0,,,unknown,excluded,Holdout has no Sentinel-1 acquisition during or within 48 hours after 4-5 March; available images are 28 February and 12 March.
osm-8992056526-12745136709-0,jakarta-20250304,holdout,78.639,primary,0,0,0,0,,,unknown,excluded,Holdout has no Sentinel-1 acquisition during or within 48 hours after 4-5 March; available images are 28 February and 12 March.
osm-8992744188-9676145373-0,jakarta-20250304,holdout,10.477,primary,0,0,0,0,,,unknown,excluded,Holdout has no Sentinel-1 acquisition during or within 48 hours after 4-5 March; available images are 28 February and 12 March.
osm-8995440646-7059042271-0,jakarta-20250304,holdout,9.512,primary,0,0,0,0,,,unknown,excluded,Holdout has no Sentinel-1 acquisition during or within 48 hours after 4-5 March; available images are 28 February and 12 March.
osm-9002723306-4466078450-0,jakarta-20250304,holdout,39.273,primary,0,0,0,0,,,unknown,excluded,Holdout has no Sentinel-1 acquisition during or within 48 hours after 4-5 March; available images are 28 February and 12 March.
osm-9003037183-9003037188-0,jakarta-20250304,holdout,76.198,primary,0,0,0,0,,,unknown,excluded,Holdout has no Sentinel-1 acquisition during or within 48 hours after 4-5 March; available images are 28 February and 12 March.
osm-9003037188-4999344324-0,jakarta-20250304,holdout,12.353,primary,0,0,0,0,,,unknown,excluded,Holdout has no Sentinel-1 acquisition during or within 48 hours after 4-5 March; available images are 28 February and 12 March.
osm-9003037197-9003037205-0,jakarta-20250304,holdout,17.858,primary,0,0,0,0,,,unknown,excluded,Holdout has no Sentinel-1 acquisition during or within 48 hours after 4-5 March; available images are 28 February and 12 March.
osm-9003037205-8547875909-0,jakarta-20250304,holdout,107.747,primary,0,0,0,0,,,unknown,excluded,Holdout has no Sentinel-1 acquisition during or within 48 hours after 4-5 March; available images are 28 February and 12 March.
osm-9003229253-9003229257-0,jakarta-20250304,holdout,57.158,primary,0,0,0,0,,,unknown,excluded,Holdout has no Sentinel-1 acquisition during or within 48 hours after 4-5 March; available images are 28 February and 12 March.
osm-9003229257-9009429368-0,jakarta-20250304,holdout,52.073,primary,0,0,0,0,,,unknown,excluded,Holdout has no Sentinel-1 acquisition during or within 48 hours after 4-5 March; available images are 28 February and 12 March.
osm-9003292724-9506862589-0,jakarta-20250304,holdout,38.145,trunk,0,0,0,0,,,unknown,excluded,Holdout has no Sentinel-1 acquisition during or within 48 hours after 4-5 March; available images are 28 February and 12 March.
osm-9004158961-9028323630-0,jakarta-20250304,holdout,26.597,trunk,0,0,0,0,,,unknown,excluded,Holdout has no Sentinel-1 acquisition during or within 48 hours after 4-5 March; available images are 28 February and 12 March.
osm-9009175767-3266396597-0,jakarta-20250304,holdout,46.92,trunk,0,0,0,0,,,unknown,excluded,Holdout has no Sentinel-1 acquisition during or within 48 hours after 4-5 March; available images are 28 February and 12 March.
osm-9009398139-4849427408-0,jakarta-20250304,holdout,31.526,primary,0,0,0,0,,,unknown,excluded,Holdout has no Sentinel-1 acquisition during or within 48 hours after 4-5 March; available images are 28 February and 12 March.
osm-9009429368-9009429371-0,jakarta-20250304,holdout,37.507,primary,0,0,0,0,,,unknown,excluded,Holdout has no Sentinel-1 acquisition during or within 48 hours after 4-5 March; available images are 28 February and 12 March.
osm-9009429371-9003037183-0,jakarta-20250304,holdout,14.475,primary,0,0,0,0,,,unknown,excluded,Holdout has no Sentinel-1 acquisition during or within 48 hours after 4-5 March; available images are 28 February and 12 March.
osm-9009429383-9003037197-0,jakarta-20250304,holdout,59.726,primary,0,0,0,0,,,unknown,excluded,Holdout has no Sentinel-1 acquisition during or within 48 hours after 4-5 March; available images are 28 February and 12 March.
osm-9009474493-6471563890-0,jakarta-20250304,holdout,38.03,primary,0,0,0,0,,,unknown,excluded,Holdout has no Sentinel-1 acquisition during or within 48 hours after 4-5 March; available images are 28 February and 12 March.
osm-9009656613-8488921432-0,jakarta-20250304,holdout,35.905,primary,0,0,0,0,,,unknown,excluded,Holdout has no Sentinel-1 acquisition during or within 48 hours after 4-5 March; available images are 28 February and 12 March.
osm-9009735918-9013826100-0,jakarta-20250304,holdout,17.926,primary,0,0,0,0,,,unknown,excluded,Holdout has no Sentinel-1 acquisition during or within 48 hours after 4-5 March; available images are 28 February and 12 March.
osm-9013059177-9013720103-0,jakarta-20250304,holdout,23.527,primary,0,0,0,0,,,unknown,excluded,Holdout has no Sentinel-1 acquisition during or within 48 hours after 4-5 March; available images are 28 February and 12 March.
osm-9013059182-9013059177-0,jakarta-20250304,holdout,31.55,primary,0,0,0,0,,,unknown,excluded,Holdout has no Sentinel-1 acquisition during or within 48 hours after 4-5 March; available images are 28 February and 12 March.
osm-9013059183-316412146-0,jakarta-20250304,holdout,74.126,primary,0,0,0,0,,,unknown,excluded,Holdout has no Sentinel-1 acquisition during or within 48 hours after 4-5 March; available images are 28 February and 12 March.
osm-9013720082-316412131-0,jakarta-20250304,holdout,30.058,primary,0,0,0,0,,,unknown,excluded,Holdout has no Sentinel-1 acquisition during or within 48 hours after 4-5 March; available images are 28 February and 12 March.
osm-9013720084-5655187222-0,jakarta-20250304,holdout,14.913,primary,0,0,0,0,,,unknown,excluded,Holdout has no Sentinel-1 acquisition during or within 48 hours after 4-5 March; available images are 28 February and 12 March.
osm-9013720087-9013720094-0,jakarta-20250304,holdout,29.367,primary,0,0,0,0,,,unknown,excluded,Holdout has no Sentinel-1 acquisition during or within 48 hours after 4-5 March; available images are 28 February and 12 March.
osm-9013720094-9013720084-0,jakarta-20250304,holdout,13.885,primary,0,0,0,0,,,unknown,excluded,Holdout has no Sentinel-1 acquisition during or within 48 hours after 4-5 March; available images are 28 February and 12 March.
osm-9013720101-9013720087-0,jakarta-20250304,holdout,27.802,primary,0,0,0,0,,,unknown,excluded,Holdout has no Sentinel-1 acquisition during or within 48 hours after 4-5 March; available images are 28 February and 12 March.
osm-9013720102-9013720101-0,jakarta-20250304,holdout,33.131,primary,0,0,0,0,,,unknown,excluded,Holdout has no Sentinel-1 acquisition during or within 48 hours after 4-5 March; available images are 28 February and 12 March.
osm-9013720103-8523204009-0,jakarta-20250304,holdout,21.23,residential,0,0,0,0,,,unknown,excluded,Holdout has no Sentinel-1 acquisition during or within 48 hours after 4-5 March; available images are 28 February and 12 March.
osm-9013720103-9013720102-0,jakarta-20250304,holdout,13.281,primary,0,0,0,0,,,unknown,excluded,Holdout has no Sentinel-1 acquisition during or within 48 hours after 4-5 March; available images are 28 February and 12 March.
osm-9013826100-7614917300-0,jakarta-20250304,holdout,59.454,primary,0,0,0,0,,,unknown,excluded,Holdout has no Sentinel-1 acquisition during or within 48 hours after 4-5 March; available images are 28 February and 12 March.
osm-9013826103-9009656613-0,jakarta-20250304,holdout,66.87,primary,0,0,0,0,,,unknown,excluded,Holdout has no Sentinel-1 acquisition during or within 48 hours after 4-5 March; available images are 28 February and 12 March.
osm-9013826114-5377076560-0,jakarta-20250304,holdout,7.742,primary,0,0,0,0,,,unknown,excluded,Holdout has no Sentinel-1 acquisition during or within 48 hours after 4-5 March; available images are 28 February and 12 March.
osm-9013840117-13719672649-0,jakarta-20250304,holdout,16.709,primary,0,0,0,0,,,unknown,excluded,Holdout has no Sentinel-1 acquisition during or within 48 hours after 4-5 March; available images are 28 February and 12 March.
osm-9013840120-9013840117-0,jakarta-20250304,holdout,7.197,primary,0,0,0,0,,,unknown,excluded,Holdout has no Sentinel-1 acquisition during or within 48 hours after 4-5 March; available images are 28 February and 12 March.
osm-9013891773-329019970-0,jakarta-20250304,holdout,54.655,primary,0,0,0,0,,,unknown,excluded,Holdout has no Sentinel-1 acquisition during or within 48 hours after 4-5 March; available images are 28 February and 12 March.
osm-9013891776-4750115944-0,jakarta-20250304,holdout,48.17,primary,0,0,0,0,,,unknown,excluded,Holdout has no Sentinel-1 acquisition during or within 48 hours after 4-5 March; available images are 28 February and 12 March.
osm-9013891781-328876219-0,jakarta-20250304,holdout,27.88,primary,0,0,0,0,,,unknown,excluded,Holdout has no Sentinel-1 acquisition during or within 48 hours after 4-5 March; available images are 28 February and 12 March.
osm-9013891783-9013891781-0,jakarta-20250304,holdout,20.103,primary,0,0,0,0,,,unknown,excluded,Holdout has no Sentinel-1 acquisition during or within 48 hours after 4-5 March; available images are 28 February and 12 March.
osm-9013899871-29939143-0,jakarta-20250304,holdout,22.99,secondary,0,0,0,0,,,unknown,excluded,Holdout has no Sentinel-1 acquisition during or within 48 hours after 4-5 March; available images are 28 February and 12 March.
osm-9015877327-309687605-0,jakarta-20250304,holdout,32.29,tertiary,0,0,0,0,,,unknown,excluded,Holdout has no Sentinel-1 acquisition during or within 48 hours after 4-5 March; available images are 28 February and 12 March.
osm-9015877330-9015877335-0,jakarta-20250304,holdout,34.835,tertiary,0,0,0,0,,,unknown,excluded,Holdout has no Sentinel-1 acquisition during or within 48 hours after 4-5 March; available images are 28 February and 12 March.
osm-9015877335-10082667802-0,jakarta-20250304,holdout,50.862,tertiary,0,0,0,0,,,unknown,excluded,Holdout has no Sentinel-1 acquisition during or within 48 hours after 4-5 March; available images are 28 February and 12 March.
osm-9016841536-8509445105-0,jakarta-20250304,holdout,61.553,tertiary,0,0,0,0,,,unknown,excluded,Holdout has no Sentinel-1 acquisition during or within 48 hours after 4-5 March; available images are 28 February and 12 March.
osm-9018975643-186849138-0,jakarta-20250304,holdout,29.444,secondary,0,0,0,0,,,unknown,excluded,Holdout has no Sentinel-1 acquisition during or within 48 hours after 4-5 March; available images are 28 February and 12 March.
osm-9019103699-12404878653-0,jakarta-20250304,holdout,91.752,secondary,0,0,0,0,,,unknown,excluded,Holdout has no Sentinel-1 acquisition during or within 48 hours after 4-5 March; available images are 28 February and 12 March.
osm-9019104733-9019646229-0,jakarta-20250304,holdout,70.281,primary,0,0,0,0,,,unknown,excluded,Holdout has no Sentinel-1 acquisition during or within 48 hours after 4-5 March; available images are 28 February and 12 March.
osm-9019122232-4833946442-0,jakarta-20250304,holdout,56.134,primary,0,0,0,0,,,unknown,excluded,Holdout has no Sentinel-1 acquisition during or within 48 hours after 4-5 March; available images are 28 February and 12 March.
osm-9019646229-6336788287-0,jakarta-20250304,holdout,77.033,primary,0,0,0,0,,,unknown,excluded,Holdout has no Sentinel-1 acquisition during or within 48 hours after 4-5 March; available images are 28 February and 12 March.
osm-9027876825-13701804574-0,jakarta-20250304,holdout,31.618,primary,0,0,0,0,,,unknown,excluded,Holdout has no Sentinel-1 acquisition during or within 48 hours after 4-5 March; available images are 28 February and 12 March.
osm-9028008487-8481827349-0,jakarta-20250304,holdout,185.721,primary,0,0,0,0,,,unknown,excluded,Holdout has no Sentinel-1 acquisition during or within 48 hours after 4-5 March; available images are 28 February and 12 March.
osm-9028323630-310327453-0,jakarta-20250304,holdout,8.577,trunk,0,0,0,0,,,unknown,excluded,Holdout has no Sentinel-1 acquisition during or within 48 hours after 4-5 March; available images are 28 February and 12 March.
osm-9031074981-9032080369-0,jakarta-20250304,holdout,37.975,primary,0,0,0,0,,,unknown,excluded,Holdout has no Sentinel-1 acquisition during or within 48 hours after 4-5 March; available images are 28 February and 12 March.
osm-9031074998-29938988-0,jakarta-20250304,holdout,13.05,primary,0,0,0,0,,,unknown,excluded,Holdout has no Sentinel-1 acquisition during or within 48 hours after 4-5 March; available images are 28 February and 12 March.
osm-9031322607-9534502212-0,jakarta-20250304,holdout,16.318,primary,0,0,0,0,,,unknown,excluded,Holdout has no Sentinel-1 acquisition during or within 48 hours after 4-5 March; available images are 28 February and 12 March.
osm-9031322608-9032054237-0,jakarta-20250304,holdout,13.172,primary,0,0,0,0,,,unknown,excluded,Holdout has no Sentinel-1 acquisition during or within 48 hours after 4-5 March; available images are 28 February and 12 March.
osm-9031322613-9031325917-0,jakarta-20250304,holdout,7.699,primary,0,0,0,0,,,unknown,excluded,Holdout has no Sentinel-1 acquisition during or within 48 hours after 4-5 March; available images are 28 February and 12 March.
osm-9031325917-9032054242-0,jakarta-20250304,holdout,11.377,primary,0,0,0,0,,,unknown,excluded,Holdout has no Sentinel-1 acquisition during or within 48 hours after 4-5 March; available images are 28 February and 12 March.
osm-9031325921-9031325924-0,jakarta-20250304,holdout,11.731,primary,0,0,0,0,,,unknown,excluded,Holdout has no Sentinel-1 acquisition during or within 48 hours after 4-5 March; available images are 28 February and 12 March.
osm-9031325924-9032054246-0,jakarta-20250304,holdout,2.747,primary,0,0,0,0,,,unknown,excluded,Holdout has no Sentinel-1 acquisition during or within 48 hours after 4-5 March; available images are 28 February and 12 March.
osm-9031325928-9031325930-0,jakarta-20250304,holdout,9.174,primary,0,0,0,0,,,unknown,excluded,Holdout has no Sentinel-1 acquisition during or within 48 hours after 4-5 March; available images are 28 February and 12 March.
osm-9031325930-5671605060-0,jakarta-20250304,holdout,33.322,primary,0,0,0,0,,,unknown,excluded,Holdout has no Sentinel-1 acquisition during or within 48 hours after 4-5 March; available images are 28 February and 12 March.
osm-9031325937-315469600-0,jakarta-20250304,holdout,16.916,primary,0,0,0,0,,,unknown,excluded,Holdout has no Sentinel-1 acquisition during or within 48 hours after 4-5 March; available images are 28 February and 12 March.
osm-9031905436-5671605063-0,jakarta-20250304,holdout,13.249,primary,0,0,0,0,,,unknown,excluded,Holdout has no Sentinel-1 acquisition during or within 48 hours after 4-5 March; available images are 28 February and 12 March.
osm-9031905443-13586870988-0,jakarta-20250304,holdout,19.364,primary,0,0,0,0,,,unknown,excluded,Holdout has no Sentinel-1 acquisition during or within 48 hours after 4-5 March; available images are 28 February and 12 March.
osm-9031905452-9032080360-0,jakarta-20250304,holdout,13.027,primary,0,0,0,0,,,unknown,excluded,Holdout has no Sentinel-1 acquisition during or within 48 hours after 4-5 March; available images are 28 February and 12 March.
osm-9031970386-9034366567-0,jakarta-20250304,holdout,19.195,primary,0,0,0,0,,,unknown,excluded,Holdout has no Sentinel-1 acquisition during or within 48 hours after 4-5 March; available images are 28 February and 12 March.
osm-9032054232-9031322608-0,jakarta-20250304,holdout,7.577,primary,0,0,0,0,,,unknown,excluded,Holdout has no Sentinel-1 acquisition during or within 48 hours after 4-5 March; available images are 28 February and 12 March.
osm-9032054237-9031322613-0,jakarta-20250304,holdout,10.214,primary,0,0,0,0,,,unknown,excluded,Holdout has no Sentinel-1 acquisition during or within 48 hours after 4-5 March; available images are 28 February and 12 March.
osm-9032054242-9031325921-0,jakarta-20250304,holdout,9.892,primary,0,0,0,0,,,unknown,excluded,Holdout has no Sentinel-1 acquisition during or within 48 hours after 4-5 March; available images are 28 February and 12 March.
osm-9032054246-9032054249-0,jakarta-20250304,holdout,8.707,primary,0,0,0,0,,,unknown,excluded,Holdout has no Sentinel-1 acquisition during or within 48 hours after 4-5 March; available images are 28 February and 12 March.
osm-9032054249-9032054253-0,jakarta-20250304,holdout,14.734,primary,0,0,0,0,,,unknown,excluded,Holdout has no Sentinel-1 acquisition during or within 48 hours after 4-5 March; available images are 28 February and 12 March.
osm-9032054253-9031325928-0,jakarta-20250304,holdout,14.046,primary,0,0,0,0,,,unknown,excluded,Holdout has no Sentinel-1 acquisition during or within 48 hours after 4-5 March; available images are 28 February and 12 March.
osm-9032080348-9032080354-0,jakarta-20250304,holdout,24.172,primary,0,0,0,0,,,unknown,excluded,Holdout has no Sentinel-1 acquisition during or within 48 hours after 4-5 March; available images are 28 February and 12 March.
osm-9032080354-9031905452-0,jakarta-20250304,holdout,14.556,primary,0,0,0,0,,,unknown,excluded,Holdout has no Sentinel-1 acquisition during or within 48 hours after 4-5 March; available images are 28 February and 12 March.
osm-9032080360-9032080363-0,jakarta-20250304,holdout,14.634,primary,0,0,0,0,,,unknown,excluded,Holdout has no Sentinel-1 acquisition during or within 48 hours after 4-5 March; available images are 28 February and 12 March.
osm-9032080363-9031074998-0,jakarta-20250304,holdout,20.427,primary,0,0,0,0,,,unknown,excluded,Holdout has no Sentinel-1 acquisition during or within 48 hours after 4-5 March; available images are 28 February and 12 March.
osm-9032080365-9032080348-0,jakarta-20250304,holdout,6.414,primary,0,0,0,0,,,unknown,excluded,Holdout has no Sentinel-1 acquisition during or within 48 hours after 4-5 March; available images are 28 February and 12 March.
osm-9032080369-5373820573-0,jakarta-20250304,holdout,20.172,primary,0,0,0,0,,,unknown,excluded,Holdout has no Sentinel-1 acquisition during or within 48 hours after 4-5 March; available images are 28 February and 12 March.
osm-9034273143-8510661425-0,jakarta-20250304,holdout,10.72,primary,0,0,0,0,,,unknown,excluded,Holdout has no Sentinel-1 acquisition during or within 48 hours after 4-5 March; available images are 28 February and 12 March.
osm-9034273150-9034273143-0,jakarta-20250304,holdout,8.863,primary,0,0,0,0,,,unknown,excluded,Holdout has no Sentinel-1 acquisition during or within 48 hours after 4-5 March; available images are 28 February and 12 March.
osm-9034366567-352915237-0,jakarta-20250304,holdout,12.827,primary,0,0,0,0,,,unknown,excluded,Holdout has no Sentinel-1 acquisition during or within 48 hours after 4-5 March; available images are 28 February and 12 March.
osm-9036874926-95022385-0,jakarta-20250304,holdout,43.335,primary,0,0,0,0,,,unknown,excluded,Holdout has no Sentinel-1 acquisition during or within 48 hours after 4-5 March; available images are 28 February and 12 March.
osm-9037288082-7044795934-0,jakarta-20250304,holdout,43.328,primary,0,0,0,0,,,unknown,excluded,Holdout has no Sentinel-1 acquisition during or within 48 hours after 4-5 March; available images are 28 February and 12 March.
osm-9064994805-7647950148-0,jakarta-20250304,holdout,25.412,primary,0,0,0,0,,,unknown,excluded,Holdout has no Sentinel-1 acquisition during or within 48 hours after 4-5 March; available images are 28 February and 12 March.
osm-9075741774-4546076824-0,jakarta-20250304,holdout,19.996,primary,0,0,0,0,,,unknown,excluded,Holdout has no Sentinel-1 acquisition during or within 48 hours after 4-5 March; available images are 28 February and 12 March.
osm-9075741779-9075741774-0,jakarta-20250304,holdout,12.762,primary,0,0,0,0,,,unknown,excluded,Holdout has no Sentinel-1 acquisition during or within 48 hours after 4-5 March; available images are 28 February and 12 March.
osm-9076429426-2399364732-0,jakarta-20250304,holdout,119.319,trunk,0,0,0,0,,,unknown,excluded,Holdout has no Sentinel-1 acquisition during or within 48 hours after 4-5 March; available images are 28 February and 12 March.
osm-9110087936-9694832554-0,jakarta-20250304,holdout,30.931,primary,0,0,0,0,,,unknown,excluded,Holdout has no Sentinel-1 acquisition during or within 48 hours after 4-5 March; available images are 28 February and 12 March.
osm-9118916175-1695811540-0,jakarta-20250304,holdout,12.805,residential,0,0,0,0,,,unknown,excluded,Holdout has no Sentinel-1 acquisition during or within 48 hours after 4-5 March; available images are 28 February and 12 March.
osm-9144167875-4488259486-0,jakarta-20250304,holdout,81.009,primary,0,0,0,0,,,unknown,excluded,Holdout has no Sentinel-1 acquisition during or within 48 hours after 4-5 March; available images are 28 February and 12 March.
osm-9465024317-309824174-0,jakarta-20250304,holdout,516.786,motorway,0,0,0,0,,,unknown,excluded,Holdout has no Sentinel-1 acquisition during or within 48 hours after 4-5 March; available images are 28 February and 12 March.
osm-9471064862-317987901-0,jakarta-20250304,holdout,3.584,primary,0,0,0,0,,,unknown,excluded,Holdout has no Sentinel-1 acquisition during or within 48 hours after 4-5 March; available images are 28 February and 12 March.
osm-9486285513-6004639297-0,jakarta-20250304,holdout,32.084,trunk,0,0,0,0,,,unknown,excluded,Holdout has no Sentinel-1 acquisition during or within 48 hours after 4-5 March; available images are 28 February and 12 March.
osm-9486332419-5372153147-0,jakarta-20250304,holdout,16.512,trunk,0,0,0,0,,,unknown,excluded,Holdout has no Sentinel-1 acquisition during or within 48 hours after 4-5 March; available images are 28 February and 12 March.
osm-9491290599-7118113165-0,jakarta-20250304,holdout,64.048,trunk,0,0,0,0,,,unknown,excluded,Holdout has no Sentinel-1 acquisition during or within 48 hours after 4-5 March; available images are 28 February and 12 March.
osm-9491424124-12202798102-0,jakarta-20250304,holdout,42.233,trunk,0,0,0,0,,,unknown,excluded,Holdout has no Sentinel-1 acquisition during or within 48 hours after 4-5 March; available images are 28 February and 12 March.
osm-9491424126-9491424124-0,jakarta-20250304,holdout,54.841,trunk,0,0,0,0,,,unknown,excluded,Holdout has no Sentinel-1 acquisition during or within 48 hours after 4-5 March; available images are 28 February and 12 March.
osm-9491482902-9491482907-0,jakarta-20250304,holdout,45.892,trunk,0,0,0,0,,,unknown,excluded,Holdout has no Sentinel-1 acquisition during or within 48 hours after 4-5 March; available images are 28 February and 12 March.
osm-9491482907-317417833-0,jakarta-20250304,holdout,6.37,trunk,0,0,0,0,,,unknown,excluded,Holdout has no Sentinel-1 acquisition during or within 48 hours after 4-5 March; available images are 28 February and 12 March.
osm-9491842326-4804615989-0,jakarta-20250304,holdout,85.252,primary,0,0,0,0,,,unknown,excluded,Holdout has no Sentinel-1 acquisition during or within 48 hours after 4-5 March; available images are 28 February and 12 March.
osm-9497883594-9497883603-0,jakarta-20250304,holdout,14.543,trunk,0,0,0,0,,,unknown,excluded,Holdout has no Sentinel-1 acquisition during or within 48 hours after 4-5 March; available images are 28 February and 12 March.
osm-9497883600-7137519768-0,jakarta-20250304,holdout,61.082,trunk,0,0,0,0,,,unknown,excluded,Holdout has no Sentinel-1 acquisition during or within 48 hours after 4-5 March; available images are 28 February and 12 March.
osm-9497883603-9497883600-0,jakarta-20250304,holdout,42.034,trunk,0,0,0,0,,,unknown,excluded,Holdout has no Sentinel-1 acquisition during or within 48 hours after 4-5 March; available images are 28 February and 12 March.
osm-9498062303-7137574112-0,jakarta-20250304,holdout,9.267,secondary,0,0,0,0,,,unknown,excluded,Holdout has no Sentinel-1 acquisition during or within 48 hours after 4-5 March; available images are 28 February and 12 March.
osm-9504400678-95010751-0,jakarta-20250304,holdout,125.497,trunk_link,0,0,0,0,,,unknown,excluded,Holdout has no Sentinel-1 acquisition during or within 48 hours after 4-5 March; available images are 28 February and 12 March.
osm-9504567886-8132773400-0,jakarta-20250304,holdout,431.604,trunk,0,0,0,0,,,unknown,excluded,Holdout has no Sentinel-1 acquisition during or within 48 hours after 4-5 March; available images are 28 February and 12 March.
osm-9504720700-13913580150-0,jakarta-20250304,holdout,59.558,service,0,0,0,0,,,unknown,excluded,Holdout has no Sentinel-1 acquisition during or within 48 hours after 4-5 March; available images are 28 February and 12 March.
osm-9504720701-9504720700-0,jakarta-20250304,holdout,5.951,service,0,0,0,0,,,unknown,excluded,Holdout has no Sentinel-1 acquisition during or within 48 hours after 4-5 March; available images are 28 February and 12 March.
osm-9506862589-7050035434-0,jakarta-20250304,holdout,25.077,trunk,0,0,0,0,,,unknown,excluded,Holdout has no Sentinel-1 acquisition during or within 48 hours after 4-5 March; available images are 28 February and 12 March.
osm-9507227664-12032748424-0,jakarta-20250304,holdout,41.702,primary,0,0,0,0,,,unknown,excluded,Holdout has no Sentinel-1 acquisition during or within 48 hours after 4-5 March; available images are 28 February and 12 March.
osm-9509715193-4914353854-0,jakarta-20250304,holdout,48.29,trunk,0,0,0,0,,,unknown,excluded,Holdout has no Sentinel-1 acquisition during or within 48 hours after 4-5 March; available images are 28 February and 12 March.
osm-9515510319-4152867172-0,jakarta-20250304,holdout,112.605,primary,0,0,0,0,,,unknown,excluded,Holdout has no Sentinel-1 acquisition during or within 48 hours after 4-5 March; available images are 28 February and 12 March.
osm-9527050428-1342878927-0,jakarta-20250304,holdout,85.346,trunk,0,0,0,0,,,unknown,excluded,Holdout has no Sentinel-1 acquisition during or within 48 hours after 4-5 March; available images are 28 February and 12 March.
osm-9529290217-7760892449-0,jakarta-20250304,holdout,35.423,trunk,0,0,0,0,,,unknown,excluded,Holdout has no Sentinel-1 acquisition during or within 48 hours after 4-5 March; available images are 28 February and 12 March.
osm-9531434128-9504720700-0,jakarta-20250304,holdout,32.926,service,0,0,0,0,,,unknown,excluded,Holdout has no Sentinel-1 acquisition during or within 48 hours after 4-5 March; available images are 28 February and 12 March.
osm-9531434128-9504720701-0,jakarta-20250304,holdout,32.503,service,0,0,0,0,,,unknown,excluded,Holdout has no Sentinel-1 acquisition during or within 48 hours after 4-5 March; available images are 28 February and 12 March.
osm-9531485211-12684981016-0,jakarta-20250304,holdout,47.519,primary,0,0,0,0,,,unknown,excluded,Holdout has no Sentinel-1 acquisition during or within 48 hours after 4-5 March; available images are 28 February and 12 March.
osm-9531485213-9531485211-0,jakarta-20250304,holdout,9.251,primary,0,0,0,0,,,unknown,excluded,Holdout has no Sentinel-1 acquisition during or within 48 hours after 4-5 March; available images are 28 February and 12 March.
osm-9531485215-9531485213-0,jakarta-20250304,holdout,46.676,primary,0,0,0,0,,,unknown,excluded,Holdout has no Sentinel-1 acquisition during or within 48 hours after 4-5 March; available images are 28 February and 12 March.
osm-9533845672-6477409182-0,jakarta-20250304,holdout,31.804,tertiary,0,0,0,0,,,unknown,excluded,Holdout has no Sentinel-1 acquisition during or within 48 hours after 4-5 March; available images are 28 February and 12 March.
osm-9533955728-4815227757-0,jakarta-20250304,holdout,26.906,residential,0,0,0,0,,,unknown,excluded,Holdout has no Sentinel-1 acquisition during or within 48 hours after 4-5 March; available images are 28 February and 12 March.
osm-9533955733-9533955728-0,jakarta-20250304,holdout,50.458,service,0,0,0,0,,,unknown,excluded,Holdout has no Sentinel-1 acquisition during or within 48 hours after 4-5 March; available images are 28 February and 12 March.
osm-9533955736-5662302109-0,jakarta-20250304,holdout,32.071,residential,0,0,0,0,,,unknown,excluded,Holdout has no Sentinel-1 acquisition during or within 48 hours after 4-5 March; available images are 28 February and 12 March.
osm-9533955736-9533955733-0,jakarta-20250304,holdout,11.818,service,0,0,0,0,,,unknown,excluded,Holdout has no Sentinel-1 acquisition during or within 48 hours after 4-5 March; available images are 28 February and 12 March.
osm-9534502212-5671605067-0,jakarta-20250304,holdout,14.157,primary,0,0,0,0,,,unknown,excluded,Holdout has no Sentinel-1 acquisition during or within 48 hours after 4-5 March; available images are 28 February and 12 March.
osm-9561798638-6456763921-0,jakarta-20250304,holdout,11.299,primary,0,0,0,0,,,unknown,excluded,Holdout has no Sentinel-1 acquisition during or within 48 hours after 4-5 March; available images are 28 February and 12 March.
osm-9561821845-8504122967-0,jakarta-20250304,holdout,16.216,primary,0,0,0,0,,,unknown,excluded,Holdout has no Sentinel-1 acquisition during or within 48 hours after 4-5 March; available images are 28 February and 12 March.
osm-9619896326-104379010-0,jakarta-20250304,holdout,71.7,primary,0,0,0,0,,,unknown,excluded,Holdout has no Sentinel-1 acquisition during or within 48 hours after 4-5 March; available images are 28 February and 12 March.
osm-9622773424-8509401662-0,jakarta-20250304,holdout,68.643,primary,0,0,0,0,,,unknown,excluded,Holdout has no Sentinel-1 acquisition during or within 48 hours after 4-5 March; available images are 28 February and 12 March.
osm-9622773431-9622773424-0,jakarta-20250304,holdout,15.767,primary,0,0,0,0,,,unknown,excluded,Holdout has no Sentinel-1 acquisition during or within 48 hours after 4-5 March; available images are 28 February and 12 March.
osm-9623003134-329968512-0,jakarta-20250304,holdout,86.7,primary,0,0,0,0,,,unknown,excluded,Holdout has no Sentinel-1 acquisition during or within 48 hours after 4-5 March; available images are 28 February and 12 March.
osm-9623310915-1249723074-0,jakarta-20250304,holdout,18.906,primary,0,0,0,0,,,unknown,excluded,Holdout has no Sentinel-1 acquisition during or within 48 hours after 4-5 March; available images are 28 February and 12 March.
osm-9625680832-4502070116-0,jakarta-20250304,holdout,76.664,secondary,0,0,0,0,,,unknown,excluded,Holdout has no Sentinel-1 acquisition during or within 48 hours after 4-5 March; available images are 28 February and 12 March.
osm-9626511706-1135601912-0,jakarta-20250304,holdout,30.244,primary,0,0,0,0,,,unknown,excluded,Holdout has no Sentinel-1 acquisition during or within 48 hours after 4-5 March; available images are 28 February and 12 March.
osm-9642343610-1133807065-0,jakarta-20250304,holdout,28.832,tertiary,0,0,0,0,,,unknown,excluded,Holdout has no Sentinel-1 acquisition during or within 48 hours after 4-5 March; available images are 28 February and 12 March.
osm-9644592829-6277705571-0,jakarta-20250304,holdout,239.067,trunk,0,0,0,0,,,unknown,excluded,Holdout has no Sentinel-1 acquisition during or within 48 hours after 4-5 March; available images are 28 February and 12 March.
osm-9645211396-12202088428-0,jakarta-20250304,holdout,18.19,trunk,0,0,0,0,,,unknown,excluded,Holdout has no Sentinel-1 acquisition during or within 48 hours after 4-5 March; available images are 28 February and 12 March.
osm-9645211400-9645211396-0,jakarta-20250304,holdout,35.887,trunk,0,0,0,0,,,unknown,excluded,Holdout has no Sentinel-1 acquisition during or within 48 hours after 4-5 March; available images are 28 February and 12 March.
osm-9647927418-5372153134-0,jakarta-20250304,holdout,13.394,trunk,0,0,0,0,,,unknown,excluded,Holdout has no Sentinel-1 acquisition during or within 48 hours after 4-5 March; available images are 28 February and 12 March.
osm-9647927422-9647927418-0,jakarta-20250304,holdout,41.958,trunk,0,0,0,0,,,unknown,excluded,Holdout has no Sentinel-1 acquisition during or within 48 hours after 4-5 March; available images are 28 February and 12 March.
osm-9648055038-5056597570-0,jakarta-20250304,holdout,120.94,trunk,0,0,0,0,,,unknown,excluded,Holdout has no Sentinel-1 acquisition during or within 48 hours after 4-5 March; available images are 28 February and 12 March.
osm-9648835249-4849427386-0,jakarta-20250304,holdout,9.864,primary,0,0,0,0,,,unknown,excluded,Holdout has no Sentinel-1 acquisition during or within 48 hours after 4-5 March; available images are 28 February and 12 March.
osm-9657468817-5372153144-0,jakarta-20250304,holdout,32.488,trunk,0,0,0,0,,,unknown,excluded,Holdout has no Sentinel-1 acquisition during or within 48 hours after 4-5 March; available images are 28 February and 12 March.
osm-9664769720-1757800859-0,jakarta-20250304,holdout,63.45,motorway_link,0,0,0,0,,,unknown,excluded,Holdout has no Sentinel-1 acquisition during or within 48 hours after 4-5 March; available images are 28 February and 12 March.
osm-9664769720-1757800861-0,jakarta-20250304,holdout,147.125,motorway_link,0,0,0,0,,,unknown,excluded,Holdout has no Sentinel-1 acquisition during or within 48 hours after 4-5 March; available images are 28 February and 12 March.
osm-9665578858-8505902513-0,jakarta-20250304,holdout,230.546,primary,0,0,0,0,,,unknown,excluded,Holdout has no Sentinel-1 acquisition during or within 48 hours after 4-5 March; available images are 28 February and 12 March.
osm-9673797651-11052325987-0,jakarta-20250304,holdout,143.881,primary,0,0,0,0,,,unknown,excluded,Holdout has no Sentinel-1 acquisition during or within 48 hours after 4-5 March; available images are 28 February and 12 March.
osm-9673837489-4502213975-0,jakarta-20250304,holdout,38.753,secondary,0,0,0,0,,,unknown,excluded,Holdout has no Sentinel-1 acquisition during or within 48 hours after 4-5 March; available images are 28 February and 12 March.
osm-9676145373-3981137758-0,jakarta-20250304,holdout,34.943,primary,0,0,0,0,,,unknown,excluded,Holdout has no Sentinel-1 acquisition during or within 48 hours after 4-5 March; available images are 28 February and 12 March.
osm-9679167895-6315615740-0,jakarta-20250304,holdout,23.192,primary,0,0,0,0,,,unknown,excluded,Holdout has no Sentinel-1 acquisition during or within 48 hours after 4-5 March; available images are 28 February and 12 March.
osm-9679957698-4849427419-0,jakarta-20250304,holdout,8.97,primary,0,0,0,0,,,unknown,excluded,Holdout has no Sentinel-1 acquisition during or within 48 hours after 4-5 March; available images are 28 February and 12 March.
osm-9684746119-8313092690-0,jakarta-20250304,holdout,31.348,primary,0,0,0,0,,,unknown,excluded,Holdout has no Sentinel-1 acquisition during or within 48 hours after 4-5 March; available images are 28 February and 12 March.
osm-9685151096-7226690317-0,jakarta-20250304,holdout,65.603,primary,0,0,0,0,,,unknown,excluded,Holdout has no Sentinel-1 acquisition during or within 48 hours after 4-5 March; available images are 28 February and 12 March.
osm-9685151098-1696170853-0,jakarta-20250304,holdout,16.38,primary,0,0,0,0,,,unknown,excluded,Holdout has no Sentinel-1 acquisition during or within 48 hours after 4-5 March; available images are 28 February and 12 March.
osm-9691407991-4999344155-0,jakarta-20250304,holdout,100.835,primary,0,0,0,0,,,unknown,excluded,Holdout has no Sentinel-1 acquisition during or within 48 hours after 4-5 March; available images are 28 February and 12 March.
osm-9694163554-329975504-0,jakarta-20250304,holdout,54.714,primary,0,0,0,0,,,unknown,excluded,Holdout has no Sentinel-1 acquisition during or within 48 hours after 4-5 March; available images are 28 February and 12 March.
osm-9694163557-9694163554-0,jakarta-20250304,holdout,15.865,primary,0,0,0,0,,,unknown,excluded,Holdout has no Sentinel-1 acquisition during or within 48 hours after 4-5 March; available images are 28 February and 12 March.
osm-9694832554-2400147489-0,jakarta-20250304,holdout,8.521,primary,0,0,0,0,,,unknown,excluded,Holdout has no Sentinel-1 acquisition during or within 48 hours after 4-5 March; available images are 28 February and 12 March.
osm-9694871645-315712497-0,jakarta-20250304,holdout,11.058,primary,0,0,0,0,,,unknown,excluded,Holdout has no Sentinel-1 acquisition during or within 48 hours after 4-5 March; available images are 28 February and 12 March.
osm-9695041529-9699963787-0,jakarta-20250304,holdout,100.514,secondary,0,0,0,0,,,unknown,excluded,Holdout has no Sentinel-1 acquisition during or within 48 hours after 4-5 March; available images are 28 February and 12 March.
osm-9695095403-13682180792-0,jakarta-20250304,holdout,98.646,secondary,0,0,0,0,,,unknown,excluded,Holdout has no Sentinel-1 acquisition during or within 48 hours after 4-5 March; available images are 28 February and 12 March.
osm-9695103618-4925793717-0,jakarta-20250304,holdout,43.455,secondary,0,0,0,0,,,unknown,excluded,Holdout has no Sentinel-1 acquisition during or within 48 hours after 4-5 March; available images are 28 February and 12 March.
osm-9696714817-8609186468-0,jakarta-20250304,holdout,10.587,primary,0,0,0,0,,,unknown,excluded,Holdout has no Sentinel-1 acquisition during or within 48 hours after 4-5 March; available images are 28 February and 12 March.
osm-9696758894-7756197690-0,jakarta-20250304,holdout,3.056,primary,0,0,0,0,,,unknown,excluded,Holdout has no Sentinel-1 acquisition during or within 48 hours after 4-5 March; available images are 28 February and 12 March.
osm-9697006214-7120512601-0,jakarta-20250304,holdout,82.207,primary,0,0,0,0,,,unknown,excluded,Holdout has no Sentinel-1 acquisition during or within 48 hours after 4-5 March; available images are 28 February and 12 March.
osm-9699963783-9695041529-0,jakarta-20250304,holdout,60.609,secondary,0,0,0,0,,,unknown,excluded,Holdout has no Sentinel-1 acquisition during or within 48 hours after 4-5 March; available images are 28 February and 12 March.
osm-9699963787-9625680832-0,jakarta-20250304,holdout,12.398,secondary,0,0,0,0,,,unknown,excluded,Holdout has no Sentinel-1 acquisition during or within 48 hours after 4-5 March; available images are 28 February and 12 March.
osm-9708579924-12798366960-0,jakarta-20250304,holdout,5.307,primary,0,0,0,0,,,unknown,excluded,Holdout has no Sentinel-1 acquisition during or within 48 hours after 4-5 March; available images are 28 February and 12 March.
osm-10082667802-6330562646-0,jakarta-20250304,holdout,54.409,tertiary,0,0,0,0,,,unknown,excluded,Holdout has no Sentinel-1 acquisition during or within 48 hours after 4-5 March; available images are 28 February and 12 March.
osm-10090012698-9015877330-0,jakarta-20250304,holdout,40.036,tertiary,0,0,0,0,,,unknown,excluded,Holdout has no Sentinel-1 acquisition during or within 48 hours after 4-5 March; available images are 28 February and 12 March.
osm-10090309233-7570445358-0,jakarta-20250304,holdout,1.591,primary,0,0,0,0,,,unknown,excluded,Holdout has no Sentinel-1 acquisition during or within 48 hours after 4-5 March; available images are 28 February and 12 March.
osm-10090309238-4507989466-0,jakarta-20250304,holdout,96.419,primary,0,0,0,0,,,unknown,excluded,Holdout has no Sentinel-1 acquisition during or within 48 hours after 4-5 March; available images are 28 February and 12 March.
osm-10092530702-2589977444-0,jakarta-20250304,holdout,63.439,primary,0,0,0,0,,,unknown,excluded,Holdout has no Sentinel-1 acquisition during or within 48 hours after 4-5 March; available images are 28 February and 12 March.
osm-10098494032-6366750161-0,jakarta-20250304,holdout,158.564,trunk,0,0,0,0,,,unknown,excluded,Holdout has no Sentinel-1 acquisition during or within 48 hours after 4-5 March; available images are 28 February and 12 March.
osm-10132911307-2589974180-0,jakarta-20250304,holdout,32.775,tertiary,0,0,0,0,,,unknown,excluded,Holdout has no Sentinel-1 acquisition during or within 48 hours after 4-5 March; available images are 28 February and 12 March.
osm-10599212863-4746451656-0,jakarta-20250304,holdout,11.797,tertiary,0,0,0,0,,,unknown,excluded,Holdout has no Sentinel-1 acquisition during or within 48 hours after 4-5 March; available images are 28 February and 12 March.
osm-10654460939-6430186685-0,jakarta-20250304,holdout,26.025,secondary_link,0,0,0,0,,,unknown,excluded,Holdout has no Sentinel-1 acquisition during or within 48 hours after 4-5 March; available images are 28 February and 12 March.
osm-10732635788-6322395881-0,jakarta-20250304,holdout,42.092,secondary,0,0,0,0,,,unknown,excluded,Holdout has no Sentinel-1 acquisition during or within 48 hours after 4-5 March; available images are 28 February and 12 March.
osm-10758010539-7120410546-0,jakarta-20250304,holdout,20.467,primary,0,0,0,0,,,unknown,excluded,Holdout has no Sentinel-1 acquisition during or within 48 hours after 4-5 March; available images are 28 February and 12 March.
osm-10788400699-317349873-0,jakarta-20250304,holdout,13.315,trunk,0,0,0,0,,,unknown,excluded,Holdout has no Sentinel-1 acquisition during or within 48 hours after 4-5 March; available images are 28 February and 12 March.
osm-11039838816-6332686273-0,jakarta-20250304,holdout,686.312,primary,0,0,0,0,,,unknown,excluded,Holdout has no Sentinel-1 acquisition during or within 48 hours after 4-5 March; available images are 28 February and 12 March.
osm-11052325987-7026798812-0,jakarta-20250304,holdout,55.865,primary,0,0,0,0,,,unknown,excluded,Holdout has no Sentinel-1 acquisition during or within 48 hours after 4-5 March; available images are 28 February and 12 March.
osm-11076463250-13108442428-0,jakarta-20250304,holdout,94.616,primary,0,0,0,0,,,unknown,excluded,Holdout has no Sentinel-1 acquisition during or within 48 hours after 4-5 March; available images are 28 February and 12 March.
osm-11166256394-5549685553-0,jakarta-20250304,holdout,30.143,secondary,0,0,0,0,,,unknown,excluded,Holdout has no Sentinel-1 acquisition during or within 48 hours after 4-5 March; available images are 28 February and 12 March.
osm-11199436896-104367576-0,jakarta-20250304,holdout,125.186,primary,0,0,0,0,,,unknown,excluded,Holdout has no Sentinel-1 acquisition during or within 48 hours after 4-5 March; available images are 28 February and 12 March.
osm-11237483569-7120502855-0,jakarta-20250304,holdout,33.265,primary,0,0,0,0,,,unknown,excluded,Holdout has no Sentinel-1 acquisition during or within 48 hours after 4-5 March; available images are 28 February and 12 March.
osm-11237483572-11237483569-0,jakarta-20250304,holdout,27.168,primary,0,0,0,0,,,unknown,excluded,Holdout has no Sentinel-1 acquisition during or within 48 hours after 4-5 March; available images are 28 February and 12 March.
osm-11246996071-5374282375-0,jakarta-20250304,holdout,2.467,primary,0,0,0,0,,,unknown,excluded,Holdout has no Sentinel-1 acquisition during or within 48 hours after 4-5 March; available images are 28 February and 12 March.
osm-11299364776-5421851682-0,jakarta-20250304,holdout,146.656,trunk,0,0,0,0,,,unknown,excluded,Holdout has no Sentinel-1 acquisition during or within 48 hours after 4-5 March; available images are 28 February and 12 March.
osm-11299364777-11299364778-0,jakarta-20250304,holdout,56.232,trunk,0,0,0,0,,,unknown,excluded,Holdout has no Sentinel-1 acquisition during or within 48 hours after 4-5 March; available images are 28 February and 12 March.
osm-11299364778-11299364776-0,jakarta-20250304,holdout,67.274,trunk,0,0,0,0,,,unknown,excluded,Holdout has no Sentinel-1 acquisition during or within 48 hours after 4-5 March; available images are 28 February and 12 March.
osm-11299364779-11299364777-0,jakarta-20250304,holdout,82.112,trunk,0,0,0,0,,,unknown,excluded,Holdout has no Sentinel-1 acquisition during or within 48 hours after 4-5 March; available images are 28 February and 12 March.
osm-11329756328-7226592293-0,jakarta-20250304,holdout,13.655,primary,0,0,0,0,,,unknown,excluded,Holdout has no Sentinel-1 acquisition during or within 48 hours after 4-5 March; available images are 28 February and 12 March.
osm-11350075105-5372018448-0,jakarta-20250304,holdout,37.739,secondary,0,0,0,0,,,unknown,excluded,Holdout has no Sentinel-1 acquisition during or within 48 hours after 4-5 March; available images are 28 February and 12 March.
osm-11384905237-4507955830-0,jakarta-20250304,holdout,25.857,primary,0,0,0,0,,,unknown,excluded,Holdout has no Sentinel-1 acquisition during or within 48 hours after 4-5 March; available images are 28 February and 12 March.
osm-11388847775-6801763173-0,jakarta-20250304,holdout,27.799,service,0,0,0,0,,,unknown,excluded,Holdout has no Sentinel-1 acquisition during or within 48 hours after 4-5 March; available images are 28 February and 12 March.
osm-11388847776-11388847775-0,jakarta-20250304,holdout,61.184,service,0,0,0,0,,,unknown,excluded,Holdout has no Sentinel-1 acquisition during or within 48 hours after 4-5 March; available images are 28 February and 12 March.
osm-11395329908-5680696059-0,jakarta-20250304,holdout,32.74,primary,0,0,0,0,,,unknown,excluded,Holdout has no Sentinel-1 acquisition during or within 48 hours after 4-5 March; available images are 28 February and 12 March.
osm-11399827589-4848734475-0,jakarta-20250304,holdout,89.734,trunk,0,0,0,0,,,unknown,excluded,Holdout has no Sentinel-1 acquisition during or within 48 hours after 4-5 March; available images are 28 February and 12 March.
osm-11413710169-5380113830-0,jakarta-20250304,holdout,3.151,primary,0,0,0,0,,,unknown,excluded,Holdout has no Sentinel-1 acquisition during or within 48 hours after 4-5 March; available images are 28 February and 12 March.
osm-11438846310-12599546837-0,jakarta-20250304,holdout,53.877,trunk,0,0,0,0,,,unknown,excluded,Holdout has no Sentinel-1 acquisition during or within 48 hours after 4-5 March; available images are 28 February and 12 March.
osm-11445322163-5498027298-0,jakarta-20250304,holdout,26.926,primary,0,0,0,0,,,unknown,excluded,Holdout has no Sentinel-1 acquisition during or within 48 hours after 4-5 March; available images are 28 February and 12 March.
osm-11455806150-1133807034-0,jakarta-20250304,holdout,1.8,tertiary,0,0,0,0,,,unknown,excluded,Holdout has no Sentinel-1 acquisition during or within 48 hours after 4-5 March; available images are 28 February and 12 March.
osm-11467500634-11399827589-0,jakarta-20250304,holdout,82.311,trunk,0,0,0,0,,,unknown,excluded,Holdout has no Sentinel-1 acquisition during or within 48 hours after 4-5 March; available images are 28 February and 12 March.
osm-11477683648-186871952-0,jakarta-20250304,holdout,37.639,primary,0,0,0,0,,,unknown,excluded,Holdout has no Sentinel-1 acquisition during or within 48 hours after 4-5 March; available images are 28 February and 12 March.
osm-11477683650-11477683648-0,jakarta-20250304,holdout,12.172,primary,0,0,0,0,,,unknown,excluded,Holdout has no Sentinel-1 acquisition during or within 48 hours after 4-5 March; available images are 28 February and 12 March.
osm-11484348759-11484348761-0,jakarta-20250304,holdout,8.762,trunk_link,0,0,0,0,,,unknown,excluded,Holdout has no Sentinel-1 acquisition during or within 48 hours after 4-5 March; available images are 28 February and 12 March.
osm-11484348761-4637530511-0,jakarta-20250304,holdout,12.681,primary,0,0,0,0,,,unknown,excluded,Holdout has no Sentinel-1 acquisition during or within 48 hours after 4-5 March; available images are 28 February and 12 March.
osm-11492431708-1321228510-0,jakarta-20250304,holdout,64.709,residential,0,0,0,0,,,unknown,excluded,Holdout has no Sentinel-1 acquisition during or within 48 hours after 4-5 March; available images are 28 February and 12 March.
osm-11501464546-7149726253-0,jakarta-20250304,holdout,58.142,trunk,0,0,0,0,,,unknown,excluded,Holdout has no Sentinel-1 acquisition during or within 48 hours after 4-5 March; available images are 28 February and 12 March.
osm-11501464552-5489964736-0,jakarta-20250304,holdout,4.208,primary,0,0,0,0,,,unknown,excluded,Holdout has no Sentinel-1 acquisition during or within 48 hours after 4-5 March; available images are 28 February and 12 March.
osm-11501464552-11501464546-0,jakarta-20250304,holdout,12.708,trunk,0,0,0,0,,,unknown,excluded,Holdout has no Sentinel-1 acquisition during or within 48 hours after 4-5 March; available images are 28 February and 12 March.
osm-11501464554-5489964736-0,jakarta-20250304,holdout,66.793,trunk,0,0,0,0,,,unknown,excluded,Holdout has no Sentinel-1 acquisition during or within 48 hours after 4-5 March; available images are 28 February and 12 March.
osm-11501464554-11501464552-0,jakarta-20250304,holdout,67.335,trunk,0,0,0,0,,,unknown,excluded,Holdout has no Sentinel-1 acquisition during or within 48 hours after 4-5 March; available images are 28 February and 12 March.
osm-11503395360-5372153126-0,jakarta-20250304,holdout,3.744,trunk,0,0,0,0,,,unknown,excluded,Holdout has no Sentinel-1 acquisition during or within 48 hours after 4-5 March; available images are 28 February and 12 March.
osm-11542695776-12194080646-0,jakarta-20250304,holdout,5.38,primary,0,0,0,0,,,unknown,excluded,Holdout has no Sentinel-1 acquisition during or within 48 hours after 4-5 March; available images are 28 February and 12 March.
osm-11899737707-104379014-0,jakarta-20250304,holdout,73.806,primary,0,0,0,0,,,unknown,excluded,Holdout has no Sentinel-1 acquisition during or within 48 hours after 4-5 March; available images are 28 February and 12 March.
osm-11919728419-1783134145-0,jakarta-20250304,holdout,64.513,primary,0,0,0,0,,,unknown,excluded,Holdout has no Sentinel-1 acquisition during or within 48 hours after 4-5 March; available images are 28 February and 12 March.
osm-11925112167-4785715146-0,jakarta-20250304,holdout,83.212,tertiary,0,0,0,0,,,unknown,excluded,Holdout has no Sentinel-1 acquisition during or within 48 hours after 4-5 March; available images are 28 February and 12 March.
osm-11925999197-4746451654-0,jakarta-20250304,holdout,581.748,primary,0,0,0,0,,,unknown,excluded,Holdout has no Sentinel-1 acquisition during or within 48 hours after 4-5 March; available images are 28 February and 12 March.
osm-11959843134-4849427410-0,jakarta-20250304,holdout,69.384,primary,0,0,0,0,,,unknown,excluded,Holdout has no Sentinel-1 acquisition during or within 48 hours after 4-5 March; available images are 28 February and 12 March.
osm-12032748424-317179522-0,jakarta-20250304,holdout,56.232,primary,0,0,0,0,,,unknown,excluded,Holdout has no Sentinel-1 acquisition during or within 48 hours after 4-5 March; available images are 28 February and 12 March.
osm-12139330016-5380068236-0,jakarta-20250304,holdout,32.025,primary,0,0,0,0,,,unknown,excluded,Holdout has no Sentinel-1 acquisition during or within 48 hours after 4-5 March; available images are 28 February and 12 March.
osm-12194080646-104367971-0,jakarta-20250304,holdout,104.106,primary,0,0,0,0,,,unknown,excluded,Holdout has no Sentinel-1 acquisition during or within 48 hours after 4-5 March; available images are 28 February and 12 March.
osm-12202088422-11503395360-0,jakarta-20250304,holdout,6.861,trunk,0,0,0,0,,,unknown,excluded,Holdout has no Sentinel-1 acquisition during or within 48 hours after 4-5 March; available images are 28 February and 12 March.
osm-12202088425-12202088422-0,jakarta-20250304,holdout,83.712,trunk,0,0,0,0,,,unknown,excluded,Holdout has no Sentinel-1 acquisition during or within 48 hours after 4-5 March; available images are 28 February and 12 March.
osm-12202088428-5372153133-0,jakarta-20250304,holdout,6.994,trunk,0,0,0,0,,,unknown,excluded,Holdout has no Sentinel-1 acquisition during or within 48 hours after 4-5 March; available images are 28 February and 12 March.
osm-12202798102-4911942117-0,jakarta-20250304,holdout,19.076,trunk,0,0,0,0,,,unknown,excluded,Holdout has no Sentinel-1 acquisition during or within 48 hours after 4-5 March; available images are 28 February and 12 March.
osm-12217513829-11492431708-0,jakarta-20250304,holdout,65.531,service,0,0,0,0,,,unknown,excluded,Holdout has no Sentinel-1 acquisition during or within 48 hours after 4-5 March; available images are 28 February and 12 March.
osm-12217513829-12217513832-0,jakarta-20250304,holdout,44.391,service,0,0,0,0,,,unknown,excluded,Holdout has no Sentinel-1 acquisition during or within 48 hours after 4-5 March; available images are 28 February and 12 March.
osm-12217513832-5078382194-0,jakarta-20250304,holdout,210.406,primary,0,0,0,0,,,unknown,excluded,Holdout has no Sentinel-1 acquisition during or within 48 hours after 4-5 March; available images are 28 February and 12 March.
osm-12316918940-310005821-0,jakarta-20250304,holdout,28.06,primary,0,0,0,0,,,unknown,excluded,Holdout has no Sentinel-1 acquisition during or within 48 hours after 4-5 March; available images are 28 February and 12 March.
osm-12404878653-4548266823-0,jakarta-20250304,holdout,28.644,secondary,0,0,0,0,,,unknown,excluded,Holdout has no Sentinel-1 acquisition during or within 48 hours after 4-5 March; available images are 28 February and 12 March.
osm-12484094370-315208899-0,jakarta-20250304,holdout,22.247,primary,0,0,0,0,,,unknown,excluded,Holdout has no Sentinel-1 acquisition during or within 48 hours after 4-5 March; available images are 28 February and 12 March.
osm-12504052406-7805088053-0,jakarta-20250304,holdout,184.135,primary,0,0,0,0,,,unknown,excluded,Holdout has no Sentinel-1 acquisition during or within 48 hours after 4-5 March; available images are 28 February and 12 March.
osm-12504052406-11925999197-0,jakarta-20250304,holdout,464.553,primary,0,0,0,0,,,unknown,excluded,Holdout has no Sentinel-1 acquisition during or within 48 hours after 4-5 March; available images are 28 February and 12 March.
osm-12530400916-5290941766-0,jakarta-20250304,holdout,193.202,primary,0,0,0,0,,,unknown,excluded,Holdout has no Sentinel-1 acquisition during or within 48 hours after 4-5 March; available images are 28 February and 12 March.
osm-12583516441-6884974160-0,jakarta-20250304,holdout,31.744,primary,0,0,0,0,,,unknown,excluded,Holdout has no Sentinel-1 acquisition during or within 48 hours after 4-5 March; available images are 28 February and 12 March.
osm-12599546837-3723599620-0,jakarta-20250304,holdout,10.219,trunk,0,0,0,0,,,unknown,excluded,Holdout has no Sentinel-1 acquisition during or within 48 hours after 4-5 March; available images are 28 February and 12 March.
osm-12676215441-5492419212-0,jakarta-20250304,holdout,30.831,trunk,0,0,0,0,,,unknown,excluded,Holdout has no Sentinel-1 acquisition during or within 48 hours after 4-5 March; available images are 28 February and 12 March.
osm-12681087362-5495827291-0,jakarta-20250304,holdout,33.412,trunk,0,0,0,0,,,unknown,excluded,Holdout has no Sentinel-1 acquisition during or within 48 hours after 4-5 March; available images are 28 February and 12 March.
osm-12684981016-5671317488-0,jakarta-20250304,holdout,118.975,primary,0,0,0,0,,,unknown,excluded,Holdout has no Sentinel-1 acquisition during or within 48 hours after 4-5 March; available images are 28 February and 12 March.
osm-12688243259-12688243260-0,jakarta-20250304,holdout,39.831,primary,0,0,0,0,,,unknown,excluded,Holdout has no Sentinel-1 acquisition during or within 48 hours after 4-5 March; available images are 28 February and 12 March.
osm-12688243260-5354213657-0,jakarta-20250304,holdout,92.286,primary,0,0,0,0,,,unknown,excluded,Holdout has no Sentinel-1 acquisition during or within 48 hours after 4-5 March; available images are 28 February and 12 March.
osm-12718674408-12718674417-0,jakarta-20250304,holdout,23.726,secondary,0,0,0,0,,,unknown,excluded,Holdout has no Sentinel-1 acquisition during or within 48 hours after 4-5 March; available images are 28 February and 12 March.
osm-12718674409-9673837489-0,jakarta-20250304,holdout,27.545,secondary,0,0,0,0,,,unknown,excluded,Holdout has no Sentinel-1 acquisition during or within 48 hours after 4-5 March; available images are 28 February and 12 March.
osm-12718674417-12718674409-0,jakarta-20250304,holdout,49.691,secondary,0,0,0,0,,,unknown,excluded,Holdout has no Sentinel-1 acquisition during or within 48 hours after 4-5 March; available images are 28 February and 12 March.
osm-12718674420-12718674408-0,jakarta-20250304,holdout,17.301,secondary,0,0,0,0,,,unknown,excluded,Holdout has no Sentinel-1 acquisition during or within 48 hours after 4-5 March; available images are 28 February and 12 March.
osm-12729353026-6322396593-0,jakarta-20250304,holdout,16.523,secondary,0,0,0,0,,,unknown,excluded,Holdout has no Sentinel-1 acquisition during or within 48 hours after 4-5 March; available images are 28 February and 12 March.
osm-12729353039-2209098563-0,jakarta-20250304,holdout,25.787,secondary,0,0,0,0,,,unknown,excluded,Holdout has no Sentinel-1 acquisition during or within 48 hours after 4-5 March; available images are 28 February and 12 March.
osm-12729353047-12729353039-0,jakarta-20250304,holdout,21.004,secondary,0,0,0,0,,,unknown,excluded,Holdout has no Sentinel-1 acquisition during or within 48 hours after 4-5 March; available images are 28 February and 12 March.
osm-12736661061-1273189607-0,jakarta-20250304,holdout,147.221,primary,0,0,0,0,,,unknown,excluded,Holdout has no Sentinel-1 acquisition during or within 48 hours after 4-5 March; available images are 28 February and 12 March.
osm-12738838445-5408975256-0,jakarta-20250304,holdout,52.702,secondary,0,0,0,0,,,unknown,excluded,Holdout has no Sentinel-1 acquisition during or within 48 hours after 4-5 March; available images are 28 February and 12 March.
osm-12744944224-8519460813-0,jakarta-20250304,holdout,6.202,primary,0,0,0,0,,,unknown,excluded,Holdout has no Sentinel-1 acquisition during or within 48 hours after 4-5 March; available images are 28 February and 12 March.
osm-12745135294-5374282148-0,jakarta-20250304,holdout,4.228,primary,0,0,0,0,,,unknown,excluded,Holdout has no Sentinel-1 acquisition during or within 48 hours after 4-5 March; available images are 28 February and 12 March.
osm-12745136706-13659371444-0,jakarta-20250304,holdout,13.543,primary,0,0,0,0,,,unknown,excluded,Holdout has no Sentinel-1 acquisition during or within 48 hours after 4-5 March; available images are 28 February and 12 March.
osm-12745136709-12745136706-0,jakarta-20250304,holdout,6.414,primary,0,0,0,0,,,unknown,excluded,Holdout has no Sentinel-1 acquisition during or within 48 hours after 4-5 March; available images are 28 February and 12 March.
osm-12745196451-12745196458-0,jakarta-20250304,holdout,18.421,primary,0,0,0,0,,,unknown,excluded,Holdout has no Sentinel-1 acquisition during or within 48 hours after 4-5 March; available images are 28 February and 12 March.
osm-12745196458-1675426257-0,jakarta-20250304,holdout,12.668,primary,0,0,0,0,,,unknown,excluded,Holdout has no Sentinel-1 acquisition during or within 48 hours after 4-5 March; available images are 28 February and 12 March.
osm-12745196460-13606259700-0,jakarta-20250304,holdout,32.413,primary,0,0,0,0,,,unknown,excluded,Holdout has no Sentinel-1 acquisition during or within 48 hours after 4-5 March; available images are 28 February and 12 March.
osm-12745196468-12745196460-0,jakarta-20250304,holdout,22.293,primary,0,0,0,0,,,unknown,excluded,Holdout has no Sentinel-1 acquisition during or within 48 hours after 4-5 March; available images are 28 February and 12 March.
osm-12754553920-5670944441-0,jakarta-20250304,holdout,91.653,secondary,0,0,0,0,,,unknown,excluded,Holdout has no Sentinel-1 acquisition during or within 48 hours after 4-5 March; available images are 28 February and 12 March.
osm-12798366960-12798366961-0,jakarta-20250304,holdout,64.532,primary,0,0,0,0,,,unknown,excluded,Holdout has no Sentinel-1 acquisition during or within 48 hours after 4-5 March; available images are 28 February and 12 March.
osm-12798366961-329019268-0,jakarta-20250304,holdout,58.543,primary,0,0,0,0,,,unknown,excluded,Holdout has no Sentinel-1 acquisition during or within 48 hours after 4-5 March; available images are 28 February and 12 March.
osm-12799849299-5379667472-0,jakarta-20250304,holdout,5.515,trunk,0,0,0,0,,,unknown,excluded,Holdout has no Sentinel-1 acquisition during or within 48 hours after 4-5 March; available images are 28 February and 12 March.
osm-12825987637-317349914-0,jakarta-20250304,holdout,21.437,trunk,0,0,0,0,,,unknown,excluded,Holdout has no Sentinel-1 acquisition during or within 48 hours after 4-5 March; available images are 28 February and 12 March.
osm-13016877290-4541302315-0,jakarta-20250304,holdout,37.642,primary,0,0,0,0,,,unknown,excluded,Holdout has no Sentinel-1 acquisition during or within 48 hours after 4-5 March; available images are 28 February and 12 March.
osm-13016877290-4787639954-0,jakarta-20250304,holdout,12.903,primary_link,0,0,0,0,,,unknown,excluded,Holdout has no Sentinel-1 acquisition during or within 48 hours after 4-5 March; available images are 28 February and 12 March.
osm-13030921685-13030921684-0,jakarta-20250304,holdout,7.789,residential,0,0,0,0,,,unknown,excluded,Holdout has no Sentinel-1 acquisition during or within 48 hours after 4-5 March; available images are 28 February and 12 March.
osm-13033996655-5377076552-0,jakarta-20250304,holdout,24.898,primary,0,0,0,0,,,unknown,excluded,Holdout has no Sentinel-1 acquisition during or within 48 hours after 4-5 March; available images are 28 February and 12 March.
osm-13102843717-4404259357-0,jakarta-20250304,holdout,71.225,trunk,0,0,0,0,,,unknown,excluded,Holdout has no Sentinel-1 acquisition during or within 48 hours after 4-5 March; available images are 28 February and 12 March.
osm-13108442428-5374282198-0,jakarta-20250304,holdout,18.471,primary,0,0,0,0,,,unknown,excluded,Holdout has no Sentinel-1 acquisition during or within 48 hours after 4-5 March; available images are 28 February and 12 March.
osm-13366216191-13366216193-0,jakarta-20250304,holdout,21.104,primary,0,0,0,0,,,unknown,excluded,Holdout has no Sentinel-1 acquisition during or within 48 hours after 4-5 March; available images are 28 February and 12 March.
osm-13366216193-5046365477-0,jakarta-20250304,holdout,5.307,primary,0,0,0,0,,,unknown,excluded,Holdout has no Sentinel-1 acquisition during or within 48 hours after 4-5 March; available images are 28 February and 12 March.
osm-13453045134-4953838327-0,jakarta-20250304,holdout,268.411,primary,0,0,0,0,,,unknown,excluded,Holdout has no Sentinel-1 acquisition during or within 48 hours after 4-5 March; available images are 28 February and 12 March.
osm-13453416789-12316918940-0,jakarta-20250304,holdout,43.56,primary,0,0,0,0,,,unknown,excluded,Holdout has no Sentinel-1 acquisition during or within 48 hours after 4-5 March; available images are 28 February and 12 March.
osm-13453416794-13453416789-0,jakarta-20250304,holdout,11.469,primary,0,0,0,0,,,unknown,excluded,Holdout has no Sentinel-1 acquisition during or within 48 hours after 4-5 March; available images are 28 February and 12 March.
osm-13456437803-7241781245-0,jakarta-20250304,holdout,143.122,tertiary,0,0,0,0,,,unknown,excluded,Holdout has no Sentinel-1 acquisition during or within 48 hours after 4-5 March; available images are 28 February and 12 March.
osm-13456492331-13603665477-0,jakarta-20250304,holdout,126.278,primary,0,0,0,0,,,unknown,excluded,Holdout has no Sentinel-1 acquisition during or within 48 hours after 4-5 March; available images are 28 February and 12 March.
osm-13456652649-310047835-0,jakarta-20250304,holdout,40.713,trunk,0,0,0,0,,,unknown,excluded,Holdout has no Sentinel-1 acquisition during or within 48 hours after 4-5 March; available images are 28 February and 12 March.
osm-13456652652-13456652659-0,jakarta-20250304,holdout,22.989,trunk,0,0,0,0,,,unknown,excluded,Holdout has no Sentinel-1 acquisition during or within 48 hours after 4-5 March; available images are 28 February and 12 March.
osm-13456652659-5372153151-0,jakarta-20250304,holdout,17.506,trunk,0,0,0,0,,,unknown,excluded,Holdout has no Sentinel-1 acquisition during or within 48 hours after 4-5 March; available images are 28 February and 12 March.
osm-13456804471-8488629808-0,jakarta-20250304,holdout,61.888,tertiary,0,0,0,0,,,unknown,excluded,Holdout has no Sentinel-1 acquisition during or within 48 hours after 4-5 March; available images are 28 February and 12 March.
osm-13525649819-13828209563-0,jakarta-20250304,holdout,133.424,primary,0,0,0,0,,,unknown,excluded,Holdout has no Sentinel-1 acquisition during or within 48 hours after 4-5 March; available images are 28 February and 12 March.
osm-13525649841-13525649819-0,jakarta-20250304,holdout,361.312,primary,0,0,0,0,,,unknown,excluded,Holdout has no Sentinel-1 acquisition during or within 48 hours after 4-5 March; available images are 28 February and 12 March.
osm-13586347373-6322281575-0,jakarta-20250304,holdout,10.017,tertiary,0,0,0,0,,,unknown,excluded,Holdout has no Sentinel-1 acquisition during or within 48 hours after 4-5 March; available images are 28 February and 12 March.
osm-13586870988-9031905436-0,jakarta-20250304,holdout,1.518,primary,0,0,0,0,,,unknown,excluded,Holdout has no Sentinel-1 acquisition during or within 48 hours after 4-5 March; available images are 28 February and 12 March.
osm-13586870998-315469626-0,jakarta-20250304,holdout,13.792,primary,0,0,0,0,,,unknown,excluded,Holdout has no Sentinel-1 acquisition during or within 48 hours after 4-5 March; available images are 28 February and 12 March.
osm-13603665477-310005821-0,jakarta-20250304,holdout,28.693,primary_link,0,0,0,0,,,unknown,excluded,Holdout has no Sentinel-1 acquisition during or within 48 hours after 4-5 March; available images are 28 February and 12 March.
osm-13606136400-1675426142-0,jakarta-20250304,holdout,25.83,primary,0,0,0,0,,,unknown,excluded,Holdout has no Sentinel-1 acquisition during or within 48 hours after 4-5 March; available images are 28 February and 12 March.
osm-13606177748-5549685557-0,jakarta-20250304,holdout,26.722,primary,0,0,0,0,,,unknown,excluded,Holdout has no Sentinel-1 acquisition during or within 48 hours after 4-5 March; available images are 28 February and 12 March.
osm-13606201402-13606201409-0,jakarta-20250304,holdout,22.959,primary,0,0,0,0,,,unknown,excluded,Holdout has no Sentinel-1 acquisition during or within 48 hours after 4-5 March; available images are 28 February and 12 March.
osm-13606201409-13606136400-0,jakarta-20250304,holdout,8.46,primary,0,0,0,0,,,unknown,excluded,Holdout has no Sentinel-1 acquisition during or within 48 hours after 4-5 March; available images are 28 February and 12 March.
osm-13606201410-13606201418-0,jakarta-20250304,holdout,30.767,primary,0,0,0,0,,,unknown,excluded,Holdout has no Sentinel-1 acquisition during or within 48 hours after 4-5 March; available images are 28 February and 12 March.
osm-13606201418-13606201402-0,jakarta-20250304,holdout,18.85,primary,0,0,0,0,,,unknown,excluded,Holdout has no Sentinel-1 acquisition during or within 48 hours after 4-5 March; available images are 28 February and 12 March.
osm-13606201425-4963127289-0,jakarta-20250304,holdout,32.751,primary,0,0,0,0,,,unknown,excluded,Holdout has no Sentinel-1 acquisition during or within 48 hours after 4-5 March; available images are 28 February and 12 March.
osm-13606201428-13606201425-0,jakarta-20250304,holdout,7.233,primary,0,0,0,0,,,unknown,excluded,Holdout has no Sentinel-1 acquisition during or within 48 hours after 4-5 March; available images are 28 February and 12 March.
osm-13606201436-13606201428-0,jakarta-20250304,holdout,24.903,primary,0,0,0,0,,,unknown,excluded,Holdout has no Sentinel-1 acquisition during or within 48 hours after 4-5 March; available images are 28 February and 12 March.
osm-13606201439-13606201436-0,jakarta-20250304,holdout,60.679,primary,0,0,0,0,,,unknown,excluded,Holdout has no Sentinel-1 acquisition during or within 48 hours after 4-5 March; available images are 28 February and 12 March.
osm-13606201442-13606201439-0,jakarta-20250304,holdout,16.99,primary,0,0,0,0,,,unknown,excluded,Holdout has no Sentinel-1 acquisition during or within 48 hours after 4-5 March; available images are 28 February and 12 March.
osm-13606259700-12745196451-0,jakarta-20250304,holdout,4.368,primary,0,0,0,0,,,unknown,excluded,Holdout has no Sentinel-1 acquisition during or within 48 hours after 4-5 March; available images are 28 February and 12 March.
osm-13606278105-12745196468-0,jakarta-20250304,holdout,36.317,primary,0,0,0,0,,,unknown,excluded,Holdout has no Sentinel-1 acquisition during or within 48 hours after 4-5 March; available images are 28 February and 12 March.
osm-13606475657-4963127052-0,jakarta-20250304,holdout,28.294,primary,0,0,0,0,,,unknown,excluded,Holdout has no Sentinel-1 acquisition during or within 48 hours after 4-5 March; available images are 28 February and 12 March.
osm-13606475660-13606475666-0,jakarta-20250304,holdout,33.19,primary,0,0,0,0,,,unknown,excluded,Holdout has no Sentinel-1 acquisition during or within 48 hours after 4-5 March; available images are 28 February and 12 March.
osm-13606475666-4963127061-0,jakarta-20250304,holdout,54.76,primary,0,0,0,0,,,unknown,excluded,Holdout has no Sentinel-1 acquisition during or within 48 hours after 4-5 March; available images are 28 February and 12 March.
osm-13606475670-13606475660-0,jakarta-20250304,holdout,8.161,primary,0,0,0,0,,,unknown,excluded,Holdout has no Sentinel-1 acquisition during or within 48 hours after 4-5 March; available images are 28 February and 12 March.
osm-13606475672-13606475670-0,jakarta-20250304,holdout,13.127,primary,0,0,0,0,,,unknown,excluded,Holdout has no Sentinel-1 acquisition during or within 48 hours after 4-5 March; available images are 28 February and 12 March.
osm-13618074118-5380240456-0,jakarta-20250304,holdout,6.43,primary,0,0,0,0,,,unknown,excluded,Holdout has no Sentinel-1 acquisition during or within 48 hours after 4-5 March; available images are 28 February and 12 March.
osm-13623804700-318097237-0,jakarta-20250304,holdout,64.434,primary,0,0,0,0,,,unknown,excluded,Holdout has no Sentinel-1 acquisition during or within 48 hours after 4-5 March; available images are 28 February and 12 March.
osm-13623841203-13623804700-0,jakarta-20250304,holdout,41.47,primary,0,0,0,0,,,unknown,excluded,Holdout has no Sentinel-1 acquisition during or within 48 hours after 4-5 March; available images are 28 February and 12 March.
osm-13623841206-13623841203-0,jakarta-20250304,holdout,4.452,primary,0,0,0,0,,,unknown,excluded,Holdout has no Sentinel-1 acquisition during or within 48 hours after 4-5 March; available images are 28 February and 12 March.
osm-13623841209-13623841206-0,jakarta-20250304,holdout,9.429,primary,0,0,0,0,,,unknown,excluded,Holdout has no Sentinel-1 acquisition during or within 48 hours after 4-5 March; available images are 28 February and 12 March.
osm-13623841212-13623841209-0,jakarta-20250304,holdout,6.233,primary,0,0,0,0,,,unknown,excluded,Holdout has no Sentinel-1 acquisition during or within 48 hours after 4-5 March; available images are 28 February and 12 March.
osm-13623841214-13623841212-0,jakarta-20250304,holdout,94.682,primary,0,0,0,0,,,unknown,excluded,Holdout has no Sentinel-1 acquisition during or within 48 hours after 4-5 March; available images are 28 February and 12 March.
osm-13623841217-13623841214-0,jakarta-20250304,holdout,10.6,primary,0,0,0,0,,,unknown,excluded,Holdout has no Sentinel-1 acquisition during or within 48 hours after 4-5 March; available images are 28 February and 12 March.
osm-13623874472-5372018508-0,jakarta-20250304,holdout,42.182,primary,0,0,0,0,,,unknown,excluded,Holdout has no Sentinel-1 acquisition during or within 48 hours after 4-5 March; available images are 28 February and 12 March.
osm-13623874475-13623874472-0,jakarta-20250304,holdout,49.583,primary,0,0,0,0,,,unknown,excluded,Holdout has no Sentinel-1 acquisition during or within 48 hours after 4-5 March; available images are 28 February and 12 March.
osm-13624041397-104364335-0,jakarta-20250304,holdout,157.705,primary,0,0,0,0,,,unknown,excluded,Holdout has no Sentinel-1 acquisition during or within 48 hours after 4-5 March; available images are 28 February and 12 March.
osm-13624041399-13624041397-0,jakarta-20250304,holdout,38.166,primary,0,0,0,0,,,unknown,excluded,Holdout has no Sentinel-1 acquisition during or within 48 hours after 4-5 March; available images are 28 February and 12 March.
osm-13639648351-4235574904-0,jakarta-20250304,holdout,10.009,primary,0,0,0,0,,,unknown,excluded,Holdout has no Sentinel-1 acquisition during or within 48 hours after 4-5 March; available images are 28 February and 12 March.
osm-13653307691-1174777687-0,jakarta-20250304,holdout,15.55,secondary,0,0,0,0,,,unknown,excluded,Holdout has no Sentinel-1 acquisition during or within 48 hours after 4-5 March; available images are 28 February and 12 March.
osm-13653320894-11477683650-0,jakarta-20250304,holdout,27.437,primary,0,0,0,0,,,unknown,excluded,Holdout has no Sentinel-1 acquisition during or within 48 hours after 4-5 March; available images are 28 February and 12 March.
osm-13657075638-7120487197-0,jakarta-20250304,holdout,8.555,primary,0,0,0,0,,,unknown,excluded,Holdout has no Sentinel-1 acquisition during or within 48 hours after 4-5 March; available images are 28 February and 12 March.
osm-13659371444-4548266763-0,jakarta-20250304,holdout,5.222,primary,0,0,0,0,,,unknown,excluded,Holdout has no Sentinel-1 acquisition during or within 48 hours after 4-5 March; available images are 28 February and 12 March.
osm-13663105514-1675426300-0,jakarta-20250304,holdout,6.349,primary,0,0,0,0,,,unknown,excluded,Holdout has no Sentinel-1 acquisition during or within 48 hours after 4-5 March; available images are 28 February and 12 March.
osm-13663493364-13663105514-0,jakarta-20250304,holdout,9.412,primary,0,0,0,0,,,unknown,excluded,Holdout has no Sentinel-1 acquisition during or within 48 hours after 4-5 March; available images are 28 February and 12 March.
osm-13664998461-2032758147-0,jakarta-20250304,holdout,45.391,primary,0,0,0,0,,,unknown,excluded,Holdout has no Sentinel-1 acquisition during or within 48 hours after 4-5 March; available images are 28 February and 12 March.
osm-13675743447-318548947-0,jakarta-20250304,holdout,55.782,tertiary,0,0,0,0,,,unknown,excluded,Holdout has no Sentinel-1 acquisition during or within 48 hours after 4-5 March; available images are 28 February and 12 March.
osm-13682180792-347509493-0,jakarta-20250304,holdout,54.683,secondary,0,0,0,0,,,unknown,excluded,Holdout has no Sentinel-1 acquisition during or within 48 hours after 4-5 March; available images are 28 February and 12 March.
osm-13685379529-9031905443-0,jakarta-20250304,holdout,40.896,primary,0,0,0,0,,,unknown,excluded,Holdout has no Sentinel-1 acquisition during or within 48 hours after 4-5 March; available images are 28 February and 12 March.
osm-13695587261-9623310915-0,jakarta-20250304,holdout,26.114,primary,0,0,0,0,,,unknown,excluded,Holdout has no Sentinel-1 acquisition during or within 48 hours after 4-5 March; available images are 28 February and 12 March.
osm-13695587270-13695587261-0,jakarta-20250304,holdout,25.443,primary,0,0,0,0,,,unknown,excluded,Holdout has no Sentinel-1 acquisition during or within 48 hours after 4-5 March; available images are 28 February and 12 March.
osm-13699094545-13685379529-0,jakarta-20250304,holdout,6.787,primary,0,0,0,0,,,unknown,excluded,Holdout has no Sentinel-1 acquisition during or within 48 hours after 4-5 March; available images are 28 February and 12 March.
osm-13701804566-317180499-0,jakarta-20250304,holdout,62.208,primary,0,0,0,0,,,unknown,excluded,Holdout has no Sentinel-1 acquisition during or within 48 hours after 4-5 March; available images are 28 February and 12 March.
osm-13701804574-7103369200-0,jakarta-20250304,holdout,173.38,primary,0,0,0,0,,,unknown,excluded,Holdout has no Sentinel-1 acquisition during or within 48 hours after 4-5 March; available images are 28 February and 12 March.
osm-13717294231-315547395-0,jakarta-20250304,holdout,62.567,secondary,0,0,0,0,,,unknown,excluded,Holdout has no Sentinel-1 acquisition during or within 48 hours after 4-5 March; available images are 28 February and 12 March.
osm-13719672649-9696758894-0,jakarta-20250304,holdout,35.043,primary,0,0,0,0,,,unknown,excluded,Holdout has no Sentinel-1 acquisition during or within 48 hours after 4-5 March; available images are 28 February and 12 March.
osm-13720913830-7120410540-0,jakarta-20250304,holdout,8.994,primary,0,0,0,0,,,unknown,excluded,Holdout has no Sentinel-1 acquisition during or within 48 hours after 4-5 March; available images are 28 February and 12 March.
osm-13720920968-315746130-0,jakarta-20250304,holdout,119.538,primary,0,0,0,0,,,unknown,excluded,Holdout has no Sentinel-1 acquisition during or within 48 hours after 4-5 March; available images are 28 February and 12 March.
osm-13721019303-5671327267-0,jakarta-20250304,holdout,7.74,primary,0,0,0,0,,,unknown,excluded,Holdout has no Sentinel-1 acquisition during or within 48 hours after 4-5 March; available images are 28 February and 12 March.
osm-13721122640-13525649841-0,jakarta-20250304,holdout,21.104,primary_link,0,0,0,0,,,unknown,excluded,Holdout has no Sentinel-1 acquisition during or within 48 hours after 4-5 March; available images are 28 February and 12 March.
osm-13734886233-1135179424-0,jakarta-20250304,holdout,8.119,tertiary,0,0,0,0,,,unknown,excluded,Holdout has no Sentinel-1 acquisition during or within 48 hours after 4-5 March; available images are 28 February and 12 March.
osm-13734886245-13734886233-0,jakarta-20250304,holdout,22.777,tertiary,0,0,0,0,,,unknown,excluded,Holdout has no Sentinel-1 acquisition during or within 48 hours after 4-5 March; available images are 28 February and 12 March.
osm-13734985431-5379957290-0,jakarta-20250304,holdout,17.071,tertiary,0,0,0,0,,,unknown,excluded,Holdout has no Sentinel-1 acquisition during or within 48 hours after 4-5 March; available images are 28 February and 12 March.
osm-13734985443-4748308350-0,jakarta-20250304,holdout,4.733,tertiary,0,0,0,0,,,unknown,excluded,Holdout has no Sentinel-1 acquisition during or within 48 hours after 4-5 March; available images are 28 February and 12 March.
osm-13750328259-7120393905-0,jakarta-20250304,holdout,51.21,primary,0,0,0,0,,,unknown,excluded,Holdout has no Sentinel-1 acquisition during or within 48 hours after 4-5 March; available images are 28 February and 12 March.
osm-13752868692-2019635436-0,jakarta-20250304,holdout,22.519,primary,0,0,0,0,,,unknown,excluded,Holdout has no Sentinel-1 acquisition during or within 48 hours after 4-5 March; available images are 28 February and 12 March.
osm-13771612756-9561798638-0,jakarta-20250304,holdout,76.744,primary,0,0,0,0,,,unknown,excluded,Holdout has no Sentinel-1 acquisition during or within 48 hours after 4-5 March; available images are 28 February and 12 March.
osm-13772607350-104379008-0,jakarta-20250304,holdout,57.681,primary,0,0,0,0,,,unknown,excluded,Holdout has no Sentinel-1 acquisition during or within 48 hours after 4-5 March; available images are 28 February and 12 March.
osm-13772607355-12583516441-0,jakarta-20250304,holdout,3.998,primary,0,0,0,0,,,unknown,excluded,Holdout has no Sentinel-1 acquisition during or within 48 hours after 4-5 March; available images are 28 February and 12 March.
osm-13798957263-5388382567-0,jakarta-20250304,holdout,3.193,trunk,0,0,0,0,,,unknown,excluded,Holdout has no Sentinel-1 acquisition during or within 48 hours after 4-5 March; available images are 28 February and 12 March.
osm-13827879018-13827879026-0,jakarta-20250304,holdout,12.373,primary,0,0,0,0,,,unknown,excluded,Holdout has no Sentinel-1 acquisition during or within 48 hours after 4-5 March; available images are 28 February and 12 March.
osm-13827879026-4780724425-0,jakarta-20250304,holdout,81.635,primary,0,0,0,0,,,unknown,excluded,Holdout has no Sentinel-1 acquisition during or within 48 hours after 4-5 March; available images are 28 February and 12 March.
osm-13828094473-5499209000-0,jakarta-20250304,holdout,105.494,primary,0,0,0,0,,,unknown,excluded,Holdout has no Sentinel-1 acquisition during or within 48 hours after 4-5 March; available images are 28 February and 12 March.
osm-13828209563-329967924-0,jakarta-20250304,holdout,5.697,primary,0,0,0,0,,,unknown,excluded,Holdout has no Sentinel-1 acquisition during or within 48 hours after 4-5 March; available images are 28 February and 12 March.
osm-13849518628-5374005699-0,jakarta-20250304,holdout,90.665,primary,0,0,0,0,,,unknown,excluded,Holdout has no Sentinel-1 acquisition during or within 48 hours after 4-5 March; available images are 28 February and 12 March.
osm-13849518632-4849427416-0,jakarta-20250304,holdout,33.784,primary,0,0,0,0,,,unknown,excluded,Holdout has no Sentinel-1 acquisition during or within 48 hours after 4-5 March; available images are 28 February and 12 March.
osm-13913580148-5377313967-0,jakarta-20250304,holdout,8.69,residential,0,0,0,0,,,unknown,excluded,Holdout has no Sentinel-1 acquisition during or within 48 hours after 4-5 March; available images are 28 February and 12 March.
osm-13913580150-13913580151-0,jakarta-20250304,holdout,6.117,service,0,0,0,0,,,unknown,excluded,Holdout has no Sentinel-1 acquisition during or within 48 hours after 4-5 March; available images are 28 February and 12 March.
osm-13913580151-5377313978-0,jakarta-20250304,holdout,52.326,service,0,0,0,0,,,unknown,excluded,Holdout has no Sentinel-1 acquisition during or within 48 hours after 4-5 March; available images are 28 February and 12 March.
osm-13914133217-13734985431-0,jakarta-20250304,holdout,59.424,tertiary,0,0,0,0,,,unknown,excluded,Holdout has no Sentinel-1 acquisition during or within 48 hours after 4-5 March; available images are 28 February and 12 March.
