{"type":"FeatureCollection","metadata":{"source":"OpenStreetMap contributors","sourceUrl":"https://www.openstreetmap.org","license":"ODbL 1.0","retrievedAt":"2026-08-12","method":"OSMnx graph_from_polygon; full selected GAUL level-2 polygon; logistics road filter","highwayFilter":"[\"highway\"~\"motorway|motorway_link|trunk|trunk_link|primary|primary_link|secondary|secondary_link|tertiary|tertiary_link\"]","networkType":"drive","simplifyGraph":true,"retainAllComponents":true,"regionId":"gaul2-18003","province":"Jambi","region":"Kota Jambi","graphNodes":441,"directedSegments":930,"roadCategories":{"primary":102,"primary_link":36,"secondary":193,"secondary_link":44,"tertiary":245,"tertiary_link":16,"trunk":234,"trunk_link":60},"runtimeExternalDependency":null,"processedContentSha256":"81bff1cbb89a775d36c72830d8f9a32b05f6e7908e31fe54f3bc99f2efadba49"},"features":[{"type":"Feature","properties":{"segmentId":"osm-gaul2-18003-10216509845-10216509847-0","regionId":"gaul2-18003","province":"Jambi","region":"Kota Jambi","roadName":"Jalan Soemantri Brodjonegoro","highway":"primary","lengthMeters":48.129,"osmWayIds":["1117073826"],"u":"10216509845","v":"10216509847","key":0,"oneway":true,"source":"OpenStreetMap"},"geometry":{"type":"LineString","coordinates":[[103.6022961,-1.6036503],[103.6020017,-1.6039677]]}},{"type":"Feature","properties":{"segmentId":"osm-gaul2-18003-10216509845-5715948433-0","regionId":"gaul2-18003","province":"Jambi","region":"Kota Jambi","roadName":"Unnamed OSM road","highway":"primary_link","lengthMeters":5.872,"osmWayIds":["1117073843"],"u":"10216509845","v":"5715948433","key":0,"oneway":false,"source":"OpenStreetMap"},"geometry":{"type":"LineString","coordinates":[[103.6022961,-1.6036503],[103.6022586,-1.6036131]]}},{"type":"Feature","properties":{"segmentId":"osm-gaul2-18003-10216509847-10876815642-0","regionId":"gaul2-18003","province":"Jambi","region":"Kota Jambi","roadName":"Jalan Soemantri Brodjonegoro","highway":"primary","lengthMeters":254.58,"osmWayIds":["1117073826"],"u":"10216509847","v":"10876815642","key":0,"oneway":true,"source":"OpenStreetMap"},"geometry":{"type":"LineString","coordinates":[[103.6020017,-1.6039677],[103.601848,-1.6041161],[103.6017784,-1.6041852],[103.6016531,-1.604305],[103.6016018,-1.6043539],[103.601253,-1.6046985],[103.6010921,-1.6048831],[103.6007723,-1.6052913],[103.6005563,-1.6055567],[103.6004689,-1.6056635]]}},{"type":"Feature","properties":{"segmentId":"osm-gaul2-18003-10216509847-5126812859-0","regionId":"gaul2-18003","province":"Jambi","region":"Kota Jambi","roadName":"Unnamed OSM road","highway":"primary_link","lengthMeters":6.305,"osmWayIds":["1117073844"],"u":"10216509847","v":"5126812859","key":0,"oneway":false,"source":"OpenStreetMap"},"geometry":{"type":"LineString","coordinates":[[103.6020017,-1.6039677],[103.6019615,-1.6039277]]}},{"type":"Feature","properties":{"segmentId":"osm-gaul2-18003-10216509847-5715948231-0","regionId":"gaul2-18003","province":"Jambi","region":"Kota Jambi","roadName":"Jalan H. Ali Hamzah","highway":"tertiary","lengthMeters":544.404,"osmWayIds":["654737833"],"u":"10216509847","v":"5715948231","key":0,"oneway":false,"source":"OpenStreetMap"},"geometry":{"type":"LineString","coordinates":[[103.6020017,-1.6039677],[103.6023613,-1.604267],[103.6024295,-1.6042989],[103.6026473,-1.6043508],[103.602701,-1.6043749],[103.6027198,-1.6044031],[103.6027242,-1.6044751],[103.6027546,-1.6051337],[103.6027671,-1.6051875],[103.6028722,-1.6054698],[103.6029182,-1.6055935],[103.6029391,-1.6056799],[103.6029424,-1.6057926],[103.6029437,-1.6061163],[103.6029518,-1.6061381],[103.6029679,-1.6061605],[103.6029913,-1.6061719],[103.6030215,-1.6061726],[103.6032227,-1.6061512],[103.6037189,-1.6061699],[103.6037605,-1.6061758],[103.6037786,-1.606184],[103.6038926,-1.6062886],[103.6039247,-1.6062932],[103.6039777,-1.6062946],[103.6040022,-1.6063037],[103.6041661,-1.6065169],[103.6042125,-1.6066193],[103.6042932,-1.6067194],[103.6045555,-1.6069146],[103.6048269,-1.6070856]]}},{"type":"Feature","properties":{"segmentId":"osm-gaul2-18003-10876815642-10876815643-0","regionId":"gaul2-18003","province":"Jambi","region":"Kota Jambi","roadName":"Unnamed OSM road","highway":"primary_link","lengthMeters":7.477,"osmWayIds":["1169759737"],"u":"10876815642","v":"10876815643","key":0,"oneway":false,"source":"OpenStreetMap"},"geometry":{"type":"LineString","coordinates":[[103.6004689,-1.6056635],[103.6004205,-1.6056168]]}},{"type":"Feature","properties":{"segmentId":"osm-gaul2-18003-10876815642-4270166385-0","regionId":"gaul2-18003","province":"Jambi","region":"Kota Jambi","roadName":"Jalan Soemantri Brodjonegoro","highway":"primary","lengthMeters":609.004,"osmWayIds":["1117073826","1117073827","1117073828"],"u":"10876815642","v":"4270166385","key":0,"oneway":true,"source":"OpenStreetMap"},"geometry":{"type":"LineString","coordinates":[[103.6004689,-1.6056635],[103.600112,-1.6060993],[103.599951,-1.6063099],[103.5999138,-1.606355],[103.5995588,-1.6067786],[103.5994313,-1.6069398],[103.5993402,-1.6070503],[103.5993271,-1.6070665],[103.5991046,-1.6073409],[103.5988309,-1.6076947],[103.5988127,-1.607717],[103.5984425,-1.6081475],[103.5981749,-1.6084852],[103.5975186,-1.6092557],[103.5970583,-1.6098038],[103.5969662,-1.6098689]]}},{"type":"Feature","properties":{"segmentId":"osm-gaul2-18003-10876815643-10876815642-0","regionId":"gaul2-18003","province":"Jambi","region":"Kota Jambi","roadName":"Unnamed OSM road","highway":"primary_link","lengthMeters":7.477,"osmWayIds":["1169759737"],"u":"10876815643","v":"10876815642","key":0,"oneway":false,"source":"OpenStreetMap"},"geometry":{"type":"LineString","coordinates":[[103.6004205,-1.6056168],[103.6004689,-1.6056635]]}},{"type":"Feature","properties":{"segmentId":"osm-gaul2-18003-10876815643-5126812859-0","regionId":"gaul2-18003","province":"Jambi","region":"Kota Jambi","roadName":"Jalan Profesor Dokter Soemantri Brodjonegoro","highway":"primary","lengthMeters":254.461,"osmWayIds":["1117073834","1117073839","1117073847"],"u":"10876815643","v":"5126812859","key":0,"oneway":true,"source":"OpenStreetMap"},"geometry":{"type":"LineString","coordinates":[[103.6004205,-1.6056168],[103.6005065,-1.6055178],[103.6007291,-1.6052437],[103.6010598,-1.6048501],[103.6012252,-1.6046648],[103.6014397,-1.6044358],[103.6016224,-1.6042624],[103.6018231,-1.6040629],[103.6019615,-1.6039277]]}},{"type":"Feature","properties":{"segmentId":"osm-gaul2-18003-11015122288-6135140806-0","regionId":"gaul2-18003","province":"Jambi","region":"Kota Jambi","roadName":"Jalan Jend. Basuki Rahmat","highway":"secondary","lengthMeters":285.768,"osmWayIds":["654731800"],"u":"11015122288","v":"6135140806","key":0,"oneway":true,"source":"OpenStreetMap"},"geometry":{"type":"LineString","coordinates":[[103.6062016,-1.6319649],[103.6058841,-1.632187],[103.6057319,-1.6322789],[103.605573,-1.6323412],[103.6054288,-1.6323908],[103.6051767,-1.632435],[103.6049809,-1.6324652],[103.6049299,-1.6324652],[103.6047696,-1.6324846],[103.6043948,-1.6325389],[103.6039054,-1.6326044],[103.6037638,-1.6326275]]}},{"type":"Feature","properties":{"segmentId":"osm-gaul2-18003-11015122288-6135575703-0","regionId":"gaul2-18003","province":"Jambi","region":"Kota Jambi","roadName":"Unnamed OSM road","highway":"secondary_link","lengthMeters":12.579,"osmWayIds":["1284820639"],"u":"11015122288","v":"6135575703","key":0,"oneway":false,"source":"OpenStreetMap"},"geometry":{"type":"LineString","coordinates":[[103.6062016,-1.6319649],[103.6061275,-1.6318794]]}},{"type":"Feature","properties":{"segmentId":"osm-gaul2-18003-11121946190-11121946191-0","regionId":"gaul2-18003","province":"Jambi","region":"Kota Jambi","roadName":"Unnamed OSM road","highway":"secondary_link","lengthMeters":10.507,"osmWayIds":["1198941677"],"u":"11121946190","v":"11121946191","key":0,"oneway":false,"source":"OpenStreetMap"},"geometry":{"type":"LineString","coordinates":[[103.5890723,-1.606695],[103.5890465,-1.6066041]]}},{"type":"Feature","properties":{"segmentId":"osm-gaul2-18003-11121946190-6167939746-0","regionId":"gaul2-18003","province":"Jambi","region":"Kota Jambi","roadName":"Jalan Mayor Jenderal HM. J.Singedekane","highway":"secondary","lengthMeters":777.048,"osmWayIds":["427843874"],"u":"11121946190","v":"6167939746","key":0,"oneway":true,"source":"OpenStreetMap"},"geometry":{"type":"LineString","coordinates":[[103.5890723,-1.606695],[103.588899,-1.6067488],[103.5886416,-1.6068316],[103.588534,-1.6068676],[103.5882647,-1.606959],[103.5881073,-1.6070125],[103.5877503,-1.6071304],[103.5873289,-1.6072975],[103.5871583,-1.6073885],[103.5870009,-1.6075038],[103.586788,-1.6077236],[103.5866105,-1.6079557],[103.5862248,-1.6085511],[103.5861319,-1.6087164],[103.5859423,-1.6090536],[103.5857232,-1.6094357],[103.5856318,-1.6095564],[103.5854752,-1.6097104],[103.5853639,-1.6097815],[103.585168,-1.6098205],[103.5849314,-1.6098451],[103.5844201,-1.6098357],[103.5839853,-1.6098247],[103.5837904,-1.6098205],[103.5834406,-1.6098239]]}},{"type":"Feature","properties":{"segmentId":"osm-gaul2-18003-11121946191-11121946190-0","regionId":"gaul2-18003","province":"Jambi","region":"Kota Jambi","roadName":"Unnamed OSM road","highway":"secondary_link","lengthMeters":10.507,"osmWayIds":["1198941677"],"u":"11121946191","v":"11121946190","key":0,"oneway":false,"source":"OpenStreetMap"},"geometry":{"type":"LineString","coordinates":[[103.5890465,-1.6066041],[103.5890723,-1.606695]]}},{"type":"Feature","properties":{"segmentId":"osm-gaul2-18003-11121946191-6167838763-0","regionId":"gaul2-18003","province":"Jambi","region":"Kota Jambi","roadName":"Jalan Mayor Jenderal HM. J.Singedekane","highway":"secondary","lengthMeters":16.876,"osmWayIds":["654854984"],"u":"11121946191","v":"6167838763","key":0,"oneway":true,"source":"OpenStreetMap"},"geometry":{"type":"LineString","coordinates":[[103.5890465,-1.6066041],[103.5891908,-1.6065569]]}},{"type":"Feature","properties":{"segmentId":"osm-gaul2-18003-11160068424-11160068425-0","regionId":"gaul2-18003","province":"Jambi","region":"Kota Jambi","roadName":"Simpang Makalam","highway":"trunk","lengthMeters":11.338,"osmWayIds":["1046109573"],"u":"11160068424","v":"11160068425","key":0,"oneway":true,"source":"OpenStreetMap"},"geometry":{"type":"LineString","coordinates":[[103.6104241,-1.5961322],[103.6104468,-1.5961206],[103.610472,-1.5961167],[103.6104972,-1.5961207],[103.6105199,-1.5961323]]}},{"type":"Feature","properties":{"segmentId":"osm-gaul2-18003-11160068425-11160068426-0","regionId":"gaul2-18003","province":"Jambi","region":"Kota Jambi","roadName":"Simpang Makalam","highway":"trunk","lengthMeters":5.659,"osmWayIds":["1046109573"],"u":"11160068425","v":"11160068426","key":0,"oneway":true,"source":"OpenStreetMap"},"geometry":{"type":"LineString","coordinates":[[103.6105199,-1.5961323],[103.6105379,-1.5961503],[103.6105494,-1.596173]]}},{"type":"Feature","properties":{"segmentId":"osm-gaul2-18003-11160068426-6130596997-0","regionId":"gaul2-18003","province":"Jambi","region":"Kota Jambi","roadName":"Simpang Makalam","highway":"trunk","lengthMeters":8.498,"osmWayIds":["1046109573"],"u":"11160068426","v":"6130596997","key":0,"oneway":true,"source":"OpenStreetMap"},"geometry":{"type":"LineString","coordinates":[[103.6105494,-1.596173],[103.6105534,-1.5961982],[103.6105494,-1.5962233],[103.6105378,-1.596246]]}},{"type":"Feature","properties":{"segmentId":"osm-gaul2-18003-11160068426-7571582729-0","regionId":"gaul2-18003","province":"Jambi","region":"Kota Jambi","roadName":"Unnamed OSM road","highway":"tertiary","lengthMeters":52.816,"osmWayIds":["1046109572"],"u":"11160068426","v":"7571582729","key":0,"oneway":true,"source":"OpenStreetMap"},"geometry":{"type":"LineString","coordinates":[[103.6105494,-1.596173],[103.6107254,-1.5962454],[103.6109099,-1.5963035],[103.610984,-1.596357]]}},{"type":"Feature","properties":{"segmentId":"osm-gaul2-18003-11160068438-6130597005-0","regionId":"gaul2-18003","province":"Jambi","region":"Kota Jambi","roadName":"Jalan M.H. Thamrin","highway":"trunk","lengthMeters":109.908,"osmWayIds":["654227870"],"u":"11160068438","v":"6130597005","key":0,"oneway":true,"source":"OpenStreetMap"},"geometry":{"type":"LineString","coordinates":[[103.6104971,-1.5962756],[103.6104652,-1.5964695],[103.610291,-1.5970788],[103.6102091,-1.5972142]]}},{"type":"Feature","properties":{"segmentId":"osm-gaul2-18003-11160068438-7588988631-0","regionId":"gaul2-18003","province":"Jambi","region":"Kota Jambi","roadName":"Simpang Makalam","highway":"trunk","lengthMeters":8.495,"osmWayIds":["1046109573"],"u":"11160068438","v":"7588988631","key":0,"oneway":true,"source":"OpenStreetMap"},"geometry":{"type":"LineString","coordinates":[[103.6104971,-1.5962756],[103.6104719,-1.5962796],[103.6104468,-1.5962756],[103.6104241,-1.596264]]}},{"type":"Feature","properties":{"segmentId":"osm-gaul2-18003-11357372338-12578228680-0","regionId":"gaul2-18003","province":"Jambi","region":"Kota Jambi","roadName":"Jalan Orang Kayo Pingai","highway":"secondary","lengthMeters":1134.453,"osmWayIds":["1205735200","1224671148"],"u":"11357372338","v":"12578228680","key":0,"oneway":false,"source":"OpenStreetMap"},"geometry":{"type":"LineString","coordinates":[[103.6284797,-1.5983685],[103.6292784,-1.5983795],[103.6298972,-1.5983892],[103.6304565,-1.5984083],[103.6311081,-1.5984306],[103.6323892,-1.5984777],[103.6324346,-1.5984804],[103.6334471,-1.5984904],[103.6337542,-1.5984884],[103.6340077,-1.5985219],[103.6342826,-1.598605],[103.6344006,-1.5987189],[103.6344818,-1.5988042],[103.6346099,-1.5990407],[103.6346499,-1.5992082],[103.6348567,-1.5997941],[103.6350096,-1.6000918],[103.635149,-1.6002687],[103.6354145,-1.6005421],[103.636388,-1.6014875],[103.6366296,-1.6017085],[103.6369032,-1.6018854],[103.6369885,-1.6019158]]}},{"type":"Feature","properties":{"segmentId":"osm-gaul2-18003-11357372338-5126813640-0","regionId":"gaul2-18003","province":"Jambi","region":"Kota Jambi","roadName":"Jalan Orang Kayo Pingai","highway":"secondary","lengthMeters":78.038,"osmWayIds":["1224669185"],"u":"11357372338","v":"5126813640","key":0,"oneway":true,"source":"OpenStreetMap"},"geometry":{"type":"LineString","coordinates":[[103.6284797,-1.5983685],[103.6284046,-1.598399],[103.6280103,-1.5983978],[103.6278746,-1.598396],[103.627789,-1.5983651]]}},{"type":"Feature","properties":{"segmentId":"osm-gaul2-18003-11578379658-5113490968-0","regionId":"gaul2-18003","province":"Jambi","region":"Kota Jambi","roadName":"Jalan Pangeran Hidayat","highway":"trunk","lengthMeters":19.316,"osmWayIds":["1245463805"],"u":"11578379658","v":"5113490968","key":0,"oneway":true,"source":"OpenStreetMap"},"geometry":{"type":"LineString","coordinates":[[103.6041844,-1.6169438],[103.6042164,-1.6168536],[103.6042405,-1.6167794]]}},{"type":"Feature","properties":{"segmentId":"osm-gaul2-18003-11578379658-7730919129-0","regionId":"gaul2-18003","province":"Jambi","region":"Kota Jambi","roadName":"Jalan Haji Oemar Said Cokroaminoto","highway":"secondary","lengthMeters":434.674,"osmWayIds":["1245463807","665667594","828110207"],"u":"11578379658","v":"7730919129","key":0,"oneway":true,"source":"OpenStreetMap"},"geometry":{"type":"LineString","coordinates":[[103.6041844,-1.6169438],[103.6041035,-1.6169244],[103.6039791,-1.6169425],[103.6038209,-1.617],[103.6029829,-1.6173755],[103.6029132,-1.6173982],[103.6027856,-1.6174511],[103.6024539,-1.6176038],[103.6022817,-1.6176829],[103.6020512,-1.6177827],[103.6017173,-1.6179247],[103.6015679,-1.6179715],[103.6013915,-1.6180244],[103.6013011,-1.618043],[103.6011689,-1.6180467],[103.6010397,-1.6180357],[103.6009689,-1.6180273],[103.6005102,-1.6179313]]}},{"type":"Feature","properties":{"segmentId":"osm-gaul2-18003-11886940489-5122353991-0","regionId":"gaul2-18003","province":"Jambi","region":"Kota Jambi","roadName":"Jalan Halim Perdana Kusuma","highway":"secondary","lengthMeters":102.023,"osmWayIds":["1280608546"],"u":"11886940489","v":"5122353991","key":0,"oneway":true,"source":"OpenStreetMap"},"geometry":{"type":"LineString","coordinates":[[103.6169895,-1.5949987],[103.6170442,-1.5951358],[103.617311,-1.5957456],[103.6172956,-1.5958488]]}},{"type":"Feature","properties":{"segmentId":"osm-gaul2-18003-11886940489-5143621185-0","regionId":"gaul2-18003","province":"Jambi","region":"Kota Jambi","roadName":"Unnamed OSM road","highway":"secondary_link","lengthMeters":11.022,"osmWayIds":["1422691653"],"u":"11886940489","v":"5143621185","key":0,"oneway":false,"source":"OpenStreetMap"},"geometry":{"type":"LineString","coordinates":[[103.6169895,-1.5949987],[103.6169004,-1.5950422]]}},{"type":"Feature","properties":{"segmentId":"osm-gaul2-18003-11886940490-11886940489-0","regionId":"gaul2-18003","province":"Jambi","region":"Kota Jambi","roadName":"Jalan Halim Perdana Kusuma","highway":"secondary","lengthMeters":90.781,"osmWayIds":["1280608546"],"u":"11886940490","v":"11886940489","key":0,"oneway":true,"source":"OpenStreetMap"},"geometry":{"type":"LineString","coordinates":[[103.6166713,-1.5942468],[103.6169895,-1.5949987]]}},{"type":"Feature","properties":{"segmentId":"osm-gaul2-18003-11886940490-5122353992-0","regionId":"gaul2-18003","province":"Jambi","region":"Kota Jambi","roadName":"Jalan Raden Mattaher","highway":"primary","lengthMeters":12.953,"osmWayIds":["526828508"],"u":"11886940490","v":"5122353992","key":0,"oneway":true,"source":"OpenStreetMap"},"geometry":{"type":"LineString","coordinates":[[103.6166713,-1.5942468],[103.616563,-1.5942898]]}},{"type":"Feature","properties":{"segmentId":"osm-gaul2-18003-11925173855-11925173865-0","regionId":"gaul2-18003","province":"Jambi","region":"Kota Jambi","roadName":"Jalan Kolonel Abundjani","highway":"primary","lengthMeters":114.571,"osmWayIds":["1285519319","1285519320"],"u":"11925173855","v":"11925173865","key":0,"oneway":true,"source":"OpenStreetMap"},"geometry":{"type":"LineString","coordinates":[[103.5924395,-1.6170762],[103.5924429,-1.6170212],[103.5927492,-1.6164126],[103.5928613,-1.616201],[103.5929011,-1.6161637]]}},{"type":"Feature","properties":{"segmentId":"osm-gaul2-18003-11925173855-4270167289-0","regionId":"gaul2-18003","province":"Jambi","region":"Kota Jambi","roadName":"Jalan Kolonel Abundjani","highway":"primary","lengthMeters":13.297,"osmWayIds":["1285519324"],"u":"11925173855","v":"4270167289","key":0,"oneway":false,"source":"OpenStreetMap"},"geometry":{"type":"LineString","coordinates":[[103.5924395,-1.6170762],[103.5923851,-1.6171827]]}},{"type":"Feature","properties":{"segmentId":"osm-gaul2-18003-11925173856-11925173862-0","regionId":"gaul2-18003","province":"Jambi","region":"Kota Jambi","roadName":"Unnamed OSM road","highway":"primary","lengthMeters":45.494,"osmWayIds":["1285519326"],"u":"11925173856","v":"11925173862","key":0,"oneway":true,"source":"OpenStreetMap"},"geometry":{"type":"LineString","coordinates":[[103.5923383,-1.6172739],[103.5923335,-1.6173241],[103.5923156,-1.6173625],[103.5921941,-1.6175923],[103.5921489,-1.6176261]]}},{"type":"Feature","properties":{"segmentId":"osm-gaul2-18003-11925173856-4270167289-0","regionId":"gaul2-18003","province":"Jambi","region":"Kota Jambi","roadName":"Jalan Kolonel Abundjani","highway":"primary","lengthMeters":11.397,"osmWayIds":["1285519324"],"u":"11925173856","v":"4270167289","key":0,"oneway":false,"source":"OpenStreetMap"},"geometry":{"type":"LineString","coordinates":[[103.5923383,-1.6172739],[103.5923851,-1.6171827]]}},{"type":"Feature","properties":{"segmentId":"osm-gaul2-18003-11925173862-11925173856-0","regionId":"gaul2-18003","province":"Jambi","region":"Kota Jambi","roadName":"Jalan Kolonel Abundjani","highway":"primary","lengthMeters":45.081,"osmWayIds":["1285519322"],"u":"11925173862","v":"11925173856","key":0,"oneway":true,"source":"OpenStreetMap"},"geometry":{"type":"LineString","coordinates":[[103.5921489,-1.6176261],[103.5921593,-1.6175692],[103.592298,-1.6173123],[103.5923383,-1.6172739]]}},{"type":"Feature","properties":{"segmentId":"osm-gaul2-18003-11925173862-5415541797-0","regionId":"gaul2-18003","province":"Jambi","region":"Kota Jambi","roadName":"Jalan Kolonel Abundjani","highway":"primary","lengthMeters":260.489,"osmWayIds":["1285519323"],"u":"11925173862","v":"5415541797","key":0,"oneway":false,"source":"OpenStreetMap"},"geometry":{"type":"LineString","coordinates":[[103.5921489,-1.6176261],[103.5920566,-1.6178007],[103.592029,-1.6178515],[103.5919319,-1.6180306],[103.5918447,-1.6182016],[103.5917426,-1.6183727],[103.5917057,-1.6184269],[103.5916369,-1.6185072],[103.5914008,-1.618703],[103.5905616,-1.6192736]]}},{"type":"Feature","properties":{"segmentId":"osm-gaul2-18003-11925173865-11925173855-0","regionId":"gaul2-18003","province":"Jambi","region":"Kota Jambi","roadName":"Jalan Kolonel Abundjani","highway":"primary","lengthMeters":114.366,"osmWayIds":["1285519325"],"u":"11925173865","v":"11925173855","key":0,"oneway":true,"source":"OpenStreetMap"},"geometry":{"type":"LineString","coordinates":[[103.5929011,-1.6161637],[103.5928898,-1.6162152],[103.592479,-1.6170436],[103.5924395,-1.6170762]]}},{"type":"Feature","properties":{"segmentId":"osm-gaul2-18003-11925173865-7742355451-0","regionId":"gaul2-18003","province":"Jambi","region":"Kota Jambi","roadName":"Jalan Kolonel Abundjani","highway":"primary","lengthMeters":289.481,"osmWayIds":["469304283"],"u":"11925173865","v":"7742355451","key":0,"oneway":false,"source":"OpenStreetMap"},"geometry":{"type":"LineString","coordinates":[[103.5929011,-1.6161637],[103.5931835,-1.6156078],[103.5932603,-1.6154571],[103.5933387,-1.6153033],[103.5934828,-1.6150146],[103.5937734,-1.6144045],[103.5938314,-1.6142827],[103.5938849,-1.6141705],[103.5940495,-1.6138273]]}},{"type":"Feature","properties":{"segmentId":"osm-gaul2-18003-12578228680-11357372338-0","regionId":"gaul2-18003","province":"Jambi","region":"Kota Jambi","roadName":"Jalan Orang Kayo Pingai","highway":"secondary","lengthMeters":1134.453,"osmWayIds":["1205735200","1224671148"],"u":"12578228680","v":"11357372338","key":0,"oneway":false,"source":"OpenStreetMap"},"geometry":{"type":"LineString","coordinates":[[103.6369885,-1.6019158],[103.6369032,-1.6018854],[103.6366296,-1.6017085],[103.636388,-1.6014875],[103.6354145,-1.6005421],[103.635149,-1.6002687],[103.6350096,-1.6000918],[103.6348567,-1.5997941],[103.6346499,-1.5992082],[103.6346099,-1.5990407],[103.6344818,-1.5988042],[103.6344006,-1.5987189],[103.6342826,-1.598605],[103.6340077,-1.5985219],[103.6337542,-1.5984884],[103.6334471,-1.5984904],[103.6324346,-1.5984804],[103.6323892,-1.5984777],[103.6311081,-1.5984306],[103.6304565,-1.5984083],[103.6298972,-1.5983892],[103.6292784,-1.5983795],[103.6284797,-1.5983685]]}},{"type":"Feature","properties":{"segmentId":"osm-gaul2-18003-12578228680-13387904876-0","regionId":"gaul2-18003","province":"Jambi","region":"Kota Jambi","roadName":"Jalan Orang Kayo Pingai","highway":"secondary","lengthMeters":250.272,"osmWayIds":["1459718198"],"u":"12578228680","v":"13387904876","key":0,"oneway":true,"source":"OpenStreetMap"},"geometry":{"type":"LineString","coordinates":[[103.6369885,-1.6019158],[103.6370381,-1.6019007],[103.6378292,-1.6021698],[103.639073,-1.6025929],[103.6391025,-1.6026336]]}},{"type":"Feature","properties":{"segmentId":"osm-gaul2-18003-13074353539-5122353936-0","regionId":"gaul2-18003","province":"Jambi","region":"Kota Jambi","roadName":"Unnamed OSM road","highway":"primary","lengthMeters":23.458,"osmWayIds":["527325062"],"u":"13074353539","v":"5122353936","key":0,"oneway":true,"source":"OpenStreetMap"},"geometry":{"type":"LineString","coordinates":[[103.6171931,-1.5930748],[103.6172359,-1.5931307],[103.6172505,-1.5931995],[103.6172341,-1.5932678]]}},{"type":"Feature","properties":{"segmentId":"osm-gaul2-18003-13132795381-13132795384-0","regionId":"gaul2-18003","province":"Jambi","region":"Kota Jambi","roadName":"Jalan Soemantri Brodjonegoro","highway":"primary","lengthMeters":220.795,"osmWayIds":["765945684","765945685"],"u":"13132795381","v":"13132795384","key":0,"oneway":true,"source":"OpenStreetMap"},"geometry":{"type":"LineString","coordinates":[[103.5968022,-1.6100417],[103.5967969,-1.6100847],[103.5965555,-1.6103728],[103.5965121,-1.6104292],[103.5964333,-1.6105204],[103.596245,-1.6107467],[103.5961272,-1.6108951],[103.5959605,-1.6110992],[103.5958245,-1.6112605],[103.5955931,-1.6115599],[103.5955698,-1.6115903]]}},{"type":"Feature","properties":{"segmentId":"osm-gaul2-18003-13132795381-4270166385-0","regionId":"gaul2-18003","province":"Jambi","region":"Kota Jambi","roadName":"Jalan Soemantri Brodjonegoro","highway":"primary","lengthMeters":26.486,"osmWayIds":["1428506848"],"u":"13132795381","v":"4270166385","key":0,"oneway":false,"source":"OpenStreetMap"},"geometry":{"type":"LineString","coordinates":[[103.5968022,-1.6100417],[103.5969662,-1.6098689]]}},{"type":"Feature","properties":{"segmentId":"osm-gaul2-18003-13132795383-13132795381-0","regionId":"gaul2-18003","province":"Jambi","region":"Kota Jambi","roadName":"Jalan Soemantri Brodjonegoro","highway":"primary","lengthMeters":221.82,"osmWayIds":["1428506847","829501260"],"u":"13132795383","v":"13132795381","key":0,"oneway":true,"source":"OpenStreetMap"},"geometry":{"type":"LineString","coordinates":[[103.5955432,-1.6115684],[103.5955716,-1.6115326],[103.5961007,-1.6108666],[103.5962281,-1.6107062],[103.5964123,-1.6104742],[103.5965098,-1.6103514],[103.5967543,-1.6100436],[103.5968022,-1.6100417]]}},{"type":"Feature","properties":{"segmentId":"osm-gaul2-18003-13132795383-13132795384-0","regionId":"gaul2-18003","province":"Jambi","region":"Kota Jambi","roadName":"Unnamed OSM road","highway":"primary","lengthMeters":3.83,"osmWayIds":["1428506849"],"u":"13132795383","v":"13132795384","key":0,"oneway":false,"source":"OpenStreetMap"},"geometry":{"type":"LineString","coordinates":[[103.5955432,-1.6115684],[103.5955698,-1.6115903]]}},{"type":"Feature","properties":{"segmentId":"osm-gaul2-18003-13132795384-13132795383-0","regionId":"gaul2-18003","province":"Jambi","region":"Kota Jambi","roadName":"Unnamed OSM road","highway":"primary","lengthMeters":3.83,"osmWayIds":["1428506849"],"u":"13132795384","v":"13132795383","key":0,"oneway":false,"source":"OpenStreetMap"},"geometry":{"type":"LineString","coordinates":[[103.5955698,-1.6115903],[103.5955432,-1.6115684]]}},{"type":"Feature","properties":{"segmentId":"osm-gaul2-18003-13132795384-7742355452-0","regionId":"gaul2-18003","province":"Jambi","region":"Kota Jambi","roadName":"Jalan Soemantri Brodjonegoro","highway":"primary","lengthMeters":187.209,"osmWayIds":["765945685","829501257"],"u":"13132795384","v":"7742355452","key":0,"oneway":true,"source":"OpenStreetMap"},"geometry":{"type":"LineString","coordinates":[[103.5955698,-1.6115903],[103.5955528,-1.6116125],[103.5952749,-1.611979],[103.5950898,-1.6122139],[103.5950565,-1.6122591],[103.5950205,-1.6123057],[103.5948206,-1.6125846],[103.5945905,-1.6129581]]}},{"type":"Feature","properties":{"segmentId":"osm-gaul2-18003-13387904876-5062249381-0","regionId":"gaul2-18003","province":"Jambi","region":"Kota Jambi","roadName":"Jalan Orang Kayo Pingai","highway":"secondary","lengthMeters":1443.208,"osmWayIds":["1205735201","1205735202","1459719410"],"u":"13387904876","v":"5062249381","key":0,"oneway":false,"source":"OpenStreetMap"},"geometry":{"type":"LineString","coordinates":[[103.6391025,-1.6026336],[103.6397956,-1.6028757],[103.6401765,-1.6030065],[103.6404032,-1.6030794],[103.640603,-1.603149],[103.6409127,-1.6032471],[103.6414469,-1.6034164],[103.641656,-1.6034968],[103.6420597,-1.6036725],[103.6422059,-1.6037663],[103.6425224,-1.6039794],[103.6429918,-1.6043742],[103.6432036,-1.6045585],[103.6434367,-1.6047613],[103.6444509,-1.6056283],[103.6448211,-1.6059126],[103.6450678,-1.6060413],[103.6453562,-1.6061122],[103.6457929,-1.6061342],[103.6461719,-1.6061613],[103.6474737,-1.6062397],[103.6482046,-1.6062847],[103.6485225,-1.6062906],[103.6487183,-1.6063067],[103.6489114,-1.6063603],[103.6496131,-1.6066185],[103.6498368,-1.6067008],[103.6501274,-1.6067844],[103.6509521,-1.6070124]]}},{"type":"Feature","properties":{"segmentId":"osm-gaul2-18003-13387904876-5126813651-0","regionId":"gaul2-18003","province":"Jambi","region":"Kota Jambi","roadName":"Jalan Orang Kayo Pingai","highway":"secondary","lengthMeters":193.689,"osmWayIds":["1459719411"],"u":"13387904876","v":"5126813651","key":0,"oneway":true,"source":"OpenStreetMap"},"geometry":{"type":"LineString","coordinates":[[103.6391025,-1.6026336],[103.6390581,-1.6026347],[103.6389693,-1.602596],[103.6378168,-1.6022059],[103.6374531,-1.6020812]]}},{"type":"Feature","properties":{"segmentId":"osm-gaul2-18003-2853572914-3195385072-0","regionId":"gaul2-18003","province":"Jambi","region":"Kota Jambi","roadName":"Jalan Kapten Pattimura","highway":"primary","lengthMeters":40.692,"osmWayIds":["1285508604"],"u":"2853572914","v":"3195385072","key":0,"oneway":true,"source":"OpenStreetMap"},"geometry":{"type":"LineString","coordinates":[[103.580187,-1.6196055],[103.5798417,-1.6194839]]}},{"type":"Feature","properties":{"segmentId":"osm-gaul2-18003-2853572914-5415633804-0","regionId":"gaul2-18003","province":"Jambi","region":"Kota Jambi","roadName":"Unnamed OSM road","highway":"primary_link","lengthMeters":9.754,"osmWayIds":["1022493330"],"u":"2853572914","v":"5415633804","key":0,"oneway":false,"source":"OpenStreetMap"},"geometry":{"type":"LineString","coordinates":[[103.580187,-1.6196055],[103.5802283,-1.6195281]]}},{"type":"Feature","properties":{"segmentId":"osm-gaul2-18003-2853572931-4270160271-0","regionId":"gaul2-18003","province":"Jambi","region":"Kota Jambi","roadName":"Jalan T.P. Sriwijaya","highway":"secondary","lengthMeters":1541.62,"osmWayIds":["427843148","810436546"],"u":"2853572931","v":"4270160271","key":0,"oneway":false,"source":"OpenStreetMap"},"geometry":{"type":"LineString","coordinates":[[103.5848536,-1.6208627],[103.584848,-1.6209327],[103.5848593,-1.621225],[103.5850139,-1.6221357],[103.5850786,-1.622563],[103.5850805,-1.6226074],[103.5851027,-1.6229471],[103.5850783,-1.6233439],[103.5850621,-1.6234022],[103.5849897,-1.6234633],[103.58494,-1.623482],[103.5848684,-1.6234907],[103.584718,-1.6234942],[103.5846914,-1.6234928],[103.5842889,-1.6234713],[103.5842203,-1.6234687],[103.5841595,-1.6234687],[103.5841066,-1.6234767],[103.5840637,-1.6234894],[103.5840033,-1.6235223],[103.5839524,-1.6235612],[103.5838772,-1.6236428],[103.5837002,-1.6238701],[103.5835685,-1.6239653],[103.5835285,-1.6239942],[103.5834434,-1.624037],[103.5831866,-1.6241416],[103.5829151,-1.6242911],[103.5827359,-1.6244237],[103.5826595,-1.6244949],[103.5826118,-1.6245545],[103.5825401,-1.6246543],[103.5823342,-1.625096],[103.5820681,-1.6254715],[103.5818253,-1.6258201],[103.5816792,-1.6260385],[103.5816255,-1.6261686],[103.5815261,-1.626457],[103.5815293,-1.6264912],[103.5815334,-1.6265335],[103.5815943,-1.6269392],[103.5815955,-1.6270394],[103.5815886,-1.6271321],[103.5815636,-1.6272103],[103.5813727,-1.6275868],[103.5812682,-1.6277477],[103.5810737,-1.6280426],[103.5809644,-1.6281198],[103.5808004,-1.6282361],[103.5805752,-1.6283633],[103.5802778,-1.6284888],[103.579562,-1.6287994],[103.5793992,-1.6288963],[103.5792155,-1.6290217],[103.5790868,-1.6291339],[103.5789701,-1.6292461],[103.5789117,-1.6293142],[103.5787438,-1.62957],[103.5784912,-1.6298965],[103.5782273,-1.6302208],[103.5780195,-1.6304206],[103.5776267,-1.6308165]]}},{"type":"Feature","properties":{"segmentId":"osm-gaul2-18003-2853572931-5128992279-0","regionId":"gaul2-18003","province":"Jambi","region":"Kota Jambi","roadName":"Jalan Kapten Pattimura","highway":"primary","lengthMeters":135.043,"osmWayIds":["567545844"],"u":"2853572931","v":"5128992279","key":0,"oneway":true,"source":"OpenStreetMap"},"geometry":{"type":"LineString","coordinates":[[103.5848536,-1.6208627],[103.5846601,-1.6208229],[103.5838982,-1.6206787],[103.5836615,-1.6206285]]}},{"type":"Feature","properties":{"segmentId":"osm-gaul2-18003-2853572931-5722943058-0","regionId":"gaul2-18003","province":"Jambi","region":"Kota Jambi","roadName":"Unnamed OSM road","highway":"secondary","lengthMeters":9.992,"osmWayIds":["602562377"],"u":"2853572931","v":"5722943058","key":0,"oneway":false,"source":"OpenStreetMap"},"geometry":{"type":"LineString","coordinates":[[103.5848536,-1.6208627],[103.5848708,-1.6207745]]}},{"type":"Feature","properties":{"segmentId":"osm-gaul2-18003-2868201963-2868201998-0","regionId":"gaul2-18003","province":"Jambi","region":"Kota Jambi","roadName":"Jalan Letnan Muda Sarniem","highway":"secondary","lengthMeters":1336.83,"osmWayIds":["282875463","282875465"],"u":"2868201963","v":"2868201998","key":0,"oneway":false,"source":"OpenStreetMap"},"geometry":{"type":"LineString","coordinates":[[103.6005059,-1.6451938],[103.5999233,-1.6448044],[103.599549,-1.6446128],[103.5994273,-1.6445597],[103.5988006,-1.6442416],[103.5981638,-1.6439233],[103.597641,-1.6436669],[103.5967639,-1.6431896],[103.5958944,-1.6426975],[103.5958128,-1.6426461],[103.5952646,-1.6423866],[103.5945947,-1.6420696],[103.5945441,-1.6420456],[103.5942089,-1.6419678],[103.5940191,-1.6419359],[103.5937904,-1.6419168],[103.5932996,-1.6419517],[103.593243,-1.6419537],[103.5930208,-1.6419765],[103.5925517,-1.6420246],[103.5921999,-1.6420643],[103.5913952,-1.6421394],[103.5909774,-1.6421816],[103.590726,-1.642207],[103.590476,-1.6422362],[103.5903202,-1.642248],[103.5898556,-1.6422949],[103.5892977,-1.6422688]]}},{"type":"Feature","properties":{"segmentId":"osm-gaul2-18003-2868201998-2868201963-0","regionId":"gaul2-18003","province":"Jambi","region":"Kota Jambi","roadName":"Jalan Letnan Muda Sarniem","highway":"secondary","lengthMeters":1336.83,"osmWayIds":["282875463","282875465"],"u":"2868201998","v":"2868201963","key":0,"oneway":false,"source":"OpenStreetMap"},"geometry":{"type":"LineString","coordinates":[[103.5892977,-1.6422688],[103.5898556,-1.6422949],[103.5903202,-1.642248],[103.590476,-1.6422362],[103.590726,-1.642207],[103.5909774,-1.6421816],[103.5913952,-1.6421394],[103.5921999,-1.6420643],[103.5925517,-1.6420246],[103.5930208,-1.6419765],[103.593243,-1.6419537],[103.5932996,-1.6419517],[103.5937904,-1.6419168],[103.5940191,-1.6419359],[103.5942089,-1.6419678],[103.5945441,-1.6420456],[103.5945947,-1.6420696],[103.5952646,-1.6423866],[103.5958128,-1.6426461],[103.5958944,-1.6426975],[103.5967639,-1.6431896],[103.597641,-1.6436669],[103.5981638,-1.6439233],[103.5988006,-1.6442416],[103.5994273,-1.6445597],[103.599549,-1.6446128],[103.5999233,-1.6448044],[103.6005059,-1.6451938]]}},{"type":"Feature","properties":{"segmentId":"osm-gaul2-18003-2868201998-3506251633-0","regionId":"gaul2-18003","province":"Jambi","region":"Kota Jambi","roadName":"Jalan Multatuli","highway":"secondary","lengthMeters":1042.886,"osmWayIds":["526828483"],"u":"2868201998","v":"3506251633","key":0,"oneway":false,"source":"OpenStreetMap"},"geometry":{"type":"LineString","coordinates":[[103.5892977,-1.6422688],[103.5891035,-1.6422097],[103.5889191,-1.642091],[103.5886402,-1.6418517],[103.5883645,-1.641652],[103.5882116,-1.6415759],[103.58799,-1.6414873],[103.5875164,-1.6411514],[103.5871849,-1.6408771],[103.5870837,-1.6407722],[103.5870284,-1.6406921],[103.5869519,-1.6404937],[103.5869347,-1.6404532],[103.5868849,-1.6403288],[103.5866008,-1.6395372],[103.5864623,-1.6391888],[103.5864129,-1.6390412],[103.5863825,-1.6389535],[103.5862915,-1.638691],[103.58625,-1.6385665],[103.5861655,-1.6383326],[103.5859224,-1.637711],[103.585807,-1.6374185],[103.585687,-1.6370931],[103.5856493,-1.6369214],[103.5855885,-1.6364278],[103.5855322,-1.6362179],[103.5854769,-1.6360428],[103.5853712,-1.6357858],[103.5852115,-1.6354246],[103.5851299,-1.6351632],[103.5850646,-1.6348321],[103.5850209,-1.6345555],[103.5850036,-1.6344504]]}},{"type":"Feature","properties":{"segmentId":"osm-gaul2-18003-2868201998-3506258507-0","regionId":"gaul2-18003","province":"Jambi","region":"Kota Jambi","roadName":"Jalan Sunan Gunung Jati","highway":"tertiary","lengthMeters":319.202,"osmWayIds":["343808816","656253347"],"u":"2868201998","v":"3506258507","key":0,"oneway":false,"source":"OpenStreetMap"},"geometry":{"type":"LineString","coordinates":[[103.5892977,-1.6422688],[103.5891893,-1.6430087],[103.5891735,-1.6431937],[103.5891786,-1.6433813],[103.5891987,-1.6435851],[103.5892467,-1.6438192],[103.5892577,-1.6438954],[103.5892544,-1.644069],[103.5892363,-1.6442546],[103.5891929,-1.6444683],[103.5891666,-1.6445476],[103.5890932,-1.6446824],[103.5889902,-1.6448171],[103.5888172,-1.6449893]]}},{"type":"Feature","properties":{"segmentId":"osm-gaul2-18003-2868201998-5325195451-0","regionId":"gaul2-18003","province":"Jambi","region":"Kota Jambi","roadName":"Jalan Sunan Derajat","highway":"tertiary","lengthMeters":2176.838,"osmWayIds":["551403019"],"u":"2868201998","v":"5325195451","key":0,"oneway":false,"source":"OpenStreetMap"},"geometry":{"type":"LineString","coordinates":[[103.5892977,-1.6422688],[103.5892928,-1.6421728],[103.5892445,-1.6418241],[103.5892315,-1.6416453],[103.5892644,-1.6414844],[103.5893626,-1.641273],[103.5894039,-1.6412069],[103.5896354,-1.6407991],[103.5897489,-1.6405975],[103.5899443,-1.6402652],[103.5902502,-1.6397216],[103.5903261,-1.6395876],[103.5906753,-1.6389709],[103.590914,-1.6385259],[103.5910454,-1.6383395],[103.5911983,-1.6381585],[103.591325,-1.6380443],[103.5918903,-1.6375473],[103.5922296,-1.6372577],[103.5922605,-1.6372202],[103.5924858,-1.6370137],[103.5925542,-1.6369226],[103.5926205,-1.6368252],[103.5927486,-1.636637],[103.5928351,-1.6365163],[103.5929885,-1.6363021],[103.593107,-1.636114],[103.5933254,-1.635779],[103.5935232,-1.6355873],[103.5936177,-1.6355303],[103.5937005,-1.6354888],[103.5937351,-1.6354846],[103.5938058,-1.6354761],[103.5940584,-1.6354398],[103.5945484,-1.6354506],[103.5959133,-1.6354586],[103.5959592,-1.6354589],[103.5963569,-1.6354653],[103.5966809,-1.6354803],[103.5975041,-1.6355123],[103.5976761,-1.6355241],[103.5981808,-1.6355236],[103.5985963,-1.6355533],[103.5988701,-1.6355636],[103.5990089,-1.6355679],[103.5995205,-1.6355685],[103.5997334,-1.6355881],[103.600117,-1.6355989],[103.6004256,-1.6356075],[103.6006907,-1.6356149],[103.600763,-1.635641],[103.6007765,-1.6357214],[103.6007404,-1.6362067],[103.600688,-1.6370646],[103.6006838,-1.6373238],[103.6006937,-1.6373627],[103.600728,-1.6374046],[103.6007674,-1.6374226],[103.6008288,-1.6374306],[103.600857,-1.6374306],[103.6010031,-1.6374105],[103.6019218,-1.637196],[103.6030827,-1.6371742]]}},{"type":"Feature","properties":{"segmentId":"osm-gaul2-18003-3015893665-7588337292-0","regionId":"gaul2-18003","province":"Jambi","region":"Kota Jambi","roadName":"Unnamed OSM road","highway":"trunk","lengthMeters":13.883,"osmWayIds":["812418998"],"u":"3015893665","v":"7588337292","key":0,"oneway":true,"source":"OpenStreetMap"},"geometry":{"type":"LineString","coordinates":[[103.615026,-1.5938348],[103.6150822,-1.5937233]]}},{"type":"Feature","properties":{"segmentId":"osm-gaul2-18003-3015893665-7588337313-0","regionId":"gaul2-18003","province":"Jambi","region":"Kota Jambi","roadName":"Jalan M.H. Thamrin","highway":"trunk","lengthMeters":227.674,"osmWayIds":["526828522"],"u":"3015893665","v":"7588337313","key":0,"oneway":true,"source":"OpenStreetMap"},"geometry":{"type":"LineString","coordinates":[[103.615026,-1.5938348],[103.6147843,-1.5936327],[103.6146234,-1.5935376],[103.6143752,-1.5934342],[103.6141956,-1.5933741],[103.6140883,-1.5933567],[103.6139917,-1.5933486],[103.6136072,-1.5933878],[103.6133184,-1.5934051],[103.6131139,-1.5933762]]}},{"type":"Feature","properties":{"segmentId":"osm-gaul2-18003-3195385072-5415633832-0","regionId":"gaul2-18003","province":"Jambi","region":"Kota Jambi","roadName":"Unnamed OSM road","highway":"primary_link","lengthMeters":9.992,"osmWayIds":["1022493329"],"u":"3195385072","v":"5415633832","key":0,"oneway":false,"source":"OpenStreetMap"},"geometry":{"type":"LineString","coordinates":[[103.5798417,-1.6194839],[103.579872,-1.6193993]]}},{"type":"Feature","properties":{"segmentId":"osm-gaul2-18003-3195385072-6471674410-0","regionId":"gaul2-18003","province":"Jambi","region":"Kota Jambi","roadName":"Jalan Kapten Pattimura","highway":"primary","lengthMeters":139.674,"osmWayIds":["1285508603"],"u":"3195385072","v":"6471674410","key":0,"oneway":true,"source":"OpenStreetMap"},"geometry":{"type":"LineString","coordinates":[[103.5798417,-1.6194839],[103.5795107,-1.6193663],[103.5794466,-1.6193497],[103.5793148,-1.6193156],[103.5791157,-1.6192915],[103.5789135,-1.6193154],[103.5786278,-1.6194029]]}},{"type":"Feature","properties":{"segmentId":"osm-gaul2-18003-3444335137-3444335140-0","regionId":"gaul2-18003","province":"Jambi","region":"Kota Jambi","roadName":"Jalan Lintas Timur Riau-Jambi","highway":"trunk","lengthMeters":607.07,"osmWayIds":["658698494"],"u":"3444335137","v":"3444335140","key":0,"oneway":false,"source":"OpenStreetMap"},"geometry":{"type":"LineString","coordinates":[[103.5651259,-1.5686475],[103.5659719,-1.5695358],[103.5664189,-1.5699743],[103.5670413,-1.5706089],[103.5671771,-1.5707581],[103.5682349,-1.5718155],[103.5683165,-1.5719044],[103.5689681,-1.5725262]]}},{"type":"Feature","properties":{"segmentId":"osm-gaul2-18003-3444335140-3444335137-0","regionId":"gaul2-18003","province":"Jambi","region":"Kota Jambi","roadName":"Jalan Lintas Timur Riau-Jambi","highway":"trunk","lengthMeters":607.07,"osmWayIds":["658698494"],"u":"3444335140","v":"3444335137","key":0,"oneway":false,"source":"OpenStreetMap"},"geometry":{"type":"LineString","coordinates":[[103.5689681,-1.5725262],[103.5683165,-1.5719044],[103.5682349,-1.5718155],[103.5671771,-1.5707581],[103.5670413,-1.5706089],[103.5664189,-1.5699743],[103.5659719,-1.5695358],[103.5651259,-1.5686475]]}},{"type":"Feature","properties":{"segmentId":"osm-gaul2-18003-3444335140-3444335142-0","regionId":"gaul2-18003","province":"Jambi","region":"Kota Jambi","roadName":"Jalan Lintas Timur Riau-Jambi","highway":"trunk","lengthMeters":161.155,"osmWayIds":["658698494","973401007"],"u":"3444335140","v":"3444335142","key":0,"oneway":false,"source":"OpenStreetMap"},"geometry":{"type":"LineString","coordinates":[[103.5689681,-1.5725262],[103.5691815,-1.5727022],[103.5693187,-1.5728169],[103.5694938,-1.5729501],[103.5697582,-1.5731982],[103.5699157,-1.5733818],[103.5699727,-1.5734562],[103.5700142,-1.5735198]]}},{"type":"Feature","properties":{"segmentId":"osm-gaul2-18003-3444335140-3514089676-0","regionId":"gaul2-18003","province":"Jambi","region":"Kota Jambi","roadName":"Unnamed OSM road","highway":"secondary","lengthMeters":3027.384,"osmWayIds":["1418646498","601316704","871073750"],"u":"3444335140","v":"3514089676","key":0,"oneway":false,"source":"OpenStreetMap"},"geometry":{"type":"LineString","coordinates":[[103.5689681,-1.5725262],[103.5697915,-1.5720195],[103.5709121,-1.5713299],[103.5738042,-1.5695182],[103.573949,-1.5694834],[103.5740428,-1.5694803],[103.5744592,-1.5695738],[103.5770953,-1.5703039],[103.5774585,-1.5704045],[103.5786536,-1.5707355],[103.5789272,-1.5707811],[103.5791793,-1.5707878],[103.5802388,-1.5707408],[103.5812286,-1.5706963],[103.5814297,-1.5706872],[103.5824919,-1.5706121],[103.5845189,-1.5704671],[103.5874287,-1.5702259],[103.5886395,-1.5701255],[103.5887924,-1.5701014],[103.5889077,-1.5700598],[103.5889949,-1.5700116],[103.5890955,-1.5699418],[103.589589,-1.569486],[103.5910702,-1.5682006],[103.5911188,-1.5681631],[103.592253,-1.5671788],[103.5933379,-1.5661894],[103.5936018,-1.565976]]}},{"type":"Feature","properties":{"segmentId":"osm-gaul2-18003-3444335142-3444335140-0","regionId":"gaul2-18003","province":"Jambi","region":"Kota Jambi","roadName":"Jalan Lintas Timur Riau-Jambi","highway":"trunk","lengthMeters":161.155,"osmWayIds":["658698494","973401007"],"u":"3444335142","v":"3444335140","key":0,"oneway":false,"source":"OpenStreetMap"},"geometry":{"type":"LineString","coordinates":[[103.5700142,-1.5735198],[103.5699727,-1.5734562],[103.5699157,-1.5733818],[103.5697582,-1.5731982],[103.5694938,-1.5729501],[103.5693187,-1.5728169],[103.5691815,-1.5727022],[103.5689681,-1.5725262]]}},{"type":"Feature","properties":{"segmentId":"osm-gaul2-18003-3444335142-5126812677-0","regionId":"gaul2-18003","province":"Jambi","region":"Kota Jambi","roadName":"Unnamed OSM road","highway":"secondary","lengthMeters":54.631,"osmWayIds":["1418646511"],"u":"3444335142","v":"5126812677","key":0,"oneway":false,"source":"OpenStreetMap"},"geometry":{"type":"LineString","coordinates":[[103.5700142,-1.5735198],[103.5701041,-1.5735762],[103.5701604,-1.5736352],[103.5701799,-1.5736727],[103.5701886,-1.5737116],[103.5701946,-1.5737532],[103.5701913,-1.5737933],[103.5701366,-1.5739214]]}},{"type":"Feature","properties":{"segmentId":"osm-gaul2-18003-3444335142-5126812678-0","regionId":"gaul2-18003","province":"Jambi","region":"Kota Jambi","roadName":"Jalan Lintas Timur Riau-Jambi","highway":"trunk","lengthMeters":29.49,"osmWayIds":["973401007"],"u":"3444335142","v":"5126812678","key":0,"oneway":false,"source":"OpenStreetMap"},"geometry":{"type":"LineString","coordinates":[[103.5700142,-1.5735198],[103.5700276,-1.5735695],[103.5700311,-1.5736127],[103.570031,-1.573668],[103.5700199,-1.5737237],[103.5699956,-1.5737767]]}},{"type":"Feature","properties":{"segmentId":"osm-gaul2-18003-3444341417-5715948257-0","regionId":"gaul2-18003","province":"Jambi","region":"Kota Jambi","roadName":"Unnamed OSM road","highway":"tertiary","lengthMeters":39.855,"osmWayIds":["601384611"],"u":"3444341417","v":"5715948257","key":0,"oneway":false,"source":"OpenStreetMap"},"geometry":{"type":"LineString","coordinates":[[103.5943383,-1.6132227],[103.5943075,-1.6128656]]}},{"type":"Feature","properties":{"segmentId":"osm-gaul2-18003-3444341417-5715948273-0","regionId":"gaul2-18003","province":"Jambi","region":"Kota Jambi","roadName":"Jalan Kolonel Abundjani","highway":"primary","lengthMeters":38.445,"osmWayIds":["829501261"],"u":"3444341417","v":"5715948273","key":0,"oneway":true,"source":"OpenStreetMap"},"geometry":{"type":"LineString","coordinates":[[103.5943383,-1.6132227],[103.5945182,-1.6129274]]}},{"type":"Feature","properties":{"segmentId":"osm-gaul2-18003-3444341417-7742355450-0","regionId":"gaul2-18003","province":"Jambi","region":"Kota Jambi","roadName":"Unnamed OSM road","highway":"tertiary","lengthMeters":10.322,"osmWayIds":["829501258"],"u":"3444341417","v":"7742355450","key":0,"oneway":false,"source":"OpenStreetMap"},"geometry":{"type":"LineString","coordinates":[[103.5943383,-1.6132227],[103.5943647,-1.6133117]]}},{"type":"Feature","properties":{"segmentId":"osm-gaul2-18003-3444362556-5722943080-0","regionId":"gaul2-18003","province":"Jambi","region":"Kota Jambi","roadName":"Unnamed OSM road","highway":"primary_link","lengthMeters":9.242,"osmWayIds":["659878322"],"u":"3444362556","v":"5722943080","key":0,"oneway":false,"source":"OpenStreetMap"},"geometry":{"type":"LineString","coordinates":[[103.5666744,-1.61596],[103.5666608,-1.616042]]}},{"type":"Feature","properties":{"segmentId":"osm-gaul2-18003-3444362556-6167594932-0","regionId":"gaul2-18003","province":"Jambi","region":"Kota Jambi","roadName":"Unnamed OSM road","highway":"primary","lengthMeters":357.946,"osmWayIds":["1330541825"],"u":"3444362556","v":"6167594932","key":0,"oneway":true,"source":"OpenStreetMap"},"geometry":{"type":"LineString","coordinates":[[103.5666744,-1.61596],[103.5668996,-1.6160375],[103.5671942,-1.6161776],[103.567844,-1.6165893],[103.5682357,-1.6168914],[103.5687637,-1.61737],[103.5692668,-1.617826]]}},{"type":"Feature","properties":{"segmentId":"osm-gaul2-18003-3506251633-2868201998-0","regionId":"gaul2-18003","province":"Jambi","region":"Kota Jambi","roadName":"Jalan Multatuli","highway":"secondary","lengthMeters":1042.886,"osmWayIds":["526828483"],"u":"3506251633","v":"2868201998","key":0,"oneway":false,"source":"OpenStreetMap"},"geometry":{"type":"LineString","coordinates":[[103.5850036,-1.6344504],[103.5850209,-1.6345555],[103.5850646,-1.6348321],[103.5851299,-1.6351632],[103.5852115,-1.6354246],[103.5853712,-1.6357858],[103.5854769,-1.6360428],[103.5855322,-1.6362179],[103.5855885,-1.6364278],[103.5856493,-1.6369214],[103.585687,-1.6370931],[103.585807,-1.6374185],[103.5859224,-1.637711],[103.5861655,-1.6383326],[103.58625,-1.6385665],[103.5862915,-1.638691],[103.5863825,-1.6389535],[103.5864129,-1.6390412],[103.5864623,-1.6391888],[103.5866008,-1.6395372],[103.5868849,-1.6403288],[103.5869347,-1.6404532],[103.5869519,-1.6404937],[103.5870284,-1.6406921],[103.5870837,-1.6407722],[103.5871849,-1.6408771],[103.5875164,-1.6411514],[103.58799,-1.6414873],[103.5882116,-1.6415759],[103.5883645,-1.641652],[103.5886402,-1.6418517],[103.5889191,-1.642091],[103.5891035,-1.6422097],[103.5892977,-1.6422688]]}},{"type":"Feature","properties":{"segmentId":"osm-gaul2-18003-3506251633-3506251636-0","regionId":"gaul2-18003","province":"Jambi","region":"Kota Jambi","roadName":"Jalan Ir. H. Juanda","highway":"secondary","lengthMeters":408.451,"osmWayIds":["343807455"],"u":"3506251633","v":"3506251636","key":0,"oneway":false,"source":"OpenStreetMap"},"geometry":{"type":"LineString","coordinates":[[103.5850036,-1.6344504],[103.5850523,-1.6343541],[103.5852176,-1.634082],[103.5855946,-1.6336765],[103.5858838,-1.6333921],[103.5864772,-1.6328174],[103.5866897,-1.6326197],[103.5871331,-1.6321678],[103.5872499,-1.6320246],[103.5873318,-1.6318854],[103.5874209,-1.6317146]]}},{"type":"Feature","properties":{"segmentId":"osm-gaul2-18003-3506251633-4270154463-0","regionId":"gaul2-18003","province":"Jambi","region":"Kota Jambi","roadName":"Jalan Raden Syahbuddin","highway":"secondary","lengthMeters":433.742,"osmWayIds":["1047087265"],"u":"3506251633","v":"4270154463","key":0,"oneway":false,"source":"OpenStreetMap"},"geometry":{"type":"LineString","coordinates":[[103.5850036,-1.6344504],[103.5849428,-1.6345075],[103.5847751,-1.6347221],[103.5846993,-1.634819],[103.5846256,-1.634941],[103.5846023,-1.6350146],[103.5844793,-1.6354035],[103.584374,-1.6357811],[103.5841075,-1.6367335],[103.5840127,-1.6368696],[103.5832201,-1.6374132],[103.5830082,-1.6375352],[103.5829724,-1.6375579]]}},{"type":"Feature","properties":{"segmentId":"osm-gaul2-18003-3506251636-3506251633-0","regionId":"gaul2-18003","province":"Jambi","region":"Kota Jambi","roadName":"Jalan Ir. H. Juanda","highway":"secondary","lengthMeters":408.451,"osmWayIds":["343807455"],"u":"3506251636","v":"3506251633","key":0,"oneway":false,"source":"OpenStreetMap"},"geometry":{"type":"LineString","coordinates":[[103.5874209,-1.6317146],[103.5873318,-1.6318854],[103.5872499,-1.6320246],[103.5871331,-1.6321678],[103.5866897,-1.6326197],[103.5864772,-1.6328174],[103.5858838,-1.6333921],[103.5855946,-1.6336765],[103.5852176,-1.634082],[103.5850523,-1.6343541],[103.5850036,-1.6344504]]}},{"type":"Feature","properties":{"segmentId":"osm-gaul2-18003-3506251636-4636656329-0","regionId":"gaul2-18003","province":"Jambi","region":"Kota Jambi","roadName":"Jalan Sunan Kalijaga","highway":"tertiary","lengthMeters":1681.452,"osmWayIds":["469304288","602562227","654222222"],"u":"3506251636","v":"4636656329","key":0,"oneway":false,"source":"OpenStreetMap"},"geometry":{"type":"LineString","coordinates":[[103.5874209,-1.6317146],[103.587557,-1.6317176],[103.5880441,-1.6316726],[103.5883995,-1.6316793],[103.5886297,-1.6317007],[103.5889802,-1.6317668],[103.5896459,-1.6319092],[103.5898703,-1.63196],[103.5900865,-1.6319986],[103.5902657,-1.6320017],[103.590439,-1.6320016],[103.5909466,-1.6320291],[103.591035,-1.6320131],[103.5910685,-1.6319644],[103.5911175,-1.6318187],[103.591195,-1.6313551],[103.5912382,-1.6310224],[103.5912872,-1.6306762],[103.5913437,-1.6304391],[103.5914341,-1.6300281],[103.5914996,-1.6294623],[103.5915532,-1.6291765],[103.591638,-1.628691],[103.5916767,-1.6283971],[103.5916961,-1.6282114],[103.5917143,-1.6280189],[103.5917234,-1.6278993],[103.5918738,-1.6268663],[103.5919011,-1.6266396],[103.5919575,-1.6261695],[103.5919979,-1.6257602],[103.592002,-1.6256979],[103.5920368,-1.6252294],[103.5921095,-1.624865],[103.5921156,-1.624816],[103.5921768,-1.624496],[103.5922166,-1.6242807],[103.5922542,-1.624029],[103.5922622,-1.6238229],[103.5922645,-1.6235062],[103.59227,-1.6234293],[103.5922786,-1.6233603],[103.5922612,-1.6231799],[103.5922547,-1.6229982],[103.5922576,-1.6228839],[103.5923041,-1.6223274],[103.5923107,-1.6221148],[103.5922972,-1.6219811],[103.592197,-1.6216595],[103.592068,-1.6213476],[103.5918944,-1.6209254],[103.5918379,-1.6207352]]}},{"type":"Feature","properties":{"segmentId":"osm-gaul2-18003-3506251636-4636656363-0","regionId":"gaul2-18003","province":"Jambi","region":"Kota Jambi","roadName":"Jalan Ir. H. Juanda","highway":"secondary","lengthMeters":462.878,"osmWayIds":["343807455"],"u":"3506251636","v":"4636656363","key":0,"oneway":false,"source":"OpenStreetMap"},"geometry":{"type":"LineString","coordinates":[[103.5874209,-1.6317146],[103.5875852,-1.6314424],[103.5877841,-1.6310514],[103.5878068,-1.6309752],[103.587851,-1.6307823],[103.5879043,-1.6302676],[103.5879147,-1.630142],[103.5879391,-1.6298715],[103.5879607,-1.6294786],[103.5879653,-1.6293955],[103.5879747,-1.6292243],[103.5879782,-1.6291594],[103.587985,-1.629036],[103.5880182,-1.6287344],[103.5880538,-1.6285367],[103.5880973,-1.6281949],[103.5881205,-1.6276673]]}},{"type":"Feature","properties":{"segmentId":"osm-gaul2-18003-3506251645-4636656337-0","regionId":"gaul2-18003","province":"Jambi","region":"Kota Jambi","roadName":"Jalan Kapten Pattimura","highway":"primary","lengthMeters":269.615,"osmWayIds":["567545844"],"u":"3506251645","v":"4636656337","key":0,"oneway":true,"source":"OpenStreetMap"},"geometry":{"type":"LineString","coordinates":[[103.5882561,-1.6208372],[103.588146,-1.62088],[103.5878978,-1.6209204],[103.5874929,-1.6209182],[103.5872487,-1.6209205],[103.5868754,-1.6209311],[103.5864492,-1.6209717],[103.5858456,-1.621018]]}},{"type":"Feature","properties":{"segmentId":"osm-gaul2-18003-3506251645-5128992288-0","regionId":"gaul2-18003","province":"Jambi","region":"Kota Jambi","roadName":"Jalan Ir. H. Juanda","highway":"secondary","lengthMeters":552.195,"osmWayIds":["343807455"],"u":"3506251645","v":"5128992288","key":0,"oneway":false,"source":"OpenStreetMap"},"geometry":{"type":"LineString","coordinates":[[103.5882561,-1.6208372],[103.5883659,-1.6215785],[103.5884618,-1.6220267],[103.5884978,-1.62228],[103.5885083,-1.6224528],[103.5885035,-1.6225956],[103.5884493,-1.6229397],[103.5883743,-1.6233155],[103.5883673,-1.6233594],[103.588328,-1.6236795],[103.5883209,-1.6237307],[103.5882767,-1.6240265],[103.5881232,-1.6248696],[103.5881124,-1.6250063],[103.5881154,-1.6251365],[103.5881366,-1.6252691],[103.5881933,-1.62549],[103.5882358,-1.6257369]]}},{"type":"Feature","properties":{"segmentId":"osm-gaul2-18003-3506251645-5462703340-0","regionId":"gaul2-18003","province":"Jambi","region":"Kota Jambi","roadName":"Unnamed OSM road","highway":"primary_link","lengthMeters":9.983,"osmWayIds":["567545843"],"u":"3506251645","v":"5462703340","key":0,"oneway":false,"source":"OpenStreetMap"},"geometry":{"type":"LineString","coordinates":[[103.5882561,-1.6208372],[103.5882266,-1.6207524]]}},{"type":"Feature","properties":{"segmentId":"osm-gaul2-18003-3506258507-2868201998-0","regionId":"gaul2-18003","province":"Jambi","region":"Kota Jambi","roadName":"Jalan Sunan Gunung Jati","highway":"tertiary","lengthMeters":319.202,"osmWayIds":["343808816","656253347"],"u":"3506258507","v":"2868201998","key":0,"oneway":false,"source":"OpenStreetMap"},"geometry":{"type":"LineString","coordinates":[[103.5888172,-1.6449893],[103.5889902,-1.6448171],[103.5890932,-1.6446824],[103.5891666,-1.6445476],[103.5891929,-1.6444683],[103.5892363,-1.6442546],[103.5892544,-1.644069],[103.5892577,-1.6438954],[103.5892467,-1.6438192],[103.5891987,-1.6435851],[103.5891786,-1.6433813],[103.5891735,-1.6431937],[103.5891893,-1.6430087],[103.5892977,-1.6422688]]}},{"type":"Feature","properties":{"segmentId":"osm-gaul2-18003-3506258525-4270154463-0","regionId":"gaul2-18003","province":"Jambi","region":"Kota Jambi","roadName":"Jalan Raden Syahbuddin","highway":"secondary","lengthMeters":944.039,"osmWayIds":["1047087265"],"u":"3506258525","v":"4270154463","key":0,"oneway":false,"source":"OpenStreetMap"},"geometry":{"type":"LineString","coordinates":[[103.5803552,-1.6443402],[103.5803525,-1.6443046],[103.5803565,-1.6442463],[103.5803655,-1.64415],[103.580444,-1.6435047],[103.5804561,-1.6431602],[103.5804628,-1.6429772],[103.5804635,-1.6429014],[103.5804579,-1.6427922],[103.5804043,-1.6424705],[103.580382,-1.642373],[103.5803589,-1.6422676],[103.580222,-1.6415589],[103.5802048,-1.64147],[103.5801483,-1.6411769],[103.5800766,-1.6405331],[103.5800453,-1.6403044],[103.5800328,-1.6401867],[103.5800087,-1.6398646],[103.5799662,-1.6395608],[103.5799926,-1.6394623],[103.5800517,-1.639355],[103.580092,-1.6392994],[103.5801555,-1.6392425],[103.5807372,-1.6389764],[103.5809589,-1.638834],[103.5811274,-1.6387276],[103.5811804,-1.6386916],[103.581383,-1.6385614],[103.5816164,-1.6384113],[103.5819342,-1.6382071],[103.582357,-1.6379428],[103.5829724,-1.6375579]]}},{"type":"Feature","properties":{"segmentId":"osm-gaul2-18003-3506258525-6077420324-0","regionId":"gaul2-18003","province":"Jambi","region":"Kota Jambi","roadName":"Jalan Kebun Daging","highway":"tertiary","lengthMeters":1752.384,"osmWayIds":["1361081116","551403114","647021343","647021346","647021348","647021349"],"u":"3506258525","v":"6077420324","key":0,"oneway":false,"source":"OpenStreetMap"},"geometry":{"type":"LineString","coordinates":[[103.5803552,-1.6443402],[103.5795294,-1.6453104],[103.5792008,-1.6456791],[103.5790747,-1.6457729],[103.5789245,-1.6458077],[103.5786741,-1.6457144],[103.5783345,-1.6455879],[103.5780076,-1.6458014],[103.5770577,-1.6464217],[103.5767071,-1.6465848],[103.5766788,-1.6465902],[103.5761463,-1.6467798],[103.5757112,-1.6469097],[103.5754484,-1.6469713],[103.5751855,-1.6470008],[103.5744184,-1.6470223],[103.5742615,-1.6467823],[103.5741814,-1.6466097],[103.5741395,-1.6465169],[103.5739212,-1.6459635],[103.573788,-1.6456117],[103.5736204,-1.6452494],[103.5735977,-1.6452004],[103.5735574,-1.6451227],[103.5735252,-1.6450905],[103.5734957,-1.6450758],[103.5734609,-1.6450678],[103.5733898,-1.6450684],[103.5733382,-1.6450678],[103.5732859,-1.6450631],[103.5732436,-1.6450456],[103.5732194,-1.6450315],[103.5731551,-1.6449337],[103.573103,-1.64482],[103.5729942,-1.6445825],[103.5728359,-1.6442849],[103.572675,-1.6439792],[103.5724269,-1.6435771],[103.572321,-1.6433881],[103.5722271,-1.643258],[103.5720983,-1.6431213],[103.5720044,-1.6429792],[103.5719643,-1.6428657],[103.5718784,-1.6426226],[103.5718207,-1.6423129],[103.5717711,-1.642144],[103.5716826,-1.6419617],[103.5715283,-1.6416426],[103.5713375,-1.6412937],[103.5710576,-1.6407807],[103.5708938,-1.6405094],[103.5707754,-1.6402622],[103.5706886,-1.6401793],[103.570194,-1.639919],[103.5700061,-1.6397302]]}},{"type":"Feature","properties":{"segmentId":"osm-gaul2-18003-3514089676-3444335140-0","regionId":"gaul2-18003","province":"Jambi","region":"Kota Jambi","roadName":"Unnamed OSM road","highway":"secondary","lengthMeters":3027.384,"osmWayIds":["1418646498","601316704","871073750"],"u":"3514089676","v":"3444335140","key":0,"oneway":false,"source":"OpenStreetMap"},"geometry":{"type":"LineString","coordinates":[[103.5936018,-1.565976],[103.5933379,-1.5661894],[103.592253,-1.5671788],[103.5911188,-1.5681631],[103.5910702,-1.5682006],[103.589589,-1.569486],[103.5890955,-1.5699418],[103.5889949,-1.5700116],[103.5889077,-1.5700598],[103.5887924,-1.5701014],[103.5886395,-1.5701255],[103.5874287,-1.5702259],[103.5845189,-1.5704671],[103.5824919,-1.5706121],[103.5814297,-1.5706872],[103.5812286,-1.5706963],[103.5802388,-1.5707408],[103.5791793,-1.5707878],[103.5789272,-1.5707811],[103.5786536,-1.5707355],[103.5774585,-1.5704045],[103.5770953,-1.5703039],[103.5744592,-1.5695738],[103.5740428,-1.5694803],[103.573949,-1.5694834],[103.5738042,-1.5695182],[103.5709121,-1.5713299],[103.5697915,-1.5720195],[103.5689681,-1.5725262]]}},{"type":"Feature","properties":{"segmentId":"osm-gaul2-18003-3514089676-3514089684-0","regionId":"gaul2-18003","province":"Jambi","region":"Kota Jambi","roadName":"Unnamed OSM road","highway":"tertiary","lengthMeters":1588.471,"osmWayIds":["658726884","658726886","658726889","658726891","658726897","658726900","871073749"],"u":"3514089676","v":"3514089684","key":0,"oneway":false,"source":"OpenStreetMap"},"geometry":{"type":"LineString","coordinates":[[103.5936018,-1.565976],[103.5936289,-1.5658929],[103.5931671,-1.5636732],[103.5930786,-1.5629251],[103.5930705,-1.5626758],[103.5930946,-1.5624854],[103.5931617,-1.5622575],[103.5932529,-1.5619813],[103.5933535,-1.5617562],[103.593379,-1.561618],[103.5933882,-1.5615412],[103.5933897,-1.5612386],[103.5933897,-1.5610751],[103.5933816,-1.5608794],[103.5933092,-1.5600106],[103.5931268,-1.5584904],[103.5931094,-1.5583778],[103.593104,-1.5581754],[103.5931215,-1.5579622],[103.593143,-1.5578723],[103.5931671,-1.5577718],[103.5933146,-1.5571846],[103.5935137,-1.5563537],[103.5935841,-1.5560599],[103.5936016,-1.5558923],[103.5936083,-1.5557623],[103.5935964,-1.5556462],[103.5935801,-1.5554874],[103.5935639,-1.5553638],[103.5934997,-1.5550316],[103.5932583,-1.5537098],[103.5932465,-1.5536395],[103.5931188,-1.5528773],[103.5930946,-1.5524791],[103.5929605,-1.5519295]]}},{"type":"Feature","properties":{"segmentId":"osm-gaul2-18003-3514089676-5126812920-0","regionId":"gaul2-18003","province":"Jambi","region":"Kota Jambi","roadName":"Jalan K.H. Hasan Anang","highway":"secondary","lengthMeters":1237.054,"osmWayIds":["527325052"],"u":"3514089676","v":"5126812920","key":0,"oneway":false,"source":"OpenStreetMap"},"geometry":{"type":"LineString","coordinates":[[103.5936018,-1.565976],[103.5942064,-1.5664375],[103.5943369,-1.566524],[103.5947796,-1.5667823],[103.5951953,-1.5670987],[103.595709,-1.567584],[103.595949,-1.5678561],[103.5960738,-1.5680559],[103.5961596,-1.5682342],[103.5962669,-1.568745],[103.5963219,-1.5689152],[103.596409,-1.5690587],[103.5965672,-1.5693073],[103.5971206,-1.5698802],[103.597472,-1.5702555],[103.5977676,-1.570518],[103.5979932,-1.5707901],[103.5981011,-1.5710421],[103.5982382,-1.5715448],[103.598329,-1.572068],[103.5984215,-1.5723134],[103.598514,-1.5725379],[103.5985992,-1.5727879],[103.5986468,-1.5729287],[103.5988158,-1.5733993],[103.5989338,-1.5737237],[103.5991135,-1.5741755],[103.5992396,-1.5744744],[103.5992999,-1.5745964],[103.599375,-1.5747157],[103.5995467,-1.5749262]]}},{"type":"Feature","properties":{"segmentId":"osm-gaul2-18003-3514089684-3514089676-0","regionId":"gaul2-18003","province":"Jambi","region":"Kota Jambi","roadName":"Unnamed OSM road","highway":"tertiary","lengthMeters":1588.471,"osmWayIds":["658726884","658726886","658726889","658726891","658726897","658726900","871073749"],"u":"3514089684","v":"3514089676","key":0,"oneway":false,"source":"OpenStreetMap"},"geometry":{"type":"LineString","coordinates":[[103.5929605,-1.5519295],[103.5930946,-1.5524791],[103.5931188,-1.5528773],[103.5932465,-1.5536395],[103.5932583,-1.5537098],[103.5934997,-1.5550316],[103.5935639,-1.5553638],[103.5935801,-1.5554874],[103.5935964,-1.5556462],[103.5936083,-1.5557623],[103.5936016,-1.5558923],[103.5935841,-1.5560599],[103.5935137,-1.5563537],[103.5933146,-1.5571846],[103.5931671,-1.5577718],[103.593143,-1.5578723],[103.5931215,-1.5579622],[103.593104,-1.5581754],[103.5931094,-1.5583778],[103.5931268,-1.5584904],[103.5933092,-1.5600106],[103.5933816,-1.5608794],[103.5933897,-1.5610751],[103.5933897,-1.5612386],[103.5933882,-1.5615412],[103.593379,-1.561618],[103.5933535,-1.5617562],[103.5932529,-1.5619813],[103.5931617,-1.5622575],[103.5930946,-1.5624854],[103.5930705,-1.5626758],[103.5930786,-1.5629251],[103.5931671,-1.5636732],[103.5936289,-1.5658929],[103.5936018,-1.565976]]}},{"type":"Feature","properties":{"segmentId":"osm-gaul2-18003-3666011688-6135348036-0","regionId":"gaul2-18003","province":"Jambi","region":"Kota Jambi","roadName":"Unnamed OSM road","highway":"trunk","lengthMeters":11.609,"osmWayIds":["1137292769"],"u":"3666011688","v":"6135348036","key":0,"oneway":true,"source":"OpenStreetMap"},"geometry":{"type":"LineString","coordinates":[[103.6037379,-1.6021544],[103.6038382,-1.6021253]]}},{"type":"Feature","properties":{"segmentId":"osm-gaul2-18003-3666011695-5715948231-0","regionId":"gaul2-18003","province":"Jambi","region":"Kota Jambi","roadName":"Jalan Profesor M. Yamin SH","highway":"trunk","lengthMeters":104.716,"osmWayIds":["362262792"],"u":"3666011695","v":"5715948231","key":0,"oneway":true,"source":"OpenStreetMap"},"geometry":{"type":"LineString","coordinates":[[103.6046706,-1.6079997],[103.6046702,-1.6077156],[103.6046804,-1.6075284],[103.6047043,-1.6073914],[103.6047374,-1.6072707],[103.6047775,-1.607174],[103.6048269,-1.6070856]]}},{"type":"Feature","properties":{"segmentId":"osm-gaul2-18003-3666011695-6135348017-0","regionId":"gaul2-18003","province":"Jambi","region":"Kota Jambi","roadName":"Unnamed OSM road","highway":"trunk_link","lengthMeters":7.43,"osmWayIds":["825704529"],"u":"3666011695","v":"6135348017","key":0,"oneway":false,"source":"OpenStreetMap"},"geometry":{"type":"LineString","coordinates":[[103.6046706,-1.6079997],[103.604737,-1.6080074]]}},{"type":"Feature","properties":{"segmentId":"osm-gaul2-18003-3666011706-11578379658-0","regionId":"gaul2-18003","province":"Jambi","region":"Kota Jambi","roadName":"Unnamed OSM road","highway":"secondary","lengthMeters":8.996,"osmWayIds":["1245463806"],"u":"3666011706","v":"11578379658","key":0,"oneway":true,"source":"OpenStreetMap"},"geometry":{"type":"LineString","coordinates":[[103.6042431,-1.6169995],[103.6041844,-1.6169438]]}},{"type":"Feature","properties":{"segmentId":"osm-gaul2-18003-3666011706-6133943280-0","regionId":"gaul2-18003","province":"Jambi","region":"Kota Jambi","roadName":"Jalan Pangeran Hidayat","highway":"trunk","lengthMeters":467.437,"osmWayIds":["654629431"],"u":"3666011706","v":"6133943280","key":0,"oneway":true,"source":"OpenStreetMap"},"geometry":{"type":"LineString","coordinates":[[103.6042431,-1.6169995],[103.604108,-1.6171791],[103.6040244,-1.6173595],[103.603969,-1.6174918],[103.6039267,-1.6176365],[103.6039066,-1.6178061],[103.6038939,-1.6180548],[103.6038912,-1.6183263],[103.6038966,-1.618642],[103.6038925,-1.6189483],[103.6038946,-1.6192285],[103.6038993,-1.619506],[103.6038899,-1.6197446],[103.6038879,-1.6198203],[103.6038617,-1.6201018],[103.6038288,-1.6202654],[103.6037625,-1.6204557],[103.6036842,-1.6206655],[103.6035311,-1.6210624]]}},{"type":"Feature","properties":{"segmentId":"osm-gaul2-18003-3781483926-4791347118-0","regionId":"gaul2-18003","province":"Jambi","region":"Kota Jambi","roadName":"Jalan Haji Adam Malik","highway":"secondary","lengthMeters":1876.966,"osmWayIds":["1042793420","374779782","486549795","818713753","818713754"],"u":"3781483926","v":"4791347118","key":0,"oneway":false,"source":"OpenStreetMap"},"geometry":{"type":"LineString","coordinates":[[103.6235493,-1.634151],[103.6226132,-1.6340817],[103.6224914,-1.6340652],[103.6221777,-1.6340468],[103.6214805,-1.6340058],[103.6206619,-1.6339308],[103.6205538,-1.6339425],[103.6202843,-1.6339989],[103.6198645,-1.6341218],[103.6197634,-1.6341514],[103.6195569,-1.6342118],[103.6193244,-1.6342713],[103.6191928,-1.6342912],[103.6188804,-1.6343383],[103.6185818,-1.6343603],[103.6181643,-1.6343673],[103.617657,-1.6343728],[103.6173795,-1.634373],[103.6171627,-1.6343686],[103.6170227,-1.6343565],[103.6167512,-1.6343139],[103.6163997,-1.6342367],[103.6158538,-1.6341102],[103.6158023,-1.6341006],[103.6155345,-1.6340732],[103.6151863,-1.6340761],[103.6150664,-1.6340901],[103.6147405,-1.6341597],[103.6139567,-1.6343032],[103.6138286,-1.6343199],[103.6137259,-1.6343333],[103.6136297,-1.6343311],[103.6129942,-1.6343164],[103.6127447,-1.6342905],[103.6125954,-1.6342632],[103.612454,-1.6342274],[103.6123616,-1.6341922],[103.6122307,-1.6341212],[103.6120578,-1.6340062],[103.6116481,-1.6336267],[103.6114672,-1.6334781],[103.6109944,-1.6330899],[103.6109528,-1.6330658],[103.6103916,-1.632602],[103.6102635,-1.6324799],[103.6097966,-1.6321106],[103.6096774,-1.6320134],[103.6094468,-1.6318253],[103.6092094,-1.6316273],[103.609118,-1.6315545],[103.6089674,-1.6314344],[103.608924,-1.6313995],[103.6085756,-1.6311021],[103.6085676,-1.6310938],[103.608508,-1.6310442],[103.608376,-1.6309443],[103.608191,-1.6307903],[103.6080622,-1.6306598]]}},{"type":"Feature","properties":{"segmentId":"osm-gaul2-18003-3781483926-5363102900-0","regionId":"gaul2-18003","province":"Jambi","region":"Kota Jambi","roadName":"Jalan Haji Adam Malik","highway":"secondary","lengthMeters":1136.049,"osmWayIds":["374779782"],"u":"3781483926","v":"5363102900","key":0,"oneway":false,"source":"OpenStreetMap"},"geometry":{"type":"LineString","coordinates":[[103.6235493,-1.634151],[103.6236044,-1.6340099],[103.6236459,-1.6337415],[103.6237116,-1.6331884],[103.6237277,-1.6330831],[103.6237514,-1.6328589],[103.6237738,-1.6326462],[103.6238271,-1.6322655],[103.6238301,-1.632244],[103.6239105,-1.631807],[103.6240447,-1.6314343],[103.6242186,-1.6310206],[103.6244219,-1.6306894],[103.6245555,-1.630481],[103.624661,-1.6303267],[103.6249144,-1.6300004],[103.6250632,-1.6298156],[103.6251853,-1.6296793],[103.6252631,-1.6296013],[103.6253517,-1.6295281],[103.625489,-1.6293973],[103.6258499,-1.6290745],[103.6260054,-1.6289486],[103.6260375,-1.6289214],[103.6262339,-1.6287442],[103.62635,-1.628658],[103.6264868,-1.6285923],[103.6266437,-1.6285374],[103.6269429,-1.6284418],[103.6273023,-1.6283452],[103.6275946,-1.6282594],[103.6278298,-1.628203],[103.6280344,-1.6281539],[103.6282719,-1.6281162],[103.6283234,-1.6281102],[103.6285701,-1.6281022],[103.6287131,-1.6281152],[103.6288324,-1.6281178],[103.6291374,-1.6281142],[103.6291985,-1.628111],[103.6293654,-1.6280901],[103.6295647,-1.6280504],[103.6298971,-1.6279717],[103.6300395,-1.6279297]]}},{"type":"Feature","properties":{"segmentId":"osm-gaul2-18003-3781483926-7577235800-0","regionId":"gaul2-18003","province":"Jambi","region":"Kota Jambi","roadName":"Jalan R. Wijaya","highway":"tertiary","lengthMeters":1895.219,"osmWayIds":["1207080030","551402841"],"u":"3781483926","v":"7577235800","key":0,"oneway":false,"source":"OpenStreetMap"},"geometry":{"type":"LineString","coordinates":[[103.6235493,-1.634151],[103.6235769,-1.6342796],[103.6234739,-1.6349239],[103.6234345,-1.6351436],[103.6234117,-1.6353916],[103.6234069,-1.6355804],[103.623437,-1.6359239],[103.6234888,-1.6360992],[103.623556,-1.6362574],[103.6235899,-1.6363456],[103.6237469,-1.6365713],[103.6239642,-1.6368555],[103.6244562,-1.6373657],[103.6245462,-1.6375178],[103.6246105,-1.63768],[103.6246552,-1.637835],[103.624663,-1.6379819],[103.6246478,-1.6381271],[103.6246259,-1.6383223],[103.6245897,-1.6385285],[103.6245533,-1.6387286],[103.6244636,-1.6394527],[103.6244096,-1.6399849],[103.624403,-1.6400668],[103.6243675,-1.6403905],[103.6243294,-1.6408873],[103.6243158,-1.6413398],[103.6242997,-1.6418373],[103.624253,-1.6422096],[103.6240834,-1.6432549],[103.623968,-1.6438214],[103.6238998,-1.6441961],[103.6238703,-1.6443136],[103.623718,-1.6450595],[103.6235293,-1.6459859],[103.6235172,-1.6460361],[103.623468,-1.6463265],[103.6234009,-1.646651],[103.6232896,-1.6469888],[103.6232343,-1.6471121],[103.6231382,-1.6473353],[103.6230443,-1.6475012],[103.6229557,-1.647582],[103.6227974,-1.6476255],[103.6219508,-1.6476922],[103.6209494,-1.6477113],[103.6208931,-1.6477194],[103.6208408,-1.6477462],[103.6207777,-1.6478132],[103.6207268,-1.6478789],[103.6206403,-1.6480904],[103.6206074,-1.6481778],[103.6205164,-1.6485245]]}},{"type":"Feature","properties":{"segmentId":"osm-gaul2-18003-3781530643-6133943277-0","regionId":"gaul2-18003","province":"Jambi","region":"Kota Jambi","roadName":"Jalan Pangeran Hidayat","highway":"trunk","lengthMeters":176.645,"osmWayIds":["654629429"],"u":"3781530643","v":"6133943277","key":0,"oneway":true,"source":"OpenStreetMap"},"geometry":{"type":"LineString","coordinates":[[103.6029311,-1.6269803],[103.6027828,-1.6266698],[103.6025993,-1.6262918],[103.6025335,-1.6261035],[103.6024691,-1.6258974],[103.6024403,-1.6256897],[103.6024336,-1.6254905]]}},{"type":"Feature","properties":{"segmentId":"osm-gaul2-18003-3781530643-9446437408-0","regionId":"gaul2-18003","province":"Jambi","region":"Kota Jambi","roadName":"Unnamed OSM road","highway":"trunk_link","lengthMeters":8.005,"osmWayIds":["1024438118"],"u":"3781530643","v":"9446437408","key":0,"oneway":false,"source":"OpenStreetMap"},"geometry":{"type":"LineString","coordinates":[[103.6029311,-1.6269803],[103.6029981,-1.6269539]]}},{"type":"Feature","properties":{"segmentId":"osm-gaul2-18003-3911203467-5722943112-0","regionId":"gaul2-18003","province":"Jambi","region":"Kota Jambi","roadName":"Jalan Arif Rahman Hakim","highway":"secondary","lengthMeters":331.061,"osmWayIds":["1017750045"],"u":"3911203467","v":"5722943112","key":0,"oneway":true,"source":"OpenStreetMap"},"geometry":{"type":"LineString","coordinates":[[103.5746653,-1.6174563],[103.5746334,-1.6176095],[103.5746257,-1.6177942],[103.5746272,-1.6178973],[103.574637,-1.6180211],[103.5746591,-1.6181289],[103.5747057,-1.6182524],[103.5747915,-1.6184161],[103.5748924,-1.6185863],[103.5750187,-1.6187845],[103.5751461,-1.6189924],[103.5753517,-1.6193265],[103.5756034,-1.6197112],[103.575847,-1.6200935]]}},{"type":"Feature","properties":{"segmentId":"osm-gaul2-18003-3911203467-6167840504-0","regionId":"gaul2-18003","province":"Jambi","region":"Kota Jambi","roadName":"Unnamed OSM road","highway":"secondary_link","lengthMeters":5.526,"osmWayIds":["819041478"],"u":"3911203467","v":"6167840504","key":0,"oneway":false,"source":"OpenStreetMap"},"geometry":{"type":"LineString","coordinates":[[103.5746653,-1.6174563],[103.574618,-1.617441]]}},{"type":"Feature","properties":{"segmentId":"osm-gaul2-18003-3911203474-6136237569-0","regionId":"gaul2-18003","province":"Jambi","region":"Kota Jambi","roadName":"Unnamed OSM road","highway":"tertiary","lengthMeters":9.311,"osmWayIds":["899818849"],"u":"3911203474","v":"6136237569","key":0,"oneway":true,"source":"OpenStreetMap"},"geometry":{"type":"LineString","coordinates":[[103.5832981,-1.6098189],[103.5833006,-1.6097352]]}},{"type":"Feature","properties":{"segmentId":"osm-gaul2-18003-3911203474-6167840495-0","regionId":"gaul2-18003","province":"Jambi","region":"Kota Jambi","roadName":"Jalan Haji Abdul Manaf","highway":"secondary","lengthMeters":229.789,"osmWayIds":["1217761879"],"u":"3911203474","v":"6167840495","key":0,"oneway":true,"source":"OpenStreetMap"},"geometry":{"type":"LineString","coordinates":[[103.5832981,-1.6098189],[103.5823806,-1.6097856],[103.5813206,-1.6097553],[103.5812319,-1.6097508]]}},{"type":"Feature","properties":{"segmentId":"osm-gaul2-18003-4270154463-3506251633-0","regionId":"gaul2-18003","province":"Jambi","region":"Kota Jambi","roadName":"Jalan Raden Syahbuddin","highway":"secondary","lengthMeters":433.742,"osmWayIds":["1047087265"],"u":"4270154463","v":"3506251633","key":0,"oneway":false,"source":"OpenStreetMap"},"geometry":{"type":"LineString","coordinates":[[103.5829724,-1.6375579],[103.5830082,-1.6375352],[103.5832201,-1.6374132],[103.5840127,-1.6368696],[103.5841075,-1.6367335],[103.584374,-1.6357811],[103.5844793,-1.6354035],[103.5846023,-1.6350146],[103.5846256,-1.634941],[103.5846993,-1.634819],[103.5847751,-1.6347221],[103.5849428,-1.6345075],[103.5850036,-1.6344504]]}},{"type":"Feature","properties":{"segmentId":"osm-gaul2-18003-4270154463-3506258525-0","regionId":"gaul2-18003","province":"Jambi","region":"Kota Jambi","roadName":"Jalan Raden Syahbuddin","highway":"secondary","lengthMeters":944.039,"osmWayIds":["1047087265"],"u":"4270154463","v":"3506258525","key":0,"oneway":false,"source":"OpenStreetMap"},"geometry":{"type":"LineString","coordinates":[[103.5829724,-1.6375579],[103.582357,-1.6379428],[103.5819342,-1.6382071],[103.5816164,-1.6384113],[103.581383,-1.6385614],[103.5811804,-1.6386916],[103.5811274,-1.6387276],[103.5809589,-1.638834],[103.5807372,-1.6389764],[103.5801555,-1.6392425],[103.580092,-1.6392994],[103.5800517,-1.639355],[103.5799926,-1.6394623],[103.5799662,-1.6395608],[103.5800087,-1.6398646],[103.5800328,-1.6401867],[103.5800453,-1.6403044],[103.5800766,-1.6405331],[103.5801483,-1.6411769],[103.5802048,-1.64147],[103.580222,-1.6415589],[103.5803589,-1.6422676],[103.580382,-1.642373],[103.5804043,-1.6424705],[103.5804579,-1.6427922],[103.5804635,-1.6429014],[103.5804628,-1.6429772],[103.5804561,-1.6431602],[103.580444,-1.6435047],[103.5803655,-1.64415],[103.5803565,-1.6442463],[103.5803525,-1.6443046],[103.5803552,-1.6443402]]}},{"type":"Feature","properties":{"segmentId":"osm-gaul2-18003-4270154463-4270160271-0","regionId":"gaul2-18003","province":"Jambi","region":"Kota Jambi","roadName":"Jalan Serma Ishak Ahmad","highway":"tertiary","lengthMeters":1013.682,"osmWayIds":["427843265"],"u":"4270154463","v":"4270160271","key":0,"oneway":false,"source":"OpenStreetMap"},"geometry":{"type":"LineString","coordinates":[[103.5829724,-1.6375579],[103.5825881,-1.6372439],[103.5824919,-1.6371612],[103.5822757,-1.6369861],[103.581891,-1.6366685],[103.5816436,-1.6364643],[103.5814458,-1.6363019],[103.5811991,-1.6360529],[103.5811421,-1.6359545],[103.5809409,-1.6350564],[103.5808801,-1.6348],[103.5807048,-1.6341783],[103.5806834,-1.6340939],[103.5806743,-1.6339673],[103.5806699,-1.6339062],[103.5806848,-1.633789],[103.5806935,-1.63372],[103.5807397,-1.6335201],[103.5807263,-1.6334021],[103.5806908,-1.6333205],[103.5806324,-1.633244],[103.5805503,-1.6331881],[103.5803783,-1.6330711],[103.5801483,-1.6329056],[103.5798043,-1.6326596],[103.5792967,-1.6323351],[103.5789552,-1.6320398],[103.5784611,-1.6316126],[103.5783279,-1.6314932],[103.5780188,-1.6312172],[103.5779737,-1.6311769],[103.5776267,-1.6308165]]}},{"type":"Feature","properties":{"segmentId":"osm-gaul2-18003-4270160271-2853572931-0","regionId":"gaul2-18003","province":"Jambi","region":"Kota Jambi","roadName":"Jalan T.P. Sriwijaya","highway":"secondary","lengthMeters":1541.62,"osmWayIds":["427843148","810436546"],"u":"4270160271","v":"2853572931","key":0,"oneway":false,"source":"OpenStreetMap"},"geometry":{"type":"LineString","coordinates":[[103.5776267,-1.6308165],[103.5780195,-1.6304206],[103.5782273,-1.6302208],[103.5784912,-1.6298965],[103.5787438,-1.62957],[103.5789117,-1.6293142],[103.5789701,-1.6292461],[103.5790868,-1.6291339],[103.5792155,-1.6290217],[103.5793992,-1.6288963],[103.579562,-1.6287994],[103.5802778,-1.6284888],[103.5805752,-1.6283633],[103.5808004,-1.6282361],[103.5809644,-1.6281198],[103.5810737,-1.6280426],[103.5812682,-1.6277477],[103.5813727,-1.6275868],[103.5815636,-1.6272103],[103.5815886,-1.6271321],[103.5815955,-1.6270394],[103.5815943,-1.6269392],[103.5815334,-1.6265335],[103.5815293,-1.6264912],[103.5815261,-1.626457],[103.5816255,-1.6261686],[103.5816792,-1.6260385],[103.5818253,-1.6258201],[103.5820681,-1.6254715],[103.5823342,-1.625096],[103.5825401,-1.6246543],[103.5826118,-1.6245545],[103.5826595,-1.6244949],[103.5827359,-1.6244237],[103.5829151,-1.6242911],[103.5831866,-1.6241416],[103.5834434,-1.624037],[103.5835285,-1.6239942],[103.5835685,-1.6239653],[103.5837002,-1.6238701],[103.5838772,-1.6236428],[103.5839524,-1.6235612],[103.5840033,-1.6235223],[103.5840637,-1.6234894],[103.5841066,-1.6234767],[103.5841595,-1.6234687],[103.5842203,-1.6234687],[103.5842889,-1.6234713],[103.5846914,-1.6234928],[103.584718,-1.6234942],[103.5848684,-1.6234907],[103.58494,-1.623482],[103.5849897,-1.6234633],[103.5850621,-1.6234022],[103.5850783,-1.6233439],[103.5851027,-1.6229471],[103.5850805,-1.6226074],[103.5850786,-1.622563],[103.5850139,-1.6221357],[103.5848593,-1.621225],[103.584848,-1.6209327],[103.5848536,-1.6208627]]}},{"type":"Feature","properties":{"segmentId":"osm-gaul2-18003-4270160271-4270154463-0","regionId":"gaul2-18003","province":"Jambi","region":"Kota Jambi","roadName":"Jalan Serma Ishak Ahmad","highway":"tertiary","lengthMeters":1013.682,"osmWayIds":["427843265"],"u":"4270160271","v":"4270154463","key":0,"oneway":false,"source":"OpenStreetMap"},"geometry":{"type":"LineString","coordinates":[[103.5776267,-1.6308165],[103.5779737,-1.6311769],[103.5780188,-1.6312172],[103.5783279,-1.6314932],[103.5784611,-1.6316126],[103.5789552,-1.6320398],[103.5792967,-1.6323351],[103.5798043,-1.6326596],[103.5801483,-1.6329056],[103.5803783,-1.6330711],[103.5805503,-1.6331881],[103.5806324,-1.633244],[103.5806908,-1.6333205],[103.5807263,-1.6334021],[103.5807397,-1.6335201],[103.5806935,-1.63372],[103.5806848,-1.633789],[103.5806699,-1.6339062],[103.5806743,-1.6339673],[103.5806834,-1.6340939],[103.5807048,-1.6341783],[103.5808801,-1.6348],[103.5809409,-1.6350564],[103.5811421,-1.6359545],[103.5811991,-1.6360529],[103.5814458,-1.6363019],[103.5816436,-1.6364643],[103.581891,-1.6366685],[103.5822757,-1.6369861],[103.5824919,-1.6371612],[103.5825881,-1.6372439],[103.5829724,-1.6375579]]}},{"type":"Feature","properties":{"segmentId":"osm-gaul2-18003-4270160271-4271531894-0","regionId":"gaul2-18003","province":"Jambi","region":"Kota Jambi","roadName":"Jalan T.P. Sriwijaya","highway":"secondary","lengthMeters":177.723,"osmWayIds":["427994322"],"u":"4270160271","v":"4271531894","key":0,"oneway":false,"source":"OpenStreetMap"},"geometry":{"type":"LineString","coordinates":[[103.5776267,-1.6308165],[103.5773269,-1.6310999],[103.5771462,-1.6312198],[103.5770078,-1.6312995],[103.5768297,-1.6314021],[103.5766929,-1.6314919],[103.576532,-1.6315657],[103.5762745,-1.6316214]]}},{"type":"Feature","properties":{"segmentId":"osm-gaul2-18003-4270166385-13132795381-0","regionId":"gaul2-18003","province":"Jambi","region":"Kota Jambi","roadName":"Jalan Soemantri Brodjonegoro","highway":"primary","lengthMeters":26.486,"osmWayIds":["1428506848"],"u":"4270166385","v":"13132795381","key":0,"oneway":false,"source":"OpenStreetMap"},"geometry":{"type":"LineString","coordinates":[[103.5969662,-1.6098689],[103.5968022,-1.6100417]]}},{"type":"Feature","properties":{"segmentId":"osm-gaul2-18003-4270166385-5560354399-0","regionId":"gaul2-18003","province":"Jambi","region":"Kota Jambi","roadName":"Jalan Profesor Dokter Sri Sudewi MS. SH","highway":"secondary","lengthMeters":543.66,"osmWayIds":["427843965"],"u":"4270166385","v":"5560354399","key":0,"oneway":false,"source":"OpenStreetMap"},"geometry":{"type":"LineString","coordinates":[[103.5969662,-1.6098689],[103.5964652,-1.6093863],[103.5964253,-1.6093471],[103.5961886,-1.6091688],[103.5959498,-1.6090119],[103.5953086,-1.6086693],[103.5950583,-1.6085122],[103.5945596,-1.6082508],[103.5944122,-1.6081878],[103.5943314,-1.6081455],[103.5940101,-1.6079771],[103.5939314,-1.6079358],[103.5938763,-1.607907],[103.5938045,-1.6078693],[103.5934237,-1.6076676],[103.5928028,-1.6073573]]}},{"type":"Feature","properties":{"segmentId":"osm-gaul2-18003-4270166385-5722942376-0","regionId":"gaul2-18003","province":"Jambi","region":"Kota Jambi","roadName":"Jalan Profesor Dokter Soemantri Brodjonegoro","highway":"primary","lengthMeters":247.619,"osmWayIds":["1132383382","668388999"],"u":"4270166385","v":"5722942376","key":0,"oneway":true,"source":"OpenStreetMap"},"geometry":{"type":"LineString","coordinates":[[103.5969662,-1.6098689],[103.597004,-1.6097622],[103.5974811,-1.6092257],[103.5977518,-1.6088984],[103.5981285,-1.6084396],[103.598366,-1.6081459]]}},{"type":"Feature","properties":{"segmentId":"osm-gaul2-18003-4270167289-11925173855-0","regionId":"gaul2-18003","province":"Jambi","region":"Kota Jambi","roadName":"Jalan Kolonel Abundjani","highway":"primary","lengthMeters":13.297,"osmWayIds":["1285519324"],"u":"4270167289","v":"11925173855","key":0,"oneway":false,"source":"OpenStreetMap"},"geometry":{"type":"LineString","coordinates":[[103.5923851,-1.6171827],[103.5924395,-1.6170762]]}},{"type":"Feature","properties":{"segmentId":"osm-gaul2-18003-4270167289-11925173856-0","regionId":"gaul2-18003","province":"Jambi","region":"Kota Jambi","roadName":"Jalan Kolonel Abundjani","highway":"primary","lengthMeters":11.397,"osmWayIds":["1285519324"],"u":"4270167289","v":"11925173856","key":0,"oneway":false,"source":"OpenStreetMap"},"geometry":{"type":"LineString","coordinates":[[103.5923851,-1.6171827],[103.5923383,-1.6172739]]}},{"type":"Feature","properties":{"segmentId":"osm-gaul2-18003-4270167289-7722975028-0","regionId":"gaul2-18003","province":"Jambi","region":"Kota Jambi","roadName":"Jalan Kol. Amir Hamzah","highway":"tertiary","lengthMeters":1140.365,"osmWayIds":["427843760","428015538"],"u":"4270167289","v":"7722975028","key":0,"oneway":false,"source":"OpenStreetMap"},"geometry":{"type":"LineString","coordinates":[[103.5923851,-1.6171827],[103.5917898,-1.6168945],[103.5915059,-1.616757],[103.5912439,-1.6166425],[103.5910924,-1.6165956],[103.59091,-1.6165835],[103.5907222,-1.6165929],[103.5904138,-1.6166143],[103.590029,-1.616663],[103.5898003,-1.6166817],[103.5896465,-1.6166723],[103.5895139,-1.6166521],[103.5889654,-1.616481],[103.5887769,-1.6164539],[103.588585,-1.6164531],[103.5884338,-1.6164592],[103.5883858,-1.6164641],[103.5882877,-1.6164713],[103.5881899,-1.6164691],[103.5880789,-1.6164575],[103.5880025,-1.6164521],[103.5878012,-1.6164174],[103.5874054,-1.6163239],[103.587118,-1.6162757],[103.5869403,-1.6162265],[103.5868105,-1.6161759],[103.5866614,-1.6161011],[103.5865434,-1.6160298],[103.5863803,-1.6158974],[103.586316,-1.6158445],[103.5860657,-1.6156384],[103.5858274,-1.6154422],[103.5855663,-1.6153018],[103.5852429,-1.6151848],[103.5851252,-1.6151232],[103.5849407,-1.6149641],[103.5846824,-1.6146711],[103.5846247,-1.6146125],[103.5837713,-1.6137457],[103.5833741,-1.6133683]]}},{"type":"Feature","properties":{"segmentId":"osm-gaul2-18003-4270167309-5462703345-0","regionId":"gaul2-18003","province":"Jambi","region":"Kota Jambi","roadName":"Jalan Ks. Tubun","highway":"tertiary","lengthMeters":1042.648,"osmWayIds":["469316075"],"u":"4270167309","v":"5462703345","key":0,"oneway":false,"source":"OpenStreetMap"},"geometry":{"type":"LineString","coordinates":[[103.583268,-1.6132914],[103.5830468,-1.6134992],[103.5828879,-1.6136628],[103.5827477,-1.6138041],[103.5824436,-1.6141182],[103.5821751,-1.6143814],[103.5820303,-1.6144886],[103.5818506,-1.6145771],[103.5815126,-1.6146495],[103.5814,-1.6146817],[103.5811467,-1.6147878],[103.581062,-1.6148426],[103.5808208,-1.6149751],[103.580798,-1.6149849],[103.5807777,-1.61499],[103.5806626,-1.6149862],[103.5806445,-1.6149882],[103.5806221,-1.6149927],[103.5805682,-1.6150124],[103.5803864,-1.615108],[103.5799026,-1.615423],[103.5798592,-1.6154433],[103.5797366,-1.6154846],[103.5796427,-1.6155077],[103.5796109,-1.6155262],[103.5794181,-1.6156652],[103.578828,-1.615991],[103.5786681,-1.6160544],[103.5785222,-1.6160734],[103.5784283,-1.6161049],[103.578003,-1.6163842],[103.577975,-1.6164307],[103.5779613,-1.6164914],[103.5779653,-1.6166452],[103.5779829,-1.6173235],[103.5779855,-1.6174226],[103.5780227,-1.6178723],[103.5780348,-1.6179917],[103.5780667,-1.6181005],[103.5781624,-1.6182819],[103.5783758,-1.6185251],[103.5786281,-1.6187204],[103.5786805,-1.6187653],[103.5787261,-1.6188169],[103.5787562,-1.6188705],[103.5787871,-1.6189711],[103.5788608,-1.6192251]]}},{"type":"Feature","properties":{"segmentId":"osm-gaul2-18003-4270167309-6167939728-0","regionId":"gaul2-18003","province":"Jambi","region":"Kota Jambi","roadName":"Unnamed OSM road","highway":"tertiary","lengthMeters":168.602,"osmWayIds":["428015536","658703255"],"u":"4270167309","v":"6167939728","key":0,"oneway":true,"source":"OpenStreetMap"},"geometry":{"type":"LineString","coordinates":[[103.583268,-1.6132914],[103.5832691,-1.6132042],[103.583295,-1.613152],[103.5833203,-1.6131072],[103.583389,-1.6130015],[103.5834072,-1.6129559],[103.5834213,-1.6128935],[103.5834262,-1.6128164],[103.583414,-1.6126639],[103.5833546,-1.6123012],[103.583343,-1.6121844],[103.5833294,-1.6120484],[103.5833247,-1.6119244],[103.5833271,-1.6118201]]}},{"type":"Feature","properties":{"segmentId":"osm-gaul2-18003-4270167309-7722975026-0","regionId":"gaul2-18003","province":"Jambi","region":"Kota Jambi","roadName":"Jalan Ks. Tubun","highway":"tertiary","lengthMeters":11.219,"osmWayIds":["469316075"],"u":"4270167309","v":"7722975026","key":0,"oneway":false,"source":"OpenStreetMap"},"geometry":{"type":"LineString","coordinates":[[103.583268,-1.6132914],[103.5833466,-1.6132281]]}},{"type":"Feature","properties":{"segmentId":"osm-gaul2-18003-4270169015-5560354387-0","regionId":"gaul2-18003","province":"Jambi","region":"Kota Jambi","roadName":"Jalan Jenderal Urip Sumoharjo","highway":"tertiary","lengthMeters":268.331,"osmWayIds":["601384613"],"u":"4270169015","v":"5560354387","key":0,"oneway":false,"source":"OpenStreetMap"},"geometry":{"type":"LineString","coordinates":[[103.5922095,-1.6096501],[103.5921679,-1.6095401],[103.5921411,-1.609441],[103.5920996,-1.6092425],[103.592058,-1.6088953],[103.5920607,-1.6086902],[103.5920633,-1.6085964],[103.5920728,-1.6085173],[103.5920975,-1.6084181],[103.5921123,-1.6083685],[103.5921291,-1.6083316],[103.592255,-1.6080865],[103.5923879,-1.6078336],[103.5924408,-1.6077505],[103.5925381,-1.6075976],[103.5926563,-1.6074045]]}},{"type":"Feature","properties":{"segmentId":"osm-gaul2-18003-4270169015-7645474173-0","regionId":"gaul2-18003","province":"Jambi","region":"Kota Jambi","roadName":"Jalan Jenderal Urip Sumoharjo","highway":"tertiary","lengthMeters":430.942,"osmWayIds":["601384612"],"u":"4270169015","v":"7645474173","key":0,"oneway":true,"source":"OpenStreetMap"},"geometry":{"type":"LineString","coordinates":[[103.5922095,-1.6096501],[103.5922766,-1.6097319],[103.592349,-1.6098304],[103.592537,-1.6100825],[103.5925714,-1.6101285],[103.5926564,-1.6102422],[103.5927962,-1.6104068],[103.5929981,-1.6106532],[103.5930551,-1.6107228],[103.5935012,-1.6112621],[103.5936626,-1.6114615],[103.593826,-1.6116633],[103.5939407,-1.611805],[103.5940794,-1.6119993],[103.5941092,-1.612047],[103.594138,-1.612104],[103.5941902,-1.6122228],[103.5942379,-1.6123486],[103.5942716,-1.6124661],[103.5942835,-1.6125236],[103.5942943,-1.612592],[103.5943124,-1.6127522],[103.5943073,-1.6128041],[103.594299,-1.6128272]]}},{"type":"Feature","properties":{"segmentId":"osm-gaul2-18003-4270170347-5126812864-0","regionId":"gaul2-18003","province":"Jambi","region":"Kota Jambi","roadName":"Jalan Slamet Riyadi","highway":"secondary","lengthMeters":522.271,"osmWayIds":["427844065"],"u":"4270170347","v":"5126812864","key":0,"oneway":true,"source":"OpenStreetMap"},"geometry":{"type":"LineString","coordinates":[[103.5971389,-1.5998331],[103.5967081,-1.6000814],[103.5964507,-1.6002352],[103.5958928,-1.6006074],[103.5957145,-1.6007236],[103.5953767,-1.6009303],[103.5952648,-1.6009985],[103.5950376,-1.6011472],[103.5948421,-1.6013184],[103.5946995,-1.601496],[103.5946315,-1.6016177],[103.5945684,-1.6017656],[103.5943934,-1.6023332],[103.5942837,-1.6027821],[103.5942158,-1.6030598],[103.594193,-1.6031456]]}},{"type":"Feature","properties":{"segmentId":"osm-gaul2-18003-4270170347-6134982525-0","regionId":"gaul2-18003","province":"Jambi","region":"Kota Jambi","roadName":"Unnamed OSM road","highway":"secondary_link","lengthMeters":8.984,"osmWayIds":["654717036"],"u":"4270170347","v":"6134982525","key":0,"oneway":false,"source":"OpenStreetMap"},"geometry":{"type":"LineString","coordinates":[[103.5971389,-1.5998331],[103.5970982,-1.5997633]]}},{"type":"Feature","properties":{"segmentId":"osm-gaul2-18003-4271528992-4271531894-0","regionId":"gaul2-18003","province":"Jambi","region":"Kota Jambi","roadName":"Jalan T.P. Sriwijaya","highway":"secondary","lengthMeters":522.924,"osmWayIds":["427994322"],"u":"4271528992","v":"4271531894","key":0,"oneway":false,"source":"OpenStreetMap"},"geometry":{"type":"LineString","coordinates":[[103.5716405,-1.6323431],[103.5720167,-1.6323011],[103.5724792,-1.6322494],[103.572644,-1.6322408],[103.5730338,-1.6322206],[103.5733348,-1.6321948],[103.5738515,-1.6321648],[103.5740395,-1.6321441],[103.5744025,-1.6320761],[103.5747476,-1.6319979],[103.5749944,-1.6319507],[103.575013,-1.6319437],[103.5754188,-1.6318297],[103.5755756,-1.6317946],[103.5762745,-1.6316214]]}},{"type":"Feature","properties":{"segmentId":"osm-gaul2-18003-4271528992-5722942822-0","regionId":"gaul2-18003","province":"Jambi","region":"Kota Jambi","roadName":"Jalan HA Kasih","highway":"tertiary","lengthMeters":2366.176,"osmWayIds":["1046773706","1203849365","602562355","602562356"],"u":"4271528992","v":"5722942822","key":0,"oneway":false,"source":"OpenStreetMap"},"geometry":{"type":"LineString","coordinates":[[103.5716405,-1.6323431],[103.5715066,-1.6319335],[103.571454,-1.6317926],[103.5712024,-1.6312815],[103.571063,-1.6310067],[103.5709624,-1.6308109],[103.5709034,-1.6305536],[103.5708913,-1.6302472],[103.5708391,-1.6299489],[103.5708177,-1.6298987],[103.5707743,-1.6298987],[103.5706204,-1.629953],[103.5703593,-1.6300349],[103.5696874,-1.630281],[103.5696032,-1.630278],[103.5695247,-1.6302613],[103.5694215,-1.6301983],[103.5693427,-1.6300999],[103.5692927,-1.6300374],[103.5690352,-1.6297854],[103.5689108,-1.6297098],[103.5686211,-1.629565],[103.5684317,-1.6294704],[103.5683084,-1.6294382],[103.5681286,-1.6294637],[103.5677129,-1.6295883],[103.5675705,-1.6296512],[103.5673962,-1.6294623],[103.5673796,-1.6294181],[103.5673803,-1.6293665],[103.5678036,-1.6286903],[103.5678577,-1.6285441],[103.5678591,-1.6284113],[103.5676898,-1.6281164],[103.567666,-1.628036],[103.5676646,-1.6279515],[103.5676821,-1.6278376],[103.5677016,-1.6277882],[103.5678067,-1.6274653],[103.567634,-1.6269237],[103.5674953,-1.6265106],[103.5674278,-1.6263452],[103.5673723,-1.6262785],[103.5672033,-1.6260292],[103.5671723,-1.6259439],[103.5671121,-1.6257785],[103.5670659,-1.6256332],[103.5669431,-1.6253401],[103.5668941,-1.6252732],[103.5668734,-1.6252449],[103.566775,-1.6251365],[103.5667098,-1.6250903],[103.5660305,-1.624824],[103.5659908,-1.6247898],[103.5659616,-1.6247338],[103.5659295,-1.6246071],[103.5659031,-1.6243835],[103.5658855,-1.624293],[103.5657893,-1.6240428],[103.5657658,-1.623965],[103.5657335,-1.6237824],[103.5656993,-1.6233825],[103.5656902,-1.6231408],[103.5656772,-1.622873],[103.5656777,-1.6227371],[103.56572,-1.6221156],[103.5657672,-1.6212796],[103.5657986,-1.6209404],[103.5658343,-1.6208667],[103.5659534,-1.6208278],[103.5659842,-1.6207996],[103.565999,-1.620762],[103.5660084,-1.6205302],[103.5660262,-1.6204758],[103.5660731,-1.6204487],[103.5663231,-1.6204244],[103.567735,-1.6202471],[103.5681728,-1.6201869],[103.5684572,-1.6201575],[103.5685316,-1.6201276],[103.5685841,-1.6200785],[103.5691629,-1.6192001],[103.5697158,-1.6183401]]}},{"type":"Feature","properties":{"segmentId":"osm-gaul2-18003-4271528992-6098914422-0","regionId":"gaul2-18003","province":"Jambi","region":"Kota Jambi","roadName":"Jalan T.P. Sriwijaya","highway":"secondary","lengthMeters":1130.567,"osmWayIds":["1201907418","427994322","427995632"],"u":"4271528992","v":"6098914422","key":0,"oneway":false,"source":"OpenStreetMap"},"geometry":{"type":"LineString","coordinates":[[103.5716405,-1.6323431],[103.5716004,-1.6323436],[103.5712429,-1.6323779],[103.5707177,-1.6324495],[103.5704984,-1.6324795],[103.5703827,-1.632474],[103.5701609,-1.6324222],[103.5700139,-1.6323828],[103.5697354,-1.632308],[103.5694098,-1.6322266],[103.5689897,-1.632115],[103.5683339,-1.6319089],[103.5682308,-1.6318895],[103.568127,-1.6318831],[103.5678345,-1.6318948],[103.5674579,-1.6318652],[103.5671491,-1.6318524],[103.5667463,-1.6318511],[103.5665279,-1.6318811],[103.5662956,-1.6319242],[103.5662635,-1.6319301],[103.5662269,-1.6319557],[103.5661481,-1.6320653],[103.565954,-1.6323352],[103.5657291,-1.632611],[103.5656512,-1.6327077],[103.5654,-1.6329663],[103.5653765,-1.6329913],[103.5651437,-1.6333075],[103.5650476,-1.6334425],[103.5647734,-1.6339212],[103.564738,-1.6339754],[103.5645667,-1.6342378],[103.5644408,-1.6344306],[103.5643346,-1.6345651],[103.5641081,-1.6347384],[103.5633751,-1.6351559],[103.563228,-1.6352397],[103.5631175,-1.6352926]]}},{"type":"Feature","properties":{"segmentId":"osm-gaul2-18003-4271531553-6077420324-0","regionId":"gaul2-18003","province":"Jambi","region":"Kota Jambi","roadName":"Jalan Sari Bakti","highway":"secondary","lengthMeters":910.9,"osmWayIds":["1046373943","1421320448","1421320450","1445706960","1445706961"],"u":"4271531553","v":"6077420324","key":0,"oneway":false,"source":"OpenStreetMap"},"geometry":{"type":"LineString","coordinates":[[103.5662156,-1.6461783],[103.5664907,-1.6458686],[103.5666859,-1.6456858],[103.5668623,-1.6455311],[103.5670434,-1.6453951],[103.5671874,-1.6452633],[103.5675469,-1.6449534],[103.5677949,-1.6447066],[103.5679438,-1.6445699],[103.5681674,-1.6443586],[103.5687883,-1.643862],[103.569261,-1.6433895],[103.5695905,-1.6430234],[103.5697014,-1.6429131],[103.5697849,-1.6427976],[103.5698565,-1.6425585],[103.5698671,-1.6421729],[103.569815,-1.6417301],[103.5697388,-1.6412037],[103.5696175,-1.640698],[103.5695945,-1.6405487],[103.5695849,-1.6404108],[103.569596,-1.6402836],[103.569637,-1.6401033],[103.5697563,-1.6399277],[103.5698858,-1.6398243],[103.5699317,-1.6397835],[103.5700061,-1.6397302]]}},{"type":"Feature","properties":{"segmentId":"osm-gaul2-18003-4271531894-4270160271-0","regionId":"gaul2-18003","province":"Jambi","region":"Kota Jambi","roadName":"Jalan T.P. Sriwijaya","highway":"secondary","lengthMeters":177.723,"osmWayIds":["427994322"],"u":"4271531894","v":"4270160271","key":0,"oneway":false,"source":"OpenStreetMap"},"geometry":{"type":"LineString","coordinates":[[103.5762745,-1.6316214],[103.576532,-1.6315657],[103.5766929,-1.6314919],[103.5768297,-1.6314021],[103.5770078,-1.6312995],[103.5771462,-1.6312198],[103.5773269,-1.6310999],[103.5776267,-1.6308165]]}},{"type":"Feature","properties":{"segmentId":"osm-gaul2-18003-4271531894-4271528992-0","regionId":"gaul2-18003","province":"Jambi","region":"Kota Jambi","roadName":"Jalan T.P. Sriwijaya","highway":"secondary","lengthMeters":522.924,"osmWayIds":["427994322"],"u":"4271531894","v":"4271528992","key":0,"oneway":false,"source":"OpenStreetMap"},"geometry":{"type":"LineString","coordinates":[[103.5762745,-1.6316214],[103.5755756,-1.6317946],[103.5754188,-1.6318297],[103.575013,-1.6319437],[103.5749944,-1.6319507],[103.5747476,-1.6319979],[103.5744025,-1.6320761],[103.5740395,-1.6321441],[103.5738515,-1.6321648],[103.5733348,-1.6321948],[103.5730338,-1.6322206],[103.572644,-1.6322408],[103.5724792,-1.6322494],[103.5720167,-1.6323011],[103.5716405,-1.6323431]]}},{"type":"Feature","properties":{"segmentId":"osm-gaul2-18003-4271531894-6077420324-0","regionId":"gaul2-18003","province":"Jambi","region":"Kota Jambi","roadName":"Jalan Sari Bakti","highway":"secondary","lengthMeters":1207.973,"osmWayIds":["1421320450"],"u":"4271531894","v":"6077420324","key":0,"oneway":false,"source":"OpenStreetMap"},"geometry":{"type":"LineString","coordinates":[[103.5762745,-1.6316214],[103.576294,-1.6318838],[103.576274,-1.6320442],[103.5762257,-1.6322033],[103.5760486,-1.6326127],[103.5757695,-1.6331256],[103.5757293,-1.6332057],[103.575695,-1.6332484],[103.5756151,-1.6333374],[103.5754746,-1.6334316],[103.5753113,-1.6335227],[103.5752234,-1.6335951],[103.5750755,-1.6337571],[103.5748917,-1.6339677],[103.5747006,-1.6341613],[103.5746263,-1.6342567],[103.5745765,-1.6343372],[103.574542,-1.6344647],[103.5745312,-1.6346476],[103.5745279,-1.6350727],[103.5744938,-1.6351745],[103.5744394,-1.6352707],[103.5743571,-1.6353675],[103.5740586,-1.6355693],[103.5739217,-1.6357121],[103.5735339,-1.636213],[103.5734663,-1.6363407],[103.5734193,-1.6365051],[103.5733859,-1.6369573],[103.5733718,-1.6370422],[103.5733104,-1.6372722],[103.5732612,-1.6373863],[103.5731759,-1.6374822],[103.5730736,-1.6375668],[103.5728542,-1.637726],[103.5723294,-1.637994],[103.5721814,-1.6380678],[103.5720225,-1.6381576],[103.5711696,-1.6387441],[103.5711429,-1.6387666],[103.5700061,-1.6397302]]}},{"type":"Feature","properties":{"segmentId":"osm-gaul2-18003-4271535397-4271537358-0","regionId":"gaul2-18003","province":"Jambi","region":"Kota Jambi","roadName":"Unnamed OSM road","highway":"secondary","lengthMeters":382.925,"osmWayIds":["601384632"],"u":"4271535397","v":"4271537358","key":0,"oneway":false,"source":"OpenStreetMap"},"geometry":{"type":"LineString","coordinates":[[103.5833716,-1.6055908],[103.5827762,-1.605328],[103.5817596,-1.6049473],[103.5811908,-1.6047224],[103.5801819,-1.604292]]}},{"type":"Feature","properties":{"segmentId":"osm-gaul2-18003-4271535397-6166731611-0","regionId":"gaul2-18003","province":"Jambi","region":"Kota Jambi","roadName":"Unnamed OSM road","highway":"secondary","lengthMeters":16.19,"osmWayIds":["812787994"],"u":"4271535397","v":"6166731611","key":0,"oneway":false,"source":"OpenStreetMap"},"geometry":{"type":"LineString","coordinates":[[103.5833716,-1.6055908],[103.5835165,-1.6056056]]}},{"type":"Feature","properties":{"segmentId":"osm-gaul2-18003-4271535400-4271537358-0","regionId":"gaul2-18003","province":"Jambi","region":"Kota Jambi","roadName":"Unnamed OSM road","highway":"tertiary","lengthMeters":251.136,"osmWayIds":["1101369754"],"u":"4271535400","v":"4271537358","key":0,"oneway":false,"source":"OpenStreetMap"},"geometry":{"type":"LineString","coordinates":[[103.5780137,-1.6036717],[103.5786402,-1.6037877],[103.5790171,-1.6039137],[103.5794838,-1.6040625],[103.5796809,-1.6041323],[103.5801819,-1.604292]]}},{"type":"Feature","properties":{"segmentId":"osm-gaul2-18003-4271535400-4272171549-0","regionId":"gaul2-18003","province":"Jambi","region":"Kota Jambi","roadName":"Unnamed OSM road","highway":"tertiary","lengthMeters":287.31,"osmWayIds":["1018426694","659966244","659966245"],"u":"4271535400","v":"4272171549","key":0,"oneway":false,"source":"OpenStreetMap"},"geometry":{"type":"LineString","coordinates":[[103.5780137,-1.6036717],[103.5776698,-1.6036098],[103.5775177,-1.6035876],[103.5774681,-1.6035799],[103.5773748,-1.6035693],[103.577139,-1.6035431],[103.5768143,-1.6035069],[103.5764844,-1.6034485],[103.5762476,-1.6034183],[103.5760556,-1.6033875],[103.5754578,-1.6032917]]}},{"type":"Feature","properties":{"segmentId":"osm-gaul2-18003-4271535400-5723003702-0","regionId":"gaul2-18003","province":"Jambi","region":"Kota Jambi","roadName":"Jalan Mayjen Sutoyo","highway":"tertiary","lengthMeters":454.633,"osmWayIds":["427998736"],"u":"4271535400","v":"5723003702","key":0,"oneway":false,"source":"OpenStreetMap"},"geometry":{"type":"LineString","coordinates":[[103.5780137,-1.6036717],[103.5780195,-1.6030706],[103.577963,-1.6024824],[103.5778618,-1.6018474],[103.5778385,-1.6016165],[103.5778233,-1.6011868],[103.5778119,-1.6009752],[103.5777959,-1.6008589],[103.5776872,-1.6004464],[103.5776807,-1.6003467],[103.5777124,-1.6002611],[103.577779,-1.6001487],[103.5779776,-1.5999304],[103.5781483,-1.5997935]]}},{"type":"Feature","properties":{"segmentId":"osm-gaul2-18003-4271535400-6167840526-0","regionId":"gaul2-18003","province":"Jambi","region":"Kota Jambi","roadName":"Jalan Mayjen Sutoyo","highway":"tertiary","lengthMeters":703.956,"osmWayIds":["427998435"],"u":"4271535400","v":"6167840526","key":0,"oneway":false,"source":"OpenStreetMap"},"geometry":{"type":"LineString","coordinates":[[103.5780137,-1.6036717],[103.5779656,-1.6041316],[103.5779404,-1.604359],[103.5779066,-1.6046631],[103.5778798,-1.6049728],[103.5778671,-1.6052168],[103.5778382,-1.605442],[103.5778235,-1.6057664],[103.5778382,-1.606174],[103.577912,-1.6067343],[103.577971,-1.6070266],[103.5780771,-1.6074942],[103.5782024,-1.6078028],[103.5782958,-1.6079896],[103.5786204,-1.6084361],[103.5787798,-1.6087197],[103.5788368,-1.608853],[103.5788801,-1.6089976],[103.5789917,-1.6096867],[103.5790059,-1.609748]]}},{"type":"Feature","properties":{"segmentId":"osm-gaul2-18003-4271537358-4271535397-0","regionId":"gaul2-18003","province":"Jambi","region":"Kota Jambi","roadName":"Unnamed OSM road","highway":"secondary","lengthMeters":382.925,"osmWayIds":["601384632"],"u":"4271537358","v":"4271535397","key":0,"oneway":false,"source":"OpenStreetMap"},"geometry":{"type":"LineString","coordinates":[[103.5801819,-1.604292],[103.5811908,-1.6047224],[103.5817596,-1.6049473],[103.5827762,-1.605328],[103.5833716,-1.6055908]]}},{"type":"Feature","properties":{"segmentId":"osm-gaul2-18003-4271537358-4271535400-0","regionId":"gaul2-18003","province":"Jambi","region":"Kota Jambi","roadName":"Unnamed OSM road","highway":"tertiary","lengthMeters":251.136,"osmWayIds":["1101369754"],"u":"4271537358","v":"4271535400","key":0,"oneway":false,"source":"OpenStreetMap"},"geometry":{"type":"LineString","coordinates":[[103.5801819,-1.604292],[103.5796809,-1.6041323],[103.5794838,-1.6040625],[103.5790171,-1.6039137],[103.5786402,-1.6037877],[103.5780137,-1.6036717]]}},{"type":"Feature","properties":{"segmentId":"osm-gaul2-18003-4271537358-5723003702-0","regionId":"gaul2-18003","province":"Jambi","region":"Kota Jambi","roadName":"Unnamed OSM road","highway":"secondary","lengthMeters":728.022,"osmWayIds":["1020171586","1101369753"],"u":"4271537358","v":"5723003702","key":0,"oneway":false,"source":"OpenStreetMap"},"geometry":{"type":"LineString","coordinates":[[103.5801819,-1.604292],[103.5803834,-1.6037557],[103.5805278,-1.6033004],[103.5806563,-1.6028315],[103.5807156,-1.6025488],[103.5807338,-1.6023866],[103.5807521,-1.6021664],[103.580754,-1.6018992],[103.5807411,-1.6017294],[103.5807719,-1.6016101],[103.5808346,-1.6014347],[103.5808796,-1.6012102],[103.5808943,-1.601015],[103.5808519,-1.6009438],[103.5808173,-1.6008989],[103.5807756,-1.6008468],[103.5806057,-1.6007649],[103.5803577,-1.6007175],[103.5800636,-1.6006956],[103.5799157,-1.6006645],[103.5796973,-1.6005848],[103.5795077,-1.6004656],[103.5793273,-1.6003334],[103.5787115,-1.5998139],[103.5785879,-1.5997463],[103.578461,-1.599734],[103.578275,-1.5997572],[103.5781483,-1.5997935]]}},{"type":"Feature","properties":{"segmentId":"osm-gaul2-18003-4271537358-6178462356-0","regionId":"gaul2-18003","province":"Jambi","region":"Kota Jambi","roadName":"Unnamed OSM road","highway":"tertiary","lengthMeters":623.805,"osmWayIds":["427998623"],"u":"4271537358","v":"6178462356","key":0,"oneway":false,"source":"OpenStreetMap"},"geometry":{"type":"LineString","coordinates":[[103.5801819,-1.604292],[103.580125,-1.6044291],[103.5800339,-1.6046569],[103.5798652,-1.6050885],[103.5798177,-1.6052396],[103.5797252,-1.6055897],[103.5797172,-1.6057663],[103.5797735,-1.6062169],[103.5798258,-1.6064528],[103.5799062,-1.6067799],[103.5801889,-1.6076471],[103.5802166,-1.6077226],[103.5804897,-1.6085214],[103.5807713,-1.6094322],[103.5808183,-1.6096605]]}},{"type":"Feature","properties":{"segmentId":"osm-gaul2-18003-4271540240-4271540274-0","regionId":"gaul2-18003","province":"Jambi","region":"Kota Jambi","roadName":"Jalan Kyai Haji A Majid","highway":"secondary","lengthMeters":2422.028,"osmWayIds":["427999032","602562392","602562395"],"u":"4271540240","v":"4271540274","key":0,"oneway":false,"source":"OpenStreetMap"},"geometry":{"type":"LineString","coordinates":[[103.5736245,-1.595271],[103.5737264,-1.594468],[103.5738594,-1.5937145],[103.5738813,-1.5935986],[103.5739446,-1.5931452],[103.5739376,-1.5930691],[103.5739061,-1.5929893],[103.5738659,-1.5929317],[103.5738076,-1.5928754],[103.5736996,-1.5927963],[103.5734434,-1.5926274],[103.5733308,-1.5925402],[103.5732624,-1.5924531],[103.5732208,-1.5923378],[103.5731886,-1.592185],[103.5731095,-1.5919289],[103.57308,-1.5918673],[103.5730371,-1.5917815],[103.5729472,-1.5916715],[103.5725449,-1.5912037],[103.572396,-1.5910066],[103.5723182,-1.5909047],[103.5719401,-1.5903537],[103.571869,-1.5902639],[103.5717764,-1.5901594],[103.5711005,-1.5894958],[103.5708511,-1.589233],[103.570658,-1.5889542],[103.5705534,-1.5887423],[103.5704926,-1.5885161],[103.5702286,-1.58739],[103.5701811,-1.5870861],[103.5701768,-1.586868],[103.5701829,-1.5866966],[103.5702332,-1.5864966],[103.570328,-1.586157],[103.5703194,-1.5860021],[103.5702985,-1.5858543],[103.5702628,-1.5856787],[103.5701922,-1.5854422],[103.5699606,-1.5848654],[103.5698734,-1.5846924],[103.5698,-1.5845889],[103.5694966,-1.5842514],[103.5689961,-1.5836512],[103.5686088,-1.5831869],[103.5684866,-1.5830027],[103.5682869,-1.5827016],[103.5680267,-1.5821815],[103.5679688,-1.5820456],[103.5670719,-1.57994],[103.5665193,-1.5784922],[103.5657308,-1.5768259],[103.5656831,-1.5767741],[103.5656199,-1.5767477],[103.565555,-1.5767486],[103.5654951,-1.5767896],[103.5653688,-1.5769636],[103.5653193,-1.5770091],[103.5652644,-1.5770261],[103.5652168,-1.5770128],[103.5651829,-1.5769807],[103.5651191,-1.5768933]]}},{"type":"Feature","properties":{"segmentId":"osm-gaul2-18003-4271540240-4272176888-0","regionId":"gaul2-18003","province":"Jambi","region":"Kota Jambi","roadName":"Jalan Dr. Tazar","highway":"tertiary","lengthMeters":1243.351,"osmWayIds":["601141247","658671703"],"u":"4271540240","v":"4272176888","key":0,"oneway":false,"source":"OpenStreetMap"},"geometry":{"type":"LineString","coordinates":[[103.5736245,-1.595271],[103.573308,-1.5951591],[103.5731826,-1.5951081],[103.5731028,-1.5950813],[103.5730243,-1.595076],[103.5729224,-1.5950786],[103.5727427,-1.5951021],[103.5725147,-1.5951356],[103.5721949,-1.5951959],[103.5720178,-1.5952589],[103.571818,-1.5953742],[103.5717278,-1.5954185],[103.5715639,-1.5954989],[103.571417,-1.5955378],[103.5713419,-1.5955525],[103.5709825,-1.5955767],[103.5706526,-1.5955773],[103.5703522,-1.5955673],[103.5700437,-1.5955391],[103.5689051,-1.5954111],[103.5686819,-1.5953816],[103.568529,-1.5953655],[103.5678142,-1.5952791],[103.5676458,-1.595269],[103.5675406,-1.5952797],[103.5674313,-1.5952992],[103.5673562,-1.5953347],[103.5673096,-1.5954182],[103.5672493,-1.5955268],[103.5672037,-1.5957078],[103.5671447,-1.5959786],[103.5670991,-1.5964075],[103.567081,-1.5967762],[103.5671004,-1.5969129],[103.5673466,-1.5974673],[103.5674679,-1.597779],[103.5675169,-1.597881],[103.5675303,-1.5979994],[103.5675178,-1.5982036],[103.5674843,-1.5983974],[103.5674196,-1.5986141],[103.56725,-1.5989681],[103.5671272,-1.5992013],[103.5670181,-1.5993651],[103.5667473,-1.5997754]]}},{"type":"Feature","properties":{"segmentId":"osm-gaul2-18003-4271540240-5723003702-0","regionId":"gaul2-18003","province":"Jambi","region":"Kota Jambi","roadName":"Jalan Siwabessy","highway":"secondary","lengthMeters":842.098,"osmWayIds":["602562395","816055973","816055974"],"u":"4271540240","v":"5723003702","key":0,"oneway":false,"source":"OpenStreetMap"},"geometry":{"type":"LineString","coordinates":[[103.5736245,-1.595271],[103.5734837,-1.5960124],[103.5734662,-1.5961491],[103.5734637,-1.5962389],[103.5734626,-1.5962792],[103.5735138,-1.596556],[103.5735926,-1.5970613],[103.5736419,-1.5973972],[103.5736721,-1.5975708],[103.5737074,-1.5977003],[103.573758,-1.5978203],[103.5738384,-1.5978516],[103.5742441,-1.5978665],[103.5743442,-1.5978707],[103.5744432,-1.5978748],[103.5746221,-1.5978821],[103.5750579,-1.5979003],[103.5752067,-1.5979159],[103.5753972,-1.5979505],[103.5755248,-1.5979847],[103.5755785,-1.5979991],[103.575785,-1.5980903],[103.5760774,-1.5982672],[103.5765333,-1.5985782],[103.5767895,-1.5987659],[103.5771154,-1.5990354],[103.5774547,-1.5992928],[103.5777122,-1.5994885],[103.5781483,-1.5997935]]}},{"type":"Feature","properties":{"segmentId":"osm-gaul2-18003-4271540274-4271540240-0","regionId":"gaul2-18003","province":"Jambi","region":"Kota Jambi","roadName":"Jalan Kyai Haji A Majid","highway":"secondary","lengthMeters":2422.028,"osmWayIds":["427999032","602562392","602562395"],"u":"4271540274","v":"4271540240","key":0,"oneway":false,"source":"OpenStreetMap"},"geometry":{"type":"LineString","coordinates":[[103.5651191,-1.5768933],[103.5651829,-1.5769807],[103.5652168,-1.5770128],[103.5652644,-1.5770261],[103.5653193,-1.5770091],[103.5653688,-1.5769636],[103.5654951,-1.5767896],[103.565555,-1.5767486],[103.5656199,-1.5767477],[103.5656831,-1.5767741],[103.5657308,-1.5768259],[103.5665193,-1.5784922],[103.5670719,-1.57994],[103.5679688,-1.5820456],[103.5680267,-1.5821815],[103.5682869,-1.5827016],[103.5684866,-1.5830027],[103.5686088,-1.5831869],[103.5689961,-1.5836512],[103.5694966,-1.5842514],[103.5698,-1.5845889],[103.5698734,-1.5846924],[103.5699606,-1.5848654],[103.5701922,-1.5854422],[103.5702628,-1.5856787],[103.5702985,-1.5858543],[103.5703194,-1.5860021],[103.570328,-1.586157],[103.5702332,-1.5864966],[103.5701829,-1.5866966],[103.5701768,-1.586868],[103.5701811,-1.5870861],[103.5702286,-1.58739],[103.5704926,-1.5885161],[103.5705534,-1.5887423],[103.570658,-1.5889542],[103.5708511,-1.589233],[103.5711005,-1.5894958],[103.5717764,-1.5901594],[103.571869,-1.5902639],[103.5719401,-1.5903537],[103.5723182,-1.5909047],[103.572396,-1.5910066],[103.5725449,-1.5912037],[103.5729472,-1.5916715],[103.5730371,-1.5917815],[103.57308,-1.5918673],[103.5731095,-1.5919289],[103.5731886,-1.592185],[103.5732208,-1.5923378],[103.5732624,-1.5924531],[103.5733308,-1.5925402],[103.5734434,-1.5926274],[103.5736996,-1.5927963],[103.5738076,-1.5928754],[103.5738659,-1.5929317],[103.5739061,-1.5929893],[103.5739376,-1.5930691],[103.5739446,-1.5931452],[103.5738813,-1.5935986],[103.5738594,-1.5937145],[103.5737264,-1.594468],[103.5736245,-1.595271]]}},{"type":"Feature","properties":{"segmentId":"osm-gaul2-18003-4271540274-5126812678-0","regionId":"gaul2-18003","province":"Jambi","region":"Kota Jambi","roadName":"Jalan Lintas Timur Riau-Jambi","highway":"trunk","lengthMeters":644.288,"osmWayIds":["337335831","544980764","973401007"],"u":"4271540274","v":"5126812678","key":0,"oneway":false,"source":"OpenStreetMap"},"geometry":{"type":"LineString","coordinates":[[103.5651191,-1.5768933],[103.5657737,-1.57649],[103.5696866,-1.5740449],[103.5697836,-1.5739831],[103.5698553,-1.5739268],[103.5699109,-1.5738812],[103.5699566,-1.5738316],[103.5699956,-1.5737767]]}},{"type":"Feature","properties":{"segmentId":"osm-gaul2-18003-4271725387-4271726093-0","regionId":"gaul2-18003","province":"Jambi","region":"Kota Jambi","roadName":"Jalan Jenderal Abdul Thalib","highway":"tertiary","lengthMeters":372.815,"osmWayIds":["428018685","899818854"],"u":"4271725387","v":"4271726093","key":0,"oneway":false,"source":"OpenStreetMap"},"geometry":{"type":"LineString","coordinates":[[103.5719229,-1.6088126],[103.571718,-1.6086959],[103.5714197,-1.6085159],[103.5712979,-1.6084498],[103.5712045,-1.6083991],[103.5710555,-1.6083182],[103.5706954,-1.6081028],[103.5706104,-1.6080632],[103.570574,-1.6080523],[103.5704632,-1.6080193],[103.5697407,-1.6078927],[103.5697127,-1.6078856],[103.5689361,-1.6077989],[103.5687932,-1.6078207]]}},{"type":"Feature","properties":{"segmentId":"osm-gaul2-18003-4271725387-6167840528-0","regionId":"gaul2-18003","province":"Jambi","region":"Kota Jambi","roadName":"Jalan Jenderal Abdul Thalib","highway":"tertiary","lengthMeters":747.51,"osmWayIds":["428018685"],"u":"4271725387","v":"6167840528","key":0,"oneway":false,"source":"OpenStreetMap"},"geometry":{"type":"LineString","coordinates":[[103.5719229,-1.6088126],[103.5724234,-1.6087581],[103.5725286,-1.6087432],[103.5729895,-1.608646],[103.5732803,-1.6085641],[103.5734873,-1.6085108],[103.5737137,-1.6084804],[103.5739543,-1.6084548],[103.5743415,-1.6084495],[103.5745941,-1.6084828],[103.5746817,-1.6085092],[103.5748044,-1.6085463],[103.5748695,-1.6085636],[103.5753697,-1.6087174],[103.5755269,-1.608764],[103.5755776,-1.6087866],[103.5757031,-1.6088423],[103.575946,-1.6089965],[103.5761245,-1.6091237],[103.5762403,-1.6092146],[103.5763867,-1.6093221],[103.5765834,-1.60948],[103.5766876,-1.6095284],[103.5768068,-1.6095656],[103.576967,-1.6095892],[103.5773662,-1.6097214],[103.5776552,-1.6098054],[103.577839,-1.6098628],[103.5780202,-1.6099144],[103.5782307,-1.6099462],[103.5782707,-1.6099639]]}},{"type":"Feature","properties":{"segmentId":"osm-gaul2-18003-4271725387-6167840530-0","regionId":"gaul2-18003","province":"Jambi","region":"Kota Jambi","roadName":"Unnamed OSM road","highway":"tertiary","lengthMeters":1110.726,"osmWayIds":["527325056"],"u":"4271725387","v":"6167840530","key":0,"oneway":false,"source":"OpenStreetMap"},"geometry":{"type":"LineString","coordinates":[[103.5719229,-1.6088126],[103.5717563,-1.6089329],[103.5715724,-1.609058],[103.5715246,-1.6091338],[103.5715073,-1.6092084],[103.5715341,-1.6095086],[103.5715577,-1.6097031],[103.5716057,-1.6100101],[103.5718857,-1.6106322],[103.5718993,-1.6107002],[103.5718937,-1.6107982],[103.5719063,-1.6109969],[103.5719437,-1.6112916],[103.5721423,-1.6125248],[103.5721624,-1.6129267],[103.5722947,-1.6141949],[103.5723163,-1.614382],[103.5723482,-1.614483],[103.5723862,-1.6145575],[103.5724471,-1.6146481],[103.5726918,-1.6149697],[103.5727448,-1.6150383],[103.5727968,-1.6151138],[103.5728254,-1.6151725],[103.5729083,-1.6153425],[103.5729682,-1.6154088],[103.5730402,-1.6154655],[103.5731303,-1.6154938],[103.5732128,-1.6155124],[103.5735012,-1.6155469],[103.5736354,-1.615559],[103.5738632,-1.6155676],[103.5747202,-1.6155191],[103.5758405,-1.6155289]]}},{"type":"Feature","properties":{"segmentId":"osm-gaul2-18003-4271726093-4271725387-0","regionId":"gaul2-18003","province":"Jambi","region":"Kota Jambi","roadName":"Jalan Jenderal Abdul Thalib","highway":"tertiary","lengthMeters":372.815,"osmWayIds":["428018685","899818854"],"u":"4271726093","v":"4271725387","key":0,"oneway":false,"source":"OpenStreetMap"},"geometry":{"type":"LineString","coordinates":[[103.5687932,-1.6078207],[103.5689361,-1.6077989],[103.5697127,-1.6078856],[103.5697407,-1.6078927],[103.5704632,-1.6080193],[103.570574,-1.6080523],[103.5706104,-1.6080632],[103.5706954,-1.6081028],[103.5710555,-1.6083182],[103.5712045,-1.6083991],[103.5712979,-1.6084498],[103.5714197,-1.6085159],[103.571718,-1.6086959],[103.5719229,-1.6088126]]}},{"type":"Feature","properties":{"segmentId":"osm-gaul2-18003-4271726093-5722942519-0","regionId":"gaul2-18003","province":"Jambi","region":"Kota Jambi","roadName":"Unnamed OSM road","highway":"tertiary","lengthMeters":728.115,"osmWayIds":["602562282","658660868"],"u":"4271726093","v":"5722942519","key":0,"oneway":false,"source":"OpenStreetMap"},"geometry":{"type":"LineString","coordinates":[[103.5687932,-1.6078207],[103.5683945,-1.6077947],[103.568002,-1.6077982],[103.5678805,-1.60778],[103.5676346,-1.6076411],[103.567424,-1.6074423],[103.5671265,-1.6071395],[103.5670028,-1.6070136],[103.5668511,-1.6068461],[103.5667531,-1.6067356],[103.5666654,-1.6066969],[103.5665846,-1.6066889],[103.5665105,-1.606706],[103.5664254,-1.6067142],[103.5663517,-1.6066995],[103.5662954,-1.6066673],[103.5662363,-1.6066123],[103.5660808,-1.6064541],[103.5659695,-1.6063831],[103.5658407,-1.6063174],[103.5656476,-1.6062611],[103.5655403,-1.6062463],[103.5654652,-1.6062571],[103.5653914,-1.6062812],[103.5653418,-1.6063094],[103.5652238,-1.6063777],[103.5647759,-1.6066539],[103.5640275,-1.6070727],[103.5639876,-1.6071582],[103.5639751,-1.6072481],[103.5639797,-1.6073552],[103.5640503,-1.6076456],[103.5640902,-1.6079737],[103.5640651,-1.6080374]]}},{"type":"Feature","properties":{"segmentId":"osm-gaul2-18003-4271726093-5722942519-1","regionId":"gaul2-18003","province":"Jambi","region":"Kota Jambi","roadName":"Unnamed OSM road","highway":"tertiary","lengthMeters":960.593,"osmWayIds":["602562299","602562311","602562321","602562323"],"u":"4271726093","v":"5722942519","key":1,"oneway":false,"source":"OpenStreetMap"},"geometry":{"type":"LineString","coordinates":[[103.5687932,-1.6078207],[103.5686622,-1.6085561],[103.5686175,-1.6086895],[103.5682564,-1.6097684],[103.5680875,-1.6100976],[103.5681367,-1.6102506],[103.5681233,-1.6102989],[103.5680911,-1.6103496],[103.5674573,-1.6111715],[103.5669243,-1.6107815],[103.566598,-1.6105879],[103.5663066,-1.6104163],[103.5660097,-1.6102389],[103.5654386,-1.6099177],[103.5648203,-1.6095338],[103.5647464,-1.6094731],[103.5646808,-1.6094266],[103.5643172,-1.6091433],[103.5642579,-1.6090686],[103.5642356,-1.608998],[103.5642257,-1.6087624],[103.5642352,-1.6084545],[103.5642185,-1.6082941],[103.5641494,-1.6080882],[103.5641013,-1.6080481],[103.5640651,-1.6080374]]}},{"type":"Feature","properties":{"segmentId":"osm-gaul2-18003-4272171549-4271535400-0","regionId":"gaul2-18003","province":"Jambi","region":"Kota Jambi","roadName":"Unnamed OSM road","highway":"tertiary","lengthMeters":287.31,"osmWayIds":["1018426694","659966244","659966245"],"u":"4272171549","v":"4271535400","key":0,"oneway":false,"source":"OpenStreetMap"},"geometry":{"type":"LineString","coordinates":[[103.5754578,-1.6032917],[103.5760556,-1.6033875],[103.5762476,-1.6034183],[103.5764844,-1.6034485],[103.5768143,-1.6035069],[103.577139,-1.6035431],[103.5773748,-1.6035693],[103.5774681,-1.6035799],[103.5775177,-1.6035876],[103.5776698,-1.6036098],[103.5780137,-1.6036717]]}},{"type":"Feature","properties":{"segmentId":"osm-gaul2-18003-4272171549-4272171552-0","regionId":"gaul2-18003","province":"Jambi","region":"Kota Jambi","roadName":"Unnamed OSM road","highway":"tertiary","lengthMeters":250.953,"osmWayIds":["428069251"],"u":"4272171549","v":"4272171552","key":0,"oneway":true,"source":"OpenStreetMap"},"geometry":{"type":"LineString","coordinates":[[103.5754578,-1.6032917],[103.5752968,-1.6038594],[103.5745302,-1.6036347],[103.5747906,-1.6028064]]}},{"type":"Feature","properties":{"segmentId":"osm-gaul2-18003-4272171552-4272171549-0","regionId":"gaul2-18003","province":"Jambi","region":"Kota Jambi","roadName":"Unnamed OSM road","highway":"tertiary","lengthMeters":242.003,"osmWayIds":["1018426693","428069228"],"u":"4272171552","v":"4272171549","key":0,"oneway":true,"source":"OpenStreetMap"},"geometry":{"type":"LineString","coordinates":[[103.5747906,-1.6028064],[103.5749508,-1.6022467],[103.575499,-1.602419],[103.5756455,-1.6024612],[103.575661,-1.6024827],[103.5756717,-1.6025135],[103.575671,-1.6025484],[103.5756636,-1.6025852],[103.5754578,-1.6032917]]}},{"type":"Feature","properties":{"segmentId":"osm-gaul2-18003-4272171552-4272176886-0","regionId":"gaul2-18003","province":"Jambi","region":"Kota Jambi","roadName":"Jalan Depati Parbo","highway":"tertiary","lengthMeters":717.925,"osmWayIds":["1018426695","1469020954"],"u":"4272171552","v":"4272176886","key":0,"oneway":false,"source":"OpenStreetMap"},"geometry":{"type":"LineString","coordinates":[[103.5747906,-1.6028064],[103.5728037,-1.602175],[103.5720406,-1.6019391],[103.5718462,-1.6018854],[103.5708484,-1.6015704],[103.5707944,-1.601553],[103.570542,-1.6014558],[103.5702094,-1.6013204],[103.5700504,-1.601254],[103.5697058,-1.6011072],[103.5691613,-1.6008049],[103.5687321,-1.6006106]]}},{"type":"Feature","properties":{"segmentId":"osm-gaul2-18003-4272176886-4272171552-0","regionId":"gaul2-18003","province":"Jambi","region":"Kota Jambi","roadName":"Jalan Depati Parbo","highway":"tertiary","lengthMeters":717.925,"osmWayIds":["1018426695","1469020954"],"u":"4272176886","v":"4272171552","key":0,"oneway":false,"source":"OpenStreetMap"},"geometry":{"type":"LineString","coordinates":[[103.5687321,-1.6006106],[103.5691613,-1.6008049],[103.5697058,-1.6011072],[103.5700504,-1.601254],[103.5702094,-1.6013204],[103.570542,-1.6014558],[103.5707944,-1.601553],[103.5708484,-1.6015704],[103.5718462,-1.6018854],[103.5720406,-1.6019391],[103.5728037,-1.602175],[103.5747906,-1.6028064]]}},{"type":"Feature","properties":{"segmentId":"osm-gaul2-18003-4272176886-4272176888-0","regionId":"gaul2-18003","province":"Jambi","region":"Kota Jambi","roadName":"Jalan Depati Parbo","highway":"tertiary","lengthMeters":239.627,"osmWayIds":["1469020954"],"u":"4272176886","v":"4272176888","key":0,"oneway":false,"source":"OpenStreetMap"},"geometry":{"type":"LineString","coordinates":[[103.5687321,-1.6006106],[103.5681347,-1.6003109],[103.5675037,-1.6000542],[103.5667473,-1.5997754]]}},{"type":"Feature","properties":{"segmentId":"osm-gaul2-18003-4272176886-5722942169-0","regionId":"gaul2-18003","province":"Jambi","region":"Kota Jambi","roadName":"Jalan Yulius Usman","highway":"tertiary","lengthMeters":1704.102,"osmWayIds":["602562294","602562315","602562323"],"u":"4272176886","v":"5722942169","key":0,"oneway":false,"source":"OpenStreetMap"},"geometry":{"type":"LineString","coordinates":[[103.5687321,-1.6006106],[103.5684821,-1.601246],[103.5683701,-1.6014967],[103.5683326,-1.6015584],[103.5682628,-1.6016146],[103.5681877,-1.6016642],[103.5680576,-1.6017259],[103.5677491,-1.6018318],[103.5673401,-1.6019645],[103.5672033,-1.6020275],[103.5671188,-1.6020946],[103.5670477,-1.6021616],[103.566982,-1.6022756],[103.5668761,-1.6025571],[103.5667151,-1.6030156],[103.5666548,-1.6031778],[103.5665656,-1.6033151],[103.5663034,-1.6035907],[103.5661706,-1.6037113],[103.5656954,-1.604089],[103.5648724,-1.6046725],[103.5647893,-1.604694],[103.5647008,-1.604698],[103.5645915,-1.6046933],[103.5645368,-1.6046893],[103.5644379,-1.6046886],[103.5643306,-1.604696],[103.5640557,-1.6047509],[103.5639907,-1.6047573],[103.5639209,-1.6047563],[103.5637399,-1.6047442],[103.5634502,-1.6047342],[103.5632598,-1.6047529],[103.5629855,-1.6048113],[103.5628889,-1.6048166],[103.5628011,-1.6048173],[103.562728,-1.6048139],[103.5626616,-1.6048032],[103.5625557,-1.6047784],[103.5622305,-1.6046296],[103.5620467,-1.6045586],[103.5615854,-1.6044419],[103.5612421,-1.6044048],[103.5603465,-1.604408],[103.5603533,-1.6048051],[103.5603696,-1.6049963],[103.5603679,-1.6051512],[103.5603867,-1.6053901],[103.5604049,-1.6055209],[103.5604287,-1.6055915],[103.5604669,-1.6056632],[103.5605943,-1.6058469],[103.5607836,-1.6060829],[103.5610503,-1.6063724],[103.5611428,-1.6064769],[103.56123,-1.6065912],[103.5614044,-1.607165],[103.5618945,-1.6079652],[103.5619542,-1.6080427],[103.5620253,-1.608099],[103.5621118,-1.6081247],[103.5626357,-1.6082197]]}},{"type":"Feature","properties":{"segmentId":"osm-gaul2-18003-4272176888-4271540240-0","regionId":"gaul2-18003","province":"Jambi","region":"Kota Jambi","roadName":"Jalan Dr. Tazar","highway":"tertiary","lengthMeters":1243.351,"osmWayIds":["601141247","658671703"],"u":"4272176888","v":"4271540240","key":0,"oneway":false,"source":"OpenStreetMap"},"geometry":{"type":"LineString","coordinates":[[103.5667473,-1.5997754],[103.5670181,-1.5993651],[103.5671272,-1.5992013],[103.56725,-1.5989681],[103.5674196,-1.5986141],[103.5674843,-1.5983974],[103.5675178,-1.5982036],[103.5675303,-1.5979994],[103.5675169,-1.597881],[103.5674679,-1.597779],[103.5673466,-1.5974673],[103.5671004,-1.5969129],[103.567081,-1.5967762],[103.5670991,-1.5964075],[103.5671447,-1.5959786],[103.5672037,-1.5957078],[103.5672493,-1.5955268],[103.5673096,-1.5954182],[103.5673562,-1.5953347],[103.5674313,-1.5952992],[103.5675406,-1.5952797],[103.5676458,-1.595269],[103.5678142,-1.5952791],[103.568529,-1.5953655],[103.5686819,-1.5953816],[103.5689051,-1.5954111],[103.5700437,-1.5955391],[103.5703522,-1.5955673],[103.5706526,-1.5955773],[103.5709825,-1.5955767],[103.5713419,-1.5955525],[103.571417,-1.5955378],[103.5715639,-1.5954989],[103.5717278,-1.5954185],[103.571818,-1.5953742],[103.5720178,-1.5952589],[103.5721949,-1.5951959],[103.5725147,-1.5951356],[103.5727427,-1.5951021],[103.5729224,-1.5950786],[103.5730243,-1.595076],[103.5731028,-1.5950813],[103.5731826,-1.5951081],[103.573308,-1.5951591],[103.5736245,-1.595271]]}},{"type":"Feature","properties":{"segmentId":"osm-gaul2-18003-4272176888-4272176886-0","regionId":"gaul2-18003","province":"Jambi","region":"Kota Jambi","roadName":"Jalan Depati Parbo","highway":"tertiary","lengthMeters":239.627,"osmWayIds":["1469020954"],"u":"4272176888","v":"4272176886","key":0,"oneway":false,"source":"OpenStreetMap"},"geometry":{"type":"LineString","coordinates":[[103.5667473,-1.5997754],[103.5675037,-1.6000542],[103.5681347,-1.6003109],[103.5687321,-1.6006106]]}},{"type":"Feature","properties":{"segmentId":"osm-gaul2-18003-4272176888-5356186176-0","regionId":"gaul2-18003","province":"Jambi","region":"Kota Jambi","roadName":"Jalan Depati Parbo","highway":"tertiary","lengthMeters":2154.734,"osmWayIds":["428069890","602562403","602562404"],"u":"4272176888","v":"5356186176","key":0,"oneway":false,"source":"OpenStreetMap"},"geometry":{"type":"LineString","coordinates":[[103.5667473,-1.5997754],[103.5664938,-1.5996869],[103.5662511,-1.599593],[103.5651138,-1.5992438],[103.5645412,-1.5990166],[103.5643829,-1.5988919],[103.5641697,-1.5987458],[103.5641168,-1.59872],[103.563931,-1.5986292],[103.5637768,-1.5985715],[103.5636105,-1.5985273],[103.5632779,-1.5985072],[103.5626556,-1.5986044],[103.5625952,-1.598599],[103.5624906,-1.5985836],[103.5623512,-1.5985166],[103.5621849,-1.598408],[103.5618871,-1.5981587],[103.5616434,-1.5979634],[103.5612652,-1.5976815],[103.5611372,-1.5975869],[103.5609557,-1.5974689],[103.5608716,-1.5974241],[103.5607866,-1.597408],[103.560701,-1.597424],[103.560634,-1.5974852],[103.5605833,-1.5975434],[103.5604062,-1.5978196],[103.5603589,-1.5979527],[103.5603529,-1.5979696],[103.5603215,-1.5981282],[103.5602466,-1.5987375],[103.5600879,-1.5995086],[103.5600686,-1.5995636],[103.5600391,-1.5996132],[103.5600066,-1.5996252],[103.5599747,-1.5996319],[103.5599142,-1.5996366],[103.5590666,-1.59951],[103.5585379,-1.5994662],[103.5584177,-1.5994562],[103.5578827,-1.5993901],[103.5575698,-1.5993251],[103.5574693,-1.5993342],[103.5573848,-1.5993599],[103.5573328,-1.5993813],[103.5572042,-1.5994384],[103.5571262,-1.599459],[103.5570652,-1.599459],[103.5569395,-1.5994484],[103.5567246,-1.5993991],[103.5561098,-1.5991817],[103.5559602,-1.5991574],[103.55579,-1.5991461],[103.5557314,-1.5991661],[103.5556862,-1.5991934],[103.5556348,-1.5992327],[103.5556168,-1.5992542],[103.5556068,-1.59928],[103.5555997,-1.5993466],[103.5555876,-1.5994707],[103.555593,-1.599693],[103.5556133,-1.6000158],[103.5556146,-1.6002689],[103.5555971,-1.6003788],[103.5555633,-1.6004762],[103.555467,-1.6007542],[103.5553611,-1.6010319],[103.5552873,-1.6012475],[103.5552093,-1.6015196],[103.5551639,-1.6017274],[103.5551524,-1.601998],[103.5551438,-1.6022033],[103.5551383,-1.6024124],[103.5551685,-1.6025658],[103.5551987,-1.6027167],[103.5552246,-1.6028345],[103.5552673,-1.6029744],[103.5553583,-1.6032597],[103.5554371,-1.6035021],[103.5554576,-1.6036163],[103.5554736,-1.6038017],[103.5554751,-1.604005],[103.5554697,-1.6042933],[103.5554626,-1.6045866],[103.5554657,-1.6049354]]}},{"type":"Feature","properties":{"segmentId":"osm-gaul2-18003-4636656304-3506251645-0","regionId":"gaul2-18003","province":"Jambi","region":"Kota Jambi","roadName":"Jalan Kapten Pattimura","highway":"primary","lengthMeters":121.259,"osmWayIds":["1019899632"],"u":"4636656304","v":"3506251645","key":0,"oneway":true,"source":"OpenStreetMap"},"geometry":{"type":"LineString","coordinates":[[103.58918,-1.6202575],[103.5886663,-1.6205855],[103.5884285,-1.6207361],[103.5882561,-1.6208372]]}},{"type":"Feature","properties":{"segmentId":"osm-gaul2-18003-4636656304-5415633831-0","regionId":"gaul2-18003","province":"Jambi","region":"Kota Jambi","roadName":"Unnamed OSM road","highway":"primary_link","lengthMeters":10.149,"osmWayIds":["654428195"],"u":"4636656304","v":"5415633831","key":0,"oneway":false,"source":"OpenStreetMap"},"geometry":{"type":"LineString","coordinates":[[103.58918,-1.6202575],[103.5891563,-1.6202159],[103.5891348,-1.6201782]]}},{"type":"Feature","properties":{"segmentId":"osm-gaul2-18003-4636656329-3506251636-0","regionId":"gaul2-18003","province":"Jambi","region":"Kota Jambi","roadName":"Jalan Sunan Kalijaga","highway":"tertiary","lengthMeters":1681.452,"osmWayIds":["469304288","602562227","654222222"],"u":"4636656329","v":"3506251636","key":0,"oneway":false,"source":"OpenStreetMap"},"geometry":{"type":"LineString","coordinates":[[103.5918379,-1.6207352],[103.5918944,-1.6209254],[103.592068,-1.6213476],[103.592197,-1.6216595],[103.5922972,-1.6219811],[103.5923107,-1.6221148],[103.5923041,-1.6223274],[103.5922576,-1.6228839],[103.5922547,-1.6229982],[103.5922612,-1.6231799],[103.5922786,-1.6233603],[103.59227,-1.6234293],[103.5922645,-1.6235062],[103.5922622,-1.6238229],[103.5922542,-1.624029],[103.5922166,-1.6242807],[103.5921768,-1.624496],[103.5921156,-1.624816],[103.5921095,-1.624865],[103.5920368,-1.6252294],[103.592002,-1.6256979],[103.5919979,-1.6257602],[103.5919575,-1.6261695],[103.5919011,-1.6266396],[103.5918738,-1.6268663],[103.5917234,-1.6278993],[103.5917143,-1.6280189],[103.5916961,-1.6282114],[103.5916767,-1.6283971],[103.591638,-1.628691],[103.5915532,-1.6291765],[103.5914996,-1.6294623],[103.5914341,-1.6300281],[103.5913437,-1.6304391],[103.5912872,-1.6306762],[103.5912382,-1.6310224],[103.591195,-1.6313551],[103.5911175,-1.6318187],[103.5910685,-1.6319644],[103.591035,-1.6320131],[103.5909466,-1.6320291],[103.590439,-1.6320016],[103.5902657,-1.6320017],[103.5900865,-1.6319986],[103.5898703,-1.63196],[103.5896459,-1.6319092],[103.5889802,-1.6317668],[103.5886297,-1.6317007],[103.5883995,-1.6316793],[103.5880441,-1.6316726],[103.587557,-1.6317176],[103.5874209,-1.6317146]]}},{"type":"Feature","properties":{"segmentId":"osm-gaul2-18003-4636656329-6130546659-0","regionId":"gaul2-18003","province":"Jambi","region":"Kota Jambi","roadName":"Jalan Sunan Kalijaga","highway":"tertiary","lengthMeters":12.166,"osmWayIds":["601384558"],"u":"4636656329","v":"6130546659","key":0,"oneway":false,"source":"OpenStreetMap"},"geometry":{"type":"LineString","coordinates":[[103.5918379,-1.6207352],[103.5917978,-1.6206334]]}},{"type":"Feature","properties":{"segmentId":"osm-gaul2-18003-4636656329-6133943277-0","regionId":"gaul2-18003","province":"Jambi","region":"Kota Jambi","roadName":"Jalan Sunan Giri","highway":"tertiary","lengthMeters":1465.222,"osmWayIds":["601384598"],"u":"4636656329","v":"6133943277","key":0,"oneway":false,"source":"OpenStreetMap"},"geometry":{"type":"LineString","coordinates":[[103.5918379,-1.6207352],[103.5919098,-1.6207637],[103.5921948,-1.6207929],[103.5923202,-1.6207909],[103.5926172,-1.6207507],[103.5927594,-1.6207433],[103.592898,-1.6207538],[103.5930417,-1.6207902],[103.5931818,-1.6208378],[103.5933075,-1.6208924],[103.5940388,-1.6210263],[103.59527,-1.6213338],[103.5953576,-1.621382],[103.5955187,-1.6215245],[103.5956445,-1.6216365],[103.5958298,-1.62184],[103.5960899,-1.6221611],[103.5962999,-1.6225142],[103.5964474,-1.6226804],[103.5965762,-1.6228011],[103.5966548,-1.6228946],[103.5967239,-1.6229991],[103.5967957,-1.6231379],[103.5968612,-1.6232979],[103.5969275,-1.6235142],[103.5969583,-1.6236725],[103.5969687,-1.6238191],[103.5969635,-1.6239229],[103.5969228,-1.6241408],[103.5969105,-1.6242785],[103.5969188,-1.6244164],[103.5969356,-1.6245958],[103.59697,-1.6247538],[103.596993,-1.6248445],[103.5970385,-1.6249065],[103.597105,-1.6249547],[103.5972221,-1.6249888],[103.5974254,-1.6250293],[103.5977144,-1.6250703],[103.5980809,-1.625076],[103.5983855,-1.6251116],[103.5989634,-1.625208],[103.5991166,-1.6252335],[103.5999154,-1.6252015],[103.6003925,-1.6252374],[103.6008126,-1.6253049],[103.6010644,-1.62534],[103.6012048,-1.6253396],[103.6014344,-1.6253355],[103.6015769,-1.6253395],[103.6016939,-1.6253542],[103.6024336,-1.6254905]]}},{"type":"Feature","properties":{"segmentId":"osm-gaul2-18003-4636656337-2853572931-0","regionId":"gaul2-18003","province":"Jambi","region":"Kota Jambi","roadName":"Jalan Kapten Pattimura","highway":"primary","lengthMeters":111.747,"osmWayIds":["567545844"],"u":"4636656337","v":"2853572931","key":0,"oneway":true,"source":"OpenStreetMap"},"geometry":{"type":"LineString","coordinates":[[103.5858456,-1.621018],[103.5856238,-1.6210045],[103.5850471,-1.6208983],[103.5848536,-1.6208627]]}},{"type":"Feature","properties":{"segmentId":"osm-gaul2-18003-4636656337-4636656363-0","regionId":"gaul2-18003","province":"Jambi","region":"Kota Jambi","roadName":"Jalan Katsuri 1","highway":"tertiary","lengthMeters":1131.118,"osmWayIds":["469304293","469304296"],"u":"4636656337","v":"4636656363","key":0,"oneway":false,"source":"OpenStreetMap"},"geometry":{"type":"LineString","coordinates":[[103.5858456,-1.621018],[103.5858448,-1.6211881],[103.5858587,-1.6216367],[103.5858564,-1.6218902],[103.5858586,-1.6220847],[103.5858639,-1.6225484],[103.5858647,-1.6225953],[103.5858834,-1.6229386],[103.5859142,-1.6231542],[103.5859396,-1.6233279],[103.5860249,-1.6239847],[103.5860343,-1.6242889],[103.5859928,-1.624324],[103.5859573,-1.62434],[103.5853552,-1.6243936],[103.5853095,-1.6244144],[103.5852834,-1.6244465],[103.585278,-1.6244948],[103.5852823,-1.6247654],[103.5852889,-1.6251818],[103.5852706,-1.6260908],[103.5852807,-1.6263002],[103.5852949,-1.6265949],[103.5852908,-1.6268],[103.5852163,-1.6274193],[103.5852364,-1.6275607],[103.5852592,-1.6276244],[103.5852948,-1.627668],[103.5855047,-1.6277565],[103.585729,-1.6278103],[103.585764,-1.6278219],[103.5859906,-1.6278259],[103.5862523,-1.6278114],[103.586994,-1.6277542],[103.5873683,-1.6277274],[103.5874243,-1.6277234],[103.5877152,-1.6277026],[103.5881205,-1.6276673]]}},{"type":"Feature","properties":{"segmentId":"osm-gaul2-18003-4636656363-3506251636-0","regionId":"gaul2-18003","province":"Jambi","region":"Kota Jambi","roadName":"Jalan Ir. H. Juanda","highway":"secondary","lengthMeters":462.878,"osmWayIds":["343807455"],"u":"4636656363","v":"3506251636","key":0,"oneway":false,"source":"OpenStreetMap"},"geometry":{"type":"LineString","coordinates":[[103.5881205,-1.6276673],[103.5880973,-1.6281949],[103.5880538,-1.6285367],[103.5880182,-1.6287344],[103.587985,-1.629036],[103.5879782,-1.6291594],[103.5879747,-1.6292243],[103.5879653,-1.6293955],[103.5879607,-1.6294786],[103.5879391,-1.6298715],[103.5879147,-1.630142],[103.5879043,-1.6302676],[103.587851,-1.6307823],[103.5878068,-1.6309752],[103.5877841,-1.6310514],[103.5875852,-1.6314424],[103.5874209,-1.6317146]]}},{"type":"Feature","properties":{"segmentId":"osm-gaul2-18003-4636656363-4636656337-0","regionId":"gaul2-18003","province":"Jambi","region":"Kota Jambi","roadName":"Jalan Katsuri 1","highway":"tertiary","lengthMeters":1131.118,"osmWayIds":["469304293","469304296"],"u":"4636656363","v":"4636656337","key":0,"oneway":false,"source":"OpenStreetMap"},"geometry":{"type":"LineString","coordinates":[[103.5881205,-1.6276673],[103.5877152,-1.6277026],[103.5874243,-1.6277234],[103.5873683,-1.6277274],[103.586994,-1.6277542],[103.5862523,-1.6278114],[103.5859906,-1.6278259],[103.585764,-1.6278219],[103.585729,-1.6278103],[103.5855047,-1.6277565],[103.5852948,-1.627668],[103.5852592,-1.6276244],[103.5852364,-1.6275607],[103.5852163,-1.6274193],[103.5852908,-1.6268],[103.5852949,-1.6265949],[103.5852807,-1.6263002],[103.5852706,-1.6260908],[103.5852889,-1.6251818],[103.5852823,-1.6247654],[103.585278,-1.6244948],[103.5852834,-1.6244465],[103.5853095,-1.6244144],[103.5853552,-1.6243936],[103.5859573,-1.62434],[103.5859928,-1.624324],[103.5860343,-1.6242889],[103.5860249,-1.6239847],[103.5859396,-1.6233279],[103.5859142,-1.6231542],[103.5858834,-1.6229386],[103.5858647,-1.6225953],[103.5858639,-1.6225484],[103.5858586,-1.6220847],[103.5858564,-1.6218902],[103.5858587,-1.6216367],[103.5858448,-1.6211881],[103.5858456,-1.621018]]}},{"type":"Feature","properties":{"segmentId":"osm-gaul2-18003-4636656363-5128992288-0","regionId":"gaul2-18003","province":"Jambi","region":"Kota Jambi","roadName":"Jalan Ir. H. Juanda","highway":"secondary","lengthMeters":215.177,"osmWayIds":["343807455"],"u":"4636656363","v":"5128992288","key":0,"oneway":false,"source":"OpenStreetMap"},"geometry":{"type":"LineString","coordinates":[[103.5881205,-1.6276673],[103.5881245,-1.6272517],[103.5881254,-1.6271713],[103.588146,-1.6268532],[103.5881594,-1.6266868],[103.5881901,-1.6262657],[103.5882265,-1.6259418],[103.5882351,-1.6258345],[103.5882358,-1.6257369]]}},{"type":"Feature","properties":{"segmentId":"osm-gaul2-18003-4791347118-3781483926-0","regionId":"gaul2-18003","province":"Jambi","region":"Kota Jambi","roadName":"Jalan H. Agus Salim","highway":"secondary","lengthMeters":1876.966,"osmWayIds":["1042793420","374779782","486549795","818713753","818713754"],"u":"4791347118","v":"3781483926","key":0,"oneway":false,"source":"OpenStreetMap"},"geometry":{"type":"LineString","coordinates":[[103.6080622,-1.6306598],[103.608191,-1.6307903],[103.608376,-1.6309443],[103.608508,-1.6310442],[103.6085676,-1.6310938],[103.6085756,-1.6311021],[103.608924,-1.6313995],[103.6089674,-1.6314344],[103.609118,-1.6315545],[103.6092094,-1.6316273],[103.6094468,-1.6318253],[103.6096774,-1.6320134],[103.6097966,-1.6321106],[103.6102635,-1.6324799],[103.6103916,-1.632602],[103.6109528,-1.6330658],[103.6109944,-1.6330899],[103.6114672,-1.6334781],[103.6116481,-1.6336267],[103.6120578,-1.6340062],[103.6122307,-1.6341212],[103.6123616,-1.6341922],[103.612454,-1.6342274],[103.6125954,-1.6342632],[103.6127447,-1.6342905],[103.6129942,-1.6343164],[103.6136297,-1.6343311],[103.6137259,-1.6343333],[103.6138286,-1.6343199],[103.6139567,-1.6343032],[103.6147405,-1.6341597],[103.6150664,-1.6340901],[103.6151863,-1.6340761],[103.6155345,-1.6340732],[103.6158023,-1.6341006],[103.6158538,-1.6341102],[103.6163997,-1.6342367],[103.6167512,-1.6343139],[103.6170227,-1.6343565],[103.6171627,-1.6343686],[103.6173795,-1.634373],[103.617657,-1.6343728],[103.6181643,-1.6343673],[103.6185818,-1.6343603],[103.6188804,-1.6343383],[103.6191928,-1.6342912],[103.6193244,-1.6342713],[103.6195569,-1.6342118],[103.6197634,-1.6341514],[103.6198645,-1.6341218],[103.6202843,-1.6339989],[103.6205538,-1.6339425],[103.6206619,-1.6339308],[103.6214805,-1.6340058],[103.6221777,-1.6340468],[103.6224914,-1.6340652],[103.6226132,-1.6340817],[103.6235493,-1.634151]]}},{"type":"Feature","properties":{"segmentId":"osm-gaul2-18003-4791347118-4791453887-0","regionId":"gaul2-18003","province":"Jambi","region":"Kota Jambi","roadName":"Bundaran Kota Baru","highway":"secondary","lengthMeters":40.344,"osmWayIds":["486549794"],"u":"4791347118","v":"4791453887","key":0,"oneway":true,"source":"OpenStreetMap"},"geometry":{"type":"LineString","coordinates":[[103.6080622,-1.6306598],[103.6080108,-1.6307111],[103.6079464,-1.6307446],[103.6078749,-1.6307571],[103.6078029,-1.6307476],[103.6077372,-1.6307169]]}},{"type":"Feature","properties":{"segmentId":"osm-gaul2-18003-4791347325-3781530643-0","regionId":"gaul2-18003","province":"Jambi","region":"Kota Jambi","roadName":"Jalan Pangeran Hidayat","highway":"trunk","lengthMeters":640.086,"osmWayIds":["654629425","654629428","654629429"],"u":"4791347325","v":"3781530643","key":0,"oneway":true,"source":"OpenStreetMap"},"geometry":{"type":"LineString","coordinates":[[103.603684,-1.632565],[103.6036242,-1.6323724],[103.6034466,-1.6318952],[103.6034118,-1.6316627],[103.6033601,-1.6311363],[103.6033328,-1.6308462],[103.6033253,-1.6305496],[103.6033531,-1.6303444],[103.6033988,-1.6301528],[103.603497,-1.6297374],[103.6035083,-1.62965],[103.6035228,-1.629474],[103.6035398,-1.6292209],[103.6035329,-1.628933],[103.6034943,-1.6285542],[103.603454,-1.6283382],[103.6033066,-1.6278955],[103.6031872,-1.6275969],[103.6029311,-1.6269803]]}},{"type":"Feature","properties":{"segmentId":"osm-gaul2-18003-4791347325-6133943588-0","regionId":"gaul2-18003","province":"Jambi","region":"Kota Jambi","roadName":"Unnamed OSM road","highway":"trunk_link","lengthMeters":6.955,"osmWayIds":["656533931"],"u":"4791347325","v":"6133943588","key":0,"oneway":true,"source":"OpenStreetMap"},"geometry":{"type":"LineString","coordinates":[[103.603684,-1.632565],[103.6037443,-1.6325483]]}},{"type":"Feature","properties":{"segmentId":"osm-gaul2-18003-4791347328-6475886797-0","regionId":"gaul2-18003","province":"Jambi","region":"Kota Jambi","roadName":"Unnamed OSM road","highway":"tertiary","lengthMeters":9.478,"osmWayIds":["527325089"],"u":"4791347328","v":"6475886797","key":0,"oneway":false,"source":"OpenStreetMap"},"geometry":{"type":"LineString","coordinates":[[103.6108228,-1.62757],[103.6108152,-1.6274851]]}},{"type":"Feature","properties":{"segmentId":"osm-gaul2-18003-4791347328-6475886859-0","regionId":"gaul2-18003","province":"Jambi","region":"Kota Jambi","roadName":"Unnamed OSM road","highway":"tertiary","lengthMeters":65.987,"osmWayIds":["809439796"],"u":"4791347328","v":"6475886859","key":0,"oneway":true,"source":"OpenStreetMap"},"geometry":{"type":"LineString","coordinates":[[103.6108228,-1.62757],[103.6102319,-1.6276273]]}},{"type":"Feature","properties":{"segmentId":"osm-gaul2-18003-4791347345-6129938988-0","regionId":"gaul2-18003","province":"Jambi","region":"Kota Jambi","roadName":"Jalan Hayam Wuruk","highway":"secondary","lengthMeters":1021.771,"osmWayIds":["654856253"],"u":"4791347345","v":"6129938988","key":0,"oneway":true,"source":"OpenStreetMap"},"geometry":{"type":"LineString","coordinates":[[103.6183445,-1.6024823],[103.6180861,-1.6028051],[103.6177938,-1.603226],[103.6173968,-1.603785],[103.6171795,-1.6040692],[103.6169774,-1.6043544],[103.6167423,-1.6046819],[103.6164662,-1.6050825],[103.6164447,-1.6051136],[103.6163843,-1.6051967],[103.6161482,-1.6055144],[103.6158725,-1.6059148],[103.6155762,-1.6063296],[103.6152004,-1.6068481],[103.6151157,-1.6069729],[103.6150449,-1.6071149],[103.6149873,-1.6072621],[103.6149265,-1.6075212],[103.6148981,-1.607663],[103.6148887,-1.6078251],[103.614897,-1.6079784],[103.6149681,-1.6084663],[103.6150955,-1.6091567],[103.6151665,-1.6095334],[103.6152713,-1.6101732],[103.6153348,-1.6105556]]}},{"type":"Feature","properties":{"segmentId":"osm-gaul2-18003-4791347345-6136251421-0","regionId":"gaul2-18003","province":"Jambi","region":"Kota Jambi","roadName":"Jalan Haji Abdulrahman Saleh","highway":"trunk","lengthMeters":10.428,"osmWayIds":["1025395894"],"u":"4791347345","v":"6136251421","key":0,"oneway":true,"source":"OpenStreetMap"},"geometry":{"type":"LineString","coordinates":[[103.6183445,-1.6024823],[103.6182962,-1.6024019]]}},{"type":"Feature","properties":{"segmentId":"osm-gaul2-18003-4791347352-6136251477-0","regionId":"gaul2-18003","province":"Jambi","region":"Kota Jambi","roadName":"Unnamed OSM road","highway":"trunk_link","lengthMeters":8.037,"osmWayIds":["828025268"],"u":"4791347352","v":"6136251477","key":0,"oneway":false,"source":"OpenStreetMap"},"geometry":{"type":"LineString","coordinates":[[103.6300032,-1.6205449],[103.6300669,-1.6205107]]}},{"type":"Feature","properties":{"segmentId":"osm-gaul2-18003-4791347352-6136709001-0","regionId":"gaul2-18003","province":"Jambi","region":"Kota Jambi","roadName":"Jalan Haji Abdulrahman Saleh","highway":"trunk","lengthMeters":169.562,"osmWayIds":["1141927229"],"u":"4791347352","v":"6136709001","key":0,"oneway":true,"source":"OpenStreetMap"},"geometry":{"type":"LineString","coordinates":[[103.6300032,-1.6205449],[103.62992,-1.6203264],[103.6296692,-1.6197339],[103.6294765,-1.6192234],[103.6294332,-1.6191309]]}},{"type":"Feature","properties":{"segmentId":"osm-gaul2-18003-4791347536-4791347538-0","regionId":"gaul2-18003","province":"Jambi","region":"Kota Jambi","roadName":"Jalan Kol. Pol. M. Thaher","highway":"tertiary","lengthMeters":282.888,"osmWayIds":["526828491"],"u":"4791347536","v":"4791347538","key":0,"oneway":false,"source":"OpenStreetMap"},"geometry":{"type":"LineString","coordinates":[[103.6305356,-1.6149024],[103.6305841,-1.614152],[103.6306941,-1.613194],[103.6306791,-1.6129653],[103.6306479,-1.6126686],[103.6306135,-1.6124375],[103.6305975,-1.6123728]]}},{"type":"Feature","properties":{"segmentId":"osm-gaul2-18003-4791347536-5126813438-0","regionId":"gaul2-18003","province":"Jambi","region":"Kota Jambi","roadName":"Unnamed OSM road","highway":"tertiary","lengthMeters":1201.127,"osmWayIds":["529513829"],"u":"4791347536","v":"5126813438","key":0,"oneway":false,"source":"OpenStreetMap"},"geometry":{"type":"LineString","coordinates":[[103.6305356,-1.6149024],[103.6312552,-1.6149902],[103.6312938,-1.6149949],[103.6328132,-1.6151803],[103.633554,-1.6152678],[103.6336742,-1.6152819],[103.6339415,-1.615318],[103.6343094,-1.6153629],[103.6349747,-1.615444],[103.6351383,-1.6154494],[103.635208,-1.6156036],[103.6354963,-1.6160285],[103.6357042,-1.6162296],[103.6361307,-1.6165192],[103.6366548,-1.6168809],[103.6375737,-1.6175112],[103.6376845,-1.6175745],[103.6382518,-1.6178984],[103.6385527,-1.6180742],[103.6387837,-1.6182131],[103.6392125,-1.618471],[103.6392863,-1.6185073],[103.6393159,-1.6185219],[103.6399475,-1.618833],[103.6401513,-1.6188934]]}},{"type":"Feature","properties":{"segmentId":"osm-gaul2-18003-4791347536-6136708998-0","regionId":"gaul2-18003","province":"Jambi","region":"Kota Jambi","roadName":"Jalan Kol. Pol. M. Thaher","highway":"tertiary","lengthMeters":261.715,"osmWayIds":["526828491"],"u":"4791347536","v":"6136708998","key":0,"oneway":false,"source":"OpenStreetMap"},"geometry":{"type":"LineString","coordinates":[[103.6305356,-1.6149024],[103.6304972,-1.6152501],[103.6304764,-1.6154985],[103.6304102,-1.6161658],[103.6303659,-1.616627],[103.630322,-1.6170842],[103.6303052,-1.6172447]]}},{"type":"Feature","properties":{"segmentId":"osm-gaul2-18003-4791347538-4791347536-0","regionId":"gaul2-18003","province":"Jambi","region":"Kota Jambi","roadName":"Jalan Kol. Pol. M. Thaher","highway":"tertiary","lengthMeters":282.888,"osmWayIds":["526828491"],"u":"4791347538","v":"4791347536","key":0,"oneway":false,"source":"OpenStreetMap"},"geometry":{"type":"LineString","coordinates":[[103.6305975,-1.6123728],[103.6306135,-1.6124375],[103.6306479,-1.6126686],[103.6306791,-1.6129653],[103.6306941,-1.613194],[103.6305841,-1.614152],[103.6305356,-1.6149024]]}},{"type":"Feature","properties":{"segmentId":"osm-gaul2-18003-4791347538-4791532227-0","regionId":"gaul2-18003","province":"Jambi","region":"Kota Jambi","roadName":"Jalan Kol. Pol. M. Thaher","highway":"tertiary","lengthMeters":252.111,"osmWayIds":["526828491"],"u":"4791347538","v":"4791532227","key":0,"oneway":false,"source":"OpenStreetMap"},"geometry":{"type":"LineString","coordinates":[[103.6305975,-1.6123728],[103.6305731,-1.6122146],[103.6305245,-1.6119583],[103.6305088,-1.6118426],[103.6303043,-1.6108432],[103.6301521,-1.6101502]]}},{"type":"Feature","properties":{"segmentId":"osm-gaul2-18003-4791347538-5143505162-0","regionId":"gaul2-18003","province":"Jambi","region":"Kota Jambi","roadName":"Unnamed OSM road","highway":"tertiary","lengthMeters":597.734,"osmWayIds":["529513831"],"u":"4791347538","v":"5143505162","key":0,"oneway":false,"source":"OpenStreetMap"},"geometry":{"type":"LineString","coordinates":[[103.6305975,-1.6123728],[103.6301129,-1.6122973],[103.6293889,-1.6121909],[103.6290845,-1.6121462],[103.6285172,-1.6120834],[103.6281873,-1.6120524],[103.6280948,-1.6120514],[103.6279446,-1.6120497],[103.6275153,-1.6120949],[103.6270098,-1.6120946],[103.6269327,-1.6121033],[103.6268583,-1.6121234],[103.6262727,-1.6123256],[103.6259269,-1.6124478],[103.625437,-1.6126691],[103.6253564,-1.6127023]]}},{"type":"Feature","properties":{"segmentId":"osm-gaul2-18003-4791347557-6136359164-0","regionId":"gaul2-18003","province":"Jambi","region":"Kota Jambi","roadName":"Jalan Raya Jambi 18","highway":"primary","lengthMeters":1748.353,"osmWayIds":["601391060","654866510","668389953","668389954"],"u":"4791347557","v":"6136359164","key":0,"oneway":false,"source":"OpenStreetMap"},"geometry":{"type":"LineString","coordinates":[[103.6391262,-1.640694],[103.6381267,-1.6400313],[103.6378894,-1.6398389],[103.6377025,-1.6396319],[103.6375707,-1.6394405],[103.6374959,-1.6393047],[103.6374409,-1.6391754],[103.6373739,-1.6389253],[103.6371875,-1.6380902],[103.637158,-1.6379562],[103.6369555,-1.6371969],[103.6366872,-1.6362898],[103.6365876,-1.6360728],[103.6364047,-1.6357405],[103.6360819,-1.6351858],[103.6359168,-1.6349353],[103.6353005,-1.6339773],[103.6352523,-1.6339063],[103.6350692,-1.6335236],[103.6350182,-1.6333915],[103.6349799,-1.6332622],[103.634913,-1.6327011],[103.6349063,-1.6325989],[103.6348701,-1.632031],[103.634866,-1.6319641],[103.6348266,-1.6314761],[103.6348201,-1.6313952],[103.634806,-1.6311899],[103.6347791,-1.6310082],[103.6347317,-1.6307716],[103.6347027,-1.6306559],[103.6345771,-1.630389],[103.6343317,-1.6299448],[103.634216,-1.6297424],[103.6340624,-1.6294879],[103.6339514,-1.6293055],[103.6338729,-1.6291967],[103.6337559,-1.6290122],[103.6336264,-1.6288478],[103.6334721,-1.6286916],[103.6332027,-1.6284053],[103.6331406,-1.6283458],[103.6328124,-1.6280267],[103.6325894,-1.6278016],[103.6324319,-1.6276161],[103.6322132,-1.6273293],[103.6321359,-1.6272195]]}},{"type":"Feature","properties":{"segmentId":"osm-gaul2-18003-4791352809-11160068424-0","regionId":"gaul2-18003","province":"Jambi","region":"Kota Jambi","roadName":"Jalan M.H. Thamrin","highway":"trunk","lengthMeters":75.862,"osmWayIds":["654227872"],"u":"4791352809","v":"11160068424","key":0,"oneway":true,"source":"OpenStreetMap"},"geometry":{"type":"LineString","coordinates":[[103.6104635,-1.5954546],[103.6104319,-1.5955725],[103.6104349,-1.5960105],[103.6104241,-1.5961322]]}},{"type":"Feature","properties":{"segmentId":"osm-gaul2-18003-4791352809-11160068425-0","regionId":"gaul2-18003","province":"Jambi","region":"Kota Jambi","roadName":"Jalan M.H. Thamrin","highway":"trunk","lengthMeters":75.999,"osmWayIds":["654227873"],"u":"4791352809","v":"11160068425","key":0,"oneway":true,"source":"OpenStreetMap"},"geometry":{"type":"LineString","coordinates":[[103.6104635,-1.5954546],[103.610499,-1.5955723],[103.61051,-1.5960116],[103.6105199,-1.5961323]]}},{"type":"Feature","properties":{"segmentId":"osm-gaul2-18003-4791352827-6135347988-0","regionId":"gaul2-18003","province":"Jambi","region":"Kota Jambi","roadName":"Jalan Profesor M. Yamin SH","highway":"trunk","lengthMeters":173.276,"osmWayIds":["362262792"],"u":"4791352827","v":"6135347988","key":0,"oneway":true,"source":"OpenStreetMap"},"geometry":{"type":"LineString","coordinates":[[103.60421,-1.6136902],[103.6041451,-1.6132595],[103.6040947,-1.6128382],[103.6040584,-1.6125365],[103.6039998,-1.6121463]]}},{"type":"Feature","properties":{"segmentId":"osm-gaul2-18003-4791352827-6135348002-0","regionId":"gaul2-18003","province":"Jambi","region":"Kota Jambi","roadName":"Unnamed OSM road","highway":"secondary","lengthMeters":7.159,"osmWayIds":["1022824379"],"u":"4791352827","v":"6135348002","key":0,"oneway":false,"source":"OpenStreetMap"},"geometry":{"type":"LineString","coordinates":[[103.60421,-1.6136902],[103.6042741,-1.6136839]]}},{"type":"Feature","properties":{"segmentId":"osm-gaul2-18003-4791453880-4791453881-0","regionId":"gaul2-18003","province":"Jambi","region":"Kota Jambi","roadName":"Bundaran Kota Baru","highway":"secondary","lengthMeters":16.527,"osmWayIds":["486549794"],"u":"4791453880","v":"4791453881","key":0,"oneway":true,"source":"OpenStreetMap"},"geometry":{"type":"LineString","coordinates":[[103.6080029,-1.6303208],[103.608055,-1.6303683],[103.6080937,-1.6304362]]}},{"type":"Feature","properties":{"segmentId":"osm-gaul2-18003-4791453880-7568454136-0","regionId":"gaul2-18003","province":"Jambi","region":"Kota Jambi","roadName":"Unnamed OSM road","highway":"tertiary","lengthMeters":354.069,"osmWayIds":["654386190","654386191","654734670","654734672","654734676","654734677","654734678","654734679"],"u":"4791453880","v":"7568454136","key":0,"oneway":true,"source":"OpenStreetMap"},"geometry":{"type":"LineString","coordinates":[[103.6080029,-1.6303208],[103.6081887,-1.6301999],[103.6083833,-1.6300204],[103.6085282,-1.6298622],[103.6088983,-1.6293896],[103.6091087,-1.6290932],[103.6092013,-1.6289395],[103.609227,-1.6288886],[103.6092885,-1.6287666],[103.6094092,-1.6285065],[103.6094511,-1.6284229],[103.6095147,-1.6282958],[103.6095269,-1.6282662],[103.6095433,-1.6282237],[103.609555,-1.6282045],[103.6095764,-1.6281632],[103.6096224,-1.6280695],[103.6096318,-1.6280488],[103.6096381,-1.6280349],[103.6096512,-1.6279855],[103.6096552,-1.6279642],[103.6096546,-1.6279415],[103.6096351,-1.6277524],[103.6096251,-1.6277035]]}},{"type":"Feature","properties":{"segmentId":"osm-gaul2-18003-4791453881-4791347118-0","regionId":"gaul2-18003","province":"Jambi","region":"Kota Jambi","roadName":"Bundaran Kota Baru","highway":"secondary","lengthMeters":26.038,"osmWayIds":["486549794"],"u":"4791453881","v":"4791347118","key":0,"oneway":true,"source":"OpenStreetMap"},"geometry":{"type":"LineString","coordinates":[[103.6080937,-1.6304362],[103.6081083,-1.6305128],[103.6080975,-1.6305902],[103.6080622,-1.6306598]]}},{"type":"Feature","properties":{"segmentId":"osm-gaul2-18003-4791453887-11015122288-0","regionId":"gaul2-18003","province":"Jambi","region":"Kota Jambi","roadName":"Jalan Jend. Basuki Rahmat","highway":"secondary","lengthMeters":220.064,"osmWayIds":["654731800"],"u":"4791453887","v":"11015122288","key":0,"oneway":true,"source":"OpenStreetMap"},"geometry":{"type":"LineString","coordinates":[[103.6077372,-1.6307169],[103.6072952,-1.6310709],[103.606957,-1.6313351],[103.6066592,-1.6315824],[103.6065955,-1.6316407],[103.6063038,-1.6318935],[103.6062016,-1.6319649]]}},{"type":"Feature","properties":{"segmentId":"osm-gaul2-18003-4791453887-5126809775-0","regionId":"gaul2-18003","province":"Jambi","region":"Kota Jambi","roadName":"Bundaran Kota Baru","highway":"secondary","lengthMeters":13.236,"osmWayIds":["486549794"],"u":"4791453887","v":"5126809775","key":0,"oneway":true,"source":"OpenStreetMap"},"geometry":{"type":"LineString","coordinates":[[103.6077372,-1.6307169],[103.6076555,-1.6306303]]}},{"type":"Feature","properties":{"segmentId":"osm-gaul2-18003-4791526170-5126813017-0","regionId":"gaul2-18003","province":"Jambi","region":"Kota Jambi","roadName":"Unnamed OSM road","highway":"tertiary","lengthMeters":548.781,"osmWayIds":["656299993"],"u":"4791526170","v":"5126813017","key":0,"oneway":false,"source":"OpenStreetMap"},"geometry":{"type":"LineString","coordinates":[[103.6277689,-1.6164488],[103.6273357,-1.6167779],[103.6271234,-1.6169127],[103.6269978,-1.6169924],[103.6268343,-1.6170772],[103.6266357,-1.6171801],[103.6263556,-1.6173102],[103.6260872,-1.6174348],[103.6254616,-1.6177051],[103.6250454,-1.617885],[103.6248681,-1.6179616],[103.62482,-1.6179919],[103.6244403,-1.6181667],[103.6241171,-1.618274],[103.623586,-1.6184281],[103.6234599,-1.6184898],[103.6233358,-1.6185612]]}},{"type":"Feature","properties":{"segmentId":"osm-gaul2-18003-4791526170-6136250559-0","regionId":"gaul2-18003","province":"Jambi","region":"Kota Jambi","roadName":"Jalan Jenderal Sudirman","highway":"trunk","lengthMeters":132.915,"osmWayIds":["654856251"],"u":"4791526170","v":"6136250559","key":0,"oneway":true,"source":"OpenStreetMap"},"geometry":{"type":"LineString","coordinates":[[103.6277689,-1.6164488],[103.627274,-1.6157832],[103.6270677,-1.6154808]]}},{"type":"Feature","properties":{"segmentId":"osm-gaul2-18003-4791526195-5141191657-0","regionId":"gaul2-18003","province":"Jambi","region":"Kota Jambi","roadName":"Jalan Simpang Alkal - Bandara Sultan Thaha","highway":"trunk","lengthMeters":8.355,"osmWayIds":["486559997"],"u":"4791526195","v":"5141191657","key":0,"oneway":true,"source":"OpenStreetMap"},"geometry":{"type":"LineString","coordinates":[[103.6445712,-1.6235259],[103.6445946,-1.6235973]]}},{"type":"Feature","properties":{"segmentId":"osm-gaul2-18003-4791526195-7607558340-0","regionId":"gaul2-18003","province":"Jambi","region":"Kota Jambi","roadName":"Unnamed OSM road","highway":"trunk","lengthMeters":248.629,"osmWayIds":["814145920"],"u":"4791526195","v":"7607558340","key":0,"oneway":true,"source":"OpenStreetMap"},"geometry":{"type":"LineString","coordinates":[[103.6445712,-1.6235259],[103.6446672,-1.6234921],[103.6449801,-1.6233753],[103.6458051,-1.6230734],[103.6460055,-1.6230435],[103.6462598,-1.6230668],[103.6464851,-1.6231384],[103.6466832,-1.6232515]]}},{"type":"Feature","properties":{"segmentId":"osm-gaul2-18003-4791526201-5126813547-0","regionId":"gaul2-18003","province":"Jambi","region":"Kota Jambi","roadName":"Jalan Simpang Alkal - Bandara Sultan Thaha","highway":"trunk","lengthMeters":10.854,"osmWayIds":["529193792"],"u":"4791526201","v":"5126813547","key":0,"oneway":true,"source":"OpenStreetMap"},"geometry":{"type":"LineString","coordinates":[[103.6450826,-1.6306359],[103.6451012,-1.6306516],[103.6451151,-1.6306717],[103.6451232,-1.6306948],[103.645125,-1.6307191]]}},{"type":"Feature","properties":{"segmentId":"osm-gaul2-18003-4791526202-4791526206-0","regionId":"gaul2-18003","province":"Jambi","region":"Kota Jambi","roadName":"Unnamed OSM road","highway":"tertiary","lengthMeters":590.516,"osmWayIds":["486559999"],"u":"4791526202","v":"4791526206","key":0,"oneway":false,"source":"OpenStreetMap"},"geometry":{"type":"LineString","coordinates":[[103.6447854,-1.627796],[103.6444084,-1.6278636],[103.6442003,-1.6279082],[103.6435324,-1.6280072],[103.6428594,-1.6280744],[103.6415503,-1.6282365],[103.6413787,-1.6282591],[103.6413204,-1.6282766],[103.640909,-1.6283799],[103.6408694,-1.6283894],[103.6407892,-1.6283864],[103.6402285,-1.6282872],[103.6402,-1.6282843],[103.6400092,-1.6282518],[103.6397902,-1.6282391],[103.6395343,-1.6282509]]}},{"type":"Feature","properties":{"segmentId":"osm-gaul2-18003-4791526202-5141191663-0","regionId":"gaul2-18003","province":"Jambi","region":"Kota Jambi","roadName":"Jalan Simpang Alkal - Bandara Sultan Thaha","highway":"trunk","lengthMeters":89.755,"osmWayIds":["529193805"],"u":"4791526202","v":"5141191663","key":0,"oneway":true,"source":"OpenStreetMap"},"geometry":{"type":"LineString","coordinates":[[103.6447854,-1.627796],[103.6447939,-1.6275685],[103.6448236,-1.6272975],[103.6448724,-1.6269945]]}},{"type":"Feature","properties":{"segmentId":"osm-gaul2-18003-4791526206-4791526202-0","regionId":"gaul2-18003","province":"Jambi","region":"Kota Jambi","roadName":"Unnamed OSM road","highway":"tertiary","lengthMeters":590.516,"osmWayIds":["486559999"],"u":"4791526206","v":"4791526202","key":0,"oneway":false,"source":"OpenStreetMap"},"geometry":{"type":"LineString","coordinates":[[103.6395343,-1.6282509],[103.6397902,-1.6282391],[103.6400092,-1.6282518],[103.6402,-1.6282843],[103.6402285,-1.6282872],[103.6407892,-1.6283864],[103.6408694,-1.6283894],[103.640909,-1.6283799],[103.6413204,-1.6282766],[103.6413787,-1.6282591],[103.6415503,-1.6282365],[103.6428594,-1.6280744],[103.6435324,-1.6280072],[103.6442003,-1.6279082],[103.6444084,-1.6278636],[103.6447854,-1.627796]]}},{"type":"Feature","properties":{"segmentId":"osm-gaul2-18003-4791526206-5141191597-0","regionId":"gaul2-18003","province":"Jambi","region":"Kota Jambi","roadName":"Unnamed OSM road","highway":"tertiary","lengthMeters":234.853,"osmWayIds":["529193804"],"u":"4791526206","v":"5141191597","key":0,"oneway":false,"source":"OpenStreetMap"},"geometry":{"type":"LineString","coordinates":[[103.6395343,-1.6282509],[103.6392683,-1.6290658],[103.6392029,-1.6292189],[103.6391465,-1.6293239],[103.6390863,-1.629426],[103.6389017,-1.6296784],[103.6387333,-1.629919],[103.6385704,-1.6301013]]}},{"type":"Feature","properties":{"segmentId":"osm-gaul2-18003-4791526206-6997931543-0","regionId":"gaul2-18003","province":"Jambi","region":"Kota Jambi","roadName":"Unnamed OSM road","highway":"tertiary","lengthMeters":647.948,"osmWayIds":["529193804","747967319"],"u":"4791526206","v":"6997931543","key":0,"oneway":false,"source":"OpenStreetMap"},"geometry":{"type":"LineString","coordinates":[[103.6395343,-1.6282509],[103.6395455,-1.627832],[103.6395414,-1.6274223],[103.6395323,-1.6270876],[103.6394998,-1.6267681],[103.6394562,-1.6264446],[103.6394352,-1.6261686],[103.6394358,-1.6260874],[103.6394647,-1.6259735],[103.6395172,-1.6257425],[103.6395876,-1.6254514],[103.6396543,-1.6252352],[103.6396969,-1.62507],[103.6398296,-1.6246674],[103.6401192,-1.6240037],[103.6401417,-1.6239759],[103.6401641,-1.6239234],[103.6403283,-1.6237113],[103.6404887,-1.6235806],[103.6405825,-1.623442],[103.6406851,-1.6232031],[103.6407781,-1.6229945],[103.6408346,-1.6228715],[103.6408819,-1.622783]]}},{"type":"Feature","properties":{"segmentId":"osm-gaul2-18003-4791526207-4791526209-0","regionId":"gaul2-18003","province":"Jambi","region":"Kota Jambi","roadName":"Jalan Haji Mohammad Yusuf Nasri","highway":"tertiary","lengthMeters":205.887,"osmWayIds":["747967315"],"u":"4791526207","v":"4791526209","key":0,"oneway":false,"source":"OpenStreetMap"},"geometry":{"type":"LineString","coordinates":[[103.6396922,-1.6220471],[103.6400161,-1.6210916],[103.6400886,-1.6208028],[103.6401372,-1.620478],[103.6401454,-1.6202616]]}},{"type":"Feature","properties":{"segmentId":"osm-gaul2-18003-4791526207-7605241814-0","regionId":"gaul2-18003","province":"Jambi","region":"Kota Jambi","roadName":"Jalan RB Siagian","highway":"trunk","lengthMeters":584.268,"osmWayIds":["747967314","747967326","814134749"],"u":"4791526207","v":"7605241814","key":0,"oneway":true,"source":"OpenStreetMap"},"geometry":{"type":"LineString","coordinates":[[103.6396922,-1.6220471],[103.6400633,-1.6222672],[103.640324,-1.6224308],[103.6405815,-1.6225722],[103.6408522,-1.6226812],[103.6411363,-1.6228135],[103.6415712,-1.6230012],[103.6417157,-1.6230838],[103.6422562,-1.6234322],[103.6425912,-1.6236645],[103.6426988,-1.6237153],[103.6428362,-1.6237574],[103.6429454,-1.623764],[103.6436462,-1.6237587],[103.6438033,-1.6237519],[103.643928,-1.6237246],[103.6443009,-1.6236128],[103.6444725,-1.6235584]]}},{"type":"Feature","properties":{"segmentId":"osm-gaul2-18003-4791526209-4791526207-0","regionId":"gaul2-18003","province":"Jambi","region":"Kota Jambi","roadName":"Jalan Haji Mohammad Yusuf Nasri","highway":"tertiary","lengthMeters":205.887,"osmWayIds":["747967315"],"u":"4791526209","v":"4791526207","key":0,"oneway":false,"source":"OpenStreetMap"},"geometry":{"type":"LineString","coordinates":[[103.6401454,-1.6202616],[103.6401372,-1.620478],[103.6400886,-1.6208028],[103.6400161,-1.6210916],[103.6396922,-1.6220471]]}},{"type":"Feature","properties":{"segmentId":"osm-gaul2-18003-4791526209-5126813438-0","regionId":"gaul2-18003","province":"Jambi","region":"Kota Jambi","roadName":"Jalan Haji Mohammad Yusuf Nasri","highway":"tertiary","lengthMeters":152.139,"osmWayIds":["486560001"],"u":"4791526209","v":"5126813438","key":0,"oneway":false,"source":"OpenStreetMap"},"geometry":{"type":"LineString","coordinates":[[103.6401454,-1.6202616],[103.6401464,-1.6200784],[103.6401513,-1.6188934]]}},{"type":"Feature","properties":{"segmentId":"osm-gaul2-18003-4791526209-5162150983-0","regionId":"gaul2-18003","province":"Jambi","region":"Kota Jambi","roadName":"Unnamed OSM road","highway":"tertiary","lengthMeters":1584.42,"osmWayIds":["531853947"],"u":"4791526209","v":"5162150983","key":0,"oneway":false,"source":"OpenStreetMap"},"geometry":{"type":"LineString","coordinates":[[103.6401454,-1.6202616],[103.6405807,-1.6198206],[103.6409245,-1.6194429],[103.6413725,-1.6190209],[103.6415032,-1.6188987],[103.6416943,-1.6187244],[103.6420113,-1.6184364],[103.642401,-1.6181331],[103.6424663,-1.6180685],[103.6425797,-1.6179911],[103.6428215,-1.6178262],[103.6431056,-1.6175114],[103.6431775,-1.6174448],[103.6432164,-1.6174207],[103.6432506,-1.6174073],[103.6432828,-1.6174018],[103.6434713,-1.6174025],[103.6435452,-1.6172879],[103.6436849,-1.6171562],[103.6438843,-1.6169789],[103.6439681,-1.6169227],[103.6440915,-1.6168791],[103.6441244,-1.6168797],[103.6442383,-1.6169025],[103.6445166,-1.6169897],[103.6446561,-1.6170272],[103.6447984,-1.6170534],[103.6449525,-1.6170728],[103.6451006,-1.6170767],[103.6453515,-1.6170943],[103.6459192,-1.6171054],[103.6465793,-1.6171563],[103.6466755,-1.6171663],[103.646828,-1.6171746],[103.6473624,-1.617176],[103.64787,-1.6171465],[103.6480428,-1.6171218],[103.6481342,-1.6171051],[103.6483172,-1.6170537],[103.6485943,-1.6170017],[103.6486735,-1.6169716],[103.6491133,-1.6168046],[103.6495511,-1.6165969],[103.6499839,-1.6163258],[103.6501551,-1.6162105],[103.6502029,-1.6161599],[103.6502466,-1.6160952],[103.6504544,-1.6156672],[103.650521,-1.6155407],[103.6505992,-1.6153903],[103.651357,-1.6144318],[103.6516904,-1.6140436]]}},{"type":"Feature","properties":{"segmentId":"osm-gaul2-18003-4791532227-4791347538-0","regionId":"gaul2-18003","province":"Jambi","region":"Kota Jambi","roadName":"Jalan Kol. Pol. M. Thaher","highway":"tertiary","lengthMeters":252.111,"osmWayIds":["526828491"],"u":"4791532227","v":"4791347538","key":0,"oneway":false,"source":"OpenStreetMap"},"geometry":{"type":"LineString","coordinates":[[103.6301521,-1.6101502],[103.6303043,-1.6108432],[103.6305088,-1.6118426],[103.6305245,-1.6119583],[103.6305731,-1.6122146],[103.6305975,-1.6123728]]}},{"type":"Feature","properties":{"segmentId":"osm-gaul2-18003-4791532227-5126813448-0","regionId":"gaul2-18003","province":"Jambi","region":"Kota Jambi","roadName":"Jalan Haji Mohammad Yusuf Nasri","highway":"tertiary","lengthMeters":1185.005,"osmWayIds":["486560001"],"u":"4791532227","v":"5126813448","key":0,"oneway":false,"source":"OpenStreetMap"},"geometry":{"type":"LineString","coordinates":[[103.6301521,-1.6101502],[103.6312115,-1.6106196],[103.6315951,-1.6107842],[103.6318102,-1.6108892],[103.6321352,-1.6110448],[103.6322296,-1.6110953],[103.6324642,-1.6112239],[103.6325331,-1.6112526],[103.6325534,-1.6112566],[103.6325834,-1.6112531],[103.6326526,-1.6112154],[103.6327746,-1.6111267],[103.6327949,-1.6111175],[103.6328466,-1.6111026],[103.6329121,-1.6111006],[103.6329812,-1.6111073],[103.6330184,-1.611114],[103.6330586,-1.6111257],[103.6332445,-1.6112152],[103.6333815,-1.6112856],[103.6336184,-1.6114506],[103.6337751,-1.6115597],[103.6344731,-1.6120457],[103.6348888,-1.6122595],[103.6353891,-1.6125504],[103.6356573,-1.6126523],[103.6357928,-1.6126583],[103.6359054,-1.6126503],[103.6359631,-1.6126301],[103.636116,-1.6125839],[103.6369615,-1.6123339],[103.637038,-1.6123117],[103.6371674,-1.6122823],[103.6374711,-1.612242],[103.6377695,-1.612228],[103.6379412,-1.6122722],[103.6380404,-1.6122843],[103.6381403,-1.6122642],[103.6384619,-1.6121228],[103.6386802,-1.6119264],[103.6387218,-1.6118822],[103.6388023,-1.6118768],[103.6388917,-1.6119036],[103.6392425,-1.6121135],[103.6393174,-1.6121674],[103.639733,-1.6124666]]}},{"type":"Feature","properties":{"segmentId":"osm-gaul2-18003-4791532227-6080862336-0","regionId":"gaul2-18003","province":"Jambi","region":"Kota Jambi","roadName":"Jalan Kol. Pol. M. Thaher","highway":"tertiary","lengthMeters":487.025,"osmWayIds":["526828491"],"u":"4791532227","v":"6080862336","key":0,"oneway":false,"source":"OpenStreetMap"},"geometry":{"type":"LineString","coordinates":[[103.6301521,-1.6101502],[103.6299593,-1.6091262],[103.6299466,-1.6090682],[103.6298168,-1.6084677],[103.6295385,-1.6072953],[103.6295023,-1.6071519],[103.6293686,-1.6066901],[103.6293496,-1.6066103],[103.6293068,-1.6064301],[103.6292306,-1.606158],[103.6291728,-1.6058832]]}},{"type":"Feature","properties":{"segmentId":"osm-gaul2-18003-4791532227-6136250575-0","regionId":"gaul2-18003","province":"Jambi","region":"Kota Jambi","roadName":"Jalan Teuku Sulaiman","highway":"tertiary","lengthMeters":807.935,"osmWayIds":["1056134476","654986037","654986038"],"u":"4791532227","v":"6136250575","key":0,"oneway":false,"source":"OpenStreetMap"},"geometry":{"type":"LineString","coordinates":[[103.6301521,-1.6101502],[103.629256,-1.6098653],[103.6288588,-1.6097188],[103.6288232,-1.6097054],[103.6287909,-1.6096826],[103.6287517,-1.6096484],[103.6287305,-1.6096163],[103.6286961,-1.6094903],[103.6286822,-1.6094249],[103.6286513,-1.609394],[103.6286205,-1.6093753],[103.6285682,-1.6093498],[103.6285172,-1.6093377],[103.6283804,-1.609323],[103.6279976,-1.6092386],[103.6276962,-1.6091618],[103.6276436,-1.6091404],[103.6276211,-1.6091152],[103.6276013,-1.6090857],[103.6275865,-1.6090602],[103.6275805,-1.609012],[103.6275624,-1.608902],[103.6275242,-1.6088725],[103.6274826,-1.6088337],[103.6274363,-1.6088182],[103.6273867,-1.6088075],[103.6269575,-1.6087365],[103.626739,-1.6087184],[103.6266803,-1.6087207],[103.6263957,-1.6087526],[103.6261703,-1.608791],[103.6260921,-1.6088103],[103.6260733,-1.6088174],[103.6258929,-1.6089167],[103.6255755,-1.609063],[103.6254898,-1.6091101],[103.6253871,-1.6091648],[103.6249834,-1.609355],[103.624917,-1.6093799],[103.6247776,-1.6094168],[103.6245962,-1.6094533],[103.6244172,-1.6094987],[103.6237452,-1.609678],[103.6235869,-1.6097169]]}},{"type":"Feature","properties":{"segmentId":"osm-gaul2-18003-5062248475-5062248508-0","regionId":"gaul2-18003","province":"Jambi","region":"Kota Jambi","roadName":"Unnamed OSM road","highway":"trunk","lengthMeters":301.952,"osmWayIds":["519092556"],"u":"5062248475","v":"5062248508","key":0,"oneway":false,"source":"OpenStreetMap"},"geometry":{"type":"LineString","coordinates":[[103.6485574,-1.5653476],[103.6487076,-1.565613],[103.6489852,-1.5661613],[103.6491015,-1.5663934],[103.6492762,-1.5667418],[103.6494485,-1.5670897],[103.6496691,-1.5675483],[103.6497114,-1.5676774],[103.6497349,-1.5677888]]}},{"type":"Feature","properties":{"segmentId":"osm-gaul2-18003-5062248475-5122353280-0","regionId":"gaul2-18003","province":"Jambi","region":"Kota Jambi","roadName":"Jalan Raden Fatah","highway":"tertiary","lengthMeters":3944.936,"osmWayIds":["526828490","654132666","654134242","654149238","690379645","690379647","815155505","815155506"],"u":"5062248475","v":"5122353280","key":0,"oneway":false,"source":"OpenStreetMap"},"geometry":{"type":"LineString","coordinates":[[103.6485574,-1.5653476],[103.6480907,-1.5652578],[103.6477554,-1.5651988],[103.647227,-1.5651278],[103.6469715,-1.5651049],[103.6465618,-1.5650996],[103.6463875,-1.5651371],[103.6460656,-1.565231],[103.645497,-1.565424],[103.6442792,-1.5659334],[103.6442417,-1.5659415],[103.6438286,-1.5661345],[103.6434424,-1.5663169],[103.6426994,-1.5666064],[103.6426089,-1.5666436],[103.6415178,-1.5670477],[103.6411518,-1.5672285],[103.6403739,-1.5675851],[103.6395639,-1.5679631],[103.6386895,-1.5683197],[103.6379492,-1.5686093],[103.637158,-1.5689176],[103.6365491,-1.5691643],[103.6360502,-1.56947],[103.6356791,-1.5697193],[103.6354217,-1.5699286],[103.6344798,-1.5705639],[103.6338723,-1.5708756],[103.6337137,-1.5709466],[103.6335326,-1.571009],[103.6334357,-1.5710391],[103.6333244,-1.5710686],[103.6331615,-1.5710814],[103.6328155,-1.5711148],[103.6326833,-1.5711279],[103.632499,-1.5711632],[103.6323072,-1.5712141],[103.6322013,-1.5712409],[103.6320973,-1.5712811],[103.6318861,-1.571391],[103.6317131,-1.5714983],[103.6316273,-1.5715452],[103.6311525,-1.5719259],[103.6309728,-1.5720788],[103.6308655,-1.5722035],[103.6307113,-1.5723992],[103.630608,-1.5725587],[103.6305713,-1.5726067],[103.6304082,-1.5728201],[103.6301802,-1.5730319],[103.6300467,-1.5731351],[103.6298892,-1.5732478],[103.6293943,-1.5736191],[103.6290859,-1.5738014],[103.6288404,-1.5739382],[103.628701,-1.5740535],[103.6286151,-1.5741473],[103.6285132,-1.5742881],[103.6283389,-1.5744932],[103.6281418,-1.5746929],[103.6278259,-1.5749865],[103.6275329,-1.575256],[103.6273089,-1.5755121],[103.6269575,-1.5759276],[103.6266343,-1.5763566],[103.6264949,-1.5765698],[103.626427,-1.5766944],[103.626413,-1.576736],[103.626245,-1.5770436],[103.6261435,-1.5772293],[103.6259919,-1.5775725],[103.6258853,-1.5778849],[103.6258364,-1.5780605],[103.625772,-1.5783192],[103.6256459,-1.5786852],[103.6255809,-1.5788548],[103.6255635,-1.5789688],[103.6255474,-1.5790458],[103.6255395,-1.5791088],[103.625538,-1.5791424],[103.6255413,-1.5791665],[103.6256037,-1.5792577],[103.6256184,-1.5792845],[103.6256245,-1.579326],[103.625603,-1.5794226],[103.6255326,-1.5796082],[103.6254368,-1.5798382],[103.6252503,-1.5803058],[103.625201,-1.5803982],[103.6251732,-1.5804451],[103.6251289,-1.5804836],[103.6250925,-1.580504],[103.6249884,-1.5805396],[103.6248077,-1.5805862],[103.6247665,-1.580606],[103.6247387,-1.5806264],[103.6247064,-1.5806573],[103.6246269,-1.5807504],[103.6241112,-1.581796],[103.6241043,-1.5818455],[103.6241091,-1.5818723],[103.6241419,-1.5819023],[103.624302,-1.5820313],[103.6243642,-1.5821044],[103.6244489,-1.582267],[103.6244792,-1.5823162],[103.6245003,-1.582343],[103.6245294,-1.5823673],[103.6255718,-1.5830664],[103.625652,-1.5831333],[103.6257306,-1.5832143],[103.6258046,-1.5833347],[103.6258493,-1.5834686],[103.6259734,-1.5838046],[103.6260386,-1.5840958],[103.6260976,-1.584386],[103.6260976,-1.5844982],[103.6260804,-1.5845898],[103.6260438,-1.5847327],[103.6260213,-1.5847953]]}},{"type":"Feature","properties":{"segmentId":"osm-gaul2-18003-5062248475-6168027456-0","regionId":"gaul2-18003","province":"Jambi","region":"Kota Jambi","roadName":"Jembatan Batanghari II","highway":"trunk","lengthMeters":3431.757,"osmWayIds":["519092554","519092556","519092557","519092558","542268471"],"u":"5062248475","v":"6168027456","key":0,"oneway":false,"source":"OpenStreetMap"},"geometry":{"type":"LineString","coordinates":[[103.6485574,-1.5653476],[103.6476454,-1.5637375],[103.6455975,-1.5601957],[103.643657,-1.5567905],[103.6417568,-1.5535871],[103.6414382,-1.5530682],[103.6413597,-1.5529215],[103.6408026,-1.5520895],[103.6407552,-1.5520066],[103.6407185,-1.5519424],[103.6405263,-1.5516069],[103.640266,-1.5513293],[103.6399168,-1.5510469],[103.6390939,-1.550419],[103.6389518,-1.5503319],[103.6388572,-1.5502979],[103.6387788,-1.5502904],[103.6387103,-1.5502885],[103.6386352,-1.5502997],[103.6384355,-1.55036],[103.6375973,-1.550639],[103.6373935,-1.5507073],[103.6372644,-1.5507327],[103.6370353,-1.5507556],[103.6368342,-1.5507663],[103.6365714,-1.5507395],[103.6359933,-1.5506363],[103.6353791,-1.5504684],[103.6347853,-1.5503502],[103.6347273,-1.5503387],[103.6342016,-1.5502421],[103.6338851,-1.5501859],[103.6335807,-1.5501208],[103.6334512,-1.5500667],[103.6333507,-1.5500149],[103.6332119,-1.5499123],[103.6330081,-1.5496496],[103.6327666,-1.5492795],[103.6326379,-1.549065],[103.6320579,-1.5481515],[103.6316549,-1.5475167],[103.6314563,-1.5471828],[103.630863,-1.5460855],[103.6307603,-1.5459338],[103.6306912,-1.5458318],[103.630437,-1.5455535],[103.630213,-1.545323],[103.6301753,-1.5452906],[103.6299691,-1.5450754],[103.6294356,-1.5445659],[103.6291485,-1.5442973]]}},{"type":"Feature","properties":{"segmentId":"osm-gaul2-18003-5062248508-5062248475-0","regionId":"gaul2-18003","province":"Jambi","region":"Kota Jambi","roadName":"Unnamed OSM road","highway":"trunk","lengthMeters":301.952,"osmWayIds":["519092556"],"u":"5062248508","v":"5062248475","key":0,"oneway":false,"source":"OpenStreetMap"},"geometry":{"type":"LineString","coordinates":[[103.6497349,-1.5677888],[103.6497114,-1.5676774],[103.6496691,-1.5675483],[103.6494485,-1.5670897],[103.6492762,-1.5667418],[103.6491015,-1.5663934],[103.6489852,-1.5661613],[103.6487076,-1.565613],[103.6485574,-1.5653476]]}},{"type":"Feature","properties":{"segmentId":"osm-gaul2-18003-5062248508-5062249334-0","regionId":"gaul2-18003","province":"Jambi","region":"Kota Jambi","roadName":"Jalan Lingkar Timur","highway":"trunk","lengthMeters":4467.107,"osmWayIds":["1205735204"],"u":"5062248508","v":"5062249334","key":0,"oneway":false,"source":"OpenStreetMap"},"geometry":{"type":"LineString","coordinates":[[103.6497349,-1.5677888],[103.649804,-1.5684623],[103.650046,-1.5719876],[103.6500956,-1.5729093],[103.6501104,-1.5734904],[103.6501044,-1.5744924],[103.6501044,-1.5751841],[103.6500937,-1.5762512],[103.6500669,-1.5777634],[103.6500661,-1.5779834],[103.6500776,-1.5783211],[103.6500902,-1.5784989],[103.6501144,-1.5786879],[103.6501688,-1.5789914],[103.6506355,-1.5810237],[103.6512362,-1.583683],[103.6513142,-1.5840292],[103.6521805,-1.5878661],[103.6523343,-1.5885893],[103.6524466,-1.5890507],[103.6526301,-1.5898271],[103.6527568,-1.5904652],[103.6527839,-1.5905958],[103.6529209,-1.5912008],[103.653256,-1.592703],[103.6533686,-1.5932412],[103.6534546,-1.593644],[103.6534718,-1.5937702],[103.6535007,-1.5941396],[103.6535196,-1.5946331],[103.6536138,-1.5959999],[103.6536469,-1.59648],[103.6536549,-1.5965955],[103.6536694,-1.5967058],[103.6537094,-1.5968856],[103.653852,-1.5974092],[103.6545372,-1.6002678],[103.6545601,-1.6004229],[103.6547828,-1.6017675],[103.6548429,-1.6021662],[103.6550108,-1.6032783],[103.6553387,-1.6053897],[103.655621,-1.6069315],[103.6556397,-1.6071126],[103.6556204,-1.6072513],[103.6555627,-1.6073604]]}},{"type":"Feature","properties":{"segmentId":"osm-gaul2-18003-5062248508-5122353843-0","regionId":"gaul2-18003","province":"Jambi","region":"Kota Jambi","roadName":"Jalan Yos Sudarso","highway":"trunk","lengthMeters":2740.384,"osmWayIds":["526828516","668407050","668407051"],"u":"5062248508","v":"5122353843","key":0,"oneway":false,"source":"OpenStreetMap"},"geometry":{"type":"LineString","coordinates":[[103.6497349,-1.5677888],[103.6490066,-1.5678183],[103.6483844,-1.5678545],[103.6480719,-1.5679336],[103.6479284,-1.5679805],[103.6477447,-1.5680958],[103.6475475,-1.5682433],[103.6474416,-1.5683452],[103.6472598,-1.5685624],[103.6471063,-1.5687501],[103.6467938,-1.569234],[103.6466315,-1.5695088],[103.6463177,-1.5700075],[103.6461749,-1.5702415],[103.6458473,-1.5708059],[103.6458004,-1.5708789],[103.6457062,-1.571009],[103.6456103,-1.5711336],[103.6455332,-1.5712268],[103.6454017,-1.5713609],[103.6452777,-1.5714654],[103.6443797,-1.5721949],[103.6442486,-1.5723009],[103.6439627,-1.5725319],[103.6437749,-1.5726806],[103.6434941,-1.572903],[103.6429133,-1.5733631],[103.642745,-1.5735038],[103.6425921,-1.5736339],[103.6419016,-1.5742752],[103.6405667,-1.575515],[103.6402076,-1.5758485],[103.6398321,-1.5762077],[103.6396484,-1.57637],[103.6394962,-1.5765182],[103.6394181,-1.576609],[103.6393607,-1.57668],[103.639299,-1.5767615],[103.6392434,-1.5768473],[103.6391126,-1.5770557],[103.6390449,-1.5771737],[103.6383301,-1.5785458],[103.6377891,-1.5796348],[103.6376755,-1.5798635],[103.6375576,-1.5801009],[103.6371915,-1.5809482],[103.6369622,-1.581479],[103.6367965,-1.5818236],[103.6367308,-1.5819435],[103.6366571,-1.5820575],[103.6365853,-1.5821607],[103.6364713,-1.5822834],[103.6363191,-1.5824201],[103.6362547,-1.5824731],[103.6359121,-1.5827238],[103.6356828,-1.5828682],[103.6355332,-1.582951],[103.6352664,-1.5830869],[103.6350803,-1.5831843],[103.634516,-1.5834417],[103.6342451,-1.5835596],[103.6340496,-1.5836368],[103.6336386,-1.5837899],[103.6335357,-1.5838244],[103.6334317,-1.5838529],[103.6333041,-1.5838769],[103.6327002,-1.5839833]]}},{"type":"Feature","properties":{"segmentId":"osm-gaul2-18003-5062248508-5126814114-0","regionId":"gaul2-18003","province":"Jambi","region":"Kota Jambi","roadName":"Unnamed OSM road","highway":"trunk","lengthMeters":1061.195,"osmWayIds":["615630751","615630752","778467828"],"u":"5062248508","v":"5126814114","key":0,"oneway":false,"source":"OpenStreetMap"},"geometry":{"type":"LineString","coordinates":[[103.6497349,-1.5677888],[103.6501895,-1.5677982],[103.6507031,-1.5678291],[103.6512342,-1.5678565],[103.651835,-1.5679082],[103.6521749,-1.5679347],[103.6523011,-1.567943],[103.6528556,-1.5679765],[103.6529515,-1.5679812],[103.6530145,-1.5679826],[103.6531869,-1.5679966],[103.6534993,-1.5679738],[103.6535933,-1.5679343],[103.6536714,-1.5678651],[103.6537448,-1.5677124],[103.6538427,-1.5674577],[103.6539848,-1.5669711],[103.6540723,-1.5666674],[103.6541444,-1.5664174],[103.6542664,-1.5660943],[103.6543161,-1.5659643],[103.6543758,-1.5658304],[103.6544015,-1.5657728],[103.6547479,-1.5649959],[103.6548284,-1.5648154],[103.6548506,-1.564766],[103.6549283,-1.5645928],[103.655079,-1.5642552],[103.6551073,-1.5641907],[103.6551763,-1.564039],[103.655566,-1.5631825],[103.655633,-1.5630431],[103.6557101,-1.5629513],[103.6557946,-1.5628728],[103.6558899,-1.5628045]]}},{"type":"Feature","properties":{"segmentId":"osm-gaul2-18003-5062249126-5126812767-0","regionId":"gaul2-18003","province":"Jambi","region":"Kota Jambi","roadName":"Unnamed OSM road","highway":"secondary","lengthMeters":3500.611,"osmWayIds":["519092560"],"u":"5062249126","v":"5126812767","key":0,"oneway":false,"source":"OpenStreetMap"},"geometry":{"type":"LineString","coordinates":[[103.6281787,-1.5446906],[103.6283397,-1.5450285],[103.6284008,-1.5451961],[103.6284698,-1.5453771],[103.6285032,-1.5455106],[103.628515,-1.5456304],[103.6285301,-1.5459441],[103.6285474,-1.5460876],[103.6285857,-1.5461997],[103.6286198,-1.5462573],[103.6286682,-1.5463114],[103.6290948,-1.5467311],[103.6292321,-1.5468539],[103.6298216,-1.5472901],[103.6299315,-1.547396],[103.629973,-1.5474639],[103.629996,-1.5475395],[103.6300053,-1.5478612],[103.6299262,-1.5486951],[103.6299235,-1.5490007],[103.6299718,-1.5494163],[103.6301112,-1.54984],[103.6302289,-1.5500787],[103.6304466,-1.5504781],[103.6305323,-1.5507435],[103.6306181,-1.5511752],[103.6306791,-1.5516024],[103.630747,-1.5519782],[103.6310232,-1.5529341],[103.6312276,-1.5537812],[103.6313156,-1.554146],[103.6315677,-1.5551515],[103.6316646,-1.5554919],[103.6317662,-1.5558486],[103.6318488,-1.5560374],[103.6321088,-1.556516],[103.6323026,-1.5568728],[103.6323938,-1.5571141],[103.6324367,-1.5572911],[103.6324367,-1.5574305],[103.6323723,-1.5576182],[103.6322811,-1.5577951],[103.6320857,-1.5581596],[103.6315132,-1.5592276],[103.6312888,-1.5595647],[103.6310372,-1.5598712],[103.630844,-1.5600401],[103.6304257,-1.5603887],[103.6298537,-1.5608911],[103.6298235,-1.5609253],[103.6298107,-1.5609584],[103.6298074,-1.5610121],[103.6298255,-1.5610657],[103.6301721,-1.561748],[103.6306804,-1.5623353],[103.6306932,-1.562354],[103.6307013,-1.5623761],[103.6307026,-1.5623942],[103.6306952,-1.5624137],[103.630655,-1.5624674],[103.6302835,-1.5628795],[103.6298502,-1.5633639],[103.6296564,-1.5636424],[103.629601,-1.5638194],[103.6295223,-1.5639629],[103.6293788,-1.5641067],[103.6293453,-1.5641403],[103.6291446,-1.5643036],[103.6290521,-1.5643597],[103.6287915,-1.564518],[103.6286084,-1.5646153],[103.6285702,-1.5646356],[103.6283956,-1.5647717],[103.6283107,-1.5648744],[103.6281272,-1.565096],[103.6279408,-1.5653315],[103.6279103,-1.5653684],[103.6277547,-1.5655562],[103.62772,-1.5656021],[103.6276601,-1.5656771],[103.6276415,-1.5657028],[103.6274747,-1.5658908],[103.6273954,-1.5659797],[103.6273003,-1.5660863],[103.6272406,-1.5661715],[103.6271011,-1.5663219],[103.6268851,-1.5665547],[103.6266886,-1.5667538],[103.6266397,-1.5668035],[103.6264942,-1.5669416],[103.626376,-1.5670558],[103.6263073,-1.5671168],[103.6261525,-1.5672527],[103.6260826,-1.5673137],[103.6258069,-1.5675542],[103.6256441,-1.5676812],[103.6255729,-1.5677403],[103.6253496,-1.5679256],[103.6250429,-1.5681775],[103.6247452,-1.5684351],[103.6244772,-1.5686507],[103.6241078,-1.568948],[103.6239857,-1.5690463],[103.6235001,-1.5694011],[103.6231553,-1.569652],[103.6229067,-1.5698369],[103.622478,-1.5701866]]}},{"type":"Feature","properties":{"segmentId":"osm-gaul2-18003-5062249334-5062248508-0","regionId":"gaul2-18003","province":"Jambi","region":"Kota Jambi","roadName":"Jalan Lingkar Timur","highway":"trunk","lengthMeters":4467.107,"osmWayIds":["1205735204"],"u":"5062249334","v":"5062248508","key":0,"oneway":false,"source":"OpenStreetMap"},"geometry":{"type":"LineString","coordinates":[[103.6555627,-1.6073604],[103.6556204,-1.6072513],[103.6556397,-1.6071126],[103.655621,-1.6069315],[103.6553387,-1.6053897],[103.6550108,-1.6032783],[103.6548429,-1.6021662],[103.6547828,-1.6017675],[103.6545601,-1.6004229],[103.6545372,-1.6002678],[103.653852,-1.5974092],[103.6537094,-1.5968856],[103.6536694,-1.5967058],[103.6536549,-1.5965955],[103.6536469,-1.59648],[103.6536138,-1.5959999],[103.6535196,-1.5946331],[103.6535007,-1.5941396],[103.6534718,-1.5937702],[103.6534546,-1.593644],[103.6533686,-1.5932412],[103.653256,-1.592703],[103.6529209,-1.5912008],[103.6527839,-1.5905958],[103.6527568,-1.5904652],[103.6526301,-1.5898271],[103.6524466,-1.5890507],[103.6523343,-1.5885893],[103.6521805,-1.5878661],[103.6513142,-1.5840292],[103.6512362,-1.583683],[103.6506355,-1.5810237],[103.6501688,-1.5789914],[103.6501144,-1.5786879],[103.6500902,-1.5784989],[103.6500776,-1.5783211],[103.6500661,-1.5779834],[103.6500669,-1.5777634],[103.6500937,-1.5762512],[103.6501044,-1.5751841],[103.6501044,-1.5744924],[103.6501104,-1.5734904],[103.6500956,-1.5729093],[103.650046,-1.5719876],[103.649804,-1.5684623],[103.6497349,-1.5677888]]}},{"type":"Feature","properties":{"segmentId":"osm-gaul2-18003-5062249334-5062249367-0","regionId":"gaul2-18003","province":"Jambi","region":"Kota Jambi","roadName":"Jalan Raya Kasang Pudak","highway":"tertiary","lengthMeters":974.87,"osmWayIds":["519092568"],"u":"5062249334","v":"5062249367","key":0,"oneway":false,"source":"OpenStreetMap"},"geometry":{"type":"LineString","coordinates":[[103.6555627,-1.6073604],[103.6557023,-1.6073367],[103.6557913,-1.6072866],[103.6559115,-1.6071793],[103.6559624,-1.6071276],[103.6562462,-1.606804],[103.6566821,-1.6063232],[103.6568502,-1.6061356],[103.657046,-1.6058889],[103.6570687,-1.6058553],[103.6573011,-1.6055124],[103.6574644,-1.6052776],[103.6577064,-1.6049165],[103.6578386,-1.6047109],[103.6578737,-1.6046658],[103.6580119,-1.6044572],[103.6581243,-1.6043017],[103.6582851,-1.6040577],[103.6584908,-1.6037453],[103.6586193,-1.6035547],[103.6587176,-1.6033709],[103.6589625,-1.6030469],[103.6590421,-1.6029418],[103.6591798,-1.6027517],[103.659234,-1.6026769],[103.6594037,-1.6025389],[103.6598341,-1.6022519],[103.660903,-1.6016741],[103.6609493,-1.6016539],[103.6610699,-1.6016012],[103.6611738,-1.601563],[103.6614395,-1.6014918],[103.6616648,-1.6014168]]}},{"type":"Feature","properties":{"segmentId":"osm-gaul2-18003-5062249334-5062249381-0","regionId":"gaul2-18003","province":"Jambi","region":"Kota Jambi","roadName":"Jalan Sentot Ali Basa","highway":"trunk","lengthMeters":540.717,"osmWayIds":["1241872336"],"u":"5062249334","v":"5062249381","key":0,"oneway":false,"source":"OpenStreetMap"},"geometry":{"type":"LineString","coordinates":[[103.6555627,-1.6073604],[103.6554678,-1.6074432],[103.6553884,-1.6074547],[103.6552328,-1.6074654],[103.6550303,-1.6074416],[103.6547917,-1.6073675],[103.6545301,-1.6072188],[103.6543629,-1.6070931],[103.6540754,-1.6069038],[103.6538971,-1.6068152],[103.6537494,-1.6067908],[103.6535606,-1.6067853],[103.6532006,-1.6067926],[103.653019,-1.6068134],[103.6527947,-1.6068515],[103.6527445,-1.6068639],[103.6526325,-1.6068917],[103.6525159,-1.6069301],[103.6523457,-1.6069789],[103.6520632,-1.6070753],[103.6519337,-1.6071008],[103.6517513,-1.6071049],[103.6516287,-1.6071015],[103.6514059,-1.6070922],[103.6509521,-1.6070124]]}},{"type":"Feature","properties":{"segmentId":"osm-gaul2-18003-5062249367-5062249334-0","regionId":"gaul2-18003","province":"Jambi","region":"Kota Jambi","roadName":"Jalan Raya Kasang Pudak","highway":"tertiary","lengthMeters":974.87,"osmWayIds":["519092568"],"u":"5062249367","v":"5062249334","key":0,"oneway":false,"source":"OpenStreetMap"},"geometry":{"type":"LineString","coordinates":[[103.6616648,-1.6014168],[103.6614395,-1.6014918],[103.6611738,-1.601563],[103.6610699,-1.6016012],[103.6609493,-1.6016539],[103.660903,-1.6016741],[103.6598341,-1.6022519],[103.6594037,-1.6025389],[103.659234,-1.6026769],[103.6591798,-1.6027517],[103.6590421,-1.6029418],[103.6589625,-1.6030469],[103.6587176,-1.6033709],[103.6586193,-1.6035547],[103.6584908,-1.6037453],[103.6582851,-1.6040577],[103.6581243,-1.6043017],[103.6580119,-1.6044572],[103.6578737,-1.6046658],[103.6578386,-1.6047109],[103.6577064,-1.6049165],[103.6574644,-1.6052776],[103.6573011,-1.6055124],[103.6570687,-1.6058553],[103.657046,-1.6058889],[103.6568502,-1.6061356],[103.6566821,-1.6063232],[103.6562462,-1.606804],[103.6559624,-1.6071276],[103.6559115,-1.6071793],[103.6557913,-1.6072866],[103.6557023,-1.6073367],[103.6555627,-1.6073604]]}},{"type":"Feature","properties":{"segmentId":"osm-gaul2-18003-5062249381-13387904876-0","regionId":"gaul2-18003","province":"Jambi","region":"Kota Jambi","roadName":"Jalan Sentot Ali Basa","highway":"secondary","lengthMeters":1443.208,"osmWayIds":["1205735201","1205735202","1459719410"],"u":"5062249381","v":"13387904876","key":0,"oneway":false,"source":"OpenStreetMap"},"geometry":{"type":"LineString","coordinates":[[103.6509521,-1.6070124],[103.6501274,-1.6067844],[103.6498368,-1.6067008],[103.6496131,-1.6066185],[103.6489114,-1.6063603],[103.6487183,-1.6063067],[103.6485225,-1.6062906],[103.6482046,-1.6062847],[103.6474737,-1.6062397],[103.6461719,-1.6061613],[103.6457929,-1.6061342],[103.6453562,-1.6061122],[103.6450678,-1.6060413],[103.6448211,-1.6059126],[103.6444509,-1.6056283],[103.6434367,-1.6047613],[103.6432036,-1.6045585],[103.6429918,-1.6043742],[103.6425224,-1.6039794],[103.6422059,-1.6037663],[103.6420597,-1.6036725],[103.641656,-1.6034968],[103.6414469,-1.6034164],[103.6409127,-1.6032471],[103.640603,-1.603149],[103.6404032,-1.6030794],[103.6401765,-1.6030065],[103.6397956,-1.6028757],[103.6391025,-1.6026336]]}},{"type":"Feature","properties":{"segmentId":"osm-gaul2-18003-5062249381-5062249334-0","regionId":"gaul2-18003","province":"Jambi","region":"Kota Jambi","roadName":"Jalan Sentot Ali Basa","highway":"trunk","lengthMeters":540.717,"osmWayIds":["1241872336"],"u":"5062249381","v":"5062249334","key":0,"oneway":false,"source":"OpenStreetMap"},"geometry":{"type":"LineString","coordinates":[[103.6509521,-1.6070124],[103.6514059,-1.6070922],[103.6516287,-1.6071015],[103.6517513,-1.6071049],[103.6519337,-1.6071008],[103.6520632,-1.6070753],[103.6523457,-1.6069789],[103.6525159,-1.6069301],[103.6526325,-1.6068917],[103.6527445,-1.6068639],[103.6527947,-1.6068515],[103.653019,-1.6068134],[103.6532006,-1.6067926],[103.6535606,-1.6067853],[103.6537494,-1.6067908],[103.6538971,-1.6068152],[103.6540754,-1.6069038],[103.6543629,-1.6070931],[103.6545301,-1.6072188],[103.6547917,-1.6073675],[103.6550303,-1.6074416],[103.6552328,-1.6074654],[103.6553884,-1.6074547],[103.6554678,-1.6074432],[103.6555627,-1.6073604]]}},{"type":"Feature","properties":{"segmentId":"osm-gaul2-18003-5062249381-5162151033-0","regionId":"gaul2-18003","province":"Jambi","region":"Kota Jambi","roadName":"Jalan Raya Jambi 15","highway":"trunk","lengthMeters":182.688,"osmWayIds":["527325100"],"u":"5062249381","v":"5162151033","key":0,"oneway":false,"source":"OpenStreetMap"},"geometry":{"type":"LineString","coordinates":[[103.6509521,-1.6070124],[103.6506704,-1.6075218],[103.650547,-1.6078087],[103.6503673,-1.6081893],[103.6502428,-1.6084925]]}},{"type":"Feature","properties":{"segmentId":"osm-gaul2-18003-5113490942-5325195451-0","regionId":"gaul2-18003","province":"Jambi","region":"Kota Jambi","roadName":"Jalan Pangeran Hidayat","highway":"trunk","lengthMeters":840.069,"osmWayIds":["374777713"],"u":"5113490942","v":"5325195451","key":0,"oneway":false,"source":"OpenStreetMap"},"geometry":{"type":"LineString","coordinates":[[103.602231,-1.644567],[103.6023499,-1.6442396],[103.6023647,-1.6441648],[103.602423,-1.6438694],[103.6024189,-1.64377],[103.6024984,-1.6432444],[103.6025115,-1.6431354],[103.6025363,-1.64293],[103.6025571,-1.6427741],[103.6025697,-1.6425919],[103.6025456,-1.6423632],[103.6025204,-1.6420704],[103.6024902,-1.6418238],[103.6024743,-1.6416443],[103.6024142,-1.6410818],[103.6023933,-1.6408692],[103.602373,-1.6406097],[103.6023717,-1.6404586],[103.6023849,-1.6403054],[103.6024124,-1.6401577],[103.6024676,-1.6399978],[103.602768,-1.6393114],[103.6028868,-1.6390331],[103.6029324,-1.6388759],[103.6029563,-1.6387631],[103.6029939,-1.6384681],[103.6030166,-1.6382494],[103.6030827,-1.6371742]]}},{"type":"Feature","properties":{"segmentId":"osm-gaul2-18003-5113490968-4791352827-0","regionId":"gaul2-18003","province":"Jambi","region":"Kota Jambi","roadName":"Jalan Profesor M. Yamin SH","highway":"trunk","lengthMeters":348.218,"osmWayIds":["1022824380"],"u":"5113490968","v":"4791352827","key":0,"oneway":true,"source":"OpenStreetMap"},"geometry":{"type":"LineString","coordinates":[[103.6042405,-1.6167794],[103.6042704,-1.6167043],[103.6043317,-1.6165796],[103.6043767,-1.6164166],[103.6044216,-1.6161076],[103.6044283,-1.6159313],[103.6044283,-1.6157276],[103.6044218,-1.6156141],[103.6044186,-1.6155402],[103.6043889,-1.6151541],[103.6043526,-1.6147064],[103.6043421,-1.6145954],[103.6042788,-1.6141372],[103.60421,-1.6136902]]}},{"type":"Feature","properties":{"segmentId":"osm-gaul2-18003-5113490968-6135347993-0","regionId":"gaul2-18003","province":"Jambi","region":"Kota Jambi","roadName":"Jalan Haji Oemar Said Cokroaminoto","highway":"secondary","lengthMeters":9.747,"osmWayIds":["1245463808"],"u":"5113490968","v":"6135347993","key":0,"oneway":true,"source":"OpenStreetMap"},"geometry":{"type":"LineString","coordinates":[[103.6042405,-1.6167794],[103.6043164,-1.6168233]]}},{"type":"Feature","properties":{"segmentId":"osm-gaul2-18003-5122349943-5126813554-0","regionId":"gaul2-18003","province":"Jambi","region":"Kota Jambi","roadName":"Unnamed OSM road","highway":"trunk","lengthMeters":246.876,"osmWayIds":["486559994"],"u":"5122349943","v":"5126813554","key":0,"oneway":false,"source":"OpenStreetMap"},"geometry":{"type":"LineString","coordinates":[[103.655502,-1.63204],[103.655409,-1.6319567],[103.6552892,-1.6318891],[103.6545746,-1.6315318],[103.6535302,-1.631028]]}},{"type":"Feature","properties":{"segmentId":"osm-gaul2-18003-5122349943-5162150595-0","regionId":"gaul2-18003","province":"Jambi","region":"Kota Jambi","roadName":"Unnamed OSM road","highway":"trunk","lengthMeters":386.354,"osmWayIds":["1202717030"],"u":"5122349943","v":"5162150595","key":0,"oneway":false,"source":"OpenStreetMap"},"geometry":{"type":"LineString","coordinates":[[103.655502,-1.63204],[103.655572,-1.6321598],[103.6557622,-1.632647],[103.6559046,-1.6331406],[103.6559957,-1.6336118],[103.65601,-1.6337516],[103.6560156,-1.6339145],[103.6560105,-1.6340669],[103.6559536,-1.6346128],[103.655849,-1.6354204]]}},{"type":"Feature","properties":{"segmentId":"osm-gaul2-18003-5122349943-5363102785-0","regionId":"gaul2-18003","province":"Jambi","region":"Kota Jambi","roadName":"Jalan Sultan Hasanuddin","highway":"tertiary","lengthMeters":2903.0,"osmWayIds":["820839388"],"u":"5122349943","v":"5363102785","key":0,"oneway":false,"source":"OpenStreetMap"},"geometry":{"type":"LineString","coordinates":[[103.655502,-1.63204],[103.655608,-1.6320347],[103.6557436,-1.632079],[103.6558682,-1.632195],[103.6559603,-1.6323016],[103.6561031,-1.6325071],[103.6566449,-1.6333932],[103.6568508,-1.6336918],[103.6569882,-1.6338262],[103.6572759,-1.6340443],[103.6582757,-1.6348075],[103.6586237,-1.6350511],[103.6587529,-1.6351338],[103.6588249,-1.6351798],[103.6590509,-1.6352794],[103.6596215,-1.6354721],[103.6599621,-1.6355766],[103.6604027,-1.635754],[103.6605106,-1.635775],[103.6607031,-1.6357607],[103.6610678,-1.6357003],[103.6614534,-1.6356946],[103.6616921,-1.6357054],[103.6620678,-1.6357153],[103.6624562,-1.6357344],[103.6625035,-1.6357368],[103.6626635,-1.6357449],[103.6630159,-1.6358019],[103.6634342,-1.6358769],[103.6636716,-1.6359466],[103.6637574,-1.6359654],[103.6638922,-1.6359952],[103.6640109,-1.6360177],[103.6641598,-1.6360297],[103.6644823,-1.6360195],[103.6655077,-1.6359197],[103.6657215,-1.6359054],[103.6663323,-1.6358782],[103.6665054,-1.6358742],[103.666681,-1.6358701],[103.6669406,-1.6358689],[103.6673898,-1.6358666],[103.6679134,-1.6358562],[103.6681815,-1.6358354],[103.668397,-1.6358036],[103.6685855,-1.6357442],[103.6689716,-1.6356142],[103.6690927,-1.6355589],[103.6692536,-1.6355227],[103.6694485,-1.6354899],[103.6697381,-1.6354765],[103.6701183,-1.6355069],[103.6703154,-1.6355344],[103.6704918,-1.6355672],[103.6709566,-1.6356466],[103.671566,-1.6357509],[103.6719328,-1.6358213],[103.6722627,-1.6358783],[103.6727335,-1.6359674],[103.6729775,-1.6359996],[103.6731851,-1.6360209],[103.6740544,-1.6360549],[103.6748028,-1.6361138],[103.6751167,-1.6361353],[103.675325,-1.6361626],[103.6755813,-1.6361963],[103.6758032,-1.6362345],[103.6761439,-1.6363059],[103.6764145,-1.6363938],[103.6766052,-1.6364775],[103.6768956,-1.636612],[103.6778001,-1.6370414],[103.6780403,-1.6371608],[103.6782843,-1.6372765],[103.6786026,-1.6374336],[103.6788107,-1.6375476],[103.6790702,-1.6377024],[103.6795795,-1.6380231]]}},{"type":"Feature","properties":{"segmentId":"osm-gaul2-18003-5122350014-5122350016-0","regionId":"gaul2-18003","province":"Jambi","region":"Kota Jambi","roadName":"Unnamed OSM road","highway":"secondary","lengthMeters":33.8,"osmWayIds":["527325057"],"u":"5122350014","v":"5122350016","key":0,"oneway":true,"source":"OpenStreetMap"},"geometry":{"type":"LineString","coordinates":[[103.6088846,-1.5951865],[103.6088734,-1.5951547],[103.6088562,-1.5951256],[103.6088337,-1.5951005],[103.6088067,-1.5950802],[103.6087763,-1.5950655],[103.6087436,-1.595057],[103.6087099,-1.595055],[103.6086765,-1.5950596],[103.6086439,-1.5950693]]}},{"type":"Feature","properties":{"segmentId":"osm-gaul2-18003-5122350014-5126812869-0","regionId":"gaul2-18003","province":"Jambi","region":"Kota Jambi","roadName":"Jalan K.H. Achmad Dahlan","highway":"secondary","lengthMeters":37.924,"osmWayIds":["526828488"],"u":"5122350014","v":"5126812869","key":0,"oneway":true,"source":"OpenStreetMap"},"geometry":{"type":"LineString","coordinates":[[103.6088846,-1.5951865],[103.6088741,-1.5948456]]}},{"type":"Feature","properties":{"segmentId":"osm-gaul2-18003-5122350016-5143613119-0","regionId":"gaul2-18003","province":"Jambi","region":"Kota Jambi","roadName":"Unnamed OSM road","highway":"trunk","lengthMeters":140.044,"osmWayIds":["809843817"],"u":"5122350016","v":"5143613119","key":0,"oneway":true,"source":"OpenStreetMap"},"geometry":{"type":"LineString","coordinates":[[103.6086439,-1.5950693],[103.6082947,-1.5952951],[103.6077898,-1.5956256],[103.6076416,-1.595708],[103.6075732,-1.5957268]]}},{"type":"Feature","properties":{"segmentId":"osm-gaul2-18003-5122352857-4791352809-0","regionId":"gaul2-18003","province":"Jambi","region":"Kota Jambi","roadName":"Jalan M.H. Thamrin","highway":"trunk","lengthMeters":259.443,"osmWayIds":["654227875"],"u":"5122352857","v":"4791352809","key":0,"oneway":true,"source":"OpenStreetMap"},"geometry":{"type":"LineString","coordinates":[[103.6116471,-1.5934899],[103.6115483,-1.593559],[103.6114837,-1.5936563],[103.6111405,-1.5943125],[103.610528,-1.595134],[103.6104784,-1.5952556],[103.6104635,-1.5954546]]}},{"type":"Feature","properties":{"segmentId":"osm-gaul2-18003-5122352857-7588337313-0","regionId":"gaul2-18003","province":"Jambi","region":"Kota Jambi","roadName":"Jembatan Sungai Marem","highway":"trunk","lengthMeters":163.818,"osmWayIds":["602562253","602562255","812545627"],"u":"5122352857","v":"7588337313","key":0,"oneway":false,"source":"OpenStreetMap"},"geometry":{"type":"LineString","coordinates":[[103.6116471,-1.5934899],[103.6118205,-1.5934491],[103.6120284,-1.593429],[103.612318,-1.5934183],[103.6131139,-1.5933762]]}},{"type":"Feature","properties":{"segmentId":"osm-gaul2-18003-5122352883-5122352903-0","regionId":"gaul2-18003","province":"Jambi","region":"Kota Jambi","roadName":"Jalan Panglima Polim","highway":"tertiary","lengthMeters":514.243,"osmWayIds":["654251368"],"u":"5122352883","v":"5122352903","key":0,"oneway":false,"source":"OpenStreetMap"},"geometry":{"type":"LineString","coordinates":[[103.6239722,-1.5920348],[103.6244175,-1.5922198],[103.625477,-1.5927373],[103.6254962,-1.592747],[103.6258136,-1.5929076],[103.6269253,-1.5934344],[103.6269578,-1.5934482],[103.6272258,-1.5935872],[103.6273599,-1.5936342],[103.627679,-1.593724],[103.6278239,-1.5937454],[103.6282208,-1.5937964]]}},{"type":"Feature","properties":{"segmentId":"osm-gaul2-18003-5122352883-6135478573-0","regionId":"gaul2-18003","province":"Jambi","region":"Kota Jambi","roadName":"Jalan Panglima Polim","highway":"tertiary","lengthMeters":6.71,"osmWayIds":["654251368"],"u":"5122352883","v":"6135478573","key":0,"oneway":false,"source":"OpenStreetMap"},"geometry":{"type":"LineString","coordinates":[[103.6239722,-1.5920348],[103.6239149,-1.5920158]]}},{"type":"Feature","properties":{"segmentId":"osm-gaul2-18003-5122352883-7621981058-0","regionId":"gaul2-18003","province":"Jambi","region":"Kota Jambi","roadName":"Jalan Kyai Haji Hasyim Ashari","highway":"tertiary","lengthMeters":59.428,"osmWayIds":["527325093"],"u":"5122352883","v":"7621981058","key":0,"oneway":true,"source":"OpenStreetMap"},"geometry":{"type":"LineString","coordinates":[[103.6239722,-1.5920348],[103.6239898,-1.5922909],[103.6240037,-1.5925683]]}},{"type":"Feature","properties":{"segmentId":"osm-gaul2-18003-5122352901-6130778102-0","regionId":"gaul2-18003","province":"Jambi","region":"Kota Jambi","roadName":"Jalan Dokter Setiabudi","highway":"tertiary","lengthMeters":209.542,"osmWayIds":["1051677538","654251362"],"u":"5122352901","v":"6130778102","key":0,"oneway":true,"source":"OpenStreetMap"},"geometry":{"type":"LineString","coordinates":[[103.6260085,-1.5853441],[103.6260849,-1.5858996],[103.6260989,-1.586031],[103.6261255,-1.5862937],[103.6261316,-1.5864295],[103.626126,-1.5865344],[103.6261077,-1.5866361],[103.6260901,-1.586705],[103.6260509,-1.5867824],[103.6258394,-1.5871515]]}},{"type":"Feature","properties":{"segmentId":"osm-gaul2-18003-5122352901-6130778116-0","regionId":"gaul2-18003","province":"Jambi","region":"Kota Jambi","roadName":"Unnamed OSM road","highway":"tertiary_link","lengthMeters":8.693,"osmWayIds":["654251360"],"u":"5122352901","v":"6130778116","key":0,"oneway":false,"source":"OpenStreetMap"},"geometry":{"type":"LineString","coordinates":[[103.6260085,-1.5853441],[103.6259309,-1.5853538]]}},{"type":"Feature","properties":{"segmentId":"osm-gaul2-18003-5122352903-5122352883-0","regionId":"gaul2-18003","province":"Jambi","region":"Kota Jambi","roadName":"Jalan Panglima Polim","highway":"tertiary","lengthMeters":514.243,"osmWayIds":["654251368"],"u":"5122352903","v":"5122352883","key":0,"oneway":false,"source":"OpenStreetMap"},"geometry":{"type":"LineString","coordinates":[[103.6282208,-1.5937964],[103.6278239,-1.5937454],[103.627679,-1.593724],[103.6273599,-1.5936342],[103.6272258,-1.5935872],[103.6269578,-1.5934482],[103.6269253,-1.5934344],[103.6258136,-1.5929076],[103.6254962,-1.592747],[103.625477,-1.5927373],[103.6244175,-1.5922198],[103.6239722,-1.5920348]]}},{"type":"Feature","properties":{"segmentId":"osm-gaul2-18003-5122352903-5122353843-0","regionId":"gaul2-18003","province":"Jambi","region":"Kota Jambi","roadName":"Jalan Raya Jambi 13","highway":"tertiary","lengthMeters":2972.379,"osmWayIds":["527325079","654159077","654159080","656257056","668414375","668414377"],"u":"5122352903","v":"5122353843","key":0,"oneway":false,"source":"OpenStreetMap"},"geometry":{"type":"LineString","coordinates":[[103.6282208,-1.5937964],[103.6283576,-1.5935684],[103.6284193,-1.5934237],[103.6284435,-1.5932762],[103.62843,-1.5931449],[103.6283308,-1.5926783],[103.6282343,-1.5922708],[103.6282584,-1.5922011],[103.6283076,-1.5921361],[103.6286238,-1.5919778],[103.6290081,-1.59181],[103.6296101,-1.5915458],[103.6301146,-1.5913243],[103.6302566,-1.5912573],[103.6303506,-1.5912197],[103.630401,-1.5912023],[103.6313161,-1.5908873],[103.6314395,-1.590839],[103.6322985,-1.5905048],[103.6325365,-1.5904154],[103.6326546,-1.5903832],[103.6329187,-1.5903162],[103.6330622,-1.590284],[103.6331735,-1.5902773],[103.6332974,-1.590284],[103.6334512,-1.5903015],[103.6335451,-1.5903218],[103.6343202,-1.5904891],[103.634508,-1.5905012],[103.6346619,-1.5904888],[103.6348084,-1.5904771],[103.634823,-1.5904704],[103.6351973,-1.5904395],[103.6356345,-1.5903966],[103.6358692,-1.5903725],[103.6364551,-1.5903304],[103.6365545,-1.5903162],[103.6366685,-1.5903042],[103.6367932,-1.5902733],[103.6369971,-1.5902089],[103.6372292,-1.5901108],[103.6373886,-1.5900481],[103.6375538,-1.5900039],[103.6377534,-1.5899408],[103.6379412,-1.5899167],[103.6380333,-1.5899135],[103.6383301,-1.5899033],[103.6384943,-1.5898838],[103.6386546,-1.5898604],[103.6393654,-1.5896968],[103.6396041,-1.5896084],[103.6400816,-1.5893134],[103.6403432,-1.5891041],[103.640728,-1.5888147],[103.640504,-1.5885895],[103.6404423,-1.5885124],[103.6403652,-1.5884018],[103.6401627,-1.5881163],[103.6400843,-1.5880345],[103.6399703,-1.5879219],[103.6398919,-1.5878576],[103.6397205,-1.5877171],[103.6394714,-1.587513],[103.639415,-1.5874681],[103.6393001,-1.5873664],[103.6392736,-1.5873428],[103.6392011,-1.587265],[103.6391368,-1.5871792],[103.6390693,-1.5870883],[103.638947,-1.5869433],[103.6388431,-1.5868166],[103.6387492,-1.5867134],[103.6386377,-1.5866018],[103.6384783,-1.5864881],[103.6384131,-1.5864328],[103.6383187,-1.5863528],[103.6382056,-1.5862433],[103.63796,-1.5860055],[103.6376435,-1.5856818],[103.637571,-1.5856121],[103.6375214,-1.585541],[103.6374865,-1.5854512],[103.6374108,-1.5851972],[103.637396,-1.5851154],[103.6373765,-1.584998],[103.6367149,-1.5854294],[103.6362641,-1.5856972],[103.6360848,-1.585791],[103.63601,-1.5858262],[103.635905,-1.5858634],[103.635519,-1.5859733],[103.6352154,-1.5860558],[103.635166,-1.585917],[103.6350536,-1.5856123],[103.6349961,-1.5855166],[103.6349586,-1.585477],[103.6349213,-1.5854522],[103.6348734,-1.5854371],[103.6348114,-1.5854304],[103.6347487,-1.5854395],[103.6347091,-1.5854502],[103.6346422,-1.585476],[103.6339408,-1.585813],[103.6337351,-1.5859035],[103.6336859,-1.585911],[103.6336522,-1.5859105],[103.6336216,-1.5859027],[103.6335992,-1.5858898],[103.6335772,-1.5858718],[103.6335571,-1.5858413],[103.6334947,-1.58572],[103.6332083,-1.5850849],[103.6327002,-1.5839833]]}},{"type":"Feature","properties":{"segmentId":"osm-gaul2-18003-5122352903-5126813640-0","regionId":"gaul2-18003","province":"Jambi","region":"Kota Jambi","roadName":"Jalan Kompol Zainal Abidin","highway":"tertiary","lengthMeters":510.621,"osmWayIds":["1139096519","717959047"],"u":"5122352903","v":"5126813640","key":0,"oneway":false,"source":"OpenStreetMap"},"geometry":{"type":"LineString","coordinates":[[103.6282208,-1.5937964],[103.6281967,-1.5939465],[103.6281592,-1.5942629],[103.6281354,-1.5945747],[103.6281047,-1.594976],[103.6281011,-1.5950943],[103.6280939,-1.5954041],[103.6280752,-1.5956805],[103.6280373,-1.5960106],[103.6280172,-1.5963136],[103.6279472,-1.5967162],[103.627909,-1.5971293],[103.627789,-1.5983651]]}},{"type":"Feature","properties":{"segmentId":"osm-gaul2-18003-5122353280-5062248475-0","regionId":"gaul2-18003","province":"Jambi","region":"Kota Jambi","roadName":"Jalan Raden Fatah","highway":"tertiary","lengthMeters":3944.936,"osmWayIds":["526828490","654132666","654134242","654149238","690379645","690379647","815155505","815155506"],"u":"5122353280","v":"5062248475","key":0,"oneway":false,"source":"OpenStreetMap"},"geometry":{"type":"LineString","coordinates":[[103.6260213,-1.5847953],[103.6260438,-1.5847327],[103.6260804,-1.5845898],[103.6260976,-1.5844982],[103.6260976,-1.584386],[103.6260386,-1.5840958],[103.6259734,-1.5838046],[103.6258493,-1.5834686],[103.6258046,-1.5833347],[103.6257306,-1.5832143],[103.625652,-1.5831333],[103.6255718,-1.5830664],[103.6245294,-1.5823673],[103.6245003,-1.582343],[103.6244792,-1.5823162],[103.6244489,-1.582267],[103.6243642,-1.5821044],[103.624302,-1.5820313],[103.6241419,-1.5819023],[103.6241091,-1.5818723],[103.6241043,-1.5818455],[103.6241112,-1.581796],[103.6246269,-1.5807504],[103.6247064,-1.5806573],[103.6247387,-1.5806264],[103.6247665,-1.580606],[103.6248077,-1.5805862],[103.6249884,-1.5805396],[103.6250925,-1.580504],[103.6251289,-1.5804836],[103.6251732,-1.5804451],[103.625201,-1.5803982],[103.6252503,-1.5803058],[103.6254368,-1.5798382],[103.6255326,-1.5796082],[103.625603,-1.5794226],[103.6256245,-1.579326],[103.6256184,-1.5792845],[103.6256037,-1.5792577],[103.6255413,-1.5791665],[103.625538,-1.5791424],[103.6255395,-1.5791088],[103.6255474,-1.5790458],[103.6255635,-1.5789688],[103.6255809,-1.5788548],[103.6256459,-1.5786852],[103.625772,-1.5783192],[103.6258364,-1.5780605],[103.6258853,-1.5778849],[103.6259919,-1.5775725],[103.6261435,-1.5772293],[103.626245,-1.5770436],[103.626413,-1.576736],[103.626427,-1.5766944],[103.6264949,-1.5765698],[103.6266343,-1.5763566],[103.6269575,-1.5759276],[103.6273089,-1.5755121],[103.6275329,-1.575256],[103.6278259,-1.5749865],[103.6281418,-1.5746929],[103.6283389,-1.5744932],[103.6285132,-1.5742881],[103.6286151,-1.5741473],[103.628701,-1.5740535],[103.6288404,-1.5739382],[103.6290859,-1.5738014],[103.6293943,-1.5736191],[103.6298892,-1.5732478],[103.6300467,-1.5731351],[103.6301802,-1.5730319],[103.6304082,-1.5728201],[103.6305713,-1.5726067],[103.630608,-1.5725587],[103.6307113,-1.5723992],[103.6308655,-1.5722035],[103.6309728,-1.5720788],[103.6311525,-1.5719259],[103.6316273,-1.5715452],[103.6317131,-1.5714983],[103.6318861,-1.571391],[103.6320973,-1.5712811],[103.6322013,-1.5712409],[103.6323072,-1.5712141],[103.632499,-1.5711632],[103.6326833,-1.5711279],[103.6328155,-1.5711148],[103.6331615,-1.5710814],[103.6333244,-1.5710686],[103.6334357,-1.5710391],[103.6335326,-1.571009],[103.6337137,-1.5709466],[103.6338723,-1.5708756],[103.6344798,-1.5705639],[103.6354217,-1.5699286],[103.6356791,-1.5697193],[103.6360502,-1.56947],[103.6365491,-1.5691643],[103.637158,-1.5689176],[103.6379492,-1.5686093],[103.6386895,-1.5683197],[103.6395639,-1.5679631],[103.6403739,-1.5675851],[103.6411518,-1.5672285],[103.6415178,-1.5670477],[103.6426089,-1.5666436],[103.6426994,-1.5666064],[103.6434424,-1.5663169],[103.6438286,-1.5661345],[103.6442417,-1.5659415],[103.6442792,-1.5659334],[103.645497,-1.565424],[103.6460656,-1.565231],[103.6463875,-1.5651371],[103.6465618,-1.5650996],[103.6469715,-1.5651049],[103.647227,-1.5651278],[103.6477554,-1.5651988],[103.6480907,-1.5652578],[103.6485574,-1.5653476]]}},{"type":"Feature","properties":{"segmentId":"osm-gaul2-18003-5122353280-6130722751-0","regionId":"gaul2-18003","province":"Jambi","region":"Kota Jambi","roadName":"Jalan Yos Sudarso","highway":"trunk","lengthMeters":17.071,"osmWayIds":["815155504"],"u":"5122353280","v":"6130722751","key":0,"oneway":true,"source":"OpenStreetMap"},"geometry":{"type":"LineString","coordinates":[[103.6260213,-1.5847953],[103.6261718,-1.5848259]]}},{"type":"Feature","properties":{"segmentId":"osm-gaul2-18003-5122353280-7614248095-0","regionId":"gaul2-18003","province":"Jambi","region":"Kota Jambi","roadName":"Jalan Dokter Setiabudi","highway":"trunk","lengthMeters":10.228,"osmWayIds":["668392473"],"u":"5122353280","v":"7614248095","key":0,"oneway":true,"source":"OpenStreetMap"},"geometry":{"type":"LineString","coordinates":[[103.6260213,-1.5847953],[103.626006,-1.584886]]}},{"type":"Feature","properties":{"segmentId":"osm-gaul2-18003-5122353315-13074353539-0","regionId":"gaul2-18003","province":"Jambi","region":"Kota Jambi","roadName":"Jalan Dokter Sutomo","highway":"primary","lengthMeters":25.236,"osmWayIds":["527325068"],"u":"5122353315","v":"13074353539","key":0,"oneway":true,"source":"OpenStreetMap"},"geometry":{"type":"LineString","coordinates":[[103.6171714,-1.592852],[103.6171925,-1.5929253],[103.6172022,-1.5930002],[103.6171931,-1.5930748]]}},{"type":"Feature","properties":{"segmentId":"osm-gaul2-18003-5122353315-5126812903-0","regionId":"gaul2-18003","province":"Jambi","region":"Kota Jambi","roadName":"Unnamed OSM road","highway":"primary_link","lengthMeters":25.721,"osmWayIds":["1422664391"],"u":"5122353315","v":"5126812903","key":0,"oneway":false,"source":"OpenStreetMap"},"geometry":{"type":"LineString","coordinates":[[103.6171714,-1.592852],[103.6171103,-1.5929031],[103.6170631,-1.5929762],[103.6170599,-1.5930408]]}},{"type":"Feature","properties":{"segmentId":"osm-gaul2-18003-5122353843-5062248508-0","regionId":"gaul2-18003","province":"Jambi","region":"Kota Jambi","roadName":"Jalan Yos Sudarso","highway":"trunk","lengthMeters":2740.384,"osmWayIds":["526828516","668407050","668407051"],"u":"5122353843","v":"5062248508","key":0,"oneway":false,"source":"OpenStreetMap"},"geometry":{"type":"LineString","coordinates":[[103.6327002,-1.5839833],[103.6333041,-1.5838769],[103.6334317,-1.5838529],[103.6335357,-1.5838244],[103.6336386,-1.5837899],[103.6340496,-1.5836368],[103.6342451,-1.5835596],[103.634516,-1.5834417],[103.6350803,-1.5831843],[103.6352664,-1.5830869],[103.6355332,-1.582951],[103.6356828,-1.5828682],[103.6359121,-1.5827238],[103.6362547,-1.5824731],[103.6363191,-1.5824201],[103.6364713,-1.5822834],[103.6365853,-1.5821607],[103.6366571,-1.5820575],[103.6367308,-1.5819435],[103.6367965,-1.5818236],[103.6369622,-1.581479],[103.6371915,-1.5809482],[103.6375576,-1.5801009],[103.6376755,-1.5798635],[103.6377891,-1.5796348],[103.6383301,-1.5785458],[103.6390449,-1.5771737],[103.6391126,-1.5770557],[103.6392434,-1.5768473],[103.639299,-1.5767615],[103.6393607,-1.57668],[103.6394181,-1.576609],[103.6394962,-1.5765182],[103.6396484,-1.57637],[103.6398321,-1.5762077],[103.6402076,-1.5758485],[103.6405667,-1.575515],[103.6419016,-1.5742752],[103.6425921,-1.5736339],[103.642745,-1.5735038],[103.6429133,-1.5733631],[103.6434941,-1.572903],[103.6437749,-1.5726806],[103.6439627,-1.5725319],[103.6442486,-1.5723009],[103.6443797,-1.5721949],[103.6452777,-1.5714654],[103.6454017,-1.5713609],[103.6455332,-1.5712268],[103.6456103,-1.5711336],[103.6457062,-1.571009],[103.6458004,-1.5708789],[103.6458473,-1.5708059],[103.6461749,-1.5702415],[103.6463177,-1.5700075],[103.6466315,-1.5695088],[103.6467938,-1.569234],[103.6471063,-1.5687501],[103.6472598,-1.5685624],[103.6474416,-1.5683452],[103.6475475,-1.5682433],[103.6477447,-1.5680958],[103.6479284,-1.5679805],[103.6480719,-1.5679336],[103.6483844,-1.5678545],[103.6490066,-1.5678183],[103.6497349,-1.5677888]]}},{"type":"Feature","properties":{"segmentId":"osm-gaul2-18003-5122353843-5122352903-0","regionId":"gaul2-18003","province":"Jambi","region":"Kota Jambi","roadName":"Jalan Raya Jambi 13","highway":"tertiary","lengthMeters":2972.379,"osmWayIds":["527325079","654159077","654159080","656257056","668414375","668414377"],"u":"5122353843","v":"5122352903","key":0,"oneway":false,"source":"OpenStreetMap"},"geometry":{"type":"LineString","coordinates":[[103.6327002,-1.5839833],[103.6332083,-1.5850849],[103.6334947,-1.58572],[103.6335571,-1.5858413],[103.6335772,-1.5858718],[103.6335992,-1.5858898],[103.6336216,-1.5859027],[103.6336522,-1.5859105],[103.6336859,-1.585911],[103.6337351,-1.5859035],[103.6339408,-1.585813],[103.6346422,-1.585476],[103.6347091,-1.5854502],[103.6347487,-1.5854395],[103.6348114,-1.5854304],[103.6348734,-1.5854371],[103.6349213,-1.5854522],[103.6349586,-1.585477],[103.6349961,-1.5855166],[103.6350536,-1.5856123],[103.635166,-1.585917],[103.6352154,-1.5860558],[103.635519,-1.5859733],[103.635905,-1.5858634],[103.63601,-1.5858262],[103.6360848,-1.585791],[103.6362641,-1.5856972],[103.6367149,-1.5854294],[103.6373765,-1.584998],[103.637396,-1.5851154],[103.6374108,-1.5851972],[103.6374865,-1.5854512],[103.6375214,-1.585541],[103.637571,-1.5856121],[103.6376435,-1.5856818],[103.63796,-1.5860055],[103.6382056,-1.5862433],[103.6383187,-1.5863528],[103.6384131,-1.5864328],[103.6384783,-1.5864881],[103.6386377,-1.5866018],[103.6387492,-1.5867134],[103.6388431,-1.5868166],[103.638947,-1.5869433],[103.6390693,-1.5870883],[103.6391368,-1.5871792],[103.6392011,-1.587265],[103.6392736,-1.5873428],[103.6393001,-1.5873664],[103.639415,-1.5874681],[103.6394714,-1.587513],[103.6397205,-1.5877171],[103.6398919,-1.5878576],[103.6399703,-1.5879219],[103.6400843,-1.5880345],[103.6401627,-1.5881163],[103.6403652,-1.5884018],[103.6404423,-1.5885124],[103.640504,-1.5885895],[103.640728,-1.5888147],[103.6403432,-1.5891041],[103.6400816,-1.5893134],[103.6396041,-1.5896084],[103.6393654,-1.5896968],[103.6386546,-1.5898604],[103.6384943,-1.5898838],[103.6383301,-1.5899033],[103.6380333,-1.5899135],[103.6379412,-1.5899167],[103.6377534,-1.5899408],[103.6375538,-1.5900039],[103.6373886,-1.5900481],[103.6372292,-1.5901108],[103.6369971,-1.5902089],[103.6367932,-1.5902733],[103.6366685,-1.5903042],[103.6365545,-1.5903162],[103.6364551,-1.5903304],[103.6358692,-1.5903725],[103.6356345,-1.5903966],[103.6351973,-1.5904395],[103.634823,-1.5904704],[103.6348084,-1.5904771],[103.6346619,-1.5904888],[103.634508,-1.5905012],[103.6343202,-1.5904891],[103.6335451,-1.5903218],[103.6334512,-1.5903015],[103.6332974,-1.590284],[103.6331735,-1.5902773],[103.6330622,-1.590284],[103.6329187,-1.5903162],[103.6326546,-1.5903832],[103.6325365,-1.5904154],[103.6322985,-1.5905048],[103.6314395,-1.590839],[103.6313161,-1.5908873],[103.630401,-1.5912023],[103.6303506,-1.5912197],[103.6302566,-1.5912573],[103.6301146,-1.5913243],[103.6296101,-1.5915458],[103.6290081,-1.59181],[103.6286238,-1.5919778],[103.6283076,-1.5921361],[103.6282584,-1.5922011],[103.6282343,-1.5922708],[103.6283308,-1.5926783],[103.62843,-1.5931449],[103.6284435,-1.5932762],[103.6284193,-1.5934237],[103.6283576,-1.5935684],[103.6282208,-1.5937964]]}},{"type":"Feature","properties":{"segmentId":"osm-gaul2-18003-5122353843-6130722751-0","regionId":"gaul2-18003","province":"Jambi","region":"Kota Jambi","roadName":"Jalan Yos Sudarso","highway":"trunk","lengthMeters":744.539,"osmWayIds":["654251340","765941757"],"u":"5122353843","v":"6130722751","key":0,"oneway":false,"source":"OpenStreetMap"},"geometry":{"type":"LineString","coordinates":[[103.6327002,-1.5839833],[103.6320725,-1.58409],[103.6316647,-1.5841799],[103.6315012,-1.5842353],[103.6313778,-1.5842889],[103.6308736,-1.5845597],[103.6303971,-1.5847381],[103.6303291,-1.5847635],[103.6299707,-1.5848333],[103.629688,-1.5848815],[103.6293192,-1.5849164],[103.6290088,-1.5849396],[103.6286312,-1.5849579],[103.6283389,-1.5849699],[103.6279666,-1.58492],[103.6275752,-1.5848683],[103.6270756,-1.5848117],[103.6266679,-1.584793],[103.6262503,-1.5848144],[103.6261718,-1.5848259]]}},{"type":"Feature","properties":{"segmentId":"osm-gaul2-18003-5122353924-5122353927-0","regionId":"gaul2-18003","province":"Jambi","region":"Kota Jambi","roadName":"Jalan Orang Kayo Hitam","highway":"secondary","lengthMeters":10.459,"osmWayIds":["526828505"],"u":"5122353924","v":"5122353927","key":0,"oneway":false,"source":"OpenStreetMap"},"geometry":{"type":"LineString","coordinates":[[103.6226331,-1.5958047],[103.6225429,-1.5957779]]}},{"type":"Feature","properties":{"segmentId":"osm-gaul2-18003-5122353924-5126813640-0","regionId":"gaul2-18003","province":"Jambi","region":"Kota Jambi","roadName":"Jalan Orang Kayo Hitam","highway":"secondary","lengthMeters":641.721,"osmWayIds":["526828505"],"u":"5122353924","v":"5126813640","key":0,"oneway":false,"source":"OpenStreetMap"},"geometry":{"type":"LineString","coordinates":[[103.6226331,-1.5958047],[103.6232105,-1.5961236],[103.6236343,-1.5963596],[103.6242512,-1.5966652],[103.6246117,-1.5968118],[103.6251792,-1.5970004],[103.6256613,-1.5971789],[103.625893,-1.5972774],[103.625978,-1.5973212],[103.6261475,-1.5973999],[103.6266166,-1.5976757],[103.627789,-1.5983651]]}},{"type":"Feature","properties":{"segmentId":"osm-gaul2-18003-5122353924-7621343491-0","regionId":"gaul2-18003","province":"Jambi","region":"Kota Jambi","roadName":"Jalan Pangeran Diponegoro","highway":"secondary","lengthMeters":326.354,"osmWayIds":["1025395896","654763978"],"u":"5122353924","v":"7621343491","key":0,"oneway":true,"source":"OpenStreetMap"},"geometry":{"type":"LineString","coordinates":[[103.6226331,-1.5958047],[103.6225145,-1.595952],[103.6223938,-1.5961116],[103.6222609,-1.5962711],[103.6222349,-1.5962954],[103.6220873,-1.596433],[103.6219439,-1.5965383],[103.6216548,-1.5967537],[103.6213324,-1.597007],[103.6212726,-1.597054],[103.6211982,-1.5971324],[103.6211304,-1.5972269],[103.621058,-1.5973612],[103.6209762,-1.5975647],[103.6208931,-1.5977511],[103.6207858,-1.5980058]]}},{"type":"Feature","properties":{"segmentId":"osm-gaul2-18003-5122353927-5122353924-0","regionId":"gaul2-18003","province":"Jambi","region":"Kota Jambi","roadName":"Jalan Orang Kayo Hitam","highway":"secondary","lengthMeters":10.459,"osmWayIds":["526828505"],"u":"5122353927","v":"5122353924","key":0,"oneway":false,"source":"OpenStreetMap"},"geometry":{"type":"LineString","coordinates":[[103.6225429,-1.5957779],[103.6226331,-1.5958047]]}},{"type":"Feature","properties":{"segmentId":"osm-gaul2-18003-5122353927-5122353928-0","regionId":"gaul2-18003","province":"Jambi","region":"Kota Jambi","roadName":"Jalan Orang Kayo Hitam","highway":"secondary","lengthMeters":185.611,"osmWayIds":["1227133872","1227133873","717929541"],"u":"5122353927","v":"5122353928","key":0,"oneway":false,"source":"OpenStreetMap"},"geometry":{"type":"LineString","coordinates":[[103.6225429,-1.5957779],[103.6223334,-1.5956812],[103.6220406,-1.5956411],[103.6218101,-1.5955844],[103.6214434,-1.5955517],[103.6213728,-1.595546],[103.6209088,-1.5954912]]}},{"type":"Feature","properties":{"segmentId":"osm-gaul2-18003-5122353927-6135478571-0","regionId":"gaul2-18003","province":"Jambi","region":"Kota Jambi","roadName":"Jalan Kyai Haji Hasyim Ashari","highway":"tertiary","lengthMeters":338.707,"osmWayIds":["654764020","656257053","656257054"],"u":"5122353927","v":"6135478571","key":0,"oneway":true,"source":"OpenStreetMap"},"geometry":{"type":"LineString","coordinates":[[103.6225429,-1.5957779],[103.6226673,-1.5955096],[103.62302,-1.5948118],[103.6230804,-1.5946906],[103.6232225,-1.5944264],[103.6234573,-1.5939921],[103.6236812,-1.5935966],[103.623751,-1.5934612],[103.6238059,-1.5933325],[103.6238381,-1.5932038],[103.6238703,-1.5930469]]}},{"type":"Feature","properties":{"segmentId":"osm-gaul2-18003-5122353928-5122353927-0","regionId":"gaul2-18003","province":"Jambi","region":"Kota Jambi","roadName":"Jalan Orang Kayo Hitam","highway":"secondary","lengthMeters":185.611,"osmWayIds":["1227133872","1227133873","717929541"],"u":"5122353928","v":"5122353927","key":0,"oneway":false,"source":"OpenStreetMap"},"geometry":{"type":"LineString","coordinates":[[103.6209088,-1.5954912],[103.6213728,-1.595546],[103.6214434,-1.5955517],[103.6218101,-1.5955844],[103.6220406,-1.5956411],[103.6223334,-1.5956812],[103.6225429,-1.5957779]]}},{"type":"Feature","properties":{"segmentId":"osm-gaul2-18003-5122353928-5122353932-0","regionId":"gaul2-18003","province":"Jambi","region":"Kota Jambi","roadName":"Jalan Orang Kayo Hitam","highway":"secondary","lengthMeters":178.841,"osmWayIds":["717929541"],"u":"5122353928","v":"5122353932","key":0,"oneway":false,"source":"OpenStreetMap"},"geometry":{"type":"LineString","coordinates":[[103.6209088,-1.5954912],[103.6207643,-1.5954367],[103.6206297,-1.5953618],[103.6204447,-1.5952362],[103.6203198,-1.5951446],[103.6200159,-1.5949169],[103.6197264,-1.594751],[103.6195273,-1.5946893]]}},{"type":"Feature","properties":{"segmentId":"osm-gaul2-18003-5122353928-5122353987-0","regionId":"gaul2-18003","province":"Jambi","region":"Kota Jambi","roadName":"Jalan Otto Iskandardinata","highway":"tertiary","lengthMeters":419.135,"osmWayIds":["526828503"],"u":"5122353928","v":"5122353987","key":0,"oneway":false,"source":"OpenStreetMap"},"geometry":{"type":"LineString","coordinates":[[103.6209088,-1.5954912],[103.6208411,-1.5956998],[103.6207464,-1.5959443],[103.6206407,-1.596174],[103.6205521,-1.5963094],[103.6204743,-1.5964252],[103.6203628,-1.5965897],[103.6202313,-1.5967624],[103.6200956,-1.5968755],[103.6195251,-1.5971892],[103.6193555,-1.5972899],[103.6189899,-1.5975472],[103.6187312,-1.5977118],[103.6185783,-1.5978489],[103.6183834,-1.5980471],[103.6183437,-1.5980875]]}},{"type":"Feature","properties":{"segmentId":"osm-gaul2-18003-5122353932-5122353928-0","regionId":"gaul2-18003","province":"Jambi","region":"Kota Jambi","roadName":"Jalan Orang Kayo Hitam","highway":"secondary","lengthMeters":178.841,"osmWayIds":["717929541"],"u":"5122353932","v":"5122353928","key":0,"oneway":false,"source":"OpenStreetMap"},"geometry":{"type":"LineString","coordinates":[[103.6195273,-1.5946893],[103.6197264,-1.594751],[103.6200159,-1.5949169],[103.6203198,-1.5951446],[103.6204447,-1.5952362],[103.6206297,-1.5953618],[103.6207643,-1.5954367],[103.6209088,-1.5954912]]}},{"type":"Feature","properties":{"segmentId":"osm-gaul2-18003-5122353934-5122353932-0","regionId":"gaul2-18003","province":"Jambi","region":"Kota Jambi","roadName":"Jalan Orang Kayo Hitam","highway":"secondary","lengthMeters":229.876,"osmWayIds":["884629583"],"u":"5122353934","v":"5122353932","key":0,"oneway":true,"source":"OpenStreetMap"},"geometry":{"type":"LineString","coordinates":[[103.6178247,-1.5935188],[103.6183727,-1.5938608],[103.6186396,-1.5940363],[103.6186826,-1.5940723],[103.6192807,-1.5944938],[103.6195273,-1.5946893]]}},{"type":"Feature","properties":{"segmentId":"osm-gaul2-18003-5122353934-7621399611-0","regionId":"gaul2-18003","province":"Jambi","region":"Kota Jambi","roadName":"Jalan Raden Mattaher","highway":"primary","lengthMeters":142.048,"osmWayIds":["526828495"],"u":"5122353934","v":"7621399611","key":0,"oneway":true,"source":"OpenStreetMap"},"geometry":{"type":"LineString","coordinates":[[103.6178247,-1.5935188],[103.6177321,-1.5937414],[103.6176409,-1.5939345],[103.6175859,-1.5940216],[103.6175309,-1.594094],[103.6174625,-1.5941502],[103.6173673,-1.5941824],[103.6172734,-1.5941851],[103.6171473,-1.5941744],[103.6169918,-1.5941556],[103.6169288,-1.594157]]}},{"type":"Feature","properties":{"segmentId":"osm-gaul2-18003-5122353936-5122353934-0","regionId":"gaul2-18003","province":"Jambi","region":"Kota Jambi","roadName":"Jalan Orang Kayo Hitam","highway":"primary","lengthMeters":71.333,"osmWayIds":["604972091"],"u":"5122353936","v":"5122353934","key":0,"oneway":true,"source":"OpenStreetMap"},"geometry":{"type":"LineString","coordinates":[[103.6172341,-1.5932678],[103.6178247,-1.5935188]]}},{"type":"Feature","properties":{"segmentId":"osm-gaul2-18003-5122353936-5122353945-0","regionId":"gaul2-18003","province":"Jambi","region":"Kota Jambi","roadName":"Unnamed OSM road","highway":"primary","lengthMeters":32.949,"osmWayIds":["527325062"],"u":"5122353936","v":"5122353945","key":0,"oneway":true,"source":"OpenStreetMap"},"geometry":{"type":"LineString","coordinates":[[103.6172341,-1.5932678],[103.6171868,-1.5933249],[103.6171189,-1.5933545],[103.6170449,-1.5933502],[103.6169808,-1.5933131]]}},{"type":"Feature","properties":{"segmentId":"osm-gaul2-18003-5122353941-7624771509-0","regionId":"gaul2-18003","province":"Jambi","region":"Kota Jambi","roadName":"Jalan Sultan Thaha","highway":"trunk","lengthMeters":7.211,"osmWayIds":["668407514"],"u":"5122353941","v":"7624771509","key":0,"oneway":true,"source":"OpenStreetMap"},"geometry":{"type":"LineString","coordinates":[[103.6159806,-1.5890855],[103.6160378,-1.5890549]]}},{"type":"Feature","properties":{"segmentId":"osm-gaul2-18003-5122353945-5126812903-0","regionId":"gaul2-18003","province":"Jambi","region":"Kota Jambi","roadName":"Unnamed OSM road","highway":"primary","lengthMeters":38.505,"osmWayIds":["527325062"],"u":"5122353945","v":"5126812903","key":0,"oneway":true,"source":"OpenStreetMap"},"geometry":{"type":"LineString","coordinates":[[103.6169808,-1.5933131],[103.6169428,-1.5932573],[103.6169313,-1.5931908],[103.6169496,-1.5931228],[103.6169955,-1.5930693],[103.6170599,-1.5930408]]}},{"type":"Feature","properties":{"segmentId":"osm-gaul2-18003-5122353987-5122353928-0","regionId":"gaul2-18003","province":"Jambi","region":"Kota Jambi","roadName":"Jalan Otto Iskandardinata","highway":"tertiary","lengthMeters":419.135,"osmWayIds":["526828503"],"u":"5122353987","v":"5122353928","key":0,"oneway":false,"source":"OpenStreetMap"},"geometry":{"type":"LineString","coordinates":[[103.6183437,-1.5980875],[103.6183834,-1.5980471],[103.6185783,-1.5978489],[103.6187312,-1.5977118],[103.6189899,-1.5975472],[103.6193555,-1.5972899],[103.6195251,-1.5971892],[103.6200956,-1.5968755],[103.6202313,-1.5967624],[103.6203628,-1.5965897],[103.6204743,-1.5964252],[103.6205521,-1.5963094],[103.6206407,-1.596174],[103.6207464,-1.5959443],[103.6208411,-1.5956998],[103.6209088,-1.5954912]]}},{"type":"Feature","properties":{"segmentId":"osm-gaul2-18003-5122353987-5122353991-0","regionId":"gaul2-18003","province":"Jambi","region":"Kota Jambi","roadName":"Jalan Halim Perdana Kusuma","highway":"secondary","lengthMeters":276.413,"osmWayIds":["526828521"],"u":"5122353987","v":"5122353991","key":0,"oneway":false,"source":"OpenStreetMap"},"geometry":{"type":"LineString","coordinates":[[103.6183437,-1.5980875],[103.6181348,-1.5977685],[103.6180324,-1.5976256],[103.6179896,-1.5975527],[103.6178756,-1.5973675],[103.6176745,-1.5969158],[103.6175121,-1.5964292],[103.6172956,-1.5958488]]}},{"type":"Feature","properties":{"segmentId":"osm-gaul2-18003-5122353987-7621343515-0","regionId":"gaul2-18003","province":"Jambi","region":"Kota Jambi","roadName":"Jalan Halim Perdana Kusuma","highway":"secondary","lengthMeters":343.975,"osmWayIds":["526828521"],"u":"5122353987","v":"7621343515","key":0,"oneway":false,"source":"OpenStreetMap"},"geometry":{"type":"LineString","coordinates":[[103.6183437,-1.5980875],[103.6184241,-1.5982565],[103.618471,-1.5984586],[103.6185808,-1.5988947],[103.6186232,-1.5990382],[103.6186797,-1.5992361],[103.6188584,-1.5998627],[103.6190008,-1.6004617],[103.6190423,-1.6005971],[103.6191349,-1.6008545],[103.6191878,-1.6009573],[103.6192353,-1.6010404]]}},{"type":"Feature","properties":{"segmentId":"osm-gaul2-18003-5122353991-5122353987-0","regionId":"gaul2-18003","province":"Jambi","region":"Kota Jambi","roadName":"Jalan Halim Perdana Kusuma","highway":"secondary","lengthMeters":276.413,"osmWayIds":["526828521"],"u":"5122353991","v":"5122353987","key":0,"oneway":false,"source":"OpenStreetMap"},"geometry":{"type":"LineString","coordinates":[[103.6172956,-1.5958488],[103.6175121,-1.5964292],[103.6176745,-1.5969158],[103.6178756,-1.5973675],[103.6179896,-1.5975527],[103.6180324,-1.5976256],[103.6181348,-1.5977685],[103.6183437,-1.5980875]]}},{"type":"Feature","properties":{"segmentId":"osm-gaul2-18003-5122353991-5143621185-0","regionId":"gaul2-18003","province":"Jambi","region":"Kota Jambi","roadName":"Jalan Halim Perdana Kusuma","highway":"secondary","lengthMeters":100.798,"osmWayIds":["884629584"],"u":"5122353991","v":"5143621185","key":0,"oneway":true,"source":"OpenStreetMap"},"geometry":{"type":"LineString","coordinates":[[103.6172956,-1.5958488],[103.6172211,-1.5957818],[103.6169706,-1.5952252],[103.6169004,-1.5950422]]}},{"type":"Feature","properties":{"segmentId":"osm-gaul2-18003-5122353992-5741306306-0","regionId":"gaul2-18003","province":"Jambi","region":"Kota Jambi","roadName":"Jalan Raden Mattaher","highway":"primary","lengthMeters":188.168,"osmWayIds":["526828508"],"u":"5122353992","v":"5741306306","key":0,"oneway":true,"source":"OpenStreetMap"},"geometry":{"type":"LineString","coordinates":[[103.616563,-1.5942898],[103.616168,-1.5944225],[103.6160677,-1.5944486],[103.6159954,-1.594458],[103.6159307,-1.5944573],[103.615761,-1.5944138],[103.6155381,-1.5942522],[103.6152178,-1.5939863],[103.6150882,-1.5938794]]}},{"type":"Feature","properties":{"segmentId":"osm-gaul2-18003-5122354006-5143620924-0","regionId":"gaul2-18003","province":"Jambi","region":"Kota Jambi","roadName":"Jalan M.H. Thamrin","highway":"trunk","lengthMeters":194.623,"osmWayIds":["602562248"],"u":"5122354006","v":"5143620924","key":0,"oneway":true,"source":"OpenStreetMap"},"geometry":{"type":"LineString","coordinates":[[103.6078401,-1.5987525],[103.6075223,-1.5989281],[103.6073009,-1.5990488],[103.6071883,-1.599148],[103.6071682,-1.5991713],[103.6070783,-1.5992753],[103.6066667,-1.5998297],[103.6065543,-1.599888]]}},{"type":"Feature","properties":{"segmentId":"osm-gaul2-18003-5122354006-6130597005-0","regionId":"gaul2-18003","province":"Jambi","region":"Kota Jambi","roadName":"Jalan M.H. Thamrin","highway":"trunk","lengthMeters":383.403,"osmWayIds":["602562250"],"u":"5122354006","v":"6130597005","key":0,"oneway":false,"source":"OpenStreetMap"},"geometry":{"type":"LineString","coordinates":[[103.6078401,-1.5987525],[103.6079332,-1.5987252],[103.6080567,-1.5987271],[103.6084041,-1.5988073],[103.6085536,-1.5988343],[103.6089426,-1.5988685],[103.6091803,-1.5988771],[103.6093357,-1.598857],[103.6094388,-1.5988215],[103.6095552,-1.5987405],[103.6097391,-1.5985529],[103.6098277,-1.5983839],[103.6099781,-1.5979034],[103.6100906,-1.5975633],[103.6102091,-1.5972142]]}},{"type":"Feature","properties":{"segmentId":"osm-gaul2-18003-5126809769-4791453881-0","regionId":"gaul2-18003","province":"Jambi","region":"Kota Jambi","roadName":"Unnamed OSM road","highway":"tertiary","lengthMeters":363.597,"osmWayIds":["654734669","654734671","654734673","654734674","654734675","809439783","809439784"],"u":"5126809769","v":"4791453881","key":0,"oneway":true,"source":"OpenStreetMap"},"geometry":{"type":"LineString","coordinates":[[103.6096975,-1.6276897],[103.6097068,-1.6277429],[103.6097109,-1.6279113],[103.6097076,-1.6279549],[103.6097042,-1.6280016],[103.6096877,-1.6280738],[103.6096781,-1.6280949],[103.609613,-1.6282565],[103.6095973,-1.6282947],[103.6095835,-1.6283202],[103.6094213,-1.6287076],[103.6092804,-1.6290226],[103.6090739,-1.6293135],[103.6089783,-1.6294439],[103.6085965,-1.6299239],[103.6084515,-1.630093],[103.6082545,-1.6302734],[103.6080937,-1.6304362]]}},{"type":"Feature","properties":{"segmentId":"osm-gaul2-18003-5126809769-7568454136-0","regionId":"gaul2-18003","province":"Jambi","region":"Kota Jambi","roadName":"Unnamed OSM road","highway":"tertiary","lengthMeters":8.192,"osmWayIds":["809439795"],"u":"5126809769","v":"7568454136","key":0,"oneway":true,"source":"OpenStreetMap"},"geometry":{"type":"LineString","coordinates":[[103.6096975,-1.6276897],[103.6096251,-1.6277035]]}},{"type":"Feature","properties":{"segmentId":"osm-gaul2-18003-5126809774-4791453880-0","regionId":"gaul2-18003","province":"Jambi","region":"Kota Jambi","roadName":"Bundaran Kota Baru","highway":"secondary","lengthMeters":39.365,"osmWayIds":["486549794"],"u":"5126809774","v":"4791453880","key":0,"oneway":true,"source":"OpenStreetMap"},"geometry":{"type":"LineString","coordinates":[[103.6076856,-1.6303727],[103.6077361,-1.6303213],[103.6077997,-1.6302908],[103.6078694,-1.6302803],[103.6079392,-1.6302906],[103.6080029,-1.6303208]]}},{"type":"Feature","properties":{"segmentId":"osm-gaul2-18003-5126809774-6133943618-0","regionId":"gaul2-18003","province":"Jambi","region":"Kota Jambi","roadName":"Jalan Kapten Zaidi Saleh","highway":"tertiary","lengthMeters":1339.119,"osmWayIds":["486549796","601384582","601384583","601384584","654386192","654386193"],"u":"5126809774","v":"6133943618","key":0,"oneway":false,"source":"OpenStreetMap"},"geometry":{"type":"LineString","coordinates":[[103.6076856,-1.6303727],[103.6068913,-1.6297512],[103.606868,-1.6297333],[103.6068282,-1.6297027],[103.6067867,-1.6296708],[103.6065776,-1.6295057],[103.6060661,-1.629094],[103.6060146,-1.6290525],[103.6059945,-1.6290297],[103.6059014,-1.6289168],[103.6059105,-1.6288643],[103.6062904,-1.6281885],[103.6064548,-1.6278974],[103.6066227,-1.6276407],[103.6066518,-1.6275781],[103.6066607,-1.6275471],[103.6066639,-1.6274944],[103.6066492,-1.6274166],[103.6066546,-1.6273684],[103.6067377,-1.6271928],[103.6070323,-1.626709],[103.6072785,-1.6262928],[103.6073373,-1.6262385],[103.6073954,-1.6262092],[103.6075159,-1.6261429],[103.6077417,-1.6259798],[103.6080465,-1.6256088],[103.6080715,-1.6255485],[103.6080727,-1.6254961],[103.608059,-1.6254573],[103.6080157,-1.6254175],[103.6072156,-1.6249778],[103.6070186,-1.6248133],[103.6068922,-1.6246672],[103.606863,-1.6246449],[103.6066452,-1.6246363],[103.6065486,-1.6246095],[103.606389,-1.6245317],[103.6062254,-1.6244171],[103.6060698,-1.6243374],[103.6056529,-1.6241345],[103.6055582,-1.6241309],[103.6053735,-1.624171],[103.6052591,-1.6241953],[103.6051639,-1.6241946],[103.605068,-1.6241738],[103.6049904,-1.624143],[103.6046077,-1.623902],[103.6045661,-1.6238786],[103.6043479,-1.6237857],[103.6041565,-1.6237288],[103.6030331,-1.6235535]]}},{"type":"Feature","properties":{"segmentId":"osm-gaul2-18003-5126809775-5126809774-0","regionId":"gaul2-18003","province":"Jambi","region":"Kota Jambi","roadName":"Bundaran Kota Baru","highway":"secondary","lengthMeters":30.417,"osmWayIds":["486549794"],"u":"5126809775","v":"5126809774","key":0,"oneway":true,"source":"OpenStreetMap"},"geometry":{"type":"LineString","coordinates":[[103.6076555,-1.6306303],[103.6076335,-1.6305505],[103.6076336,-1.6304861],[103.6076509,-1.6304241],[103.6076856,-1.6303727]]}},{"type":"Feature","properties":{"segmentId":"osm-gaul2-18003-5126809790-5126813017-0","regionId":"gaul2-18003","province":"Jambi","region":"Kota Jambi","roadName":"Jalan DI Panjaitan","highway":"tertiary","lengthMeters":1691.742,"osmWayIds":["1204122861","486558578"],"u":"5126809790","v":"5126813017","key":0,"oneway":false,"source":"OpenStreetMap"},"geometry":{"type":"LineString","coordinates":[[103.617779,-1.6187644],[103.617887,-1.6192717],[103.6179388,-1.619576],[103.6179974,-1.6199132],[103.6180432,-1.6201763],[103.6180787,-1.6203269],[103.6181365,-1.6204914],[103.6182182,-1.6206495],[103.6183226,-1.6207875],[103.6185099,-1.6209798],[103.6188904,-1.6213341],[103.6191288,-1.6216209],[103.6196485,-1.6222976],[103.6197119,-1.622379],[103.6197737,-1.6224589],[103.6198848,-1.6225883],[103.6199613,-1.6226697],[103.6201383,-1.6228206],[103.6209121,-1.6235451],[103.6215069,-1.6241099],[103.6216511,-1.6242102],[103.6222575,-1.62441],[103.6223142,-1.6244192],[103.6223938,-1.6244165],[103.6225232,-1.6243918],[103.6226365,-1.6243569],[103.6227844,-1.6243009],[103.6231328,-1.6241675],[103.6233096,-1.6240462],[103.6236505,-1.6237677],[103.6241318,-1.6234054],[103.6243283,-1.6232106],[103.6245804,-1.6229371],[103.6245905,-1.6229224],[103.6246448,-1.6228433],[103.6247132,-1.6226985],[103.6248111,-1.6224512],[103.6248909,-1.622228],[103.6249144,-1.6220993],[103.6249191,-1.6218526],[103.6248842,-1.6215778],[103.6248419,-1.6212903],[103.6248312,-1.621242],[103.6247601,-1.6210174],[103.6246874,-1.6208619],[103.6245905,-1.6206806],[103.6245774,-1.6206605],[103.6243296,-1.6202539],[103.6235537,-1.6189521],[103.6233358,-1.6185612]]}},{"type":"Feature","properties":{"segmentId":"osm-gaul2-18003-5126809790-6136251385-0","regionId":"gaul2-18003","province":"Jambi","region":"Kota Jambi","roadName":"Jalan DI Panjaitan","highway":"tertiary","lengthMeters":308.961,"osmWayIds":["1204122859","1215273439"],"u":"5126809790","v":"6136251385","key":0,"oneway":false,"source":"OpenStreetMap"},"geometry":{"type":"LineString","coordinates":[[103.617779,-1.6187644],[103.617723,-1.6185087],[103.6174515,-1.6177365],[103.6173096,-1.6174609],[103.6170334,-1.6169944],[103.6166537,-1.6165519],[103.6164934,-1.616343]]}},{"type":"Feature","properties":{"segmentId":"osm-gaul2-18003-5126809790-6475886797-0","regionId":"gaul2-18003","province":"Jambi","region":"Kota Jambi","roadName":"Unnamed OSM road","highway":"tertiary","lengthMeters":1344.526,"osmWayIds":["527325089"],"u":"5126809790","v":"6475886797","key":0,"oneway":false,"source":"OpenStreetMap"},"geometry":{"type":"LineString","coordinates":[[103.617779,-1.6187644],[103.6172971,-1.6189654],[103.6162367,-1.6194443],[103.6156708,-1.6196508],[103.6156516,-1.6196572],[103.6151941,-1.6198106],[103.61485,-1.6199403],[103.6147674,-1.6199816],[103.6146837,-1.6200234],[103.6144812,-1.6201669],[103.6141527,-1.6205007],[103.6137289,-1.6208747],[103.6136243,-1.6209739],[103.6134891,-1.6211138],[103.6134379,-1.6211669],[103.6129182,-1.6217013],[103.6127619,-1.6218747],[103.6126593,-1.6220362],[103.6126037,-1.6221174],[103.6122899,-1.6228011],[103.6119888,-1.6234915],[103.6119331,-1.623598],[103.611634,-1.6242836],[103.6116069,-1.6243404],[103.6113996,-1.6247481],[103.6109889,-1.6255585],[103.6109442,-1.6256468],[103.6108082,-1.6259354],[103.6107544,-1.6260482],[103.6107472,-1.6260894],[103.610737,-1.6261485],[103.6107505,-1.6263909],[103.6107546,-1.626542],[103.6107754,-1.626839],[103.6108054,-1.627377],[103.6108152,-1.6274851]]}},{"type":"Feature","properties":{"segmentId":"osm-gaul2-18003-5126809816-5162150595-0","regionId":"gaul2-18003","province":"Jambi","region":"Kota Jambi","roadName":"Jalan Berlian","highway":"tertiary","lengthMeters":740.379,"osmWayIds":["654174472"],"u":"5126809816","v":"5162150595","key":0,"oneway":false,"source":"OpenStreetMap"},"geometry":{"type":"LineString","coordinates":[[103.6511256,-1.6397521],[103.6512248,-1.6396868],[103.6512785,-1.6396425],[103.6513589,-1.6395608],[103.6514058,-1.6394988],[103.6514796,-1.6394012],[103.6516071,-1.6392538],[103.6518235,-1.6389831],[103.6519007,-1.6388865],[103.6521113,-1.6385808],[103.6522387,-1.6384025],[103.6523849,-1.6382323],[103.6525297,-1.6380372],[103.6526491,-1.6378609],[103.6528341,-1.637629],[103.6529589,-1.6374909],[103.6531386,-1.6373515],[103.6531912,-1.6373175],[103.6533129,-1.6372389],[103.6534202,-1.6371491],[103.6535058,-1.6370542],[103.6536241,-1.6368797],[103.653735,-1.6366981],[103.6537813,-1.6366139],[103.653903,-1.6364373],[103.6540637,-1.6362206],[103.6544121,-1.6358432],[103.6545141,-1.6357459],[103.6546399,-1.6357047],[103.6551213,-1.6355536],[103.6554945,-1.6354756],[103.6557249,-1.6354412],[103.655849,-1.6354204]]}},{"type":"Feature","properties":{"segmentId":"osm-gaul2-18003-5126809816-5162150923-0","regionId":"gaul2-18003","province":"Jambi","region":"Kota Jambi","roadName":"Unnamed OSM road","highway":"tertiary","lengthMeters":478.216,"osmWayIds":["529193791"],"u":"5126809816","v":"5162150923","key":0,"oneway":false,"source":"OpenStreetMap"},"geometry":{"type":"LineString","coordinates":[[103.6511256,-1.6397521],[103.6511011,-1.6396918],[103.65108,-1.6396492],[103.6510391,-1.6395856],[103.6509807,-1.6395286],[103.6506791,-1.6393137],[103.6504752,-1.6391529],[103.6504246,-1.6391093],[103.6502419,-1.6389518],[103.6500701,-1.6388114],[103.6498676,-1.638677],[103.649631,-1.6385091],[103.6495534,-1.6384483],[103.6494546,-1.638298],[103.6493781,-1.6381223],[103.6493525,-1.6380788],[103.6493111,-1.6380084],[103.6491461,-1.6378368],[103.6488847,-1.6376166],[103.648721,-1.6374722],[103.6485708,-1.6372952],[103.6484671,-1.6371205],[103.6483924,-1.6369946],[103.6482677,-1.636814],[103.6481744,-1.6367135]]}},{"type":"Feature","properties":{"segmentId":"osm-gaul2-18003-5126809816-6259278329-0","regionId":"gaul2-18003","province":"Jambi","region":"Kota Jambi","roadName":"Unnamed OSM road","highway":"tertiary","lengthMeters":373.613,"osmWayIds":["529193791"],"u":"5126809816","v":"6259278329","key":0,"oneway":false,"source":"OpenStreetMap"},"geometry":{"type":"LineString","coordinates":[[103.6511256,-1.6397521],[103.6511725,-1.6398905],[103.6512335,-1.6399951],[103.6512647,-1.6400363],[103.6512972,-1.6400675],[103.6514971,-1.6401761],[103.651709,-1.6402763],[103.6520469,-1.6404254],[103.652228,-1.6404589],[103.6523015,-1.6404647],[103.652456,-1.6404496],[103.6527712,-1.6404076],[103.6529016,-1.6403835],[103.6529884,-1.6403674],[103.6532915,-1.6403396],[103.653553,-1.6403477],[103.6537153,-1.6403674],[103.6539138,-1.6403866],[103.6540022,-1.6404039],[103.654196,-1.6404254]]}},{"type":"Feature","properties":{"segmentId":"osm-gaul2-18003-5126812635-5126812728-0","regionId":"gaul2-18003","province":"Jambi","region":"Kota Jambi","roadName":"Jalan K.H. Hasan Anang","highway":"secondary","lengthMeters":434.086,"osmWayIds":["527325052","871073746","871073747"],"u":"5126812635","v":"5126812728","key":0,"oneway":false,"source":"OpenStreetMap"},"geometry":{"type":"LineString","coordinates":[[103.6021323,-1.5810701],[103.6020781,-1.5813165],[103.6020041,-1.5815842],[103.6019902,-1.5816305],[103.6018695,-1.5820689],[103.6017166,-1.5826628],[103.6015677,-1.5832687],[103.6013733,-1.5840463],[103.6013009,-1.584309],[103.6011828,-1.584856]]}},{"type":"Feature","properties":{"segmentId":"osm-gaul2-18003-5126812635-5126812751-0","regionId":"gaul2-18003","province":"Jambi","region":"Kota Jambi","roadName":"Unnamed OSM road","highway":"secondary","lengthMeters":1570.513,"osmWayIds":["527325051","668413358","668413359","668413360","668413361","668413362","668413363"],"u":"5126812635","v":"5126812751","key":0,"oneway":false,"source":"OpenStreetMap"},"geometry":{"type":"LineString","coordinates":[[103.6021323,-1.5810701],[103.6024556,-1.5811573],[103.6026849,-1.5812589],[103.6030152,-1.5813424],[103.6039426,-1.5814292],[103.6041133,-1.5814357],[103.6052531,-1.5815326],[103.6067873,-1.5816037],[103.6073541,-1.5815909],[103.6076754,-1.5815834],[103.6078978,-1.581589],[103.6079657,-1.5815994],[103.6085078,-1.5817014],[103.6092953,-1.5818156],[103.6095799,-1.581864],[103.6100361,-1.5819435],[103.6105391,-1.582036],[103.6112785,-1.5821481],[103.6114122,-1.5821583],[103.6114741,-1.582166],[103.6117426,-1.582199],[103.6122189,-1.5822988],[103.6128679,-1.5823987],[103.6132095,-1.5824453],[103.6141808,-1.5825877],[103.6144759,-1.5826333],[103.6147709,-1.582699],[103.6149546,-1.5827794],[103.6150841,-1.5828596],[103.6152265,-1.5830062],[103.6156909,-1.5836427]]}},{"type":"Feature","properties":{"segmentId":"osm-gaul2-18003-5126812635-5126812920-0","regionId":"gaul2-18003","province":"Jambi","region":"Kota Jambi","roadName":"Jalan K.H. Hasan Anang","highway":"secondary","lengthMeters":768.011,"osmWayIds":["527325052"],"u":"5126812635","v":"5126812920","key":0,"oneway":false,"source":"OpenStreetMap"},"geometry":{"type":"LineString","coordinates":[[103.6021323,-1.5810701],[103.6022075,-1.5807296],[103.6022477,-1.5805634],[103.6022812,-1.5803208],[103.6022812,-1.5802229],[103.6022484,-1.5800969],[103.6022115,-1.5800071],[103.6020975,-1.5797872],[103.6018789,-1.5793381],[103.6017957,-1.5791451],[103.6017019,-1.5789064],[103.6015543,-1.5784613],[103.6014068,-1.5780391],[103.6013009,-1.5777173],[103.6011681,-1.5773272],[103.6010528,-1.5770175],[103.6008945,-1.576618],[103.600802,-1.5764062],[103.6007202,-1.5762601],[103.600458,-1.5759303],[103.5998002,-1.5752359],[103.5995467,-1.5749262]]}},{"type":"Feature","properties":{"segmentId":"osm-gaul2-18003-5126812677-3444335142-0","regionId":"gaul2-18003","province":"Jambi","region":"Kota Jambi","roadName":"Unnamed OSM road","highway":"secondary","lengthMeters":54.631,"osmWayIds":["1418646511"],"u":"5126812677","v":"3444335142","key":0,"oneway":false,"source":"OpenStreetMap"},"geometry":{"type":"LineString","coordinates":[[103.5701366,-1.5739214],[103.5701913,-1.5737933],[103.5701946,-1.5737532],[103.5701886,-1.5737116],[103.5701799,-1.5736727],[103.5701604,-1.5736352],[103.5701041,-1.5735762],[103.5700142,-1.5735198]]}},{"type":"Feature","properties":{"segmentId":"osm-gaul2-18003-5126812677-5126812678-0","regionId":"gaul2-18003","province":"Jambi","region":"Kota Jambi","roadName":"Unnamed OSM road","highway":"tertiary","lengthMeters":22.461,"osmWayIds":["527325053"],"u":"5126812677","v":"5126812678","key":0,"oneway":false,"source":"OpenStreetMap"},"geometry":{"type":"LineString","coordinates":[[103.5701366,-1.5739214],[103.5699956,-1.5737767]]}},{"type":"Feature","properties":{"segmentId":"osm-gaul2-18003-5126812677-5126812728-0","regionId":"gaul2-18003","province":"Jambi","region":"Kota Jambi","roadName":"Unnamed OSM road","highway":"secondary","lengthMeters":4133.663,"osmWayIds":["1418646497","1418646511","601316671","601316675"],"u":"5126812677","v":"5126812728","key":0,"oneway":false,"source":"OpenStreetMap"},"geometry":{"type":"LineString","coordinates":[[103.5701366,-1.5739214],[103.5700572,-1.5741419],[103.5700142,-1.5742747],[103.5699928,-1.5743926],[103.5700035,-1.5744985],[103.570029,-1.5745817],[103.5701456,-1.5748056],[103.5704568,-1.5753471],[103.5708082,-1.5758351],[103.5717174,-1.5768513],[103.5723612,-1.5776047],[103.5724674,-1.5777512],[103.5732141,-1.5787817],[103.573497,-1.5791261],[103.5737076,-1.5793824],[103.5742399,-1.5799094],[103.5751239,-1.5808221],[103.5756979,-1.5815901],[103.5760411,-1.5821332],[103.5761484,-1.5822619],[103.5762986,-1.5823933],[103.5769317,-1.5828263],[103.5770413,-1.5829513],[103.5770537,-1.5830783],[103.5770483,-1.5834122],[103.5770631,-1.5835355],[103.5770879,-1.58363],[103.5771399,-1.583686],[103.5772515,-1.583744],[103.5774896,-1.5838304],[103.5778168,-1.5839189],[103.5790077,-1.5841602],[103.579214,-1.5841938],[103.5802187,-1.5843667],[103.5804802,-1.5844283],[103.5810032,-1.584557],[103.5817784,-1.5848707],[103.5824972,-1.5852273],[103.5834253,-1.5856161],[103.5837847,-1.5857153],[103.5841012,-1.5857931],[103.5843984,-1.5858574],[103.5849246,-1.5859553],[103.5852317,-1.5860115],[103.5857669,-1.5861068],[103.5860981,-1.5861443],[103.586546,-1.5861778],[103.5872354,-1.5862033],[103.587568,-1.586214],[103.5877933,-1.5862234],[103.5879314,-1.5862207],[103.588272,-1.5862569],[103.5885349,-1.5862594],[103.5885758,-1.5862598],[103.5888396,-1.5862803],[103.5891813,-1.5863132],[103.589377,-1.5863354],[103.5894415,-1.5863427],[103.5897848,-1.5863856],[103.5900074,-1.5863963],[103.5903129,-1.5863525],[103.5908148,-1.5862515],[103.5912413,-1.5861906],[103.5917455,-1.5861228],[103.5921451,-1.5860639],[103.5925072,-1.5859941],[103.5925502,-1.5859794],[103.5930476,-1.5858864],[103.5932619,-1.5858524],[103.5940231,-1.5857201],[103.5941039,-1.5857064],[103.5945561,-1.5856322],[103.5963804,-1.5853252],[103.5966266,-1.5852784],[103.596725,-1.5852488],[103.5968377,-1.5851871],[103.5969168,-1.5851214],[103.5969766,-1.5850314],[103.5971045,-1.5848278],[103.597124,-1.5848037],[103.5972159,-1.5847863],[103.597291,-1.5847836],[103.5978207,-1.5848258],[103.5979709,-1.5848251],[103.5986441,-1.5848158],[103.5991042,-1.5848022],[103.5994636,-1.5847916],[103.5998478,-1.5848003],[103.6011828,-1.584856]]}},{"type":"Feature","properties":{"segmentId":"osm-gaul2-18003-5126812678-3444335142-0","regionId":"gaul2-18003","province":"Jambi","region":"Kota Jambi","roadName":"Jalan Lintas Timur Riau-Jambi","highway":"trunk","lengthMeters":29.49,"osmWayIds":["973401007"],"u":"5126812678","v":"3444335142","key":0,"oneway":false,"source":"OpenStreetMap"},"geometry":{"type":"LineString","coordinates":[[103.5699956,-1.5737767],[103.5700199,-1.5737237],[103.570031,-1.573668],[103.5700311,-1.5736127],[103.5700276,-1.5735695],[103.5700142,-1.5735198]]}},{"type":"Feature","properties":{"segmentId":"osm-gaul2-18003-5126812678-4271540274-0","regionId":"gaul2-18003","province":"Jambi","region":"Kota Jambi","roadName":"Jalan Lintas Timur Riau-Jambi","highway":"trunk","lengthMeters":644.288,"osmWayIds":["337335831","544980764","973401007"],"u":"5126812678","v":"4271540274","key":0,"oneway":false,"source":"OpenStreetMap"},"geometry":{"type":"LineString","coordinates":[[103.5699956,-1.5737767],[103.5699566,-1.5738316],[103.5699109,-1.5738812],[103.5698553,-1.5739268],[103.5697836,-1.5739831],[103.5696866,-1.5740449],[103.5657737,-1.57649],[103.5651191,-1.5768933]]}},{"type":"Feature","properties":{"segmentId":"osm-gaul2-18003-5126812678-5126812677-0","regionId":"gaul2-18003","province":"Jambi","region":"Kota Jambi","roadName":"Unnamed OSM road","highway":"tertiary","lengthMeters":22.461,"osmWayIds":["527325053"],"u":"5126812678","v":"5126812677","key":0,"oneway":false,"source":"OpenStreetMap"},"geometry":{"type":"LineString","coordinates":[[103.5699956,-1.5737767],[103.5701366,-1.5739214]]}},{"type":"Feature","properties":{"segmentId":"osm-gaul2-18003-5126812728-5126812635-0","regionId":"gaul2-18003","province":"Jambi","region":"Kota Jambi","roadName":"Jalan K.H. Hasan Anang","highway":"secondary","lengthMeters":434.086,"osmWayIds":["527325052","871073746","871073747"],"u":"5126812728","v":"5126812635","key":0,"oneway":false,"source":"OpenStreetMap"},"geometry":{"type":"LineString","coordinates":[[103.6011828,-1.584856],[103.6013009,-1.584309],[103.6013733,-1.5840463],[103.6015677,-1.5832687],[103.6017166,-1.5826628],[103.6018695,-1.5820689],[103.6019902,-1.5816305],[103.6020041,-1.5815842],[103.6020781,-1.5813165],[103.6021323,-1.5810701]]}},{"type":"Feature","properties":{"segmentId":"osm-gaul2-18003-5126812728-5126812677-0","regionId":"gaul2-18003","province":"Jambi","region":"Kota Jambi","roadName":"Unnamed OSM road","highway":"secondary","lengthMeters":4133.663,"osmWayIds":["1418646497","1418646511","601316671","601316675"],"u":"5126812728","v":"5126812677","key":0,"oneway":false,"source":"OpenStreetMap"},"geometry":{"type":"LineString","coordinates":[[103.6011828,-1.584856],[103.5998478,-1.5848003],[103.5994636,-1.5847916],[103.5991042,-1.5848022],[103.5986441,-1.5848158],[103.5979709,-1.5848251],[103.5978207,-1.5848258],[103.597291,-1.5847836],[103.5972159,-1.5847863],[103.597124,-1.5848037],[103.5971045,-1.5848278],[103.5969766,-1.5850314],[103.5969168,-1.5851214],[103.5968377,-1.5851871],[103.596725,-1.5852488],[103.5966266,-1.5852784],[103.5963804,-1.5853252],[103.5945561,-1.5856322],[103.5941039,-1.5857064],[103.5940231,-1.5857201],[103.5932619,-1.5858524],[103.5930476,-1.5858864],[103.5925502,-1.5859794],[103.5925072,-1.5859941],[103.5921451,-1.5860639],[103.5917455,-1.5861228],[103.5912413,-1.5861906],[103.5908148,-1.5862515],[103.5903129,-1.5863525],[103.5900074,-1.5863963],[103.5897848,-1.5863856],[103.5894415,-1.5863427],[103.589377,-1.5863354],[103.5891813,-1.5863132],[103.5888396,-1.5862803],[103.5885758,-1.5862598],[103.5885349,-1.5862594],[103.588272,-1.5862569],[103.5879314,-1.5862207],[103.5877933,-1.5862234],[103.587568,-1.586214],[103.5872354,-1.5862033],[103.586546,-1.5861778],[103.5860981,-1.5861443],[103.5857669,-1.5861068],[103.5852317,-1.5860115],[103.5849246,-1.5859553],[103.5843984,-1.5858574],[103.5841012,-1.5857931],[103.5837847,-1.5857153],[103.5834253,-1.5856161],[103.5824972,-1.5852273],[103.5817784,-1.5848707],[103.5810032,-1.584557],[103.5804802,-1.5844283],[103.5802187,-1.5843667],[103.579214,-1.5841938],[103.5790077,-1.5841602],[103.5778168,-1.5839189],[103.5774896,-1.5838304],[103.5772515,-1.583744],[103.5771399,-1.583686],[103.5770879,-1.58363],[103.5770631,-1.5835355],[103.5770483,-1.5834122],[103.5770537,-1.5830783],[103.5770413,-1.5829513],[103.5769317,-1.5828263],[103.5762986,-1.5823933],[103.5761484,-1.5822619],[103.5760411,-1.5821332],[103.5756979,-1.5815901],[103.5751239,-1.5808221],[103.5742399,-1.5799094],[103.5737076,-1.5793824],[103.573497,-1.5791261],[103.5732141,-1.5787817],[103.5724674,-1.5777512],[103.5723612,-1.5776047],[103.5717174,-1.5768513],[103.5708082,-1.5758351],[103.5704568,-1.5753471],[103.5701456,-1.5748056],[103.570029,-1.5745817],[103.5700035,-1.5744985],[103.5699928,-1.5743926],[103.5700142,-1.5742747],[103.5700572,-1.5741419],[103.5701366,-1.5739214]]}},{"type":"Feature","properties":{"segmentId":"osm-gaul2-18003-5126812728-5126812751-0","regionId":"gaul2-18003","province":"Jambi","region":"Kota Jambi","roadName":"Unnamed OSM road","highway":"tertiary","lengthMeters":1690.272,"osmWayIds":["1422691655","1422691658","527325055"],"u":"5126812728","v":"5126812751","key":0,"oneway":false,"source":"OpenStreetMap"},"geometry":{"type":"LineString","coordinates":[[103.6011828,-1.584856],[103.6016891,-1.5849458],[103.6021055,-1.5850396],[103.602483,-1.5851013],[103.6025803,-1.5851107],[103.6030322,-1.5851616],[103.6033085,-1.5851804],[103.6037021,-1.5852273],[103.6038376,-1.5852515],[103.6039549,-1.5852957],[103.6043183,-1.5854458],[103.6050452,-1.5857555],[103.6053577,-1.585899],[103.6055522,-1.5859626],[103.6056836,-1.5859888],[103.6060953,-1.5860491],[103.6065064,-1.5860954],[103.607,-1.586136],[103.6071159,-1.5861443],[103.6076872,-1.5862033],[103.6078656,-1.5862127],[103.6083725,-1.586206],[103.6090216,-1.5861751],[103.6095259,-1.586147],[103.6096392,-1.5861376],[103.6097471,-1.5861114],[103.609845,-1.5860726],[103.6104298,-1.5858158],[103.6106752,-1.5856992],[103.6110219,-1.5855551],[103.6112123,-1.5854861],[103.6114705,-1.5853826],[103.612489,-1.584982],[103.6128786,-1.584852],[103.6136134,-1.5846136],[103.6136886,-1.5845892],[103.6139656,-1.584484],[103.6142585,-1.5843545],[103.6144464,-1.5842715],[103.6146603,-1.5841292],[103.6147431,-1.5840845],[103.6150385,-1.5839484],[103.6156909,-1.5836427]]}},{"type":"Feature","properties":{"segmentId":"osm-gaul2-18003-5126812751-5126812635-0","regionId":"gaul2-18003","province":"Jambi","region":"Kota Jambi","roadName":"Unnamed OSM road","highway":"secondary","lengthMeters":1570.513,"osmWayIds":["527325051","668413358","668413359","668413360","668413361","668413362","668413363"],"u":"5126812751","v":"5126812635","key":0,"oneway":false,"source":"OpenStreetMap"},"geometry":{"type":"LineString","coordinates":[[103.6156909,-1.5836427],[103.6152265,-1.5830062],[103.6150841,-1.5828596],[103.6149546,-1.5827794],[103.6147709,-1.582699],[103.6144759,-1.5826333],[103.6141808,-1.5825877],[103.6132095,-1.5824453],[103.6128679,-1.5823987],[103.6122189,-1.5822988],[103.6117426,-1.582199],[103.6114741,-1.582166],[103.6114122,-1.5821583],[103.6112785,-1.5821481],[103.6105391,-1.582036],[103.6100361,-1.5819435],[103.6095799,-1.581864],[103.6092953,-1.5818156],[103.6085078,-1.5817014],[103.6079657,-1.5815994],[103.6078978,-1.581589],[103.6076754,-1.5815834],[103.6073541,-1.5815909],[103.6067873,-1.5816037],[103.6052531,-1.5815326],[103.6041133,-1.5814357],[103.6039426,-1.5814292],[103.6030152,-1.5813424],[103.6026849,-1.5812589],[103.6024556,-1.5811573],[103.6021323,-1.5810701]]}},{"type":"Feature","properties":{"segmentId":"osm-gaul2-18003-5126812751-5126812728-0","regionId":"gaul2-18003","province":"Jambi","region":"Kota Jambi","roadName":"Unnamed OSM road","highway":"tertiary","lengthMeters":1690.272,"osmWayIds":["1422691655","1422691658","527325055"],"u":"5126812751","v":"5126812728","key":0,"oneway":false,"source":"OpenStreetMap"},"geometry":{"type":"LineString","coordinates":[[103.6156909,-1.5836427],[103.6150385,-1.5839484],[103.6147431,-1.5840845],[103.6146603,-1.5841292],[103.6144464,-1.5842715],[103.6142585,-1.5843545],[103.6139656,-1.584484],[103.6136886,-1.5845892],[103.6136134,-1.5846136],[103.6128786,-1.584852],[103.612489,-1.584982],[103.6114705,-1.5853826],[103.6112123,-1.5854861],[103.6110219,-1.5855551],[103.6106752,-1.5856992],[103.6104298,-1.5858158],[103.609845,-1.5860726],[103.6097471,-1.5861114],[103.6096392,-1.5861376],[103.6095259,-1.586147],[103.6090216,-1.5861751],[103.6083725,-1.586206],[103.6078656,-1.5862127],[103.6076872,-1.5862033],[103.6071159,-1.5861443],[103.607,-1.586136],[103.6065064,-1.5860954],[103.6060953,-1.5860491],[103.6056836,-1.5859888],[103.6055522,-1.5859626],[103.6053577,-1.585899],[103.6050452,-1.5857555],[103.6043183,-1.5854458],[103.6039549,-1.5852957],[103.6038376,-1.5852515],[103.6037021,-1.5852273],[103.6033085,-1.5851804],[103.6030322,-1.5851616],[103.6025803,-1.5851107],[103.602483,-1.5851013],[103.6021055,-1.5850396],[103.6016891,-1.5849458],[103.6011828,-1.584856]]}},{"type":"Feature","properties":{"segmentId":"osm-gaul2-18003-5126812751-5126812767-0","regionId":"gaul2-18003","province":"Jambi","region":"Kota Jambi","roadName":"Jalan K.H. A. Tomo","highway":"secondary","lengthMeters":1811.925,"osmWayIds":["1368284724","654145181","668392788","668392790"],"u":"5126812751","v":"5126812767","key":0,"oneway":false,"source":"OpenStreetMap"},"geometry":{"type":"LineString","coordinates":[[103.6156909,-1.5836427],[103.6162458,-1.5833771],[103.6164862,-1.583262],[103.6166834,-1.5831789],[103.6169153,-1.583006],[103.6170843,-1.5828451],[103.6173305,-1.5824932],[103.6177015,-1.5819334],[103.6178791,-1.5816379],[103.6180996,-1.5812788],[103.6188774,-1.5798717],[103.6190945,-1.5793706],[103.6197807,-1.5775662],[103.6198993,-1.5772454],[103.620008,-1.5769559],[103.6201595,-1.5765525],[103.6204451,-1.5757922],[103.6206141,-1.5752721],[103.6208408,-1.5746782],[103.6209373,-1.5743484],[103.6209548,-1.5742036],[103.6209441,-1.5740782],[103.6209316,-1.5738487],[103.6209276,-1.5735339],[103.6209486,-1.5734209],[103.6210687,-1.5732022],[103.6213832,-1.5728381],[103.6219554,-1.5721756],[103.622147,-1.5719702],[103.622298,-1.5718211],[103.6224505,-1.5716519],[103.6231783,-1.5708387],[103.622478,-1.5701866]]}},{"type":"Feature","properties":{"segmentId":"osm-gaul2-18003-5126812767-5062249126-0","regionId":"gaul2-18003","province":"Jambi","region":"Kota Jambi","roadName":"Unnamed OSM road","highway":"secondary","lengthMeters":3500.611,"osmWayIds":["519092560"],"u":"5126812767","v":"5062249126","key":0,"oneway":false,"source":"OpenStreetMap"},"geometry":{"type":"LineString","coordinates":[[103.622478,-1.5701866],[103.6229067,-1.5698369],[103.6231553,-1.569652],[103.6235001,-1.5694011],[103.6239857,-1.5690463],[103.6241078,-1.568948],[103.6244772,-1.5686507],[103.6247452,-1.5684351],[103.6250429,-1.5681775],[103.6253496,-1.5679256],[103.6255729,-1.5677403],[103.6256441,-1.5676812],[103.6258069,-1.5675542],[103.6260826,-1.5673137],[103.6261525,-1.5672527],[103.6263073,-1.5671168],[103.626376,-1.5670558],[103.6264942,-1.5669416],[103.6266397,-1.5668035],[103.6266886,-1.5667538],[103.6268851,-1.5665547],[103.6271011,-1.5663219],[103.6272406,-1.5661715],[103.6273003,-1.5660863],[103.6273954,-1.5659797],[103.6274747,-1.5658908],[103.6276415,-1.5657028],[103.6276601,-1.5656771],[103.62772,-1.5656021],[103.6277547,-1.5655562],[103.6279103,-1.5653684],[103.6279408,-1.5653315],[103.6281272,-1.565096],[103.6283107,-1.5648744],[103.6283956,-1.5647717],[103.6285702,-1.5646356],[103.6286084,-1.5646153],[103.6287915,-1.564518],[103.6290521,-1.5643597],[103.6291446,-1.5643036],[103.6293453,-1.5641403],[103.6293788,-1.5641067],[103.6295223,-1.5639629],[103.629601,-1.5638194],[103.6296564,-1.5636424],[103.6298502,-1.5633639],[103.6302835,-1.5628795],[103.630655,-1.5624674],[103.6306952,-1.5624137],[103.6307026,-1.5623942],[103.6307013,-1.5623761],[103.6306932,-1.562354],[103.6306804,-1.5623353],[103.6301721,-1.561748],[103.6298255,-1.5610657],[103.6298074,-1.5610121],[103.6298107,-1.5609584],[103.6298235,-1.5609253],[103.6298537,-1.5608911],[103.6304257,-1.5603887],[103.630844,-1.5600401],[103.6310372,-1.5598712],[103.6312888,-1.5595647],[103.6315132,-1.5592276],[103.6320857,-1.5581596],[103.6322811,-1.5577951],[103.6323723,-1.5576182],[103.6324367,-1.5574305],[103.6324367,-1.5572911],[103.6323938,-1.5571141],[103.6323026,-1.5568728],[103.6321088,-1.556516],[103.6318488,-1.5560374],[103.6317662,-1.5558486],[103.6316646,-1.5554919],[103.6315677,-1.5551515],[103.6313156,-1.554146],[103.6312276,-1.5537812],[103.6310232,-1.5529341],[103.630747,-1.5519782],[103.6306791,-1.5516024],[103.6306181,-1.5511752],[103.6305323,-1.5507435],[103.6304466,-1.5504781],[103.6302289,-1.5500787],[103.6301112,-1.54984],[103.6299718,-1.5494163],[103.6299235,-1.5490007],[103.6299262,-1.5486951],[103.6300053,-1.5478612],[103.629996,-1.5475395],[103.629973,-1.5474639],[103.6299315,-1.547396],[103.6298216,-1.5472901],[103.6292321,-1.5468539],[103.6290948,-1.5467311],[103.6286682,-1.5463114],[103.6286198,-1.5462573],[103.6285857,-1.5461997],[103.6285474,-1.5460876],[103.6285301,-1.5459441],[103.628515,-1.5456304],[103.6285032,-1.5455106],[103.6284698,-1.5453771],[103.6284008,-1.5451961],[103.6283397,-1.5450285],[103.6281787,-1.5446906]]}},{"type":"Feature","properties":{"segmentId":"osm-gaul2-18003-5126812767-5126812751-0","regionId":"gaul2-18003","province":"Jambi","region":"Kota Jambi","roadName":"Jalan K.H. A. Tomo","highway":"secondary","lengthMeters":1811.925,"osmWayIds":["1368284724","654145181","668392788","668392790"],"u":"5126812767","v":"5126812751","key":0,"oneway":false,"source":"OpenStreetMap"},"geometry":{"type":"LineString","coordinates":[[103.622478,-1.5701866],[103.6231783,-1.5708387],[103.6224505,-1.5716519],[103.622298,-1.5718211],[103.622147,-1.5719702],[103.6219554,-1.5721756],[103.6213832,-1.5728381],[103.6210687,-1.5732022],[103.6209486,-1.5734209],[103.6209276,-1.5735339],[103.6209316,-1.5738487],[103.6209441,-1.5740782],[103.6209548,-1.5742036],[103.6209373,-1.5743484],[103.6208408,-1.5746782],[103.6206141,-1.5752721],[103.6204451,-1.5757922],[103.6201595,-1.5765525],[103.620008,-1.5769559],[103.6198993,-1.5772454],[103.6197807,-1.5775662],[103.6190945,-1.5793706],[103.6188774,-1.5798717],[103.6180996,-1.5812788],[103.6178791,-1.5816379],[103.6177015,-1.5819334],[103.6173305,-1.5824932],[103.6170843,-1.5828451],[103.6169153,-1.583006],[103.6166834,-1.5831789],[103.6164862,-1.583262],[103.6162458,-1.5833771],[103.6156909,-1.5836427]]}},{"type":"Feature","properties":{"segmentId":"osm-gaul2-18003-5126812767-5126812920-0","regionId":"gaul2-18003","province":"Jambi","region":"Kota Jambi","roadName":"Unnamed OSM road","highway":"tertiary","lengthMeters":2862.504,"osmWayIds":["1418646500"],"u":"5126812767","v":"5126812920","key":0,"oneway":false,"source":"OpenStreetMap"},"geometry":{"type":"LineString","coordinates":[[103.622478,-1.5701866],[103.6221668,-1.5704753],[103.6219408,-1.5707174],[103.6217062,-1.5709743],[103.6216447,-1.5710427],[103.6215408,-1.5711561],[103.62122,-1.5714988],[103.620947,-1.5717965],[103.620936,-1.5718082],[103.6206564,-1.5721048],[103.6201238,-1.5726698],[103.619588,-1.5732397],[103.6189402,-1.573789],[103.6184617,-1.5741936],[103.6179653,-1.5745365],[103.6176447,-1.5746812],[103.6174336,-1.574775],[103.6172419,-1.574862],[103.6163264,-1.5752446],[103.6161965,-1.5752989],[103.6159927,-1.5753337],[103.6158631,-1.575329],[103.6153074,-1.5753163],[103.614899,-1.5752781],[103.6144745,-1.5752345],[103.6140977,-1.5751621],[103.6135143,-1.5750415],[103.6131629,-1.5749611],[103.6127941,-1.5748846],[103.612558,-1.5748633],[103.6117266,-1.5747943],[103.6113752,-1.5747734],[103.610747,-1.5747368],[103.610187,-1.5747063],[103.6101321,-1.5747043],[103.6098289,-1.5746929],[103.6093944,-1.5746715],[103.6092308,-1.5746514],[103.6085334,-1.5744717],[103.6083591,-1.5744194],[103.6081432,-1.5743564],[103.6073124,-1.5740897],[103.6069348,-1.5739717],[103.6064377,-1.5738031],[103.6063381,-1.5737693],[103.6057962,-1.573601],[103.6055897,-1.5735668],[103.6050995,-1.5736178],[103.6049923,-1.5736251],[103.6047643,-1.5736439],[103.6046576,-1.573654],[103.6043626,-1.5736922],[103.6042892,-1.5736952],[103.6041863,-1.5736928],[103.6039972,-1.5736499],[103.6037682,-1.5735903],[103.6036565,-1.5735776],[103.6036176,-1.5735765],[103.6035338,-1.573591],[103.603336,-1.5736556],[103.6028696,-1.5737803],[103.602767,-1.5738058],[103.6026738,-1.5738225],[103.6024227,-1.5738631],[103.6020958,-1.573904],[103.60202,-1.5739169],[103.6019466,-1.5739355],[103.6019091,-1.5739603],[103.6018044,-1.57402],[103.6016844,-1.5741064],[103.6015845,-1.5741875],[103.6015275,-1.5742519],[103.6014397,-1.5743772],[103.6013797,-1.5744184],[103.6013087,-1.5744516],[103.6012398,-1.5744623],[103.6011486,-1.5744617],[103.6010239,-1.5744449],[103.6009146,-1.5744054],[103.6006035,-1.5742452],[103.6005458,-1.5742043],[103.6004721,-1.57415],[103.600411,-1.5741232],[103.60035,-1.5741218],[103.600293,-1.57415],[103.6001851,-1.5742438],[103.5997599,-1.5746943],[103.5995467,-1.5749262]]}},{"type":"Feature","properties":{"segmentId":"osm-gaul2-18003-5126812859-10216509847-0","regionId":"gaul2-18003","province":"Jambi","region":"Kota Jambi","roadName":"Unnamed OSM road","highway":"primary_link","lengthMeters":6.305,"osmWayIds":["1117073844"],"u":"5126812859","v":"10216509847","key":0,"oneway":false,"source":"OpenStreetMap"},"geometry":{"type":"LineString","coordinates":[[103.6019615,-1.6039277],[103.6020017,-1.6039677]]}},{"type":"Feature","properties":{"segmentId":"osm-gaul2-18003-5126812859-5715948433-0","regionId":"gaul2-18003","province":"Jambi","region":"Kota Jambi","roadName":"Jalan Soemantri Brodjonegoro","highway":"primary","lengthMeters":48.107,"osmWayIds":["668389000"],"u":"5126812859","v":"5715948433","key":0,"oneway":true,"source":"OpenStreetMap"},"geometry":{"type":"LineString","coordinates":[[103.6019615,-1.6039277],[103.6021645,-1.6037114],[103.6022586,-1.6036131]]}},{"type":"Feature","properties":{"segmentId":"osm-gaul2-18003-5126812864-5143621020-0","regionId":"gaul2-18003","province":"Jambi","region":"Kota Jambi","roadName":"Jalan Slamet Riyadi","highway":"secondary","lengthMeters":109.045,"osmWayIds":["427844065"],"u":"5126812864","v":"5143621020","key":0,"oneway":true,"source":"OpenStreetMap"},"geometry":{"type":"LineString","coordinates":[[103.594193,-1.6031456],[103.5940468,-1.6038735],[103.5940053,-1.6041081]]}},{"type":"Feature","properties":{"segmentId":"osm-gaul2-18003-5126812864-6134982544-0","regionId":"gaul2-18003","province":"Jambi","region":"Kota Jambi","roadName":"Unnamed OSM road","highway":"secondary_link","lengthMeters":9.878,"osmWayIds":["654717034"],"u":"5126812864","v":"6134982544","key":0,"oneway":false,"source":"OpenStreetMap"},"geometry":{"type":"LineString","coordinates":[[103.594193,-1.6031456],[103.5941045,-1.6031375]]}},{"type":"Feature","properties":{"segmentId":"osm-gaul2-18003-5126812869-5122350016-0","regionId":"gaul2-18003","province":"Jambi","region":"Kota Jambi","roadName":"Unnamed OSM road","highway":"trunk","lengthMeters":35.983,"osmWayIds":["527325058"],"u":"5126812869","v":"5122350016","key":0,"oneway":true,"source":"OpenStreetMap"},"geometry":{"type":"LineString","coordinates":[[103.6088741,-1.5948456],[103.6088389,-1.5948984],[103.6087828,-1.5949599],[103.6087347,-1.5950023],[103.6086439,-1.5950693]]}},{"type":"Feature","properties":{"segmentId":"osm-gaul2-18003-5126812869-6130596991-0","regionId":"gaul2-18003","province":"Jambi","region":"Kota Jambi","roadName":"Jalan Raden Pemuk","highway":"trunk","lengthMeters":338.02,"osmWayIds":["1087173721","654227868"],"u":"5126812869","v":"6130596991","key":0,"oneway":true,"source":"OpenStreetMap"},"geometry":{"type":"LineString","coordinates":[[103.6088741,-1.5948456],[103.6088774,-1.594649],[103.6088796,-1.5945498],[103.6088774,-1.5944767],[103.6088781,-1.5942742],[103.6088976,-1.5940517],[103.6089197,-1.5939539],[103.6090753,-1.5936047],[103.6091102,-1.5934513],[103.609141,-1.5932011],[103.6091557,-1.5928874],[103.6091852,-1.5926595],[103.6092187,-1.5925342],[103.6092449,-1.5924652],[103.6092671,-1.592441],[103.6093891,-1.5923713],[103.609676,-1.5922426],[103.6097699,-1.5921709]]}},{"type":"Feature","properties":{"segmentId":"osm-gaul2-18003-5126812900-5122353941-0","regionId":"gaul2-18003","province":"Jambi","region":"Kota Jambi","roadName":"Jalan Raden Pemuk","highway":"trunk","lengthMeters":243.55,"osmWayIds":["668407515"],"u":"5126812900","v":"5122353941","key":0,"oneway":true,"source":"OpenStreetMap"},"geometry":{"type":"LineString","coordinates":[[103.6141514,-1.5902793],[103.6142412,-1.5901962],[103.614669,-1.5899006],[103.6158666,-1.5891204],[103.6159806,-1.5890855]]}},{"type":"Feature","properties":{"segmentId":"osm-gaul2-18003-5126812900-5122353941-1","regionId":"gaul2-18003","province":"Jambi","region":"Kota Jambi","roadName":"Jalan Raden Pemuk","highway":"trunk","lengthMeters":243.578,"osmWayIds":["668407512","809843818"],"u":"5126812900","v":"5122353941","key":1,"oneway":true,"source":"OpenStreetMap"},"geometry":{"type":"LineString","coordinates":[[103.6141514,-1.5902793],[103.6142633,-1.5902384],[103.6147045,-1.5899649],[103.6150749,-1.589712],[103.6153449,-1.589536],[103.6159028,-1.58917],[103.6159806,-1.5890855]]}},{"type":"Feature","properties":{"segmentId":"osm-gaul2-18003-5126812903-13074353539-0","regionId":"gaul2-18003","province":"Jambi","region":"Kota Jambi","roadName":"Unnamed OSM road","highway":"primary","lengthMeters":15.669,"osmWayIds":["527325062"],"u":"5126812903","v":"13074353539","key":0,"oneway":true,"source":"OpenStreetMap"},"geometry":{"type":"LineString","coordinates":[[103.6170599,-1.5930408],[103.6171304,-1.5930427],[103.6171931,-1.5930748]]}},{"type":"Feature","properties":{"segmentId":"osm-gaul2-18003-5126812903-5122353315-0","regionId":"gaul2-18003","province":"Jambi","region":"Kota Jambi","roadName":"Unnamed OSM road","highway":"primary_link","lengthMeters":25.721,"osmWayIds":["1422664391"],"u":"5126812903","v":"5122353315","key":0,"oneway":false,"source":"OpenStreetMap"},"geometry":{"type":"LineString","coordinates":[[103.6170599,-1.5930408],[103.6170631,-1.5929762],[103.6171103,-1.5929031],[103.6171714,-1.592852]]}},{"type":"Feature","properties":{"segmentId":"osm-gaul2-18003-5126812920-3514089676-0","regionId":"gaul2-18003","province":"Jambi","region":"Kota Jambi","roadName":"Jalan K.H. Hasan Anang","highway":"secondary","lengthMeters":1237.054,"osmWayIds":["527325052"],"u":"5126812920","v":"3514089676","key":0,"oneway":false,"source":"OpenStreetMap"},"geometry":{"type":"LineString","coordinates":[[103.5995467,-1.5749262],[103.599375,-1.5747157],[103.5992999,-1.5745964],[103.5992396,-1.5744744],[103.5991135,-1.5741755],[103.5989338,-1.5737237],[103.5988158,-1.5733993],[103.5986468,-1.5729287],[103.5985992,-1.5727879],[103.598514,-1.5725379],[103.5984215,-1.5723134],[103.598329,-1.572068],[103.5982382,-1.5715448],[103.5981011,-1.5710421],[103.5979932,-1.5707901],[103.5977676,-1.570518],[103.597472,-1.5702555],[103.5971206,-1.5698802],[103.5965672,-1.5693073],[103.596409,-1.5690587],[103.5963219,-1.5689152],[103.5962669,-1.568745],[103.5961596,-1.5682342],[103.5960738,-1.5680559],[103.595949,-1.5678561],[103.595709,-1.567584],[103.5951953,-1.5670987],[103.5947796,-1.5667823],[103.5943369,-1.566524],[103.5942064,-1.5664375],[103.5936018,-1.565976]]}},{"type":"Feature","properties":{"segmentId":"osm-gaul2-18003-5126812920-5126812635-0","regionId":"gaul2-18003","province":"Jambi","region":"Kota Jambi","roadName":"Jalan K.H. Hasan Anang","highway":"secondary","lengthMeters":768.011,"osmWayIds":["527325052"],"u":"5126812920","v":"5126812635","key":0,"oneway":false,"source":"OpenStreetMap"},"geometry":{"type":"LineString","coordinates":[[103.5995467,-1.5749262],[103.5998002,-1.5752359],[103.600458,-1.5759303],[103.6007202,-1.5762601],[103.600802,-1.5764062],[103.6008945,-1.576618],[103.6010528,-1.5770175],[103.6011681,-1.5773272],[103.6013009,-1.5777173],[103.6014068,-1.5780391],[103.6015543,-1.5784613],[103.6017019,-1.5789064],[103.6017957,-1.5791451],[103.6018789,-1.5793381],[103.6020975,-1.5797872],[103.6022115,-1.5800071],[103.6022484,-1.5800969],[103.6022812,-1.5802229],[103.6022812,-1.5803208],[103.6022477,-1.5805634],[103.6022075,-1.5807296],[103.6021323,-1.5810701]]}},{"type":"Feature","properties":{"segmentId":"osm-gaul2-18003-5126812920-5126812767-0","regionId":"gaul2-18003","province":"Jambi","region":"Kota Jambi","roadName":"Unnamed OSM road","highway":"tertiary","lengthMeters":2862.504,"osmWayIds":["1418646500"],"u":"5126812920","v":"5126812767","key":0,"oneway":false,"source":"OpenStreetMap"},"geometry":{"type":"LineString","coordinates":[[103.5995467,-1.5749262],[103.5997599,-1.5746943],[103.6001851,-1.5742438],[103.600293,-1.57415],[103.60035,-1.5741218],[103.600411,-1.5741232],[103.6004721,-1.57415],[103.6005458,-1.5742043],[103.6006035,-1.5742452],[103.6009146,-1.5744054],[103.6010239,-1.5744449],[103.6011486,-1.5744617],[103.6012398,-1.5744623],[103.6013087,-1.5744516],[103.6013797,-1.5744184],[103.6014397,-1.5743772],[103.6015275,-1.5742519],[103.6015845,-1.5741875],[103.6016844,-1.5741064],[103.6018044,-1.57402],[103.6019091,-1.5739603],[103.6019466,-1.5739355],[103.60202,-1.5739169],[103.6020958,-1.573904],[103.6024227,-1.5738631],[103.6026738,-1.5738225],[103.602767,-1.5738058],[103.6028696,-1.5737803],[103.603336,-1.5736556],[103.6035338,-1.573591],[103.6036176,-1.5735765],[103.6036565,-1.5735776],[103.6037682,-1.5735903],[103.6039972,-1.5736499],[103.6041863,-1.5736928],[103.6042892,-1.5736952],[103.6043626,-1.5736922],[103.6046576,-1.573654],[103.6047643,-1.5736439],[103.6049923,-1.5736251],[103.6050995,-1.5736178],[103.6055897,-1.5735668],[103.6057962,-1.573601],[103.6063381,-1.5737693],[103.6064377,-1.5738031],[103.6069348,-1.5739717],[103.6073124,-1.5740897],[103.6081432,-1.5743564],[103.6083591,-1.5744194],[103.6085334,-1.5744717],[103.6092308,-1.5746514],[103.6093944,-1.5746715],[103.6098289,-1.5746929],[103.6101321,-1.5747043],[103.610187,-1.5747063],[103.610747,-1.5747368],[103.6113752,-1.5747734],[103.6117266,-1.5747943],[103.612558,-1.5748633],[103.6127941,-1.5748846],[103.6131629,-1.5749611],[103.6135143,-1.5750415],[103.6140977,-1.5751621],[103.6144745,-1.5752345],[103.614899,-1.5752781],[103.6153074,-1.5753163],[103.6158631,-1.575329],[103.6159927,-1.5753337],[103.6161965,-1.5752989],[103.6163264,-1.5752446],[103.6172419,-1.574862],[103.6174336,-1.574775],[103.6176447,-1.5746812],[103.6179653,-1.5745365],[103.6184617,-1.5741936],[103.6189402,-1.573789],[103.619588,-1.5732397],[103.6201238,-1.5726698],[103.6206564,-1.5721048],[103.620936,-1.5718082],[103.620947,-1.5717965],[103.62122,-1.5714988],[103.6215408,-1.5711561],[103.6216447,-1.5710427],[103.6217062,-1.5709743],[103.6219408,-1.5707174],[103.6221668,-1.5704753],[103.622478,-1.5701866]]}},{"type":"Feature","properties":{"segmentId":"osm-gaul2-18003-5126813001-5122353924-0","regionId":"gaul2-18003","province":"Jambi","region":"Kota Jambi","roadName":"Jalan Kyai Haji Hasyim Ashari","highway":"tertiary","lengthMeters":340.344,"osmWayIds":["527325093","656257051","656257052"],"u":"5126813001","v":"5122353924","key":0,"oneway":true,"source":"OpenStreetMap"},"geometry":{"type":"LineString","coordinates":[[103.6239548,-1.5930524],[103.6239226,-1.5931918],[103.623881,-1.5933379],[103.6238261,-1.5934626],[103.6237577,-1.5935979],[103.6236101,-1.5938822],[103.623405,-1.5942561],[103.6231642,-1.5947113],[103.6230952,-1.59484],[103.6228497,-1.5953152],[103.6227438,-1.5955351],[103.6226331,-1.5958047]]}},{"type":"Feature","properties":{"segmentId":"osm-gaul2-18003-5126813001-6135478571-0","regionId":"gaul2-18003","province":"Jambi","region":"Kota Jambi","roadName":"Unnamed OSM road","highway":"tertiary_link","lengthMeters":9.412,"osmWayIds":["816114245"],"u":"5126813001","v":"6135478571","key":0,"oneway":false,"source":"OpenStreetMap"},"geometry":{"type":"LineString","coordinates":[[103.6239548,-1.5930524],[103.6238703,-1.5930469]]}},{"type":"Feature","properties":{"segmentId":"osm-gaul2-18003-5126813017-4791526170-0","regionId":"gaul2-18003","province":"Jambi","region":"Kota Jambi","roadName":"Unnamed OSM road","highway":"tertiary","lengthMeters":548.781,"osmWayIds":["656299993"],"u":"5126813017","v":"4791526170","key":0,"oneway":false,"source":"OpenStreetMap"},"geometry":{"type":"LineString","coordinates":[[103.6233358,-1.6185612],[103.6234599,-1.6184898],[103.623586,-1.6184281],[103.6241171,-1.618274],[103.6244403,-1.6181667],[103.62482,-1.6179919],[103.6248681,-1.6179616],[103.6250454,-1.617885],[103.6254616,-1.6177051],[103.6260872,-1.6174348],[103.6263556,-1.6173102],[103.6266357,-1.6171801],[103.6268343,-1.6170772],[103.6269978,-1.6169924],[103.6271234,-1.6169127],[103.6273357,-1.6167779],[103.6277689,-1.6164488]]}},{"type":"Feature","properties":{"segmentId":"osm-gaul2-18003-5126813017-5126809790-0","regionId":"gaul2-18003","province":"Jambi","region":"Kota Jambi","roadName":"Jalan DI Panjaitan","highway":"tertiary","lengthMeters":1691.742,"osmWayIds":["1204122861","486558578"],"u":"5126813017","v":"5126809790","key":0,"oneway":false,"source":"OpenStreetMap"},"geometry":{"type":"LineString","coordinates":[[103.6233358,-1.6185612],[103.6235537,-1.6189521],[103.6243296,-1.6202539],[103.6245774,-1.6206605],[103.6245905,-1.6206806],[103.6246874,-1.6208619],[103.6247601,-1.6210174],[103.6248312,-1.621242],[103.6248419,-1.6212903],[103.6248842,-1.6215778],[103.6249191,-1.6218526],[103.6249144,-1.6220993],[103.6248909,-1.622228],[103.6248111,-1.6224512],[103.6247132,-1.6226985],[103.6246448,-1.6228433],[103.6245905,-1.6229224],[103.6245804,-1.6229371],[103.6243283,-1.6232106],[103.6241318,-1.6234054],[103.6236505,-1.6237677],[103.6233096,-1.6240462],[103.6231328,-1.6241675],[103.6227844,-1.6243009],[103.6226365,-1.6243569],[103.6225232,-1.6243918],[103.6223938,-1.6244165],[103.6223142,-1.6244192],[103.6222575,-1.62441],[103.6216511,-1.6242102],[103.6215069,-1.6241099],[103.6209121,-1.6235451],[103.6201383,-1.6228206],[103.6199613,-1.6226697],[103.6198848,-1.6225883],[103.6197737,-1.6224589],[103.6197119,-1.622379],[103.6196485,-1.6222976],[103.6191288,-1.6216209],[103.6188904,-1.6213341],[103.6185099,-1.6209798],[103.6183226,-1.6207875],[103.6182182,-1.6206495],[103.6181365,-1.6204914],[103.6180787,-1.6203269],[103.6180432,-1.6201763],[103.6179974,-1.6199132],[103.6179388,-1.619576],[103.617887,-1.6192717],[103.617779,-1.6187644]]}},{"type":"Feature","properties":{"segmentId":"osm-gaul2-18003-5126813017-6136250584-0","regionId":"gaul2-18003","province":"Jambi","region":"Kota Jambi","roadName":"Jalan Dr. Sumbiyono","highway":"tertiary","lengthMeters":993.829,"osmWayIds":["1204122862","527325081"],"u":"5126813017","v":"6136250584","key":0,"oneway":false,"source":"OpenStreetMap"},"geometry":{"type":"LineString","coordinates":[[103.6233358,-1.6185612],[103.6231823,-1.6186649],[103.6228796,-1.6189297],[103.6224873,-1.6186774],[103.6221063,-1.6184324],[103.6216115,-1.6180826],[103.6214885,-1.6179822],[103.6211419,-1.6175476],[103.6209039,-1.6172722],[103.6207498,-1.617094],[103.6206033,-1.6169391],[103.6203324,-1.61658],[103.6199388,-1.6160108],[103.6195292,-1.6154628],[103.6194527,-1.61543],[103.6193796,-1.6154092],[103.6180016,-1.6152523],[103.6175215,-1.6152329],[103.6172815,-1.6152376],[103.6171219,-1.6152563],[103.6169381,-1.6152966],[103.6163219,-1.6154722],[103.6161127,-1.6155321]]}},{"type":"Feature","properties":{"segmentId":"osm-gaul2-18003-5126813438-4791347536-0","regionId":"gaul2-18003","province":"Jambi","region":"Kota Jambi","roadName":"Unnamed OSM road","highway":"tertiary","lengthMeters":1201.127,"osmWayIds":["529513829"],"u":"5126813438","v":"4791347536","key":0,"oneway":false,"source":"OpenStreetMap"},"geometry":{"type":"LineString","coordinates":[[103.6401513,-1.6188934],[103.6399475,-1.618833],[103.6393159,-1.6185219],[103.6392863,-1.6185073],[103.6392125,-1.618471],[103.6387837,-1.6182131],[103.6385527,-1.6180742],[103.6382518,-1.6178984],[103.6376845,-1.6175745],[103.6375737,-1.6175112],[103.6366548,-1.6168809],[103.6361307,-1.6165192],[103.6357042,-1.6162296],[103.6354963,-1.6160285],[103.635208,-1.6156036],[103.6351383,-1.6154494],[103.6349747,-1.615444],[103.6343094,-1.6153629],[103.6339415,-1.615318],[103.6336742,-1.6152819],[103.633554,-1.6152678],[103.6328132,-1.6151803],[103.6312938,-1.6149949],[103.6312552,-1.6149902],[103.6305356,-1.6149024]]}},{"type":"Feature","properties":{"segmentId":"osm-gaul2-18003-5126813438-4791526209-0","regionId":"gaul2-18003","province":"Jambi","region":"Kota Jambi","roadName":"Jalan Haji Mohammad Yusuf Nasri","highway":"tertiary","lengthMeters":152.139,"osmWayIds":["486560001"],"u":"5126813438","v":"4791526209","key":0,"oneway":false,"source":"OpenStreetMap"},"geometry":{"type":"LineString","coordinates":[[103.6401513,-1.6188934],[103.6401464,-1.6200784],[103.6401454,-1.6202616]]}},{"type":"Feature","properties":{"segmentId":"osm-gaul2-18003-5126813438-5126813448-0","regionId":"gaul2-18003","province":"Jambi","region":"Kota Jambi","roadName":"Jalan Haji Mohammad Yusuf Nasri","highway":"tertiary","lengthMeters":764.314,"osmWayIds":["486560001"],"u":"5126813438","v":"5126813448","key":0,"oneway":false,"source":"OpenStreetMap"},"geometry":{"type":"LineString","coordinates":[[103.6401513,-1.6188934],[103.6401272,-1.6177726],[103.6400478,-1.6170824],[103.6400629,-1.6168234],[103.6400152,-1.6159337],[103.6400401,-1.6157256],[103.6400846,-1.6155961],[103.6401487,-1.6154346],[103.6403052,-1.6150748],[103.6404,-1.6148609],[103.640554,-1.6145677],[103.6405839,-1.6144869],[103.640599,-1.6144084],[103.6406033,-1.6142416],[103.6405948,-1.6138943],[103.6405685,-1.6136236],[103.6405449,-1.6134719],[103.6405242,-1.613397],[103.6403851,-1.6131293],[103.640361,-1.6130899],[103.6402869,-1.6129412],[103.6401085,-1.6127469],[103.639733,-1.6124666]]}},{"type":"Feature","properties":{"segmentId":"osm-gaul2-18003-5126813448-4791532227-0","regionId":"gaul2-18003","province":"Jambi","region":"Kota Jambi","roadName":"Jalan Haji Mohammad Yusuf Nasri","highway":"tertiary","lengthMeters":1185.005,"osmWayIds":["486560001"],"u":"5126813448","v":"4791532227","key":0,"oneway":false,"source":"OpenStreetMap"},"geometry":{"type":"LineString","coordinates":[[103.639733,-1.6124666],[103.6393174,-1.6121674],[103.6392425,-1.6121135],[103.6388917,-1.6119036],[103.6388023,-1.6118768],[103.6387218,-1.6118822],[103.6386802,-1.6119264],[103.6384619,-1.6121228],[103.6381403,-1.6122642],[103.6380404,-1.6122843],[103.6379412,-1.6122722],[103.6377695,-1.612228],[103.6374711,-1.612242],[103.6371674,-1.6122823],[103.637038,-1.6123117],[103.6369615,-1.6123339],[103.636116,-1.6125839],[103.6359631,-1.6126301],[103.6359054,-1.6126503],[103.6357928,-1.6126583],[103.6356573,-1.6126523],[103.6353891,-1.6125504],[103.6348888,-1.6122595],[103.6344731,-1.6120457],[103.6337751,-1.6115597],[103.6336184,-1.6114506],[103.6333815,-1.6112856],[103.6332445,-1.6112152],[103.6330586,-1.6111257],[103.6330184,-1.611114],[103.6329812,-1.6111073],[103.6329121,-1.6111006],[103.6328466,-1.6111026],[103.6327949,-1.6111175],[103.6327746,-1.6111267],[103.6326526,-1.6112154],[103.6325834,-1.6112531],[103.6325534,-1.6112566],[103.6325331,-1.6112526],[103.6324642,-1.6112239],[103.6322296,-1.6110953],[103.6321352,-1.6110448],[103.6318102,-1.6108892],[103.6315951,-1.6107842],[103.6312115,-1.6106196],[103.6301521,-1.6101502]]}},{"type":"Feature","properties":{"segmentId":"osm-gaul2-18003-5126813448-5126813438-0","regionId":"gaul2-18003","province":"Jambi","region":"Kota Jambi","roadName":"Jalan Haji Mohammad Yusuf Nasri","highway":"tertiary","lengthMeters":764.314,"osmWayIds":["486560001"],"u":"5126813448","v":"5126813438","key":0,"oneway":false,"source":"OpenStreetMap"},"geometry":{"type":"LineString","coordinates":[[103.639733,-1.6124666],[103.6401085,-1.6127469],[103.6402869,-1.6129412],[103.640361,-1.6130899],[103.6403851,-1.6131293],[103.6405242,-1.613397],[103.6405449,-1.6134719],[103.6405685,-1.6136236],[103.6405948,-1.6138943],[103.6406033,-1.6142416],[103.640599,-1.6144084],[103.6405839,-1.6144869],[103.640554,-1.6145677],[103.6404,-1.6148609],[103.6403052,-1.6150748],[103.6401487,-1.6154346],[103.6400846,-1.6155961],[103.6400401,-1.6157256],[103.6400152,-1.6159337],[103.6400629,-1.6168234],[103.6400478,-1.6170824],[103.6401272,-1.6177726],[103.6401513,-1.6188934]]}},{"type":"Feature","properties":{"segmentId":"osm-gaul2-18003-5126813448-6080862300-0","regionId":"gaul2-18003","province":"Jambi","region":"Kota Jambi","roadName":"Unnamed OSM road","highway":"tertiary","lengthMeters":1582.776,"osmWayIds":["647519078","647519101","668409744"],"u":"5126813448","v":"6080862300","key":0,"oneway":false,"source":"OpenStreetMap"},"geometry":{"type":"LineString","coordinates":[[103.639733,-1.6124666],[103.639918,-1.6121248],[103.6401111,-1.6116743],[103.6401875,-1.611463],[103.640285,-1.611197],[103.6403069,-1.6111327],[103.6404135,-1.6108189],[103.6404571,-1.6106904],[103.6404992,-1.6105958],[103.6405443,-1.6104209],[103.6407052,-1.6100813],[103.6408272,-1.6097908],[103.6408768,-1.6096032],[103.6408474,-1.6094276],[103.6407468,-1.6091327],[103.6407334,-1.608961],[103.6407736,-1.6087251],[103.6408115,-1.6085562],[103.6408862,-1.6081781],[103.6408782,-1.6079757],[103.6408017,-1.6079381],[103.6406319,-1.6079079],[103.6404162,-1.6078892],[103.6401734,-1.6078155],[103.6399233,-1.6077384],[103.6391723,-1.607422],[103.6388786,-1.6072739],[103.6388364,-1.6072531],[103.6384964,-1.6070869],[103.6384632,-1.6070686],[103.6382738,-1.6069783],[103.6382282,-1.6069488],[103.6381987,-1.6069032],[103.6381115,-1.6067088],[103.6380914,-1.6066459],[103.6380538,-1.6066083],[103.6376247,-1.6062852],[103.637386,-1.6060788],[103.6369078,-1.6056337],[103.6367724,-1.6054963],[103.6367389,-1.6054775],[103.6367213,-1.6054728],[103.6367033,-1.6054742],[103.6366857,-1.6054839],[103.6366712,-1.6055077],[103.6365656,-1.6058398],[103.636527,-1.6059488],[103.6364036,-1.6062255],[103.6363565,-1.6062946],[103.6362863,-1.6064065],[103.6361307,-1.6067236],[103.6360784,-1.6067343],[103.6360368,-1.6067249],[103.6357689,-1.6065889],[103.635617,-1.6065118],[103.6349962,-1.6061552],[103.6349236,-1.6060105],[103.6348378,-1.6058441],[103.6347145,-1.6057316],[103.6345589,-1.6056203],[103.6343993,-1.6055318],[103.634217,-1.6054647],[103.6341539,-1.6054326],[103.6340909,-1.6053777],[103.6340278,-1.6053106],[103.6339568,-1.6051712],[103.6338065,-1.6049017]]}},{"type":"Feature","properties":{"segmentId":"osm-gaul2-18003-5126813530-5141191633-0","regionId":"gaul2-18003","province":"Jambi","region":"Kota Jambi","roadName":"Unnamed OSM road","highway":"tertiary","lengthMeters":201.099,"osmWayIds":["529193806","812550647"],"u":"5126813530","v":"5141191633","key":0,"oneway":true,"source":"OpenStreetMap"},"geometry":{"type":"LineString","coordinates":[[103.647002,-1.6353594],[103.6469306,-1.635328],[103.6466562,-1.6350714],[103.6466255,-1.6350431],[103.6464808,-1.6349248],[103.6455955,-1.634228]]}},{"type":"Feature","properties":{"segmentId":"osm-gaul2-18003-5126813530-5162150923-0","regionId":"gaul2-18003","province":"Jambi","region":"Kota Jambi","roadName":"Unnamed OSM road","highway":"tertiary","lengthMeters":199.452,"osmWayIds":["529193791"],"u":"5126813530","v":"5162150923","key":0,"oneway":false,"source":"OpenStreetMap"},"geometry":{"type":"LineString","coordinates":[[103.647002,-1.6353594],[103.6471656,-1.6355261],[103.6471787,-1.6355401],[103.6474041,-1.6358095],[103.6477072,-1.6362171],[103.6478494,-1.6363833],[103.6479753,-1.636507],[103.6481744,-1.6367135]]}},{"type":"Feature","properties":{"segmentId":"osm-gaul2-18003-5126813532-5126813530-0","regionId":"gaul2-18003","province":"Jambi","region":"Kota Jambi","roadName":"Unnamed OSM road","highway":"tertiary","lengthMeters":202.103,"osmWayIds":["529193793","812550646"],"u":"5126813532","v":"5126813530","key":0,"oneway":true,"source":"OpenStreetMap"},"geometry":{"type":"LineString","coordinates":[[103.6456472,-1.634169],[103.6461149,-1.6345457],[103.646985,-1.635287],[103.647002,-1.6353594]]}},{"type":"Feature","properties":{"segmentId":"osm-gaul2-18003-5126813532-5141191633-0","regionId":"gaul2-18003","province":"Jambi","region":"Kota Jambi","roadName":"Unnamed OSM road","highway":"tertiary_link","lengthMeters":8.721,"osmWayIds":["529193811"],"u":"5126813532","v":"5141191633","key":0,"oneway":false,"source":"OpenStreetMap"},"geometry":{"type":"LineString","coordinates":[[103.6456472,-1.634169],[103.6455955,-1.634228]]}},{"type":"Feature","properties":{"segmentId":"osm-gaul2-18003-5126813546-6484911008-0","regionId":"gaul2-18003","province":"Jambi","region":"Kota Jambi","roadName":"Unnamed OSM road","highway":"tertiary","lengthMeters":217.354,"osmWayIds":["529193793"],"u":"5126813546","v":"6484911008","key":0,"oneway":true,"source":"OpenStreetMap"},"geometry":{"type":"LineString","coordinates":[[103.6456767,-1.6311555],[103.6457215,-1.6312218],[103.645737,-1.6312637],[103.6457444,-1.631308],[103.6457383,-1.6313431],[103.6457241,-1.6313765],[103.6457035,-1.6314102],[103.6455238,-1.6315389],[103.6447552,-1.6320919],[103.6443302,-1.632367]]}},{"type":"Feature","properties":{"segmentId":"osm-gaul2-18003-5126813546-7577765174-0","regionId":"gaul2-18003","province":"Jambi","region":"Kota Jambi","roadName":"Jalan Simpang Alkal - Bandara Sultan Thaha","highway":"trunk","lengthMeters":18.517,"osmWayIds":["1330857070"],"u":"5126813546","v":"7577765174","key":0,"oneway":true,"source":"OpenStreetMap"},"geometry":{"type":"LineString","coordinates":[[103.6456767,-1.6311555],[103.6456821,-1.6311956],[103.6456765,-1.6312177],[103.6456745,-1.6312254],[103.6456565,-1.6312364],[103.6456261,-1.631233],[103.6455851,-1.631218]]}},{"type":"Feature","properties":{"segmentId":"osm-gaul2-18003-5126813547-5126813546-0","regionId":"gaul2-18003","province":"Jambi","region":"Kota Jambi","roadName":"Jalan Simpang Alkal - Bandara Sultan Thaha","highway":"trunk","lengthMeters":78.199,"osmWayIds":["1330857072"],"u":"5126813547","v":"5126813546","key":0,"oneway":true,"source":"OpenStreetMap"},"geometry":{"type":"LineString","coordinates":[[103.645125,-1.6307191],[103.6456767,-1.6311555]]}},{"type":"Feature","properties":{"segmentId":"osm-gaul2-18003-5126813547-5141191564-0","regionId":"gaul2-18003","province":"Jambi","region":"Kota Jambi","roadName":"Jalan Simpang Alkal - Bandara Sultan Thaha","highway":"trunk","lengthMeters":13.578,"osmWayIds":["529193792"],"u":"5126813547","v":"5141191564","key":0,"oneway":true,"source":"OpenStreetMap"},"geometry":{"type":"LineString","coordinates":[[103.645125,-1.6307191],[103.6451181,-1.6307488],[103.6451019,-1.6307747],[103.6450782,-1.6307939],[103.6450494,-1.6308042]]}},{"type":"Feature","properties":{"segmentId":"osm-gaul2-18003-5126813554-5122349943-0","regionId":"gaul2-18003","province":"Jambi","region":"Kota Jambi","roadName":"Unnamed OSM road","highway":"trunk","lengthMeters":246.876,"osmWayIds":["486559994"],"u":"5126813554","v":"5122349943","key":0,"oneway":false,"source":"OpenStreetMap"},"geometry":{"type":"LineString","coordinates":[[103.6535302,-1.631028],[103.6545746,-1.6315318],[103.6552892,-1.6318891],[103.655409,-1.6319567],[103.655502,-1.63204]]}},{"type":"Feature","properties":{"segmentId":"osm-gaul2-18003-5126813554-5162150923-0","regionId":"gaul2-18003","province":"Jambi","region":"Kota Jambi","roadName":"Unnamed OSM road","highway":"tertiary","lengthMeters":888.528,"osmWayIds":["531853934"],"u":"5126813554","v":"5162150923","key":0,"oneway":false,"source":"OpenStreetMap"},"geometry":{"type":"LineString","coordinates":[[103.6535302,-1.631028],[103.6533136,-1.6315017],[103.6528993,-1.6322947],[103.6525224,-1.6328127],[103.6521126,-1.6332521],[103.6519014,-1.633408],[103.651556,-1.6336404],[103.6514796,-1.6336945],[103.6514246,-1.6337427],[103.6512101,-1.6339814],[103.6509345,-1.6343785],[103.6507867,-1.6345735],[103.6506881,-1.6347034],[103.650356,-1.6351174],[103.650264,-1.6352499],[103.6499958,-1.6356038],[103.6499007,-1.6356948],[103.6497328,-1.6358179],[103.6493352,-1.6360456],[103.6487049,-1.6364691],[103.6483603,-1.6366326],[103.6481744,-1.6367135]]}},{"type":"Feature","properties":{"segmentId":"osm-gaul2-18003-5126813554-5162151033-0","regionId":"gaul2-18003","province":"Jambi","region":"Kota Jambi","roadName":"Lorong Laksana III","highway":"tertiary","lengthMeters":3473.481,"osmWayIds":["531853934","531853937","531853956","647518907","647518978","647518980"],"u":"5126813554","v":"5162151033","key":0,"oneway":false,"source":"OpenStreetMap"},"geometry":{"type":"LineString","coordinates":[[103.6535302,-1.631028],[103.6536697,-1.6306782],[103.6536884,-1.6305522],[103.6536723,-1.6301527],[103.6536723,-1.6296541],[103.6537408,-1.6295144],[103.6538545,-1.6293066],[103.6539499,-1.6291567],[103.6544153,-1.6287371],[103.6545601,-1.6285628],[103.6546289,-1.6284559],[103.6547278,-1.628302],[103.6547003,-1.6278152],[103.6547855,-1.6270543],[103.6547962,-1.6267862],[103.6548098,-1.6266693],[103.6548177,-1.6266012],[103.6548311,-1.6264377],[103.6548633,-1.626199],[103.654882,-1.6260385],[103.6548686,-1.6259621],[103.6548384,-1.6258696],[103.6548032,-1.6257899],[103.6547948,-1.6257439],[103.6548059,-1.6256155],[103.6548123,-1.6255368],[103.654815,-1.625392],[103.6548204,-1.6251614],[103.6548214,-1.6251338],[103.6548284,-1.624947],[103.6548582,-1.6246812],[103.655625,-1.6246537],[103.6559294,-1.6246524],[103.6562875,-1.6246766],[103.6564511,-1.6247462],[103.656923,-1.625078],[103.657166,-1.6247753],[103.6571968,-1.6247395],[103.6577655,-1.6240276],[103.658275,-1.6234445],[103.6584889,-1.6231951],[103.6585984,-1.6230524],[103.6587744,-1.6228507],[103.658957,-1.6225819],[103.6591449,-1.6222383],[103.659189,-1.6221362],[103.6592967,-1.6219313],[103.6593533,-1.6218372],[103.6594194,-1.6217054],[103.6594123,-1.6215517],[103.6594029,-1.6209377],[103.6594284,-1.6203237],[103.6594404,-1.6201677],[103.6595168,-1.6195274],[103.6595853,-1.6189821],[103.6596054,-1.6188142],[103.6596436,-1.6181993],[103.6592614,-1.6170505],[103.659116,-1.616409],[103.6590398,-1.6158882],[103.6590193,-1.6153033],[103.6590354,-1.6148166],[103.65902,-1.6147192],[103.6589784,-1.6146561],[103.6589202,-1.6145783],[103.6585953,-1.6142899],[103.6581392,-1.6138688],[103.6578728,-1.6136618],[103.6576045,-1.6134523],[103.6575454,-1.6134178],[103.6574811,-1.6134023],[103.6573637,-1.6133799],[103.6571136,-1.6133836],[103.6567347,-1.6133658],[103.6566308,-1.6133001],[103.6564296,-1.6131094],[103.6562695,-1.6129376],[103.6558757,-1.612495],[103.6557615,-1.6123822],[103.6554258,-1.6120326],[103.6548586,-1.6115782],[103.6540466,-1.6110051],[103.653907,-1.6108888],[103.6537843,-1.6107632],[103.6537425,-1.6107094],[103.653636,-1.6105939],[103.6535229,-1.6104859],[103.6534968,-1.6104613],[103.6530662,-1.6100964],[103.6527772,-1.6098944],[103.6527383,-1.609872],[103.6525898,-1.6097923],[103.6522398,-1.6095989],[103.6516976,-1.6092777],[103.6513045,-1.6091173],[103.6512483,-1.6090954],[103.6502428,-1.6084925]]}},{"type":"Feature","properties":{"segmentId":"osm-gaul2-18003-5126813554-7605531994-0","regionId":"gaul2-18003","province":"Jambi","region":"Kota Jambi","roadName":"Unnamed OSM road","highway":"trunk","lengthMeters":783.222,"osmWayIds":["486559994"],"u":"5126813554","v":"7605531994","key":0,"oneway":false,"source":"OpenStreetMap"},"geometry":{"type":"LineString","coordinates":[[103.6535302,-1.631028],[103.6531278,-1.6308659],[103.6525805,-1.6306755],[103.6523929,-1.6306166],[103.6521623,-1.6305174],[103.6517519,-1.6302895],[103.6514126,-1.6300562],[103.6511369,-1.6297743],[103.6511121,-1.6297533],[103.6509721,-1.6295802],[103.6508694,-1.6294503],[103.6508216,-1.6293798],[103.6507688,-1.6292801],[103.650709,-1.629143],[103.650675,-1.6290535],[103.6506468,-1.6289382],[103.6506109,-1.6287597],[103.6505877,-1.6285578],[103.6505824,-1.6285119],[103.6505425,-1.6282812],[103.6505023,-1.6281517],[103.650415,-1.6279516],[103.6502471,-1.6276382],[103.6500725,-1.6273021],[103.6498234,-1.6269434],[103.6493522,-1.6262329],[103.6492316,-1.6259773]]}},{"type":"Feature","properties":{"segmentId":"osm-gaul2-18003-5126813621-5143621155-0","regionId":"gaul2-18003","province":"Jambi","region":"Kota Jambi","roadName":"Jalan Raden Mattaher","highway":"secondary","lengthMeters":248.682,"osmWayIds":["765980936"],"u":"5126813621","v":"5143621155","key":0,"oneway":true,"source":"OpenStreetMap"},"geometry":{"type":"LineString","coordinates":[[103.6173948,-1.5885377],[103.6177301,-1.5888517],[103.6181925,-1.5892945],[103.618709,-1.5897493],[103.6190101,-1.5900152],[103.6190321,-1.5900572]]}},{"type":"Feature","properties":{"segmentId":"osm-gaul2-18003-5126813621-6259312424-0","regionId":"gaul2-18003","province":"Jambi","region":"Kota Jambi","roadName":"Jalan Sultan Thaha","highway":"trunk","lengthMeters":150.351,"osmWayIds":["668407510","819301426"],"u":"5126813621","v":"6259312424","key":0,"oneway":false,"source":"OpenStreetMap"},"geometry":{"type":"LineString","coordinates":[[103.6173948,-1.5885377],[103.6171393,-1.5887651],[103.6170628,-1.5888134],[103.6169837,-1.5888483],[103.6168831,-1.588875],[103.6167437,-1.5889006],[103.616509,-1.5889501],[103.6163721,-1.5889759],[103.6162354,-1.5890031],[103.6161686,-1.5889849]]}},{"type":"Feature","properties":{"segmentId":"osm-gaul2-18003-5126813640-11357372338-0","regionId":"gaul2-18003","province":"Jambi","region":"Kota Jambi","roadName":"Jalan Orang Kayo Pingai","highway":"secondary","lengthMeters":79.069,"osmWayIds":["1224671147"],"u":"5126813640","v":"11357372338","key":0,"oneway":true,"source":"OpenStreetMap"},"geometry":{"type":"LineString","coordinates":[[103.627789,-1.5983651],[103.6278763,-1.5983235],[103.628013,-1.5983222],[103.6284006,-1.5983249],[103.6284797,-1.5983685]]}},{"type":"Feature","properties":{"segmentId":"osm-gaul2-18003-5126813640-5122352903-0","regionId":"gaul2-18003","province":"Jambi","region":"Kota Jambi","roadName":"Jalan Kompol Zainal Abidin","highway":"tertiary","lengthMeters":510.621,"osmWayIds":["1139096519","717959047"],"u":"5126813640","v":"5122352903","key":0,"oneway":false,"source":"OpenStreetMap"},"geometry":{"type":"LineString","coordinates":[[103.627789,-1.5983651],[103.627909,-1.5971293],[103.6279472,-1.5967162],[103.6280172,-1.5963136],[103.6280373,-1.5960106],[103.6280752,-1.5956805],[103.6280939,-1.5954041],[103.6281011,-1.5950943],[103.6281047,-1.594976],[103.6281354,-1.5945747],[103.6281592,-1.5942629],[103.6281967,-1.5939465],[103.6282208,-1.5937964]]}},{"type":"Feature","properties":{"segmentId":"osm-gaul2-18003-5126813640-5122353924-0","regionId":"gaul2-18003","province":"Jambi","region":"Kota Jambi","roadName":"Jalan Orang Kayo Hitam","highway":"secondary","lengthMeters":641.721,"osmWayIds":["526828505"],"u":"5126813640","v":"5122353924","key":0,"oneway":false,"source":"OpenStreetMap"},"geometry":{"type":"LineString","coordinates":[[103.627789,-1.5983651],[103.6266166,-1.5976757],[103.6261475,-1.5973999],[103.625978,-1.5973212],[103.625893,-1.5972774],[103.6256613,-1.5971789],[103.6251792,-1.5970004],[103.6246117,-1.5968118],[103.6242512,-1.5966652],[103.6236343,-1.5963596],[103.6232105,-1.5961236],[103.6226331,-1.5958047]]}},{"type":"Feature","properties":{"segmentId":"osm-gaul2-18003-5126813640-6080862336-0","regionId":"gaul2-18003","province":"Jambi","region":"Kota Jambi","roadName":"Jalan Djamin Datuk Bagindo","highway":"tertiary","lengthMeters":891.707,"osmWayIds":["1330857069","526828491"],"u":"5126813640","v":"6080862336","key":0,"oneway":false,"source":"OpenStreetMap"},"geometry":{"type":"LineString","coordinates":[[103.627789,-1.5983651],[103.6276318,-1.5991129],[103.6275128,-1.5998773],[103.627448,-1.600289],[103.6274242,-1.6004724],[103.6273813,-1.6007164],[103.6273706,-1.600821],[103.6273706,-1.6009926],[103.6274162,-1.6015289],[103.6274913,-1.6021106],[103.6276522,-1.6031724],[103.6276553,-1.6032191],[103.6276952,-1.6035075],[103.6277515,-1.603663],[103.6278909,-1.6039043],[103.6280534,-1.6041504],[103.6285106,-1.6047811],[103.6286795,-1.6050036],[103.6289424,-1.6053327],[103.6289665,-1.6053629],[103.6290497,-1.6055104],[103.6291728,-1.6058832]]}},{"type":"Feature","properties":{"segmentId":"osm-gaul2-18003-5126813651-12578228680-0","regionId":"gaul2-18003","province":"Jambi","region":"Kota Jambi","roadName":"Jalan Orang Kayo Pingai","highway":"secondary","lengthMeters":55.388,"osmWayIds":["1459719411"],"u":"5126813651","v":"12578228680","key":0,"oneway":true,"source":"OpenStreetMap"},"geometry":{"type":"LineString","coordinates":[[103.6374531,-1.6020812],[103.6370257,-1.6019517],[103.6369885,-1.6019158]]}},{"type":"Feature","properties":{"segmentId":"osm-gaul2-18003-5126813651-6080862300-0","regionId":"gaul2-18003","province":"Jambi","region":"Kota Jambi","roadName":"Unnamed OSM road","highway":"tertiary","lengthMeters":553.596,"osmWayIds":["647519101"],"u":"5126813651","v":"6080862300","key":0,"oneway":false,"source":"OpenStreetMap"},"geometry":{"type":"LineString","coordinates":[[103.6374531,-1.6020812],[103.6370802,-1.6025825],[103.6368012,-1.6029016],[103.636668,-1.6030011],[103.6365572,-1.6030839],[103.6364713,-1.6031717],[103.6363962,-1.6032662],[103.6362031,-1.6035236],[103.6361562,-1.6035645],[103.6361039,-1.603596],[103.6354789,-1.6037971],[103.6347815,-1.6040197],[103.6343551,-1.6041725],[103.6341459,-1.6042744],[103.6338354,-1.60445],[103.6337764,-1.6044942],[103.6337308,-1.6045479],[103.6337556,-1.6047288],[103.6338065,-1.6049017]]}},{"type":"Feature","properties":{"segmentId":"osm-gaul2-18003-5126813663-7605364875-0","regionId":"gaul2-18003","province":"Jambi","region":"Kota Jambi","roadName":"Jalan Raya Jambi 15","highway":"trunk","lengthMeters":5.891,"osmWayIds":["1026894696"],"u":"5126813663","v":"7605364875","key":0,"oneway":false,"source":"OpenStreetMap"},"geometry":{"type":"LineString","coordinates":[[103.6491773,-1.6259104],[103.6492249,-1.6258871]]}},{"type":"Feature","properties":{"segmentId":"osm-gaul2-18003-5126813663-7607558339-0","regionId":"gaul2-18003","province":"Jambi","region":"Kota Jambi","roadName":"Unnamed OSM road","highway":"trunk","lengthMeters":411.861,"osmWayIds":["1026895021","814145921"],"u":"5126813663","v":"7607558339","key":0,"oneway":true,"source":"OpenStreetMap"},"geometry":{"type":"LineString","coordinates":[[103.6491773,-1.6259104],[103.6490216,-1.6256575],[103.6486716,-1.6249803],[103.6485807,-1.6248381],[103.6483972,-1.624638],[103.6481993,-1.6244526],[103.6478049,-1.6241473],[103.6475381,-1.6238561],[103.6473852,-1.6237368],[103.646646,-1.6233247]]}},{"type":"Feature","properties":{"segmentId":"osm-gaul2-18003-5126814114-5062248508-0","regionId":"gaul2-18003","province":"Jambi","region":"Kota Jambi","roadName":"Unnamed OSM road","highway":"trunk","lengthMeters":1061.195,"osmWayIds":["615630751","615630752","778467828"],"u":"5126814114","v":"5062248508","key":0,"oneway":false,"source":"OpenStreetMap"},"geometry":{"type":"LineString","coordinates":[[103.6558899,-1.5628045],[103.6557946,-1.5628728],[103.6557101,-1.5629513],[103.655633,-1.5630431],[103.655566,-1.5631825],[103.6551763,-1.564039],[103.6551073,-1.5641907],[103.655079,-1.5642552],[103.6549283,-1.5645928],[103.6548506,-1.564766],[103.6548284,-1.5648154],[103.6547479,-1.5649959],[103.6544015,-1.5657728],[103.6543758,-1.5658304],[103.6543161,-1.5659643],[103.6542664,-1.5660943],[103.6541444,-1.5664174],[103.6540723,-1.5666674],[103.6539848,-1.5669711],[103.6538427,-1.5674577],[103.6537448,-1.5677124],[103.6536714,-1.5678651],[103.6535933,-1.5679343],[103.6534993,-1.5679738],[103.6531869,-1.5679966],[103.6530145,-1.5679826],[103.6529515,-1.5679812],[103.6528556,-1.5679765],[103.6523011,-1.567943],[103.6521749,-1.5679347],[103.651835,-1.5679082],[103.6512342,-1.5678565],[103.6507031,-1.5678291],[103.6501895,-1.5677982],[103.6497349,-1.5677888]]}},{"type":"Feature","properties":{"segmentId":"osm-gaul2-18003-5128992279-2853572914-0","regionId":"gaul2-18003","province":"Jambi","region":"Kota Jambi","roadName":"Jalan Kapten Pattimura","highway":"primary","lengthMeters":402.694,"osmWayIds":["567545844"],"u":"5128992279","v":"2853572914","key":0,"oneway":true,"source":"OpenStreetMap"},"geometry":{"type":"LineString","coordinates":[[103.5836615,-1.6206285],[103.5824372,-1.6202455],[103.5817274,-1.6200321],[103.5811523,-1.6198922],[103.580187,-1.6196055]]}},{"type":"Feature","properties":{"segmentId":"osm-gaul2-18003-5128992279-5415633826-0","regionId":"gaul2-18003","province":"Jambi","region":"Kota Jambi","roadName":"Unnamed OSM road","highway":"primary_link","lengthMeters":10.369,"osmWayIds":["654209530"],"u":"5128992279","v":"5415633826","key":0,"oneway":false,"source":"OpenStreetMap"},"geometry":{"type":"LineString","coordinates":[[103.5836615,-1.6206285],[103.5836915,-1.6205402]]}},{"type":"Feature","properties":{"segmentId":"osm-gaul2-18003-5128992288-3506251645-0","regionId":"gaul2-18003","province":"Jambi","region":"Kota Jambi","roadName":"Jalan Ir. H. Juanda","highway":"secondary","lengthMeters":552.195,"osmWayIds":["343807455"],"u":"5128992288","v":"3506251645","key":0,"oneway":false,"source":"OpenStreetMap"},"geometry":{"type":"LineString","coordinates":[[103.5882358,-1.6257369],[103.5881933,-1.62549],[103.5881366,-1.6252691],[103.5881154,-1.6251365],[103.5881124,-1.6250063],[103.5881232,-1.6248696],[103.5882767,-1.6240265],[103.5883209,-1.6237307],[103.588328,-1.6236795],[103.5883673,-1.6233594],[103.5883743,-1.6233155],[103.5884493,-1.6229397],[103.5885035,-1.6225956],[103.5885083,-1.6224528],[103.5884978,-1.62228],[103.5884618,-1.6220267],[103.5883659,-1.6215785],[103.5882561,-1.6208372]]}},{"type":"Feature","properties":{"segmentId":"osm-gaul2-18003-5128992288-4636656363-0","regionId":"gaul2-18003","province":"Jambi","region":"Kota Jambi","roadName":"Jalan Ir. H. Juanda","highway":"secondary","lengthMeters":215.177,"osmWayIds":["343807455"],"u":"5128992288","v":"4636656363","key":0,"oneway":false,"source":"OpenStreetMap"},"geometry":{"type":"LineString","coordinates":[[103.5882358,-1.6257369],[103.5882351,-1.6258345],[103.5882265,-1.6259418],[103.5881901,-1.6262657],[103.5881594,-1.6266868],[103.588146,-1.6268532],[103.5881254,-1.6271713],[103.5881245,-1.6272517],[103.5881205,-1.6276673]]}},{"type":"Feature","properties":{"segmentId":"osm-gaul2-18003-5128992288-6130546659-0","regionId":"gaul2-18003","province":"Jambi","region":"Kota Jambi","roadName":"Jalan Ki Maja","highway":"tertiary","lengthMeters":732.349,"osmWayIds":["601384597"],"u":"5128992288","v":"6130546659","key":0,"oneway":false,"source":"OpenStreetMap"},"geometry":{"type":"LineString","coordinates":[[103.5882358,-1.6257369],[103.5888927,-1.6255617],[103.5889184,-1.6255573],[103.5890257,-1.6255372],[103.5892336,-1.6255123],[103.5892574,-1.6254991],[103.5892832,-1.6254709],[103.5894204,-1.6252235],[103.589497,-1.62511],[103.5895804,-1.6249905],[103.589668,-1.6248723],[103.5897995,-1.6246974],[103.589872,-1.6245612],[103.5899712,-1.6243534],[103.5900342,-1.624218],[103.5901389,-1.6239767],[103.5902086,-1.6238065],[103.5902636,-1.6236691],[103.5903481,-1.623411],[103.5904366,-1.6231952],[103.590543,-1.6229896],[103.5906163,-1.622848],[103.5909757,-1.6223211],[103.5911152,-1.6221402],[103.5911876,-1.6220168],[103.5912493,-1.6218721],[103.5912774,-1.6217541],[103.591311,-1.6216267],[103.5914129,-1.621246],[103.5915054,-1.6210489],[103.5915832,-1.6209109],[103.5916798,-1.6207741],[103.5917978,-1.6206334]]}},{"type":"Feature","properties":{"segmentId":"osm-gaul2-18003-5141191564-5141191568-0","regionId":"gaul2-18003","province":"Jambi","region":"Kota Jambi","roadName":"Jalan Simpang Alkal - Bandara Sultan Thaha","highway":"trunk","lengthMeters":29.07,"osmWayIds":["529193792"],"u":"5141191564","v":"5141191568","key":0,"oneway":true,"source":"OpenStreetMap"},"geometry":{"type":"LineString","coordinates":[[103.6450494,-1.6308042],[103.6450189,-1.6308046],[103.6449899,-1.630795],[103.6449657,-1.6307765],[103.6449513,-1.6307563],[103.6449428,-1.6307329],[103.6449409,-1.6307081],[103.6449482,-1.6306772],[103.6449656,-1.6306506],[103.6449911,-1.6306315]]}},{"type":"Feature","properties":{"segmentId":"osm-gaul2-18003-5141191568-4791526201-0","regionId":"gaul2-18003","province":"Jambi","region":"Kota Jambi","roadName":"Jalan Simpang Alkal - Bandara Sultan Thaha","highway":"trunk","lengthMeters":10.603,"osmWayIds":["529193792"],"u":"5141191568","v":"4791526201","key":0,"oneway":true,"source":"OpenStreetMap"},"geometry":{"type":"LineString","coordinates":[[103.6449911,-1.6306315],[103.6450215,-1.6306221],[103.6450532,-1.6306237],[103.6450826,-1.6306359]]}},{"type":"Feature","properties":{"segmentId":"osm-gaul2-18003-5141191568-4791526202-0","regionId":"gaul2-18003","province":"Jambi","region":"Kota Jambi","roadName":"Jalan Simpang Alkal - Bandara Sultan Thaha","highway":"trunk","lengthMeters":317.953,"osmWayIds":["529193805"],"u":"5141191568","v":"4791526202","key":0,"oneway":true,"source":"OpenStreetMap"},"geometry":{"type":"LineString","coordinates":[[103.6449911,-1.6306315],[103.6450337,-1.6296008],[103.6450379,-1.6293806],[103.6450027,-1.6289918],[103.6448242,-1.6281841],[103.6447854,-1.627796]]}},{"type":"Feature","properties":{"segmentId":"osm-gaul2-18003-5141191597-4791526206-0","regionId":"gaul2-18003","province":"Jambi","region":"Kota Jambi","roadName":"Unnamed OSM road","highway":"tertiary","lengthMeters":234.853,"osmWayIds":["529193804"],"u":"5141191597","v":"4791526206","key":0,"oneway":false,"source":"OpenStreetMap"},"geometry":{"type":"LineString","coordinates":[[103.6385704,-1.6301013],[103.6387333,-1.629919],[103.6389017,-1.6296784],[103.6390863,-1.629426],[103.6391465,-1.6293239],[103.6392029,-1.6292189],[103.6392683,-1.6290658],[103.6395343,-1.6282509]]}},{"type":"Feature","properties":{"segmentId":"osm-gaul2-18003-5141191597-5141191682-0","regionId":"gaul2-18003","province":"Jambi","region":"Kota Jambi","roadName":"Unnamed OSM road","highway":"tertiary","lengthMeters":8.782,"osmWayIds":["637918973"],"u":"5141191597","v":"5141191682","key":0,"oneway":false,"source":"OpenStreetMap"},"geometry":{"type":"LineString","coordinates":[[103.6385704,-1.6301013],[103.6385212,-1.6301631]]}},{"type":"Feature","properties":{"segmentId":"osm-gaul2-18003-5141191597-6138640533-0","regionId":"gaul2-18003","province":"Jambi","region":"Kota Jambi","roadName":"Jalan Soekarno-Hatta","highway":"trunk","lengthMeters":374.308,"osmWayIds":["374774396"],"u":"5141191597","v":"6138640533","key":0,"oneway":true,"source":"OpenStreetMap"},"geometry":{"type":"LineString","coordinates":[[103.6385704,-1.6301013],[103.6388617,-1.6303474],[103.6393776,-1.6307833],[103.6396272,-1.6309942],[103.6398352,-1.6311705],[103.640496,-1.6317353],[103.640614,-1.6318224],[103.6406757,-1.6318371],[103.6407474,-1.6318368],[103.6408507,-1.6317761],[103.6412027,-1.6315121]]}},{"type":"Feature","properties":{"segmentId":"osm-gaul2-18003-5141191633-5126813532-0","regionId":"gaul2-18003","province":"Jambi","region":"Kota Jambi","roadName":"Unnamed OSM road","highway":"tertiary_link","lengthMeters":8.721,"osmWayIds":["529193811"],"u":"5141191633","v":"5126813532","key":0,"oneway":false,"source":"OpenStreetMap"},"geometry":{"type":"LineString","coordinates":[[103.6455955,-1.634228],[103.6456472,-1.634169]]}},{"type":"Feature","properties":{"segmentId":"osm-gaul2-18003-5141191633-6484911007-0","regionId":"gaul2-18003","province":"Jambi","region":"Kota Jambi","roadName":"Unnamed OSM road","highway":"tertiary","lengthMeters":332.131,"osmWayIds":["529193806","896912288","896912289"],"u":"5141191633","v":"6484911007","key":0,"oneway":true,"source":"OpenStreetMap"},"geometry":{"type":"LineString","coordinates":[[103.6455955,-1.634228],[103.6453488,-1.6340645],[103.6447319,-1.6336918],[103.644351,-1.6334887],[103.644146,-1.6333318],[103.644064,-1.6332603],[103.643942,-1.633063],[103.6438968,-1.6329767],[103.6438757,-1.6329146],[103.643872,-1.6328355],[103.6438885,-1.6327653],[103.6439158,-1.6326836],[103.6439544,-1.6326131],[103.6440613,-1.632501],[103.6442863,-1.6322957]]}},{"type":"Feature","properties":{"segmentId":"osm-gaul2-18003-5141191657-5141191664-0","regionId":"gaul2-18003","province":"Jambi","region":"Kota Jambi","roadName":"Jalan Simpang Alkal - Bandara Sultan Thaha","highway":"trunk","lengthMeters":395.24,"osmWayIds":["486559997"],"u":"5141191657","v":"5141191664","key":0,"oneway":true,"source":"OpenStreetMap"},"geometry":{"type":"LineString","coordinates":[[103.6445946,-1.6235973],[103.6450482,-1.6253301],[103.6450895,-1.6254578],[103.6452163,-1.6257718],[103.6452349,-1.6258597],[103.6452375,-1.6259659],[103.645224,-1.6260643],[103.6450903,-1.6264713],[103.6450461,-1.6266596],[103.6449696,-1.627025]]}},{"type":"Feature","properties":{"segmentId":"osm-gaul2-18003-5141191657-7605241815-0","regionId":"gaul2-18003","province":"Jambi","region":"Kota Jambi","roadName":"Unnamed OSM road","highway":"trunk","lengthMeters":11.738,"osmWayIds":["814134748"],"u":"5141191657","v":"7605241815","key":0,"oneway":true,"source":"OpenStreetMap"},"geometry":{"type":"LineString","coordinates":[[103.6445946,-1.6235973],[103.644494,-1.6236294]]}},{"type":"Feature","properties":{"segmentId":"osm-gaul2-18003-5141191663-5141191664-0","regionId":"gaul2-18003","province":"Jambi","region":"Kota Jambi","roadName":"Unnamed OSM road","highway":"trunk_link","lengthMeters":11.324,"osmWayIds":["529193810"],"u":"5141191663","v":"5141191664","key":0,"oneway":false,"source":"OpenStreetMap"},"geometry":{"type":"LineString","coordinates":[[103.6448724,-1.6269945],[103.6449696,-1.627025]]}},{"type":"Feature","properties":{"segmentId":"osm-gaul2-18003-5141191663-7605241815-0","regionId":"gaul2-18003","province":"Jambi","region":"Kota Jambi","roadName":"Jalan Simpang Alkal - Bandara Sultan Thaha","highway":"trunk","lengthMeters":388.568,"osmWayIds":["529193805"],"u":"5141191663","v":"7605241815","key":0,"oneway":true,"source":"OpenStreetMap"},"geometry":{"type":"LineString","coordinates":[[103.6448724,-1.6269945],[103.6449753,-1.6265695],[103.6450101,-1.6264485],[103.6451359,-1.6260274],[103.6451478,-1.625933],[103.6451405,-1.6258516],[103.6451156,-1.625756],[103.6450054,-1.6254447],[103.6449625,-1.6253052],[103.644494,-1.6236294]]}},{"type":"Feature","properties":{"segmentId":"osm-gaul2-18003-5141191664-4791526201-0","regionId":"gaul2-18003","province":"Jambi","region":"Kota Jambi","roadName":"Jalan Simpang Alkal - Bandara Sultan Thaha","highway":"trunk","lengthMeters":405.455,"osmWayIds":["486559997"],"u":"5141191664","v":"4791526201","key":0,"oneway":true,"source":"OpenStreetMap"},"geometry":{"type":"LineString","coordinates":[[103.6449696,-1.627025],[103.6449179,-1.6273191],[103.6448874,-1.6275656],[103.6448706,-1.6277831],[103.6449181,-1.6281536],[103.6451107,-1.6290213],[103.6451496,-1.6293457],[103.6451458,-1.6296026],[103.6450826,-1.6306359]]}},{"type":"Feature","properties":{"segmentId":"osm-gaul2-18003-5141191664-5141191663-0","regionId":"gaul2-18003","province":"Jambi","region":"Kota Jambi","roadName":"Unnamed OSM road","highway":"trunk_link","lengthMeters":11.324,"osmWayIds":["529193810"],"u":"5141191664","v":"5141191663","key":0,"oneway":false,"source":"OpenStreetMap"},"geometry":{"type":"LineString","coordinates":[[103.6449696,-1.627025],[103.6448724,-1.6269945]]}},{"type":"Feature","properties":{"segmentId":"osm-gaul2-18003-5141191665-5141191683-0","regionId":"gaul2-18003","province":"Jambi","region":"Kota Jambi","roadName":"Unnamed OSM road","highway":"trunk_link","lengthMeters":9.591,"osmWayIds":["529193813"],"u":"5141191665","v":"5141191683","key":0,"oneway":false,"source":"OpenStreetMap"},"geometry":{"type":"LineString","coordinates":[[103.6353577,-1.6274261],[103.6353264,-1.6274566],[103.6352959,-1.6274863]]}},{"type":"Feature","properties":{"segmentId":"osm-gaul2-18003-5141191665-6484910950-0","regionId":"gaul2-18003","province":"Jambi","region":"Kota Jambi","roadName":"Jalan Soekarno-Hatta","highway":"trunk","lengthMeters":161.725,"osmWayIds":["374774396"],"u":"5141191665","v":"6484910950","key":0,"oneway":true,"source":"OpenStreetMap"},"geometry":{"type":"LineString","coordinates":[[103.6353577,-1.6274261],[103.6355755,-1.6275966],[103.6358253,-1.627803],[103.6364808,-1.6283506]]}},{"type":"Feature","properties":{"segmentId":"osm-gaul2-18003-5141191682-5141191597-0","regionId":"gaul2-18003","province":"Jambi","region":"Kota Jambi","roadName":"Unnamed OSM road","highway":"tertiary","lengthMeters":8.782,"osmWayIds":["637918973"],"u":"5141191682","v":"5141191597","key":0,"oneway":false,"source":"OpenStreetMap"},"geometry":{"type":"LineString","coordinates":[[103.6385212,-1.6301631],[103.6385704,-1.6301013]]}},{"type":"Feature","properties":{"segmentId":"osm-gaul2-18003-5141191682-6484910949-0","regionId":"gaul2-18003","province":"Jambi","region":"Kota Jambi","roadName":"Jalan Soekarno-Hatta","highway":"trunk","lengthMeters":302.659,"osmWayIds":["634310848"],"u":"5141191682","v":"6484910949","key":0,"oneway":true,"source":"OpenStreetMap"},"geometry":{"type":"LineString","coordinates":[[103.6385212,-1.6301631],[103.6377021,-1.6294932],[103.6367831,-1.628727],[103.6364234,-1.6284278]]}},{"type":"Feature","properties":{"segmentId":"osm-gaul2-18003-5141191683-5141191665-0","regionId":"gaul2-18003","province":"Jambi","region":"Kota Jambi","roadName":"Unnamed OSM road","highway":"trunk_link","lengthMeters":9.591,"osmWayIds":["529193813"],"u":"5141191683","v":"5141191665","key":0,"oneway":false,"source":"OpenStreetMap"},"geometry":{"type":"LineString","coordinates":[[103.6352959,-1.6274863],[103.6353264,-1.6274566],[103.6353577,-1.6274261]]}},{"type":"Feature","properties":{"segmentId":"osm-gaul2-18003-5141191683-5141191685-0","regionId":"gaul2-18003","province":"Jambi","region":"Kota Jambi","roadName":"Jalan Soekarno-Hatta","highway":"trunk","lengthMeters":333.195,"osmWayIds":["634310848"],"u":"5141191683","v":"5141191685","key":0,"oneway":true,"source":"OpenStreetMap"},"geometry":{"type":"LineString","coordinates":[[103.6352959,-1.6274863],[103.6350042,-1.627245],[103.6346595,-1.6269689],[103.6340667,-1.6264769],[103.6339943,-1.6264233],[103.6338991,-1.6263428],[103.6336885,-1.6261726],[103.633419,-1.625942],[103.6333271,-1.6258597],[103.6329972,-1.625564]]}},{"type":"Feature","properties":{"segmentId":"osm-gaul2-18003-5141191685-5141191690-0","regionId":"gaul2-18003","province":"Jambi","region":"Kota Jambi","roadName":"Unnamed OSM road","highway":"trunk_link","lengthMeters":9.152,"osmWayIds":["529193814"],"u":"5141191685","v":"5141191690","key":0,"oneway":false,"source":"OpenStreetMap"},"geometry":{"type":"LineString","coordinates":[[103.6329972,-1.625564],[103.6330486,-1.6254997]]}},{"type":"Feature","properties":{"segmentId":"osm-gaul2-18003-5141191685-6477111908-0","regionId":"gaul2-18003","province":"Jambi","region":"Kota Jambi","roadName":"Jalan Soekarno-Hatta","highway":"trunk","lengthMeters":221.702,"osmWayIds":["634310848"],"u":"5141191685","v":"6477111908","key":0,"oneway":true,"source":"OpenStreetMap"},"geometry":{"type":"LineString","coordinates":[[103.6329972,-1.625564],[103.6325205,-1.6251688],[103.6320799,-1.6247972],[103.6315642,-1.6243416],[103.6315184,-1.624241]]}},{"type":"Feature","properties":{"segmentId":"osm-gaul2-18003-5141191690-5141191665-0","regionId":"gaul2-18003","province":"Jambi","region":"Kota Jambi","roadName":"Jalan Soekarno-Hatta","highway":"trunk","lengthMeters":334.307,"osmWayIds":["374774396"],"u":"5141191690","v":"5141191665","key":0,"oneway":true,"source":"OpenStreetMap"},"geometry":{"type":"LineString","coordinates":[[103.6330486,-1.6254997],[103.6331542,-1.6255843],[103.6337168,-1.6260536],[103.63398,-1.6262684],[103.6342568,-1.626501],[103.6353577,-1.6274261]]}},{"type":"Feature","properties":{"segmentId":"osm-gaul2-18003-5141191690-5141191685-0","regionId":"gaul2-18003","province":"Jambi","region":"Kota Jambi","roadName":"Unnamed OSM road","highway":"trunk_link","lengthMeters":9.152,"osmWayIds":["529193814"],"u":"5141191690","v":"5141191685","key":0,"oneway":false,"source":"OpenStreetMap"},"geometry":{"type":"LineString","coordinates":[[103.6330486,-1.6254997],[103.6329972,-1.625564]]}},{"type":"Feature","properties":{"segmentId":"osm-gaul2-18003-5143505153-4791526207-0","regionId":"gaul2-18003","province":"Jambi","region":"Kota Jambi","roadName":"Jalan RB Siagian","highway":"trunk","lengthMeters":308.455,"osmWayIds":["747967326"],"u":"5143505153","v":"4791526207","key":0,"oneway":true,"source":"OpenStreetMap"},"geometry":{"type":"LineString","coordinates":[[103.637074,-1.6214645],[103.6373598,-1.6214327],[103.637642,-1.6213857],[103.6378077,-1.6213771],[103.6382107,-1.6214007],[103.6385191,-1.6214544],[103.6386947,-1.6215119],[103.6389094,-1.6216027],[103.6395295,-1.6219385],[103.6396922,-1.6220471]]}},{"type":"Feature","properties":{"segmentId":"osm-gaul2-18003-5143505153-6997931533-0","regionId":"gaul2-18003","province":"Jambi","region":"Kota Jambi","roadName":"Unnamed OSM road","highway":"trunk_link","lengthMeters":8.564,"osmWayIds":["747967321"],"u":"5143505153","v":"6997931533","key":0,"oneway":false,"source":"OpenStreetMap"},"geometry":{"type":"LineString","coordinates":[[103.637074,-1.6214645],[103.6370755,-1.6215415]]}},{"type":"Feature","properties":{"segmentId":"osm-gaul2-18003-5143505162-4791347538-0","regionId":"gaul2-18003","province":"Jambi","region":"Kota Jambi","roadName":"Unnamed OSM road","highway":"tertiary","lengthMeters":597.734,"osmWayIds":["529513831"],"u":"5143505162","v":"4791347538","key":0,"oneway":false,"source":"OpenStreetMap"},"geometry":{"type":"LineString","coordinates":[[103.6253564,-1.6127023],[103.625437,-1.6126691],[103.6259269,-1.6124478],[103.6262727,-1.6123256],[103.6268583,-1.6121234],[103.6269327,-1.6121033],[103.6270098,-1.6120946],[103.6275153,-1.6120949],[103.6279446,-1.6120497],[103.6280948,-1.6120514],[103.6281873,-1.6120524],[103.6285172,-1.6120834],[103.6290845,-1.6121462],[103.6293889,-1.6121909],[103.6301129,-1.6122973],[103.6305975,-1.6123728]]}},{"type":"Feature","properties":{"segmentId":"osm-gaul2-18003-5143505162-6136250558-0","regionId":"gaul2-18003","province":"Jambi","region":"Kota Jambi","roadName":"Jalan Jenderal Sudirman","highway":"trunk","lengthMeters":364.493,"osmWayIds":["654856257"],"u":"5143505162","v":"6136250558","key":0,"oneway":true,"source":"OpenStreetMap"},"geometry":{"type":"LineString","coordinates":[[103.6253564,-1.6127023],[103.6255671,-1.6130558],[103.6258243,-1.613456],[103.6262213,-1.6141182],[103.6262305,-1.6141319],[103.6263985,-1.614381],[103.6265069,-1.6145419],[103.6266228,-1.614709],[103.6267558,-1.6149008],[103.6270803,-1.6153011],[103.6271158,-1.6153449],[103.6271687,-1.6154293]]}},{"type":"Feature","properties":{"segmentId":"osm-gaul2-18003-5143547595-6135348002-0","regionId":"gaul2-18003","province":"Jambi","region":"Kota Jambi","roadName":"Jalan Gajah Mada","highway":"secondary","lengthMeters":1489.47,"osmWayIds":["1121872767","668411941","668411942"],"u":"5143547595","v":"6135348002","key":0,"oneway":false,"source":"OpenStreetMap"},"geometry":{"type":"LineString","coordinates":[[103.6157064,-1.6157538],[103.6156079,-1.6157487],[103.6154972,-1.6157222],[103.6153811,-1.6156639],[103.6151157,-1.6154522],[103.6145872,-1.6150217],[103.6142982,-1.6147811],[103.6141486,-1.6146859],[103.6140329,-1.6146389],[103.6139951,-1.6146129],[103.6139233,-1.6145934],[103.6138389,-1.6145887],[103.6131281,-1.6146042],[103.613,-1.6145733],[103.6128967,-1.6145391],[103.6125547,-1.6143957],[103.6124863,-1.6143662],[103.6117212,-1.6140345],[103.6115503,-1.6139815],[103.6110929,-1.6138561],[103.6109859,-1.6138254],[103.6105934,-1.6137127],[103.6100703,-1.6135404],[103.6096968,-1.613399],[103.6095922,-1.6133487],[103.6095555,-1.6133346],[103.6094803,-1.6133058],[103.6093508,-1.6132066],[103.609312,-1.6131429],[103.6092865,-1.6130565],[103.6092429,-1.6127106],[103.609198,-1.612539],[103.6091691,-1.6124928],[103.6091463,-1.6124696],[103.6091229,-1.6124458],[103.6090625,-1.6124177],[103.6089941,-1.6124036],[103.6086206,-1.6123949],[103.6085388,-1.6123641],[103.6084831,-1.6123238],[103.6081331,-1.6119827],[103.6080701,-1.6119324],[103.6080091,-1.6118989],[103.6078857,-1.6118627],[103.6078025,-1.611864],[103.6077274,-1.6118768],[103.607539,-1.6119458],[103.6074418,-1.611986],[103.6073399,-1.6120383],[103.6071239,-1.6121771],[103.6066157,-1.612535],[103.6063649,-1.6127518],[103.6063072,-1.6127971],[103.6061446,-1.6129144],[103.6059017,-1.613095],[103.605813,-1.6131664],[103.6056698,-1.613274],[103.6054402,-1.6134399],[103.6053527,-1.6134982],[103.6052239,-1.6135746],[103.6051455,-1.6135967],[103.6050687,-1.6136118],[103.6047126,-1.613641],[103.6042741,-1.6136839]]}},{"type":"Feature","properties":{"segmentId":"osm-gaul2-18003-5143547595-6136250583-0","regionId":"gaul2-18003","province":"Jambi","region":"Kota Jambi","roadName":"Jalan Gajah Mada","highway":"secondary","lengthMeters":43.266,"osmWayIds":["1204122866"],"u":"5143547595","v":"6136250583","key":0,"oneway":true,"source":"OpenStreetMap"},"geometry":{"type":"LineString","coordinates":[[103.6157064,-1.6157538],[103.6157485,-1.6157134],[103.6158567,-1.6156647],[103.6159773,-1.6155999],[103.616051,-1.6155844]]}},{"type":"Feature","properties":{"segmentId":"osm-gaul2-18003-5143613110-5143613119-0","regionId":"gaul2-18003","province":"Jambi","region":"Kota Jambi","roadName":"Jalan Sultan Agung","highway":"trunk","lengthMeters":232.469,"osmWayIds":["771240801"],"u":"5143613110","v":"5143613119","key":0,"oneway":false,"source":"OpenStreetMap"},"geometry":{"type":"LineString","coordinates":[[103.6070281,-1.5977417],[103.6070295,-1.5977043],[103.6072694,-1.5966923],[103.6074672,-1.5959976],[103.607541,-1.5957992],[103.6075732,-1.5957268]]}},{"type":"Feature","properties":{"segmentId":"osm-gaul2-18003-5143613110-9215377312-0","regionId":"gaul2-18003","province":"Jambi","region":"Kota Jambi","roadName":"Jalan Prof. Dr. Hamka","highway":"primary","lengthMeters":28.211,"osmWayIds":["529527825"],"u":"5143613110","v":"9215377312","key":0,"oneway":true,"source":"OpenStreetMap"},"geometry":{"type":"LineString","coordinates":[[103.6070281,-1.5977417],[103.6070656,-1.5978],[103.607158,-1.5979596]]}},{"type":"Feature","properties":{"segmentId":"osm-gaul2-18003-5143613119-5143613110-0","regionId":"gaul2-18003","province":"Jambi","region":"Kota Jambi","roadName":"Jalan Sultan Agung","highway":"trunk","lengthMeters":232.469,"osmWayIds":["771240801"],"u":"5143613119","v":"5143613110","key":0,"oneway":false,"source":"OpenStreetMap"},"geometry":{"type":"LineString","coordinates":[[103.6075732,-1.5957268],[103.607541,-1.5957992],[103.6074672,-1.5959976],[103.6072694,-1.5966923],[103.6070295,-1.5977043],[103.6070281,-1.5977417]]}},{"type":"Feature","properties":{"segmentId":"osm-gaul2-18003-5143613119-6130627587-0","regionId":"gaul2-18003","province":"Jambi","region":"Kota Jambi","roadName":"Jalan Slamet Riyadi","highway":"secondary","lengthMeters":253.886,"osmWayIds":["654231909"],"u":"5143613119","v":"6130627587","key":0,"oneway":true,"source":"OpenStreetMap"},"geometry":{"type":"LineString","coordinates":[[103.6075732,-1.5957268],[103.6073841,-1.5957523],[103.6070904,-1.5957871],[103.6066934,-1.5958408],[103.6059413,-1.5959129],[103.6056635,-1.5959145],[103.6053,-1.5959064]]}},{"type":"Feature","properties":{"segmentId":"osm-gaul2-18003-5143613119-6130627598-0","regionId":"gaul2-18003","province":"Jambi","region":"Kota Jambi","roadName":"Jalan Sultan Agung","highway":"trunk","lengthMeters":11.877,"osmWayIds":["654231908"],"u":"5143613119","v":"6130627598","key":0,"oneway":false,"source":"OpenStreetMap"},"geometry":{"type":"LineString","coordinates":[[103.6075732,-1.5957268],[103.6076094,-1.5956263]]}},{"type":"Feature","properties":{"segmentId":"osm-gaul2-18003-5143620924-5722942361-0","regionId":"gaul2-18003","province":"Jambi","region":"Kota Jambi","roadName":"Jalan Sultan Agung","highway":"trunk","lengthMeters":329.683,"osmWayIds":["602562241"],"u":"5143620924","v":"5722942361","key":0,"oneway":false,"source":"OpenStreetMap"},"geometry":{"type":"LineString","coordinates":[[103.6065543,-1.599888],[103.6065123,-1.599962],[103.6065023,-1.5999826],[103.6063474,-1.6002379],[103.6062589,-1.6003505],[103.6062345,-1.6003895],[103.6061738,-1.6004657],[103.6058937,-1.6007683],[103.6057788,-1.6008893],[103.6054844,-1.6010941],[103.6053282,-1.6012286],[103.6050742,-1.6014272],[103.6048856,-1.6015717],[103.6047848,-1.6016473],[103.6044292,-1.6019103]]}},{"type":"Feature","properties":{"segmentId":"osm-gaul2-18003-5143620924-9215377318-0","regionId":"gaul2-18003","province":"Jambi","region":"Kota Jambi","roadName":"Jalan Sultan Agung","highway":"trunk","lengthMeters":214.275,"osmWayIds":["529527829"],"u":"5143620924","v":"9215377318","key":0,"oneway":true,"source":"OpenStreetMap"},"geometry":{"type":"LineString","coordinates":[[103.6065543,-1.599888],[103.6065446,-1.5997539],[103.6065515,-1.5996537],[103.6067365,-1.5989174],[103.6068249,-1.5985501],[103.6069067,-1.5982136],[103.606958,-1.5980111]]}},{"type":"Feature","properties":{"segmentId":"osm-gaul2-18003-5143621018-5143621020-0","regionId":"gaul2-18003","province":"Jambi","region":"Kota Jambi","roadName":"Jalan Empu Sendok","highway":"tertiary","lengthMeters":234.985,"osmWayIds":["766190063"],"u":"5143621018","v":"5143621020","key":0,"oneway":false,"source":"OpenStreetMap"},"geometry":{"type":"LineString","coordinates":[[103.5960196,-1.6047268],[103.5959351,-1.6047315],[103.5958661,-1.604714],[103.5957876,-1.604694],[103.5955966,-1.6046383],[103.5953772,-1.6045599],[103.5952113,-1.6044931],[103.5950883,-1.6044436],[103.594418,-1.6042308],[103.5940053,-1.6041081]]}},{"type":"Feature","properties":{"segmentId":"osm-gaul2-18003-5143621018-5715948433-0","regionId":"gaul2-18003","province":"Jambi","region":"Kota Jambi","roadName":"Jalan Empu Gandring","highway":"tertiary","lengthMeters":858.965,"osmWayIds":["529527873","601384646"],"u":"5143621018","v":"5715948433","key":0,"oneway":false,"source":"OpenStreetMap"},"geometry":{"type":"LineString","coordinates":[[103.5960196,-1.6047268],[103.5960531,-1.6046913],[103.5961651,-1.6044956],[103.5962543,-1.6043682],[103.5965379,-1.6039647],[103.5965922,-1.6038997],[103.5966311,-1.6038682],[103.5967384,-1.6037951],[103.596748,-1.6037899],[103.5968792,-1.6037187],[103.5970583,-1.6036315],[103.5977161,-1.6034124],[103.5978616,-1.6033469],[103.5982377,-1.6031589],[103.5987903,-1.6029023],[103.5989318,-1.6028232],[103.5989955,-1.6027964],[103.5990686,-1.6027837],[103.5991397,-1.602783],[103.5992275,-1.602787],[103.5996164,-1.6029043],[103.5996915,-1.602919],[103.5997318,-1.6029207],[103.5998008,-1.602907],[103.5998994,-1.60285],[103.5999349,-1.6028393],[103.5999846,-1.60284],[103.6001153,-1.6028768],[103.6003808,-1.6029679],[103.6006182,-1.6030189],[103.6011279,-1.6024914],[103.6011531,-1.6024773],[103.6011828,-1.6024693],[103.6012192,-1.6024853],[103.6012432,-1.6025088],[103.601443,-1.6028348],[103.6015338,-1.6029553],[103.6016573,-1.6030815],[103.602009,-1.6034123],[103.6022586,-1.6036131]]}},{"type":"Feature","properties":{"segmentId":"osm-gaul2-18003-5143621018-5722942376-0","regionId":"gaul2-18003","province":"Jambi","region":"Kota Jambi","roadName":"Jalan Empu Sendok","highway":"tertiary","lengthMeters":467.101,"osmWayIds":["556221041"],"u":"5143621018","v":"5722942376","key":0,"oneway":false,"source":"OpenStreetMap"},"geometry":{"type":"LineString","coordinates":[[103.5960196,-1.6047268],[103.5961537,-1.6048441],[103.5963589,-1.6050023],[103.5965662,-1.6051907],[103.5966673,-1.6052959],[103.5966915,-1.6053415],[103.5967056,-1.6053803],[103.5967404,-1.6055037],[103.5969684,-1.606003],[103.5970878,-1.6062108],[103.5972266,-1.6064615],[103.5974583,-1.6067946],[103.597727,-1.6071431],[103.5979831,-1.6075224],[103.5980138,-1.6075914],[103.5980495,-1.6077092],[103.5982401,-1.6079877],[103.598366,-1.6081459]]}},{"type":"Feature","properties":{"segmentId":"osm-gaul2-18003-5143621020-5143621018-0","regionId":"gaul2-18003","province":"Jambi","region":"Kota Jambi","roadName":"Jalan Empu Sendok","highway":"tertiary","lengthMeters":234.985,"osmWayIds":["766190063"],"u":"5143621020","v":"5143621018","key":0,"oneway":false,"source":"OpenStreetMap"},"geometry":{"type":"LineString","coordinates":[[103.5940053,-1.6041081],[103.594418,-1.6042308],[103.5950883,-1.6044436],[103.5952113,-1.6044931],[103.5953772,-1.6045599],[103.5955966,-1.6046383],[103.5957876,-1.604694],[103.5958661,-1.604714],[103.5959351,-1.6047315],[103.5960196,-1.6047268]]}},{"type":"Feature","properties":{"segmentId":"osm-gaul2-18003-5143621020-6134982523-0","regionId":"gaul2-18003","province":"Jambi","region":"Kota Jambi","roadName":"Jalan Slamet Riyadi","highway":"secondary","lengthMeters":234.633,"osmWayIds":["427844065"],"u":"5143621020","v":"6134982523","key":0,"oneway":true,"source":"OpenStreetMap"},"geometry":{"type":"LineString","coordinates":[[103.5940053,-1.6041081],[103.5939141,-1.6045492],[103.5938571,-1.6048736],[103.5937578,-1.6054092],[103.5937337,-1.6055211],[103.5936727,-1.6057497],[103.5935976,-1.6059313],[103.5934903,-1.6061438]]}},{"type":"Feature","properties":{"segmentId":"osm-gaul2-18003-5143621155-5122353934-0","regionId":"gaul2-18003","province":"Jambi","region":"Kota Jambi","roadName":"Jalan Raden Mattaher","highway":"secondary","lengthMeters":408.969,"osmWayIds":["526828496","527325073"],"u":"5143621155","v":"5122353934","key":0,"oneway":true,"source":"OpenStreetMap"},"geometry":{"type":"LineString","coordinates":[[103.6190321,-1.5900572],[103.619033,-1.5901379],[103.6189713,-1.5904449],[103.6188935,-1.5907311],[103.6188756,-1.5907784],[103.618807,-1.5910066],[103.6186712,-1.5914116],[103.6184492,-1.5920111],[103.618235,-1.5925751],[103.6181805,-1.5926977],[103.6180419,-1.5930121],[103.6178971,-1.5933461],[103.6178247,-1.5935188]]}},{"type":"Feature","properties":{"segmentId":"osm-gaul2-18003-5143621155-6130778137-0","regionId":"gaul2-18003","province":"Jambi","region":"Kota Jambi","roadName":"Jalan Dara Jingga","highway":"tertiary","lengthMeters":698.804,"osmWayIds":["527325075","527325095","668409850","668409851","717959044"],"u":"5143621155","v":"6130778137","key":0,"oneway":false,"source":"OpenStreetMap"},"geometry":{"type":"LineString","coordinates":[[103.6190321,-1.5900572],[103.6192851,-1.5902599],[103.6194085,-1.5903872],[103.6194741,-1.5905172],[103.6195077,-1.5906447],[103.6195117,-1.5907492],[103.619497,-1.5908364],[103.6193912,-1.591183],[103.6192569,-1.5915844],[103.6193763,-1.5917024],[103.6194383,-1.5917722],[103.6194695,-1.5918615],[103.6194773,-1.5919692],[103.6194386,-1.5921457],[103.6193651,-1.592338],[103.6193466,-1.5923924],[103.6199019,-1.5924625],[103.6201098,-1.5924719],[103.6206934,-1.5923502],[103.6207751,-1.592325],[103.6209923,-1.5922788],[103.621231,-1.5922118],[103.6215623,-1.5920938],[103.6215938,-1.5920791],[103.621746,-1.592008],[103.6218667,-1.5919651],[103.6220773,-1.5918994],[103.6226898,-1.5918516],[103.6228727,-1.5918352]]}},{"type":"Feature","properties":{"segmentId":"osm-gaul2-18003-5143621185-11886940489-0","regionId":"gaul2-18003","province":"Jambi","region":"Kota Jambi","roadName":"Unnamed OSM road","highway":"secondary_link","lengthMeters":11.022,"osmWayIds":["1422691653"],"u":"5143621185","v":"11886940489","key":0,"oneway":false,"source":"OpenStreetMap"},"geometry":{"type":"LineString","coordinates":[[103.6169004,-1.5950422],[103.6169895,-1.5949987]]}},{"type":"Feature","properties":{"segmentId":"osm-gaul2-18003-5143621185-5122353992-0","regionId":"gaul2-18003","province":"Jambi","region":"Kota Jambi","roadName":"Jalan Halim Perdana Kusuma","highway":"secondary","lengthMeters":91.684,"osmWayIds":["884629584"],"u":"5143621185","v":"5122353992","key":0,"oneway":true,"source":"OpenStreetMap"},"geometry":{"type":"LineString","coordinates":[[103.6169004,-1.5950422],[103.616563,-1.5942898]]}},{"type":"Feature","properties":{"segmentId":"osm-gaul2-18003-5162150595-5122349943-0","regionId":"gaul2-18003","province":"Jambi","region":"Kota Jambi","roadName":"Unnamed OSM road","highway":"trunk","lengthMeters":386.354,"osmWayIds":["1202717030"],"u":"5162150595","v":"5122349943","key":0,"oneway":false,"source":"OpenStreetMap"},"geometry":{"type":"LineString","coordinates":[[103.655849,-1.6354204],[103.6559536,-1.6346128],[103.6560105,-1.6340669],[103.6560156,-1.6339145],[103.65601,-1.6337516],[103.6559957,-1.6336118],[103.6559046,-1.6331406],[103.6557622,-1.632647],[103.655572,-1.6321598],[103.655502,-1.63204]]}},{"type":"Feature","properties":{"segmentId":"osm-gaul2-18003-5162150595-5126809816-0","regionId":"gaul2-18003","province":"Jambi","region":"Kota Jambi","roadName":"Jalan Berlian","highway":"tertiary","lengthMeters":740.379,"osmWayIds":["654174472"],"u":"5162150595","v":"5126809816","key":0,"oneway":false,"source":"OpenStreetMap"},"geometry":{"type":"LineString","coordinates":[[103.655849,-1.6354204],[103.6557249,-1.6354412],[103.6554945,-1.6354756],[103.6551213,-1.6355536],[103.6546399,-1.6357047],[103.6545141,-1.6357459],[103.6544121,-1.6358432],[103.6540637,-1.6362206],[103.653903,-1.6364373],[103.6537813,-1.6366139],[103.653735,-1.6366981],[103.6536241,-1.6368797],[103.6535058,-1.6370542],[103.6534202,-1.6371491],[103.6533129,-1.6372389],[103.6531912,-1.6373175],[103.6531386,-1.6373515],[103.6529589,-1.6374909],[103.6528341,-1.637629],[103.6526491,-1.6378609],[103.6525297,-1.6380372],[103.6523849,-1.6382323],[103.6522387,-1.6384025],[103.6521113,-1.6385808],[103.6519007,-1.6388865],[103.6518235,-1.6389831],[103.6516071,-1.6392538],[103.6514796,-1.6394012],[103.6514058,-1.6394988],[103.6513589,-1.6395608],[103.6512785,-1.6396425],[103.6512248,-1.6396868],[103.6511256,-1.6397521]]}},{"type":"Feature","properties":{"segmentId":"osm-gaul2-18003-5162150595-5162150615-0","regionId":"gaul2-18003","province":"Jambi","region":"Kota Jambi","roadName":"Unnamed OSM road","highway":"trunk","lengthMeters":233.814,"osmWayIds":["1202717030"],"u":"5162150595","v":"5162150615","key":0,"oneway":false,"source":"OpenStreetMap"},"geometry":{"type":"LineString","coordinates":[[103.655849,-1.6354204],[103.6558476,-1.63545],[103.6558523,-1.6357549],[103.6558858,-1.6360274],[103.6558972,-1.6361303],[103.65592,-1.6362603],[103.6559381,-1.6363286],[103.6559898,-1.6365231],[103.6560635,-1.6367697],[103.6561561,-1.6370405],[103.6563384,-1.6374439]]}},{"type":"Feature","properties":{"segmentId":"osm-gaul2-18003-5162150615-5162150595-0","regionId":"gaul2-18003","province":"Jambi","region":"Kota Jambi","roadName":"Unnamed OSM road","highway":"trunk","lengthMeters":233.814,"osmWayIds":["1202717030"],"u":"5162150615","v":"5162150595","key":0,"oneway":false,"source":"OpenStreetMap"},"geometry":{"type":"LineString","coordinates":[[103.6563384,-1.6374439],[103.6561561,-1.6370405],[103.6560635,-1.6367697],[103.6559898,-1.6365231],[103.6559381,-1.6363286],[103.65592,-1.6362603],[103.6558972,-1.6361303],[103.6558858,-1.6360274],[103.6558523,-1.6357549],[103.6558476,-1.63545],[103.655849,-1.6354204]]}},{"type":"Feature","properties":{"segmentId":"osm-gaul2-18003-5162150615-6259278326-0","regionId":"gaul2-18003","province":"Jambi","region":"Kota Jambi","roadName":"Jalan Lingkar Selatan","highway":"trunk","lengthMeters":393.062,"osmWayIds":["654171696"],"u":"5162150615","v":"6259278326","key":0,"oneway":false,"source":"OpenStreetMap"},"geometry":{"type":"LineString","coordinates":[[103.6563384,-1.6374439],[103.6563438,-1.6375955],[103.6563143,-1.6378234],[103.6562803,-1.6380061],[103.6560812,-1.6385747],[103.6559609,-1.6388748],[103.655861,-1.6390755],[103.6557545,-1.6392394],[103.6555418,-1.6394991],[103.6551183,-1.6400267],[103.6547264,-1.6404945]]}},{"type":"Feature","properties":{"segmentId":"osm-gaul2-18003-5162150615-7649481247-0","regionId":"gaul2-18003","province":"Jambi","region":"Kota Jambi","roadName":"Unnamed OSM road","highway":"tertiary","lengthMeters":1572.449,"osmWayIds":["601391059"],"u":"5162150615","v":"7649481247","key":0,"oneway":false,"source":"OpenStreetMap"},"geometry":{"type":"LineString","coordinates":[[103.6563384,-1.6374439],[103.6567658,-1.6381],[103.6572953,-1.6389948],[103.6574515,-1.6391921],[103.6578604,-1.6396831],[103.6582255,-1.6400912],[103.6584693,-1.6403757],[103.6585138,-1.640413],[103.6586647,-1.640593],[103.6587281,-1.6406691],[103.6589404,-1.640924],[103.6591681,-1.6411908],[103.6593312,-1.6413662],[103.6594122,-1.6414657],[103.6596417,-1.641898],[103.6597804,-1.6421564],[103.6600321,-1.6426574],[103.6603161,-1.6432312],[103.6606048,-1.6439581],[103.6606326,-1.6440114],[103.6606756,-1.6440663],[103.6607346,-1.64412],[103.6608043,-1.6441629],[103.6609252,-1.6442082],[103.6610035,-1.6442317],[103.661487,-1.6443908],[103.6623291,-1.6446906],[103.6624606,-1.6447581],[103.6625223,-1.6447997],[103.6625974,-1.6448667],[103.6627852,-1.6450845],[103.6633534,-1.6457946],[103.6635342,-1.6460289],[103.6636132,-1.6461371],[103.6636662,-1.646214],[103.6637118,-1.6462877],[103.6638418,-1.6466332],[103.6638715,-1.6467522],[103.6640577,-1.6474276],[103.6641038,-1.6477097],[103.6642356,-1.6482452],[103.6642885,-1.6484741]]}},{"type":"Feature","properties":{"segmentId":"osm-gaul2-18003-5162150923-5126809816-0","regionId":"gaul2-18003","province":"Jambi","region":"Kota Jambi","roadName":"Unnamed OSM road","highway":"tertiary","lengthMeters":478.216,"osmWayIds":["529193791"],"u":"5162150923","v":"5126809816","key":0,"oneway":false,"source":"OpenStreetMap"},"geometry":{"type":"LineString","coordinates":[[103.6481744,-1.6367135],[103.6482677,-1.636814],[103.6483924,-1.6369946],[103.6484671,-1.6371205],[103.6485708,-1.6372952],[103.648721,-1.6374722],[103.6488847,-1.6376166],[103.6491461,-1.6378368],[103.6493111,-1.6380084],[103.6493525,-1.6380788],[103.6493781,-1.6381223],[103.6494546,-1.638298],[103.6495534,-1.6384483],[103.649631,-1.6385091],[103.6498676,-1.638677],[103.6500701,-1.6388114],[103.6502419,-1.6389518],[103.6504246,-1.6391093],[103.6504752,-1.6391529],[103.6506791,-1.6393137],[103.6509807,-1.6395286],[103.6510391,-1.6395856],[103.65108,-1.6396492],[103.6511011,-1.6396918],[103.6511256,-1.6397521]]}},{"type":"Feature","properties":{"segmentId":"osm-gaul2-18003-5162150923-5126813530-0","regionId":"gaul2-18003","province":"Jambi","region":"Kota Jambi","roadName":"Unnamed OSM road","highway":"tertiary","lengthMeters":199.452,"osmWayIds":["529193791"],"u":"5162150923","v":"5126813530","key":0,"oneway":false,"source":"OpenStreetMap"},"geometry":{"type":"LineString","coordinates":[[103.6481744,-1.6367135],[103.6479753,-1.636507],[103.6478494,-1.6363833],[103.6477072,-1.6362171],[103.6474041,-1.6358095],[103.6471787,-1.6355401],[103.6471656,-1.6355261],[103.647002,-1.6353594]]}},{"type":"Feature","properties":{"segmentId":"osm-gaul2-18003-5162150923-5126813554-0","regionId":"gaul2-18003","province":"Jambi","region":"Kota Jambi","roadName":"Unnamed OSM road","highway":"tertiary","lengthMeters":888.528,"osmWayIds":["531853934"],"u":"5162150923","v":"5126813554","key":0,"oneway":false,"source":"OpenStreetMap"},"geometry":{"type":"LineString","coordinates":[[103.6481744,-1.6367135],[103.6483603,-1.6366326],[103.6487049,-1.6364691],[103.6493352,-1.6360456],[103.6497328,-1.6358179],[103.6499007,-1.6356948],[103.6499958,-1.6356038],[103.650264,-1.6352499],[103.650356,-1.6351174],[103.6506881,-1.6347034],[103.6507867,-1.6345735],[103.6509345,-1.6343785],[103.6512101,-1.6339814],[103.6514246,-1.6337427],[103.6514796,-1.6336945],[103.651556,-1.6336404],[103.6519014,-1.633408],[103.6521126,-1.6332521],[103.6525224,-1.6328127],[103.6528993,-1.6322947],[103.6533136,-1.6315017],[103.6535302,-1.631028]]}},{"type":"Feature","properties":{"segmentId":"osm-gaul2-18003-5162150983-4791526209-0","regionId":"gaul2-18003","province":"Jambi","region":"Kota Jambi","roadName":"Unnamed OSM road","highway":"tertiary","lengthMeters":1584.42,"osmWayIds":["531853947"],"u":"5162150983","v":"4791526209","key":0,"oneway":false,"source":"OpenStreetMap"},"geometry":{"type":"LineString","coordinates":[[103.6516904,-1.6140436],[103.651357,-1.6144318],[103.6505992,-1.6153903],[103.650521,-1.6155407],[103.6504544,-1.6156672],[103.6502466,-1.6160952],[103.6502029,-1.6161599],[103.6501551,-1.6162105],[103.6499839,-1.6163258],[103.6495511,-1.6165969],[103.6491133,-1.6168046],[103.6486735,-1.6169716],[103.6485943,-1.6170017],[103.6483172,-1.6170537],[103.6481342,-1.6171051],[103.6480428,-1.6171218],[103.64787,-1.6171465],[103.6473624,-1.617176],[103.646828,-1.6171746],[103.6466755,-1.6171663],[103.6465793,-1.6171563],[103.6459192,-1.6171054],[103.6453515,-1.6170943],[103.6451006,-1.6170767],[103.6449525,-1.6170728],[103.6447984,-1.6170534],[103.6446561,-1.6170272],[103.6445166,-1.6169897],[103.6442383,-1.6169025],[103.6441244,-1.6168797],[103.6440915,-1.6168791],[103.6439681,-1.6169227],[103.6438843,-1.6169789],[103.6436849,-1.6171562],[103.6435452,-1.6172879],[103.6434713,-1.6174025],[103.6432828,-1.6174018],[103.6432506,-1.6174073],[103.6432164,-1.6174207],[103.6431775,-1.6174448],[103.6431056,-1.6175114],[103.6428215,-1.6178262],[103.6425797,-1.6179911],[103.6424663,-1.6180685],[103.642401,-1.6181331],[103.6420113,-1.6184364],[103.6416943,-1.6187244],[103.6415032,-1.6188987],[103.6413725,-1.6190209],[103.6409245,-1.6194429],[103.6405807,-1.6198206],[103.6401454,-1.6202616]]}},{"type":"Feature","properties":{"segmentId":"osm-gaul2-18003-5162150983-5162151033-0","regionId":"gaul2-18003","province":"Jambi","region":"Kota Jambi","roadName":"Jalan Raya Jambi 15","highway":"trunk","lengthMeters":703.816,"osmWayIds":["527325100"],"u":"5162150983","v":"5162151033","key":0,"oneway":false,"source":"OpenStreetMap"},"geometry":{"type":"LineString","coordinates":[[103.6516904,-1.6140436],[103.651607,-1.6138407],[103.6515795,-1.6137892],[103.651065,-1.6128424],[103.6510578,-1.6128291],[103.6509,-1.6125059],[103.650884,-1.6124672],[103.6508446,-1.6123757],[103.6506804,-1.6120416],[103.650569,-1.6118741],[103.650146,-1.6112538],[103.6498552,-1.6108101],[103.6497818,-1.610698],[103.649628,-1.610463],[103.6495524,-1.6103391],[103.6495203,-1.6102051],[103.6495164,-1.6101433],[103.6495283,-1.6100362],[103.6496276,-1.6098377],[103.6498609,-1.6095938],[103.6498794,-1.6095666],[103.6499308,-1.6094911],[103.6500486,-1.6092694],[103.6500889,-1.6091192],[103.6501339,-1.6088811],[103.6502144,-1.6085755],[103.6502428,-1.6084925]]}},{"type":"Feature","properties":{"segmentId":"osm-gaul2-18003-5162150983-7605364875-0","regionId":"gaul2-18003","province":"Jambi","region":"Kota Jambi","roadName":"Jalan Raya Jambi 15","highway":"trunk","lengthMeters":1550.925,"osmWayIds":["527325100"],"u":"5162150983","v":"7605364875","key":0,"oneway":false,"source":"OpenStreetMap"},"geometry":{"type":"LineString","coordinates":[[103.6516904,-1.6140436],[103.6516963,-1.6140713],[103.6518565,-1.6144601],[103.6519546,-1.6147625],[103.6521167,-1.6153824],[103.652173,-1.6155446],[103.6522773,-1.6158226],[103.652354,-1.6160232],[103.6524621,-1.6162764],[103.6526665,-1.6167551],[103.6527073,-1.6168751],[103.6527872,-1.6170809],[103.652804,-1.6172089],[103.6528086,-1.6173316],[103.6527969,-1.6173918],[103.6527898,-1.6174283],[103.6527127,-1.6177165],[103.6526746,-1.617912],[103.6526316,-1.6182753],[103.6526136,-1.6184664],[103.6525791,-1.6188328],[103.6525672,-1.6189593],[103.652441,-1.6197396],[103.6523795,-1.6200154],[103.652342,-1.620305],[103.6523266,-1.6204632],[103.6523393,-1.6208519],[103.6523485,-1.6211338],[103.6523586,-1.6214422],[103.6523688,-1.6217554],[103.6523725,-1.6218102],[103.6524047,-1.6222811],[103.6524552,-1.6230209],[103.6524814,-1.6234043],[103.6524667,-1.6235409],[103.6524519,-1.6236778],[103.652407,-1.6238449],[103.6523393,-1.6240344],[103.6522695,-1.6241872],[103.6521837,-1.6243052],[103.6520478,-1.6244833],[103.6519048,-1.6245974],[103.6517216,-1.6246923],[103.6516097,-1.6247503],[103.651524,-1.6247906],[103.6514778,-1.6248123],[103.6507617,-1.6251491],[103.6503569,-1.6253395],[103.6492249,-1.6258871]]}},{"type":"Feature","properties":{"segmentId":"osm-gaul2-18003-5162151033-5062249381-0","regionId":"gaul2-18003","province":"Jambi","region":"Kota Jambi","roadName":"Jalan Raya Jambi 15","highway":"trunk","lengthMeters":182.688,"osmWayIds":["527325100"],"u":"5162151033","v":"5062249381","key":0,"oneway":false,"source":"OpenStreetMap"},"geometry":{"type":"LineString","coordinates":[[103.6502428,-1.6084925],[103.6503673,-1.6081893],[103.650547,-1.6078087],[103.6506704,-1.6075218],[103.6509521,-1.6070124]]}},{"type":"Feature","properties":{"segmentId":"osm-gaul2-18003-5162151033-5126813554-0","regionId":"gaul2-18003","province":"Jambi","region":"Kota Jambi","roadName":"Lorong Laksana III","highway":"tertiary","lengthMeters":3473.481,"osmWayIds":["531853934","531853937","531853956","647518907","647518978","647518980"],"u":"5162151033","v":"5126813554","key":0,"oneway":false,"source":"OpenStreetMap"},"geometry":{"type":"LineString","coordinates":[[103.6502428,-1.6084925],[103.6512483,-1.6090954],[103.6513045,-1.6091173],[103.6516976,-1.6092777],[103.6522398,-1.6095989],[103.6525898,-1.6097923],[103.6527383,-1.609872],[103.6527772,-1.6098944],[103.6530662,-1.6100964],[103.6534968,-1.6104613],[103.6535229,-1.6104859],[103.653636,-1.6105939],[103.6537425,-1.6107094],[103.6537843,-1.6107632],[103.653907,-1.6108888],[103.6540466,-1.6110051],[103.6548586,-1.6115782],[103.6554258,-1.6120326],[103.6557615,-1.6123822],[103.6558757,-1.612495],[103.6562695,-1.6129376],[103.6564296,-1.6131094],[103.6566308,-1.6133001],[103.6567347,-1.6133658],[103.6571136,-1.6133836],[103.6573637,-1.6133799],[103.6574811,-1.6134023],[103.6575454,-1.6134178],[103.6576045,-1.6134523],[103.6578728,-1.6136618],[103.6581392,-1.6138688],[103.6585953,-1.6142899],[103.6589202,-1.6145783],[103.6589784,-1.6146561],[103.65902,-1.6147192],[103.6590354,-1.6148166],[103.6590193,-1.6153033],[103.6590398,-1.6158882],[103.659116,-1.616409],[103.6592614,-1.6170505],[103.6596436,-1.6181993],[103.6596054,-1.6188142],[103.6595853,-1.6189821],[103.6595168,-1.6195274],[103.6594404,-1.6201677],[103.6594284,-1.6203237],[103.6594029,-1.6209377],[103.6594123,-1.6215517],[103.6594194,-1.6217054],[103.6593533,-1.6218372],[103.6592967,-1.6219313],[103.659189,-1.6221362],[103.6591449,-1.6222383],[103.658957,-1.6225819],[103.6587744,-1.6228507],[103.6585984,-1.6230524],[103.6584889,-1.6231951],[103.658275,-1.6234445],[103.6577655,-1.6240276],[103.6571968,-1.6247395],[103.657166,-1.6247753],[103.656923,-1.625078],[103.6564511,-1.6247462],[103.6562875,-1.6246766],[103.6559294,-1.6246524],[103.655625,-1.6246537],[103.6548582,-1.6246812],[103.6548284,-1.624947],[103.6548214,-1.6251338],[103.6548204,-1.6251614],[103.654815,-1.625392],[103.6548123,-1.6255368],[103.6548059,-1.6256155],[103.6547948,-1.6257439],[103.6548032,-1.6257899],[103.6548384,-1.6258696],[103.6548686,-1.6259621],[103.654882,-1.6260385],[103.6548633,-1.626199],[103.6548311,-1.6264377],[103.6548177,-1.6266012],[103.6548098,-1.6266693],[103.6547962,-1.6267862],[103.6547855,-1.6270543],[103.6547003,-1.6278152],[103.6547278,-1.628302],[103.6546289,-1.6284559],[103.6545601,-1.6285628],[103.6544153,-1.6287371],[103.6539499,-1.6291567],[103.6538545,-1.6293066],[103.6537408,-1.6295144],[103.6536723,-1.6296541],[103.6536723,-1.6301527],[103.6536884,-1.6305522],[103.6536697,-1.6306782],[103.6535302,-1.631028]]}},{"type":"Feature","properties":{"segmentId":"osm-gaul2-18003-5162151033-5162150983-0","regionId":"gaul2-18003","province":"Jambi","region":"Kota Jambi","roadName":"Jalan Raya Jambi 15","highway":"trunk","lengthMeters":703.816,"osmWayIds":["527325100"],"u":"5162151033","v":"5162150983","key":0,"oneway":false,"source":"OpenStreetMap"},"geometry":{"type":"LineString","coordinates":[[103.6502428,-1.6084925],[103.6502144,-1.6085755],[103.6501339,-1.6088811],[103.6500889,-1.6091192],[103.6500486,-1.6092694],[103.6499308,-1.6094911],[103.6498794,-1.6095666],[103.6498609,-1.6095938],[103.6496276,-1.6098377],[103.6495283,-1.6100362],[103.6495164,-1.6101433],[103.6495203,-1.6102051],[103.6495524,-1.6103391],[103.649628,-1.610463],[103.6497818,-1.610698],[103.6498552,-1.6108101],[103.650146,-1.6112538],[103.650569,-1.6118741],[103.6506804,-1.6120416],[103.6508446,-1.6123757],[103.650884,-1.6124672],[103.6509,-1.6125059],[103.6510578,-1.6128291],[103.651065,-1.6128424],[103.6515795,-1.6137892],[103.651607,-1.6138407],[103.6516904,-1.6140436]]}},{"type":"Feature","properties":{"segmentId":"osm-gaul2-18003-5325195451-2868201998-0","regionId":"gaul2-18003","province":"Jambi","region":"Kota Jambi","roadName":"Jalan Sunan Derajat","highway":"tertiary","lengthMeters":2176.838,"osmWayIds":["551403019"],"u":"5325195451","v":"2868201998","key":0,"oneway":false,"source":"OpenStreetMap"},"geometry":{"type":"LineString","coordinates":[[103.6030827,-1.6371742],[103.6019218,-1.637196],[103.6010031,-1.6374105],[103.600857,-1.6374306],[103.6008288,-1.6374306],[103.6007674,-1.6374226],[103.600728,-1.6374046],[103.6006937,-1.6373627],[103.6006838,-1.6373238],[103.600688,-1.6370646],[103.6007404,-1.6362067],[103.6007765,-1.6357214],[103.600763,-1.635641],[103.6006907,-1.6356149],[103.6004256,-1.6356075],[103.600117,-1.6355989],[103.5997334,-1.6355881],[103.5995205,-1.6355685],[103.5990089,-1.6355679],[103.5988701,-1.6355636],[103.5985963,-1.6355533],[103.5981808,-1.6355236],[103.5976761,-1.6355241],[103.5975041,-1.6355123],[103.5966809,-1.6354803],[103.5963569,-1.6354653],[103.5959592,-1.6354589],[103.5959133,-1.6354586],[103.5945484,-1.6354506],[103.5940584,-1.6354398],[103.5938058,-1.6354761],[103.5937351,-1.6354846],[103.5937005,-1.6354888],[103.5936177,-1.6355303],[103.5935232,-1.6355873],[103.5933254,-1.635779],[103.593107,-1.636114],[103.5929885,-1.6363021],[103.5928351,-1.6365163],[103.5927486,-1.636637],[103.5926205,-1.6368252],[103.5925542,-1.6369226],[103.5924858,-1.6370137],[103.5922605,-1.6372202],[103.5922296,-1.6372577],[103.5918903,-1.6375473],[103.591325,-1.6380443],[103.5911983,-1.6381585],[103.5910454,-1.6383395],[103.590914,-1.6385259],[103.5906753,-1.6389709],[103.5903261,-1.6395876],[103.5902502,-1.6397216],[103.5899443,-1.6402652],[103.5897489,-1.6405975],[103.5896354,-1.6407991],[103.5894039,-1.6412069],[103.5893626,-1.641273],[103.5892644,-1.6414844],[103.5892315,-1.6416453],[103.5892445,-1.6418241],[103.5892928,-1.6421728],[103.5892977,-1.6422688]]}},{"type":"Feature","properties":{"segmentId":"osm-gaul2-18003-5325195451-5113490942-0","regionId":"gaul2-18003","province":"Jambi","region":"Kota Jambi","roadName":"Jalan Pangeran Hidayat","highway":"trunk","lengthMeters":840.069,"osmWayIds":["374777713"],"u":"5325195451","v":"5113490942","key":0,"oneway":false,"source":"OpenStreetMap"},"geometry":{"type":"LineString","coordinates":[[103.6030827,-1.6371742],[103.6030166,-1.6382494],[103.6029939,-1.6384681],[103.6029563,-1.6387631],[103.6029324,-1.6388759],[103.6028868,-1.6390331],[103.602768,-1.6393114],[103.6024676,-1.6399978],[103.6024124,-1.6401577],[103.6023849,-1.6403054],[103.6023717,-1.6404586],[103.602373,-1.6406097],[103.6023933,-1.6408692],[103.6024142,-1.6410818],[103.6024743,-1.6416443],[103.6024902,-1.6418238],[103.6025204,-1.6420704],[103.6025456,-1.6423632],[103.6025697,-1.6425919],[103.6025571,-1.6427741],[103.6025363,-1.64293],[103.6025115,-1.6431354],[103.6024984,-1.6432444],[103.6024189,-1.64377],[103.602423,-1.6438694],[103.6023647,-1.6441648],[103.6023499,-1.6442396],[103.602231,-1.644567]]}},{"type":"Feature","properties":{"segmentId":"osm-gaul2-18003-5325195451-6133943586-0","regionId":"gaul2-18003","province":"Jambi","region":"Kota Jambi","roadName":"Jalan Pangeran Hidayat","highway":"trunk","lengthMeters":465.512,"osmWayIds":["374777713"],"u":"5325195451","v":"6133943586","key":0,"oneway":false,"source":"OpenStreetMap"},"geometry":{"type":"LineString","coordinates":[[103.6030827,-1.6371742],[103.6031078,-1.636828],[103.6031784,-1.6361081],[103.6032232,-1.6358315],[103.6033561,-1.6353587],[103.603372,-1.6352972],[103.603429,-1.6350876],[103.6035019,-1.6348211],[103.6036636,-1.6342219],[103.6037204,-1.6339812],[103.603724,-1.6339588],[103.6037581,-1.633706],[103.6037786,-1.633542],[103.60379,-1.6333164],[103.6037898,-1.6330656]]}},{"type":"Feature","properties":{"segmentId":"osm-gaul2-18003-5356186176-4272176888-0","regionId":"gaul2-18003","province":"Jambi","region":"Kota Jambi","roadName":"Jalan Depati Parbo","highway":"tertiary","lengthMeters":2154.734,"osmWayIds":["428069890","602562403","602562404"],"u":"5356186176","v":"4272176888","key":0,"oneway":false,"source":"OpenStreetMap"},"geometry":{"type":"LineString","coordinates":[[103.5554657,-1.6049354],[103.5554626,-1.6045866],[103.5554697,-1.6042933],[103.5554751,-1.604005],[103.5554736,-1.6038017],[103.5554576,-1.6036163],[103.5554371,-1.6035021],[103.5553583,-1.6032597],[103.5552673,-1.6029744],[103.5552246,-1.6028345],[103.5551987,-1.6027167],[103.5551685,-1.6025658],[103.5551383,-1.6024124],[103.5551438,-1.6022033],[103.5551524,-1.601998],[103.5551639,-1.6017274],[103.5552093,-1.6015196],[103.5552873,-1.6012475],[103.5553611,-1.6010319],[103.555467,-1.6007542],[103.5555633,-1.6004762],[103.5555971,-1.6003788],[103.5556146,-1.6002689],[103.5556133,-1.6000158],[103.555593,-1.599693],[103.5555876,-1.5994707],[103.5555997,-1.5993466],[103.5556068,-1.59928],[103.5556168,-1.5992542],[103.5556348,-1.5992327],[103.5556862,-1.5991934],[103.5557314,-1.5991661],[103.55579,-1.5991461],[103.5559602,-1.5991574],[103.5561098,-1.5991817],[103.5567246,-1.5993991],[103.5569395,-1.5994484],[103.5570652,-1.599459],[103.5571262,-1.599459],[103.5572042,-1.5994384],[103.5573328,-1.5993813],[103.5573848,-1.5993599],[103.5574693,-1.5993342],[103.5575698,-1.5993251],[103.5578827,-1.5993901],[103.5584177,-1.5994562],[103.5585379,-1.5994662],[103.5590666,-1.59951],[103.5599142,-1.5996366],[103.5599747,-1.5996319],[103.5600066,-1.5996252],[103.5600391,-1.5996132],[103.5600686,-1.5995636],[103.5600879,-1.5995086],[103.5602466,-1.5987375],[103.5603215,-1.5981282],[103.5603529,-1.5979696],[103.5603589,-1.5979527],[103.5604062,-1.5978196],[103.5605833,-1.5975434],[103.560634,-1.5974852],[103.560701,-1.597424],[103.5607866,-1.597408],[103.5608716,-1.5974241],[103.5609557,-1.5974689],[103.5611372,-1.5975869],[103.5612652,-1.5976815],[103.5616434,-1.5979634],[103.5618871,-1.5981587],[103.5621849,-1.598408],[103.5623512,-1.5985166],[103.5624906,-1.5985836],[103.5625952,-1.598599],[103.5626556,-1.5986044],[103.5632779,-1.5985072],[103.5636105,-1.5985273],[103.5637768,-1.5985715],[103.563931,-1.5986292],[103.5641168,-1.59872],[103.5641697,-1.5987458],[103.5643829,-1.5988919],[103.5645412,-1.5990166],[103.5651138,-1.5992438],[103.5662511,-1.599593],[103.5664938,-1.5996869],[103.5667473,-1.5997754]]}},{"type":"Feature","properties":{"segmentId":"osm-gaul2-18003-5356576527-6259278327-0","regionId":"gaul2-18003","province":"Jambi","region":"Kota Jambi","roadName":"Jalan Lingkar Selatan","highway":"trunk","lengthMeters":1638.669,"osmWayIds":["654171696"],"u":"5356576527","v":"6259278327","key":0,"oneway":false,"source":"OpenStreetMap"},"geometry":{"type":"LineString","coordinates":[[103.6532767,-1.6509836],[103.6535228,-1.6506823],[103.6536521,-1.6505489],[103.6541806,-1.6499702],[103.6542383,-1.6499192],[103.6543027,-1.6498683],[103.6543778,-1.6498214],[103.654664,-1.6496995],[103.6549048,-1.6496135],[103.6550818,-1.6495456],[103.6565874,-1.6490439],[103.6566858,-1.6489983],[103.6567662,-1.6489567],[103.6568427,-1.6489071],[103.6570063,-1.6487758],[103.6572276,-1.6485532],[103.6573029,-1.6484698],[103.6575274,-1.6482131],[103.6576059,-1.6481057],[103.6576816,-1.6479982],[103.6577466,-1.6478856],[103.6578552,-1.6475692],[103.6579424,-1.6472555],[103.6579994,-1.6470181],[103.6580109,-1.6469685],[103.65804,-1.6468402],[103.6581604,-1.6462921],[103.6581583,-1.6461751],[103.6581208,-1.6460719],[103.6580229,-1.6459391],[103.6578653,-1.6458055],[103.6575224,-1.6455412],[103.6558664,-1.644261],[103.65525,-1.6437895],[103.6549579,-1.6435643],[103.6549222,-1.6435368],[103.6546923,-1.6433174],[103.654524,-1.6430757],[103.6544529,-1.6429564],[103.654414,-1.6428371],[103.6543608,-1.6426273],[103.6542887,-1.6423553],[103.6541766,-1.6418424],[103.6541551,-1.6416252],[103.6541525,-1.641408],[103.6541685,-1.6413223],[103.6542631,-1.6410974],[103.6545651,-1.6406989]]}},{"type":"Feature","properties":{"segmentId":"osm-gaul2-18003-5363102785-5122349943-0","regionId":"gaul2-18003","province":"Jambi","region":"Kota Jambi","roadName":"Jalan Sultan Hasanuddin","highway":"tertiary","lengthMeters":2903.0,"osmWayIds":["820839388"],"u":"5363102785","v":"5122349943","key":0,"oneway":false,"source":"OpenStreetMap"},"geometry":{"type":"LineString","coordinates":[[103.6795795,-1.6380231],[103.6790702,-1.6377024],[103.6788107,-1.6375476],[103.6786026,-1.6374336],[103.6782843,-1.6372765],[103.6780403,-1.6371608],[103.6778001,-1.6370414],[103.6768956,-1.636612],[103.6766052,-1.6364775],[103.6764145,-1.6363938],[103.6761439,-1.6363059],[103.6758032,-1.6362345],[103.6755813,-1.6361963],[103.675325,-1.6361626],[103.6751167,-1.6361353],[103.6748028,-1.6361138],[103.6740544,-1.6360549],[103.6731851,-1.6360209],[103.6729775,-1.6359996],[103.6727335,-1.6359674],[103.6722627,-1.6358783],[103.6719328,-1.6358213],[103.671566,-1.6357509],[103.6709566,-1.6356466],[103.6704918,-1.6355672],[103.6703154,-1.6355344],[103.6701183,-1.6355069],[103.6697381,-1.6354765],[103.6694485,-1.6354899],[103.6692536,-1.6355227],[103.6690927,-1.6355589],[103.6689716,-1.6356142],[103.6685855,-1.6357442],[103.668397,-1.6358036],[103.6681815,-1.6358354],[103.6679134,-1.6358562],[103.6673898,-1.6358666],[103.6669406,-1.6358689],[103.666681,-1.6358701],[103.6665054,-1.6358742],[103.6663323,-1.6358782],[103.6657215,-1.6359054],[103.6655077,-1.6359197],[103.6644823,-1.6360195],[103.6641598,-1.6360297],[103.6640109,-1.6360177],[103.6638922,-1.6359952],[103.6637574,-1.6359654],[103.6636716,-1.6359466],[103.6634342,-1.6358769],[103.6630159,-1.6358019],[103.6626635,-1.6357449],[103.6625035,-1.6357368],[103.6624562,-1.6357344],[103.6620678,-1.6357153],[103.6616921,-1.6357054],[103.6614534,-1.6356946],[103.6610678,-1.6357003],[103.6607031,-1.6357607],[103.6605106,-1.635775],[103.6604027,-1.635754],[103.6599621,-1.6355766],[103.6596215,-1.6354721],[103.6590509,-1.6352794],[103.6588249,-1.6351798],[103.6587529,-1.6351338],[103.6586237,-1.6350511],[103.6582757,-1.6348075],[103.6572759,-1.6340443],[103.6569882,-1.6338262],[103.6568508,-1.6336918],[103.6566449,-1.6333932],[103.6561031,-1.6325071],[103.6559603,-1.6323016],[103.6558682,-1.632195],[103.6557436,-1.632079],[103.655608,-1.6320347],[103.655502,-1.63204]]}},{"type":"Feature","properties":{"segmentId":"osm-gaul2-18003-5363102900-3781483926-0","regionId":"gaul2-18003","province":"Jambi","region":"Kota Jambi","roadName":"Jalan Haji Adam Malik","highway":"secondary","lengthMeters":1136.049,"osmWayIds":["374779782"],"u":"5363102900","v":"3781483926","key":0,"oneway":false,"source":"OpenStreetMap"},"geometry":{"type":"LineString","coordinates":[[103.6300395,-1.6279297],[103.6298971,-1.6279717],[103.6295647,-1.6280504],[103.6293654,-1.6280901],[103.6291985,-1.628111],[103.6291374,-1.6281142],[103.6288324,-1.6281178],[103.6287131,-1.6281152],[103.6285701,-1.6281022],[103.6283234,-1.6281102],[103.6282719,-1.6281162],[103.6280344,-1.6281539],[103.6278298,-1.628203],[103.6275946,-1.6282594],[103.6273023,-1.6283452],[103.6269429,-1.6284418],[103.6266437,-1.6285374],[103.6264868,-1.6285923],[103.62635,-1.628658],[103.6262339,-1.6287442],[103.6260375,-1.6289214],[103.6260054,-1.6289486],[103.6258499,-1.6290745],[103.625489,-1.6293973],[103.6253517,-1.6295281],[103.6252631,-1.6296013],[103.6251853,-1.6296793],[103.6250632,-1.6298156],[103.6249144,-1.6300004],[103.624661,-1.6303267],[103.6245555,-1.630481],[103.6244219,-1.6306894],[103.6242186,-1.6310206],[103.6240447,-1.6314343],[103.6239105,-1.631807],[103.6238301,-1.632244],[103.6238271,-1.6322655],[103.6237738,-1.6326462],[103.6237514,-1.6328589],[103.6237277,-1.6330831],[103.6237116,-1.6331884],[103.6236459,-1.6337415],[103.6236044,-1.6340099],[103.6235493,-1.634151]]}},{"type":"Feature","properties":{"segmentId":"osm-gaul2-18003-5363102900-6136359144-0","regionId":"gaul2-18003","province":"Jambi","region":"Kota Jambi","roadName":"Unnamed OSM road","highway":"secondary","lengthMeters":240.214,"osmWayIds":["654866509"],"u":"5363102900","v":"6136359144","key":0,"oneway":true,"source":"OpenStreetMap"},"geometry":{"type":"LineString","coordinates":[[103.6300395,-1.6279297],[103.6301011,-1.6278778],[103.6304108,-1.6278107],[103.6307616,-1.6277156],[103.6310767,-1.6275936],[103.6311412,-1.6275623],[103.6316648,-1.6272987],[103.6320201,-1.6271057]]}},{"type":"Feature","properties":{"segmentId":"osm-gaul2-18003-5415541797-11925173862-0","regionId":"gaul2-18003","province":"Jambi","region":"Kota Jambi","roadName":"Jalan Kolonel Abundjani","highway":"primary","lengthMeters":260.489,"osmWayIds":["1285519323"],"u":"5415541797","v":"11925173862","key":0,"oneway":false,"source":"OpenStreetMap"},"geometry":{"type":"LineString","coordinates":[[103.5905616,-1.6192736],[103.5914008,-1.618703],[103.5916369,-1.6185072],[103.5917057,-1.6184269],[103.5917426,-1.6183727],[103.5918447,-1.6182016],[103.5919319,-1.6180306],[103.592029,-1.6178515],[103.5920566,-1.6178007],[103.5921489,-1.6176261]]}},{"type":"Feature","properties":{"segmentId":"osm-gaul2-18003-5415541797-5415633807-0","regionId":"gaul2-18003","province":"Jambi","region":"Kota Jambi","roadName":"Unnamed OSM road","highway":"primary","lengthMeters":38.646,"osmWayIds":["1001322586"],"u":"5415541797","v":"5415633807","key":0,"oneway":true,"source":"OpenStreetMap"},"geometry":{"type":"LineString","coordinates":[[103.5905616,-1.6192736],[103.5905393,-1.6193584],[103.5904931,-1.619439],[103.5904523,-1.6195243],[103.5904319,-1.6195938]]}},{"type":"Feature","properties":{"segmentId":"osm-gaul2-18003-5415541803-5415633817-0","regionId":"gaul2-18003","province":"Jambi","region":"Kota Jambi","roadName":"Jalan Haji Oemar Said Cokroaminoto","highway":"secondary","lengthMeters":137.505,"osmWayIds":["824026409"],"u":"5415541803","v":"5415633817","key":0,"oneway":true,"source":"OpenStreetMap"},"geometry":{"type":"LineString","coordinates":[[103.5915756,-1.6197936],[103.5909213,-1.619868],[103.5907917,-1.6198827],[103.5906096,-1.6198786],[103.590464,-1.619864],[103.5903464,-1.6198418]]}},{"type":"Feature","properties":{"segmentId":"osm-gaul2-18003-5415541803-6130546659-0","regionId":"gaul2-18003","province":"Jambi","region":"Kota Jambi","roadName":"Jalan Sunan Kalijaga","highway":"tertiary","lengthMeters":96.605,"osmWayIds":["601384558"],"u":"5415541803","v":"6130546659","key":0,"oneway":false,"source":"OpenStreetMap"},"geometry":{"type":"LineString","coordinates":[[103.5915756,-1.6197936],[103.5916446,-1.6200802],[103.5917978,-1.6206334]]}},{"type":"Feature","properties":{"segmentId":"osm-gaul2-18003-5415633804-2853572914-0","regionId":"gaul2-18003","province":"Jambi","region":"Kota Jambi","roadName":"Unnamed OSM road","highway":"primary_link","lengthMeters":9.754,"osmWayIds":["1022493330"],"u":"5415633804","v":"2853572914","key":0,"oneway":false,"source":"OpenStreetMap"},"geometry":{"type":"LineString","coordinates":[[103.5802283,-1.6195281],[103.580187,-1.6196055]]}},{"type":"Feature","properties":{"segmentId":"osm-gaul2-18003-5415633804-5415633826-0","regionId":"gaul2-18003","province":"Jambi","region":"Kota Jambi","roadName":"Jalan Kapten Pattimura","highway":"primary","lengthMeters":401.108,"osmWayIds":["561667336"],"u":"5415633804","v":"5415633826","key":0,"oneway":true,"source":"OpenStreetMap"},"geometry":{"type":"LineString","coordinates":[[103.5802283,-1.6195281],[103.5811763,-1.6198056],[103.5817834,-1.6199643],[103.5826324,-1.62021],[103.5828867,-1.6202858],[103.5831199,-1.6203554],[103.5836915,-1.6205402]]}},{"type":"Feature","properties":{"segmentId":"osm-gaul2-18003-5415633807-5415633808-0","regionId":"gaul2-18003","province":"Jambi","region":"Kota Jambi","roadName":"Unnamed OSM road","highway":"primary","lengthMeters":8.747,"osmWayIds":["561667335"],"u":"5415633807","v":"5415633808","key":0,"oneway":true,"source":"OpenStreetMap"},"geometry":{"type":"LineString","coordinates":[[103.5904319,-1.6195938],[103.5904488,-1.6196291],[103.5904597,-1.6196671]]}},{"type":"Feature","properties":{"segmentId":"osm-gaul2-18003-5415633808-5415633817-0","regionId":"gaul2-18003","province":"Jambi","region":"Kota Jambi","roadName":"Unnamed OSM road","highway":"primary","lengthMeters":24.506,"osmWayIds":["561667335"],"u":"5415633808","v":"5415633817","key":0,"oneway":true,"source":"OpenStreetMap"},"geometry":{"type":"LineString","coordinates":[[103.5904597,-1.6196671],[103.5904526,-1.6197207],[103.590429,-1.6197694],[103.5903947,-1.6198148],[103.5903464,-1.6198418]]}},{"type":"Feature","properties":{"segmentId":"osm-gaul2-18003-5415633808-7693494879-0","regionId":"gaul2-18003","province":"Jambi","region":"Kota Jambi","roadName":"Jalan Haji Oemar Said Cokroaminoto","highway":"secondary","lengthMeters":547.001,"osmWayIds":["567545845","601384607"],"u":"5415633808","v":"7693494879","key":0,"oneway":true,"source":"OpenStreetMap"},"geometry":{"type":"LineString","coordinates":[[103.5904597,-1.6196671],[103.5905895,-1.6197607],[103.5906887,-1.6197955],[103.5907975,-1.6198024],[103.5916717,-1.6197136],[103.5919814,-1.619679],[103.5925671,-1.6196124],[103.5932609,-1.6195341],[103.5938996,-1.6194427],[103.5943129,-1.6193689],[103.5947844,-1.6192298],[103.59528,-1.6190998]]}},{"type":"Feature","properties":{"segmentId":"osm-gaul2-18003-5415633809-5415541797-0","regionId":"gaul2-18003","province":"Jambi","region":"Kota Jambi","roadName":"Unnamed OSM road","highway":"primary","lengthMeters":43.949,"osmWayIds":["1022464590"],"u":"5415633809","v":"5415541797","key":0,"oneway":true,"source":"OpenStreetMap"},"geometry":{"type":"LineString","coordinates":[[103.5902522,-1.6195197],[103.5905616,-1.6192736]]}},{"type":"Feature","properties":{"segmentId":"osm-gaul2-18003-5415633809-5415633807-0","regionId":"gaul2-18003","province":"Jambi","region":"Kota Jambi","roadName":"Unnamed OSM road","highway":"primary","lengthMeters":22.983,"osmWayIds":["561667335"],"u":"5415633809","v":"5415633807","key":0,"oneway":true,"source":"OpenStreetMap"},"geometry":{"type":"LineString","coordinates":[[103.5902522,-1.6195197],[103.5902933,-1.6195155],[103.5903343,-1.6195214],[103.5903725,-1.6195372],[103.5904057,-1.6195618],[103.5904319,-1.6195938]]}},{"type":"Feature","properties":{"segmentId":"osm-gaul2-18003-5415633817-5415633818-0","regionId":"gaul2-18003","province":"Jambi","region":"Kota Jambi","roadName":"Unnamed OSM road","highway":"primary","lengthMeters":12.341,"osmWayIds":["561667335"],"u":"5415633817","v":"5415633818","key":0,"oneway":true,"source":"OpenStreetMap"},"geometry":{"type":"LineString","coordinates":[[103.5903464,-1.6198418],[103.5902918,-1.6198516],[103.5902369,-1.6198431]]}},{"type":"Feature","properties":{"segmentId":"osm-gaul2-18003-5415633818-4636656304-0","regionId":"gaul2-18003","province":"Jambi","region":"Kota Jambi","roadName":"Jalan Kapten Pattimura","highway":"primary","lengthMeters":128.924,"osmWayIds":["1019899632"],"u":"5415633818","v":"4636656304","key":0,"oneway":true,"source":"OpenStreetMap"},"geometry":{"type":"LineString","coordinates":[[103.5902369,-1.6198431],[103.5901362,-1.6198378],[103.590034,-1.6198395],[103.5899496,-1.6198542],[103.5896814,-1.6199616],[103.58918,-1.6202575]]}},{"type":"Feature","properties":{"segmentId":"osm-gaul2-18003-5415633818-5415633824-0","regionId":"gaul2-18003","province":"Jambi","region":"Kota Jambi","roadName":"Unnamed OSM road","highway":"primary","lengthMeters":39.122,"osmWayIds":["561667335"],"u":"5415633818","v":"5415633824","key":0,"oneway":true,"source":"OpenStreetMap"},"geometry":{"type":"LineString","coordinates":[[103.5902369,-1.6198431],[103.5901921,-1.6198203],[103.590156,-1.6197853],[103.5901319,-1.6197412],[103.5901219,-1.6196919],[103.5901269,-1.6196419],[103.5901465,-1.6195956],[103.5901789,-1.6195572]]}},{"type":"Feature","properties":{"segmentId":"osm-gaul2-18003-5415633824-5415633809-0","regionId":"gaul2-18003","province":"Jambi","region":"Kota Jambi","roadName":"Unnamed OSM road","highway":"primary","lengthMeters":9.223,"osmWayIds":["561667335"],"u":"5415633824","v":"5415633809","key":0,"oneway":true,"source":"OpenStreetMap"},"geometry":{"type":"LineString","coordinates":[[103.5901789,-1.6195572],[103.5902134,-1.6195338],[103.5902522,-1.6195197]]}},{"type":"Feature","properties":{"segmentId":"osm-gaul2-18003-5415633826-5128992279-0","regionId":"gaul2-18003","province":"Jambi","region":"Kota Jambi","roadName":"Unnamed OSM road","highway":"primary_link","lengthMeters":10.369,"osmWayIds":["654209530"],"u":"5415633826","v":"5128992279","key":0,"oneway":false,"source":"OpenStreetMap"},"geometry":{"type":"LineString","coordinates":[[103.5836915,-1.6205402],[103.5836615,-1.6206285]]}},{"type":"Feature","properties":{"segmentId":"osm-gaul2-18003-5415633826-5722943058-0","regionId":"gaul2-18003","province":"Jambi","region":"Kota Jambi","roadName":"Jalan Kapten Pattimura","highway":"primary","lengthMeters":133.672,"osmWayIds":["561667336"],"u":"5415633826","v":"5722943058","key":0,"oneway":true,"source":"OpenStreetMap"},"geometry":{"type":"LineString","coordinates":[[103.5836915,-1.6205402],[103.5838707,-1.6205844],[103.5844536,-1.620693],[103.5846761,-1.6207345],[103.5848708,-1.6207745]]}},{"type":"Feature","properties":{"segmentId":"osm-gaul2-18003-5415633831-4636656304-0","regionId":"gaul2-18003","province":"Jambi","region":"Kota Jambi","roadName":"Unnamed OSM road","highway":"primary_link","lengthMeters":10.149,"osmWayIds":["654428195"],"u":"5415633831","v":"4636656304","key":0,"oneway":false,"source":"OpenStreetMap"},"geometry":{"type":"LineString","coordinates":[[103.5891348,-1.6201782],[103.5891563,-1.6202159],[103.58918,-1.6202575]]}},{"type":"Feature","properties":{"segmentId":"osm-gaul2-18003-5415633831-5415633824-0","regionId":"gaul2-18003","province":"Jambi","region":"Kota Jambi","roadName":"Jalan Kapten Pattimura","highway":"primary","lengthMeters":135.059,"osmWayIds":["1019899633"],"u":"5415633831","v":"5415633824","key":0,"oneway":true,"source":"OpenStreetMap"},"geometry":{"type":"LineString","coordinates":[[103.5891348,-1.6201782],[103.5892582,-1.6201069],[103.5896416,-1.6198808],[103.5899422,-1.6196925],[103.5901789,-1.6195572]]}},{"type":"Feature","properties":{"segmentId":"osm-gaul2-18003-5415633832-3195385072-0","regionId":"gaul2-18003","province":"Jambi","region":"Kota Jambi","roadName":"Unnamed OSM road","highway":"primary_link","lengthMeters":9.992,"osmWayIds":["1022493329"],"u":"5415633832","v":"3195385072","key":0,"oneway":false,"source":"OpenStreetMap"},"geometry":{"type":"LineString","coordinates":[[103.579872,-1.6193993],[103.5798417,-1.6194839]]}},{"type":"Feature","properties":{"segmentId":"osm-gaul2-18003-5415633832-5415633804-0","regionId":"gaul2-18003","province":"Jambi","region":"Kota Jambi","roadName":"Jalan Kapten Pattimura","highway":"primary","lengthMeters":42.113,"osmWayIds":["1285508605"],"u":"5415633832","v":"5415633804","key":0,"oneway":true,"source":"OpenStreetMap"},"geometry":{"type":"LineString","coordinates":[[103.579872,-1.6193993],[103.5802283,-1.6195281]]}},{"type":"Feature","properties":{"segmentId":"osm-gaul2-18003-5430392907-10216509845-0","regionId":"gaul2-18003","province":"Jambi","region":"Kota Jambi","roadName":"Jalan Soemantri Brodjonegoro","highway":"primary","lengthMeters":230.851,"osmWayIds":["1117073826","654749084"],"u":"5430392907","v":"10216509845","key":0,"oneway":true,"source":"OpenStreetMap"},"geometry":{"type":"LineString","coordinates":[[103.6037803,-1.6022523],[103.6035912,-1.6023094],[103.6034992,-1.6023493],[103.6033849,-1.6024231],[103.60328,-1.6025146],[103.6031009,-1.6027123],[103.6030098,-1.6028338],[103.602825,-1.6030639],[103.6026458,-1.6032667],[103.6022961,-1.6036503]]}},{"type":"Feature","properties":{"segmentId":"osm-gaul2-18003-5430392907-3666011688-0","regionId":"gaul2-18003","province":"Jambi","region":"Kota Jambi","roadName":"Unnamed OSM road","highway":"trunk","lengthMeters":11.862,"osmWayIds":["1137296236"],"u":"5430392907","v":"3666011688","key":0,"oneway":true,"source":"OpenStreetMap"},"geometry":{"type":"LineString","coordinates":[[103.6037803,-1.6022523],[103.6037379,-1.6021544]]}},{"type":"Feature","properties":{"segmentId":"osm-gaul2-18003-5462703340-3506251645-0","regionId":"gaul2-18003","province":"Jambi","region":"Kota Jambi","roadName":"Unnamed OSM road","highway":"primary_link","lengthMeters":9.983,"osmWayIds":["567545843"],"u":"5462703340","v":"3506251645","key":0,"oneway":false,"source":"OpenStreetMap"},"geometry":{"type":"LineString","coordinates":[[103.5882266,-1.6207524],[103.5882561,-1.6208372]]}},{"type":"Feature","properties":{"segmentId":"osm-gaul2-18003-5462703340-5415633831-0","regionId":"gaul2-18003","province":"Jambi","region":"Kota Jambi","roadName":"Jalan Kapten Pattimura","highway":"primary","lengthMeters":119.467,"osmWayIds":["1019899633"],"u":"5462703340","v":"5415633831","key":0,"oneway":true,"source":"OpenStreetMap"},"geometry":{"type":"LineString","coordinates":[[103.5882266,-1.6207524],[103.5883817,-1.6206594],[103.5886865,-1.6204594],[103.5890477,-1.6202377],[103.5891348,-1.6201782]]}},{"type":"Feature","properties":{"segmentId":"osm-gaul2-18003-5462703345-4270167309-0","regionId":"gaul2-18003","province":"Jambi","region":"Kota Jambi","roadName":"Jalan Ks. Tubun","highway":"tertiary","lengthMeters":1042.648,"osmWayIds":["469316075"],"u":"5462703345","v":"4270167309","key":0,"oneway":false,"source":"OpenStreetMap"},"geometry":{"type":"LineString","coordinates":[[103.5788608,-1.6192251],[103.5787871,-1.6189711],[103.5787562,-1.6188705],[103.5787261,-1.6188169],[103.5786805,-1.6187653],[103.5786281,-1.6187204],[103.5783758,-1.6185251],[103.5781624,-1.6182819],[103.5780667,-1.6181005],[103.5780348,-1.6179917],[103.5780227,-1.6178723],[103.5779855,-1.6174226],[103.5779829,-1.6173235],[103.5779653,-1.6166452],[103.5779613,-1.6164914],[103.577975,-1.6164307],[103.578003,-1.6163842],[103.5784283,-1.6161049],[103.5785222,-1.6160734],[103.5786681,-1.6160544],[103.578828,-1.615991],[103.5794181,-1.6156652],[103.5796109,-1.6155262],[103.5796427,-1.6155077],[103.5797366,-1.6154846],[103.5798592,-1.6154433],[103.5799026,-1.615423],[103.5803864,-1.615108],[103.5805682,-1.6150124],[103.5806221,-1.6149927],[103.5806445,-1.6149882],[103.5806626,-1.6149862],[103.5807777,-1.61499],[103.580798,-1.6149849],[103.5808208,-1.6149751],[103.581062,-1.6148426],[103.5811467,-1.6147878],[103.5814,-1.6146817],[103.5815126,-1.6146495],[103.5818506,-1.6145771],[103.5820303,-1.6144886],[103.5821751,-1.6143814],[103.5824436,-1.6141182],[103.5827477,-1.6138041],[103.5828879,-1.6136628],[103.5830468,-1.6134992],[103.583268,-1.6132914]]}},{"type":"Feature","properties":{"segmentId":"osm-gaul2-18003-5462703345-5415633832-0","regionId":"gaul2-18003","province":"Jambi","region":"Kota Jambi","roadName":"Jalan Kapten Pattimura","highway":"primary","lengthMeters":115.732,"osmWayIds":["1285508606"],"u":"5462703345","v":"5415633832","key":0,"oneway":true,"source":"OpenStreetMap"},"geometry":{"type":"LineString","coordinates":[[103.5788608,-1.6192251],[103.5790561,-1.6192062],[103.5791158,-1.619201],[103.5793315,-1.6192271],[103.5795371,-1.6192803],[103.579872,-1.6193993]]}},{"type":"Feature","properties":{"segmentId":"osm-gaul2-18003-5462703348-7668275791-0","regionId":"gaul2-18003","province":"Jambi","region":"Kota Jambi","roadName":"Unnamed OSM road","highway":"primary","lengthMeters":5.147,"osmWayIds":["602562378"],"u":"5462703348","v":"7668275791","key":0,"oneway":true,"source":"OpenStreetMap"},"geometry":{"type":"LineString","coordinates":[[103.5758904,-1.6201802],[103.5758471,-1.6201966]]}},{"type":"Feature","properties":{"segmentId":"osm-gaul2-18003-5560354387-4270169015-0","regionId":"gaul2-18003","province":"Jambi","region":"Kota Jambi","roadName":"Jalan Jenderal Urip Sumoharjo","highway":"tertiary","lengthMeters":268.331,"osmWayIds":["601384613"],"u":"5560354387","v":"4270169015","key":0,"oneway":false,"source":"OpenStreetMap"},"geometry":{"type":"LineString","coordinates":[[103.5926563,-1.6074045],[103.5925381,-1.6075976],[103.5924408,-1.6077505],[103.5923879,-1.6078336],[103.592255,-1.6080865],[103.5921291,-1.6083316],[103.5921123,-1.6083685],[103.5920975,-1.6084181],[103.5920728,-1.6085173],[103.5920633,-1.6085964],[103.5920607,-1.6086902],[103.592058,-1.6088953],[103.5920996,-1.6092425],[103.5921411,-1.609441],[103.5921679,-1.6095401],[103.5922095,-1.6096501]]}},{"type":"Feature","properties":{"segmentId":"osm-gaul2-18003-5560354387-5560354392-0","regionId":"gaul2-18003","province":"Jambi","region":"Kota Jambi","roadName":"Unnamed OSM road","highway":"secondary","lengthMeters":20.177,"osmWayIds":["580994594"],"u":"5560354387","v":"5560354392","key":0,"oneway":true,"source":"OpenStreetMap"},"geometry":{"type":"LineString","coordinates":[[103.5926563,-1.6074045],[103.5926183,-1.6073797],[103.5925923,-1.6073425],[103.592582,-1.6072983],[103.5925889,-1.6072535]]}},{"type":"Feature","properties":{"segmentId":"osm-gaul2-18003-5560354392-5560354394-0","regionId":"gaul2-18003","province":"Jambi","region":"Kota Jambi","roadName":"Unnamed OSM road","highway":"secondary","lengthMeters":11.011,"osmWayIds":["580994594"],"u":"5560354392","v":"5560354394","key":0,"oneway":true,"source":"OpenStreetMap"},"geometry":{"type":"LineString","coordinates":[[103.5925889,-1.6072535],[103.5926043,-1.6072243],[103.592627,-1.6072003],[103.5926554,-1.6071835]]}},{"type":"Feature","properties":{"segmentId":"osm-gaul2-18003-5560354392-6167838762-0","regionId":"gaul2-18003","province":"Jambi","region":"Kota Jambi","roadName":"Jalan Mayor Jenderal HM. J.Singedekane","highway":"secondary","lengthMeters":397.337,"osmWayIds":["427843874"],"u":"5560354392","v":"6167838762","key":0,"oneway":true,"source":"OpenStreetMap"},"geometry":{"type":"LineString","coordinates":[[103.5925889,-1.6072535],[103.5916503,-1.6068429],[103.5911205,-1.6065949],[103.5908312,-1.6064771],[103.5906143,-1.6064286],[103.5903883,-1.6063949],[103.5901275,-1.6063985],[103.5899823,-1.6064193],[103.5898083,-1.6064646],[103.5892215,-1.6066477]]}},{"type":"Feature","properties":{"segmentId":"osm-gaul2-18003-5560354394-5560354395-0","regionId":"gaul2-18003","province":"Jambi","region":"Kota Jambi","roadName":"Unnamed OSM road","highway":"secondary","lengthMeters":7.546,"osmWayIds":["580994594"],"u":"5560354394","v":"5560354395","key":0,"oneway":true,"source":"OpenStreetMap"},"geometry":{"type":"LineString","coordinates":[[103.5926554,-1.6071835],[103.5927229,-1.6071762]]}},{"type":"Feature","properties":{"segmentId":"osm-gaul2-18003-5560354395-5560354397-0","regionId":"gaul2-18003","province":"Jambi","region":"Kota Jambi","roadName":"Unnamed OSM road","highway":"secondary","lengthMeters":16.272,"osmWayIds":["580994594"],"u":"5560354395","v":"5560354397","key":0,"oneway":true,"source":"OpenStreetMap"},"geometry":{"type":"LineString","coordinates":[[103.5927229,-1.6071762],[103.5927575,-1.6071882],[103.5927868,-1.6072101],[103.5928081,-1.6072398],[103.5928195,-1.6072746]]}},{"type":"Feature","properties":{"segmentId":"osm-gaul2-18003-5560354395-6134982549-0","regionId":"gaul2-18003","province":"Jambi","region":"Kota Jambi","roadName":"Jalan Slamet Riyadi","highway":"secondary","lengthMeters":143.591,"osmWayIds":["970770037"],"u":"5560354395","v":"6134982549","key":0,"oneway":true,"source":"OpenStreetMap"},"geometry":{"type":"LineString","coordinates":[[103.5927229,-1.6071762],[103.5930222,-1.6067223],[103.5933012,-1.6062611],[103.5934098,-1.6060828]]}},{"type":"Feature","properties":{"segmentId":"osm-gaul2-18003-5560354397-5560354399-0","regionId":"gaul2-18003","province":"Jambi","region":"Kota Jambi","roadName":"Unnamed OSM road","highway":"secondary","lengthMeters":9.574,"osmWayIds":["580994594"],"u":"5560354397","v":"5560354399","key":0,"oneway":true,"source":"OpenStreetMap"},"geometry":{"type":"LineString","coordinates":[[103.5928195,-1.6072746],[103.592821,-1.6072961],[103.5928187,-1.6073175],[103.5928125,-1.6073381],[103.5928028,-1.6073573]]}},{"type":"Feature","properties":{"segmentId":"osm-gaul2-18003-5560354399-4270166385-0","regionId":"gaul2-18003","province":"Jambi","region":"Kota Jambi","roadName":"Jalan Profesor Dokter Sri Sudewi MS. SH","highway":"secondary","lengthMeters":543.66,"osmWayIds":["427843965"],"u":"5560354399","v":"4270166385","key":0,"oneway":false,"source":"OpenStreetMap"},"geometry":{"type":"LineString","coordinates":[[103.5928028,-1.6073573],[103.5934237,-1.6076676],[103.5938045,-1.6078693],[103.5938763,-1.607907],[103.5939314,-1.6079358],[103.5940101,-1.6079771],[103.5943314,-1.6081455],[103.5944122,-1.6081878],[103.5945596,-1.6082508],[103.5950583,-1.6085122],[103.5953086,-1.6086693],[103.5959498,-1.6090119],[103.5961886,-1.6091688],[103.5964253,-1.6093471],[103.5964652,-1.6093863],[103.5969662,-1.6098689]]}},{"type":"Feature","properties":{"segmentId":"osm-gaul2-18003-5560354399-5560354387-0","regionId":"gaul2-18003","province":"Jambi","region":"Kota Jambi","roadName":"Unnamed OSM road","highway":"secondary","lengthMeters":18.553,"osmWayIds":["580994594"],"u":"5560354399","v":"5560354387","key":0,"oneway":true,"source":"OpenStreetMap"},"geometry":{"type":"LineString","coordinates":[[103.5928028,-1.6073573],[103.5927882,-1.6073761],[103.5927701,-1.6073917],[103.5927493,-1.6074034],[103.5927266,-1.6074107],[103.5927029,-1.6074133],[103.5926792,-1.6074112],[103.5926563,-1.6074045]]}},{"type":"Feature","properties":{"segmentId":"osm-gaul2-18003-5715948231-10216509847-0","regionId":"gaul2-18003","province":"Jambi","region":"Kota Jambi","roadName":"Jalan H. Ali Hamzah","highway":"tertiary","lengthMeters":544.404,"osmWayIds":["654737833"],"u":"5715948231","v":"10216509847","key":0,"oneway":false,"source":"OpenStreetMap"},"geometry":{"type":"LineString","coordinates":[[103.6048269,-1.6070856],[103.6045555,-1.6069146],[103.6042932,-1.6067194],[103.6042125,-1.6066193],[103.6041661,-1.6065169],[103.6040022,-1.6063037],[103.6039777,-1.6062946],[103.6039247,-1.6062932],[103.6038926,-1.6062886],[103.6037786,-1.606184],[103.6037605,-1.6061758],[103.6037189,-1.6061699],[103.6032227,-1.6061512],[103.6030215,-1.6061726],[103.6029913,-1.6061719],[103.6029679,-1.6061605],[103.6029518,-1.6061381],[103.6029437,-1.6061163],[103.6029424,-1.6057926],[103.6029391,-1.6056799],[103.6029182,-1.6055935],[103.6028722,-1.6054698],[103.6027671,-1.6051875],[103.6027546,-1.6051337],[103.6027242,-1.6044751],[103.6027198,-1.6044031],[103.602701,-1.6043749],[103.6026473,-1.6043508],[103.6024295,-1.6042989],[103.6023613,-1.604267],[103.6020017,-1.6039677]]}},{"type":"Feature","properties":{"segmentId":"osm-gaul2-18003-5715948231-7591804166-0","regionId":"gaul2-18003","province":"Jambi","region":"Kota Jambi","roadName":"Jalan Profesor M. Yamin SH","highway":"trunk","lengthMeters":243.65,"osmWayIds":["362262792"],"u":"5715948231","v":"7591804166","key":0,"oneway":true,"source":"OpenStreetMap"},"geometry":{"type":"LineString","coordinates":[[103.6048269,-1.6070856],[103.6050321,-1.6067924],[103.6050854,-1.6066866],[103.6051194,-1.6065888],[103.6051338,-1.6064649],[103.6051282,-1.6063256],[103.6051089,-1.6061824],[103.6050859,-1.6060462],[103.6049252,-1.6053794],[103.6048448,-1.6051458],[103.6047928,-1.6050248]]}},{"type":"Feature","properties":{"segmentId":"osm-gaul2-18003-5715948257-3444341417-0","regionId":"gaul2-18003","province":"Jambi","region":"Kota Jambi","roadName":"Unnamed OSM road","highway":"tertiary","lengthMeters":39.855,"osmWayIds":["601384611"],"u":"5715948257","v":"3444341417","key":0,"oneway":false,"source":"OpenStreetMap"},"geometry":{"type":"LineString","coordinates":[[103.5943075,-1.6128656],[103.5943383,-1.6132227]]}},{"type":"Feature","properties":{"segmentId":"osm-gaul2-18003-5715948257-5715948273-0","regionId":"gaul2-18003","province":"Jambi","region":"Kota Jambi","roadName":"Unnamed OSM road","highway":"tertiary","lengthMeters":24.511,"osmWayIds":["601384610"],"u":"5715948257","v":"5715948273","key":0,"oneway":false,"source":"OpenStreetMap"},"geometry":{"type":"LineString","coordinates":[[103.5943075,-1.6128656],[103.5944385,-1.6129142],[103.5945182,-1.6129274]]}},{"type":"Feature","properties":{"segmentId":"osm-gaul2-18003-5715948257-7645474173-0","regionId":"gaul2-18003","province":"Jambi","region":"Kota Jambi","roadName":"Unnamed OSM road","highway":"tertiary","lengthMeters":4.373,"osmWayIds":["601384611"],"u":"5715948257","v":"7645474173","key":0,"oneway":false,"source":"OpenStreetMap"},"geometry":{"type":"LineString","coordinates":[[103.5943075,-1.6128656],[103.594299,-1.6128272]]}},{"type":"Feature","properties":{"segmentId":"osm-gaul2-18003-5715948265-7730919120-0","regionId":"gaul2-18003","province":"Jambi","region":"Kota Jambi","roadName":"Jalan Haji Oemar Said Cokroaminoto","highway":"secondary","lengthMeters":275.863,"osmWayIds":["601384606","601384607"],"u":"5715948265","v":"7730919120","key":0,"oneway":true,"source":"OpenStreetMap"},"geometry":{"type":"LineString","coordinates":[[103.5980825,-1.6178674],[103.5982807,-1.6177639],[103.5983437,-1.6177344],[103.5985234,-1.6176928],[103.5986143,-1.6176835],[103.5987266,-1.6176868],[103.5995045,-1.6177465],[103.6000617,-1.6178128],[103.6001184,-1.6178201],[103.6002085,-1.6178316],[103.6005156,-1.6178819]]}},{"type":"Feature","properties":{"segmentId":"osm-gaul2-18003-5715948265-7742355452-0","regionId":"gaul2-18003","province":"Jambi","region":"Kota Jambi","roadName":"Jalan Mayor Haji Zainul Rivai","highway":"tertiary","lengthMeters":746.106,"osmWayIds":["601384614"],"u":"5715948265","v":"7742355452","key":0,"oneway":false,"source":"OpenStreetMap"},"geometry":{"type":"LineString","coordinates":[[103.5980825,-1.6178674],[103.5980147,-1.6176626],[103.5978475,-1.6172618],[103.5976373,-1.6165826],[103.5975877,-1.6163863],[103.5975535,-1.6161813],[103.5975183,-1.6158773],[103.5974981,-1.6156797],[103.5974888,-1.6155456],[103.5974557,-1.6151424],[103.5974379,-1.6149477],[103.5974356,-1.6148764],[103.5974183,-1.614696],[103.5973909,-1.6146273],[103.5972943,-1.614518],[103.5970066,-1.6141651],[103.5967652,-1.6139412],[103.5967388,-1.6139196],[103.5966925,-1.6138818],[103.5965071,-1.6137878],[103.5963636,-1.6137187],[103.5963341,-1.6136962],[103.5962932,-1.6136564],[103.5962519,-1.6135745],[103.5962311,-1.6135286],[103.5962114,-1.6135059],[103.5961815,-1.6134764],[103.5961626,-1.6134658],[103.5961241,-1.613452],[103.5956812,-1.6132937],[103.5946448,-1.612972],[103.5945905,-1.6129581]]}},{"type":"Feature","properties":{"segmentId":"osm-gaul2-18003-5715948273-13132795383-0","regionId":"gaul2-18003","province":"Jambi","region":"Kota Jambi","roadName":"Jalan Soemantri Brodjonegoro","highway":"primary","lengthMeters":189.611,"osmWayIds":["829501260"],"u":"5715948273","v":"13132795383","key":0,"oneway":true,"source":"OpenStreetMap"},"geometry":{"type":"LineString","coordinates":[[103.5945182,-1.6129274],[103.5945605,-1.6128487],[103.5946302,-1.6127401],[103.5948233,-1.6124559],[103.5949615,-1.6122843],[103.5950118,-1.6122374],[103.5955152,-1.6116036],[103.5955432,-1.6115684]]}},{"type":"Feature","properties":{"segmentId":"osm-gaul2-18003-5715948273-5715948257-0","regionId":"gaul2-18003","province":"Jambi","region":"Kota Jambi","roadName":"Unnamed OSM road","highway":"tertiary","lengthMeters":24.511,"osmWayIds":["601384610"],"u":"5715948273","v":"5715948257","key":0,"oneway":false,"source":"OpenStreetMap"},"geometry":{"type":"LineString","coordinates":[[103.5945182,-1.6129274],[103.5944385,-1.6129142],[103.5943075,-1.6128656]]}},{"type":"Feature","properties":{"segmentId":"osm-gaul2-18003-5715948273-7742355452-0","regionId":"gaul2-18003","province":"Jambi","region":"Kota Jambi","roadName":"Unnamed OSM road","highway":"tertiary","lengthMeters":8.731,"osmWayIds":["1046391873"],"u":"5715948273","v":"7742355452","key":0,"oneway":false,"source":"OpenStreetMap"},"geometry":{"type":"LineString","coordinates":[[103.5945182,-1.6129274],[103.5945905,-1.6129581]]}},{"type":"Feature","properties":{"segmentId":"osm-gaul2-18003-5715948433-10216509845-0","regionId":"gaul2-18003","province":"Jambi","region":"Kota Jambi","roadName":"Unnamed OSM road","highway":"primary_link","lengthMeters":5.872,"osmWayIds":["1117073843"],"u":"5715948433","v":"10216509845","key":0,"oneway":false,"source":"OpenStreetMap"},"geometry":{"type":"LineString","coordinates":[[103.6022586,-1.6036131],[103.6022961,-1.6036503]]}},{"type":"Feature","properties":{"segmentId":"osm-gaul2-18003-5715948433-3666011688-0","regionId":"gaul2-18003","province":"Jambi","region":"Kota Jambi","roadName":"Jalan Soemantri Brodjonegoro","highway":"primary","lengthMeters":234.436,"osmWayIds":["1117073830","668389000"],"u":"5715948433","v":"3666011688","key":0,"oneway":true,"source":"OpenStreetMap"},"geometry":{"type":"LineString","coordinates":[[103.6022586,-1.6036131],[103.6025835,-1.6032605],[103.6028697,-1.6029282],[103.6030684,-1.602674],[103.6032498,-1.6024521],[103.603362,-1.6023398],[103.60355,-1.6022165],[103.6037379,-1.6021544]]}},{"type":"Feature","properties":{"segmentId":"osm-gaul2-18003-5715948433-5143621018-0","regionId":"gaul2-18003","province":"Jambi","region":"Kota Jambi","roadName":"Jalan Empu Gandring","highway":"tertiary","lengthMeters":858.965,"osmWayIds":["529527873","601384646"],"u":"5715948433","v":"5143621018","key":0,"oneway":false,"source":"OpenStreetMap"},"geometry":{"type":"LineString","coordinates":[[103.6022586,-1.6036131],[103.602009,-1.6034123],[103.6016573,-1.6030815],[103.6015338,-1.6029553],[103.601443,-1.6028348],[103.6012432,-1.6025088],[103.6012192,-1.6024853],[103.6011828,-1.6024693],[103.6011531,-1.6024773],[103.6011279,-1.6024914],[103.6006182,-1.6030189],[103.6003808,-1.6029679],[103.6001153,-1.6028768],[103.5999846,-1.60284],[103.5999349,-1.6028393],[103.5998994,-1.60285],[103.5998008,-1.602907],[103.5997318,-1.6029207],[103.5996915,-1.602919],[103.5996164,-1.6029043],[103.5992275,-1.602787],[103.5991397,-1.602783],[103.5990686,-1.6027837],[103.5989955,-1.6027964],[103.5989318,-1.6028232],[103.5987903,-1.6029023],[103.5982377,-1.6031589],[103.5978616,-1.6033469],[103.5977161,-1.6034124],[103.5970583,-1.6036315],[103.5968792,-1.6037187],[103.596748,-1.6037899],[103.5967384,-1.6037951],[103.5966311,-1.6038682],[103.5965922,-1.6038997],[103.5965379,-1.6039647],[103.5962543,-1.6043682],[103.5961651,-1.6044956],[103.5960531,-1.6046913],[103.5960196,-1.6047268]]}},{"type":"Feature","properties":{"segmentId":"osm-gaul2-18003-5722942168-5722942169-0","regionId":"gaul2-18003","province":"Jambi","region":"Kota Jambi","roadName":"Jalan Muchtar","highway":"tertiary","lengthMeters":1123.777,"osmWayIds":["1201889892","602562210","689827044"],"u":"5722942168","v":"5722942169","key":0,"oneway":false,"source":"OpenStreetMap"},"geometry":{"type":"LineString","coordinates":[[103.564184,-1.616932],[103.563898,-1.6165136],[103.5637433,-1.6162709],[103.5636842,-1.6161545],[103.5636538,-1.6160231],[103.5636237,-1.6157048],[103.5635708,-1.6152451],[103.5635229,-1.6151425],[103.563384,-1.615105],[103.563212,-1.6150936],[103.5629611,-1.6150442],[103.5628849,-1.6150108],[103.5627404,-1.6146004],[103.5626368,-1.614245],[103.5625377,-1.6137188],[103.5624652,-1.6132213],[103.5623555,-1.6130422],[103.5619454,-1.6125001],[103.5617825,-1.6122449],[103.5616527,-1.6120752],[103.5615582,-1.6119465],[103.5614776,-1.6118919],[103.5613919,-1.6118533],[103.56145,-1.611631],[103.5614979,-1.6113704],[103.5615342,-1.6110364],[103.5615673,-1.6108781],[103.561667,-1.610439],[103.5616733,-1.6104111],[103.5617928,-1.6099373],[103.5618782,-1.6095444],[103.5619352,-1.6093826],[103.5621003,-1.609091],[103.5624489,-1.6086104],[103.5625377,-1.6084407],[103.5626357,-1.6082197]]}},{"type":"Feature","properties":{"segmentId":"osm-gaul2-18003-5722942168-6471674413-0","regionId":"gaul2-18003","province":"Jambi","region":"Kota Jambi","roadName":"Unnamed OSM road","highway":"primary","lengthMeters":51.056,"osmWayIds":["1017786155"],"u":"5722942168","v":"6471674413","key":0,"oneway":true,"source":"OpenStreetMap"},"geometry":{"type":"LineString","coordinates":[[103.564184,-1.616932],[103.5645905,-1.6167182]]}},{"type":"Feature","properties":{"segmentId":"osm-gaul2-18003-5722942169-4272176886-0","regionId":"gaul2-18003","province":"Jambi","region":"Kota Jambi","roadName":"Jalan Yulius Usman","highway":"tertiary","lengthMeters":1704.102,"osmWayIds":["602562294","602562315","602562323"],"u":"5722942169","v":"4272176886","key":0,"oneway":false,"source":"OpenStreetMap"},"geometry":{"type":"LineString","coordinates":[[103.5626357,-1.6082197],[103.5621118,-1.6081247],[103.5620253,-1.608099],[103.5619542,-1.6080427],[103.5618945,-1.6079652],[103.5614044,-1.607165],[103.56123,-1.6065912],[103.5611428,-1.6064769],[103.5610503,-1.6063724],[103.5607836,-1.6060829],[103.5605943,-1.6058469],[103.5604669,-1.6056632],[103.5604287,-1.6055915],[103.5604049,-1.6055209],[103.5603867,-1.6053901],[103.5603679,-1.6051512],[103.5603696,-1.6049963],[103.5603533,-1.6048051],[103.5603465,-1.604408],[103.5612421,-1.6044048],[103.5615854,-1.6044419],[103.5620467,-1.6045586],[103.5622305,-1.6046296],[103.5625557,-1.6047784],[103.5626616,-1.6048032],[103.562728,-1.6048139],[103.5628011,-1.6048173],[103.5628889,-1.6048166],[103.5629855,-1.6048113],[103.5632598,-1.6047529],[103.5634502,-1.6047342],[103.5637399,-1.6047442],[103.5639209,-1.6047563],[103.5639907,-1.6047573],[103.5640557,-1.6047509],[103.5643306,-1.604696],[103.5644379,-1.6046886],[103.5645368,-1.6046893],[103.5645915,-1.6046933],[103.5647008,-1.604698],[103.5647893,-1.604694],[103.5648724,-1.6046725],[103.5656954,-1.604089],[103.5661706,-1.6037113],[103.5663034,-1.6035907],[103.5665656,-1.6033151],[103.5666548,-1.6031778],[103.5667151,-1.6030156],[103.5668761,-1.6025571],[103.566982,-1.6022756],[103.5670477,-1.6021616],[103.5671188,-1.6020946],[103.5672033,-1.6020275],[103.5673401,-1.6019645],[103.5677491,-1.6018318],[103.5680576,-1.6017259],[103.5681877,-1.6016642],[103.5682628,-1.6016146],[103.5683326,-1.6015584],[103.5683701,-1.6014967],[103.5684821,-1.601246],[103.5687321,-1.6006106]]}},{"type":"Feature","properties":{"segmentId":"osm-gaul2-18003-5722942169-5722942168-0","regionId":"gaul2-18003","province":"Jambi","region":"Kota Jambi","roadName":"Jalan Muchtar","highway":"tertiary","lengthMeters":1123.777,"osmWayIds":["1201889892","602562210","689827044"],"u":"5722942169","v":"5722942168","key":0,"oneway":false,"source":"OpenStreetMap"},"geometry":{"type":"LineString","coordinates":[[103.5626357,-1.6082197],[103.5625377,-1.6084407],[103.5624489,-1.6086104],[103.5621003,-1.609091],[103.5619352,-1.6093826],[103.5618782,-1.6095444],[103.5617928,-1.6099373],[103.5616733,-1.6104111],[103.561667,-1.610439],[103.5615673,-1.6108781],[103.5615342,-1.6110364],[103.5614979,-1.6113704],[103.56145,-1.611631],[103.5613919,-1.6118533],[103.5614776,-1.6118919],[103.5615582,-1.6119465],[103.5616527,-1.6120752],[103.5617825,-1.6122449],[103.5619454,-1.6125001],[103.5623555,-1.6130422],[103.5624652,-1.6132213],[103.5625377,-1.6137188],[103.5626368,-1.614245],[103.5627404,-1.6146004],[103.5628849,-1.6150108],[103.5629611,-1.6150442],[103.563212,-1.6150936],[103.563384,-1.615105],[103.5635229,-1.6151425],[103.5635708,-1.6152451],[103.5636237,-1.6157048],[103.5636538,-1.6160231],[103.5636842,-1.6161545],[103.5637433,-1.6162709],[103.563898,-1.6165136],[103.564184,-1.616932]]}},{"type":"Feature","properties":{"segmentId":"osm-gaul2-18003-5722942169-5722942519-0","regionId":"gaul2-18003","province":"Jambi","region":"Kota Jambi","roadName":"Unnamed OSM road","highway":"tertiary","lengthMeters":160.389,"osmWayIds":["602562323"],"u":"5722942169","v":"5722942519","key":0,"oneway":false,"source":"OpenStreetMap"},"geometry":{"type":"LineString","coordinates":[[103.5626357,-1.6082197],[103.5628149,-1.6082219],[103.5629585,-1.608199],[103.5640651,-1.6080374]]}},{"type":"Feature","properties":{"segmentId":"osm-gaul2-18003-5722942361-5143620924-0","regionId":"gaul2-18003","province":"Jambi","region":"Kota Jambi","roadName":"Jalan Sultan Agung","highway":"trunk","lengthMeters":329.683,"osmWayIds":["602562241"],"u":"5722942361","v":"5143620924","key":0,"oneway":false,"source":"OpenStreetMap"},"geometry":{"type":"LineString","coordinates":[[103.6044292,-1.6019103],[103.6047848,-1.6016473],[103.6048856,-1.6015717],[103.6050742,-1.6014272],[103.6053282,-1.6012286],[103.6054844,-1.6010941],[103.6057788,-1.6008893],[103.6058937,-1.6007683],[103.6061738,-1.6004657],[103.6062345,-1.6003895],[103.6062589,-1.6003505],[103.6063474,-1.6002379],[103.6065023,-1.5999826],[103.6065123,-1.599962],[103.6065543,-1.599888]]}},{"type":"Feature","properties":{"segmentId":"osm-gaul2-18003-5722942361-6135348035-0","regionId":"gaul2-18003","province":"Jambi","region":"Kota Jambi","roadName":"Jalan Sultan Agung","highway":"trunk","lengthMeters":72.395,"osmWayIds":["654749085"],"u":"5722942361","v":"6135348035","key":0,"oneway":true,"source":"OpenStreetMap"},"geometry":{"type":"LineString","coordinates":[[103.6044292,-1.6019103],[103.604383,-1.6019869],[103.6042191,-1.6020946],[103.6040485,-1.6021733],[103.603877,-1.6022202]]}},{"type":"Feature","properties":{"segmentId":"osm-gaul2-18003-5722942376-10876815643-0","regionId":"gaul2-18003","province":"Jambi","region":"Kota Jambi","roadName":"Jalan Soemantri Brodjonegoro","highway":"primary","lengthMeters":362.328,"osmWayIds":["1117073841","1117073847","1117073848"],"u":"5722942376","v":"10876815643","key":0,"oneway":true,"source":"OpenStreetMap"},"geometry":{"type":"LineString","coordinates":[[103.598366,-1.6081459],[103.5986766,-1.6077562],[103.5987583,-1.6076585],[103.5989784,-1.6073784],[103.5991284,-1.6072062],[103.599272,-1.6070325],[103.5993799,-1.6068889],[103.5995064,-1.6067438],[103.5998689,-1.6063095],[103.6001184,-1.6059917],[103.6004205,-1.6056168]]}},{"type":"Feature","properties":{"segmentId":"osm-gaul2-18003-5722942376-5143621018-0","regionId":"gaul2-18003","province":"Jambi","region":"Kota Jambi","roadName":"Jalan Empu Sendok","highway":"tertiary","lengthMeters":467.101,"osmWayIds":["556221041"],"u":"5722942376","v":"5143621018","key":0,"oneway":false,"source":"OpenStreetMap"},"geometry":{"type":"LineString","coordinates":[[103.598366,-1.6081459],[103.5982401,-1.6079877],[103.5980495,-1.6077092],[103.5980138,-1.6075914],[103.5979831,-1.6075224],[103.597727,-1.6071431],[103.5974583,-1.6067946],[103.5972266,-1.6064615],[103.5970878,-1.6062108],[103.5969684,-1.606003],[103.5967404,-1.6055037],[103.5967056,-1.6053803],[103.5966915,-1.6053415],[103.5966673,-1.6052959],[103.5965662,-1.6051907],[103.5963589,-1.6050023],[103.5961537,-1.6048441],[103.5960196,-1.6047268]]}},{"type":"Feature","properties":{"segmentId":"osm-gaul2-18003-5722942519-4271726093-0","regionId":"gaul2-18003","province":"Jambi","region":"Kota Jambi","roadName":"Unnamed OSM road","highway":"tertiary","lengthMeters":960.593,"osmWayIds":["602562299","602562311","602562321","602562323"],"u":"5722942519","v":"4271726093","key":0,"oneway":false,"source":"OpenStreetMap"},"geometry":{"type":"LineString","coordinates":[[103.5640651,-1.6080374],[103.5641013,-1.6080481],[103.5641494,-1.6080882],[103.5642185,-1.6082941],[103.5642352,-1.6084545],[103.5642257,-1.6087624],[103.5642356,-1.608998],[103.5642579,-1.6090686],[103.5643172,-1.6091433],[103.5646808,-1.6094266],[103.5647464,-1.6094731],[103.5648203,-1.6095338],[103.5654386,-1.6099177],[103.5660097,-1.6102389],[103.5663066,-1.6104163],[103.566598,-1.6105879],[103.5669243,-1.6107815],[103.5674573,-1.6111715],[103.5680911,-1.6103496],[103.5681233,-1.6102989],[103.5681367,-1.6102506],[103.5680875,-1.6100976],[103.5682564,-1.6097684],[103.5686175,-1.6086895],[103.5686622,-1.6085561],[103.5687932,-1.6078207]]}},{"type":"Feature","properties":{"segmentId":"osm-gaul2-18003-5722942519-4271726093-1","regionId":"gaul2-18003","province":"Jambi","region":"Kota Jambi","roadName":"Unnamed OSM road","highway":"tertiary","lengthMeters":728.115,"osmWayIds":["602562282","658660868"],"u":"5722942519","v":"4271726093","key":1,"oneway":false,"source":"OpenStreetMap"},"geometry":{"type":"LineString","coordinates":[[103.5640651,-1.6080374],[103.5640902,-1.6079737],[103.5640503,-1.6076456],[103.5639797,-1.6073552],[103.5639751,-1.6072481],[103.5639876,-1.6071582],[103.5640275,-1.6070727],[103.5647759,-1.6066539],[103.5652238,-1.6063777],[103.5653418,-1.6063094],[103.5653914,-1.6062812],[103.5654652,-1.6062571],[103.5655403,-1.6062463],[103.5656476,-1.6062611],[103.5658407,-1.6063174],[103.5659695,-1.6063831],[103.5660808,-1.6064541],[103.5662363,-1.6066123],[103.5662954,-1.6066673],[103.5663517,-1.6066995],[103.5664254,-1.6067142],[103.5665105,-1.606706],[103.5665846,-1.6066889],[103.5666654,-1.6066969],[103.5667531,-1.6067356],[103.5668511,-1.6068461],[103.5670028,-1.6070136],[103.5671265,-1.6071395],[103.567424,-1.6074423],[103.5676346,-1.6076411],[103.5678805,-1.60778],[103.568002,-1.6077982],[103.5683945,-1.6077947],[103.5687932,-1.6078207]]}},{"type":"Feature","properties":{"segmentId":"osm-gaul2-18003-5722942519-5722942169-0","regionId":"gaul2-18003","province":"Jambi","region":"Kota Jambi","roadName":"Unnamed OSM road","highway":"tertiary","lengthMeters":160.389,"osmWayIds":["602562323"],"u":"5722942519","v":"5722942169","key":0,"oneway":false,"source":"OpenStreetMap"},"geometry":{"type":"LineString","coordinates":[[103.5640651,-1.6080374],[103.5629585,-1.608199],[103.5628149,-1.6082219],[103.5626357,-1.6082197]]}},{"type":"Feature","properties":{"segmentId":"osm-gaul2-18003-5722942822-4271528992-0","regionId":"gaul2-18003","province":"Jambi","region":"Kota Jambi","roadName":"Jalan HA Kasih","highway":"tertiary","lengthMeters":2366.176,"osmWayIds":["1046773706","1203849365","602562355","602562356"],"u":"5722942822","v":"4271528992","key":0,"oneway":false,"source":"OpenStreetMap"},"geometry":{"type":"LineString","coordinates":[[103.5697158,-1.6183401],[103.5691629,-1.6192001],[103.5685841,-1.6200785],[103.5685316,-1.6201276],[103.5684572,-1.6201575],[103.5681728,-1.6201869],[103.567735,-1.6202471],[103.5663231,-1.6204244],[103.5660731,-1.6204487],[103.5660262,-1.6204758],[103.5660084,-1.6205302],[103.565999,-1.620762],[103.5659842,-1.6207996],[103.5659534,-1.6208278],[103.5658343,-1.6208667],[103.5657986,-1.6209404],[103.5657672,-1.6212796],[103.56572,-1.6221156],[103.5656777,-1.6227371],[103.5656772,-1.622873],[103.5656902,-1.6231408],[103.5656993,-1.6233825],[103.5657335,-1.6237824],[103.5657658,-1.623965],[103.5657893,-1.6240428],[103.5658855,-1.624293],[103.5659031,-1.6243835],[103.5659295,-1.6246071],[103.5659616,-1.6247338],[103.5659908,-1.6247898],[103.5660305,-1.624824],[103.5667098,-1.6250903],[103.566775,-1.6251365],[103.5668734,-1.6252449],[103.5668941,-1.6252732],[103.5669431,-1.6253401],[103.5670659,-1.6256332],[103.5671121,-1.6257785],[103.5671723,-1.6259439],[103.5672033,-1.6260292],[103.5673723,-1.6262785],[103.5674278,-1.6263452],[103.5674953,-1.6265106],[103.567634,-1.6269237],[103.5678067,-1.6274653],[103.5677016,-1.6277882],[103.5676821,-1.6278376],[103.5676646,-1.6279515],[103.567666,-1.628036],[103.5676898,-1.6281164],[103.5678591,-1.6284113],[103.5678577,-1.6285441],[103.5678036,-1.6286903],[103.5673803,-1.6293665],[103.5673796,-1.6294181],[103.5673962,-1.6294623],[103.5675705,-1.6296512],[103.5677129,-1.6295883],[103.5681286,-1.6294637],[103.5683084,-1.6294382],[103.5684317,-1.6294704],[103.5686211,-1.629565],[103.5689108,-1.6297098],[103.5690352,-1.6297854],[103.5692927,-1.6300374],[103.5693427,-1.6300999],[103.5694215,-1.6301983],[103.5695247,-1.6302613],[103.5696032,-1.630278],[103.5696874,-1.630281],[103.5703593,-1.6300349],[103.5706204,-1.629953],[103.5707743,-1.6298987],[103.5708177,-1.6298987],[103.5708391,-1.6299489],[103.5708913,-1.6302472],[103.5709034,-1.6305536],[103.5709624,-1.6308109],[103.571063,-1.6310067],[103.5712024,-1.6312815],[103.571454,-1.6317926],[103.5715066,-1.6319335],[103.5716405,-1.6323431]]}},{"type":"Feature","properties":{"segmentId":"osm-gaul2-18003-5722942822-6471675141-0","regionId":"gaul2-18003","province":"Jambi","region":"Kota Jambi","roadName":"Unnamed OSM road","highway":"primary","lengthMeters":74.994,"osmWayIds":["1330541773"],"u":"5722942822","v":"6471675141","key":0,"oneway":true,"source":"OpenStreetMap"},"geometry":{"type":"LineString","coordinates":[[103.5697158,-1.6183401],[103.5692145,-1.6178887]]}},{"type":"Feature","properties":{"segmentId":"osm-gaul2-18003-5722943058-2853572931-0","regionId":"gaul2-18003","province":"Jambi","region":"Kota Jambi","roadName":"Unnamed OSM road","highway":"secondary","lengthMeters":9.992,"osmWayIds":["602562377"],"u":"5722943058","v":"2853572931","key":0,"oneway":false,"source":"OpenStreetMap"},"geometry":{"type":"LineString","coordinates":[[103.5848708,-1.6207745],[103.5848536,-1.6208627]]}},{"type":"Feature","properties":{"segmentId":"osm-gaul2-18003-5722943058-5462703340-0","regionId":"gaul2-18003","province":"Jambi","region":"Kota Jambi","roadName":"Jalan Kapten Pattimura","highway":"primary","lengthMeters":376.094,"osmWayIds":["561667336"],"u":"5722943058","v":"5462703340","key":0,"oneway":true,"source":"OpenStreetMap"},"geometry":{"type":"LineString","coordinates":[[103.5848708,-1.6207745],[103.5850582,-1.620809],[103.5851994,-1.62083],[103.5856349,-1.6209152],[103.5858513,-1.6209292],[103.5865512,-1.620867],[103.5868711,-1.6208413],[103.5879706,-1.6208226],[103.5881222,-1.6207929],[103.5882266,-1.6207524]]}},{"type":"Feature","properties":{"segmentId":"osm-gaul2-18003-5722943080-3444362556-0","regionId":"gaul2-18003","province":"Jambi","region":"Kota Jambi","roadName":"Unnamed OSM road","highway":"primary_link","lengthMeters":9.242,"osmWayIds":["659878322"],"u":"5722943080","v":"3444362556","key":0,"oneway":false,"source":"OpenStreetMap"},"geometry":{"type":"LineString","coordinates":[[103.5666608,-1.616042],[103.5666744,-1.61596]]}},{"type":"Feature","properties":{"segmentId":"osm-gaul2-18003-5722943080-6471674414-0","regionId":"gaul2-18003","province":"Jambi","region":"Kota Jambi","roadName":"Unnamed OSM road","highway":"primary","lengthMeters":244.751,"osmWayIds":["1017786156"],"u":"5722943080","v":"6471674414","key":0,"oneway":true,"source":"OpenStreetMap"},"geometry":{"type":"LineString","coordinates":[[103.5666608,-1.616042],[103.5665307,-1.6160353],[103.566291,-1.6160379],[103.5660996,-1.616063],[103.5659177,-1.6161175],[103.5653331,-1.6164242],[103.5650494,-1.616573],[103.56492,-1.6166444],[103.5646338,-1.6167889]]}},{"type":"Feature","properties":{"segmentId":"osm-gaul2-18003-5722943112-5462703348-0","regionId":"gaul2-18003","province":"Jambi","region":"Kota Jambi","roadName":"Jalan Arif Rahman Hakim","highway":"secondary","lengthMeters":10.78,"osmWayIds":["1017787288"],"u":"5722943112","v":"5462703348","key":0,"oneway":true,"source":"OpenStreetMap"},"geometry":{"type":"LineString","coordinates":[[103.575847,-1.6200935],[103.5758904,-1.6201802]]}},{"type":"Feature","properties":{"segmentId":"osm-gaul2-18003-5722943112-6471674409-0","regionId":"gaul2-18003","province":"Jambi","region":"Kota Jambi","roadName":"Jalan Kapten Pattimura","highway":"primary","lengthMeters":317.504,"osmWayIds":["1285508606"],"u":"5722943112","v":"6471674409","key":0,"oneway":true,"source":"OpenStreetMap"},"geometry":{"type":"LineString","coordinates":[[103.575847,-1.6200935],[103.5760887,-1.6200183],[103.5770722,-1.6197565],[103.5777911,-1.6195652],[103.5785935,-1.6193112]]}},{"type":"Feature","properties":{"segmentId":"osm-gaul2-18003-5723003702-4271535400-0","regionId":"gaul2-18003","province":"Jambi","region":"Kota Jambi","roadName":"Jalan Mayjen Sutoyo","highway":"tertiary","lengthMeters":454.633,"osmWayIds":["427998736"],"u":"5723003702","v":"4271535400","key":0,"oneway":false,"source":"OpenStreetMap"},"geometry":{"type":"LineString","coordinates":[[103.5781483,-1.5997935],[103.5779776,-1.5999304],[103.577779,-1.6001487],[103.5777124,-1.6002611],[103.5776807,-1.6003467],[103.5776872,-1.6004464],[103.5777959,-1.6008589],[103.5778119,-1.6009752],[103.5778233,-1.6011868],[103.5778385,-1.6016165],[103.5778618,-1.6018474],[103.577963,-1.6024824],[103.5780195,-1.6030706],[103.5780137,-1.6036717]]}},{"type":"Feature","properties":{"segmentId":"osm-gaul2-18003-5723003702-4271537358-0","regionId":"gaul2-18003","province":"Jambi","region":"Kota Jambi","roadName":"Unnamed OSM road","highway":"secondary","lengthMeters":728.022,"osmWayIds":["1020171586","1101369753"],"u":"5723003702","v":"4271537358","key":0,"oneway":false,"source":"OpenStreetMap"},"geometry":{"type":"LineString","coordinates":[[103.5781483,-1.5997935],[103.578275,-1.5997572],[103.578461,-1.599734],[103.5785879,-1.5997463],[103.5787115,-1.5998139],[103.5793273,-1.6003334],[103.5795077,-1.6004656],[103.5796973,-1.6005848],[103.5799157,-1.6006645],[103.5800636,-1.6006956],[103.5803577,-1.6007175],[103.5806057,-1.6007649],[103.5807756,-1.6008468],[103.5808173,-1.6008989],[103.5808519,-1.6009438],[103.5808943,-1.601015],[103.5808796,-1.6012102],[103.5808346,-1.6014347],[103.5807719,-1.6016101],[103.5807411,-1.6017294],[103.580754,-1.6018992],[103.5807521,-1.6021664],[103.5807338,-1.6023866],[103.5807156,-1.6025488],[103.5806563,-1.6028315],[103.5805278,-1.6033004],[103.5803834,-1.6037557],[103.5801819,-1.604292]]}},{"type":"Feature","properties":{"segmentId":"osm-gaul2-18003-5723003702-4271540240-0","regionId":"gaul2-18003","province":"Jambi","region":"Kota Jambi","roadName":"Jalan Siwabessy","highway":"secondary","lengthMeters":842.098,"osmWayIds":["602562395","816055973","816055974"],"u":"5723003702","v":"4271540240","key":0,"oneway":false,"source":"OpenStreetMap"},"geometry":{"type":"LineString","coordinates":[[103.5781483,-1.5997935],[103.5777122,-1.5994885],[103.5774547,-1.5992928],[103.5771154,-1.5990354],[103.5767895,-1.5987659],[103.5765333,-1.5985782],[103.5760774,-1.5982672],[103.575785,-1.5980903],[103.5755785,-1.5979991],[103.5755248,-1.5979847],[103.5753972,-1.5979505],[103.5752067,-1.5979159],[103.5750579,-1.5979003],[103.5746221,-1.5978821],[103.5744432,-1.5978748],[103.5743442,-1.5978707],[103.5742441,-1.5978665],[103.5738384,-1.5978516],[103.573758,-1.5978203],[103.5737074,-1.5977003],[103.5736721,-1.5975708],[103.5736419,-1.5973972],[103.5735926,-1.5970613],[103.5735138,-1.596556],[103.5734626,-1.5962792],[103.5734637,-1.5962389],[103.5734662,-1.5961491],[103.5734837,-1.5960124],[103.5736245,-1.595271]]}},{"type":"Feature","properties":{"segmentId":"osm-gaul2-18003-5741306306-3015893665-0","regionId":"gaul2-18003","province":"Jambi","region":"Kota Jambi","roadName":"Jalan Raden Mattaher","highway":"primary","lengthMeters":8.508,"osmWayIds":["1257310580"],"u":"5741306306","v":"3015893665","key":0,"oneway":true,"source":"OpenStreetMap"},"geometry":{"type":"LineString","coordinates":[[103.6150882,-1.5938794],[103.615026,-1.5938348]]}},{"type":"Feature","properties":{"segmentId":"osm-gaul2-18003-5741306306-6136251419-0","regionId":"gaul2-18003","province":"Jambi","region":"Kota Jambi","roadName":"Jalan Haji Abdulrahman Saleh","highway":"trunk","lengthMeters":1037.29,"osmWayIds":["1287257718","1287257719","1287257720","605301695"],"u":"5741306306","v":"6136251419","key":0,"oneway":true,"source":"OpenStreetMap"},"geometry":{"type":"LineString","coordinates":[[103.6150882,-1.5938794],[103.6150378,-1.5939887],[103.6148881,-1.594351],[103.6148408,-1.5945364],[103.6148185,-1.5948326],[103.6148024,-1.5954127],[103.6148012,-1.5956598],[103.6148009,-1.5957745],[103.6147921,-1.5961733],[103.6147997,-1.596317],[103.6148234,-1.5964316],[103.6149742,-1.5968919],[103.6152356,-1.5974637],[103.6153637,-1.5977819],[103.6154879,-1.598083],[103.6157633,-1.5986386],[103.6159243,-1.5989869],[103.6160479,-1.5992203],[103.6161404,-1.5993641],[103.6162234,-1.5994885],[103.6163171,-1.5995627],[103.6164044,-1.5996477],[103.6168805,-1.6000824],[103.6170785,-1.6002562],[103.6173763,-1.6005176],[103.6175084,-1.6006262],[103.6176763,-1.600782],[103.6178218,-1.6009231],[103.6179051,-1.6010208],[103.6179823,-1.6011374],[103.6180338,-1.6012272],[103.6180874,-1.6013485],[103.6182109,-1.6017916],[103.6182824,-1.6020244]]}},{"type":"Feature","properties":{"segmentId":"osm-gaul2-18003-5984289789-5126813621-0","regionId":"gaul2-18003","province":"Jambi","region":"Kota Jambi","roadName":"Jalan Raden Pemuk","highway":"trunk","lengthMeters":161.895,"osmWayIds":["809843815"],"u":"5984289789","v":"5126813621","key":0,"oneway":true,"source":"OpenStreetMap"},"geometry":{"type":"LineString","coordinates":[[103.618414,-1.5874982],[103.6181849,-1.5877113],[103.617945,-1.5879603],[103.6176875,-1.5882275],[103.6175354,-1.5883896],[103.6173948,-1.5885377]]}},{"type":"Feature","properties":{"segmentId":"osm-gaul2-18003-5984289789-5984289790-0","regionId":"gaul2-18003","province":"Jambi","region":"Kota Jambi","roadName":"Unnamed OSM road","highway":"trunk_link","lengthMeters":12.536,"osmWayIds":["634034017"],"u":"5984289789","v":"5984289790","key":0,"oneway":false,"source":"OpenStreetMap"},"geometry":{"type":"LineString","coordinates":[[103.618414,-1.5874982],[103.6183477,-1.587407]]}},{"type":"Feature","properties":{"segmentId":"osm-gaul2-18003-5984289790-5984289789-0","regionId":"gaul2-18003","province":"Jambi","region":"Kota Jambi","roadName":"Unnamed OSM road","highway":"trunk_link","lengthMeters":12.536,"osmWayIds":["634034017"],"u":"5984289790","v":"5984289789","key":0,"oneway":false,"source":"OpenStreetMap"},"geometry":{"type":"LineString","coordinates":[[103.6183477,-1.587407],[103.618414,-1.5874982]]}},{"type":"Feature","properties":{"segmentId":"osm-gaul2-18003-5984289790-5984289791-0","regionId":"gaul2-18003","province":"Jambi","region":"Kota Jambi","roadName":"Jalan Raden Pemuk","highway":"trunk","lengthMeters":71.984,"osmWayIds":["634034018"],"u":"5984289790","v":"5984289791","key":0,"oneway":true,"source":"OpenStreetMap"},"geometry":{"type":"LineString","coordinates":[[103.6183477,-1.587407],[103.6185731,-1.5872389],[103.618779,-1.5870562],[103.6188619,-1.5870185]]}},{"type":"Feature","properties":{"segmentId":"osm-gaul2-18003-5984289791-5984289789-0","regionId":"gaul2-18003","province":"Jambi","region":"Kota Jambi","roadName":"Jalan Raden Pemuk","highway":"trunk","lengthMeters":73.527,"osmWayIds":["809843815"],"u":"5984289791","v":"5984289789","key":0,"oneway":true,"source":"OpenStreetMap"},"geometry":{"type":"LineString","coordinates":[[103.6188619,-1.5870185],[103.6188218,-1.5871024],[103.6187231,-1.5872037],[103.618414,-1.5874982]]}},{"type":"Feature","properties":{"segmentId":"osm-gaul2-18003-5984289791-6130723997-0","regionId":"gaul2-18003","province":"Jambi","region":"Kota Jambi","roadName":"Jalan Sultan Thaha","highway":"trunk","lengthMeters":182.778,"osmWayIds":["809843816"],"u":"5984289791","v":"6130723997","key":0,"oneway":false,"source":"OpenStreetMap"},"geometry":{"type":"LineString","coordinates":[[103.6188619,-1.5870185],[103.6192796,-1.5865951],[103.6195547,-1.5863497],[103.6197539,-1.5861637],[103.6200709,-1.5859066]]}},{"type":"Feature","properties":{"segmentId":"osm-gaul2-18003-6077420324-3506258525-0","regionId":"gaul2-18003","province":"Jambi","region":"Kota Jambi","roadName":"Jalan Kebun Daging","highway":"tertiary","lengthMeters":1752.384,"osmWayIds":["1361081116","551403114","647021343","647021346","647021348","647021349"],"u":"6077420324","v":"3506258525","key":0,"oneway":false,"source":"OpenStreetMap"},"geometry":{"type":"LineString","coordinates":[[103.5700061,-1.6397302],[103.570194,-1.639919],[103.5706886,-1.6401793],[103.5707754,-1.6402622],[103.5708938,-1.6405094],[103.5710576,-1.6407807],[103.5713375,-1.6412937],[103.5715283,-1.6416426],[103.5716826,-1.6419617],[103.5717711,-1.642144],[103.5718207,-1.6423129],[103.5718784,-1.6426226],[103.5719643,-1.6428657],[103.5720044,-1.6429792],[103.5720983,-1.6431213],[103.5722271,-1.643258],[103.572321,-1.6433881],[103.5724269,-1.6435771],[103.572675,-1.6439792],[103.5728359,-1.6442849],[103.5729942,-1.6445825],[103.573103,-1.64482],[103.5731551,-1.6449337],[103.5732194,-1.6450315],[103.5732436,-1.6450456],[103.5732859,-1.6450631],[103.5733382,-1.6450678],[103.5733898,-1.6450684],[103.5734609,-1.6450678],[103.5734957,-1.6450758],[103.5735252,-1.6450905],[103.5735574,-1.6451227],[103.5735977,-1.6452004],[103.5736204,-1.6452494],[103.573788,-1.6456117],[103.5739212,-1.6459635],[103.5741395,-1.6465169],[103.5741814,-1.6466097],[103.5742615,-1.6467823],[103.5744184,-1.6470223],[103.5751855,-1.6470008],[103.5754484,-1.6469713],[103.5757112,-1.6469097],[103.5761463,-1.6467798],[103.5766788,-1.6465902],[103.5767071,-1.6465848],[103.5770577,-1.6464217],[103.5780076,-1.6458014],[103.5783345,-1.6455879],[103.5786741,-1.6457144],[103.5789245,-1.6458077],[103.5790747,-1.6457729],[103.5792008,-1.6456791],[103.5795294,-1.6453104],[103.5803552,-1.6443402]]}},{"type":"Feature","properties":{"segmentId":"osm-gaul2-18003-6077420324-4271531553-0","regionId":"gaul2-18003","province":"Jambi","region":"Kota Jambi","roadName":"Jalan Sari Bakti","highway":"secondary","lengthMeters":910.9,"osmWayIds":["1046373943","1421320448","1421320450","1445706960","1445706961"],"u":"6077420324","v":"4271531553","key":0,"oneway":false,"source":"OpenStreetMap"},"geometry":{"type":"LineString","coordinates":[[103.5700061,-1.6397302],[103.5699317,-1.6397835],[103.5698858,-1.6398243],[103.5697563,-1.6399277],[103.569637,-1.6401033],[103.569596,-1.6402836],[103.5695849,-1.6404108],[103.5695945,-1.6405487],[103.5696175,-1.640698],[103.5697388,-1.6412037],[103.569815,-1.6417301],[103.5698671,-1.6421729],[103.5698565,-1.6425585],[103.5697849,-1.6427976],[103.5697014,-1.6429131],[103.5695905,-1.6430234],[103.569261,-1.6433895],[103.5687883,-1.643862],[103.5681674,-1.6443586],[103.5679438,-1.6445699],[103.5677949,-1.6447066],[103.5675469,-1.6449534],[103.5671874,-1.6452633],[103.5670434,-1.6453951],[103.5668623,-1.6455311],[103.5666859,-1.6456858],[103.5664907,-1.6458686],[103.5662156,-1.6461783]]}},{"type":"Feature","properties":{"segmentId":"osm-gaul2-18003-6077420324-4271531894-0","regionId":"gaul2-18003","province":"Jambi","region":"Kota Jambi","roadName":"Jalan Sari Bakti","highway":"secondary","lengthMeters":1207.973,"osmWayIds":["1421320450"],"u":"6077420324","v":"4271531894","key":0,"oneway":false,"source":"OpenStreetMap"},"geometry":{"type":"LineString","coordinates":[[103.5700061,-1.6397302],[103.5711429,-1.6387666],[103.5711696,-1.6387441],[103.5720225,-1.6381576],[103.5721814,-1.6380678],[103.5723294,-1.637994],[103.5728542,-1.637726],[103.5730736,-1.6375668],[103.5731759,-1.6374822],[103.5732612,-1.6373863],[103.5733104,-1.6372722],[103.5733718,-1.6370422],[103.5733859,-1.6369573],[103.5734193,-1.6365051],[103.5734663,-1.6363407],[103.5735339,-1.636213],[103.5739217,-1.6357121],[103.5740586,-1.6355693],[103.5743571,-1.6353675],[103.5744394,-1.6352707],[103.5744938,-1.6351745],[103.5745279,-1.6350727],[103.5745312,-1.6346476],[103.574542,-1.6344647],[103.5745765,-1.6343372],[103.5746263,-1.6342567],[103.5747006,-1.6341613],[103.5748917,-1.6339677],[103.5750755,-1.6337571],[103.5752234,-1.6335951],[103.5753113,-1.6335227],[103.5754746,-1.6334316],[103.5756151,-1.6333374],[103.575695,-1.6332484],[103.5757293,-1.6332057],[103.5757695,-1.6331256],[103.5760486,-1.6326127],[103.5762257,-1.6322033],[103.576274,-1.6320442],[103.576294,-1.6318838],[103.5762745,-1.6316214]]}},{"type":"Feature","properties":{"segmentId":"osm-gaul2-18003-6080862300-5126813448-0","regionId":"gaul2-18003","province":"Jambi","region":"Kota Jambi","roadName":"Unnamed OSM road","highway":"tertiary","lengthMeters":1582.776,"osmWayIds":["647519078","647519101","668409744"],"u":"6080862300","v":"5126813448","key":0,"oneway":false,"source":"OpenStreetMap"},"geometry":{"type":"LineString","coordinates":[[103.6338065,-1.6049017],[103.6339568,-1.6051712],[103.6340278,-1.6053106],[103.6340909,-1.6053777],[103.6341539,-1.6054326],[103.634217,-1.6054647],[103.6343993,-1.6055318],[103.6345589,-1.6056203],[103.6347145,-1.6057316],[103.6348378,-1.6058441],[103.6349236,-1.6060105],[103.6349962,-1.6061552],[103.635617,-1.6065118],[103.6357689,-1.6065889],[103.6360368,-1.6067249],[103.6360784,-1.6067343],[103.6361307,-1.6067236],[103.6362863,-1.6064065],[103.6363565,-1.6062946],[103.6364036,-1.6062255],[103.636527,-1.6059488],[103.6365656,-1.6058398],[103.6366712,-1.6055077],[103.6366857,-1.6054839],[103.6367033,-1.6054742],[103.6367213,-1.6054728],[103.6367389,-1.6054775],[103.6367724,-1.6054963],[103.6369078,-1.6056337],[103.637386,-1.6060788],[103.6376247,-1.6062852],[103.6380538,-1.6066083],[103.6380914,-1.6066459],[103.6381115,-1.6067088],[103.6381987,-1.6069032],[103.6382282,-1.6069488],[103.6382738,-1.6069783],[103.6384632,-1.6070686],[103.6384964,-1.6070869],[103.6388364,-1.6072531],[103.6388786,-1.6072739],[103.6391723,-1.607422],[103.6399233,-1.6077384],[103.6401734,-1.6078155],[103.6404162,-1.6078892],[103.6406319,-1.6079079],[103.6408017,-1.6079381],[103.6408782,-1.6079757],[103.6408862,-1.6081781],[103.6408115,-1.6085562],[103.6407736,-1.6087251],[103.6407334,-1.608961],[103.6407468,-1.6091327],[103.6408474,-1.6094276],[103.6408768,-1.6096032],[103.6408272,-1.6097908],[103.6407052,-1.6100813],[103.6405443,-1.6104209],[103.6404992,-1.6105958],[103.6404571,-1.6106904],[103.6404135,-1.6108189],[103.6403069,-1.6111327],[103.640285,-1.611197],[103.6401875,-1.611463],[103.6401111,-1.6116743],[103.639918,-1.6121248],[103.639733,-1.6124666]]}},{"type":"Feature","properties":{"segmentId":"osm-gaul2-18003-6080862300-5126813651-0","regionId":"gaul2-18003","province":"Jambi","region":"Kota Jambi","roadName":"Unnamed OSM road","highway":"tertiary","lengthMeters":553.596,"osmWayIds":["647519101"],"u":"6080862300","v":"5126813651","key":0,"oneway":false,"source":"OpenStreetMap"},"geometry":{"type":"LineString","coordinates":[[103.6338065,-1.6049017],[103.6337556,-1.6047288],[103.6337308,-1.6045479],[103.6337764,-1.6044942],[103.6338354,-1.60445],[103.6341459,-1.6042744],[103.6343551,-1.6041725],[103.6347815,-1.6040197],[103.6354789,-1.6037971],[103.6361039,-1.603596],[103.6361562,-1.6035645],[103.6362031,-1.6035236],[103.6363962,-1.6032662],[103.6364713,-1.6031717],[103.6365572,-1.6030839],[103.636668,-1.6030011],[103.6368012,-1.6029016],[103.6370802,-1.6025825],[103.6374531,-1.6020812]]}},{"type":"Feature","properties":{"segmentId":"osm-gaul2-18003-6080862300-6080862336-0","regionId":"gaul2-18003","province":"Jambi","region":"Kota Jambi","roadName":"Unnamed OSM road","highway":"tertiary","lengthMeters":551.875,"osmWayIds":["647519110"],"u":"6080862300","v":"6080862336","key":0,"oneway":false,"source":"OpenStreetMap"},"geometry":{"type":"LineString","coordinates":[[103.6338065,-1.6049017],[103.6328719,-1.6053253],[103.6327055,-1.6054112],[103.6325473,-1.605513],[103.6324051,-1.6056364],[103.6321758,-1.6058562],[103.6319492,-1.605938],[103.6317748,-1.6059796],[103.6316192,-1.6059916],[103.6315039,-1.6059849],[103.6313564,-1.6059581],[103.6310697,-1.6058738],[103.6308735,-1.6058268],[103.6304042,-1.6057596],[103.6302432,-1.605749],[103.6301011,-1.6057544],[103.6298865,-1.6057758],[103.6294171,-1.6058402],[103.6291728,-1.6058832]]}},{"type":"Feature","properties":{"segmentId":"osm-gaul2-18003-6080862336-4791532227-0","regionId":"gaul2-18003","province":"Jambi","region":"Kota Jambi","roadName":"Jalan Kol. Pol. M. Thaher","highway":"tertiary","lengthMeters":487.025,"osmWayIds":["526828491"],"u":"6080862336","v":"4791532227","key":0,"oneway":false,"source":"OpenStreetMap"},"geometry":{"type":"LineString","coordinates":[[103.6291728,-1.6058832],[103.6292306,-1.606158],[103.6293068,-1.6064301],[103.6293496,-1.6066103],[103.6293686,-1.6066901],[103.6295023,-1.6071519],[103.6295385,-1.6072953],[103.6298168,-1.6084677],[103.6299466,-1.6090682],[103.6299593,-1.6091262],[103.6301521,-1.6101502]]}},{"type":"Feature","properties":{"segmentId":"osm-gaul2-18003-6080862336-5126813640-0","regionId":"gaul2-18003","province":"Jambi","region":"Kota Jambi","roadName":"Jalan Djamin Datuk Bagindo","highway":"tertiary","lengthMeters":891.707,"osmWayIds":["1330857069","526828491"],"u":"6080862336","v":"5126813640","key":0,"oneway":false,"source":"OpenStreetMap"},"geometry":{"type":"LineString","coordinates":[[103.6291728,-1.6058832],[103.6290497,-1.6055104],[103.6289665,-1.6053629],[103.6289424,-1.6053327],[103.6286795,-1.6050036],[103.6285106,-1.6047811],[103.6280534,-1.6041504],[103.6278909,-1.6039043],[103.6277515,-1.603663],[103.6276952,-1.6035075],[103.6276553,-1.6032191],[103.6276522,-1.6031724],[103.6274913,-1.6021106],[103.6274162,-1.6015289],[103.6273706,-1.6009926],[103.6273706,-1.600821],[103.6273813,-1.6007164],[103.6274242,-1.6004724],[103.627448,-1.600289],[103.6275128,-1.5998773],[103.6276318,-1.5991129],[103.627789,-1.5983651]]}},{"type":"Feature","properties":{"segmentId":"osm-gaul2-18003-6080862336-6080862300-0","regionId":"gaul2-18003","province":"Jambi","region":"Kota Jambi","roadName":"Unnamed OSM road","highway":"tertiary","lengthMeters":551.875,"osmWayIds":["647519110"],"u":"6080862336","v":"6080862300","key":0,"oneway":false,"source":"OpenStreetMap"},"geometry":{"type":"LineString","coordinates":[[103.6291728,-1.6058832],[103.6294171,-1.6058402],[103.6298865,-1.6057758],[103.6301011,-1.6057544],[103.6302432,-1.605749],[103.6304042,-1.6057596],[103.6308735,-1.6058268],[103.6310697,-1.6058738],[103.6313564,-1.6059581],[103.6315039,-1.6059849],[103.6316192,-1.6059916],[103.6317748,-1.6059796],[103.6319492,-1.605938],[103.6321758,-1.6058562],[103.6324051,-1.6056364],[103.6325473,-1.605513],[103.6327055,-1.6054112],[103.6328719,-1.6053253],[103.6338065,-1.6049017]]}},{"type":"Feature","properties":{"segmentId":"osm-gaul2-18003-6098914422-4271528992-0","regionId":"gaul2-18003","province":"Jambi","region":"Kota Jambi","roadName":"Jalan T.P. Sriwijaya","highway":"secondary","lengthMeters":1130.567,"osmWayIds":["1201907418","427994322","427995632"],"u":"6098914422","v":"4271528992","key":0,"oneway":false,"source":"OpenStreetMap"},"geometry":{"type":"LineString","coordinates":[[103.5631175,-1.6352926],[103.563228,-1.6352397],[103.5633751,-1.6351559],[103.5641081,-1.6347384],[103.5643346,-1.6345651],[103.5644408,-1.6344306],[103.5645667,-1.6342378],[103.564738,-1.6339754],[103.5647734,-1.6339212],[103.5650476,-1.6334425],[103.5651437,-1.6333075],[103.5653765,-1.6329913],[103.5654,-1.6329663],[103.5656512,-1.6327077],[103.5657291,-1.632611],[103.565954,-1.6323352],[103.5661481,-1.6320653],[103.5662269,-1.6319557],[103.5662635,-1.6319301],[103.5662956,-1.6319242],[103.5665279,-1.6318811],[103.5667463,-1.6318511],[103.5671491,-1.6318524],[103.5674579,-1.6318652],[103.5678345,-1.6318948],[103.568127,-1.6318831],[103.5682308,-1.6318895],[103.5683339,-1.6319089],[103.5689897,-1.632115],[103.5694098,-1.6322266],[103.5697354,-1.632308],[103.5700139,-1.6323828],[103.5701609,-1.6324222],[103.5703827,-1.632474],[103.5704984,-1.6324795],[103.5707177,-1.6324495],[103.5712429,-1.6323779],[103.5716004,-1.6323436],[103.5716405,-1.6323431]]}},{"type":"Feature","properties":{"segmentId":"osm-gaul2-18003-6129938988-6136250584-0","regionId":"gaul2-18003","province":"Jambi","region":"Kota Jambi","roadName":"Jalan Hayam Wuruk","highway":"secondary","lengthMeters":560.133,"osmWayIds":["654856253"],"u":"6129938988","v":"6136250584","key":0,"oneway":true,"source":"OpenStreetMap"},"geometry":{"type":"LineString","coordinates":[[103.6153348,-1.6105556],[103.6153524,-1.6106613],[103.6154732,-1.6114521],[103.6155635,-1.612047],[103.6156621,-1.6126999],[103.615697,-1.6129191],[103.6158544,-1.6137868],[103.6159573,-1.6144371],[103.6160274,-1.6149804],[103.6160841,-1.6153336],[103.6161127,-1.6155321]]}},{"type":"Feature","properties":{"segmentId":"osm-gaul2-18003-6129938988-6136251397-0","regionId":"gaul2-18003","province":"Jambi","region":"Kota Jambi","roadName":"Unnamed OSM road","highway":"tertiary","lengthMeters":7.002,"osmWayIds":["1219536664"],"u":"6129938988","v":"6136251397","key":0,"oneway":false,"source":"OpenStreetMap"},"geometry":{"type":"LineString","coordinates":[[103.6153348,-1.6105556],[103.6152719,-1.610559]]}},{"type":"Feature","properties":{"segmentId":"osm-gaul2-18003-6130023480-11578379658-0","regionId":"gaul2-18003","province":"Jambi","region":"Kota Jambi","roadName":"Jalan Pangeran Hidayat","highway":"trunk","lengthMeters":470.246,"osmWayIds":["654629429"],"u":"6130023480","v":"11578379658","key":0,"oneway":true,"source":"OpenStreetMap"},"geometry":{"type":"LineString","coordinates":[[103.603457,-1.6210292],[103.6036357,-1.6205409],[103.6036941,-1.6204028],[103.6037611,-1.6202185],[103.6037879,-1.6200891],[103.603804,-1.6199631],[103.6038188,-1.6197479],[103.6038201,-1.6196058],[103.6038248,-1.6194195],[103.6038237,-1.6192258],[103.6038248,-1.6183504],[103.6038309,-1.6180709],[103.6038409,-1.6178101],[103.6038664,-1.6176064],[103.6039039,-1.6174482],[103.6040297,-1.6171452],[103.6041559,-1.6169748],[103.6041844,-1.6169438]]}},{"type":"Feature","properties":{"segmentId":"osm-gaul2-18003-6130023480-6133943280-0","regionId":"gaul2-18003","province":"Jambi","region":"Kota Jambi","roadName":"Unnamed OSM road","highway":"trunk_link","lengthMeters":9.026,"osmWayIds":["1204106666"],"u":"6130023480","v":"6133943280","key":0,"oneway":false,"source":"OpenStreetMap"},"geometry":{"type":"LineString","coordinates":[[103.603457,-1.6210292],[103.6035311,-1.6210624]]}},{"type":"Feature","properties":{"segmentId":"osm-gaul2-18003-6130048679-6477111903-0","regionId":"gaul2-18003","province":"Jambi","region":"Kota Jambi","roadName":"Jalan Haji Abdulrahman Saleh","highway":"primary","lengthMeters":57.03,"osmWayIds":["1224699813"],"u":"6130048679","v":"6477111903","key":0,"oneway":true,"source":"OpenStreetMap"},"geometry":{"type":"LineString","coordinates":[[103.6311725,-1.6243363],[103.6310565,-1.6238367]]}},{"type":"Feature","properties":{"segmentId":"osm-gaul2-18003-6130048679-6477111917-0","regionId":"gaul2-18003","province":"Jambi","region":"Kota Jambi","roadName":"Unnamed OSM road","highway":"trunk","lengthMeters":8.914,"osmWayIds":["1224699812"],"u":"6130048679","v":"6477111917","key":0,"oneway":false,"source":"OpenStreetMap"},"geometry":{"type":"LineString","coordinates":[[103.6311725,-1.6243363],[103.6312371,-1.6242888]]}},{"type":"Feature","properties":{"segmentId":"osm-gaul2-18003-6130546659-4636656329-0","regionId":"gaul2-18003","province":"Jambi","region":"Kota Jambi","roadName":"Jalan Sunan Kalijaga","highway":"tertiary","lengthMeters":12.166,"osmWayIds":["601384558"],"u":"6130546659","v":"4636656329","key":0,"oneway":false,"source":"OpenStreetMap"},"geometry":{"type":"LineString","coordinates":[[103.5917978,-1.6206334],[103.5918379,-1.6207352]]}},{"type":"Feature","properties":{"segmentId":"osm-gaul2-18003-6130546659-5128992288-0","regionId":"gaul2-18003","province":"Jambi","region":"Kota Jambi","roadName":"Jalan Ki Maja","highway":"tertiary","lengthMeters":732.349,"osmWayIds":["601384597"],"u":"6130546659","v":"5128992288","key":0,"oneway":false,"source":"OpenStreetMap"},"geometry":{"type":"LineString","coordinates":[[103.5917978,-1.6206334],[103.5916798,-1.6207741],[103.5915832,-1.6209109],[103.5915054,-1.6210489],[103.5914129,-1.621246],[103.591311,-1.6216267],[103.5912774,-1.6217541],[103.5912493,-1.6218721],[103.5911876,-1.6220168],[103.5911152,-1.6221402],[103.5909757,-1.6223211],[103.5906163,-1.622848],[103.590543,-1.6229896],[103.5904366,-1.6231952],[103.5903481,-1.623411],[103.5902636,-1.6236691],[103.5902086,-1.6238065],[103.5901389,-1.6239767],[103.5900342,-1.624218],[103.5899712,-1.6243534],[103.589872,-1.6245612],[103.5897995,-1.6246974],[103.589668,-1.6248723],[103.5895804,-1.6249905],[103.589497,-1.62511],[103.5894204,-1.6252235],[103.5892832,-1.6254709],[103.5892574,-1.6254991],[103.5892336,-1.6255123],[103.5890257,-1.6255372],[103.5889184,-1.6255573],[103.5888927,-1.6255617],[103.5882358,-1.6257369]]}},{"type":"Feature","properties":{"segmentId":"osm-gaul2-18003-6130546659-5415541803-0","regionId":"gaul2-18003","province":"Jambi","region":"Kota Jambi","roadName":"Jalan Sunan Kalijaga","highway":"tertiary","lengthMeters":96.605,"osmWayIds":["601384558"],"u":"6130546659","v":"5415541803","key":0,"oneway":false,"source":"OpenStreetMap"},"geometry":{"type":"LineString","coordinates":[[103.5917978,-1.6206334],[103.5916446,-1.6200802],[103.5915756,-1.6197936]]}},{"type":"Feature","properties":{"segmentId":"osm-gaul2-18003-6130596991-5126812900-0","regionId":"gaul2-18003","province":"Jambi","region":"Kota Jambi","roadName":"Jalan Raden Pemuk","highway":"trunk","lengthMeters":533.293,"osmWayIds":["542268472","717959016","717959017"],"u":"6130596991","v":"5126812900","key":0,"oneway":true,"source":"OpenStreetMap"},"geometry":{"type":"LineString","coordinates":[[103.6097699,-1.5921709],[103.6099162,-1.5921201],[103.6109904,-1.5918164],[103.6114879,-1.5916072],[103.6122054,-1.5911608],[103.6122832,-1.5911148],[103.6125601,-1.590951],[103.6126683,-1.5908879],[103.6126888,-1.5908759],[103.6130201,-1.5907258],[103.6130559,-1.5907138],[103.6132137,-1.5906574],[103.6135559,-1.5905348],[103.6141514,-1.5902793]]}},{"type":"Feature","properties":{"segmentId":"osm-gaul2-18003-6130596997-11160068438-0","regionId":"gaul2-18003","province":"Jambi","region":"Kota Jambi","roadName":"Simpang Makalam","highway":"trunk","lengthMeters":5.664,"osmWayIds":["1046109573"],"u":"6130596997","v":"11160068438","key":0,"oneway":true,"source":"OpenStreetMap"},"geometry":{"type":"LineString","coordinates":[[103.6105378,-1.596246],[103.6105198,-1.596264],[103.6104971,-1.5962756]]}},{"type":"Feature","properties":{"segmentId":"osm-gaul2-18003-6130597005-5122354006-0","regionId":"gaul2-18003","province":"Jambi","region":"Kota Jambi","roadName":"Jalan M.H. Thamrin","highway":"trunk","lengthMeters":383.403,"osmWayIds":["602562250"],"u":"6130597005","v":"5122354006","key":0,"oneway":false,"source":"OpenStreetMap"},"geometry":{"type":"LineString","coordinates":[[103.6102091,-1.5972142],[103.6100906,-1.5975633],[103.6099781,-1.5979034],[103.6098277,-1.5983839],[103.6097391,-1.5985529],[103.6095552,-1.5987405],[103.6094388,-1.5988215],[103.6093357,-1.598857],[103.6091803,-1.5988771],[103.6089426,-1.5988685],[103.6085536,-1.5988343],[103.6084041,-1.5988073],[103.6080567,-1.5987271],[103.6079332,-1.5987252],[103.6078401,-1.5987525]]}},{"type":"Feature","properties":{"segmentId":"osm-gaul2-18003-6130597005-7588988631-0","regionId":"gaul2-18003","province":"Jambi","region":"Kota Jambi","roadName":"Jalan M.H. Thamrin","highway":"trunk","lengthMeters":108.744,"osmWayIds":["654227871"],"u":"6130597005","v":"7588988631","key":0,"oneway":true,"source":"OpenStreetMap"},"geometry":{"type":"LineString","coordinates":[[103.6102091,-1.5972142],[103.6102138,-1.597054],[103.610384,-1.5964435],[103.6104241,-1.596264]]}},{"type":"Feature","properties":{"segmentId":"osm-gaul2-18003-6130625673-6130627587-0","regionId":"gaul2-18003","province":"Jambi","region":"Kota Jambi","roadName":"Unnamed OSM road","highway":"secondary_link","lengthMeters":8.784,"osmWayIds":["654231907"],"u":"6130625673","v":"6130627587","key":0,"oneway":false,"source":"OpenStreetMap"},"geometry":{"type":"LineString","coordinates":[[103.6053,-1.5958274],[103.6053,-1.5959064]]}},{"type":"Feature","properties":{"segmentId":"osm-gaul2-18003-6130625673-6130627598-0","regionId":"gaul2-18003","province":"Jambi","region":"Kota Jambi","roadName":"Jalan Slamet Riyadi","highway":"secondary","lengthMeters":258.182,"osmWayIds":["605301704"],"u":"6130625673","v":"6130627598","key":0,"oneway":true,"source":"OpenStreetMap"},"geometry":{"type":"LineString","coordinates":[[103.6053,-1.5958274],[103.6059451,-1.5958247],[103.6063294,-1.5958077],[103.6066929,-1.5957663],[103.6068571,-1.5957429],[103.6076094,-1.5956263]]}},{"type":"Feature","properties":{"segmentId":"osm-gaul2-18003-6130627587-6130625673-0","regionId":"gaul2-18003","province":"Jambi","region":"Kota Jambi","roadName":"Unnamed OSM road","highway":"secondary_link","lengthMeters":8.784,"osmWayIds":["654231907"],"u":"6130627587","v":"6130625673","key":0,"oneway":false,"source":"OpenStreetMap"},"geometry":{"type":"LineString","coordinates":[[103.6053,-1.5959064],[103.6053,-1.5958274]]}},{"type":"Feature","properties":{"segmentId":"osm-gaul2-18003-6130627587-6134982529-0","regionId":"gaul2-18003","province":"Jambi","region":"Kota Jambi","roadName":"Jalan Slamet Riyadi","highway":"secondary","lengthMeters":653.433,"osmWayIds":["427844065","654231909"],"u":"6130627587","v":"6134982529","key":0,"oneway":true,"source":"OpenStreetMap"},"geometry":{"type":"LineString","coordinates":[[103.6053,-1.5959064],[103.6049272,-1.5958957],[103.6043613,-1.5958635],[103.604195,-1.5958421],[103.6038879,-1.595767],[103.6034212,-1.5956611],[103.6029558,-1.5955606],[103.602528,-1.5954547],[103.6022256,-1.5954007],[103.6020412,-1.5953394],[103.6016522,-1.5952093],[103.6014135,-1.595137],[103.6011909,-1.5951343],[103.6010769,-1.595141],[103.6009562,-1.5951678],[103.6009008,-1.5951952],[103.6008333,-1.5952332],[103.6007133,-1.59532],[103.6001019,-1.5958448],[103.5998314,-1.5960586]]}},{"type":"Feature","properties":{"segmentId":"osm-gaul2-18003-6130627598-5143613119-0","regionId":"gaul2-18003","province":"Jambi","region":"Kota Jambi","roadName":"Jalan Sultan Agung","highway":"trunk","lengthMeters":11.877,"osmWayIds":["654231908"],"u":"6130627598","v":"5143613119","key":0,"oneway":false,"source":"OpenStreetMap"},"geometry":{"type":"LineString","coordinates":[[103.6076094,-1.5956263],[103.6075732,-1.5957268]]}},{"type":"Feature","properties":{"segmentId":"osm-gaul2-18003-6130627598-6130596991-0","regionId":"gaul2-18003","province":"Jambi","region":"Kota Jambi","roadName":"Jalan Raden Pemuk","highway":"trunk","lengthMeters":503.62,"osmWayIds":["605301702","654227869"],"u":"6130627598","v":"6130596991","key":0,"oneway":true,"source":"OpenStreetMap"},"geometry":{"type":"LineString","coordinates":[[103.6076094,-1.5956263],[103.6076604,-1.5956008],[103.6077408,-1.5955499],[103.6082344,-1.5952053],[103.6085308,-1.5949942],[103.6086452,-1.5948905],[103.608727,-1.5947883],[103.6087653,-1.5947092],[103.6087869,-1.5946449],[103.6087956,-1.5946021],[103.6087976,-1.5944794],[103.6088017,-1.594094],[103.6088338,-1.593968],[103.6089197,-1.5937588],[103.6089894,-1.5936221],[103.6090243,-1.5934988],[103.6090404,-1.5933138],[103.6090504,-1.5930038],[103.6090611,-1.5928506],[103.6091047,-1.5925335],[103.6091194,-1.5924738],[103.609149,-1.5924182],[103.6092228,-1.5923485],[103.6096258,-1.5921682],[103.6097699,-1.5921709]]}},{"type":"Feature","properties":{"segmentId":"osm-gaul2-18003-6130722751-5122353843-0","regionId":"gaul2-18003","province":"Jambi","region":"Kota Jambi","roadName":"Jalan Yos Sudarso","highway":"trunk","lengthMeters":744.539,"osmWayIds":["654251340","765941757"],"u":"6130722751","v":"5122353843","key":0,"oneway":false,"source":"OpenStreetMap"},"geometry":{"type":"LineString","coordinates":[[103.6261718,-1.5848259],[103.6262503,-1.5848144],[103.6266679,-1.584793],[103.6270756,-1.5848117],[103.6275752,-1.5848683],[103.6279666,-1.58492],[103.6283389,-1.5849699],[103.6286312,-1.5849579],[103.6290088,-1.5849396],[103.6293192,-1.5849164],[103.629688,-1.5848815],[103.6299707,-1.5848333],[103.6303291,-1.5847635],[103.6303971,-1.5847381],[103.6308736,-1.5845597],[103.6313778,-1.5842889],[103.6315012,-1.5842353],[103.6316647,-1.5841799],[103.6320725,-1.58409],[103.6327002,-1.5839833]]}},{"type":"Feature","properties":{"segmentId":"osm-gaul2-18003-6130722751-7614248095-0","regionId":"gaul2-18003","province":"Jambi","region":"Kota Jambi","roadName":"Jalan Yos Sudarso","highway":"trunk","lengthMeters":19.603,"osmWayIds":["654244314"],"u":"6130722751","v":"7614248095","key":0,"oneway":true,"source":"OpenStreetMap"},"geometry":{"type":"LineString","coordinates":[[103.6261718,-1.5848259],[103.626006,-1.584886]]}},{"type":"Feature","properties":{"segmentId":"osm-gaul2-18003-6130722752-6130724008-0","regionId":"gaul2-18003","province":"Jambi","region":"Kota Jambi","roadName":"Jalan Dokter Setiabudi","highway":"trunk","lengthMeters":10.546,"osmWayIds":["654251363"],"u":"6130722752","v":"6130724008","key":0,"oneway":true,"source":"OpenStreetMap"},"geometry":{"type":"LineString","coordinates":[[103.6259229,-1.5848835],[103.6259443,-1.5847911]]}},{"type":"Feature","properties":{"segmentId":"osm-gaul2-18003-6130722752-6476960215-0","regionId":"gaul2-18003","province":"Jambi","region":"Kota Jambi","roadName":"Jalan Sultan Thaha","highway":"trunk","lengthMeters":119.44,"osmWayIds":["654244305","654244306","654244315"],"u":"6130722752","v":"6476960215","key":0,"oneway":true,"source":"OpenStreetMap"},"geometry":{"type":"LineString","coordinates":[[103.6259229,-1.5848835],[103.6256361,-1.5848732],[103.625428,-1.584876],[103.6251722,-1.5849053],[103.6248523,-1.5849418]]}},{"type":"Feature","properties":{"segmentId":"osm-gaul2-18003-6130722781-6130722782-0","regionId":"gaul2-18003","province":"Jambi","region":"Kota Jambi","roadName":"Unnamed OSM road","highway":"trunk_link","lengthMeters":7.908,"osmWayIds":["654244327"],"u":"6130722781","v":"6130722782","key":0,"oneway":false,"source":"OpenStreetMap"},"geometry":{"type":"LineString","coordinates":[[103.623515,-1.5851302],[103.6235334,-1.5851989]]}},{"type":"Feature","properties":{"segmentId":"osm-gaul2-18003-6130722781-6476960214-0","regionId":"gaul2-18003","province":"Jambi","region":"Kota Jambi","roadName":"Jalan Sultan Thaha","highway":"trunk","lengthMeters":150.11,"osmWayIds":["654244334"],"u":"6130722781","v":"6476960214","key":0,"oneway":true,"source":"OpenStreetMap"},"geometry":{"type":"LineString","coordinates":[[103.623515,-1.5851302],[103.6237193,-1.5850789],[103.6248392,-1.5848667]]}},{"type":"Feature","properties":{"segmentId":"osm-gaul2-18003-6130722782-6130722781-0","regionId":"gaul2-18003","province":"Jambi","region":"Kota Jambi","roadName":"Unnamed OSM road","highway":"trunk_link","lengthMeters":7.908,"osmWayIds":["654244327"],"u":"6130722782","v":"6130722781","key":0,"oneway":false,"source":"OpenStreetMap"},"geometry":{"type":"LineString","coordinates":[[103.6235334,-1.5851989],[103.623515,-1.5851302]]}},{"type":"Feature","properties":{"segmentId":"osm-gaul2-18003-6130722782-6130722783-0","regionId":"gaul2-18003","province":"Jambi","region":"Kota Jambi","roadName":"Jalan Sultan Thaha","highway":"trunk","lengthMeters":167.284,"osmWayIds":["654244315"],"u":"6130722782","v":"6130722783","key":0,"oneway":true,"source":"OpenStreetMap"},"geometry":{"type":"LineString","coordinates":[[103.6235334,-1.5851989],[103.6233469,-1.585246],[103.6230931,-1.5853495],[103.622892,-1.5854088],[103.6227395,-1.5854439],[103.6225975,-1.5854662],[103.622459,-1.5854753],[103.6220692,-1.5854704]]}},{"type":"Feature","properties":{"segmentId":"osm-gaul2-18003-6130722783-6130722784-0","regionId":"gaul2-18003","province":"Jambi","region":"Kota Jambi","roadName":"Unnamed OSM road","highway":"trunk_link","lengthMeters":8.298,"osmWayIds":["654244329"],"u":"6130722783","v":"6130722784","key":0,"oneway":false,"source":"OpenStreetMap"},"geometry":{"type":"LineString","coordinates":[[103.6220692,-1.5854704],[103.6220736,-1.5853959]]}},{"type":"Feature","properties":{"segmentId":"osm-gaul2-18003-6130722783-6130723992-0","regionId":"gaul2-18003","province":"Jambi","region":"Kota Jambi","roadName":"Jalan Sultan Thaha","highway":"trunk","lengthMeters":128.683,"osmWayIds":["654244315"],"u":"6130722783","v":"6130723992","key":0,"oneway":true,"source":"OpenStreetMap"},"geometry":{"type":"LineString","coordinates":[[103.6220692,-1.5854704],[103.6214522,-1.5854394],[103.6213195,-1.5854525],[103.6211317,-1.5855008],[103.6209283,-1.5855629]]}},{"type":"Feature","properties":{"segmentId":"osm-gaul2-18003-6130722784-6130722781-0","regionId":"gaul2-18003","province":"Jambi","region":"Kota Jambi","roadName":"Jalan Sultan Thaha","highway":"trunk","lengthMeters":164.678,"osmWayIds":["654244334"],"u":"6130722784","v":"6130722781","key":0,"oneway":true,"source":"OpenStreetMap"},"geometry":{"type":"LineString","coordinates":[[103.6220736,-1.5853959],[103.6224608,-1.5854016],[103.6225949,-1.5853948],[103.6227333,-1.5853722],[103.6228683,-1.5853443],[103.6230728,-1.5852843],[103.6233223,-1.5851858],[103.623515,-1.5851302]]}},{"type":"Feature","properties":{"segmentId":"osm-gaul2-18003-6130722784-6130722783-0","regionId":"gaul2-18003","province":"Jambi","region":"Kota Jambi","roadName":"Unnamed OSM road","highway":"trunk_link","lengthMeters":8.298,"osmWayIds":["654244329"],"u":"6130722784","v":"6130722783","key":0,"oneway":false,"source":"OpenStreetMap"},"geometry":{"type":"LineString","coordinates":[[103.6220736,-1.5853959],[103.6220692,-1.5854704]]}},{"type":"Feature","properties":{"segmentId":"osm-gaul2-18003-6130723992-6130723994-0","regionId":"gaul2-18003","province":"Jambi","region":"Kota Jambi","roadName":"Unnamed OSM road","highway":"trunk_link","lengthMeters":9.892,"osmWayIds":["654244331"],"u":"6130723992","v":"6130723994","key":0,"oneway":false,"source":"OpenStreetMap"},"geometry":{"type":"LineString","coordinates":[[103.6209283,-1.5855629],[103.6208968,-1.5854797]]}},{"type":"Feature","properties":{"segmentId":"osm-gaul2-18003-6130723992-6130723997-0","regionId":"gaul2-18003","province":"Jambi","region":"Kota Jambi","roadName":"Jalan Sultan Thaha","highway":"trunk","lengthMeters":103.07,"osmWayIds":["654244315"],"u":"6130723992","v":"6130723997","key":0,"oneway":true,"source":"OpenStreetMap"},"geometry":{"type":"LineString","coordinates":[[103.6209283,-1.5855629],[103.6206942,-1.5856343],[103.62041,-1.585769],[103.6201821,-1.5858807],[103.6200709,-1.5859066]]}},{"type":"Feature","properties":{"segmentId":"osm-gaul2-18003-6130723994-6130722784-0","regionId":"gaul2-18003","province":"Jambi","region":"Kota Jambi","roadName":"Jalan Sultan Thaha","highway":"trunk","lengthMeters":132.189,"osmWayIds":["654244333","654244334"],"u":"6130723994","v":"6130722784","key":0,"oneway":true,"source":"OpenStreetMap"},"geometry":{"type":"LineString","coordinates":[[103.6208968,-1.5854797],[103.6209527,-1.5854657],[103.6211968,-1.5854043],[103.6213624,-1.58538],[103.6214349,-1.5853694],[103.6218142,-1.5853825],[103.6220736,-1.5853959]]}},{"type":"Feature","properties":{"segmentId":"osm-gaul2-18003-6130723994-6130723992-0","regionId":"gaul2-18003","province":"Jambi","region":"Kota Jambi","roadName":"Unnamed OSM road","highway":"trunk_link","lengthMeters":9.892,"osmWayIds":["654244331"],"u":"6130723994","v":"6130723992","key":0,"oneway":false,"source":"OpenStreetMap"},"geometry":{"type":"LineString","coordinates":[[103.6208968,-1.5854797],[103.6209283,-1.5855629]]}},{"type":"Feature","properties":{"segmentId":"osm-gaul2-18003-6130723997-5984289791-0","regionId":"gaul2-18003","province":"Jambi","region":"Kota Jambi","roadName":"Jalan Sultan Thaha","highway":"trunk","lengthMeters":182.778,"osmWayIds":["809843816"],"u":"6130723997","v":"5984289791","key":0,"oneway":false,"source":"OpenStreetMap"},"geometry":{"type":"LineString","coordinates":[[103.6200709,-1.5859066],[103.6197539,-1.5861637],[103.6195547,-1.5863497],[103.6192796,-1.5865951],[103.6188619,-1.5870185]]}},{"type":"Feature","properties":{"segmentId":"osm-gaul2-18003-6130723997-6130723994-0","regionId":"gaul2-18003","province":"Jambi","region":"Kota Jambi","roadName":"Jalan Sultan Thaha","highway":"trunk","lengthMeters":105.31,"osmWayIds":["654244333"],"u":"6130723997","v":"6130723994","key":0,"oneway":true,"source":"OpenStreetMap"},"geometry":{"type":"LineString","coordinates":[[103.6200709,-1.5859066],[103.6201421,-1.5858102],[103.6203435,-1.5856962],[103.6205039,-1.5856097],[103.6208968,-1.5854797]]}},{"type":"Feature","properties":{"segmentId":"osm-gaul2-18003-6130724008-5122353280-0","regionId":"gaul2-18003","province":"Jambi","region":"Kota Jambi","roadName":"Jalan Sultan Thaha","highway":"trunk","lengthMeters":8.571,"osmWayIds":["814911393"],"u":"6130724008","v":"5122353280","key":0,"oneway":true,"source":"OpenStreetMap"},"geometry":{"type":"LineString","coordinates":[[103.6259443,-1.5847911],[103.6260213,-1.5847953]]}},{"type":"Feature","properties":{"segmentId":"osm-gaul2-18003-6130778100-6130778101-0","regionId":"gaul2-18003","province":"Jambi","region":"Kota Jambi","roadName":"Unnamed OSM road","highway":"tertiary_link","lengthMeters":7.114,"osmWayIds":["654251357"],"u":"6130778100","v":"6130778101","key":0,"oneway":false,"source":"OpenStreetMap"},"geometry":{"type":"LineString","coordinates":[[103.6254306,-1.5875011],[103.6253929,-1.5874494]]}},{"type":"Feature","properties":{"segmentId":"osm-gaul2-18003-6130778100-6130778139-0","regionId":"gaul2-18003","province":"Jambi","region":"Kota Jambi","roadName":"Jalan Dokter Setiabudi","highway":"tertiary","lengthMeters":738.682,"osmWayIds":["1051677537","1051677538","654251364","654763990"],"u":"6130778100","v":"6130778139","key":0,"oneway":true,"source":"OpenStreetMap"},"geometry":{"type":"LineString","coordinates":[[103.6254306,-1.5875011],[103.6253575,-1.5875218],[103.6247836,-1.5875948],[103.6247072,-1.5876028],[103.6241473,-1.5876688],[103.6236624,-1.5877508],[103.6236006,-1.5877638],[103.6231053,-1.5879285],[103.6230661,-1.5879491],[103.6229573,-1.5879954],[103.6228518,-1.5880559],[103.6227464,-1.5881341],[103.6226691,-1.5882028],[103.6225982,-1.5882886],[103.6225479,-1.5883728],[103.6225195,-1.5884177],[103.622469,-1.5885231],[103.622442,-1.5886002],[103.6224159,-1.5886957],[103.6223976,-1.5888043],[103.6223843,-1.5889473],[103.6223803,-1.5890212],[103.6223899,-1.5891484],[103.6224061,-1.5892612],[103.6224862,-1.5896724],[103.6225229,-1.5898405],[103.622592,-1.5901532],[103.6226307,-1.5903478],[103.6227719,-1.5911],[103.6229417,-1.5918296]]}},{"type":"Feature","properties":{"segmentId":"osm-gaul2-18003-6130778101-6130778100-0","regionId":"gaul2-18003","province":"Jambi","region":"Kota Jambi","roadName":"Unnamed OSM road","highway":"tertiary_link","lengthMeters":7.114,"osmWayIds":["654251357"],"u":"6130778101","v":"6130778100","key":0,"oneway":false,"source":"OpenStreetMap"},"geometry":{"type":"LineString","coordinates":[[103.6253929,-1.5874494],[103.6254306,-1.5875011]]}},{"type":"Feature","properties":{"segmentId":"osm-gaul2-18003-6130778101-6130778103-0","regionId":"gaul2-18003","province":"Jambi","region":"Kota Jambi","roadName":"Jalan Dokter Setiabudi","highway":"tertiary","lengthMeters":57.497,"osmWayIds":["1051677540"],"u":"6130778101","v":"6130778103","key":0,"oneway":true,"source":"OpenStreetMap"},"geometry":{"type":"LineString","coordinates":[[103.6253929,-1.5874494],[103.6255495,-1.5873726],[103.6256292,-1.5873097],[103.6257172,-1.5872189],[103.6257815,-1.5871238]]}},{"type":"Feature","properties":{"segmentId":"osm-gaul2-18003-6130778102-6130778100-0","regionId":"gaul2-18003","province":"Jambi","region":"Kota Jambi","roadName":"Jalan Dokter Setiabudi","highway":"tertiary","lengthMeters":61.466,"osmWayIds":["1051677538"],"u":"6130778102","v":"6130778100","key":0,"oneway":true,"source":"OpenStreetMap"},"geometry":{"type":"LineString","coordinates":[[103.6258394,-1.5871515],[103.6257867,-1.5872321],[103.6257372,-1.5873],[103.6256728,-1.5873723],[103.6255896,-1.5874319],[103.6254306,-1.5875011]]}},{"type":"Feature","properties":{"segmentId":"osm-gaul2-18003-6130778102-6130778103-0","regionId":"gaul2-18003","province":"Jambi","region":"Kota Jambi","roadName":"Unnamed OSM road","highway":"tertiary_link","lengthMeters":7.135,"osmWayIds":["654251358"],"u":"6130778102","v":"6130778103","key":0,"oneway":false,"source":"OpenStreetMap"},"geometry":{"type":"LineString","coordinates":[[103.6258394,-1.5871515],[103.6257815,-1.5871238]]}},{"type":"Feature","properties":{"segmentId":"osm-gaul2-18003-6130778103-6130778102-0","regionId":"gaul2-18003","province":"Jambi","region":"Kota Jambi","roadName":"Unnamed OSM road","highway":"tertiary_link","lengthMeters":7.135,"osmWayIds":["654251358"],"u":"6130778103","v":"6130778102","key":0,"oneway":false,"source":"OpenStreetMap"},"geometry":{"type":"LineString","coordinates":[[103.6257815,-1.5871238],[103.6258394,-1.5871515]]}},{"type":"Feature","properties":{"segmentId":"osm-gaul2-18003-6130778103-6130778116-0","regionId":"gaul2-18003","province":"Jambi","region":"Kota Jambi","roadName":"Jalan Dokter Setiabudi","highway":"tertiary","lengthMeters":204.813,"osmWayIds":["1051677540"],"u":"6130778103","v":"6130778116","key":0,"oneway":true,"source":"OpenStreetMap"},"geometry":{"type":"LineString","coordinates":[[103.6257815,-1.5871238],[103.6258221,-1.5870567],[103.6260094,-1.5866752],[103.6260444,-1.5865732],[103.6260676,-1.5864603],[103.6260611,-1.5863538],[103.6260388,-1.5861428],[103.6260318,-1.5860464],[103.6259829,-1.5856942],[103.6259309,-1.5853538]]}},{"type":"Feature","properties":{"segmentId":"osm-gaul2-18003-6130778116-5122352901-0","regionId":"gaul2-18003","province":"Jambi","region":"Kota Jambi","roadName":"Unnamed OSM road","highway":"tertiary_link","lengthMeters":8.693,"osmWayIds":["654251360"],"u":"6130778116","v":"5122352901","key":0,"oneway":false,"source":"OpenStreetMap"},"geometry":{"type":"LineString","coordinates":[[103.6259309,-1.5853538],[103.6260085,-1.5853441]]}},{"type":"Feature","properties":{"segmentId":"osm-gaul2-18003-6130778116-6130722752-0","regionId":"gaul2-18003","province":"Jambi","region":"Kota Jambi","roadName":"Jalan Dokter Setiabudi","highway":"tertiary","lengthMeters":52.303,"osmWayIds":["1051677540"],"u":"6130778116","v":"6130722752","key":0,"oneway":true,"source":"OpenStreetMap"},"geometry":{"type":"LineString","coordinates":[[103.6259309,-1.5853538],[103.6259229,-1.5848835]]}},{"type":"Feature","properties":{"segmentId":"osm-gaul2-18003-6130778137-5143621155-0","regionId":"gaul2-18003","province":"Jambi","region":"Kota Jambi","roadName":"Jalan Dara Jingga","highway":"tertiary","lengthMeters":698.804,"osmWayIds":["527325075","527325095","668409850","668409851","717959044"],"u":"6130778137","v":"5143621155","key":0,"oneway":false,"source":"OpenStreetMap"},"geometry":{"type":"LineString","coordinates":[[103.6228727,-1.5918352],[103.6226898,-1.5918516],[103.6220773,-1.5918994],[103.6218667,-1.5919651],[103.621746,-1.592008],[103.6215938,-1.5920791],[103.6215623,-1.5920938],[103.621231,-1.5922118],[103.6209923,-1.5922788],[103.6207751,-1.592325],[103.6206934,-1.5923502],[103.6201098,-1.5924719],[103.6199019,-1.5924625],[103.6193466,-1.5923924],[103.6193651,-1.592338],[103.6194386,-1.5921457],[103.6194773,-1.5919692],[103.6194695,-1.5918615],[103.6194383,-1.5917722],[103.6193763,-1.5917024],[103.6192569,-1.5915844],[103.6193912,-1.591183],[103.619497,-1.5908364],[103.6195117,-1.5907492],[103.6195077,-1.5906447],[103.6194741,-1.5905172],[103.6194085,-1.5903872],[103.6192851,-1.5902599],[103.6190321,-1.5900572]]}},{"type":"Feature","properties":{"segmentId":"osm-gaul2-18003-6130778137-6130778101-0","regionId":"gaul2-18003","province":"Jambi","region":"Kota Jambi","roadName":"Jalan Dokter Setiabudi","highway":"tertiary","lengthMeters":748.05,"osmWayIds":["1051677539","1051677540","654251365"],"u":"6130778137","v":"6130778101","key":0,"oneway":true,"source":"OpenStreetMap"},"geometry":{"type":"LineString","coordinates":[[103.6228727,-1.5918352],[103.6227114,-1.5911143],[103.6225919,-1.5905096],[103.6225132,-1.5901647],[103.6224926,-1.5900742],[103.6224472,-1.5898508],[103.6224196,-1.5896947],[103.622345,-1.5892736],[103.6223201,-1.5891463],[103.6223146,-1.5890091],[103.6223136,-1.5888867],[103.6223287,-1.5887306],[103.6223653,-1.5885836],[103.6224774,-1.588322],[103.6225329,-1.5882428],[103.6226087,-1.5881594],[103.6226862,-1.5880877],[103.622805,-1.5880001],[103.6229084,-1.5879423],[103.623026,-1.5878841],[103.6232833,-1.5877834],[103.6235797,-1.5876926],[103.6240033,-1.5876074],[103.624542,-1.5875329],[103.6246978,-1.5875157],[103.6247826,-1.5875082],[103.6253146,-1.5874676],[103.6253929,-1.5874494]]}},{"type":"Feature","properties":{"segmentId":"osm-gaul2-18003-6130778137-6130778139-0","regionId":"gaul2-18003","province":"Jambi","region":"Kota Jambi","roadName":"Jalan Letkol M. Imsya","highway":"tertiary","lengthMeters":7.697,"osmWayIds":["656255213"],"u":"6130778137","v":"6130778139","key":0,"oneway":false,"source":"OpenStreetMap"},"geometry":{"type":"LineString","coordinates":[[103.6228727,-1.5918352],[103.6229357,-1.5918296],[103.6229417,-1.5918296]]}},{"type":"Feature","properties":{"segmentId":"osm-gaul2-18003-6130778139-6130778137-0","regionId":"gaul2-18003","province":"Jambi","region":"Kota Jambi","roadName":"Jalan Letkol M. Imsya","highway":"tertiary","lengthMeters":7.697,"osmWayIds":["656255213"],"u":"6130778139","v":"6130778137","key":0,"oneway":false,"source":"OpenStreetMap"},"geometry":{"type":"LineString","coordinates":[[103.6229417,-1.5918296],[103.6229357,-1.5918296],[103.6228727,-1.5918352]]}},{"type":"Feature","properties":{"segmentId":"osm-gaul2-18003-6130778139-6135478573-0","regionId":"gaul2-18003","province":"Jambi","region":"Kota Jambi","roadName":"Jalan Letkol M. Imsya","highway":"tertiary","lengthMeters":110.742,"osmWayIds":["656255213"],"u":"6130778139","v":"6135478573","key":0,"oneway":false,"source":"OpenStreetMap"},"geometry":{"type":"LineString","coordinates":[[103.6229417,-1.5918296],[103.6231755,-1.5918391],[103.623625,-1.5919182],[103.6239149,-1.5920158]]}},{"type":"Feature","properties":{"segmentId":"osm-gaul2-18003-6133943277-4636656329-0","regionId":"gaul2-18003","province":"Jambi","region":"Kota Jambi","roadName":"Jalan Sunan Giri","highway":"tertiary","lengthMeters":1465.222,"osmWayIds":["601384598"],"u":"6133943277","v":"4636656329","key":0,"oneway":false,"source":"OpenStreetMap"},"geometry":{"type":"LineString","coordinates":[[103.6024336,-1.6254905],[103.6016939,-1.6253542],[103.6015769,-1.6253395],[103.6014344,-1.6253355],[103.6012048,-1.6253396],[103.6010644,-1.62534],[103.6008126,-1.6253049],[103.6003925,-1.6252374],[103.5999154,-1.6252015],[103.5991166,-1.6252335],[103.5989634,-1.625208],[103.5983855,-1.6251116],[103.5980809,-1.625076],[103.5977144,-1.6250703],[103.5974254,-1.6250293],[103.5972221,-1.6249888],[103.597105,-1.6249547],[103.5970385,-1.6249065],[103.596993,-1.6248445],[103.59697,-1.6247538],[103.5969356,-1.6245958],[103.5969188,-1.6244164],[103.5969105,-1.6242785],[103.5969228,-1.6241408],[103.5969635,-1.6239229],[103.5969687,-1.6238191],[103.5969583,-1.6236725],[103.5969275,-1.6235142],[103.5968612,-1.6232979],[103.5967957,-1.6231379],[103.5967239,-1.6229991],[103.5966548,-1.6228946],[103.5965762,-1.6228011],[103.5964474,-1.6226804],[103.5962999,-1.6225142],[103.5960899,-1.6221611],[103.5958298,-1.62184],[103.5956445,-1.6216365],[103.5955187,-1.6215245],[103.5953576,-1.621382],[103.59527,-1.6213338],[103.5940388,-1.6210263],[103.5933075,-1.6208924],[103.5931818,-1.6208378],[103.5930417,-1.6207902],[103.592898,-1.6207538],[103.5927594,-1.6207433],[103.5926172,-1.6207507],[103.5923202,-1.6207909],[103.5921948,-1.6207929],[103.5919098,-1.6207637],[103.5918379,-1.6207352]]}},{"type":"Feature","properties":{"segmentId":"osm-gaul2-18003-6133943277-6261052105-0","regionId":"gaul2-18003","province":"Jambi","region":"Kota Jambi","roadName":"Jalan Pangeran Hidayat","highway":"trunk","lengthMeters":331.863,"osmWayIds":["654629429"],"u":"6133943277","v":"6261052105","key":0,"oneway":true,"source":"OpenStreetMap"},"geometry":{"type":"LineString","coordinates":[[103.6024336,-1.6254905],[103.6024581,-1.6253613],[103.6026874,-1.6247977],[103.6027457,-1.6246113],[103.6028162,-1.6243432],[103.6028827,-1.6240518],[103.6029451,-1.6236906],[103.6029591,-1.6235572],[103.6029672,-1.6232616],[103.6029424,-1.6229168],[103.602937,-1.6226898],[103.6029443,-1.622586]]}},{"type":"Feature","properties":{"segmentId":"osm-gaul2-18003-6133943280-6130023480-0","regionId":"gaul2-18003","province":"Jambi","region":"Kota Jambi","roadName":"Unnamed OSM road","highway":"trunk_link","lengthMeters":9.026,"osmWayIds":["1204106666"],"u":"6133943280","v":"6130023480","key":0,"oneway":false,"source":"OpenStreetMap"},"geometry":{"type":"LineString","coordinates":[[103.6035311,-1.6210624],[103.603457,-1.6210292]]}},{"type":"Feature","properties":{"segmentId":"osm-gaul2-18003-6133943280-6133943624-0","regionId":"gaul2-18003","province":"Jambi","region":"Kota Jambi","roadName":"Jalan Pangeran Hidayat","highway":"trunk","lengthMeters":144.628,"osmWayIds":["654629431"],"u":"6133943280","v":"6133943624","key":0,"oneway":true,"source":"OpenStreetMap"},"geometry":{"type":"LineString","coordinates":[[103.6035311,-1.6210624],[103.6033259,-1.6216167],[103.6031986,-1.6219659],[103.6030855,-1.6222844]]}},{"type":"Feature","properties":{"segmentId":"osm-gaul2-18003-6133943586-5325195451-0","regionId":"gaul2-18003","province":"Jambi","region":"Kota Jambi","roadName":"Jalan Pangeran Hidayat","highway":"trunk","lengthMeters":465.512,"osmWayIds":["374777713"],"u":"6133943586","v":"5325195451","key":0,"oneway":false,"source":"OpenStreetMap"},"geometry":{"type":"LineString","coordinates":[[103.6037898,-1.6330656],[103.60379,-1.6333164],[103.6037786,-1.633542],[103.6037581,-1.633706],[103.603724,-1.6339588],[103.6037204,-1.6339812],[103.6036636,-1.6342219],[103.6035019,-1.6348211],[103.603429,-1.6350876],[103.603372,-1.6352972],[103.6033561,-1.6353587],[103.6032232,-1.6358315],[103.6031784,-1.6361081],[103.6031078,-1.636828],[103.6030827,-1.6371742]]}},{"type":"Feature","properties":{"segmentId":"osm-gaul2-18003-6133943586-6135140807-0","regionId":"gaul2-18003","province":"Jambi","region":"Kota Jambi","roadName":"Jalan Pangeran Hidayat","highway":"trunk","lengthMeters":47.67,"osmWayIds":["654629425"],"u":"6133943586","v":"6135140807","key":0,"oneway":true,"source":"OpenStreetMap"},"geometry":{"type":"LineString","coordinates":[[103.6037898,-1.6330656],[103.6037657,-1.6329978],[103.603749,-1.6328312],[103.6037061,-1.6326468]]}},{"type":"Feature","properties":{"segmentId":"osm-gaul2-18003-6133943588-6135140806-0","regionId":"gaul2-18003","province":"Jambi","region":"Kota Jambi","roadName":"Jalan Pangeran Hidayat","highway":"trunk","lengthMeters":9.069,"osmWayIds":["654629426"],"u":"6133943588","v":"6135140806","key":0,"oneway":true,"source":"OpenStreetMap"},"geometry":{"type":"LineString","coordinates":[[103.6037443,-1.6325483],[103.6037638,-1.6326275]]}},{"type":"Feature","properties":{"segmentId":"osm-gaul2-18003-6133943588-6135575703-0","regionId":"gaul2-18003","province":"Jambi","region":"Kota Jambi","roadName":"Jalan Jend. Basuki Rahmat","highway":"secondary","lengthMeters":280.473,"osmWayIds":["374536763"],"u":"6133943588","v":"6135575703","key":0,"oneway":true,"source":"OpenStreetMap"},"geometry":{"type":"LineString","coordinates":[[103.6037443,-1.6325483],[103.6038929,-1.6325292],[103.6046906,-1.6324201],[103.6049111,-1.6323928],[103.605023,-1.632383],[103.6053416,-1.6323096],[103.6054704,-1.6322762],[103.6057359,-1.6321689],[103.605871,-1.6320813],[103.6061275,-1.6318794]]}},{"type":"Feature","properties":{"segmentId":"osm-gaul2-18003-6133943618-5126809774-0","regionId":"gaul2-18003","province":"Jambi","region":"Kota Jambi","roadName":"Jalan Kapten Zaidi Saleh","highway":"tertiary","lengthMeters":1339.119,"osmWayIds":["486549796","601384582","601384583","601384584","654386192","654386193"],"u":"6133943618","v":"5126809774","key":0,"oneway":false,"source":"OpenStreetMap"},"geometry":{"type":"LineString","coordinates":[[103.6030331,-1.6235535],[103.6041565,-1.6237288],[103.6043479,-1.6237857],[103.6045661,-1.6238786],[103.6046077,-1.623902],[103.6049904,-1.624143],[103.605068,-1.6241738],[103.6051639,-1.6241946],[103.6052591,-1.6241953],[103.6053735,-1.624171],[103.6055582,-1.6241309],[103.6056529,-1.6241345],[103.6060698,-1.6243374],[103.6062254,-1.6244171],[103.606389,-1.6245317],[103.6065486,-1.6246095],[103.6066452,-1.6246363],[103.606863,-1.6246449],[103.6068922,-1.6246672],[103.6070186,-1.6248133],[103.6072156,-1.6249778],[103.6080157,-1.6254175],[103.608059,-1.6254573],[103.6080727,-1.6254961],[103.6080715,-1.6255485],[103.6080465,-1.6256088],[103.6077417,-1.6259798],[103.6075159,-1.6261429],[103.6073954,-1.6262092],[103.6073373,-1.6262385],[103.6072785,-1.6262928],[103.6070323,-1.626709],[103.6067377,-1.6271928],[103.6066546,-1.6273684],[103.6066492,-1.6274166],[103.6066639,-1.6274944],[103.6066607,-1.6275471],[103.6066518,-1.6275781],[103.6066227,-1.6276407],[103.6064548,-1.6278974],[103.6062904,-1.6281885],[103.6059105,-1.6288643],[103.6059014,-1.6289168],[103.6059945,-1.6290297],[103.6060146,-1.6290525],[103.6060661,-1.629094],[103.6065776,-1.6295057],[103.6067867,-1.6296708],[103.6068282,-1.6297027],[103.606868,-1.6297333],[103.6068913,-1.6297512],[103.6076856,-1.6303727]]}},{"type":"Feature","properties":{"segmentId":"osm-gaul2-18003-6133943618-9446437408-0","regionId":"gaul2-18003","province":"Jambi","region":"Kota Jambi","roadName":"Jalan Pangeran Hidayat","highway":"trunk","lengthMeters":398.201,"osmWayIds":["654629431"],"u":"6133943618","v":"9446437408","key":0,"oneway":true,"source":"OpenStreetMap"},"geometry":{"type":"LineString","coordinates":[[103.6030331,-1.6235535],[103.6030202,-1.6236913],[103.6029953,-1.6238507],[103.6029511,-1.6240602],[103.6028772,-1.62437],[103.602812,-1.6246382],[103.6026679,-1.6250481],[103.6025285,-1.625367],[103.6025002,-1.6254946],[103.6025025,-1.625686],[103.602532,-1.6258733],[103.6025909,-1.6260616],[103.6026569,-1.6262361],[103.6028426,-1.6266326],[103.6029981,-1.6269539]]}},{"type":"Feature","properties":{"segmentId":"osm-gaul2-18003-6133943623-6133943618-0","regionId":"gaul2-18003","province":"Jambi","region":"Kota Jambi","roadName":"Jalan Pangeran Hidayat","highway":"trunk","lengthMeters":105.647,"osmWayIds":["654629431"],"u":"6133943623","v":"6133943618","key":0,"oneway":true,"source":"OpenStreetMap"},"geometry":{"type":"LineString","coordinates":[[103.6030242,-1.622605],[103.6030144,-1.622749],[103.6030149,-1.6229008],[103.6030433,-1.6232717],[103.6030331,-1.6235535]]}},{"type":"Feature","properties":{"segmentId":"osm-gaul2-18003-6133943623-6261052105-0","regionId":"gaul2-18003","province":"Jambi","region":"Kota Jambi","roadName":"Unnamed OSM road","highway":"trunk_link","lengthMeters":9.129,"osmWayIds":["1204106667"],"u":"6133943623","v":"6261052105","key":0,"oneway":false,"source":"OpenStreetMap"},"geometry":{"type":"LineString","coordinates":[[103.6030242,-1.622605],[103.6029443,-1.622586]]}},{"type":"Feature","properties":{"segmentId":"osm-gaul2-18003-6133943624-6133943623-0","regionId":"gaul2-18003","province":"Jambi","region":"Kota Jambi","roadName":"Jalan Pangeran Hidayat","highway":"trunk","lengthMeters":36.325,"osmWayIds":["654629431"],"u":"6133943624","v":"6133943623","key":0,"oneway":true,"source":"OpenStreetMap"},"geometry":{"type":"LineString","coordinates":[[103.6030855,-1.6222844],[103.6030485,-1.6224424],[103.6030242,-1.622605]]}},{"type":"Feature","properties":{"segmentId":"osm-gaul2-18003-6133943624-6261052096-0","regionId":"gaul2-18003","province":"Jambi","region":"Kota Jambi","roadName":"Unnamed OSM road","highway":"trunk_link","lengthMeters":8.311,"osmWayIds":["1204106668"],"u":"6133943624","v":"6261052096","key":0,"oneway":false,"source":"OpenStreetMap"},"geometry":{"type":"LineString","coordinates":[[103.6030855,-1.6222844],[103.6030141,-1.6222622]]}},{"type":"Feature","properties":{"segmentId":"osm-gaul2-18003-6134982523-5560354397-0","regionId":"gaul2-18003","province":"Jambi","region":"Kota Jambi","roadName":"Jalan Slamet Riyadi","highway":"secondary","lengthMeters":146.3,"osmWayIds":["970770036"],"u":"6134982523","v":"5560354397","key":0,"oneway":true,"source":"OpenStreetMap"},"geometry":{"type":"LineString","coordinates":[[103.5934903,-1.6061438],[103.593414,-1.6062839],[103.5933642,-1.6063724],[103.5933012,-1.6064608],[103.5932086,-1.6066143],[103.593048,-1.6069145],[103.5928195,-1.6072746]]}},{"type":"Feature","properties":{"segmentId":"osm-gaul2-18003-6134982523-6134982549-0","regionId":"gaul2-18003","province":"Jambi","region":"Kota Jambi","roadName":"Unnamed OSM road","highway":"secondary_link","lengthMeters":11.228,"osmWayIds":["654717033"],"u":"6134982523","v":"6134982549","key":0,"oneway":false,"source":"OpenStreetMap"},"geometry":{"type":"LineString","coordinates":[[103.5934903,-1.6061438],[103.5934098,-1.6060828]]}},{"type":"Feature","properties":{"segmentId":"osm-gaul2-18003-6134982525-4270170347-0","regionId":"gaul2-18003","province":"Jambi","region":"Kota Jambi","roadName":"Unnamed OSM road","highway":"secondary_link","lengthMeters":8.984,"osmWayIds":["654717036"],"u":"6134982525","v":"4270170347","key":0,"oneway":false,"source":"OpenStreetMap"},"geometry":{"type":"LineString","coordinates":[[103.5970982,-1.5997633],[103.5971389,-1.5998331]]}},{"type":"Feature","properties":{"segmentId":"osm-gaul2-18003-6134982525-6134982530-0","regionId":"gaul2-18003","province":"Jambi","region":"Kota Jambi","roadName":"Jalan Slamet Riyadi","highway":"secondary","lengthMeters":543.075,"osmWayIds":["605301704","654717039"],"u":"6134982525","v":"6134982530","key":0,"oneway":true,"source":"OpenStreetMap"},"geometry":{"type":"LineString","coordinates":[[103.5970982,-1.5997633],[103.5973057,-1.5996634],[103.5976531,-1.5994965],[103.5980125,-1.5992861],[103.598211,-1.5991292],[103.5982436,-1.5990955],[103.5983357,-1.5990005],[103.5984604,-1.5988169],[103.59859,-1.5985017],[103.5986616,-1.5983275],[103.5987918,-1.5979726],[103.5988574,-1.597794],[103.5989756,-1.5971737],[103.5990237,-1.5969213],[103.5991336,-1.5966451],[103.5992315,-1.5964775],[103.599371,-1.596318],[103.5994429,-1.5962552],[103.5995628,-1.5961504],[103.599764,-1.5959945]]}},{"type":"Feature","properties":{"segmentId":"osm-gaul2-18003-6134982529-4270170347-0","regionId":"gaul2-18003","province":"Jambi","region":"Kota Jambi","roadName":"Jalan Slamet Riyadi","highway":"secondary","lengthMeters":546.798,"osmWayIds":["427844065"],"u":"6134982529","v":"4270170347","key":0,"oneway":true,"source":"OpenStreetMap"},"geometry":{"type":"LineString","coordinates":[[103.5998314,-1.5960586],[103.5996124,-1.5962362],[103.5993968,-1.5964336],[103.5992437,-1.5966132],[103.5991925,-1.5966998],[103.5991746,-1.59673],[103.5991033,-1.596933],[103.5989989,-1.5975625],[103.5989503,-1.5978085],[103.5988849,-1.5980058],[103.5987109,-1.598451],[103.5985853,-1.5987723],[103.5985154,-1.5989201],[103.5984279,-1.5990348],[103.5983132,-1.5991673],[103.5981359,-1.5993062],[103.5978699,-1.5994748],[103.5976826,-1.5995716],[103.5974838,-1.5996698],[103.5971389,-1.5998331]]}},{"type":"Feature","properties":{"segmentId":"osm-gaul2-18003-6134982529-6134982530-0","regionId":"gaul2-18003","province":"Jambi","region":"Kota Jambi","roadName":"Unnamed OSM road","highway":"secondary_link","lengthMeters":10.341,"osmWayIds":["654717038"],"u":"6134982529","v":"6134982530","key":0,"oneway":false,"source":"OpenStreetMap"},"geometry":{"type":"LineString","coordinates":[[103.5998314,-1.5960586],[103.599764,-1.5959945]]}},{"type":"Feature","properties":{"segmentId":"osm-gaul2-18003-6134982530-6130625673-0","regionId":"gaul2-18003","province":"Jambi","region":"Kota Jambi","roadName":"Jalan Slamet Riyadi","highway":"secondary","lengthMeters":661.57,"osmWayIds":["605301704"],"u":"6134982530","v":"6130625673","key":0,"oneway":true,"source":"OpenStreetMap"},"geometry":{"type":"LineString","coordinates":[[103.599764,-1.5959945],[103.5999624,-1.5958408],[103.6006236,-1.5952589],[103.6008569,-1.5951045],[103.6009964,-1.5950699],[103.6011453,-1.5950579],[103.6014082,-1.5950619],[103.601663,-1.5951262],[103.6020702,-1.595265],[103.6025213,-1.5953836],[103.6029783,-1.5954807],[103.6038624,-1.5956839],[103.6042137,-1.5957683],[103.6043451,-1.5957877],[103.6049983,-1.5958287],[103.6053,-1.5958274]]}},{"type":"Feature","properties":{"segmentId":"osm-gaul2-18003-6134982530-6134982529-0","regionId":"gaul2-18003","province":"Jambi","region":"Kota Jambi","roadName":"Unnamed OSM road","highway":"secondary_link","lengthMeters":10.341,"osmWayIds":["654717038"],"u":"6134982530","v":"6134982529","key":0,"oneway":false,"source":"OpenStreetMap"},"geometry":{"type":"LineString","coordinates":[[103.599764,-1.5959945],[103.5998314,-1.5960586]]}},{"type":"Feature","properties":{"segmentId":"osm-gaul2-18003-6134982544-5126812864-0","regionId":"gaul2-18003","province":"Jambi","region":"Kota Jambi","roadName":"Unnamed OSM road","highway":"secondary_link","lengthMeters":9.878,"osmWayIds":["654717034"],"u":"6134982544","v":"5126812864","key":0,"oneway":false,"source":"OpenStreetMap"},"geometry":{"type":"LineString","coordinates":[[103.5941045,-1.6031375],[103.594193,-1.6031456]]}},{"type":"Feature","properties":{"segmentId":"osm-gaul2-18003-6134982544-6134982525-0","regionId":"gaul2-18003","province":"Jambi","region":"Kota Jambi","roadName":"Jalan Slamet Riyadi","highway":"secondary","lengthMeters":531.281,"osmWayIds":["654717039"],"u":"6134982544","v":"6134982525","key":0,"oneway":true,"source":"OpenStreetMap"},"geometry":{"type":"LineString","coordinates":[[103.5941045,-1.6031375],[103.594189,-1.6027716],[103.5943003,-1.6023345],[103.594425,-1.6018968],[103.594484,-1.6017206],[103.594602,-1.601502],[103.594646,-1.6014341],[103.5946798,-1.6013821],[103.5947784,-1.6012761],[103.5948991,-1.6011595],[103.5950124,-1.6010737],[103.5953256,-1.6008565],[103.5957266,-1.6006003],[103.5964863,-1.6000998],[103.5968959,-1.599867],[103.5970982,-1.5997633]]}},{"type":"Feature","properties":{"segmentId":"osm-gaul2-18003-6134982549-6134982523-0","regionId":"gaul2-18003","province":"Jambi","region":"Kota Jambi","roadName":"Unnamed OSM road","highway":"secondary_link","lengthMeters":11.228,"osmWayIds":["654717033"],"u":"6134982549","v":"6134982523","key":0,"oneway":false,"source":"OpenStreetMap"},"geometry":{"type":"LineString","coordinates":[[103.5934098,-1.6060828],[103.5934903,-1.6061438]]}},{"type":"Feature","properties":{"segmentId":"osm-gaul2-18003-6134982549-6134982544-0","regionId":"gaul2-18003","province":"Jambi","region":"Kota Jambi","roadName":"Jalan Slamet Riyadi","highway":"secondary","lengthMeters":337.822,"osmWayIds":["654717039"],"u":"6134982549","v":"6134982544","key":0,"oneway":true,"source":"OpenStreetMap"},"geometry":{"type":"LineString","coordinates":[[103.5934098,-1.6060828],[103.5935439,-1.6057973],[103.5936418,-1.6055251],[103.5937223,-1.6051813],[103.5937592,-1.605011],[103.5937974,-1.6048682],[103.5938497,-1.604509],[103.5938993,-1.604277],[103.5939489,-1.6039432],[103.5940187,-1.6035974],[103.5941045,-1.6031375]]}},{"type":"Feature","properties":{"segmentId":"osm-gaul2-18003-6135140806-6133943586-0","regionId":"gaul2-18003","province":"Jambi","region":"Kota Jambi","roadName":"Jalan Pangeran Hidayat","highway":"trunk","lengthMeters":49.529,"osmWayIds":["654629426"],"u":"6135140806","v":"6133943586","key":0,"oneway":true,"source":"OpenStreetMap"},"geometry":{"type":"LineString","coordinates":[[103.6037638,-1.6326275],[103.6038074,-1.6328282],[103.6038091,-1.6329965],[103.6037898,-1.6330656]]}},{"type":"Feature","properties":{"segmentId":"osm-gaul2-18003-6135140806-6135140807-0","regionId":"gaul2-18003","province":"Jambi","region":"Kota Jambi","roadName":"Unnamed OSM road","highway":"trunk_link","lengthMeters":6.763,"osmWayIds":["1204106671"],"u":"6135140806","v":"6135140807","key":0,"oneway":true,"source":"OpenStreetMap"},"geometry":{"type":"LineString","coordinates":[[103.6037638,-1.6326275],[103.6037061,-1.6326468]]}},{"type":"Feature","properties":{"segmentId":"osm-gaul2-18003-6135140807-4791347325-0","regionId":"gaul2-18003","province":"Jambi","region":"Kota Jambi","roadName":"Jalan Pangeran Hidayat","highway":"trunk","lengthMeters":9.422,"osmWayIds":["654629425"],"u":"6135140807","v":"4791347325","key":0,"oneway":true,"source":"OpenStreetMap"},"geometry":{"type":"LineString","coordinates":[[103.6037061,-1.6326468],[103.603684,-1.632565]]}},{"type":"Feature","properties":{"segmentId":"osm-gaul2-18003-6135347988-3666011695-0","regionId":"gaul2-18003","province":"Jambi","region":"Kota Jambi","roadName":"Jalan Profesor M. Yamin SH","highway":"trunk","lengthMeters":482.829,"osmWayIds":["362262792"],"u":"6135347988","v":"3666011695","key":0,"oneway":true,"source":"OpenStreetMap"},"geometry":{"type":"LineString","coordinates":[[103.6039998,-1.6121463],[103.6038929,-1.6114958],[103.6038361,-1.6111723],[103.603814,-1.6109752],[103.6038085,-1.6108872],[103.6038097,-1.6107634],[103.6038224,-1.6106488],[103.6038414,-1.6105232],[103.6038925,-1.6103713],[103.6039458,-1.6102583],[103.6039906,-1.6101561],[103.604106,-1.6099517],[103.6043132,-1.6096628],[103.6043806,-1.6095315],[103.6044285,-1.609405],[103.6044813,-1.6092429],[103.604535,-1.6090186],[103.6046164,-1.6086417],[103.6046485,-1.6084547],[103.604665,-1.6082282],[103.6046706,-1.6079997]]}},{"type":"Feature","properties":{"segmentId":"osm-gaul2-18003-6135347988-6135347989-0","regionId":"gaul2-18003","province":"Jambi","region":"Kota Jambi","roadName":"Unnamed OSM road","highway":"trunk_link","lengthMeters":6.404,"osmWayIds":["654749080"],"u":"6135347988","v":"6135347989","key":0,"oneway":false,"source":"OpenStreetMap"},"geometry":{"type":"LineString","coordinates":[[103.6039998,-1.6121463],[103.6040568,-1.6121379]]}},{"type":"Feature","properties":{"segmentId":"osm-gaul2-18003-6135347989-6135347988-0","regionId":"gaul2-18003","province":"Jambi","region":"Kota Jambi","roadName":"Unnamed OSM road","highway":"trunk_link","lengthMeters":6.404,"osmWayIds":["654749080"],"u":"6135347989","v":"6135347988","key":0,"oneway":false,"source":"OpenStreetMap"},"geometry":{"type":"LineString","coordinates":[[103.6040568,-1.6121379],[103.6039998,-1.6121463]]}},{"type":"Feature","properties":{"segmentId":"osm-gaul2-18003-6135347989-6135348002-0","regionId":"gaul2-18003","province":"Jambi","region":"Kota Jambi","roadName":"Jalan Profesor M. Yamin SH","highway":"trunk","lengthMeters":173.632,"osmWayIds":["654749081"],"u":"6135347989","v":"6135348002","key":0,"oneway":true,"source":"OpenStreetMap"},"geometry":{"type":"LineString","coordinates":[[103.6040568,-1.6121379],[103.6040864,-1.6123334],[103.6041331,-1.612649],[103.604203,-1.6132529],[103.6042741,-1.6136839]]}},{"type":"Feature","properties":{"segmentId":"osm-gaul2-18003-6135347993-3666011706-0","regionId":"gaul2-18003","province":"Jambi","region":"Kota Jambi","roadName":"Unnamed OSM road","highway":"trunk","lengthMeters":21.219,"osmWayIds":["1245463809"],"u":"6135347993","v":"3666011706","key":0,"oneway":true,"source":"OpenStreetMap"},"geometry":{"type":"LineString","coordinates":[[103.6043164,-1.6168233],[103.6042431,-1.6169995]]}},{"type":"Feature","properties":{"segmentId":"osm-gaul2-18003-6135348002-4791352827-0","regionId":"gaul2-18003","province":"Jambi","region":"Kota Jambi","roadName":"Unnamed OSM road","highway":"secondary","lengthMeters":7.159,"osmWayIds":["1022824379"],"u":"6135348002","v":"4791352827","key":0,"oneway":false,"source":"OpenStreetMap"},"geometry":{"type":"LineString","coordinates":[[103.6042741,-1.6136839],[103.60421,-1.6136902]]}},{"type":"Feature","properties":{"segmentId":"osm-gaul2-18003-6135348002-5143547595-0","regionId":"gaul2-18003","province":"Jambi","region":"Kota Jambi","roadName":"Jalan Gajah Mada","highway":"secondary","lengthMeters":1489.47,"osmWayIds":["1121872767","668411941","668411942"],"u":"6135348002","v":"5143547595","key":0,"oneway":false,"source":"OpenStreetMap"},"geometry":{"type":"LineString","coordinates":[[103.6042741,-1.6136839],[103.6047126,-1.613641],[103.6050687,-1.6136118],[103.6051455,-1.6135967],[103.6052239,-1.6135746],[103.6053527,-1.6134982],[103.6054402,-1.6134399],[103.6056698,-1.613274],[103.605813,-1.6131664],[103.6059017,-1.613095],[103.6061446,-1.6129144],[103.6063072,-1.6127971],[103.6063649,-1.6127518],[103.6066157,-1.612535],[103.6071239,-1.6121771],[103.6073399,-1.6120383],[103.6074418,-1.611986],[103.607539,-1.6119458],[103.6077274,-1.6118768],[103.6078025,-1.611864],[103.6078857,-1.6118627],[103.6080091,-1.6118989],[103.6080701,-1.6119324],[103.6081331,-1.6119827],[103.6084831,-1.6123238],[103.6085388,-1.6123641],[103.6086206,-1.6123949],[103.6089941,-1.6124036],[103.6090625,-1.6124177],[103.6091229,-1.6124458],[103.6091463,-1.6124696],[103.6091691,-1.6124928],[103.609198,-1.612539],[103.6092429,-1.6127106],[103.6092865,-1.6130565],[103.609312,-1.6131429],[103.6093508,-1.6132066],[103.6094803,-1.6133058],[103.6095555,-1.6133346],[103.6095922,-1.6133487],[103.6096968,-1.613399],[103.6100703,-1.6135404],[103.6105934,-1.6137127],[103.6109859,-1.6138254],[103.6110929,-1.6138561],[103.6115503,-1.6139815],[103.6117212,-1.6140345],[103.6124863,-1.6143662],[103.6125547,-1.6143957],[103.6128967,-1.6145391],[103.613,-1.6145733],[103.6131281,-1.6146042],[103.6138389,-1.6145887],[103.6139233,-1.6145934],[103.6139951,-1.6146129],[103.6140329,-1.6146389],[103.6141486,-1.6146859],[103.6142982,-1.6147811],[103.6145872,-1.6150217],[103.6151157,-1.6154522],[103.6153811,-1.6156639],[103.6154972,-1.6157222],[103.6156079,-1.6157487],[103.6157064,-1.6157538]]}},{"type":"Feature","properties":{"segmentId":"osm-gaul2-18003-6135348002-6135347993-0","regionId":"gaul2-18003","province":"Jambi","region":"Kota Jambi","roadName":"Jalan Profesor M. Yamin SH","highway":"trunk","lengthMeters":355.437,"osmWayIds":["1022824378"],"u":"6135348002","v":"6135347993","key":0,"oneway":true,"source":"OpenStreetMap"},"geometry":{"type":"LineString","coordinates":[[103.6042741,-1.6136839],[103.6044181,-1.6145903],[103.604429,-1.6146947],[103.6045294,-1.6155343],[103.6045287,-1.6156073],[103.6045423,-1.6158369],[103.6045386,-1.6159609],[103.6044785,-1.6164435],[103.604423,-1.6166157],[103.6043505,-1.6167725],[103.6043164,-1.6168233]]}},{"type":"Feature","properties":{"segmentId":"osm-gaul2-18003-6135348017-3666011695-0","regionId":"gaul2-18003","province":"Jambi","region":"Kota Jambi","roadName":"Unnamed OSM road","highway":"trunk_link","lengthMeters":7.43,"osmWayIds":["825704529"],"u":"6135348017","v":"3666011695","key":0,"oneway":false,"source":"OpenStreetMap"},"geometry":{"type":"LineString","coordinates":[[103.604737,-1.6080074],[103.6046706,-1.6079997]]}},{"type":"Feature","properties":{"segmentId":"osm-gaul2-18003-6135348017-6135347989-0","regionId":"gaul2-18003","province":"Jambi","region":"Kota Jambi","roadName":"Jalan Profesor M. Yamin SH","highway":"trunk","lengthMeters":481.298,"osmWayIds":["654749081"],"u":"6135348017","v":"6135347989","key":0,"oneway":true,"source":"OpenStreetMap"},"geometry":{"type":"LineString","coordinates":[[103.604737,-1.6080074],[103.604737,-1.6082405],[103.6047119,-1.6084737],[103.6046772,-1.6086616],[103.6045995,-1.6090491],[103.6045599,-1.6092409],[103.6045087,-1.6094335],[103.6044444,-1.6095783],[103.6043787,-1.6096967],[103.6042774,-1.6098495],[103.604181,-1.6099801],[103.6040467,-1.6101896],[103.6039562,-1.6103938],[103.6039131,-1.6105406],[103.6038951,-1.6106491],[103.6038774,-1.610762],[103.6038717,-1.6108883],[103.6038767,-1.6109682],[103.6038951,-1.6111723],[103.6039429,-1.611491],[103.6040568,-1.6121379]]}},{"type":"Feature","properties":{"segmentId":"osm-gaul2-18003-6135348035-5430392907-0","regionId":"gaul2-18003","province":"Jambi","region":"Kota Jambi","roadName":"Jalan Soemantri Brodjonegoro","highway":"primary","lengthMeters":11.326,"osmWayIds":["654749084"],"u":"6135348035","v":"5430392907","key":0,"oneway":true,"source":"OpenStreetMap"},"geometry":{"type":"LineString","coordinates":[[103.603877,-1.6022202],[103.6037803,-1.6022523]]}},{"type":"Feature","properties":{"segmentId":"osm-gaul2-18003-6135348035-7591804165-0","regionId":"gaul2-18003","province":"Jambi","region":"Kota Jambi","roadName":"Jalan Profesor M. Yamin SH","highway":"trunk","lengthMeters":342.717,"osmWayIds":["654749081"],"u":"6135348035","v":"7591804165","key":0,"oneway":true,"source":"OpenStreetMap"},"geometry":{"type":"LineString","coordinates":[[103.603877,-1.6022202],[103.6038874,-1.6023804],[103.6038579,-1.6025483],[103.6037816,-1.6027134],[103.6037604,-1.6028391],[103.6037616,-1.6029717],[103.6038016,-1.6031489],[103.6040027,-1.6035702],[103.6041042,-1.6037703],[103.6041902,-1.6039285],[103.6045727,-1.6045152],[103.6047522,-1.604792],[103.6048555,-1.6049932]]}},{"type":"Feature","properties":{"segmentId":"osm-gaul2-18003-6135348036-5722942361-0","regionId":"gaul2-18003","province":"Jambi","region":"Kota Jambi","roadName":"Jalan Sultan Agung","highway":"trunk","lengthMeters":70.571,"osmWayIds":["717959043"],"u":"6135348036","v":"5722942361","key":0,"oneway":true,"source":"OpenStreetMap"},"geometry":{"type":"LineString","coordinates":[[103.6038382,-1.6021253],[103.6040094,-1.6020809],[103.6041735,-1.6020056],[103.6043385,-1.601919],[103.6044292,-1.6019103]]}},{"type":"Feature","properties":{"segmentId":"osm-gaul2-18003-6135348036-6135348035-0","regionId":"gaul2-18003","province":"Jambi","region":"Kota Jambi","roadName":"Unnamed OSM road","highway":"trunk","lengthMeters":11.4,"osmWayIds":["1061938834"],"u":"6135348036","v":"6135348035","key":0,"oneway":true,"source":"OpenStreetMap"},"geometry":{"type":"LineString","coordinates":[[103.6038382,-1.6021253],[103.603877,-1.6022202]]}},{"type":"Feature","properties":{"segmentId":"osm-gaul2-18003-6135478571-5126813001-0","regionId":"gaul2-18003","province":"Jambi","region":"Kota Jambi","roadName":"Unnamed OSM road","highway":"tertiary_link","lengthMeters":9.412,"osmWayIds":["816114245"],"u":"6135478571","v":"5126813001","key":0,"oneway":false,"source":"OpenStreetMap"},"geometry":{"type":"LineString","coordinates":[[103.6238703,-1.5930469],[103.6239548,-1.5930524]]}},{"type":"Feature","properties":{"segmentId":"osm-gaul2-18003-6135478571-7621370334-0","regionId":"gaul2-18003","province":"Jambi","region":"Kota Jambi","roadName":"Jalan Kyai Haji Hasyim Ashari","highway":"tertiary","lengthMeters":53.338,"osmWayIds":["654764020"],"u":"6135478571","v":"7621370334","key":0,"oneway":true,"source":"OpenStreetMap"},"geometry":{"type":"LineString","coordinates":[[103.6238703,-1.5930469],[103.6239065,-1.5928915],[103.6239346,-1.5927185],[103.6239414,-1.5925738]]}},{"type":"Feature","properties":{"segmentId":"osm-gaul2-18003-6135478573-5122352883-0","regionId":"gaul2-18003","province":"Jambi","region":"Kota Jambi","roadName":"Jalan Panglima Polim","highway":"tertiary","lengthMeters":6.71,"osmWayIds":["654251368"],"u":"6135478573","v":"5122352883","key":0,"oneway":false,"source":"OpenStreetMap"},"geometry":{"type":"LineString","coordinates":[[103.6239149,-1.5920158],[103.6239722,-1.5920348]]}},{"type":"Feature","properties":{"segmentId":"osm-gaul2-18003-6135478573-6130778139-0","regionId":"gaul2-18003","province":"Jambi","region":"Kota Jambi","roadName":"Jalan Letkol M. Imsya","highway":"tertiary","lengthMeters":110.742,"osmWayIds":["656255213"],"u":"6135478573","v":"6130778139","key":0,"oneway":false,"source":"OpenStreetMap"},"geometry":{"type":"LineString","coordinates":[[103.6239149,-1.5920158],[103.623625,-1.5919182],[103.6231755,-1.5918391],[103.6229417,-1.5918296]]}},{"type":"Feature","properties":{"segmentId":"osm-gaul2-18003-6135575703-11015122288-0","regionId":"gaul2-18003","province":"Jambi","region":"Kota Jambi","roadName":"Unnamed OSM road","highway":"secondary_link","lengthMeters":12.579,"osmWayIds":["1284820639"],"u":"6135575703","v":"11015122288","key":0,"oneway":false,"source":"OpenStreetMap"},"geometry":{"type":"LineString","coordinates":[[103.6061275,-1.6318794],[103.6062016,-1.6319649]]}},{"type":"Feature","properties":{"segmentId":"osm-gaul2-18003-6135575703-5126809775-0","regionId":"gaul2-18003","province":"Jambi","region":"Kota Jambi","roadName":"Jalan Jend. Basuki Rahmat","highway":"secondary","lengthMeters":219.562,"osmWayIds":["374536763"],"u":"6135575703","v":"5126809775","key":0,"oneway":true,"source":"OpenStreetMap"},"geometry":{"type":"LineString","coordinates":[[103.6061275,-1.6318794],[103.6062589,-1.6317668],[103.6065821,-1.6315094],[103.6066934,-1.6314008],[103.6072295,-1.6309922],[103.6072956,-1.6309276],[103.6073676,-1.6308659],[103.6076555,-1.6306303]]}},{"type":"Feature","properties":{"segmentId":"osm-gaul2-18003-6136237569-4271535397-0","regionId":"gaul2-18003","province":"Jambi","region":"Kota Jambi","roadName":"Unnamed OSM road","highway":"secondary","lengthMeters":460.904,"osmWayIds":["601384629"],"u":"6136237569","v":"4271535397","key":0,"oneway":true,"source":"OpenStreetMap"},"geometry":{"type":"LineString","coordinates":[[103.5833006,-1.6097352],[103.5833112,-1.6091161],[103.5833233,-1.6084082],[103.583325,-1.6083119],[103.5833327,-1.6078631],[103.5833449,-1.6071519],[103.5833511,-1.606786],[103.5833534,-1.6066518],[103.5833575,-1.6064163],[103.5833608,-1.6062195],[103.5833701,-1.6056804],[103.5833716,-1.6055908]]}},{"type":"Feature","properties":{"segmentId":"osm-gaul2-18003-6136237569-6167939747-0","regionId":"gaul2-18003","province":"Jambi","region":"Kota Jambi","roadName":"Jalan Mayor Jenderal HM. J.Singedekane","highway":"secondary","lengthMeters":15.686,"osmWayIds":["1217761876"],"u":"6136237569","v":"6167939747","key":0,"oneway":true,"source":"OpenStreetMap"},"geometry":{"type":"LineString","coordinates":[[103.5833006,-1.6097352],[103.5834414,-1.6097447]]}},{"type":"Feature","properties":{"segmentId":"osm-gaul2-18003-6136250558-6136250559-0","regionId":"gaul2-18003","province":"Jambi","region":"Kota Jambi","roadName":"Unnamed OSM road","highway":"trunk_link","lengthMeters":12.602,"osmWayIds":["654856244"],"u":"6136250558","v":"6136250559","key":0,"oneway":false,"source":"OpenStreetMap"},"geometry":{"type":"LineString","coordinates":[[103.6271687,-1.6154293],[103.6270677,-1.6154808]]}},{"type":"Feature","properties":{"segmentId":"osm-gaul2-18003-6136250558-6136251440-0","regionId":"gaul2-18003","province":"Jambi","region":"Kota Jambi","roadName":"Jalan Jenderal Sudirman","highway":"trunk","lengthMeters":146.234,"osmWayIds":["654856257"],"u":"6136250558","v":"6136251440","key":0,"oneway":true,"source":"OpenStreetMap"},"geometry":{"type":"LineString","coordinates":[[103.6271687,-1.6154293],[103.627848,-1.61643],[103.6279151,-1.6165118]]}},{"type":"Feature","properties":{"segmentId":"osm-gaul2-18003-6136250559-6136250558-0","regionId":"gaul2-18003","province":"Jambi","region":"Kota Jambi","roadName":"Unnamed OSM road","highway":"trunk_link","lengthMeters":12.602,"osmWayIds":["654856244"],"u":"6136250559","v":"6136250558","key":0,"oneway":false,"source":"OpenStreetMap"},"geometry":{"type":"LineString","coordinates":[[103.6270677,-1.6154808],[103.6271687,-1.6154293]]}},{"type":"Feature","properties":{"segmentId":"osm-gaul2-18003-6136250559-6136251439-0","regionId":"gaul2-18003","province":"Jambi","region":"Kota Jambi","roadName":"Jalan Jenderal Sudirman","highway":"trunk","lengthMeters":459.939,"osmWayIds":["654856251"],"u":"6136250559","v":"6136251439","key":0,"oneway":true,"source":"OpenStreetMap"},"geometry":{"type":"LineString","coordinates":[[103.6270677,-1.6154808],[103.6269838,-1.6153685],[103.6266787,-1.6149784],[103.6261763,-1.6142846],[103.6258766,-1.613783],[103.6255163,-1.6131801],[103.6252537,-1.612735],[103.6249969,-1.6122936],[103.6248294,-1.6120085]]}},{"type":"Feature","properties":{"segmentId":"osm-gaul2-18003-6136250564-6136250565-0","regionId":"gaul2-18003","province":"Jambi","region":"Kota Jambi","roadName":"Unnamed OSM road","highway":"primary_link","lengthMeters":8.663,"osmWayIds":["654856246"],"u":"6136250564","v":"6136250565","key":0,"oneway":false,"source":"OpenStreetMap"},"geometry":{"type":"LineString","coordinates":[[103.6201926,-1.6044861],[103.6201563,-1.6044997],[103.6201196,-1.6045134]]}},{"type":"Feature","properties":{"segmentId":"osm-gaul2-18003-6136250564-6136250568-0","regionId":"gaul2-18003","province":"Jambi","region":"Kota Jambi","roadName":"Jalan Jenderal Sudirman","highway":"trunk","lengthMeters":247.911,"osmWayIds":["1025395245","654866502","654866503"],"u":"6136250564","v":"6136250568","key":0,"oneway":true,"source":"OpenStreetMap"},"geometry":{"type":"LineString","coordinates":[[103.6201926,-1.6044861],[103.6202426,-1.6046256],[103.620303,-1.6048079],[103.6204624,-1.6053477],[103.6205202,-1.6055479],[103.6206276,-1.6058723],[103.6206932,-1.6060144],[103.6208066,-1.6061779],[103.6209272,-1.6062885],[103.621126,-1.606452]]}},{"type":"Feature","properties":{"segmentId":"osm-gaul2-18003-6136250565-6136250564-0","regionId":"gaul2-18003","province":"Jambi","region":"Kota Jambi","roadName":"Unnamed OSM road","highway":"primary_link","lengthMeters":8.663,"osmWayIds":["654856246"],"u":"6136250565","v":"6136250564","key":0,"oneway":false,"source":"OpenStreetMap"},"geometry":{"type":"LineString","coordinates":[[103.6201196,-1.6045134],[103.6201563,-1.6044997],[103.6201926,-1.6044861]]}},{"type":"Feature","properties":{"segmentId":"osm-gaul2-18003-6136250565-6136250567-0","regionId":"gaul2-18003","province":"Jambi","region":"Kota Jambi","roadName":"Jalan Jenderal Sudirman","highway":"trunk","lengthMeters":98.44,"osmWayIds":["654866504"],"u":"6136250565","v":"6136250567","key":0,"oneway":true,"source":"OpenStreetMap"},"geometry":{"type":"LineString","coordinates":[[103.6201196,-1.6045134],[103.620087,-1.6044433],[103.6199865,-1.6042167],[103.6199559,-1.6041582],[103.6199063,-1.6040637],[103.6198134,-1.6039271],[103.6196802,-1.6037492]]}},{"type":"Feature","properties":{"segmentId":"osm-gaul2-18003-6136250566-6136250564-0","regionId":"gaul2-18003","province":"Jambi","region":"Kota Jambi","roadName":"Jalan Jenderal Sudirman","highway":"trunk","lengthMeters":101.033,"osmWayIds":["654866503"],"u":"6136250566","v":"6136250564","key":0,"oneway":true,"source":"OpenStreetMap"},"geometry":{"type":"LineString","coordinates":[[103.6197461,-1.6036972],[103.6198578,-1.6038716],[103.6199539,-1.6040087],[103.6200508,-1.6041845],[103.6201622,-1.6044112],[103.6201926,-1.6044861]]}},{"type":"Feature","properties":{"segmentId":"osm-gaul2-18003-6136250566-6136250567-0","regionId":"gaul2-18003","province":"Jambi","region":"Kota Jambi","roadName":"Unnamed OSM road","highway":"trunk_link","lengthMeters":9.332,"osmWayIds":["654856247"],"u":"6136250566","v":"6136250567","key":0,"oneway":false,"source":"OpenStreetMap"},"geometry":{"type":"LineString","coordinates":[[103.6197461,-1.6036972],[103.6196802,-1.6037492]]}},{"type":"Feature","properties":{"segmentId":"osm-gaul2-18003-6136250567-4791347345-0","regionId":"gaul2-18003","province":"Jambi","region":"Kota Jambi","roadName":"Jalan Jenderal Sudirman","highway":"trunk","lengthMeters":205.438,"osmWayIds":["1206896921"],"u":"6136250567","v":"4791347345","key":0,"oneway":true,"source":"OpenStreetMap"},"geometry":{"type":"LineString","coordinates":[[103.6196802,-1.6037492],[103.6194098,-1.6034057],[103.6192897,-1.6032849],[103.6191833,-1.6031914],[103.6188251,-1.6029051],[103.6186065,-1.6027059],[103.6184603,-1.6025842],[103.6183445,-1.6024823]]}},{"type":"Feature","properties":{"segmentId":"osm-gaul2-18003-6136250567-6136250566-0","regionId":"gaul2-18003","province":"Jambi","region":"Kota Jambi","roadName":"Unnamed OSM road","highway":"trunk_link","lengthMeters":9.332,"osmWayIds":["654856247"],"u":"6136250567","v":"6136250566","key":0,"oneway":false,"source":"OpenStreetMap"},"geometry":{"type":"LineString","coordinates":[[103.6196802,-1.6037492],[103.6197461,-1.6036972]]}},{"type":"Feature","properties":{"segmentId":"osm-gaul2-18003-6136250568-6136250569-0","regionId":"gaul2-18003","province":"Jambi","region":"Kota Jambi","roadName":"Unnamed OSM road","highway":"trunk_link","lengthMeters":9.167,"osmWayIds":["654856248"],"u":"6136250568","v":"6136250569","key":0,"oneway":false,"source":"OpenStreetMap"},"geometry":{"type":"LineString","coordinates":[[103.621126,-1.606452],[103.6210754,-1.6065171]]}},{"type":"Feature","properties":{"segmentId":"osm-gaul2-18003-6136250568-8894009196-0","regionId":"gaul2-18003","province":"Jambi","region":"Kota Jambi","roadName":"Jalan Jenderal Sudirman","highway":"trunk","lengthMeters":255.64,"osmWayIds":["1025395245"],"u":"6136250568","v":"8894009196","key":0,"oneway":true,"source":"OpenStreetMap"},"geometry":{"type":"LineString","coordinates":[[103.621126,-1.606452],[103.6212927,-1.6065735],[103.6215193,-1.606737],[103.6219466,-1.6070856],[103.6221336,-1.6073054],[103.6222666,-1.6075034],[103.6226016,-1.6080575],[103.6226486,-1.6081315]]}},{"type":"Feature","properties":{"segmentId":"osm-gaul2-18003-6136250569-6136250565-0","regionId":"gaul2-18003","province":"Jambi","region":"Kota Jambi","roadName":"Jalan Jenderal Sudirman","highway":"trunk","lengthMeters":252.779,"osmWayIds":["1025395246","654866504","654866505"],"u":"6136250569","v":"6136250565","key":0,"oneway":true,"source":"OpenStreetMap"},"geometry":{"type":"LineString","coordinates":[[103.6210754,-1.6065171],[103.620938,-1.6064032],[103.6207388,-1.6062155],[103.6206168,-1.6060452],[103.6205518,-1.6058964],[103.620488,-1.6056846],[103.6204176,-1.6054581],[103.6202829,-1.6049808],[103.6201196,-1.6045134]]}},{"type":"Feature","properties":{"segmentId":"osm-gaul2-18003-6136250569-6136250568-0","regionId":"gaul2-18003","province":"Jambi","region":"Kota Jambi","roadName":"Unnamed OSM road","highway":"trunk_link","lengthMeters":9.167,"osmWayIds":["654856248"],"u":"6136250569","v":"6136250568","key":0,"oneway":false,"source":"OpenStreetMap"},"geometry":{"type":"LineString","coordinates":[[103.6210754,-1.6065171],[103.621126,-1.606452]]}},{"type":"Feature","properties":{"segmentId":"osm-gaul2-18003-6136250575-4791532227-0","regionId":"gaul2-18003","province":"Jambi","region":"Kota Jambi","roadName":"Jalan Teuku Sulaiman","highway":"tertiary","lengthMeters":807.935,"osmWayIds":["1056134476","654986037","654986038"],"u":"6136250575","v":"4791532227","key":0,"oneway":false,"source":"OpenStreetMap"},"geometry":{"type":"LineString","coordinates":[[103.6235869,-1.6097169],[103.6237452,-1.609678],[103.6244172,-1.6094987],[103.6245962,-1.6094533],[103.6247776,-1.6094168],[103.624917,-1.6093799],[103.6249834,-1.609355],[103.6253871,-1.6091648],[103.6254898,-1.6091101],[103.6255755,-1.609063],[103.6258929,-1.6089167],[103.6260733,-1.6088174],[103.6260921,-1.6088103],[103.6261703,-1.608791],[103.6263957,-1.6087526],[103.6266803,-1.6087207],[103.626739,-1.6087184],[103.6269575,-1.6087365],[103.6273867,-1.6088075],[103.6274363,-1.6088182],[103.6274826,-1.6088337],[103.6275242,-1.6088725],[103.6275624,-1.608902],[103.6275805,-1.609012],[103.6275865,-1.6090602],[103.6276013,-1.6090857],[103.6276211,-1.6091152],[103.6276436,-1.6091404],[103.6276962,-1.6091618],[103.6279976,-1.6092386],[103.6283804,-1.609323],[103.6285172,-1.6093377],[103.6285682,-1.6093498],[103.6286205,-1.6093753],[103.6286513,-1.609394],[103.6286822,-1.6094249],[103.6286961,-1.6094903],[103.6287305,-1.6096163],[103.6287517,-1.6096484],[103.6287909,-1.6096826],[103.6288232,-1.6097054],[103.6288588,-1.6097188],[103.629256,-1.6098653],[103.6301521,-1.6101502]]}},{"type":"Feature","properties":{"segmentId":"osm-gaul2-18003-6136250575-6136251434-0","regionId":"gaul2-18003","province":"Jambi","region":"Kota Jambi","roadName":"Jalan Jenderal Sudirman","highway":"trunk","lengthMeters":88.401,"osmWayIds":["1025395245"],"u":"6136250575","v":"6136251434","key":0,"oneway":true,"source":"OpenStreetMap"},"geometry":{"type":"LineString","coordinates":[[103.6235869,-1.6097169],[103.6239914,-1.6104014]]}},{"type":"Feature","properties":{"segmentId":"osm-gaul2-18003-6136250576-6136250577-0","regionId":"gaul2-18003","province":"Jambi","region":"Kota Jambi","roadName":"Unnamed OSM road","highway":"trunk_link","lengthMeters":12.232,"osmWayIds":["654856249"],"u":"6136250576","v":"6136250577","key":0,"oneway":false,"source":"OpenStreetMap"},"geometry":{"type":"LineString","coordinates":[[103.624435,-1.611152],[103.624341,-1.6112092]]}},{"type":"Feature","properties":{"segmentId":"osm-gaul2-18003-6136250576-6136251438-0","regionId":"gaul2-18003","province":"Jambi","region":"Kota Jambi","roadName":"Jalan Jenderal Sudirman","highway":"trunk","lengthMeters":103.945,"osmWayIds":["1025395241"],"u":"6136250576","v":"6136251438","key":0,"oneway":true,"source":"OpenStreetMap"},"geometry":{"type":"LineString","coordinates":[[103.624435,-1.611152],[103.6247535,-1.6116568],[103.624921,-1.6119504]]}},{"type":"Feature","properties":{"segmentId":"osm-gaul2-18003-6136250577-6136250576-0","regionId":"gaul2-18003","province":"Jambi","region":"Kota Jambi","roadName":"Unnamed OSM road","highway":"trunk_link","lengthMeters":12.232,"osmWayIds":["654856249"],"u":"6136250577","v":"6136250576","key":0,"oneway":false,"source":"OpenStreetMap"},"geometry":{"type":"LineString","coordinates":[[103.624341,-1.6112092],[103.624435,-1.611152]]}},{"type":"Feature","properties":{"segmentId":"osm-gaul2-18003-6136250577-6136251435-0","regionId":"gaul2-18003","province":"Jambi","region":"Kota Jambi","roadName":"Jalan Jenderal Sudirman","highway":"trunk","lengthMeters":96.701,"osmWayIds":["1025395244"],"u":"6136250577","v":"6136251435","key":0,"oneway":true,"source":"OpenStreetMap"},"geometry":{"type":"LineString","coordinates":[[103.624341,-1.6112092],[103.624274,-1.6111046],[103.6238918,-1.6104645]]}},{"type":"Feature","properties":{"segmentId":"osm-gaul2-18003-6136250583-5143547595-0","regionId":"gaul2-18003","province":"Jambi","region":"Kota Jambi","roadName":"Jalan Gajah Mada","highway":"secondary","lengthMeters":45.349,"osmWayIds":["1204122865"],"u":"6136250583","v":"5143547595","key":0,"oneway":true,"source":"OpenStreetMap"},"geometry":{"type":"LineString","coordinates":[[103.616051,-1.6155844],[103.615995,-1.6156557],[103.6158847,-1.6157154],[103.615762,-1.6157695],[103.6157064,-1.6157538]]}},{"type":"Feature","properties":{"segmentId":"osm-gaul2-18003-6136250583-6136250584-0","regionId":"gaul2-18003","province":"Jambi","region":"Kota Jambi","roadName":"Unnamed OSM road","highway":"secondary_link","lengthMeters":8.992,"osmWayIds":["1138667549"],"u":"6136250583","v":"6136250584","key":0,"oneway":false,"source":"OpenStreetMap"},"geometry":{"type":"LineString","coordinates":[[103.616051,-1.6155844],[103.6161127,-1.6155321]]}},{"type":"Feature","properties":{"segmentId":"osm-gaul2-18003-6136250583-6136251397-0","regionId":"gaul2-18003","province":"Jambi","region":"Kota Jambi","roadName":"Jalan Hayam Wuruk","highway":"secondary","lengthMeters":565.497,"osmWayIds":["914894874"],"u":"6136250583","v":"6136251397","key":0,"oneway":true,"source":"OpenStreetMap"},"geometry":{"type":"LineString","coordinates":[[103.616051,-1.6155844],[103.6160198,-1.6153493],[103.615963,-1.6149864],[103.6159068,-1.6145827],[103.6158365,-1.6141401],[103.6157804,-1.6137942],[103.6156011,-1.6127146],[103.615489,-1.6120144],[103.6154026,-1.6114652],[103.615287,-1.6106631],[103.6152719,-1.610559]]}},{"type":"Feature","properties":{"segmentId":"osm-gaul2-18003-6136250584-5126813017-0","regionId":"gaul2-18003","province":"Jambi","region":"Kota Jambi","roadName":"Jalan Dr. Sumbiyono","highway":"tertiary","lengthMeters":993.829,"osmWayIds":["1204122862","527325081"],"u":"6136250584","v":"5126813017","key":0,"oneway":false,"source":"OpenStreetMap"},"geometry":{"type":"LineString","coordinates":[[103.6161127,-1.6155321],[103.6163219,-1.6154722],[103.6169381,-1.6152966],[103.6171219,-1.6152563],[103.6172815,-1.6152376],[103.6175215,-1.6152329],[103.6180016,-1.6152523],[103.6193796,-1.6154092],[103.6194527,-1.61543],[103.6195292,-1.6154628],[103.6199388,-1.6160108],[103.6203324,-1.61658],[103.6206033,-1.6169391],[103.6207498,-1.617094],[103.6209039,-1.6172722],[103.6211419,-1.6175476],[103.6214885,-1.6179822],[103.6216115,-1.6180826],[103.6221063,-1.6184324],[103.6224873,-1.6186774],[103.6228796,-1.6189297],[103.6231823,-1.6186649],[103.6233358,-1.6185612]]}},{"type":"Feature","properties":{"segmentId":"osm-gaul2-18003-6136250584-6136250583-0","regionId":"gaul2-18003","province":"Jambi","region":"Kota Jambi","roadName":"Unnamed OSM road","highway":"secondary_link","lengthMeters":8.992,"osmWayIds":["1138667549"],"u":"6136250584","v":"6136250583","key":0,"oneway":false,"source":"OpenStreetMap"},"geometry":{"type":"LineString","coordinates":[[103.6161127,-1.6155321],[103.616051,-1.6155844]]}},{"type":"Feature","properties":{"segmentId":"osm-gaul2-18003-6136250584-6136251385-0","regionId":"gaul2-18003","province":"Jambi","region":"Kota Jambi","roadName":"Jalan DI Panjaitan","highway":"tertiary","lengthMeters":100.317,"osmWayIds":["818671351"],"u":"6136250584","v":"6136251385","key":0,"oneway":true,"source":"OpenStreetMap"},"geometry":{"type":"LineString","coordinates":[[103.6161127,-1.6155321],[103.6161618,-1.6157212],[103.6164637,-1.6162462],[103.6164934,-1.616343]]}},{"type":"Feature","properties":{"segmentId":"osm-gaul2-18003-6136251385-5126809790-0","regionId":"gaul2-18003","province":"Jambi","region":"Kota Jambi","roadName":"Jalan DI Panjaitan","highway":"tertiary","lengthMeters":308.961,"osmWayIds":["1204122859","1215273439"],"u":"6136251385","v":"5126809790","key":0,"oneway":false,"source":"OpenStreetMap"},"geometry":{"type":"LineString","coordinates":[[103.6164934,-1.616343],[103.6166537,-1.6165519],[103.6170334,-1.6169944],[103.6173096,-1.6174609],[103.6174515,-1.6177365],[103.617723,-1.6185087],[103.617779,-1.6187644]]}},{"type":"Feature","properties":{"segmentId":"osm-gaul2-18003-6136251385-6136250583-0","regionId":"gaul2-18003","province":"Jambi","region":"Kota Jambi","roadName":"Jalan DI Panjaitan","highway":"tertiary","lengthMeters":99.12,"osmWayIds":["818671352"],"u":"6136251385","v":"6136250583","key":0,"oneway":true,"source":"OpenStreetMap"},"geometry":{"type":"LineString","coordinates":[[103.6164934,-1.616343],[103.616417,-1.6162895],[103.6161038,-1.6157565],[103.616051,-1.6155844]]}},{"type":"Feature","properties":{"segmentId":"osm-gaul2-18003-6136251397-6129938988-0","regionId":"gaul2-18003","province":"Jambi","region":"Kota Jambi","roadName":"Unnamed OSM road","highway":"tertiary","lengthMeters":7.002,"osmWayIds":["1219536664"],"u":"6136251397","v":"6129938988","key":0,"oneway":false,"source":"OpenStreetMap"},"geometry":{"type":"LineString","coordinates":[[103.6152719,-1.610559],[103.6153348,-1.6105556]]}},{"type":"Feature","properties":{"segmentId":"osm-gaul2-18003-6136251397-6136251421-0","regionId":"gaul2-18003","province":"Jambi","region":"Kota Jambi","roadName":"Jalan Hayam Wuruk","highway":"secondary","lengthMeters":1030.929,"osmWayIds":["654763980"],"u":"6136251397","v":"6136251421","key":0,"oneway":true,"source":"OpenStreetMap"},"geometry":{"type":"LineString","coordinates":[[103.6152719,-1.610559],[103.6152054,-1.610179],[103.6150959,-1.6095449],[103.6150284,-1.6091661],[103.6149031,-1.6084709],[103.6148335,-1.6079819],[103.6148272,-1.6078215],[103.614832,-1.6076565],[103.6148613,-1.6075002],[103.614927,-1.6072326],[103.6149835,-1.6070794],[103.6150534,-1.6069453],[103.6151343,-1.6068118],[103.6153719,-1.6064825],[103.6155193,-1.6062879],[103.6158492,-1.60582],[103.6163246,-1.6051544],[103.6164094,-1.6050457],[103.6169721,-1.6042358],[103.6171621,-1.6039808],[103.6173338,-1.6037569],[103.6177012,-1.6032381],[103.6178242,-1.6030519],[103.6182962,-1.6024019]]}},{"type":"Feature","properties":{"segmentId":"osm-gaul2-18003-6136251397-7571582729-0","regionId":"gaul2-18003","province":"Jambi","region":"Kota Jambi","roadName":"Jembatan Makalam","highway":"tertiary","lengthMeters":1978.939,"osmWayIds":["486549314","529527890","529527894","809843819"],"u":"6136251397","v":"7571582729","key":0,"oneway":false,"source":"OpenStreetMap"},"geometry":{"type":"LineString","coordinates":[[103.6152719,-1.610559],[103.6151626,-1.6104864],[103.6146349,-1.6097997],[103.6144437,-1.6095509],[103.6142063,-1.6092626],[103.6139233,-1.6088699],[103.613867,-1.6087371],[103.6138523,-1.6086165],[103.6139193,-1.6076285],[103.6139217,-1.6075929],[103.6139448,-1.6073952],[103.6139756,-1.6072692],[103.6140132,-1.6071419],[103.6141285,-1.6067973],[103.6142415,-1.6065162],[103.6143136,-1.6062423],[103.6143486,-1.6059489],[103.6144086,-1.605507],[103.6145239,-1.60495],[103.6146938,-1.6042514],[103.6147241,-1.6040654],[103.6149197,-1.6034244],[103.6149945,-1.603123],[103.6150353,-1.6028854],[103.6151773,-1.6023562],[103.6151638,-1.6022823],[103.6151005,-1.6021776],[103.6149305,-1.6019645],[103.614665,-1.6016803],[103.6144725,-1.6014571],[103.6142823,-1.6012018],[103.6141936,-1.6009592],[103.6141258,-1.6007693],[103.6138684,-1.6001373],[103.6136529,-1.5995174],[103.6136331,-1.5994195],[103.6136222,-1.5993652],[103.6136256,-1.5992727],[103.6136478,-1.5992016],[103.6138093,-1.5988396],[103.6138415,-1.5987847],[103.613871,-1.5987599],[103.6139153,-1.5987297],[103.6139998,-1.5986654],[103.6140293,-1.5986251],[103.6140447,-1.5985769],[103.6140686,-1.5983698],[103.6140867,-1.5982181],[103.6140963,-1.5981372],[103.6141948,-1.5977853],[103.6142157,-1.5976639],[103.614207,-1.597554],[103.6141487,-1.5974012],[103.6140779,-1.5973039],[103.6139603,-1.5972106],[103.6138496,-1.597113],[103.6136895,-1.5970477],[103.6135304,-1.5970071],[103.6112935,-1.5964293],[103.610984,-1.596357]]}},{"type":"Feature","properties":{"segmentId":"osm-gaul2-18003-6136251417-7621343515-0","regionId":"gaul2-18003","province":"Jambi","region":"Kota Jambi","roadName":"Jalan Pangeran Diponegoro","highway":"secondary","lengthMeters":131.153,"osmWayIds":["1046466055"],"u":"6136251417","v":"7621343515","key":0,"oneway":true,"source":"OpenStreetMap"},"geometry":{"type":"LineString","coordinates":[[103.6185449,-1.6019961],[103.6186333,-1.6018627],[103.6189176,-1.6014511],[103.6190718,-1.601242],[103.6192353,-1.6010404]]}},{"type":"Feature","properties":{"segmentId":"osm-gaul2-18003-6136251419-6136251417-0","regionId":"gaul2-18003","province":"Jambi","region":"Kota Jambi","roadName":"Unnamed OSM road","highway":"trunk_link","lengthMeters":29.808,"osmWayIds":["654856254"],"u":"6136251419","v":"6136251417","key":0,"oneway":true,"source":"OpenStreetMap"},"geometry":{"type":"LineString","coordinates":[[103.6182824,-1.6020244],[103.6184094,-1.6020343],[103.6185449,-1.6019961]]}},{"type":"Feature","properties":{"segmentId":"osm-gaul2-18003-6136251419-6136251422-0","regionId":"gaul2-18003","province":"Jambi","region":"Kota Jambi","roadName":"Jalan Haji Abdulrahman Saleh","highway":"trunk","lengthMeters":34.231,"osmWayIds":["1287257719"],"u":"6136251419","v":"6136251422","key":0,"oneway":true,"source":"OpenStreetMap"},"geometry":{"type":"LineString","coordinates":[[103.6182824,-1.6020244],[103.6183133,-1.6021375],[103.6183329,-1.6022058],[103.6183742,-1.602318]]}},{"type":"Feature","properties":{"segmentId":"osm-gaul2-18003-6136251421-3015893665-0","regionId":"gaul2-18003","province":"Jambi","region":"Kota Jambi","roadName":"Jalan Haji Abdulrahman Saleh","highway":"trunk","lengthMeters":1087.524,"osmWayIds":["1287257715","1287257716","1287257717","605301696"],"u":"6136251421","v":"3015893665","key":0,"oneway":true,"source":"OpenStreetMap"},"geometry":{"type":"LineString","coordinates":[[103.6182962,-1.6024019],[103.6182381,-1.6021787],[103.6181569,-1.6018587],[103.6181518,-1.6018385],[103.6180915,-1.6016052],[103.6180299,-1.6013854],[103.6179802,-1.6012674],[103.6179253,-1.6011708],[103.6178313,-1.6010476],[103.6176221,-1.600821],[103.6175821,-1.6007846],[103.6174586,-1.6006722],[103.6173362,-1.6005646],[103.6170119,-1.6002795],[103.6166655,-1.6000114],[103.6162696,-1.5996124],[103.6161626,-1.5995502],[103.6160758,-1.5993973],[103.6158721,-1.5990246],[103.6156963,-1.598656],[103.6155984,-1.5984643],[103.6155314,-1.5983141],[103.6153248,-1.5979039],[103.6151572,-1.5975218],[103.6148943,-1.5969467],[103.6147321,-1.5964655],[103.614716,-1.5963568],[103.6147083,-1.5962067],[103.614716,-1.5956585],[103.6147203,-1.5954145],[103.6147348,-1.5948634],[103.6147576,-1.5945605],[103.6148072,-1.5943661],[103.6149601,-1.5939961],[103.615026,-1.5938348]]}},{"type":"Feature","properties":{"segmentId":"osm-gaul2-18003-6136251421-6136251422-0","regionId":"gaul2-18003","province":"Jambi","region":"Kota Jambi","roadName":"Jalan Hayam Wuruk","highway":"secondary","lengthMeters":12.736,"osmWayIds":["654763980"],"u":"6136251421","v":"6136251422","key":0,"oneway":true,"source":"OpenStreetMap"},"geometry":{"type":"LineString","coordinates":[[103.6182962,-1.6024019],[103.6183742,-1.602318]]}},{"type":"Feature","properties":{"segmentId":"osm-gaul2-18003-6136251422-6136251417-0","regionId":"gaul2-18003","province":"Jambi","region":"Kota Jambi","roadName":"Jalan Pangeran Diponegoro","highway":"secondary","lengthMeters":40.512,"osmWayIds":["1046466055"],"u":"6136251422","v":"6136251417","key":0,"oneway":true,"source":"OpenStreetMap"},"geometry":{"type":"LineString","coordinates":[[103.6183742,-1.602318],[103.6185449,-1.6019961]]}},{"type":"Feature","properties":{"segmentId":"osm-gaul2-18003-6136251422-6136251441-0","regionId":"gaul2-18003","province":"Jambi","region":"Kota Jambi","roadName":"Jalan Haji Abdulrahman Saleh","highway":"trunk","lengthMeters":10.116,"osmWayIds":["1287257719"],"u":"6136251422","v":"6136251441","key":0,"oneway":true,"source":"OpenStreetMap"},"geometry":{"type":"LineString","coordinates":[[103.6183742,-1.602318],[103.6184164,-1.6023986]]}},{"type":"Feature","properties":{"segmentId":"osm-gaul2-18003-6136251434-6136250576-0","regionId":"gaul2-18003","province":"Jambi","region":"Kota Jambi","roadName":"Jalan Jenderal Sudirman","highway":"trunk","lengthMeters":96.947,"osmWayIds":["1025395243"],"u":"6136251434","v":"6136250576","key":0,"oneway":true,"source":"OpenStreetMap"},"geometry":{"type":"LineString","coordinates":[[103.6239914,-1.6104014],[103.6240857,-1.6105567],[103.6243849,-1.6110605],[103.624435,-1.611152]]}},{"type":"Feature","properties":{"segmentId":"osm-gaul2-18003-6136251434-6136251435-0","regionId":"gaul2-18003","province":"Jambi","region":"Kota Jambi","roadName":"Unnamed OSM road","highway":"trunk_link","lengthMeters":13.107,"osmWayIds":["654856255"],"u":"6136251434","v":"6136251435","key":0,"oneway":false,"source":"OpenStreetMap"},"geometry":{"type":"LineString","coordinates":[[103.6239914,-1.6104014],[103.6238918,-1.6104645]]}},{"type":"Feature","properties":{"segmentId":"osm-gaul2-18003-6136251435-6136251434-0","regionId":"gaul2-18003","province":"Jambi","region":"Kota Jambi","roadName":"Unnamed OSM road","highway":"trunk_link","lengthMeters":13.107,"osmWayIds":["654856255"],"u":"6136251435","v":"6136251434","key":0,"oneway":false,"source":"OpenStreetMap"},"geometry":{"type":"LineString","coordinates":[[103.6238918,-1.6104645],[103.6239914,-1.6104014]]}},{"type":"Feature","properties":{"segmentId":"osm-gaul2-18003-6136251435-7738934389-0","regionId":"gaul2-18003","province":"Jambi","region":"Kota Jambi","roadName":"Jalan Jenderal Sudirman","highway":"trunk","lengthMeters":293.403,"osmWayIds":["1025395246"],"u":"6136251435","v":"7738934389","key":0,"oneway":true,"source":"OpenStreetMap"},"geometry":{"type":"LineString","coordinates":[[103.6238918,-1.6104645],[103.6237228,-1.6101876],[103.6235619,-1.6099262],[103.623185,-1.6092814],[103.6228338,-1.6086555],[103.6226587,-1.6083568],[103.6225514,-1.6081919]]}},{"type":"Feature","properties":{"segmentId":"osm-gaul2-18003-6136251438-5143505162-0","regionId":"gaul2-18003","province":"Jambi","region":"Kota Jambi","roadName":"Jalan Jenderal Sudirman","highway":"trunk","lengthMeters":96.604,"osmWayIds":["654856257"],"u":"6136251438","v":"5143505162","key":0,"oneway":true,"source":"OpenStreetMap"},"geometry":{"type":"LineString","coordinates":[[103.624921,-1.6119504],[103.6253564,-1.6127023]]}},{"type":"Feature","properties":{"segmentId":"osm-gaul2-18003-6136251438-6136251439-0","regionId":"gaul2-18003","province":"Jambi","region":"Kota Jambi","roadName":"Unnamed OSM road","highway":"trunk_link","lengthMeters":12.058,"osmWayIds":["654856256"],"u":"6136251438","v":"6136251439","key":0,"oneway":false,"source":"OpenStreetMap"},"geometry":{"type":"LineString","coordinates":[[103.624921,-1.6119504],[103.6248294,-1.6120085]]}},{"type":"Feature","properties":{"segmentId":"osm-gaul2-18003-6136251439-6136250577-0","regionId":"gaul2-18003","province":"Jambi","region":"Kota Jambi","roadName":"Jalan Jenderal Sudirman","highway":"trunk","lengthMeters":104.155,"osmWayIds":["1025395242"],"u":"6136251439","v":"6136250577","key":0,"oneway":true,"source":"OpenStreetMap"},"geometry":{"type":"LineString","coordinates":[[103.6248294,-1.6120085],[103.6246591,-1.6117186],[103.624341,-1.6112092]]}},{"type":"Feature","properties":{"segmentId":"osm-gaul2-18003-6136251439-6136251438-0","regionId":"gaul2-18003","province":"Jambi","region":"Kota Jambi","roadName":"Unnamed OSM road","highway":"trunk_link","lengthMeters":12.058,"osmWayIds":["654856256"],"u":"6136251439","v":"6136251438","key":0,"oneway":false,"source":"OpenStreetMap"},"geometry":{"type":"LineString","coordinates":[[103.6248294,-1.6120085],[103.624921,-1.6119504]]}},{"type":"Feature","properties":{"segmentId":"osm-gaul2-18003-6136251440-6136709005-0","regionId":"gaul2-18003","province":"Jambi","region":"Kota Jambi","roadName":"Jalan Jenderal Sudirman","highway":"trunk","lengthMeters":325.652,"osmWayIds":["654856257"],"u":"6136251440","v":"6136709005","key":0,"oneway":true,"source":"OpenStreetMap"},"geometry":{"type":"LineString","coordinates":[[103.6279151,-1.6165118],[103.6282752,-1.6170829],[103.6285508,-1.6175454],[103.6289223,-1.6181567],[103.6292636,-1.6187251],[103.6294406,-1.619012]]}},{"type":"Feature","properties":{"segmentId":"osm-gaul2-18003-6136251440-6136709007-0","regionId":"gaul2-18003","province":"Jambi","region":"Kota Jambi","roadName":"Unnamed OSM road","highway":"tertiary","lengthMeters":266.468,"osmWayIds":["1126421515","1217760803","814134752"],"u":"6136251440","v":"6136709007","key":0,"oneway":false,"source":"OpenStreetMap"},"geometry":{"type":"LineString","coordinates":[[103.6279151,-1.6165118],[103.6284108,-1.6166101],[103.6287325,-1.6166877],[103.6290014,-1.6167792],[103.6292536,-1.6168976],[103.6294091,-1.6169756],[103.629691,-1.6171124],[103.6301371,-1.6173616]]}},{"type":"Feature","properties":{"segmentId":"osm-gaul2-18003-6136251441-4791347345-0","regionId":"gaul2-18003","province":"Jambi","region":"Kota Jambi","roadName":"Jalan Raya Jambi 12","highway":"secondary","lengthMeters":12.267,"osmWayIds":["1025395895"],"u":"6136251441","v":"4791347345","key":0,"oneway":true,"source":"OpenStreetMap"},"geometry":{"type":"LineString","coordinates":[[103.6184164,-1.6023986],[103.6183445,-1.6024823]]}},{"type":"Feature","properties":{"segmentId":"osm-gaul2-18003-6136251441-6136250566-0","regionId":"gaul2-18003","province":"Jambi","region":"Kota Jambi","roadName":"Jalan Jenderal Sudirman","highway":"trunk","lengthMeters":207.118,"osmWayIds":["1206896922"],"u":"6136251441","v":"6136250566","key":0,"oneway":true,"source":"OpenStreetMap"},"geometry":{"type":"LineString","coordinates":[[103.6184164,-1.6023986],[103.6186212,-1.602612],[103.6188439,-1.6027904],[103.6188927,-1.6028336],[103.6191403,-1.6030531],[103.6194353,-1.6033332],[103.6196122,-1.6035251],[103.6197461,-1.6036972]]}},{"type":"Feature","properties":{"segmentId":"osm-gaul2-18003-6136251477-4791347352-0","regionId":"gaul2-18003","province":"Jambi","region":"Kota Jambi","roadName":"Unnamed OSM road","highway":"trunk_link","lengthMeters":8.037,"osmWayIds":["828025268"],"u":"6136251477","v":"4791347352","key":0,"oneway":false,"source":"OpenStreetMap"},"geometry":{"type":"LineString","coordinates":[[103.6300669,-1.6205107],[103.6300032,-1.6205449]]}},{"type":"Feature","properties":{"segmentId":"osm-gaul2-18003-6136251477-6477111904-0","regionId":"gaul2-18003","province":"Jambi","region":"Kota Jambi","roadName":"Jalan Haji Abdulrahman Saleh","highway":"trunk","lengthMeters":386.033,"osmWayIds":["1026302238","1182204253"],"u":"6136251477","v":"6477111904","key":0,"oneway":true,"source":"OpenStreetMap"},"geometry":{"type":"LineString","coordinates":[[103.6300669,-1.6205107],[103.6302332,-1.6209404],[103.6302499,-1.620978],[103.6303083,-1.6211213],[103.6303766,-1.6212956],[103.6304954,-1.6216502],[103.6307944,-1.6226871],[103.6309279,-1.6231784],[103.6311129,-1.6238179]]}},{"type":"Feature","properties":{"segmentId":"osm-gaul2-18003-6136359143-6136359158-0","regionId":"gaul2-18003","province":"Jambi","region":"Kota Jambi","roadName":"Unnamed OSM road","highway":"primary","lengthMeters":7.867,"osmWayIds":["810447887"],"u":"6136359143","v":"6136359158","key":0,"oneway":true,"source":"OpenStreetMap"},"geometry":{"type":"LineString","coordinates":[[103.6320911,-1.6270662],[103.6321221,-1.6271298]]}},{"type":"Feature","properties":{"segmentId":"osm-gaul2-18003-6136359144-6130048679-0","regionId":"gaul2-18003","province":"Jambi","region":"Kota Jambi","roadName":"Jalan Haji Abdulrahman Saleh","highway":"primary","lengthMeters":322.619,"osmWayIds":["1026302240"],"u":"6136359144","v":"6130048679","key":0,"oneway":true,"source":"OpenStreetMap"},"geometry":{"type":"LineString","coordinates":[[103.6320201,-1.6271057],[103.6319893,-1.6270367],[103.6319096,-1.6268805],[103.6318136,-1.6266323],[103.6317767,-1.6265232],[103.6317019,-1.6262948],[103.6316983,-1.6262827],[103.6315154,-1.6256304],[103.6314056,-1.6252293],[103.6312948,-1.6248286],[103.6311725,-1.6243363]]}},{"type":"Feature","properties":{"segmentId":"osm-gaul2-18003-6136359144-6136359143-0","regionId":"gaul2-18003","province":"Jambi","region":"Kota Jambi","roadName":"Unnamed OSM road","highway":"secondary","lengthMeters":9.032,"osmWayIds":["654866509"],"u":"6136359144","v":"6136359143","key":0,"oneway":true,"source":"OpenStreetMap"},"geometry":{"type":"LineString","coordinates":[[103.6320201,-1.6271057],[103.6320911,-1.6270662]]}},{"type":"Feature","properties":{"segmentId":"osm-gaul2-18003-6136359158-6136359160-0","regionId":"gaul2-18003","province":"Jambi","region":"Kota Jambi","roadName":"Jalan Haji Adam Malik","highway":"secondary","lengthMeters":9.017,"osmWayIds":["1255140067"],"u":"6136359158","v":"6136359160","key":0,"oneway":true,"source":"OpenStreetMap"},"geometry":{"type":"LineString","coordinates":[[103.6321221,-1.6271298],[103.6320524,-1.6271713]]}},{"type":"Feature","properties":{"segmentId":"osm-gaul2-18003-6136359158-6136359164-0","regionId":"gaul2-18003","province":"Jambi","region":"Kota Jambi","roadName":"Unnamed OSM road","highway":"primary","lengthMeters":10.091,"osmWayIds":["654866506"],"u":"6136359158","v":"6136359164","key":0,"oneway":true,"source":"OpenStreetMap"},"geometry":{"type":"LineString","coordinates":[[103.6321221,-1.6271298],[103.6321359,-1.6272195]]}},{"type":"Feature","properties":{"segmentId":"osm-gaul2-18003-6136359160-5363102900-0","regionId":"gaul2-18003","province":"Jambi","region":"Kota Jambi","roadName":"Jalan Haji Adam Malik","highway":"secondary","lengthMeters":241.188,"osmWayIds":["654866508"],"u":"6136359160","v":"5363102900","key":0,"oneway":true,"source":"OpenStreetMap"},"geometry":{"type":"LineString","coordinates":[[103.6320524,-1.6271713],[103.6315272,-1.6274413],[103.6311097,-1.6276444],[103.6307649,-1.6277652],[103.6304262,-1.6278622],[103.6301172,-1.6279408],[103.6300395,-1.6279297]]}},{"type":"Feature","properties":{"segmentId":"osm-gaul2-18003-6136359160-6136359144-0","regionId":"gaul2-18003","province":"Jambi","region":"Kota Jambi","roadName":"Unnamed OSM road","highway":"primary","lengthMeters":8.13,"osmWayIds":["810447886"],"u":"6136359160","v":"6136359144","key":0,"oneway":true,"source":"OpenStreetMap"},"geometry":{"type":"LineString","coordinates":[[103.6320524,-1.6271713],[103.6320201,-1.6271057]]}},{"type":"Feature","properties":{"segmentId":"osm-gaul2-18003-6136359164-4791347557-0","regionId":"gaul2-18003","province":"Jambi","region":"Kota Jambi","roadName":"Jalan Raya Jambi 18","highway":"primary","lengthMeters":1748.353,"osmWayIds":["601391060","654866510","668389953","668389954"],"u":"6136359164","v":"4791347557","key":0,"oneway":false,"source":"OpenStreetMap"},"geometry":{"type":"LineString","coordinates":[[103.6321359,-1.6272195],[103.6322132,-1.6273293],[103.6324319,-1.6276161],[103.6325894,-1.6278016],[103.6328124,-1.6280267],[103.6331406,-1.6283458],[103.6332027,-1.6284053],[103.6334721,-1.6286916],[103.6336264,-1.6288478],[103.6337559,-1.6290122],[103.6338729,-1.6291967],[103.6339514,-1.6293055],[103.6340624,-1.6294879],[103.634216,-1.6297424],[103.6343317,-1.6299448],[103.6345771,-1.630389],[103.6347027,-1.6306559],[103.6347317,-1.6307716],[103.6347791,-1.6310082],[103.634806,-1.6311899],[103.6348201,-1.6313952],[103.6348266,-1.6314761],[103.634866,-1.6319641],[103.6348701,-1.632031],[103.6349063,-1.6325989],[103.634913,-1.6327011],[103.6349799,-1.6332622],[103.6350182,-1.6333915],[103.6350692,-1.6335236],[103.6352523,-1.6339063],[103.6353005,-1.6339773],[103.6359168,-1.6349353],[103.6360819,-1.6351858],[103.6364047,-1.6357405],[103.6365876,-1.6360728],[103.6366872,-1.6362898],[103.6369555,-1.6371969],[103.637158,-1.6379562],[103.6371875,-1.6380902],[103.6373739,-1.6389253],[103.6374409,-1.6391754],[103.6374959,-1.6393047],[103.6375707,-1.6394405],[103.6377025,-1.6396319],[103.6378894,-1.6398389],[103.6381267,-1.6400313],[103.6391262,-1.640694]]}},{"type":"Feature","properties":{"segmentId":"osm-gaul2-18003-6136359164-6136359160-0","regionId":"gaul2-18003","province":"Jambi","region":"Kota Jambi","roadName":"Unnamed OSM road","highway":"primary","lengthMeters":10.717,"osmWayIds":["654866507"],"u":"6136359164","v":"6136359160","key":0,"oneway":true,"source":"OpenStreetMap"},"geometry":{"type":"LineString","coordinates":[[103.6321359,-1.6272195],[103.6320524,-1.6271713]]}},{"type":"Feature","properties":{"segmentId":"osm-gaul2-18003-6136708998-4791347536-0","regionId":"gaul2-18003","province":"Jambi","region":"Kota Jambi","roadName":"Jalan Kol. Pol. M. Thaher","highway":"tertiary","lengthMeters":261.715,"osmWayIds":["526828491"],"u":"6136708998","v":"4791347536","key":0,"oneway":false,"source":"OpenStreetMap"},"geometry":{"type":"LineString","coordinates":[[103.6303052,-1.6172447],[103.630322,-1.6170842],[103.6303659,-1.616627],[103.6304102,-1.6161658],[103.6304764,-1.6154985],[103.6304972,-1.6152501],[103.6305356,-1.6149024]]}},{"type":"Feature","properties":{"segmentId":"osm-gaul2-18003-6136708998-7605241848-0","regionId":"gaul2-18003","province":"Jambi","region":"Kota Jambi","roadName":"Jalan Kol. Pol. M. Thaher","highway":"tertiary","lengthMeters":17.649,"osmWayIds":["1139096521"],"u":"6136708998","v":"7605241848","key":0,"oneway":true,"source":"OpenStreetMap"},"geometry":{"type":"LineString","coordinates":[[103.6303052,-1.6172447],[103.6303029,-1.6174034]]}},{"type":"Feature","properties":{"segmentId":"osm-gaul2-18003-6136709001-6136709006-0","regionId":"gaul2-18003","province":"Jambi","region":"Kota Jambi","roadName":"Jalan Jenderal Sudirman","highway":"trunk","lengthMeters":9.771,"osmWayIds":["1141927228"],"u":"6136709001","v":"6136709006","key":0,"oneway":true,"source":"OpenStreetMap"},"geometry":{"type":"LineString","coordinates":[[103.6294332,-1.6191309],[103.6293869,-1.6190562]]}},{"type":"Feature","properties":{"segmentId":"osm-gaul2-18003-6136709002-6136251477-0","regionId":"gaul2-18003","province":"Jambi","region":"Kota Jambi","roadName":"Jalan Haji Abdulrahman Saleh","highway":"trunk","lengthMeters":171.728,"osmWayIds":["1182204253"],"u":"6136709002","v":"6136251477","key":0,"oneway":true,"source":"OpenStreetMap"},"geometry":{"type":"LineString","coordinates":[[103.6294798,-1.6190822],[103.6299643,-1.6202513],[103.6300669,-1.6205107]]}},{"type":"Feature","properties":{"segmentId":"osm-gaul2-18003-6136709002-6136709001-0","regionId":"gaul2-18003","province":"Jambi","region":"Kota Jambi","roadName":"Unnamed OSM road","highway":"trunk","lengthMeters":7.494,"osmWayIds":["1135034128"],"u":"6136709002","v":"6136709001","key":0,"oneway":true,"source":"OpenStreetMap"},"geometry":{"type":"LineString","coordinates":[[103.6294798,-1.6190822],[103.6294332,-1.6191309]]}},{"type":"Feature","properties":{"segmentId":"osm-gaul2-18003-6136709005-6136709002-0","regionId":"gaul2-18003","province":"Jambi","region":"Kota Jambi","roadName":"Jalan Jenderal Sudirman","highway":"trunk","lengthMeters":8.94,"osmWayIds":["1245460279"],"u":"6136709005","v":"6136709002","key":0,"oneway":true,"source":"OpenStreetMap"},"geometry":{"type":"LineString","coordinates":[[103.6294406,-1.619012],[103.6294798,-1.6190822]]}},{"type":"Feature","properties":{"segmentId":"osm-gaul2-18003-6136709005-7645959200-0","regionId":"gaul2-18003","province":"Jambi","region":"Kota Jambi","roadName":"Jalan Kol. Pol. M. Thaher","highway":"trunk","lengthMeters":193.342,"osmWayIds":["654910395"],"u":"6136709005","v":"7645959200","key":0,"oneway":true,"source":"OpenStreetMap"},"geometry":{"type":"LineString","coordinates":[[103.6294406,-1.619012],[103.6296444,-1.6186574],[103.6299133,-1.6181232],[103.6299693,-1.6180126],[103.6301306,-1.6176761],[103.6301614,-1.6176017],[103.6301842,-1.6175367],[103.6302176,-1.6174582]]}},{"type":"Feature","properties":{"segmentId":"osm-gaul2-18003-6136709006-4791526170-0","regionId":"gaul2-18003","province":"Jambi","region":"Kota Jambi","roadName":"Jalan Jenderal Sudirman","highway":"trunk","lengthMeters":341.259,"osmWayIds":["654856251"],"u":"6136709006","v":"4791526170","key":0,"oneway":true,"source":"OpenStreetMap"},"geometry":{"type":"LineString","coordinates":[[103.6293869,-1.6190562],[103.6287311,-1.6179616],[103.6285038,-1.6176144],[103.6282162,-1.6171271],[103.6277689,-1.6164488]]}},{"type":"Feature","properties":{"segmentId":"osm-gaul2-18003-6136709006-6136709005-0","regionId":"gaul2-18003","province":"Jambi","region":"Kota Jambi","roadName":"Jalan Raya Jambi 13","highway":"trunk","lengthMeters":7.732,"osmWayIds":["1135034129"],"u":"6136709006","v":"6136709005","key":0,"oneway":true,"source":"OpenStreetMap"},"geometry":{"type":"LineString","coordinates":[[103.6293869,-1.6190562],[103.6294406,-1.619012]]}},{"type":"Feature","properties":{"segmentId":"osm-gaul2-18003-6136709007-6136251440-0","regionId":"gaul2-18003","province":"Jambi","region":"Kota Jambi","roadName":"Unnamed OSM road","highway":"tertiary","lengthMeters":266.468,"osmWayIds":["1126421515","1217760803","814134752"],"u":"6136709007","v":"6136251440","key":0,"oneway":false,"source":"OpenStreetMap"},"geometry":{"type":"LineString","coordinates":[[103.6301371,-1.6173616],[103.629691,-1.6171124],[103.6294091,-1.6169756],[103.6292536,-1.6168976],[103.6290014,-1.6167792],[103.6287325,-1.6166877],[103.6284108,-1.6166101],[103.6279151,-1.6165118]]}},{"type":"Feature","properties":{"segmentId":"osm-gaul2-18003-6136709007-7645959199-0","regionId":"gaul2-18003","province":"Jambi","region":"Kota Jambi","roadName":"Unnamed OSM road","highway":"tertiary","lengthMeters":12.307,"osmWayIds":["814160917"],"u":"6136709007","v":"7645959199","key":0,"oneway":true,"source":"OpenStreetMap"},"geometry":{"type":"LineString","coordinates":[[103.6301371,-1.6173616],[103.6302478,-1.6173593]]}},{"type":"Feature","properties":{"segmentId":"osm-gaul2-18003-6138640533-6138640534-0","regionId":"gaul2-18003","province":"Jambi","region":"Kota Jambi","roadName":"Unnamed OSM road","highway":"trunk_link","lengthMeters":9.225,"osmWayIds":["655151757"],"u":"6138640533","v":"6138640534","key":0,"oneway":false,"source":"OpenStreetMap"},"geometry":{"type":"LineString","coordinates":[[103.6412027,-1.6315121],[103.6412631,-1.631569]]}},{"type":"Feature","properties":{"segmentId":"osm-gaul2-18003-6138640533-6138640534-1","regionId":"gaul2-18003","province":"Jambi","region":"Kota Jambi","roadName":"Jalan Soekarno-Hatta","highway":"trunk","lengthMeters":182.252,"osmWayIds":["374774396","634310848"],"u":"6138640533","v":"6138640534","key":1,"oneway":true,"source":"OpenStreetMap"},"geometry":{"type":"LineString","coordinates":[[103.6412027,-1.6315121],[103.6413791,-1.631376],[103.6414294,-1.631323],[103.641585,-1.6313304],[103.6417553,-1.6313787],[103.6419236,-1.6314762],[103.6419343,-1.6314926],[103.6419343,-1.631501],[103.6419276,-1.6315198],[103.6419098,-1.6315429],[103.6418988,-1.6315442],[103.6418733,-1.6315359],[103.6416976,-1.6314263],[103.6416104,-1.6313914],[103.6415501,-1.6313954],[103.6415032,-1.6314062],[103.641422,-1.6314437],[103.6412631,-1.631569]]}},{"type":"Feature","properties":{"segmentId":"osm-gaul2-18003-6138640534-5141191682-0","regionId":"gaul2-18003","province":"Jambi","region":"Kota Jambi","roadName":"Jalan Soekarno-Hatta","highway":"trunk","lengthMeters":388.168,"osmWayIds":["634310848"],"u":"6138640534","v":"5141191682","key":0,"oneway":true,"source":"OpenStreetMap"},"geometry":{"type":"LineString","coordinates":[[103.6412631,-1.631569],[103.6409097,-1.6318432],[103.6408158,-1.6318968],[103.6407427,-1.6319189],[103.6406314,-1.6319176],[103.640556,-1.6318864],[103.6404718,-1.6318257],[103.6399901,-1.6314242],[103.6397744,-1.6312443],[103.6395706,-1.631065],[103.6388163,-1.6304054],[103.6385212,-1.6301631]]}},{"type":"Feature","properties":{"segmentId":"osm-gaul2-18003-6138640534-6138640533-0","regionId":"gaul2-18003","province":"Jambi","region":"Kota Jambi","roadName":"Unnamed OSM road","highway":"trunk_link","lengthMeters":9.225,"osmWayIds":["655151757"],"u":"6138640534","v":"6138640533","key":0,"oneway":false,"source":"OpenStreetMap"},"geometry":{"type":"LineString","coordinates":[[103.6412631,-1.631569],[103.6412027,-1.6315121]]}},{"type":"Feature","properties":{"segmentId":"osm-gaul2-18003-6166731611-4271535397-0","regionId":"gaul2-18003","province":"Jambi","region":"Kota Jambi","roadName":"Unnamed OSM road","highway":"secondary","lengthMeters":16.19,"osmWayIds":["812787994"],"u":"6166731611","v":"4271535397","key":0,"oneway":false,"source":"OpenStreetMap"},"geometry":{"type":"LineString","coordinates":[[103.5835165,-1.6056056],[103.5833716,-1.6055908]]}},{"type":"Feature","properties":{"segmentId":"osm-gaul2-18003-6166731611-6167939747-0","regionId":"gaul2-18003","province":"Jambi","region":"Kota Jambi","roadName":"Unnamed OSM road","highway":"secondary","lengthMeters":460.323,"osmWayIds":["658703258"],"u":"6166731611","v":"6167939747","key":0,"oneway":true,"source":"OpenStreetMap"},"geometry":{"type":"LineString","coordinates":[[103.5835165,-1.6056056],[103.5835151,-1.605684],[103.5835054,-1.6062181],[103.5834953,-1.606773],[103.5834924,-1.6069352],[103.5834879,-1.6071818],[103.5834854,-1.6073172],[103.5834827,-1.6074701],[103.5834805,-1.6075907],[103.5834747,-1.6079098],[103.5834657,-1.608407],[103.5834639,-1.6085021],[103.5834626,-1.6085761],[103.5834603,-1.6087019],[103.5834572,-1.6088726],[103.5834569,-1.6088899],[103.5834549,-1.6090012],[103.5834503,-1.6092549],[103.5834414,-1.6097447]]}},{"type":"Feature","properties":{"segmentId":"osm-gaul2-18003-6167594932-6178725135-0","regionId":"gaul2-18003","province":"Jambi","region":"Kota Jambi","roadName":"Unnamed OSM road","highway":"primary","lengthMeters":355.363,"osmWayIds":["1330541825"],"u":"6167594932","v":"6178725135","key":0,"oneway":true,"source":"OpenStreetMap"},"geometry":{"type":"LineString","coordinates":[[103.5692668,-1.617826],[103.5696067,-1.618134],[103.5699177,-1.6184227],[103.5700088,-1.6184941],[103.5707627,-1.6191464],[103.571555,-1.6198983],[103.5716348,-1.6199719]]}},{"type":"Feature","properties":{"segmentId":"osm-gaul2-18003-6167594932-6471675141-0","regionId":"gaul2-18003","province":"Jambi","region":"Kota Jambi","roadName":"Unnamed OSM road","highway":"primary_link","lengthMeters":9.077,"osmWayIds":["689827195"],"u":"6167594932","v":"6471675141","key":0,"oneway":false,"source":"OpenStreetMap"},"geometry":{"type":"LineString","coordinates":[[103.5692668,-1.617826],[103.5692145,-1.6178887]]}},{"type":"Feature","properties":{"segmentId":"osm-gaul2-18003-6167838762-11121946190-0","regionId":"gaul2-18003","province":"Jambi","region":"Kota Jambi","roadName":"Jalan Mayor Jenderal HM. J.Singedekane","highway":"secondary","lengthMeters":17.398,"osmWayIds":["427843874"],"u":"6167838762","v":"11121946190","key":0,"oneway":true,"source":"OpenStreetMap"},"geometry":{"type":"LineString","coordinates":[[103.5892215,-1.6066477],[103.5890723,-1.606695]]}},{"type":"Feature","properties":{"segmentId":"osm-gaul2-18003-6167838762-6167838763-0","regionId":"gaul2-18003","province":"Jambi","region":"Kota Jambi","roadName":"Unnamed OSM road","highway":"secondary_link","lengthMeters":10.658,"osmWayIds":["658689923"],"u":"6167838762","v":"6167838763","key":0,"oneway":false,"source":"OpenStreetMap"},"geometry":{"type":"LineString","coordinates":[[103.5892215,-1.6066477],[103.5891908,-1.6065569]]}},{"type":"Feature","properties":{"segmentId":"osm-gaul2-18003-6167838763-5560354394-0","regionId":"gaul2-18003","province":"Jambi","region":"Kota Jambi","roadName":"Jalan Mayor Jenderal HM. J.Singedekane","highway":"secondary","lengthMeters":409.084,"osmWayIds":["654854984"],"u":"6167838763","v":"5560354394","key":0,"oneway":true,"source":"OpenStreetMap"},"geometry":{"type":"LineString","coordinates":[[103.5891908,-1.6065569],[103.589363,-1.606505],[103.5898533,-1.6063479],[103.5900637,-1.6063053],[103.5902698,-1.6062979],[103.590515,-1.6063104],[103.5906813,-1.6063407],[103.590894,-1.6064005],[103.5911518,-1.6064954],[103.5913111,-1.606554],[103.5916483,-1.6066974],[103.5926554,-1.6071835]]}},{"type":"Feature","properties":{"segmentId":"osm-gaul2-18003-6167838763-6167838762-0","regionId":"gaul2-18003","province":"Jambi","region":"Kota Jambi","roadName":"Unnamed OSM road","highway":"secondary_link","lengthMeters":10.658,"osmWayIds":["658689923"],"u":"6167838763","v":"6167838762","key":0,"oneway":false,"source":"OpenStreetMap"},"geometry":{"type":"LineString","coordinates":[[103.5891908,-1.6065569],[103.5892215,-1.6066477]]}},{"type":"Feature","properties":{"segmentId":"osm-gaul2-18003-6167838766-6167838767-0","regionId":"gaul2-18003","province":"Jambi","region":"Kota Jambi","roadName":"Jalan Arif Rahman Hakim","highway":"secondary","lengthMeters":284.463,"osmWayIds":["819041475"],"u":"6167838766","v":"6167838767","key":0,"oneway":true,"source":"OpenStreetMap"},"geometry":{"type":"LineString","coordinates":[[103.5783099,-1.6099944],[103.5781753,-1.6100724],[103.57807,-1.6101631],[103.5779945,-1.610238],[103.5779298,-1.6103081],[103.5778592,-1.6103866],[103.5777884,-1.6104679],[103.5777118,-1.6105721],[103.5776009,-1.6107243],[103.5775429,-1.610808],[103.5774745,-1.6108965],[103.5774125,-1.6109861],[103.5773544,-1.611073],[103.5772876,-1.6111728],[103.5770594,-1.6114841],[103.5767634,-1.611918],[103.5767241,-1.6119793]]}},{"type":"Feature","properties":{"segmentId":"osm-gaul2-18003-6167838766-6167840528-0","regionId":"gaul2-18003","province":"Jambi","region":"Kota Jambi","roadName":"Unnamed OSM road","highway":"tertiary","lengthMeters":5.521,"osmWayIds":["819041476"],"u":"6167838766","v":"6167840528","key":0,"oneway":false,"source":"OpenStreetMap"},"geometry":{"type":"LineString","coordinates":[[103.5783099,-1.6099944],[103.5782917,-1.6099802],[103.5782707,-1.6099639]]}},{"type":"Feature","properties":{"segmentId":"osm-gaul2-18003-6167838767-6167838768-0","regionId":"gaul2-18003","province":"Jambi","region":"Kota Jambi","roadName":"Unnamed OSM road","highway":"secondary_link","lengthMeters":5.496,"osmWayIds":["819041474"],"u":"6167838767","v":"6167838768","key":0,"oneway":false,"source":"OpenStreetMap"},"geometry":{"type":"LineString","coordinates":[[103.5767241,-1.6119793],[103.5766837,-1.6119508]]}},{"type":"Feature","properties":{"segmentId":"osm-gaul2-18003-6167838767-7648904264-0","regionId":"gaul2-18003","province":"Jambi","region":"Kota Jambi","roadName":"Jalan Arif Rahman Hakim","highway":"secondary","lengthMeters":31.374,"osmWayIds":["819041475"],"u":"6167838767","v":"7648904264","key":0,"oneway":true,"source":"OpenStreetMap"},"geometry":{"type":"LineString","coordinates":[[103.5767241,-1.6119793],[103.5765526,-1.6122034]]}},{"type":"Feature","properties":{"segmentId":"osm-gaul2-18003-6167838768-6167838767-0","regionId":"gaul2-18003","province":"Jambi","region":"Kota Jambi","roadName":"Unnamed OSM road","highway":"secondary_link","lengthMeters":5.496,"osmWayIds":["819041474"],"u":"6167838768","v":"6167838767","key":0,"oneway":false,"source":"OpenStreetMap"},"geometry":{"type":"LineString","coordinates":[[103.5766837,-1.6119508],[103.5767241,-1.6119793]]}},{"type":"Feature","properties":{"segmentId":"osm-gaul2-18003-6167838768-6167840528-0","regionId":"gaul2-18003","province":"Jambi","region":"Kota Jambi","roadName":"Jalan Arif Rahman Hakim","highway":"secondary","lengthMeters":284.763,"osmWayIds":["387896442"],"u":"6167838768","v":"6167840528","key":0,"oneway":true,"source":"OpenStreetMap"},"geometry":{"type":"LineString","coordinates":[[103.5766837,-1.6119508],[103.5770189,-1.6114558],[103.5772468,-1.6111448],[103.5773715,-1.6109585],[103.5774346,-1.6108673],[103.577503,-1.6107788],[103.5775606,-1.6106957],[103.5776719,-1.6105429],[103.5777497,-1.610437],[103.5778221,-1.6103539],[103.5778932,-1.6102748],[103.5779589,-1.6102037],[103.5780364,-1.6101268],[103.5781452,-1.6100331],[103.5782707,-1.6099639]]}},{"type":"Feature","properties":{"segmentId":"osm-gaul2-18003-6167838769-6167840529-0","regionId":"gaul2-18003","province":"Jambi","region":"Kota Jambi","roadName":"Unnamed OSM road","highway":"secondary_link","lengthMeters":5.288,"osmWayIds":["819041472"],"u":"6167838769","v":"6167840529","key":0,"oneway":false,"source":"OpenStreetMap"},"geometry":{"type":"LineString","coordinates":[[103.5765577,-1.6130833],[103.5766051,-1.6130792]]}},{"type":"Feature","properties":{"segmentId":"osm-gaul2-18003-6167838769-6167941055-0","regionId":"gaul2-18003","province":"Jambi","region":"Kota Jambi","roadName":"Jalan Arif Rahman Hakim","highway":"secondary","lengthMeters":102.752,"osmWayIds":["387896442"],"u":"6167838769","v":"6167941055","key":0,"oneway":true,"source":"OpenStreetMap"},"geometry":{"type":"LineString","coordinates":[[103.5765577,-1.6130833],[103.5765348,-1.6129197],[103.576473,-1.6124411],[103.5764657,-1.6123084],[103.576473,-1.6122494],[103.5765121,-1.6121751]]}},{"type":"Feature","properties":{"segmentId":"osm-gaul2-18003-6167840487-3911203467-0","regionId":"gaul2-18003","province":"Jambi","region":"Kota Jambi","roadName":"Jalan Arif Rahman Hakim","highway":"secondary","lengthMeters":101.796,"osmWayIds":["819041475"],"u":"6167840487","v":"3911203467","key":0,"oneway":true,"source":"OpenStreetMap"},"geometry":{"type":"LineString","coordinates":[[103.5751301,-1.6166687],[103.5747193,-1.6173345],[103.5746653,-1.6174563]]}},{"type":"Feature","properties":{"segmentId":"osm-gaul2-18003-6167840487-6167840488-0","regionId":"gaul2-18003","province":"Jambi","region":"Kota Jambi","roadName":"Unnamed OSM road","highway":"secondary_link","lengthMeters":5.494,"osmWayIds":["819041479"],"u":"6167840487","v":"6167840488","key":0,"oneway":false,"source":"OpenStreetMap"},"geometry":{"type":"LineString","coordinates":[[103.5751301,-1.6166687],[103.5750887,-1.6166417]]}},{"type":"Feature","properties":{"segmentId":"osm-gaul2-18003-6167840488-6167840487-0","regionId":"gaul2-18003","province":"Jambi","region":"Kota Jambi","roadName":"Unnamed OSM road","highway":"secondary_link","lengthMeters":5.494,"osmWayIds":["819041479"],"u":"6167840488","v":"6167840487","key":0,"oneway":false,"source":"OpenStreetMap"},"geometry":{"type":"LineString","coordinates":[[103.5750887,-1.6166417],[103.5751301,-1.6166687]]}},{"type":"Feature","properties":{"segmentId":"osm-gaul2-18003-6167840488-6167840530-0","regionId":"gaul2-18003","province":"Jambi","region":"Kota Jambi","roadName":"Jalan Arif Rahman Hakim","highway":"secondary","lengthMeters":149.338,"osmWayIds":["387896442"],"u":"6167840488","v":"6167840530","key":0,"oneway":true,"source":"OpenStreetMap"},"geometry":{"type":"LineString","coordinates":[[103.5750887,-1.6166417],[103.5751499,-1.6165466],[103.5757112,-1.6157041],[103.5758405,-1.6155289]]}},{"type":"Feature","properties":{"segmentId":"osm-gaul2-18003-6167840495-6167838766-0","regionId":"gaul2-18003","province":"Jambi","region":"Kota Jambi","roadName":"Jalan Haji Abdul Manaf","highway":"secondary","lengthMeters":327.883,"osmWayIds":["1217761879"],"u":"6167840495","v":"6167838766","key":0,"oneway":true,"source":"OpenStreetMap"},"geometry":{"type":"LineString","coordinates":[[103.5812319,-1.6097508],[103.5809114,-1.6097372],[103.5806768,-1.6097309],[103.5800705,-1.6097399],[103.5796655,-1.6097512],[103.5793034,-1.6097802],[103.5790601,-1.609812],[103.5786511,-1.6098833],[103.5783893,-1.6099627],[103.5783099,-1.6099944]]}},{"type":"Feature","properties":{"segmentId":"osm-gaul2-18003-6167840495-6178462355-0","regionId":"gaul2-18003","province":"Jambi","region":"Kota Jambi","roadName":"Unnamed OSM road","highway":"secondary_link","lengthMeters":8.996,"osmWayIds":["658689931"],"u":"6167840495","v":"6178462355","key":0,"oneway":false,"source":"OpenStreetMap"},"geometry":{"type":"LineString","coordinates":[[103.5812319,-1.6097508],[103.5812313,-1.6096699]]}},{"type":"Feature","properties":{"segmentId":"osm-gaul2-18003-6167840504-3911203467-0","regionId":"gaul2-18003","province":"Jambi","region":"Kota Jambi","roadName":"Unnamed OSM road","highway":"secondary_link","lengthMeters":5.526,"osmWayIds":["819041478"],"u":"6167840504","v":"3911203467","key":0,"oneway":false,"source":"OpenStreetMap"},"geometry":{"type":"LineString","coordinates":[[103.574618,-1.617441],[103.5746653,-1.6174563]]}},{"type":"Feature","properties":{"segmentId":"osm-gaul2-18003-6167840504-6167840488-0","regionId":"gaul2-18003","province":"Jambi","region":"Kota Jambi","roadName":"Jalan Arif Rahman Hakim","highway":"secondary","lengthMeters":103.255,"osmWayIds":["387896442"],"u":"6167840504","v":"6167840488","key":0,"oneway":true,"source":"OpenStreetMap"},"geometry":{"type":"LineString","coordinates":[[103.574618,-1.617441],[103.5746752,-1.6173121],[103.5750887,-1.6166417]]}},{"type":"Feature","properties":{"segmentId":"osm-gaul2-18003-6167840526-4271535400-0","regionId":"gaul2-18003","province":"Jambi","region":"Kota Jambi","roadName":"Jalan Mayjen Sutoyo","highway":"tertiary","lengthMeters":703.956,"osmWayIds":["427998435"],"u":"6167840526","v":"4271535400","key":0,"oneway":false,"source":"OpenStreetMap"},"geometry":{"type":"LineString","coordinates":[[103.5790059,-1.609748],[103.5789917,-1.6096867],[103.5788801,-1.6089976],[103.5788368,-1.608853],[103.5787798,-1.6087197],[103.5786204,-1.6084361],[103.5782958,-1.6079896],[103.5782024,-1.6078028],[103.5780771,-1.6074942],[103.577971,-1.6070266],[103.577912,-1.6067343],[103.5778382,-1.606174],[103.5778235,-1.6057664],[103.5778382,-1.605442],[103.5778671,-1.6052168],[103.5778798,-1.6049728],[103.5779066,-1.6046631],[103.5779404,-1.604359],[103.5779656,-1.6041316],[103.5780137,-1.6036717]]}},{"type":"Feature","properties":{"segmentId":"osm-gaul2-18003-6167840526-6178462356-0","regionId":"gaul2-18003","province":"Jambi","region":"Kota Jambi","roadName":"Jalan Haji Abdul Manaf","highway":"secondary","lengthMeters":201.895,"osmWayIds":["1217761877"],"u":"6167840526","v":"6178462356","key":0,"oneway":true,"source":"OpenStreetMap"},"geometry":{"type":"LineString","coordinates":[[103.5790059,-1.609748],[103.579298,-1.6097124],[103.5796628,-1.6096802],[103.5800673,-1.6096618],[103.5808183,-1.6096605]]}},{"type":"Feature","properties":{"segmentId":"osm-gaul2-18003-6167840528-4271725387-0","regionId":"gaul2-18003","province":"Jambi","region":"Kota Jambi","roadName":"Jalan Jenderal Abdul Thalib","highway":"tertiary","lengthMeters":747.51,"osmWayIds":["428018685"],"u":"6167840528","v":"4271725387","key":0,"oneway":false,"source":"OpenStreetMap"},"geometry":{"type":"LineString","coordinates":[[103.5782707,-1.6099639],[103.5782307,-1.6099462],[103.5780202,-1.6099144],[103.577839,-1.6098628],[103.5776552,-1.6098054],[103.5773662,-1.6097214],[103.576967,-1.6095892],[103.5768068,-1.6095656],[103.5766876,-1.6095284],[103.5765834,-1.60948],[103.5763867,-1.6093221],[103.5762403,-1.6092146],[103.5761245,-1.6091237],[103.575946,-1.6089965],[103.5757031,-1.6088423],[103.5755776,-1.6087866],[103.5755269,-1.608764],[103.5753697,-1.6087174],[103.5748695,-1.6085636],[103.5748044,-1.6085463],[103.5746817,-1.6085092],[103.5745941,-1.6084828],[103.5743415,-1.6084495],[103.5739543,-1.6084548],[103.5737137,-1.6084804],[103.5734873,-1.6085108],[103.5732803,-1.6085641],[103.5729895,-1.608646],[103.5725286,-1.6087432],[103.5724234,-1.6087581],[103.5719229,-1.6088126]]}},{"type":"Feature","properties":{"segmentId":"osm-gaul2-18003-6167840528-6167838766-0","regionId":"gaul2-18003","province":"Jambi","region":"Kota Jambi","roadName":"Unnamed OSM road","highway":"tertiary","lengthMeters":5.521,"osmWayIds":["819041476"],"u":"6167840528","v":"6167838766","key":0,"oneway":false,"source":"OpenStreetMap"},"geometry":{"type":"LineString","coordinates":[[103.5782707,-1.6099639],[103.5782917,-1.6099802],[103.5783099,-1.6099944]]}},{"type":"Feature","properties":{"segmentId":"osm-gaul2-18003-6167840528-6167840526-0","regionId":"gaul2-18003","province":"Jambi","region":"Kota Jambi","roadName":"Jalan Haji Abdul Manaf","highway":"secondary","lengthMeters":85.416,"osmWayIds":["1217761877"],"u":"6167840528","v":"6167840526","key":0,"oneway":true,"source":"OpenStreetMap"},"geometry":{"type":"LineString","coordinates":[[103.5782707,-1.6099639],[103.5783203,-1.6099363],[103.5784276,-1.609896],[103.5785371,-1.6098683],[103.578679,-1.6098268],[103.5790059,-1.609748]]}},{"type":"Feature","properties":{"segmentId":"osm-gaul2-18003-6167840529-6167838769-0","regionId":"gaul2-18003","province":"Jambi","region":"Kota Jambi","roadName":"Unnamed OSM road","highway":"secondary_link","lengthMeters":5.288,"osmWayIds":["819041472"],"u":"6167840529","v":"6167838769","key":0,"oneway":false,"source":"OpenStreetMap"},"geometry":{"type":"LineString","coordinates":[[103.5766051,-1.6130792],[103.5765577,-1.6130833]]}},{"type":"Feature","properties":{"segmentId":"osm-gaul2-18003-6167840529-6167840487-0","regionId":"gaul2-18003","province":"Jambi","region":"Kota Jambi","roadName":"Jalan Arif Rahman Hakim","highway":"secondary","lengthMeters":452.415,"osmWayIds":["819041475"],"u":"6167840529","v":"6167840487","key":0,"oneway":true,"source":"OpenStreetMap"},"geometry":{"type":"LineString","coordinates":[[103.5766051,-1.6130792],[103.5766509,-1.6134061],[103.5766954,-1.613805],[103.5767052,-1.6140557],[103.5767088,-1.6141475],[103.5766974,-1.6142534],[103.576664,-1.6143739],[103.5766169,-1.6144852],[103.5765423,-1.6146101],[103.576355,-1.6148661],[103.5761682,-1.6151375],[103.5760283,-1.6153487],[103.5758805,-1.6155578],[103.5757518,-1.6157324],[103.5752898,-1.6164268],[103.5751301,-1.6166687]]}},{"type":"Feature","properties":{"segmentId":"osm-gaul2-18003-6167840530-4271725387-0","regionId":"gaul2-18003","province":"Jambi","region":"Kota Jambi","roadName":"Unnamed OSM road","highway":"tertiary","lengthMeters":1110.726,"osmWayIds":["527325056"],"u":"6167840530","v":"4271725387","key":0,"oneway":false,"source":"OpenStreetMap"},"geometry":{"type":"LineString","coordinates":[[103.5758405,-1.6155289],[103.5747202,-1.6155191],[103.5738632,-1.6155676],[103.5736354,-1.615559],[103.5735012,-1.6155469],[103.5732128,-1.6155124],[103.5731303,-1.6154938],[103.5730402,-1.6154655],[103.5729682,-1.6154088],[103.5729083,-1.6153425],[103.5728254,-1.6151725],[103.5727968,-1.6151138],[103.5727448,-1.6150383],[103.5726918,-1.6149697],[103.5724471,-1.6146481],[103.5723862,-1.6145575],[103.5723482,-1.614483],[103.5723163,-1.614382],[103.5722947,-1.6141949],[103.5721624,-1.6129267],[103.5721423,-1.6125248],[103.5719437,-1.6112916],[103.5719063,-1.6109969],[103.5718937,-1.6107982],[103.5718993,-1.6107002],[103.5718857,-1.6106322],[103.5716057,-1.6100101],[103.5715577,-1.6097031],[103.5715341,-1.6095086],[103.5715073,-1.6092084],[103.5715246,-1.6091338],[103.5715724,-1.609058],[103.5717563,-1.6089329],[103.5719229,-1.6088126]]}},{"type":"Feature","properties":{"segmentId":"osm-gaul2-18003-6167840530-6167838769-0","regionId":"gaul2-18003","province":"Jambi","region":"Kota Jambi","roadName":"Jalan Arif Rahman Hakim","highway":"secondary","lengthMeters":299.415,"osmWayIds":["387896442"],"u":"6167840530","v":"6167838769","key":0,"oneway":true,"source":"OpenStreetMap"},"geometry":{"type":"LineString","coordinates":[[103.5758405,-1.6155289],[103.5759875,-1.6153208],[103.576127,-1.6151102],[103.5763134,-1.6148394],[103.5764998,-1.6145847],[103.5765736,-1.6144614],[103.5766178,-1.6143555],[103.5766487,-1.6142442],[103.5766594,-1.614145],[103.576646,-1.6138072],[103.5766018,-1.6134117],[103.5765577,-1.6130833]]}},{"type":"Feature","properties":{"segmentId":"osm-gaul2-18003-6167939727-6167939728-0","regionId":"gaul2-18003","province":"Jambi","region":"Kota Jambi","roadName":"Unnamed OSM road","highway":"tertiary","lengthMeters":8.614,"osmWayIds":["658703253"],"u":"6167939727","v":"6167939728","key":0,"oneway":false,"source":"OpenStreetMap"},"geometry":{"type":"LineString","coordinates":[[103.5834046,-1.6118205],[103.5833271,-1.6118201]]}},{"type":"Feature","properties":{"segmentId":"osm-gaul2-18003-6167939727-7722975026-0","regionId":"gaul2-18003","province":"Jambi","region":"Kota Jambi","roadName":"Unnamed OSM road","highway":"tertiary","lengthMeters":161.559,"osmWayIds":["658703257"],"u":"6167939727","v":"7722975026","key":0,"oneway":true,"source":"OpenStreetMap"},"geometry":{"type":"LineString","coordinates":[[103.5834046,-1.6118205],[103.5834078,-1.6119652],[103.5834454,-1.6122427],[103.5834816,-1.6125497],[103.5835073,-1.6127173],[103.5834984,-1.6129084],[103.583489,-1.6129593],[103.5834662,-1.6130209],[103.5833749,-1.6131537],[103.5833466,-1.6132281]]}},{"type":"Feature","properties":{"segmentId":"osm-gaul2-18003-6167939728-3911203474-0","regionId":"gaul2-18003","province":"Jambi","region":"Kota Jambi","roadName":"Unnamed OSM road","highway":"tertiary","lengthMeters":222.702,"osmWayIds":["428015536"],"u":"6167939728","v":"3911203474","key":0,"oneway":true,"source":"OpenStreetMap"},"geometry":{"type":"LineString","coordinates":[[103.5833271,-1.6118201],[103.5833456,-1.6115162],[103.5833113,-1.610614],[103.583312,-1.6105342],[103.5832935,-1.6100301],[103.5832981,-1.6098189]]}},{"type":"Feature","properties":{"segmentId":"osm-gaul2-18003-6167939728-6167939727-0","regionId":"gaul2-18003","province":"Jambi","region":"Kota Jambi","roadName":"Unnamed OSM road","highway":"tertiary","lengthMeters":8.614,"osmWayIds":["658703253"],"u":"6167939728","v":"6167939727","key":0,"oneway":false,"source":"OpenStreetMap"},"geometry":{"type":"LineString","coordinates":[[103.5833271,-1.6118201],[103.5834046,-1.6118205]]}},{"type":"Feature","properties":{"segmentId":"osm-gaul2-18003-6167939746-3911203474-0","regionId":"gaul2-18003","province":"Jambi","region":"Kota Jambi","roadName":"Jalan Mayor Jenderal HM. J.Singedekane","highway":"secondary","lengthMeters":15.849,"osmWayIds":["1217761878"],"u":"6167939746","v":"3911203474","key":0,"oneway":true,"source":"OpenStreetMap"},"geometry":{"type":"LineString","coordinates":[[103.5834406,-1.6098239],[103.5832981,-1.6098189]]}},{"type":"Feature","properties":{"segmentId":"osm-gaul2-18003-6167939746-6167939727-0","regionId":"gaul2-18003","province":"Jambi","region":"Kota Jambi","roadName":"Unnamed OSM road","highway":"tertiary","lengthMeters":222.107,"osmWayIds":["658703257"],"u":"6167939746","v":"6167939727","key":0,"oneway":true,"source":"OpenStreetMap"},"geometry":{"type":"LineString","coordinates":[[103.5834406,-1.6098239],[103.5834333,-1.6102399],[103.5834261,-1.6115202],[103.5834046,-1.6118205]]}},{"type":"Feature","properties":{"segmentId":"osm-gaul2-18003-6167939747-11121946191-0","regionId":"gaul2-18003","province":"Jambi","region":"Kota Jambi","roadName":"Jalan Mayor Jenderal HM. J.Singedekane","highway":"secondary","lengthMeters":774.645,"osmWayIds":["654854984"],"u":"6167939747","v":"11121946191","key":0,"oneway":true,"source":"OpenStreetMap"},"geometry":{"type":"LineString","coordinates":[[103.5834414,-1.6097447],[103.5842373,-1.6097773],[103.5844388,-1.6097721],[103.5848422,-1.6097579],[103.5850877,-1.609754],[103.5852344,-1.6097358],[103.5853378,-1.6096997],[103.585387,-1.6096708],[103.585439,-1.6096299],[103.5855369,-1.6095441],[103.5856274,-1.6094383],[103.5857032,-1.6093203],[103.5860847,-1.6086507],[103.5862182,-1.6084288],[103.5862745,-1.6083293],[103.5866076,-1.6078192],[103.5867217,-1.6076674],[103.5868566,-1.6075346],[103.5870677,-1.6073597],[103.5871824,-1.6072799],[103.5872992,-1.6072222],[103.5876304,-1.6070975],[103.5878736,-1.6069959],[103.5881654,-1.6069065],[103.5881951,-1.6068931],[103.5885039,-1.6067877],[103.5887469,-1.6067021],[103.5890465,-1.6066041]]}},{"type":"Feature","properties":{"segmentId":"osm-gaul2-18003-6167939747-6167939746-0","regionId":"gaul2-18003","province":"Jambi","region":"Kota Jambi","roadName":"Unnamed OSM road","highway":"tertiary","lengthMeters":8.807,"osmWayIds":["899818850"],"u":"6167939747","v":"6167939746","key":0,"oneway":true,"source":"OpenStreetMap"},"geometry":{"type":"LineString","coordinates":[[103.5834414,-1.6097447],[103.5834406,-1.6098239]]}},{"type":"Feature","properties":{"segmentId":"osm-gaul2-18003-6167941055-6167838768-0","regionId":"gaul2-18003","province":"Jambi","region":"Kota Jambi","roadName":"Jalan Arif Rahman Hakim","highway":"secondary","lengthMeters":31.398,"osmWayIds":["387896442"],"u":"6167941055","v":"6167838768","key":0,"oneway":true,"source":"OpenStreetMap"},"geometry":{"type":"LineString","coordinates":[[103.5765121,-1.6121751],[103.5766837,-1.6119508]]}},{"type":"Feature","properties":{"segmentId":"osm-gaul2-18003-6167941055-7648904264-0","regionId":"gaul2-18003","province":"Jambi","region":"Kota Jambi","roadName":"Unnamed OSM road","highway":"secondary_link","lengthMeters":5.492,"osmWayIds":["828761145"],"u":"6167941055","v":"7648904264","key":0,"oneway":false,"source":"OpenStreetMap"},"geometry":{"type":"LineString","coordinates":[[103.5765121,-1.6121751],[103.5765526,-1.6122034]]}},{"type":"Feature","properties":{"segmentId":"osm-gaul2-18003-6168027456-5062248475-0","regionId":"gaul2-18003","province":"Jambi","region":"Kota Jambi","roadName":"Jembatan Batanghari II","highway":"trunk","lengthMeters":3431.757,"osmWayIds":["519092554","519092556","519092557","519092558","542268471"],"u":"6168027456","v":"5062248475","key":0,"oneway":false,"source":"OpenStreetMap"},"geometry":{"type":"LineString","coordinates":[[103.6291485,-1.5442973],[103.6294356,-1.5445659],[103.6299691,-1.5450754],[103.6301753,-1.5452906],[103.630213,-1.545323],[103.630437,-1.5455535],[103.6306912,-1.5458318],[103.6307603,-1.5459338],[103.630863,-1.5460855],[103.6314563,-1.5471828],[103.6316549,-1.5475167],[103.6320579,-1.5481515],[103.6326379,-1.549065],[103.6327666,-1.5492795],[103.6330081,-1.5496496],[103.6332119,-1.5499123],[103.6333507,-1.5500149],[103.6334512,-1.5500667],[103.6335807,-1.5501208],[103.6338851,-1.5501859],[103.6342016,-1.5502421],[103.6347273,-1.5503387],[103.6347853,-1.5503502],[103.6353791,-1.5504684],[103.6359933,-1.5506363],[103.6365714,-1.5507395],[103.6368342,-1.5507663],[103.6370353,-1.5507556],[103.6372644,-1.5507327],[103.6373935,-1.5507073],[103.6375973,-1.550639],[103.6384355,-1.55036],[103.6386352,-1.5502997],[103.6387103,-1.5502885],[103.6387788,-1.5502904],[103.6388572,-1.5502979],[103.6389518,-1.5503319],[103.6390939,-1.550419],[103.6399168,-1.5510469],[103.640266,-1.5513293],[103.6405263,-1.5516069],[103.6407185,-1.5519424],[103.6407552,-1.5520066],[103.6408026,-1.5520895],[103.6413597,-1.5529215],[103.6414382,-1.5530682],[103.6417568,-1.5535871],[103.643657,-1.5567905],[103.6455975,-1.5601957],[103.6476454,-1.5637375],[103.6485574,-1.5653476]]}},{"type":"Feature","properties":{"segmentId":"osm-gaul2-18003-6178185682-6178185683-0","regionId":"gaul2-18003","province":"Jambi","region":"Kota Jambi","roadName":"Unnamed OSM road","highway":"primary_link","lengthMeters":9.929,"osmWayIds":["659878321"],"u":"6178185682","v":"6178185683","key":0,"oneway":false,"source":"OpenStreetMap"},"geometry":{"type":"LineString","coordinates":[[103.5615135,-1.6182058],[103.5615095,-1.618295]]}},{"type":"Feature","properties":{"segmentId":"osm-gaul2-18003-6178185682-6471674415-0","regionId":"gaul2-18003","province":"Jambi","region":"Kota Jambi","roadName":"Unnamed OSM road","highway":"primary","lengthMeters":244.523,"osmWayIds":["1017786155"],"u":"6178185682","v":"6471674415","key":0,"oneway":true,"source":"OpenStreetMap"},"geometry":{"type":"LineString","coordinates":[[103.5615135,-1.6182058],[103.5617746,-1.6182213],[103.5619568,-1.6182065],[103.5621094,-1.6181643],[103.5622202,-1.618117],[103.5634737,-1.6173366]]}},{"type":"Feature","properties":{"segmentId":"osm-gaul2-18003-6178185683-6178185682-0","regionId":"gaul2-18003","province":"Jambi","region":"Kota Jambi","roadName":"Unnamed OSM road","highway":"primary_link","lengthMeters":9.929,"osmWayIds":["659878321"],"u":"6178185683","v":"6178185682","key":0,"oneway":false,"source":"OpenStreetMap"},"geometry":{"type":"LineString","coordinates":[[103.5615095,-1.618295],[103.5615135,-1.6182058]]}},{"type":"Feature","properties":{"segmentId":"osm-gaul2-18003-6178462353-5722943112-0","regionId":"gaul2-18003","province":"Jambi","region":"Kota Jambi","roadName":"Unnamed OSM road","highway":"primary","lengthMeters":5.819,"osmWayIds":["337339198"],"u":"6178462353","v":"5722943112","key":0,"oneway":true,"source":"OpenStreetMap"},"geometry":{"type":"LineString","coordinates":[[103.5757985,-1.6201132],[103.575847,-1.6200935]]}},{"type":"Feature","properties":{"segmentId":"osm-gaul2-18003-6178462353-6167840504-0","regionId":"gaul2-18003","province":"Jambi","region":"Kota Jambi","roadName":"Jalan Arif Rahman Hakim","highway":"secondary","lengthMeters":334.902,"osmWayIds":["1017750044"],"u":"6178462353","v":"6167840504","key":0,"oneway":true,"source":"OpenStreetMap"},"geometry":{"type":"LineString","coordinates":[[103.5757985,-1.6201132],[103.5755618,-1.6197379],[103.5753102,-1.6193534],[103.5751045,-1.6190189],[103.5749764,-1.6188101],[103.5748498,-1.6186114],[103.5747483,-1.6184402],[103.5746605,-1.6182727],[103.5746115,-1.6181426],[103.5745881,-1.6180287],[103.5745757,-1.6179103],[103.5745733,-1.6177733],[103.5745844,-1.6176024],[103.574618,-1.617441]]}},{"type":"Feature","properties":{"segmentId":"osm-gaul2-18003-6178462355-6136237569-0","regionId":"gaul2-18003","province":"Jambi","region":"Kota Jambi","roadName":"Jalan Haji Abdul Manaf","highway":"secondary","lengthMeters":230.135,"osmWayIds":["1217761877"],"u":"6178462355","v":"6136237569","key":0,"oneway":true,"source":"OpenStreetMap"},"geometry":{"type":"LineString","coordinates":[[103.5812313,-1.6096699],[103.5823799,-1.6096944],[103.5833006,-1.6097352]]}},{"type":"Feature","properties":{"segmentId":"osm-gaul2-18003-6178462355-6167840495-0","regionId":"gaul2-18003","province":"Jambi","region":"Kota Jambi","roadName":"Unnamed OSM road","highway":"secondary_link","lengthMeters":8.996,"osmWayIds":["658689931"],"u":"6178462355","v":"6167840495","key":0,"oneway":false,"source":"OpenStreetMap"},"geometry":{"type":"LineString","coordinates":[[103.5812313,-1.6096699],[103.5812319,-1.6097508]]}},{"type":"Feature","properties":{"segmentId":"osm-gaul2-18003-6178462356-4271537358-0","regionId":"gaul2-18003","province":"Jambi","region":"Kota Jambi","roadName":"Unnamed OSM road","highway":"tertiary","lengthMeters":623.805,"osmWayIds":["427998623"],"u":"6178462356","v":"4271537358","key":0,"oneway":false,"source":"OpenStreetMap"},"geometry":{"type":"LineString","coordinates":[[103.5808183,-1.6096605],[103.5807713,-1.6094322],[103.5804897,-1.6085214],[103.5802166,-1.6077226],[103.5801889,-1.6076471],[103.5799062,-1.6067799],[103.5798258,-1.6064528],[103.5797735,-1.6062169],[103.5797172,-1.6057663],[103.5797252,-1.6055897],[103.5798177,-1.6052396],[103.5798652,-1.6050885],[103.5800339,-1.6046569],[103.580125,-1.6044291],[103.5801819,-1.604292]]}},{"type":"Feature","properties":{"segmentId":"osm-gaul2-18003-6178462356-6178462355-0","regionId":"gaul2-18003","province":"Jambi","region":"Kota Jambi","roadName":"Jalan Haji Abdul Manaf","highway":"secondary","lengthMeters":45.917,"osmWayIds":["1217761877"],"u":"6178462356","v":"6178462355","key":0,"oneway":true,"source":"OpenStreetMap"},"geometry":{"type":"LineString","coordinates":[[103.5808183,-1.6096605],[103.5812313,-1.6096699]]}},{"type":"Feature","properties":{"segmentId":"osm-gaul2-18003-6178725135-6178462353-0","regionId":"gaul2-18003","province":"Jambi","region":"Kota Jambi","roadName":"Unnamed OSM road","highway":"primary","lengthMeters":582.874,"osmWayIds":["1330541825"],"u":"6178725135","v":"6178462353","key":0,"oneway":true,"source":"OpenStreetMap"},"geometry":{"type":"LineString","coordinates":[[103.5716348,-1.6199719],[103.5717979,-1.6201226],[103.572329,-1.6205905],[103.5728896,-1.6210878],[103.5731283,-1.6212567],[103.5733804,-1.6214002],[103.5735923,-1.6214779],[103.5738122,-1.6215168],[103.5739759,-1.6215068],[103.5741395,-1.6214793],[103.5743447,-1.6214136],[103.5745418,-1.6213318],[103.5746987,-1.6212085],[103.5748771,-1.6209792],[103.5750434,-1.620746],[103.5752821,-1.6204671],[103.5753706,-1.620376],[103.5754779,-1.6202942],[103.5757193,-1.6201602],[103.5757985,-1.6201132]]}},{"type":"Feature","properties":{"segmentId":"osm-gaul2-18003-6178725135-6178725136-0","regionId":"gaul2-18003","province":"Jambi","region":"Kota Jambi","roadName":"Unnamed OSM road","highway":"primary_link","lengthMeters":10.146,"osmWayIds":["659935643"],"u":"6178725135","v":"6178725136","key":0,"oneway":false,"source":"OpenStreetMap"},"geometry":{"type":"LineString","coordinates":[[103.5716348,-1.6199719],[103.5715645,-1.6200301]]}},{"type":"Feature","properties":{"segmentId":"osm-gaul2-18003-6178725136-5722942822-0","regionId":"gaul2-18003","province":"Jambi","region":"Kota Jambi","roadName":"Unnamed OSM road","highway":"primary","lengthMeters":278.548,"osmWayIds":["1330541773"],"u":"6178725136","v":"5722942822","key":0,"oneway":true,"source":"OpenStreetMap"},"geometry":{"type":"LineString","coordinates":[[103.5715645,-1.6200301],[103.5707023,-1.6192129],[103.5702932,-1.6188464],[103.5700661,-1.6186642],[103.5697158,-1.6183401]]}},{"type":"Feature","properties":{"segmentId":"osm-gaul2-18003-6178725136-6178725135-0","regionId":"gaul2-18003","province":"Jambi","region":"Kota Jambi","roadName":"Unnamed OSM road","highway":"primary_link","lengthMeters":10.146,"osmWayIds":["659935643"],"u":"6178725136","v":"6178725135","key":0,"oneway":false,"source":"OpenStreetMap"},"geometry":{"type":"LineString","coordinates":[[103.5715645,-1.6200301],[103.5716348,-1.6199719]]}},{"type":"Feature","properties":{"segmentId":"osm-gaul2-18003-6259278326-5162150615-0","regionId":"gaul2-18003","province":"Jambi","region":"Kota Jambi","roadName":"Jalan Lingkar Selatan","highway":"trunk","lengthMeters":393.062,"osmWayIds":["654171696"],"u":"6259278326","v":"5162150615","key":0,"oneway":false,"source":"OpenStreetMap"},"geometry":{"type":"LineString","coordinates":[[103.6547264,-1.6404945],[103.6551183,-1.6400267],[103.6555418,-1.6394991],[103.6557545,-1.6392394],[103.655861,-1.6390755],[103.6559609,-1.6388748],[103.6560812,-1.6385747],[103.6562803,-1.6380061],[103.6563143,-1.6378234],[103.6563438,-1.6375955],[103.6563384,-1.6374439]]}},{"type":"Feature","properties":{"segmentId":"osm-gaul2-18003-6259278326-6259278327-0","regionId":"gaul2-18003","province":"Jambi","region":"Kota Jambi","roadName":"Jalan Lingkar Selatan","highway":"trunk","lengthMeters":28.956,"osmWayIds":["654171696"],"u":"6259278326","v":"6259278327","key":0,"oneway":false,"source":"OpenStreetMap"},"geometry":{"type":"LineString","coordinates":[[103.6547264,-1.6404945],[103.6546607,-1.6405729],[103.6545651,-1.6406989]]}},{"type":"Feature","properties":{"segmentId":"osm-gaul2-18003-6259278327-5356576527-0","regionId":"gaul2-18003","province":"Jambi","region":"Kota Jambi","roadName":"Jalan Lingkar Selatan","highway":"trunk","lengthMeters":1638.669,"osmWayIds":["654171696"],"u":"6259278327","v":"5356576527","key":0,"oneway":false,"source":"OpenStreetMap"},"geometry":{"type":"LineString","coordinates":[[103.6545651,-1.6406989],[103.6542631,-1.6410974],[103.6541685,-1.6413223],[103.6541525,-1.641408],[103.6541551,-1.6416252],[103.6541766,-1.6418424],[103.6542887,-1.6423553],[103.6543608,-1.6426273],[103.654414,-1.6428371],[103.6544529,-1.6429564],[103.654524,-1.6430757],[103.6546923,-1.6433174],[103.6549222,-1.6435368],[103.6549579,-1.6435643],[103.65525,-1.6437895],[103.6558664,-1.644261],[103.6575224,-1.6455412],[103.6578653,-1.6458055],[103.6580229,-1.6459391],[103.6581208,-1.6460719],[103.6581583,-1.6461751],[103.6581604,-1.6462921],[103.65804,-1.6468402],[103.6580109,-1.6469685],[103.6579994,-1.6470181],[103.6579424,-1.6472555],[103.6578552,-1.6475692],[103.6577466,-1.6478856],[103.6576816,-1.6479982],[103.6576059,-1.6481057],[103.6575274,-1.6482131],[103.6573029,-1.6484698],[103.6572276,-1.6485532],[103.6570063,-1.6487758],[103.6568427,-1.6489071],[103.6567662,-1.6489567],[103.6566858,-1.6489983],[103.6565874,-1.6490439],[103.6550818,-1.6495456],[103.6549048,-1.6496135],[103.654664,-1.6496995],[103.6543778,-1.6498214],[103.6543027,-1.6498683],[103.6542383,-1.6499192],[103.6541806,-1.6499702],[103.6536521,-1.6505489],[103.6535228,-1.6506823],[103.6532767,-1.6509836]]}},{"type":"Feature","properties":{"segmentId":"osm-gaul2-18003-6259278327-6259278326-0","regionId":"gaul2-18003","province":"Jambi","region":"Kota Jambi","roadName":"Jalan Lingkar Selatan","highway":"trunk","lengthMeters":28.956,"osmWayIds":["654171696"],"u":"6259278327","v":"6259278326","key":0,"oneway":false,"source":"OpenStreetMap"},"geometry":{"type":"LineString","coordinates":[[103.6545651,-1.6406989],[103.6546607,-1.6405729],[103.6547264,-1.6404945]]}},{"type":"Feature","properties":{"segmentId":"osm-gaul2-18003-6259278327-6259278329-0","regionId":"gaul2-18003","province":"Jambi","region":"Kota Jambi","roadName":"Unnamed OSM road","highway":"tertiary","lengthMeters":51.534,"osmWayIds":["668403789"],"u":"6259278327","v":"6259278329","key":0,"oneway":true,"source":"OpenStreetMap"},"geometry":{"type":"LineString","coordinates":[[103.6545651,-1.6406989],[103.6544508,-1.6405789],[103.6543288,-1.6404965],[103.654196,-1.6404254]]}},{"type":"Feature","properties":{"segmentId":"osm-gaul2-18003-6259278329-5126809816-0","regionId":"gaul2-18003","province":"Jambi","region":"Kota Jambi","roadName":"Unnamed OSM road","highway":"tertiary","lengthMeters":373.613,"osmWayIds":["529193791"],"u":"6259278329","v":"5126809816","key":0,"oneway":false,"source":"OpenStreetMap"},"geometry":{"type":"LineString","coordinates":[[103.654196,-1.6404254],[103.6540022,-1.6404039],[103.6539138,-1.6403866],[103.6537153,-1.6403674],[103.653553,-1.6403477],[103.6532915,-1.6403396],[103.6529884,-1.6403674],[103.6529016,-1.6403835],[103.6527712,-1.6404076],[103.652456,-1.6404496],[103.6523015,-1.6404647],[103.652228,-1.6404589],[103.6520469,-1.6404254],[103.651709,-1.6402763],[103.6514971,-1.6401761],[103.6512972,-1.6400675],[103.6512647,-1.6400363],[103.6512335,-1.6399951],[103.6511725,-1.6398905],[103.6511256,-1.6397521]]}},{"type":"Feature","properties":{"segmentId":"osm-gaul2-18003-6259278329-6259278326-0","regionId":"gaul2-18003","province":"Jambi","region":"Kota Jambi","roadName":"Unnamed OSM road","highway":"tertiary","lengthMeters":59.452,"osmWayIds":["668403790"],"u":"6259278329","v":"6259278326","key":0,"oneway":true,"source":"OpenStreetMap"},"geometry":{"type":"LineString","coordinates":[[103.654196,-1.6404254],[103.6547264,-1.6404945]]}},{"type":"Feature","properties":{"segmentId":"osm-gaul2-18003-6259312424-5126813621-0","regionId":"gaul2-18003","province":"Jambi","region":"Kota Jambi","roadName":"Jalan Sultan Thaha","highway":"trunk","lengthMeters":150.351,"osmWayIds":["668407510","819301426"],"u":"6259312424","v":"5126813621","key":0,"oneway":false,"source":"OpenStreetMap"},"geometry":{"type":"LineString","coordinates":[[103.6161686,-1.5889849],[103.6162354,-1.5890031],[103.6163721,-1.5889759],[103.616509,-1.5889501],[103.6167437,-1.5889006],[103.6168831,-1.588875],[103.6169837,-1.5888483],[103.6170628,-1.5888134],[103.6171393,-1.5887651],[103.6173948,-1.5885377]]}},{"type":"Feature","properties":{"segmentId":"osm-gaul2-18003-6259312424-5984289790-0","regionId":"gaul2-18003","province":"Jambi","region":"Kota Jambi","roadName":"Jalan Raden Pemuk","highway":"trunk","lengthMeters":299.506,"osmWayIds":["634034018"],"u":"6259312424","v":"5984289790","key":0,"oneway":true,"source":"OpenStreetMap"},"geometry":{"type":"LineString","coordinates":[[103.6161686,-1.5889849],[103.6162944,-1.5888617],[103.6166605,-1.5885761],[103.6172052,-1.5881809],[103.6174491,-1.587999],[103.6177773,-1.5877639],[103.6183477,-1.587407]]}},{"type":"Feature","properties":{"segmentId":"osm-gaul2-18003-6259312424-7624771509-0","regionId":"gaul2-18003","province":"Jambi","region":"Kota Jambi","roadName":"Jalan Sultan Thaha","highway":"trunk","lengthMeters":16.491,"osmWayIds":["828822660"],"u":"6259312424","v":"7624771509","key":0,"oneway":false,"source":"OpenStreetMap"},"geometry":{"type":"LineString","coordinates":[[103.6161686,-1.5889849],[103.6160378,-1.5890549]]}},{"type":"Feature","properties":{"segmentId":"osm-gaul2-18003-6261052096-6130023480-0","regionId":"gaul2-18003","province":"Jambi","region":"Kota Jambi","roadName":"Jalan Pangeran Hidayat","highway":"trunk","lengthMeters":145.699,"osmWayIds":["654629429"],"u":"6261052096","v":"6130023480","key":0,"oneway":true,"source":"OpenStreetMap"},"geometry":{"type":"LineString","coordinates":[[103.6030141,-1.6222622],[103.6031496,-1.6218513],[103.603277,-1.6215137],[103.603457,-1.6210292]]}},{"type":"Feature","properties":{"segmentId":"osm-gaul2-18003-6261052096-6133943624-0","regionId":"gaul2-18003","province":"Jambi","region":"Kota Jambi","roadName":"Unnamed OSM road","highway":"trunk_link","lengthMeters":8.311,"osmWayIds":["1204106668"],"u":"6261052096","v":"6133943624","key":0,"oneway":false,"source":"OpenStreetMap"},"geometry":{"type":"LineString","coordinates":[[103.6030141,-1.6222622],[103.6030855,-1.6222844]]}},{"type":"Feature","properties":{"segmentId":"osm-gaul2-18003-6261052105-6133943623-0","regionId":"gaul2-18003","province":"Jambi","region":"Kota Jambi","roadName":"Unnamed OSM road","highway":"trunk_link","lengthMeters":9.129,"osmWayIds":["1204106667"],"u":"6261052105","v":"6133943623","key":0,"oneway":false,"source":"OpenStreetMap"},"geometry":{"type":"LineString","coordinates":[[103.6029443,-1.622586],[103.6030242,-1.622605]]}},{"type":"Feature","properties":{"segmentId":"osm-gaul2-18003-6261052105-6261052096-0","regionId":"gaul2-18003","province":"Jambi","region":"Kota Jambi","roadName":"Jalan Pangeran Hidayat","highway":"trunk","lengthMeters":36.876,"osmWayIds":["654629429"],"u":"6261052105","v":"6261052096","key":0,"oneway":true,"source":"OpenStreetMap"},"geometry":{"type":"LineString","coordinates":[[103.6029443,-1.622586],[103.6029711,-1.622423],[103.6030141,-1.6222622]]}},{"type":"Feature","properties":{"segmentId":"osm-gaul2-18003-6471674409-5462703345-0","regionId":"gaul2-18003","province":"Jambi","region":"Kota Jambi","roadName":"Jalan Kapten Pattimura","highway":"primary","lengthMeters":31.215,"osmWayIds":["1285508606"],"u":"6471674409","v":"5462703345","key":0,"oneway":true,"source":"OpenStreetMap"},"geometry":{"type":"LineString","coordinates":[[103.5785935,-1.6193112],[103.5788608,-1.6192251]]}},{"type":"Feature","properties":{"segmentId":"osm-gaul2-18003-6471674409-6471674410-0","regionId":"gaul2-18003","province":"Jambi","region":"Kota Jambi","roadName":"Unnamed OSM road","highway":"primary_link","lengthMeters":10.886,"osmWayIds":["689827091"],"u":"6471674409","v":"6471674410","key":0,"oneway":false,"source":"OpenStreetMap"},"geometry":{"type":"LineString","coordinates":[[103.5785935,-1.6193112],[103.5786278,-1.6194029]]}},{"type":"Feature","properties":{"segmentId":"osm-gaul2-18003-6471674410-5462703348-0","regionId":"gaul2-18003","province":"Jambi","region":"Kota Jambi","roadName":"Jalan Kapten Pattimura","highway":"primary","lengthMeters":316.436,"osmWayIds":["1285508603"],"u":"6471674410","v":"5462703348","key":0,"oneway":true,"source":"OpenStreetMap"},"geometry":{"type":"LineString","coordinates":[[103.5786278,-1.6194029],[103.5784019,-1.6194682],[103.5778158,-1.6196516],[103.5773652,-1.6197709],[103.5770338,-1.6198568],[103.5763282,-1.6200341],[103.5761142,-1.6201045],[103.5758904,-1.6201802]]}},{"type":"Feature","properties":{"segmentId":"osm-gaul2-18003-6471674410-6471674409-0","regionId":"gaul2-18003","province":"Jambi","region":"Kota Jambi","roadName":"Unnamed OSM road","highway":"primary_link","lengthMeters":10.886,"osmWayIds":["689827091"],"u":"6471674410","v":"6471674409","key":0,"oneway":false,"source":"OpenStreetMap"},"geometry":{"type":"LineString","coordinates":[[103.5786278,-1.6194029],[103.5785935,-1.6193112]]}},{"type":"Feature","properties":{"segmentId":"osm-gaul2-18003-6471674413-3444362556-0","regionId":"gaul2-18003","province":"Jambi","region":"Kota Jambi","roadName":"Unnamed OSM road","highway":"primary","lengthMeters":251.759,"osmWayIds":["1017786155"],"u":"6471674413","v":"3444362556","key":0,"oneway":true,"source":"OpenStreetMap"},"geometry":{"type":"LineString","coordinates":[[103.5645905,-1.6167182],[103.5648765,-1.6165718],[103.5650072,-1.6164937],[103.565286,-1.6163474],[103.5658836,-1.6160339],[103.5660808,-1.6159749],[103.5662368,-1.6159549],[103.5665381,-1.6159454],[103.5666744,-1.61596]]}},{"type":"Feature","properties":{"segmentId":"osm-gaul2-18003-6471674413-6471674414-0","regionId":"gaul2-18003","province":"Jambi","region":"Kota Jambi","roadName":"Unnamed OSM road","highway":"primary_link","lengthMeters":9.218,"osmWayIds":["689827093"],"u":"6471674413","v":"6471674414","key":0,"oneway":false,"source":"OpenStreetMap"},"geometry":{"type":"LineString","coordinates":[[103.5645905,-1.6167182],[103.5646338,-1.6167889]]}},{"type":"Feature","properties":{"segmentId":"osm-gaul2-18003-6471674414-6471674413-0","regionId":"gaul2-18003","province":"Jambi","region":"Kota Jambi","roadName":"Unnamed OSM road","highway":"primary_link","lengthMeters":9.218,"osmWayIds":["689827093"],"u":"6471674414","v":"6471674413","key":0,"oneway":false,"source":"OpenStreetMap"},"geometry":{"type":"LineString","coordinates":[[103.5646338,-1.6167889],[103.5645905,-1.6167182]]}},{"type":"Feature","properties":{"segmentId":"osm-gaul2-18003-6471674414-6471674416-0","regionId":"gaul2-18003","province":"Jambi","region":"Kota Jambi","roadName":"Unnamed OSM road","highway":"primary","lengthMeters":141.485,"osmWayIds":["1017786156"],"u":"6471674414","v":"6471674416","key":0,"oneway":true,"source":"OpenStreetMap"},"geometry":{"type":"LineString","coordinates":[[103.5646338,-1.6167889],[103.564456,-1.6168824],[103.564236,-1.6169966],[103.5635241,-1.6174116]]}},{"type":"Feature","properties":{"segmentId":"osm-gaul2-18003-6471674415-5722942168-0","regionId":"gaul2-18003","province":"Jambi","region":"Kota Jambi","roadName":"Unnamed OSM road","highway":"primary","lengthMeters":90.869,"osmWayIds":["1017786155"],"u":"6471674415","v":"5722942168","key":0,"oneway":true,"source":"OpenStreetMap"},"geometry":{"type":"LineString","coordinates":[[103.5634737,-1.6173366],[103.5640168,-1.6170272],[103.564184,-1.616932]]}},{"type":"Feature","properties":{"segmentId":"osm-gaul2-18003-6471674415-6471674416-0","regionId":"gaul2-18003","province":"Jambi","region":"Kota Jambi","roadName":"Unnamed OSM road","highway":"primary_link","lengthMeters":10.046,"osmWayIds":["689827094"],"u":"6471674415","v":"6471674416","key":0,"oneway":false,"source":"OpenStreetMap"},"geometry":{"type":"LineString","coordinates":[[103.5634737,-1.6173366],[103.5635241,-1.6174116]]}},{"type":"Feature","properties":{"segmentId":"osm-gaul2-18003-6471674416-6178185683-0","regionId":"gaul2-18003","province":"Jambi","region":"Kota Jambi","roadName":"Unnamed OSM road","highway":"primary","lengthMeters":250.687,"osmWayIds":["1017786156"],"u":"6471674416","v":"6178185683","key":0,"oneway":true,"source":"OpenStreetMap"},"geometry":{"type":"LineString","coordinates":[[103.5635241,-1.6174116],[103.5632783,-1.6175692],[103.5629807,-1.6177681],[103.5625708,-1.6180096],[103.5622586,-1.6181928],[103.5620889,-1.6182611],[103.561942,-1.6182987],[103.561858,-1.6183058],[103.5615095,-1.618295]]}},{"type":"Feature","properties":{"segmentId":"osm-gaul2-18003-6471674416-6471674415-0","regionId":"gaul2-18003","province":"Jambi","region":"Kota Jambi","roadName":"Unnamed OSM road","highway":"primary_link","lengthMeters":10.046,"osmWayIds":["689827094"],"u":"6471674416","v":"6471674415","key":0,"oneway":false,"source":"OpenStreetMap"},"geometry":{"type":"LineString","coordinates":[[103.5635241,-1.6174116],[103.5634737,-1.6173366]]}},{"type":"Feature","properties":{"segmentId":"osm-gaul2-18003-6471675141-5722943080-0","regionId":"gaul2-18003","province":"Jambi","region":"Kota Jambi","roadName":"Unnamed OSM road","highway":"primary","lengthMeters":352.703,"osmWayIds":["1330541773"],"u":"6471675141","v":"5722943080","key":0,"oneway":true,"source":"OpenStreetMap"},"geometry":{"type":"LineString","coordinates":[[103.5692145,-1.6178887],[103.5691357,-1.6178181],[103.5687918,-1.6175099],[103.5686088,-1.6173503],[103.5681796,-1.6169615],[103.5677848,-1.6166574],[103.5672672,-1.6163333],[103.5671536,-1.6162639],[103.5668624,-1.616119],[103.5666608,-1.616042]]}},{"type":"Feature","properties":{"segmentId":"osm-gaul2-18003-6471675141-6167594932-0","regionId":"gaul2-18003","province":"Jambi","region":"Kota Jambi","roadName":"Unnamed OSM road","highway":"primary_link","lengthMeters":9.077,"osmWayIds":["689827195"],"u":"6471675141","v":"6167594932","key":0,"oneway":false,"source":"OpenStreetMap"},"geometry":{"type":"LineString","coordinates":[[103.5692145,-1.6178887],[103.5692668,-1.617826]]}},{"type":"Feature","properties":{"segmentId":"osm-gaul2-18003-6475886795-5126809769-0","regionId":"gaul2-18003","province":"Jambi","region":"Kota Jambi","roadName":"Unnamed OSM road","highway":"tertiary","lengthMeters":11.679,"osmWayIds":["809439793"],"u":"6475886795","v":"5126809769","key":0,"oneway":true,"source":"OpenStreetMap"},"geometry":{"type":"LineString","coordinates":[[103.6096613,-1.6275911],[103.6096975,-1.6276897]]}},{"type":"Feature","properties":{"segmentId":"osm-gaul2-18003-6475886795-6475886796-0","regionId":"gaul2-18003","province":"Jambi","region":"Kota Jambi","roadName":"Unnamed OSM road","highway":"tertiary","lengthMeters":62.781,"osmWayIds":["690260851"],"u":"6475886795","v":"6475886796","key":0,"oneway":true,"source":"OpenStreetMap"},"geometry":{"type":"LineString","coordinates":[[103.6096613,-1.6275911],[103.6102225,-1.6275272]]}},{"type":"Feature","properties":{"segmentId":"osm-gaul2-18003-6475886796-6475886797-0","regionId":"gaul2-18003","province":"Jambi","region":"Kota Jambi","roadName":"Unnamed OSM road","highway":"tertiary","lengthMeters":66.045,"osmWayIds":["690260851"],"u":"6475886796","v":"6475886797","key":0,"oneway":true,"source":"OpenStreetMap"},"geometry":{"type":"LineString","coordinates":[[103.6102225,-1.6275272],[103.6108152,-1.6274851]]}},{"type":"Feature","properties":{"segmentId":"osm-gaul2-18003-6475886796-6475886859-0","regionId":"gaul2-18003","province":"Jambi","region":"Kota Jambi","roadName":"Unnamed OSM road","highway":"tertiary_link","lengthMeters":11.18,"osmWayIds":["690260868"],"u":"6475886796","v":"6475886859","key":0,"oneway":false,"source":"OpenStreetMap"},"geometry":{"type":"LineString","coordinates":[[103.6102225,-1.6275272],[103.6102319,-1.6276273]]}},{"type":"Feature","properties":{"segmentId":"osm-gaul2-18003-6475886797-4791347328-0","regionId":"gaul2-18003","province":"Jambi","region":"Kota Jambi","roadName":"Unnamed OSM road","highway":"tertiary","lengthMeters":9.478,"osmWayIds":["527325089"],"u":"6475886797","v":"4791347328","key":0,"oneway":false,"source":"OpenStreetMap"},"geometry":{"type":"LineString","coordinates":[[103.6108152,-1.6274851],[103.6108228,-1.62757]]}},{"type":"Feature","properties":{"segmentId":"osm-gaul2-18003-6475886797-5126809790-0","regionId":"gaul2-18003","province":"Jambi","region":"Kota Jambi","roadName":"Unnamed OSM road","highway":"tertiary","lengthMeters":1344.526,"osmWayIds":["527325089"],"u":"6475886797","v":"5126809790","key":0,"oneway":false,"source":"OpenStreetMap"},"geometry":{"type":"LineString","coordinates":[[103.6108152,-1.6274851],[103.6108054,-1.627377],[103.6107754,-1.626839],[103.6107546,-1.626542],[103.6107505,-1.6263909],[103.610737,-1.6261485],[103.6107472,-1.6260894],[103.6107544,-1.6260482],[103.6108082,-1.6259354],[103.6109442,-1.6256468],[103.6109889,-1.6255585],[103.6113996,-1.6247481],[103.6116069,-1.6243404],[103.611634,-1.6242836],[103.6119331,-1.623598],[103.6119888,-1.6234915],[103.6122899,-1.6228011],[103.6126037,-1.6221174],[103.6126593,-1.6220362],[103.6127619,-1.6218747],[103.6129182,-1.6217013],[103.6134379,-1.6211669],[103.6134891,-1.6211138],[103.6136243,-1.6209739],[103.6137289,-1.6208747],[103.6141527,-1.6205007],[103.6144812,-1.6201669],[103.6146837,-1.6200234],[103.6147674,-1.6199816],[103.61485,-1.6199403],[103.6151941,-1.6198106],[103.6156516,-1.6196572],[103.6156708,-1.6196508],[103.6162367,-1.6194443],[103.6172971,-1.6189654],[103.617779,-1.6187644]]}},{"type":"Feature","properties":{"segmentId":"osm-gaul2-18003-6475886859-5126809769-0","regionId":"gaul2-18003","province":"Jambi","region":"Kota Jambi","roadName":"Unnamed OSM road","highway":"tertiary","lengthMeters":59.817,"osmWayIds":["809439796"],"u":"6475886859","v":"5126809769","key":0,"oneway":true,"source":"OpenStreetMap"},"geometry":{"type":"LineString","coordinates":[[103.6102319,-1.6276273],[103.6097801,-1.6276758],[103.6096975,-1.6276897]]}},{"type":"Feature","properties":{"segmentId":"osm-gaul2-18003-6475886859-6475886796-0","regionId":"gaul2-18003","province":"Jambi","region":"Kota Jambi","roadName":"Unnamed OSM road","highway":"tertiary_link","lengthMeters":11.18,"osmWayIds":["690260868"],"u":"6475886859","v":"6475886796","key":0,"oneway":false,"source":"OpenStreetMap"},"geometry":{"type":"LineString","coordinates":[[103.6102319,-1.6276273],[103.6102225,-1.6275272]]}},{"type":"Feature","properties":{"segmentId":"osm-gaul2-18003-6476960214-6130724008-0","regionId":"gaul2-18003","province":"Jambi","region":"Kota Jambi","roadName":"Jalan Sultan Thaha","highway":"trunk","lengthMeters":123.171,"osmWayIds":["654244307","654244308","654244334"],"u":"6476960214","v":"6130724008","key":0,"oneway":true,"source":"OpenStreetMap"},"geometry":{"type":"LineString","coordinates":[[103.6248392,-1.5848667],[103.6251645,-1.5848372],[103.6254253,-1.5848117],[103.6256279,-1.5848007],[103.6259443,-1.5847911]]}},{"type":"Feature","properties":{"segmentId":"osm-gaul2-18003-6476960214-6476960215-0","regionId":"gaul2-18003","province":"Jambi","region":"Kota Jambi","roadName":"Unnamed OSM road","highway":"trunk_link","lengthMeters":8.477,"osmWayIds":["690364754"],"u":"6476960214","v":"6476960215","key":0,"oneway":false,"source":"OpenStreetMap"},"geometry":{"type":"LineString","coordinates":[[103.6248392,-1.5848667],[103.6248523,-1.5849418]]}},{"type":"Feature","properties":{"segmentId":"osm-gaul2-18003-6476960215-6130722782-0","regionId":"gaul2-18003","province":"Jambi","region":"Kota Jambi","roadName":"Jalan Sultan Thaha","highway":"trunk","lengthMeters":149.414,"osmWayIds":["654244315"],"u":"6476960215","v":"6130722782","key":0,"oneway":true,"source":"OpenStreetMap"},"geometry":{"type":"LineString","coordinates":[[103.6248523,-1.5849418],[103.6237975,-1.5851337],[103.6236892,-1.5851574],[103.6235334,-1.5851989]]}},{"type":"Feature","properties":{"segmentId":"osm-gaul2-18003-6476960215-6476960214-0","regionId":"gaul2-18003","province":"Jambi","region":"Kota Jambi","roadName":"Unnamed OSM road","highway":"trunk_link","lengthMeters":8.477,"osmWayIds":["690364754"],"u":"6476960215","v":"6476960214","key":0,"oneway":false,"source":"OpenStreetMap"},"geometry":{"type":"LineString","coordinates":[[103.6248523,-1.5849418],[103.6248392,-1.5848667]]}},{"type":"Feature","properties":{"segmentId":"osm-gaul2-18003-6477111903-4791347352-0","regionId":"gaul2-18003","province":"Jambi","region":"Kota Jambi","roadName":"Jalan Haji Abdulrahman Saleh","highway":"trunk","lengthMeters":384.721,"osmWayIds":["1026302239","1141927229"],"u":"6477111903","v":"4791347352","key":0,"oneway":true,"source":"OpenStreetMap"},"geometry":{"type":"LineString","coordinates":[[103.6310565,-1.6238367],[103.6310225,-1.6237304],[103.630938,-1.6234215],[103.6307764,-1.6228425],[103.6306939,-1.6225839],[103.6306174,-1.6223138],[103.6304323,-1.6216556],[103.6303197,-1.6213372],[103.6302701,-1.6212299],[103.6301185,-1.6208505],[103.6300032,-1.6205449]]}},{"type":"Feature","properties":{"segmentId":"osm-gaul2-18003-6477111903-6477111904-0","regionId":"gaul2-18003","province":"Jambi","region":"Kota Jambi","roadName":"Unnamed OSM road","highway":"trunk","lengthMeters":6.608,"osmWayIds":["1026302241"],"u":"6477111903","v":"6477111904","key":0,"oneway":false,"source":"OpenStreetMap"},"geometry":{"type":"LineString","coordinates":[[103.6310565,-1.6238367],[103.6311129,-1.6238179]]}},{"type":"Feature","properties":{"segmentId":"osm-gaul2-18003-6477111904-6477111903-0","regionId":"gaul2-18003","province":"Jambi","region":"Kota Jambi","roadName":"Unnamed OSM road","highway":"trunk","lengthMeters":6.608,"osmWayIds":["1026302241"],"u":"6477111904","v":"6477111903","key":0,"oneway":false,"source":"OpenStreetMap"},"geometry":{"type":"LineString","coordinates":[[103.6311129,-1.6238179],[103.6310565,-1.6238367]]}},{"type":"Feature","properties":{"segmentId":"osm-gaul2-18003-6477111904-6477111916-0","regionId":"gaul2-18003","province":"Jambi","region":"Kota Jambi","roadName":"Jalan Soekarno-Hatta","highway":"trunk","lengthMeters":63.222,"osmWayIds":["690379686"],"u":"6477111904","v":"6477111916","key":0,"oneway":false,"source":"OpenStreetMap"},"geometry":{"type":"LineString","coordinates":[[103.6311129,-1.6238179],[103.6311465,-1.6238122],[103.6311883,-1.6238205],[103.6312454,-1.6238655],[103.631287,-1.6239129],[103.6313393,-1.6239853],[103.6314907,-1.6242051]]}},{"type":"Feature","properties":{"segmentId":"osm-gaul2-18003-6477111904-6477111917-0","regionId":"gaul2-18003","province":"Jambi","region":"Kota Jambi","roadName":"Jalan Haji Abdulrahman Saleh","highway":"primary","lengthMeters":54.159,"osmWayIds":["1224699811"],"u":"6477111904","v":"6477111917","key":0,"oneway":true,"source":"OpenStreetMap"},"geometry":{"type":"LineString","coordinates":[[103.6311129,-1.6238179],[103.6311837,-1.6241027],[103.6312371,-1.6242888]]}},{"type":"Feature","properties":{"segmentId":"osm-gaul2-18003-6477111908-5141191690-0","regionId":"gaul2-18003","province":"Jambi","region":"Kota Jambi","roadName":"Jalan Soekarno-Hatta","highway":"trunk","lengthMeters":221.38,"osmWayIds":["374774396"],"u":"6477111908","v":"5141191690","key":0,"oneway":true,"source":"OpenStreetMap"},"geometry":{"type":"LineString","coordinates":[[103.6315184,-1.624241],[103.6316241,-1.6242708],[103.6325398,-1.6250798],[103.6330486,-1.6254997]]}},{"type":"Feature","properties":{"segmentId":"osm-gaul2-18003-6477111908-6477111916-0","regionId":"gaul2-18003","province":"Jambi","region":"Kota Jambi","roadName":"Jalan Soekarno-Hatta","highway":"trunk","lengthMeters":5.041,"osmWayIds":["690379686"],"u":"6477111908","v":"6477111916","key":0,"oneway":false,"source":"OpenStreetMap"},"geometry":{"type":"LineString","coordinates":[[103.6315184,-1.624241],[103.6314907,-1.6242051]]}},{"type":"Feature","properties":{"segmentId":"osm-gaul2-18003-6477111916-6477111904-0","regionId":"gaul2-18003","province":"Jambi","region":"Kota Jambi","roadName":"Jalan Soekarno-Hatta","highway":"trunk","lengthMeters":63.222,"osmWayIds":["690379686"],"u":"6477111916","v":"6477111904","key":0,"oneway":false,"source":"OpenStreetMap"},"geometry":{"type":"LineString","coordinates":[[103.6314907,-1.6242051],[103.6313393,-1.6239853],[103.631287,-1.6239129],[103.6312454,-1.6238655],[103.6311883,-1.6238205],[103.6311465,-1.6238122],[103.6311129,-1.6238179]]}},{"type":"Feature","properties":{"segmentId":"osm-gaul2-18003-6477111916-6477111908-0","regionId":"gaul2-18003","province":"Jambi","region":"Kota Jambi","roadName":"Jalan Soekarno-Hatta","highway":"trunk","lengthMeters":5.041,"osmWayIds":["690379686"],"u":"6477111916","v":"6477111908","key":0,"oneway":false,"source":"OpenStreetMap"},"geometry":{"type":"LineString","coordinates":[[103.6314907,-1.6242051],[103.6315184,-1.624241]]}},{"type":"Feature","properties":{"segmentId":"osm-gaul2-18003-6477111916-6477111917-0","regionId":"gaul2-18003","province":"Jambi","region":"Kota Jambi","roadName":"Unnamed OSM road","highway":"trunk_link","lengthMeters":30.388,"osmWayIds":["634310849"],"u":"6477111916","v":"6477111917","key":0,"oneway":false,"source":"OpenStreetMap"},"geometry":{"type":"LineString","coordinates":[[103.6314907,-1.6242051],[103.6314378,-1.6242044],[103.6313524,-1.6242252],[103.6312998,-1.6242455],[103.6312371,-1.6242888]]}},{"type":"Feature","properties":{"segmentId":"osm-gaul2-18003-6477111917-6130048679-0","regionId":"gaul2-18003","province":"Jambi","region":"Kota Jambi","roadName":"Unnamed OSM road","highway":"trunk","lengthMeters":8.914,"osmWayIds":["1224699812"],"u":"6477111917","v":"6130048679","key":0,"oneway":false,"source":"OpenStreetMap"},"geometry":{"type":"LineString","coordinates":[[103.6312371,-1.6242888],[103.6311725,-1.6243363]]}},{"type":"Feature","properties":{"segmentId":"osm-gaul2-18003-6477111917-6136359143-0","regionId":"gaul2-18003","province":"Jambi","region":"Kota Jambi","roadName":"Jalan Haji Abdulrahman Saleh","highway":"primary","lengthMeters":323.779,"osmWayIds":["1026302242"],"u":"6477111917","v":"6136359143","key":0,"oneway":true,"source":"OpenStreetMap"},"geometry":{"type":"LineString","coordinates":[[103.6312371,-1.6242888],[103.6317815,-1.6263348],[103.6319787,-1.6268346],[103.6320911,-1.6270662]]}},{"type":"Feature","properties":{"segmentId":"osm-gaul2-18003-6477111917-6477111916-0","regionId":"gaul2-18003","province":"Jambi","region":"Kota Jambi","roadName":"Unnamed OSM road","highway":"trunk_link","lengthMeters":30.388,"osmWayIds":["634310849"],"u":"6477111917","v":"6477111916","key":0,"oneway":false,"source":"OpenStreetMap"},"geometry":{"type":"LineString","coordinates":[[103.6312371,-1.6242888],[103.6312998,-1.6242455],[103.6313524,-1.6242252],[103.6314378,-1.6242044],[103.6314907,-1.6242051]]}},{"type":"Feature","properties":{"segmentId":"osm-gaul2-18003-6484910949-5141191683-0","regionId":"gaul2-18003","province":"Jambi","region":"Kota Jambi","roadName":"Jalan Soekarno-Hatta","highway":"trunk","lengthMeters":163.301,"osmWayIds":["634310848"],"u":"6484910949","v":"5141191683","key":0,"oneway":true,"source":"OpenStreetMap"},"geometry":{"type":"LineString","coordinates":[[103.6364234,-1.6284278],[103.6361699,-1.6282182],[103.6357304,-1.6278446],[103.6357023,-1.6278207],[103.6355299,-1.6276801],[103.6352959,-1.6274863]]}},{"type":"Feature","properties":{"segmentId":"osm-gaul2-18003-6484910949-6484910950-0","regionId":"gaul2-18003","province":"Jambi","region":"Kota Jambi","roadName":"Unnamed OSM road","highway":"trunk_link","lengthMeters":10.696,"osmWayIds":["691138576"],"u":"6484910949","v":"6484910950","key":0,"oneway":false,"source":"OpenStreetMap"},"geometry":{"type":"LineString","coordinates":[[103.6364234,-1.6284278],[103.6364808,-1.6283506]]}},{"type":"Feature","properties":{"segmentId":"osm-gaul2-18003-6484910950-5141191597-0","regionId":"gaul2-18003","province":"Jambi","region":"Kota Jambi","roadName":"Jalan Soekarno-Hatta","highway":"trunk","lengthMeters":303.054,"osmWayIds":["374774396"],"u":"6484910950","v":"5141191597","key":0,"oneway":true,"source":"OpenStreetMap"},"geometry":{"type":"LineString","coordinates":[[103.6364808,-1.6283506],[103.6369858,-1.6287683],[103.6378527,-1.6295002],[103.6385704,-1.6301013]]}},{"type":"Feature","properties":{"segmentId":"osm-gaul2-18003-6484910950-6484910949-0","regionId":"gaul2-18003","province":"Jambi","region":"Kota Jambi","roadName":"Unnamed OSM road","highway":"trunk_link","lengthMeters":10.696,"osmWayIds":["691138576"],"u":"6484910950","v":"6484910949","key":0,"oneway":false,"source":"OpenStreetMap"},"geometry":{"type":"LineString","coordinates":[[103.6364808,-1.6283506],[103.6364234,-1.6284278]]}},{"type":"Feature","properties":{"segmentId":"osm-gaul2-18003-6484911007-6484911008-0","regionId":"gaul2-18003","province":"Jambi","region":"Kota Jambi","roadName":"Unnamed OSM road","highway":"tertiary_link","lengthMeters":9.309,"osmWayIds":["691138592"],"u":"6484911007","v":"6484911008","key":0,"oneway":false,"source":"OpenStreetMap"},"geometry":{"type":"LineString","coordinates":[[103.6442863,-1.6322957],[103.6443302,-1.632367]]}},{"type":"Feature","properties":{"segmentId":"osm-gaul2-18003-6484911007-7577765174-0","regionId":"gaul2-18003","province":"Jambi","region":"Kota Jambi","roadName":"Unnamed OSM road","highway":"tertiary","lengthMeters":198.59,"osmWayIds":["896912288"],"u":"6484911007","v":"7577765174","key":0,"oneway":true,"source":"OpenStreetMap"},"geometry":{"type":"LineString","coordinates":[[103.6442863,-1.6322957],[103.6451744,-1.6316668],[103.6455667,-1.6314],[103.6456183,-1.6313512],[103.6456311,-1.6313284],[103.6456338,-1.6313063],[103.6456297,-1.6312747],[103.6456182,-1.6312549],[103.6455851,-1.631218]]}},{"type":"Feature","properties":{"segmentId":"osm-gaul2-18003-6484911008-5126813532-0","regionId":"gaul2-18003","province":"Jambi","region":"Kota Jambi","roadName":"Unnamed OSM road","highway":"tertiary","lengthMeters":319.465,"osmWayIds":["529193793"],"u":"6484911008","v":"5126813532","key":0,"oneway":true,"source":"OpenStreetMap"},"geometry":{"type":"LineString","coordinates":[[103.6443302,-1.632367],[103.6440486,-1.6325952],[103.6439862,-1.6326623],[103.6439493,-1.6327293],[103.6439336,-1.632805],[103.6439319,-1.6328721],[103.6439446,-1.6329451],[103.6441036,-1.6331949],[103.644193,-1.6332651],[103.6443979,-1.6334156],[103.6447791,-1.6336344],[103.6453038,-1.6339251],[103.6456472,-1.634169]]}},{"type":"Feature","properties":{"segmentId":"osm-gaul2-18003-6484911008-6484911007-0","regionId":"gaul2-18003","province":"Jambi","region":"Kota Jambi","roadName":"Unnamed OSM road","highway":"tertiary_link","lengthMeters":9.309,"osmWayIds":["691138592"],"u":"6484911008","v":"6484911007","key":0,"oneway":false,"source":"OpenStreetMap"},"geometry":{"type":"LineString","coordinates":[[103.6443302,-1.632367],[103.6442863,-1.6322957]]}},{"type":"Feature","properties":{"segmentId":"osm-gaul2-18003-6997931533-5143505153-0","regionId":"gaul2-18003","province":"Jambi","region":"Kota Jambi","roadName":"Unnamed OSM road","highway":"trunk_link","lengthMeters":8.564,"osmWayIds":["747967321"],"u":"6997931533","v":"5143505153","key":0,"oneway":false,"source":"OpenStreetMap"},"geometry":{"type":"LineString","coordinates":[[103.6370755,-1.6215415],[103.637074,-1.6214645]]}},{"type":"Feature","properties":{"segmentId":"osm-gaul2-18003-6997931533-7645959196-0","regionId":"gaul2-18003","province":"Jambi","region":"Kota Jambi","roadName":"Jalan RB Siagian","highway":"trunk","lengthMeters":989.299,"osmWayIds":["668389959","747967324","747967325"],"u":"6997931533","v":"7645959196","key":0,"oneway":true,"source":"OpenStreetMap"},"geometry":{"type":"LineString","coordinates":[[103.6370755,-1.6215415],[103.6368043,-1.6215358],[103.636615,-1.6215255],[103.6364979,-1.6215181],[103.6361387,-1.6214953],[103.6359389,-1.6215034],[103.6350658,-1.6216629],[103.6349002,-1.6216828],[103.6347214,-1.6217089],[103.634394,-1.6217548],[103.6341599,-1.6217781],[103.6340178,-1.6217725],[103.6338488,-1.6217367],[103.6336644,-1.6216609],[103.6335014,-1.6215566],[103.6333929,-1.6214862],[103.6331266,-1.6213191],[103.6330894,-1.6212924],[103.6329053,-1.6211334],[103.6327283,-1.6209296],[103.63267,-1.6208479],[103.6325003,-1.620624],[103.632214,-1.6202044],[103.6319565,-1.6197593],[103.631864,-1.6195797],[103.6314013,-1.6186393],[103.6313564,-1.6185649],[103.6311056,-1.618225],[103.6309205,-1.61803],[103.630659,-1.6177987],[103.6302841,-1.6175172]]}},{"type":"Feature","properties":{"segmentId":"osm-gaul2-18003-6997931543-4791526206-0","regionId":"gaul2-18003","province":"Jambi","region":"Kota Jambi","roadName":"Unnamed OSM road","highway":"tertiary","lengthMeters":647.948,"osmWayIds":["529193804","747967319"],"u":"6997931543","v":"4791526206","key":0,"oneway":false,"source":"OpenStreetMap"},"geometry":{"type":"LineString","coordinates":[[103.6408819,-1.622783],[103.6408346,-1.6228715],[103.6407781,-1.6229945],[103.6406851,-1.6232031],[103.6405825,-1.623442],[103.6404887,-1.6235806],[103.6403283,-1.6237113],[103.6401641,-1.6239234],[103.6401417,-1.6239759],[103.6401192,-1.6240037],[103.6398296,-1.6246674],[103.6396969,-1.62507],[103.6396543,-1.6252352],[103.6395876,-1.6254514],[103.6395172,-1.6257425],[103.6394647,-1.6259735],[103.6394358,-1.6260874],[103.6394352,-1.6261686],[103.6394562,-1.6264446],[103.6394998,-1.6267681],[103.6395323,-1.6270876],[103.6395414,-1.6274223],[103.6395455,-1.627832],[103.6395343,-1.6282509]]}},{"type":"Feature","properties":{"segmentId":"osm-gaul2-18003-6997931543-6997931533-0","regionId":"gaul2-18003","province":"Jambi","region":"Kota Jambi","roadName":"Jalan RB Siagian","highway":"trunk","lengthMeters":458.881,"osmWayIds":["747967325"],"u":"6997931543","v":"6997931533","key":0,"oneway":true,"source":"OpenStreetMap"},"geometry":{"type":"LineString","coordinates":[[103.6408819,-1.622783],[103.6405464,-1.6226379],[103.640291,-1.6225014],[103.6400279,-1.6223408],[103.6396653,-1.6221115],[103.6394939,-1.6220078],[103.6388743,-1.6216832],[103.6387765,-1.6216354],[103.6384913,-1.6215298],[103.6381818,-1.6214905],[103.6378012,-1.621471],[103.6376375,-1.6214738],[103.6373686,-1.6215134],[103.6370755,-1.6215415]]}},{"type":"Feature","properties":{"segmentId":"osm-gaul2-18003-7568454136-6475886795-0","regionId":"gaul2-18003","province":"Jambi","region":"Kota Jambi","roadName":"Unnamed OSM road","highway":"tertiary","lengthMeters":17.991,"osmWayIds":["809439794"],"u":"7568454136","v":"6475886795","key":0,"oneway":true,"source":"OpenStreetMap"},"geometry":{"type":"LineString","coordinates":[[103.6096251,-1.6277035],[103.609601,-1.627607],[103.6096613,-1.6275911]]}},{"type":"Feature","properties":{"segmentId":"osm-gaul2-18003-7571582729-6130596997-0","regionId":"gaul2-18003","province":"Jambi","region":"Kota Jambi","roadName":"Unnamed OSM road","highway":"tertiary","lengthMeters":51.485,"osmWayIds":["529527887"],"u":"7571582729","v":"6130596997","key":0,"oneway":true,"source":"OpenStreetMap"},"geometry":{"type":"LineString","coordinates":[[103.610984,-1.596357],[103.610888,-1.5963551],[103.610706,-1.5963069],[103.6105378,-1.596246]]}},{"type":"Feature","properties":{"segmentId":"osm-gaul2-18003-7571582729-6136251397-0","regionId":"gaul2-18003","province":"Jambi","region":"Kota Jambi","roadName":"Jembatan Makalam","highway":"tertiary","lengthMeters":1978.939,"osmWayIds":["486549314","529527890","529527894","809843819"],"u":"7571582729","v":"6136251397","key":0,"oneway":false,"source":"OpenStreetMap"},"geometry":{"type":"LineString","coordinates":[[103.610984,-1.596357],[103.6112935,-1.5964293],[103.6135304,-1.5970071],[103.6136895,-1.5970477],[103.6138496,-1.597113],[103.6139603,-1.5972106],[103.6140779,-1.5973039],[103.6141487,-1.5974012],[103.614207,-1.597554],[103.6142157,-1.5976639],[103.6141948,-1.5977853],[103.6140963,-1.5981372],[103.6140867,-1.5982181],[103.6140686,-1.5983698],[103.6140447,-1.5985769],[103.6140293,-1.5986251],[103.6139998,-1.5986654],[103.6139153,-1.5987297],[103.613871,-1.5987599],[103.6138415,-1.5987847],[103.6138093,-1.5988396],[103.6136478,-1.5992016],[103.6136256,-1.5992727],[103.6136222,-1.5993652],[103.6136331,-1.5994195],[103.6136529,-1.5995174],[103.6138684,-1.6001373],[103.6141258,-1.6007693],[103.6141936,-1.6009592],[103.6142823,-1.6012018],[103.6144725,-1.6014571],[103.614665,-1.6016803],[103.6149305,-1.6019645],[103.6151005,-1.6021776],[103.6151638,-1.6022823],[103.6151773,-1.6023562],[103.6150353,-1.6028854],[103.6149945,-1.603123],[103.6149197,-1.6034244],[103.6147241,-1.6040654],[103.6146938,-1.6042514],[103.6145239,-1.60495],[103.6144086,-1.605507],[103.6143486,-1.6059489],[103.6143136,-1.6062423],[103.6142415,-1.6065162],[103.6141285,-1.6067973],[103.6140132,-1.6071419],[103.6139756,-1.6072692],[103.6139448,-1.6073952],[103.6139217,-1.6075929],[103.6139193,-1.6076285],[103.6138523,-1.6086165],[103.613867,-1.6087371],[103.6139233,-1.6088699],[103.6142063,-1.6092626],[103.6144437,-1.6095509],[103.6146349,-1.6097997],[103.6151626,-1.6104864],[103.6152719,-1.610559]]}},{"type":"Feature","properties":{"segmentId":"osm-gaul2-18003-7577235800-3781483926-0","regionId":"gaul2-18003","province":"Jambi","region":"Kota Jambi","roadName":"Jalan R. Wijaya","highway":"tertiary","lengthMeters":1895.219,"osmWayIds":["1207080030","551402841"],"u":"7577235800","v":"3781483926","key":0,"oneway":false,"source":"OpenStreetMap"},"geometry":{"type":"LineString","coordinates":[[103.6205164,-1.6485245],[103.6206074,-1.6481778],[103.6206403,-1.6480904],[103.6207268,-1.6478789],[103.6207777,-1.6478132],[103.6208408,-1.6477462],[103.6208931,-1.6477194],[103.6209494,-1.6477113],[103.6219508,-1.6476922],[103.6227974,-1.6476255],[103.6229557,-1.647582],[103.6230443,-1.6475012],[103.6231382,-1.6473353],[103.6232343,-1.6471121],[103.6232896,-1.6469888],[103.6234009,-1.646651],[103.623468,-1.6463265],[103.6235172,-1.6460361],[103.6235293,-1.6459859],[103.623718,-1.6450595],[103.6238703,-1.6443136],[103.6238998,-1.6441961],[103.623968,-1.6438214],[103.6240834,-1.6432549],[103.624253,-1.6422096],[103.6242997,-1.6418373],[103.6243158,-1.6413398],[103.6243294,-1.6408873],[103.6243675,-1.6403905],[103.624403,-1.6400668],[103.6244096,-1.6399849],[103.6244636,-1.6394527],[103.6245533,-1.6387286],[103.6245897,-1.6385285],[103.6246259,-1.6383223],[103.6246478,-1.6381271],[103.624663,-1.6379819],[103.6246552,-1.637835],[103.6246105,-1.63768],[103.6245462,-1.6375178],[103.6244562,-1.6373657],[103.6239642,-1.6368555],[103.6237469,-1.6365713],[103.6235899,-1.6363456],[103.623556,-1.6362574],[103.6234888,-1.6360992],[103.623437,-1.6359239],[103.6234069,-1.6355804],[103.6234117,-1.6353916],[103.6234345,-1.6351436],[103.6234739,-1.6349239],[103.6235769,-1.6342796],[103.6235493,-1.634151]]}},{"type":"Feature","properties":{"segmentId":"osm-gaul2-18003-7577765174-5141191564-0","regionId":"gaul2-18003","province":"Jambi","region":"Kota Jambi","roadName":"Jalan Simpang Alkal - Bandara Sultan Thaha","highway":"trunk","lengthMeters":75.26,"osmWayIds":["1330857071"],"u":"7577765174","v":"5141191564","key":0,"oneway":true,"source":"OpenStreetMap"},"geometry":{"type":"LineString","coordinates":[[103.6455851,-1.631218],[103.645506,-1.6311525],[103.6453337,-1.6310186],[103.6452891,-1.6309839],[103.6450494,-1.6308042]]}},{"type":"Feature","properties":{"segmentId":"osm-gaul2-18003-7588337292-7588337293-0","regionId":"gaul2-18003","province":"Jambi","region":"Kota Jambi","roadName":"Jalan M.H. Thamrin","highway":"trunk","lengthMeters":9.472,"osmWayIds":["1257310581"],"u":"7588337292","v":"7588337293","key":0,"oneway":true,"source":"OpenStreetMap"},"geometry":{"type":"LineString","coordinates":[[103.6150822,-1.5937233],[103.61515,-1.5937749]]}},{"type":"Feature","properties":{"segmentId":"osm-gaul2-18003-7588337293-5741306306-0","regionId":"gaul2-18003","province":"Jambi","region":"Kota Jambi","roadName":"Jalan Haji Abdulrahman Saleh","highway":"trunk","lengthMeters":13.498,"osmWayIds":["1257310579"],"u":"7588337293","v":"5741306306","key":0,"oneway":true,"source":"OpenStreetMap"},"geometry":{"type":"LineString","coordinates":[[103.61515,-1.5937749],[103.6150882,-1.5938794]]}},{"type":"Feature","properties":{"segmentId":"osm-gaul2-18003-7588337293-7588337296-0","regionId":"gaul2-18003","province":"Jambi","region":"Kota Jambi","roadName":"Jalan M.H. Thamrin","highway":"primary","lengthMeters":222.891,"osmWayIds":["812418999"],"u":"7588337293","v":"7588337296","key":0,"oneway":true,"source":"OpenStreetMap"},"geometry":{"type":"LineString","coordinates":[[103.61515,-1.5937749],[103.615475,-1.5940672],[103.6158064,-1.5943072],[103.6159202,-1.5943661],[103.6159759,-1.5943715],[103.6160624,-1.5943661],[103.6164473,-1.5942455],[103.6166619,-1.5941664],[103.6168296,-1.594098],[103.6168932,-1.5940585]]}},{"type":"Feature","properties":{"segmentId":"osm-gaul2-18003-7588337296-5122353945-0","regionId":"gaul2-18003","province":"Jambi","region":"Kota Jambi","roadName":"Jalan M.H. Thamrin","highway":"primary","lengthMeters":86.791,"osmWayIds":["527325066","812418999"],"u":"7588337296","v":"5122353945","key":0,"oneway":true,"source":"OpenStreetMap"},"geometry":{"type":"LineString","coordinates":[[103.6168932,-1.5940585],[103.6169583,-1.5939881],[103.6169942,-1.5938557],[103.6170163,-1.5936894],[103.6170203,-1.5935822],[103.6170109,-1.593464],[103.6169808,-1.5933131]]}},{"type":"Feature","properties":{"segmentId":"osm-gaul2-18003-7588337296-7621399611-0","regionId":"gaul2-18003","province":"Jambi","region":"Kota Jambi","roadName":"Unnamed OSM road","highway":"primary_link","lengthMeters":11.646,"osmWayIds":["816114248"],"u":"7588337296","v":"7621399611","key":0,"oneway":false,"source":"OpenStreetMap"},"geometry":{"type":"LineString","coordinates":[[103.6168932,-1.5940585],[103.6169288,-1.594157]]}},{"type":"Feature","properties":{"segmentId":"osm-gaul2-18003-7588337313-5122352857-0","regionId":"gaul2-18003","province":"Jambi","region":"Kota Jambi","roadName":"Jembatan Sungai Marem","highway":"trunk","lengthMeters":163.818,"osmWayIds":["602562253","602562255","812545627"],"u":"7588337313","v":"5122352857","key":0,"oneway":false,"source":"OpenStreetMap"},"geometry":{"type":"LineString","coordinates":[[103.6131139,-1.5933762],[103.612318,-1.5934183],[103.6120284,-1.593429],[103.6118205,-1.5934491],[103.6116471,-1.5934899]]}},{"type":"Feature","properties":{"segmentId":"osm-gaul2-18003-7588337313-7588337292-0","regionId":"gaul2-18003","province":"Jambi","region":"Kota Jambi","roadName":"Jalan M.H. Thamrin","highway":"trunk","lengthMeters":235.48,"osmWayIds":["1241872337"],"u":"7588337313","v":"7588337292","key":0,"oneway":true,"source":"OpenStreetMap"},"geometry":{"type":"LineString","coordinates":[[103.6131139,-1.5933762],[103.6133158,-1.593282],[103.6135963,-1.5932521],[103.6139847,-1.5932441],[103.6141362,-1.5932528],[103.6142042,-1.5932567],[103.6144269,-1.5933185],[103.6146718,-1.593432],[103.614843,-1.5935355],[103.6150822,-1.5937233]]}},{"type":"Feature","properties":{"segmentId":"osm-gaul2-18003-7588988631-7588988650-0","regionId":"gaul2-18003","province":"Jambi","region":"Kota Jambi","roadName":"Simpang Makalam","highway":"trunk","lengthMeters":8.498,"osmWayIds":["1046109573"],"u":"7588988631","v":"7588988650","key":0,"oneway":true,"source":"OpenStreetMap"},"geometry":{"type":"LineString","coordinates":[[103.6104241,-1.596264],[103.6104061,-1.5962459],[103.6103945,-1.5962232],[103.6103905,-1.5961981]]}},{"type":"Feature","properties":{"segmentId":"osm-gaul2-18003-7588988650-11160068424-0","regionId":"gaul2-18003","province":"Jambi","region":"Kota Jambi","roadName":"Simpang Makalam","highway":"trunk","lengthMeters":8.502,"osmWayIds":["1046109573"],"u":"7588988650","v":"11160068424","key":0,"oneway":true,"source":"OpenStreetMap"},"geometry":{"type":"LineString","coordinates":[[103.6103905,-1.5961981],[103.6103945,-1.5961729],[103.6104061,-1.5961502],[103.6104241,-1.5961322]]}},{"type":"Feature","properties":{"segmentId":"osm-gaul2-18003-7588988650-5122350014-0","regionId":"gaul2-18003","province":"Jambi","region":"Kota Jambi","roadName":"Jalan K.H. Achmad Dahlan","highway":"secondary","lengthMeters":223.298,"osmWayIds":["526828488"],"u":"7588988650","v":"5122350014","key":0,"oneway":true,"source":"OpenStreetMap"},"geometry":{"type":"LineString","coordinates":[[103.6103905,-1.5961981],[103.6100181,-1.5961531],[103.6097694,-1.5961113],[103.6097525,-1.5961072],[103.6095969,-1.5960646],[103.6093904,-1.5959292],[103.609033,-1.5956397],[103.6089552,-1.5955532],[103.6089143,-1.5954714],[103.6088855,-1.5953387],[103.6088846,-1.5951865]]}},{"type":"Feature","properties":{"segmentId":"osm-gaul2-18003-7591804165-6135348017-0","regionId":"gaul2-18003","province":"Jambi","region":"Kota Jambi","roadName":"Jalan Profesor M. Yamin SH","highway":"trunk","lengthMeters":351.892,"osmWayIds":["654749081"],"u":"7591804165","v":"6135348017","key":0,"oneway":true,"source":"OpenStreetMap"},"geometry":{"type":"LineString","coordinates":[[103.6048555,-1.6049932],[103.604902,-1.6051083],[103.6049837,-1.6053631],[103.6050623,-1.6056901],[103.6051405,-1.6060367],[103.6051665,-1.606184],[103.6051831,-1.606292],[103.6051916,-1.6064159],[103.6051855,-1.6065385],[103.6051652,-1.6066535],[103.6051301,-1.6067509],[103.605086,-1.6068311],[103.6049019,-1.6071007],[103.6048518,-1.6071879],[103.6048065,-1.6072855],[103.6047717,-1.607403],[103.6047494,-1.6075338],[103.6047391,-1.6077024],[103.604737,-1.6080074]]}},{"type":"Feature","properties":{"segmentId":"osm-gaul2-18003-7591804165-7591804166-0","regionId":"gaul2-18003","province":"Jambi","region":"Kota Jambi","roadName":"Unnamed OSM road","highway":"trunk_link","lengthMeters":7.805,"osmWayIds":["812786929"],"u":"7591804165","v":"7591804166","key":0,"oneway":false,"source":"OpenStreetMap"},"geometry":{"type":"LineString","coordinates":[[103.6048555,-1.6049932],[103.6047928,-1.6050248]]}},{"type":"Feature","properties":{"segmentId":"osm-gaul2-18003-7591804166-5430392907-0","regionId":"gaul2-18003","province":"Jambi","region":"Kota Jambi","roadName":"Jalan Profesor M. Yamin SH","highway":"trunk","lengthMeters":342.567,"osmWayIds":["362262792"],"u":"7591804166","v":"5430392907","key":0,"oneway":true,"source":"OpenStreetMap"},"geometry":{"type":"LineString","coordinates":[[103.6047928,-1.6050248],[103.6047661,-1.6049663],[103.6046888,-1.6048259],[103.6045336,-1.6045653],[103.6044473,-1.6044307],[103.6042334,-1.6041131],[103.6041311,-1.6039628],[103.6039889,-1.6037132],[103.6038128,-1.603346],[103.6037191,-1.6031366],[103.6036937,-1.6029753],[103.6036936,-1.6028347],[103.6037139,-1.602692],[103.6037864,-1.6025207],[103.6038,-1.602384],[103.6037803,-1.6022523]]}},{"type":"Feature","properties":{"segmentId":"osm-gaul2-18003-7591804166-7591804165-0","regionId":"gaul2-18003","province":"Jambi","region":"Kota Jambi","roadName":"Unnamed OSM road","highway":"trunk_link","lengthMeters":7.805,"osmWayIds":["812786929"],"u":"7591804166","v":"7591804165","key":0,"oneway":false,"source":"OpenStreetMap"},"geometry":{"type":"LineString","coordinates":[[103.6047928,-1.6050248],[103.6048555,-1.6049932]]}},{"type":"Feature","properties":{"segmentId":"osm-gaul2-18003-7605241814-4791526195-0","regionId":"gaul2-18003","province":"Jambi","region":"Kota Jambi","roadName":"Unnamed OSM road","highway":"trunk","lengthMeters":11.55,"osmWayIds":["814134749"],"u":"7605241814","v":"4791526195","key":0,"oneway":true,"source":"OpenStreetMap"},"geometry":{"type":"LineString","coordinates":[[103.6444725,-1.6235584],[103.6445209,-1.6235424],[103.6445712,-1.6235259]]}},{"type":"Feature","properties":{"segmentId":"osm-gaul2-18003-7605241815-6997931543-0","regionId":"gaul2-18003","province":"Jambi","region":"Kota Jambi","roadName":"Jalan RB Siagian","highway":"trunk","lengthMeters":435.312,"osmWayIds":["747967323","747967325","814134748"],"u":"7605241815","v":"6997931543","key":0,"oneway":true,"source":"OpenStreetMap"},"geometry":{"type":"LineString","coordinates":[[103.644494,-1.6236294],[103.6443975,-1.6236571],[103.6443246,-1.6236803],[103.6439317,-1.6238045],[103.6438089,-1.6238314],[103.6436472,-1.6238405],[103.6429329,-1.623838],[103.6428047,-1.6238231],[103.6427276,-1.6238025],[103.642567,-1.6237395],[103.6422174,-1.6234903],[103.6421437,-1.6234435],[103.6416808,-1.6231502],[103.6415286,-1.6230815],[103.6408819,-1.622783]]}},{"type":"Feature","properties":{"segmentId":"osm-gaul2-18003-7605241815-7605241814-0","regionId":"gaul2-18003","province":"Jambi","region":"Kota Jambi","roadName":"Jalan Simpang Alkal - Bandara Sultan Thaha","highway":"trunk","lengthMeters":8.249,"osmWayIds":["529193805"],"u":"7605241815","v":"7605241814","key":0,"oneway":true,"source":"OpenStreetMap"},"geometry":{"type":"LineString","coordinates":[[103.644494,-1.6236294],[103.6444725,-1.6235584]]}},{"type":"Feature","properties":{"segmentId":"osm-gaul2-18003-7605241848-5143505153-0","regionId":"gaul2-18003","province":"Jambi","region":"Kota Jambi","roadName":"Jalan RB Siagian","highway":"trunk","lengthMeters":988.822,"osmWayIds":["668389958","747967326","814134750"],"u":"7605241848","v":"5143505153","key":0,"oneway":true,"source":"OpenStreetMap"},"geometry":{"type":"LineString","coordinates":[[103.6303029,-1.6174034],[103.6303874,-1.6174675],[103.6306798,-1.6177083],[103.6309547,-1.6179536],[103.6311371,-1.6181486],[103.6314187,-1.6185213],[103.631461,-1.6186031],[103.6316766,-1.6190455],[103.6319377,-1.6195482],[103.6320232,-1.6197208],[103.6322924,-1.6201789],[103.6325587,-1.6205878],[103.6327397,-1.620819],[103.6328041,-1.6209048],[103.6329664,-1.6210845],[103.6331782,-1.6212542],[103.6334282,-1.6214159],[103.6335433,-1.6214917],[103.6336953,-1.6215844],[103.6338812,-1.621659],[103.6340375,-1.6216877],[103.6341629,-1.6216881],[103.6343898,-1.6216667],[103.6347824,-1.6216184],[103.6349216,-1.6216026],[103.6350617,-1.621583],[103.6353547,-1.6215344],[103.6359139,-1.6214286],[103.6361333,-1.6214239],[103.6365042,-1.6214422],[103.6366289,-1.6214483],[103.6368049,-1.6214557],[103.637074,-1.6214645]]}},{"type":"Feature","properties":{"segmentId":"osm-gaul2-18003-7605241848-7645959196-0","regionId":"gaul2-18003","province":"Jambi","region":"Kota Jambi","roadName":"Jalan Kol. Pol. M. Thaher","highway":"trunk","lengthMeters":12.825,"osmWayIds":["654910393"],"u":"7605241848","v":"7645959196","key":0,"oneway":true,"source":"OpenStreetMap"},"geometry":{"type":"LineString","coordinates":[[103.6303029,-1.6174034],[103.6302841,-1.6175172]]}},{"type":"Feature","properties":{"segmentId":"osm-gaul2-18003-7605364875-5126813663-0","regionId":"gaul2-18003","province":"Jambi","region":"Kota Jambi","roadName":"Jalan Raya Jambi 15","highway":"trunk","lengthMeters":5.891,"osmWayIds":["1026894696"],"u":"7605364875","v":"5126813663","key":0,"oneway":false,"source":"OpenStreetMap"},"geometry":{"type":"LineString","coordinates":[[103.6492249,-1.6258871],[103.6491773,-1.6259104]]}},{"type":"Feature","properties":{"segmentId":"osm-gaul2-18003-7605364875-5162150983-0","regionId":"gaul2-18003","province":"Jambi","region":"Kota Jambi","roadName":"Jalan Raya Jambi 15","highway":"trunk","lengthMeters":1550.925,"osmWayIds":["527325100"],"u":"7605364875","v":"5162150983","key":0,"oneway":false,"source":"OpenStreetMap"},"geometry":{"type":"LineString","coordinates":[[103.6492249,-1.6258871],[103.6503569,-1.6253395],[103.6507617,-1.6251491],[103.6514778,-1.6248123],[103.651524,-1.6247906],[103.6516097,-1.6247503],[103.6517216,-1.6246923],[103.6519048,-1.6245974],[103.6520478,-1.6244833],[103.6521837,-1.6243052],[103.6522695,-1.6241872],[103.6523393,-1.6240344],[103.652407,-1.6238449],[103.6524519,-1.6236778],[103.6524667,-1.6235409],[103.6524814,-1.6234043],[103.6524552,-1.6230209],[103.6524047,-1.6222811],[103.6523725,-1.6218102],[103.6523688,-1.6217554],[103.6523586,-1.6214422],[103.6523485,-1.6211338],[103.6523393,-1.6208519],[103.6523266,-1.6204632],[103.652342,-1.620305],[103.6523795,-1.6200154],[103.652441,-1.6197396],[103.6525672,-1.6189593],[103.6525791,-1.6188328],[103.6526136,-1.6184664],[103.6526316,-1.6182753],[103.6526746,-1.617912],[103.6527127,-1.6177165],[103.6527898,-1.6174283],[103.6527969,-1.6173918],[103.6528086,-1.6173316],[103.652804,-1.6172089],[103.6527872,-1.6170809],[103.6527073,-1.6168751],[103.6526665,-1.6167551],[103.6524621,-1.6162764],[103.652354,-1.6160232],[103.6522773,-1.6158226],[103.652173,-1.6155446],[103.6521167,-1.6153824],[103.6519546,-1.6147625],[103.6518565,-1.6144601],[103.6516963,-1.6140713],[103.6516904,-1.6140436]]}},{"type":"Feature","properties":{"segmentId":"osm-gaul2-18003-7605364875-7605531994-0","regionId":"gaul2-18003","province":"Jambi","region":"Kota Jambi","roadName":"Unnamed OSM road","highway":"trunk","lengthMeters":10.057,"osmWayIds":["814160918"],"u":"7605364875","v":"7605531994","key":0,"oneway":true,"source":"OpenStreetMap"},"geometry":{"type":"LineString","coordinates":[[103.6492249,-1.6258871],[103.6492316,-1.6259773]]}},{"type":"Feature","properties":{"segmentId":"osm-gaul2-18003-7605531994-5126813554-0","regionId":"gaul2-18003","province":"Jambi","region":"Kota Jambi","roadName":"Unnamed OSM road","highway":"trunk","lengthMeters":783.222,"osmWayIds":["486559994"],"u":"7605531994","v":"5126813554","key":0,"oneway":false,"source":"OpenStreetMap"},"geometry":{"type":"LineString","coordinates":[[103.6492316,-1.6259773],[103.6493522,-1.6262329],[103.6498234,-1.6269434],[103.6500725,-1.6273021],[103.6502471,-1.6276382],[103.650415,-1.6279516],[103.6505023,-1.6281517],[103.6505425,-1.6282812],[103.6505824,-1.6285119],[103.6505877,-1.6285578],[103.6506109,-1.6287597],[103.6506468,-1.6289382],[103.650675,-1.6290535],[103.650709,-1.629143],[103.6507688,-1.6292801],[103.6508216,-1.6293798],[103.6508694,-1.6294503],[103.6509721,-1.6295802],[103.6511121,-1.6297533],[103.6511369,-1.6297743],[103.6514126,-1.6300562],[103.6517519,-1.6302895],[103.6521623,-1.6305174],[103.6523929,-1.6306166],[103.6525805,-1.6306755],[103.6531278,-1.6308659],[103.6535302,-1.631028]]}},{"type":"Feature","properties":{"segmentId":"osm-gaul2-18003-7605531994-5126813663-0","regionId":"gaul2-18003","province":"Jambi","region":"Kota Jambi","roadName":"Unnamed OSM road","highway":"trunk","lengthMeters":9.579,"osmWayIds":["814160919"],"u":"7605531994","v":"5126813663","key":0,"oneway":true,"source":"OpenStreetMap"},"geometry":{"type":"LineString","coordinates":[[103.6492316,-1.6259773],[103.6491773,-1.6259104]]}},{"type":"Feature","properties":{"segmentId":"osm-gaul2-18003-7607558339-5141191657-0","regionId":"gaul2-18003","province":"Jambi","region":"Kota Jambi","roadName":"Unnamed OSM road","highway":"trunk","lengthMeters":241.076,"osmWayIds":["814145921"],"u":"7607558339","v":"5141191657","key":0,"oneway":true,"source":"OpenStreetMap"},"geometry":{"type":"LineString","coordinates":[[103.646646,-1.6233247],[103.6464457,-1.6232131],[103.6462496,-1.6231468],[103.6460076,-1.6231361],[103.6458229,-1.62316],[103.6450092,-1.6234421],[103.6446877,-1.6235574],[103.6445946,-1.6235973]]}},{"type":"Feature","properties":{"segmentId":"osm-gaul2-18003-7607558339-7607558340-0","regionId":"gaul2-18003","province":"Jambi","region":"Kota Jambi","roadName":"Unnamed OSM road","highway":"trunk_link","lengthMeters":9.129,"osmWayIds":["814436743"],"u":"7607558339","v":"7607558340","key":0,"oneway":false,"source":"OpenStreetMap"},"geometry":{"type":"LineString","coordinates":[[103.646646,-1.6233247],[103.6466832,-1.6232515]]}},{"type":"Feature","properties":{"segmentId":"osm-gaul2-18003-7607558340-7605364875-0","regionId":"gaul2-18003","province":"Jambi","region":"Kota Jambi","roadName":"Unnamed OSM road","highway":"trunk","lengthMeters":419.225,"osmWayIds":["1026895022","814145920"],"u":"7607558340","v":"7605364875","key":0,"oneway":true,"source":"OpenStreetMap"},"geometry":{"type":"LineString","coordinates":[[103.6466832,-1.6232515],[103.6473979,-1.6236351],[103.6476098,-1.6237907],[103.6478626,-1.6240666],[103.6482702,-1.6244042],[103.6484694,-1.6245639],[103.648662,-1.6247625],[103.6488295,-1.6250054],[103.6491096,-1.6256454],[103.6492249,-1.6258871]]}},{"type":"Feature","properties":{"segmentId":"osm-gaul2-18003-7607558340-7607558339-0","regionId":"gaul2-18003","province":"Jambi","region":"Kota Jambi","roadName":"Unnamed OSM road","highway":"trunk_link","lengthMeters":9.129,"osmWayIds":["814436743"],"u":"7607558340","v":"7607558339","key":0,"oneway":false,"source":"OpenStreetMap"},"geometry":{"type":"LineString","coordinates":[[103.6466832,-1.6232515],[103.646646,-1.6233247]]}},{"type":"Feature","properties":{"segmentId":"osm-gaul2-18003-7614248095-5122352901-0","regionId":"gaul2-18003","province":"Jambi","region":"Kota Jambi","roadName":"Jalan Dokter Setiabudi","highway":"tertiary","lengthMeters":50.939,"osmWayIds":["654251362"],"u":"7614248095","v":"5122352901","key":0,"oneway":true,"source":"OpenStreetMap"},"geometry":{"type":"LineString","coordinates":[[103.626006,-1.584886],[103.6260085,-1.5853441]]}},{"type":"Feature","properties":{"segmentId":"osm-gaul2-18003-7614248095-6130722752-0","regionId":"gaul2-18003","province":"Jambi","region":"Kota Jambi","roadName":"Jalan Sultan Thaha","highway":"trunk","lengthMeters":9.241,"osmWayIds":["815155503"],"u":"7614248095","v":"6130722752","key":0,"oneway":true,"source":"OpenStreetMap"},"geometry":{"type":"LineString","coordinates":[[103.626006,-1.584886],[103.6259229,-1.5848835]]}},{"type":"Feature","properties":{"segmentId":"osm-gaul2-18003-7621343491-7621981059-0","regionId":"gaul2-18003","province":"Jambi","region":"Kota Jambi","roadName":"Unnamed OSM road","highway":"secondary_link","lengthMeters":7.683,"osmWayIds":["816114246"],"u":"7621343491","v":"7621981059","key":0,"oneway":false,"source":"OpenStreetMap"},"geometry":{"type":"LineString","coordinates":[[103.6207858,-1.5980058],[103.6207227,-1.5979776]]}},{"type":"Feature","properties":{"segmentId":"osm-gaul2-18003-7621343491-7621981061-0","regionId":"gaul2-18003","province":"Jambi","region":"Kota Jambi","roadName":"Jalan Pangeran Diponegoro","highway":"secondary","lengthMeters":262.818,"osmWayIds":["1025395896"],"u":"7621343491","v":"7621981061","key":0,"oneway":true,"source":"OpenStreetMap"},"geometry":{"type":"LineString","coordinates":[[103.6207858,-1.5980058],[103.6206992,-1.5982135],[103.6206235,-1.5983771],[103.6206121,-1.5984181],[103.6205893,-1.5984998],[103.6205789,-1.5986293],[103.6205819,-1.5987605],[103.620593,-1.5989169],[103.6205779,-1.5991227],[103.6205531,-1.5992197],[103.6205202,-1.5993048],[103.6204884,-1.5993566],[103.6203486,-1.5995647],[103.6201915,-1.599791],[103.6199824,-1.6000703],[103.619938,-1.6001363]]}},{"type":"Feature","properties":{"segmentId":"osm-gaul2-18003-7621343515-5122353987-0","regionId":"gaul2-18003","province":"Jambi","region":"Kota Jambi","roadName":"Jalan Halim Perdana Kusuma","highway":"secondary","lengthMeters":343.975,"osmWayIds":["526828521"],"u":"7621343515","v":"5122353987","key":0,"oneway":false,"source":"OpenStreetMap"},"geometry":{"type":"LineString","coordinates":[[103.6192353,-1.6010404],[103.6191878,-1.6009573],[103.6191349,-1.6008545],[103.6190423,-1.6005971],[103.6190008,-1.6004617],[103.6188584,-1.5998627],[103.6186797,-1.5992361],[103.6186232,-1.5990382],[103.6185808,-1.5988947],[103.618471,-1.5984586],[103.6184241,-1.5982565],[103.6183437,-1.5980875]]}},{"type":"Feature","properties":{"segmentId":"osm-gaul2-18003-7621343515-7621981060-0","regionId":"gaul2-18003","province":"Jambi","region":"Kota Jambi","roadName":"Jalan Pangeran Diponegoro","highway":"secondary","lengthMeters":127.019,"osmWayIds":["1046466055"],"u":"7621343515","v":"7621981060","key":0,"oneway":true,"source":"OpenStreetMap"},"geometry":{"type":"LineString","coordinates":[[103.6192353,-1.6010404],[103.6195761,-1.6005355],[103.6198812,-1.6000981]]}},{"type":"Feature","properties":{"segmentId":"osm-gaul2-18003-7621370334-6135478573-0","regionId":"gaul2-18003","province":"Jambi","region":"Kota Jambi","roadName":"Jalan Kyai Haji Hasyim Ashari","highway":"tertiary","lengthMeters":62.117,"osmWayIds":["654764020"],"u":"7621370334","v":"6135478573","key":0,"oneway":true,"source":"OpenStreetMap"},"geometry":{"type":"LineString","coordinates":[[103.6239414,-1.5925738],[103.6239149,-1.5920158]]}},{"type":"Feature","properties":{"segmentId":"osm-gaul2-18003-7621370334-7621981058-0","regionId":"gaul2-18003","province":"Jambi","region":"Kota Jambi","roadName":"Unnamed OSM road","highway":"tertiary_link","lengthMeters":6.952,"osmWayIds":["816114244"],"u":"7621370334","v":"7621981058","key":0,"oneway":false,"source":"OpenStreetMap"},"geometry":{"type":"LineString","coordinates":[[103.6239414,-1.5925738],[103.6240037,-1.5925683]]}},{"type":"Feature","properties":{"segmentId":"osm-gaul2-18003-7621399611-11886940490-0","regionId":"gaul2-18003","province":"Jambi","region":"Kota Jambi","roadName":"Jalan Raden Mattaher","highway":"primary","lengthMeters":30.359,"osmWayIds":["526828495","526828508"],"u":"7621399611","v":"11886940490","key":0,"oneway":true,"source":"OpenStreetMap"},"geometry":{"type":"LineString","coordinates":[[103.6169288,-1.594157],[103.616863,-1.5941731],[103.6166713,-1.5942468]]}},{"type":"Feature","properties":{"segmentId":"osm-gaul2-18003-7621399611-7588337296-0","regionId":"gaul2-18003","province":"Jambi","region":"Kota Jambi","roadName":"Unnamed OSM road","highway":"primary_link","lengthMeters":11.646,"osmWayIds":["816114248"],"u":"7621399611","v":"7588337296","key":0,"oneway":false,"source":"OpenStreetMap"},"geometry":{"type":"LineString","coordinates":[[103.6169288,-1.594157],[103.6168932,-1.5940585]]}},{"type":"Feature","properties":{"segmentId":"osm-gaul2-18003-7621981058-5126813001-0","regionId":"gaul2-18003","province":"Jambi","region":"Kota Jambi","roadName":"Jalan Kyai Haji Hasyim Ashari","highway":"tertiary","lengthMeters":54.267,"osmWayIds":["527325093"],"u":"7621981058","v":"5126813001","key":0,"oneway":true,"source":"OpenStreetMap"},"geometry":{"type":"LineString","coordinates":[[103.6240037,-1.5925683],[103.6240058,-1.5927226],[103.6239548,-1.5930524]]}},{"type":"Feature","properties":{"segmentId":"osm-gaul2-18003-7621981058-7621370334-0","regionId":"gaul2-18003","province":"Jambi","region":"Kota Jambi","roadName":"Unnamed OSM road","highway":"tertiary_link","lengthMeters":6.952,"osmWayIds":["816114244"],"u":"7621981058","v":"7621370334","key":0,"oneway":false,"source":"OpenStreetMap"},"geometry":{"type":"LineString","coordinates":[[103.6240037,-1.5925683],[103.6239414,-1.5925738]]}},{"type":"Feature","properties":{"segmentId":"osm-gaul2-18003-7621981059-5122353927-0","regionId":"gaul2-18003","province":"Jambi","region":"Kota Jambi","roadName":"Jalan Pangeran Diponegoro","highway":"secondary","lengthMeters":324.502,"osmWayIds":["1046466055"],"u":"7621981059","v":"5122353927","key":0,"oneway":true,"source":"OpenStreetMap"},"geometry":{"type":"LineString","coordinates":[[103.6207227,-1.5979776],[103.6208099,-1.5977685],[103.6209588,-1.5973784],[103.6210339,-1.597243],[103.6211103,-1.5971237],[103.6211787,-1.5970513],[103.6212817,-1.5969454],[103.621449,-1.5968143],[103.6216629,-1.5966639],[103.6217339,-1.5966089],[103.6218605,-1.5965107],[103.6220222,-1.596379],[103.6221617,-1.5962563],[103.6222798,-1.5961235],[103.6224098,-1.5959574],[103.6224814,-1.5958713],[103.6225429,-1.5957779]]}},{"type":"Feature","properties":{"segmentId":"osm-gaul2-18003-7621981059-7621343491-0","regionId":"gaul2-18003","province":"Jambi","region":"Kota Jambi","roadName":"Unnamed OSM road","highway":"secondary_link","lengthMeters":7.683,"osmWayIds":["816114246"],"u":"7621981059","v":"7621343491","key":0,"oneway":false,"source":"OpenStreetMap"},"geometry":{"type":"LineString","coordinates":[[103.6207227,-1.5979776],[103.6207858,-1.5980058]]}},{"type":"Feature","properties":{"segmentId":"osm-gaul2-18003-7621981060-7621981059-0","regionId":"gaul2-18003","province":"Jambi","region":"Kota Jambi","roadName":"Jalan Pangeran Diponegoro","highway":"secondary","lengthMeters":260.98,"osmWayIds":["1046466055"],"u":"7621981060","v":"7621981059","key":0,"oneway":true,"source":"OpenStreetMap"},"geometry":{"type":"LineString","coordinates":[[103.6198812,-1.6000981],[103.6202406,-1.5995909],[103.6203406,-1.5994497],[103.6204491,-1.5992713],[103.6205015,-1.5991238],[103.6205122,-1.5990488],[103.6205149,-1.5989657],[103.6205082,-1.5988021],[103.6205082,-1.5986412],[103.6205176,-1.5984991],[103.620543,-1.5984026],[103.6205779,-1.5983128],[103.6207227,-1.5979776]]}},{"type":"Feature","properties":{"segmentId":"osm-gaul2-18003-7621981060-7621981061-0","regionId":"gaul2-18003","province":"Jambi","region":"Kota Jambi","roadName":"Unnamed OSM road","highway":"secondary_link","lengthMeters":7.609,"osmWayIds":["816114247"],"u":"7621981060","v":"7621981061","key":0,"oneway":false,"source":"OpenStreetMap"},"geometry":{"type":"LineString","coordinates":[[103.6198812,-1.6000981],[103.619938,-1.6001363]]}},{"type":"Feature","properties":{"segmentId":"osm-gaul2-18003-7621981061-6136251441-0","regionId":"gaul2-18003","province":"Jambi","region":"Kota Jambi","roadName":"Jalan Pangeran Diponegoro","highway":"secondary","lengthMeters":303.172,"osmWayIds":["1025395896"],"u":"7621981061","v":"6136251441","key":0,"oneway":true,"source":"OpenStreetMap"},"geometry":{"type":"LineString","coordinates":[[103.619938,-1.6001363],[103.6197504,-1.6004148],[103.6193058,-1.6010509],[103.6191907,-1.6012216],[103.6190115,-1.6014766],[103.6188251,-1.6017581],[103.6184164,-1.6023986]]}},{"type":"Feature","properties":{"segmentId":"osm-gaul2-18003-7621981061-7621981060-0","regionId":"gaul2-18003","province":"Jambi","region":"Kota Jambi","roadName":"Unnamed OSM road","highway":"secondary_link","lengthMeters":7.609,"osmWayIds":["816114247"],"u":"7621981061","v":"7621981060","key":0,"oneway":false,"source":"OpenStreetMap"},"geometry":{"type":"LineString","coordinates":[[103.619938,-1.6001363],[103.6198812,-1.6000981]]}},{"type":"Feature","properties":{"segmentId":"osm-gaul2-18003-7624771509-5122353315-0","regionId":"gaul2-18003","province":"Jambi","region":"Kota Jambi","roadName":"Jalan Dokter Sutomo","highway":"primary","lengthMeters":445.09,"osmWayIds":["527325068"],"u":"7624771509","v":"5122353315","key":0,"oneway":true,"source":"OpenStreetMap"},"geometry":{"type":"LineString","coordinates":[[103.6160378,-1.5890549],[103.616332,-1.5895091],[103.6164689,-1.589763],[103.6165134,-1.5899176],[103.6166377,-1.5903318],[103.6167504,-1.5907358],[103.6168155,-1.5910059],[103.6168454,-1.5911386],[103.6168919,-1.5913621],[103.6169188,-1.5915067],[103.6170932,-1.5923707],[103.6171724,-1.5927305],[103.6171714,-1.592852]]}},{"type":"Feature","properties":{"segmentId":"osm-gaul2-18003-7624771509-6259312424-0","regionId":"gaul2-18003","province":"Jambi","region":"Kota Jambi","roadName":"Jalan Sultan Thaha","highway":"trunk","lengthMeters":16.491,"osmWayIds":["828822660"],"u":"7624771509","v":"6259312424","key":0,"oneway":false,"source":"OpenStreetMap"},"geometry":{"type":"LineString","coordinates":[[103.6160378,-1.5890549],[103.6161686,-1.5889849]]}},{"type":"Feature","properties":{"segmentId":"osm-gaul2-18003-7645474173-4270169015-0","regionId":"gaul2-18003","province":"Jambi","region":"Kota Jambi","roadName":"Jalan Jenderal Urip Sumoharjo","highway":"tertiary","lengthMeters":429.836,"osmWayIds":["427843904"],"u":"7645474173","v":"4270169015","key":0,"oneway":true,"source":"OpenStreetMap"},"geometry":{"type":"LineString","coordinates":[[103.594299,-1.6128272],[103.5942785,-1.6128065],[103.5942654,-1.6127857],[103.594255,-1.6127558],[103.5942494,-1.6127294],[103.5942044,-1.6124298],[103.594183,-1.6123587],[103.594138,-1.612242],[103.5940871,-1.6121254],[103.5940602,-1.6120705],[103.5940341,-1.6120242],[103.5938953,-1.6118365],[103.5936167,-1.6114883],[103.5934085,-1.6112333],[103.5930031,-1.6107516],[103.5929476,-1.6106857],[103.5927459,-1.6104346],[103.5926145,-1.6102761],[103.59252,-1.6101571],[103.5923088,-1.6098914],[103.5922906,-1.6098652],[103.5922558,-1.6098156],[103.592237,-1.6097778],[103.5922229,-1.6097406],[103.5922135,-1.6097017],[103.5922095,-1.6096501]]}},{"type":"Feature","properties":{"segmentId":"osm-gaul2-18003-7645474173-5715948257-0","regionId":"gaul2-18003","province":"Jambi","region":"Kota Jambi","roadName":"Unnamed OSM road","highway":"tertiary","lengthMeters":4.373,"osmWayIds":["601384611"],"u":"7645474173","v":"5715948257","key":0,"oneway":false,"source":"OpenStreetMap"},"geometry":{"type":"LineString","coordinates":[[103.594299,-1.6128272],[103.5943075,-1.6128656]]}},{"type":"Feature","properties":{"segmentId":"osm-gaul2-18003-7645959196-6136709002-0","regionId":"gaul2-18003","province":"Jambi","region":"Kota Jambi","roadName":"Jalan Kol. Pol. M. Thaher","highway":"trunk","lengthMeters":195.74,"osmWayIds":["654910393"],"u":"7645959196","v":"6136709002","key":0,"oneway":true,"source":"OpenStreetMap"},"geometry":{"type":"LineString","coordinates":[[103.6302841,-1.6175172],[103.6302426,-1.6175977],[103.6302225,-1.6176439],[103.6299656,-1.618158],[103.6296994,-1.6186902],[103.6296136,-1.6188632],[103.6294798,-1.6190822]]}},{"type":"Feature","properties":{"segmentId":"osm-gaul2-18003-7645959196-7645959200-0","regionId":"gaul2-18003","province":"Jambi","region":"Kota Jambi","roadName":"Jalan RB Siagian","highway":"trunk","lengthMeters":9.883,"osmWayIds":["668389959"],"u":"7645959196","v":"7645959200","key":0,"oneway":true,"source":"OpenStreetMap"},"geometry":{"type":"LineString","coordinates":[[103.6302841,-1.6175172],[103.6302176,-1.6174582]]}},{"type":"Feature","properties":{"segmentId":"osm-gaul2-18003-7645959199-6136708998-0","regionId":"gaul2-18003","province":"Jambi","region":"Kota Jambi","roadName":"Jalan Kol. Pol. M. Thaher","highway":"tertiary","lengthMeters":14.251,"osmWayIds":["1139096520"],"u":"7645959199","v":"6136708998","key":0,"oneway":true,"source":"OpenStreetMap"},"geometry":{"type":"LineString","coordinates":[[103.6302478,-1.6173593],[103.6303052,-1.6172447]]}},{"type":"Feature","properties":{"segmentId":"osm-gaul2-18003-7645959199-7605241848-0","regionId":"gaul2-18003","province":"Jambi","region":"Kota Jambi","roadName":"Jalan RB Siagian","highway":"trunk","lengthMeters":7.846,"osmWayIds":["814134750"],"u":"7645959199","v":"7605241848","key":0,"oneway":true,"source":"OpenStreetMap"},"geometry":{"type":"LineString","coordinates":[[103.6302478,-1.6173593],[103.6303029,-1.6174034]]}},{"type":"Feature","properties":{"segmentId":"osm-gaul2-18003-7645959200-6136709007-0","regionId":"gaul2-18003","province":"Jambi","region":"Kota Jambi","roadName":"Unnamed OSM road","highway":"tertiary","lengthMeters":13.98,"osmWayIds":["814134751"],"u":"7645959200","v":"6136709007","key":0,"oneway":true,"source":"OpenStreetMap"},"geometry":{"type":"LineString","coordinates":[[103.6302176,-1.6174582],[103.6301371,-1.6173616]]}},{"type":"Feature","properties":{"segmentId":"osm-gaul2-18003-7645959200-7645959199-0","regionId":"gaul2-18003","province":"Jambi","region":"Kota Jambi","roadName":"Jalan Kol. Pol. M. Thaher","highway":"trunk","lengthMeters":11.498,"osmWayIds":["654910395"],"u":"7645959200","v":"7645959199","key":0,"oneway":true,"source":"OpenStreetMap"},"geometry":{"type":"LineString","coordinates":[[103.6302176,-1.6174582],[103.6302478,-1.6173593]]}},{"type":"Feature","properties":{"segmentId":"osm-gaul2-18003-7648904264-6167840529-0","regionId":"gaul2-18003","province":"Jambi","region":"Kota Jambi","roadName":"Jalan Arif Rahman Hakim","highway":"secondary","lengthMeters":98.874,"osmWayIds":["819041475"],"u":"7648904264","v":"6167840529","key":0,"oneway":true,"source":"OpenStreetMap"},"geometry":{"type":"LineString","coordinates":[[103.5765526,-1.6122034],[103.5765206,-1.6122672],[103.5765153,-1.6123101],[103.5765223,-1.6124366],[103.5765838,-1.6129132],[103.5766051,-1.6130792]]}},{"type":"Feature","properties":{"segmentId":"osm-gaul2-18003-7648904264-6167941055-0","regionId":"gaul2-18003","province":"Jambi","region":"Kota Jambi","roadName":"Unnamed OSM road","highway":"secondary_link","lengthMeters":5.492,"osmWayIds":["828761145"],"u":"7648904264","v":"6167941055","key":0,"oneway":false,"source":"OpenStreetMap"},"geometry":{"type":"LineString","coordinates":[[103.5765526,-1.6122034],[103.5765121,-1.6121751]]}},{"type":"Feature","properties":{"segmentId":"osm-gaul2-18003-7649481247-5162150615-0","regionId":"gaul2-18003","province":"Jambi","region":"Kota Jambi","roadName":"Unnamed OSM road","highway":"tertiary","lengthMeters":1572.449,"osmWayIds":["601391059"],"u":"7649481247","v":"5162150615","key":0,"oneway":false,"source":"OpenStreetMap"},"geometry":{"type":"LineString","coordinates":[[103.6642885,-1.6484741],[103.6642356,-1.6482452],[103.6641038,-1.6477097],[103.6640577,-1.6474276],[103.6638715,-1.6467522],[103.6638418,-1.6466332],[103.6637118,-1.6462877],[103.6636662,-1.646214],[103.6636132,-1.6461371],[103.6635342,-1.6460289],[103.6633534,-1.6457946],[103.6627852,-1.6450845],[103.6625974,-1.6448667],[103.6625223,-1.6447997],[103.6624606,-1.6447581],[103.6623291,-1.6446906],[103.661487,-1.6443908],[103.6610035,-1.6442317],[103.6609252,-1.6442082],[103.6608043,-1.6441629],[103.6607346,-1.64412],[103.6606756,-1.6440663],[103.6606326,-1.6440114],[103.6606048,-1.6439581],[103.6603161,-1.6432312],[103.6600321,-1.6426574],[103.6597804,-1.6421564],[103.6596417,-1.641898],[103.6594122,-1.6414657],[103.6593312,-1.6413662],[103.6591681,-1.6411908],[103.6589404,-1.640924],[103.6587281,-1.6406691],[103.6586647,-1.640593],[103.6585138,-1.640413],[103.6584693,-1.6403757],[103.6582255,-1.6400912],[103.6578604,-1.6396831],[103.6574515,-1.6391921],[103.6572953,-1.6389948],[103.6567658,-1.6381],[103.6563384,-1.6374439]]}},{"type":"Feature","properties":{"segmentId":"osm-gaul2-18003-7668275791-6178462353-0","regionId":"gaul2-18003","province":"Jambi","region":"Kota Jambi","roadName":"Jalan Arif Rahman Hakim","highway":"secondary","lengthMeters":10.732,"osmWayIds":["1330541802"],"u":"7668275791","v":"6178462353","key":0,"oneway":true,"source":"OpenStreetMap"},"geometry":{"type":"LineString","coordinates":[[103.5758471,-1.6201966],[103.5757985,-1.6201132]]}},{"type":"Feature","properties":{"segmentId":"osm-gaul2-18003-7668275791-6178725136-0","regionId":"gaul2-18003","province":"Jambi","region":"Kota Jambi","roadName":"Unnamed OSM road","highway":"primary","lengthMeters":597.605,"osmWayIds":["1330541773"],"u":"7668275791","v":"6178725136","key":0,"oneway":true,"source":"OpenStreetMap"},"geometry":{"type":"LineString","coordinates":[[103.5758471,-1.6201966],[103.5757606,-1.62024],[103.5755301,-1.620368],[103.5754256,-1.6204578],[103.5753463,-1.6205303],[103.5751143,-1.6208014],[103.5749492,-1.6210329],[103.5747629,-1.6212723],[103.5745876,-1.6214101],[103.5743756,-1.621498],[103.5741607,-1.6215668],[103.5739861,-1.6215961],[103.5738071,-1.6216071],[103.5735688,-1.621565],[103.5733424,-1.6214819],[103.5727535,-1.6211425],[103.5718653,-1.6203152],[103.5715645,-1.6200301]]}},{"type":"Feature","properties":{"segmentId":"osm-gaul2-18003-7693494879-7693494880-0","regionId":"gaul2-18003","province":"Jambi","region":"Kota Jambi","roadName":"Unnamed OSM road","highway":"secondary_link","lengthMeters":7.35,"osmWayIds":["824026410"],"u":"7693494879","v":"7693494880","key":0,"oneway":false,"source":"OpenStreetMap"},"geometry":{"type":"LineString","coordinates":[[103.59528,-1.6190998],[103.595292,-1.6191648]]}},{"type":"Feature","properties":{"segmentId":"osm-gaul2-18003-7693494879-9411950398-0","regionId":"gaul2-18003","province":"Jambi","region":"Kota Jambi","roadName":"Jalan Haji Oemar Said Cokroaminoto","highway":"secondary","lengthMeters":59.496,"osmWayIds":["601384607"],"u":"7693494879","v":"9411950398","key":0,"oneway":true,"source":"OpenStreetMap"},"geometry":{"type":"LineString","coordinates":[[103.59528,-1.6190998],[103.5957963,-1.6189586]]}},{"type":"Feature","properties":{"segmentId":"osm-gaul2-18003-7693494880-5415541803-0","regionId":"gaul2-18003","province":"Jambi","region":"Kota Jambi","roadName":"Jalan Haji Oemar Said Cokroaminoto","highway":"secondary","lengthMeters":419.701,"osmWayIds":["601384605","824026409"],"u":"7693494880","v":"5415541803","key":0,"oneway":true,"source":"OpenStreetMap"},"geometry":{"type":"LineString","coordinates":[[103.595292,-1.6191648],[103.5947992,-1.6192874],[103.5943319,-1.6194203],[103.5937706,-1.6195207],[103.5932086,-1.6195998],[103.5919922,-1.6197381],[103.5915756,-1.6197936]]}},{"type":"Feature","properties":{"segmentId":"osm-gaul2-18003-7693494880-7693494879-0","regionId":"gaul2-18003","province":"Jambi","region":"Kota Jambi","roadName":"Unnamed OSM road","highway":"secondary_link","lengthMeters":7.35,"osmWayIds":["824026410"],"u":"7693494880","v":"7693494879","key":0,"oneway":false,"source":"OpenStreetMap"},"geometry":{"type":"LineString","coordinates":[[103.595292,-1.6191648],[103.59528,-1.6190998]]}},{"type":"Feature","properties":{"segmentId":"osm-gaul2-18003-7722975026-4270167309-0","regionId":"gaul2-18003","province":"Jambi","region":"Kota Jambi","roadName":"Jalan Ks. Tubun","highway":"tertiary","lengthMeters":11.219,"osmWayIds":["469316075"],"u":"7722975026","v":"4270167309","key":0,"oneway":false,"source":"OpenStreetMap"},"geometry":{"type":"LineString","coordinates":[[103.5833466,-1.6132281],[103.583268,-1.6132914]]}},{"type":"Feature","properties":{"segmentId":"osm-gaul2-18003-7722975026-7722975028-0","regionId":"gaul2-18003","province":"Jambi","region":"Kota Jambi","roadName":"Jalan Kolonel Amir Hamzah","highway":"tertiary","lengthMeters":15.977,"osmWayIds":["827233311"],"u":"7722975026","v":"7722975028","key":0,"oneway":true,"source":"OpenStreetMap"},"geometry":{"type":"LineString","coordinates":[[103.5833466,-1.6132281],[103.5833489,-1.6132769],[103.5833615,-1.6133184],[103.5833741,-1.6133683]]}},{"type":"Feature","properties":{"segmentId":"osm-gaul2-18003-7722975028-4270167289-0","regionId":"gaul2-18003","province":"Jambi","region":"Kota Jambi","roadName":"Jalan Kol. Amir Hamzah","highway":"tertiary","lengthMeters":1140.365,"osmWayIds":["427843760","428015538"],"u":"7722975028","v":"4270167289","key":0,"oneway":false,"source":"OpenStreetMap"},"geometry":{"type":"LineString","coordinates":[[103.5833741,-1.6133683],[103.5837713,-1.6137457],[103.5846247,-1.6146125],[103.5846824,-1.6146711],[103.5849407,-1.6149641],[103.5851252,-1.6151232],[103.5852429,-1.6151848],[103.5855663,-1.6153018],[103.5858274,-1.6154422],[103.5860657,-1.6156384],[103.586316,-1.6158445],[103.5863803,-1.6158974],[103.5865434,-1.6160298],[103.5866614,-1.6161011],[103.5868105,-1.6161759],[103.5869403,-1.6162265],[103.587118,-1.6162757],[103.5874054,-1.6163239],[103.5878012,-1.6164174],[103.5880025,-1.6164521],[103.5880789,-1.6164575],[103.5881899,-1.6164691],[103.5882877,-1.6164713],[103.5883858,-1.6164641],[103.5884338,-1.6164592],[103.588585,-1.6164531],[103.5887769,-1.6164539],[103.5889654,-1.616481],[103.5895139,-1.6166521],[103.5896465,-1.6166723],[103.5898003,-1.6166817],[103.590029,-1.616663],[103.5904138,-1.6166143],[103.5907222,-1.6165929],[103.59091,-1.6165835],[103.5910924,-1.6165956],[103.5912439,-1.6166425],[103.5915059,-1.616757],[103.5917898,-1.6168945],[103.5923851,-1.6171827]]}},{"type":"Feature","properties":{"segmentId":"osm-gaul2-18003-7722975028-4270167309-0","regionId":"gaul2-18003","province":"Jambi","region":"Kota Jambi","roadName":"Jalan Kolonel Amir Hamzah","highway":"tertiary","lengthMeters":14.827,"osmWayIds":["827233313"],"u":"7722975028","v":"4270167309","key":0,"oneway":true,"source":"OpenStreetMap"},"geometry":{"type":"LineString","coordinates":[[103.5833741,-1.6133683],[103.5833319,-1.6133509],[103.583304,-1.6133306],[103.583268,-1.6132914]]}},{"type":"Feature","properties":{"segmentId":"osm-gaul2-18003-7723903189-5715948265-0","regionId":"gaul2-18003","province":"Jambi","region":"Kota Jambi","roadName":"Jalan Haji Oemar Said Cokroaminoto","highway":"secondary","lengthMeters":201.64,"osmWayIds":["601384607"],"u":"7723903189","v":"5715948265","key":0,"oneway":true,"source":"OpenStreetMap"},"geometry":{"type":"LineString","coordinates":[[103.5965145,-1.6187579],[103.5968739,-1.6186399],[103.5970777,-1.6185318],[103.5978424,-1.6180112],[103.5980825,-1.6178674]]}},{"type":"Feature","properties":{"segmentId":"osm-gaul2-18003-7723903189-7723903193-0","regionId":"gaul2-18003","province":"Jambi","region":"Kota Jambi","roadName":"Unnamed OSM road","highway":"secondary_link","lengthMeters":6.562,"osmWayIds":["827345442"],"u":"7723903189","v":"7723903193","key":0,"oneway":false,"source":"OpenStreetMap"},"geometry":{"type":"LineString","coordinates":[[103.5965145,-1.6187579],[103.5965359,-1.6188129]]}},{"type":"Feature","properties":{"segmentId":"osm-gaul2-18003-7723903193-7723903189-0","regionId":"gaul2-18003","province":"Jambi","region":"Kota Jambi","roadName":"Unnamed OSM road","highway":"secondary_link","lengthMeters":6.562,"osmWayIds":["827345442"],"u":"7723903193","v":"7723903189","key":0,"oneway":false,"source":"OpenStreetMap"},"geometry":{"type":"LineString","coordinates":[[103.5965359,-1.6188129],[103.5965145,-1.6187579]]}},{"type":"Feature","properties":{"segmentId":"osm-gaul2-18003-7723903193-7724107631-0","regionId":"gaul2-18003","province":"Jambi","region":"Kota Jambi","roadName":"Jalan Haji Oemar Said Cokroaminoto","highway":"secondary","lengthMeters":84.342,"osmWayIds":["601384605"],"u":"7723903193","v":"7724107631","key":0,"oneway":true,"source":"OpenStreetMap"},"geometry":{"type":"LineString","coordinates":[[103.5965359,-1.6188129],[103.5958644,-1.6190188],[103.5958091,-1.61903]]}},{"type":"Feature","properties":{"segmentId":"osm-gaul2-18003-7724107631-7693494880-0","regionId":"gaul2-18003","province":"Jambi","region":"Kota Jambi","roadName":"Jalan Haji Oemar Said Cokroaminoto","highway":"secondary","lengthMeters":59.401,"osmWayIds":["601384605"],"u":"7724107631","v":"7693494880","key":0,"oneway":true,"source":"OpenStreetMap"},"geometry":{"type":"LineString","coordinates":[[103.5958091,-1.61903],[103.5954536,-1.6191252],[103.595292,-1.6191648]]}},{"type":"Feature","properties":{"segmentId":"osm-gaul2-18003-7724107631-9411950398-0","regionId":"gaul2-18003","province":"Jambi","region":"Kota Jambi","roadName":"Unnamed OSM road","highway":"secondary_link","lengthMeters":8.066,"osmWayIds":["827345443"],"u":"7724107631","v":"9411950398","key":0,"oneway":false,"source":"OpenStreetMap"},"geometry":{"type":"LineString","coordinates":[[103.5958091,-1.61903],[103.5957963,-1.6189586]]}},{"type":"Feature","properties":{"segmentId":"osm-gaul2-18003-7730919120-5113490968-0","regionId":"gaul2-18003","province":"Jambi","region":"Kota Jambi","roadName":"Jalan Haji Oemar Said Cokroaminoto","highway":"secondary","lengthMeters":442.223,"osmWayIds":["601384606","665667595"],"u":"7730919120","v":"5113490968","key":0,"oneway":true,"source":"OpenStreetMap"},"geometry":{"type":"LineString","coordinates":[[103.6005156,-1.6178819],[103.600857,-1.6179556],[103.6009931,-1.6179757],[103.6010943,-1.6179837],[103.6012405,-1.6179864],[103.6013671,-1.6179706],[103.6014849,-1.6179442],[103.6016992,-1.6178692],[103.6020276,-1.6177353],[103.6022578,-1.6176332],[103.6024321,-1.6175514],[103.6027627,-1.6174016],[103.6028968,-1.6173483],[103.6029559,-1.6173174],[103.602995,-1.6172974],[103.6037999,-1.6169326],[103.6039753,-1.616875],[103.6041108,-1.6168115],[103.6042405,-1.6167794]]}},{"type":"Feature","properties":{"segmentId":"osm-gaul2-18003-7730919120-7730919129-0","regionId":"gaul2-18003","province":"Jambi","region":"Kota Jambi","roadName":"Unnamed OSM road","highway":"secondary_link","lengthMeters":5.526,"osmWayIds":["828110206"],"u":"7730919120","v":"7730919129","key":0,"oneway":false,"source":"OpenStreetMap"},"geometry":{"type":"LineString","coordinates":[[103.6005156,-1.6178819],[103.6005102,-1.6179313]]}},{"type":"Feature","properties":{"segmentId":"osm-gaul2-18003-7730919129-7723903193-0","regionId":"gaul2-18003","province":"Jambi","region":"Kota Jambi","roadName":"Jalan Haji Oemar Said Cokroaminoto","highway":"secondary","lengthMeters":474.622,"osmWayIds":["601384605","828110207"],"u":"7730919129","v":"7723903193","key":0,"oneway":true,"source":"OpenStreetMap"},"geometry":{"type":"LineString","coordinates":[[103.6005102,-1.6179313],[103.6001126,-1.6178718],[103.6000584,-1.6178643],[103.5996316,-1.6178055],[103.5988211,-1.6177492],[103.5987145,-1.6177418],[103.59862,-1.6177438],[103.5985345,-1.6177465],[103.5984758,-1.6177552],[103.5983134,-1.6178066],[103.5981184,-1.6179254],[103.5978357,-1.6181166],[103.5975222,-1.6183176],[103.5972284,-1.6185085],[103.5970963,-1.6185873],[103.596902,-1.6186963],[103.5965359,-1.6188129]]}},{"type":"Feature","properties":{"segmentId":"osm-gaul2-18003-7730919129-7730919120-0","regionId":"gaul2-18003","province":"Jambi","region":"Kota Jambi","roadName":"Unnamed OSM road","highway":"secondary_link","lengthMeters":5.526,"osmWayIds":["828110206"],"u":"7730919129","v":"7730919120","key":0,"oneway":false,"source":"OpenStreetMap"},"geometry":{"type":"LineString","coordinates":[[103.6005102,-1.6179313],[103.6005156,-1.6178819]]}},{"type":"Feature","properties":{"segmentId":"osm-gaul2-18003-7738934389-6136250569-0","regionId":"gaul2-18003","province":"Jambi","region":"Kota Jambi","roadName":"Jalan Jenderal Sudirman","highway":"trunk","lengthMeters":251.795,"osmWayIds":["1025395246"],"u":"7738934389","v":"6136250569","key":0,"oneway":true,"source":"OpenStreetMap"},"geometry":{"type":"LineString","coordinates":[[103.6225514,-1.6081919],[103.6222922,-1.6077696],[103.6221757,-1.6075517],[103.6221007,-1.6074321],[103.6220223,-1.6073262],[103.6219512,-1.6072364],[103.6218781,-1.6071573],[103.6217178,-1.6070158],[103.6210754,-1.6065171]]}},{"type":"Feature","properties":{"segmentId":"osm-gaul2-18003-7738934389-8894009196-0","regionId":"gaul2-18003","province":"Jambi","region":"Kota Jambi","roadName":"Unnamed OSM road","highway":"trunk_link","lengthMeters":12.721,"osmWayIds":["961484029"],"u":"7738934389","v":"8894009196","key":0,"oneway":false,"source":"OpenStreetMap"},"geometry":{"type":"LineString","coordinates":[[103.6225514,-1.6081919],[103.6226486,-1.6081315]]}},{"type":"Feature","properties":{"segmentId":"osm-gaul2-18003-7742355450-3444341417-0","regionId":"gaul2-18003","province":"Jambi","region":"Kota Jambi","roadName":"Unnamed OSM road","highway":"tertiary","lengthMeters":10.322,"osmWayIds":["829501258"],"u":"7742355450","v":"3444341417","key":0,"oneway":false,"source":"OpenStreetMap"},"geometry":{"type":"LineString","coordinates":[[103.5943647,-1.6133117],[103.5943383,-1.6132227]]}},{"type":"Feature","properties":{"segmentId":"osm-gaul2-18003-7742355450-7742355451-0","regionId":"gaul2-18003","province":"Jambi","region":"Kota Jambi","roadName":"Jalan Kolonel Abundjani","highway":"primary","lengthMeters":68.06,"osmWayIds":["829501259"],"u":"7742355450","v":"7742355451","key":0,"oneway":true,"source":"OpenStreetMap"},"geometry":{"type":"LineString","coordinates":[[103.5943647,-1.6133117],[103.5942143,-1.6136158],[103.5941447,-1.6137335],[103.5941193,-1.6137717],[103.5940924,-1.6138018],[103.5940495,-1.6138273]]}},{"type":"Feature","properties":{"segmentId":"osm-gaul2-18003-7742355451-11925173865-0","regionId":"gaul2-18003","province":"Jambi","region":"Kota Jambi","roadName":"Jalan Kolonel Abundjani","highway":"primary","lengthMeters":289.481,"osmWayIds":["469304283"],"u":"7742355451","v":"11925173865","key":0,"oneway":false,"source":"OpenStreetMap"},"geometry":{"type":"LineString","coordinates":[[103.5940495,-1.6138273],[103.5938849,-1.6141705],[103.5938314,-1.6142827],[103.5937734,-1.6144045],[103.5934828,-1.6150146],[103.5933387,-1.6153033],[103.5932603,-1.6154571],[103.5931835,-1.6156078],[103.5929011,-1.6161637]]}},{"type":"Feature","properties":{"segmentId":"osm-gaul2-18003-7742355451-3444341417-0","regionId":"gaul2-18003","province":"Jambi","region":"Kota Jambi","roadName":"Jalan Kolonel Abundjani","highway":"primary","lengthMeters":74.805,"osmWayIds":["829501261"],"u":"7742355451","v":"3444341417","key":0,"oneway":true,"source":"OpenStreetMap"},"geometry":{"type":"LineString","coordinates":[[103.5940495,-1.6138273],[103.5940602,-1.613767],[103.5940857,-1.613704],[103.5941448,-1.6135873],[103.5943383,-1.6132227]]}},{"type":"Feature","properties":{"segmentId":"osm-gaul2-18003-7742355452-5715948265-0","regionId":"gaul2-18003","province":"Jambi","region":"Kota Jambi","roadName":"Jalan Mayor Haji Zainul Rivai","highway":"tertiary","lengthMeters":746.106,"osmWayIds":["601384614"],"u":"7742355452","v":"5715948265","key":0,"oneway":false,"source":"OpenStreetMap"},"geometry":{"type":"LineString","coordinates":[[103.5945905,-1.6129581],[103.5946448,-1.612972],[103.5956812,-1.6132937],[103.5961241,-1.613452],[103.5961626,-1.6134658],[103.5961815,-1.6134764],[103.5962114,-1.6135059],[103.5962311,-1.6135286],[103.5962519,-1.6135745],[103.5962932,-1.6136564],[103.5963341,-1.6136962],[103.5963636,-1.6137187],[103.5965071,-1.6137878],[103.5966925,-1.6138818],[103.5967388,-1.6139196],[103.5967652,-1.6139412],[103.5970066,-1.6141651],[103.5972943,-1.614518],[103.5973909,-1.6146273],[103.5974183,-1.614696],[103.5974356,-1.6148764],[103.5974379,-1.6149477],[103.5974557,-1.6151424],[103.5974888,-1.6155456],[103.5974981,-1.6156797],[103.5975183,-1.6158773],[103.5975535,-1.6161813],[103.5975877,-1.6163863],[103.5976373,-1.6165826],[103.5978475,-1.6172618],[103.5980147,-1.6176626],[103.5980825,-1.6178674]]}},{"type":"Feature","properties":{"segmentId":"osm-gaul2-18003-7742355452-5715948273-0","regionId":"gaul2-18003","province":"Jambi","region":"Kota Jambi","roadName":"Unnamed OSM road","highway":"tertiary","lengthMeters":8.731,"osmWayIds":["1046391873"],"u":"7742355452","v":"5715948273","key":0,"oneway":false,"source":"OpenStreetMap"},"geometry":{"type":"LineString","coordinates":[[103.5945905,-1.6129581],[103.5945182,-1.6129274]]}},{"type":"Feature","properties":{"segmentId":"osm-gaul2-18003-7742355452-7742355450-0","regionId":"gaul2-18003","province":"Jambi","region":"Kota Jambi","roadName":"Jalan Kolonel Abundjani","highway":"primary","lengthMeters":46.646,"osmWayIds":["829501259"],"u":"7742355452","v":"7742355450","key":0,"oneway":true,"source":"OpenStreetMap"},"geometry":{"type":"LineString","coordinates":[[103.5945905,-1.6129581],[103.5943647,-1.6133117]]}},{"type":"Feature","properties":{"segmentId":"osm-gaul2-18003-8894009196-6136250575-0","regionId":"gaul2-18003","province":"Jambi","region":"Kota Jambi","roadName":"Jalan Jenderal Sudirman","highway":"trunk","lengthMeters":204.851,"osmWayIds":["1025395245"],"u":"8894009196","v":"6136250575","key":0,"oneway":true,"source":"OpenStreetMap"},"geometry":{"type":"LineString","coordinates":[[103.6226486,-1.6081315],[103.6228042,-1.6083953],[103.6230887,-1.6088875],[103.6233038,-1.6092552],[103.6234297,-1.6094703],[103.6235869,-1.6097169]]}},{"type":"Feature","properties":{"segmentId":"osm-gaul2-18003-8894009196-7738934389-0","regionId":"gaul2-18003","province":"Jambi","region":"Kota Jambi","roadName":"Unnamed OSM road","highway":"trunk_link","lengthMeters":12.721,"osmWayIds":["961484029"],"u":"8894009196","v":"7738934389","key":0,"oneway":false,"source":"OpenStreetMap"},"geometry":{"type":"LineString","coordinates":[[103.6226486,-1.6081315],[103.6225514,-1.6081919]]}},{"type":"Feature","properties":{"segmentId":"osm-gaul2-18003-9215377312-5122354006-0","regionId":"gaul2-18003","province":"Jambi","region":"Kota Jambi","roadName":"Jalan Prof. Dr. Hamka","highway":"primary","lengthMeters":118.882,"osmWayIds":["529527825"],"u":"9215377312","v":"5122354006","key":0,"oneway":true,"source":"OpenStreetMap"},"geometry":{"type":"LineString","coordinates":[[103.607158,-1.5979596],[103.607533,-1.5985273],[103.6076054,-1.5985863],[103.6077315,-1.5986399],[103.6077945,-1.5986868],[103.6078401,-1.5987525]]}},{"type":"Feature","properties":{"segmentId":"osm-gaul2-18003-9215377318-5143613110-0","regionId":"gaul2-18003","province":"Jambi","region":"Kota Jambi","roadName":"Jalan Sultan Agung","highway":"trunk","lengthMeters":30.953,"osmWayIds":["529527829"],"u":"9215377318","v":"5143613110","key":0,"oneway":true,"source":"OpenStreetMap"},"geometry":{"type":"LineString","coordinates":[[103.606958,-1.5980111],[103.6070281,-1.5977417]]}},{"type":"Feature","properties":{"segmentId":"osm-gaul2-18003-9215377318-9215377312-0","regionId":"gaul2-18003","province":"Jambi","region":"Kota Jambi","roadName":"Jalan Prof. Dr. Hamka","highway":"trunk_link","lengthMeters":25.993,"osmWayIds":["998059379"],"u":"9215377318","v":"9215377312","key":0,"oneway":true,"source":"OpenStreetMap"},"geometry":{"type":"LineString","coordinates":[[103.606958,-1.5980111],[103.60698,-1.5979789],[103.6070102,-1.5979543],[103.6070461,-1.5979393],[103.6070849,-1.597935],[103.6071232,-1.597942],[103.607158,-1.5979596]]}},{"type":"Feature","properties":{"segmentId":"osm-gaul2-18003-9411950398-7723903189-0","regionId":"gaul2-18003","province":"Jambi","region":"Kota Jambi","roadName":"Jalan Haji Oemar Said Cokroaminoto","highway":"secondary","lengthMeters":82.889,"osmWayIds":["601384607"],"u":"9411950398","v":"7723903189","key":0,"oneway":true,"source":"OpenStreetMap"},"geometry":{"type":"LineString","coordinates":[[103.5957963,-1.6189586],[103.5965145,-1.6187579]]}},{"type":"Feature","properties":{"segmentId":"osm-gaul2-18003-9411950398-7724107631-0","regionId":"gaul2-18003","province":"Jambi","region":"Kota Jambi","roadName":"Unnamed OSM road","highway":"secondary_link","lengthMeters":8.066,"osmWayIds":["827345443"],"u":"9411950398","v":"7724107631","key":0,"oneway":false,"source":"OpenStreetMap"},"geometry":{"type":"LineString","coordinates":[[103.5957963,-1.6189586],[103.5958091,-1.61903]]}},{"type":"Feature","properties":{"segmentId":"osm-gaul2-18003-9446437408-3781530643-0","regionId":"gaul2-18003","province":"Jambi","region":"Kota Jambi","roadName":"Unnamed OSM road","highway":"trunk_link","lengthMeters":8.005,"osmWayIds":["1024438118"],"u":"9446437408","v":"3781530643","key":0,"oneway":false,"source":"OpenStreetMap"},"geometry":{"type":"LineString","coordinates":[[103.6029981,-1.6269539],[103.6029311,-1.6269803]]}},{"type":"Feature","properties":{"segmentId":"osm-gaul2-18003-9446437408-6133943588-0","regionId":"gaul2-18003","province":"Jambi","region":"Kota Jambi","roadName":"Jalan Pangeran Hidayat","highway":"trunk","lengthMeters":640.701,"osmWayIds":["654629426","654629427","654629431"],"u":"9446437408","v":"6133943588","key":0,"oneway":true,"source":"OpenStreetMap"},"geometry":{"type":"LineString","coordinates":[[103.6029981,-1.6269539],[103.6033114,-1.6277231],[103.6033664,-1.6278705],[103.6035128,-1.6283142],[103.6035472,-1.6284403],[103.603568,-1.6285806],[103.6036001,-1.6289279],[103.6036076,-1.629221],[103.6035938,-1.6294768],[103.6035754,-1.6296427],[103.6035544,-1.6297565],[103.6034721,-1.6301701],[103.6034224,-1.6303656],[103.6034,-1.6305484],[103.603401,-1.6308545],[103.6034265,-1.6311146],[103.603449,-1.6314309],[103.6034719,-1.6316471],[103.6035123,-1.6318871],[103.6036773,-1.6323565],[103.6037443,-1.6325483]]}}]}