{"type":"FeatureCollection","metadata":{"source":"OpenStreetMap contributors","sourceUrl":"https://www.openstreetmap.org","license":"ODbL 1.0","retrievedAt":"2026-08-12","method":"OSMnx graph_from_polygon; full selected GAUL level-2 polygon; logistics road filter","highwayFilter":"[\"highway\"~\"motorway|motorway_link|trunk|trunk_link|primary|primary_link|secondary|secondary_link|tertiary|tertiary_link\"]","networkType":"drive","simplifyGraph":true,"retainAllComponents":true,"regionId":"gaul2-73814","province":"Sumatera Selatan","region":"Ogan Ilir","graphNodes":188,"directedSegments":335,"roadCategories":{"motorway":33,"motorway_link":61,"tertiary":94,"tertiary_link":12,"trunk":113,"trunk_link":22},"runtimeExternalDependency":null,"processedContentSha256":"cc085ee0cd2ba94e224ad50871857ddbb7e7dc81c4e418a3c37c23791bcef0ac","overpassEndpoint":"https://z.overpass-api.de/api"},"features":[{"type":"Feature","properties":{"segmentId":"osm-gaul2-73814-11005209127-7140168734-0","regionId":"gaul2-73814","province":"Sumatera Selatan","region":"Ogan Ilir","roadName":"Jalan Tol Kayu Agung–Palembang–Betung","highway":"motorway","lengthMeters":1947.139,"osmWayIds":["836242891","837733021"],"u":"11005209127","v":"7140168734","key":0,"oneway":true,"source":"OpenStreetMap"},"geometry":{"type":"LineString","coordinates":[[104.8012315,-3.0919868],[104.8026901,-3.094475],[104.8042274,-3.0971985],[104.8048523,-3.0982133],[104.8054871,-3.098974],[104.8061702,-3.0996322],[104.807149,-3.1003812],[104.8077413,-3.1007671],[104.8096411,-3.1020049],[104.8111197,-3.1029883],[104.8131164,-3.1043163]]}},{"type":"Feature","properties":{"segmentId":"osm-gaul2-73814-11005209378-12055392275-0","regionId":"gaul2-73814","province":"Sumatera Selatan","region":"Ogan Ilir","roadName":"Jalan Tol Indralaya–Muara Enim","highway":"motorway","lengthMeters":37417.019,"osmWayIds":["1184770838","1184770839","1184770840","1184770841","1184770842","1184770843","1184770844","1184770845","1284895899","1284895900","1301538538","1301538539","1301538540","1301538541","1301538547","918649955","924395836"],"u":"11005209378","v":"12055392275","key":0,"oneway":true,"source":"OpenStreetMap"},"geometry":{"type":"LineString","coordinates":[[104.6919296,-3.201812],[104.6900603,-3.2077151],[104.6879373,-3.2145289],[104.68665,-3.2186294],[104.6834033,-3.228971],[104.6819068,-3.2337512],[104.6815584,-3.2346568],[104.6811618,-3.2355315],[104.6807001,-3.2364192],[104.6801847,-3.2372589],[104.6797526,-3.237887],[104.6792934,-3.238484],[104.6787528,-3.2390972],[104.6783962,-3.2394865],[104.6777776,-3.2400856],[104.6723979,-3.2452678],[104.6702998,-3.2472864],[104.6696024,-3.2479515],[104.6684553,-3.2491073],[104.6675265,-3.2501138],[104.6667335,-3.2510219],[104.6655811,-3.2524101],[104.6647333,-3.2535382],[104.6638969,-3.2546949],[104.6631271,-3.2558339],[104.662461,-3.2568986],[104.6620068,-3.2576623],[104.6612759,-3.2589446],[104.6607587,-3.2599403],[104.6594899,-3.2625006],[104.6592445,-3.2629983],[104.6563167,-3.2689387],[104.6545618,-3.2724993],[104.6524993,-3.2769032],[104.6515258,-3.2784089],[104.6506541,-3.2796099],[104.6496242,-3.2806493],[104.6484607,-3.28157],[104.6476044,-3.2820919],[104.6473688,-3.2822355],[104.6469344,-3.2825003],[104.6449693,-3.2835022],[104.6429599,-3.2843734],[104.6328858,-3.2884235],[104.6304656,-3.2895114],[104.628836,-3.2904257],[104.6270899,-3.2916761],[104.6254483,-3.2930592],[104.6240375,-3.2944853],[104.6198359,-3.2994093],[104.6091448,-3.3117799],[104.6073323,-3.3138476],[104.6052428,-3.3159615],[104.6032016,-3.3177723],[104.6014953,-3.3191095],[104.5998125,-3.3202835],[104.5981897,-3.3212584],[104.5947655,-3.3230301],[104.5777871,-3.3313787],[104.5662029,-3.3372021],[104.563293,-3.3386199],[104.5615846,-3.3395555],[104.5604448,-3.3401805],[104.5590501,-3.3410341],[104.5574727,-3.3421016],[104.5269359,-3.3649021],[104.5262143,-3.3654464],[104.5250649,-3.3663963],[104.5237817,-3.3675279],[104.520027,-3.3711521],[104.4991778,-3.3915589],[104.4982957,-3.3924288],[104.4972839,-3.393551],[104.4967828,-3.3940939],[104.4958448,-3.3952856],[104.4949963,-3.396532],[104.4942052,-3.3978287],[104.4917897,-3.4020583],[104.4916084,-3.4023757],[104.4909326,-3.4035591],[104.4905322,-3.4042017],[104.489896,-3.4051059],[104.4889765,-3.4063405],[104.484614,-3.4118738],[104.4828464,-3.4141007],[104.4812344,-3.4164366],[104.478018,-3.421332],[104.477813,-3.4216467],[104.475801,-3.4247439],[104.4747526,-3.4262466],[104.4742249,-3.4269615],[104.4729399,-3.4286198],[104.4721208,-3.4295827],[104.4708454,-3.4309686],[104.4697316,-3.4320643],[104.4677222,-3.4339629],[104.4668431,-3.434722],[104.4648778,-3.4362629]]}},{"type":"Feature","properties":{"segmentId":"osm-gaul2-73814-11005209395-7701023625-0","regionId":"gaul2-73814","province":"Sumatera Selatan","region":"Ogan Ilir","roadName":"Simpang Susun Indralaya","highway":"motorway_link","lengthMeters":3000.627,"osmWayIds":["1084210043","1084210044","807838233","807838234","833609921","833609922"],"u":"11005209395","v":"7701023625","key":0,"oneway":true,"source":"OpenStreetMap"},"geometry":{"type":"LineString","coordinates":[[104.6882633,-3.2066267],[104.6876622,-3.2072741],[104.6870485,-3.2078228],[104.6863985,-3.2083619],[104.6857506,-3.2088424],[104.6851533,-3.2092597],[104.6841489,-3.2098964],[104.6799126,-3.2122525],[104.6798535,-3.2122858],[104.6797738,-3.2123276],[104.679302,-3.2125848],[104.6786183,-3.212956],[104.6735413,-3.2157203],[104.6732009,-3.2159105],[104.6703472,-3.2174605],[104.6650924,-3.2203612]]}},{"type":"Feature","properties":{"segmentId":"osm-gaul2-73814-11005209396-11005209395-0","regionId":"gaul2-73814","province":"Sumatera Selatan","region":"Ogan Ilir","roadName":"Simpang Susun Indralaya","highway":"motorway_link","lengthMeters":555.027,"osmWayIds":["1084210042","1184770827"],"u":"11005209396","v":"11005209395","key":0,"oneway":true,"source":"OpenStreetMap"},"geometry":{"type":"LineString","coordinates":[[104.6895678,-3.208902],[104.6898408,-3.2076608],[104.6900747,-3.2067468],[104.6901039,-3.2065831],[104.6901061,-3.2064667],[104.6900999,-3.206352],[104.6900677,-3.2062397],[104.6900142,-3.2061232],[104.6899381,-3.2060276],[104.6898452,-3.2059402],[104.689726,-3.2058768],[104.6895816,-3.2058257],[104.6894494,-3.2058103],[104.6893295,-3.2058258],[104.6892038,-3.2058669],[104.6890901,-3.2059224],[104.6889764,-3.2060084],[104.6882633,-3.2066267]]}},{"type":"Feature","properties":{"segmentId":"osm-gaul2-73814-11005209396-7554391167-0","regionId":"gaul2-73814","province":"Sumatera Selatan","region":"Ogan Ilir","roadName":"Jalan Tol Palembang–Indralaya","highway":"motorway","lengthMeters":1121.398,"osmWayIds":["1184770830","1203988961"],"u":"11005209396","v":"7554391167","key":0,"oneway":true,"source":"OpenStreetMap"},"geometry":{"type":"LineString","coordinates":[[104.6895678,-3.208902],[104.6899494,-3.2076864],[104.6925889,-3.1992787]]}},{"type":"Feature","properties":{"segmentId":"osm-gaul2-73814-11086738378-5698206419-0","regionId":"gaul2-73814","province":"Sumatera Selatan","region":"Ogan Ilir","roadName":"Unnamed OSM road","highway":"tertiary_link","lengthMeters":8.696,"osmWayIds":["1220203741"],"u":"11086738378","v":"5698206419","key":0,"oneway":false,"source":"OpenStreetMap"},"geometry":{"type":"LineString","coordinates":[[104.7921141,-3.0371876],[104.7921674,-3.0372449]]}},{"type":"Feature","properties":{"segmentId":"osm-gaul2-73814-11898559763-6571244107-0","regionId":"gaul2-73814","province":"Sumatera Selatan","region":"Ogan Ilir","roadName":"Unnamed OSM road","highway":"motorway_link","lengthMeters":672.157,"osmWayIds":["1282155476","807805545"],"u":"11898559763","v":"6571244107","key":0,"oneway":true,"source":"OpenStreetMap"},"geometry":{"type":"LineString","coordinates":[[104.7505865,-3.0722727],[104.7502685,-3.0734518],[104.7501384,-3.0739086],[104.7499442,-3.0745072],[104.7495868,-3.0755543],[104.7491422,-3.0766965],[104.7485938,-3.0779718]]}},{"type":"Feature","properties":{"segmentId":"osm-gaul2-73814-12032262173-5857180319-0","regionId":"gaul2-73814","province":"Sumatera Selatan","region":"Ogan Ilir","roadName":"Jembatan Tambang Rambang","highway":"tertiary_link","lengthMeters":114.371,"osmWayIds":["1298907457","619870489","619870491"],"u":"12032262173","v":"5857180319","key":0,"oneway":false,"source":"OpenStreetMap"},"geometry":{"type":"LineString","coordinates":[[104.4687618,-3.541134],[104.4687575,-3.5411565],[104.4687548,-3.5411792],[104.4687566,-3.5411997],[104.4687668,-3.5412214],[104.4687841,-3.5412461],[104.4692019,-3.5415635],[104.4692891,-3.5416016],[104.4693552,-3.5416273],[104.4693963,-3.5416414],[104.4694467,-3.5416604],[104.4695602,-3.5417032]]}},{"type":"Feature","properties":{"segmentId":"osm-gaul2-73814-12055392118-12055392296-0","regionId":"gaul2-73814","province":"Sumatera Selatan","region":"Ogan Ilir","roadName":"Unnamed OSM road","highway":"motorway_link","lengthMeters":358.555,"osmWayIds":["1301538516"],"u":"12055392118","v":"12055392296","key":0,"oneway":true,"source":"OpenStreetMap"},"geometry":{"type":"LineString","coordinates":[[104.4620905,-3.4379732],[104.4638497,-3.4368027],[104.4647616,-3.4361602]]}},{"type":"Feature","properties":{"segmentId":"osm-gaul2-73814-12055392132-12055392273-0","regionId":"gaul2-73814","province":"Sumatera Selatan","region":"Ogan Ilir","roadName":"Unnamed OSM road","highway":"motorway_link","lengthMeters":327.199,"osmWayIds":["1301538514"],"u":"12055392132","v":"12055392273","key":0,"oneway":true,"source":"OpenStreetMap"},"geometry":{"type":"LineString","coordinates":[[104.4595206,-3.4407545],[104.4570608,-3.4423762]]}},{"type":"Feature","properties":{"segmentId":"osm-gaul2-73814-12055392273-9172643081-0","regionId":"gaul2-73814","province":"Sumatera Selatan","region":"Ogan Ilir","roadName":"Jalan Tol Indralaya–Muara Enim","highway":"motorway","lengthMeters":4885.991,"osmWayIds":["1301538537","1301538538","1316154329"],"u":"12055392273","v":"9172643081","key":0,"oneway":true,"source":"OpenStreetMap"},"geometry":{"type":"LineString","coordinates":[[104.4570608,-3.4423762],[104.449997,-3.4479817],[104.4481878,-3.4494256],[104.4480096,-3.4495678],[104.4409796,-3.4551783],[104.4395079,-3.4564313],[104.4380402,-3.458102],[104.4261183,-3.4732405]]}},{"type":"Feature","properties":{"segmentId":"osm-gaul2-73814-12055392275-12055392122-0","regionId":"gaul2-73814","province":"Sumatera Selatan","region":"Ogan Ilir","roadName":"Unnamed OSM road","highway":"motorway_link","lengthMeters":358.22,"osmWayIds":["1301538515"],"u":"12055392275","v":"12055392122","key":0,"oneway":true,"source":"OpenStreetMap"},"geometry":{"type":"LineString","coordinates":[[104.4648778,-3.4362629],[104.4632408,-3.4377264],[104.4624697,-3.4384077]]}},{"type":"Feature","properties":{"segmentId":"osm-gaul2-73814-12055392275-12055392273-0","regionId":"gaul2-73814","province":"Sumatera Selatan","region":"Ogan Ilir","roadName":"Jalan Tol Indralaya–Muara Enim","highway":"motorway","lengthMeters":1102.313,"osmWayIds":["1301538538"],"u":"12055392275","v":"12055392273","key":0,"oneway":true,"source":"OpenStreetMap"},"geometry":{"type":"LineString","coordinates":[[104.4648778,-3.4362629],[104.4611354,-3.4392702],[104.4570608,-3.4423762]]}},{"type":"Feature","properties":{"segmentId":"osm-gaul2-73814-12055392296-11005209396-0","regionId":"gaul2-73814","province":"Sumatera Selatan","region":"Ogan Ilir","roadName":"Jalan Tol Indralaya–Muara Enim","highway":"motorway","lengthMeters":36581.467,"osmWayIds":["1184770831","1184770832","1184770833","1184770834","1184770835","1184770836","1184770837","1284895897","1284895898","1301538542","1301538543","1301538544","1301538545","1301538548","918649956","924395841"],"u":"12055392296","v":"11005209396","key":0,"oneway":true,"source":"OpenStreetMap"},"geometry":{"type":"LineString","coordinates":[[104.4647616,-3.4361602],[104.4667572,-3.434618],[104.4676316,-3.433863],[104.4696379,-3.4319674],[104.4707483,-3.430875],[104.4720197,-3.4294934],[104.4728351,-3.4285349],[104.4741172,-3.4268803],[104.4746429,-3.4261681],[104.4756889,-3.4246687],[104.477651,-3.4216485],[104.4778562,-3.4213327],[104.4811223,-3.4163614],[104.4827378,-3.4140206],[104.484508,-3.4117903],[104.4888693,-3.4062586],[104.4897866,-3.405027],[104.4904196,-3.4041274],[104.4908166,-3.4034901],[104.4914911,-3.402309],[104.4916724,-3.4019916],[104.4940889,-3.3977603],[104.4948828,-3.396459],[104.4957358,-3.395206],[104.4966799,-3.3940065],[104.4971842,-3.3934602],[104.498198,-3.3923357],[104.4990832,-3.3914628],[104.5199288,-3.3710595],[104.5236897,-3.3674292],[104.5249772,-3.3662939],[104.5261306,-3.3653407],[104.5268547,-3.3647944],[104.5573944,-3.3419919],[104.5589769,-3.3409208],[104.560377,-3.3400639],[104.5615196,-3.3394374],[104.5632309,-3.3385002],[104.5661437,-3.337081],[104.5777331,-3.3312701],[104.5947107,-3.3229219],[104.5981304,-3.3211525],[104.5997463,-3.3201817],[104.601423,-3.319012],[104.6031237,-3.3176792],[104.6051591,-3.3158735],[104.6072433,-3.313765],[104.6090531,-3.3117004],[104.6197437,-3.2993304],[104.6239479,-3.2944033],[104.6253657,-3.2929701],[104.6270152,-3.2915803],[104.6287706,-3.2903233],[104.6304108,-3.289403],[104.6328382,-3.2883119],[104.642913,-3.2842615],[104.6449174,-3.2833925],[104.646875,-3.2823944],[104.6473181,-3.2821243],[104.6475492,-3.2819835],[104.6483911,-3.2814704],[104.649543,-3.2805588],[104.6505612,-3.2795312],[104.6514255,-3.2783404],[104.6523935,-3.2768433],[104.6544453,-3.2724421],[104.6561977,-3.2688866],[104.6591263,-3.2629447],[104.6593734,-3.2624432],[104.6606429,-3.2598817],[104.6611618,-3.2588827],[104.6618945,-3.2575971],[104.6623501,-3.2568312],[104.6630182,-3.2557633],[104.6637904,-3.2546207],[104.6646287,-3.2534613],[104.6654791,-3.2523298],[104.6666346,-3.2509379],[104.6674298,-3.2500273],[104.6683614,-3.2490177],[104.6695114,-3.247859],[104.6702141,-3.2471885],[104.6723077,-3.2451745],[104.6776933,-3.2399866],[104.678303,-3.2393961],[104.6786561,-3.2390106],[104.6791931,-3.2384016],[104.6796475,-3.2378108],[104.6800757,-3.2371883],[104.680587,-3.2363554],[104.6810449,-3.2354749],[104.6814385,-3.2346068],[104.6817841,-3.2337086],[104.6832774,-3.2289387],[104.6865258,-3.2185914],[104.6878141,-3.2144879],[104.6895678,-3.208902]]}},{"type":"Feature","properties":{"segmentId":"osm-gaul2-73814-12055392297-12055392145-0","regionId":"gaul2-73814","province":"Sumatera Selatan","region":"Ogan Ilir","roadName":"Unnamed OSM road","highway":"motorway_link","lengthMeters":337.725,"osmWayIds":["1301538517"],"u":"12055392297","v":"12055392145","key":0,"oneway":true,"source":"OpenStreetMap"},"geometry":{"type":"LineString","coordinates":[[104.4569778,-3.4422699],[104.4592416,-3.4402405]]}},{"type":"Feature","properties":{"segmentId":"osm-gaul2-73814-12055392297-12055392296-0","regionId":"gaul2-73814","province":"Sumatera Selatan","region":"Ogan Ilir","roadName":"Jalan Tol Indralaya–Muara Enim","highway":"motorway","lengthMeters":1099.196,"osmWayIds":["1301538545"],"u":"12055392297","v":"12055392296","key":0,"oneway":true,"source":"OpenStreetMap"},"geometry":{"type":"LineString","coordinates":[[104.4569778,-3.4422699],[104.4610521,-3.4391642],[104.4647616,-3.4361602]]}},{"type":"Feature","properties":{"segmentId":"osm-gaul2-73814-12110027997-12269529604-0","regionId":"gaul2-73814","province":"Sumatera Selatan","region":"Ogan Ilir","roadName":"Simpang Susun Kramasan","highway":"motorway_link","lengthMeters":975.36,"osmWayIds":["1326103693","1411364842"],"u":"12110027997","v":"12269529604","key":0,"oneway":true,"source":"OpenStreetMap"},"geometry":{"type":"LineString","coordinates":[[104.7374938,-3.071147],[104.7381779,-3.0711851],[104.7383175,-3.0712051],[104.7384556,-3.071248],[104.7385676,-3.0713002],[104.7386638,-3.0713612],[104.7387546,-3.0714377],[104.7388711,-3.0715528],[104.7392747,-3.0719941],[104.7393709,-3.072077],[104.739465,-3.0721373],[104.7395969,-3.0721929],[104.7397184,-3.0722189],[104.7398642,-3.0722304],[104.7400431,-3.0722207],[104.7402462,-3.0721956],[104.7414977,-3.0719569],[104.7424267,-3.071826],[104.7442474,-3.0714434],[104.7457994,-3.0711202]]}},{"type":"Feature","properties":{"segmentId":"osm-gaul2-73814-12110027997-12269529613-0","regionId":"gaul2-73814","province":"Sumatera Selatan","region":"Ogan Ilir","roadName":"Simpang Susun Kramasan","highway":"motorway","lengthMeters":3463.653,"osmWayIds":["1082683664","1307688842","1378018701","1378018702","1378018703","536527388","807805546","888355084","888355086","888355088"],"u":"12110027997","v":"12269529613","key":0,"oneway":true,"source":"OpenStreetMap"},"geometry":{"type":"LineString","coordinates":[[104.7374938,-3.071147],[104.7378271,-3.071183],[104.7380797,-3.0712121],[104.7381842,-3.0712307],[104.7382837,-3.0712561],[104.7383774,-3.0712898],[104.7384648,-3.0713329],[104.7385489,-3.071391],[104.7386177,-3.0714518],[104.7386778,-3.0715249],[104.7387272,-3.0716054],[104.7387713,-3.0716974],[104.7388079,-3.0718031],[104.7388348,-3.0719027],[104.7388699,-3.0720832],[104.7389879,-3.0729355],[104.7390242,-3.0732782],[104.7390416,-3.0734339],[104.7390416,-3.0735414],[104.7390337,-3.0736465],[104.7390169,-3.073711],[104.7389786,-3.073844],[104.7389209,-3.0739598],[104.7388371,-3.0740663],[104.7387184,-3.0741634],[104.7386168,-3.0742176],[104.7385054,-3.074242],[104.7383548,-3.0742628],[104.738214,-3.0742521],[104.7381306,-3.0742361],[104.7380105,-3.0741909],[104.7378978,-3.0741187],[104.7377964,-3.0740316],[104.7377105,-3.0739238],[104.737651,-3.0738028],[104.7376109,-3.0736428],[104.737608,-3.0735113],[104.7376259,-3.073391],[104.7376604,-3.0732678],[104.7377309,-3.0731335],[104.7378247,-3.0730155],[104.7379603,-3.0729024],[104.7381397,-3.0727997],[104.7382967,-3.0727405],[104.7384521,-3.0727002],[104.7386624,-3.0726605],[104.7393186,-3.0725673],[104.74009,-3.0724205],[104.7404331,-3.0723506],[104.7407775,-3.0722783],[104.7439032,-3.0716312],[104.7459669,-3.0712074],[104.7470882,-3.0709733],[104.7481519,-3.0707513],[104.7521204,-3.0699333],[104.7525377,-3.0698588],[104.752933,-3.0697978],[104.7537114,-3.0696988],[104.7541631,-3.0696581],[104.7544899,-3.069637],[104.754977,-3.0696169],[104.7555254,-3.0696139],[104.7561046,-3.0696256],[104.7566038,-3.0696503],[104.7572445,-3.0697114],[104.7578149,-3.069781],[104.7583945,-3.069872],[104.7589657,-3.0699771],[104.7597497,-3.0701499],[104.7605398,-3.0703711],[104.7612342,-3.0705899],[104.7614054,-3.0706504],[104.762253,-3.0709639]]}},{"type":"Feature","properties":{"segmentId":"osm-gaul2-73814-12254696267-12254696268-0","regionId":"gaul2-73814","province":"Sumatera Selatan","region":"Ogan Ilir","roadName":"Unnamed OSM road","highway":"trunk","lengthMeters":167.726,"osmWayIds":["536540374"],"u":"12254696267","v":"12254696268","key":0,"oneway":true,"source":"OpenStreetMap"},"geometry":{"type":"LineString","coordinates":[[104.6545629,-3.2059459],[104.6543647,-3.2058525],[104.6542494,-3.2057982],[104.6541035,-3.2057294],[104.6540039,-3.2056872],[104.6536751,-3.2055428],[104.6535444,-3.2054777],[104.6532049,-3.2052875]]}},{"type":"Feature","properties":{"segmentId":"osm-gaul2-73814-12254696268-12254696276-0","regionId":"gaul2-73814","province":"Sumatera Selatan","region":"Ogan Ilir","roadName":"Unnamed OSM road","highway":"trunk","lengthMeters":39.741,"osmWayIds":["1324318045"],"u":"12254696268","v":"12254696276","key":0,"oneway":true,"source":"OpenStreetMap"},"geometry":{"type":"LineString","coordinates":[[104.6532049,-3.2052875],[104.6531356,-3.2052155],[104.6531049,-3.2051676],[104.6530843,-3.2051053],[104.6530849,-3.2050557],[104.6531053,-3.2049727]]}},{"type":"Feature","properties":{"segmentId":"osm-gaul2-73814-12254696268-4018290515-0","regionId":"gaul2-73814","province":"Sumatera Selatan","region":"Ogan Ilir","roadName":"Unnamed OSM road","highway":"trunk","lengthMeters":36.582,"osmWayIds":["1324318044"],"u":"12254696268","v":"4018290515","key":0,"oneway":true,"source":"OpenStreetMap"},"geometry":{"type":"LineString","coordinates":[[104.6532049,-3.2052875],[104.6531029,-3.2052542],[104.6530348,-3.2052535],[104.6529611,-3.2052742],[104.6528967,-3.2053173]]}},{"type":"Feature","properties":{"segmentId":"osm-gaul2-73814-12254696276-2060196277-0","regionId":"gaul2-73814","province":"Sumatera Selatan","region":"Ogan Ilir","roadName":"Jalan Lintas Tengah","highway":"trunk","lengthMeters":677.027,"osmWayIds":["828755188"],"u":"12254696276","v":"2060196277","key":0,"oneway":true,"source":"OpenStreetMap"},"geometry":{"type":"LineString","coordinates":[[104.6531053,-3.2049727],[104.6531613,-3.2048802],[104.6538702,-3.2037715],[104.6542007,-3.2032546],[104.6545294,-3.202766],[104.6549871,-3.2020856],[104.6552057,-3.2017426],[104.6554908,-3.2013867],[104.6556814,-3.2012021],[104.6559669,-3.2009729],[104.6563543,-3.2007274],[104.6566066,-3.2005793],[104.6569399,-3.200357]]}},{"type":"Feature","properties":{"segmentId":"osm-gaul2-73814-12269529556-8917103006-0","regionId":"gaul2-73814","province":"Sumatera Selatan","region":"Ogan Ilir","roadName":"Simpang Susun Kramasan","highway":"motorway","lengthMeters":968.658,"osmWayIds":["1082683665","1082683666","807805539","807805552"],"u":"12269529556","v":"8917103006","key":0,"oneway":true,"source":"OpenStreetMap"},"geometry":{"type":"LineString","coordinates":[[104.7471092,-3.0710608],[104.7459903,-3.0712876],[104.7439197,-3.0717211],[104.7407956,-3.0723723],[104.7393424,-3.0726657],[104.7385664,-3.0728263]]}},{"type":"Feature","properties":{"segmentId":"osm-gaul2-73814-12269529556-8917103006-1","regionId":"gaul2-73814","province":"Sumatera Selatan","region":"Ogan Ilir","roadName":"Unnamed OSM road","highway":"motorway_link","lengthMeters":972.265,"osmWayIds":["1307688844","1307688846","1326103686","1326103692"],"u":"12269529556","v":"8917103006","key":1,"oneway":true,"source":"OpenStreetMap"},"geometry":{"type":"LineString","coordinates":[[104.7471092,-3.0710608],[104.7453741,-3.0715505],[104.7450012,-3.0716638],[104.7446721,-3.0717839],[104.7442637,-3.0719388],[104.74407,-3.0719985],[104.7438565,-3.0720642],[104.7435159,-3.0721416],[104.7430082,-3.0722489],[104.7400867,-3.0726932],[104.7396428,-3.0727508],[104.7385664,-3.0728263]]}},{"type":"Feature","properties":{"segmentId":"osm-gaul2-73814-12269529571-12269529557-0","regionId":"gaul2-73814","province":"Sumatera Selatan","region":"Ogan Ilir","roadName":"Unnamed OSM road","highway":"motorway_link","lengthMeters":1104.124,"osmWayIds":["1326103694"],"u":"12269529571","v":"12269529557","key":0,"oneway":true,"source":"OpenStreetMap"},"geometry":{"type":"LineString","coordinates":[[104.7496638,-3.0725982],[104.7494976,-3.0719781],[104.7494174,-3.0717314],[104.7493737,-3.0716106],[104.7493341,-3.0715423],[104.7492729,-3.0714435],[104.7491722,-3.0713414],[104.7490406,-3.0712488],[104.7489065,-3.0711781],[104.7487703,-3.0711266],[104.7486016,-3.0710847],[104.7484079,-3.0710607],[104.7482312,-3.0710601],[104.7480511,-3.0710803],[104.7467894,-3.071326],[104.7463728,-3.0714363],[104.7455155,-3.0717082],[104.745272,-3.0717833],[104.7451206,-3.0718259],[104.7449902,-3.0718502],[104.7448275,-3.071872],[104.7446577,-3.0718861],[104.7441411,-3.0719006],[104.743958,-3.0719118],[104.7437761,-3.0719286],[104.743572,-3.071952],[104.7432338,-3.0720017],[104.7429097,-3.0720571],[104.7425505,-3.0721274],[104.7408162,-3.0724715]]}},{"type":"Feature","properties":{"segmentId":"osm-gaul2-73814-12269529571-12269529618-0","regionId":"gaul2-73814","province":"Sumatera Selatan","region":"Ogan Ilir","roadName":"Unnamed OSM road","highway":"motorway_link","lengthMeters":976.079,"osmWayIds":["1326103682","807805542"],"u":"12269529571","v":"12269529618","key":0,"oneway":true,"source":"OpenStreetMap"},"geometry":{"type":"LineString","coordinates":[[104.7496638,-3.0725982],[104.7494663,-3.0713426],[104.7494428,-3.0710456],[104.7494626,-3.0708188],[104.7495457,-3.0704847],[104.7496934,-3.0701929],[104.7499315,-3.0699399],[104.7501438,-3.0697917],[104.7504041,-3.0696636],[104.7507152,-3.069566],[104.7523645,-3.0691806],[104.752745,-3.0691073],[104.7531357,-3.0690571],[104.7535133,-3.0690312],[104.7538957,-3.0690188],[104.7542969,-3.0690314],[104.7549516,-3.0690842],[104.7557467,-3.069187]]}},{"type":"Feature","properties":{"segmentId":"osm-gaul2-73814-12269529582-12269529618-0","regionId":"gaul2-73814","province":"Sumatera Selatan","region":"Ogan Ilir","roadName":"Unnamed OSM road","highway":"motorway_link","lengthMeters":1008.783,"osmWayIds":["1282156262","1326103688"],"u":"12269529582","v":"12269529618","key":0,"oneway":true,"source":"OpenStreetMap"},"geometry":{"type":"LineString","coordinates":[[104.7527257,-3.0629963],[104.7525556,-3.0638153],[104.7524751,-3.0642215],[104.7520818,-3.0662972],[104.7519784,-3.0670432],[104.7519585,-3.0674403],[104.7520074,-3.0677854],[104.7521312,-3.0680884],[104.7523591,-3.0683712],[104.7526269,-3.0685753],[104.7528922,-3.0686813],[104.7532527,-3.0687752],[104.7547957,-3.0689849],[104.7557467,-3.069187]]}},{"type":"Feature","properties":{"segmentId":"osm-gaul2-73814-12269529582-6571244107-0","regionId":"gaul2-73814","province":"Sumatera Selatan","region":"Ogan Ilir","roadName":"Jalan Tol Palembang–Indralaya","highway":"motorway","lengthMeters":1728.691,"osmWayIds":["536527392"],"u":"12269529582","v":"6571244107","key":0,"oneway":true,"source":"OpenStreetMap"},"geometry":{"type":"LineString","coordinates":[[104.7527257,-3.0629963],[104.751828,-3.0665644],[104.7508371,-3.0706336],[104.7500084,-3.0738537],[104.7494002,-3.0757886],[104.7491652,-3.0764444],[104.7485938,-3.0779718]]}},{"type":"Feature","properties":{"segmentId":"osm-gaul2-73814-12269529586-11898559763-0","regionId":"gaul2-73814","province":"Sumatera Selatan","region":"Ogan Ilir","roadName":"Unnamed OSM road","highway":"motorway_link","lengthMeters":865.064,"osmWayIds":["1282155480","807805545"],"u":"12269529586","v":"11898559763","key":0,"oneway":true,"source":"OpenStreetMap"},"geometry":{"type":"LineString","coordinates":[[104.7571876,-3.0698185],[104.7561373,-3.0697916],[104.7555596,-3.0697993],[104.7551368,-3.0698196],[104.7546196,-3.0698502],[104.7540846,-3.069895],[104.7535781,-3.0699587],[104.7524438,-3.0701508],[104.7520845,-3.0702256],[104.7518298,-3.0703203],[104.7516039,-3.0704395],[104.7514093,-3.0706036],[104.7512415,-3.0708053],[104.7510961,-3.0710579],[104.7507711,-3.0717725],[104.7505865,-3.0722727]]}},{"type":"Feature","properties":{"segmentId":"osm-gaul2-73814-12269529586-12269529556-0","regionId":"gaul2-73814","province":"Sumatera Selatan","region":"Ogan Ilir","roadName":"Jalan Tol Kayu Agung–Palembang–Betung","highway":"motorway","lengthMeters":1133.097,"osmWayIds":["1082683665","536527387","888355085"],"u":"12269529586","v":"12269529556","key":0,"oneway":true,"source":"OpenStreetMap"},"geometry":{"type":"LineString","coordinates":[[104.7571876,-3.0698185],[104.7565838,-3.0697658],[104.756132,-3.0697376],[104.7556397,-3.0697276],[104.7550985,-3.0697297],[104.7546088,-3.0697452],[104.7541753,-3.0697672],[104.7537322,-3.0698085],[104.7529039,-3.0699084],[104.7524721,-3.0699764],[104.7520355,-3.0700518],[104.7481693,-3.070846],[104.7471092,-3.0710608]]}},{"type":"Feature","properties":{"segmentId":"osm-gaul2-73814-12269529604-12269529616-0","regionId":"gaul2-73814","province":"Sumatera Selatan","region":"Ogan Ilir","roadName":"Unnamed OSM road","highway":"motorway_link","lengthMeters":1383.17,"osmWayIds":["1326103684","1326103685","1326103690"],"u":"12269529604","v":"12269529616","key":0,"oneway":true,"source":"OpenStreetMap"},"geometry":{"type":"LineString","coordinates":[[104.7457994,-3.0711202],[104.7486868,-3.0705191],[104.7524955,-3.0697284],[104.7531522,-3.0696173],[104.7537473,-3.0695474],[104.7543915,-3.0694928],[104.7550757,-3.069459],[104.7556941,-3.0694494],[104.7563426,-3.0694769],[104.7569926,-3.0695294],[104.758083,-3.0696808]]}},{"type":"Feature","properties":{"segmentId":"osm-gaul2-73814-12269529604-7554113330-0","regionId":"gaul2-73814","province":"Sumatera Selatan","region":"Ogan Ilir","roadName":"Unnamed OSM road","highway":"motorway_link","lengthMeters":219.024,"osmWayIds":["1282155479"],"u":"12269529604","v":"7554113330","key":0,"oneway":true,"source":"OpenStreetMap"},"geometry":{"type":"LineString","coordinates":[[104.7457994,-3.0711202],[104.7469547,-3.0707758],[104.7477067,-3.0706257]]}},{"type":"Feature","properties":{"segmentId":"osm-gaul2-73814-12269529613-7140168744-0","regionId":"gaul2-73814","province":"Sumatera Selatan","region":"Ogan Ilir","roadName":"Jalan Tol Kayu Agung–Palembang–Betung","highway":"motorway","lengthMeters":4831.446,"osmWayIds":["1411364843","786385030","888355082"],"u":"12269529613","v":"7140168744","key":0,"oneway":true,"source":"OpenStreetMap"},"geometry":{"type":"LineString","coordinates":[[104.762253,-3.0709639],[104.7629847,-3.0712346],[104.7688523,-3.07345],[104.7730668,-3.0750522],[104.7770971,-3.0765738],[104.783985,-3.079136],[104.7868185,-3.0802298],[104.7878243,-3.0806351],[104.7886807,-3.0810301],[104.7894786,-3.0814193],[104.7902585,-3.0818341],[104.7910778,-3.0823001],[104.7918743,-3.082768],[104.7925143,-3.0831751],[104.7931276,-3.0836054],[104.7938999,-3.0841599],[104.7945927,-3.0846668],[104.7953117,-3.0852677],[104.7960488,-3.085914],[104.7968555,-3.08664],[104.797646,-3.0874016],[104.7985309,-3.0883617],[104.7994163,-3.0893955],[104.8003322,-3.0905768]]}},{"type":"Feature","properties":{"segmentId":"osm-gaul2-73814-12269529616-12269529613-0","regionId":"gaul2-73814","province":"Sumatera Selatan","region":"Ogan Ilir","roadName":"Unnamed OSM road","highway":"motorway_link","lengthMeters":485.744,"osmWayIds":["1282155481","1411418574"],"u":"12269529616","v":"12269529613","key":0,"oneway":true,"source":"OpenStreetMap"},"geometry":{"type":"LineString","coordinates":[[104.758083,-3.0696808],[104.7584747,-3.0697568],[104.7588663,-3.0698399],[104.7593164,-3.069948],[104.7597378,-3.0700561],[104.7601891,-3.0701851],[104.7607001,-3.0703483],[104.7613389,-3.0705786],[104.762253,-3.0709639]]}},{"type":"Feature","properties":{"segmentId":"osm-gaul2-73814-12269529618-12269529616-0","regionId":"gaul2-73814","province":"Sumatera Selatan","region":"Ogan Ilir","roadName":"Unnamed OSM road","highway":"motorway_link","lengthMeters":265.18,"osmWayIds":["1326103681"],"u":"12269529618","v":"12269529616","key":0,"oneway":true,"source":"OpenStreetMap"},"geometry":{"type":"LineString","coordinates":[[104.7557467,-3.069187],[104.7563299,-3.0692974],[104.758083,-3.0696808]]}},{"type":"Feature","properties":{"segmentId":"osm-gaul2-73814-13447642819-13447642820-0","regionId":"gaul2-73814","province":"Sumatera Selatan","region":"Ogan Ilir","roadName":"Unnamed OSM road","highway":"trunk_link","lengthMeters":8.489,"osmWayIds":["1466163716"],"u":"13447642819","v":"13447642820","key":0,"oneway":false,"source":"OpenStreetMap"},"geometry":{"type":"LineString","coordinates":[[104.7270419,-3.0868202],[104.7271141,-3.0868453]]}},{"type":"Feature","properties":{"segmentId":"osm-gaul2-73814-13447642819-7554113344-0","regionId":"gaul2-73814","province":"Sumatera Selatan","region":"Ogan Ilir","roadName":"Jalan Lintas Timur Palembang-Prabumulih","highway":"trunk","lengthMeters":2047.989,"osmWayIds":["1499822006","1499822007","543977025","564551101"],"u":"13447642819","v":"7554113344","key":0,"oneway":true,"source":"OpenStreetMap"},"geometry":{"type":"LineString","coordinates":[[104.7270419,-3.0868202],[104.7271864,-3.0864095],[104.7272059,-3.0862882],[104.727262,-3.0859392],[104.7273474,-3.0849074],[104.7273644,-3.0841701],[104.7272734,-3.0837063],[104.7271822,-3.0833823],[104.7269583,-3.0826618],[104.7268952,-3.0824475],[104.726855,-3.0822158],[104.7268094,-3.0818904],[104.7268054,-3.0816802],[104.7268121,-3.0813708],[104.726951,-3.0799042],[104.7269543,-3.0798696],[104.7269727,-3.0796585],[104.727032,-3.0789764],[104.7270481,-3.0787608],[104.7270642,-3.0786711],[104.7271608,-3.0781675],[104.727216,-3.0779251],[104.7274357,-3.076961],[104.7275604,-3.0763945],[104.7278997,-3.0748638],[104.727944,-3.0746549],[104.728034,-3.0744055],[104.7281478,-3.0741956],[104.7282176,-3.0740804],[104.728404,-3.0738688],[104.7286333,-3.07368],[104.7288245,-3.0735779],[104.730198,-3.0730794],[104.7304746,-3.0729541],[104.7306436,-3.0728631],[104.7309234,-3.0727176],[104.7312059,-3.0725632],[104.7313517,-3.0724618],[104.7314832,-3.0723247],[104.7315972,-3.0721841],[104.7316857,-3.0719591],[104.7317272,-3.0718252],[104.7317508,-3.0717102],[104.7319321,-3.0707592]]}},{"type":"Feature","properties":{"segmentId":"osm-gaul2-73814-13447642820-13447642819-0","regionId":"gaul2-73814","province":"Sumatera Selatan","region":"Ogan Ilir","roadName":"Unnamed OSM road","highway":"trunk_link","lengthMeters":8.489,"osmWayIds":["1466163716"],"u":"13447642820","v":"13447642819","key":0,"oneway":false,"source":"OpenStreetMap"},"geometry":{"type":"LineString","coordinates":[[104.7271141,-3.0868453],[104.7270419,-3.0868202]]}},{"type":"Feature","properties":{"segmentId":"osm-gaul2-73814-13447642820-5439133598-0","regionId":"gaul2-73814","province":"Sumatera Selatan","region":"Ogan Ilir","roadName":"Jalan Lintas Timur Palembang-Prabumulih","highway":"trunk","lengthMeters":374.835,"osmWayIds":["43112883"],"u":"13447642820","v":"5439133598","key":0,"oneway":true,"source":"OpenStreetMap"},"geometry":{"type":"LineString","coordinates":[[104.7271141,-3.0868453],[104.7270376,-3.0870626],[104.7268316,-3.0876368],[104.7265398,-3.0881854],[104.7264547,-3.0883525],[104.7262737,-3.0887082],[104.7258102,-3.089291],[104.7254198,-3.0897189]]}},{"type":"Feature","properties":{"segmentId":"osm-gaul2-73814-1367824856-5698206404-0","regionId":"gaul2-73814","province":"Sumatera Selatan","region":"Ogan Ilir","roadName":"Unnamed OSM road","highway":"tertiary","lengthMeters":8.267,"osmWayIds":["599088680"],"u":"1367824856","v":"5698206404","key":0,"oneway":false,"source":"OpenStreetMap"},"geometry":{"type":"LineString","coordinates":[[104.7861572,-3.0438224],[104.786092,-3.0437865]]}},{"type":"Feature","properties":{"segmentId":"osm-gaul2-73814-13751808420-12055392297-0","regionId":"gaul2-73814","province":"Sumatera Selatan","region":"Ogan Ilir","roadName":"Jalan Tol Indralaya–Muara Enim","highway":"motorway","lengthMeters":5483.7,"osmWayIds":["1301538545","1301538546","1316154331"],"u":"13751808420","v":"12055392297","key":0,"oneway":true,"source":"OpenStreetMap"},"geometry":{"type":"LineString","coordinates":[[104.4226688,-3.4773342],[104.4377892,-3.4582297],[104.439359,-3.4564142],[104.4408953,-3.455073],[104.4479253,-3.4494626],[104.4481035,-3.4493204],[104.4499129,-3.4478763],[104.4569778,-3.4422699]]}},{"type":"Feature","properties":{"segmentId":"osm-gaul2-73814-13973982808-13447642819-0","regionId":"gaul2-73814","province":"Sumatera Selatan","region":"Ogan Ilir","roadName":"Jalan Lintas Timur Palembang-Prabumulih","highway":"trunk","lengthMeters":2156.56,"osmWayIds":["564551101"],"u":"13973982808","v":"13447642819","key":0,"oneway":true,"source":"OpenStreetMap"},"geometry":{"type":"LineString","coordinates":[[104.7117223,-3.0977658],[104.7119674,-3.0975009],[104.7123349,-3.0972184],[104.7136653,-3.0965515],[104.7140984,-3.0964028],[104.7152153,-3.0961071],[104.7155674,-3.0960113],[104.7159804,-3.0958618],[104.7176979,-3.095106],[104.7184848,-3.0947059],[104.7206546,-3.0935197],[104.7209573,-3.0933248],[104.7215005,-3.0929951],[104.7232352,-3.0917521],[104.7237262,-3.0913167],[104.7244304,-3.0906072],[104.7253493,-3.0896672],[104.7257524,-3.089241],[104.726209,-3.0886667],[104.7264719,-3.0881502],[104.7267615,-3.0876059],[104.7269655,-3.0870371],[104.7270419,-3.0868202]]}},{"type":"Feature","properties":{"segmentId":"osm-gaul2-73814-13973982808-13973982809-0","regionId":"gaul2-73814","province":"Sumatera Selatan","region":"Ogan Ilir","roadName":"Unnamed OSM road","highway":"trunk_link","lengthMeters":8.363,"osmWayIds":["1533435584"],"u":"13973982808","v":"13973982809","key":0,"oneway":false,"source":"OpenStreetMap"},"geometry":{"type":"LineString","coordinates":[[104.7117223,-3.0977658],[104.7117791,-3.0978152]]}},{"type":"Feature","properties":{"segmentId":"osm-gaul2-73814-13973982809-13973982808-0","regionId":"gaul2-73814","province":"Sumatera Selatan","region":"Ogan Ilir","roadName":"Unnamed OSM road","highway":"trunk_link","lengthMeters":8.363,"osmWayIds":["1533435584"],"u":"13973982809","v":"13973982808","key":0,"oneway":false,"source":"OpenStreetMap"},"geometry":{"type":"LineString","coordinates":[[104.7117791,-3.0978152],[104.7117223,-3.0977658]]}},{"type":"Feature","properties":{"segmentId":"osm-gaul2-73814-13973982809-7716582506-0","regionId":"gaul2-73814","province":"Sumatera Selatan","region":"Ogan Ilir","roadName":"Jalan Lintas Timur Palembang-Prabumulih","highway":"trunk","lengthMeters":260.424,"osmWayIds":["43112883"],"u":"13973982809","v":"7716582506","key":0,"oneway":true,"source":"OpenStreetMap"},"geometry":{"type":"LineString","coordinates":[[104.7117791,-3.0978152],[104.7112558,-3.0983967],[104.7108287,-3.0988268],[104.7101249,-3.0994728]]}},{"type":"Feature","properties":{"segmentId":"osm-gaul2-73814-1801777420-6546723462-0","regionId":"gaul2-73814","province":"Sumatera Selatan","region":"Ogan Ilir","roadName":"Jalan Lintas Timur Palembang-Prabumulih","highway":"trunk","lengthMeters":4641.414,"osmWayIds":["43112884","43112916","43112923","806059218","828121028"],"u":"1801777420","v":"6546723462","key":0,"oneway":false,"source":"OpenStreetMap"},"geometry":{"type":"LineString","coordinates":[[104.6987593,-3.1407847],[104.69953,-3.1402161],[104.6995997,-3.1401412],[104.6996722,-3.1400394],[104.6998384,-3.1397903],[104.6999243,-3.1395895],[104.6999913,-3.1393216],[104.7001046,-3.1386805],[104.7001523,-3.1378808],[104.7000968,-3.1375623],[104.7000879,-3.1375112],[104.699962,-3.1372006],[104.6992486,-3.135012],[104.6990255,-3.1346069],[104.6988098,-3.1342153],[104.6986127,-3.133451],[104.6986303,-3.1327017],[104.6987612,-3.131926],[104.6994522,-3.1278309],[104.6998121,-3.1256982],[104.7000497,-3.1242151],[104.7004509,-3.1217101],[104.7006618,-3.1203932],[104.7010924,-3.1177753],[104.7016923,-3.1141279],[104.7018205,-3.1133484],[104.7019064,-3.1128941],[104.7019993,-3.1120806],[104.7020834,-3.1113408],[104.7020741,-3.1110451],[104.7020406,-3.1108609],[104.7019783,-3.1106763],[104.701758,-3.1102287],[104.7016717,-3.1100313],[104.7015542,-3.1096358],[104.7010561,-3.1069754],[104.7010409,-3.1065276],[104.7010522,-3.1063258],[104.7011058,-3.106133],[104.7011729,-3.1060125],[104.7014074,-3.1057335],[104.7018158,-3.1053428],[104.7021828,-3.1050296],[104.7024952,-3.1047951],[104.7031809,-3.1042916],[104.7033374,-3.1041477],[104.7034996,-3.1039817],[104.7037551,-3.1036821],[104.7042025,-3.1031749],[104.7044847,-3.102897],[104.7048482,-3.1026222],[104.7053692,-3.102303],[104.7054431,-3.1022578]]}},{"type":"Feature","properties":{"segmentId":"osm-gaul2-73814-1801777420-7731026624-0","regionId":"gaul2-73814","province":"Sumatera Selatan","region":"Ogan Ilir","roadName":"Jalan Lintas Timur Palembang-Prabumulih","highway":"trunk","lengthMeters":171.172,"osmWayIds":["828121027"],"u":"1801777420","v":"7731026624","key":0,"oneway":true,"source":"OpenStreetMap"},"geometry":{"type":"LineString","coordinates":[[104.6987593,-3.1407847],[104.6985684,-3.1409661],[104.6981969,-3.1411977],[104.6979596,-3.1413209],[104.69782,-3.1413838],[104.6974272,-3.1415311]]}},{"type":"Feature","properties":{"segmentId":"osm-gaul2-73814-2060196277-4018290512-0","regionId":"gaul2-73814","province":"Sumatera Selatan","region":"Ogan Ilir","roadName":"Jalan Lintas Timur","highway":"trunk","lengthMeters":659.449,"osmWayIds":["828755186","828827490"],"u":"2060196277","v":"4018290512","key":0,"oneway":true,"source":"OpenStreetMap"},"geometry":{"type":"LineString","coordinates":[[104.6569399,-3.200357],[104.6568902,-3.2004226],[104.6568011,-3.2005699],[104.6567421,-3.2006931],[104.6566442,-3.2009341],[104.6564135,-3.2015474],[104.6563008,-3.2018259],[104.6561252,-3.2022196],[104.6559629,-3.202573],[104.6558414,-3.202823],[104.6556759,-3.2032097],[104.6555191,-3.203576],[104.6553655,-3.203935],[104.6551193,-3.2045387],[104.6550898,-3.2046231],[104.654772,-3.205859]]}},{"type":"Feature","properties":{"segmentId":"osm-gaul2-73814-2060196277-7690523590-0","regionId":"gaul2-73814","province":"Sumatera Selatan","region":"Ogan Ilir","roadName":"Jalan Lintas Timur Palembang-Prabumulih","highway":"trunk","lengthMeters":1405.433,"osmWayIds":["828755187"],"u":"2060196277","v":"7690523590","key":0,"oneway":false,"source":"OpenStreetMap"},"geometry":{"type":"LineString","coordinates":[[104.6569399,-3.200357],[104.657084,-3.200237],[104.6579653,-3.1995027],[104.6581905,-3.1993501],[104.6583125,-3.1992617],[104.6584345,-3.199184],[104.6587256,-3.1990675],[104.6588396,-3.199034],[104.6590099,-3.1989872],[104.6597569,-3.1988493],[104.6605495,-3.1987221],[104.6607158,-3.1987033],[104.6608901,-3.1986913],[104.661279,-3.1986591],[104.6618704,-3.198627],[104.662309,-3.1986096],[104.6628816,-3.1985908],[104.6633752,-3.1985908],[104.6634938,-3.1985882],[104.6636145,-3.1985995],[104.6637648,-3.1986257],[104.663876,-3.1986551],[104.6639433,-3.1986766],[104.6641342,-3.1987375],[104.6648611,-3.1989296],[104.6650046,-3.1989724],[104.6651267,-3.1989966],[104.6652339,-3.1990032],[104.665356,-3.1990073],[104.6655411,-3.1989805],[104.6657127,-3.1989242],[104.6658321,-3.198856],[104.6659447,-3.1987743],[104.6660601,-3.1986872],[104.6662197,-3.1985614],[104.6663551,-3.1984529],[104.6664892,-3.1983217],[104.6665978,-3.1982132],[104.6667174,-3.1980666],[104.6669412,-3.1977901],[104.667035,-3.1976602],[104.6671343,-3.1975009],[104.6673363,-3.197166],[104.667457,-3.1969689],[104.6674976,-3.1969027],[104.6676736,-3.1966333],[104.6678433,-3.196391]]}},{"type":"Feature","properties":{"segmentId":"osm-gaul2-73814-2060196467-5305671774-0","regionId":"gaul2-73814","province":"Sumatera Selatan","region":"Ogan Ilir","roadName":"Jalan Lintas Timur","highway":"trunk","lengthMeters":144.986,"osmWayIds":["824093156","824093157","824093158"],"u":"2060196467","v":"5305671774","key":0,"oneway":true,"source":"OpenStreetMap"},"geometry":{"type":"LineString","coordinates":[[104.7976262,-3.3521461],[104.7976857,-3.3521261],[104.7977745,-3.3520963],[104.7978069,-3.3520925],[104.7979275,-3.3520879],[104.7980314,-3.3521013],[104.7983694,-3.352278],[104.7984029,-3.3522994],[104.7984331,-3.3523295],[104.7985283,-3.352444],[104.7985907,-3.3525652],[104.7986061,-3.3526073],[104.798643,-3.352697]]}},{"type":"Feature","properties":{"segmentId":"osm-gaul2-73814-2060196467-7668600118-0","regionId":"gaul2-73814","province":"Sumatera Selatan","region":"Ogan Ilir","roadName":"Jalan Lintas Timur","highway":"trunk","lengthMeters":3945.67,"osmWayIds":["197897394","439440419","612813200","824093148","824093149","824093150","824093151","824127852","824127854","824127857"],"u":"2060196467","v":"7668600118","key":0,"oneway":false,"source":"OpenStreetMap"},"geometry":{"type":"LineString","coordinates":[[104.7976262,-3.3521461],[104.7974255,-3.3522414],[104.7973173,-3.3522941],[104.7970763,-3.3524077],[104.796811,-3.3525029],[104.7965707,-3.3525675],[104.7964771,-3.3525859],[104.7963496,-3.3526127],[104.7958016,-3.3527146],[104.7955786,-3.3527586],[104.7954498,-3.3527941],[104.7951931,-3.3528762],[104.794959,-3.3529722],[104.7947216,-3.3530826],[104.7944462,-3.353254],[104.7941355,-3.3534494],[104.7937614,-3.3536418],[104.7933482,-3.3538145],[104.7925259,-3.3541003],[104.7924203,-3.3541369],[104.7923126,-3.3541855],[104.7920918,-3.354281],[104.7918973,-3.3543453],[104.7918074,-3.3543451],[104.7916667,-3.3543069],[104.7914596,-3.3541964],[104.7912279,-3.3540223],[104.7910423,-3.3538725],[104.7909973,-3.3538081],[104.7908942,-3.3536687],[104.7908693,-3.353635],[104.790818,-3.3535644],[104.7907571,-3.3534824],[104.7903628,-3.3529435],[104.7899557,-3.3523753],[104.7897824,-3.3521657],[104.7896393,-3.3519984],[104.7895491,-3.351906],[104.7895095,-3.3518758],[104.7894407,-3.3518257],[104.7889379,-3.3516147],[104.7884504,-3.3514045],[104.7880987,-3.3512566],[104.7878236,-3.3511265],[104.7872886,-3.3508736],[104.7867471,-3.3505788],[104.7865229,-3.3504093],[104.7864161,-3.3502841],[104.7863994,-3.3502646],[104.7863372,-3.3501951],[104.7863007,-3.3501075],[104.7862507,-3.3499809],[104.7862203,-3.3498309],[104.7861898,-3.3496803],[104.7861486,-3.3493455],[104.7861432,-3.349267],[104.786101,-3.3489216],[104.7860567,-3.3485722],[104.7860098,-3.3483379],[104.7859602,-3.3481464],[104.7859304,-3.3479633],[104.7859105,-3.3477756],[104.7859198,-3.347525],[104.7859892,-3.3466075],[104.7859994,-3.3465162],[104.7860425,-3.3461312],[104.7860452,-3.3461084],[104.7860493,-3.3460729],[104.7861166,-3.3458388],[104.7863201,-3.3454167],[104.7863793,-3.3452907],[104.786427,-3.3451985],[104.786486,-3.3450673],[104.7865534,-3.3448746],[104.7865699,-3.3447939],[104.7866078,-3.3446508],[104.7866227,-3.3444928],[104.78663,-3.3443261],[104.7866206,-3.3442479],[104.7866046,-3.3441264],[104.7864881,-3.3439079],[104.7862843,-3.343635],[104.7859753,-3.343286],[104.7859371,-3.3432456],[104.7856894,-3.3429788],[104.785426,-3.3427196],[104.7850938,-3.342431],[104.7847389,-3.3421056],[104.7845091,-3.3418972],[104.7841897,-3.3416261],[104.7841703,-3.3416058],[104.7839943,-3.3414214],[104.7837925,-3.3411433],[104.7836316,-3.3408763],[104.7835203,-3.3406125],[104.7833761,-3.3403599],[104.7833105,-3.3402522],[104.7832416,-3.3401393],[104.7830905,-3.3399215],[104.7829021,-3.3396724],[104.7826425,-3.3393921],[104.782409,-3.3391792],[104.7822199,-3.3390234],[104.7817555,-3.3387068],[104.7812738,-3.338473],[104.7809982,-3.338333],[104.7806913,-3.3381333],[104.7803732,-3.337926],[104.7800883,-3.3377637],[104.7798073,-3.337669],[104.7795854,-3.3376283],[104.7792619,-3.3376181],[104.7790511,-3.3376604],[104.7789479,-3.3377069],[104.7788528,-3.337775],[104.777534,-3.339094],[104.7774852,-3.3391379],[104.7773221,-3.3392848],[104.7771095,-3.3394983],[104.7769288,-3.339677],[104.7769037,-3.3397018],[104.7766684,-3.3398807],[104.7764025,-3.3400459],[104.7761819,-3.3401814],[104.7760243,-3.3402646],[104.7759133,-3.3403217],[104.7756907,-3.3404361],[104.7755066,-3.3404991],[104.7753356,-3.3405389],[104.7752338,-3.3405391],[104.7751175,-3.3405274],[104.7750278,-3.3405064],[104.7749685,-3.3404878],[104.7749058,-3.3404649],[104.7748243,-3.3404281],[104.7747732,-3.3404038],[104.774603,-3.340294],[104.7745399,-3.3402306]]}},{"type":"Feature","properties":{"segmentId":"osm-gaul2-73814-3113978474-3113978516-0","regionId":"gaul2-73814","province":"Sumatera Selatan","region":"Ogan Ilir","roadName":"Unnamed OSM road","highway":"tertiary","lengthMeters":3864.006,"osmWayIds":["306464805","306464806","306464807","306464808","306464809","306464810"],"u":"3113978474","v":"3113978516","key":0,"oneway":false,"source":"OpenStreetMap"},"geometry":{"type":"LineString","coordinates":[[104.4651322,-3.3938822],[104.4645659,-3.3974717],[104.4640704,-3.3980794],[104.4630369,-3.3991676],[104.4624848,-3.3999731],[104.4624565,-3.4006655],[104.4624014,-3.4007443],[104.4622583,-3.4009623],[104.4613806,-3.4016124],[104.4606869,-3.4017113],[104.4599225,-3.4018526],[104.4594836,-3.4020646],[104.4589456,-3.4023331],[104.4587616,-3.4024462],[104.4586342,-3.4026864],[104.4584218,-3.4030821],[104.4580538,-3.4034212],[104.4574875,-3.4038311],[104.4569495,-3.4044105],[104.4573601,-3.4054138],[104.4581245,-3.4068129],[104.4581387,-3.4071379],[104.4590872,-3.409074],[104.4598234,-3.409399],[104.4611966,-3.4111937],[104.4615207,-3.4119737],[104.4616481,-3.4128074],[104.4615773,-3.4137401],[104.4614216,-3.4149837],[104.4614782,-3.415549],[104.4615914,-3.4161708],[104.4619454,-3.4166512],[104.4619312,-3.41716],[104.4619029,-3.418022],[104.462002,-3.418446],[104.4621719,-3.4187568],[104.4621022,-3.419073],[104.4620568,-3.4194654],[104.4620728,-3.4197461],[104.462186,-3.4208483],[104.4621649,-3.4212603],[104.4621598,-3.4213629],[104.4621436,-3.421668],[104.4621719,-3.4220919],[104.4621806,-3.4221359],[104.4622717,-3.4223988],[104.4623179,-3.4226648],[104.4623379,-3.4228927]]}},{"type":"Feature","properties":{"segmentId":"osm-gaul2-73814-3113978516-3113978474-0","regionId":"gaul2-73814","province":"Sumatera Selatan","region":"Ogan Ilir","roadName":"Unnamed OSM road","highway":"tertiary","lengthMeters":3864.006,"osmWayIds":["306464805","306464806","306464807","306464808","306464809","306464810"],"u":"3113978516","v":"3113978474","key":0,"oneway":false,"source":"OpenStreetMap"},"geometry":{"type":"LineString","coordinates":[[104.4623379,-3.4228927],[104.4623179,-3.4226648],[104.4622717,-3.4223988],[104.4621806,-3.4221359],[104.4621719,-3.4220919],[104.4621436,-3.421668],[104.4621598,-3.4213629],[104.4621649,-3.4212603],[104.462186,-3.4208483],[104.4620728,-3.4197461],[104.4620568,-3.4194654],[104.4621022,-3.419073],[104.4621719,-3.4187568],[104.462002,-3.418446],[104.4619029,-3.418022],[104.4619312,-3.41716],[104.4619454,-3.4166512],[104.4615914,-3.4161708],[104.4614782,-3.415549],[104.4614216,-3.4149837],[104.4615773,-3.4137401],[104.4616481,-3.4128074],[104.4615207,-3.4119737],[104.4611966,-3.4111937],[104.4598234,-3.409399],[104.4590872,-3.409074],[104.4581387,-3.4071379],[104.4581245,-3.4068129],[104.4573601,-3.4054138],[104.4569495,-3.4044105],[104.4574875,-3.4038311],[104.4580538,-3.4034212],[104.4584218,-3.4030821],[104.4586342,-3.4026864],[104.4587616,-3.4024462],[104.4589456,-3.4023331],[104.4594836,-3.4020646],[104.4599225,-3.4018526],[104.4606869,-3.4017113],[104.4613806,-3.4016124],[104.4622583,-3.4009623],[104.4624014,-3.4007443],[104.4624565,-3.4006655],[104.4624848,-3.3999731],[104.4630369,-3.3991676],[104.4640704,-3.3980794],[104.4645659,-3.3974717],[104.4651322,-3.3938822]]}},{"type":"Feature","properties":{"segmentId":"osm-gaul2-73814-3113978516-3114050401-0","regionId":"gaul2-73814","province":"Sumatera Selatan","region":"Ogan Ilir","roadName":"Unnamed OSM road","highway":"tertiary","lengthMeters":3893.693,"osmWayIds":["306464811","306464967","306464968","306464969","306466876"],"u":"3113978516","v":"3114050401","key":0,"oneway":false,"source":"OpenStreetMap"},"geometry":{"type":"LineString","coordinates":[[104.4623379,-3.4228927],[104.4613892,-3.4229339],[104.4612727,-3.4229352],[104.4604463,-3.422971],[104.4594467,-3.4230322],[104.4591552,-3.4230817],[104.4589315,-3.4230925],[104.4570973,-3.4233688],[104.4553927,-3.4236686],[104.4542447,-3.4239149],[104.4529036,-3.4242469],[104.4522063,-3.4244076],[104.4516778,-3.4244799],[104.4506211,-3.4246405],[104.4487247,-3.4248053],[104.4469089,-3.4249993],[104.4454256,-3.4254678],[104.4434086,-3.4260569],[104.4427788,-3.4263396],[104.4409409,-3.4269218],[104.4373004,-3.4279979],[104.4351974,-3.4288799],[104.4286414,-3.4316564]]}},{"type":"Feature","properties":{"segmentId":"osm-gaul2-73814-3113978516-5861481739-0","regionId":"gaul2-73814","province":"Sumatera Selatan","region":"Ogan Ilir","roadName":"Unnamed OSM road","highway":"tertiary","lengthMeters":7169.214,"osmWayIds":["306464811","306464812","306464813","306464814","306464815","620396016"],"u":"3113978516","v":"5861481739","key":0,"oneway":false,"source":"OpenStreetMap"},"geometry":{"type":"LineString","coordinates":[[104.4623379,-3.4228927],[104.4624643,-3.4228875],[104.4633109,-3.4228197],[104.4637738,-3.4227866],[104.4645252,-3.4227236],[104.4646006,-3.4227151],[104.4658813,-3.4226213],[104.4660279,-3.4226149],[104.4672007,-3.4225145],[104.4698249,-3.4222861],[104.4761867,-3.421675],[104.4806724,-3.4212194],[104.4822101,-3.4211346],[104.4823793,-3.4211546],[104.4825146,-3.4211629],[104.484069,-3.4212584],[104.4844519,-3.4212733],[104.4848834,-3.4212983],[104.485035,-3.4213078],[104.4851375,-3.4213197],[104.4859419,-3.4213447],[104.4866716,-3.4213653],[104.4875635,-3.4213042],[104.4877087,-3.4213139],[104.4880874,-3.4212871],[104.4884182,-3.4212569],[104.489063,-3.421216],[104.4901173,-3.4211606],[104.4908569,-3.4211641],[104.4922566,-3.4211144],[104.4966023,-3.4209846],[104.5003118,-3.4209304],[104.5008639,-3.4209304],[104.5041341,-3.420888],[104.5046066,-3.420845],[104.504951,-3.4208171],[104.5052591,-3.4208083],[104.5059378,-3.4208049],[104.5067626,-3.4207938],[104.5072651,-3.4207908],[104.5074614,-3.420791],[104.5078732,-3.4207973],[104.5081659,-3.420776],[104.5089887,-3.4207772],[104.5100029,-3.420774],[104.5106095,-3.4207772],[104.5113419,-3.420774],[104.5122923,-3.4207731],[104.5129831,-3.420768],[104.513609,-3.420768],[104.5142884,-3.4207697],[104.5148002,-3.4207777],[104.5154531,-3.4207838],[104.5156567,-3.4207932],[104.5164838,-3.4208134],[104.5170155,-3.4208387],[104.5176344,-3.4208677],[104.5180455,-3.4208772],[104.5185208,-3.4209024],[104.5191897,-3.4209151],[104.5197215,-3.420933],[104.520252,-3.4209689],[104.5207533,-3.4209731],[104.5213206,-3.4209553],[104.5219005,-3.4209187],[104.5223522,-3.4208506],[104.5227393,-3.4207723],[104.5230561,-3.4207145],[104.5235201,-3.4205811],[104.5239288,-3.4204961],[104.5244818,-3.4203532],[104.5247889,-3.4202738],[104.5249977,-3.4202171],[104.5250312,-3.420208],[104.5253236,-3.4201328],[104.5256332,-3.420044],[104.526089,-3.4199215],[104.5263491,-3.4198331],[104.5266612,-3.4197137]]}},{"type":"Feature","properties":{"segmentId":"osm-gaul2-73814-3114050401-3113978516-0","regionId":"gaul2-73814","province":"Sumatera Selatan","region":"Ogan Ilir","roadName":"Unnamed OSM road","highway":"tertiary","lengthMeters":3893.693,"osmWayIds":["306464811","306464967","306464968","306464969","306466876"],"u":"3114050401","v":"3113978516","key":0,"oneway":false,"source":"OpenStreetMap"},"geometry":{"type":"LineString","coordinates":[[104.4286414,-3.4316564],[104.4351974,-3.4288799],[104.4373004,-3.4279979],[104.4409409,-3.4269218],[104.4427788,-3.4263396],[104.4434086,-3.4260569],[104.4454256,-3.4254678],[104.4469089,-3.4249993],[104.4487247,-3.4248053],[104.4506211,-3.4246405],[104.4516778,-3.4244799],[104.4522063,-3.4244076],[104.4529036,-3.4242469],[104.4542447,-3.4239149],[104.4553927,-3.4236686],[104.4570973,-3.4233688],[104.4589315,-3.4230925],[104.4591552,-3.4230817],[104.4594467,-3.4230322],[104.4604463,-3.422971],[104.4612727,-3.4229352],[104.4613892,-3.4229339],[104.4623379,-3.4228927]]}},{"type":"Feature","properties":{"segmentId":"osm-gaul2-73814-3665931776-6543875424-0","regionId":"gaul2-73814","province":"Sumatera Selatan","region":"Ogan Ilir","roadName":"Jalan Lintas Timur","highway":"trunk","lengthMeters":32.734,"osmWayIds":["439440551"],"u":"3665931776","v":"6543875424","key":0,"oneway":false,"source":"OpenStreetMap"},"geometry":{"type":"LineString","coordinates":[[104.679038,-3.2569357],[104.6791411,-3.2572115]]}},{"type":"Feature","properties":{"segmentId":"osm-gaul2-73814-3665931776-6543875425-0","regionId":"gaul2-73814","province":"Sumatera Selatan","region":"Ogan Ilir","roadName":"Jalan Lintas Timur","highway":"trunk","lengthMeters":23.469,"osmWayIds":["439440551"],"u":"3665931776","v":"6543875425","key":0,"oneway":false,"source":"OpenStreetMap"},"geometry":{"type":"LineString","coordinates":[[104.679038,-3.2569357],[104.6789687,-3.2567363]]}},{"type":"Feature","properties":{"segmentId":"osm-gaul2-73814-3665931776-6543875426-0","regionId":"gaul2-73814","province":"Sumatera Selatan","region":"Ogan Ilir","roadName":"Unnamed OSM road","highway":"tertiary","lengthMeters":59.706,"osmWayIds":["814097701"],"u":"3665931776","v":"6543875426","key":0,"oneway":false,"source":"OpenStreetMap"},"geometry":{"type":"LineString","coordinates":[[104.679038,-3.2569357],[104.6786993,-3.2569706],[104.6785034,-3.2569942]]}},{"type":"Feature","properties":{"segmentId":"osm-gaul2-73814-3922920989-3922921035-0","regionId":"gaul2-73814","province":"Sumatera Selatan","region":"Ogan Ilir","roadName":"Jalan Lintas Timur","highway":"trunk","lengthMeters":261.892,"osmWayIds":["612813200"],"u":"3922920989","v":"3922921035","key":0,"oneway":false,"source":"OpenStreetMap"},"geometry":{"type":"LineString","coordinates":[[104.7742416,-3.3375992],[104.774262,-3.337895],[104.7742684,-3.3379874],[104.7742725,-3.3380584],[104.7742859,-3.338287],[104.7742908,-3.3383774],[104.7743019,-3.3385805],[104.7743174,-3.338865],[104.7743496,-3.3392941],[104.7743677,-3.3396114],[104.7743837,-3.3398835],[104.7743925,-3.3399494]]}},{"type":"Feature","properties":{"segmentId":"osm-gaul2-73814-3922920989-3922930523-0","regionId":"gaul2-73814","province":"Sumatera Selatan","region":"Ogan Ilir","roadName":"Unnamed OSM road","highway":"tertiary","lengthMeters":1152.297,"osmWayIds":["389129396","389130892","549249884"],"u":"3922920989","v":"3922930523","key":0,"oneway":false,"source":"OpenStreetMap"},"geometry":{"type":"LineString","coordinates":[[104.7742416,-3.3375992],[104.7740471,-3.3375952],[104.7737622,-3.3375976],[104.7736227,-3.3376022],[104.7734709,-3.3376147],[104.7734388,-3.3376184],[104.7734046,-3.3376305],[104.7733747,-3.3376512],[104.7733374,-3.3376855],[104.7732713,-3.3377511],[104.7731312,-3.3378589],[104.7730587,-3.3378997],[104.7729806,-3.3379285],[104.7728921,-3.3379697],[104.7727868,-3.3380179],[104.7726665,-3.3380872],[104.772575,-3.3381663],[104.7725334,-3.3382023],[104.772475,-3.3382639],[104.7723925,-3.3383566],[104.7723389,-3.3384249],[104.7722011,-3.3385919],[104.7720723,-3.3387498],[104.7717404,-3.3385919],[104.771328,-3.3383469],[104.7709261,-3.3381203],[104.7708711,-3.3380822],[104.7708442,-3.3380567],[104.770829,-3.3380408],[104.7708188,-3.3380239],[104.7708151,-3.3380095],[104.7708154,-3.3379901],[104.7708181,-3.3379734],[104.7708295,-3.3379506],[104.7708466,-3.3379215],[104.7709639,-3.3376969],[104.7710766,-3.3374727],[104.7712328,-3.3371786],[104.7713113,-3.3370349],[104.7713736,-3.3369036],[104.7714172,-3.3368531],[104.7714688,-3.3368086],[104.7715766,-3.3367141],[104.771674,-3.3366412],[104.771784,-3.3365656],[104.7720052,-3.3364041],[104.7722152,-3.3362389],[104.7724293,-3.3360809],[104.7725596,-3.3359576],[104.7726296,-3.3358747],[104.7726846,-3.3358011],[104.7727255,-3.3357462],[104.7728092,-3.3356162],[104.7728547,-3.3355506],[104.7730292,-3.335292],[104.7731727,-3.3350701],[104.7732965,-3.3348647],[104.7734476,-3.3346283],[104.773672,-3.3342542],[104.7738359,-3.3340104],[104.7740623,-3.3336651],[104.7744903,-3.3330009]]}},{"type":"Feature","properties":{"segmentId":"osm-gaul2-73814-3922920989-3922930523-1","regionId":"gaul2-73814","province":"Sumatera Selatan","region":"Ogan Ilir","roadName":"Jalan Lintas Timur","highway":"trunk","lengthMeters":521.782,"osmWayIds":["612813200"],"u":"3922920989","v":"3922930523","key":1,"oneway":false,"source":"OpenStreetMap"},"geometry":{"type":"LineString","coordinates":[[104.7742416,-3.3375992],[104.7742335,-3.3372912],[104.7742378,-3.3371503],[104.7742441,-3.3369431],[104.7742519,-3.3368316],[104.7742684,-3.336595],[104.7742859,-3.3363802],[104.7743066,-3.3362175],[104.7743304,-3.3360916],[104.7743764,-3.3358025],[104.7744119,-3.3355655],[104.7744528,-3.3353185],[104.774481,-3.3350748],[104.7745146,-3.3348124],[104.7745333,-3.334645],[104.7745675,-3.3342708],[104.774588,-3.3340561],[104.7746124,-3.3338692],[104.7746434,-3.3335587],[104.774652,-3.3334602],[104.7746667,-3.3333019],[104.774664,-3.3332406],[104.7746516,-3.3331854],[104.7746366,-3.3331415],[104.7746124,-3.333104],[104.7745638,-3.3330582],[104.7744903,-3.3330009]]}},{"type":"Feature","properties":{"segmentId":"osm-gaul2-73814-3922921035-3922920989-0","regionId":"gaul2-73814","province":"Sumatera Selatan","region":"Ogan Ilir","roadName":"Jalan Lintas Timur","highway":"trunk","lengthMeters":261.892,"osmWayIds":["612813200"],"u":"3922921035","v":"3922920989","key":0,"oneway":false,"source":"OpenStreetMap"},"geometry":{"type":"LineString","coordinates":[[104.7743925,-3.3399494],[104.7743837,-3.3398835],[104.7743677,-3.3396114],[104.7743496,-3.3392941],[104.7743174,-3.338865],[104.7743019,-3.3385805],[104.7742908,-3.3383774],[104.7742859,-3.338287],[104.7742725,-3.3380584],[104.7742684,-3.3379874],[104.774262,-3.337895],[104.7742416,-3.3375992]]}},{"type":"Feature","properties":{"segmentId":"osm-gaul2-73814-3922921035-7668600118-0","regionId":"gaul2-73814","province":"Sumatera Selatan","region":"Ogan Ilir","roadName":"Jalan Lintas Timur","highway":"trunk","lengthMeters":35.661,"osmWayIds":["612813200"],"u":"3922921035","v":"7668600118","key":0,"oneway":false,"source":"OpenStreetMap"},"geometry":{"type":"LineString","coordinates":[[104.7743925,-3.3399494],[104.7744221,-3.340045],[104.7744532,-3.3401076],[104.7744905,-3.3401696],[104.7745399,-3.3402306]]}},{"type":"Feature","properties":{"segmentId":"osm-gaul2-73814-3922921035-7668600126-0","regionId":"gaul2-73814","province":"Sumatera Selatan","region":"Ogan Ilir","roadName":"SM. Badaruddin 2","highway":"tertiary","lengthMeters":35.983,"osmWayIds":["389130908"],"u":"3922921035","v":"7668600126","key":0,"oneway":false,"source":"OpenStreetMap"},"geometry":{"type":"LineString","coordinates":[[104.7743925,-3.3399494],[104.7743107,-3.3400776],[104.7742703,-3.3402444]]}},{"type":"Feature","properties":{"segmentId":"osm-gaul2-73814-3922930523-3922920989-0","regionId":"gaul2-73814","province":"Sumatera Selatan","region":"Ogan Ilir","roadName":"Unnamed OSM road","highway":"tertiary","lengthMeters":1152.297,"osmWayIds":["389129396","389130892","549249884"],"u":"3922930523","v":"3922920989","key":0,"oneway":false,"source":"OpenStreetMap"},"geometry":{"type":"LineString","coordinates":[[104.7744903,-3.3330009],[104.7740623,-3.3336651],[104.7738359,-3.3340104],[104.773672,-3.3342542],[104.7734476,-3.3346283],[104.7732965,-3.3348647],[104.7731727,-3.3350701],[104.7730292,-3.335292],[104.7728547,-3.3355506],[104.7728092,-3.3356162],[104.7727255,-3.3357462],[104.7726846,-3.3358011],[104.7726296,-3.3358747],[104.7725596,-3.3359576],[104.7724293,-3.3360809],[104.7722152,-3.3362389],[104.7720052,-3.3364041],[104.771784,-3.3365656],[104.771674,-3.3366412],[104.7715766,-3.3367141],[104.7714688,-3.3368086],[104.7714172,-3.3368531],[104.7713736,-3.3369036],[104.7713113,-3.3370349],[104.7712328,-3.3371786],[104.7710766,-3.3374727],[104.7709639,-3.3376969],[104.7708466,-3.3379215],[104.7708295,-3.3379506],[104.7708181,-3.3379734],[104.7708154,-3.3379901],[104.7708151,-3.3380095],[104.7708188,-3.3380239],[104.770829,-3.3380408],[104.7708442,-3.3380567],[104.7708711,-3.3380822],[104.7709261,-3.3381203],[104.771328,-3.3383469],[104.7717404,-3.3385919],[104.7720723,-3.3387498],[104.7722011,-3.3385919],[104.7723389,-3.3384249],[104.7723925,-3.3383566],[104.772475,-3.3382639],[104.7725334,-3.3382023],[104.772575,-3.3381663],[104.7726665,-3.3380872],[104.7727868,-3.3380179],[104.7728921,-3.3379697],[104.7729806,-3.3379285],[104.7730587,-3.3378997],[104.7731312,-3.3378589],[104.7732713,-3.3377511],[104.7733374,-3.3376855],[104.7733747,-3.3376512],[104.7734046,-3.3376305],[104.7734388,-3.3376184],[104.7734709,-3.3376147],[104.7736227,-3.3376022],[104.7737622,-3.3375976],[104.7740471,-3.3375952],[104.7742416,-3.3375992]]}},{"type":"Feature","properties":{"segmentId":"osm-gaul2-73814-3922930523-3922920989-1","regionId":"gaul2-73814","province":"Sumatera Selatan","region":"Ogan Ilir","roadName":"Jalan Lintas Timur","highway":"trunk","lengthMeters":521.782,"osmWayIds":["612813200"],"u":"3922930523","v":"3922920989","key":1,"oneway":false,"source":"OpenStreetMap"},"geometry":{"type":"LineString","coordinates":[[104.7744903,-3.3330009],[104.7745638,-3.3330582],[104.7746124,-3.333104],[104.7746366,-3.3331415],[104.7746516,-3.3331854],[104.774664,-3.3332406],[104.7746667,-3.3333019],[104.774652,-3.3334602],[104.7746434,-3.3335587],[104.7746124,-3.3338692],[104.774588,-3.3340561],[104.7745675,-3.3342708],[104.7745333,-3.334645],[104.7745146,-3.3348124],[104.774481,-3.3350748],[104.7744528,-3.3353185],[104.7744119,-3.3355655],[104.7743764,-3.3358025],[104.7743304,-3.3360916],[104.7743066,-3.3362175],[104.7742859,-3.3363802],[104.7742684,-3.336595],[104.7742519,-3.3368316],[104.7742441,-3.3369431],[104.7742378,-3.3371503],[104.7742335,-3.3372912],[104.7742416,-3.3375992]]}},{"type":"Feature","properties":{"segmentId":"osm-gaul2-73814-3922930523-5311679671-0","regionId":"gaul2-73814","province":"Sumatera Selatan","region":"Ogan Ilir","roadName":"Jalan Lintas Timur","highway":"trunk","lengthMeters":11873.52,"osmWayIds":["197897359","439440551","439440552","612813199","612813200","814918442","825151856","825151857"],"u":"3922930523","v":"5311679671","key":0,"oneway":false,"source":"OpenStreetMap"},"geometry":{"type":"LineString","coordinates":[[104.7744903,-3.3330009],[104.7743998,-3.3329253],[104.774259,-3.3328262],[104.7740793,-3.3327051],[104.7735591,-3.3323499],[104.7734937,-3.332304],[104.7732968,-3.3321608],[104.7729793,-3.331956],[104.7727872,-3.3318174],[104.7725526,-3.3316673],[104.7724412,-3.3315912],[104.7722232,-3.3314412],[104.7720236,-3.331316],[104.7718645,-3.3312203],[104.7716439,-3.3311031],[104.7714439,-3.3309994],[104.7711323,-3.3308874],[104.770804,-3.3307624],[104.7706045,-3.3306878],[104.7704969,-3.330652],[104.7702169,-3.3305495],[104.7699313,-3.3304391],[104.7696503,-3.3303408],[104.76949,-3.3302835],[104.7694478,-3.3302684],[104.7692051,-3.3301649],[104.7691518,-3.3301369],[104.7689688,-3.3300406],[104.7688711,-3.3299825],[104.7687689,-3.3299206],[104.7686747,-3.3298641],[104.7685084,-3.3297469],[104.7683519,-3.3296337],[104.7682965,-3.3295936],[104.7681857,-3.3295097],[104.7680853,-3.3294336],[104.7679496,-3.3293304],[104.7677721,-3.3291752],[104.7676454,-3.3290467],[104.7674898,-3.3288606],[104.7673235,-3.3286745],[104.7670788,-3.3284161],[104.7669656,-3.3283055],[104.7668273,-3.3281704],[104.7667123,-3.3280558],[104.766553,-3.3278933],[104.7664564,-3.3277798],[104.7663359,-3.3276602],[104.7661413,-3.3274669],[104.7660139,-3.3273269],[104.7658934,-3.3271977],[104.7656484,-3.3269583],[104.7656147,-3.3269259],[104.7652944,-3.3266413],[104.7649673,-3.326367],[104.7649563,-3.3263577],[104.7645541,-3.3260045],[104.7644979,-3.3259551],[104.7640423,-3.325543],[104.7639234,-3.3254316],[104.7636767,-3.3251829],[104.7636514,-3.3251545],[104.7636318,-3.3251312],[104.7634439,-3.3249081],[104.7632653,-3.3246692],[104.7630456,-3.3243561],[104.7629896,-3.3242761],[104.7629035,-3.3241358],[104.7627967,-3.3239634],[104.7627153,-3.3238345],[104.7626438,-3.3237214],[104.7625397,-3.3235866],[104.7623528,-3.3233868],[104.7621835,-3.3232416],[104.761977,-3.3231151],[104.7617377,-3.3229938],[104.7615594,-3.3229277],[104.7615049,-3.3229111],[104.7614165,-3.3228872],[104.7612409,-3.3228639],[104.7610346,-3.3228427],[104.7609142,-3.322833],[104.760603,-3.3228048],[104.7602815,-3.3227783],[104.7600144,-3.3227582],[104.7598274,-3.3227447],[104.7596073,-3.3227438],[104.7592893,-3.3227495],[104.75892,-3.3227754],[104.7581377,-3.3228337],[104.7577724,-3.322838],[104.7570935,-3.3228437],[104.7569306,-3.3228331],[104.7567756,-3.3228058],[104.7565548,-3.3227602],[104.7564448,-3.3227324],[104.7562269,-3.3226779],[104.755959,-3.3226296],[104.7556271,-3.3225646],[104.7552255,-3.3224714],[104.7548266,-3.3223917],[104.7542696,-3.3222931],[104.7539852,-3.3222588],[104.7537636,-3.3222289],[104.7534548,-3.3222063],[104.7533662,-3.3222039],[104.7531459,-3.3222046],[104.7529683,-3.3222115],[104.7527601,-3.3222275],[104.7526204,-3.3222489],[104.7525375,-3.3222683],[104.7523012,-3.3223324],[104.7521515,-3.3223817],[104.7519241,-3.3224449],[104.7518237,-3.3224797],[104.7516423,-3.3225153],[104.7514625,-3.3225214],[104.7513143,-3.3225115],[104.7511735,-3.3224863],[104.751125,-3.3224777],[104.7509471,-3.3224396],[104.750912,-3.3224321],[104.7507569,-3.3223813],[104.7505349,-3.3223234],[104.7503096,-3.3222561],[104.7500662,-3.3221704],[104.7498282,-3.3221008],[104.7496223,-3.3220419],[104.7494299,-3.3219984],[104.7491093,-3.3219448],[104.7487908,-3.3218946],[104.7485903,-3.3218631],[104.7484415,-3.3218404],[104.7482557,-3.3218156],[104.7480405,-3.3218022],[104.7477293,-3.3218116],[104.7474095,-3.321835],[104.7471493,-3.3218698],[104.746861,-3.3219013],[104.7466853,-3.3219207],[104.7464104,-3.3219522],[104.7461261,-3.3219816],[104.7458873,-3.321999],[104.7456728,-3.3220352],[104.7454669,-3.3220767],[104.745192,-3.322157],[104.7448051,-3.3222574],[104.7445013,-3.3223324],[104.7443156,-3.3223545],[104.7441164,-3.3223666],[104.7439508,-3.3223585],[104.7438167,-3.3223532],[104.7437326,-3.3223483],[104.7436437,-3.3223431],[104.7434184,-3.3223063],[104.7432179,-3.3222675],[104.7430174,-3.3222293],[104.742892,-3.3222049],[104.7426244,-3.3221249],[104.742371,-3.3220646],[104.7421198,-3.321998],[104.7420419,-3.3219747],[104.7418449,-3.3219157],[104.7417165,-3.3218749],[104.7415951,-3.3218364],[104.741339,-3.3217547],[104.7411848,-3.3216924],[104.7409548,-3.3216168],[104.7408656,-3.3215827],[104.7407905,-3.3215545],[104.7405135,-3.3214294],[104.7403345,-3.3213457],[104.7401166,-3.3212205],[104.7399728,-3.3211313],[104.7399144,-3.3210829],[104.7398289,-3.321015],[104.7397042,-3.3209065],[104.7395473,-3.3207727],[104.7393421,-3.3205866],[104.7390913,-3.3203817],[104.7389686,-3.3202842],[104.7388284,-3.3201728],[104.738646,-3.320047],[104.7383778,-3.3198649],[104.7382078,-3.3197464],[104.7378294,-3.3194932],[104.7377059,-3.3194137],[104.7374141,-3.3192168],[104.7373935,-3.3192028],[104.7370556,-3.3189708],[104.7366807,-3.3187206],[104.7364366,-3.3185468],[104.7362361,-3.3183761],[104.7361959,-3.3183441],[104.73606,-3.3182361],[104.7359638,-3.3181652],[104.7357902,-3.3180287],[104.7356654,-3.3179403],[104.7355253,-3.3178299],[104.7354016,-3.3177174],[104.7352685,-3.3176036],[104.7352544,-3.3175915],[104.735127,-3.3174563],[104.734948,-3.3172588],[104.7348614,-3.3171584],[104.7347401,-3.3170078],[104.7346026,-3.3168491],[104.734492,-3.3167159],[104.7342938,-3.316487],[104.7341289,-3.3162999],[104.7340179,-3.3161569],[104.7338442,-3.3159434],[104.7336457,-3.3157332],[104.7334759,-3.3155591],[104.7332679,-3.3153764],[104.7331006,-3.3152325],[104.7329116,-3.3150731],[104.7327516,-3.3149382],[104.7326081,-3.3148171],[104.7324005,-3.314634],[104.7322204,-3.3144781],[104.7321571,-3.3144272],[104.732073,-3.3143545],[104.731912,-3.3142203],[104.7317739,-3.3140961],[104.7316126,-3.3139438],[104.7314305,-3.3137692],[104.7312339,-3.3135881],[104.7311449,-3.3135037],[104.7310221,-3.313386],[104.730993,-3.3133581],[104.7308013,-3.31318],[104.7307281,-3.3131091],[104.7306242,-3.3130086],[104.7304284,-3.3128265],[104.7303218,-3.3127375],[104.7302025,-3.3126471],[104.7300925,-3.3125735],[104.7298578,-3.3124249],[104.729497,-3.3122046],[104.7292302,-3.3120473],[104.7289485,-3.3118692],[104.7287745,-3.3117451],[104.7286106,-3.3116189],[104.7284644,-3.3114924],[104.728284,-3.311331],[104.7281325,-3.3111988],[104.7280024,-3.3110699],[104.7278488,-3.3109213],[104.7276557,-3.31075],[104.7274525,-3.3105605],[104.7272728,-3.3103731],[104.727197,-3.3102773],[104.7270743,-3.3101314],[104.7269939,-3.3100109],[104.7268718,-3.3098395],[104.7267525,-3.3096782],[104.7265882,-3.309482],[104.7263964,-3.3092317],[104.7262321,-3.3090355],[104.7260967,-3.3088715],[104.7259424,-3.3087082],[104.7257986,-3.3085701],[104.7257815,-3.3085535],[104.7257191,-3.3084859],[104.7256199,-3.3084063],[104.7254603,-3.3082851],[104.7252605,-3.3081432],[104.725039,-3.3079958],[104.724771,-3.3078185],[104.7244686,-3.3076197],[104.7242742,-3.3074823],[104.7240589,-3.3073385],[104.7238396,-3.3071905],[104.723737,-3.3071216],[104.7230497,-3.3066992],[104.7227179,-3.3064831],[104.7223288,-3.3062299],[104.7219889,-3.3059993],[104.7217522,-3.3057988],[104.7216816,-3.3057273],[104.7216092,-3.305654],[104.7211266,-3.3052139],[104.7207255,-3.3048335],[104.7205639,-3.3046962],[104.7203388,-3.3045318],[104.7200463,-3.3043381],[104.7188607,-3.3036138],[104.7187588,-3.3035656],[104.7186301,-3.30352],[104.718092,-3.303406],[104.7167579,-3.3031719],[104.7163851,-3.3031211],[104.7161235,-3.303109],[104.7159197,-3.3031043],[104.7150926,-3.3031184],[104.7147892,-3.3031043],[104.7144572,-3.3030717],[104.7143748,-3.3030548],[104.7140569,-3.3029631],[104.7130378,-3.3024978],[104.7127668,-3.3024141],[104.7126541,-3.3023775],[104.7125575,-3.3023633],[104.7123336,-3.3023619],[104.7121391,-3.302382],[104.7117233,-3.3024517],[104.7107926,-3.3026632],[104.7100307,-3.3028184],[104.7093527,-3.3029805],[104.709179,-3.3030225],[104.708156,-3.3032764],[104.7079493,-3.3033499],[104.7077913,-3.3034209],[104.707255,-3.303737],[104.7071341,-3.3038226],[104.7066043,-3.3041869],[104.7064126,-3.3043194],[104.7062583,-3.3044532],[104.7061229,-3.3045804],[104.7060183,-3.3047143],[104.7058223,-3.3050142],[104.7057072,-3.3052258],[104.7056797,-3.3053088],[104.7056643,-3.3053784],[104.7056428,-3.3055096],[104.7055918,-3.3062487],[104.7055755,-3.3066262],[104.7055568,-3.3069073],[104.7055338,-3.3070571],[104.7054951,-3.3072394],[104.7054255,-3.3075126],[104.7053127,-3.3078633],[104.7051759,-3.3082596],[104.7050364,-3.3086345],[104.7049241,-3.3088828],[104.7048596,-3.3089947],[104.7047926,-3.3090838],[104.7047047,-3.3091862],[104.7046155,-3.3092745],[104.704398,-3.3094485],[104.7041408,-3.3096199],[104.703698,-3.3098448],[104.7034004,-3.3099884],[104.7032228,-3.3100751],[104.7030669,-3.3101433],[104.7027943,-3.3102626],[104.7027291,-3.3102828],[104.7025876,-3.3103482],[104.7023383,-3.310434],[104.702219,-3.3104514],[104.7021029,-3.3104588],[104.7020051,-3.3104586],[104.7018964,-3.3104546],[104.7016943,-3.3104272],[104.701578,-3.3103828],[104.7015186,-3.3103509],[104.7010025,-3.3100738],[104.7007178,-3.309907],[104.7004924,-3.3097705],[104.7003213,-3.3096748],[104.700144,-3.3095382],[104.6999867,-3.3093997],[104.6998686,-3.3092633],[104.6995286,-3.3088649],[104.6988997,-3.3081244],[104.6983562,-3.3074772],[104.6982103,-3.3073096],[104.6977436,-3.3067507],[104.6970731,-3.3059434],[104.6969001,-3.3057372],[104.6963834,-3.3051096],[104.6963114,-3.3050222],[104.6957857,-3.3043681],[104.695642,-3.3041913],[104.6955751,-3.3040991],[104.6954155,-3.3038828],[104.6951969,-3.3035602],[104.6950454,-3.3032696],[104.694934,-3.3029737],[104.6947058,-3.3023008],[104.6946527,-3.3020857],[104.6945851,-3.3018094],[104.6944737,-3.301127],[104.6943941,-3.300664],[104.6943074,-3.3001164],[104.6942398,-3.2991837],[104.6941686,-3.2989342],[104.694073,-3.2987503],[104.693928,-3.2985352],[104.6937735,-3.2983884],[104.6935295,-3.2982249],[104.6933607,-3.298147],[104.6930881,-3.2980388],[104.6913799,-3.297422],[104.6907354,-3.2971715],[104.6903785,-3.2970216],[104.690185,-3.296934]]}},{"type":"Feature","properties":{"segmentId":"osm-gaul2-73814-4018290512-12254696267-0","regionId":"gaul2-73814","province":"Sumatera Selatan","region":"Ogan Ilir","roadName":"Unnamed OSM road","highway":"trunk","lengthMeters":26.386,"osmWayIds":["1324318046"],"u":"4018290512","v":"12254696267","key":0,"oneway":true,"source":"OpenStreetMap"},"geometry":{"type":"LineString","coordinates":[[104.654772,-3.205859],[104.6547418,-3.2058992],[104.6547084,-3.2059163],[104.6546735,-3.2059293],[104.6546287,-3.2059423],[104.6545629,-3.2059459]]}},{"type":"Feature","properties":{"segmentId":"osm-gaul2-73814-4018290512-5197369023-0","regionId":"gaul2-73814","province":"Sumatera Selatan","region":"Ogan Ilir","roadName":"Jalan Lintas Timur","highway":"trunk","lengthMeters":35.105,"osmWayIds":["828827490"],"u":"4018290512","v":"5197369023","key":0,"oneway":true,"source":"OpenStreetMap"},"geometry":{"type":"LineString","coordinates":[[104.654772,-3.205859],[104.6547237,-3.206171]]}},{"type":"Feature","properties":{"segmentId":"osm-gaul2-73814-4018290515-12254696276-0","regionId":"gaul2-73814","province":"Sumatera Selatan","region":"Ogan Ilir","roadName":"Jalan Lintas Tengah","highway":"trunk","lengthMeters":44.773,"osmWayIds":["828755188"],"u":"4018290515","v":"12254696276","key":0,"oneway":true,"source":"OpenStreetMap"},"geometry":{"type":"LineString","coordinates":[[104.6528967,-3.2053173],[104.6531053,-3.2049727]]}},{"type":"Feature","properties":{"segmentId":"osm-gaul2-73814-4018290515-5791846489-0","regionId":"gaul2-73814","province":"Sumatera Selatan","region":"Ogan Ilir","roadName":"Jalan Lintas Tengah","highway":"trunk","lengthMeters":4152.845,"osmWayIds":["1428931906","842048945"],"u":"4018290515","v":"5791846489","key":0,"oneway":false,"source":"OpenStreetMap"},"geometry":{"type":"LineString","coordinates":[[104.6528967,-3.2053173],[104.6524913,-3.2059666],[104.6521771,-3.2064739],[104.6520811,-3.2066289],[104.652031,-3.2067236],[104.651949,-3.2068184],[104.6506266,-3.2082658],[104.6505435,-3.2083629],[104.6503944,-3.2085178],[104.6500304,-3.2089258],[104.6496586,-3.2093373],[104.6494605,-3.2095024],[104.6492346,-3.2096189],[104.6490273,-3.2096778],[104.6487554,-3.2097468],[104.6486484,-3.2097673],[104.6476051,-3.2099322],[104.6463042,-3.2101332],[104.6458967,-3.2101944],[104.6458124,-3.2102071],[104.645631,-3.2102228],[104.6454634,-3.2102148],[104.6446332,-3.2100634],[104.6443038,-3.2100074],[104.6442202,-3.2099925],[104.6438473,-3.2099068],[104.6436261,-3.209872],[104.6431419,-3.2097997],[104.642576,-3.2096966],[104.6413837,-3.2095024],[104.640976,-3.2094381],[104.6406394,-3.2093685],[104.6397409,-3.2091891],[104.6393707,-3.2091154],[104.6389499,-3.2090211],[104.6388692,-3.209003],[104.6383917,-3.2088945],[104.6369138,-3.2085852],[104.6368106,-3.2085705],[104.6362205,-3.2084687],[104.6357122,-3.2083442],[104.6344811,-3.2079567],[104.6335852,-3.2076613],[104.6328697,-3.2074664],[104.632405,-3.2073613],[104.6320186,-3.2072822],[104.6312351,-3.2071729],[104.6305422,-3.2071658],[104.6296611,-3.2071672],[104.6290402,-3.207194],[104.628725,-3.2071738],[104.6280357,-3.2070681],[104.6275365,-3.2069854],[104.6274617,-3.206973],[104.6265793,-3.2067695],[104.6258658,-3.2066276],[104.6252757,-3.2065151],[104.6241116,-3.2062098],[104.6223991,-3.2057773],[104.621935,-3.2056675],[104.6211974,-3.2054733],[104.6209735,-3.2053984],[104.6207683,-3.205302],[104.6205242,-3.2051292],[104.6199917,-3.20466],[104.6195345,-3.2042776],[104.6186654,-3.2037674]]}},{"type":"Feature","properties":{"segmentId":"osm-gaul2-73814-5197260847-7731000273-0","regionId":"gaul2-73814","province":"Sumatera Selatan","region":"Ogan Ilir","roadName":"Jalan Lintas Timur Palembang-Prabumulih","highway":"trunk","lengthMeters":5.513,"osmWayIds":["828121027"],"u":"5197260847","v":"7731000273","key":0,"oneway":true,"source":"OpenStreetMap"},"geometry":{"type":"LineString","coordinates":[[104.6969024,-3.1416939],[104.6968552,-3.1417093]]}},{"type":"Feature","properties":{"segmentId":"osm-gaul2-73814-5197260847-7731026617-0","regionId":"gaul2-73814","province":"Sumatera Selatan","region":"Ogan Ilir","roadName":"Unnamed OSM road","highway":"motorway_link","lengthMeters":57.584,"osmWayIds":["536527396"],"u":"5197260847","v":"7731026617","key":0,"oneway":true,"source":"OpenStreetMap"},"geometry":{"type":"LineString","coordinates":[[104.6969024,-3.1416939],[104.6971381,-3.1421552]]}},{"type":"Feature","properties":{"segmentId":"osm-gaul2-73814-5197260857-7730666911-0","regionId":"gaul2-73814","province":"Sumatera Selatan","region":"Ogan Ilir","roadName":"Unnamed OSM road","highway":"motorway_link","lengthMeters":740.262,"osmWayIds":["828082171"],"u":"5197260857","v":"7730666911","key":0,"oneway":true,"source":"OpenStreetMap"},"geometry":{"type":"LineString","coordinates":[[104.7092796,-3.1520464],[104.7096546,-3.1498405],[104.7096795,-3.1495522],[104.7096365,-3.1493045],[104.7095829,-3.1491411],[104.7095239,-3.149038],[104.7094528,-3.1489336],[104.7093897,-3.1488599],[104.7092758,-3.1487488],[104.7091854,-3.1486878],[104.7089269,-3.148585],[104.7062673,-3.1476378]]}},{"type":"Feature","properties":{"segmentId":"osm-gaul2-73814-5197260857-7731026601-0","regionId":"gaul2-73814","province":"Sumatera Selatan","region":"Ogan Ilir","roadName":"Jalan Tol Palembang–Indralaya","highway":"motorway","lengthMeters":1003.537,"osmWayIds":["828082167"],"u":"5197260857","v":"7731026601","key":0,"oneway":true,"source":"OpenStreetMap"},"geometry":{"type":"LineString","coordinates":[[104.7092796,-3.1520464],[104.7114712,-3.1432907]]}},{"type":"Feature","properties":{"segmentId":"osm-gaul2-73814-5197260866-5197260871-0","regionId":"gaul2-73814","province":"Sumatera Selatan","region":"Ogan Ilir","roadName":"Jalan Tol Palembang–Indralaya","highway":"motorway","lengthMeters":920.438,"osmWayIds":["828082168"],"u":"5197260866","v":"5197260871","key":0,"oneway":true,"source":"OpenStreetMap"},"geometry":{"type":"LineString","coordinates":[[104.7110119,-3.1456378],[104.7089951,-3.1536668]]}},{"type":"Feature","properties":{"segmentId":"osm-gaul2-73814-5197260866-7730666911-0","regionId":"gaul2-73814","province":"Sumatera Selatan","region":"Ogan Ilir","roadName":"Unnamed OSM road","highway":"motorway_link","lengthMeters":1322.793,"osmWayIds":["536527380","536527381","536527395","833607343"],"u":"5197260866","v":"7730666911","key":0,"oneway":true,"source":"OpenStreetMap"},"geometry":{"type":"LineString","coordinates":[[104.7110119,-3.1456378],[104.7107068,-3.1473776],[104.7105405,-3.1482212],[104.7102147,-3.1495728],[104.7101656,-3.1497932],[104.7101615,-3.1499201],[104.7101931,-3.150033],[104.7102318,-3.1501345],[104.7102951,-3.1502284],[104.7103943,-3.1503102],[104.7104854,-3.1503544],[104.7106062,-3.1503864],[104.7107874,-3.1503863],[104.7108964,-3.15034],[104.7110909,-3.1501502],[104.7111995,-3.1499894],[104.7112688,-3.1498234],[104.7112929,-3.1496808],[104.7112861,-3.1494652],[104.7112459,-3.1492992],[104.7111695,-3.1491425],[104.7110809,-3.1490113],[104.7109602,-3.1489002],[104.7108127,-3.1488091],[104.7107088,-3.1487655],[104.7090824,-3.1483559],[104.7078385,-3.1480418],[104.7062673,-3.1476378]]}},{"type":"Feature","properties":{"segmentId":"osm-gaul2-73814-5197260871-8579391158-0","regionId":"gaul2-73814","province":"Sumatera Selatan","region":"Ogan Ilir","roadName":"Jalan Tol Palembang–Indralaya","highway":"motorway","lengthMeters":4704.706,"osmWayIds":["536527421","828082166","828082168"],"u":"5197260871","v":"8579391158","key":0,"oneway":true,"source":"OpenStreetMap"},"geometry":{"type":"LineString","coordinates":[[104.7089951,-3.1536668],[104.7075331,-3.159421],[104.7074042,-3.1599322],[104.7065453,-3.16334],[104.7063311,-3.1641093],[104.7058863,-3.1656221],[104.7056216,-3.166418],[104.7053392,-3.1672346],[104.705059,-3.1680164],[104.704771,-3.1687628],[104.7045131,-3.169411],[104.7043125,-3.1698822],[104.704189,-3.1701723],[104.7038327,-3.1709662],[104.7035059,-3.171678],[104.7029889,-3.1727343],[104.7018587,-3.1750738],[104.701667,-3.1754707],[104.700508,-3.1778662],[104.7004302,-3.1780262],[104.6989803,-3.1810083],[104.6986393,-3.1817166],[104.6981949,-3.1826991],[104.6977845,-3.1836583],[104.6974177,-3.1845958],[104.6972627,-3.1850165],[104.6970424,-3.1856145],[104.6966441,-3.1867687],[104.6962922,-3.1878793],[104.6945937,-3.1933166]]}},{"type":"Feature","properties":{"segmentId":"osm-gaul2-73814-5197260880-5197260866-0","regionId":"gaul2-73814","province":"Sumatera Selatan","region":"Ogan Ilir","roadName":"Jalan Tol Palembang–Indralaya","highway":"motorway","lengthMeters":3843.001,"osmWayIds":["820854803","820854804","828082168"],"u":"5197260880","v":"5197260866","key":0,"oneway":true,"source":"OpenStreetMap"},"geometry":{"type":"LineString","coordinates":[[104.7235894,-3.1136311],[104.7219077,-3.1168645],[104.7197583,-3.1210336],[104.7191052,-3.1223261],[104.7187655,-3.1230083],[104.7179806,-3.1245331],[104.716412,-3.1276341],[104.7155426,-3.1295876],[104.7147663,-3.1315892],[104.7141377,-3.133436],[104.7136042,-3.1353024],[104.7125037,-3.1396485],[104.7120278,-3.1415325],[104.7110119,-3.1456378]]}},{"type":"Feature","properties":{"segmentId":"osm-gaul2-73814-5197260895-5197260880-0","regionId":"gaul2-73814","province":"Sumatera Selatan","region":"Ogan Ilir","roadName":"Jalan Tol Palembang–Indralaya","highway":"motorway","lengthMeters":1115.518,"osmWayIds":["820854804"],"u":"5197260895","v":"5197260880","key":0,"oneway":true,"source":"OpenStreetMap"},"geometry":{"type":"LineString","coordinates":[[104.7281736,-3.1047042],[104.7235894,-3.1136311]]}},{"type":"Feature","properties":{"segmentId":"osm-gaul2-73814-5197260895-5197260897-0","regionId":"gaul2-73814","province":"Sumatera Selatan","region":"Ogan Ilir","roadName":"Unnamed OSM road","highway":"motorway_link","lengthMeters":1361.37,"osmWayIds":["536527383","536527384","536527400"],"u":"5197260895","v":"5197260897","key":0,"oneway":true,"source":"OpenStreetMap"},"geometry":{"type":"LineString","coordinates":[[104.7281736,-3.1047042],[104.7277016,-3.1058821],[104.7262415,-3.108897],[104.7261809,-3.1090965],[104.7261608,-3.1092236],[104.7261643,-3.1093657],[104.7262207,-3.1095271],[104.7263152,-3.1096507],[104.7264985,-3.1097479],[104.7266403,-3.1097717],[104.7268138,-3.1097683],[104.7270315,-3.109696],[104.7271842,-3.109614],[104.7273821,-3.1094166],[104.7274755,-3.1092419],[104.7275297,-3.1090812],[104.727551,-3.1089399],[104.7275472,-3.1087941],[104.7274782,-3.1085601],[104.727389,-3.1083857],[104.7273016,-3.1082783],[104.7271849,-3.1081766],[104.7269395,-3.1080239],[104.724809,-3.1069439],[104.7234176,-3.1062558]]}},{"type":"Feature","properties":{"segmentId":"osm-gaul2-73814-5197260897-7716582505-0","regionId":"gaul2-73814","province":"Sumatera Selatan","region":"Ogan Ilir","roadName":"Unnamed OSM road","highway":"motorway_link","lengthMeters":1634.856,"osmWayIds":["1381363231","1381363232","536527393"],"u":"5197260897","v":"7716582505","key":0,"oneway":true,"source":"OpenStreetMap"},"geometry":{"type":"LineString","coordinates":[[104.7234176,-3.1062558],[104.7224682,-3.1057393],[104.7221142,-3.1055621],[104.7203091,-3.1046332],[104.7201616,-3.1045556],[104.7183591,-3.1036182],[104.7111113,-3.1003303],[104.7101434,-3.0999072]]}},{"type":"Feature","properties":{"segmentId":"osm-gaul2-73814-5197260901-5197260897-0","regionId":"gaul2-73814","province":"Sumatera Selatan","region":"Ogan Ilir","roadName":"Unnamed OSM road","highway":"motorway_link","lengthMeters":733.772,"osmWayIds":["536527402"],"u":"5197260901","v":"5197260897","key":0,"oneway":true,"source":"OpenStreetMap"},"geometry":{"type":"LineString","coordinates":[[104.7246668,-3.1112538],[104.7258228,-3.1086751],[104.7258996,-3.1084734],[104.7259319,-3.1082005],[104.7258991,-3.1079717],[104.725779,-3.107743],[104.725597,-3.1075666],[104.7234176,-3.1062558]]}},{"type":"Feature","properties":{"segmentId":"osm-gaul2-73814-5197260901-5197261287-0","regionId":"gaul2-73814","province":"Sumatera Selatan","region":"Ogan Ilir","roadName":"Jalan Tol Palembang–Indralaya","highway":"motorway","lengthMeters":858.525,"osmWayIds":["820854805"],"u":"5197260901","v":"5197261287","key":0,"oneway":true,"source":"OpenStreetMap"},"geometry":{"type":"LineString","coordinates":[[104.7246668,-3.1112538],[104.7281875,-3.1043797]]}},{"type":"Feature","properties":{"segmentId":"osm-gaul2-73814-5197260905-5197260880-0","regionId":"gaul2-73814","province":"Sumatera Selatan","region":"Ogan Ilir","roadName":"Unnamed OSM road","highway":"motorway_link","lengthMeters":1303.278,"osmWayIds":["536527385","536527386","536527398"],"u":"5197260905","v":"5197260880","key":0,"oneway":true,"source":"OpenStreetMap"},"geometry":{"type":"LineString","coordinates":[[104.7234765,-3.1061794],[104.7248283,-3.1068567],[104.7270602,-3.1079891],[104.727252,-3.1081203],[104.7273603,-3.1082219],[104.7274553,-3.1083401],[104.727551,-3.1085244],[104.7276065,-3.1086709],[104.7276288,-3.1088019],[104.7276329,-3.1089335],[104.7276024,-3.1091336],[104.7275046,-3.1093806],[104.7273396,-3.1095951],[104.7271456,-3.1097434],[104.7268821,-3.1098443],[104.7263521,-3.1099214],[104.7260229,-3.1100216],[104.7257916,-3.1101354],[104.7255474,-3.1103288],[104.72543,-3.1104945],[104.7235894,-3.1136311]]}},{"type":"Feature","properties":{"segmentId":"osm-gaul2-73814-5197260905-5197261287-0","regionId":"gaul2-73814","province":"Sumatera Selatan","region":"Ogan Ilir","roadName":"Unnamed OSM road","highway":"motorway_link","lengthMeters":709.281,"osmWayIds":["536527404"],"u":"5197260905","v":"5197261287","key":0,"oneway":true,"source":"OpenStreetMap"},"geometry":{"type":"LineString","coordinates":[[104.7234765,-3.1061794],[104.7244719,-3.1065817],[104.7255528,-3.1070624],[104.725819,-3.1071438],[104.7260521,-3.1071637],[104.726273,-3.1071294],[104.7264416,-3.1070474],[104.726621,-3.1069104],[104.7267669,-3.1067142],[104.7276825,-3.1051341],[104.7281875,-3.1043797]]}},{"type":"Feature","properties":{"segmentId":"osm-gaul2-73814-5197261259-5197261280-0","regionId":"gaul2-73814","province":"Sumatera Selatan","region":"Ogan Ilir","roadName":"Unnamed OSM road","highway":"trunk","lengthMeters":11.667,"osmWayIds":["849419499"],"u":"5197261259","v":"5197261280","key":0,"oneway":true,"source":"OpenStreetMap"},"geometry":{"type":"LineString","coordinates":[[104.7556316,-3.0517408],[104.7555266,-3.051737]]}},{"type":"Feature","properties":{"segmentId":"osm-gaul2-73814-5197261259-6504662608-0","regionId":"gaul2-73814","province":"Sumatera Selatan","region":"Ogan Ilir","roadName":"Jalan Tol Palembang–Indralaya","highway":"motorway","lengthMeters":137.459,"osmWayIds":["536528252"],"u":"5197261259","v":"6504662608","key":0,"oneway":true,"source":"OpenStreetMap"},"geometry":{"type":"LineString","coordinates":[[104.7556316,-3.0517408],[104.7553306,-3.0529399]]}},{"type":"Feature","properties":{"segmentId":"osm-gaul2-73814-5197261280-6504662591-0","regionId":"gaul2-73814","province":"Sumatera Selatan","region":"Ogan Ilir","roadName":"Jalan Tol Palembang–Indralaya","highway":"motorway","lengthMeters":11.558,"osmWayIds":["692843309"],"u":"5197261280","v":"6504662591","key":0,"oneway":true,"source":"OpenStreetMap"},"geometry":{"type":"LineString","coordinates":[[104.7555266,-3.051737],[104.7555495,-3.0516356]]}},{"type":"Feature","properties":{"segmentId":"osm-gaul2-73814-5197261280-6504662601-0","regionId":"gaul2-73814","province":"Sumatera Selatan","region":"Ogan Ilir","roadName":"Unnamed OSM road","highway":"trunk","lengthMeters":92.639,"osmWayIds":["849419499"],"u":"5197261280","v":"6504662601","key":0,"oneway":true,"source":"OpenStreetMap"},"geometry":{"type":"LineString","coordinates":[[104.7555266,-3.051737],[104.7546926,-3.0517145]]}},{"type":"Feature","properties":{"segmentId":"osm-gaul2-73814-5197261284-12269529571-0","regionId":"gaul2-73814","province":"Sumatera Selatan","region":"Ogan Ilir","roadName":"Unnamed OSM road","highway":"motorway_link","lengthMeters":612.837,"osmWayIds":["1282155477","1476814166"],"u":"5197261284","v":"12269529571","key":0,"oneway":true,"source":"OpenStreetMap"},"geometry":{"type":"LineString","coordinates":[[104.7485094,-3.0779173],[104.7490151,-3.0763651],[104.7491815,-3.0758542],[104.7496572,-3.0742636],[104.7497332,-3.0739154],[104.7497639,-3.0736394],[104.7497605,-3.0733653],[104.7497333,-3.0730404],[104.7496638,-3.0725982]]}},{"type":"Feature","properties":{"segmentId":"osm-gaul2-73814-5197261284-6546962076-0","regionId":"gaul2-73814","province":"Sumatera Selatan","region":"Ogan Ilir","roadName":"Jalan Tol Palembang–Indralaya","highway":"motorway","lengthMeters":1579.828,"osmWayIds":["699787919"],"u":"5197261284","v":"6546962076","key":0,"oneway":true,"source":"OpenStreetMap"},"geometry":{"type":"LineString","coordinates":[[104.7485094,-3.0779173],[104.7490536,-3.0763975],[104.7493012,-3.0757387],[104.7499111,-3.073862],[104.7507317,-3.0705993],[104.7516215,-3.0668656],[104.7522925,-3.0642346]]}},{"type":"Feature","properties":{"segmentId":"osm-gaul2-73814-5197261287-5197261284-0","regionId":"gaul2-73814","province":"Sumatera Selatan","region":"Ogan Ilir","roadName":"Jalan Tol Palembang–Indralaya","highway":"motorway","lengthMeters":3720.131,"osmWayIds":["536527391","699787916","699787919"],"u":"5197261287","v":"5197261284","key":0,"oneway":true,"source":"OpenStreetMap"},"geometry":{"type":"LineString","coordinates":[[104.7281875,-3.1043797],[104.7283396,-3.1041439],[104.7292793,-3.1027535],[104.7304816,-3.101252],[104.7339554,-3.0971452],[104.7346741,-3.0962791],[104.7402552,-3.0895947],[104.7444848,-3.0846787],[104.7453475,-3.0835825],[104.746187,-3.0822493],[104.7467945,-3.0813387],[104.7473453,-3.0803649],[104.7485094,-3.0779173]]}},{"type":"Feature","properties":{"segmentId":"osm-gaul2-73814-5197369023-12254696267-0","regionId":"gaul2-73814","province":"Sumatera Selatan","region":"Ogan Ilir","roadName":"Unnamed OSM road","highway":"trunk","lengthMeters":31.344,"osmWayIds":["1524799609"],"u":"5197369023","v":"12254696267","key":0,"oneway":true,"source":"OpenStreetMap"},"geometry":{"type":"LineString","coordinates":[[104.6547237,-3.206171],[104.654663,-3.2060438],[104.6546285,-3.2059981],[104.6545629,-3.2059459]]}},{"type":"Feature","properties":{"segmentId":"osm-gaul2-73814-5197369023-7654232828-0","regionId":"gaul2-73814","province":"Sumatera Selatan","region":"Ogan Ilir","roadName":"Jalan Lintas Timur","highway":"trunk","lengthMeters":1982.254,"osmWayIds":["1032472019","1166157925","1166157926","1166157927","1166159214"],"u":"5197369023","v":"7654232828","key":0,"oneway":false,"source":"OpenStreetMap"},"geometry":{"type":"LineString","coordinates":[[104.6547237,-3.206171],[104.6546869,-3.2063798],[104.6546848,-3.2068418],[104.6547252,-3.207214],[104.6547347,-3.2073681],[104.6547497,-3.2076039],[104.6548685,-3.2091837],[104.6548866,-3.2093437],[104.654898,-3.2094274],[104.6549396,-3.2097648],[104.6549987,-3.2102657],[104.6550281,-3.2105429],[104.6550791,-3.2117117],[104.6551287,-3.2127816],[104.6551394,-3.212878],[104.6551622,-3.2129878],[104.6551891,-3.2130856],[104.6552347,-3.2132074],[104.6552735,-3.2133057],[104.655912,-3.214845],[104.6559951,-3.2150077],[104.656087,-3.2151523],[104.6562063,-3.2152628],[104.6563659,-3.215384],[104.6565302,-3.2154529],[104.6588234,-3.2162027],[104.6591524,-3.2163194],[104.6592272,-3.216346],[104.6593527,-3.2163914],[104.6595127,-3.2164437],[104.6609719,-3.2169258],[104.6614722,-3.2170985],[104.662897,-3.2175712],[104.6630573,-3.2176468],[104.6631431,-3.2176977],[104.663286,-3.2177894],[104.6634047,-3.217922],[104.6636179,-3.2181711],[104.6638937,-3.2185076]]}},{"type":"Feature","properties":{"segmentId":"osm-gaul2-73814-5305671774-2060196467-0","regionId":"gaul2-73814","province":"Sumatera Selatan","region":"Ogan Ilir","roadName":"Jalan Lintas Timur","highway":"trunk","lengthMeters":134.862,"osmWayIds":["824093154","824093155","824093159"],"u":"5305671774","v":"2060196467","key":0,"oneway":true,"source":"OpenStreetMap"},"geometry":{"type":"LineString","coordinates":[[104.798643,-3.352697],[104.7985538,-3.352602],[104.7984982,-3.3525297],[104.7984049,-3.3524286],[104.798363,-3.3523871],[104.7983231,-3.3523603],[104.7979919,-3.3521736],[104.7979332,-3.3521588],[104.7978336,-3.3521515],[104.797777,-3.3521467],[104.7976734,-3.3521463],[104.7976262,-3.3521461]]}},{"type":"Feature","properties":{"segmentId":"osm-gaul2-73814-5305671774-7710555521-0","regionId":"gaul2-73814","province":"Sumatera Selatan","region":"Ogan Ilir","roadName":"Jalan Lintas Timur","highway":"trunk","lengthMeters":1348.109,"osmWayIds":["824093160"],"u":"5305671774","v":"7710555521","key":0,"oneway":false,"source":"OpenStreetMap"},"geometry":{"type":"LineString","coordinates":[[104.798643,-3.352697],[104.7987449,-3.3529112],[104.7987825,-3.3530665],[104.7988576,-3.3533611],[104.7988898,-3.3535378],[104.7989568,-3.3539073],[104.7989756,-3.3540974],[104.7989997,-3.3542393],[104.7990212,-3.3543759],[104.7990695,-3.3545419],[104.7991258,-3.354716],[104.7991714,-3.3548097],[104.7992304,-3.3549061],[104.7992867,-3.3549971],[104.7993886,-3.3551256],[104.7995147,-3.3552649],[104.7996864,-3.3553961],[104.7998634,-3.3555192],[104.800019,-3.3556531],[104.8001692,-3.3558031],[104.8003006,-3.355961],[104.8004964,-3.3562047],[104.8006439,-3.356427],[104.8007485,-3.3566171],[104.8008424,-3.356858],[104.8009095,-3.357083],[104.800998,-3.3574605],[104.8010516,-3.3578166],[104.8010999,-3.3581246],[104.8011777,-3.3584593],[104.8012581,-3.3587618],[104.8013091,-3.3588957],[104.8013923,-3.3591099],[104.80147,-3.3592545],[104.8015559,-3.3594285],[104.8017731,-3.3597847],[104.802044,-3.3602184],[104.8020963,-3.3603068],[104.8022144,-3.3604822],[104.802327,-3.3606509],[104.8024102,-3.360774],[104.8024839,-3.3608731],[104.8025805,-3.3609655],[104.8026918,-3.3610485],[104.8028259,-3.3611489],[104.8031062,-3.3612774],[104.8034254,-3.3614381],[104.8037311,-3.3615961],[104.804167,-3.3618237],[104.8045318,-3.3620151],[104.8048335,-3.3621811],[104.8049811,-3.3622481]]}},{"type":"Feature","properties":{"segmentId":"osm-gaul2-73814-5311679671-3922930523-0","regionId":"gaul2-73814","province":"Sumatera Selatan","region":"Ogan Ilir","roadName":"Jalan Lintas Timur","highway":"trunk","lengthMeters":11873.52,"osmWayIds":["197897359","439440551","439440552","612813199","612813200","814918442","825151856","825151857"],"u":"5311679671","v":"3922930523","key":0,"oneway":false,"source":"OpenStreetMap"},"geometry":{"type":"LineString","coordinates":[[104.690185,-3.296934],[104.6903785,-3.2970216],[104.6907354,-3.2971715],[104.6913799,-3.297422],[104.6930881,-3.2980388],[104.6933607,-3.298147],[104.6935295,-3.2982249],[104.6937735,-3.2983884],[104.693928,-3.2985352],[104.694073,-3.2987503],[104.6941686,-3.2989342],[104.6942398,-3.2991837],[104.6943074,-3.3001164],[104.6943941,-3.300664],[104.6944737,-3.301127],[104.6945851,-3.3018094],[104.6946527,-3.3020857],[104.6947058,-3.3023008],[104.694934,-3.3029737],[104.6950454,-3.3032696],[104.6951969,-3.3035602],[104.6954155,-3.3038828],[104.6955751,-3.3040991],[104.695642,-3.3041913],[104.6957857,-3.3043681],[104.6963114,-3.3050222],[104.6963834,-3.3051096],[104.6969001,-3.3057372],[104.6970731,-3.3059434],[104.6977436,-3.3067507],[104.6982103,-3.3073096],[104.6983562,-3.3074772],[104.6988997,-3.3081244],[104.6995286,-3.3088649],[104.6998686,-3.3092633],[104.6999867,-3.3093997],[104.700144,-3.3095382],[104.7003213,-3.3096748],[104.7004924,-3.3097705],[104.7007178,-3.309907],[104.7010025,-3.3100738],[104.7015186,-3.3103509],[104.701578,-3.3103828],[104.7016943,-3.3104272],[104.7018964,-3.3104546],[104.7020051,-3.3104586],[104.7021029,-3.3104588],[104.702219,-3.3104514],[104.7023383,-3.310434],[104.7025876,-3.3103482],[104.7027291,-3.3102828],[104.7027943,-3.3102626],[104.7030669,-3.3101433],[104.7032228,-3.3100751],[104.7034004,-3.3099884],[104.703698,-3.3098448],[104.7041408,-3.3096199],[104.704398,-3.3094485],[104.7046155,-3.3092745],[104.7047047,-3.3091862],[104.7047926,-3.3090838],[104.7048596,-3.3089947],[104.7049241,-3.3088828],[104.7050364,-3.3086345],[104.7051759,-3.3082596],[104.7053127,-3.3078633],[104.7054255,-3.3075126],[104.7054951,-3.3072394],[104.7055338,-3.3070571],[104.7055568,-3.3069073],[104.7055755,-3.3066262],[104.7055918,-3.3062487],[104.7056428,-3.3055096],[104.7056643,-3.3053784],[104.7056797,-3.3053088],[104.7057072,-3.3052258],[104.7058223,-3.3050142],[104.7060183,-3.3047143],[104.7061229,-3.3045804],[104.7062583,-3.3044532],[104.7064126,-3.3043194],[104.7066043,-3.3041869],[104.7071341,-3.3038226],[104.707255,-3.303737],[104.7077913,-3.3034209],[104.7079493,-3.3033499],[104.708156,-3.3032764],[104.709179,-3.3030225],[104.7093527,-3.3029805],[104.7100307,-3.3028184],[104.7107926,-3.3026632],[104.7117233,-3.3024517],[104.7121391,-3.302382],[104.7123336,-3.3023619],[104.7125575,-3.3023633],[104.7126541,-3.3023775],[104.7127668,-3.3024141],[104.7130378,-3.3024978],[104.7140569,-3.3029631],[104.7143748,-3.3030548],[104.7144572,-3.3030717],[104.7147892,-3.3031043],[104.7150926,-3.3031184],[104.7159197,-3.3031043],[104.7161235,-3.303109],[104.7163851,-3.3031211],[104.7167579,-3.3031719],[104.718092,-3.303406],[104.7186301,-3.30352],[104.7187588,-3.3035656],[104.7188607,-3.3036138],[104.7200463,-3.3043381],[104.7203388,-3.3045318],[104.7205639,-3.3046962],[104.7207255,-3.3048335],[104.7211266,-3.3052139],[104.7216092,-3.305654],[104.7216816,-3.3057273],[104.7217522,-3.3057988],[104.7219889,-3.3059993],[104.7223288,-3.3062299],[104.7227179,-3.3064831],[104.7230497,-3.3066992],[104.723737,-3.3071216],[104.7238396,-3.3071905],[104.7240589,-3.3073385],[104.7242742,-3.3074823],[104.7244686,-3.3076197],[104.724771,-3.3078185],[104.725039,-3.3079958],[104.7252605,-3.3081432],[104.7254603,-3.3082851],[104.7256199,-3.3084063],[104.7257191,-3.3084859],[104.7257815,-3.3085535],[104.7257986,-3.3085701],[104.7259424,-3.3087082],[104.7260967,-3.3088715],[104.7262321,-3.3090355],[104.7263964,-3.3092317],[104.7265882,-3.309482],[104.7267525,-3.3096782],[104.7268718,-3.3098395],[104.7269939,-3.3100109],[104.7270743,-3.3101314],[104.727197,-3.3102773],[104.7272728,-3.3103731],[104.7274525,-3.3105605],[104.7276557,-3.31075],[104.7278488,-3.3109213],[104.7280024,-3.3110699],[104.7281325,-3.3111988],[104.728284,-3.311331],[104.7284644,-3.3114924],[104.7286106,-3.3116189],[104.7287745,-3.3117451],[104.7289485,-3.3118692],[104.7292302,-3.3120473],[104.729497,-3.3122046],[104.7298578,-3.3124249],[104.7300925,-3.3125735],[104.7302025,-3.3126471],[104.7303218,-3.3127375],[104.7304284,-3.3128265],[104.7306242,-3.3130086],[104.7307281,-3.3131091],[104.7308013,-3.31318],[104.730993,-3.3133581],[104.7310221,-3.313386],[104.7311449,-3.3135037],[104.7312339,-3.3135881],[104.7314305,-3.3137692],[104.7316126,-3.3139438],[104.7317739,-3.3140961],[104.731912,-3.3142203],[104.732073,-3.3143545],[104.7321571,-3.3144272],[104.7322204,-3.3144781],[104.7324005,-3.314634],[104.7326081,-3.3148171],[104.7327516,-3.3149382],[104.7329116,-3.3150731],[104.7331006,-3.3152325],[104.7332679,-3.3153764],[104.7334759,-3.3155591],[104.7336457,-3.3157332],[104.7338442,-3.3159434],[104.7340179,-3.3161569],[104.7341289,-3.3162999],[104.7342938,-3.316487],[104.734492,-3.3167159],[104.7346026,-3.3168491],[104.7347401,-3.3170078],[104.7348614,-3.3171584],[104.734948,-3.3172588],[104.735127,-3.3174563],[104.7352544,-3.3175915],[104.7352685,-3.3176036],[104.7354016,-3.3177174],[104.7355253,-3.3178299],[104.7356654,-3.3179403],[104.7357902,-3.3180287],[104.7359638,-3.3181652],[104.73606,-3.3182361],[104.7361959,-3.3183441],[104.7362361,-3.3183761],[104.7364366,-3.3185468],[104.7366807,-3.3187206],[104.7370556,-3.3189708],[104.7373935,-3.3192028],[104.7374141,-3.3192168],[104.7377059,-3.3194137],[104.7378294,-3.3194932],[104.7382078,-3.3197464],[104.7383778,-3.3198649],[104.738646,-3.320047],[104.7388284,-3.3201728],[104.7389686,-3.3202842],[104.7390913,-3.3203817],[104.7393421,-3.3205866],[104.7395473,-3.3207727],[104.7397042,-3.3209065],[104.7398289,-3.321015],[104.7399144,-3.3210829],[104.7399728,-3.3211313],[104.7401166,-3.3212205],[104.7403345,-3.3213457],[104.7405135,-3.3214294],[104.7407905,-3.3215545],[104.7408656,-3.3215827],[104.7409548,-3.3216168],[104.7411848,-3.3216924],[104.741339,-3.3217547],[104.7415951,-3.3218364],[104.7417165,-3.3218749],[104.7418449,-3.3219157],[104.7420419,-3.3219747],[104.7421198,-3.321998],[104.742371,-3.3220646],[104.7426244,-3.3221249],[104.742892,-3.3222049],[104.7430174,-3.3222293],[104.7432179,-3.3222675],[104.7434184,-3.3223063],[104.7436437,-3.3223431],[104.7437326,-3.3223483],[104.7438167,-3.3223532],[104.7439508,-3.3223585],[104.7441164,-3.3223666],[104.7443156,-3.3223545],[104.7445013,-3.3223324],[104.7448051,-3.3222574],[104.745192,-3.322157],[104.7454669,-3.3220767],[104.7456728,-3.3220352],[104.7458873,-3.321999],[104.7461261,-3.3219816],[104.7464104,-3.3219522],[104.7466853,-3.3219207],[104.746861,-3.3219013],[104.7471493,-3.3218698],[104.7474095,-3.321835],[104.7477293,-3.3218116],[104.7480405,-3.3218022],[104.7482557,-3.3218156],[104.7484415,-3.3218404],[104.7485903,-3.3218631],[104.7487908,-3.3218946],[104.7491093,-3.3219448],[104.7494299,-3.3219984],[104.7496223,-3.3220419],[104.7498282,-3.3221008],[104.7500662,-3.3221704],[104.7503096,-3.3222561],[104.7505349,-3.3223234],[104.7507569,-3.3223813],[104.750912,-3.3224321],[104.7509471,-3.3224396],[104.751125,-3.3224777],[104.7511735,-3.3224863],[104.7513143,-3.3225115],[104.7514625,-3.3225214],[104.7516423,-3.3225153],[104.7518237,-3.3224797],[104.7519241,-3.3224449],[104.7521515,-3.3223817],[104.7523012,-3.3223324],[104.7525375,-3.3222683],[104.7526204,-3.3222489],[104.7527601,-3.3222275],[104.7529683,-3.3222115],[104.7531459,-3.3222046],[104.7533662,-3.3222039],[104.7534548,-3.3222063],[104.7537636,-3.3222289],[104.7539852,-3.3222588],[104.7542696,-3.3222931],[104.7548266,-3.3223917],[104.7552255,-3.3224714],[104.7556271,-3.3225646],[104.755959,-3.3226296],[104.7562269,-3.3226779],[104.7564448,-3.3227324],[104.7565548,-3.3227602],[104.7567756,-3.3228058],[104.7569306,-3.3228331],[104.7570935,-3.3228437],[104.7577724,-3.322838],[104.7581377,-3.3228337],[104.75892,-3.3227754],[104.7592893,-3.3227495],[104.7596073,-3.3227438],[104.7598274,-3.3227447],[104.7600144,-3.3227582],[104.7602815,-3.3227783],[104.760603,-3.3228048],[104.7609142,-3.322833],[104.7610346,-3.3228427],[104.7612409,-3.3228639],[104.7614165,-3.3228872],[104.7615049,-3.3229111],[104.7615594,-3.3229277],[104.7617377,-3.3229938],[104.761977,-3.3231151],[104.7621835,-3.3232416],[104.7623528,-3.3233868],[104.7625397,-3.3235866],[104.7626438,-3.3237214],[104.7627153,-3.3238345],[104.7627967,-3.3239634],[104.7629035,-3.3241358],[104.7629896,-3.3242761],[104.7630456,-3.3243561],[104.7632653,-3.3246692],[104.7634439,-3.3249081],[104.7636318,-3.3251312],[104.7636514,-3.3251545],[104.7636767,-3.3251829],[104.7639234,-3.3254316],[104.7640423,-3.325543],[104.7644979,-3.3259551],[104.7645541,-3.3260045],[104.7649563,-3.3263577],[104.7649673,-3.326367],[104.7652944,-3.3266413],[104.7656147,-3.3269259],[104.7656484,-3.3269583],[104.7658934,-3.3271977],[104.7660139,-3.3273269],[104.7661413,-3.3274669],[104.7663359,-3.3276602],[104.7664564,-3.3277798],[104.766553,-3.3278933],[104.7667123,-3.3280558],[104.7668273,-3.3281704],[104.7669656,-3.3283055],[104.7670788,-3.3284161],[104.7673235,-3.3286745],[104.7674898,-3.3288606],[104.7676454,-3.3290467],[104.7677721,-3.3291752],[104.7679496,-3.3293304],[104.7680853,-3.3294336],[104.7681857,-3.3295097],[104.7682965,-3.3295936],[104.7683519,-3.3296337],[104.7685084,-3.3297469],[104.7686747,-3.3298641],[104.7687689,-3.3299206],[104.7688711,-3.3299825],[104.7689688,-3.3300406],[104.7691518,-3.3301369],[104.7692051,-3.3301649],[104.7694478,-3.3302684],[104.76949,-3.3302835],[104.7696503,-3.3303408],[104.7699313,-3.3304391],[104.7702169,-3.3305495],[104.7704969,-3.330652],[104.7706045,-3.3306878],[104.770804,-3.3307624],[104.7711323,-3.3308874],[104.7714439,-3.3309994],[104.7716439,-3.3311031],[104.7718645,-3.3312203],[104.7720236,-3.331316],[104.7722232,-3.3314412],[104.7724412,-3.3315912],[104.7725526,-3.3316673],[104.7727872,-3.3318174],[104.7729793,-3.331956],[104.7732968,-3.3321608],[104.7734937,-3.332304],[104.7735591,-3.3323499],[104.7740793,-3.3327051],[104.774259,-3.3328262],[104.7743998,-3.3329253],[104.7744903,-3.3330009]]}},{"type":"Feature","properties":{"segmentId":"osm-gaul2-73814-5311679671-5902525383-0","regionId":"gaul2-73814","province":"Sumatera Selatan","region":"Ogan Ilir","roadName":"Unnamed OSM road","highway":"tertiary","lengthMeters":38.497,"osmWayIds":["625141328"],"u":"5311679671","v":"5902525383","key":0,"oneway":false,"source":"OpenStreetMap"},"geometry":{"type":"LineString","coordinates":[[104.690185,-3.296934],[104.6901093,-3.2969326],[104.6900579,-3.2969513],[104.6899825,-3.2969998],[104.6898783,-3.2970717]]}},{"type":"Feature","properties":{"segmentId":"osm-gaul2-73814-5311679671-5902526187-0","regionId":"gaul2-73814","province":"Sumatera Selatan","region":"Ogan Ilir","roadName":"Jalan Lintas Timur","highway":"trunk","lengthMeters":28.236,"osmWayIds":["439440551"],"u":"5311679671","v":"5902526187","key":0,"oneway":false,"source":"OpenStreetMap"},"geometry":{"type":"LineString","coordinates":[[104.690185,-3.296934],[104.6899879,-3.2967735]]}},{"type":"Feature","properties":{"segmentId":"osm-gaul2-73814-5355890941-5791846489-0","regionId":"gaul2-73814","province":"Sumatera Selatan","region":"Ogan Ilir","roadName":"Jalan Raya Prabumulih","highway":"trunk","lengthMeters":9800.472,"osmWayIds":["399144605","602271142","842048945"],"u":"5355890941","v":"5791846489","key":0,"oneway":false,"source":"OpenStreetMap"},"geometry":{"type":"LineString","coordinates":[[104.5420137,-3.2103402],[104.5424923,-3.2101603],[104.5426422,-3.210097],[104.5431143,-3.2098934],[104.5434657,-3.2097287],[104.5436709,-3.2096149],[104.5441389,-3.2093337],[104.544851,-3.2089159],[104.5456007,-3.2084861],[104.5457616,-3.2083884],[104.5459145,-3.2082879],[104.5460393,-3.2081915],[104.5463786,-3.2078809],[104.5465261,-3.207743],[104.5469955,-3.2072609],[104.5477666,-3.2064669],[104.5479289,-3.2063049],[104.5485136,-3.2057144],[104.5489334,-3.2052953],[104.5493464,-3.2048681],[104.5499432,-3.2042562],[104.5503777,-3.2038237],[104.5506896,-3.2034979],[104.5509598,-3.2032158],[104.5512494,-3.2029212],[104.5513661,-3.202802],[104.5516276,-3.2025235],[104.5519495,-3.2021901],[104.552203,-3.2019384],[104.5526697,-3.2014697],[104.5532651,-3.2008578],[104.5537962,-3.2003275],[104.5539746,-3.2001575],[104.5545606,-3.1995817],[104.5549737,-3.1991639],[104.5552915,-3.1988399],[104.5554149,-3.19871],[104.5556523,-3.1984583],[104.5561064,-3.1979657],[104.5562424,-3.1978182],[104.5563993,-3.1976415],[104.5567976,-3.1972264],[104.5568767,-3.1971567],[104.5569599,-3.1971032],[104.5573783,-3.1968474],[104.5579308,-3.1965421],[104.5585853,-3.1961538],[104.5587355,-3.1960695],[104.5592169,-3.1957588],[104.5602576,-3.1950933],[104.5607512,-3.1947786],[104.5612152,-3.1944988],[104.5617262,-3.1941774],[104.5631572,-3.1932501],[104.5640299,-3.1927021],[104.5671429,-3.1908687],[104.5673172,-3.1907977],[104.5675881,-3.190696],[104.5678483,-3.1906451],[104.5681474,-3.1906116],[104.5692296,-3.1906933],[104.5696186,-3.1907187],[104.570324,-3.1907937],[104.5705479,-3.1908299],[104.5706391,-3.1908727],[104.5707075,-3.1909343],[104.5710951,-3.1913628],[104.5717281,-3.1921072],[104.5719641,-3.1924166],[104.5722216,-3.1926483],[104.5724241,-3.1927889],[104.5728023,-3.1929897],[104.5732452,-3.1931466],[104.5735841,-3.1933165],[104.5745601,-3.1937926],[104.5762454,-3.194708],[104.5773876,-3.1953263],[104.5783801,-3.1958488],[104.5789932,-3.1961989],[104.5792258,-3.1963371],[104.5794488,-3.1964698],[104.5798177,-3.1967198],[104.5811796,-3.197663],[104.5817139,-3.1980123],[104.5822762,-3.1983651],[104.5824394,-3.1984619],[104.5826071,-3.1985614],[104.5829585,-3.1987301],[104.5835406,-3.1989363],[104.5842945,-3.199178],[104.5846563,-3.1992657],[104.5850855,-3.1993541],[104.5853484,-3.1993701],[104.5856478,-3.1993892],[104.5861959,-3.1993969],[104.5862818,-3.199397],[104.5867294,-3.1993974],[104.5876737,-3.1993446],[104.5895484,-3.1992459],[104.5927888,-3.1990753],[104.5942721,-3.1990595],[104.5945832,-3.199022],[104.5954132,-3.198871],[104.5964571,-3.1986635],[104.5982886,-3.1983087],[104.598628,-3.1982588],[104.5992408,-3.1982391],[104.5994038,-3.1982309],[104.600936,-3.1981543],[104.601189,-3.1981471],[104.6030885,-3.1980927],[104.6039146,-3.1980499],[104.6044913,-3.1979695],[104.6045818,-3.1979479],[104.6051082,-3.1978222],[104.6059477,-3.1977231],[104.6065459,-3.1977312],[104.6067671,-3.197766],[104.6069053,-3.1978169],[104.607195,-3.1979401],[104.6077234,-3.1981972],[104.6081445,-3.1984542],[104.6084672,-3.1986793],[104.6087992,-3.1989427],[104.6088597,-3.199],[104.6097569,-3.1997846],[104.6098369,-3.1998307],[104.6099147,-3.1998522],[104.6100381,-3.1998844],[104.6101444,-3.1998964],[104.6102366,-3.199895],[104.6104458,-3.1998656],[104.6108382,-3.199788],[104.6115643,-3.1996031],[104.6118647,-3.1995683],[104.6121088,-3.1995871],[104.6122831,-3.1996567],[104.6130073,-3.2000718],[104.6143108,-3.2010162],[104.6155857,-3.2019532],[104.6164964,-3.2024647],[104.6181746,-3.2035264],[104.6185072,-3.2036951],[104.6186654,-3.2037674]]}},{"type":"Feature","properties":{"segmentId":"osm-gaul2-73814-540149535-5926631260-0","regionId":"gaul2-73814","province":"Sumatera Selatan","region":"Ogan Ilir","roadName":"Unnamed OSM road","highway":"motorway_link","lengthMeters":10.492,"osmWayIds":["536527393"],"u":"540149535","v":"5926631260","key":0,"oneway":true,"source":"OpenStreetMap"},"geometry":{"type":"LineString","coordinates":[[104.7098049,-3.0997413],[104.7097197,-3.0997005]]}},{"type":"Feature","properties":{"segmentId":"osm-gaul2-73814-540149535-7716582501-0","regionId":"gaul2-73814","province":"Sumatera Selatan","region":"Ogan Ilir","roadName":"Jalan Lintas Timur Palembang-Prabumulih","highway":"trunk","lengthMeters":44.325,"osmWayIds":["43112883"],"u":"540149535","v":"7716582501","key":0,"oneway":true,"source":"OpenStreetMap"},"geometry":{"type":"LineString","coordinates":[[104.7098049,-3.0997413],[104.7095092,-3.1000091]]}},{"type":"Feature","properties":{"segmentId":"osm-gaul2-73814-540149536-540149535-0","regionId":"gaul2-73814","province":"Sumatera Selatan","region":"Ogan Ilir","roadName":"Jalan Lintas Timur Palembang-Prabumulih","highway":"trunk","lengthMeters":9.866,"osmWayIds":["43112883"],"u":"540149536","v":"540149535","key":0,"oneway":true,"source":"OpenStreetMap"},"geometry":{"type":"LineString","coordinates":[[104.709873,-3.0996843],[104.7098049,-3.0997413]]}},{"type":"Feature","properties":{"segmentId":"osm-gaul2-73814-540149536-7716582511-0","regionId":"gaul2-73814","province":"Sumatera Selatan","region":"Ogan Ilir","roadName":"Unnamed OSM road","highway":"motorway_link","lengthMeters":39.569,"osmWayIds":["1381363234"],"u":"540149536","v":"7716582511","key":0,"oneway":true,"source":"OpenStreetMap"},"geometry":{"type":"LineString","coordinates":[[104.709873,-3.0996843],[104.7102002,-3.0998253]]}},{"type":"Feature","properties":{"segmentId":"osm-gaul2-73814-5439133598-13973982809-0","regionId":"gaul2-73814","province":"Sumatera Selatan","region":"Ogan Ilir","roadName":"Jalan Lintas Timur Palembang-Prabumulih","highway":"trunk","lengthMeters":1784.565,"osmWayIds":["43112883"],"u":"5439133598","v":"13973982809","key":0,"oneway":true,"source":"OpenStreetMap"},"geometry":{"type":"LineString","coordinates":[[104.7254198,-3.0897189],[104.724489,-3.0906687],[104.7237806,-3.091383],[104.7232584,-3.0918279],[104.7215318,-3.0930615],[104.721014,-3.0933897],[104.7207025,-3.0935763],[104.718526,-3.0947875],[104.7177264,-3.0951779],[104.7160365,-3.0959249],[104.7154885,-3.0961191],[104.7141096,-3.0964873],[104.713621,-3.0966674],[104.7123686,-3.0972951],[104.712021,-3.0975719],[104.7117791,-3.0978152]]}},{"type":"Feature","properties":{"segmentId":"osm-gaul2-73814-5439133598-5785646008-0","regionId":"gaul2-73814","province":"Sumatera Selatan","region":"Ogan Ilir","roadName":"Unnamed OSM road","highway":"tertiary","lengthMeters":4632.523,"osmWayIds":["1473336621","1473336622","1530798778","564554567","610963221","817102427","817102428"],"u":"5439133598","v":"5785646008","key":0,"oneway":false,"source":"OpenStreetMap"},"geometry":{"type":"LineString","coordinates":[[104.7254198,-3.0897189],[104.725872,-3.0902562],[104.7259994,-3.0903936],[104.726082,-3.0904827],[104.7264084,-3.0908347],[104.7265318,-3.0909552],[104.7266793,-3.0910623],[104.7267969,-3.0911582],[104.7268504,-3.0912035],[104.7269851,-3.0913168],[104.7274813,-3.091748],[104.7282028,-3.0923801],[104.7290719,-3.0931353],[104.7300616,-3.093987],[104.7302758,-3.0941761],[104.7305185,-3.0943851],[104.7312149,-3.0950048],[104.7315717,-3.0953128],[104.7316736,-3.0953771],[104.7317675,-3.0954387],[104.7320357,-3.0955404],[104.7332212,-3.0959717],[104.7335682,-3.096139],[104.7352938,-3.0971454],[104.7354421,-3.0972438],[104.7376469,-3.0996329],[104.7379938,-3.0999495],[104.738804,-3.1006889],[104.739798,-3.1015961],[104.7407931,-3.1022683],[104.7410399,-3.1025897],[104.7418039,-3.1038743],[104.7421905,-3.1045422],[104.7423381,-3.1047511],[104.7425607,-3.1049519],[104.7430783,-3.1052573],[104.7436845,-3.1056161],[104.7444811,-3.1063312],[104.7448007,-3.1066282],[104.7454092,-3.1071936],[104.7458225,-3.1075444],[104.7460422,-3.1077213],[104.7465679,-3.1080427],[104.7474262,-3.1084096],[104.7484723,-3.1088756],[104.7494338,-3.1093001],[104.7495586,-3.1093564],[104.7498187,-3.1095411],[104.7507468,-3.1103031],[104.7520933,-3.1114494],[104.7532278,-3.1124779],[104.7540137,-3.1131554],[104.7542398,-3.113361],[104.7545193,-3.1136152],[104.7550973,-3.114141],[104.7565404,-3.1154373],[104.7571626,-3.1159797]]}},{"type":"Feature","properties":{"segmentId":"osm-gaul2-73814-5462628182-5462628183-0","regionId":"gaul2-73814","province":"Sumatera Selatan","region":"Ogan Ilir","roadName":"Jalan Lintas Timur","highway":"trunk","lengthMeters":12.465,"osmWayIds":["828827489"],"u":"5462628182","v":"5462628183","key":0,"oneway":true,"source":"OpenStreetMap"},"geometry":{"type":"LineString","coordinates":[[104.6647877,-3.2203994],[104.6648215,-3.2205063]]}},{"type":"Feature","properties":{"segmentId":"osm-gaul2-73814-5462628182-7701023626-0","regionId":"gaul2-73814","province":"Sumatera Selatan","region":"Ogan Ilir","roadName":"Simpang Susun Indralaya","highway":"motorway_link","lengthMeters":43.371,"osmWayIds":["807838235"],"u":"5462628182","v":"7701023626","key":0,"oneway":true,"source":"OpenStreetMap"},"geometry":{"type":"LineString","coordinates":[[104.6647877,-3.2203994],[104.6651162,-3.2201883]]}},{"type":"Feature","properties":{"segmentId":"osm-gaul2-73814-5462628183-7701023621-0","regionId":"gaul2-73814","province":"Sumatera Selatan","region":"Ogan Ilir","roadName":"Jalan Lintas Timur","highway":"trunk","lengthMeters":33.527,"osmWayIds":["828827489"],"u":"5462628183","v":"7701023621","key":0,"oneway":true,"source":"OpenStreetMap"},"geometry":{"type":"LineString","coordinates":[[104.6648215,-3.2205063],[104.6648378,-3.2205573],[104.6649174,-3.2207922]]}},{"type":"Feature","properties":{"segmentId":"osm-gaul2-73814-5462628183-7737106511-0","regionId":"gaul2-73814","province":"Sumatera Selatan","region":"Ogan Ilir","roadName":"Simpang Susun Indralaya","highway":"motorway_link","lengthMeters":10.047,"osmWayIds":["807838234"],"u":"5462628183","v":"7737106511","key":0,"oneway":true,"source":"OpenStreetMap"},"geometry":{"type":"LineString","coordinates":[[104.6648215,-3.2205063],[104.6647404,-3.2205464]]}},{"type":"Feature","properties":{"segmentId":"osm-gaul2-73814-5683721660-5698206404-0","regionId":"gaul2-73814","province":"Sumatera Selatan","region":"Ogan Ilir","roadName":"Unnamed OSM road","highway":"tertiary","lengthMeters":2004.066,"osmWayIds":["122393645","158436190","158436199","599088678"],"u":"5683721660","v":"5698206404","key":0,"oneway":false,"source":"OpenStreetMap"},"geometry":{"type":"LineString","coordinates":[[104.777426,-3.0290992],[104.7779068,-3.0304469],[104.7780515,-3.0308441],[104.7781671,-3.0311615],[104.7789001,-3.0332363],[104.7790614,-3.0336728],[104.7791245,-3.0338602],[104.7794058,-3.0346399],[104.7794309,-3.0347098],[104.779535,-3.0350003],[104.7796937,-3.0354683],[104.7798975,-3.0360696],[104.7800353,-3.0364758],[104.780489,-3.0378139],[104.7809037,-3.0390373],[104.7809887,-3.0392879],[104.7811297,-3.0397103],[104.7812088,-3.0399473],[104.7812697,-3.0401432],[104.7814073,-3.0405419],[104.7814773,-3.0407517],[104.781612,-3.041155],[104.781658,-3.0412579],[104.7817196,-3.041392],[104.7817961,-3.041503],[104.7819154,-3.0416116],[104.7820214,-3.041678],[104.7823921,-3.041835],[104.7826832,-3.0420006],[104.7851408,-3.0433163],[104.7859777,-3.0437234],[104.786092,-3.0437865]]}},{"type":"Feature","properties":{"segmentId":"osm-gaul2-73814-5698206404-1367824856-0","regionId":"gaul2-73814","province":"Sumatera Selatan","region":"Ogan Ilir","roadName":"Unnamed OSM road","highway":"tertiary","lengthMeters":8.267,"osmWayIds":["599088680"],"u":"5698206404","v":"1367824856","key":0,"oneway":false,"source":"OpenStreetMap"},"geometry":{"type":"LineString","coordinates":[[104.786092,-3.0437865],[104.7861572,-3.0438224]]}},{"type":"Feature","properties":{"segmentId":"osm-gaul2-73814-5698206404-5683721660-0","regionId":"gaul2-73814","province":"Sumatera Selatan","region":"Ogan Ilir","roadName":"Unnamed OSM road","highway":"tertiary","lengthMeters":2004.066,"osmWayIds":["122393645","158436190","158436199","599088678"],"u":"5698206404","v":"5683721660","key":0,"oneway":false,"source":"OpenStreetMap"},"geometry":{"type":"LineString","coordinates":[[104.786092,-3.0437865],[104.7859777,-3.0437234],[104.7851408,-3.0433163],[104.7826832,-3.0420006],[104.7823921,-3.041835],[104.7820214,-3.041678],[104.7819154,-3.0416116],[104.7817961,-3.041503],[104.7817196,-3.041392],[104.781658,-3.0412579],[104.781612,-3.041155],[104.7814773,-3.0407517],[104.7814073,-3.0405419],[104.7812697,-3.0401432],[104.7812088,-3.0399473],[104.7811297,-3.0397103],[104.7809887,-3.0392879],[104.7809037,-3.0390373],[104.780489,-3.0378139],[104.7800353,-3.0364758],[104.7798975,-3.0360696],[104.7796937,-3.0354683],[104.779535,-3.0350003],[104.7794309,-3.0347098],[104.7794058,-3.0346399],[104.7791245,-3.0338602],[104.7790614,-3.0336728],[104.7789001,-3.0332363],[104.7781671,-3.0311615],[104.7780515,-3.0308441],[104.7779068,-3.0304469],[104.777426,-3.0290992]]}},{"type":"Feature","properties":{"segmentId":"osm-gaul2-73814-5698206404-5698362812-0","regionId":"gaul2-73814","province":"Sumatera Selatan","region":"Ogan Ilir","roadName":"Unnamed OSM road","highway":"tertiary","lengthMeters":601.282,"osmWayIds":["598691844"],"u":"5698206404","v":"5698362812","key":0,"oneway":true,"source":"OpenStreetMap"},"geometry":{"type":"LineString","coordinates":[[104.786092,-3.0437865],[104.7862333,-3.0435764],[104.7866156,-3.0430487],[104.7866191,-3.0430438],[104.7873643,-3.0419877],[104.7874463,-3.041883],[104.7874506,-3.041877],[104.7880689,-3.0410095],[104.7883835,-3.0405215],[104.7887089,-3.0401114],[104.7888632,-3.0399682],[104.789383,-3.0395196]]}},{"type":"Feature","properties":{"segmentId":"osm-gaul2-73814-5698206419-11086738378-0","regionId":"gaul2-73814","province":"Sumatera Selatan","region":"Ogan Ilir","roadName":"Unnamed OSM road","highway":"tertiary_link","lengthMeters":8.696,"osmWayIds":["1220203741"],"u":"5698206419","v":"11086738378","key":0,"oneway":false,"source":"OpenStreetMap"},"geometry":{"type":"LineString","coordinates":[[104.7921674,-3.0372449],[104.7921141,-3.0371876]]}},{"type":"Feature","properties":{"segmentId":"osm-gaul2-73814-5698206419-7720651351-0","regionId":"gaul2-73814","province":"Sumatera Selatan","region":"Ogan Ilir","roadName":"Unnamed OSM road","highway":"tertiary","lengthMeters":389.607,"osmWayIds":["122390676"],"u":"5698206419","v":"7720651351","key":0,"oneway":true,"source":"OpenStreetMap"},"geometry":{"type":"LineString","coordinates":[[104.7921674,-3.0372449],[104.7917896,-3.0375691],[104.7915296,-3.0377918],[104.7907531,-3.0384604],[104.790426,-3.0387409],[104.7902613,-3.0388821],[104.7901476,-3.0389781],[104.789864,-3.0392142],[104.7897671,-3.0393058],[104.7895033,-3.0395247]]}},{"type":"Feature","properties":{"segmentId":"osm-gaul2-73814-5698362812-5698362816-0","regionId":"gaul2-73814","province":"Sumatera Selatan","region":"Ogan Ilir","roadName":"Unnamed OSM road","highway":"tertiary","lengthMeters":8.963,"osmWayIds":["598691844"],"u":"5698362812","v":"5698362816","key":0,"oneway":true,"source":"OpenStreetMap"},"geometry":{"type":"LineString","coordinates":[[104.789383,-3.0395196],[104.789448,-3.0394718]]}},{"type":"Feature","properties":{"segmentId":"osm-gaul2-73814-5698362816-11086738378-0","regionId":"gaul2-73814","province":"Sumatera Selatan","region":"Ogan Ilir","roadName":"Unnamed OSM road","highway":"tertiary","lengthMeters":390.08,"osmWayIds":["598691844"],"u":"5698362816","v":"11086738378","key":0,"oneway":true,"source":"OpenStreetMap"},"geometry":{"type":"LineString","coordinates":[[104.789448,-3.0394718],[104.7897474,-3.0392097],[104.7900416,-3.0389687],[104.790213,-3.0388218],[104.7912774,-3.0379062],[104.7921141,-3.0371876]]}},{"type":"Feature","properties":{"segmentId":"osm-gaul2-73814-5698362816-7720651351-0","regionId":"gaul2-73814","province":"Sumatera Selatan","region":"Ogan Ilir","roadName":"Unnamed OSM road","highway":"tertiary_link","lengthMeters":8.503,"osmWayIds":["1453506614"],"u":"5698362816","v":"7720651351","key":0,"oneway":true,"source":"OpenStreetMap"},"geometry":{"type":"LineString","coordinates":[[104.789448,-3.0394718],[104.7894759,-3.0394982],[104.7895033,-3.0395247]]}},{"type":"Feature","properties":{"segmentId":"osm-gaul2-73814-5698374955-1367824856-0","regionId":"gaul2-73814","province":"Sumatera Selatan","region":"Ogan Ilir","roadName":"Unnamed OSM road","highway":"tertiary","lengthMeters":598.757,"osmWayIds":["122390676"],"u":"5698374955","v":"1367824856","key":0,"oneway":true,"source":"OpenStreetMap"},"geometry":{"type":"LineString","coordinates":[[104.7894387,-3.039575],[104.7894207,-3.0395927],[104.7887618,-3.0401678],[104.7881284,-3.0410566],[104.787507,-3.0419284],[104.7866755,-3.0430952],[104.7861572,-3.0438224]]}},{"type":"Feature","properties":{"segmentId":"osm-gaul2-73814-5698374955-5698362812-0","regionId":"gaul2-73814","province":"Sumatera Selatan","region":"Ogan Ilir","roadName":"Unnamed OSM road","highway":"tertiary_link","lengthMeters":8.73,"osmWayIds":["1453506615"],"u":"5698374955","v":"5698362812","key":0,"oneway":true,"source":"OpenStreetMap"},"geometry":{"type":"LineString","coordinates":[[104.7894387,-3.039575],[104.7894113,-3.0395471],[104.789383,-3.0395196]]}},{"type":"Feature","properties":{"segmentId":"osm-gaul2-73814-5701724890-6504662590-0","regionId":"gaul2-73814","province":"Sumatera Selatan","region":"Ogan Ilir","roadName":"Unnamed OSM road","highway":"trunk","lengthMeters":892.398,"osmWayIds":["692839961"],"u":"5701724890","v":"6504662590","key":0,"oneway":false,"source":"OpenStreetMap"},"geometry":{"type":"LineString","coordinates":[[104.7731486,-3.0544794],[104.7710677,-3.0535434],[104.7695095,-3.0528482],[104.769431,-3.0528133],[104.7682363,-3.0522825],[104.7677385,-3.0520682],[104.7674774,-3.0520065],[104.7674124,-3.0519911],[104.7673429,-3.0519887],[104.7663952,-3.0519559],[104.7662654,-3.0519514],[104.7661691,-3.0519487],[104.7661216,-3.0519473],[104.7656364,-3.0519251]]}},{"type":"Feature","properties":{"segmentId":"osm-gaul2-73814-5701724890-6549538555-0","regionId":"gaul2-73814","province":"Sumatera Selatan","region":"Ogan Ilir","roadName":"Unnamed OSM road","highway":"trunk","lengthMeters":2770.403,"osmWayIds":["1033727830","43112432","692839961","817454340"],"u":"5701724890","v":"6549538555","key":0,"oneway":false,"source":"OpenStreetMap"},"geometry":{"type":"LineString","coordinates":[[104.7731486,-3.0544794],[104.7735115,-3.0546409],[104.773718,-3.0547382],[104.7746066,-3.0551569],[104.7756566,-3.0556263],[104.7771112,-3.0562765],[104.7781641,-3.0567314],[104.7782069,-3.0567499],[104.7790863,-3.0571323],[104.779094,-3.0571356],[104.7800325,-3.0575381],[104.78005,-3.0575457],[104.7810273,-3.0579686],[104.7811309,-3.0580134],[104.7811476,-3.0580206],[104.7812294,-3.0580543],[104.7813595,-3.0581126],[104.7815744,-3.058205],[104.7816427,-3.05823],[104.7818816,-3.0583219],[104.7820641,-3.0583864],[104.7821107,-3.0584035],[104.7821177,-3.0584061],[104.7821987,-3.0584358],[104.7822109,-3.0584404],[104.7822213,-3.0584442],[104.7824635,-3.0585345],[104.7828091,-3.0586736],[104.7829477,-3.0587278],[104.7840635,-3.0591049],[104.7853424,-3.059422],[104.7858568,-3.0595208],[104.7866058,-3.059661],[104.7879028,-3.0599123],[104.7884666,-3.060022],[104.7906811,-3.060442],[104.7924767,-3.0607836],[104.7946436,-3.0611958],[104.7948427,-3.0612313],[104.795134,-3.061291],[104.7965788,-3.0615736],[104.796901,-3.0616356]]}},{"type":"Feature","properties":{"segmentId":"osm-gaul2-73814-5701724890-7745976982-0","regionId":"gaul2-73814","province":"Sumatera Selatan","region":"Ogan Ilir","roadName":"Unnamed OSM road","highway":"tertiary","lengthMeters":1265.03,"osmWayIds":["611623160","611623161","849419497"],"u":"5701724890","v":"7745976982","key":0,"oneway":false,"source":"OpenStreetMap"},"geometry":{"type":"LineString","coordinates":[[104.7731486,-3.0544794],[104.773099,-3.0546146],[104.7730634,-3.0547318],[104.7730038,-3.0549233],[104.7728804,-3.0552755],[104.7728556,-3.0553726],[104.7728281,-3.0555052],[104.7727932,-3.0558782],[104.7727717,-3.056142],[104.7727624,-3.0564232],[104.7727516,-3.0567165],[104.772698,-3.0571129],[104.7726671,-3.0575776],[104.772651,-3.0578106],[104.7726296,-3.0584159],[104.7726168,-3.0586195],[104.7725773,-3.0589061],[104.7725618,-3.0589723],[104.7724901,-3.0592503],[104.7724016,-3.0595502],[104.7723077,-3.0599962],[104.7721106,-3.0608961],[104.7718947,-3.0617438],[104.7718397,-3.0619139],[104.7717807,-3.0620827],[104.7715818,-3.0625474],[104.7715775,-3.0625586],[104.7715255,-3.0626762],[104.7713699,-3.0630288],[104.7713142,-3.063155],[104.7710109,-3.0638423],[104.7705816,-3.0648228],[104.7705549,-3.0648883],[104.7705241,-3.0649542],[104.7705016,-3.064992],[104.7704265,-3.0650801],[104.7702974,-3.0652444],[104.7702679,-3.0653001],[104.7702518,-3.0653436]]}},{"type":"Feature","properties":{"segmentId":"osm-gaul2-73814-5701724890-8556045267-0","regionId":"gaul2-73814","province":"Sumatera Selatan","region":"Ogan Ilir","roadName":"Unnamed OSM road","highway":"tertiary","lengthMeters":2954.704,"osmWayIds":["158436215","612455539","612455543","824747905","824747906"],"u":"5701724890","v":"8556045267","key":0,"oneway":false,"source":"OpenStreetMap"},"geometry":{"type":"LineString","coordinates":[[104.7731486,-3.0544794],[104.7733901,-3.053871],[104.7735858,-3.0533323],[104.7737163,-3.0529145],[104.7738543,-3.0524081],[104.7740691,-3.0516203],[104.7741595,-3.0512889],[104.7742329,-3.0510196],[104.7743019,-3.0507664],[104.774337,-3.0506338],[104.7745469,-3.049828],[104.7746427,-3.0494794],[104.7748532,-3.0486844],[104.7750123,-3.0480833],[104.7750288,-3.0480211],[104.7751321,-3.0476233],[104.7751408,-3.0475731],[104.7751442,-3.0474995],[104.7751321,-3.0474258],[104.7751053,-3.0473381],[104.7750751,-3.0472751],[104.7750449,-3.0472202],[104.7750261,-3.0471506],[104.7750235,-3.0471044],[104.7750288,-3.0470649],[104.7750577,-3.0470026],[104.7752783,-3.0466845],[104.7753582,-3.0465474],[104.7754801,-3.0463383],[104.7759542,-3.0455248],[104.7759509,-3.0454933],[104.7759461,-3.0454471],[104.7759005,-3.0452971],[104.7758582,-3.0451675],[104.7756913,-3.044649],[104.7753106,-3.0434165],[104.7752035,-3.0430853],[104.775061,-3.0426321],[104.7750211,-3.0425142],[104.7749349,-3.0422598],[104.7748196,-3.0418366],[104.7747131,-3.0413905],[104.7746976,-3.041326],[104.7744709,-3.0403768],[104.774461,-3.0403493],[104.7741732,-3.0395546],[104.7740443,-3.0393713],[104.7737548,-3.0389439],[104.773573,-3.0387662],[104.7734716,-3.0386671],[104.7734493,-3.0386453],[104.7733766,-3.0385743],[104.7729334,-3.0382738],[104.7727919,-3.0381779],[104.7723285,-3.037849],[104.7720221,-3.0376315],[104.7716082,-3.0373332],[104.7715802,-3.0373251],[104.771496,-3.0372594],[104.7714397,-3.0372344],[104.7713323,-3.0371824],[104.7709545,-3.0369913],[104.7709038,-3.0369668],[104.7703215,-3.036686],[104.7700419,-3.0364828],[104.7695142,-3.0360994],[104.7690627,-3.0357989],[104.7686849,-3.0355526],[104.76847,-3.0354109],[104.7680546,-3.035147],[104.7653427,-3.033425]]}},{"type":"Feature","properties":{"segmentId":"osm-gaul2-73814-5703694070-5785646008-0","regionId":"gaul2-73814","province":"Sumatera Selatan","region":"Ogan Ilir","roadName":"Unnamed OSM road","highway":"tertiary","lengthMeters":10260.099,"osmWayIds":["599515555","610963205","610963218","611073353","611114110","611623160","814064383","814064384"],"u":"5703694070","v":"5785646008","key":0,"oneway":false,"source":"OpenStreetMap"},"geometry":{"type":"LineString","coordinates":[[104.769429,-3.066899],[104.7693982,-3.0669298],[104.7693586,-3.0669894],[104.769136,-3.0675599],[104.7691199,-3.0676604],[104.7691441,-3.0677621],[104.7692674,-3.0679858],[104.7692975,-3.0680663],[104.7694284,-3.068417],[104.7695276,-3.0687973],[104.7695797,-3.069012],[104.7696,-3.0691455],[104.7695999,-3.0692513],[104.7695477,-3.06955],[104.7695048,-3.0696691],[104.7693425,-3.0700213],[104.769309,-3.0701245],[104.7692808,-3.0702664],[104.7692567,-3.0705222],[104.7692691,-3.0708437],[104.769254,-3.0709454],[104.7692232,-3.071098],[104.7691454,-3.0713311],[104.7689751,-3.07169],[104.7689362,-3.0717837],[104.768853,-3.0720582],[104.7687775,-3.0723081],[104.768672,-3.0726381],[104.7685687,-3.0728711],[104.7684125,-3.0731021],[104.7683776,-3.0731564],[104.7683541,-3.0732072],[104.7683287,-3.0733211],[104.7683153,-3.0734563],[104.7683045,-3.0735782],[104.7682764,-3.0737161],[104.7682455,-3.0738099],[104.7680202,-3.0743241],[104.767984,-3.0744045],[104.7678566,-3.0746643],[104.7674623,-3.0754276],[104.7672491,-3.0758454],[104.7669976,-3.0763235],[104.7669725,-3.076355],[104.7668816,-3.076448],[104.7668132,-3.0764882],[104.7663975,-3.0766704],[104.7663463,-3.0766953],[104.7663009,-3.0767253],[104.7662204,-3.0767936],[104.7656558,-3.0773948],[104.7655378,-3.0775047],[104.7650148,-3.0780243],[104.7645561,-3.0784863],[104.7642517,-3.0787809],[104.7639781,-3.0790849],[104.7638547,-3.0792241],[104.7637894,-3.0793044],[104.7637206,-3.0793982],[104.7636361,-3.0795174],[104.7629052,-3.0806196],[104.7623232,-3.0814713],[104.7621515,-3.0817056],[104.7620738,-3.0817672],[104.7619638,-3.0817953],[104.7611484,-3.0819306],[104.7608574,-3.0819828],[104.7607152,-3.0820136],[104.7605516,-3.0820618],[104.760215,-3.0821717],[104.760152,-3.0822118],[104.760097,-3.0822667],[104.7600205,-3.082414],[104.759924,-3.082702],[104.7599106,-3.0827756],[104.7599266,-3.0828513],[104.7599789,-3.0829176],[104.7602525,-3.0830408],[104.7605234,-3.0831533],[104.7607025,-3.0832504],[104.7608426,-3.0833434],[104.7611913,-3.0836086],[104.7618887,-3.0841764],[104.7621287,-3.0843598],[104.7621945,-3.0844429],[104.7622266,-3.0845152],[104.7622615,-3.0846665],[104.7623245,-3.0852973],[104.7623983,-3.0858436],[104.7624975,-3.0862065],[104.7626236,-3.0864543],[104.762814,-3.0866927],[104.7633331,-3.0874426],[104.763549,-3.0877131],[104.7636791,-3.0878591],[104.7641699,-3.0883505],[104.7644153,-3.0886063],[104.7647063,-3.0888942],[104.764819,-3.0890576],[104.7651543,-3.0896201],[104.7652777,-3.0898705],[104.7653916,-3.090149],[104.7656062,-3.090824],[104.7657672,-3.0913034],[104.7658342,-3.0915042],[104.7662419,-3.0923854],[104.7663961,-3.0927309],[104.7666174,-3.0932143],[104.7670627,-3.0942709],[104.7674006,-3.0951575],[104.7675629,-3.0955806],[104.7677211,-3.0960333],[104.767807,-3.0962087],[104.7679304,-3.0963975],[104.7680443,-3.0965287],[104.7683957,-3.0968608],[104.7687859,-3.0971852],[104.7690502,-3.0974058],[104.7691776,-3.0975117],[104.7698307,-3.0979844],[104.7700547,-3.0980982],[104.7703001,-3.0982074],[104.7707152,-3.0983788],[104.7713605,-3.0986127],[104.7716734,-3.0987276],[104.7724141,-3.0989533],[104.7726229,-3.0990169],[104.7730091,-3.0991307],[104.7733845,-3.0992575],[104.7734157,-3.0992674],[104.7734705,-3.0992847],[104.7738392,-3.0993975],[104.7744334,-3.0995793],[104.775112,-3.0998418],[104.7752017,-3.0998834],[104.7755089,-3.1000185],[104.7760186,-3.1002623],[104.7769124,-3.1007497],[104.7772041,-3.1009318],[104.7775005,-3.1011809],[104.7776923,-3.1013577],[104.778049,-3.1017809],[104.7781442,-3.1019054],[104.7785693,-3.1025576],[104.7790951,-3.1033798],[104.7792143,-3.1036063],[104.7796825,-3.1044779],[104.7805595,-3.1062991],[104.7810316,-3.107124],[104.7814527,-3.1079034],[104.7817639,-3.1084591],[104.782016,-3.1089908],[104.7821608,-3.1094916],[104.782256,-3.1096965],[104.7823861,-3.1099094],[104.7828475,-3.1104477],[104.7828823,-3.1105221],[104.7828917,-3.1105612],[104.7828994,-3.1105977],[104.782905,-3.1106339],[104.7829085,-3.1106717],[104.7829135,-3.110749],[104.7829142,-3.1108937],[104.7829135,-3.1110453],[104.7829085,-3.1113172],[104.7829051,-3.1114293],[104.7828957,-3.1116124],[104.782883,-3.1119007],[104.7828719,-3.1121176],[104.7828622,-3.112349],[104.7828538,-3.1124969],[104.7828441,-3.1126215],[104.7828324,-3.1127075],[104.78282,-3.1127822],[104.7828086,-3.1128421],[104.7827838,-3.1129559],[104.7827576,-3.1130687],[104.7827103,-3.1132418],[104.7826817,-3.1133471],[104.7826574,-3.113439],[104.7826413,-3.1134969],[104.7826052,-3.1136124],[104.7825561,-3.1137768],[104.7825246,-3.1138675],[104.7824958,-3.1139475],[104.7824642,-3.1140255],[104.7824396,-3.1140808],[104.7824131,-3.1141342],[104.7823801,-3.1141946],[104.7823519,-3.1142385],[104.7823234,-3.1142793],[104.7822869,-3.1143305],[104.782199,-3.1144588],[104.782129,-3.1145609],[104.7820663,-3.1146412],[104.7819949,-3.1147333],[104.7819244,-3.114823],[104.7818728,-3.1148846],[104.7818168,-3.1149539],[104.7817835,-3.1149969],[104.7817511,-3.1150393],[104.7817065,-3.1151009],[104.7816847,-3.1151323],[104.7816589,-3.1151677],[104.7816341,-3.1151998],[104.781605,-3.1152347],[104.7815768,-3.1152667],[104.781548,-3.1152963],[104.7815213,-3.1153257],[104.7814936,-3.1153548],[104.7814613,-3.1153849],[104.7814251,-3.1154176],[104.7813751,-3.1154587],[104.7813176,-3.1155053],[104.7812574,-3.1155518],[104.7812043,-3.1155917],[104.7811329,-3.1156414],[104.7810891,-3.1156697],[104.7810345,-3.1157046],[104.7809176,-3.1157748],[104.7808497,-3.1158129],[104.7807751,-3.1158538],[104.7806802,-3.1159063],[104.7806051,-3.1159455],[104.7805341,-3.1159807],[104.7804813,-3.1160039],[104.7804186,-3.1160302],[104.7803547,-3.1160547],[104.7802182,-3.1161019],[104.7801254,-3.1161338],[104.7800238,-3.1161688],[104.7799928,-3.1161797],[104.7799621,-3.1161897],[104.7799222,-3.1162008],[104.779888,-3.116208],[104.7798506,-3.1162155],[104.7798144,-3.1162207],[104.7797653,-3.1162261],[104.7796595,-3.1162348],[104.779583,-3.1162405],[104.7794095,-3.1162532],[104.779262,-3.1162656],[104.7791044,-3.1162776],[104.7789029,-3.1162897],[104.778742,-3.1162984],[104.778659,-3.1163011],[104.7785167,-3.1163027],[104.7783916,-3.1163004],[104.7781539,-3.1162917],[104.7779605,-3.1162823],[104.777759,-3.1162716],[104.7776022,-3.1162605],[104.7774495,-3.1162528],[104.7772708,-3.1162502],[104.7770854,-3.1162395],[104.7769023,-3.1162247],[104.7768403,-3.1162209],[104.7767736,-3.1162177],[104.7766914,-3.1162123],[104.7766013,-3.1162045],[104.7764903,-3.116194],[104.7763528,-3.1161715],[104.7761889,-3.1161454],[104.7760112,-3.1161103],[104.7758627,-3.1160838],[104.7755116,-3.1160131],[104.774947,-3.1158056],[104.7748303,-3.115746],[104.7747311,-3.1156838],[104.7746801,-3.1156382],[104.7746399,-3.1155927],[104.7746295,-3.1155669],[104.7746238,-3.1155431],[104.7746117,-3.1154534],[104.774596,-3.1154008],[104.7745795,-3.1153497],[104.7745494,-3.115298],[104.7745205,-3.1152578],[104.7738567,-3.1145696],[104.7730748,-3.1137942],[104.7728106,-3.1135344],[104.77258,-3.1133456],[104.7722968,-3.1131629],[104.7718554,-3.1128527],[104.7718437,-3.1128447],[104.7716787,-3.1127376],[104.7715366,-3.1126412],[104.7713475,-3.1124939],[104.7712027,-3.1123788],[104.770744,-3.1120065],[104.7704843,-3.1117822],[104.7703175,-3.1116382],[104.7698736,-3.1112325],[104.7693492,-3.1108321],[104.7688128,-3.1104866],[104.7685795,-3.1103781],[104.7682013,-3.1102549],[104.7679974,-3.1102147],[104.7676729,-3.110196],[104.7668896,-3.1101638],[104.7663237,-3.110133],[104.7661655,-3.1101397],[104.7660622,-3.1101504],[104.7656934,-3.1102174],[104.7652763,-3.1102937],[104.764595,-3.1104665],[104.7644395,-3.1104946],[104.7641377,-3.110575],[104.7637314,-3.1107343],[104.7633358,-3.1108662],[104.7626384,-3.1111159],[104.7624405,-3.1111966],[104.7611735,-3.1117206],[104.7611366,-3.1117377],[104.7609983,-3.1118016],[104.760671,-3.111953],[104.7601184,-3.1124082],[104.7595284,-3.1130269],[104.7591046,-3.1135197],[104.7585708,-3.1141705],[104.7581658,-3.1147517],[104.7577178,-3.1154534],[104.7573793,-3.1158859],[104.7573477,-3.1159214],[104.7573102,-3.1159465],[104.7572736,-3.1159649],[104.7572404,-3.115974],[104.7571626,-3.1159797]]}},{"type":"Feature","properties":{"segmentId":"osm-gaul2-73814-5703694070-7745976982-0","regionId":"gaul2-73814","province":"Sumatera Selatan","region":"Ogan Ilir","roadName":"Unnamed OSM road","highway":"tertiary","lengthMeters":329.413,"osmWayIds":["611623160"],"u":"5703694070","v":"7745976982","key":0,"oneway":false,"source":"OpenStreetMap"},"geometry":{"type":"LineString","coordinates":[[104.769429,-3.066899],[104.7695347,-3.0668991],[104.7696617,-3.0669144],[104.7702304,-3.0670403],[104.7703578,-3.0670283],[104.7704637,-3.0669841],[104.7705549,-3.0668957],[104.7706139,-3.0667725],[104.7707252,-3.0665395],[104.7707909,-3.0663761],[104.7708084,-3.0662181],[104.7707762,-3.0660708],[104.7704194,-3.0656168],[104.7703202,-3.0654654],[104.7702518,-3.0653436]]}},{"type":"Feature","properties":{"segmentId":"osm-gaul2-73814-5703694070-7745976982-1","regionId":"gaul2-73814","province":"Sumatera Selatan","region":"Ogan Ilir","roadName":"Unnamed OSM road","highway":"tertiary","lengthMeters":195.621,"osmWayIds":["830610772"],"u":"5703694070","v":"7745976982","key":1,"oneway":false,"source":"OpenStreetMap"},"geometry":{"type":"LineString","coordinates":[[104.769429,-3.066899],[104.7696161,-3.0665247],[104.7700265,-3.065752],[104.7702518,-3.0653436]]}},{"type":"Feature","properties":{"segmentId":"osm-gaul2-73814-5785524725-5785646008-0","regionId":"gaul2-73814","province":"Sumatera Selatan","region":"Ogan Ilir","roadName":"Unnamed OSM road","highway":"tertiary","lengthMeters":13747.548,"osmWayIds":["1148438063","1353886666","1353886667","610871798","610948893","610948894","610963218","817140194","817140195","827331676","827331677","827331680","827331681"],"u":"5785524725","v":"5785646008","key":0,"oneway":false,"source":"OpenStreetMap"},"geometry":{"type":"LineString","coordinates":[[104.7374638,-3.2014161],[104.7374149,-3.2012247],[104.7373827,-3.2010506],[104.7373639,-3.2009261],[104.7373438,-3.2007667],[104.7373585,-3.200511],[104.7374108,-3.200199],[104.7375128,-3.1997317],[104.7376589,-3.1990702],[104.7377984,-3.1984757],[104.7380385,-3.1977365],[104.7383282,-3.1971085],[104.7386393,-3.1965368],[104.7389357,-3.1959784],[104.7392763,-3.1953544],[104.7396371,-3.1948443],[104.7398396,-3.194618],[104.740077,-3.1943903],[104.7402701,-3.194243],[104.7404458,-3.1941399],[104.7411096,-3.1938239],[104.741579,-3.1935936],[104.7421262,-3.1933271],[104.7422884,-3.1932361],[104.7424923,-3.1930848],[104.7427069,-3.1928879],[104.7427444,-3.1928444],[104.7428302,-3.192734],[104.7429027,-3.1926362],[104.7430824,-3.1924099],[104.7431789,-3.1922787],[104.7434968,-3.1918649],[104.7439621,-3.1912543],[104.7441713,-3.1909705],[104.7443108,-3.190775],[104.744579,-3.1904081],[104.7447078,-3.1902447],[104.7447708,-3.190163],[104.7448258,-3.190072],[104.7449291,-3.1898765],[104.7451021,-3.1895096],[104.7451839,-3.189298],[104.7452174,-3.1892304],[104.7453287,-3.1890262],[104.7453824,-3.1889311],[104.7454387,-3.1888508],[104.7455433,-3.1887142],[104.7456264,-3.1886232],[104.7457337,-3.1885281],[104.7459255,-3.1883861],[104.746006,-3.1883393],[104.7460704,-3.1883071],[104.7461173,-3.1882884],[104.7461817,-3.1882696],[104.746297,-3.1882509],[104.7465867,-3.1882081],[104.7466638,-3.1881886],[104.7467188,-3.1881679],[104.7467724,-3.1881465],[104.7469568,-3.1880567],[104.7471573,-3.1879523],[104.7473297,-3.1878686],[104.7473585,-3.1878532],[104.7475643,-3.1877635],[104.7475959,-3.1877494],[104.7476638,-3.1877171],[104.747728,-3.1876959],[104.7478567,-3.187649],[104.748072,-3.1875888],[104.7482952,-3.1875586],[104.7489792,-3.1874903],[104.7497249,-3.1874207],[104.75015,-3.1873872],[104.7502486,-3.1873765],[104.7504356,-3.187335],[104.7506449,-3.1872721],[104.7508547,-3.1871951],[104.7511545,-3.1870364],[104.7513597,-3.1869132],[104.7515085,-3.1868155],[104.7516614,-3.1867217],[104.7518264,-3.1866019],[104.7518874,-3.1865657],[104.7519498,-3.1865135],[104.7520812,-3.186383],[104.7524071,-3.1860844],[104.7525077,-3.1859893],[104.7525479,-3.1859578],[104.7525921,-3.1859223],[104.7530629,-3.1855287],[104.7534169,-3.1852354],[104.7537616,-3.1849422],[104.75418,-3.1845672],[104.7546118,-3.1841816],[104.7547513,-3.1840611],[104.7550464,-3.1838107],[104.7553481,-3.1835643],[104.755564,-3.1833956],[104.7556713,-3.1832992],[104.7558403,-3.1831345],[104.7559141,-3.1830555],[104.7561125,-3.1828425],[104.7563995,-3.182552],[104.7566691,-3.1822587],[104.7568408,-3.1820244],[104.7569682,-3.1818624],[104.757113,-3.18162],[104.7572619,-3.1813227],[104.7574684,-3.1809331],[104.7575408,-3.180751],[104.7576636,-3.1804647],[104.7577205,-3.1803319],[104.7578788,-3.1798685],[104.7580022,-3.1794374],[104.7581054,-3.1789995],[104.7581524,-3.1787652],[104.7581711,-3.1786192],[104.7581792,-3.1785081],[104.7581778,-3.1783742],[104.7581698,-3.1782336],[104.7581658,-3.1778653],[104.758151,-3.1776016],[104.7581322,-3.177461],[104.7581061,-3.1772902],[104.7580518,-3.1769883],[104.757982,-3.1765691],[104.7579613,-3.1764942],[104.7579351,-3.1764366],[104.7579016,-3.1763803],[104.7578479,-3.1763174],[104.7577232,-3.1761996],[104.7572914,-3.1757791],[104.7571009,-3.1755916],[104.7567523,-3.1752609],[104.7564036,-3.1749281],[104.7562587,-3.1747802],[104.7558108,-3.1742472],[104.7554085,-3.1737692],[104.7552113,-3.1735295],[104.7550383,-3.1732938],[104.7549069,-3.173097],[104.7546427,-3.1727582],[104.7539654,-3.1720378],[104.7538823,-3.1719468],[104.7538219,-3.1718678],[104.7536194,-3.1715906],[104.7533432,-3.1711915],[104.7532949,-3.1711206],[104.7530588,-3.1708353],[104.7529811,-3.1707376],[104.7527423,-3.1704564],[104.7524124,-3.1700426],[104.7522549,-3.1698384],[104.751935,-3.1694561],[104.7517144,-3.1692171],[104.7515246,-3.1690062],[104.7513354,-3.1687808],[104.7513181,-3.1687625],[104.751184,-3.1686339],[104.7510928,-3.1685188],[104.7510405,-3.1684237],[104.7510016,-3.1683139],[104.7509654,-3.1681479],[104.7509536,-3.1680907],[104.7508916,-3.1678372],[104.7508487,-3.1676671],[104.7508058,-3.1674623],[104.7507535,-3.1673002],[104.7506905,-3.1670739],[104.750673,-3.1669668],[104.7506569,-3.1667486],[104.7506583,-3.1665289],[104.7506542,-3.1664111],[104.7506623,-3.1662384],[104.7506656,-3.1661011],[104.7506623,-3.1660389],[104.7506576,-3.1659712],[104.7506449,-3.1659157],[104.7506315,-3.165842],[104.7506301,-3.1658099],[104.7506301,-3.1657791],[104.750665,-3.1656345],[104.7507119,-3.1655196],[104.750724,-3.1654835],[104.7507307,-3.1654497],[104.7507381,-3.1653881],[104.7508112,-3.1649395],[104.7509439,-3.1645404],[104.7510204,-3.1643784],[104.7510633,-3.1642981],[104.7511075,-3.1642284],[104.751243,-3.1640316],[104.7514844,-3.1637276],[104.7515421,-3.1636667],[104.7517687,-3.1634625],[104.7519332,-3.1633264],[104.7520034,-3.1632683],[104.7523789,-3.1629711],[104.7526485,-3.1626818],[104.7527947,-3.1624984],[104.7529154,-3.1623364],[104.7533271,-3.1618503],[104.7539225,-3.1608995],[104.7546261,-3.1597778],[104.7548103,-3.1594855],[104.7558027,-3.1581545],[104.7565645,-3.1571127],[104.7571517,-3.1564572],[104.7572243,-3.1563762],[104.7578976,-3.1557548],[104.7584447,-3.1552996],[104.7587612,-3.155013],[104.7591528,-3.1544211],[104.7592199,-3.1539873],[104.7591233,-3.1536846],[104.7587854,-3.1531329],[104.7582811,-3.1524366],[104.7578144,-3.1519626],[104.7574571,-3.1516401],[104.7573423,-3.1515341],[104.7566611,-3.150578],[104.7566223,-3.1505271],[104.7562678,-3.1500693],[104.7562671,-3.1500681],[104.7562453,-3.150029],[104.7561058,-3.1496406],[104.7559521,-3.1491921],[104.7558296,-3.1488345],[104.7558186,-3.1487948],[104.755813,-3.1487766],[104.7556525,-3.1481944],[104.7555991,-3.1480273],[104.7554809,-3.1475972],[104.7553655,-3.1471151],[104.7552878,-3.1467723],[104.755387,-3.1464911],[104.7556069,-3.1461804],[104.7558327,-3.1458758],[104.7558966,-3.1457894],[104.7562239,-3.1454279],[104.7566718,-3.1450369],[104.7569502,-3.1448584],[104.7575784,-3.1444557],[104.7580934,-3.1440941],[104.7582245,-3.1440376],[104.7585064,-3.1439361],[104.7591823,-3.1438344],[104.7597683,-3.1437728],[104.7597809,-3.1437719],[104.7599226,-3.1437621],[104.760789,-3.1437754],[104.7615588,-3.1437915],[104.7620711,-3.1437995],[104.7622427,-3.1438424],[104.7624385,-3.1439094],[104.7626021,-3.1439094],[104.7629938,-3.143837],[104.7637957,-3.1434862],[104.7641122,-3.1433041],[104.7643483,-3.1431139],[104.7644153,-3.1430122],[104.7644797,-3.1427872],[104.7644797,-3.1424005],[104.7644797,-3.1423804],[104.7644797,-3.1423265],[104.7643885,-3.1420427],[104.7641417,-3.1415981],[104.7638995,-3.141218],[104.7638413,-3.1411267],[104.763557,-3.1407437],[104.7635488,-3.1407334],[104.7632566,-3.1403634],[104.7631267,-3.1402113],[104.7628382,-3.1398733],[104.7627731,-3.1398254],[104.76246,-3.1395948],[104.7619012,-3.139258],[104.7618645,-3.1392359],[104.7612905,-3.1389681],[104.7611774,-3.1389227],[104.7611177,-3.1388988],[104.7606763,-3.1387217],[104.7599521,-3.1385182],[104.7588256,-3.1382664],[104.7581497,-3.1381513],[104.7574872,-3.1380441],[104.7568515,-3.1379102],[104.7561286,-3.137787],[104.7556043,-3.1376692],[104.7550356,-3.1375647],[104.7545072,-3.1374496],[104.7540489,-3.1373678],[104.753952,-3.1373505],[104.7536516,-3.1372916],[104.7532118,-3.1372152],[104.7528422,-3.1370853],[104.75277,-3.1370627],[104.7520664,-3.1367881],[104.7513235,-3.1365202],[104.750905,-3.1363247],[104.7507294,-3.1362102],[104.7505751,-3.1360837],[104.7502667,-3.1357784],[104.7501437,-3.1356375],[104.7498858,-3.1353365],[104.7497487,-3.1351605],[104.7493762,-3.1347178],[104.7491093,-3.1343174],[104.7489953,-3.1341032],[104.7489323,-3.1339411],[104.7488558,-3.1337135],[104.7487136,-3.133135],[104.7485206,-3.131962],[104.7484797,-3.1318013],[104.7482309,-3.1308116],[104.7481341,-3.1303585],[104.7480848,-3.1300807],[104.7480525,-3.129877],[104.7479868,-3.1293454],[104.7478671,-3.1287374],[104.7478546,-3.1286815],[104.7478393,-3.1285794],[104.7478305,-3.1285108],[104.7478036,-3.1279295],[104.7477883,-3.1277518],[104.7477067,-3.1271164],[104.7477212,-3.1269832],[104.7477723,-3.1265493],[104.7478795,-3.1261583],[104.7480002,-3.1258209],[104.7481584,-3.1255343],[104.7483516,-3.125245],[104.7485313,-3.1250227],[104.748719,-3.1248728],[104.7489162,-3.1247445],[104.7490335,-3.1246665],[104.7496887,-3.1242902],[104.7504987,-3.1237988],[104.7510365,-3.1234238],[104.7511311,-3.1233517],[104.7515488,-3.1230194],[104.7520717,-3.1226338],[104.7524728,-3.122378],[104.7526029,-3.1222822],[104.7527209,-3.1221811],[104.7528456,-3.1220593],[104.7529489,-3.1219374],[104.7533915,-3.1212919],[104.7539386,-3.1203572],[104.7543248,-3.1196663],[104.7546333,-3.1191092],[104.7550839,-3.11852],[104.7558295,-3.1175585],[104.7561676,-3.1170684],[104.7568944,-3.1162395],[104.7570983,-3.1160359],[104.7571626,-3.1159797]]}},{"type":"Feature","properties":{"segmentId":"osm-gaul2-73814-5785524725-5795434172-0","regionId":"gaul2-73814","province":"Sumatera Selatan","region":"Ogan Ilir","roadName":"Unnamed OSM road","highway":"tertiary","lengthMeters":13007.652,"osmWayIds":["1148438062","1148438063","1280461510","1280461511","610749673","610749716","610986381","815152874","815152875"],"u":"5785524725","v":"5795434172","key":0,"oneway":false,"source":"OpenStreetMap"},"geometry":{"type":"LineString","coordinates":[[104.7374638,-3.2014161],[104.7375651,-3.2017402],[104.7376093,-3.2018587],[104.7376479,-3.2019514],[104.7377971,-3.2022289],[104.7378413,-3.2023053],[104.7379071,-3.202395],[104.7381096,-3.2026521],[104.7383577,-3.2029225],[104.7388431,-3.2034461],[104.7393152,-3.2040165],[104.7395519,-3.2042863],[104.7399422,-3.2047503],[104.7403472,-3.2052209],[104.7405852,-3.2055075],[104.7406704,-3.2056119],[104.7407703,-3.2057519],[104.7410177,-3.2061274],[104.7411458,-3.2063169],[104.741522,-3.2068934],[104.7417238,-3.2072221],[104.7418942,-3.2075013],[104.7422274,-3.2079478],[104.7423649,-3.2081219],[104.7424044,-3.2082036],[104.7424306,-3.208296],[104.7424279,-3.2084017],[104.7424125,-3.2084955],[104.7423951,-3.2085504],[104.7423535,-3.208612],[104.7422958,-3.2086521],[104.7419934,-3.2087814],[104.7416662,-3.2089106],[104.7414583,-3.2089842],[104.7413148,-3.2090217],[104.7401896,-3.2092426],[104.7397833,-3.2093444],[104.7390208,-3.2095519],[104.7388324,-3.2096162],[104.7387124,-3.2096718],[104.7386031,-3.2097314],[104.7380707,-3.2100648],[104.7374276,-3.2105308],[104.737323,-3.2106245],[104.7372546,-3.2107028],[104.7369616,-3.2111333],[104.7367993,-3.2113609],[104.7366994,-3.2115143],[104.7366189,-3.2116696],[104.7365921,-3.2117446],[104.7365807,-3.2118336],[104.7366062,-3.2124696],[104.7366223,-3.2126745],[104.7367027,-3.2133112],[104.7367752,-3.2136694],[104.7368234,-3.2138689],[104.7368851,-3.2140845],[104.7369247,-3.2141969],[104.7369736,-3.214288],[104.7370414,-3.2144192],[104.7371171,-3.2145337],[104.7371795,-3.2146241],[104.7372633,-3.2147111],[104.737443,-3.2148463],[104.7377327,-3.2150204],[104.7383791,-3.2154114],[104.7386782,-3.215556],[104.73888,-3.215637],[104.739055,-3.2157187],[104.7391804,-3.2158024],[104.7392549,-3.2158693],[104.7393501,-3.2159898],[104.7395834,-3.2163366],[104.7397873,-3.2165937],[104.7398986,-3.2167517],[104.7399978,-3.2169191],[104.7400609,-3.2170463],[104.7401038,-3.2171641],[104.7401234,-3.2172215],[104.7401373,-3.2172619],[104.7401507,-3.2173375],[104.7401722,-3.2175337],[104.7403412,-3.2186089],[104.7403881,-3.219032],[104.7404364,-3.2193239],[104.740482,-3.219589],[104.7405168,-3.219964],[104.7405249,-3.2203148],[104.7404981,-3.2207111],[104.7404793,-3.2209307],[104.7404391,-3.2213163],[104.7403774,-3.2215306],[104.7402406,-3.2218225],[104.7400609,-3.2221251],[104.7397336,-3.2225777],[104.7394386,-3.222966],[104.7392428,-3.2233248],[104.739114,-3.2236649],[104.7390014,-3.2240961],[104.7388445,-3.2246759],[104.7387412,-3.2250119],[104.7385588,-3.2254833],[104.7382772,-3.2261822],[104.738237,-3.2264179],[104.7382088,-3.2265732],[104.7382101,-3.2268611],[104.7382276,-3.2272681],[104.7382504,-3.2276859],[104.7382799,-3.2280849],[104.7383241,-3.2284638],[104.738351,-3.2289606],[104.738351,-3.2293074],[104.7383255,-3.2297358],[104.7382611,-3.2300411],[104.7382168,-3.2302192],[104.7380532,-3.230633],[104.7379754,-3.2308258],[104.737891,-3.2309784],[104.7376402,-3.2312837],[104.7374122,-3.2314765],[104.7371694,-3.2316492],[104.7368677,-3.2318139],[104.7365372,-3.2319651],[104.7362433,-3.2320965],[104.7359424,-3.2321936],[104.7357194,-3.2322332],[104.7355254,-3.2322289],[104.7353292,-3.2321997],[104.7350681,-3.2320896],[104.7349314,-3.2319852],[104.7347855,-3.2318422],[104.7345793,-3.2316357],[104.7343608,-3.2314128],[104.7342563,-3.2313139],[104.7341167,-3.2312252],[104.733883,-3.2311347],[104.7334325,-3.2309456],[104.7330185,-3.2307462],[104.7328456,-3.2306931],[104.7327059,-3.2306688],[104.7325324,-3.2306695],[104.7320952,-3.2307179],[104.7316341,-3.2307486],[104.7309494,-3.2307599],[104.7303893,-3.2308078],[104.7297803,-3.2309032],[104.7296044,-3.2309521],[104.7294291,-3.231032],[104.7291474,-3.2312092],[104.7289178,-3.2313786],[104.7287393,-3.2314551],[104.7285032,-3.2315622],[104.7275886,-3.2318059],[104.7268805,-3.2319853],[104.7260731,-3.2322103],[104.7252148,-3.2324566],[104.7248688,-3.2325718],[104.7246945,-3.2326602],[104.7245496,-3.2327726],[104.7243673,-3.2329494],[104.7240588,-3.2332734],[104.7237664,-3.2335948],[104.7234164,-3.234038],[104.7231482,-3.2343995],[104.722892,-3.2347155],[104.7226158,-3.2350194],[104.7220954,-3.2355684],[104.7215751,-3.2361361],[104.7213753,-3.2363517],[104.7212197,-3.2364816],[104.7209931,-3.2366704],[104.7206899,-3.2368324],[104.7201012,-3.2370868],[104.7194884,-3.2373453],[104.7190457,-3.237534],[104.7187037,-3.2376826],[104.7183685,-3.2377992],[104.7181419,-3.2378607],[104.7180474,-3.2378697],[104.717706,-3.2378634],[104.7174579,-3.2378583],[104.7173506,-3.2378527],[104.7172457,-3.2378522],[104.7169698,-3.2378138],[104.7167431,-3.2377683],[104.7164441,-3.2377067],[104.7162415,-3.2376826],[104.7160189,-3.2376599],[104.7157494,-3.2376464],[104.7156749,-3.2376503],[104.7154838,-3.2376612],[104.7151029,-3.2377241],[104.7145946,-3.2378326],[104.7144143,-3.2378666],[104.714026,-3.237921],[104.7136033,-3.2379985],[104.7135379,-3.2380067],[104.7131919,-3.2381004],[104.7128324,-3.2382022],[104.7125535,-3.2382704],[104.7123207,-3.2383254],[104.7122796,-3.238334],[104.7121565,-3.2383521],[104.7119118,-3.2384235],[104.7117482,-3.2384679],[104.7115578,-3.2385071],[104.7114907,-3.2385238],[104.7112218,-3.2386172],[104.7107162,-3.2387833],[104.7104278,-3.238881],[104.7100764,-3.2389908],[104.7097374,-3.2390909],[104.7096688,-3.2391086],[104.7094085,-3.2391729],[104.709021,-3.2392666],[104.7087322,-3.2393079],[104.7086562,-3.2393188],[104.7082928,-3.2393068],[104.707983,-3.2392693],[104.7075149,-3.2391689],[104.7074363,-3.2391384],[104.7073948,-3.2391223],[104.707114,-3.2390256],[104.7071013,-3.2390188],[104.7068921,-3.2389069],[104.7068768,-3.2388984],[104.7068517,-3.2388844],[104.7066486,-3.2387685],[104.7063012,-3.2385449],[104.7060089,-3.238332],[104.7056535,-3.238087],[104.7055288,-3.2379893],[104.7053954,-3.2378756],[104.7053263,-3.2377911],[104.7050621,-3.2374804],[104.7047858,-3.2371698],[104.7045243,-3.2368418],[104.7043124,-3.2365418],[104.7042011,-3.2363651],[104.7040911,-3.236187],[104.7039302,-3.2359353],[104.7037464,-3.2355805],[104.7035144,-3.2351681],[104.7032355,-3.2348065],[104.703172,-3.2347364],[104.7028935,-3.2344544],[104.7025972,-3.2341901],[104.7025086,-3.2341223],[104.7022484,-3.2339282],[104.7021438,-3.2338652],[104.7020092,-3.233797],[104.7019611,-3.233781],[104.7019238,-3.2337689],[104.7014572,-3.2336738],[104.7011373,-3.2336165],[104.7010133,-3.2336108],[104.7007531,-3.2335774],[104.700458,-3.2335747],[104.7002381,-3.2335921],[104.6999793,-3.2336376],[104.6997164,-3.2336831],[104.6994817,-3.2337783],[104.6992081,-3.2339496],[104.6989238,-3.2341598],[104.6987025,-3.2342589],[104.6984786,-3.234366],[104.6982935,-3.2344798],[104.6982077,-3.2345508],[104.6981245,-3.2346405],[104.6979944,-3.234844],[104.6978402,-3.235089],[104.6975505,-3.2355001],[104.697458,-3.2356648],[104.697377,-3.235783],[104.6971468,-3.2361616],[104.6967419,-3.2368806],[104.6964374,-3.2375434],[104.6961196,-3.2382383],[104.6959847,-3.2384983],[104.6958661,-3.2386614],[104.6957669,-3.2388167],[104.6953873,-3.2391314],[104.6950293,-3.239272],[104.694753,-3.2392827],[104.694645,-3.2392845],[104.6944248,-3.2392883],[104.6944121,-3.2392905],[104.6943676,-3.2392874],[104.6943148,-3.2392806],[104.694057,-3.239209],[104.6940003,-3.2391787],[104.6938115,-3.2390778],[104.6937988,-3.2390713],[104.6935617,-3.2389494],[104.6935227,-3.2389293],[104.6931759,-3.2387578],[104.6930077,-3.2386718],[104.6927963,-3.2385637],[104.692449,-3.238415],[104.6921673,-3.2382758],[104.6918589,-3.238087],[104.6916443,-3.2378781],[104.6913707,-3.2376478],[104.6912111,-3.237538],[104.6908839,-3.2373546],[104.6905513,-3.2372635],[104.690204,-3.2372769],[104.6900984,-3.2372928],[104.689866,-3.2373278],[104.6895536,-3.2374068],[104.6892585,-3.2375313],[104.689005,-3.2377282],[104.6886228,-3.23802],[104.6883331,-3.2382664],[104.6881078,-3.2384914],[104.6879093,-3.2387859],[104.6878476,-3.238889],[104.6877753,-3.2389667],[104.6874239,-3.2392358],[104.6873953,-3.2392581],[104.6871982,-3.2394117],[104.6870323,-3.2395411],[104.6866178,-3.2398531],[104.6861283,-3.240224],[104.6854819,-3.2405976],[104.6854266,-3.2406212],[104.6854101,-3.2406316],[104.685156,-3.2407355],[104.6848221,-3.2409055],[104.684743,-3.2409283],[104.6846518,-3.2409644],[104.6841784,-3.2413032],[104.6836348,-3.2417325],[104.683627,-3.2417387],[104.6835856,-3.2417704],[104.6831551,-3.2420892],[104.6829979,-3.2421843],[104.6829852,-3.242192],[104.6826428,-3.2424239],[104.6821681,-3.2427586],[104.6819857,-3.2429247],[104.6817912,-3.2431496],[104.6813889,-3.243633],[104.6811059,-3.243973],[104.6809516,-3.2441793],[104.680658,-3.2445435],[104.6803857,-3.2449398],[104.6800826,-3.2453267],[104.6799418,-3.245541],[104.6797997,-3.2457753],[104.6796146,-3.2460578],[104.6795462,-3.246185],[104.6794604,-3.2463377],[104.6793625,-3.2465144],[104.6793142,-3.2466952],[104.6791841,-3.2470567],[104.6791506,-3.2471343],[104.6790987,-3.2472094],[104.6789829,-3.2473673],[104.6787912,-3.2476123],[104.6785954,-3.2478493],[104.6783432,-3.2481453],[104.6780804,-3.2484412],[104.6779355,-3.2486139],[104.677725,-3.2488817],[104.6776182,-3.2490182],[104.6775533,-3.2491066],[104.6771108,-3.2496248],[104.676695,-3.2501456],[104.6766239,-3.2502353],[104.6765394,-3.2503505],[104.6765093,-3.2503813],[104.6764724,-3.250404],[104.676396,-3.2504442],[104.6756162,-3.2507596],[104.6750555,-3.2510015],[104.6744425,-3.2512343],[104.673913,-3.2514485],[104.6731838,-3.2517557]]}},{"type":"Feature","properties":{"segmentId":"osm-gaul2-73814-5785524725-7690512179-0","regionId":"gaul2-73814","province":"Sumatera Selatan","region":"Ogan Ilir","roadName":"Unnamed OSM road","highway":"tertiary","lengthMeters":7825.839,"osmWayIds":["536540183","610949022","612473360","807838228","807838229","820855937","827232123","827232124","827232125","827232126"],"u":"5785524725","v":"7690512179","key":0,"oneway":false,"source":"OpenStreetMap"},"geometry":{"type":"LineString","coordinates":[[104.7374638,-3.2014161],[104.7372352,-3.2015849],[104.736869,-3.2018272],[104.7365928,-3.2019718],[104.7361718,-3.2021974],[104.7359123,-3.2023163],[104.735715,-3.2023901],[104.7355863,-3.2023997],[104.7354729,-3.202409],[104.7352302,-3.2024043],[104.7349928,-3.2024003],[104.7345811,-3.2024191],[104.7343384,-3.2024432],[104.7341265,-3.2024833],[104.7338475,-3.2025382],[104.7336102,-3.2026052],[104.733354,-3.2026882],[104.7331247,-3.2027886],[104.7329101,-3.2028904],[104.7326472,-3.2030029],[104.7324125,-3.2030872],[104.7322731,-3.2031087],[104.732096,-3.203102],[104.7319351,-3.2030618],[104.7317567,-3.2029942],[104.731349,-3.2027819],[104.7308904,-3.2025248],[104.7305156,-3.2022597],[104.730256,-3.2020374],[104.7299623,-3.2017951],[104.7296572,-3.2015474],[104.7295211,-3.2014496],[104.7293517,-3.2013351],[104.7291268,-3.2011832],[104.7289149,-3.2010345],[104.728801,-3.2009368],[104.7286937,-3.2008163],[104.7285005,-3.2005431],[104.7282028,-3.2001548],[104.727948,-3.1998468],[104.7276288,-3.1994505],[104.7275584,-3.1993875],[104.7274531,-3.1993239],[104.7273391,-3.1992684],[104.7272681,-3.1992483],[104.7271581,-3.1992289],[104.727026,-3.1992188],[104.726674,-3.1992456],[104.7262421,-3.1993159],[104.7259122,-3.1994304],[104.7255919,-3.1995407],[104.725247,-3.1996594],[104.724905,-3.1997866],[104.7244893,-3.1999767],[104.7242888,-3.2000229],[104.7241782,-3.2000323],[104.7240353,-3.2000196],[104.7239294,-3.2000008],[104.7237048,-3.1999124],[104.7233319,-3.199729],[104.7231978,-3.1996754],[104.7230396,-3.1996299],[104.722656,-3.1995255],[104.7225365,-3.1994953],[104.7224012,-3.1994612],[104.7222295,-3.199413],[104.7220981,-3.1993594],[104.7218956,-3.1992724],[104.7216192,-3.199059],[104.7215644,-3.1990166],[104.7211325,-3.1987462],[104.7208858,-3.1986123],[104.7206638,-3.1985136],[104.7204941,-3.1984382],[104.7200315,-3.1982494],[104.7198451,-3.1981583],[104.7197109,-3.1980847],[104.7195514,-3.1979602],[104.7194535,-3.197857],[104.7191852,-3.1975357],[104.7191036,-3.197458],[104.7189827,-3.1973429],[104.7188017,-3.1972009],[104.7187453,-3.1971741],[104.7186877,-3.19715],[104.7185925,-3.197128],[104.7170958,-3.1971045],[104.7137678,-3.1970563],[104.7136787,-3.1970567],[104.7136451,-3.1970563],[104.7133568,-3.197069],[104.713169,-3.197071],[104.7125387,-3.1970456],[104.7068082,-3.1969612],[104.7053665,-3.1969413],[104.7018716,-3.196893],[104.697462,-3.1968427],[104.6967056,-3.196834],[104.694008,-3.1967922],[104.6937397,-3.1968986],[104.6932616,-3.1968209],[104.6930719,-3.1968716],[104.6916872,-3.1975116],[104.6914405,-3.197608],[104.6912071,-3.1976321],[104.6910381,-3.1976267],[104.6900618,-3.1975598],[104.6899036,-3.1975357],[104.6883506,-3.1973616],[104.6869236,-3.196976],[104.6857488,-3.196676],[104.6849441,-3.1963225],[104.684574,-3.1960869],[104.6822754,-3.1939016],[104.6820822,-3.193765],[104.6818274,-3.1936659],[104.6816128,-3.1936124],[104.6812883,-3.1935749],[104.6791023,-3.1934249],[104.6772462,-3.1932374],[104.6762297,-3.1931865],[104.6741912,-3.1930018],[104.6738639,-3.1929643],[104.6736333,-3.1929134],[104.6733785,-3.1928223],[104.6712917,-3.1922412]]}},{"type":"Feature","properties":{"segmentId":"osm-gaul2-73814-5785646008-5439133598-0","regionId":"gaul2-73814","province":"Sumatera Selatan","region":"Ogan Ilir","roadName":"Unnamed OSM road","highway":"tertiary","lengthMeters":4632.523,"osmWayIds":["1473336621","1473336622","1530798778","564554567","610963221","817102427","817102428"],"u":"5785646008","v":"5439133598","key":0,"oneway":false,"source":"OpenStreetMap"},"geometry":{"type":"LineString","coordinates":[[104.7571626,-3.1159797],[104.7565404,-3.1154373],[104.7550973,-3.114141],[104.7545193,-3.1136152],[104.7542398,-3.113361],[104.7540137,-3.1131554],[104.7532278,-3.1124779],[104.7520933,-3.1114494],[104.7507468,-3.1103031],[104.7498187,-3.1095411],[104.7495586,-3.1093564],[104.7494338,-3.1093001],[104.7484723,-3.1088756],[104.7474262,-3.1084096],[104.7465679,-3.1080427],[104.7460422,-3.1077213],[104.7458225,-3.1075444],[104.7454092,-3.1071936],[104.7448007,-3.1066282],[104.7444811,-3.1063312],[104.7436845,-3.1056161],[104.7430783,-3.1052573],[104.7425607,-3.1049519],[104.7423381,-3.1047511],[104.7421905,-3.1045422],[104.7418039,-3.1038743],[104.7410399,-3.1025897],[104.7407931,-3.1022683],[104.739798,-3.1015961],[104.738804,-3.1006889],[104.7379938,-3.0999495],[104.7376469,-3.0996329],[104.7354421,-3.0972438],[104.7352938,-3.0971454],[104.7335682,-3.096139],[104.7332212,-3.0959717],[104.7320357,-3.0955404],[104.7317675,-3.0954387],[104.7316736,-3.0953771],[104.7315717,-3.0953128],[104.7312149,-3.0950048],[104.7305185,-3.0943851],[104.7302758,-3.0941761],[104.7300616,-3.093987],[104.7290719,-3.0931353],[104.7282028,-3.0923801],[104.7274813,-3.091748],[104.7269851,-3.0913168],[104.7268504,-3.0912035],[104.7267969,-3.0911582],[104.7266793,-3.0910623],[104.7265318,-3.0909552],[104.7264084,-3.0908347],[104.726082,-3.0904827],[104.7259994,-3.0903936],[104.725872,-3.0902562],[104.7254198,-3.0897189]]}},{"type":"Feature","properties":{"segmentId":"osm-gaul2-73814-5785646008-5703694070-0","regionId":"gaul2-73814","province":"Sumatera Selatan","region":"Ogan Ilir","roadName":"Unnamed OSM road","highway":"tertiary","lengthMeters":10260.099,"osmWayIds":["599515555","610963205","610963218","611073353","611114110","611623160","814064383","814064384"],"u":"5785646008","v":"5703694070","key":0,"oneway":false,"source":"OpenStreetMap"},"geometry":{"type":"LineString","coordinates":[[104.7571626,-3.1159797],[104.7572404,-3.115974],[104.7572736,-3.1159649],[104.7573102,-3.1159465],[104.7573477,-3.1159214],[104.7573793,-3.1158859],[104.7577178,-3.1154534],[104.7581658,-3.1147517],[104.7585708,-3.1141705],[104.7591046,-3.1135197],[104.7595284,-3.1130269],[104.7601184,-3.1124082],[104.760671,-3.111953],[104.7609983,-3.1118016],[104.7611366,-3.1117377],[104.7611735,-3.1117206],[104.7624405,-3.1111966],[104.7626384,-3.1111159],[104.7633358,-3.1108662],[104.7637314,-3.1107343],[104.7641377,-3.110575],[104.7644395,-3.1104946],[104.764595,-3.1104665],[104.7652763,-3.1102937],[104.7656934,-3.1102174],[104.7660622,-3.1101504],[104.7661655,-3.1101397],[104.7663237,-3.110133],[104.7668896,-3.1101638],[104.7676729,-3.110196],[104.7679974,-3.1102147],[104.7682013,-3.1102549],[104.7685795,-3.1103781],[104.7688128,-3.1104866],[104.7693492,-3.1108321],[104.7698736,-3.1112325],[104.7703175,-3.1116382],[104.7704843,-3.1117822],[104.770744,-3.1120065],[104.7712027,-3.1123788],[104.7713475,-3.1124939],[104.7715366,-3.1126412],[104.7716787,-3.1127376],[104.7718437,-3.1128447],[104.7718554,-3.1128527],[104.7722968,-3.1131629],[104.77258,-3.1133456],[104.7728106,-3.1135344],[104.7730748,-3.1137942],[104.7738567,-3.1145696],[104.7745205,-3.1152578],[104.7745494,-3.115298],[104.7745795,-3.1153497],[104.774596,-3.1154008],[104.7746117,-3.1154534],[104.7746238,-3.1155431],[104.7746295,-3.1155669],[104.7746399,-3.1155927],[104.7746801,-3.1156382],[104.7747311,-3.1156838],[104.7748303,-3.115746],[104.774947,-3.1158056],[104.7755116,-3.1160131],[104.7758627,-3.1160838],[104.7760112,-3.1161103],[104.7761889,-3.1161454],[104.7763528,-3.1161715],[104.7764903,-3.116194],[104.7766013,-3.1162045],[104.7766914,-3.1162123],[104.7767736,-3.1162177],[104.7768403,-3.1162209],[104.7769023,-3.1162247],[104.7770854,-3.1162395],[104.7772708,-3.1162502],[104.7774495,-3.1162528],[104.7776022,-3.1162605],[104.777759,-3.1162716],[104.7779605,-3.1162823],[104.7781539,-3.1162917],[104.7783916,-3.1163004],[104.7785167,-3.1163027],[104.778659,-3.1163011],[104.778742,-3.1162984],[104.7789029,-3.1162897],[104.7791044,-3.1162776],[104.779262,-3.1162656],[104.7794095,-3.1162532],[104.779583,-3.1162405],[104.7796595,-3.1162348],[104.7797653,-3.1162261],[104.7798144,-3.1162207],[104.7798506,-3.1162155],[104.779888,-3.116208],[104.7799222,-3.1162008],[104.7799621,-3.1161897],[104.7799928,-3.1161797],[104.7800238,-3.1161688],[104.7801254,-3.1161338],[104.7802182,-3.1161019],[104.7803547,-3.1160547],[104.7804186,-3.1160302],[104.7804813,-3.1160039],[104.7805341,-3.1159807],[104.7806051,-3.1159455],[104.7806802,-3.1159063],[104.7807751,-3.1158538],[104.7808497,-3.1158129],[104.7809176,-3.1157748],[104.7810345,-3.1157046],[104.7810891,-3.1156697],[104.7811329,-3.1156414],[104.7812043,-3.1155917],[104.7812574,-3.1155518],[104.7813176,-3.1155053],[104.7813751,-3.1154587],[104.7814251,-3.1154176],[104.7814613,-3.1153849],[104.7814936,-3.1153548],[104.7815213,-3.1153257],[104.781548,-3.1152963],[104.7815768,-3.1152667],[104.781605,-3.1152347],[104.7816341,-3.1151998],[104.7816589,-3.1151677],[104.7816847,-3.1151323],[104.7817065,-3.1151009],[104.7817511,-3.1150393],[104.7817835,-3.1149969],[104.7818168,-3.1149539],[104.7818728,-3.1148846],[104.7819244,-3.114823],[104.7819949,-3.1147333],[104.7820663,-3.1146412],[104.782129,-3.1145609],[104.782199,-3.1144588],[104.7822869,-3.1143305],[104.7823234,-3.1142793],[104.7823519,-3.1142385],[104.7823801,-3.1141946],[104.7824131,-3.1141342],[104.7824396,-3.1140808],[104.7824642,-3.1140255],[104.7824958,-3.1139475],[104.7825246,-3.1138675],[104.7825561,-3.1137768],[104.7826052,-3.1136124],[104.7826413,-3.1134969],[104.7826574,-3.113439],[104.7826817,-3.1133471],[104.7827103,-3.1132418],[104.7827576,-3.1130687],[104.7827838,-3.1129559],[104.7828086,-3.1128421],[104.78282,-3.1127822],[104.7828324,-3.1127075],[104.7828441,-3.1126215],[104.7828538,-3.1124969],[104.7828622,-3.112349],[104.7828719,-3.1121176],[104.782883,-3.1119007],[104.7828957,-3.1116124],[104.7829051,-3.1114293],[104.7829085,-3.1113172],[104.7829135,-3.1110453],[104.7829142,-3.1108937],[104.7829135,-3.110749],[104.7829085,-3.1106717],[104.782905,-3.1106339],[104.7828994,-3.1105977],[104.7828917,-3.1105612],[104.7828823,-3.1105221],[104.7828475,-3.1104477],[104.7823861,-3.1099094],[104.782256,-3.1096965],[104.7821608,-3.1094916],[104.782016,-3.1089908],[104.7817639,-3.1084591],[104.7814527,-3.1079034],[104.7810316,-3.107124],[104.7805595,-3.1062991],[104.7796825,-3.1044779],[104.7792143,-3.1036063],[104.7790951,-3.1033798],[104.7785693,-3.1025576],[104.7781442,-3.1019054],[104.778049,-3.1017809],[104.7776923,-3.1013577],[104.7775005,-3.1011809],[104.7772041,-3.1009318],[104.7769124,-3.1007497],[104.7760186,-3.1002623],[104.7755089,-3.1000185],[104.7752017,-3.0998834],[104.775112,-3.0998418],[104.7744334,-3.0995793],[104.7738392,-3.0993975],[104.7734705,-3.0992847],[104.7734157,-3.0992674],[104.7733845,-3.0992575],[104.7730091,-3.0991307],[104.7726229,-3.0990169],[104.7724141,-3.0989533],[104.7716734,-3.0987276],[104.7713605,-3.0986127],[104.7707152,-3.0983788],[104.7703001,-3.0982074],[104.7700547,-3.0980982],[104.7698307,-3.0979844],[104.7691776,-3.0975117],[104.7690502,-3.0974058],[104.7687859,-3.0971852],[104.7683957,-3.0968608],[104.7680443,-3.0965287],[104.7679304,-3.0963975],[104.767807,-3.0962087],[104.7677211,-3.0960333],[104.7675629,-3.0955806],[104.7674006,-3.0951575],[104.7670627,-3.0942709],[104.7666174,-3.0932143],[104.7663961,-3.0927309],[104.7662419,-3.0923854],[104.7658342,-3.0915042],[104.7657672,-3.0913034],[104.7656062,-3.090824],[104.7653916,-3.090149],[104.7652777,-3.0898705],[104.7651543,-3.0896201],[104.764819,-3.0890576],[104.7647063,-3.0888942],[104.7644153,-3.0886063],[104.7641699,-3.0883505],[104.7636791,-3.0878591],[104.763549,-3.0877131],[104.7633331,-3.0874426],[104.762814,-3.0866927],[104.7626236,-3.0864543],[104.7624975,-3.0862065],[104.7623983,-3.0858436],[104.7623245,-3.0852973],[104.7622615,-3.0846665],[104.7622266,-3.0845152],[104.7621945,-3.0844429],[104.7621287,-3.0843598],[104.7618887,-3.0841764],[104.7611913,-3.0836086],[104.7608426,-3.0833434],[104.7607025,-3.0832504],[104.7605234,-3.0831533],[104.7602525,-3.0830408],[104.7599789,-3.0829176],[104.7599266,-3.0828513],[104.7599106,-3.0827756],[104.759924,-3.082702],[104.7600205,-3.082414],[104.760097,-3.0822667],[104.760152,-3.0822118],[104.760215,-3.0821717],[104.7605516,-3.0820618],[104.7607152,-3.0820136],[104.7608574,-3.0819828],[104.7611484,-3.0819306],[104.7619638,-3.0817953],[104.7620738,-3.0817672],[104.7621515,-3.0817056],[104.7623232,-3.0814713],[104.7629052,-3.0806196],[104.7636361,-3.0795174],[104.7637206,-3.0793982],[104.7637894,-3.0793044],[104.7638547,-3.0792241],[104.7639781,-3.0790849],[104.7642517,-3.0787809],[104.7645561,-3.0784863],[104.7650148,-3.0780243],[104.7655378,-3.0775047],[104.7656558,-3.0773948],[104.7662204,-3.0767936],[104.7663009,-3.0767253],[104.7663463,-3.0766953],[104.7663975,-3.0766704],[104.7668132,-3.0764882],[104.7668816,-3.076448],[104.7669725,-3.076355],[104.7669976,-3.0763235],[104.7672491,-3.0758454],[104.7674623,-3.0754276],[104.7678566,-3.0746643],[104.767984,-3.0744045],[104.7680202,-3.0743241],[104.7682455,-3.0738099],[104.7682764,-3.0737161],[104.7683045,-3.0735782],[104.7683153,-3.0734563],[104.7683287,-3.0733211],[104.7683541,-3.0732072],[104.7683776,-3.0731564],[104.7684125,-3.0731021],[104.7685687,-3.0728711],[104.768672,-3.0726381],[104.7687775,-3.0723081],[104.768853,-3.0720582],[104.7689362,-3.0717837],[104.7689751,-3.07169],[104.7691454,-3.0713311],[104.7692232,-3.071098],[104.769254,-3.0709454],[104.7692691,-3.0708437],[104.7692567,-3.0705222],[104.7692808,-3.0702664],[104.769309,-3.0701245],[104.7693425,-3.0700213],[104.7695048,-3.0696691],[104.7695477,-3.06955],[104.7695999,-3.0692513],[104.7696,-3.0691455],[104.7695797,-3.069012],[104.7695276,-3.0687973],[104.7694284,-3.068417],[104.7692975,-3.0680663],[104.7692674,-3.0679858],[104.7691441,-3.0677621],[104.7691199,-3.0676604],[104.769136,-3.0675599],[104.7693586,-3.0669894],[104.7693982,-3.0669298],[104.769429,-3.066899]]}},{"type":"Feature","properties":{"segmentId":"osm-gaul2-73814-5785646008-5785524725-0","regionId":"gaul2-73814","province":"Sumatera Selatan","region":"Ogan Ilir","roadName":"Unnamed OSM road","highway":"tertiary","lengthMeters":13747.548,"osmWayIds":["1148438063","1353886666","1353886667","610871798","610948893","610948894","610963218","817140194","817140195","827331676","827331677","827331680","827331681"],"u":"5785646008","v":"5785524725","key":0,"oneway":false,"source":"OpenStreetMap"},"geometry":{"type":"LineString","coordinates":[[104.7571626,-3.1159797],[104.7570983,-3.1160359],[104.7568944,-3.1162395],[104.7561676,-3.1170684],[104.7558295,-3.1175585],[104.7550839,-3.11852],[104.7546333,-3.1191092],[104.7543248,-3.1196663],[104.7539386,-3.1203572],[104.7533915,-3.1212919],[104.7529489,-3.1219374],[104.7528456,-3.1220593],[104.7527209,-3.1221811],[104.7526029,-3.1222822],[104.7524728,-3.122378],[104.7520717,-3.1226338],[104.7515488,-3.1230194],[104.7511311,-3.1233517],[104.7510365,-3.1234238],[104.7504987,-3.1237988],[104.7496887,-3.1242902],[104.7490335,-3.1246665],[104.7489162,-3.1247445],[104.748719,-3.1248728],[104.7485313,-3.1250227],[104.7483516,-3.125245],[104.7481584,-3.1255343],[104.7480002,-3.1258209],[104.7478795,-3.1261583],[104.7477723,-3.1265493],[104.7477212,-3.1269832],[104.7477067,-3.1271164],[104.7477883,-3.1277518],[104.7478036,-3.1279295],[104.7478305,-3.1285108],[104.7478393,-3.1285794],[104.7478546,-3.1286815],[104.7478671,-3.1287374],[104.7479868,-3.1293454],[104.7480525,-3.129877],[104.7480848,-3.1300807],[104.7481341,-3.1303585],[104.7482309,-3.1308116],[104.7484797,-3.1318013],[104.7485206,-3.131962],[104.7487136,-3.133135],[104.7488558,-3.1337135],[104.7489323,-3.1339411],[104.7489953,-3.1341032],[104.7491093,-3.1343174],[104.7493762,-3.1347178],[104.7497487,-3.1351605],[104.7498858,-3.1353365],[104.7501437,-3.1356375],[104.7502667,-3.1357784],[104.7505751,-3.1360837],[104.7507294,-3.1362102],[104.750905,-3.1363247],[104.7513235,-3.1365202],[104.7520664,-3.1367881],[104.75277,-3.1370627],[104.7528422,-3.1370853],[104.7532118,-3.1372152],[104.7536516,-3.1372916],[104.753952,-3.1373505],[104.7540489,-3.1373678],[104.7545072,-3.1374496],[104.7550356,-3.1375647],[104.7556043,-3.1376692],[104.7561286,-3.137787],[104.7568515,-3.1379102],[104.7574872,-3.1380441],[104.7581497,-3.1381513],[104.7588256,-3.1382664],[104.7599521,-3.1385182],[104.7606763,-3.1387217],[104.7611177,-3.1388988],[104.7611774,-3.1389227],[104.7612905,-3.1389681],[104.7618645,-3.1392359],[104.7619012,-3.139258],[104.76246,-3.1395948],[104.7627731,-3.1398254],[104.7628382,-3.1398733],[104.7631267,-3.1402113],[104.7632566,-3.1403634],[104.7635488,-3.1407334],[104.763557,-3.1407437],[104.7638413,-3.1411267],[104.7638995,-3.141218],[104.7641417,-3.1415981],[104.7643885,-3.1420427],[104.7644797,-3.1423265],[104.7644797,-3.1423804],[104.7644797,-3.1424005],[104.7644797,-3.1427872],[104.7644153,-3.1430122],[104.7643483,-3.1431139],[104.7641122,-3.1433041],[104.7637957,-3.1434862],[104.7629938,-3.143837],[104.7626021,-3.1439094],[104.7624385,-3.1439094],[104.7622427,-3.1438424],[104.7620711,-3.1437995],[104.7615588,-3.1437915],[104.760789,-3.1437754],[104.7599226,-3.1437621],[104.7597809,-3.1437719],[104.7597683,-3.1437728],[104.7591823,-3.1438344],[104.7585064,-3.1439361],[104.7582245,-3.1440376],[104.7580934,-3.1440941],[104.7575784,-3.1444557],[104.7569502,-3.1448584],[104.7566718,-3.1450369],[104.7562239,-3.1454279],[104.7558966,-3.1457894],[104.7558327,-3.1458758],[104.7556069,-3.1461804],[104.755387,-3.1464911],[104.7552878,-3.1467723],[104.7553655,-3.1471151],[104.7554809,-3.1475972],[104.7555991,-3.1480273],[104.7556525,-3.1481944],[104.755813,-3.1487766],[104.7558186,-3.1487948],[104.7558296,-3.1488345],[104.7559521,-3.1491921],[104.7561058,-3.1496406],[104.7562453,-3.150029],[104.7562671,-3.1500681],[104.7562678,-3.1500693],[104.7566223,-3.1505271],[104.7566611,-3.150578],[104.7573423,-3.1515341],[104.7574571,-3.1516401],[104.7578144,-3.1519626],[104.7582811,-3.1524366],[104.7587854,-3.1531329],[104.7591233,-3.1536846],[104.7592199,-3.1539873],[104.7591528,-3.1544211],[104.7587612,-3.155013],[104.7584447,-3.1552996],[104.7578976,-3.1557548],[104.7572243,-3.1563762],[104.7571517,-3.1564572],[104.7565645,-3.1571127],[104.7558027,-3.1581545],[104.7548103,-3.1594855],[104.7546261,-3.1597778],[104.7539225,-3.1608995],[104.7533271,-3.1618503],[104.7529154,-3.1623364],[104.7527947,-3.1624984],[104.7526485,-3.1626818],[104.7523789,-3.1629711],[104.7520034,-3.1632683],[104.7519332,-3.1633264],[104.7517687,-3.1634625],[104.7515421,-3.1636667],[104.7514844,-3.1637276],[104.751243,-3.1640316],[104.7511075,-3.1642284],[104.7510633,-3.1642981],[104.7510204,-3.1643784],[104.7509439,-3.1645404],[104.7508112,-3.1649395],[104.7507381,-3.1653881],[104.7507307,-3.1654497],[104.750724,-3.1654835],[104.7507119,-3.1655196],[104.750665,-3.1656345],[104.7506301,-3.1657791],[104.7506301,-3.1658099],[104.7506315,-3.165842],[104.7506449,-3.1659157],[104.7506576,-3.1659712],[104.7506623,-3.1660389],[104.7506656,-3.1661011],[104.7506623,-3.1662384],[104.7506542,-3.1664111],[104.7506583,-3.1665289],[104.7506569,-3.1667486],[104.750673,-3.1669668],[104.7506905,-3.1670739],[104.7507535,-3.1673002],[104.7508058,-3.1674623],[104.7508487,-3.1676671],[104.7508916,-3.1678372],[104.7509536,-3.1680907],[104.7509654,-3.1681479],[104.7510016,-3.1683139],[104.7510405,-3.1684237],[104.7510928,-3.1685188],[104.751184,-3.1686339],[104.7513181,-3.1687625],[104.7513354,-3.1687808],[104.7515246,-3.1690062],[104.7517144,-3.1692171],[104.751935,-3.1694561],[104.7522549,-3.1698384],[104.7524124,-3.1700426],[104.7527423,-3.1704564],[104.7529811,-3.1707376],[104.7530588,-3.1708353],[104.7532949,-3.1711206],[104.7533432,-3.1711915],[104.7536194,-3.1715906],[104.7538219,-3.1718678],[104.7538823,-3.1719468],[104.7539654,-3.1720378],[104.7546427,-3.1727582],[104.7549069,-3.173097],[104.7550383,-3.1732938],[104.7552113,-3.1735295],[104.7554085,-3.1737692],[104.7558108,-3.1742472],[104.7562587,-3.1747802],[104.7564036,-3.1749281],[104.7567523,-3.1752609],[104.7571009,-3.1755916],[104.7572914,-3.1757791],[104.7577232,-3.1761996],[104.7578479,-3.1763174],[104.7579016,-3.1763803],[104.7579351,-3.1764366],[104.7579613,-3.1764942],[104.757982,-3.1765691],[104.7580518,-3.1769883],[104.7581061,-3.1772902],[104.7581322,-3.177461],[104.758151,-3.1776016],[104.7581658,-3.1778653],[104.7581698,-3.1782336],[104.7581778,-3.1783742],[104.7581792,-3.1785081],[104.7581711,-3.1786192],[104.7581524,-3.1787652],[104.7581054,-3.1789995],[104.7580022,-3.1794374],[104.7578788,-3.1798685],[104.7577205,-3.1803319],[104.7576636,-3.1804647],[104.7575408,-3.180751],[104.7574684,-3.1809331],[104.7572619,-3.1813227],[104.757113,-3.18162],[104.7569682,-3.1818624],[104.7568408,-3.1820244],[104.7566691,-3.1822587],[104.7563995,-3.182552],[104.7561125,-3.1828425],[104.7559141,-3.1830555],[104.7558403,-3.1831345],[104.7556713,-3.1832992],[104.755564,-3.1833956],[104.7553481,-3.1835643],[104.7550464,-3.1838107],[104.7547513,-3.1840611],[104.7546118,-3.1841816],[104.75418,-3.1845672],[104.7537616,-3.1849422],[104.7534169,-3.1852354],[104.7530629,-3.1855287],[104.7525921,-3.1859223],[104.7525479,-3.1859578],[104.7525077,-3.1859893],[104.7524071,-3.1860844],[104.7520812,-3.186383],[104.7519498,-3.1865135],[104.7518874,-3.1865657],[104.7518264,-3.1866019],[104.7516614,-3.1867217],[104.7515085,-3.1868155],[104.7513597,-3.1869132],[104.7511545,-3.1870364],[104.7508547,-3.1871951],[104.7506449,-3.1872721],[104.7504356,-3.187335],[104.7502486,-3.1873765],[104.75015,-3.1873872],[104.7497249,-3.1874207],[104.7489792,-3.1874903],[104.7482952,-3.1875586],[104.748072,-3.1875888],[104.7478567,-3.187649],[104.747728,-3.1876959],[104.7476638,-3.1877171],[104.7475959,-3.1877494],[104.7475643,-3.1877635],[104.7473585,-3.1878532],[104.7473297,-3.1878686],[104.7471573,-3.1879523],[104.7469568,-3.1880567],[104.7467724,-3.1881465],[104.7467188,-3.1881679],[104.7466638,-3.1881886],[104.7465867,-3.1882081],[104.746297,-3.1882509],[104.7461817,-3.1882696],[104.7461173,-3.1882884],[104.7460704,-3.1883071],[104.746006,-3.1883393],[104.7459255,-3.1883861],[104.7457337,-3.1885281],[104.7456264,-3.1886232],[104.7455433,-3.1887142],[104.7454387,-3.1888508],[104.7453824,-3.1889311],[104.7453287,-3.1890262],[104.7452174,-3.1892304],[104.7451839,-3.189298],[104.7451021,-3.1895096],[104.7449291,-3.1898765],[104.7448258,-3.190072],[104.7447708,-3.190163],[104.7447078,-3.1902447],[104.744579,-3.1904081],[104.7443108,-3.190775],[104.7441713,-3.1909705],[104.7439621,-3.1912543],[104.7434968,-3.1918649],[104.7431789,-3.1922787],[104.7430824,-3.1924099],[104.7429027,-3.1926362],[104.7428302,-3.192734],[104.7427444,-3.1928444],[104.7427069,-3.1928879],[104.7424923,-3.1930848],[104.7422884,-3.1932361],[104.7421262,-3.1933271],[104.741579,-3.1935936],[104.7411096,-3.1938239],[104.7404458,-3.1941399],[104.7402701,-3.194243],[104.740077,-3.1943903],[104.7398396,-3.194618],[104.7396371,-3.1948443],[104.7392763,-3.1953544],[104.7389357,-3.1959784],[104.7386393,-3.1965368],[104.7383282,-3.1971085],[104.7380385,-3.1977365],[104.7377984,-3.1984757],[104.7376589,-3.1990702],[104.7375128,-3.1997317],[104.7374108,-3.200199],[104.7373585,-3.200511],[104.7373438,-3.2007667],[104.7373639,-3.2009261],[104.7373827,-3.2010506],[104.7374149,-3.2012247],[104.7374638,-3.2014161]]}},{"type":"Feature","properties":{"segmentId":"osm-gaul2-73814-5786206793-5932649602-0","regionId":"gaul2-73814","province":"Sumatera Selatan","region":"Ogan Ilir","roadName":"Unnamed OSM road","highway":"tertiary","lengthMeters":20462.25,"osmWayIds":["611050075","611086152","612827100","612827105","612897290","612906742","628652828","628652833"],"u":"5786206793","v":"5932649602","key":0,"oneway":false,"source":"OpenStreetMap"},"geometry":{"type":"LineString","coordinates":[[104.4915215,-3.7911936],[104.4925032,-3.7907119],[104.4936834,-3.7901177],[104.4947831,-3.7895236],[104.4961886,-3.7880302],[104.4967679,-3.787238],[104.496827,-3.7866599],[104.4966768,-3.7860497],[104.4960437,-3.784658],[104.4958662,-3.7839651],[104.4957433,-3.7834857],[104.4958345,-3.7829023],[104.4961403,-3.7825704],[104.4965641,-3.7823724],[104.4974063,-3.7819602],[104.4996486,-3.780788],[104.5023792,-3.779332],[104.5034899,-3.7788171],[104.5043952,-3.7785388],[104.5055284,-3.7781855],[104.5084788,-3.7773933],[104.5103242,-3.7768794],[104.5114669,-3.7764737],[104.512057,-3.7762943],[104.5124969,-3.7761311],[104.5128965,-3.7760133],[104.5132184,-3.7759973],[104.5135108,-3.7760294],[104.5138702,-3.7761926],[104.5143059,-3.7765168],[104.5145661,-3.7767898],[104.514837,-3.7771083],[104.5150704,-3.7773331],[104.5153386,-3.7774508],[104.5155666,-3.7774856],[104.5158053,-3.7774053],[104.5160762,-3.7770949],[104.5164719,-3.7764683],[104.5172015,-3.7751756],[104.5174992,-3.7746671],[104.517864,-3.7740997],[104.51832,-3.7735671],[104.5190012,-3.7730907],[104.5201331,-3.7724216],[104.5207795,-3.7720844],[104.5211711,-3.7719077],[104.5225713,-3.7713136],[104.523797,-3.7705535],[104.5247304,-3.769871],[104.5258248,-3.7689931],[104.526093,-3.7686532],[104.5261976,-3.7683776],[104.526211,-3.7680323],[104.5261547,-3.7674596],[104.5260501,-3.7668172],[104.5260876,-3.7659661],[104.5265624,-3.7645931],[104.526777,-3.7643121],[104.5272008,-3.7638517],[104.5281047,-3.763279],[104.5287269,-3.7629391],[104.528971,-3.7627009],[104.5295745,-3.7616624],[104.5296925,-3.7614269],[104.5297542,-3.7608782],[104.5297837,-3.7600378],[104.5299178,-3.7596685],[104.5303497,-3.7589592],[104.5312268,-3.7576585],[104.5319349,-3.7565879],[104.5320609,-3.756256],[104.532128,-3.7557314],[104.5321441,-3.7553086],[104.532187,-3.7549874],[104.532482,-3.7543263],[104.5330104,-3.7532397],[104.5334154,-3.7523805],[104.5338526,-3.7515669],[104.5341665,-3.7511279],[104.5346197,-3.7507479],[104.5352286,-3.7504213],[104.5358348,-3.7500252],[104.5362586,-3.7497576],[104.5368379,-3.7493909],[104.5371115,-3.7491982],[104.5373583,-3.7488824],[104.5376667,-3.7484461],[104.5381629,-3.7478359],[104.5388013,-3.746875],[104.5391902,-3.7462782],[104.5394215,-3.745852],[104.5395228,-3.7456653],[104.5399681,-3.7447472],[104.5402873,-3.743872],[104.5406547,-3.7430744],[104.5409149,-3.7425338],[104.5412287,-3.741605],[104.5414433,-3.7410135],[104.5416605,-3.7405639],[104.5419931,-3.7402748],[104.5423767,-3.740066],[104.5427817,-3.7399509],[104.543243,-3.7397743],[104.54364,-3.7395709],[104.5440826,-3.7393434],[104.5444608,-3.7390115],[104.544847,-3.7386796],[104.5449838,-3.738519],[104.5453835,-3.738064],[104.5455283,-3.7378578],[104.54559,-3.737783],[104.5457938,-3.7371942],[104.5457963,-3.7371715],[104.5458099,-3.7370496],[104.5458528,-3.7367739],[104.5457938,-3.7361423],[104.5456597,-3.7355963],[104.5454022,-3.7349298],[104.5452708,-3.734424],[104.5450321,-3.7338887],[104.5446941,-3.7331794],[104.5446029,-3.7328555],[104.5445627,-3.7326039],[104.544619,-3.7321864],[104.5447129,-3.7317394],[104.5447665,-3.7313085],[104.5447209,-3.7306501],[104.5447156,-3.7303128],[104.5447451,-3.7301415],[104.5449758,-3.7297882],[104.5452332,-3.7295848],[104.545598,-3.7294242],[104.5459521,-3.7294323],[104.546003,-3.7294483],[104.5466012,-3.7295473],[104.5472342,-3.7296785],[104.5478833,-3.7298578],[104.5482212,-3.7298525],[104.5484948,-3.729807],[104.5491332,-3.7294965],[104.5500559,-3.7291164],[104.550764,-3.7287872],[104.5511609,-3.7284794],[104.5520246,-3.7277541],[104.5528614,-3.7268387],[104.5535883,-3.7259073],[104.5539558,-3.7254549],[104.5542079,-3.7252729],[104.5547497,-3.7249276],[104.5548083,-3.7248441],[104.5548436,-3.7247938],[104.5548651,-3.7244191],[104.5548774,-3.7238945],[104.5548812,-3.7237366],[104.5548648,-3.7232255],[104.5548624,-3.7231504],[104.5548704,-3.7224733],[104.5549107,-3.7219915],[104.5550072,-3.7215713],[104.5551547,-3.7211216],[104.5554015,-3.7206291],[104.5555544,-3.7202812],[104.5556563,-3.7199921],[104.5559487,-3.7195505],[104.5562384,-3.7192025],[104.5564315,-3.7188278],[104.5566621,-3.7182577],[104.5568901,-3.7176554],[104.5581722,-3.716178],[104.5592585,-3.7149494],[104.5604494,-3.7137289],[104.5608759,-3.7133488],[104.561002,-3.7131802],[104.56101,-3.7129581],[104.5610154,-3.7125004],[104.5610073,-3.7123665],[104.5610744,-3.711593],[104.5610744,-3.7106187],[104.561179,-3.7097863],[104.561289,-3.7094303],[104.5615089,-3.7090395],[104.5619783,-3.7084614],[104.5628554,-3.7074202],[104.5639604,-3.706296],[104.564175,-3.7059963],[104.5644379,-3.705485],[104.5646685,-3.704682],[104.5646712,-3.7038362],[104.5647114,-3.7019225],[104.5647651,-3.7003218],[104.5648724,-3.6987132],[104.5648429,-3.698384],[104.5644674,-3.6974097],[104.5643172,-3.6971795],[104.5638585,-3.6967459],[104.5633516,-3.6963658],[104.5631209,-3.6962159],[104.5627883,-3.6958626],[104.5619568,-3.6944493],[104.5619112,-3.6942486],[104.5619085,-3.6938203],[104.5622385,-3.6924124],[104.5624638,-3.6918369],[104.5627508,-3.6914542],[104.5634347,-3.6907154],[104.5637271,-3.6902336],[104.5638414,-3.6899008],[104.5639202,-3.6896715],[104.5640511,-3.6893775],[104.5641884,-3.6890693],[104.5642786,-3.6888892],[104.5643252,-3.6887963],[104.5644591,-3.6885221],[104.5645611,-3.6882408],[104.5645644,-3.6882151],[104.5646105,-3.6878579],[104.5646207,-3.6877784],[104.5646309,-3.6876352],[104.5646418,-3.6874813],[104.5646912,-3.6872742],[104.5646974,-3.687248],[104.5647863,-3.6869028],[104.5648115,-3.6868052],[104.5648436,-3.6866422],[104.5648562,-3.686578],[104.5648582,-3.6865441],[104.564867,-3.6863967],[104.5648713,-3.6863246],[104.5648651,-3.6860795],[104.5648177,-3.6855529],[104.5647732,-3.685267],[104.5646789,-3.6849185],[104.5645904,-3.6845839],[104.5645176,-3.6842279],[104.5644702,-3.6838627],[104.5644374,-3.6833798],[104.5644145,-3.6829752],[104.5644299,-3.6827703],[104.5644663,-3.6826173],[104.5645408,-3.682342],[104.5646643,-3.6819791],[104.564709,-3.6817618],[104.5647108,-3.6814742],[104.5646696,-3.6811676],[104.5645708,-3.6806702],[104.5644554,-3.6802973],[104.5642526,-3.6799242],[104.5639516,-3.6795008],[104.563689,-3.6791824],[104.5632656,-3.678708],[104.5627764,-3.6781265],[104.5624151,-3.6776943],[104.5622905,-3.6775184],[104.5622063,-3.6773199],[104.5621308,-3.6770094],[104.5620288,-3.6764562],[104.5619134,-3.6757892],[104.5617976,-3.6751792],[104.5617719,-3.6749508],[104.5617853,-3.6747041],[104.5618714,-3.6742019],[104.5619368,-3.6736645],[104.562028,-3.6730935],[104.5621082,-3.6726934],[104.5621811,-3.6724037],[104.562304,-3.6721513],[104.5624528,-3.6719193],[104.5626697,-3.6716852],[104.5630614,-3.6712764],[104.5634768,-3.670886],[104.5638696,-3.6705338],[104.5642349,-3.6701908],[104.5644277,-3.6700544],[104.5646008,-3.6699681],[104.5646477,-3.6699447],[104.5648253,-3.6698658],[104.5648924,-3.669836],[104.5650788,-3.669685],[104.5651534,-3.6695691],[104.5652279,-3.6694535],[104.5653531,-3.6691547],[104.5653831,-3.6690832],[104.5655528,-3.6686455],[104.5656739,-3.6683333],[104.5659235,-3.6677613],[104.5661574,-3.667164],[104.566398,-3.6665503],[104.5665059,-3.6662796],[104.5666609,-3.6658905],[104.5669952,-3.6651026],[104.5672001,-3.6645782],[104.5672759,-3.6643843],[104.5674495,-3.6638945],[104.5675395,-3.6637549],[104.5677341,-3.6634849],[104.5679643,-3.6632147],[104.5681877,-3.6629784],[104.5682225,-3.6629146],[104.5682688,-3.6628297],[104.5682769,-3.6627339],[104.5682822,-3.662671],[104.5682493,-3.6624781],[104.568121,-3.6622052],[104.5678363,-3.6617943],[104.567502,-3.6613475],[104.5672248,-3.6609631],[104.5668942,-3.6604913],[104.5665585,-3.6600634],[104.5661293,-3.6596103],[104.5658682,-3.6593398],[104.565591,-3.6592267],[104.5652906,-3.6591624],[104.5650438,-3.659126],[104.5648345,-3.6591421],[104.5646605,-3.6591149],[104.5644773,-3.6590408],[104.5643153,-3.6589059],[104.5640794,-3.6584876],[104.5637962,-3.6579387],[104.5633724,-3.6571224],[104.5632116,-3.6567955]]}},{"type":"Feature","properties":{"segmentId":"osm-gaul2-73814-5788714607-5861481870-0","regionId":"gaul2-73814","province":"Sumatera Selatan","region":"Ogan Ilir","roadName":"Unnamed OSM road","highway":"tertiary","lengthMeters":29619.311,"osmWayIds":["1301538532","1301538533","611410040","612181161","698605003"],"u":"5788714607","v":"5861481870","key":0,"oneway":false,"source":"OpenStreetMap"},"geometry":{"type":"LineString","coordinates":[[104.6834091,-3.2666115],[104.6825516,-3.2668422],[104.6822875,-3.2668971],[104.6820514,-3.266972],[104.6817309,-3.2671153],[104.6815082,-3.2672184],[104.6812722,-3.2673469],[104.680957,-3.2675505],[104.6806526,-3.2677593],[104.6785242,-3.2692988],[104.6775305,-3.2700462],[104.6750465,-3.2719471],[104.6749961,-3.2719752],[104.6746646,-3.2722554],[104.6744205,-3.2724991],[104.6743119,-3.2726772],[104.6742408,-3.2729275],[104.6741911,-3.2731445],[104.6741771,-3.2733071],[104.6741952,-3.2740469],[104.6742689,-3.2744178],[104.6743119,-3.2746052],[104.6743612,-3.2747424],[104.6743707,-3.274763],[104.6746874,-3.2754501],[104.6747437,-3.2757687],[104.6747169,-3.2761062],[104.6746713,-3.2763284],[104.6744983,-3.2765292],[104.6742475,-3.2769536],[104.6740061,-3.2774371],[104.6738478,-3.2779619],[104.6737084,-3.2784492],[104.6736842,-3.2786796],[104.6736736,-3.2788697],[104.673703,-3.2790197],[104.6737272,-3.2791669],[104.6739752,-3.2796141],[104.6742797,-3.2801496],[104.6743208,-3.2802277],[104.6743335,-3.2802569],[104.6744459,-3.2805138],[104.674517,-3.2806879],[104.6746418,-3.2810761],[104.6746538,-3.2814631],[104.6746257,-3.2817256],[104.6745774,-3.2819009],[104.6745399,-3.2820268],[104.6744782,-3.2821901],[104.6744943,-3.282257],[104.6745425,-3.2823521],[104.6745828,-3.2824325],[104.6748,-3.2828606],[104.6743351,-3.2832425],[104.674152,-3.283305],[104.6736377,-3.283375],[104.6733045,-3.2833926],[104.6729864,-3.2833999],[104.672771,-3.2834072],[104.6726113,-3.2834126],[104.6718925,-3.2833603],[104.6711754,-3.283267],[104.6708422,-3.2832407],[104.6707713,-3.2832425],[104.6706768,-3.2832449],[104.669913,-3.2832639],[104.6697946,-3.2832733],[104.669616,-3.2832834],[104.6695369,-3.2833075],[104.6694745,-3.2833362],[104.6689327,-3.2836964],[104.6685813,-3.283908],[104.6683279,-3.2840164],[104.6676935,-3.2842186],[104.6671034,-3.2843565],[104.6668869,-3.2843893],[104.6667903,-3.2843933],[104.6667085,-3.2843853],[104.6666032,-3.2843518],[104.6661191,-3.2840231],[104.6654586,-3.2835518],[104.6652762,-3.2834005],[104.665011,-3.2832059],[104.6649726,-3.2831763],[104.6649308,-3.2831378],[104.6648541,-3.2830611],[104.6632126,-3.2814285],[104.6624351,-3.2807187],[104.6623821,-3.2806825],[104.6623224,-3.2806571],[104.66179,-3.2806424],[104.6616976,-3.2806442],[104.6615888,-3.2806464],[104.6594256,-3.2807495],[104.6593237,-3.2807669],[104.6591822,-3.2808077],[104.6590917,-3.2808419],[104.6583205,-3.2813982],[104.6555777,-3.2833324],[104.655461,-3.2834176],[104.6554291,-3.283446],[104.6534617,-3.2845172],[104.6530996,-3.2846524],[104.6528824,-3.2847167],[104.6524318,-3.2847782],[104.6506039,-3.2849965],[104.6504644,-3.2849081],[104.650345,-3.2848117],[104.649311,-3.2838504],[104.6471424,-3.2818481],[104.647068,-3.2817905],[104.6470321,-3.2817647],[104.6469741,-3.2817349],[104.6466355,-3.2816466],[104.6462989,-3.281585],[104.6459462,-3.2815388],[104.6440703,-3.281351],[104.6428241,-3.2811826],[104.6422628,-3.2811344],[104.6413958,-3.2810481],[104.6405388,-3.280949],[104.6396899,-3.280874],[104.6394968,-3.28087],[104.6392916,-3.2808794],[104.6390864,-3.2808954],[104.6385647,-3.2809128],[104.6378244,-3.2809021],[104.6366711,-3.2808539],[104.6359321,-3.2808285],[104.6351677,-3.2808178],[104.6345414,-3.2808298],[104.6331199,-3.2808191],[104.6323138,-3.2807923],[104.6318565,-3.2807963],[104.6312946,-3.2807963],[104.6304283,-3.2807897],[104.629519,-3.2807937],[104.6283334,-3.2807883],[104.6268341,-3.2808044],[104.626189,-3.280803],[104.6241438,-3.2807789],[104.6228678,-3.2807903],[104.6227223,-3.2807984],[104.6225969,-3.2808131],[104.622509,-3.2808318],[104.6224178,-3.280872],[104.6223407,-3.2809148],[104.6222542,-3.2809798],[104.6219042,-3.2813373],[104.621408,-3.2819331],[104.6208286,-3.2826132],[104.6202399,-3.283347],[104.6193024,-3.2845841],[104.6173699,-3.2869272],[104.6163815,-3.2881268],[104.6159261,-3.2886929],[104.615719,-3.2889623],[104.6146595,-3.2902905],[104.6123751,-3.2930801],[104.6112692,-3.2944464],[104.6094832,-3.2965817],[104.6085639,-3.2977286],[104.6081588,-3.2982097],[104.6077998,-3.298654],[104.6070448,-3.2996279],[104.6059544,-3.3009748],[104.6054576,-3.3016041],[104.605253,-3.3017955],[104.6051183,-3.3018906],[104.605021,-3.3019549],[104.6043176,-3.3023753],[104.6035592,-3.3027984],[104.6023879,-3.3034479],[104.6016549,-3.3039002],[104.6010728,-3.3042524],[104.6008846,-3.3043736],[104.6007134,-3.3044666],[104.6004371,-3.3046099],[104.5998752,-3.3049071],[104.5996539,-3.3050088],[104.5992717,-3.305136],[104.5983008,-3.3053984],[104.5971313,-3.3056876],[104.596509,-3.3058617],[104.5950325,-3.3062018],[104.5944464,-3.306333],[104.5936525,-3.3065124],[104.5933387,-3.3065834],[104.5929283,-3.3066844],[104.5926896,-3.3067467],[104.5908751,-3.3072648],[104.5892456,-3.307704],[104.5884926,-3.30788],[104.5870728,-3.3081964],[104.5867656,-3.3082648],[104.5851069,-3.3087019],[104.5837776,-3.3090627],[104.5826488,-3.3093746],[104.5815429,-3.3096284],[104.5809356,-3.3097985],[104.5796934,-3.3101561],[104.5787196,-3.3104039],[104.5771334,-3.3106927],[104.573408,-3.3113273],[104.5703812,-3.3118375],[104.5679603,-3.312236],[104.5665908,-3.3124667],[104.5656837,-3.3126459],[104.5645178,-3.3129411],[104.5633746,-3.3133607],[104.562729,-3.3135708],[104.5622473,-3.3136393],[104.5618807,-3.3136549],[104.561528,-3.3136019],[104.5595897,-3.3132065],[104.5577074,-3.3128358],[104.5559544,-3.3124832],[104.5547991,-3.3122155],[104.5544711,-3.3121711],[104.553929,-3.3122113],[104.5524397,-3.3123192],[104.5517757,-3.3124142],[104.5502747,-3.312505],[104.5477826,-3.3127032],[104.54621,-3.3128458],[104.5456402,-3.3129969],[104.5451889,-3.3132314],[104.5445727,-3.3135628],[104.5440886,-3.3139102],[104.5436808,-3.3143158],[104.5433415,-3.3147057],[104.5431645,-3.3149789],[104.5429766,-3.3153332],[104.5428914,-3.3155331],[104.5428693,-3.3155849],[104.5428007,-3.3157769],[104.5427419,-3.3160061],[104.5427098,-3.3162525],[104.5427024,-3.3171546],[104.5427416,-3.3186971],[104.5428024,-3.3207949],[104.5428944,-3.3230094],[104.5429836,-3.3249313],[104.5429568,-3.3251508],[104.5423127,-3.3272489],[104.5421072,-3.3279004],[104.5420745,-3.3282255],[104.5420637,-3.3285361],[104.5421095,-3.3295879],[104.5421885,-3.3322105],[104.5422537,-3.3337384],[104.5423226,-3.3359152],[104.5423794,-3.3378897],[104.542438,-3.3391772],[104.5424423,-3.3392714],[104.5425939,-3.3426023],[104.5426938,-3.3447755],[104.5427367,-3.3457088],[104.5429196,-3.3496896],[104.5429569,-3.3505013],[104.542999,-3.3512163],[104.5429882,-3.3514653],[104.5429051,-3.3519125],[104.542889,-3.3520892],[104.5429353,-3.3523947],[104.5430982,-3.3531362],[104.5431545,-3.3534066],[104.5431599,-3.3536342],[104.5431331,-3.3540599],[104.543125,-3.3543759],[104.5431922,-3.3554538],[104.5436454,-3.3662189],[104.5436239,-3.3667866],[104.544847,-3.3694106],[104.5454746,-3.3707119],[104.5459682,-3.3720239],[104.5464223,-3.3731432],[104.5464916,-3.3733318],[104.546524,-3.3733852],[104.5466469,-3.3737165],[104.5469596,-3.3746202],[104.5471894,-3.3751822],[104.5474457,-3.3757885],[104.5476345,-3.376235],[104.5478744,-3.3768518],[104.5482042,-3.3776783],[104.5485668,-3.3785919],[104.5487815,-3.3792181],[104.5492046,-3.3806186],[104.549419,-3.3813115],[104.5499678,-3.3832919],[104.5504149,-3.3847016],[104.5507931,-3.3859032],[104.5508961,-3.3862665],[104.5510086,-3.3864686],[104.5511803,-3.3866606],[104.5514864,-3.3869826],[104.5520525,-3.3875369],[104.5525083,-3.3880034],[104.5528348,-3.3883411],[104.5531184,-3.3886345],[104.553356,-3.3888177],[104.5535105,-3.3888828],[104.553713,-3.3888999],[104.5540821,-3.3888705],[104.55468,-3.3888301],[104.555751,-3.3887429],[104.5562826,-3.3886981],[104.556585,-3.3886568],[104.5570397,-3.3886235],[104.5572385,-3.3886264],[104.5573758,-3.3886435],[104.5575269,-3.3887189],[104.5579657,-3.3889703],[104.5589346,-3.3895929],[104.5597657,-3.390159],[104.5604889,-3.3906246],[104.5611598,-3.3910505],[104.5617422,-3.391424],[104.5623578,-3.3917691],[104.5629633,-3.3921263],[104.5634632,-3.3924095],[104.5637825,-3.3926404],[104.5639932,-3.3928758],[104.5645,-3.3937788],[104.5647679,-3.3942857],[104.5650526,-3.3945454],[104.5653759,-3.3947723],[104.5656632,-3.3949369],[104.5659148,-3.3951143],[104.5661997,-3.395318],[104.5663944,-3.3955235],[104.5666061,-3.3958571],[104.5668559,-3.3963893],[104.5670073,-3.3966757],[104.5671743,-3.3971322],[104.5675108,-3.3981129],[104.5677056,-3.398709],[104.5678661,-3.3991613]]}},{"type":"Feature","properties":{"segmentId":"osm-gaul2-73814-5788714607-5902526187-0","regionId":"gaul2-73814","province":"Sumatera Selatan","region":"Ogan Ilir","roadName":"Jalan Lintas Timur","highway":"trunk","lengthMeters":3615.268,"osmWayIds":["439440551"],"u":"5788714607","v":"5902526187","key":0,"oneway":false,"source":"OpenStreetMap"},"geometry":{"type":"LineString","coordinates":[[104.6834091,-3.2666115],[104.6836285,-3.2670168],[104.6839815,-3.2676697],[104.6841938,-3.268061],[104.6842146,-3.2680994],[104.684529,-3.2686839],[104.6845919,-3.2688006],[104.6846094,-3.2688327],[104.684731,-3.2690564],[104.6849643,-3.2694828],[104.6849765,-3.2695048],[104.6850151,-3.2695745],[104.685138,-3.2698269],[104.6851587,-3.2698695],[104.6855636,-3.2707655],[104.6858025,-3.2712941],[104.6859876,-3.2716512],[104.6861511,-3.2719127],[104.6863601,-3.2722294],[104.6867386,-3.272799],[104.6869048,-3.2730427],[104.6872616,-3.273672],[104.6875993,-3.2742601],[104.6877644,-3.2745477],[104.6879321,-3.2748074],[104.6884544,-3.2754988],[104.6888392,-3.2760136],[104.6888553,-3.2760351],[104.6889046,-3.2760947],[104.6889648,-3.276232],[104.688999,-3.2763268],[104.6890989,-3.2765721],[104.689155,-3.2767434],[104.6892033,-3.2770031],[104.6892305,-3.2771881],[104.6892274,-3.2775548],[104.6892169,-3.2778574],[104.6891203,-3.2785483],[104.6890845,-3.2787566],[104.6890426,-3.2790009],[104.6890399,-3.2793784],[104.6890773,-3.2796237],[104.6892663,-3.2802247],[104.689284,-3.2802809],[104.6895018,-3.2809184],[104.6895575,-3.2810815],[104.6897707,-3.2817015],[104.6899384,-3.2821894],[104.6900232,-3.282436],[104.6900867,-3.2826208],[104.6901275,-3.282793],[104.6901933,-3.2830708],[104.6902343,-3.2832507],[104.6902455,-3.2833216],[104.6904201,-3.2842797],[104.690501,-3.284737],[104.6908368,-3.285839],[104.6909512,-3.2862405],[104.6909858,-3.2863509],[104.6912382,-3.2871563],[104.6912788,-3.2873804],[104.6913326,-3.2877036],[104.69137,-3.2880296],[104.691392,-3.288191],[104.6915108,-3.2890616],[104.6915236,-3.2891524],[104.6915377,-3.2894013],[104.6915314,-3.2896129],[104.6915019,-3.2897977],[104.6914431,-3.29017],[104.6912795,-3.2908903],[104.6912452,-3.2910426],[104.6911823,-3.2912869],[104.6911172,-3.2915317],[104.6910864,-3.2917044],[104.690883,-3.2924758],[104.6907532,-3.2929178],[104.6907145,-3.2930493],[104.6904937,-3.293801],[104.6903808,-3.2941705],[104.6902576,-3.2944892],[104.69015,-3.294721],[104.6900404,-3.2949569],[104.6899838,-3.2950787],[104.6898014,-3.2954746],[104.6896189,-3.2959169],[104.6895868,-3.2960637],[104.6895924,-3.2961414],[104.6896302,-3.2963208],[104.6896941,-3.2964573],[104.6897848,-3.2965863],[104.689866,-3.2966745],[104.6899879,-3.2967735]]}},{"type":"Feature","properties":{"segmentId":"osm-gaul2-73814-5788714607-6543875424-0","regionId":"gaul2-73814","province":"Sumatera Selatan","region":"Ogan Ilir","roadName":"Jalan Lintas Timur","highway":"trunk","lengthMeters":1151.24,"osmWayIds":["439440551"],"u":"5788714607","v":"6543875424","key":0,"oneway":false,"source":"OpenStreetMap"},"geometry":{"type":"LineString","coordinates":[[104.6834091,-3.2666115],[104.683385,-3.266567],[104.6832988,-3.2663942],[104.6830218,-3.2658441],[104.6829852,-3.2657713],[104.6829486,-3.265692],[104.6828312,-3.2654197],[104.6825919,-3.2648646],[104.682573,-3.2648189],[104.6819065,-3.2632067],[104.6818902,-3.2631594],[104.6816719,-3.2624224],[104.6815579,-3.2619886],[104.6814539,-3.2616598],[104.6813017,-3.2612829],[104.6811497,-3.2609791],[104.6810134,-3.2607246],[104.6808484,-3.2604394],[104.6804965,-3.2598449],[104.6803728,-3.259636],[104.6801862,-3.2593229],[104.6800498,-3.2590925],[104.6799334,-3.2588959],[104.67972,-3.2584703],[104.6793262,-3.2576531],[104.6791411,-3.2572115]]}},{"type":"Feature","properties":{"segmentId":"osm-gaul2-73814-5791846489-4018290515-0","regionId":"gaul2-73814","province":"Sumatera Selatan","region":"Ogan Ilir","roadName":"Jalan Lintas Tengah","highway":"trunk","lengthMeters":4152.845,"osmWayIds":["1428931906","842048945"],"u":"5791846489","v":"4018290515","key":0,"oneway":false,"source":"OpenStreetMap"},"geometry":{"type":"LineString","coordinates":[[104.6186654,-3.2037674],[104.6195345,-3.2042776],[104.6199917,-3.20466],[104.6205242,-3.2051292],[104.6207683,-3.205302],[104.6209735,-3.2053984],[104.6211974,-3.2054733],[104.621935,-3.2056675],[104.6223991,-3.2057773],[104.6241116,-3.2062098],[104.6252757,-3.2065151],[104.6258658,-3.2066276],[104.6265793,-3.2067695],[104.6274617,-3.206973],[104.6275365,-3.2069854],[104.6280357,-3.2070681],[104.628725,-3.2071738],[104.6290402,-3.207194],[104.6296611,-3.2071672],[104.6305422,-3.2071658],[104.6312351,-3.2071729],[104.6320186,-3.2072822],[104.632405,-3.2073613],[104.6328697,-3.2074664],[104.6335852,-3.2076613],[104.6344811,-3.2079567],[104.6357122,-3.2083442],[104.6362205,-3.2084687],[104.6368106,-3.2085705],[104.6369138,-3.2085852],[104.6383917,-3.2088945],[104.6388692,-3.209003],[104.6389499,-3.2090211],[104.6393707,-3.2091154],[104.6397409,-3.2091891],[104.6406394,-3.2093685],[104.640976,-3.2094381],[104.6413837,-3.2095024],[104.642576,-3.2096966],[104.6431419,-3.2097997],[104.6436261,-3.209872],[104.6438473,-3.2099068],[104.6442202,-3.2099925],[104.6443038,-3.2100074],[104.6446332,-3.2100634],[104.6454634,-3.2102148],[104.645631,-3.2102228],[104.6458124,-3.2102071],[104.6458967,-3.2101944],[104.6463042,-3.2101332],[104.6476051,-3.2099322],[104.6486484,-3.2097673],[104.6487554,-3.2097468],[104.6490273,-3.2096778],[104.6492346,-3.2096189],[104.6494605,-3.2095024],[104.6496586,-3.2093373],[104.6500304,-3.2089258],[104.6503944,-3.2085178],[104.6505435,-3.2083629],[104.6506266,-3.2082658],[104.651949,-3.2068184],[104.652031,-3.2067236],[104.6520811,-3.2066289],[104.6521771,-3.2064739],[104.6524913,-3.2059666],[104.6528967,-3.2053173]]}},{"type":"Feature","properties":{"segmentId":"osm-gaul2-73814-5791846489-5355890941-0","regionId":"gaul2-73814","province":"Sumatera Selatan","region":"Ogan Ilir","roadName":"Jalan Raya Prabumulih","highway":"trunk","lengthMeters":9800.472,"osmWayIds":["399144605","602271142","842048945"],"u":"5791846489","v":"5355890941","key":0,"oneway":false,"source":"OpenStreetMap"},"geometry":{"type":"LineString","coordinates":[[104.6186654,-3.2037674],[104.6185072,-3.2036951],[104.6181746,-3.2035264],[104.6164964,-3.2024647],[104.6155857,-3.2019532],[104.6143108,-3.2010162],[104.6130073,-3.2000718],[104.6122831,-3.1996567],[104.6121088,-3.1995871],[104.6118647,-3.1995683],[104.6115643,-3.1996031],[104.6108382,-3.199788],[104.6104458,-3.1998656],[104.6102366,-3.199895],[104.6101444,-3.1998964],[104.6100381,-3.1998844],[104.6099147,-3.1998522],[104.6098369,-3.1998307],[104.6097569,-3.1997846],[104.6088597,-3.199],[104.6087992,-3.1989427],[104.6084672,-3.1986793],[104.6081445,-3.1984542],[104.6077234,-3.1981972],[104.607195,-3.1979401],[104.6069053,-3.1978169],[104.6067671,-3.197766],[104.6065459,-3.1977312],[104.6059477,-3.1977231],[104.6051082,-3.1978222],[104.6045818,-3.1979479],[104.6044913,-3.1979695],[104.6039146,-3.1980499],[104.6030885,-3.1980927],[104.601189,-3.1981471],[104.600936,-3.1981543],[104.5994038,-3.1982309],[104.5992408,-3.1982391],[104.598628,-3.1982588],[104.5982886,-3.1983087],[104.5964571,-3.1986635],[104.5954132,-3.198871],[104.5945832,-3.199022],[104.5942721,-3.1990595],[104.5927888,-3.1990753],[104.5895484,-3.1992459],[104.5876737,-3.1993446],[104.5867294,-3.1993974],[104.5862818,-3.199397],[104.5861959,-3.1993969],[104.5856478,-3.1993892],[104.5853484,-3.1993701],[104.5850855,-3.1993541],[104.5846563,-3.1992657],[104.5842945,-3.199178],[104.5835406,-3.1989363],[104.5829585,-3.1987301],[104.5826071,-3.1985614],[104.5824394,-3.1984619],[104.5822762,-3.1983651],[104.5817139,-3.1980123],[104.5811796,-3.197663],[104.5798177,-3.1967198],[104.5794488,-3.1964698],[104.5792258,-3.1963371],[104.5789932,-3.1961989],[104.5783801,-3.1958488],[104.5773876,-3.1953263],[104.5762454,-3.194708],[104.5745601,-3.1937926],[104.5735841,-3.1933165],[104.5732452,-3.1931466],[104.5728023,-3.1929897],[104.5724241,-3.1927889],[104.5722216,-3.1926483],[104.5719641,-3.1924166],[104.5717281,-3.1921072],[104.5710951,-3.1913628],[104.5707075,-3.1909343],[104.5706391,-3.1908727],[104.5705479,-3.1908299],[104.570324,-3.1907937],[104.5696186,-3.1907187],[104.5692296,-3.1906933],[104.5681474,-3.1906116],[104.5678483,-3.1906451],[104.5675881,-3.190696],[104.5673172,-3.1907977],[104.5671429,-3.1908687],[104.5640299,-3.1927021],[104.5631572,-3.1932501],[104.5617262,-3.1941774],[104.5612152,-3.1944988],[104.5607512,-3.1947786],[104.5602576,-3.1950933],[104.5592169,-3.1957588],[104.5587355,-3.1960695],[104.5585853,-3.1961538],[104.5579308,-3.1965421],[104.5573783,-3.1968474],[104.5569599,-3.1971032],[104.5568767,-3.1971567],[104.5567976,-3.1972264],[104.5563993,-3.1976415],[104.5562424,-3.1978182],[104.5561064,-3.1979657],[104.5556523,-3.1984583],[104.5554149,-3.19871],[104.5552915,-3.1988399],[104.5549737,-3.1991639],[104.5545606,-3.1995817],[104.5539746,-3.2001575],[104.5537962,-3.2003275],[104.5532651,-3.2008578],[104.5526697,-3.2014697],[104.552203,-3.2019384],[104.5519495,-3.2021901],[104.5516276,-3.2025235],[104.5513661,-3.202802],[104.5512494,-3.2029212],[104.5509598,-3.2032158],[104.5506896,-3.2034979],[104.5503777,-3.2038237],[104.5499432,-3.2042562],[104.5493464,-3.2048681],[104.5489334,-3.2052953],[104.5485136,-3.2057144],[104.5479289,-3.2063049],[104.5477666,-3.2064669],[104.5469955,-3.2072609],[104.5465261,-3.207743],[104.5463786,-3.2078809],[104.5460393,-3.2081915],[104.5459145,-3.2082879],[104.5457616,-3.2083884],[104.5456007,-3.2084861],[104.544851,-3.2089159],[104.5441389,-3.2093337],[104.5436709,-3.2096149],[104.5434657,-3.2097287],[104.5431143,-3.2098934],[104.5426422,-3.210097],[104.5424923,-3.2101603],[104.5420137,-3.2103402]]}},{"type":"Feature","properties":{"segmentId":"osm-gaul2-73814-5791846489-6543875426-0","regionId":"gaul2-73814","province":"Sumatera Selatan","region":"Ogan Ilir","roadName":"Unnamed OSM road","highway":"tertiary","lengthMeters":13202.151,"osmWayIds":["611220886","611220887","611220896","611220897","611220898","611220914","611366734","612588092","814097700","814097701","815153647","815153648"],"u":"5791846489","v":"6543875426","key":0,"oneway":false,"source":"OpenStreetMap"},"geometry":{"type":"LineString","coordinates":[[104.6186654,-3.2037674],[104.6186694,-3.206258],[104.6186614,-3.206416],[104.6186507,-3.2066624],[104.6185487,-3.2072248],[104.6183959,-3.2078353],[104.6183757,-3.2079639],[104.6182913,-3.2083924],[104.6181384,-3.2090378],[104.6180767,-3.209418],[104.6180955,-3.2096216],[104.6181303,-3.2098117],[104.6182618,-3.2102643],[104.6184468,-3.2107758],[104.6187445,-3.2113998],[104.6188894,-3.2117613],[104.6191522,-3.2123183],[104.6192086,-3.212645],[104.6192408,-3.2132021],[104.6192273,-3.2136627],[104.6191388,-3.2141956],[104.6190664,-3.2146455],[104.6190155,-3.2150633],[104.6190691,-3.2154328],[104.6191228,-3.2157114],[104.6192287,-3.2161077],[104.6195971,-3.21687],[104.6197075,-3.2170985],[104.619981,-3.2177975],[104.6204853,-3.2191391],[104.6207643,-3.2198836],[104.6209091,-3.2203335],[104.6209681,-3.2204942],[104.6210003,-3.2207192],[104.6210298,-3.2211075],[104.6210137,-3.2213512],[104.6210016,-3.2215507],[104.6209708,-3.2217154],[104.6209091,-3.2218921],[104.6203029,-3.2229686],[104.6197396,-3.2239702],[104.6187633,-3.2255234],[104.6177441,-3.227232],[104.6174008,-3.2279336],[104.6167114,-3.2293743],[104.6164379,-3.2299768],[104.615821,-3.2313767],[104.615422,-3.2322746],[104.6156023,-3.2323481],[104.6158625,-3.2324587],[104.6161602,-3.2325611],[104.6167088,-3.2327807],[104.6171553,-3.2329721],[104.6172177,-3.2329996],[104.6172881,-3.233015],[104.6173766,-3.2330297],[104.6175269,-3.2338331],[104.617736,-3.2349471],[104.6179532,-3.236345],[104.6180123,-3.2366637],[104.6183342,-3.2385168],[104.6184978,-3.2393951],[104.6186346,-3.24022],[104.6186694,-3.2405306],[104.6186654,-3.2407314],[104.6186346,-3.2411947],[104.6183636,-3.2440307],[104.6182349,-3.2459185],[104.6182483,-3.2474504],[104.6182054,-3.248318],[104.6180927,-3.2490945],[104.6188813,-3.2492284],[104.6190114,-3.2492552],[104.6191013,-3.24929],[104.6191616,-3.2493249],[104.619218,-3.2493864],[104.619281,-3.2494962],[104.6195519,-3.2503692],[104.6200213,-3.2517858],[104.6206355,-3.2534943],[104.6206999,-3.2536363],[104.620775,-3.2537487],[104.6209037,-3.2539174],[104.6215662,-3.2546592],[104.621695,-3.2548226],[104.621864,-3.2550421],[104.6223575,-3.255808],[104.6228617,-3.2564427],[104.6233365,-3.2570211],[104.6236128,-3.2573625],[104.6237308,-3.257479],[104.6238488,-3.2575393],[104.6240111,-3.257554],[104.6242337,-3.2575178],[104.624463,-3.2574388],[104.6247205,-3.2572889],[104.6249029,-3.257151],[104.6250719,-3.2569475],[104.6253897,-3.2563115],[104.6255319,-3.2560196],[104.6255761,-3.2559583],[104.6256224,-3.2559269],[104.6256737,-3.2559161],[104.625778,-3.2559138],[104.62659,-3.2560464],[104.6267523,-3.2560611],[104.6269239,-3.256049],[104.6270889,-3.2560102],[104.6285212,-3.2554947],[104.6287063,-3.2554679],[104.6288404,-3.2554599],[104.629004,-3.255476],[104.6291783,-3.2555295],[104.6292977,-3.2555817],[104.6294345,-3.2556942],[104.6301332,-3.2565498],[104.6308145,-3.2573103],[104.6311659,-3.257637],[104.6313563,-3.2577937],[104.63154,-3.2579128],[104.631772,-3.2580253],[104.6320215,-3.2581016],[104.6323487,-3.2581565],[104.6337676,-3.2581753],[104.6339406,-3.2581833],[104.6341015,-3.2582221],[104.6342397,-3.2582824],[104.6347935,-3.2585743],[104.6353917,-3.258917],[104.6354641,-3.2589585],[104.6362621,-3.2594084],[104.6364297,-3.259462],[104.6365933,-3.2594647],[104.6367663,-3.2594379],[104.6382737,-3.2589867],[104.6385232,-3.2589277],[104.6387699,-3.2588849],[104.6390381,-3.2588394],[104.6392152,-3.2587858],[104.6393788,-3.2587135],[104.639706,-3.2584886],[104.6400359,-3.258269],[104.640272,-3.2581405],[104.6406582,-3.2579851],[104.6410793,-3.2578861],[104.6423963,-3.2576209],[104.6434531,-3.2573237],[104.6437038,-3.257238],[104.6440136,-3.2571296],[104.6441665,-3.2570358],[104.6444347,-3.2568055],[104.6447624,-3.2564454],[104.6448779,-3.2562719],[104.6450515,-3.2558535],[104.6451592,-3.2556573],[104.6452805,-3.255522],[104.645454,-3.2553917],[104.6458247,-3.2552476],[104.646153,-3.255152],[104.6465345,-3.2550675],[104.6470068,-3.255],[104.6474387,-3.2549792],[104.6480173,-3.2549923],[104.6482795,-3.2550383],[104.6496032,-3.2552005],[104.6500792,-3.2553133],[104.6503128,-3.2553724],[104.6506398,-3.2554785],[104.6509311,-3.2556391],[104.6516962,-3.2561636],[104.6527403,-3.2568992],[104.6535502,-3.2574728],[104.6538397,-3.2576824],[104.6541704,-3.2579182],[104.654621,-3.2581997],[104.6565848,-3.2580891],[104.6590821,-3.2579637],[104.6614665,-3.2578351],[104.6622439,-3.257797],[104.6625148,-3.2577883],[104.6647592,-3.2576986],[104.6683185,-3.2575138],[104.6695536,-3.2574388],[104.6706212,-3.2573531],[104.6712193,-3.2573157],[104.67145,-3.2572996],[104.6716873,-3.2572634],[104.6727232,-3.2571205],[104.6728528,-3.2571068],[104.6729976,-3.2571121],[104.6731351,-3.2571214],[104.6735032,-3.2571523],[104.6741228,-3.2571831],[104.6744098,-3.2571831],[104.674733,-3.2571711],[104.675779,-3.2571041],[104.6759413,-3.2570947],[104.6761264,-3.2570947],[104.6766642,-3.2571322],[104.6768732,-3.2571428],[104.6769767,-3.2571409],[104.6770906,-3.2571416],[104.6776805,-3.2570799],[104.6781895,-3.2570321],[104.6785034,-3.2569942]]}},{"type":"Feature","properties":{"segmentId":"osm-gaul2-73814-5795434172-5785524725-0","regionId":"gaul2-73814","province":"Sumatera Selatan","region":"Ogan Ilir","roadName":"Unnamed OSM road","highway":"tertiary","lengthMeters":13007.652,"osmWayIds":["1148438062","1148438063","1280461510","1280461511","610749673","610749716","610986381","815152874","815152875"],"u":"5795434172","v":"5785524725","key":0,"oneway":false,"source":"OpenStreetMap"},"geometry":{"type":"LineString","coordinates":[[104.6731838,-3.2517557],[104.673913,-3.2514485],[104.6744425,-3.2512343],[104.6750555,-3.2510015],[104.6756162,-3.2507596],[104.676396,-3.2504442],[104.6764724,-3.250404],[104.6765093,-3.2503813],[104.6765394,-3.2503505],[104.6766239,-3.2502353],[104.676695,-3.2501456],[104.6771108,-3.2496248],[104.6775533,-3.2491066],[104.6776182,-3.2490182],[104.677725,-3.2488817],[104.6779355,-3.2486139],[104.6780804,-3.2484412],[104.6783432,-3.2481453],[104.6785954,-3.2478493],[104.6787912,-3.2476123],[104.6789829,-3.2473673],[104.6790987,-3.2472094],[104.6791506,-3.2471343],[104.6791841,-3.2470567],[104.6793142,-3.2466952],[104.6793625,-3.2465144],[104.6794604,-3.2463377],[104.6795462,-3.246185],[104.6796146,-3.2460578],[104.6797997,-3.2457753],[104.6799418,-3.245541],[104.6800826,-3.2453267],[104.6803857,-3.2449398],[104.680658,-3.2445435],[104.6809516,-3.2441793],[104.6811059,-3.243973],[104.6813889,-3.243633],[104.6817912,-3.2431496],[104.6819857,-3.2429247],[104.6821681,-3.2427586],[104.6826428,-3.2424239],[104.6829852,-3.242192],[104.6829979,-3.2421843],[104.6831551,-3.2420892],[104.6835856,-3.2417704],[104.683627,-3.2417387],[104.6836348,-3.2417325],[104.6841784,-3.2413032],[104.6846518,-3.2409644],[104.684743,-3.2409283],[104.6848221,-3.2409055],[104.685156,-3.2407355],[104.6854101,-3.2406316],[104.6854266,-3.2406212],[104.6854819,-3.2405976],[104.6861283,-3.240224],[104.6866178,-3.2398531],[104.6870323,-3.2395411],[104.6871982,-3.2394117],[104.6873953,-3.2392581],[104.6874239,-3.2392358],[104.6877753,-3.2389667],[104.6878476,-3.238889],[104.6879093,-3.2387859],[104.6881078,-3.2384914],[104.6883331,-3.2382664],[104.6886228,-3.23802],[104.689005,-3.2377282],[104.6892585,-3.2375313],[104.6895536,-3.2374068],[104.689866,-3.2373278],[104.6900984,-3.2372928],[104.690204,-3.2372769],[104.6905513,-3.2372635],[104.6908839,-3.2373546],[104.6912111,-3.237538],[104.6913707,-3.2376478],[104.6916443,-3.2378781],[104.6918589,-3.238087],[104.6921673,-3.2382758],[104.692449,-3.238415],[104.6927963,-3.2385637],[104.6930077,-3.2386718],[104.6931759,-3.2387578],[104.6935227,-3.2389293],[104.6935617,-3.2389494],[104.6937988,-3.2390713],[104.6938115,-3.2390778],[104.6940003,-3.2391787],[104.694057,-3.239209],[104.6943148,-3.2392806],[104.6943676,-3.2392874],[104.6944121,-3.2392905],[104.6944248,-3.2392883],[104.694645,-3.2392845],[104.694753,-3.2392827],[104.6950293,-3.239272],[104.6953873,-3.2391314],[104.6957669,-3.2388167],[104.6958661,-3.2386614],[104.6959847,-3.2384983],[104.6961196,-3.2382383],[104.6964374,-3.2375434],[104.6967419,-3.2368806],[104.6971468,-3.2361616],[104.697377,-3.235783],[104.697458,-3.2356648],[104.6975505,-3.2355001],[104.6978402,-3.235089],[104.6979944,-3.234844],[104.6981245,-3.2346405],[104.6982077,-3.2345508],[104.6982935,-3.2344798],[104.6984786,-3.234366],[104.6987025,-3.2342589],[104.6989238,-3.2341598],[104.6992081,-3.2339496],[104.6994817,-3.2337783],[104.6997164,-3.2336831],[104.6999793,-3.2336376],[104.7002381,-3.2335921],[104.700458,-3.2335747],[104.7007531,-3.2335774],[104.7010133,-3.2336108],[104.7011373,-3.2336165],[104.7014572,-3.2336738],[104.7019238,-3.2337689],[104.7019611,-3.233781],[104.7020092,-3.233797],[104.7021438,-3.2338652],[104.7022484,-3.2339282],[104.7025086,-3.2341223],[104.7025972,-3.2341901],[104.7028935,-3.2344544],[104.703172,-3.2347364],[104.7032355,-3.2348065],[104.7035144,-3.2351681],[104.7037464,-3.2355805],[104.7039302,-3.2359353],[104.7040911,-3.236187],[104.7042011,-3.2363651],[104.7043124,-3.2365418],[104.7045243,-3.2368418],[104.7047858,-3.2371698],[104.7050621,-3.2374804],[104.7053263,-3.2377911],[104.7053954,-3.2378756],[104.7055288,-3.2379893],[104.7056535,-3.238087],[104.7060089,-3.238332],[104.7063012,-3.2385449],[104.7066486,-3.2387685],[104.7068517,-3.2388844],[104.7068768,-3.2388984],[104.7068921,-3.2389069],[104.7071013,-3.2390188],[104.707114,-3.2390256],[104.7073948,-3.2391223],[104.7074363,-3.2391384],[104.7075149,-3.2391689],[104.707983,-3.2392693],[104.7082928,-3.2393068],[104.7086562,-3.2393188],[104.7087322,-3.2393079],[104.709021,-3.2392666],[104.7094085,-3.2391729],[104.7096688,-3.2391086],[104.7097374,-3.2390909],[104.7100764,-3.2389908],[104.7104278,-3.238881],[104.7107162,-3.2387833],[104.7112218,-3.2386172],[104.7114907,-3.2385238],[104.7115578,-3.2385071],[104.7117482,-3.2384679],[104.7119118,-3.2384235],[104.7121565,-3.2383521],[104.7122796,-3.238334],[104.7123207,-3.2383254],[104.7125535,-3.2382704],[104.7128324,-3.2382022],[104.7131919,-3.2381004],[104.7135379,-3.2380067],[104.7136033,-3.2379985],[104.714026,-3.237921],[104.7144143,-3.2378666],[104.7145946,-3.2378326],[104.7151029,-3.2377241],[104.7154838,-3.2376612],[104.7156749,-3.2376503],[104.7157494,-3.2376464],[104.7160189,-3.2376599],[104.7162415,-3.2376826],[104.7164441,-3.2377067],[104.7167431,-3.2377683],[104.7169698,-3.2378138],[104.7172457,-3.2378522],[104.7173506,-3.2378527],[104.7174579,-3.2378583],[104.717706,-3.2378634],[104.7180474,-3.2378697],[104.7181419,-3.2378607],[104.7183685,-3.2377992],[104.7187037,-3.2376826],[104.7190457,-3.237534],[104.7194884,-3.2373453],[104.7201012,-3.2370868],[104.7206899,-3.2368324],[104.7209931,-3.2366704],[104.7212197,-3.2364816],[104.7213753,-3.2363517],[104.7215751,-3.2361361],[104.7220954,-3.2355684],[104.7226158,-3.2350194],[104.722892,-3.2347155],[104.7231482,-3.2343995],[104.7234164,-3.234038],[104.7237664,-3.2335948],[104.7240588,-3.2332734],[104.7243673,-3.2329494],[104.7245496,-3.2327726],[104.7246945,-3.2326602],[104.7248688,-3.2325718],[104.7252148,-3.2324566],[104.7260731,-3.2322103],[104.7268805,-3.2319853],[104.7275886,-3.2318059],[104.7285032,-3.2315622],[104.7287393,-3.2314551],[104.7289178,-3.2313786],[104.7291474,-3.2312092],[104.7294291,-3.231032],[104.7296044,-3.2309521],[104.7297803,-3.2309032],[104.7303893,-3.2308078],[104.7309494,-3.2307599],[104.7316341,-3.2307486],[104.7320952,-3.2307179],[104.7325324,-3.2306695],[104.7327059,-3.2306688],[104.7328456,-3.2306931],[104.7330185,-3.2307462],[104.7334325,-3.2309456],[104.733883,-3.2311347],[104.7341167,-3.2312252],[104.7342563,-3.2313139],[104.7343608,-3.2314128],[104.7345793,-3.2316357],[104.7347855,-3.2318422],[104.7349314,-3.2319852],[104.7350681,-3.2320896],[104.7353292,-3.2321997],[104.7355254,-3.2322289],[104.7357194,-3.2322332],[104.7359424,-3.2321936],[104.7362433,-3.2320965],[104.7365372,-3.2319651],[104.7368677,-3.2318139],[104.7371694,-3.2316492],[104.7374122,-3.2314765],[104.7376402,-3.2312837],[104.737891,-3.2309784],[104.7379754,-3.2308258],[104.7380532,-3.230633],[104.7382168,-3.2302192],[104.7382611,-3.2300411],[104.7383255,-3.2297358],[104.738351,-3.2293074],[104.738351,-3.2289606],[104.7383241,-3.2284638],[104.7382799,-3.2280849],[104.7382504,-3.2276859],[104.7382276,-3.2272681],[104.7382101,-3.2268611],[104.7382088,-3.2265732],[104.738237,-3.2264179],[104.7382772,-3.2261822],[104.7385588,-3.2254833],[104.7387412,-3.2250119],[104.7388445,-3.2246759],[104.7390014,-3.2240961],[104.739114,-3.2236649],[104.7392428,-3.2233248],[104.7394386,-3.222966],[104.7397336,-3.2225777],[104.7400609,-3.2221251],[104.7402406,-3.2218225],[104.7403774,-3.2215306],[104.7404391,-3.2213163],[104.7404793,-3.2209307],[104.7404981,-3.2207111],[104.7405249,-3.2203148],[104.7405168,-3.219964],[104.740482,-3.219589],[104.7404364,-3.2193239],[104.7403881,-3.219032],[104.7403412,-3.2186089],[104.7401722,-3.2175337],[104.7401507,-3.2173375],[104.7401373,-3.2172619],[104.7401234,-3.2172215],[104.7401038,-3.2171641],[104.7400609,-3.2170463],[104.7399978,-3.2169191],[104.7398986,-3.2167517],[104.7397873,-3.2165937],[104.7395834,-3.2163366],[104.7393501,-3.2159898],[104.7392549,-3.2158693],[104.7391804,-3.2158024],[104.739055,-3.2157187],[104.73888,-3.215637],[104.7386782,-3.215556],[104.7383791,-3.2154114],[104.7377327,-3.2150204],[104.737443,-3.2148463],[104.7372633,-3.2147111],[104.7371795,-3.2146241],[104.7371171,-3.2145337],[104.7370414,-3.2144192],[104.7369736,-3.214288],[104.7369247,-3.2141969],[104.7368851,-3.2140845],[104.7368234,-3.2138689],[104.7367752,-3.2136694],[104.7367027,-3.2133112],[104.7366223,-3.2126745],[104.7366062,-3.2124696],[104.7365807,-3.2118336],[104.7365921,-3.2117446],[104.7366189,-3.2116696],[104.7366994,-3.2115143],[104.7367993,-3.2113609],[104.7369616,-3.2111333],[104.7372546,-3.2107028],[104.737323,-3.2106245],[104.7374276,-3.2105308],[104.7380707,-3.2100648],[104.7386031,-3.2097314],[104.7387124,-3.2096718],[104.7388324,-3.2096162],[104.7390208,-3.2095519],[104.7397833,-3.2093444],[104.7401896,-3.2092426],[104.7413148,-3.2090217],[104.7414583,-3.2089842],[104.7416662,-3.2089106],[104.7419934,-3.2087814],[104.7422958,-3.2086521],[104.7423535,-3.208612],[104.7423951,-3.2085504],[104.7424125,-3.2084955],[104.7424279,-3.2084017],[104.7424306,-3.208296],[104.7424044,-3.2082036],[104.7423649,-3.2081219],[104.7422274,-3.2079478],[104.7418942,-3.2075013],[104.7417238,-3.2072221],[104.741522,-3.2068934],[104.7411458,-3.2063169],[104.7410177,-3.2061274],[104.7407703,-3.2057519],[104.7406704,-3.2056119],[104.7405852,-3.2055075],[104.7403472,-3.2052209],[104.7399422,-3.2047503],[104.7395519,-3.2042863],[104.7393152,-3.2040165],[104.7388431,-3.2034461],[104.7383577,-3.2029225],[104.7381096,-3.2026521],[104.7379071,-3.202395],[104.7378413,-3.2023053],[104.7377971,-3.2022289],[104.7376479,-3.2019514],[104.7376093,-3.2018587],[104.7375651,-3.2017402],[104.7374638,-3.2014161]]}},{"type":"Feature","properties":{"segmentId":"osm-gaul2-73814-5795434172-6543875425-0","regionId":"gaul2-73814","province":"Sumatera Selatan","region":"Ogan Ilir","roadName":"Jalan Lintas Timur","highway":"trunk","lengthMeters":902.082,"osmWayIds":["1184770829","439440551","439440637"],"u":"5795434172","v":"6543875425","key":0,"oneway":false,"source":"OpenStreetMap"},"geometry":{"type":"LineString","coordinates":[[104.6731838,-3.2517557],[104.6732736,-3.2519332],[104.6733392,-3.2520434],[104.6734305,-3.2521681],[104.67353,-3.2522812],[104.6735917,-3.2523254],[104.6736715,-3.2523799],[104.6737942,-3.2524272],[104.6739441,-3.2524764],[104.6743734,-3.2525592],[104.6746157,-3.2525875],[104.6748818,-3.2525986],[104.6750258,-3.2526103],[104.675193,-3.252628],[104.6753972,-3.2526661],[104.6754788,-3.2526888],[104.6755967,-3.2527378],[104.6757997,-3.2528323],[104.6760458,-3.2529733],[104.6761658,-3.2530477],[104.6763262,-3.2531545],[104.6764152,-3.2532321],[104.676636,-3.2534728],[104.6767089,-3.2535523],[104.6768404,-3.2536836],[104.6775033,-3.2544257],[104.6777719,-3.2547262],[104.6780136,-3.2550122],[104.678252,-3.2552912],[104.6783513,-3.255413],[104.6784411,-3.2555309],[104.6785745,-3.2557452],[104.6786544,-3.2559044],[104.6787321,-3.2560664],[104.6789687,-3.2567363]]}},{"type":"Feature","properties":{"segmentId":"osm-gaul2-73814-5795434172-7737106502-0","regionId":"gaul2-73814","province":"Sumatera Selatan","region":"Ogan Ilir","roadName":"Jalan Lintas Timur","highway":"trunk","lengthMeters":3487.19,"osmWayIds":["1184770828","1184770829","439440636"],"u":"5795434172","v":"7737106502","key":0,"oneway":false,"source":"OpenStreetMap"},"geometry":{"type":"LineString","coordinates":[[104.6731838,-3.2517557],[104.6728994,-3.251227],[104.6728499,-3.2511298],[104.6726531,-3.250739],[104.6725066,-3.2504315],[104.6724354,-3.2502848],[104.6722135,-3.2498774],[104.6721902,-3.2498337],[104.6718002,-3.2490356],[104.6716195,-3.2486761],[104.6715433,-3.2485054],[104.6714205,-3.248239],[104.6713097,-3.2479059],[104.6712421,-3.2477031],[104.6711611,-3.247417],[104.6711043,-3.2472452],[104.6710455,-3.2470681],[104.670993,-3.2469796],[104.670676,-3.2464862],[104.6704854,-3.2462113],[104.6703865,-3.2460932],[104.6699915,-3.2454554],[104.6699453,-3.2453508],[104.6695829,-3.2445313],[104.6693114,-3.2439589],[104.6690594,-3.2434274],[104.6689723,-3.2432165],[104.6687543,-3.2427171],[104.6686786,-3.242531],[104.6686444,-3.242452],[104.6683346,-3.2417276],[104.6682796,-3.2415978],[104.6680775,-3.2410995],[104.6678397,-3.2405132],[104.6677311,-3.2402374],[104.6675058,-3.2397058],[104.6672563,-3.23913],[104.6671143,-3.2388128],[104.6670184,-3.2386117],[104.66694,-3.2384475],[104.6667827,-3.2381178],[104.6665691,-3.2376702],[104.6665536,-3.2376378],[104.6663294,-3.2371678],[104.666009,-3.2365175],[104.6659182,-3.2362884],[104.6656731,-3.2356918],[104.6656134,-3.2355452],[104.6654069,-3.2350783],[104.6653987,-3.2350596],[104.6651816,-3.2345655],[104.6651602,-3.2344838],[104.6651481,-3.2343941],[104.6651548,-3.2339268],[104.6651576,-3.2337314],[104.6651612,-3.233134],[104.6651655,-3.2327358],[104.6651749,-3.2318755],[104.6651776,-3.2316265],[104.6651803,-3.2314966],[104.6652219,-3.2311833],[104.6652932,-3.2307086],[104.6653037,-3.2306383],[104.6653341,-3.2304466],[104.6653587,-3.2302915],[104.665423,-3.2298497],[104.6654874,-3.22946],[104.6655015,-3.2293536],[104.6655571,-3.228899],[104.665618,-3.22847],[104.6656557,-3.2282041],[104.6656946,-3.2279135],[104.6658046,-3.2271215],[104.6658096,-3.227079],[104.6658864,-3.2265772],[104.6659127,-3.2264439],[104.6661696,-3.2253146],[104.6662049,-3.2251191],[104.6662243,-3.2249249],[104.666227,-3.2247468],[104.6661801,-3.2245212],[104.6660775,-3.2242788],[104.6660104,-3.2241188],[104.6659823,-3.2240606],[104.6659601,-3.2240164],[104.6657972,-3.2237091],[104.6657061,-3.2235103],[104.6656054,-3.2232639],[104.6654613,-3.2228274],[104.6653466,-3.2224611]]}},{"type":"Feature","properties":{"segmentId":"osm-gaul2-73814-5800566551-5900992322-0","regionId":"gaul2-73814","province":"Sumatera Selatan","region":"Ogan Ilir","roadName":"Jalan Kerio Bijak","highway":"tertiary","lengthMeters":7518.405,"osmWayIds":["612880029","624977505","625048415","628633316","628634383","700996523","700996527"],"u":"5800566551","v":"5900992322","key":0,"oneway":false,"source":"OpenStreetMap"},"geometry":{"type":"LineString","coordinates":[[104.5929846,-3.4437345],[104.5927325,-3.44378],[104.5921183,-3.4439045],[104.5916928,-3.4439956],[104.5914263,-3.4440598],[104.5908268,-3.4441936],[104.5902152,-3.4443074],[104.5900727,-3.4443277],[104.589825,-3.4443757],[104.5897003,-3.4444105],[104.5895823,-3.4446026],[104.5895112,-3.4447184],[104.5893462,-3.4450089],[104.5891665,-3.4451187],[104.5890565,-3.4451669],[104.5890305,-3.4451683],[104.5888808,-3.4451762],[104.5887218,-3.4451429],[104.5885777,-3.4451433],[104.588149,-3.4451089],[104.5881249,-3.445107],[104.5879717,-3.445097],[104.5877053,-3.4450326],[104.5873145,-3.4448105],[104.5869304,-3.4444984],[104.5865578,-3.4441993],[104.5863513,-3.4440353],[104.585942,-3.4437262],[104.5856,-3.4434591],[104.5854953,-3.4433822],[104.5853984,-3.443311],[104.5853873,-3.4433028],[104.5853387,-3.4432685],[104.585027,-3.4430203],[104.5846236,-3.442703],[104.5842681,-3.4424245],[104.5840537,-3.4422565],[104.5838285,-3.4420481],[104.5833882,-3.4416922],[104.5828862,-3.4413015],[104.5827025,-3.4411636],[104.5825894,-3.4410508],[104.582515,-3.4409916],[104.582447,-3.4409456],[104.5820331,-3.4405978],[104.5818867,-3.4404755],[104.5816323,-3.4402689],[104.5814411,-3.4401452],[104.5812937,-3.4400279],[104.581074,-3.4398713],[104.5807115,-3.4396061],[104.5805179,-3.4394971],[104.5803795,-3.4394191],[104.5801603,-3.4392519],[104.579838,-3.4390316],[104.5796515,-3.4388937],[104.5794475,-3.4387453],[104.5790354,-3.4384575],[104.5786547,-3.4381663],[104.5783783,-3.4379776],[104.5779594,-3.437701],[104.577631,-3.4374843],[104.5774288,-3.4373472],[104.5770434,-3.4370706],[104.5767,-3.4368236],[104.576499,-3.4366975],[104.5762833,-3.436538],[104.5760149,-3.4363425],[104.575793,-3.4361884],[104.5755185,-3.4359974],[104.5752613,-3.4358165],[104.574979,-3.4356077],[104.5747455,-3.4354578],[104.5744614,-3.4352475],[104.573943,-3.4348981],[104.5737835,-3.4347861],[104.573514,-3.4346041],[104.5733426,-3.4344845],[104.5731442,-3.4343532],[104.5729358,-3.4342221],[104.5726817,-3.4340348],[104.5724545,-3.4338795],[104.5721767,-3.4336905],[104.5719519,-3.4335399],[104.5717456,-3.4333955],[104.571497,-3.4332291],[104.5712584,-3.4330775],[104.571043,-3.432928],[104.5707593,-3.4327397],[104.5705099,-3.4325704],[104.570236,-3.4323938],[104.5700926,-3.4322981],[104.5698144,-3.4321019],[104.5696189,-3.4319655],[104.5693287,-3.4317787],[104.5690472,-3.4315842],[104.56883,-3.4314244],[104.5685827,-3.4312578],[104.5683498,-3.4310952],[104.5681266,-3.4309551],[104.5678887,-3.4307943],[104.5676501,-3.4306191],[104.5674569,-3.4304792],[104.5672342,-3.4303108],[104.567096,-3.4301982],[104.5669923,-3.4301148],[104.5669668,-3.4300943],[104.5668402,-3.4300283],[104.5667328,-3.4299849],[104.5666879,-3.4299667],[104.5665724,-3.4299364],[104.5664745,-3.4299219],[104.5664362,-3.42992],[104.5664077,-3.4299178],[104.5663861,-3.4299186],[104.5663183,-3.4299186],[104.5660973,-3.4299363],[104.5659471,-3.4299432],[104.5658716,-3.4299463],[104.5655866,-3.4299586],[104.5652128,-3.4299661],[104.5646465,-3.4299638],[104.5643164,-3.4299661],[104.5638608,-3.4299776],[104.5635403,-3.4299813],[104.563355,-3.4299835],[104.5633036,-3.4299863],[104.562765,-3.4300156],[104.5623943,-3.4300186],[104.5622243,-3.43002],[104.5619459,-3.4300223],[104.561496,-3.4300213],[104.5614326,-3.4300212],[104.5610408,-3.4300311],[104.5607355,-3.4300372],[104.5603523,-3.4300433],[104.5600652,-3.430043],[104.5596805,-3.4300452],[104.5593022,-3.4300546],[104.5588705,-3.4300575],[104.5584433,-3.4300527],[104.5580802,-3.4300504],[104.5576185,-3.4300725],[104.5572649,-3.4300606],[104.556909,-3.4300537],[104.5566022,-3.4300317],[104.5564321,-3.4300029],[104.5562772,-3.4299486],[104.5559269,-3.4298096],[104.5556662,-3.4296907],[104.5553659,-3.4295291],[104.5551357,-3.429389],[104.5548783,-3.4292634],[104.5545973,-3.4291131],[104.5544629,-3.4290368],[104.5541535,-3.4288631],[104.5538891,-3.4287268],[104.5536444,-3.4285957],[104.5534239,-3.428446],[104.5530455,-3.4282122],[104.5525628,-3.4279543],[104.5522661,-3.427781],[104.551938,-3.4275756],[104.5516968,-3.4274333],[104.5513931,-3.4272633],[104.5509459,-3.4270259],[104.5505589,-3.4268095],[104.550213,-3.4266204],[104.5498656,-3.4264252],[104.5495725,-3.4262493],[104.5492796,-3.4260712],[104.5490711,-3.4259404],[104.5489142,-3.42584],[104.548836,-3.4257919],[104.5486758,-3.4256936],[104.5484553,-3.425546],[104.548165,-3.4253237],[104.5478491,-3.425109],[104.547569,-3.4249085],[104.5473643,-3.4247752],[104.547063,-3.4245625],[104.5468745,-3.4244088],[104.5465591,-3.4242328],[104.5462209,-3.4239871],[104.5458608,-3.4237603],[104.5455826,-3.4235762],[104.5451922,-3.4233209],[104.5448359,-3.4231077],[104.5443979,-3.422781],[104.5440479,-3.4225671],[104.5439005,-3.4224725],[104.5437821,-3.4224097],[104.5435507,-3.4222842],[104.5432387,-3.4221227],[104.5429481,-3.4219614],[104.5423976,-3.4216741],[104.5418401,-3.4213681],[104.5413401,-3.4211255],[104.5409181,-3.4209266],[104.5405847,-3.4207709],[104.5402155,-3.420628],[104.5398292,-3.420452],[104.5394732,-3.4203046],[104.5391688,-3.4201636],[104.5388623,-3.4200327],[104.5386595,-3.419924],[104.5384106,-3.4197464],[104.5382212,-3.4196429],[104.537931,-3.4194696],[104.537709,-3.4193318],[104.5374861,-3.419203],[104.5373294,-3.4191026],[104.5372258,-3.4190362],[104.5369779,-3.4188779],[104.5366995,-3.418703],[104.5364088,-3.4185124],[104.5361391,-3.4183344],[104.5359462,-3.4182247],[104.5358848,-3.4181897],[104.5356885,-3.4180639],[104.5354567,-3.4179105],[104.5353227,-3.4178264],[104.5352232,-3.4177529],[104.5351526,-3.4176916],[104.5350904,-3.4176362],[104.5349388,-3.4174628],[104.5347694,-3.4173079],[104.5347299,-3.4172892],[104.5345785,-3.4172177],[104.5343969,-3.4171619],[104.5342021,-3.4170669]]}},{"type":"Feature","properties":{"segmentId":"osm-gaul2-73814-5800566551-5932649608-0","regionId":"gaul2-73814","province":"Sumatera Selatan","region":"Ogan Ilir","roadName":"Unnamed OSM road","highway":"tertiary","lengthMeters":29759.426,"osmWayIds":["1297892442","612450517","612462614","612880019","612880021","612880025","612880027","612880033","621000224","628653487"],"u":"5800566551","v":"5932649608","key":0,"oneway":false,"source":"OpenStreetMap"},"geometry":{"type":"LineString","coordinates":[[104.5929846,-3.4437345],[104.593006,-3.4441789],[104.5930252,-3.4445083],[104.5930318,-3.4446205],[104.5930409,-3.4447144],[104.5929725,-3.4452592],[104.5929484,-3.4454493],[104.5928987,-3.4458683],[104.5928568,-3.4460207],[104.592762,-3.4464279],[104.5926952,-3.4466625],[104.5926458,-3.446833],[104.5926386,-3.4468884],[104.5925809,-3.4472418],[104.5925018,-3.4476876],[104.5926064,-3.4482673],[104.5926907,-3.4487044],[104.592695,-3.448727],[104.5927861,-3.4492016],[104.5928893,-3.4497792],[104.5929363,-3.4500423],[104.5930049,-3.4503919],[104.5931509,-3.4510651],[104.5936659,-3.4530891],[104.5943096,-3.4552203],[104.5944991,-3.4559504],[104.5948997,-3.4574934],[104.5951652,-3.4587089],[104.5954683,-3.460409],[104.5956266,-3.4613514],[104.5958599,-3.4629658],[104.5960073,-3.4637523],[104.5960656,-3.4640575],[104.5961925,-3.4647275],[104.5965787,-3.4664061],[104.5968738,-3.4675119],[104.597134,-3.4684235],[104.5973968,-3.4696591],[104.5975926,-3.4705372],[104.5977589,-3.4713163],[104.597952,-3.4719963],[104.59818,-3.4728156],[104.5985126,-3.4739655],[104.5985609,-3.4744916],[104.5985448,-3.4753295],[104.5985032,-3.4764179],[104.598463,-3.4770966],[104.5984724,-3.4776869],[104.5985448,-3.4784681],[104.5986025,-3.4790898],[104.5986883,-3.4798809],[104.5987473,-3.4805047],[104.5988452,-3.4812825],[104.5989927,-3.4819772],[104.5991483,-3.48268],[104.5993374,-3.4835233],[104.5994554,-3.4839771],[104.5995788,-3.4843037],[104.5997786,-3.4845206],[104.6002104,-3.4848954],[104.600558,-3.4852448],[104.6006262,-3.4853131],[104.6009802,-3.4856906],[104.6013102,-3.486234],[104.6014644,-3.4865513],[104.6016052,-3.4869462],[104.6017661,-3.4876021],[104.6018922,-3.4883491],[104.6019847,-3.4889836],[104.6020907,-3.4897814],[104.6021282,-3.4903971],[104.6021658,-3.4913703],[104.6021725,-3.4920236],[104.6021001,-3.4927518],[104.6019794,-3.4932658],[104.6019499,-3.4934197],[104.6019539,-3.4938253],[104.6020451,-3.4942938],[104.6021873,-3.4949993],[104.6022946,-3.4955561],[104.6024421,-3.4958988],[104.6027116,-3.4962629],[104.6031502,-3.4967984],[104.6033876,-3.4970915],[104.6039012,-3.4977407],[104.6043491,-3.4982989],[104.6048065,-3.4988652],[104.6051431,-3.499256],[104.6052879,-3.4995238],[104.6053235,-3.4996759],[104.6053496,-3.4997875],[104.6053617,-3.5000391],[104.6053255,-3.5003617],[104.6052718,-3.5005612],[104.6050827,-3.5008316],[104.604903,-3.5010685],[104.6046509,-3.5012211],[104.6044296,-3.5013162],[104.6040045,-3.5014661],[104.6033674,-3.5016655],[104.6024957,-3.5019721],[104.6021488,-3.5020884],[104.6018443,-3.5021838],[104.601801,-3.502205],[104.6012136,-3.5023777],[104.6008395,-3.5025129],[104.6004975,-3.502723],[104.5999114,-3.503067],[104.5994756,-3.5033749],[104.5989378,-3.5037537],[104.5985636,-3.5040121],[104.5982377,-3.5043066],[104.5977844,-3.5047229],[104.5972574,-3.5051927],[104.5968255,-3.5055568],[104.5963092,-3.5059959],[104.5958479,-3.5063761],[104.5953369,-3.5067147],[104.5946798,-3.5071618],[104.5943177,-3.5074362],[104.5940401,-3.507712],[104.5937705,-3.5080908],[104.593654,-3.5081886],[104.5935157,-3.5083183],[104.5931272,-3.5087542],[104.5931154,-3.5087675],[104.5930879,-3.5088136],[104.5927311,-3.5091242],[104.5922135,-3.5095191],[104.5920069,-3.5096471],[104.5918232,-3.5097721],[104.5914906,-3.5099528],[104.59106,-3.5101273],[104.5908724,-3.5102125],[104.5905753,-3.5103203],[104.5903949,-3.5103945],[104.5902206,-3.5105297],[104.5901428,-3.5106984],[104.5901133,-3.5108791],[104.5901683,-3.511207],[104.5902703,-3.5119018],[104.5902822,-3.5120142],[104.5902863,-3.5121923],[104.59023,-3.512377],[104.5900047,-3.5127544],[104.5898763,-3.5129825],[104.5898465,-3.5130355],[104.5896189,-3.5134246],[104.5894698,-3.5137084],[104.5893455,-3.5139488],[104.5892306,-3.5141715],[104.5891213,-3.5144065],[104.5889304,-3.5146662],[104.5887911,-3.5148434],[104.5886467,-3.515069],[104.5884749,-3.5153775],[104.5883422,-3.5157517],[104.5882119,-3.5162462],[104.5878471,-3.517467],[104.5872785,-3.5187842],[104.5870639,-3.5193732],[104.586903,-3.5203905],[104.5864631,-3.5219753],[104.5860876,-3.5225429],[104.5843173,-3.5236673],[104.5831049,-3.5252307],[104.5808304,-3.5283576],[104.5794142,-3.5302316],[104.5794571,-3.5313025],[104.579779,-3.5322984],[104.5804013,-3.5336476],[104.5805622,-3.5341937],[104.5803476,-3.5357893],[104.5806266,-3.5366888],[104.5811952,-3.5371493],[104.5820589,-3.5373795],[104.5827402,-3.5371279],[104.5836736,-3.5367638],[104.584843,-3.5365496],[104.5857268,-3.5363545],[104.5862431,-3.5363194],[104.5872892,-3.5364318],[104.5884573,-3.5364348],[104.5890863,-3.5365328],[104.5902826,-3.5369906],[104.5907654,-3.5372235],[104.5910658,-3.5374698],[104.5910839,-3.5374923],[104.5914278,-3.5379201],[104.591436,-3.5379303],[104.591613,-3.5382382],[104.5917605,-3.5388084],[104.5917691,-3.5388722],[104.5918359,-3.5392128],[104.5918705,-3.5393893],[104.5919309,-3.5397698],[104.5919697,-3.5399568],[104.5919815,-3.540527],[104.5919788,-3.5411534],[104.5919681,-3.5417424],[104.5918179,-3.5422457],[104.5914504,-3.542757],[104.5911634,-3.5432255],[104.590973,-3.54371],[104.5907235,-3.5441678],[104.5906516,-3.5442352],[104.5905843,-3.544307],[104.5903829,-3.5445372],[104.5899859,-3.5449094],[104.5897794,-3.5452386],[104.589428,-3.5457848],[104.5892027,-3.546355],[104.5890176,-3.5469975],[104.5889184,-3.5473375],[104.5887279,-3.5477123],[104.5882639,-3.5482771],[104.5875666,-3.549107],[104.5868102,-3.54987],[104.5863971,-3.5502929],[104.5862174,-3.5505044],[104.5859706,-3.5510961],[104.5857078,-3.5516234],[104.5855039,-3.5521214],[104.5854261,-3.5524132],[104.5854235,-3.5530075],[104.5854557,-3.5533983],[104.5855013,-3.5536848],[104.5856434,-3.5539284],[104.5859492,-3.554164],[104.5865607,-3.5545548],[104.5872635,-3.5548814],[104.5880547,-3.5551625],[104.5886341,-3.5552749],[104.5892832,-3.5554704],[104.5897847,-3.5558719],[104.5898598,-3.5560459],[104.5899399,-3.5568977],[104.5900127,-3.5576709],[104.5901133,-3.5580575],[104.5902029,-3.5584019],[104.59023,-3.5585061],[104.5903212,-3.5588555],[104.5903244,-3.5589225],[104.5903467,-3.5593882],[104.5903377,-3.55975],[104.5903306,-3.5600387],[104.5904226,-3.5608374],[104.5907128,-3.5616704],[104.5907437,-3.5617997],[104.5908179,-3.5621103],[104.5908936,-3.5624271],[104.5909714,-3.5627524],[104.5909859,-3.5628084],[104.5910535,-3.5629996],[104.5911889,-3.5633823],[104.5912346,-3.563457],[104.5913941,-3.5636764],[104.5915462,-3.5638858],[104.5916075,-3.5639909],[104.5918688,-3.5644103],[104.5921478,-3.5650809],[104.5924294,-3.5656832],[104.592585,-3.5661035],[104.5926279,-3.5664944],[104.5925608,-3.567086],[104.5923865,-3.5675572],[104.5920834,-3.5681702],[104.5918313,-3.5687805],[104.5915309,-3.56949],[104.5913431,-3.5702663],[104.5912653,-3.5709436],[104.5911097,-3.5716316],[104.5908147,-3.572448],[104.590584,-3.5733368],[104.5904875,-3.5739793],[104.5904928,-3.5747181],[104.590635,-3.5755212],[104.5908791,-3.5761878],[104.5911527,-3.5768142],[104.5914021,-3.577371],[104.5915067,-3.5778502],[104.5916006,-3.5785783],[104.591606,-3.5790977],[104.5915088,-3.5797927],[104.5914799,-3.5800266],[104.5913914,-3.5807976],[104.5913243,-3.5813276],[104.5912251,-3.5817773],[104.5910051,-3.5823074],[104.5907699,-3.5828588],[104.5907423,-3.5829204],[104.5906672,-3.5832041],[104.5906561,-3.5832573],[104.590627,-3.583686],[104.5906338,-3.5842184],[104.5906457,-3.5843539],[104.59066,-3.5847132],[104.5906618,-3.5847581],[104.5904982,-3.5852788],[104.5904823,-3.5853299],[104.5903118,-3.5858784],[104.5903018,-3.5859075],[104.5901978,-3.5863456],[104.5901743,-3.5864966],[104.5901294,-3.5867846],[104.590065,-3.5871727],[104.5899336,-3.5875408],[104.5898079,-3.5878059],[104.5895955,-3.5881997],[104.5894584,-3.5884475],[104.589207,-3.5890114],[104.5891318,-3.5891774],[104.588992,-3.5895045],[104.5888885,-3.5897558],[104.5887288,-3.5901496],[104.5886366,-3.590355],[104.5885726,-3.5904458],[104.588505,-3.5905087],[104.5884558,-3.5905323],[104.5884158,-3.5905514],[104.5882846,-3.5905692],[104.5880229,-3.5906112],[104.5878432,-3.5906734],[104.5876228,-3.5907741],[104.5874116,-3.5908869],[104.5871858,-3.591019],[104.5869781,-3.591161],[104.5868046,-3.5912842],[104.5866365,-3.5914224],[104.586463,-3.591558],[104.5863195,-3.5917005],[104.586169,-3.5918571],[104.586078,-3.5919751],[104.5859934,-3.5921345],[104.5859177,-3.5923283],[104.585869,-3.592531],[104.5858258,-3.5926991],[104.5857796,-3.592914],[104.5856849,-3.5932741],[104.5856595,-3.5933309],[104.5855725,-3.5936308],[104.5855308,-3.5937378],[104.5854686,-3.593978],[104.5853714,-3.5943179],[104.5852737,-3.5945946],[104.5851999,-3.5947925],[104.5850931,-3.594996],[104.5849357,-3.5952311],[104.584791,-3.5954648],[104.5847057,-3.5956612],[104.5846565,-3.5958362],[104.5846126,-3.5960551],[104.5845978,-3.5963523],[104.5846154,-3.596664],[104.5846623,-3.5971113],[104.5847111,-3.5975904],[104.5847715,-3.5980686],[104.5848312,-3.5984965],[104.5849094,-3.5990482],[104.5849558,-3.5994044],[104.5850296,-3.5998402],[104.5851048,-3.600257],[104.5851788,-3.6005743],[104.5852591,-3.6008119],[104.5853397,-3.6010188],[104.5854593,-3.6012612],[104.5855801,-3.6014884],[104.5857644,-3.6017858],[104.5859056,-3.6019947],[104.5860818,-3.6022675],[104.5861918,-3.6024681],[104.5863022,-3.6026895],[104.5864138,-3.6029732],[104.5865275,-3.6033019],[104.5866092,-3.6035723],[104.5867055,-3.6039014],[104.5867866,-3.6041426],[104.5868837,-3.604367],[104.58697,-3.6044945],[104.5870989,-3.6046379],[104.5873102,-3.6048268],[104.5874179,-3.6049402],[104.5875693,-3.6051432],[104.5876706,-3.6052892],[104.5877504,-3.6054306],[104.5878502,-3.6056343],[104.5879368,-3.6058343],[104.5880196,-3.6060633],[104.5881177,-3.6063543],[104.5881862,-3.6065989],[104.5882296,-3.6068441],[104.5882874,-3.6072598],[104.5883046,-3.6075484],[104.5882952,-3.6079242],[104.5882498,-3.608374],[104.5882215,-3.608741],[104.5882016,-3.6089903],[104.5882052,-3.6091919],[104.588218,-3.6093202],[104.5882478,-3.6094354],[104.5883256,-3.6096308],[104.5884007,-3.6097807],[104.5887279,-3.6102518],[104.5890847,-3.6106988],[104.5893019,-3.6111057],[104.5895031,-3.6116839],[104.5896506,-3.6122166],[104.5898223,-3.6128885],[104.5900449,-3.6137906],[104.5900547,-3.6138377],[104.5903131,-3.6148025],[104.5903203,-3.6148374],[104.5904312,-3.6153754],[104.5904472,-3.6157929],[104.5903802,-3.6162748],[104.5903185,-3.6167218],[104.5902783,-3.6172518],[104.5902273,-3.6176721],[104.5901921,-3.6177318],[104.5900744,-3.6179318],[104.5898035,-3.6181593],[104.5890538,-3.6187693],[104.5887415,-3.6190514],[104.5882225,-3.6194799],[104.5880411,-3.6195752],[104.5875605,-3.6197525],[104.5868653,-3.6199861],[104.5858933,-3.6203795],[104.5854057,-3.620557],[104.5849855,-3.6206119],[104.5841887,-3.6206312],[104.5836625,-3.6206043],[104.5833045,-3.6205737],[104.5829779,-3.6205919],[104.5825166,-3.6207034],[104.582193,-3.6207892],[104.5820388,-3.62083],[104.5818278,-3.6208558],[104.5813389,-3.6207991],[104.5810573,-3.6207464],[104.5809557,-3.6207274],[104.5806821,-3.6207167],[104.5804664,-3.6207359],[104.580109,-3.6208192],[104.5798986,-3.6208916],[104.5797484,-3.6210147],[104.579563,-3.6212205],[104.5794971,-3.6212936],[104.5792882,-3.6215659],[104.5792145,-3.6218293],[104.5792145,-3.6219551],[104.5792843,-3.6221131],[104.5794397,-3.6223179],[104.5794606,-3.6223455],[104.5795678,-3.6224868],[104.5797639,-3.6227854],[104.5798792,-3.6229611],[104.5801616,-3.6235113],[104.5804111,-3.6241003],[104.5805964,-3.6245813],[104.5806368,-3.6246861],[104.5807177,-3.6249978],[104.5807297,-3.6252505],[104.5806975,-3.6254807],[104.5805994,-3.6257298],[104.5804167,-3.6260166],[104.5798282,-3.6267015],[104.579253,-3.6274568],[104.5788418,-3.6279685],[104.5781951,-3.6286242],[104.5778309,-3.6289617],[104.5774278,-3.6292064],[104.576975,-3.6293945],[104.5764429,-3.6295651],[104.5760411,-3.6296928],[104.5757574,-3.629816],[104.5752633,-3.6300471],[104.5749492,-3.6301818],[104.5747507,-3.6302005],[104.5744336,-3.6302066],[104.5739747,-3.6301951],[104.5735889,-3.6302444],[104.5730643,-3.6303234],[104.5727683,-3.6303354],[104.5723806,-3.6302835],[104.5720626,-3.6302592],[104.5716656,-3.6302644],[104.5708379,-3.6303461],[104.5698667,-3.6304616],[104.5695025,-3.630443],[104.5690807,-3.6304023],[104.5688082,-3.6303703],[104.5686151,-3.6303944],[104.568389,-3.6304883],[104.5680983,-3.6306892],[104.567798,-3.63082],[104.567327,-3.6309601],[104.5670775,-3.6310665],[104.5667833,-3.6312612],[104.5666385,-3.6314004],[104.566558,-3.6315583],[104.5665401,-3.6316088],[104.5664684,-3.6318112],[104.5663741,-3.6322025],[104.5663057,-3.632625],[104.5663498,-3.6334526],[104.5663909,-3.6343454],[104.5664371,-3.6346997],[104.5664826,-3.6348978],[104.566547,-3.6350638],[104.5668032,-3.6355164],[104.5671374,-3.6362797],[104.5674379,-3.6373983],[104.5676838,-3.6385289],[104.5677683,-3.6388653],[104.5677764,-3.6390848],[104.5677445,-3.639305],[104.5676747,-3.6395299],[104.5675813,-3.6397924],[104.5673243,-3.6403731],[104.5670313,-3.6410342],[104.5668344,-3.6417868],[104.5666543,-3.642491],[104.5666048,-3.6426843],[104.56655,-3.6428985],[104.5665275,-3.6430038],[104.5664268,-3.6434753],[104.5663691,-3.6439389],[104.5663507,-3.6446745],[104.5663537,-3.6450414],[104.5663587,-3.6456485],[104.566349,-3.6463562],[104.5662968,-3.6467821],[104.5661958,-3.647585],[104.5661138,-3.6479591],[104.5659287,-3.6486204],[104.5657467,-3.64919],[104.5656097,-3.6495939],[104.5655185,-3.6499446],[104.5655099,-3.6502464],[104.5654991,-3.6505622],[104.5655315,-3.6508334],[104.5656207,-3.6515252],[104.5656678,-3.6520492],[104.5656609,-3.652362],[104.5655802,-3.6528101],[104.5654089,-3.6532199],[104.5651887,-3.6535948],[104.5645953,-3.654486],[104.5640019,-3.6552639],[104.5637801,-3.6554926],[104.5637026,-3.655529],[104.5636379,-3.6555595],[104.5633948,-3.6556415],[104.5629966,-3.655794]]}},{"type":"Feature","properties":{"segmentId":"osm-gaul2-73814-5800566551-5946333207-0","regionId":"gaul2-73814","province":"Sumatera Selatan","region":"Ogan Ilir","roadName":"Unnamed OSM road","highway":"tertiary","lengthMeters":10446.902,"osmWayIds":["612626482","612880029","628646826"],"u":"5800566551","v":"5946333207","key":0,"oneway":false,"source":"OpenStreetMap"},"geometry":{"type":"LineString","coordinates":[[104.5929846,-3.4437345],[104.5932287,-3.4436394],[104.5936316,-3.4435423],[104.5939514,-3.4434774],[104.5942734,-3.4434051],[104.5945678,-3.4433318],[104.5945875,-3.4433269],[104.5949022,-3.4432605],[104.5950995,-3.4432151],[104.5959653,-3.4429993],[104.5959764,-3.4429967],[104.5968336,-3.442792],[104.5972662,-3.4426883],[104.5981512,-3.4424762],[104.5984644,-3.4424011],[104.6000764,-3.4420022],[104.6013129,-3.4417157],[104.6021015,-3.4415256],[104.6027285,-3.4414869],[104.6028632,-3.4414828],[104.6039602,-3.4415658],[104.6055079,-3.4416568],[104.6062616,-3.4416756],[104.6067578,-3.4416702],[104.6074122,-3.4416086],[104.6100354,-3.4413462],[104.6118137,-3.4411481],[104.6133345,-3.44095],[104.6134142,-3.4409349],[104.6148071,-3.4407251],[104.6150612,-3.4406836],[104.6161267,-3.4405377],[104.6175671,-3.4403503],[104.6188599,-3.4402057],[104.6191901,-3.440163],[104.6205309,-3.4400236],[104.621864,-3.4398737],[104.6234492,-3.4396997],[104.6245261,-3.4395751],[104.6250317,-3.439523],[104.6266008,-3.4393489],[104.6278614,-3.4392258],[104.6280536,-3.4392115],[104.6290147,-3.4391615],[104.6302888,-3.4390732],[104.6317425,-3.4389661],[104.632566,-3.4389848],[104.6336845,-3.439108],[104.6347359,-3.4392043],[104.6360394,-3.4393355],[104.6371955,-3.4394614],[104.6386063,-3.4395738],[104.6400279,-3.4397291],[104.6418411,-3.4399139],[104.6419647,-3.4399259],[104.6431634,-3.4400424],[104.643401,-3.4400688],[104.6436811,-3.4400999],[104.6438514,-3.4400825],[104.6441116,-3.4400189],[104.6441799,-3.4400022],[104.6444777,-3.4398871],[104.6447513,-3.4398429],[104.6451388,-3.4399701],[104.645454,-3.4401722],[104.6457544,-3.4404373],[104.6460668,-3.4407693],[104.646264,-3.4410263],[104.6464826,-3.4411495],[104.6466455,-3.4411827],[104.6470204,-3.4412592],[104.6481067,-3.4414882],[104.6482471,-3.4415153],[104.6490213,-3.4416649],[104.6492645,-3.441709],[104.6502289,-3.4418982],[104.6504,-3.4419406],[104.6509564,-3.4420957],[104.6523687,-3.4424012],[104.6534506,-3.4426494],[104.6545507,-3.4428727],[104.6556693,-3.443107],[104.6564984,-3.4432919],[104.6572041,-3.4434301],[104.6579272,-3.4435849],[104.6579481,-3.4435894],[104.6588879,-3.443797],[104.6598319,-3.4439961],[104.6613575,-3.4443001],[104.6615618,-3.4443412],[104.6632055,-3.4447143],[104.6639847,-3.4448514],[104.664528,-3.4448157],[104.6649878,-3.4446905],[104.6655102,-3.4444402],[104.665592,-3.4443906],[104.6658253,-3.4442694],[104.6659824,-3.4441931],[104.6665163,-3.4439306],[104.6669877,-3.4436635],[104.6677003,-3.4432783],[104.6679486,-3.4431442],[104.6682456,-3.4429836],[104.6683792,-3.4429114],[104.6695592,-3.4421556],[104.6698092,-3.4420025],[104.6703874,-3.4416359],[104.6720931,-3.4405542],[104.6721827,-3.4404916],[104.672338,-3.440396],[104.6738336,-3.4394754],[104.6748606,-3.4388198],[104.6751377,-3.4386326],[104.6765145,-3.4377619],[104.6765646,-3.4377262],[104.6772562,-3.4372338],[104.6777455,-3.4368664],[104.6779111,-3.4367344],[104.6779229,-3.4367266],[104.6781406,-3.4365824],[104.6784831,-3.4363456],[104.6789085,-3.4360572],[104.6790638,-3.4359383],[104.6793749,-3.4357236],[104.6796145,-3.435547],[104.6800429,-3.4352585],[104.6801502,-3.4351803],[104.6805118,-3.4349168],[104.6809035,-3.4346316],[104.6809526,-3.4345958],[104.6814013,-3.4342714],[104.6819648,-3.4338083],[104.6821315,-3.4336672],[104.6823595,-3.4335069]]}},{"type":"Feature","properties":{"segmentId":"osm-gaul2-73814-5857097690-5857180319-0","regionId":"gaul2-73814","province":"Sumatera Selatan","region":"Ogan Ilir","roadName":"Unnamed OSM road","highway":"tertiary_link","lengthMeters":5476.466,"osmWayIds":["617499714"],"u":"5857097690","v":"5857180319","key":0,"oneway":false,"source":"OpenStreetMap"},"geometry":{"type":"LineString","coordinates":[[104.4350817,-3.5677591],[104.4354092,-3.5673246],[104.4355829,-3.5671384],[104.4357709,-3.5670007],[104.4359398,-3.5668863],[104.4361024,-3.5667353],[104.4361955,-3.5666189],[104.4362417,-3.5664965],[104.4362889,-3.5662968],[104.4363379,-3.5660014],[104.4363889,-3.5658184],[104.4364822,-3.5656754],[104.4366441,-3.5655487],[104.4368611,-3.5654391],[104.4370836,-3.5653522],[104.4372273,-3.5652932],[104.4373474,-3.565254],[104.4375131,-3.5651967],[104.4378019,-3.5651157],[104.4380597,-3.565066],[104.4383812,-3.5649849],[104.4386361,-3.564916],[104.4388475,-3.5648019],[104.4391392,-3.5646642],[104.4392677,-3.5646279],[104.4394404,-3.564645],[104.4395825,-3.5646939],[104.4397468,-3.5647923],[104.4399666,-3.5649465],[104.4403593,-3.5652258],[104.4406812,-3.5654588],[104.4410353,-3.5656533],[104.4413122,-3.5657639],[104.4415925,-3.5658676],[104.4418739,-3.5659383],[104.4421973,-3.5659702],[104.4426354,-3.5659487],[104.4429882,-3.5659374],[104.4433115,-3.5659083],[104.4436086,-3.5658799],[104.4439339,-3.5658704],[104.4442252,-3.5658389],[104.444527,-3.5658109],[104.4449161,-3.5657856],[104.4452775,-3.5658022],[104.4458614,-3.5659018],[104.4465302,-3.566013],[104.4471655,-3.566057],[104.4476162,-3.5660968],[104.4477981,-3.566112],[104.4481518,-3.5660514],[104.4486019,-3.5659656],[104.448859,-3.5659015],[104.4491291,-3.5657981],[104.4494628,-3.5656077],[104.4497949,-3.5654481],[104.4501107,-3.565313],[104.45049,-3.5652038],[104.4507937,-3.5650763],[104.4510652,-3.5648742],[104.451142,-3.5647671],[104.4512145,-3.564569],[104.4513316,-3.5641268],[104.4514192,-3.5635823],[104.4516216,-3.5624123],[104.4516972,-3.5620957],[104.4519177,-3.561474],[104.4521195,-3.560976],[104.4522758,-3.5606043],[104.4523764,-3.5603927],[104.4526233,-3.5599093],[104.4528445,-3.5595126],[104.4531046,-3.5590534],[104.4533668,-3.5587252],[104.4537329,-3.5584048],[104.4542024,-3.5580188],[104.4544551,-3.5577728],[104.4546906,-3.5574394],[104.4548986,-3.5570826],[104.4550194,-3.5567539],[104.4551264,-3.5564527],[104.4552606,-3.5562076],[104.4553563,-3.556081],[104.4557992,-3.5556517],[104.4563383,-3.5550618],[104.4565736,-3.5547723],[104.4568193,-3.5544942],[104.4569999,-3.5543072],[104.4572705,-3.5540005],[104.4576306,-3.5536203],[104.4578654,-3.5534102],[104.4581382,-3.5531578],[104.4585074,-3.5528609],[104.4587631,-3.55267],[104.4589612,-3.5525389],[104.4593686,-3.5523291],[104.4596062,-3.5521807],[104.459923,-3.5519526],[104.4601221,-3.5517718],[104.4604721,-3.551376],[104.4610004,-3.5507721],[104.4610284,-3.5507369],[104.4613346,-3.5503797],[104.4618091,-3.5498598],[104.4622922,-3.5493073],[104.4627089,-3.5488292],[104.4630048,-3.5484927],[104.4630833,-3.5483919],[104.4631573,-3.548295],[104.463237,-3.5482142],[104.463396,-3.5480953],[104.4636233,-3.5479852],[104.4639018,-3.5478515],[104.464034,-3.5477877],[104.4641608,-3.5477203],[104.4643767,-3.5475771],[104.4646473,-3.5473349],[104.4649674,-3.5470382],[104.4653922,-3.5466848],[104.4656256,-3.5465264],[104.4658002,-3.546421],[104.4659346,-3.5463117],[104.4660528,-3.5462213],[104.4662944,-3.5460037],[104.4665967,-3.5457156],[104.4668859,-3.545493],[104.4673026,-3.5451635],[104.4676118,-3.5448853],[104.4679234,-3.5445372],[104.4682081,-3.5441846],[104.468332,-3.5439717],[104.4683974,-3.5438162],[104.4684236,-3.5437539],[104.4685106,-3.5434872],[104.4685655,-3.5432726],[104.4686047,-3.5431724],[104.4686539,-3.5430444],[104.4687447,-3.5428186],[104.4688647,-3.5426038],[104.4689667,-3.5424185],[104.4690009,-3.5423849],[104.4690422,-3.542362],[104.469088,-3.5423595],[104.4691313,-3.5423728],[104.4692132,-3.542437],[104.4693543,-3.5425308],[104.4694271,-3.5425725],[104.4694655,-3.5425757],[104.4694918,-3.542559],[104.4695372,-3.5425103],[104.4696117,-3.5423873],[104.4696754,-3.5422743],[104.4697466,-3.5421443],[104.4697881,-3.5420661],[104.469813,-3.5419888],[104.4698169,-3.5419492],[104.4698042,-3.5419192],[104.4697792,-3.5418894],[104.469676,-3.5417937],[104.4695602,-3.5417032]]}},{"type":"Feature","properties":{"segmentId":"osm-gaul2-73814-5857180319-12032262173-0","regionId":"gaul2-73814","province":"Sumatera Selatan","region":"Ogan Ilir","roadName":"Jembatan Tambang Rambang","highway":"tertiary_link","lengthMeters":114.371,"osmWayIds":["1298907457","619870489","619870491"],"u":"5857180319","v":"12032262173","key":0,"oneway":false,"source":"OpenStreetMap"},"geometry":{"type":"LineString","coordinates":[[104.4695602,-3.5417032],[104.4694467,-3.5416604],[104.4693963,-3.5416414],[104.4693552,-3.5416273],[104.4692891,-3.5416016],[104.4692019,-3.5415635],[104.4687841,-3.5412461],[104.4687668,-3.5412214],[104.4687566,-3.5411997],[104.4687548,-3.5411792],[104.4687575,-3.5411565],[104.4687618,-3.541134]]}},{"type":"Feature","properties":{"segmentId":"osm-gaul2-73814-5857180319-5857097690-0","regionId":"gaul2-73814","province":"Sumatera Selatan","region":"Ogan Ilir","roadName":"Unnamed OSM road","highway":"tertiary_link","lengthMeters":5476.466,"osmWayIds":["617499714"],"u":"5857180319","v":"5857097690","key":0,"oneway":false,"source":"OpenStreetMap"},"geometry":{"type":"LineString","coordinates":[[104.4695602,-3.5417032],[104.469676,-3.5417937],[104.4697792,-3.5418894],[104.4698042,-3.5419192],[104.4698169,-3.5419492],[104.469813,-3.5419888],[104.4697881,-3.5420661],[104.4697466,-3.5421443],[104.4696754,-3.5422743],[104.4696117,-3.5423873],[104.4695372,-3.5425103],[104.4694918,-3.542559],[104.4694655,-3.5425757],[104.4694271,-3.5425725],[104.4693543,-3.5425308],[104.4692132,-3.542437],[104.4691313,-3.5423728],[104.469088,-3.5423595],[104.4690422,-3.542362],[104.4690009,-3.5423849],[104.4689667,-3.5424185],[104.4688647,-3.5426038],[104.4687447,-3.5428186],[104.4686539,-3.5430444],[104.4686047,-3.5431724],[104.4685655,-3.5432726],[104.4685106,-3.5434872],[104.4684236,-3.5437539],[104.4683974,-3.5438162],[104.468332,-3.5439717],[104.4682081,-3.5441846],[104.4679234,-3.5445372],[104.4676118,-3.5448853],[104.4673026,-3.5451635],[104.4668859,-3.545493],[104.4665967,-3.5457156],[104.4662944,-3.5460037],[104.4660528,-3.5462213],[104.4659346,-3.5463117],[104.4658002,-3.546421],[104.4656256,-3.5465264],[104.4653922,-3.5466848],[104.4649674,-3.5470382],[104.4646473,-3.5473349],[104.4643767,-3.5475771],[104.4641608,-3.5477203],[104.464034,-3.5477877],[104.4639018,-3.5478515],[104.4636233,-3.5479852],[104.463396,-3.5480953],[104.463237,-3.5482142],[104.4631573,-3.548295],[104.4630833,-3.5483919],[104.4630048,-3.5484927],[104.4627089,-3.5488292],[104.4622922,-3.5493073],[104.4618091,-3.5498598],[104.4613346,-3.5503797],[104.4610284,-3.5507369],[104.4610004,-3.5507721],[104.4604721,-3.551376],[104.4601221,-3.5517718],[104.459923,-3.5519526],[104.4596062,-3.5521807],[104.4593686,-3.5523291],[104.4589612,-3.5525389],[104.4587631,-3.55267],[104.4585074,-3.5528609],[104.4581382,-3.5531578],[104.4578654,-3.5534102],[104.4576306,-3.5536203],[104.4572705,-3.5540005],[104.4569999,-3.5543072],[104.4568193,-3.5544942],[104.4565736,-3.5547723],[104.4563383,-3.5550618],[104.4557992,-3.5556517],[104.4553563,-3.556081],[104.4552606,-3.5562076],[104.4551264,-3.5564527],[104.4550194,-3.5567539],[104.4548986,-3.5570826],[104.4546906,-3.5574394],[104.4544551,-3.5577728],[104.4542024,-3.5580188],[104.4537329,-3.5584048],[104.4533668,-3.5587252],[104.4531046,-3.5590534],[104.4528445,-3.5595126],[104.4526233,-3.5599093],[104.4523764,-3.5603927],[104.4522758,-3.5606043],[104.4521195,-3.560976],[104.4519177,-3.561474],[104.4516972,-3.5620957],[104.4516216,-3.5624123],[104.4514192,-3.5635823],[104.4513316,-3.5641268],[104.4512145,-3.564569],[104.451142,-3.5647671],[104.4510652,-3.5648742],[104.4507937,-3.5650763],[104.45049,-3.5652038],[104.4501107,-3.565313],[104.4497949,-3.5654481],[104.4494628,-3.5656077],[104.4491291,-3.5657981],[104.448859,-3.5659015],[104.4486019,-3.5659656],[104.4481518,-3.5660514],[104.4477981,-3.566112],[104.4476162,-3.5660968],[104.4471655,-3.566057],[104.4465302,-3.566013],[104.4458614,-3.5659018],[104.4452775,-3.5658022],[104.4449161,-3.5657856],[104.444527,-3.5658109],[104.4442252,-3.5658389],[104.4439339,-3.5658704],[104.4436086,-3.5658799],[104.4433115,-3.5659083],[104.4429882,-3.5659374],[104.4426354,-3.5659487],[104.4421973,-3.5659702],[104.4418739,-3.5659383],[104.4415925,-3.5658676],[104.4413122,-3.5657639],[104.4410353,-3.5656533],[104.4406812,-3.5654588],[104.4403593,-3.5652258],[104.4399666,-3.5649465],[104.4397468,-3.5647923],[104.4395825,-3.5646939],[104.4394404,-3.564645],[104.4392677,-3.5646279],[104.4391392,-3.5646642],[104.4388475,-3.5648019],[104.4386361,-3.564916],[104.4383812,-3.5649849],[104.4380597,-3.565066],[104.4378019,-3.5651157],[104.4375131,-3.5651967],[104.4373474,-3.565254],[104.4372273,-3.5652932],[104.4370836,-3.5653522],[104.4368611,-3.5654391],[104.4366441,-3.5655487],[104.4364822,-3.5656754],[104.4363889,-3.5658184],[104.4363379,-3.5660014],[104.4362889,-3.5662968],[104.4362417,-3.5664965],[104.4361955,-3.5666189],[104.4361024,-3.5667353],[104.4359398,-3.5668863],[104.4357709,-3.5670007],[104.4355829,-3.5671384],[104.4354092,-3.5673246],[104.4350817,-3.5677591]]}},{"type":"Feature","properties":{"segmentId":"osm-gaul2-73814-5857180319-5861482144-0","regionId":"gaul2-73814","province":"Sumatera Selatan","region":"Ogan Ilir","roadName":"Jembatan","highway":"tertiary","lengthMeters":2369.562,"osmWayIds":["619870488","619870490","619870493","619870494","620396026","701003627"],"u":"5857180319","v":"5861482144","key":0,"oneway":false,"source":"OpenStreetMap"},"geometry":{"type":"LineString","coordinates":[[104.4695602,-3.5417032],[104.469481,-3.5416497],[104.4693977,-3.541586],[104.4693123,-3.5415183],[104.4692567,-3.5414771],[104.468848,-3.5411712],[104.4688356,-3.5411594],[104.4688231,-3.5411411],[104.4688123,-3.5411163],[104.4688098,-3.5410926],[104.4688134,-3.5410689],[104.4689136,-3.5409434],[104.4690712,-3.5407131],[104.4691738,-3.540539],[104.4692526,-3.5403805],[104.4693217,-3.5401683],[104.4693559,-3.5400616],[104.469385,-3.5399709],[104.4694079,-3.5398995],[104.4694363,-3.5397433],[104.4694565,-3.5394234],[104.4694593,-3.5391984],[104.4694605,-3.5390351],[104.4694242,-3.538608],[104.4694137,-3.5384363],[104.4693978,-3.5382449],[104.4693555,-3.5376975],[104.469306,-3.5370718],[104.4692958,-3.536929],[104.4692821,-3.5367747],[104.469272,-3.5365656],[104.4692386,-3.5361339],[104.4691921,-3.5355901],[104.4691449,-3.5349714],[104.4691335,-3.5348267],[104.469102,-3.5344266],[104.4690818,-3.5341982],[104.469036,-3.5336577],[104.4689918,-3.5331489],[104.46897,-3.5329864],[104.4689339,-3.5328342],[104.4688816,-3.5326862],[104.4688154,-3.5325509],[104.468712,-3.5324283],[104.4685976,-3.5323248],[104.4684752,-3.5322439],[104.4683333,-3.532157],[104.4681771,-3.5320716],[104.4679977,-3.5319801],[104.4677038,-3.5318248],[104.467446,-3.5316771],[104.467357,-3.5316094],[104.4672815,-3.5315426],[104.4672122,-3.5314518],[104.4671478,-3.5313393],[104.4671062,-3.5312218],[104.4670924,-3.5310806],[104.4671094,-3.5309655],[104.4671439,-3.5308259],[104.4672364,-3.5306821],[104.4673372,-3.5305523],[104.4674603,-3.5304334],[104.4676145,-3.5302757],[104.4678099,-3.5300662],[104.4679268,-3.5299529],[104.4680425,-3.5298405],[104.4682401,-3.5296417],[104.4683878,-3.5294957],[104.4684456,-3.5294197],[104.4684849,-3.529358],[104.4685355,-3.5292399],[104.4685713,-3.5291068],[104.4685758,-3.5290072],[104.4685564,-3.5288978],[104.4685152,-3.5287565],[104.4684207,-3.5285223],[104.468312,-3.5282114],[104.4681483,-3.527816],[104.4679949,-3.5273862],[104.4677806,-3.5268153],[104.4677151,-3.5266464],[104.4676143,-3.5263379],[104.4676022,-3.5262515],[104.467607,-3.5261691],[104.467615,-3.5260427],[104.46765,-3.5259131],[104.4677087,-3.5257862],[104.4677946,-3.5256418],[104.4679321,-3.525456],[104.4680267,-3.5253417],[104.4681137,-3.5252366],[104.4682344,-3.5251123],[104.4683929,-3.5249376],[104.4686288,-3.5246857],[104.4688045,-3.5244818],[104.4689305,-3.5243461],[104.4689823,-3.5242947],[104.4691884,-3.5240604],[104.4692841,-3.5239574],[104.4693736,-3.523861],[104.46953,-3.5236834],[104.4696646,-3.5235339],[104.4698236,-3.5233916]]}},{"type":"Feature","properties":{"segmentId":"osm-gaul2-73814-5861481739-3113978516-0","regionId":"gaul2-73814","province":"Sumatera Selatan","region":"Ogan Ilir","roadName":"Unnamed OSM road","highway":"tertiary","lengthMeters":7169.214,"osmWayIds":["306464811","306464812","306464813","306464814","306464815","620396016"],"u":"5861481739","v":"3113978516","key":0,"oneway":false,"source":"OpenStreetMap"},"geometry":{"type":"LineString","coordinates":[[104.5266612,-3.4197137],[104.5263491,-3.4198331],[104.526089,-3.4199215],[104.5256332,-3.420044],[104.5253236,-3.4201328],[104.5250312,-3.420208],[104.5249977,-3.4202171],[104.5247889,-3.4202738],[104.5244818,-3.4203532],[104.5239288,-3.4204961],[104.5235201,-3.4205811],[104.5230561,-3.4207145],[104.5227393,-3.4207723],[104.5223522,-3.4208506],[104.5219005,-3.4209187],[104.5213206,-3.4209553],[104.5207533,-3.4209731],[104.520252,-3.4209689],[104.5197215,-3.420933],[104.5191897,-3.4209151],[104.5185208,-3.4209024],[104.5180455,-3.4208772],[104.5176344,-3.4208677],[104.5170155,-3.4208387],[104.5164838,-3.4208134],[104.5156567,-3.4207932],[104.5154531,-3.4207838],[104.5148002,-3.4207777],[104.5142884,-3.4207697],[104.513609,-3.420768],[104.5129831,-3.420768],[104.5122923,-3.4207731],[104.5113419,-3.420774],[104.5106095,-3.4207772],[104.5100029,-3.420774],[104.5089887,-3.4207772],[104.5081659,-3.420776],[104.5078732,-3.4207973],[104.5074614,-3.420791],[104.5072651,-3.4207908],[104.5067626,-3.4207938],[104.5059378,-3.4208049],[104.5052591,-3.4208083],[104.504951,-3.4208171],[104.5046066,-3.420845],[104.5041341,-3.420888],[104.5008639,-3.4209304],[104.5003118,-3.4209304],[104.4966023,-3.4209846],[104.4922566,-3.4211144],[104.4908569,-3.4211641],[104.4901173,-3.4211606],[104.489063,-3.421216],[104.4884182,-3.4212569],[104.4880874,-3.4212871],[104.4877087,-3.4213139],[104.4875635,-3.4213042],[104.4866716,-3.4213653],[104.4859419,-3.4213447],[104.4851375,-3.4213197],[104.485035,-3.4213078],[104.4848834,-3.4212983],[104.4844519,-3.4212733],[104.484069,-3.4212584],[104.4825146,-3.4211629],[104.4823793,-3.4211546],[104.4822101,-3.4211346],[104.4806724,-3.4212194],[104.4761867,-3.421675],[104.4698249,-3.4222861],[104.4672007,-3.4225145],[104.4660279,-3.4226149],[104.4658813,-3.4226213],[104.4646006,-3.4227151],[104.4645252,-3.4227236],[104.4637738,-3.4227866],[104.4633109,-3.4228197],[104.4624643,-3.4228875],[104.4623379,-3.4228927]]}},{"type":"Feature","properties":{"segmentId":"osm-gaul2-73814-5861481739-5877156799-0","regionId":"gaul2-73814","province":"Sumatera Selatan","region":"Ogan Ilir","roadName":"Unnamed OSM road","highway":"tertiary","lengthMeters":13661.183,"osmWayIds":["619870490"],"u":"5861481739","v":"5877156799","key":0,"oneway":false,"source":"OpenStreetMap"},"geometry":{"type":"LineString","coordinates":[[104.5266612,-3.4197137],[104.5265324,-3.4197868],[104.5264068,-3.4198633],[104.5262949,-3.4199479],[104.5261985,-3.4200814],[104.526075,-3.4202819],[104.5257752,-3.4207691],[104.525327,-3.4214973],[104.5251812,-3.42172],[104.5251279,-3.4217644],[104.5250168,-3.4218569],[104.5247405,-3.4220302],[104.5243515,-3.4222345],[104.5240443,-3.4223915],[104.5238663,-3.4224824],[104.5235919,-3.4226315],[104.5233701,-3.4227934],[104.5231338,-3.4229996],[104.5229934,-3.4231314],[104.522873,-3.4234598],[104.5227129,-3.4237148],[104.5225521,-3.4238818],[104.5223794,-3.4240132],[104.5221128,-3.4242576],[104.5218728,-3.4245722],[104.5217202,-3.4248407],[104.521408,-3.4254488],[104.5210881,-3.4260534],[104.5209087,-3.4263793],[104.5208078,-3.4266761],[104.5208022,-3.4269131],[104.5207973,-3.4271187],[104.5208464,-3.4278468],[104.5208804,-3.428241],[104.5208758,-3.4286668],[104.5208139,-3.4289779],[104.5206005,-3.4294647],[104.5202746,-3.4300587],[104.5201912,-3.4302118],[104.5200492,-3.4304742],[104.5199632,-3.4307446],[104.5199285,-3.4309687],[104.5199144,-3.4311684],[104.5199149,-3.4314629],[104.5200018,-3.4322331],[104.520026,-3.4326742],[104.5200177,-3.4332269],[104.5199831,-3.4335403],[104.5199413,-3.4340036],[104.5199418,-3.4345441],[104.5198956,-3.4352076],[104.5198803,-3.435597],[104.5198277,-3.4359132],[104.5197539,-3.4361257],[104.5196065,-3.4363914],[104.5192278,-3.4370729],[104.5189632,-3.4374833],[104.5186016,-3.4380986],[104.5183887,-3.4384139],[104.5181785,-3.4386615],[104.5179459,-3.4388724],[104.5176636,-3.4390936],[104.5175175,-3.439204],[104.517307,-3.439402],[104.5171509,-3.4396817],[104.5170252,-3.4400882],[104.5169238,-3.4404299],[104.5167467,-3.4407935],[104.51658,-3.4410526],[104.5162925,-3.4413838],[104.5160284,-3.4418939],[104.5155481,-3.4428848],[104.5152155,-3.4436282],[104.515004,-3.4440683],[104.5146505,-3.4447945],[104.514423,-3.4452314],[104.5141968,-3.4457187],[104.5138583,-3.4464276],[104.5137311,-3.4467291],[104.5136114,-3.4471046],[104.5134697,-3.4477205],[104.5133724,-3.4481354],[104.5132909,-3.4484285],[104.5132571,-3.4486556],[104.5131408,-3.4490657],[104.513011,-3.4495404],[104.5128713,-3.4500495],[104.5128191,-3.4502007],[104.5124845,-3.450738],[104.5122618,-3.451129],[104.5119574,-3.4516063],[104.511572,-3.452176],[104.5112228,-3.4527214],[104.5110593,-3.4530972],[104.5109367,-3.4534291],[104.5107893,-3.4539236],[104.5106255,-3.4543873],[104.5104743,-3.4548316],[104.5102857,-3.4553364],[104.5102022,-3.4555279],[104.5101459,-3.4556572],[104.5099968,-3.4559992],[104.5098276,-3.4564369],[104.5097668,-3.456605],[104.509739,-3.456682],[104.5096049,-3.4574293],[104.5095062,-3.4583081],[104.5095152,-3.458677],[104.5095475,-3.4590018],[104.509594,-3.4591698],[104.5101132,-3.4600919],[104.5102157,-3.4602639],[104.5103151,-3.4604442],[104.5103326,-3.4604758],[104.5104552,-3.4607044],[104.5104747,-3.4607407],[104.5105486,-3.460893],[104.5105665,-3.4609299],[104.5106251,-3.4611172],[104.5106367,-3.4611544],[104.5107189,-3.4614111],[104.5107702,-3.4619516],[104.5106567,-3.4627804],[104.5105329,-3.463258],[104.5104929,-3.4634218],[104.5104652,-3.4635353],[104.5103402,-3.4640477],[104.5103221,-3.4641396],[104.5102833,-3.4643367],[104.5102269,-3.4645954],[104.510162,-3.4649321],[104.5101337,-3.4650516],[104.5100034,-3.4655536],[104.5099458,-3.4656921],[104.5099231,-3.4657456],[104.5098619,-3.465854],[104.5097353,-3.4660181],[104.509568,-3.4662193],[104.5090956,-3.4667643],[104.5090326,-3.4668217],[104.5089302,-3.4669414],[104.5087993,-3.4670861],[104.5086185,-3.467275],[104.5084301,-3.4674808],[104.5082951,-3.4676343],[104.5081177,-3.4678044],[104.5080619,-3.4678673],[104.5078837,-3.4680635],[104.5076363,-3.4683323],[104.5073861,-3.4685486],[104.5070733,-3.4688245],[104.5068559,-3.4690371],[104.5066875,-3.4692339],[104.5065475,-3.4694279],[104.5065262,-3.4694629],[104.5065126,-3.4694854],[104.5063058,-3.4698253],[104.5060375,-3.4702742],[104.5059054,-3.4705353],[104.5058203,-3.470697],[104.5057038,-3.4708791],[104.5056002,-3.4710519],[104.5055261,-3.4711869],[104.5052192,-3.4717717],[104.5049099,-3.4723081],[104.5045595,-3.4729471],[104.5042979,-3.4734072],[104.5040889,-3.4737937],[104.5040091,-3.4739338],[104.5039561,-3.4740391],[104.5038896,-3.4743096],[104.5038454,-3.4744657],[104.5037659,-3.4747083],[104.503757,-3.4747345],[104.5035519,-3.4752795],[104.5034789,-3.4755019],[104.5033541,-3.4758529],[104.5032077,-3.4762393],[104.5029451,-3.4769946],[104.5027416,-3.4775654],[104.5024514,-3.4784223],[104.5024248,-3.4785008],[104.5022937,-3.4788795],[104.5020143,-3.4796823],[104.5018157,-3.4803077],[104.5015919,-3.4809527],[104.5013047,-3.4816772],[104.501025,-3.4822864],[104.5009593,-3.4823922],[104.5009013,-3.482463],[104.5008373,-3.4825421],[104.5007608,-3.4826157],[104.5005691,-3.4828071],[104.4999079,-3.4833627],[104.4997729,-3.4834822],[104.4994471,-3.4838161],[104.4993063,-3.4839478],[104.4988244,-3.4843722],[104.498641,-3.4845497],[104.4985009,-3.4847075],[104.4981721,-3.4851991],[104.4977389,-3.4857829],[104.4974358,-3.4861228],[104.4970252,-3.4865139],[104.4964887,-3.48703],[104.495959,-3.4875309],[104.4956793,-3.4878272],[104.4953139,-3.4882857],[104.4949064,-3.4888618],[104.4946428,-3.4892802],[104.4945254,-3.4894481],[104.4941777,-3.4898681],[104.4938127,-3.4902862],[104.4936117,-3.4904693],[104.4931955,-3.4908157],[104.4929302,-3.4910378],[104.4924445,-3.4914452],[104.4920329,-3.4918161],[104.491868,-3.4920008],[104.4916151,-3.4923686],[104.4914817,-3.4925697],[104.4912698,-3.4928388],[104.4910298,-3.4931386],[104.4908141,-3.4934331],[104.4901849,-3.4943072],[104.4899126,-3.4946539],[104.4895772,-3.4950997],[104.4891674,-3.495644],[104.4889941,-3.4958801],[104.4888204,-3.4961072],[104.4885867,-3.496418],[104.4883221,-3.4967703],[104.4881075,-3.4970514],[104.4877937,-3.4974556],[104.487631,-3.4977002],[104.4875127,-3.4978881],[104.4872716,-3.4983257],[104.4869887,-3.4988398],[104.4868026,-3.4991195],[104.4865521,-3.4994795],[104.4863712,-3.4997375],[104.4861622,-3.5000024],[104.4859124,-3.5002578],[104.4856921,-3.5004419],[104.485572,-3.5005287],[104.4853701,-3.5006852],[104.4850659,-3.5009257],[104.48487,-3.5010893],[104.4848063,-3.5011422],[104.4846346,-3.5012826],[104.4844046,-3.5014621],[104.4840891,-3.5017057],[104.4839373,-3.501816],[104.4837731,-3.5019413],[104.4835142,-3.5021367],[104.4832152,-3.5023616],[104.4828987,-3.5026039],[104.4826355,-3.5027938],[104.4824776,-3.5029145],[104.482322,-3.5030295],[104.4820778,-3.5032412],[104.4818478,-3.5034308],[104.4815324,-3.5038369],[104.4813783,-3.5040571],[104.4812421,-3.50424],[104.4810484,-3.504509],[104.4808981,-3.5047137],[104.4806905,-3.5050094],[104.4805396,-3.5052081],[104.4804359,-3.5053687],[104.4802239,-3.5056533],[104.4800104,-3.5059659],[104.4798638,-3.5061567],[104.4795534,-3.5066327],[104.4793093,-3.5070283],[104.4791394,-3.5072862],[104.4790069,-3.5074434],[104.4788061,-3.5077274],[104.478629,-3.5079444],[104.4785985,-3.5079775],[104.4784771,-3.5081094],[104.4783126,-3.5082878],[104.4781115,-3.5084933],[104.4779137,-3.5086952],[104.477779,-3.5088359],[104.4776657,-3.5089461],[104.4775213,-3.5090872],[104.4773033,-3.5093168],[104.4770584,-3.5095385],[104.476955,-3.5096397],[104.4766356,-3.5099475],[104.4763478,-3.5101886],[104.4760969,-3.5104062],[104.4758469,-3.510613],[104.4755818,-3.5108116],[104.4751948,-3.5111283],[104.4750288,-3.5112697],[104.474706,-3.5115189],[104.4744995,-3.5117082],[104.4742802,-3.5119023],[104.474088,-3.5121089],[104.4738053,-3.5123828],[104.4736118,-3.5125762],[104.4733906,-3.5127783],[104.4731204,-3.5130154],[104.472942,-3.5131953],[104.472694,-3.5134335],[104.4725303,-3.5135858],[104.4723486,-3.5138058],[104.4722453,-3.5139218],[104.4721551,-3.5140675],[104.4720898,-3.5142068],[104.4720474,-3.5143858],[104.4720367,-3.5145635],[104.4720071,-3.5149018],[104.4719772,-3.5153995],[104.4719535,-3.5157851],[104.4719305,-3.5162775],[104.4719112,-3.5168894],[104.4719081,-3.5169877],[104.4718812,-3.5173638],[104.471876,-3.5174512],[104.4718873,-3.5175966],[104.4718614,-3.5178561],[104.4718432,-3.5180389],[104.4717538,-3.5184652],[104.4717442,-3.518511],[104.4716487,-3.5189258],[104.4715699,-3.5192732],[104.4714773,-3.5197021],[104.4713964,-3.5200747],[104.4713485,-3.5203091],[104.471302,-3.5204937],[104.4712398,-3.5207403],[104.4711524,-3.5210324],[104.4710155,-3.5213958],[104.471009,-3.5214132],[104.4709196,-3.5216469],[104.4708,-3.5219576],[104.4706643,-3.522316],[104.4705935,-3.522466],[104.4705508,-3.5225289],[104.4704961,-3.5226095],[104.4704548,-3.5226596],[104.4703793,-3.5227512]]}},{"type":"Feature","properties":{"segmentId":"osm-gaul2-73814-5861481739-5900992322-0","regionId":"gaul2-73814","province":"Sumatera Selatan","region":"Ogan Ilir","roadName":"Jalan Lanang Kuaso","highway":"tertiary","lengthMeters":907.954,"osmWayIds":["700996530"],"u":"5861481739","v":"5900992322","key":0,"oneway":false,"source":"OpenStreetMap"},"geometry":{"type":"LineString","coordinates":[[104.5266612,-3.4197137],[104.5269485,-3.4195703],[104.5272208,-3.4194052],[104.5274134,-3.4193026],[104.5275985,-3.419204],[104.5276211,-3.4191927],[104.5277903,-3.4191082],[104.5282621,-3.418892],[104.5288724,-3.4186213],[104.5294319,-3.41841],[104.5299173,-3.4182201],[104.5305497,-3.4179839],[104.5306192,-3.4179579],[104.5312083,-3.4177526],[104.5313964,-3.4177325],[104.5316054,-3.4177469],[104.5318724,-3.4177909],[104.5320559,-3.4178436],[104.5322638,-3.4178922],[104.532524,-3.4179031],[104.532787,-3.4178314],[104.5330463,-3.4177057],[104.5336025,-3.4174184],[104.5339453,-3.4172376],[104.5341467,-3.4171072],[104.5342021,-3.4170669]]}},{"type":"Feature","properties":{"segmentId":"osm-gaul2-73814-5861481870-5788714607-0","regionId":"gaul2-73814","province":"Sumatera Selatan","region":"Ogan Ilir","roadName":"Unnamed OSM road","highway":"tertiary","lengthMeters":29619.311,"osmWayIds":["1301538532","1301538533","611410040","612181161","698605003"],"u":"5861481870","v":"5788714607","key":0,"oneway":false,"source":"OpenStreetMap"},"geometry":{"type":"LineString","coordinates":[[104.5678661,-3.3991613],[104.5677056,-3.398709],[104.5675108,-3.3981129],[104.5671743,-3.3971322],[104.5670073,-3.3966757],[104.5668559,-3.3963893],[104.5666061,-3.3958571],[104.5663944,-3.3955235],[104.5661997,-3.395318],[104.5659148,-3.3951143],[104.5656632,-3.3949369],[104.5653759,-3.3947723],[104.5650526,-3.3945454],[104.5647679,-3.3942857],[104.5645,-3.3937788],[104.5639932,-3.3928758],[104.5637825,-3.3926404],[104.5634632,-3.3924095],[104.5629633,-3.3921263],[104.5623578,-3.3917691],[104.5617422,-3.391424],[104.5611598,-3.3910505],[104.5604889,-3.3906246],[104.5597657,-3.390159],[104.5589346,-3.3895929],[104.5579657,-3.3889703],[104.5575269,-3.3887189],[104.5573758,-3.3886435],[104.5572385,-3.3886264],[104.5570397,-3.3886235],[104.556585,-3.3886568],[104.5562826,-3.3886981],[104.555751,-3.3887429],[104.55468,-3.3888301],[104.5540821,-3.3888705],[104.553713,-3.3888999],[104.5535105,-3.3888828],[104.553356,-3.3888177],[104.5531184,-3.3886345],[104.5528348,-3.3883411],[104.5525083,-3.3880034],[104.5520525,-3.3875369],[104.5514864,-3.3869826],[104.5511803,-3.3866606],[104.5510086,-3.3864686],[104.5508961,-3.3862665],[104.5507931,-3.3859032],[104.5504149,-3.3847016],[104.5499678,-3.3832919],[104.549419,-3.3813115],[104.5492046,-3.3806186],[104.5487815,-3.3792181],[104.5485668,-3.3785919],[104.5482042,-3.3776783],[104.5478744,-3.3768518],[104.5476345,-3.376235],[104.5474457,-3.3757885],[104.5471894,-3.3751822],[104.5469596,-3.3746202],[104.5466469,-3.3737165],[104.546524,-3.3733852],[104.5464916,-3.3733318],[104.5464223,-3.3731432],[104.5459682,-3.3720239],[104.5454746,-3.3707119],[104.544847,-3.3694106],[104.5436239,-3.3667866],[104.5436454,-3.3662189],[104.5431922,-3.3554538],[104.543125,-3.3543759],[104.5431331,-3.3540599],[104.5431599,-3.3536342],[104.5431545,-3.3534066],[104.5430982,-3.3531362],[104.5429353,-3.3523947],[104.542889,-3.3520892],[104.5429051,-3.3519125],[104.5429882,-3.3514653],[104.542999,-3.3512163],[104.5429569,-3.3505013],[104.5429196,-3.3496896],[104.5427367,-3.3457088],[104.5426938,-3.3447755],[104.5425939,-3.3426023],[104.5424423,-3.3392714],[104.542438,-3.3391772],[104.5423794,-3.3378897],[104.5423226,-3.3359152],[104.5422537,-3.3337384],[104.5421885,-3.3322105],[104.5421095,-3.3295879],[104.5420637,-3.3285361],[104.5420745,-3.3282255],[104.5421072,-3.3279004],[104.5423127,-3.3272489],[104.5429568,-3.3251508],[104.5429836,-3.3249313],[104.5428944,-3.3230094],[104.5428024,-3.3207949],[104.5427416,-3.3186971],[104.5427024,-3.3171546],[104.5427098,-3.3162525],[104.5427419,-3.3160061],[104.5428007,-3.3157769],[104.5428693,-3.3155849],[104.5428914,-3.3155331],[104.5429766,-3.3153332],[104.5431645,-3.3149789],[104.5433415,-3.3147057],[104.5436808,-3.3143158],[104.5440886,-3.3139102],[104.5445727,-3.3135628],[104.5451889,-3.3132314],[104.5456402,-3.3129969],[104.54621,-3.3128458],[104.5477826,-3.3127032],[104.5502747,-3.312505],[104.5517757,-3.3124142],[104.5524397,-3.3123192],[104.553929,-3.3122113],[104.5544711,-3.3121711],[104.5547991,-3.3122155],[104.5559544,-3.3124832],[104.5577074,-3.3128358],[104.5595897,-3.3132065],[104.561528,-3.3136019],[104.5618807,-3.3136549],[104.5622473,-3.3136393],[104.562729,-3.3135708],[104.5633746,-3.3133607],[104.5645178,-3.3129411],[104.5656837,-3.3126459],[104.5665908,-3.3124667],[104.5679603,-3.312236],[104.5703812,-3.3118375],[104.573408,-3.3113273],[104.5771334,-3.3106927],[104.5787196,-3.3104039],[104.5796934,-3.3101561],[104.5809356,-3.3097985],[104.5815429,-3.3096284],[104.5826488,-3.3093746],[104.5837776,-3.3090627],[104.5851069,-3.3087019],[104.5867656,-3.3082648],[104.5870728,-3.3081964],[104.5884926,-3.30788],[104.5892456,-3.307704],[104.5908751,-3.3072648],[104.5926896,-3.3067467],[104.5929283,-3.3066844],[104.5933387,-3.3065834],[104.5936525,-3.3065124],[104.5944464,-3.306333],[104.5950325,-3.3062018],[104.596509,-3.3058617],[104.5971313,-3.3056876],[104.5983008,-3.3053984],[104.5992717,-3.305136],[104.5996539,-3.3050088],[104.5998752,-3.3049071],[104.6004371,-3.3046099],[104.6007134,-3.3044666],[104.6008846,-3.3043736],[104.6010728,-3.3042524],[104.6016549,-3.3039002],[104.6023879,-3.3034479],[104.6035592,-3.3027984],[104.6043176,-3.3023753],[104.605021,-3.3019549],[104.6051183,-3.3018906],[104.605253,-3.3017955],[104.6054576,-3.3016041],[104.6059544,-3.3009748],[104.6070448,-3.2996279],[104.6077998,-3.298654],[104.6081588,-3.2982097],[104.6085639,-3.2977286],[104.6094832,-3.2965817],[104.6112692,-3.2944464],[104.6123751,-3.2930801],[104.6146595,-3.2902905],[104.615719,-3.2889623],[104.6159261,-3.2886929],[104.6163815,-3.2881268],[104.6173699,-3.2869272],[104.6193024,-3.2845841],[104.6202399,-3.283347],[104.6208286,-3.2826132],[104.621408,-3.2819331],[104.6219042,-3.2813373],[104.6222542,-3.2809798],[104.6223407,-3.2809148],[104.6224178,-3.280872],[104.622509,-3.2808318],[104.6225969,-3.2808131],[104.6227223,-3.2807984],[104.6228678,-3.2807903],[104.6241438,-3.2807789],[104.626189,-3.280803],[104.6268341,-3.2808044],[104.6283334,-3.2807883],[104.629519,-3.2807937],[104.6304283,-3.2807897],[104.6312946,-3.2807963],[104.6318565,-3.2807963],[104.6323138,-3.2807923],[104.6331199,-3.2808191],[104.6345414,-3.2808298],[104.6351677,-3.2808178],[104.6359321,-3.2808285],[104.6366711,-3.2808539],[104.6378244,-3.2809021],[104.6385647,-3.2809128],[104.6390864,-3.2808954],[104.6392916,-3.2808794],[104.6394968,-3.28087],[104.6396899,-3.280874],[104.6405388,-3.280949],[104.6413958,-3.2810481],[104.6422628,-3.2811344],[104.6428241,-3.2811826],[104.6440703,-3.281351],[104.6459462,-3.2815388],[104.6462989,-3.281585],[104.6466355,-3.2816466],[104.6469741,-3.2817349],[104.6470321,-3.2817647],[104.647068,-3.2817905],[104.6471424,-3.2818481],[104.649311,-3.2838504],[104.650345,-3.2848117],[104.6504644,-3.2849081],[104.6506039,-3.2849965],[104.6524318,-3.2847782],[104.6528824,-3.2847167],[104.6530996,-3.2846524],[104.6534617,-3.2845172],[104.6554291,-3.283446],[104.655461,-3.2834176],[104.6555777,-3.2833324],[104.6583205,-3.2813982],[104.6590917,-3.2808419],[104.6591822,-3.2808077],[104.6593237,-3.2807669],[104.6594256,-3.2807495],[104.6615888,-3.2806464],[104.6616976,-3.2806442],[104.66179,-3.2806424],[104.6623224,-3.2806571],[104.6623821,-3.2806825],[104.6624351,-3.2807187],[104.6632126,-3.2814285],[104.6648541,-3.2830611],[104.6649308,-3.2831378],[104.6649726,-3.2831763],[104.665011,-3.2832059],[104.6652762,-3.2834005],[104.6654586,-3.2835518],[104.6661191,-3.2840231],[104.6666032,-3.2843518],[104.6667085,-3.2843853],[104.6667903,-3.2843933],[104.6668869,-3.2843893],[104.6671034,-3.2843565],[104.6676935,-3.2842186],[104.6683279,-3.2840164],[104.6685813,-3.283908],[104.6689327,-3.2836964],[104.6694745,-3.2833362],[104.6695369,-3.2833075],[104.669616,-3.2832834],[104.6697946,-3.2832733],[104.669913,-3.2832639],[104.6706768,-3.2832449],[104.6707713,-3.2832425],[104.6708422,-3.2832407],[104.6711754,-3.283267],[104.6718925,-3.2833603],[104.6726113,-3.2834126],[104.672771,-3.2834072],[104.6729864,-3.2833999],[104.6733045,-3.2833926],[104.6736377,-3.283375],[104.674152,-3.283305],[104.6743351,-3.2832425],[104.6748,-3.2828606],[104.6745828,-3.2824325],[104.6745425,-3.2823521],[104.6744943,-3.282257],[104.6744782,-3.2821901],[104.6745399,-3.2820268],[104.6745774,-3.2819009],[104.6746257,-3.2817256],[104.6746538,-3.2814631],[104.6746418,-3.2810761],[104.674517,-3.2806879],[104.6744459,-3.2805138],[104.6743335,-3.2802569],[104.6743208,-3.2802277],[104.6742797,-3.2801496],[104.6739752,-3.2796141],[104.6737272,-3.2791669],[104.673703,-3.2790197],[104.6736736,-3.2788697],[104.6736842,-3.2786796],[104.6737084,-3.2784492],[104.6738478,-3.2779619],[104.6740061,-3.2774371],[104.6742475,-3.2769536],[104.6744983,-3.2765292],[104.6746713,-3.2763284],[104.6747169,-3.2761062],[104.6747437,-3.2757687],[104.6746874,-3.2754501],[104.6743707,-3.274763],[104.6743612,-3.2747424],[104.6743119,-3.2746052],[104.6742689,-3.2744178],[104.6741952,-3.2740469],[104.6741771,-3.2733071],[104.6741911,-3.2731445],[104.6742408,-3.2729275],[104.6743119,-3.2726772],[104.6744205,-3.2724991],[104.6746646,-3.2722554],[104.6749961,-3.2719752],[104.6750465,-3.2719471],[104.6775305,-3.2700462],[104.6785242,-3.2692988],[104.6806526,-3.2677593],[104.680957,-3.2675505],[104.6812722,-3.2673469],[104.6815082,-3.2672184],[104.6817309,-3.2671153],[104.6820514,-3.266972],[104.6822875,-3.2668971],[104.6825516,-3.2668422],[104.6834091,-3.2666115]]}},{"type":"Feature","properties":{"segmentId":"osm-gaul2-73814-5861481870-5900992322-0","regionId":"gaul2-73814","province":"Sumatera Selatan","region":"Ogan Ilir","roadName":"Jalan Lanang Kuaso","highway":"tertiary","lengthMeters":4385.06,"osmWayIds":["624989959","625048428","700996530"],"u":"5861481870","v":"5900992322","key":0,"oneway":false,"source":"OpenStreetMap"},"geometry":{"type":"LineString","coordinates":[[104.5678661,-3.3991613],[104.5674797,-3.3991135],[104.5670397,-3.3990447],[104.5667575,-3.3989794],[104.5664388,-3.3989207],[104.5662276,-3.398936],[104.5660481,-3.3990332],[104.5655125,-3.3993591],[104.5646547,-3.3999559],[104.5639372,-3.4004165],[104.5638401,-3.4004771],[104.5636868,-3.4005728],[104.5635491,-3.4006588],[104.5632163,-3.4008103],[104.5626342,-3.4010772],[104.5621801,-3.4013716],[104.5616811,-3.4016746],[104.5613104,-3.4018484],[104.5607132,-3.4020996],[104.5601224,-3.4023748],[104.5597013,-3.4025234],[104.5594764,-3.4026031],[104.5591789,-3.4027085],[104.5588202,-3.4028663],[104.5584002,-3.4030203],[104.5580855,-3.4030521],[104.5577142,-3.4030149],[104.5573644,-3.4030385],[104.5568602,-3.4032533],[104.5565379,-3.4034834],[104.5560326,-3.4038781],[104.5555175,-3.4042884],[104.555164,-3.4046375],[104.5548737,-3.4049631],[104.5547712,-3.4050937],[104.5544267,-3.4057475],[104.554249,-3.4060088],[104.5541033,-3.4061516],[104.5539128,-3.4063013],[104.5535917,-3.4065304],[104.5532408,-3.4068219],[104.5531071,-3.4069073],[104.5529558,-3.4070251],[104.5527006,-3.4072127],[104.5525238,-3.4072941],[104.5521273,-3.4074241],[104.5515152,-3.4076862],[104.5512301,-3.4078054],[104.550992,-3.4079705],[104.5507619,-3.408065],[104.5504692,-3.4081117],[104.5502105,-3.4081879],[104.5500346,-3.4082445],[104.5498154,-3.4083156],[104.5496418,-3.4083728],[104.5493678,-3.4084735],[104.5490644,-3.4086069],[104.5487211,-3.4088136],[104.5483448,-3.4090628],[104.5480047,-3.4092296],[104.5478022,-3.4092806],[104.5474396,-3.4093109],[104.5472053,-3.409349],[104.5469156,-3.4094308],[104.5467242,-3.4094999],[104.5465761,-3.4095764],[104.5464489,-3.4096771],[104.5461642,-3.4099031],[104.5460493,-3.4099883],[104.5455787,-3.4101981],[104.5451893,-3.4102986],[104.5447735,-3.4104094],[104.5443709,-3.4105066],[104.5438765,-3.4106202],[104.5434989,-3.4107045],[104.5432036,-3.4107588],[104.5429888,-3.4108353],[104.542871,-3.4108843],[104.5427965,-3.4109153],[104.5426112,-3.4109882],[104.5421736,-3.4110946],[104.5418926,-3.4111588],[104.541681,-3.4112466],[104.5413984,-3.4114119],[104.541156,-3.4115571],[104.5409681,-3.4116952],[104.5407856,-3.4118694],[104.5406386,-3.4119721],[104.5404578,-3.4120444],[104.5403192,-3.4120869],[104.5398848,-3.412174],[104.5398632,-3.4121783],[104.539648,-3.4122471],[104.5394854,-3.412313],[104.5391185,-3.4125004],[104.5387492,-3.4127159],[104.5384192,-3.4129281],[104.5382707,-3.4130169],[104.5381769,-3.413073],[104.538027,-3.4132096],[104.5378856,-3.4133978],[104.5375295,-3.4138995],[104.537457,-3.4140017],[104.5370004,-3.414597],[104.5369437,-3.4146759],[104.5367809,-3.4149026],[104.5365209,-3.4152645],[104.5363427,-3.415504],[104.5362522,-3.4156256],[104.5360975,-3.4157644],[104.536083,-3.4157776],[104.535953,-3.4158952],[104.5355965,-3.4161286],[104.5355625,-3.4161503],[104.5351213,-3.4164322],[104.5345339,-3.4168254],[104.5342021,-3.4170669]]}},{"type":"Feature","properties":{"segmentId":"osm-gaul2-73814-5861481870-5902525383-0","regionId":"gaul2-73814","province":"Sumatera Selatan","region":"Ogan Ilir","roadName":"Jalan Merdeka","highway":"tertiary","lengthMeters":19880.063,"osmWayIds":["620396017","624989958","624989959","624989962","696312790","696312791","814873458","814873459","814873460","814873461"],"u":"5861481870","v":"5902525383","key":0,"oneway":false,"source":"OpenStreetMap"},"geometry":{"type":"LineString","coordinates":[[104.5678661,-3.3991613],[104.5689525,-3.399231],[104.5697315,-3.3992505],[104.5705964,-3.3992525],[104.5710723,-3.3992772],[104.5713738,-3.3992928],[104.5717087,-3.3992845],[104.572085,-3.399198],[104.5723339,-3.3991452],[104.5728989,-3.398993],[104.5735978,-3.3987553],[104.5741967,-3.3985972],[104.5745407,-3.3984702],[104.5748647,-3.3982558],[104.575028,-3.3981436],[104.5755368,-3.3977118],[104.5755889,-3.3976689],[104.5759804,-3.3973463],[104.5760676,-3.3972685],[104.5765039,-3.3968791],[104.5765621,-3.3968272],[104.5767069,-3.3966992],[104.5770599,-3.3963871],[104.5776123,-3.3959384],[104.5780066,-3.3955493],[104.5784624,-3.3949637],[104.5785078,-3.3949054],[104.5792413,-3.3939923],[104.5797355,-3.3934108],[104.5800924,-3.3931901],[104.5803973,-3.3930207],[104.5805608,-3.3929506],[104.5808298,-3.3928352],[104.5809385,-3.3927886],[104.5815648,-3.392522],[104.5818507,-3.3923931],[104.5818854,-3.3924056],[104.5825496,-3.3921892],[104.5829061,-3.3920839],[104.5832007,-3.3919673],[104.5835419,-3.3918594],[104.5837258,-3.3917641],[104.5841072,-3.3916191],[104.5844096,-3.3915085],[104.5849102,-3.391298],[104.5851068,-3.3912059],[104.5855016,-3.3910892],[104.5858877,-3.3909777],[104.5861122,-3.39091],[104.5867049,-3.3907521],[104.5872935,-3.3906056],[104.587684,-3.390516],[104.5880109,-3.3904315],[104.588328,-3.3903496],[104.5888691,-3.3902162],[104.5890904,-3.39014],[104.5894417,-3.3899944],[104.5896846,-3.3898858],[104.5899676,-3.3897593],[104.5902133,-3.3896167],[104.5903347,-3.389527],[104.5904151,-3.3894494],[104.5904929,-3.3893523],[104.5907954,-3.3889435],[104.590893,-3.3888151],[104.5909226,-3.3887761],[104.5909958,-3.3886782],[104.5911635,-3.3884219],[104.5912211,-3.3883261],[104.5913083,-3.3881247],[104.5913351,-3.3880283],[104.5913948,-3.3877913],[104.5914203,-3.3876474],[104.5914934,-3.387131],[104.5915487,-3.3866876],[104.5915644,-3.3866354],[104.5915794,-3.3865771],[104.5916902,-3.3861525],[104.5919082,-3.3854143],[104.5921925,-3.3843826],[104.5924281,-3.3836525],[104.5925971,-3.3831237],[104.5926667,-3.3829323],[104.5926732,-3.3829087],[104.5928504,-3.382324],[104.5929498,-3.3819456],[104.593052,-3.381576],[104.5932613,-3.3808109],[104.593332,-3.3805624],[104.5933977,-3.3804033],[104.5934753,-3.3802555],[104.5937881,-3.3797159],[104.5941186,-3.3791328],[104.5942221,-3.378933],[104.5945241,-3.3784639],[104.5949289,-3.3777247],[104.5952014,-3.3772516],[104.595235,-3.3771822],[104.5952551,-3.3771233],[104.5952735,-3.3770473],[104.5953243,-3.3768074],[104.5954135,-3.3763156],[104.5954508,-3.3761383],[104.5955692,-3.3755763],[104.5956195,-3.3752877],[104.5956878,-3.3748961],[104.595811,-3.37418],[104.5958239,-3.3740835],[104.5959376,-3.3734716],[104.596053,-3.3728156],[104.5960716,-3.3726963],[104.5961427,-3.3722413],[104.5961563,-3.3721376],[104.5961655,-3.3720827],[104.5962122,-3.3718554],[104.5963236,-3.3713575],[104.596387,-3.3711631],[104.5964563,-3.3710117],[104.59662,-3.3706925],[104.5967073,-3.3705338],[104.5967452,-3.3704648],[104.5969639,-3.3700569],[104.597256,-3.3695833],[104.5975455,-3.3691387],[104.597992,-3.3684855],[104.5982362,-3.3680961],[104.5985012,-3.3676395],[104.598846,-3.3670804],[104.5990798,-3.3667027],[104.5994006,-3.3661637],[104.5994662,-3.3660127],[104.5995178,-3.3658679],[104.5996633,-3.3653701],[104.5997715,-3.3650066],[104.5998417,-3.3648239],[104.6000094,-3.3644875],[104.6000764,-3.3643768],[104.6002956,-3.3640149],[104.6004157,-3.3638252],[104.6005981,-3.3635828],[104.6006852,-3.3634864],[104.6008425,-3.3633386],[104.6013453,-3.3629296],[104.6019635,-3.3624291],[104.6025215,-3.3619645],[104.6028591,-3.3616906],[104.6029812,-3.3615773],[104.6031067,-3.3614437],[104.6035711,-3.3609522],[104.6041056,-3.3603549],[104.6044229,-3.360035],[104.604634,-3.3598593],[104.6048266,-3.359715],[104.6049922,-3.3596021],[104.6053204,-3.3593999],[104.6057135,-3.359174],[104.6062368,-3.3588209],[104.6067628,-3.3584523],[104.6073751,-3.3580092],[104.607698,-3.3577752],[104.6079849,-3.3576011],[104.6082172,-3.3574771],[104.6085758,-3.3573061],[104.6087292,-3.3572209],[104.608996,-3.3571245],[104.6092102,-3.3570711],[104.6094027,-3.3570329],[104.6096154,-3.3569952],[104.6097999,-3.3569608],[104.6101647,-3.3568929],[104.6103657,-3.3568555],[104.6103927,-3.3568503],[104.6109063,-3.3567505],[104.6111804,-3.3566869],[104.6116504,-3.3565504],[104.6118606,-3.3564886],[104.612014,-3.3564582],[104.6122755,-3.3564244],[104.6127208,-3.3563752],[104.6130171,-3.3563435],[104.6133999,-3.3562964],[104.6139163,-3.3562228],[104.6146634,-3.3561259],[104.6152823,-3.3560524],[104.6157131,-3.3559993],[104.6161207,-3.3559477],[104.6162848,-3.355947],[104.6165868,-3.3559059],[104.6169283,-3.3558325],[104.6170222,-3.3558057],[104.6170576,-3.3557956],[104.6172225,-3.3557485],[104.6176234,-3.3555896],[104.6176993,-3.3555595],[104.6182772,-3.3553305],[104.6184435,-3.3552547],[104.6187879,-3.3550976],[104.6189292,-3.3550206],[104.6189873,-3.3549797],[104.6190293,-3.3549303],[104.6190747,-3.3548679],[104.6191912,-3.3547076],[104.6195345,-3.3540705],[104.6197588,-3.3536543],[104.6199032,-3.3533863],[104.6199345,-3.353301],[104.6200398,-3.353014],[104.6201757,-3.3526437],[104.6202289,-3.3524832],[104.620398,-3.3519732],[104.6204292,-3.3518792],[104.6204955,-3.351668],[104.6205111,-3.3516182],[104.6205256,-3.3515718],[104.6206486,-3.3511799],[104.6207044,-3.3510019],[104.6207804,-3.3507758],[104.6207888,-3.3507507],[104.6208829,-3.3504707],[104.6209526,-3.3502634],[104.6209605,-3.3502378],[104.6210574,-3.3499245],[104.6212193,-3.349401],[104.6212385,-3.349324],[104.6212882,-3.3490769],[104.6213413,-3.3487667],[104.6213623,-3.3484781],[104.621377,-3.3481676],[104.6213912,-3.3478697],[104.6214117,-3.3469766],[104.6214627,-3.3461953],[104.6215113,-3.3454355],[104.6215494,-3.3448832],[104.6216138,-3.3441692],[104.6216781,-3.3433269],[104.6217694,-3.3422856],[104.6218134,-3.3417103],[104.6218354,-3.3413228],[104.6218443,-3.3411644],[104.6219705,-3.3398797],[104.6219915,-3.3395197],[104.622043,-3.3389786],[104.6220924,-3.3384965],[104.6221502,-3.3378237],[104.6222121,-3.3371172],[104.6222354,-3.3368681],[104.6222737,-3.3366667],[104.6223199,-3.3365214],[104.6223711,-3.3364128],[104.622537,-3.3361564],[104.6227541,-3.3358663],[104.623017,-3.335489],[104.6234008,-3.3349495],[104.6239274,-3.3342219],[104.6243702,-3.33362],[104.6246799,-3.3331696],[104.6247915,-3.333019],[104.6249143,-3.3328534],[104.6251936,-3.3324606],[104.6253724,-3.3321559],[104.62556,-3.331875],[104.6259355,-3.3314151],[104.6261769,-3.3311888],[104.6263861,-3.3310295],[104.6265672,-3.3308956],[104.6277518,-3.3301416],[104.6282493,-3.3298535],[104.6286346,-3.3295985],[104.6292387,-3.3291757],[104.6296508,-3.328917],[104.6299863,-3.3287128],[104.6302701,-3.3285173],[104.6305257,-3.3283213],[104.6307361,-3.3281881],[104.6308733,-3.328057],[104.6309678,-3.3279545],[104.6310109,-3.3278822],[104.6319038,-3.3271477],[104.6326041,-3.3265558],[104.6329686,-3.3263015],[104.6330669,-3.3262505],[104.6331431,-3.326216],[104.6332633,-3.3261807],[104.6338075,-3.3260598],[104.6343885,-3.3259258],[104.6348423,-3.3257891],[104.6355795,-3.3255269],[104.6367663,-3.3250503],[104.637512,-3.3247209],[104.6382469,-3.3243835],[104.6384011,-3.3242911],[104.6385188,-3.3242083],[104.6387109,-3.3240502],[104.6388652,-3.3239016],[104.6392742,-3.3234075],[104.6399595,-3.3225667],[104.6402197,-3.3221892],[104.6405268,-3.3217071],[104.6407441,-3.3213899],[104.640849,-3.3212593],[104.6409801,-3.3211301],[104.6422568,-3.3200617],[104.6436328,-3.3190201],[104.643956,-3.3187376],[104.6446427,-3.3179865],[104.6453901,-3.3172256],[104.6456612,-3.3169796],[104.6457162,-3.3169368],[104.6469627,-3.3161121],[104.6474603,-3.3157874],[104.6475141,-3.3157633],[104.6491662,-3.3147304],[104.6492353,-3.3146829],[104.6492762,-3.3146608],[104.6493479,-3.3146226],[104.6494472,-3.3145724],[104.6497154,-3.3144934],[104.6500104,-3.3144365],[104.6505744,-3.314393],[104.651827,-3.314484],[104.6525699,-3.3145992],[104.6527268,-3.3146166],[104.6529307,-3.3146353],[104.6533719,-3.3146286],[104.6537715,-3.3146072],[104.654139,-3.3145617],[104.6544743,-3.3145041],[104.6548806,-3.3144425],[104.6551878,-3.314385],[104.6554359,-3.3142899],[104.6558771,-3.3141212],[104.6564886,-3.313907],[104.6567113,-3.313832],[104.6575829,-3.313489],[104.6576106,-3.3134798],[104.6581972,-3.3132871],[104.6592728,-3.3129805],[104.6597073,-3.3129149],[104.6604382,-3.3128587],[104.6609572,-3.3128051],[104.6626067,-3.3124811],[104.662883,-3.3124356],[104.6643609,-3.3121116],[104.665179,-3.3118947],[104.6653051,-3.31188],[104.6656645,-3.3118572],[104.6668728,-3.3117836],[104.6670284,-3.3117715],[104.6678357,-3.3117728],[104.6690656,-3.3118679],[104.6697951,-3.3118411],[104.6699721,-3.3118733],[104.6701692,-3.3118759],[104.6703027,-3.3118967],[104.6704227,-3.3119255],[104.6706755,-3.3120172],[104.6709095,-3.3121297],[104.6710919,-3.3122421],[104.6713528,-3.3124135],[104.6714989,-3.3124871],[104.6716203,-3.312536],[104.6720012,-3.3126471],[104.672195,-3.3127201],[104.6723251,-3.31277],[104.6724585,-3.3128359],[104.6725852,-3.3129162],[104.6726866,-3.3129697],[104.6727817,-3.31302],[104.6728803,-3.3130491],[104.6729799,-3.3130682],[104.6731733,-3.3130916],[104.6735522,-3.313093],[104.6738975,-3.3130722],[104.6742569,-3.3130395],[104.6747049,-3.3129725],[104.6751233,-3.3128814],[104.6752363,-3.3128533],[104.6754066,-3.3128098],[104.6755725,-3.312773],[104.6757885,-3.3127181],[104.6759749,-3.3126204],[104.6761063,-3.3125286],[104.6761848,-3.3124393],[104.6762592,-3.3123499],[104.6763658,-3.3122261],[104.6767963,-3.3117488],[104.6769123,-3.3116035],[104.6769499,-3.3115412],[104.6769606,-3.3115024],[104.6769626,-3.3114475],[104.6769505,-3.3113846],[104.676923,-3.3112627],[104.6767521,-3.3107332],[104.6766709,-3.3104199],[104.6766602,-3.3103014],[104.6766628,-3.3101468],[104.6766642,-3.3100753],[104.6767474,-3.3094338],[104.6768359,-3.3089304],[104.6768801,-3.3086533],[104.6769834,-3.3084377],[104.6770987,-3.3082664],[104.6772945,-3.3080555],[104.6773891,-3.3079752],[104.6777693,-3.307613],[104.678185,-3.3072354],[104.6784371,-3.3070346],[104.6788274,-3.3067923],[104.6790836,-3.3066611],[104.6791131,-3.3066517],[104.6793129,-3.3065593],[104.6795503,-3.3064508],[104.6797702,-3.3063237],[104.6799781,-3.3061764],[104.6801739,-3.306001],[104.6802959,-3.3059099],[104.6806446,-3.3057091],[104.6809933,-3.3055592],[104.6813219,-3.3054266],[104.6816826,-3.3053168],[104.6819441,-3.3052258],[104.6821641,-3.3051106],[104.6823894,-3.3049178],[104.6824886,-3.3048308],[104.6825798,-3.3046969],[104.6826227,-3.3046179],[104.6827315,-3.3043139],[104.6827515,-3.3042638],[104.682903,-3.303907],[104.6831015,-3.303599],[104.6833805,-3.3032509],[104.6838968,-3.3026136],[104.684131,-3.3023134],[104.6844308,-3.3018854],[104.6845462,-3.3017317],[104.6848273,-3.3013649],[104.6849783,-3.3011231],[104.6851234,-3.3008697],[104.6856205,-3.2999015],[104.6858494,-3.2995828],[104.686121,-3.2992358],[104.6862552,-3.2991152],[104.6863422,-3.2990371],[104.6866253,-3.2988882],[104.6869698,-3.2987314],[104.6873563,-3.2985879],[104.6877432,-3.298415],[104.6883193,-3.2981456],[104.6887959,-3.2978715],[104.6889621,-3.2977826],[104.6892579,-3.2975705],[104.6896455,-3.2972699],[104.6898783,-3.2970717]]}},{"type":"Feature","properties":{"segmentId":"osm-gaul2-73814-5861481870-5946309189-0","regionId":"gaul2-73814","province":"Sumatera Selatan","region":"Ogan Ilir","roadName":"Unnamed OSM road","highway":"tertiary","lengthMeters":15574.282,"osmWayIds":["1301538532","624991072","628629486","629671928","629683518","698605002","700996525"],"u":"5861481870","v":"5946309189","key":0,"oneway":false,"source":"OpenStreetMap"},"geometry":{"type":"LineString","coordinates":[[104.5678661,-3.3991613],[104.5682401,-3.4003324],[104.5684596,-3.4008734],[104.5687762,-3.4014256],[104.5688942,-3.4016322],[104.5690666,-3.401934],[104.5691823,-3.4021365],[104.5697159,-3.4031069],[104.5703691,-3.4040307],[104.5706704,-3.4044774],[104.5708957,-3.4047326],[104.5715741,-3.4053738],[104.5719568,-3.4057111],[104.5727246,-3.4061984],[104.5732226,-3.4064283],[104.5735087,-3.4065672],[104.5737035,-3.4066371],[104.5743398,-3.4069239],[104.5753271,-3.407485],[104.5760549,-3.4079053],[104.5769776,-3.4084585],[104.5778633,-3.4088621],[104.5789404,-3.4091423],[104.5804985,-3.4095699],[104.5808363,-3.4096367],[104.581014,-3.4096922],[104.5811294,-3.4097251],[104.5815927,-3.4098772],[104.5818819,-3.409938],[104.5825432,-3.4100076],[104.5827698,-3.4100012],[104.5834105,-3.4099105],[104.5839157,-3.4097963],[104.5846769,-3.4097272],[104.5850125,-3.4098001],[104.5853224,-3.4099773],[104.5859191,-3.410333],[104.5867487,-3.4108289],[104.5874199,-3.4112272],[104.588135,-3.4116471],[104.5886657,-3.4120134],[104.5891398,-3.4123996],[104.5894245,-3.4127767],[104.589922,-3.4134673],[104.5903957,-3.4141666],[104.5908909,-3.4148778],[104.5911992,-3.4153831],[104.5916143,-3.4160039],[104.5919337,-3.4163816],[104.5921436,-3.4165698],[104.5924933,-3.4167198],[104.5925538,-3.4167321],[104.5928585,-3.4167942],[104.5931199,-3.4167839],[104.5932895,-3.4167851],[104.5937277,-3.4167603],[104.5943442,-3.4166758],[104.5953956,-3.4165893],[104.5956062,-3.416573],[104.596012,-3.4165511],[104.5965845,-3.4164877],[104.5968987,-3.4164518],[104.5972609,-3.416422],[104.5985984,-3.4162442],[104.5987298,-3.4162185],[104.6001028,-3.4160232],[104.6005608,-3.4159726],[104.6006506,-3.4159672],[104.6010083,-3.4159574],[104.6014932,-3.4160224],[104.6018416,-3.4161563],[104.6024359,-3.4164693],[104.6025085,-3.4165057],[104.6025489,-3.4165326],[104.6034036,-3.4170416],[104.6044069,-3.4176546],[104.6046557,-3.4178095],[104.6056746,-3.4184085],[104.6062021,-3.4187227],[104.6067917,-3.4190823],[104.6080466,-3.4197953],[104.6083876,-3.4199886],[104.6092752,-3.4205176],[104.6098453,-3.4208565],[104.6099135,-3.4208904],[104.6102544,-3.4210697],[104.6103585,-3.4211105],[104.6104979,-3.4211062],[104.6106779,-3.4210629],[104.6108523,-3.4209445],[104.6113528,-3.4201427],[104.6117626,-3.4194453],[104.6119532,-3.4191471],[104.6121036,-3.4189112],[104.6124471,-3.4183914],[104.6128518,-3.417735],[104.6131309,-3.4172639],[104.6132618,-3.4169327],[104.613441,-3.4162813],[104.6135026,-3.4160749],[104.6137798,-3.414899],[104.6139835,-3.4141978],[104.6141004,-3.4139307],[104.6141294,-3.4139071],[104.6142495,-3.4138092],[104.6144748,-3.4137727],[104.614909,-3.4137888],[104.6153725,-3.4138242],[104.6154247,-3.4138489],[104.6155872,-3.4139445],[104.6160036,-3.4142642],[104.61647,-3.4146033],[104.6166358,-3.4147239],[104.6168563,-3.4149156],[104.6170344,-3.4150704],[104.6173185,-3.4153254],[104.6175724,-3.4155522],[104.6182849,-3.416144],[104.618502,-3.4163014],[104.6187698,-3.4164047],[104.6194181,-3.4164792],[104.6203471,-3.4166278],[104.6209189,-3.4167339],[104.6217741,-3.4169082],[104.6222498,-3.4169961],[104.6232305,-3.4171983],[104.6245122,-3.4174217],[104.624755,-3.4174661],[104.6254972,-3.417614],[104.6266354,-3.4178386],[104.6269984,-3.4179152],[104.6284664,-3.4182246],[104.6286339,-3.4182622],[104.629476,-3.4184436],[104.6298266,-3.4185543],[104.630284,-3.4186958],[104.6303424,-3.4187137],[104.630661,-3.4188141],[104.6311214,-3.4189458],[104.6315267,-3.4191179],[104.6318777,-3.419347],[104.6321779,-3.4195619],[104.632436,-3.4197496],[104.6328915,-3.420114],[104.6332637,-3.4204171],[104.6339531,-3.4209661],[104.6344006,-3.4212183],[104.6349638,-3.4214144],[104.635701,-3.4216346],[104.6362412,-3.4217615],[104.6368104,-3.4217656],[104.6375439,-3.4216394],[104.6385236,-3.4215287],[104.6392654,-3.4214196],[104.6396155,-3.4213436],[104.6400144,-3.4211828],[104.6407762,-3.4207711],[104.6419817,-3.4201742],[104.6425827,-3.4198497],[104.6433388,-3.419505],[104.6443023,-3.4190156],[104.6449706,-3.418706],[104.6459824,-3.418255],[104.6466298,-3.4179212],[104.6474051,-3.4175471],[104.6483074,-3.4171213],[104.6489753,-3.4167913],[104.6493989,-3.4165743],[104.650131,-3.4162098],[104.6504515,-3.416108],[104.6506807,-3.4160854],[104.6508587,-3.416123],[104.6510609,-3.4162412],[104.6513748,-3.4165908],[104.6516599,-3.4170132],[104.6517918,-3.4172258],[104.6521873,-3.4178632],[104.6531247,-3.4193676],[104.6536376,-3.4201685],[104.6542498,-3.4211231],[104.6548593,-3.4220995],[104.6552914,-3.4227943],[104.6558555,-3.4236876],[104.6562562,-3.4243128],[104.6568651,-3.4252666],[104.6570975,-3.4256005],[104.6581113,-3.4271909],[104.6604695,-3.4291166],[104.660815,-3.4293971],[104.6612369,-3.4297539],[104.6627359,-3.431015],[104.663406,-3.4315765],[104.6648407,-3.4327922],[104.6658039,-3.4336059],[104.6670753,-3.4345644],[104.6676439,-3.4347893],[104.6678206,-3.4347759],[104.6682016,-3.4347675],[104.6690254,-3.4347353],[104.669559,-3.4347144],[104.6708175,-3.4347979],[104.6709752,-3.4347679],[104.6721446,-3.434037],[104.674162,-3.4326486],[104.6744728,-3.4324439],[104.6761411,-3.431373],[104.6775466,-3.4304787],[104.6781257,-3.430693],[104.6794447,-3.4312321],[104.6806416,-3.4316618],[104.6809327,-3.4317983]]}},{"type":"Feature","properties":{"segmentId":"osm-gaul2-73814-5861482144-5857180319-0","regionId":"gaul2-73814","province":"Sumatera Selatan","region":"Ogan Ilir","roadName":"Jembatan","highway":"tertiary","lengthMeters":2369.562,"osmWayIds":["619870488","619870490","619870493","619870494","620396026","701003627"],"u":"5861482144","v":"5857180319","key":0,"oneway":false,"source":"OpenStreetMap"},"geometry":{"type":"LineString","coordinates":[[104.4698236,-3.5233916],[104.4696646,-3.5235339],[104.46953,-3.5236834],[104.4693736,-3.523861],[104.4692841,-3.5239574],[104.4691884,-3.5240604],[104.4689823,-3.5242947],[104.4689305,-3.5243461],[104.4688045,-3.5244818],[104.4686288,-3.5246857],[104.4683929,-3.5249376],[104.4682344,-3.5251123],[104.4681137,-3.5252366],[104.4680267,-3.5253417],[104.4679321,-3.525456],[104.4677946,-3.5256418],[104.4677087,-3.5257862],[104.46765,-3.5259131],[104.467615,-3.5260427],[104.467607,-3.5261691],[104.4676022,-3.5262515],[104.4676143,-3.5263379],[104.4677151,-3.5266464],[104.4677806,-3.5268153],[104.4679949,-3.5273862],[104.4681483,-3.527816],[104.468312,-3.5282114],[104.4684207,-3.5285223],[104.4685152,-3.5287565],[104.4685564,-3.5288978],[104.4685758,-3.5290072],[104.4685713,-3.5291068],[104.4685355,-3.5292399],[104.4684849,-3.529358],[104.4684456,-3.5294197],[104.4683878,-3.5294957],[104.4682401,-3.5296417],[104.4680425,-3.5298405],[104.4679268,-3.5299529],[104.4678099,-3.5300662],[104.4676145,-3.5302757],[104.4674603,-3.5304334],[104.4673372,-3.5305523],[104.4672364,-3.5306821],[104.4671439,-3.5308259],[104.4671094,-3.5309655],[104.4670924,-3.5310806],[104.4671062,-3.5312218],[104.4671478,-3.5313393],[104.4672122,-3.5314518],[104.4672815,-3.5315426],[104.467357,-3.5316094],[104.467446,-3.5316771],[104.4677038,-3.5318248],[104.4679977,-3.5319801],[104.4681771,-3.5320716],[104.4683333,-3.532157],[104.4684752,-3.5322439],[104.4685976,-3.5323248],[104.468712,-3.5324283],[104.4688154,-3.5325509],[104.4688816,-3.5326862],[104.4689339,-3.5328342],[104.46897,-3.5329864],[104.4689918,-3.5331489],[104.469036,-3.5336577],[104.4690818,-3.5341982],[104.469102,-3.5344266],[104.4691335,-3.5348267],[104.4691449,-3.5349714],[104.4691921,-3.5355901],[104.4692386,-3.5361339],[104.469272,-3.5365656],[104.4692821,-3.5367747],[104.4692958,-3.536929],[104.469306,-3.5370718],[104.4693555,-3.5376975],[104.4693978,-3.5382449],[104.4694137,-3.5384363],[104.4694242,-3.538608],[104.4694605,-3.5390351],[104.4694593,-3.5391984],[104.4694565,-3.5394234],[104.4694363,-3.5397433],[104.4694079,-3.5398995],[104.469385,-3.5399709],[104.4693559,-3.5400616],[104.4693217,-3.5401683],[104.4692526,-3.5403805],[104.4691738,-3.540539],[104.4690712,-3.5407131],[104.4689136,-3.5409434],[104.4688134,-3.5410689],[104.4688098,-3.5410926],[104.4688123,-3.5411163],[104.4688231,-3.5411411],[104.4688356,-3.5411594],[104.468848,-3.5411712],[104.4692567,-3.5414771],[104.4693123,-3.5415183],[104.4693977,-3.541586],[104.469481,-3.5416497],[104.4695602,-3.5417032]]}},{"type":"Feature","properties":{"segmentId":"osm-gaul2-73814-5861482144-5877156799-0","regionId":"gaul2-73814","province":"Sumatera Selatan","region":"Ogan Ilir","roadName":"Unnamed OSM road","highway":"tertiary","lengthMeters":94.271,"osmWayIds":["619870490"],"u":"5861482144","v":"5877156799","key":0,"oneway":false,"source":"OpenStreetMap"},"geometry":{"type":"LineString","coordinates":[[104.4698236,-3.5233916],[104.4698427,-3.52336],[104.4699202,-3.523274],[104.4700487,-3.5231316],[104.470182,-3.5229791],[104.4703711,-3.5227612],[104.4703793,-3.5227512]]}},{"type":"Feature","properties":{"segmentId":"osm-gaul2-73814-5861482144-5877156800-0","regionId":"gaul2-73814","province":"Sumatera Selatan","region":"Ogan Ilir","roadName":"Unnamed OSM road","highway":"tertiary","lengthMeters":60.774,"osmWayIds":["620396025"],"u":"5861482144","v":"5877156800","key":0,"oneway":false,"source":"OpenStreetMap"},"geometry":{"type":"LineString","coordinates":[[104.4698236,-3.5233916],[104.4696374,-3.5229955],[104.4695921,-3.5228963]]}},{"type":"Feature","properties":{"segmentId":"osm-gaul2-73814-5877156793-5877156800-0","regionId":"gaul2-73814","province":"Sumatera Selatan","region":"Ogan Ilir","roadName":"Unnamed OSM road","highway":"tertiary","lengthMeters":32.981,"osmWayIds":["620396025"],"u":"5877156793","v":"5877156800","key":0,"oneway":false,"source":"OpenStreetMap"},"geometry":{"type":"LineString","coordinates":[[104.4694757,-3.5226234],[104.4695921,-3.5228963]]}},{"type":"Feature","properties":{"segmentId":"osm-gaul2-73814-5877156793-5877156803-0","regionId":"gaul2-73814","province":"Sumatera Selatan","region":"Ogan Ilir","roadName":"Unnamed OSM road","highway":"tertiary","lengthMeters":26.825,"osmWayIds":["622158215"],"u":"5877156793","v":"5877156803","key":0,"oneway":false,"source":"OpenStreetMap"},"geometry":{"type":"LineString","coordinates":[[104.4694757,-3.5226234],[104.4695144,-3.5226731],[104.4695641,-3.5227101],[104.4696414,-3.5227463],[104.4696718,-3.5227535]]}},{"type":"Feature","properties":{"segmentId":"osm-gaul2-73814-5877156793-6583319513-0","regionId":"gaul2-73814","province":"Sumatera Selatan","region":"Ogan Ilir","roadName":"Unnamed OSM road","highway":"tertiary","lengthMeters":10202.708,"osmWayIds":["620396025","701011303"],"u":"5877156793","v":"6583319513","key":0,"oneway":false,"source":"OpenStreetMap"},"geometry":{"type":"LineString","coordinates":[[104.4694757,-3.5226234],[104.469359,-3.5223915],[104.4690207,-3.5216319],[104.4688928,-3.5212877],[104.4682571,-3.5197953],[104.4677224,-3.5185533],[104.4674563,-3.5179352],[104.4671405,-3.5173471],[104.4667821,-3.5167073],[104.4666627,-3.5165078],[104.4665607,-3.5163123],[104.4664742,-3.5161049],[104.4663777,-3.5157729],[104.4663154,-3.5154983],[104.4660828,-3.5147926],[104.4657862,-3.513918],[104.4654204,-3.5131022],[104.464647,-3.5113348],[104.464437,-3.5108464],[104.4642735,-3.5100223],[104.464075,-3.5090826],[104.463969,-3.50874],[104.4638229,-3.5084348],[104.4636847,-3.5081563],[104.4635312,-3.5078846],[104.4633226,-3.5074576],[104.4630893,-3.5072033],[104.4628626,-3.5070922],[104.4622377,-3.506878],[104.4619024,-3.5067521],[104.4614786,-3.5065005],[104.4607853,-3.5060708],[104.4605077,-3.5058419],[104.460262,-3.5056416],[104.4598384,-3.505111],[104.4596507,-3.5049504],[104.4594106,-3.5048861],[104.4590351,-3.504854],[104.4578956,-3.5048085],[104.4566024,-3.5047068],[104.4560015,-3.5046854],[104.4554705,-3.5047001],[104.4547731,-3.5047081],[104.4542541,-3.5047081],[104.4541012,-3.5046921],[104.4539778,-3.504676],[104.4538518,-3.5046479],[104.4535232,-3.5045582],[104.4528178,-3.5043628],[104.4522049,-3.504182],[104.4515665,-3.5039906],[104.4512889,-3.503925],[104.4508222,-3.5038354],[104.4503488,-3.5037591],[104.4498901,-3.5037135],[104.4495696,-3.5036961],[104.4494248,-3.503664],[104.4491995,-3.5035904],[104.4484243,-3.503312],[104.4479442,-3.5031888],[104.4473045,-3.5030777],[104.4470054,-3.5030523],[104.4468338,-3.5030576],[104.4466502,-3.5030941],[104.446146,-3.5033002],[104.4448534,-3.5039333],[104.4445996,-3.504037],[104.4443125,-3.5041124],[104.4438082,-3.5042409],[104.443136,-3.5043954],[104.4427943,-3.5044739],[104.4417751,-3.5046559],[104.4406271,-3.5048246],[104.4401926,-3.5049156],[104.4394416,-3.5050896],[104.4386047,-3.5053145],[104.4374112,-3.5056973],[104.4363946,-3.5059356],[104.4354129,-3.5062087],[104.4346163,-3.5064148],[104.4340289,-3.5065888],[104.4335622,-3.5067843],[104.4330928,-3.5070306],[104.4329251,-3.5070864],[104.4327441,-3.5071209],[104.4322372,-3.5071859],[104.4320579,-3.507233],[104.4318825,-3.5072892],[104.4317163,-3.5073615],[104.4313231,-3.5075316],[104.4304597,-3.5079086],[104.4298678,-3.5081616],[104.4295354,-3.5083544],[104.4291682,-3.5085774],[104.4287262,-3.5088825],[104.4279419,-3.5094563],[104.427261,-3.5099716],[104.4268864,-3.5102292],[104.4267461,-3.5103015],[104.426432,-3.5104806],[104.4255859,-3.5108927],[104.4252311,-3.5110835],[104.4249564,-3.5112164],[104.4246942,-3.5113244],[104.423599,-3.5115691],[104.422713,-3.5118022],[104.4224524,-3.5118529],[104.4222859,-3.5118571],[104.422108,-3.5118179],[104.4219706,-3.5117773],[104.4216955,-3.511553],[104.4212585,-3.5112165],[104.4199691,-3.5101639],[104.4196174,-3.509888],[104.4176932,-3.5083457],[104.4162084,-3.5071339],[104.4157683,-3.5068094],[104.4154896,-3.5066263],[104.4152289,-3.5065016],[104.4150543,-3.5064329],[104.4148703,-3.506371],[104.4146452,-3.5063093],[104.4144342,-3.5062618],[104.4141268,-3.5062068],[104.4129066,-3.5059951],[104.4115493,-3.5058353],[104.4112267,-3.5058],[104.4108005,-3.5057639],[104.4100658,-3.5057348],[104.4098191,-3.50574],[104.4095869,-3.5057527],[104.4093233,-3.50581],[104.4082911,-3.5059761],[104.4070076,-3.5062094],[104.4065767,-3.5062543],[104.4060479,-3.5063025],[104.4058168,-3.5062894],[104.4056028,-3.5062678],[104.4049297,-3.5061107],[104.404234,-3.5058908],[104.4028204,-3.5053567],[104.4022863,-3.5051862],[104.4017478,-3.505083],[104.4016898,-3.5050749],[104.4010073,-3.5049798],[104.3990505,-3.5047868],[104.3988217,-3.5047604],[104.3981934,-3.504688],[104.3981281,-3.5046901],[104.3969637,-3.5045624],[104.3962581,-3.5045054],[104.3960751,-3.5044906],[104.3957933,-3.504456],[104.3955096,-3.5044008],[104.3952891,-3.50433],[104.3950743,-3.5042348],[104.394895,-3.5040858],[104.3947512,-3.5039386],[104.3944576,-3.503568],[104.3937234,-3.5026416]]}},{"type":"Feature","properties":{"segmentId":"osm-gaul2-73814-5877156799-5861481739-0","regionId":"gaul2-73814","province":"Sumatera Selatan","region":"Ogan Ilir","roadName":"Unnamed OSM road","highway":"tertiary","lengthMeters":13661.183,"osmWayIds":["619870490"],"u":"5877156799","v":"5861481739","key":0,"oneway":false,"source":"OpenStreetMap"},"geometry":{"type":"LineString","coordinates":[[104.4703793,-3.5227512],[104.4704548,-3.5226596],[104.4704961,-3.5226095],[104.4705508,-3.5225289],[104.4705935,-3.522466],[104.4706643,-3.522316],[104.4708,-3.5219576],[104.4709196,-3.5216469],[104.471009,-3.5214132],[104.4710155,-3.5213958],[104.4711524,-3.5210324],[104.4712398,-3.5207403],[104.471302,-3.5204937],[104.4713485,-3.5203091],[104.4713964,-3.5200747],[104.4714773,-3.5197021],[104.4715699,-3.5192732],[104.4716487,-3.5189258],[104.4717442,-3.518511],[104.4717538,-3.5184652],[104.4718432,-3.5180389],[104.4718614,-3.5178561],[104.4718873,-3.5175966],[104.471876,-3.5174512],[104.4718812,-3.5173638],[104.4719081,-3.5169877],[104.4719112,-3.5168894],[104.4719305,-3.5162775],[104.4719535,-3.5157851],[104.4719772,-3.5153995],[104.4720071,-3.5149018],[104.4720367,-3.5145635],[104.4720474,-3.5143858],[104.4720898,-3.5142068],[104.4721551,-3.5140675],[104.4722453,-3.5139218],[104.4723486,-3.5138058],[104.4725303,-3.5135858],[104.472694,-3.5134335],[104.472942,-3.5131953],[104.4731204,-3.5130154],[104.4733906,-3.5127783],[104.4736118,-3.5125762],[104.4738053,-3.5123828],[104.474088,-3.5121089],[104.4742802,-3.5119023],[104.4744995,-3.5117082],[104.474706,-3.5115189],[104.4750288,-3.5112697],[104.4751948,-3.5111283],[104.4755818,-3.5108116],[104.4758469,-3.510613],[104.4760969,-3.5104062],[104.4763478,-3.5101886],[104.4766356,-3.5099475],[104.476955,-3.5096397],[104.4770584,-3.5095385],[104.4773033,-3.5093168],[104.4775213,-3.5090872],[104.4776657,-3.5089461],[104.477779,-3.5088359],[104.4779137,-3.5086952],[104.4781115,-3.5084933],[104.4783126,-3.5082878],[104.4784771,-3.5081094],[104.4785985,-3.5079775],[104.478629,-3.5079444],[104.4788061,-3.5077274],[104.4790069,-3.5074434],[104.4791394,-3.5072862],[104.4793093,-3.5070283],[104.4795534,-3.5066327],[104.4798638,-3.5061567],[104.4800104,-3.5059659],[104.4802239,-3.5056533],[104.4804359,-3.5053687],[104.4805396,-3.5052081],[104.4806905,-3.5050094],[104.4808981,-3.5047137],[104.4810484,-3.504509],[104.4812421,-3.50424],[104.4813783,-3.5040571],[104.4815324,-3.5038369],[104.4818478,-3.5034308],[104.4820778,-3.5032412],[104.482322,-3.5030295],[104.4824776,-3.5029145],[104.4826355,-3.5027938],[104.4828987,-3.5026039],[104.4832152,-3.5023616],[104.4835142,-3.5021367],[104.4837731,-3.5019413],[104.4839373,-3.501816],[104.4840891,-3.5017057],[104.4844046,-3.5014621],[104.4846346,-3.5012826],[104.4848063,-3.5011422],[104.48487,-3.5010893],[104.4850659,-3.5009257],[104.4853701,-3.5006852],[104.485572,-3.5005287],[104.4856921,-3.5004419],[104.4859124,-3.5002578],[104.4861622,-3.5000024],[104.4863712,-3.4997375],[104.4865521,-3.4994795],[104.4868026,-3.4991195],[104.4869887,-3.4988398],[104.4872716,-3.4983257],[104.4875127,-3.4978881],[104.487631,-3.4977002],[104.4877937,-3.4974556],[104.4881075,-3.4970514],[104.4883221,-3.4967703],[104.4885867,-3.496418],[104.4888204,-3.4961072],[104.4889941,-3.4958801],[104.4891674,-3.495644],[104.4895772,-3.4950997],[104.4899126,-3.4946539],[104.4901849,-3.4943072],[104.4908141,-3.4934331],[104.4910298,-3.4931386],[104.4912698,-3.4928388],[104.4914817,-3.4925697],[104.4916151,-3.4923686],[104.491868,-3.4920008],[104.4920329,-3.4918161],[104.4924445,-3.4914452],[104.4929302,-3.4910378],[104.4931955,-3.4908157],[104.4936117,-3.4904693],[104.4938127,-3.4902862],[104.4941777,-3.4898681],[104.4945254,-3.4894481],[104.4946428,-3.4892802],[104.4949064,-3.4888618],[104.4953139,-3.4882857],[104.4956793,-3.4878272],[104.495959,-3.4875309],[104.4964887,-3.48703],[104.4970252,-3.4865139],[104.4974358,-3.4861228],[104.4977389,-3.4857829],[104.4981721,-3.4851991],[104.4985009,-3.4847075],[104.498641,-3.4845497],[104.4988244,-3.4843722],[104.4993063,-3.4839478],[104.4994471,-3.4838161],[104.4997729,-3.4834822],[104.4999079,-3.4833627],[104.5005691,-3.4828071],[104.5007608,-3.4826157],[104.5008373,-3.4825421],[104.5009013,-3.482463],[104.5009593,-3.4823922],[104.501025,-3.4822864],[104.5013047,-3.4816772],[104.5015919,-3.4809527],[104.5018157,-3.4803077],[104.5020143,-3.4796823],[104.5022937,-3.4788795],[104.5024248,-3.4785008],[104.5024514,-3.4784223],[104.5027416,-3.4775654],[104.5029451,-3.4769946],[104.5032077,-3.4762393],[104.5033541,-3.4758529],[104.5034789,-3.4755019],[104.5035519,-3.4752795],[104.503757,-3.4747345],[104.5037659,-3.4747083],[104.5038454,-3.4744657],[104.5038896,-3.4743096],[104.5039561,-3.4740391],[104.5040091,-3.4739338],[104.5040889,-3.4737937],[104.5042979,-3.4734072],[104.5045595,-3.4729471],[104.5049099,-3.4723081],[104.5052192,-3.4717717],[104.5055261,-3.4711869],[104.5056002,-3.4710519],[104.5057038,-3.4708791],[104.5058203,-3.470697],[104.5059054,-3.4705353],[104.5060375,-3.4702742],[104.5063058,-3.4698253],[104.5065126,-3.4694854],[104.5065262,-3.4694629],[104.5065475,-3.4694279],[104.5066875,-3.4692339],[104.5068559,-3.4690371],[104.5070733,-3.4688245],[104.5073861,-3.4685486],[104.5076363,-3.4683323],[104.5078837,-3.4680635],[104.5080619,-3.4678673],[104.5081177,-3.4678044],[104.5082951,-3.4676343],[104.5084301,-3.4674808],[104.5086185,-3.467275],[104.5087993,-3.4670861],[104.5089302,-3.4669414],[104.5090326,-3.4668217],[104.5090956,-3.4667643],[104.509568,-3.4662193],[104.5097353,-3.4660181],[104.5098619,-3.465854],[104.5099231,-3.4657456],[104.5099458,-3.4656921],[104.5100034,-3.4655536],[104.5101337,-3.4650516],[104.510162,-3.4649321],[104.5102269,-3.4645954],[104.5102833,-3.4643367],[104.5103221,-3.4641396],[104.5103402,-3.4640477],[104.5104652,-3.4635353],[104.5104929,-3.4634218],[104.5105329,-3.463258],[104.5106567,-3.4627804],[104.5107702,-3.4619516],[104.5107189,-3.4614111],[104.5106367,-3.4611544],[104.5106251,-3.4611172],[104.5105665,-3.4609299],[104.5105486,-3.460893],[104.5104747,-3.4607407],[104.5104552,-3.4607044],[104.5103326,-3.4604758],[104.5103151,-3.4604442],[104.5102157,-3.4602639],[104.5101132,-3.4600919],[104.509594,-3.4591698],[104.5095475,-3.4590018],[104.5095152,-3.458677],[104.5095062,-3.4583081],[104.5096049,-3.4574293],[104.509739,-3.456682],[104.5097668,-3.456605],[104.5098276,-3.4564369],[104.5099968,-3.4559992],[104.5101459,-3.4556572],[104.5102022,-3.4555279],[104.5102857,-3.4553364],[104.5104743,-3.4548316],[104.5106255,-3.4543873],[104.5107893,-3.4539236],[104.5109367,-3.4534291],[104.5110593,-3.4530972],[104.5112228,-3.4527214],[104.511572,-3.452176],[104.5119574,-3.4516063],[104.5122618,-3.451129],[104.5124845,-3.450738],[104.5128191,-3.4502007],[104.5128713,-3.4500495],[104.513011,-3.4495404],[104.5131408,-3.4490657],[104.5132571,-3.4486556],[104.5132909,-3.4484285],[104.5133724,-3.4481354],[104.5134697,-3.4477205],[104.5136114,-3.4471046],[104.5137311,-3.4467291],[104.5138583,-3.4464276],[104.5141968,-3.4457187],[104.514423,-3.4452314],[104.5146505,-3.4447945],[104.515004,-3.4440683],[104.5152155,-3.4436282],[104.5155481,-3.4428848],[104.5160284,-3.4418939],[104.5162925,-3.4413838],[104.51658,-3.4410526],[104.5167467,-3.4407935],[104.5169238,-3.4404299],[104.5170252,-3.4400882],[104.5171509,-3.4396817],[104.517307,-3.439402],[104.5175175,-3.439204],[104.5176636,-3.4390936],[104.5179459,-3.4388724],[104.5181785,-3.4386615],[104.5183887,-3.4384139],[104.5186016,-3.4380986],[104.5189632,-3.4374833],[104.5192278,-3.4370729],[104.5196065,-3.4363914],[104.5197539,-3.4361257],[104.5198277,-3.4359132],[104.5198803,-3.435597],[104.5198956,-3.4352076],[104.5199418,-3.4345441],[104.5199413,-3.4340036],[104.5199831,-3.4335403],[104.5200177,-3.4332269],[104.520026,-3.4326742],[104.5200018,-3.4322331],[104.5199149,-3.4314629],[104.5199144,-3.4311684],[104.5199285,-3.4309687],[104.5199632,-3.4307446],[104.5200492,-3.4304742],[104.5201912,-3.4302118],[104.5202746,-3.4300587],[104.5206005,-3.4294647],[104.5208139,-3.4289779],[104.5208758,-3.4286668],[104.5208804,-3.428241],[104.5208464,-3.4278468],[104.5207973,-3.4271187],[104.5208022,-3.4269131],[104.5208078,-3.4266761],[104.5209087,-3.4263793],[104.5210881,-3.4260534],[104.521408,-3.4254488],[104.5217202,-3.4248407],[104.5218728,-3.4245722],[104.5221128,-3.4242576],[104.5223794,-3.4240132],[104.5225521,-3.4238818],[104.5227129,-3.4237148],[104.522873,-3.4234598],[104.5229934,-3.4231314],[104.5231338,-3.4229996],[104.5233701,-3.4227934],[104.5235919,-3.4226315],[104.5238663,-3.4224824],[104.5240443,-3.4223915],[104.5243515,-3.4222345],[104.5247405,-3.4220302],[104.5250168,-3.4218569],[104.5251279,-3.4217644],[104.5251812,-3.42172],[104.525327,-3.4214973],[104.5257752,-3.4207691],[104.526075,-3.4202819],[104.5261985,-3.4200814],[104.5262949,-3.4199479],[104.5264068,-3.4198633],[104.5265324,-3.4197868],[104.5266612,-3.4197137]]}},{"type":"Feature","properties":{"segmentId":"osm-gaul2-73814-5877156799-5861482144-0","regionId":"gaul2-73814","province":"Sumatera Selatan","region":"Ogan Ilir","roadName":"Unnamed OSM road","highway":"tertiary","lengthMeters":94.271,"osmWayIds":["619870490"],"u":"5877156799","v":"5861482144","key":0,"oneway":false,"source":"OpenStreetMap"},"geometry":{"type":"LineString","coordinates":[[104.4703793,-3.5227512],[104.4703711,-3.5227612],[104.470182,-3.5229791],[104.4700487,-3.5231316],[104.4699202,-3.523274],[104.4698427,-3.52336],[104.4698236,-3.5233916]]}},{"type":"Feature","properties":{"segmentId":"osm-gaul2-73814-5877156799-5877156803-0","regionId":"gaul2-73814","province":"Sumatera Selatan","region":"Ogan Ilir","roadName":"Unnamed OSM road","highway":"tertiary","lengthMeters":79.058,"osmWayIds":["622158215"],"u":"5877156799","v":"5877156803","key":0,"oneway":false,"source":"OpenStreetMap"},"geometry":{"type":"LineString","coordinates":[[104.4703793,-3.5227512],[104.4701685,-3.5227724],[104.4699556,-3.5227912],[104.4698023,-3.5227787],[104.4696718,-3.5227535]]}},{"type":"Feature","properties":{"segmentId":"osm-gaul2-73814-5877156800-5861482144-0","regionId":"gaul2-73814","province":"Sumatera Selatan","region":"Ogan Ilir","roadName":"Unnamed OSM road","highway":"tertiary","lengthMeters":60.774,"osmWayIds":["620396025"],"u":"5877156800","v":"5861482144","key":0,"oneway":false,"source":"OpenStreetMap"},"geometry":{"type":"LineString","coordinates":[[104.4695921,-3.5228963],[104.4696374,-3.5229955],[104.4698236,-3.5233916]]}},{"type":"Feature","properties":{"segmentId":"osm-gaul2-73814-5877156800-5877156793-0","regionId":"gaul2-73814","province":"Sumatera Selatan","region":"Ogan Ilir","roadName":"Unnamed OSM road","highway":"tertiary","lengthMeters":32.981,"osmWayIds":["620396025"],"u":"5877156800","v":"5877156793","key":0,"oneway":false,"source":"OpenStreetMap"},"geometry":{"type":"LineString","coordinates":[[104.4695921,-3.5228963],[104.4694757,-3.5226234]]}},{"type":"Feature","properties":{"segmentId":"osm-gaul2-73814-5877156800-5877156803-0","regionId":"gaul2-73814","province":"Sumatera Selatan","region":"Ogan Ilir","roadName":"Unnamed OSM road","highway":"tertiary","lengthMeters":21.142,"osmWayIds":["622158216"],"u":"5877156800","v":"5877156803","key":0,"oneway":false,"source":"OpenStreetMap"},"geometry":{"type":"LineString","coordinates":[[104.4695921,-3.5228963],[104.4695784,-3.5228382],[104.469596,-3.5228035],[104.4696177,-3.5227821],[104.4696718,-3.5227535]]}},{"type":"Feature","properties":{"segmentId":"osm-gaul2-73814-5877156803-5877156793-0","regionId":"gaul2-73814","province":"Sumatera Selatan","region":"Ogan Ilir","roadName":"Unnamed OSM road","highway":"tertiary","lengthMeters":26.825,"osmWayIds":["622158215"],"u":"5877156803","v":"5877156793","key":0,"oneway":false,"source":"OpenStreetMap"},"geometry":{"type":"LineString","coordinates":[[104.4696718,-3.5227535],[104.4696414,-3.5227463],[104.4695641,-3.5227101],[104.4695144,-3.5226731],[104.4694757,-3.5226234]]}},{"type":"Feature","properties":{"segmentId":"osm-gaul2-73814-5877156803-5877156799-0","regionId":"gaul2-73814","province":"Sumatera Selatan","region":"Ogan Ilir","roadName":"Unnamed OSM road","highway":"tertiary","lengthMeters":79.058,"osmWayIds":["622158215"],"u":"5877156803","v":"5877156799","key":0,"oneway":false,"source":"OpenStreetMap"},"geometry":{"type":"LineString","coordinates":[[104.4696718,-3.5227535],[104.4698023,-3.5227787],[104.4699556,-3.5227912],[104.4701685,-3.5227724],[104.4703793,-3.5227512]]}},{"type":"Feature","properties":{"segmentId":"osm-gaul2-73814-5877156803-5877156800-0","regionId":"gaul2-73814","province":"Sumatera Selatan","region":"Ogan Ilir","roadName":"Unnamed OSM road","highway":"tertiary","lengthMeters":21.142,"osmWayIds":["622158216"],"u":"5877156803","v":"5877156800","key":0,"oneway":false,"source":"OpenStreetMap"},"geometry":{"type":"LineString","coordinates":[[104.4696718,-3.5227535],[104.4696177,-3.5227821],[104.469596,-3.5228035],[104.4695784,-3.5228382],[104.4695921,-3.5228963]]}},{"type":"Feature","properties":{"segmentId":"osm-gaul2-73814-5900992322-5800566551-0","regionId":"gaul2-73814","province":"Sumatera Selatan","region":"Ogan Ilir","roadName":"Jalan Kerio Bijak","highway":"tertiary","lengthMeters":7518.405,"osmWayIds":["612880029","624977505","625048415","628633316","628634383","700996523","700996527"],"u":"5900992322","v":"5800566551","key":0,"oneway":false,"source":"OpenStreetMap"},"geometry":{"type":"LineString","coordinates":[[104.5342021,-3.4170669],[104.5343969,-3.4171619],[104.5345785,-3.4172177],[104.5347299,-3.4172892],[104.5347694,-3.4173079],[104.5349388,-3.4174628],[104.5350904,-3.4176362],[104.5351526,-3.4176916],[104.5352232,-3.4177529],[104.5353227,-3.4178264],[104.5354567,-3.4179105],[104.5356885,-3.4180639],[104.5358848,-3.4181897],[104.5359462,-3.4182247],[104.5361391,-3.4183344],[104.5364088,-3.4185124],[104.5366995,-3.418703],[104.5369779,-3.4188779],[104.5372258,-3.4190362],[104.5373294,-3.4191026],[104.5374861,-3.419203],[104.537709,-3.4193318],[104.537931,-3.4194696],[104.5382212,-3.4196429],[104.5384106,-3.4197464],[104.5386595,-3.419924],[104.5388623,-3.4200327],[104.5391688,-3.4201636],[104.5394732,-3.4203046],[104.5398292,-3.420452],[104.5402155,-3.420628],[104.5405847,-3.4207709],[104.5409181,-3.4209266],[104.5413401,-3.4211255],[104.5418401,-3.4213681],[104.5423976,-3.4216741],[104.5429481,-3.4219614],[104.5432387,-3.4221227],[104.5435507,-3.4222842],[104.5437821,-3.4224097],[104.5439005,-3.4224725],[104.5440479,-3.4225671],[104.5443979,-3.422781],[104.5448359,-3.4231077],[104.5451922,-3.4233209],[104.5455826,-3.4235762],[104.5458608,-3.4237603],[104.5462209,-3.4239871],[104.5465591,-3.4242328],[104.5468745,-3.4244088],[104.547063,-3.4245625],[104.5473643,-3.4247752],[104.547569,-3.4249085],[104.5478491,-3.425109],[104.548165,-3.4253237],[104.5484553,-3.425546],[104.5486758,-3.4256936],[104.548836,-3.4257919],[104.5489142,-3.42584],[104.5490711,-3.4259404],[104.5492796,-3.4260712],[104.5495725,-3.4262493],[104.5498656,-3.4264252],[104.550213,-3.4266204],[104.5505589,-3.4268095],[104.5509459,-3.4270259],[104.5513931,-3.4272633],[104.5516968,-3.4274333],[104.551938,-3.4275756],[104.5522661,-3.427781],[104.5525628,-3.4279543],[104.5530455,-3.4282122],[104.5534239,-3.428446],[104.5536444,-3.4285957],[104.5538891,-3.4287268],[104.5541535,-3.4288631],[104.5544629,-3.4290368],[104.5545973,-3.4291131],[104.5548783,-3.4292634],[104.5551357,-3.429389],[104.5553659,-3.4295291],[104.5556662,-3.4296907],[104.5559269,-3.4298096],[104.5562772,-3.4299486],[104.5564321,-3.4300029],[104.5566022,-3.4300317],[104.556909,-3.4300537],[104.5572649,-3.4300606],[104.5576185,-3.4300725],[104.5580802,-3.4300504],[104.5584433,-3.4300527],[104.5588705,-3.4300575],[104.5593022,-3.4300546],[104.5596805,-3.4300452],[104.5600652,-3.430043],[104.5603523,-3.4300433],[104.5607355,-3.4300372],[104.5610408,-3.4300311],[104.5614326,-3.4300212],[104.561496,-3.4300213],[104.5619459,-3.4300223],[104.5622243,-3.43002],[104.5623943,-3.4300186],[104.562765,-3.4300156],[104.5633036,-3.4299863],[104.563355,-3.4299835],[104.5635403,-3.4299813],[104.5638608,-3.4299776],[104.5643164,-3.4299661],[104.5646465,-3.4299638],[104.5652128,-3.4299661],[104.5655866,-3.4299586],[104.5658716,-3.4299463],[104.5659471,-3.4299432],[104.5660973,-3.4299363],[104.5663183,-3.4299186],[104.5663861,-3.4299186],[104.5664077,-3.4299178],[104.5664362,-3.42992],[104.5664745,-3.4299219],[104.5665724,-3.4299364],[104.5666879,-3.4299667],[104.5667328,-3.4299849],[104.5668402,-3.4300283],[104.5669668,-3.4300943],[104.5669923,-3.4301148],[104.567096,-3.4301982],[104.5672342,-3.4303108],[104.5674569,-3.4304792],[104.5676501,-3.4306191],[104.5678887,-3.4307943],[104.5681266,-3.4309551],[104.5683498,-3.4310952],[104.5685827,-3.4312578],[104.56883,-3.4314244],[104.5690472,-3.4315842],[104.5693287,-3.4317787],[104.5696189,-3.4319655],[104.5698144,-3.4321019],[104.5700926,-3.4322981],[104.570236,-3.4323938],[104.5705099,-3.4325704],[104.5707593,-3.4327397],[104.571043,-3.432928],[104.5712584,-3.4330775],[104.571497,-3.4332291],[104.5717456,-3.4333955],[104.5719519,-3.4335399],[104.5721767,-3.4336905],[104.5724545,-3.4338795],[104.5726817,-3.4340348],[104.5729358,-3.4342221],[104.5731442,-3.4343532],[104.5733426,-3.4344845],[104.573514,-3.4346041],[104.5737835,-3.4347861],[104.573943,-3.4348981],[104.5744614,-3.4352475],[104.5747455,-3.4354578],[104.574979,-3.4356077],[104.5752613,-3.4358165],[104.5755185,-3.4359974],[104.575793,-3.4361884],[104.5760149,-3.4363425],[104.5762833,-3.436538],[104.576499,-3.4366975],[104.5767,-3.4368236],[104.5770434,-3.4370706],[104.5774288,-3.4373472],[104.577631,-3.4374843],[104.5779594,-3.437701],[104.5783783,-3.4379776],[104.5786547,-3.4381663],[104.5790354,-3.4384575],[104.5794475,-3.4387453],[104.5796515,-3.4388937],[104.579838,-3.4390316],[104.5801603,-3.4392519],[104.5803795,-3.4394191],[104.5805179,-3.4394971],[104.5807115,-3.4396061],[104.581074,-3.4398713],[104.5812937,-3.4400279],[104.5814411,-3.4401452],[104.5816323,-3.4402689],[104.5818867,-3.4404755],[104.5820331,-3.4405978],[104.582447,-3.4409456],[104.582515,-3.4409916],[104.5825894,-3.4410508],[104.5827025,-3.4411636],[104.5828862,-3.4413015],[104.5833882,-3.4416922],[104.5838285,-3.4420481],[104.5840537,-3.4422565],[104.5842681,-3.4424245],[104.5846236,-3.442703],[104.585027,-3.4430203],[104.5853387,-3.4432685],[104.5853873,-3.4433028],[104.5853984,-3.443311],[104.5854953,-3.4433822],[104.5856,-3.4434591],[104.585942,-3.4437262],[104.5863513,-3.4440353],[104.5865578,-3.4441993],[104.5869304,-3.4444984],[104.5873145,-3.4448105],[104.5877053,-3.4450326],[104.5879717,-3.445097],[104.5881249,-3.445107],[104.588149,-3.4451089],[104.5885777,-3.4451433],[104.5887218,-3.4451429],[104.5888808,-3.4451762],[104.5890305,-3.4451683],[104.5890565,-3.4451669],[104.5891665,-3.4451187],[104.5893462,-3.4450089],[104.5895112,-3.4447184],[104.5895823,-3.4446026],[104.5897003,-3.4444105],[104.589825,-3.4443757],[104.5900727,-3.4443277],[104.5902152,-3.4443074],[104.5908268,-3.4441936],[104.5914263,-3.4440598],[104.5916928,-3.4439956],[104.5921183,-3.4439045],[104.5927325,-3.44378],[104.5929846,-3.4437345]]}},{"type":"Feature","properties":{"segmentId":"osm-gaul2-73814-5900992322-5861481739-0","regionId":"gaul2-73814","province":"Sumatera Selatan","region":"Ogan Ilir","roadName":"Jalan Lanang Kuaso","highway":"tertiary","lengthMeters":907.954,"osmWayIds":["700996530"],"u":"5900992322","v":"5861481739","key":0,"oneway":false,"source":"OpenStreetMap"},"geometry":{"type":"LineString","coordinates":[[104.5342021,-3.4170669],[104.5341467,-3.4171072],[104.5339453,-3.4172376],[104.5336025,-3.4174184],[104.5330463,-3.4177057],[104.532787,-3.4178314],[104.532524,-3.4179031],[104.5322638,-3.4178922],[104.5320559,-3.4178436],[104.5318724,-3.4177909],[104.5316054,-3.4177469],[104.5313964,-3.4177325],[104.5312083,-3.4177526],[104.5306192,-3.4179579],[104.5305497,-3.4179839],[104.5299173,-3.4182201],[104.5294319,-3.41841],[104.5288724,-3.4186213],[104.5282621,-3.418892],[104.5277903,-3.4191082],[104.5276211,-3.4191927],[104.5275985,-3.419204],[104.5274134,-3.4193026],[104.5272208,-3.4194052],[104.5269485,-3.4195703],[104.5266612,-3.4197137]]}},{"type":"Feature","properties":{"segmentId":"osm-gaul2-73814-5900992322-5861481870-0","regionId":"gaul2-73814","province":"Sumatera Selatan","region":"Ogan Ilir","roadName":"Jalan Lanang Kuaso","highway":"tertiary","lengthMeters":4385.06,"osmWayIds":["624989959","625048428","700996530"],"u":"5900992322","v":"5861481870","key":0,"oneway":false,"source":"OpenStreetMap"},"geometry":{"type":"LineString","coordinates":[[104.5342021,-3.4170669],[104.5345339,-3.4168254],[104.5351213,-3.4164322],[104.5355625,-3.4161503],[104.5355965,-3.4161286],[104.535953,-3.4158952],[104.536083,-3.4157776],[104.5360975,-3.4157644],[104.5362522,-3.4156256],[104.5363427,-3.415504],[104.5365209,-3.4152645],[104.5367809,-3.4149026],[104.5369437,-3.4146759],[104.5370004,-3.414597],[104.537457,-3.4140017],[104.5375295,-3.4138995],[104.5378856,-3.4133978],[104.538027,-3.4132096],[104.5381769,-3.413073],[104.5382707,-3.4130169],[104.5384192,-3.4129281],[104.5387492,-3.4127159],[104.5391185,-3.4125004],[104.5394854,-3.412313],[104.539648,-3.4122471],[104.5398632,-3.4121783],[104.5398848,-3.412174],[104.5403192,-3.4120869],[104.5404578,-3.4120444],[104.5406386,-3.4119721],[104.5407856,-3.4118694],[104.5409681,-3.4116952],[104.541156,-3.4115571],[104.5413984,-3.4114119],[104.541681,-3.4112466],[104.5418926,-3.4111588],[104.5421736,-3.4110946],[104.5426112,-3.4109882],[104.5427965,-3.4109153],[104.542871,-3.4108843],[104.5429888,-3.4108353],[104.5432036,-3.4107588],[104.5434989,-3.4107045],[104.5438765,-3.4106202],[104.5443709,-3.4105066],[104.5447735,-3.4104094],[104.5451893,-3.4102986],[104.5455787,-3.4101981],[104.5460493,-3.4099883],[104.5461642,-3.4099031],[104.5464489,-3.4096771],[104.5465761,-3.4095764],[104.5467242,-3.4094999],[104.5469156,-3.4094308],[104.5472053,-3.409349],[104.5474396,-3.4093109],[104.5478022,-3.4092806],[104.5480047,-3.4092296],[104.5483448,-3.4090628],[104.5487211,-3.4088136],[104.5490644,-3.4086069],[104.5493678,-3.4084735],[104.5496418,-3.4083728],[104.5498154,-3.4083156],[104.5500346,-3.4082445],[104.5502105,-3.4081879],[104.5504692,-3.4081117],[104.5507619,-3.408065],[104.550992,-3.4079705],[104.5512301,-3.4078054],[104.5515152,-3.4076862],[104.5521273,-3.4074241],[104.5525238,-3.4072941],[104.5527006,-3.4072127],[104.5529558,-3.4070251],[104.5531071,-3.4069073],[104.5532408,-3.4068219],[104.5535917,-3.4065304],[104.5539128,-3.4063013],[104.5541033,-3.4061516],[104.554249,-3.4060088],[104.5544267,-3.4057475],[104.5547712,-3.4050937],[104.5548737,-3.4049631],[104.555164,-3.4046375],[104.5555175,-3.4042884],[104.5560326,-3.4038781],[104.5565379,-3.4034834],[104.5568602,-3.4032533],[104.5573644,-3.4030385],[104.5577142,-3.4030149],[104.5580855,-3.4030521],[104.5584002,-3.4030203],[104.5588202,-3.4028663],[104.5591789,-3.4027085],[104.5594764,-3.4026031],[104.5597013,-3.4025234],[104.5601224,-3.4023748],[104.5607132,-3.4020996],[104.5613104,-3.4018484],[104.5616811,-3.4016746],[104.5621801,-3.4013716],[104.5626342,-3.4010772],[104.5632163,-3.4008103],[104.5635491,-3.4006588],[104.5636868,-3.4005728],[104.5638401,-3.4004771],[104.5639372,-3.4004165],[104.5646547,-3.3999559],[104.5655125,-3.3993591],[104.5660481,-3.3990332],[104.5662276,-3.398936],[104.5664388,-3.3989207],[104.5667575,-3.3989794],[104.5670397,-3.3990447],[104.5674797,-3.3991135],[104.5678661,-3.3991613]]}},{"type":"Feature","properties":{"segmentId":"osm-gaul2-73814-5902525383-5311679671-0","regionId":"gaul2-73814","province":"Sumatera Selatan","region":"Ogan Ilir","roadName":"Unnamed OSM road","highway":"tertiary","lengthMeters":38.497,"osmWayIds":["625141328"],"u":"5902525383","v":"5311679671","key":0,"oneway":false,"source":"OpenStreetMap"},"geometry":{"type":"LineString","coordinates":[[104.6898783,-3.2970717],[104.6899825,-3.2969998],[104.6900579,-3.2969513],[104.6901093,-3.2969326],[104.690185,-3.296934]]}},{"type":"Feature","properties":{"segmentId":"osm-gaul2-73814-5902525383-5861481870-0","regionId":"gaul2-73814","province":"Sumatera Selatan","region":"Ogan Ilir","roadName":"Jalan Merdeka","highway":"tertiary","lengthMeters":19880.063,"osmWayIds":["620396017","624989958","624989959","624989962","696312790","696312791","814873458","814873459","814873460","814873461"],"u":"5902525383","v":"5861481870","key":0,"oneway":false,"source":"OpenStreetMap"},"geometry":{"type":"LineString","coordinates":[[104.6898783,-3.2970717],[104.6896455,-3.2972699],[104.6892579,-3.2975705],[104.6889621,-3.2977826],[104.6887959,-3.2978715],[104.6883193,-3.2981456],[104.6877432,-3.298415],[104.6873563,-3.2985879],[104.6869698,-3.2987314],[104.6866253,-3.2988882],[104.6863422,-3.2990371],[104.6862552,-3.2991152],[104.686121,-3.2992358],[104.6858494,-3.2995828],[104.6856205,-3.2999015],[104.6851234,-3.3008697],[104.6849783,-3.3011231],[104.6848273,-3.3013649],[104.6845462,-3.3017317],[104.6844308,-3.3018854],[104.684131,-3.3023134],[104.6838968,-3.3026136],[104.6833805,-3.3032509],[104.6831015,-3.303599],[104.682903,-3.303907],[104.6827515,-3.3042638],[104.6827315,-3.3043139],[104.6826227,-3.3046179],[104.6825798,-3.3046969],[104.6824886,-3.3048308],[104.6823894,-3.3049178],[104.6821641,-3.3051106],[104.6819441,-3.3052258],[104.6816826,-3.3053168],[104.6813219,-3.3054266],[104.6809933,-3.3055592],[104.6806446,-3.3057091],[104.6802959,-3.3059099],[104.6801739,-3.306001],[104.6799781,-3.3061764],[104.6797702,-3.3063237],[104.6795503,-3.3064508],[104.6793129,-3.3065593],[104.6791131,-3.3066517],[104.6790836,-3.3066611],[104.6788274,-3.3067923],[104.6784371,-3.3070346],[104.678185,-3.3072354],[104.6777693,-3.307613],[104.6773891,-3.3079752],[104.6772945,-3.3080555],[104.6770987,-3.3082664],[104.6769834,-3.3084377],[104.6768801,-3.3086533],[104.6768359,-3.3089304],[104.6767474,-3.3094338],[104.6766642,-3.3100753],[104.6766628,-3.3101468],[104.6766602,-3.3103014],[104.6766709,-3.3104199],[104.6767521,-3.3107332],[104.676923,-3.3112627],[104.6769505,-3.3113846],[104.6769626,-3.3114475],[104.6769606,-3.3115024],[104.6769499,-3.3115412],[104.6769123,-3.3116035],[104.6767963,-3.3117488],[104.6763658,-3.3122261],[104.6762592,-3.3123499],[104.6761848,-3.3124393],[104.6761063,-3.3125286],[104.6759749,-3.3126204],[104.6757885,-3.3127181],[104.6755725,-3.312773],[104.6754066,-3.3128098],[104.6752363,-3.3128533],[104.6751233,-3.3128814],[104.6747049,-3.3129725],[104.6742569,-3.3130395],[104.6738975,-3.3130722],[104.6735522,-3.313093],[104.6731733,-3.3130916],[104.6729799,-3.3130682],[104.6728803,-3.3130491],[104.6727817,-3.31302],[104.6726866,-3.3129697],[104.6725852,-3.3129162],[104.6724585,-3.3128359],[104.6723251,-3.31277],[104.672195,-3.3127201],[104.6720012,-3.3126471],[104.6716203,-3.312536],[104.6714989,-3.3124871],[104.6713528,-3.3124135],[104.6710919,-3.3122421],[104.6709095,-3.3121297],[104.6706755,-3.3120172],[104.6704227,-3.3119255],[104.6703027,-3.3118967],[104.6701692,-3.3118759],[104.6699721,-3.3118733],[104.6697951,-3.3118411],[104.6690656,-3.3118679],[104.6678357,-3.3117728],[104.6670284,-3.3117715],[104.6668728,-3.3117836],[104.6656645,-3.3118572],[104.6653051,-3.31188],[104.665179,-3.3118947],[104.6643609,-3.3121116],[104.662883,-3.3124356],[104.6626067,-3.3124811],[104.6609572,-3.3128051],[104.6604382,-3.3128587],[104.6597073,-3.3129149],[104.6592728,-3.3129805],[104.6581972,-3.3132871],[104.6576106,-3.3134798],[104.6575829,-3.313489],[104.6567113,-3.313832],[104.6564886,-3.313907],[104.6558771,-3.3141212],[104.6554359,-3.3142899],[104.6551878,-3.314385],[104.6548806,-3.3144425],[104.6544743,-3.3145041],[104.654139,-3.3145617],[104.6537715,-3.3146072],[104.6533719,-3.3146286],[104.6529307,-3.3146353],[104.6527268,-3.3146166],[104.6525699,-3.3145992],[104.651827,-3.314484],[104.6505744,-3.314393],[104.6500104,-3.3144365],[104.6497154,-3.3144934],[104.6494472,-3.3145724],[104.6493479,-3.3146226],[104.6492762,-3.3146608],[104.6492353,-3.3146829],[104.6491662,-3.3147304],[104.6475141,-3.3157633],[104.6474603,-3.3157874],[104.6469627,-3.3161121],[104.6457162,-3.3169368],[104.6456612,-3.3169796],[104.6453901,-3.3172256],[104.6446427,-3.3179865],[104.643956,-3.3187376],[104.6436328,-3.3190201],[104.6422568,-3.3200617],[104.6409801,-3.3211301],[104.640849,-3.3212593],[104.6407441,-3.3213899],[104.6405268,-3.3217071],[104.6402197,-3.3221892],[104.6399595,-3.3225667],[104.6392742,-3.3234075],[104.6388652,-3.3239016],[104.6387109,-3.3240502],[104.6385188,-3.3242083],[104.6384011,-3.3242911],[104.6382469,-3.3243835],[104.637512,-3.3247209],[104.6367663,-3.3250503],[104.6355795,-3.3255269],[104.6348423,-3.3257891],[104.6343885,-3.3259258],[104.6338075,-3.3260598],[104.6332633,-3.3261807],[104.6331431,-3.326216],[104.6330669,-3.3262505],[104.6329686,-3.3263015],[104.6326041,-3.3265558],[104.6319038,-3.3271477],[104.6310109,-3.3278822],[104.6309678,-3.3279545],[104.6308733,-3.328057],[104.6307361,-3.3281881],[104.6305257,-3.3283213],[104.6302701,-3.3285173],[104.6299863,-3.3287128],[104.6296508,-3.328917],[104.6292387,-3.3291757],[104.6286346,-3.3295985],[104.6282493,-3.3298535],[104.6277518,-3.3301416],[104.6265672,-3.3308956],[104.6263861,-3.3310295],[104.6261769,-3.3311888],[104.6259355,-3.3314151],[104.62556,-3.331875],[104.6253724,-3.3321559],[104.6251936,-3.3324606],[104.6249143,-3.3328534],[104.6247915,-3.333019],[104.6246799,-3.3331696],[104.6243702,-3.33362],[104.6239274,-3.3342219],[104.6234008,-3.3349495],[104.623017,-3.335489],[104.6227541,-3.3358663],[104.622537,-3.3361564],[104.6223711,-3.3364128],[104.6223199,-3.3365214],[104.6222737,-3.3366667],[104.6222354,-3.3368681],[104.6222121,-3.3371172],[104.6221502,-3.3378237],[104.6220924,-3.3384965],[104.622043,-3.3389786],[104.6219915,-3.3395197],[104.6219705,-3.3398797],[104.6218443,-3.3411644],[104.6218354,-3.3413228],[104.6218134,-3.3417103],[104.6217694,-3.3422856],[104.6216781,-3.3433269],[104.6216138,-3.3441692],[104.6215494,-3.3448832],[104.6215113,-3.3454355],[104.6214627,-3.3461953],[104.6214117,-3.3469766],[104.6213912,-3.3478697],[104.621377,-3.3481676],[104.6213623,-3.3484781],[104.6213413,-3.3487667],[104.6212882,-3.3490769],[104.6212385,-3.349324],[104.6212193,-3.349401],[104.6210574,-3.3499245],[104.6209605,-3.3502378],[104.6209526,-3.3502634],[104.6208829,-3.3504707],[104.6207888,-3.3507507],[104.6207804,-3.3507758],[104.6207044,-3.3510019],[104.6206486,-3.3511799],[104.6205256,-3.3515718],[104.6205111,-3.3516182],[104.6204955,-3.351668],[104.6204292,-3.3518792],[104.620398,-3.3519732],[104.6202289,-3.3524832],[104.6201757,-3.3526437],[104.6200398,-3.353014],[104.6199345,-3.353301],[104.6199032,-3.3533863],[104.6197588,-3.3536543],[104.6195345,-3.3540705],[104.6191912,-3.3547076],[104.6190747,-3.3548679],[104.6190293,-3.3549303],[104.6189873,-3.3549797],[104.6189292,-3.3550206],[104.6187879,-3.3550976],[104.6184435,-3.3552547],[104.6182772,-3.3553305],[104.6176993,-3.3555595],[104.6176234,-3.3555896],[104.6172225,-3.3557485],[104.6170576,-3.3557956],[104.6170222,-3.3558057],[104.6169283,-3.3558325],[104.6165868,-3.3559059],[104.6162848,-3.355947],[104.6161207,-3.3559477],[104.6157131,-3.3559993],[104.6152823,-3.3560524],[104.6146634,-3.3561259],[104.6139163,-3.3562228],[104.6133999,-3.3562964],[104.6130171,-3.3563435],[104.6127208,-3.3563752],[104.6122755,-3.3564244],[104.612014,-3.3564582],[104.6118606,-3.3564886],[104.6116504,-3.3565504],[104.6111804,-3.3566869],[104.6109063,-3.3567505],[104.6103927,-3.3568503],[104.6103657,-3.3568555],[104.6101647,-3.3568929],[104.6097999,-3.3569608],[104.6096154,-3.3569952],[104.6094027,-3.3570329],[104.6092102,-3.3570711],[104.608996,-3.3571245],[104.6087292,-3.3572209],[104.6085758,-3.3573061],[104.6082172,-3.3574771],[104.6079849,-3.3576011],[104.607698,-3.3577752],[104.6073751,-3.3580092],[104.6067628,-3.3584523],[104.6062368,-3.3588209],[104.6057135,-3.359174],[104.6053204,-3.3593999],[104.6049922,-3.3596021],[104.6048266,-3.359715],[104.604634,-3.3598593],[104.6044229,-3.360035],[104.6041056,-3.3603549],[104.6035711,-3.3609522],[104.6031067,-3.3614437],[104.6029812,-3.3615773],[104.6028591,-3.3616906],[104.6025215,-3.3619645],[104.6019635,-3.3624291],[104.6013453,-3.3629296],[104.6008425,-3.3633386],[104.6006852,-3.3634864],[104.6005981,-3.3635828],[104.6004157,-3.3638252],[104.6002956,-3.3640149],[104.6000764,-3.3643768],[104.6000094,-3.3644875],[104.5998417,-3.3648239],[104.5997715,-3.3650066],[104.5996633,-3.3653701],[104.5995178,-3.3658679],[104.5994662,-3.3660127],[104.5994006,-3.3661637],[104.5990798,-3.3667027],[104.598846,-3.3670804],[104.5985012,-3.3676395],[104.5982362,-3.3680961],[104.597992,-3.3684855],[104.5975455,-3.3691387],[104.597256,-3.3695833],[104.5969639,-3.3700569],[104.5967452,-3.3704648],[104.5967073,-3.3705338],[104.59662,-3.3706925],[104.5964563,-3.3710117],[104.596387,-3.3711631],[104.5963236,-3.3713575],[104.5962122,-3.3718554],[104.5961655,-3.3720827],[104.5961563,-3.3721376],[104.5961427,-3.3722413],[104.5960716,-3.3726963],[104.596053,-3.3728156],[104.5959376,-3.3734716],[104.5958239,-3.3740835],[104.595811,-3.37418],[104.5956878,-3.3748961],[104.5956195,-3.3752877],[104.5955692,-3.3755763],[104.5954508,-3.3761383],[104.5954135,-3.3763156],[104.5953243,-3.3768074],[104.5952735,-3.3770473],[104.5952551,-3.3771233],[104.595235,-3.3771822],[104.5952014,-3.3772516],[104.5949289,-3.3777247],[104.5945241,-3.3784639],[104.5942221,-3.378933],[104.5941186,-3.3791328],[104.5937881,-3.3797159],[104.5934753,-3.3802555],[104.5933977,-3.3804033],[104.593332,-3.3805624],[104.5932613,-3.3808109],[104.593052,-3.381576],[104.5929498,-3.3819456],[104.5928504,-3.382324],[104.5926732,-3.3829087],[104.5926667,-3.3829323],[104.5925971,-3.3831237],[104.5924281,-3.3836525],[104.5921925,-3.3843826],[104.5919082,-3.3854143],[104.5916902,-3.3861525],[104.5915794,-3.3865771],[104.5915644,-3.3866354],[104.5915487,-3.3866876],[104.5914934,-3.387131],[104.5914203,-3.3876474],[104.5913948,-3.3877913],[104.5913351,-3.3880283],[104.5913083,-3.3881247],[104.5912211,-3.3883261],[104.5911635,-3.3884219],[104.5909958,-3.3886782],[104.5909226,-3.3887761],[104.590893,-3.3888151],[104.5907954,-3.3889435],[104.5904929,-3.3893523],[104.5904151,-3.3894494],[104.5903347,-3.389527],[104.5902133,-3.3896167],[104.5899676,-3.3897593],[104.5896846,-3.3898858],[104.5894417,-3.3899944],[104.5890904,-3.39014],[104.5888691,-3.3902162],[104.588328,-3.3903496],[104.5880109,-3.3904315],[104.587684,-3.390516],[104.5872935,-3.3906056],[104.5867049,-3.3907521],[104.5861122,-3.39091],[104.5858877,-3.3909777],[104.5855016,-3.3910892],[104.5851068,-3.3912059],[104.5849102,-3.391298],[104.5844096,-3.3915085],[104.5841072,-3.3916191],[104.5837258,-3.3917641],[104.5835419,-3.3918594],[104.5832007,-3.3919673],[104.5829061,-3.3920839],[104.5825496,-3.3921892],[104.5818854,-3.3924056],[104.5818507,-3.3923931],[104.5815648,-3.392522],[104.5809385,-3.3927886],[104.5808298,-3.3928352],[104.5805608,-3.3929506],[104.5803973,-3.3930207],[104.5800924,-3.3931901],[104.5797355,-3.3934108],[104.5792413,-3.3939923],[104.5785078,-3.3949054],[104.5784624,-3.3949637],[104.5780066,-3.3955493],[104.5776123,-3.3959384],[104.5770599,-3.3963871],[104.5767069,-3.3966992],[104.5765621,-3.3968272],[104.5765039,-3.3968791],[104.5760676,-3.3972685],[104.5759804,-3.3973463],[104.5755889,-3.3976689],[104.5755368,-3.3977118],[104.575028,-3.3981436],[104.5748647,-3.3982558],[104.5745407,-3.3984702],[104.5741967,-3.3985972],[104.5735978,-3.3987553],[104.5728989,-3.398993],[104.5723339,-3.3991452],[104.572085,-3.399198],[104.5717087,-3.3992845],[104.5713738,-3.3992928],[104.5710723,-3.3992772],[104.5705964,-3.3992525],[104.5697315,-3.3992505],[104.5689525,-3.399231],[104.5678661,-3.3991613]]}},{"type":"Feature","properties":{"segmentId":"osm-gaul2-73814-5902525383-5902526187-0","regionId":"gaul2-73814","province":"Sumatera Selatan","region":"Ogan Ilir","roadName":"Unnamed OSM road","highway":"tertiary","lengthMeters":36.54,"osmWayIds":["625141330"],"u":"5902525383","v":"5902526187","key":0,"oneway":false,"source":"OpenStreetMap"},"geometry":{"type":"LineString","coordinates":[[104.6898783,-3.2970717],[104.6899462,-3.2969782],[104.6899814,-3.2968967],[104.6899921,-3.2968427],[104.6899879,-3.2967735]]}},{"type":"Feature","properties":{"segmentId":"osm-gaul2-73814-5902526187-5311679671-0","regionId":"gaul2-73814","province":"Sumatera Selatan","region":"Ogan Ilir","roadName":"Jalan Lintas Timur","highway":"trunk","lengthMeters":28.236,"osmWayIds":["439440551"],"u":"5902526187","v":"5311679671","key":0,"oneway":false,"source":"OpenStreetMap"},"geometry":{"type":"LineString","coordinates":[[104.6899879,-3.2967735],[104.690185,-3.296934]]}},{"type":"Feature","properties":{"segmentId":"osm-gaul2-73814-5902526187-5788714607-0","regionId":"gaul2-73814","province":"Sumatera Selatan","region":"Ogan Ilir","roadName":"Jalan Lintas Timur","highway":"trunk","lengthMeters":3615.268,"osmWayIds":["439440551"],"u":"5902526187","v":"5788714607","key":0,"oneway":false,"source":"OpenStreetMap"},"geometry":{"type":"LineString","coordinates":[[104.6899879,-3.2967735],[104.689866,-3.2966745],[104.6897848,-3.2965863],[104.6896941,-3.2964573],[104.6896302,-3.2963208],[104.6895924,-3.2961414],[104.6895868,-3.2960637],[104.6896189,-3.2959169],[104.6898014,-3.2954746],[104.6899838,-3.2950787],[104.6900404,-3.2949569],[104.69015,-3.294721],[104.6902576,-3.2944892],[104.6903808,-3.2941705],[104.6904937,-3.293801],[104.6907145,-3.2930493],[104.6907532,-3.2929178],[104.690883,-3.2924758],[104.6910864,-3.2917044],[104.6911172,-3.2915317],[104.6911823,-3.2912869],[104.6912452,-3.2910426],[104.6912795,-3.2908903],[104.6914431,-3.29017],[104.6915019,-3.2897977],[104.6915314,-3.2896129],[104.6915377,-3.2894013],[104.6915236,-3.2891524],[104.6915108,-3.2890616],[104.691392,-3.288191],[104.69137,-3.2880296],[104.6913326,-3.2877036],[104.6912788,-3.2873804],[104.6912382,-3.2871563],[104.6909858,-3.2863509],[104.6909512,-3.2862405],[104.6908368,-3.285839],[104.690501,-3.284737],[104.6904201,-3.2842797],[104.6902455,-3.2833216],[104.6902343,-3.2832507],[104.6901933,-3.2830708],[104.6901275,-3.282793],[104.6900867,-3.2826208],[104.6900232,-3.282436],[104.6899384,-3.2821894],[104.6897707,-3.2817015],[104.6895575,-3.2810815],[104.6895018,-3.2809184],[104.689284,-3.2802809],[104.6892663,-3.2802247],[104.6890773,-3.2796237],[104.6890399,-3.2793784],[104.6890426,-3.2790009],[104.6890845,-3.2787566],[104.6891203,-3.2785483],[104.6892169,-3.2778574],[104.6892274,-3.2775548],[104.6892305,-3.2771881],[104.6892033,-3.2770031],[104.689155,-3.2767434],[104.6890989,-3.2765721],[104.688999,-3.2763268],[104.6889648,-3.276232],[104.6889046,-3.2760947],[104.6888553,-3.2760351],[104.6888392,-3.2760136],[104.6884544,-3.2754988],[104.6879321,-3.2748074],[104.6877644,-3.2745477],[104.6875993,-3.2742601],[104.6872616,-3.273672],[104.6869048,-3.2730427],[104.6867386,-3.272799],[104.6863601,-3.2722294],[104.6861511,-3.2719127],[104.6859876,-3.2716512],[104.6858025,-3.2712941],[104.6855636,-3.2707655],[104.6851587,-3.2698695],[104.685138,-3.2698269],[104.6850151,-3.2695745],[104.6849765,-3.2695048],[104.6849643,-3.2694828],[104.684731,-3.2690564],[104.6846094,-3.2688327],[104.6845919,-3.2688006],[104.684529,-3.2686839],[104.6842146,-3.2680994],[104.6841938,-3.268061],[104.6839815,-3.2676697],[104.6836285,-3.2670168],[104.6834091,-3.2666115]]}},{"type":"Feature","properties":{"segmentId":"osm-gaul2-73814-5902526187-5902525383-0","regionId":"gaul2-73814","province":"Sumatera Selatan","region":"Ogan Ilir","roadName":"Unnamed OSM road","highway":"tertiary","lengthMeters":36.54,"osmWayIds":["625141330"],"u":"5902526187","v":"5902525383","key":0,"oneway":false,"source":"OpenStreetMap"},"geometry":{"type":"LineString","coordinates":[[104.6899879,-3.2967735],[104.6899921,-3.2968427],[104.6899814,-3.2968967],[104.6899462,-3.2969782],[104.6898783,-3.2970717]]}},{"type":"Feature","properties":{"segmentId":"osm-gaul2-73814-5926631260-5926631261-0","regionId":"gaul2-73814","province":"Sumatera Selatan","region":"Ogan Ilir","roadName":"Jalan Lintas Timur Palembang-Prabumulih","highway":"trunk","lengthMeters":9.498,"osmWayIds":["564551101"],"u":"5926631260","v":"5926631261","key":0,"oneway":true,"source":"OpenStreetMap"},"geometry":{"type":"LineString","coordinates":[[104.7097197,-3.0997005],[104.7097835,-3.0996436]]}},{"type":"Feature","properties":{"segmentId":"osm-gaul2-73814-5926631261-13973982808-0","regionId":"gaul2-73814","province":"Sumatera Selatan","region":"Ogan Ilir","roadName":"Jalan Lintas Timur Palembang-Prabumulih","highway":"trunk","lengthMeters":300.202,"osmWayIds":["564551101"],"u":"5926631261","v":"13973982808","key":0,"oneway":true,"source":"OpenStreetMap"},"geometry":{"type":"LineString","coordinates":[[104.7097835,-3.0996436],[104.7107725,-3.0987678],[104.7111695,-3.0983634],[104.7117223,-3.0977658]]}},{"type":"Feature","properties":{"segmentId":"osm-gaul2-73814-5926631261-540149536-0","regionId":"gaul2-73814","province":"Sumatera Selatan","region":"Ogan Ilir","roadName":"Unnamed OSM road","highway":"motorway_link","lengthMeters":10.919,"osmWayIds":["1381363234"],"u":"5926631261","v":"540149536","key":0,"oneway":true,"source":"OpenStreetMap"},"geometry":{"type":"LineString","coordinates":[[104.7097835,-3.0996436],[104.709873,-3.0996843]]}},{"type":"Feature","properties":{"segmentId":"osm-gaul2-73814-5932649602-5786206793-0","regionId":"gaul2-73814","province":"Sumatera Selatan","region":"Ogan Ilir","roadName":"Unnamed OSM road","highway":"tertiary","lengthMeters":20462.25,"osmWayIds":["611050075","611086152","612827100","612827105","612897290","612906742","628652828","628652833"],"u":"5932649602","v":"5786206793","key":0,"oneway":false,"source":"OpenStreetMap"},"geometry":{"type":"LineString","coordinates":[[104.5632116,-3.6567955],[104.5633724,-3.6571224],[104.5637962,-3.6579387],[104.5640794,-3.6584876],[104.5643153,-3.6589059],[104.5644773,-3.6590408],[104.5646605,-3.6591149],[104.5648345,-3.6591421],[104.5650438,-3.659126],[104.5652906,-3.6591624],[104.565591,-3.6592267],[104.5658682,-3.6593398],[104.5661293,-3.6596103],[104.5665585,-3.6600634],[104.5668942,-3.6604913],[104.5672248,-3.6609631],[104.567502,-3.6613475],[104.5678363,-3.6617943],[104.568121,-3.6622052],[104.5682493,-3.6624781],[104.5682822,-3.662671],[104.5682769,-3.6627339],[104.5682688,-3.6628297],[104.5682225,-3.6629146],[104.5681877,-3.6629784],[104.5679643,-3.6632147],[104.5677341,-3.6634849],[104.5675395,-3.6637549],[104.5674495,-3.6638945],[104.5672759,-3.6643843],[104.5672001,-3.6645782],[104.5669952,-3.6651026],[104.5666609,-3.6658905],[104.5665059,-3.6662796],[104.566398,-3.6665503],[104.5661574,-3.667164],[104.5659235,-3.6677613],[104.5656739,-3.6683333],[104.5655528,-3.6686455],[104.5653831,-3.6690832],[104.5653531,-3.6691547],[104.5652279,-3.6694535],[104.5651534,-3.6695691],[104.5650788,-3.669685],[104.5648924,-3.669836],[104.5648253,-3.6698658],[104.5646477,-3.6699447],[104.5646008,-3.6699681],[104.5644277,-3.6700544],[104.5642349,-3.6701908],[104.5638696,-3.6705338],[104.5634768,-3.670886],[104.5630614,-3.6712764],[104.5626697,-3.6716852],[104.5624528,-3.6719193],[104.562304,-3.6721513],[104.5621811,-3.6724037],[104.5621082,-3.6726934],[104.562028,-3.6730935],[104.5619368,-3.6736645],[104.5618714,-3.6742019],[104.5617853,-3.6747041],[104.5617719,-3.6749508],[104.5617976,-3.6751792],[104.5619134,-3.6757892],[104.5620288,-3.6764562],[104.5621308,-3.6770094],[104.5622063,-3.6773199],[104.5622905,-3.6775184],[104.5624151,-3.6776943],[104.5627764,-3.6781265],[104.5632656,-3.678708],[104.563689,-3.6791824],[104.5639516,-3.6795008],[104.5642526,-3.6799242],[104.5644554,-3.6802973],[104.5645708,-3.6806702],[104.5646696,-3.6811676],[104.5647108,-3.6814742],[104.564709,-3.6817618],[104.5646643,-3.6819791],[104.5645408,-3.682342],[104.5644663,-3.6826173],[104.5644299,-3.6827703],[104.5644145,-3.6829752],[104.5644374,-3.6833798],[104.5644702,-3.6838627],[104.5645176,-3.6842279],[104.5645904,-3.6845839],[104.5646789,-3.6849185],[104.5647732,-3.685267],[104.5648177,-3.6855529],[104.5648651,-3.6860795],[104.5648713,-3.6863246],[104.564867,-3.6863967],[104.5648582,-3.6865441],[104.5648562,-3.686578],[104.5648436,-3.6866422],[104.5648115,-3.6868052],[104.5647863,-3.6869028],[104.5646974,-3.687248],[104.5646912,-3.6872742],[104.5646418,-3.6874813],[104.5646309,-3.6876352],[104.5646207,-3.6877784],[104.5646105,-3.6878579],[104.5645644,-3.6882151],[104.5645611,-3.6882408],[104.5644591,-3.6885221],[104.5643252,-3.6887963],[104.5642786,-3.6888892],[104.5641884,-3.6890693],[104.5640511,-3.6893775],[104.5639202,-3.6896715],[104.5638414,-3.6899008],[104.5637271,-3.6902336],[104.5634347,-3.6907154],[104.5627508,-3.6914542],[104.5624638,-3.6918369],[104.5622385,-3.6924124],[104.5619085,-3.6938203],[104.5619112,-3.6942486],[104.5619568,-3.6944493],[104.5627883,-3.6958626],[104.5631209,-3.6962159],[104.5633516,-3.6963658],[104.5638585,-3.6967459],[104.5643172,-3.6971795],[104.5644674,-3.6974097],[104.5648429,-3.698384],[104.5648724,-3.6987132],[104.5647651,-3.7003218],[104.5647114,-3.7019225],[104.5646712,-3.7038362],[104.5646685,-3.704682],[104.5644379,-3.705485],[104.564175,-3.7059963],[104.5639604,-3.706296],[104.5628554,-3.7074202],[104.5619783,-3.7084614],[104.5615089,-3.7090395],[104.561289,-3.7094303],[104.561179,-3.7097863],[104.5610744,-3.7106187],[104.5610744,-3.711593],[104.5610073,-3.7123665],[104.5610154,-3.7125004],[104.56101,-3.7129581],[104.561002,-3.7131802],[104.5608759,-3.7133488],[104.5604494,-3.7137289],[104.5592585,-3.7149494],[104.5581722,-3.716178],[104.5568901,-3.7176554],[104.5566621,-3.7182577],[104.5564315,-3.7188278],[104.5562384,-3.7192025],[104.5559487,-3.7195505],[104.5556563,-3.7199921],[104.5555544,-3.7202812],[104.5554015,-3.7206291],[104.5551547,-3.7211216],[104.5550072,-3.7215713],[104.5549107,-3.7219915],[104.5548704,-3.7224733],[104.5548624,-3.7231504],[104.5548648,-3.7232255],[104.5548812,-3.7237366],[104.5548774,-3.7238945],[104.5548651,-3.7244191],[104.5548436,-3.7247938],[104.5548083,-3.7248441],[104.5547497,-3.7249276],[104.5542079,-3.7252729],[104.5539558,-3.7254549],[104.5535883,-3.7259073],[104.5528614,-3.7268387],[104.5520246,-3.7277541],[104.5511609,-3.7284794],[104.550764,-3.7287872],[104.5500559,-3.7291164],[104.5491332,-3.7294965],[104.5484948,-3.729807],[104.5482212,-3.7298525],[104.5478833,-3.7298578],[104.5472342,-3.7296785],[104.5466012,-3.7295473],[104.546003,-3.7294483],[104.5459521,-3.7294323],[104.545598,-3.7294242],[104.5452332,-3.7295848],[104.5449758,-3.7297882],[104.5447451,-3.7301415],[104.5447156,-3.7303128],[104.5447209,-3.7306501],[104.5447665,-3.7313085],[104.5447129,-3.7317394],[104.544619,-3.7321864],[104.5445627,-3.7326039],[104.5446029,-3.7328555],[104.5446941,-3.7331794],[104.5450321,-3.7338887],[104.5452708,-3.734424],[104.5454022,-3.7349298],[104.5456597,-3.7355963],[104.5457938,-3.7361423],[104.5458528,-3.7367739],[104.5458099,-3.7370496],[104.5457963,-3.7371715],[104.5457938,-3.7371942],[104.54559,-3.737783],[104.5455283,-3.7378578],[104.5453835,-3.738064],[104.5449838,-3.738519],[104.544847,-3.7386796],[104.5444608,-3.7390115],[104.5440826,-3.7393434],[104.54364,-3.7395709],[104.543243,-3.7397743],[104.5427817,-3.7399509],[104.5423767,-3.740066],[104.5419931,-3.7402748],[104.5416605,-3.7405639],[104.5414433,-3.7410135],[104.5412287,-3.741605],[104.5409149,-3.7425338],[104.5406547,-3.7430744],[104.5402873,-3.743872],[104.5399681,-3.7447472],[104.5395228,-3.7456653],[104.5394215,-3.745852],[104.5391902,-3.7462782],[104.5388013,-3.746875],[104.5381629,-3.7478359],[104.5376667,-3.7484461],[104.5373583,-3.7488824],[104.5371115,-3.7491982],[104.5368379,-3.7493909],[104.5362586,-3.7497576],[104.5358348,-3.7500252],[104.5352286,-3.7504213],[104.5346197,-3.7507479],[104.5341665,-3.7511279],[104.5338526,-3.7515669],[104.5334154,-3.7523805],[104.5330104,-3.7532397],[104.532482,-3.7543263],[104.532187,-3.7549874],[104.5321441,-3.7553086],[104.532128,-3.7557314],[104.5320609,-3.756256],[104.5319349,-3.7565879],[104.5312268,-3.7576585],[104.5303497,-3.7589592],[104.5299178,-3.7596685],[104.5297837,-3.7600378],[104.5297542,-3.7608782],[104.5296925,-3.7614269],[104.5295745,-3.7616624],[104.528971,-3.7627009],[104.5287269,-3.7629391],[104.5281047,-3.763279],[104.5272008,-3.7638517],[104.526777,-3.7643121],[104.5265624,-3.7645931],[104.5260876,-3.7659661],[104.5260501,-3.7668172],[104.5261547,-3.7674596],[104.526211,-3.7680323],[104.5261976,-3.7683776],[104.526093,-3.7686532],[104.5258248,-3.7689931],[104.5247304,-3.769871],[104.523797,-3.7705535],[104.5225713,-3.7713136],[104.5211711,-3.7719077],[104.5207795,-3.7720844],[104.5201331,-3.7724216],[104.5190012,-3.7730907],[104.51832,-3.7735671],[104.517864,-3.7740997],[104.5174992,-3.7746671],[104.5172015,-3.7751756],[104.5164719,-3.7764683],[104.5160762,-3.7770949],[104.5158053,-3.7774053],[104.5155666,-3.7774856],[104.5153386,-3.7774508],[104.5150704,-3.7773331],[104.514837,-3.7771083],[104.5145661,-3.7767898],[104.5143059,-3.7765168],[104.5138702,-3.7761926],[104.5135108,-3.7760294],[104.5132184,-3.7759973],[104.5128965,-3.7760133],[104.5124969,-3.7761311],[104.512057,-3.7762943],[104.5114669,-3.7764737],[104.5103242,-3.7768794],[104.5084788,-3.7773933],[104.5055284,-3.7781855],[104.5043952,-3.7785388],[104.5034899,-3.7788171],[104.5023792,-3.779332],[104.4996486,-3.780788],[104.4974063,-3.7819602],[104.4965641,-3.7823724],[104.4961403,-3.7825704],[104.4958345,-3.7829023],[104.4957433,-3.7834857],[104.4958662,-3.7839651],[104.4960437,-3.784658],[104.4966768,-3.7860497],[104.496827,-3.7866599],[104.4967679,-3.787238],[104.4961886,-3.7880302],[104.4947831,-3.7895236],[104.4936834,-3.7901177],[104.4925032,-3.7907119],[104.4915215,-3.7911936]]}},{"type":"Feature","properties":{"segmentId":"osm-gaul2-73814-5932649602-5932649608-0","regionId":"gaul2-73814","province":"Sumatera Selatan","region":"Ogan Ilir","roadName":"Unnamed OSM road","highway":"tertiary_link","lengthMeters":128.733,"osmWayIds":["628406330","628653488","804209732"],"u":"5932649602","v":"5932649608","key":0,"oneway":false,"source":"OpenStreetMap"},"geometry":{"type":"LineString","coordinates":[[104.5632116,-3.6567955],[104.563107,-3.6565894],[104.5628633,-3.6560861],[104.5628411,-3.6560403],[104.5628464,-3.6559278],[104.5628974,-3.6558582],[104.5629966,-3.655794]]}},{"type":"Feature","properties":{"segmentId":"osm-gaul2-73814-5932649602-5932649608-1","regionId":"gaul2-73814","province":"Sumatera Selatan","region":"Ogan Ilir","roadName":"Unnamed OSM road","highway":"tertiary","lengthMeters":145.246,"osmWayIds":["628406326","628406328","804209733"],"u":"5932649602","v":"5932649608","key":1,"oneway":false,"source":"OpenStreetMap"},"geometry":{"type":"LineString","coordinates":[[104.5632116,-3.6567955],[104.5631188,-3.6567072],[104.5629983,-3.6566168],[104.5627443,-3.6561426],[104.5627268,-3.6560382],[104.5627587,-3.6559468],[104.5628164,-3.6558906],[104.5628991,-3.6558267],[104.5629966,-3.655794]]}},{"type":"Feature","properties":{"segmentId":"osm-gaul2-73814-5932649608-5800566551-0","regionId":"gaul2-73814","province":"Sumatera Selatan","region":"Ogan Ilir","roadName":"Unnamed OSM road","highway":"tertiary","lengthMeters":29759.426,"osmWayIds":["1297892442","612450517","612462614","612880019","612880021","612880025","612880027","612880033","621000224","628653487"],"u":"5932649608","v":"5800566551","key":0,"oneway":false,"source":"OpenStreetMap"},"geometry":{"type":"LineString","coordinates":[[104.5629966,-3.655794],[104.5633948,-3.6556415],[104.5636379,-3.6555595],[104.5637026,-3.655529],[104.5637801,-3.6554926],[104.5640019,-3.6552639],[104.5645953,-3.654486],[104.5651887,-3.6535948],[104.5654089,-3.6532199],[104.5655802,-3.6528101],[104.5656609,-3.652362],[104.5656678,-3.6520492],[104.5656207,-3.6515252],[104.5655315,-3.6508334],[104.5654991,-3.6505622],[104.5655099,-3.6502464],[104.5655185,-3.6499446],[104.5656097,-3.6495939],[104.5657467,-3.64919],[104.5659287,-3.6486204],[104.5661138,-3.6479591],[104.5661958,-3.647585],[104.5662968,-3.6467821],[104.566349,-3.6463562],[104.5663587,-3.6456485],[104.5663537,-3.6450414],[104.5663507,-3.6446745],[104.5663691,-3.6439389],[104.5664268,-3.6434753],[104.5665275,-3.6430038],[104.56655,-3.6428985],[104.5666048,-3.6426843],[104.5666543,-3.642491],[104.5668344,-3.6417868],[104.5670313,-3.6410342],[104.5673243,-3.6403731],[104.5675813,-3.6397924],[104.5676747,-3.6395299],[104.5677445,-3.639305],[104.5677764,-3.6390848],[104.5677683,-3.6388653],[104.5676838,-3.6385289],[104.5674379,-3.6373983],[104.5671374,-3.6362797],[104.5668032,-3.6355164],[104.566547,-3.6350638],[104.5664826,-3.6348978],[104.5664371,-3.6346997],[104.5663909,-3.6343454],[104.5663498,-3.6334526],[104.5663057,-3.632625],[104.5663741,-3.6322025],[104.5664684,-3.6318112],[104.5665401,-3.6316088],[104.566558,-3.6315583],[104.5666385,-3.6314004],[104.5667833,-3.6312612],[104.5670775,-3.6310665],[104.567327,-3.6309601],[104.567798,-3.63082],[104.5680983,-3.6306892],[104.568389,-3.6304883],[104.5686151,-3.6303944],[104.5688082,-3.6303703],[104.5690807,-3.6304023],[104.5695025,-3.630443],[104.5698667,-3.6304616],[104.5708379,-3.6303461],[104.5716656,-3.6302644],[104.5720626,-3.6302592],[104.5723806,-3.6302835],[104.5727683,-3.6303354],[104.5730643,-3.6303234],[104.5735889,-3.6302444],[104.5739747,-3.6301951],[104.5744336,-3.6302066],[104.5747507,-3.6302005],[104.5749492,-3.6301818],[104.5752633,-3.6300471],[104.5757574,-3.629816],[104.5760411,-3.6296928],[104.5764429,-3.6295651],[104.576975,-3.6293945],[104.5774278,-3.6292064],[104.5778309,-3.6289617],[104.5781951,-3.6286242],[104.5788418,-3.6279685],[104.579253,-3.6274568],[104.5798282,-3.6267015],[104.5804167,-3.6260166],[104.5805994,-3.6257298],[104.5806975,-3.6254807],[104.5807297,-3.6252505],[104.5807177,-3.6249978],[104.5806368,-3.6246861],[104.5805964,-3.6245813],[104.5804111,-3.6241003],[104.5801616,-3.6235113],[104.5798792,-3.6229611],[104.5797639,-3.6227854],[104.5795678,-3.6224868],[104.5794606,-3.6223455],[104.5794397,-3.6223179],[104.5792843,-3.6221131],[104.5792145,-3.6219551],[104.5792145,-3.6218293],[104.5792882,-3.6215659],[104.5794971,-3.6212936],[104.579563,-3.6212205],[104.5797484,-3.6210147],[104.5798986,-3.6208916],[104.580109,-3.6208192],[104.5804664,-3.6207359],[104.5806821,-3.6207167],[104.5809557,-3.6207274],[104.5810573,-3.6207464],[104.5813389,-3.6207991],[104.5818278,-3.6208558],[104.5820388,-3.62083],[104.582193,-3.6207892],[104.5825166,-3.6207034],[104.5829779,-3.6205919],[104.5833045,-3.6205737],[104.5836625,-3.6206043],[104.5841887,-3.6206312],[104.5849855,-3.6206119],[104.5854057,-3.620557],[104.5858933,-3.6203795],[104.5868653,-3.6199861],[104.5875605,-3.6197525],[104.5880411,-3.6195752],[104.5882225,-3.6194799],[104.5887415,-3.6190514],[104.5890538,-3.6187693],[104.5898035,-3.6181593],[104.5900744,-3.6179318],[104.5901921,-3.6177318],[104.5902273,-3.6176721],[104.5902783,-3.6172518],[104.5903185,-3.6167218],[104.5903802,-3.6162748],[104.5904472,-3.6157929],[104.5904312,-3.6153754],[104.5903203,-3.6148374],[104.5903131,-3.6148025],[104.5900547,-3.6138377],[104.5900449,-3.6137906],[104.5898223,-3.6128885],[104.5896506,-3.6122166],[104.5895031,-3.6116839],[104.5893019,-3.6111057],[104.5890847,-3.6106988],[104.5887279,-3.6102518],[104.5884007,-3.6097807],[104.5883256,-3.6096308],[104.5882478,-3.6094354],[104.588218,-3.6093202],[104.5882052,-3.6091919],[104.5882016,-3.6089903],[104.5882215,-3.608741],[104.5882498,-3.608374],[104.5882952,-3.6079242],[104.5883046,-3.6075484],[104.5882874,-3.6072598],[104.5882296,-3.6068441],[104.5881862,-3.6065989],[104.5881177,-3.6063543],[104.5880196,-3.6060633],[104.5879368,-3.6058343],[104.5878502,-3.6056343],[104.5877504,-3.6054306],[104.5876706,-3.6052892],[104.5875693,-3.6051432],[104.5874179,-3.6049402],[104.5873102,-3.6048268],[104.5870989,-3.6046379],[104.58697,-3.6044945],[104.5868837,-3.604367],[104.5867866,-3.6041426],[104.5867055,-3.6039014],[104.5866092,-3.6035723],[104.5865275,-3.6033019],[104.5864138,-3.6029732],[104.5863022,-3.6026895],[104.5861918,-3.6024681],[104.5860818,-3.6022675],[104.5859056,-3.6019947],[104.5857644,-3.6017858],[104.5855801,-3.6014884],[104.5854593,-3.6012612],[104.5853397,-3.6010188],[104.5852591,-3.6008119],[104.5851788,-3.6005743],[104.5851048,-3.600257],[104.5850296,-3.5998402],[104.5849558,-3.5994044],[104.5849094,-3.5990482],[104.5848312,-3.5984965],[104.5847715,-3.5980686],[104.5847111,-3.5975904],[104.5846623,-3.5971113],[104.5846154,-3.596664],[104.5845978,-3.5963523],[104.5846126,-3.5960551],[104.5846565,-3.5958362],[104.5847057,-3.5956612],[104.584791,-3.5954648],[104.5849357,-3.5952311],[104.5850931,-3.594996],[104.5851999,-3.5947925],[104.5852737,-3.5945946],[104.5853714,-3.5943179],[104.5854686,-3.593978],[104.5855308,-3.5937378],[104.5855725,-3.5936308],[104.5856595,-3.5933309],[104.5856849,-3.5932741],[104.5857796,-3.592914],[104.5858258,-3.5926991],[104.585869,-3.592531],[104.5859177,-3.5923283],[104.5859934,-3.5921345],[104.586078,-3.5919751],[104.586169,-3.5918571],[104.5863195,-3.5917005],[104.586463,-3.591558],[104.5866365,-3.5914224],[104.5868046,-3.5912842],[104.5869781,-3.591161],[104.5871858,-3.591019],[104.5874116,-3.5908869],[104.5876228,-3.5907741],[104.5878432,-3.5906734],[104.5880229,-3.5906112],[104.5882846,-3.5905692],[104.5884158,-3.5905514],[104.5884558,-3.5905323],[104.588505,-3.5905087],[104.5885726,-3.5904458],[104.5886366,-3.590355],[104.5887288,-3.5901496],[104.5888885,-3.5897558],[104.588992,-3.5895045],[104.5891318,-3.5891774],[104.589207,-3.5890114],[104.5894584,-3.5884475],[104.5895955,-3.5881997],[104.5898079,-3.5878059],[104.5899336,-3.5875408],[104.590065,-3.5871727],[104.5901294,-3.5867846],[104.5901743,-3.5864966],[104.5901978,-3.5863456],[104.5903018,-3.5859075],[104.5903118,-3.5858784],[104.5904823,-3.5853299],[104.5904982,-3.5852788],[104.5906618,-3.5847581],[104.59066,-3.5847132],[104.5906457,-3.5843539],[104.5906338,-3.5842184],[104.590627,-3.583686],[104.5906561,-3.5832573],[104.5906672,-3.5832041],[104.5907423,-3.5829204],[104.5907699,-3.5828588],[104.5910051,-3.5823074],[104.5912251,-3.5817773],[104.5913243,-3.5813276],[104.5913914,-3.5807976],[104.5914799,-3.5800266],[104.5915088,-3.5797927],[104.591606,-3.5790977],[104.5916006,-3.5785783],[104.5915067,-3.5778502],[104.5914021,-3.577371],[104.5911527,-3.5768142],[104.5908791,-3.5761878],[104.590635,-3.5755212],[104.5904928,-3.5747181],[104.5904875,-3.5739793],[104.590584,-3.5733368],[104.5908147,-3.572448],[104.5911097,-3.5716316],[104.5912653,-3.5709436],[104.5913431,-3.5702663],[104.5915309,-3.56949],[104.5918313,-3.5687805],[104.5920834,-3.5681702],[104.5923865,-3.5675572],[104.5925608,-3.567086],[104.5926279,-3.5664944],[104.592585,-3.5661035],[104.5924294,-3.5656832],[104.5921478,-3.5650809],[104.5918688,-3.5644103],[104.5916075,-3.5639909],[104.5915462,-3.5638858],[104.5913941,-3.5636764],[104.5912346,-3.563457],[104.5911889,-3.5633823],[104.5910535,-3.5629996],[104.5909859,-3.5628084],[104.5909714,-3.5627524],[104.5908936,-3.5624271],[104.5908179,-3.5621103],[104.5907437,-3.5617997],[104.5907128,-3.5616704],[104.5904226,-3.5608374],[104.5903306,-3.5600387],[104.5903377,-3.55975],[104.5903467,-3.5593882],[104.5903244,-3.5589225],[104.5903212,-3.5588555],[104.59023,-3.5585061],[104.5902029,-3.5584019],[104.5901133,-3.5580575],[104.5900127,-3.5576709],[104.5899399,-3.5568977],[104.5898598,-3.5560459],[104.5897847,-3.5558719],[104.5892832,-3.5554704],[104.5886341,-3.5552749],[104.5880547,-3.5551625],[104.5872635,-3.5548814],[104.5865607,-3.5545548],[104.5859492,-3.554164],[104.5856434,-3.5539284],[104.5855013,-3.5536848],[104.5854557,-3.5533983],[104.5854235,-3.5530075],[104.5854261,-3.5524132],[104.5855039,-3.5521214],[104.5857078,-3.5516234],[104.5859706,-3.5510961],[104.5862174,-3.5505044],[104.5863971,-3.5502929],[104.5868102,-3.54987],[104.5875666,-3.549107],[104.5882639,-3.5482771],[104.5887279,-3.5477123],[104.5889184,-3.5473375],[104.5890176,-3.5469975],[104.5892027,-3.546355],[104.589428,-3.5457848],[104.5897794,-3.5452386],[104.5899859,-3.5449094],[104.5903829,-3.5445372],[104.5905843,-3.544307],[104.5906516,-3.5442352],[104.5907235,-3.5441678],[104.590973,-3.54371],[104.5911634,-3.5432255],[104.5914504,-3.542757],[104.5918179,-3.5422457],[104.5919681,-3.5417424],[104.5919788,-3.5411534],[104.5919815,-3.540527],[104.5919697,-3.5399568],[104.5919309,-3.5397698],[104.5918705,-3.5393893],[104.5918359,-3.5392128],[104.5917691,-3.5388722],[104.5917605,-3.5388084],[104.591613,-3.5382382],[104.591436,-3.5379303],[104.5914278,-3.5379201],[104.5910839,-3.5374923],[104.5910658,-3.5374698],[104.5907654,-3.5372235],[104.5902826,-3.5369906],[104.5890863,-3.5365328],[104.5884573,-3.5364348],[104.5872892,-3.5364318],[104.5862431,-3.5363194],[104.5857268,-3.5363545],[104.584843,-3.5365496],[104.5836736,-3.5367638],[104.5827402,-3.5371279],[104.5820589,-3.5373795],[104.5811952,-3.5371493],[104.5806266,-3.5366888],[104.5803476,-3.5357893],[104.5805622,-3.5341937],[104.5804013,-3.5336476],[104.579779,-3.5322984],[104.5794571,-3.5313025],[104.5794142,-3.5302316],[104.5808304,-3.5283576],[104.5831049,-3.5252307],[104.5843173,-3.5236673],[104.5860876,-3.5225429],[104.5864631,-3.5219753],[104.586903,-3.5203905],[104.5870639,-3.5193732],[104.5872785,-3.5187842],[104.5878471,-3.517467],[104.5882119,-3.5162462],[104.5883422,-3.5157517],[104.5884749,-3.5153775],[104.5886467,-3.515069],[104.5887911,-3.5148434],[104.5889304,-3.5146662],[104.5891213,-3.5144065],[104.5892306,-3.5141715],[104.5893455,-3.5139488],[104.5894698,-3.5137084],[104.5896189,-3.5134246],[104.5898465,-3.5130355],[104.5898763,-3.5129825],[104.5900047,-3.5127544],[104.59023,-3.512377],[104.5902863,-3.5121923],[104.5902822,-3.5120142],[104.5902703,-3.5119018],[104.5901683,-3.511207],[104.5901133,-3.5108791],[104.5901428,-3.5106984],[104.5902206,-3.5105297],[104.5903949,-3.5103945],[104.5905753,-3.5103203],[104.5908724,-3.5102125],[104.59106,-3.5101273],[104.5914906,-3.5099528],[104.5918232,-3.5097721],[104.5920069,-3.5096471],[104.5922135,-3.5095191],[104.5927311,-3.5091242],[104.5930879,-3.5088136],[104.5931154,-3.5087675],[104.5931272,-3.5087542],[104.5935157,-3.5083183],[104.593654,-3.5081886],[104.5937705,-3.5080908],[104.5940401,-3.507712],[104.5943177,-3.5074362],[104.5946798,-3.5071618],[104.5953369,-3.5067147],[104.5958479,-3.5063761],[104.5963092,-3.5059959],[104.5968255,-3.5055568],[104.5972574,-3.5051927],[104.5977844,-3.5047229],[104.5982377,-3.5043066],[104.5985636,-3.5040121],[104.5989378,-3.5037537],[104.5994756,-3.5033749],[104.5999114,-3.503067],[104.6004975,-3.502723],[104.6008395,-3.5025129],[104.6012136,-3.5023777],[104.601801,-3.502205],[104.6018443,-3.5021838],[104.6021488,-3.5020884],[104.6024957,-3.5019721],[104.6033674,-3.5016655],[104.6040045,-3.5014661],[104.6044296,-3.5013162],[104.6046509,-3.5012211],[104.604903,-3.5010685],[104.6050827,-3.5008316],[104.6052718,-3.5005612],[104.6053255,-3.5003617],[104.6053617,-3.5000391],[104.6053496,-3.4997875],[104.6053235,-3.4996759],[104.6052879,-3.4995238],[104.6051431,-3.499256],[104.6048065,-3.4988652],[104.6043491,-3.4982989],[104.6039012,-3.4977407],[104.6033876,-3.4970915],[104.6031502,-3.4967984],[104.6027116,-3.4962629],[104.6024421,-3.4958988],[104.6022946,-3.4955561],[104.6021873,-3.4949993],[104.6020451,-3.4942938],[104.6019539,-3.4938253],[104.6019499,-3.4934197],[104.6019794,-3.4932658],[104.6021001,-3.4927518],[104.6021725,-3.4920236],[104.6021658,-3.4913703],[104.6021282,-3.4903971],[104.6020907,-3.4897814],[104.6019847,-3.4889836],[104.6018922,-3.4883491],[104.6017661,-3.4876021],[104.6016052,-3.4869462],[104.6014644,-3.4865513],[104.6013102,-3.486234],[104.6009802,-3.4856906],[104.6006262,-3.4853131],[104.600558,-3.4852448],[104.6002104,-3.4848954],[104.5997786,-3.4845206],[104.5995788,-3.4843037],[104.5994554,-3.4839771],[104.5993374,-3.4835233],[104.5991483,-3.48268],[104.5989927,-3.4819772],[104.5988452,-3.4812825],[104.5987473,-3.4805047],[104.5986883,-3.4798809],[104.5986025,-3.4790898],[104.5985448,-3.4784681],[104.5984724,-3.4776869],[104.598463,-3.4770966],[104.5985032,-3.4764179],[104.5985448,-3.4753295],[104.5985609,-3.4744916],[104.5985126,-3.4739655],[104.59818,-3.4728156],[104.597952,-3.4719963],[104.5977589,-3.4713163],[104.5975926,-3.4705372],[104.5973968,-3.4696591],[104.597134,-3.4684235],[104.5968738,-3.4675119],[104.5965787,-3.4664061],[104.5961925,-3.4647275],[104.5960656,-3.4640575],[104.5960073,-3.4637523],[104.5958599,-3.4629658],[104.5956266,-3.4613514],[104.5954683,-3.460409],[104.5951652,-3.4587089],[104.5948997,-3.4574934],[104.5944991,-3.4559504],[104.5943096,-3.4552203],[104.5936659,-3.4530891],[104.5931509,-3.4510651],[104.5930049,-3.4503919],[104.5929363,-3.4500423],[104.5928893,-3.4497792],[104.5927861,-3.4492016],[104.592695,-3.448727],[104.5926907,-3.4487044],[104.5926064,-3.4482673],[104.5925018,-3.4476876],[104.5925809,-3.4472418],[104.5926386,-3.4468884],[104.5926458,-3.446833],[104.5926952,-3.4466625],[104.592762,-3.4464279],[104.5928568,-3.4460207],[104.5928987,-3.4458683],[104.5929484,-3.4454493],[104.5929725,-3.4452592],[104.5930409,-3.4447144],[104.5930318,-3.4446205],[104.5930252,-3.4445083],[104.593006,-3.4441789],[104.5929846,-3.4437345]]}},{"type":"Feature","properties":{"segmentId":"osm-gaul2-73814-5932649608-5932649602-0","regionId":"gaul2-73814","province":"Sumatera Selatan","region":"Ogan Ilir","roadName":"Unnamed OSM road","highway":"tertiary","lengthMeters":145.246,"osmWayIds":["628406326","628406328","804209733"],"u":"5932649608","v":"5932649602","key":0,"oneway":false,"source":"OpenStreetMap"},"geometry":{"type":"LineString","coordinates":[[104.5629966,-3.655794],[104.5628991,-3.6558267],[104.5628164,-3.6558906],[104.5627587,-3.6559468],[104.5627268,-3.6560382],[104.5627443,-3.6561426],[104.5629983,-3.6566168],[104.5631188,-3.6567072],[104.5632116,-3.6567955]]}},{"type":"Feature","properties":{"segmentId":"osm-gaul2-73814-5932649608-5932649602-1","regionId":"gaul2-73814","province":"Sumatera Selatan","region":"Ogan Ilir","roadName":"Unnamed OSM road","highway":"tertiary_link","lengthMeters":128.733,"osmWayIds":["628406330","628653488","804209732"],"u":"5932649608","v":"5932649602","key":1,"oneway":false,"source":"OpenStreetMap"},"geometry":{"type":"LineString","coordinates":[[104.5629966,-3.655794],[104.5628974,-3.6558582],[104.5628464,-3.6559278],[104.5628411,-3.6560403],[104.5628633,-3.6560861],[104.563107,-3.6565894],[104.5632116,-3.6567955]]}},{"type":"Feature","properties":{"segmentId":"osm-gaul2-73814-5946309189-5861481870-0","regionId":"gaul2-73814","province":"Sumatera Selatan","region":"Ogan Ilir","roadName":"Unnamed OSM road","highway":"tertiary","lengthMeters":15574.282,"osmWayIds":["1301538532","624991072","628629486","629671928","629683518","698605002","700996525"],"u":"5946309189","v":"5861481870","key":0,"oneway":false,"source":"OpenStreetMap"},"geometry":{"type":"LineString","coordinates":[[104.6809327,-3.4317983],[104.6806416,-3.4316618],[104.6794447,-3.4312321],[104.6781257,-3.430693],[104.6775466,-3.4304787],[104.6761411,-3.431373],[104.6744728,-3.4324439],[104.674162,-3.4326486],[104.6721446,-3.434037],[104.6709752,-3.4347679],[104.6708175,-3.4347979],[104.669559,-3.4347144],[104.6690254,-3.4347353],[104.6682016,-3.4347675],[104.6678206,-3.4347759],[104.6676439,-3.4347893],[104.6670753,-3.4345644],[104.6658039,-3.4336059],[104.6648407,-3.4327922],[104.663406,-3.4315765],[104.6627359,-3.431015],[104.6612369,-3.4297539],[104.660815,-3.4293971],[104.6604695,-3.4291166],[104.6581113,-3.4271909],[104.6570975,-3.4256005],[104.6568651,-3.4252666],[104.6562562,-3.4243128],[104.6558555,-3.4236876],[104.6552914,-3.4227943],[104.6548593,-3.4220995],[104.6542498,-3.4211231],[104.6536376,-3.4201685],[104.6531247,-3.4193676],[104.6521873,-3.4178632],[104.6517918,-3.4172258],[104.6516599,-3.4170132],[104.6513748,-3.4165908],[104.6510609,-3.4162412],[104.6508587,-3.416123],[104.6506807,-3.4160854],[104.6504515,-3.416108],[104.650131,-3.4162098],[104.6493989,-3.4165743],[104.6489753,-3.4167913],[104.6483074,-3.4171213],[104.6474051,-3.4175471],[104.6466298,-3.4179212],[104.6459824,-3.418255],[104.6449706,-3.418706],[104.6443023,-3.4190156],[104.6433388,-3.419505],[104.6425827,-3.4198497],[104.6419817,-3.4201742],[104.6407762,-3.4207711],[104.6400144,-3.4211828],[104.6396155,-3.4213436],[104.6392654,-3.4214196],[104.6385236,-3.4215287],[104.6375439,-3.4216394],[104.6368104,-3.4217656],[104.6362412,-3.4217615],[104.635701,-3.4216346],[104.6349638,-3.4214144],[104.6344006,-3.4212183],[104.6339531,-3.4209661],[104.6332637,-3.4204171],[104.6328915,-3.420114],[104.632436,-3.4197496],[104.6321779,-3.4195619],[104.6318777,-3.419347],[104.6315267,-3.4191179],[104.6311214,-3.4189458],[104.630661,-3.4188141],[104.6303424,-3.4187137],[104.630284,-3.4186958],[104.6298266,-3.4185543],[104.629476,-3.4184436],[104.6286339,-3.4182622],[104.6284664,-3.4182246],[104.6269984,-3.4179152],[104.6266354,-3.4178386],[104.6254972,-3.417614],[104.624755,-3.4174661],[104.6245122,-3.4174217],[104.6232305,-3.4171983],[104.6222498,-3.4169961],[104.6217741,-3.4169082],[104.6209189,-3.4167339],[104.6203471,-3.4166278],[104.6194181,-3.4164792],[104.6187698,-3.4164047],[104.618502,-3.4163014],[104.6182849,-3.416144],[104.6175724,-3.4155522],[104.6173185,-3.4153254],[104.6170344,-3.4150704],[104.6168563,-3.4149156],[104.6166358,-3.4147239],[104.61647,-3.4146033],[104.6160036,-3.4142642],[104.6155872,-3.4139445],[104.6154247,-3.4138489],[104.6153725,-3.4138242],[104.614909,-3.4137888],[104.6144748,-3.4137727],[104.6142495,-3.4138092],[104.6141294,-3.4139071],[104.6141004,-3.4139307],[104.6139835,-3.4141978],[104.6137798,-3.414899],[104.6135026,-3.4160749],[104.613441,-3.4162813],[104.6132618,-3.4169327],[104.6131309,-3.4172639],[104.6128518,-3.417735],[104.6124471,-3.4183914],[104.6121036,-3.4189112],[104.6119532,-3.4191471],[104.6117626,-3.4194453],[104.6113528,-3.4201427],[104.6108523,-3.4209445],[104.6106779,-3.4210629],[104.6104979,-3.4211062],[104.6103585,-3.4211105],[104.6102544,-3.4210697],[104.6099135,-3.4208904],[104.6098453,-3.4208565],[104.6092752,-3.4205176],[104.6083876,-3.4199886],[104.6080466,-3.4197953],[104.6067917,-3.4190823],[104.6062021,-3.4187227],[104.6056746,-3.4184085],[104.6046557,-3.4178095],[104.6044069,-3.4176546],[104.6034036,-3.4170416],[104.6025489,-3.4165326],[104.6025085,-3.4165057],[104.6024359,-3.4164693],[104.6018416,-3.4161563],[104.6014932,-3.4160224],[104.6010083,-3.4159574],[104.6006506,-3.4159672],[104.6005608,-3.4159726],[104.6001028,-3.4160232],[104.5987298,-3.4162185],[104.5985984,-3.4162442],[104.5972609,-3.416422],[104.5968987,-3.4164518],[104.5965845,-3.4164877],[104.596012,-3.4165511],[104.5956062,-3.416573],[104.5953956,-3.4165893],[104.5943442,-3.4166758],[104.5937277,-3.4167603],[104.5932895,-3.4167851],[104.5931199,-3.4167839],[104.5928585,-3.4167942],[104.5925538,-3.4167321],[104.5924933,-3.4167198],[104.5921436,-3.4165698],[104.5919337,-3.4163816],[104.5916143,-3.4160039],[104.5911992,-3.4153831],[104.5908909,-3.4148778],[104.5903957,-3.4141666],[104.589922,-3.4134673],[104.5894245,-3.4127767],[104.5891398,-3.4123996],[104.5886657,-3.4120134],[104.588135,-3.4116471],[104.5874199,-3.4112272],[104.5867487,-3.4108289],[104.5859191,-3.410333],[104.5853224,-3.4099773],[104.5850125,-3.4098001],[104.5846769,-3.4097272],[104.5839157,-3.4097963],[104.5834105,-3.4099105],[104.5827698,-3.4100012],[104.5825432,-3.4100076],[104.5818819,-3.409938],[104.5815927,-3.4098772],[104.5811294,-3.4097251],[104.581014,-3.4096922],[104.5808363,-3.4096367],[104.5804985,-3.4095699],[104.5789404,-3.4091423],[104.5778633,-3.4088621],[104.5769776,-3.4084585],[104.5760549,-3.4079053],[104.5753271,-3.407485],[104.5743398,-3.4069239],[104.5737035,-3.4066371],[104.5735087,-3.4065672],[104.5732226,-3.4064283],[104.5727246,-3.4061984],[104.5719568,-3.4057111],[104.5715741,-3.4053738],[104.5708957,-3.4047326],[104.5706704,-3.4044774],[104.5703691,-3.4040307],[104.5697159,-3.4031069],[104.5691823,-3.4021365],[104.5690666,-3.401934],[104.5688942,-3.4016322],[104.5687762,-3.4014256],[104.5684596,-3.4008734],[104.5682401,-3.4003324],[104.5678661,-3.3991613]]}},{"type":"Feature","properties":{"segmentId":"osm-gaul2-73814-5946309189-6583215007-0","regionId":"gaul2-73814","province":"Sumatera Selatan","region":"Ogan Ilir","roadName":"Unnamed OSM road","highway":"tertiary","lengthMeters":202.04,"osmWayIds":["700996521"],"u":"5946309189","v":"6583215007","key":0,"oneway":true,"source":"OpenStreetMap"},"geometry":{"type":"LineString","coordinates":[[104.6809327,-3.4317983],[104.6810938,-3.4318241],[104.6813124,-3.4319794],[104.6815337,-3.432211],[104.6819508,-3.432701],[104.6822077,-3.4330377]]}},{"type":"Feature","properties":{"segmentId":"osm-gaul2-73814-5946333207-5800566551-0","regionId":"gaul2-73814","province":"Sumatera Selatan","region":"Ogan Ilir","roadName":"Unnamed OSM road","highway":"tertiary","lengthMeters":10446.902,"osmWayIds":["612626482","612880029","628646826"],"u":"5946333207","v":"5800566551","key":0,"oneway":false,"source":"OpenStreetMap"},"geometry":{"type":"LineString","coordinates":[[104.6823595,-3.4335069],[104.6821315,-3.4336672],[104.6819648,-3.4338083],[104.6814013,-3.4342714],[104.6809526,-3.4345958],[104.6809035,-3.4346316],[104.6805118,-3.4349168],[104.6801502,-3.4351803],[104.6800429,-3.4352585],[104.6796145,-3.435547],[104.6793749,-3.4357236],[104.6790638,-3.4359383],[104.6789085,-3.4360572],[104.6784831,-3.4363456],[104.6781406,-3.4365824],[104.6779229,-3.4367266],[104.6779111,-3.4367344],[104.6777455,-3.4368664],[104.6772562,-3.4372338],[104.6765646,-3.4377262],[104.6765145,-3.4377619],[104.6751377,-3.4386326],[104.6748606,-3.4388198],[104.6738336,-3.4394754],[104.672338,-3.440396],[104.6721827,-3.4404916],[104.6720931,-3.4405542],[104.6703874,-3.4416359],[104.6698092,-3.4420025],[104.6695592,-3.4421556],[104.6683792,-3.4429114],[104.6682456,-3.4429836],[104.6679486,-3.4431442],[104.6677003,-3.4432783],[104.6669877,-3.4436635],[104.6665163,-3.4439306],[104.6659824,-3.4441931],[104.6658253,-3.4442694],[104.665592,-3.4443906],[104.6655102,-3.4444402],[104.6649878,-3.4446905],[104.664528,-3.4448157],[104.6639847,-3.4448514],[104.6632055,-3.4447143],[104.6615618,-3.4443412],[104.6613575,-3.4443001],[104.6598319,-3.4439961],[104.6588879,-3.443797],[104.6579481,-3.4435894],[104.6579272,-3.4435849],[104.6572041,-3.4434301],[104.6564984,-3.4432919],[104.6556693,-3.443107],[104.6545507,-3.4428727],[104.6534506,-3.4426494],[104.6523687,-3.4424012],[104.6509564,-3.4420957],[104.6504,-3.4419406],[104.6502289,-3.4418982],[104.6492645,-3.441709],[104.6490213,-3.4416649],[104.6482471,-3.4415153],[104.6481067,-3.4414882],[104.6470204,-3.4412592],[104.6466455,-3.4411827],[104.6464826,-3.4411495],[104.646264,-3.4410263],[104.6460668,-3.4407693],[104.6457544,-3.4404373],[104.645454,-3.4401722],[104.6451388,-3.4399701],[104.6447513,-3.4398429],[104.6444777,-3.4398871],[104.6441799,-3.4400022],[104.6441116,-3.4400189],[104.6438514,-3.4400825],[104.6436811,-3.4400999],[104.643401,-3.4400688],[104.6431634,-3.4400424],[104.6419647,-3.4399259],[104.6418411,-3.4399139],[104.6400279,-3.4397291],[104.6386063,-3.4395738],[104.6371955,-3.4394614],[104.6360394,-3.4393355],[104.6347359,-3.4392043],[104.6336845,-3.439108],[104.632566,-3.4389848],[104.6317425,-3.4389661],[104.6302888,-3.4390732],[104.6290147,-3.4391615],[104.6280536,-3.4392115],[104.6278614,-3.4392258],[104.6266008,-3.4393489],[104.6250317,-3.439523],[104.6245261,-3.4395751],[104.6234492,-3.4396997],[104.621864,-3.4398737],[104.6205309,-3.4400236],[104.6191901,-3.440163],[104.6188599,-3.4402057],[104.6175671,-3.4403503],[104.6161267,-3.4405377],[104.6150612,-3.4406836],[104.6148071,-3.4407251],[104.6134142,-3.4409349],[104.6133345,-3.44095],[104.6118137,-3.4411481],[104.6100354,-3.4413462],[104.6074122,-3.4416086],[104.6067578,-3.4416702],[104.6062616,-3.4416756],[104.6055079,-3.4416568],[104.6039602,-3.4415658],[104.6028632,-3.4414828],[104.6027285,-3.4414869],[104.6021015,-3.4415256],[104.6013129,-3.4417157],[104.6000764,-3.4420022],[104.5984644,-3.4424011],[104.5981512,-3.4424762],[104.5972662,-3.4426883],[104.5968336,-3.442792],[104.5959764,-3.4429967],[104.5959653,-3.4429993],[104.5950995,-3.4432151],[104.5949022,-3.4432605],[104.5945875,-3.4433269],[104.5945678,-3.4433318],[104.5942734,-3.4434051],[104.5939514,-3.4434774],[104.5936316,-3.4435423],[104.5932287,-3.4436394],[104.5929846,-3.4437345]]}},{"type":"Feature","properties":{"segmentId":"osm-gaul2-73814-5946333207-6583215008-0","regionId":"gaul2-73814","province":"Sumatera Selatan","region":"Ogan Ilir","roadName":"Unnamed OSM road","highway":"tertiary","lengthMeters":52.71,"osmWayIds":["700996522"],"u":"5946333207","v":"6583215008","key":0,"oneway":true,"source":"OpenStreetMap"},"geometry":{"type":"LineString","coordinates":[[104.6823595,-3.4335069],[104.6822151,-3.4332594],[104.6821014,-3.43311]]}},{"type":"Feature","properties":{"segmentId":"osm-gaul2-73814-5946333207-6583215009-0","regionId":"gaul2-73814","province":"Sumatera Selatan","region":"Ogan Ilir","roadName":"Unnamed OSM road","highway":"tertiary","lengthMeters":18.411,"osmWayIds":["628646826"],"u":"5946333207","v":"6583215009","key":0,"oneway":false,"source":"OpenStreetMap"},"geometry":{"type":"LineString","coordinates":[[104.6823595,-3.4335069],[104.6824945,-3.4334107]]}},{"type":"Feature","properties":{"segmentId":"osm-gaul2-73814-6504662509-6504662565-0","regionId":"gaul2-73814","province":"Sumatera Selatan","region":"Ogan Ilir","roadName":"Unnamed OSM road","highway":"trunk","lengthMeters":566.545,"osmWayIds":["692843297","692843306"],"u":"6504662509","v":"6504662565","key":0,"oneway":true,"source":"OpenStreetMap"},"geometry":{"type":"LineString","coordinates":[[104.7429624,-3.0461207],[104.7438695,-3.0468594],[104.7444907,-3.0473652],[104.7453793,-3.0481213],[104.746375,-3.0490113],[104.7466174,-3.0492056],[104.7468739,-3.0493893]]}},{"type":"Feature","properties":{"segmentId":"osm-gaul2-73814-6504662565-6504662575-0","regionId":"gaul2-73814","province":"Sumatera Selatan","region":"Ogan Ilir","roadName":"Unnamed OSM road","highway":"trunk","lengthMeters":819.089,"osmWayIds":["692843306"],"u":"6504662565","v":"6504662575","key":0,"oneway":true,"source":"OpenStreetMap"},"geometry":{"type":"LineString","coordinates":[[104.7468739,-3.0493893],[104.7469502,-3.0494515],[104.7478177,-3.050159],[104.7483238,-3.0505333],[104.7487063,-3.0507991],[104.7494864,-3.0512928],[104.7497311,-3.0514033],[104.7499496,-3.0514703],[104.7502468,-3.0515052],[104.7505033,-3.0515197],[104.753588,-3.0515893]]}},{"type":"Feature","properties":{"segmentId":"osm-gaul2-73814-6504662575-6504662577-0","regionId":"gaul2-73814","province":"Sumatera Selatan","region":"Ogan Ilir","roadName":"Unnamed OSM road","highway":"trunk_link","lengthMeters":11.298,"osmWayIds":["692843308"],"u":"6504662575","v":"6504662577","key":0,"oneway":false,"source":"OpenStreetMap"},"geometry":{"type":"LineString","coordinates":[[104.753588,-3.0515893],[104.7535869,-3.0516909]]}},{"type":"Feature","properties":{"segmentId":"osm-gaul2-73814-6504662575-6504662591-0","regionId":"gaul2-73814","province":"Sumatera Selatan","region":"Ogan Ilir","roadName":"Unnamed OSM road","highway":"trunk","lengthMeters":217.862,"osmWayIds":["692843306"],"u":"6504662575","v":"6504662591","key":0,"oneway":true,"source":"OpenStreetMap"},"geometry":{"type":"LineString","coordinates":[[104.753588,-3.0515893],[104.7553495,-3.0516292],[104.7555495,-3.0516356]]}},{"type":"Feature","properties":{"segmentId":"osm-gaul2-73814-6504662577-6504662575-0","regionId":"gaul2-73814","province":"Sumatera Selatan","region":"Ogan Ilir","roadName":"Unnamed OSM road","highway":"trunk_link","lengthMeters":11.298,"osmWayIds":["692843308"],"u":"6504662577","v":"6504662575","key":0,"oneway":false,"source":"OpenStreetMap"},"geometry":{"type":"LineString","coordinates":[[104.7535869,-3.0516909],[104.753588,-3.0515893]]}},{"type":"Feature","properties":{"segmentId":"osm-gaul2-73814-6504662577-6504662586-0","regionId":"gaul2-73814","province":"Sumatera Selatan","region":"Ogan Ilir","roadName":"Unnamed OSM road","highway":"trunk","lengthMeters":825.96,"osmWayIds":["849419499"],"u":"6504662577","v":"6504662586","key":0,"oneway":true,"source":"OpenStreetMap"},"geometry":{"type":"LineString","coordinates":[[104.7535869,-3.0516909],[104.7526578,-3.0516647],[104.7523478,-3.0516581],[104.7505149,-3.0516216],[104.7501711,-3.0516099],[104.7499526,-3.051575],[104.7497573,-3.0515197],[104.7495272,-3.0514237],[104.7488008,-3.0509834],[104.7482403,-3.0506124],[104.747738,-3.0502259],[104.7473712,-3.0499201],[104.7469461,-3.0495504],[104.746829,-3.0494564]]}},{"type":"Feature","properties":{"segmentId":"osm-gaul2-73814-6504662586-7690500475-0","regionId":"gaul2-73814","province":"Sumatera Selatan","region":"Ogan Ilir","roadName":"Unnamed OSM road","highway":"trunk","lengthMeters":554.919,"osmWayIds":["692843296","849419499"],"u":"6504662586","v":"7690500475","key":0,"oneway":true,"source":"OpenStreetMap"},"geometry":{"type":"LineString","coordinates":[[104.746829,-3.0494564],[104.7463356,-3.0490614],[104.7453251,-3.0481734],[104.7444551,-3.0474338],[104.7430032,-3.0462466]]}},{"type":"Feature","properties":{"segmentId":"osm-gaul2-73814-6504662586-7691001110-0","regionId":"gaul2-73814","province":"Sumatera Selatan","region":"Ogan Ilir","roadName":"Unnamed OSM road","highway":"trunk","lengthMeters":357.66,"osmWayIds":["1079955707","692843314","692843316"],"u":"6504662586","v":"7691001110","key":0,"oneway":true,"source":"OpenStreetMap"},"geometry":{"type":"LineString","coordinates":[[104.746829,-3.0494564],[104.7465976,-3.0493395],[104.7463563,-3.0491867],[104.746187,-3.0490603],[104.7460175,-3.0489165],[104.7452583,-3.048265],[104.7449712,-3.0480187],[104.7444093,-3.0475357],[104.7443147,-3.0474599]]}},{"type":"Feature","properties":{"segmentId":"osm-gaul2-73814-6504662587-6504662602-0","regionId":"gaul2-73814","province":"Sumatera Selatan","region":"Ogan Ilir","roadName":"Unnamed OSM road","highway":"trunk","lengthMeters":132.487,"osmWayIds":["849419499"],"u":"6504662587","v":"6504662602","key":0,"oneway":true,"source":"OpenStreetMap"},"geometry":{"type":"LineString","coordinates":[[104.7575901,-3.0517906],[104.7563972,-3.0517651]]}},{"type":"Feature","properties":{"segmentId":"osm-gaul2-73814-6504662587-6504662611-0","regionId":"gaul2-73814","province":"Sumatera Selatan","region":"Ogan Ilir","roadName":"Unnamed OSM road","highway":"trunk_link","lengthMeters":10.354,"osmWayIds":["692843313"],"u":"6504662587","v":"6504662611","key":0,"oneway":false,"source":"OpenStreetMap"},"geometry":{"type":"LineString","coordinates":[[104.7575901,-3.0517906],[104.7575916,-3.0516975]]}},{"type":"Feature","properties":{"segmentId":"osm-gaul2-73814-6504662590-5701724890-0","regionId":"gaul2-73814","province":"Sumatera Selatan","region":"Ogan Ilir","roadName":"Unnamed OSM road","highway":"trunk","lengthMeters":892.398,"osmWayIds":["692839961"],"u":"6504662590","v":"5701724890","key":0,"oneway":false,"source":"OpenStreetMap"},"geometry":{"type":"LineString","coordinates":[[104.7656364,-3.0519251],[104.7661216,-3.0519473],[104.7661691,-3.0519487],[104.7662654,-3.0519514],[104.7663952,-3.0519559],[104.7673429,-3.0519887],[104.7674124,-3.0519911],[104.7674774,-3.0520065],[104.7677385,-3.0520682],[104.7682363,-3.0522825],[104.769431,-3.0528133],[104.7695095,-3.0528482],[104.7710677,-3.0535434],[104.7731486,-3.0544794]]}},{"type":"Feature","properties":{"segmentId":"osm-gaul2-73814-6504662590-6504662587-0","regionId":"gaul2-73814","province":"Sumatera Selatan","region":"Ogan Ilir","roadName":"Unnamed OSM road","highway":"trunk","lengthMeters":894.311,"osmWayIds":["849419499"],"u":"6504662590","v":"6504662587","key":0,"oneway":true,"source":"OpenStreetMap"},"geometry":{"type":"LineString","coordinates":[[104.7656364,-3.0519251],[104.7652104,-3.0519825],[104.7650452,-3.0519998],[104.7649145,-3.052002],[104.759258,-3.051836],[104.7575901,-3.0517906]]}},{"type":"Feature","properties":{"segmentId":"osm-gaul2-73814-6504662591-6504662592-0","regionId":"gaul2-73814","province":"Sumatera Selatan","region":"Ogan Ilir","roadName":"Unnamed OSM road","highway":"trunk","lengthMeters":11.458,"osmWayIds":["692843306"],"u":"6504662591","v":"6504662592","key":0,"oneway":true,"source":"OpenStreetMap"},"geometry":{"type":"LineString","coordinates":[[104.7555495,-3.0516356],[104.7556526,-3.0516399]]}},{"type":"Feature","properties":{"segmentId":"osm-gaul2-73814-6504662592-5197261259-0","regionId":"gaul2-73814","province":"Sumatera Selatan","region":"Ogan Ilir","roadName":"Jalan Tol Palembang–Indralaya","highway":"motorway","lengthMeters":11.459,"osmWayIds":["692843310"],"u":"6504662592","v":"5197261259","key":0,"oneway":true,"source":"OpenStreetMap"},"geometry":{"type":"LineString","coordinates":[[104.7556526,-3.0516399],[104.7556316,-3.0517408]]}},{"type":"Feature","properties":{"segmentId":"osm-gaul2-73814-6504662592-6504662611-0","regionId":"gaul2-73814","province":"Sumatera Selatan","region":"Ogan Ilir","roadName":"Unnamed OSM road","highway":"trunk","lengthMeters":215.397,"osmWayIds":["692843306"],"u":"6504662592","v":"6504662611","key":0,"oneway":true,"source":"OpenStreetMap"},"geometry":{"type":"LineString","coordinates":[[104.7556526,-3.0516399],[104.7575916,-3.0516975]]}},{"type":"Feature","properties":{"segmentId":"osm-gaul2-73814-6504662593-5197261280-0","regionId":"gaul2-73814","province":"Sumatera Selatan","region":"Ogan Ilir","roadName":"Jalan Tol Palembang–Indralaya","highway":"motorway","lengthMeters":134.389,"osmWayIds":["536528251"],"u":"6504662593","v":"5197261280","key":0,"oneway":true,"source":"OpenStreetMap"},"geometry":{"type":"LineString","coordinates":[[104.7552179,-3.0529056],[104.7555166,-3.0517784],[104.7555266,-3.051737]]}},{"type":"Feature","properties":{"segmentId":"osm-gaul2-73814-6504662593-6504662601-0","regionId":"gaul2-73814","province":"Sumatera Selatan","region":"Ogan Ilir","roadName":"Unnamed OSM road","highway":"motorway_link","lengthMeters":194.785,"osmWayIds":["692843311"],"u":"6504662593","v":"6504662601","key":0,"oneway":true,"source":"OpenStreetMap"},"geometry":{"type":"LineString","coordinates":[[104.7552179,-3.0529056],[104.7553918,-3.0520338],[104.7553905,-3.051963],[104.7553671,-3.0518956],[104.7553137,-3.0518309],[104.7552439,-3.0517936],[104.7551583,-3.0517657],[104.7546926,-3.0517145]]}},{"type":"Feature","properties":{"segmentId":"osm-gaul2-73814-6504662601-6504662577-0","regionId":"gaul2-73814","province":"Sumatera Selatan","region":"Ogan Ilir","roadName":"Unnamed OSM road","highway":"trunk","lengthMeters":122.802,"osmWayIds":["849419499"],"u":"6504662601","v":"6504662577","key":0,"oneway":true,"source":"OpenStreetMap"},"geometry":{"type":"LineString","coordinates":[[104.7546926,-3.0517145],[104.7535869,-3.0516909]]}},{"type":"Feature","properties":{"segmentId":"osm-gaul2-73814-6504662602-5197261259-0","regionId":"gaul2-73814","province":"Sumatera Selatan","region":"Ogan Ilir","roadName":"Unnamed OSM road","highway":"trunk","lengthMeters":85.053,"osmWayIds":["849419499"],"u":"6504662602","v":"5197261259","key":0,"oneway":true,"source":"OpenStreetMap"},"geometry":{"type":"LineString","coordinates":[[104.7563972,-3.0517651],[104.7557449,-3.0517449],[104.7556316,-3.0517408]]}},{"type":"Feature","properties":{"segmentId":"osm-gaul2-73814-6504662602-6504662608-0","regionId":"gaul2-73814","province":"Sumatera Selatan","region":"Ogan Ilir","roadName":"Unnamed OSM road","highway":"motorway_link","lengthMeters":207.351,"osmWayIds":["692843312"],"u":"6504662602","v":"6504662608","key":0,"oneway":true,"source":"OpenStreetMap"},"geometry":{"type":"LineString","coordinates":[[104.7563972,-3.0517651],[104.7558362,-3.051792],[104.7557727,-3.0518074],[104.7557124,-3.0518436],[104.7556534,-3.0519101],[104.7556326,-3.0519543],[104.7553306,-3.0529399]]}},{"type":"Feature","properties":{"segmentId":"osm-gaul2-73814-6504662608-12269529582-0","regionId":"gaul2-73814","province":"Sumatera Selatan","region":"Ogan Ilir","roadName":"Jalan Tol Palembang–Indralaya","highway":"motorway","lengthMeters":1155.052,"osmWayIds":["536527392","536528252","837272457","837272458"],"u":"6504662608","v":"12269529582","key":0,"oneway":true,"source":"OpenStreetMap"},"geometry":{"type":"LineString","coordinates":[[104.7553306,-3.0529399],[104.7537834,-3.0589151],[104.7534443,-3.0602822],[104.7531351,-3.0614604],[104.7528424,-3.0625223],[104.7527257,-3.0629963]]}},{"type":"Feature","properties":{"segmentId":"osm-gaul2-73814-6504662611-6504662587-0","regionId":"gaul2-73814","province":"Sumatera Selatan","region":"Ogan Ilir","roadName":"Unnamed OSM road","highway":"trunk_link","lengthMeters":10.354,"osmWayIds":["692843313"],"u":"6504662611","v":"6504662587","key":0,"oneway":false,"source":"OpenStreetMap"},"geometry":{"type":"LineString","coordinates":[[104.7575916,-3.0516975],[104.7575901,-3.0517906]]}},{"type":"Feature","properties":{"segmentId":"osm-gaul2-73814-6504662611-6504662590-0","regionId":"gaul2-73814","province":"Sumatera Selatan","region":"Ogan Ilir","roadName":"Unnamed OSM road","highway":"trunk","lengthMeters":893.634,"osmWayIds":["692843306"],"u":"6504662611","v":"6504662590","key":0,"oneway":true,"source":"OpenStreetMap"},"geometry":{"type":"LineString","coordinates":[[104.7575916,-3.0516975],[104.7579787,-3.0517046],[104.7656364,-3.0519251]]}},{"type":"Feature","properties":{"segmentId":"osm-gaul2-73814-6504662627-6504662565-0","regionId":"gaul2-73814","province":"Sumatera Selatan","region":"Ogan Ilir","roadName":"Unnamed OSM road","highway":"trunk","lengthMeters":353.803,"osmWayIds":["1079955706","692843304","692843305"],"u":"6504662627","v":"6504662565","key":0,"oneway":true,"source":"OpenStreetMap"},"geometry":{"type":"LineString","coordinates":[[104.7444912,-3.04728],[104.7445561,-3.0473325],[104.7446177,-3.0473812],[104.7448694,-3.04758],[104.7454151,-3.0480608],[104.7462174,-3.0487658],[104.7464851,-3.0490009],[104.7466191,-3.049125],[104.7467207,-3.0492212],[104.7468739,-3.0493893]]}},{"type":"Feature","properties":{"segmentId":"osm-gaul2-73814-6543875424-3665931776-0","regionId":"gaul2-73814","province":"Sumatera Selatan","region":"Ogan Ilir","roadName":"Jalan Lintas Timur","highway":"trunk","lengthMeters":32.734,"osmWayIds":["439440551"],"u":"6543875424","v":"3665931776","key":0,"oneway":false,"source":"OpenStreetMap"},"geometry":{"type":"LineString","coordinates":[[104.6791411,-3.2572115],[104.679038,-3.2569357]]}},{"type":"Feature","properties":{"segmentId":"osm-gaul2-73814-6543875424-5788714607-0","regionId":"gaul2-73814","province":"Sumatera Selatan","region":"Ogan Ilir","roadName":"Jalan Lintas Timur","highway":"trunk","lengthMeters":1151.24,"osmWayIds":["439440551"],"u":"6543875424","v":"5788714607","key":0,"oneway":false,"source":"OpenStreetMap"},"geometry":{"type":"LineString","coordinates":[[104.6791411,-3.2572115],[104.6793262,-3.2576531],[104.67972,-3.2584703],[104.6799334,-3.2588959],[104.6800498,-3.2590925],[104.6801862,-3.2593229],[104.6803728,-3.259636],[104.6804965,-3.2598449],[104.6808484,-3.2604394],[104.6810134,-3.2607246],[104.6811497,-3.2609791],[104.6813017,-3.2612829],[104.6814539,-3.2616598],[104.6815579,-3.2619886],[104.6816719,-3.2624224],[104.6818902,-3.2631594],[104.6819065,-3.2632067],[104.682573,-3.2648189],[104.6825919,-3.2648646],[104.6828312,-3.2654197],[104.6829486,-3.265692],[104.6829852,-3.2657713],[104.6830218,-3.2658441],[104.6832988,-3.2663942],[104.683385,-3.266567],[104.6834091,-3.2666115]]}},{"type":"Feature","properties":{"segmentId":"osm-gaul2-73814-6543875424-6543875426-0","regionId":"gaul2-73814","province":"Sumatera Selatan","region":"Ogan Ilir","roadName":"Unnamed OSM road","highway":"trunk_link","lengthMeters":75.438,"osmWayIds":["696801074"],"u":"6543875424","v":"6543875426","key":0,"oneway":true,"source":"OpenStreetMap"},"geometry":{"type":"LineString","coordinates":[[104.6791411,-3.2572115],[104.6789297,-3.2571002],[104.6788628,-3.2570717],[104.6787797,-3.2570499],[104.6785034,-3.2569942]]}},{"type":"Feature","properties":{"segmentId":"osm-gaul2-73814-6543875425-3665931776-0","regionId":"gaul2-73814","province":"Sumatera Selatan","region":"Ogan Ilir","roadName":"Jalan Lintas Timur","highway":"trunk","lengthMeters":23.469,"osmWayIds":["439440551"],"u":"6543875425","v":"3665931776","key":0,"oneway":false,"source":"OpenStreetMap"},"geometry":{"type":"LineString","coordinates":[[104.6789687,-3.2567363],[104.679038,-3.2569357]]}},{"type":"Feature","properties":{"segmentId":"osm-gaul2-73814-6543875425-5795434172-0","regionId":"gaul2-73814","province":"Sumatera Selatan","region":"Ogan Ilir","roadName":"Jalan Lintas Timur","highway":"trunk","lengthMeters":902.082,"osmWayIds":["1184770829","439440551","439440637"],"u":"6543875425","v":"5795434172","key":0,"oneway":false,"source":"OpenStreetMap"},"geometry":{"type":"LineString","coordinates":[[104.6789687,-3.2567363],[104.6787321,-3.2560664],[104.6786544,-3.2559044],[104.6785745,-3.2557452],[104.6784411,-3.2555309],[104.6783513,-3.255413],[104.678252,-3.2552912],[104.6780136,-3.2550122],[104.6777719,-3.2547262],[104.6775033,-3.2544257],[104.6768404,-3.2536836],[104.6767089,-3.2535523],[104.676636,-3.2534728],[104.6764152,-3.2532321],[104.6763262,-3.2531545],[104.6761658,-3.2530477],[104.6760458,-3.2529733],[104.6757997,-3.2528323],[104.6755967,-3.2527378],[104.6754788,-3.2526888],[104.6753972,-3.2526661],[104.675193,-3.252628],[104.6750258,-3.2526103],[104.6748818,-3.2525986],[104.6746157,-3.2525875],[104.6743734,-3.2525592],[104.6739441,-3.2524764],[104.6737942,-3.2524272],[104.6736715,-3.2523799],[104.6735917,-3.2523254],[104.67353,-3.2522812],[104.6734305,-3.2521681],[104.6733392,-3.2520434],[104.6732736,-3.2519332],[104.6731838,-3.2517557]]}},{"type":"Feature","properties":{"segmentId":"osm-gaul2-73814-6543875426-3665931776-0","regionId":"gaul2-73814","province":"Sumatera Selatan","region":"Ogan Ilir","roadName":"Unnamed OSM road","highway":"tertiary","lengthMeters":59.706,"osmWayIds":["814097701"],"u":"6543875426","v":"3665931776","key":0,"oneway":false,"source":"OpenStreetMap"},"geometry":{"type":"LineString","coordinates":[[104.6785034,-3.2569942],[104.6786993,-3.2569706],[104.679038,-3.2569357]]}},{"type":"Feature","properties":{"segmentId":"osm-gaul2-73814-6543875426-5791846489-0","regionId":"gaul2-73814","province":"Sumatera Selatan","region":"Ogan Ilir","roadName":"Unnamed OSM road","highway":"tertiary","lengthMeters":13202.151,"osmWayIds":["611220886","611220887","611220896","611220897","611220898","611220914","611366734","612588092","814097700","814097701","815153647","815153648"],"u":"6543875426","v":"5791846489","key":0,"oneway":false,"source":"OpenStreetMap"},"geometry":{"type":"LineString","coordinates":[[104.6785034,-3.2569942],[104.6781895,-3.2570321],[104.6776805,-3.2570799],[104.6770906,-3.2571416],[104.6769767,-3.2571409],[104.6768732,-3.2571428],[104.6766642,-3.2571322],[104.6761264,-3.2570947],[104.6759413,-3.2570947],[104.675779,-3.2571041],[104.674733,-3.2571711],[104.6744098,-3.2571831],[104.6741228,-3.2571831],[104.6735032,-3.2571523],[104.6731351,-3.2571214],[104.6729976,-3.2571121],[104.6728528,-3.2571068],[104.6727232,-3.2571205],[104.6716873,-3.2572634],[104.67145,-3.2572996],[104.6712193,-3.2573157],[104.6706212,-3.2573531],[104.6695536,-3.2574388],[104.6683185,-3.2575138],[104.6647592,-3.2576986],[104.6625148,-3.2577883],[104.6622439,-3.257797],[104.6614665,-3.2578351],[104.6590821,-3.2579637],[104.6565848,-3.2580891],[104.654621,-3.2581997],[104.6541704,-3.2579182],[104.6538397,-3.2576824],[104.6535502,-3.2574728],[104.6527403,-3.2568992],[104.6516962,-3.2561636],[104.6509311,-3.2556391],[104.6506398,-3.2554785],[104.6503128,-3.2553724],[104.6500792,-3.2553133],[104.6496032,-3.2552005],[104.6482795,-3.2550383],[104.6480173,-3.2549923],[104.6474387,-3.2549792],[104.6470068,-3.255],[104.6465345,-3.2550675],[104.646153,-3.255152],[104.6458247,-3.2552476],[104.645454,-3.2553917],[104.6452805,-3.255522],[104.6451592,-3.2556573],[104.6450515,-3.2558535],[104.6448779,-3.2562719],[104.6447624,-3.2564454],[104.6444347,-3.2568055],[104.6441665,-3.2570358],[104.6440136,-3.2571296],[104.6437038,-3.257238],[104.6434531,-3.2573237],[104.6423963,-3.2576209],[104.6410793,-3.2578861],[104.6406582,-3.2579851],[104.640272,-3.2581405],[104.6400359,-3.258269],[104.639706,-3.2584886],[104.6393788,-3.2587135],[104.6392152,-3.2587858],[104.6390381,-3.2588394],[104.6387699,-3.2588849],[104.6385232,-3.2589277],[104.6382737,-3.2589867],[104.6367663,-3.2594379],[104.6365933,-3.2594647],[104.6364297,-3.259462],[104.6362621,-3.2594084],[104.6354641,-3.2589585],[104.6353917,-3.258917],[104.6347935,-3.2585743],[104.6342397,-3.2582824],[104.6341015,-3.2582221],[104.6339406,-3.2581833],[104.6337676,-3.2581753],[104.6323487,-3.2581565],[104.6320215,-3.2581016],[104.631772,-3.2580253],[104.63154,-3.2579128],[104.6313563,-3.2577937],[104.6311659,-3.257637],[104.6308145,-3.2573103],[104.6301332,-3.2565498],[104.6294345,-3.2556942],[104.6292977,-3.2555817],[104.6291783,-3.2555295],[104.629004,-3.255476],[104.6288404,-3.2554599],[104.6287063,-3.2554679],[104.6285212,-3.2554947],[104.6270889,-3.2560102],[104.6269239,-3.256049],[104.6267523,-3.2560611],[104.62659,-3.2560464],[104.625778,-3.2559138],[104.6256737,-3.2559161],[104.6256224,-3.2559269],[104.6255761,-3.2559583],[104.6255319,-3.2560196],[104.6253897,-3.2563115],[104.6250719,-3.2569475],[104.6249029,-3.257151],[104.6247205,-3.2572889],[104.624463,-3.2574388],[104.6242337,-3.2575178],[104.6240111,-3.257554],[104.6238488,-3.2575393],[104.6237308,-3.257479],[104.6236128,-3.2573625],[104.6233365,-3.2570211],[104.6228617,-3.2564427],[104.6223575,-3.255808],[104.621864,-3.2550421],[104.621695,-3.2548226],[104.6215662,-3.2546592],[104.6209037,-3.2539174],[104.620775,-3.2537487],[104.6206999,-3.2536363],[104.6206355,-3.2534943],[104.6200213,-3.2517858],[104.6195519,-3.2503692],[104.619281,-3.2494962],[104.619218,-3.2493864],[104.6191616,-3.2493249],[104.6191013,-3.24929],[104.6190114,-3.2492552],[104.6188813,-3.2492284],[104.6180927,-3.2490945],[104.6182054,-3.248318],[104.6182483,-3.2474504],[104.6182349,-3.2459185],[104.6183636,-3.2440307],[104.6186346,-3.2411947],[104.6186654,-3.2407314],[104.6186694,-3.2405306],[104.6186346,-3.24022],[104.6184978,-3.2393951],[104.6183342,-3.2385168],[104.6180123,-3.2366637],[104.6179532,-3.236345],[104.617736,-3.2349471],[104.6175269,-3.2338331],[104.6173766,-3.2330297],[104.6172881,-3.233015],[104.6172177,-3.2329996],[104.6171553,-3.2329721],[104.6167088,-3.2327807],[104.6161602,-3.2325611],[104.6158625,-3.2324587],[104.6156023,-3.2323481],[104.615422,-3.2322746],[104.615821,-3.2313767],[104.6164379,-3.2299768],[104.6167114,-3.2293743],[104.6174008,-3.2279336],[104.6177441,-3.227232],[104.6187633,-3.2255234],[104.6197396,-3.2239702],[104.6203029,-3.2229686],[104.6209091,-3.2218921],[104.6209708,-3.2217154],[104.6210016,-3.2215507],[104.6210137,-3.2213512],[104.6210298,-3.2211075],[104.6210003,-3.2207192],[104.6209681,-3.2204942],[104.6209091,-3.2203335],[104.6207643,-3.2198836],[104.6204853,-3.2191391],[104.619981,-3.2177975],[104.6197075,-3.2170985],[104.6195971,-3.21687],[104.6192287,-3.2161077],[104.6191228,-3.2157114],[104.6190691,-3.2154328],[104.6190155,-3.2150633],[104.6190664,-3.2146455],[104.6191388,-3.2141956],[104.6192273,-3.2136627],[104.6192408,-3.2132021],[104.6192086,-3.212645],[104.6191522,-3.2123183],[104.6188894,-3.2117613],[104.6187445,-3.2113998],[104.6184468,-3.2107758],[104.6182618,-3.2102643],[104.6181303,-3.2098117],[104.6180955,-3.2096216],[104.6180767,-3.209418],[104.6181384,-3.2090378],[104.6182913,-3.2083924],[104.6183757,-3.2079639],[104.6183959,-3.2078353],[104.6185487,-3.2072248],[104.6186507,-3.2066624],[104.6186614,-3.206416],[104.6186694,-3.206258],[104.6186654,-3.2037674]]}},{"type":"Feature","properties":{"segmentId":"osm-gaul2-73814-6543875426-6543875425-0","regionId":"gaul2-73814","province":"Sumatera Selatan","region":"Ogan Ilir","roadName":"Unnamed OSM road","highway":"trunk_link","lengthMeters":59.628,"osmWayIds":["696801075"],"u":"6543875426","v":"6543875425","key":0,"oneway":true,"source":"OpenStreetMap"},"geometry":{"type":"LineString","coordinates":[[104.6785034,-3.2569942],[104.6787387,-3.256896],[104.6787933,-3.2568729],[104.6788328,-3.2568484],[104.6789687,-3.2567363]]}},{"type":"Feature","properties":{"segmentId":"osm-gaul2-73814-6546723462-1801777420-0","regionId":"gaul2-73814","province":"Sumatera Selatan","region":"Ogan Ilir","roadName":"Jalan Lintas Timur Palembang-Prabumulih","highway":"trunk","lengthMeters":4641.414,"osmWayIds":["43112884","43112916","43112923","806059218","828121028"],"u":"6546723462","v":"1801777420","key":0,"oneway":false,"source":"OpenStreetMap"},"geometry":{"type":"LineString","coordinates":[[104.7054431,-3.1022578],[104.7053692,-3.102303],[104.7048482,-3.1026222],[104.7044847,-3.102897],[104.7042025,-3.1031749],[104.7037551,-3.1036821],[104.7034996,-3.1039817],[104.7033374,-3.1041477],[104.7031809,-3.1042916],[104.7024952,-3.1047951],[104.7021828,-3.1050296],[104.7018158,-3.1053428],[104.7014074,-3.1057335],[104.7011729,-3.1060125],[104.7011058,-3.106133],[104.7010522,-3.1063258],[104.7010409,-3.1065276],[104.7010561,-3.1069754],[104.7015542,-3.1096358],[104.7016717,-3.1100313],[104.701758,-3.1102287],[104.7019783,-3.1106763],[104.7020406,-3.1108609],[104.7020741,-3.1110451],[104.7020834,-3.1113408],[104.7019993,-3.1120806],[104.7019064,-3.1128941],[104.7018205,-3.1133484],[104.7016923,-3.1141279],[104.7010924,-3.1177753],[104.7006618,-3.1203932],[104.7004509,-3.1217101],[104.7000497,-3.1242151],[104.6998121,-3.1256982],[104.6994522,-3.1278309],[104.6987612,-3.131926],[104.6986303,-3.1327017],[104.6986127,-3.133451],[104.6988098,-3.1342153],[104.6990255,-3.1346069],[104.6992486,-3.135012],[104.699962,-3.1372006],[104.7000879,-3.1375112],[104.7000968,-3.1375623],[104.7001523,-3.1378808],[104.7001046,-3.1386805],[104.6999913,-3.1393216],[104.6999243,-3.1395895],[104.6998384,-3.1397903],[104.6996722,-3.1400394],[104.6995997,-3.1401412],[104.69953,-3.1402161],[104.6987593,-3.1407847]]}},{"type":"Feature","properties":{"segmentId":"osm-gaul2-73814-6546723462-5926631260-0","regionId":"gaul2-73814","province":"Sumatera Selatan","region":"Ogan Ilir","roadName":"Jalan Lintas Timur Palembang-Prabumulih","highway":"trunk","lengthMeters":556.101,"osmWayIds":["564551101"],"u":"6546723462","v":"5926631260","key":0,"oneway":true,"source":"OpenStreetMap"},"geometry":{"type":"LineString","coordinates":[[104.7054431,-3.1022578],[104.7056967,-3.1020238],[104.7062543,-3.1017086],[104.7080997,-3.1007912],[104.7088873,-3.1003611],[104.7097197,-3.0997005]]}},{"type":"Feature","properties":{"segmentId":"osm-gaul2-73814-6546962076-6504662593-0","regionId":"gaul2-73814","province":"Sumatera Selatan","region":"Ogan Ilir","roadName":"Jalan Tol Palembang–Indralaya","highway":"motorway","lengthMeters":1300.999,"osmWayIds":["536528251","699787919","837272456","837272459"],"u":"6546962076","v":"6504662593","key":0,"oneway":true,"source":"OpenStreetMap"},"geometry":{"type":"LineString","coordinates":[[104.7522925,-3.0642346],[104.7527266,-3.0625075],[104.7530291,-3.0614182],[104.7533063,-3.0602457],[104.7534091,-3.0598563],[104.7536756,-3.0588804],[104.7552179,-3.0529056]]}},{"type":"Feature","properties":{"segmentId":"osm-gaul2-73814-6549538555-5701724890-0","regionId":"gaul2-73814","province":"Sumatera Selatan","region":"Ogan Ilir","roadName":"Unnamed OSM road","highway":"trunk","lengthMeters":2770.403,"osmWayIds":["1033727830","43112432","692839961","817454340"],"u":"6549538555","v":"5701724890","key":0,"oneway":false,"source":"OpenStreetMap"},"geometry":{"type":"LineString","coordinates":[[104.796901,-3.0616356],[104.7965788,-3.0615736],[104.795134,-3.061291],[104.7948427,-3.0612313],[104.7946436,-3.0611958],[104.7924767,-3.0607836],[104.7906811,-3.060442],[104.7884666,-3.060022],[104.7879028,-3.0599123],[104.7866058,-3.059661],[104.7858568,-3.0595208],[104.7853424,-3.059422],[104.7840635,-3.0591049],[104.7829477,-3.0587278],[104.7828091,-3.0586736],[104.7824635,-3.0585345],[104.7822213,-3.0584442],[104.7822109,-3.0584404],[104.7821987,-3.0584358],[104.7821177,-3.0584061],[104.7821107,-3.0584035],[104.7820641,-3.0583864],[104.7818816,-3.0583219],[104.7816427,-3.05823],[104.7815744,-3.058205],[104.7813595,-3.0581126],[104.7812294,-3.0580543],[104.7811476,-3.0580206],[104.7811309,-3.0580134],[104.7810273,-3.0579686],[104.78005,-3.0575457],[104.7800325,-3.0575381],[104.779094,-3.0571356],[104.7790863,-3.0571323],[104.7782069,-3.0567499],[104.7781641,-3.0567314],[104.7771112,-3.0562765],[104.7756566,-3.0556263],[104.7746066,-3.0551569],[104.773718,-3.0547382],[104.7735115,-3.0546409],[104.7731486,-3.0544794]]}},{"type":"Feature","properties":{"segmentId":"osm-gaul2-73814-6571244107-5197260895-0","regionId":"gaul2-73814","province":"Sumatera Selatan","region":"Ogan Ilir","roadName":"Jalan Tol Palembang–Indralaya","highway":"motorway","lengthMeters":3751.054,"osmWayIds":["536527392","699787917","699787918"],"u":"6571244107","v":"5197260895","key":0,"oneway":true,"source":"OpenStreetMap"},"geometry":{"type":"LineString","coordinates":[[104.7485938,-3.0779718],[104.7474223,-3.0803976],[104.7468679,-3.081378],[104.7462109,-3.0824583],[104.7454112,-3.0836253],[104.7445576,-3.084726],[104.7407483,-3.0891939],[104.7347446,-3.0963328],[104.734015,-3.0971938],[104.73055,-3.1013151],[104.729354,-3.1028043],[104.7283749,-3.1043259],[104.7281736,-3.1047042]]}},{"type":"Feature","properties":{"segmentId":"osm-gaul2-73814-6583215007-6583215008-0","regionId":"gaul2-73814","province":"Sumatera Selatan","region":"Ogan Ilir","roadName":"Unnamed OSM road","highway":"tertiary_link","lengthMeters":14.277,"osmWayIds":["700996520"],"u":"6583215007","v":"6583215008","key":0,"oneway":false,"source":"OpenStreetMap"},"geometry":{"type":"LineString","coordinates":[[104.6822077,-3.4330377],[104.6821014,-3.43311]]}},{"type":"Feature","properties":{"segmentId":"osm-gaul2-73814-6583215007-6583215009-0","regionId":"gaul2-73814","province":"Sumatera Selatan","region":"Ogan Ilir","roadName":"Unnamed OSM road","highway":"tertiary","lengthMeters":52.284,"osmWayIds":["700996521"],"u":"6583215007","v":"6583215009","key":0,"oneway":true,"source":"OpenStreetMap"},"geometry":{"type":"LineString","coordinates":[[104.6822077,-3.4330377],[104.6824945,-3.4334107]]}},{"type":"Feature","properties":{"segmentId":"osm-gaul2-73814-6583215008-5946309189-0","regionId":"gaul2-73814","province":"Sumatera Selatan","region":"Ogan Ilir","roadName":"Unnamed OSM road","highway":"tertiary","lengthMeters":195.635,"osmWayIds":["700996522"],"u":"6583215008","v":"5946309189","key":0,"oneway":true,"source":"OpenStreetMap"},"geometry":{"type":"LineString","coordinates":[[104.6821014,-3.43311],[104.6818407,-3.4327673],[104.681015,-3.4319217],[104.6809327,-3.4317983]]}},{"type":"Feature","properties":{"segmentId":"osm-gaul2-73814-6583215008-6583215007-0","regionId":"gaul2-73814","province":"Sumatera Selatan","region":"Ogan Ilir","roadName":"Unnamed OSM road","highway":"tertiary_link","lengthMeters":14.277,"osmWayIds":["700996520"],"u":"6583215008","v":"6583215007","key":0,"oneway":false,"source":"OpenStreetMap"},"geometry":{"type":"LineString","coordinates":[[104.6821014,-3.43311],[104.6822077,-3.4330377]]}},{"type":"Feature","properties":{"segmentId":"osm-gaul2-73814-6583215009-5946333207-0","regionId":"gaul2-73814","province":"Sumatera Selatan","region":"Ogan Ilir","roadName":"Unnamed OSM road","highway":"tertiary","lengthMeters":18.411,"osmWayIds":["628646826"],"u":"6583215009","v":"5946333207","key":0,"oneway":false,"source":"OpenStreetMap"},"geometry":{"type":"LineString","coordinates":[[104.6824945,-3.4334107],[104.6823595,-3.4335069]]}},{"type":"Feature","properties":{"segmentId":"osm-gaul2-73814-6583215009-7668600126-0","regionId":"gaul2-73814","province":"Sumatera Selatan","region":"Ogan Ilir","roadName":"SM. Badaruddin 2","highway":"tertiary","lengthMeters":15489.986,"osmWayIds":["389130908","612802163","628646826","699366703"],"u":"6583215009","v":"7668600126","key":0,"oneway":false,"source":"OpenStreetMap"},"geometry":{"type":"LineString","coordinates":[[104.6824945,-3.4334107],[104.6825498,-3.4333632],[104.6829391,-3.4331237],[104.683388,-3.4327858],[104.6838072,-3.4324742],[104.684164,-3.4322533],[104.6845871,-3.4319363],[104.6847756,-3.43179],[104.6851496,-3.4315502],[104.685257,-3.4314684],[104.6855362,-3.4312791],[104.6859696,-3.4309864],[104.6863909,-3.4306981],[104.6868142,-3.4304184],[104.6872237,-3.4301394],[104.6876626,-3.429854],[104.6879775,-3.4296518],[104.6883023,-3.4294466],[104.6885462,-3.4292803],[104.6890254,-3.4289516],[104.6894169,-3.4286931],[104.6896596,-3.4285288],[104.6898149,-3.4284401],[104.6901439,-3.4282181],[104.6906218,-3.4278962],[104.6909535,-3.4276603],[104.69111,-3.427549],[104.6915845,-3.427214],[104.692031,-3.4268731],[104.6925281,-3.4264774],[104.6929264,-3.4261566],[104.6934327,-3.4257629],[104.6940021,-3.4253106],[104.6944229,-3.4249676],[104.6948236,-3.4246467],[104.6952088,-3.4243244],[104.6955706,-3.4240351],[104.6958975,-3.4237638],[104.6961979,-3.4235283],[104.6966637,-3.4231613],[104.6970683,-3.4228455],[104.6976254,-3.4224003],[104.698034,-3.4220977],[104.6981362,-3.4220302],[104.6986724,-3.4216341],[104.6992976,-3.4211869],[104.6997687,-3.4208526],[104.7003718,-3.4204045],[104.700848,-3.4200452],[104.7014467,-3.4196067],[104.7020146,-3.419192],[104.7023413,-3.4189584],[104.7026664,-3.4187292],[104.7032273,-3.4183254],[104.7035923,-3.4180896],[104.7037603,-3.4179821],[104.7039499,-3.4178609],[104.7042183,-3.417704],[104.7043823,-3.4176204],[104.7047075,-3.4174303],[104.7047729,-3.4174002],[104.7049745,-3.4173092],[104.705108,-3.4172218],[104.7051698,-3.4171789],[104.7053785,-3.41705],[104.7056387,-3.4169022],[104.7060867,-3.4166451],[104.7063834,-3.4164712],[104.706688,-3.4163017],[104.707053,-3.41612],[104.7073616,-3.4159657],[104.7076542,-3.4158331],[104.7077997,-3.4157563],[104.7078606,-3.4157305],[104.7079991,-3.4156512],[104.7081895,-3.415565],[104.7084197,-3.4154697],[104.7086337,-3.4153642],[104.7089622,-3.4152171],[104.7092501,-3.4150842],[104.7095255,-3.4149756],[104.7099101,-3.4148199],[104.7102001,-3.4147163],[104.7102411,-3.4147016],[104.7102999,-3.414685],[104.7107267,-3.4145127],[104.7110468,-3.414392],[104.7113905,-3.414249],[104.711574,-3.4141766],[104.7117775,-3.4141029],[104.7121548,-3.4139555],[104.7125829,-3.413799],[104.7129462,-3.4136628],[104.7133696,-3.413492],[104.7138192,-3.4133246],[104.7141257,-3.4132104],[104.7145794,-3.4130209],[104.7148239,-3.4129256],[104.7151952,-3.4127787],[104.7155708,-3.4126433],[104.7159322,-3.4125195],[104.7163438,-3.4123926],[104.7168373,-3.412245],[104.7172183,-3.4121272],[104.7175313,-3.4120431],[104.7179935,-3.4119],[104.7184063,-3.4117702],[104.718837,-3.4116369],[104.7192731,-3.4114958],[104.7197733,-3.4113366],[104.7201309,-3.4111934],[104.720453,-3.4110823],[104.7207492,-3.4109593],[104.7211523,-3.4108129],[104.7216394,-3.4106399],[104.7220237,-3.4104928],[104.7225634,-3.4102783],[104.7228869,-3.4101411],[104.7232122,-3.4099993],[104.7234442,-3.4098911],[104.7237428,-3.4097574],[104.7240719,-3.4096073],[104.7244069,-3.4094492],[104.7247174,-3.4093036],[104.7249375,-3.409193],[104.7252203,-3.4090545],[104.7255481,-3.4089048],[104.7258815,-3.4087431],[104.7262475,-3.4085538],[104.7266304,-3.4083627],[104.7270051,-3.4081561],[104.7273355,-3.407988],[104.7276435,-3.4078205],[104.7279174,-3.4076593],[104.7283561,-3.4074282],[104.7287241,-3.4072418],[104.729228,-3.4069883],[104.7297125,-3.4067214],[104.7301437,-3.4064974],[104.7305794,-3.4062831],[104.7309967,-3.406067],[104.7310866,-3.4060204],[104.7314282,-3.4058227],[104.7319476,-3.4055628],[104.7323898,-3.4053365],[104.7327822,-3.4051146],[104.7331922,-3.4049005],[104.7333806,-3.4048105],[104.7336748,-3.4046573],[104.7340967,-3.4044409],[104.7344804,-3.4042424],[104.7348532,-3.4040443],[104.7351503,-3.4038411],[104.7353302,-3.4036804],[104.7354031,-3.4035888],[104.7355156,-3.4034475],[104.7356772,-3.4031875],[104.7358517,-3.4027554],[104.7360086,-3.4023281],[104.7362267,-3.4017162],[104.7364163,-3.4012288],[104.7366216,-3.4007371],[104.7367262,-3.4003785],[104.7368831,-3.3999182],[104.7370459,-3.3995035],[104.7372887,-3.398924],[104.7375391,-3.39835],[104.7377758,-3.3977974],[104.7380473,-3.3971771],[104.7382634,-3.3966961],[104.7385393,-3.396101],[104.7388386,-3.3954999],[104.7391815,-3.3948199],[104.7394846,-3.3942077],[104.7397639,-3.3936516],[104.7399964,-3.3931815],[104.7402145,-3.3927829],[104.740485,-3.3923068],[104.7407676,-3.3917648],[104.7410264,-3.3912899],[104.7413211,-3.3907416],[104.7415705,-3.3902387],[104.741749,-3.3899048],[104.741991,-3.3894592],[104.7421499,-3.3891961],[104.7423239,-3.3889549],[104.7424993,-3.3887488],[104.7426864,-3.3885563],[104.742963,-3.38828],[104.7432242,-3.3879914],[104.7436333,-3.3875653],[104.7439484,-3.3872429],[104.7443523,-3.3868208],[104.7447099,-3.3864283],[104.7451771,-3.3859674],[104.7456015,-3.3855429],[104.7459641,-3.3851768],[104.746337,-3.3847905],[104.7466958,-3.3844348],[104.7471681,-3.383981],[104.7478152,-3.3833382],[104.7480884,-3.3830626],[104.7481527,-3.3829977],[104.7486123,-3.3825439],[104.7491608,-3.3820011],[104.7495095,-3.3816591],[104.7498928,-3.3812785],[104.7503297,-3.3808463],[104.7507494,-3.3804473],[104.7510885,-3.3801058],[104.7514625,-3.3797286],[104.7519193,-3.3792691],[104.7526453,-3.3785577],[104.7531115,-3.3781236],[104.7535407,-3.3777052],[104.7541392,-3.3771467],[104.7544222,-3.3768904],[104.7545771,-3.3767443],[104.7547084,-3.3765556],[104.7548305,-3.3762797],[104.7549874,-3.3758053],[104.7549972,-3.3757821],[104.7551689,-3.3753759],[104.7552808,-3.3751166],[104.7554121,-3.3748123],[104.7555257,-3.3745671],[104.7556785,-3.3741995],[104.7558394,-3.3737836],[104.7560697,-3.373211],[104.7563431,-3.3725265],[104.7566222,-3.3718605],[104.7567838,-3.3714645],[104.7570033,-3.3708876],[104.7571792,-3.3704447],[104.7573367,-3.370032],[104.7573888,-3.3699079],[104.7575027,-3.3696368],[104.757731,-3.3691616],[104.7577979,-3.3690274],[104.7579862,-3.3686494],[104.7581638,-3.3683198],[104.7582209,-3.3682138],[104.7583681,-3.3679715],[104.7585064,-3.3677495],[104.7594478,-3.3665526],[104.7619943,-3.3648278],[104.7620179,-3.3648122],[104.7624959,-3.3644956],[104.7625502,-3.3644572],[104.7647472,-3.3629395],[104.765529,-3.3624],[104.7664194,-3.3617715],[104.7666456,-3.3616223],[104.7670297,-3.3613452],[104.7670746,-3.3613148],[104.7675862,-3.3609682],[104.7676389,-3.3609414],[104.7685017,-3.3603578],[104.7686471,-3.3602717],[104.7692701,-3.3598074],[104.7693439,-3.3597418],[104.7694203,-3.3596521],[104.7696054,-3.3593643],[104.7696953,-3.3591976],[104.7698924,-3.3588689],[104.7701807,-3.3583615],[104.7703725,-3.3580148],[104.7704892,-3.3578046],[104.7709237,-3.3570716],[104.7711624,-3.356674],[104.7713327,-3.3563854],[104.7715218,-3.3560615],[104.7716868,-3.3558044],[104.7719698,-3.355376],[104.7723372,-3.354878],[104.7727402,-3.3543692],[104.7728784,-3.3541992],[104.7729971,-3.3540492],[104.7731198,-3.3538939],[104.7732673,-3.3537072],[104.7733531,-3.3535907],[104.7734343,-3.3534682],[104.7735513,-3.3532881],[104.7735791,-3.3532389],[104.7736629,-3.3530994],[104.7737556,-3.3529144],[104.7738198,-3.3527339],[104.7738554,-3.352602],[104.7738896,-3.3524848],[104.773916,-3.3523754],[104.7739472,-3.3522104],[104.7739613,-3.3521019],[104.7739707,-3.3519754],[104.773972,-3.3518482],[104.773964,-3.3517331],[104.7739358,-3.3514827],[104.7739103,-3.3513261],[104.7738446,-3.351065],[104.7738057,-3.3509311],[104.7737742,-3.3508341],[104.7737011,-3.3505871],[104.7736318,-3.3503577],[104.7735221,-3.3500312],[104.7733576,-3.349551],[104.7732867,-3.3493306],[104.7731961,-3.3490529],[104.7731895,-3.3490321],[104.7731003,-3.3487524],[104.7729868,-3.3483945],[104.7729582,-3.3482899],[104.7729226,-3.3481317],[104.7729004,-3.3480203],[104.7728876,-3.3479649],[104.7728442,-3.347631],[104.7728187,-3.3474415],[104.7727959,-3.3472889],[104.7727852,-3.3471711],[104.7727624,-3.3469107],[104.7727379,-3.3467196],[104.7727194,-3.3464475],[104.7726818,-3.346067],[104.7726604,-3.3458972],[104.7726108,-3.3454407],[104.7725934,-3.3452298],[104.7725826,-3.3450558],[104.7725699,-3.3448616],[104.7725758,-3.3446117],[104.7725813,-3.3444292],[104.772583,-3.344383],[104.772592,-3.3443187],[104.7726396,-3.3441534],[104.7726799,-3.3440175],[104.772763,-3.343818],[104.7729045,-3.3434666],[104.7731226,-3.3429554],[104.7731446,-3.3429002],[104.7733713,-3.3423766],[104.7734798,-3.342107],[104.7735891,-3.3418613],[104.7738031,-3.3413532],[104.773966,-3.3409757],[104.7740633,-3.3407401],[104.7740876,-3.340689],[104.7742361,-3.3403267],[104.7742703,-3.3402444]]}},{"type":"Feature","properties":{"segmentId":"osm-gaul2-73814-6583319513-5877156793-0","regionId":"gaul2-73814","province":"Sumatera Selatan","region":"Ogan Ilir","roadName":"Unnamed OSM road","highway":"tertiary","lengthMeters":10202.708,"osmWayIds":["620396025","701011303"],"u":"6583319513","v":"5877156793","key":0,"oneway":false,"source":"OpenStreetMap"},"geometry":{"type":"LineString","coordinates":[[104.3937234,-3.5026416],[104.3944576,-3.503568],[104.3947512,-3.5039386],[104.394895,-3.5040858],[104.3950743,-3.5042348],[104.3952891,-3.50433],[104.3955096,-3.5044008],[104.3957933,-3.504456],[104.3960751,-3.5044906],[104.3962581,-3.5045054],[104.3969637,-3.5045624],[104.3981281,-3.5046901],[104.3981934,-3.504688],[104.3988217,-3.5047604],[104.3990505,-3.5047868],[104.4010073,-3.5049798],[104.4016898,-3.5050749],[104.4017478,-3.505083],[104.4022863,-3.5051862],[104.4028204,-3.5053567],[104.404234,-3.5058908],[104.4049297,-3.5061107],[104.4056028,-3.5062678],[104.4058168,-3.5062894],[104.4060479,-3.5063025],[104.4065767,-3.5062543],[104.4070076,-3.5062094],[104.4082911,-3.5059761],[104.4093233,-3.50581],[104.4095869,-3.5057527],[104.4098191,-3.50574],[104.4100658,-3.5057348],[104.4108005,-3.5057639],[104.4112267,-3.5058],[104.4115493,-3.5058353],[104.4129066,-3.5059951],[104.4141268,-3.5062068],[104.4144342,-3.5062618],[104.4146452,-3.5063093],[104.4148703,-3.506371],[104.4150543,-3.5064329],[104.4152289,-3.5065016],[104.4154896,-3.5066263],[104.4157683,-3.5068094],[104.4162084,-3.5071339],[104.4176932,-3.5083457],[104.4196174,-3.509888],[104.4199691,-3.5101639],[104.4212585,-3.5112165],[104.4216955,-3.511553],[104.4219706,-3.5117773],[104.422108,-3.5118179],[104.4222859,-3.5118571],[104.4224524,-3.5118529],[104.422713,-3.5118022],[104.423599,-3.5115691],[104.4246942,-3.5113244],[104.4249564,-3.5112164],[104.4252311,-3.5110835],[104.4255859,-3.5108927],[104.426432,-3.5104806],[104.4267461,-3.5103015],[104.4268864,-3.5102292],[104.427261,-3.5099716],[104.4279419,-3.5094563],[104.4287262,-3.5088825],[104.4291682,-3.5085774],[104.4295354,-3.5083544],[104.4298678,-3.5081616],[104.4304597,-3.5079086],[104.4313231,-3.5075316],[104.4317163,-3.5073615],[104.4318825,-3.5072892],[104.4320579,-3.507233],[104.4322372,-3.5071859],[104.4327441,-3.5071209],[104.4329251,-3.5070864],[104.4330928,-3.5070306],[104.4335622,-3.5067843],[104.4340289,-3.5065888],[104.4346163,-3.5064148],[104.4354129,-3.5062087],[104.4363946,-3.5059356],[104.4374112,-3.5056973],[104.4386047,-3.5053145],[104.4394416,-3.5050896],[104.4401926,-3.5049156],[104.4406271,-3.5048246],[104.4417751,-3.5046559],[104.4427943,-3.5044739],[104.443136,-3.5043954],[104.4438082,-3.5042409],[104.4443125,-3.5041124],[104.4445996,-3.504037],[104.4448534,-3.5039333],[104.446146,-3.5033002],[104.4466502,-3.5030941],[104.4468338,-3.5030576],[104.4470054,-3.5030523],[104.4473045,-3.5030777],[104.4479442,-3.5031888],[104.4484243,-3.503312],[104.4491995,-3.5035904],[104.4494248,-3.503664],[104.4495696,-3.5036961],[104.4498901,-3.5037135],[104.4503488,-3.5037591],[104.4508222,-3.5038354],[104.4512889,-3.503925],[104.4515665,-3.5039906],[104.4522049,-3.504182],[104.4528178,-3.5043628],[104.4535232,-3.5045582],[104.4538518,-3.5046479],[104.4539778,-3.504676],[104.4541012,-3.5046921],[104.4542541,-3.5047081],[104.4547731,-3.5047081],[104.4554705,-3.5047001],[104.4560015,-3.5046854],[104.4566024,-3.5047068],[104.4578956,-3.5048085],[104.4590351,-3.504854],[104.4594106,-3.5048861],[104.4596507,-3.5049504],[104.4598384,-3.505111],[104.460262,-3.5056416],[104.4605077,-3.5058419],[104.4607853,-3.5060708],[104.4614786,-3.5065005],[104.4619024,-3.5067521],[104.4622377,-3.506878],[104.4628626,-3.5070922],[104.4630893,-3.5072033],[104.4633226,-3.5074576],[104.4635312,-3.5078846],[104.4636847,-3.5081563],[104.4638229,-3.5084348],[104.463969,-3.50874],[104.464075,-3.5090826],[104.4642735,-3.5100223],[104.464437,-3.5108464],[104.464647,-3.5113348],[104.4654204,-3.5131022],[104.4657862,-3.513918],[104.4660828,-3.5147926],[104.4663154,-3.5154983],[104.4663777,-3.5157729],[104.4664742,-3.5161049],[104.4665607,-3.5163123],[104.4666627,-3.5165078],[104.4667821,-3.5167073],[104.4671405,-3.5173471],[104.4674563,-3.5179352],[104.4677224,-3.5185533],[104.4682571,-3.5197953],[104.4688928,-3.5212877],[104.4690207,-3.5216319],[104.469359,-3.5223915],[104.4694757,-3.5226234]]}},{"type":"Feature","properties":{"segmentId":"osm-gaul2-73814-7140168744-11005179257-0","regionId":"gaul2-73814","province":"Sumatera Selatan","region":"Ogan Ilir","roadName":"Unnamed OSM road","highway":"motorway_link","lengthMeters":79.354,"osmWayIds":["1184766895"],"u":"7140168744","v":"11005179257","key":0,"oneway":true,"source":"OpenStreetMap"},"geometry":{"type":"LineString","coordinates":[[104.8003322,-3.0905768],[104.8007278,-3.0909949],[104.800855,-3.09105]]}},{"type":"Feature","properties":{"segmentId":"osm-gaul2-73814-7140168744-11005209127-0","regionId":"gaul2-73814","province":"Sumatera Selatan","region":"Ogan Ilir","roadName":"Jalan Tol Kayu Agung–Palembang–Betung","highway":"motorway","lengthMeters":186.14,"osmWayIds":["786385030","836242891"],"u":"7140168744","v":"11005209127","key":0,"oneway":true,"source":"OpenStreetMap"},"geometry":{"type":"LineString","coordinates":[[104.8003322,-3.0905768],[104.8009553,-3.0914787],[104.8011253,-3.0918057],[104.8012315,-3.0919868]]}},{"type":"Feature","properties":{"segmentId":"osm-gaul2-73814-7554113330-11898559763-0","regionId":"gaul2-73814","province":"Sumatera Selatan","region":"Ogan Ilir","roadName":"Unnamed OSM road","highway":"motorway_link","lengthMeters":1792.839,"osmWayIds":["1282155479","1326103683","807805544"],"u":"7554113330","v":"11898559763","key":0,"oneway":true,"source":"OpenStreetMap"},"geometry":{"type":"LineString","coordinates":[[104.7477067,-3.0706257],[104.748676,-3.0704322],[104.7524671,-3.0695961],[104.753091,-3.0694585],[104.7534415,-3.0693718],[104.7537522,-3.0692332],[104.7540228,-3.0690358],[104.7542032,-3.0688126],[104.7543316,-3.0685552],[104.7543989,-3.0682917],[104.754427,-3.068036],[104.7543948,-3.0677845],[104.7543102,-3.0675319],[104.7541651,-3.0672821],[104.7540049,-3.0671016],[104.7538103,-3.0669474],[104.7535641,-3.0668282],[104.7532802,-3.0667535],[104.7530177,-3.0667421],[104.7527899,-3.0667804],[104.7525428,-3.0668693],[104.7523527,-3.0669774],[104.752199,-3.0671081],[104.7520239,-3.0673056],[104.7519098,-3.0675019],[104.7518103,-3.0677518],[104.7517221,-3.0680284],[104.7505865,-3.0722727]]}},{"type":"Feature","properties":{"segmentId":"osm-gaul2-73814-7554113330-6546962076-0","regionId":"gaul2-73814","province":"Sumatera Selatan","region":"Ogan Ilir","roadName":"Unnamed OSM road","highway":"motorway_link","lengthMeters":950.886,"osmWayIds":["1326103687","1326103689"],"u":"7554113330","v":"6546962076","key":0,"oneway":true,"source":"OpenStreetMap"},"geometry":{"type":"LineString","coordinates":[[104.7477067,-3.0706257],[104.7490501,-3.0702164],[104.7494505,-3.0700721],[104.7497834,-3.0699206],[104.7500125,-3.069759],[104.750261,-3.0695544],[104.7505267,-3.0692731],[104.7508342,-3.0688486],[104.7510214,-3.0685002],[104.7511645,-3.0680778],[104.7517448,-3.0660403],[104.7522925,-3.0642346]]}},{"type":"Feature","properties":{"segmentId":"osm-gaul2-73814-7554391157-11005209378-0","regionId":"gaul2-73814","province":"Sumatera Selatan","region":"Ogan Ilir","roadName":"Simpang Susun Indralaya","highway":"motorway_link","lengthMeters":1427.82,"osmWayIds":["1084210046","1084210047","1184770850"],"u":"7554391157","v":"11005209378","key":0,"oneway":true,"source":"OpenStreetMap"},"geometry":{"type":"LineString","coordinates":[[104.6886285,-3.206105],[104.6898128,-3.2049169],[104.6902284,-3.2045102],[104.6905477,-3.2042044],[104.6908591,-3.2039411],[104.6911216,-3.2037449],[104.6914289,-3.2035226],[104.6917306,-3.203341],[104.6934391,-3.2023987],[104.6938268,-3.2021784],[104.6940629,-3.202007],[104.694285,-3.2018221],[104.6944341,-3.2016674],[104.6945441,-3.2015239],[104.6946339,-3.201357],[104.6946881,-3.2012105],[104.6947229,-3.2010451],[104.6947354,-3.2008829],[104.6947242,-3.2007106],[104.6946771,-3.2005422],[104.6946111,-3.2003718],[104.6945199,-3.2002108],[104.6944196,-3.2000833],[104.6942933,-3.1999759],[104.6941634,-3.1998894],[104.6940184,-3.1998192],[104.6938612,-3.1997728],[104.693689,-3.1997441],[104.6935121,-3.1997408],[104.6933511,-3.1997677],[104.6931893,-3.1998174],[104.6930135,-3.1999053],[104.6928513,-3.2000191],[104.6927278,-3.2001476],[104.692598,-3.200326],[104.6924678,-3.2005654],[104.6923724,-3.2007787],[104.6919296,-3.201812]]}},{"type":"Feature","properties":{"segmentId":"osm-gaul2-73814-7554391157-7554391167-0","regionId":"gaul2-73814","province":"Sumatera Selatan","region":"Ogan Ilir","roadName":"Simpang Susun Indralaya","highway":"motorway_link","lengthMeters":883.685,"osmWayIds":["1184770826"],"u":"7554391157","v":"7554391167","key":0,"oneway":true,"source":"OpenStreetMap"},"geometry":{"type":"LineString","coordinates":[[104.6886285,-3.206105],[104.6894096,-3.2051768],[104.6898866,-3.2045468],[104.6902636,-3.2040066],[104.6906773,-3.2033816],[104.6910022,-3.2028393],[104.6913103,-3.2022944],[104.6916726,-3.2015695],[104.6920407,-3.2007826],[104.6923054,-3.2001299],[104.6925889,-3.1992787]]}},{"type":"Feature","properties":{"segmentId":"osm-gaul2-73814-7554391167-5197260857-0","regionId":"gaul2-73814","province":"Sumatera Selatan","region":"Ogan Ilir","roadName":"Jalan Tol Palembang–Indralaya","highway":"motorway","lengthMeters":5585.723,"osmWayIds":["1184770825","1190644849","536527423","828082165","828082167"],"u":"7554391167","v":"5197260857","key":0,"oneway":true,"source":"OpenStreetMap"},"geometry":{"type":"LineString","coordinates":[[104.6925889,-3.1992787],[104.6929804,-3.1980315],[104.6933313,-3.1969468],[104.6934177,-3.1966795],[104.6938321,-3.1953983],[104.6961969,-3.1878455],[104.6965553,-3.186717],[104.696944,-3.1855752],[104.6971449,-3.1850272],[104.6973329,-3.1845473],[104.6976856,-3.1836347],[104.6981039,-3.1826535],[104.6985489,-3.1816833],[104.7003269,-3.1780127],[104.7004041,-3.1778531],[104.7016982,-3.1751869],[104.7018915,-3.1747876],[104.7034088,-3.1716349],[104.7037406,-3.170928],[104.7041025,-3.170126],[104.7042155,-3.1698584],[104.7044231,-3.169367],[104.7046809,-3.1687309],[104.704965,-3.167989],[104.7052385,-3.1672219],[104.7055349,-3.1663755],[104.7057955,-3.1655832],[104.7059992,-3.1648995],[104.7062332,-3.1640839],[104.706439,-3.1633183],[104.707301,-3.1599078],[104.7074297,-3.1593983],[104.7092796,-3.1520464]]}},{"type":"Feature","properties":{"segmentId":"osm-gaul2-73814-7654232828-5197369023-0","regionId":"gaul2-73814","province":"Sumatera Selatan","region":"Ogan Ilir","roadName":"Jalan Lintas Timur","highway":"trunk","lengthMeters":1982.254,"osmWayIds":["1032472019","1166157925","1166157926","1166157927","1166159214"],"u":"7654232828","v":"5197369023","key":0,"oneway":false,"source":"OpenStreetMap"},"geometry":{"type":"LineString","coordinates":[[104.6638937,-3.2185076],[104.6636179,-3.2181711],[104.6634047,-3.217922],[104.663286,-3.2177894],[104.6631431,-3.2176977],[104.6630573,-3.2176468],[104.662897,-3.2175712],[104.6614722,-3.2170985],[104.6609719,-3.2169258],[104.6595127,-3.2164437],[104.6593527,-3.2163914],[104.6592272,-3.216346],[104.6591524,-3.2163194],[104.6588234,-3.2162027],[104.6565302,-3.2154529],[104.6563659,-3.215384],[104.6562063,-3.2152628],[104.656087,-3.2151523],[104.6559951,-3.2150077],[104.655912,-3.214845],[104.6552735,-3.2133057],[104.6552347,-3.2132074],[104.6551891,-3.2130856],[104.6551622,-3.2129878],[104.6551394,-3.212878],[104.6551287,-3.2127816],[104.6550791,-3.2117117],[104.6550281,-3.2105429],[104.6549987,-3.2102657],[104.6549396,-3.2097648],[104.654898,-3.2094274],[104.6548866,-3.2093437],[104.6548685,-3.2091837],[104.6547497,-3.2076039],[104.6547347,-3.2073681],[104.6547252,-3.207214],[104.6546848,-3.2068418],[104.6546869,-3.2063798],[104.6547237,-3.206171]]}},{"type":"Feature","properties":{"segmentId":"osm-gaul2-73814-7654232828-7701023630-0","regionId":"gaul2-73814","province":"Sumatera Selatan","region":"Ogan Ilir","roadName":"Jalan Lintas Timur","highway":"trunk","lengthMeters":180.278,"osmWayIds":["828827489"],"u":"7654232828","v":"7701023630","key":0,"oneway":true,"source":"OpenStreetMap"},"geometry":{"type":"LineString","coordinates":[[104.6638937,-3.2185076],[104.664096,-3.218706],[104.6641939,-3.2188533],[104.6643213,-3.2190809],[104.664454,-3.2193487],[104.6645439,-3.2195683],[104.6646526,-3.2199164]]}},{"type":"Feature","properties":{"segmentId":"osm-gaul2-73814-7668600118-2060196467-0","regionId":"gaul2-73814","province":"Sumatera Selatan","region":"Ogan Ilir","roadName":"Jalan Lintas Timur","highway":"trunk","lengthMeters":3945.67,"osmWayIds":["197897394","439440419","612813200","824093148","824093149","824093150","824093151","824127852","824127854","824127857"],"u":"7668600118","v":"2060196467","key":0,"oneway":false,"source":"OpenStreetMap"},"geometry":{"type":"LineString","coordinates":[[104.7745399,-3.3402306],[104.774603,-3.340294],[104.7747732,-3.3404038],[104.7748243,-3.3404281],[104.7749058,-3.3404649],[104.7749685,-3.3404878],[104.7750278,-3.3405064],[104.7751175,-3.3405274],[104.7752338,-3.3405391],[104.7753356,-3.3405389],[104.7755066,-3.3404991],[104.7756907,-3.3404361],[104.7759133,-3.3403217],[104.7760243,-3.3402646],[104.7761819,-3.3401814],[104.7764025,-3.3400459],[104.7766684,-3.3398807],[104.7769037,-3.3397018],[104.7769288,-3.339677],[104.7771095,-3.3394983],[104.7773221,-3.3392848],[104.7774852,-3.3391379],[104.777534,-3.339094],[104.7788528,-3.337775],[104.7789479,-3.3377069],[104.7790511,-3.3376604],[104.7792619,-3.3376181],[104.7795854,-3.3376283],[104.7798073,-3.337669],[104.7800883,-3.3377637],[104.7803732,-3.337926],[104.7806913,-3.3381333],[104.7809982,-3.338333],[104.7812738,-3.338473],[104.7817555,-3.3387068],[104.7822199,-3.3390234],[104.782409,-3.3391792],[104.7826425,-3.3393921],[104.7829021,-3.3396724],[104.7830905,-3.3399215],[104.7832416,-3.3401393],[104.7833105,-3.3402522],[104.7833761,-3.3403599],[104.7835203,-3.3406125],[104.7836316,-3.3408763],[104.7837925,-3.3411433],[104.7839943,-3.3414214],[104.7841703,-3.3416058],[104.7841897,-3.3416261],[104.7845091,-3.3418972],[104.7847389,-3.3421056],[104.7850938,-3.342431],[104.785426,-3.3427196],[104.7856894,-3.3429788],[104.7859371,-3.3432456],[104.7859753,-3.343286],[104.7862843,-3.343635],[104.7864881,-3.3439079],[104.7866046,-3.3441264],[104.7866206,-3.3442479],[104.78663,-3.3443261],[104.7866227,-3.3444928],[104.7866078,-3.3446508],[104.7865699,-3.3447939],[104.7865534,-3.3448746],[104.786486,-3.3450673],[104.786427,-3.3451985],[104.7863793,-3.3452907],[104.7863201,-3.3454167],[104.7861166,-3.3458388],[104.7860493,-3.3460729],[104.7860452,-3.3461084],[104.7860425,-3.3461312],[104.7859994,-3.3465162],[104.7859892,-3.3466075],[104.7859198,-3.347525],[104.7859105,-3.3477756],[104.7859304,-3.3479633],[104.7859602,-3.3481464],[104.7860098,-3.3483379],[104.7860567,-3.3485722],[104.786101,-3.3489216],[104.7861432,-3.349267],[104.7861486,-3.3493455],[104.7861898,-3.3496803],[104.7862203,-3.3498309],[104.7862507,-3.3499809],[104.7863007,-3.3501075],[104.7863372,-3.3501951],[104.7863994,-3.3502646],[104.7864161,-3.3502841],[104.7865229,-3.3504093],[104.7867471,-3.3505788],[104.7872886,-3.3508736],[104.7878236,-3.3511265],[104.7880987,-3.3512566],[104.7884504,-3.3514045],[104.7889379,-3.3516147],[104.7894407,-3.3518257],[104.7895095,-3.3518758],[104.7895491,-3.351906],[104.7896393,-3.3519984],[104.7897824,-3.3521657],[104.7899557,-3.3523753],[104.7903628,-3.3529435],[104.7907571,-3.3534824],[104.790818,-3.3535644],[104.7908693,-3.353635],[104.7908942,-3.3536687],[104.7909973,-3.3538081],[104.7910423,-3.3538725],[104.7912279,-3.3540223],[104.7914596,-3.3541964],[104.7916667,-3.3543069],[104.7918074,-3.3543451],[104.7918973,-3.3543453],[104.7920918,-3.354281],[104.7923126,-3.3541855],[104.7924203,-3.3541369],[104.7925259,-3.3541003],[104.7933482,-3.3538145],[104.7937614,-3.3536418],[104.7941355,-3.3534494],[104.7944462,-3.353254],[104.7947216,-3.3530826],[104.794959,-3.3529722],[104.7951931,-3.3528762],[104.7954498,-3.3527941],[104.7955786,-3.3527586],[104.7958016,-3.3527146],[104.7963496,-3.3526127],[104.7964771,-3.3525859],[104.7965707,-3.3525675],[104.796811,-3.3525029],[104.7970763,-3.3524077],[104.7973173,-3.3522941],[104.7974255,-3.3522414],[104.7976262,-3.3521461]]}},{"type":"Feature","properties":{"segmentId":"osm-gaul2-73814-7668600118-3922921035-0","regionId":"gaul2-73814","province":"Sumatera Selatan","region":"Ogan Ilir","roadName":"Jalan Lintas Timur","highway":"trunk","lengthMeters":35.661,"osmWayIds":["612813200"],"u":"7668600118","v":"3922921035","key":0,"oneway":false,"source":"OpenStreetMap"},"geometry":{"type":"LineString","coordinates":[[104.7745399,-3.3402306],[104.7744905,-3.3401696],[104.7744532,-3.3401076],[104.7744221,-3.340045],[104.7743925,-3.3399494]]}},{"type":"Feature","properties":{"segmentId":"osm-gaul2-73814-7668600118-7668600126-0","regionId":"gaul2-73814","province":"Sumatera Selatan","region":"Ogan Ilir","roadName":"Unnamed OSM road","highway":"tertiary","lengthMeters":30.214,"osmWayIds":["821310012"],"u":"7668600118","v":"7668600126","key":0,"oneway":false,"source":"OpenStreetMap"},"geometry":{"type":"LineString","coordinates":[[104.7745399,-3.3402306],[104.7744397,-3.3402285],[104.7743485,-3.3402495],[104.7742703,-3.3402444]]}},{"type":"Feature","properties":{"segmentId":"osm-gaul2-73814-7668600126-3922921035-0","regionId":"gaul2-73814","province":"Sumatera Selatan","region":"Ogan Ilir","roadName":"SM. Badaruddin 2","highway":"tertiary","lengthMeters":35.983,"osmWayIds":["389130908"],"u":"7668600126","v":"3922921035","key":0,"oneway":false,"source":"OpenStreetMap"},"geometry":{"type":"LineString","coordinates":[[104.7742703,-3.3402444],[104.7743107,-3.3400776],[104.7743925,-3.3399494]]}},{"type":"Feature","properties":{"segmentId":"osm-gaul2-73814-7668600126-6583215009-0","regionId":"gaul2-73814","province":"Sumatera Selatan","region":"Ogan Ilir","roadName":"SM. Badaruddin 2","highway":"tertiary","lengthMeters":15489.986,"osmWayIds":["389130908","612802163","628646826","699366703"],"u":"7668600126","v":"6583215009","key":0,"oneway":false,"source":"OpenStreetMap"},"geometry":{"type":"LineString","coordinates":[[104.7742703,-3.3402444],[104.7742361,-3.3403267],[104.7740876,-3.340689],[104.7740633,-3.3407401],[104.773966,-3.3409757],[104.7738031,-3.3413532],[104.7735891,-3.3418613],[104.7734798,-3.342107],[104.7733713,-3.3423766],[104.7731446,-3.3429002],[104.7731226,-3.3429554],[104.7729045,-3.3434666],[104.772763,-3.343818],[104.7726799,-3.3440175],[104.7726396,-3.3441534],[104.772592,-3.3443187],[104.772583,-3.344383],[104.7725813,-3.3444292],[104.7725758,-3.3446117],[104.7725699,-3.3448616],[104.7725826,-3.3450558],[104.7725934,-3.3452298],[104.7726108,-3.3454407],[104.7726604,-3.3458972],[104.7726818,-3.346067],[104.7727194,-3.3464475],[104.7727379,-3.3467196],[104.7727624,-3.3469107],[104.7727852,-3.3471711],[104.7727959,-3.3472889],[104.7728187,-3.3474415],[104.7728442,-3.347631],[104.7728876,-3.3479649],[104.7729004,-3.3480203],[104.7729226,-3.3481317],[104.7729582,-3.3482899],[104.7729868,-3.3483945],[104.7731003,-3.3487524],[104.7731895,-3.3490321],[104.7731961,-3.3490529],[104.7732867,-3.3493306],[104.7733576,-3.349551],[104.7735221,-3.3500312],[104.7736318,-3.3503577],[104.7737011,-3.3505871],[104.7737742,-3.3508341],[104.7738057,-3.3509311],[104.7738446,-3.351065],[104.7739103,-3.3513261],[104.7739358,-3.3514827],[104.773964,-3.3517331],[104.773972,-3.3518482],[104.7739707,-3.3519754],[104.7739613,-3.3521019],[104.7739472,-3.3522104],[104.773916,-3.3523754],[104.7738896,-3.3524848],[104.7738554,-3.352602],[104.7738198,-3.3527339],[104.7737556,-3.3529144],[104.7736629,-3.3530994],[104.7735791,-3.3532389],[104.7735513,-3.3532881],[104.7734343,-3.3534682],[104.7733531,-3.3535907],[104.7732673,-3.3537072],[104.7731198,-3.3538939],[104.7729971,-3.3540492],[104.7728784,-3.3541992],[104.7727402,-3.3543692],[104.7723372,-3.354878],[104.7719698,-3.355376],[104.7716868,-3.3558044],[104.7715218,-3.3560615],[104.7713327,-3.3563854],[104.7711624,-3.356674],[104.7709237,-3.3570716],[104.7704892,-3.3578046],[104.7703725,-3.3580148],[104.7701807,-3.3583615],[104.7698924,-3.3588689],[104.7696953,-3.3591976],[104.7696054,-3.3593643],[104.7694203,-3.3596521],[104.7693439,-3.3597418],[104.7692701,-3.3598074],[104.7686471,-3.3602717],[104.7685017,-3.3603578],[104.7676389,-3.3609414],[104.7675862,-3.3609682],[104.7670746,-3.3613148],[104.7670297,-3.3613452],[104.7666456,-3.3616223],[104.7664194,-3.3617715],[104.765529,-3.3624],[104.7647472,-3.3629395],[104.7625502,-3.3644572],[104.7624959,-3.3644956],[104.7620179,-3.3648122],[104.7619943,-3.3648278],[104.7594478,-3.3665526],[104.7585064,-3.3677495],[104.7583681,-3.3679715],[104.7582209,-3.3682138],[104.7581638,-3.3683198],[104.7579862,-3.3686494],[104.7577979,-3.3690274],[104.757731,-3.3691616],[104.7575027,-3.3696368],[104.7573888,-3.3699079],[104.7573367,-3.370032],[104.7571792,-3.3704447],[104.7570033,-3.3708876],[104.7567838,-3.3714645],[104.7566222,-3.3718605],[104.7563431,-3.3725265],[104.7560697,-3.373211],[104.7558394,-3.3737836],[104.7556785,-3.3741995],[104.7555257,-3.3745671],[104.7554121,-3.3748123],[104.7552808,-3.3751166],[104.7551689,-3.3753759],[104.7549972,-3.3757821],[104.7549874,-3.3758053],[104.7548305,-3.3762797],[104.7547084,-3.3765556],[104.7545771,-3.3767443],[104.7544222,-3.3768904],[104.7541392,-3.3771467],[104.7535407,-3.3777052],[104.7531115,-3.3781236],[104.7526453,-3.3785577],[104.7519193,-3.3792691],[104.7514625,-3.3797286],[104.7510885,-3.3801058],[104.7507494,-3.3804473],[104.7503297,-3.3808463],[104.7498928,-3.3812785],[104.7495095,-3.3816591],[104.7491608,-3.3820011],[104.7486123,-3.3825439],[104.7481527,-3.3829977],[104.7480884,-3.3830626],[104.7478152,-3.3833382],[104.7471681,-3.383981],[104.7466958,-3.3844348],[104.746337,-3.3847905],[104.7459641,-3.3851768],[104.7456015,-3.3855429],[104.7451771,-3.3859674],[104.7447099,-3.3864283],[104.7443523,-3.3868208],[104.7439484,-3.3872429],[104.7436333,-3.3875653],[104.7432242,-3.3879914],[104.742963,-3.38828],[104.7426864,-3.3885563],[104.7424993,-3.3887488],[104.7423239,-3.3889549],[104.7421499,-3.3891961],[104.741991,-3.3894592],[104.741749,-3.3899048],[104.7415705,-3.3902387],[104.7413211,-3.3907416],[104.7410264,-3.3912899],[104.7407676,-3.3917648],[104.740485,-3.3923068],[104.7402145,-3.3927829],[104.7399964,-3.3931815],[104.7397639,-3.3936516],[104.7394846,-3.3942077],[104.7391815,-3.3948199],[104.7388386,-3.3954999],[104.7385393,-3.396101],[104.7382634,-3.3966961],[104.7380473,-3.3971771],[104.7377758,-3.3977974],[104.7375391,-3.39835],[104.7372887,-3.398924],[104.7370459,-3.3995035],[104.7368831,-3.3999182],[104.7367262,-3.4003785],[104.7366216,-3.4007371],[104.7364163,-3.4012288],[104.7362267,-3.4017162],[104.7360086,-3.4023281],[104.7358517,-3.4027554],[104.7356772,-3.4031875],[104.7355156,-3.4034475],[104.7354031,-3.4035888],[104.7353302,-3.4036804],[104.7351503,-3.4038411],[104.7348532,-3.4040443],[104.7344804,-3.4042424],[104.7340967,-3.4044409],[104.7336748,-3.4046573],[104.7333806,-3.4048105],[104.7331922,-3.4049005],[104.7327822,-3.4051146],[104.7323898,-3.4053365],[104.7319476,-3.4055628],[104.7314282,-3.4058227],[104.7310866,-3.4060204],[104.7309967,-3.406067],[104.7305794,-3.4062831],[104.7301437,-3.4064974],[104.7297125,-3.4067214],[104.729228,-3.4069883],[104.7287241,-3.4072418],[104.7283561,-3.4074282],[104.7279174,-3.4076593],[104.7276435,-3.4078205],[104.7273355,-3.407988],[104.7270051,-3.4081561],[104.7266304,-3.4083627],[104.7262475,-3.4085538],[104.7258815,-3.4087431],[104.7255481,-3.4089048],[104.7252203,-3.4090545],[104.7249375,-3.409193],[104.7247174,-3.4093036],[104.7244069,-3.4094492],[104.7240719,-3.4096073],[104.7237428,-3.4097574],[104.7234442,-3.4098911],[104.7232122,-3.4099993],[104.7228869,-3.4101411],[104.7225634,-3.4102783],[104.7220237,-3.4104928],[104.7216394,-3.4106399],[104.7211523,-3.4108129],[104.7207492,-3.4109593],[104.720453,-3.4110823],[104.7201309,-3.4111934],[104.7197733,-3.4113366],[104.7192731,-3.4114958],[104.718837,-3.4116369],[104.7184063,-3.4117702],[104.7179935,-3.4119],[104.7175313,-3.4120431],[104.7172183,-3.4121272],[104.7168373,-3.412245],[104.7163438,-3.4123926],[104.7159322,-3.4125195],[104.7155708,-3.4126433],[104.7151952,-3.4127787],[104.7148239,-3.4129256],[104.7145794,-3.4130209],[104.7141257,-3.4132104],[104.7138192,-3.4133246],[104.7133696,-3.413492],[104.7129462,-3.4136628],[104.7125829,-3.413799],[104.7121548,-3.4139555],[104.7117775,-3.4141029],[104.711574,-3.4141766],[104.7113905,-3.414249],[104.7110468,-3.414392],[104.7107267,-3.4145127],[104.7102999,-3.414685],[104.7102411,-3.4147016],[104.7102001,-3.4147163],[104.7099101,-3.4148199],[104.7095255,-3.4149756],[104.7092501,-3.4150842],[104.7089622,-3.4152171],[104.7086337,-3.4153642],[104.7084197,-3.4154697],[104.7081895,-3.415565],[104.7079991,-3.4156512],[104.7078606,-3.4157305],[104.7077997,-3.4157563],[104.7076542,-3.4158331],[104.7073616,-3.4159657],[104.707053,-3.41612],[104.706688,-3.4163017],[104.7063834,-3.4164712],[104.7060867,-3.4166451],[104.7056387,-3.4169022],[104.7053785,-3.41705],[104.7051698,-3.4171789],[104.705108,-3.4172218],[104.7049745,-3.4173092],[104.7047729,-3.4174002],[104.7047075,-3.4174303],[104.7043823,-3.4176204],[104.7042183,-3.417704],[104.7039499,-3.4178609],[104.7037603,-3.4179821],[104.7035923,-3.4180896],[104.7032273,-3.4183254],[104.7026664,-3.4187292],[104.7023413,-3.4189584],[104.7020146,-3.419192],[104.7014467,-3.4196067],[104.700848,-3.4200452],[104.7003718,-3.4204045],[104.6997687,-3.4208526],[104.6992976,-3.4211869],[104.6986724,-3.4216341],[104.6981362,-3.4220302],[104.698034,-3.4220977],[104.6976254,-3.4224003],[104.6970683,-3.4228455],[104.6966637,-3.4231613],[104.6961979,-3.4235283],[104.6958975,-3.4237638],[104.6955706,-3.4240351],[104.6952088,-3.4243244],[104.6948236,-3.4246467],[104.6944229,-3.4249676],[104.6940021,-3.4253106],[104.6934327,-3.4257629],[104.6929264,-3.4261566],[104.6925281,-3.4264774],[104.692031,-3.4268731],[104.6915845,-3.427214],[104.69111,-3.427549],[104.6909535,-3.4276603],[104.6906218,-3.4278962],[104.6901439,-3.4282181],[104.6898149,-3.4284401],[104.6896596,-3.4285288],[104.6894169,-3.4286931],[104.6890254,-3.4289516],[104.6885462,-3.4292803],[104.6883023,-3.4294466],[104.6879775,-3.4296518],[104.6876626,-3.429854],[104.6872237,-3.4301394],[104.6868142,-3.4304184],[104.6863909,-3.4306981],[104.6859696,-3.4309864],[104.6855362,-3.4312791],[104.685257,-3.4314684],[104.6851496,-3.4315502],[104.6847756,-3.43179],[104.6845871,-3.4319363],[104.684164,-3.4322533],[104.6838072,-3.4324742],[104.683388,-3.4327858],[104.6829391,-3.4331237],[104.6825498,-3.4333632],[104.6824945,-3.4334107]]}},{"type":"Feature","properties":{"segmentId":"osm-gaul2-73814-7668600126-7668600118-0","regionId":"gaul2-73814","province":"Sumatera Selatan","region":"Ogan Ilir","roadName":"Unnamed OSM road","highway":"tertiary","lengthMeters":30.214,"osmWayIds":["821310012"],"u":"7668600126","v":"7668600118","key":0,"oneway":false,"source":"OpenStreetMap"},"geometry":{"type":"LineString","coordinates":[[104.7742703,-3.3402444],[104.7743485,-3.3402495],[104.7744397,-3.3402285],[104.7745399,-3.3402306]]}},{"type":"Feature","properties":{"segmentId":"osm-gaul2-73814-7673005865-7678986141-0","regionId":"gaul2-73814","province":"Sumatera Selatan","region":"Ogan Ilir","roadName":"Jalan Lintas Timur Palembang-Prabumulih","highway":"trunk","lengthMeters":4699.42,"osmWayIds":["823695168"],"u":"7673005865","v":"7678986141","key":0,"oneway":false,"source":"OpenStreetMap"},"geometry":{"type":"LineString","coordinates":[[104.6941794,-3.1442024],[104.6941776,-3.1443928],[104.6941415,-3.1446994],[104.6941301,-3.1448409],[104.6941187,-3.1449927],[104.6941401,-3.1451748],[104.694187,-3.1454399],[104.6942568,-3.1456542],[104.6945035,-3.1462072],[104.6946216,-3.1465661],[104.6947235,-3.1469303],[104.6948469,-3.1475168],[104.6949206,-3.1478061],[104.6950413,-3.1482051],[104.6954477,-3.1492536],[104.6955375,-3.149496],[104.6955858,-3.149654],[104.6956207,-3.149796],[104.6956475,-3.1499486],[104.6956623,-3.150128],[104.6956676,-3.1503597],[104.6956596,-3.1505258],[104.6956153,-3.1508123],[104.6955684,-3.1510118],[104.6953578,-3.1516881],[104.6953243,-3.1518394],[104.6952894,-3.1520349],[104.695276,-3.1521688],[104.69528,-3.1522706],[104.6952948,-3.1524299],[104.6954557,-3.153224],[104.6954745,-3.1533351],[104.6954785,-3.1534972],[104.6954665,-3.1536418],[104.6954396,-3.1537851],[104.6953741,-3.1539609],[104.6952693,-3.1541292],[104.694926,-3.1545617],[104.6947637,-3.1547639],[104.6946846,-3.1548791],[104.6946403,-3.1549621],[104.6945572,-3.1551496],[104.6945129,-3.1552848],[104.6944861,-3.1554442],[104.694474,-3.1555459],[104.6944995,-3.1562838],[104.6945022,-3.1565663],[104.6944901,-3.1568609],[104.6944392,-3.157351],[104.694297,-3.1583928],[104.6942702,-3.1586593],[104.694242,-3.1594908],[104.6942407,-3.1596877],[104.6942273,-3.1598591],[104.694179,-3.1601631],[104.6941039,-3.1604469],[104.6940315,-3.1606531],[104.6939443,-3.160862],[104.6938585,-3.1610509],[104.6937338,-3.1612504],[104.6934468,-3.1615677],[104.6932268,-3.1617806],[104.6930404,-3.1619802],[104.6929291,-3.162098],[104.6927722,-3.1623189],[104.6926032,-3.1626323],[104.6925852,-3.1626829],[104.6924463,-3.1630742],[104.6923833,-3.163263],[104.6923189,-3.1634022],[104.6922585,-3.1634946],[104.6920319,-3.1638147],[104.6919394,-3.1639138],[104.6917878,-3.1640463],[104.6915652,-3.1642084],[104.6912178,-3.1643704],[104.6905674,-3.1645927],[104.6903354,-3.1646543],[104.6900208,-3.1647567],[104.6895495,-3.16491],[104.6892397,-3.1650319],[104.6890211,-3.165139],[104.6887717,-3.165305],[104.6884391,-3.1655447],[104.6881387,-3.1658581],[104.6878637,-3.1662866],[104.6874024,-3.1670016],[104.687224,-3.1673578],[104.6870349,-3.1677796],[104.6864122,-3.1698499],[104.6858682,-3.1707376],[104.6856187,-3.1712009],[104.6855128,-3.171387],[104.6851292,-3.1728814],[104.685038,-3.1732322],[104.684861,-3.173567],[104.6846625,-3.1738562],[104.6845767,-3.1739312],[104.6839491,-3.1744481],[104.6831296,-3.1750413],[104.6827098,-3.1753806],[104.6825945,-3.1754738],[104.681991,-3.1760965],[104.6815203,-3.1765812],[104.680886,-3.1770231],[104.6794859,-3.1779751],[104.6793437,-3.1781104],[104.6785189,-3.1791107]]}},{"type":"Feature","properties":{"segmentId":"osm-gaul2-73814-7673005865-8912948940-0","regionId":"gaul2-73814","province":"Sumatera Selatan","region":"Ogan Ilir","roadName":"Jalan Lintas Timur Palembang-Prabumulih","highway":"trunk","lengthMeters":434.791,"osmWayIds":["963558146","963558147"],"u":"7673005865","v":"8912948940","key":0,"oneway":true,"source":"OpenStreetMap"},"geometry":{"type":"LineString","coordinates":[[104.6941794,-3.1442024],[104.6941885,-3.1439483],[104.6945089,-3.1432384],[104.695081,-3.1425375],[104.6952772,-3.1423865],[104.6955025,-3.1422339],[104.6956879,-3.1421163],[104.6958302,-3.1420287],[104.6959683,-3.1419462],[104.6961495,-3.1418663],[104.6968197,-3.1416316]]}},{"type":"Feature","properties":{"segmentId":"osm-gaul2-73814-7678986141-7673005865-0","regionId":"gaul2-73814","province":"Sumatera Selatan","region":"Ogan Ilir","roadName":"Jalan Lintas Timur Palembang-Prabumulih","highway":"trunk","lengthMeters":4699.42,"osmWayIds":["823695168"],"u":"7678986141","v":"7673005865","key":0,"oneway":false,"source":"OpenStreetMap"},"geometry":{"type":"LineString","coordinates":[[104.6785189,-3.1791107],[104.6793437,-3.1781104],[104.6794859,-3.1779751],[104.680886,-3.1770231],[104.6815203,-3.1765812],[104.681991,-3.1760965],[104.6825945,-3.1754738],[104.6827098,-3.1753806],[104.6831296,-3.1750413],[104.6839491,-3.1744481],[104.6845767,-3.1739312],[104.6846625,-3.1738562],[104.684861,-3.173567],[104.685038,-3.1732322],[104.6851292,-3.1728814],[104.6855128,-3.171387],[104.6856187,-3.1712009],[104.6858682,-3.1707376],[104.6864122,-3.1698499],[104.6870349,-3.1677796],[104.687224,-3.1673578],[104.6874024,-3.1670016],[104.6878637,-3.1662866],[104.6881387,-3.1658581],[104.6884391,-3.1655447],[104.6887717,-3.165305],[104.6890211,-3.165139],[104.6892397,-3.1650319],[104.6895495,-3.16491],[104.6900208,-3.1647567],[104.6903354,-3.1646543],[104.6905674,-3.1645927],[104.6912178,-3.1643704],[104.6915652,-3.1642084],[104.6917878,-3.1640463],[104.6919394,-3.1639138],[104.6920319,-3.1638147],[104.6922585,-3.1634946],[104.6923189,-3.1634022],[104.6923833,-3.163263],[104.6924463,-3.1630742],[104.6925852,-3.1626829],[104.6926032,-3.1626323],[104.6927722,-3.1623189],[104.6929291,-3.162098],[104.6930404,-3.1619802],[104.6932268,-3.1617806],[104.6934468,-3.1615677],[104.6937338,-3.1612504],[104.6938585,-3.1610509],[104.6939443,-3.160862],[104.6940315,-3.1606531],[104.6941039,-3.1604469],[104.694179,-3.1601631],[104.6942273,-3.1598591],[104.6942407,-3.1596877],[104.694242,-3.1594908],[104.6942702,-3.1586593],[104.694297,-3.1583928],[104.6944392,-3.157351],[104.6944901,-3.1568609],[104.6945022,-3.1565663],[104.6944995,-3.1562838],[104.694474,-3.1555459],[104.6944861,-3.1554442],[104.6945129,-3.1552848],[104.6945572,-3.1551496],[104.6946403,-3.1549621],[104.6946846,-3.1548791],[104.6947637,-3.1547639],[104.694926,-3.1545617],[104.6952693,-3.1541292],[104.6953741,-3.1539609],[104.6954396,-3.1537851],[104.6954665,-3.1536418],[104.6954785,-3.1534972],[104.6954745,-3.1533351],[104.6954557,-3.153224],[104.6952948,-3.1524299],[104.69528,-3.1522706],[104.695276,-3.1521688],[104.6952894,-3.1520349],[104.6953243,-3.1518394],[104.6953578,-3.1516881],[104.6955684,-3.1510118],[104.6956153,-3.1508123],[104.6956596,-3.1505258],[104.6956676,-3.1503597],[104.6956623,-3.150128],[104.6956475,-3.1499486],[104.6956207,-3.149796],[104.6955858,-3.149654],[104.6955375,-3.149496],[104.6954477,-3.1492536],[104.6950413,-3.1482051],[104.6949206,-3.1478061],[104.6948469,-3.1475168],[104.6947235,-3.1469303],[104.6946216,-3.1465661],[104.6945035,-3.1462072],[104.6942568,-3.1456542],[104.694187,-3.1454399],[104.6941401,-3.1451748],[104.6941187,-3.1449927],[104.6941301,-3.1448409],[104.6941415,-3.1446994],[104.6941776,-3.1443928],[104.6941794,-3.1442024]]}},{"type":"Feature","properties":{"segmentId":"osm-gaul2-73814-7678986141-7713628598-0","regionId":"gaul2-73814","province":"Sumatera Selatan","region":"Ogan Ilir","roadName":"Jalan Lintas Timur Palembang-Prabumulih","highway":"trunk","lengthMeters":1055.509,"osmWayIds":["823695166"],"u":"7678986141","v":"7713628598","key":0,"oneway":true,"source":"OpenStreetMap"},"geometry":{"type":"LineString","coordinates":[[104.6785189,-3.1791107],[104.6784773,-3.179199],[104.6784183,-3.1792834],[104.6776123,-3.1803185],[104.6773387,-3.1807563],[104.6768586,-3.181778],[104.6764072,-3.1827853],[104.6756053,-3.1844641],[104.675046,-3.1855807],[104.6748725,-3.1858647],[104.6744125,-3.186636],[104.6740747,-3.1871968],[104.6739511,-3.187402]]}},{"type":"Feature","properties":{"segmentId":"osm-gaul2-73814-7690512157-7690512158-0","regionId":"gaul2-73814","province":"Sumatera Selatan","region":"Ogan Ilir","roadName":"Unnamed OSM road","highway":"trunk_link","lengthMeters":9.053,"osmWayIds":["823695164"],"u":"7690512157","v":"7690512158","key":0,"oneway":false,"source":"OpenStreetMap"},"geometry":{"type":"LineString","coordinates":[[104.6702108,-3.1937811],[104.6701545,-3.1937222]]}},{"type":"Feature","properties":{"segmentId":"osm-gaul2-73814-7690512157-7690523590-0","regionId":"gaul2-73814","province":"Sumatera Selatan","region":"Ogan Ilir","roadName":"Jalan Lintas Timur Palembang-Prabumulih","highway":"trunk","lengthMeters":392.91,"osmWayIds":["823695166"],"u":"7690512157","v":"7690523590","key":0,"oneway":true,"source":"OpenStreetMap"},"geometry":{"type":"LineString","coordinates":[[104.6702108,-3.1937811],[104.6697803,-3.194148],[104.6695402,-3.1943649],[104.6694289,-3.1944707],[104.6693262,-3.1945799],[104.6683192,-3.195805],[104.6680228,-3.1961984],[104.6679452,-3.1963033],[104.6678433,-3.196391]]}},{"type":"Feature","properties":{"segmentId":"osm-gaul2-73814-7690512158-7690512157-0","regionId":"gaul2-73814","province":"Sumatera Selatan","region":"Ogan Ilir","roadName":"Unnamed OSM road","highway":"trunk_link","lengthMeters":9.053,"osmWayIds":["823695164"],"u":"7690512158","v":"7690512157","key":0,"oneway":false,"source":"OpenStreetMap"},"geometry":{"type":"LineString","coordinates":[[104.6701545,-3.1937222],[104.6702108,-3.1937811]]}},{"type":"Feature","properties":{"segmentId":"osm-gaul2-73814-7690512158-7713628590-0","regionId":"gaul2-73814","province":"Sumatera Selatan","region":"Ogan Ilir","roadName":"Jalan Lintas Timur Palembang-Prabumulih","highway":"trunk","lengthMeters":245.668,"osmWayIds":["823695167"],"u":"7690512158","v":"7713628590","key":0,"oneway":true,"source":"OpenStreetMap"},"geometry":{"type":"LineString","coordinates":[[104.6701545,-3.1937222],[104.6704843,-3.1934222],[104.6706077,-3.1932776],[104.670711,-3.1931437],[104.6711266,-3.1923895],[104.6712119,-3.1922243],[104.6713786,-3.1919071]]}},{"type":"Feature","properties":{"segmentId":"osm-gaul2-73814-7690512164-7678986141-0","regionId":"gaul2-73814","province":"Sumatera Selatan","region":"Ogan Ilir","roadName":"Jalan Lintas Timur Palembang-Prabumulih","highway":"trunk","lengthMeters":1057.238,"osmWayIds":["823695165","823695167"],"u":"7690512164","v":"7678986141","key":0,"oneway":true,"source":"OpenStreetMap"},"geometry":{"type":"LineString","coordinates":[[104.6738812,-3.187367],[104.6739959,-3.1871683],[104.6740195,-3.1871275],[104.6743339,-3.186615],[104.6748078,-3.1858058],[104.6749654,-3.1855417],[104.6750119,-3.1854644],[104.6763235,-3.1827502],[104.6769297,-3.1814513],[104.6773025,-3.1806559],[104.67756,-3.1802756],[104.677957,-3.1797561],[104.6783794,-3.1792285],[104.6784532,-3.1791589],[104.6785189,-3.1791107]]}},{"type":"Feature","properties":{"segmentId":"osm-gaul2-73814-7690512164-7713628598-0","regionId":"gaul2-73814","province":"Sumatera Selatan","region":"Ogan Ilir","roadName":"Unnamed OSM road","highway":"trunk_link","lengthMeters":8.682,"osmWayIds":["826147712"],"u":"7690512164","v":"7713628598","key":0,"oneway":false,"source":"OpenStreetMap"},"geometry":{"type":"LineString","coordinates":[[104.6738812,-3.187367],[104.6739511,-3.187402]]}},{"type":"Feature","properties":{"segmentId":"osm-gaul2-73814-7690512177-7713628591-0","regionId":"gaul2-73814","province":"Sumatera Selatan","region":"Ogan Ilir","roadName":"Jalan Lintas Timur Palembang-Prabumulih","highway":"trunk","lengthMeters":95.248,"osmWayIds":["823695166"],"u":"7690512177","v":"7713628591","key":0,"oneway":true,"source":"OpenStreetMap"},"geometry":{"type":"LineString","coordinates":[[104.6718564,-3.1911807],[104.671694,-3.1915027],[104.6716309,-3.1916419],[104.671458,-3.1919386]]}},{"type":"Feature","properties":{"segmentId":"osm-gaul2-73814-7690512177-7713628595-0","regionId":"gaul2-73814","province":"Sumatera Selatan","region":"Ogan Ilir","roadName":"Unnamed OSM road","highway":"trunk_link","lengthMeters":9.765,"osmWayIds":["826147709"],"u":"7690512177","v":"7713628595","key":0,"oneway":false,"source":"OpenStreetMap"},"geometry":{"type":"LineString","coordinates":[[104.6718564,-3.1911807],[104.6717791,-3.1911388]]}},{"type":"Feature","properties":{"segmentId":"osm-gaul2-73814-7690512179-5785524725-0","regionId":"gaul2-73814","province":"Sumatera Selatan","region":"Ogan Ilir","roadName":"Unnamed OSM road","highway":"tertiary","lengthMeters":7825.839,"osmWayIds":["536540183","610949022","612473360","807838228","807838229","820855937","827232123","827232124","827232125","827232126"],"u":"7690512179","v":"5785524725","key":0,"oneway":false,"source":"OpenStreetMap"},"geometry":{"type":"LineString","coordinates":[[104.6712917,-3.1922412],[104.6733785,-3.1928223],[104.6736333,-3.1929134],[104.6738639,-3.1929643],[104.6741912,-3.1930018],[104.6762297,-3.1931865],[104.6772462,-3.1932374],[104.6791023,-3.1934249],[104.6812883,-3.1935749],[104.6816128,-3.1936124],[104.6818274,-3.1936659],[104.6820822,-3.193765],[104.6822754,-3.1939016],[104.684574,-3.1960869],[104.6849441,-3.1963225],[104.6857488,-3.196676],[104.6869236,-3.196976],[104.6883506,-3.1973616],[104.6899036,-3.1975357],[104.6900618,-3.1975598],[104.6910381,-3.1976267],[104.6912071,-3.1976321],[104.6914405,-3.197608],[104.6916872,-3.1975116],[104.6930719,-3.1968716],[104.6932616,-3.1968209],[104.6937397,-3.1968986],[104.694008,-3.1967922],[104.6967056,-3.196834],[104.697462,-3.1968427],[104.7018716,-3.196893],[104.7053665,-3.1969413],[104.7068082,-3.1969612],[104.7125387,-3.1970456],[104.713169,-3.197071],[104.7133568,-3.197069],[104.7136451,-3.1970563],[104.7136787,-3.1970567],[104.7137678,-3.1970563],[104.7170958,-3.1971045],[104.7185925,-3.197128],[104.7186877,-3.19715],[104.7187453,-3.1971741],[104.7188017,-3.1972009],[104.7189827,-3.1973429],[104.7191036,-3.197458],[104.7191852,-3.1975357],[104.7194535,-3.197857],[104.7195514,-3.1979602],[104.7197109,-3.1980847],[104.7198451,-3.1981583],[104.7200315,-3.1982494],[104.7204941,-3.1984382],[104.7206638,-3.1985136],[104.7208858,-3.1986123],[104.7211325,-3.1987462],[104.7215644,-3.1990166],[104.7216192,-3.199059],[104.7218956,-3.1992724],[104.7220981,-3.1993594],[104.7222295,-3.199413],[104.7224012,-3.1994612],[104.7225365,-3.1994953],[104.722656,-3.1995255],[104.7230396,-3.1996299],[104.7231978,-3.1996754],[104.7233319,-3.199729],[104.7237048,-3.1999124],[104.7239294,-3.2000008],[104.7240353,-3.2000196],[104.7241782,-3.2000323],[104.7242888,-3.2000229],[104.7244893,-3.1999767],[104.724905,-3.1997866],[104.725247,-3.1996594],[104.7255919,-3.1995407],[104.7259122,-3.1994304],[104.7262421,-3.1993159],[104.726674,-3.1992456],[104.727026,-3.1992188],[104.7271581,-3.1992289],[104.7272681,-3.1992483],[104.7273391,-3.1992684],[104.7274531,-3.1993239],[104.7275584,-3.1993875],[104.7276288,-3.1994505],[104.727948,-3.1998468],[104.7282028,-3.2001548],[104.7285005,-3.2005431],[104.7286937,-3.2008163],[104.728801,-3.2009368],[104.7289149,-3.2010345],[104.7291268,-3.2011832],[104.7293517,-3.2013351],[104.7295211,-3.2014496],[104.7296572,-3.2015474],[104.7299623,-3.2017951],[104.730256,-3.2020374],[104.7305156,-3.2022597],[104.7308904,-3.2025248],[104.731349,-3.2027819],[104.7317567,-3.2029942],[104.7319351,-3.2030618],[104.732096,-3.203102],[104.7322731,-3.2031087],[104.7324125,-3.2030872],[104.7326472,-3.2030029],[104.7329101,-3.2028904],[104.7331247,-3.2027886],[104.733354,-3.2026882],[104.7336102,-3.2026052],[104.7338475,-3.2025382],[104.7341265,-3.2024833],[104.7343384,-3.2024432],[104.7345811,-3.2024191],[104.7349928,-3.2024003],[104.7352302,-3.2024043],[104.7354729,-3.202409],[104.7355863,-3.2023997],[104.735715,-3.2023901],[104.7359123,-3.2023163],[104.7361718,-3.2021974],[104.7365928,-3.2019718],[104.736869,-3.2018272],[104.7372352,-3.2015849],[104.7374638,-3.2014161]]}},{"type":"Feature","properties":{"segmentId":"osm-gaul2-73814-7690512179-7690512157-0","regionId":"gaul2-73814","province":"Sumatera Selatan","region":"Ogan Ilir","roadName":"Jalan Lintas Timur Palembang-Prabumulih","highway":"trunk","lengthMeters":211.359,"osmWayIds":["823695166"],"u":"7690512179","v":"7690512157","key":0,"oneway":true,"source":"OpenStreetMap"},"geometry":{"type":"LineString","coordinates":[[104.6712917,-3.1922412],[104.6712005,-3.1924099],[104.6707861,-3.1931785],[104.6707258,-3.1932669],[104.6706587,-3.1933526],[104.6705291,-3.1935004],[104.6702108,-3.1937811]]}},{"type":"Feature","properties":{"segmentId":"osm-gaul2-73814-7690523590-2060196277-0","regionId":"gaul2-73814","province":"Sumatera Selatan","region":"Ogan Ilir","roadName":"Jalan Lintas Timur Palembang-Prabumulih","highway":"trunk","lengthMeters":1405.433,"osmWayIds":["828755187"],"u":"7690523590","v":"2060196277","key":0,"oneway":false,"source":"OpenStreetMap"},"geometry":{"type":"LineString","coordinates":[[104.6678433,-3.196391],[104.6676736,-3.1966333],[104.6674976,-3.1969027],[104.667457,-3.1969689],[104.6673363,-3.197166],[104.6671343,-3.1975009],[104.667035,-3.1976602],[104.6669412,-3.1977901],[104.6667174,-3.1980666],[104.6665978,-3.1982132],[104.6664892,-3.1983217],[104.6663551,-3.1984529],[104.6662197,-3.1985614],[104.6660601,-3.1986872],[104.6659447,-3.1987743],[104.6658321,-3.198856],[104.6657127,-3.1989242],[104.6655411,-3.1989805],[104.665356,-3.1990073],[104.6652339,-3.1990032],[104.6651267,-3.1989966],[104.6650046,-3.1989724],[104.6648611,-3.1989296],[104.6641342,-3.1987375],[104.6639433,-3.1986766],[104.663876,-3.1986551],[104.6637648,-3.1986257],[104.6636145,-3.1985995],[104.6634938,-3.1985882],[104.6633752,-3.1985908],[104.6628816,-3.1985908],[104.662309,-3.1986096],[104.6618704,-3.198627],[104.661279,-3.1986591],[104.6608901,-3.1986913],[104.6607158,-3.1987033],[104.6605495,-3.1987221],[104.6597569,-3.1988493],[104.6590099,-3.1989872],[104.6588396,-3.199034],[104.6587256,-3.1990675],[104.6584345,-3.199184],[104.6583125,-3.1992617],[104.6581905,-3.1993501],[104.6579653,-3.1995027],[104.657084,-3.200237],[104.6569399,-3.200357]]}},{"type":"Feature","properties":{"segmentId":"osm-gaul2-73814-7690523590-7690512158-0","regionId":"gaul2-73814","province":"Sumatera Selatan","region":"Ogan Ilir","roadName":"Jalan Lintas Timur Palembang-Prabumulih","highway":"trunk","lengthMeters":395.017,"osmWayIds":["823695167"],"u":"7690523590","v":"7690512158","key":0,"oneway":true,"source":"OpenStreetMap"},"geometry":{"type":"LineString","coordinates":[[104.6678433,-3.196391],[104.6678772,-3.1962729],[104.6679497,-3.1961485],[104.6682608,-3.1957521],[104.6692581,-3.1945351],[104.6693806,-3.1944104],[104.6694933,-3.1943006],[104.6697025,-3.1941131],[104.6701545,-3.1937222]]}},{"type":"Feature","properties":{"segmentId":"osm-gaul2-73814-7701023621-7737106502-0","regionId":"gaul2-73814","province":"Sumatera Selatan","region":"Ogan Ilir","roadName":"Jalan Lintas Timur","highway":"trunk","lengthMeters":192.012,"osmWayIds":["828827487","828827489"],"u":"7701023621","v":"7737106502","key":0,"oneway":true,"source":"OpenStreetMap"},"geometry":{"type":"LineString","coordinates":[[104.6649174,-3.2207922],[104.6649543,-3.220915],[104.6653275,-3.2222319],[104.6653466,-3.2224611]]}},{"type":"Feature","properties":{"segmentId":"osm-gaul2-73814-7701023625-5462628183-0","regionId":"gaul2-73814","province":"Sumatera Selatan","region":"Ogan Ilir","roadName":"Simpang Susun Indralaya","highway":"motorway_link","lengthMeters":34.131,"osmWayIds":["807838234"],"u":"7701023625","v":"5462628183","key":0,"oneway":true,"source":"OpenStreetMap"},"geometry":{"type":"LineString","coordinates":[[104.6650924,-3.2203612],[104.6649142,-3.2204578],[104.6648215,-3.2205063]]}},{"type":"Feature","properties":{"segmentId":"osm-gaul2-73814-7701023625-7701023621-0","regionId":"gaul2-73814","province":"Sumatera Selatan","region":"Ogan Ilir","roadName":"Unnamed OSM road","highway":"motorway_link","lengthMeters":56.35,"osmWayIds":["824739676"],"u":"7701023625","v":"7701023621","key":0,"oneway":true,"source":"OpenStreetMap"},"geometry":{"type":"LineString","coordinates":[[104.6650924,-3.2203612],[104.6649604,-3.2204661],[104.6649222,-3.2205478],[104.6649067,-3.2206],[104.6649,-3.2206609],[104.6649174,-3.2207922]]}},{"type":"Feature","properties":{"segmentId":"osm-gaul2-73814-7701023626-7554391157-0","regionId":"gaul2-73814","province":"Sumatera Selatan","region":"Ogan Ilir","roadName":"Simpang Susun Indralaya","highway":"motorway_link","lengthMeters":3055.245,"osmWayIds":["1184770826","807838232","807838235","833609923","833609924"],"u":"7701023626","v":"7554391157","key":0,"oneway":true,"source":"OpenStreetMap"},"geometry":{"type":"LineString","coordinates":[[104.6651162,-3.2201883],[104.6703056,-3.2173544],[104.6731011,-3.2158108],[104.6733774,-3.2156582],[104.6785697,-3.2128487],[104.6797014,-3.2121929],[104.6797786,-3.2121489],[104.6798389,-3.2121155],[104.6809091,-3.2115652],[104.6840809,-3.2098066],[104.6850362,-3.2092073],[104.6856739,-3.208766],[104.6863564,-3.2082526],[104.6869567,-3.2077505],[104.6875734,-3.2071912],[104.6880524,-3.2067128],[104.6886285,-3.206105]]}},{"type":"Feature","properties":{"segmentId":"osm-gaul2-73814-7701023630-5462628182-0","regionId":"gaul2-73814","province":"Sumatera Selatan","region":"Ogan Ilir","roadName":"Jalan Lintas Timur","highway":"trunk","lengthMeters":55.767,"osmWayIds":["828827489"],"u":"7701023630","v":"5462628182","key":0,"oneway":true,"source":"OpenStreetMap"},"geometry":{"type":"LineString","coordinates":[[104.6646526,-3.2199164],[104.6647476,-3.2202671],[104.6647544,-3.2202894],[104.6647877,-3.2203994]]}},{"type":"Feature","properties":{"segmentId":"osm-gaul2-73814-7701023630-7701023626-0","regionId":"gaul2-73814","province":"Sumatera Selatan","region":"Ogan Ilir","roadName":"Unnamed OSM road","highway":"motorway_link","lengthMeters":70.759,"osmWayIds":["824739677"],"u":"7701023630","v":"7701023626","key":0,"oneway":true,"source":"OpenStreetMap"},"geometry":{"type":"LineString","coordinates":[[104.6646526,-3.2199164],[104.6647579,-3.2201381],[104.6648531,-3.220213],[104.6649322,-3.2202318],[104.6651162,-3.2201883]]}},{"type":"Feature","properties":{"segmentId":"osm-gaul2-73814-7710555521-5305671774-0","regionId":"gaul2-73814","province":"Sumatera Selatan","region":"Ogan Ilir","roadName":"Jalan Lintas Timur","highway":"trunk","lengthMeters":1348.109,"osmWayIds":["824093160"],"u":"7710555521","v":"5305671774","key":0,"oneway":false,"source":"OpenStreetMap"},"geometry":{"type":"LineString","coordinates":[[104.8049811,-3.3622481],[104.8048335,-3.3621811],[104.8045318,-3.3620151],[104.804167,-3.3618237],[104.8037311,-3.3615961],[104.8034254,-3.3614381],[104.8031062,-3.3612774],[104.8028259,-3.3611489],[104.8026918,-3.3610485],[104.8025805,-3.3609655],[104.8024839,-3.3608731],[104.8024102,-3.360774],[104.802327,-3.3606509],[104.8022144,-3.3604822],[104.8020963,-3.3603068],[104.802044,-3.3602184],[104.8017731,-3.3597847],[104.8015559,-3.3594285],[104.80147,-3.3592545],[104.8013923,-3.3591099],[104.8013091,-3.3588957],[104.8012581,-3.3587618],[104.8011777,-3.3584593],[104.8010999,-3.3581246],[104.8010516,-3.3578166],[104.800998,-3.3574605],[104.8009095,-3.357083],[104.8008424,-3.356858],[104.8007485,-3.3566171],[104.8006439,-3.356427],[104.8004964,-3.3562047],[104.8003006,-3.355961],[104.8001692,-3.3558031],[104.800019,-3.3556531],[104.7998634,-3.3555192],[104.7996864,-3.3553961],[104.7995147,-3.3552649],[104.7993886,-3.3551256],[104.7992867,-3.3549971],[104.7992304,-3.3549061],[104.7991714,-3.3548097],[104.7991258,-3.354716],[104.7990695,-3.3545419],[104.7990212,-3.3543759],[104.7989997,-3.3542393],[104.7989756,-3.3540974],[104.7989568,-3.3539073],[104.7988898,-3.3535378],[104.7988576,-3.3533611],[104.7987825,-3.3530665],[104.7987449,-3.3529112],[104.798643,-3.352697]]}},{"type":"Feature","properties":{"segmentId":"osm-gaul2-73814-7713628590-7713628591-0","regionId":"gaul2-73814","province":"Sumatera Selatan","region":"Ogan Ilir","roadName":"Unnamed OSM road","highway":"trunk_link","lengthMeters":9.486,"osmWayIds":["826147708"],"u":"7713628590","v":"7713628591","key":0,"oneway":false,"source":"OpenStreetMap"},"geometry":{"type":"LineString","coordinates":[[104.6713786,-3.1919071],[104.671458,-3.1919386]]}},{"type":"Feature","properties":{"segmentId":"osm-gaul2-73814-7713628590-7713628595-0","regionId":"gaul2-73814","province":"Sumatera Selatan","region":"Ogan Ilir","roadName":"Jalan Lintas Timur Palembang-Prabumulih","highway":"trunk","lengthMeters":96.319,"osmWayIds":["823695167"],"u":"7713628590","v":"7713628595","key":0,"oneway":true,"source":"OpenStreetMap"},"geometry":{"type":"LineString","coordinates":[[104.6713786,-3.1919071],[104.6715407,-3.1915987],[104.6715516,-3.1915779],[104.6716189,-3.1914539],[104.6717071,-3.1912744],[104.6717791,-3.1911388]]}},{"type":"Feature","properties":{"segmentId":"osm-gaul2-73814-7713628591-7690512179-0","regionId":"gaul2-73814","province":"Sumatera Selatan","region":"Ogan Ilir","roadName":"Jalan Lintas Timur Palembang-Prabumulih","highway":"trunk","lengthMeters":38.38,"osmWayIds":["823695166"],"u":"7713628591","v":"7690512179","key":0,"oneway":true,"source":"OpenStreetMap"},"geometry":{"type":"LineString","coordinates":[[104.671458,-3.1919386],[104.6712917,-3.1922412]]}},{"type":"Feature","properties":{"segmentId":"osm-gaul2-73814-7713628591-7713628590-0","regionId":"gaul2-73814","province":"Sumatera Selatan","region":"Ogan Ilir","roadName":"Unnamed OSM road","highway":"trunk_link","lengthMeters":9.486,"osmWayIds":["826147708"],"u":"7713628591","v":"7713628590","key":0,"oneway":false,"source":"OpenStreetMap"},"geometry":{"type":"LineString","coordinates":[[104.671458,-3.1919386],[104.6713786,-3.1919071]]}},{"type":"Feature","properties":{"segmentId":"osm-gaul2-73814-7713628595-7690512177-0","regionId":"gaul2-73814","province":"Sumatera Selatan","region":"Ogan Ilir","roadName":"Unnamed OSM road","highway":"trunk_link","lengthMeters":9.765,"osmWayIds":["826147709"],"u":"7713628595","v":"7690512177","key":0,"oneway":false,"source":"OpenStreetMap"},"geometry":{"type":"LineString","coordinates":[[104.6717791,-3.1911388],[104.6718564,-3.1911807]]}},{"type":"Feature","properties":{"segmentId":"osm-gaul2-73814-7713628595-7713628596-0","regionId":"gaul2-73814","province":"Sumatera Selatan","region":"Ogan Ilir","roadName":"Jalan Lintas Timur Palembang-Prabumulih","highway":"trunk","lengthMeters":223.265,"osmWayIds":["823695167"],"u":"7713628595","v":"7713628596","key":0,"oneway":true,"source":"OpenStreetMap"},"geometry":{"type":"LineString","coordinates":[[104.6717791,-3.1911388],[104.6721026,-3.1905293],[104.6724638,-3.1898249],[104.672728,-3.189369]]}},{"type":"Feature","properties":{"segmentId":"osm-gaul2-73814-7713628596-7713628597-0","regionId":"gaul2-73814","province":"Sumatera Selatan","region":"Ogan Ilir","roadName":"Jalan Lintas Timur Palembang-Prabumulih","highway":"trunk","lengthMeters":41.873,"osmWayIds":["823695167"],"u":"7713628596","v":"7713628597","key":0,"oneway":true,"source":"OpenStreetMap"},"geometry":{"type":"LineString","coordinates":[[104.672728,-3.189369],[104.6729131,-3.1890409]]}},{"type":"Feature","properties":{"segmentId":"osm-gaul2-73814-7713628596-7713628599-0","regionId":"gaul2-73814","province":"Sumatera Selatan","region":"Ogan Ilir","roadName":"Unnamed OSM road","highway":"trunk_link","lengthMeters":10.405,"osmWayIds":["826147710"],"u":"7713628596","v":"7713628599","key":0,"oneway":false,"source":"OpenStreetMap"},"geometry":{"type":"LineString","coordinates":[[104.672728,-3.189369],[104.6728165,-3.1893998]]}},{"type":"Feature","properties":{"segmentId":"osm-gaul2-73814-7713628597-7690512164-0","regionId":"gaul2-73814","province":"Sumatera Selatan","region":"Ogan Ilir","roadName":"Jalan Lintas Timur Palembang-Prabumulih","highway":"trunk","lengthMeters":214.953,"osmWayIds":["823695167"],"u":"7713628597","v":"7690512164","key":0,"oneway":true,"source":"OpenStreetMap"},"geometry":{"type":"LineString","coordinates":[[104.6729131,-3.1890409],[104.6731947,-3.1885335],[104.6737339,-3.1876082],[104.6738812,-3.187367]]}},{"type":"Feature","properties":{"segmentId":"osm-gaul2-73814-7713628597-7713628600-0","regionId":"gaul2-73814","province":"Sumatera Selatan","region":"Ogan Ilir","roadName":"Unnamed OSM road","highway":"trunk_link","lengthMeters":10.755,"osmWayIds":["826147711"],"u":"7713628597","v":"7713628600","key":0,"oneway":false,"source":"OpenStreetMap"},"geometry":{"type":"LineString","coordinates":[[104.6729131,-3.1890409],[104.6729942,-3.1890938]]}},{"type":"Feature","properties":{"segmentId":"osm-gaul2-73814-7713628598-7690512164-0","regionId":"gaul2-73814","province":"Sumatera Selatan","region":"Ogan Ilir","roadName":"Unnamed OSM road","highway":"trunk_link","lengthMeters":8.682,"osmWayIds":["826147712"],"u":"7713628598","v":"7690512164","key":0,"oneway":false,"source":"OpenStreetMap"},"geometry":{"type":"LineString","coordinates":[[104.6739511,-3.187402],[104.6738812,-3.187367]]}},{"type":"Feature","properties":{"segmentId":"osm-gaul2-73814-7713628598-7713628600-0","regionId":"gaul2-73814","province":"Sumatera Selatan","region":"Ogan Ilir","roadName":"Jalan Lintas Timur Palembang-Prabumulih","highway":"trunk","lengthMeters":216.113,"osmWayIds":["823695166"],"u":"7713628598","v":"7713628600","key":0,"oneway":true,"source":"OpenStreetMap"},"geometry":{"type":"LineString","coordinates":[[104.6739511,-3.187402],[104.6739236,-3.1874623],[104.6732712,-3.1885736],[104.6729942,-3.1890938]]}},{"type":"Feature","properties":{"segmentId":"osm-gaul2-73814-7713628599-7690512177-0","regionId":"gaul2-73814","province":"Sumatera Selatan","region":"Ogan Ilir","roadName":"Jalan Lintas Timur Palembang-Prabumulih","highway":"trunk","lengthMeters":224.936,"osmWayIds":["823695166"],"u":"7713628599","v":"7690512177","key":0,"oneway":true,"source":"OpenStreetMap"},"geometry":{"type":"LineString","coordinates":[[104.6728165,-3.1893998],[104.6725819,-3.1898002],[104.6721581,-3.1906036],[104.6718564,-3.1911807]]}},{"type":"Feature","properties":{"segmentId":"osm-gaul2-73814-7713628599-7713628596-0","regionId":"gaul2-73814","province":"Sumatera Selatan","region":"Ogan Ilir","roadName":"Unnamed OSM road","highway":"trunk_link","lengthMeters":10.405,"osmWayIds":["826147710"],"u":"7713628599","v":"7713628596","key":0,"oneway":false,"source":"OpenStreetMap"},"geometry":{"type":"LineString","coordinates":[[104.6728165,-3.1893998],[104.672728,-3.189369]]}},{"type":"Feature","properties":{"segmentId":"osm-gaul2-73814-7713628600-7713628597-0","regionId":"gaul2-73814","province":"Sumatera Selatan","region":"Ogan Ilir","roadName":"Unnamed OSM road","highway":"trunk_link","lengthMeters":10.755,"osmWayIds":["826147711"],"u":"7713628600","v":"7713628597","key":0,"oneway":false,"source":"OpenStreetMap"},"geometry":{"type":"LineString","coordinates":[[104.6729942,-3.1890938],[104.6729131,-3.1890409]]}},{"type":"Feature","properties":{"segmentId":"osm-gaul2-73814-7713628600-7713628599-0","regionId":"gaul2-73814","province":"Sumatera Selatan","region":"Ogan Ilir","roadName":"Jalan Lintas Timur Palembang-Prabumulih","highway":"trunk","lengthMeters":39.332,"osmWayIds":["823695166"],"u":"7713628600","v":"7713628599","key":0,"oneway":true,"source":"OpenStreetMap"},"geometry":{"type":"LineString","coordinates":[[104.6729942,-3.1890938],[104.6728165,-3.1893998]]}},{"type":"Feature","properties":{"segmentId":"osm-gaul2-73814-7716582501-6546723462-0","regionId":"gaul2-73814","province":"Sumatera Selatan","region":"Ogan Ilir","roadName":"Jalan Lintas Timur Palembang-Prabumulih","highway":"trunk","lengthMeters":517.165,"osmWayIds":["43112883"],"u":"7716582501","v":"6546723462","key":0,"oneway":true,"source":"OpenStreetMap"},"geometry":{"type":"LineString","coordinates":[[104.7095092,-3.1000091],[104.7089707,-3.1004189],[104.7082915,-3.1007939],[104.7062892,-3.1017829],[104.7057423,-3.1020808],[104.7054431,-3.1022578]]}},{"type":"Feature","properties":{"segmentId":"osm-gaul2-73814-7716582505-540149535-0","regionId":"gaul2-73814","province":"Sumatera Selatan","region":"Ogan Ilir","roadName":"Unnamed OSM road","highway":"motorway_link","lengthMeters":41.868,"osmWayIds":["536527393"],"u":"7716582505","v":"540149535","key":0,"oneway":true,"source":"OpenStreetMap"},"geometry":{"type":"LineString","coordinates":[[104.7101434,-3.0999072],[104.7098049,-3.0997413]]}},{"type":"Feature","properties":{"segmentId":"osm-gaul2-73814-7716582505-7716582501-0","regionId":"gaul2-73814","province":"Sumatera Selatan","region":"Ogan Ilir","roadName":"Unnamed OSM road","highway":"motorway_link","lengthMeters":75.309,"osmWayIds":["826472651"],"u":"7716582505","v":"7716582501","key":0,"oneway":true,"source":"OpenStreetMap"},"geometry":{"type":"LineString","coordinates":[[104.7101434,-3.0999072],[104.7099202,-3.0998592],[104.7098019,-3.0998608],[104.7097217,-3.0998786],[104.7095092,-3.1000091]]}},{"type":"Feature","properties":{"segmentId":"osm-gaul2-73814-7716582506-540149536-0","regionId":"gaul2-73814","province":"Sumatera Selatan","region":"Ogan Ilir","roadName":"Jalan Lintas Timur Palembang-Prabumulih","highway":"trunk","lengthMeters":36.542,"osmWayIds":["43112883"],"u":"7716582506","v":"540149536","key":0,"oneway":true,"source":"OpenStreetMap"},"geometry":{"type":"LineString","coordinates":[[104.7101249,-3.0994728],[104.709873,-3.0996843]]}},{"type":"Feature","properties":{"segmentId":"osm-gaul2-73814-7716582506-7716582511-0","regionId":"gaul2-73814","province":"Sumatera Selatan","region":"Ogan Ilir","roadName":"Unnamed OSM road","highway":"motorway_link","lengthMeters":42.496,"osmWayIds":["826472652"],"u":"7716582506","v":"7716582511","key":0,"oneway":true,"source":"OpenStreetMap"},"geometry":{"type":"LineString","coordinates":[[104.7101249,-3.0994728],[104.71011,-3.0995532],[104.7101013,-3.0996128],[104.7101053,-3.0996677],[104.7101228,-3.0997152],[104.7102002,-3.0998253]]}},{"type":"Feature","properties":{"segmentId":"osm-gaul2-73814-7716582511-5197260905-0","regionId":"gaul2-73814","province":"Sumatera Selatan","region":"Ogan Ilir","roadName":"Unnamed OSM road","highway":"motorway_link","lengthMeters":1635.332,"osmWayIds":["1381363233","1381363234","536527404"],"u":"7716582511","v":"5197260905","key":0,"oneway":true,"source":"OpenStreetMap"},"geometry":{"type":"LineString","coordinates":[[104.7102002,-3.0998253],[104.7111361,-3.1002566],[104.7184101,-3.1035432],[104.7202407,-3.1045033],[104.7203734,-3.1045716],[104.7225098,-3.1056429],[104.7234765,-3.1061794]]}},{"type":"Feature","properties":{"segmentId":"osm-gaul2-73814-7720651351-5698374955-0","regionId":"gaul2-73814","province":"Sumatera Selatan","region":"Ogan Ilir","roadName":"Unnamed OSM road","highway":"tertiary","lengthMeters":9.096,"osmWayIds":["122390676"],"u":"7720651351","v":"5698374955","key":0,"oneway":true,"source":"OpenStreetMap"},"geometry":{"type":"LineString","coordinates":[[104.7895033,-3.0395247],[104.7894387,-3.039575]]}},{"type":"Feature","properties":{"segmentId":"osm-gaul2-73814-7730666907-5197260871-0","regionId":"gaul2-73814","province":"Sumatera Selatan","region":"Ogan Ilir","roadName":"Unnamed OSM road","highway":"motorway_link","lengthMeters":1184.807,"osmWayIds":["536527379","536527382","536527397","833607340"],"u":"7730666907","v":"5197260871","key":0,"oneway":true,"source":"OpenStreetMap"},"geometry":{"type":"LineString","coordinates":[[104.7063323,-3.1475756],[104.70786,-3.1479606],[104.7090726,-3.1482619],[104.7107044,-3.1486813],[104.7108355,-3.148738],[104.7109867,-3.1488235],[104.7111362,-3.1489615],[104.7112379,-3.1491058],[104.7113257,-3.1492829],[104.7113719,-3.1494692],[104.7113681,-3.1496884],[104.7113437,-3.1498228],[104.7113049,-3.1499646],[104.7112164,-3.1501294],[104.7110286,-3.1503504],[104.7108959,-3.150448],[104.710409,-3.1507012],[104.7101971,-3.1508217],[104.7099879,-3.1509931],[104.7098697,-3.1511499],[104.7089951,-3.1536668]]}},{"type":"Feature","properties":{"segmentId":"osm-gaul2-73814-7730666907-7731026601-0","regionId":"gaul2-73814","province":"Sumatera Selatan","region":"Ogan Ilir","roadName":"Unnamed OSM road","highway":"motorway_link","lengthMeters":942.136,"osmWayIds":["803822640"],"u":"7730666907","v":"7731026601","key":0,"oneway":true,"source":"OpenStreetMap"},"geometry":{"type":"LineString","coordinates":[[104.7063323,-3.1475756],[104.709113,-3.1480318],[104.7093962,-3.1480269],[104.7095748,-3.1479895],[104.7098151,-3.1478772],[104.7099772,-3.1477445],[104.7101435,-3.1475383],[104.7102481,-3.1473294],[104.7103366,-3.1470642],[104.7109723,-3.1448815],[104.7112191,-3.144066],[104.7113693,-3.1435291],[104.7113914,-3.1434648],[104.7114122,-3.1434139],[104.7114712,-3.1432907]]}},{"type":"Feature","properties":{"segmentId":"osm-gaul2-73814-7730666911-7731026616-0","regionId":"gaul2-73814","province":"Sumatera Selatan","region":"Ogan Ilir","roadName":"Unnamed OSM road","highway":"motorway_link","lengthMeters":1249.981,"osmWayIds":["536527394","833607342","833607343"],"u":"7730666911","v":"7731026616","key":0,"oneway":true,"source":"OpenStreetMap"},"geometry":{"type":"LineString","coordinates":[[104.7062673,-3.1476378],[104.7039916,-3.1470512],[104.703918,-3.1470332],[104.703834,-3.1470106],[104.7036252,-3.1469544],[104.7019321,-3.1465297],[104.7014203,-3.1463704],[104.7008925,-3.1461537],[104.7003281,-3.1458783],[104.6999968,-3.1456716],[104.6995635,-3.1453757],[104.6993891,-3.1452444],[104.6992028,-3.1451011],[104.6990016,-3.1449056],[104.6987844,-3.1446914],[104.698559,-3.1444557],[104.698319,-3.1441892],[104.698095,-3.1439067],[104.6977986,-3.1435049],[104.6977195,-3.1433925],[104.6976377,-3.1432599],[104.6974741,-3.1429626],[104.6970622,-3.1421481]]}},{"type":"Feature","properties":{"segmentId":"osm-gaul2-73814-7731000273-7731026609-0","regionId":"gaul2-73814","province":"Sumatera Selatan","region":"Ogan Ilir","roadName":"Jalan Lintas Timur Palembang-Prabumulih","highway":"trunk","lengthMeters":41.323,"osmWayIds":["828121027"],"u":"7731000273","v":"7731026609","key":0,"oneway":true,"source":"OpenStreetMap"},"geometry":{"type":"LineString","coordinates":[[104.6968552,-3.1417093],[104.6965052,-3.1418357]]}},{"type":"Feature","properties":{"segmentId":"osm-gaul2-73814-7731000273-8912948940-0","regionId":"gaul2-73814","province":"Sumatera Selatan","region":"Ogan Ilir","roadName":"Unnamed OSM road","highway":"motorway_link","lengthMeters":9.496,"osmWayIds":["536527394"],"u":"7731000273","v":"8912948940","key":0,"oneway":true,"source":"OpenStreetMap"},"geometry":{"type":"LineString","coordinates":[[104.6968552,-3.1417093],[104.6968197,-3.1416316]]}},{"type":"Feature","properties":{"segmentId":"osm-gaul2-73814-7731026601-5197260901-0","regionId":"gaul2-73814","province":"Sumatera Selatan","region":"Ogan Ilir","roadName":"Jalan Tol Palembang–Indralaya","highway":"motorway","lengthMeters":3869.505,"osmWayIds":["820854805","820854806","828082167"],"u":"7731026601","v":"5197260901","key":0,"oneway":true,"source":"OpenStreetMap"},"geometry":{"type":"LineString","coordinates":[[104.7114712,-3.1432907],[104.7119178,-3.1415151],[104.7124218,-3.1396353],[104.7135202,-3.1352775],[104.7140481,-3.1334073],[104.7146794,-3.1315607],[104.7154641,-3.1295648],[104.7163301,-3.127611],[104.7178967,-3.1244836],[104.7186766,-3.1229578],[104.7190317,-3.122283],[104.7196856,-3.1209923],[104.7218322,-3.1168216],[104.7246668,-3.1112538]]}},{"type":"Feature","properties":{"segmentId":"osm-gaul2-73814-7731026609-7673005865-0","regionId":"gaul2-73814","province":"Sumatera Selatan","region":"Ogan Ilir","roadName":"Jalan Lintas Timur Palembang-Prabumulih","highway":"trunk","lengthMeters":381.283,"osmWayIds":["828121026","828121027"],"u":"7731026609","v":"7673005865","key":0,"oneway":true,"source":"OpenStreetMap"},"geometry":{"type":"LineString","coordinates":[[104.6965052,-3.1418357],[104.6962,-3.141957],[104.6960324,-3.1420373],[104.6958822,-3.142119],[104.6957347,-3.1422101],[104.6953578,-3.1424792],[104.695134,-3.14268],[104.6947029,-3.1431796],[104.6942814,-3.1439828],[104.6941794,-3.1442024]]}},{"type":"Feature","properties":{"segmentId":"osm-gaul2-73814-7731026616-7731000273-0","regionId":"gaul2-73814","province":"Sumatera Selatan","region":"Ogan Ilir","roadName":"Unnamed OSM road","highway":"motorway_link","lengthMeters":53.934,"osmWayIds":["536527394"],"u":"7731026616","v":"7731000273","key":0,"oneway":true,"source":"OpenStreetMap"},"geometry":{"type":"LineString","coordinates":[[104.6970622,-3.1421481],[104.6968552,-3.1417093]]}},{"type":"Feature","properties":{"segmentId":"osm-gaul2-73814-7731026616-7731026609-0","regionId":"gaul2-73814","province":"Sumatera Selatan","region":"Ogan Ilir","roadName":"Unnamed OSM road","highway":"motorway_link","lengthMeters":78.397,"osmWayIds":["828121030"],"u":"7731026616","v":"7731026609","key":0,"oneway":true,"source":"OpenStreetMap"},"geometry":{"type":"LineString","coordinates":[[104.6970622,-3.1421481],[104.6969404,-3.141977],[104.6968854,-3.141902],[104.6968492,-3.1418686],[104.6968183,-3.1418485],[104.6967825,-3.1418361],[104.6967486,-3.1418297],[104.6966869,-3.141823],[104.6965052,-3.1418357]]}},{"type":"Feature","properties":{"segmentId":"osm-gaul2-73814-7731026617-7730666907-0","regionId":"gaul2-73814","province":"Sumatera Selatan","region":"Ogan Ilir","roadName":"Unnamed OSM road","highway":"motorway_link","lengthMeters":1243.707,"osmWayIds":["536527396","833607340","833607341"],"u":"7731026617","v":"7730666907","key":0,"oneway":true,"source":"OpenStreetMap"},"geometry":{"type":"LineString","coordinates":[[104.6971381,-3.1421552],[104.6975318,-3.1429412],[104.6977007,-3.1432211],[104.6977825,-3.1433536],[104.697855,-3.1434608],[104.6981513,-3.1438734],[104.6985963,-3.1444091],[104.6990626,-3.1448547],[104.6992853,-3.1450603],[104.6994401,-3.1451862],[104.6996184,-3.1453154],[104.7000437,-3.1456087],[104.7004064,-3.1458286],[104.7009221,-3.1460867],[104.7014398,-3.1462929],[104.7019711,-3.1464592],[104.7038609,-3.1469189],[104.7039456,-3.1469418],[104.7040181,-3.1469609],[104.7063323,-3.1475756]]}},{"type":"Feature","properties":{"segmentId":"osm-gaul2-73814-7731026624-5197260847-0","regionId":"gaul2-73814","province":"Sumatera Selatan","region":"Ogan Ilir","roadName":"Jalan Lintas Timur Palembang-Prabumulih","highway":"trunk","lengthMeters":61.015,"osmWayIds":["828121027"],"u":"7731026624","v":"5197260847","key":0,"oneway":true,"source":"OpenStreetMap"},"geometry":{"type":"LineString","coordinates":[[104.6974272,-3.1415311],[104.6969024,-3.1416939]]}},{"type":"Feature","properties":{"segmentId":"osm-gaul2-73814-7731026624-7731026617-0","regionId":"gaul2-73814","province":"Sumatera Selatan","region":"Ogan Ilir","roadName":"Unnamed OSM road","highway":"motorway_link","lengthMeters":90.894,"osmWayIds":["828121031"],"u":"7731026624","v":"7731026617","key":0,"oneway":true,"source":"OpenStreetMap"},"geometry":{"type":"LineString","coordinates":[[104.6974272,-3.1415311],[104.6971871,-3.1416623],[104.6971174,-3.1417106],[104.6970979,-3.1417434],[104.6970852,-3.1417842],[104.6970758,-3.1418401],[104.6970798,-3.1419034],[104.6971381,-3.1421552]]}},{"type":"Feature","properties":{"segmentId":"osm-gaul2-73814-7737106502-5795434172-0","regionId":"gaul2-73814","province":"Sumatera Selatan","region":"Ogan Ilir","roadName":"Jalan Lintas Timur","highway":"trunk","lengthMeters":3487.19,"osmWayIds":["1184770828","1184770829","439440636"],"u":"7737106502","v":"5795434172","key":0,"oneway":false,"source":"OpenStreetMap"},"geometry":{"type":"LineString","coordinates":[[104.6653466,-3.2224611],[104.6654613,-3.2228274],[104.6656054,-3.2232639],[104.6657061,-3.2235103],[104.6657972,-3.2237091],[104.6659601,-3.2240164],[104.6659823,-3.2240606],[104.6660104,-3.2241188],[104.6660775,-3.2242788],[104.6661801,-3.2245212],[104.666227,-3.2247468],[104.6662243,-3.2249249],[104.6662049,-3.2251191],[104.6661696,-3.2253146],[104.6659127,-3.2264439],[104.6658864,-3.2265772],[104.6658096,-3.227079],[104.6658046,-3.2271215],[104.6656946,-3.2279135],[104.6656557,-3.2282041],[104.665618,-3.22847],[104.6655571,-3.228899],[104.6655015,-3.2293536],[104.6654874,-3.22946],[104.665423,-3.2298497],[104.6653587,-3.2302915],[104.6653341,-3.2304466],[104.6653037,-3.2306383],[104.6652932,-3.2307086],[104.6652219,-3.2311833],[104.6651803,-3.2314966],[104.6651776,-3.2316265],[104.6651749,-3.2318755],[104.6651655,-3.2327358],[104.6651612,-3.233134],[104.6651576,-3.2337314],[104.6651548,-3.2339268],[104.6651481,-3.2343941],[104.6651602,-3.2344838],[104.6651816,-3.2345655],[104.6653987,-3.2350596],[104.6654069,-3.2350783],[104.6656134,-3.2355452],[104.6656731,-3.2356918],[104.6659182,-3.2362884],[104.666009,-3.2365175],[104.6663294,-3.2371678],[104.6665536,-3.2376378],[104.6665691,-3.2376702],[104.6667827,-3.2381178],[104.66694,-3.2384475],[104.6670184,-3.2386117],[104.6671143,-3.2388128],[104.6672563,-3.23913],[104.6675058,-3.2397058],[104.6677311,-3.2402374],[104.6678397,-3.2405132],[104.6680775,-3.2410995],[104.6682796,-3.2415978],[104.6683346,-3.2417276],[104.6686444,-3.242452],[104.6686786,-3.242531],[104.6687543,-3.2427171],[104.6689723,-3.2432165],[104.6690594,-3.2434274],[104.6693114,-3.2439589],[104.6695829,-3.2445313],[104.6699453,-3.2453508],[104.6699915,-3.2454554],[104.6703865,-3.2460932],[104.6704854,-3.2462113],[104.670676,-3.2464862],[104.670993,-3.2469796],[104.6710455,-3.2470681],[104.6711043,-3.2472452],[104.6711611,-3.247417],[104.6712421,-3.2477031],[104.6713097,-3.2479059],[104.6714205,-3.248239],[104.6715433,-3.2485054],[104.6716195,-3.2486761],[104.6718002,-3.2490356],[104.6721902,-3.2498337],[104.6722135,-3.2498774],[104.6724354,-3.2502848],[104.6725066,-3.2504315],[104.6726531,-3.250739],[104.6728499,-3.2511298],[104.6728994,-3.251227],[104.6731838,-3.2517557]]}},{"type":"Feature","properties":{"segmentId":"osm-gaul2-73814-7737106502-7737106511-0","regionId":"gaul2-73814","province":"Sumatera Selatan","region":"Ogan Ilir","roadName":"Jalan Lintas Timur","highway":"trunk","lengthMeters":223.724,"osmWayIds":["828827486","828827488"],"u":"7737106502","v":"7737106511","key":0,"oneway":true,"source":"OpenStreetMap"},"geometry":{"type":"LineString","coordinates":[[104.6653466,-3.2224611],[104.6652619,-3.2223093],[104.6648591,-3.2209609],[104.6647605,-3.2206191],[104.6647501,-3.2205846],[104.6647404,-3.2205464]]}},{"type":"Feature","properties":{"segmentId":"osm-gaul2-73814-7737106510-5462628182-0","regionId":"gaul2-73814","province":"Sumatera Selatan","region":"Ogan Ilir","roadName":"Simpang Susun Indralaya","highway":"motorway_link","lengthMeters":9.83,"osmWayIds":["807838235"],"u":"7737106510","v":"5462628182","key":0,"oneway":true,"source":"OpenStreetMap"},"geometry":{"type":"LineString","coordinates":[[104.6647109,-3.2204434],[104.6647877,-3.2203994]]}},{"type":"Feature","properties":{"segmentId":"osm-gaul2-73814-7737106510-7654232828-0","regionId":"gaul2-73814","province":"Sumatera Selatan","region":"Ogan Ilir","roadName":"Jalan Lintas Timur","highway":"trunk","lengthMeters":234.946,"osmWayIds":["828827488"],"u":"7737106510","v":"7654232828","key":0,"oneway":true,"source":"OpenStreetMap"},"geometry":{"type":"LineString","coordinates":[[104.6647109,-3.2204434],[104.664668,-3.220294],[104.6644594,-3.2195831],[104.6643736,-3.2193688],[104.6642381,-3.219101],[104.664112,-3.2188854],[104.6640303,-3.2187515],[104.6638937,-3.2185076]]}},{"type":"Feature","properties":{"segmentId":"osm-gaul2-73814-7737106511-7737106510-0","regionId":"gaul2-73814","province":"Sumatera Selatan","region":"Ogan Ilir","roadName":"Jalan Lintas Timur","highway":"trunk","lengthMeters":11.912,"osmWayIds":["828827488"],"u":"7737106511","v":"7737106510","key":0,"oneway":true,"source":"OpenStreetMap"},"geometry":{"type":"LineString","coordinates":[[104.6647404,-3.2205464],[104.6647109,-3.2204434]]}},{"type":"Feature","properties":{"segmentId":"osm-gaul2-73814-7745976982-5701724890-0","regionId":"gaul2-73814","province":"Sumatera Selatan","region":"Ogan Ilir","roadName":"Unnamed OSM road","highway":"tertiary","lengthMeters":1265.03,"osmWayIds":["611623160","611623161","849419497"],"u":"7745976982","v":"5701724890","key":0,"oneway":false,"source":"OpenStreetMap"},"geometry":{"type":"LineString","coordinates":[[104.7702518,-3.0653436],[104.7702679,-3.0653001],[104.7702974,-3.0652444],[104.7704265,-3.0650801],[104.7705016,-3.064992],[104.7705241,-3.0649542],[104.7705549,-3.0648883],[104.7705816,-3.0648228],[104.7710109,-3.0638423],[104.7713142,-3.063155],[104.7713699,-3.0630288],[104.7715255,-3.0626762],[104.7715775,-3.0625586],[104.7715818,-3.0625474],[104.7717807,-3.0620827],[104.7718397,-3.0619139],[104.7718947,-3.0617438],[104.7721106,-3.0608961],[104.7723077,-3.0599962],[104.7724016,-3.0595502],[104.7724901,-3.0592503],[104.7725618,-3.0589723],[104.7725773,-3.0589061],[104.7726168,-3.0586195],[104.7726296,-3.0584159],[104.772651,-3.0578106],[104.7726671,-3.0575776],[104.772698,-3.0571129],[104.7727516,-3.0567165],[104.7727624,-3.0564232],[104.7727717,-3.056142],[104.7727932,-3.0558782],[104.7728281,-3.0555052],[104.7728556,-3.0553726],[104.7728804,-3.0552755],[104.7730038,-3.0549233],[104.7730634,-3.0547318],[104.773099,-3.0546146],[104.7731486,-3.0544794]]}},{"type":"Feature","properties":{"segmentId":"osm-gaul2-73814-7745976982-5703694070-0","regionId":"gaul2-73814","province":"Sumatera Selatan","region":"Ogan Ilir","roadName":"Unnamed OSM road","highway":"tertiary","lengthMeters":329.413,"osmWayIds":["611623160"],"u":"7745976982","v":"5703694070","key":0,"oneway":false,"source":"OpenStreetMap"},"geometry":{"type":"LineString","coordinates":[[104.7702518,-3.0653436],[104.7703202,-3.0654654],[104.7704194,-3.0656168],[104.7707762,-3.0660708],[104.7708084,-3.0662181],[104.7707909,-3.0663761],[104.7707252,-3.0665395],[104.7706139,-3.0667725],[104.7705549,-3.0668957],[104.7704637,-3.0669841],[104.7703578,-3.0670283],[104.7702304,-3.0670403],[104.7696617,-3.0669144],[104.7695347,-3.0668991],[104.769429,-3.066899]]}},{"type":"Feature","properties":{"segmentId":"osm-gaul2-73814-7745976982-5703694070-1","regionId":"gaul2-73814","province":"Sumatera Selatan","region":"Ogan Ilir","roadName":"Unnamed OSM road","highway":"tertiary","lengthMeters":195.621,"osmWayIds":["830610772"],"u":"7745976982","v":"5703694070","key":1,"oneway":false,"source":"OpenStreetMap"},"geometry":{"type":"LineString","coordinates":[[104.7702518,-3.0653436],[104.7700265,-3.065752],[104.7696161,-3.0665247],[104.769429,-3.066899]]}},{"type":"Feature","properties":{"segmentId":"osm-gaul2-73814-7927123154-12269529586-0","regionId":"gaul2-73814","province":"Sumatera Selatan","region":"Ogan Ilir","roadName":"Jalan Tol Kayu Agung–Palembang–Betung","highway":"motorway","lengthMeters":7400.725,"osmWayIds":["786385029","836242893","836242897","837733022","888355083","888355085"],"u":"7927123154","v":"12269529586","key":0,"oneway":true,"source":"OpenStreetMap"},"geometry":{"type":"LineString","coordinates":[[104.8120403,-3.1037122],[104.8096278,-3.1021392],[104.8076914,-3.10085],[104.8070941,-3.1004523],[104.8061195,-3.0996991],[104.805446,-3.0990446],[104.8047859,-3.0982602],[104.8041742,-3.0973356],[104.8025904,-3.0944994],[104.8010352,-3.0918688],[104.800254,-3.0906776],[104.7993359,-3.0895103],[104.7984418,-3.08844],[104.7975575,-3.0874943],[104.796783,-3.0867261],[104.795982,-3.0859798],[104.7952649,-3.0853588],[104.7945417,-3.0847581],[104.7931008,-3.0837099],[104.7924709,-3.0832558],[104.7918332,-3.0828811],[104.7910345,-3.0823904],[104.7894264,-3.0815001],[104.7886385,-3.0811258],[104.7877631,-3.0807247],[104.7868064,-3.0803138],[104.7839547,-3.0792358],[104.7795141,-3.0775802],[104.7770874,-3.0766887],[104.7730287,-3.075178],[104.7687924,-3.0735581],[104.7629755,-3.0713541],[104.7623055,-3.0710957],[104.7612317,-3.0707148],[104.7605558,-3.0705],[104.7597236,-3.0702705],[104.7589309,-3.0700921],[104.7583484,-3.0699821],[104.7577794,-3.0698903],[104.7571876,-3.0698185]]}},{"type":"Feature","properties":{"segmentId":"osm-gaul2-73814-8530628195-8530650623-0","regionId":"gaul2-73814","province":"Sumatera Selatan","region":"Ogan Ilir","roadName":"Unnamed OSM road","highway":"motorway_link","lengthMeters":73.921,"osmWayIds":["918518087"],"u":"8530628195","v":"8530650623","key":0,"oneway":true,"source":"OpenStreetMap"},"geometry":{"type":"LineString","coordinates":[[104.7324556,-3.0708192],[104.7322663,-3.0708275],[104.7322288,-3.0708356],[104.7321275,-3.0708791],[104.732081,-3.0709328],[104.7320384,-3.0710149],[104.7319703,-3.0711638]]}},{"type":"Feature","properties":{"segmentId":"osm-gaul2-73814-8530650623-13447642820-0","regionId":"gaul2-73814","province":"Sumatera Selatan","region":"Ogan Ilir","roadName":"Jalan Lintas Timur Palembang-Prabumulih","highway":"trunk","lengthMeters":2005.639,"osmWayIds":["1499822004","1499822005","43112883"],"u":"8530650623","v":"13447642820","key":0,"oneway":true,"source":"OpenStreetMap"},"geometry":{"type":"LineString","coordinates":[[104.7319703,-3.0711638],[104.7318117,-3.0719337],[104.731674,-3.0722668],[104.7315847,-3.0723954],[104.7314064,-3.072561],[104.7306519,-3.0729888],[104.7302289,-3.0731738],[104.7290035,-3.073613],[104.7287741,-3.0737335],[104.7285488,-3.0738875],[104.7284134,-3.073992],[104.7282993,-3.0741466],[104.7281105,-3.0744552],[104.7279989,-3.0748751],[104.7272264,-3.0783377],[104.7271911,-3.0786957],[104.7271749,-3.0788605],[104.7270967,-3.0796674],[104.7270904,-3.0797328],[104.7270723,-3.0799197],[104.7269174,-3.0815174],[104.7269174,-3.0818688],[104.7269518,-3.0822288],[104.7270548,-3.0826059],[104.7272779,-3.083283],[104.7273445,-3.0834974],[104.7273723,-3.0836686],[104.7273983,-3.0838569],[104.727441,-3.0841657],[104.7274238,-3.0849114],[104.727338,-3.0859484],[104.7272608,-3.0864284],[104.7271141,-3.0868453]]}},{"type":"Feature","properties":{"segmentId":"osm-gaul2-73814-8556045267-5701724890-0","regionId":"gaul2-73814","province":"Sumatera Selatan","region":"Ogan Ilir","roadName":"Unnamed OSM road","highway":"tertiary","lengthMeters":2954.704,"osmWayIds":["158436215","612455539","612455543","824747905","824747906"],"u":"8556045267","v":"5701724890","key":0,"oneway":false,"source":"OpenStreetMap"},"geometry":{"type":"LineString","coordinates":[[104.7653427,-3.033425],[104.7680546,-3.035147],[104.76847,-3.0354109],[104.7686849,-3.0355526],[104.7690627,-3.0357989],[104.7695142,-3.0360994],[104.7700419,-3.0364828],[104.7703215,-3.036686],[104.7709038,-3.0369668],[104.7709545,-3.0369913],[104.7713323,-3.0371824],[104.7714397,-3.0372344],[104.771496,-3.0372594],[104.7715802,-3.0373251],[104.7716082,-3.0373332],[104.7720221,-3.0376315],[104.7723285,-3.037849],[104.7727919,-3.0381779],[104.7729334,-3.0382738],[104.7733766,-3.0385743],[104.7734493,-3.0386453],[104.7734716,-3.0386671],[104.773573,-3.0387662],[104.7737548,-3.0389439],[104.7740443,-3.0393713],[104.7741732,-3.0395546],[104.774461,-3.0403493],[104.7744709,-3.0403768],[104.7746976,-3.041326],[104.7747131,-3.0413905],[104.7748196,-3.0418366],[104.7749349,-3.0422598],[104.7750211,-3.0425142],[104.775061,-3.0426321],[104.7752035,-3.0430853],[104.7753106,-3.0434165],[104.7756913,-3.044649],[104.7758582,-3.0451675],[104.7759005,-3.0452971],[104.7759461,-3.0454471],[104.7759509,-3.0454933],[104.7759542,-3.0455248],[104.7754801,-3.0463383],[104.7753582,-3.0465474],[104.7752783,-3.0466845],[104.7750577,-3.0470026],[104.7750288,-3.0470649],[104.7750235,-3.0471044],[104.7750261,-3.0471506],[104.7750449,-3.0472202],[104.7750751,-3.0472751],[104.7751053,-3.0473381],[104.7751321,-3.0474258],[104.7751442,-3.0474995],[104.7751408,-3.0475731],[104.7751321,-3.0476233],[104.7750288,-3.0480211],[104.7750123,-3.0480833],[104.7748532,-3.0486844],[104.7746427,-3.0494794],[104.7745469,-3.049828],[104.774337,-3.0506338],[104.7743019,-3.0507664],[104.7742329,-3.0510196],[104.7741595,-3.0512889],[104.7740691,-3.0516203],[104.7738543,-3.0524081],[104.7737163,-3.0529145],[104.7735858,-3.0533323],[104.7733901,-3.053871],[104.7731486,-3.0544794]]}},{"type":"Feature","properties":{"segmentId":"osm-gaul2-73814-8579391158-11005209378-0","regionId":"gaul2-73814","province":"Sumatera Selatan","region":"Ogan Ilir","roadName":"Jalan Tol Indralaya–Muara Enim","highway":"motorway","lengthMeters":989.868,"osmWayIds":["1184770823","1184770824","1184770845"],"u":"8579391158","v":"11005209378","key":0,"oneway":true,"source":"OpenStreetMap"},"geometry":{"type":"LineString","coordinates":[[104.6945937,-3.1933166],[104.693531,-3.1967085],[104.6934477,-3.1969742],[104.6931043,-3.1980703],[104.6919296,-3.201812]]}},{"type":"Feature","properties":{"segmentId":"osm-gaul2-73814-8579391158-11005209395-0","regionId":"gaul2-73814","province":"Sumatera Selatan","region":"Ogan Ilir","roadName":"Simpang Susun Indralaya","highway":"motorway_link","lengthMeters":1888.139,"osmWayIds":["1084210044","1084210045","1184770851"],"u":"8579391158","v":"11005209395","key":0,"oneway":true,"source":"OpenStreetMap"},"geometry":{"type":"LineString","coordinates":[[104.6945937,-3.1933166],[104.6938717,-3.196072],[104.6935848,-3.1971268],[104.6935192,-3.1974122],[104.6934826,-3.197697],[104.6934802,-3.1979759],[104.6935093,-3.1982592],[104.6935592,-3.1985006],[104.6936451,-3.1987603],[104.6937349,-3.1989598],[104.6938414,-3.1991582],[104.6940269,-3.1994148],[104.6944078,-3.1999024],[104.6945987,-3.2001663],[104.6946931,-3.2003331],[104.6947631,-3.2005137],[104.6948139,-3.2006954],[104.6948261,-3.2008834],[104.6948127,-3.2010579],[104.6947753,-3.2012356],[104.6947166,-3.2013942],[104.6946204,-3.2015731],[104.6945029,-3.2017264],[104.6943468,-3.2018883],[104.6941186,-3.2020783],[104.693876,-3.2022545],[104.6934834,-3.2024775],[104.6917759,-3.2034193],[104.6914789,-3.203598],[104.6911753,-3.2038177],[104.6909155,-3.2040118],[104.6906083,-3.2042716],[104.6902914,-3.2045751],[104.6898749,-3.2049835],[104.6888008,-3.2060595],[104.6882633,-3.2066267]]}},{"type":"Feature","properties":{"segmentId":"osm-gaul2-73814-8882681437-11005209127-0","regionId":"gaul2-73814","province":"Sumatera Selatan","region":"Ogan Ilir","roadName":"Unnamed OSM road","highway":"motorway_link","lengthMeters":71.821,"osmWayIds":["1184766896"],"u":"8882681437","v":"11005209127","key":0,"oneway":true,"source":"OpenStreetMap"},"geometry":{"type":"LineString","coordinates":[[104.8010883,-3.0913636],[104.801082,-3.0914803],[104.8011081,-3.0916194],[104.8012315,-3.0919868]]}},{"type":"Feature","properties":{"segmentId":"osm-gaul2-73814-8912948940-8912948941-0","regionId":"gaul2-73814","province":"Sumatera Selatan","region":"Ogan Ilir","roadName":"Jalan Lintas Timur Palembang-Prabumulih","highway":"trunk","lengthMeters":5.654,"osmWayIds":["963558147"],"u":"8912948940","v":"8912948941","key":0,"oneway":true,"source":"OpenStreetMap"},"geometry":{"type":"LineString","coordinates":[[104.6968197,-3.1416316],[104.6968679,-3.1416152]]}},{"type":"Feature","properties":{"segmentId":"osm-gaul2-73814-8912948941-1801777420-0","regionId":"gaul2-73814","province":"Sumatera Selatan","region":"Ogan Ilir","roadName":"Jalan Lintas Timur Palembang-Prabumulih","highway":"trunk","lengthMeters":230.157,"osmWayIds":["963558147"],"u":"8912948941","v":"1801777420","key":0,"oneway":true,"source":"OpenStreetMap"},"geometry":{"type":"LineString","coordinates":[[104.6968679,-3.1416152],[104.6973923,-3.1414368],[104.6977959,-3.1412874],[104.697914,-3.1412278],[104.698095,-3.1411374],[104.6984886,-3.1409098],[104.698608,-3.1408435],[104.6987593,-3.1407847]]}},{"type":"Feature","properties":{"segmentId":"osm-gaul2-73814-8912948941-5197260847-0","regionId":"gaul2-73814","province":"Sumatera Selatan","region":"Ogan Ilir","roadName":"Unnamed OSM road","highway":"motorway_link","lengthMeters":9.553,"osmWayIds":["536527396"],"u":"8912948941","v":"5197260847","key":0,"oneway":true,"source":"OpenStreetMap"},"geometry":{"type":"LineString","coordinates":[[104.6968679,-3.1416152],[104.6969024,-3.1416939]]}},{"type":"Feature","properties":{"segmentId":"osm-gaul2-73814-8917103006-8530628195-0","regionId":"gaul2-73814","province":"Sumatera Selatan","region":"Ogan Ilir","roadName":"Simpang Susun Kramasan","highway":"motorway_link","lengthMeters":1277.437,"osmWayIds":["1307688841","1307688845","807805548","807805549","807805552"],"u":"8917103006","v":"8530628195","key":0,"oneway":true,"source":"OpenStreetMap"},"geometry":{"type":"LineString","coordinates":[[104.7385664,-3.0728263],[104.7384014,-3.0728534],[104.7382328,-3.0729019],[104.7380878,-3.0729651],[104.7379794,-3.0730353],[104.7379016,-3.0731046],[104.737837,-3.0731825],[104.7377841,-3.0732807],[104.7377504,-3.0733986],[104.7377307,-3.0735109],[104.7377303,-3.0736237],[104.7377616,-3.0737574],[104.7378084,-3.0738629],[104.7378765,-3.0739519],[104.7379551,-3.0740382],[104.73807,-3.0741147],[104.7381695,-3.0741564],[104.7382133,-3.0741748],[104.7383448,-3.0741916],[104.7384865,-3.0741808],[104.7386209,-3.0741346],[104.7387447,-3.0740586],[104.7388234,-3.0739861],[104.7388841,-3.0738926],[104.738929,-3.0737882],[104.738963,-3.0736818],[104.7389716,-3.0735357],[104.7389669,-3.0733973],[104.7389074,-3.0729379],[104.738794,-3.0720955],[104.7387499,-3.0718656],[104.7387255,-3.071781],[104.7386996,-3.0717153],[104.7386679,-3.071649],[104.7386282,-3.0715854],[104.7385667,-3.0715124],[104.7384945,-3.071447],[104.7384192,-3.0713982],[104.7383407,-3.0713616],[104.7382568,-3.0713336],[104.7381738,-3.0713152],[104.7380937,-3.0713017],[104.7380093,-3.0712917],[104.7374891,-3.0712432],[104.7371895,-3.0712253],[104.7362516,-3.0711453],[104.7353359,-3.0710481],[104.7324556,-3.0708192]]}},{"type":"Feature","properties":{"segmentId":"osm-gaul2-73814-8917152351-12110027997-0","regionId":"gaul2-73814","province":"Sumatera Selatan","region":"Ogan Ilir","roadName":"Simpang Susun Kramasan","highway":"motorway_link","lengthMeters":549.852,"osmWayIds":["807805547"],"u":"8917152351","v":"12110027997","key":0,"oneway":true,"source":"OpenStreetMap"},"geometry":{"type":"LineString","coordinates":[[104.732559,-3.0707424],[104.7353399,-3.0709923],[104.7356821,-3.0710101],[104.7362618,-3.071042],[104.7371854,-3.0711298],[104.7374938,-3.071147]]}}]}