{"type":"FeatureCollection","metadata":{"source":"OpenStreetMap contributors","sourceUrl":"https://www.openstreetmap.org","license":"ODbL 1.0","retrievedAt":"2026-08-12","method":"OSMnx graph_from_polygon; full selected GAUL level-2 polygon; logistics road filter","highwayFilter":"[\"highway\"~\"motorway|motorway_link|trunk|trunk_link|primary|primary_link|secondary|secondary_link|tertiary|tertiary_link\"]","networkType":"drive","simplifyGraph":true,"retainAllComponents":true,"regionId":"gaul2-18188","province":"Sulawesi Selatan","region":"Wajo","graphNodes":111,"directedSegments":256,"roadCategories":{"primary":48,"primary_link":4,"secondary":18,"secondary_link":1,"tertiary":86,"tertiary_link":20,"trunk":77,"trunk_link":2},"runtimeExternalDependency":null,"processedContentSha256":"2a856f4c04bf10b7c073644e0a9baf6e48c43235e731ed39a263e0883c4adf7d","overpassEndpoint":"https://z.overpass-api.de/api"},"features":[{"type":"Feature","properties":{"segmentId":"osm-gaul2-18188-13115588589-2117279126-0","regionId":"gaul2-18188","province":"Sulawesi Selatan","region":"Wajo","roadName":"Unnamed OSM road","highway":"tertiary_link","lengthMeters":7.946,"osmWayIds":["1426757591"],"u":"13115588589","v":"2117279126","key":0,"oneway":false,"source":"OpenStreetMap"},"geometry":{"type":"LineString","coordinates":[[120.039627,-4.1249926],[120.0395554,-4.12499]]}},{"type":"Feature","properties":{"segmentId":"osm-gaul2-18188-13115588589-5594066359-0","regionId":"gaul2-18188","province":"Sulawesi Selatan","region":"Wajo","roadName":"Jalan Sawerigading","highway":"tertiary","lengthMeters":1128.686,"osmWayIds":["201711177","585360777"],"u":"13115588589","v":"5594066359","key":0,"oneway":true,"source":"OpenStreetMap"},"geometry":{"type":"LineString","coordinates":[[120.039627,-4.1249926],[120.0396316,-4.1251076],[120.0396328,-4.1252459],[120.0396343,-4.1253164],[120.0396453,-4.1255892],[120.03966,-4.1257283],[120.0397123,-4.1261082],[120.0398371,-4.1267491],[120.0398796,-4.1269723],[120.0399077,-4.1270632],[120.0399309,-4.1272719],[120.0399361,-4.1274476],[120.0399256,-4.1275649],[120.0399095,-4.1277281],[120.039902,-4.1278679],[120.039711,-4.128655],[120.0396118,-4.1291299],[120.0394878,-4.1296715],[120.0393477,-4.1301002],[120.0392376,-4.1304588],[120.0391522,-4.1307361],[120.0390981,-4.1309919],[120.0390599,-4.1312728],[120.0390355,-4.1314731],[120.0389881,-4.1318165],[120.038956,-4.131953],[120.0388762,-4.1322272],[120.0388265,-4.1323783],[120.0387213,-4.1327134],[120.0387099,-4.1328271],[120.0387092,-4.1328652],[120.0387186,-4.1329208],[120.0389103,-4.1333755],[120.0389818,-4.1335578],[120.0390002,-4.1336256],[120.0390077,-4.133692],[120.0390009,-4.1337761],[120.0389778,-4.1338764],[120.0389087,-4.1340431],[120.0387138,-4.1344011],[120.0386857,-4.1344556],[120.0386549,-4.1345251],[120.0386301,-4.1345994],[120.0386086,-4.134693],[120.0385961,-4.1347389],[120.0385534,-4.1348099]]}},{"type":"Feature","properties":{"segmentId":"osm-gaul2-18188-13161355739-2134966225-0","regionId":"gaul2-18188","province":"Sulawesi Selatan","region":"Wajo","roadName":"Unnamed OSM road","highway":"tertiary","lengthMeters":26.225,"osmWayIds":["1431885867"],"u":"13161355739","v":"2134966225","key":0,"oneway":false,"source":"OpenStreetMap"},"geometry":{"type":"LineString","coordinates":[[120.3086533,-4.024858],[120.3088872,-4.0248924]]}},{"type":"Feature","properties":{"segmentId":"osm-gaul2-18188-13161355739-5392189780-0","regionId":"gaul2-18188","province":"Sulawesi Selatan","region":"Wajo","roadName":"Unnamed OSM road","highway":"tertiary","lengthMeters":11165.672,"osmWayIds":["1431885867","203480538","740099298"],"u":"13161355739","v":"5392189780","key":0,"oneway":false,"source":"OpenStreetMap"},"geometry":{"type":"LineString","coordinates":[[120.3086533,-4.024858],[120.3086038,-4.0248507],[120.3083376,-4.024838],[120.3077348,-4.0248139],[120.3074062,-4.0247871],[120.307148,-4.0247637],[120.3069314,-4.0247196],[120.3067336,-4.0246393],[120.3065794,-4.024551],[120.3062931,-4.024357],[120.3055876,-4.0238126],[120.3053422,-4.0235992],[120.3048869,-4.0232333],[120.3046777,-4.0230955],[120.3044504,-4.0229858],[120.3040635,-4.022834],[120.3036296,-4.0226513],[120.303102,-4.0224427],[120.3029967,-4.0223972],[120.3023388,-4.022139],[120.3016106,-4.0218794],[120.3011654,-4.0217062],[120.3006356,-4.0215109],[120.3004277,-4.021458],[120.3000348,-4.0213671],[120.2998766,-4.0213216],[120.2997371,-4.0212634],[120.2995755,-4.0211784],[120.2994601,-4.0211002],[120.2991182,-4.0208487],[120.2989203,-4.0206982],[120.2987353,-4.0205784],[120.2985737,-4.0205022],[120.2983303,-4.0203818],[120.29806,-4.0202406],[120.2978904,-4.0201751],[120.2976879,-4.0201015],[120.2974827,-4.0200507],[120.2972929,-4.0200165],[120.2969094,-4.0199637],[120.2965647,-4.0198995],[120.2964024,-4.0198614],[120.2952169,-4.0195296],[120.2949024,-4.0194627],[120.2944189,-4.0193557],[120.2936364,-4.0191657],[120.2930208,-4.0189744],[120.2923851,-4.0188179],[120.2919372,-4.0187088],[120.2918071,-4.0186861],[120.2915912,-4.0186721],[120.2913854,-4.0186868],[120.2909562,-4.0187323],[120.2907765,-4.0187664],[120.2904151,-4.0188714],[120.2901911,-4.0189169],[120.2899933,-4.0189376],[120.2899564,-4.0189376],[120.2897599,-4.0189316],[120.2895742,-4.0189095],[120.28942,-4.0188828],[120.2892631,-4.0188353],[120.2886347,-4.0186239],[120.2879957,-4.0184018],[120.2877664,-4.0183269],[120.287651,-4.0182988],[120.2875277,-4.0182848],[120.287232,-4.018256],[120.2863676,-4.0181704],[120.2858466,-4.0181128],[120.2854523,-4.0180627],[120.2848468,-4.0179643],[120.2847234,-4.017947],[120.2846047,-4.0179476],[120.2844626,-4.017961],[120.2843788,-4.0179784],[120.2843238,-4.0180018],[120.2839449,-4.018256],[120.2836297,-4.0184687],[120.2833689,-4.0186038],[120.2828935,-4.018844],[120.2825656,-4.0189898],[120.2824643,-4.0190266],[120.2823289,-4.0190493],[120.281028,-4.0191965],[120.2809288,-4.0192112],[120.2808282,-4.019242],[120.2807638,-4.0193102],[120.2807142,-4.0194018],[120.2806919,-4.0195556],[120.2806863,-4.0197023],[120.2806686,-4.0201637],[120.2806994,-4.0207336],[120.2807544,-4.0211657],[120.2808885,-4.0216928],[120.2809636,-4.0219457],[120.2809958,-4.0221316],[120.2810159,-4.0222995],[120.2810267,-4.0224754],[120.281028,-4.022747],[120.2809992,-4.0235925],[120.2809864,-4.0239162],[120.2809422,-4.0243269],[120.2808858,-4.0247504],[120.2808845,-4.024931],[120.2808972,-4.0251644],[120.2809596,-4.0254366],[120.281136,-4.0260594],[120.2811547,-4.0261437],[120.2811554,-4.0262239],[120.281138,-4.0264333],[120.2809951,-4.0269263],[120.2809274,-4.0272005],[120.2808671,-4.0275116],[120.280792,-4.0277069],[120.2806163,-4.0279865],[120.2803829,-4.0282828],[120.2800537,-4.0286407],[120.2798639,-4.0288688],[120.2794629,-4.0294407],[120.2791283,-4.0298607],[120.2787515,-4.0303477],[120.2785879,-4.0305711],[120.2784671,-4.0308136],[120.2783297,-4.0311724],[120.2782801,-4.0313637],[120.2781554,-4.0318962],[120.2780843,-4.0323416],[120.2780769,-4.0326259],[120.2780836,-4.0330594],[120.2780843,-4.0334179],[120.2781031,-4.0335831],[120.2781735,-4.0341497],[120.2782848,-4.0352527],[120.2782841,-4.0353476],[120.278262,-4.03546],[120.2781795,-4.035656],[120.2779153,-4.0360654],[120.2778422,-4.0361804],[120.2777886,-4.0362881],[120.2773701,-4.0371262],[120.2771985,-4.0374045],[120.2770865,-4.0375276],[120.2769678,-4.0376072],[120.2768324,-4.0376767],[120.2760974,-4.037953],[120.276015,-4.0379757],[120.2759211,-4.0379924],[120.2757427,-4.0379978],[120.2754866,-4.0379804],[120.2752022,-4.0379737],[120.2749582,-4.0379911],[120.2748039,-4.0380245],[120.2746242,-4.0380914],[120.274521,-4.0381449],[120.2739845,-4.0385423],[120.2738678,-4.0386399],[120.273786,-4.0387362],[120.2736975,-4.0388928],[120.2736184,-4.0390854],[120.2735017,-4.0394733],[120.2734065,-4.0398078],[120.2733529,-4.0401262],[120.2732415,-4.0409195],[120.2731329,-4.0417355],[120.2730592,-4.0424285],[120.272976,-4.042882],[120.2729076,-4.0431148],[120.2723262,-4.0431268],[120.2713278,-4.0431509],[120.2707337,-4.0432077],[120.2706351,-4.0432298],[120.2699029,-4.0434746],[120.2695495,-4.0436418],[120.2694469,-4.0436826],[120.2693202,-4.043698],[120.2691472,-4.0436927],[120.2689674,-4.0436512],[120.2687931,-4.0435816],[120.2686,-4.043488],[120.2683747,-4.0433221],[120.267861,-4.0428873],[120.2674279,-4.042585],[120.2667493,-4.0421315],[120.2662745,-4.0418305],[120.2658373,-4.041579],[120.2652231,-4.0412044],[120.2640979,-4.0405422],[120.2637903,-4.040387],[120.263418,-4.0402278],[120.2631478,-4.0401041],[120.2627872,-4.0399299],[120.2625026,-4.0398188],[120.2624631,-4.0398138],[120.2624252,-4.0398204],[120.2623907,-4.0398486],[120.2623028,-4.0399797],[120.2621774,-4.040173],[120.2620754,-4.0403503],[120.2617706,-4.0408989],[120.261531,-4.041278],[120.2613527,-4.041591],[120.2611729,-4.0418546],[120.2610911,-4.0419576],[120.2610013,-4.0420499],[120.2607277,-4.0422679],[120.2604192,-4.0424847],[120.2601832,-4.0426265],[120.2599137,-4.0427589],[120.2596387,-4.0428766],[120.2591841,-4.0430479],[120.2585377,-4.0432873],[120.2580897,-4.0434479],[120.2579422,-4.0435147],[120.257733,-4.0436378],[120.2574447,-4.043801],[120.2570289,-4.0440365],[120.2566575,-4.0442371],[120.2561894,-4.0444766],[120.2555846,-4.044799],[120.255488,-4.0448365],[120.2553807,-4.0448552],[120.2548428,-4.0448496],[120.2542964,-4.0448385],[120.2541959,-4.0448512],[120.2540792,-4.0448973],[120.2539672,-4.0449462],[120.2538478,-4.0450197],[120.2537473,-4.04509],[120.2536688,-4.0451562],[120.2535501,-4.0452652],[120.2530539,-4.0457816],[120.2529832,-4.0458545],[120.2528715,-4.0459568],[120.2523585,-4.0463655],[120.2522908,-4.0464284],[120.2522285,-4.0465147],[120.2521915,-4.0465731],[120.2521319,-4.0466672],[120.2520387,-4.0468592],[120.2520276,-4.0468854],[120.2519757,-4.0470083],[120.2517255,-4.047617],[120.2515841,-4.0479601],[120.251468,-4.0482404],[120.251171,-4.04893],[120.2509457,-4.0494611],[120.2505905,-4.0503282],[120.2504387,-4.0506905],[120.2502872,-4.0510383],[120.2500243,-4.0515453],[120.249956,-4.0516931],[120.249852,-4.0519446],[120.2497568,-4.0522162],[120.2496348,-4.0525179],[120.2495241,-4.0527961],[120.2493558,-4.0532195],[120.2489582,-4.054087],[120.2485786,-4.054871],[120.2483989,-4.0552536],[120.2482112,-4.0556027],[120.2480972,-4.0558127],[120.2478638,-4.0562569],[120.247715,-4.0565699],[120.247479,-4.0570387],[120.2470122,-4.0579478],[120.2467909,-4.0583772],[120.2466407,-4.0586849],[120.2462156,-4.0595477],[120.2460359,-4.0598995],[120.2458312,-4.0603193],[120.245706,-4.0606166],[120.2456027,-4.0608306],[120.2455477,-4.0609457],[120.2454834,-4.0610045],[120.2453586,-4.0610888],[120.2451816,-4.0611878],[120.2449282,-4.0613216],[120.2447122,-4.0614339],[120.2446277,-4.06147],[120.2444842,-4.0614915],[120.2443729,-4.0614968],[120.2441463,-4.0615008],[120.2439545,-4.0615249],[120.2437185,-4.0615797],[120.2435844,-4.0616312],[120.2434858,-4.0616827],[120.2433644,-4.0617436],[120.243284,-4.0617958],[120.2431814,-4.0618687],[120.2431029,-4.0619496],[120.2430104,-4.062056]]}},{"type":"Feature","properties":{"segmentId":"osm-gaul2-18188-13161355739-5665101225-0","regionId":"gaul2-18188","province":"Sulawesi Selatan","region":"Wajo","roadName":"Unnamed OSM road","highway":"tertiary","lengthMeters":25.284,"osmWayIds":["1431885868"],"u":"13161355739","v":"5665101225","key":0,"oneway":false,"source":"OpenStreetMap"},"geometry":{"type":"LineString","coordinates":[[120.3086533,-4.024858],[120.3087651,-4.0248067],[120.3088039,-4.0247095]]}},{"type":"Feature","properties":{"segmentId":"osm-gaul2-18188-1676002202-5315789413-0","regionId":"gaul2-18188","province":"Sulawesi Selatan","region":"Wajo","roadName":"Jembatan Siwa","highway":"trunk","lengthMeters":17127.637,"osmWayIds":["1436592078","475299256","475505750","475660262","550400219","587393736","587393737","587393739","587393742","588269079"],"u":"1676002202","v":"5315789413","key":0,"oneway":false,"source":"OpenStreetMap"},"geometry":{"type":"LineString","coordinates":[[120.4074861,-3.6535628],[120.4071562,-3.6541624],[120.4070798,-3.6543176],[120.4069765,-3.654505],[120.4068551,-3.6546823],[120.4066828,-3.6549139],[120.4064481,-3.6552184],[120.4062174,-3.6555289],[120.4061343,-3.6556226],[120.4060786,-3.6556808],[120.4060283,-3.6557256],[120.4059606,-3.6557818],[120.4057427,-3.6559076],[120.4052848,-3.6561473],[120.4050149,-3.6562754],[120.4043655,-3.6565982],[120.4041857,-3.6566772],[120.4035366,-3.6569589],[120.4031973,-3.6571007],[120.4029974,-3.6571824],[120.402813,-3.6572701],[120.4027104,-3.6573256],[120.4025636,-3.6574086],[120.4024228,-3.6574842],[120.402349,-3.6575398],[120.4022934,-3.6575987],[120.4022384,-3.6576776],[120.4021733,-3.6577646],[120.4021358,-3.6578416],[120.402111,-3.6579078],[120.4020788,-3.6580202],[120.4020369,-3.6582012],[120.4020265,-3.6582879],[120.4019722,-3.658664],[120.4019313,-3.6587363],[120.4018895,-3.6587908],[120.401826,-3.6588534],[120.4017355,-3.6589136],[120.4016516,-3.6589571],[120.4015296,-3.6590123],[120.4014558,-3.6590361],[120.4012895,-3.6590742],[120.4010113,-3.6591378],[120.4008081,-3.6591679],[120.4006465,-3.6591813],[120.400566,-3.6591813],[120.400446,-3.6591793],[120.400226,-3.6591518],[120.4000121,-3.6591224],[120.3998418,-3.6590956],[120.3996205,-3.6590501],[120.3994911,-3.6590434],[120.3993906,-3.6590453],[120.3992759,-3.6590675],[120.399125,-3.6591117],[120.3990016,-3.6591712],[120.398667,-3.6593513],[120.3981567,-3.6596236],[120.3978221,-3.6597983],[120.3971791,-3.6602125],[120.3970966,-3.6602948],[120.3970242,-3.6603872],[120.3969651,-3.6604956],[120.3969195,-3.6606174],[120.3968898,-3.6607346],[120.3968552,-3.6610577],[120.3968518,-3.6612451],[120.3968659,-3.6614485],[120.3970161,-3.6621096],[120.397047,-3.6622609],[120.3971904,-3.6628645],[120.3973118,-3.6632874],[120.3973695,-3.6634888],[120.3974278,-3.6636795],[120.3974795,-3.6638127],[120.3975753,-3.6640563],[120.3976415,-3.6642139],[120.3977249,-3.6644163],[120.3977785,-3.6645682],[120.3980669,-3.6653699],[120.3984218,-3.6665301],[120.398488,-3.666741],[120.398678,-3.6673056],[120.3987211,-3.6674634],[120.3987622,-3.6676157],[120.3988647,-3.668002],[120.3989909,-3.6684655],[120.3991062,-3.6689948],[120.3991813,-3.6693789],[120.3992665,-3.66984],[120.3993315,-3.6701561],[120.3993724,-3.6703372],[120.3994495,-3.6707374],[120.3994931,-3.6709114],[120.3996319,-3.6715036],[120.3997593,-3.6720709],[120.3998284,-3.6723789],[120.4000316,-3.6731758],[120.400155,-3.6736871],[120.4001885,-3.6738109],[120.400269,-3.6741468],[120.4003286,-3.6743817],[120.4003722,-3.6745697],[120.4004178,-3.6748334],[120.400511,-3.6752563],[120.4005955,-3.6755976],[120.4006787,-3.6757716],[120.4007813,-3.6759509],[120.4008342,-3.6760178],[120.4009415,-3.6761456],[120.4011185,-3.6764066],[120.4011783,-3.6764991],[120.4012413,-3.6766234],[120.4014042,-3.6770049],[120.4015209,-3.6773314],[120.4015504,-3.6774552],[120.4015812,-3.6775991],[120.401596,-3.6777155],[120.401606,-3.6778895],[120.4015962,-3.6781962],[120.4015799,-3.6782843],[120.4015544,-3.678372],[120.4015202,-3.6784616],[120.4014713,-3.678548],[120.4013975,-3.6786644],[120.401248,-3.6788652],[120.4011393,-3.6789993],[120.4009006,-3.6792988],[120.4007471,-3.6795089],[120.4006787,-3.6796186],[120.4005995,-3.6797799],[120.4005546,-3.679903],[120.4005121,-3.6800915],[120.4004993,-3.6801714],[120.4004956,-3.6801948],[120.4004862,-3.6803541],[120.4004855,-3.6804531],[120.4005224,-3.6807823],[120.4005754,-3.6812548],[120.4005875,-3.6813364],[120.400615,-3.6814113],[120.4006968,-3.6816034],[120.4008503,-3.6818182],[120.4010951,-3.6821588],[120.4012399,-3.6823589],[120.4014129,-3.6826085],[120.4016402,-3.6829531],[120.4017596,-3.6831639],[120.4019447,-3.6834895],[120.4020962,-3.6838237],[120.4022216,-3.6841355],[120.4022598,-3.684266],[120.4022786,-3.6843972],[120.4022719,-3.6846943],[120.4022301,-3.6851344],[120.4022062,-3.6856739],[120.4022062,-3.6861357],[120.402231,-3.6863391],[120.402298,-3.6865753],[120.402339,-3.6866871],[120.4023825,-3.6867707],[120.4024415,-3.6868711],[120.4025093,-3.6869601],[120.4027373,-3.6872443],[120.4028794,-3.6874191],[120.4031623,-3.6878242],[120.4032744,-3.6880334],[120.4033589,-3.688277],[120.403383,-3.6884751],[120.403377,-3.6885881],[120.4033682,-3.6886885],[120.4032296,-3.6892904],[120.4031134,-3.6898622],[120.4030967,-3.6900168],[120.4030913,-3.6901908],[120.4031134,-3.6902811],[120.4031642,-3.6903975],[120.4032192,-3.6904827],[120.4033448,-3.6906485],[120.403951,-3.6914702],[120.404077,-3.6916429],[120.4045701,-3.6923063],[120.4054549,-3.6936256],[120.4062474,-3.6947936],[120.4063196,-3.6949018],[120.4065031,-3.695172],[120.4066774,-3.6953621],[120.4069161,-3.6955039],[120.4070456,-3.6955474],[120.407242,-3.6955936],[120.4074405,-3.6956244],[120.4077644,-3.6956699],[120.4078797,-3.6956926],[120.4079542,-3.69571],[120.4080715,-3.6957569],[120.4081784,-3.6958089],[120.4082666,-3.6958773],[120.4083297,-3.6959295],[120.4084651,-3.6960968],[120.4086958,-3.6963785],[120.4087702,-3.6964514],[120.408909,-3.6965772],[120.4090465,-3.6966749],[120.4091861,-3.6967512],[120.4094287,-3.6968389],[120.4096915,-3.6969114],[120.4101147,-3.6970236],[120.4102307,-3.6970492],[120.4106278,-3.697137],[120.4108053,-3.6971614],[120.411028,-3.6971922],[120.4111809,-3.6971822],[120.411325,-3.6971661],[120.4114927,-3.697128],[120.4117816,-3.6970625],[120.4118004,-3.697051],[120.4119688,-3.6969941],[120.4120056,-3.69698],[120.412255,-3.6968845],[120.4125366,-3.6967855],[120.412925,-3.6966375],[120.4132804,-3.6965137],[120.4135137,-3.6964688],[120.4136002,-3.6964667],[120.4136217,-3.6964662],[120.4137202,-3.6964762],[120.4137792,-3.6965043],[120.4138986,-3.6966],[120.4139502,-3.6966509],[120.4140669,-3.6968128],[120.4140877,-3.6968495],[120.4141078,-3.6968851],[120.4141226,-3.6969533],[120.4141246,-3.6971862],[120.4141071,-3.6975208],[120.4141024,-3.6977336],[120.4140884,-3.6979095],[120.4140595,-3.6982849],[120.4140629,-3.6984174],[120.4140789,-3.6985494],[120.4141018,-3.6986396],[120.41414,-3.6987333],[120.4142076,-3.6988599],[120.4142594,-3.6989528],[120.4143767,-3.6991281],[120.4144795,-3.6992676],[120.4149462,-3.699827],[120.4152355,-3.7002003],[120.4153149,-3.7003027],[120.4154499,-3.7004875],[120.4156625,-3.7007642],[120.4158345,-3.7009897],[120.4160954,-3.7013091],[120.4162261,-3.7014664],[120.4163649,-3.701606],[120.4165345,-3.7017485],[120.4165972,-3.7017893],[120.4166909,-3.7018362],[120.4170448,-3.7020079],[120.4175545,-3.7022437],[120.4177543,-3.7023534],[120.4182331,-3.7025695],[120.4184403,-3.7026478],[120.418788,-3.7028153],[120.418864,-3.7028519],[120.4189547,-3.702893],[120.419605,-3.7031878],[120.4197948,-3.7032849],[120.4198746,-3.7033431],[120.4199436,-3.7034046],[120.420002,-3.7034956],[120.4200254,-3.7035572],[120.4200372,-3.7036337],[120.4200357,-3.7037127],[120.4200107,-3.7039788],[120.4199821,-3.7040637],[120.4198417,-3.7044793],[120.4197847,-3.7046158],[120.4196955,-3.7048901],[120.4196198,-3.7051484],[120.4195856,-3.705311],[120.4195475,-3.7055261],[120.4195198,-3.705647],[120.4194789,-3.70576],[120.4193991,-3.7059293],[120.4193797,-3.7059554],[120.4192472,-3.706198],[120.4191618,-3.7063643],[120.4191128,-3.706466],[120.4190733,-3.706565],[120.4189519,-3.7068896],[120.4188593,-3.7071532],[120.4188209,-3.7072756],[120.4188131,-3.7073004],[120.4186837,-3.7076343],[120.4185069,-3.7081358],[120.4183316,-3.7085544],[120.4182763,-3.7086792],[120.4181743,-3.7088959],[120.4179705,-3.709268],[120.4178524,-3.7094554],[120.4176537,-3.7097137],[120.4173338,-3.7100894],[120.4169786,-3.7104875],[120.4164862,-3.7110363],[120.4160404,-3.7115259],[120.4159257,-3.7116519],[120.4158081,-3.7117821],[120.4157585,-3.7118371],[120.4153457,-3.7122941],[120.4149498,-3.7127325],[120.4148582,-3.7128309],[120.4146972,-3.7129949],[120.4144303,-3.7132297],[120.4138543,-3.7136958],[120.4136773,-3.7138186],[120.4134513,-3.7139631],[120.4131945,-3.7141164],[120.4130436,-3.714192],[120.4128433,-3.7142897],[120.4126735,-3.7143619],[120.4123946,-3.7144623],[120.412275,-3.7145045],[120.4117864,-3.7146771],[120.4115483,-3.7147581],[120.4112276,-3.7148569],[120.4107061,-3.715011],[120.4101053,-3.715201],[120.4097297,-3.7153157],[120.4093898,-3.7154205],[120.4089365,-3.715561],[120.4072816,-3.7161218],[120.4070301,-3.7161987],[120.4069034,-3.7162469],[120.4066962,-3.7163051],[120.4063945,-3.7164142],[120.405917,-3.7165842],[120.4053544,-3.7167882],[120.4052076,-3.7168304],[120.404936,-3.7169187],[120.4040965,-3.7171951],[120.4025213,-3.7177371],[120.4023845,-3.7177799],[120.4022357,-3.7178361],[120.4015189,-3.7180844],[120.4005647,-3.7184236],[120.3997922,-3.7187609],[120.3994683,-3.7188974],[120.3989004,-3.7191697],[120.3984719,-3.7194026],[120.398382,-3.7194655],[120.3982968,-3.7195446],[120.3980675,-3.7198342],[120.3979643,-3.7200015],[120.3978806,-3.7201808],[120.3977329,-3.7205388],[120.3973205,-3.7216695],[120.3973038,-3.7217174],[120.3972926,-3.7217496],[120.3971291,-3.7222253],[120.3970858,-3.7223448],[120.3968717,-3.7229181],[120.396764,-3.7231237],[120.3966339,-3.7233151],[120.3965387,-3.7234328],[120.3964212,-3.7235679],[120.3962803,-3.723706],[120.3961551,-3.7237935],[120.3959754,-3.7239119],[120.395783,-3.7240243],[120.395669,-3.7240986],[120.3953739,-3.7242806],[120.3950816,-3.7244753],[120.3949133,-3.7245864],[120.3947517,-3.7247209],[120.3940134,-3.7255242],[120.3939307,-3.7256142],[120.393641,-3.7259003],[120.3936258,-3.7259153],[120.3930307,-3.726472],[120.3925016,-3.7269645],[120.3922932,-3.7271586],[120.3919383,-3.727489],[120.3918035,-3.7276128],[120.3913432,-3.7280358],[120.3909207,-3.7284229],[120.3907717,-3.7285583],[120.3901011,-3.7291675],[120.3895931,-3.7296278],[120.3892048,-3.729987],[120.3890996,-3.7300867],[120.3887918,-3.7303724],[120.3886771,-3.7304768],[120.3885879,-3.7305624],[120.3885021,-3.7306852],[120.3884532,-3.7307451],[120.3883729,-3.730863],[120.3882721,-3.731011],[120.3881692,-3.7311622],[120.3880951,-3.7312683],[120.3876914,-3.7318619],[120.3872904,-3.7324219],[120.3869373,-3.7328943],[120.386567,-3.7333774],[120.3865341,-3.7334203],[120.3863718,-3.7336244],[120.3861377,-3.7339107],[120.3857093,-3.7343815],[120.3853003,-3.7348255],[120.3851312,-3.7350008],[120.3850615,-3.7350509],[120.3849717,-3.7350983],[120.3848818,-3.7351312],[120.3847738,-3.73517],[120.3846947,-3.7351868],[120.3845539,-3.7352042],[120.3843791,-3.7352009],[120.3842696,-3.7351988],[120.3838968,-3.7351634],[120.3836875,-3.7351439],[120.3834783,-3.7351132],[120.3832182,-3.7350483],[120.3829875,-3.7349954],[120.3829075,-3.7349796],[120.3826569,-3.7349301],[120.3826214,-3.7349231],[120.3821801,-3.7348341],[120.3818844,-3.7347706],[120.3812713,-3.7346304],[120.3812233,-3.7346194],[120.3802577,-3.7344507],[120.3791673,-3.7342915],[120.3783801,-3.7341697],[120.3779322,-3.7341162],[120.3775527,-3.7340881],[120.3769948,-3.7341055],[120.376929,-3.734111],[120.3763081,-3.734163],[120.3762223,-3.7341806],[120.3758454,-3.734258],[120.3751494,-3.7344681],[120.3745848,-3.7346903],[120.3741066,-3.7348558],[120.3739317,-3.7349164],[120.3738749,-3.7349348],[120.3735682,-3.7350342],[120.3731216,-3.735148],[120.3728025,-3.7352269],[120.3718449,-3.735441],[120.3712039,-3.7356003],[120.3709477,-3.73571],[120.3707452,-3.7358318],[120.3704917,-3.7360165],[120.369899,-3.7365866],[120.3691343,-3.7373147],[120.3688341,-3.7376385],[120.3687617,-3.7377254],[120.3687081,-3.7378312],[120.3686182,-3.7380439],[120.3685458,-3.7382474],[120.3685096,-3.7384026],[120.3684378,-3.7389439],[120.3684077,-3.7391025],[120.3682682,-3.7403484],[120.3682025,-3.7407539],[120.3681086,-3.7411487],[120.3679812,-3.7414685],[120.3677733,-3.7418941],[120.3675138,-3.7423632],[120.366746,-3.7435562],[120.3664523,-3.7439603],[120.3662769,-3.7442477],[120.366228,-3.7443277],[120.3660741,-3.7446375],[120.36594,-3.7450122],[120.3658649,-3.7453923],[120.3658354,-3.7458526],[120.3658633,-3.7465863],[120.3658982,-3.7473184],[120.3658676,-3.7475548],[120.3658428,-3.7476405],[120.3657989,-3.747738],[120.3656718,-3.7479202],[120.3655088,-3.7480986],[120.3651584,-3.7483899],[120.3649878,-3.7485318],[120.3645795,-3.7489655],[120.3644447,-3.7491366],[120.3642663,-3.7494551],[120.3642114,-3.7496231],[120.3641564,-3.7498245],[120.3640915,-3.7502007],[120.3640662,-3.7503241],[120.3640303,-3.750499],[120.3639511,-3.7509438],[120.3639163,-3.7511389],[120.3638497,-3.7514462],[120.3636084,-3.7522772],[120.3634141,-3.7529171],[120.3632221,-3.7535497],[120.3630593,-3.7539971]]}},{"type":"Feature","properties":{"segmentId":"osm-gaul2-18188-2093516233-2093516275-0","regionId":"gaul2-18188","province":"Sulawesi Selatan","region":"Wajo","roadName":"Jalan Wolter Monginsidi","highway":"trunk","lengthMeters":570.566,"osmWayIds":["199350747"],"u":"2093516233","v":"2093516275","key":0,"oneway":false,"source":"OpenStreetMap"},"geometry":{"type":"LineString","coordinates":[[120.0333665,-4.1461028],[120.0340682,-4.1464064],[120.0343739,-4.1465417],[120.0344519,-4.1465762],[120.0347212,-4.1466954],[120.0352633,-4.1469353],[120.0355515,-4.1470628],[120.0358282,-4.1471852],[120.0361567,-4.14731],[120.0364984,-4.1474632],[120.0368015,-4.1475929],[120.0371079,-4.1477227],[120.0372414,-4.1477849],[120.0374244,-4.1478678],[120.03758,-4.1479353],[120.0376013,-4.1479448],[120.0377,-4.1479888],[120.0377852,-4.1480293],[120.0378596,-4.1480701],[120.0379189,-4.1481039],[120.0379689,-4.148138],[120.0380496,-4.1482094]]}},{"type":"Feature","properties":{"segmentId":"osm-gaul2-18188-2093516233-5595798832-0","regionId":"gaul2-18188","province":"Sulawesi Selatan","region":"Wajo","roadName":"Jalan Andi Pallawarukka","highway":"trunk","lengthMeters":1296.121,"osmWayIds":["218280546","220218167","220840385","220973194"],"u":"2093516233","v":"5595798832","key":0,"oneway":true,"source":"OpenStreetMap"},"geometry":{"type":"LineString","coordinates":[[120.0333665,-4.1461028],[120.0326943,-4.1458106],[120.0322166,-4.1455962],[120.0318186,-4.1454213],[120.0311869,-4.1451491],[120.0310634,-4.145064],[120.0309979,-4.1450047],[120.0309489,-4.1449505],[120.0309097,-4.1449006],[120.0308845,-4.1448562],[120.0308624,-4.144807],[120.0308463,-4.1447595],[120.0308379,-4.1447065],[120.030826,-4.1445939],[120.0308253,-4.1445158],[120.0308335,-4.1441578],[120.0308604,-4.1440028],[120.0308939,-4.1437995],[120.0309663,-4.1435112],[120.0311316,-4.1428126],[120.0312084,-4.1424492],[120.0313479,-4.1417623],[120.0314743,-4.1406936],[120.0315752,-4.1396374],[120.0315913,-4.1394683],[120.0316594,-4.1387533],[120.0316855,-4.138408],[120.0317265,-4.1379295],[120.0317693,-4.137241],[120.0317638,-4.1371634],[120.0317491,-4.1371038],[120.0317362,-4.1370656],[120.031718,-4.1370251],[120.0314714,-4.1364308],[120.0313519,-4.1361656]]}},{"type":"Feature","properties":{"segmentId":"osm-gaul2-18188-2093516275-2093516233-0","regionId":"gaul2-18188","province":"Sulawesi Selatan","region":"Wajo","roadName":"Jalan Wolter Monginsidi","highway":"trunk","lengthMeters":570.566,"osmWayIds":["199350747"],"u":"2093516275","v":"2093516233","key":0,"oneway":false,"source":"OpenStreetMap"},"geometry":{"type":"LineString","coordinates":[[120.0380496,-4.1482094],[120.0379689,-4.148138],[120.0379189,-4.1481039],[120.0378596,-4.1480701],[120.0377852,-4.1480293],[120.0377,-4.1479888],[120.0376013,-4.1479448],[120.03758,-4.1479353],[120.0374244,-4.1478678],[120.0372414,-4.1477849],[120.0371079,-4.1477227],[120.0368015,-4.1475929],[120.0364984,-4.1474632],[120.0361567,-4.14731],[120.0358282,-4.1471852],[120.0355515,-4.1470628],[120.0352633,-4.1469353],[120.0347212,-4.1466954],[120.0344519,-4.1465762],[120.0343739,-4.1465417],[120.0340682,-4.1464064],[120.0333665,-4.1461028]]}},{"type":"Feature","properties":{"segmentId":"osm-gaul2-18188-2093516275-2610558799-0","regionId":"gaul2-18188","province":"Sulawesi Selatan","region":"Wajo","roadName":"Jalan Sawerigading","highway":"tertiary","lengthMeters":535.275,"osmWayIds":["199350738"],"u":"2093516275","v":"2610558799","key":0,"oneway":true,"source":"OpenStreetMap"},"geometry":{"type":"LineString","coordinates":[[120.0380496,-4.1482094],[120.0380747,-4.14813],[120.0381473,-4.1478163],[120.038174,-4.1476899],[120.0382465,-4.1473461],[120.0384467,-4.1463737],[120.0385682,-4.1457851],[120.038669,-4.145305],[120.0387179,-4.1450749],[120.0387863,-4.1447425],[120.03885,-4.1444141],[120.0389318,-4.1439346],[120.0390002,-4.1436029],[120.0390217,-4.1435587],[120.0390669,-4.1435179]]}},{"type":"Feature","properties":{"segmentId":"osm-gaul2-18188-2093516275-2610558803-0","regionId":"gaul2-18188","province":"Sulawesi Selatan","region":"Wajo","roadName":"Jalan Wolter Monginsidi","highway":"trunk","lengthMeters":10.445,"osmWayIds":["199350747"],"u":"2093516275","v":"2610558803","key":0,"oneway":false,"source":"OpenStreetMap"},"geometry":{"type":"LineString","coordinates":[[120.0380496,-4.1482094],[120.0381213,-4.1482703]]}},{"type":"Feature","properties":{"segmentId":"osm-gaul2-18188-2110240645-2110240647-0","regionId":"gaul2-18188","province":"Sulawesi Selatan","region":"Wajo","roadName":"Jalan Poros Salaonro - Ulugalung","highway":"primary","lengthMeters":31.291,"osmWayIds":["1476360844"],"u":"2110240645","v":"2110240647","key":0,"oneway":false,"source":"OpenStreetMap"},"geometry":{"type":"LineString","coordinates":[[120.0384758,-4.1798377],[120.0384589,-4.1801186]]}},{"type":"Feature","properties":{"segmentId":"osm-gaul2-18188-2110240645-2110278792-0","regionId":"gaul2-18188","province":"Sulawesi Selatan","region":"Wajo","roadName":"Jalan Bosowa Utara","highway":"trunk","lengthMeters":2810.623,"osmWayIds":["201068808","201356753","600612593"],"u":"2110240645","v":"2110278792","key":0,"oneway":false,"source":"OpenStreetMap"},"geometry":{"type":"LineString","coordinates":[[120.0384758,-4.1798377],[120.038394,-4.1793668],[120.0383565,-4.1788665],[120.0383471,-4.1787194],[120.038335,-4.178377],[120.0383109,-4.1779811],[120.0382827,-4.177644],[120.0382452,-4.1773658],[120.0381996,-4.1770007],[120.038153,-4.1763274],[120.0381204,-4.1759101],[120.0381162,-4.1758409],[120.0381111,-4.1757768],[120.0381063,-4.1756769],[120.038082,-4.1752779],[120.0380655,-4.1750238],[120.0380614,-4.1748445],[120.0380406,-4.1745155],[120.0380323,-4.1743229],[120.0379716,-4.1731408],[120.0379685,-4.1730331],[120.0379005,-4.1721012],[120.0378469,-4.1714084],[120.0378254,-4.1711034],[120.0377892,-4.1706272],[120.0377557,-4.1703397],[120.0376287,-4.1696222],[120.0375919,-4.1694122],[120.0374545,-4.1686284],[120.0372849,-4.167488],[120.0371129,-4.1664397],[120.0370449,-4.1659659],[120.0369776,-4.1655741],[120.0369202,-4.1652101],[120.0368612,-4.1648115],[120.0367968,-4.164124],[120.0367606,-4.163783],[120.0367109,-4.1632814],[120.0366238,-4.1626942],[120.0365473,-4.1622789],[120.0365011,-4.1620287],[120.0364746,-4.1618789],[120.0363676,-4.1613379],[120.0363462,-4.161269],[120.0363254,-4.1612122],[120.0362798,-4.1611138],[120.0361906,-4.1609353],[120.0358795,-4.1603447],[120.0357293,-4.1600679],[120.0356756,-4.1599769],[120.0355147,-4.1596719],[120.0354315,-4.1595181],[120.0353611,-4.1593663],[120.0352874,-4.1591964],[120.0352525,-4.1590787],[120.0352203,-4.1589283],[120.0352022,-4.1587631],[120.0352056,-4.1586313],[120.0352049,-4.1585036],[120.035223,-4.1583518],[120.0352558,-4.1581752],[120.0353068,-4.1580434],[120.0353464,-4.1579478],[120.0353765,-4.157889],[120.0354356,-4.1578074],[120.035565,-4.1576616],[120.0358359,-4.1574148],[120.0359985,-4.15726],[120.036177,-4.1570852],[120.0368632,-4.1564026],[120.0370214,-4.1562437],[120.0371676,-4.1560699],[120.0372541,-4.1559475],[120.037354,-4.155788]]}},{"type":"Feature","properties":{"segmentId":"osm-gaul2-18188-2110240645-2111641652-0","regionId":"gaul2-18188","province":"Sulawesi Selatan","region":"Wajo","roadName":"Jalan Poros Watampone - Sengkang","highway":"trunk","lengthMeters":32.851,"osmWayIds":["1476360845"],"u":"2110240645","v":"2111641652","key":0,"oneway":false,"source":"OpenStreetMap"},"geometry":{"type":"LineString","coordinates":[[120.0384758,-4.1798377],[120.0386194,-4.1800961]]}},{"type":"Feature","properties":{"segmentId":"osm-gaul2-18188-2110240647-2110240645-0","regionId":"gaul2-18188","province":"Sulawesi Selatan","region":"Wajo","roadName":"Jalan Poros Salaonro - Ulugalung","highway":"primary","lengthMeters":31.291,"osmWayIds":["1476360844"],"u":"2110240647","v":"2110240645","key":0,"oneway":false,"source":"OpenStreetMap"},"geometry":{"type":"LineString","coordinates":[[120.0384589,-4.1801186],[120.0384758,-4.1798377]]}},{"type":"Feature","properties":{"segmentId":"osm-gaul2-18188-2110240647-2120972128-0","regionId":"gaul2-18188","province":"Sulawesi Selatan","region":"Wajo","roadName":"Jalan Poros Salaonro - Ulugalung","highway":"primary","lengthMeters":5540.438,"osmWayIds":["201065093","583854173","749979406"],"u":"2110240647","v":"2120972128","key":0,"oneway":false,"source":"OpenStreetMap"},"geometry":{"type":"LineString","coordinates":[[120.0384589,-4.1801186],[120.0384319,-4.1803284],[120.03839,-4.1805518],[120.0383458,-4.1807672],[120.0382438,-4.1810534],[120.0381352,-4.1813249],[120.0380165,-4.1815496],[120.0378745,-4.1817403],[120.0376846,-4.1819482],[120.0374579,-4.1821421],[120.0374113,-4.1821816],[120.0371669,-4.1823428],[120.0369005,-4.1824848],[120.036613,-4.1825876],[120.0363136,-4.1826703],[120.0358961,-4.1827111],[120.0357367,-4.1827132],[120.0354906,-4.1826848],[120.0353689,-4.1826608],[120.035217,-4.1826357],[120.033436,-4.1822746],[120.0330377,-4.1821916],[120.0323998,-4.1820623],[120.0318716,-4.1819552],[120.0317206,-4.1819194],[120.0314887,-4.1818613],[120.0312768,-4.1818024],[120.0308168,-4.1817422],[120.0305459,-4.1817075],[120.030283,-4.18171],[120.0300014,-4.1817048],[120.0296621,-4.1817289],[120.0293462,-4.1817841],[120.0290959,-4.1818279],[120.0280608,-4.1820258],[120.0276363,-4.1821181],[120.0270067,-4.1822551],[120.0264707,-4.1823618],[120.0263295,-4.1823789],[120.0260197,-4.182403],[120.0255717,-4.1823829],[120.0251765,-4.182337],[120.0248502,-4.1822786],[120.024518,-4.1821775],[120.0235913,-4.1818954],[120.023383,-4.1818318],[120.0231537,-4.1817797],[120.0229861,-4.1817543],[120.0228164,-4.1817468],[120.0220406,-4.1817489],[120.0218327,-4.1817583],[120.0216825,-4.1817743],[120.0215279,-4.1818046],[120.0209744,-4.1819608],[120.0206271,-4.182078],[120.0202517,-4.1822417],[120.0200397,-4.1823562],[120.0197916,-4.1825167],[120.0196096,-4.1826376],[120.0194415,-4.1827678],[120.0188863,-4.183259],[120.0187646,-4.1833686],[120.0184678,-4.1837143],[120.0183036,-4.1839055],[120.018142,-4.184119],[120.0180062,-4.1843369],[120.0178792,-4.1845765],[120.0177697,-4.1848156],[120.0176767,-4.1850178],[120.0175966,-4.1852307],[120.0174399,-4.1857174],[120.0174231,-4.1857941],[120.0173713,-4.1860272],[120.0173239,-4.1863159],[120.0172935,-4.1866022],[120.017108,-4.1884205],[120.0170546,-4.1888548],[120.0170281,-4.1890708],[120.0168578,-4.1903426],[120.016785,-4.1908871],[120.0165944,-4.1923448],[120.0165528,-4.1926912],[120.0163999,-4.1938562],[120.0162509,-4.1953442],[120.0161298,-4.1962999],[120.0160915,-4.1965459],[120.0160378,-4.1969158],[120.0159439,-4.1974434],[120.0159004,-4.1977744],[120.0158829,-4.1979129],[120.0158608,-4.1980426],[120.0158279,-4.1981516],[120.0158145,-4.1981924],[120.0155303,-4.1987376],[120.0154348,-4.1989138],[120.0150025,-4.1996476],[120.0146271,-4.2003203],[120.0139251,-4.2016295],[120.0135246,-4.2023119],[120.0133657,-4.2026131],[120.0131343,-4.2030368],[120.0130182,-4.203234],[120.0128214,-4.2035685],[120.0124638,-4.2042045],[120.0121727,-4.2047212],[120.0120655,-4.2049147],[120.0118723,-4.205254],[120.0115495,-4.2058213],[120.0111924,-4.2064454],[120.0107753,-4.2071938],[120.0105495,-4.20758],[120.010214,-4.2081774],[120.0100282,-4.2085165],[120.0096019,-4.2092789]]}},{"type":"Feature","properties":{"segmentId":"osm-gaul2-18188-2110278792-2110240645-0","regionId":"gaul2-18188","province":"Sulawesi Selatan","region":"Wajo","roadName":"Jalan Bosowa Utara","highway":"trunk","lengthMeters":2810.623,"osmWayIds":["201068808","201356753","600612593"],"u":"2110278792","v":"2110240645","key":0,"oneway":false,"source":"OpenStreetMap"},"geometry":{"type":"LineString","coordinates":[[120.037354,-4.155788],[120.0372541,-4.1559475],[120.0371676,-4.1560699],[120.0370214,-4.1562437],[120.0368632,-4.1564026],[120.036177,-4.1570852],[120.0359985,-4.15726],[120.0358359,-4.1574148],[120.035565,-4.1576616],[120.0354356,-4.1578074],[120.0353765,-4.157889],[120.0353464,-4.1579478],[120.0353068,-4.1580434],[120.0352558,-4.1581752],[120.035223,-4.1583518],[120.0352049,-4.1585036],[120.0352056,-4.1586313],[120.0352022,-4.1587631],[120.0352203,-4.1589283],[120.0352525,-4.1590787],[120.0352874,-4.1591964],[120.0353611,-4.1593663],[120.0354315,-4.1595181],[120.0355147,-4.1596719],[120.0356756,-4.1599769],[120.0357293,-4.1600679],[120.0358795,-4.1603447],[120.0361906,-4.1609353],[120.0362798,-4.1611138],[120.0363254,-4.1612122],[120.0363462,-4.161269],[120.0363676,-4.1613379],[120.0364746,-4.1618789],[120.0365011,-4.1620287],[120.0365473,-4.1622789],[120.0366238,-4.1626942],[120.0367109,-4.1632814],[120.0367606,-4.163783],[120.0367968,-4.164124],[120.0368612,-4.1648115],[120.0369202,-4.1652101],[120.0369776,-4.1655741],[120.0370449,-4.1659659],[120.0371129,-4.1664397],[120.0372849,-4.167488],[120.0374545,-4.1686284],[120.0375919,-4.1694122],[120.0376287,-4.1696222],[120.0377557,-4.1703397],[120.0377892,-4.1706272],[120.0378254,-4.1711034],[120.0378469,-4.1714084],[120.0379005,-4.1721012],[120.0379685,-4.1730331],[120.0379716,-4.1731408],[120.0380323,-4.1743229],[120.0380406,-4.1745155],[120.0380614,-4.1748445],[120.0380655,-4.1750238],[120.038082,-4.1752779],[120.0381063,-4.1756769],[120.0381111,-4.1757768],[120.0381162,-4.1758409],[120.0381204,-4.1759101],[120.038153,-4.1763274],[120.0381996,-4.1770007],[120.0382452,-4.1773658],[120.0382827,-4.177644],[120.0383109,-4.1779811],[120.038335,-4.178377],[120.0383471,-4.1787194],[120.0383565,-4.1788665],[120.038394,-4.1793668],[120.0384758,-4.1798377]]}},{"type":"Feature","properties":{"segmentId":"osm-gaul2-18188-2110278792-2113276994-0","regionId":"gaul2-18188","province":"Sulawesi Selatan","region":"Wajo","roadName":"Jalan Baja","highway":"secondary","lengthMeters":6844.935,"osmWayIds":["201271836","777901007","777901008"],"u":"2110278792","v":"2113276994","key":0,"oneway":false,"source":"OpenStreetMap"},"geometry":{"type":"LineString","coordinates":[[120.037354,-4.155788],[120.0373862,-4.1558251],[120.0374734,-4.1559274],[120.0375927,-4.1560511],[120.0377181,-4.1561809],[120.0378449,-4.1563227],[120.0379213,-4.1564095],[120.0379743,-4.1564698],[120.0380789,-4.1565848],[120.0382106,-4.1567333],[120.0384363,-4.156968],[120.0385058,-4.1570463],[120.0385355,-4.1570797],[120.0386012,-4.1571633],[120.0386636,-4.1572466],[120.0387283,-4.1573355],[120.0387819,-4.1574171],[120.0389157,-4.1576201],[120.0390002,-4.1577606],[120.0392899,-4.1581826],[120.0394857,-4.1584701],[120.0395829,-4.158638],[120.0396681,-4.1587965],[120.0397338,-4.1589336],[120.0398183,-4.1591135],[120.0399269,-4.1593569],[120.04011,-4.1597368],[120.0402112,-4.159912],[120.0403319,-4.1600859],[120.0405841,-4.1604016],[120.0408885,-4.1607708],[120.0411835,-4.1611225],[120.0414624,-4.1614058],[120.0419252,-4.1618515],[120.0420164,-4.1619411],[120.042129,-4.1620669],[120.0422276,-4.1621872],[120.0422772,-4.1622528],[120.0423469,-4.1623444],[120.0427097,-4.1628239],[120.0429927,-4.1631744],[120.0432705,-4.1634955],[120.0434098,-4.1636492],[120.0435895,-4.1638311],[120.0437987,-4.1640505],[120.0439828,-4.1642691],[120.0440596,-4.1643674],[120.0443746,-4.1647708],[120.0449034,-4.1655061],[120.04516,-4.1658598],[120.0453208,-4.1660742],[120.045467,-4.1662762],[120.045691,-4.1665905],[120.0459512,-4.1669289],[120.0464205,-4.1675388],[120.0465077,-4.1676472],[120.0467372,-4.1679559],[120.0469269,-4.1681827],[120.0475135,-4.1688229],[120.0481648,-4.1694745],[120.0483418,-4.1696567],[120.0484044,-4.1697212],[120.0485663,-4.1699117],[120.0487708,-4.1701404],[120.0493023,-4.1706614],[120.0497277,-4.1709929],[120.0501235,-4.1712503],[120.0505149,-4.1714619],[120.0506461,-4.1715444],[120.0510946,-4.171877],[120.0514457,-4.1721962],[120.0516767,-4.1723844],[120.0520419,-4.1726283],[120.0522141,-4.1727178],[120.0523375,-4.172766],[120.0524391,-4.1727974],[120.0526915,-4.1728462],[120.0529922,-4.1728811],[120.0535449,-4.1729358],[120.0536184,-4.172943],[120.054258,-4.1730482],[120.0543196,-4.1730556],[120.0543813,-4.1730629],[120.0548799,-4.173067],[120.055638,-4.1730469],[120.0563375,-4.173009],[120.0564238,-4.1729967],[120.0565244,-4.17297],[120.0566858,-4.1729222],[120.0576045,-4.1726116],[120.0578763,-4.1725226],[120.0580358,-4.1724584],[120.0581823,-4.1723927],[120.0584125,-4.1722647],[120.0587713,-4.1720695],[120.0589941,-4.1719427],[120.0592093,-4.1718139],[120.0593448,-4.1717234],[120.0594843,-4.1716157],[120.0599656,-4.1712023],[120.0605611,-4.1707413],[120.0610015,-4.1704356],[120.061054,-4.1703965],[120.0611479,-4.1703136],[120.0614503,-4.1700223],[120.0615495,-4.1699344],[120.0617044,-4.16982],[120.0619126,-4.1696721],[120.0621128,-4.1695559],[120.0621946,-4.1695224],[120.0622945,-4.1694897],[120.0623648,-4.1694729],[120.0625493,-4.1694435],[120.0627204,-4.1694246],[120.0628618,-4.1694121],[120.0630395,-4.1694114],[120.0631998,-4.1694134],[120.0633836,-4.1694302],[120.0635578,-4.1694642],[120.0637489,-4.1695121],[120.0640708,-4.1696],[120.0643658,-4.1696937],[120.0652549,-4.1700005],[120.0666555,-4.170471],[120.0667081,-4.1704861],[120.0667912,-4.1705055],[120.0668891,-4.1705263],[120.0670373,-4.1705537],[120.0671272,-4.1705664],[120.067201,-4.1705751],[120.0673498,-4.1705798],[120.0674444,-4.1705791],[120.0675167,-4.1705775],[120.0676643,-4.170559],[120.0677602,-4.1705443],[120.0678306,-4.1705283],[120.0685394,-4.1703196],[120.0687835,-4.1702481],[120.0689337,-4.1702073],[120.0690655,-4.1701852],[120.0692153,-4.1701711],[120.0696418,-4.1701524],[120.0699851,-4.1701337],[120.0702674,-4.1701116],[120.0704142,-4.1700962],[120.0705411,-4.170074],[120.0706751,-4.1700394],[120.0707723,-4.1700093],[120.0708568,-4.1699785],[120.0709889,-4.1699244],[120.0711236,-4.1698558],[120.071227,-4.1697946],[120.0713309,-4.1697251],[120.0714,-4.1696696],[120.0714608,-4.1696151],[120.0715146,-4.1695605],[120.0715535,-4.1695097],[120.071581,-4.169467],[120.07164,-4.1693679],[120.0716749,-4.1693024],[120.0716992,-4.169243],[120.0718593,-4.1688149],[120.0719216,-4.168653],[120.0719941,-4.1684684],[120.0720759,-4.1683146],[120.0721402,-4.1682103],[120.0721939,-4.1681314],[120.0723025,-4.1680137],[120.0725482,-4.1677685],[120.0727907,-4.1675054],[120.07302,-4.1672422],[120.0731125,-4.1671536],[120.0732493,-4.1670279],[120.0733955,-4.1668874],[120.0736262,-4.166644],[120.0737415,-4.1665062],[120.0738354,-4.1663618],[120.0739011,-4.1662427],[120.0739507,-4.1661244],[120.0740285,-4.165895],[120.0741003,-4.1656562],[120.0741479,-4.1654335],[120.0742203,-4.1650483],[120.0742431,-4.1648276],[120.0742518,-4.1645982],[120.0742491,-4.1644477],[120.0742496,-4.1643278],[120.0742377,-4.1639782],[120.074227,-4.1637883],[120.0742116,-4.163622],[120.0741673,-4.1633576],[120.074123,-4.163024],[120.0741063,-4.1629002],[120.0740878,-4.1627769],[120.074068,-4.1626142],[120.0740674,-4.162527],[120.0740701,-4.1624186],[120.0740768,-4.1623531],[120.0740969,-4.1622568],[120.0741358,-4.1620695],[120.0741775,-4.1619285],[120.0743772,-4.1613272],[120.0744751,-4.1610623],[120.0745583,-4.1608537],[120.0746334,-4.1606691],[120.0747014,-4.1604508],[120.0747487,-4.1602956],[120.0748003,-4.1600699],[120.0748315,-4.1599163],[120.0749561,-4.1592992],[120.0750789,-4.1586362],[120.0751061,-4.1584487],[120.0751276,-4.158226],[120.0751524,-4.1579659],[120.0751791,-4.1577298],[120.0753001,-4.1566897],[120.0753682,-4.1559387],[120.0754152,-4.1554419],[120.0754581,-4.1549891],[120.075535,-4.1543098],[120.0755426,-4.1542621],[120.0755614,-4.1541605],[120.0755937,-4.1540374],[120.0756365,-4.1539331],[120.0757031,-4.1537949],[120.0758216,-4.1535893],[120.0758983,-4.1534582],[120.0761605,-4.1529921],[120.0763325,-4.1526624]]}},{"type":"Feature","properties":{"segmentId":"osm-gaul2-18188-2110278792-2610558803-0","regionId":"gaul2-18188","province":"Sulawesi Selatan","region":"Wajo","roadName":"Jalan Sultan Hasanuddin","highway":"trunk","lengthMeters":855.681,"osmWayIds":["201068808"],"u":"2110278792","v":"2610558803","key":0,"oneway":false,"source":"OpenStreetMap"},"geometry":{"type":"LineString","coordinates":[[120.037354,-4.155788],[120.0374164,-4.1555362],[120.0374667,-4.1553221],[120.03752,-4.1550463],[120.0375947,-4.15466],[120.0376558,-4.1542701],[120.037759,-4.1536328],[120.0378153,-4.1533613],[120.0378542,-4.1531519],[120.037879,-4.1529934],[120.0379421,-4.1527072],[120.037983,-4.1525447],[120.038107,-4.1519561],[120.0381553,-4.1516946],[120.0381902,-4.1514291],[120.0382205,-4.1512598],[120.0382794,-4.1509342],[120.0383401,-4.1506286],[120.0384041,-4.150341],[120.0384316,-4.1502032],[120.0384571,-4.1500701],[120.0384735,-4.1499631],[120.0384899,-4.149806],[120.0384805,-4.149598],[120.0384691,-4.1493786],[120.0384376,-4.1491418],[120.0384209,-4.1490061],[120.0383867,-4.1488362],[120.038329,-4.1486703],[120.0382767,-4.14855],[120.0382273,-4.148439],[120.0381213,-4.1482703]]}},{"type":"Feature","properties":{"segmentId":"osm-gaul2-18188-2111641652-2110240645-0","regionId":"gaul2-18188","province":"Sulawesi Selatan","region":"Wajo","roadName":"Jalan Poros Watampone - Sengkang","highway":"trunk","lengthMeters":32.851,"osmWayIds":["1476360845"],"u":"2111641652","v":"2110240645","key":0,"oneway":false,"source":"OpenStreetMap"},"geometry":{"type":"LineString","coordinates":[[120.0386194,-4.1800961],[120.0384758,-4.1798377]]}},{"type":"Feature","properties":{"segmentId":"osm-gaul2-18188-2111641652-2110240647-0","regionId":"gaul2-18188","province":"Sulawesi Selatan","region":"Wajo","roadName":"Unnamed OSM road","highway":"trunk_link","lengthMeters":18.663,"osmWayIds":["201212933"],"u":"2111641652","v":"2110240647","key":0,"oneway":true,"source":"OpenStreetMap"},"geometry":{"type":"LineString","coordinates":[[120.0386194,-4.1800961],[120.0385972,-4.1800924],[120.0385731,-4.1800907],[120.0385278,-4.1800917],[120.0384863,-4.1800984],[120.0384701,-4.1801081],[120.0384589,-4.1801186]]}},{"type":"Feature","properties":{"segmentId":"osm-gaul2-18188-2111641652-2113277329-0","regionId":"gaul2-18188","province":"Sulawesi Selatan","region":"Wajo","roadName":"Jalan Poros Watampone - Sengkang","highway":"trunk","lengthMeters":11146.117,"osmWayIds":["201211724","550359309","550359310"],"u":"2111641652","v":"2113277329","key":0,"oneway":false,"source":"OpenStreetMap"},"geometry":{"type":"LineString","coordinates":[[120.0386194,-4.1800961],[120.0386649,-4.1801626],[120.038791,-4.1803338],[120.0389923,-4.1805477],[120.0391019,-4.1806555],[120.039458,-4.1809559],[120.0397995,-4.181242],[120.0402474,-4.1816392],[120.0406793,-4.1820151],[120.0413056,-4.1825742],[120.0420418,-4.1831038],[120.0426198,-4.1836269],[120.0428116,-4.1837298],[120.0430155,-4.1838114],[120.0434809,-4.1840251],[120.0437464,-4.1841029],[120.0439301,-4.1841578],[120.0445003,-4.1843079],[120.0451599,-4.184523],[120.0456511,-4.184614],[120.0462593,-4.1847281],[120.0464763,-4.1847688],[120.0469374,-4.1848552],[120.048254,-4.1851033],[120.0498925,-4.1854168],[120.0508829,-4.1856157],[120.051627,-4.1857651],[120.0519594,-4.1858276],[120.0530013,-4.1860237],[120.0544026,-4.186312],[120.0551736,-4.1864827],[120.0567464,-4.1868311],[120.0576614,-4.1870204],[120.0586688,-4.1872408],[120.0596907,-4.1874779],[120.060593,-4.1876801],[120.0613806,-4.1878534],[120.0616474,-4.1879016],[120.0623986,-4.1880801],[120.0633511,-4.1883094],[120.0637087,-4.188375],[120.063982,-4.1884276],[120.0642612,-4.188474],[120.0644876,-4.1884924],[120.064795,-4.1884927],[120.0651219,-4.1884694],[120.065381,-4.1884155],[120.0655996,-4.1883589],[120.0660494,-4.1882042],[120.0664741,-4.1879992],[120.0667731,-4.1878695],[120.0668201,-4.1878521],[120.0668831,-4.1878293],[120.0669408,-4.1878066],[120.0673268,-4.1876801],[120.0682195,-4.1872758],[120.069118,-4.1868779],[120.0698858,-4.1865003],[120.0703208,-4.1863078],[120.071468,-4.1857661],[120.0721322,-4.1854378],[120.072642,-4.1851997],[120.0738282,-4.18465],[120.0748651,-4.1841667],[120.0751738,-4.1840348],[120.0754329,-4.1839516],[120.0756741,-4.183913],[120.0758202,-4.1838943],[120.0760227,-4.1838716],[120.0761555,-4.1838943],[120.0763151,-4.1839211],[120.0765289,-4.1839605],[120.0769642,-4.1840863],[120.0772349,-4.1841819],[120.0774358,-4.1842476],[120.0779995,-4.1844507],[120.0783622,-4.1845723],[120.0787854,-4.1847075],[120.0792699,-4.1848661],[120.079528,-4.1849498],[120.0798449,-4.185058],[120.0800899,-4.1851362],[120.0803143,-4.1852131],[120.0805423,-4.1852961],[120.080794,-4.1853873],[120.081068,-4.1854833],[120.0814079,-4.1856062],[120.0817803,-4.1857416],[120.0821945,-4.1859033],[120.0825194,-4.1860271],[120.0829428,-4.1861949],[120.0831628,-4.1862751],[120.0834339,-4.1863723],[120.0836831,-4.1864544],[120.0838871,-4.186526],[120.0840479,-4.1865667],[120.0841981,-4.1866082],[120.0844073,-4.1866536],[120.0845602,-4.1866871],[120.0847842,-4.1867433],[120.0849465,-4.1867968],[120.0850993,-4.1868476],[120.0852995,-4.1869318],[120.0854561,-4.186984],[120.0856948,-4.1870696],[120.0859425,-4.1871606],[120.0862929,-4.1872997],[120.0867274,-4.1874682],[120.0871325,-4.1876126],[120.0875381,-4.1877848],[120.0882292,-4.1880701],[120.0889859,-4.1883964],[120.089305,-4.1885168],[120.0896853,-4.1886644],[120.0901821,-4.1888753],[120.0906301,-4.1890893],[120.0908849,-4.1892163],[120.0910096,-4.1892819],[120.0911772,-4.1893956],[120.0912966,-4.1894825],[120.0913757,-4.1895507],[120.0915152,-4.1896631],[120.0919631,-4.1901178],[120.0933284,-4.1915851],[120.0939868,-4.1923261],[120.09453,-4.1929226],[120.0949176,-4.1933225],[120.0950664,-4.193467],[120.0952099,-4.193594],[120.095332,-4.1936943],[120.096142,-4.1942695],[120.0963499,-4.1944086],[120.0965001,-4.1945223],[120.0966462,-4.1946306],[120.0972886,-4.1951108],[120.0973771,-4.1951817],[120.097522,-4.1952873],[120.0977983,-4.1955134],[120.0980638,-4.1957742],[120.0982878,-4.1959882],[120.0984728,-4.1962008],[120.0991032,-4.1968723],[120.0998917,-4.1977323],[120.1005623,-4.1984572],[120.1007473,-4.1986043],[120.1009271,-4.1987421],[120.1014018,-4.1990243],[120.1016365,-4.1991728],[120.1017813,-4.1992771],[120.1018833,-4.1993654],[120.1020321,-4.1994884],[120.1021689,-4.1996476],[120.1022843,-4.1997827],[120.1023848,-4.1998937],[120.102531,-4.2000341],[120.1027067,-4.2002495],[120.1028328,-4.2004528],[120.1029132,-4.2006561],[120.1029588,-4.2009089],[120.1029883,-4.2011563],[120.1030232,-4.2015977],[120.103054,-4.2019936],[120.1031265,-4.2022557],[120.1033813,-4.2030168],[120.103565,-4.2037751],[120.1036723,-4.2042392],[120.1036991,-4.2043476],[120.1037326,-4.2045308],[120.1038305,-4.2048772],[120.1039419,-4.205122],[120.1040331,-4.2052704],[120.1041792,-4.2055085],[120.1043831,-4.2057653],[120.1050322,-4.2064876],[120.1052588,-4.2067724],[120.1060085,-4.2077649],[120.1068132,-4.2089419],[120.1074435,-4.2098126],[120.1080161,-4.210611],[120.1084158,-4.211146],[120.108861,-4.2116476],[120.1092352,-4.2120221],[120.109608,-4.2123792],[120.1098521,-4.2125664],[120.1102544,-4.212842],[120.1106541,-4.2131001],[120.111346,-4.213544],[120.112115,-4.2140421],[120.1126134,-4.2143908],[120.11306,-4.2146636],[120.1140296,-4.2152267],[120.1150046,-4.2158352],[120.1156497,-4.2162298],[120.1160158,-4.2164411],[120.116338,-4.2165961],[120.1173112,-4.216958],[120.1174445,-4.2170107],[120.1178188,-4.2171483],[120.1178684,-4.2171654],[120.1183513,-4.2173422],[120.1184642,-4.2173845],[120.1188616,-4.217538],[120.119138,-4.2176502],[120.119551,-4.2178334],[120.119952,-4.2179899],[120.1202198,-4.2180854],[120.1206976,-4.2181999],[120.1213695,-4.2183497],[120.1218544,-4.2184543]]}},{"type":"Feature","properties":{"segmentId":"osm-gaul2-18188-2113276994-2110278792-0","regionId":"gaul2-18188","province":"Sulawesi Selatan","region":"Wajo","roadName":"Jalan Baja","highway":"secondary","lengthMeters":6844.935,"osmWayIds":["201271836","777901007","777901008"],"u":"2113276994","v":"2110278792","key":0,"oneway":false,"source":"OpenStreetMap"},"geometry":{"type":"LineString","coordinates":[[120.0763325,-4.1526624],[120.0761605,-4.1529921],[120.0758983,-4.1534582],[120.0758216,-4.1535893],[120.0757031,-4.1537949],[120.0756365,-4.1539331],[120.0755937,-4.1540374],[120.0755614,-4.1541605],[120.0755426,-4.1542621],[120.075535,-4.1543098],[120.0754581,-4.1549891],[120.0754152,-4.1554419],[120.0753682,-4.1559387],[120.0753001,-4.1566897],[120.0751791,-4.1577298],[120.0751524,-4.1579659],[120.0751276,-4.158226],[120.0751061,-4.1584487],[120.0750789,-4.1586362],[120.0749561,-4.1592992],[120.0748315,-4.1599163],[120.0748003,-4.1600699],[120.0747487,-4.1602956],[120.0747014,-4.1604508],[120.0746334,-4.1606691],[120.0745583,-4.1608537],[120.0744751,-4.1610623],[120.0743772,-4.1613272],[120.0741775,-4.1619285],[120.0741358,-4.1620695],[120.0740969,-4.1622568],[120.0740768,-4.1623531],[120.0740701,-4.1624186],[120.0740674,-4.162527],[120.074068,-4.1626142],[120.0740878,-4.1627769],[120.0741063,-4.1629002],[120.074123,-4.163024],[120.0741673,-4.1633576],[120.0742116,-4.163622],[120.074227,-4.1637883],[120.0742377,-4.1639782],[120.0742496,-4.1643278],[120.0742491,-4.1644477],[120.0742518,-4.1645982],[120.0742431,-4.1648276],[120.0742203,-4.1650483],[120.0741479,-4.1654335],[120.0741003,-4.1656562],[120.0740285,-4.165895],[120.0739507,-4.1661244],[120.0739011,-4.1662427],[120.0738354,-4.1663618],[120.0737415,-4.1665062],[120.0736262,-4.166644],[120.0733955,-4.1668874],[120.0732493,-4.1670279],[120.0731125,-4.1671536],[120.07302,-4.1672422],[120.0727907,-4.1675054],[120.0725482,-4.1677685],[120.0723025,-4.1680137],[120.0721939,-4.1681314],[120.0721402,-4.1682103],[120.0720759,-4.1683146],[120.0719941,-4.1684684],[120.0719216,-4.168653],[120.0718593,-4.1688149],[120.0716992,-4.169243],[120.0716749,-4.1693024],[120.07164,-4.1693679],[120.071581,-4.169467],[120.0715535,-4.1695097],[120.0715146,-4.1695605],[120.0714608,-4.1696151],[120.0714,-4.1696696],[120.0713309,-4.1697251],[120.071227,-4.1697946],[120.0711236,-4.1698558],[120.0709889,-4.1699244],[120.0708568,-4.1699785],[120.0707723,-4.1700093],[120.0706751,-4.1700394],[120.0705411,-4.170074],[120.0704142,-4.1700962],[120.0702674,-4.1701116],[120.0699851,-4.1701337],[120.0696418,-4.1701524],[120.0692153,-4.1701711],[120.0690655,-4.1701852],[120.0689337,-4.1702073],[120.0687835,-4.1702481],[120.0685394,-4.1703196],[120.0678306,-4.1705283],[120.0677602,-4.1705443],[120.0676643,-4.170559],[120.0675167,-4.1705775],[120.0674444,-4.1705791],[120.0673498,-4.1705798],[120.067201,-4.1705751],[120.0671272,-4.1705664],[120.0670373,-4.1705537],[120.0668891,-4.1705263],[120.0667912,-4.1705055],[120.0667081,-4.1704861],[120.0666555,-4.170471],[120.0652549,-4.1700005],[120.0643658,-4.1696937],[120.0640708,-4.1696],[120.0637489,-4.1695121],[120.0635578,-4.1694642],[120.0633836,-4.1694302],[120.0631998,-4.1694134],[120.0630395,-4.1694114],[120.0628618,-4.1694121],[120.0627204,-4.1694246],[120.0625493,-4.1694435],[120.0623648,-4.1694729],[120.0622945,-4.1694897],[120.0621946,-4.1695224],[120.0621128,-4.1695559],[120.0619126,-4.1696721],[120.0617044,-4.16982],[120.0615495,-4.1699344],[120.0614503,-4.1700223],[120.0611479,-4.1703136],[120.061054,-4.1703965],[120.0610015,-4.1704356],[120.0605611,-4.1707413],[120.0599656,-4.1712023],[120.0594843,-4.1716157],[120.0593448,-4.1717234],[120.0592093,-4.1718139],[120.0589941,-4.1719427],[120.0587713,-4.1720695],[120.0584125,-4.1722647],[120.0581823,-4.1723927],[120.0580358,-4.1724584],[120.0578763,-4.1725226],[120.0576045,-4.1726116],[120.0566858,-4.1729222],[120.0565244,-4.17297],[120.0564238,-4.1729967],[120.0563375,-4.173009],[120.055638,-4.1730469],[120.0548799,-4.173067],[120.0543813,-4.1730629],[120.0543196,-4.1730556],[120.054258,-4.1730482],[120.0536184,-4.172943],[120.0535449,-4.1729358],[120.0529922,-4.1728811],[120.0526915,-4.1728462],[120.0524391,-4.1727974],[120.0523375,-4.172766],[120.0522141,-4.1727178],[120.0520419,-4.1726283],[120.0516767,-4.1723844],[120.0514457,-4.1721962],[120.0510946,-4.171877],[120.0506461,-4.1715444],[120.0505149,-4.1714619],[120.0501235,-4.1712503],[120.0497277,-4.1709929],[120.0493023,-4.1706614],[120.0487708,-4.1701404],[120.0485663,-4.1699117],[120.0484044,-4.1697212],[120.0483418,-4.1696567],[120.0481648,-4.1694745],[120.0475135,-4.1688229],[120.0469269,-4.1681827],[120.0467372,-4.1679559],[120.0465077,-4.1676472],[120.0464205,-4.1675388],[120.0459512,-4.1669289],[120.045691,-4.1665905],[120.045467,-4.1662762],[120.0453208,-4.1660742],[120.04516,-4.1658598],[120.0449034,-4.1655061],[120.0443746,-4.1647708],[120.0440596,-4.1643674],[120.0439828,-4.1642691],[120.0437987,-4.1640505],[120.0435895,-4.1638311],[120.0434098,-4.1636492],[120.0432705,-4.1634955],[120.0429927,-4.1631744],[120.0427097,-4.1628239],[120.0423469,-4.1623444],[120.0422772,-4.1622528],[120.0422276,-4.1621872],[120.042129,-4.1620669],[120.0420164,-4.1619411],[120.0419252,-4.1618515],[120.0414624,-4.1614058],[120.0411835,-4.1611225],[120.0408885,-4.1607708],[120.0405841,-4.1604016],[120.0403319,-4.1600859],[120.0402112,-4.159912],[120.04011,-4.1597368],[120.0399269,-4.1593569],[120.0398183,-4.1591135],[120.0397338,-4.1589336],[120.0396681,-4.1587965],[120.0395829,-4.158638],[120.0394857,-4.1584701],[120.0392899,-4.1581826],[120.0390002,-4.1577606],[120.0389157,-4.1576201],[120.0387819,-4.1574171],[120.0387283,-4.1573355],[120.0386636,-4.1572466],[120.0386012,-4.1571633],[120.0385355,-4.1570797],[120.0385058,-4.1570463],[120.0384363,-4.156968],[120.0382106,-4.1567333],[120.0380789,-4.1565848],[120.0379743,-4.1564698],[120.0379213,-4.1564095],[120.0378449,-4.1563227],[120.0377181,-4.1561809],[120.0375927,-4.1560511],[120.0374734,-4.1559274],[120.0373862,-4.1558251],[120.037354,-4.155788]]}},{"type":"Feature","properties":{"segmentId":"osm-gaul2-18188-2113276994-2113277329-0","regionId":"gaul2-18188","province":"Sulawesi Selatan","region":"Wajo","roadName":"Unnamed OSM road","highway":"tertiary","lengthMeters":16900.747,"osmWayIds":["201361388","201361390","588829198","588829203"],"u":"2113276994","v":"2113277329","key":0,"oneway":false,"source":"OpenStreetMap"},"geometry":{"type":"LineString","coordinates":[[120.0763325,-4.1526624],[120.0764674,-4.1526943],[120.0767952,-4.1527513],[120.0770267,-4.1527828],[120.0770742,-4.1527988],[120.0771067,-4.1528164],[120.0771473,-4.1528536],[120.0771774,-4.1528938],[120.0772311,-4.1529712],[120.0774957,-4.1534599],[120.0776917,-4.1538287],[120.077844,-4.1541203],[120.0779138,-4.1542383],[120.0779868,-4.1543236],[120.0781035,-4.1543959],[120.0782299,-4.1544617],[120.0782862,-4.1544915],[120.0783288,-4.1545228],[120.0787557,-4.1548625],[120.0790918,-4.1551237],[120.0792621,-4.1552619],[120.0793762,-4.1553335],[120.0794962,-4.1553877],[120.0797235,-4.1554639],[120.07985,-4.1554916],[120.0799341,-4.1555],[120.0799669,-4.155492],[120.0800002,-4.1554777],[120.0801965,-4.1553133],[120.0804613,-4.1550566],[120.0805845,-4.1549282],[120.0807193,-4.1547742],[120.0810841,-4.1543277],[120.0814462,-4.1538635],[120.0816782,-4.1535866],[120.0820823,-4.1531786],[120.0824431,-4.1528047],[120.0826129,-4.1526301],[120.0828111,-4.1524448],[120.0831227,-4.1521439],[120.0833918,-4.1518918],[120.0834632,-4.151805],[120.0835213,-4.1517233],[120.0836161,-4.1515696],[120.0837033,-4.151403],[120.0837784,-4.1512044],[120.0838521,-4.1510024],[120.0840552,-4.1504453],[120.0841404,-4.1502841],[120.0844789,-4.1497655],[120.0846557,-4.1495438],[120.0849502,-4.1491754],[120.0850376,-4.1491124],[120.085161,-4.1490429],[120.0853273,-4.148984],[120.0856465,-4.1488743],[120.0858745,-4.1487967],[120.0860462,-4.1487379],[120.086242,-4.1487111],[120.0863684,-4.1486872],[120.086588,-4.1486362],[120.0868294,-4.1485854],[120.0870091,-4.1485774],[120.0872934,-4.1485774],[120.0875697,-4.1485747],[120.0879344,-4.148564],[120.0883617,-4.1485352],[120.0886238,-4.1485265],[120.0887471,-4.1485204],[120.0891548,-4.1485265],[120.0894211,-4.148535],[120.0897932,-4.1485399],[120.0900628,-4.1485426],[120.0900663,-4.1485453],[120.0901942,-4.1485359],[120.0903887,-4.1485573],[120.0905362,-4.1485734],[120.0908124,-4.1486269],[120.0910042,-4.1486723],[120.0913851,-4.1487673],[120.0918232,-4.1489011],[120.0920677,-4.148972],[120.0925796,-4.1491235],[120.0927503,-4.1491887],[120.0928925,-4.1492448],[120.0931057,-4.1493037],[120.0933592,-4.1493652],[120.0935255,-4.149408],[120.0936274,-4.1494361],[120.0937682,-4.1494736],[120.0939158,-4.1494896],[120.0941451,-4.1495097],[120.0943261,-4.149519],[120.0945233,-4.1495204],[120.094699,-4.1495204],[120.094927,-4.1495097],[120.0952274,-4.1495057],[120.0954875,-4.149503],[120.0957021,-4.1494843],[120.0958014,-4.1494762],[120.0959033,-4.1494682],[120.0960615,-4.1494722],[120.0961809,-4.1494816],[120.0963177,-4.1495164],[120.0964665,-4.1495458],[120.0966503,-4.1495779],[120.0968112,-4.1496046],[120.0969319,-4.1496301],[120.0971451,-4.1496902],[120.0973262,-4.1497438],[120.0975005,-4.1498013],[120.0976682,-4.1498695],[120.0977835,-4.1499257],[120.0980128,-4.1500407],[120.0984494,-4.150277],[120.0986753,-4.1504179],[120.0988934,-4.1505527],[120.0991166,-4.1506934],[120.0992842,-4.1508272],[120.099472,-4.150989],[120.0996128,-4.1511255],[120.0997482,-4.1512619],[120.0999802,-4.1515816],[120.1001063,-4.1517582],[120.1001666,-4.1518331],[120.100227,-4.151916],[120.1003262,-4.152019],[120.1004134,-4.1520845],[120.1005636,-4.1521715],[120.1007259,-4.1522584],[120.1008587,-4.1523039],[120.1009794,-4.1523534],[120.1012529,-4.1524203],[120.1014595,-4.1524738],[120.1016164,-4.1525179],[120.1017773,-4.1525433],[120.1019592,-4.1525582],[120.1021448,-4.1525727],[120.1023513,-4.1525741],[120.1026289,-4.1525661],[120.1028636,-4.1525513],[120.1030485,-4.1525452],[120.103267,-4.1525304],[120.1035054,-4.1525548],[120.10373,-4.1526169],[120.1038547,-4.1526577],[120.104019,-4.1527232],[120.1045496,-4.1530373],[120.1051757,-4.1534151],[120.1056297,-4.1537096],[120.1057657,-4.1537992],[120.1060531,-4.1540751],[120.1063954,-4.1542745],[120.1079574,-4.154964],[120.1087872,-4.1553431],[120.1096552,-4.1557701],[120.1100046,-4.155888],[120.1106497,-4.1560256],[120.1108756,-4.1560901],[120.1111463,-4.1561294],[120.1113499,-4.1561566],[120.1115486,-4.1561427],[120.1124345,-4.1559681],[120.1129192,-4.1559073],[120.1131177,-4.1558726],[120.1133111,-4.1558261],[120.1136957,-4.1556612],[120.1137842,-4.1556238],[120.1138875,-4.1555917],[120.1141356,-4.1555957],[120.1143113,-4.1556104],[120.1145128,-4.15567],[120.1155545,-4.1561441],[120.1156282,-4.1561755],[120.1157074,-4.156221],[120.1157945,-4.1562899],[120.1158435,-4.1563394],[120.1159018,-4.1564029],[120.1160306,-4.1565387],[120.1161358,-4.156639],[120.1163035,-4.1567614],[120.1165134,-4.1569145],[120.116673,-4.1570416],[120.1168138,-4.1571165],[120.116905,-4.1571687],[120.1170082,-4.1572489],[120.1170847,-4.1573252],[120.1171759,-4.1574375],[120.1172657,-4.1576074],[120.1173435,-4.1577398],[120.1174401,-4.1578615],[120.1175983,-4.1580194],[120.117837,-4.1583136],[120.1180637,-4.1585424],[120.1182716,-4.1587457],[120.1185264,-4.1589637],[120.118926,-4.1593248],[120.1191969,-4.1596285],[120.1193002,-4.1597542],[120.1193686,-4.1598264],[120.1194672,-4.1598993],[120.1196153,-4.1599629],[120.1197655,-4.1600284],[120.1198876,-4.1600578],[120.1200324,-4.1600832],[120.1202108,-4.1600819],[120.1203784,-4.1600645],[120.1206708,-4.1600324],[120.1209658,-4.1599749],[120.1211523,-4.1599267],[120.1214419,-4.1598505],[120.1216404,-4.1597903],[120.1218536,-4.1597208],[120.1219569,-4.1596953],[120.1220937,-4.159678],[120.1223177,-4.1596659],[120.1225859,-4.1596726],[120.122842,-4.159698],[120.1230727,-4.1597194],[120.1232082,-4.1597328],[120.123294,-4.1597462],[120.123412,-4.1597448],[120.1236172,-4.1597047],[120.1238157,-4.1596579],[120.1240034,-4.1596004],[120.1242328,-4.1595268],[120.1245466,-4.1593717],[120.1248296,-4.1592245],[120.1250911,-4.1590667],[120.1253781,-4.1589383],[120.1255538,-4.1588875],[120.1257643,-4.1588206],[120.1259159,-4.1587631],[120.1260634,-4.1586948],[120.1262686,-4.1585852],[120.126396,-4.1585076],[120.1265448,-4.1584086],[120.1266628,-4.1583377],[120.1267742,-4.1582842],[120.1269512,-4.1582294],[120.1275332,-4.1579498],[120.1279248,-4.1577706],[120.1282078,-4.1576341],[120.1284774,-4.1575004],[120.1289481,-4.1572021],[120.1294309,-4.1569252],[120.1295811,-4.156837],[120.129789,-4.1566992],[120.1299821,-4.1565119],[120.1300961,-4.1563635],[120.1301403,-4.1562698],[120.1301672,-4.1561601],[120.13019,-4.1559715],[120.130308,-4.1552399],[120.130367,-4.1550593],[120.1304461,-4.154856],[120.1305346,-4.1546594],[120.1306137,-4.1545042],[120.1307116,-4.1543504],[120.130835,-4.1542069],[120.1309986,-4.1540173],[120.131177,-4.1538274],[120.1313259,-4.153695],[120.1315109,-4.1535813],[120.1316383,-4.1535211],[120.1317953,-4.1534663],[120.1320568,-4.1533673],[120.1322539,-4.153283],[120.132447,-4.1532201],[120.132734,-4.1531466],[120.1330358,-4.1530957],[120.1332762,-4.1530484],[120.1336548,-4.152943],[120.1339893,-4.1528175],[120.1344439,-4.1526222],[120.1350038,-4.1523333],[120.1350863,-4.1522939],[120.1351775,-4.1522746],[120.1353237,-4.1522725],[120.1354632,-4.1522825],[120.135859,-4.1523217],[120.1361766,-4.1523494],[120.1363148,-4.1523801],[120.1364515,-4.1524285],[120.1366889,-4.15255],[120.1369357,-4.1527132],[120.1371437,-4.152875],[120.1372428,-4.1529874],[120.1373273,-4.1530931],[120.1373957,-4.1531827],[120.137457,-4.1532938],[120.1376277,-4.1537271],[120.1377531,-4.1540693],[120.1379757,-4.1547497],[120.138099,-4.1548937],[120.1383005,-4.1550864],[120.1383968,-4.1551376],[120.1385048,-4.1551797],[120.1386396,-4.1552125],[120.1387864,-4.1552439],[120.1389735,-4.1553054],[120.1392075,-4.1553991],[120.1394677,-4.1555087],[120.1399827,-4.1557535],[120.140145,-4.1558311],[120.1404843,-4.1560117],[120.1408391,-4.1562153],[120.1410657,-4.1563576],[120.14125,-4.1564758],[120.1414096,-4.156647],[120.1415947,-4.1569105],[120.1418319,-4.1573117],[120.141938,-4.1575873],[120.1419608,-4.1576556],[120.1419836,-4.1577318],[120.1420051,-4.1578883],[120.1420172,-4.1580822],[120.1420104,-4.1581444],[120.1419923,-4.1582173],[120.141879,-4.1584514],[120.1417677,-4.1586741],[120.1415833,-4.1590172],[120.1415142,-4.1591342],[120.1414016,-4.1592887],[120.1410931,-4.1596071],[120.1408195,-4.1598585],[120.1403689,-4.1602224],[120.1402321,-4.1603347],[120.1401436,-4.1604658],[120.1400726,-4.1606089],[120.1400202,-4.1607654],[120.1399344,-4.1610904],[120.1398057,-4.1615706],[120.1396447,-4.161889],[120.1395375,-4.162111],[120.1392311,-4.1626332],[120.1388723,-4.1631035],[120.1385665,-4.1635636],[120.138486,-4.1636653],[120.1383787,-4.1637402],[120.1382688,-4.1637616],[120.1381642,-4.1637963],[120.1381025,-4.1638552],[120.1380238,-4.1640108],[120.1376089,-4.1647892],[120.1373756,-4.1653158],[120.1371698,-4.1656972],[120.1368552,-4.1664233],[120.1364982,-4.1671123],[120.1364315,-4.167266],[120.1363215,-4.1673917],[120.1361793,-4.167472],[120.1360533,-4.1675816],[120.1359513,-4.1677368],[120.1357985,-4.1680872],[120.1357039,-4.1684958],[120.1356778,-4.1687186],[120.135686,-4.1693403],[120.1357319,-4.1696816],[120.1358843,-4.1701524],[120.1361159,-4.1707565],[120.1362866,-4.1710539],[120.1363724,-4.1712519],[120.1364931,-4.1716933],[120.1365924,-4.1722149],[120.1366718,-4.1727066],[120.1368936,-4.173804],[120.1370102,-4.1740769],[120.1371288,-4.1744861],[120.137153,-4.174775],[120.1372437,-4.175401],[120.1374733,-4.1765971],[120.1378293,-4.1775843],[120.1383036,-4.178603],[120.1385759,-4.1791367],[120.1386358,-4.1792553],[120.1386577,-4.1792986],[120.1387164,-4.1795465],[120.1390171,-4.1804248],[120.1390278,-4.1804796],[120.1390372,-4.1805492],[120.1390399,-4.1806628],[120.1390372,-4.1807565],[120.1390547,-4.1808514],[120.1391123,-4.1810213],[120.1391338,-4.1811029],[120.1391311,-4.1812086],[120.1391284,-4.1813838],[120.1391217,-4.1815884],[120.1390922,-4.181761],[120.1390491,-4.1819232],[120.1389335,-4.1823106],[120.1386716,-4.1829503],[120.1383881,-4.1836674],[120.1382916,-4.1839117],[120.1381937,-4.1841872],[120.1381414,-4.1844374],[120.1381159,-4.1845979],[120.1380963,-4.1848019],[120.1381334,-4.1861839],[120.138189,-4.1874271],[120.1381803,-4.1875685],[120.1381388,-4.1877043],[120.1380596,-4.187931],[120.1379242,-4.1882468],[120.1376331,-4.1888766],[120.1375405,-4.1890572],[120.1373702,-4.1892805],[120.1370899,-4.1897794],[120.1368773,-4.1901952],[120.1365495,-4.1910314],[120.1363228,-4.1915852],[120.1361257,-4.192096],[120.1359248,-4.1926991],[120.1356456,-4.1935272],[120.1356147,-4.1936007],[120.1355611,-4.1937157],[120.1353881,-4.1940394],[120.1351815,-4.1943818],[120.1351046,-4.1944781],[120.1350287,-4.1945437],[120.1347108,-4.1947082],[120.1344855,-4.1948419],[120.1342884,-4.1950171],[120.1339226,-4.19532],[120.1336487,-4.1955348],[120.1332557,-4.1958263],[120.1330116,-4.1960751],[120.1328427,-4.1963038],[120.1327112,-4.1965205],[120.1326174,-4.1967626],[120.132549,-4.1969739],[120.1324913,-4.1972],[120.1324417,-4.1974273],[120.1323733,-4.197846],[120.1323223,-4.1985495],[120.132203,-4.1991902],[120.132152,-4.1994015],[120.1320434,-4.199776],[120.1319548,-4.2000636],[120.1316692,-4.2008661],[120.1312185,-4.2021372],[120.1310885,-4.2024898],[120.1309088,-4.2029646],[120.1307465,-4.2033953],[120.1305373,-4.2038487],[120.1302905,-4.2046218],[120.1302838,-4.2046833],[120.1302872,-4.2047508],[120.1303013,-4.2047896],[120.1303308,-4.2048257],[120.1303891,-4.2048692],[120.1304924,-4.204912],[120.1305614,-4.2049387],[120.1305943,-4.2049642],[120.130609,-4.2049876],[120.1306137,-4.2050123],[120.1306104,-4.2050404],[120.1305876,-4.2051046],[120.1305205,-4.2052671],[120.1304468,-4.2054229],[120.1304072,-4.2054691],[120.1303717,-4.2054931],[120.1303314,-4.2055065],[120.1302677,-4.2055045],[120.12997,-4.2054243],[120.1292727,-4.2052664],[120.1288462,-4.2051655],[120.128812,-4.2051741],[120.1287965,-4.2051842],[120.1287872,-4.2052036],[120.1285565,-4.2062187],[120.1285297,-4.2062883],[120.1284975,-4.2063324],[120.1284707,-4.2063592],[120.1284264,-4.2063846],[120.1283406,-4.206414],[120.1282024,-4.2064341],[120.1279798,-4.2064662],[120.1277424,-4.2064662],[120.1274098,-4.206422],[120.1272006,-4.2063873],[120.1267922,-4.2062637],[120.1264228,-4.2062067],[120.1262431,-4.206196],[120.1261103,-4.2062094],[120.1258515,-4.2062482],[120.1257133,-4.2062816],[120.1255466,-4.20636],[120.1248068,-4.2067952],[120.1243401,-4.2070613],[120.1240231,-4.2073006],[120.1239967,-4.2073262],[120.1239645,-4.2073676],[120.1239035,-4.2075065],[120.1238506,-4.2075723],[120.1237138,-4.2077167],[120.1236185,-4.2078491],[120.1235743,-4.20792],[120.1235126,-4.2080591],[120.1234643,-4.2082103],[120.1233986,-4.208447],[120.1233718,-4.2085326],[120.1233369,-4.2086168],[120.1232363,-4.20878],[120.1230955,-4.2089726],[120.122893,-4.2092308],[120.1226073,-4.2096146],[120.1224706,-4.2098126],[120.1223362,-4.210054],[120.1221943,-4.2103235],[120.1221522,-4.2104265],[120.1220494,-4.2107368],[120.1220039,-4.2109374],[120.121965,-4.2111313],[120.1219379,-4.211482],[120.1219283,-4.2118828],[120.1219606,-4.2124171],[120.1220482,-4.213068],[120.1220892,-4.2132628],[120.1221802,-4.2136517],[120.1222453,-4.2138772],[120.122366,-4.2143841],[120.1223981,-4.214471],[120.1224317,-4.2145312],[120.1226542,-4.2148586],[120.1226711,-4.214903],[120.1226825,-4.214961],[120.1226972,-4.2150882],[120.1226959,-4.2153056],[120.1226141,-4.2162231],[120.1225725,-4.2164211],[120.1225255,-4.2165896],[120.122274,-4.2172593],[120.122087,-4.2177719],[120.1219069,-4.2183054],[120.1218544,-4.2184543]]}},{"type":"Feature","properties":{"segmentId":"osm-gaul2-18188-2113276994-2302342448-0","regionId":"gaul2-18188","province":"Sulawesi Selatan","region":"Wajo","roadName":"Jalan Baja","highway":"secondary","lengthMeters":16949.866,"osmWayIds":["221179868","321660033","349981032","777901007"],"u":"2113276994","v":"2302342448","key":0,"oneway":false,"source":"OpenStreetMap"},"geometry":{"type":"LineString","coordinates":[[120.0763325,-4.1526624],[120.0764401,-4.1524493],[120.0765753,-4.1521835],[120.0766014,-4.152114],[120.0766169,-4.1520625],[120.0766233,-4.1520234],[120.0766323,-4.1519234],[120.0766382,-4.1517917],[120.0766307,-4.1511782],[120.0766415,-4.1502996],[120.076651,-4.1498825],[120.0766772,-4.1495418],[120.0767003,-4.1491967],[120.0767335,-4.1485874],[120.0767639,-4.1481418],[120.0767884,-4.1476646],[120.0768405,-4.1470979],[120.0769221,-4.1464475],[120.0770153,-4.1458287],[120.0770326,-4.1456427],[120.0770499,-4.1454865],[120.0771141,-4.1447935],[120.0771555,-4.1442848],[120.0771815,-4.1441479],[120.0772022,-4.1440536],[120.0772332,-4.1439632],[120.0774258,-4.1434878],[120.0776607,-4.143036],[120.0778834,-4.1426445],[120.0781762,-4.1422171],[120.0783268,-4.1420125],[120.0784113,-4.1419242],[120.0784817,-4.1418586],[120.0785466,-4.1418102],[120.0788858,-4.1415629],[120.0791,-4.1414111],[120.079588,-4.141076],[120.0799026,-4.1408755],[120.0799465,-4.1408475],[120.0799864,-4.1408166],[120.0802985,-4.1405266],[120.0806487,-4.1401663],[120.080844,-4.1399231],[120.0809386,-4.1397987],[120.0810137,-4.1396851],[120.081125,-4.139475],[120.0812447,-4.1392264],[120.0814962,-4.1386143],[120.0817248,-4.1380034],[120.0818018,-4.1377793],[120.082033,-4.1371469],[120.082372,-4.1362036],[120.08245,-4.1359992],[120.0825512,-4.135806],[120.0828007,-4.1353966],[120.0833973,-4.1345619],[120.0835396,-4.1343573],[120.0836187,-4.1342597],[120.0836912,-4.1341794],[120.083777,-4.1340938],[120.0838498,-4.134042],[120.0839299,-4.1340189],[120.0840345,-4.1340069],[120.0842004,-4.1340006],[120.0844757,-4.1339975],[120.0847537,-4.1340046],[120.0852194,-4.1340223],[120.0856322,-4.1340389],[120.0860924,-4.1340501],[120.0864364,-4.1340682],[120.0868013,-4.1340871],[120.0871777,-4.1341024],[120.087628,-4.1341327],[120.0880021,-4.1341544],[120.0885406,-4.1341836],[120.0890782,-4.1342002],[120.0895249,-4.1342234],[120.0898012,-4.1342409],[120.0899999,-4.1342497],[120.0903117,-4.1342629],[120.0908644,-4.1342935],[120.0913855,-4.1343229],[120.0917774,-4.1343401],[120.0922572,-4.1343585],[120.0928818,-4.1343734],[120.0934115,-4.1343881],[120.0937884,-4.1343867],[120.0941059,-4.1343877],[120.0945444,-4.1343974],[120.0949384,-4.1344025],[120.0952719,-4.1344033],[120.0954916,-4.1344068],[120.0958483,-4.1344095],[120.0962748,-4.1344242],[120.0965738,-4.1344416],[120.0969118,-4.134451],[120.0971626,-4.1344617],[120.0974348,-4.1344643],[120.0977124,-4.134475],[120.0980262,-4.1344804],[120.0984787,-4.134499],[120.0989683,-4.1345167],[120.0994518,-4.1345432],[120.0998166,-4.1345593],[120.1000848,-4.1345834],[120.1003373,-4.1346128],[120.1006213,-4.1346369],[120.1009753,-4.134669],[120.1013213,-4.134685],[120.1015815,-4.1346904],[120.1017935,-4.1346904],[120.1020026,-4.1346717],[120.1022011,-4.1346476],[120.1023406,-4.1346262],[120.1026571,-4.134578],[120.1028475,-4.1345432],[120.1030205,-4.1345031],[120.1032675,-4.134447],[120.1035234,-4.1343854],[120.1037527,-4.1343189],[120.1043463,-4.1341227],[120.1050465,-4.1338857],[120.1054211,-4.133744],[120.1057815,-4.1336186],[120.1060809,-4.1335247],[120.1063914,-4.133415],[120.1070102,-4.133188],[120.1077399,-4.1329274],[120.1081576,-4.1327803],[120.1083709,-4.1327114],[120.1085729,-4.1326533],[120.1087148,-4.1326131],[120.1088449,-4.1325823],[120.1090005,-4.1325475],[120.1091948,-4.1325085],[120.109439,-4.1324559],[120.1095604,-4.1324332],[120.1096698,-4.1324186],[120.1097964,-4.1324024],[120.1099399,-4.1323877],[120.1102441,-4.1323635],[120.1107037,-4.1323382],[120.1107573,-4.1323381],[120.110874,-4.1323482],[120.1109887,-4.1323696],[120.1110811,-4.1323921],[120.1115317,-4.132519],[120.111957,-4.1326325],[120.1121655,-4.1326953],[120.1123542,-4.1327626],[120.1130352,-4.1329856],[120.1130761,-4.1329983],[120.1131355,-4.1330203],[120.1131599,-4.1330424],[120.1131859,-4.1330747],[120.1132163,-4.1331461],[120.1132532,-4.1332361],[120.1138341,-4.1345707],[120.113868,-4.1346509],[120.1139096,-4.1347399],[120.1139682,-4.1348428],[120.1140424,-4.1349499],[120.1141106,-4.1350353],[120.1147579,-4.1357484],[120.1153795,-4.1364583],[120.1154941,-4.1366018],[120.1157959,-4.1370085],[120.1159324,-4.1371775],[120.1161982,-4.1374673],[120.11657,-4.1378461],[120.1168683,-4.1381549],[120.1170284,-4.13832],[120.1170678,-4.138354],[120.1174314,-4.1386062],[120.1177765,-4.1388372],[120.1181051,-4.1390371],[120.1182407,-4.1391018],[120.1183849,-4.1391582],[120.1185887,-4.1392209],[120.1187537,-4.1392676],[120.1194447,-4.1394229],[120.1198567,-4.1395238],[120.1200613,-4.1395814],[120.1202322,-4.1396389],[120.1212126,-4.1399416],[120.1225347,-4.1403331],[120.1235671,-4.140617],[120.1237493,-4.1406581],[120.1239195,-4.1406892],[120.1245197,-4.1407712],[120.1258122,-4.140983],[120.1259273,-4.1409992],[120.1260406,-4.1410092],[120.1261941,-4.1410086],[120.126341,-4.141003],[120.1265675,-4.1409791],[120.1269812,-4.1409107],[120.1270766,-4.1408949],[120.1271684,-4.1408835],[120.1272511,-4.140882],[120.127373,-4.1408875],[120.1275148,-4.1409003],[120.127727,-4.1409143],[120.1279508,-4.1409394],[120.1283842,-4.1409789],[120.1287747,-4.1410073],[120.1291913,-4.1410398],[120.1292606,-4.141042],[120.1293638,-4.141044],[120.1296467,-4.1410354],[120.1301642,-4.1410117],[120.130312,-4.1410012],[120.1304371,-4.1409828],[120.130538,-4.1409578],[120.1307632,-4.1409047],[120.131676,-4.1406681],[120.1317684,-4.1406367],[120.1318544,-4.1406038],[120.1319005,-4.1405846],[120.1319461,-4.1405605],[120.1320145,-4.1405163],[120.1321205,-4.1404287],[120.1322452,-4.14032],[120.1326549,-4.139883],[120.1331083,-4.1394592],[120.1333803,-4.1392013],[120.1334502,-4.1391326],[120.1334991,-4.1390717],[120.1335339,-4.1390228],[120.1339729,-4.1383086],[120.1342282,-4.1378644],[120.1342501,-4.1378338],[120.134275,-4.137803],[120.1343049,-4.1377697],[120.1343521,-4.1377221],[120.1344,-4.1376857],[120.1345264,-4.1376044],[120.1346347,-4.1375377],[120.1349958,-4.1373285],[120.1353064,-4.137145],[120.1354927,-4.137058],[120.1355852,-4.1370192],[120.1356754,-4.1369899],[120.1358018,-4.1369583],[120.1358756,-4.1369456],[120.1359654,-4.1369326],[120.1360553,-4.1369209],[120.1361566,-4.136919],[120.136241,-4.1369275],[120.1363423,-4.1369469],[120.136661,-4.137009],[120.1370265,-4.1370823],[120.1373824,-4.1371546],[120.1374856,-4.137183],[120.1375955,-4.1372218],[120.137907,-4.1373421],[120.138525,-4.1375808],[120.1391365,-4.1378017],[120.1397117,-4.1379853],[120.1401119,-4.1380968],[120.1405614,-4.1382202],[120.140936,-4.13832],[120.1413694,-4.138429],[120.1415049,-4.1384544],[120.1416604,-4.1384825],[120.1420225,-4.138532],[120.1427226,-4.1386042],[120.142801,-4.1386149],[120.1428862,-4.1386343],[120.1437076,-4.1388513],[120.1439745,-4.1389132],[120.14428,-4.1389704],[120.144623,-4.1390321],[120.1446712,-4.139043],[120.1447557,-4.1390684],[120.1450047,-4.139174],[120.1456603,-4.1394429],[120.1457154,-4.1394688],[120.1458199,-4.1395299],[120.146023,-4.1396663],[120.1463873,-4.1398965],[120.1465575,-4.1400047],[120.1467097,-4.140097],[120.1468203,-4.1401645],[120.146968,-4.1402549],[120.1470557,-4.140311],[120.1471134,-4.1403498],[120.1472687,-4.1404706],[120.1474359,-4.1406106],[120.1475257,-4.1406922],[120.1475881,-4.1407551],[120.1477095,-4.1408714],[120.1478011,-4.1409615],[120.1479348,-4.1410862],[120.1481447,-4.1412687],[120.1482586,-4.1413577],[120.1484654,-4.1415466],[120.1486529,-4.1416928],[120.1488594,-4.1418491],[120.1490713,-4.1420185],[120.1494091,-4.1422689],[120.149687,-4.1424599],[120.1499491,-4.1426397],[120.1503508,-4.1428961],[120.1506773,-4.1430839],[120.150896,-4.1432113],[120.1512064,-4.1433829],[120.1514002,-4.1434931],[120.1515806,-4.1435932],[120.1517764,-4.1437059],[120.1519031,-4.1437781],[120.1520438,-4.1438622],[120.1521653,-4.1439439],[120.1523001,-4.1440369],[120.1524315,-4.1441285],[120.1525355,-4.1441994],[120.1526604,-4.1442922],[120.1528345,-4.1444215],[120.1529532,-4.1445124],[120.1530866,-4.1446275],[120.1532094,-4.1447144],[120.1534783,-4.1449204],[120.1537243,-4.1450949],[120.1539583,-4.1452796],[120.154128,-4.1454279],[120.1543298,-4.1456079],[120.1545548,-4.1457885],[120.1547154,-4.1459242],[120.1549722,-4.1461316],[120.1551178,-4.1462647],[120.1552983,-4.1464186],[120.1554329,-4.1465496],[120.1555275,-4.1466465],[120.1556515,-4.1467737],[120.1557702,-4.1468998],[120.1559445,-4.1470953],[120.1561202,-4.147268],[120.1563267,-4.1474685],[120.1564774,-4.1476148],[120.1566258,-4.1477614],[120.1568324,-4.1479347],[120.1569449,-4.1480243],[120.1570413,-4.1481127],[120.1571247,-4.1481915],[120.1572815,-4.1483377],[120.1575317,-4.148574],[120.1576681,-4.1487039],[120.1577899,-4.1487994],[120.1579267,-4.1489064],[120.1580427,-4.148982],[120.1582002,-4.1490802],[120.1583672,-4.1491813],[120.1584967,-4.1492589],[120.1585999,-4.1493157],[120.158743,-4.1493909],[120.1588413,-4.1494468],[120.158962,-4.1495244],[120.1590838,-4.1496083],[120.1592289,-4.1496943],[120.1593442,-4.1497652],[120.1595105,-4.1498668],[120.1596437,-4.1499451],[120.1598216,-4.1500487],[120.1599571,-4.1501317],[120.1601475,-4.1502574],[120.1603642,-4.1503933],[120.1605955,-4.1505403],[120.1608352,-4.1507023],[120.1610616,-4.150886],[120.1612481,-4.1510362],[120.1613754,-4.1511482],[120.1615685,-4.1513259],[120.1618105,-4.1515655],[120.1619689,-4.1517107],[120.1621302,-4.1518593],[120.1622772,-4.152001],[120.162414,-4.1521621],[120.1625267,-4.1523092],[120.1626098,-4.1524162],[120.1627124,-4.152571],[120.1627922,-4.1527011],[120.1628845,-4.1528697],[120.1629116,-4.1529406],[120.1629424,-4.1530342],[120.1629961,-4.1532322],[120.1630349,-4.1533873],[120.1630814,-4.1536283],[120.1630973,-4.1536956],[120.163121,-4.1537783],[120.163153,-4.1538729],[120.163214,-4.1539592],[120.1632489,-4.1539953],[120.1633018,-4.1540367],[120.1635072,-4.154151],[120.1639761,-4.1543398],[120.1641858,-4.1543705],[120.1649772,-4.1546781],[120.1652492,-4.1547716],[120.165284,-4.1547817],[120.1653233,-4.1547901],[120.1653528,-4.1547918],[120.1653796,-4.1547904],[120.1654049,-4.1547858],[120.165419,-4.1547804],[120.1654362,-4.1547696],[120.1654594,-4.154749],[120.1654892,-4.1547152],[120.1655529,-4.1546279],[120.165677,-4.154456],[120.1658749,-4.1541763],[120.1659278,-4.1541016],[120.1662054,-4.1537364],[120.1663772,-4.1535073],[120.1665444,-4.1532833],[120.1666945,-4.1530816],[120.1667364,-4.1530242],[120.1667719,-4.1529854],[120.1668001,-4.1529586],[120.1668464,-4.1529272],[120.1669167,-4.1528898],[120.1669792,-4.152855],[120.1670777,-4.1528115],[120.1671187,-4.1527988],[120.1671535,-4.1527908],[120.1671938,-4.1527837],[120.167242,-4.1527801],[120.1673249,-4.1527801],[120.1673905,-4.1527861],[120.1674399,-4.1527971],[120.1674834,-4.1528103],[120.1677082,-4.1528915],[120.1679781,-4.1529816],[120.168217,-4.1530523],[120.1683116,-4.153083],[120.168378,-4.1530957],[120.1684356,-4.1531037],[120.1685268,-4.1531091],[120.1685992,-4.1531091],[120.1686408,-4.1531044],[120.1686904,-4.153093],[120.1687682,-4.1530743],[120.168891,-4.1530319],[120.1692135,-4.1528924],[120.169448,-4.1527789],[120.1695782,-4.1527132],[120.1696842,-4.152645],[120.1697194,-4.1526169],[120.1697539,-4.1525835],[120.1698445,-4.1524784],[120.1699779,-4.1523092],[120.170114,-4.1521292],[120.1703051,-4.1518946],[120.1703914,-4.1517877],[120.1704634,-4.1516939],[120.1705546,-4.151595],[120.170635,-4.1515254],[120.1707128,-4.1514746],[120.1708067,-4.1514237],[120.1709408,-4.1513622],[120.1711634,-4.1512632],[120.1714585,-4.1511402],[120.1717052,-4.1510439],[120.1719118,-4.1509583],[120.1720915,-4.1508914],[120.1722524,-4.1508245],[120.1724482,-4.1507549],[120.1726829,-4.150673],[120.1728814,-4.1506015],[120.1730222,-4.1505516],[120.173159,-4.1505035],[120.173277,-4.1504634],[120.1733843,-4.1504179],[120.1734916,-4.1503724],[120.1735828,-4.1503349],[120.1736659,-4.1502895],[120.1737437,-4.1502413],[120.1738269,-4.1501851],[120.1739207,-4.1501263],[120.1740698,-4.1500374],[120.1741957,-4.1499521],[120.1743553,-4.1498507],[120.1745242,-4.1497411],[120.1746744,-4.1496474],[120.1747898,-4.1495886],[120.1748917,-4.1495404],[120.1749883,-4.149503],[120.175054,-4.1494796],[120.1751022,-4.1494665],[120.1751462,-4.1494551],[120.1752061,-4.1494439],[120.1752933,-4.1494327],[120.1754362,-4.1494227],[120.1755745,-4.14942],[120.1756554,-4.1494133],[120.1756933,-4.149407],[120.1757282,-4.1494],[120.1758161,-4.1493774],[120.1759485,-4.1493398],[120.1760809,-4.1492942],[120.1762227,-4.1492371],[120.1763421,-4.1492007],[120.1765198,-4.1491579],[120.1766919,-4.1491165],[120.1769194,-4.1490535],[120.1772547,-4.1489519],[120.1777074,-4.1488254],[120.1783222,-4.1486576],[120.1788972,-4.1485143],[120.179234,-4.1484143],[120.1792603,-4.1484038],[120.1792808,-4.1483941],[120.1792959,-4.148385],[120.1793726,-4.1483366],[120.179487,-4.1482502],[120.1796478,-4.1481127],[120.1797585,-4.1480229],[120.1798913,-4.1479159],[120.1799638,-4.1478638],[120.1800352,-4.1478216],[120.1801327,-4.1477668],[120.1801894,-4.147744],[120.1802627,-4.1477261],[120.180417,-4.1476919],[120.1805645,-4.1476662],[120.1806015,-4.1476564],[120.1806289,-4.1476451],[120.1806484,-4.147635],[120.180704,-4.1476049],[120.1808214,-4.147532],[120.1810112,-4.1473869],[120.1811426,-4.1472752],[120.1812365,-4.147203],[120.1812821,-4.1471702],[120.1813225,-4.147146],[120.1814859,-4.1470692],[120.1815919,-4.1470264],[120.1817051,-4.1469789],[120.1818461,-4.1469332],[120.1818822,-4.1469231],[120.1819151,-4.1469187],[120.1820056,-4.146911],[120.182135,-4.1469074],[120.1822659,-4.1469057],[120.1824421,-4.1469214],[120.1826627,-4.1469458],[120.1829571,-4.1469856],[120.1832638,-4.1470318],[120.1834828,-4.1470793],[120.1836705,-4.1471281],[120.1838663,-4.1471843],[120.1840468,-4.147242],[120.1841802,-4.1472879],[120.1843769,-4.1473519],[120.1845074,-4.1473896],[120.184681,-4.1474331],[120.184794,-4.1474528],[120.18483,-4.1474544],[120.1848614,-4.1474514],[120.1849044,-4.1474421],[120.1849446,-4.1474327],[120.1849966,-4.1474116],[120.1850517,-4.1473838],[120.1850984,-4.1473409],[120.1852269,-4.147201],[120.1853141,-4.1470986],[120.1853906,-4.147013],[120.1855446,-4.1468439],[120.1855723,-4.1468037],[120.1856038,-4.1467495],[120.1856747,-4.146624],[120.1857815,-4.1464131],[120.1859129,-4.146159],[120.186013,-4.1459669],[120.1860832,-4.1458333],[120.1861778,-4.1457156],[120.1864332,-4.1454033],[120.1866486,-4.1451116],[120.1868433,-4.1448917],[120.1870345,-4.1446971],[120.1876494,-4.1441736],[120.1877795,-4.1440435],[120.1878676,-4.1439459],[120.1879514,-4.1438483],[120.1880739,-4.1436956],[120.1881613,-4.1435768],[120.1882438,-4.1434496],[120.1883719,-4.1432222],[120.1884449,-4.1430805],[120.1885254,-4.1429019],[120.1886528,-4.1426318],[120.1888835,-4.1421451],[120.1889608,-4.1419804],[120.1890036,-4.1418828],[120.1890436,-4.1417992],[120.1890712,-4.1417523],[120.1891027,-4.1417168],[120.1891316,-4.1416867],[120.1891671,-4.1416607],[120.1891953,-4.1416416],[120.1892342,-4.1416259],[120.1892632,-4.1415917],[120.1894769,-4.1415791],[120.1896599,-4.1415576],[120.1898413,-4.1415299],[120.190018,-4.1414921],[120.1901918,-4.1414486],[120.1903198,-4.1414152],[120.1904733,-4.1413878],[120.1906202,-4.1413677],[120.1907952,-4.1413557],[120.1908851,-4.1413517],[120.1909664,-4.1413514],[120.1912143,-4.1413684],[120.1915046,-4.1414018],[120.1920555,-4.1414663],[120.1928456,-4.1415392],[120.1931482,-4.141567],[120.1934298,-4.1416069],[120.1937181,-4.1416192],[120.1938502,-4.1416332],[120.1939012,-4.1416406],[120.1939648,-4.1416538],[120.1940963,-4.1416894],[120.1942351,-4.1417327],[120.1949582,-4.1419871],[120.1954475,-4.1421816],[120.1960007,-4.1424166],[120.1960604,-4.1424425],[120.1961067,-4.1424686],[120.1961522,-4.1424966],[120.1962092,-4.142534],[120.1968885,-4.1430022],[120.1970561,-4.1431066],[120.1971668,-4.1431708],[120.1972701,-4.143231],[120.1974652,-4.1433367],[120.1975651,-4.1433848],[120.1976561,-4.1434247],[120.197672,-4.1434303],[120.1976925,-4.143435],[120.1977143,-4.143438],[120.1977414,-4.1434376],[120.1978591,-4.1434367]]}},{"type":"Feature","properties":{"segmentId":"osm-gaul2-18188-2113277329-2111641652-0","regionId":"gaul2-18188","province":"Sulawesi Selatan","region":"Wajo","roadName":"Jalan Poros Watampone - Sengkang","highway":"trunk","lengthMeters":11146.117,"osmWayIds":["201211724","550359309","550359310"],"u":"2113277329","v":"2111641652","key":0,"oneway":false,"source":"OpenStreetMap"},"geometry":{"type":"LineString","coordinates":[[120.1218544,-4.2184543],[120.1213695,-4.2183497],[120.1206976,-4.2181999],[120.1202198,-4.2180854],[120.119952,-4.2179899],[120.119551,-4.2178334],[120.119138,-4.2176502],[120.1188616,-4.217538],[120.1184642,-4.2173845],[120.1183513,-4.2173422],[120.1178684,-4.2171654],[120.1178188,-4.2171483],[120.1174445,-4.2170107],[120.1173112,-4.216958],[120.116338,-4.2165961],[120.1160158,-4.2164411],[120.1156497,-4.2162298],[120.1150046,-4.2158352],[120.1140296,-4.2152267],[120.11306,-4.2146636],[120.1126134,-4.2143908],[120.112115,-4.2140421],[120.111346,-4.213544],[120.1106541,-4.2131001],[120.1102544,-4.212842],[120.1098521,-4.2125664],[120.109608,-4.2123792],[120.1092352,-4.2120221],[120.108861,-4.2116476],[120.1084158,-4.211146],[120.1080161,-4.210611],[120.1074435,-4.2098126],[120.1068132,-4.2089419],[120.1060085,-4.2077649],[120.1052588,-4.2067724],[120.1050322,-4.2064876],[120.1043831,-4.2057653],[120.1041792,-4.2055085],[120.1040331,-4.2052704],[120.1039419,-4.205122],[120.1038305,-4.2048772],[120.1037326,-4.2045308],[120.1036991,-4.2043476],[120.1036723,-4.2042392],[120.103565,-4.2037751],[120.1033813,-4.2030168],[120.1031265,-4.2022557],[120.103054,-4.2019936],[120.1030232,-4.2015977],[120.1029883,-4.2011563],[120.1029588,-4.2009089],[120.1029132,-4.2006561],[120.1028328,-4.2004528],[120.1027067,-4.2002495],[120.102531,-4.2000341],[120.1023848,-4.1998937],[120.1022843,-4.1997827],[120.1021689,-4.1996476],[120.1020321,-4.1994884],[120.1018833,-4.1993654],[120.1017813,-4.1992771],[120.1016365,-4.1991728],[120.1014018,-4.1990243],[120.1009271,-4.1987421],[120.1007473,-4.1986043],[120.1005623,-4.1984572],[120.0998917,-4.1977323],[120.0991032,-4.1968723],[120.0984728,-4.1962008],[120.0982878,-4.1959882],[120.0980638,-4.1957742],[120.0977983,-4.1955134],[120.097522,-4.1952873],[120.0973771,-4.1951817],[120.0972886,-4.1951108],[120.0966462,-4.1946306],[120.0965001,-4.1945223],[120.0963499,-4.1944086],[120.096142,-4.1942695],[120.095332,-4.1936943],[120.0952099,-4.193594],[120.0950664,-4.193467],[120.0949176,-4.1933225],[120.09453,-4.1929226],[120.0939868,-4.1923261],[120.0933284,-4.1915851],[120.0919631,-4.1901178],[120.0915152,-4.1896631],[120.0913757,-4.1895507],[120.0912966,-4.1894825],[120.0911772,-4.1893956],[120.0910096,-4.1892819],[120.0908849,-4.1892163],[120.0906301,-4.1890893],[120.0901821,-4.1888753],[120.0896853,-4.1886644],[120.089305,-4.1885168],[120.0889859,-4.1883964],[120.0882292,-4.1880701],[120.0875381,-4.1877848],[120.0871325,-4.1876126],[120.0867274,-4.1874682],[120.0862929,-4.1872997],[120.0859425,-4.1871606],[120.0856948,-4.1870696],[120.0854561,-4.186984],[120.0852995,-4.1869318],[120.0850993,-4.1868476],[120.0849465,-4.1867968],[120.0847842,-4.1867433],[120.0845602,-4.1866871],[120.0844073,-4.1866536],[120.0841981,-4.1866082],[120.0840479,-4.1865667],[120.0838871,-4.186526],[120.0836831,-4.1864544],[120.0834339,-4.1863723],[120.0831628,-4.1862751],[120.0829428,-4.1861949],[120.0825194,-4.1860271],[120.0821945,-4.1859033],[120.0817803,-4.1857416],[120.0814079,-4.1856062],[120.081068,-4.1854833],[120.080794,-4.1853873],[120.0805423,-4.1852961],[120.0803143,-4.1852131],[120.0800899,-4.1851362],[120.0798449,-4.185058],[120.079528,-4.1849498],[120.0792699,-4.1848661],[120.0787854,-4.1847075],[120.0783622,-4.1845723],[120.0779995,-4.1844507],[120.0774358,-4.1842476],[120.0772349,-4.1841819],[120.0769642,-4.1840863],[120.0765289,-4.1839605],[120.0763151,-4.1839211],[120.0761555,-4.1838943],[120.0760227,-4.1838716],[120.0758202,-4.1838943],[120.0756741,-4.183913],[120.0754329,-4.1839516],[120.0751738,-4.1840348],[120.0748651,-4.1841667],[120.0738282,-4.18465],[120.072642,-4.1851997],[120.0721322,-4.1854378],[120.071468,-4.1857661],[120.0703208,-4.1863078],[120.0698858,-4.1865003],[120.069118,-4.1868779],[120.0682195,-4.1872758],[120.0673268,-4.1876801],[120.0669408,-4.1878066],[120.0668831,-4.1878293],[120.0668201,-4.1878521],[120.0667731,-4.1878695],[120.0664741,-4.1879992],[120.0660494,-4.1882042],[120.0655996,-4.1883589],[120.065381,-4.1884155],[120.0651219,-4.1884694],[120.064795,-4.1884927],[120.0644876,-4.1884924],[120.0642612,-4.188474],[120.063982,-4.1884276],[120.0637087,-4.188375],[120.0633511,-4.1883094],[120.0623986,-4.1880801],[120.0616474,-4.1879016],[120.0613806,-4.1878534],[120.060593,-4.1876801],[120.0596907,-4.1874779],[120.0586688,-4.1872408],[120.0576614,-4.1870204],[120.0567464,-4.1868311],[120.0551736,-4.1864827],[120.0544026,-4.186312],[120.0530013,-4.1860237],[120.0519594,-4.1858276],[120.051627,-4.1857651],[120.0508829,-4.1856157],[120.0498925,-4.1854168],[120.048254,-4.1851033],[120.0469374,-4.1848552],[120.0464763,-4.1847688],[120.0462593,-4.1847281],[120.0456511,-4.184614],[120.0451599,-4.184523],[120.0445003,-4.1843079],[120.0439301,-4.1841578],[120.0437464,-4.1841029],[120.0434809,-4.1840251],[120.0430155,-4.1838114],[120.0428116,-4.1837298],[120.0426198,-4.1836269],[120.0420418,-4.1831038],[120.0413056,-4.1825742],[120.0406793,-4.1820151],[120.0402474,-4.1816392],[120.0397995,-4.181242],[120.039458,-4.1809559],[120.0391019,-4.1806555],[120.0389923,-4.1805477],[120.038791,-4.1803338],[120.0386649,-4.1801626],[120.0386194,-4.1800961]]}},{"type":"Feature","properties":{"segmentId":"osm-gaul2-18188-2113277329-2113276994-0","regionId":"gaul2-18188","province":"Sulawesi Selatan","region":"Wajo","roadName":"Unnamed OSM road","highway":"tertiary","lengthMeters":16900.747,"osmWayIds":["201361388","201361390","588829198","588829203"],"u":"2113277329","v":"2113276994","key":0,"oneway":false,"source":"OpenStreetMap"},"geometry":{"type":"LineString","coordinates":[[120.1218544,-4.2184543],[120.1219069,-4.2183054],[120.122087,-4.2177719],[120.122274,-4.2172593],[120.1225255,-4.2165896],[120.1225725,-4.2164211],[120.1226141,-4.2162231],[120.1226959,-4.2153056],[120.1226972,-4.2150882],[120.1226825,-4.214961],[120.1226711,-4.214903],[120.1226542,-4.2148586],[120.1224317,-4.2145312],[120.1223981,-4.214471],[120.122366,-4.2143841],[120.1222453,-4.2138772],[120.1221802,-4.2136517],[120.1220892,-4.2132628],[120.1220482,-4.213068],[120.1219606,-4.2124171],[120.1219283,-4.2118828],[120.1219379,-4.211482],[120.121965,-4.2111313],[120.1220039,-4.2109374],[120.1220494,-4.2107368],[120.1221522,-4.2104265],[120.1221943,-4.2103235],[120.1223362,-4.210054],[120.1224706,-4.2098126],[120.1226073,-4.2096146],[120.122893,-4.2092308],[120.1230955,-4.2089726],[120.1232363,-4.20878],[120.1233369,-4.2086168],[120.1233718,-4.2085326],[120.1233986,-4.208447],[120.1234643,-4.2082103],[120.1235126,-4.2080591],[120.1235743,-4.20792],[120.1236185,-4.2078491],[120.1237138,-4.2077167],[120.1238506,-4.2075723],[120.1239035,-4.2075065],[120.1239645,-4.2073676],[120.1239967,-4.2073262],[120.1240231,-4.2073006],[120.1243401,-4.2070613],[120.1248068,-4.2067952],[120.1255466,-4.20636],[120.1257133,-4.2062816],[120.1258515,-4.2062482],[120.1261103,-4.2062094],[120.1262431,-4.206196],[120.1264228,-4.2062067],[120.1267922,-4.2062637],[120.1272006,-4.2063873],[120.1274098,-4.206422],[120.1277424,-4.2064662],[120.1279798,-4.2064662],[120.1282024,-4.2064341],[120.1283406,-4.206414],[120.1284264,-4.2063846],[120.1284707,-4.2063592],[120.1284975,-4.2063324],[120.1285297,-4.2062883],[120.1285565,-4.2062187],[120.1287872,-4.2052036],[120.1287965,-4.2051842],[120.128812,-4.2051741],[120.1288462,-4.2051655],[120.1292727,-4.2052664],[120.12997,-4.2054243],[120.1302677,-4.2055045],[120.1303314,-4.2055065],[120.1303717,-4.2054931],[120.1304072,-4.2054691],[120.1304468,-4.2054229],[120.1305205,-4.2052671],[120.1305876,-4.2051046],[120.1306104,-4.2050404],[120.1306137,-4.2050123],[120.130609,-4.2049876],[120.1305943,-4.2049642],[120.1305614,-4.2049387],[120.1304924,-4.204912],[120.1303891,-4.2048692],[120.1303308,-4.2048257],[120.1303013,-4.2047896],[120.1302872,-4.2047508],[120.1302838,-4.2046833],[120.1302905,-4.2046218],[120.1305373,-4.2038487],[120.1307465,-4.2033953],[120.1309088,-4.2029646],[120.1310885,-4.2024898],[120.1312185,-4.2021372],[120.1316692,-4.2008661],[120.1319548,-4.2000636],[120.1320434,-4.199776],[120.132152,-4.1994015],[120.132203,-4.1991902],[120.1323223,-4.1985495],[120.1323733,-4.197846],[120.1324417,-4.1974273],[120.1324913,-4.1972],[120.132549,-4.1969739],[120.1326174,-4.1967626],[120.1327112,-4.1965205],[120.1328427,-4.1963038],[120.1330116,-4.1960751],[120.1332557,-4.1958263],[120.1336487,-4.1955348],[120.1339226,-4.19532],[120.1342884,-4.1950171],[120.1344855,-4.1948419],[120.1347108,-4.1947082],[120.1350287,-4.1945437],[120.1351046,-4.1944781],[120.1351815,-4.1943818],[120.1353881,-4.1940394],[120.1355611,-4.1937157],[120.1356147,-4.1936007],[120.1356456,-4.1935272],[120.1359248,-4.1926991],[120.1361257,-4.192096],[120.1363228,-4.1915852],[120.1365495,-4.1910314],[120.1368773,-4.1901952],[120.1370899,-4.1897794],[120.1373702,-4.1892805],[120.1375405,-4.1890572],[120.1376331,-4.1888766],[120.1379242,-4.1882468],[120.1380596,-4.187931],[120.1381388,-4.1877043],[120.1381803,-4.1875685],[120.138189,-4.1874271],[120.1381334,-4.1861839],[120.1380963,-4.1848019],[120.1381159,-4.1845979],[120.1381414,-4.1844374],[120.1381937,-4.1841872],[120.1382916,-4.1839117],[120.1383881,-4.1836674],[120.1386716,-4.1829503],[120.1389335,-4.1823106],[120.1390491,-4.1819232],[120.1390922,-4.181761],[120.1391217,-4.1815884],[120.1391284,-4.1813838],[120.1391311,-4.1812086],[120.1391338,-4.1811029],[120.1391123,-4.1810213],[120.1390547,-4.1808514],[120.1390372,-4.1807565],[120.1390399,-4.1806628],[120.1390372,-4.1805492],[120.1390278,-4.1804796],[120.1390171,-4.1804248],[120.1387164,-4.1795465],[120.1386577,-4.1792986],[120.1386358,-4.1792553],[120.1385759,-4.1791367],[120.1383036,-4.178603],[120.1378293,-4.1775843],[120.1374733,-4.1765971],[120.1372437,-4.175401],[120.137153,-4.174775],[120.1371288,-4.1744861],[120.1370102,-4.1740769],[120.1368936,-4.173804],[120.1366718,-4.1727066],[120.1365924,-4.1722149],[120.1364931,-4.1716933],[120.1363724,-4.1712519],[120.1362866,-4.1710539],[120.1361159,-4.1707565],[120.1358843,-4.1701524],[120.1357319,-4.1696816],[120.135686,-4.1693403],[120.1356778,-4.1687186],[120.1357039,-4.1684958],[120.1357985,-4.1680872],[120.1359513,-4.1677368],[120.1360533,-4.1675816],[120.1361793,-4.167472],[120.1363215,-4.1673917],[120.1364315,-4.167266],[120.1364982,-4.1671123],[120.1368552,-4.1664233],[120.1371698,-4.1656972],[120.1373756,-4.1653158],[120.1376089,-4.1647892],[120.1380238,-4.1640108],[120.1381025,-4.1638552],[120.1381642,-4.1637963],[120.1382688,-4.1637616],[120.1383787,-4.1637402],[120.138486,-4.1636653],[120.1385665,-4.1635636],[120.1388723,-4.1631035],[120.1392311,-4.1626332],[120.1395375,-4.162111],[120.1396447,-4.161889],[120.1398057,-4.1615706],[120.1399344,-4.1610904],[120.1400202,-4.1607654],[120.1400726,-4.1606089],[120.1401436,-4.1604658],[120.1402321,-4.1603347],[120.1403689,-4.1602224],[120.1408195,-4.1598585],[120.1410931,-4.1596071],[120.1414016,-4.1592887],[120.1415142,-4.1591342],[120.1415833,-4.1590172],[120.1417677,-4.1586741],[120.141879,-4.1584514],[120.1419923,-4.1582173],[120.1420104,-4.1581444],[120.1420172,-4.1580822],[120.1420051,-4.1578883],[120.1419836,-4.1577318],[120.1419608,-4.1576556],[120.141938,-4.1575873],[120.1418319,-4.1573117],[120.1415947,-4.1569105],[120.1414096,-4.156647],[120.14125,-4.1564758],[120.1410657,-4.1563576],[120.1408391,-4.1562153],[120.1404843,-4.1560117],[120.140145,-4.1558311],[120.1399827,-4.1557535],[120.1394677,-4.1555087],[120.1392075,-4.1553991],[120.1389735,-4.1553054],[120.1387864,-4.1552439],[120.1386396,-4.1552125],[120.1385048,-4.1551797],[120.1383968,-4.1551376],[120.1383005,-4.1550864],[120.138099,-4.1548937],[120.1379757,-4.1547497],[120.1377531,-4.1540693],[120.1376277,-4.1537271],[120.137457,-4.1532938],[120.1373957,-4.1531827],[120.1373273,-4.1530931],[120.1372428,-4.1529874],[120.1371437,-4.152875],[120.1369357,-4.1527132],[120.1366889,-4.15255],[120.1364515,-4.1524285],[120.1363148,-4.1523801],[120.1361766,-4.1523494],[120.135859,-4.1523217],[120.1354632,-4.1522825],[120.1353237,-4.1522725],[120.1351775,-4.1522746],[120.1350863,-4.1522939],[120.1350038,-4.1523333],[120.1344439,-4.1526222],[120.1339893,-4.1528175],[120.1336548,-4.152943],[120.1332762,-4.1530484],[120.1330358,-4.1530957],[120.132734,-4.1531466],[120.132447,-4.1532201],[120.1322539,-4.153283],[120.1320568,-4.1533673],[120.1317953,-4.1534663],[120.1316383,-4.1535211],[120.1315109,-4.1535813],[120.1313259,-4.153695],[120.131177,-4.1538274],[120.1309986,-4.1540173],[120.130835,-4.1542069],[120.1307116,-4.1543504],[120.1306137,-4.1545042],[120.1305346,-4.1546594],[120.1304461,-4.154856],[120.130367,-4.1550593],[120.130308,-4.1552399],[120.13019,-4.1559715],[120.1301672,-4.1561601],[120.1301403,-4.1562698],[120.1300961,-4.1563635],[120.1299821,-4.1565119],[120.129789,-4.1566992],[120.1295811,-4.156837],[120.1294309,-4.1569252],[120.1289481,-4.1572021],[120.1284774,-4.1575004],[120.1282078,-4.1576341],[120.1279248,-4.1577706],[120.1275332,-4.1579498],[120.1269512,-4.1582294],[120.1267742,-4.1582842],[120.1266628,-4.1583377],[120.1265448,-4.1584086],[120.126396,-4.1585076],[120.1262686,-4.1585852],[120.1260634,-4.1586948],[120.1259159,-4.1587631],[120.1257643,-4.1588206],[120.1255538,-4.1588875],[120.1253781,-4.1589383],[120.1250911,-4.1590667],[120.1248296,-4.1592245],[120.1245466,-4.1593717],[120.1242328,-4.1595268],[120.1240034,-4.1596004],[120.1238157,-4.1596579],[120.1236172,-4.1597047],[120.123412,-4.1597448],[120.123294,-4.1597462],[120.1232082,-4.1597328],[120.1230727,-4.1597194],[120.122842,-4.159698],[120.1225859,-4.1596726],[120.1223177,-4.1596659],[120.1220937,-4.159678],[120.1219569,-4.1596953],[120.1218536,-4.1597208],[120.1216404,-4.1597903],[120.1214419,-4.1598505],[120.1211523,-4.1599267],[120.1209658,-4.1599749],[120.1206708,-4.1600324],[120.1203784,-4.1600645],[120.1202108,-4.1600819],[120.1200324,-4.1600832],[120.1198876,-4.1600578],[120.1197655,-4.1600284],[120.1196153,-4.1599629],[120.1194672,-4.1598993],[120.1193686,-4.1598264],[120.1193002,-4.1597542],[120.1191969,-4.1596285],[120.118926,-4.1593248],[120.1185264,-4.1589637],[120.1182716,-4.1587457],[120.1180637,-4.1585424],[120.117837,-4.1583136],[120.1175983,-4.1580194],[120.1174401,-4.1578615],[120.1173435,-4.1577398],[120.1172657,-4.1576074],[120.1171759,-4.1574375],[120.1170847,-4.1573252],[120.1170082,-4.1572489],[120.116905,-4.1571687],[120.1168138,-4.1571165],[120.116673,-4.1570416],[120.1165134,-4.1569145],[120.1163035,-4.1567614],[120.1161358,-4.156639],[120.1160306,-4.1565387],[120.1159018,-4.1564029],[120.1158435,-4.1563394],[120.1157945,-4.1562899],[120.1157074,-4.156221],[120.1156282,-4.1561755],[120.1155545,-4.1561441],[120.1145128,-4.15567],[120.1143113,-4.1556104],[120.1141356,-4.1555957],[120.1138875,-4.1555917],[120.1137842,-4.1556238],[120.1136957,-4.1556612],[120.1133111,-4.1558261],[120.1131177,-4.1558726],[120.1129192,-4.1559073],[120.1124345,-4.1559681],[120.1115486,-4.1561427],[120.1113499,-4.1561566],[120.1111463,-4.1561294],[120.1108756,-4.1560901],[120.1106497,-4.1560256],[120.1100046,-4.155888],[120.1096552,-4.1557701],[120.1087872,-4.1553431],[120.1079574,-4.154964],[120.1063954,-4.1542745],[120.1060531,-4.1540751],[120.1057657,-4.1537992],[120.1056297,-4.1537096],[120.1051757,-4.1534151],[120.1045496,-4.1530373],[120.104019,-4.1527232],[120.1038547,-4.1526577],[120.10373,-4.1526169],[120.1035054,-4.1525548],[120.103267,-4.1525304],[120.1030485,-4.1525452],[120.1028636,-4.1525513],[120.1026289,-4.1525661],[120.1023513,-4.1525741],[120.1021448,-4.1525727],[120.1019592,-4.1525582],[120.1017773,-4.1525433],[120.1016164,-4.1525179],[120.1014595,-4.1524738],[120.1012529,-4.1524203],[120.1009794,-4.1523534],[120.1008587,-4.1523039],[120.1007259,-4.1522584],[120.1005636,-4.1521715],[120.1004134,-4.1520845],[120.1003262,-4.152019],[120.100227,-4.151916],[120.1001666,-4.1518331],[120.1001063,-4.1517582],[120.0999802,-4.1515816],[120.0997482,-4.1512619],[120.0996128,-4.1511255],[120.099472,-4.150989],[120.0992842,-4.1508272],[120.0991166,-4.1506934],[120.0988934,-4.1505527],[120.0986753,-4.1504179],[120.0984494,-4.150277],[120.0980128,-4.1500407],[120.0977835,-4.1499257],[120.0976682,-4.1498695],[120.0975005,-4.1498013],[120.0973262,-4.1497438],[120.0971451,-4.1496902],[120.0969319,-4.1496301],[120.0968112,-4.1496046],[120.0966503,-4.1495779],[120.0964665,-4.1495458],[120.0963177,-4.1495164],[120.0961809,-4.1494816],[120.0960615,-4.1494722],[120.0959033,-4.1494682],[120.0958014,-4.1494762],[120.0957021,-4.1494843],[120.0954875,-4.149503],[120.0952274,-4.1495057],[120.094927,-4.1495097],[120.094699,-4.1495204],[120.0945233,-4.1495204],[120.0943261,-4.149519],[120.0941451,-4.1495097],[120.0939158,-4.1494896],[120.0937682,-4.1494736],[120.0936274,-4.1494361],[120.0935255,-4.149408],[120.0933592,-4.1493652],[120.0931057,-4.1493037],[120.0928925,-4.1492448],[120.0927503,-4.1491887],[120.0925796,-4.1491235],[120.0920677,-4.148972],[120.0918232,-4.1489011],[120.0913851,-4.1487673],[120.0910042,-4.1486723],[120.0908124,-4.1486269],[120.0905362,-4.1485734],[120.0903887,-4.1485573],[120.0901942,-4.1485359],[120.0900663,-4.1485453],[120.0900628,-4.1485426],[120.0897932,-4.1485399],[120.0894211,-4.148535],[120.0891548,-4.1485265],[120.0887471,-4.1485204],[120.0886238,-4.1485265],[120.0883617,-4.1485352],[120.0879344,-4.148564],[120.0875697,-4.1485747],[120.0872934,-4.1485774],[120.0870091,-4.1485774],[120.0868294,-4.1485854],[120.086588,-4.1486362],[120.0863684,-4.1486872],[120.086242,-4.1487111],[120.0860462,-4.1487379],[120.0858745,-4.1487967],[120.0856465,-4.1488743],[120.0853273,-4.148984],[120.085161,-4.1490429],[120.0850376,-4.1491124],[120.0849502,-4.1491754],[120.0846557,-4.1495438],[120.0844789,-4.1497655],[120.0841404,-4.1502841],[120.0840552,-4.1504453],[120.0838521,-4.1510024],[120.0837784,-4.1512044],[120.0837033,-4.151403],[120.0836161,-4.1515696],[120.0835213,-4.1517233],[120.0834632,-4.151805],[120.0833918,-4.1518918],[120.0831227,-4.1521439],[120.0828111,-4.1524448],[120.0826129,-4.1526301],[120.0824431,-4.1528047],[120.0820823,-4.1531786],[120.0816782,-4.1535866],[120.0814462,-4.1538635],[120.0810841,-4.1543277],[120.0807193,-4.1547742],[120.0805845,-4.1549282],[120.0804613,-4.1550566],[120.0801965,-4.1553133],[120.0800002,-4.1554777],[120.0799669,-4.155492],[120.0799341,-4.1555],[120.07985,-4.1554916],[120.0797235,-4.1554639],[120.0794962,-4.1553877],[120.0793762,-4.1553335],[120.0792621,-4.1552619],[120.0790918,-4.1551237],[120.0787557,-4.1548625],[120.0783288,-4.1545228],[120.0782862,-4.1544915],[120.0782299,-4.1544617],[120.0781035,-4.1543959],[120.0779868,-4.1543236],[120.0779138,-4.1542383],[120.077844,-4.1541203],[120.0776917,-4.1538287],[120.0774957,-4.1534599],[120.0772311,-4.1529712],[120.0771774,-4.1528938],[120.0771473,-4.1528536],[120.0771067,-4.1528164],[120.0770742,-4.1527988],[120.0770267,-4.1527828],[120.0767952,-4.1527513],[120.0764674,-4.1526943],[120.0763325,-4.1526624]]}},{"type":"Feature","properties":{"segmentId":"osm-gaul2-18188-2113277329-5651357158-0","regionId":"gaul2-18188","province":"Sulawesi Selatan","region":"Wajo","roadName":"Jalan Poros Watampone - Sengkang","highway":"trunk","lengthMeters":1799.968,"osmWayIds":["350782631","350786814","550359310"],"u":"2113277329","v":"5651357158","key":0,"oneway":false,"source":"OpenStreetMap"},"geometry":{"type":"LineString","coordinates":[[120.1218544,-4.2184543],[120.1222767,-4.2185302],[120.1223347,-4.2185447],[120.1226449,-4.2186346],[120.122834,-4.2186907],[120.1237044,-4.2190024],[120.1244339,-4.2192913],[120.124796,-4.2194317],[120.1251166,-4.2195695],[120.1254237,-4.2197179],[120.1256905,-4.2198931],[120.1264684,-4.2204107],[120.1274474,-4.2210875],[120.1284009,-4.2217642],[120.1288301,-4.2220464],[120.1289736,-4.222124],[120.1291586,-4.2222083],[120.130371,-4.2226068],[120.1312159,-4.2229399],[120.1320742,-4.2232395],[120.1334636,-4.2237584],[120.1338579,-4.2239109],[120.1340336,-4.2239884],[120.1342099,-4.2240774],[120.134342,-4.2241489],[120.1344185,-4.2241998],[120.1345143,-4.224266],[120.1346015,-4.2243362],[120.1347363,-4.2244625],[120.134844,-4.2246067],[120.1349616,-4.2247802],[120.1350555,-4.2249473],[120.1352736,-4.2253367],[120.1356094,-4.2261271]]}},{"type":"Feature","properties":{"segmentId":"osm-gaul2-18188-2117270173-2135923538-0","regionId":"gaul2-18188","province":"Sulawesi Selatan","region":"Wajo","roadName":"Unnamed OSM road","highway":"tertiary","lengthMeters":5984.201,"osmWayIds":["255359322","555023062","555023065"],"u":"2117270173","v":"2135923538","key":0,"oneway":false,"source":"OpenStreetMap"},"geometry":{"type":"LineString","coordinates":[[120.0285638,-4.0529741],[120.0289956,-4.0531446],[120.0292927,-4.0532312],[120.0293456,-4.0532637],[120.0296841,-4.0533859],[120.0297279,-4.0533994],[120.0304455,-4.0536525],[120.0313237,-4.0539605],[120.0321412,-4.0542528],[120.0332064,-4.0546057],[120.0332242,-4.0546116],[120.0333166,-4.0546435],[120.0333377,-4.0546529],[120.0344217,-4.0550556],[120.0348482,-4.055184],[120.0353819,-4.0553766],[120.0358486,-4.0555318],[120.0360914,-4.0556268],[120.0363743,-4.0557164],[120.0366291,-4.0557592],[120.0368142,-4.0557833],[120.0369322,-4.0557806],[120.0370556,-4.0557753],[120.0372326,-4.0557378],[120.0375089,-4.055687],[120.0378638,-4.0556299],[120.0382896,-4.0555677],[120.0384834,-4.0555324],[120.0387803,-4.0554649],[120.0391021,-4.055332],[120.0393999,-4.0552241],[120.0395876,-4.055176],[120.0397673,-4.0551546],[120.0399095,-4.0551385],[120.0401375,-4.0551278],[120.0404218,-4.0551439],[120.0407785,-4.055176],[120.041213,-4.0552455],[120.041441,-4.0552857],[120.0417522,-4.0553017],[120.042015,-4.0553097],[120.0423285,-4.0552531],[120.0424871,-4.055192],[120.0428927,-4.0549717],[120.0432152,-4.0547573],[120.043469,-4.0545748],[120.0437853,-4.0543305],[120.0440723,-4.0541379],[120.0445121,-4.0538864],[120.0448877,-4.0537205],[120.0454321,-4.053461],[120.0463306,-4.0529448],[120.0468704,-4.0526283],[120.0473009,-4.0523946],[120.047543,-4.0522517],[120.0477443,-4.0521533],[120.0481171,-4.0519658],[120.0483778,-4.0518427],[120.048679,-4.0517172],[120.0491907,-4.0514726],[120.0493929,-4.0513934],[120.0494719,-4.0513681],[120.0495712,-4.0513364],[120.0496878,-4.0513227],[120.0499926,-4.0513351],[120.050318,-4.0513605],[120.0504868,-4.0513487],[120.0506407,-4.0513173],[120.0508402,-4.0512679],[120.0510329,-4.0511902],[120.0516552,-4.05087],[120.051978,-4.0507106],[120.0522271,-4.05059],[120.0526578,-4.0504104],[120.0529848,-4.0502889],[120.0532308,-4.050203],[120.0533521,-4.0501812],[120.0534043,-4.0501718],[120.0535767,-4.0501607],[120.0537176,-4.050165],[120.0538979,-4.0501775],[120.054034,-4.0502009],[120.0541642,-4.0502266],[120.0544866,-4.050346],[120.05482,-4.0504843],[120.0551179,-4.0506157],[120.0552665,-4.0506999],[120.0553997,-4.0507802],[120.0555432,-4.0508894],[120.0557379,-4.0510631],[120.0558315,-4.0512468],[120.0560333,-4.0516472],[120.0562479,-4.0520283],[120.0564522,-4.0524315],[120.0566344,-4.0527399],[120.056739,-4.0529232],[120.0567779,-4.0530409],[120.0567859,-4.0531372],[120.0567698,-4.0532456],[120.0567269,-4.0534249],[120.056684,-4.05356],[120.0566438,-4.0537232],[120.0566465,-4.0539051],[120.0566693,-4.0540536],[120.0567216,-4.0541914],[120.0567551,-4.054285],[120.0568015,-4.0544022],[120.0568905,-4.0545084],[120.0569802,-4.0545894],[120.0571831,-4.0546882],[120.05737,-4.0547687],[120.0575644,-4.0548628],[120.0577243,-4.0549717],[120.057893,-4.0551532],[120.0579333,-4.0551934],[120.0581163,-4.0554087],[120.0583738,-4.0556923],[120.058571,-4.0559271],[120.0587567,-4.0561378],[120.0588424,-4.0562602],[120.0588942,-4.0563385],[120.0589439,-4.0564396],[120.0590899,-4.0567691],[120.0592314,-4.0570758],[120.0593889,-4.0574604],[120.0594505,-4.0576696],[120.0594779,-4.0577294],[120.0595473,-4.0578421],[120.059613,-4.057921],[120.0597028,-4.05802],[120.0599094,-4.0582287],[120.0600757,-4.0584039],[120.0602312,-4.0585658],[120.0604364,-4.0587906],[120.0605944,-4.0589585],[120.0606818,-4.059026],[120.0607797,-4.0590862],[120.0610091,-4.0591972],[120.0613135,-4.0593377],[120.0616112,-4.0594701],[120.0618634,-4.0595986],[120.0620069,-4.0596574],[120.0621504,-4.0596949],[120.062322,-4.0597243],[120.0625031,-4.0597323],[120.062841,-4.059731],[120.0635344,-4.0597444],[120.0636417,-4.0597497],[120.0637543,-4.0597805],[120.0640185,-4.0599209],[120.0643297,-4.0601671],[120.0647172,-4.0604761],[120.0649868,-4.0606701],[120.0652564,-4.0609885],[120.0653462,-4.0610674],[120.0654119,-4.0611236],[120.0655004,-4.0611597],[120.065597,-4.0612065],[120.0656962,-4.0612426],[120.0659671,-4.0613149],[120.0660945,-4.0613296],[120.0662367,-4.0613376],[120.0665827,-4.0613175],[120.0670347,-4.0612921],[120.0672329,-4.0612877],[120.0675307,-4.0612926],[120.0679761,-4.0612881],[120.0683141,-4.0612614],[120.068968,-4.0612128],[120.0695515,-4.0611707],[120.0697088,-4.0611744],[120.0697933,-4.0611811],[120.0698662,-4.0611956],[120.0702583,-4.0613011],[120.0708948,-4.0614508],[120.0713131,-4.0615119],[120.0716735,-4.061549],[120.0720042,-4.0615753],[120.0723079,-4.0615704],[120.0724272,-4.0615757],[120.0725265,-4.0615851],[120.0726767,-4.0616252],[120.0728671,-4.0617042],[120.0731521,-4.0618374],[120.0735703,-4.0620524],[120.0740683,-4.0622982],[120.0745836,-4.0625746]]}},{"type":"Feature","properties":{"segmentId":"osm-gaul2-18188-2117270173-2136827226-0","regionId":"gaul2-18188","province":"Sulawesi Selatan","region":"Wajo","roadName":"Jalan Poros Impa-impa - Anabanua","highway":"primary","lengthMeters":3907.256,"osmWayIds":["586445430","749718606"],"u":"2117270173","v":"2136827226","key":0,"oneway":false,"source":"OpenStreetMap"},"geometry":{"type":"LineString","coordinates":[[120.0285638,-4.0529741],[120.028789,-4.0523025],[120.0290385,-4.051556],[120.0290893,-4.0513845],[120.0292155,-4.0509942],[120.0293899,-4.0505126],[120.0294435,-4.0503467],[120.0295963,-4.0499266],[120.0296767,-4.0497078],[120.0301526,-4.0483232],[120.0302925,-4.0479245],[120.0303489,-4.0477636],[120.030482,-4.0473927],[120.0306376,-4.0469503],[120.031304,-4.0449246],[120.0314338,-4.0445333],[120.0316108,-4.0439929],[120.0319618,-4.0429352],[120.0321419,-4.0424598],[120.0323591,-4.0418685],[120.0325791,-4.0412906],[120.0328212,-4.0406193],[120.0328714,-4.0404673],[120.0329116,-4.040326],[120.0330289,-4.0399459],[120.0331584,-4.0395408],[120.033314,-4.0390859],[120.0333603,-4.0389395],[120.0336439,-4.0381308],[120.033863,-4.0375089],[120.033955,-4.0372478],[120.0341133,-4.0367796],[120.034293,-4.0362311],[120.0344191,-4.0358833],[120.0345854,-4.0354124],[120.0347543,-4.0349335],[120.0349394,-4.0343877],[120.035264,-4.0334699],[120.0354115,-4.0330205],[120.0354973,-4.0327797],[120.0356112,-4.0324565],[120.0357736,-4.0320064],[120.0358648,-4.0317389],[120.0359932,-4.0313928],[120.0361705,-4.0308613],[120.0362591,-4.0305964],[120.0363831,-4.0301993],[120.0370343,-4.0284738],[120.0375931,-4.0267953],[120.0392303,-4.0223358],[120.0392483,-4.0223002],[120.0392684,-4.0222748],[120.0396962,-4.0217637],[120.0398371,-4.0215818],[120.0401241,-4.0212487],[120.0402515,-4.0210948],[120.0403762,-4.0209262],[120.0405358,-4.0207296],[120.0406535,-4.0205695],[120.0407074,-4.0204754],[120.0407383,-4.0203924],[120.0407651,-4.0203149],[120.0407678,-4.0202533],[120.0407611,-4.020161]]}},{"type":"Feature","properties":{"segmentId":"osm-gaul2-18188-2117270173-6944098825-0","regionId":"gaul2-18188","province":"Sulawesi Selatan","region":"Wajo","roadName":"Jalan Poros Impa-impa - Anabanua","highway":"primary","lengthMeters":4598.1,"osmWayIds":["218214357","586445430","586445435"],"u":"2117270173","v":"6944098825","key":0,"oneway":false,"source":"OpenStreetMap"},"geometry":{"type":"LineString","coordinates":[[120.0285638,-4.0529741],[120.0284028,-4.0533968],[120.0282526,-4.0538543],[120.0282298,-4.0539258],[120.0281386,-4.0541593],[120.0280702,-4.0543278],[120.0280059,-4.0544977],[120.0277215,-4.0553418],[120.027633,-4.0555933],[120.0274533,-4.0561472],[120.0272951,-4.0566211],[120.0271556,-4.056998],[120.0268647,-4.0578391],[120.026646,-4.0584615],[120.0265869,-4.0586728],[120.0264644,-4.0590796],[120.0263482,-4.0595825],[120.0262882,-4.0599078],[120.0261819,-4.0604868],[120.0260746,-4.0609657],[120.0259177,-4.061755],[120.0258936,-4.0618633],[120.0258011,-4.0623329],[120.0257635,-4.0625175],[120.0256482,-4.0631596],[120.025565,-4.0635502],[120.0254919,-4.0638713],[120.0253827,-4.0645161],[120.025278,-4.0650993],[120.0251707,-4.0657856],[120.0250742,-4.066328],[120.0249064,-4.0674264],[120.0248287,-4.0679119],[120.0246428,-4.068967],[120.0244804,-4.0699513],[120.024405,-4.0703477],[120.0243795,-4.0705265],[120.0243385,-4.0707752],[120.0242682,-4.0711191],[120.0241113,-4.0719645],[120.0239624,-4.0727444],[120.0238169,-4.073535],[120.0237089,-4.0740928],[120.0236432,-4.0743497],[120.0235842,-4.0745717],[120.0234997,-4.0747884],[120.0232154,-4.075353],[120.0230317,-4.0756981],[120.0229338,-4.0758827],[120.0228479,-4.0760793],[120.0227098,-4.0764178],[120.0225529,-4.0769074],[120.0224738,-4.0771696],[120.022404,-4.0774438],[120.0223826,-4.0775709],[120.0223611,-4.0777247],[120.0223249,-4.0779401],[120.0222646,-4.0784805],[120.0222324,-4.0787574],[120.0221707,-4.0794035],[120.0221238,-4.0799065],[120.0221131,-4.0800751],[120.0221211,-4.080253],[120.0221372,-4.0804001],[120.0221653,-4.0805526],[120.0222565,-4.0809339],[120.0223356,-4.0812496],[120.0224416,-4.0817766],[120.0224912,-4.0821325],[120.0225811,-4.0827277],[120.0226025,-4.0831304],[120.0227071,-4.0836722],[120.0227789,-4.0841618],[120.02285,-4.0845437],[120.0229043,-4.0848018],[120.0229264,-4.0849684],[120.022964,-4.0851383],[120.0230243,-4.0854386],[120.0231209,-4.0857937],[120.0232932,-4.0864091],[120.0234132,-4.0868452],[120.0234233,-4.0868846],[120.0235601,-4.0873642],[120.023607,-4.0875916],[120.0237981,-4.088237],[120.0238853,-4.0885159],[120.0239919,-4.0888637],[120.0240824,-4.0891761],[120.0241609,-4.089459],[120.0242602,-4.08977],[120.0243594,-4.0900978],[120.024407,-4.0902583],[120.0244707,-4.0904523],[120.0245123,-4.0905807],[120.0245552,-4.0907205],[120.0245921,-4.0908475],[120.0246477,-4.0910422],[120.0246873,-4.0912328],[120.0247121,-4.0914214],[120.0247208,-4.0915652],[120.0247248,-4.0916936],[120.0247215,-4.0918976],[120.0247141,-4.0922668],[120.0247061,-4.0924274],[120.0246993,-4.0926079],[120.0246897,-4.0928651],[120.0246859,-4.0931257]]}},{"type":"Feature","properties":{"segmentId":"osm-gaul2-18188-2117270257-2117278976-0","regionId":"gaul2-18188","province":"Sulawesi Selatan","region":"Wajo","roadName":"Jalan Rusa","highway":"tertiary","lengthMeters":1421.039,"osmWayIds":["1072329400","201710802"],"u":"2117270257","v":"2117278976","key":0,"oneway":true,"source":"OpenStreetMap"},"geometry":{"type":"LineString","coordinates":[[120.0223026,-4.1109285],[120.022676,-4.1110865],[120.0231155,-4.1112303],[120.0241475,-4.1115747],[120.0249468,-4.1118409],[120.025223,-4.1119346],[120.0256032,-4.1121299],[120.0257568,-4.1122446],[120.025901,-4.1123406],[120.0259379,-4.1123666],[120.0259757,-4.112391],[120.0265112,-4.1127947],[120.0268512,-4.1130341],[120.0270959,-4.1131926],[120.027504,-4.1134495],[120.0277333,-4.1135933],[120.0278791,-4.1136856],[120.0282493,-4.1138515],[120.0284223,-4.1139116],[120.0285792,-4.1139558],[120.0289828,-4.1140387],[120.0291994,-4.1140822],[120.0294039,-4.1141109],[120.0294619,-4.1141183],[120.0304474,-4.1142538],[120.0311606,-4.1143499],[120.0315424,-4.1144038],[120.0318863,-4.114438],[120.032516,-4.114547],[120.0331879,-4.1146487],[120.0342955,-4.1148073]]}},{"type":"Feature","properties":{"segmentId":"osm-gaul2-18188-2117270257-2274872332-0","regionId":"gaul2-18188","province":"Sulawesi Selatan","region":"Wajo","roadName":"Jalan Malingkaan","highway":"trunk","lengthMeters":17.67,"osmWayIds":["600612594"],"u":"2117270257","v":"2274872332","key":0,"oneway":false,"source":"OpenStreetMap"},"geometry":{"type":"LineString","coordinates":[[120.0223026,-4.1109285],[120.022283,-4.1110862]]}},{"type":"Feature","properties":{"segmentId":"osm-gaul2-18188-2117270257-2769402640-0","regionId":"gaul2-18188","province":"Sulawesi Selatan","region":"Wajo","roadName":"Jalan Malingkaan","highway":"trunk","lengthMeters":1881.838,"osmWayIds":["1433968538","600612594"],"u":"2117270257","v":"2769402640","key":0,"oneway":false,"source":"OpenStreetMap"},"geometry":{"type":"LineString","coordinates":[[120.0223026,-4.1109285],[120.0223441,-4.1106597],[120.02236,-4.1105],[120.0224496,-4.1101411],[120.0226396,-4.1088488],[120.022723,-4.1081822],[120.0228915,-4.1070532],[120.0229438,-4.1067231],[120.0230392,-4.1060551],[120.0230692,-4.105867],[120.0230768,-4.1057806],[120.0231398,-4.1053096],[120.0232011,-4.1050272],[120.0232376,-4.1049096],[120.0233391,-4.1043964],[120.0234616,-4.1039699],[120.0235278,-4.1037226],[120.0235752,-4.1035187],[120.0236858,-4.103099],[120.0237037,-4.1028393],[120.0237977,-4.1026237],[120.0238832,-4.1021814],[120.0239616,-4.1017995],[120.0240234,-4.1015095],[120.024057,-4.1012326],[120.0241649,-4.1003183],[120.0242181,-4.0999253],[120.0242409,-4.099724],[120.0243057,-4.0992896],[120.0243386,-4.0990535],[120.0243716,-4.0987546],[120.0243929,-4.0984208],[120.0244083,-4.0982362],[120.024409,-4.0981299],[120.0244432,-4.0978791],[120.0244526,-4.0976416],[120.0244573,-4.0974878],[120.0244626,-4.0973781],[120.0244647,-4.0972356],[120.0244673,-4.097033],[120.0244633,-4.0968578],[120.0244566,-4.0965394],[120.0244539,-4.096324],[120.02446,-4.0962518],[120.0244755,-4.0957938],[120.0244861,-4.0955742],[120.0245049,-4.0953395],[120.0245116,-4.0950338],[120.0245316,-4.0947275],[120.0245622,-4.0944218],[120.0245874,-4.0942927],[120.0246014,-4.0942125]]}},{"type":"Feature","properties":{"segmentId":"osm-gaul2-18188-2117270543-5601356892-0","regionId":"gaul2-18188","province":"Sulawesi Selatan","region":"Wajo","roadName":"Jalan Haji Andi Anru","highway":"tertiary","lengthMeters":781.715,"osmWayIds":["201710832"],"u":"2117270543","v":"5601356892","key":0,"oneway":true,"source":"OpenStreetMap"},"geometry":{"type":"LineString","coordinates":[[120.0352354,-4.1085095],[120.0351885,-4.1083995],[120.035115,-4.1082336],[120.0350533,-4.1080647],[120.0350383,-4.1080109],[120.0350334,-4.1079841],[120.0350282,-4.1079477],[120.035027,-4.1078815],[120.0350292,-4.107822],[120.0350413,-4.1076972],[120.0350577,-4.1075828],[120.0350909,-4.1073909],[120.0351157,-4.1072843],[120.0351355,-4.1071341],[120.0351471,-4.1070685],[120.0351591,-4.1070152],[120.0353045,-4.1064248],[120.0353553,-4.106203],[120.0353859,-4.1060445],[120.0354032,-4.1058996],[120.0354373,-4.1057],[120.0354569,-4.1053555],[120.035476,-4.104674],[120.0354638,-4.1043971],[120.035461,-4.104244],[120.0354667,-4.1040986],[120.0354838,-4.1039487],[120.0355074,-4.1038257],[120.0355911,-4.103399],[120.0356677,-4.1029683],[120.035679,-4.1028833],[120.0357029,-4.1026898],[120.0357791,-4.1021653],[120.0357997,-4.1020588],[120.0358607,-4.1018045],[120.035897,-4.1015985]]}},{"type":"Feature","properties":{"segmentId":"osm-gaul2-18188-2117270543-7150464196-0","regionId":"gaul2-18188","province":"Sulawesi Selatan","region":"Wajo","roadName":"Unnamed OSM road","highway":"tertiary_link","lengthMeters":3.898,"osmWayIds":["765608432"],"u":"2117270543","v":"7150464196","key":0,"oneway":false,"source":"OpenStreetMap"},"geometry":{"type":"LineString","coordinates":[[120.0352354,-4.1085095],[120.0352674,-4.108495]]}},{"type":"Feature","properties":{"segmentId":"osm-gaul2-18188-2117278976-5601355507-0","regionId":"gaul2-18188","province":"Sulawesi Selatan","region":"Wajo","roadName":"Jalan Sawerigading","highway":"tertiary","lengthMeters":6.79,"osmWayIds":["585330014"],"u":"2117278976","v":"5601355507","key":0,"oneway":true,"source":"OpenStreetMap"},"geometry":{"type":"LineString","coordinates":[[120.0342955,-4.1148073],[120.0343566,-4.1148112]]}},{"type":"Feature","properties":{"segmentId":"osm-gaul2-18188-2117278976-7150471899-0","regionId":"gaul2-18188","province":"Sulawesi Selatan","region":"Wajo","roadName":"Jalan Haji Andi Anru","highway":"tertiary","lengthMeters":104.901,"osmWayIds":["201710832"],"u":"2117278976","v":"7150471899","key":0,"oneway":true,"source":"OpenStreetMap"},"geometry":{"type":"LineString","coordinates":[[120.0342955,-4.1148073],[120.0343305,-4.114543],[120.0343667,-4.1143664],[120.0344002,-4.114234],[120.0344297,-4.1140895],[120.0344767,-4.1138822]]}},{"type":"Feature","properties":{"segmentId":"osm-gaul2-18188-2117278985-2117278989-0","regionId":"gaul2-18188","province":"Sulawesi Selatan","region":"Wajo","roadName":"Jalan Sawerigading","highway":"tertiary","lengthMeters":6.704,"osmWayIds":["585330013"],"u":"2117278985","v":"2117278989","key":0,"oneway":true,"source":"OpenStreetMap"},"geometry":{"type":"LineString","coordinates":[[120.0343487,-4.1148828],[120.0342884,-4.1148786]]}},{"type":"Feature","properties":{"segmentId":"osm-gaul2-18188-2117278989-2117278976-0","regionId":"gaul2-18188","province":"Sulawesi Selatan","region":"Wajo","roadName":"Jalan Beringin","highway":"tertiary","lengthMeters":7.967,"osmWayIds":["586194072"],"u":"2117278989","v":"2117278976","key":0,"oneway":true,"source":"OpenStreetMap"},"geometry":{"type":"LineString","coordinates":[[120.0342884,-4.1148786],[120.0342955,-4.1148073]]}},{"type":"Feature","properties":{"segmentId":"osm-gaul2-18188-2117278989-2274872332-0","regionId":"gaul2-18188","province":"Sulawesi Selatan","region":"Wajo","roadName":"Jalan Rusa","highway":"tertiary","lengthMeters":1419.177,"osmWayIds":["201711176"],"u":"2117278989","v":"2274872332","key":0,"oneway":true,"source":"OpenStreetMap"},"geometry":{"type":"LineString","coordinates":[[120.0342884,-4.1148786],[120.0340194,-4.1148427],[120.0337055,-4.1147838],[120.0326934,-4.1146518],[120.0320616,-4.1145552],[120.0316516,-4.1144917],[120.0304143,-4.114322],[120.0299397,-4.1142594],[120.0294519,-4.1141888],[120.0294003,-4.1141805],[120.0292081,-4.1141491],[120.029015,-4.1141143],[120.0286134,-4.1140407],[120.0284114,-4.1139805],[120.0282419,-4.113919],[120.0278711,-4.1137605],[120.0276364,-4.1136127],[120.0273319,-4.1134254],[120.026817,-4.1131003],[120.0264247,-4.1128158],[120.0259365,-4.1124683],[120.0258775,-4.112421],[120.0258691,-4.1124148],[120.0257389,-4.1123145],[120.0255691,-4.1121968],[120.0253624,-4.1120814],[120.0251962,-4.1120035],[120.0249253,-4.1119078],[120.0243916,-4.1117325],[120.0241616,-4.1116577],[120.0230914,-4.1113045],[120.0229405,-4.1112584],[120.022283,-4.1110862]]}},{"type":"Feature","properties":{"segmentId":"osm-gaul2-18188-2117279126-13115588589-0","regionId":"gaul2-18188","province":"Sulawesi Selatan","region":"Wajo","roadName":"Unnamed OSM road","highway":"tertiary_link","lengthMeters":7.946,"osmWayIds":["1426757591"],"u":"2117279126","v":"13115588589","key":0,"oneway":false,"source":"OpenStreetMap"},"geometry":{"type":"LineString","coordinates":[[120.0395554,-4.12499],[120.039627,-4.1249926]]}},{"type":"Feature","properties":{"segmentId":"osm-gaul2-18188-2117279126-2117278985-0","regionId":"gaul2-18188","province":"Sulawesi Selatan","region":"Wajo","roadName":"Jalan sawerigading","highway":"tertiary","lengthMeters":1605.066,"osmWayIds":["201711180","585330013"],"u":"2117279126","v":"2117278985","key":0,"oneway":true,"source":"OpenStreetMap"},"geometry":{"type":"LineString","coordinates":[[120.0395554,-4.12499],[120.0395407,-4.1247933],[120.0395098,-4.1246529],[120.0394822,-4.1245619],[120.0394055,-4.1243404],[120.0393141,-4.1240522],[120.0392351,-4.1238364],[120.039197,-4.1237085],[120.0391605,-4.1235359],[120.039145,-4.1233557],[120.0391271,-4.1230137],[120.0391026,-4.1223794],[120.0390771,-4.1221931],[120.0390558,-4.1217887],[120.0390419,-4.121436],[120.0390609,-4.1208326],[120.0390726,-4.1206838],[120.0391279,-4.1202785],[120.0392037,-4.1197348],[120.0392731,-4.1193663],[120.0393189,-4.1189553],[120.0393348,-4.1186006],[120.03934,-4.1182016],[120.0393491,-4.1178567],[120.0393543,-4.117744],[120.0393556,-4.1176263],[120.0393459,-4.1174945],[120.0393288,-4.1174102],[120.0392993,-4.117332],[120.0392681,-4.1172688],[120.0392322,-4.1172266],[120.039188,-4.1171942],[120.0391298,-4.1171651],[120.0390639,-4.1171411],[120.0390002,-4.1171293],[120.0389478,-4.1171252],[120.0387714,-4.1171178],[120.0385674,-4.1171129],[120.0384725,-4.1170979],[120.0384229,-4.1170845],[120.0383846,-4.1170645],[120.0383422,-4.1170341],[120.0382726,-4.1169568],[120.0382438,-4.1168865],[120.0382274,-4.1168311],[120.0382131,-4.116741],[120.0382224,-4.1166383],[120.0382558,-4.1160478],[120.0382705,-4.1158169],[120.0382727,-4.1157296],[120.0382576,-4.1156653],[120.0382368,-4.1156195],[120.0381987,-4.1155718],[120.0381692,-4.1155478],[120.0380754,-4.1154718],[120.0378226,-4.1153217],[120.0377076,-4.1152571],[120.0375015,-4.1151414],[120.0372173,-4.1149814],[120.0370602,-4.1148835],[120.0368786,-4.1147687],[120.0367757,-4.1147179],[120.0366328,-4.1146664],[120.0365366,-4.1146433],[120.0364018,-4.1146259],[120.0362845,-4.1146192],[120.0361343,-4.1146216],[120.0360095,-4.1146346],[120.0358112,-4.1146714],[120.035405,-4.114736],[120.0351338,-4.1147851],[120.0349507,-4.1148252],[120.0348307,-4.1148476],[120.0346611,-4.11486],[120.0343487,-4.1148828]]}},{"type":"Feature","properties":{"segmentId":"osm-gaul2-18188-2119098504-2119098519-0","regionId":"gaul2-18188","province":"Sulawesi Selatan","region":"Wajo","roadName":"Jalan Poros Sengkang - Tarumpakkae","highway":"trunk","lengthMeters":1076.291,"osmWayIds":["201900014"],"u":"2119098504","v":"2119098519","key":0,"oneway":false,"source":"OpenStreetMap"},"geometry":{"type":"LineString","coordinates":[[120.0347365,-4.0920645],[120.0342286,-4.0921484],[120.0332871,-4.0922976],[120.0324845,-4.092414],[120.0319286,-4.0925009],[120.0316959,-4.0925337],[120.0309925,-4.0926454],[120.0306344,-4.0927015],[120.0300477,-4.0927865],[120.0297801,-4.09283],[120.0294589,-4.0928862],[120.0291438,-4.0929337],[120.0289004,-4.0929711],[120.0286033,-4.0930166],[120.028266,-4.0930681],[120.0281637,-4.0930797],[120.0279811,-4.0931122],[120.0277336,-4.0931497],[120.0274245,-4.0931952],[120.0270134,-4.093252],[120.0267881,-4.0932801],[120.026489,-4.0933249],[120.0260981,-4.0933912],[120.0257721,-4.0934471],[120.0256535,-4.0934627],[120.0253531,-4.0935115],[120.0251464,-4.0935391]]}},{"type":"Feature","properties":{"segmentId":"osm-gaul2-18188-2119098504-5601356876-0","regionId":"gaul2-18188","province":"Sulawesi Selatan","region":"Wajo","roadName":"Jalan Poros Sengkang - Tarumpakkae","highway":"trunk","lengthMeters":7.659,"osmWayIds":["201900014"],"u":"2119098504","v":"5601356876","key":0,"oneway":false,"source":"OpenStreetMap"},"geometry":{"type":"LineString","coordinates":[[120.0347365,-4.0920645],[120.0348039,-4.0920495]]}},{"type":"Feature","properties":{"segmentId":"osm-gaul2-18188-2119098518-6944098825-0","regionId":"gaul2-18188","province":"Sulawesi Selatan","region":"Wajo","roadName":"Jalan Poros Impa-impa - Anabanua","highway":"primary","lengthMeters":51.872,"osmWayIds":["741828277"],"u":"2119098518","v":"6944098825","key":0,"oneway":true,"source":"OpenStreetMap"},"geometry":{"type":"LineString","coordinates":[[120.0246605,-4.0935905],[120.0246725,-4.0931838],[120.0246859,-4.0931257]]}},{"type":"Feature","properties":{"segmentId":"osm-gaul2-18188-2119098518-6944486667-0","regionId":"gaul2-18188","province":"Sulawesi Selatan","region":"Wajo","roadName":"Jalan Poros Sengkang - Tarumpakkae","highway":"trunk","lengthMeters":5.729,"osmWayIds":["741828280"],"u":"2119098518","v":"6944486667","key":0,"oneway":true,"source":"OpenStreetMap"},"geometry":{"type":"LineString","coordinates":[[120.0246605,-4.0935905],[120.0247121,-4.0935881]]}},{"type":"Feature","properties":{"segmentId":"osm-gaul2-18188-2119098519-2119098504-0","regionId":"gaul2-18188","province":"Sulawesi Selatan","region":"Wajo","roadName":"Jalan Poros Sengkang - Tarumpakkae","highway":"trunk","lengthMeters":1076.291,"osmWayIds":["201900014"],"u":"2119098519","v":"2119098504","key":0,"oneway":false,"source":"OpenStreetMap"},"geometry":{"type":"LineString","coordinates":[[120.0251464,-4.0935391],[120.0253531,-4.0935115],[120.0256535,-4.0934627],[120.0257721,-4.0934471],[120.0260981,-4.0933912],[120.026489,-4.0933249],[120.0267881,-4.0932801],[120.0270134,-4.093252],[120.0274245,-4.0931952],[120.0277336,-4.0931497],[120.0279811,-4.0931122],[120.0281637,-4.0930797],[120.028266,-4.0930681],[120.0286033,-4.0930166],[120.0289004,-4.0929711],[120.0291438,-4.0929337],[120.0294589,-4.0928862],[120.0297801,-4.09283],[120.0300477,-4.0927865],[120.0306344,-4.0927015],[120.0309925,-4.0926454],[120.0316959,-4.0925337],[120.0319286,-4.0925009],[120.0324845,-4.092414],[120.0332871,-4.0922976],[120.0342286,-4.0921484],[120.0347365,-4.0920645]]}},{"type":"Feature","properties":{"segmentId":"osm-gaul2-18188-2119098519-6944486672-0","regionId":"gaul2-18188","province":"Sulawesi Selatan","region":"Wajo","roadName":"Jalan Poros Sengkang - Tarumpakkae","highway":"trunk","lengthMeters":18.811,"osmWayIds":["586445461"],"u":"2119098519","v":"6944486672","key":0,"oneway":true,"source":"OpenStreetMap"},"geometry":{"type":"LineString","coordinates":[[120.0251464,-4.0935391],[120.0251037,-4.0935637],[120.0250685,-4.0935727],[120.024986,-4.0935882]]}},{"type":"Feature","properties":{"segmentId":"osm-gaul2-18188-2120972128-2110240647-0","regionId":"gaul2-18188","province":"Sulawesi Selatan","region":"Wajo","roadName":"Jalan Poros Salaonro - Ulugalung","highway":"primary","lengthMeters":5540.438,"osmWayIds":["201065093","583854173","749979406"],"u":"2120972128","v":"2110240647","key":0,"oneway":false,"source":"OpenStreetMap"},"geometry":{"type":"LineString","coordinates":[[120.0096019,-4.2092789],[120.0100282,-4.2085165],[120.010214,-4.2081774],[120.0105495,-4.20758],[120.0107753,-4.2071938],[120.0111924,-4.2064454],[120.0115495,-4.2058213],[120.0118723,-4.205254],[120.0120655,-4.2049147],[120.0121727,-4.2047212],[120.0124638,-4.2042045],[120.0128214,-4.2035685],[120.0130182,-4.203234],[120.0131343,-4.2030368],[120.0133657,-4.2026131],[120.0135246,-4.2023119],[120.0139251,-4.2016295],[120.0146271,-4.2003203],[120.0150025,-4.1996476],[120.0154348,-4.1989138],[120.0155303,-4.1987376],[120.0158145,-4.1981924],[120.0158279,-4.1981516],[120.0158608,-4.1980426],[120.0158829,-4.1979129],[120.0159004,-4.1977744],[120.0159439,-4.1974434],[120.0160378,-4.1969158],[120.0160915,-4.1965459],[120.0161298,-4.1962999],[120.0162509,-4.1953442],[120.0163999,-4.1938562],[120.0165528,-4.1926912],[120.0165944,-4.1923448],[120.016785,-4.1908871],[120.0168578,-4.1903426],[120.0170281,-4.1890708],[120.0170546,-4.1888548],[120.017108,-4.1884205],[120.0172935,-4.1866022],[120.0173239,-4.1863159],[120.0173713,-4.1860272],[120.0174231,-4.1857941],[120.0174399,-4.1857174],[120.0175966,-4.1852307],[120.0176767,-4.1850178],[120.0177697,-4.1848156],[120.0178792,-4.1845765],[120.0180062,-4.1843369],[120.018142,-4.184119],[120.0183036,-4.1839055],[120.0184678,-4.1837143],[120.0187646,-4.1833686],[120.0188863,-4.183259],[120.0194415,-4.1827678],[120.0196096,-4.1826376],[120.0197916,-4.1825167],[120.0200397,-4.1823562],[120.0202517,-4.1822417],[120.0206271,-4.182078],[120.0209744,-4.1819608],[120.0215279,-4.1818046],[120.0216825,-4.1817743],[120.0218327,-4.1817583],[120.0220406,-4.1817489],[120.0228164,-4.1817468],[120.0229861,-4.1817543],[120.0231537,-4.1817797],[120.023383,-4.1818318],[120.0235913,-4.1818954],[120.024518,-4.1821775],[120.0248502,-4.1822786],[120.0251765,-4.182337],[120.0255717,-4.1823829],[120.0260197,-4.182403],[120.0263295,-4.1823789],[120.0264707,-4.1823618],[120.0270067,-4.1822551],[120.0276363,-4.1821181],[120.0280608,-4.1820258],[120.0290959,-4.1818279],[120.0293462,-4.1817841],[120.0296621,-4.1817289],[120.0300014,-4.1817048],[120.030283,-4.18171],[120.0305459,-4.1817075],[120.0308168,-4.1817422],[120.0312768,-4.1818024],[120.0314887,-4.1818613],[120.0317206,-4.1819194],[120.0318716,-4.1819552],[120.0323998,-4.1820623],[120.0330377,-4.1821916],[120.033436,-4.1822746],[120.035217,-4.1826357],[120.0353689,-4.1826608],[120.0354906,-4.1826848],[120.0357367,-4.1827132],[120.0358961,-4.1827111],[120.0363136,-4.1826703],[120.036613,-4.1825876],[120.0369005,-4.1824848],[120.0371669,-4.1823428],[120.0374113,-4.1821816],[120.0374579,-4.1821421],[120.0376846,-4.1819482],[120.0378745,-4.1817403],[120.0380165,-4.1815496],[120.0381352,-4.1813249],[120.0382438,-4.1810534],[120.0383458,-4.1807672],[120.03839,-4.1805518],[120.0384319,-4.1803284],[120.0384589,-4.1801186]]}},{"type":"Feature","properties":{"segmentId":"osm-gaul2-18188-2120972128-5581739777-0","regionId":"gaul2-18188","province":"Sulawesi Selatan","region":"Wajo","roadName":"Jalan Poros Salaonro - Ulugalung","highway":"primary","lengthMeters":31.991,"osmWayIds":["583853737"],"u":"2120972128","v":"5581739777","key":0,"oneway":false,"source":"OpenStreetMap"},"geometry":{"type":"LineString","coordinates":[[120.0096019,-4.2092789],[120.0095697,-4.2095648]]}},{"type":"Feature","properties":{"segmentId":"osm-gaul2-18188-2120972128-5581739788-0","regionId":"gaul2-18188","province":"Sulawesi Selatan","region":"Wajo","roadName":"Unnamed OSM road","highway":"secondary","lengthMeters":30.713,"osmWayIds":["549545302"],"u":"2120972128","v":"5581739788","key":0,"oneway":false,"source":"OpenStreetMap"},"geometry":{"type":"LineString","coordinates":[[120.0096019,-4.2092789],[120.0094496,-4.2095096]]}},{"type":"Feature","properties":{"segmentId":"osm-gaul2-18188-2120972206-5581739777-0","regionId":"gaul2-18188","province":"Sulawesi Selatan","region":"Wajo","roadName":"Jalan Poros Salaonro - Ulugalung","highway":"primary","lengthMeters":9300.825,"osmWayIds":["202107581","583853736","583853737","583854172","775896670","775896671"],"u":"2120972206","v":"5581739777","key":0,"oneway":false,"source":"OpenStreetMap"},"geometry":{"type":"LineString","coordinates":[[120.0084203,-4.2922521],[120.00836,-4.291657],[120.0082963,-4.2910151],[120.0082313,-4.2904481],[120.0081756,-4.2898249],[120.0081655,-4.289655],[120.0081595,-4.2895052],[120.0081588,-4.2893374],[120.0081718,-4.2889342],[120.0082172,-4.2883344],[120.0082425,-4.2878886],[120.0082701,-4.2874651],[120.0082929,-4.2871809],[120.008303,-4.2870505],[120.0083178,-4.2868747],[120.0083908,-4.286317],[120.0084257,-4.2859399],[120.0085022,-4.2851856],[120.0085652,-4.2843068],[120.0086373,-4.2835406],[120.0087006,-4.2828573],[120.0087476,-4.2824052],[120.0087516,-4.2822956],[120.0087804,-4.2818663],[120.0088736,-4.2805817],[120.0089293,-4.2799077],[120.0090413,-4.2791728],[120.0091016,-4.2788371],[120.0091767,-4.2785215],[120.0092317,-4.2782474],[120.0092652,-4.2779558],[120.0093377,-4.2775185],[120.0093779,-4.2770919],[120.0094181,-4.2766238],[120.0094476,-4.2757682],[120.009402,-4.2753145],[120.0092974,-4.2747234],[120.0092438,-4.2745107],[120.0091539,-4.2741604],[120.0090654,-4.2738661],[120.0090391,-4.2737644],[120.0089702,-4.2734984],[120.0088871,-4.2731934],[120.0087965,-4.2728236],[120.0086819,-4.2723462],[120.0086416,-4.272153],[120.0086215,-4.272052],[120.0086081,-4.2719784],[120.0086021,-4.2718828],[120.0085893,-4.2717638],[120.0085679,-4.2713813],[120.0085323,-4.2702893],[120.0085082,-4.2698132],[120.0085082,-4.2695531],[120.008525,-4.2692662],[120.0085933,-4.2686965],[120.0086537,-4.2683642],[120.0088012,-4.2676125],[120.0089072,-4.2671003],[120.0090238,-4.2664637],[120.009109,-4.2661],[120.0092049,-4.2657101],[120.0093571,-4.2648936],[120.0093866,-4.2647405],[120.0095616,-4.2639307],[120.0097031,-4.2632888],[120.0098433,-4.2626522],[120.0099566,-4.2621413],[120.0101738,-4.2612379],[120.0102865,-4.2607791],[120.0103509,-4.2604501],[120.0105494,-4.2595982],[120.0105909,-4.2593896],[120.0106654,-4.259102],[120.0108142,-4.2583892],[120.0111193,-4.2569207],[120.0114124,-4.2556308],[120.0116511,-4.2545234],[120.0119249,-4.2532337],[120.0122492,-4.2517884],[120.0124182,-4.2509806],[120.012559,-4.2503133],[120.0127347,-4.2496004],[120.0128996,-4.248826],[120.0130351,-4.2481092],[120.0130941,-4.2478644],[120.0132188,-4.2473081],[120.0133677,-4.2466447],[120.0134066,-4.2464668],[120.0135011,-4.2458663],[120.0135105,-4.2457928],[120.0135165,-4.2457139],[120.0135199,-4.2456443],[120.0135254,-4.2453301],[120.013475,-4.2441946],[120.0134528,-4.2440033],[120.0133704,-4.243134],[120.0133563,-4.2429454],[120.0133342,-4.2426839],[120.0132899,-4.2420874],[120.0132651,-4.2417852],[120.0132572,-4.2417095],[120.013249,-4.2416307],[120.0132161,-4.2412014],[120.0131632,-4.240544],[120.0131296,-4.240098],[120.0130612,-4.2393758],[120.0130049,-4.2385526],[120.0129613,-4.2379701],[120.0129385,-4.2377562],[120.0129117,-4.2374954],[120.0128849,-4.2372506],[120.0127655,-4.2357446],[120.0127644,-4.2357332],[120.0126944,-4.234989],[120.0126435,-4.2344915],[120.0126218,-4.234141],[120.012614,-4.234014],[120.0125764,-4.2336315],[120.0124973,-4.2327461],[120.0124215,-4.2318005],[120.0123708,-4.2311817],[120.0123565,-4.2309272],[120.0122358,-4.2295442],[120.012162,-4.2288033],[120.0120601,-4.2277828],[120.012017,-4.2270556],[120.0119676,-4.2262233],[120.0119166,-4.2257472],[120.0117825,-4.2246037],[120.0115786,-4.2228035],[120.0114447,-4.2219126],[120.0114003,-4.2216171],[120.0113131,-4.221034],[120.0111562,-4.219972],[120.0110945,-4.2195922],[120.0110744,-4.2194464],[120.0109782,-4.2187047],[120.0109368,-4.2184445],[120.0108337,-4.2177659],[120.0107512,-4.2172396],[120.0107069,-4.2168999],[120.0106733,-4.216672],[120.0106341,-4.2164173],[120.0105877,-4.2161154],[120.0105422,-4.21582],[120.0103513,-4.2145081],[120.010341,-4.214437],[120.0102495,-4.2138312],[120.010167,-4.2133455],[120.0100833,-4.2127697],[120.0100712,-4.2126988],[120.010023,-4.2123979],[120.0099251,-4.2118763],[120.0099069,-4.2117876],[120.0097879,-4.2110943],[120.0096808,-4.2106057],[120.0096193,-4.210278],[120.0095844,-4.2098982],[120.0095724,-4.2096801],[120.0095697,-4.2095648]]}},{"type":"Feature","properties":{"segmentId":"osm-gaul2-18188-2123329372-2123329538-0","regionId":"gaul2-18188","province":"Sulawesi Selatan","region":"Wajo","roadName":"Unnamed OSM road","highway":"tertiary","lengthMeters":3396.073,"osmWayIds":["585346842","593681002"],"u":"2123329372","v":"2123329538","key":0,"oneway":false,"source":"OpenStreetMap"},"geometry":{"type":"LineString","coordinates":[[120.1671012,-3.9860516],[120.1672165,-3.9861319],[120.1673064,-3.9861894],[120.1674204,-3.9862309],[120.1676296,-3.9862724],[120.1679783,-3.9862965],[120.168575,-3.9863099],[120.1687896,-3.9863393],[120.1689224,-3.9863594],[120.1691316,-3.9863901],[120.1695165,-3.986445],[120.1697002,-3.9864758],[120.1698679,-3.9865105],[120.1699685,-3.9865212],[120.1701026,-3.98654],[120.1704915,-3.9866283],[120.1706336,-3.9866738],[120.1709703,-3.9867888],[120.1711406,-3.9868611],[120.1712814,-3.9869079],[120.1714799,-3.9869908],[120.1717038,-3.9870831],[120.1719855,-3.9872102],[120.1721665,-3.9872878],[120.1724911,-3.9874176],[120.1729806,-3.987621],[120.1730838,-3.9876745],[120.1731412,-3.9877209],[120.1732139,-3.9878056],[120.1732716,-3.9879126],[120.1733395,-3.9881603],[120.1734151,-3.9883314],[120.1734912,-3.9884832],[120.1736511,-3.9887407],[120.1737799,-3.9889508],[120.1739019,-3.989118],[120.1740629,-3.9893271],[120.1743498,-3.9896946],[120.1745014,-3.9898806],[120.1745912,-3.9899756],[120.1746754,-3.9900486],[120.1747522,-3.9901174],[120.1748273,-3.9901669],[120.1749319,-3.9902057],[120.1750861,-3.9902418],[120.1752913,-3.9902753],[120.1755247,-3.9903047],[120.1758858,-3.9903687],[120.1763239,-3.9904572],[120.1766109,-3.9905254],[120.1768027,-3.9905642],[120.1769462,-3.9905856],[120.1770584,-3.9905986],[120.1773646,-3.990648],[120.1777905,-3.9906859],[120.1780734,-3.9907295],[120.1783155,-3.9908197],[120.1786072,-3.9909186],[120.1788813,-3.9910379],[120.1791263,-3.9912154],[120.1793422,-3.9914075],[120.1796047,-3.9915908],[120.1797882,-3.9917251],[120.179999,-3.9918437],[120.1801112,-3.9918954],[120.1802353,-3.9919251],[120.1803875,-3.9919315],[120.1805299,-3.9919251],[120.1808582,-3.9919088],[120.1810473,-3.991882],[120.1812753,-3.9918459],[120.1814845,-3.9918044],[120.1816387,-3.9917523],[120.1817393,-3.9917135],[120.1818976,-3.9916854],[120.1820961,-3.9916492],[120.1822865,-3.9916051],[120.1824313,-3.991565],[120.1825482,-3.991512],[120.1828283,-3.9913578],[120.1830482,-3.9912278],[120.1832937,-3.9911087],[120.1835378,-3.9910017],[120.1838274,-3.9909054],[120.1841654,-3.9908051],[120.1844135,-3.9907515],[120.1845959,-3.9907462],[120.1847501,-3.9907622],[120.1850036,-3.990793],[120.1852249,-3.9908224],[120.1854716,-3.9908532],[120.1855803,-3.990888],[120.18565,-3.9909107],[120.1857331,-3.9909582],[120.1858968,-3.9910405],[120.1862186,-3.9912285],[120.186684,-3.991474],[120.1869442,-3.9915997],[120.1870461,-3.9916412],[120.1872808,-3.9917429],[120.1876,-3.9918499],[120.1877964,-3.9919088],[120.1880446,-3.9919763],[120.1883215,-3.9920493],[120.1885213,-3.9921068],[120.1886809,-3.9921469],[120.1888163,-3.9921844],[120.1889131,-3.9922006],[120.1890014,-3.9922071],[120.1890794,-3.9922088],[120.1891784,-3.9921871],[120.1893005,-3.9921483],[120.1894487,-3.9921307],[120.1895922,-3.9921346],[120.1897739,-3.9921429],[120.189904,-3.9921563],[120.1901279,-3.9922125],[120.1902795,-3.9922566],[120.1904686,-3.9923249],[120.1906228,-3.992377],[120.1907151,-3.9924052],[120.1908615,-3.992472],[120.1912384,-3.9926754],[120.1914167,-3.9927744],[120.1915508,-3.9928439],[120.1917621,-3.9929338],[120.1920189,-3.9930134],[120.1923514,-3.993089],[120.1928064,-3.9932083],[120.1931564,-3.9933101],[120.1934807,-3.9933884],[120.1938629,-3.9934861],[120.1943551,-3.9936012],[120.1945657,-3.9936533],[120.1949103,-3.9937644]]}},{"type":"Feature","properties":{"segmentId":"osm-gaul2-18188-2123329372-2123329788-0","regionId":"gaul2-18188","province":"Sulawesi Selatan","region":"Wajo","roadName":"Unnamed OSM road","highway":"tertiary","lengthMeters":4257.837,"osmWayIds":["202362109"],"u":"2123329372","v":"2123329788","key":0,"oneway":false,"source":"OpenStreetMap"},"geometry":{"type":"LineString","coordinates":[[120.1671012,-3.9860516],[120.1666747,-3.9863968],[120.1662321,-3.9868116],[120.1658781,-3.9871206],[120.1653564,-3.987621],[120.1649836,-3.9880263],[120.1646228,-3.9883916],[120.1644753,-3.9885588],[120.1642647,-3.9888852],[120.1642084,-3.9889642],[120.1641628,-3.9890324],[120.1641306,-3.9891046],[120.1640341,-3.9896117],[120.1639241,-3.9900813],[120.1638463,-3.9905134],[120.1636894,-3.9910699],[120.1636743,-3.9911894],[120.1636773,-3.9912813],[120.1637327,-3.9914978],[120.1638751,-3.9920078],[120.1639489,-3.9922172],[120.1639791,-3.9923249],[120.1640068,-3.9924405],[120.1641293,-3.9932587],[120.1641856,-3.9937015],[120.164187,-3.9937951],[120.1641843,-3.9940962],[120.1641521,-3.9943276],[120.1640864,-3.994626],[120.1640448,-3.9947972],[120.1639979,-3.9949042],[120.1639456,-3.9949898],[120.1638812,-3.9950768],[120.1638262,-3.9951464],[120.1635765,-3.9953689],[120.1631476,-3.9958193],[120.1628423,-3.996126],[120.1627748,-3.9962153],[120.1627158,-3.9963304],[120.1626661,-3.9964521],[120.1626271,-3.9968652],[120.1624754,-3.997901],[120.1622598,-3.9989338],[120.1621686,-3.9993057],[120.1619849,-3.999984],[120.1618377,-4.0005022],[120.1618011,-4.0006101],[120.1617274,-4.0007613],[120.1616818,-4.0008536],[120.1615919,-4.0010008],[120.1615034,-4.0011306],[120.1614001,-4.0012443],[120.1612057,-4.0015065],[120.1609951,-4.0018209],[120.1607805,-4.0022262],[120.1606049,-4.0025406],[120.1604614,-4.0027707],[120.1603112,-4.0029701],[120.1600563,-4.0032778],[120.1594555,-4.0039239],[120.1592691,-4.0041554],[120.1591323,-4.004352],[120.158954,-4.0047587],[120.1588507,-4.0050571],[120.158671,-4.0057541],[120.1585758,-4.0060524],[120.1585288,-4.0063079],[120.158494,-4.0065327],[120.1584122,-4.0070103],[120.158384,-4.0072297],[120.1583505,-4.0074183],[120.1582821,-4.0076819],[120.1581359,-4.0082652],[120.1580715,-4.0087642],[120.1580393,-4.0089956],[120.1580112,-4.0091093],[120.1579455,-4.0092926],[120.1578878,-4.0094572],[120.1577899,-4.009694],[120.1576518,-4.0098866],[120.1575083,-4.0100819],[120.1573232,-4.0102639],[120.156964,-4.0105657],[120.1567862,-4.0107464],[120.1565094,-4.0111194],[120.1563641,-4.011498],[120.1563506,-4.0118086],[120.1563833,-4.0120827],[120.1564339,-4.0125241],[120.15645,-4.0129166],[120.1564125,-4.0134859],[120.1563859,-4.0139084],[120.1562895,-4.0143823],[120.1562477,-4.0145233],[120.1561748,-4.0148098],[120.1560505,-4.0152333],[120.155825,-4.015982],[120.1556258,-4.0165129],[120.1554414,-4.0170716],[120.1551819,-4.0177873],[120.1549573,-4.0184536],[120.1547473,-4.0190297],[120.1546189,-4.0194342],[120.1544439,-4.0199433],[120.1542889,-4.020456]]}},{"type":"Feature","properties":{"segmentId":"osm-gaul2-18188-2123329372-5593884001-0","regionId":"gaul2-18188","province":"Sulawesi Selatan","region":"Wajo","roadName":"Unnamed OSM road","highway":"tertiary","lengthMeters":3082.46,"osmWayIds":["202362109"],"u":"2123329372","v":"5593884001","key":0,"oneway":false,"source":"OpenStreetMap"},"geometry":{"type":"LineString","coordinates":[[120.1671012,-3.9860516],[120.1673453,-3.9858015],[120.167592,-3.9855874],[120.167871,-3.9853332],[120.1680815,-3.985166],[120.1681861,-3.9850857],[120.1683618,-3.9849519],[120.1684611,-3.9848757],[120.1685978,-3.9847606],[120.1686998,-3.9846482],[120.1687454,-3.9845867],[120.1687829,-3.9845278],[120.1688339,-3.984378],[120.1688969,-3.984172],[120.1689425,-3.983994],[120.1689492,-3.9838763],[120.1689666,-3.9836462],[120.1689693,-3.9831217],[120.1689908,-3.9826348],[120.1690592,-3.982129],[120.1691584,-3.9815136],[120.1692134,-3.9812567],[120.1692858,-3.9807938],[120.1693099,-3.980347],[120.1693824,-3.9798065],[120.1694119,-3.9795469],[120.1694119,-3.979167],[120.1694173,-3.9784793],[120.1693743,-3.977797],[120.1693743,-3.9771361],[120.1693824,-3.9764752],[120.1694334,-3.9761809],[120.1695031,-3.9757822],[120.1695594,-3.9754209],[120.169597,-3.9751427],[120.1695889,-3.974859],[120.1695111,-3.9745005],[120.1694575,-3.9741821],[120.1694038,-3.9738797],[120.1690873,-3.9727479],[120.1690337,-3.9724187],[120.1689935,-3.9721324],[120.1689157,-3.9715839],[120.168862,-3.9711959],[120.1688164,-3.9708293],[120.1688459,-3.9704815],[120.1688862,-3.9702326],[120.1689237,-3.9699169],[120.1689479,-3.9697135],[120.1689693,-3.9695369],[120.1689452,-3.9693122],[120.168862,-3.9689483],[120.1686609,-3.9681268],[120.1686072,-3.9678111],[120.1685885,-3.9675435],[120.1685214,-3.9669628],[120.1685187,-3.9666257],[120.1685455,-3.966243],[120.1685965,-3.9659915],[120.168626,-3.9655286],[120.1686877,-3.9651513],[120.1687306,-3.9649854],[120.1688084,-3.9646028],[120.1688567,-3.9643432],[120.168905,-3.9642121],[120.1690015,-3.964089],[120.1692376,-3.9639312],[120.1698317,-3.9635405],[120.1700234,-3.9634081],[120.1703507,-3.9631592],[120.1706994,-3.9628943],[120.1708817,-3.9627445],[120.1710561,-3.9626013],[120.1714799,-3.9622267],[120.1716676,-3.9620367],[120.1717924,-3.9618962],[120.1718782,-3.9617919],[120.1721518,-3.9614347],[120.1724871,-3.9609477]]}},{"type":"Feature","properties":{"segmentId":"osm-gaul2-18188-2123329538-2123329372-0","regionId":"gaul2-18188","province":"Sulawesi Selatan","region":"Wajo","roadName":"Unnamed OSM road","highway":"tertiary","lengthMeters":3396.073,"osmWayIds":["585346842","593681002"],"u":"2123329538","v":"2123329372","key":0,"oneway":false,"source":"OpenStreetMap"},"geometry":{"type":"LineString","coordinates":[[120.1949103,-3.9937644],[120.1945657,-3.9936533],[120.1943551,-3.9936012],[120.1938629,-3.9934861],[120.1934807,-3.9933884],[120.1931564,-3.9933101],[120.1928064,-3.9932083],[120.1923514,-3.993089],[120.1920189,-3.9930134],[120.1917621,-3.9929338],[120.1915508,-3.9928439],[120.1914167,-3.9927744],[120.1912384,-3.9926754],[120.1908615,-3.992472],[120.1907151,-3.9924052],[120.1906228,-3.992377],[120.1904686,-3.9923249],[120.1902795,-3.9922566],[120.1901279,-3.9922125],[120.189904,-3.9921563],[120.1897739,-3.9921429],[120.1895922,-3.9921346],[120.1894487,-3.9921307],[120.1893005,-3.9921483],[120.1891784,-3.9921871],[120.1890794,-3.9922088],[120.1890014,-3.9922071],[120.1889131,-3.9922006],[120.1888163,-3.9921844],[120.1886809,-3.9921469],[120.1885213,-3.9921068],[120.1883215,-3.9920493],[120.1880446,-3.9919763],[120.1877964,-3.9919088],[120.1876,-3.9918499],[120.1872808,-3.9917429],[120.1870461,-3.9916412],[120.1869442,-3.9915997],[120.186684,-3.991474],[120.1862186,-3.9912285],[120.1858968,-3.9910405],[120.1857331,-3.9909582],[120.18565,-3.9909107],[120.1855803,-3.990888],[120.1854716,-3.9908532],[120.1852249,-3.9908224],[120.1850036,-3.990793],[120.1847501,-3.9907622],[120.1845959,-3.9907462],[120.1844135,-3.9907515],[120.1841654,-3.9908051],[120.1838274,-3.9909054],[120.1835378,-3.9910017],[120.1832937,-3.9911087],[120.1830482,-3.9912278],[120.1828283,-3.9913578],[120.1825482,-3.991512],[120.1824313,-3.991565],[120.1822865,-3.9916051],[120.1820961,-3.9916492],[120.1818976,-3.9916854],[120.1817393,-3.9917135],[120.1816387,-3.9917523],[120.1814845,-3.9918044],[120.1812753,-3.9918459],[120.1810473,-3.991882],[120.1808582,-3.9919088],[120.1805299,-3.9919251],[120.1803875,-3.9919315],[120.1802353,-3.9919251],[120.1801112,-3.9918954],[120.179999,-3.9918437],[120.1797882,-3.9917251],[120.1796047,-3.9915908],[120.1793422,-3.9914075],[120.1791263,-3.9912154],[120.1788813,-3.9910379],[120.1786072,-3.9909186],[120.1783155,-3.9908197],[120.1780734,-3.9907295],[120.1777905,-3.9906859],[120.1773646,-3.990648],[120.1770584,-3.9905986],[120.1769462,-3.9905856],[120.1768027,-3.9905642],[120.1766109,-3.9905254],[120.1763239,-3.9904572],[120.1758858,-3.9903687],[120.1755247,-3.9903047],[120.1752913,-3.9902753],[120.1750861,-3.9902418],[120.1749319,-3.9902057],[120.1748273,-3.9901669],[120.1747522,-3.9901174],[120.1746754,-3.9900486],[120.1745912,-3.9899756],[120.1745014,-3.9898806],[120.1743498,-3.9896946],[120.1740629,-3.9893271],[120.1739019,-3.989118],[120.1737799,-3.9889508],[120.1736511,-3.9887407],[120.1734912,-3.9884832],[120.1734151,-3.9883314],[120.1733395,-3.9881603],[120.1732716,-3.9879126],[120.1732139,-3.9878056],[120.1731412,-3.9877209],[120.1730838,-3.9876745],[120.1729806,-3.987621],[120.1724911,-3.9874176],[120.1721665,-3.9872878],[120.1719855,-3.9872102],[120.1717038,-3.9870831],[120.1714799,-3.9869908],[120.1712814,-3.9869079],[120.1711406,-3.9868611],[120.1709703,-3.9867888],[120.1706336,-3.9866738],[120.1704915,-3.9866283],[120.1701026,-3.98654],[120.1699685,-3.9865212],[120.1698679,-3.9865105],[120.1697002,-3.9864758],[120.1695165,-3.986445],[120.1691316,-3.9863901],[120.1689224,-3.9863594],[120.1687896,-3.9863393],[120.168575,-3.9863099],[120.1679783,-3.9862965],[120.1676296,-3.9862724],[120.1674204,-3.9862309],[120.1673064,-3.9861894],[120.1672165,-3.9861319],[120.1671012,-3.9860516]]}},{"type":"Feature","properties":{"segmentId":"osm-gaul2-18188-2123329538-5595886274-0","regionId":"gaul2-18188","province":"Sulawesi Selatan","region":"Wajo","roadName":"Jalan Poros Sengkang - Tarumpakkae","highway":"trunk","lengthMeters":2718.037,"osmWayIds":["593572248"],"u":"2123329538","v":"5595886274","key":0,"oneway":false,"source":"OpenStreetMap"},"geometry":{"type":"LineString","coordinates":[[120.1949103,-3.9937644],[120.1952992,-3.9927663],[120.1954387,-3.9924372],[120.1954655,-3.992377],[120.1955983,-3.9919984],[120.1957096,-3.9917308],[120.1958075,-3.991482],[120.1959229,-3.9912051],[120.1960435,-3.9909375],[120.1961173,-3.9907221],[120.1962045,-3.9904786],[120.1962849,-3.9902525],[120.1964432,-3.9898124],[120.1965746,-3.9894966],[120.1966202,-3.9893923],[120.1966594,-3.9893141],[120.1967235,-3.9891862],[120.1968871,-3.9887782],[120.1970333,-3.988239],[120.1970628,-3.9880464],[120.1970789,-3.9879755],[120.1971929,-3.9875367],[120.1972546,-3.9873253],[120.197437,-3.986643],[120.1975402,-3.9862389],[120.197681,-3.9856891],[120.1977159,-3.9855459],[120.1978675,-3.9849225],[120.1979479,-3.9845305],[120.1979828,-3.9843873],[120.1982765,-3.9832569],[120.1983932,-3.9826709],[120.1984388,-3.9823377],[120.1984884,-3.9819564],[120.1985045,-3.9816086],[120.1985367,-3.9804513],[120.198538,-3.9796339],[120.1985246,-3.9790814],[120.1985259,-3.9783522],[120.1985514,-3.9780873],[120.1985528,-3.9779067],[120.198597,-3.9777769],[120.1986185,-3.9777034],[120.1986386,-3.9775896],[120.1986453,-3.9774719],[120.1986749,-3.977171],[120.1987005,-3.977033],[120.1987512,-3.976799],[120.1987848,-3.976613],[120.1989747,-3.9757953],[120.1991507,-3.9750708],[120.1992903,-3.9744481],[120.1994809,-3.9736916],[120.1996203,-3.9731104],[120.1996458,-3.9730128],[120.1996578,-3.9729124],[120.1996618,-3.9727398],[120.1996726,-3.9726221],[120.199707,-3.9721352],[120.1997759,-3.9711475],[120.1998134,-3.9707852],[120.1998678,-3.9704262],[120.1998925,-3.9703236],[120.1999242,-3.970233],[120.2000159,-3.9700594]]}},{"type":"Feature","properties":{"segmentId":"osm-gaul2-18188-2123329538-5601101388-0","regionId":"gaul2-18188","province":"Sulawesi Selatan","region":"Wajo","roadName":"Jalan Poros Sengkang - Tarumpakkae","highway":"trunk","lengthMeters":3356.469,"osmWayIds":["586152160","593572248","750637210"],"u":"2123329538","v":"5601101388","key":0,"oneway":false,"source":"OpenStreetMap"},"geometry":{"type":"LineString","coordinates":[[120.1949103,-3.9937644],[120.1948138,-3.9939691],[120.1946837,-3.9942674],[120.1944745,-3.994654],[120.1943229,-3.9949698],[120.1942049,-3.9951878],[120.1940466,-3.9955517],[120.1937905,-3.9961471],[120.1936765,-3.9964334],[120.1935464,-3.9967692],[120.1933412,-3.9973632],[120.1932849,-3.9975023],[120.1932272,-3.9976495],[120.1931468,-3.9978234],[120.1929617,-3.9982194],[120.1927967,-3.9985927],[120.1927418,-3.9986957],[120.1925446,-3.9991184],[120.1924722,-3.9992723],[120.1922804,-3.9997044],[120.1921892,-3.999869],[120.1921007,-4.0000362],[120.1915976,-4.0009057],[120.1913349,-4.001358],[120.1912245,-4.001562],[120.19071,-4.0025005],[120.1904833,-4.0028777],[120.1902272,-4.0033433],[120.1896605,-4.0043232],[120.1889344,-4.0055895],[120.1881056,-4.0070558],[120.1879272,-4.0073769],[120.1877019,-4.0077274],[120.1876228,-4.0078665],[120.1875383,-4.0079816],[120.1874055,-4.0081541],[120.1865539,-4.009108],[120.1858002,-4.0098987],[120.1856513,-4.0100579],[120.1854877,-4.0102331],[120.1851726,-4.0105515],[120.1849821,-4.0107522],[120.1847702,-4.010989],[120.1845155,-4.0112817],[120.1835988,-4.0122415],[120.1834948,-4.0123763],[120.183401,-4.0125235],[120.1833436,-4.0126186],[120.1828122,-4.0136446],[120.1822329,-4.0146519],[120.1817527,-4.0154479],[120.1814885,-4.015868],[120.1810581,-4.0166607],[120.1809977,-4.0167623],[120.1808508,-4.0170673],[120.1806441,-4.0174126],[120.1804753,-4.0176794],[120.180178,-4.018094],[120.1800715,-4.018228],[120.1799058,-4.0184233],[120.1797535,-4.0186186],[120.1793526,-4.0191042],[120.1791876,-4.0193145]]}},{"type":"Feature","properties":{"segmentId":"osm-gaul2-18188-2123329751-2123329810-0","regionId":"gaul2-18188","province":"Sulawesi Selatan","region":"Wajo","roadName":"Jalan Poros Sengkang - Tarumpakkae","highway":"trunk","lengthMeters":301.011,"osmWayIds":["586152160"],"u":"2123329751","v":"2123329810","key":0,"oneway":false,"source":"OpenStreetMap"},"geometry":{"type":"LineString","coordinates":[[120.179056,-4.0194691],[120.1787755,-4.0197838],[120.1785036,-4.0201026],[120.1782891,-4.0203361],[120.1778,-4.020927],[120.1775283,-4.0211885],[120.1773881,-4.0212861],[120.1772704,-4.0213412],[120.1771688,-4.0213771]]}},{"type":"Feature","properties":{"segmentId":"osm-gaul2-18188-2123329751-5601101388-0","regionId":"gaul2-18188","province":"Sulawesi Selatan","region":"Wajo","roadName":"Jalan Poros Sengkang - Tarumpakkae","highway":"trunk","lengthMeters":22.552,"osmWayIds":["586152160"],"u":"2123329751","v":"5601101388","key":0,"oneway":false,"source":"OpenStreetMap"},"geometry":{"type":"LineString","coordinates":[[120.179056,-4.0194691],[120.1791876,-4.0193145]]}},{"type":"Feature","properties":{"segmentId":"osm-gaul2-18188-2123329788-2123329372-0","regionId":"gaul2-18188","province":"Sulawesi Selatan","region":"Wajo","roadName":"Unnamed OSM road","highway":"tertiary","lengthMeters":4257.837,"osmWayIds":["202362109"],"u":"2123329788","v":"2123329372","key":0,"oneway":false,"source":"OpenStreetMap"},"geometry":{"type":"LineString","coordinates":[[120.1542889,-4.020456],[120.1544439,-4.0199433],[120.1546189,-4.0194342],[120.1547473,-4.0190297],[120.1549573,-4.0184536],[120.1551819,-4.0177873],[120.1554414,-4.0170716],[120.1556258,-4.0165129],[120.155825,-4.015982],[120.1560505,-4.0152333],[120.1561748,-4.0148098],[120.1562477,-4.0145233],[120.1562895,-4.0143823],[120.1563859,-4.0139084],[120.1564125,-4.0134859],[120.15645,-4.0129166],[120.1564339,-4.0125241],[120.1563833,-4.0120827],[120.1563506,-4.0118086],[120.1563641,-4.011498],[120.1565094,-4.0111194],[120.1567862,-4.0107464],[120.156964,-4.0105657],[120.1573232,-4.0102639],[120.1575083,-4.0100819],[120.1576518,-4.0098866],[120.1577899,-4.009694],[120.1578878,-4.0094572],[120.1579455,-4.0092926],[120.1580112,-4.0091093],[120.1580393,-4.0089956],[120.1580715,-4.0087642],[120.1581359,-4.0082652],[120.1582821,-4.0076819],[120.1583505,-4.0074183],[120.158384,-4.0072297],[120.1584122,-4.0070103],[120.158494,-4.0065327],[120.1585288,-4.0063079],[120.1585758,-4.0060524],[120.158671,-4.0057541],[120.1588507,-4.0050571],[120.158954,-4.0047587],[120.1591323,-4.004352],[120.1592691,-4.0041554],[120.1594555,-4.0039239],[120.1600563,-4.0032778],[120.1603112,-4.0029701],[120.1604614,-4.0027707],[120.1606049,-4.0025406],[120.1607805,-4.0022262],[120.1609951,-4.0018209],[120.1612057,-4.0015065],[120.1614001,-4.0012443],[120.1615034,-4.0011306],[120.1615919,-4.0010008],[120.1616818,-4.0008536],[120.1617274,-4.0007613],[120.1618011,-4.0006101],[120.1618377,-4.0005022],[120.1619849,-3.999984],[120.1621686,-3.9993057],[120.1622598,-3.9989338],[120.1624754,-3.997901],[120.1626271,-3.9968652],[120.1626661,-3.9964521],[120.1627158,-3.9963304],[120.1627748,-3.9962153],[120.1628423,-3.996126],[120.1631476,-3.9958193],[120.1635765,-3.9953689],[120.1638262,-3.9951464],[120.1638812,-3.9950768],[120.1639456,-3.9949898],[120.1639979,-3.9949042],[120.1640448,-3.9947972],[120.1640864,-3.994626],[120.1641521,-3.9943276],[120.1641843,-3.9940962],[120.164187,-3.9937951],[120.1641856,-3.9937015],[120.1641293,-3.9932587],[120.1640068,-3.9924405],[120.1639791,-3.9923249],[120.1639489,-3.9922172],[120.1638751,-3.9920078],[120.1637327,-3.9914978],[120.1636773,-3.9912813],[120.1636743,-3.9911894],[120.1636894,-3.9910699],[120.1638463,-3.9905134],[120.1639241,-3.9900813],[120.1640341,-3.9896117],[120.1641306,-3.9891046],[120.1641628,-3.9890324],[120.1642084,-3.9889642],[120.1642647,-3.9888852],[120.1644753,-3.9885588],[120.1646228,-3.9883916],[120.1649836,-3.9880263],[120.1653564,-3.987621],[120.1658781,-3.9871206],[120.1662321,-3.9868116],[120.1666747,-3.9863968],[120.1671012,-3.9860516]]}},{"type":"Feature","properties":{"segmentId":"osm-gaul2-18188-2123329788-2123329810-0","regionId":"gaul2-18188","province":"Sulawesi Selatan","region":"Wajo","roadName":"Jalan Poros Sengkang - Tarumpakkae","highway":"trunk","lengthMeters":2761.887,"osmWayIds":["201900014","586152160","586152172"],"u":"2123329788","v":"2123329810","key":0,"oneway":false,"source":"OpenStreetMap"},"geometry":{"type":"LineString","coordinates":[[120.1542889,-4.020456],[120.1547163,-4.020371],[120.1552176,-4.0202707],[120.1558214,-4.0201628],[120.1569713,-4.0199559],[120.1572797,-4.0199095],[120.1575136,-4.0198747],[120.1577612,-4.0198647],[120.1579035,-4.0198692],[120.1579622,-4.0198718],[120.1583235,-4.0198848],[120.1586461,-4.0199002],[120.1590519,-4.0199323],[120.1593121,-4.0199699],[120.1596996,-4.0200353],[120.1601294,-4.0201197],[120.1606917,-4.0202325],[120.1615202,-4.0203931],[120.1620873,-4.0205149],[120.1623376,-4.0205804],[120.1625508,-4.0206533],[120.1629263,-4.0208333],[120.16311,-4.0209162],[120.1632566,-4.020953],[120.1633756,-4.0209697],[120.1635311,-4.0209644],[120.163847,-4.0209222],[120.1642466,-4.0208493],[120.1646712,-4.0207564],[120.1649326,-4.0206774],[120.1653245,-4.0205353],[120.1655053,-4.020442],[120.1657051,-4.0203216],[120.1658701,-4.0201911],[120.1659787,-4.0200647],[120.1660652,-4.0199383],[120.1662824,-4.0195456],[120.1664219,-4.0193088],[120.1664762,-4.0192393],[120.1665359,-4.0191878],[120.1668014,-4.0189978],[120.1673044,-4.0186333],[120.1675169,-4.0185075],[120.1677449,-4.0183891],[120.1679709,-4.0182814],[120.1681332,-4.0182145],[120.1682827,-4.0181817],[120.1684235,-4.0181684],[120.168685,-4.018157],[120.1690601,-4.0181951],[120.1691637,-4.018208],[120.1692979,-4.0182386],[120.1694012,-4.0182747],[120.169544,-4.0183399],[120.1697452,-4.0184794],[120.1699752,-4.0186506],[120.1702722,-4.0188908],[120.1706139,-4.0192226],[120.171042,-4.0195734],[120.1712023,-4.0196787],[120.171331,-4.0197724],[120.1714571,-4.0198473],[120.1715955,-4.019898],[120.1717038,-4.0199202],[120.1717964,-4.0199309],[120.1721026,-4.0199344],[120.1723422,-4.0199336],[120.1725286,-4.0199349],[120.1726238,-4.019939],[120.1727184,-4.0199483],[120.1729538,-4.0199945],[120.1737877,-4.0201745],[120.1744826,-4.0203324],[120.1750177,-4.020456],[120.1751384,-4.0204928],[120.1752336,-4.0205303],[120.1753215,-4.0205693],[120.176106,-4.0209844],[120.1764366,-4.0211644],[120.1768168,-4.0213162],[120.1769407,-4.0213537],[120.1770173,-4.0213684],[120.1771688,-4.0213771]]}},{"type":"Feature","properties":{"segmentId":"osm-gaul2-18188-2123329788-2518202511-0","regionId":"gaul2-18188","province":"Sulawesi Selatan","region":"Wajo","roadName":"Jalan Poros Sengkang - Tarumpakkae","highway":"trunk","lengthMeters":8831.676,"osmWayIds":["201900014"],"u":"2123329788","v":"2518202511","key":0,"oneway":false,"source":"OpenStreetMap"},"geometry":{"type":"LineString","coordinates":[[120.1542889,-4.020456],[120.1538511,-4.0205737],[120.1533689,-4.0207055],[120.1531054,-4.0207951],[120.1526528,-4.0210701],[120.1517385,-4.0216367],[120.1512051,-4.0219483],[120.1510119,-4.0220139],[120.1508564,-4.0220554],[120.1504904,-4.0221175],[120.1501547,-4.0221976],[120.1498259,-4.0222911],[120.1496153,-4.0224049],[120.1494507,-4.0225175],[120.1489489,-4.0229814],[120.1488086,-4.0230829],[120.1485668,-4.0231525],[120.1481366,-4.0232674],[120.1478332,-4.0233198],[120.1475009,-4.0233104],[120.1470235,-4.0233182],[120.1467982,-4.0233343],[120.1465942,-4.0233743],[120.1462784,-4.0234739],[120.146015,-4.0236099],[120.1457602,-4.0237647],[120.1456153,-4.0238454],[120.1454952,-4.0238976],[120.1453307,-4.0239501],[120.1451056,-4.0240034],[120.1450106,-4.0240246],[120.1446363,-4.0241423],[120.1442609,-4.0242968],[120.1436796,-4.0245531],[120.1425221,-4.0251162],[120.1423363,-4.0252306],[120.1421875,-4.0253537],[120.1420782,-4.0255009],[120.1419729,-4.0256661],[120.1418871,-4.0259256],[120.1418066,-4.0261597],[120.1416859,-4.0264868],[120.141535,-4.0267871],[120.1413459,-4.0270132],[120.1411716,-4.0271457],[120.1409456,-4.0272761],[120.1407592,-4.0273651],[120.1407126,-4.0273875],[120.140383,-4.027454],[120.1401436,-4.0274734],[120.139921,-4.0274895],[120.1396488,-4.0274895],[120.1393738,-4.027448],[120.139225,-4.0274079],[120.1389058,-4.0272808],[120.1386215,-4.0271243],[120.1380515,-4.0267992],[120.1378906,-4.0266962],[120.1377511,-4.0265517],[120.1376344,-4.0263858],[120.1375741,-4.0262534],[120.1374735,-4.0260166],[120.1374165,-4.0257818],[120.1373796,-4.0254895],[120.1373528,-4.0251611],[120.1373333,-4.0250534],[120.1373059,-4.024955],[120.1372495,-4.0248373],[120.1370658,-4.0245885],[120.1367761,-4.024254],[120.1364207,-4.0238674],[120.1360948,-4.0235082],[120.1358668,-4.0233008],[120.1357341,-4.0232172],[120.1355336,-4.0231156],[120.1353539,-4.02305],[120.1351487,-4.0230059],[120.1350005,-4.0229804],[120.1348885,-4.0229664],[120.1347966,-4.0229677],[120.1344506,-4.0229958],[120.1341871,-4.0230386],[120.1334243,-4.023161],[120.1330579,-4.0232366],[120.1328728,-4.0232995],[120.1327213,-4.0233524],[120.1325215,-4.0234273],[120.1323404,-4.0234922],[120.1322204,-4.023553],[120.1321218,-4.0236186],[120.1320481,-4.0236768],[120.1319669,-4.0237524],[120.131869,-4.0238514],[120.1317792,-4.0239557],[120.1316839,-4.0240687],[120.131572,-4.0242293],[120.1314596,-4.024406],[120.13135,-4.0246347],[120.1312756,-4.0247999],[120.1312267,-4.0249397],[120.1311683,-4.0251417],[120.1311421,-4.0252801],[120.1311274,-4.0254152],[120.1311354,-4.0256828],[120.1311542,-4.0259457],[120.1311488,-4.0261129],[120.1311381,-4.0262059],[120.1311234,-4.0262614],[120.1310979,-4.026335],[120.1310722,-4.0263921],[120.1309604,-4.0265691],[120.1308163,-4.0267443],[120.1306392,-4.0269102],[120.1304689,-4.0270413],[120.1304065,-4.0270774],[120.1303455,-4.0271082],[120.1301421,-4.0271812],[120.12997,-4.0272293],[120.1296776,-4.0272915],[120.1293084,-4.0273823],[120.1290366,-4.0274399],[120.1287831,-4.0275029],[120.1284982,-4.0276199],[120.1283801,-4.0276741],[120.1281656,-4.0277885],[120.1278256,-4.0279945],[120.1275332,-4.0281651],[120.1271021,-4.0284239],[120.126913,-4.0285537],[120.1267648,-4.0286828],[120.1266367,-4.0287938],[120.126555,-4.028888],[120.1265207,-4.028945],[120.1264744,-4.0290233],[120.1264228,-4.0291597],[120.1264114,-4.0292186],[120.1263993,-4.0292748],[120.1263866,-4.0293798],[120.1263839,-4.0295845],[120.1263718,-4.0297811],[120.1263504,-4.0299055],[120.1263034,-4.0300574],[120.1262511,-4.0301691],[120.1261847,-4.0302875],[120.1260459,-4.0305182],[120.125708,-4.0309972],[120.1254766,-4.0313236],[120.1253432,-4.0314761],[120.1252473,-4.0315657],[120.1251286,-4.0316507],[120.1249811,-4.0317497],[120.1241942,-4.0321978],[120.1239116,-4.0323617],[120.1236722,-4.0325035],[120.1231492,-4.0328032],[120.1228823,-4.0329584],[120.1227629,-4.033044],[120.1226377,-4.0331448],[120.1223579,-4.0334052],[120.1219614,-4.0337891],[120.1212475,-4.034545],[120.1211053,-4.0346895],[120.1209543,-4.0348015],[120.1207755,-4.0348876],[120.1204176,-4.0349836],[120.1200941,-4.0350386],[120.1198044,-4.0350694],[120.1196308,-4.0350647],[120.1195007,-4.0350513],[120.1193371,-4.0350212],[120.1192338,-4.0349878],[120.1191252,-4.0349423],[120.118973,-4.0348614],[120.1187503,-4.0347242],[120.1181428,-4.0343456],[120.1176164,-4.0340059],[120.1171973,-4.0337503],[120.1170444,-4.0336661],[120.1168111,-4.0335423],[120.1166046,-4.0334487],[120.1157986,-4.0331457],[120.1148464,-4.0328059],[120.1145992,-4.0327024],[120.114092,-4.0324901],[120.1138012,-4.0323817],[120.1137165,-4.0323544],[120.1136307,-4.0323363],[120.1134222,-4.0323043],[120.1132759,-4.0323035],[120.1131358,-4.0323082],[120.1128361,-4.032335],[120.1122272,-4.0323992],[120.1116959,-4.0324495],[120.1107627,-4.032541],[120.1099715,-4.0326273],[120.1093116,-4.0327276],[120.1091688,-4.0327584],[120.109038,-4.0327925],[120.1088543,-4.0328707],[120.1087115,-4.0329477],[120.1085486,-4.0330433],[120.1080088,-4.0333978],[120.1076011,-4.0336507],[120.1073987,-4.0337559],[120.1072074,-4.0338226],[120.1071183,-4.033836],[120.1070204,-4.0338426],[120.1068704,-4.033838],[120.1066442,-4.0338105],[120.1064658,-4.0337798],[120.1063116,-4.0337704],[120.1061709,-4.033776],[120.1060367,-4.0338091],[120.1058218,-4.0338933],[120.104894,-4.0342453],[120.1038614,-4.0346173],[120.1030996,-4.0348741],[120.1024763,-4.0350901],[120.1020616,-4.0352219],[120.1018578,-4.0353062],[120.1016723,-4.0354025],[120.101379,-4.0355885],[120.1011169,-4.0358281],[120.1009686,-4.0360205],[120.100869,-4.0362239],[120.1007983,-4.0365088],[120.1006807,-4.0370416],[120.1002366,-4.0386959],[120.1001438,-4.0389717],[120.1000278,-4.0391981],[120.0999239,-4.039361],[120.0997777,-4.0395335],[120.099576,-4.0397463],[120.0982402,-4.0409414],[120.0977379,-4.0413757],[120.0972484,-4.0418265],[120.0969226,-4.0420981],[120.0966355,-4.0423375],[120.0962307,-4.0426875],[120.0955802,-4.0432953],[120.0946568,-4.0441002],[120.0944605,-4.0442732],[120.0937554,-4.0449155],[120.0934523,-4.0451858],[120.0931138,-4.0454933],[120.0928133,-4.045817],[120.0925143,-4.0461568],[120.0922477,-4.0464916],[120.0920945,-4.046714]]}},{"type":"Feature","properties":{"segmentId":"osm-gaul2-18188-2123329810-2123329751-0","regionId":"gaul2-18188","province":"Sulawesi Selatan","region":"Wajo","roadName":"Jalan Poros Sengkang - Tarumpakkae","highway":"trunk","lengthMeters":301.011,"osmWayIds":["586152160"],"u":"2123329810","v":"2123329751","key":0,"oneway":false,"source":"OpenStreetMap"},"geometry":{"type":"LineString","coordinates":[[120.1771688,-4.0213771],[120.1772704,-4.0213412],[120.1773881,-4.0212861],[120.1775283,-4.0211885],[120.1778,-4.020927],[120.1782891,-4.0203361],[120.1785036,-4.0201026],[120.1787755,-4.0197838],[120.179056,-4.0194691]]}},{"type":"Feature","properties":{"segmentId":"osm-gaul2-18188-2123329810-2123329788-0","regionId":"gaul2-18188","province":"Sulawesi Selatan","region":"Wajo","roadName":"Jalan Poros Sengkang - Tarumpakkae","highway":"trunk","lengthMeters":2761.887,"osmWayIds":["201900014","586152160","586152172"],"u":"2123329810","v":"2123329788","key":0,"oneway":false,"source":"OpenStreetMap"},"geometry":{"type":"LineString","coordinates":[[120.1771688,-4.0213771],[120.1770173,-4.0213684],[120.1769407,-4.0213537],[120.1768168,-4.0213162],[120.1764366,-4.0211644],[120.176106,-4.0209844],[120.1753215,-4.0205693],[120.1752336,-4.0205303],[120.1751384,-4.0204928],[120.1750177,-4.020456],[120.1744826,-4.0203324],[120.1737877,-4.0201745],[120.1729538,-4.0199945],[120.1727184,-4.0199483],[120.1726238,-4.019939],[120.1725286,-4.0199349],[120.1723422,-4.0199336],[120.1721026,-4.0199344],[120.1717964,-4.0199309],[120.1717038,-4.0199202],[120.1715955,-4.019898],[120.1714571,-4.0198473],[120.171331,-4.0197724],[120.1712023,-4.0196787],[120.171042,-4.0195734],[120.1706139,-4.0192226],[120.1702722,-4.0188908],[120.1699752,-4.0186506],[120.1697452,-4.0184794],[120.169544,-4.0183399],[120.1694012,-4.0182747],[120.1692979,-4.0182386],[120.1691637,-4.018208],[120.1690601,-4.0181951],[120.168685,-4.018157],[120.1684235,-4.0181684],[120.1682827,-4.0181817],[120.1681332,-4.0182145],[120.1679709,-4.0182814],[120.1677449,-4.0183891],[120.1675169,-4.0185075],[120.1673044,-4.0186333],[120.1668014,-4.0189978],[120.1665359,-4.0191878],[120.1664762,-4.0192393],[120.1664219,-4.0193088],[120.1662824,-4.0195456],[120.1660652,-4.0199383],[120.1659787,-4.0200647],[120.1658701,-4.0201911],[120.1657051,-4.0203216],[120.1655053,-4.020442],[120.1653245,-4.0205353],[120.1649326,-4.0206774],[120.1646712,-4.0207564],[120.1642466,-4.0208493],[120.163847,-4.0209222],[120.1635311,-4.0209644],[120.1633756,-4.0209697],[120.1632566,-4.020953],[120.16311,-4.0209162],[120.1629263,-4.0208333],[120.1625508,-4.0206533],[120.1623376,-4.0205804],[120.1620873,-4.0205149],[120.1615202,-4.0203931],[120.1606917,-4.0202325],[120.1601294,-4.0201197],[120.1596996,-4.0200353],[120.1593121,-4.0199699],[120.1590519,-4.0199323],[120.1586461,-4.0199002],[120.1583235,-4.0198848],[120.1579622,-4.0198718],[120.1579035,-4.0198692],[120.1577612,-4.0198647],[120.1575136,-4.0198747],[120.1572797,-4.0199095],[120.1569713,-4.0199559],[120.1558214,-4.0201628],[120.1552176,-4.0202707],[120.1547163,-4.020371],[120.1542889,-4.020456]]}},{"type":"Feature","properties":{"segmentId":"osm-gaul2-18188-2123329810-6807658388-0","regionId":"gaul2-18188","province":"Sulawesi Selatan","region":"Wajo","roadName":"Unnamed OSM road","highway":"secondary","lengthMeters":15414.38,"osmWayIds":["222198106","726104209"],"u":"2123329810","v":"6807658388","key":0,"oneway":false,"source":"OpenStreetMap"},"geometry":{"type":"LineString","coordinates":[[120.1771688,-4.0213771],[120.1769891,-4.0217717],[120.1767571,-4.022359],[120.176676,-4.0226388],[120.1765891,-4.0230112],[120.1765291,-4.0233423],[120.1764629,-4.0236761],[120.1763776,-4.0241062],[120.1763506,-4.0242734],[120.1762703,-4.0247711],[120.1761496,-4.0253276],[120.1760906,-4.0256915],[120.1760529,-4.0259831],[120.1760222,-4.0261892],[120.1759431,-4.0270601],[120.1759028,-4.0275724],[120.1758505,-4.0281584],[120.1757862,-4.0287871],[120.1757341,-4.0289756],[120.1757285,-4.0289958],[120.1756348,-4.0292249],[120.1755944,-4.0293236],[120.1754174,-4.0296928],[120.1751599,-4.0303243],[120.1749587,-4.0307965],[120.1747361,-4.0314386],[120.1746824,-4.0315758],[120.174551,-4.0318587],[120.1744558,-4.0319918],[120.1743093,-4.0321656],[120.1741015,-4.0323526],[120.1733983,-4.032858],[120.1724052,-4.0335457],[120.1721907,-4.0337396],[120.1720458,-4.0339135],[120.1719466,-4.0340741],[120.1718527,-4.0342788],[120.1716743,-4.0348647],[120.1715293,-4.0353402],[120.1714329,-4.0357891],[120.1713498,-4.0361597],[120.171285,-4.0364817],[120.1712251,-4.0367791],[120.1711594,-4.0370038],[120.1710735,-4.0371701],[120.1707476,-4.0378038],[120.1706162,-4.0381356],[120.1704482,-4.0386097],[120.1702977,-4.0390336],[120.1702521,-4.0391455],[120.1701415,-4.0394412],[120.1700342,-4.0397369],[120.1698652,-4.0403389],[120.1697767,-4.0406212],[120.1696638,-4.0408759],[120.169487,-4.0412446],[120.1693609,-4.0414078],[120.1692335,-4.0415014],[120.1691131,-4.0415816],[120.1687371,-4.0417776],[120.1683904,-4.0420492],[120.1683229,-4.0421302],[120.1682715,-4.0422447],[120.1682599,-4.0423502],[120.1682668,-4.0424338],[120.1682957,-4.0425362],[120.1683457,-4.0426786],[120.1684691,-4.0429944],[120.1685582,-4.0433537],[120.1686221,-4.0436683],[120.1686823,-4.0439803],[120.1687306,-4.044205],[120.1687802,-4.0443319],[120.1689506,-4.044688],[120.1690659,-4.0449676],[120.1692201,-4.0453676],[120.1693341,-4.0457194],[120.1694937,-4.0462946],[120.1696144,-4.0467535],[120.1696627,-4.0469876],[120.1697391,-4.0475856],[120.1697807,-4.0477702],[120.169829,-4.0479227],[120.1699524,-4.0481768],[120.1701857,-4.048617],[120.1704191,-4.0490344],[120.1705304,-4.0492551],[120.1708254,-4.0498129],[120.1711714,-4.0503761],[120.171264,-4.0505072],[120.1714182,-4.0506918],[120.1715429,-4.0508256],[120.1717441,-4.0510009],[120.1720391,-4.0511948],[120.1722872,-4.0513273],[120.1724964,-4.0514062],[120.1727835,-4.0515012],[120.1730517,-4.0515828],[120.1734138,-4.0516684],[120.174433,-4.051837],[120.1748246,-4.0519145],[120.1751612,-4.0519961],[120.1754536,-4.0520884],[120.1757124,-4.0521781],[120.1759592,-4.0522891],[120.1762649,-4.052463],[120.1766163,-4.0526851],[120.1770133,-4.0529419],[120.1775157,-4.0532282],[120.1780379,-4.0535573],[120.1785421,-4.0538998],[120.1792127,-4.0543493],[120.18013,-4.0549271],[120.1803071,-4.0550342],[120.1804237,-4.0551225],[120.1805162,-4.0552148],[120.1806209,-4.0553579],[120.1808495,-4.0557157],[120.1811559,-4.0562194],[120.1814806,-4.0567222],[120.181633,-4.0570097],[120.1816642,-4.0570923],[120.1816876,-4.0571931],[120.1816991,-4.0573438],[120.1817071,-4.0574916],[120.1817011,-4.0576715],[120.1816472,-4.0582232],[120.18163,-4.0587324],[120.1816085,-4.0592662],[120.1815824,-4.0599918],[120.1815783,-4.0600601],[120.1815663,-4.0602614],[120.1815824,-4.0605564],[120.1816267,-4.0608119],[120.1816803,-4.0609925],[120.1817192,-4.0610955],[120.1818547,-4.0612935],[120.1819955,-4.0614433],[120.1821725,-4.0616058],[120.1829094,-4.0621626],[120.1834169,-4.0625646],[120.1840678,-4.0630888],[120.1843451,-4.063292],[120.1844201,-4.0633272],[120.1844858,-4.0633233],[120.1845597,-4.0632987],[120.1847313,-4.0631188],[120.1849938,-4.0628117],[120.1854373,-4.0623398],[120.1858584,-4.0618654],[120.1860828,-4.0615899],[120.186244,-4.0614253],[120.1862984,-4.0613831],[120.1863558,-4.061355],[120.1865204,-4.0613218],[120.187176,-4.0613111],[120.1877759,-4.0612981],[120.1882922,-4.0612974],[120.1887189,-4.0612648],[120.1891813,-4.0611864],[120.1896426,-4.0611138],[120.1899938,-4.0610649],[120.1902984,-4.0610079],[120.1905636,-4.0609332],[120.1910421,-4.0607256],[120.1915759,-4.0604889],[120.1920155,-4.060284],[120.1922888,-4.0601272],[120.1924869,-4.060032],[120.1927198,-4.059963],[120.1929992,-4.0599277],[120.193305,-4.0599169],[120.1936792,-4.0599584],[120.1939139,-4.0600226],[120.1942465,-4.0600761],[120.1945174,-4.0600962],[120.1949358,-4.060131],[120.1953489,-4.0601617],[120.1956063,-4.0602059],[120.1957592,-4.0602447],[120.1959175,-4.0603102],[120.1962045,-4.0604627],[120.1969421,-4.0608132],[120.1970427,-4.0608507],[120.1971593,-4.0608855],[120.1978077,-4.0609917],[120.198133,-4.0610514],[120.1984517,-4.0611238],[120.1987503,-4.0612253],[120.1993433,-4.0615073],[120.1995122,-4.0616047],[120.1996618,-4.0617175],[120.1999375,-4.0619339],[120.2001937,-4.0620932],[120.200543,-4.0622535],[120.2008729,-4.0623757],[120.2017361,-4.0626549],[120.2018693,-4.0627182],[120.2019223,-4.0627583],[120.2019471,-4.0627857],[120.2019591,-4.0628027],[120.2019746,-4.0628686],[120.2019739,-4.0629242],[120.2019417,-4.0630807],[120.2019176,-4.0632318],[120.2019095,-4.063375],[120.201923,-4.0636987],[120.2019458,-4.0640893],[120.2019753,-4.0646378],[120.2019659,-4.0649615],[120.2019779,-4.0653695],[120.2019927,-4.0656197],[120.2020048,-4.0657254],[120.2020281,-4.0658399],[120.2022274,-4.0663688],[120.2022555,-4.0664865],[120.2022864,-4.0666591],[120.2022851,-4.0668156],[120.2022743,-4.0669507],[120.2021831,-4.067348],[120.2021416,-4.0675527],[120.2021241,-4.0677039],[120.2021197,-4.0679223],[120.2021228,-4.0683727],[120.2021295,-4.06854],[120.2021469,-4.0686336],[120.2022462,-4.0689185],[120.2023669,-4.0692436],[120.2024232,-4.0694804],[120.2024527,-4.069677],[120.2024688,-4.069867],[120.2024594,-4.0701385],[120.202446,-4.0703164],[120.202442,-4.0704315],[120.2024554,-4.0705532],[120.202511,-4.0708851],[120.2025264,-4.0710482],[120.202531,-4.0712156],[120.2025338,-4.0717332],[120.202519,-4.0722336],[120.2025077,-4.0727083],[120.2024902,-4.072933],[120.2024688,-4.0731096],[120.2024399,-4.073273],[120.2023374,-4.0737397],[120.2023159,-4.0738895],[120.2023078,-4.0740193],[120.2023152,-4.0745064],[120.2022924,-4.0747337],[120.2022441,-4.0749572],[120.2021965,-4.0751804],[120.2021743,-4.0753143],[120.2021279,-4.0757965],[120.2021051,-4.0762285],[120.202101,-4.0764827],[120.2021094,-4.0765689],[120.2021319,-4.0766512],[120.2022083,-4.0768452],[120.2023304,-4.0770966],[120.2024363,-4.0773669],[120.2024581,-4.0774719],[120.2024565,-4.0775796],[120.2024379,-4.0776779],[120.2024082,-4.0777628],[120.2023116,-4.0779234],[120.2022244,-4.0780504],[120.2020568,-4.0782551],[120.2018382,-4.0785374],[120.2016987,-4.0787528],[120.2016035,-4.0789039],[120.2015649,-4.0789942],[120.2015391,-4.0791086],[120.2015338,-4.0792169],[120.2015381,-4.079326],[120.2015498,-4.0794122],[120.2016813,-4.0798978],[120.2017644,-4.0802577],[120.2017953,-4.0804061],[120.2018103,-4.0805339],[120.2018207,-4.08075],[120.2018264,-4.0808697],[120.2018452,-4.0809941],[120.2018686,-4.0810857],[120.2019347,-4.0812596],[120.2020148,-4.08139],[120.2020872,-4.0814683],[120.2021979,-4.0815586],[120.2023575,-4.0816683],[120.2028912,-4.0819996],[120.2034464,-4.0823224],[120.2036865,-4.0824495],[120.2038997,-4.0825364],[120.2041344,-4.0826033],[120.204467,-4.0826568],[120.2046803,-4.0826916],[120.2051617,-4.0827246],[120.2055734,-4.0827246],[120.2056552,-4.0827331],[120.205733,-4.0827621],[120.2058282,-4.0828013],[120.2058638,-4.0828241],[120.2059194,-4.0828598],[120.2059932,-4.0829431],[120.2060696,-4.0830675],[120.2061032,-4.0831906],[120.2061072,-4.083319],[120.2060911,-4.0834377],[120.2060522,-4.083628],[120.2059677,-4.0839433],[120.2059221,-4.0842474],[120.2058524,-4.084639],[120.2057644,-4.0851258],[120.2057317,-4.0852837],[120.2056673,-4.0855325],[120.2055815,-4.0857653],[120.205505,-4.0859155],[120.2054152,-4.086064],[120.2053361,-4.086175],[120.2052451,-4.0862896],[120.2051014,-4.0864506],[120.2049371,-4.0866079],[120.2047485,-4.0867807],[120.2045649,-4.0869845],[120.2043282,-4.0872471],[120.2042348,-4.0873715],[120.2041833,-4.0874968],[120.2041351,-4.0876426],[120.2040862,-4.0878257],[120.2040505,-4.0880145],[120.2040411,-4.0882553],[120.2040466,-4.088336],[120.2040653,-4.0884211],[120.2040929,-4.0885139],[120.2041417,-4.0886057],[120.2042497,-4.0887555],[120.2043678,-4.0889],[120.204532,-4.0890679],[120.204703,-4.0892291],[120.2047668,-4.0892885],[120.2048318,-4.0893682],[120.2048821,-4.0894557],[120.2049284,-4.0895555],[120.2050035,-4.0897481],[120.2050706,-4.089922],[120.2051617,-4.09012],[120.2054522,-4.090608],[120.2055338,-4.0907629],[120.2056298,-4.090988],[120.2057169,-4.0912127],[120.205835,-4.0915953],[120.2058545,-4.0918355],[120.206024,-4.0923484],[120.2060937,-4.0925116],[120.2061916,-4.0926882],[120.2064471,-4.0930449],[120.2066671,-4.093359],[120.2069408,-4.0938078],[120.2071383,-4.0941803],[120.2074435,-4.0946381],[120.2074778,-4.0947215],[120.2074973,-4.0948086],[120.2075332,-4.0951452],[120.2075781,-4.0952619],[120.2076768,-4.0954189],[120.2078077,-4.0956017],[120.2079012,-4.0957555],[120.2079257,-4.0958652],[120.207927,-4.0959923],[120.2078841,-4.096221],[120.2078653,-4.096332],[120.2078573,-4.0964417],[120.2078563,-4.0967339],[120.2078698,-4.096864],[120.2079147,-4.0970346],[120.2080987,-4.0975707],[120.2081884,-4.0978693],[120.2084891,-4.0986009],[120.2085385,-4.0987804],[120.2085681,-4.0989713],[120.2085734,-4.0990622],[120.2085641,-4.0991786],[120.2085493,-4.0992736],[120.2085116,-4.0993683],[120.2082199,-4.0998934],[120.2081631,-4.100004],[120.2081166,-4.1001312],[120.2079466,-4.100882],[120.2078117,-4.1013095],[120.2076527,-4.1017397],[120.2075713,-4.1019261],[120.2074746,-4.1021474],[120.2073238,-4.1024688],[120.2072846,-4.1025576],[120.2072587,-4.1026485],[120.2072478,-4.1027181],[120.2072479,-4.1027862],[120.2072585,-4.1028626],[120.2073163,-4.103117],[120.2073463,-4.1032398],[120.2073517,-4.1033729],[120.2073403,-4.103514],[120.2073106,-4.1036654],[120.2071848,-4.1040304],[120.2071344,-4.1041842],[120.2071157,-4.1042537],[120.2071006,-4.1043412],[120.2071029,-4.1043962],[120.2071223,-4.1044511],[120.2071539,-4.1044992],[120.2071955,-4.1045428],[120.2072913,-4.1046055],[120.207424,-4.104664],[120.2078943,-4.1048515],[120.207966,-4.1048878],[120.2080276,-4.1049319],[120.2080772,-4.1049762],[120.208316,-4.1052356],[120.2087867,-4.1058194],[120.2088128,-4.1058543],[120.208829,-4.1058857],[120.2088349,-4.1059189],[120.2088894,-4.1063765],[120.2089745,-4.1067768],[120.2090417,-4.1070341],[120.2091212,-4.107281],[120.2093387,-4.1077891],[120.209578,-4.1084346],[120.2098,-4.1091925],[120.2099695,-4.1096793],[120.2101291,-4.1101836],[120.2101533,-4.1103067],[120.2101842,-4.1104821],[120.2102116,-4.1106979],[120.210219,-4.1108016],[120.2102183,-4.1108886],[120.2101573,-4.1112015],[120.2100615,-4.1115186],[120.2098079,-4.1124189],[120.2097804,-4.1125345],[120.2097134,-4.1127804],[120.2096792,-4.1129358],[120.209657,-4.113089],[120.2096327,-4.1133537],[120.2096128,-4.1135719],[120.209601,-4.1137591],[120.2096021,-4.1138528],[120.209634,-4.1141521],[120.2096501,-4.1144065],[120.2096463,-4.1145363],[120.2096343,-4.1146687],[120.2095771,-4.1150494],[120.2095377,-4.1153175],[120.2094911,-4.1155877],[120.2094224,-4.1158773],[120.2093442,-4.116165],[120.2092093,-4.1165789],[120.2091702,-4.1167127],[120.2091367,-4.1168879],[120.209082,-4.117195],[120.2089871,-4.1175969],[120.2088329,-4.1183278],[120.2088115,-4.1184596],[120.2088001,-4.1185987],[120.2088048,-4.1187399],[120.2088273,-4.1188845],[120.2088886,-4.1191793],[120.208943,-4.1194542],[120.2089917,-4.1196171],[120.2090509,-4.1198146],[120.2091179,-4.1199939],[120.209309,-4.120378],[120.2093828,-4.1205323],[120.2094318,-4.1206489],[120.2094532,-4.1207584],[120.2094603,-4.1208833],[120.2094482,-4.1210707],[120.2094304,-4.121258],[120.2094197,-4.121361],[120.2093892,-4.1214779],[120.2091656,-4.122005],[120.2089237,-4.1225553]]}},{"type":"Feature","properties":{"segmentId":"osm-gaul2-18188-2123330511-2135923538-0","regionId":"gaul2-18188","province":"Sulawesi Selatan","region":"Wajo","roadName":"Unnamed OSM road","highway":"tertiary","lengthMeters":63.453,"osmWayIds":["588581576"],"u":"2123330511","v":"2135923538","key":0,"oneway":false,"source":"OpenStreetMap"},"geometry":{"type":"LineString","coordinates":[[120.0750872,-4.0628451],[120.0748407,-4.0627062],[120.0745836,-4.0625746]]}},{"type":"Feature","properties":{"segmentId":"osm-gaul2-18188-2123330511-2135923561-0","regionId":"gaul2-18188","province":"Sulawesi Selatan","region":"Wajo","roadName":"Jalan Poros Sengkang - Tarumpakkae","highway":"trunk","lengthMeters":108.871,"osmWayIds":["201900014"],"u":"2123330511","v":"2135923561","key":0,"oneway":false,"source":"OpenStreetMap"},"geometry":{"type":"LineString","coordinates":[[120.0750872,-4.0628451],[120.0748631,-4.0629272],[120.0745911,-4.0630493],[120.074351,-4.0631787],[120.074208,-4.0632734]]}},{"type":"Feature","properties":{"segmentId":"osm-gaul2-18188-2123330511-2518202511-0","regionId":"gaul2-18188","province":"Sulawesi Selatan","region":"Wajo","roadName":"Jalan Poros Sengkang - Tarumpakkae","highway":"trunk","lengthMeters":2771.412,"osmWayIds":["201900014"],"u":"2123330511","v":"2518202511","key":0,"oneway":false,"source":"OpenStreetMap"},"geometry":{"type":"LineString","coordinates":[[120.0750872,-4.0628451],[120.0752326,-4.0627925],[120.0755071,-4.0627027],[120.0758914,-4.0626194],[120.0762451,-4.0625728],[120.0766751,-4.0625187],[120.0769972,-4.0624783],[120.0774751,-4.062406],[120.0778375,-4.0623495],[120.07831,-4.0622851],[120.0786871,-4.0622336],[120.0788574,-4.0621996],[120.0790362,-4.0621576],[120.0791812,-4.0620975],[120.0793098,-4.0620079],[120.0794444,-4.0618782],[120.0795588,-4.0616977],[120.0796598,-4.0615499],[120.0799919,-4.061147],[120.0801976,-4.060951],[120.0803078,-4.0608656],[120.0806692,-4.060651],[120.0813486,-4.0601816],[120.0819021,-4.0598004],[120.082552,-4.0593529],[120.0827014,-4.0592695],[120.0828834,-4.0591905],[120.0834037,-4.0590056],[120.0836737,-4.0588829],[120.0838749,-4.0587598],[120.0840802,-4.0586071],[120.0849733,-4.0579906],[120.0854558,-4.0576084],[120.0859416,-4.0572241],[120.0862914,-4.0569254],[120.0867329,-4.0565713],[120.0871515,-4.0562525],[120.0874711,-4.0559848],[120.087681,-4.0557806],[120.0878292,-4.0555873],[120.0879385,-4.0553913],[120.0880759,-4.0551052],[120.0881812,-4.0548596],[120.08874,-4.0535527],[120.0888222,-4.0533687],[120.0890905,-4.0527252],[120.0893711,-4.0520903],[120.0896201,-4.0514607],[120.0897758,-4.0511249],[120.090358,-4.0498883],[120.0906087,-4.0493749],[120.0907469,-4.0490873],[120.0908804,-4.0488215],[120.0911885,-4.0482743],[120.0913326,-4.0480034],[120.0914937,-4.0477167],[120.0917024,-4.0473534],[120.0920945,-4.046714]]}},{"type":"Feature","properties":{"segmentId":"osm-gaul2-18188-2123332248-2125210721-0","regionId":"gaul2-18188","province":"Sulawesi Selatan","region":"Wajo","roadName":"Jalan H. Andi Muhammad Said","highway":"tertiary","lengthMeters":3191.458,"osmWayIds":["1185061873","202555354"],"u":"2123332248","v":"2125210721","key":0,"oneway":false,"source":"OpenStreetMap"},"geometry":{"type":"LineString","coordinates":[[120.2693443,-4.1489011],[120.2689353,-4.1489098],[120.2686798,-4.148891],[120.2686248,-4.1488844],[120.2685584,-4.1488743],[120.2684954,-4.1488609],[120.2684431,-4.1488456],[120.2684049,-4.1488308],[120.2683552,-4.1488094],[120.2680595,-4.1486637],[120.2677537,-4.1485279],[120.2673635,-4.1483854],[120.2670919,-4.1482751],[120.2670376,-4.1482396],[120.26699,-4.1481948],[120.2669477,-4.1481413],[120.2669122,-4.1480831],[120.2668807,-4.148025],[120.2668592,-4.1479694],[120.2668378,-4.1479012],[120.266819,-4.1478363],[120.2668056,-4.1477849],[120.2667882,-4.1476946],[120.2667721,-4.1475548],[120.266768,-4.1474705],[120.2667573,-4.1473916],[120.2667385,-4.1473348],[120.2667164,-4.1472826],[120.2666949,-4.1472465],[120.2666554,-4.1472097],[120.266597,-4.1471682],[120.2664321,-4.1470679],[120.2662336,-4.1469629],[120.266121,-4.1469074],[120.265964,-4.1468479],[120.265846,-4.1468178],[120.2657676,-4.146797],[120.2656335,-4.146779],[120.2655336,-4.1467669],[120.2653968,-4.1467382],[120.2652445,-4.1467054],[120.2651527,-4.1466793],[120.2649508,-4.1465937],[120.2646598,-4.1464626],[120.2643608,-4.1463008],[120.2639616,-4.1461091],[120.2636647,-4.145949],[120.2634582,-4.145834],[120.2633087,-4.1457541],[120.2632661,-4.1457314],[120.2629231,-4.1455905],[120.2627065,-4.1454996],[120.2624203,-4.1453764],[120.2622512,-4.1453103],[120.2620366,-4.1452454],[120.2618851,-4.1452066],[120.2616732,-4.1451652],[120.2615511,-4.1451471],[120.2613587,-4.1451324],[120.261075,-4.1451424],[120.2607827,-4.145204],[120.2605715,-4.1452468],[120.2602731,-4.1453016],[120.2600699,-4.1453317],[120.2598131,-4.1453591],[120.2594657,-4.1453966],[120.259105,-4.145438],[120.2588743,-4.14541],[120.2587878,-4.1453665],[120.2586953,-4.1452735],[120.2585913,-4.1451458],[120.2584753,-4.1450368],[120.2583573,-4.1449344],[120.2582118,-4.1448308],[120.258083,-4.1447298],[120.2578302,-4.1445312],[120.2575929,-4.1443332],[120.2573635,-4.1441499],[120.257206,-4.1440128],[120.2570323,-4.143863],[120.2569123,-4.1437594],[120.2567614,-4.1436417],[120.2564925,-4.1434423],[120.2563946,-4.1433514],[120.2562672,-4.1431989],[120.2560902,-4.1430076],[120.2559011,-4.1428498],[120.2557059,-4.1427233],[120.2553298,-4.1425475],[120.2550857,-4.1424525],[120.254674,-4.1423161],[120.2544634,-4.1422404],[120.2543025,-4.1421275],[120.2541482,-4.1419937],[120.2539431,-4.1418359],[120.2537405,-4.1417088],[120.2534777,-4.1415764],[120.2532323,-4.1414493],[120.2529842,-4.1413544],[120.2528433,-4.1413209],[120.2525564,-4.1412728],[120.2522812,-4.141222],[120.2520092,-4.1411537],[120.2514599,-4.1409932],[120.2511898,-4.1408982],[120.2507351,-4.1407538],[120.2503355,-4.1406026],[120.24996,-4.1404421],[120.2497293,-4.1403217],[120.2494569,-4.1402082],[120.2492197,-4.1401585],[120.2490145,-4.1401224],[120.2486779,-4.1400729],[120.2482978,-4.1400363],[120.247955,-4.1400208],[120.2475544,-4.1400068],[120.2469023,-4.1399739],[120.246508,-4.1399031],[120.2460896,-4.1398216],[120.2457838,-4.1397626],[120.2456315,-4.1397196],[120.2454619,-4.1396717],[120.2450421,-4.1395365],[120.2446613,-4.1393988],[120.2443475,-4.1392583],[120.2440021,-4.1390748],[120.2438928,-4.1389962],[120.2437064,-4.1388651]]}},{"type":"Feature","properties":{"segmentId":"osm-gaul2-18188-2123332248-2125211434-0","regionId":"gaul2-18188","province":"Sulawesi Selatan","region":"Wajo","roadName":"Jalan H. Andi Muhammad Said","highway":"tertiary","lengthMeters":472.595,"osmWayIds":["1185061873"],"u":"2123332248","v":"2125211434","key":0,"oneway":false,"source":"OpenStreetMap"},"geometry":{"type":"LineString","coordinates":[[120.2693443,-4.1489011],[120.2694355,-4.1489144],[120.2694932,-4.1489372],[120.2696031,-4.1489827],[120.2698687,-4.149083],[120.2702844,-4.1492274],[120.2706599,-4.1493545],[120.2712311,-4.1495842],[120.2712983,-4.1496073],[120.2716765,-4.1497464],[120.2720734,-4.1498909],[120.2725777,-4.1500674],[120.2730873,-4.1502387],[120.2733582,-4.1503189]]}},{"type":"Feature","properties":{"segmentId":"osm-gaul2-18188-2123332248-3557946865-0","regionId":"gaul2-18188","province":"Sulawesi Selatan","region":"Wajo","roadName":"Unnamed OSM road","highway":"tertiary","lengthMeters":10699.117,"osmWayIds":["350237273"],"u":"2123332248","v":"3557946865","key":0,"oneway":false,"source":"OpenStreetMap"},"geometry":{"type":"LineString","coordinates":[[120.2693443,-4.1489011],[120.2691586,-4.1491405],[120.2689648,-4.1494114],[120.2688843,-4.149515],[120.2687985,-4.1496307],[120.26871,-4.1497585],[120.268608,-4.149923],[120.2685048,-4.1501196],[120.2684243,-4.1502781],[120.2683029,-4.1505015],[120.268262,-4.1505864],[120.2682245,-4.1506674],[120.2681983,-4.1507376],[120.2681708,-4.1508212],[120.2680528,-4.1511429],[120.2679321,-4.1514211],[120.2678154,-4.1516739],[120.2677953,-4.1517214],[120.2677826,-4.1517749],[120.2677759,-4.1518244],[120.2677745,-4.1518719],[120.2677765,-4.1519234],[120.2678067,-4.1521367],[120.2678376,-4.1523213],[120.2678476,-4.1523714],[120.2678496,-4.1524189],[120.2678449,-4.1524704],[120.2678356,-4.1525293],[120.2678134,-4.1526202],[120.2677765,-4.1527533],[120.2677584,-4.1528169],[120.267745,-4.1528864],[120.267739,-4.1529366],[120.2677356,-4.1529867],[120.267739,-4.1530483],[120.2677558,-4.1533713],[120.2677645,-4.1539023],[120.2677692,-4.1542835],[120.2677678,-4.1544166],[120.2677544,-4.1545631],[120.267739,-4.1546427],[120.2677209,-4.1547122],[120.2676981,-4.1547744],[120.2676599,-4.1548593],[120.2675955,-4.1549844],[120.2675385,-4.1550907],[120.2674949,-4.155159],[120.2674607,-4.1552085],[120.2674165,-4.155268],[120.2673514,-4.1553462],[120.2673025,-4.155391],[120.2672361,-4.1554465],[120.2670168,-4.1556371],[120.2667761,-4.1558492],[120.2667124,-4.155896],[120.2666426,-4.1559428],[120.2665327,-4.1560224],[120.266135,-4.1562712],[120.2659064,-4.1564116],[120.2657025,-4.1565427],[120.2656569,-4.1565821],[120.2656113,-4.1566316],[120.2655791,-4.1566825],[120.2655523,-4.1567313],[120.2655262,-4.1567915],[120.2654269,-4.1570309],[120.2653082,-4.1573058],[120.2651721,-4.1575646],[120.2650769,-4.1577385],[120.2649938,-4.157901],[120.2649455,-4.1580373],[120.2648945,-4.1582695],[120.2648114,-4.1585477],[120.2647004,-4.1588622],[120.2646048,-4.159072],[120.2644901,-4.1593066],[120.2644023,-4.1594666],[120.2643071,-4.1596405],[120.2641556,-4.1598278],[120.2639745,-4.1600137],[120.2637506,-4.1601876],[120.2634864,-4.1603548],[120.2632906,-4.1604792],[120.2632235,-4.1605353],[120.2631792,-4.1605969],[120.2631538,-4.1607159],[120.2631417,-4.1608537],[120.263135,-4.1610115],[120.263135,-4.1612041],[120.2631377,-4.1613807],[120.2631122,-4.1615452],[120.2630746,-4.1616509],[120.2630129,-4.1617686],[120.2629119,-4.1619221],[120.2627098,-4.1622759],[120.2624871,-4.162712],[120.26227,-4.16305],[120.2620086,-4.1634566],[120.2617693,-4.1638269],[120.2616423,-4.1640157],[120.2614546,-4.1642404],[120.2612454,-4.1644838],[120.2610351,-4.1647155],[120.2606309,-4.1651516],[120.2603844,-4.16538],[120.2600575,-4.1656864],[120.2597111,-4.1660113],[120.2594388,-4.166287],[120.2590755,-4.1666025],[120.2588283,-4.1668424],[120.2586517,-4.1670065],[120.2583044,-4.1673238],[120.257562,-4.1680108],[120.2571577,-4.1684181],[120.2568153,-4.1688007],[120.2565274,-4.1691439],[120.2562997,-4.1693725],[120.2559574,-4.1697593],[120.2557388,-4.170076],[120.2555913,-4.1703076],[120.2553928,-4.1706607],[120.2552614,-4.1709603],[120.2550623,-4.1713637],[120.2548478,-4.1717792],[120.2547598,-4.1719367],[120.2546713,-4.1721186],[120.2546364,-4.1722283],[120.2545935,-4.1724316],[120.2545345,-4.1727071],[120.2544111,-4.1729639],[120.2543306,-4.1732047],[120.2542207,-4.1734535],[120.2540723,-4.173758],[120.2539793,-4.1739618],[120.2538425,-4.1742212],[120.2536601,-4.1745583],[120.2534618,-4.1748523],[120.2532712,-4.1752164],[120.2531236,-4.1754866],[120.2528957,-4.1759039],[120.2527374,-4.1761794],[120.2525899,-4.1764416],[120.2523042,-4.1768655],[120.2520829,-4.1772521],[120.2519596,-4.1774581],[120.2517235,-4.1779369],[120.2514604,-4.1784611],[120.2512704,-4.178861],[120.2510986,-4.179237],[120.2509636,-4.1795453],[120.2508464,-4.1797988],[120.2507272,-4.180041],[120.2506238,-4.1802696],[120.2505299,-4.1804274],[120.2504361,-4.1805665],[120.2503459,-4.1807303],[120.2502859,-4.1808447],[120.2502188,-4.1810026],[120.2500757,-4.181297],[120.249964,-4.1815643],[120.2498794,-4.1817827],[120.2498017,-4.1819908],[120.2497226,-4.1821823],[120.2496077,-4.1824135],[120.2494678,-4.1826665],[120.2493348,-4.1828931],[120.2492306,-4.1830902],[120.2490923,-4.1833754],[120.2489904,-4.1835706],[120.2488455,-4.1838301],[120.2487302,-4.1840602],[120.248586,-4.1843364],[120.2484211,-4.1847062],[120.248242,-4.1850881],[120.2481448,-4.1853021],[120.2480513,-4.1855203],[120.2479966,-4.1856585],[120.2479349,-4.185825],[120.2478558,-4.1860558],[120.2478142,-4.1861935],[120.2477411,-4.1863908],[120.2476607,-4.1866022],[120.2475386,-4.1869332],[120.2474648,-4.187101],[120.2474266,-4.1871773],[120.2473281,-4.187406],[120.2472141,-4.1876822],[120.2470686,-4.1879831],[120.2469358,-4.1882433],[120.2467614,-4.1885596],[120.246677,-4.1886927],[120.2465609,-4.1888733],[120.2464624,-4.1890084],[120.2463222,-4.1892204],[120.2461722,-4.1894627],[120.2460104,-4.1897099],[120.2458938,-4.1898799],[120.2458616,-4.1899359],[120.2458046,-4.1900316],[120.2457529,-4.1901352],[120.2456725,-4.1903064],[120.2456,-4.1904696],[120.2455229,-4.1906475],[120.2453989,-4.1909344],[120.2451712,-4.1914229],[120.2450958,-4.1916386],[120.2450114,-4.191908],[120.2449503,-4.1921288],[120.2449013,-4.192317],[120.244849,-4.1924973],[120.2448075,-4.1925902],[120.2447525,-4.192718],[120.2446861,-4.1928524],[120.2445728,-4.193051],[120.2445251,-4.1931292],[120.24444,-4.193261],[120.2443884,-4.193368],[120.24432,-4.1935787],[120.2442496,-4.1938207],[120.2442053,-4.1939833],[120.2441624,-4.1941545],[120.2441329,-4.1943029],[120.2440886,-4.1944882],[120.2440323,-4.1946597],[120.2440088,-4.1947162],[120.2439746,-4.194763],[120.2438673,-4.1948988],[120.2437661,-4.1950118],[120.2433808,-4.1954691],[120.2429319,-4.1960016],[120.2428038,-4.1961427],[120.242539,-4.1964744],[120.2423801,-4.1966964],[120.2421393,-4.1969793],[120.2417658,-4.1973732],[120.2415472,-4.1975979],[120.2413528,-4.1977871],[120.2408478,-4.1983001],[120.240766,-4.1983823],[120.2405937,-4.1985615],[120.2404301,-4.1987408],[120.2402926,-4.1988959],[120.240121,-4.1990832],[120.240005,-4.1992544],[120.2398722,-4.199471],[120.2397153,-4.1997586],[120.2396154,-4.1999405],[120.2394987,-4.2001512],[120.2393378,-4.2004668],[120.2392137,-4.2007163],[120.2390575,-4.2010326],[120.2389302,-4.2013014],[120.2388638,-4.2014696],[120.238798,-4.2016218],[120.238739,-4.2017609],[120.2386726,-4.2019073],[120.2386089,-4.2020852],[120.2385378,-4.202233],[120.2384258,-4.202437],[120.2382857,-4.2026864],[120.2381368,-4.2029439],[120.2380302,-4.2031438],[120.2379075,-4.203406],[120.237806,-4.203644],[120.2377452,-4.2037959],[120.2376895,-4.203953],[120.2376627,-4.2040279],[120.2376144,-4.2041403],[120.2375299,-4.2042887],[120.2374461,-4.2044385],[120.2373657,-4.2045616],[120.2373429,-4.2046111],[120.2373174,-4.2046853],[120.2372986,-4.204805],[120.2372745,-4.2049501],[120.2372436,-4.2050651],[120.2371886,-4.2051976],[120.2371263,-4.20533],[120.2370371,-4.2054784],[120.2369479,-4.2056235],[120.2368222,-4.2058466],[120.2367414,-4.205996],[120.2366341,-4.2062074],[120.2365288,-4.2064026],[120.2364571,-4.2065852],[120.2363652,-4.2067938],[120.2362566,-4.2070446],[120.2361553,-4.2072834],[120.2360608,-4.2074994],[120.2359307,-4.2078358],[120.2358288,-4.2080712],[120.2357483,-4.2082316],[120.2356792,-4.2083942],[120.2356155,-4.2085386],[120.2355552,-4.2086998],[120.2354874,-4.2088596],[120.2354325,-4.2089847],[120.235354,-4.2092],[120.2352789,-4.2093418],[120.2352132,-4.209515],[120.2351253,-4.2096995],[120.2350287,-4.209851],[120.2349088,-4.2101041],[120.2348115,-4.210338],[120.2347391,-4.2105629],[120.2346502,-4.2107902],[120.2345735,-4.2110805],[120.234552,-4.2112129],[120.2345292,-4.2113406],[120.2345157,-4.2115603],[120.2345091,-4.2116717],[120.2344903,-4.2117706],[120.2344434,-4.211897],[120.2343763,-4.2120221],[120.2342972,-4.2121665],[120.2341577,-4.2124354],[120.2340706,-4.2126561],[120.2339579,-4.2130265],[120.2338667,-4.2134425],[120.2337849,-4.2138892],[120.2337259,-4.2141126],[120.2336146,-4.2146369],[120.2335502,-4.215002],[120.2334926,-4.2152949],[120.233396,-4.2157122],[120.2332391,-4.2161522],[120.2330942,-4.2165762],[120.2329937,-4.216928],[120.2329293,-4.2171446],[120.2327818,-4.2178602],[120.232704,-4.2182266],[120.2325578,-4.2187857],[120.2323996,-4.2192993],[120.2323124,-4.2195467],[120.2321997,-4.2198503],[120.2320934,-4.2201582],[120.2318913,-4.2207157],[120.2318135,-4.2209778],[120.2317401,-4.2211972],[120.231677,-4.2213677],[120.2316425,-4.221459],[120.2315386,-4.2217155],[120.231438,-4.2219542],[120.2313307,-4.2222404],[120.231277,-4.2224383],[120.2312127,-4.2226791],[120.2311704,-4.2228643],[120.231092,-4.2231418],[120.2310303,-4.2234254],[120.2309902,-4.2236211],[120.2309364,-4.2239229],[120.230872,-4.224276],[120.2308264,-4.2246157],[120.2307464,-4.2250287],[120.2306628,-4.2254984],[120.2305797,-4.2260147],[120.2305046,-4.2265203],[120.2304457,-4.2269955],[120.2303892,-4.2274057],[120.2303222,-4.2278711],[120.2302793,-4.2283017],[120.2302524,-4.2285211],[120.230239,-4.2286361],[120.2302149,-4.2287886],[120.2301639,-4.2290414],[120.2301157,-4.2292647],[120.2300754,-4.2294399],[120.2300432,-4.2297007],[120.2300028,-4.2299367],[120.2299654,-4.2303801],[120.2299257,-4.2308532],[120.229893,-4.2310836],[120.2298447,-4.2313832],[120.2297412,-4.2319736],[120.2296832,-4.2322452],[120.229656,-4.2323191],[120.2295282,-4.232611],[120.2294317,-4.2328277],[120.229336,-4.2331083],[120.2292264,-4.2334401],[120.2290974,-4.2338275]]}},{"type":"Feature","properties":{"segmentId":"osm-gaul2-18188-2123332422-2275298160-0","regionId":"gaul2-18188","province":"Sulawesi Selatan","region":"Wajo","roadName":"Jalan Poros Solo -Peneki - Kulampu","highway":"primary","lengthMeters":22.689,"osmWayIds":["249932331"],"u":"2123332422","v":"2275298160","key":0,"oneway":false,"source":"OpenStreetMap"},"geometry":{"type":"LineString","coordinates":[[120.2288761,-4.2342631],[120.2290094,-4.2341083]]}},{"type":"Feature","properties":{"segmentId":"osm-gaul2-18188-2123332422-2300703019-0","regionId":"gaul2-18188","province":"Sulawesi Selatan","region":"Wajo","roadName":"Jalan Balielo","highway":"tertiary","lengthMeters":21162.682,"osmWayIds":["1023226981","218271331","594819049","748563847","748563848"],"u":"2123332422","v":"2300703019","key":0,"oneway":false,"source":"OpenStreetMap"},"geometry":{"type":"LineString","coordinates":[[120.2288761,-4.2342631],[120.2285171,-4.2342507],[120.2281818,-4.23424],[120.2276024,-4.2342427],[120.2273691,-4.2342427],[120.2272135,-4.2342427],[120.227107,-4.2342439],[120.2269281,-4.2342505],[120.2268206,-4.2342668],[120.2266972,-4.2342922],[120.2265563,-4.2343363],[120.226433,-4.2343845],[120.2263471,-4.2344192],[120.226319,-4.2344279],[120.2263009,-4.2344273],[120.2262265,-4.2343885],[120.226201,-4.2343865],[120.2261661,-4.2343885],[120.2261004,-4.2343925],[120.2259448,-4.2343952],[120.2257544,-4.2343871],[120.2255854,-4.2343738],[120.2253817,-4.2343682],[120.2250481,-4.2343628],[120.2249497,-4.2343711],[120.224892,-4.2343811],[120.224829,-4.2344005],[120.2246225,-4.2344754],[120.2243939,-4.2345673],[120.2240914,-4.2346948],[120.2237883,-4.2348258],[120.2235394,-4.234927],[120.2232787,-4.2350505],[120.2229997,-4.235203],[120.2224687,-4.2354678],[120.2221656,-4.2356176],[120.221892,-4.235746],[120.2216801,-4.235861],[120.2215084,-4.2359787],[120.2213864,-4.236065],[120.2212644,-4.2361338],[120.2210793,-4.2362168],[120.2208459,-4.2363104],[120.2205938,-4.2363906],[120.2204731,-4.2364142],[120.2202532,-4.2364655],[120.2200359,-4.2365217],[120.2197811,-4.2365966],[120.2196336,-4.2366394],[120.2192903,-4.2367223],[120.2190596,-4.2367564],[120.2189121,-4.2367812],[120.2187565,-4.2368153],[120.2185285,-4.2368427],[120.2183488,-4.2368587],[120.2181718,-4.2368561],[120.2180323,-4.2368534],[120.2179378,-4.2368554],[120.2178338,-4.2368708],[120.2177024,-4.2368908],[120.2175361,-4.2369096],[120.2173792,-4.2369256],[120.2172632,-4.2369263],[120.2166268,-4.2368801],[120.2159214,-4.2368448],[120.2154225,-4.2368106],[120.2149397,-4.2368026],[120.2141136,-4.2367731],[120.214009,-4.2367645],[120.2137488,-4.2367277],[120.2134564,-4.2366929],[120.2131896,-4.2366635],[120.2129522,-4.2366501],[120.2123916,-4.2366314],[120.2119088,-4.2366067],[120.2113348,-4.2366073],[120.2108332,-4.2366067],[120.2106227,-4.2365939],[120.2104604,-4.2365752],[120.2101439,-4.2365324],[120.2095002,-4.236473],[120.2091917,-4.2364548],[120.2089423,-4.2364308],[120.2085936,-4.2363767],[120.2083119,-4.2363018],[120.208202,-4.2362569],[120.2080598,-4.2362087],[120.2078989,-4.236174],[120.2074456,-4.2361231],[120.2070299,-4.2360803],[120.2066651,-4.2360584],[120.2061501,-4.2360081],[120.2056834,-4.2359861],[120.2053294,-4.2360161],[120.2050182,-4.2360242],[120.2043664,-4.2361199],[120.2036932,-4.2361659],[120.2030951,-4.2362295],[120.2024245,-4.2362729],[120.2018183,-4.2363151],[120.2013329,-4.2363291],[120.2009091,-4.2363559],[120.2003995,-4.2363906],[120.1999596,-4.2364114],[120.1995385,-4.2364248],[120.199002,-4.2363799],[120.1985487,-4.2363104],[120.1980713,-4.2362221],[120.1976502,-4.2361439],[120.1973471,-4.2360803],[120.1970091,-4.2360429],[120.1964324,-4.2359995],[120.1960543,-4.2359707],[120.1957458,-4.2359332],[120.1955473,-4.2359172],[120.1953971,-4.2359225],[120.1951343,-4.2359493],[120.1949358,-4.235962],[120.1947024,-4.2359707],[120.1945281,-4.235968],[120.1943511,-4.2359466],[120.194056,-4.2358984],[120.1938414,-4.2358657],[120.1934981,-4.2357888],[120.1932245,-4.2357139],[120.1926774,-4.2355587],[120.1920927,-4.2354116],[120.1915777,-4.2352746],[120.1913685,-4.2352083],[120.1908857,-4.2350131],[120.1904726,-4.2348359],[120.1891208,-4.2340174],[120.1883295,-4.2335004],[120.1879312,-4.2332343],[120.1876791,-4.2330537],[120.1874283,-4.2328263],[120.1871185,-4.2325535],[120.1868248,-4.2323168],[120.1865123,-4.2321242],[120.1862092,-4.2319343],[120.1857747,-4.2316614],[120.1854488,-4.2314742],[120.1851954,-4.2313324],[120.1848862,-4.2311739],[120.1846703,-4.2310442],[120.1844423,-4.2308837],[120.1841748,-4.2306764],[120.1839877,-4.2305179],[120.1838154,-4.2303761],[120.1837154,-4.2302972],[120.1835076,-4.2301642],[120.1832508,-4.230023],[120.1828692,-4.229797],[120.1827351,-4.2297368],[120.1826023,-4.2296994],[120.182373,-4.2296472],[120.1820277,-4.2295964],[120.1817065,-4.2295636],[120.1815033,-4.2295382],[120.1813672,-4.2295275],[120.1808924,-4.2294994],[120.1804492,-4.2294506],[120.1801722,-4.2294179],[120.1799604,-4.2293844],[120.1797384,-4.2293369],[120.1794145,-4.2292627],[120.1790853,-4.2291952],[120.178756,-4.229125],[120.1784905,-4.2290681],[120.1783195,-4.2290333],[120.1782122,-4.2289986],[120.1779702,-4.2289009],[120.1778354,-4.2288213],[120.1776691,-4.2286996],[120.177433,-4.2285097],[120.1771528,-4.2282329],[120.1768932,-4.2279286],[120.1765955,-4.2275896],[120.1763783,-4.2273575],[120.1761315,-4.2271288],[120.175988,-4.2270205],[120.1758465,-4.2269295],[120.1757211,-4.2268546],[120.1754898,-4.2267115],[120.1752041,-4.2265397],[120.1750747,-4.2264654],[120.1749533,-4.2264099],[120.1748139,-4.2263531],[120.1745349,-4.2262554],[120.1743022,-4.2261879],[120.1739522,-4.2260889],[120.1734902,-4.2259545],[120.1730812,-4.2258368],[120.1725642,-4.2257164],[120.1723925,-4.2256843],[120.1722939,-4.2256663],[120.1719741,-4.2256516],[120.1716341,-4.2256308],[120.1714443,-4.2256128],[120.1712975,-4.2255947],[120.171099,-4.2255733],[120.1708469,-4.2255646],[120.1704694,-4.2255493],[120.1700147,-4.2255473],[120.1696949,-4.2255305],[120.1695105,-4.2255132],[120.1693006,-4.225473],[120.169076,-4.2254142],[120.1688989,-4.2253694],[120.1687038,-4.2253279],[120.1685046,-4.2253018],[120.1682673,-4.2252831],[120.1680212,-4.2252717],[120.1676343,-4.2252503],[120.1673406,-4.2252109],[120.1672292,-4.2251962],[120.1671461,-4.2251714],[120.1670361,-4.225124],[120.1668182,-4.2250671],[120.1665647,-4.2250096],[120.1662274,-4.2249427],[120.1660008,-4.2249006],[120.1658627,-4.2248886],[120.1657346,-4.2248892],[120.1656467,-4.2248979],[120.1654959,-4.2249146],[120.1653772,-4.2249401],[120.1651968,-4.2250297],[120.1650359,-4.2251153],[120.1648944,-4.2251982],[120.1647831,-4.2252597],[120.1646999,-4.2253313],[120.1646389,-4.2253968],[120.1643774,-4.2256609],[120.1642647,-4.2257873],[120.1641568,-4.2258937],[120.163902,-4.2261003],[120.1636237,-4.2263564],[120.1634876,-4.2264534],[120.163385,-4.2265122],[120.16321,-4.2265938],[120.1629806,-4.2266787],[120.1628291,-4.2267416],[120.1625931,-4.2268787],[120.1624724,-4.2269663],[120.1622826,-4.2270807],[120.1621612,-4.2271194],[120.1620539,-4.2271295],[120.1619373,-4.2271281],[120.1616187,-4.2270934],[120.1612667,-4.2270479],[120.1610246,-4.2270231],[120.1607236,-4.2269703],[120.1604526,-4.2269028],[120.1602904,-4.2268553],[120.1601093,-4.2267884],[120.1598022,-4.2266567],[120.1596091,-4.2265684],[120.1594368,-4.2264775],[120.1593241,-4.2264079],[120.1591773,-4.2262895],[120.159011,-4.2261725],[120.1587863,-4.2260274],[120.1584712,-4.2258361],[120.1582834,-4.2257285],[120.1580809,-4.2256295],[120.1578476,-4.2255232],[120.1575733,-4.2253968],[120.1574365,-4.2253112],[120.157344,-4.2252697],[120.1572521,-4.225239],[120.1571099,-4.2252002],[120.1570234,-4.2251701],[120.1569329,-4.225146],[120.1567318,-4.2250838],[120.1563696,-4.2249808],[120.1556635,-4.2247647],[120.1553223,-4.2246558],[120.1549309,-4.2245571],[120.1541838,-4.224436],[120.1536252,-4.2243236],[120.1531735,-4.2242279],[120.1528724,-4.2241676],[120.152813,-4.224157],[120.152754,-4.2241596],[120.1523289,-4.2242078],[120.1521868,-4.2242172],[120.1519869,-4.2242024],[120.1516248,-4.2241008],[120.1511659,-4.2239639],[120.150767,-4.2238568],[120.1505895,-4.2237765],[120.1504728,-4.2236741],[120.15037,-4.2235305],[120.1501452,-4.2231704],[120.1499754,-4.222982],[120.1498367,-4.2228436],[120.1496573,-4.2227554],[120.1493517,-4.2226175],[120.1490816,-4.2225292],[120.1488797,-4.2224859],[120.148542,-4.2224287],[120.1481913,-4.2224008],[120.1480663,-4.22239],[120.1477443,-4.222389],[120.1473201,-4.2224044],[120.1461284,-4.2225976],[120.1454008,-4.2227647],[120.1452465,-4.2227981],[120.1451379,-4.2228101],[120.144639,-4.2228035],[120.1444191,-4.2228262],[120.1443359,-4.2228476],[120.1442742,-4.2228717],[120.1438665,-4.2232568],[120.1437847,-4.2233144],[120.1436855,-4.2233645],[120.1436151,-4.2233946],[120.1434696,-4.223428],[120.1433489,-4.2234307],[120.1432483,-4.2234267],[120.1429707,-4.22342],[120.1425549,-4.2233799],[120.1421928,-4.2233264],[120.1416349,-4.2232354],[120.1410931,-4.2230348],[120.1404655,-4.2227754],[120.1399988,-4.2224999],[120.1399317,-4.2224464],[120.1397011,-4.2222699],[120.1396447,-4.2221829],[120.1396098,-4.2220933],[120.1395804,-4.2219301],[120.1395857,-4.2216425],[120.1395871,-4.2214767],[120.1395951,-4.2214125],[120.1396099,-4.2213429],[120.1396447,-4.2212921],[120.1396608,-4.2212694],[120.1396649,-4.2212306],[120.1396675,-4.2211985],[120.1396608,-4.2209979],[120.139681,-4.2208748],[120.1396756,-4.2207598],[120.1396756,-4.220725],[120.1396742,-4.2206528],[120.1396662,-4.2206113],[120.1396501,-4.2205645],[120.1396796,-4.2203666],[120.1397172,-4.2203024],[120.1397198,-4.2202529],[120.1397064,-4.2201981],[120.1397158,-4.2200884],[120.1397091,-4.2199868],[120.1396863,-4.2199212],[120.1396394,-4.2198824],[120.1395938,-4.2198383],[120.1395455,-4.2197875],[120.1395361,-4.2197179],[120.139524,-4.2196136],[120.139465,-4.2193862],[120.1394328,-4.2192685],[120.13906,-4.2189395],[120.1390144,-4.2189181],[120.1389836,-4.2189128],[120.1389608,-4.2189141],[120.1389273,-4.2189168],[120.1389071,-4.2189261],[120.1387677,-4.2190652],[120.1386899,-4.2190973],[120.138482,-4.2191294],[120.1383425,-4.2191468],[120.13825,-4.2191682],[120.1381454,-4.2192097],[120.1380099,-4.2192632],[120.1377994,-4.2193194],[120.137566,-4.2193635],[120.1373488,-4.2194023],[120.1371986,-4.2194344],[120.1370872,-4.2194969],[120.1366095,-4.2198774],[120.1363417,-4.2200667],[120.1360291,-4.2202315],[120.135781,-4.2203358],[120.1352246,-4.2205649],[120.135152,-4.2206073],[120.1350822,-4.2206584],[120.1344688,-4.221313],[120.1342142,-4.2215674],[120.1340148,-4.2217602],[120.1339518,-4.2218432],[120.1338639,-4.2220424],[120.1338103,-4.2221474],[120.1337781,-4.2221822],[120.1337539,-4.2221942],[120.1337063,-4.2221989],[120.1336594,-4.2221983],[120.1334341,-4.2221468],[120.1332336,-4.2220766],[120.1331125,-4.222026],[120.1330314,-4.2219747],[120.1329575,-4.221914],[120.1329191,-4.2218699],[120.1328934,-4.2218207],[120.1328681,-4.2217629],[120.132857,-4.2217055],[120.1328333,-4.2215877],[120.132814,-4.221463],[120.1327934,-4.2212769],[120.1327662,-4.2209805],[120.1327501,-4.2206615],[120.132755,-4.2202922],[120.1327937,-4.219833],[120.1329023,-4.2191825],[120.1331373,-4.2180164],[120.1331607,-4.2179003],[120.1331725,-4.2172381],[120.1333218,-4.2163111],[120.1334544,-4.2153026],[120.1335306,-4.2149913],[120.133599,-4.2148214],[120.1338726,-4.2142075],[120.1340207,-4.2138664],[120.1341301,-4.2135455],[120.1342664,-4.2130983],[120.1343635,-4.2128326],[120.1346961,-4.2121554],[120.1348704,-4.2119017],[120.1350582,-4.2116556],[120.1354763,-4.2111698],[120.1358959,-4.2106904],[120.136235,-4.2104171],[120.1377672,-4.2089114],[120.1381132,-4.2085366],[120.1383385,-4.2083306],[120.1384807,-4.2081996],[120.1387234,-4.2079347],[120.1389179,-4.2076819],[120.1393033,-4.2071979],[120.1399867,-4.2064153],[120.1406439,-4.2057265],[120.1411226,-4.2051889],[120.1414311,-4.2048545],[120.1417932,-4.2045014],[120.1419367,-4.2043315],[120.1421486,-4.2040827],[120.1427065,-4.2034849],[120.1429211,-4.2032281],[120.1435295,-4.2023443],[120.1435493,-4.2023177],[120.1437525,-4.2020551],[120.1440063,-4.2016618],[120.144417,-4.2011313],[120.1446672,-4.2009022],[120.1449523,-4.2006954],[120.145505,-4.2003464],[120.1457891,-4.2001717],[120.1458956,-4.2001345],[120.1460069,-4.200113],[120.1464688,-4.2000677],[120.1466829,-4.2000034],[120.1468801,-4.1999137],[120.1471624,-4.1997652],[120.1472971,-4.1996743],[120.147741,-4.1992876],[120.1482684,-4.1989371],[120.148555,-4.1986819],[120.1487566,-4.1984598],[120.1489332,-4.1981683],[120.1491417,-4.1977369],[120.1495336,-4.1969736],[120.1498447,-4.1961855],[120.1501057,-4.195733],[120.1503105,-4.1954024],[120.1505546,-4.1950929],[120.150827,-4.1947272],[120.1511105,-4.1944061],[120.1515135,-4.1939712],[120.1517147,-4.1937987],[120.1519762,-4.19359],[120.1526991,-4.1929922],[120.1531403,-4.1926497],[120.1536767,-4.1922365],[120.1539865,-4.1920372],[120.1543674,-4.1917764],[120.154814,-4.1915008],[120.1550701,-4.1913617],[120.1552016,-4.1913042],[120.1554872,-4.1911865],[120.1556414,-4.1911049],[120.1559593,-4.1909016],[120.1562624,-4.1907264],[120.1564823,-4.1906033],[120.1567277,-4.1904094],[120.1570563,-4.1900643],[120.157582,-4.1896176],[120.1578422,-4.1893528],[120.1579696,-4.1892431],[120.1580957,-4.1891669],[120.1581775,-4.1891348],[120.1582539,-4.1891655],[120.1588815,-4.1895561],[120.1592477,-4.189746],[120.1593174,-4.1897808],[120.1593831,-4.1897848],[120.1594314,-4.1897607],[120.1595145,-4.1897206],[120.1598391,-4.1895721],[120.1603447,-4.1893073],[120.1607001,-4.1891334],[120.160794,-4.1891027],[120.160908,-4.1891013],[120.1610595,-4.1891267],[120.1613371,-4.1891816],[120.1618414,-4.1892565],[120.1630121,-4.1894384],[120.163267,-4.1894959],[120.163397,-4.1895387],[120.1635164,-4.18954],[120.1636706,-4.1894798],[120.1638302,-4.1893835],[120.1640703,-4.1891896],[120.16425,-4.1889863],[120.1643841,-4.1888338],[120.1644833,-4.1886787],[120.164647,-4.1884125],[120.1651002,-4.1875779],[120.1651928,-4.1873879],[120.1653711,-4.1871218],[120.1656193,-4.186675],[120.1657547,-4.1864891],[120.1661704,-4.1860411],[120.1662925,-4.1858699],[120.1664025,-4.1856893],[120.16644,-4.1855662],[120.1664789,-4.1854258],[120.166546,-4.1851998],[120.1667552,-4.1851984],[120.1670569,-4.1852225],[120.1675357,-4.1852452],[120.1679233,-4.1852854],[120.168217,-4.1853442],[120.1684611,-4.185387],[120.1687588,-4.1854124],[120.1689465,-4.1854873],[120.1690994,-4.1855783],[120.1692845,-4.1857094],[120.169652,-4.1859167],[120.1698746,-4.1860223],[120.1701495,-4.1861079],[120.1704754,-4.1862444],[120.1712659,-4.1866144],[120.171736,-4.1867901],[120.172011,-4.186861],[120.1722497,-4.186865],[120.1724938,-4.1868476],[120.1727687,-4.1868289],[120.172994,-4.1868275],[120.1731107,-4.1868396],[120.1732622,-4.1868824],[120.1735345,-4.1869961],[120.1740374,-4.1872087],[120.1750807,-4.1876916],[120.1753852,-4.1878547],[120.1757768,-4.1880487],[120.176045,-4.1881905],[120.1761885,-4.1882948],[120.176332,-4.1884606],[120.1765305,-4.1886934],[120.1767156,-4.1888298],[120.1768725,-4.1889047],[120.1770321,-4.1889341],[120.1772077,-4.1889328],[120.1774572,-4.1888967],[120.1778206,-4.1888231],[120.1782082,-4.1887295],[120.1785314,-4.188672],[120.1788466,-4.1886359],[120.179143,-4.1886104],[120.1793213,-4.188589],[120.1794387,-4.1885462],[120.1796673,-4.1883964],[120.1799671,-4.1881657],[120.1807181,-4.1875953],[120.1808703,-4.1874883],[120.1809756,-4.1874341],[120.181054,-4.1873766],[120.1811466,-4.1873084],[120.1812156,-4.1872402],[120.1816743,-4.1867573],[120.1818171,-4.1866236],[120.1819398,-4.1865132],[120.1823019,-4.1862256],[120.1825004,-4.1860745],[120.1827485,-4.1859247],[120.1829845,-4.185823],[120.183122,-4.1857562],[120.1832494,-4.1856799],[120.1834103,-4.1855622],[120.1837376,-4.1853469],[120.1840326,-4.1851422],[120.1842801,-4.184967],[120.1845215,-4.1847804],[120.1847032,-4.1846132],[120.1848567,-4.1844561],[120.1850338,-4.1842347],[120.185186,-4.1839799],[120.185414,-4.1836429],[120.1857345,-4.1832001],[120.1859705,-4.1827868],[120.1861958,-4.1824123],[120.1863581,-4.1821261],[120.1865311,-4.1818586],[120.1867913,-4.181456],[120.1869804,-4.1811658],[120.1871775,-4.1809063],[120.1878346,-4.1800904],[120.1881659,-4.1796744],[120.1884609,-4.1793213],[120.1888271,-4.178904],[120.189283,-4.1783436],[120.1894225,-4.1781309],[120.1897041,-4.1776226],[120.1898651,-4.1773645],[120.1899925,-4.177216],[120.1902115,-4.1771013]]}},{"type":"Feature","properties":{"segmentId":"osm-gaul2-18188-2125210616-2302342448-0","regionId":"gaul2-18188","province":"Sulawesi Selatan","region":"Wajo","roadName":"Unnamed OSM road","highway":"secondary","lengthMeters":2828.838,"osmWayIds":["349981032","726104208","726104209"],"u":"2125210616","v":"2302342448","key":0,"oneway":false,"source":"OpenStreetMap"},"geometry":{"type":"LineString","coordinates":[[120.2088606,-4.1226965],[120.2088201,-4.1227864],[120.2087101,-4.1230059],[120.2085982,-4.1232131],[120.2085191,-4.1233768],[120.2084308,-4.1236035],[120.2083609,-4.1238175],[120.2082943,-4.1239556],[120.2082085,-4.1241161],[120.2080797,-4.1243168],[120.2080062,-4.1244067],[120.2079268,-4.1245014],[120.2077507,-4.1246368],[120.2075862,-4.1247608],[120.20744,-4.1248752],[120.2073752,-4.1249338],[120.2073162,-4.125004],[120.2072044,-4.1251596],[120.2071678,-4.1252451],[120.2070927,-4.125427],[120.2070055,-4.1256518],[120.206901,-4.1259232],[120.2067547,-4.1262777],[120.2066555,-4.1265185],[120.2064305,-4.1268452],[120.2061325,-4.1275103],[120.2059742,-4.1277993],[120.2059112,-4.1279043],[120.2057891,-4.1281042],[120.2056196,-4.1283685],[120.2055102,-4.1285116],[120.2052822,-4.1288486],[120.2051619,-4.1290193],[120.2050917,-4.1291189],[120.2049415,-4.1293596],[120.2047712,-4.1296592],[120.2047056,-4.1297327],[120.2044669,-4.1301809],[120.2041933,-4.130732],[120.2041157,-4.130925],[120.2039895,-4.1312349],[120.2038581,-4.1316362],[120.2036864,-4.1321552],[120.2035806,-4.1325074],[120.2034773,-4.1329],[120.203313,-4.1336741],[120.2031137,-4.1345383],[120.2028816,-4.1354434],[120.202784,-4.1357845],[120.2027032,-4.1361683],[120.2026278,-4.1365797],[120.2025407,-4.1371254],[120.2024594,-4.1381029],[120.2023918,-4.1387179],[120.2023682,-4.1390242],[120.2023603,-4.1393467],[120.2023508,-4.1399044],[120.2023414,-4.1400261],[120.2023253,-4.1401231],[120.2022543,-4.1403578],[120.2021169,-4.140795],[120.2020073,-4.1411162],[120.2018663,-4.1416401],[120.2017514,-4.1420237],[120.2017171,-4.1421041],[120.2016709,-4.1421756],[120.2016434,-4.1422017],[120.2016172,-4.1422198],[120.2015605,-4.1422468],[120.2014979,-4.1422579],[120.2014315,-4.1422606],[120.2013062,-4.1422542],[120.2009728,-4.1422097],[120.2008213,-4.142199],[120.2007623,-4.142205],[120.2006952,-4.1422131],[120.2006624,-4.1422218],[120.2006121,-4.1422445],[120.2005718,-4.1422706],[120.2005175,-4.1423087],[120.2002346,-4.1425381],[120.2001078,-4.1426511],[120.1999663,-4.1427882],[120.1996994,-4.1430451],[120.1993832,-4.1433403],[120.1993293,-4.1433792],[120.1993025,-4.1433958],[120.1992703,-4.1434076],[120.1992418,-4.1434179],[120.1992066,-4.1434282],[120.1991801,-4.1434326],[120.1991532,-4.143434],[120.1986775,-4.1434116],[120.1981099,-4.1434232],[120.1978591,-4.1434367]]}},{"type":"Feature","properties":{"segmentId":"osm-gaul2-18188-2125210616-6807658388-0","regionId":"gaul2-18188","province":"Sulawesi Selatan","region":"Wajo","roadName":"Unnamed OSM road","highway":"secondary","lengthMeters":17.19,"osmWayIds":["726104209"],"u":"2125210616","v":"6807658388","key":0,"oneway":false,"source":"OpenStreetMap"},"geometry":{"type":"LineString","coordinates":[[120.2088606,-4.1226965],[120.2089237,-4.1225553]]}},{"type":"Feature","properties":{"segmentId":"osm-gaul2-18188-2125210617-2125210616-0","regionId":"gaul2-18188","province":"Sulawesi Selatan","region":"Wajo","roadName":"Unnamed OSM road","highway":"tertiary","lengthMeters":25.291,"osmWayIds":["726104210"],"u":"2125210617","v":"2125210616","key":0,"oneway":true,"source":"OpenStreetMap"},"geometry":{"type":"LineString","coordinates":[[120.2090873,-4.1227211],[120.2088606,-4.1226965]]}},{"type":"Feature","properties":{"segmentId":"osm-gaul2-18188-2125210617-2125210721-0","regionId":"gaul2-18188","province":"Sulawesi Selatan","region":"Wajo","roadName":"Unnamed OSM road","highway":"tertiary","lengthMeters":4383.441,"osmWayIds":["202555354"],"u":"2125210617","v":"2125210721","key":0,"oneway":false,"source":"OpenStreetMap"},"geometry":{"type":"LineString","coordinates":[[120.2090873,-4.1227211],[120.2096642,-4.123001],[120.2102752,-4.1232503],[120.2110917,-4.1235383],[120.2119993,-4.1238932],[120.2128007,-4.1242195],[120.2131634,-4.1243405],[120.2133431,-4.1243974],[120.2136201,-4.1244803],[120.2140144,-4.1246054],[120.214349,-4.1247017],[120.2145682,-4.1247498],[120.2148955,-4.1248],[120.2153273,-4.1248388],[120.2157145,-4.1248836],[120.2159952,-4.1249157],[120.216317,-4.1249445],[120.2165611,-4.1249639],[120.216849,-4.1249956],[120.2177924,-4.1251136],[120.2187878,-4.1252723],[120.2191521,-4.1253016],[120.2195652,-4.1253431],[120.2200126,-4.1254121],[120.2202827,-4.1254742],[120.2205938,-4.1255785],[120.2209103,-4.1256956],[120.2211235,-4.1257778],[120.2214608,-4.1258741],[120.2216882,-4.125937],[120.2220308,-4.1259885],[120.2223037,-4.1260199],[120.2224746,-4.1260436],[120.2226752,-4.1260721],[120.2229783,-4.1261189],[120.2232452,-4.1261684],[120.2234846,-4.1262232],[120.2237749,-4.1262921],[120.2239476,-4.1263415],[120.2241377,-4.1264212],[120.2242158,-4.1264577],[120.2243905,-4.126557],[120.2244215,-4.1265742],[120.2248257,-4.1267991],[120.225159,-4.1269732],[120.2252367,-4.1270138],[120.2254949,-4.1271382],[120.2257202,-4.1272626],[120.2258912,-4.1273783],[120.2261044,-4.1275013],[120.2262208,-4.1275772],[120.2264001,-4.1277067],[120.226671,-4.1279153],[120.226889,-4.1280752],[120.2270398,-4.1281882],[120.2273516,-4.1283976],[120.2275448,-4.1285273],[120.2277446,-4.1286631],[120.2279063,-4.1287607],[120.2281375,-4.1289159],[120.2284651,-4.1291488],[120.2287075,-4.1293112],[120.2288745,-4.1294289],[120.2290904,-4.1295967],[120.229315,-4.1297606],[120.2294417,-4.1298582],[120.2296603,-4.1300214],[120.2297401,-4.1300923],[120.2300332,-4.1303211],[120.2302618,-4.1305057],[120.2305059,-4.1306956],[120.2307075,-4.1308629],[120.2309109,-4.1310568],[120.2311369,-4.131244],[120.2313776,-4.1314828],[120.2316606,-4.1317048],[120.2318819,-4.1318908],[120.232134,-4.1320727],[120.2324975,-4.1323817],[120.2327429,-4.1325716],[120.2330151,-4.1327963],[120.2332538,-4.1329889],[120.2335475,-4.1332498],[120.2338319,-4.1334718],[120.2340022,-4.1336123],[120.2341886,-4.1337661],[120.2343696,-4.1339079],[120.2344917,-4.1339748],[120.2345635,-4.1339881],[120.2347666,-4.1339935],[120.2349503,-4.1339841],[120.2352588,-4.133956],[120.2354794,-4.1339532],[120.2359119,-4.13394],[120.2362676,-4.1339293],[120.2365932,-4.1339226],[120.2367771,-4.1339138],[120.2371015,-4.1339547],[120.2372954,-4.1339799],[120.2376057,-4.134055],[120.2378103,-4.1341183],[120.2381502,-4.134257],[120.2387483,-4.1345325],[120.2390072,-4.1346449],[120.2392741,-4.1347599],[120.2397595,-4.134974],[120.2400814,-4.1352094],[120.2403228,-4.1354047],[120.240477,-4.1355719],[120.2407841,-4.1358822],[120.2412656,-4.1363156],[120.2417578,-4.136745],[120.2421601,-4.1370794],[120.2424967,-4.1373803],[120.2429353,-4.137807],[120.2432008,-4.1381588],[120.2434275,-4.1384571],[120.2435951,-4.1386885],[120.2437064,-4.1388651]]}},{"type":"Feature","properties":{"segmentId":"osm-gaul2-18188-2125210721-2123332248-0","regionId":"gaul2-18188","province":"Sulawesi Selatan","region":"Wajo","roadName":"Jalan H. Andi Muhammad Said","highway":"tertiary","lengthMeters":3191.458,"osmWayIds":["1185061873","202555354"],"u":"2125210721","v":"2123332248","key":0,"oneway":false,"source":"OpenStreetMap"},"geometry":{"type":"LineString","coordinates":[[120.2437064,-4.1388651],[120.2438928,-4.1389962],[120.2440021,-4.1390748],[120.2443475,-4.1392583],[120.2446613,-4.1393988],[120.2450421,-4.1395365],[120.2454619,-4.1396717],[120.2456315,-4.1397196],[120.2457838,-4.1397626],[120.2460896,-4.1398216],[120.246508,-4.1399031],[120.2469023,-4.1399739],[120.2475544,-4.1400068],[120.247955,-4.1400208],[120.2482978,-4.1400363],[120.2486779,-4.1400729],[120.2490145,-4.1401224],[120.2492197,-4.1401585],[120.2494569,-4.1402082],[120.2497293,-4.1403217],[120.24996,-4.1404421],[120.2503355,-4.1406026],[120.2507351,-4.1407538],[120.2511898,-4.1408982],[120.2514599,-4.1409932],[120.2520092,-4.1411537],[120.2522812,-4.141222],[120.2525564,-4.1412728],[120.2528433,-4.1413209],[120.2529842,-4.1413544],[120.2532323,-4.1414493],[120.2534777,-4.1415764],[120.2537405,-4.1417088],[120.2539431,-4.1418359],[120.2541482,-4.1419937],[120.2543025,-4.1421275],[120.2544634,-4.1422404],[120.254674,-4.1423161],[120.2550857,-4.1424525],[120.2553298,-4.1425475],[120.2557059,-4.1427233],[120.2559011,-4.1428498],[120.2560902,-4.1430076],[120.2562672,-4.1431989],[120.2563946,-4.1433514],[120.2564925,-4.1434423],[120.2567614,-4.1436417],[120.2569123,-4.1437594],[120.2570323,-4.143863],[120.257206,-4.1440128],[120.2573635,-4.1441499],[120.2575929,-4.1443332],[120.2578302,-4.1445312],[120.258083,-4.1447298],[120.2582118,-4.1448308],[120.2583573,-4.1449344],[120.2584753,-4.1450368],[120.2585913,-4.1451458],[120.2586953,-4.1452735],[120.2587878,-4.1453665],[120.2588743,-4.14541],[120.259105,-4.145438],[120.2594657,-4.1453966],[120.2598131,-4.1453591],[120.2600699,-4.1453317],[120.2602731,-4.1453016],[120.2605715,-4.1452468],[120.2607827,-4.145204],[120.261075,-4.1451424],[120.2613587,-4.1451324],[120.2615511,-4.1451471],[120.2616732,-4.1451652],[120.2618851,-4.1452066],[120.2620366,-4.1452454],[120.2622512,-4.1453103],[120.2624203,-4.1453764],[120.2627065,-4.1454996],[120.2629231,-4.1455905],[120.2632661,-4.1457314],[120.2633087,-4.1457541],[120.2634582,-4.145834],[120.2636647,-4.145949],[120.2639616,-4.1461091],[120.2643608,-4.1463008],[120.2646598,-4.1464626],[120.2649508,-4.1465937],[120.2651527,-4.1466793],[120.2652445,-4.1467054],[120.2653968,-4.1467382],[120.2655336,-4.1467669],[120.2656335,-4.146779],[120.2657676,-4.146797],[120.265846,-4.1468178],[120.265964,-4.1468479],[120.266121,-4.1469074],[120.2662336,-4.1469629],[120.2664321,-4.1470679],[120.266597,-4.1471682],[120.2666554,-4.1472097],[120.2666949,-4.1472465],[120.2667164,-4.1472826],[120.2667385,-4.1473348],[120.2667573,-4.1473916],[120.266768,-4.1474705],[120.2667721,-4.1475548],[120.2667882,-4.1476946],[120.2668056,-4.1477849],[120.266819,-4.1478363],[120.2668378,-4.1479012],[120.2668592,-4.1479694],[120.2668807,-4.148025],[120.2669122,-4.1480831],[120.2669477,-4.1481413],[120.26699,-4.1481948],[120.2670376,-4.1482396],[120.2670919,-4.1482751],[120.2673635,-4.1483854],[120.2677537,-4.1485279],[120.2680595,-4.1486637],[120.2683552,-4.1488094],[120.2684049,-4.1488308],[120.2684431,-4.1488456],[120.2684954,-4.1488609],[120.2685584,-4.1488743],[120.2686248,-4.1488844],[120.2686798,-4.148891],[120.2689353,-4.1489098],[120.2693443,-4.1489011]]}},{"type":"Feature","properties":{"segmentId":"osm-gaul2-18188-2125210721-2125210617-0","regionId":"gaul2-18188","province":"Sulawesi Selatan","region":"Wajo","roadName":"Unnamed OSM road","highway":"tertiary","lengthMeters":4383.441,"osmWayIds":["202555354"],"u":"2125210721","v":"2125210617","key":0,"oneway":false,"source":"OpenStreetMap"},"geometry":{"type":"LineString","coordinates":[[120.2437064,-4.1388651],[120.2435951,-4.1386885],[120.2434275,-4.1384571],[120.2432008,-4.1381588],[120.2429353,-4.137807],[120.2424967,-4.1373803],[120.2421601,-4.1370794],[120.2417578,-4.136745],[120.2412656,-4.1363156],[120.2407841,-4.1358822],[120.240477,-4.1355719],[120.2403228,-4.1354047],[120.2400814,-4.1352094],[120.2397595,-4.134974],[120.2392741,-4.1347599],[120.2390072,-4.1346449],[120.2387483,-4.1345325],[120.2381502,-4.134257],[120.2378103,-4.1341183],[120.2376057,-4.134055],[120.2372954,-4.1339799],[120.2371015,-4.1339547],[120.2367771,-4.1339138],[120.2365932,-4.1339226],[120.2362676,-4.1339293],[120.2359119,-4.13394],[120.2354794,-4.1339532],[120.2352588,-4.133956],[120.2349503,-4.1339841],[120.2347666,-4.1339935],[120.2345635,-4.1339881],[120.2344917,-4.1339748],[120.2343696,-4.1339079],[120.2341886,-4.1337661],[120.2340022,-4.1336123],[120.2338319,-4.1334718],[120.2335475,-4.1332498],[120.2332538,-4.1329889],[120.2330151,-4.1327963],[120.2327429,-4.1325716],[120.2324975,-4.1323817],[120.232134,-4.1320727],[120.2318819,-4.1318908],[120.2316606,-4.1317048],[120.2313776,-4.1314828],[120.2311369,-4.131244],[120.2309109,-4.1310568],[120.2307075,-4.1308629],[120.2305059,-4.1306956],[120.2302618,-4.1305057],[120.2300332,-4.1303211],[120.2297401,-4.1300923],[120.2296603,-4.1300214],[120.2294417,-4.1298582],[120.229315,-4.1297606],[120.2290904,-4.1295967],[120.2288745,-4.1294289],[120.2287075,-4.1293112],[120.2284651,-4.1291488],[120.2281375,-4.1289159],[120.2279063,-4.1287607],[120.2277446,-4.1286631],[120.2275448,-4.1285273],[120.2273516,-4.1283976],[120.2270398,-4.1281882],[120.226889,-4.1280752],[120.226671,-4.1279153],[120.2264001,-4.1277067],[120.2262208,-4.1275772],[120.2261044,-4.1275013],[120.2258912,-4.1273783],[120.2257202,-4.1272626],[120.2254949,-4.1271382],[120.2252367,-4.1270138],[120.225159,-4.1269732],[120.2248257,-4.1267991],[120.2244215,-4.1265742],[120.2243905,-4.126557],[120.2242158,-4.1264577],[120.2241377,-4.1264212],[120.2239476,-4.1263415],[120.2237749,-4.1262921],[120.2234846,-4.1262232],[120.2232452,-4.1261684],[120.2229783,-4.1261189],[120.2226752,-4.1260721],[120.2224746,-4.1260436],[120.2223037,-4.1260199],[120.2220308,-4.1259885],[120.2216882,-4.125937],[120.2214608,-4.1258741],[120.2211235,-4.1257778],[120.2209103,-4.1256956],[120.2205938,-4.1255785],[120.2202827,-4.1254742],[120.2200126,-4.1254121],[120.2195652,-4.1253431],[120.2191521,-4.1253016],[120.2187878,-4.1252723],[120.2177924,-4.1251136],[120.216849,-4.1249956],[120.2165611,-4.1249639],[120.216317,-4.1249445],[120.2159952,-4.1249157],[120.2157145,-4.1248836],[120.2153273,-4.1248388],[120.2148955,-4.1248],[120.2145682,-4.1247498],[120.214349,-4.1247017],[120.2140144,-4.1246054],[120.2136201,-4.1244803],[120.2133431,-4.1243974],[120.2131634,-4.1243405],[120.2128007,-4.1242195],[120.2119993,-4.1238932],[120.2110917,-4.1235383],[120.2102752,-4.1232503],[120.2096642,-4.123001],[120.2090873,-4.1227211]]}},{"type":"Feature","properties":{"segmentId":"osm-gaul2-18188-2125210721-2300703019-0","regionId":"gaul2-18188","province":"Sulawesi Selatan","region":"Wajo","roadName":"Jalan Bocco","highway":"tertiary","lengthMeters":11273.745,"osmWayIds":["1069573869","1071930581","221821040"],"u":"2125210721","v":"2300703019","key":0,"oneway":false,"source":"OpenStreetMap"},"geometry":{"type":"LineString","coordinates":[[120.2437064,-4.1388651],[120.2435911,-4.1389962],[120.2434999,-4.1391593],[120.2433416,-4.1394362],[120.2432142,-4.1396181],[120.2430908,-4.1398388],[120.2429728,-4.1400863],[120.242828,-4.1403779],[120.2427489,-4.1405518],[120.2427234,-4.1406695],[120.2427033,-4.1408715],[120.2426931,-4.141043],[120.2427019,-4.1411938],[120.2426966,-4.1413062],[120.242667,-4.1414092],[120.2425812,-4.1416513],[120.2425209,-4.1418453],[120.2424069,-4.142082],[120.2423157,-4.1421904],[120.2421802,-4.1422974],[120.2420515,-4.1424084],[120.2418664,-4.1425542],[120.2417015,-4.1427602],[120.2415459,-4.1429474],[120.2413957,-4.1431534],[120.2412267,-4.1434263],[120.2410644,-4.1436858],[120.2409437,-4.1439185],[120.2407761,-4.1443559],[120.2405883,-4.1447933],[120.2404998,-4.1449685],[120.240412,-4.1451291],[120.2403845,-4.1451846],[120.2403724,-4.1452481],[120.2404093,-4.1452829],[120.2405642,-4.1453819],[120.2406789,-4.1454487],[120.2407258,-4.1454855],[120.2407526,-4.1455163],[120.2407432,-4.1455498],[120.2407198,-4.1456052],[120.2406641,-4.1456915],[120.2406105,-4.1457798],[120.2405333,-4.1459824],[120.2404126,-4.1462179],[120.2402973,-4.1463837],[120.2401967,-4.1464787],[120.2401283,-4.1465442],[120.2400465,-4.1466392],[120.2399433,-4.1467516],[120.2398574,-4.1469295],[120.2398199,-4.1471181],[120.2397515,-4.1473147],[120.2397166,-4.1474578],[120.2397099,-4.1476892],[120.2397716,-4.1478591],[120.2399325,-4.1480985],[120.2402142,-4.1484864],[120.2403992,-4.1487406],[120.2405293,-4.1489345],[120.2405669,-4.1490923],[120.2405615,-4.1492328],[120.2405414,-4.1494134],[120.2405427,-4.1495418],[120.2406165,-4.1497397],[120.24076,-4.1499417],[120.2408418,-4.1500634],[120.2408713,-4.1501918],[120.2408512,-4.1504232],[120.2408244,-4.1506453],[120.2408096,-4.1507576],[120.2408029,-4.1508486],[120.240768,-4.1509208],[120.2406862,-4.1509529],[120.2405414,-4.1509556],[120.2403697,-4.1509529],[120.2402249,-4.1509569],[120.2399902,-4.1510171],[120.2398373,-4.1510653],[120.2396321,-4.1511228],[120.2393398,-4.1511616],[120.2391762,-4.1511897],[120.2390434,-4.1512445],[120.2389602,-4.1513489],[120.2388932,-4.1514585],[120.2388771,-4.1516124],[120.2389079,-4.1518719],[120.2389562,-4.1520778],[120.2390192,-4.1523815],[120.2390863,-4.1525594],[120.2391668,-4.1527359],[120.2392311,-4.1528844],[120.2392325,-4.153073],[120.2391332,-4.1532643],[120.2389938,-4.1534542],[120.2388141,-4.1536763],[120.2386035,-4.1539959],[120.2384385,-4.1542808],[120.2383474,-4.1544347],[120.2382414,-4.1545751],[120.238177,-4.154749],[120.2381663,-4.1548774],[120.2381462,-4.1549978],[120.2381073,-4.1551249],[120.2380443,-4.1552319],[120.2379785,-4.155375],[120.2379517,-4.1554673],[120.2379799,-4.155601],[120.2380322,-4.1557254],[120.2381234,-4.1559221],[120.2381381,-4.1560237],[120.2380992,-4.1561802],[120.2380818,-4.1563313],[120.2380148,-4.1565494],[120.2379906,-4.1566176],[120.2380013,-4.1567099],[120.2380429,-4.1567754],[120.2380885,-4.1568824],[120.2381207,-4.1569747],[120.2381046,-4.1571005],[120.2380416,-4.157281],[120.2379544,-4.1575419],[120.2379316,-4.1577706],[120.2379182,-4.1579592],[120.2379102,-4.1581438],[120.2379155,-4.158327],[120.237945,-4.1584969],[120.2379598,-4.1587162],[120.2379598,-4.1588152],[120.2379383,-4.1589249],[120.2379075,-4.1590226],[120.2378981,-4.1591229],[120.2379021,-4.1592312],[120.2379464,-4.1593382],[120.2380161,-4.1594746],[120.2380389,-4.1595442],[120.2380563,-4.1596418],[120.2380952,-4.1598184],[120.238118,-4.1599134],[120.238106,-4.159999],[120.2380483,-4.1600993],[120.2379839,-4.1601929],[120.2379195,-4.1602718],[120.2378055,-4.160431],[120.237713,-4.1606076],[120.2375644,-4.1607833],[120.237485,-4.1609125],[120.2373496,-4.1610356],[120.2372289,-4.1611506],[120.2371109,-4.1612576],[120.2369043,-4.161477],[120.2367622,-4.1616776],[120.2366844,-4.1618154],[120.2366468,-4.1619344],[120.2366227,-4.162103],[120.2366307,-4.1622929],[120.2366093,-4.1626781],[120.2365395,-4.1630473],[120.2364403,-4.1633977],[120.2363706,-4.1636813],[120.2363223,-4.1640184],[120.236325,-4.1643367],[120.2363276,-4.164548],[120.2362928,-4.1647353],[120.2361962,-4.1649012],[120.2360272,-4.1650903],[120.2358234,-4.1653265],[120.2356678,-4.1655753],[120.2354211,-4.1659204],[120.2353379,-4.1662066],[120.2352628,-4.1664715],[120.2352011,-4.1666534],[120.2351502,-4.1668834],[120.2350777,-4.1670279],[120.2349812,-4.1671937],[120.2347934,-4.1674666],[120.2345842,-4.1678277],[120.2343976,-4.1681276],[120.2342489,-4.1683161],[120.2342248,-4.1683467],[120.2339995,-4.1686731],[120.2338546,-4.1688817],[120.233632,-4.1691867],[120.2335006,-4.1693419],[120.2332994,-4.1697645],[120.2332109,-4.1700213],[120.2332243,-4.170353],[120.2332833,-4.170658],[120.2334121,-4.1710646],[120.2334791,-4.171284],[120.2334711,-4.1714124],[120.2333424,-4.1716049],[120.2333128,-4.1717601],[120.2332417,-4.1719634],[120.2331851,-4.1721897],[120.2331197,-4.1724276],[120.2330164,-4.1727741],[120.232869,-4.1732301],[120.2328609,-4.1732836],[120.2328689,-4.1733158],[120.2329105,-4.1733492],[120.23305,-4.1734201],[120.2330312,-4.1735177],[120.2330097,-4.1736153],[120.2329547,-4.1737785],[120.2328877,-4.1740741],[120.2327831,-4.1742988],[120.2326624,-4.1746372],[120.2325632,-4.1749228],[120.2325216,-4.1750091],[120.2324907,-4.1751094],[120.2324773,-4.175306],[120.2324626,-4.1756069],[120.2324612,-4.1757995],[120.2324572,-4.1760296],[120.2324414,-4.1761922],[120.2324224,-4.1764067],[120.2324116,-4.1765526],[120.2323768,-4.1766823],[120.2323312,-4.1768776],[120.2322507,-4.1771237],[120.2321297,-4.1774149],[120.2320603,-4.1775424],[120.2319449,-4.1777384],[120.2318229,-4.1779316],[120.2317397,-4.1780841],[120.23167,-4.1782687],[120.2315694,-4.1785014],[120.2314635,-4.1787034],[120.2312757,-4.1789327],[120.2311785,-4.179029],[120.2310913,-4.1791227],[120.2310242,-4.1792056],[120.2309304,-4.17933],[120.2307896,-4.1795186],[120.2306427,-4.1797072],[120.2305267,-4.1798677],[120.2304389,-4.1799847],[120.2303343,-4.1801265],[120.2302236,-4.180281],[120.2301371,-4.1804121],[120.2300962,-4.180497],[120.2300479,-4.1806294],[120.2300097,-4.1807957],[120.2299956,-4.1808728],[120.2299815,-4.1809946],[120.2299742,-4.1811564],[120.2299836,-4.181236],[120.2300064,-4.1813323],[120.2300473,-4.1814573],[120.230117,-4.1816205],[120.2301666,-4.1818157],[120.2301807,-4.1818847],[120.2301854,-4.1819977],[120.230174,-4.182098],[120.2301472,-4.1821656],[120.230121,-4.1822037],[120.2300714,-4.1822472],[120.2299976,-4.1822893],[120.2298185,-4.1823582],[120.2297348,-4.182395],[120.2296396,-4.1824291],[120.2295189,-4.1824645],[120.229368,-4.1824772],[120.2292319,-4.1824852],[120.2291192,-4.1824866],[120.2290394,-4.182506],[120.2290012,-4.1825298],[120.228969,-4.1825668],[120.2289442,-4.182615],[120.2288939,-4.1827193],[120.2287853,-4.1829413],[120.2285868,-4.1832918],[120.2285148,-4.1834512],[120.2284896,-4.1835252],[120.2284534,-4.183687],[120.2284178,-4.1838642],[120.2283937,-4.1839632],[120.2283514,-4.1840916],[120.2282877,-4.1842461],[120.2282173,-4.1843892],[120.2281395,-4.1844875],[120.2280745,-4.1845865],[120.2279612,-4.1847437],[120.227811,-4.1849864],[120.2277372,-4.1851175],[120.227697,-4.1851971],[120.2276681,-4.1852767],[120.2276534,-4.1853843],[120.2276245,-4.1855977],[120.2275823,-4.1858063],[120.2274809,-4.1861969],[120.2274261,-4.186435],[120.2273825,-4.1865473],[120.2273349,-4.1866329],[120.2272698,-4.1867239],[120.227178,-4.1868289],[120.2270003,-4.1870422],[120.2267461,-4.1873773],[120.2265973,-4.1875658],[120.2264135,-4.1878139],[120.2263391,-4.1879143],[120.2262781,-4.1880146],[120.2261882,-4.1881778],[120.2261383,-4.188302],[120.2261158,-4.1884152],[120.2261011,-4.1885663],[120.2260876,-4.1888144],[120.2260903,-4.1890284],[120.226091,-4.189328],[120.226085,-4.1896303],[120.2260716,-4.1899052],[120.2260481,-4.1900659],[120.2260125,-4.1901693],[120.2259522,-4.1902777],[120.2258449,-4.1904087],[120.2256538,-4.19059],[120.2254567,-4.1907659],[120.2252796,-4.1909344],[120.2249846,-4.1911323],[120.2246815,-4.1913203],[120.2244059,-4.1914828],[120.2242074,-4.1916078],[120.2237474,-4.1918894],[120.2235013,-4.1920258],[120.2234222,-4.1920726],[120.2233169,-4.1921214],[120.2230903,-4.1922258],[120.2226088,-4.1924177],[120.2224888,-4.1924699],[120.2223138,-4.1925434],[120.2222098,-4.1925862],[120.2221495,-4.1926156],[120.2221019,-4.1925942],[120.2220496,-4.1925648],[120.2219356,-4.1924444],[120.2218538,-4.1923508],[120.2217639,-4.1922445],[120.2216244,-4.1921121],[120.2214769,-4.1920084],[120.2213053,-4.1918894],[120.2210961,-4.1917489],[120.2209566,-4.1916326],[120.2207266,-4.191442],[120.2204872,-4.191248],[120.2203497,-4.1911531],[120.2201774,-4.1910434],[120.2198287,-4.1908622],[120.2193915,-4.1906167],[120.2188444,-4.1903098],[120.2185674,-4.1901493],[120.2183998,-4.1900764],[120.2182797,-4.1900382],[120.218133,-4.189998],[120.2179042,-4.1899339],[120.2176528,-4.1898537],[120.2173926,-4.1897547],[120.2170975,-4.1896263],[120.2169065,-4.1895433],[120.216779,-4.1895026],[120.216653,-4.1894738],[120.2165591,-4.1894624],[120.2164491,-4.1894517],[120.2162386,-4.1894237],[120.2159938,-4.1893728],[120.2158624,-4.189336],[120.2157041,-4.1892825],[120.2155177,-4.1891849],[120.2153501,-4.1890853],[120.2150966,-4.1889716],[120.2149129,-4.1888686],[120.2147479,-4.1887763],[120.2146232,-4.1887134],[120.2144583,-4.1886385],[120.2140492,-4.1884499],[120.213329,-4.1881142],[120.2129468,-4.187951],[120.2127497,-4.1878534],[120.2125096,-4.1877384],[120.2122951,-4.1876327],[120.2120671,-4.1875137],[120.2117103,-4.1873197],[120.2114287,-4.1871365],[120.2110465,-4.1869011],[120.2105302,-4.1865694],[120.2099334,-4.1861748],[120.2096491,-4.1859568],[120.2094036,-4.1857588],[120.2092467,-4.1856492],[120.2089262,-4.1854017],[120.2088028,-4.1852693],[120.2085346,-4.1849911],[120.2082825,-4.1847169],[120.2079338,-4.1842889],[120.2078077,-4.1841271],[120.2076186,-4.1838983],[120.2074818,-4.1837659],[120.2073745,-4.1836883],[120.2072002,-4.1835613],[120.2068582,-4.1833513],[120.2062681,-4.1829674],[120.2058886,-4.1827093],[120.2055091,-4.1824806],[120.2052033,-4.1822906],[120.2049807,-4.1821863],[120.2046803,-4.1821181],[120.2043852,-4.1820392],[120.2041505,-4.1819522],[120.2033405,-4.1816205],[120.2031125,-4.1815296],[120.2029502,-4.1814359],[120.2028778,-4.1813584],[120.2028523,-4.1812647],[120.2028322,-4.1809598],[120.2027893,-4.1806307],[120.2027276,-4.1803525],[120.2026498,-4.1801118],[120.202501,-4.1797319],[120.2023856,-4.1794965],[120.2022596,-4.1793079],[120.2020235,-4.1791073],[120.2018291,-4.179003],[120.2016413,-4.1789709],[120.2014013,-4.1789535],[120.2009332,-4.1789548],[120.2006087,-4.1789882],[120.2003203,-4.1790257],[120.2001607,-4.1790471],[120.1997785,-4.1790551],[120.1995412,-4.179015],[120.199336,-4.1789923],[120.1989323,-4.1789949],[120.1978943,-4.179031],[120.1973793,-4.1790645],[120.1966551,-4.1790845],[120.1961562,-4.1790899],[120.1960275,-4.1790832],[120.195837,-4.1790284],[120.1956117,-4.1789053],[120.1951812,-4.1786539],[120.1950511,-4.1786057],[120.1949385,-4.178583],[120.1947797,-4.1786038],[120.1945402,-4.1786378],[120.1943497,-4.1786418],[120.1937154,-4.1784706],[120.1934163,-4.178381],[120.1931937,-4.1782981],[120.1930985,-4.1782299],[120.1929206,-4.1780596],[120.1928249,-4.177941],[120.192727,-4.1778433],[120.1925596,-4.1777582],[120.1923203,-4.1776669],[120.1920712,-4.1775838],[120.1918483,-4.1775342],[120.1911073,-4.1773967],[120.1904623,-4.1772678],[120.1903626,-4.1772414],[120.1902609,-4.1772082],[120.1902322,-4.1771769],[120.1902158,-4.1771444],[120.1902115,-4.1771013]]}},{"type":"Feature","properties":{"segmentId":"osm-gaul2-18188-2125211434-2123332248-0","regionId":"gaul2-18188","province":"Sulawesi Selatan","region":"Wajo","roadName":"Jalan H. Andi Muhammad Said","highway":"tertiary","lengthMeters":472.595,"osmWayIds":["1185061873"],"u":"2125211434","v":"2123332248","key":0,"oneway":false,"source":"OpenStreetMap"},"geometry":{"type":"LineString","coordinates":[[120.2733582,-4.1503189],[120.2730873,-4.1502387],[120.2725777,-4.1500674],[120.2720734,-4.1498909],[120.2716765,-4.1497464],[120.2712983,-4.1496073],[120.2712311,-4.1495842],[120.2706599,-4.1493545],[120.2702844,-4.1492274],[120.2698687,-4.149083],[120.2696031,-4.1489827],[120.2694932,-4.1489372],[120.2694355,-4.1489144],[120.2693443,-4.1489011]]}},{"type":"Feature","properties":{"segmentId":"osm-gaul2-18188-2125211434-2125214139-0","regionId":"gaul2-18188","province":"Sulawesi Selatan","region":"Wajo","roadName":"Jalan Poros Solo -Peneki - Kulampu","highway":"primary","lengthMeters":4932.625,"osmWayIds":["777891743","777891744","777891745"],"u":"2125211434","v":"2125214139","key":0,"oneway":false,"source":"OpenStreetMap"},"geometry":{"type":"LineString","coordinates":[[120.2733582,-4.1503189],[120.273487,-4.1505998],[120.2735943,-4.1509048],[120.2737418,-4.1512927],[120.2738678,-4.1516244],[120.274002,-4.1520578],[120.2742608,-4.1527453],[120.2744029,-4.1531158],[120.2744472,-4.1532121],[120.2744821,-4.1532964],[120.2745169,-4.1533673],[120.2745612,-4.1534475],[120.2746068,-4.1535157],[120.2746792,-4.1535987],[120.2748616,-4.153798],[120.2751714,-4.1540856],[120.2755617,-4.1543865],[120.2758326,-4.1546473],[120.2764441,-4.1552827],[120.2769993,-4.1558953],[120.2772085,-4.156124],[120.2772541,-4.1561789],[120.2772917,-4.1562471],[120.2773306,-4.156314],[120.2777436,-4.1573265],[120.277922,-4.1577612],[120.2779475,-4.1578401],[120.2779649,-4.1579191],[120.2779743,-4.1580073],[120.2779689,-4.1580969],[120.2778885,-4.158735],[120.2778777,-4.1588487],[120.2778724,-4.1589289],[120.2778295,-4.1595068],[120.2777839,-4.1599361],[120.2777718,-4.160013],[120.2777631,-4.1600732],[120.2777517,-4.1602718],[120.2777503,-4.1603615],[120.277749,-4.1604711],[120.2777866,-4.1612884],[120.2778,-4.1616027],[120.2778214,-4.1622555],[120.2778295,-4.162436],[120.2778362,-4.1625537],[120.2778549,-4.1626808],[120.2779327,-4.1629604],[120.2779864,-4.1631356],[120.2780588,-4.1633268],[120.2782259,-4.1637328],[120.2783994,-4.1641053],[120.2786891,-4.1647273],[120.2790405,-4.165495],[120.2793489,-4.1661812],[120.2796829,-4.166957],[120.2799658,-4.1675589],[120.2802059,-4.1682076],[120.2806015,-4.1689553],[120.280851,-4.1695278],[120.2812815,-4.1704948],[120.2816503,-4.1713388],[120.2820513,-4.1722189],[120.2823329,-4.1728155],[120.28264,-4.1735444],[120.282931,-4.1741798],[120.2831765,-4.174763],[120.283336,-4.1751335],[120.2836016,-4.175837],[120.2837303,-4.176166],[120.2837907,-4.1764135],[120.2838805,-4.1768696],[120.2839972,-4.1775397],[120.2840696,-4.1779236],[120.2842042,-4.1787078],[120.2842258,-4.178832],[120.2843003,-4.1792237],[120.2844264,-4.1799125],[120.2844921,-4.1803044],[120.2845752,-4.1808407],[120.2846804,-4.1814922],[120.2846971,-4.181585],[120.2848957,-4.1826397],[120.285003,-4.1831894],[120.2850647,-4.1835466],[120.2851184,-4.183909],[120.2851988,-4.1843792],[120.285279,-4.1848333],[120.285338,-4.1851401],[120.2853785,-4.185395],[120.2855305,-4.186199],[120.2855958,-4.1866456],[120.2856924,-4.1873251],[120.2857165,-4.1876167],[120.2857876,-4.1881129],[120.2858828,-4.1888445],[120.2859405,-4.1893528],[120.2859713,-4.1897085],[120.285978,-4.1900362],[120.2859525,-4.1904014],[120.2858875,-4.1911531],[120.2858734,-4.1912534],[120.2858479,-4.1914567],[120.2858255,-4.1917644]]}},{"type":"Feature","properties":{"segmentId":"osm-gaul2-18188-2125211434-2540487189-0","regionId":"gaul2-18188","province":"Sulawesi Selatan","region":"Wajo","roadName":"Jalan Poros Solo -Peneki - Kulampu","highway":"primary","lengthMeters":8020.516,"osmWayIds":["1431885865","562361304","745174853","745174854","777891743"],"u":"2125211434","v":"2540487189","key":0,"oneway":false,"source":"OpenStreetMap"},"geometry":{"type":"LineString","coordinates":[[120.2733582,-4.1503189],[120.273259,-4.1499604],[120.2731463,-4.1496501],[120.2730786,-4.1494093],[120.2730511,-4.1493471],[120.2730276,-4.149301],[120.2730014,-4.1492609],[120.2729706,-4.1492247],[120.272917,-4.1491806],[120.272866,-4.1491445],[120.2728164,-4.1491191],[120.2727553,-4.1490856],[120.2726849,-4.1490502],[120.2722867,-4.1488823],[120.2723296,-4.1484791],[120.2723175,-4.1480189],[120.2723028,-4.1474538],[120.2723108,-4.1474224],[120.2723262,-4.1473802],[120.272347,-4.1473261],[120.2723665,-4.1472799],[120.2723893,-4.1472324],[120.2725093,-4.1470084],[120.2726153,-4.1468352],[120.2727064,-4.1466579],[120.2728043,-4.1465133],[120.2728318,-4.1464727],[120.2729002,-4.1463563],[120.2730471,-4.1461088],[120.2731001,-4.1460092],[120.2731302,-4.1459497],[120.2731524,-4.1458942],[120.2731732,-4.1458366],[120.2731886,-4.1457878],[120.2732006,-4.1457383],[120.2732161,-4.1456888],[120.2732328,-4.1456387],[120.273263,-4.1455524],[120.2733073,-4.14543],[120.2734058,-4.1451016],[120.273546,-4.1446328],[120.2736506,-4.1443459],[120.2736834,-4.144277],[120.2737163,-4.1442188],[120.2737498,-4.144168],[120.2737988,-4.1440991],[120.2738819,-4.1439941],[120.2739932,-4.1438543],[120.2742387,-4.143536],[120.274533,-4.1431655],[120.2748797,-4.1427154],[120.2750292,-4.1425154],[120.2751788,-4.1423035],[120.2754061,-4.1419991],[120.2756669,-4.1416326],[120.2758983,-4.1412888],[120.2762832,-4.1407277],[120.2765782,-4.1402836],[120.2768109,-4.1399512],[120.2771455,-4.1394784],[120.2773621,-4.139166],[120.2775921,-4.138829],[120.2777544,-4.1385761],[120.2778583,-4.138427],[120.2779676,-4.1382672],[120.2781681,-4.1379816],[120.2784497,-4.1375709],[120.2786274,-4.1373094],[120.2789379,-4.1368747],[120.2791833,-4.1365443],[120.279361,-4.1362862],[120.2796775,-4.1358354],[120.2798733,-4.1355558],[120.2800114,-4.1353699],[120.280058,-4.1353019],[120.2801241,-4.1352054],[120.2802461,-4.1350128],[120.2803628,-4.1348148],[120.2805814,-4.1344403],[120.2809744,-4.1337086],[120.2814558,-4.1327321],[120.2815524,-4.1325248],[120.2816235,-4.1323522],[120.2817187,-4.1321021],[120.2818944,-4.1315992],[120.281999,-4.1312728],[120.2820687,-4.1310253],[120.2821639,-4.1306963],[120.2822672,-4.1303003],[120.2823409,-4.1300489],[120.2823852,-4.1299044],[120.2824281,-4.1297586],[120.2824804,-4.1295981],[120.2825233,-4.1294737],[120.2825636,-4.1293667],[120.2826279,-4.1291901],[120.2827768,-4.1287621],[120.2828439,-4.1285467],[120.2828962,-4.1284049],[120.2829444,-4.1282591],[120.2830251,-4.1280002],[120.2831335,-4.1276973],[120.2832891,-4.1272639],[120.2833991,-4.1269322],[120.2836244,-4.1262647],[120.2838014,-4.1257658],[120.283965,-4.1252468],[120.284142,-4.1246489],[120.2843705,-4.1239871],[120.2846554,-4.1232135],[120.2848362,-4.1227289],[120.2850332,-4.1221812],[120.2852436,-4.1216239],[120.2854499,-4.121032],[120.285711,-4.1203313],[120.2860102,-4.1194744],[120.2862133,-4.1189619],[120.2864434,-4.118362],[120.2865932,-4.1179171],[120.2867916,-4.1173606],[120.2868363,-4.1172358],[120.2868463,-4.1172037],[120.2869258,-4.1169475],[120.2871667,-4.1163065],[120.2873233,-4.1158964],[120.2874842,-4.1154073],[120.2876054,-4.1150612],[120.2878041,-4.1145516],[120.287962,-4.1141291],[120.2879975,-4.1140322],[120.2881158,-4.1137095],[120.2882253,-4.1134119],[120.28832,-4.1131044],[120.288439,-4.1127559],[120.288561,-4.1124048],[120.2886855,-4.1120602],[120.2888529,-4.1116185],[120.2889937,-4.1112453],[120.2891511,-4.1109126],[120.2892624,-4.1107213],[120.2893978,-4.110526],[120.2895775,-4.1103267],[120.2897948,-4.1101475],[120.2900292,-4.1099566],[120.2903414,-4.1097009],[120.2906272,-4.1094798],[120.2908635,-4.1093256],[120.2910618,-4.1091627],[120.2911721,-4.1090332],[120.2912338,-4.1089248],[120.291274,-4.1087804],[120.2912807,-4.108652],[120.2912621,-4.1085022],[120.2911783,-4.108245],[120.2911051,-4.1079604],[120.2910595,-4.1076245],[120.2910344,-4.1071808],[120.2910439,-4.1066747],[120.2910443,-4.1063029],[120.2910305,-4.1057695],[120.2910315,-4.1053165],[120.2910621,-4.1047922],[120.2911262,-4.1044767],[120.2912056,-4.1042618],[120.2913552,-4.1040288],[120.2915276,-4.1038256],[120.2916255,-4.1037485],[120.2918823,-4.1035581],[120.2922325,-4.1033505],[120.2925384,-4.1031023],[120.2928787,-4.1027326],[120.2932107,-4.10233],[120.2936982,-4.1017608],[120.2940689,-4.1013135],[120.2941588,-4.1011731],[120.2942245,-4.1010273],[120.294486,-4.1004227],[120.2952141,-4.098743],[120.2954562,-4.0982513],[120.2957042,-4.0978411],[120.2960384,-4.0973262],[120.2962286,-4.0969965],[120.2963583,-4.0966935],[120.2964857,-4.0962753],[120.2965732,-4.0958054],[120.296624,-4.0954228],[120.296701,-4.0950616],[120.2967853,-4.0945973],[120.2968719,-4.0941199],[120.2969163,-4.0937043],[120.2969163,-4.0935199],[120.2969324,-4.0932569],[120.2969492,-4.0930323],[120.296941,-4.0926768],[120.2969562,-4.0921382],[120.2969545,-4.0917655],[120.2969504,-4.0916531],[120.2969584,-4.0914814],[120.2969759,-4.0912108],[120.2970225,-4.0909228],[120.2970984,-4.0906842],[120.2971874,-4.0904281],[120.2972633,-4.090212],[120.2973169,-4.090086],[120.2973459,-4.0899593],[120.2973794,-4.0897461],[120.2973863,-4.0894837],[120.2973937,-4.089265],[120.2973963,-4.0890189],[120.297399,-4.0888209],[120.297399,-4.0885373],[120.2973883,-4.0883567],[120.2973319,-4.0881333],[120.2972703,-4.0879353],[120.2971952,-4.0877667],[120.2971013,-4.0875822],[120.296954,-4.0872624],[120.2967472,-4.0869214],[120.2967124,-4.0868384],[120.2966802,-4.0867555],[120.2966534,-4.0866726],[120.2966158,-4.0865227],[120.296589,-4.0863783],[120.2965648,-4.0862338],[120.2964971,-4.0857008]]}},{"type":"Feature","properties":{"segmentId":"osm-gaul2-18188-2125214139-2125211434-0","regionId":"gaul2-18188","province":"Sulawesi Selatan","region":"Wajo","roadName":"Jalan Poros Solo -Peneki - Kulampu","highway":"primary","lengthMeters":4932.625,"osmWayIds":["777891743","777891744","777891745"],"u":"2125214139","v":"2125211434","key":0,"oneway":false,"source":"OpenStreetMap"},"geometry":{"type":"LineString","coordinates":[[120.2858255,-4.1917644],[120.2858479,-4.1914567],[120.2858734,-4.1912534],[120.2858875,-4.1911531],[120.2859525,-4.1904014],[120.285978,-4.1900362],[120.2859713,-4.1897085],[120.2859405,-4.1893528],[120.2858828,-4.1888445],[120.2857876,-4.1881129],[120.2857165,-4.1876167],[120.2856924,-4.1873251],[120.2855958,-4.1866456],[120.2855305,-4.186199],[120.2853785,-4.185395],[120.285338,-4.1851401],[120.285279,-4.1848333],[120.2851988,-4.1843792],[120.2851184,-4.183909],[120.2850647,-4.1835466],[120.285003,-4.1831894],[120.2848957,-4.1826397],[120.2846971,-4.181585],[120.2846804,-4.1814922],[120.2845752,-4.1808407],[120.2844921,-4.1803044],[120.2844264,-4.1799125],[120.2843003,-4.1792237],[120.2842258,-4.178832],[120.2842042,-4.1787078],[120.2840696,-4.1779236],[120.2839972,-4.1775397],[120.2838805,-4.1768696],[120.2837907,-4.1764135],[120.2837303,-4.176166],[120.2836016,-4.175837],[120.283336,-4.1751335],[120.2831765,-4.174763],[120.282931,-4.1741798],[120.28264,-4.1735444],[120.2823329,-4.1728155],[120.2820513,-4.1722189],[120.2816503,-4.1713388],[120.2812815,-4.1704948],[120.280851,-4.1695278],[120.2806015,-4.1689553],[120.2802059,-4.1682076],[120.2799658,-4.1675589],[120.2796829,-4.166957],[120.2793489,-4.1661812],[120.2790405,-4.165495],[120.2786891,-4.1647273],[120.2783994,-4.1641053],[120.2782259,-4.1637328],[120.2780588,-4.1633268],[120.2779864,-4.1631356],[120.2779327,-4.1629604],[120.2778549,-4.1626808],[120.2778362,-4.1625537],[120.2778295,-4.162436],[120.2778214,-4.1622555],[120.2778,-4.1616027],[120.2777866,-4.1612884],[120.277749,-4.1604711],[120.2777503,-4.1603615],[120.2777517,-4.1602718],[120.2777631,-4.1600732],[120.2777718,-4.160013],[120.2777839,-4.1599361],[120.2778295,-4.1595068],[120.2778724,-4.1589289],[120.2778777,-4.1588487],[120.2778885,-4.158735],[120.2779689,-4.1580969],[120.2779743,-4.1580073],[120.2779649,-4.1579191],[120.2779475,-4.1578401],[120.277922,-4.1577612],[120.2777436,-4.1573265],[120.2773306,-4.156314],[120.2772917,-4.1562471],[120.2772541,-4.1561789],[120.2772085,-4.156124],[120.2769993,-4.1558953],[120.2764441,-4.1552827],[120.2758326,-4.1546473],[120.2755617,-4.1543865],[120.2751714,-4.1540856],[120.2748616,-4.153798],[120.2746792,-4.1535987],[120.2746068,-4.1535157],[120.2745612,-4.1534475],[120.2745169,-4.1533673],[120.2744821,-4.1532964],[120.2744472,-4.1532121],[120.2744029,-4.1531158],[120.2742608,-4.1527453],[120.274002,-4.1520578],[120.2738678,-4.1516244],[120.2737418,-4.1512927],[120.2735943,-4.1509048],[120.273487,-4.1505998],[120.2733582,-4.1503189]]}},{"type":"Feature","properties":{"segmentId":"osm-gaul2-18188-2125214139-2132443420-0","regionId":"gaul2-18188","province":"Sulawesi Selatan","region":"Wajo","roadName":"Unnamed OSM road","highway":"tertiary","lengthMeters":10194.219,"osmWayIds":["1359166816","249936271"],"u":"2125214139","v":"2132443420","key":0,"oneway":false,"source":"OpenStreetMap"},"geometry":{"type":"LineString","coordinates":[[120.2858255,-4.1917644],[120.2861899,-4.1918231],[120.2863857,-4.1918525],[120.2866674,-4.191882],[120.286839,-4.1919087],[120.2870697,-4.1919462],[120.2872521,-4.1919729],[120.2874291,-4.1919997],[120.2875632,-4.1920264],[120.2876866,-4.1920692],[120.28781,-4.1921013],[120.2879173,-4.1921067],[120.2880192,-4.192112],[120.2881372,-4.1921067],[120.2882767,-4.1920799],[120.2884162,-4.1920425],[120.2885315,-4.1920024],[120.2886549,-4.1919703],[120.2887622,-4.1919515],[120.2888775,-4.1919435],[120.2890223,-4.1919301],[120.2891189,-4.1919275],[120.2892637,-4.1919221],[120.2893844,-4.1919328],[120.2895024,-4.1919649],[120.28965,-4.191989],[120.2897707,-4.1920157],[120.290004,-4.1920532],[120.2901247,-4.1920692],[120.2902615,-4.1920826],[120.2904251,-4.1920906],[120.2905861,-4.1920987],[120.290865,-4.1920987],[120.2910099,-4.1921013],[120.2911627,-4.1921067],[120.2913424,-4.1921147],[120.2915758,-4.192112],[120.2917984,-4.1921174],[120.2919969,-4.1921227],[120.2921525,-4.1921281],[120.2922947,-4.1921414],[120.2923912,-4.1921548],[120.292528,-4.1921762],[120.2926621,-4.192203],[120.2927855,-4.192219],[120.2930349,-4.1922324],[120.2931717,-4.1922271],[120.2933246,-4.1922217],[120.2934533,-4.192219],[120.2935794,-4.1922083],[120.2937752,-4.1921976],[120.2939228,-4.1921816],[120.2941427,-4.1921762],[120.2943277,-4.1921629],[120.2944458,-4.1921655],[120.2946201,-4.1921655],[120.2947978,-4.1921562],[120.2949282,-4.1921445],[120.2951525,-4.1921321],[120.2953772,-4.1921201],[120.2955233,-4.1921013],[120.2955817,-4.1920947],[120.2957916,-4.1920445],[120.2961901,-4.1919803],[120.2964997,-4.1919515],[120.296716,-4.1919581],[120.2971125,-4.1920045],[120.2974725,-4.1920449],[120.2978184,-4.1920751],[120.2980144,-4.1920873],[120.298221,-4.1920793],[120.2986166,-4.1920572],[120.2991088,-4.1920652],[120.2994912,-4.1920751],[120.2999321,-4.1920388],[120.3003252,-4.1920184],[120.3006158,-4.1920388],[120.3007554,-4.192059],[120.3011134,-4.1920751],[120.3012867,-4.192104],[120.3014275,-4.1921361],[120.3016818,-4.1922466],[120.3019881,-4.192405],[120.3022188,-4.1925106],[120.3024092,-4.1926002],[120.3025755,-4.1926644],[120.3029229,-4.1927367],[120.3031616,-4.1927487],[120.3032488,-4.1927554],[120.303579,-4.1927489],[120.3039209,-4.1927287],[120.3040722,-4.1927313],[120.3041778,-4.1927429],[120.3042559,-4.1927434],[120.3043639,-4.1927691],[120.3044791,-4.1928356],[120.3045389,-4.1928998],[120.3046106,-4.1930031],[120.3046551,-4.1930999],[120.3046713,-4.1932532],[120.304641,-4.1935861],[120.3045899,-4.193923],[120.3045621,-4.1940944],[120.3045537,-4.1942347],[120.3045362,-4.1943965],[120.3045376,-4.1944741],[120.3045577,-4.1945477],[120.3045778,-4.1945905],[120.3046019,-4.1946119],[120.3046531,-4.1946673],[120.3049262,-4.194857],[120.3050718,-4.1949679],[120.3052001,-4.195072],[120.3054938,-4.1952472],[120.3057164,-4.1953783],[120.306104,-4.1956163],[120.3063522,-4.1958031],[120.3065774,-4.1959761],[120.3068483,-4.1961781],[120.3071054,-4.1963777],[120.307675,-4.1967673],[120.3080151,-4.1969605],[120.3084227,-4.1971973],[120.3086025,-4.1973083],[120.3088278,-4.1974313],[120.3090088,-4.1974955],[120.309332,-4.197545],[120.30967,-4.1975731],[120.310071,-4.1975637],[120.3103579,-4.1975541],[120.3105095,-4.1975584],[120.3106297,-4.1975776],[120.3108595,-4.1976199],[120.3110703,-4.1976704],[120.3117527,-4.1978058],[120.3123991,-4.1979289],[120.3126558,-4.1979933],[120.3129512,-4.1980519],[120.3132399,-4.1981201],[120.3136889,-4.1982228],[120.3140434,-4.1983363],[120.3141808,-4.1983858],[120.3147072,-4.1985627],[120.3151191,-4.198741],[120.3154086,-4.1988745],[120.3158109,-4.1990564],[120.3160094,-4.1991594],[120.3163299,-4.1992824],[120.3167765,-4.1994322],[120.3171801,-4.1995467],[120.3177032,-4.1996797],[120.3179873,-4.199762],[120.318532,-4.1998709],[120.3188767,-4.1999057],[120.3191958,-4.1999231],[120.3194459,-4.1999167],[120.3197631,-4.1998683],[120.3199469,-4.1998148],[120.3200689,-4.199772],[120.3202164,-4.1997064],[120.320321,-4.1996636],[120.3204323,-4.1996369],[120.3205933,-4.1996329],[120.3207119,-4.1996419],[120.3209947,-4.1996884],[120.3211847,-4.1997131],[120.321359,-4.1997225],[120.3215494,-4.1997234],[120.3217989,-4.1997251],[120.3219411,-4.1997439],[120.3220698,-4.1997613],[120.322267,-4.1998148],[120.3224836,-4.199879],[120.322613,-4.1999218],[120.3229214,-4.2000823],[120.3231427,-4.2001839],[120.3232728,-4.2002441],[120.3236148,-4.2004019],[120.3237972,-4.2005036],[120.3239997,-4.2006293],[120.3241861,-4.2007443],[120.3243953,-4.200846],[120.3246193,-4.2009356],[120.3249425,-4.2010653],[120.3253059,-4.2011897],[120.3254964,-4.2011964],[120.3256224,-4.2011737],[120.3257726,-4.2011322],[120.3260529,-4.2010025],[120.3261575,-4.2009543],[120.3262635,-4.200949],[120.3263614,-4.200973],[120.3266081,-4.2010907],[120.3267905,-4.201163],[120.3270628,-4.2012446],[120.3273256,-4.2012847],[120.3275402,-4.2013101],[120.3283489,-4.2013114],[120.3290382,-4.2013007],[120.3296082,-4.2013021],[120.3297597,-4.2013154],[120.3299797,-4.2013676],[120.3302157,-4.2014626],[120.3303954,-4.2015562],[120.3305885,-4.2016739],[120.3309842,-4.2019441],[120.3311411,-4.2020083],[120.331268,-4.2020623],[120.3316775,-4.2021755],[120.3318746,-4.2021955],[120.332049,-4.2022263],[120.3323641,-4.2023306],[120.3329033,-4.2025192],[120.3333179,-4.2026445],[120.3336905,-4.2027399],[120.3339547,-4.202792],[120.3341505,-4.2028215],[120.3346132,-4.2028576],[120.3347607,-4.2028589],[120.334864,-4.2028402],[120.3349645,-4.2028175],[120.3353245,-4.202701],[120.3359221,-4.2024898],[120.3363673,-4.2023319],[120.3365229,-4.2022838],[120.3366865,-4.2022423],[120.3368864,-4.2022116],[120.3371599,-4.2021902],[120.3375703,-4.202241],[120.3379203,-4.2023119],[120.3382757,-4.2024002],[120.3390952,-4.2026369],[120.3393687,-4.2027024],[120.3395994,-4.2027439],[120.3397697,-4.2027894],[120.3400138,-4.2028683],[120.3403035,-4.2029512],[120.3404497,-4.2029927],[120.3406133,-4.2030248],[120.3407903,-4.2030836],[120.3410308,-4.2031589],[120.3412329,-4.2032214],[120.3414278,-4.2032659],[120.3416692,-4.2033034],[120.3418569,-4.2033248],[120.342109,-4.2033622],[120.3423155,-4.203405],[120.3425087,-4.2034639],[120.3426938,-4.2035147],[120.342844,-4.2035628],[120.3430371,-4.2036056],[120.3432892,-4.2036645],[120.3435306,-4.2037126],[120.3437666,-4.2037501],[120.3439973,-4.2037929],[120.344287,-4.203841],[120.3445767,-4.2038945],[120.3448717,-4.2039427],[120.3450863,-4.2039801],[120.345258,-4.2040069],[120.3461619,-4.2041701],[120.3469031,-4.2042793],[120.3473188,-4.2043569],[120.3475119,-4.2043863],[120.3476957,-4.2044077],[120.3488651,-4.2044866],[120.349714,-4.2045963],[120.3499071,-4.2046097],[120.3502572,-4.2046043],[120.3507384,-4.2045842],[120.3511772,-4.2045268],[120.3516465,-4.2044572],[120.3520811,-4.2043743],[120.3523077,-4.2043368],[120.3524901,-4.2043101],[120.3527628,-4.2042904],[120.3529505,-4.2042797],[120.3531437,-4.2042744],[120.3532778,-4.204269],[120.3534333,-4.2042423],[120.353605,-4.2042209],[120.3537713,-4.2041941],[120.3539698,-4.2041567],[120.35412,-4.2041406],[120.3542809,-4.2041085],[120.3544526,-4.2040818],[120.3545974,-4.204055],[120.3547315,-4.2040336],[120.3549032,-4.2039962],[120.3550641,-4.2039587],[120.3552733,-4.2039266],[120.3554664,-4.2038838],[120.3556649,-4.2038571],[120.3558335,-4.2038299],[120.3559385,-4.2038196],[120.3561692,-4.2038036],[120.3564052,-4.2037715],[120.3566252,-4.2037394],[120.3568183,-4.2037126],[120.3570007,-4.2036912],[120.3572152,-4.2036591],[120.3574084,-4.2036431],[120.3575639,-4.2036217],[120.3577946,-4.2035789],[120.3579716,-4.2035521],[120.3581218,-4.2035308],[120.3582273,-4.2035197],[120.3581675,-4.2042179],[120.3580358,-4.2050978],[120.3579953,-4.2057599],[120.3579699,-4.2060315],[120.3579323,-4.2061906],[120.3578934,-4.2063538],[120.3578521,-4.2066426],[120.3578317,-4.2074559],[120.3578103,-4.2080417],[120.3577942,-4.2084978],[120.3577834,-4.2088763],[120.3576909,-4.2096213],[120.3575715,-4.2102044],[120.3575246,-4.2103997],[120.3574576,-4.210599],[120.3573462,-4.2109481],[120.3572926,-4.2111661],[120.3571575,-4.2117906],[120.3570338,-4.2122976],[120.3569619,-4.2125033],[120.3568836,-4.2126908],[120.3568165,-4.2128901],[120.3567897,-4.2131014],[120.3567401,-4.2135441],[120.3566757,-4.2138464],[120.3564588,-4.2145737],[120.3561889,-4.2155209],[120.3560346,-4.2159609],[120.3557758,-4.2165414],[120.355576,-4.2169814],[120.3553963,-4.2174763],[120.3551978,-4.2181169]]}},{"type":"Feature","properties":{"segmentId":"osm-gaul2-18188-2125214139-5391612533-0","regionId":"gaul2-18188","province":"Sulawesi Selatan","region":"Wajo","roadName":"Jalan Poros Solo -Peneki - Kulampu","highway":"primary","lengthMeters":3440.377,"osmWayIds":["777891745"],"u":"2125214139","v":"5391612533","key":0,"oneway":false,"source":"OpenStreetMap"},"geometry":{"type":"LineString","coordinates":[[120.2858255,-4.1917644],[120.2857306,-4.1921789],[120.2856508,-4.1926605],[120.2855039,-4.1934803],[120.2853625,-4.1944039],[120.2852424,-4.1952278],[120.2851707,-4.1956953],[120.2850835,-4.196253],[120.2850084,-4.1967144],[120.2849279,-4.1972602],[120.2848904,-4.1974647],[120.2848153,-4.1980453],[120.2847147,-4.1986859],[120.2846476,-4.1990109],[120.284533,-4.1996441],[120.2844907,-4.2000435],[120.2844331,-4.20062],[120.2843969,-4.2010192],[120.2843888,-4.2012566],[120.2843867,-4.2018379],[120.2843935,-4.2022684],[120.2843909,-4.2026844],[120.2843955,-4.2029278],[120.2843989,-4.203315],[120.2844029,-4.2036126],[120.2844002,-4.2038661],[120.2844022,-4.2039798],[120.2843962,-4.2041851],[120.2843909,-4.2043352],[120.2843838,-4.2045461],[120.2843656,-4.2054337],[120.2843714,-4.2064789],[120.2843781,-4.2070192],[120.2843743,-4.2073546],[120.2843687,-4.2078103],[120.2843845,-4.2084304],[120.2843794,-4.2087091],[120.2843405,-4.209986],[120.2843446,-4.2106458],[120.2843741,-4.2116512],[120.2843767,-4.2121197],[120.2843754,-4.2131161],[120.2843888,-4.2136926],[120.2843794,-4.2142383],[120.2843714,-4.2146756],[120.2843741,-4.215129],[120.284358,-4.2162753],[120.284358,-4.2169534],[120.2843589,-4.2181397],[120.2843647,-4.2186051],[120.2843678,-4.2191964],[120.2843674,-4.2197397],[120.2843673,-4.2201474],[120.2843646,-4.2205522],[120.2843753,-4.2208452],[120.2843887,-4.2215483],[120.2844074,-4.2220198],[120.2844096,-4.2221528],[120.2844002,-4.2223715],[120.2844097,-4.2225872]]}},{"type":"Feature","properties":{"segmentId":"osm-gaul2-18188-2132443420-2125214139-0","regionId":"gaul2-18188","province":"Sulawesi Selatan","region":"Wajo","roadName":"Unnamed OSM road","highway":"tertiary","lengthMeters":10194.219,"osmWayIds":["1359166816","249936271"],"u":"2132443420","v":"2125214139","key":0,"oneway":false,"source":"OpenStreetMap"},"geometry":{"type":"LineString","coordinates":[[120.3551978,-4.2181169],[120.3553963,-4.2174763],[120.355576,-4.2169814],[120.3557758,-4.2165414],[120.3560346,-4.2159609],[120.3561889,-4.2155209],[120.3564588,-4.2145737],[120.3566757,-4.2138464],[120.3567401,-4.2135441],[120.3567897,-4.2131014],[120.3568165,-4.2128901],[120.3568836,-4.2126908],[120.3569619,-4.2125033],[120.3570338,-4.2122976],[120.3571575,-4.2117906],[120.3572926,-4.2111661],[120.3573462,-4.2109481],[120.3574576,-4.210599],[120.3575246,-4.2103997],[120.3575715,-4.2102044],[120.3576909,-4.2096213],[120.3577834,-4.2088763],[120.3577942,-4.2084978],[120.3578103,-4.2080417],[120.3578317,-4.2074559],[120.3578521,-4.2066426],[120.3578934,-4.2063538],[120.3579323,-4.2061906],[120.3579699,-4.2060315],[120.3579953,-4.2057599],[120.3580358,-4.2050978],[120.3581675,-4.2042179],[120.3582273,-4.2035197],[120.3581218,-4.2035308],[120.3579716,-4.2035521],[120.3577946,-4.2035789],[120.3575639,-4.2036217],[120.3574084,-4.2036431],[120.3572152,-4.2036591],[120.3570007,-4.2036912],[120.3568183,-4.2037126],[120.3566252,-4.2037394],[120.3564052,-4.2037715],[120.3561692,-4.2038036],[120.3559385,-4.2038196],[120.3558335,-4.2038299],[120.3556649,-4.2038571],[120.3554664,-4.2038838],[120.3552733,-4.2039266],[120.3550641,-4.2039587],[120.3549032,-4.2039962],[120.3547315,-4.2040336],[120.3545974,-4.204055],[120.3544526,-4.2040818],[120.3542809,-4.2041085],[120.35412,-4.2041406],[120.3539698,-4.2041567],[120.3537713,-4.2041941],[120.353605,-4.2042209],[120.3534333,-4.2042423],[120.3532778,-4.204269],[120.3531437,-4.2042744],[120.3529505,-4.2042797],[120.3527628,-4.2042904],[120.3524901,-4.2043101],[120.3523077,-4.2043368],[120.3520811,-4.2043743],[120.3516465,-4.2044572],[120.3511772,-4.2045268],[120.3507384,-4.2045842],[120.3502572,-4.2046043],[120.3499071,-4.2046097],[120.349714,-4.2045963],[120.3488651,-4.2044866],[120.3476957,-4.2044077],[120.3475119,-4.2043863],[120.3473188,-4.2043569],[120.3469031,-4.2042793],[120.3461619,-4.2041701],[120.345258,-4.2040069],[120.3450863,-4.2039801],[120.3448717,-4.2039427],[120.3445767,-4.2038945],[120.344287,-4.203841],[120.3439973,-4.2037929],[120.3437666,-4.2037501],[120.3435306,-4.2037126],[120.3432892,-4.2036645],[120.3430371,-4.2036056],[120.342844,-4.2035628],[120.3426938,-4.2035147],[120.3425087,-4.2034639],[120.3423155,-4.203405],[120.342109,-4.2033622],[120.3418569,-4.2033248],[120.3416692,-4.2033034],[120.3414278,-4.2032659],[120.3412329,-4.2032214],[120.3410308,-4.2031589],[120.3407903,-4.2030836],[120.3406133,-4.2030248],[120.3404497,-4.2029927],[120.3403035,-4.2029512],[120.3400138,-4.2028683],[120.3397697,-4.2027894],[120.3395994,-4.2027439],[120.3393687,-4.2027024],[120.3390952,-4.2026369],[120.3382757,-4.2024002],[120.3379203,-4.2023119],[120.3375703,-4.202241],[120.3371599,-4.2021902],[120.3368864,-4.2022116],[120.3366865,-4.2022423],[120.3365229,-4.2022838],[120.3363673,-4.2023319],[120.3359221,-4.2024898],[120.3353245,-4.202701],[120.3349645,-4.2028175],[120.334864,-4.2028402],[120.3347607,-4.2028589],[120.3346132,-4.2028576],[120.3341505,-4.2028215],[120.3339547,-4.202792],[120.3336905,-4.2027399],[120.3333179,-4.2026445],[120.3329033,-4.2025192],[120.3323641,-4.2023306],[120.332049,-4.2022263],[120.3318746,-4.2021955],[120.3316775,-4.2021755],[120.331268,-4.2020623],[120.3311411,-4.2020083],[120.3309842,-4.2019441],[120.3305885,-4.2016739],[120.3303954,-4.2015562],[120.3302157,-4.2014626],[120.3299797,-4.2013676],[120.3297597,-4.2013154],[120.3296082,-4.2013021],[120.3290382,-4.2013007],[120.3283489,-4.2013114],[120.3275402,-4.2013101],[120.3273256,-4.2012847],[120.3270628,-4.2012446],[120.3267905,-4.201163],[120.3266081,-4.2010907],[120.3263614,-4.200973],[120.3262635,-4.200949],[120.3261575,-4.2009543],[120.3260529,-4.2010025],[120.3257726,-4.2011322],[120.3256224,-4.2011737],[120.3254964,-4.2011964],[120.3253059,-4.2011897],[120.3249425,-4.2010653],[120.3246193,-4.2009356],[120.3243953,-4.200846],[120.3241861,-4.2007443],[120.3239997,-4.2006293],[120.3237972,-4.2005036],[120.3236148,-4.2004019],[120.3232728,-4.2002441],[120.3231427,-4.2001839],[120.3229214,-4.2000823],[120.322613,-4.1999218],[120.3224836,-4.199879],[120.322267,-4.1998148],[120.3220698,-4.1997613],[120.3219411,-4.1997439],[120.3217989,-4.1997251],[120.3215494,-4.1997234],[120.321359,-4.1997225],[120.3211847,-4.1997131],[120.3209947,-4.1996884],[120.3207119,-4.1996419],[120.3205933,-4.1996329],[120.3204323,-4.1996369],[120.320321,-4.1996636],[120.3202164,-4.1997064],[120.3200689,-4.199772],[120.3199469,-4.1998148],[120.3197631,-4.1998683],[120.3194459,-4.1999167],[120.3191958,-4.1999231],[120.3188767,-4.1999057],[120.318532,-4.1998709],[120.3179873,-4.199762],[120.3177032,-4.1996797],[120.3171801,-4.1995467],[120.3167765,-4.1994322],[120.3163299,-4.1992824],[120.3160094,-4.1991594],[120.3158109,-4.1990564],[120.3154086,-4.1988745],[120.3151191,-4.198741],[120.3147072,-4.1985627],[120.3141808,-4.1983858],[120.3140434,-4.1983363],[120.3136889,-4.1982228],[120.3132399,-4.1981201],[120.3129512,-4.1980519],[120.3126558,-4.1979933],[120.3123991,-4.1979289],[120.3117527,-4.1978058],[120.3110703,-4.1976704],[120.3108595,-4.1976199],[120.3106297,-4.1975776],[120.3105095,-4.1975584],[120.3103579,-4.1975541],[120.310071,-4.1975637],[120.30967,-4.1975731],[120.309332,-4.197545],[120.3090088,-4.1974955],[120.3088278,-4.1974313],[120.3086025,-4.1973083],[120.3084227,-4.1971973],[120.3080151,-4.1969605],[120.307675,-4.1967673],[120.3071054,-4.1963777],[120.3068483,-4.1961781],[120.3065774,-4.1959761],[120.3063522,-4.1958031],[120.306104,-4.1956163],[120.3057164,-4.1953783],[120.3054938,-4.1952472],[120.3052001,-4.195072],[120.3050718,-4.1949679],[120.3049262,-4.194857],[120.3046531,-4.1946673],[120.3046019,-4.1946119],[120.3045778,-4.1945905],[120.3045577,-4.1945477],[120.3045376,-4.1944741],[120.3045362,-4.1943965],[120.3045537,-4.1942347],[120.3045621,-4.1940944],[120.3045899,-4.193923],[120.304641,-4.1935861],[120.3046713,-4.1932532],[120.3046551,-4.1930999],[120.3046106,-4.1930031],[120.3045389,-4.1928998],[120.3044791,-4.1928356],[120.3043639,-4.1927691],[120.3042559,-4.1927434],[120.3041778,-4.1927429],[120.3040722,-4.1927313],[120.3039209,-4.1927287],[120.303579,-4.1927489],[120.3032488,-4.1927554],[120.3031616,-4.1927487],[120.3029229,-4.1927367],[120.3025755,-4.1926644],[120.3024092,-4.1926002],[120.3022188,-4.1925106],[120.3019881,-4.192405],[120.3016818,-4.1922466],[120.3014275,-4.1921361],[120.3012867,-4.192104],[120.3011134,-4.1920751],[120.3007554,-4.192059],[120.3006158,-4.1920388],[120.3003252,-4.1920184],[120.2999321,-4.1920388],[120.2994912,-4.1920751],[120.2991088,-4.1920652],[120.2986166,-4.1920572],[120.298221,-4.1920793],[120.2980144,-4.1920873],[120.2978184,-4.1920751],[120.2974725,-4.1920449],[120.2971125,-4.1920045],[120.296716,-4.1919581],[120.2964997,-4.1919515],[120.2961901,-4.1919803],[120.2957916,-4.1920445],[120.2955817,-4.1920947],[120.2955233,-4.1921013],[120.2953772,-4.1921201],[120.2951525,-4.1921321],[120.2949282,-4.1921445],[120.2947978,-4.1921562],[120.2946201,-4.1921655],[120.2944458,-4.1921655],[120.2943277,-4.1921629],[120.2941427,-4.1921762],[120.2939228,-4.1921816],[120.2937752,-4.1921976],[120.2935794,-4.1922083],[120.2934533,-4.192219],[120.2933246,-4.1922217],[120.2931717,-4.1922271],[120.2930349,-4.1922324],[120.2927855,-4.192219],[120.2926621,-4.192203],[120.292528,-4.1921762],[120.2923912,-4.1921548],[120.2922947,-4.1921414],[120.2921525,-4.1921281],[120.2919969,-4.1921227],[120.2917984,-4.1921174],[120.2915758,-4.192112],[120.2913424,-4.1921147],[120.2911627,-4.1921067],[120.2910099,-4.1921013],[120.290865,-4.1920987],[120.2905861,-4.1920987],[120.2904251,-4.1920906],[120.2902615,-4.1920826],[120.2901247,-4.1920692],[120.290004,-4.1920532],[120.2897707,-4.1920157],[120.28965,-4.191989],[120.2895024,-4.1919649],[120.2893844,-4.1919328],[120.2892637,-4.1919221],[120.2891189,-4.1919275],[120.2890223,-4.1919301],[120.2888775,-4.1919435],[120.2887622,-4.1919515],[120.2886549,-4.1919703],[120.2885315,-4.1920024],[120.2884162,-4.1920425],[120.2882767,-4.1920799],[120.2881372,-4.1921067],[120.2880192,-4.192112],[120.2879173,-4.1921067],[120.28781,-4.1921013],[120.2876866,-4.1920692],[120.2875632,-4.1920264],[120.2874291,-4.1919997],[120.2872521,-4.1919729],[120.2870697,-4.1919462],[120.286839,-4.1919087],[120.2866674,-4.191882],[120.2863857,-4.1918525],[120.2861899,-4.1918231],[120.2858255,-4.1917644]]}},{"type":"Feature","properties":{"segmentId":"osm-gaul2-18188-2134966225-13161355739-0","regionId":"gaul2-18188","province":"Sulawesi Selatan","region":"Wajo","roadName":"Unnamed OSM road","highway":"tertiary","lengthMeters":26.225,"osmWayIds":["1431885867"],"u":"2134966225","v":"13161355739","key":0,"oneway":false,"source":"OpenStreetMap"},"geometry":{"type":"LineString","coordinates":[[120.3088872,-4.0248924],[120.3086533,-4.024858]]}},{"type":"Feature","properties":{"segmentId":"osm-gaul2-18188-2134966225-2134966842-0","regionId":"gaul2-18188","province":"Sulawesi Selatan","region":"Wajo","roadName":"Jalan Poros Solo -Peneki - Kulampu","highway":"primary","lengthMeters":9080.539,"osmWayIds":["203480536","740099296","740099297","740099299","740099300","740099301"],"u":"2134966225","v":"2134966842","key":0,"oneway":false,"source":"OpenStreetMap"},"geometry":{"type":"LineString","coordinates":[[120.3088872,-4.0248924],[120.3089228,-4.024949],[120.3089739,-4.0250233],[120.3092864,-4.0254126],[120.309613,-4.0259109],[120.3097317,-4.0261015],[120.3099147,-4.0262995],[120.310138,-4.0265149],[120.3106389,-4.0269597],[120.310938,-4.0272433],[120.3110741,-4.0273463],[120.3112699,-4.0274808],[120.3115006,-4.0275878],[120.3119364,-4.0276995],[120.3124648,-4.0278005],[120.3127089,-4.0278333],[120.3129859,-4.0278895],[120.3133332,-4.0279791],[120.3137268,-4.0280968],[120.3140929,-4.0282554],[120.3144155,-4.0283932],[120.3145704,-4.0284788],[120.3147152,-4.0285912],[120.314848,-4.0287176],[120.3151859,-4.0290989],[120.3153281,-4.0292306],[120.3154314,-4.0293711],[120.3157693,-4.0299912],[120.3158632,-4.0301216],[120.3163835,-4.0308768],[120.3165894,-4.0311891],[120.3167416,-4.0313878],[120.3169857,-4.0317249],[120.3172036,-4.0320279],[120.3175738,-4.0325129],[120.3176294,-4.0325978],[120.3178453,-4.0329095],[120.3179841,-4.0330533],[120.318133,-4.0331584],[120.3183087,-4.0332681],[120.3184643,-4.0333457],[120.3187204,-4.0334413],[120.3189746,-4.0335249],[120.319279,-4.0335938],[120.31968,-4.0337597],[120.3198919,-4.0338453],[120.3201118,-4.0339737],[120.3203478,-4.0341343],[120.3205638,-4.0342667],[120.3210062,-4.0346005],[120.3211269,-4.0346824],[120.3212853,-4.0347898],[120.3217573,-4.0351216],[120.3221677,-4.0353918],[120.3227136,-4.0357864],[120.3231628,-4.0361302],[120.3235839,-4.03645],[120.3241324,-4.0368928],[120.3243832,-4.0371242],[120.325263,-4.0378774],[120.3259517,-4.0384874],[120.3261924,-4.0386727],[120.3262058,-4.0387101],[120.3262199,-4.0387617],[120.3262441,-4.0388251],[120.3262359,-4.0388573],[120.3262284,-4.0388848],[120.3261709,-4.0390158],[120.3261267,-4.0391269],[120.3260851,-4.0391991],[120.3260395,-4.0392325],[120.3259783,-4.0392426],[120.3256184,-4.0391121],[120.3255192,-4.0390833],[120.3254011,-4.0390734],[120.3253072,-4.03908],[120.3251718,-4.0391001],[120.3247735,-4.039175],[120.3244596,-4.039255],[120.3244214,-4.0392665],[120.323575,-4.0394935],[120.3230649,-4.0396807],[120.3225365,-4.0398907],[120.3219183,-4.0401346],[120.3211158,-4.0404851],[120.3208814,-4.0406038],[120.3206944,-4.0406985],[120.320258,-4.0409181],[120.3200313,-4.0410439],[120.3197202,-4.0412098],[120.3194909,-4.0413663],[120.3193246,-4.0414947],[120.3191623,-4.0416124],[120.31876,-4.0419068],[120.3183188,-4.0422639],[120.3182383,-4.0423362],[120.3174832,-4.042985],[120.316523,-4.0438104],[120.3159383,-4.0442987],[120.3153992,-4.0447736],[120.3147313,-4.0453595],[120.3142525,-4.0457649],[120.3133701,-4.0465408],[120.3129449,-4.0469421],[120.3125104,-4.0473795],[120.3118198,-4.0480177],[120.3115234,-4.0483401],[120.3111103,-4.0487414],[120.3104451,-4.0493581],[120.3101045,-4.0497086],[120.3095801,-4.0502143],[120.3092609,-4.0505326],[120.3089726,-4.0507841],[120.3088103,-4.0509935],[120.3087312,-4.0511467],[120.3086467,-4.0512965],[120.3085086,-4.0515788],[120.3083892,-4.0518784],[120.3079721,-4.0531212],[120.3075953,-4.0542329],[120.3073619,-4.0549633],[120.3071889,-4.0554676],[120.3068,-4.0566502],[120.3064057,-4.0578689],[120.3061737,-4.0586046],[120.3057218,-4.0599651],[120.3055005,-4.0606406],[120.305361,-4.0610821],[120.3051183,-4.061874],[120.3048219,-4.0627583],[120.304606,-4.0634593],[120.304492,-4.0637783],[120.304209,-4.0646057],[120.3041325,-4.0648291],[120.3038362,-4.0657107],[120.3035666,-4.0664651],[120.3032682,-4.0673547],[120.3030315,-4.0680243],[120.3027452,-4.0688811],[120.3025085,-4.0695867],[120.3022858,-4.0702402],[120.3022141,-4.0705392],[120.3020458,-4.0711305],[120.3019237,-4.0715144],[120.3015825,-4.0724936],[120.3015088,-4.0727437],[120.3012214,-4.073556],[120.3008541,-4.0745993],[120.3006186,-4.0752962],[120.3001914,-4.0764948],[120.2999239,-4.077343],[120.2995682,-4.0783771],[120.2994092,-4.0788444],[120.2993188,-4.0790099],[120.2990252,-4.0793448],[120.298606,-4.0797469],[120.2982108,-4.0801133],[120.2979313,-4.0804677],[120.2976958,-4.0810013],[120.2974669,-4.081805],[120.2973732,-4.0822221],[120.297001,-4.0838796],[120.2968813,-4.0843734],[120.2967473,-4.0848779],[120.2966169,-4.0852436],[120.2965288,-4.0855571]]}},{"type":"Feature","properties":{"segmentId":"osm-gaul2-18188-2134966225-5665101225-0","regionId":"gaul2-18188","province":"Sulawesi Selatan","region":"Wajo","roadName":"Jalan Poros Solo -Peneki - Kulampu","highway":"primary","lengthMeters":22.338,"osmWayIds":["593577262"],"u":"2134966225","v":"5665101225","key":0,"oneway":false,"source":"OpenStreetMap"},"geometry":{"type":"LineString","coordinates":[[120.3088872,-4.0248924],[120.3088039,-4.0247095]]}},{"type":"Feature","properties":{"segmentId":"osm-gaul2-18188-2134966842-2134966225-0","regionId":"gaul2-18188","province":"Sulawesi Selatan","region":"Wajo","roadName":"Jalan Poros Solo -Peneki - Kulampu","highway":"primary","lengthMeters":9080.539,"osmWayIds":["203480536","740099296","740099297","740099299","740099300","740099301"],"u":"2134966842","v":"2134966225","key":0,"oneway":false,"source":"OpenStreetMap"},"geometry":{"type":"LineString","coordinates":[[120.2965288,-4.0855571],[120.2966169,-4.0852436],[120.2967473,-4.0848779],[120.2968813,-4.0843734],[120.297001,-4.0838796],[120.2973732,-4.0822221],[120.2974669,-4.081805],[120.2976958,-4.0810013],[120.2979313,-4.0804677],[120.2982108,-4.0801133],[120.298606,-4.0797469],[120.2990252,-4.0793448],[120.2993188,-4.0790099],[120.2994092,-4.0788444],[120.2995682,-4.0783771],[120.2999239,-4.077343],[120.3001914,-4.0764948],[120.3006186,-4.0752962],[120.3008541,-4.0745993],[120.3012214,-4.073556],[120.3015088,-4.0727437],[120.3015825,-4.0724936],[120.3019237,-4.0715144],[120.3020458,-4.0711305],[120.3022141,-4.0705392],[120.3022858,-4.0702402],[120.3025085,-4.0695867],[120.3027452,-4.0688811],[120.3030315,-4.0680243],[120.3032682,-4.0673547],[120.3035666,-4.0664651],[120.3038362,-4.0657107],[120.3041325,-4.0648291],[120.304209,-4.0646057],[120.304492,-4.0637783],[120.304606,-4.0634593],[120.3048219,-4.0627583],[120.3051183,-4.061874],[120.305361,-4.0610821],[120.3055005,-4.0606406],[120.3057218,-4.0599651],[120.3061737,-4.0586046],[120.3064057,-4.0578689],[120.3068,-4.0566502],[120.3071889,-4.0554676],[120.3073619,-4.0549633],[120.3075953,-4.0542329],[120.3079721,-4.0531212],[120.3083892,-4.0518784],[120.3085086,-4.0515788],[120.3086467,-4.0512965],[120.3087312,-4.0511467],[120.3088103,-4.0509935],[120.3089726,-4.0507841],[120.3092609,-4.0505326],[120.3095801,-4.0502143],[120.3101045,-4.0497086],[120.3104451,-4.0493581],[120.3111103,-4.0487414],[120.3115234,-4.0483401],[120.3118198,-4.0480177],[120.3125104,-4.0473795],[120.3129449,-4.0469421],[120.3133701,-4.0465408],[120.3142525,-4.0457649],[120.3147313,-4.0453595],[120.3153992,-4.0447736],[120.3159383,-4.0442987],[120.316523,-4.0438104],[120.3174832,-4.042985],[120.3182383,-4.0423362],[120.3183188,-4.0422639],[120.31876,-4.0419068],[120.3191623,-4.0416124],[120.3193246,-4.0414947],[120.3194909,-4.0413663],[120.3197202,-4.0412098],[120.3200313,-4.0410439],[120.320258,-4.0409181],[120.3206944,-4.0406985],[120.3208814,-4.0406038],[120.3211158,-4.0404851],[120.3219183,-4.0401346],[120.3225365,-4.0398907],[120.3230649,-4.0396807],[120.323575,-4.0394935],[120.3244214,-4.0392665],[120.3244596,-4.039255],[120.3247735,-4.039175],[120.3251718,-4.0391001],[120.3253072,-4.03908],[120.3254011,-4.0390734],[120.3255192,-4.0390833],[120.3256184,-4.0391121],[120.3259783,-4.0392426],[120.3260395,-4.0392325],[120.3260851,-4.0391991],[120.3261267,-4.0391269],[120.3261709,-4.0390158],[120.3262284,-4.0388848],[120.3262359,-4.0388573],[120.3262441,-4.0388251],[120.3262199,-4.0387617],[120.3262058,-4.0387101],[120.3261924,-4.0386727],[120.3259517,-4.0384874],[120.325263,-4.0378774],[120.3243832,-4.0371242],[120.3241324,-4.0368928],[120.3235839,-4.03645],[120.3231628,-4.0361302],[120.3227136,-4.0357864],[120.3221677,-4.0353918],[120.3217573,-4.0351216],[120.3212853,-4.0347898],[120.3211269,-4.0346824],[120.3210062,-4.0346005],[120.3205638,-4.0342667],[120.3203478,-4.0341343],[120.3201118,-4.0339737],[120.3198919,-4.0338453],[120.31968,-4.0337597],[120.319279,-4.0335938],[120.3189746,-4.0335249],[120.3187204,-4.0334413],[120.3184643,-4.0333457],[120.3183087,-4.0332681],[120.318133,-4.0331584],[120.3179841,-4.0330533],[120.3178453,-4.0329095],[120.3176294,-4.0325978],[120.3175738,-4.0325129],[120.3172036,-4.0320279],[120.3169857,-4.0317249],[120.3167416,-4.0313878],[120.3165894,-4.0311891],[120.3163835,-4.0308768],[120.3158632,-4.0301216],[120.3157693,-4.0299912],[120.3154314,-4.0293711],[120.3153281,-4.0292306],[120.3151859,-4.0290989],[120.314848,-4.0287176],[120.3147152,-4.0285912],[120.3145704,-4.0284788],[120.3144155,-4.0283932],[120.3140929,-4.0282554],[120.3137268,-4.0280968],[120.3133332,-4.0279791],[120.3129859,-4.0278895],[120.3127089,-4.0278333],[120.3124648,-4.0278005],[120.3119364,-4.0276995],[120.3115006,-4.0275878],[120.3112699,-4.0274808],[120.3110741,-4.0273463],[120.310938,-4.0272433],[120.3106389,-4.0269597],[120.310138,-4.0265149],[120.3099147,-4.0262995],[120.3097317,-4.0261015],[120.309613,-4.0259109],[120.3092864,-4.0254126],[120.3089739,-4.0250233],[120.3089228,-4.024949],[120.3088872,-4.0248924]]}},{"type":"Feature","properties":{"segmentId":"osm-gaul2-18188-2134966842-2540487189-0","regionId":"gaul2-18188","province":"Sulawesi Selatan","region":"Wajo","roadName":"Jalan Poros Solo -Peneki - Kulampu","highway":"primary","lengthMeters":16.361,"osmWayIds":["203480536"],"u":"2134966842","v":"2540487189","key":0,"oneway":false,"source":"OpenStreetMap"},"geometry":{"type":"LineString","coordinates":[[120.2965288,-4.0855571],[120.2964971,-4.0857008]]}},{"type":"Feature","properties":{"segmentId":"osm-gaul2-18188-2134966842-5710852974-0","regionId":"gaul2-18188","province":"Sulawesi Selatan","region":"Wajo","roadName":"Jalan Poros Atapangnge - Doping","highway":"primary","lengthMeters":14.828,"osmWayIds":["1431885866"],"u":"2134966842","v":"5710852974","key":0,"oneway":false,"source":"OpenStreetMap"},"geometry":{"type":"LineString","coordinates":[[120.2965288,-4.0855571],[120.2963987,-4.0855878]]}},{"type":"Feature","properties":{"segmentId":"osm-gaul2-18188-2135923538-2117270173-0","regionId":"gaul2-18188","province":"Sulawesi Selatan","region":"Wajo","roadName":"Unnamed OSM road","highway":"tertiary","lengthMeters":5984.201,"osmWayIds":["255359322","555023062","555023065"],"u":"2135923538","v":"2117270173","key":0,"oneway":false,"source":"OpenStreetMap"},"geometry":{"type":"LineString","coordinates":[[120.0745836,-4.0625746],[120.0740683,-4.0622982],[120.0735703,-4.0620524],[120.0731521,-4.0618374],[120.0728671,-4.0617042],[120.0726767,-4.0616252],[120.0725265,-4.0615851],[120.0724272,-4.0615757],[120.0723079,-4.0615704],[120.0720042,-4.0615753],[120.0716735,-4.061549],[120.0713131,-4.0615119],[120.0708948,-4.0614508],[120.0702583,-4.0613011],[120.0698662,-4.0611956],[120.0697933,-4.0611811],[120.0697088,-4.0611744],[120.0695515,-4.0611707],[120.068968,-4.0612128],[120.0683141,-4.0612614],[120.0679761,-4.0612881],[120.0675307,-4.0612926],[120.0672329,-4.0612877],[120.0670347,-4.0612921],[120.0665827,-4.0613175],[120.0662367,-4.0613376],[120.0660945,-4.0613296],[120.0659671,-4.0613149],[120.0656962,-4.0612426],[120.065597,-4.0612065],[120.0655004,-4.0611597],[120.0654119,-4.0611236],[120.0653462,-4.0610674],[120.0652564,-4.0609885],[120.0649868,-4.0606701],[120.0647172,-4.0604761],[120.0643297,-4.0601671],[120.0640185,-4.0599209],[120.0637543,-4.0597805],[120.0636417,-4.0597497],[120.0635344,-4.0597444],[120.062841,-4.059731],[120.0625031,-4.0597323],[120.062322,-4.0597243],[120.0621504,-4.0596949],[120.0620069,-4.0596574],[120.0618634,-4.0595986],[120.0616112,-4.0594701],[120.0613135,-4.0593377],[120.0610091,-4.0591972],[120.0607797,-4.0590862],[120.0606818,-4.059026],[120.0605944,-4.0589585],[120.0604364,-4.0587906],[120.0602312,-4.0585658],[120.0600757,-4.0584039],[120.0599094,-4.0582287],[120.0597028,-4.05802],[120.059613,-4.057921],[120.0595473,-4.0578421],[120.0594779,-4.0577294],[120.0594505,-4.0576696],[120.0593889,-4.0574604],[120.0592314,-4.0570758],[120.0590899,-4.0567691],[120.0589439,-4.0564396],[120.0588942,-4.0563385],[120.0588424,-4.0562602],[120.0587567,-4.0561378],[120.058571,-4.0559271],[120.0583738,-4.0556923],[120.0581163,-4.0554087],[120.0579333,-4.0551934],[120.057893,-4.0551532],[120.0577243,-4.0549717],[120.0575644,-4.0548628],[120.05737,-4.0547687],[120.0571831,-4.0546882],[120.0569802,-4.0545894],[120.0568905,-4.0545084],[120.0568015,-4.0544022],[120.0567551,-4.054285],[120.0567216,-4.0541914],[120.0566693,-4.0540536],[120.0566465,-4.0539051],[120.0566438,-4.0537232],[120.056684,-4.05356],[120.0567269,-4.0534249],[120.0567698,-4.0532456],[120.0567859,-4.0531372],[120.0567779,-4.0530409],[120.056739,-4.0529232],[120.0566344,-4.0527399],[120.0564522,-4.0524315],[120.0562479,-4.0520283],[120.0560333,-4.0516472],[120.0558315,-4.0512468],[120.0557379,-4.0510631],[120.0555432,-4.0508894],[120.0553997,-4.0507802],[120.0552665,-4.0506999],[120.0551179,-4.0506157],[120.05482,-4.0504843],[120.0544866,-4.050346],[120.0541642,-4.0502266],[120.054034,-4.0502009],[120.0538979,-4.0501775],[120.0537176,-4.050165],[120.0535767,-4.0501607],[120.0534043,-4.0501718],[120.0533521,-4.0501812],[120.0532308,-4.050203],[120.0529848,-4.0502889],[120.0526578,-4.0504104],[120.0522271,-4.05059],[120.051978,-4.0507106],[120.0516552,-4.05087],[120.0510329,-4.0511902],[120.0508402,-4.0512679],[120.0506407,-4.0513173],[120.0504868,-4.0513487],[120.050318,-4.0513605],[120.0499926,-4.0513351],[120.0496878,-4.0513227],[120.0495712,-4.0513364],[120.0494719,-4.0513681],[120.0493929,-4.0513934],[120.0491907,-4.0514726],[120.048679,-4.0517172],[120.0483778,-4.0518427],[120.0481171,-4.0519658],[120.0477443,-4.0521533],[120.047543,-4.0522517],[120.0473009,-4.0523946],[120.0468704,-4.0526283],[120.0463306,-4.0529448],[120.0454321,-4.053461],[120.0448877,-4.0537205],[120.0445121,-4.0538864],[120.0440723,-4.0541379],[120.0437853,-4.0543305],[120.043469,-4.0545748],[120.0432152,-4.0547573],[120.0428927,-4.0549717],[120.0424871,-4.055192],[120.0423285,-4.0552531],[120.042015,-4.0553097],[120.0417522,-4.0553017],[120.041441,-4.0552857],[120.041213,-4.0552455],[120.0407785,-4.055176],[120.0404218,-4.0551439],[120.0401375,-4.0551278],[120.0399095,-4.0551385],[120.0397673,-4.0551546],[120.0395876,-4.055176],[120.0393999,-4.0552241],[120.0391021,-4.055332],[120.0387803,-4.0554649],[120.0384834,-4.0555324],[120.0382896,-4.0555677],[120.0378638,-4.0556299],[120.0375089,-4.055687],[120.0372326,-4.0557378],[120.0370556,-4.0557753],[120.0369322,-4.0557806],[120.0368142,-4.0557833],[120.0366291,-4.0557592],[120.0363743,-4.0557164],[120.0360914,-4.0556268],[120.0358486,-4.0555318],[120.0353819,-4.0553766],[120.0348482,-4.055184],[120.0344217,-4.0550556],[120.0333377,-4.0546529],[120.0333166,-4.0546435],[120.0332242,-4.0546116],[120.0332064,-4.0546057],[120.0321412,-4.0542528],[120.0313237,-4.0539605],[120.0304455,-4.0536525],[120.0297279,-4.0533994],[120.0296841,-4.0533859],[120.0293456,-4.0532637],[120.0292927,-4.0532312],[120.0289956,-4.0531446],[120.0285638,-4.0529741]]}},{"type":"Feature","properties":{"segmentId":"osm-gaul2-18188-2135923538-2123330511-0","regionId":"gaul2-18188","province":"Sulawesi Selatan","region":"Wajo","roadName":"Unnamed OSM road","highway":"tertiary","lengthMeters":63.453,"osmWayIds":["588581576"],"u":"2135923538","v":"2123330511","key":0,"oneway":false,"source":"OpenStreetMap"},"geometry":{"type":"LineString","coordinates":[[120.0745836,-4.0625746],[120.0748407,-4.0627062],[120.0750872,-4.0628451]]}},{"type":"Feature","properties":{"segmentId":"osm-gaul2-18188-2135923538-2135923561-0","regionId":"gaul2-18188","province":"Sulawesi Selatan","region":"Wajo","roadName":"Unnamed OSM road","highway":"tertiary","lengthMeters":88.166,"osmWayIds":["203583075"],"u":"2135923538","v":"2135923561","key":0,"oneway":false,"source":"OpenStreetMap"},"geometry":{"type":"LineString","coordinates":[[120.0745836,-4.0625746],[120.074208,-4.0632734]]}},{"type":"Feature","properties":{"segmentId":"osm-gaul2-18188-2135923561-2123330511-0","regionId":"gaul2-18188","province":"Sulawesi Selatan","region":"Wajo","roadName":"Jalan Poros Sengkang - Tarumpakkae","highway":"trunk","lengthMeters":108.871,"osmWayIds":["201900014"],"u":"2135923561","v":"2123330511","key":0,"oneway":false,"source":"OpenStreetMap"},"geometry":{"type":"LineString","coordinates":[[120.074208,-4.0632734],[120.074351,-4.0631787],[120.0745911,-4.0630493],[120.0748631,-4.0629272],[120.0750872,-4.0628451]]}},{"type":"Feature","properties":{"segmentId":"osm-gaul2-18188-2135923561-2135923538-0","regionId":"gaul2-18188","province":"Sulawesi Selatan","region":"Wajo","roadName":"Unnamed OSM road","highway":"tertiary","lengthMeters":88.166,"osmWayIds":["203583075"],"u":"2135923561","v":"2135923538","key":0,"oneway":false,"source":"OpenStreetMap"},"geometry":{"type":"LineString","coordinates":[[120.074208,-4.0632734],[120.0745836,-4.0625746]]}},{"type":"Feature","properties":{"segmentId":"osm-gaul2-18188-2135923561-5601356876-0","regionId":"gaul2-18188","province":"Sulawesi Selatan","region":"Wajo","roadName":"Jalan Poros Sengkang - Tarumpakkae","highway":"trunk","lengthMeters":6159.806,"osmWayIds":["201900014"],"u":"2135923561","v":"5601356876","key":0,"oneway":false,"source":"OpenStreetMap"},"geometry":{"type":"LineString","coordinates":[[120.074208,-4.0632734],[120.0740558,-4.0634268],[120.0738868,-4.063633],[120.073649,-4.0639515],[120.0734622,-4.0642349],[120.0732977,-4.0645308],[120.0731018,-4.0648826],[120.0729181,-4.0651929],[120.072712,-4.0655461],[120.072509,-4.065918],[120.072411,-4.0661165],[120.0723374,-4.0662618],[120.0719967,-4.0670319],[120.0718197,-4.067423],[120.0717091,-4.0676799],[120.0715496,-4.0681006],[120.0714282,-4.0684423],[120.0713454,-4.0687278],[120.0712546,-4.0690648],[120.0711804,-4.069456],[120.0711398,-4.0696554],[120.0711062,-4.069879],[120.0710567,-4.0702525],[120.0709525,-4.0710579],[120.0709172,-4.0713371],[120.0708611,-4.0716257],[120.0707602,-4.0719378],[120.0706259,-4.0723214],[120.0703868,-4.0729412],[120.0701,-4.0735302],[120.0700155,-4.0737235],[120.0699212,-4.0739394],[120.0696698,-4.0746076],[120.0694285,-4.0751389],[120.0693119,-4.0753436],[120.0692247,-4.0754493],[120.0691214,-4.075559],[120.0689591,-4.075674],[120.068522,-4.0759442],[120.0677388,-4.0763656],[120.0674357,-4.0765168],[120.0672331,-4.0766265],[120.0670172,-4.0767094],[120.0667846,-4.0767658],[120.0660197,-4.0768705],[120.0654929,-4.0769441],[120.0651607,-4.0769936],[120.0647847,-4.0770652],[120.0646006,-4.0771174],[120.0644494,-4.0772293],[120.0642948,-4.077401],[120.0641129,-4.0776505],[120.0637932,-4.0781862],[120.0636806,-4.0783869],[120.0635178,-4.0785839],[120.0632318,-4.078847],[120.0628209,-4.0790838],[120.0622528,-4.0793785],[120.0621087,-4.079433],[120.0618591,-4.0794683],[120.0611955,-4.0795453],[120.0610332,-4.0796015],[120.0608978,-4.0796764],[120.0607514,-4.0798294],[120.0601744,-4.0805044],[120.0598571,-4.0809191],[120.0597243,-4.081069],[120.0595486,-4.0812269],[120.0591594,-4.0815144],[120.0587413,-4.0818194],[120.058319,-4.0821184],[120.0580604,-4.0822979],[120.0576147,-4.0826167],[120.0573994,-4.0827527],[120.0571601,-4.0828495],[120.0570166,-4.0828896],[120.0568114,-4.0829151],[120.0564413,-4.0829318],[120.0561841,-4.0829159],[120.0559813,-4.0828803],[120.055241,-4.082709],[120.0545228,-4.08259],[120.0529235,-4.0823652],[120.0527184,-4.0823599],[120.052548,-4.0823834],[120.0523781,-4.0824236],[120.0520116,-4.0825244],[120.0516656,-4.0825846],[120.0514135,-4.0826167],[120.05092,-4.0826622],[120.0507536,-4.0826902],[120.0506235,-4.0827545],[120.0504868,-4.0828548],[120.0503916,-4.0829618],[120.0503138,-4.0831036],[120.0502722,-4.083216],[120.0500375,-4.084127],[120.0499765,-4.0843002],[120.0499396,-4.0843651],[120.04989,-4.0844394],[120.0498323,-4.0845015],[120.0497632,-4.0845583],[120.049597,-4.0846667],[120.0494601,-4.0847216],[120.0491215,-4.0848346],[120.0490035,-4.0848848],[120.0489284,-4.0849236],[120.0488453,-4.0849764],[120.048742,-4.0850767],[120.0486951,-4.0851463],[120.0486602,-4.0852225],[120.0486078,-4.085371],[120.048286,-4.0863034],[120.0479775,-4.0870365],[120.0479414,-4.087114],[120.0478891,-4.087189],[120.0478448,-4.0872425],[120.047763,-4.0873241],[120.0474089,-4.0876211],[120.0472614,-4.0877375],[120.0471883,-4.0877789],[120.0471139,-4.087807],[120.0470562,-4.0878177],[120.0469825,-4.087819],[120.0467894,-4.0877883],[120.04632,-4.0876893],[120.0461027,-4.0876438],[120.0458948,-4.0876144],[120.0456816,-4.087597],[120.0454738,-4.087589],[120.0453886,-4.0875916],[120.045298,-4.087605],[120.0451733,-4.0876304],[120.0450801,-4.0876658],[120.0450271,-4.0876973],[120.0449467,-4.0877568],[120.0448709,-4.0878277],[120.0444934,-4.0882812],[120.0442306,-4.0885684],[120.0439878,-4.0888156],[120.0435881,-4.089159],[120.0431352,-4.0895005],[120.0429089,-4.0896316],[120.0428371,-4.0896597],[120.0427325,-4.089665],[120.042625,-4.0896436],[120.0424578,-4.0895668],[120.0422779,-4.0894804],[120.0421452,-4.0894511],[120.0419913,-4.0894438],[120.0418447,-4.089455],[120.0416773,-4.0895001],[120.0413223,-4.0896262],[120.0411641,-4.0896838],[120.0410729,-4.0897319],[120.0409971,-4.0897874],[120.04092,-4.089861],[120.040855,-4.0899466],[120.0408013,-4.0900249],[120.0406799,-4.0902483],[120.0405519,-4.0904834],[120.0404238,-4.090683],[120.0403366,-4.0907726],[120.0402313,-4.0908285],[120.0401133,-4.0908659],[120.03997,-4.0908863],[120.0394809,-4.0909348],[120.0389201,-4.0909606],[120.0386663,-4.0909489],[120.0385097,-4.0909291],[120.038392,-4.0909035],[120.0380011,-4.0908158],[120.0377382,-4.0907579],[120.0376256,-4.0907405],[120.0374915,-4.0907459],[120.0373788,-4.0907653],[120.0372762,-4.0908041],[120.037185,-4.0908582],[120.0371133,-4.0909218],[120.0370476,-4.0909987],[120.0369691,-4.0911211],[120.0367907,-4.0914468],[120.0367143,-4.0915712],[120.0366251,-4.0916803],[120.0365406,-4.0917438],[120.0364702,-4.0917826],[120.0363683,-4.0918147],[120.0361886,-4.0918431],[120.0359137,-4.0918809],[120.0355643,-4.0919297],[120.0352069,-4.0919812],[120.0348039,-4.0920495]]}},{"type":"Feature","properties":{"segmentId":"osm-gaul2-18188-2136827226-2117270173-0","regionId":"gaul2-18188","province":"Sulawesi Selatan","region":"Wajo","roadName":"Jalan Poros Impa-impa - Anabanua","highway":"primary","lengthMeters":3907.256,"osmWayIds":["586445430","749718606"],"u":"2136827226","v":"2117270173","key":0,"oneway":false,"source":"OpenStreetMap"},"geometry":{"type":"LineString","coordinates":[[120.0407611,-4.020161],[120.0407678,-4.0202533],[120.0407651,-4.0203149],[120.0407383,-4.0203924],[120.0407074,-4.0204754],[120.0406535,-4.0205695],[120.0405358,-4.0207296],[120.0403762,-4.0209262],[120.0402515,-4.0210948],[120.0401241,-4.0212487],[120.0398371,-4.0215818],[120.0396962,-4.0217637],[120.0392684,-4.0222748],[120.0392483,-4.0223002],[120.0392303,-4.0223358],[120.0375931,-4.0267953],[120.0370343,-4.0284738],[120.0363831,-4.0301993],[120.0362591,-4.0305964],[120.0361705,-4.0308613],[120.0359932,-4.0313928],[120.0358648,-4.0317389],[120.0357736,-4.0320064],[120.0356112,-4.0324565],[120.0354973,-4.0327797],[120.0354115,-4.0330205],[120.035264,-4.0334699],[120.0349394,-4.0343877],[120.0347543,-4.0349335],[120.0345854,-4.0354124],[120.0344191,-4.0358833],[120.034293,-4.0362311],[120.0341133,-4.0367796],[120.033955,-4.0372478],[120.033863,-4.0375089],[120.0336439,-4.0381308],[120.0333603,-4.0389395],[120.033314,-4.0390859],[120.0331584,-4.0395408],[120.0330289,-4.0399459],[120.0329116,-4.040326],[120.0328714,-4.0404673],[120.0328212,-4.0406193],[120.0325791,-4.0412906],[120.0323591,-4.0418685],[120.0321419,-4.0424598],[120.0319618,-4.0429352],[120.0316108,-4.0439929],[120.0314338,-4.0445333],[120.031304,-4.0449246],[120.0306376,-4.0469503],[120.030482,-4.0473927],[120.0303489,-4.0477636],[120.0302925,-4.0479245],[120.0301526,-4.0483232],[120.0296767,-4.0497078],[120.0295963,-4.0499266],[120.0294435,-4.0503467],[120.0293899,-4.0505126],[120.0292155,-4.0509942],[120.0290893,-4.0513845],[120.0290385,-4.051556],[120.028789,-4.0523025],[120.0285638,-4.0529741]]}},{"type":"Feature","properties":{"segmentId":"osm-gaul2-18188-2136827226-2518202511-0","regionId":"gaul2-18188","province":"Sulawesi Selatan","region":"Wajo","roadName":"Unnamed OSM road","highway":"tertiary","lengthMeters":7317.32,"osmWayIds":["203683885","749964604","749964605","749990500","749990501"],"u":"2136827226","v":"2518202511","key":0,"oneway":false,"source":"OpenStreetMap"},"geometry":{"type":"LineString","coordinates":[[120.0407611,-4.020161],[120.0409308,-4.0202331],[120.0411473,-4.0203243],[120.0416094,-4.0205184],[120.0416956,-4.0205546],[120.0422199,-4.0207849],[120.0427164,-4.0209503],[120.0430329,-4.0210145],[120.0432891,-4.0210801],[120.0433574,-4.0210955],[120.0436827,-4.0211838],[120.0439234,-4.021246],[120.0442305,-4.0213115],[120.0443673,-4.0213089],[120.0445028,-4.0213249],[120.044653,-4.021341],[120.0448515,-4.0214012],[120.0451599,-4.0215443],[120.0454067,-4.0216594],[120.0455086,-4.0216781],[120.0457386,-4.0217138],[120.0458231,-4.0217396],[120.0458908,-4.021761],[120.0459458,-4.0217784],[120.0460652,-4.0218413],[120.0462905,-4.0219309],[120.0464514,-4.0219925],[120.0468215,-4.022157],[120.0471367,-4.022347],[120.0475873,-4.0226119],[120.047995,-4.0228928],[120.04862,-4.0233316],[120.0489432,-4.0235537],[120.0491256,-4.0236661],[120.049312,-4.0237584],[120.0495011,-4.0238413],[120.0498028,-4.023947],[120.0500603,-4.0240032],[120.0502682,-4.0240353],[120.0503956,-4.0240687],[120.0506115,-4.0241557],[120.0509012,-4.0242868],[120.0511989,-4.0244085],[120.0514255,-4.0245504],[120.0514899,-4.0246132],[120.0516562,-4.0247724],[120.051903,-4.024945],[120.052135,-4.0250815],[120.0522771,-4.025139],[120.0524515,-4.0251684],[120.0526232,-4.0251631],[120.0529356,-4.0250962],[120.0531532,-4.0250553],[120.0533447,-4.0250266],[120.0534855,-4.0250132],[120.0536638,-4.0250199],[120.0538449,-4.0250681],[120.0541104,-4.0251801],[120.0544038,-4.0253288],[120.0547405,-4.0255351],[120.0553536,-4.0258641],[120.0556208,-4.0260293],[120.0558805,-4.0262357],[120.0564481,-4.0266195],[120.0567559,-4.026893],[120.0569724,-4.0271185],[120.0573332,-4.0274256],[120.0576362,-4.0276943],[120.0579392,-4.0279342],[120.0583096,-4.0282029],[120.058752,-4.0285276],[120.059046,-4.0287888],[120.0593421,-4.0290975],[120.0595799,-4.029331],[120.0596858,-4.0294605],[120.0597766,-4.029654],[120.0599939,-4.0302293],[120.0601012,-4.0305691],[120.0600944,-4.0307483],[120.0600247,-4.031056],[120.0599831,-4.0313089],[120.0599523,-4.0315417],[120.0599617,-4.0317437],[120.0599912,-4.0318293],[120.0600663,-4.0320005],[120.0601503,-4.0321551],[120.0602648,-4.0323751],[120.0604197,-4.0325629],[120.0604834,-4.0326841],[120.060529,-4.0328059],[120.0605316,-4.0329477],[120.0605062,-4.0331403],[120.0605303,-4.0333677],[120.0605813,-4.0336085],[120.0606953,-4.0339309],[120.060816,-4.0341396],[120.0610574,-4.0344647],[120.0612344,-4.0346935],[120.0614771,-4.0349878],[120.0616246,-4.0351309],[120.0618513,-4.0353329],[120.0619666,-4.035468],[120.0620592,-4.0355537],[120.0621329,-4.0357088],[120.0622536,-4.0360125],[120.0623462,-4.0363777],[120.0623783,-4.0365302],[120.0624306,-4.0366105],[120.0625701,-4.0368031],[120.0626962,-4.0369717],[120.0628397,-4.0371643],[120.0629389,-4.0372433],[120.0630462,-4.0373115],[120.0631656,-4.0373503],[120.0636819,-4.0373944],[120.0639702,-4.0373851],[120.0641848,-4.0373958],[120.0644664,-4.0374413],[120.0647642,-4.0374948],[120.0652765,-4.0376219],[120.0655889,-4.0376874],[120.06577,-4.0377048],[120.0659162,-4.0377155],[120.0659966,-4.0377142],[120.0660489,-4.0377088],[120.0661134,-4.037658],[120.0661629,-4.0376112],[120.066312,-4.0374043],[120.0665381,-4.0370876],[120.0668845,-4.0366292],[120.0670964,-4.0363296],[120.067319,-4.0358587],[120.0674263,-4.0356808],[120.0674732,-4.0356192],[120.0675108,-4.0356005],[120.0675899,-4.0355898],[120.0677991,-4.0356527],[120.0679721,-4.0356981],[120.0682028,-4.0357008],[120.0685313,-4.0356848],[120.0687285,-4.0356808],[120.0689659,-4.0357222],[120.0691576,-4.0357704],[120.0692877,-4.0357945],[120.0694768,-4.0357971],[120.0698751,-4.0356513],[120.0700441,-4.0355764],[120.0701407,-4.035551],[120.0702332,-4.035547],[120.0704156,-4.0355751],[120.0706434,-4.0356586],[120.0709037,-4.0358105],[120.0712323,-4.0360567],[120.0714563,-4.0361784],[120.0717406,-4.0362988],[120.0719981,-4.0363938],[120.0721067,-4.0364393],[120.0722314,-4.0365249],[120.0723763,-4.0367229],[120.0724621,-4.0368593],[120.0725493,-4.0371162],[120.0726069,-4.0375068],[120.0726914,-4.0377864],[120.0727437,-4.0378867],[120.0728846,-4.0380125],[120.0731635,-4.0381998],[120.073413,-4.0383242],[120.0737402,-4.0383964],[120.0738636,-4.0384312],[120.0741318,-4.0385222],[120.074463,-4.0385556],[120.0747031,-4.0385209],[120.0749217,-4.0384633],[120.0751014,-4.0384419],[120.0753093,-4.038478],[120.0755212,-4.0385168],[120.0757666,-4.0385637],[120.0759986,-4.0386613],[120.07624,-4.0387871],[120.076409,-4.0388285],[120.0766343,-4.0388352],[120.076822,-4.0388098],[120.0769629,-4.0387857],[120.077211,-4.0388392],[120.0775892,-4.0389583],[120.0779928,-4.0390573],[120.0782423,-4.0391101],[120.0784019,-4.0391516],[120.0785192,-4.0391616],[120.0785943,-4.039157],[120.07877,-4.0391208],[120.0788853,-4.0390847],[120.078937,-4.0390807],[120.0790469,-4.0390901],[120.0792025,-4.0391295],[120.0794077,-4.0391703],[120.0796866,-4.0392185],[120.0798724,-4.0392432],[120.0801701,-4.0392513],[120.0805221,-4.0392473],[120.0808722,-4.0392713],[120.0810599,-4.039274],[120.0812396,-4.0393075],[120.0815132,-4.0394359],[120.0817318,-4.0395616],[120.0818928,-4.0395978],[120.082102,-4.0396432],[120.0823997,-4.039666],[120.0827081,-4.0396419],[120.082916,-4.0396312],[120.083081,-4.0396473],[120.0834605,-4.0397289],[120.0837073,-4.0397864],[120.0838374,-4.03986],[120.0842169,-4.0402546],[120.0845951,-4.0407014],[120.0847144,-4.0408686],[120.0847533,-4.0409596],[120.0848553,-4.0415402],[120.084925,-4.0421128],[120.0849746,-4.0424419],[120.0851396,-4.0428258],[120.0853354,-4.0431255],[120.0855258,-4.0434572],[120.0857136,-4.0438639],[120.085794,-4.0439856],[120.085853,-4.0440378],[120.085959,-4.0441141],[120.0862634,-4.0443589],[120.0864083,-4.0444993],[120.086537,-4.0446117],[120.0866309,-4.0446786],[120.0868535,-4.0447963],[120.0870882,-4.0448619],[120.0872464,-4.044898],[120.0874946,-4.0449194],[120.0877547,-4.04491],[120.087917,-4.0449194],[120.0880887,-4.0449635],[120.088208,-4.045005],[120.0887254,-4.0452119],[120.0895123,-4.0455552],[120.0907105,-4.0459816],[120.0912778,-4.0462625],[120.0920945,-4.046714]]}},{"type":"Feature","properties":{"segmentId":"osm-gaul2-18188-2136827226-5400785913-0","regionId":"gaul2-18188","province":"Sulawesi Selatan","region":"Wajo","roadName":"Jalan Poros Impa-impa - Anabanua","highway":"primary","lengthMeters":8463.233,"osmWayIds":["202362110","585084674","585084675","749718605","749718606","777901002","777901003","777901004","777901005"],"u":"2136827226","v":"5400785913","key":0,"oneway":false,"source":"OpenStreetMap"},"geometry":{"type":"LineString","coordinates":[[120.0407611,-4.020161],[120.0407168,-4.0199216],[120.0407021,-4.0198413],[120.040635,-4.0194948],[120.0405662,-4.0191819],[120.0405492,-4.0191001],[120.0405452,-4.019048],[120.0405425,-4.0189864],[120.0405579,-4.0189094],[120.0407906,-4.018369],[120.0408035,-4.0183419],[120.0409763,-4.0179695],[120.0411327,-4.0176074],[120.0415013,-4.016754],[120.0415159,-4.0167203],[120.0416634,-4.0163788],[120.0419064,-4.0158319],[120.0421423,-4.0152701],[120.0422779,-4.0149428],[120.042404,-4.0146299],[120.0424898,-4.0144111],[120.042648,-4.0140058],[120.0428961,-4.0133382],[120.043395,-4.01208],[120.0434782,-4.0118786],[120.0435693,-4.0116392],[120.0436874,-4.0113395],[120.0437437,-4.0112057],[120.0437947,-4.0110746],[120.0438537,-4.0109288],[120.0439636,-4.010688],[120.044083,-4.0104284],[120.0442654,-4.0100177],[120.0445229,-4.0094203],[120.0446043,-4.0092392],[120.044653,-4.0091308],[120.0448354,-4.0087334],[120.0450727,-4.0081983],[120.0452296,-4.0078424],[120.0453678,-4.0075098],[120.0456266,-4.0069065],[120.0457581,-4.0066076],[120.0459056,-4.0062906],[120.0459807,-4.006118],[120.0460893,-4.0058812],[120.0461791,-4.0056912],[120.0462529,-4.00552],[120.0463857,-4.0051802],[120.0465722,-4.0047486],[120.0468082,-4.004184],[120.0471059,-4.0035258],[120.0472051,-4.0032877],[120.0473419,-4.002988],[120.0474895,-4.0026535],[120.0476719,-4.0022495],[120.0477738,-4.001998],[120.0479588,-4.001594],[120.0481091,-4.0012568],[120.0481976,-4.0010588],[120.0483281,-4.0007565],[120.0484229,-4.0005451],[120.0485579,-4.0002363],[120.0486772,-3.9999518],[120.0487933,-3.9996771],[120.0489221,-3.9993802],[120.0491136,-3.9989803],[120.0492505,-3.9987013],[120.0495751,-3.9980456],[120.0499691,-3.9971572],[120.0502346,-3.9965484],[120.0503553,-3.9962635],[120.0504049,-3.9961618],[120.0505337,-3.9958621],[120.0507939,-3.9953042],[120.0509682,-3.9948975],[120.051195,-3.994329],[120.0514463,-3.9937327],[120.0519338,-3.9925041],[120.0521672,-3.9918887],[120.0522932,-3.991569],[120.0524488,-3.9911502],[120.0525466,-3.9908804],[120.0525695,-3.9908171],[120.0526607,-3.9905161],[120.052857,-3.9897742],[120.0529397,-3.9894097],[120.0530121,-3.9891341],[120.0532293,-3.9883983],[120.053456,-3.9876892],[120.0538865,-3.9864704],[120.0540327,-3.9860784],[120.0542378,-3.9855526],[120.0543827,-3.9850897],[120.0544487,-3.9849028],[120.0545838,-3.9845198],[120.0547609,-3.9839927],[120.0548494,-3.9837626],[120.0549567,-3.9834736],[120.0550774,-3.9831097],[120.0551752,-3.9828448],[120.0553014,-3.982513],[120.0554046,-3.9822842],[120.0554676,-3.9821411],[120.0555696,-3.9819109],[120.0556943,-3.9816033],[120.0558539,-3.9812046],[120.0559933,-3.9808955],[120.0560296,-3.9807925],[120.0561757,-3.9804273],[120.0563004,-3.9801075],[120.0563675,-3.9799496],[120.0564694,-3.9797209],[120.0566854,-3.9791576],[120.0568007,-3.978878],[120.0569583,-3.9785228],[120.0570213,-3.9783636],[120.057079,-3.9782332],[120.057148,-3.9780512],[120.0572272,-3.9778492],[120.0574136,-3.9774839],[120.0576416,-3.9770786],[120.0577931,-3.9768364],[120.057883,-3.9766772],[120.057997,-3.9764712],[120.0581405,-3.9762424],[120.0582585,-3.9760377],[120.0584422,-3.9757822],[120.0585924,-3.9755989],[120.0586514,-3.975532],[120.0587533,-3.9754263],[120.0589183,-3.9752537],[120.0592267,-3.9749513],[120.0594333,-3.9747239],[120.0595419,-3.9745767],[120.0596787,-3.9743587],[120.0597364,-3.9742476],[120.05979,-3.9741058],[120.0598463,-3.9739332],[120.0599188,-3.973675],[120.06001,-3.9733834],[120.0600169,-3.9733603],[120.0600985,-3.9730877],[120.0602057,-3.9727104],[120.0602433,-3.97259],[120.0602857,-3.9724846],[120.0603546,-3.9723331],[120.0604128,-3.9722285],[120.0604734,-3.97214],[120.0607368,-3.9717939],[120.0608347,-3.9716481],[120.0608555,-3.97162],[120.0610802,-3.9713177],[120.0610963,-3.9712956],[120.0612505,-3.9710541],[120.0613604,-3.9708708],[120.0614744,-3.9706835],[120.0616179,-3.9704213],[120.0619063,-3.9699049],[120.062432,-3.9689135],[120.0627379,-3.968337],[120.0627699,-3.9682871],[120.0627907,-3.9682576],[120.0632707,-3.9673698],[120.0633449,-3.9672304],[120.0635027,-3.966919],[120.0637121,-3.9665277],[120.063897,-3.9661778],[120.0639756,-3.9660517],[120.0640225,-3.9659735],[120.0640802,-3.9658725],[120.0641567,-3.9657333],[120.0642557,-3.9655732],[120.0642991,-3.965515],[120.0644664,-3.9653306],[120.0647561,-3.9650389],[120.0649412,-3.9648543],[120.0651209,-3.964667],[120.0652742,-3.9645109],[120.0653288,-3.9644523],[120.0654124,-3.9643613],[120.0654793,-3.9642619],[120.0655534,-3.9641292],[120.0656681,-3.963883],[120.0657834,-3.9635974],[120.0659114,-3.9632425],[120.0659865,-3.9630605],[120.0660072,-3.9630143],[120.0661103,-3.9627837],[120.0662627,-3.962421],[120.0663351,-3.9622203],[120.0664517,-3.9619317],[120.0665658,-3.9616317],[120.0667164,-3.9612357],[120.0668814,-3.9608359],[120.0670365,-3.9604201],[120.0673195,-3.9597215],[120.0673498,-3.9596466],[120.0674743,-3.9593146],[120.0676374,-3.9588795],[120.0677892,-3.9584766],[120.0679853,-3.957957],[120.0680414,-3.9577692],[120.0680844,-3.9575979],[120.0680928,-3.9575293],[120.0680857,-3.9574454],[120.0680388,-3.9572166],[120.0680123,-3.9571266],[120.0679786,-3.9570582],[120.067786,-3.9567394],[120.0675834,-3.956437],[120.0675094,-3.9563265],[120.0673683,-3.9561118],[120.0672441,-3.9559272],[120.0670843,-3.9556857],[120.0669823,-3.9554935],[120.0669186,-3.9553272],[120.0668587,-3.9551481],[120.0667427,-3.9546865],[120.0666162,-3.9541473],[120.0665547,-3.9538934],[120.0664681,-3.9535177],[120.0664379,-3.9533574],[120.0663837,-3.9531012],[120.0663263,-3.9528497],[120.0662902,-3.952659],[120.0662195,-3.9523282],[120.0662075,-3.9522832],[120.0660844,-3.9517649],[120.0660543,-3.9516373],[120.065983,-3.9513443],[120.0659163,-3.9510705],[120.0658353,-3.9507379]]}},{"type":"Feature","properties":{"segmentId":"osm-gaul2-18188-2274872332-2117270257-0","regionId":"gaul2-18188","province":"Sulawesi Selatan","region":"Wajo","roadName":"Jalan Malingkaan","highway":"trunk","lengthMeters":17.67,"osmWayIds":["600612594"],"u":"2274872332","v":"2117270257","key":0,"oneway":false,"source":"OpenStreetMap"},"geometry":{"type":"LineString","coordinates":[[120.022283,-4.1110862],[120.0223026,-4.1109285]]}},{"type":"Feature","properties":{"segmentId":"osm-gaul2-18188-2274872332-5595798825-0","regionId":"gaul2-18188","province":"Sulawesi Selatan","region":"Wajo","roadName":"Jalan W.R. Supratman","highway":"trunk","lengthMeters":3214.619,"osmWayIds":["1433968539","218214358","220699257","220973197","550361546","550361547"],"u":"2274872332","v":"5595798825","key":0,"oneway":false,"source":"OpenStreetMap"},"geometry":{"type":"LineString","coordinates":[[120.022283,-4.1110862],[120.0220024,-4.1130582],[120.0219692,-4.1132622],[120.0218133,-4.1140962],[120.0217419,-4.1144487],[120.0216487,-4.1147945],[120.0216092,-4.1149449],[120.0215716,-4.1151614],[120.0215692,-4.1151937],[120.0215686,-4.1152206],[120.0215793,-4.1154042],[120.0215917,-4.1154934],[120.0216071,-4.1155436],[120.0216182,-4.1155851],[120.0218227,-4.1160706],[120.0219381,-4.1163455],[120.0219839,-4.1164541],[120.0220199,-4.1165575],[120.0220453,-4.1166395],[120.0220708,-4.1167278],[120.0221131,-4.1168859],[120.0221243,-4.1169791],[120.0221295,-4.1170702],[120.0221238,-4.1173126],[120.0221117,-4.1173996],[120.0220802,-4.1175514],[120.022012,-4.1178923],[120.0219853,-4.118033],[120.021982,-4.11806],[120.021981,-4.1180845],[120.0219843,-4.1182116],[120.0219875,-4.118245],[120.0219914,-4.1182604],[120.0220011,-4.1183374],[120.0220071,-4.1183664],[120.0220205,-4.1184025],[120.022078,-4.118556],[120.0220918,-4.1185842],[120.0221027,-4.1186045],[120.0221831,-4.1187197],[120.0225075,-4.1193092],[120.0226977,-4.1196342],[120.0227444,-4.119714],[120.0230327,-4.1201106],[120.0232709,-4.1204265],[120.0233429,-4.1205822],[120.0233569,-4.1206179],[120.0233941,-4.120735],[120.0234742,-4.1210974],[120.0234582,-4.1212031],[120.0234407,-4.1212954],[120.0234079,-4.1214529],[120.023328,-4.1217605],[120.0231712,-4.1223207],[120.0231175,-4.1224966],[120.0229412,-4.1230825],[120.022803,-4.1235481],[120.0226596,-4.1237911],[120.0225455,-4.1240475],[120.0225111,-4.124121],[120.0224967,-4.1242273],[120.0224843,-4.1243303],[120.0224971,-4.124427],[120.0224897,-4.1245578],[120.0225136,-4.1248223],[120.022513,-4.1248984],[120.0225582,-4.1255062],[120.0225714,-4.1256997],[120.022615,-4.1258177],[120.0226469,-4.1259123],[120.022712,-4.1260161],[120.0227807,-4.1261237],[120.0228744,-4.1262157],[120.0231014,-4.1264399],[120.0232027,-4.1265493],[120.0236372,-4.1270258],[120.0239249,-4.1273295],[120.0241461,-4.1275569],[120.024293,-4.1277094],[120.0244633,-4.1278692],[120.0245522,-4.1279508],[120.0248876,-4.1282588],[120.0250688,-4.1284288],[120.0252847,-4.1286403],[120.0254759,-4.1288437],[120.0256101,-4.1289641],[120.025806,-4.1291339],[120.0259206,-4.1292425],[120.0259273,-4.1292505],[120.0261923,-4.1295001],[120.0262282,-4.129548],[120.0265004,-4.1299245],[120.0265944,-4.1300515],[120.0266857,-4.1301816],[120.0269612,-4.1305792],[120.0270387,-4.1306835],[120.027232,-4.1309612],[120.0274422,-4.1312681],[120.0274982,-4.131349],[120.0277237,-4.1316422],[120.0279692,-4.1319443],[120.0280241,-4.1320074],[120.0283165,-4.1323431],[120.0284278,-4.132477],[120.0292165,-4.1334023],[120.0294442,-4.1336384],[120.0295603,-4.1337788],[120.0296085,-4.133837],[120.0300081,-4.1343192],[120.0301141,-4.1344376],[120.0304011,-4.1347533],[120.0305995,-4.1349806],[120.0309053,-4.1353933],[120.0309898,-4.1355411],[120.0311413,-4.135826],[120.0312812,-4.1360234]]}},{"type":"Feature","properties":{"segmentId":"osm-gaul2-18188-2275298160-2123332422-0","regionId":"gaul2-18188","province":"Sulawesi Selatan","region":"Wajo","roadName":"Jalan Poros Solo -Peneki - Kulampu","highway":"primary","lengthMeters":22.689,"osmWayIds":["249932331"],"u":"2275298160","v":"2123332422","key":0,"oneway":false,"source":"OpenStreetMap"},"geometry":{"type":"LineString","coordinates":[[120.2290094,-4.2341083],[120.2288761,-4.2342631]]}},{"type":"Feature","properties":{"segmentId":"osm-gaul2-18188-2275298160-3557946865-0","regionId":"gaul2-18188","province":"Sulawesi Selatan","region":"Wajo","roadName":"Unnamed OSM road","highway":"tertiary","lengthMeters":32.713,"osmWayIds":["350237273"],"u":"2275298160","v":"3557946865","key":0,"oneway":false,"source":"OpenStreetMap"},"geometry":{"type":"LineString","coordinates":[[120.2290094,-4.2341083],[120.2290974,-4.2338275]]}},{"type":"Feature","properties":{"segmentId":"osm-gaul2-18188-2275298160-5671516648-0","regionId":"gaul2-18188","province":"Sulawesi Selatan","region":"Wajo","roadName":"Jalan Poros Solo -Peneki - Kulampu","highway":"primary","lengthMeters":34.827,"osmWayIds":["249932331"],"u":"2275298160","v":"5671516648","key":0,"oneway":false,"source":"OpenStreetMap"},"geometry":{"type":"LineString","coordinates":[[120.2290094,-4.2341083],[120.2291165,-4.2340019],[120.2291635,-4.2339592],[120.2292043,-4.2339277],[120.2292459,-4.2339044]]}},{"type":"Feature","properties":{"segmentId":"osm-gaul2-18188-2300703019-2123332422-0","regionId":"gaul2-18188","province":"Sulawesi Selatan","region":"Wajo","roadName":"Jalan Balielo","highway":"tertiary","lengthMeters":21162.682,"osmWayIds":["1023226981","218271331","594819049","748563847","748563848"],"u":"2300703019","v":"2123332422","key":0,"oneway":false,"source":"OpenStreetMap"},"geometry":{"type":"LineString","coordinates":[[120.1902115,-4.1771013],[120.1899925,-4.177216],[120.1898651,-4.1773645],[120.1897041,-4.1776226],[120.1894225,-4.1781309],[120.189283,-4.1783436],[120.1888271,-4.178904],[120.1884609,-4.1793213],[120.1881659,-4.1796744],[120.1878346,-4.1800904],[120.1871775,-4.1809063],[120.1869804,-4.1811658],[120.1867913,-4.181456],[120.1865311,-4.1818586],[120.1863581,-4.1821261],[120.1861958,-4.1824123],[120.1859705,-4.1827868],[120.1857345,-4.1832001],[120.185414,-4.1836429],[120.185186,-4.1839799],[120.1850338,-4.1842347],[120.1848567,-4.1844561],[120.1847032,-4.1846132],[120.1845215,-4.1847804],[120.1842801,-4.184967],[120.1840326,-4.1851422],[120.1837376,-4.1853469],[120.1834103,-4.1855622],[120.1832494,-4.1856799],[120.183122,-4.1857562],[120.1829845,-4.185823],[120.1827485,-4.1859247],[120.1825004,-4.1860745],[120.1823019,-4.1862256],[120.1819398,-4.1865132],[120.1818171,-4.1866236],[120.1816743,-4.1867573],[120.1812156,-4.1872402],[120.1811466,-4.1873084],[120.181054,-4.1873766],[120.1809756,-4.1874341],[120.1808703,-4.1874883],[120.1807181,-4.1875953],[120.1799671,-4.1881657],[120.1796673,-4.1883964],[120.1794387,-4.1885462],[120.1793213,-4.188589],[120.179143,-4.1886104],[120.1788466,-4.1886359],[120.1785314,-4.188672],[120.1782082,-4.1887295],[120.1778206,-4.1888231],[120.1774572,-4.1888967],[120.1772077,-4.1889328],[120.1770321,-4.1889341],[120.1768725,-4.1889047],[120.1767156,-4.1888298],[120.1765305,-4.1886934],[120.176332,-4.1884606],[120.1761885,-4.1882948],[120.176045,-4.1881905],[120.1757768,-4.1880487],[120.1753852,-4.1878547],[120.1750807,-4.1876916],[120.1740374,-4.1872087],[120.1735345,-4.1869961],[120.1732622,-4.1868824],[120.1731107,-4.1868396],[120.172994,-4.1868275],[120.1727687,-4.1868289],[120.1724938,-4.1868476],[120.1722497,-4.186865],[120.172011,-4.186861],[120.171736,-4.1867901],[120.1712659,-4.1866144],[120.1704754,-4.1862444],[120.1701495,-4.1861079],[120.1698746,-4.1860223],[120.169652,-4.1859167],[120.1692845,-4.1857094],[120.1690994,-4.1855783],[120.1689465,-4.1854873],[120.1687588,-4.1854124],[120.1684611,-4.185387],[120.168217,-4.1853442],[120.1679233,-4.1852854],[120.1675357,-4.1852452],[120.1670569,-4.1852225],[120.1667552,-4.1851984],[120.166546,-4.1851998],[120.1664789,-4.1854258],[120.16644,-4.1855662],[120.1664025,-4.1856893],[120.1662925,-4.1858699],[120.1661704,-4.1860411],[120.1657547,-4.1864891],[120.1656193,-4.186675],[120.1653711,-4.1871218],[120.1651928,-4.1873879],[120.1651002,-4.1875779],[120.164647,-4.1884125],[120.1644833,-4.1886787],[120.1643841,-4.1888338],[120.16425,-4.1889863],[120.1640703,-4.1891896],[120.1638302,-4.1893835],[120.1636706,-4.1894798],[120.1635164,-4.18954],[120.163397,-4.1895387],[120.163267,-4.1894959],[120.1630121,-4.1894384],[120.1618414,-4.1892565],[120.1613371,-4.1891816],[120.1610595,-4.1891267],[120.160908,-4.1891013],[120.160794,-4.1891027],[120.1607001,-4.1891334],[120.1603447,-4.1893073],[120.1598391,-4.1895721],[120.1595145,-4.1897206],[120.1594314,-4.1897607],[120.1593831,-4.1897848],[120.1593174,-4.1897808],[120.1592477,-4.189746],[120.1588815,-4.1895561],[120.1582539,-4.1891655],[120.1581775,-4.1891348],[120.1580957,-4.1891669],[120.1579696,-4.1892431],[120.1578422,-4.1893528],[120.157582,-4.1896176],[120.1570563,-4.1900643],[120.1567277,-4.1904094],[120.1564823,-4.1906033],[120.1562624,-4.1907264],[120.1559593,-4.1909016],[120.1556414,-4.1911049],[120.1554872,-4.1911865],[120.1552016,-4.1913042],[120.1550701,-4.1913617],[120.154814,-4.1915008],[120.1543674,-4.1917764],[120.1539865,-4.1920372],[120.1536767,-4.1922365],[120.1531403,-4.1926497],[120.1526991,-4.1929922],[120.1519762,-4.19359],[120.1517147,-4.1937987],[120.1515135,-4.1939712],[120.1511105,-4.1944061],[120.150827,-4.1947272],[120.1505546,-4.1950929],[120.1503105,-4.1954024],[120.1501057,-4.195733],[120.1498447,-4.1961855],[120.1495336,-4.1969736],[120.1491417,-4.1977369],[120.1489332,-4.1981683],[120.1487566,-4.1984598],[120.148555,-4.1986819],[120.1482684,-4.1989371],[120.147741,-4.1992876],[120.1472971,-4.1996743],[120.1471624,-4.1997652],[120.1468801,-4.1999137],[120.1466829,-4.2000034],[120.1464688,-4.2000677],[120.1460069,-4.200113],[120.1458956,-4.2001345],[120.1457891,-4.2001717],[120.145505,-4.2003464],[120.1449523,-4.2006954],[120.1446672,-4.2009022],[120.144417,-4.2011313],[120.1440063,-4.2016618],[120.1437525,-4.2020551],[120.1435493,-4.2023177],[120.1435295,-4.2023443],[120.1429211,-4.2032281],[120.1427065,-4.2034849],[120.1421486,-4.2040827],[120.1419367,-4.2043315],[120.1417932,-4.2045014],[120.1414311,-4.2048545],[120.1411226,-4.2051889],[120.1406439,-4.2057265],[120.1399867,-4.2064153],[120.1393033,-4.2071979],[120.1389179,-4.2076819],[120.1387234,-4.2079347],[120.1384807,-4.2081996],[120.1383385,-4.2083306],[120.1381132,-4.2085366],[120.1377672,-4.2089114],[120.136235,-4.2104171],[120.1358959,-4.2106904],[120.1354763,-4.2111698],[120.1350582,-4.2116556],[120.1348704,-4.2119017],[120.1346961,-4.2121554],[120.1343635,-4.2128326],[120.1342664,-4.2130983],[120.1341301,-4.2135455],[120.1340207,-4.2138664],[120.1338726,-4.2142075],[120.133599,-4.2148214],[120.1335306,-4.2149913],[120.1334544,-4.2153026],[120.1333218,-4.2163111],[120.1331725,-4.2172381],[120.1331607,-4.2179003],[120.1331373,-4.2180164],[120.1329023,-4.2191825],[120.1327937,-4.219833],[120.132755,-4.2202922],[120.1327501,-4.2206615],[120.1327662,-4.2209805],[120.1327934,-4.2212769],[120.132814,-4.221463],[120.1328333,-4.2215877],[120.132857,-4.2217055],[120.1328681,-4.2217629],[120.1328934,-4.2218207],[120.1329191,-4.2218699],[120.1329575,-4.221914],[120.1330314,-4.2219747],[120.1331125,-4.222026],[120.1332336,-4.2220766],[120.1334341,-4.2221468],[120.1336594,-4.2221983],[120.1337063,-4.2221989],[120.1337539,-4.2221942],[120.1337781,-4.2221822],[120.1338103,-4.2221474],[120.1338639,-4.2220424],[120.1339518,-4.2218432],[120.1340148,-4.2217602],[120.1342142,-4.2215674],[120.1344688,-4.221313],[120.1350822,-4.2206584],[120.135152,-4.2206073],[120.1352246,-4.2205649],[120.135781,-4.2203358],[120.1360291,-4.2202315],[120.1363417,-4.2200667],[120.1366095,-4.2198774],[120.1370872,-4.2194969],[120.1371986,-4.2194344],[120.1373488,-4.2194023],[120.137566,-4.2193635],[120.1377994,-4.2193194],[120.1380099,-4.2192632],[120.1381454,-4.2192097],[120.13825,-4.2191682],[120.1383425,-4.2191468],[120.138482,-4.2191294],[120.1386899,-4.2190973],[120.1387677,-4.2190652],[120.1389071,-4.2189261],[120.1389273,-4.2189168],[120.1389608,-4.2189141],[120.1389836,-4.2189128],[120.1390144,-4.2189181],[120.13906,-4.2189395],[120.1394328,-4.2192685],[120.139465,-4.2193862],[120.139524,-4.2196136],[120.1395361,-4.2197179],[120.1395455,-4.2197875],[120.1395938,-4.2198383],[120.1396394,-4.2198824],[120.1396863,-4.2199212],[120.1397091,-4.2199868],[120.1397158,-4.2200884],[120.1397064,-4.2201981],[120.1397198,-4.2202529],[120.1397172,-4.2203024],[120.1396796,-4.2203666],[120.1396501,-4.2205645],[120.1396662,-4.2206113],[120.1396742,-4.2206528],[120.1396756,-4.220725],[120.1396756,-4.2207598],[120.139681,-4.2208748],[120.1396608,-4.2209979],[120.1396675,-4.2211985],[120.1396649,-4.2212306],[120.1396608,-4.2212694],[120.1396447,-4.2212921],[120.1396099,-4.2213429],[120.1395951,-4.2214125],[120.1395871,-4.2214767],[120.1395857,-4.2216425],[120.1395804,-4.2219301],[120.1396098,-4.2220933],[120.1396447,-4.2221829],[120.1397011,-4.2222699],[120.1399317,-4.2224464],[120.1399988,-4.2224999],[120.1404655,-4.2227754],[120.1410931,-4.2230348],[120.1416349,-4.2232354],[120.1421928,-4.2233264],[120.1425549,-4.2233799],[120.1429707,-4.22342],[120.1432483,-4.2234267],[120.1433489,-4.2234307],[120.1434696,-4.223428],[120.1436151,-4.2233946],[120.1436855,-4.2233645],[120.1437847,-4.2233144],[120.1438665,-4.2232568],[120.1442742,-4.2228717],[120.1443359,-4.2228476],[120.1444191,-4.2228262],[120.144639,-4.2228035],[120.1451379,-4.2228101],[120.1452465,-4.2227981],[120.1454008,-4.2227647],[120.1461284,-4.2225976],[120.1473201,-4.2224044],[120.1477443,-4.222389],[120.1480663,-4.22239],[120.1481913,-4.2224008],[120.148542,-4.2224287],[120.1488797,-4.2224859],[120.1490816,-4.2225292],[120.1493517,-4.2226175],[120.1496573,-4.2227554],[120.1498367,-4.2228436],[120.1499754,-4.222982],[120.1501452,-4.2231704],[120.15037,-4.2235305],[120.1504728,-4.2236741],[120.1505895,-4.2237765],[120.150767,-4.2238568],[120.1511659,-4.2239639],[120.1516248,-4.2241008],[120.1519869,-4.2242024],[120.1521868,-4.2242172],[120.1523289,-4.2242078],[120.152754,-4.2241596],[120.152813,-4.224157],[120.1528724,-4.2241676],[120.1531735,-4.2242279],[120.1536252,-4.2243236],[120.1541838,-4.224436],[120.1549309,-4.2245571],[120.1553223,-4.2246558],[120.1556635,-4.2247647],[120.1563696,-4.2249808],[120.1567318,-4.2250838],[120.1569329,-4.225146],[120.1570234,-4.2251701],[120.1571099,-4.2252002],[120.1572521,-4.225239],[120.157344,-4.2252697],[120.1574365,-4.2253112],[120.1575733,-4.2253968],[120.1578476,-4.2255232],[120.1580809,-4.2256295],[120.1582834,-4.2257285],[120.1584712,-4.2258361],[120.1587863,-4.2260274],[120.159011,-4.2261725],[120.1591773,-4.2262895],[120.1593241,-4.2264079],[120.1594368,-4.2264775],[120.1596091,-4.2265684],[120.1598022,-4.2266567],[120.1601093,-4.2267884],[120.1602904,-4.2268553],[120.1604526,-4.2269028],[120.1607236,-4.2269703],[120.1610246,-4.2270231],[120.1612667,-4.2270479],[120.1616187,-4.2270934],[120.1619373,-4.2271281],[120.1620539,-4.2271295],[120.1621612,-4.2271194],[120.1622826,-4.2270807],[120.1624724,-4.2269663],[120.1625931,-4.2268787],[120.1628291,-4.2267416],[120.1629806,-4.2266787],[120.16321,-4.2265938],[120.163385,-4.2265122],[120.1634876,-4.2264534],[120.1636237,-4.2263564],[120.163902,-4.2261003],[120.1641568,-4.2258937],[120.1642647,-4.2257873],[120.1643774,-4.2256609],[120.1646389,-4.2253968],[120.1646999,-4.2253313],[120.1647831,-4.2252597],[120.1648944,-4.2251982],[120.1650359,-4.2251153],[120.1651968,-4.2250297],[120.1653772,-4.2249401],[120.1654959,-4.2249146],[120.1656467,-4.2248979],[120.1657346,-4.2248892],[120.1658627,-4.2248886],[120.1660008,-4.2249006],[120.1662274,-4.2249427],[120.1665647,-4.2250096],[120.1668182,-4.2250671],[120.1670361,-4.225124],[120.1671461,-4.2251714],[120.1672292,-4.2251962],[120.1673406,-4.2252109],[120.1676343,-4.2252503],[120.1680212,-4.2252717],[120.1682673,-4.2252831],[120.1685046,-4.2253018],[120.1687038,-4.2253279],[120.1688989,-4.2253694],[120.169076,-4.2254142],[120.1693006,-4.225473],[120.1695105,-4.2255132],[120.1696949,-4.2255305],[120.1700147,-4.2255473],[120.1704694,-4.2255493],[120.1708469,-4.2255646],[120.171099,-4.2255733],[120.1712975,-4.2255947],[120.1714443,-4.2256128],[120.1716341,-4.2256308],[120.1719741,-4.2256516],[120.1722939,-4.2256663],[120.1723925,-4.2256843],[120.1725642,-4.2257164],[120.1730812,-4.2258368],[120.1734902,-4.2259545],[120.1739522,-4.2260889],[120.1743022,-4.2261879],[120.1745349,-4.2262554],[120.1748139,-4.2263531],[120.1749533,-4.2264099],[120.1750747,-4.2264654],[120.1752041,-4.2265397],[120.1754898,-4.2267115],[120.1757211,-4.2268546],[120.1758465,-4.2269295],[120.175988,-4.2270205],[120.1761315,-4.2271288],[120.1763783,-4.2273575],[120.1765955,-4.2275896],[120.1768932,-4.2279286],[120.1771528,-4.2282329],[120.177433,-4.2285097],[120.1776691,-4.2286996],[120.1778354,-4.2288213],[120.1779702,-4.2289009],[120.1782122,-4.2289986],[120.1783195,-4.2290333],[120.1784905,-4.2290681],[120.178756,-4.229125],[120.1790853,-4.2291952],[120.1794145,-4.2292627],[120.1797384,-4.2293369],[120.1799604,-4.2293844],[120.1801722,-4.2294179],[120.1804492,-4.2294506],[120.1808924,-4.2294994],[120.1813672,-4.2295275],[120.1815033,-4.2295382],[120.1817065,-4.2295636],[120.1820277,-4.2295964],[120.182373,-4.2296472],[120.1826023,-4.2296994],[120.1827351,-4.2297368],[120.1828692,-4.229797],[120.1832508,-4.230023],[120.1835076,-4.2301642],[120.1837154,-4.2302972],[120.1838154,-4.2303761],[120.1839877,-4.2305179],[120.1841748,-4.2306764],[120.1844423,-4.2308837],[120.1846703,-4.2310442],[120.1848862,-4.2311739],[120.1851954,-4.2313324],[120.1854488,-4.2314742],[120.1857747,-4.2316614],[120.1862092,-4.2319343],[120.1865123,-4.2321242],[120.1868248,-4.2323168],[120.1871185,-4.2325535],[120.1874283,-4.2328263],[120.1876791,-4.2330537],[120.1879312,-4.2332343],[120.1883295,-4.2335004],[120.1891208,-4.2340174],[120.1904726,-4.2348359],[120.1908857,-4.2350131],[120.1913685,-4.2352083],[120.1915777,-4.2352746],[120.1920927,-4.2354116],[120.1926774,-4.2355587],[120.1932245,-4.2357139],[120.1934981,-4.2357888],[120.1938414,-4.2358657],[120.194056,-4.2358984],[120.1943511,-4.2359466],[120.1945281,-4.235968],[120.1947024,-4.2359707],[120.1949358,-4.235962],[120.1951343,-4.2359493],[120.1953971,-4.2359225],[120.1955473,-4.2359172],[120.1957458,-4.2359332],[120.1960543,-4.2359707],[120.1964324,-4.2359995],[120.1970091,-4.2360429],[120.1973471,-4.2360803],[120.1976502,-4.2361439],[120.1980713,-4.2362221],[120.1985487,-4.2363104],[120.199002,-4.2363799],[120.1995385,-4.2364248],[120.1999596,-4.2364114],[120.2003995,-4.2363906],[120.2009091,-4.2363559],[120.2013329,-4.2363291],[120.2018183,-4.2363151],[120.2024245,-4.2362729],[120.2030951,-4.2362295],[120.2036932,-4.2361659],[120.2043664,-4.2361199],[120.2050182,-4.2360242],[120.2053294,-4.2360161],[120.2056834,-4.2359861],[120.2061501,-4.2360081],[120.2066651,-4.2360584],[120.2070299,-4.2360803],[120.2074456,-4.2361231],[120.2078989,-4.236174],[120.2080598,-4.2362087],[120.208202,-4.2362569],[120.2083119,-4.2363018],[120.2085936,-4.2363767],[120.2089423,-4.2364308],[120.2091917,-4.2364548],[120.2095002,-4.236473],[120.2101439,-4.2365324],[120.2104604,-4.2365752],[120.2106227,-4.2365939],[120.2108332,-4.2366067],[120.2113348,-4.2366073],[120.2119088,-4.2366067],[120.2123916,-4.2366314],[120.2129522,-4.2366501],[120.2131896,-4.2366635],[120.2134564,-4.2366929],[120.2137488,-4.2367277],[120.214009,-4.2367645],[120.2141136,-4.2367731],[120.2149397,-4.2368026],[120.2154225,-4.2368106],[120.2159214,-4.2368448],[120.2166268,-4.2368801],[120.2172632,-4.2369263],[120.2173792,-4.2369256],[120.2175361,-4.2369096],[120.2177024,-4.2368908],[120.2178338,-4.2368708],[120.2179378,-4.2368554],[120.2180323,-4.2368534],[120.2181718,-4.2368561],[120.2183488,-4.2368587],[120.2185285,-4.2368427],[120.2187565,-4.2368153],[120.2189121,-4.2367812],[120.2190596,-4.2367564],[120.2192903,-4.2367223],[120.2196336,-4.2366394],[120.2197811,-4.2365966],[120.2200359,-4.2365217],[120.2202532,-4.2364655],[120.2204731,-4.2364142],[120.2205938,-4.2363906],[120.2208459,-4.2363104],[120.2210793,-4.2362168],[120.2212644,-4.2361338],[120.2213864,-4.236065],[120.2215084,-4.2359787],[120.2216801,-4.235861],[120.221892,-4.235746],[120.2221656,-4.2356176],[120.2224687,-4.2354678],[120.2229997,-4.235203],[120.2232787,-4.2350505],[120.2235394,-4.234927],[120.2237883,-4.2348258],[120.2240914,-4.2346948],[120.2243939,-4.2345673],[120.2246225,-4.2344754],[120.224829,-4.2344005],[120.224892,-4.2343811],[120.2249497,-4.2343711],[120.2250481,-4.2343628],[120.2253817,-4.2343682],[120.2255854,-4.2343738],[120.2257544,-4.2343871],[120.2259448,-4.2343952],[120.2261004,-4.2343925],[120.2261661,-4.2343885],[120.226201,-4.2343865],[120.2262265,-4.2343885],[120.2263009,-4.2344273],[120.226319,-4.2344279],[120.2263471,-4.2344192],[120.226433,-4.2343845],[120.2265563,-4.2343363],[120.2266972,-4.2342922],[120.2268206,-4.2342668],[120.2269281,-4.2342505],[120.227107,-4.2342439],[120.2272135,-4.2342427],[120.2273691,-4.2342427],[120.2276024,-4.2342427],[120.2281818,-4.23424],[120.2285171,-4.2342507],[120.2288761,-4.2342631]]}},{"type":"Feature","properties":{"segmentId":"osm-gaul2-18188-2300703019-2125210721-0","regionId":"gaul2-18188","province":"Sulawesi Selatan","region":"Wajo","roadName":"Jalan Bocco","highway":"tertiary","lengthMeters":11273.745,"osmWayIds":["1069573869","1071930581","221821040"],"u":"2300703019","v":"2125210721","key":0,"oneway":false,"source":"OpenStreetMap"},"geometry":{"type":"LineString","coordinates":[[120.1902115,-4.1771013],[120.1902158,-4.1771444],[120.1902322,-4.1771769],[120.1902609,-4.1772082],[120.1903626,-4.1772414],[120.1904623,-4.1772678],[120.1911073,-4.1773967],[120.1918483,-4.1775342],[120.1920712,-4.1775838],[120.1923203,-4.1776669],[120.1925596,-4.1777582],[120.192727,-4.1778433],[120.1928249,-4.177941],[120.1929206,-4.1780596],[120.1930985,-4.1782299],[120.1931937,-4.1782981],[120.1934163,-4.178381],[120.1937154,-4.1784706],[120.1943497,-4.1786418],[120.1945402,-4.1786378],[120.1947797,-4.1786038],[120.1949385,-4.178583],[120.1950511,-4.1786057],[120.1951812,-4.1786539],[120.1956117,-4.1789053],[120.195837,-4.1790284],[120.1960275,-4.1790832],[120.1961562,-4.1790899],[120.1966551,-4.1790845],[120.1973793,-4.1790645],[120.1978943,-4.179031],[120.1989323,-4.1789949],[120.199336,-4.1789923],[120.1995412,-4.179015],[120.1997785,-4.1790551],[120.2001607,-4.1790471],[120.2003203,-4.1790257],[120.2006087,-4.1789882],[120.2009332,-4.1789548],[120.2014013,-4.1789535],[120.2016413,-4.1789709],[120.2018291,-4.179003],[120.2020235,-4.1791073],[120.2022596,-4.1793079],[120.2023856,-4.1794965],[120.202501,-4.1797319],[120.2026498,-4.1801118],[120.2027276,-4.1803525],[120.2027893,-4.1806307],[120.2028322,-4.1809598],[120.2028523,-4.1812647],[120.2028778,-4.1813584],[120.2029502,-4.1814359],[120.2031125,-4.1815296],[120.2033405,-4.1816205],[120.2041505,-4.1819522],[120.2043852,-4.1820392],[120.2046803,-4.1821181],[120.2049807,-4.1821863],[120.2052033,-4.1822906],[120.2055091,-4.1824806],[120.2058886,-4.1827093],[120.2062681,-4.1829674],[120.2068582,-4.1833513],[120.2072002,-4.1835613],[120.2073745,-4.1836883],[120.2074818,-4.1837659],[120.2076186,-4.1838983],[120.2078077,-4.1841271],[120.2079338,-4.1842889],[120.2082825,-4.1847169],[120.2085346,-4.1849911],[120.2088028,-4.1852693],[120.2089262,-4.1854017],[120.2092467,-4.1856492],[120.2094036,-4.1857588],[120.2096491,-4.1859568],[120.2099334,-4.1861748],[120.2105302,-4.1865694],[120.2110465,-4.1869011],[120.2114287,-4.1871365],[120.2117103,-4.1873197],[120.2120671,-4.1875137],[120.2122951,-4.1876327],[120.2125096,-4.1877384],[120.2127497,-4.1878534],[120.2129468,-4.187951],[120.213329,-4.1881142],[120.2140492,-4.1884499],[120.2144583,-4.1886385],[120.2146232,-4.1887134],[120.2147479,-4.1887763],[120.2149129,-4.1888686],[120.2150966,-4.1889716],[120.2153501,-4.1890853],[120.2155177,-4.1891849],[120.2157041,-4.1892825],[120.2158624,-4.189336],[120.2159938,-4.1893728],[120.2162386,-4.1894237],[120.2164491,-4.1894517],[120.2165591,-4.1894624],[120.216653,-4.1894738],[120.216779,-4.1895026],[120.2169065,-4.1895433],[120.2170975,-4.1896263],[120.2173926,-4.1897547],[120.2176528,-4.1898537],[120.2179042,-4.1899339],[120.218133,-4.189998],[120.2182797,-4.1900382],[120.2183998,-4.1900764],[120.2185674,-4.1901493],[120.2188444,-4.1903098],[120.2193915,-4.1906167],[120.2198287,-4.1908622],[120.2201774,-4.1910434],[120.2203497,-4.1911531],[120.2204872,-4.191248],[120.2207266,-4.191442],[120.2209566,-4.1916326],[120.2210961,-4.1917489],[120.2213053,-4.1918894],[120.2214769,-4.1920084],[120.2216244,-4.1921121],[120.2217639,-4.1922445],[120.2218538,-4.1923508],[120.2219356,-4.1924444],[120.2220496,-4.1925648],[120.2221019,-4.1925942],[120.2221495,-4.1926156],[120.2222098,-4.1925862],[120.2223138,-4.1925434],[120.2224888,-4.1924699],[120.2226088,-4.1924177],[120.2230903,-4.1922258],[120.2233169,-4.1921214],[120.2234222,-4.1920726],[120.2235013,-4.1920258],[120.2237474,-4.1918894],[120.2242074,-4.1916078],[120.2244059,-4.1914828],[120.2246815,-4.1913203],[120.2249846,-4.1911323],[120.2252796,-4.1909344],[120.2254567,-4.1907659],[120.2256538,-4.19059],[120.2258449,-4.1904087],[120.2259522,-4.1902777],[120.2260125,-4.1901693],[120.2260481,-4.1900659],[120.2260716,-4.1899052],[120.226085,-4.1896303],[120.226091,-4.189328],[120.2260903,-4.1890284],[120.2260876,-4.1888144],[120.2261011,-4.1885663],[120.2261158,-4.1884152],[120.2261383,-4.188302],[120.2261882,-4.1881778],[120.2262781,-4.1880146],[120.2263391,-4.1879143],[120.2264135,-4.1878139],[120.2265973,-4.1875658],[120.2267461,-4.1873773],[120.2270003,-4.1870422],[120.227178,-4.1868289],[120.2272698,-4.1867239],[120.2273349,-4.1866329],[120.2273825,-4.1865473],[120.2274261,-4.186435],[120.2274809,-4.1861969],[120.2275823,-4.1858063],[120.2276245,-4.1855977],[120.2276534,-4.1853843],[120.2276681,-4.1852767],[120.227697,-4.1851971],[120.2277372,-4.1851175],[120.227811,-4.1849864],[120.2279612,-4.1847437],[120.2280745,-4.1845865],[120.2281395,-4.1844875],[120.2282173,-4.1843892],[120.2282877,-4.1842461],[120.2283514,-4.1840916],[120.2283937,-4.1839632],[120.2284178,-4.1838642],[120.2284534,-4.183687],[120.2284896,-4.1835252],[120.2285148,-4.1834512],[120.2285868,-4.1832918],[120.2287853,-4.1829413],[120.2288939,-4.1827193],[120.2289442,-4.182615],[120.228969,-4.1825668],[120.2290012,-4.1825298],[120.2290394,-4.182506],[120.2291192,-4.1824866],[120.2292319,-4.1824852],[120.229368,-4.1824772],[120.2295189,-4.1824645],[120.2296396,-4.1824291],[120.2297348,-4.182395],[120.2298185,-4.1823582],[120.2299976,-4.1822893],[120.2300714,-4.1822472],[120.230121,-4.1822037],[120.2301472,-4.1821656],[120.230174,-4.182098],[120.2301854,-4.1819977],[120.2301807,-4.1818847],[120.2301666,-4.1818157],[120.230117,-4.1816205],[120.2300473,-4.1814573],[120.2300064,-4.1813323],[120.2299836,-4.181236],[120.2299742,-4.1811564],[120.2299815,-4.1809946],[120.2299956,-4.1808728],[120.2300097,-4.1807957],[120.2300479,-4.1806294],[120.2300962,-4.180497],[120.2301371,-4.1804121],[120.2302236,-4.180281],[120.2303343,-4.1801265],[120.2304389,-4.1799847],[120.2305267,-4.1798677],[120.2306427,-4.1797072],[120.2307896,-4.1795186],[120.2309304,-4.17933],[120.2310242,-4.1792056],[120.2310913,-4.1791227],[120.2311785,-4.179029],[120.2312757,-4.1789327],[120.2314635,-4.1787034],[120.2315694,-4.1785014],[120.23167,-4.1782687],[120.2317397,-4.1780841],[120.2318229,-4.1779316],[120.2319449,-4.1777384],[120.2320603,-4.1775424],[120.2321297,-4.1774149],[120.2322507,-4.1771237],[120.2323312,-4.1768776],[120.2323768,-4.1766823],[120.2324116,-4.1765526],[120.2324224,-4.1764067],[120.2324414,-4.1761922],[120.2324572,-4.1760296],[120.2324612,-4.1757995],[120.2324626,-4.1756069],[120.2324773,-4.175306],[120.2324907,-4.1751094],[120.2325216,-4.1750091],[120.2325632,-4.1749228],[120.2326624,-4.1746372],[120.2327831,-4.1742988],[120.2328877,-4.1740741],[120.2329547,-4.1737785],[120.2330097,-4.1736153],[120.2330312,-4.1735177],[120.23305,-4.1734201],[120.2329105,-4.1733492],[120.2328689,-4.1733158],[120.2328609,-4.1732836],[120.232869,-4.1732301],[120.2330164,-4.1727741],[120.2331197,-4.1724276],[120.2331851,-4.1721897],[120.2332417,-4.1719634],[120.2333128,-4.1717601],[120.2333424,-4.1716049],[120.2334711,-4.1714124],[120.2334791,-4.171284],[120.2334121,-4.1710646],[120.2332833,-4.170658],[120.2332243,-4.170353],[120.2332109,-4.1700213],[120.2332994,-4.1697645],[120.2335006,-4.1693419],[120.233632,-4.1691867],[120.2338546,-4.1688817],[120.2339995,-4.1686731],[120.2342248,-4.1683467],[120.2342489,-4.1683161],[120.2343976,-4.1681276],[120.2345842,-4.1678277],[120.2347934,-4.1674666],[120.2349812,-4.1671937],[120.2350777,-4.1670279],[120.2351502,-4.1668834],[120.2352011,-4.1666534],[120.2352628,-4.1664715],[120.2353379,-4.1662066],[120.2354211,-4.1659204],[120.2356678,-4.1655753],[120.2358234,-4.1653265],[120.2360272,-4.1650903],[120.2361962,-4.1649012],[120.2362928,-4.1647353],[120.2363276,-4.164548],[120.236325,-4.1643367],[120.2363223,-4.1640184],[120.2363706,-4.1636813],[120.2364403,-4.1633977],[120.2365395,-4.1630473],[120.2366093,-4.1626781],[120.2366307,-4.1622929],[120.2366227,-4.162103],[120.2366468,-4.1619344],[120.2366844,-4.1618154],[120.2367622,-4.1616776],[120.2369043,-4.161477],[120.2371109,-4.1612576],[120.2372289,-4.1611506],[120.2373496,-4.1610356],[120.237485,-4.1609125],[120.2375644,-4.1607833],[120.237713,-4.1606076],[120.2378055,-4.160431],[120.2379195,-4.1602718],[120.2379839,-4.1601929],[120.2380483,-4.1600993],[120.238106,-4.159999],[120.238118,-4.1599134],[120.2380952,-4.1598184],[120.2380563,-4.1596418],[120.2380389,-4.1595442],[120.2380161,-4.1594746],[120.2379464,-4.1593382],[120.2379021,-4.1592312],[120.2378981,-4.1591229],[120.2379075,-4.1590226],[120.2379383,-4.1589249],[120.2379598,-4.1588152],[120.2379598,-4.1587162],[120.237945,-4.1584969],[120.2379155,-4.158327],[120.2379102,-4.1581438],[120.2379182,-4.1579592],[120.2379316,-4.1577706],[120.2379544,-4.1575419],[120.2380416,-4.157281],[120.2381046,-4.1571005],[120.2381207,-4.1569747],[120.2380885,-4.1568824],[120.2380429,-4.1567754],[120.2380013,-4.1567099],[120.2379906,-4.1566176],[120.2380148,-4.1565494],[120.2380818,-4.1563313],[120.2380992,-4.1561802],[120.2381381,-4.1560237],[120.2381234,-4.1559221],[120.2380322,-4.1557254],[120.2379799,-4.155601],[120.2379517,-4.1554673],[120.2379785,-4.155375],[120.2380443,-4.1552319],[120.2381073,-4.1551249],[120.2381462,-4.1549978],[120.2381663,-4.1548774],[120.238177,-4.154749],[120.2382414,-4.1545751],[120.2383474,-4.1544347],[120.2384385,-4.1542808],[120.2386035,-4.1539959],[120.2388141,-4.1536763],[120.2389938,-4.1534542],[120.2391332,-4.1532643],[120.2392325,-4.153073],[120.2392311,-4.1528844],[120.2391668,-4.1527359],[120.2390863,-4.1525594],[120.2390192,-4.1523815],[120.2389562,-4.1520778],[120.2389079,-4.1518719],[120.2388771,-4.1516124],[120.2388932,-4.1514585],[120.2389602,-4.1513489],[120.2390434,-4.1512445],[120.2391762,-4.1511897],[120.2393398,-4.1511616],[120.2396321,-4.1511228],[120.2398373,-4.1510653],[120.2399902,-4.1510171],[120.2402249,-4.1509569],[120.2403697,-4.1509529],[120.2405414,-4.1509556],[120.2406862,-4.1509529],[120.240768,-4.1509208],[120.2408029,-4.1508486],[120.2408096,-4.1507576],[120.2408244,-4.1506453],[120.2408512,-4.1504232],[120.2408713,-4.1501918],[120.2408418,-4.1500634],[120.24076,-4.1499417],[120.2406165,-4.1497397],[120.2405427,-4.1495418],[120.2405414,-4.1494134],[120.2405615,-4.1492328],[120.2405669,-4.1490923],[120.2405293,-4.1489345],[120.2403992,-4.1487406],[120.2402142,-4.1484864],[120.2399325,-4.1480985],[120.2397716,-4.1478591],[120.2397099,-4.1476892],[120.2397166,-4.1474578],[120.2397515,-4.1473147],[120.2398199,-4.1471181],[120.2398574,-4.1469295],[120.2399433,-4.1467516],[120.2400465,-4.1466392],[120.2401283,-4.1465442],[120.2401967,-4.1464787],[120.2402973,-4.1463837],[120.2404126,-4.1462179],[120.2405333,-4.1459824],[120.2406105,-4.1457798],[120.2406641,-4.1456915],[120.2407198,-4.1456052],[120.2407432,-4.1455498],[120.2407526,-4.1455163],[120.2407258,-4.1454855],[120.2406789,-4.1454487],[120.2405642,-4.1453819],[120.2404093,-4.1452829],[120.2403724,-4.1452481],[120.2403845,-4.1451846],[120.240412,-4.1451291],[120.2404998,-4.1449685],[120.2405883,-4.1447933],[120.2407761,-4.1443559],[120.2409437,-4.1439185],[120.2410644,-4.1436858],[120.2412267,-4.1434263],[120.2413957,-4.1431534],[120.2415459,-4.1429474],[120.2417015,-4.1427602],[120.2418664,-4.1425542],[120.2420515,-4.1424084],[120.2421802,-4.1422974],[120.2423157,-4.1421904],[120.2424069,-4.142082],[120.2425209,-4.1418453],[120.2425812,-4.1416513],[120.242667,-4.1414092],[120.2426966,-4.1413062],[120.2427019,-4.1411938],[120.2426931,-4.141043],[120.2427033,-4.1408715],[120.2427234,-4.1406695],[120.2427489,-4.1405518],[120.242828,-4.1403779],[120.2429728,-4.1400863],[120.2430908,-4.1398388],[120.2432142,-4.1396181],[120.2433416,-4.1394362],[120.2434999,-4.1391593],[120.2435911,-4.1389962],[120.2437064,-4.1388651]]}},{"type":"Feature","properties":{"segmentId":"osm-gaul2-18188-2300703019-2302342448-0","regionId":"gaul2-18188","province":"Sulawesi Selatan","region":"Wajo","roadName":"Unnamed OSM road","highway":"tertiary","lengthMeters":3993.264,"osmWayIds":["221821040"],"u":"2300703019","v":"2302342448","key":0,"oneway":false,"source":"OpenStreetMap"},"geometry":{"type":"LineString","coordinates":[[120.1902115,-4.1771013],[120.1905303,-4.1767539],[120.1907515,-4.1765245],[120.1909541,-4.1762583],[120.1910144,-4.176142],[120.1910761,-4.1759574],[120.191192,-4.1755445],[120.1913044,-4.1751438],[120.1914355,-4.174791],[120.1916623,-4.1740987],[120.1919236,-4.1733533],[120.1922294,-4.1725306],[120.1925245,-4.1716879],[120.1927954,-4.1708587],[120.1930364,-4.1699782],[120.1934172,-4.1688226],[120.1937114,-4.1679802],[120.1937261,-4.1678973],[120.1937422,-4.1677341],[120.1937444,-4.1672763],[120.1937771,-4.1669797],[120.193825,-4.1663107],[120.1938059,-4.1659826],[120.1937123,-4.165599],[120.1935518,-4.1649734],[120.1933958,-4.1643658],[120.1932241,-4.1637344],[120.193216,-4.1635633],[120.1932406,-4.1634084],[120.1933288,-4.1631941],[120.1935674,-4.1624852],[120.1935907,-4.1623772],[120.1935934,-4.162206],[120.1935732,-4.1621471],[120.193495,-4.1619501],[120.193503,-4.1612117],[120.1935594,-4.1602943],[120.1935842,-4.1600637],[120.1936841,-4.1592377],[120.193766,-4.158708],[120.1939525,-4.1580753],[120.1940395,-4.1578119],[120.1941553,-4.1575579],[120.1943023,-4.1573257],[120.1943202,-4.157271],[120.1943336,-4.1572128],[120.1943363,-4.1571392],[120.1943359,-4.1570655],[120.1943256,-4.1568831],[120.1942941,-4.1566885],[120.1942763,-4.1563211],[120.194268,-4.1560025],[120.1942796,-4.155572],[120.194274,-4.1553449],[120.1942505,-4.1551362],[120.1941991,-4.154694],[120.1941935,-4.1544052],[120.1942072,-4.1541162],[120.1942474,-4.1533109],[120.1942501,-4.152123],[120.1942565,-4.1519849],[120.1942742,-4.1518554],[120.1943061,-4.1517809],[120.1943477,-4.1517053],[120.1944369,-4.1515642],[120.1945321,-4.151407],[120.1946498,-4.1512529],[120.1950592,-4.1507041],[120.1953766,-4.1500765],[120.1955956,-4.1496474],[120.1957977,-4.1492739],[120.1959148,-4.148988],[120.1960114,-4.1486978],[120.1960885,-4.1483052],[120.1961435,-4.1481427],[120.1962215,-4.1479984],[120.1962588,-4.1479353],[120.1963064,-4.1478705],[120.1963621,-4.1478103],[120.1964334,-4.147749],[120.1973151,-4.1470421],[120.1973491,-4.1469997],[120.1973813,-4.1469415],[120.1974028,-4.146876],[120.1974142,-4.1468225],[120.1974175,-4.1465475],[120.1974477,-4.1461764],[120.1974839,-4.1459717],[120.1975268,-4.1457898],[120.1975724,-4.145644],[120.197635,-4.1455046],[120.1978219,-4.1452173],[120.1980988,-4.1447646],[120.1981181,-4.1447161],[120.1981256,-4.1446596],[120.1981196,-4.1446061],[120.1980767,-4.1444442],[120.1980021,-4.1441767],[120.1979627,-4.1440068],[120.1979426,-4.1438771],[120.1978591,-4.1434367]]}},{"type":"Feature","properties":{"segmentId":"osm-gaul2-18188-2302342448-2113276994-0","regionId":"gaul2-18188","province":"Sulawesi Selatan","region":"Wajo","roadName":"Jalan Baja","highway":"secondary","lengthMeters":16949.866,"osmWayIds":["221179868","321660033","349981032","777901007"],"u":"2302342448","v":"2113276994","key":0,"oneway":false,"source":"OpenStreetMap"},"geometry":{"type":"LineString","coordinates":[[120.1978591,-4.1434367],[120.1977414,-4.1434376],[120.1977143,-4.143438],[120.1976925,-4.143435],[120.197672,-4.1434303],[120.1976561,-4.1434247],[120.1975651,-4.1433848],[120.1974652,-4.1433367],[120.1972701,-4.143231],[120.1971668,-4.1431708],[120.1970561,-4.1431066],[120.1968885,-4.1430022],[120.1962092,-4.142534],[120.1961522,-4.1424966],[120.1961067,-4.1424686],[120.1960604,-4.1424425],[120.1960007,-4.1424166],[120.1954475,-4.1421816],[120.1949582,-4.1419871],[120.1942351,-4.1417327],[120.1940963,-4.1416894],[120.1939648,-4.1416538],[120.1939012,-4.1416406],[120.1938502,-4.1416332],[120.1937181,-4.1416192],[120.1934298,-4.1416069],[120.1931482,-4.141567],[120.1928456,-4.1415392],[120.1920555,-4.1414663],[120.1915046,-4.1414018],[120.1912143,-4.1413684],[120.1909664,-4.1413514],[120.1908851,-4.1413517],[120.1907952,-4.1413557],[120.1906202,-4.1413677],[120.1904733,-4.1413878],[120.1903198,-4.1414152],[120.1901918,-4.1414486],[120.190018,-4.1414921],[120.1898413,-4.1415299],[120.1896599,-4.1415576],[120.1894769,-4.1415791],[120.1892632,-4.1415917],[120.1892342,-4.1416259],[120.1891953,-4.1416416],[120.1891671,-4.1416607],[120.1891316,-4.1416867],[120.1891027,-4.1417168],[120.1890712,-4.1417523],[120.1890436,-4.1417992],[120.1890036,-4.1418828],[120.1889608,-4.1419804],[120.1888835,-4.1421451],[120.1886528,-4.1426318],[120.1885254,-4.1429019],[120.1884449,-4.1430805],[120.1883719,-4.1432222],[120.1882438,-4.1434496],[120.1881613,-4.1435768],[120.1880739,-4.1436956],[120.1879514,-4.1438483],[120.1878676,-4.1439459],[120.1877795,-4.1440435],[120.1876494,-4.1441736],[120.1870345,-4.1446971],[120.1868433,-4.1448917],[120.1866486,-4.1451116],[120.1864332,-4.1454033],[120.1861778,-4.1457156],[120.1860832,-4.1458333],[120.186013,-4.1459669],[120.1859129,-4.146159],[120.1857815,-4.1464131],[120.1856747,-4.146624],[120.1856038,-4.1467495],[120.1855723,-4.1468037],[120.1855446,-4.1468439],[120.1853906,-4.147013],[120.1853141,-4.1470986],[120.1852269,-4.147201],[120.1850984,-4.1473409],[120.1850517,-4.1473838],[120.1849966,-4.1474116],[120.1849446,-4.1474327],[120.1849044,-4.1474421],[120.1848614,-4.1474514],[120.18483,-4.1474544],[120.184794,-4.1474528],[120.184681,-4.1474331],[120.1845074,-4.1473896],[120.1843769,-4.1473519],[120.1841802,-4.1472879],[120.1840468,-4.147242],[120.1838663,-4.1471843],[120.1836705,-4.1471281],[120.1834828,-4.1470793],[120.1832638,-4.1470318],[120.1829571,-4.1469856],[120.1826627,-4.1469458],[120.1824421,-4.1469214],[120.1822659,-4.1469057],[120.182135,-4.1469074],[120.1820056,-4.146911],[120.1819151,-4.1469187],[120.1818822,-4.1469231],[120.1818461,-4.1469332],[120.1817051,-4.1469789],[120.1815919,-4.1470264],[120.1814859,-4.1470692],[120.1813225,-4.147146],[120.1812821,-4.1471702],[120.1812365,-4.147203],[120.1811426,-4.1472752],[120.1810112,-4.1473869],[120.1808214,-4.147532],[120.180704,-4.1476049],[120.1806484,-4.147635],[120.1806289,-4.1476451],[120.1806015,-4.1476564],[120.1805645,-4.1476662],[120.180417,-4.1476919],[120.1802627,-4.1477261],[120.1801894,-4.147744],[120.1801327,-4.1477668],[120.1800352,-4.1478216],[120.1799638,-4.1478638],[120.1798913,-4.1479159],[120.1797585,-4.1480229],[120.1796478,-4.1481127],[120.179487,-4.1482502],[120.1793726,-4.1483366],[120.1792959,-4.148385],[120.1792808,-4.1483941],[120.1792603,-4.1484038],[120.179234,-4.1484143],[120.1788972,-4.1485143],[120.1783222,-4.1486576],[120.1777074,-4.1488254],[120.1772547,-4.1489519],[120.1769194,-4.1490535],[120.1766919,-4.1491165],[120.1765198,-4.1491579],[120.1763421,-4.1492007],[120.1762227,-4.1492371],[120.1760809,-4.1492942],[120.1759485,-4.1493398],[120.1758161,-4.1493774],[120.1757282,-4.1494],[120.1756933,-4.149407],[120.1756554,-4.1494133],[120.1755745,-4.14942],[120.1754362,-4.1494227],[120.1752933,-4.1494327],[120.1752061,-4.1494439],[120.1751462,-4.1494551],[120.1751022,-4.1494665],[120.175054,-4.1494796],[120.1749883,-4.149503],[120.1748917,-4.1495404],[120.1747898,-4.1495886],[120.1746744,-4.1496474],[120.1745242,-4.1497411],[120.1743553,-4.1498507],[120.1741957,-4.1499521],[120.1740698,-4.1500374],[120.1739207,-4.1501263],[120.1738269,-4.1501851],[120.1737437,-4.1502413],[120.1736659,-4.1502895],[120.1735828,-4.1503349],[120.1734916,-4.1503724],[120.1733843,-4.1504179],[120.173277,-4.1504634],[120.173159,-4.1505035],[120.1730222,-4.1505516],[120.1728814,-4.1506015],[120.1726829,-4.150673],[120.1724482,-4.1507549],[120.1722524,-4.1508245],[120.1720915,-4.1508914],[120.1719118,-4.1509583],[120.1717052,-4.1510439],[120.1714585,-4.1511402],[120.1711634,-4.1512632],[120.1709408,-4.1513622],[120.1708067,-4.1514237],[120.1707128,-4.1514746],[120.170635,-4.1515254],[120.1705546,-4.151595],[120.1704634,-4.1516939],[120.1703914,-4.1517877],[120.1703051,-4.1518946],[120.170114,-4.1521292],[120.1699779,-4.1523092],[120.1698445,-4.1524784],[120.1697539,-4.1525835],[120.1697194,-4.1526169],[120.1696842,-4.152645],[120.1695782,-4.1527132],[120.169448,-4.1527789],[120.1692135,-4.1528924],[120.168891,-4.1530319],[120.1687682,-4.1530743],[120.1686904,-4.153093],[120.1686408,-4.1531044],[120.1685992,-4.1531091],[120.1685268,-4.1531091],[120.1684356,-4.1531037],[120.168378,-4.1530957],[120.1683116,-4.153083],[120.168217,-4.1530523],[120.1679781,-4.1529816],[120.1677082,-4.1528915],[120.1674834,-4.1528103],[120.1674399,-4.1527971],[120.1673905,-4.1527861],[120.1673249,-4.1527801],[120.167242,-4.1527801],[120.1671938,-4.1527837],[120.1671535,-4.1527908],[120.1671187,-4.1527988],[120.1670777,-4.1528115],[120.1669792,-4.152855],[120.1669167,-4.1528898],[120.1668464,-4.1529272],[120.1668001,-4.1529586],[120.1667719,-4.1529854],[120.1667364,-4.1530242],[120.1666945,-4.1530816],[120.1665444,-4.1532833],[120.1663772,-4.1535073],[120.1662054,-4.1537364],[120.1659278,-4.1541016],[120.1658749,-4.1541763],[120.165677,-4.154456],[120.1655529,-4.1546279],[120.1654892,-4.1547152],[120.1654594,-4.154749],[120.1654362,-4.1547696],[120.165419,-4.1547804],[120.1654049,-4.1547858],[120.1653796,-4.1547904],[120.1653528,-4.1547918],[120.1653233,-4.1547901],[120.165284,-4.1547817],[120.1652492,-4.1547716],[120.1649772,-4.1546781],[120.1641858,-4.1543705],[120.1639761,-4.1543398],[120.1635072,-4.154151],[120.1633018,-4.1540367],[120.1632489,-4.1539953],[120.163214,-4.1539592],[120.163153,-4.1538729],[120.163121,-4.1537783],[120.1630973,-4.1536956],[120.1630814,-4.1536283],[120.1630349,-4.1533873],[120.1629961,-4.1532322],[120.1629424,-4.1530342],[120.1629116,-4.1529406],[120.1628845,-4.1528697],[120.1627922,-4.1527011],[120.1627124,-4.152571],[120.1626098,-4.1524162],[120.1625267,-4.1523092],[120.162414,-4.1521621],[120.1622772,-4.152001],[120.1621302,-4.1518593],[120.1619689,-4.1517107],[120.1618105,-4.1515655],[120.1615685,-4.1513259],[120.1613754,-4.1511482],[120.1612481,-4.1510362],[120.1610616,-4.150886],[120.1608352,-4.1507023],[120.1605955,-4.1505403],[120.1603642,-4.1503933],[120.1601475,-4.1502574],[120.1599571,-4.1501317],[120.1598216,-4.1500487],[120.1596437,-4.1499451],[120.1595105,-4.1498668],[120.1593442,-4.1497652],[120.1592289,-4.1496943],[120.1590838,-4.1496083],[120.158962,-4.1495244],[120.1588413,-4.1494468],[120.158743,-4.1493909],[120.1585999,-4.1493157],[120.1584967,-4.1492589],[120.1583672,-4.1491813],[120.1582002,-4.1490802],[120.1580427,-4.148982],[120.1579267,-4.1489064],[120.1577899,-4.1487994],[120.1576681,-4.1487039],[120.1575317,-4.148574],[120.1572815,-4.1483377],[120.1571247,-4.1481915],[120.1570413,-4.1481127],[120.1569449,-4.1480243],[120.1568324,-4.1479347],[120.1566258,-4.1477614],[120.1564774,-4.1476148],[120.1563267,-4.1474685],[120.1561202,-4.147268],[120.1559445,-4.1470953],[120.1557702,-4.1468998],[120.1556515,-4.1467737],[120.1555275,-4.1466465],[120.1554329,-4.1465496],[120.1552983,-4.1464186],[120.1551178,-4.1462647],[120.1549722,-4.1461316],[120.1547154,-4.1459242],[120.1545548,-4.1457885],[120.1543298,-4.1456079],[120.154128,-4.1454279],[120.1539583,-4.1452796],[120.1537243,-4.1450949],[120.1534783,-4.1449204],[120.1532094,-4.1447144],[120.1530866,-4.1446275],[120.1529532,-4.1445124],[120.1528345,-4.1444215],[120.1526604,-4.1442922],[120.1525355,-4.1441994],[120.1524315,-4.1441285],[120.1523001,-4.1440369],[120.1521653,-4.1439439],[120.1520438,-4.1438622],[120.1519031,-4.1437781],[120.1517764,-4.1437059],[120.1515806,-4.1435932],[120.1514002,-4.1434931],[120.1512064,-4.1433829],[120.150896,-4.1432113],[120.1506773,-4.1430839],[120.1503508,-4.1428961],[120.1499491,-4.1426397],[120.149687,-4.1424599],[120.1494091,-4.1422689],[120.1490713,-4.1420185],[120.1488594,-4.1418491],[120.1486529,-4.1416928],[120.1484654,-4.1415466],[120.1482586,-4.1413577],[120.1481447,-4.1412687],[120.1479348,-4.1410862],[120.1478011,-4.1409615],[120.1477095,-4.1408714],[120.1475881,-4.1407551],[120.1475257,-4.1406922],[120.1474359,-4.1406106],[120.1472687,-4.1404706],[120.1471134,-4.1403498],[120.1470557,-4.140311],[120.146968,-4.1402549],[120.1468203,-4.1401645],[120.1467097,-4.140097],[120.1465575,-4.1400047],[120.1463873,-4.1398965],[120.146023,-4.1396663],[120.1458199,-4.1395299],[120.1457154,-4.1394688],[120.1456603,-4.1394429],[120.1450047,-4.139174],[120.1447557,-4.1390684],[120.1446712,-4.139043],[120.144623,-4.1390321],[120.14428,-4.1389704],[120.1439745,-4.1389132],[120.1437076,-4.1388513],[120.1428862,-4.1386343],[120.142801,-4.1386149],[120.1427226,-4.1386042],[120.1420225,-4.138532],[120.1416604,-4.1384825],[120.1415049,-4.1384544],[120.1413694,-4.138429],[120.140936,-4.13832],[120.1405614,-4.1382202],[120.1401119,-4.1380968],[120.1397117,-4.1379853],[120.1391365,-4.1378017],[120.138525,-4.1375808],[120.137907,-4.1373421],[120.1375955,-4.1372218],[120.1374856,-4.137183],[120.1373824,-4.1371546],[120.1370265,-4.1370823],[120.136661,-4.137009],[120.1363423,-4.1369469],[120.136241,-4.1369275],[120.1361566,-4.136919],[120.1360553,-4.1369209],[120.1359654,-4.1369326],[120.1358756,-4.1369456],[120.1358018,-4.1369583],[120.1356754,-4.1369899],[120.1355852,-4.1370192],[120.1354927,-4.137058],[120.1353064,-4.137145],[120.1349958,-4.1373285],[120.1346347,-4.1375377],[120.1345264,-4.1376044],[120.1344,-4.1376857],[120.1343521,-4.1377221],[120.1343049,-4.1377697],[120.134275,-4.137803],[120.1342501,-4.1378338],[120.1342282,-4.1378644],[120.1339729,-4.1383086],[120.1335339,-4.1390228],[120.1334991,-4.1390717],[120.1334502,-4.1391326],[120.1333803,-4.1392013],[120.1331083,-4.1394592],[120.1326549,-4.139883],[120.1322452,-4.14032],[120.1321205,-4.1404287],[120.1320145,-4.1405163],[120.1319461,-4.1405605],[120.1319005,-4.1405846],[120.1318544,-4.1406038],[120.1317684,-4.1406367],[120.131676,-4.1406681],[120.1307632,-4.1409047],[120.130538,-4.1409578],[120.1304371,-4.1409828],[120.130312,-4.1410012],[120.1301642,-4.1410117],[120.1296467,-4.1410354],[120.1293638,-4.141044],[120.1292606,-4.141042],[120.1291913,-4.1410398],[120.1287747,-4.1410073],[120.1283842,-4.1409789],[120.1279508,-4.1409394],[120.127727,-4.1409143],[120.1275148,-4.1409003],[120.127373,-4.1408875],[120.1272511,-4.140882],[120.1271684,-4.1408835],[120.1270766,-4.1408949],[120.1269812,-4.1409107],[120.1265675,-4.1409791],[120.126341,-4.141003],[120.1261941,-4.1410086],[120.1260406,-4.1410092],[120.1259273,-4.1409992],[120.1258122,-4.140983],[120.1245197,-4.1407712],[120.1239195,-4.1406892],[120.1237493,-4.1406581],[120.1235671,-4.140617],[120.1225347,-4.1403331],[120.1212126,-4.1399416],[120.1202322,-4.1396389],[120.1200613,-4.1395814],[120.1198567,-4.1395238],[120.1194447,-4.1394229],[120.1187537,-4.1392676],[120.1185887,-4.1392209],[120.1183849,-4.1391582],[120.1182407,-4.1391018],[120.1181051,-4.1390371],[120.1177765,-4.1388372],[120.1174314,-4.1386062],[120.1170678,-4.138354],[120.1170284,-4.13832],[120.1168683,-4.1381549],[120.11657,-4.1378461],[120.1161982,-4.1374673],[120.1159324,-4.1371775],[120.1157959,-4.1370085],[120.1154941,-4.1366018],[120.1153795,-4.1364583],[120.1147579,-4.1357484],[120.1141106,-4.1350353],[120.1140424,-4.1349499],[120.1139682,-4.1348428],[120.1139096,-4.1347399],[120.113868,-4.1346509],[120.1138341,-4.1345707],[120.1132532,-4.1332361],[120.1132163,-4.1331461],[120.1131859,-4.1330747],[120.1131599,-4.1330424],[120.1131355,-4.1330203],[120.1130761,-4.1329983],[120.1130352,-4.1329856],[120.1123542,-4.1327626],[120.1121655,-4.1326953],[120.111957,-4.1326325],[120.1115317,-4.132519],[120.1110811,-4.1323921],[120.1109887,-4.1323696],[120.110874,-4.1323482],[120.1107573,-4.1323381],[120.1107037,-4.1323382],[120.1102441,-4.1323635],[120.1099399,-4.1323877],[120.1097964,-4.1324024],[120.1096698,-4.1324186],[120.1095604,-4.1324332],[120.109439,-4.1324559],[120.1091948,-4.1325085],[120.1090005,-4.1325475],[120.1088449,-4.1325823],[120.1087148,-4.1326131],[120.1085729,-4.1326533],[120.1083709,-4.1327114],[120.1081576,-4.1327803],[120.1077399,-4.1329274],[120.1070102,-4.133188],[120.1063914,-4.133415],[120.1060809,-4.1335247],[120.1057815,-4.1336186],[120.1054211,-4.133744],[120.1050465,-4.1338857],[120.1043463,-4.1341227],[120.1037527,-4.1343189],[120.1035234,-4.1343854],[120.1032675,-4.134447],[120.1030205,-4.1345031],[120.1028475,-4.1345432],[120.1026571,-4.134578],[120.1023406,-4.1346262],[120.1022011,-4.1346476],[120.1020026,-4.1346717],[120.1017935,-4.1346904],[120.1015815,-4.1346904],[120.1013213,-4.134685],[120.1009753,-4.134669],[120.1006213,-4.1346369],[120.1003373,-4.1346128],[120.1000848,-4.1345834],[120.0998166,-4.1345593],[120.0994518,-4.1345432],[120.0989683,-4.1345167],[120.0984787,-4.134499],[120.0980262,-4.1344804],[120.0977124,-4.134475],[120.0974348,-4.1344643],[120.0971626,-4.1344617],[120.0969118,-4.134451],[120.0965738,-4.1344416],[120.0962748,-4.1344242],[120.0958483,-4.1344095],[120.0954916,-4.1344068],[120.0952719,-4.1344033],[120.0949384,-4.1344025],[120.0945444,-4.1343974],[120.0941059,-4.1343877],[120.0937884,-4.1343867],[120.0934115,-4.1343881],[120.0928818,-4.1343734],[120.0922572,-4.1343585],[120.0917774,-4.1343401],[120.0913855,-4.1343229],[120.0908644,-4.1342935],[120.0903117,-4.1342629],[120.0899999,-4.1342497],[120.0898012,-4.1342409],[120.0895249,-4.1342234],[120.0890782,-4.1342002],[120.0885406,-4.1341836],[120.0880021,-4.1341544],[120.087628,-4.1341327],[120.0871777,-4.1341024],[120.0868013,-4.1340871],[120.0864364,-4.1340682],[120.0860924,-4.1340501],[120.0856322,-4.1340389],[120.0852194,-4.1340223],[120.0847537,-4.1340046],[120.0844757,-4.1339975],[120.0842004,-4.1340006],[120.0840345,-4.1340069],[120.0839299,-4.1340189],[120.0838498,-4.134042],[120.083777,-4.1340938],[120.0836912,-4.1341794],[120.0836187,-4.1342597],[120.0835396,-4.1343573],[120.0833973,-4.1345619],[120.0828007,-4.1353966],[120.0825512,-4.135806],[120.08245,-4.1359992],[120.082372,-4.1362036],[120.082033,-4.1371469],[120.0818018,-4.1377793],[120.0817248,-4.1380034],[120.0814962,-4.1386143],[120.0812447,-4.1392264],[120.081125,-4.139475],[120.0810137,-4.1396851],[120.0809386,-4.1397987],[120.080844,-4.1399231],[120.0806487,-4.1401663],[120.0802985,-4.1405266],[120.0799864,-4.1408166],[120.0799465,-4.1408475],[120.0799026,-4.1408755],[120.079588,-4.141076],[120.0791,-4.1414111],[120.0788858,-4.1415629],[120.0785466,-4.1418102],[120.0784817,-4.1418586],[120.0784113,-4.1419242],[120.0783268,-4.1420125],[120.0781762,-4.1422171],[120.0778834,-4.1426445],[120.0776607,-4.143036],[120.0774258,-4.1434878],[120.0772332,-4.1439632],[120.0772022,-4.1440536],[120.0771815,-4.1441479],[120.0771555,-4.1442848],[120.0771141,-4.1447935],[120.0770499,-4.1454865],[120.0770326,-4.1456427],[120.0770153,-4.1458287],[120.0769221,-4.1464475],[120.0768405,-4.1470979],[120.0767884,-4.1476646],[120.0767639,-4.1481418],[120.0767335,-4.1485874],[120.0767003,-4.1491967],[120.0766772,-4.1495418],[120.076651,-4.1498825],[120.0766415,-4.1502996],[120.0766307,-4.1511782],[120.0766382,-4.1517917],[120.0766323,-4.1519234],[120.0766233,-4.1520234],[120.0766169,-4.1520625],[120.0766014,-4.152114],[120.0765753,-4.1521835],[120.0764401,-4.1524493],[120.0763325,-4.1526624]]}},{"type":"Feature","properties":{"segmentId":"osm-gaul2-18188-2302342448-2125210616-0","regionId":"gaul2-18188","province":"Sulawesi Selatan","region":"Wajo","roadName":"Unnamed OSM road","highway":"secondary","lengthMeters":2828.838,"osmWayIds":["349981032","726104208","726104209"],"u":"2302342448","v":"2125210616","key":0,"oneway":false,"source":"OpenStreetMap"},"geometry":{"type":"LineString","coordinates":[[120.1978591,-4.1434367],[120.1981099,-4.1434232],[120.1986775,-4.1434116],[120.1991532,-4.143434],[120.1991801,-4.1434326],[120.1992066,-4.1434282],[120.1992418,-4.1434179],[120.1992703,-4.1434076],[120.1993025,-4.1433958],[120.1993293,-4.1433792],[120.1993832,-4.1433403],[120.1996994,-4.1430451],[120.1999663,-4.1427882],[120.2001078,-4.1426511],[120.2002346,-4.1425381],[120.2005175,-4.1423087],[120.2005718,-4.1422706],[120.2006121,-4.1422445],[120.2006624,-4.1422218],[120.2006952,-4.1422131],[120.2007623,-4.142205],[120.2008213,-4.142199],[120.2009728,-4.1422097],[120.2013062,-4.1422542],[120.2014315,-4.1422606],[120.2014979,-4.1422579],[120.2015605,-4.1422468],[120.2016172,-4.1422198],[120.2016434,-4.1422017],[120.2016709,-4.1421756],[120.2017171,-4.1421041],[120.2017514,-4.1420237],[120.2018663,-4.1416401],[120.2020073,-4.1411162],[120.2021169,-4.140795],[120.2022543,-4.1403578],[120.2023253,-4.1401231],[120.2023414,-4.1400261],[120.2023508,-4.1399044],[120.2023603,-4.1393467],[120.2023682,-4.1390242],[120.2023918,-4.1387179],[120.2024594,-4.1381029],[120.2025407,-4.1371254],[120.2026278,-4.1365797],[120.2027032,-4.1361683],[120.202784,-4.1357845],[120.2028816,-4.1354434],[120.2031137,-4.1345383],[120.203313,-4.1336741],[120.2034773,-4.1329],[120.2035806,-4.1325074],[120.2036864,-4.1321552],[120.2038581,-4.1316362],[120.2039895,-4.1312349],[120.2041157,-4.130925],[120.2041933,-4.130732],[120.2044669,-4.1301809],[120.2047056,-4.1297327],[120.2047712,-4.1296592],[120.2049415,-4.1293596],[120.2050917,-4.1291189],[120.2051619,-4.1290193],[120.2052822,-4.1288486],[120.2055102,-4.1285116],[120.2056196,-4.1283685],[120.2057891,-4.1281042],[120.2059112,-4.1279043],[120.2059742,-4.1277993],[120.2061325,-4.1275103],[120.2064305,-4.1268452],[120.2066555,-4.1265185],[120.2067547,-4.1262777],[120.206901,-4.1259232],[120.2070055,-4.1256518],[120.2070927,-4.125427],[120.2071678,-4.1252451],[120.2072044,-4.1251596],[120.2073162,-4.125004],[120.2073752,-4.1249338],[120.20744,-4.1248752],[120.2075862,-4.1247608],[120.2077507,-4.1246368],[120.2079268,-4.1245014],[120.2080062,-4.1244067],[120.2080797,-4.1243168],[120.2082085,-4.1241161],[120.2082943,-4.1239556],[120.2083609,-4.1238175],[120.2084308,-4.1236035],[120.2085191,-4.1233768],[120.2085982,-4.1232131],[120.2087101,-4.1230059],[120.2088201,-4.1227864],[120.2088606,-4.1226965]]}},{"type":"Feature","properties":{"segmentId":"osm-gaul2-18188-2302342448-2300703019-0","regionId":"gaul2-18188","province":"Sulawesi Selatan","region":"Wajo","roadName":"Unnamed OSM road","highway":"tertiary","lengthMeters":3993.264,"osmWayIds":["221821040"],"u":"2302342448","v":"2300703019","key":0,"oneway":false,"source":"OpenStreetMap"},"geometry":{"type":"LineString","coordinates":[[120.1978591,-4.1434367],[120.1979426,-4.1438771],[120.1979627,-4.1440068],[120.1980021,-4.1441767],[120.1980767,-4.1444442],[120.1981196,-4.1446061],[120.1981256,-4.1446596],[120.1981181,-4.1447161],[120.1980988,-4.1447646],[120.1978219,-4.1452173],[120.197635,-4.1455046],[120.1975724,-4.145644],[120.1975268,-4.1457898],[120.1974839,-4.1459717],[120.1974477,-4.1461764],[120.1974175,-4.1465475],[120.1974142,-4.1468225],[120.1974028,-4.146876],[120.1973813,-4.1469415],[120.1973491,-4.1469997],[120.1973151,-4.1470421],[120.1964334,-4.147749],[120.1963621,-4.1478103],[120.1963064,-4.1478705],[120.1962588,-4.1479353],[120.1962215,-4.1479984],[120.1961435,-4.1481427],[120.1960885,-4.1483052],[120.1960114,-4.1486978],[120.1959148,-4.148988],[120.1957977,-4.1492739],[120.1955956,-4.1496474],[120.1953766,-4.1500765],[120.1950592,-4.1507041],[120.1946498,-4.1512529],[120.1945321,-4.151407],[120.1944369,-4.1515642],[120.1943477,-4.1517053],[120.1943061,-4.1517809],[120.1942742,-4.1518554],[120.1942565,-4.1519849],[120.1942501,-4.152123],[120.1942474,-4.1533109],[120.1942072,-4.1541162],[120.1941935,-4.1544052],[120.1941991,-4.154694],[120.1942505,-4.1551362],[120.194274,-4.1553449],[120.1942796,-4.155572],[120.194268,-4.1560025],[120.1942763,-4.1563211],[120.1942941,-4.1566885],[120.1943256,-4.1568831],[120.1943359,-4.1570655],[120.1943363,-4.1571392],[120.1943336,-4.1572128],[120.1943202,-4.157271],[120.1943023,-4.1573257],[120.1941553,-4.1575579],[120.1940395,-4.1578119],[120.1939525,-4.1580753],[120.193766,-4.158708],[120.1936841,-4.1592377],[120.1935842,-4.1600637],[120.1935594,-4.1602943],[120.193503,-4.1612117],[120.193495,-4.1619501],[120.1935732,-4.1621471],[120.1935934,-4.162206],[120.1935907,-4.1623772],[120.1935674,-4.1624852],[120.1933288,-4.1631941],[120.1932406,-4.1634084],[120.193216,-4.1635633],[120.1932241,-4.1637344],[120.1933958,-4.1643658],[120.1935518,-4.1649734],[120.1937123,-4.165599],[120.1938059,-4.1659826],[120.193825,-4.1663107],[120.1937771,-4.1669797],[120.1937444,-4.1672763],[120.1937422,-4.1677341],[120.1937261,-4.1678973],[120.1937114,-4.1679802],[120.1934172,-4.1688226],[120.1930364,-4.1699782],[120.1927954,-4.1708587],[120.1925245,-4.1716879],[120.1922294,-4.1725306],[120.1919236,-4.1733533],[120.1916623,-4.1740987],[120.1914355,-4.174791],[120.1913044,-4.1751438],[120.191192,-4.1755445],[120.1910761,-4.1759574],[120.1910144,-4.176142],[120.1909541,-4.1762583],[120.1907515,-4.1765245],[120.1905303,-4.1767539],[120.1902115,-4.1771013]]}},{"type":"Feature","properties":{"segmentId":"osm-gaul2-18188-2518202511-2123329788-0","regionId":"gaul2-18188","province":"Sulawesi Selatan","region":"Wajo","roadName":"Jalan Poros Sengkang - Tarumpakkae","highway":"trunk","lengthMeters":8831.676,"osmWayIds":["201900014"],"u":"2518202511","v":"2123329788","key":0,"oneway":false,"source":"OpenStreetMap"},"geometry":{"type":"LineString","coordinates":[[120.0920945,-4.046714],[120.0922477,-4.0464916],[120.0925143,-4.0461568],[120.0928133,-4.045817],[120.0931138,-4.0454933],[120.0934523,-4.0451858],[120.0937554,-4.0449155],[120.0944605,-4.0442732],[120.0946568,-4.0441002],[120.0955802,-4.0432953],[120.0962307,-4.0426875],[120.0966355,-4.0423375],[120.0969226,-4.0420981],[120.0972484,-4.0418265],[120.0977379,-4.0413757],[120.0982402,-4.0409414],[120.099576,-4.0397463],[120.0997777,-4.0395335],[120.0999239,-4.039361],[120.1000278,-4.0391981],[120.1001438,-4.0389717],[120.1002366,-4.0386959],[120.1006807,-4.0370416],[120.1007983,-4.0365088],[120.100869,-4.0362239],[120.1009686,-4.0360205],[120.1011169,-4.0358281],[120.101379,-4.0355885],[120.1016723,-4.0354025],[120.1018578,-4.0353062],[120.1020616,-4.0352219],[120.1024763,-4.0350901],[120.1030996,-4.0348741],[120.1038614,-4.0346173],[120.104894,-4.0342453],[120.1058218,-4.0338933],[120.1060367,-4.0338091],[120.1061709,-4.033776],[120.1063116,-4.0337704],[120.1064658,-4.0337798],[120.1066442,-4.0338105],[120.1068704,-4.033838],[120.1070204,-4.0338426],[120.1071183,-4.033836],[120.1072074,-4.0338226],[120.1073987,-4.0337559],[120.1076011,-4.0336507],[120.1080088,-4.0333978],[120.1085486,-4.0330433],[120.1087115,-4.0329477],[120.1088543,-4.0328707],[120.109038,-4.0327925],[120.1091688,-4.0327584],[120.1093116,-4.0327276],[120.1099715,-4.0326273],[120.1107627,-4.032541],[120.1116959,-4.0324495],[120.1122272,-4.0323992],[120.1128361,-4.032335],[120.1131358,-4.0323082],[120.1132759,-4.0323035],[120.1134222,-4.0323043],[120.1136307,-4.0323363],[120.1137165,-4.0323544],[120.1138012,-4.0323817],[120.114092,-4.0324901],[120.1145992,-4.0327024],[120.1148464,-4.0328059],[120.1157986,-4.0331457],[120.1166046,-4.0334487],[120.1168111,-4.0335423],[120.1170444,-4.0336661],[120.1171973,-4.0337503],[120.1176164,-4.0340059],[120.1181428,-4.0343456],[120.1187503,-4.0347242],[120.118973,-4.0348614],[120.1191252,-4.0349423],[120.1192338,-4.0349878],[120.1193371,-4.0350212],[120.1195007,-4.0350513],[120.1196308,-4.0350647],[120.1198044,-4.0350694],[120.1200941,-4.0350386],[120.1204176,-4.0349836],[120.1207755,-4.0348876],[120.1209543,-4.0348015],[120.1211053,-4.0346895],[120.1212475,-4.034545],[120.1219614,-4.0337891],[120.1223579,-4.0334052],[120.1226377,-4.0331448],[120.1227629,-4.033044],[120.1228823,-4.0329584],[120.1231492,-4.0328032],[120.1236722,-4.0325035],[120.1239116,-4.0323617],[120.1241942,-4.0321978],[120.1249811,-4.0317497],[120.1251286,-4.0316507],[120.1252473,-4.0315657],[120.1253432,-4.0314761],[120.1254766,-4.0313236],[120.125708,-4.0309972],[120.1260459,-4.0305182],[120.1261847,-4.0302875],[120.1262511,-4.0301691],[120.1263034,-4.0300574],[120.1263504,-4.0299055],[120.1263718,-4.0297811],[120.1263839,-4.0295845],[120.1263866,-4.0293798],[120.1263993,-4.0292748],[120.1264114,-4.0292186],[120.1264228,-4.0291597],[120.1264744,-4.0290233],[120.1265207,-4.028945],[120.126555,-4.028888],[120.1266367,-4.0287938],[120.1267648,-4.0286828],[120.126913,-4.0285537],[120.1271021,-4.0284239],[120.1275332,-4.0281651],[120.1278256,-4.0279945],[120.1281656,-4.0277885],[120.1283801,-4.0276741],[120.1284982,-4.0276199],[120.1287831,-4.0275029],[120.1290366,-4.0274399],[120.1293084,-4.0273823],[120.1296776,-4.0272915],[120.12997,-4.0272293],[120.1301421,-4.0271812],[120.1303455,-4.0271082],[120.1304065,-4.0270774],[120.1304689,-4.0270413],[120.1306392,-4.0269102],[120.1308163,-4.0267443],[120.1309604,-4.0265691],[120.1310722,-4.0263921],[120.1310979,-4.026335],[120.1311234,-4.0262614],[120.1311381,-4.0262059],[120.1311488,-4.0261129],[120.1311542,-4.0259457],[120.1311354,-4.0256828],[120.1311274,-4.0254152],[120.1311421,-4.0252801],[120.1311683,-4.0251417],[120.1312267,-4.0249397],[120.1312756,-4.0247999],[120.13135,-4.0246347],[120.1314596,-4.024406],[120.131572,-4.0242293],[120.1316839,-4.0240687],[120.1317792,-4.0239557],[120.131869,-4.0238514],[120.1319669,-4.0237524],[120.1320481,-4.0236768],[120.1321218,-4.0236186],[120.1322204,-4.023553],[120.1323404,-4.0234922],[120.1325215,-4.0234273],[120.1327213,-4.0233524],[120.1328728,-4.0232995],[120.1330579,-4.0232366],[120.1334243,-4.023161],[120.1341871,-4.0230386],[120.1344506,-4.0229958],[120.1347966,-4.0229677],[120.1348885,-4.0229664],[120.1350005,-4.0229804],[120.1351487,-4.0230059],[120.1353539,-4.02305],[120.1355336,-4.0231156],[120.1357341,-4.0232172],[120.1358668,-4.0233008],[120.1360948,-4.0235082],[120.1364207,-4.0238674],[120.1367761,-4.024254],[120.1370658,-4.0245885],[120.1372495,-4.0248373],[120.1373059,-4.024955],[120.1373333,-4.0250534],[120.1373528,-4.0251611],[120.1373796,-4.0254895],[120.1374165,-4.0257818],[120.1374735,-4.0260166],[120.1375741,-4.0262534],[120.1376344,-4.0263858],[120.1377511,-4.0265517],[120.1378906,-4.0266962],[120.1380515,-4.0267992],[120.1386215,-4.0271243],[120.1389058,-4.0272808],[120.139225,-4.0274079],[120.1393738,-4.027448],[120.1396488,-4.0274895],[120.139921,-4.0274895],[120.1401436,-4.0274734],[120.140383,-4.027454],[120.1407126,-4.0273875],[120.1407592,-4.0273651],[120.1409456,-4.0272761],[120.1411716,-4.0271457],[120.1413459,-4.0270132],[120.141535,-4.0267871],[120.1416859,-4.0264868],[120.1418066,-4.0261597],[120.1418871,-4.0259256],[120.1419729,-4.0256661],[120.1420782,-4.0255009],[120.1421875,-4.0253537],[120.1423363,-4.0252306],[120.1425221,-4.0251162],[120.1436796,-4.0245531],[120.1442609,-4.0242968],[120.1446363,-4.0241423],[120.1450106,-4.0240246],[120.1451056,-4.0240034],[120.1453307,-4.0239501],[120.1454952,-4.0238976],[120.1456153,-4.0238454],[120.1457602,-4.0237647],[120.146015,-4.0236099],[120.1462784,-4.0234739],[120.1465942,-4.0233743],[120.1467982,-4.0233343],[120.1470235,-4.0233182],[120.1475009,-4.0233104],[120.1478332,-4.0233198],[120.1481366,-4.0232674],[120.1485668,-4.0231525],[120.1488086,-4.0230829],[120.1489489,-4.0229814],[120.1494507,-4.0225175],[120.1496153,-4.0224049],[120.1498259,-4.0222911],[120.1501547,-4.0221976],[120.1504904,-4.0221175],[120.1508564,-4.0220554],[120.1510119,-4.0220139],[120.1512051,-4.0219483],[120.1517385,-4.0216367],[120.1526528,-4.0210701],[120.1531054,-4.0207951],[120.1533689,-4.0207055],[120.1538511,-4.0205737],[120.1542889,-4.020456]]}},{"type":"Feature","properties":{"segmentId":"osm-gaul2-18188-2518202511-2123330511-0","regionId":"gaul2-18188","province":"Sulawesi Selatan","region":"Wajo","roadName":"Jalan Poros Sengkang - Tarumpakkae","highway":"trunk","lengthMeters":2771.412,"osmWayIds":["201900014"],"u":"2518202511","v":"2123330511","key":0,"oneway":false,"source":"OpenStreetMap"},"geometry":{"type":"LineString","coordinates":[[120.0920945,-4.046714],[120.0917024,-4.0473534],[120.0914937,-4.0477167],[120.0913326,-4.0480034],[120.0911885,-4.0482743],[120.0908804,-4.0488215],[120.0907469,-4.0490873],[120.0906087,-4.0493749],[120.090358,-4.0498883],[120.0897758,-4.0511249],[120.0896201,-4.0514607],[120.0893711,-4.0520903],[120.0890905,-4.0527252],[120.0888222,-4.0533687],[120.08874,-4.0535527],[120.0881812,-4.0548596],[120.0880759,-4.0551052],[120.0879385,-4.0553913],[120.0878292,-4.0555873],[120.087681,-4.0557806],[120.0874711,-4.0559848],[120.0871515,-4.0562525],[120.0867329,-4.0565713],[120.0862914,-4.0569254],[120.0859416,-4.0572241],[120.0854558,-4.0576084],[120.0849733,-4.0579906],[120.0840802,-4.0586071],[120.0838749,-4.0587598],[120.0836737,-4.0588829],[120.0834037,-4.0590056],[120.0828834,-4.0591905],[120.0827014,-4.0592695],[120.082552,-4.0593529],[120.0819021,-4.0598004],[120.0813486,-4.0601816],[120.0806692,-4.060651],[120.0803078,-4.0608656],[120.0801976,-4.060951],[120.0799919,-4.061147],[120.0796598,-4.0615499],[120.0795588,-4.0616977],[120.0794444,-4.0618782],[120.0793098,-4.0620079],[120.0791812,-4.0620975],[120.0790362,-4.0621576],[120.0788574,-4.0621996],[120.0786871,-4.0622336],[120.07831,-4.0622851],[120.0778375,-4.0623495],[120.0774751,-4.062406],[120.0769972,-4.0624783],[120.0766751,-4.0625187],[120.0762451,-4.0625728],[120.0758914,-4.0626194],[120.0755071,-4.0627027],[120.0752326,-4.0627925],[120.0750872,-4.0628451]]}},{"type":"Feature","properties":{"segmentId":"osm-gaul2-18188-2518202511-2136827226-0","regionId":"gaul2-18188","province":"Sulawesi Selatan","region":"Wajo","roadName":"Unnamed OSM road","highway":"tertiary","lengthMeters":7317.32,"osmWayIds":["203683885","749964604","749964605","749990500","749990501"],"u":"2518202511","v":"2136827226","key":0,"oneway":false,"source":"OpenStreetMap"},"geometry":{"type":"LineString","coordinates":[[120.0920945,-4.046714],[120.0912778,-4.0462625],[120.0907105,-4.0459816],[120.0895123,-4.0455552],[120.0887254,-4.0452119],[120.088208,-4.045005],[120.0880887,-4.0449635],[120.087917,-4.0449194],[120.0877547,-4.04491],[120.0874946,-4.0449194],[120.0872464,-4.044898],[120.0870882,-4.0448619],[120.0868535,-4.0447963],[120.0866309,-4.0446786],[120.086537,-4.0446117],[120.0864083,-4.0444993],[120.0862634,-4.0443589],[120.085959,-4.0441141],[120.085853,-4.0440378],[120.085794,-4.0439856],[120.0857136,-4.0438639],[120.0855258,-4.0434572],[120.0853354,-4.0431255],[120.0851396,-4.0428258],[120.0849746,-4.0424419],[120.084925,-4.0421128],[120.0848553,-4.0415402],[120.0847533,-4.0409596],[120.0847144,-4.0408686],[120.0845951,-4.0407014],[120.0842169,-4.0402546],[120.0838374,-4.03986],[120.0837073,-4.0397864],[120.0834605,-4.0397289],[120.083081,-4.0396473],[120.082916,-4.0396312],[120.0827081,-4.0396419],[120.0823997,-4.039666],[120.082102,-4.0396432],[120.0818928,-4.0395978],[120.0817318,-4.0395616],[120.0815132,-4.0394359],[120.0812396,-4.0393075],[120.0810599,-4.039274],[120.0808722,-4.0392713],[120.0805221,-4.0392473],[120.0801701,-4.0392513],[120.0798724,-4.0392432],[120.0796866,-4.0392185],[120.0794077,-4.0391703],[120.0792025,-4.0391295],[120.0790469,-4.0390901],[120.078937,-4.0390807],[120.0788853,-4.0390847],[120.07877,-4.0391208],[120.0785943,-4.039157],[120.0785192,-4.0391616],[120.0784019,-4.0391516],[120.0782423,-4.0391101],[120.0779928,-4.0390573],[120.0775892,-4.0389583],[120.077211,-4.0388392],[120.0769629,-4.0387857],[120.076822,-4.0388098],[120.0766343,-4.0388352],[120.076409,-4.0388285],[120.07624,-4.0387871],[120.0759986,-4.0386613],[120.0757666,-4.0385637],[120.0755212,-4.0385168],[120.0753093,-4.038478],[120.0751014,-4.0384419],[120.0749217,-4.0384633],[120.0747031,-4.0385209],[120.074463,-4.0385556],[120.0741318,-4.0385222],[120.0738636,-4.0384312],[120.0737402,-4.0383964],[120.073413,-4.0383242],[120.0731635,-4.0381998],[120.0728846,-4.0380125],[120.0727437,-4.0378867],[120.0726914,-4.0377864],[120.0726069,-4.0375068],[120.0725493,-4.0371162],[120.0724621,-4.0368593],[120.0723763,-4.0367229],[120.0722314,-4.0365249],[120.0721067,-4.0364393],[120.0719981,-4.0363938],[120.0717406,-4.0362988],[120.0714563,-4.0361784],[120.0712323,-4.0360567],[120.0709037,-4.0358105],[120.0706434,-4.0356586],[120.0704156,-4.0355751],[120.0702332,-4.035547],[120.0701407,-4.035551],[120.0700441,-4.0355764],[120.0698751,-4.0356513],[120.0694768,-4.0357971],[120.0692877,-4.0357945],[120.0691576,-4.0357704],[120.0689659,-4.0357222],[120.0687285,-4.0356808],[120.0685313,-4.0356848],[120.0682028,-4.0357008],[120.0679721,-4.0356981],[120.0677991,-4.0356527],[120.0675899,-4.0355898],[120.0675108,-4.0356005],[120.0674732,-4.0356192],[120.0674263,-4.0356808],[120.067319,-4.0358587],[120.0670964,-4.0363296],[120.0668845,-4.0366292],[120.0665381,-4.0370876],[120.066312,-4.0374043],[120.0661629,-4.0376112],[120.0661134,-4.037658],[120.0660489,-4.0377088],[120.0659966,-4.0377142],[120.0659162,-4.0377155],[120.06577,-4.0377048],[120.0655889,-4.0376874],[120.0652765,-4.0376219],[120.0647642,-4.0374948],[120.0644664,-4.0374413],[120.0641848,-4.0373958],[120.0639702,-4.0373851],[120.0636819,-4.0373944],[120.0631656,-4.0373503],[120.0630462,-4.0373115],[120.0629389,-4.0372433],[120.0628397,-4.0371643],[120.0626962,-4.0369717],[120.0625701,-4.0368031],[120.0624306,-4.0366105],[120.0623783,-4.0365302],[120.0623462,-4.0363777],[120.0622536,-4.0360125],[120.0621329,-4.0357088],[120.0620592,-4.0355537],[120.0619666,-4.035468],[120.0618513,-4.0353329],[120.0616246,-4.0351309],[120.0614771,-4.0349878],[120.0612344,-4.0346935],[120.0610574,-4.0344647],[120.060816,-4.0341396],[120.0606953,-4.0339309],[120.0605813,-4.0336085],[120.0605303,-4.0333677],[120.0605062,-4.0331403],[120.0605316,-4.0329477],[120.060529,-4.0328059],[120.0604834,-4.0326841],[120.0604197,-4.0325629],[120.0602648,-4.0323751],[120.0601503,-4.0321551],[120.0600663,-4.0320005],[120.0599912,-4.0318293],[120.0599617,-4.0317437],[120.0599523,-4.0315417],[120.0599831,-4.0313089],[120.0600247,-4.031056],[120.0600944,-4.0307483],[120.0601012,-4.0305691],[120.0599939,-4.0302293],[120.0597766,-4.029654],[120.0596858,-4.0294605],[120.0595799,-4.029331],[120.0593421,-4.0290975],[120.059046,-4.0287888],[120.058752,-4.0285276],[120.0583096,-4.0282029],[120.0579392,-4.0279342],[120.0576362,-4.0276943],[120.0573332,-4.0274256],[120.0569724,-4.0271185],[120.0567559,-4.026893],[120.0564481,-4.0266195],[120.0558805,-4.0262357],[120.0556208,-4.0260293],[120.0553536,-4.0258641],[120.0547405,-4.0255351],[120.0544038,-4.0253288],[120.0541104,-4.0251801],[120.0538449,-4.0250681],[120.0536638,-4.0250199],[120.0534855,-4.0250132],[120.0533447,-4.0250266],[120.0531532,-4.0250553],[120.0529356,-4.0250962],[120.0526232,-4.0251631],[120.0524515,-4.0251684],[120.0522771,-4.025139],[120.052135,-4.0250815],[120.051903,-4.024945],[120.0516562,-4.0247724],[120.0514899,-4.0246132],[120.0514255,-4.0245504],[120.0511989,-4.0244085],[120.0509012,-4.0242868],[120.0506115,-4.0241557],[120.0503956,-4.0240687],[120.0502682,-4.0240353],[120.0500603,-4.0240032],[120.0498028,-4.023947],[120.0495011,-4.0238413],[120.049312,-4.0237584],[120.0491256,-4.0236661],[120.0489432,-4.0235537],[120.04862,-4.0233316],[120.047995,-4.0228928],[120.0475873,-4.0226119],[120.0471367,-4.022347],[120.0468215,-4.022157],[120.0464514,-4.0219925],[120.0462905,-4.0219309],[120.0460652,-4.0218413],[120.0459458,-4.0217784],[120.0458908,-4.021761],[120.0458231,-4.0217396],[120.0457386,-4.0217138],[120.0455086,-4.0216781],[120.0454067,-4.0216594],[120.0451599,-4.0215443],[120.0448515,-4.0214012],[120.044653,-4.021341],[120.0445028,-4.0213249],[120.0443673,-4.0213089],[120.0442305,-4.0213115],[120.0439234,-4.021246],[120.0436827,-4.0211838],[120.0433574,-4.0210955],[120.0432891,-4.0210801],[120.0430329,-4.0210145],[120.0427164,-4.0209503],[120.0422199,-4.0207849],[120.0416956,-4.0205546],[120.0416094,-4.0205184],[120.0411473,-4.0203243],[120.0409308,-4.0202331],[120.0407611,-4.020161]]}},{"type":"Feature","properties":{"segmentId":"osm-gaul2-18188-2539721942-5353801415-0","regionId":"gaul2-18188","province":"Sulawesi Selatan","region":"Wajo","roadName":"Jembatan Sungai Keera","highway":"trunk","lengthMeters":15062.145,"osmWayIds":["244503740","344079338","587962441","588604956","588604958"],"u":"2539721942","v":"5353801415","key":0,"oneway":false,"source":"OpenStreetMap"},"geometry":{"type":"LineString","coordinates":[[120.323949,-3.8289549],[120.3239513,-3.8290311],[120.3239587,-3.8294785],[120.3239674,-3.8303871],[120.3239527,-3.8306389],[120.3239071,-3.8308095],[120.3236462,-3.8313348],[120.3236248,-3.831386],[120.3234357,-3.8317479],[120.3230435,-3.832617],[120.3224802,-3.8336394],[120.3220977,-3.8343256],[120.3220219,-3.834438],[120.3219223,-3.8345707],[120.3218151,-3.8346809],[120.3216916,-3.8347794],[120.3215053,-3.8349049],[120.3205034,-3.8355073],[120.3194922,-3.8360961],[120.3184596,-3.8366902],[120.3174323,-3.8372924],[120.3164506,-3.8378704],[120.3154823,-3.8384351],[120.3144926,-3.8390025],[120.3134959,-3.839584],[120.3125024,-3.8401692],[120.3114912,-3.8407715],[120.3104612,-3.8413655],[120.309442,-3.8419543],[120.3085756,-3.8424628],[120.3077095,-3.8429644],[120.3073869,-3.8431408],[120.3064403,-3.8436962],[120.3058961,-3.8440083],[120.3053254,-3.8443462],[120.3047542,-3.8447251],[120.3040239,-3.8453129],[120.3032957,-3.845911],[120.3028793,-3.8462596],[120.3023985,-3.8466764],[120.3020505,-3.847001],[120.3018433,-3.8472237],[120.3017186,-3.8473575],[120.3007095,-3.8485093],[120.3000962,-3.8492101],[120.2998109,-3.8495326],[120.2995285,-3.8498383],[120.2994025,-3.84994],[120.2992489,-3.8500624],[120.2990256,-3.8501822],[120.2987641,-3.8502999],[120.298443,-3.8504305],[120.2978374,-3.8506649],[120.2973917,-3.850828],[120.296089,-3.8512009],[120.2946147,-3.8516367],[120.2941427,-3.8517691],[120.2936559,-3.8519136],[120.293161,-3.8520838],[120.2929598,-3.8521639],[120.2928211,-3.8522208],[120.2924243,-3.852398],[120.2923684,-3.8524221],[120.2909884,-3.8532022],[120.2907684,-3.8533213],[120.2906612,-3.8533909],[120.2905807,-3.8534497],[120.2904902,-3.8535254],[120.2903996,-3.853611],[120.2898136,-3.8542272],[120.2891483,-3.8549256],[120.2885208,-3.8555866],[120.2878785,-3.8562525],[120.2872977,-3.8568604],[120.2867934,-3.8574198],[120.2862677,-3.8580032],[120.2857822,-3.8585946],[120.2855515,-3.8588796],[120.2853115,-3.8591566],[120.2848059,-3.8597413],[120.2838101,-3.8608754],[120.2836874,-3.8610112],[120.2835533,-3.8611504],[120.2832918,-3.8614446],[120.2828345,-3.8620442],[120.2827232,-3.8621994],[120.2826079,-3.86238],[120.2824227,-3.8626824],[120.2820265,-3.86332],[120.2819722,-3.8634023],[120.2819091,-3.8634946],[120.2817911,-3.8636953],[120.2816261,-3.8639696],[120.2813049,-3.8646025],[120.2810588,-3.8651324],[120.2808094,-3.8656622],[120.2807082,-3.8658918],[120.2806431,-3.8661065],[120.2805814,-3.8663286],[120.2805251,-3.8665668],[120.2804875,-3.8668424],[120.2804446,-3.8672492],[120.280391,-3.8677389],[120.2802649,-3.8686969],[120.2801898,-3.8691813],[120.2801086,-3.8696125],[120.2800342,-3.8699708],[120.2799706,-3.8702164],[120.2799142,-3.8704045],[120.2798411,-3.870593],[120.2796031,-3.871252],[120.2794636,-3.8716266],[120.2790909,-3.8725042],[120.2789621,-3.8729139],[120.2789426,-3.8730295],[120.2789313,-3.8731668],[120.2789539,-3.8733872],[120.2789855,-3.873558],[120.2790513,-3.8737935],[120.2794207,-3.8745998],[120.279475,-3.8747476],[120.2795085,-3.8749242],[120.27952,-3.8751083],[120.2795088,-3.8752872],[120.2794449,-3.8755471],[120.2793103,-3.875801],[120.2791746,-3.8759451],[120.2790378,-3.8760763],[120.2787589,-3.8762435],[120.2784551,-3.8764383],[120.27809,-3.8766654],[120.2779099,-3.8767975],[120.2777439,-3.8769357],[120.2774815,-3.8772705],[120.2772032,-3.8776408],[120.2771378,-3.8777278],[120.2768025,-3.8782094],[120.2766681,-3.8784379],[120.2765991,-3.8786299],[120.2765527,-3.8788553],[120.2765262,-3.8793227],[120.276494,-3.8797991],[120.2764791,-3.8798785],[120.2764562,-3.8800261],[120.2764301,-3.8801393],[120.2763824,-3.8802589],[120.276312,-3.8803748],[120.2761584,-3.8806108],[120.2759841,-3.8808035],[120.2757487,-3.8810465],[120.2756689,-3.8811554],[120.2756113,-3.8812317],[120.2755684,-3.8813227],[120.2755074,-3.8814666],[120.2753296,-3.8819997],[120.2751932,-3.8824644],[120.2750373,-3.8830139],[120.2749495,-3.8833719],[120.2749276,-3.8835509],[120.2749441,-3.8837198],[120.2749974,-3.8839202],[120.275089,-3.8841587],[120.2752939,-3.8845232],[120.275386,-3.8846597],[120.2756737,-3.8850846],[120.2759197,-3.8853689],[120.2761558,-3.8856365],[120.2765991,-3.8861256],[120.2768646,-3.8864708],[120.2769983,-3.8867086],[120.2770731,-3.8868434],[120.2771489,-3.8870328],[120.2772635,-3.8873759],[120.2773474,-3.8876964],[120.277403,-3.8879352],[120.2774328,-3.888143],[120.2774328,-3.8884159],[120.2773416,-3.8893204],[120.277315,-3.8894967],[120.2772424,-3.8901902],[120.277224,-3.8906133],[120.2772447,-3.890836],[120.2772823,-3.8910554],[120.277352,-3.8912321],[120.2774734,-3.8914375],[120.2776555,-3.8916941],[120.2780816,-3.8922891],[120.2783412,-3.8926571],[120.2785181,-3.8928903],[120.2790206,-3.8935565],[120.2791574,-3.8937495],[120.2792692,-3.8939357],[120.2794217,-3.8941959],[120.2799541,-3.8950846],[120.2802392,-3.8955583],[120.2804319,-3.8959064],[120.280509,-3.8961292],[120.2805613,-3.8963814],[120.2805622,-3.8966781],[120.2805538,-3.8968334],[120.2805203,-3.8970817],[120.2804775,-3.8975817],[120.280469,-3.8978758],[120.2804973,-3.8982097],[120.2805183,-3.8983254],[120.2805606,-3.8984512],[120.280786,-3.8990186],[120.281096,-3.8997316],[120.2814025,-3.9003991],[120.2817535,-3.9010717],[120.2821283,-3.9017212],[120.2824484,-3.9023473],[120.2826311,-3.9027286],[120.2828401,-3.9031393],[120.2830115,-3.9035015],[120.2831905,-3.9038977],[120.2833521,-3.904307],[120.2834603,-3.9046351],[120.2835321,-3.9049323],[120.2835453,-3.9051874],[120.2835513,-3.9054624],[120.2835321,-3.9056842],[120.2834834,-3.9058357],[120.2834192,-3.9059608],[120.2829826,-3.9065377],[120.2825075,-3.9071694],[120.2820137,-3.9079356],[120.2818903,-3.908123],[120.2817938,-3.9082581],[120.2817267,-3.9083986],[120.2816677,-3.9085177],[120.2816221,-3.9086582],[120.2815846,-3.9087866],[120.2815497,-3.9089271],[120.2814601,-3.9093073],[120.2813151,-3.9099233],[120.2810535,-3.9109501],[120.2809677,-3.9113957],[120.280896,-3.9117109],[120.2808475,-3.9119197],[120.2807163,-3.9124842],[120.2804849,-3.9135632],[120.2802542,-3.9146068],[120.2800101,-3.9156879],[120.2799798,-3.9158224],[120.2798894,-3.9162231],[120.2797768,-3.9166278],[120.279756,-3.9167042],[120.2796319,-3.9170018],[120.2795058,-3.9172667],[120.27942,-3.9174433],[120.2793489,-3.9175878],[120.2792859,-3.9176962],[120.2791893,-3.9178541],[120.2790888,-3.9179986],[120.2789198,-3.9182274],[120.2785805,-3.9186823],[120.2783847,-3.9189579],[120.2783357,-3.9190054],[120.2781875,-3.9191961],[120.2780621,-3.919372],[120.2780092,-3.9194462],[120.2778861,-3.9196187],[120.2778109,-3.9197919],[120.2777705,-3.9199507],[120.2777497,-3.9200758],[120.2776793,-3.9207053],[120.2775962,-3.9212779],[120.2775593,-3.9215236],[120.2775351,-3.9216681],[120.2774969,-3.9218934],[120.27746,-3.9220834],[120.2774279,-3.9222133],[120.2773849,-3.9224414],[120.2773179,-3.9227278],[120.2772769,-3.9229156],[120.277216,-3.9231934],[120.2771723,-3.9233973],[120.277106,-3.923669],[120.277055,-3.9239052],[120.2769873,-3.9241947],[120.276929,-3.924437],[120.2768907,-3.9246416],[120.2767834,-3.9250644],[120.2766842,-3.9254791],[120.2765696,-3.9258666],[120.2764623,-3.926183],[120.2763811,-3.9264425],[120.2762772,-3.9267155],[120.276199,-3.9269366],[120.2760733,-3.9272507],[120.2759761,-3.9275075],[120.2758534,-3.9277993],[120.2757618,-3.928031],[120.2756415,-3.9283238],[120.2755415,-3.9285859],[120.2753514,-3.9291041],[120.2751261,-3.9297142],[120.2750594,-3.9298777],[120.2749836,-3.9300389],[120.2749273,-3.9301325],[120.274879,-3.9302122],[120.2748301,-3.9302824],[120.2747275,-3.9304389],[120.2745722,-3.9306253],[120.2743989,-3.9308176],[120.2741253,-3.9311213],[120.2736908,-3.9315722],[120.2732243,-3.9320555],[120.2725388,-3.9328312],[120.2718877,-3.9335919],[120.2716,-3.9339256],[120.2711793,-3.9344103],[120.2709362,-3.9346628]]}},{"type":"Feature","properties":{"segmentId":"osm-gaul2-18188-2539721942-5400320732-0","regionId":"gaul2-18188","province":"Sulawesi Selatan","region":"Wajo","roadName":"Unnamed OSM road","highway":"tertiary","lengthMeters":10737.371,"osmWayIds":["1436362831","1436362832","247027596","247027597","252475686","593690303"],"u":"2539721942","v":"5400320732","key":0,"oneway":false,"source":"OpenStreetMap"},"geometry":{"type":"LineString","coordinates":[[120.323949,-3.8289549],[120.3245345,-3.8289464],[120.3251568,-3.8289705],[120.3253874,-3.8289839],[120.3255001,-3.8289785],[120.3255967,-3.8289304],[120.3257737,-3.8288126],[120.3259856,-3.828636],[120.326073,-3.8286094],[120.3261868,-3.8286092],[120.3264228,-3.8286601],[120.3266965,-3.8287592],[120.3270292,-3.8289934],[120.3272972,-3.8291204],[120.3276211,-3.8292216],[120.3282648,-3.8294705],[120.328458,-3.8295642],[120.3286457,-3.8297194],[120.3288317,-3.8299649],[120.3291895,-3.8304612],[120.3292968,-3.8305575],[120.3294242,-3.8306003],[120.3296093,-3.8305789],[120.3304408,-3.8302149],[120.3308404,-3.8300865],[120.3310952,-3.8300624],[120.3326161,-3.8300423],[120.3326832,-3.830045],[120.3327809,-3.8300624],[120.3328803,-3.8301092],[120.3335012,-3.8305013],[120.3337291,-3.8306056],[120.3343273,-3.8307957],[120.3347444,-3.8309442],[120.3353881,-3.8312399],[120.3355632,-3.8313563],[120.3361511,-3.8318679],[120.3363172,-3.8320429],[120.3365146,-3.8322179],[120.3366717,-3.8323346],[120.3369589,-3.8324962],[120.337879,-3.8328552],[120.338422,-3.8330976],[120.3390101,-3.8333378],[120.3393966,-3.8334786],[120.3399278,-3.8336779],[120.340911,-3.8339154],[120.3424772,-3.8343429],[120.3425971,-3.8341304],[120.3427405,-3.8338277],[120.3428776,-3.8334772],[120.3430367,-3.8329984],[120.3430997,-3.8328151],[120.3433873,-3.8322886],[120.3436513,-3.8316665],[120.344316,-3.8301412],[120.3446235,-3.8296131],[120.3447466,-3.8293125],[120.3449173,-3.8288955],[120.3449618,-3.8287867],[120.3449893,-3.8287512],[120.3450228,-3.8287379],[120.345275,-3.8286366],[120.3458945,-3.8283512],[120.3459395,-3.8283244],[120.345967,-3.8282802],[120.3459796,-3.8282372],[120.3460065,-3.8280622],[120.3459756,-3.8274467],[120.3459965,-3.8273949],[120.3460543,-3.8273666],[120.3464808,-3.8273017],[120.3469211,-3.8272705],[120.3474878,-3.8271749],[120.3475354,-3.8271636],[120.3475676,-3.8271489],[120.3475964,-3.8271154],[120.3476252,-3.8270411],[120.3476491,-3.8269178],[120.3477792,-3.8262895],[120.34786,-3.8260022],[120.3482594,-3.825172],[120.3483626,-3.8250418],[120.3486005,-3.8247995],[120.3488563,-3.8245706],[120.3489775,-3.8244405],[120.349157,-3.8241936],[120.3492647,-3.8239782],[120.3493455,-3.8237538],[120.3493769,-3.8236237],[120.3494364,-3.8232958],[120.3495115,-3.8228383],[120.3497135,-3.8220798],[120.3497494,-3.8219901],[120.3497718,-3.8219587],[120.3498033,-3.8219497],[120.3498515,-3.8219489],[120.3504495,-3.8220484],[120.3505797,-3.8220484],[120.3506649,-3.8220305],[120.3507592,-3.8219631],[120.3509207,-3.8216804],[120.3510195,-3.8213528],[120.3511406,-3.8211015],[120.3511586,-3.8210342],[120.3511586,-3.8208008],[120.351199,-3.8204283],[120.3515176,-3.8195666],[120.3516105,-3.8194542],[120.3518228,-3.8192525],[120.3523703,-3.8188396],[120.3529896,-3.8183235],[120.3529016,-3.8181498],[120.352848,-3.8180586],[120.3526755,-3.8178702],[120.3518901,-3.8171746],[120.3515024,-3.8168641],[120.3514326,-3.8167737],[120.3514144,-3.8167168],[120.3514045,-3.8166326],[120.3514152,-3.8165556],[120.351446,-3.8164994],[120.3516343,-3.816295],[120.3520292,-3.8159718],[120.3520696,-3.815918],[120.3520921,-3.8158327],[120.3521369,-3.8151057],[120.3520831,-3.814814],[120.3519485,-3.8143248],[120.351944,-3.8141856],[120.3519754,-3.8136651],[120.3520023,-3.8134676],[120.3521459,-3.8129605],[120.3521818,-3.8127585],[120.3521998,-3.8125341],[120.3522132,-3.8119058],[120.3521549,-3.8113897],[120.3521684,-3.8109993],[120.3522267,-3.8107569],[120.3523793,-3.8102857],[120.3525229,-3.8099715],[120.352662,-3.8097471],[120.3531377,-3.8091951],[120.353407,-3.8089797],[120.3536667,-3.8087309],[120.3539456,-3.8084995],[120.3542103,-3.8082527],[120.3542911,-3.8081494],[120.3543495,-3.8080148],[120.3544258,-3.8076603],[120.3544617,-3.8074179],[120.3545065,-3.8069063],[120.3544863,-3.8067752],[120.3544347,-3.8066505],[120.3542238,-3.8062331],[120.35417,-3.8060177],[120.3541973,-3.805429],[120.3546131,-3.8047298],[120.3546493,-3.8046167],[120.3547534,-3.8039712],[120.3548431,-3.803684],[120.3550451,-3.8032936],[120.3553727,-3.8025396],[120.3554714,-3.802368],[120.3555565,-3.8022783],[120.3556015,-3.8022442],[120.3557587,-3.8020729],[120.3560235,-3.8016914],[120.3561222,-3.8014266],[120.3561536,-3.8012471],[120.356176,-3.8009554],[120.3562119,-3.8008252],[120.3562972,-3.8006996],[120.3564184,-3.8005919],[120.3572397,-3.8000937],[120.3573429,-3.8000488],[120.3575058,-3.8000202],[120.3577468,-3.799977],[120.3578814,-3.799968],[120.3581417,-3.8000129],[120.3585367,-3.8001296],[120.3586623,-3.8001386],[120.35877,-3.8001117],[120.3589451,-3.8000354],[120.3591688,-3.7998636],[120.3592466,-3.7996482],[120.3594387,-3.7992814],[120.3595832,-3.7989974],[120.3596637,-3.7988694],[120.3599346,-3.7985174],[120.3600244,-3.7983568],[120.3600553,-3.7982632],[120.3600445,-3.798124],[120.3599721,-3.7979701],[120.3598545,-3.7977778],[120.3598062,-3.7976386],[120.3598385,-3.7974005],[120.3598921,-3.7971275],[120.3599162,-3.797015],[120.3597446,-3.7967889],[120.359479,-3.7964651],[120.3592617,-3.7961546],[120.3591088,-3.7958655],[120.3590418,-3.7956755],[120.3590042,-3.7954668],[120.3590096,-3.7952259],[120.3590257,-3.7948994],[120.3589989,-3.7947656],[120.3589237,-3.7945997],[120.3587333,-3.7941688],[120.358677,-3.7940001],[120.3586659,-3.7939195],[120.3586744,-3.7938209],[120.3587628,-3.7933685],[120.3588402,-3.7929922],[120.3588456,-3.7929105],[120.3588349,-3.7928115],[120.3587222,-3.7924195],[120.358336,-3.7908805],[120.3583199,-3.7907333],[120.3583252,-3.7906477],[120.3583561,-3.7905473],[120.3585554,-3.790085],[120.3586069,-3.7899037],[120.3586605,-3.7897431],[120.3586713,-3.7896306],[120.3586659,-3.789537],[120.3586377,-3.7894366],[120.3585184,-3.7890954],[120.3583682,-3.7885521],[120.3582977,-3.7884203],[120.3582213,-3.788328],[120.3581375,-3.7882497],[120.3577378,-3.787978],[120.3568541,-3.7873718],[120.3566891,-3.7872635],[120.3565043,-3.7872087],[120.3562697,-3.7871629],[120.356037,-3.78713],[120.3558115,-3.7870992],[120.3555967,-3.7870645],[120.3553173,-3.7870458],[120.3551454,-3.7870155],[120.3550147,-3.7869603],[120.3549678,-3.7869289],[120.3549262,-3.7868948],[120.3547405,-3.7867473],[120.3544005,-3.7864524],[120.3537886,-3.7859384],[120.35344,-3.7856237],[120.3530637,-3.7853114],[120.3528054,-3.7851161],[120.3526067,-3.7849547],[120.3524118,-3.7847897],[120.3523275,-3.78469],[120.3522959,-3.7845876],[120.3522876,-3.7845135],[120.3522901,-3.7843465],[120.3522916,-3.7839799],[120.3522744,-3.7834704],[120.3522599,-3.782866],[120.3522589,-3.7823605],[120.3522793,-3.7820078],[120.3522648,-3.7816772],[120.352253,-3.7814451],[120.3522244,-3.7812774],[120.3521449,-3.7810249],[120.3520621,-3.7808244],[120.3518453,-3.7803144],[120.3517647,-3.7801937],[120.3516787,-3.7801149],[120.3514923,-3.7799642],[120.3511667,-3.7797198],[120.3508058,-3.7794193],[120.3505398,-3.7792124],[120.3503438,-3.7790543],[120.3502156,-3.7789587],[120.350113,-3.7789092],[120.3500191,-3.7788791],[120.3497741,-3.778813],[120.3493811,-3.7786939],[120.3487609,-3.7785164],[120.3481556,-3.7783244],[120.3475052,-3.7781156],[120.3467648,-3.7778833],[120.3454748,-3.7774024],[120.3446314,-3.7771208]]}},{"type":"Feature","properties":{"segmentId":"osm-gaul2-18188-2539721942-5400320732-1","regionId":"gaul2-18188","province":"Sulawesi Selatan","region":"Wajo","roadName":"Jembatan Sungai Labulolabawang","highway":"trunk","lengthMeters":6573.161,"osmWayIds":["587962441","587967926","587967927","587967928","587967929"],"u":"2539721942","v":"5400320732","key":1,"oneway":false,"source":"OpenStreetMap"},"geometry":{"type":"LineString","coordinates":[[120.323949,-3.8289549],[120.3239422,-3.828287],[120.323914,-3.8268053],[120.3239131,-3.8266437],[120.3239071,-3.8256214],[120.3239006,-3.8243731],[120.3238911,-3.8241933],[120.3238829,-3.8238113],[120.3238699,-3.8234409],[120.3238618,-3.8227997],[120.3238845,-3.8225186],[120.3239229,-3.8222557],[120.3239769,-3.8220781],[120.324075,-3.8217412],[120.3241687,-3.8214733],[120.3242445,-3.8212512],[120.3243685,-3.8209665],[120.3244364,-3.8208165],[120.3249277,-3.8197163],[120.325828,-3.8176208],[120.3258625,-3.81755],[120.3260763,-3.8170667],[120.3267859,-3.8154187],[120.327455,-3.8139333],[120.3279776,-3.8126804],[120.3280487,-3.8124575],[120.3280755,-3.8122441],[120.3281366,-3.8114039],[120.3281843,-3.8102561],[120.3282188,-3.8100255],[120.3282515,-3.8098711],[120.3283459,-3.8095713],[120.3286055,-3.8089093],[120.3287986,-3.8084527],[120.3288228,-3.8083963],[120.329123,-3.8076389],[120.3291706,-3.807521],[120.3292488,-3.8073597],[120.329385,-3.8071735],[120.3296303,-3.806535],[120.3299287,-3.8059509],[120.3303578,-3.805073],[120.3305939,-3.8046033],[120.3308728,-3.8040293],[120.3312506,-3.8032922],[120.3314053,-3.8028738],[120.3315913,-3.8025506],[120.3316779,-3.8022986],[120.3319121,-3.8015962],[120.3319591,-3.8014828],[120.332022,-3.8013716],[120.3322029,-3.8011314],[120.3323815,-3.8009101],[120.3324808,-3.8007615],[120.332519,-3.8006373],[120.332517,-3.8005662],[120.3325142,-3.8004926],[120.3324773,-3.8003798],[120.3324205,-3.8002759],[120.3322843,-3.8001445],[120.3320723,-3.8000112],[120.3315192,-3.7997995],[120.3313114,-3.7996857],[120.3312,-3.799576],[120.3311311,-3.7994369],[120.3311169,-3.7993244],[120.3311511,-3.7991437],[120.3313499,-3.7987842],[120.3314727,-3.7985944],[120.3320449,-3.7975232],[120.3321912,-3.7972623],[120.3323145,-3.797107],[120.3324715,-3.7969332],[120.3326721,-3.7967144],[120.3330706,-3.7963671],[120.3332663,-3.7962248],[120.3337569,-3.795912],[120.3342751,-3.7956166],[120.3348445,-3.7952336],[120.3352636,-3.7949057],[120.3356042,-3.7945926],[120.3358993,-3.7942554],[120.3363874,-3.793755],[120.3369179,-3.7932251],[120.3373772,-3.7926576],[120.3379495,-3.7918661],[120.338159,-3.7914921],[120.3384245,-3.7911173],[120.3387035,-3.7907119],[120.3389798,-3.7902476],[120.3390489,-3.7900845],[120.3390839,-3.7900017],[120.3391771,-3.7898274],[120.3392736,-3.789632],[120.3394023,-3.7894219],[120.3395699,-3.7892372],[120.3397295,-3.7890793],[120.3399581,-3.7888806],[120.3401256,-3.7886952],[120.3401495,-3.7886798],[120.3405261,-3.7882055],[120.3407796,-3.7878482],[120.3413231,-3.7870308],[120.3414392,-3.7868232],[120.3415247,-3.7866173],[120.3415525,-3.786527],[120.3416177,-3.7862677],[120.3416553,-3.7860336],[120.3417169,-3.7851264],[120.3417217,-3.7848688],[120.3417356,-3.7846574],[120.3417599,-3.7838069],[120.341774,-3.7834148],[120.3417948,-3.7832395],[120.3418256,-3.783091],[120.3418511,-3.7829665],[120.3419566,-3.7826634],[120.3420035,-3.7825664],[120.34213,-3.7823215],[120.3423431,-3.7819059],[120.3423636,-3.7818676],[120.3425324,-3.7815455],[120.3426883,-3.7812939],[120.3430072,-3.7809302],[120.3433049,-3.7806301],[120.3434308,-3.7804766],[120.3434891,-3.7803758],[120.3436052,-3.7801269],[120.3436838,-3.779892],[120.3439003,-3.7791072],[120.3441846,-3.7783177],[120.3443671,-3.7778484],[120.3445735,-3.77729],[120.3446314,-3.7771208]]}},{"type":"Feature","properties":{"segmentId":"osm-gaul2-18188-2540487189-2125211434-0","regionId":"gaul2-18188","province":"Sulawesi Selatan","region":"Wajo","roadName":"Jalan Poros Solo -Peneki - Kulampu","highway":"primary","lengthMeters":8020.516,"osmWayIds":["1431885865","562361304","745174853","745174854","777891743"],"u":"2540487189","v":"2125211434","key":0,"oneway":false,"source":"OpenStreetMap"},"geometry":{"type":"LineString","coordinates":[[120.2964971,-4.0857008],[120.2965648,-4.0862338],[120.296589,-4.0863783],[120.2966158,-4.0865227],[120.2966534,-4.0866726],[120.2966802,-4.0867555],[120.2967124,-4.0868384],[120.2967472,-4.0869214],[120.296954,-4.0872624],[120.2971013,-4.0875822],[120.2971952,-4.0877667],[120.2972703,-4.0879353],[120.2973319,-4.0881333],[120.2973883,-4.0883567],[120.297399,-4.0885373],[120.297399,-4.0888209],[120.2973963,-4.0890189],[120.2973937,-4.089265],[120.2973863,-4.0894837],[120.2973794,-4.0897461],[120.2973459,-4.0899593],[120.2973169,-4.090086],[120.2972633,-4.090212],[120.2971874,-4.0904281],[120.2970984,-4.0906842],[120.2970225,-4.0909228],[120.2969759,-4.0912108],[120.2969584,-4.0914814],[120.2969504,-4.0916531],[120.2969545,-4.0917655],[120.2969562,-4.0921382],[120.296941,-4.0926768],[120.2969492,-4.0930323],[120.2969324,-4.0932569],[120.2969163,-4.0935199],[120.2969163,-4.0937043],[120.2968719,-4.0941199],[120.2967853,-4.0945973],[120.296701,-4.0950616],[120.296624,-4.0954228],[120.2965732,-4.0958054],[120.2964857,-4.0962753],[120.2963583,-4.0966935],[120.2962286,-4.0969965],[120.2960384,-4.0973262],[120.2957042,-4.0978411],[120.2954562,-4.0982513],[120.2952141,-4.098743],[120.294486,-4.1004227],[120.2942245,-4.1010273],[120.2941588,-4.1011731],[120.2940689,-4.1013135],[120.2936982,-4.1017608],[120.2932107,-4.10233],[120.2928787,-4.1027326],[120.2925384,-4.1031023],[120.2922325,-4.1033505],[120.2918823,-4.1035581],[120.2916255,-4.1037485],[120.2915276,-4.1038256],[120.2913552,-4.1040288],[120.2912056,-4.1042618],[120.2911262,-4.1044767],[120.2910621,-4.1047922],[120.2910315,-4.1053165],[120.2910305,-4.1057695],[120.2910443,-4.1063029],[120.2910439,-4.1066747],[120.2910344,-4.1071808],[120.2910595,-4.1076245],[120.2911051,-4.1079604],[120.2911783,-4.108245],[120.2912621,-4.1085022],[120.2912807,-4.108652],[120.291274,-4.1087804],[120.2912338,-4.1089248],[120.2911721,-4.1090332],[120.2910618,-4.1091627],[120.2908635,-4.1093256],[120.2906272,-4.1094798],[120.2903414,-4.1097009],[120.2900292,-4.1099566],[120.2897948,-4.1101475],[120.2895775,-4.1103267],[120.2893978,-4.110526],[120.2892624,-4.1107213],[120.2891511,-4.1109126],[120.2889937,-4.1112453],[120.2888529,-4.1116185],[120.2886855,-4.1120602],[120.288561,-4.1124048],[120.288439,-4.1127559],[120.28832,-4.1131044],[120.2882253,-4.1134119],[120.2881158,-4.1137095],[120.2879975,-4.1140322],[120.287962,-4.1141291],[120.2878041,-4.1145516],[120.2876054,-4.1150612],[120.2874842,-4.1154073],[120.2873233,-4.1158964],[120.2871667,-4.1163065],[120.2869258,-4.1169475],[120.2868463,-4.1172037],[120.2868363,-4.1172358],[120.2867916,-4.1173606],[120.2865932,-4.1179171],[120.2864434,-4.118362],[120.2862133,-4.1189619],[120.2860102,-4.1194744],[120.285711,-4.1203313],[120.2854499,-4.121032],[120.2852436,-4.1216239],[120.2850332,-4.1221812],[120.2848362,-4.1227289],[120.2846554,-4.1232135],[120.2843705,-4.1239871],[120.284142,-4.1246489],[120.283965,-4.1252468],[120.2838014,-4.1257658],[120.2836244,-4.1262647],[120.2833991,-4.1269322],[120.2832891,-4.1272639],[120.2831335,-4.1276973],[120.2830251,-4.1280002],[120.2829444,-4.1282591],[120.2828962,-4.1284049],[120.2828439,-4.1285467],[120.2827768,-4.1287621],[120.2826279,-4.1291901],[120.2825636,-4.1293667],[120.2825233,-4.1294737],[120.2824804,-4.1295981],[120.2824281,-4.1297586],[120.2823852,-4.1299044],[120.2823409,-4.1300489],[120.2822672,-4.1303003],[120.2821639,-4.1306963],[120.2820687,-4.1310253],[120.281999,-4.1312728],[120.2818944,-4.1315992],[120.2817187,-4.1321021],[120.2816235,-4.1323522],[120.2815524,-4.1325248],[120.2814558,-4.1327321],[120.2809744,-4.1337086],[120.2805814,-4.1344403],[120.2803628,-4.1348148],[120.2802461,-4.1350128],[120.2801241,-4.1352054],[120.280058,-4.1353019],[120.2800114,-4.1353699],[120.2798733,-4.1355558],[120.2796775,-4.1358354],[120.279361,-4.1362862],[120.2791833,-4.1365443],[120.2789379,-4.1368747],[120.2786274,-4.1373094],[120.2784497,-4.1375709],[120.2781681,-4.1379816],[120.2779676,-4.1382672],[120.2778583,-4.138427],[120.2777544,-4.1385761],[120.2775921,-4.138829],[120.2773621,-4.139166],[120.2771455,-4.1394784],[120.2768109,-4.1399512],[120.2765782,-4.1402836],[120.2762832,-4.1407277],[120.2758983,-4.1412888],[120.2756669,-4.1416326],[120.2754061,-4.1419991],[120.2751788,-4.1423035],[120.2750292,-4.1425154],[120.2748797,-4.1427154],[120.274533,-4.1431655],[120.2742387,-4.143536],[120.2739932,-4.1438543],[120.2738819,-4.1439941],[120.2737988,-4.1440991],[120.2737498,-4.144168],[120.2737163,-4.1442188],[120.2736834,-4.144277],[120.2736506,-4.1443459],[120.273546,-4.1446328],[120.2734058,-4.1451016],[120.2733073,-4.14543],[120.273263,-4.1455524],[120.2732328,-4.1456387],[120.2732161,-4.1456888],[120.2732006,-4.1457383],[120.2731886,-4.1457878],[120.2731732,-4.1458366],[120.2731524,-4.1458942],[120.2731302,-4.1459497],[120.2731001,-4.1460092],[120.2730471,-4.1461088],[120.2729002,-4.1463563],[120.2728318,-4.1464727],[120.2728043,-4.1465133],[120.2727064,-4.1466579],[120.2726153,-4.1468352],[120.2725093,-4.1470084],[120.2723893,-4.1472324],[120.2723665,-4.1472799],[120.272347,-4.1473261],[120.2723262,-4.1473802],[120.2723108,-4.1474224],[120.2723028,-4.1474538],[120.2723175,-4.1480189],[120.2723296,-4.1484791],[120.2722867,-4.1488823],[120.2726849,-4.1490502],[120.2727553,-4.1490856],[120.2728164,-4.1491191],[120.272866,-4.1491445],[120.272917,-4.1491806],[120.2729706,-4.1492247],[120.2730014,-4.1492609],[120.2730276,-4.149301],[120.2730511,-4.1493471],[120.2730786,-4.1494093],[120.2731463,-4.1496501],[120.273259,-4.1499604],[120.2733582,-4.1503189]]}},{"type":"Feature","properties":{"segmentId":"osm-gaul2-18188-2540487189-2134966842-0","regionId":"gaul2-18188","province":"Sulawesi Selatan","region":"Wajo","roadName":"Jalan Poros Solo -Peneki - Kulampu","highway":"primary","lengthMeters":16.361,"osmWayIds":["203480536"],"u":"2540487189","v":"2134966842","key":0,"oneway":false,"source":"OpenStreetMap"},"geometry":{"type":"LineString","coordinates":[[120.2964971,-4.0857008],[120.2965288,-4.0855571]]}},{"type":"Feature","properties":{"segmentId":"osm-gaul2-18188-2540487189-5710852974-0","regionId":"gaul2-18188","province":"Sulawesi Selatan","region":"Wajo","roadName":"Jalan Poros Atapangnge - Doping","highway":"primary","lengthMeters":16.643,"osmWayIds":["247113228"],"u":"2540487189","v":"5710852974","key":0,"oneway":false,"source":"OpenStreetMap"},"geometry":{"type":"LineString","coordinates":[[120.2964971,-4.0857008],[120.2963987,-4.0855878]]}},{"type":"Feature","properties":{"segmentId":"osm-gaul2-18188-2557315365-2564596722-0","regionId":"gaul2-18188","province":"Sulawesi Selatan","region":"Wajo","roadName":"Unnamed OSM road","highway":"tertiary","lengthMeters":4163.109,"osmWayIds":["1152318020","247191917"],"u":"2557315365","v":"2564596722","key":0,"oneway":false,"source":"OpenStreetMap"},"geometry":{"type":"LineString","coordinates":[[120.3068672,-4.2498916],[120.3070174,-4.2497739],[120.307173,-4.2496348],[120.3072803,-4.2495118],[120.3073464,-4.2494348],[120.3073671,-4.2494107],[120.307409,-4.249362],[120.3074841,-4.249255],[120.3075364,-4.2491681],[120.3076008,-4.2490812],[120.3077255,-4.2489421],[120.3078073,-4.2488311],[120.3078342,-4.2487992],[120.3078864,-4.2487374],[120.3079977,-4.2485916],[120.3080729,-4.248502],[120.3081266,-4.2484338],[120.3082097,-4.2483174],[120.3082494,-4.2482466],[120.3082673,-4.2482145],[120.3083196,-4.2481142],[120.30838,-4.2479978],[120.308443,-4.2478681],[120.3085114,-4.2477625],[120.3085396,-4.2476902],[120.3085771,-4.247618],[120.3086187,-4.2475498],[120.3086589,-4.2474949],[120.3087072,-4.2474335],[120.3087649,-4.2473479],[120.3088001,-4.2473026],[120.3088266,-4.2472702],[120.3089111,-4.2471726],[120.3089808,-4.2471003],[120.3090573,-4.2470081],[120.3090975,-4.2469412],[120.309139,-4.2468837],[120.3091632,-4.2468182],[120.3092101,-4.2467406],[120.3092329,-4.2466483],[120.3092738,-4.2465521],[120.3093006,-4.2464664],[120.309312,-4.2463902],[120.3093154,-4.2463173],[120.3093328,-4.2462513],[120.309363,-4.2461589],[120.3093637,-4.2461201],[120.3093939,-4.2460466],[120.3094295,-4.2459657],[120.3094583,-4.2458981],[120.3095065,-4.2458378],[120.3095514,-4.245771],[120.309585,-4.2457175],[120.3096326,-4.2456874],[120.3096903,-4.2456887],[120.3097526,-4.2456981],[120.3098056,-4.2457175],[120.3098324,-4.2457282],[120.3098995,-4.245771],[120.3099638,-4.2458191],[120.3100684,-4.2458833],[120.3101757,-4.2459569],[120.3102656,-4.2460218],[120.3104069,-4.2461111],[120.3105022,-4.2461405],[120.310539,-4.2461305],[120.3106155,-4.2460168],[120.3107019,-4.2458924],[120.3108646,-4.2456957],[120.3109816,-4.2455788],[120.3111227,-4.2454293],[120.311231,-4.2453367],[120.3113272,-4.2452332],[120.3114134,-4.2451254],[120.311624,-4.2449622],[120.3119172,-4.2447294],[120.3119793,-4.2446801],[120.3122502,-4.2442989],[120.3124386,-4.2440578],[120.3125453,-4.243919],[120.31271,-4.2437189],[120.3127827,-4.2435941],[120.312848,-4.243494],[120.3128578,-4.243479],[120.3129625,-4.2432798],[120.3131455,-4.2430048],[120.3133294,-4.2427661],[120.3134842,-4.2425346],[120.3135645,-4.2424546],[120.3136343,-4.2424024],[120.313721,-4.2423895],[120.3138214,-4.2424141],[120.3139481,-4.2424612],[120.3140983,-4.2424917],[120.3142116,-4.2425187],[120.3142555,-4.2425102],[120.3143155,-4.2424987],[120.314451,-4.2424103],[120.3146026,-4.2423115],[120.3147577,-4.2422141],[120.314958,-4.2421082],[120.3151859,-4.2419905],[120.3153657,-4.2419169],[120.3155848,-4.2418579],[120.3157653,-4.2418153],[120.315873,-4.2417511],[120.3160548,-4.2415948],[120.3162231,-4.2414373],[120.3164286,-4.2411858],[120.3167123,-4.2408734],[120.3170433,-4.2404228],[120.3172779,-4.2400724],[120.3174509,-4.2398284],[120.3175718,-4.2396859],[120.3178923,-4.2393571],[120.3180205,-4.2392415],[120.3180425,-4.2391429],[120.3180545,-4.2390668],[120.3180478,-4.2389184],[120.3179949,-4.2386821],[120.3179838,-4.2383661],[120.317976,-4.2381061],[120.3179513,-4.2380236],[120.3179164,-4.2379728],[120.3178476,-4.2379247],[120.3176637,-4.23782],[120.3174782,-4.2376992],[120.3173703,-4.2376349],[120.3171427,-4.2375234],[120.3170053,-4.2374323],[120.3168728,-4.2372472],[120.3166792,-4.2368857],[120.3165606,-4.2366541],[120.3165579,-4.23661],[120.3165713,-4.2365618],[120.3166236,-4.2364949],[120.3166732,-4.2364227],[120.3167074,-4.2363517],[120.3167327,-4.2362773],[120.316722,-4.2361703],[120.3166951,-4.2361061],[120.3166308,-4.2360419],[120.3165485,-4.2359386],[120.3164922,-4.235845],[120.3163894,-4.2356996],[120.3163089,-4.2355712],[120.3162445,-4.2354482],[120.3161855,-4.2353037],[120.3161319,-4.2352181],[120.3160568,-4.2351004],[120.3160139,-4.2349988],[120.3160085,-4.2349399],[120.3160407,-4.2348222],[120.3160782,-4.2347152],[120.3160836,-4.234635],[120.3160621,-4.2345548],[120.3160353,-4.2344799],[120.3159548,-4.2343889],[120.3158744,-4.2342873],[120.3157993,-4.234207],[120.315692,-4.2341214],[120.3156144,-4.2340407],[120.3155286,-4.2339598],[120.315485,-4.2339197],[120.3154535,-4.2339063],[120.3153271,-4.2338753],[120.3152288,-4.2338528],[120.3150911,-4.2338272],[120.3149758,-4.2337843],[120.314907,-4.2337539],[120.3147923,-4.233691],[120.3146924,-4.2336388],[120.3146298,-4.2336158],[120.3145449,-4.2335994],[120.3143643,-4.2335463],[120.3142409,-4.2335035],[120.3140795,-4.2334422],[120.3138944,-4.2333747],[120.3137784,-4.2333406],[120.3136132,-4.2332735],[120.3134899,-4.2332146],[120.3133558,-4.2331558],[120.3132212,-4.2330871],[120.3131092,-4.2330256],[120.3129856,-4.2329471],[120.3128515,-4.2328776],[120.3127657,-4.2328294],[120.3126553,-4.2327775],[120.3124894,-4.2327037],[120.3123928,-4.2326716],[120.3122855,-4.2326395],[120.3121299,-4.2325913],[120.3120254,-4.2325512],[120.3119321,-4.2325013],[120.311809,-4.2324402],[120.3117346,-4.2324047],[120.3116712,-4.2323763],[120.311565,-4.2323432],[120.3115049,-4.2323218],[120.3114298,-4.2322974],[120.3113383,-4.2322516],[120.3112612,-4.2322088],[120.3111529,-4.2321402],[120.3110138,-4.2320459],[120.3109531,-4.2319951],[120.3109041,-4.2319406],[120.310824,-4.2318671],[120.3107513,-4.2318184],[120.3106513,-4.2317647],[120.3106087,-4.2317464],[120.3105809,-4.2317383],[120.3105457,-4.231729],[120.310477,-4.2317109],[120.310392,-4.2317006],[120.3102632,-4.2316819],[120.3101666,-4.2316579],[120.3101156,-4.2316414],[120.3100593,-4.2316204],[120.3100103,-4.2315962],[120.3099413,-4.2315562],[120.3098286,-4.231476],[120.3095926,-4.2313181],[120.3094531,-4.2312485],[120.3093169,-4.2311763],[120.3091527,-4.2310934],[120.3090316,-4.2310318],[120.3088898,-4.230965],[120.3086615,-4.2308586],[120.3084982,-4.2307885],[120.3084205,-4.2307538],[120.3083198,-4.2307072],[120.3081737,-4.2306414],[120.3080182,-4.2305826],[120.3079554,-4.2305607],[120.3078555,-4.2305172],[120.3077247,-4.230454],[120.3076319,-4.2304007],[120.3075312,-4.2303374],[120.3073878,-4.2302374],[120.3072537,-4.2301572],[120.3071089,-4.2300823],[120.3069479,-4.230002],[120.3067816,-4.2299218],[120.3065945,-4.2298224],[120.3063494,-4.2296807],[120.306158,-4.2295713],[120.3059984,-4.229464],[120.3058911,-4.2293975],[120.3057684,-4.2293182],[120.3056614,-4.2292557],[120.3055484,-4.2291781],[120.305536,-4.2291671],[120.3055216,-4.2291514],[120.3055136,-4.229139],[120.3055079,-4.2291246],[120.3055028,-4.2291086],[120.3055008,-4.2290969],[120.3055032,-4.2290815],[120.3055142,-4.2290591],[120.3055417,-4.2290159],[120.3055944,-4.2289431],[120.3056416,-4.2288886],[120.3057073,-4.2288053],[120.3057291,-4.2287712],[120.3057449,-4.2287368],[120.3057462,-4.228719],[120.3057432,-4.2287016],[120.3057389,-4.2286879],[120.3057335,-4.2286736],[120.3057194,-4.2286498],[120.3056835,-4.228608],[120.3056034,-4.2285331],[120.3055049,-4.2284506],[120.3054083,-4.2283703],[120.3052957,-4.2282847],[120.3052152,-4.2282312],[120.3051186,-4.2281724],[120.305006,-4.2281135],[120.3048802,-4.2280543],[120.304727,-4.2279745],[120.3046305,-4.2279156],[120.3045232,-4.2278568],[120.3044363,-4.2278025],[120.3043428,-4.2277313],[120.3043126,-4.2277039],[120.3042764,-4.2276642],[120.3042228,-4.2275786],[120.3041932,-4.22753],[120.3041654,-4.2274892],[120.3041209,-4.2274448],[120.3040652,-4.227399],[120.3040182,-4.2273742],[120.3039642,-4.2273505],[120.3038473,-4.2273004],[120.3037624,-4.2272542],[120.3037039,-4.2272325]]}},{"type":"Feature","properties":{"segmentId":"osm-gaul2-18188-2564596722-2557315365-0","regionId":"gaul2-18188","province":"Sulawesi Selatan","region":"Wajo","roadName":"Unnamed OSM road","highway":"tertiary","lengthMeters":4163.109,"osmWayIds":["1152318020","247191917"],"u":"2564596722","v":"2557315365","key":0,"oneway":false,"source":"OpenStreetMap"},"geometry":{"type":"LineString","coordinates":[[120.3037039,-4.2272325],[120.3037624,-4.2272542],[120.3038473,-4.2273004],[120.3039642,-4.2273505],[120.3040182,-4.2273742],[120.3040652,-4.227399],[120.3041209,-4.2274448],[120.3041654,-4.2274892],[120.3041932,-4.22753],[120.3042228,-4.2275786],[120.3042764,-4.2276642],[120.3043126,-4.2277039],[120.3043428,-4.2277313],[120.3044363,-4.2278025],[120.3045232,-4.2278568],[120.3046305,-4.2279156],[120.304727,-4.2279745],[120.3048802,-4.2280543],[120.305006,-4.2281135],[120.3051186,-4.2281724],[120.3052152,-4.2282312],[120.3052957,-4.2282847],[120.3054083,-4.2283703],[120.3055049,-4.2284506],[120.3056034,-4.2285331],[120.3056835,-4.228608],[120.3057194,-4.2286498],[120.3057335,-4.2286736],[120.3057389,-4.2286879],[120.3057432,-4.2287016],[120.3057462,-4.228719],[120.3057449,-4.2287368],[120.3057291,-4.2287712],[120.3057073,-4.2288053],[120.3056416,-4.2288886],[120.3055944,-4.2289431],[120.3055417,-4.2290159],[120.3055142,-4.2290591],[120.3055032,-4.2290815],[120.3055008,-4.2290969],[120.3055028,-4.2291086],[120.3055079,-4.2291246],[120.3055136,-4.229139],[120.3055216,-4.2291514],[120.305536,-4.2291671],[120.3055484,-4.2291781],[120.3056614,-4.2292557],[120.3057684,-4.2293182],[120.3058911,-4.2293975],[120.3059984,-4.229464],[120.306158,-4.2295713],[120.3063494,-4.2296807],[120.3065945,-4.2298224],[120.3067816,-4.2299218],[120.3069479,-4.230002],[120.3071089,-4.2300823],[120.3072537,-4.2301572],[120.3073878,-4.2302374],[120.3075312,-4.2303374],[120.3076319,-4.2304007],[120.3077247,-4.230454],[120.3078555,-4.2305172],[120.3079554,-4.2305607],[120.3080182,-4.2305826],[120.3081737,-4.2306414],[120.3083198,-4.2307072],[120.3084205,-4.2307538],[120.3084982,-4.2307885],[120.3086615,-4.2308586],[120.3088898,-4.230965],[120.3090316,-4.2310318],[120.3091527,-4.2310934],[120.3093169,-4.2311763],[120.3094531,-4.2312485],[120.3095926,-4.2313181],[120.3098286,-4.231476],[120.3099413,-4.2315562],[120.3100103,-4.2315962],[120.3100593,-4.2316204],[120.3101156,-4.2316414],[120.3101666,-4.2316579],[120.3102632,-4.2316819],[120.310392,-4.2317006],[120.310477,-4.2317109],[120.3105457,-4.231729],[120.3105809,-4.2317383],[120.3106087,-4.2317464],[120.3106513,-4.2317647],[120.3107513,-4.2318184],[120.310824,-4.2318671],[120.3109041,-4.2319406],[120.3109531,-4.2319951],[120.3110138,-4.2320459],[120.3111529,-4.2321402],[120.3112612,-4.2322088],[120.3113383,-4.2322516],[120.3114298,-4.2322974],[120.3115049,-4.2323218],[120.311565,-4.2323432],[120.3116712,-4.2323763],[120.3117346,-4.2324047],[120.311809,-4.2324402],[120.3119321,-4.2325013],[120.3120254,-4.2325512],[120.3121299,-4.2325913],[120.3122855,-4.2326395],[120.3123928,-4.2326716],[120.3124894,-4.2327037],[120.3126553,-4.2327775],[120.3127657,-4.2328294],[120.3128515,-4.2328776],[120.3129856,-4.2329471],[120.3131092,-4.2330256],[120.3132212,-4.2330871],[120.3133558,-4.2331558],[120.3134899,-4.2332146],[120.3136132,-4.2332735],[120.3137784,-4.2333406],[120.3138944,-4.2333747],[120.3140795,-4.2334422],[120.3142409,-4.2335035],[120.3143643,-4.2335463],[120.3145449,-4.2335994],[120.3146298,-4.2336158],[120.3146924,-4.2336388],[120.3147923,-4.233691],[120.314907,-4.2337539],[120.3149758,-4.2337843],[120.3150911,-4.2338272],[120.3152288,-4.2338528],[120.3153271,-4.2338753],[120.3154535,-4.2339063],[120.315485,-4.2339197],[120.3155286,-4.2339598],[120.3156144,-4.2340407],[120.315692,-4.2341214],[120.3157993,-4.234207],[120.3158744,-4.2342873],[120.3159548,-4.2343889],[120.3160353,-4.2344799],[120.3160621,-4.2345548],[120.3160836,-4.234635],[120.3160782,-4.2347152],[120.3160407,-4.2348222],[120.3160085,-4.2349399],[120.3160139,-4.2349988],[120.3160568,-4.2351004],[120.3161319,-4.2352181],[120.3161855,-4.2353037],[120.3162445,-4.2354482],[120.3163089,-4.2355712],[120.3163894,-4.2356996],[120.3164922,-4.235845],[120.3165485,-4.2359386],[120.3166308,-4.2360419],[120.3166951,-4.2361061],[120.316722,-4.2361703],[120.3167327,-4.2362773],[120.3167074,-4.2363517],[120.3166732,-4.2364227],[120.3166236,-4.2364949],[120.3165713,-4.2365618],[120.3165579,-4.23661],[120.3165606,-4.2366541],[120.3166792,-4.2368857],[120.3168728,-4.2372472],[120.3170053,-4.2374323],[120.3171427,-4.2375234],[120.3173703,-4.2376349],[120.3174782,-4.2376992],[120.3176637,-4.23782],[120.3178476,-4.2379247],[120.3179164,-4.2379728],[120.3179513,-4.2380236],[120.317976,-4.2381061],[120.3179838,-4.2383661],[120.3179949,-4.2386821],[120.3180478,-4.2389184],[120.3180545,-4.2390668],[120.3180425,-4.2391429],[120.3180205,-4.2392415],[120.3178923,-4.2393571],[120.3175718,-4.2396859],[120.3174509,-4.2398284],[120.3172779,-4.2400724],[120.3170433,-4.2404228],[120.3167123,-4.2408734],[120.3164286,-4.2411858],[120.3162231,-4.2414373],[120.3160548,-4.2415948],[120.315873,-4.2417511],[120.3157653,-4.2418153],[120.3155848,-4.2418579],[120.3153657,-4.2419169],[120.3151859,-4.2419905],[120.314958,-4.2421082],[120.3147577,-4.2422141],[120.3146026,-4.2423115],[120.314451,-4.2424103],[120.3143155,-4.2424987],[120.3142555,-4.2425102],[120.3142116,-4.2425187],[120.3140983,-4.2424917],[120.3139481,-4.2424612],[120.3138214,-4.2424141],[120.313721,-4.2423895],[120.3136343,-4.2424024],[120.3135645,-4.2424546],[120.3134842,-4.2425346],[120.3133294,-4.2427661],[120.3131455,-4.2430048],[120.3129625,-4.2432798],[120.3128578,-4.243479],[120.312848,-4.243494],[120.3127827,-4.2435941],[120.31271,-4.2437189],[120.3125453,-4.243919],[120.3124386,-4.2440578],[120.3122502,-4.2442989],[120.3119793,-4.2446801],[120.3119172,-4.2447294],[120.311624,-4.2449622],[120.3114134,-4.2451254],[120.3113272,-4.2452332],[120.311231,-4.2453367],[120.3111227,-4.2454293],[120.3109816,-4.2455788],[120.3108646,-4.2456957],[120.3107019,-4.2458924],[120.3106155,-4.2460168],[120.310539,-4.2461305],[120.3105022,-4.2461405],[120.3104069,-4.2461111],[120.3102656,-4.2460218],[120.3101757,-4.2459569],[120.3100684,-4.2458833],[120.3099638,-4.2458191],[120.3098995,-4.245771],[120.3098324,-4.2457282],[120.3098056,-4.2457175],[120.3097526,-4.2456981],[120.3096903,-4.2456887],[120.3096326,-4.2456874],[120.309585,-4.2457175],[120.3095514,-4.245771],[120.3095065,-4.2458378],[120.3094583,-4.2458981],[120.3094295,-4.2459657],[120.3093939,-4.2460466],[120.3093637,-4.2461201],[120.309363,-4.2461589],[120.3093328,-4.2462513],[120.3093154,-4.2463173],[120.309312,-4.2463902],[120.3093006,-4.2464664],[120.3092738,-4.2465521],[120.3092329,-4.2466483],[120.3092101,-4.2467406],[120.3091632,-4.2468182],[120.309139,-4.2468837],[120.3090975,-4.2469412],[120.3090573,-4.2470081],[120.3089808,-4.2471003],[120.3089111,-4.2471726],[120.3088266,-4.2472702],[120.3088001,-4.2473026],[120.3087649,-4.2473479],[120.3087072,-4.2474335],[120.3086589,-4.2474949],[120.3086187,-4.2475498],[120.3085771,-4.247618],[120.3085396,-4.2476902],[120.3085114,-4.2477625],[120.308443,-4.2478681],[120.30838,-4.2479978],[120.3083196,-4.2481142],[120.3082673,-4.2482145],[120.3082494,-4.2482466],[120.3082097,-4.2483174],[120.3081266,-4.2484338],[120.3080729,-4.248502],[120.3079977,-4.2485916],[120.3078864,-4.2487374],[120.3078342,-4.2487992],[120.3078073,-4.2488311],[120.3077255,-4.2489421],[120.3076008,-4.2490812],[120.3075364,-4.2491681],[120.3074841,-4.249255],[120.307409,-4.249362],[120.3073671,-4.2494107],[120.3073464,-4.2494348],[120.3072803,-4.2495118],[120.307173,-4.2496348],[120.3070174,-4.2497739],[120.3068672,-4.2498916]]}},{"type":"Feature","properties":{"segmentId":"osm-gaul2-18188-2564596722-5391612533-0","regionId":"gaul2-18188","province":"Sulawesi Selatan","region":"Wajo","roadName":"Unnamed OSM road","highway":"tertiary","lengthMeters":2409.993,"osmWayIds":["1359166816"],"u":"2564596722","v":"5391612533","key":0,"oneway":false,"source":"OpenStreetMap"},"geometry":{"type":"LineString","coordinates":[[120.3037039,-4.2272325],[120.3029502,-4.2276602],[120.3027573,-4.2277687],[120.3023442,-4.2279874],[120.3019448,-4.2282167],[120.3017521,-4.2283285],[120.3016549,-4.2284014],[120.3015442,-4.2284575],[120.3013498,-4.2285224],[120.3009774,-4.228621],[120.3007771,-4.2286742],[120.3002229,-4.2288241],[120.3000066,-4.2288628],[120.2994604,-4.2289634],[120.2986407,-4.2291243],[120.2983346,-4.2291864],[120.2981687,-4.2292078],[120.2979843,-4.2292206],[120.2978039,-4.2292286],[120.2972272,-4.2292286],[120.2961928,-4.2292155],[120.2960122,-4.2292005],[120.2958325,-4.2291697],[120.2955367,-4.2291075],[120.2951773,-4.2290099],[120.2945774,-4.228849],[120.2942701,-4.2287631],[120.2941353,-4.2287237],[120.2940077,-4.228676],[120.2938503,-4.228592],[120.2937705,-4.2285398],[120.2937315,-4.2285058],[120.2936854,-4.2284676],[120.2936498,-4.2284368],[120.2930991,-4.2279443],[120.2928753,-4.2277273],[120.2927811,-4.2276193],[120.2926547,-4.2274264],[120.2925514,-4.2272705],[120.2923905,-4.2270897],[120.2922235,-4.2269362],[120.2919978,-4.2267471],[120.2919057,-4.226666],[120.2916674,-4.2264908],[120.2914175,-4.2263236],[120.2910114,-4.2260555],[120.2908161,-4.2259478],[120.290398,-4.2257266],[120.2895197,-4.2252249],[120.2889928,-4.2248952],[120.2888078,-4.2247749],[120.288732,-4.2247033],[120.2886726,-4.2246487],[120.2884589,-4.2244649],[120.2881438,-4.2242279],[120.2879114,-4.2240601],[120.2876764,-4.2238896],[120.287415,-4.2237069],[120.287153,-4.22353],[120.2870167,-4.2234448],[120.2869523,-4.2234113],[120.2868512,-4.2233702],[120.2866108,-4.2232876],[120.2863838,-4.2232131],[120.2861403,-4.2231324],[120.2858683,-4.2230453],[120.2856253,-4.2229626],[120.2855091,-4.2229221],[120.2852888,-4.2228641],[120.2850858,-4.2227949],[120.2848721,-4.2227336],[120.284565,-4.2226298],[120.2844891,-4.2226075],[120.2844097,-4.2225872]]}},{"type":"Feature","properties":{"segmentId":"osm-gaul2-18188-2564596722-5671584031-0","regionId":"gaul2-18188","province":"Sulawesi Selatan","region":"Wajo","roadName":"Unnamed OSM road","highway":"tertiary","lengthMeters":5600.362,"osmWayIds":["1359166816"],"u":"2564596722","v":"5671584031","key":0,"oneway":false,"source":"OpenStreetMap"},"geometry":{"type":"LineString","coordinates":[[120.3037039,-4.2272325],[120.3038469,-4.2271462],[120.303968,-4.2270769],[120.3040762,-4.2270037],[120.3042251,-4.2268934],[120.304437,-4.226648],[120.3046858,-4.2263417],[120.3047895,-4.2262148],[120.3050264,-4.2259719],[120.3052463,-4.2257505],[120.3054912,-4.2254613],[120.3056393,-4.225263],[120.3059618,-4.2247989],[120.3060825,-4.2246465],[120.3062683,-4.2244017],[120.3064347,-4.2241886],[120.3067212,-4.2238848],[120.3068986,-4.2237035],[120.3070749,-4.2235116],[120.3073847,-4.2231532],[120.3077783,-4.2227051],[120.307852,-4.2226251],[120.307999,-4.222449],[120.3082193,-4.2222031],[120.3085944,-4.2217789],[120.3088501,-4.2214984],[120.3091811,-4.2211336],[120.309429,-4.2208693],[120.3096324,-4.2206882],[120.3097551,-4.2205786],[120.309853,-4.220511],[120.3099322,-4.2204615],[120.3100917,-4.2203995],[120.3104793,-4.2203371],[120.3108579,-4.2202892],[120.3114809,-4.2202201],[120.3118231,-4.220172],[120.3119739,-4.2201591],[120.3123756,-4.2201168],[120.312676,-4.2201021],[120.3128799,-4.2200824],[120.3130268,-4.220069],[120.3132032,-4.2200384],[120.3134626,-4.219972],[120.313649,-4.2199219],[120.3137964,-4.2198686],[120.313987,-4.2198022],[120.3143038,-4.219684],[120.3145335,-4.2195989],[120.3149023,-4.2194718],[120.3152758,-4.2193688],[120.315653,-4.219267],[120.3157727,-4.2192384],[120.3158964,-4.219213],[120.3162045,-4.2192003],[120.3164204,-4.2191869],[120.3166008,-4.2191856],[120.3168757,-4.2191963],[120.3170621,-4.2192091],[120.3171587,-4.2192224],[120.3172137,-4.2192364],[120.3172553,-4.2192551],[120.3173592,-4.2193213],[120.3174385,-4.2193854],[120.3176791,-4.2195688],[120.3178306,-4.2196644],[120.3179801,-4.219748],[120.3181793,-4.2198356],[120.3184006,-4.2199282],[120.3184864,-4.219962],[120.3185888,-4.2199944],[120.3186708,-4.2200115],[120.3187332,-4.2200175],[120.3188706,-4.2200141],[120.3189813,-4.2200081],[120.3191127,-4.2199774],[120.3192578,-4.2199257],[120.3197511,-4.2197246],[120.3201574,-4.2194878],[120.3205234,-4.2192568],[120.3212343,-4.2188164],[120.3213242,-4.2187482],[120.3216053,-4.2184765],[120.3220122,-4.2180808],[120.3221248,-4.2180019],[120.3222549,-4.2179364],[120.3223904,-4.2179043],[120.3225929,-4.2178548],[120.3228035,-4.2178195],[120.3229791,-4.2177866],[120.323286,-4.2177001],[120.3235048,-4.2176475],[120.3236652,-4.2176245],[120.3238723,-4.2176154],[120.3241084,-4.2176404],[120.3245053,-4.2177144],[120.3251321,-4.2178789],[120.3260824,-4.2181718],[120.3272814,-4.2185448],[120.3278419,-4.2187228],[120.3281464,-4.2187857],[120.3290582,-4.2189069],[120.3304305,-4.2191346],[120.3308809,-4.219203],[120.331192,-4.2192377],[120.3315327,-4.2192765],[120.3318974,-4.2193033],[120.3322332,-4.2193094],[120.3326753,-4.219314],[120.3332277,-4.2193491],[120.3342093,-4.219451],[120.3350752,-4.2195246],[120.3363365,-4.2196323],[120.3364781,-4.2196633],[120.3366745,-4.2197393],[120.336826,-4.2198097],[120.3380893,-4.2204013],[120.3384367,-4.2205725],[120.3388122,-4.2207798],[120.3396182,-4.2211784],[120.3398703,-4.2213322],[120.340101,-4.2215048],[120.3406669,-4.2219087],[120.340911,-4.2220478],[120.3413147,-4.2222444],[120.3416406,-4.2224249],[120.3417398,-4.2224771],[120.3418914,-4.2225172],[120.3423111,-4.2225814],[120.3436844,-4.2226871],[120.3440639,-4.2226951],[120.3447908,-4.2226951],[120.3450684,-4.222675],[120.3452066,-4.2226443],[120.3454761,-4.2225506],[120.3459106,-4.2223688],[120.3463452,-4.2221374],[120.3465758,-4.2220304],[120.3472878,-4.2217474],[120.3476796,-4.2216051],[120.3482271,-4.221403],[120.3486377,-4.2212846],[120.3488946,-4.221264]]}},{"type":"Feature","properties":{"segmentId":"osm-gaul2-18188-2610558799-2610558803-0","regionId":"gaul2-18188","province":"Sulawesi Selatan","region":"Wajo","roadName":"Jalan Sawerigading","highway":"tertiary","lengthMeters":540.059,"osmWayIds":["202273908"],"u":"2610558799","v":"2610558803","key":0,"oneway":true,"source":"OpenStreetMap"},"geometry":{"type":"LineString","coordinates":[[120.0390669,-4.1435179],[120.0390887,-4.1435761],[120.0390874,-4.1436223],[120.0389848,-4.1441747],[120.0388225,-4.1449599],[120.0387427,-4.145309],[120.0385322,-4.1463964],[120.0383344,-4.1473682],[120.0382686,-4.1477227],[120.038159,-4.1481611],[120.0381213,-4.1482703]]}},{"type":"Feature","properties":{"segmentId":"osm-gaul2-18188-2610558799-5594066359-0","regionId":"gaul2-18188","province":"Sulawesi Selatan","region":"Wajo","roadName":"Jalan Sawerigading","highway":"tertiary","lengthMeters":1026.64,"osmWayIds":["585330011","585360529"],"u":"2610558799","v":"5594066359","key":0,"oneway":false,"source":"OpenStreetMap"},"geometry":{"type":"LineString","coordinates":[[120.0390669,-4.1435179],[120.0391102,-4.1433521],[120.0391551,-4.1432604],[120.0392135,-4.1428598],[120.039255,-4.1426719],[120.0393248,-4.1424706],[120.0393757,-4.1422499],[120.0394233,-4.1420559],[120.0394508,-4.1419349],[120.0394646,-4.1418613],[120.039475,-4.1417998],[120.0395092,-4.1416974],[120.0396174,-4.1415015],[120.0396676,-4.1413889],[120.0397003,-4.1412995],[120.0397145,-4.1412213],[120.0397204,-4.1410614],[120.0397164,-4.1409183],[120.0396997,-4.1407513],[120.0396906,-4.1406722],[120.0396582,-4.1402772],[120.0396535,-4.1399406],[120.0396573,-4.1395784],[120.039648,-4.1395151],[120.0396324,-4.1394696],[120.0395004,-4.1392058],[120.0394039,-4.1390162],[120.0393133,-4.1388043],[120.0392187,-4.1386176],[120.0391735,-4.1385592],[120.0391399,-4.1385243],[120.0388694,-4.138247],[120.0386016,-4.1379447],[120.0385328,-4.1378518],[120.0384796,-4.1377689],[120.0384103,-4.1375873],[120.0383766,-4.1374673],[120.0383515,-4.1373616],[120.0383415,-4.1373256],[120.0383189,-4.1372278],[120.038308,-4.1371292],[120.0383056,-4.1370098],[120.0383177,-4.1368543],[120.0383643,-4.1363996],[120.0383788,-4.1362032],[120.0383895,-4.1359956],[120.0383994,-4.1357805],[120.0384221,-4.1355318],[120.0384504,-4.1353044],[120.0384944,-4.1350898],[120.0385534,-4.1348099]]}},{"type":"Feature","properties":{"segmentId":"osm-gaul2-18188-2610558803-2093516275-0","regionId":"gaul2-18188","province":"Sulawesi Selatan","region":"Wajo","roadName":"Jalan Wolter Monginsidi","highway":"trunk","lengthMeters":10.445,"osmWayIds":["199350747"],"u":"2610558803","v":"2093516275","key":0,"oneway":false,"source":"OpenStreetMap"},"geometry":{"type":"LineString","coordinates":[[120.0381213,-4.1482703],[120.0380496,-4.1482094]]}},{"type":"Feature","properties":{"segmentId":"osm-gaul2-18188-2610558803-2110278792-0","regionId":"gaul2-18188","province":"Sulawesi Selatan","region":"Wajo","roadName":"Jalan Sultan Hasanuddin","highway":"trunk","lengthMeters":855.681,"osmWayIds":["201068808"],"u":"2610558803","v":"2110278792","key":0,"oneway":false,"source":"OpenStreetMap"},"geometry":{"type":"LineString","coordinates":[[120.0381213,-4.1482703],[120.0382273,-4.148439],[120.0382767,-4.14855],[120.038329,-4.1486703],[120.0383867,-4.1488362],[120.0384209,-4.1490061],[120.0384376,-4.1491418],[120.0384691,-4.1493786],[120.0384805,-4.149598],[120.0384899,-4.149806],[120.0384735,-4.1499631],[120.0384571,-4.1500701],[120.0384316,-4.1502032],[120.0384041,-4.150341],[120.0383401,-4.1506286],[120.0382794,-4.1509342],[120.0382205,-4.1512598],[120.0381902,-4.1514291],[120.0381553,-4.1516946],[120.038107,-4.1519561],[120.037983,-4.1525447],[120.0379421,-4.1527072],[120.037879,-4.1529934],[120.0378542,-4.1531519],[120.0378153,-4.1533613],[120.037759,-4.1536328],[120.0376558,-4.1542701],[120.0375947,-4.15466],[120.03752,-4.1550463],[120.0374667,-4.1553221],[120.0374164,-4.1555362],[120.037354,-4.155788]]}},{"type":"Feature","properties":{"segmentId":"osm-gaul2-18188-2769402640-2117270257-0","regionId":"gaul2-18188","province":"Sulawesi Selatan","region":"Wajo","roadName":"Jalan Malingkaan","highway":"trunk","lengthMeters":1881.838,"osmWayIds":["1433968538","600612594"],"u":"2769402640","v":"2117270257","key":0,"oneway":false,"source":"OpenStreetMap"},"geometry":{"type":"LineString","coordinates":[[120.0246014,-4.0942125],[120.0245874,-4.0942927],[120.0245622,-4.0944218],[120.0245316,-4.0947275],[120.0245116,-4.0950338],[120.0245049,-4.0953395],[120.0244861,-4.0955742],[120.0244755,-4.0957938],[120.02446,-4.0962518],[120.0244539,-4.096324],[120.0244566,-4.0965394],[120.0244633,-4.0968578],[120.0244673,-4.097033],[120.0244647,-4.0972356],[120.0244626,-4.0973781],[120.0244573,-4.0974878],[120.0244526,-4.0976416],[120.0244432,-4.0978791],[120.024409,-4.0981299],[120.0244083,-4.0982362],[120.0243929,-4.0984208],[120.0243716,-4.0987546],[120.0243386,-4.0990535],[120.0243057,-4.0992896],[120.0242409,-4.099724],[120.0242181,-4.0999253],[120.0241649,-4.1003183],[120.024057,-4.1012326],[120.0240234,-4.1015095],[120.0239616,-4.1017995],[120.0238832,-4.1021814],[120.0237977,-4.1026237],[120.0237037,-4.1028393],[120.0236858,-4.103099],[120.0235752,-4.1035187],[120.0235278,-4.1037226],[120.0234616,-4.1039699],[120.0233391,-4.1043964],[120.0232376,-4.1049096],[120.0232011,-4.1050272],[120.0231398,-4.1053096],[120.0230768,-4.1057806],[120.0230692,-4.105867],[120.0230392,-4.1060551],[120.0229438,-4.1067231],[120.0228915,-4.1070532],[120.022723,-4.1081822],[120.0226396,-4.1088488],[120.0224496,-4.1101411],[120.02236,-4.1105],[120.0223441,-4.1106597],[120.0223026,-4.1109285]]}},{"type":"Feature","properties":{"segmentId":"osm-gaul2-18188-2769402640-6944486671-0","regionId":"gaul2-18188","province":"Sulawesi Selatan","region":"Wajo","roadName":"Jalan Poros Batas Kota Sengkang - Impa-impa","highway":"trunk","lengthMeters":62.432,"osmWayIds":["741828279"],"u":"2769402640","v":"6944486671","key":0,"oneway":true,"source":"OpenStreetMap"},"geometry":{"type":"LineString","coordinates":[[120.0246014,-4.0942125],[120.0245897,-4.094163],[120.0245947,-4.0941135],[120.0246001,-4.0940714],[120.024645,-4.0938145],[120.0246511,-4.0937563],[120.0246578,-4.0936574]]}},{"type":"Feature","properties":{"segmentId":"osm-gaul2-18188-3557946865-2123332248-0","regionId":"gaul2-18188","province":"Sulawesi Selatan","region":"Wajo","roadName":"Unnamed OSM road","highway":"tertiary","lengthMeters":10699.117,"osmWayIds":["350237273"],"u":"3557946865","v":"2123332248","key":0,"oneway":false,"source":"OpenStreetMap"},"geometry":{"type":"LineString","coordinates":[[120.2290974,-4.2338275],[120.2292264,-4.2334401],[120.229336,-4.2331083],[120.2294317,-4.2328277],[120.2295282,-4.232611],[120.229656,-4.2323191],[120.2296832,-4.2322452],[120.2297412,-4.2319736],[120.2298447,-4.2313832],[120.229893,-4.2310836],[120.2299257,-4.2308532],[120.2299654,-4.2303801],[120.2300028,-4.2299367],[120.2300432,-4.2297007],[120.2300754,-4.2294399],[120.2301157,-4.2292647],[120.2301639,-4.2290414],[120.2302149,-4.2287886],[120.230239,-4.2286361],[120.2302524,-4.2285211],[120.2302793,-4.2283017],[120.2303222,-4.2278711],[120.2303892,-4.2274057],[120.2304457,-4.2269955],[120.2305046,-4.2265203],[120.2305797,-4.2260147],[120.2306628,-4.2254984],[120.2307464,-4.2250287],[120.2308264,-4.2246157],[120.230872,-4.224276],[120.2309364,-4.2239229],[120.2309902,-4.2236211],[120.2310303,-4.2234254],[120.231092,-4.2231418],[120.2311704,-4.2228643],[120.2312127,-4.2226791],[120.231277,-4.2224383],[120.2313307,-4.2222404],[120.231438,-4.2219542],[120.2315386,-4.2217155],[120.2316425,-4.221459],[120.231677,-4.2213677],[120.2317401,-4.2211972],[120.2318135,-4.2209778],[120.2318913,-4.2207157],[120.2320934,-4.2201582],[120.2321997,-4.2198503],[120.2323124,-4.2195467],[120.2323996,-4.2192993],[120.2325578,-4.2187857],[120.232704,-4.2182266],[120.2327818,-4.2178602],[120.2329293,-4.2171446],[120.2329937,-4.216928],[120.2330942,-4.2165762],[120.2332391,-4.2161522],[120.233396,-4.2157122],[120.2334926,-4.2152949],[120.2335502,-4.215002],[120.2336146,-4.2146369],[120.2337259,-4.2141126],[120.2337849,-4.2138892],[120.2338667,-4.2134425],[120.2339579,-4.2130265],[120.2340706,-4.2126561],[120.2341577,-4.2124354],[120.2342972,-4.2121665],[120.2343763,-4.2120221],[120.2344434,-4.211897],[120.2344903,-4.2117706],[120.2345091,-4.2116717],[120.2345157,-4.2115603],[120.2345292,-4.2113406],[120.234552,-4.2112129],[120.2345735,-4.2110805],[120.2346502,-4.2107902],[120.2347391,-4.2105629],[120.2348115,-4.210338],[120.2349088,-4.2101041],[120.2350287,-4.209851],[120.2351253,-4.2096995],[120.2352132,-4.209515],[120.2352789,-4.2093418],[120.235354,-4.2092],[120.2354325,-4.2089847],[120.2354874,-4.2088596],[120.2355552,-4.2086998],[120.2356155,-4.2085386],[120.2356792,-4.2083942],[120.2357483,-4.2082316],[120.2358288,-4.2080712],[120.2359307,-4.2078358],[120.2360608,-4.2074994],[120.2361553,-4.2072834],[120.2362566,-4.2070446],[120.2363652,-4.2067938],[120.2364571,-4.2065852],[120.2365288,-4.2064026],[120.2366341,-4.2062074],[120.2367414,-4.205996],[120.2368222,-4.2058466],[120.2369479,-4.2056235],[120.2370371,-4.2054784],[120.2371263,-4.20533],[120.2371886,-4.2051976],[120.2372436,-4.2050651],[120.2372745,-4.2049501],[120.2372986,-4.204805],[120.2373174,-4.2046853],[120.2373429,-4.2046111],[120.2373657,-4.2045616],[120.2374461,-4.2044385],[120.2375299,-4.2042887],[120.2376144,-4.2041403],[120.2376627,-4.2040279],[120.2376895,-4.203953],[120.2377452,-4.2037959],[120.237806,-4.203644],[120.2379075,-4.203406],[120.2380302,-4.2031438],[120.2381368,-4.2029439],[120.2382857,-4.2026864],[120.2384258,-4.202437],[120.2385378,-4.202233],[120.2386089,-4.2020852],[120.2386726,-4.2019073],[120.238739,-4.2017609],[120.238798,-4.2016218],[120.2388638,-4.2014696],[120.2389302,-4.2013014],[120.2390575,-4.2010326],[120.2392137,-4.2007163],[120.2393378,-4.2004668],[120.2394987,-4.2001512],[120.2396154,-4.1999405],[120.2397153,-4.1997586],[120.2398722,-4.199471],[120.240005,-4.1992544],[120.240121,-4.1990832],[120.2402926,-4.1988959],[120.2404301,-4.1987408],[120.2405937,-4.1985615],[120.240766,-4.1983823],[120.2408478,-4.1983001],[120.2413528,-4.1977871],[120.2415472,-4.1975979],[120.2417658,-4.1973732],[120.2421393,-4.1969793],[120.2423801,-4.1966964],[120.242539,-4.1964744],[120.2428038,-4.1961427],[120.2429319,-4.1960016],[120.2433808,-4.1954691],[120.2437661,-4.1950118],[120.2438673,-4.1948988],[120.2439746,-4.194763],[120.2440088,-4.1947162],[120.2440323,-4.1946597],[120.2440886,-4.1944882],[120.2441329,-4.1943029],[120.2441624,-4.1941545],[120.2442053,-4.1939833],[120.2442496,-4.1938207],[120.24432,-4.1935787],[120.2443884,-4.193368],[120.24444,-4.193261],[120.2445251,-4.1931292],[120.2445728,-4.193051],[120.2446861,-4.1928524],[120.2447525,-4.192718],[120.2448075,-4.1925902],[120.244849,-4.1924973],[120.2449013,-4.192317],[120.2449503,-4.1921288],[120.2450114,-4.191908],[120.2450958,-4.1916386],[120.2451712,-4.1914229],[120.2453989,-4.1909344],[120.2455229,-4.1906475],[120.2456,-4.1904696],[120.2456725,-4.1903064],[120.2457529,-4.1901352],[120.2458046,-4.1900316],[120.2458616,-4.1899359],[120.2458938,-4.1898799],[120.2460104,-4.1897099],[120.2461722,-4.1894627],[120.2463222,-4.1892204],[120.2464624,-4.1890084],[120.2465609,-4.1888733],[120.246677,-4.1886927],[120.2467614,-4.1885596],[120.2469358,-4.1882433],[120.2470686,-4.1879831],[120.2472141,-4.1876822],[120.2473281,-4.187406],[120.2474266,-4.1871773],[120.2474648,-4.187101],[120.2475386,-4.1869332],[120.2476607,-4.1866022],[120.2477411,-4.1863908],[120.2478142,-4.1861935],[120.2478558,-4.1860558],[120.2479349,-4.185825],[120.2479966,-4.1856585],[120.2480513,-4.1855203],[120.2481448,-4.1853021],[120.248242,-4.1850881],[120.2484211,-4.1847062],[120.248586,-4.1843364],[120.2487302,-4.1840602],[120.2488455,-4.1838301],[120.2489904,-4.1835706],[120.2490923,-4.1833754],[120.2492306,-4.1830902],[120.2493348,-4.1828931],[120.2494678,-4.1826665],[120.2496077,-4.1824135],[120.2497226,-4.1821823],[120.2498017,-4.1819908],[120.2498794,-4.1817827],[120.249964,-4.1815643],[120.2500757,-4.181297],[120.2502188,-4.1810026],[120.2502859,-4.1808447],[120.2503459,-4.1807303],[120.2504361,-4.1805665],[120.2505299,-4.1804274],[120.2506238,-4.1802696],[120.2507272,-4.180041],[120.2508464,-4.1797988],[120.2509636,-4.1795453],[120.2510986,-4.179237],[120.2512704,-4.178861],[120.2514604,-4.1784611],[120.2517235,-4.1779369],[120.2519596,-4.1774581],[120.2520829,-4.1772521],[120.2523042,-4.1768655],[120.2525899,-4.1764416],[120.2527374,-4.1761794],[120.2528957,-4.1759039],[120.2531236,-4.1754866],[120.2532712,-4.1752164],[120.2534618,-4.1748523],[120.2536601,-4.1745583],[120.2538425,-4.1742212],[120.2539793,-4.1739618],[120.2540723,-4.173758],[120.2542207,-4.1734535],[120.2543306,-4.1732047],[120.2544111,-4.1729639],[120.2545345,-4.1727071],[120.2545935,-4.1724316],[120.2546364,-4.1722283],[120.2546713,-4.1721186],[120.2547598,-4.1719367],[120.2548478,-4.1717792],[120.2550623,-4.1713637],[120.2552614,-4.1709603],[120.2553928,-4.1706607],[120.2555913,-4.1703076],[120.2557388,-4.170076],[120.2559574,-4.1697593],[120.2562997,-4.1693725],[120.2565274,-4.1691439],[120.2568153,-4.1688007],[120.2571577,-4.1684181],[120.257562,-4.1680108],[120.2583044,-4.1673238],[120.2586517,-4.1670065],[120.2588283,-4.1668424],[120.2590755,-4.1666025],[120.2594388,-4.166287],[120.2597111,-4.1660113],[120.2600575,-4.1656864],[120.2603844,-4.16538],[120.2606309,-4.1651516],[120.2610351,-4.1647155],[120.2612454,-4.1644838],[120.2614546,-4.1642404],[120.2616423,-4.1640157],[120.2617693,-4.1638269],[120.2620086,-4.1634566],[120.26227,-4.16305],[120.2624871,-4.162712],[120.2627098,-4.1622759],[120.2629119,-4.1619221],[120.2630129,-4.1617686],[120.2630746,-4.1616509],[120.2631122,-4.1615452],[120.2631377,-4.1613807],[120.263135,-4.1612041],[120.263135,-4.1610115],[120.2631417,-4.1608537],[120.2631538,-4.1607159],[120.2631792,-4.1605969],[120.2632235,-4.1605353],[120.2632906,-4.1604792],[120.2634864,-4.1603548],[120.2637506,-4.1601876],[120.2639745,-4.1600137],[120.2641556,-4.1598278],[120.2643071,-4.1596405],[120.2644023,-4.1594666],[120.2644901,-4.1593066],[120.2646048,-4.159072],[120.2647004,-4.1588622],[120.2648114,-4.1585477],[120.2648945,-4.1582695],[120.2649455,-4.1580373],[120.2649938,-4.157901],[120.2650769,-4.1577385],[120.2651721,-4.1575646],[120.2653082,-4.1573058],[120.2654269,-4.1570309],[120.2655262,-4.1567915],[120.2655523,-4.1567313],[120.2655791,-4.1566825],[120.2656113,-4.1566316],[120.2656569,-4.1565821],[120.2657025,-4.1565427],[120.2659064,-4.1564116],[120.266135,-4.1562712],[120.2665327,-4.1560224],[120.2666426,-4.1559428],[120.2667124,-4.155896],[120.2667761,-4.1558492],[120.2670168,-4.1556371],[120.2672361,-4.1554465],[120.2673025,-4.155391],[120.2673514,-4.1553462],[120.2674165,-4.155268],[120.2674607,-4.1552085],[120.2674949,-4.155159],[120.2675385,-4.1550907],[120.2675955,-4.1549844],[120.2676599,-4.1548593],[120.2676981,-4.1547744],[120.2677209,-4.1547122],[120.267739,-4.1546427],[120.2677544,-4.1545631],[120.2677678,-4.1544166],[120.2677692,-4.1542835],[120.2677645,-4.1539023],[120.2677558,-4.1533713],[120.267739,-4.1530483],[120.2677356,-4.1529867],[120.267739,-4.1529366],[120.267745,-4.1528864],[120.2677584,-4.1528169],[120.2677765,-4.1527533],[120.2678134,-4.1526202],[120.2678356,-4.1525293],[120.2678449,-4.1524704],[120.2678496,-4.1524189],[120.2678476,-4.1523714],[120.2678376,-4.1523213],[120.2678067,-4.1521367],[120.2677765,-4.1519234],[120.2677745,-4.1518719],[120.2677759,-4.1518244],[120.2677826,-4.1517749],[120.2677953,-4.1517214],[120.2678154,-4.1516739],[120.2679321,-4.1514211],[120.2680528,-4.1511429],[120.2681708,-4.1508212],[120.2681983,-4.1507376],[120.2682245,-4.1506674],[120.268262,-4.1505864],[120.2683029,-4.1505015],[120.2684243,-4.1502781],[120.2685048,-4.1501196],[120.268608,-4.149923],[120.26871,-4.1497585],[120.2687985,-4.1496307],[120.2688843,-4.149515],[120.2689648,-4.1494114],[120.2691586,-4.1491405],[120.2693443,-4.1489011]]}},{"type":"Feature","properties":{"segmentId":"osm-gaul2-18188-3557946865-2275298160-0","regionId":"gaul2-18188","province":"Sulawesi Selatan","region":"Wajo","roadName":"Unnamed OSM road","highway":"tertiary","lengthMeters":32.713,"osmWayIds":["350237273"],"u":"3557946865","v":"2275298160","key":0,"oneway":false,"source":"OpenStreetMap"},"geometry":{"type":"LineString","coordinates":[[120.2290974,-4.2338275],[120.2290094,-4.2341083]]}},{"type":"Feature","properties":{"segmentId":"osm-gaul2-18188-3557946865-5671516648-0","regionId":"gaul2-18188","province":"Sulawesi Selatan","region":"Wajo","roadName":"Unnamed OSM road","highway":"primary_link","lengthMeters":18.626,"osmWayIds":["350030301"],"u":"3557946865","v":"5671516648","key":0,"oneway":false,"source":"OpenStreetMap"},"geometry":{"type":"LineString","coordinates":[[120.2290974,-4.2338275],[120.2291243,-4.2338479],[120.2291594,-4.2338655],[120.2291926,-4.2338803],[120.2292459,-4.2339044]]}},{"type":"Feature","properties":{"segmentId":"osm-gaul2-18188-4688808790-5315789413-0","regionId":"gaul2-18188","province":"Sulawesi Selatan","region":"Wajo","roadName":"Unnamed OSM road","highway":"tertiary","lengthMeters":9841.172,"osmWayIds":["246100243","246100246","475004741","475004745","475068891","550360798","564169294","564169295","594019370"],"u":"4688808790","v":"5315789413","key":0,"oneway":false,"source":"OpenStreetMap"},"geometry":{"type":"LineString","coordinates":[[120.3096646,-3.752121],[120.3115951,-3.7529433],[120.3131622,-3.7536016],[120.3132922,-3.7536645],[120.3133178,-3.7536699],[120.3133479,-3.7536672],[120.3133855,-3.7536579],[120.3133986,-3.7536575],[120.3134177,-3.7536612],[120.3135154,-3.7537119],[120.3136898,-3.7537999],[120.313755,-3.7538372],[120.3138006,-3.7538753],[120.3138388,-3.7539047],[120.313867,-3.7539195],[120.3139101,-3.7539337],[120.3139636,-3.7539383],[120.3142599,-3.7539195],[120.3145636,-3.7538937],[120.3145881,-3.7538884],[120.3146089,-3.7538763],[120.3146207,-3.7538643],[120.3146234,-3.75385],[120.3146207,-3.7537597],[120.3146053,-3.7535429],[120.3145811,-3.7533547],[120.3145757,-3.7532249],[120.3145784,-3.7531299],[120.3145878,-3.7530195],[120.3146053,-3.7529487],[120.3146522,-3.7528241],[120.3147099,-3.7527158],[120.3148091,-3.7525553],[120.3149299,-3.7523733],[120.3149975,-3.7522461],[120.315029,-3.7521811],[120.3150532,-3.7521016],[120.3151202,-3.7518131],[120.3151685,-3.7515776],[120.3152302,-3.7513367],[120.3153064,-3.7511317],[120.3153925,-3.7509299],[120.3154515,-3.7507559],[120.3154679,-3.7507101],[120.3154791,-3.7506681],[120.3155038,-3.750341],[120.315503,-3.7501002],[120.3154823,-3.7499423],[120.3154559,-3.7498273],[120.3153992,-3.7495716],[120.3153361,-3.7493989],[120.3152871,-3.7492968],[120.3151806,-3.7491594],[120.3150854,-3.7490511],[120.3150156,-3.7489734],[120.3149265,-3.7488612],[120.3148805,-3.7487854],[120.3148513,-3.7487119],[120.3148185,-3.7486187],[120.3148079,-3.7485581],[120.3147977,-3.7484762],[120.3147985,-3.7484122],[120.3148027,-3.748329],[120.3148092,-3.7482516],[120.3148466,-3.748046],[120.3148977,-3.747901],[120.3149688,-3.7477738],[120.3151364,-3.747549],[120.3153054,-3.7473242],[120.3154703,-3.7471315],[120.3156729,-3.7469321],[120.3158838,-3.7467369],[120.3160235,-3.7466289],[120.3161261,-3.746554],[120.3161898,-3.7465237],[120.3162629,-3.7465085],[120.3164198,-3.7464945],[120.3165888,-3.7464971],[120.3168255,-3.7465072],[120.3170168,-3.7465106],[120.3171387,-3.7465052],[120.3172895,-3.7464816],[120.3174843,-3.7464426],[120.3177606,-3.7463737],[120.3178762,-3.7463411],[120.3179821,-3.7463063],[120.3181817,-3.7462459],[120.3185901,-3.7461007],[120.3187828,-3.7460346],[120.3191896,-3.7458852],[120.3193876,-3.7458312],[120.3195304,-3.7457783],[120.3197296,-3.7457255],[120.3198614,-3.7456872],[120.3201525,-3.7456015],[120.320435,-3.7455408],[120.3206456,-3.7454806],[120.3207301,-3.7454418],[120.3208226,-3.7453829],[120.3209782,-3.7452557],[120.3210519,-3.7451634],[120.3211109,-3.7450764],[120.3211552,-3.7449995],[120.3211927,-3.7449239],[120.3212585,-3.7447352],[120.3213208,-3.7444923],[120.3213966,-3.7442862],[120.3214596,-3.7441089],[120.3215709,-3.7438158],[120.3216259,-3.7436539],[120.3216541,-3.7435],[120.3216675,-3.7433086],[120.3216648,-3.7430931],[120.3216505,-3.7422057],[120.3216621,-3.7418406],[120.3216907,-3.7414991],[120.3217265,-3.7412745],[120.3217792,-3.7410762],[120.3218758,-3.7407791],[120.3220018,-3.7403402],[120.3221574,-3.7398745],[120.3223022,-3.739477],[120.3224122,-3.7392],[120.3227187,-3.7384405],[120.3227535,-3.7383844],[120.3227806,-3.7383517],[120.3228215,-3.738323],[120.3231132,-3.7381978],[120.3234287,-3.7380705],[120.3235839,-3.7379918],[120.3237258,-3.7379086],[120.3238092,-3.7378466],[120.3238868,-3.7377748],[120.324279,-3.7373264],[120.3244453,-3.7371706],[120.3246726,-3.7369618],[120.324859,-3.7368199],[120.3250086,-3.7367269],[120.3251,-3.7366849],[120.3253663,-3.7365873],[120.3255933,-3.7365181],[120.3258135,-3.7364407],[120.3259808,-3.7363642],[120.3260241,-3.7363256],[120.3260559,-3.7362786],[120.3260908,-3.7362123],[120.3261566,-3.7359239],[120.3261995,-3.7356777],[120.3262196,-3.7353833],[120.3262272,-3.7352697],[120.3262433,-3.7352022],[120.3262625,-3.7351598],[120.3263077,-3.7350811],[120.3263859,-3.7349778],[120.3265575,-3.7348186],[120.326647,-3.7347264],[120.3267292,-3.7346205],[120.3267691,-3.7345411],[120.3267989,-3.7344599],[120.3268643,-3.7342661],[120.3269219,-3.7340412],[120.3270256,-3.7336141],[120.3271382,-3.7331163],[120.3272,-3.732858],[120.3272998,-3.7325951],[120.3273645,-3.732434],[120.3273836,-3.7322973],[120.3273994,-3.7321757],[120.3274081,-3.7320981],[120.3274128,-3.7320004],[120.3274266,-3.7319306],[120.3274494,-3.7318624],[120.3275241,-3.7316912],[120.3276676,-3.7314249],[120.3280019,-3.7308332],[120.3281682,-3.7305549],[120.3283774,-3.7302176],[120.3284903,-3.7300244],[120.3285974,-3.7298697],[120.3287989,-3.729561],[120.3288482,-3.7294815],[120.3289943,-3.7292025],[120.3290483,-3.7291004],[120.3291016,-3.7290132],[120.3291609,-3.7289251],[120.3292814,-3.7287884],[120.3294419,-3.7286293],[120.329626,-3.7285086],[120.3296866,-3.7284781],[120.3297503,-3.7284566],[120.3299193,-3.7284138],[120.330264,-3.7283697],[120.3308772,-3.7282905],[120.3312259,-3.7282584],[120.3315464,-3.7282222],[120.3319394,-3.7281647],[120.3321388,-3.7281181],[120.3321996,-3.7280951],[120.3322448,-3.7280654],[120.3322642,-3.7280405],[120.332278,-3.7280168],[120.3322931,-3.7279682],[120.3323011,-3.72792],[120.3322991,-3.7277541],[120.3323037,-3.7277013],[120.3323125,-3.727655],[120.3323304,-3.7276234],[120.3323527,-3.7276009],[120.3325398,-3.7275266],[120.3327403,-3.7274484],[120.3328148,-3.7274249],[120.3329542,-3.727374],[120.3331706,-3.7272922],[120.3335267,-3.7271891],[120.3337177,-3.7271423],[120.3339832,-3.72707],[120.3341695,-3.72703],[120.3343319,-3.7269951],[120.3344386,-3.7269831],[120.3346404,-3.7269603],[120.3350024,-3.7269602],[120.3352385,-3.7269817],[120.3356167,-3.7270192],[120.3360995,-3.7270914],[120.3362983,-3.7271095],[120.3365193,-3.7271236],[120.3367352,-3.7271396],[120.3369846,-3.7271637],[120.3372234,-3.7271771],[120.3373977,-3.7271718],[120.3375368,-3.7271545],[120.3376981,-3.7271155],[120.3378108,-3.727097],[120.3379838,-3.7270686],[120.3382775,-3.7270405],[120.3385095,-3.7270218],[120.3388703,-3.7269923],[120.3390634,-3.7269924],[120.3393316,-3.7270512],[120.3396447,-3.7271402],[120.3398493,-3.72721],[120.3402498,-3.7273339],[120.3405288,-3.7274088],[120.3407277,-3.7274507],[120.3409812,-3.7274768],[120.3410951,-3.7274794],[120.3412092,-3.7274768],[120.3414774,-3.7274393],[120.3416759,-3.7274072],[120.3418395,-3.7273831],[120.3421949,-3.7273537],[120.3423873,-3.7273376],[120.3426588,-3.7273062],[120.342974,-3.7272466],[120.3432187,-3.7272017],[120.3434353,-3.7271663],[120.3435912,-3.7271398],[120.3437861,-3.7271168],[120.3440254,-3.7271021],[120.3442923,-3.7270981],[120.3445082,-3.7271021],[120.3446352,-3.7271097],[120.3447516,-3.7271322],[120.3449692,-3.7272014],[120.3452968,-3.7273136],[120.3453889,-3.7273566],[120.3455061,-3.7274233],[120.3457233,-3.7275679],[120.3458342,-3.7276744],[120.3459138,-3.7277713],[120.3459782,-3.727873],[120.3460432,-3.7280429],[120.3460579,-3.7281232],[120.3460682,-3.7281954],[120.3461069,-3.7283782],[120.3461814,-3.7286834],[120.3462491,-3.7289804],[120.3463549,-3.7293732],[120.3464455,-3.7297318],[120.3465528,-3.7302082],[120.3465984,-3.7304089],[120.3466111,-3.7304568],[120.3466198,-3.7304919],[120.3466932,-3.7307197],[120.3467754,-3.7309255],[120.3469645,-3.7312963],[120.3470452,-3.7314383],[120.3471557,-3.7315993],[120.3472105,-3.7316601],[120.3472743,-3.7317178],[120.3474164,-3.7318221],[120.3476016,-3.7319444],[120.3476541,-3.7319897],[120.3477259,-3.7320584],[120.3478577,-3.7322129],[120.3479917,-3.7324163],[120.3481852,-3.732723],[120.3485054,-3.7331551],[120.3487307,-3.7334816],[120.3488275,-3.7336116],[120.349125,-3.7340276],[120.3492699,-3.7342337],[120.349412,-3.7344265],[120.3495196,-3.7345712],[120.3496329,-3.734707],[120.34975,-3.734844],[120.3498626,-3.7349791],[120.3500035,-3.7351411],[120.3501094,-3.7352695],[120.350226,-3.7353953],[120.3503738,-3.7355468],[120.3504233,-3.735588],[120.3504771,-3.7356271],[120.3505696,-3.7356639],[120.350678,-3.7357004],[120.3508067,-3.7357379],[120.3509247,-3.7357713],[120.351098,-3.7358137],[120.3512171,-3.7358504],[120.3513359,-3.7358959],[120.351454,-3.7359575],[120.3515774,-3.7360217],[120.3517088,-3.7360941],[120.3518456,-3.7361877],[120.352012,-3.7362961],[120.3521052,-3.7363484],[120.3521917,-3.7364173],[120.352307,-3.7365304],[120.3524665,-3.7367003],[120.3525992,-3.7368528],[120.352732,-3.7369893],[120.3528059,-3.7370709],[120.3528876,-3.7371513],[120.3529326,-3.7371967],[120.3533517,-3.7376571],[120.3534061,-3.7377254],[120.3534577,-3.7378004],[120.3535046,-3.7379268],[120.3535535,-3.7380559],[120.3536279,-3.7382427],[120.3536829,-3.7383898],[120.3537177,-3.7385036],[120.3537345,-3.738598],[120.3537432,-3.7387131],[120.3537358,-3.7388448],[120.3537124,-3.739077],[120.3536897,-3.7392269],[120.3536735,-3.7394317],[120.3536735,-3.739635],[120.3536923,-3.7398224],[120.3537298,-3.7399857],[120.3537834,-3.7402534],[120.3539063,-3.7407425],[120.3540061,-3.7411687],[120.3540704,-3.7414444],[120.3541839,-3.7417556],[120.3543373,-3.7421496],[120.3546002,-3.7427037],[120.3548027,-3.7431534],[120.3549153,-3.7433755],[120.3549604,-3.7434531],[120.355002,-3.7435093],[120.3550723,-3.7435829],[120.3552091,-3.7437128],[120.3553137,-3.7438198],[120.3553909,-3.7438968],[120.3554592,-3.7439811],[120.355519,-3.7440895],[120.3555819,-3.744248],[120.3557307,-3.7446321],[120.3558576,-3.7450042],[120.3561138,-3.7457282],[120.3563578,-3.7463585],[120.3566059,-3.7469419],[120.356795,-3.7473996],[120.3569962,-3.7478506],[120.3571062,-3.7480152],[120.3572443,-3.7482186],[120.3576326,-3.7488175],[120.3578773,-3.749225],[120.3581536,-3.749704],[120.358399,-3.7500734],[120.3590132,-3.7510222],[120.359138,-3.7512122],[120.3592117,-3.7513206],[120.3592801,-3.751409],[120.3596771,-3.7518412],[120.3600633,-3.7522574],[120.3605354,-3.7528168],[120.3609163,-3.7531045],[120.361045,-3.7531661],[120.3611322,-3.7532008],[120.3612837,-3.753245],[120.3616016,-3.7533039],[120.3619234,-3.7533601],[120.3620334,-3.7533976],[120.3621072,-3.7534243],[120.3621709,-3.7534675],[120.3622413,-3.753529],[120.3623097,-3.7536037],[120.3624049,-3.7537013],[120.3624451,-3.7537495],[120.3625095,-3.7537883],[120.3626154,-3.7538405],[120.3630593,-3.7539971]]}},{"type":"Feature","properties":{"segmentId":"osm-gaul2-18188-5315789413-1676002202-0","regionId":"gaul2-18188","province":"Sulawesi Selatan","region":"Wajo","roadName":"Jembatan Siwa","highway":"trunk","lengthMeters":17127.637,"osmWayIds":["1436592078","475299256","475505750","475660262","550400219","587393736","587393737","587393739","587393742","588269079"],"u":"5315789413","v":"1676002202","key":0,"oneway":false,"source":"OpenStreetMap"},"geometry":{"type":"LineString","coordinates":[[120.3630593,-3.7539971],[120.3632221,-3.7535497],[120.3634141,-3.7529171],[120.3636084,-3.7522772],[120.3638497,-3.7514462],[120.3639163,-3.7511389],[120.3639511,-3.7509438],[120.3640303,-3.750499],[120.3640662,-3.7503241],[120.3640915,-3.7502007],[120.3641564,-3.7498245],[120.3642114,-3.7496231],[120.3642663,-3.7494551],[120.3644447,-3.7491366],[120.3645795,-3.7489655],[120.3649878,-3.7485318],[120.3651584,-3.7483899],[120.3655088,-3.7480986],[120.3656718,-3.7479202],[120.3657989,-3.747738],[120.3658428,-3.7476405],[120.3658676,-3.7475548],[120.3658982,-3.7473184],[120.3658633,-3.7465863],[120.3658354,-3.7458526],[120.3658649,-3.7453923],[120.36594,-3.7450122],[120.3660741,-3.7446375],[120.366228,-3.7443277],[120.3662769,-3.7442477],[120.3664523,-3.7439603],[120.366746,-3.7435562],[120.3675138,-3.7423632],[120.3677733,-3.7418941],[120.3679812,-3.7414685],[120.3681086,-3.7411487],[120.3682025,-3.7407539],[120.3682682,-3.7403484],[120.3684077,-3.7391025],[120.3684378,-3.7389439],[120.3685096,-3.7384026],[120.3685458,-3.7382474],[120.3686182,-3.7380439],[120.3687081,-3.7378312],[120.3687617,-3.7377254],[120.3688341,-3.7376385],[120.3691343,-3.7373147],[120.369899,-3.7365866],[120.3704917,-3.7360165],[120.3707452,-3.7358318],[120.3709477,-3.73571],[120.3712039,-3.7356003],[120.3718449,-3.735441],[120.3728025,-3.7352269],[120.3731216,-3.735148],[120.3735682,-3.7350342],[120.3738749,-3.7349348],[120.3739317,-3.7349164],[120.3741066,-3.7348558],[120.3745848,-3.7346903],[120.3751494,-3.7344681],[120.3758454,-3.734258],[120.3762223,-3.7341806],[120.3763081,-3.734163],[120.376929,-3.734111],[120.3769948,-3.7341055],[120.3775527,-3.7340881],[120.3779322,-3.7341162],[120.3783801,-3.7341697],[120.3791673,-3.7342915],[120.3802577,-3.7344507],[120.3812233,-3.7346194],[120.3812713,-3.7346304],[120.3818844,-3.7347706],[120.3821801,-3.7348341],[120.3826214,-3.7349231],[120.3826569,-3.7349301],[120.3829075,-3.7349796],[120.3829875,-3.7349954],[120.3832182,-3.7350483],[120.3834783,-3.7351132],[120.3836875,-3.7351439],[120.3838968,-3.7351634],[120.3842696,-3.7351988],[120.3843791,-3.7352009],[120.3845539,-3.7352042],[120.3846947,-3.7351868],[120.3847738,-3.73517],[120.3848818,-3.7351312],[120.3849717,-3.7350983],[120.3850615,-3.7350509],[120.3851312,-3.7350008],[120.3853003,-3.7348255],[120.3857093,-3.7343815],[120.3861377,-3.7339107],[120.3863718,-3.7336244],[120.3865341,-3.7334203],[120.386567,-3.7333774],[120.3869373,-3.7328943],[120.3872904,-3.7324219],[120.3876914,-3.7318619],[120.3880951,-3.7312683],[120.3881692,-3.7311622],[120.3882721,-3.731011],[120.3883729,-3.730863],[120.3884532,-3.7307451],[120.3885021,-3.7306852],[120.3885879,-3.7305624],[120.3886771,-3.7304768],[120.3887918,-3.7303724],[120.3890996,-3.7300867],[120.3892048,-3.729987],[120.3895931,-3.7296278],[120.3901011,-3.7291675],[120.3907717,-3.7285583],[120.3909207,-3.7284229],[120.3913432,-3.7280358],[120.3918035,-3.7276128],[120.3919383,-3.727489],[120.3922932,-3.7271586],[120.3925016,-3.7269645],[120.3930307,-3.726472],[120.3936258,-3.7259153],[120.393641,-3.7259003],[120.3939307,-3.7256142],[120.3940134,-3.7255242],[120.3947517,-3.7247209],[120.3949133,-3.7245864],[120.3950816,-3.7244753],[120.3953739,-3.7242806],[120.395669,-3.7240986],[120.395783,-3.7240243],[120.3959754,-3.7239119],[120.3961551,-3.7237935],[120.3962803,-3.723706],[120.3964212,-3.7235679],[120.3965387,-3.7234328],[120.3966339,-3.7233151],[120.396764,-3.7231237],[120.3968717,-3.7229181],[120.3970858,-3.7223448],[120.3971291,-3.7222253],[120.3972926,-3.7217496],[120.3973038,-3.7217174],[120.3973205,-3.7216695],[120.3977329,-3.7205388],[120.3978806,-3.7201808],[120.3979643,-3.7200015],[120.3980675,-3.7198342],[120.3982968,-3.7195446],[120.398382,-3.7194655],[120.3984719,-3.7194026],[120.3989004,-3.7191697],[120.3994683,-3.7188974],[120.3997922,-3.7187609],[120.4005647,-3.7184236],[120.4015189,-3.7180844],[120.4022357,-3.7178361],[120.4023845,-3.7177799],[120.4025213,-3.7177371],[120.4040965,-3.7171951],[120.404936,-3.7169187],[120.4052076,-3.7168304],[120.4053544,-3.7167882],[120.405917,-3.7165842],[120.4063945,-3.7164142],[120.4066962,-3.7163051],[120.4069034,-3.7162469],[120.4070301,-3.7161987],[120.4072816,-3.7161218],[120.4089365,-3.715561],[120.4093898,-3.7154205],[120.4097297,-3.7153157],[120.4101053,-3.715201],[120.4107061,-3.715011],[120.4112276,-3.7148569],[120.4115483,-3.7147581],[120.4117864,-3.7146771],[120.412275,-3.7145045],[120.4123946,-3.7144623],[120.4126735,-3.7143619],[120.4128433,-3.7142897],[120.4130436,-3.714192],[120.4131945,-3.7141164],[120.4134513,-3.7139631],[120.4136773,-3.7138186],[120.4138543,-3.7136958],[120.4144303,-3.7132297],[120.4146972,-3.7129949],[120.4148582,-3.7128309],[120.4149498,-3.7127325],[120.4153457,-3.7122941],[120.4157585,-3.7118371],[120.4158081,-3.7117821],[120.4159257,-3.7116519],[120.4160404,-3.7115259],[120.4164862,-3.7110363],[120.4169786,-3.7104875],[120.4173338,-3.7100894],[120.4176537,-3.7097137],[120.4178524,-3.7094554],[120.4179705,-3.709268],[120.4181743,-3.7088959],[120.4182763,-3.7086792],[120.4183316,-3.7085544],[120.4185069,-3.7081358],[120.4186837,-3.7076343],[120.4188131,-3.7073004],[120.4188209,-3.7072756],[120.4188593,-3.7071532],[120.4189519,-3.7068896],[120.4190733,-3.706565],[120.4191128,-3.706466],[120.4191618,-3.7063643],[120.4192472,-3.706198],[120.4193797,-3.7059554],[120.4193991,-3.7059293],[120.4194789,-3.70576],[120.4195198,-3.705647],[120.4195475,-3.7055261],[120.4195856,-3.705311],[120.4196198,-3.7051484],[120.4196955,-3.7048901],[120.4197847,-3.7046158],[120.4198417,-3.7044793],[120.4199821,-3.7040637],[120.4200107,-3.7039788],[120.4200357,-3.7037127],[120.4200372,-3.7036337],[120.4200254,-3.7035572],[120.420002,-3.7034956],[120.4199436,-3.7034046],[120.4198746,-3.7033431],[120.4197948,-3.7032849],[120.419605,-3.7031878],[120.4189547,-3.702893],[120.418864,-3.7028519],[120.418788,-3.7028153],[120.4184403,-3.7026478],[120.4182331,-3.7025695],[120.4177543,-3.7023534],[120.4175545,-3.7022437],[120.4170448,-3.7020079],[120.4166909,-3.7018362],[120.4165972,-3.7017893],[120.4165345,-3.7017485],[120.4163649,-3.701606],[120.4162261,-3.7014664],[120.4160954,-3.7013091],[120.4158345,-3.7009897],[120.4156625,-3.7007642],[120.4154499,-3.7004875],[120.4153149,-3.7003027],[120.4152355,-3.7002003],[120.4149462,-3.699827],[120.4144795,-3.6992676],[120.4143767,-3.6991281],[120.4142594,-3.6989528],[120.4142076,-3.6988599],[120.41414,-3.6987333],[120.4141018,-3.6986396],[120.4140789,-3.6985494],[120.4140629,-3.6984174],[120.4140595,-3.6982849],[120.4140884,-3.6979095],[120.4141024,-3.6977336],[120.4141071,-3.6975208],[120.4141246,-3.6971862],[120.4141226,-3.6969533],[120.4141078,-3.6968851],[120.4140877,-3.6968495],[120.4140669,-3.6968128],[120.4139502,-3.6966509],[120.4138986,-3.6966],[120.4137792,-3.6965043],[120.4137202,-3.6964762],[120.4136217,-3.6964662],[120.4136002,-3.6964667],[120.4135137,-3.6964688],[120.4132804,-3.6965137],[120.412925,-3.6966375],[120.4125366,-3.6967855],[120.412255,-3.6968845],[120.4120056,-3.69698],[120.4119688,-3.6969941],[120.4118004,-3.697051],[120.4117816,-3.6970625],[120.4114927,-3.697128],[120.411325,-3.6971661],[120.4111809,-3.6971822],[120.411028,-3.6971922],[120.4108053,-3.6971614],[120.4106278,-3.697137],[120.4102307,-3.6970492],[120.4101147,-3.6970236],[120.4096915,-3.6969114],[120.4094287,-3.6968389],[120.4091861,-3.6967512],[120.4090465,-3.6966749],[120.408909,-3.6965772],[120.4087702,-3.6964514],[120.4086958,-3.6963785],[120.4084651,-3.6960968],[120.4083297,-3.6959295],[120.4082666,-3.6958773],[120.4081784,-3.6958089],[120.4080715,-3.6957569],[120.4079542,-3.69571],[120.4078797,-3.6956926],[120.4077644,-3.6956699],[120.4074405,-3.6956244],[120.407242,-3.6955936],[120.4070456,-3.6955474],[120.4069161,-3.6955039],[120.4066774,-3.6953621],[120.4065031,-3.695172],[120.4063196,-3.6949018],[120.4062474,-3.6947936],[120.4054549,-3.6936256],[120.4045701,-3.6923063],[120.404077,-3.6916429],[120.403951,-3.6914702],[120.4033448,-3.6906485],[120.4032192,-3.6904827],[120.4031642,-3.6903975],[120.4031134,-3.6902811],[120.4030913,-3.6901908],[120.4030967,-3.6900168],[120.4031134,-3.6898622],[120.4032296,-3.6892904],[120.4033682,-3.6886885],[120.403377,-3.6885881],[120.403383,-3.6884751],[120.4033589,-3.688277],[120.4032744,-3.6880334],[120.4031623,-3.6878242],[120.4028794,-3.6874191],[120.4027373,-3.6872443],[120.4025093,-3.6869601],[120.4024415,-3.6868711],[120.4023825,-3.6867707],[120.402339,-3.6866871],[120.402298,-3.6865753],[120.402231,-3.6863391],[120.4022062,-3.6861357],[120.4022062,-3.6856739],[120.4022301,-3.6851344],[120.4022719,-3.6846943],[120.4022786,-3.6843972],[120.4022598,-3.684266],[120.4022216,-3.6841355],[120.4020962,-3.6838237],[120.4019447,-3.6834895],[120.4017596,-3.6831639],[120.4016402,-3.6829531],[120.4014129,-3.6826085],[120.4012399,-3.6823589],[120.4010951,-3.6821588],[120.4008503,-3.6818182],[120.4006968,-3.6816034],[120.400615,-3.6814113],[120.4005875,-3.6813364],[120.4005754,-3.6812548],[120.4005224,-3.6807823],[120.4004855,-3.6804531],[120.4004862,-3.6803541],[120.4004956,-3.6801948],[120.4004993,-3.6801714],[120.4005121,-3.6800915],[120.4005546,-3.679903],[120.4005995,-3.6797799],[120.4006787,-3.6796186],[120.4007471,-3.6795089],[120.4009006,-3.6792988],[120.4011393,-3.6789993],[120.401248,-3.6788652],[120.4013975,-3.6786644],[120.4014713,-3.678548],[120.4015202,-3.6784616],[120.4015544,-3.678372],[120.4015799,-3.6782843],[120.4015962,-3.6781962],[120.401606,-3.6778895],[120.401596,-3.6777155],[120.4015812,-3.6775991],[120.4015504,-3.6774552],[120.4015209,-3.6773314],[120.4014042,-3.6770049],[120.4012413,-3.6766234],[120.4011783,-3.6764991],[120.4011185,-3.6764066],[120.4009415,-3.6761456],[120.4008342,-3.6760178],[120.4007813,-3.6759509],[120.4006787,-3.6757716],[120.4005955,-3.6755976],[120.400511,-3.6752563],[120.4004178,-3.6748334],[120.4003722,-3.6745697],[120.4003286,-3.6743817],[120.400269,-3.6741468],[120.4001885,-3.6738109],[120.400155,-3.6736871],[120.4000316,-3.6731758],[120.3998284,-3.6723789],[120.3997593,-3.6720709],[120.3996319,-3.6715036],[120.3994931,-3.6709114],[120.3994495,-3.6707374],[120.3993724,-3.6703372],[120.3993315,-3.6701561],[120.3992665,-3.66984],[120.3991813,-3.6693789],[120.3991062,-3.6689948],[120.3989909,-3.6684655],[120.3988647,-3.668002],[120.3987622,-3.6676157],[120.3987211,-3.6674634],[120.398678,-3.6673056],[120.398488,-3.666741],[120.3984218,-3.6665301],[120.3980669,-3.6653699],[120.3977785,-3.6645682],[120.3977249,-3.6644163],[120.3976415,-3.6642139],[120.3975753,-3.6640563],[120.3974795,-3.6638127],[120.3974278,-3.6636795],[120.3973695,-3.6634888],[120.3973118,-3.6632874],[120.3971904,-3.6628645],[120.397047,-3.6622609],[120.3970161,-3.6621096],[120.3968659,-3.6614485],[120.3968518,-3.6612451],[120.3968552,-3.6610577],[120.3968898,-3.6607346],[120.3969195,-3.6606174],[120.3969651,-3.6604956],[120.3970242,-3.6603872],[120.3970966,-3.6602948],[120.3971791,-3.6602125],[120.3978221,-3.6597983],[120.3981567,-3.6596236],[120.398667,-3.6593513],[120.3990016,-3.6591712],[120.399125,-3.6591117],[120.3992759,-3.6590675],[120.3993906,-3.6590453],[120.3994911,-3.6590434],[120.3996205,-3.6590501],[120.3998418,-3.6590956],[120.4000121,-3.6591224],[120.400226,-3.6591518],[120.400446,-3.6591793],[120.400566,-3.6591813],[120.4006465,-3.6591813],[120.4008081,-3.6591679],[120.4010113,-3.6591378],[120.4012895,-3.6590742],[120.4014558,-3.6590361],[120.4015296,-3.6590123],[120.4016516,-3.6589571],[120.4017355,-3.6589136],[120.401826,-3.6588534],[120.4018895,-3.6587908],[120.4019313,-3.6587363],[120.4019722,-3.658664],[120.4020265,-3.6582879],[120.4020369,-3.6582012],[120.4020788,-3.6580202],[120.402111,-3.6579078],[120.4021358,-3.6578416],[120.4021733,-3.6577646],[120.4022384,-3.6576776],[120.4022934,-3.6575987],[120.402349,-3.6575398],[120.4024228,-3.6574842],[120.4025636,-3.6574086],[120.4027104,-3.6573256],[120.402813,-3.6572701],[120.4029974,-3.6571824],[120.4031973,-3.6571007],[120.4035366,-3.6569589],[120.4041857,-3.6566772],[120.4043655,-3.6565982],[120.4050149,-3.6562754],[120.4052848,-3.6561473],[120.4057427,-3.6559076],[120.4059606,-3.6557818],[120.4060283,-3.6557256],[120.4060786,-3.6556808],[120.4061343,-3.6556226],[120.4062174,-3.6555289],[120.4064481,-3.6552184],[120.4066828,-3.6549139],[120.4068551,-3.6546823],[120.4069765,-3.654505],[120.4070798,-3.6543176],[120.4071562,-3.6541624],[120.4074861,-3.6535628]]}},{"type":"Feature","properties":{"segmentId":"osm-gaul2-18188-5315789413-4688808790-0","regionId":"gaul2-18188","province":"Sulawesi Selatan","region":"Wajo","roadName":"Unnamed OSM road","highway":"tertiary","lengthMeters":9841.172,"osmWayIds":["246100243","246100246","475004741","475004745","475068891","550360798","564169294","564169295","594019370"],"u":"5315789413","v":"4688808790","key":0,"oneway":false,"source":"OpenStreetMap"},"geometry":{"type":"LineString","coordinates":[[120.3630593,-3.7539971],[120.3626154,-3.7538405],[120.3625095,-3.7537883],[120.3624451,-3.7537495],[120.3624049,-3.7537013],[120.3623097,-3.7536037],[120.3622413,-3.753529],[120.3621709,-3.7534675],[120.3621072,-3.7534243],[120.3620334,-3.7533976],[120.3619234,-3.7533601],[120.3616016,-3.7533039],[120.3612837,-3.753245],[120.3611322,-3.7532008],[120.361045,-3.7531661],[120.3609163,-3.7531045],[120.3605354,-3.7528168],[120.3600633,-3.7522574],[120.3596771,-3.7518412],[120.3592801,-3.751409],[120.3592117,-3.7513206],[120.359138,-3.7512122],[120.3590132,-3.7510222],[120.358399,-3.7500734],[120.3581536,-3.749704],[120.3578773,-3.749225],[120.3576326,-3.7488175],[120.3572443,-3.7482186],[120.3571062,-3.7480152],[120.3569962,-3.7478506],[120.356795,-3.7473996],[120.3566059,-3.7469419],[120.3563578,-3.7463585],[120.3561138,-3.7457282],[120.3558576,-3.7450042],[120.3557307,-3.7446321],[120.3555819,-3.744248],[120.355519,-3.7440895],[120.3554592,-3.7439811],[120.3553909,-3.7438968],[120.3553137,-3.7438198],[120.3552091,-3.7437128],[120.3550723,-3.7435829],[120.355002,-3.7435093],[120.3549604,-3.7434531],[120.3549153,-3.7433755],[120.3548027,-3.7431534],[120.3546002,-3.7427037],[120.3543373,-3.7421496],[120.3541839,-3.7417556],[120.3540704,-3.7414444],[120.3540061,-3.7411687],[120.3539063,-3.7407425],[120.3537834,-3.7402534],[120.3537298,-3.7399857],[120.3536923,-3.7398224],[120.3536735,-3.739635],[120.3536735,-3.7394317],[120.3536897,-3.7392269],[120.3537124,-3.739077],[120.3537358,-3.7388448],[120.3537432,-3.7387131],[120.3537345,-3.738598],[120.3537177,-3.7385036],[120.3536829,-3.7383898],[120.3536279,-3.7382427],[120.3535535,-3.7380559],[120.3535046,-3.7379268],[120.3534577,-3.7378004],[120.3534061,-3.7377254],[120.3533517,-3.7376571],[120.3529326,-3.7371967],[120.3528876,-3.7371513],[120.3528059,-3.7370709],[120.352732,-3.7369893],[120.3525992,-3.7368528],[120.3524665,-3.7367003],[120.352307,-3.7365304],[120.3521917,-3.7364173],[120.3521052,-3.7363484],[120.352012,-3.7362961],[120.3518456,-3.7361877],[120.3517088,-3.7360941],[120.3515774,-3.7360217],[120.351454,-3.7359575],[120.3513359,-3.7358959],[120.3512171,-3.7358504],[120.351098,-3.7358137],[120.3509247,-3.7357713],[120.3508067,-3.7357379],[120.350678,-3.7357004],[120.3505696,-3.7356639],[120.3504771,-3.7356271],[120.3504233,-3.735588],[120.3503738,-3.7355468],[120.350226,-3.7353953],[120.3501094,-3.7352695],[120.3500035,-3.7351411],[120.3498626,-3.7349791],[120.34975,-3.734844],[120.3496329,-3.734707],[120.3495196,-3.7345712],[120.349412,-3.7344265],[120.3492699,-3.7342337],[120.349125,-3.7340276],[120.3488275,-3.7336116],[120.3487307,-3.7334816],[120.3485054,-3.7331551],[120.3481852,-3.732723],[120.3479917,-3.7324163],[120.3478577,-3.7322129],[120.3477259,-3.7320584],[120.3476541,-3.7319897],[120.3476016,-3.7319444],[120.3474164,-3.7318221],[120.3472743,-3.7317178],[120.3472105,-3.7316601],[120.3471557,-3.7315993],[120.3470452,-3.7314383],[120.3469645,-3.7312963],[120.3467754,-3.7309255],[120.3466932,-3.7307197],[120.3466198,-3.7304919],[120.3466111,-3.7304568],[120.3465984,-3.7304089],[120.3465528,-3.7302082],[120.3464455,-3.7297318],[120.3463549,-3.7293732],[120.3462491,-3.7289804],[120.3461814,-3.7286834],[120.3461069,-3.7283782],[120.3460682,-3.7281954],[120.3460579,-3.7281232],[120.3460432,-3.7280429],[120.3459782,-3.727873],[120.3459138,-3.7277713],[120.3458342,-3.7276744],[120.3457233,-3.7275679],[120.3455061,-3.7274233],[120.3453889,-3.7273566],[120.3452968,-3.7273136],[120.3449692,-3.7272014],[120.3447516,-3.7271322],[120.3446352,-3.7271097],[120.3445082,-3.7271021],[120.3442923,-3.7270981],[120.3440254,-3.7271021],[120.3437861,-3.7271168],[120.3435912,-3.7271398],[120.3434353,-3.7271663],[120.3432187,-3.7272017],[120.342974,-3.7272466],[120.3426588,-3.7273062],[120.3423873,-3.7273376],[120.3421949,-3.7273537],[120.3418395,-3.7273831],[120.3416759,-3.7274072],[120.3414774,-3.7274393],[120.3412092,-3.7274768],[120.3410951,-3.7274794],[120.3409812,-3.7274768],[120.3407277,-3.7274507],[120.3405288,-3.7274088],[120.3402498,-3.7273339],[120.3398493,-3.72721],[120.3396447,-3.7271402],[120.3393316,-3.7270512],[120.3390634,-3.7269924],[120.3388703,-3.7269923],[120.3385095,-3.7270218],[120.3382775,-3.7270405],[120.3379838,-3.7270686],[120.3378108,-3.727097],[120.3376981,-3.7271155],[120.3375368,-3.7271545],[120.3373977,-3.7271718],[120.3372234,-3.7271771],[120.3369846,-3.7271637],[120.3367352,-3.7271396],[120.3365193,-3.7271236],[120.3362983,-3.7271095],[120.3360995,-3.7270914],[120.3356167,-3.7270192],[120.3352385,-3.7269817],[120.3350024,-3.7269602],[120.3346404,-3.7269603],[120.3344386,-3.7269831],[120.3343319,-3.7269951],[120.3341695,-3.72703],[120.3339832,-3.72707],[120.3337177,-3.7271423],[120.3335267,-3.7271891],[120.3331706,-3.7272922],[120.3329542,-3.727374],[120.3328148,-3.7274249],[120.3327403,-3.7274484],[120.3325398,-3.7275266],[120.3323527,-3.7276009],[120.3323304,-3.7276234],[120.3323125,-3.727655],[120.3323037,-3.7277013],[120.3322991,-3.7277541],[120.3323011,-3.72792],[120.3322931,-3.7279682],[120.332278,-3.7280168],[120.3322642,-3.7280405],[120.3322448,-3.7280654],[120.3321996,-3.7280951],[120.3321388,-3.7281181],[120.3319394,-3.7281647],[120.3315464,-3.7282222],[120.3312259,-3.7282584],[120.3308772,-3.7282905],[120.330264,-3.7283697],[120.3299193,-3.7284138],[120.3297503,-3.7284566],[120.3296866,-3.7284781],[120.329626,-3.7285086],[120.3294419,-3.7286293],[120.3292814,-3.7287884],[120.3291609,-3.7289251],[120.3291016,-3.7290132],[120.3290483,-3.7291004],[120.3289943,-3.7292025],[120.3288482,-3.7294815],[120.3287989,-3.729561],[120.3285974,-3.7298697],[120.3284903,-3.7300244],[120.3283774,-3.7302176],[120.3281682,-3.7305549],[120.3280019,-3.7308332],[120.3276676,-3.7314249],[120.3275241,-3.7316912],[120.3274494,-3.7318624],[120.3274266,-3.7319306],[120.3274128,-3.7320004],[120.3274081,-3.7320981],[120.3273994,-3.7321757],[120.3273836,-3.7322973],[120.3273645,-3.732434],[120.3272998,-3.7325951],[120.3272,-3.732858],[120.3271382,-3.7331163],[120.3270256,-3.7336141],[120.3269219,-3.7340412],[120.3268643,-3.7342661],[120.3267989,-3.7344599],[120.3267691,-3.7345411],[120.3267292,-3.7346205],[120.326647,-3.7347264],[120.3265575,-3.7348186],[120.3263859,-3.7349778],[120.3263077,-3.7350811],[120.3262625,-3.7351598],[120.3262433,-3.7352022],[120.3262272,-3.7352697],[120.3262196,-3.7353833],[120.3261995,-3.7356777],[120.3261566,-3.7359239],[120.3260908,-3.7362123],[120.3260559,-3.7362786],[120.3260241,-3.7363256],[120.3259808,-3.7363642],[120.3258135,-3.7364407],[120.3255933,-3.7365181],[120.3253663,-3.7365873],[120.3251,-3.7366849],[120.3250086,-3.7367269],[120.324859,-3.7368199],[120.3246726,-3.7369618],[120.3244453,-3.7371706],[120.324279,-3.7373264],[120.3238868,-3.7377748],[120.3238092,-3.7378466],[120.3237258,-3.7379086],[120.3235839,-3.7379918],[120.3234287,-3.7380705],[120.3231132,-3.7381978],[120.3228215,-3.738323],[120.3227806,-3.7383517],[120.3227535,-3.7383844],[120.3227187,-3.7384405],[120.3224122,-3.7392],[120.3223022,-3.739477],[120.3221574,-3.7398745],[120.3220018,-3.7403402],[120.3218758,-3.7407791],[120.3217792,-3.7410762],[120.3217265,-3.7412745],[120.3216907,-3.7414991],[120.3216621,-3.7418406],[120.3216505,-3.7422057],[120.3216648,-3.7430931],[120.3216675,-3.7433086],[120.3216541,-3.7435],[120.3216259,-3.7436539],[120.3215709,-3.7438158],[120.3214596,-3.7441089],[120.3213966,-3.7442862],[120.3213208,-3.7444923],[120.3212585,-3.7447352],[120.3211927,-3.7449239],[120.3211552,-3.7449995],[120.3211109,-3.7450764],[120.3210519,-3.7451634],[120.3209782,-3.7452557],[120.3208226,-3.7453829],[120.3207301,-3.7454418],[120.3206456,-3.7454806],[120.320435,-3.7455408],[120.3201525,-3.7456015],[120.3198614,-3.7456872],[120.3197296,-3.7457255],[120.3195304,-3.7457783],[120.3193876,-3.7458312],[120.3191896,-3.7458852],[120.3187828,-3.7460346],[120.3185901,-3.7461007],[120.3181817,-3.7462459],[120.3179821,-3.7463063],[120.3178762,-3.7463411],[120.3177606,-3.7463737],[120.3174843,-3.7464426],[120.3172895,-3.7464816],[120.3171387,-3.7465052],[120.3170168,-3.7465106],[120.3168255,-3.7465072],[120.3165888,-3.7464971],[120.3164198,-3.7464945],[120.3162629,-3.7465085],[120.3161898,-3.7465237],[120.3161261,-3.746554],[120.3160235,-3.7466289],[120.3158838,-3.7467369],[120.3156729,-3.7469321],[120.3154703,-3.7471315],[120.3153054,-3.7473242],[120.3151364,-3.747549],[120.3149688,-3.7477738],[120.3148977,-3.747901],[120.3148466,-3.748046],[120.3148092,-3.7482516],[120.3148027,-3.748329],[120.3147985,-3.7484122],[120.3147977,-3.7484762],[120.3148079,-3.7485581],[120.3148185,-3.7486187],[120.3148513,-3.7487119],[120.3148805,-3.7487854],[120.3149265,-3.7488612],[120.3150156,-3.7489734],[120.3150854,-3.7490511],[120.3151806,-3.7491594],[120.3152871,-3.7492968],[120.3153361,-3.7493989],[120.3153992,-3.7495716],[120.3154559,-3.7498273],[120.3154823,-3.7499423],[120.315503,-3.7501002],[120.3155038,-3.750341],[120.3154791,-3.7506681],[120.3154679,-3.7507101],[120.3154515,-3.7507559],[120.3153925,-3.7509299],[120.3153064,-3.7511317],[120.3152302,-3.7513367],[120.3151685,-3.7515776],[120.3151202,-3.7518131],[120.3150532,-3.7521016],[120.315029,-3.7521811],[120.3149975,-3.7522461],[120.3149299,-3.7523733],[120.3148091,-3.7525553],[120.3147099,-3.7527158],[120.3146522,-3.7528241],[120.3146053,-3.7529487],[120.3145878,-3.7530195],[120.3145784,-3.7531299],[120.3145757,-3.7532249],[120.3145811,-3.7533547],[120.3146053,-3.7535429],[120.3146207,-3.7537597],[120.3146234,-3.75385],[120.3146207,-3.7538643],[120.3146089,-3.7538763],[120.3145881,-3.7538884],[120.3145636,-3.7538937],[120.3142599,-3.7539195],[120.3139636,-3.7539383],[120.3139101,-3.7539337],[120.313867,-3.7539195],[120.3138388,-3.7539047],[120.3138006,-3.7538753],[120.313755,-3.7538372],[120.3136898,-3.7537999],[120.3135154,-3.7537119],[120.3134177,-3.7536612],[120.3133986,-3.7536575],[120.3133855,-3.7536579],[120.3133479,-3.7536672],[120.3133178,-3.7536699],[120.3132922,-3.7536645],[120.3131622,-3.7536016],[120.3115951,-3.7529433],[120.3096646,-3.752121]]}},{"type":"Feature","properties":{"segmentId":"osm-gaul2-18188-5315789413-5616264705-0","regionId":"gaul2-18188","province":"Sulawesi Selatan","region":"Wajo","roadName":"Jalan Poros Tarumpakkae - Belopa","highway":"trunk","lengthMeters":2895.75,"osmWayIds":["587962440","587967928","588269079"],"u":"5315789413","v":"5616264705","key":0,"oneway":false,"source":"OpenStreetMap"},"geometry":{"type":"LineString","coordinates":[[120.3630593,-3.7539971],[120.3628769,-3.7544976],[120.3626919,-3.7548188],[120.3625048,-3.7550846],[120.3623056,-3.7553447],[120.3617996,-3.7560496],[120.3615878,-3.7562763],[120.3613426,-3.7565261],[120.3612194,-3.7566281],[120.3611956,-3.7566466],[120.3609069,-3.7568716],[120.360515,-3.7571603],[120.3602377,-3.7573761],[120.3599373,-3.7576134],[120.3597545,-3.7577838],[120.3596514,-3.7578877],[120.3595225,-3.7580168],[120.359374,-3.7581589],[120.3592237,-3.7583016],[120.3591112,-3.7584132],[120.3589314,-3.7585578],[120.3587355,-3.7586889],[120.358458,-3.7588535],[120.3582317,-3.7589811],[120.3580212,-3.7590884],[120.3579028,-3.7591412],[120.357712,-3.7592388],[120.3575073,-3.7593564],[120.3572026,-3.7595296],[120.3569789,-3.7596698],[120.3567449,-3.7598087],[120.356555,-3.7599068],[120.3564141,-3.7599536],[120.3562238,-3.759987],[120.3557754,-3.7600519],[120.3552226,-3.7601596],[120.3549582,-3.7602249],[120.3549084,-3.7602372],[120.3547341,-3.7602806],[120.3544655,-3.760371],[120.3543265,-3.7604264],[120.3541638,-3.7604912],[120.353748,-3.7606975],[120.3534888,-3.7607976],[120.3532296,-3.7608804],[120.3529192,-3.760976],[120.3526505,-3.7610819],[120.3525904,-3.7611123],[120.3523305,-3.7612436],[120.3520982,-3.7614023],[120.3518887,-3.7615702],[120.3518054,-3.7616792],[120.3517363,-3.7617695],[120.3516909,-3.7618563],[120.35166,-3.7619153],[120.3515929,-3.762088],[120.3514964,-3.7623453],[120.3513864,-3.7627036],[120.3512281,-3.7632321],[120.351153,-3.7633914],[120.3510886,-3.7635359],[120.3509505,-3.7637688],[120.3508379,-3.7639414],[120.350744,-3.7640792],[120.3506689,-3.7641863],[120.3506514,-3.7642129],[120.3506179,-3.7642719],[120.3504342,-3.7645476],[120.3502759,-3.7647577],[120.3500881,-3.7649852],[120.349942,-3.7651876],[120.3498615,-3.7653318],[120.3497984,-3.7654616],[120.3497193,-3.7656918],[120.3495101,-3.7663529],[120.3493424,-3.7668186],[120.3491386,-3.767303],[120.3489549,-3.7677259],[120.3488637,-3.767869],[120.3487618,-3.7680109],[120.3485088,-3.7682556],[120.3482187,-3.7684955],[120.3478565,-3.7687107],[120.3474207,-3.7688966],[120.3464032,-3.7692319],[120.346234,-3.7692935],[120.3460781,-3.769366],[120.3459592,-3.7694575],[120.3458536,-3.7695719],[120.3457573,-3.7697174],[120.345579,-3.7701495],[120.3453317,-3.7709866]]}},{"type":"Feature","properties":{"segmentId":"osm-gaul2-18188-5353801415-2539721942-0","regionId":"gaul2-18188","province":"Sulawesi Selatan","region":"Wajo","roadName":"Jembatan Sungai Keera","highway":"trunk","lengthMeters":15062.145,"osmWayIds":["244503740","344079338","587962441","588604956","588604958"],"u":"5353801415","v":"2539721942","key":0,"oneway":false,"source":"OpenStreetMap"},"geometry":{"type":"LineString","coordinates":[[120.2709362,-3.9346628],[120.2711793,-3.9344103],[120.2716,-3.9339256],[120.2718877,-3.9335919],[120.2725388,-3.9328312],[120.2732243,-3.9320555],[120.2736908,-3.9315722],[120.2741253,-3.9311213],[120.2743989,-3.9308176],[120.2745722,-3.9306253],[120.2747275,-3.9304389],[120.2748301,-3.9302824],[120.274879,-3.9302122],[120.2749273,-3.9301325],[120.2749836,-3.9300389],[120.2750594,-3.9298777],[120.2751261,-3.9297142],[120.2753514,-3.9291041],[120.2755415,-3.9285859],[120.2756415,-3.9283238],[120.2757618,-3.928031],[120.2758534,-3.9277993],[120.2759761,-3.9275075],[120.2760733,-3.9272507],[120.276199,-3.9269366],[120.2762772,-3.9267155],[120.2763811,-3.9264425],[120.2764623,-3.926183],[120.2765696,-3.9258666],[120.2766842,-3.9254791],[120.2767834,-3.9250644],[120.2768907,-3.9246416],[120.276929,-3.924437],[120.2769873,-3.9241947],[120.277055,-3.9239052],[120.277106,-3.923669],[120.2771723,-3.9233973],[120.277216,-3.9231934],[120.2772769,-3.9229156],[120.2773179,-3.9227278],[120.2773849,-3.9224414],[120.2774279,-3.9222133],[120.27746,-3.9220834],[120.2774969,-3.9218934],[120.2775351,-3.9216681],[120.2775593,-3.9215236],[120.2775962,-3.9212779],[120.2776793,-3.9207053],[120.2777497,-3.9200758],[120.2777705,-3.9199507],[120.2778109,-3.9197919],[120.2778861,-3.9196187],[120.2780092,-3.9194462],[120.2780621,-3.919372],[120.2781875,-3.9191961],[120.2783357,-3.9190054],[120.2783847,-3.9189579],[120.2785805,-3.9186823],[120.2789198,-3.9182274],[120.2790888,-3.9179986],[120.2791893,-3.9178541],[120.2792859,-3.9176962],[120.2793489,-3.9175878],[120.27942,-3.9174433],[120.2795058,-3.9172667],[120.2796319,-3.9170018],[120.279756,-3.9167042],[120.2797768,-3.9166278],[120.2798894,-3.9162231],[120.2799798,-3.9158224],[120.2800101,-3.9156879],[120.2802542,-3.9146068],[120.2804849,-3.9135632],[120.2807163,-3.9124842],[120.2808475,-3.9119197],[120.280896,-3.9117109],[120.2809677,-3.9113957],[120.2810535,-3.9109501],[120.2813151,-3.9099233],[120.2814601,-3.9093073],[120.2815497,-3.9089271],[120.2815846,-3.9087866],[120.2816221,-3.9086582],[120.2816677,-3.9085177],[120.2817267,-3.9083986],[120.2817938,-3.9082581],[120.2818903,-3.908123],[120.2820137,-3.9079356],[120.2825075,-3.9071694],[120.2829826,-3.9065377],[120.2834192,-3.9059608],[120.2834834,-3.9058357],[120.2835321,-3.9056842],[120.2835513,-3.9054624],[120.2835453,-3.9051874],[120.2835321,-3.9049323],[120.2834603,-3.9046351],[120.2833521,-3.904307],[120.2831905,-3.9038977],[120.2830115,-3.9035015],[120.2828401,-3.9031393],[120.2826311,-3.9027286],[120.2824484,-3.9023473],[120.2821283,-3.9017212],[120.2817535,-3.9010717],[120.2814025,-3.9003991],[120.281096,-3.8997316],[120.280786,-3.8990186],[120.2805606,-3.8984512],[120.2805183,-3.8983254],[120.2804973,-3.8982097],[120.280469,-3.8978758],[120.2804775,-3.8975817],[120.2805203,-3.8970817],[120.2805538,-3.8968334],[120.2805622,-3.8966781],[120.2805613,-3.8963814],[120.280509,-3.8961292],[120.2804319,-3.8959064],[120.2802392,-3.8955583],[120.2799541,-3.8950846],[120.2794217,-3.8941959],[120.2792692,-3.8939357],[120.2791574,-3.8937495],[120.2790206,-3.8935565],[120.2785181,-3.8928903],[120.2783412,-3.8926571],[120.2780816,-3.8922891],[120.2776555,-3.8916941],[120.2774734,-3.8914375],[120.277352,-3.8912321],[120.2772823,-3.8910554],[120.2772447,-3.890836],[120.277224,-3.8906133],[120.2772424,-3.8901902],[120.277315,-3.8894967],[120.2773416,-3.8893204],[120.2774328,-3.8884159],[120.2774328,-3.888143],[120.277403,-3.8879352],[120.2773474,-3.8876964],[120.2772635,-3.8873759],[120.2771489,-3.8870328],[120.2770731,-3.8868434],[120.2769983,-3.8867086],[120.2768646,-3.8864708],[120.2765991,-3.8861256],[120.2761558,-3.8856365],[120.2759197,-3.8853689],[120.2756737,-3.8850846],[120.275386,-3.8846597],[120.2752939,-3.8845232],[120.275089,-3.8841587],[120.2749974,-3.8839202],[120.2749441,-3.8837198],[120.2749276,-3.8835509],[120.2749495,-3.8833719],[120.2750373,-3.8830139],[120.2751932,-3.8824644],[120.2753296,-3.8819997],[120.2755074,-3.8814666],[120.2755684,-3.8813227],[120.2756113,-3.8812317],[120.2756689,-3.8811554],[120.2757487,-3.8810465],[120.2759841,-3.8808035],[120.2761584,-3.8806108],[120.276312,-3.8803748],[120.2763824,-3.8802589],[120.2764301,-3.8801393],[120.2764562,-3.8800261],[120.2764791,-3.8798785],[120.276494,-3.8797991],[120.2765262,-3.8793227],[120.2765527,-3.8788553],[120.2765991,-3.8786299],[120.2766681,-3.8784379],[120.2768025,-3.8782094],[120.2771378,-3.8777278],[120.2772032,-3.8776408],[120.2774815,-3.8772705],[120.2777439,-3.8769357],[120.2779099,-3.8767975],[120.27809,-3.8766654],[120.2784551,-3.8764383],[120.2787589,-3.8762435],[120.2790378,-3.8760763],[120.2791746,-3.8759451],[120.2793103,-3.875801],[120.2794449,-3.8755471],[120.2795088,-3.8752872],[120.27952,-3.8751083],[120.2795085,-3.8749242],[120.279475,-3.8747476],[120.2794207,-3.8745998],[120.2790513,-3.8737935],[120.2789855,-3.873558],[120.2789539,-3.8733872],[120.2789313,-3.8731668],[120.2789426,-3.8730295],[120.2789621,-3.8729139],[120.2790909,-3.8725042],[120.2794636,-3.8716266],[120.2796031,-3.871252],[120.2798411,-3.870593],[120.2799142,-3.8704045],[120.2799706,-3.8702164],[120.2800342,-3.8699708],[120.2801086,-3.8696125],[120.2801898,-3.8691813],[120.2802649,-3.8686969],[120.280391,-3.8677389],[120.2804446,-3.8672492],[120.2804875,-3.8668424],[120.2805251,-3.8665668],[120.2805814,-3.8663286],[120.2806431,-3.8661065],[120.2807082,-3.8658918],[120.2808094,-3.8656622],[120.2810588,-3.8651324],[120.2813049,-3.8646025],[120.2816261,-3.8639696],[120.2817911,-3.8636953],[120.2819091,-3.8634946],[120.2819722,-3.8634023],[120.2820265,-3.86332],[120.2824227,-3.8626824],[120.2826079,-3.86238],[120.2827232,-3.8621994],[120.2828345,-3.8620442],[120.2832918,-3.8614446],[120.2835533,-3.8611504],[120.2836874,-3.8610112],[120.2838101,-3.8608754],[120.2848059,-3.8597413],[120.2853115,-3.8591566],[120.2855515,-3.8588796],[120.2857822,-3.8585946],[120.2862677,-3.8580032],[120.2867934,-3.8574198],[120.2872977,-3.8568604],[120.2878785,-3.8562525],[120.2885208,-3.8555866],[120.2891483,-3.8549256],[120.2898136,-3.8542272],[120.2903996,-3.853611],[120.2904902,-3.8535254],[120.2905807,-3.8534497],[120.2906612,-3.8533909],[120.2907684,-3.8533213],[120.2909884,-3.8532022],[120.2923684,-3.8524221],[120.2924243,-3.852398],[120.2928211,-3.8522208],[120.2929598,-3.8521639],[120.293161,-3.8520838],[120.2936559,-3.8519136],[120.2941427,-3.8517691],[120.2946147,-3.8516367],[120.296089,-3.8512009],[120.2973917,-3.850828],[120.2978374,-3.8506649],[120.298443,-3.8504305],[120.2987641,-3.8502999],[120.2990256,-3.8501822],[120.2992489,-3.8500624],[120.2994025,-3.84994],[120.2995285,-3.8498383],[120.2998109,-3.8495326],[120.3000962,-3.8492101],[120.3007095,-3.8485093],[120.3017186,-3.8473575],[120.3018433,-3.8472237],[120.3020505,-3.847001],[120.3023985,-3.8466764],[120.3028793,-3.8462596],[120.3032957,-3.845911],[120.3040239,-3.8453129],[120.3047542,-3.8447251],[120.3053254,-3.8443462],[120.3058961,-3.8440083],[120.3064403,-3.8436962],[120.3073869,-3.8431408],[120.3077095,-3.8429644],[120.3085756,-3.8424628],[120.309442,-3.8419543],[120.3104612,-3.8413655],[120.3114912,-3.8407715],[120.3125024,-3.8401692],[120.3134959,-3.839584],[120.3144926,-3.8390025],[120.3154823,-3.8384351],[120.3164506,-3.8378704],[120.3174323,-3.8372924],[120.3184596,-3.8366902],[120.3194922,-3.8360961],[120.3205034,-3.8355073],[120.3215053,-3.8349049],[120.3216916,-3.8347794],[120.3218151,-3.8346809],[120.3219223,-3.8345707],[120.3220219,-3.834438],[120.3220977,-3.8343256],[120.3224802,-3.8336394],[120.3230435,-3.832617],[120.3234357,-3.8317479],[120.3236248,-3.831386],[120.3236462,-3.8313348],[120.3239071,-3.8308095],[120.3239527,-3.8306389],[120.3239674,-3.8303871],[120.3239587,-3.8294785],[120.3239513,-3.8290311],[120.323949,-3.8289549]]}},{"type":"Feature","properties":{"segmentId":"osm-gaul2-18188-5353801415-5595886274-0","regionId":"gaul2-18188","province":"Sulawesi Selatan","region":"Wajo","roadName":"Jembatan Sungai Sakkoli","highway":"trunk","lengthMeters":9964.422,"osmWayIds":["1433968537","344079337","344079338","585584571","585584572","588604946","588822747","588822750","588822760"],"u":"5353801415","v":"5595886274","key":0,"oneway":false,"source":"OpenStreetMap"},"geometry":{"type":"LineString","coordinates":[[120.2709362,-3.9346628],[120.2705395,-3.9350231],[120.2703656,-3.9351694],[120.2701369,-3.9353826],[120.2698237,-3.9356797],[120.2696051,-3.9358857],[120.2692954,-3.9361782],[120.2690533,-3.9364182],[120.2686565,-3.9367919],[120.2683566,-3.93708],[120.2682171,-3.9372164],[120.2679804,-3.9374591],[120.267797,-3.9376347],[120.2676737,-3.9377551],[120.2674715,-3.937975],[120.2671909,-3.9382903],[120.2669883,-3.9385393],[120.2667134,-3.938887],[120.2666352,-3.9389914],[120.2665086,-3.9391605],[120.2664019,-3.9393215],[120.2662691,-3.9395222],[120.266076,-3.9398567],[120.2658498,-3.940249],[120.2657425,-3.9404222],[120.2656556,-3.9405626],[120.2654152,-3.9409929],[120.2652687,-3.9412722],[120.2650692,-3.9416512],[120.2649122,-3.941959],[120.2647742,-3.9422238],[120.2646723,-3.9424111],[120.2645179,-3.9426949],[120.2644027,-3.9429142],[120.2643062,-3.9431082],[120.2642132,-3.9433126],[120.2641797,-3.943417],[120.2641636,-3.9434972],[120.2641523,-3.9435662],[120.2641451,-3.9436556],[120.2641434,-3.9437702],[120.2641456,-3.9438753],[120.2641743,-3.9443281],[120.2641985,-3.9446947],[120.2642199,-3.9449248],[120.2642376,-3.9450671],[120.2642709,-3.9452298],[120.2643031,-3.9454197],[120.2643142,-3.9456771],[120.2643213,-3.9458421],[120.2643178,-3.9460166],[120.2642843,-3.9462518],[120.2642475,-3.946424],[120.2641515,-3.9467725],[120.264056,-3.9470774],[120.2638045,-3.947787],[120.2636272,-3.9483446],[120.2634206,-3.9489627],[120.2632329,-3.9494309],[120.2631435,-3.9496126],[120.2629975,-3.9499093],[120.2627967,-3.9502806],[120.2625025,-3.9508537],[120.2620119,-3.9517896],[120.261602,-3.9525716],[120.2612829,-3.9531804],[120.2609829,-3.9537527],[120.2606131,-3.9544582],[120.2604792,-3.9546296],[120.2602912,-3.9547499],[120.2600479,-3.9548629],[120.2593276,-3.9551304],[120.259096,-3.9552171],[120.2589409,-3.9552782],[120.2589119,-3.9552896],[120.2580589,-3.9556415],[120.2574517,-3.9558873],[120.2568885,-3.9561148],[120.256057,-3.9564488],[120.2554508,-3.9567021],[120.2549372,-3.9569081],[120.2543914,-3.9571396],[120.2539506,-3.957319],[120.2533493,-3.9575503],[120.2528169,-3.9577658],[120.2519907,-3.958105],[120.2513967,-3.9583478],[120.2510693,-3.9584762],[120.2506538,-3.9586407],[120.2502473,-3.9588054],[120.2495794,-3.9590658],[120.2487463,-3.9593863],[120.2478947,-3.9597208],[120.2477029,-3.9598058],[120.2469103,-3.9601155],[120.2454827,-3.9606743],[120.2434328,-3.9614835],[120.2432913,-3.9615096],[120.2432267,-3.9615175],[120.2430996,-3.961533],[120.2429178,-3.9615457],[120.2425289,-3.961543],[120.2422956,-3.9615163],[120.2421051,-3.9614922],[120.2419066,-3.9614387],[120.241385,-3.961242],[120.2407855,-3.9610132],[120.2404931,-3.9608915],[120.2400666,-3.9607242],[120.2397931,-3.9606399],[120.2395047,-3.9605824],[120.2390072,-3.9604928],[120.2381811,-3.9604018],[120.2369665,-3.9602621],[120.2351341,-3.9600446],[120.2340531,-3.9599296],[120.232995,-3.9598693],[120.2325417,-3.9598425],[120.2316889,-3.9597942],[120.2311966,-3.9597676],[120.2307076,-3.959704],[120.229671,-3.9594885],[120.2275519,-3.9589826],[120.2255682,-3.9585314],[120.2246067,-3.9583087],[120.2238886,-3.9581586],[120.2234396,-3.9580909],[120.2222535,-3.9579513],[120.2209289,-3.9577966],[120.2205391,-3.9577586],[120.2198066,-3.9576637],[120.2187078,-3.957533],[120.218516,-3.9575133],[120.2183187,-3.957499],[120.2180538,-3.9574985],[120.2178955,-3.957524],[120.2175302,-3.9576096],[120.2170694,-3.9577233],[120.2164069,-3.9579133],[120.2157524,-3.9580832],[120.2154158,-3.9582076],[120.2150381,-3.9584109],[120.2149109,-3.9585014],[120.2146524,-3.9586698],[120.2131185,-3.9596539],[120.2123541,-3.9602252],[120.211705,-3.9606346],[120.2112101,-3.9609557],[120.2106118,-3.9613424],[120.2099454,-3.9617638],[120.2091528,-3.9622976],[120.2087626,-3.9625545],[120.2078265,-3.9631873],[120.2064063,-3.9641305],[120.2056713,-3.9646175],[120.2050772,-3.9650108],[120.2039574,-3.965752],[120.2036516,-3.9659781],[120.203142,-3.9665575],[120.2019538,-3.9678539],[120.2017204,-3.9681014],[120.2016091,-3.9682432],[120.2015166,-3.9683502],[120.2013195,-3.968575],[120.2007709,-3.9691984],[120.2004464,-3.969553],[120.2000462,-3.9700162],[120.2000194,-3.9700545],[120.2000159,-3.9700594]]}},{"type":"Feature","properties":{"segmentId":"osm-gaul2-18188-5353801415-5665101225-0","regionId":"gaul2-18188","province":"Sulawesi Selatan","region":"Wajo","roadName":"Jalan Poros Solo -Peneki - Kulampu","highway":"primary","lengthMeters":13450.053,"osmWayIds":["593577262","593577264","593577310"],"u":"5353801415","v":"5665101225","key":0,"oneway":false,"source":"OpenStreetMap"},"geometry":{"type":"LineString","coordinates":[[120.2709362,-3.9346628],[120.2713117,-3.9348555],[120.2717851,-3.9350883],[120.2722639,-3.9353037],[120.2728567,-3.9355646],[120.2735084,-3.9359065],[120.2736814,-3.9360028],[120.2737626,-3.9360463],[120.2738269,-3.9360764],[120.27389,-3.9361031],[120.2739604,-3.9361312],[120.2740462,-3.936166],[120.2741247,-3.9361908],[120.2742199,-3.9362215],[120.2743252,-3.9362597],[120.2744311,-3.9362891],[120.2748482,-3.9363808],[120.275225,-3.9364583],[120.2753397,-3.9364945],[120.2754403,-3.9365286],[120.275508,-3.9365554],[120.2755885,-3.9365901],[120.2756877,-3.9366316],[120.2757903,-3.9366784],[120.2759204,-3.9367407],[120.2762215,-3.9368972],[120.2763522,-3.9369614],[120.2764133,-3.9369995],[120.2764575,-3.9370323],[120.2765018,-3.9370698],[120.2765433,-3.9371166],[120.2765775,-3.9371661],[120.2765936,-3.937219],[120.2765977,-3.9372665],[120.2765822,-3.9376036],[120.276536,-3.9380063],[120.2764817,-3.9383181],[120.2763824,-3.9386633],[120.2763563,-3.9387456],[120.2763388,-3.9388131],[120.2763308,-3.9388747],[120.2763294,-3.9389302],[120.2763361,-3.9389891],[120.2763482,-3.9390499],[120.2763878,-3.9391275],[120.2766412,-3.9395048],[120.276837,-3.9397564],[120.2770174,-3.9399731],[120.2771603,-3.9400975],[120.2772226,-3.940145],[120.2772689,-3.9401812],[120.2773105,-3.9402159],[120.2773547,-3.9402574],[120.2773815,-3.9402922],[120.277409,-3.9403337],[120.2774345,-3.9403765],[120.2774546,-3.940422],[120.2774734,-3.9404675],[120.2774922,-3.9405397],[120.2775103,-3.9407384],[120.2775049,-3.9410622],[120.2774996,-3.9414194],[120.2775049,-3.9417766],[120.2775411,-3.942067],[120.2776457,-3.9426918],[120.2777195,-3.9430062],[120.2778389,-3.9433822],[120.2780186,-3.943809],[120.278323,-3.944415],[120.2784517,-3.9446412],[120.278834,-3.9452553],[120.2793074,-3.9458935],[120.2797821,-3.9464099],[120.2803085,-3.9470061],[120.2806772,-3.9474994],[120.2809928,-3.9478954],[120.2811508,-3.9480596],[120.2812757,-3.9481511],[120.2815033,-3.9483009],[120.2817491,-3.9484271],[120.2819446,-3.9485071],[120.2820164,-3.9485325],[120.2820727,-3.9485486],[120.2821465,-3.9485653],[120.2822223,-3.9485726],[120.2822994,-3.9485753],[120.2823966,-3.9485713],[120.2825347,-3.9485599],[120.2830853,-3.9484482],[120.2831449,-3.9484389],[120.2831872,-3.9484335],[120.2832361,-3.9484368],[120.2832884,-3.9484435],[120.2833347,-3.9484549],[120.2833971,-3.948481],[120.2838853,-3.9487816],[120.2843184,-3.949073],[120.2844176,-3.9491459],[120.2845229,-3.9492262],[120.2846875,-3.949363],[120.2847864,-3.949447],[120.2851693,-3.9497346],[120.2852377,-3.9497888],[120.285292,-3.9498376],[120.2853457,-3.9498845],[120.2853873,-3.9499213],[120.285437,-3.9499904],[120.2854697,-3.9500972],[120.2854872,-3.9502083],[120.2855716,-3.9507922],[120.2856535,-3.951232],[120.2857971,-3.951995],[120.2858564,-3.9522903],[120.2859126,-3.9525677],[120.2859485,-3.9527209],[120.285982,-3.9528613],[120.2860115,-3.9529684],[120.2860478,-3.9530767],[120.2860974,-3.9532025],[120.2861577,-3.9533724],[120.2862811,-3.9536641],[120.286412,-3.9539023],[120.2865476,-3.9540798],[120.2865768,-3.9541136],[120.2866231,-3.9541738],[120.2866834,-3.9542655],[120.2867599,-3.9544106],[120.2869704,-3.9548923],[120.2870316,-3.9550378],[120.2870727,-3.9551275],[120.2871661,-3.9553551],[120.2875483,-3.9561409],[120.287932,-3.9568966],[120.2879991,-3.9570704],[120.2880554,-3.9572055],[120.2881157,-3.9573808],[120.2881754,-3.957548],[120.2882083,-3.9576638],[120.288266,-3.9579023],[120.2882747,-3.9579815],[120.2882914,-3.9581113],[120.2883149,-3.9583133],[120.2883283,-3.9584464],[120.2883337,-3.958617],[120.2883343,-3.9587796],[120.2883243,-3.9589903],[120.2883122,-3.9592171],[120.2882633,-3.9596465],[120.2882391,-3.9599543],[120.2881353,-3.9609483],[120.2881318,-3.96104],[120.2881392,-3.9611403],[120.2881466,-3.9612607],[120.28816,-3.9613744],[120.2881774,-3.9614935],[120.2882069,-3.9616353],[120.2882633,-3.9618106],[120.2883357,-3.9620166],[120.2884027,-3.9622213],[120.2886963,-3.9629813],[120.2889027,-3.9635737],[120.2892662,-3.9644847],[120.2894592,-3.9650502],[120.2895624,-3.9654272],[120.2896253,-3.9659208],[120.2896702,-3.9661228],[120.2897554,-3.9663562],[120.2898542,-3.9665357],[120.2905193,-3.9674401],[120.2907624,-3.9677114],[120.2912858,-3.9682141],[120.2918378,-3.9688425],[120.2920173,-3.9690668],[120.292143,-3.9692643],[120.29232,-3.969685],[120.2923853,-3.9698118],[120.2924603,-3.9699114],[120.2927803,-3.9702247],[120.2929483,-3.970374],[120.2934445,-3.9708934],[120.293983,-3.9713377],[120.2943735,-3.971616],[120.2945754,-3.9717955],[120.2946517,-3.9719032],[120.2947235,-3.9720827],[120.2947639,-3.9731104],[120.2948222,-3.9736714],[120.2949255,-3.97421],[120.2949928,-3.9744029],[120.2950377,-3.9744882],[120.2951543,-3.9745869],[120.2952576,-3.9746273],[120.295888,-3.974744],[120.2960504,-3.9747781],[120.2961398,-3.9747998],[120.296208,-3.9748269],[120.2962635,-3.974859],[120.2965484,-3.97509],[120.2972233,-3.9756595],[120.2972614,-3.9756818],[120.2973144,-3.9757059],[120.2973758,-3.9757259],[120.2977079,-3.9758112],[120.2978991,-3.9758558],[120.2980305,-3.9758812],[120.2981837,-3.9759019],[120.2994013,-3.9760335],[120.2995688,-3.9760645],[120.2997376,-3.9761033],[120.300029,-3.9761862],[120.3002621,-3.9762678],[120.3004699,-3.9763581],[120.3005974,-3.9764444],[120.3006924,-3.9765077],[120.3009796,-3.9767187],[120.3013557,-3.9770203],[120.3016528,-3.977338],[120.3017919,-3.9774838],[120.3019984,-3.9777105],[120.3020305,-3.9777731],[120.3020612,-3.9778541],[120.3020718,-3.9779892],[120.3020657,-3.9781189],[120.3020163,-3.9783792],[120.3019714,-3.9785363],[120.3018799,-3.9787774],[120.3017874,-3.979003],[120.3017038,-3.9791162],[120.3016259,-3.9792184],[120.3014859,-3.9793455],[120.3013286,-3.9794787],[120.3008608,-3.9798291],[120.3005344,-3.9801049],[120.3004358,-3.9801995],[120.3003693,-3.9803],[120.3002885,-3.9804975],[120.2996557,-3.9827549],[120.2993864,-3.9836614],[120.2991575,-3.9846667],[120.2989096,-3.9856484],[120.2986953,-3.9864619],[120.2984968,-3.9871261],[120.2983677,-3.9874402],[120.2981352,-3.9882736],[120.2980896,-3.9884448],[120.2980221,-3.9888535],[120.29797,-3.9893242],[120.2979569,-3.9895599],[120.2979685,-3.9897219],[120.2980107,-3.9898775],[120.2980943,-3.9900697],[120.2981851,-3.9902467],[120.2983331,-3.9904592],[120.2985517,-3.990773],[120.2989556,-3.9912684],[120.2990992,-3.9914658],[120.2993105,-3.9918362],[120.2995839,-3.9922602],[120.2998352,-3.9925612],[120.3001887,-3.9929306],[120.3005947,-3.9932596],[120.3009527,-3.9935303],[120.3012175,-3.9937098],[120.3018188,-3.9940329],[120.3019645,-3.9940931],[120.3021106,-3.9941496],[120.3023664,-3.9942169],[120.3029485,-3.9943123],[120.3044206,-3.9945325],[120.3046642,-3.9946083],[120.3053194,-3.9949036],[120.3055273,-3.994978],[120.3057233,-3.9950382],[120.3068363,-3.9952043],[120.307908,-3.9953526],[120.3089905,-3.9955139],[120.3093495,-3.9955947],[120.3094444,-3.9956452],[120.3095313,-3.9957091],[120.309615,-3.995803],[120.3097123,-3.995963],[120.3099542,-3.996455],[120.3102443,-3.9972612],[120.3103153,-3.997422],[120.3111402,-3.9990189],[120.3113825,-3.9994184],[120.3114902,-3.9995665],[120.3116204,-3.9996876],[120.3118403,-3.9998537],[120.3123743,-4.0002082],[120.3126436,-4.0003653],[120.3134873,-4.0007827],[120.3138419,-4.0010295],[120.3147305,-4.0017162],[120.3152511,-4.0020797],[120.3156999,-4.0024163],[120.3160364,-4.00269],[120.3165211,-4.0031388],[120.3167635,-4.0036549],[120.3167632,-4.0037932],[120.3167376,-4.0039072],[120.3167007,-4.0039915],[120.3165401,-4.004108],[120.3163865,-4.0042069],[120.3157447,-4.0045121],[120.3148831,-4.0047724],[120.3146856,-4.0048981],[120.3144343,-4.0051539],[120.3141785,-4.0055354],[120.3138912,-4.0061816],[120.313622,-4.0066708],[120.3131507,-4.0073395],[120.3125494,-4.0080755],[120.3122083,-4.0085512],[120.3120062,-4.0089809],[120.3118658,-4.0094308],[120.3117671,-4.0101825],[120.3117146,-4.011208],[120.3116742,-4.0117241],[120.3116742,-4.0119126],[120.3117236,-4.0124736],[120.3121365,-4.0136584],[120.3121769,-4.0138559],[120.3121814,-4.0140489],[120.3121589,-4.014179],[120.3121302,-4.0142666],[120.312096,-4.0143369],[120.3120196,-4.0144994],[120.3118211,-4.0149168],[120.3117279,-4.0151048],[120.3116668,-4.0152667],[120.3115616,-4.0155851],[120.311512,-4.0157871],[120.3114717,-4.0160158],[120.3114734,-4.0162998],[120.3114409,-4.016749],[120.3114838,-4.0174667],[120.3114711,-4.0182232],[120.3114449,-4.018363],[120.311404,-4.0185088],[120.3113054,-4.0187971],[120.311109,-4.0193711],[120.3110218,-4.0196272],[120.3108548,-4.0201109],[120.3105524,-4.0207951],[120.3104445,-4.0210072],[120.3102171,-4.0213336],[120.3096693,-4.0221329],[120.309279,-4.0227637],[120.3089263,-4.0233437],[120.3087433,-4.0236687],[120.3086822,-4.0237945],[120.308642,-4.0239009],[120.3086246,-4.0239938],[120.3086226,-4.0240995],[120.30864,-4.0242279],[120.3086695,-4.0243443],[120.308748,-4.0245885],[120.3087801,-4.0246611],[120.3088039,-4.0247095]]}},{"type":"Feature","properties":{"segmentId":"osm-gaul2-18188-5356080306-5400785913-0","regionId":"gaul2-18188","province":"Sulawesi Selatan","region":"Wajo","roadName":"Jalan Poros Pangkajene Sidrap - Anabanua - Tarumpakkae","highway":"trunk","lengthMeters":175.733,"osmWayIds":["600583977"],"u":"5356080306","v":"5400785913","key":0,"oneway":false,"source":"OpenStreetMap"},"geometry":{"type":"LineString","coordinates":[[120.0654405,-3.9492077],[120.0655635,-3.9496624],[120.0655784,-3.949721],[120.065602,-3.9498228],[120.0657691,-3.9504759],[120.0658053,-3.9506423],[120.0658353,-3.9507379]]}},{"type":"Feature","properties":{"segmentId":"osm-gaul2-18188-5356080306-5591343256-0","regionId":"gaul2-18188","province":"Sulawesi Selatan","region":"Wajo","roadName":"Jalan Poros Pangkajene Sidrap - Anabanua - Tarumpakkae","highway":"trunk","lengthMeters":6687.027,"osmWayIds":["583892896","585270284","600583977","774874076","774874077","774874078","774874079"],"u":"5356080306","v":"5591343256","key":0,"oneway":false,"source":"OpenStreetMap"},"geometry":{"type":"LineString","coordinates":[[120.0654405,-3.9492077],[120.0652944,-3.9486419],[120.0652167,-3.9483502],[120.0651326,-3.9480413],[120.0650954,-3.9478896],[120.0650477,-3.9476973],[120.0649264,-3.9472381],[120.064868,-3.9469722],[120.0648127,-3.946726],[120.0647493,-3.9464351],[120.0647007,-3.9462806],[120.0645965,-3.9458373],[120.0645657,-3.9456794],[120.0645603,-3.9455282],[120.0645779,-3.9453169],[120.0646167,-3.9449688],[120.0646683,-3.9445337],[120.0646961,-3.9443304],[120.0647443,-3.9439791],[120.0647722,-3.9437902],[120.0647937,-3.9436457],[120.0648232,-3.9434718],[120.0648453,-3.9432798],[120.0649171,-3.942732],[120.0649427,-3.942572],[120.0649779,-3.9423523],[120.0650155,-3.9421302],[120.0650654,-3.9418309],[120.065091,-3.9415376],[120.0650927,-3.9413953],[120.065091,-3.9412646],[120.0650611,-3.9410545],[120.0650209,-3.9408511],[120.0649596,-3.9405956],[120.0648948,-3.9402678],[120.0648666,-3.9401336],[120.0648465,-3.9400377],[120.0648019,-3.9398379],[120.0646516,-3.9392036],[120.0646379,-3.9391457],[120.0645461,-3.9387586],[120.0632943,-3.9340701],[120.0627204,-3.9317997],[120.0626855,-3.9316725],[120.0625474,-3.931211],[120.0624642,-3.9310009],[120.062377,-3.9307881],[120.0623341,-3.9307038],[120.0622684,-3.9306089],[120.0621705,-3.9305018],[120.0620793,-3.9304122],[120.0619385,-3.9302877],[120.0616273,-3.9300857],[120.0613926,-3.929865],[120.0612143,-3.9297004],[120.0610654,-3.9295211],[120.0609353,-3.9293418],[120.0580707,-3.9249974],[120.0577915,-3.9246077],[120.057486,-3.9241813],[120.0566491,-3.9229531],[120.0557868,-3.9217076],[120.0553631,-3.9210734],[120.054971,-3.9205077],[120.0547526,-3.92018],[120.0541735,-3.9193111],[120.0535271,-3.9183826],[120.0524998,-3.9168948],[120.0517514,-3.9157762],[120.0516763,-3.9156705],[120.0508958,-3.9145051],[120.0502105,-3.9135404],[120.0499182,-3.9130762],[120.0496714,-3.9127203],[120.0493321,-3.9122547],[120.0489043,-3.9116178],[120.0487997,-3.9114719],[120.0487353,-3.9113769],[120.0484523,-3.9109582],[120.0483665,-3.9108123],[120.0481653,-3.910522],[120.0480889,-3.910439],[120.0479856,-3.9103387],[120.0479132,-3.9102798],[120.0478153,-3.9102089],[120.0476409,-3.9100737],[120.0474364,-3.9099306],[120.0472681,-3.9098128],[120.047012,-3.9096469],[120.0465667,-3.9093151],[120.0465104,-3.909279],[120.0463816,-3.90918],[120.0457782,-3.9087465],[120.0449064,-3.9081604],[120.044193,-3.9076547],[120.0433919,-3.9070744],[120.0424791,-3.9064556],[120.0422859,-3.9063247],[120.0412247,-3.9056133],[120.0406337,-3.9052249],[120.0401321,-3.9048957],[120.0390969,-3.9042436],[120.038741,-3.9040131],[120.0386083,-3.9039208],[120.0385013,-3.9038601],[120.0383135,-3.9037745],[120.0381778,-3.9037347],[120.0380293,-3.9036982],[120.0373962,-3.9036273],[120.0368484,-3.9035421],[120.0364175,-3.9034338],[120.0354892,-3.9032005],[120.0350235,-3.9030595],[120.0344841,-3.9029024],[120.0339323,-3.9027407]]}},{"type":"Feature","properties":{"segmentId":"osm-gaul2-18188-5356080306-5633988564-0","regionId":"gaul2-18188","province":"Sulawesi Selatan","region":"Wajo","roadName":"Jalan Poros Anabanua - Malake - Batas Kab. Sidrap","highway":"primary","lengthMeters":29995.686,"osmWayIds":["1431970017","1431970018","1431970019","1431970020","1431970023","1431970024","1431970025","1431970026","247202939","247202940","250325108","251401294","251407620","562403436","581129105","585044302","585044310","585044311","585266365","585266366","585307124","585307125","585307133","588530692","588530695","590001210","590001227","590001228","590001229","610937006","749971639","750633311","752107316","752107318","752107319","752107321","752881702"],"u":"5356080306","v":"5633988564","key":0,"oneway":false,"source":"OpenStreetMap"},"geometry":{"type":"LineString","coordinates":[[120.0654405,-3.9492077],[120.0647588,-3.9489988],[120.0642006,-3.9488064],[120.0634351,-3.9485105],[120.062751,-3.9482355],[120.0620592,-3.9479646],[120.0619941,-3.9479605],[120.0619623,-3.9479699],[120.0618815,-3.9480275],[120.0617373,-3.9484837],[120.0617152,-3.9485285],[120.0616917,-3.9485586],[120.0616018,-3.9485646],[120.0615174,-3.9485506],[120.0611928,-3.9484609],[120.0599831,-3.9481626],[120.0586089,-3.9478089],[120.0560649,-3.9472056],[120.0548309,-3.9469098],[120.0541899,-3.9467519],[120.0537588,-3.9466348],[120.0536745,-3.9466184],[120.0536658,-3.9466174],[120.0536237,-3.9466125],[120.0532592,-3.9465325],[120.0529053,-3.946445],[120.052422,-3.9463417],[120.0517591,-3.9461722],[120.0510809,-3.9460353],[120.0504297,-3.9458944],[120.0497519,-3.9457623],[120.0490853,-3.9457021],[120.0484362,-3.9455889],[120.0482867,-3.9455489],[120.0479119,-3.945474],[120.0473801,-3.9453697],[120.0468953,-3.9452887],[120.046444,-3.9451991],[120.0463678,-3.9451821],[120.0463538,-3.9451799],[120.046325,-3.9451743],[120.0457822,-3.9450907],[120.0452687,-3.9449896],[120.0439945,-3.9447388],[120.042986,-3.9445488],[120.0413954,-3.9442625],[120.040053,-3.9440431],[120.0393945,-3.943912],[120.0385724,-3.9437488],[120.037658,-3.9436237],[120.0374083,-3.9435895],[120.0360444,-3.9434076],[120.0352478,-3.9432791],[120.0347878,-3.9431962],[120.034187,-3.9430718],[120.0337927,-3.9430049],[120.0331637,-3.942942],[120.0328392,-3.9429233],[120.0326447,-3.9429259],[120.0323772,-3.9429061],[120.0321994,-3.9428729],[120.0319178,-3.9427333],[120.0317985,-3.9426677],[120.0316268,-3.9425848],[120.0313868,-3.942463],[120.0308745,-3.9422864],[120.0302361,-3.9421071],[120.0291994,-3.9418797],[120.0287327,-3.94177],[120.0283062,-3.9416602],[120.027401,-3.9414435],[120.0270751,-3.9413552],[120.0265199,-3.9412254],[120.0258815,-3.9410675],[120.0248945,-3.940812],[120.0240965,-3.94061],[120.0234635,-3.9404561],[120.0233012,-3.9404227],[120.0227624,-3.9402788],[120.0224094,-3.9401711],[120.0218413,-3.9400427],[120.0211246,-3.9398808],[120.0199968,-3.9396025],[120.0192404,-3.9394018],[120.0181702,-3.9391503],[120.0172234,-3.9389228],[120.0161076,-3.9386365],[120.0159466,-3.9385964],[120.0152466,-3.9384037],[120.014576,-3.9382485],[120.0140946,-3.9381361],[120.0138625,-3.938108],[120.0137754,-3.9380933],[120.0136507,-3.9380759],[120.01342,-3.9380625],[120.0128205,-3.9380612],[120.0122197,-3.9380559],[120.0116336,-3.9380559],[120.0115143,-3.9380478],[120.0114325,-3.9380451],[120.0112098,-3.9380371],[120.0109068,-3.9380077],[120.0102603,-3.937799],[120.0095764,-3.9374832],[120.0093082,-3.9373762],[120.0088361,-3.937221],[120.00847,-3.9370444],[120.0083318,-3.9369748],[120.0081253,-3.9368597],[120.0078893,-3.9367019],[120.007672,-3.9365707],[120.0073877,-3.9364985],[120.0069693,-3.9363754],[120.0037962,-3.935586],[120.0028279,-3.9353559],[120.0022781,-3.9352087],[120.0018489,-3.9350883],[120.001393,-3.9349893],[120.0010067,-3.9348983],[120.0008833,-3.9348849],[120.0008216,-3.934893],[120.0007023,-3.9351632],[120.0005615,-3.935499],[120.0003402,-3.9360175],[120.0001511,-3.936443],[119.9999969,-3.9367674],[119.999738,-3.9373173],[119.9994489,-3.9379455],[119.9992566,-3.9385295],[119.9990426,-3.9390346],[119.9989756,-3.939168],[119.9989455,-3.939258],[119.9989388,-3.9393125],[119.998932,-3.9393727],[119.9989213,-3.9394112],[119.998759,-3.9397162],[119.9981756,-3.9405163],[119.9979155,-3.9408655],[119.9976164,-3.9412375],[119.9972825,-3.9417031],[119.9970129,-3.9420295],[119.9966964,-3.9424643],[119.9964242,-3.9428216],[119.9962485,-3.9430611],[119.9958328,-3.9436136],[119.9953848,-3.944189],[119.9950388,-3.9446652],[119.9947049,-3.9451068],[119.9946553,-3.9451951],[119.9946043,-3.9453222],[119.9945453,-3.9454854],[119.9944849,-3.945749],[119.9944393,-3.9461155],[119.9943897,-3.9465049],[119.9942502,-3.9472046],[119.9941778,-3.9476448],[119.9941081,-3.9480181],[119.9940194,-3.9486994],[119.9938614,-3.9496953],[119.9938086,-3.950071],[119.9937212,-3.9507541],[119.9937127,-3.9508365],[119.9937101,-3.9508615],[119.9937044,-3.9509161],[119.9936187,-3.9515577],[119.9935863,-3.951874],[119.9935388,-3.9522218],[119.9934159,-3.9529764],[119.9933689,-3.9533414],[119.9933256,-3.9536274],[119.9932028,-3.9541511],[119.9931277,-3.9543906],[119.9930206,-3.9546649],[119.9928304,-3.9551089],[119.9926969,-3.9554968],[119.9926153,-3.9557367],[119.992577,-3.9558204],[119.9925135,-3.9559492],[119.9924263,-3.9561753],[119.9921742,-3.9567065],[119.9920039,-3.957144],[119.9919087,-3.9572885],[119.9918282,-3.957338],[119.9916512,-3.9574745],[119.9913642,-3.9576818],[119.9911845,-3.9577808],[119.9909565,-3.9578919],[119.9907479,-3.9579788],[119.9906641,-3.9580083],[119.9905126,-3.9580283],[119.9901773,-3.9579909],[119.989842,-3.9579521],[119.9892265,-3.9579173],[119.9890199,-3.9578892],[119.9888483,-3.9578785],[119.988686,-3.9578905],[119.9885479,-3.957912],[119.9883588,-3.9579641],[119.9882019,-3.958023],[119.9879001,-3.9581983],[119.9876771,-3.9583189],[119.9875045,-3.9584123],[119.987129,-3.9586398],[119.9870029,-3.9587334],[119.9868634,-3.9588538],[119.9866247,-3.9590906],[119.9864718,-3.9592432],[119.9864048,-3.9593181],[119.9863183,-3.9593796],[119.9862036,-3.9594204],[119.986093,-3.9594285],[119.9859361,-3.9594064],[119.985635,-3.9593395],[119.9854083,-3.9592833],[119.9851267,-3.959198],[119.9850442,-3.9591609],[119.9849813,-3.9591261],[119.9846419,-3.9589448],[119.9842188,-3.9587508],[119.9838312,-3.9585943],[119.9830634,-3.9582841],[119.9826558,-3.9581316],[119.9822025,-3.957947],[119.9815158,-3.9576928],[119.9812818,-3.9576256],[119.9810477,-3.9575802],[119.9809753,-3.9575728],[119.9808922,-3.9575694],[119.9806394,-3.9575909],[119.9804503,-3.957635],[119.9801499,-3.957718],[119.9797469,-3.957835],[119.9796268,-3.9578658],[119.9794646,-3.9579079],[119.9793036,-3.9579427],[119.9790716,-3.9579708],[119.9787685,-3.9579909],[119.9782757,-3.9579925],[119.9779384,-3.9579842],[119.9775816,-3.9579681],[119.9771485,-3.957932],[119.9766127,-3.9578747],[119.9763016,-3.9578533],[119.9759133,-3.9578384],[119.9755298,-3.9578129],[119.9754587,-3.9578063],[119.975228,-3.9577527],[119.9748163,-3.9576243],[119.9743965,-3.9574918],[119.9739955,-3.9573795],[119.9735945,-3.9572698],[119.9733008,-3.9571975],[119.9724627,-3.9570463],[119.9718203,-3.9569487],[119.9715976,-3.9569125],[119.9713911,-3.9568925],[119.9710035,-3.9568416],[119.9706374,-3.9568135],[119.9703155,-3.9567707],[119.9700098,-3.9567092],[119.9698287,-3.9566664],[119.96958,-3.956593],[119.9691669,-3.9565301],[119.9687378,-3.9564606],[119.9683583,-3.9563816],[119.9679811,-3.9563017],[119.9673237,-3.9561736],[119.9671321,-3.9561505],[119.9668532,-3.9561185],[119.966416,-3.9560569],[119.9662421,-3.9560294],[119.9658124,-3.9559794],[119.965386,-3.9559873],[119.9648562,-3.9560556],[119.9646749,-3.956067],[119.9645092,-3.9561041],[119.9644703,-3.9561255],[119.9644462,-3.9561556],[119.9644365,-3.9562145],[119.9644482,-3.9563111],[119.9644972,-3.9564884],[119.9645656,-3.9566302],[119.9647325,-3.9568376],[119.9649109,-3.9570316],[119.9651315,-3.9572805],[119.9652877,-3.9574745],[119.9654607,-3.9576919],[119.9655814,-3.9578698],[119.9656713,-3.9580464],[119.9659415,-3.9585495],[119.9661209,-3.9588518],[119.9662064,-3.9590197],[119.9662667,-3.9591723],[119.9662989,-3.9592713],[119.9663311,-3.9593997],[119.9663473,-3.9595309],[119.9663405,-3.95967],[119.9662721,-3.9599469],[119.9662078,-3.9601596],[119.9661836,-3.9602947],[119.9661662,-3.960458],[119.9661273,-3.9607456],[119.9660414,-3.9611323],[119.9660079,-3.9612714],[119.9659667,-3.9614513],[119.9659355,-3.9617384],[119.9659167,-3.9620581],[119.9658859,-3.962402],[119.9658181,-3.9628402],[119.965743,-3.9631766],[119.9656633,-3.9634569],[119.9655278,-3.9638963],[119.9654594,-3.9640783],[119.9653762,-3.9644557],[119.9652985,-3.9649694],[119.9652314,-3.965142],[119.9651282,-3.9655179],[119.9650289,-3.96593],[119.9649015,-3.9665829],[119.9648881,-3.9667782],[119.9648318,-3.9671715],[119.9648117,-3.9672251],[119.964762,-3.9672598],[119.964699,-3.9672772],[119.9645501,-3.9672973],[119.9641156,-3.9672946],[119.963319,-3.9672732],[119.9628939,-3.9672706],[119.9628067,-3.967308],[119.9627718,-3.9673481],[119.9627544,-3.967403],[119.9627262,-3.9674886],[119.9626458,-3.9677963],[119.9625076,-3.9682352],[119.9623038,-3.9688057],[119.9622113,-3.9690185],[119.9620295,-3.9693684],[119.9618659,-3.9698393],[119.9617264,-3.9703885],[119.961709,-3.9704534],[119.9616835,-3.970525],[119.9616493,-3.9705791],[119.9614602,-3.970547],[119.9613489,-3.9705337],[119.9612014,-3.9704922],[119.9611062,-3.9704815],[119.9609962,-3.9704574],[119.9609319,-3.9704547],[119.9607964,-3.9704065],[119.9607228,-3.970372],[119.9603217,-3.9702247],[119.9602331,-3.9701898],[119.960162,-3.9701483],[119.9597523,-3.9698714],[119.9596202,-3.969739],[119.959348,-3.9695021],[119.9590429,-3.9691857],[119.9589658,-3.9690854],[119.9588276,-3.9689202],[119.9586023,-3.9685977],[119.9583207,-3.9683649],[119.9581517,-3.9682834],[119.9579345,-3.968183],[119.957634,-3.9680773],[119.9573095,-3.9679997],[119.9571258,-3.9679395],[119.9568107,-3.9678419],[119.9563466,-3.9677254],[119.9562768,-3.9677455],[119.956187,-3.9678071],[119.9560704,-3.9678833],[119.9557606,-3.9681643],[119.9554159,-3.9684506],[119.9552509,-3.9686044],[119.9550501,-3.9687755],[119.9548218,-3.9689576],[119.9545065,-3.9692037],[119.9543352,-3.9693205],[119.9541797,-3.969432],[119.9538598,-3.9696466],[119.9535745,-3.9698363],[119.9532942,-3.9700814],[119.9530783,-3.9702648],[119.9528744,-3.9704628],[119.9527666,-3.9705691],[119.9526037,-3.970706],[119.9524509,-3.9708598],[119.9522605,-3.9710322],[119.9520712,-3.9712187],[119.9518619,-3.9714207],[119.9516863,-3.9715893],[119.9512947,-3.9719839],[119.9509889,-3.9722997],[119.9508105,-3.9724923],[119.9507394,-3.9725659],[119.9506154,-3.9727309],[119.9505215,-3.9728562],[119.9504694,-3.972923],[119.9504585,-3.9729439],[119.950421,-3.9730061],[119.9502218,-3.9733392],[119.9501105,-3.9735359],[119.9500005,-3.9737553],[119.9498449,-3.9740523],[119.9497403,-3.9742423],[119.949633,-3.9744322],[119.9495164,-3.9746209],[119.9493889,-3.9748697],[119.9492508,-3.9751213],[119.9491529,-3.9753072],[119.9490041,-3.9756096],[119.948854,-3.9759476],[119.9487881,-3.9760859],[119.9487104,-3.9762665],[119.9486165,-3.9765033],[119.9484582,-3.976823],[119.9483161,-3.9771615],[119.948186,-3.9774304],[119.9480203,-3.9777979],[119.9478619,-3.978132],[119.9477259,-3.9784484],[119.9476721,-3.9785577],[119.9475702,-3.9787741],[119.9474443,-3.9790171],[119.9473853,-3.9791442],[119.9472533,-3.9793642],[119.9471225,-3.9795817],[119.946987,-3.9798011],[119.9468207,-3.9800714],[119.9465225,-3.9805387],[119.9464473,-3.9806544],[119.9461805,-3.9810786],[119.9460209,-3.981335],[119.9459341,-3.9814725],[119.9456815,-3.9819106],[119.9454976,-3.9823103],[119.945338,-3.9826617],[119.9452061,-3.9830088],[119.9451855,-3.9830509],[119.9450493,-3.9833302],[119.9448575,-3.9837199],[119.9446595,-3.9841088],[119.9444968,-3.9844229],[119.9443047,-3.9847589],[119.9440632,-3.9852176],[119.9438079,-3.9856705],[119.9436417,-3.9859935],[119.9435911,-3.9860919],[119.943366,-3.9864798],[119.9431811,-3.9868023],[119.9428704,-3.9873758],[119.9427242,-3.9876122],[119.9426084,-3.9877927],[119.9423573,-3.9881755],[119.942143,-3.9885272],[119.9419322,-3.9888816],[119.9417088,-3.9892422],[119.941602,-3.9894197],[119.9413227,-3.9899103],[119.9410683,-3.9904231],[119.9407019,-3.991098],[119.940348,-3.9917191],[119.9399423,-3.9924599],[119.9397492,-3.9927996],[119.9395106,-3.9931991],[119.9389408,-3.9941773],[119.9387658,-3.9944934],[119.9385861,-3.994792],[119.938404,-3.9951343],[119.9382699,-3.9953725],[119.9380298,-3.995826],[119.9378514,-3.9961484],[119.93772,-3.9964173],[119.9376436,-3.9965872],[119.9375333,-3.9968092],[119.9373873,-3.9970692],[119.9372502,-3.9972786],[119.9371165,-3.9974287],[119.937032,-3.9974943],[119.9369502,-3.9975251],[119.9368538,-3.9975489],[119.9366796,-3.9975873],[119.9365217,-3.9976319],[119.9354951,-3.9979492],[119.9346931,-3.9981579],[119.9345774,-3.9981854],[119.9343987,-3.99821],[119.9341171,-3.9987065],[119.9339373,-3.9990228],[119.9337736,-3.9993244],[119.9332849,-4.0000744],[119.9331332,-4.0002859],[119.9327257,-4.0009513],[119.9325447,-4.001271],[119.9324891,-4.0013885],[119.9323811,-4.0015602],[119.9322812,-4.0017192],[119.9321538,-4.0019265],[119.9318808,-4.0023734],[119.9316167,-4.0027948],[119.9313282,-4.0032202],[119.9312277,-4.0034503],[119.9311272,-4.0036724],[119.9310454,-4.0038637],[119.9309314,-4.0041446],[119.9308052,-4.0044203],[119.9307355,-4.0045661],[119.9305458,-4.0050644],[119.9305129,-4.005166],[119.9303345,-4.0057327],[119.9301105,-4.0064457],[119.9300033,-4.0067548],[119.9298048,-4.0072899],[119.9294655,-4.0079093],[119.9292576,-4.0082919],[119.9291128,-4.0085568],[119.9290243,-4.0087575],[119.9289478,-4.0089554],[119.92887,-4.0091722],[119.9288141,-4.0093314],[119.9286836,-4.0097047],[119.9285294,-4.0100498],[119.9282664,-4.0105681],[119.9279809,-4.0110773],[119.9276698,-4.0116231],[119.9275182,-4.0118559],[119.9274257,-4.0119723],[119.9273183,-4.01209],[119.9271778,-4.012225],[119.9270475,-4.0123669],[119.9269818,-4.0124432],[119.926912,-4.0125542],[119.926731,-4.0129703],[119.9264829,-4.0136499],[119.9264628,-4.0136927],[119.92644,-4.0137422],[119.9263877,-4.0138118],[119.9263474,-4.0138666],[119.9262227,-4.0139777],[119.9259545,-4.0141757],[119.9256554,-4.0144312],[119.9254422,-4.0146332],[119.9252692,-4.0148218],[119.9251968,-4.0149355],[119.9251042,-4.0151389],[119.9250144,-4.0153984],[119.9248829,-4.0157677],[119.9247985,-4.0161396],[119.9247703,-4.0163336],[119.9248038,-4.0166827],[119.9248427,-4.0169877],[119.9248333,-4.0170707],[119.9247435,-4.0174439],[119.9245463,-4.0180179],[119.9244431,-4.0185062],[119.9243988,-4.0189169],[119.9243814,-4.0191978],[119.9244041,-4.019559],[119.9244753,-4.0199951],[119.9245343,-4.0202681],[119.9246228,-4.0206734],[119.9247462,-4.021036],[119.9248521,-4.0213035],[119.925072,-4.0218025],[119.9252021,-4.0220594],[119.9252236,-4.0221584],[119.9252531,-4.0226159],[119.9252571,-4.023147],[119.9252558,-4.0233503],[119.9252142,-4.0236808],[119.9251378,-4.0239684],[119.9250801,-4.0241383],[119.9249312,-4.0245356],[119.9248467,-4.0247002],[119.9247622,-4.0248527],[119.9245504,-4.0252326],[119.9243651,-4.025706],[119.9241452,-4.0262786],[119.9239603,-4.0268233],[119.9238101,-4.0272861],[119.9236304,-4.0277303],[119.9234721,-4.0281316],[119.9232978,-4.0284473],[119.92322,-4.0285664],[119.9229824,-4.0289645],[119.922877,-4.0292337],[119.9228016,-4.0294547],[119.9226607,-4.0298774],[119.9225146,-4.0303992],[119.9223657,-4.0309276],[119.9223152,-4.0311415],[119.9220277,-4.032299],[119.9219996,-4.0324126],[119.9219701,-4.0324821],[119.9219298,-4.0325156],[119.9218386,-4.0325129],[119.9216321,-4.0324995],[119.921608,-4.03306],[119.9216173,-4.0334841],[119.9216548,-4.0336179],[119.9217889,-4.0338855],[119.9219134,-4.0342225],[119.9219379,-4.0344286],[119.9219513,-4.0345062],[119.921805,-4.0347309],[119.9217233,-4.0348353],[119.9215758,-4.0349824],[119.9211036,-4.0353514],[119.9208918,-4.0355751],[119.9206142,-4.0358881],[119.9205217,-4.0359831],[119.9204546,-4.0360741],[119.9200252,-4.0370076],[119.9199289,-4.0371001],[119.9198404,-4.0371617],[119.9196969,-4.037246],[119.9192704,-4.0374212],[119.9190558,-4.0375175],[119.918962,-4.0375831],[119.9188855,-4.0376473],[119.9187206,-4.0377583],[119.9184374,-4.0379789],[119.918137,-4.0382758],[119.9178607,-4.0384712],[119.9176893,-4.0385904],[119.9174833,-4.0387631],[119.9171285,-4.0390758],[119.9169222,-4.039262],[119.9168093,-4.039421],[119.9166966,-4.039643],[119.9165599,-4.0398866],[119.9164418,-4.0400845],[119.9163686,-4.0401941],[119.9163026,-4.0403054],[119.9160888,-4.0405858],[119.9159625,-4.0407602],[119.9158735,-4.0409228],[119.9157643,-4.0411876],[119.9156747,-4.0414485],[119.9156061,-4.0416716],[119.9155651,-4.0418752],[119.9155623,-4.0420757],[119.9156016,-4.042302],[119.9155807,-4.0425675],[119.9155599,-4.042734],[119.915507,-4.042964],[119.9155071,-4.0429775],[119.9154393,-4.0431589],[119.9152776,-4.0435025],[119.9151746,-4.043633],[119.9150938,-4.0437137],[119.9149726,-4.043799],[119.9148021,-4.0439471],[119.9145463,-4.0442254],[119.9144386,-4.0443196],[119.9139853,-4.0448537],[119.9138731,-4.0450377],[119.9137519,-4.0452845],[119.9134827,-4.0459801],[119.9133539,-4.046232],[119.9132985,-4.0463221],[119.9132751,-4.0463542],[119.9132442,-4.0463636],[119.9128855,-4.0462855],[119.912805,-4.0462672],[119.9123161,-4.0462063],[119.9121378,-4.0462231],[119.9119568,-4.0462718],[119.9113787,-4.0464605],[119.9109201,-4.046586],[119.910763,-4.0466039],[119.9100898,-4.0466174],[119.9099821,-4.0466039],[119.909852,-4.0465591],[119.9094885,-4.0463795],[119.9083665,-4.0459487],[119.9071099,-4.0454102],[119.906825,-4.0453194],[119.9067559,-4.0453147],[119.906721,-4.0453241],[119.9066741,-4.0453669],[119.9066285,-4.0454826],[119.9066043,-4.045582],[119.9065641,-4.0457575],[119.9065165,-4.0459214],[119.9064387,-4.046102],[119.9062798,-4.0463936],[119.9061315,-4.0466264],[119.9060148,-4.0467834],[119.9057904,-4.0470303],[119.9056782,-4.0471874],[119.9054718,-4.0475239],[119.9053907,-4.047716],[119.9053189,-4.0479361],[119.9052743,-4.0480445],[119.9051922,-4.0482284],[119.9051479,-4.0483661],[119.9051305,-4.0484778],[119.9050983,-4.0491206],[119.9051218,-4.0494825],[119.9051323,-4.0495606],[119.9051915,-4.0503654],[119.9051891,-4.050652],[119.9051821,-4.050849],[119.9051566,-4.0511025],[119.905032,-4.052133],[119.9049366,-4.0527334],[119.9048979,-4.0530468],[119.9048087,-4.0533717],[119.90451,-4.0542433],[119.9044003,-4.0544313],[119.9041181,-4.0548128],[119.9037844,-4.0552058],[119.9036828,-4.0553632],[119.9035608,-4.0555439],[119.9034977,-4.0555987],[119.9034065,-4.0556389],[119.9032979,-4.0556816],[119.9031906,-4.0557231],[119.9030592,-4.0557766],[119.9027006,-4.0560139],[119.9022021,-4.0563893],[119.9018626,-4.0566539],[119.9014405,-4.0569492],[119.9013217,-4.0570448],[119.9011717,-4.0571622],[119.9007908,-4.0574296],[119.9005276,-4.0576277],[119.9001497,-4.0579072],[119.8998791,-4.0581226],[119.8997768,-4.0581648],[119.8995401,-4.0582354],[119.8989581,-4.0583705],[119.8988749,-4.0583772],[119.8987971,-4.0583691],[119.8985662,-4.0583036],[119.8981561,-4.0581959],[119.8979683,-4.0588052],[119.8978248,-4.0592801],[119.897816,-4.0593032],[119.8976827,-4.0597003],[119.897629,-4.0598634],[119.8975794,-4.0600373],[119.897453,-4.060409],[119.8974379,-4.0604346],[119.8974191,-4.060454],[119.897391,-4.0604534],[119.8972984,-4.0604139],[119.8970772,-4.0602935],[119.8970067,-4.0602306],[119.8970363,-4.0601624],[119.8970409,-4.0601283],[119.8970235,-4.0600942],[119.896996,-4.0600708],[119.8969088,-4.0599959],[119.8968686,-4.0599771],[119.8968371,-4.0599825],[119.896756,-4.0600066],[119.8965555,-4.0600106],[119.896414,-4.0600286],[119.8961739,-4.0600761],[119.896078,-4.0600915],[119.8960358,-4.0600868],[119.8959701,-4.0600661],[119.8959044,-4.0600661],[119.89573,-4.0600568],[119.8954471,-4.0601414],[119.8952555,-4.0601938],[119.8946893,-4.0603644],[119.8935909,-4.0607109],[119.8931806,-4.060832],[119.892787,-4.0609484],[119.8923358,-4.0610887]]}},{"type":"Feature","properties":{"segmentId":"osm-gaul2-18188-5391612533-2125214139-0","regionId":"gaul2-18188","province":"Sulawesi Selatan","region":"Wajo","roadName":"Jalan Poros Solo -Peneki - Kulampu","highway":"primary","lengthMeters":3440.377,"osmWayIds":["777891745"],"u":"5391612533","v":"2125214139","key":0,"oneway":false,"source":"OpenStreetMap"},"geometry":{"type":"LineString","coordinates":[[120.2844097,-4.2225872],[120.2844002,-4.2223715],[120.2844096,-4.2221528],[120.2844074,-4.2220198],[120.2843887,-4.2215483],[120.2843753,-4.2208452],[120.2843646,-4.2205522],[120.2843673,-4.2201474],[120.2843674,-4.2197397],[120.2843678,-4.2191964],[120.2843647,-4.2186051],[120.2843589,-4.2181397],[120.284358,-4.2169534],[120.284358,-4.2162753],[120.2843741,-4.215129],[120.2843714,-4.2146756],[120.2843794,-4.2142383],[120.2843888,-4.2136926],[120.2843754,-4.2131161],[120.2843767,-4.2121197],[120.2843741,-4.2116512],[120.2843446,-4.2106458],[120.2843405,-4.209986],[120.2843794,-4.2087091],[120.2843845,-4.2084304],[120.2843687,-4.2078103],[120.2843743,-4.2073546],[120.2843781,-4.2070192],[120.2843714,-4.2064789],[120.2843656,-4.2054337],[120.2843838,-4.2045461],[120.2843909,-4.2043352],[120.2843962,-4.2041851],[120.2844022,-4.2039798],[120.2844002,-4.2038661],[120.2844029,-4.2036126],[120.2843989,-4.203315],[120.2843955,-4.2029278],[120.2843909,-4.2026844],[120.2843935,-4.2022684],[120.2843867,-4.2018379],[120.2843888,-4.2012566],[120.2843969,-4.2010192],[120.2844331,-4.20062],[120.2844907,-4.2000435],[120.284533,-4.1996441],[120.2846476,-4.1990109],[120.2847147,-4.1986859],[120.2848153,-4.1980453],[120.2848904,-4.1974647],[120.2849279,-4.1972602],[120.2850084,-4.1967144],[120.2850835,-4.196253],[120.2851707,-4.1956953],[120.2852424,-4.1952278],[120.2853625,-4.1944039],[120.2855039,-4.1934803],[120.2856508,-4.1926605],[120.2857306,-4.1921789],[120.2858255,-4.1917644]]}},{"type":"Feature","properties":{"segmentId":"osm-gaul2-18188-5391612533-2564596722-0","regionId":"gaul2-18188","province":"Sulawesi Selatan","region":"Wajo","roadName":"Unnamed OSM road","highway":"tertiary","lengthMeters":2409.993,"osmWayIds":["1359166816"],"u":"5391612533","v":"2564596722","key":0,"oneway":false,"source":"OpenStreetMap"},"geometry":{"type":"LineString","coordinates":[[120.2844097,-4.2225872],[120.2844891,-4.2226075],[120.284565,-4.2226298],[120.2848721,-4.2227336],[120.2850858,-4.2227949],[120.2852888,-4.2228641],[120.2855091,-4.2229221],[120.2856253,-4.2229626],[120.2858683,-4.2230453],[120.2861403,-4.2231324],[120.2863838,-4.2232131],[120.2866108,-4.2232876],[120.2868512,-4.2233702],[120.2869523,-4.2234113],[120.2870167,-4.2234448],[120.287153,-4.22353],[120.287415,-4.2237069],[120.2876764,-4.2238896],[120.2879114,-4.2240601],[120.2881438,-4.2242279],[120.2884589,-4.2244649],[120.2886726,-4.2246487],[120.288732,-4.2247033],[120.2888078,-4.2247749],[120.2889928,-4.2248952],[120.2895197,-4.2252249],[120.290398,-4.2257266],[120.2908161,-4.2259478],[120.2910114,-4.2260555],[120.2914175,-4.2263236],[120.2916674,-4.2264908],[120.2919057,-4.226666],[120.2919978,-4.2267471],[120.2922235,-4.2269362],[120.2923905,-4.2270897],[120.2925514,-4.2272705],[120.2926547,-4.2274264],[120.2927811,-4.2276193],[120.2928753,-4.2277273],[120.2930991,-4.2279443],[120.2936498,-4.2284368],[120.2936854,-4.2284676],[120.2937315,-4.2285058],[120.2937705,-4.2285398],[120.2938503,-4.228592],[120.2940077,-4.228676],[120.2941353,-4.2287237],[120.2942701,-4.2287631],[120.2945774,-4.228849],[120.2951773,-4.2290099],[120.2955367,-4.2291075],[120.2958325,-4.2291697],[120.2960122,-4.2292005],[120.2961928,-4.2292155],[120.2972272,-4.2292286],[120.2978039,-4.2292286],[120.2979843,-4.2292206],[120.2981687,-4.2292078],[120.2983346,-4.2291864],[120.2986407,-4.2291243],[120.2994604,-4.2289634],[120.3000066,-4.2288628],[120.3002229,-4.2288241],[120.3007771,-4.2286742],[120.3009774,-4.228621],[120.3013498,-4.2285224],[120.3015442,-4.2284575],[120.3016549,-4.2284014],[120.3017521,-4.2283285],[120.3019448,-4.2282167],[120.3023442,-4.2279874],[120.3027573,-4.2277687],[120.3029502,-4.2276602],[120.3037039,-4.2272325]]}},{"type":"Feature","properties":{"segmentId":"osm-gaul2-18188-5391612533-5671516648-0","regionId":"gaul2-18188","province":"Sulawesi Selatan","region":"Wajo","roadName":"Jalan Poros Solo -Peneki - Kulampu","highway":"primary","lengthMeters":6538.649,"osmWayIds":["249932331","777891745","777891746"],"u":"5391612533","v":"5671516648","key":0,"oneway":false,"source":"OpenStreetMap"},"geometry":{"type":"LineString","coordinates":[[120.2844097,-4.2225872],[120.2843908,-4.2226577],[120.2843913,-4.222944],[120.2843888,-4.2234194],[120.284386,-4.2235859],[120.284386,-4.2236233],[120.2843895,-4.2236835],[120.284386,-4.2237457],[120.2843754,-4.2238112],[120.2843694,-4.2238433],[120.2843486,-4.2238895],[120.2842605,-4.2240067],[120.2841349,-4.2241585],[120.2839293,-4.2243849],[120.2837023,-4.2245927],[120.2834005,-4.2249123],[120.283064,-4.2252239],[120.2826767,-4.2256235],[120.2825005,-4.2258308],[120.2823268,-4.2260017],[120.2821753,-4.2261464],[120.2820544,-4.2262574],[120.2819353,-4.2263825],[120.2818301,-4.2265104],[120.2815229,-4.2269525],[120.2813333,-4.2272189],[120.2811251,-4.2275198],[120.2809434,-4.2277836],[120.2807504,-4.2280503],[120.2806767,-4.228158],[120.2806297,-4.2282175],[120.2806029,-4.2282416],[120.280566,-4.228266],[120.2804949,-4.2283158],[120.2804084,-4.2283559],[120.2803347,-4.2283847],[120.280283,-4.2284121],[120.2802207,-4.2284522],[120.2800865,-4.2285378],[120.2799552,-4.2286252],[120.279803,-4.2287051],[120.2796493,-4.2287765],[120.2795474,-4.2288086],[120.2794267,-4.2288381],[120.2792421,-4.2288597],[120.2790941,-4.2288795],[120.2788755,-4.228909],[120.2784192,-4.2289449],[120.2781594,-4.2289624],[120.2778943,-4.228991],[120.2777736,-4.2290017],[120.2776019,-4.2290204],[120.2774892,-4.2290311],[120.2772989,-4.2290493],[120.2771915,-4.2290632],[120.2770496,-4.2290735],[120.2768773,-4.2290828],[120.2767275,-4.2290953],[120.2765263,-4.2291113],[120.2763761,-4.2291221],[120.27625,-4.2291381],[120.2761122,-4.229153],[120.2759224,-4.2291684],[120.2757485,-4.2291782],[120.275542,-4.2291943],[120.2753243,-4.2292112],[120.2751557,-4.2292344],[120.2749327,-4.229254],[120.27474,-4.2292799],[120.2745518,-4.2293048],[120.2743671,-4.2293387],[120.274183,-4.2293603],[120.27401,-4.2293884],[120.2737847,-4.2294092],[120.2735487,-4.2294252],[120.2732808,-4.2294511],[120.2731249,-4.2294627],[120.272966,-4.229468],[120.2727976,-4.2294881],[120.2725965,-4.2295095],[120.272457,-4.2295309],[120.2722739,-4.2295576],[120.2720802,-4.229579],[120.2718448,-4.2296058],[120.2716885,-4.2296258],[120.2715209,-4.2296499],[120.2713466,-4.2296653],[120.2711843,-4.2296767],[120.2709912,-4.2297041],[120.2708725,-4.2297188],[120.2707873,-4.2297342],[120.2706398,-4.2297442],[120.2705104,-4.2297576],[120.2702844,-4.2297783],[120.2701292,-4.2297934],[120.2699442,-4.2298121],[120.2697614,-4.2298264],[120.2695875,-4.2298469],[120.2692897,-4.229871],[120.2690403,-4.2298977],[120.2688069,-4.2299272],[120.2685893,-4.2299522],[120.2683698,-4.2299807],[120.2681552,-4.2300075],[120.2680072,-4.2300144],[120.2676646,-4.2300478],[120.2674414,-4.2300688],[120.2673152,-4.2300859],[120.2671413,-4.2301064],[120.2669804,-4.2301225],[120.2668536,-4.230132],[120.2667096,-4.2301445],[120.2666049,-4.2301572],[120.2663738,-4.2301742],[120.2661596,-4.2301946],[120.265996,-4.2302107],[120.2658405,-4.2302321],[120.2656929,-4.2302535],[120.2655453,-4.2302655],[120.2653975,-4.2302826],[120.2652422,-4.230291],[120.2650487,-4.2303079],[120.2648281,-4.2303226],[120.2646558,-4.2303427],[120.2645478,-4.2303561],[120.264348,-4.2303761],[120.2641935,-4.2303952],[120.2639457,-4.2304129],[120.2637056,-4.2304377],[120.2634575,-4.2304738],[120.2632865,-4.2304878],[120.2630671,-4.230513],[120.2628122,-4.2305451],[120.2625708,-4.2305691],[120.2623347,-4.2305878],[120.2621149,-4.2306093],[120.2619029,-4.2306253],[120.2616857,-4.2306467],[120.2614551,-4.2306735],[120.2612485,-4.2306976],[120.2610178,-4.2307163],[120.2608086,-4.230735],[120.2605511,-4.2307618],[120.2602963,-4.2307912],[120.26002,-4.2308206],[120.2597943,-4.2308456],[120.2595453,-4.2308687],[120.2593061,-4.2308857],[120.2591103,-4.2308964],[120.2589069,-4.2309142],[120.2587298,-4.2309383],[120.2585045,-4.2309597],[120.2583218,-4.2309793],[120.2581398,-4.2309945],[120.2579228,-4.2310088],[120.257729,-4.2310261],[120.2575795,-4.2310469],[120.2573588,-4.2310616],[120.2571959,-4.2310816],[120.2570678,-4.231103],[120.2569006,-4.2311282],[120.256745,-4.2311469],[120.2565019,-4.2311659],[120.256351,-4.2311799],[120.2562001,-4.231188],[120.2560922,-4.2312047],[120.2559406,-4.2312214],[120.2558193,-4.2312348],[120.2556523,-4.2312562],[120.2554844,-4.2312754],[120.2553664,-4.231286],[120.2552305,-4.231301],[120.2550794,-4.2313127],[120.2549107,-4.2313304],[120.2547631,-4.2313391],[120.2546525,-4.2313518],[120.2544679,-4.2313716],[120.2543203,-4.2313877],[120.2541916,-4.2314037],[120.2539042,-4.2314341],[120.2536283,-4.2314679],[120.2533682,-4.2314947],[120.2530597,-4.2315268],[120.2528263,-4.2315562],[120.2526279,-4.2315696],[120.2524535,-4.2315802],[120.252255,-4.231599],[120.2520539,-4.2316231],[120.251842,-4.2316552],[120.2516087,-4.2316846],[120.2513876,-4.2317036],[120.2512655,-4.2317169],[120.2510534,-4.2317327],[120.2509108,-4.2317423],[120.2506875,-4.2317624],[120.2505038,-4.2317818],[120.2503435,-4.2317978],[120.2501927,-4.2318126],[120.2500197,-4.2318299],[120.2498393,-4.2318433],[120.2495804,-4.2318727],[120.2493659,-4.2318915],[120.2491352,-4.2319129],[120.2487704,-4.2319476],[120.2484888,-4.2319824],[120.248301,-4.2320092],[120.2480388,-4.2320456],[120.2478712,-4.2320627],[120.247599,-4.2320914],[120.2474011,-4.2321121],[120.2471725,-4.2321309],[120.2469277,-4.2321309],[120.2467447,-4.2321282],[120.2466139,-4.2321269],[120.2464939,-4.2321242],[120.2463926,-4.2321275],[120.2462243,-4.2321282],[120.2459916,-4.2321262],[120.2457771,-4.2321269],[120.2455417,-4.2321282],[120.2452956,-4.2321289],[120.2450971,-4.2321369],[120.2448235,-4.2321409],[120.2446499,-4.2321389],[120.244212,-4.2321302],[120.243813,-4.2321215],[120.2434409,-4.2321215],[120.2430385,-4.2321188],[120.2427649,-4.2321168],[120.2425269,-4.2321168],[120.2422808,-4.2321182],[120.2419341,-4.2321262],[120.2416719,-4.2321249],[120.2414882,-4.2321255],[120.2410738,-4.2321322],[120.2407888,-4.2321302],[120.2405266,-4.2321329],[120.2403282,-4.2321349],[120.2400029,-4.2321335],[120.2395537,-4.2321335],[120.2391627,-4.2321309],[120.2388643,-4.2321295],[120.2386397,-4.2321295],[120.2384996,-4.2321262],[120.2383769,-4.2321282],[120.2381187,-4.2321396],[120.2379101,-4.2321429],[120.2377901,-4.2321396],[120.2375916,-4.2321449],[120.2374166,-4.2321549],[120.2373254,-4.2321677],[120.2372336,-4.232185],[120.2370559,-4.2322232],[120.236907,-4.2322526],[120.2367005,-4.2323007],[120.2365127,-4.2323382],[120.2362328,-4.23239],[120.2361191,-4.2324184],[120.2360356,-4.2324365],[120.2358502,-4.2324799],[120.2357041,-4.2325081],[120.2355113,-4.2325482],[120.2354177,-4.2325692],[120.235127,-4.2326267],[120.2349701,-4.2326602],[120.2347887,-4.2326923],[120.2345752,-4.2327334],[120.2344361,-4.2327658],[120.2341309,-4.2328277],[120.2338536,-4.2328815],[120.2336954,-4.2329129],[120.2334604,-4.2329584],[120.2332723,-4.2330002],[120.2331043,-4.2330343],[120.2328847,-4.2330848],[120.2325269,-4.2331594],[120.2322762,-4.2332142],[120.2320227,-4.2332744],[120.2315048,-4.2333916],[120.2311483,-4.2334723],[120.2307916,-4.2335526],[120.2302127,-4.2336896],[120.2299803,-4.2337504],[120.2297509,-4.233796],[120.229494,-4.2338528],[120.2292887,-4.2338885],[120.2292459,-4.2339044]]}},{"type":"Feature","properties":{"segmentId":"osm-gaul2-18188-5392189780-13161355739-0","regionId":"gaul2-18188","province":"Sulawesi Selatan","region":"Wajo","roadName":"Unnamed OSM road","highway":"tertiary","lengthMeters":11165.672,"osmWayIds":["1431885867","203480538","740099298"],"u":"5392189780","v":"13161355739","key":0,"oneway":false,"source":"OpenStreetMap"},"geometry":{"type":"LineString","coordinates":[[120.2430104,-4.062056],[120.2431029,-4.0619496],[120.2431814,-4.0618687],[120.243284,-4.0617958],[120.2433644,-4.0617436],[120.2434858,-4.0616827],[120.2435844,-4.0616312],[120.2437185,-4.0615797],[120.2439545,-4.0615249],[120.2441463,-4.0615008],[120.2443729,-4.0614968],[120.2444842,-4.0614915],[120.2446277,-4.06147],[120.2447122,-4.0614339],[120.2449282,-4.0613216],[120.2451816,-4.0611878],[120.2453586,-4.0610888],[120.2454834,-4.0610045],[120.2455477,-4.0609457],[120.2456027,-4.0608306],[120.245706,-4.0606166],[120.2458312,-4.0603193],[120.2460359,-4.0598995],[120.2462156,-4.0595477],[120.2466407,-4.0586849],[120.2467909,-4.0583772],[120.2470122,-4.0579478],[120.247479,-4.0570387],[120.247715,-4.0565699],[120.2478638,-4.0562569],[120.2480972,-4.0558127],[120.2482112,-4.0556027],[120.2483989,-4.0552536],[120.2485786,-4.054871],[120.2489582,-4.054087],[120.2493558,-4.0532195],[120.2495241,-4.0527961],[120.2496348,-4.0525179],[120.2497568,-4.0522162],[120.249852,-4.0519446],[120.249956,-4.0516931],[120.2500243,-4.0515453],[120.2502872,-4.0510383],[120.2504387,-4.0506905],[120.2505905,-4.0503282],[120.2509457,-4.0494611],[120.251171,-4.04893],[120.251468,-4.0482404],[120.2515841,-4.0479601],[120.2517255,-4.047617],[120.2519757,-4.0470083],[120.2520276,-4.0468854],[120.2520387,-4.0468592],[120.2521319,-4.0466672],[120.2521915,-4.0465731],[120.2522285,-4.0465147],[120.2522908,-4.0464284],[120.2523585,-4.0463655],[120.2528715,-4.0459568],[120.2529832,-4.0458545],[120.2530539,-4.0457816],[120.2535501,-4.0452652],[120.2536688,-4.0451562],[120.2537473,-4.04509],[120.2538478,-4.0450197],[120.2539672,-4.0449462],[120.2540792,-4.0448973],[120.2541959,-4.0448512],[120.2542964,-4.0448385],[120.2548428,-4.0448496],[120.2553807,-4.0448552],[120.255488,-4.0448365],[120.2555846,-4.044799],[120.2561894,-4.0444766],[120.2566575,-4.0442371],[120.2570289,-4.0440365],[120.2574447,-4.043801],[120.257733,-4.0436378],[120.2579422,-4.0435147],[120.2580897,-4.0434479],[120.2585377,-4.0432873],[120.2591841,-4.0430479],[120.2596387,-4.0428766],[120.2599137,-4.0427589],[120.2601832,-4.0426265],[120.2604192,-4.0424847],[120.2607277,-4.0422679],[120.2610013,-4.0420499],[120.2610911,-4.0419576],[120.2611729,-4.0418546],[120.2613527,-4.041591],[120.261531,-4.041278],[120.2617706,-4.0408989],[120.2620754,-4.0403503],[120.2621774,-4.040173],[120.2623028,-4.0399797],[120.2623907,-4.0398486],[120.2624252,-4.0398204],[120.2624631,-4.0398138],[120.2625026,-4.0398188],[120.2627872,-4.0399299],[120.2631478,-4.0401041],[120.263418,-4.0402278],[120.2637903,-4.040387],[120.2640979,-4.0405422],[120.2652231,-4.0412044],[120.2658373,-4.041579],[120.2662745,-4.0418305],[120.2667493,-4.0421315],[120.2674279,-4.042585],[120.267861,-4.0428873],[120.2683747,-4.0433221],[120.2686,-4.043488],[120.2687931,-4.0435816],[120.2689674,-4.0436512],[120.2691472,-4.0436927],[120.2693202,-4.043698],[120.2694469,-4.0436826],[120.2695495,-4.0436418],[120.2699029,-4.0434746],[120.2706351,-4.0432298],[120.2707337,-4.0432077],[120.2713278,-4.0431509],[120.2723262,-4.0431268],[120.2729076,-4.0431148],[120.272976,-4.042882],[120.2730592,-4.0424285],[120.2731329,-4.0417355],[120.2732415,-4.0409195],[120.2733529,-4.0401262],[120.2734065,-4.0398078],[120.2735017,-4.0394733],[120.2736184,-4.0390854],[120.2736975,-4.0388928],[120.273786,-4.0387362],[120.2738678,-4.0386399],[120.2739845,-4.0385423],[120.274521,-4.0381449],[120.2746242,-4.0380914],[120.2748039,-4.0380245],[120.2749582,-4.0379911],[120.2752022,-4.0379737],[120.2754866,-4.0379804],[120.2757427,-4.0379978],[120.2759211,-4.0379924],[120.276015,-4.0379757],[120.2760974,-4.037953],[120.2768324,-4.0376767],[120.2769678,-4.0376072],[120.2770865,-4.0375276],[120.2771985,-4.0374045],[120.2773701,-4.0371262],[120.2777886,-4.0362881],[120.2778422,-4.0361804],[120.2779153,-4.0360654],[120.2781795,-4.035656],[120.278262,-4.03546],[120.2782841,-4.0353476],[120.2782848,-4.0352527],[120.2781735,-4.0341497],[120.2781031,-4.0335831],[120.2780843,-4.0334179],[120.2780836,-4.0330594],[120.2780769,-4.0326259],[120.2780843,-4.0323416],[120.2781554,-4.0318962],[120.2782801,-4.0313637],[120.2783297,-4.0311724],[120.2784671,-4.0308136],[120.2785879,-4.0305711],[120.2787515,-4.0303477],[120.2791283,-4.0298607],[120.2794629,-4.0294407],[120.2798639,-4.0288688],[120.2800537,-4.0286407],[120.2803829,-4.0282828],[120.2806163,-4.0279865],[120.280792,-4.0277069],[120.2808671,-4.0275116],[120.2809274,-4.0272005],[120.2809951,-4.0269263],[120.281138,-4.0264333],[120.2811554,-4.0262239],[120.2811547,-4.0261437],[120.281136,-4.0260594],[120.2809596,-4.0254366],[120.2808972,-4.0251644],[120.2808845,-4.024931],[120.2808858,-4.0247504],[120.2809422,-4.0243269],[120.2809864,-4.0239162],[120.2809992,-4.0235925],[120.281028,-4.022747],[120.2810267,-4.0224754],[120.2810159,-4.0222995],[120.2809958,-4.0221316],[120.2809636,-4.0219457],[120.2808885,-4.0216928],[120.2807544,-4.0211657],[120.2806994,-4.0207336],[120.2806686,-4.0201637],[120.2806863,-4.0197023],[120.2806919,-4.0195556],[120.2807142,-4.0194018],[120.2807638,-4.0193102],[120.2808282,-4.019242],[120.2809288,-4.0192112],[120.281028,-4.0191965],[120.2823289,-4.0190493],[120.2824643,-4.0190266],[120.2825656,-4.0189898],[120.2828935,-4.018844],[120.2833689,-4.0186038],[120.2836297,-4.0184687],[120.2839449,-4.018256],[120.2843238,-4.0180018],[120.2843788,-4.0179784],[120.2844626,-4.017961],[120.2846047,-4.0179476],[120.2847234,-4.017947],[120.2848468,-4.0179643],[120.2854523,-4.0180627],[120.2858466,-4.0181128],[120.2863676,-4.0181704],[120.287232,-4.018256],[120.2875277,-4.0182848],[120.287651,-4.0182988],[120.2877664,-4.0183269],[120.2879957,-4.0184018],[120.2886347,-4.0186239],[120.2892631,-4.0188353],[120.28942,-4.0188828],[120.2895742,-4.0189095],[120.2897599,-4.0189316],[120.2899564,-4.0189376],[120.2899933,-4.0189376],[120.2901911,-4.0189169],[120.2904151,-4.0188714],[120.2907765,-4.0187664],[120.2909562,-4.0187323],[120.2913854,-4.0186868],[120.2915912,-4.0186721],[120.2918071,-4.0186861],[120.2919372,-4.0187088],[120.2923851,-4.0188179],[120.2930208,-4.0189744],[120.2936364,-4.0191657],[120.2944189,-4.0193557],[120.2949024,-4.0194627],[120.2952169,-4.0195296],[120.2964024,-4.0198614],[120.2965647,-4.0198995],[120.2969094,-4.0199637],[120.2972929,-4.0200165],[120.2974827,-4.0200507],[120.2976879,-4.0201015],[120.2978904,-4.0201751],[120.29806,-4.0202406],[120.2983303,-4.0203818],[120.2985737,-4.0205022],[120.2987353,-4.0205784],[120.2989203,-4.0206982],[120.2991182,-4.0208487],[120.2994601,-4.0211002],[120.2995755,-4.0211784],[120.2997371,-4.0212634],[120.2998766,-4.0213216],[120.3000348,-4.0213671],[120.3004277,-4.021458],[120.3006356,-4.0215109],[120.3011654,-4.0217062],[120.3016106,-4.0218794],[120.3023388,-4.022139],[120.3029967,-4.0223972],[120.303102,-4.0224427],[120.3036296,-4.0226513],[120.3040635,-4.022834],[120.3044504,-4.0229858],[120.3046777,-4.0230955],[120.3048869,-4.0232333],[120.3053422,-4.0235992],[120.3055876,-4.0238126],[120.3062931,-4.024357],[120.3065794,-4.024551],[120.3067336,-4.0246393],[120.3069314,-4.0247196],[120.307148,-4.0247637],[120.3074062,-4.0247871],[120.3077348,-4.0248139],[120.3083376,-4.024838],[120.3086038,-4.0248507],[120.3086533,-4.024858]]}},{"type":"Feature","properties":{"segmentId":"osm-gaul2-18188-5392189780-5601101389-0","regionId":"gaul2-18188","province":"Sulawesi Selatan","region":"Wajo","roadName":"Jalan Poros Atapangnge - Doping","highway":"primary","lengthMeters":9176.551,"osmWayIds":["202362093","247113228","586183105"],"u":"5392189780","v":"5601101389","key":0,"oneway":false,"source":"OpenStreetMap"},"geometry":{"type":"LineString","coordinates":[[120.2430104,-4.062056],[120.2429755,-4.0620212],[120.2428202,-4.0618847],[120.2427009,-4.0617808],[120.2424605,-4.0615713],[120.2421733,-4.0613705],[120.2418551,-4.0611642],[120.2416988,-4.061058],[120.2415379,-4.0609648],[120.2412204,-4.0608252],[120.2408755,-4.0606799],[120.2403179,-4.0604454],[120.2398494,-4.0601938],[120.2395499,-4.0600203],[120.2393035,-4.0598766],[120.2390759,-4.0597439],[120.2387041,-4.059533],[120.2378753,-4.0590832],[120.237543,-4.0589036],[120.2370217,-4.0586218],[120.2362606,-4.0581939],[120.2360259,-4.0580387],[120.2353889,-4.0575853],[120.2351716,-4.0574287],[120.2349155,-4.0572374],[120.2344139,-4.0568816],[120.2341792,-4.0566997],[120.2338466,-4.0564027],[120.2335221,-4.0561004],[120.2331425,-4.0557191],[120.232885,-4.0554475],[120.2325819,-4.0551519],[120.2322319,-4.0548469],[120.2317773,-4.0544389],[120.2314462,-4.0541318],[120.2312299,-4.0539414],[120.231033,-4.0537887],[120.2308305,-4.0536576],[120.2306682,-4.0535519],[120.230357,-4.0534115],[120.2301452,-4.0533419],[120.2298206,-4.0532402],[120.2293454,-4.0531002],[120.2286163,-4.0528791],[120.2282301,-4.0527774],[120.2278827,-4.0527172],[120.2272501,-4.0526226],[120.2266811,-4.0525486],[120.2262605,-4.0524813],[120.2259797,-4.052447],[120.2256766,-4.0523868],[120.2253614,-4.0523092],[120.2250087,-4.0521727],[120.2245313,-4.0519386],[120.2241947,-4.0517406],[120.2240016,-4.0515855],[120.2239063,-4.0514958],[120.2238017,-4.0513701],[120.2236783,-4.0511962],[120.2235657,-4.0509968],[120.2234946,-4.0508176],[120.2234128,-4.0505567],[120.2233739,-4.0503949],[120.2233484,-4.0501581],[120.2233432,-4.0499131],[120.2233489,-4.0494421],[120.2233444,-4.0489956],[120.2233489,-4.0486237],[120.2233632,-4.0480417],[120.2233779,-4.0477046],[120.2234866,-4.0469314],[120.2235281,-4.0465943],[120.2235429,-4.0463361],[120.2235255,-4.0461341],[120.2235107,-4.0460017],[120.2234597,-4.045817],[120.2234142,-4.0456712],[120.2233176,-4.0454893],[120.223217,-4.0453542],[120.223094,-4.0452349],[120.2228871,-4.0451134],[120.2226335,-4.0449962],[120.2222434,-4.0448672],[120.2218665,-4.0447642],[120.2214146,-4.0446144],[120.221027,-4.0444498],[120.2207172,-4.044292],[120.2203926,-4.0440659],[120.2197207,-4.0435295],[120.2194539,-4.043302],[120.2191588,-4.0430586],[120.2187109,-4.0426546],[120.2181664,-4.0420793],[120.2177641,-4.0415843],[120.2172303,-4.0407576],[120.2168065,-4.039971],[120.2166054,-4.0396553],[120.2160501,-4.0387536],[120.2156156,-4.0381998],[120.2149183,-4.037258],[120.214591,-4.0368807],[120.2142745,-4.0366319],[120.2137917,-4.0363269],[120.2133813,-4.0361062],[120.2130192,-4.0359042],[120.2127564,-4.0357757],[120.2124748,-4.035646],[120.2117479,-4.0353022],[120.2113952,-4.0351269],[120.210671,-4.0347376],[120.2104041,-4.0345824],[120.2100903,-4.0343644],[120.2097309,-4.0340888],[120.2091917,-4.0336701],[120.2088658,-4.0334266],[120.2082959,-4.0330065],[120.2078828,-4.0327055],[120.2075636,-4.032458],[120.2072887,-4.0322493],[120.2070268,-4.0320753],[120.2067724,-4.0318935],[120.2062069,-4.0315118],[120.2052234,-4.0308761],[120.2048396,-4.0306595],[120.204746,-4.0306226],[120.2046092,-4.0305758],[120.2045133,-4.0305471],[120.2043846,-4.0305142],[120.20435,-4.0305045],[120.2039684,-4.0303721],[120.2032069,-4.0300856],[120.2021248,-4.0296572],[120.2018814,-4.0295651],[120.2014462,-4.0294025],[120.2009587,-4.029232],[120.2002137,-4.0290025],[120.2000179,-4.0289484],[120.1997841,-4.0288902],[120.1995821,-4.0288286],[120.1991281,-4.0286473],[120.1988867,-4.0285089],[120.1986922,-4.0283831],[120.1982946,-4.0280962],[120.1978058,-4.0277357],[120.1977407,-4.0276667],[120.1976824,-4.0275831],[120.1975764,-4.0273698],[120.1975268,-4.0272146],[120.1974524,-4.0267035],[120.1973967,-4.0264681],[120.1971821,-4.0260079],[120.1969998,-4.0256948],[120.1967859,-4.025351],[120.1966967,-4.0252433],[120.1966021,-4.0251497],[120.1964821,-4.0250641],[120.1961562,-4.0248748],[120.1954508,-4.0245213],[120.1951651,-4.0244092],[120.1950357,-4.0243738],[120.1949063,-4.0243564],[120.1947521,-4.024355],[120.1944395,-4.0243821],[120.1940573,-4.0244279],[120.1934941,-4.0245169],[120.1931032,-4.0245483],[120.1929047,-4.0245363],[120.1928041,-4.0245156],[120.1926117,-4.0244527],[120.1924125,-4.0243644],[120.192265,-4.0242828],[120.1921007,-4.0241336],[120.1919103,-4.0239383],[120.1917245,-4.0237256],[120.191518,-4.023434],[120.1912786,-4.0229443],[120.1911009,-4.0225958],[120.1908709,-4.0222266],[120.1907046,-4.0219992],[120.1904458,-4.0217062],[120.1900555,-4.0213035],[120.1898537,-4.0210928],[120.1897243,-4.0209744],[120.1895705,-4.0208722],[120.1894138,-4.0207798],[120.1891791,-4.0206554],[120.1889357,-4.0205731],[120.1887131,-4.0205182],[120.1882439,-4.0204278],[120.187338,-4.0202591],[120.1868657,-4.0201758],[120.1864528,-4.0200931],[120.1862729,-4.0200612],[120.1854613,-4.0199691],[120.1847657,-4.0199038],[120.1842212,-4.0198421],[120.1836931,-4.0197874],[120.1835861,-4.0197785],[120.1833089,-4.0197592],[120.182569,-4.0197213],[120.1821738,-4.0197028],[120.1817634,-4.0196808],[120.1816232,-4.0196696],[120.181309,-4.0196446],[120.1811794,-4.0196353],[120.1807414,-4.0196083],[120.1797076,-4.0194981],[120.1792583,-4.0194493]]}},{"type":"Feature","properties":{"segmentId":"osm-gaul2-18188-5392189780-5710852974-0","regionId":"gaul2-18188","province":"Sulawesi Selatan","region":"Wajo","roadName":"Jalan Poros Atapangnge - Doping","highway":"primary","lengthMeters":6679.29,"osmWayIds":["247113228"],"u":"5392189780","v":"5710852974","key":0,"oneway":false,"source":"OpenStreetMap"},"geometry":{"type":"LineString","coordinates":[[120.2430104,-4.062056],[120.243292,-4.0623315],[120.2435059,-4.0625289],[120.2437785,-4.0627936],[120.2441809,-4.0631885],[120.2443417,-4.0633284],[120.2446834,-4.063619],[120.2450877,-4.0639602],[120.2453097,-4.0641609],[120.2454921,-4.0643428],[120.2456631,-4.0645268],[120.2457563,-4.0646385],[120.2460719,-4.0650979],[120.2463108,-4.0654204],[120.2464392,-4.0656042],[120.2467205,-4.0659963],[120.2470686,-4.0664892],[120.247255,-4.0667407],[120.2474032,-4.0669046],[120.2475829,-4.0670678],[120.2477264,-4.0671848],[120.248084,-4.0674778],[120.2484425,-4.0677494],[120.2486495,-4.0678968],[120.2489039,-4.0680717],[120.2490862,-4.0681848],[120.2492385,-4.0682704],[120.2494148,-4.0683299],[120.2497662,-4.0684075],[120.2502671,-4.0685012],[120.2508612,-4.0686042],[120.2510872,-4.0686523],[120.2512421,-4.0686971],[120.2513611,-4.0687426],[120.2514858,-4.0687971],[120.2516186,-4.0688627],[120.2516874,-4.0688981],[120.2517413,-4.0689373],[120.2518174,-4.0689954],[120.2518851,-4.069055],[120.2520635,-4.0692115],[120.2523606,-4.0694804],[120.2527092,-4.069772],[120.2532202,-4.0701452],[120.2534884,-4.0703338],[120.2536362,-4.0704462],[120.2536574,-4.0704623],[120.2538425,-4.0705827],[120.2540866,-4.0707044],[120.2544567,-4.0708489],[120.2551004,-4.0710602],[120.2555886,-4.0712074],[120.2560902,-4.0713686],[120.2566659,-4.0715548],[120.2573267,-4.0718013],[120.2576593,-4.0719164],[120.2579715,-4.0719884],[120.2585145,-4.0720885],[120.2590777,-4.072186],[120.2595812,-4.0722419],[120.2600903,-4.0723047],[120.2604886,-4.0723618],[120.2612005,-4.0725315],[120.2620527,-4.0727273],[120.2625613,-4.0728924],[120.2625968,-4.072903],[120.262935,-4.0730035],[120.2633399,-4.0731436],[120.2641005,-4.0733576],[120.2643234,-4.0734237],[120.264456,-4.0734721],[120.2645579,-4.0735444],[120.2646919,-4.0736676],[120.2649374,-4.0739413],[120.2651752,-4.0742679],[120.2656284,-4.0750064],[120.2660277,-4.0756427],[120.2662758,-4.0760316],[120.2663734,-4.0761248],[120.2664931,-4.0762277],[120.2666438,-4.0763066],[120.2667901,-4.076353],[120.2669656,-4.0763903],[120.267288,-4.076429],[120.2677989,-4.0764851],[120.2682845,-4.0765289],[120.2685251,-4.0765502],[120.2690835,-4.0766354],[120.2694986,-4.0767249],[120.2697614,-4.0768178],[120.2700281,-4.076942],[120.2706893,-4.0772218],[120.2712703,-4.0774667],[120.2721767,-4.0778732],[120.2725294,-4.0780016],[120.272989,-4.0781474],[120.2737615,-4.0783898],[120.2745619,-4.0786444],[120.2759798,-4.0790575],[120.2766854,-4.0792653],[120.2771861,-4.0793889],[120.2777494,-4.0795548],[120.278257,-4.0796913],[120.2788147,-4.0798498],[120.2794621,-4.0800487],[120.2800734,-4.0802649],[120.2807508,-4.080482],[120.2818574,-4.0807512],[120.2824214,-4.0808851],[120.2827057,-4.080986],[120.2829656,-4.0811006],[120.2835113,-4.0813908],[120.2837374,-4.0814809],[120.2842379,-4.0816377],[120.2849059,-4.0818238],[120.2852878,-4.0819324],[120.2859431,-4.082079],[120.2865051,-4.082198],[120.2869818,-4.0823351],[120.2871501,-4.082404],[120.2872963,-4.0824709],[120.2880098,-4.0828374],[120.2884376,-4.08301],[120.2886321,-4.0831023],[120.2889995,-4.083216],[120.2895695,-4.0833886],[120.290346,-4.0836686],[120.2910796,-4.0839049],[120.2914645,-4.0840454],[120.2916425,-4.084124],[120.2918024,-4.0842153],[120.2919899,-4.0843615],[120.292382,-4.084684],[120.292686,-4.0848894],[120.2930192,-4.0850524],[120.2933105,-4.0851364],[120.2936954,-4.0851868],[120.2940959,-4.0852161],[120.2945548,-4.0852882],[120.2950009,-4.085357],[120.2954652,-4.0854285],[120.2958215,-4.0854898],[120.2963987,-4.0855878]]}},{"type":"Feature","properties":{"segmentId":"osm-gaul2-18188-5400320732-2539721942-0","regionId":"gaul2-18188","province":"Sulawesi Selatan","region":"Wajo","roadName":"Unnamed OSM road","highway":"tertiary","lengthMeters":10737.371,"osmWayIds":["1436362831","1436362832","247027596","247027597","252475686","593690303"],"u":"5400320732","v":"2539721942","key":0,"oneway":false,"source":"OpenStreetMap"},"geometry":{"type":"LineString","coordinates":[[120.3446314,-3.7771208],[120.3454748,-3.7774024],[120.3467648,-3.7778833],[120.3475052,-3.7781156],[120.3481556,-3.7783244],[120.3487609,-3.7785164],[120.3493811,-3.7786939],[120.3497741,-3.778813],[120.3500191,-3.7788791],[120.350113,-3.7789092],[120.3502156,-3.7789587],[120.3503438,-3.7790543],[120.3505398,-3.7792124],[120.3508058,-3.7794193],[120.3511667,-3.7797198],[120.3514923,-3.7799642],[120.3516787,-3.7801149],[120.3517647,-3.7801937],[120.3518453,-3.7803144],[120.3520621,-3.7808244],[120.3521449,-3.7810249],[120.3522244,-3.7812774],[120.352253,-3.7814451],[120.3522648,-3.7816772],[120.3522793,-3.7820078],[120.3522589,-3.7823605],[120.3522599,-3.782866],[120.3522744,-3.7834704],[120.3522916,-3.7839799],[120.3522901,-3.7843465],[120.3522876,-3.7845135],[120.3522959,-3.7845876],[120.3523275,-3.78469],[120.3524118,-3.7847897],[120.3526067,-3.7849547],[120.3528054,-3.7851161],[120.3530637,-3.7853114],[120.35344,-3.7856237],[120.3537886,-3.7859384],[120.3544005,-3.7864524],[120.3547405,-3.7867473],[120.3549262,-3.7868948],[120.3549678,-3.7869289],[120.3550147,-3.7869603],[120.3551454,-3.7870155],[120.3553173,-3.7870458],[120.3555967,-3.7870645],[120.3558115,-3.7870992],[120.356037,-3.78713],[120.3562697,-3.7871629],[120.3565043,-3.7872087],[120.3566891,-3.7872635],[120.3568541,-3.7873718],[120.3577378,-3.787978],[120.3581375,-3.7882497],[120.3582213,-3.788328],[120.3582977,-3.7884203],[120.3583682,-3.7885521],[120.3585184,-3.7890954],[120.3586377,-3.7894366],[120.3586659,-3.789537],[120.3586713,-3.7896306],[120.3586605,-3.7897431],[120.3586069,-3.7899037],[120.3585554,-3.790085],[120.3583561,-3.7905473],[120.3583252,-3.7906477],[120.3583199,-3.7907333],[120.358336,-3.7908805],[120.3587222,-3.7924195],[120.3588349,-3.7928115],[120.3588456,-3.7929105],[120.3588402,-3.7929922],[120.3587628,-3.7933685],[120.3586744,-3.7938209],[120.3586659,-3.7939195],[120.358677,-3.7940001],[120.3587333,-3.7941688],[120.3589237,-3.7945997],[120.3589989,-3.7947656],[120.3590257,-3.7948994],[120.3590096,-3.7952259],[120.3590042,-3.7954668],[120.3590418,-3.7956755],[120.3591088,-3.7958655],[120.3592617,-3.7961546],[120.359479,-3.7964651],[120.3597446,-3.7967889],[120.3599162,-3.797015],[120.3598921,-3.7971275],[120.3598385,-3.7974005],[120.3598062,-3.7976386],[120.3598545,-3.7977778],[120.3599721,-3.7979701],[120.3600445,-3.798124],[120.3600553,-3.7982632],[120.3600244,-3.7983568],[120.3599346,-3.7985174],[120.3596637,-3.7988694],[120.3595832,-3.7989974],[120.3594387,-3.7992814],[120.3592466,-3.7996482],[120.3591688,-3.7998636],[120.3589451,-3.8000354],[120.35877,-3.8001117],[120.3586623,-3.8001386],[120.3585367,-3.8001296],[120.3581417,-3.8000129],[120.3578814,-3.799968],[120.3577468,-3.799977],[120.3575058,-3.8000202],[120.3573429,-3.8000488],[120.3572397,-3.8000937],[120.3564184,-3.8005919],[120.3562972,-3.8006996],[120.3562119,-3.8008252],[120.356176,-3.8009554],[120.3561536,-3.8012471],[120.3561222,-3.8014266],[120.3560235,-3.8016914],[120.3557587,-3.8020729],[120.3556015,-3.8022442],[120.3555565,-3.8022783],[120.3554714,-3.802368],[120.3553727,-3.8025396],[120.3550451,-3.8032936],[120.3548431,-3.803684],[120.3547534,-3.8039712],[120.3546493,-3.8046167],[120.3546131,-3.8047298],[120.3541973,-3.805429],[120.35417,-3.8060177],[120.3542238,-3.8062331],[120.3544347,-3.8066505],[120.3544863,-3.8067752],[120.3545065,-3.8069063],[120.3544617,-3.8074179],[120.3544258,-3.8076603],[120.3543495,-3.8080148],[120.3542911,-3.8081494],[120.3542103,-3.8082527],[120.3539456,-3.8084995],[120.3536667,-3.8087309],[120.353407,-3.8089797],[120.3531377,-3.8091951],[120.352662,-3.8097471],[120.3525229,-3.8099715],[120.3523793,-3.8102857],[120.3522267,-3.8107569],[120.3521684,-3.8109993],[120.3521549,-3.8113897],[120.3522132,-3.8119058],[120.3521998,-3.8125341],[120.3521818,-3.8127585],[120.3521459,-3.8129605],[120.3520023,-3.8134676],[120.3519754,-3.8136651],[120.351944,-3.8141856],[120.3519485,-3.8143248],[120.3520831,-3.814814],[120.3521369,-3.8151057],[120.3520921,-3.8158327],[120.3520696,-3.815918],[120.3520292,-3.8159718],[120.3516343,-3.816295],[120.351446,-3.8164994],[120.3514152,-3.8165556],[120.3514045,-3.8166326],[120.3514144,-3.8167168],[120.3514326,-3.8167737],[120.3515024,-3.8168641],[120.3518901,-3.8171746],[120.3526755,-3.8178702],[120.352848,-3.8180586],[120.3529016,-3.8181498],[120.3529896,-3.8183235],[120.3523703,-3.8188396],[120.3518228,-3.8192525],[120.3516105,-3.8194542],[120.3515176,-3.8195666],[120.351199,-3.8204283],[120.3511586,-3.8208008],[120.3511586,-3.8210342],[120.3511406,-3.8211015],[120.3510195,-3.8213528],[120.3509207,-3.8216804],[120.3507592,-3.8219631],[120.3506649,-3.8220305],[120.3505797,-3.8220484],[120.3504495,-3.8220484],[120.3498515,-3.8219489],[120.3498033,-3.8219497],[120.3497718,-3.8219587],[120.3497494,-3.8219901],[120.3497135,-3.8220798],[120.3495115,-3.8228383],[120.3494364,-3.8232958],[120.3493769,-3.8236237],[120.3493455,-3.8237538],[120.3492647,-3.8239782],[120.349157,-3.8241936],[120.3489775,-3.8244405],[120.3488563,-3.8245706],[120.3486005,-3.8247995],[120.3483626,-3.8250418],[120.3482594,-3.825172],[120.34786,-3.8260022],[120.3477792,-3.8262895],[120.3476491,-3.8269178],[120.3476252,-3.8270411],[120.3475964,-3.8271154],[120.3475676,-3.8271489],[120.3475354,-3.8271636],[120.3474878,-3.8271749],[120.3469211,-3.8272705],[120.3464808,-3.8273017],[120.3460543,-3.8273666],[120.3459965,-3.8273949],[120.3459756,-3.8274467],[120.3460065,-3.8280622],[120.3459796,-3.8282372],[120.345967,-3.8282802],[120.3459395,-3.8283244],[120.3458945,-3.8283512],[120.345275,-3.8286366],[120.3450228,-3.8287379],[120.3449893,-3.8287512],[120.3449618,-3.8287867],[120.3449173,-3.8288955],[120.3447466,-3.8293125],[120.3446235,-3.8296131],[120.344316,-3.8301412],[120.3436513,-3.8316665],[120.3433873,-3.8322886],[120.3430997,-3.8328151],[120.3430367,-3.8329984],[120.3428776,-3.8334772],[120.3427405,-3.8338277],[120.3425971,-3.8341304],[120.3424772,-3.8343429],[120.340911,-3.8339154],[120.3399278,-3.8336779],[120.3393966,-3.8334786],[120.3390101,-3.8333378],[120.338422,-3.8330976],[120.337879,-3.8328552],[120.3369589,-3.8324962],[120.3366717,-3.8323346],[120.3365146,-3.8322179],[120.3363172,-3.8320429],[120.3361511,-3.8318679],[120.3355632,-3.8313563],[120.3353881,-3.8312399],[120.3347444,-3.8309442],[120.3343273,-3.8307957],[120.3337291,-3.8306056],[120.3335012,-3.8305013],[120.3328803,-3.8301092],[120.3327809,-3.8300624],[120.3326832,-3.830045],[120.3326161,-3.8300423],[120.3310952,-3.8300624],[120.3308404,-3.8300865],[120.3304408,-3.8302149],[120.3296093,-3.8305789],[120.3294242,-3.8306003],[120.3292968,-3.8305575],[120.3291895,-3.8304612],[120.3288317,-3.8299649],[120.3286457,-3.8297194],[120.328458,-3.8295642],[120.3282648,-3.8294705],[120.3276211,-3.8292216],[120.3272972,-3.8291204],[120.3270292,-3.8289934],[120.3266965,-3.8287592],[120.3264228,-3.8286601],[120.3261868,-3.8286092],[120.326073,-3.8286094],[120.3259856,-3.828636],[120.3257737,-3.8288126],[120.3255967,-3.8289304],[120.3255001,-3.8289785],[120.3253874,-3.8289839],[120.3251568,-3.8289705],[120.3245345,-3.8289464],[120.323949,-3.8289549]]}},{"type":"Feature","properties":{"segmentId":"osm-gaul2-18188-5400320732-2539721942-1","regionId":"gaul2-18188","province":"Sulawesi Selatan","region":"Wajo","roadName":"Jembatan Sungai Labulolabawang","highway":"trunk","lengthMeters":6573.161,"osmWayIds":["587962441","587967926","587967927","587967928","587967929"],"u":"5400320732","v":"2539721942","key":1,"oneway":false,"source":"OpenStreetMap"},"geometry":{"type":"LineString","coordinates":[[120.3446314,-3.7771208],[120.3445735,-3.77729],[120.3443671,-3.7778484],[120.3441846,-3.7783177],[120.3439003,-3.7791072],[120.3436838,-3.779892],[120.3436052,-3.7801269],[120.3434891,-3.7803758],[120.3434308,-3.7804766],[120.3433049,-3.7806301],[120.3430072,-3.7809302],[120.3426883,-3.7812939],[120.3425324,-3.7815455],[120.3423636,-3.7818676],[120.3423431,-3.7819059],[120.34213,-3.7823215],[120.3420035,-3.7825664],[120.3419566,-3.7826634],[120.3418511,-3.7829665],[120.3418256,-3.783091],[120.3417948,-3.7832395],[120.341774,-3.7834148],[120.3417599,-3.7838069],[120.3417356,-3.7846574],[120.3417217,-3.7848688],[120.3417169,-3.7851264],[120.3416553,-3.7860336],[120.3416177,-3.7862677],[120.3415525,-3.786527],[120.3415247,-3.7866173],[120.3414392,-3.7868232],[120.3413231,-3.7870308],[120.3407796,-3.7878482],[120.3405261,-3.7882055],[120.3401495,-3.7886798],[120.3401256,-3.7886952],[120.3399581,-3.7888806],[120.3397295,-3.7890793],[120.3395699,-3.7892372],[120.3394023,-3.7894219],[120.3392736,-3.789632],[120.3391771,-3.7898274],[120.3390839,-3.7900017],[120.3390489,-3.7900845],[120.3389798,-3.7902476],[120.3387035,-3.7907119],[120.3384245,-3.7911173],[120.338159,-3.7914921],[120.3379495,-3.7918661],[120.3373772,-3.7926576],[120.3369179,-3.7932251],[120.3363874,-3.793755],[120.3358993,-3.7942554],[120.3356042,-3.7945926],[120.3352636,-3.7949057],[120.3348445,-3.7952336],[120.3342751,-3.7956166],[120.3337569,-3.795912],[120.3332663,-3.7962248],[120.3330706,-3.7963671],[120.3326721,-3.7967144],[120.3324715,-3.7969332],[120.3323145,-3.797107],[120.3321912,-3.7972623],[120.3320449,-3.7975232],[120.3314727,-3.7985944],[120.3313499,-3.7987842],[120.3311511,-3.7991437],[120.3311169,-3.7993244],[120.3311311,-3.7994369],[120.3312,-3.799576],[120.3313114,-3.7996857],[120.3315192,-3.7997995],[120.3320723,-3.8000112],[120.3322843,-3.8001445],[120.3324205,-3.8002759],[120.3324773,-3.8003798],[120.3325142,-3.8004926],[120.332517,-3.8005662],[120.332519,-3.8006373],[120.3324808,-3.8007615],[120.3323815,-3.8009101],[120.3322029,-3.8011314],[120.332022,-3.8013716],[120.3319591,-3.8014828],[120.3319121,-3.8015962],[120.3316779,-3.8022986],[120.3315913,-3.8025506],[120.3314053,-3.8028738],[120.3312506,-3.8032922],[120.3308728,-3.8040293],[120.3305939,-3.8046033],[120.3303578,-3.805073],[120.3299287,-3.8059509],[120.3296303,-3.806535],[120.329385,-3.8071735],[120.3292488,-3.8073597],[120.3291706,-3.807521],[120.329123,-3.8076389],[120.3288228,-3.8083963],[120.3287986,-3.8084527],[120.3286055,-3.8089093],[120.3283459,-3.8095713],[120.3282515,-3.8098711],[120.3282188,-3.8100255],[120.3281843,-3.8102561],[120.3281366,-3.8114039],[120.3280755,-3.8122441],[120.3280487,-3.8124575],[120.3279776,-3.8126804],[120.327455,-3.8139333],[120.3267859,-3.8154187],[120.3260763,-3.8170667],[120.3258625,-3.81755],[120.325828,-3.8176208],[120.3249277,-3.8197163],[120.3244364,-3.8208165],[120.3243685,-3.8209665],[120.3242445,-3.8212512],[120.3241687,-3.8214733],[120.324075,-3.8217412],[120.3239769,-3.8220781],[120.3239229,-3.8222557],[120.3238845,-3.8225186],[120.3238618,-3.8227997],[120.3238699,-3.8234409],[120.3238829,-3.8238113],[120.3238911,-3.8241933],[120.3239006,-3.8243731],[120.3239071,-3.8256214],[120.3239131,-3.8266437],[120.323914,-3.8268053],[120.3239422,-3.828287],[120.323949,-3.8289549]]}},{"type":"Feature","properties":{"segmentId":"osm-gaul2-18188-5400320732-5616264705-0","regionId":"gaul2-18188","province":"Sulawesi Selatan","region":"Wajo","roadName":"Jalan Poros Tarumpakkae - Siwa - Belopa","highway":"trunk","lengthMeters":695.167,"osmWayIds":["587967928"],"u":"5400320732","v":"5616264705","key":0,"oneway":false,"source":"OpenStreetMap"},"geometry":{"type":"LineString","coordinates":[[120.3446314,-3.7771208],[120.3447103,-3.7768015],[120.3447694,-3.7764417],[120.3448595,-3.7758783],[120.3449636,-3.7753449],[120.3450382,-3.7749637],[120.3451542,-3.7744222],[120.345232,-3.7741439],[120.3452806,-3.773996],[120.3452971,-3.7739351],[120.3453049,-3.7739075],[120.3453087,-3.7738796],[120.3453227,-3.7738187],[120.345337,-3.7737576],[120.3453631,-3.7736351],[120.3453832,-3.7735186],[120.3454008,-3.7734034],[120.3454126,-3.7729893],[120.3453773,-3.7727312],[120.3452145,-3.7718943],[120.3451918,-3.77167],[120.34522,-3.7713937],[120.3453317,-3.7709866]]}},{"type":"Feature","properties":{"segmentId":"osm-gaul2-18188-5400785913-2136827226-0","regionId":"gaul2-18188","province":"Sulawesi Selatan","region":"Wajo","roadName":"Jalan Poros Impa-impa - Anabanua","highway":"primary","lengthMeters":8463.233,"osmWayIds":["202362110","585084674","585084675","749718605","749718606","777901002","777901003","777901004","777901005"],"u":"5400785913","v":"2136827226","key":0,"oneway":false,"source":"OpenStreetMap"},"geometry":{"type":"LineString","coordinates":[[120.0658353,-3.9507379],[120.0659163,-3.9510705],[120.065983,-3.9513443],[120.0660543,-3.9516373],[120.0660844,-3.9517649],[120.0662075,-3.9522832],[120.0662195,-3.9523282],[120.0662902,-3.952659],[120.0663263,-3.9528497],[120.0663837,-3.9531012],[120.0664379,-3.9533574],[120.0664681,-3.9535177],[120.0665547,-3.9538934],[120.0666162,-3.9541473],[120.0667427,-3.9546865],[120.0668587,-3.9551481],[120.0669186,-3.9553272],[120.0669823,-3.9554935],[120.0670843,-3.9556857],[120.0672441,-3.9559272],[120.0673683,-3.9561118],[120.0675094,-3.9563265],[120.0675834,-3.956437],[120.067786,-3.9567394],[120.0679786,-3.9570582],[120.0680123,-3.9571266],[120.0680388,-3.9572166],[120.0680857,-3.9574454],[120.0680928,-3.9575293],[120.0680844,-3.9575979],[120.0680414,-3.9577692],[120.0679853,-3.957957],[120.0677892,-3.9584766],[120.0676374,-3.9588795],[120.0674743,-3.9593146],[120.0673498,-3.9596466],[120.0673195,-3.9597215],[120.0670365,-3.9604201],[120.0668814,-3.9608359],[120.0667164,-3.9612357],[120.0665658,-3.9616317],[120.0664517,-3.9619317],[120.0663351,-3.9622203],[120.0662627,-3.962421],[120.0661103,-3.9627837],[120.0660072,-3.9630143],[120.0659865,-3.9630605],[120.0659114,-3.9632425],[120.0657834,-3.9635974],[120.0656681,-3.963883],[120.0655534,-3.9641292],[120.0654793,-3.9642619],[120.0654124,-3.9643613],[120.0653288,-3.9644523],[120.0652742,-3.9645109],[120.0651209,-3.964667],[120.0649412,-3.9648543],[120.0647561,-3.9650389],[120.0644664,-3.9653306],[120.0642991,-3.965515],[120.0642557,-3.9655732],[120.0641567,-3.9657333],[120.0640802,-3.9658725],[120.0640225,-3.9659735],[120.0639756,-3.9660517],[120.063897,-3.9661778],[120.0637121,-3.9665277],[120.0635027,-3.966919],[120.0633449,-3.9672304],[120.0632707,-3.9673698],[120.0627907,-3.9682576],[120.0627699,-3.9682871],[120.0627379,-3.968337],[120.062432,-3.9689135],[120.0619063,-3.9699049],[120.0616179,-3.9704213],[120.0614744,-3.9706835],[120.0613604,-3.9708708],[120.0612505,-3.9710541],[120.0610963,-3.9712956],[120.0610802,-3.9713177],[120.0608555,-3.97162],[120.0608347,-3.9716481],[120.0607368,-3.9717939],[120.0604734,-3.97214],[120.0604128,-3.9722285],[120.0603546,-3.9723331],[120.0602857,-3.9724846],[120.0602433,-3.97259],[120.0602057,-3.9727104],[120.0600985,-3.9730877],[120.0600169,-3.9733603],[120.06001,-3.9733834],[120.0599188,-3.973675],[120.0598463,-3.9739332],[120.05979,-3.9741058],[120.0597364,-3.9742476],[120.0596787,-3.9743587],[120.0595419,-3.9745767],[120.0594333,-3.9747239],[120.0592267,-3.9749513],[120.0589183,-3.9752537],[120.0587533,-3.9754263],[120.0586514,-3.975532],[120.0585924,-3.9755989],[120.0584422,-3.9757822],[120.0582585,-3.9760377],[120.0581405,-3.9762424],[120.057997,-3.9764712],[120.057883,-3.9766772],[120.0577931,-3.9768364],[120.0576416,-3.9770786],[120.0574136,-3.9774839],[120.0572272,-3.9778492],[120.057148,-3.9780512],[120.057079,-3.9782332],[120.0570213,-3.9783636],[120.0569583,-3.9785228],[120.0568007,-3.978878],[120.0566854,-3.9791576],[120.0564694,-3.9797209],[120.0563675,-3.9799496],[120.0563004,-3.9801075],[120.0561757,-3.9804273],[120.0560296,-3.9807925],[120.0559933,-3.9808955],[120.0558539,-3.9812046],[120.0556943,-3.9816033],[120.0555696,-3.9819109],[120.0554676,-3.9821411],[120.0554046,-3.9822842],[120.0553014,-3.982513],[120.0551752,-3.9828448],[120.0550774,-3.9831097],[120.0549567,-3.9834736],[120.0548494,-3.9837626],[120.0547609,-3.9839927],[120.0545838,-3.9845198],[120.0544487,-3.9849028],[120.0543827,-3.9850897],[120.0542378,-3.9855526],[120.0540327,-3.9860784],[120.0538865,-3.9864704],[120.053456,-3.9876892],[120.0532293,-3.9883983],[120.0530121,-3.9891341],[120.0529397,-3.9894097],[120.052857,-3.9897742],[120.0526607,-3.9905161],[120.0525695,-3.9908171],[120.0525466,-3.9908804],[120.0524488,-3.9911502],[120.0522932,-3.991569],[120.0521672,-3.9918887],[120.0519338,-3.9925041],[120.0514463,-3.9937327],[120.051195,-3.994329],[120.0509682,-3.9948975],[120.0507939,-3.9953042],[120.0505337,-3.9958621],[120.0504049,-3.9961618],[120.0503553,-3.9962635],[120.0502346,-3.9965484],[120.0499691,-3.9971572],[120.0495751,-3.9980456],[120.0492505,-3.9987013],[120.0491136,-3.9989803],[120.0489221,-3.9993802],[120.0487933,-3.9996771],[120.0486772,-3.9999518],[120.0485579,-4.0002363],[120.0484229,-4.0005451],[120.0483281,-4.0007565],[120.0481976,-4.0010588],[120.0481091,-4.0012568],[120.0479588,-4.001594],[120.0477738,-4.001998],[120.0476719,-4.0022495],[120.0474895,-4.0026535],[120.0473419,-4.002988],[120.0472051,-4.0032877],[120.0471059,-4.0035258],[120.0468082,-4.004184],[120.0465722,-4.0047486],[120.0463857,-4.0051802],[120.0462529,-4.00552],[120.0461791,-4.0056912],[120.0460893,-4.0058812],[120.0459807,-4.006118],[120.0459056,-4.0062906],[120.0457581,-4.0066076],[120.0456266,-4.0069065],[120.0453678,-4.0075098],[120.0452296,-4.0078424],[120.0450727,-4.0081983],[120.0448354,-4.0087334],[120.044653,-4.0091308],[120.0446043,-4.0092392],[120.0445229,-4.0094203],[120.0442654,-4.0100177],[120.044083,-4.0104284],[120.0439636,-4.010688],[120.0438537,-4.0109288],[120.0437947,-4.0110746],[120.0437437,-4.0112057],[120.0436874,-4.0113395],[120.0435693,-4.0116392],[120.0434782,-4.0118786],[120.043395,-4.01208],[120.0428961,-4.0133382],[120.042648,-4.0140058],[120.0424898,-4.0144111],[120.042404,-4.0146299],[120.0422779,-4.0149428],[120.0421423,-4.0152701],[120.0419064,-4.0158319],[120.0416634,-4.0163788],[120.0415159,-4.0167203],[120.0415013,-4.016754],[120.0411327,-4.0176074],[120.0409763,-4.0179695],[120.0408035,-4.0183419],[120.0407906,-4.018369],[120.0405579,-4.0189094],[120.0405425,-4.0189864],[120.0405452,-4.019048],[120.0405492,-4.0191001],[120.0405662,-4.0191819],[120.040635,-4.0194948],[120.0407021,-4.0198413],[120.0407168,-4.0199216],[120.0407611,-4.020161]]}},{"type":"Feature","properties":{"segmentId":"osm-gaul2-18188-5400785913-5356080306-0","regionId":"gaul2-18188","province":"Sulawesi Selatan","region":"Wajo","roadName":"Jalan Poros Pangkajene Sidrap - Anabanua - Tarumpakkae","highway":"trunk","lengthMeters":175.733,"osmWayIds":["600583977"],"u":"5400785913","v":"5356080306","key":0,"oneway":false,"source":"OpenStreetMap"},"geometry":{"type":"LineString","coordinates":[[120.0658353,-3.9507379],[120.0658053,-3.9506423],[120.0657691,-3.9504759],[120.065602,-3.9498228],[120.0655784,-3.949721],[120.0655635,-3.9496624],[120.0654405,-3.9492077]]}},{"type":"Feature","properties":{"segmentId":"osm-gaul2-18188-5400785913-5593884001-0","regionId":"gaul2-18188","province":"Sulawesi Selatan","region":"Wajo","roadName":"Jalan Poros Pangkajene Sidrap - Anabanua - Tarumpakkae","highway":"trunk","lengthMeters":13570.466,"osmWayIds":["585599905","585599906","740131474","751765251","751765252"],"u":"5400785913","v":"5593884001","key":0,"oneway":false,"source":"OpenStreetMap"},"geometry":{"type":"LineString","coordinates":[[120.0658353,-3.9507379],[120.0662515,-3.9506404],[120.0664499,-3.9505936],[120.0668912,-3.9505093],[120.0672734,-3.9504303],[120.0673619,-3.9504103],[120.0676516,-3.9503648],[120.0678514,-3.950322],[120.0682738,-3.950219],[120.0683744,-3.9501949],[120.0685568,-3.9501534],[120.0688398,-3.9501012],[120.0691684,-3.9500316],[120.0694634,-3.9499501],[120.0696713,-3.9498885],[120.0700039,-3.9497988],[120.0701344,-3.9497532],[120.0703754,-3.9496691],[120.0706275,-3.9495567],[120.0707894,-3.9494736],[120.0709879,-3.9493452],[120.0712565,-3.9491727],[120.0715435,-3.9489506],[120.0717174,-3.948794],[120.0717585,-3.9487571],[120.0718784,-3.9486495],[120.0719405,-3.9485927],[120.0721332,-3.9484301],[120.0723397,-3.9482695],[120.0726348,-3.9480608],[120.0728225,-3.947927],[120.0731068,-3.9477557],[120.0733244,-3.9476582],[120.073539,-3.9475873],[120.0737425,-3.9475283],[120.0739383,-3.9474828],[120.0741734,-3.9474254],[120.0745985,-3.9473304],[120.0749629,-3.947258],[120.0752955,-3.9471671],[120.0756549,-3.9470814],[120.0760348,-3.9469758],[120.0762038,-3.946941],[120.0763768,-3.9469143],[120.0764734,-3.9469103],[120.0767684,-3.9469063],[120.0770336,-3.9469048],[120.0773823,-3.9469102],[120.0777943,-3.9469424],[120.0780947,-3.9469785],[120.0783157,-3.9470119],[120.0786161,-3.9470761],[120.0787269,-3.9471314],[120.078777,-3.9471564],[120.0789262,-3.9472836],[120.0790935,-3.9474453],[120.0791971,-3.9475351],[120.0792883,-3.9475953],[120.0794117,-3.9476595],[120.0794905,-3.9476915],[120.0797604,-3.9478227],[120.0800162,-3.9479404],[120.0803327,-3.9480421],[120.0805902,-3.9480902],[120.0808799,-3.9481384],[120.0813144,-3.9481866],[120.0818186,-3.9482347],[120.0825566,-3.948299],[120.0831651,-3.9483471],[120.0839742,-3.9484114],[120.0845652,-3.9484381],[120.0848465,-3.9484652],[120.0848861,-3.948469],[120.085268,-3.9485023],[120.0857186,-3.9485398],[120.0860404,-3.9485612],[120.0864911,-3.9485879],[120.0868397,-3.9485772],[120.0872099,-3.9485665],[120.087521,-3.9485505],[120.087626,-3.9485493],[120.0879985,-3.9485451],[120.0883488,-3.9485439],[120.0887552,-3.9485492],[120.0891518,-3.9485558],[120.0895371,-3.948568],[120.0898898,-3.9486014],[120.0902948,-3.9486228],[120.0904262,-3.9486282],[120.0906354,-3.9486228],[120.0910579,-3.9486068],[120.0915246,-3.9486014],[120.0916865,-3.9485968],[120.0923105,-3.9486001],[120.0927477,-3.9486108],[120.092922,-3.9486041],[120.093146,-3.9485987],[120.0934142,-3.9485787],[120.0938242,-3.9485638],[120.0942856,-3.9485424],[120.0945055,-3.9485264],[120.0946879,-3.9484729],[120.0948108,-3.9484364],[120.0948864,-3.948414],[120.095117,-3.9483337],[120.0954205,-3.9482495],[120.0956833,-3.948192],[120.0959432,-3.9481277],[120.0961309,-3.9480314],[120.096433,-3.9478401],[120.0967106,-3.9476301],[120.0971568,-3.9472818],[120.0974099,-3.9471059],[120.0976415,-3.9469357],[120.0979195,-3.9467313],[120.0981931,-3.9465708],[120.098576,-3.9463372],[120.0988851,-3.9461319],[120.0994501,-3.9458062],[120.0995619,-3.9457424],[120.0996576,-3.9456877],[120.0998668,-3.9456088],[120.1000433,-3.9455683],[120.1002854,-3.9455638],[120.1005964,-3.9455767],[120.1009021,-3.9456222],[120.1010129,-3.9456647],[120.1010697,-3.9457145],[120.1012181,-3.9458841],[120.1012556,-3.945967],[120.101265,-3.946054],[120.1012382,-3.9463698],[120.101096,-3.9469879],[120.1009083,-3.9478201],[120.1008855,-3.9480087],[120.1009083,-3.9482054],[120.1009941,-3.9483485],[120.1012167,-3.9485666],[120.1013347,-3.9486549],[120.1015091,-3.9487378],[120.1020831,-3.9488128],[120.1033075,-3.948861],[120.1035824,-3.948869],[120.1038077,-3.9488556],[120.1040009,-3.9488195],[120.1041725,-3.9487379],[120.1042798,-3.948675],[120.1044099,-3.9485385],[120.1045145,-3.9483967],[120.1046298,-3.9482054],[120.1047552,-3.9480174],[120.104882,-3.9477773],[120.1050469,-3.9473973],[120.1052079,-3.9470066],[120.1053366,-3.9467986],[120.1054526,-3.9466628],[120.1055981,-3.9465577],[120.1057785,-3.9464634],[120.1059609,-3.9463664],[120.1061332,-3.9462881],[120.1063384,-3.9462132],[120.106561,-3.9461483],[120.106724,-3.9461242],[120.1068782,-3.9460848],[120.1071095,-3.9460359],[120.1073483,-3.9459818],[120.1075313,-3.9459463],[120.1076594,-3.9459088],[120.1077989,-3.9458908],[120.1079417,-3.9458774],[120.1080906,-3.9458694],[120.1082046,-3.9458781],[120.1082964,-3.9459062],[120.1084057,-3.9459557],[120.1085378,-3.9460246],[120.1086646,-3.9460988],[120.1087765,-3.9461697],[120.1089234,-3.9462527],[120.1090816,-3.946341],[120.1091681,-3.9463892],[120.1093137,-3.9464741],[120.1094578,-3.9465464],[120.109655,-3.9466554],[120.1097716,-3.9467136],[120.1098716,-3.9467611],[120.1099433,-3.9467885],[120.1100727,-3.9468026],[120.1102196,-3.9468046],[120.1103409,-3.9468039],[120.1105629,-3.9468046],[120.1106983,-3.9468059],[120.1108559,-3.9468113],[120.1110484,-3.946822],[120.1112837,-3.9468427],[120.1115124,-3.9468815],[120.1116418,-3.9468915],[120.1118007,-3.9468969],[120.1118819,-3.9468989],[120.1119375,-3.9468956],[120.1120133,-3.9468701],[120.112075,-3.9468514],[120.1121749,-3.9468139],[120.1122876,-3.9467725],[120.1124445,-3.9466989],[120.1125786,-3.9466347],[120.1126926,-3.9465691],[120.112832,-3.9464955],[120.1129279,-3.9464514],[120.1130533,-3.9463938],[120.1131392,-3.9463591],[120.1132612,-3.9463169],[120.1133671,-3.9462774],[120.1135214,-3.9462447],[120.1136159,-3.9462319],[120.1137011,-3.94624],[120.1137748,-3.946254],[120.1139016,-3.9462988],[120.113978,-3.946339],[120.1140612,-3.9463999],[120.1141684,-3.9464728],[120.1142818,-3.9465584],[120.1143622,-3.946624],[120.1144206,-3.9466695],[120.1144575,-3.9466996],[120.1145533,-3.9467758],[120.1146338,-3.9468236],[120.1147337,-3.9468778],[120.1148088,-3.9469103],[120.1149188,-3.9469277],[120.1149946,-3.9469377],[120.1151247,-3.9469337],[120.1152313,-3.9469277],[120.1153661,-3.9469056],[120.1154432,-3.9468962],[120.1155464,-3.9468728],[120.1156249,-3.9468574],[120.1156712,-3.9468487],[120.1157516,-3.946832],[120.1158334,-3.9468086],[120.1159488,-3.9467745],[120.1160574,-3.9467363],[120.1161305,-3.9467096],[120.1162371,-3.9466654],[120.1163417,-3.9466106],[120.1164383,-3.946529],[120.1165228,-3.946454],[120.1166019,-3.9463517],[120.1166589,-3.9462868],[120.1167253,-3.9461911],[120.1168024,-3.9460962],[120.1169023,-3.9459597],[120.1170297,-3.9457784],[120.1171128,-3.945654],[120.1172121,-3.9455041],[120.1173422,-3.9453248],[120.1174387,-3.945187],[120.1175165,-3.9451108],[120.117662,-3.9449763],[120.1179068,-3.9449101],[120.1180717,-3.9448539],[120.1182407,-3.9448084],[120.1184204,-3.9447843],[120.1186404,-3.9447843],[120.1187637,-3.9448271],[120.118871,-3.9448579],[120.1190186,-3.9449382],[120.1191352,-3.9450037],[120.1192962,-3.9451308],[120.1194142,-3.945266],[120.119492,-3.9453703],[120.1195563,-3.9455724],[120.1196073,-3.945749],[120.1196811,-3.9459483],[120.119724,-3.9460647],[120.1198058,-3.9462119],[120.1198809,-3.9463363],[120.1200217,-3.9465276],[120.1201585,-3.9466641],[120.1202577,-3.9467537],[120.1204213,-3.9469009],[120.1205434,-3.9469892],[120.1206654,-3.9470561],[120.120829,-3.9471203],[120.1209846,-3.9471685],[120.1211429,-3.9472287],[120.1213977,-3.947309],[120.1215398,-3.9473491],[120.1216672,-3.9473906],[120.121969,-3.9474882],[120.1221326,-3.9475498],[120.1222801,-3.9476113],[120.1224183,-3.9476782],[120.1226771,-3.9477987],[120.1229413,-3.9479371],[120.1231042,-3.9480194],[120.1232162,-3.9480823],[120.1232705,-3.9481111],[120.1233282,-3.9481445],[120.1234066,-3.948184],[120.1235381,-3.9482562],[120.1236963,-3.9483298],[120.1238666,-3.948398],[120.1241188,-3.9484863],[120.124324,-3.9485305],[120.1246914,-3.9485639],[120.1250254,-3.9485693],[120.1254666,-3.9486148],[120.1258488,-3.9486295],[120.1261854,-3.9486322],[120.1264764,-3.9486282],[120.1267594,-3.9486282],[120.1268989,-3.9486282],[120.1270853,-3.9486456],[120.1273361,-3.9486683],[120.1275265,-3.9486937],[120.1277304,-3.9487298],[120.1278672,-3.9487579],[120.1281743,-3.9488342],[120.1283674,-3.9488877],[120.1287818,-3.9490135],[120.12916,-3.9491018],[120.1293866,-3.949166],[120.1296964,-3.9492623],[120.1298909,-3.9493199],[120.1301175,-3.9493988],[120.13032,-3.9494657],[120.1306167,-3.9495676],[120.1308357,-3.949643],[120.1311314,-3.9497868],[120.1313983,-3.9499072],[120.1317041,-3.9500022],[120.1319213,-3.9500718],[120.1321238,-3.950144],[120.1325798,-3.9502872],[120.1328587,-3.9503675],[120.1329902,-3.9504237],[120.1330787,-3.9504692],[120.1331712,-3.9505334],[120.1332544,-3.9506056],[120.1333845,-3.9507621],[120.1335106,-3.9509428],[120.1336285,-3.9511421],[120.1337104,-3.9512679],[120.1337975,-3.951387],[120.133878,-3.9514806],[120.1339518,-3.9515475],[120.1340376,-3.9516077],[120.1342079,-3.951704],[120.1344573,-3.9518071],[120.134692,-3.9518913],[120.1349147,-3.9519663],[120.1351681,-3.9520613],[120.1353103,-3.9521282],[120.1354337,-3.9521803],[120.1355959,-3.9522633],[120.1357636,-3.9523663],[120.1358829,-3.9524533],[120.1359379,-3.9524974],[120.1360358,-3.9526272],[120.1361203,-3.9527597],[120.1362705,-3.9530219],[120.1363671,-3.9532038],[120.1365387,-3.9534126],[120.1367909,-3.9536534],[120.1370564,-3.9538354],[120.1376317,-3.9542595],[120.1378047,-3.9543959],[120.1380569,-3.9546087],[120.1384833,-3.9550341],[120.1386791,-3.9552682],[120.1390171,-3.9556375],[120.1391713,-3.9557914],[120.1393309,-3.9559372],[120.1394449,-3.9560362],[120.1396045,-3.9561499],[120.1400135,-3.9564015],[120.1402898,-3.9565754],[120.1406613,-3.9568082],[120.140947,-3.9569821],[120.1411012,-3.9570825],[120.1413077,-3.9572229],[120.1414693,-3.9573259],[120.1415719,-3.9573942],[120.1416537,-3.957437],[120.1417516,-3.9574694],[120.1418411,-3.9574828],[120.1419333,-3.9574905],[120.1420017,-3.9574811],[120.1421258,-3.9574651],[120.1423001,-3.9574423],[120.142675,-3.9573661],[120.1429519,-3.9573059],[120.1431142,-3.9572858],[120.1434213,-3.9572925],[120.1437445,-3.9573099],[120.1440355,-3.9573661],[120.1441763,-3.9574035],[120.1444955,-3.9574811],[120.1448576,-3.9575868],[120.1451245,-3.9576671],[120.1453203,-3.9577527],[120.1454853,-3.957841],[120.1457629,-3.9580029],[120.1461048,-3.9582143],[120.1463664,-3.9583615],[120.1465514,-3.9584431],[120.1467097,-3.9584966],[120.1468532,-3.9585354],[120.147104,-3.9585809],[120.1472998,-3.9585929],[120.1474554,-3.9586037],[120.1476645,-3.9586652],[120.1477866,-3.9587187],[120.1480092,-3.9588378],[120.1482278,-3.9589662],[120.1484692,-3.959108],[120.1486583,-3.9592004],[120.1489265,-3.9593315],[120.1493356,-3.9595235],[120.1494241,-3.9595689],[120.1495354,-3.9596298],[120.1496125,-3.9596639],[120.1497426,-3.9597121],[120.1499142,-3.9597696],[120.1501053,-3.9598533],[120.150151,-3.9598767],[120.1503394,-3.9599589],[120.1505131,-3.9600299],[120.1505828,-3.960062],[120.1507196,-3.9601108],[120.1508523,-3.9601663],[120.1509791,-3.9602105],[120.1511434,-3.9602546],[120.1511849,-3.960262],[120.151258,-3.960276],[120.1513472,-3.9602894],[120.1514304,-3.9602921],[120.151535,-3.9602841],[120.1516617,-3.960274],[120.1517603,-3.9602667],[120.1519661,-3.9602446],[120.15217,-3.9602065],[120.1522384,-3.9601844],[120.1523209,-3.9601556],[120.1523752,-3.9601422],[120.1524395,-3.9601282],[120.1525093,-3.9601222],[120.1525871,-3.9601208],[120.1526427,-3.9601235],[120.1527151,-3.9601409],[120.1528037,-3.9601683],[120.1528767,-3.9602065],[120.1529465,-3.960256],[120.153037,-3.9603349],[120.1533025,-3.9606145],[120.1534521,-3.9607864],[120.1535741,-3.9609229],[120.1537002,-3.96105],[120.1537981,-3.9611263],[120.1539101,-3.9612085],[120.1540288,-3.9612647],[120.1542024,-3.961333],[120.1544049,-3.9614019],[120.154539,-3.9614534],[120.1546577,-3.9614915],[120.1548629,-3.9615531],[120.1550419,-3.9615939],[120.1552659,-3.9616113],[120.1554557,-3.9616006],[120.1556226,-3.9615818],[120.1556931,-3.9615778],[120.1558413,-3.9615771],[120.1559848,-3.9615738],[120.1561055,-3.9615738],[120.1562798,-3.9615738],[120.1563857,-3.9615745],[120.1565185,-3.9615778],[120.1566989,-3.9615845],[120.1568592,-3.9615898],[120.1570375,-3.9615932],[120.1571897,-3.9616019],[120.1574539,-3.9616088],[120.157482,-3.9616074],[120.1576128,-3.9616073],[120.1577248,-3.9615959],[120.1577865,-3.9615858],[120.1579428,-3.9615537],[120.1580749,-3.9615149],[120.1582506,-3.96145],[120.1583994,-3.9613851],[120.1584846,-3.9613383],[120.1585838,-3.9612647],[120.1586583,-3.9611998],[120.158724,-3.9611269],[120.1588111,-3.9610279],[120.1589057,-3.9609229],[120.1591806,-3.9606031],[120.1594354,-3.9603175],[120.1596446,-3.9600646],[120.1597291,-3.9599817],[120.1598324,-3.9599175],[120.1600161,-3.9598245],[120.1601154,-3.9597864],[120.1604506,-3.9596633],[120.1607108,-3.9595656],[120.1609053,-3.9595067],[120.1612835,-3.9593957],[120.1617448,-3.959282],[120.1625535,-3.9590625],[120.1632012,-3.9588966],[120.1637377,-3.9587468],[120.1645477,-3.9585234],[120.1646805,-3.958502],[120.1651646,-3.9584444],[120.1655509,-3.9584163],[120.1664011,-3.9583575],[120.1671414,-3.9583468],[120.16793,-3.9582933],[120.1686636,-3.9582424],[120.1692416,-3.9582063],[120.1694239,-3.958217],[120.169538,-3.9582478],[120.169652,-3.9583307],[120.1697512,-3.958435],[120.1699107,-3.9586518],[120.1699778,-3.9588124],[120.1700369,-3.9591709],[120.1700637,-3.9593636],[120.1701187,-3.9595549],[120.1701683,-3.9596271],[120.1702246,-3.9596914],[120.1702903,-3.9597342],[120.170415,-3.959789],[120.1709381,-3.9599389],[120.171158,-3.9600138],[120.1713739,-3.960157],[120.1715597,-3.9602941],[120.1717628,-3.9604473],[120.1720378,-3.9606399],[120.1724871,-3.9609477]]}},{"type":"Feature","properties":{"segmentId":"osm-gaul2-18188-5581739777-2120972128-0","regionId":"gaul2-18188","province":"Sulawesi Selatan","region":"Wajo","roadName":"Jalan Poros Salaonro - Ulugalung","highway":"primary","lengthMeters":31.991,"osmWayIds":["583853737"],"u":"5581739777","v":"2120972128","key":0,"oneway":false,"source":"OpenStreetMap"},"geometry":{"type":"LineString","coordinates":[[120.0095697,-4.2095648],[120.0096019,-4.2092789]]}},{"type":"Feature","properties":{"segmentId":"osm-gaul2-18188-5581739777-2120972206-0","regionId":"gaul2-18188","province":"Sulawesi Selatan","region":"Wajo","roadName":"Jalan Poros Salaonro - Ulugalung","highway":"primary","lengthMeters":9300.825,"osmWayIds":["202107581","583853736","583853737","583854172","775896670","775896671"],"u":"5581739777","v":"2120972206","key":0,"oneway":false,"source":"OpenStreetMap"},"geometry":{"type":"LineString","coordinates":[[120.0095697,-4.2095648],[120.0095724,-4.2096801],[120.0095844,-4.2098982],[120.0096193,-4.210278],[120.0096808,-4.2106057],[120.0097879,-4.2110943],[120.0099069,-4.2117876],[120.0099251,-4.2118763],[120.010023,-4.2123979],[120.0100712,-4.2126988],[120.0100833,-4.2127697],[120.010167,-4.2133455],[120.0102495,-4.2138312],[120.010341,-4.214437],[120.0103513,-4.2145081],[120.0105422,-4.21582],[120.0105877,-4.2161154],[120.0106341,-4.2164173],[120.0106733,-4.216672],[120.0107069,-4.2168999],[120.0107512,-4.2172396],[120.0108337,-4.2177659],[120.0109368,-4.2184445],[120.0109782,-4.2187047],[120.0110744,-4.2194464],[120.0110945,-4.2195922],[120.0111562,-4.219972],[120.0113131,-4.221034],[120.0114003,-4.2216171],[120.0114447,-4.2219126],[120.0115786,-4.2228035],[120.0117825,-4.2246037],[120.0119166,-4.2257472],[120.0119676,-4.2262233],[120.012017,-4.2270556],[120.0120601,-4.2277828],[120.012162,-4.2288033],[120.0122358,-4.2295442],[120.0123565,-4.2309272],[120.0123708,-4.2311817],[120.0124215,-4.2318005],[120.0124973,-4.2327461],[120.0125764,-4.2336315],[120.012614,-4.234014],[120.0126218,-4.234141],[120.0126435,-4.2344915],[120.0126944,-4.234989],[120.0127644,-4.2357332],[120.0127655,-4.2357446],[120.0128849,-4.2372506],[120.0129117,-4.2374954],[120.0129385,-4.2377562],[120.0129613,-4.2379701],[120.0130049,-4.2385526],[120.0130612,-4.2393758],[120.0131296,-4.240098],[120.0131632,-4.240544],[120.0132161,-4.2412014],[120.013249,-4.2416307],[120.0132572,-4.2417095],[120.0132651,-4.2417852],[120.0132899,-4.2420874],[120.0133342,-4.2426839],[120.0133563,-4.2429454],[120.0133704,-4.243134],[120.0134528,-4.2440033],[120.013475,-4.2441946],[120.0135254,-4.2453301],[120.0135199,-4.2456443],[120.0135165,-4.2457139],[120.0135105,-4.2457928],[120.0135011,-4.2458663],[120.0134066,-4.2464668],[120.0133677,-4.2466447],[120.0132188,-4.2473081],[120.0130941,-4.2478644],[120.0130351,-4.2481092],[120.0128996,-4.248826],[120.0127347,-4.2496004],[120.012559,-4.2503133],[120.0124182,-4.2509806],[120.0122492,-4.2517884],[120.0119249,-4.2532337],[120.0116511,-4.2545234],[120.0114124,-4.2556308],[120.0111193,-4.2569207],[120.0108142,-4.2583892],[120.0106654,-4.259102],[120.0105909,-4.2593896],[120.0105494,-4.2595982],[120.0103509,-4.2604501],[120.0102865,-4.2607791],[120.0101738,-4.2612379],[120.0099566,-4.2621413],[120.0098433,-4.2626522],[120.0097031,-4.2632888],[120.0095616,-4.2639307],[120.0093866,-4.2647405],[120.0093571,-4.2648936],[120.0092049,-4.2657101],[120.009109,-4.2661],[120.0090238,-4.2664637],[120.0089072,-4.2671003],[120.0088012,-4.2676125],[120.0086537,-4.2683642],[120.0085933,-4.2686965],[120.008525,-4.2692662],[120.0085082,-4.2695531],[120.0085082,-4.2698132],[120.0085323,-4.2702893],[120.0085679,-4.2713813],[120.0085893,-4.2717638],[120.0086021,-4.2718828],[120.0086081,-4.2719784],[120.0086215,-4.272052],[120.0086416,-4.272153],[120.0086819,-4.2723462],[120.0087965,-4.2728236],[120.0088871,-4.2731934],[120.0089702,-4.2734984],[120.0090391,-4.2737644],[120.0090654,-4.2738661],[120.0091539,-4.2741604],[120.0092438,-4.2745107],[120.0092974,-4.2747234],[120.009402,-4.2753145],[120.0094476,-4.2757682],[120.0094181,-4.2766238],[120.0093779,-4.2770919],[120.0093377,-4.2775185],[120.0092652,-4.2779558],[120.0092317,-4.2782474],[120.0091767,-4.2785215],[120.0091016,-4.2788371],[120.0090413,-4.2791728],[120.0089293,-4.2799077],[120.0088736,-4.2805817],[120.0087804,-4.2818663],[120.0087516,-4.2822956],[120.0087476,-4.2824052],[120.0087006,-4.2828573],[120.0086373,-4.2835406],[120.0085652,-4.2843068],[120.0085022,-4.2851856],[120.0084257,-4.2859399],[120.0083908,-4.286317],[120.0083178,-4.2868747],[120.008303,-4.2870505],[120.0082929,-4.2871809],[120.0082701,-4.2874651],[120.0082425,-4.2878886],[120.0082172,-4.2883344],[120.0081718,-4.2889342],[120.0081588,-4.2893374],[120.0081595,-4.2895052],[120.0081655,-4.289655],[120.0081756,-4.2898249],[120.0082313,-4.2904481],[120.0082963,-4.2910151],[120.00836,-4.291657],[120.0084203,-4.2922521]]}},{"type":"Feature","properties":{"segmentId":"osm-gaul2-18188-5581739777-5581739788-0","regionId":"gaul2-18188","province":"Sulawesi Selatan","region":"Wajo","roadName":"Unnamed OSM road","highway":"primary_link","lengthMeters":15.067,"osmWayIds":["776419588"],"u":"5581739777","v":"5581739788","key":0,"oneway":false,"source":"OpenStreetMap"},"geometry":{"type":"LineString","coordinates":[[120.0095697,-4.2095648],[120.0095472,-4.2095414],[120.0095211,-4.2095277],[120.0094838,-4.2095163],[120.0094496,-4.2095096]]}},{"type":"Feature","properties":{"segmentId":"osm-gaul2-18188-5581739788-2120972128-0","regionId":"gaul2-18188","province":"Sulawesi Selatan","region":"Wajo","roadName":"Unnamed OSM road","highway":"secondary","lengthMeters":30.713,"osmWayIds":["549545302"],"u":"5581739788","v":"2120972128","key":0,"oneway":false,"source":"OpenStreetMap"},"geometry":{"type":"LineString","coordinates":[[120.0094496,-4.2095096],[120.0096019,-4.2092789]]}},{"type":"Feature","properties":{"segmentId":"osm-gaul2-18188-5581739788-5581739777-0","regionId":"gaul2-18188","province":"Sulawesi Selatan","region":"Wajo","roadName":"Unnamed OSM road","highway":"primary_link","lengthMeters":15.067,"osmWayIds":["776419588"],"u":"5581739788","v":"5581739777","key":0,"oneway":false,"source":"OpenStreetMap"},"geometry":{"type":"LineString","coordinates":[[120.0094496,-4.2095096],[120.0094838,-4.2095163],[120.0095211,-4.2095277],[120.0095472,-4.2095414],[120.0095697,-4.2095648]]}},{"type":"Feature","properties":{"segmentId":"osm-gaul2-18188-5581739788-6847726325-0","regionId":"gaul2-18188","province":"Sulawesi Selatan","region":"Wajo","roadName":"Unnamed OSM road","highway":"secondary","lengthMeters":1323.09,"osmWayIds":["220839925","549545302","562364902"],"u":"5581739788","v":"6847726325","key":0,"oneway":false,"source":"OpenStreetMap"},"geometry":{"type":"LineString","coordinates":[[120.0094496,-4.2095096],[120.0092398,-4.2098487],[120.00892,-4.2104169],[120.0085739,-4.2110394],[120.008318,-4.211488],[120.0080492,-4.2119904],[120.0077411,-4.2124954],[120.0075863,-4.212752],[120.0074829,-4.2129356],[120.0073595,-4.2131268],[120.0070315,-4.2135739],[120.0068814,-4.21378],[120.0066957,-4.214035],[120.0065267,-4.214259],[120.0064342,-4.2143995],[120.0063611,-4.2144991],[120.0059769,-4.2149793],[120.0055625,-4.2154378],[120.0049251,-4.2160788],[120.0047024,-4.216287],[120.0043181,-4.2166465],[120.0035547,-4.2173368],[120.0035052,-4.217384],[120.0034488,-4.2174295],[120.0028849,-4.2177751],[120.0027703,-4.2178441],[120.0026791,-4.2179043],[120.0024055,-4.2180982],[120.0021265,-4.2182906],[120.0020552,-4.2183396],[120.0019066,-4.2184513],[120.001867,-4.2184767]]}},{"type":"Feature","properties":{"segmentId":"osm-gaul2-18188-5591343256-5356080306-0","regionId":"gaul2-18188","province":"Sulawesi Selatan","region":"Wajo","roadName":"Jalan Poros Pangkajene Sidrap - Anabanua - Tarumpakkae","highway":"trunk","lengthMeters":6687.027,"osmWayIds":["583892896","585270284","600583977","774874076","774874077","774874078","774874079"],"u":"5591343256","v":"5356080306","key":0,"oneway":false,"source":"OpenStreetMap"},"geometry":{"type":"LineString","coordinates":[[120.0339323,-3.9027407],[120.0344841,-3.9029024],[120.0350235,-3.9030595],[120.0354892,-3.9032005],[120.0364175,-3.9034338],[120.0368484,-3.9035421],[120.0373962,-3.9036273],[120.0380293,-3.9036982],[120.0381778,-3.9037347],[120.0383135,-3.9037745],[120.0385013,-3.9038601],[120.0386083,-3.9039208],[120.038741,-3.9040131],[120.0390969,-3.9042436],[120.0401321,-3.9048957],[120.0406337,-3.9052249],[120.0412247,-3.9056133],[120.0422859,-3.9063247],[120.0424791,-3.9064556],[120.0433919,-3.9070744],[120.044193,-3.9076547],[120.0449064,-3.9081604],[120.0457782,-3.9087465],[120.0463816,-3.90918],[120.0465104,-3.909279],[120.0465667,-3.9093151],[120.047012,-3.9096469],[120.0472681,-3.9098128],[120.0474364,-3.9099306],[120.0476409,-3.9100737],[120.0478153,-3.9102089],[120.0479132,-3.9102798],[120.0479856,-3.9103387],[120.0480889,-3.910439],[120.0481653,-3.910522],[120.0483665,-3.9108123],[120.0484523,-3.9109582],[120.0487353,-3.9113769],[120.0487997,-3.9114719],[120.0489043,-3.9116178],[120.0493321,-3.9122547],[120.0496714,-3.9127203],[120.0499182,-3.9130762],[120.0502105,-3.9135404],[120.0508958,-3.9145051],[120.0516763,-3.9156705],[120.0517514,-3.9157762],[120.0524998,-3.9168948],[120.0535271,-3.9183826],[120.0541735,-3.9193111],[120.0547526,-3.92018],[120.054971,-3.9205077],[120.0553631,-3.9210734],[120.0557868,-3.9217076],[120.0566491,-3.9229531],[120.057486,-3.9241813],[120.0577915,-3.9246077],[120.0580707,-3.9249974],[120.0609353,-3.9293418],[120.0610654,-3.9295211],[120.0612143,-3.9297004],[120.0613926,-3.929865],[120.0616273,-3.9300857],[120.0619385,-3.9302877],[120.0620793,-3.9304122],[120.0621705,-3.9305018],[120.0622684,-3.9306089],[120.0623341,-3.9307038],[120.062377,-3.9307881],[120.0624642,-3.9310009],[120.0625474,-3.931211],[120.0626855,-3.9316725],[120.0627204,-3.9317997],[120.0632943,-3.9340701],[120.0645461,-3.9387586],[120.0646379,-3.9391457],[120.0646516,-3.9392036],[120.0648019,-3.9398379],[120.0648465,-3.9400377],[120.0648666,-3.9401336],[120.0648948,-3.9402678],[120.0649596,-3.9405956],[120.0650209,-3.9408511],[120.0650611,-3.9410545],[120.065091,-3.9412646],[120.0650927,-3.9413953],[120.065091,-3.9415376],[120.0650654,-3.9418309],[120.0650155,-3.9421302],[120.0649779,-3.9423523],[120.0649427,-3.942572],[120.0649171,-3.942732],[120.0648453,-3.9432798],[120.0648232,-3.9434718],[120.0647937,-3.9436457],[120.0647722,-3.9437902],[120.0647443,-3.9439791],[120.0646961,-3.9443304],[120.0646683,-3.9445337],[120.0646167,-3.9449688],[120.0645779,-3.9453169],[120.0645603,-3.9455282],[120.0645657,-3.9456794],[120.0645965,-3.9458373],[120.0647007,-3.9462806],[120.0647493,-3.9464351],[120.0648127,-3.946726],[120.064868,-3.9469722],[120.0649264,-3.9472381],[120.0650477,-3.9476973],[120.0650954,-3.9478896],[120.0651326,-3.9480413],[120.0652167,-3.9483502],[120.0652944,-3.9486419],[120.0654405,-3.9492077]]}},{"type":"Feature","properties":{"segmentId":"osm-gaul2-18188-5593884001-2123329372-0","regionId":"gaul2-18188","province":"Sulawesi Selatan","region":"Wajo","roadName":"Unnamed OSM road","highway":"tertiary","lengthMeters":3082.46,"osmWayIds":["202362109"],"u":"5593884001","v":"2123329372","key":0,"oneway":false,"source":"OpenStreetMap"},"geometry":{"type":"LineString","coordinates":[[120.1724871,-3.9609477],[120.1721518,-3.9614347],[120.1718782,-3.9617919],[120.1717924,-3.9618962],[120.1716676,-3.9620367],[120.1714799,-3.9622267],[120.1710561,-3.9626013],[120.1708817,-3.9627445],[120.1706994,-3.9628943],[120.1703507,-3.9631592],[120.1700234,-3.9634081],[120.1698317,-3.9635405],[120.1692376,-3.9639312],[120.1690015,-3.964089],[120.168905,-3.9642121],[120.1688567,-3.9643432],[120.1688084,-3.9646028],[120.1687306,-3.9649854],[120.1686877,-3.9651513],[120.168626,-3.9655286],[120.1685965,-3.9659915],[120.1685455,-3.966243],[120.1685187,-3.9666257],[120.1685214,-3.9669628],[120.1685885,-3.9675435],[120.1686072,-3.9678111],[120.1686609,-3.9681268],[120.168862,-3.9689483],[120.1689452,-3.9693122],[120.1689693,-3.9695369],[120.1689479,-3.9697135],[120.1689237,-3.9699169],[120.1688862,-3.9702326],[120.1688459,-3.9704815],[120.1688164,-3.9708293],[120.168862,-3.9711959],[120.1689157,-3.9715839],[120.1689935,-3.9721324],[120.1690337,-3.9724187],[120.1690873,-3.9727479],[120.1694038,-3.9738797],[120.1694575,-3.9741821],[120.1695111,-3.9745005],[120.1695889,-3.974859],[120.169597,-3.9751427],[120.1695594,-3.9754209],[120.1695031,-3.9757822],[120.1694334,-3.9761809],[120.1693824,-3.9764752],[120.1693743,-3.9771361],[120.1693743,-3.977797],[120.1694173,-3.9784793],[120.1694119,-3.979167],[120.1694119,-3.9795469],[120.1693824,-3.9798065],[120.1693099,-3.980347],[120.1692858,-3.9807938],[120.1692134,-3.9812567],[120.1691584,-3.9815136],[120.1690592,-3.982129],[120.1689908,-3.9826348],[120.1689693,-3.9831217],[120.1689666,-3.9836462],[120.1689492,-3.9838763],[120.1689425,-3.983994],[120.1688969,-3.984172],[120.1688339,-3.984378],[120.1687829,-3.9845278],[120.1687454,-3.9845867],[120.1686998,-3.9846482],[120.1685978,-3.9847606],[120.1684611,-3.9848757],[120.1683618,-3.9849519],[120.1681861,-3.9850857],[120.1680815,-3.985166],[120.167871,-3.9853332],[120.167592,-3.9855874],[120.1673453,-3.9858015],[120.1671012,-3.9860516]]}},{"type":"Feature","properties":{"segmentId":"osm-gaul2-18188-5593884001-5400785913-0","regionId":"gaul2-18188","province":"Sulawesi Selatan","region":"Wajo","roadName":"Jalan Poros Pangkajene Sidrap - Anabanua - Tarumpakkae","highway":"trunk","lengthMeters":13570.466,"osmWayIds":["585599905","585599906","740131474","751765251","751765252"],"u":"5593884001","v":"5400785913","key":0,"oneway":false,"source":"OpenStreetMap"},"geometry":{"type":"LineString","coordinates":[[120.1724871,-3.9609477],[120.1720378,-3.9606399],[120.1717628,-3.9604473],[120.1715597,-3.9602941],[120.1713739,-3.960157],[120.171158,-3.9600138],[120.1709381,-3.9599389],[120.170415,-3.959789],[120.1702903,-3.9597342],[120.1702246,-3.9596914],[120.1701683,-3.9596271],[120.1701187,-3.9595549],[120.1700637,-3.9593636],[120.1700369,-3.9591709],[120.1699778,-3.9588124],[120.1699107,-3.9586518],[120.1697512,-3.958435],[120.169652,-3.9583307],[120.169538,-3.9582478],[120.1694239,-3.958217],[120.1692416,-3.9582063],[120.1686636,-3.9582424],[120.16793,-3.9582933],[120.1671414,-3.9583468],[120.1664011,-3.9583575],[120.1655509,-3.9584163],[120.1651646,-3.9584444],[120.1646805,-3.958502],[120.1645477,-3.9585234],[120.1637377,-3.9587468],[120.1632012,-3.9588966],[120.1625535,-3.9590625],[120.1617448,-3.959282],[120.1612835,-3.9593957],[120.1609053,-3.9595067],[120.1607108,-3.9595656],[120.1604506,-3.9596633],[120.1601154,-3.9597864],[120.1600161,-3.9598245],[120.1598324,-3.9599175],[120.1597291,-3.9599817],[120.1596446,-3.9600646],[120.1594354,-3.9603175],[120.1591806,-3.9606031],[120.1589057,-3.9609229],[120.1588111,-3.9610279],[120.158724,-3.9611269],[120.1586583,-3.9611998],[120.1585838,-3.9612647],[120.1584846,-3.9613383],[120.1583994,-3.9613851],[120.1582506,-3.96145],[120.1580749,-3.9615149],[120.1579428,-3.9615537],[120.1577865,-3.9615858],[120.1577248,-3.9615959],[120.1576128,-3.9616073],[120.157482,-3.9616074],[120.1574539,-3.9616088],[120.1571897,-3.9616019],[120.1570375,-3.9615932],[120.1568592,-3.9615898],[120.1566989,-3.9615845],[120.1565185,-3.9615778],[120.1563857,-3.9615745],[120.1562798,-3.9615738],[120.1561055,-3.9615738],[120.1559848,-3.9615738],[120.1558413,-3.9615771],[120.1556931,-3.9615778],[120.1556226,-3.9615818],[120.1554557,-3.9616006],[120.1552659,-3.9616113],[120.1550419,-3.9615939],[120.1548629,-3.9615531],[120.1546577,-3.9614915],[120.154539,-3.9614534],[120.1544049,-3.9614019],[120.1542024,-3.961333],[120.1540288,-3.9612647],[120.1539101,-3.9612085],[120.1537981,-3.9611263],[120.1537002,-3.96105],[120.1535741,-3.9609229],[120.1534521,-3.9607864],[120.1533025,-3.9606145],[120.153037,-3.9603349],[120.1529465,-3.960256],[120.1528767,-3.9602065],[120.1528037,-3.9601683],[120.1527151,-3.9601409],[120.1526427,-3.9601235],[120.1525871,-3.9601208],[120.1525093,-3.9601222],[120.1524395,-3.9601282],[120.1523752,-3.9601422],[120.1523209,-3.9601556],[120.1522384,-3.9601844],[120.15217,-3.9602065],[120.1519661,-3.9602446],[120.1517603,-3.9602667],[120.1516617,-3.960274],[120.151535,-3.9602841],[120.1514304,-3.9602921],[120.1513472,-3.9602894],[120.151258,-3.960276],[120.1511849,-3.960262],[120.1511434,-3.9602546],[120.1509791,-3.9602105],[120.1508523,-3.9601663],[120.1507196,-3.9601108],[120.1505828,-3.960062],[120.1505131,-3.9600299],[120.1503394,-3.9599589],[120.150151,-3.9598767],[120.1501053,-3.9598533],[120.1499142,-3.9597696],[120.1497426,-3.9597121],[120.1496125,-3.9596639],[120.1495354,-3.9596298],[120.1494241,-3.9595689],[120.1493356,-3.9595235],[120.1489265,-3.9593315],[120.1486583,-3.9592004],[120.1484692,-3.959108],[120.1482278,-3.9589662],[120.1480092,-3.9588378],[120.1477866,-3.9587187],[120.1476645,-3.9586652],[120.1474554,-3.9586037],[120.1472998,-3.9585929],[120.147104,-3.9585809],[120.1468532,-3.9585354],[120.1467097,-3.9584966],[120.1465514,-3.9584431],[120.1463664,-3.9583615],[120.1461048,-3.9582143],[120.1457629,-3.9580029],[120.1454853,-3.957841],[120.1453203,-3.9577527],[120.1451245,-3.9576671],[120.1448576,-3.9575868],[120.1444955,-3.9574811],[120.1441763,-3.9574035],[120.1440355,-3.9573661],[120.1437445,-3.9573099],[120.1434213,-3.9572925],[120.1431142,-3.9572858],[120.1429519,-3.9573059],[120.142675,-3.9573661],[120.1423001,-3.9574423],[120.1421258,-3.9574651],[120.1420017,-3.9574811],[120.1419333,-3.9574905],[120.1418411,-3.9574828],[120.1417516,-3.9574694],[120.1416537,-3.957437],[120.1415719,-3.9573942],[120.1414693,-3.9573259],[120.1413077,-3.9572229],[120.1411012,-3.9570825],[120.140947,-3.9569821],[120.1406613,-3.9568082],[120.1402898,-3.9565754],[120.1400135,-3.9564015],[120.1396045,-3.9561499],[120.1394449,-3.9560362],[120.1393309,-3.9559372],[120.1391713,-3.9557914],[120.1390171,-3.9556375],[120.1386791,-3.9552682],[120.1384833,-3.9550341],[120.1380569,-3.9546087],[120.1378047,-3.9543959],[120.1376317,-3.9542595],[120.1370564,-3.9538354],[120.1367909,-3.9536534],[120.1365387,-3.9534126],[120.1363671,-3.9532038],[120.1362705,-3.9530219],[120.1361203,-3.9527597],[120.1360358,-3.9526272],[120.1359379,-3.9524974],[120.1358829,-3.9524533],[120.1357636,-3.9523663],[120.1355959,-3.9522633],[120.1354337,-3.9521803],[120.1353103,-3.9521282],[120.1351681,-3.9520613],[120.1349147,-3.9519663],[120.134692,-3.9518913],[120.1344573,-3.9518071],[120.1342079,-3.951704],[120.1340376,-3.9516077],[120.1339518,-3.9515475],[120.133878,-3.9514806],[120.1337975,-3.951387],[120.1337104,-3.9512679],[120.1336285,-3.9511421],[120.1335106,-3.9509428],[120.1333845,-3.9507621],[120.1332544,-3.9506056],[120.1331712,-3.9505334],[120.1330787,-3.9504692],[120.1329902,-3.9504237],[120.1328587,-3.9503675],[120.1325798,-3.9502872],[120.1321238,-3.950144],[120.1319213,-3.9500718],[120.1317041,-3.9500022],[120.1313983,-3.9499072],[120.1311314,-3.9497868],[120.1308357,-3.949643],[120.1306167,-3.9495676],[120.13032,-3.9494657],[120.1301175,-3.9493988],[120.1298909,-3.9493199],[120.1296964,-3.9492623],[120.1293866,-3.949166],[120.12916,-3.9491018],[120.1287818,-3.9490135],[120.1283674,-3.9488877],[120.1281743,-3.9488342],[120.1278672,-3.9487579],[120.1277304,-3.9487298],[120.1275265,-3.9486937],[120.1273361,-3.9486683],[120.1270853,-3.9486456],[120.1268989,-3.9486282],[120.1267594,-3.9486282],[120.1264764,-3.9486282],[120.1261854,-3.9486322],[120.1258488,-3.9486295],[120.1254666,-3.9486148],[120.1250254,-3.9485693],[120.1246914,-3.9485639],[120.124324,-3.9485305],[120.1241188,-3.9484863],[120.1238666,-3.948398],[120.1236963,-3.9483298],[120.1235381,-3.9482562],[120.1234066,-3.948184],[120.1233282,-3.9481445],[120.1232705,-3.9481111],[120.1232162,-3.9480823],[120.1231042,-3.9480194],[120.1229413,-3.9479371],[120.1226771,-3.9477987],[120.1224183,-3.9476782],[120.1222801,-3.9476113],[120.1221326,-3.9475498],[120.121969,-3.9474882],[120.1216672,-3.9473906],[120.1215398,-3.9473491],[120.1213977,-3.947309],[120.1211429,-3.9472287],[120.1209846,-3.9471685],[120.120829,-3.9471203],[120.1206654,-3.9470561],[120.1205434,-3.9469892],[120.1204213,-3.9469009],[120.1202577,-3.9467537],[120.1201585,-3.9466641],[120.1200217,-3.9465276],[120.1198809,-3.9463363],[120.1198058,-3.9462119],[120.119724,-3.9460647],[120.1196811,-3.9459483],[120.1196073,-3.945749],[120.1195563,-3.9455724],[120.119492,-3.9453703],[120.1194142,-3.945266],[120.1192962,-3.9451308],[120.1191352,-3.9450037],[120.1190186,-3.9449382],[120.118871,-3.9448579],[120.1187637,-3.9448271],[120.1186404,-3.9447843],[120.1184204,-3.9447843],[120.1182407,-3.9448084],[120.1180717,-3.9448539],[120.1179068,-3.9449101],[120.117662,-3.9449763],[120.1175165,-3.9451108],[120.1174387,-3.945187],[120.1173422,-3.9453248],[120.1172121,-3.9455041],[120.1171128,-3.945654],[120.1170297,-3.9457784],[120.1169023,-3.9459597],[120.1168024,-3.9460962],[120.1167253,-3.9461911],[120.1166589,-3.9462868],[120.1166019,-3.9463517],[120.1165228,-3.946454],[120.1164383,-3.946529],[120.1163417,-3.9466106],[120.1162371,-3.9466654],[120.1161305,-3.9467096],[120.1160574,-3.9467363],[120.1159488,-3.9467745],[120.1158334,-3.9468086],[120.1157516,-3.946832],[120.1156712,-3.9468487],[120.1156249,-3.9468574],[120.1155464,-3.9468728],[120.1154432,-3.9468962],[120.1153661,-3.9469056],[120.1152313,-3.9469277],[120.1151247,-3.9469337],[120.1149946,-3.9469377],[120.1149188,-3.9469277],[120.1148088,-3.9469103],[120.1147337,-3.9468778],[120.1146338,-3.9468236],[120.1145533,-3.9467758],[120.1144575,-3.9466996],[120.1144206,-3.9466695],[120.1143622,-3.946624],[120.1142818,-3.9465584],[120.1141684,-3.9464728],[120.1140612,-3.9463999],[120.113978,-3.946339],[120.1139016,-3.9462988],[120.1137748,-3.946254],[120.1137011,-3.94624],[120.1136159,-3.9462319],[120.1135214,-3.9462447],[120.1133671,-3.9462774],[120.1132612,-3.9463169],[120.1131392,-3.9463591],[120.1130533,-3.9463938],[120.1129279,-3.9464514],[120.112832,-3.9464955],[120.1126926,-3.9465691],[120.1125786,-3.9466347],[120.1124445,-3.9466989],[120.1122876,-3.9467725],[120.1121749,-3.9468139],[120.112075,-3.9468514],[120.1120133,-3.9468701],[120.1119375,-3.9468956],[120.1118819,-3.9468989],[120.1118007,-3.9468969],[120.1116418,-3.9468915],[120.1115124,-3.9468815],[120.1112837,-3.9468427],[120.1110484,-3.946822],[120.1108559,-3.9468113],[120.1106983,-3.9468059],[120.1105629,-3.9468046],[120.1103409,-3.9468039],[120.1102196,-3.9468046],[120.1100727,-3.9468026],[120.1099433,-3.9467885],[120.1098716,-3.9467611],[120.1097716,-3.9467136],[120.109655,-3.9466554],[120.1094578,-3.9465464],[120.1093137,-3.9464741],[120.1091681,-3.9463892],[120.1090816,-3.946341],[120.1089234,-3.9462527],[120.1087765,-3.9461697],[120.1086646,-3.9460988],[120.1085378,-3.9460246],[120.1084057,-3.9459557],[120.1082964,-3.9459062],[120.1082046,-3.9458781],[120.1080906,-3.9458694],[120.1079417,-3.9458774],[120.1077989,-3.9458908],[120.1076594,-3.9459088],[120.1075313,-3.9459463],[120.1073483,-3.9459818],[120.1071095,-3.9460359],[120.1068782,-3.9460848],[120.106724,-3.9461242],[120.106561,-3.9461483],[120.1063384,-3.9462132],[120.1061332,-3.9462881],[120.1059609,-3.9463664],[120.1057785,-3.9464634],[120.1055981,-3.9465577],[120.1054526,-3.9466628],[120.1053366,-3.9467986],[120.1052079,-3.9470066],[120.1050469,-3.9473973],[120.104882,-3.9477773],[120.1047552,-3.9480174],[120.1046298,-3.9482054],[120.1045145,-3.9483967],[120.1044099,-3.9485385],[120.1042798,-3.948675],[120.1041725,-3.9487379],[120.1040009,-3.9488195],[120.1038077,-3.9488556],[120.1035824,-3.948869],[120.1033075,-3.948861],[120.1020831,-3.9488128],[120.1015091,-3.9487378],[120.1013347,-3.9486549],[120.1012167,-3.9485666],[120.1009941,-3.9483485],[120.1009083,-3.9482054],[120.1008855,-3.9480087],[120.1009083,-3.9478201],[120.101096,-3.9469879],[120.1012382,-3.9463698],[120.101265,-3.946054],[120.1012556,-3.945967],[120.1012181,-3.9458841],[120.1010697,-3.9457145],[120.1010129,-3.9456647],[120.1009021,-3.9456222],[120.1005964,-3.9455767],[120.1002854,-3.9455638],[120.1000433,-3.9455683],[120.0998668,-3.9456088],[120.0996576,-3.9456877],[120.0995619,-3.9457424],[120.0994501,-3.9458062],[120.0988851,-3.9461319],[120.098576,-3.9463372],[120.0981931,-3.9465708],[120.0979195,-3.9467313],[120.0976415,-3.9469357],[120.0974099,-3.9471059],[120.0971568,-3.9472818],[120.0967106,-3.9476301],[120.096433,-3.9478401],[120.0961309,-3.9480314],[120.0959432,-3.9481277],[120.0956833,-3.948192],[120.0954205,-3.9482495],[120.095117,-3.9483337],[120.0948864,-3.948414],[120.0948108,-3.9484364],[120.0946879,-3.9484729],[120.0945055,-3.9485264],[120.0942856,-3.9485424],[120.0938242,-3.9485638],[120.0934142,-3.9485787],[120.093146,-3.9485987],[120.092922,-3.9486041],[120.0927477,-3.9486108],[120.0923105,-3.9486001],[120.0916865,-3.9485968],[120.0915246,-3.9486014],[120.0910579,-3.9486068],[120.0906354,-3.9486228],[120.0904262,-3.9486282],[120.0902948,-3.9486228],[120.0898898,-3.9486014],[120.0895371,-3.948568],[120.0891518,-3.9485558],[120.0887552,-3.9485492],[120.0883488,-3.9485439],[120.0879985,-3.9485451],[120.087626,-3.9485493],[120.087521,-3.9485505],[120.0872099,-3.9485665],[120.0868397,-3.9485772],[120.0864911,-3.9485879],[120.0860404,-3.9485612],[120.0857186,-3.9485398],[120.085268,-3.9485023],[120.0848861,-3.948469],[120.0848465,-3.9484652],[120.0845652,-3.9484381],[120.0839742,-3.9484114],[120.0831651,-3.9483471],[120.0825566,-3.948299],[120.0818186,-3.9482347],[120.0813144,-3.9481866],[120.0808799,-3.9481384],[120.0805902,-3.9480902],[120.0803327,-3.9480421],[120.0800162,-3.9479404],[120.0797604,-3.9478227],[120.0794905,-3.9476915],[120.0794117,-3.9476595],[120.0792883,-3.9475953],[120.0791971,-3.9475351],[120.0790935,-3.9474453],[120.0789262,-3.9472836],[120.078777,-3.9471564],[120.0787269,-3.9471314],[120.0786161,-3.9470761],[120.0783157,-3.9470119],[120.0780947,-3.9469785],[120.0777943,-3.9469424],[120.0773823,-3.9469102],[120.0770336,-3.9469048],[120.0767684,-3.9469063],[120.0764734,-3.9469103],[120.0763768,-3.9469143],[120.0762038,-3.946941],[120.0760348,-3.9469758],[120.0756549,-3.9470814],[120.0752955,-3.9471671],[120.0749629,-3.947258],[120.0745985,-3.9473304],[120.0741734,-3.9474254],[120.0739383,-3.9474828],[120.0737425,-3.9475283],[120.073539,-3.9475873],[120.0733244,-3.9476582],[120.0731068,-3.9477557],[120.0728225,-3.947927],[120.0726348,-3.9480608],[120.0723397,-3.9482695],[120.0721332,-3.9484301],[120.0719405,-3.9485927],[120.0718784,-3.9486495],[120.0717585,-3.9487571],[120.0717174,-3.948794],[120.0715435,-3.9489506],[120.0712565,-3.9491727],[120.0709879,-3.9493452],[120.0707894,-3.9494736],[120.0706275,-3.9495567],[120.0703754,-3.9496691],[120.0701344,-3.9497532],[120.0700039,-3.9497988],[120.0696713,-3.9498885],[120.0694634,-3.9499501],[120.0691684,-3.9500316],[120.0688398,-3.9501012],[120.0685568,-3.9501534],[120.0683744,-3.9501949],[120.0682738,-3.950219],[120.0678514,-3.950322],[120.0676516,-3.9503648],[120.0673619,-3.9504103],[120.0672734,-3.9504303],[120.0668912,-3.9505093],[120.0664499,-3.9505936],[120.0662515,-3.9506404],[120.0658353,-3.9507379]]}},{"type":"Feature","properties":{"segmentId":"osm-gaul2-18188-5593884001-5595886274-0","regionId":"gaul2-18188","province":"Sulawesi Selatan","region":"Wajo","roadName":"Jalan Poros Pangkajene Sidrap - Anabanua - Tarumpakkae","highway":"trunk","lengthMeters":3463.876,"osmWayIds":["585599906"],"u":"5593884001","v":"5595886274","key":0,"oneway":false,"source":"OpenStreetMap"},"geometry":{"type":"LineString","coordinates":[[120.1724871,-3.9609477],[120.1728398,-3.9612139],[120.1741688,-3.962214],[120.1747052,-3.962626],[120.1753128,-3.963095],[120.1757184,-3.9634087],[120.1758331,-3.9635271],[120.1759558,-3.9636536],[120.1760839,-3.9638108],[120.1762274,-3.9639773],[120.1763984,-3.9641914],[120.1764876,-3.9642978],[120.1766498,-3.9645071],[120.1767799,-3.9646857],[120.1768644,-3.9647928],[120.177024,-3.9650149],[120.1771789,-3.9652169],[120.1772916,-3.9653728],[120.1775551,-3.9657266],[120.1777107,-3.9659353],[120.1779038,-3.9661802],[120.1781639,-3.9665066],[120.178294,-3.9666431],[120.1784751,-3.9667969],[120.1787366,-3.9670016],[120.178868,-3.9670759],[120.1790109,-3.9671535],[120.1794702,-3.9673923],[120.1798256,-3.9675582],[120.1799711,-3.9676171],[120.1800475,-3.9676418],[120.1801367,-3.9676639],[120.1802212,-3.9676786],[120.1803292,-3.9676846],[120.1804271,-3.96769],[120.1805437,-3.9676813],[120.1806235,-3.9676652],[120.1807516,-3.9676318],[120.1809608,-3.9675495],[120.1810694,-3.9674967],[120.1812847,-3.9673983],[120.1815167,-3.96731],[120.1816957,-3.9672719],[120.1818144,-3.9672552],[120.1821645,-3.9672063],[120.1824716,-3.9671629],[120.1828638,-3.9671093],[120.1832722,-3.9670518],[120.1835713,-3.967009],[120.1837765,-3.9669822],[120.1841493,-3.9669327],[120.1843022,-3.9669127],[120.1844088,-3.9668986],[120.1845194,-3.9668959],[120.1846629,-3.9669026],[120.184848,-3.9669227],[120.1853704,-3.9670271],[120.1858176,-3.9671368],[120.1870501,-3.9674739],[120.1875376,-3.9676244],[120.1878957,-3.9677448],[120.1882658,-3.9678659],[120.188583,-3.9679796],[120.1888465,-3.9680813],[120.1891509,-3.9682111],[120.1893079,-3.9682833],[120.1894232,-3.9683429],[120.1895472,-3.9684151],[120.1896304,-3.9684532],[120.1897095,-3.9684854],[120.1898034,-3.9685195],[120.1900998,-3.9685951],[120.1904599,-3.968682],[120.1906657,-3.9687208],[120.1908796,-3.9687596],[120.1912464,-3.9688339],[120.191632,-3.9689202],[120.1920363,-3.9690152],[120.192269,-3.96907],[120.1925748,-3.9691463],[120.1927464,-3.9691978],[120.1928517,-3.9692386],[120.1929945,-3.9692928],[120.1931374,-3.969349],[120.1932447,-3.9693971],[120.1934378,-3.9694881],[120.1936731,-3.9695998],[120.1937985,-3.969666],[120.1939078,-3.9697216],[120.1940198,-3.9697938],[120.1940969,-3.969844],[120.1946931,-3.9702607],[120.1949921,-3.9704708],[120.1952342,-3.9706032],[120.1953931,-3.9706761],[120.195542,-3.970733],[120.1956741,-3.9707798],[120.195892,-3.9708226],[120.1959255,-3.9708293],[120.1960549,-3.9708327],[120.1961951,-3.9708273],[120.196411,-3.9707919],[120.1965921,-3.9707491],[120.1971634,-3.9705878],[120.1976723,-3.970436],[120.1984072,-3.9702173],[120.1988947,-3.9700574],[120.1991764,-3.9699744],[120.199285,-3.9699571],[120.1993856,-3.969943],[120.1994305,-3.9699397],[120.1994755,-3.9699396],[120.1995195,-3.9699397],[120.199692,-3.9699651],[120.1998543,-3.9700092],[120.2000159,-3.9700594]]}},{"type":"Feature","properties":{"segmentId":"osm-gaul2-18188-5594066359-2117279126-0","regionId":"gaul2-18188","province":"Sulawesi Selatan","region":"Wajo","roadName":"Jalan sawerigading","highway":"tertiary","lengthMeters":1127.257,"osmWayIds":["1023958745","201711180","585330012"],"u":"5594066359","v":"2117279126","key":0,"oneway":true,"source":"OpenStreetMap"},"geometry":{"type":"LineString","coordinates":[[120.0385534,-4.1348099],[120.0385449,-4.1347326],[120.0385511,-4.1346944],[120.0385986,-4.1345047],[120.0386428,-4.1344055],[120.038683,-4.1343319],[120.0388684,-4.1339953],[120.0389233,-4.133838],[120.0389372,-4.1337661],[120.0389368,-4.1336803],[120.0389238,-4.1335935],[120.0389114,-4.1335414],[120.0387825,-4.1332282],[120.0387247,-4.1331108],[120.0386563,-4.1329576],[120.0386442,-4.1329],[120.0386457,-4.132802],[120.0386529,-4.1327127],[120.0386952,-4.1325369],[120.0387628,-4.1323562],[120.0388487,-4.1321168],[120.038913,-4.1318974],[120.0389466,-4.131753],[120.0389679,-4.1315828],[120.0389977,-4.1313196],[120.0390391,-4.1309946],[120.039141,-4.1305598],[120.0392617,-4.1301692],[120.0393424,-4.129928],[120.0393805,-4.1297883],[120.03947,-4.1294162],[120.0396465,-4.1286465],[120.0397344,-4.1282559],[120.0397959,-4.1279573],[120.0398216,-4.1277617],[120.0398445,-4.127605],[120.0398654,-4.1272867],[120.039833,-4.1270657],[120.0398126,-4.1269643],[120.0397982,-4.1268827],[120.0397456,-4.1266505],[120.0396725,-4.1263279],[120.0396269,-4.1260389],[120.0395827,-4.1257405],[120.0395688,-4.125521],[120.0395667,-4.1252596],[120.0395573,-4.1250354],[120.0395554,-4.12499]]}},{"type":"Feature","properties":{"segmentId":"osm-gaul2-18188-5594066359-2610558799-0","regionId":"gaul2-18188","province":"Sulawesi Selatan","region":"Wajo","roadName":"Jalan Sawerigading","highway":"tertiary","lengthMeters":1026.64,"osmWayIds":["585330011","585360529"],"u":"5594066359","v":"2610558799","key":0,"oneway":false,"source":"OpenStreetMap"},"geometry":{"type":"LineString","coordinates":[[120.0385534,-4.1348099],[120.0384944,-4.1350898],[120.0384504,-4.1353044],[120.0384221,-4.1355318],[120.0383994,-4.1357805],[120.0383895,-4.1359956],[120.0383788,-4.1362032],[120.0383643,-4.1363996],[120.0383177,-4.1368543],[120.0383056,-4.1370098],[120.038308,-4.1371292],[120.0383189,-4.1372278],[120.0383415,-4.1373256],[120.0383515,-4.1373616],[120.0383766,-4.1374673],[120.0384103,-4.1375873],[120.0384796,-4.1377689],[120.0385328,-4.1378518],[120.0386016,-4.1379447],[120.0388694,-4.138247],[120.0391399,-4.1385243],[120.0391735,-4.1385592],[120.0392187,-4.1386176],[120.0393133,-4.1388043],[120.0394039,-4.1390162],[120.0395004,-4.1392058],[120.0396324,-4.1394696],[120.039648,-4.1395151],[120.0396573,-4.1395784],[120.0396535,-4.1399406],[120.0396582,-4.1402772],[120.0396906,-4.1406722],[120.0396997,-4.1407513],[120.0397164,-4.1409183],[120.0397204,-4.1410614],[120.0397145,-4.1412213],[120.0397003,-4.1412995],[120.0396676,-4.1413889],[120.0396174,-4.1415015],[120.0395092,-4.1416974],[120.039475,-4.1417998],[120.0394646,-4.1418613],[120.0394508,-4.1419349],[120.0394233,-4.1420559],[120.0393757,-4.1422499],[120.0393248,-4.1424706],[120.039255,-4.1426719],[120.0392135,-4.1428598],[120.0391551,-4.1432604],[120.0391102,-4.1433521],[120.0390669,-4.1435179]]}},{"type":"Feature","properties":{"segmentId":"osm-gaul2-18188-5595798825-2274872332-0","regionId":"gaul2-18188","province":"Sulawesi Selatan","region":"Wajo","roadName":"Jalan Jenderal Sudirman","highway":"trunk","lengthMeters":3214.619,"osmWayIds":["1433968539","218214358","220699257","220973197","550361546","550361547"],"u":"5595798825","v":"2274872332","key":0,"oneway":false,"source":"OpenStreetMap"},"geometry":{"type":"LineString","coordinates":[[120.0312812,-4.1360234],[120.0311413,-4.135826],[120.0309898,-4.1355411],[120.0309053,-4.1353933],[120.0305995,-4.1349806],[120.0304011,-4.1347533],[120.0301141,-4.1344376],[120.0300081,-4.1343192],[120.0296085,-4.133837],[120.0295603,-4.1337788],[120.0294442,-4.1336384],[120.0292165,-4.1334023],[120.0284278,-4.132477],[120.0283165,-4.1323431],[120.0280241,-4.1320074],[120.0279692,-4.1319443],[120.0277237,-4.1316422],[120.0274982,-4.131349],[120.0274422,-4.1312681],[120.027232,-4.1309612],[120.0270387,-4.1306835],[120.0269612,-4.1305792],[120.0266857,-4.1301816],[120.0265944,-4.1300515],[120.0265004,-4.1299245],[120.0262282,-4.129548],[120.0261923,-4.1295001],[120.0259273,-4.1292505],[120.0259206,-4.1292425],[120.025806,-4.1291339],[120.0256101,-4.1289641],[120.0254759,-4.1288437],[120.0252847,-4.1286403],[120.0250688,-4.1284288],[120.0248876,-4.1282588],[120.0245522,-4.1279508],[120.0244633,-4.1278692],[120.024293,-4.1277094],[120.0241461,-4.1275569],[120.0239249,-4.1273295],[120.0236372,-4.1270258],[120.0232027,-4.1265493],[120.0231014,-4.1264399],[120.0228744,-4.1262157],[120.0227807,-4.1261237],[120.022712,-4.1260161],[120.0226469,-4.1259123],[120.022615,-4.1258177],[120.0225714,-4.1256997],[120.0225582,-4.1255062],[120.022513,-4.1248984],[120.0225136,-4.1248223],[120.0224897,-4.1245578],[120.0224971,-4.124427],[120.0224843,-4.1243303],[120.0224967,-4.1242273],[120.0225111,-4.124121],[120.0225455,-4.1240475],[120.0226596,-4.1237911],[120.022803,-4.1235481],[120.0229412,-4.1230825],[120.0231175,-4.1224966],[120.0231712,-4.1223207],[120.023328,-4.1217605],[120.0234079,-4.1214529],[120.0234407,-4.1212954],[120.0234582,-4.1212031],[120.0234742,-4.1210974],[120.0233941,-4.120735],[120.0233569,-4.1206179],[120.0233429,-4.1205822],[120.0232709,-4.1204265],[120.0230327,-4.1201106],[120.0227444,-4.119714],[120.0226977,-4.1196342],[120.0225075,-4.1193092],[120.0221831,-4.1187197],[120.0221027,-4.1186045],[120.0220918,-4.1185842],[120.022078,-4.118556],[120.0220205,-4.1184025],[120.0220071,-4.1183664],[120.0220011,-4.1183374],[120.0219914,-4.1182604],[120.0219875,-4.118245],[120.0219843,-4.1182116],[120.021981,-4.1180845],[120.021982,-4.11806],[120.0219853,-4.118033],[120.022012,-4.1178923],[120.0220802,-4.1175514],[120.0221117,-4.1173996],[120.0221238,-4.1173126],[120.0221295,-4.1170702],[120.0221243,-4.1169791],[120.0221131,-4.1168859],[120.0220708,-4.1167278],[120.0220453,-4.1166395],[120.0220199,-4.1165575],[120.0219839,-4.1164541],[120.0219381,-4.1163455],[120.0218227,-4.1160706],[120.0216182,-4.1155851],[120.0216071,-4.1155436],[120.0215917,-4.1154934],[120.0215793,-4.1154042],[120.0215686,-4.1152206],[120.0215692,-4.1151937],[120.0215716,-4.1151614],[120.0216092,-4.1149449],[120.0216487,-4.1147945],[120.0217419,-4.1144487],[120.0218133,-4.1140962],[120.0219692,-4.1132622],[120.0220024,-4.1130582],[120.022283,-4.1110862]]}},{"type":"Feature","properties":{"segmentId":"osm-gaul2-18188-5595798825-5595798829-0","regionId":"gaul2-18188","province":"Sulawesi Selatan","region":"Wajo","roadName":"Unnamed OSM road","highway":"trunk","lengthMeters":20.989,"osmWayIds":["585587168"],"u":"5595798825","v":"5595798829","key":0,"oneway":true,"source":"OpenStreetMap"},"geometry":{"type":"LineString","coordinates":[[120.0312812,-4.1360234],[120.031301,-4.1360054],[120.0313253,-4.1359942],[120.0313522,-4.1359909],[120.0313789,-4.1359959],[120.0314027,-4.1360088],[120.0314214,-4.1360284],[120.0314333,-4.1360528]]}},{"type":"Feature","properties":{"segmentId":"osm-gaul2-18188-5595798829-2093516233-0","regionId":"gaul2-18188","province":"Sulawesi Selatan","region":"Wajo","roadName":"Jalan A.P. Pettarani","highway":"trunk","lengthMeters":1306.541,"osmWayIds":["199350733","220218166","220842058","585587156","585587166"],"u":"5595798829","v":"2093516233","key":0,"oneway":true,"source":"OpenStreetMap"},"geometry":{"type":"LineString","coordinates":[[120.0314333,-4.1360528],[120.0317215,-4.1360726],[120.032078,-4.1360971],[120.0325079,-4.136123],[120.0325763,-4.1361404],[120.0326487,-4.1361725],[120.0326836,-4.1362059],[120.0327198,-4.1362554],[120.0327788,-4.1363704],[120.0328277,-4.1364697],[120.0328633,-4.1365684],[120.0328715,-4.136614],[120.0328727,-4.1366727],[120.0328537,-4.1368874],[120.0328403,-4.1369688],[120.0327524,-4.1375033],[120.0326502,-4.1381068],[120.0326032,-4.1383783],[120.0325448,-4.1387004],[120.0325227,-4.1388284],[120.0323646,-4.1397539],[120.0323499,-4.1398391],[120.0322929,-4.1401674],[120.0322779,-4.1402542],[120.032174,-4.1408368],[120.0321324,-4.1410615],[120.0320882,-4.1412527],[120.0320533,-4.1413598],[120.0320144,-4.1414507],[120.0319245,-4.1416206],[120.0318434,-4.1417464],[120.031781,-4.1418533],[120.0317354,-4.1419924],[120.0317126,-4.1421502],[120.0317073,-4.1423228],[120.0317167,-4.1425361],[120.0317542,-4.1427869],[120.0317891,-4.1428852],[120.0318783,-4.1430832],[120.0320372,-4.1434209],[120.0321468,-4.1436507],[120.0323825,-4.144164],[120.0325066,-4.1444736],[120.0326628,-4.1448508],[120.0328164,-4.1451959],[120.0329599,-4.1455103],[120.0329961,-4.1455825],[120.0330229,-4.145628],[120.0330595,-4.1456872],[120.0331101,-4.1457617],[120.0331791,-4.1458584],[120.0333665,-4.1461028]]}},{"type":"Feature","properties":{"segmentId":"osm-gaul2-18188-5595798829-5595798832-0","regionId":"gaul2-18188","province":"Sulawesi Selatan","region":"Wajo","roadName":"Unnamed OSM road","highway":"trunk","lengthMeters":17.76,"osmWayIds":["585587168"],"u":"5595798829","v":"5595798832","key":0,"oneway":true,"source":"OpenStreetMap"},"geometry":{"type":"LineString","coordinates":[[120.0314333,-4.1360528],[120.0314368,-4.1360845],[120.0314287,-4.1361155],[120.03141,-4.1361414],[120.0313832,-4.1361589],[120.0313519,-4.1361656]]}},{"type":"Feature","properties":{"segmentId":"osm-gaul2-18188-5595798832-5595798825-0","regionId":"gaul2-18188","province":"Sulawesi Selatan","region":"Wajo","roadName":"Unnamed OSM road","highway":"trunk","lengthMeters":22.033,"osmWayIds":["585587168"],"u":"5595798832","v":"5595798825","key":0,"oneway":true,"source":"OpenStreetMap"},"geometry":{"type":"LineString","coordinates":[[120.0313519,-4.1361656],[120.0313227,-4.1361615],[120.0312965,-4.1361479],[120.0312763,-4.1361264],[120.0312644,-4.1360994],[120.031262,-4.1360727],[120.0312678,-4.1360466],[120.0312812,-4.1360234]]}},{"type":"Feature","properties":{"segmentId":"osm-gaul2-18188-5595886274-2123329538-0","regionId":"gaul2-18188","province":"Sulawesi Selatan","region":"Wajo","roadName":"Jalan Poros Sengkang - Tarumpakkae","highway":"trunk","lengthMeters":2718.037,"osmWayIds":["593572248"],"u":"5595886274","v":"2123329538","key":0,"oneway":false,"source":"OpenStreetMap"},"geometry":{"type":"LineString","coordinates":[[120.2000159,-3.9700594],[120.1999242,-3.970233],[120.1998925,-3.9703236],[120.1998678,-3.9704262],[120.1998134,-3.9707852],[120.1997759,-3.9711475],[120.199707,-3.9721352],[120.1996726,-3.9726221],[120.1996618,-3.9727398],[120.1996578,-3.9729124],[120.1996458,-3.9730128],[120.1996203,-3.9731104],[120.1994809,-3.9736916],[120.1992903,-3.9744481],[120.1991507,-3.9750708],[120.1989747,-3.9757953],[120.1987848,-3.976613],[120.1987512,-3.976799],[120.1987005,-3.977033],[120.1986749,-3.977171],[120.1986453,-3.9774719],[120.1986386,-3.9775896],[120.1986185,-3.9777034],[120.198597,-3.9777769],[120.1985528,-3.9779067],[120.1985514,-3.9780873],[120.1985259,-3.9783522],[120.1985246,-3.9790814],[120.198538,-3.9796339],[120.1985367,-3.9804513],[120.1985045,-3.9816086],[120.1984884,-3.9819564],[120.1984388,-3.9823377],[120.1983932,-3.9826709],[120.1982765,-3.9832569],[120.1979828,-3.9843873],[120.1979479,-3.9845305],[120.1978675,-3.9849225],[120.1977159,-3.9855459],[120.197681,-3.9856891],[120.1975402,-3.9862389],[120.197437,-3.986643],[120.1972546,-3.9873253],[120.1971929,-3.9875367],[120.1970789,-3.9879755],[120.1970628,-3.9880464],[120.1970333,-3.988239],[120.1968871,-3.9887782],[120.1967235,-3.9891862],[120.1966594,-3.9893141],[120.1966202,-3.9893923],[120.1965746,-3.9894966],[120.1964432,-3.9898124],[120.1962849,-3.9902525],[120.1962045,-3.9904786],[120.1961173,-3.9907221],[120.1960435,-3.9909375],[120.1959229,-3.9912051],[120.1958075,-3.991482],[120.1957096,-3.9917308],[120.1955983,-3.9919984],[120.1954655,-3.992377],[120.1954387,-3.9924372],[120.1952992,-3.9927663],[120.1949103,-3.9937644]]}},{"type":"Feature","properties":{"segmentId":"osm-gaul2-18188-5595886274-5353801415-0","regionId":"gaul2-18188","province":"Sulawesi Selatan","region":"Wajo","roadName":"Jalan Poros Tarumpakkae - Belopa","highway":"trunk","lengthMeters":9964.422,"osmWayIds":["1433968537","344079337","344079338","585584571","585584572","588604946","588822747","588822750","588822760"],"u":"5595886274","v":"5353801415","key":0,"oneway":false,"source":"OpenStreetMap"},"geometry":{"type":"LineString","coordinates":[[120.2000159,-3.9700594],[120.2000194,-3.9700545],[120.2000462,-3.9700162],[120.2004464,-3.969553],[120.2007709,-3.9691984],[120.2013195,-3.968575],[120.2015166,-3.9683502],[120.2016091,-3.9682432],[120.2017204,-3.9681014],[120.2019538,-3.9678539],[120.203142,-3.9665575],[120.2036516,-3.9659781],[120.2039574,-3.965752],[120.2050772,-3.9650108],[120.2056713,-3.9646175],[120.2064063,-3.9641305],[120.2078265,-3.9631873],[120.2087626,-3.9625545],[120.2091528,-3.9622976],[120.2099454,-3.9617638],[120.2106118,-3.9613424],[120.2112101,-3.9609557],[120.211705,-3.9606346],[120.2123541,-3.9602252],[120.2131185,-3.9596539],[120.2146524,-3.9586698],[120.2149109,-3.9585014],[120.2150381,-3.9584109],[120.2154158,-3.9582076],[120.2157524,-3.9580832],[120.2164069,-3.9579133],[120.2170694,-3.9577233],[120.2175302,-3.9576096],[120.2178955,-3.957524],[120.2180538,-3.9574985],[120.2183187,-3.957499],[120.218516,-3.9575133],[120.2187078,-3.957533],[120.2198066,-3.9576637],[120.2205391,-3.9577586],[120.2209289,-3.9577966],[120.2222535,-3.9579513],[120.2234396,-3.9580909],[120.2238886,-3.9581586],[120.2246067,-3.9583087],[120.2255682,-3.9585314],[120.2275519,-3.9589826],[120.229671,-3.9594885],[120.2307076,-3.959704],[120.2311966,-3.9597676],[120.2316889,-3.9597942],[120.2325417,-3.9598425],[120.232995,-3.9598693],[120.2340531,-3.9599296],[120.2351341,-3.9600446],[120.2369665,-3.9602621],[120.2381811,-3.9604018],[120.2390072,-3.9604928],[120.2395047,-3.9605824],[120.2397931,-3.9606399],[120.2400666,-3.9607242],[120.2404931,-3.9608915],[120.2407855,-3.9610132],[120.241385,-3.961242],[120.2419066,-3.9614387],[120.2421051,-3.9614922],[120.2422956,-3.9615163],[120.2425289,-3.961543],[120.2429178,-3.9615457],[120.2430996,-3.961533],[120.2432267,-3.9615175],[120.2432913,-3.9615096],[120.2434328,-3.9614835],[120.2454827,-3.9606743],[120.2469103,-3.9601155],[120.2477029,-3.9598058],[120.2478947,-3.9597208],[120.2487463,-3.9593863],[120.2495794,-3.9590658],[120.2502473,-3.9588054],[120.2506538,-3.9586407],[120.2510693,-3.9584762],[120.2513967,-3.9583478],[120.2519907,-3.958105],[120.2528169,-3.9577658],[120.2533493,-3.9575503],[120.2539506,-3.957319],[120.2543914,-3.9571396],[120.2549372,-3.9569081],[120.2554508,-3.9567021],[120.256057,-3.9564488],[120.2568885,-3.9561148],[120.2574517,-3.9558873],[120.2580589,-3.9556415],[120.2589119,-3.9552896],[120.2589409,-3.9552782],[120.259096,-3.9552171],[120.2593276,-3.9551304],[120.2600479,-3.9548629],[120.2602912,-3.9547499],[120.2604792,-3.9546296],[120.2606131,-3.9544582],[120.2609829,-3.9537527],[120.2612829,-3.9531804],[120.261602,-3.9525716],[120.2620119,-3.9517896],[120.2625025,-3.9508537],[120.2627967,-3.9502806],[120.2629975,-3.9499093],[120.2631435,-3.9496126],[120.2632329,-3.9494309],[120.2634206,-3.9489627],[120.2636272,-3.9483446],[120.2638045,-3.947787],[120.264056,-3.9470774],[120.2641515,-3.9467725],[120.2642475,-3.946424],[120.2642843,-3.9462518],[120.2643178,-3.9460166],[120.2643213,-3.9458421],[120.2643142,-3.9456771],[120.2643031,-3.9454197],[120.2642709,-3.9452298],[120.2642376,-3.9450671],[120.2642199,-3.9449248],[120.2641985,-3.9446947],[120.2641743,-3.9443281],[120.2641456,-3.9438753],[120.2641434,-3.9437702],[120.2641451,-3.9436556],[120.2641523,-3.9435662],[120.2641636,-3.9434972],[120.2641797,-3.943417],[120.2642132,-3.9433126],[120.2643062,-3.9431082],[120.2644027,-3.9429142],[120.2645179,-3.9426949],[120.2646723,-3.9424111],[120.2647742,-3.9422238],[120.2649122,-3.941959],[120.2650692,-3.9416512],[120.2652687,-3.9412722],[120.2654152,-3.9409929],[120.2656556,-3.9405626],[120.2657425,-3.9404222],[120.2658498,-3.940249],[120.266076,-3.9398567],[120.2662691,-3.9395222],[120.2664019,-3.9393215],[120.2665086,-3.9391605],[120.2666352,-3.9389914],[120.2667134,-3.938887],[120.2669883,-3.9385393],[120.2671909,-3.9382903],[120.2674715,-3.937975],[120.2676737,-3.9377551],[120.267797,-3.9376347],[120.2679804,-3.9374591],[120.2682171,-3.9372164],[120.2683566,-3.93708],[120.2686565,-3.9367919],[120.2690533,-3.9364182],[120.2692954,-3.9361782],[120.2696051,-3.9358857],[120.2698237,-3.9356797],[120.2701369,-3.9353826],[120.2703656,-3.9351694],[120.2705395,-3.9350231],[120.2709362,-3.9346628]]}},{"type":"Feature","properties":{"segmentId":"osm-gaul2-18188-5595886274-5593884001-0","regionId":"gaul2-18188","province":"Sulawesi Selatan","region":"Wajo","roadName":"Jalan Poros Pangkajene Sidrap - Anabanua - Tarumpakkae","highway":"trunk","lengthMeters":3463.876,"osmWayIds":["585599906"],"u":"5595886274","v":"5593884001","key":0,"oneway":false,"source":"OpenStreetMap"},"geometry":{"type":"LineString","coordinates":[[120.2000159,-3.9700594],[120.1998543,-3.9700092],[120.199692,-3.9699651],[120.1995195,-3.9699397],[120.1994755,-3.9699396],[120.1994305,-3.9699397],[120.1993856,-3.969943],[120.199285,-3.9699571],[120.1991764,-3.9699744],[120.1988947,-3.9700574],[120.1984072,-3.9702173],[120.1976723,-3.970436],[120.1971634,-3.9705878],[120.1965921,-3.9707491],[120.196411,-3.9707919],[120.1961951,-3.9708273],[120.1960549,-3.9708327],[120.1959255,-3.9708293],[120.195892,-3.9708226],[120.1956741,-3.9707798],[120.195542,-3.970733],[120.1953931,-3.9706761],[120.1952342,-3.9706032],[120.1949921,-3.9704708],[120.1946931,-3.9702607],[120.1940969,-3.969844],[120.1940198,-3.9697938],[120.1939078,-3.9697216],[120.1937985,-3.969666],[120.1936731,-3.9695998],[120.1934378,-3.9694881],[120.1932447,-3.9693971],[120.1931374,-3.969349],[120.1929945,-3.9692928],[120.1928517,-3.9692386],[120.1927464,-3.9691978],[120.1925748,-3.9691463],[120.192269,-3.96907],[120.1920363,-3.9690152],[120.191632,-3.9689202],[120.1912464,-3.9688339],[120.1908796,-3.9687596],[120.1906657,-3.9687208],[120.1904599,-3.968682],[120.1900998,-3.9685951],[120.1898034,-3.9685195],[120.1897095,-3.9684854],[120.1896304,-3.9684532],[120.1895472,-3.9684151],[120.1894232,-3.9683429],[120.1893079,-3.9682833],[120.1891509,-3.9682111],[120.1888465,-3.9680813],[120.188583,-3.9679796],[120.1882658,-3.9678659],[120.1878957,-3.9677448],[120.1875376,-3.9676244],[120.1870501,-3.9674739],[120.1858176,-3.9671368],[120.1853704,-3.9670271],[120.184848,-3.9669227],[120.1846629,-3.9669026],[120.1845194,-3.9668959],[120.1844088,-3.9668986],[120.1843022,-3.9669127],[120.1841493,-3.9669327],[120.1837765,-3.9669822],[120.1835713,-3.967009],[120.1832722,-3.9670518],[120.1828638,-3.9671093],[120.1824716,-3.9671629],[120.1821645,-3.9672063],[120.1818144,-3.9672552],[120.1816957,-3.9672719],[120.1815167,-3.96731],[120.1812847,-3.9673983],[120.1810694,-3.9674967],[120.1809608,-3.9675495],[120.1807516,-3.9676318],[120.1806235,-3.9676652],[120.1805437,-3.9676813],[120.1804271,-3.96769],[120.1803292,-3.9676846],[120.1802212,-3.9676786],[120.1801367,-3.9676639],[120.1800475,-3.9676418],[120.1799711,-3.9676171],[120.1798256,-3.9675582],[120.1794702,-3.9673923],[120.1790109,-3.9671535],[120.178868,-3.9670759],[120.1787366,-3.9670016],[120.1784751,-3.9667969],[120.178294,-3.9666431],[120.1781639,-3.9665066],[120.1779038,-3.9661802],[120.1777107,-3.9659353],[120.1775551,-3.9657266],[120.1772916,-3.9653728],[120.1771789,-3.9652169],[120.177024,-3.9650149],[120.1768644,-3.9647928],[120.1767799,-3.9646857],[120.1766498,-3.9645071],[120.1764876,-3.9642978],[120.1763984,-3.9641914],[120.1762274,-3.9639773],[120.1760839,-3.9638108],[120.1759558,-3.9636536],[120.1758331,-3.9635271],[120.1757184,-3.9634087],[120.1753128,-3.963095],[120.1747052,-3.962626],[120.1741688,-3.962214],[120.1728398,-3.9612139],[120.1724871,-3.9609477]]}},{"type":"Feature","properties":{"segmentId":"osm-gaul2-18188-5601101388-2123329538-0","regionId":"gaul2-18188","province":"Sulawesi Selatan","region":"Wajo","roadName":"Jalan Poros Sengkang - Tarumpakkae","highway":"trunk","lengthMeters":3356.469,"osmWayIds":["586152160","593572248","750637210"],"u":"5601101388","v":"2123329538","key":0,"oneway":false,"source":"OpenStreetMap"},"geometry":{"type":"LineString","coordinates":[[120.1791876,-4.0193145],[120.1793526,-4.0191042],[120.1797535,-4.0186186],[120.1799058,-4.0184233],[120.1800715,-4.018228],[120.180178,-4.018094],[120.1804753,-4.0176794],[120.1806441,-4.0174126],[120.1808508,-4.0170673],[120.1809977,-4.0167623],[120.1810581,-4.0166607],[120.1814885,-4.015868],[120.1817527,-4.0154479],[120.1822329,-4.0146519],[120.1828122,-4.0136446],[120.1833436,-4.0126186],[120.183401,-4.0125235],[120.1834948,-4.0123763],[120.1835988,-4.0122415],[120.1845155,-4.0112817],[120.1847702,-4.010989],[120.1849821,-4.0107522],[120.1851726,-4.0105515],[120.1854877,-4.0102331],[120.1856513,-4.0100579],[120.1858002,-4.0098987],[120.1865539,-4.009108],[120.1874055,-4.0081541],[120.1875383,-4.0079816],[120.1876228,-4.0078665],[120.1877019,-4.0077274],[120.1879272,-4.0073769],[120.1881056,-4.0070558],[120.1889344,-4.0055895],[120.1896605,-4.0043232],[120.1902272,-4.0033433],[120.1904833,-4.0028777],[120.19071,-4.0025005],[120.1912245,-4.001562],[120.1913349,-4.001358],[120.1915976,-4.0009057],[120.1921007,-4.0000362],[120.1921892,-3.999869],[120.1922804,-3.9997044],[120.1924722,-3.9992723],[120.1925446,-3.9991184],[120.1927418,-3.9986957],[120.1927967,-3.9985927],[120.1929617,-3.9982194],[120.1931468,-3.9978234],[120.1932272,-3.9976495],[120.1932849,-3.9975023],[120.1933412,-3.9973632],[120.1935464,-3.9967692],[120.1936765,-3.9964334],[120.1937905,-3.9961471],[120.1940466,-3.9955517],[120.1942049,-3.9951878],[120.1943229,-3.9949698],[120.1944745,-3.994654],[120.1946837,-3.9942674],[120.1948138,-3.9939691],[120.1949103,-3.9937644]]}},{"type":"Feature","properties":{"segmentId":"osm-gaul2-18188-5601101388-2123329751-0","regionId":"gaul2-18188","province":"Sulawesi Selatan","region":"Wajo","roadName":"Jalan Poros Sengkang - Tarumpakkae","highway":"trunk","lengthMeters":22.552,"osmWayIds":["586152160"],"u":"5601101388","v":"2123329751","key":0,"oneway":false,"source":"OpenStreetMap"},"geometry":{"type":"LineString","coordinates":[[120.1791876,-4.0193145],[120.179056,-4.0194691]]}},{"type":"Feature","properties":{"segmentId":"osm-gaul2-18188-5601101388-5601101389-0","regionId":"gaul2-18188","province":"Sulawesi Selatan","region":"Wajo","roadName":"Jalan Poros Atapangnge - Doping","highway":"primary","lengthMeters":16.917,"osmWayIds":["586152168"],"u":"5601101388","v":"5601101389","key":0,"oneway":true,"source":"OpenStreetMap"},"geometry":{"type":"LineString","coordinates":[[120.1791876,-4.0193145],[120.1792583,-4.0194493]]}},{"type":"Feature","properties":{"segmentId":"osm-gaul2-18188-5601101389-2123329751-0","regionId":"gaul2-18188","province":"Sulawesi Selatan","region":"Wajo","roadName":"Jalan Poros Atapangnge - Doping","highway":"primary","lengthMeters":22.547,"osmWayIds":["586152142"],"u":"5601101389","v":"2123329751","key":0,"oneway":true,"source":"OpenStreetMap"},"geometry":{"type":"LineString","coordinates":[[120.1792583,-4.0194493],[120.179056,-4.0194691]]}},{"type":"Feature","properties":{"segmentId":"osm-gaul2-18188-5601101389-5392189780-0","regionId":"gaul2-18188","province":"Sulawesi Selatan","region":"Wajo","roadName":"Jalan Poros Atapangnge - Doping","highway":"primary","lengthMeters":9176.551,"osmWayIds":["202362093","247113228","586183105"],"u":"5601101389","v":"5392189780","key":0,"oneway":false,"source":"OpenStreetMap"},"geometry":{"type":"LineString","coordinates":[[120.1792583,-4.0194493],[120.1797076,-4.0194981],[120.1807414,-4.0196083],[120.1811794,-4.0196353],[120.181309,-4.0196446],[120.1816232,-4.0196696],[120.1817634,-4.0196808],[120.1821738,-4.0197028],[120.182569,-4.0197213],[120.1833089,-4.0197592],[120.1835861,-4.0197785],[120.1836931,-4.0197874],[120.1842212,-4.0198421],[120.1847657,-4.0199038],[120.1854613,-4.0199691],[120.1862729,-4.0200612],[120.1864528,-4.0200931],[120.1868657,-4.0201758],[120.187338,-4.0202591],[120.1882439,-4.0204278],[120.1887131,-4.0205182],[120.1889357,-4.0205731],[120.1891791,-4.0206554],[120.1894138,-4.0207798],[120.1895705,-4.0208722],[120.1897243,-4.0209744],[120.1898537,-4.0210928],[120.1900555,-4.0213035],[120.1904458,-4.0217062],[120.1907046,-4.0219992],[120.1908709,-4.0222266],[120.1911009,-4.0225958],[120.1912786,-4.0229443],[120.191518,-4.023434],[120.1917245,-4.0237256],[120.1919103,-4.0239383],[120.1921007,-4.0241336],[120.192265,-4.0242828],[120.1924125,-4.0243644],[120.1926117,-4.0244527],[120.1928041,-4.0245156],[120.1929047,-4.0245363],[120.1931032,-4.0245483],[120.1934941,-4.0245169],[120.1940573,-4.0244279],[120.1944395,-4.0243821],[120.1947521,-4.024355],[120.1949063,-4.0243564],[120.1950357,-4.0243738],[120.1951651,-4.0244092],[120.1954508,-4.0245213],[120.1961562,-4.0248748],[120.1964821,-4.0250641],[120.1966021,-4.0251497],[120.1966967,-4.0252433],[120.1967859,-4.025351],[120.1969998,-4.0256948],[120.1971821,-4.0260079],[120.1973967,-4.0264681],[120.1974524,-4.0267035],[120.1975268,-4.0272146],[120.1975764,-4.0273698],[120.1976824,-4.0275831],[120.1977407,-4.0276667],[120.1978058,-4.0277357],[120.1982946,-4.0280962],[120.1986922,-4.0283831],[120.1988867,-4.0285089],[120.1991281,-4.0286473],[120.1995821,-4.0288286],[120.1997841,-4.0288902],[120.2000179,-4.0289484],[120.2002137,-4.0290025],[120.2009587,-4.029232],[120.2014462,-4.0294025],[120.2018814,-4.0295651],[120.2021248,-4.0296572],[120.2032069,-4.0300856],[120.2039684,-4.0303721],[120.20435,-4.0305045],[120.2043846,-4.0305142],[120.2045133,-4.0305471],[120.2046092,-4.0305758],[120.204746,-4.0306226],[120.2048396,-4.0306595],[120.2052234,-4.0308761],[120.2062069,-4.0315118],[120.2067724,-4.0318935],[120.2070268,-4.0320753],[120.2072887,-4.0322493],[120.2075636,-4.032458],[120.2078828,-4.0327055],[120.2082959,-4.0330065],[120.2088658,-4.0334266],[120.2091917,-4.0336701],[120.2097309,-4.0340888],[120.2100903,-4.0343644],[120.2104041,-4.0345824],[120.210671,-4.0347376],[120.2113952,-4.0351269],[120.2117479,-4.0353022],[120.2124748,-4.035646],[120.2127564,-4.0357757],[120.2130192,-4.0359042],[120.2133813,-4.0361062],[120.2137917,-4.0363269],[120.2142745,-4.0366319],[120.214591,-4.0368807],[120.2149183,-4.037258],[120.2156156,-4.0381998],[120.2160501,-4.0387536],[120.2166054,-4.0396553],[120.2168065,-4.039971],[120.2172303,-4.0407576],[120.2177641,-4.0415843],[120.2181664,-4.0420793],[120.2187109,-4.0426546],[120.2191588,-4.0430586],[120.2194539,-4.043302],[120.2197207,-4.0435295],[120.2203926,-4.0440659],[120.2207172,-4.044292],[120.221027,-4.0444498],[120.2214146,-4.0446144],[120.2218665,-4.0447642],[120.2222434,-4.0448672],[120.2226335,-4.0449962],[120.2228871,-4.0451134],[120.223094,-4.0452349],[120.223217,-4.0453542],[120.2233176,-4.0454893],[120.2234142,-4.0456712],[120.2234597,-4.045817],[120.2235107,-4.0460017],[120.2235255,-4.0461341],[120.2235429,-4.0463361],[120.2235281,-4.0465943],[120.2234866,-4.0469314],[120.2233779,-4.0477046],[120.2233632,-4.0480417],[120.2233489,-4.0486237],[120.2233444,-4.0489956],[120.2233489,-4.0494421],[120.2233432,-4.0499131],[120.2233484,-4.0501581],[120.2233739,-4.0503949],[120.2234128,-4.0505567],[120.2234946,-4.0508176],[120.2235657,-4.0509968],[120.2236783,-4.0511962],[120.2238017,-4.0513701],[120.2239063,-4.0514958],[120.2240016,-4.0515855],[120.2241947,-4.0517406],[120.2245313,-4.0519386],[120.2250087,-4.0521727],[120.2253614,-4.0523092],[120.2256766,-4.0523868],[120.2259797,-4.052447],[120.2262605,-4.0524813],[120.2266811,-4.0525486],[120.2272501,-4.0526226],[120.2278827,-4.0527172],[120.2282301,-4.0527774],[120.2286163,-4.0528791],[120.2293454,-4.0531002],[120.2298206,-4.0532402],[120.2301452,-4.0533419],[120.230357,-4.0534115],[120.2306682,-4.0535519],[120.2308305,-4.0536576],[120.231033,-4.0537887],[120.2312299,-4.0539414],[120.2314462,-4.0541318],[120.2317773,-4.0544389],[120.2322319,-4.0548469],[120.2325819,-4.0551519],[120.232885,-4.0554475],[120.2331425,-4.0557191],[120.2335221,-4.0561004],[120.2338466,-4.0564027],[120.2341792,-4.0566997],[120.2344139,-4.0568816],[120.2349155,-4.0572374],[120.2351716,-4.0574287],[120.2353889,-4.0575853],[120.2360259,-4.0580387],[120.2362606,-4.0581939],[120.2370217,-4.0586218],[120.237543,-4.0589036],[120.2378753,-4.0590832],[120.2387041,-4.059533],[120.2390759,-4.0597439],[120.2393035,-4.0598766],[120.2395499,-4.0600203],[120.2398494,-4.0601938],[120.2403179,-4.0604454],[120.2408755,-4.0606799],[120.2412204,-4.0608252],[120.2415379,-4.0609648],[120.2416988,-4.061058],[120.2418551,-4.0611642],[120.2421733,-4.0613705],[120.2424605,-4.0615713],[120.2427009,-4.0617808],[120.2428202,-4.0618847],[120.2429755,-4.0620212],[120.2430104,-4.062056]]}},{"type":"Feature","properties":{"segmentId":"osm-gaul2-18188-5601355490-5601355507-0","regionId":"gaul2-18188","province":"Sulawesi Selatan","region":"Wajo","roadName":"Unnamed OSM road","highway":"tertiary","lengthMeters":103.721,"osmWayIds":["586194080"],"u":"5601355490","v":"5601355507","key":0,"oneway":true,"source":"OpenStreetMap"},"geometry":{"type":"LineString","coordinates":[[120.0345404,-4.1138986],[120.0344606,-4.1141725],[120.0344485,-4.1142621],[120.0344257,-4.1143838],[120.0344056,-4.1144815],[120.0343828,-4.1145898],[120.0343566,-4.1148112]]}},{"type":"Feature","properties":{"segmentId":"osm-gaul2-18188-5601355490-7150471899-0","regionId":"gaul2-18188","province":"Sulawesi Selatan","region":"Wajo","roadName":"Unnamed OSM road","highway":"tertiary_link","lengthMeters":7.296,"osmWayIds":["765609319"],"u":"5601355490","v":"7150471899","key":0,"oneway":false,"source":"OpenStreetMap"},"geometry":{"type":"LineString","coordinates":[[120.0345404,-4.1138986],[120.0344767,-4.1138822]]}},{"type":"Feature","properties":{"segmentId":"osm-gaul2-18188-5601355492-5601355490-0","regionId":"gaul2-18188","province":"Sulawesi Selatan","region":"Wajo","roadName":"Unnamed OSM road","highway":"tertiary","lengthMeters":124.398,"osmWayIds":["586194080"],"u":"5601355492","v":"5601355490","key":0,"oneway":true,"source":"OpenStreetMap"},"geometry":{"type":"LineString","coordinates":[[120.034924,-4.1128596],[120.0348267,-4.113002],[120.0347838,-4.1130863],[120.0347342,-4.113216],[120.0346979,-4.113295],[120.0346684,-4.1134033],[120.0346255,-4.1134916],[120.0345772,-4.113707],[120.0345404,-4.1138986]]}},{"type":"Feature","properties":{"segmentId":"osm-gaul2-18188-5601355492-5601355493-0","regionId":"gaul2-18188","province":"Sulawesi Selatan","region":"Wajo","roadName":"Unnamed OSM road","highway":"tertiary_link","lengthMeters":4.571,"osmWayIds":["586194052"],"u":"5601355492","v":"5601355493","key":0,"oneway":false,"source":"OpenStreetMap"},"geometry":{"type":"LineString","coordinates":[[120.034924,-4.1128596],[120.034887,-4.1128415]]}},{"type":"Feature","properties":{"segmentId":"osm-gaul2-18188-5601355493-5601355492-0","regionId":"gaul2-18188","province":"Sulawesi Selatan","region":"Wajo","roadName":"Unnamed OSM road","highway":"tertiary_link","lengthMeters":4.571,"osmWayIds":["586194052"],"u":"5601355493","v":"5601355492","key":0,"oneway":false,"source":"OpenStreetMap"},"geometry":{"type":"LineString","coordinates":[[120.034887,-4.1128415],[120.034924,-4.1128596]]}},{"type":"Feature","properties":{"segmentId":"osm-gaul2-18188-5601355493-5601355495-0","regionId":"gaul2-18188","province":"Sulawesi Selatan","region":"Wajo","roadName":"Jalan Haji Andi Anru","highway":"tertiary","lengthMeters":199.479,"osmWayIds":["201710832"],"u":"5601355493","v":"5601355495","key":0,"oneway":true,"source":"OpenStreetMap"},"geometry":{"type":"LineString","coordinates":[[120.034887,-4.1128415],[120.0350376,-4.1127265],[120.035101,-4.1126362],[120.0351393,-4.1125706],[120.03517,-4.1125094],[120.0351926,-4.1124603],[120.0352136,-4.1123991],[120.0352247,-4.1123494],[120.0352347,-4.1122877],[120.0352475,-4.1121824],[120.0352522,-4.1120102],[120.0352558,-4.1119242],[120.0352699,-4.1118015],[120.0352843,-4.1117256],[120.0353018,-4.1116684],[120.0353199,-4.1116294],[120.0353408,-4.1115903],[120.0354084,-4.1114858],[120.0354761,-4.1114032],[120.0355459,-4.1113196],[120.0355888,-4.1112694]]}},{"type":"Feature","properties":{"segmentId":"osm-gaul2-18188-5601355494-5601355492-0","regionId":"gaul2-18188","province":"Sulawesi Selatan","region":"Wajo","roadName":"Unnamed OSM road","highway":"tertiary","lengthMeters":197.584,"osmWayIds":["586194080"],"u":"5601355494","v":"5601355492","key":0,"oneway":true,"source":"OpenStreetMap"},"geometry":{"type":"LineString","coordinates":[[120.035624,-4.1113025],[120.0354904,-4.111458],[120.0354577,-4.1115018],[120.0354267,-4.1115477],[120.035394,-4.1116017],[120.0353725,-4.1116433],[120.0353527,-4.1116841],[120.0353378,-4.1117316],[120.0353242,-4.1117921],[120.0353092,-4.1119172],[120.0353019,-4.1120103],[120.0352961,-4.1121138],[120.035287,-4.1122623],[120.0352716,-4.112382],[120.0352548,-4.1124385],[120.035229,-4.1125041],[120.035202,-4.1125616],[120.0351818,-4.1126002],[120.0351643,-4.1126248],[120.0351013,-4.1126987],[120.034924,-4.1128596]]}},{"type":"Feature","properties":{"segmentId":"osm-gaul2-18188-5601355494-5601355495-0","regionId":"gaul2-18188","province":"Sulawesi Selatan","region":"Wajo","roadName":"Unnamed OSM road","highway":"tertiary_link","lengthMeters":5.365,"osmWayIds":["586194054"],"u":"5601355494","v":"5601355495","key":0,"oneway":false,"source":"OpenStreetMap"},"geometry":{"type":"LineString","coordinates":[[120.035624,-4.1113025],[120.0355888,-4.1112694]]}},{"type":"Feature","properties":{"segmentId":"osm-gaul2-18188-5601355495-5601355494-0","regionId":"gaul2-18188","province":"Sulawesi Selatan","region":"Wajo","roadName":"Unnamed OSM road","highway":"tertiary_link","lengthMeters":5.365,"osmWayIds":["586194054"],"u":"5601355495","v":"5601355494","key":0,"oneway":false,"source":"OpenStreetMap"},"geometry":{"type":"LineString","coordinates":[[120.0355888,-4.1112694],[120.035624,-4.1113025]]}},{"type":"Feature","properties":{"segmentId":"osm-gaul2-18188-5601355495-5601355497-0","regionId":"gaul2-18188","province":"Sulawesi Selatan","region":"Wajo","roadName":"Jalan Haji Andi Anru","highway":"tertiary","lengthMeters":175.15,"osmWayIds":["201710832"],"u":"5601355495","v":"5601355497","key":0,"oneway":true,"source":"OpenStreetMap"},"geometry":{"type":"LineString","coordinates":[[120.0355888,-4.1112694],[120.0356766,-4.1111714],[120.0357856,-4.1110337],[120.0358148,-4.1109932],[120.03585,-4.11093],[120.0358818,-4.1108544],[120.0358982,-4.1108069],[120.0359083,-4.1107588],[120.0359143,-4.1107106],[120.0359133,-4.1106658],[120.035909,-4.1105916],[120.035862,-4.1103734],[120.0358372,-4.110307],[120.0358013,-4.110219],[120.0357667,-4.1101364],[120.0356894,-4.1098274]]}},{"type":"Feature","properties":{"segmentId":"osm-gaul2-18188-5601355496-5601355494-0","regionId":"gaul2-18188","province":"Sulawesi Selatan","region":"Wajo","roadName":"Unnamed OSM road","highway":"tertiary","lengthMeters":179.435,"osmWayIds":["586194080"],"u":"5601355496","v":"5601355494","key":0,"oneway":true,"source":"OpenStreetMap"},"geometry":{"type":"LineString","coordinates":[[120.0357365,-4.1098184],[120.0357611,-4.1099224],[120.0357785,-4.1099933],[120.0358034,-4.1100749],[120.0358604,-4.1102401],[120.0358996,-4.1103638],[120.035918,-4.1104384],[120.0359405,-4.1105404],[120.0359532,-4.1106284],[120.0359552,-4.1106655],[120.0359562,-4.1107036],[120.0359515,-4.1107444],[120.0359407,-4.1108074],[120.0359266,-4.1108606],[120.0358989,-4.1109246],[120.0358644,-4.1109962],[120.0358117,-4.1110768],[120.0356837,-4.1112346],[120.035624,-4.1113025]]}},{"type":"Feature","properties":{"segmentId":"osm-gaul2-18188-5601355496-5601355497-0","regionId":"gaul2-18188","province":"Sulawesi Selatan","region":"Wajo","roadName":"Unnamed OSM road","highway":"tertiary_link","lengthMeters":5.319,"osmWayIds":["586194056"],"u":"5601355496","v":"5601355497","key":0,"oneway":false,"source":"OpenStreetMap"},"geometry":{"type":"LineString","coordinates":[[120.0357365,-4.1098184],[120.0356894,-4.1098274]]}},{"type":"Feature","properties":{"segmentId":"osm-gaul2-18188-5601355497-2117270543-0","regionId":"gaul2-18188","province":"Sulawesi Selatan","region":"Wajo","roadName":"Jalan Haji Andi Anru","highway":"tertiary","lengthMeters":155.222,"osmWayIds":["201710832"],"u":"5601355497","v":"2117270543","key":0,"oneway":true,"source":"OpenStreetMap"},"geometry":{"type":"LineString","coordinates":[[120.0356894,-4.1098274],[120.0356656,-4.1097244],[120.0356179,-4.1095248],[120.0355553,-4.1093285],[120.0354413,-4.1090215],[120.0353139,-4.1086981],[120.0352354,-4.1085095]]}},{"type":"Feature","properties":{"segmentId":"osm-gaul2-18188-5601355497-5601355496-0","regionId":"gaul2-18188","province":"Sulawesi Selatan","region":"Wajo","roadName":"Unnamed OSM road","highway":"tertiary_link","lengthMeters":5.319,"osmWayIds":["586194056"],"u":"5601355497","v":"5601355496","key":0,"oneway":false,"source":"OpenStreetMap"},"geometry":{"type":"LineString","coordinates":[[120.0356894,-4.1098274],[120.0357365,-4.1098184]]}},{"type":"Feature","properties":{"segmentId":"osm-gaul2-18188-5601355500-5601355501-0","regionId":"gaul2-18188","province":"Sulawesi Selatan","region":"Wajo","roadName":"Unnamed OSM road","highway":"tertiary_link","lengthMeters":7.526,"osmWayIds":["586194061"],"u":"5601355500","v":"5601355501","key":0,"oneway":false,"source":"OpenStreetMap"},"geometry":{"type":"LineString","coordinates":[[120.0361879,-4.0998715],[120.0361209,-4.0998608]]}},{"type":"Feature","properties":{"segmentId":"osm-gaul2-18188-5601355500-5601356843-0","regionId":"gaul2-18188","province":"Sulawesi Selatan","region":"Wajo","roadName":"Unnamed OSM road","highway":"tertiary","lengthMeters":195.65,"osmWayIds":["586194080"],"u":"5601355500","v":"5601356843","key":0,"oneway":true,"source":"OpenStreetMap"},"geometry":{"type":"LineString","coordinates":[[120.0361879,-4.0998715],[120.0361209,-4.1003638],[120.0360686,-4.1005966],[120.036029,-4.100735],[120.0360035,-4.1008788],[120.0359914,-4.1010313],[120.0359881,-4.1012112],[120.035978,-4.1014239],[120.0359653,-4.1016118]]}},{"type":"Feature","properties":{"segmentId":"osm-gaul2-18188-5601355501-5601355500-0","regionId":"gaul2-18188","province":"Sulawesi Selatan","region":"Wajo","roadName":"Unnamed OSM road","highway":"tertiary_link","lengthMeters":7.526,"osmWayIds":["586194061"],"u":"5601355501","v":"5601355500","key":0,"oneway":false,"source":"OpenStreetMap"},"geometry":{"type":"LineString","coordinates":[[120.0361209,-4.0998608],[120.0361879,-4.0998715]]}},{"type":"Feature","properties":{"segmentId":"osm-gaul2-18188-5601355501-5601355504-0","regionId":"gaul2-18188","province":"Sulawesi Selatan","region":"Wajo","roadName":"Jalan Haji Andi Anru","highway":"tertiary","lengthMeters":285.625,"osmWayIds":["201710832"],"u":"5601355501","v":"5601355504","key":0,"oneway":true,"source":"OpenStreetMap"},"geometry":{"type":"LineString","coordinates":[[120.0361209,-4.0998608],[120.0361537,-4.0995605],[120.0361557,-4.0994562],[120.0361537,-4.0993826],[120.036149,-4.0993385],[120.0361376,-4.0993084],[120.0361235,-4.099283],[120.0361007,-4.0992488],[120.0360706,-4.0992274],[120.0360458,-4.0992087],[120.036011,-4.099192],[120.0359425,-4.0991706],[120.0358526,-4.0991505],[120.0357447,-4.0991304],[120.035626,-4.0991151],[120.0355234,-4.0991117],[120.0354101,-4.0991144],[120.0353209,-4.0991277],[120.0351124,-4.0991545],[120.0349729,-4.099182],[120.034822,-4.0992087],[120.0347456,-4.0992114],[120.0346322,-4.0992054],[120.0345156,-4.099186],[120.0342997,-4.0991532],[120.0341942,-4.0991279]]}},{"type":"Feature","properties":{"segmentId":"osm-gaul2-18188-5601355503-5601355500-0","regionId":"gaul2-18188","province":"Sulawesi Selatan","region":"Wajo","roadName":"Unnamed OSM road","highway":"tertiary","lengthMeters":299.885,"osmWayIds":["586194080"],"u":"5601355503","v":"5601355500","key":0,"oneway":true,"source":"OpenStreetMap"},"geometry":{"type":"LineString","coordinates":[[120.0342131,-4.0990669],[120.0344277,-4.0991117],[120.034598,-4.0991331],[120.0346973,-4.0991438],[120.0347885,-4.0991425],[120.0348622,-4.0991318],[120.0350721,-4.099087],[120.0352391,-4.0990649],[120.0353839,-4.0990348],[120.035506,-4.0990328],[120.0356173,-4.0990475],[120.0357708,-4.0990622],[120.0358768,-4.099079],[120.0360592,-4.0991191],[120.0361262,-4.0991438],[120.0361826,-4.099194],[120.0362047,-4.0992395],[120.0362114,-4.099295],[120.0362201,-4.0993532],[120.0362161,-4.0994522],[120.0362147,-4.0995692],[120.0361986,-4.0997404],[120.0361879,-4.0998715]]}},{"type":"Feature","properties":{"segmentId":"osm-gaul2-18188-5601355503-5601355504-0","regionId":"gaul2-18188","province":"Sulawesi Selatan","region":"Wajo","roadName":"Unnamed OSM road","highway":"tertiary_link","lengthMeters":7.099,"osmWayIds":["586194065"],"u":"5601355503","v":"5601355504","key":0,"oneway":false,"source":"OpenStreetMap"},"geometry":{"type":"LineString","coordinates":[[120.0342131,-4.0990669],[120.0341942,-4.0991279]]}},{"type":"Feature","properties":{"segmentId":"osm-gaul2-18188-5601355504-5601355503-0","regionId":"gaul2-18188","province":"Sulawesi Selatan","region":"Wajo","roadName":"Unnamed OSM road","highway":"tertiary_link","lengthMeters":7.099,"osmWayIds":["586194065"],"u":"5601355504","v":"5601355503","key":0,"oneway":false,"source":"OpenStreetMap"},"geometry":{"type":"LineString","coordinates":[[120.0341942,-4.0991279],[120.0342131,-4.0990669]]}},{"type":"Feature","properties":{"segmentId":"osm-gaul2-18188-5601355504-5601355506-0","regionId":"gaul2-18188","province":"Sulawesi Selatan","region":"Wajo","roadName":"Jalan Haji Andi Anru","highway":"tertiary","lengthMeters":596.127,"osmWayIds":["201710832","201900016","586194075"],"u":"5601355504","v":"5601355506","key":0,"oneway":true,"source":"OpenStreetMap"},"geometry":{"type":"LineString","coordinates":[[120.0341942,-4.0991279],[120.0340053,-4.0990649],[120.033833,-4.0989987],[120.0337458,-4.0989579],[120.0336754,-4.0989198],[120.0336076,-4.0988756],[120.0335553,-4.0988362],[120.0334936,-4.0987853],[120.0334501,-4.0987445],[120.0333964,-4.0986877],[120.0332496,-4.0985311],[120.033037,-4.0982817],[120.0328045,-4.0980529],[120.0325187,-4.0977654],[120.0323859,-4.0976176],[120.0322836,-4.09749],[120.0322531,-4.0974263],[120.0322377,-4.0973754],[120.032229,-4.0973133],[120.0322303,-4.0972604],[120.032236,-4.0972228],[120.0327399,-4.096126],[120.0331338,-4.0953922],[120.0333895,-4.094976]]}},{"type":"Feature","properties":{"segmentId":"osm-gaul2-18188-5601355505-5601355503-0","regionId":"gaul2-18188","province":"Sulawesi Selatan","region":"Wajo","roadName":"Unnamed OSM road","highway":"tertiary","lengthMeters":585.831,"osmWayIds":["586194080"],"u":"5601355505","v":"5601355503","key":0,"oneway":true,"source":"OpenStreetMap"},"geometry":{"type":"LineString","coordinates":[[120.0334412,-4.0950144],[120.0332899,-4.0952365],[120.0331262,-4.0955027],[120.03298,-4.0957662],[120.0327896,-4.0961381],[120.0324824,-4.0968015],[120.0322873,-4.0972276],[120.0322813,-4.0972517],[120.0322793,-4.0973032],[120.0322853,-4.097358],[120.0322954,-4.0974056],[120.0323161,-4.097453],[120.0323396,-4.0974905],[120.0323732,-4.0975327],[120.0326736,-4.0978596],[120.0329988,-4.0981895],[120.0331315,-4.0983279],[120.0332442,-4.0984616],[120.0335098,-4.0987466],[120.0335681,-4.0987934],[120.033611,-4.0988261],[120.0336593,-4.0988542],[120.0337243,-4.0988877],[120.0338001,-4.0989291],[120.0339188,-4.0989753],[120.0340743,-4.0990315],[120.0342131,-4.0990669]]}},{"type":"Feature","properties":{"segmentId":"osm-gaul2-18188-5601355505-5601355506-0","regionId":"gaul2-18188","province":"Sulawesi Selatan","region":"Wajo","roadName":"Unnamed OSM road","highway":"tertiary_link","lengthMeters":7.149,"osmWayIds":["586194068"],"u":"5601355505","v":"5601355506","key":0,"oneway":false,"source":"OpenStreetMap"},"geometry":{"type":"LineString","coordinates":[[120.0334412,-4.0950144],[120.0333895,-4.094976]]}},{"type":"Feature","properties":{"segmentId":"osm-gaul2-18188-5601355506-2119098504-0","regionId":"gaul2-18188","province":"Sulawesi Selatan","region":"Wajo","roadName":"Unnamed OSM road","highway":"tertiary","lengthMeters":360.064,"osmWayIds":["201900016"],"u":"5601355506","v":"2119098504","key":0,"oneway":true,"source":"OpenStreetMap"},"geometry":{"type":"LineString","coordinates":[[120.0333895,-4.094976],[120.0337042,-4.0944646],[120.0340152,-4.0939862],[120.0341293,-4.0937945],[120.0342111,-4.0936353],[120.0343785,-4.0932577],[120.0346472,-4.0925188],[120.0346979,-4.0923544],[120.0347369,-4.0922007],[120.0347422,-4.0921224],[120.0347365,-4.0920645]]}},{"type":"Feature","properties":{"segmentId":"osm-gaul2-18188-5601355506-5601355505-0","regionId":"gaul2-18188","province":"Sulawesi Selatan","region":"Wajo","roadName":"Unnamed OSM road","highway":"tertiary_link","lengthMeters":7.149,"osmWayIds":["586194068"],"u":"5601355506","v":"5601355505","key":0,"oneway":false,"source":"OpenStreetMap"},"geometry":{"type":"LineString","coordinates":[[120.0333895,-4.094976],[120.0334412,-4.0950144]]}},{"type":"Feature","properties":{"segmentId":"osm-gaul2-18188-5601355507-13115588589-0","regionId":"gaul2-18188","province":"Sulawesi Selatan","region":"Wajo","roadName":"Jalan Sawerigading","highway":"tertiary","lengthMeters":1615.558,"osmWayIds":["201711177","585330014"],"u":"5601355507","v":"13115588589","key":0,"oneway":true,"source":"OpenStreetMap"},"geometry":{"type":"LineString","coordinates":[[120.0343566,-4.1148112],[120.0346537,-4.1147838],[120.0348378,-4.1147646],[120.0351794,-4.1146982],[120.0355286,-4.1146397],[120.0357458,-4.1145983],[120.0358789,-4.1145714],[120.0360525,-4.114546],[120.0361779,-4.1145376],[120.0363019,-4.11454],[120.0364494,-4.1145537],[120.0365809,-4.1145771],[120.0367177,-4.1146105],[120.0368672,-4.1146748],[120.0370169,-4.1147626],[120.0376692,-4.1151493],[120.0382209,-4.1154964],[120.0382797,-4.115569],[120.0383062,-4.1156175],[120.0383203,-4.1156576],[120.0383355,-4.1157341],[120.0383348,-4.1158973],[120.0383188,-4.1161168],[120.0383017,-4.1164002],[120.0382868,-4.1166965],[120.0382988,-4.1168063],[120.038326,-4.1168865],[120.0383565,-4.11693],[120.0383806,-4.1169611],[120.0384135,-4.1169869],[120.0384634,-4.117015],[120.0385137,-4.1170297],[120.0385892,-4.1170384],[120.0389344,-4.1170466],[120.0389848,-4.1170517],[120.0390358,-4.1170618],[120.039102,-4.117081],[120.0391776,-4.1171069],[120.0392312,-4.117134],[120.0392775,-4.1171604],[120.0393226,-4.1172105],[120.0393528,-4.1172592],[120.0393819,-4.1173371],[120.0394107,-4.1174658],[120.0394233,-4.1177112],[120.0394203,-4.1179667],[120.039423,-4.1181543],[120.0394146,-4.1182302],[120.0394069,-4.1186143],[120.0393943,-4.1189108],[120.0393802,-4.1191249],[120.0393295,-4.1194314],[120.0392557,-4.1198307],[120.0392108,-4.1201618],[120.0391712,-4.1204966],[120.0391394,-4.1208456],[120.0391102,-4.1211717],[120.0391075,-4.1213315],[120.0391162,-4.1214981],[120.0391365,-4.121766],[120.0391665,-4.1223106],[120.0391895,-4.1227186],[120.0392123,-4.1231363],[120.0392295,-4.1234548],[120.0392493,-4.1236129],[120.0392828,-4.1237649],[120.0394001,-4.1241094],[120.0395456,-4.1245733],[120.0395991,-4.1247648],[120.039625,-4.1249425],[120.039627,-4.1249926]]}},{"type":"Feature","properties":{"segmentId":"osm-gaul2-18188-5601355507-2117278985-0","regionId":"gaul2-18188","province":"Sulawesi Selatan","region":"Wajo","roadName":"Unnamed OSM road","highway":"tertiary","lengthMeters":8.01,"osmWayIds":["586194080"],"u":"5601355507","v":"2117278985","key":0,"oneway":true,"source":"OpenStreetMap"},"geometry":{"type":"LineString","coordinates":[[120.0343566,-4.1148112],[120.0343487,-4.1148828]]}},{"type":"Feature","properties":{"segmentId":"osm-gaul2-18188-5601356843-5601356892-0","regionId":"gaul2-18188","province":"Sulawesi Selatan","region":"Wajo","roadName":"Unnamed OSM road","highway":"tertiary_link","lengthMeters":7.718,"osmWayIds":["586194059"],"u":"5601356843","v":"5601356892","key":0,"oneway":false,"source":"OpenStreetMap"},"geometry":{"type":"LineString","coordinates":[[120.0359653,-4.1016118],[120.035897,-4.1015985]]}},{"type":"Feature","properties":{"segmentId":"osm-gaul2-18188-5601356843-7150464196-0","regionId":"gaul2-18188","province":"Sulawesi Selatan","region":"Wajo","roadName":"Unnamed OSM road","highway":"tertiary","lengthMeters":779.525,"osmWayIds":["586194080"],"u":"5601356843","v":"7150464196","key":0,"oneway":true,"source":"OpenStreetMap"},"geometry":{"type":"LineString","coordinates":[[120.0359653,-4.1016118],[120.0358701,-4.102058],[120.0358117,-4.1023435],[120.0357916,-4.1025723],[120.0357635,-4.1027649],[120.0357469,-4.1028919],[120.0357039,-4.1031207],[120.0356595,-4.1033294],[120.0356059,-4.1035809],[120.035547,-4.1038779],[120.0355294,-4.1039648],[120.035512,-4.1040839],[120.0355081,-4.1042337],[120.0355322,-4.1046725],[120.0355308,-4.1049467],[120.0355201,-4.1053961],[120.0354772,-4.1058134],[120.0354539,-4.1059113],[120.035398,-4.1061964],[120.0353212,-4.1065248],[120.0352133,-4.1069608],[120.0351955,-4.1070311],[120.0351828,-4.1070976],[120.0351368,-4.1073447],[120.0350828,-4.1076761],[120.0350684,-4.1077678],[120.0350607,-4.1078427],[120.0350607,-4.1079052],[120.0350637,-4.1079443],[120.0350714,-4.1079878],[120.0350953,-4.1080754],[120.0351194,-4.1081403],[120.0351553,-4.1082329],[120.0352183,-4.1083798],[120.0352674,-4.108495]]}},{"type":"Feature","properties":{"segmentId":"osm-gaul2-18188-5601356876-2119098504-0","regionId":"gaul2-18188","province":"Sulawesi Selatan","region":"Wajo","roadName":"Jalan Poros Sengkang - Tarumpakkae","highway":"trunk","lengthMeters":7.659,"osmWayIds":["201900014"],"u":"5601356876","v":"2119098504","key":0,"oneway":false,"source":"OpenStreetMap"},"geometry":{"type":"LineString","coordinates":[[120.0348039,-4.0920495],[120.0347365,-4.0920645]]}},{"type":"Feature","properties":{"segmentId":"osm-gaul2-18188-5601356876-2135923561-0","regionId":"gaul2-18188","province":"Sulawesi Selatan","region":"Wajo","roadName":"Jalan Poros Sengkang - Tarumpakkae","highway":"trunk","lengthMeters":6159.806,"osmWayIds":["201900014"],"u":"5601356876","v":"2135923561","key":0,"oneway":false,"source":"OpenStreetMap"},"geometry":{"type":"LineString","coordinates":[[120.0348039,-4.0920495],[120.0352069,-4.0919812],[120.0355643,-4.0919297],[120.0359137,-4.0918809],[120.0361886,-4.0918431],[120.0363683,-4.0918147],[120.0364702,-4.0917826],[120.0365406,-4.0917438],[120.0366251,-4.0916803],[120.0367143,-4.0915712],[120.0367907,-4.0914468],[120.0369691,-4.0911211],[120.0370476,-4.0909987],[120.0371133,-4.0909218],[120.037185,-4.0908582],[120.0372762,-4.0908041],[120.0373788,-4.0907653],[120.0374915,-4.0907459],[120.0376256,-4.0907405],[120.0377382,-4.0907579],[120.0380011,-4.0908158],[120.038392,-4.0909035],[120.0385097,-4.0909291],[120.0386663,-4.0909489],[120.0389201,-4.0909606],[120.0394809,-4.0909348],[120.03997,-4.0908863],[120.0401133,-4.0908659],[120.0402313,-4.0908285],[120.0403366,-4.0907726],[120.0404238,-4.090683],[120.0405519,-4.0904834],[120.0406799,-4.0902483],[120.0408013,-4.0900249],[120.040855,-4.0899466],[120.04092,-4.089861],[120.0409971,-4.0897874],[120.0410729,-4.0897319],[120.0411641,-4.0896838],[120.0413223,-4.0896262],[120.0416773,-4.0895001],[120.0418447,-4.089455],[120.0419913,-4.0894438],[120.0421452,-4.0894511],[120.0422779,-4.0894804],[120.0424578,-4.0895668],[120.042625,-4.0896436],[120.0427325,-4.089665],[120.0428371,-4.0896597],[120.0429089,-4.0896316],[120.0431352,-4.0895005],[120.0435881,-4.089159],[120.0439878,-4.0888156],[120.0442306,-4.0885684],[120.0444934,-4.0882812],[120.0448709,-4.0878277],[120.0449467,-4.0877568],[120.0450271,-4.0876973],[120.0450801,-4.0876658],[120.0451733,-4.0876304],[120.045298,-4.087605],[120.0453886,-4.0875916],[120.0454738,-4.087589],[120.0456816,-4.087597],[120.0458948,-4.0876144],[120.0461027,-4.0876438],[120.04632,-4.0876893],[120.0467894,-4.0877883],[120.0469825,-4.087819],[120.0470562,-4.0878177],[120.0471139,-4.087807],[120.0471883,-4.0877789],[120.0472614,-4.0877375],[120.0474089,-4.0876211],[120.047763,-4.0873241],[120.0478448,-4.0872425],[120.0478891,-4.087189],[120.0479414,-4.087114],[120.0479775,-4.0870365],[120.048286,-4.0863034],[120.0486078,-4.085371],[120.0486602,-4.0852225],[120.0486951,-4.0851463],[120.048742,-4.0850767],[120.0488453,-4.0849764],[120.0489284,-4.0849236],[120.0490035,-4.0848848],[120.0491215,-4.0848346],[120.0494601,-4.0847216],[120.049597,-4.0846667],[120.0497632,-4.0845583],[120.0498323,-4.0845015],[120.04989,-4.0844394],[120.0499396,-4.0843651],[120.0499765,-4.0843002],[120.0500375,-4.084127],[120.0502722,-4.083216],[120.0503138,-4.0831036],[120.0503916,-4.0829618],[120.0504868,-4.0828548],[120.0506235,-4.0827545],[120.0507536,-4.0826902],[120.05092,-4.0826622],[120.0514135,-4.0826167],[120.0516656,-4.0825846],[120.0520116,-4.0825244],[120.0523781,-4.0824236],[120.052548,-4.0823834],[120.0527184,-4.0823599],[120.0529235,-4.0823652],[120.0545228,-4.08259],[120.055241,-4.082709],[120.0559813,-4.0828803],[120.0561841,-4.0829159],[120.0564413,-4.0829318],[120.0568114,-4.0829151],[120.0570166,-4.0828896],[120.0571601,-4.0828495],[120.0573994,-4.0827527],[120.0576147,-4.0826167],[120.0580604,-4.0822979],[120.058319,-4.0821184],[120.0587413,-4.0818194],[120.0591594,-4.0815144],[120.0595486,-4.0812269],[120.0597243,-4.081069],[120.0598571,-4.0809191],[120.0601744,-4.0805044],[120.0607514,-4.0798294],[120.0608978,-4.0796764],[120.0610332,-4.0796015],[120.0611955,-4.0795453],[120.0618591,-4.0794683],[120.0621087,-4.079433],[120.0622528,-4.0793785],[120.0628209,-4.0790838],[120.0632318,-4.078847],[120.0635178,-4.0785839],[120.0636806,-4.0783869],[120.0637932,-4.0781862],[120.0641129,-4.0776505],[120.0642948,-4.077401],[120.0644494,-4.0772293],[120.0646006,-4.0771174],[120.0647847,-4.0770652],[120.0651607,-4.0769936],[120.0654929,-4.0769441],[120.0660197,-4.0768705],[120.0667846,-4.0767658],[120.0670172,-4.0767094],[120.0672331,-4.0766265],[120.0674357,-4.0765168],[120.0677388,-4.0763656],[120.068522,-4.0759442],[120.0689591,-4.075674],[120.0691214,-4.075559],[120.0692247,-4.0754493],[120.0693119,-4.0753436],[120.0694285,-4.0751389],[120.0696698,-4.0746076],[120.0699212,-4.0739394],[120.0700155,-4.0737235],[120.0701,-4.0735302],[120.0703868,-4.0729412],[120.0706259,-4.0723214],[120.0707602,-4.0719378],[120.0708611,-4.0716257],[120.0709172,-4.0713371],[120.0709525,-4.0710579],[120.0710567,-4.0702525],[120.0711062,-4.069879],[120.0711398,-4.0696554],[120.0711804,-4.069456],[120.0712546,-4.0690648],[120.0713454,-4.0687278],[120.0714282,-4.0684423],[120.0715496,-4.0681006],[120.0717091,-4.0676799],[120.0718197,-4.067423],[120.0719967,-4.0670319],[120.0723374,-4.0662618],[120.072411,-4.0661165],[120.072509,-4.065918],[120.072712,-4.0655461],[120.0729181,-4.0651929],[120.0731018,-4.0648826],[120.0732977,-4.0645308],[120.0734622,-4.0642349],[120.073649,-4.0639515],[120.0738868,-4.063633],[120.0740558,-4.0634268],[120.074208,-4.0632734]]}},{"type":"Feature","properties":{"segmentId":"osm-gaul2-18188-5601356876-5601355505-0","regionId":"gaul2-18188","province":"Sulawesi Selatan","region":"Wajo","roadName":"Unnamed OSM road","highway":"tertiary","lengthMeters":365.632,"osmWayIds":["586194080"],"u":"5601356876","v":"5601355505","key":0,"oneway":true,"source":"OpenStreetMap"},"geometry":{"type":"LineString","coordinates":[[120.0348039,-4.0920495],[120.0348059,-4.0920976],[120.0348066,-4.092125],[120.0347979,-4.0921785],[120.0347094,-4.0924689],[120.0344941,-4.0930842],[120.0343922,-4.0933504],[120.0342756,-4.0936232],[120.0341549,-4.0938493],[120.0339295,-4.0942185],[120.0335782,-4.0947737],[120.0334412,-4.0950144]]}},{"type":"Feature","properties":{"segmentId":"osm-gaul2-18188-5601356892-5601355501-0","regionId":"gaul2-18188","province":"Sulawesi Selatan","region":"Wajo","roadName":"Jalan Haji Andi Anru","highway":"tertiary","lengthMeters":195.353,"osmWayIds":["201710832"],"u":"5601356892","v":"5601355501","key":0,"oneway":true,"source":"OpenStreetMap"},"geometry":{"type":"LineString","coordinates":[[120.035897,-4.1015985],[120.0359331,-4.1009758],[120.0359465,-4.1008306],[120.0359823,-4.1006706],[120.0360223,-4.1005069],[120.0360619,-4.1003531],[120.0360954,-4.1001418],[120.0361209,-4.0998608]]}},{"type":"Feature","properties":{"segmentId":"osm-gaul2-18188-5601356892-5601356843-0","regionId":"gaul2-18188","province":"Sulawesi Selatan","region":"Wajo","roadName":"Unnamed OSM road","highway":"tertiary_link","lengthMeters":7.718,"osmWayIds":["586194059"],"u":"5601356892","v":"5601356843","key":0,"oneway":false,"source":"OpenStreetMap"},"geometry":{"type":"LineString","coordinates":[[120.035897,-4.1015985],[120.0359653,-4.1016118]]}},{"type":"Feature","properties":{"segmentId":"osm-gaul2-18188-5616264705-5315789413-0","regionId":"gaul2-18188","province":"Sulawesi Selatan","region":"Wajo","roadName":"Jalan Poros Tarumpakkae - Belopa","highway":"trunk","lengthMeters":2895.75,"osmWayIds":["587962440","587967928","588269079"],"u":"5616264705","v":"5315789413","key":0,"oneway":false,"source":"OpenStreetMap"},"geometry":{"type":"LineString","coordinates":[[120.3453317,-3.7709866],[120.345579,-3.7701495],[120.3457573,-3.7697174],[120.3458536,-3.7695719],[120.3459592,-3.7694575],[120.3460781,-3.769366],[120.346234,-3.7692935],[120.3464032,-3.7692319],[120.3474207,-3.7688966],[120.3478565,-3.7687107],[120.3482187,-3.7684955],[120.3485088,-3.7682556],[120.3487618,-3.7680109],[120.3488637,-3.767869],[120.3489549,-3.7677259],[120.3491386,-3.767303],[120.3493424,-3.7668186],[120.3495101,-3.7663529],[120.3497193,-3.7656918],[120.3497984,-3.7654616],[120.3498615,-3.7653318],[120.349942,-3.7651876],[120.3500881,-3.7649852],[120.3502759,-3.7647577],[120.3504342,-3.7645476],[120.3506179,-3.7642719],[120.3506514,-3.7642129],[120.3506689,-3.7641863],[120.350744,-3.7640792],[120.3508379,-3.7639414],[120.3509505,-3.7637688],[120.3510886,-3.7635359],[120.351153,-3.7633914],[120.3512281,-3.7632321],[120.3513864,-3.7627036],[120.3514964,-3.7623453],[120.3515929,-3.762088],[120.35166,-3.7619153],[120.3516909,-3.7618563],[120.3517363,-3.7617695],[120.3518054,-3.7616792],[120.3518887,-3.7615702],[120.3520982,-3.7614023],[120.3523305,-3.7612436],[120.3525904,-3.7611123],[120.3526505,-3.7610819],[120.3529192,-3.760976],[120.3532296,-3.7608804],[120.3534888,-3.7607976],[120.353748,-3.7606975],[120.3541638,-3.7604912],[120.3543265,-3.7604264],[120.3544655,-3.760371],[120.3547341,-3.7602806],[120.3549084,-3.7602372],[120.3549582,-3.7602249],[120.3552226,-3.7601596],[120.3557754,-3.7600519],[120.3562238,-3.759987],[120.3564141,-3.7599536],[120.356555,-3.7599068],[120.3567449,-3.7598087],[120.3569789,-3.7596698],[120.3572026,-3.7595296],[120.3575073,-3.7593564],[120.357712,-3.7592388],[120.3579028,-3.7591412],[120.3580212,-3.7590884],[120.3582317,-3.7589811],[120.358458,-3.7588535],[120.3587355,-3.7586889],[120.3589314,-3.7585578],[120.3591112,-3.7584132],[120.3592237,-3.7583016],[120.359374,-3.7581589],[120.3595225,-3.7580168],[120.3596514,-3.7578877],[120.3597545,-3.7577838],[120.3599373,-3.7576134],[120.3602377,-3.7573761],[120.360515,-3.7571603],[120.3609069,-3.7568716],[120.3611956,-3.7566466],[120.3612194,-3.7566281],[120.3613426,-3.7565261],[120.3615878,-3.7562763],[120.3617996,-3.7560496],[120.3623056,-3.7553447],[120.3625048,-3.7550846],[120.3626919,-3.7548188],[120.3628769,-3.7544976],[120.3630593,-3.7539971]]}},{"type":"Feature","properties":{"segmentId":"osm-gaul2-18188-5616264705-5400320732-0","regionId":"gaul2-18188","province":"Sulawesi Selatan","region":"Wajo","roadName":"Jalan Poros Tarumpakkae - Siwa - Belopa","highway":"trunk","lengthMeters":695.167,"osmWayIds":["587967928"],"u":"5616264705","v":"5400320732","key":0,"oneway":false,"source":"OpenStreetMap"},"geometry":{"type":"LineString","coordinates":[[120.3453317,-3.7709866],[120.34522,-3.7713937],[120.3451918,-3.77167],[120.3452145,-3.7718943],[120.3453773,-3.7727312],[120.3454126,-3.7729893],[120.3454008,-3.7734034],[120.3453832,-3.7735186],[120.3453631,-3.7736351],[120.345337,-3.7737576],[120.3453227,-3.7738187],[120.3453087,-3.7738796],[120.3453049,-3.7739075],[120.3452971,-3.7739351],[120.3452806,-3.773996],[120.345232,-3.7741439],[120.3451542,-3.7744222],[120.3450382,-3.7749637],[120.3449636,-3.7753449],[120.3448595,-3.7758783],[120.3447694,-3.7764417],[120.3447103,-3.7768015],[120.3446314,-3.7771208]]}},{"type":"Feature","properties":{"segmentId":"osm-gaul2-18188-5616264705-6660427741-0","regionId":"gaul2-18188","province":"Sulawesi Selatan","region":"Wajo","roadName":"Unnamed OSM road","highway":"secondary","lengthMeters":23728.18,"osmWayIds":["246100240","593581110","593614231","593619193","593619201","593619203","593634263","593634278","594019376","594019380","594019383","594027274","594027275","602773559","749983408","749983409","749983411","777927937","777927938","777927939","777927940"],"u":"5616264705","v":"6660427741","key":0,"oneway":false,"source":"OpenStreetMap"},"geometry":{"type":"LineString","coordinates":[[120.3453317,-3.7709866],[120.3451462,-3.7709402],[120.344937,-3.7708787],[120.3447667,-3.7708184],[120.3446513,-3.7707703],[120.3445387,-3.7707047],[120.3441001,-3.770358],[120.3438164,-3.7700967],[120.3428194,-3.7691457],[120.342479,-3.7688311],[120.342409,-3.7687723],[120.3423264,-3.7687145],[120.3421408,-3.7686131],[120.3419558,-3.7685261],[120.3416226,-3.7683841],[120.3413823,-3.7682757],[120.3411452,-3.768131],[120.3409083,-3.767974],[120.3408413,-3.7679279],[120.3407498,-3.7678864],[120.3406481,-3.767853],[120.3405717,-3.7678348],[120.3402083,-3.767774],[120.3399883,-3.7677563],[120.3397858,-3.767754],[120.3396339,-3.7677672],[120.3394787,-3.7677901],[120.3393338,-3.7678294],[120.3390367,-3.7679488],[120.3388792,-3.7680096],[120.3387545,-3.7680216],[120.3386195,-3.7680054],[120.3383053,-3.7679515],[120.3381845,-3.7679587],[120.3380866,-3.7679694],[120.3377527,-3.768035],[120.3376187,-3.7680502],[120.336932,-3.7680458],[120.3365229,-3.7680122],[120.3362922,-3.767956],[120.3360669,-3.767869],[120.33591,-3.7677633],[120.3357275,-3.7675897],[120.3352115,-3.7671652],[120.334522,-3.7667533],[120.3342438,-3.7665692],[120.3340867,-3.7664885],[120.3338982,-3.7664211],[120.3335841,-3.7663763],[120.3330276,-3.7663359],[120.3326416,-3.7663359],[120.3323364,-3.7663718],[120.3315286,-3.7665109],[120.3311426,-3.7665513],[120.3307208,-3.7666186],[120.3302944,-3.7667353],[120.3294462,-3.7670539],[120.3289795,-3.7672918],[120.3283254,-3.7677118],[120.3282744,-3.7677512],[120.3281939,-3.7678154],[120.328041,-3.7679011],[120.3279216,-3.7679653],[120.3277768,-3.7680295],[120.3275783,-3.7681098],[120.3274007,-3.7681675],[120.327235,-3.7682169],[120.3270553,-3.7682517],[120.3269131,-3.7682865],[120.3267449,-3.7683401],[120.3266235,-3.7683775],[120.326484,-3.7684256],[120.3263499,-3.7684899],[120.3261997,-3.7685755],[120.3260824,-3.7686546],[120.3259979,-3.7687308],[120.3258724,-3.768894],[120.3258242,-3.7689743],[120.3257632,-3.7690801],[120.32569,-3.7691509],[120.3255774,-3.7691938],[120.3254701,-3.7692205],[120.3253636,-3.7692273],[120.3252126,-3.7691992],[120.3250999,-3.7691483],[120.3249739,-3.7690626],[120.3248774,-3.7689904],[120.324752,-3.768866],[120.3246815,-3.7687763],[120.3246064,-3.7686745],[120.3245072,-3.7685528],[120.3244575,-3.7684966],[120.3244187,-3.7684765],[120.3243309,-3.7684431],[120.3242156,-3.768419],[120.3241338,-3.7684124],[120.3238903,-3.7684257],[120.3233466,-3.7684699],[120.3226645,-3.7685033],[120.3219671,-3.7685621],[120.3209908,-3.7686264],[120.3201427,-3.768688],[120.319853,-3.7687201],[120.3193018,-3.7687683],[120.3189201,-3.7687976],[120.3187981,-3.7688003],[120.3184998,-3.7687964],[120.318365,-3.7687924],[120.3182986,-3.7687964],[120.318212,-3.7688111],[120.318127,-3.7688299],[120.3180203,-3.7688659],[120.317954,-3.7688901],[120.3178486,-3.7689503],[120.317734,-3.7690105],[120.3174926,-3.7691403],[120.3173572,-3.769218],[120.3172325,-3.7692822],[120.3170206,-3.7693732],[120.3167899,-3.7694548],[120.316118,-3.7696602],[120.3156331,-3.7698214],[120.31544,-3.7698893],[120.3152039,-3.76999],[120.3148895,-3.770136],[120.3143041,-3.7703982],[120.3138569,-3.7705963],[120.3136155,-3.7707114],[120.3133808,-3.7708318],[120.3130844,-3.7709683],[120.3128014,-3.7710807],[120.3124434,-3.7711972],[120.3123052,-3.7712427],[120.3121081,-3.7713042],[120.3120089,-3.7713203],[120.311923,-3.7713243],[120.3118244,-3.7713189],[120.311591,-3.7712975],[120.3114925,-3.7712895],[120.3113303,-3.7712975],[120.3111801,-3.7713203],[120.3110003,-3.7713818],[120.3106262,-3.7715304],[120.3101909,-3.7717164],[120.3098939,-3.7718582],[120.3095271,-3.7720576],[120.3093937,-3.7721245],[120.3092411,-3.7722146],[120.3076621,-3.7732472],[120.3071755,-3.7735624],[120.307091,-3.7736073],[120.3069824,-3.7736568],[120.3067537,-3.7737431],[120.3065854,-3.7737906],[120.3061858,-3.7738909],[120.3052251,-3.7741627],[120.3041122,-3.7745442],[120.3038349,-3.7746316],[120.3035559,-3.7747153],[120.3032917,-3.7747742],[120.3025463,-3.7748836],[120.3020149,-3.7749361],[120.3015083,-3.7749777],[120.3009219,-3.775019],[120.3007221,-3.7750244],[120.3003648,-3.7750065],[120.2998236,-3.7749615],[120.2991306,-3.7749077],[120.2988526,-3.7749026],[120.2986684,-3.7749077],[120.2985606,-3.7749257],[120.2984799,-3.7749571],[120.2983991,-3.7750154],[120.2983443,-3.7750753],[120.2982779,-3.7751591],[120.2981995,-3.7752934],[120.2978695,-3.7758008],[120.2968892,-3.7771936],[120.2966617,-3.7775512],[120.2964973,-3.7778612],[120.2964457,-3.7779547],[120.2961718,-3.7784087],[120.2957405,-3.7790021],[120.2955111,-3.7793032],[120.2953114,-3.7795302],[120.2948561,-3.7800533],[120.2946382,-3.7803022],[120.2945966,-3.7803544],[120.2944991,-3.7805131],[120.2944753,-3.7805645],[120.2944564,-3.7806408],[120.2944484,-3.7807358],[120.2944453,-3.7808856],[120.2944363,-3.7815857],[120.2944116,-3.7819589],[120.2943988,-3.781997],[120.2943735,-3.7820569],[120.2943286,-3.7821108],[120.2943069,-3.7821242],[120.2942702,-3.7821422],[120.2942258,-3.7821596],[120.2941266,-3.7821826],[120.2940515,-3.782177],[120.2939561,-3.7821467],[120.2937967,-3.7820566],[120.2936974,-3.7819696],[120.2936344,-3.7819174],[120.2935593,-3.7818278],[120.2935043,-3.7817501],[120.2934265,-3.7816217],[120.2933688,-3.7815186],[120.2931395,-3.781073],[120.2929625,-3.7807171],[120.292879,-3.7805535],[120.2927962,-3.7804267],[120.2927171,-3.7803183],[120.292587,-3.7801537],[120.2923943,-3.7799297],[120.2922919,-3.7798232],[120.2920712,-3.7796155],[120.2919224,-3.7794434],[120.2918568,-3.7793637],[120.2918027,-3.7792846],[120.2914033,-3.7786269],[120.2912888,-3.7784234],[120.291196,-3.7782647],[120.2911386,-3.7781812],[120.2910659,-3.7781076],[120.2909223,-3.7780133],[120.2908382,-3.7779724],[120.2906826,-3.7779122],[120.2905271,-3.7778694],[120.2903882,-3.7778518],[120.2899611,-3.7778032],[120.2894143,-3.7777261],[120.2893315,-3.7776961],[120.2892225,-3.7776378],[120.2891625,-3.7775924],[120.2890535,-3.7774954],[120.2889907,-3.7773807],[120.2887501,-3.7768689],[120.2887266,-3.7768229],[120.2883642,-3.7760925],[120.2882901,-3.7759678],[120.2881936,-3.7758457],[120.2881057,-3.7757617],[120.2879827,-3.7756752],[120.2878616,-3.7755985],[120.2875788,-3.7754508],[120.2874217,-3.7753431],[120.2873285,-3.775272],[120.2872682,-3.7752117],[120.287185,-3.775102],[120.2870481,-3.7748791],[120.2869799,-3.7747775],[120.2867988,-3.7744851],[120.2866094,-3.7741583],[120.2863462,-3.7736574],[120.2862261,-3.7733517],[120.2860917,-3.7729842],[120.2859946,-3.7726817],[120.2857298,-3.7717418],[120.2856221,-3.771304],[120.2854659,-3.7706731],[120.2853214,-3.7700743],[120.2852202,-3.7695557],[120.2852076,-3.7694975],[120.2851449,-3.7693089],[120.2851063,-3.769234],[120.2849722,-3.76904],[120.2848931,-3.7689289],[120.284775,-3.7687362],[120.2847514,-3.7686786],[120.2847514,-3.7686247],[120.2847643,-3.7685689],[120.2847925,-3.768498],[120.285097,-3.7679695],[120.2851184,-3.7679266],[120.2851374,-3.7678214],[120.2851419,-3.7677316],[120.285117,-3.7675024],[120.2850942,-3.7673605],[120.2849802,-3.7669269],[120.2849293,-3.7667557],[120.2848457,-3.7665154],[120.2847818,-3.7663823],[120.2847111,-3.7662551],[120.2846584,-3.7661802],[120.2845296,-3.7660263],[120.2843655,-3.7658153],[120.2842909,-3.7656985],[120.2842443,-3.7655999],[120.2842024,-3.7654964],[120.2841725,-3.7654024],[120.2841434,-3.7652689],[120.2840962,-3.7650793],[120.2840522,-3.7649571],[120.2839999,-3.7648233],[120.2839616,-3.7647472],[120.2839047,-3.7646734],[120.2838045,-3.7645497],[120.2834006,-3.7641368],[120.2827283,-3.7634416],[120.2825569,-3.7632469],[120.2824683,-3.7631438],[120.2824043,-3.7630552],[120.2820138,-3.7624539],[120.2819373,-3.7623449],[120.2818568,-3.7622609],[120.2818125,-3.7622325],[120.281745,-3.7621998],[120.2816918,-3.7621803],[120.2815872,-3.7621549],[120.2812707,-3.7620866],[120.2809726,-3.7620312],[120.2807786,-3.762009],[120.2804072,-3.7619871],[120.2801563,-3.7619582],[120.2799417,-3.7619381],[120.2798776,-3.7619288],[120.2797553,-3.7618899],[120.2796131,-3.7618337],[120.2794307,-3.761736],[120.2793615,-3.7617179],[120.2792443,-3.7616945],[120.2790982,-3.7616758],[120.2789976,-3.7616664],[120.2788587,-3.7616685],[120.2786328,-3.7616959],[120.2784729,-3.7616999],[120.2783914,-3.7616945],[120.2782973,-3.761676],[120.2781888,-3.7616383],[120.2780937,-3.7616035],[120.2780241,-3.7615608],[120.277981,-3.7615246],[120.2779433,-3.76148],[120.2778858,-3.7613774],[120.2778266,-3.7612466],[120.277804,-3.7611793],[120.2777818,-3.7610716],[120.2777812,-3.761004],[120.2777906,-3.7609224],[120.2777993,-3.7606732],[120.2777731,-3.7605624],[120.2777324,-3.7604882],[120.2777101,-3.7604487],[120.2776696,-3.7604074],[120.2776203,-3.7603764],[120.2775529,-3.7603446],[120.2774915,-3.7603255],[120.2773958,-3.7602997],[120.2771562,-3.7602653],[120.2767675,-3.7602054],[120.2766553,-3.760174],[120.2765796,-3.7601462],[120.2764884,-3.7600991],[120.2764361,-3.760074],[120.2763878,-3.7600633],[120.27631,-3.7600592],[120.2762242,-3.7600646],[120.2761569,-3.760079],[120.2759884,-3.7601229],[120.2755199,-3.7602458],[120.2753203,-3.7603081],[120.2752456,-3.7603423],[120.2751768,-3.7603858],[120.2751251,-3.7604337],[120.2750748,-3.7604915],[120.2750083,-3.7605824],[120.2749541,-3.7606374],[120.2748522,-3.7607324],[120.2746447,-3.7609011],[120.2745726,-3.7609338],[120.2745191,-3.7609504],[120.2744428,-3.7609459],[120.2743654,-3.7609264],[120.2742902,-3.7608876],[120.2740663,-3.7607712],[120.2738998,-3.7606901],[120.2737807,-3.7606534],[120.2736787,-3.760632],[120.273546,-3.7606173],[120.2734266,-3.7606213],[120.2733193,-3.760644],[120.2731745,-3.7606775],[120.2730578,-3.7607002],[120.2728996,-3.7607002],[120.2727453,-3.7606949],[120.2726206,-3.7606882],[120.2725549,-3.7607002],[120.2724861,-3.7607215],[120.2724101,-3.7607498],[120.2722931,-3.7608248],[120.2721848,-3.7609157],[120.2720283,-3.7610761],[120.2718533,-3.761296],[120.2717087,-3.7615112],[120.2715571,-3.7617672],[120.271529,-3.7618136],[120.2714898,-3.7619378],[120.2714767,-3.7619756],[120.2714655,-3.7620475],[120.2714565,-3.7621388],[120.2714628,-3.762225],[120.2715167,-3.7624269],[120.2715987,-3.7626714],[120.271655,-3.7628267],[120.2716885,-3.7628869],[120.271728,-3.762938],[120.2721485,-3.7633847],[120.272522,-3.7638047],[120.2725549,-3.7638477],[120.2725871,-3.7639039],[120.2726246,-3.7639708],[120.2726421,-3.7640351],[120.2726568,-3.7641274],[120.272681,-3.7643817],[120.2727306,-3.7647711],[120.2727829,-3.7650013],[120.2728137,-3.7651525],[120.2728647,-3.7653786],[120.2728754,-3.7654509],[120.2728955,-3.765669],[120.2729009,-3.7658524],[120.2728835,-3.7659541],[120.2728541,-3.7660531],[120.2727601,-3.7662003],[120.2726656,-3.7663449],[120.2726166,-3.7664091],[120.2725844,-3.7664613],[120.2725629,-3.7665108],[120.2725321,-3.7666111],[120.2725133,-3.7667329],[120.2724691,-3.7671384],[120.2724503,-3.7672106],[120.2724248,-3.7672695],[120.2723853,-3.7673244],[120.2721719,-3.7675252],[120.2716064,-3.768149],[120.2714718,-3.7682746],[120.2711173,-3.7685529],[120.2709952,-3.7686144],[120.2709153,-3.7686337],[120.2708463,-3.7686198],[120.2707578,-3.768589],[120.2704078,-3.7684753],[120.2703662,-3.7684558],[120.2703367,-3.7684384],[120.2701932,-3.768312],[120.2699011,-3.7680323],[120.2697215,-3.7679156],[120.2696049,-3.7678528],[120.2694119,-3.7677765],[120.269347,-3.7677647],[120.2692638,-3.767763],[120.2692129,-3.767766],[120.2691639,-3.7677774],[120.2690627,-3.7678035],[120.2687871,-3.7678831],[120.2687297,-3.7678932],[120.2685316,-3.7679052],[120.2683617,-3.7679201],[120.2682902,-3.7679406],[120.2682226,-3.7679695],[120.2677469,-3.7682253],[120.2676827,-3.7682484],[120.2676302,-3.7682657],[120.2673385,-3.768333],[120.2669933,-3.7684431],[120.2669089,-3.7684538],[120.2668403,-3.7684542],[120.266764,-3.7684407],[120.2667012,-3.7684093],[120.2666607,-3.7683829],[120.2666249,-3.7683375],[120.266583,-3.7682759],[120.2664301,-3.7679761],[120.2663657,-3.7678811],[120.2662799,-3.7677968],[120.2661981,-3.7677325],[120.2661096,-3.7676844],[120.2659842,-3.7676255],[120.2659319,-3.7675987],[120.2658856,-3.7675706],[120.2658306,-3.7675358],[120.2657716,-3.767485],[120.2653787,-3.7669671],[120.2653364,-3.7669243],[120.2652499,-3.7668453],[120.265147,-3.7667604],[120.2650977,-3.7667282],[120.2649644,-3.7666545],[120.2648804,-3.7666198],[120.2648,-3.7665944],[120.2645693,-3.7665656],[120.264401,-3.7665536],[120.2643587,-3.7665529],[120.264321,-3.7665603],[120.2642897,-3.7665777],[120.2642065,-3.7666566],[120.2641341,-3.7667173],[120.2638372,-3.7669253],[120.2637532,-3.7669898],[120.2636936,-3.767051],[120.2636506,-3.767111],[120.2636232,-3.7671641],[120.2635328,-3.7673457],[120.2632807,-3.7677987],[120.2631933,-3.7679186],[120.2631293,-3.7680028],[120.2630077,-3.7681086],[120.2626262,-3.7683824],[120.2622499,-3.7686204],[120.2619093,-3.7688179],[120.2617664,-3.7688888],[120.2616398,-3.7689407],[120.2614244,-3.7690025],[120.2612051,-3.7690694],[120.2611166,-3.7691002],[120.2610362,-3.769143],[120.2609383,-3.7692113],[120.2608417,-3.7693022],[120.2606245,-3.7695303],[120.2604945,-3.7696756],[120.2604099,-3.76978],[120.2603181,-3.7699297],[120.2601892,-3.7701712],[120.2601611,-3.7702397],[120.2601533,-3.7703148],[120.2601604,-3.7703641],[120.2602315,-3.770597],[120.2602445,-3.7706635],[120.2602503,-3.7706953],[120.2602496,-3.7707395],[120.2602386,-3.7707834],[120.2602141,-3.7708345],[120.2599405,-3.7711851],[120.2599108,-3.7712158],[120.2598359,-3.7712534],[120.2597584,-3.771277],[120.2592693,-3.7713488],[120.2590902,-3.7713952],[120.2588923,-3.7714566],[120.25882,-3.7714795],[120.2587621,-3.7715104],[120.2586691,-3.7715745],[120.258527,-3.7716939],[120.2581338,-3.772049],[120.2580629,-3.7721071],[120.2579768,-3.7721701],[120.2571465,-3.7726548],[120.2570792,-3.7726852],[120.2570017,-3.7727158],[120.2569015,-3.7727408],[120.2568054,-3.772758],[120.2563746,-3.7728119],[120.2559741,-3.7728473],[120.2559031,-3.7728585],[120.2558439,-3.7728787],[120.2557851,-3.772908],[120.2557158,-3.7729525],[120.2553962,-3.7731754],[120.2551755,-3.7733209],[120.2551232,-3.7733543],[120.2550877,-3.7733896],[120.2550434,-3.7734386],[120.2549969,-3.7735027],[120.2549144,-3.7736533],[120.2547096,-3.7740505],[120.2545525,-3.7742929],[120.2543588,-3.7745286],[120.2541858,-3.7747179],[120.2536953,-3.7752219],[120.253324,-3.7755521],[120.2532987,-3.7755824],[120.2532765,-3.7756232],[120.2532531,-3.7756863],[120.2532429,-3.7757249],[120.2532376,-3.7757725],[120.2532229,-3.7761177],[120.2532277,-3.7764454],[120.2532061,-3.7768959],[120.253194,-3.7770123],[120.2531792,-3.7770933],[120.2531518,-3.7771943],[120.2531267,-3.7772764],[120.253072,-3.7773823],[120.2529954,-3.7774974],[120.2528822,-3.7776352],[120.2525572,-3.7780362],[120.2524859,-3.7781069],[120.2524102,-3.7781705],[120.2522648,-3.7782759],[120.2521259,-3.7783605],[120.251999,-3.7784367],[120.2519435,-3.7784555],[120.251893,-3.778467],[120.2518449,-3.7784656],[120.2518071,-3.7784616],[120.2516592,-3.7784281],[120.2515546,-3.7783948],[120.2514694,-3.7783565],[120.2514065,-3.7783185],[120.2512764,-3.7782198],[120.251157,-3.7781048],[120.2510985,-3.7780388],[120.2509263,-3.7778293],[120.2507602,-3.7775601],[120.2502666,-3.7766401],[120.2499569,-3.7761419],[120.2497978,-3.7758277],[120.2497414,-3.7756982],[120.249699,-3.7755674],[120.249616,-3.7752338],[120.2496032,-3.7751823],[120.2495796,-3.7751316],[120.2495455,-3.7750833],[120.2492882,-3.7747776],[120.2492217,-3.7747072],[120.2491626,-3.7746564],[120.2486532,-3.7743101],[120.2486155,-3.7742777],[120.2485903,-3.7742473],[120.2485384,-3.7741813],[120.2484861,-3.7741024],[120.2484534,-3.774041],[120.2483099,-3.7736691],[120.2482449,-3.7735589],[120.2481911,-3.7734909],[120.2481401,-3.7734427],[120.2480462,-3.7733838],[120.2479162,-3.7733115],[120.2475406,-3.773135],[120.2471933,-3.772941],[120.247001,-3.7728114],[120.2466112,-3.7725487],[120.2463652,-3.7723677],[120.2462967,-3.7723146],[120.2462304,-3.772257],[120.2460681,-3.7720911],[120.2457891,-3.7718181],[120.2451736,-3.7712159],[120.2449241,-3.7709737],[120.2444963,-3.7705401],[120.2442737,-3.770334],[120.2442214,-3.7702845],[120.2441812,-3.7702631],[120.2441342,-3.7702537],[120.2438928,-3.7702912],[120.2438244,-3.7702992],[120.2437842,-3.7703032],[120.243744,-3.7703019],[120.2437004,-3.7702899],[120.2436621,-3.7702745],[120.2435964,-3.7702376],[120.2435428,-3.7701908],[120.2435093,-3.7701025],[120.243461,-3.7698228],[120.2434154,-3.7695498],[120.2433953,-3.7694495],[120.2433687,-3.7693338],[120.2431617,-3.7688804],[120.2430905,-3.7687324],[120.242992,-3.7684165],[120.2429742,-3.7683809],[120.242954,-3.7683494],[120.242928,-3.7683208],[120.2429004,-3.7683013],[120.2428776,-3.7682892],[120.2428387,-3.7682772],[120.2422392,-3.7681782],[120.2420273,-3.7681367],[120.2419308,-3.768118],[120.2418637,-3.7680952],[120.2417953,-3.7680658],[120.2417377,-3.768043],[120.2416633,-3.7679874],[120.2415968,-3.7679346],[120.2415405,-3.767857],[120.2414524,-3.7676957],[120.2413896,-3.7676284],[120.2413125,-3.7675646],[120.241237,-3.7675207],[120.2411583,-3.767479],[120.2410658,-3.7674355],[120.2407198,-3.7673471],[120.2404636,-3.7672923],[120.24042,-3.7672896],[120.2403577,-3.7672909],[120.2403174,-3.7672963],[120.2400837,-3.7673617],[120.2400324,-3.7673492],[120.2400103,-3.7673411],[120.2399848,-3.7673257],[120.2399527,-3.7672983],[120.2399252,-3.7672662],[120.2399071,-3.7672431],[120.239893,-3.7672214],[120.2397341,-3.7669484],[120.2396167,-3.766672],[120.2395979,-3.7666297],[120.2395769,-3.7665834],[120.2395436,-3.7665349],[120.2395007,-3.766492],[120.2394284,-3.7664301],[120.239384,-3.766395],[120.2390197,-3.7661902],[120.238865,-3.766112],[120.2386706,-3.7660036],[120.2383728,-3.7657828],[120.2382857,-3.7657212],[120.238224,-3.7656838],[120.2381623,-3.7656423],[120.2380818,-3.7656182],[120.2379987,-3.7656115],[120.2375326,-3.7655867],[120.237477,-3.7655847],[120.2374381,-3.7655921],[120.2374046,-3.7656041],[120.2373147,-3.7656918],[120.2372839,-3.7657172],[120.2372637,-3.765748],[120.2372342,-3.7658008],[120.2372027,-3.7658477],[120.2370749,-3.7659469],[120.2368917,-3.7660323],[120.236679,-3.7661227],[120.2363773,-3.7662391],[120.2363004,-3.7662531],[120.2362646,-3.7662706],[120.2362278,-3.7663014],[120.2362082,-3.7663224],[120.2361875,-3.7663529],[120.2361647,-3.766391],[120.2361372,-3.7664613],[120.2361085,-3.7665073],[120.2360132,-3.7666212],[120.2359037,-3.7667237],[120.2354398,-3.7671116],[120.2353741,-3.7671411],[120.2353084,-3.7671598],[120.2347197,-3.7672133],[120.2343924,-3.7672454],[120.2342771,-3.7672588],[120.2340209,-3.7672923],[120.233565,-3.7673512],[120.2335154,-3.7673538],[120.2334644,-3.7673445],[120.2333987,-3.7673405],[120.2333464,-3.7673471],[120.233042,-3.7674354],[120.232771,-3.767485],[120.2326919,-3.7675077],[120.2324559,-3.7675961],[120.2324009,-3.7676094],[120.2323405,-3.7676094],[120.2322373,-3.7676027],[120.2321233,-3.7675853],[120.2320133,-3.7675532],[120.2319261,-3.7675224],[120.2318148,-3.767485],[120.2317142,-3.7674582],[120.2316445,-3.7674515],[120.2315935,-3.7674515],[120.2314554,-3.7674662],[120.2313924,-3.7674676],[120.2313401,-3.7674609],[120.2312851,-3.7674408],[120.2311079,-3.7673738],[120.2309226,-3.7672815],[120.2308372,-3.7672454],[120.230735,-3.7671646],[120.2306025,-3.7670367],[120.2304858,-3.7668988],[120.2304275,-3.7668426],[120.2303885,-3.7668132],[120.2303705,-3.7668032],[120.2303461,-3.7667963],[120.2302969,-3.7667905],[120.2302915,-3.7667834],[120.2302887,-3.7667771],[120.2302853,-3.766755],[120.2302833,-3.7667282],[120.23029,-3.766666],[120.2303168,-3.7665522],[120.230349,-3.7663997],[120.2303906,-3.7662338],[120.2304268,-3.7660638],[120.2304214,-3.7659487],[120.2304295,-3.7656543],[120.2304026,-3.7652207],[120.2303745,-3.7649906],[120.2303517,-3.7648112],[120.2303557,-3.764743],[120.2303758,-3.7646333],[120.230408,-3.7645075],[120.2304777,-3.7642773],[120.2305301,-3.764011],[120.2305448,-3.7638156],[120.2305542,-3.7635346],[120.230577,-3.7632429],[120.2306065,-3.7630033],[120.2306293,-3.7628695],[120.2306601,-3.7627745],[120.2307533,-3.7626065],[120.2310494,-3.7621508],[120.2311523,-3.761922],[120.2312048,-3.7617371],[120.2312328,-3.7615795],[120.231252,-3.7613014],[120.2312823,-3.760926],[120.231276,-3.7608448],[120.2312656,-3.7607986],[120.2312301,-3.7606039],[120.231225,-3.7605682],[120.2312164,-3.760535],[120.2312028,-3.7604985],[120.2311832,-3.7604674],[120.2311507,-3.7604367],[120.2310356,-3.7603844],[120.2308841,-3.7603322],[120.2307513,-3.7603189],[120.2306022,-3.7603032],[120.2303584,-3.7603175],[120.2302478,-3.7603329],[120.2301564,-3.7603535],[120.2300546,-3.7604012],[120.2299679,-3.7604523],[120.2298541,-3.760537],[120.2297615,-3.7606183],[120.2295146,-3.7609011],[120.2294659,-3.7609719],[120.2294304,-3.7610415],[120.2293955,-3.7611339],[120.2293486,-3.7614127],[120.2293251,-3.761461],[120.2292947,-3.7615024],[120.2291825,-3.7616191],[120.2291286,-3.7616624],[120.229087,-3.7617173],[120.2289583,-3.7619876],[120.2289154,-3.7620626],[120.2288892,-3.7621047],[120.2288282,-3.7621649],[120.2287346,-3.7622317],[120.228623,-3.762286],[120.2285479,-3.7623168],[120.2284768,-3.7623342],[120.2279887,-3.7623503],[120.2276266,-3.762373],[120.2275005,-3.762381],[120.2273959,-3.762377],[120.2272511,-3.7623663],[120.2271196,-3.7623382],[120.2268004,-3.7622312],[120.2265751,-3.7621669],[120.2264732,-3.7621562],[120.2264196,-3.7621549],[120.2263418,-3.7621803],[120.2262399,-3.7622312],[120.2258493,-3.7624594],[120.2254848,-3.7626447],[120.2254271,-3.7626755],[120.2253762,-3.7627062],[120.2253011,-3.7627517],[120.2252568,-3.7628079],[120.2251965,-3.7628882],[120.2251486,-3.7629424],[120.2249818,-3.7630166],[120.2248827,-3.7630582],[120.2248237,-3.7630823],[120.2247727,-3.7630916],[120.2247016,-3.7630916],[120.2246051,-3.7630769],[120.2245206,-3.7630421],[120.2244227,-3.7629699],[120.224361,-3.7629137],[120.2242658,-3.7627986],[120.224188,-3.7626915],[120.2241558,-3.7626634],[120.2241223,-3.762638],[120.2238098,-3.7624413],[120.2233248,-3.7620698],[120.2232787,-3.7620324],[120.2232321,-3.7620021],[120.2231889,-3.7619722],[120.2231164,-3.7619274],[120.2230572,-3.7619057],[120.2229943,-3.7618865],[120.2229461,-3.7618826],[120.2228972,-3.761882],[120.2224386,-3.7620085],[120.2222547,-3.7620639],[120.2221864,-3.7620947],[120.2221337,-3.7621283],[120.2217478,-3.7624159],[120.2216989,-3.7624587],[120.2216283,-3.7625103],[120.2213441,-3.7626796],[120.2211248,-3.7627658],[120.221086,-3.7627809],[120.2210435,-3.7628005],[120.2210069,-3.762828],[120.2208634,-3.7629766],[120.2207732,-3.7630904],[120.2205616,-3.7633553],[120.2203538,-3.7635814],[120.2202357,-3.7636831],[120.220115,-3.7637714],[120.2197677,-3.7639468],[120.2196188,-3.7640217],[120.2195048,-3.7640886],[120.2194773,-3.7641087],[120.2194612,-3.7641288],[120.2194505,-3.7641475],[120.2194124,-3.764258],[120.2193714,-3.7643703],[120.2193426,-3.7644325],[120.2193184,-3.764458],[120.2192835,-3.7644794],[120.2191079,-3.7645449],[120.2188215,-3.7646159],[120.2185728,-3.764656],[120.2185138,-3.7646681],[120.2184534,-3.7646921],[120.2183575,-3.7647263],[120.218271,-3.7647713],[120.2178928,-3.7650361],[120.2174008,-3.7653757],[120.2172701,-3.7654996],[120.217146,-3.765645],[120.2170832,-3.7657166],[120.216989,-3.7658108],[120.2169037,-3.7658602],[120.2167127,-3.7659554],[120.2165396,-3.7660464],[120.2163559,-3.7661414],[120.2163036,-3.7661602],[120.2162299,-3.7661695],[120.2159496,-3.7661521],[120.2155987,-3.766142],[120.2153876,-3.7661133],[120.2151966,-3.7660603],[120.2150939,-3.766033],[120.2149317,-3.7659621],[120.2148921,-3.7659474],[120.2148458,-3.76593],[120.2147533,-3.7659179],[120.2147077,-3.7659199],[120.2146561,-3.7659293],[120.2145434,-3.7659547],[120.2145052,-3.7659601],[120.2144529,-3.7659648],[120.2143952,-3.7659393],[120.2143362,-3.7658979],[120.2141806,-3.7657654],[120.2140801,-3.7656757],[120.2139983,-3.7655954],[120.2139366,-3.7655406],[120.2138521,-3.765473],[120.2137508,-3.7654061],[120.2135737,-3.7653171],[120.2131718,-3.7651313],[120.2130709,-3.7650949],[120.2130152,-3.7650775],[120.212969,-3.7650675],[120.2127255,-3.7650613],[120.2123507,-3.7650528],[120.2120537,-3.7650575],[120.2119035,-3.7650588],[120.2118518,-3.7650655],[120.2118183,-3.7650749],[120.2117211,-3.765109],[120.2115494,-3.7651652],[120.2113093,-3.7652368],[120.2111987,-3.7652569],[120.2111048,-3.7652716],[120.2108688,-3.7652874],[120.2108259,-3.7652856],[120.210795,-3.7652883],[120.2107742,-3.7652923],[120.2107541,-3.7653064],[120.21073,-3.7653285],[120.2107206,-3.7653525],[120.2107149,-3.7653769],[120.2107112,-3.7655125],[120.2107079,-3.7655379],[120.2107014,-3.7655595],[120.2106572,-3.7656453],[120.2106386,-3.7656672],[120.2105898,-3.7657289],[120.2105481,-3.7657771],[120.2105211,-3.7657978],[120.2104876,-3.7658159],[120.2104665,-3.7658239],[120.2104414,-3.765831],[120.210323,-3.7658407],[120.2102212,-3.7658377],[120.2101808,-3.7658246],[120.2101494,-3.7658063],[120.2101282,-3.7657895],[120.2101135,-3.7657704],[120.2099995,-3.7655784],[120.2099843,-3.7655553],[120.2099632,-3.7655309],[120.209925,-3.7654922],[120.2094928,-3.7650775],[120.2093466,-3.7649665],[120.209122,-3.7648012],[120.2087851,-3.7645542],[120.2086191,-3.7644375],[120.2086006,-3.7644171],[120.2085842,-3.7643971],[120.2085671,-3.764369],[120.2085517,-3.7643343],[120.2084814,-3.7641476],[120.2084659,-3.7641214],[120.2084501,-3.7641003],[120.2084367,-3.7640896],[120.2084181,-3.764074],[120.2083971,-3.7640602],[120.208371,-3.7640478],[120.2083281,-3.7640307],[120.2082376,-3.7640022],[120.2081329,-3.7639802],[120.2080276,-3.7639668],[120.2079747,-3.7639655],[120.2079388,-3.7639702],[120.2078915,-3.7639849],[120.2078245,-3.7640089],[120.207518,-3.7641395],[120.2072579,-3.7642358],[120.2069092,-3.7643389],[120.2068327,-3.7643683],[120.2067596,-3.7644058],[120.2066618,-3.7644673],[120.2065243,-3.764565],[120.2063064,-3.7647162],[120.2062735,-3.7647283],[120.2062393,-3.7647309],[120.2061675,-3.7647229],[120.2060039,-3.7646841],[120.2057223,-3.7646205],[120.2056593,-3.7646145],[120.205605,-3.7646205],[120.2053589,-3.7646573],[120.2053093,-3.7646627],[120.2050531,-3.7646654],[120.2048412,-3.7646547],[120.2042055,-3.7645878],[120.2039641,-3.7645851],[120.2038085,-3.7646038],[120.2036396,-3.7646333],[120.2035108,-3.7646654],[120.2034277,-3.7646707],[120.2033392,-3.7646654],[120.2032453,-3.7646493],[120.2031273,-3.7646225],[120.2030582,-3.7646239],[120.2030039,-3.7646306],[120.2028999,-3.7646513],[120.2028322,-3.7646774],[120.2027343,-3.7647156],[120.2026659,-3.7647623],[120.202505,-3.7649089],[120.2024594,-3.7649431],[120.2024218,-3.7649651],[120.202328,-3.7649758],[120.202159,-3.7649785],[120.2020302,-3.7649638],[120.2019739,-3.7649645],[120.2019283,-3.7649732],[120.2018519,-3.7650013],[120.2018056,-3.765026],[120.201754,-3.7650614],[120.2017017,-3.7651337],[120.2016399,-3.7652475],[120.201514,-3.7654255],[120.2014918,-3.7654435],[120.2014703,-3.7654556],[120.2014194,-3.7654636],[120.2012752,-3.7654455],[120.2011927,-3.7654235],[120.2011196,-3.765398],[120.2010452,-3.7653579],[120.2009882,-3.7653124],[120.200775,-3.7651311],[120.2006261,-3.7650307],[120.2005255,-3.7649879],[120.200486,-3.7649698],[120.2003941,-3.7649049],[120.2002721,-3.7648032],[120.2001715,-3.7647069],[120.2001205,-3.7646373],[120.2000729,-3.7645744],[120.2000649,-3.764558],[120.2000575,-3.7645369],[120.2000504,-3.7645172],[120.2000427,-3.7644971],[120.2000266,-3.7644707],[120.1999998,-3.7644419],[120.1998831,-3.764367],[120.1997256,-3.7642692],[120.1995177,-3.7641374],[120.1994305,-3.7640799],[120.1993635,-3.7640398],[120.1993151,-3.764021],[120.1992542,-3.7640123],[120.1990141,-3.7640016],[120.1987526,-3.7639749],[120.1984749,-3.7639601],[120.1983744,-3.7639642],[120.1982979,-3.7639802],[120.1981021,-3.7640351],[120.1978527,-3.764118],[120.1977012,-3.7641488],[120.1975496,-3.7641676],[120.1974437,-3.7641676],[120.1973551,-3.7641635],[120.1972425,-3.7641421],[120.1971567,-3.7641127],[120.1969997,-3.7640257],[120.1968469,-3.7639494],[120.1966189,-3.7638464],[120.1964982,-3.7637768],[120.196415,-3.7637099],[120.1963654,-3.7636791],[120.1963409,-3.7636724],[120.1963111,-3.7636705],[120.1962461,-3.7636778],[120.1961388,-3.7636978],[120.1959738,-3.763734],[120.1959289,-3.76374],[120.1958893,-3.7637407],[120.1958182,-3.7637326],[120.1953422,-3.7636791],[120.1952684,-3.7636791],[120.1952382,-3.7636818],[120.1952121,-3.7636938],[120.1951866,-3.7637099],[120.1948902,-3.7639628],[120.1947333,-3.7640685],[120.1946066,-3.7641636],[120.1945777,-3.7641823],[120.1945361,-3.7642003],[120.1944222,-3.764209],[120.1943188,-3.7642251],[120.1942948,-3.7642284],[120.1942733,-3.7642404],[120.1942572,-3.7642612],[120.1942196,-3.7643081],[120.1939836,-3.7646614],[120.1939414,-3.7647088],[120.1938944,-3.764745],[120.1938521,-3.7647697],[120.1937811,-3.7647945],[120.1937167,-3.7648086],[120.1936497,-3.7648059],[120.193305,-3.7647135],[120.1932366,-3.7647029],[120.1931763,-3.7647002],[120.1931387,-3.7647095],[120.193065,-3.764739],[120.1929952,-3.7647657],[120.192959,-3.7647738],[120.1929241,-3.7647751],[120.1928759,-3.7647684],[120.1928357,-3.7647531],[120.1927746,-3.7647175],[120.1927217,-3.7646781],[120.192664,-3.7646439],[120.1926365,-3.7646246],[120.1926157,-3.7646198],[120.19255,-3.7646198],[120.1924655,-3.7646305],[120.1923408,-3.7646667],[120.1922657,-3.7646962],[120.192208,-3.7647102],[120.1921751,-3.7647109],[120.1921422,-3.7647072],[120.1921088,-3.7646935],[120.1920823,-3.7646818],[120.1920377,-3.764656],[120.1919518,-3.7645864],[120.1918231,-3.7644566],[120.1915884,-3.7641903],[120.1910841,-3.7636002]]}},{"type":"Feature","properties":{"segmentId":"osm-gaul2-18188-5633988564-5356080306-0","regionId":"gaul2-18188","province":"Sulawesi Selatan","region":"Wajo","roadName":"Jalan Poros Anabanua - Malake - Batas Kab. Sidrap","highway":"primary","lengthMeters":29995.686,"osmWayIds":["1431970017","1431970018","1431970019","1431970020","1431970023","1431970024","1431970025","1431970026","247202939","247202940","250325108","251401294","251407620","562403436","581129105","585044302","585044310","585044311","585266365","585266366","585307124","585307125","585307133","588530692","588530695","590001210","590001227","590001228","590001229","610937006","749971639","750633311","752107316","752107318","752107319","752107321","752881702"],"u":"5633988564","v":"5356080306","key":0,"oneway":false,"source":"OpenStreetMap"},"geometry":{"type":"LineString","coordinates":[[119.8923358,-4.0610887],[119.892787,-4.0609484],[119.8931806,-4.060832],[119.8935909,-4.0607109],[119.8946893,-4.0603644],[119.8952555,-4.0601938],[119.8954471,-4.0601414],[119.89573,-4.0600568],[119.8959044,-4.0600661],[119.8959701,-4.0600661],[119.8960358,-4.0600868],[119.896078,-4.0600915],[119.8961739,-4.0600761],[119.896414,-4.0600286],[119.8965555,-4.0600106],[119.896756,-4.0600066],[119.8968371,-4.0599825],[119.8968686,-4.0599771],[119.8969088,-4.0599959],[119.896996,-4.0600708],[119.8970235,-4.0600942],[119.8970409,-4.0601283],[119.8970363,-4.0601624],[119.8970067,-4.0602306],[119.8970772,-4.0602935],[119.8972984,-4.0604139],[119.897391,-4.0604534],[119.8974191,-4.060454],[119.8974379,-4.0604346],[119.897453,-4.060409],[119.8975794,-4.0600373],[119.897629,-4.0598634],[119.8976827,-4.0597003],[119.897816,-4.0593032],[119.8978248,-4.0592801],[119.8979683,-4.0588052],[119.8981561,-4.0581959],[119.8985662,-4.0583036],[119.8987971,-4.0583691],[119.8988749,-4.0583772],[119.8989581,-4.0583705],[119.8995401,-4.0582354],[119.8997768,-4.0581648],[119.8998791,-4.0581226],[119.9001497,-4.0579072],[119.9005276,-4.0576277],[119.9007908,-4.0574296],[119.9011717,-4.0571622],[119.9013217,-4.0570448],[119.9014405,-4.0569492],[119.9018626,-4.0566539],[119.9022021,-4.0563893],[119.9027006,-4.0560139],[119.9030592,-4.0557766],[119.9031906,-4.0557231],[119.9032979,-4.0556816],[119.9034065,-4.0556389],[119.9034977,-4.0555987],[119.9035608,-4.0555439],[119.9036828,-4.0553632],[119.9037844,-4.0552058],[119.9041181,-4.0548128],[119.9044003,-4.0544313],[119.90451,-4.0542433],[119.9048087,-4.0533717],[119.9048979,-4.0530468],[119.9049366,-4.0527334],[119.905032,-4.052133],[119.9051566,-4.0511025],[119.9051821,-4.050849],[119.9051891,-4.050652],[119.9051915,-4.0503654],[119.9051323,-4.0495606],[119.9051218,-4.0494825],[119.9050983,-4.0491206],[119.9051305,-4.0484778],[119.9051479,-4.0483661],[119.9051922,-4.0482284],[119.9052743,-4.0480445],[119.9053189,-4.0479361],[119.9053907,-4.047716],[119.9054718,-4.0475239],[119.9056782,-4.0471874],[119.9057904,-4.0470303],[119.9060148,-4.0467834],[119.9061315,-4.0466264],[119.9062798,-4.0463936],[119.9064387,-4.046102],[119.9065165,-4.0459214],[119.9065641,-4.0457575],[119.9066043,-4.045582],[119.9066285,-4.0454826],[119.9066741,-4.0453669],[119.906721,-4.0453241],[119.9067559,-4.0453147],[119.906825,-4.0453194],[119.9071099,-4.0454102],[119.9083665,-4.0459487],[119.9094885,-4.0463795],[119.909852,-4.0465591],[119.9099821,-4.0466039],[119.9100898,-4.0466174],[119.910763,-4.0466039],[119.9109201,-4.046586],[119.9113787,-4.0464605],[119.9119568,-4.0462718],[119.9121378,-4.0462231],[119.9123161,-4.0462063],[119.912805,-4.0462672],[119.9128855,-4.0462855],[119.9132442,-4.0463636],[119.9132751,-4.0463542],[119.9132985,-4.0463221],[119.9133539,-4.046232],[119.9134827,-4.0459801],[119.9137519,-4.0452845],[119.9138731,-4.0450377],[119.9139853,-4.0448537],[119.9144386,-4.0443196],[119.9145463,-4.0442254],[119.9148021,-4.0439471],[119.9149726,-4.043799],[119.9150938,-4.0437137],[119.9151746,-4.043633],[119.9152776,-4.0435025],[119.9154393,-4.0431589],[119.9155071,-4.0429775],[119.915507,-4.042964],[119.9155599,-4.042734],[119.9155807,-4.0425675],[119.9156016,-4.042302],[119.9155623,-4.0420757],[119.9155651,-4.0418752],[119.9156061,-4.0416716],[119.9156747,-4.0414485],[119.9157643,-4.0411876],[119.9158735,-4.0409228],[119.9159625,-4.0407602],[119.9160888,-4.0405858],[119.9163026,-4.0403054],[119.9163686,-4.0401941],[119.9164418,-4.0400845],[119.9165599,-4.0398866],[119.9166966,-4.039643],[119.9168093,-4.039421],[119.9169222,-4.039262],[119.9171285,-4.0390758],[119.9174833,-4.0387631],[119.9176893,-4.0385904],[119.9178607,-4.0384712],[119.918137,-4.0382758],[119.9184374,-4.0379789],[119.9187206,-4.0377583],[119.9188855,-4.0376473],[119.918962,-4.0375831],[119.9190558,-4.0375175],[119.9192704,-4.0374212],[119.9196969,-4.037246],[119.9198404,-4.0371617],[119.9199289,-4.0371001],[119.9200252,-4.0370076],[119.9204546,-4.0360741],[119.9205217,-4.0359831],[119.9206142,-4.0358881],[119.9208918,-4.0355751],[119.9211036,-4.0353514],[119.9215758,-4.0349824],[119.9217233,-4.0348353],[119.921805,-4.0347309],[119.9219513,-4.0345062],[119.9219379,-4.0344286],[119.9219134,-4.0342225],[119.9217889,-4.0338855],[119.9216548,-4.0336179],[119.9216173,-4.0334841],[119.921608,-4.03306],[119.9216321,-4.0324995],[119.9218386,-4.0325129],[119.9219298,-4.0325156],[119.9219701,-4.0324821],[119.9219996,-4.0324126],[119.9220277,-4.032299],[119.9223152,-4.0311415],[119.9223657,-4.0309276],[119.9225146,-4.0303992],[119.9226607,-4.0298774],[119.9228016,-4.0294547],[119.922877,-4.0292337],[119.9229824,-4.0289645],[119.92322,-4.0285664],[119.9232978,-4.0284473],[119.9234721,-4.0281316],[119.9236304,-4.0277303],[119.9238101,-4.0272861],[119.9239603,-4.0268233],[119.9241452,-4.0262786],[119.9243651,-4.025706],[119.9245504,-4.0252326],[119.9247622,-4.0248527],[119.9248467,-4.0247002],[119.9249312,-4.0245356],[119.9250801,-4.0241383],[119.9251378,-4.0239684],[119.9252142,-4.0236808],[119.9252558,-4.0233503],[119.9252571,-4.023147],[119.9252531,-4.0226159],[119.9252236,-4.0221584],[119.9252021,-4.0220594],[119.925072,-4.0218025],[119.9248521,-4.0213035],[119.9247462,-4.021036],[119.9246228,-4.0206734],[119.9245343,-4.0202681],[119.9244753,-4.0199951],[119.9244041,-4.019559],[119.9243814,-4.0191978],[119.9243988,-4.0189169],[119.9244431,-4.0185062],[119.9245463,-4.0180179],[119.9247435,-4.0174439],[119.9248333,-4.0170707],[119.9248427,-4.0169877],[119.9248038,-4.0166827],[119.9247703,-4.0163336],[119.9247985,-4.0161396],[119.9248829,-4.0157677],[119.9250144,-4.0153984],[119.9251042,-4.0151389],[119.9251968,-4.0149355],[119.9252692,-4.0148218],[119.9254422,-4.0146332],[119.9256554,-4.0144312],[119.9259545,-4.0141757],[119.9262227,-4.0139777],[119.9263474,-4.0138666],[119.9263877,-4.0138118],[119.92644,-4.0137422],[119.9264628,-4.0136927],[119.9264829,-4.0136499],[119.926731,-4.0129703],[119.926912,-4.0125542],[119.9269818,-4.0124432],[119.9270475,-4.0123669],[119.9271778,-4.012225],[119.9273183,-4.01209],[119.9274257,-4.0119723],[119.9275182,-4.0118559],[119.9276698,-4.0116231],[119.9279809,-4.0110773],[119.9282664,-4.0105681],[119.9285294,-4.0100498],[119.9286836,-4.0097047],[119.9288141,-4.0093314],[119.92887,-4.0091722],[119.9289478,-4.0089554],[119.9290243,-4.0087575],[119.9291128,-4.0085568],[119.9292576,-4.0082919],[119.9294655,-4.0079093],[119.9298048,-4.0072899],[119.9300033,-4.0067548],[119.9301105,-4.0064457],[119.9303345,-4.0057327],[119.9305129,-4.005166],[119.9305458,-4.0050644],[119.9307355,-4.0045661],[119.9308052,-4.0044203],[119.9309314,-4.0041446],[119.9310454,-4.0038637],[119.9311272,-4.0036724],[119.9312277,-4.0034503],[119.9313282,-4.0032202],[119.9316167,-4.0027948],[119.9318808,-4.0023734],[119.9321538,-4.0019265],[119.9322812,-4.0017192],[119.9323811,-4.0015602],[119.9324891,-4.0013885],[119.9325447,-4.001271],[119.9327257,-4.0009513],[119.9331332,-4.0002859],[119.9332849,-4.0000744],[119.9337736,-3.9993244],[119.9339373,-3.9990228],[119.9341171,-3.9987065],[119.9343987,-3.99821],[119.9345774,-3.9981854],[119.9346931,-3.9981579],[119.9354951,-3.9979492],[119.9365217,-3.9976319],[119.9366796,-3.9975873],[119.9368538,-3.9975489],[119.9369502,-3.9975251],[119.937032,-3.9974943],[119.9371165,-3.9974287],[119.9372502,-3.9972786],[119.9373873,-3.9970692],[119.9375333,-3.9968092],[119.9376436,-3.9965872],[119.93772,-3.9964173],[119.9378514,-3.9961484],[119.9380298,-3.995826],[119.9382699,-3.9953725],[119.938404,-3.9951343],[119.9385861,-3.994792],[119.9387658,-3.9944934],[119.9389408,-3.9941773],[119.9395106,-3.9931991],[119.9397492,-3.9927996],[119.9399423,-3.9924599],[119.940348,-3.9917191],[119.9407019,-3.991098],[119.9410683,-3.9904231],[119.9413227,-3.9899103],[119.941602,-3.9894197],[119.9417088,-3.9892422],[119.9419322,-3.9888816],[119.942143,-3.9885272],[119.9423573,-3.9881755],[119.9426084,-3.9877927],[119.9427242,-3.9876122],[119.9428704,-3.9873758],[119.9431811,-3.9868023],[119.943366,-3.9864798],[119.9435911,-3.9860919],[119.9436417,-3.9859935],[119.9438079,-3.9856705],[119.9440632,-3.9852176],[119.9443047,-3.9847589],[119.9444968,-3.9844229],[119.9446595,-3.9841088],[119.9448575,-3.9837199],[119.9450493,-3.9833302],[119.9451855,-3.9830509],[119.9452061,-3.9830088],[119.945338,-3.9826617],[119.9454976,-3.9823103],[119.9456815,-3.9819106],[119.9459341,-3.9814725],[119.9460209,-3.981335],[119.9461805,-3.9810786],[119.9464473,-3.9806544],[119.9465225,-3.9805387],[119.9468207,-3.9800714],[119.946987,-3.9798011],[119.9471225,-3.9795817],[119.9472533,-3.9793642],[119.9473853,-3.9791442],[119.9474443,-3.9790171],[119.9475702,-3.9787741],[119.9476721,-3.9785577],[119.9477259,-3.9784484],[119.9478619,-3.978132],[119.9480203,-3.9777979],[119.948186,-3.9774304],[119.9483161,-3.9771615],[119.9484582,-3.976823],[119.9486165,-3.9765033],[119.9487104,-3.9762665],[119.9487881,-3.9760859],[119.948854,-3.9759476],[119.9490041,-3.9756096],[119.9491529,-3.9753072],[119.9492508,-3.9751213],[119.9493889,-3.9748697],[119.9495164,-3.9746209],[119.949633,-3.9744322],[119.9497403,-3.9742423],[119.9498449,-3.9740523],[119.9500005,-3.9737553],[119.9501105,-3.9735359],[119.9502218,-3.9733392],[119.950421,-3.9730061],[119.9504585,-3.9729439],[119.9504694,-3.972923],[119.9505215,-3.9728562],[119.9506154,-3.9727309],[119.9507394,-3.9725659],[119.9508105,-3.9724923],[119.9509889,-3.9722997],[119.9512947,-3.9719839],[119.9516863,-3.9715893],[119.9518619,-3.9714207],[119.9520712,-3.9712187],[119.9522605,-3.9710322],[119.9524509,-3.9708598],[119.9526037,-3.970706],[119.9527666,-3.9705691],[119.9528744,-3.9704628],[119.9530783,-3.9702648],[119.9532942,-3.9700814],[119.9535745,-3.9698363],[119.9538598,-3.9696466],[119.9541797,-3.969432],[119.9543352,-3.9693205],[119.9545065,-3.9692037],[119.9548218,-3.9689576],[119.9550501,-3.9687755],[119.9552509,-3.9686044],[119.9554159,-3.9684506],[119.9557606,-3.9681643],[119.9560704,-3.9678833],[119.956187,-3.9678071],[119.9562768,-3.9677455],[119.9563466,-3.9677254],[119.9568107,-3.9678419],[119.9571258,-3.9679395],[119.9573095,-3.9679997],[119.957634,-3.9680773],[119.9579345,-3.968183],[119.9581517,-3.9682834],[119.9583207,-3.9683649],[119.9586023,-3.9685977],[119.9588276,-3.9689202],[119.9589658,-3.9690854],[119.9590429,-3.9691857],[119.959348,-3.9695021],[119.9596202,-3.969739],[119.9597523,-3.9698714],[119.960162,-3.9701483],[119.9602331,-3.9701898],[119.9603217,-3.9702247],[119.9607228,-3.970372],[119.9607964,-3.9704065],[119.9609319,-3.9704547],[119.9609962,-3.9704574],[119.9611062,-3.9704815],[119.9612014,-3.9704922],[119.9613489,-3.9705337],[119.9614602,-3.970547],[119.9616493,-3.9705791],[119.9616835,-3.970525],[119.961709,-3.9704534],[119.9617264,-3.9703885],[119.9618659,-3.9698393],[119.9620295,-3.9693684],[119.9622113,-3.9690185],[119.9623038,-3.9688057],[119.9625076,-3.9682352],[119.9626458,-3.9677963],[119.9627262,-3.9674886],[119.9627544,-3.967403],[119.9627718,-3.9673481],[119.9628067,-3.967308],[119.9628939,-3.9672706],[119.963319,-3.9672732],[119.9641156,-3.9672946],[119.9645501,-3.9672973],[119.964699,-3.9672772],[119.964762,-3.9672598],[119.9648117,-3.9672251],[119.9648318,-3.9671715],[119.9648881,-3.9667782],[119.9649015,-3.9665829],[119.9650289,-3.96593],[119.9651282,-3.9655179],[119.9652314,-3.965142],[119.9652985,-3.9649694],[119.9653762,-3.9644557],[119.9654594,-3.9640783],[119.9655278,-3.9638963],[119.9656633,-3.9634569],[119.965743,-3.9631766],[119.9658181,-3.9628402],[119.9658859,-3.962402],[119.9659167,-3.9620581],[119.9659355,-3.9617384],[119.9659667,-3.9614513],[119.9660079,-3.9612714],[119.9660414,-3.9611323],[119.9661273,-3.9607456],[119.9661662,-3.960458],[119.9661836,-3.9602947],[119.9662078,-3.9601596],[119.9662721,-3.9599469],[119.9663405,-3.95967],[119.9663473,-3.9595309],[119.9663311,-3.9593997],[119.9662989,-3.9592713],[119.9662667,-3.9591723],[119.9662064,-3.9590197],[119.9661209,-3.9588518],[119.9659415,-3.9585495],[119.9656713,-3.9580464],[119.9655814,-3.9578698],[119.9654607,-3.9576919],[119.9652877,-3.9574745],[119.9651315,-3.9572805],[119.9649109,-3.9570316],[119.9647325,-3.9568376],[119.9645656,-3.9566302],[119.9644972,-3.9564884],[119.9644482,-3.9563111],[119.9644365,-3.9562145],[119.9644462,-3.9561556],[119.9644703,-3.9561255],[119.9645092,-3.9561041],[119.9646749,-3.956067],[119.9648562,-3.9560556],[119.965386,-3.9559873],[119.9658124,-3.9559794],[119.9662421,-3.9560294],[119.966416,-3.9560569],[119.9668532,-3.9561185],[119.9671321,-3.9561505],[119.9673237,-3.9561736],[119.9679811,-3.9563017],[119.9683583,-3.9563816],[119.9687378,-3.9564606],[119.9691669,-3.9565301],[119.96958,-3.956593],[119.9698287,-3.9566664],[119.9700098,-3.9567092],[119.9703155,-3.9567707],[119.9706374,-3.9568135],[119.9710035,-3.9568416],[119.9713911,-3.9568925],[119.9715976,-3.9569125],[119.9718203,-3.9569487],[119.9724627,-3.9570463],[119.9733008,-3.9571975],[119.9735945,-3.9572698],[119.9739955,-3.9573795],[119.9743965,-3.9574918],[119.9748163,-3.9576243],[119.975228,-3.9577527],[119.9754587,-3.9578063],[119.9755298,-3.9578129],[119.9759133,-3.9578384],[119.9763016,-3.9578533],[119.9766127,-3.9578747],[119.9771485,-3.957932],[119.9775816,-3.9579681],[119.9779384,-3.9579842],[119.9782757,-3.9579925],[119.9787685,-3.9579909],[119.9790716,-3.9579708],[119.9793036,-3.9579427],[119.9794646,-3.9579079],[119.9796268,-3.9578658],[119.9797469,-3.957835],[119.9801499,-3.957718],[119.9804503,-3.957635],[119.9806394,-3.9575909],[119.9808922,-3.9575694],[119.9809753,-3.9575728],[119.9810477,-3.9575802],[119.9812818,-3.9576256],[119.9815158,-3.9576928],[119.9822025,-3.957947],[119.9826558,-3.9581316],[119.9830634,-3.9582841],[119.9838312,-3.9585943],[119.9842188,-3.9587508],[119.9846419,-3.9589448],[119.9849813,-3.9591261],[119.9850442,-3.9591609],[119.9851267,-3.959198],[119.9854083,-3.9592833],[119.985635,-3.9593395],[119.9859361,-3.9594064],[119.986093,-3.9594285],[119.9862036,-3.9594204],[119.9863183,-3.9593796],[119.9864048,-3.9593181],[119.9864718,-3.9592432],[119.9866247,-3.9590906],[119.9868634,-3.9588538],[119.9870029,-3.9587334],[119.987129,-3.9586398],[119.9875045,-3.9584123],[119.9876771,-3.9583189],[119.9879001,-3.9581983],[119.9882019,-3.958023],[119.9883588,-3.9579641],[119.9885479,-3.957912],[119.988686,-3.9578905],[119.9888483,-3.9578785],[119.9890199,-3.9578892],[119.9892265,-3.9579173],[119.989842,-3.9579521],[119.9901773,-3.9579909],[119.9905126,-3.9580283],[119.9906641,-3.9580083],[119.9907479,-3.9579788],[119.9909565,-3.9578919],[119.9911845,-3.9577808],[119.9913642,-3.9576818],[119.9916512,-3.9574745],[119.9918282,-3.957338],[119.9919087,-3.9572885],[119.9920039,-3.957144],[119.9921742,-3.9567065],[119.9924263,-3.9561753],[119.9925135,-3.9559492],[119.992577,-3.9558204],[119.9926153,-3.9557367],[119.9926969,-3.9554968],[119.9928304,-3.9551089],[119.9930206,-3.9546649],[119.9931277,-3.9543906],[119.9932028,-3.9541511],[119.9933256,-3.9536274],[119.9933689,-3.9533414],[119.9934159,-3.9529764],[119.9935388,-3.9522218],[119.9935863,-3.951874],[119.9936187,-3.9515577],[119.9937044,-3.9509161],[119.9937101,-3.9508615],[119.9937127,-3.9508365],[119.9937212,-3.9507541],[119.9938086,-3.950071],[119.9938614,-3.9496953],[119.9940194,-3.9486994],[119.9941081,-3.9480181],[119.9941778,-3.9476448],[119.9942502,-3.9472046],[119.9943897,-3.9465049],[119.9944393,-3.9461155],[119.9944849,-3.945749],[119.9945453,-3.9454854],[119.9946043,-3.9453222],[119.9946553,-3.9451951],[119.9947049,-3.9451068],[119.9950388,-3.9446652],[119.9953848,-3.944189],[119.9958328,-3.9436136],[119.9962485,-3.9430611],[119.9964242,-3.9428216],[119.9966964,-3.9424643],[119.9970129,-3.9420295],[119.9972825,-3.9417031],[119.9976164,-3.9412375],[119.9979155,-3.9408655],[119.9981756,-3.9405163],[119.998759,-3.9397162],[119.9989213,-3.9394112],[119.998932,-3.9393727],[119.9989388,-3.9393125],[119.9989455,-3.939258],[119.9989756,-3.939168],[119.9990426,-3.9390346],[119.9992566,-3.9385295],[119.9994489,-3.9379455],[119.999738,-3.9373173],[119.9999969,-3.9367674],[120.0001511,-3.936443],[120.0003402,-3.9360175],[120.0005615,-3.935499],[120.0007023,-3.9351632],[120.0008216,-3.934893],[120.0008833,-3.9348849],[120.0010067,-3.9348983],[120.001393,-3.9349893],[120.0018489,-3.9350883],[120.0022781,-3.9352087],[120.0028279,-3.9353559],[120.0037962,-3.935586],[120.0069693,-3.9363754],[120.0073877,-3.9364985],[120.007672,-3.9365707],[120.0078893,-3.9367019],[120.0081253,-3.9368597],[120.0083318,-3.9369748],[120.00847,-3.9370444],[120.0088361,-3.937221],[120.0093082,-3.9373762],[120.0095764,-3.9374832],[120.0102603,-3.937799],[120.0109068,-3.9380077],[120.0112098,-3.9380371],[120.0114325,-3.9380451],[120.0115143,-3.9380478],[120.0116336,-3.9380559],[120.0122197,-3.9380559],[120.0128205,-3.9380612],[120.01342,-3.9380625],[120.0136507,-3.9380759],[120.0137754,-3.9380933],[120.0138625,-3.938108],[120.0140946,-3.9381361],[120.014576,-3.9382485],[120.0152466,-3.9384037],[120.0159466,-3.9385964],[120.0161076,-3.9386365],[120.0172234,-3.9389228],[120.0181702,-3.9391503],[120.0192404,-3.9394018],[120.0199968,-3.9396025],[120.0211246,-3.9398808],[120.0218413,-3.9400427],[120.0224094,-3.9401711],[120.0227624,-3.9402788],[120.0233012,-3.9404227],[120.0234635,-3.9404561],[120.0240965,-3.94061],[120.0248945,-3.940812],[120.0258815,-3.9410675],[120.0265199,-3.9412254],[120.0270751,-3.9413552],[120.027401,-3.9414435],[120.0283062,-3.9416602],[120.0287327,-3.94177],[120.0291994,-3.9418797],[120.0302361,-3.9421071],[120.0308745,-3.9422864],[120.0313868,-3.942463],[120.0316268,-3.9425848],[120.0317985,-3.9426677],[120.0319178,-3.9427333],[120.0321994,-3.9428729],[120.0323772,-3.9429061],[120.0326447,-3.9429259],[120.0328392,-3.9429233],[120.0331637,-3.942942],[120.0337927,-3.9430049],[120.034187,-3.9430718],[120.0347878,-3.9431962],[120.0352478,-3.9432791],[120.0360444,-3.9434076],[120.0374083,-3.9435895],[120.037658,-3.9436237],[120.0385724,-3.9437488],[120.0393945,-3.943912],[120.040053,-3.9440431],[120.0413954,-3.9442625],[120.042986,-3.9445488],[120.0439945,-3.9447388],[120.0452687,-3.9449896],[120.0457822,-3.9450907],[120.046325,-3.9451743],[120.0463538,-3.9451799],[120.0463678,-3.9451821],[120.046444,-3.9451991],[120.0468953,-3.9452887],[120.0473801,-3.9453697],[120.0479119,-3.945474],[120.0482867,-3.9455489],[120.0484362,-3.9455889],[120.0490853,-3.9457021],[120.0497519,-3.9457623],[120.0504297,-3.9458944],[120.0510809,-3.9460353],[120.0517591,-3.9461722],[120.052422,-3.9463417],[120.0529053,-3.946445],[120.0532592,-3.9465325],[120.0536237,-3.9466125],[120.0536658,-3.9466174],[120.0536745,-3.9466184],[120.0537588,-3.9466348],[120.0541899,-3.9467519],[120.0548309,-3.9469098],[120.0560649,-3.9472056],[120.0586089,-3.9478089],[120.0599831,-3.9481626],[120.0611928,-3.9484609],[120.0615174,-3.9485506],[120.0616018,-3.9485646],[120.0616917,-3.9485586],[120.0617152,-3.9485285],[120.0617373,-3.9484837],[120.0618815,-3.9480275],[120.0619623,-3.9479699],[120.0619941,-3.9479605],[120.0620592,-3.9479646],[120.062751,-3.9482355],[120.0634351,-3.9485105],[120.0642006,-3.9488064],[120.0647588,-3.9489988],[120.0654405,-3.9492077]]}},{"type":"Feature","properties":{"segmentId":"osm-gaul2-18188-5651357158-2113277329-0","regionId":"gaul2-18188","province":"Sulawesi Selatan","region":"Wajo","roadName":"Jalan Poros Watampone - Sengkang","highway":"trunk","lengthMeters":1799.968,"osmWayIds":["350782631","350786814","550359310"],"u":"5651357158","v":"2113277329","key":0,"oneway":false,"source":"OpenStreetMap"},"geometry":{"type":"LineString","coordinates":[[120.1356094,-4.2261271],[120.1352736,-4.2253367],[120.1350555,-4.2249473],[120.1349616,-4.2247802],[120.134844,-4.2246067],[120.1347363,-4.2244625],[120.1346015,-4.2243362],[120.1345143,-4.224266],[120.1344185,-4.2241998],[120.134342,-4.2241489],[120.1342099,-4.2240774],[120.1340336,-4.2239884],[120.1338579,-4.2239109],[120.1334636,-4.2237584],[120.1320742,-4.2232395],[120.1312159,-4.2229399],[120.130371,-4.2226068],[120.1291586,-4.2222083],[120.1289736,-4.222124],[120.1288301,-4.2220464],[120.1284009,-4.2217642],[120.1274474,-4.2210875],[120.1264684,-4.2204107],[120.1256905,-4.2198931],[120.1254237,-4.2197179],[120.1251166,-4.2195695],[120.124796,-4.2194317],[120.1244339,-4.2192913],[120.1237044,-4.2190024],[120.122834,-4.2186907],[120.1226449,-4.2186346],[120.1223347,-4.2185447],[120.1222767,-4.2185302],[120.1218544,-4.2184543]]}},{"type":"Feature","properties":{"segmentId":"osm-gaul2-18188-5665101225-13161355739-0","regionId":"gaul2-18188","province":"Sulawesi Selatan","region":"Wajo","roadName":"Unnamed OSM road","highway":"tertiary","lengthMeters":25.284,"osmWayIds":["1431885868"],"u":"5665101225","v":"13161355739","key":0,"oneway":false,"source":"OpenStreetMap"},"geometry":{"type":"LineString","coordinates":[[120.3088039,-4.0247095],[120.3087651,-4.0248067],[120.3086533,-4.024858]]}},{"type":"Feature","properties":{"segmentId":"osm-gaul2-18188-5665101225-2134966225-0","regionId":"gaul2-18188","province":"Sulawesi Selatan","region":"Wajo","roadName":"Jalan Poros Solo -Peneki - Kulampu","highway":"primary","lengthMeters":22.338,"osmWayIds":["593577262"],"u":"5665101225","v":"2134966225","key":0,"oneway":false,"source":"OpenStreetMap"},"geometry":{"type":"LineString","coordinates":[[120.3088039,-4.0247095],[120.3088872,-4.0248924]]}},{"type":"Feature","properties":{"segmentId":"osm-gaul2-18188-5665101225-5353801415-0","regionId":"gaul2-18188","province":"Sulawesi Selatan","region":"Wajo","roadName":"Jalan Poros Solo -Peneki - Kulampu","highway":"primary","lengthMeters":13450.053,"osmWayIds":["593577262","593577264","593577310"],"u":"5665101225","v":"5353801415","key":0,"oneway":false,"source":"OpenStreetMap"},"geometry":{"type":"LineString","coordinates":[[120.3088039,-4.0247095],[120.3087801,-4.0246611],[120.308748,-4.0245885],[120.3086695,-4.0243443],[120.30864,-4.0242279],[120.3086226,-4.0240995],[120.3086246,-4.0239938],[120.308642,-4.0239009],[120.3086822,-4.0237945],[120.3087433,-4.0236687],[120.3089263,-4.0233437],[120.309279,-4.0227637],[120.3096693,-4.0221329],[120.3102171,-4.0213336],[120.3104445,-4.0210072],[120.3105524,-4.0207951],[120.3108548,-4.0201109],[120.3110218,-4.0196272],[120.311109,-4.0193711],[120.3113054,-4.0187971],[120.311404,-4.0185088],[120.3114449,-4.018363],[120.3114711,-4.0182232],[120.3114838,-4.0174667],[120.3114409,-4.016749],[120.3114734,-4.0162998],[120.3114717,-4.0160158],[120.311512,-4.0157871],[120.3115616,-4.0155851],[120.3116668,-4.0152667],[120.3117279,-4.0151048],[120.3118211,-4.0149168],[120.3120196,-4.0144994],[120.312096,-4.0143369],[120.3121302,-4.0142666],[120.3121589,-4.014179],[120.3121814,-4.0140489],[120.3121769,-4.0138559],[120.3121365,-4.0136584],[120.3117236,-4.0124736],[120.3116742,-4.0119126],[120.3116742,-4.0117241],[120.3117146,-4.011208],[120.3117671,-4.0101825],[120.3118658,-4.0094308],[120.3120062,-4.0089809],[120.3122083,-4.0085512],[120.3125494,-4.0080755],[120.3131507,-4.0073395],[120.313622,-4.0066708],[120.3138912,-4.0061816],[120.3141785,-4.0055354],[120.3144343,-4.0051539],[120.3146856,-4.0048981],[120.3148831,-4.0047724],[120.3157447,-4.0045121],[120.3163865,-4.0042069],[120.3165401,-4.004108],[120.3167007,-4.0039915],[120.3167376,-4.0039072],[120.3167632,-4.0037932],[120.3167635,-4.0036549],[120.3165211,-4.0031388],[120.3160364,-4.00269],[120.3156999,-4.0024163],[120.3152511,-4.0020797],[120.3147305,-4.0017162],[120.3138419,-4.0010295],[120.3134873,-4.0007827],[120.3126436,-4.0003653],[120.3123743,-4.0002082],[120.3118403,-3.9998537],[120.3116204,-3.9996876],[120.3114902,-3.9995665],[120.3113825,-3.9994184],[120.3111402,-3.9990189],[120.3103153,-3.997422],[120.3102443,-3.9972612],[120.3099542,-3.996455],[120.3097123,-3.995963],[120.309615,-3.995803],[120.3095313,-3.9957091],[120.3094444,-3.9956452],[120.3093495,-3.9955947],[120.3089905,-3.9955139],[120.307908,-3.9953526],[120.3068363,-3.9952043],[120.3057233,-3.9950382],[120.3055273,-3.994978],[120.3053194,-3.9949036],[120.3046642,-3.9946083],[120.3044206,-3.9945325],[120.3029485,-3.9943123],[120.3023664,-3.9942169],[120.3021106,-3.9941496],[120.3019645,-3.9940931],[120.3018188,-3.9940329],[120.3012175,-3.9937098],[120.3009527,-3.9935303],[120.3005947,-3.9932596],[120.3001887,-3.9929306],[120.2998352,-3.9925612],[120.2995839,-3.9922602],[120.2993105,-3.9918362],[120.2990992,-3.9914658],[120.2989556,-3.9912684],[120.2985517,-3.990773],[120.2983331,-3.9904592],[120.2981851,-3.9902467],[120.2980943,-3.9900697],[120.2980107,-3.9898775],[120.2979685,-3.9897219],[120.2979569,-3.9895599],[120.29797,-3.9893242],[120.2980221,-3.9888535],[120.2980896,-3.9884448],[120.2981352,-3.9882736],[120.2983677,-3.9874402],[120.2984968,-3.9871261],[120.2986953,-3.9864619],[120.2989096,-3.9856484],[120.2991575,-3.9846667],[120.2993864,-3.9836614],[120.2996557,-3.9827549],[120.3002885,-3.9804975],[120.3003693,-3.9803],[120.3004358,-3.9801995],[120.3005344,-3.9801049],[120.3008608,-3.9798291],[120.3013286,-3.9794787],[120.3014859,-3.9793455],[120.3016259,-3.9792184],[120.3017038,-3.9791162],[120.3017874,-3.979003],[120.3018799,-3.9787774],[120.3019714,-3.9785363],[120.3020163,-3.9783792],[120.3020657,-3.9781189],[120.3020718,-3.9779892],[120.3020612,-3.9778541],[120.3020305,-3.9777731],[120.3019984,-3.9777105],[120.3017919,-3.9774838],[120.3016528,-3.977338],[120.3013557,-3.9770203],[120.3009796,-3.9767187],[120.3006924,-3.9765077],[120.3005974,-3.9764444],[120.3004699,-3.9763581],[120.3002621,-3.9762678],[120.300029,-3.9761862],[120.2997376,-3.9761033],[120.2995688,-3.9760645],[120.2994013,-3.9760335],[120.2981837,-3.9759019],[120.2980305,-3.9758812],[120.2978991,-3.9758558],[120.2977079,-3.9758112],[120.2973758,-3.9757259],[120.2973144,-3.9757059],[120.2972614,-3.9756818],[120.2972233,-3.9756595],[120.2965484,-3.97509],[120.2962635,-3.974859],[120.296208,-3.9748269],[120.2961398,-3.9747998],[120.2960504,-3.9747781],[120.295888,-3.974744],[120.2952576,-3.9746273],[120.2951543,-3.9745869],[120.2950377,-3.9744882],[120.2949928,-3.9744029],[120.2949255,-3.97421],[120.2948222,-3.9736714],[120.2947639,-3.9731104],[120.2947235,-3.9720827],[120.2946517,-3.9719032],[120.2945754,-3.9717955],[120.2943735,-3.971616],[120.293983,-3.9713377],[120.2934445,-3.9708934],[120.2929483,-3.970374],[120.2927803,-3.9702247],[120.2924603,-3.9699114],[120.2923853,-3.9698118],[120.29232,-3.969685],[120.292143,-3.9692643],[120.2920173,-3.9690668],[120.2918378,-3.9688425],[120.2912858,-3.9682141],[120.2907624,-3.9677114],[120.2905193,-3.9674401],[120.2898542,-3.9665357],[120.2897554,-3.9663562],[120.2896702,-3.9661228],[120.2896253,-3.9659208],[120.2895624,-3.9654272],[120.2894592,-3.9650502],[120.2892662,-3.9644847],[120.2889027,-3.9635737],[120.2886963,-3.9629813],[120.2884027,-3.9622213],[120.2883357,-3.9620166],[120.2882633,-3.9618106],[120.2882069,-3.9616353],[120.2881774,-3.9614935],[120.28816,-3.9613744],[120.2881466,-3.9612607],[120.2881392,-3.9611403],[120.2881318,-3.96104],[120.2881353,-3.9609483],[120.2882391,-3.9599543],[120.2882633,-3.9596465],[120.2883122,-3.9592171],[120.2883243,-3.9589903],[120.2883343,-3.9587796],[120.2883337,-3.958617],[120.2883283,-3.9584464],[120.2883149,-3.9583133],[120.2882914,-3.9581113],[120.2882747,-3.9579815],[120.288266,-3.9579023],[120.2882083,-3.9576638],[120.2881754,-3.957548],[120.2881157,-3.9573808],[120.2880554,-3.9572055],[120.2879991,-3.9570704],[120.287932,-3.9568966],[120.2875483,-3.9561409],[120.2871661,-3.9553551],[120.2870727,-3.9551275],[120.2870316,-3.9550378],[120.2869704,-3.9548923],[120.2867599,-3.9544106],[120.2866834,-3.9542655],[120.2866231,-3.9541738],[120.2865768,-3.9541136],[120.2865476,-3.9540798],[120.286412,-3.9539023],[120.2862811,-3.9536641],[120.2861577,-3.9533724],[120.2860974,-3.9532025],[120.2860478,-3.9530767],[120.2860115,-3.9529684],[120.285982,-3.9528613],[120.2859485,-3.9527209],[120.2859126,-3.9525677],[120.2858564,-3.9522903],[120.2857971,-3.951995],[120.2856535,-3.951232],[120.2855716,-3.9507922],[120.2854872,-3.9502083],[120.2854697,-3.9500972],[120.285437,-3.9499904],[120.2853873,-3.9499213],[120.2853457,-3.9498845],[120.285292,-3.9498376],[120.2852377,-3.9497888],[120.2851693,-3.9497346],[120.2847864,-3.949447],[120.2846875,-3.949363],[120.2845229,-3.9492262],[120.2844176,-3.9491459],[120.2843184,-3.949073],[120.2838853,-3.9487816],[120.2833971,-3.948481],[120.2833347,-3.9484549],[120.2832884,-3.9484435],[120.2832361,-3.9484368],[120.2831872,-3.9484335],[120.2831449,-3.9484389],[120.2830853,-3.9484482],[120.2825347,-3.9485599],[120.2823966,-3.9485713],[120.2822994,-3.9485753],[120.2822223,-3.9485726],[120.2821465,-3.9485653],[120.2820727,-3.9485486],[120.2820164,-3.9485325],[120.2819446,-3.9485071],[120.2817491,-3.9484271],[120.2815033,-3.9483009],[120.2812757,-3.9481511],[120.2811508,-3.9480596],[120.2809928,-3.9478954],[120.2806772,-3.9474994],[120.2803085,-3.9470061],[120.2797821,-3.9464099],[120.2793074,-3.9458935],[120.278834,-3.9452553],[120.2784517,-3.9446412],[120.278323,-3.944415],[120.2780186,-3.943809],[120.2778389,-3.9433822],[120.2777195,-3.9430062],[120.2776457,-3.9426918],[120.2775411,-3.942067],[120.2775049,-3.9417766],[120.2774996,-3.9414194],[120.2775049,-3.9410622],[120.2775103,-3.9407384],[120.2774922,-3.9405397],[120.2774734,-3.9404675],[120.2774546,-3.940422],[120.2774345,-3.9403765],[120.277409,-3.9403337],[120.2773815,-3.9402922],[120.2773547,-3.9402574],[120.2773105,-3.9402159],[120.2772689,-3.9401812],[120.2772226,-3.940145],[120.2771603,-3.9400975],[120.2770174,-3.9399731],[120.276837,-3.9397564],[120.2766412,-3.9395048],[120.2763878,-3.9391275],[120.2763482,-3.9390499],[120.2763361,-3.9389891],[120.2763294,-3.9389302],[120.2763308,-3.9388747],[120.2763388,-3.9388131],[120.2763563,-3.9387456],[120.2763824,-3.9386633],[120.2764817,-3.9383181],[120.276536,-3.9380063],[120.2765822,-3.9376036],[120.2765977,-3.9372665],[120.2765936,-3.937219],[120.2765775,-3.9371661],[120.2765433,-3.9371166],[120.2765018,-3.9370698],[120.2764575,-3.9370323],[120.2764133,-3.9369995],[120.2763522,-3.9369614],[120.2762215,-3.9368972],[120.2759204,-3.9367407],[120.2757903,-3.9366784],[120.2756877,-3.9366316],[120.2755885,-3.9365901],[120.275508,-3.9365554],[120.2754403,-3.9365286],[120.2753397,-3.9364945],[120.275225,-3.9364583],[120.2748482,-3.9363808],[120.2744311,-3.9362891],[120.2743252,-3.9362597],[120.2742199,-3.9362215],[120.2741247,-3.9361908],[120.2740462,-3.936166],[120.2739604,-3.9361312],[120.27389,-3.9361031],[120.2738269,-3.9360764],[120.2737626,-3.9360463],[120.2736814,-3.9360028],[120.2735084,-3.9359065],[120.2728567,-3.9355646],[120.2722639,-3.9353037],[120.2717851,-3.9350883],[120.2713117,-3.9348555],[120.2709362,-3.9346628]]}},{"type":"Feature","properties":{"segmentId":"osm-gaul2-18188-5671516648-2275298160-0","regionId":"gaul2-18188","province":"Sulawesi Selatan","region":"Wajo","roadName":"Jalan Poros Solo -Peneki - Kulampu","highway":"primary","lengthMeters":34.827,"osmWayIds":["249932331"],"u":"5671516648","v":"2275298160","key":0,"oneway":false,"source":"OpenStreetMap"},"geometry":{"type":"LineString","coordinates":[[120.2292459,-4.2339044],[120.2292043,-4.2339277],[120.2291635,-4.2339592],[120.2291165,-4.2340019],[120.2290094,-4.2341083]]}},{"type":"Feature","properties":{"segmentId":"osm-gaul2-18188-5671516648-3557946865-0","regionId":"gaul2-18188","province":"Sulawesi Selatan","region":"Wajo","roadName":"Unnamed OSM road","highway":"primary_link","lengthMeters":18.626,"osmWayIds":["350030301"],"u":"5671516648","v":"3557946865","key":0,"oneway":false,"source":"OpenStreetMap"},"geometry":{"type":"LineString","coordinates":[[120.2292459,-4.2339044],[120.2291926,-4.2338803],[120.2291594,-4.2338655],[120.2291243,-4.2338479],[120.2290974,-4.2338275]]}},{"type":"Feature","properties":{"segmentId":"osm-gaul2-18188-5671516648-5391612533-0","regionId":"gaul2-18188","province":"Sulawesi Selatan","region":"Wajo","roadName":"Jalan Poros Solo -Peneki - Kulampu","highway":"primary","lengthMeters":6538.649,"osmWayIds":["249932331","777891745","777891746"],"u":"5671516648","v":"5391612533","key":0,"oneway":false,"source":"OpenStreetMap"},"geometry":{"type":"LineString","coordinates":[[120.2292459,-4.2339044],[120.2292887,-4.2338885],[120.229494,-4.2338528],[120.2297509,-4.233796],[120.2299803,-4.2337504],[120.2302127,-4.2336896],[120.2307916,-4.2335526],[120.2311483,-4.2334723],[120.2315048,-4.2333916],[120.2320227,-4.2332744],[120.2322762,-4.2332142],[120.2325269,-4.2331594],[120.2328847,-4.2330848],[120.2331043,-4.2330343],[120.2332723,-4.2330002],[120.2334604,-4.2329584],[120.2336954,-4.2329129],[120.2338536,-4.2328815],[120.2341309,-4.2328277],[120.2344361,-4.2327658],[120.2345752,-4.2327334],[120.2347887,-4.2326923],[120.2349701,-4.2326602],[120.235127,-4.2326267],[120.2354177,-4.2325692],[120.2355113,-4.2325482],[120.2357041,-4.2325081],[120.2358502,-4.2324799],[120.2360356,-4.2324365],[120.2361191,-4.2324184],[120.2362328,-4.23239],[120.2365127,-4.2323382],[120.2367005,-4.2323007],[120.236907,-4.2322526],[120.2370559,-4.2322232],[120.2372336,-4.232185],[120.2373254,-4.2321677],[120.2374166,-4.2321549],[120.2375916,-4.2321449],[120.2377901,-4.2321396],[120.2379101,-4.2321429],[120.2381187,-4.2321396],[120.2383769,-4.2321282],[120.2384996,-4.2321262],[120.2386397,-4.2321295],[120.2388643,-4.2321295],[120.2391627,-4.2321309],[120.2395537,-4.2321335],[120.2400029,-4.2321335],[120.2403282,-4.2321349],[120.2405266,-4.2321329],[120.2407888,-4.2321302],[120.2410738,-4.2321322],[120.2414882,-4.2321255],[120.2416719,-4.2321249],[120.2419341,-4.2321262],[120.2422808,-4.2321182],[120.2425269,-4.2321168],[120.2427649,-4.2321168],[120.2430385,-4.2321188],[120.2434409,-4.2321215],[120.243813,-4.2321215],[120.244212,-4.2321302],[120.2446499,-4.2321389],[120.2448235,-4.2321409],[120.2450971,-4.2321369],[120.2452956,-4.2321289],[120.2455417,-4.2321282],[120.2457771,-4.2321269],[120.2459916,-4.2321262],[120.2462243,-4.2321282],[120.2463926,-4.2321275],[120.2464939,-4.2321242],[120.2466139,-4.2321269],[120.2467447,-4.2321282],[120.2469277,-4.2321309],[120.2471725,-4.2321309],[120.2474011,-4.2321121],[120.247599,-4.2320914],[120.2478712,-4.2320627],[120.2480388,-4.2320456],[120.248301,-4.2320092],[120.2484888,-4.2319824],[120.2487704,-4.2319476],[120.2491352,-4.2319129],[120.2493659,-4.2318915],[120.2495804,-4.2318727],[120.2498393,-4.2318433],[120.2500197,-4.2318299],[120.2501927,-4.2318126],[120.2503435,-4.2317978],[120.2505038,-4.2317818],[120.2506875,-4.2317624],[120.2509108,-4.2317423],[120.2510534,-4.2317327],[120.2512655,-4.2317169],[120.2513876,-4.2317036],[120.2516087,-4.2316846],[120.251842,-4.2316552],[120.2520539,-4.2316231],[120.252255,-4.231599],[120.2524535,-4.2315802],[120.2526279,-4.2315696],[120.2528263,-4.2315562],[120.2530597,-4.2315268],[120.2533682,-4.2314947],[120.2536283,-4.2314679],[120.2539042,-4.2314341],[120.2541916,-4.2314037],[120.2543203,-4.2313877],[120.2544679,-4.2313716],[120.2546525,-4.2313518],[120.2547631,-4.2313391],[120.2549107,-4.2313304],[120.2550794,-4.2313127],[120.2552305,-4.231301],[120.2553664,-4.231286],[120.2554844,-4.2312754],[120.2556523,-4.2312562],[120.2558193,-4.2312348],[120.2559406,-4.2312214],[120.2560922,-4.2312047],[120.2562001,-4.231188],[120.256351,-4.2311799],[120.2565019,-4.2311659],[120.256745,-4.2311469],[120.2569006,-4.2311282],[120.2570678,-4.231103],[120.2571959,-4.2310816],[120.2573588,-4.2310616],[120.2575795,-4.2310469],[120.257729,-4.2310261],[120.2579228,-4.2310088],[120.2581398,-4.2309945],[120.2583218,-4.2309793],[120.2585045,-4.2309597],[120.2587298,-4.2309383],[120.2589069,-4.2309142],[120.2591103,-4.2308964],[120.2593061,-4.2308857],[120.2595453,-4.2308687],[120.2597943,-4.2308456],[120.26002,-4.2308206],[120.2602963,-4.2307912],[120.2605511,-4.2307618],[120.2608086,-4.230735],[120.2610178,-4.2307163],[120.2612485,-4.2306976],[120.2614551,-4.2306735],[120.2616857,-4.2306467],[120.2619029,-4.2306253],[120.2621149,-4.2306093],[120.2623347,-4.2305878],[120.2625708,-4.2305691],[120.2628122,-4.2305451],[120.2630671,-4.230513],[120.2632865,-4.2304878],[120.2634575,-4.2304738],[120.2637056,-4.2304377],[120.2639457,-4.2304129],[120.2641935,-4.2303952],[120.264348,-4.2303761],[120.2645478,-4.2303561],[120.2646558,-4.2303427],[120.2648281,-4.2303226],[120.2650487,-4.2303079],[120.2652422,-4.230291],[120.2653975,-4.2302826],[120.2655453,-4.2302655],[120.2656929,-4.2302535],[120.2658405,-4.2302321],[120.265996,-4.2302107],[120.2661596,-4.2301946],[120.2663738,-4.2301742],[120.2666049,-4.2301572],[120.2667096,-4.2301445],[120.2668536,-4.230132],[120.2669804,-4.2301225],[120.2671413,-4.2301064],[120.2673152,-4.2300859],[120.2674414,-4.2300688],[120.2676646,-4.2300478],[120.2680072,-4.2300144],[120.2681552,-4.2300075],[120.2683698,-4.2299807],[120.2685893,-4.2299522],[120.2688069,-4.2299272],[120.2690403,-4.2298977],[120.2692897,-4.229871],[120.2695875,-4.2298469],[120.2697614,-4.2298264],[120.2699442,-4.2298121],[120.2701292,-4.2297934],[120.2702844,-4.2297783],[120.2705104,-4.2297576],[120.2706398,-4.2297442],[120.2707873,-4.2297342],[120.2708725,-4.2297188],[120.2709912,-4.2297041],[120.2711843,-4.2296767],[120.2713466,-4.2296653],[120.2715209,-4.2296499],[120.2716885,-4.2296258],[120.2718448,-4.2296058],[120.2720802,-4.229579],[120.2722739,-4.2295576],[120.272457,-4.2295309],[120.2725965,-4.2295095],[120.2727976,-4.2294881],[120.272966,-4.229468],[120.2731249,-4.2294627],[120.2732808,-4.2294511],[120.2735487,-4.2294252],[120.2737847,-4.2294092],[120.27401,-4.2293884],[120.274183,-4.2293603],[120.2743671,-4.2293387],[120.2745518,-4.2293048],[120.27474,-4.2292799],[120.2749327,-4.229254],[120.2751557,-4.2292344],[120.2753243,-4.2292112],[120.275542,-4.2291943],[120.2757485,-4.2291782],[120.2759224,-4.2291684],[120.2761122,-4.229153],[120.27625,-4.2291381],[120.2763761,-4.2291221],[120.2765263,-4.2291113],[120.2767275,-4.2290953],[120.2768773,-4.2290828],[120.2770496,-4.2290735],[120.2771915,-4.2290632],[120.2772989,-4.2290493],[120.2774892,-4.2290311],[120.2776019,-4.2290204],[120.2777736,-4.2290017],[120.2778943,-4.228991],[120.2781594,-4.2289624],[120.2784192,-4.2289449],[120.2788755,-4.228909],[120.2790941,-4.2288795],[120.2792421,-4.2288597],[120.2794267,-4.2288381],[120.2795474,-4.2288086],[120.2796493,-4.2287765],[120.279803,-4.2287051],[120.2799552,-4.2286252],[120.2800865,-4.2285378],[120.2802207,-4.2284522],[120.280283,-4.2284121],[120.2803347,-4.2283847],[120.2804084,-4.2283559],[120.2804949,-4.2283158],[120.280566,-4.228266],[120.2806029,-4.2282416],[120.2806297,-4.2282175],[120.2806767,-4.228158],[120.2807504,-4.2280503],[120.2809434,-4.2277836],[120.2811251,-4.2275198],[120.2813333,-4.2272189],[120.2815229,-4.2269525],[120.2818301,-4.2265104],[120.2819353,-4.2263825],[120.2820544,-4.2262574],[120.2821753,-4.2261464],[120.2823268,-4.2260017],[120.2825005,-4.2258308],[120.2826767,-4.2256235],[120.283064,-4.2252239],[120.2834005,-4.2249123],[120.2837023,-4.2245927],[120.2839293,-4.2243849],[120.2841349,-4.2241585],[120.2842605,-4.2240067],[120.2843486,-4.2238895],[120.2843694,-4.2238433],[120.2843754,-4.2238112],[120.284386,-4.2237457],[120.2843895,-4.2236835],[120.284386,-4.2236233],[120.284386,-4.2235859],[120.2843888,-4.2234194],[120.2843913,-4.222944],[120.2843908,-4.2226577],[120.2844097,-4.2225872]]}},{"type":"Feature","properties":{"segmentId":"osm-gaul2-18188-5671584031-2564596722-0","regionId":"gaul2-18188","province":"Sulawesi Selatan","region":"Wajo","roadName":"Unnamed OSM road","highway":"tertiary","lengthMeters":5600.362,"osmWayIds":["1359166816"],"u":"5671584031","v":"2564596722","key":0,"oneway":false,"source":"OpenStreetMap"},"geometry":{"type":"LineString","coordinates":[[120.3488946,-4.221264],[120.3486377,-4.2212846],[120.3482271,-4.221403],[120.3476796,-4.2216051],[120.3472878,-4.2217474],[120.3465758,-4.2220304],[120.3463452,-4.2221374],[120.3459106,-4.2223688],[120.3454761,-4.2225506],[120.3452066,-4.2226443],[120.3450684,-4.222675],[120.3447908,-4.2226951],[120.3440639,-4.2226951],[120.3436844,-4.2226871],[120.3423111,-4.2225814],[120.3418914,-4.2225172],[120.3417398,-4.2224771],[120.3416406,-4.2224249],[120.3413147,-4.2222444],[120.340911,-4.2220478],[120.3406669,-4.2219087],[120.340101,-4.2215048],[120.3398703,-4.2213322],[120.3396182,-4.2211784],[120.3388122,-4.2207798],[120.3384367,-4.2205725],[120.3380893,-4.2204013],[120.336826,-4.2198097],[120.3366745,-4.2197393],[120.3364781,-4.2196633],[120.3363365,-4.2196323],[120.3350752,-4.2195246],[120.3342093,-4.219451],[120.3332277,-4.2193491],[120.3326753,-4.219314],[120.3322332,-4.2193094],[120.3318974,-4.2193033],[120.3315327,-4.2192765],[120.331192,-4.2192377],[120.3308809,-4.219203],[120.3304305,-4.2191346],[120.3290582,-4.2189069],[120.3281464,-4.2187857],[120.3278419,-4.2187228],[120.3272814,-4.2185448],[120.3260824,-4.2181718],[120.3251321,-4.2178789],[120.3245053,-4.2177144],[120.3241084,-4.2176404],[120.3238723,-4.2176154],[120.3236652,-4.2176245],[120.3235048,-4.2176475],[120.323286,-4.2177001],[120.3229791,-4.2177866],[120.3228035,-4.2178195],[120.3225929,-4.2178548],[120.3223904,-4.2179043],[120.3222549,-4.2179364],[120.3221248,-4.2180019],[120.3220122,-4.2180808],[120.3216053,-4.2184765],[120.3213242,-4.2187482],[120.3212343,-4.2188164],[120.3205234,-4.2192568],[120.3201574,-4.2194878],[120.3197511,-4.2197246],[120.3192578,-4.2199257],[120.3191127,-4.2199774],[120.3189813,-4.2200081],[120.3188706,-4.2200141],[120.3187332,-4.2200175],[120.3186708,-4.2200115],[120.3185888,-4.2199944],[120.3184864,-4.219962],[120.3184006,-4.2199282],[120.3181793,-4.2198356],[120.3179801,-4.219748],[120.3178306,-4.2196644],[120.3176791,-4.2195688],[120.3174385,-4.2193854],[120.3173592,-4.2193213],[120.3172553,-4.2192551],[120.3172137,-4.2192364],[120.3171587,-4.2192224],[120.3170621,-4.2192091],[120.3168757,-4.2191963],[120.3166008,-4.2191856],[120.3164204,-4.2191869],[120.3162045,-4.2192003],[120.3158964,-4.219213],[120.3157727,-4.2192384],[120.315653,-4.219267],[120.3152758,-4.2193688],[120.3149023,-4.2194718],[120.3145335,-4.2195989],[120.3143038,-4.219684],[120.313987,-4.2198022],[120.3137964,-4.2198686],[120.313649,-4.2199219],[120.3134626,-4.219972],[120.3132032,-4.2200384],[120.3130268,-4.220069],[120.3128799,-4.2200824],[120.312676,-4.2201021],[120.3123756,-4.2201168],[120.3119739,-4.2201591],[120.3118231,-4.220172],[120.3114809,-4.2202201],[120.3108579,-4.2202892],[120.3104793,-4.2203371],[120.3100917,-4.2203995],[120.3099322,-4.2204615],[120.309853,-4.220511],[120.3097551,-4.2205786],[120.3096324,-4.2206882],[120.309429,-4.2208693],[120.3091811,-4.2211336],[120.3088501,-4.2214984],[120.3085944,-4.2217789],[120.3082193,-4.2222031],[120.307999,-4.222449],[120.307852,-4.2226251],[120.3077783,-4.2227051],[120.3073847,-4.2231532],[120.3070749,-4.2235116],[120.3068986,-4.2237035],[120.3067212,-4.2238848],[120.3064347,-4.2241886],[120.3062683,-4.2244017],[120.3060825,-4.2246465],[120.3059618,-4.2247989],[120.3056393,-4.225263],[120.3054912,-4.2254613],[120.3052463,-4.2257505],[120.3050264,-4.2259719],[120.3047895,-4.2262148],[120.3046858,-4.2263417],[120.304437,-4.226648],[120.3042251,-4.2268934],[120.3040762,-4.2270037],[120.303968,-4.2270769],[120.3038469,-4.2271462],[120.3037039,-4.2272325]]}},{"type":"Feature","properties":{"segmentId":"osm-gaul2-18188-5710852974-2134966842-0","regionId":"gaul2-18188","province":"Sulawesi Selatan","region":"Wajo","roadName":"Jalan Poros Atapangnge - Doping","highway":"primary","lengthMeters":14.828,"osmWayIds":["1431885866"],"u":"5710852974","v":"2134966842","key":0,"oneway":false,"source":"OpenStreetMap"},"geometry":{"type":"LineString","coordinates":[[120.2963987,-4.0855878],[120.2965288,-4.0855571]]}},{"type":"Feature","properties":{"segmentId":"osm-gaul2-18188-5710852974-2540487189-0","regionId":"gaul2-18188","province":"Sulawesi Selatan","region":"Wajo","roadName":"Jalan Poros Atapangnge - Doping","highway":"primary","lengthMeters":16.643,"osmWayIds":["247113228"],"u":"5710852974","v":"2540487189","key":0,"oneway":false,"source":"OpenStreetMap"},"geometry":{"type":"LineString","coordinates":[[120.2963987,-4.0855878],[120.2964971,-4.0857008]]}},{"type":"Feature","properties":{"segmentId":"osm-gaul2-18188-5710852974-5392189780-0","regionId":"gaul2-18188","province":"Sulawesi Selatan","region":"Wajo","roadName":"Jalan Poros Atapangnge - Doping","highway":"primary","lengthMeters":6679.29,"osmWayIds":["247113228"],"u":"5710852974","v":"5392189780","key":0,"oneway":false,"source":"OpenStreetMap"},"geometry":{"type":"LineString","coordinates":[[120.2963987,-4.0855878],[120.2958215,-4.0854898],[120.2954652,-4.0854285],[120.2950009,-4.085357],[120.2945548,-4.0852882],[120.2940959,-4.0852161],[120.2936954,-4.0851868],[120.2933105,-4.0851364],[120.2930192,-4.0850524],[120.292686,-4.0848894],[120.292382,-4.084684],[120.2919899,-4.0843615],[120.2918024,-4.0842153],[120.2916425,-4.084124],[120.2914645,-4.0840454],[120.2910796,-4.0839049],[120.290346,-4.0836686],[120.2895695,-4.0833886],[120.2889995,-4.083216],[120.2886321,-4.0831023],[120.2884376,-4.08301],[120.2880098,-4.0828374],[120.2872963,-4.0824709],[120.2871501,-4.082404],[120.2869818,-4.0823351],[120.2865051,-4.082198],[120.2859431,-4.082079],[120.2852878,-4.0819324],[120.2849059,-4.0818238],[120.2842379,-4.0816377],[120.2837374,-4.0814809],[120.2835113,-4.0813908],[120.2829656,-4.0811006],[120.2827057,-4.080986],[120.2824214,-4.0808851],[120.2818574,-4.0807512],[120.2807508,-4.080482],[120.2800734,-4.0802649],[120.2794621,-4.0800487],[120.2788147,-4.0798498],[120.278257,-4.0796913],[120.2777494,-4.0795548],[120.2771861,-4.0793889],[120.2766854,-4.0792653],[120.2759798,-4.0790575],[120.2745619,-4.0786444],[120.2737615,-4.0783898],[120.272989,-4.0781474],[120.2725294,-4.0780016],[120.2721767,-4.0778732],[120.2712703,-4.0774667],[120.2706893,-4.0772218],[120.2700281,-4.076942],[120.2697614,-4.0768178],[120.2694986,-4.0767249],[120.2690835,-4.0766354],[120.2685251,-4.0765502],[120.2682845,-4.0765289],[120.2677989,-4.0764851],[120.267288,-4.076429],[120.2669656,-4.0763903],[120.2667901,-4.076353],[120.2666438,-4.0763066],[120.2664931,-4.0762277],[120.2663734,-4.0761248],[120.2662758,-4.0760316],[120.2660277,-4.0756427],[120.2656284,-4.0750064],[120.2651752,-4.0742679],[120.2649374,-4.0739413],[120.2646919,-4.0736676],[120.2645579,-4.0735444],[120.264456,-4.0734721],[120.2643234,-4.0734237],[120.2641005,-4.0733576],[120.2633399,-4.0731436],[120.262935,-4.0730035],[120.2625968,-4.072903],[120.2625613,-4.0728924],[120.2620527,-4.0727273],[120.2612005,-4.0725315],[120.2604886,-4.0723618],[120.2600903,-4.0723047],[120.2595812,-4.0722419],[120.2590777,-4.072186],[120.2585145,-4.0720885],[120.2579715,-4.0719884],[120.2576593,-4.0719164],[120.2573267,-4.0718013],[120.2566659,-4.0715548],[120.2560902,-4.0713686],[120.2555886,-4.0712074],[120.2551004,-4.0710602],[120.2544567,-4.0708489],[120.2540866,-4.0707044],[120.2538425,-4.0705827],[120.2536574,-4.0704623],[120.2536362,-4.0704462],[120.2534884,-4.0703338],[120.2532202,-4.0701452],[120.2527092,-4.069772],[120.2523606,-4.0694804],[120.2520635,-4.0692115],[120.2518851,-4.069055],[120.2518174,-4.0689954],[120.2517413,-4.0689373],[120.2516874,-4.0688981],[120.2516186,-4.0688627],[120.2514858,-4.0687971],[120.2513611,-4.0687426],[120.2512421,-4.0686971],[120.2510872,-4.0686523],[120.2508612,-4.0686042],[120.2502671,-4.0685012],[120.2497662,-4.0684075],[120.2494148,-4.0683299],[120.2492385,-4.0682704],[120.2490862,-4.0681848],[120.2489039,-4.0680717],[120.2486495,-4.0678968],[120.2484425,-4.0677494],[120.248084,-4.0674778],[120.2477264,-4.0671848],[120.2475829,-4.0670678],[120.2474032,-4.0669046],[120.247255,-4.0667407],[120.2470686,-4.0664892],[120.2467205,-4.0659963],[120.2464392,-4.0656042],[120.2463108,-4.0654204],[120.2460719,-4.0650979],[120.2457563,-4.0646385],[120.2456631,-4.0645268],[120.2454921,-4.0643428],[120.2453097,-4.0641609],[120.2450877,-4.0639602],[120.2446834,-4.063619],[120.2443417,-4.0633284],[120.2441809,-4.0631885],[120.2437785,-4.0627936],[120.2435059,-4.0625289],[120.243292,-4.0623315],[120.2430104,-4.062056]]}},{"type":"Feature","properties":{"segmentId":"osm-gaul2-18188-6660427741-5616264705-0","regionId":"gaul2-18188","province":"Sulawesi Selatan","region":"Wajo","roadName":"Unnamed OSM road","highway":"secondary","lengthMeters":23728.18,"osmWayIds":["246100240","593581110","593614231","593619193","593619201","593619203","593634263","593634278","594019376","594019380","594019383","594027274","594027275","602773559","749983408","749983409","749983411","777927937","777927938","777927939","777927940"],"u":"6660427741","v":"5616264705","key":0,"oneway":false,"source":"OpenStreetMap"},"geometry":{"type":"LineString","coordinates":[[120.1910841,-3.7636002],[120.1915884,-3.7641903],[120.1918231,-3.7644566],[120.1919518,-3.7645864],[120.1920377,-3.764656],[120.1920823,-3.7646818],[120.1921088,-3.7646935],[120.1921422,-3.7647072],[120.1921751,-3.7647109],[120.192208,-3.7647102],[120.1922657,-3.7646962],[120.1923408,-3.7646667],[120.1924655,-3.7646305],[120.19255,-3.7646198],[120.1926157,-3.7646198],[120.1926365,-3.7646246],[120.192664,-3.7646439],[120.1927217,-3.7646781],[120.1927746,-3.7647175],[120.1928357,-3.7647531],[120.1928759,-3.7647684],[120.1929241,-3.7647751],[120.192959,-3.7647738],[120.1929952,-3.7647657],[120.193065,-3.764739],[120.1931387,-3.7647095],[120.1931763,-3.7647002],[120.1932366,-3.7647029],[120.193305,-3.7647135],[120.1936497,-3.7648059],[120.1937167,-3.7648086],[120.1937811,-3.7647945],[120.1938521,-3.7647697],[120.1938944,-3.764745],[120.1939414,-3.7647088],[120.1939836,-3.7646614],[120.1942196,-3.7643081],[120.1942572,-3.7642612],[120.1942733,-3.7642404],[120.1942948,-3.7642284],[120.1943188,-3.7642251],[120.1944222,-3.764209],[120.1945361,-3.7642003],[120.1945777,-3.7641823],[120.1946066,-3.7641636],[120.1947333,-3.7640685],[120.1948902,-3.7639628],[120.1951866,-3.7637099],[120.1952121,-3.7636938],[120.1952382,-3.7636818],[120.1952684,-3.7636791],[120.1953422,-3.7636791],[120.1958182,-3.7637326],[120.1958893,-3.7637407],[120.1959289,-3.76374],[120.1959738,-3.763734],[120.1961388,-3.7636978],[120.1962461,-3.7636778],[120.1963111,-3.7636705],[120.1963409,-3.7636724],[120.1963654,-3.7636791],[120.196415,-3.7637099],[120.1964982,-3.7637768],[120.1966189,-3.7638464],[120.1968469,-3.7639494],[120.1969997,-3.7640257],[120.1971567,-3.7641127],[120.1972425,-3.7641421],[120.1973551,-3.7641635],[120.1974437,-3.7641676],[120.1975496,-3.7641676],[120.1977012,-3.7641488],[120.1978527,-3.764118],[120.1981021,-3.7640351],[120.1982979,-3.7639802],[120.1983744,-3.7639642],[120.1984749,-3.7639601],[120.1987526,-3.7639749],[120.1990141,-3.7640016],[120.1992542,-3.7640123],[120.1993151,-3.764021],[120.1993635,-3.7640398],[120.1994305,-3.7640799],[120.1995177,-3.7641374],[120.1997256,-3.7642692],[120.1998831,-3.764367],[120.1999998,-3.7644419],[120.2000266,-3.7644707],[120.2000427,-3.7644971],[120.2000504,-3.7645172],[120.2000575,-3.7645369],[120.2000649,-3.764558],[120.2000729,-3.7645744],[120.2001205,-3.7646373],[120.2001715,-3.7647069],[120.2002721,-3.7648032],[120.2003941,-3.7649049],[120.200486,-3.7649698],[120.2005255,-3.7649879],[120.2006261,-3.7650307],[120.200775,-3.7651311],[120.2009882,-3.7653124],[120.2010452,-3.7653579],[120.2011196,-3.765398],[120.2011927,-3.7654235],[120.2012752,-3.7654455],[120.2014194,-3.7654636],[120.2014703,-3.7654556],[120.2014918,-3.7654435],[120.201514,-3.7654255],[120.2016399,-3.7652475],[120.2017017,-3.7651337],[120.201754,-3.7650614],[120.2018056,-3.765026],[120.2018519,-3.7650013],[120.2019283,-3.7649732],[120.2019739,-3.7649645],[120.2020302,-3.7649638],[120.202159,-3.7649785],[120.202328,-3.7649758],[120.2024218,-3.7649651],[120.2024594,-3.7649431],[120.202505,-3.7649089],[120.2026659,-3.7647623],[120.2027343,-3.7647156],[120.2028322,-3.7646774],[120.2028999,-3.7646513],[120.2030039,-3.7646306],[120.2030582,-3.7646239],[120.2031273,-3.7646225],[120.2032453,-3.7646493],[120.2033392,-3.7646654],[120.2034277,-3.7646707],[120.2035108,-3.7646654],[120.2036396,-3.7646333],[120.2038085,-3.7646038],[120.2039641,-3.7645851],[120.2042055,-3.7645878],[120.2048412,-3.7646547],[120.2050531,-3.7646654],[120.2053093,-3.7646627],[120.2053589,-3.7646573],[120.205605,-3.7646205],[120.2056593,-3.7646145],[120.2057223,-3.7646205],[120.2060039,-3.7646841],[120.2061675,-3.7647229],[120.2062393,-3.7647309],[120.2062735,-3.7647283],[120.2063064,-3.7647162],[120.2065243,-3.764565],[120.2066618,-3.7644673],[120.2067596,-3.7644058],[120.2068327,-3.7643683],[120.2069092,-3.7643389],[120.2072579,-3.7642358],[120.207518,-3.7641395],[120.2078245,-3.7640089],[120.2078915,-3.7639849],[120.2079388,-3.7639702],[120.2079747,-3.7639655],[120.2080276,-3.7639668],[120.2081329,-3.7639802],[120.2082376,-3.7640022],[120.2083281,-3.7640307],[120.208371,-3.7640478],[120.2083971,-3.7640602],[120.2084181,-3.764074],[120.2084367,-3.7640896],[120.2084501,-3.7641003],[120.2084659,-3.7641214],[120.2084814,-3.7641476],[120.2085517,-3.7643343],[120.2085671,-3.764369],[120.2085842,-3.7643971],[120.2086006,-3.7644171],[120.2086191,-3.7644375],[120.2087851,-3.7645542],[120.209122,-3.7648012],[120.2093466,-3.7649665],[120.2094928,-3.7650775],[120.209925,-3.7654922],[120.2099632,-3.7655309],[120.2099843,-3.7655553],[120.2099995,-3.7655784],[120.2101135,-3.7657704],[120.2101282,-3.7657895],[120.2101494,-3.7658063],[120.2101808,-3.7658246],[120.2102212,-3.7658377],[120.210323,-3.7658407],[120.2104414,-3.765831],[120.2104665,-3.7658239],[120.2104876,-3.7658159],[120.2105211,-3.7657978],[120.2105481,-3.7657771],[120.2105898,-3.7657289],[120.2106386,-3.7656672],[120.2106572,-3.7656453],[120.2107014,-3.7655595],[120.2107079,-3.7655379],[120.2107112,-3.7655125],[120.2107149,-3.7653769],[120.2107206,-3.7653525],[120.21073,-3.7653285],[120.2107541,-3.7653064],[120.2107742,-3.7652923],[120.210795,-3.7652883],[120.2108259,-3.7652856],[120.2108688,-3.7652874],[120.2111048,-3.7652716],[120.2111987,-3.7652569],[120.2113093,-3.7652368],[120.2115494,-3.7651652],[120.2117211,-3.765109],[120.2118183,-3.7650749],[120.2118518,-3.7650655],[120.2119035,-3.7650588],[120.2120537,-3.7650575],[120.2123507,-3.7650528],[120.2127255,-3.7650613],[120.212969,-3.7650675],[120.2130152,-3.7650775],[120.2130709,-3.7650949],[120.2131718,-3.7651313],[120.2135737,-3.7653171],[120.2137508,-3.7654061],[120.2138521,-3.765473],[120.2139366,-3.7655406],[120.2139983,-3.7655954],[120.2140801,-3.7656757],[120.2141806,-3.7657654],[120.2143362,-3.7658979],[120.2143952,-3.7659393],[120.2144529,-3.7659648],[120.2145052,-3.7659601],[120.2145434,-3.7659547],[120.2146561,-3.7659293],[120.2147077,-3.7659199],[120.2147533,-3.7659179],[120.2148458,-3.76593],[120.2148921,-3.7659474],[120.2149317,-3.7659621],[120.2150939,-3.766033],[120.2151966,-3.7660603],[120.2153876,-3.7661133],[120.2155987,-3.766142],[120.2159496,-3.7661521],[120.2162299,-3.7661695],[120.2163036,-3.7661602],[120.2163559,-3.7661414],[120.2165396,-3.7660464],[120.2167127,-3.7659554],[120.2169037,-3.7658602],[120.216989,-3.7658108],[120.2170832,-3.7657166],[120.217146,-3.765645],[120.2172701,-3.7654996],[120.2174008,-3.7653757],[120.2178928,-3.7650361],[120.218271,-3.7647713],[120.2183575,-3.7647263],[120.2184534,-3.7646921],[120.2185138,-3.7646681],[120.2185728,-3.764656],[120.2188215,-3.7646159],[120.2191079,-3.7645449],[120.2192835,-3.7644794],[120.2193184,-3.764458],[120.2193426,-3.7644325],[120.2193714,-3.7643703],[120.2194124,-3.764258],[120.2194505,-3.7641475],[120.2194612,-3.7641288],[120.2194773,-3.7641087],[120.2195048,-3.7640886],[120.2196188,-3.7640217],[120.2197677,-3.7639468],[120.220115,-3.7637714],[120.2202357,-3.7636831],[120.2203538,-3.7635814],[120.2205616,-3.7633553],[120.2207732,-3.7630904],[120.2208634,-3.7629766],[120.2210069,-3.762828],[120.2210435,-3.7628005],[120.221086,-3.7627809],[120.2211248,-3.7627658],[120.2213441,-3.7626796],[120.2216283,-3.7625103],[120.2216989,-3.7624587],[120.2217478,-3.7624159],[120.2221337,-3.7621283],[120.2221864,-3.7620947],[120.2222547,-3.7620639],[120.2224386,-3.7620085],[120.2228972,-3.761882],[120.2229461,-3.7618826],[120.2229943,-3.7618865],[120.2230572,-3.7619057],[120.2231164,-3.7619274],[120.2231889,-3.7619722],[120.2232321,-3.7620021],[120.2232787,-3.7620324],[120.2233248,-3.7620698],[120.2238098,-3.7624413],[120.2241223,-3.762638],[120.2241558,-3.7626634],[120.224188,-3.7626915],[120.2242658,-3.7627986],[120.224361,-3.7629137],[120.2244227,-3.7629699],[120.2245206,-3.7630421],[120.2246051,-3.7630769],[120.2247016,-3.7630916],[120.2247727,-3.7630916],[120.2248237,-3.7630823],[120.2248827,-3.7630582],[120.2249818,-3.7630166],[120.2251486,-3.7629424],[120.2251965,-3.7628882],[120.2252568,-3.7628079],[120.2253011,-3.7627517],[120.2253762,-3.7627062],[120.2254271,-3.7626755],[120.2254848,-3.7626447],[120.2258493,-3.7624594],[120.2262399,-3.7622312],[120.2263418,-3.7621803],[120.2264196,-3.7621549],[120.2264732,-3.7621562],[120.2265751,-3.7621669],[120.2268004,-3.7622312],[120.2271196,-3.7623382],[120.2272511,-3.7623663],[120.2273959,-3.762377],[120.2275005,-3.762381],[120.2276266,-3.762373],[120.2279887,-3.7623503],[120.2284768,-3.7623342],[120.2285479,-3.7623168],[120.228623,-3.762286],[120.2287346,-3.7622317],[120.2288282,-3.7621649],[120.2288892,-3.7621047],[120.2289154,-3.7620626],[120.2289583,-3.7619876],[120.229087,-3.7617173],[120.2291286,-3.7616624],[120.2291825,-3.7616191],[120.2292947,-3.7615024],[120.2293251,-3.761461],[120.2293486,-3.7614127],[120.2293955,-3.7611339],[120.2294304,-3.7610415],[120.2294659,-3.7609719],[120.2295146,-3.7609011],[120.2297615,-3.7606183],[120.2298541,-3.760537],[120.2299679,-3.7604523],[120.2300546,-3.7604012],[120.2301564,-3.7603535],[120.2302478,-3.7603329],[120.2303584,-3.7603175],[120.2306022,-3.7603032],[120.2307513,-3.7603189],[120.2308841,-3.7603322],[120.2310356,-3.7603844],[120.2311507,-3.7604367],[120.2311832,-3.7604674],[120.2312028,-3.7604985],[120.2312164,-3.760535],[120.231225,-3.7605682],[120.2312301,-3.7606039],[120.2312656,-3.7607986],[120.231276,-3.7608448],[120.2312823,-3.760926],[120.231252,-3.7613014],[120.2312328,-3.7615795],[120.2312048,-3.7617371],[120.2311523,-3.761922],[120.2310494,-3.7621508],[120.2307533,-3.7626065],[120.2306601,-3.7627745],[120.2306293,-3.7628695],[120.2306065,-3.7630033],[120.230577,-3.7632429],[120.2305542,-3.7635346],[120.2305448,-3.7638156],[120.2305301,-3.764011],[120.2304777,-3.7642773],[120.230408,-3.7645075],[120.2303758,-3.7646333],[120.2303557,-3.764743],[120.2303517,-3.7648112],[120.2303745,-3.7649906],[120.2304026,-3.7652207],[120.2304295,-3.7656543],[120.2304214,-3.7659487],[120.2304268,-3.7660638],[120.2303906,-3.7662338],[120.230349,-3.7663997],[120.2303168,-3.7665522],[120.23029,-3.766666],[120.2302833,-3.7667282],[120.2302853,-3.766755],[120.2302887,-3.7667771],[120.2302915,-3.7667834],[120.2302969,-3.7667905],[120.2303461,-3.7667963],[120.2303705,-3.7668032],[120.2303885,-3.7668132],[120.2304275,-3.7668426],[120.2304858,-3.7668988],[120.2306025,-3.7670367],[120.230735,-3.7671646],[120.2308372,-3.7672454],[120.2309226,-3.7672815],[120.2311079,-3.7673738],[120.2312851,-3.7674408],[120.2313401,-3.7674609],[120.2313924,-3.7674676],[120.2314554,-3.7674662],[120.2315935,-3.7674515],[120.2316445,-3.7674515],[120.2317142,-3.7674582],[120.2318148,-3.767485],[120.2319261,-3.7675224],[120.2320133,-3.7675532],[120.2321233,-3.7675853],[120.2322373,-3.7676027],[120.2323405,-3.7676094],[120.2324009,-3.7676094],[120.2324559,-3.7675961],[120.2326919,-3.7675077],[120.232771,-3.767485],[120.233042,-3.7674354],[120.2333464,-3.7673471],[120.2333987,-3.7673405],[120.2334644,-3.7673445],[120.2335154,-3.7673538],[120.233565,-3.7673512],[120.2340209,-3.7672923],[120.2342771,-3.7672588],[120.2343924,-3.7672454],[120.2347197,-3.7672133],[120.2353084,-3.7671598],[120.2353741,-3.7671411],[120.2354398,-3.7671116],[120.2359037,-3.7667237],[120.2360132,-3.7666212],[120.2361085,-3.7665073],[120.2361372,-3.7664613],[120.2361647,-3.766391],[120.2361875,-3.7663529],[120.2362082,-3.7663224],[120.2362278,-3.7663014],[120.2362646,-3.7662706],[120.2363004,-3.7662531],[120.2363773,-3.7662391],[120.236679,-3.7661227],[120.2368917,-3.7660323],[120.2370749,-3.7659469],[120.2372027,-3.7658477],[120.2372342,-3.7658008],[120.2372637,-3.765748],[120.2372839,-3.7657172],[120.2373147,-3.7656918],[120.2374046,-3.7656041],[120.2374381,-3.7655921],[120.237477,-3.7655847],[120.2375326,-3.7655867],[120.2379987,-3.7656115],[120.2380818,-3.7656182],[120.2381623,-3.7656423],[120.238224,-3.7656838],[120.2382857,-3.7657212],[120.2383728,-3.7657828],[120.2386706,-3.7660036],[120.238865,-3.766112],[120.2390197,-3.7661902],[120.239384,-3.766395],[120.2394284,-3.7664301],[120.2395007,-3.766492],[120.2395436,-3.7665349],[120.2395769,-3.7665834],[120.2395979,-3.7666297],[120.2396167,-3.766672],[120.2397341,-3.7669484],[120.239893,-3.7672214],[120.2399071,-3.7672431],[120.2399252,-3.7672662],[120.2399527,-3.7672983],[120.2399848,-3.7673257],[120.2400103,-3.7673411],[120.2400324,-3.7673492],[120.2400837,-3.7673617],[120.2403174,-3.7672963],[120.2403577,-3.7672909],[120.24042,-3.7672896],[120.2404636,-3.7672923],[120.2407198,-3.7673471],[120.2410658,-3.7674355],[120.2411583,-3.767479],[120.241237,-3.7675207],[120.2413125,-3.7675646],[120.2413896,-3.7676284],[120.2414524,-3.7676957],[120.2415405,-3.767857],[120.2415968,-3.7679346],[120.2416633,-3.7679874],[120.2417377,-3.768043],[120.2417953,-3.7680658],[120.2418637,-3.7680952],[120.2419308,-3.768118],[120.2420273,-3.7681367],[120.2422392,-3.7681782],[120.2428387,-3.7682772],[120.2428776,-3.7682892],[120.2429004,-3.7683013],[120.242928,-3.7683208],[120.242954,-3.7683494],[120.2429742,-3.7683809],[120.242992,-3.7684165],[120.2430905,-3.7687324],[120.2431617,-3.7688804],[120.2433687,-3.7693338],[120.2433953,-3.7694495],[120.2434154,-3.7695498],[120.243461,-3.7698228],[120.2435093,-3.7701025],[120.2435428,-3.7701908],[120.2435964,-3.7702376],[120.2436621,-3.7702745],[120.2437004,-3.7702899],[120.243744,-3.7703019],[120.2437842,-3.7703032],[120.2438244,-3.7702992],[120.2438928,-3.7702912],[120.2441342,-3.7702537],[120.2441812,-3.7702631],[120.2442214,-3.7702845],[120.2442737,-3.770334],[120.2444963,-3.7705401],[120.2449241,-3.7709737],[120.2451736,-3.7712159],[120.2457891,-3.7718181],[120.2460681,-3.7720911],[120.2462304,-3.772257],[120.2462967,-3.7723146],[120.2463652,-3.7723677],[120.2466112,-3.7725487],[120.247001,-3.7728114],[120.2471933,-3.772941],[120.2475406,-3.773135],[120.2479162,-3.7733115],[120.2480462,-3.7733838],[120.2481401,-3.7734427],[120.2481911,-3.7734909],[120.2482449,-3.7735589],[120.2483099,-3.7736691],[120.2484534,-3.774041],[120.2484861,-3.7741024],[120.2485384,-3.7741813],[120.2485903,-3.7742473],[120.2486155,-3.7742777],[120.2486532,-3.7743101],[120.2491626,-3.7746564],[120.2492217,-3.7747072],[120.2492882,-3.7747776],[120.2495455,-3.7750833],[120.2495796,-3.7751316],[120.2496032,-3.7751823],[120.249616,-3.7752338],[120.249699,-3.7755674],[120.2497414,-3.7756982],[120.2497978,-3.7758277],[120.2499569,-3.7761419],[120.2502666,-3.7766401],[120.2507602,-3.7775601],[120.2509263,-3.7778293],[120.2510985,-3.7780388],[120.251157,-3.7781048],[120.2512764,-3.7782198],[120.2514065,-3.7783185],[120.2514694,-3.7783565],[120.2515546,-3.7783948],[120.2516592,-3.7784281],[120.2518071,-3.7784616],[120.2518449,-3.7784656],[120.251893,-3.778467],[120.2519435,-3.7784555],[120.251999,-3.7784367],[120.2521259,-3.7783605],[120.2522648,-3.7782759],[120.2524102,-3.7781705],[120.2524859,-3.7781069],[120.2525572,-3.7780362],[120.2528822,-3.7776352],[120.2529954,-3.7774974],[120.253072,-3.7773823],[120.2531267,-3.7772764],[120.2531518,-3.7771943],[120.2531792,-3.7770933],[120.253194,-3.7770123],[120.2532061,-3.7768959],[120.2532277,-3.7764454],[120.2532229,-3.7761177],[120.2532376,-3.7757725],[120.2532429,-3.7757249],[120.2532531,-3.7756863],[120.2532765,-3.7756232],[120.2532987,-3.7755824],[120.253324,-3.7755521],[120.2536953,-3.7752219],[120.2541858,-3.7747179],[120.2543588,-3.7745286],[120.2545525,-3.7742929],[120.2547096,-3.7740505],[120.2549144,-3.7736533],[120.2549969,-3.7735027],[120.2550434,-3.7734386],[120.2550877,-3.7733896],[120.2551232,-3.7733543],[120.2551755,-3.7733209],[120.2553962,-3.7731754],[120.2557158,-3.7729525],[120.2557851,-3.772908],[120.2558439,-3.7728787],[120.2559031,-3.7728585],[120.2559741,-3.7728473],[120.2563746,-3.7728119],[120.2568054,-3.772758],[120.2569015,-3.7727408],[120.2570017,-3.7727158],[120.2570792,-3.7726852],[120.2571465,-3.7726548],[120.2579768,-3.7721701],[120.2580629,-3.7721071],[120.2581338,-3.772049],[120.258527,-3.7716939],[120.2586691,-3.7715745],[120.2587621,-3.7715104],[120.25882,-3.7714795],[120.2588923,-3.7714566],[120.2590902,-3.7713952],[120.2592693,-3.7713488],[120.2597584,-3.771277],[120.2598359,-3.7712534],[120.2599108,-3.7712158],[120.2599405,-3.7711851],[120.2602141,-3.7708345],[120.2602386,-3.7707834],[120.2602496,-3.7707395],[120.2602503,-3.7706953],[120.2602445,-3.7706635],[120.2602315,-3.770597],[120.2601604,-3.7703641],[120.2601533,-3.7703148],[120.2601611,-3.7702397],[120.2601892,-3.7701712],[120.2603181,-3.7699297],[120.2604099,-3.76978],[120.2604945,-3.7696756],[120.2606245,-3.7695303],[120.2608417,-3.7693022],[120.2609383,-3.7692113],[120.2610362,-3.769143],[120.2611166,-3.7691002],[120.2612051,-3.7690694],[120.2614244,-3.7690025],[120.2616398,-3.7689407],[120.2617664,-3.7688888],[120.2619093,-3.7688179],[120.2622499,-3.7686204],[120.2626262,-3.7683824],[120.2630077,-3.7681086],[120.2631293,-3.7680028],[120.2631933,-3.7679186],[120.2632807,-3.7677987],[120.2635328,-3.7673457],[120.2636232,-3.7671641],[120.2636506,-3.767111],[120.2636936,-3.767051],[120.2637532,-3.7669898],[120.2638372,-3.7669253],[120.2641341,-3.7667173],[120.2642065,-3.7666566],[120.2642897,-3.7665777],[120.264321,-3.7665603],[120.2643587,-3.7665529],[120.264401,-3.7665536],[120.2645693,-3.7665656],[120.2648,-3.7665944],[120.2648804,-3.7666198],[120.2649644,-3.7666545],[120.2650977,-3.7667282],[120.265147,-3.7667604],[120.2652499,-3.7668453],[120.2653364,-3.7669243],[120.2653787,-3.7669671],[120.2657716,-3.767485],[120.2658306,-3.7675358],[120.2658856,-3.7675706],[120.2659319,-3.7675987],[120.2659842,-3.7676255],[120.2661096,-3.7676844],[120.2661981,-3.7677325],[120.2662799,-3.7677968],[120.2663657,-3.7678811],[120.2664301,-3.7679761],[120.266583,-3.7682759],[120.2666249,-3.7683375],[120.2666607,-3.7683829],[120.2667012,-3.7684093],[120.266764,-3.7684407],[120.2668403,-3.7684542],[120.2669089,-3.7684538],[120.2669933,-3.7684431],[120.2673385,-3.768333],[120.2676302,-3.7682657],[120.2676827,-3.7682484],[120.2677469,-3.7682253],[120.2682226,-3.7679695],[120.2682902,-3.7679406],[120.2683617,-3.7679201],[120.2685316,-3.7679052],[120.2687297,-3.7678932],[120.2687871,-3.7678831],[120.2690627,-3.7678035],[120.2691639,-3.7677774],[120.2692129,-3.767766],[120.2692638,-3.767763],[120.269347,-3.7677647],[120.2694119,-3.7677765],[120.2696049,-3.7678528],[120.2697215,-3.7679156],[120.2699011,-3.7680323],[120.2701932,-3.768312],[120.2703367,-3.7684384],[120.2703662,-3.7684558],[120.2704078,-3.7684753],[120.2707578,-3.768589],[120.2708463,-3.7686198],[120.2709153,-3.7686337],[120.2709952,-3.7686144],[120.2711173,-3.7685529],[120.2714718,-3.7682746],[120.2716064,-3.768149],[120.2721719,-3.7675252],[120.2723853,-3.7673244],[120.2724248,-3.7672695],[120.2724503,-3.7672106],[120.2724691,-3.7671384],[120.2725133,-3.7667329],[120.2725321,-3.7666111],[120.2725629,-3.7665108],[120.2725844,-3.7664613],[120.2726166,-3.7664091],[120.2726656,-3.7663449],[120.2727601,-3.7662003],[120.2728541,-3.7660531],[120.2728835,-3.7659541],[120.2729009,-3.7658524],[120.2728955,-3.765669],[120.2728754,-3.7654509],[120.2728647,-3.7653786],[120.2728137,-3.7651525],[120.2727829,-3.7650013],[120.2727306,-3.7647711],[120.272681,-3.7643817],[120.2726568,-3.7641274],[120.2726421,-3.7640351],[120.2726246,-3.7639708],[120.2725871,-3.7639039],[120.2725549,-3.7638477],[120.272522,-3.7638047],[120.2721485,-3.7633847],[120.271728,-3.762938],[120.2716885,-3.7628869],[120.271655,-3.7628267],[120.2715987,-3.7626714],[120.2715167,-3.7624269],[120.2714628,-3.762225],[120.2714565,-3.7621388],[120.2714655,-3.7620475],[120.2714767,-3.7619756],[120.2714898,-3.7619378],[120.271529,-3.7618136],[120.2715571,-3.7617672],[120.2717087,-3.7615112],[120.2718533,-3.761296],[120.2720283,-3.7610761],[120.2721848,-3.7609157],[120.2722931,-3.7608248],[120.2724101,-3.7607498],[120.2724861,-3.7607215],[120.2725549,-3.7607002],[120.2726206,-3.7606882],[120.2727453,-3.7606949],[120.2728996,-3.7607002],[120.2730578,-3.7607002],[120.2731745,-3.7606775],[120.2733193,-3.760644],[120.2734266,-3.7606213],[120.273546,-3.7606173],[120.2736787,-3.760632],[120.2737807,-3.7606534],[120.2738998,-3.7606901],[120.2740663,-3.7607712],[120.2742902,-3.7608876],[120.2743654,-3.7609264],[120.2744428,-3.7609459],[120.2745191,-3.7609504],[120.2745726,-3.7609338],[120.2746447,-3.7609011],[120.2748522,-3.7607324],[120.2749541,-3.7606374],[120.2750083,-3.7605824],[120.2750748,-3.7604915],[120.2751251,-3.7604337],[120.2751768,-3.7603858],[120.2752456,-3.7603423],[120.2753203,-3.7603081],[120.2755199,-3.7602458],[120.2759884,-3.7601229],[120.2761569,-3.760079],[120.2762242,-3.7600646],[120.27631,-3.7600592],[120.2763878,-3.7600633],[120.2764361,-3.760074],[120.2764884,-3.7600991],[120.2765796,-3.7601462],[120.2766553,-3.760174],[120.2767675,-3.7602054],[120.2771562,-3.7602653],[120.2773958,-3.7602997],[120.2774915,-3.7603255],[120.2775529,-3.7603446],[120.2776203,-3.7603764],[120.2776696,-3.7604074],[120.2777101,-3.7604487],[120.2777324,-3.7604882],[120.2777731,-3.7605624],[120.2777993,-3.7606732],[120.2777906,-3.7609224],[120.2777812,-3.761004],[120.2777818,-3.7610716],[120.277804,-3.7611793],[120.2778266,-3.7612466],[120.2778858,-3.7613774],[120.2779433,-3.76148],[120.277981,-3.7615246],[120.2780241,-3.7615608],[120.2780937,-3.7616035],[120.2781888,-3.7616383],[120.2782973,-3.761676],[120.2783914,-3.7616945],[120.2784729,-3.7616999],[120.2786328,-3.7616959],[120.2788587,-3.7616685],[120.2789976,-3.7616664],[120.2790982,-3.7616758],[120.2792443,-3.7616945],[120.2793615,-3.7617179],[120.2794307,-3.761736],[120.2796131,-3.7618337],[120.2797553,-3.7618899],[120.2798776,-3.7619288],[120.2799417,-3.7619381],[120.2801563,-3.7619582],[120.2804072,-3.7619871],[120.2807786,-3.762009],[120.2809726,-3.7620312],[120.2812707,-3.7620866],[120.2815872,-3.7621549],[120.2816918,-3.7621803],[120.281745,-3.7621998],[120.2818125,-3.7622325],[120.2818568,-3.7622609],[120.2819373,-3.7623449],[120.2820138,-3.7624539],[120.2824043,-3.7630552],[120.2824683,-3.7631438],[120.2825569,-3.7632469],[120.2827283,-3.7634416],[120.2834006,-3.7641368],[120.2838045,-3.7645497],[120.2839047,-3.7646734],[120.2839616,-3.7647472],[120.2839999,-3.7648233],[120.2840522,-3.7649571],[120.2840962,-3.7650793],[120.2841434,-3.7652689],[120.2841725,-3.7654024],[120.2842024,-3.7654964],[120.2842443,-3.7655999],[120.2842909,-3.7656985],[120.2843655,-3.7658153],[120.2845296,-3.7660263],[120.2846584,-3.7661802],[120.2847111,-3.7662551],[120.2847818,-3.7663823],[120.2848457,-3.7665154],[120.2849293,-3.7667557],[120.2849802,-3.7669269],[120.2850942,-3.7673605],[120.285117,-3.7675024],[120.2851419,-3.7677316],[120.2851374,-3.7678214],[120.2851184,-3.7679266],[120.285097,-3.7679695],[120.2847925,-3.768498],[120.2847643,-3.7685689],[120.2847514,-3.7686247],[120.2847514,-3.7686786],[120.284775,-3.7687362],[120.2848931,-3.7689289],[120.2849722,-3.76904],[120.2851063,-3.769234],[120.2851449,-3.7693089],[120.2852076,-3.7694975],[120.2852202,-3.7695557],[120.2853214,-3.7700743],[120.2854659,-3.7706731],[120.2856221,-3.771304],[120.2857298,-3.7717418],[120.2859946,-3.7726817],[120.2860917,-3.7729842],[120.2862261,-3.7733517],[120.2863462,-3.7736574],[120.2866094,-3.7741583],[120.2867988,-3.7744851],[120.2869799,-3.7747775],[120.2870481,-3.7748791],[120.287185,-3.775102],[120.2872682,-3.7752117],[120.2873285,-3.775272],[120.2874217,-3.7753431],[120.2875788,-3.7754508],[120.2878616,-3.7755985],[120.2879827,-3.7756752],[120.2881057,-3.7757617],[120.2881936,-3.7758457],[120.2882901,-3.7759678],[120.2883642,-3.7760925],[120.2887266,-3.7768229],[120.2887501,-3.7768689],[120.2889907,-3.7773807],[120.2890535,-3.7774954],[120.2891625,-3.7775924],[120.2892225,-3.7776378],[120.2893315,-3.7776961],[120.2894143,-3.7777261],[120.2899611,-3.7778032],[120.2903882,-3.7778518],[120.2905271,-3.7778694],[120.2906826,-3.7779122],[120.2908382,-3.7779724],[120.2909223,-3.7780133],[120.2910659,-3.7781076],[120.2911386,-3.7781812],[120.291196,-3.7782647],[120.2912888,-3.7784234],[120.2914033,-3.7786269],[120.2918027,-3.7792846],[120.2918568,-3.7793637],[120.2919224,-3.7794434],[120.2920712,-3.7796155],[120.2922919,-3.7798232],[120.2923943,-3.7799297],[120.292587,-3.7801537],[120.2927171,-3.7803183],[120.2927962,-3.7804267],[120.292879,-3.7805535],[120.2929625,-3.7807171],[120.2931395,-3.781073],[120.2933688,-3.7815186],[120.2934265,-3.7816217],[120.2935043,-3.7817501],[120.2935593,-3.7818278],[120.2936344,-3.7819174],[120.2936974,-3.7819696],[120.2937967,-3.7820566],[120.2939561,-3.7821467],[120.2940515,-3.782177],[120.2941266,-3.7821826],[120.2942258,-3.7821596],[120.2942702,-3.7821422],[120.2943069,-3.7821242],[120.2943286,-3.7821108],[120.2943735,-3.7820569],[120.2943988,-3.781997],[120.2944116,-3.7819589],[120.2944363,-3.7815857],[120.2944453,-3.7808856],[120.2944484,-3.7807358],[120.2944564,-3.7806408],[120.2944753,-3.7805645],[120.2944991,-3.7805131],[120.2945966,-3.7803544],[120.2946382,-3.7803022],[120.2948561,-3.7800533],[120.2953114,-3.7795302],[120.2955111,-3.7793032],[120.2957405,-3.7790021],[120.2961718,-3.7784087],[120.2964457,-3.7779547],[120.2964973,-3.7778612],[120.2966617,-3.7775512],[120.2968892,-3.7771936],[120.2978695,-3.7758008],[120.2981995,-3.7752934],[120.2982779,-3.7751591],[120.2983443,-3.7750753],[120.2983991,-3.7750154],[120.2984799,-3.7749571],[120.2985606,-3.7749257],[120.2986684,-3.7749077],[120.2988526,-3.7749026],[120.2991306,-3.7749077],[120.2998236,-3.7749615],[120.3003648,-3.7750065],[120.3007221,-3.7750244],[120.3009219,-3.775019],[120.3015083,-3.7749777],[120.3020149,-3.7749361],[120.3025463,-3.7748836],[120.3032917,-3.7747742],[120.3035559,-3.7747153],[120.3038349,-3.7746316],[120.3041122,-3.7745442],[120.3052251,-3.7741627],[120.3061858,-3.7738909],[120.3065854,-3.7737906],[120.3067537,-3.7737431],[120.3069824,-3.7736568],[120.307091,-3.7736073],[120.3071755,-3.7735624],[120.3076621,-3.7732472],[120.3092411,-3.7722146],[120.3093937,-3.7721245],[120.3095271,-3.7720576],[120.3098939,-3.7718582],[120.3101909,-3.7717164],[120.3106262,-3.7715304],[120.3110003,-3.7713818],[120.3111801,-3.7713203],[120.3113303,-3.7712975],[120.3114925,-3.7712895],[120.311591,-3.7712975],[120.3118244,-3.7713189],[120.311923,-3.7713243],[120.3120089,-3.7713203],[120.3121081,-3.7713042],[120.3123052,-3.7712427],[120.3124434,-3.7711972],[120.3128014,-3.7710807],[120.3130844,-3.7709683],[120.3133808,-3.7708318],[120.3136155,-3.7707114],[120.3138569,-3.7705963],[120.3143041,-3.7703982],[120.3148895,-3.770136],[120.3152039,-3.76999],[120.31544,-3.7698893],[120.3156331,-3.7698214],[120.316118,-3.7696602],[120.3167899,-3.7694548],[120.3170206,-3.7693732],[120.3172325,-3.7692822],[120.3173572,-3.769218],[120.3174926,-3.7691403],[120.317734,-3.7690105],[120.3178486,-3.7689503],[120.317954,-3.7688901],[120.3180203,-3.7688659],[120.318127,-3.7688299],[120.318212,-3.7688111],[120.3182986,-3.7687964],[120.318365,-3.7687924],[120.3184998,-3.7687964],[120.3187981,-3.7688003],[120.3189201,-3.7687976],[120.3193018,-3.7687683],[120.319853,-3.7687201],[120.3201427,-3.768688],[120.3209908,-3.7686264],[120.3219671,-3.7685621],[120.3226645,-3.7685033],[120.3233466,-3.7684699],[120.3238903,-3.7684257],[120.3241338,-3.7684124],[120.3242156,-3.768419],[120.3243309,-3.7684431],[120.3244187,-3.7684765],[120.3244575,-3.7684966],[120.3245072,-3.7685528],[120.3246064,-3.7686745],[120.3246815,-3.7687763],[120.324752,-3.768866],[120.3248774,-3.7689904],[120.3249739,-3.7690626],[120.3250999,-3.7691483],[120.3252126,-3.7691992],[120.3253636,-3.7692273],[120.3254701,-3.7692205],[120.3255774,-3.7691938],[120.32569,-3.7691509],[120.3257632,-3.7690801],[120.3258242,-3.7689743],[120.3258724,-3.768894],[120.3259979,-3.7687308],[120.3260824,-3.7686546],[120.3261997,-3.7685755],[120.3263499,-3.7684899],[120.326484,-3.7684256],[120.3266235,-3.7683775],[120.3267449,-3.7683401],[120.3269131,-3.7682865],[120.3270553,-3.7682517],[120.327235,-3.7682169],[120.3274007,-3.7681675],[120.3275783,-3.7681098],[120.3277768,-3.7680295],[120.3279216,-3.7679653],[120.328041,-3.7679011],[120.3281939,-3.7678154],[120.3282744,-3.7677512],[120.3283254,-3.7677118],[120.3289795,-3.7672918],[120.3294462,-3.7670539],[120.3302944,-3.7667353],[120.3307208,-3.7666186],[120.3311426,-3.7665513],[120.3315286,-3.7665109],[120.3323364,-3.7663718],[120.3326416,-3.7663359],[120.3330276,-3.7663359],[120.3335841,-3.7663763],[120.3338982,-3.7664211],[120.3340867,-3.7664885],[120.3342438,-3.7665692],[120.334522,-3.7667533],[120.3352115,-3.7671652],[120.3357275,-3.7675897],[120.33591,-3.7677633],[120.3360669,-3.767869],[120.3362922,-3.767956],[120.3365229,-3.7680122],[120.336932,-3.7680458],[120.3376187,-3.7680502],[120.3377527,-3.768035],[120.3380866,-3.7679694],[120.3381845,-3.7679587],[120.3383053,-3.7679515],[120.3386195,-3.7680054],[120.3387545,-3.7680216],[120.3388792,-3.7680096],[120.3390367,-3.7679488],[120.3393338,-3.7678294],[120.3394787,-3.7677901],[120.3396339,-3.7677672],[120.3397858,-3.767754],[120.3399883,-3.7677563],[120.3402083,-3.767774],[120.3405717,-3.7678348],[120.3406481,-3.767853],[120.3407498,-3.7678864],[120.3408413,-3.7679279],[120.3409083,-3.767974],[120.3411452,-3.768131],[120.3413823,-3.7682757],[120.3416226,-3.7683841],[120.3419558,-3.7685261],[120.3421408,-3.7686131],[120.3423264,-3.7687145],[120.342409,-3.7687723],[120.342479,-3.7688311],[120.3428194,-3.7691457],[120.3438164,-3.7700967],[120.3441001,-3.770358],[120.3445387,-3.7707047],[120.3446513,-3.7707703],[120.3447667,-3.7708184],[120.344937,-3.7708787],[120.3451462,-3.7709402],[120.3453317,-3.7709866]]}},{"type":"Feature","properties":{"segmentId":"osm-gaul2-18188-6807658388-2123329810-0","regionId":"gaul2-18188","province":"Sulawesi Selatan","region":"Wajo","roadName":"Unnamed OSM road","highway":"secondary","lengthMeters":15414.38,"osmWayIds":["222198106","726104209"],"u":"6807658388","v":"2123329810","key":0,"oneway":false,"source":"OpenStreetMap"},"geometry":{"type":"LineString","coordinates":[[120.2089237,-4.1225553],[120.2091656,-4.122005],[120.2093892,-4.1214779],[120.2094197,-4.121361],[120.2094304,-4.121258],[120.2094482,-4.1210707],[120.2094603,-4.1208833],[120.2094532,-4.1207584],[120.2094318,-4.1206489],[120.2093828,-4.1205323],[120.209309,-4.120378],[120.2091179,-4.1199939],[120.2090509,-4.1198146],[120.2089917,-4.1196171],[120.208943,-4.1194542],[120.2088886,-4.1191793],[120.2088273,-4.1188845],[120.2088048,-4.1187399],[120.2088001,-4.1185987],[120.2088115,-4.1184596],[120.2088329,-4.1183278],[120.2089871,-4.1175969],[120.209082,-4.117195],[120.2091367,-4.1168879],[120.2091702,-4.1167127],[120.2092093,-4.1165789],[120.2093442,-4.116165],[120.2094224,-4.1158773],[120.2094911,-4.1155877],[120.2095377,-4.1153175],[120.2095771,-4.1150494],[120.2096343,-4.1146687],[120.2096463,-4.1145363],[120.2096501,-4.1144065],[120.209634,-4.1141521],[120.2096021,-4.1138528],[120.209601,-4.1137591],[120.2096128,-4.1135719],[120.2096327,-4.1133537],[120.209657,-4.113089],[120.2096792,-4.1129358],[120.2097134,-4.1127804],[120.2097804,-4.1125345],[120.2098079,-4.1124189],[120.2100615,-4.1115186],[120.2101573,-4.1112015],[120.2102183,-4.1108886],[120.210219,-4.1108016],[120.2102116,-4.1106979],[120.2101842,-4.1104821],[120.2101533,-4.1103067],[120.2101291,-4.1101836],[120.2099695,-4.1096793],[120.2098,-4.1091925],[120.209578,-4.1084346],[120.2093387,-4.1077891],[120.2091212,-4.107281],[120.2090417,-4.1070341],[120.2089745,-4.1067768],[120.2088894,-4.1063765],[120.2088349,-4.1059189],[120.208829,-4.1058857],[120.2088128,-4.1058543],[120.2087867,-4.1058194],[120.208316,-4.1052356],[120.2080772,-4.1049762],[120.2080276,-4.1049319],[120.207966,-4.1048878],[120.2078943,-4.1048515],[120.207424,-4.104664],[120.2072913,-4.1046055],[120.2071955,-4.1045428],[120.2071539,-4.1044992],[120.2071223,-4.1044511],[120.2071029,-4.1043962],[120.2071006,-4.1043412],[120.2071157,-4.1042537],[120.2071344,-4.1041842],[120.2071848,-4.1040304],[120.2073106,-4.1036654],[120.2073403,-4.103514],[120.2073517,-4.1033729],[120.2073463,-4.1032398],[120.2073163,-4.103117],[120.2072585,-4.1028626],[120.2072479,-4.1027862],[120.2072478,-4.1027181],[120.2072587,-4.1026485],[120.2072846,-4.1025576],[120.2073238,-4.1024688],[120.2074746,-4.1021474],[120.2075713,-4.1019261],[120.2076527,-4.1017397],[120.2078117,-4.1013095],[120.2079466,-4.100882],[120.2081166,-4.1001312],[120.2081631,-4.100004],[120.2082199,-4.0998934],[120.2085116,-4.0993683],[120.2085493,-4.0992736],[120.2085641,-4.0991786],[120.2085734,-4.0990622],[120.2085681,-4.0989713],[120.2085385,-4.0987804],[120.2084891,-4.0986009],[120.2081884,-4.0978693],[120.2080987,-4.0975707],[120.2079147,-4.0970346],[120.2078698,-4.096864],[120.2078563,-4.0967339],[120.2078573,-4.0964417],[120.2078653,-4.096332],[120.2078841,-4.096221],[120.207927,-4.0959923],[120.2079257,-4.0958652],[120.2079012,-4.0957555],[120.2078077,-4.0956017],[120.2076768,-4.0954189],[120.2075781,-4.0952619],[120.2075332,-4.0951452],[120.2074973,-4.0948086],[120.2074778,-4.0947215],[120.2074435,-4.0946381],[120.2071383,-4.0941803],[120.2069408,-4.0938078],[120.2066671,-4.093359],[120.2064471,-4.0930449],[120.2061916,-4.0926882],[120.2060937,-4.0925116],[120.206024,-4.0923484],[120.2058545,-4.0918355],[120.205835,-4.0915953],[120.2057169,-4.0912127],[120.2056298,-4.090988],[120.2055338,-4.0907629],[120.2054522,-4.090608],[120.2051617,-4.09012],[120.2050706,-4.089922],[120.2050035,-4.0897481],[120.2049284,-4.0895555],[120.2048821,-4.0894557],[120.2048318,-4.0893682],[120.2047668,-4.0892885],[120.204703,-4.0892291],[120.204532,-4.0890679],[120.2043678,-4.0889],[120.2042497,-4.0887555],[120.2041417,-4.0886057],[120.2040929,-4.0885139],[120.2040653,-4.0884211],[120.2040466,-4.088336],[120.2040411,-4.0882553],[120.2040505,-4.0880145],[120.2040862,-4.0878257],[120.2041351,-4.0876426],[120.2041833,-4.0874968],[120.2042348,-4.0873715],[120.2043282,-4.0872471],[120.2045649,-4.0869845],[120.2047485,-4.0867807],[120.2049371,-4.0866079],[120.2051014,-4.0864506],[120.2052451,-4.0862896],[120.2053361,-4.086175],[120.2054152,-4.086064],[120.205505,-4.0859155],[120.2055815,-4.0857653],[120.2056673,-4.0855325],[120.2057317,-4.0852837],[120.2057644,-4.0851258],[120.2058524,-4.084639],[120.2059221,-4.0842474],[120.2059677,-4.0839433],[120.2060522,-4.083628],[120.2060911,-4.0834377],[120.2061072,-4.083319],[120.2061032,-4.0831906],[120.2060696,-4.0830675],[120.2059932,-4.0829431],[120.2059194,-4.0828598],[120.2058638,-4.0828241],[120.2058282,-4.0828013],[120.205733,-4.0827621],[120.2056552,-4.0827331],[120.2055734,-4.0827246],[120.2051617,-4.0827246],[120.2046803,-4.0826916],[120.204467,-4.0826568],[120.2041344,-4.0826033],[120.2038997,-4.0825364],[120.2036865,-4.0824495],[120.2034464,-4.0823224],[120.2028912,-4.0819996],[120.2023575,-4.0816683],[120.2021979,-4.0815586],[120.2020872,-4.0814683],[120.2020148,-4.08139],[120.2019347,-4.0812596],[120.2018686,-4.0810857],[120.2018452,-4.0809941],[120.2018264,-4.0808697],[120.2018207,-4.08075],[120.2018103,-4.0805339],[120.2017953,-4.0804061],[120.2017644,-4.0802577],[120.2016813,-4.0798978],[120.2015498,-4.0794122],[120.2015381,-4.079326],[120.2015338,-4.0792169],[120.2015391,-4.0791086],[120.2015649,-4.0789942],[120.2016035,-4.0789039],[120.2016987,-4.0787528],[120.2018382,-4.0785374],[120.2020568,-4.0782551],[120.2022244,-4.0780504],[120.2023116,-4.0779234],[120.2024082,-4.0777628],[120.2024379,-4.0776779],[120.2024565,-4.0775796],[120.2024581,-4.0774719],[120.2024363,-4.0773669],[120.2023304,-4.0770966],[120.2022083,-4.0768452],[120.2021319,-4.0766512],[120.2021094,-4.0765689],[120.202101,-4.0764827],[120.2021051,-4.0762285],[120.2021279,-4.0757965],[120.2021743,-4.0753143],[120.2021965,-4.0751804],[120.2022441,-4.0749572],[120.2022924,-4.0747337],[120.2023152,-4.0745064],[120.2023078,-4.0740193],[120.2023159,-4.0738895],[120.2023374,-4.0737397],[120.2024399,-4.073273],[120.2024688,-4.0731096],[120.2024902,-4.072933],[120.2025077,-4.0727083],[120.202519,-4.0722336],[120.2025338,-4.0717332],[120.202531,-4.0712156],[120.2025264,-4.0710482],[120.202511,-4.0708851],[120.2024554,-4.0705532],[120.202442,-4.0704315],[120.202446,-4.0703164],[120.2024594,-4.0701385],[120.2024688,-4.069867],[120.2024527,-4.069677],[120.2024232,-4.0694804],[120.2023669,-4.0692436],[120.2022462,-4.0689185],[120.2021469,-4.0686336],[120.2021295,-4.06854],[120.2021228,-4.0683727],[120.2021197,-4.0679223],[120.2021241,-4.0677039],[120.2021416,-4.0675527],[120.2021831,-4.067348],[120.2022743,-4.0669507],[120.2022851,-4.0668156],[120.2022864,-4.0666591],[120.2022555,-4.0664865],[120.2022274,-4.0663688],[120.2020281,-4.0658399],[120.2020048,-4.0657254],[120.2019927,-4.0656197],[120.2019779,-4.0653695],[120.2019659,-4.0649615],[120.2019753,-4.0646378],[120.2019458,-4.0640893],[120.201923,-4.0636987],[120.2019095,-4.063375],[120.2019176,-4.0632318],[120.2019417,-4.0630807],[120.2019739,-4.0629242],[120.2019746,-4.0628686],[120.2019591,-4.0628027],[120.2019471,-4.0627857],[120.2019223,-4.0627583],[120.2018693,-4.0627182],[120.2017361,-4.0626549],[120.2008729,-4.0623757],[120.200543,-4.0622535],[120.2001937,-4.0620932],[120.1999375,-4.0619339],[120.1996618,-4.0617175],[120.1995122,-4.0616047],[120.1993433,-4.0615073],[120.1987503,-4.0612253],[120.1984517,-4.0611238],[120.198133,-4.0610514],[120.1978077,-4.0609917],[120.1971593,-4.0608855],[120.1970427,-4.0608507],[120.1969421,-4.0608132],[120.1962045,-4.0604627],[120.1959175,-4.0603102],[120.1957592,-4.0602447],[120.1956063,-4.0602059],[120.1953489,-4.0601617],[120.1949358,-4.060131],[120.1945174,-4.0600962],[120.1942465,-4.0600761],[120.1939139,-4.0600226],[120.1936792,-4.0599584],[120.193305,-4.0599169],[120.1929992,-4.0599277],[120.1927198,-4.059963],[120.1924869,-4.060032],[120.1922888,-4.0601272],[120.1920155,-4.060284],[120.1915759,-4.0604889],[120.1910421,-4.0607256],[120.1905636,-4.0609332],[120.1902984,-4.0610079],[120.1899938,-4.0610649],[120.1896426,-4.0611138],[120.1891813,-4.0611864],[120.1887189,-4.0612648],[120.1882922,-4.0612974],[120.1877759,-4.0612981],[120.187176,-4.0613111],[120.1865204,-4.0613218],[120.1863558,-4.061355],[120.1862984,-4.0613831],[120.186244,-4.0614253],[120.1860828,-4.0615899],[120.1858584,-4.0618654],[120.1854373,-4.0623398],[120.1849938,-4.0628117],[120.1847313,-4.0631188],[120.1845597,-4.0632987],[120.1844858,-4.0633233],[120.1844201,-4.0633272],[120.1843451,-4.063292],[120.1840678,-4.0630888],[120.1834169,-4.0625646],[120.1829094,-4.0621626],[120.1821725,-4.0616058],[120.1819955,-4.0614433],[120.1818547,-4.0612935],[120.1817192,-4.0610955],[120.1816803,-4.0609925],[120.1816267,-4.0608119],[120.1815824,-4.0605564],[120.1815663,-4.0602614],[120.1815783,-4.0600601],[120.1815824,-4.0599918],[120.1816085,-4.0592662],[120.18163,-4.0587324],[120.1816472,-4.0582232],[120.1817011,-4.0576715],[120.1817071,-4.0574916],[120.1816991,-4.0573438],[120.1816876,-4.0571931],[120.1816642,-4.0570923],[120.181633,-4.0570097],[120.1814806,-4.0567222],[120.1811559,-4.0562194],[120.1808495,-4.0557157],[120.1806209,-4.0553579],[120.1805162,-4.0552148],[120.1804237,-4.0551225],[120.1803071,-4.0550342],[120.18013,-4.0549271],[120.1792127,-4.0543493],[120.1785421,-4.0538998],[120.1780379,-4.0535573],[120.1775157,-4.0532282],[120.1770133,-4.0529419],[120.1766163,-4.0526851],[120.1762649,-4.052463],[120.1759592,-4.0522891],[120.1757124,-4.0521781],[120.1754536,-4.0520884],[120.1751612,-4.0519961],[120.1748246,-4.0519145],[120.174433,-4.051837],[120.1734138,-4.0516684],[120.1730517,-4.0515828],[120.1727835,-4.0515012],[120.1724964,-4.0514062],[120.1722872,-4.0513273],[120.1720391,-4.0511948],[120.1717441,-4.0510009],[120.1715429,-4.0508256],[120.1714182,-4.0506918],[120.171264,-4.0505072],[120.1711714,-4.0503761],[120.1708254,-4.0498129],[120.1705304,-4.0492551],[120.1704191,-4.0490344],[120.1701857,-4.048617],[120.1699524,-4.0481768],[120.169829,-4.0479227],[120.1697807,-4.0477702],[120.1697391,-4.0475856],[120.1696627,-4.0469876],[120.1696144,-4.0467535],[120.1694937,-4.0462946],[120.1693341,-4.0457194],[120.1692201,-4.0453676],[120.1690659,-4.0449676],[120.1689506,-4.044688],[120.1687802,-4.0443319],[120.1687306,-4.044205],[120.1686823,-4.0439803],[120.1686221,-4.0436683],[120.1685582,-4.0433537],[120.1684691,-4.0429944],[120.1683457,-4.0426786],[120.1682957,-4.0425362],[120.1682668,-4.0424338],[120.1682599,-4.0423502],[120.1682715,-4.0422447],[120.1683229,-4.0421302],[120.1683904,-4.0420492],[120.1687371,-4.0417776],[120.1691131,-4.0415816],[120.1692335,-4.0415014],[120.1693609,-4.0414078],[120.169487,-4.0412446],[120.1696638,-4.0408759],[120.1697767,-4.0406212],[120.1698652,-4.0403389],[120.1700342,-4.0397369],[120.1701415,-4.0394412],[120.1702521,-4.0391455],[120.1702977,-4.0390336],[120.1704482,-4.0386097],[120.1706162,-4.0381356],[120.1707476,-4.0378038],[120.1710735,-4.0371701],[120.1711594,-4.0370038],[120.1712251,-4.0367791],[120.171285,-4.0364817],[120.1713498,-4.0361597],[120.1714329,-4.0357891],[120.1715293,-4.0353402],[120.1716743,-4.0348647],[120.1718527,-4.0342788],[120.1719466,-4.0340741],[120.1720458,-4.0339135],[120.1721907,-4.0337396],[120.1724052,-4.0335457],[120.1733983,-4.032858],[120.1741015,-4.0323526],[120.1743093,-4.0321656],[120.1744558,-4.0319918],[120.174551,-4.0318587],[120.1746824,-4.0315758],[120.1747361,-4.0314386],[120.1749587,-4.0307965],[120.1751599,-4.0303243],[120.1754174,-4.0296928],[120.1755944,-4.0293236],[120.1756348,-4.0292249],[120.1757285,-4.0289958],[120.1757341,-4.0289756],[120.1757862,-4.0287871],[120.1758505,-4.0281584],[120.1759028,-4.0275724],[120.1759431,-4.0270601],[120.1760222,-4.0261892],[120.1760529,-4.0259831],[120.1760906,-4.0256915],[120.1761496,-4.0253276],[120.1762703,-4.0247711],[120.1763506,-4.0242734],[120.1763776,-4.0241062],[120.1764629,-4.0236761],[120.1765291,-4.0233423],[120.1765891,-4.0230112],[120.176676,-4.0226388],[120.1767571,-4.022359],[120.1769891,-4.0217717],[120.1771688,-4.0213771]]}},{"type":"Feature","properties":{"segmentId":"osm-gaul2-18188-6807658388-2125210616-0","regionId":"gaul2-18188","province":"Sulawesi Selatan","region":"Wajo","roadName":"Unnamed OSM road","highway":"secondary","lengthMeters":17.19,"osmWayIds":["726104209"],"u":"6807658388","v":"2125210616","key":0,"oneway":false,"source":"OpenStreetMap"},"geometry":{"type":"LineString","coordinates":[[120.2089237,-4.1225553],[120.2088606,-4.1226965]]}},{"type":"Feature","properties":{"segmentId":"osm-gaul2-18188-6807658388-2125210617-0","regionId":"gaul2-18188","province":"Sulawesi Selatan","region":"Wajo","roadName":"Unnamed OSM road","highway":"tertiary","lengthMeters":25.867,"osmWayIds":["726104211"],"u":"6807658388","v":"2125210617","key":0,"oneway":true,"source":"OpenStreetMap"},"geometry":{"type":"LineString","coordinates":[[120.2089237,-4.1225553],[120.2090873,-4.1227211]]}},{"type":"Feature","properties":{"segmentId":"osm-gaul2-18188-6847726325-5581739788-0","regionId":"gaul2-18188","province":"Sulawesi Selatan","region":"Wajo","roadName":"Unnamed OSM road","highway":"secondary","lengthMeters":1323.09,"osmWayIds":["220839925","549545302","562364902"],"u":"6847726325","v":"5581739788","key":0,"oneway":false,"source":"OpenStreetMap"},"geometry":{"type":"LineString","coordinates":[[120.001867,-4.2184767],[120.0019066,-4.2184513],[120.0020552,-4.2183396],[120.0021265,-4.2182906],[120.0024055,-4.2180982],[120.0026791,-4.2179043],[120.0027703,-4.2178441],[120.0028849,-4.2177751],[120.0034488,-4.2174295],[120.0035052,-4.217384],[120.0035547,-4.2173368],[120.0043181,-4.2166465],[120.0047024,-4.216287],[120.0049251,-4.2160788],[120.0055625,-4.2154378],[120.0059769,-4.2149793],[120.0063611,-4.2144991],[120.0064342,-4.2143995],[120.0065267,-4.214259],[120.0066957,-4.214035],[120.0068814,-4.21378],[120.0070315,-4.2135739],[120.0073595,-4.2131268],[120.0074829,-4.2129356],[120.0075863,-4.212752],[120.0077411,-4.2124954],[120.0080492,-4.2119904],[120.008318,-4.211488],[120.0085739,-4.2110394],[120.00892,-4.2104169],[120.0092398,-4.2098487],[120.0094496,-4.2095096]]}},{"type":"Feature","properties":{"segmentId":"osm-gaul2-18188-6847726325-6847726321-0","regionId":"gaul2-18188","province":"Sulawesi Selatan","region":"Wajo","roadName":"Unnamed OSM road","highway":"secondary_link","lengthMeters":23.226,"osmWayIds":["731093195"],"u":"6847726325","v":"6847726321","key":0,"oneway":true,"source":"OpenStreetMap"},"geometry":{"type":"LineString","coordinates":[[120.001867,-4.2184767],[120.0018503,-4.2184286],[120.0018342,-4.2183818],[120.0018074,-4.2183564],[120.0017459,-4.2183194]]}},{"type":"Feature","properties":{"segmentId":"osm-gaul2-18188-6847726325-6847743830-0","regionId":"gaul2-18188","province":"Sulawesi Selatan","region":"Wajo","roadName":"Unnamed OSM road","highway":"secondary","lengthMeters":13173.511,"osmWayIds":["220839925","751499840","751499841"],"u":"6847726325","v":"6847743830","key":0,"oneway":false,"source":"OpenStreetMap"},"geometry":{"type":"LineString","coordinates":[[120.001867,-4.2184767],[120.0018214,-4.2185022],[120.0017729,-4.2185251],[120.0016424,-4.218561],[120.0014587,-4.2185971],[120.0010738,-4.2186627],[120.0001276,-4.2188619],[119.9994382,-4.2189904],[119.9987263,-4.2191283],[119.9980221,-4.2192899],[119.9973295,-4.2194271],[119.9969472,-4.2195106],[119.9967889,-4.2195561],[119.9966219,-4.2196123],[119.9963638,-4.2196965],[119.9960488,-4.2198135],[119.9950857,-4.220174],[119.9946452,-4.2203278],[119.9941007,-4.2205204],[119.9933738,-4.2207905],[119.9916754,-4.2214093],[119.9904582,-4.2218364],[119.9903208,-4.2218953],[119.9902007,-4.2219568],[119.9899949,-4.2220638],[119.9898524,-4.2221512],[119.9888645,-4.2227542],[119.9878798,-4.2233664],[119.9874944,-4.2235979],[119.9871439,-4.2238098],[119.9864322,-4.2242332],[119.9857174,-4.2246638],[119.9850839,-4.2250657],[119.9849114,-4.2251694],[119.9846385,-4.2253286],[119.9845488,-4.2253932],[119.9844575,-4.2254931],[119.9843897,-4.225592],[119.9841635,-4.2259385],[119.9838868,-4.2263664],[119.9837782,-4.2265377],[119.9834912,-4.2270149],[119.9831539,-4.2274311],[119.9828441,-4.2277788],[119.9821768,-4.2284668],[119.9818748,-4.2287755],[119.9806015,-4.2300476],[119.9803872,-4.2302584],[119.9801525,-4.2304768],[119.9799366,-4.230657],[119.9796858,-4.2308539],[119.9793975,-4.2310703],[119.9790792,-4.231293],[119.97764,-4.2322106],[119.977343,-4.2324077],[119.9771163,-4.2325502],[119.9768756,-4.2327173],[119.9764779,-4.2329962],[119.9761876,-4.2331968],[119.9759187,-4.2333847],[119.9754748,-4.233695],[119.9751294,-4.2339384],[119.9748297,-4.2341451],[119.9746802,-4.2342601],[119.9745769,-4.2343437],[119.9744636,-4.2344386],[119.9743201,-4.2345623],[119.974068,-4.2347884],[119.9739338,-4.2349061],[119.9736837,-4.2351247],[119.9735241,-4.2352638],[119.9732801,-4.2354778],[119.9731889,-4.2355594],[119.9730185,-4.2356958],[119.9726048,-4.2360128],[119.9724217,-4.2361532],[119.9722239,-4.2363037],[119.9720161,-4.2364575],[119.9719007,-4.2365411],[119.9717619,-4.2366394],[119.9716613,-4.2367069],[119.9715775,-4.2367544],[119.9714441,-4.236826],[119.971377,-4.2368607],[119.9713286,-4.2368833],[119.9708567,-4.2370995],[119.970345,-4.2373502],[119.9700044,-4.2375121],[119.9693921,-4.2378017],[119.9690522,-4.2379668],[119.9685775,-4.2381948],[119.9684951,-4.2382352],[119.9681832,-4.2383881],[119.9678922,-4.2385272],[119.9676125,-4.2386549],[119.967457,-4.2387325],[119.9672833,-4.2388154],[119.9670331,-4.2389495],[119.9669299,-4.2390033],[119.9667978,-4.2390702],[119.9665169,-4.2392006],[119.966319,-4.2392995],[119.9661112,-4.2393858],[119.9659328,-4.2394674],[119.9656572,-4.2396125],[119.9652784,-4.2398031],[119.9650101,-4.2399342],[119.9647694,-4.2400425],[119.9644757,-4.2401756],[119.964241,-4.2402772],[119.9639084,-4.2404136],[119.9636583,-4.2405026],[119.9636033,-4.240522],[119.9635389,-4.2405418],[119.9634665,-4.2405628],[119.9633599,-4.2405882],[119.9631822,-4.240631],[119.962739,-4.2407346],[119.9621408,-4.2408784],[119.9615206,-4.2410208],[119.9609486,-4.2411539],[119.9602599,-4.2413157],[119.9596813,-4.2414562],[119.9592554,-4.2415665],[119.9590831,-4.2416153],[119.9587794,-4.2417123],[119.9587318,-4.2417384],[119.9586815,-4.2417838],[119.9586473,-4.2418273],[119.9586171,-4.2418942],[119.9585679,-4.2420364],[119.958522,-4.2421608],[119.9584997,-4.2422332],[119.9584736,-4.2423476],[119.9584481,-4.242474],[119.9584139,-4.2427622],[119.9583925,-4.2430002],[119.9583616,-4.2433319],[119.9583308,-4.2436643],[119.95831,-4.2439605],[119.9582979,-4.2442046],[119.9582637,-4.2446312],[119.9582362,-4.2449208],[119.9582067,-4.2452912],[119.9581886,-4.2454303],[119.9581511,-4.2457399],[119.958139,-4.2458423],[119.9581182,-4.2460248],[119.9581068,-4.2461338],[119.9580961,-4.2462261],[119.9580773,-4.2463351],[119.9580599,-4.2464314],[119.9580397,-4.2465203],[119.9579512,-4.2468674],[119.9578909,-4.2471797],[119.9578667,-4.2472934],[119.9578325,-4.2474605],[119.9577648,-4.2477113],[119.9577253,-4.2478497],[119.9576931,-4.2479327],[119.957673,-4.2479968],[119.9576515,-4.248051],[119.9576119,-4.2481453],[119.9575603,-4.248249],[119.9573764,-4.2485384],[119.9573578,-4.2485599],[119.957221,-4.2487371],[119.9569937,-4.2490247],[119.9569327,-4.2491009],[119.9567221,-4.2493717],[119.9564921,-4.2496639],[119.956411,-4.2497663],[119.9563104,-4.2498933],[119.9561267,-4.2500959],[119.9558504,-4.2504082],[119.9558035,-4.2504557],[119.9557104,-4.2505452],[119.955672,-4.2505694],[119.9556351,-4.2505841],[119.9555024,-4.2506342],[119.9553334,-4.2506891],[119.955269,-4.2507138],[119.9551765,-4.2507546],[119.9550893,-4.2508001],[119.9549894,-4.2508536],[119.9549156,-4.2508984],[119.9548694,-4.2509352],[119.9547815,-4.2510014],[119.9547265,-4.2510555],[119.9546807,-4.2511118],[119.9546461,-4.2511518],[119.9546226,-4.2511832],[119.9545938,-4.2512361],[119.9545703,-4.2512882],[119.9545254,-4.2513872],[119.9544845,-4.2514815],[119.9544496,-4.2515624],[119.9544107,-4.2517008],[119.9544033,-4.2517543],[119.9544007,-4.2518272],[119.9544147,-4.2519101],[119.9544322,-4.2519877],[119.954457,-4.25207],[119.9545059,-4.2522017],[119.9545726,-4.2523874],[119.9545911,-4.2524337],[119.9546528,-4.2525701],[119.9547178,-4.2526898],[119.9548016,-4.2528363],[119.9548573,-4.2529393],[119.9548841,-4.2529861],[119.9549123,-4.2530423],[119.9549512,-4.2531225],[119.954978,-4.2531994],[119.9550384,-4.2533632],[119.9551047,-4.2535658],[119.9552067,-4.2538982],[119.9552925,-4.2542011],[119.9553396,-4.254396],[119.9553595,-4.2544786],[119.9554554,-4.2548431],[119.9555802,-4.2552537],[119.9556385,-4.2554529],[119.9557706,-4.2558715],[119.9558819,-4.2562266],[119.9559416,-4.2564098],[119.956069,-4.256781],[119.9561783,-4.2571013],[119.9562702,-4.257352],[119.9563821,-4.2576396],[119.9564747,-4.2578957],[119.9565323,-4.2580589],[119.9565659,-4.2581719],[119.9566021,-4.2583029],[119.9566202,-4.2583718],[119.956645,-4.2584688],[119.9566713,-4.2586219],[119.9566866,-4.2587129],[119.9566993,-4.2588165],[119.956706,-4.2589148],[119.9567047,-4.2590405],[119.956698,-4.2591729],[119.9566758,-4.2594337],[119.9566396,-4.2598142],[119.9566262,-4.2600362],[119.9566054,-4.2603264],[119.9565785,-4.2606033],[119.9565376,-4.2608541],[119.9565055,-4.2610587],[119.9564445,-4.2614552],[119.9564103,-4.2616946],[119.9563372,-4.2621908],[119.9562708,-4.2626341],[119.9562279,-4.2629364],[119.9562011,-4.2631256],[119.9561676,-4.2633737],[119.95613,-4.2636238],[119.9560965,-4.263811],[119.9560596,-4.2639949],[119.9560422,-4.2640765],[119.9560335,-4.2641561],[119.9560214,-4.2642978],[119.9560127,-4.2644884],[119.9560133,-4.2647078],[119.9560214,-4.2649063],[119.9560261,-4.265],[119.9560422,-4.2651678],[119.956063,-4.2653524],[119.9560898,-4.2655556],[119.9561173,-4.2657081],[119.9561414,-4.2658117],[119.9561756,-4.2659341],[119.9562239,-4.2660852],[119.9562977,-4.2663173],[119.9564002,-4.2666503],[119.9564888,-4.2669519],[119.956535,-4.267105],[119.9565893,-4.2672621],[119.9566738,-4.2674842],[119.956755,-4.2676948],[119.9567979,-4.2678078],[119.9568463,-4.2679259],[119.9568716,-4.2679837],[119.9569005,-4.2680365],[119.9569655,-4.2681462],[119.9571788,-4.2685313],[119.9572713,-4.2687012],[119.957457,-4.2690422],[119.9576327,-4.2693638],[119.9578051,-4.2696855],[119.9578661,-4.2698119],[119.9579434,-4.2699725],[119.9579868,-4.2700733],[119.9581792,-4.2705254],[119.9582537,-4.2706905],[119.9583904,-4.2709787],[119.9584071,-4.2710129],[119.9584148,-4.2710286],[119.9584414,-4.2710831],[119.9585259,-4.2712462],[119.9585916,-4.2713612],[119.9586459,-4.2714375],[119.9586875,-4.271495],[119.9587344,-4.2715451],[119.9587928,-4.2716033],[119.9588699,-4.2716742],[119.9589409,-4.2717309],[119.9590674,-4.2718269],[119.959126,-4.2718714],[119.9593513,-4.2720306],[119.9594466,-4.2720921],[119.9595585,-4.2721683],[119.9597235,-4.2722713],[119.9597906,-4.2723134],[119.9598455,-4.2723409],[119.9600098,-4.2724264],[119.9602821,-4.272561],[119.9603297,-4.2725909],[119.9603726,-4.272621],[119.9604477,-4.2726819],[119.9605161,-4.2727401],[119.9606035,-4.2728191],[119.9607152,-4.2729246],[119.960792,-4.2729915],[119.9608514,-4.273049],[119.9608836,-4.2730803],[119.9610244,-4.2731841],[119.9610928,-4.2732282],[119.9611826,-4.273281],[119.9612792,-4.2733292],[119.9613929,-4.2733782],[119.9614629,-4.2734061],[119.9615789,-4.2734475],[119.9616601,-4.2734723],[119.9617687,-4.273499],[119.9619658,-4.2735472],[119.962222,-4.2736114],[119.9624044,-4.2736508],[119.9625009,-4.2736762],[119.962631,-4.273715],[119.9629133,-4.27381],[119.963093,-4.2738822],[119.9632573,-4.273947],[119.9636811,-4.2741162],[119.9641391,-4.2743068],[119.9644938,-4.2744539],[119.9647768,-4.2745843],[119.9649686,-4.2746706],[119.9652033,-4.2747796],[119.9653689,-4.2748605],[119.9655084,-4.274936],[119.9656753,-4.2750243],[119.9658188,-4.2751059],[119.9659398,-4.2751771],[119.9660052,-4.2752229],[119.9660911,-4.2752851],[119.9661823,-4.2753627],[119.9662788,-4.2754416],[119.9664056,-4.2755539],[119.9664968,-4.2756455],[119.9665859,-4.2757418],[119.9666972,-4.2758695],[119.9667643,-4.2759417],[119.9668843,-4.2760628],[119.9671338,-4.2763409],[119.9672471,-4.2764653],[119.9673671,-4.2765977],[119.9676065,-4.2768511],[119.9677104,-4.2769662],[119.9678861,-4.2771487],[119.9680793,-4.2773446],[119.9682174,-4.2774891],[119.9683367,-4.2776068],[119.9685705,-4.2778424],[119.9687149,-4.2779859],[119.9689125,-4.278192],[119.9690549,-4.2783443],[119.9692145,-4.2785135],[119.9695478,-4.2788706],[119.9698381,-4.2791808],[119.9701754,-4.2795332],[119.9703705,-4.2797465],[119.9704611,-4.2798515],[119.9705462,-4.2799558],[119.9706803,-4.280125],[119.9709204,-4.280454],[119.9710129,-4.2805851],[119.9711276,-4.2807375],[119.971316,-4.2809876],[119.9715574,-4.2813233],[119.9717358,-4.2815968],[119.9718162,-4.2817205],[119.9718799,-4.2818081],[119.9719269,-4.2818703],[119.9719933,-4.2819492],[119.9720818,-4.2820441],[119.9722175,-4.2821808],[119.9722964,-4.2822581],[119.9725834,-4.2824908],[119.9729676,-4.2828098],[119.9733887,-4.2831595],[119.9736167,-4.2833474],[119.9739365,-4.2836175],[119.9741947,-4.2838302],[119.9743999,-4.283988],[119.9745447,-4.2840983],[119.9746533,-4.2841906],[119.97476,-4.2842835],[119.9749792,-4.2845062],[119.9751724,-4.2847035],[119.9754117,-4.2849368],[119.9755841,-4.285102],[119.9757414,-4.285254],[119.9759499,-4.2854554],[119.9762174,-4.2857349],[119.9768474,-4.2863745],[119.9772806,-4.2868305],[119.9775562,-4.2871114],[119.97821,-4.2877901],[119.9787283,-4.2882996],[119.9789831,-4.288545],[119.9796,-4.289086],[119.9806612,-4.2899926],[119.9813153,-4.290527],[119.9819935,-4.2910425],[119.9825183,-4.2914163],[119.9829774,-4.2917393],[119.9831137,-4.2918456],[119.9832356,-4.2919627],[119.9832956,-4.2920406],[119.9833953,-4.2921799],[119.9834625,-4.2922991],[119.9835046,-4.2923852],[119.9835375,-4.2924915],[119.9835701,-4.2926097],[119.9836109,-4.2928589],[119.9836582,-4.2932605],[119.9837239,-4.293758],[119.983852,-4.2946664],[119.9838674,-4.2948279],[119.9838681,-4.2950496],[119.9838406,-4.2954387],[119.9838218,-4.2957332]]}},{"type":"Feature","properties":{"segmentId":"osm-gaul2-18188-6847743830-6847726325-0","regionId":"gaul2-18188","province":"Sulawesi Selatan","region":"Wajo","roadName":"Unnamed OSM road","highway":"secondary","lengthMeters":13173.511,"osmWayIds":["220839925","751499840","751499841"],"u":"6847743830","v":"6847726325","key":0,"oneway":false,"source":"OpenStreetMap"},"geometry":{"type":"LineString","coordinates":[[119.9838218,-4.2957332],[119.9838406,-4.2954387],[119.9838681,-4.2950496],[119.9838674,-4.2948279],[119.983852,-4.2946664],[119.9837239,-4.293758],[119.9836582,-4.2932605],[119.9836109,-4.2928589],[119.9835701,-4.2926097],[119.9835375,-4.2924915],[119.9835046,-4.2923852],[119.9834625,-4.2922991],[119.9833953,-4.2921799],[119.9832956,-4.2920406],[119.9832356,-4.2919627],[119.9831137,-4.2918456],[119.9829774,-4.2917393],[119.9825183,-4.2914163],[119.9819935,-4.2910425],[119.9813153,-4.290527],[119.9806612,-4.2899926],[119.9796,-4.289086],[119.9789831,-4.288545],[119.9787283,-4.2882996],[119.97821,-4.2877901],[119.9775562,-4.2871114],[119.9772806,-4.2868305],[119.9768474,-4.2863745],[119.9762174,-4.2857349],[119.9759499,-4.2854554],[119.9757414,-4.285254],[119.9755841,-4.285102],[119.9754117,-4.2849368],[119.9751724,-4.2847035],[119.9749792,-4.2845062],[119.97476,-4.2842835],[119.9746533,-4.2841906],[119.9745447,-4.2840983],[119.9743999,-4.283988],[119.9741947,-4.2838302],[119.9739365,-4.2836175],[119.9736167,-4.2833474],[119.9733887,-4.2831595],[119.9729676,-4.2828098],[119.9725834,-4.2824908],[119.9722964,-4.2822581],[119.9722175,-4.2821808],[119.9720818,-4.2820441],[119.9719933,-4.2819492],[119.9719269,-4.2818703],[119.9718799,-4.2818081],[119.9718162,-4.2817205],[119.9717358,-4.2815968],[119.9715574,-4.2813233],[119.971316,-4.2809876],[119.9711276,-4.2807375],[119.9710129,-4.2805851],[119.9709204,-4.280454],[119.9706803,-4.280125],[119.9705462,-4.2799558],[119.9704611,-4.2798515],[119.9703705,-4.2797465],[119.9701754,-4.2795332],[119.9698381,-4.2791808],[119.9695478,-4.2788706],[119.9692145,-4.2785135],[119.9690549,-4.2783443],[119.9689125,-4.278192],[119.9687149,-4.2779859],[119.9685705,-4.2778424],[119.9683367,-4.2776068],[119.9682174,-4.2774891],[119.9680793,-4.2773446],[119.9678861,-4.2771487],[119.9677104,-4.2769662],[119.9676065,-4.2768511],[119.9673671,-4.2765977],[119.9672471,-4.2764653],[119.9671338,-4.2763409],[119.9668843,-4.2760628],[119.9667643,-4.2759417],[119.9666972,-4.2758695],[119.9665859,-4.2757418],[119.9664968,-4.2756455],[119.9664056,-4.2755539],[119.9662788,-4.2754416],[119.9661823,-4.2753627],[119.9660911,-4.2752851],[119.9660052,-4.2752229],[119.9659398,-4.2751771],[119.9658188,-4.2751059],[119.9656753,-4.2750243],[119.9655084,-4.274936],[119.9653689,-4.2748605],[119.9652033,-4.2747796],[119.9649686,-4.2746706],[119.9647768,-4.2745843],[119.9644938,-4.2744539],[119.9641391,-4.2743068],[119.9636811,-4.2741162],[119.9632573,-4.273947],[119.963093,-4.2738822],[119.9629133,-4.27381],[119.962631,-4.273715],[119.9625009,-4.2736762],[119.9624044,-4.2736508],[119.962222,-4.2736114],[119.9619658,-4.2735472],[119.9617687,-4.273499],[119.9616601,-4.2734723],[119.9615789,-4.2734475],[119.9614629,-4.2734061],[119.9613929,-4.2733782],[119.9612792,-4.2733292],[119.9611826,-4.273281],[119.9610928,-4.2732282],[119.9610244,-4.2731841],[119.9608836,-4.2730803],[119.9608514,-4.273049],[119.960792,-4.2729915],[119.9607152,-4.2729246],[119.9606035,-4.2728191],[119.9605161,-4.2727401],[119.9604477,-4.2726819],[119.9603726,-4.272621],[119.9603297,-4.2725909],[119.9602821,-4.272561],[119.9600098,-4.2724264],[119.9598455,-4.2723409],[119.9597906,-4.2723134],[119.9597235,-4.2722713],[119.9595585,-4.2721683],[119.9594466,-4.2720921],[119.9593513,-4.2720306],[119.959126,-4.2718714],[119.9590674,-4.2718269],[119.9589409,-4.2717309],[119.9588699,-4.2716742],[119.9587928,-4.2716033],[119.9587344,-4.2715451],[119.9586875,-4.271495],[119.9586459,-4.2714375],[119.9585916,-4.2713612],[119.9585259,-4.2712462],[119.9584414,-4.2710831],[119.9584148,-4.2710286],[119.9584071,-4.2710129],[119.9583904,-4.2709787],[119.9582537,-4.2706905],[119.9581792,-4.2705254],[119.9579868,-4.2700733],[119.9579434,-4.2699725],[119.9578661,-4.2698119],[119.9578051,-4.2696855],[119.9576327,-4.2693638],[119.957457,-4.2690422],[119.9572713,-4.2687012],[119.9571788,-4.2685313],[119.9569655,-4.2681462],[119.9569005,-4.2680365],[119.9568716,-4.2679837],[119.9568463,-4.2679259],[119.9567979,-4.2678078],[119.956755,-4.2676948],[119.9566738,-4.2674842],[119.9565893,-4.2672621],[119.956535,-4.267105],[119.9564888,-4.2669519],[119.9564002,-4.2666503],[119.9562977,-4.2663173],[119.9562239,-4.2660852],[119.9561756,-4.2659341],[119.9561414,-4.2658117],[119.9561173,-4.2657081],[119.9560898,-4.2655556],[119.956063,-4.2653524],[119.9560422,-4.2651678],[119.9560261,-4.265],[119.9560214,-4.2649063],[119.9560133,-4.2647078],[119.9560127,-4.2644884],[119.9560214,-4.2642978],[119.9560335,-4.2641561],[119.9560422,-4.2640765],[119.9560596,-4.2639949],[119.9560965,-4.263811],[119.95613,-4.2636238],[119.9561676,-4.2633737],[119.9562011,-4.2631256],[119.9562279,-4.2629364],[119.9562708,-4.2626341],[119.9563372,-4.2621908],[119.9564103,-4.2616946],[119.9564445,-4.2614552],[119.9565055,-4.2610587],[119.9565376,-4.2608541],[119.9565785,-4.2606033],[119.9566054,-4.2603264],[119.9566262,-4.2600362],[119.9566396,-4.2598142],[119.9566758,-4.2594337],[119.956698,-4.2591729],[119.9567047,-4.2590405],[119.956706,-4.2589148],[119.9566993,-4.2588165],[119.9566866,-4.2587129],[119.9566713,-4.2586219],[119.956645,-4.2584688],[119.9566202,-4.2583718],[119.9566021,-4.2583029],[119.9565659,-4.2581719],[119.9565323,-4.2580589],[119.9564747,-4.2578957],[119.9563821,-4.2576396],[119.9562702,-4.257352],[119.9561783,-4.2571013],[119.956069,-4.256781],[119.9559416,-4.2564098],[119.9558819,-4.2562266],[119.9557706,-4.2558715],[119.9556385,-4.2554529],[119.9555802,-4.2552537],[119.9554554,-4.2548431],[119.9553595,-4.2544786],[119.9553396,-4.254396],[119.9552925,-4.2542011],[119.9552067,-4.2538982],[119.9551047,-4.2535658],[119.9550384,-4.2533632],[119.954978,-4.2531994],[119.9549512,-4.2531225],[119.9549123,-4.2530423],[119.9548841,-4.2529861],[119.9548573,-4.2529393],[119.9548016,-4.2528363],[119.9547178,-4.2526898],[119.9546528,-4.2525701],[119.9545911,-4.2524337],[119.9545726,-4.2523874],[119.9545059,-4.2522017],[119.954457,-4.25207],[119.9544322,-4.2519877],[119.9544147,-4.2519101],[119.9544007,-4.2518272],[119.9544033,-4.2517543],[119.9544107,-4.2517008],[119.9544496,-4.2515624],[119.9544845,-4.2514815],[119.9545254,-4.2513872],[119.9545703,-4.2512882],[119.9545938,-4.2512361],[119.9546226,-4.2511832],[119.9546461,-4.2511518],[119.9546807,-4.2511118],[119.9547265,-4.2510555],[119.9547815,-4.2510014],[119.9548694,-4.2509352],[119.9549156,-4.2508984],[119.9549894,-4.2508536],[119.9550893,-4.2508001],[119.9551765,-4.2507546],[119.955269,-4.2507138],[119.9553334,-4.2506891],[119.9555024,-4.2506342],[119.9556351,-4.2505841],[119.955672,-4.2505694],[119.9557104,-4.2505452],[119.9558035,-4.2504557],[119.9558504,-4.2504082],[119.9561267,-4.2500959],[119.9563104,-4.2498933],[119.956411,-4.2497663],[119.9564921,-4.2496639],[119.9567221,-4.2493717],[119.9569327,-4.2491009],[119.9569937,-4.2490247],[119.957221,-4.2487371],[119.9573578,-4.2485599],[119.9573764,-4.2485384],[119.9575603,-4.248249],[119.9576119,-4.2481453],[119.9576515,-4.248051],[119.957673,-4.2479968],[119.9576931,-4.2479327],[119.9577253,-4.2478497],[119.9577648,-4.2477113],[119.9578325,-4.2474605],[119.9578667,-4.2472934],[119.9578909,-4.2471797],[119.9579512,-4.2468674],[119.9580397,-4.2465203],[119.9580599,-4.2464314],[119.9580773,-4.2463351],[119.9580961,-4.2462261],[119.9581068,-4.2461338],[119.9581182,-4.2460248],[119.958139,-4.2458423],[119.9581511,-4.2457399],[119.9581886,-4.2454303],[119.9582067,-4.2452912],[119.9582362,-4.2449208],[119.9582637,-4.2446312],[119.9582979,-4.2442046],[119.95831,-4.2439605],[119.9583308,-4.2436643],[119.9583616,-4.2433319],[119.9583925,-4.2430002],[119.9584139,-4.2427622],[119.9584481,-4.242474],[119.9584736,-4.2423476],[119.9584997,-4.2422332],[119.958522,-4.2421608],[119.9585679,-4.2420364],[119.9586171,-4.2418942],[119.9586473,-4.2418273],[119.9586815,-4.2417838],[119.9587318,-4.2417384],[119.9587794,-4.2417123],[119.9590831,-4.2416153],[119.9592554,-4.2415665],[119.9596813,-4.2414562],[119.9602599,-4.2413157],[119.9609486,-4.2411539],[119.9615206,-4.2410208],[119.9621408,-4.2408784],[119.962739,-4.2407346],[119.9631822,-4.240631],[119.9633599,-4.2405882],[119.9634665,-4.2405628],[119.9635389,-4.2405418],[119.9636033,-4.240522],[119.9636583,-4.2405026],[119.9639084,-4.2404136],[119.964241,-4.2402772],[119.9644757,-4.2401756],[119.9647694,-4.2400425],[119.9650101,-4.2399342],[119.9652784,-4.2398031],[119.9656572,-4.2396125],[119.9659328,-4.2394674],[119.9661112,-4.2393858],[119.966319,-4.2392995],[119.9665169,-4.2392006],[119.9667978,-4.2390702],[119.9669299,-4.2390033],[119.9670331,-4.2389495],[119.9672833,-4.2388154],[119.967457,-4.2387325],[119.9676125,-4.2386549],[119.9678922,-4.2385272],[119.9681832,-4.2383881],[119.9684951,-4.2382352],[119.9685775,-4.2381948],[119.9690522,-4.2379668],[119.9693921,-4.2378017],[119.9700044,-4.2375121],[119.970345,-4.2373502],[119.9708567,-4.2370995],[119.9713286,-4.2368833],[119.971377,-4.2368607],[119.9714441,-4.236826],[119.9715775,-4.2367544],[119.9716613,-4.2367069],[119.9717619,-4.2366394],[119.9719007,-4.2365411],[119.9720161,-4.2364575],[119.9722239,-4.2363037],[119.9724217,-4.2361532],[119.9726048,-4.2360128],[119.9730185,-4.2356958],[119.9731889,-4.2355594],[119.9732801,-4.2354778],[119.9735241,-4.2352638],[119.9736837,-4.2351247],[119.9739338,-4.2349061],[119.974068,-4.2347884],[119.9743201,-4.2345623],[119.9744636,-4.2344386],[119.9745769,-4.2343437],[119.9746802,-4.2342601],[119.9748297,-4.2341451],[119.9751294,-4.2339384],[119.9754748,-4.233695],[119.9759187,-4.2333847],[119.9761876,-4.2331968],[119.9764779,-4.2329962],[119.9768756,-4.2327173],[119.9771163,-4.2325502],[119.977343,-4.2324077],[119.97764,-4.2322106],[119.9790792,-4.231293],[119.9793975,-4.2310703],[119.9796858,-4.2308539],[119.9799366,-4.230657],[119.9801525,-4.2304768],[119.9803872,-4.2302584],[119.9806015,-4.2300476],[119.9818748,-4.2287755],[119.9821768,-4.2284668],[119.9828441,-4.2277788],[119.9831539,-4.2274311],[119.9834912,-4.2270149],[119.9837782,-4.2265377],[119.9838868,-4.2263664],[119.9841635,-4.2259385],[119.9843897,-4.225592],[119.9844575,-4.2254931],[119.9845488,-4.2253932],[119.9846385,-4.2253286],[119.9849114,-4.2251694],[119.9850839,-4.2250657],[119.9857174,-4.2246638],[119.9864322,-4.2242332],[119.9871439,-4.2238098],[119.9874944,-4.2235979],[119.9878798,-4.2233664],[119.9888645,-4.2227542],[119.9898524,-4.2221512],[119.9899949,-4.2220638],[119.9902007,-4.2219568],[119.9903208,-4.2218953],[119.9904582,-4.2218364],[119.9916754,-4.2214093],[119.9933738,-4.2207905],[119.9941007,-4.2205204],[119.9946452,-4.2203278],[119.9950857,-4.220174],[119.9960488,-4.2198135],[119.9963638,-4.2196965],[119.9966219,-4.2196123],[119.9967889,-4.2195561],[119.9969472,-4.2195106],[119.9973295,-4.2194271],[119.9980221,-4.2192899],[119.9987263,-4.2191283],[119.9994382,-4.2189904],[120.0001276,-4.2188619],[120.0010738,-4.2186627],[120.0014587,-4.2185971],[120.0016424,-4.218561],[120.0017729,-4.2185251],[120.0018214,-4.2185022],[120.001867,-4.2184767]]}},{"type":"Feature","properties":{"segmentId":"osm-gaul2-18188-6944098825-2117270173-0","regionId":"gaul2-18188","province":"Sulawesi Selatan","region":"Wajo","roadName":"Jalan Poros Impa-impa - Anabanua","highway":"primary","lengthMeters":4598.1,"osmWayIds":["218214357","586445430","586445435"],"u":"6944098825","v":"2117270173","key":0,"oneway":false,"source":"OpenStreetMap"},"geometry":{"type":"LineString","coordinates":[[120.0246859,-4.0931257],[120.0246897,-4.0928651],[120.0246993,-4.0926079],[120.0247061,-4.0924274],[120.0247141,-4.0922668],[120.0247215,-4.0918976],[120.0247248,-4.0916936],[120.0247208,-4.0915652],[120.0247121,-4.0914214],[120.0246873,-4.0912328],[120.0246477,-4.0910422],[120.0245921,-4.0908475],[120.0245552,-4.0907205],[120.0245123,-4.0905807],[120.0244707,-4.0904523],[120.024407,-4.0902583],[120.0243594,-4.0900978],[120.0242602,-4.08977],[120.0241609,-4.089459],[120.0240824,-4.0891761],[120.0239919,-4.0888637],[120.0238853,-4.0885159],[120.0237981,-4.088237],[120.023607,-4.0875916],[120.0235601,-4.0873642],[120.0234233,-4.0868846],[120.0234132,-4.0868452],[120.0232932,-4.0864091],[120.0231209,-4.0857937],[120.0230243,-4.0854386],[120.022964,-4.0851383],[120.0229264,-4.0849684],[120.0229043,-4.0848018],[120.02285,-4.0845437],[120.0227789,-4.0841618],[120.0227071,-4.0836722],[120.0226025,-4.0831304],[120.0225811,-4.0827277],[120.0224912,-4.0821325],[120.0224416,-4.0817766],[120.0223356,-4.0812496],[120.0222565,-4.0809339],[120.0221653,-4.0805526],[120.0221372,-4.0804001],[120.0221211,-4.080253],[120.0221131,-4.0800751],[120.0221238,-4.0799065],[120.0221707,-4.0794035],[120.0222324,-4.0787574],[120.0222646,-4.0784805],[120.0223249,-4.0779401],[120.0223611,-4.0777247],[120.0223826,-4.0775709],[120.022404,-4.0774438],[120.0224738,-4.0771696],[120.0225529,-4.0769074],[120.0227098,-4.0764178],[120.0228479,-4.0760793],[120.0229338,-4.0758827],[120.0230317,-4.0756981],[120.0232154,-4.075353],[120.0234997,-4.0747884],[120.0235842,-4.0745717],[120.0236432,-4.0743497],[120.0237089,-4.0740928],[120.0238169,-4.073535],[120.0239624,-4.0727444],[120.0241113,-4.0719645],[120.0242682,-4.0711191],[120.0243385,-4.0707752],[120.0243795,-4.0705265],[120.024405,-4.0703477],[120.0244804,-4.0699513],[120.0246428,-4.068967],[120.0248287,-4.0679119],[120.0249064,-4.0674264],[120.0250742,-4.066328],[120.0251707,-4.0657856],[120.025278,-4.0650993],[120.0253827,-4.0645161],[120.0254919,-4.0638713],[120.025565,-4.0635502],[120.0256482,-4.0631596],[120.0257635,-4.0625175],[120.0258011,-4.0623329],[120.0258936,-4.0618633],[120.0259177,-4.061755],[120.0260746,-4.0609657],[120.0261819,-4.0604868],[120.0262882,-4.0599078],[120.0263482,-4.0595825],[120.0264644,-4.0590796],[120.0265869,-4.0586728],[120.026646,-4.0584615],[120.0268647,-4.0578391],[120.0271556,-4.056998],[120.0272951,-4.0566211],[120.0274533,-4.0561472],[120.027633,-4.0555933],[120.0277215,-4.0553418],[120.0280059,-4.0544977],[120.0280702,-4.0543278],[120.0281386,-4.0541593],[120.0282298,-4.0539258],[120.0282526,-4.0538543],[120.0284028,-4.0533968],[120.0285638,-4.0529741]]}},{"type":"Feature","properties":{"segmentId":"osm-gaul2-18188-6944098825-6944486667-0","regionId":"gaul2-18188","province":"Sulawesi Selatan","region":"Wajo","roadName":"Jalan Poros Impa-impa - Anabanua","highway":"primary","lengthMeters":51.733,"osmWayIds":["741828276"],"u":"6944098825","v":"6944486667","key":0,"oneway":true,"source":"OpenStreetMap"},"geometry":{"type":"LineString","coordinates":[[120.0246859,-4.0931257],[120.024704,-4.0931832],[120.0247121,-4.0935881]]}},{"type":"Feature","properties":{"segmentId":"osm-gaul2-18188-6944486662-6944486669-0","regionId":"gaul2-18188","province":"Sulawesi Selatan","region":"Wajo","roadName":"Jalan Poros Batas Kota Sengkang - Impa-impa","highway":"trunk","lengthMeters":15.08,"osmWayIds":["741828278"],"u":"6944486662","v":"6944486669","key":0,"oneway":true,"source":"OpenStreetMap"},"geometry":{"type":"LineString","coordinates":[[120.0247105,-4.0936542],[120.0247048,-4.0937897]]}},{"type":"Feature","properties":{"segmentId":"osm-gaul2-18188-6944486662-6944486671-0","regionId":"gaul2-18188","province":"Sulawesi Selatan","region":"Wajo","roadName":"Jalan Poros Sengkang - Tarumpakkae","highway":"trunk","lengthMeters":5.856,"osmWayIds":["586445461"],"u":"6944486662","v":"6944486671","key":0,"oneway":true,"source":"OpenStreetMap"},"geometry":{"type":"LineString","coordinates":[[120.0247105,-4.0936542],[120.0246578,-4.0936574]]}},{"type":"Feature","properties":{"segmentId":"osm-gaul2-18188-6944486667-2119098519-0","regionId":"gaul2-18188","province":"Sulawesi Selatan","region":"Wajo","roadName":"Jalan Poros Sengkang - Tarumpakkae","highway":"trunk","lengthMeters":48.808,"osmWayIds":["741828280"],"u":"6944486667","v":"2119098519","key":0,"oneway":true,"source":"OpenStreetMap"},"geometry":{"type":"LineString","coordinates":[[120.0247121,-4.0935881],[120.0250547,-4.0935296],[120.0250883,-4.0935296],[120.0251464,-4.0935391]]}},{"type":"Feature","properties":{"segmentId":"osm-gaul2-18188-6944486667-6944486662-0","regionId":"gaul2-18188","province":"Sulawesi Selatan","region":"Wajo","roadName":"Jalan Poros Batas Kota Sengkang - Impa-impa","highway":"trunk","lengthMeters":7.352,"osmWayIds":["741828278"],"u":"6944486667","v":"6944486662","key":0,"oneway":true,"source":"OpenStreetMap"},"geometry":{"type":"LineString","coordinates":[[120.0247121,-4.0935881],[120.0247108,-4.0936297],[120.0247105,-4.0936542]]}},{"type":"Feature","properties":{"segmentId":"osm-gaul2-18188-6944486669-2769402640-0","regionId":"gaul2-18188","province":"Sulawesi Selatan","region":"Wajo","roadName":"Jalan Poros Batas Kota Sengkang - Impa-impa","highway":"trunk","lengthMeters":48.813,"osmWayIds":["741828278"],"u":"6944486669","v":"2769402640","key":0,"oneway":true,"source":"OpenStreetMap"},"geometry":{"type":"LineString","coordinates":[[120.0247048,-4.0937897],[120.0246947,-4.093871],[120.0246537,-4.0940734],[120.0246315,-4.0941661],[120.0246014,-4.0942125]]}},{"type":"Feature","properties":{"segmentId":"osm-gaul2-18188-6944486671-2119098518-0","regionId":"gaul2-18188","province":"Sulawesi Selatan","region":"Wajo","roadName":"Jalan Poros Batas Kota Sengkang - Impa-impa","highway":"trunk","lengthMeters":7.445,"osmWayIds":["741828279"],"u":"6944486671","v":"2119098518","key":0,"oneway":true,"source":"OpenStreetMap"},"geometry":{"type":"LineString","coordinates":[[120.0246578,-4.0936574],[120.0246605,-4.0935905]]}},{"type":"Feature","properties":{"segmentId":"osm-gaul2-18188-6944486672-6944486662-0","regionId":"gaul2-18188","province":"Sulawesi Selatan","region":"Wajo","roadName":"Jalan Poros Sengkang - Tarumpakkae","highway":"trunk","lengthMeters":31.448,"osmWayIds":["586445461"],"u":"6944486672","v":"6944486662","key":0,"oneway":true,"source":"OpenStreetMap"},"geometry":{"type":"LineString","coordinates":[[120.024986,-4.0935882],[120.0247854,-4.0936412],[120.0247105,-4.0936542]]}},{"type":"Feature","properties":{"segmentId":"osm-gaul2-18188-6944486672-6944486669-0","regionId":"gaul2-18188","province":"Sulawesi Selatan","region":"Wajo","roadName":"Unnamed OSM road","highway":"trunk_link","lengthMeters":38.424,"osmWayIds":["201900015"],"u":"6944486672","v":"6944486669","key":0,"oneway":true,"source":"OpenStreetMap"},"geometry":{"type":"LineString","coordinates":[[120.024986,-4.0935882],[120.0248536,-4.093676],[120.0247048,-4.0937897]]}},{"type":"Feature","properties":{"segmentId":"osm-gaul2-18188-7150464196-2117270543-0","regionId":"gaul2-18188","province":"Sulawesi Selatan","region":"Wajo","roadName":"Unnamed OSM road","highway":"tertiary_link","lengthMeters":3.898,"osmWayIds":["765608432"],"u":"7150464196","v":"2117270543","key":0,"oneway":false,"source":"OpenStreetMap"},"geometry":{"type":"LineString","coordinates":[[120.0352674,-4.108495],[120.0352354,-4.1085095]]}},{"type":"Feature","properties":{"segmentId":"osm-gaul2-18188-7150464196-5601355496-0","regionId":"gaul2-18188","province":"Sulawesi Selatan","region":"Wajo","roadName":"Unnamed OSM road","highway":"tertiary","lengthMeters":156.383,"osmWayIds":["586194080"],"u":"7150464196","v":"5601355496","key":0,"oneway":true,"source":"OpenStreetMap"},"geometry":{"type":"LineString","coordinates":[[120.0352674,-4.108495],[120.0352693,-4.1084995],[120.035459,-4.1089503],[120.0355734,-4.1092506],[120.0356304,-4.1094087],[120.0356863,-4.109599],[120.0357365,-4.1098184]]}},{"type":"Feature","properties":{"segmentId":"osm-gaul2-18188-7150471899-5601355490-0","regionId":"gaul2-18188","province":"Sulawesi Selatan","region":"Wajo","roadName":"Unnamed OSM road","highway":"tertiary_link","lengthMeters":7.296,"osmWayIds":["765609319"],"u":"7150471899","v":"5601355490","key":0,"oneway":false,"source":"OpenStreetMap"},"geometry":{"type":"LineString","coordinates":[[120.0344767,-4.1138822],[120.0345404,-4.1138986]]}},{"type":"Feature","properties":{"segmentId":"osm-gaul2-18188-7150471899-5601355493-0","regionId":"gaul2-18188","province":"Sulawesi Selatan","region":"Wajo","roadName":"Jalan Haji Andi Anru","highway":"tertiary","lengthMeters":125.795,"osmWayIds":["201710832"],"u":"7150471899","v":"5601355493","key":0,"oneway":true,"source":"OpenStreetMap"},"geometry":{"type":"LineString","coordinates":[[120.0344767,-4.1138822],[120.0344847,-4.1138407],[120.0345209,-4.1136521],[120.0345772,-4.1134381],[120.0346068,-4.1133324],[120.0346403,-4.1132562],[120.0346926,-4.1131558],[120.0347422,-4.1130689],[120.0347798,-4.1130007],[120.0348307,-4.1129204],[120.034887,-4.1128415]]}}]}