{"type":"FeatureCollection","metadata":{"source":"OpenStreetMap contributors","sourceUrl":"https://www.openstreetmap.org","license":"ODbL 1.0","retrievedAt":"2026-08-12","method":"OSMnx graph_from_polygon; full selected GAUL level-2 polygon; logistics road filter","highwayFilter":"[\"highway\"~\"motorway|motorway_link|trunk|trunk_link|primary|primary_link|secondary|secondary_link|tertiary|tertiary_link\"]","networkType":"drive","simplifyGraph":true,"retainAllComponents":true,"regionId":"gaul2-73705","province":"Nangroe Aceh Darussalam","region":"Kota Bandaaceh","graphNodes":496,"directedSegments":952,"roadCategories":{"primary":40,"primary_link":36,"secondary":151,"secondary_link":36,"tertiary":277,"tertiary_link":26,"trunk":281,"trunk_link":105},"runtimeExternalDependency":null,"processedContentSha256":"fcf8555ad5e1a9252730bfe73166d77b16b8b2459b3d7531b22a270ca7c1e5df","overpassEndpoint":"https://z.overpass-api.de/api"},"features":[{"type":"Feature","properties":{"segmentId":"osm-gaul2-73705-10279663395-10279663399-0","regionId":"gaul2-73705","province":"Nangroe Aceh Darussalam","region":"Kota Bandaaceh","roadName":"Unnamed OSM road","highway":"secondary_link","lengthMeters":25.988,"osmWayIds":["1124082803"],"u":"10279663395","v":"10279663399","key":0,"oneway":false,"source":"OpenStreetMap"},"geometry":{"type":"LineString","coordinates":[[95.3574823,5.5119548],[95.3574417,5.5119279],[95.3573974,5.5119119],[95.3573417,5.5119119],[95.3572598,5.5119265]]}},{"type":"Feature","properties":{"segmentId":"osm-gaul2-73705-10279663395-6134415254-0","regionId":"gaul2-73705","province":"Nangroe Aceh Darussalam","region":"Kota Bandaaceh","roadName":"Jalan Banda Aceh-Medan","highway":"trunk","lengthMeters":138.818,"osmWayIds":["301841263"],"u":"10279663395","v":"6134415254","key":0,"oneway":true,"source":"OpenStreetMap"},"geometry":{"type":"LineString","coordinates":[[95.3574823,5.5119548],[95.3576261,5.5126408],[95.3577393,5.5131041],[95.3577612,5.5131715]]}},{"type":"Feature","properties":{"segmentId":"osm-gaul2-73705-10279663399-10279663395-0","regionId":"gaul2-73705","province":"Nangroe Aceh Darussalam","region":"Kota Bandaaceh","roadName":"Unnamed OSM road","highway":"secondary_link","lengthMeters":25.988,"osmWayIds":["1124082803"],"u":"10279663399","v":"10279663395","key":0,"oneway":false,"source":"OpenStreetMap"},"geometry":{"type":"LineString","coordinates":[[95.3572598,5.5119265],[95.3573417,5.5119119],[95.3573974,5.5119119],[95.3574417,5.5119279],[95.3574823,5.5119548]]}},{"type":"Feature","properties":{"segmentId":"osm-gaul2-73705-10279663399-3060893232-0","regionId":"gaul2-73705","province":"Nangroe Aceh Darussalam","region":"Kota Bandaaceh","roadName":"Jalan Rel Kereta Api","highway":"secondary","lengthMeters":2426.456,"osmWayIds":["301927300"],"u":"10279663399","v":"3060893232","key":0,"oneway":false,"source":"OpenStreetMap"},"geometry":{"type":"LineString","coordinates":[[95.3572598,5.5119265],[95.3570613,5.5123088],[95.3568482,5.5127383],[95.3567303,5.5130092],[95.3564063,5.5137027],[95.3562706,5.5139925],[95.3560361,5.5144435],[95.3558299,5.5149049],[95.3557304,5.5151203],[95.3554702,5.515665],[95.3554112,5.5157798],[95.3553709,5.5159032],[95.3553656,5.5160267],[95.3553656,5.5161629],[95.3553857,5.5167456],[95.3554124,5.517573],[95.35543,5.5184055],[95.355434,5.5184898],[95.3554447,5.5190422],[95.35545,5.5194327],[95.3554903,5.5205814],[95.3555151,5.5221338],[95.3555171,5.522274],[95.3554999,5.5225638],[95.3554836,5.5227546],[95.3554566,5.5229056],[95.355211,5.523791],[95.3551213,5.524127],[95.3549673,5.5247168],[95.3548751,5.5250419],[95.3547728,5.525403],[95.3546038,5.5260223],[95.3544308,5.526635],[95.3542525,5.5272945],[95.3538833,5.5286188],[95.3537361,5.5291459],[95.353549,5.5298871],[95.3533861,5.5303847],[95.3531837,5.5312009],[95.3530857,5.5314579],[95.3530268,5.5316568],[95.3529494,5.5320056],[95.3528692,5.5323064],[95.352783,5.5326299],[95.3526576,5.532933]]}},{"type":"Feature","properties":{"segmentId":"osm-gaul2-73705-10279663399-3060899458-0","regionId":"gaul2-73705","province":"Nangroe Aceh Darussalam","region":"Kota Bandaaceh","roadName":"Jalan Rel Kereta Api","highway":"secondary","lengthMeters":43.256,"osmWayIds":["301927300"],"u":"10279663399","v":"3060899458","key":0,"oneway":false,"source":"OpenStreetMap"},"geometry":{"type":"LineString","coordinates":[[95.3572598,5.5119265],[95.3574079,5.5115665]]}},{"type":"Feature","properties":{"segmentId":"osm-gaul2-73705-10558528610-3149496214-0","regionId":"gaul2-73705","province":"Nangroe Aceh Darussalam","region":"Kota Bandaaceh","roadName":"Unnamed OSM road","highway":"secondary","lengthMeters":25.649,"osmWayIds":["1132346417"],"u":"10558528610","v":"3149496214","key":0,"oneway":true,"source":"OpenStreetMap"},"geometry":{"type":"LineString","coordinates":[[95.3190358,5.5565381],[95.3190271,5.5567686]]}},{"type":"Feature","properties":{"segmentId":"osm-gaul2-73705-10972386529-6604072750-0","regionId":"gaul2-73705","province":"Nangroe Aceh Darussalam","region":"Kota Bandaaceh","roadName":"Unnamed OSM road","highway":"tertiary_link","lengthMeters":24.629,"osmWayIds":["703424022"],"u":"10972386529","v":"6604072750","key":0,"oneway":true,"source":"OpenStreetMap"},"geometry":{"type":"LineString","coordinates":[[95.3321772,5.55374],[95.3320797,5.5539391]]}},{"type":"Feature","properties":{"segmentId":"osm-gaul2-73705-10972386529-6605827643-0","regionId":"gaul2-73705","province":"Nangroe Aceh Darussalam","region":"Kota Bandaaceh","roadName":"Unnamed OSM road","highway":"tertiary_link","lengthMeters":7.179,"osmWayIds":["1181519465"],"u":"10972386529","v":"6605827643","key":0,"oneway":false,"source":"OpenStreetMap"},"geometry":{"type":"LineString","coordinates":[[95.3321772,5.55374],[95.3321703,5.5536758]]}},{"type":"Feature","properties":{"segmentId":"osm-gaul2-73705-11285257715-3060906959-0","regionId":"gaul2-73705","province":"Nangroe Aceh Darussalam","region":"Kota Bandaaceh","roadName":"Unnamed OSM road","highway":"secondary","lengthMeters":16.935,"osmWayIds":["1217925342"],"u":"11285257715","v":"3060906959","key":0,"oneway":false,"source":"OpenStreetMap"},"geometry":{"type":"LineString","coordinates":[[95.3376615,5.5128685],[95.3377959,5.5129413]]}},{"type":"Feature","properties":{"segmentId":"osm-gaul2-73705-11285257715-3107886787-0","regionId":"gaul2-73705","province":"Nangroe Aceh Darussalam","region":"Kota Bandaaceh","roadName":"Jalan Soekarno-Hatta","highway":"trunk","lengthMeters":846.729,"osmWayIds":["43324105"],"u":"11285257715","v":"3107886787","key":0,"oneway":true,"source":"OpenStreetMap"},"geometry":{"type":"LineString","coordinates":[[95.3376615,5.5128685],[95.3374886,5.5129162],[95.3365379,5.5131643],[95.3364063,5.5131911],[95.3357344,5.51337],[95.3335456,5.5139216],[95.3332527,5.513974],[95.3328265,5.5140443],[95.3316507,5.5142166],[95.3301808,5.514406]]}},{"type":"Feature","properties":{"segmentId":"osm-gaul2-73705-12088158459-2801677203-0","regionId":"gaul2-73705","province":"Nangroe Aceh Darussalam","region":"Kota Bandaaceh","roadName":"Jalan Teuku Umar","highway":"trunk","lengthMeters":132.914,"osmWayIds":["816404025"],"u":"12088158459","v":"2801677203","key":0,"oneway":true,"source":"OpenStreetMap"},"geometry":{"type":"LineString","coordinates":[[95.3168408,5.5472534],[95.3167309,5.5467848],[95.3166562,5.5466279],[95.3166098,5.5465493],[95.3165533,5.5465024],[95.3165131,5.5464797],[95.3164528,5.5464623],[95.3163575,5.5464557],[95.316265,5.5464663],[95.3161885,5.5464904]]}},{"type":"Feature","properties":{"segmentId":"osm-gaul2-73705-12088158459-7205528929-0","regionId":"gaul2-73705","province":"Nangroe Aceh Darussalam","region":"Kota Bandaaceh","roadName":"Unnamed OSM road","highway":"trunk_link","lengthMeters":26.356,"osmWayIds":["1305156889"],"u":"12088158459","v":"7205528929","key":0,"oneway":false,"source":"OpenStreetMap"},"geometry":{"type":"LineString","coordinates":[[95.3168408,5.5472534],[95.3166218,5.5473465]]}},{"type":"Feature","properties":{"segmentId":"osm-gaul2-73705-1274055442-3071608515-0","regionId":"gaul2-73705","province":"Nangroe Aceh Darussalam","region":"Kota Bandaaceh","roadName":"Jalan Teuku Muhammad Hasan","highway":"trunk","lengthMeters":14.375,"osmWayIds":["1008254036"],"u":"1274055442","v":"3071608515","key":0,"oneway":true,"source":"OpenStreetMap"},"geometry":{"type":"LineString","coordinates":[[95.3300917,5.5144153],[95.3300961,5.5145445]]}},{"type":"Feature","properties":{"segmentId":"osm-gaul2-73705-1274055442-544500659-0","regionId":"gaul2-73705","province":"Nangroe Aceh Darussalam","region":"Kota Bandaaceh","roadName":"Jalan Soekarno-Hatta","highway":"trunk","lengthMeters":506.737,"osmWayIds":["43324105"],"u":"1274055442","v":"544500659","key":0,"oneway":true,"source":"OpenStreetMap"},"geometry":{"type":"LineString","coordinates":[[95.3300917,5.5144153],[95.3292293,5.5145331],[95.3285944,5.5146306],[95.3272366,5.5148343],[95.3265895,5.5149234],[95.3255655,5.515099]]}},{"type":"Feature","properties":{"segmentId":"osm-gaul2-73705-1274055540-3059938485-0","regionId":"gaul2-73705","province":"Nangroe Aceh Darussalam","region":"Kota Bandaaceh","roadName":"Unnamed OSM road","highway":"trunk","lengthMeters":12.371,"osmWayIds":["828683165"],"u":"1274055540","v":"3059938485","key":0,"oneway":true,"source":"OpenStreetMap"},"geometry":{"type":"LineString","coordinates":[[95.330332,5.5508723],[95.3302203,5.5508681]]}},{"type":"Feature","properties":{"segmentId":"osm-gaul2-73705-1274055540-3107886761-0","regionId":"gaul2-73705","province":"Nangroe Aceh Darussalam","region":"Kota Bandaaceh","roadName":"Jalan Teuku Muhammad Hasan","highway":"trunk","lengthMeters":499.975,"osmWayIds":["111972657"],"u":"1274055540","v":"3107886761","key":0,"oneway":true,"source":"OpenStreetMap"},"geometry":{"type":"LineString","coordinates":[[95.330332,5.5508723],[95.3302722,5.5507102],[95.3302588,5.5505861],[95.3302542,5.5504168],[95.3302547,5.5483703],[95.3302582,5.5473448],[95.3302534,5.5463873]]}},{"type":"Feature","properties":{"segmentId":"osm-gaul2-73705-1299322339-3060069744-0","regionId":"gaul2-73705","province":"Nangroe Aceh Darussalam","region":"Kota Bandaaceh","roadName":"Jalan Teungku Chik Dipineng Raya","highway":"tertiary","lengthMeters":1132.483,"osmWayIds":["301826617"],"u":"1299322339","v":"3060069744","key":0,"oneway":false,"source":"OpenStreetMap"},"geometry":{"type":"LineString","coordinates":[[95.3532482,5.5663019],[95.3525315,5.5661933],[95.3522287,5.5661429],[95.3520416,5.5661212],[95.3519914,5.5661305],[95.3519649,5.5661425],[95.351935,5.5661619],[95.3519032,5.5662114],[95.3518741,5.5662862],[95.3518526,5.5663187],[95.3518302,5.5663371],[95.3517996,5.5663454],[95.3517711,5.5663467],[95.3517191,5.5663461],[95.3516311,5.5663222],[95.3514284,5.5662774],[95.3513079,5.566237],[95.3511713,5.5661948],[95.3509168,5.5661441],[95.3506359,5.5660945],[95.350262,5.5660251],[95.3501618,5.5660042],[95.3498283,5.5659374],[95.3496612,5.565905],[95.3495281,5.56587],[95.3493146,5.5658323],[95.3491727,5.5658142],[95.3490271,5.5658077],[95.3487767,5.5658058],[95.3485556,5.5658246],[95.3483744,5.5658482],[95.348247,5.5658702],[95.3481819,5.5658763],[95.3479533,5.5658702],[95.3478433,5.5658709],[95.3477005,5.5658676],[95.3475885,5.5658602],[95.3474752,5.5658429],[95.3472217,5.5657935],[95.3470893,5.5657861],[95.3470474,5.5657942],[95.3469574,5.5658151],[95.3468375,5.5658218],[95.3467624,5.5658189],[95.34669,5.5658102],[95.346564,5.5657871],[95.3464802,5.5657673],[95.3462997,5.5657174],[95.3461351,5.5656586],[95.3459564,5.5656],[95.3458955,5.5655885],[95.3457981,5.5655799],[95.3456526,5.5655767],[95.3454977,5.5655733],[95.3453529,5.5655679],[95.3450263,5.5655426],[95.3449021,5.5655333],[95.3448627,5.5655305],[95.3447494,5.5655205],[95.3446542,5.5655032],[95.3445603,5.5654812],[95.3444101,5.5654331],[95.3443189,5.5653977],[95.3442203,5.5653517],[95.3440983,5.5652803],[95.3439729,5.5652009],[95.3438987,5.5651636],[95.3437898,5.5651261],[95.3436783,5.5650985],[95.3433536,5.5650063]]}},{"type":"Feature","properties":{"segmentId":"osm-gaul2-73705-1299322339-3092195791-0","regionId":"gaul2-73705","province":"Nangroe Aceh Darussalam","region":"Kota Bandaaceh","roadName":"Jalan Prada","highway":"tertiary","lengthMeters":1287.663,"osmWayIds":["114780534","824407851","947747731"],"u":"1299322339","v":"3092195791","key":0,"oneway":false,"source":"OpenStreetMap"},"geometry":{"type":"LineString","coordinates":[[95.3532482,5.5663019],[95.3531914,5.5668249],[95.353179,5.5668855],[95.3531642,5.5669254],[95.3531354,5.5669821],[95.3530655,5.5670946],[95.3529441,5.5672598],[95.3527523,5.5675804],[95.352635,5.5677765],[95.3524772,5.5680441],[95.3524296,5.5681569],[95.3523397,5.5683762],[95.3522415,5.5686192],[95.3522169,5.5686791],[95.3521338,5.568939],[95.3520854,5.5690878],[95.3520181,5.5693112],[95.3519861,5.5694229],[95.35187,5.5698307],[95.3518506,5.5698962],[95.3517293,5.5703035],[95.3516661,5.5704818],[95.351594,5.5706762],[95.3515473,5.5709857],[95.3514997,5.5710371],[95.3514434,5.5710627],[95.3508841,5.571085],[95.3502005,5.5711111],[95.3497681,5.5711245],[95.3495844,5.5711389],[95.3494454,5.5711572],[95.3492823,5.5712069],[95.3490334,5.571357],[95.3488019,5.5715366],[95.3484583,5.5718463],[95.348282,5.5720209],[95.3482453,5.5720609],[95.3481317,5.572183],[95.3480411,5.5723098],[95.3479175,5.5726881],[95.3478267,5.5728927],[95.3477222,5.5730987],[95.3475201,5.5735055],[95.3474652,5.5736724],[95.3474336,5.5738111],[95.3474148,5.5739597],[95.3473841,5.5739773],[95.3469727,5.5741662],[95.3466783,5.5743128]]}},{"type":"Feature","properties":{"segmentId":"osm-gaul2-73705-1299322339-6133228917-0","regionId":"gaul2-73705","province":"Nangroe Aceh Darussalam","region":"Kota Bandaaceh","roadName":"Jalan Kebun Raja","highway":"tertiary","lengthMeters":1826.363,"osmWayIds":["114780528"],"u":"1299322339","v":"6133228917","key":0,"oneway":false,"source":"OpenStreetMap"},"geometry":{"type":"LineString","coordinates":[[95.3532482,5.5663019],[95.3532702,5.5660192],[95.3532772,5.5657542],[95.3532915,5.5655993],[95.353292,5.5654632],[95.3532875,5.5652286],[95.3532774,5.5651177],[95.353243,5.5647722],[95.3532264,5.5646823],[95.3531809,5.5643899],[95.3531242,5.5640938],[95.3531072,5.5640356],[95.3530739,5.5639478],[95.3529318,5.5635897],[95.352836,5.5633532],[95.352741,5.5631306],[95.3526774,5.5630107],[95.352627,5.5629024],[95.3524819,5.5625374],[95.3524229,5.5623181],[95.3523695,5.5620841],[95.3522986,5.5618461],[95.3522528,5.5616672],[95.3522529,5.5615716],[95.3522582,5.5615062],[95.3523128,5.5612307],[95.3526472,5.5598451],[95.352681,5.5596984],[95.3527461,5.5593835],[95.3528089,5.5589998],[95.3529006,5.5586677],[95.3529861,5.5582656],[95.3529955,5.5582062],[95.353015,5.558044],[95.3530274,5.5578235],[95.3530743,5.5571727],[95.3531139,5.556775],[95.3531414,5.5565314],[95.3531776,5.5562764],[95.3532071,5.5561469],[95.3532413,5.5560348],[95.3532681,5.5559587],[95.3533828,5.5557345],[95.3534518,5.555609],[95.3534751,5.5555645],[95.3536161,5.555296],[95.3536778,5.5551559],[95.3537361,5.5549717],[95.3537878,5.5547848],[95.3538551,5.5544984],[95.353887,5.554352],[95.3539118,5.5542675],[95.3539517,5.5541744],[95.3540023,5.5540994],[95.3540748,5.5540149],[95.354235,5.5538391],[95.3544592,5.5536032],[95.354891,5.5531825],[95.3554491,5.5526552],[95.3556713,5.5524348],[95.3559221,5.5522033],[95.3565213,5.551672],[95.3565512,5.5516426],[95.3565731,5.5516151],[95.3565868,5.5515907],[95.3565947,5.5515617],[95.3565974,5.5515237],[95.356596,5.5514855],[95.3565893,5.5514426],[95.3565722,5.5513974]]}},{"type":"Feature","properties":{"segmentId":"osm-gaul2-73705-1299322339-6133925866-0","regionId":"gaul2-73705","province":"Nangroe Aceh Darussalam","region":"Kota Bandaaceh","roadName":"Jalan Teungku Lamgugop","highway":"tertiary","lengthMeters":912.948,"osmWayIds":["43718553"],"u":"1299322339","v":"6133925866","key":0,"oneway":false,"source":"OpenStreetMap"},"geometry":{"type":"LineString","coordinates":[[95.3532482,5.5663019],[95.3535993,5.5663728],[95.3537064,5.5664318],[95.3538083,5.5664801],[95.3539712,5.5665358],[95.3541971,5.5665717],[95.3544315,5.5666158],[95.3544932,5.5666325],[95.3546175,5.5666599],[95.3550823,5.5667786],[95.3551359,5.5667899],[95.3552569,5.5668146],[95.3554393,5.5668627],[95.3555344,5.5669011],[95.3555748,5.5669227],[95.3557102,5.5670162],[95.3557505,5.5670575],[95.3557863,5.5671048],[95.3557961,5.5671276],[95.3558034,5.5671543],[95.3558064,5.5671869],[95.3556505,5.5680962],[95.3556532,5.568122],[95.355669,5.568172],[95.3558921,5.5682186],[95.3560839,5.5682716],[95.3561908,5.5683062],[95.3562043,5.5684404],[95.3562141,5.5687717],[95.3562155,5.5690604],[95.3562006,5.5691223],[95.3561592,5.5691948],[95.3560925,5.5692725],[95.356009,5.5693607],[95.355958,5.5694234],[95.3559119,5.5694917],[95.3558668,5.5695783],[95.3558432,5.5696502],[95.3558413,5.5697691],[95.3558547,5.5699533],[95.3558736,5.5700672],[95.3559024,5.5701823],[95.3559881,5.5704639],[95.3560431,5.5706585],[95.3561211,5.5709346],[95.3561854,5.571162],[95.3562356,5.5712707],[95.3563241,5.5714242],[95.3564405,5.5715751],[95.3565647,5.5717029],[95.3567202,5.5718522]]}},{"type":"Feature","properties":{"segmentId":"osm-gaul2-73705-13133830362-267398678-0","regionId":"gaul2-73705","province":"Nangroe Aceh Darussalam","region":"Kota Bandaaceh","roadName":"Jalan Prof. A. Majid Ibrahim I","highway":"trunk","lengthMeters":952.027,"osmWayIds":["1428679436","43175642","43175644","61094422"],"u":"13133830362","v":"267398678","key":0,"oneway":true,"source":"OpenStreetMap"},"geometry":{"type":"LineString","coordinates":[[95.312058,5.5490157],[95.3120945,5.549128],[95.3123169,5.5498111],[95.3123487,5.5499174],[95.3124615,5.5502939],[95.3124967,5.5504115],[95.31254,5.550556],[95.3126849,5.55104],[95.3127055,5.5511101],[95.3128463,5.5515898],[95.312888,5.5516978],[95.3143375,5.5514117],[95.3144206,5.5513927],[95.3157247,5.5511073],[95.3154742,5.5501586],[95.3153912,5.5497737],[95.3151825,5.5490633],[95.315031,5.5485473],[95.3149648,5.5483396]]}},{"type":"Feature","properties":{"segmentId":"osm-gaul2-73705-13133830380-2514023421-0","regionId":"gaul2-73705","province":"Nangroe Aceh Darussalam","region":"Kota Bandaaceh","roadName":"Unnamed OSM road","highway":"tertiary","lengthMeters":1188.406,"osmWayIds":["244045059"],"u":"13133830380","v":"2514023421","key":0,"oneway":false,"source":"OpenStreetMap"},"geometry":{"type":"LineString","coordinates":[[95.3103702,5.5491085],[95.3102924,5.5490471],[95.3101345,5.54894],[95.3101046,5.5489056],[95.3100564,5.5488135],[95.3099451,5.5485265],[95.3098944,5.5483853],[95.3098311,5.5481394],[95.3097962,5.5479005],[95.3097514,5.547513],[95.3097471,5.5474771],[95.3097399,5.5474173],[95.3096527,5.5470008],[95.3095944,5.5468223],[95.3094247,5.5464856],[95.3093711,5.5463681],[95.3092678,5.5461665],[95.3088789,5.545383],[95.3087135,5.5450791],[95.3086144,5.5448971],[95.3085969,5.5448723],[95.3085664,5.544829],[95.3084685,5.5447089],[95.308329,5.5444046],[95.3082687,5.5442991],[95.308216,5.54423],[95.3081118,5.5441042],[95.3078891,5.5438827],[95.307855,5.5438488],[95.3077464,5.5437192],[95.3076506,5.5435823],[95.3075347,5.5434034],[95.3075054,5.5433587],[95.3073621,5.5430804],[95.3072193,5.5428218],[95.3071923,5.5427805],[95.3070606,5.542579],[95.3069825,5.5424103],[95.3069141,5.5422475],[95.3069028,5.5422001],[95.3068873,5.5421567],[95.3068437,5.5420633],[95.3068002,5.5419858],[95.3067392,5.5419066],[95.3065909,5.5417109],[95.3064703,5.5415681],[95.3064227,5.5415166],[95.30633,5.5414399],[95.3062034,5.5413692],[95.306082,5.5413144],[95.3059459,5.541271],[95.3058252,5.541249],[95.3055985,5.541217],[95.3054268,5.5411885],[95.3052995,5.5411609],[95.3051385,5.5411142],[95.3050688,5.5410862],[95.3050091,5.5410528],[95.304924,5.5410041],[95.3048341,5.5409433],[95.3047476,5.5408953],[95.304653,5.5408673],[95.3045753,5.5408513]]}},{"type":"Feature","properties":{"segmentId":"osm-gaul2-73705-13133830380-3088066205-0","regionId":"gaul2-73705","province":"Nangroe Aceh Darussalam","region":"Kota Bandaaceh","roadName":"Unnamed OSM road","highway":"tertiary","lengthMeters":20.824,"osmWayIds":["1428679443"],"u":"13133830380","v":"3088066205","key":0,"oneway":true,"source":"OpenStreetMap"},"geometry":{"type":"LineString","coordinates":[[95.3103702,5.5491085],[95.3104064,5.5491719],[95.3104205,5.5492086],[95.3104372,5.5492818]]}},{"type":"Feature","properties":{"segmentId":"osm-gaul2-73705-13315645839-13315645840-0","regionId":"gaul2-73705","province":"Nangroe Aceh Darussalam","region":"Kota Bandaaceh","roadName":"Unnamed OSM road","highway":"trunk_link","lengthMeters":12.283,"osmWayIds":["1451860804"],"u":"13315645839","v":"13315645840","key":0,"oneway":false,"source":"OpenStreetMap"},"geometry":{"type":"LineString","coordinates":[[95.3088024,5.5390492],[95.30872,5.5391232]]}},{"type":"Feature","properties":{"segmentId":"osm-gaul2-73705-13315645839-540943201-0","regionId":"gaul2-73705","province":"Nangroe Aceh Darussalam","region":"Kota Bandaaceh","roadName":"Jalan Teuku Umar","highway":"trunk","lengthMeters":729.997,"osmWayIds":["244176938","244176939","275525077"],"u":"13315645839","v":"540943201","key":0,"oneway":true,"source":"OpenStreetMap"},"geometry":{"type":"LineString","coordinates":[[95.3088024,5.5390492],[95.3087026,5.5389493],[95.3086695,5.5389117],[95.3084218,5.538651],[95.3074229,5.5376402],[95.3069933,5.5371903],[95.3069684,5.5371653],[95.3068154,5.5370262],[95.3067646,5.5369756],[95.3065537,5.5367574],[95.3060663,5.5362678],[95.3057359,5.5359205],[95.3053095,5.5354737],[95.3048253,5.5349552],[95.3044048,5.5345185],[95.304295,5.5344453],[95.3041778,5.5343815]]}},{"type":"Feature","properties":{"segmentId":"osm-gaul2-73705-13315645840-13315645839-0","regionId":"gaul2-73705","province":"Nangroe Aceh Darussalam","region":"Kota Bandaaceh","roadName":"Unnamed OSM road","highway":"trunk_link","lengthMeters":12.283,"osmWayIds":["1451860804"],"u":"13315645840","v":"13315645839","key":0,"oneway":false,"source":"OpenStreetMap"},"geometry":{"type":"LineString","coordinates":[[95.30872,5.5391232],[95.3088024,5.5390492]]}},{"type":"Feature","properties":{"segmentId":"osm-gaul2-73705-13315645840-4967329296-0","regionId":"gaul2-73705","province":"Nangroe Aceh Darussalam","region":"Kota Bandaaceh","roadName":"Jalan Teuku Umar","highway":"trunk","lengthMeters":396.439,"osmWayIds":["275532866"],"u":"13315645840","v":"4967329296","key":0,"oneway":true,"source":"OpenStreetMap"},"geometry":{"type":"LineString","coordinates":[[95.30872,5.5391232],[95.3088881,5.5392975],[95.3092312,5.5396532],[95.3095098,5.5399404],[95.3104862,5.5409479],[95.3105659,5.5410368],[95.3107348,5.541212],[95.3112018,5.5416939]]}},{"type":"Feature","properties":{"segmentId":"osm-gaul2-73705-1512747940-3060906959-0","regionId":"gaul2-73705","province":"Nangroe Aceh Darussalam","region":"Kota Bandaaceh","roadName":"Jalan Ir. H. Mohammad Thaher","highway":"secondary","lengthMeters":2183.878,"osmWayIds":["301856762"],"u":"1512747940","v":"3060906959","key":0,"oneway":false,"source":"OpenStreetMap"},"geometry":{"type":"LineString","coordinates":[[95.3395692,5.532181],[95.3395736,5.5320796],[95.3395906,5.5315962],[95.3395987,5.5313656],[95.339623,5.5306227],[95.339641,5.5301739],[95.339645,5.5301466],[95.3396845,5.5288229],[95.3396876,5.528759],[95.3396868,5.5285614],[95.3397094,5.5281652],[95.3397277,5.5278417],[95.3397561,5.5271127],[95.3397897,5.5260982],[95.339809,5.5259008],[95.3398206,5.5254161],[95.339832,5.5252282],[95.3398417,5.5248503],[95.3398423,5.5246592],[95.3398479,5.5244482],[95.3398777,5.524115],[95.3398126,5.5236124],[95.3397942,5.5234813],[95.3397059,5.5229227],[95.33957,5.5217521],[95.3395549,5.5216518],[95.3394818,5.5211663],[95.3394198,5.5206741],[95.3393615,5.5202855],[95.3393184,5.5199986],[95.3393017,5.519878],[95.3392719,5.5196775],[95.3391905,5.519129],[95.3391031,5.5184538],[95.3390121,5.517831],[95.3388443,5.5166746],[95.3387861,5.5162736],[95.3386768,5.5155199],[95.3386164,5.5150062],[95.3384752,5.5140056],[95.3384635,5.5139356],[95.3383904,5.5134748],[95.3383711,5.5133996],[95.3383333,5.513328],[95.338195,5.5131863],[95.338068,5.5131139],[95.3379724,5.5130594],[95.3377959,5.5129413]]}},{"type":"Feature","properties":{"segmentId":"osm-gaul2-73705-1512747940-6133942183-0","regionId":"gaul2-73705","province":"Nangroe Aceh Darussalam","region":"Kota Bandaaceh","roadName":"Jalan Ir. H. Mohammad Thaher","highway":"secondary","lengthMeters":1029.494,"osmWayIds":["301856762"],"u":"1512747940","v":"6133942183","key":0,"oneway":false,"source":"OpenStreetMap"},"geometry":{"type":"LineString","coordinates":[[95.3395692,5.532181],[95.3395397,5.5328504],[95.339496,5.5338401],[95.3394747,5.5339295],[95.3394363,5.5341318],[95.3393374,5.5344147],[95.3391482,5.5348869],[95.3390989,5.5350392],[95.3390109,5.5352668],[95.3387462,5.5359376],[95.3386675,5.5361459],[95.3386321,5.5362158],[95.3385751,5.5363577],[95.3384164,5.5368145],[95.3383284,5.537145],[95.338316,5.5371918],[95.3381908,5.5376435],[95.3380539,5.5379577],[95.3378625,5.5383316],[95.3376676,5.5387509],[95.3374876,5.5392425],[95.3373856,5.5395955],[95.3371263,5.5405928],[95.3370046,5.5410021]]}},{"type":"Feature","properties":{"segmentId":"osm-gaul2-73705-1512747940-6349316475-0","regionId":"gaul2-73705","province":"Nangroe Aceh Darussalam","region":"Kota Bandaaceh","roadName":"Jalan Amd","highway":"tertiary","lengthMeters":912.335,"osmWayIds":["137962127"],"u":"1512747940","v":"6349316475","key":0,"oneway":false,"source":"OpenStreetMap"},"geometry":{"type":"LineString","coordinates":[[95.3395692,5.532181],[95.3385317,5.5322088],[95.337749,5.5322322],[95.3366589,5.5322549],[95.3360138,5.532274],[95.3352676,5.5322874],[95.3348192,5.5322867],[95.3346964,5.5322924],[95.334293,5.5322888],[95.3337795,5.532287],[95.333008,5.5323236],[95.3322227,5.5323528],[95.332123,5.532351],[95.3317595,5.5323536],[95.3314168,5.5323582],[95.331329,5.5323589]]}},{"type":"Feature","properties":{"segmentId":"osm-gaul2-73705-1512747948-3107886769-0","regionId":"gaul2-73705","province":"Nangroe Aceh Darussalam","region":"Kota Bandaaceh","roadName":"Jalan Amd","highway":"tertiary","lengthMeters":11.866,"osmWayIds":["678112595"],"u":"1512747948","v":"3107886769","key":0,"oneway":true,"source":"OpenStreetMap"},"geometry":{"type":"LineString","coordinates":[[95.3301968,5.5324196],[95.3303039,5.5324147]]}},{"type":"Feature","properties":{"segmentId":"osm-gaul2-73705-1512747948-3377380707-0","regionId":"gaul2-73705","province":"Nangroe Aceh Darussalam","region":"Kota Bandaaceh","roadName":"Jalan Teuku Muhammad Hasan","highway":"trunk","lengthMeters":46.513,"osmWayIds":["43175161"],"u":"1512747948","v":"3377380707","key":0,"oneway":true,"source":"OpenStreetMap"},"geometry":{"type":"LineString","coordinates":[[95.3301968,5.5324196],[95.3301968,5.5328379]]}},{"type":"Feature","properties":{"segmentId":"osm-gaul2-73705-1565007542-1565007543-0","regionId":"gaul2-73705","province":"Nangroe Aceh Darussalam","region":"Kota Bandaaceh","roadName":"Jalan T. Iskandar","highway":"tertiary","lengthMeters":327.736,"osmWayIds":["143064433","143064435","43326785"],"u":"1565007542","v":"1565007543","key":0,"oneway":false,"source":"OpenStreetMap"},"geometry":{"type":"LineString","coordinates":[[95.3731849,5.5355429],[95.3721817,5.5356055],[95.3713786,5.5356854],[95.3702317,5.5357535]]}},{"type":"Feature","properties":{"segmentId":"osm-gaul2-73705-1565007542-3088722087-0","regionId":"gaul2-73705","province":"Nangroe Aceh Darussalam","region":"Kota Bandaaceh","roadName":"Unnamed OSM road","highway":"tertiary","lengthMeters":2914.426,"osmWayIds":["304345523"],"u":"1565007542","v":"3088722087","key":0,"oneway":false,"source":"OpenStreetMap"},"geometry":{"type":"LineString","coordinates":[[95.3731849,5.5355429],[95.3735375,5.5355119],[95.37361,5.5354958],[95.373681,5.5354705],[95.3737427,5.5354358],[95.3740297,5.5352449],[95.374808,5.5346759],[95.3749772,5.5345468],[95.3754982,5.5341263],[95.3760977,5.5336911],[95.3761406,5.5336591],[95.3762016,5.533626],[95.3762467,5.5336075],[95.3764491,5.533555],[95.3770984,5.5334203],[95.3775359,5.5333181],[95.379605,5.5328138],[95.379825,5.5327516],[95.3799996,5.5327113],[95.3801626,5.5326593],[95.3802457,5.5326352],[95.3803316,5.5326032],[95.3805385,5.5325121],[95.3809378,5.5323362],[95.3811421,5.5322464],[95.3814807,5.5320707],[95.3815627,5.5320225],[95.3816646,5.5319558],[95.3817371,5.5318997],[95.3818765,5.5317429],[95.3819426,5.5316253],[95.3819952,5.5314813],[95.3820314,5.5313311],[95.3820616,5.531259],[95.3820975,5.5312138],[95.3821816,5.5311596],[95.3822795,5.5311322],[95.3823607,5.5311252],[95.382708,5.5311269],[95.3836089,5.5311118],[95.383909,5.5311182],[95.3844092,5.5311068],[95.3846419,5.5311042],[95.385344,5.5310895],[95.3854546,5.5310902],[95.3858261,5.5310928],[95.386278,5.5310721],[95.3867384,5.5310302],[95.3869794,5.5310187],[95.3873013,5.5309907],[95.3874528,5.5309693],[95.3877638,5.5309183],[95.3883326,5.5308744],[95.3885461,5.5308798],[95.3890792,5.5309049],[95.3893907,5.5309413],[95.3897175,5.5310284],[95.3900891,5.5312081],[95.3905207,5.531447],[95.3909778,5.5316988],[95.3910835,5.5317666],[95.3915473,5.5319866],[95.3921239,5.532292],[95.392471,5.5324705],[95.3926373,5.5325608],[95.3938796,5.5329765],[95.394276,5.5331421],[95.3944479,5.5332056],[95.3946015,5.5332624],[95.3952387,5.5334979],[95.3953661,5.5335859],[95.395497,5.5338043],[95.3957082,5.5343181],[95.3957315,5.5343746],[95.3957515,5.5344185],[95.3958852,5.5348125],[95.3962432,5.5355686]]}},{"type":"Feature","properties":{"segmentId":"osm-gaul2-73705-1565007542-3088722165-0","regionId":"gaul2-73705","province":"Nangroe Aceh Darussalam","region":"Kota Bandaaceh","roadName":"Unnamed OSM road","highway":"tertiary","lengthMeters":3183.027,"osmWayIds":["304345524","654631278"],"u":"1565007542","v":"3088722165","key":0,"oneway":false,"source":"OpenStreetMap"},"geometry":{"type":"LineString","coordinates":[[95.3731849,5.5355429],[95.3731512,5.5351299],[95.3729803,5.5338627],[95.3728941,5.5333535],[95.3728655,5.5332031],[95.3728179,5.5329969],[95.3725937,5.5321236],[95.3724298,5.5315166],[95.3723161,5.5311222],[95.37218,5.5308133],[95.3721275,5.5306841],[95.3719061,5.530096],[95.3715539,5.5293175],[95.3713455,5.5288776],[95.3709579,5.5281695],[95.3706696,5.5276682],[95.370622,5.5275761],[95.3704463,5.5272584],[95.3702947,5.5270041],[95.3699803,5.5264655],[95.3698911,5.5263073],[95.3698468,5.5262186],[95.3697804,5.5260988],[95.3691441,5.5250012],[95.3689,5.5245887],[95.3685794,5.5240228],[95.3685057,5.5239079],[95.3681007,5.5232618],[95.3679907,5.5230749],[95.3678754,5.5228907],[95.3676416,5.5225224],[95.3672327,5.521933],[95.366949,5.5215142],[95.3663564,5.5206308],[95.3658259,5.5198002],[95.3657871,5.5197409],[95.3656735,5.5195676],[95.36544,5.5192091],[95.365067,5.5186415],[95.3647353,5.5181458],[95.364244,5.5173952],[95.3637529,5.5166519],[95.3635353,5.516322],[95.363199,5.5158386],[95.3627227,5.5152064],[95.3624292,5.5148233],[95.3619895,5.5142535],[95.3616978,5.5139088],[95.3611166,5.5131583],[95.360942,5.5129302],[95.3607161,5.5126028],[95.3606687,5.5125259],[95.3606074,5.5124086],[95.3605457,5.5122296],[95.3605263,5.5121016],[95.3605143,5.5119283],[95.3605152,5.5118457],[95.3605379,5.5117009],[95.3605864,5.5114644],[95.3606306,5.5113601],[95.3606997,5.5112181],[95.3607447,5.5111423],[95.3607911,5.5110812],[95.3608225,5.5110462],[95.3608762,5.5110075],[95.3609191,5.5109901],[95.3609741,5.5109675],[95.361084,5.5109461],[95.3611955,5.5109313],[95.3612493,5.5109277],[95.3613417,5.5108605]]}},{"type":"Feature","properties":{"segmentId":"osm-gaul2-73705-1565007542-6347062870-0","regionId":"gaul2-73705","province":"Nangroe Aceh Darussalam","region":"Kota Bandaaceh","roadName":"Unnamed OSM road","highway":"tertiary","lengthMeters":2757.988,"osmWayIds":["143025555","143025560","304345524"],"u":"1565007542","v":"6347062870","key":0,"oneway":false,"source":"OpenStreetMap"},"geometry":{"type":"LineString","coordinates":[[95.3731849,5.5355429],[95.3732532,5.5368],[95.3732946,5.5383602],[95.3733531,5.5406674],[95.3733692,5.5413953],[95.3734286,5.5440832],[95.373438,5.5448329],[95.373451,5.5455839],[95.3734695,5.5461952],[95.3734933,5.547708],[95.3735323,5.5487482],[95.373541,5.5490482],[95.3735427,5.5498779],[95.373551,5.5505193],[95.3735688,5.5509181],[95.3735834,5.5512452],[95.3736039,5.5520163],[95.3735978,5.5524808],[95.3735949,5.552553],[95.3735751,5.5530796],[95.3735556,5.5535407],[95.3735375,5.5538484],[95.3735181,5.55408],[95.3735013,5.5542088],[95.3734383,5.554668],[95.3734095,5.5548762],[95.3733149,5.5553407],[95.3731567,5.5560669],[95.3730693,5.5564086],[95.3729951,5.5566902],[95.3727972,5.5573136],[95.3725237,5.5580918],[95.3724291,5.5583334],[95.3723124,5.5585836],[95.3722776,5.5586658],[95.3721815,5.5588599],[95.372156,5.5589036],[95.371977,5.5592423],[95.3717856,5.5596174],[95.3715744,5.5599813]]}},{"type":"Feature","properties":{"segmentId":"osm-gaul2-73705-1565007543-1565007542-0","regionId":"gaul2-73705","province":"Nangroe Aceh Darussalam","region":"Kota Bandaaceh","roadName":"Jalan T. Iskandar","highway":"tertiary","lengthMeters":327.736,"osmWayIds":["143064433","143064435","43326785"],"u":"1565007543","v":"1565007542","key":0,"oneway":false,"source":"OpenStreetMap"},"geometry":{"type":"LineString","coordinates":[[95.3702317,5.5357535],[95.3713786,5.5356854],[95.3721817,5.5356055],[95.3731849,5.5355429]]}},{"type":"Feature","properties":{"segmentId":"osm-gaul2-73705-1565007543-1565471715-0","regionId":"gaul2-73705","province":"Nangroe Aceh Darussalam","region":"Kota Bandaaceh","roadName":"Jalan Makam T. Nyak Arief","highway":"tertiary","lengthMeters":2552.365,"osmWayIds":["143060274"],"u":"1565007543","v":"1565471715","key":0,"oneway":false,"source":"OpenStreetMap"},"geometry":{"type":"LineString","coordinates":[[95.3702317,5.5357535],[95.3703457,5.5378222],[95.3703571,5.5396447],[95.3703713,5.5399667],[95.3703942,5.5409153],[95.3704219,5.5420598],[95.3704235,5.5421247],[95.3704529,5.5427473],[95.3704712,5.5434369],[95.3704923,5.544231],[95.3705465,5.5462747],[95.3705952,5.5484464],[95.3706072,5.5489258],[95.3706263,5.5494099],[95.3706222,5.5501134],[95.370638,5.5506156],[95.3706703,5.5513579],[95.3707062,5.5523124],[95.3706831,5.5528569],[95.3706539,5.553396],[95.3706102,5.5537044],[95.3705344,5.5542611],[95.3703864,5.5550053],[95.3702727,5.5554108],[95.3701806,5.5557367],[95.3700298,5.5561653],[95.3698441,5.5566852],[95.369649,5.5571138],[95.3693644,5.5576967],[95.3690433,5.5584143]]}},{"type":"Feature","properties":{"segmentId":"osm-gaul2-73705-1565007543-3060053704-0","regionId":"gaul2-73705","province":"Nangroe Aceh Darussalam","region":"Kota Bandaaceh","roadName":"Jalan Makam T. Nyak Arief","highway":"tertiary","lengthMeters":3496.328,"osmWayIds":["143060274","829191467"],"u":"1565007543","v":"3060053704","key":0,"oneway":false,"source":"OpenStreetMap"},"geometry":{"type":"LineString","coordinates":[[95.3702317,5.5357535],[95.3702344,5.5356388],[95.3702169,5.5353971],[95.37018,5.5351896],[95.370146,5.5349554],[95.3700982,5.5346556],[95.3699399,5.5340164],[95.3697075,5.5328729],[95.3696698,5.532742],[95.3692742,5.5316608],[95.3691639,5.5313696],[95.3688882,5.5306606],[95.3686382,5.5301237],[95.3684601,5.5298614],[95.3683139,5.5297386],[95.3681222,5.5296305],[95.367642,5.5294369],[95.3674637,5.5293755],[95.367284,5.5293395],[95.3670292,5.5293181],[95.3668039,5.5293061],[95.3665477,5.5293181],[95.3663184,5.5293515],[95.365916,5.5294142],[95.3656465,5.5294743],[95.3654842,5.5294997],[95.3653729,5.5295224],[95.3652214,5.5295357],[95.3643348,5.5295792],[95.363777,5.5295731],[95.363384,5.5295544],[95.36328,5.5295378],[95.3631323,5.529537],[95.3629698,5.5295675],[95.3628516,5.529682],[95.3627779,5.5297658],[95.3627039,5.5299076],[95.3626975,5.530042],[95.3627044,5.5302337],[95.3627783,5.5304519],[95.3629236,5.5307124],[95.3632553,5.5313434],[95.3632772,5.5313843],[95.3633143,5.5314749],[95.3633579,5.5316069],[95.3633755,5.5317798],[95.3634009,5.5319746],[95.3633881,5.5320619],[95.3633049,5.532387],[95.363038,5.5328502],[95.3628948,5.5330383],[95.3627824,5.5331415],[95.3626189,5.5333075],[95.362439,5.5333791],[95.3620766,5.533443],[95.3618428,5.5334482],[95.3612748,5.5334149],[95.3605968,5.5333447],[95.359749,5.533257],[95.3595453,5.5332435],[95.3593221,5.5332744],[95.3589942,5.533371],[95.3586067,5.533522],[95.3583836,5.5336241],[95.3581363,5.5337872],[95.357892,5.5339925],[95.357626,5.53421],[95.3573339,5.5344263],[95.3571275,5.5345217],[95.3569206,5.5346071],[95.3565929,5.5346344],[95.3563104,5.5345897],[95.3561065,5.5345441],[95.3558607,5.5344023],[95.3556263,5.5342462],[95.3550318,5.5338182],[95.3547279,5.5336065],[95.3545351,5.5335276],[95.354361,5.5335119],[95.3541775,5.5335688],[95.3540028,5.5336688],[95.3538669,5.5337839],[95.35368,5.5339333],[95.3520891,5.5349547],[95.3518404,5.5351052],[95.3511691,5.5355744],[95.3509162,5.5357474],[95.3506974,5.5358271],[95.3504972,5.5358777],[95.3503203,5.535923],[95.3501151,5.5359484],[95.3498984,5.5359522],[95.3495387,5.5359218],[95.3493858,5.5359038],[95.3490114,5.5358596],[95.3486016,5.5357721]]}},{"type":"Feature","properties":{"segmentId":"osm-gaul2-73705-1565007543-3128347949-0","regionId":"gaul2-73705","province":"Nangroe Aceh Darussalam","region":"Kota Bandaaceh","roadName":"Jalan T. Iskandar","highway":"tertiary","lengthMeters":2229.86,"osmWayIds":["43326785"],"u":"1565007543","v":"3128347949","key":0,"oneway":false,"source":"OpenStreetMap"},"geometry":{"type":"LineString","coordinates":[[95.3702317,5.5357535],[95.3700574,5.5357668],[95.3699836,5.5357815],[95.3699112,5.5358042],[95.3698361,5.5358349],[95.3697691,5.5358803],[95.3697207,5.5359275],[95.3696189,5.5360498],[95.3695639,5.5361793],[95.3695478,5.5362367],[95.3695411,5.5362901],[95.3695324,5.5363592],[95.3695388,5.5364338],[95.3695593,5.5368135],[95.369574,5.5370296],[95.3696646,5.5379651],[95.3696966,5.538554],[95.3696953,5.5386114],[95.369672,5.5388456],[95.3695889,5.538971],[95.3690692,5.5397207],[95.3690267,5.5397846],[95.3688061,5.5400917],[95.3685519,5.5404412],[95.3678356,5.5414175],[95.3677414,5.541541],[95.3674133,5.5419723],[95.3673014,5.542118],[95.3669357,5.5426087],[95.3664404,5.5432969],[95.3661043,5.543726],[95.3660718,5.5437675],[95.3660017,5.5438486],[95.3658535,5.5440336],[95.3656209,5.5442558],[95.3648497,5.5448453],[95.3645346,5.545082],[95.3641821,5.545349],[95.3633141,5.5460624],[95.3631096,5.5462091],[95.361837,5.547186],[95.3611436,5.5477429],[95.3609535,5.5478931],[95.3608366,5.5479756],[95.360518,5.5482238],[95.3592737,5.5491916],[95.3591629,5.5492778],[95.3588994,5.549525],[95.3586667,5.5497045],[95.3579767,5.5502304],[95.357913,5.5502991]]}},{"type":"Feature","properties":{"segmentId":"osm-gaul2-73705-1565007621-3162488398-0","regionId":"gaul2-73705","province":"Nangroe Aceh Darussalam","region":"Kota Bandaaceh","roadName":"Unnamed OSM road","highway":"tertiary","lengthMeters":5.575,"osmWayIds":["819049301"],"u":"1565007621","v":"3162488398","key":0,"oneway":false,"source":"OpenStreetMap"},"geometry":{"type":"LineString","coordinates":[[95.369185,5.563212],[95.3691899,5.5632619]]}},{"type":"Feature","properties":{"segmentId":"osm-gaul2-73705-1565007621-6347062870-0","regionId":"gaul2-73705","province":"Nangroe Aceh Darussalam","region":"Kota Bandaaceh","roadName":"Unnamed OSM road","highway":"tertiary","lengthMeters":447.845,"osmWayIds":["143025560"],"u":"1565007621","v":"6347062870","key":0,"oneway":false,"source":"OpenStreetMap"},"geometry":{"type":"LineString","coordinates":[[95.369185,5.563212],[95.3691952,5.5631695],[95.3692111,5.5631413],[95.3693546,5.5629571],[95.3694887,5.5628149],[95.3698961,5.5623474],[95.3701888,5.5620027],[95.370331,5.5618402],[95.3704873,5.561631],[95.3706709,5.5614161],[95.3708339,5.5611912],[95.3710203,5.5609095],[95.3712499,5.5605615],[95.3714173,5.5602642],[95.3715744,5.5599813]]}},{"type":"Feature","properties":{"segmentId":"osm-gaul2-73705-1565007621-6349386137-0","regionId":"gaul2-73705","province":"Nangroe Aceh Darussalam","region":"Kota Bandaaceh","roadName":"Jalan Lingkar","highway":"tertiary","lengthMeters":843.379,"osmWayIds":["43718605"],"u":"1565007621","v":"6349386137","key":0,"oneway":true,"source":"OpenStreetMap"},"geometry":{"type":"LineString","coordinates":[[95.369185,5.563212],[95.3691454,5.5632177],[95.3691095,5.563233],[95.3690599,5.5632634],[95.3690019,5.5633068],[95.3681529,5.5642918],[95.3667315,5.5659455],[95.3666566,5.5660327],[95.3641325,5.5688665]]}},{"type":"Feature","properties":{"segmentId":"osm-gaul2-73705-1565007801-7587942396-0","regionId":"gaul2-73705","province":"Nangroe Aceh Darussalam","region":"Kota Bandaaceh","roadName":"Jalan Tanjong Seulamat","highway":"tertiary","lengthMeters":3698.374,"osmWayIds":["310848254","327734760"],"u":"1565007801","v":"7587942396","key":0,"oneway":false,"source":"OpenStreetMap"},"geometry":{"type":"LineString","coordinates":[[95.3953446,5.5918434],[95.395252,5.5917705],[95.3951987,5.5917187],[95.3950872,5.591615],[95.395071,5.5915953],[95.3950591,5.5915647],[95.3950514,5.5914977],[95.3948468,5.5913145],[95.3946127,5.5911281],[95.3944032,5.5909756],[95.3943338,5.5909005],[95.3943107,5.5908545],[95.394273,5.5906887],[95.3942473,5.5906496],[95.3941705,5.5905862],[95.3939271,5.590416],[95.3935828,5.590189],[95.3930749,5.5897933],[95.392881,5.5896786],[95.3927409,5.5896019],[95.3924975,5.5894409],[95.392404,5.5893617],[95.3921941,5.5892063],[95.391916,5.5889652],[95.3918627,5.5889024],[95.391849,5.5888808],[95.3918315,5.5888192],[95.3918056,5.5885975],[95.391796,5.5885468],[95.3917734,5.5885132],[95.3917334,5.5884735],[95.3913832,5.5882142],[95.3909274,5.587905],[95.3906637,5.5877356],[95.3905964,5.5877011],[95.3903228,5.587522],[95.3900299,5.5873021],[95.3898063,5.5871314],[95.389549,5.5869454],[95.3894404,5.5868541],[95.3892374,5.5866734],[95.3891184,5.5865531],[95.3888479,5.5862884],[95.3883727,5.5858055],[95.3883336,5.5857505],[95.3882554,5.5855817],[95.3882318,5.5855032],[95.3882217,5.5853896],[95.3881961,5.5852741],[95.3881428,5.5851789],[95.3880643,5.5850881],[95.3878875,5.5849505],[95.3878058,5.5848945],[95.3877667,5.5848677],[95.3872268,5.5844974],[95.3871542,5.5844534],[95.3869219,5.5842586],[95.3868487,5.5842081],[95.3867226,5.58416],[95.3864096,5.5840994],[95.3861115,5.5840215],[95.3860273,5.5839919],[95.3858177,5.5838987],[95.3856988,5.5838422],[95.3856437,5.5838074],[95.3853361,5.5835136],[95.3852896,5.583458],[95.3852141,5.5833643],[95.3851981,5.5833034],[95.3851862,5.5831899],[95.3851372,5.583061],[95.3850538,5.5829416],[95.3846595,5.5825006],[95.38457,5.5824257],[95.3844463,5.5823528],[95.3842845,5.5823052],[95.3840467,5.5822614],[95.3838717,5.5822021],[95.3837026,5.58214],[95.3836833,5.582115],[95.383678,5.5820921],[95.3836775,5.5820603],[95.3837286,5.5819739],[95.383852,5.5818374],[95.3840264,5.5815918],[95.3840767,5.5815059],[95.3841095,5.5813952],[95.3841033,5.5813534],[95.3840557,5.5813079],[95.3837287,5.5811471],[95.3836065,5.5810803],[95.3833097,5.5808356],[95.3831152,5.5807145],[95.3830616,5.5806711],[95.3829947,5.5806105],[95.3828922,5.5805305],[95.3827696,5.5804515],[95.3826188,5.5803725],[95.3825045,5.5802963],[95.38233,5.5801538],[95.3820474,5.5799555],[95.3820263,5.5799425],[95.381899,5.5798442],[95.3818602,5.5798002],[95.3818373,5.5797419],[95.3818338,5.5796928],[95.3818212,5.5796516],[95.3818141,5.579642],[95.3817676,5.5796087],[95.3813324,5.579406],[95.381286,5.5793894],[95.3809033,5.5792343],[95.3805498,5.5790781],[95.3804989,5.5790504],[95.380355,5.5789806],[95.3802663,5.5789363],[95.3800336,5.578772],[95.3797693,5.5785934],[95.3796012,5.5784951],[95.3791276,5.5782022],[95.3791095,5.5781861],[95.3790954,5.5781611],[95.379088,5.5781411],[95.3790857,5.5781167],[95.3791004,5.5780126],[95.3790968,5.5779829],[95.3790874,5.5779552],[95.3790615,5.5779222],[95.3786685,5.5777221],[95.3785942,5.5776842],[95.378265,5.5775157],[95.3782248,5.5774942],[95.3779359,5.5773396],[95.3774584,5.5770619],[95.3771149,5.5768473],[95.3770965,5.5768289],[95.3768978,5.5766882],[95.3766579,5.5764565],[95.3763846,5.5761891],[95.3763399,5.5761463],[95.3759862,5.5758445],[95.3756943,5.5755961],[95.3755653,5.5754878],[95.3755387,5.5754703],[95.375443,5.575403],[95.3752557,5.5752806],[95.3750873,5.575178],[95.3749076,5.5750811],[95.3745114,5.5748556],[95.3744857,5.5748339],[95.3744273,5.5747576],[95.3743758,5.5744935],[95.37436,5.5744521],[95.374318,5.5744126],[95.3742627,5.5743723],[95.3738226,5.5740439],[95.3736443,5.5739092],[95.3735572,5.5738598],[95.3727724,5.5735532],[95.3727431,5.5735355],[95.3727168,5.5735118],[95.3726745,5.573434],[95.3726558,5.573398],[95.3726412,5.573386],[95.3725191,5.5733273],[95.3723649,5.5732639],[95.3722052,5.5731688],[95.3721751,5.573141],[95.3721602,5.5731161],[95.372138,5.57303],[95.3721133,5.5729853],[95.372096,5.5729589],[95.371918,5.572846],[95.3717757,5.5727302],[95.3717462,5.5726846],[95.3717441,5.5726516],[95.3717485,5.5726342],[95.3718978,5.5723082],[95.3721455,5.5717958],[95.3721589,5.5717526],[95.3721669,5.5717092],[95.3721502,5.571511]]}},{"type":"Feature","properties":{"segmentId":"osm-gaul2-73705-1565471715-1565007543-0","regionId":"gaul2-73705","province":"Nangroe Aceh Darussalam","region":"Kota Bandaaceh","roadName":"Jalan Makam T. Nyak Arief","highway":"tertiary","lengthMeters":2552.365,"osmWayIds":["143060274"],"u":"1565471715","v":"1565007543","key":0,"oneway":false,"source":"OpenStreetMap"},"geometry":{"type":"LineString","coordinates":[[95.3690433,5.5584143],[95.3693644,5.5576967],[95.369649,5.5571138],[95.3698441,5.5566852],[95.3700298,5.5561653],[95.3701806,5.5557367],[95.3702727,5.5554108],[95.3703864,5.5550053],[95.3705344,5.5542611],[95.3706102,5.5537044],[95.3706539,5.553396],[95.3706831,5.5528569],[95.3707062,5.5523124],[95.3706703,5.5513579],[95.370638,5.5506156],[95.3706222,5.5501134],[95.3706263,5.5494099],[95.3706072,5.5489258],[95.3705952,5.5484464],[95.3705465,5.5462747],[95.3704923,5.544231],[95.3704712,5.5434369],[95.3704529,5.5427473],[95.3704235,5.5421247],[95.3704219,5.5420598],[95.3703942,5.5409153],[95.3703713,5.5399667],[95.3703571,5.5396447],[95.3703457,5.5378222],[95.3702317,5.5357535]]}},{"type":"Feature","properties":{"segmentId":"osm-gaul2-73705-1565471715-6133925854-0","regionId":"gaul2-73705","province":"Nangroe Aceh Darussalam","region":"Kota Bandaaceh","roadName":"Jalan Makam T. Nyak Arief","highway":"tertiary","lengthMeters":1853.617,"osmWayIds":["143060274"],"u":"1565471715","v":"6133925854","key":0,"oneway":false,"source":"OpenStreetMap"},"geometry":{"type":"LineString","coordinates":[[95.3690433,5.5584143],[95.3685973,5.5592208],[95.3683478,5.5595792],[95.368247,5.559728],[95.3681089,5.5599011],[95.3678899,5.5601875],[95.3674732,5.560675],[95.3672488,5.5609043],[95.3662653,5.5620507],[95.3651037,5.5633255],[95.3642723,5.5642597],[95.3634834,5.5651935],[95.3633046,5.5654027],[95.3626607,5.5661123],[95.3624157,5.5664057],[95.3617825,5.5671331],[95.3614707,5.5674877],[95.3610828,5.5679487],[95.3607276,5.5683606],[95.3604837,5.5686667],[95.360312,5.5688236],[95.3602026,5.5689506],[95.3598279,5.5694272],[95.3592877,5.5701017],[95.3591017,5.5703287],[95.3590507,5.5704025],[95.3588541,5.570687],[95.3586198,5.5710225],[95.3584371,5.5712763]]}},{"type":"Feature","properties":{"segmentId":"osm-gaul2-73705-1565471715-6347062870-0","regionId":"gaul2-73705","province":"Nangroe Aceh Darussalam","region":"Kota Bandaaceh","roadName":"Jembatan Lamreung","highway":"tertiary","lengthMeters":329.929,"osmWayIds":["812450494","819068657","819068658"],"u":"1565471715","v":"6347062870","key":0,"oneway":false,"source":"OpenStreetMap"},"geometry":{"type":"LineString","coordinates":[[95.3690433,5.5584143],[95.3699545,5.558954],[95.3706901,5.5594161],[95.3715744,5.5599813]]}},{"type":"Feature","properties":{"segmentId":"osm-gaul2-73705-2006027813-6133925865-0","regionId":"gaul2-73705","province":"Nangroe Aceh Darussalam","region":"Kota Bandaaceh","roadName":"Jalan Teuku Nyak Arief","highway":"secondary","lengthMeters":331.891,"osmWayIds":["654627453","654627454","656102355"],"u":"2006027813","v":"6133925865","key":0,"oneway":true,"source":"OpenStreetMap"},"geometry":{"type":"LineString","coordinates":[[95.3608414,5.573091],[95.3605194,5.5728812],[95.3583782,5.5715038],[95.3583297,5.5714614]]}},{"type":"Feature","properties":{"segmentId":"osm-gaul2-73705-2222640088-7729883321-0","regionId":"gaul2-73705","province":"Nangroe Aceh Darussalam","region":"Kota Bandaaceh","roadName":"Jalan Sultan Iskandar Muda","highway":"trunk","lengthMeters":8.31,"osmWayIds":["136491572"],"u":"2222640088","v":"7729883321","key":0,"oneway":true,"source":"OpenStreetMap"},"geometry":{"type":"LineString","coordinates":[[95.31045,5.5493641],[95.3105228,5.5493458]]}},{"type":"Feature","properties":{"segmentId":"osm-gaul2-73705-2237426191-2237426219-0","regionId":"gaul2-73705","province":"Nangroe Aceh Darussalam","region":"Kota Bandaaceh","roadName":"Unnamed OSM road","highway":"secondary_link","lengthMeters":58.262,"osmWayIds":["214137074"],"u":"2237426191","v":"2237426219","key":0,"oneway":true,"source":"OpenStreetMap"},"geometry":{"type":"LineString","coordinates":[[95.3294497,5.5627775],[95.3295568,5.5628503],[95.3296418,5.5629331],[95.3297065,5.5630308],[95.3297849,5.5631699]]}},{"type":"Feature","properties":{"segmentId":"osm-gaul2-73705-2237426191-3066425713-0","regionId":"gaul2-73705","province":"Nangroe Aceh Darussalam","region":"Kota Bandaaceh","roadName":"Jalan Pocut Baren","highway":"secondary","lengthMeters":934.868,"osmWayIds":["275542993"],"u":"2237426191","v":"3066425713","key":0,"oneway":false,"source":"OpenStreetMap"},"geometry":{"type":"LineString","coordinates":[[95.3294497,5.5627775],[95.3292688,5.5627478],[95.3281873,5.5625199],[95.3270577,5.5622667],[95.3256831,5.5620013],[95.3250365,5.561917],[95.3245866,5.5618585],[95.3238742,5.5617711],[95.3231017,5.5616871],[95.3230086,5.5616798],[95.3227102,5.561657],[95.3221435,5.5616089],[95.322074,5.561606],[95.3216174,5.5615963],[95.3213311,5.561602],[95.3211056,5.5616042]]}},{"type":"Feature","properties":{"segmentId":"osm-gaul2-73705-2237426191-6349968687-0","regionId":"gaul2-73705","province":"Nangroe Aceh Darussalam","region":"Kota Bandaaceh","roadName":"Jalan Pocut Baren","highway":"secondary","lengthMeters":4.664,"osmWayIds":["275542993"],"u":"2237426191","v":"6349968687","key":0,"oneway":false,"source":"OpenStreetMap"},"geometry":{"type":"LineString","coordinates":[[95.3294497,5.5627775],[95.3294913,5.5627842]]}},{"type":"Feature","properties":{"segmentId":"osm-gaul2-73705-2237426193-7695312703-0","regionId":"gaul2-73705","province":"Nangroe Aceh Darussalam","region":"Kota Bandaaceh","roadName":"Unnamed OSM road","highway":"secondary_link","lengthMeters":53.611,"osmWayIds":["214137080"],"u":"2237426193","v":"7695312703","key":0,"oneway":true,"source":"OpenStreetMap"},"geometry":{"type":"LineString","coordinates":[[95.3301694,5.5628124],[95.330067,5.5627876],[95.3300085,5.5627428],[95.3299427,5.562671],[95.3298246,5.5625011]]}},{"type":"Feature","properties":{"segmentId":"osm-gaul2-73705-2237426219-544527335-0","regionId":"gaul2-73705","province":"Nangroe Aceh Darussalam","region":"Kota Bandaaceh","roadName":"Jalan Syiah Kuala","highway":"tertiary","lengthMeters":35.653,"osmWayIds":["824405273"],"u":"2237426219","v":"544527335","key":0,"oneway":false,"source":"OpenStreetMap"},"geometry":{"type":"LineString","coordinates":[[95.3297849,5.5631699],[95.3298108,5.5628503]]}},{"type":"Feature","properties":{"segmentId":"osm-gaul2-73705-2237426219-6349968686-0","regionId":"gaul2-73705","province":"Nangroe Aceh Darussalam","region":"Kota Bandaaceh","roadName":"Jalan Syiah Kuala","highway":"tertiary","lengthMeters":5.195,"osmWayIds":["824405273"],"u":"2237426219","v":"6349968686","key":0,"oneway":false,"source":"OpenStreetMap"},"geometry":{"type":"LineString","coordinates":[[95.3297849,5.5631699],[95.3297836,5.5632166]]}},{"type":"Feature","properties":{"segmentId":"osm-gaul2-73705-2339746491-7205253744-0","regionId":"gaul2-73705","province":"Nangroe Aceh Darussalam","region":"Kota Bandaaceh","roadName":"Jalan Taman Makam Pahlawan","highway":"tertiary","lengthMeters":45.694,"osmWayIds":["677898871"],"u":"2339746491","v":"7205253744","key":0,"oneway":false,"source":"OpenStreetMap"},"geometry":{"type":"LineString","coordinates":[[95.323682,5.5443729],[95.3236926,5.5439621]]}},{"type":"Feature","properties":{"segmentId":"osm-gaul2-73705-2339746491-7694086143-0","regionId":"gaul2-73705","province":"Nangroe Aceh Darussalam","region":"Kota Bandaaceh","roadName":"Unnamed OSM road","highway":"tertiary","lengthMeters":115.767,"osmWayIds":["677898873"],"u":"2339746491","v":"7694086143","key":0,"oneway":true,"source":"OpenStreetMap"},"geometry":{"type":"LineString","coordinates":[[95.323682,5.5443729],[95.3236398,5.5445267],[95.3236364,5.5448638],[95.3236279,5.5454083]]}},{"type":"Feature","properties":{"segmentId":"osm-gaul2-73705-2514023421-13133830380-0","regionId":"gaul2-73705","province":"Nangroe Aceh Darussalam","region":"Kota Bandaaceh","roadName":"Unnamed OSM road","highway":"tertiary","lengthMeters":1188.406,"osmWayIds":["244045059"],"u":"2514023421","v":"13133830380","key":0,"oneway":false,"source":"OpenStreetMap"},"geometry":{"type":"LineString","coordinates":[[95.3045753,5.5408513],[95.304653,5.5408673],[95.3047476,5.5408953],[95.3048341,5.5409433],[95.304924,5.5410041],[95.3050091,5.5410528],[95.3050688,5.5410862],[95.3051385,5.5411142],[95.3052995,5.5411609],[95.3054268,5.5411885],[95.3055985,5.541217],[95.3058252,5.541249],[95.3059459,5.541271],[95.306082,5.5413144],[95.3062034,5.5413692],[95.30633,5.5414399],[95.3064227,5.5415166],[95.3064703,5.5415681],[95.3065909,5.5417109],[95.3067392,5.5419066],[95.3068002,5.5419858],[95.3068437,5.5420633],[95.3068873,5.5421567],[95.3069028,5.5422001],[95.3069141,5.5422475],[95.3069825,5.5424103],[95.3070606,5.542579],[95.3071923,5.5427805],[95.3072193,5.5428218],[95.3073621,5.5430804],[95.3075054,5.5433587],[95.3075347,5.5434034],[95.3076506,5.5435823],[95.3077464,5.5437192],[95.307855,5.5438488],[95.3078891,5.5438827],[95.3081118,5.5441042],[95.308216,5.54423],[95.3082687,5.5442991],[95.308329,5.5444046],[95.3084685,5.5447089],[95.3085664,5.544829],[95.3085969,5.5448723],[95.3086144,5.5448971],[95.3087135,5.5450791],[95.3088789,5.545383],[95.3092678,5.5461665],[95.3093711,5.5463681],[95.3094247,5.5464856],[95.3095944,5.5468223],[95.3096527,5.5470008],[95.3097399,5.5474173],[95.3097471,5.5474771],[95.3097514,5.547513],[95.3097962,5.5479005],[95.3098311,5.5481394],[95.3098944,5.5483853],[95.3099451,5.5485265],[95.3100564,5.5488135],[95.3101046,5.5489056],[95.3101345,5.54894],[95.3102924,5.5490471],[95.3103702,5.5491085]]}},{"type":"Feature","properties":{"segmentId":"osm-gaul2-73705-2514023421-2514040051-0","regionId":"gaul2-73705","province":"Nangroe Aceh Darussalam","region":"Kota Bandaaceh","roadName":"Jalan Unida","highway":"tertiary","lengthMeters":2512.292,"osmWayIds":["1082228109","304435528","551548591","656120291","656120292"],"u":"2514023421","v":"2514040051","key":0,"oneway":false,"source":"OpenStreetMap"},"geometry":{"type":"LineString","coordinates":[[95.3045753,5.5408513],[95.3044224,5.5408472],[95.3042534,5.5408486],[95.3040355,5.5408632],[95.3039557,5.5408653],[95.3038953,5.5408606],[95.3038236,5.5408432],[95.3036995,5.5407805],[95.3035024,5.5406902],[95.3032368,5.5405976],[95.3029297,5.5405068],[95.3024992,5.5403854],[95.3022833,5.5403373],[95.3018622,5.5402572],[95.3015792,5.5402145],[95.3013727,5.5401731],[95.3011373,5.5401477],[95.3010748,5.5401434],[95.3009722,5.5401235],[95.3007513,5.5400638],[95.3003025,5.5398848],[95.3001423,5.539782],[95.3000555,5.539743],[95.2996561,5.5393883],[95.2994576,5.5392174],[95.2992524,5.5390158],[95.2990217,5.5387668],[95.2987227,5.538494],[95.2985626,5.5383388],[95.2984768,5.5382719],[95.29838,5.538224],[95.298334,5.5381998],[95.2982373,5.5381649],[95.2981252,5.5381341],[95.2980106,5.5381121],[95.2978314,5.538106],[95.2974163,5.5380567],[95.2973025,5.5380481],[95.2971576,5.538028],[95.2968636,5.5379772],[95.2967412,5.5378893],[95.2966576,5.5378356],[95.2965634,5.5378029],[95.2963177,5.5377706],[95.2962371,5.5377501],[95.2961814,5.5377066],[95.2961167,5.5376361],[95.29607,5.5375401],[95.2960353,5.5374188],[95.2959945,5.5373027],[95.2959472,5.5372486],[95.2957821,5.5372411],[95.2955674,5.5372577],[95.2953823,5.537255],[95.2953403,5.5372157],[95.29531,5.5371411],[95.2952921,5.5370109],[95.2952588,5.5368676],[95.2952294,5.5368177],[95.2951961,5.5367774],[95.2951462,5.5367469],[95.29504,5.5367159],[95.2949302,5.5366957],[95.2947262,5.5366572],[95.29457,5.5366378],[95.2944379,5.5366318],[95.2943204,5.5366223],[95.2942457,5.5366027],[95.294115,5.5365492],[95.2939926,5.5365197],[95.2938585,5.5364609],[95.2936828,5.5363782],[95.2933613,5.5362157],[95.2930753,5.536099],[95.2928956,5.5360314],[95.2926825,5.5359628],[95.2923921,5.5358542],[95.2922473,5.5357983],[95.2921271,5.5357615],[95.2920547,5.5357575],[95.2919814,5.5357808],[95.2919418,5.5358883],[95.2919045,5.5359884],[95.2918147,5.536198],[95.2917376,5.5363532],[95.2915157,5.536318],[95.2911749,5.5363034],[95.2911453,5.5362977],[95.2910435,5.5362781],[95.2908657,5.5362493],[95.2905829,5.536232],[95.2904432,5.536222],[95.2904027,5.5362358],[95.2903376,5.536323],[95.2902871,5.5364262],[95.2902583,5.5365056],[95.2901989,5.5368647],[95.2901912,5.5369119],[95.2901597,5.5369869],[95.2901122,5.5370643],[95.2900645,5.537119],[95.2900017,5.5371784],[95.289911,5.5372001],[95.2897864,5.5371871],[95.2895597,5.5371288],[95.2893885,5.5370957],[95.2891592,5.5370753],[95.2887762,5.5370412],[95.2885128,5.5370177],[95.2884662,5.5370139],[95.2883319,5.5369986],[95.2882253,5.5369799],[95.288136,5.5369642],[95.287959,5.5369108],[95.2878786,5.5369037],[95.2876988,5.5369001],[95.2874708,5.5369094],[95.2873598,5.5369053],[95.2872957,5.536881],[95.2872076,5.5368616],[95.2870738,5.5368574],[95.2869076,5.5368574],[95.2866447,5.5368627],[95.2863228,5.536824],[95.2862265,5.5367967],[95.2861404,5.5367479],[95.2859374,5.5365751],[95.2858382,5.5365203],[95.2857513,5.5365086],[95.2856486,5.5365145],[95.2855216,5.5365361],[95.2851153,5.5365933],[95.284782,5.5366603]]}},{"type":"Feature","properties":{"segmentId":"osm-gaul2-73705-2514023421-3089905465-0","regionId":"gaul2-73705","province":"Nangroe Aceh Darussalam","region":"Kota Bandaaceh","roadName":"Unnamed OSM road","highway":"tertiary","lengthMeters":695.137,"osmWayIds":["304456364"],"u":"2514023421","v":"3089905465","key":0,"oneway":false,"source":"OpenStreetMap"},"geometry":{"type":"LineString","coordinates":[[95.3045753,5.5408513],[95.3045625,5.540537],[95.3045144,5.5399224],[95.3044807,5.5394705],[95.3044741,5.539035],[95.3045095,5.5387849],[95.3045424,5.5385267],[95.3045733,5.5382122],[95.3046074,5.537896],[95.3046309,5.5377056],[95.3046322,5.5376618],[95.3046152,5.5373984],[95.3046135,5.5371038],[95.3046107,5.5370383],[95.3045994,5.5370155],[95.3045617,5.5369943],[95.3044997,5.5369617],[95.3044841,5.5369374],[95.3044813,5.5369135],[95.3044807,5.5368767],[95.3045243,5.5364938],[95.3045773,5.5361572],[95.3045963,5.536069],[95.3046396,5.5358675],[95.304649,5.5357808],[95.304647,5.5357321],[95.3046289,5.5356241],[95.304561,5.5353998],[95.3044713,5.5352101],[95.3044217,5.5351374],[95.3043238,5.5349787],[95.3042299,5.5347891]]}},{"type":"Feature","properties":{"segmentId":"osm-gaul2-73705-2514040051-2514023421-0","regionId":"gaul2-73705","province":"Nangroe Aceh Darussalam","region":"Kota Bandaaceh","roadName":"Jalan Unida","highway":"tertiary","lengthMeters":2512.292,"osmWayIds":["1082228109","304435528","551548591","656120291","656120292"],"u":"2514040051","v":"2514023421","key":0,"oneway":false,"source":"OpenStreetMap"},"geometry":{"type":"LineString","coordinates":[[95.284782,5.5366603],[95.2851153,5.5365933],[95.2855216,5.5365361],[95.2856486,5.5365145],[95.2857513,5.5365086],[95.2858382,5.5365203],[95.2859374,5.5365751],[95.2861404,5.5367479],[95.2862265,5.5367967],[95.2863228,5.536824],[95.2866447,5.5368627],[95.2869076,5.5368574],[95.2870738,5.5368574],[95.2872076,5.5368616],[95.2872957,5.536881],[95.2873598,5.5369053],[95.2874708,5.5369094],[95.2876988,5.5369001],[95.2878786,5.5369037],[95.287959,5.5369108],[95.288136,5.5369642],[95.2882253,5.5369799],[95.2883319,5.5369986],[95.2884662,5.5370139],[95.2885128,5.5370177],[95.2887762,5.5370412],[95.2891592,5.5370753],[95.2893885,5.5370957],[95.2895597,5.5371288],[95.2897864,5.5371871],[95.289911,5.5372001],[95.2900017,5.5371784],[95.2900645,5.537119],[95.2901122,5.5370643],[95.2901597,5.5369869],[95.2901912,5.5369119],[95.2901989,5.5368647],[95.2902583,5.5365056],[95.2902871,5.5364262],[95.2903376,5.536323],[95.2904027,5.5362358],[95.2904432,5.536222],[95.2905829,5.536232],[95.2908657,5.5362493],[95.2910435,5.5362781],[95.2911453,5.5362977],[95.2911749,5.5363034],[95.2915157,5.536318],[95.2917376,5.5363532],[95.2918147,5.536198],[95.2919045,5.5359884],[95.2919418,5.5358883],[95.2919814,5.5357808],[95.2920547,5.5357575],[95.2921271,5.5357615],[95.2922473,5.5357983],[95.2923921,5.5358542],[95.2926825,5.5359628],[95.2928956,5.5360314],[95.2930753,5.536099],[95.2933613,5.5362157],[95.2936828,5.5363782],[95.2938585,5.5364609],[95.2939926,5.5365197],[95.294115,5.5365492],[95.2942457,5.5366027],[95.2943204,5.5366223],[95.2944379,5.5366318],[95.29457,5.5366378],[95.2947262,5.5366572],[95.2949302,5.5366957],[95.29504,5.5367159],[95.2951462,5.5367469],[95.2951961,5.5367774],[95.2952294,5.5368177],[95.2952588,5.5368676],[95.2952921,5.5370109],[95.29531,5.5371411],[95.2953403,5.5372157],[95.2953823,5.537255],[95.2955674,5.5372577],[95.2957821,5.5372411],[95.2959472,5.5372486],[95.2959945,5.5373027],[95.2960353,5.5374188],[95.29607,5.5375401],[95.2961167,5.5376361],[95.2961814,5.5377066],[95.2962371,5.5377501],[95.2963177,5.5377706],[95.2965634,5.5378029],[95.2966576,5.5378356],[95.2967412,5.5378893],[95.2968636,5.5379772],[95.2971576,5.538028],[95.2973025,5.5380481],[95.2974163,5.5380567],[95.2978314,5.538106],[95.2980106,5.5381121],[95.2981252,5.5381341],[95.2982373,5.5381649],[95.298334,5.5381998],[95.29838,5.538224],[95.2984768,5.5382719],[95.2985626,5.5383388],[95.2987227,5.538494],[95.2990217,5.5387668],[95.2992524,5.5390158],[95.2994576,5.5392174],[95.2996561,5.5393883],[95.3000555,5.539743],[95.3001423,5.539782],[95.3003025,5.5398848],[95.3007513,5.5400638],[95.3009722,5.5401235],[95.3010748,5.5401434],[95.3011373,5.5401477],[95.3013727,5.5401731],[95.3015792,5.5402145],[95.3018622,5.5402572],[95.3022833,5.5403373],[95.3024992,5.5403854],[95.3029297,5.5405068],[95.3032368,5.5405976],[95.3035024,5.5406902],[95.3036995,5.5407805],[95.3038236,5.5408432],[95.3038953,5.5408606],[95.3039557,5.5408653],[95.3040355,5.5408632],[95.3042534,5.5408486],[95.3044224,5.5408472],[95.3045753,5.5408513]]}},{"type":"Feature","properties":{"segmentId":"osm-gaul2-73705-2514040051-7577428625-0","regionId":"gaul2-73705","province":"Nangroe Aceh Darussalam","region":"Kota Bandaaceh","roadName":"Unnamed OSM road","highway":"secondary","lengthMeters":1404.856,"osmWayIds":["304453222","654616434"],"u":"2514040051","v":"7577428625","key":0,"oneway":false,"source":"OpenStreetMap"},"geometry":{"type":"LineString","coordinates":[[95.284782,5.5366603],[95.2849647,5.5365312],[95.2859956,5.5357724],[95.2864149,5.5354638],[95.2870972,5.534979],[95.2872337,5.5348612],[95.2876456,5.5345592],[95.2877767,5.5344549],[95.2881739,5.5341718],[95.288768,5.5337282],[95.2890775,5.5335109],[95.2893747,5.5333151],[95.2895126,5.533214],[95.2899285,5.532887],[95.2904613,5.5324767],[95.2905924,5.5323909],[95.2911267,5.5319972],[95.2916162,5.5316484],[95.2921435,5.531257],[95.2921915,5.5312264],[95.2927534,5.5308118],[95.2931609,5.5305045],[95.2932871,5.5304124],[95.2935887,5.5302019],[95.2938836,5.5299871],[95.2943292,5.5296505],[95.2947948,5.5293292],[95.2949964,5.529165]]}},{"type":"Feature","properties":{"segmentId":"osm-gaul2-73705-2515260543-2801548939-0","regionId":"gaul2-73705","province":"Nangroe Aceh Darussalam","region":"Kota Bandaaceh","roadName":"Unnamed OSM road","highway":"secondary","lengthMeters":114.292,"osmWayIds":["275515297"],"u":"2515260543","v":"2801548939","key":0,"oneway":true,"source":"OpenStreetMap"},"geometry":{"type":"LineString","coordinates":[[95.3190579,5.5526564],[95.3191249,5.5528874],[95.3192241,5.5532237],[95.3192376,5.5532811],[95.3192376,5.5533399],[95.3192074,5.5534179],[95.3191564,5.5534682],[95.3190074,5.5535385]]}},{"type":"Feature","properties":{"segmentId":"osm-gaul2-73705-2515306847-6145923129-0","regionId":"gaul2-73705","province":"Nangroe Aceh Darussalam","region":"Kota Bandaaceh","roadName":"Jalan Teuku Nyak Arief","highway":"trunk","lengthMeters":640.602,"osmWayIds":["43712907","947747732"],"u":"2515306847","v":"6145923129","key":0,"oneway":true,"source":"OpenStreetMap"},"geometry":{"type":"LineString","coordinates":[[95.3463974,5.5744442],[95.3455124,5.5735948],[95.3452257,5.5733238],[95.3444604,5.5725723],[95.3442943,5.5724136],[95.3438871,5.571964],[95.3437117,5.5717705],[95.3435544,5.5715968],[95.343232,5.5712966],[95.3422631,5.5704165]]}},{"type":"Feature","properties":{"segmentId":"osm-gaul2-73705-2595266961-3092169277-0","regionId":"gaul2-73705","province":"Nangroe Aceh Darussalam","region":"Kota Bandaaceh","roadName":"Unnamed OSM road","highway":"tertiary","lengthMeters":1343.876,"osmWayIds":["253620673","824518713","824518714"],"u":"2595266961","v":"3092169277","key":0,"oneway":false,"source":"OpenStreetMap"},"geometry":{"type":"LineString","coordinates":[[95.3458495,5.5740707],[95.3456989,5.5746039],[95.3454792,5.5754136],[95.3453975,5.5757331],[95.3453456,5.5760768],[95.3452854,5.576374],[95.3452684,5.5767356],[95.3452654,5.5770232],[95.3452832,5.577392],[95.3452972,5.5775368],[95.3451259,5.5775368],[95.3448191,5.5775164],[95.3446304,5.5774961],[95.3444329,5.5774711],[95.3444148,5.5776179],[95.3443974,5.5777584],[95.3442767,5.5783884],[95.3442418,5.5785539],[95.3441848,5.5788245],[95.3441452,5.5789727],[95.3440731,5.5793167],[95.3440393,5.5795309],[95.3440111,5.5796504],[95.3439414,5.5798739],[95.3438036,5.5802246],[95.3437714,5.5803251],[95.3436726,5.5806125],[95.3436257,5.5808882],[95.3435498,5.5812182],[95.3434971,5.5814343],[95.3434884,5.5814796],[95.3434713,5.5816004],[95.3434576,5.581658],[95.3434373,5.5817247],[95.343419,5.581774],[95.3434049,5.581812],[95.343354,5.5819355],[95.3431384,5.5823809],[95.3430489,5.5825937],[95.3430078,5.5827358],[95.342979,5.5828661],[95.3429267,5.5831664],[95.3428276,5.5839379],[95.3428024,5.5840984],[95.3427743,5.5842205],[95.3427548,5.5843353],[95.3426935,5.5849193]]}},{"type":"Feature","properties":{"segmentId":"osm-gaul2-73705-2595266961-6360020430-0","regionId":"gaul2-73705","province":"Nangroe Aceh Darussalam","region":"Kota Bandaaceh","roadName":"Jalan Teuku Nyak Arief","highway":"trunk","lengthMeters":374.598,"osmWayIds":["253620656"],"u":"2595266961","v":"6360020430","key":0,"oneway":true,"source":"OpenStreetMap"},"geometry":{"type":"LineString","coordinates":[[95.3458495,5.5740707],[95.3466154,5.5748005],[95.3469592,5.5751234],[95.3473219,5.5754492],[95.3477645,5.5758124],[95.3483744,5.5763115]]}},{"type":"Feature","properties":{"segmentId":"osm-gaul2-73705-2595267218-3092169277-0","regionId":"gaul2-73705","province":"Nangroe Aceh Darussalam","region":"Kota Bandaaceh","roadName":"Unnamed OSM road","highway":"tertiary","lengthMeters":970.426,"osmWayIds":["253620670","253620673"],"u":"2595267218","v":"3092169277","key":0,"oneway":false,"source":"OpenStreetMap"},"geometry":{"type":"LineString","coordinates":[[95.341009,5.5934452],[95.3411399,5.5928221],[95.341251,5.5921551],[95.3413784,5.5911453],[95.3415157,5.5903872],[95.3416692,5.5895919],[95.341746,5.5893739],[95.341809,5.5892471],[95.3419579,5.5889815],[95.3422591,5.5880154],[95.3423534,5.5875846],[95.3423745,5.5874381],[95.3423861,5.5873229],[95.3424354,5.5868344],[95.3424512,5.5866774],[95.342507,5.5862887],[95.3425969,5.5857595],[95.3426281,5.5855176],[95.342646,5.5853449],[95.3426713,5.5851395],[95.3426935,5.5849193]]}},{"type":"Feature","properties":{"segmentId":"osm-gaul2-73705-267398159-3063908729-0","regionId":"gaul2-73705","province":"Nangroe Aceh Darussalam","region":"Kota Bandaaceh","roadName":"Jalan Teungku Chik Ditiro","highway":"trunk","lengthMeters":12.165,"osmWayIds":["655973752"],"u":"267398159","v":"3063908729","key":0,"oneway":true,"source":"OpenStreetMap"},"geometry":{"type":"LineString","coordinates":[[95.3204077,5.5512427],[95.3202987,5.5512568]]}},{"type":"Feature","properties":{"segmentId":"osm-gaul2-73705-267398159-540959655-0","regionId":"gaul2-73705","province":"Nangroe Aceh Darussalam","region":"Kota Bandaaceh","roadName":"Jalan Sultan Alauddin Mahmudsyah","highway":"trunk","lengthMeters":26.215,"osmWayIds":["212382807"],"u":"267398159","v":"540959655","key":0,"oneway":true,"source":"OpenStreetMap"},"geometry":{"type":"LineString","coordinates":[[95.3204077,5.5512427],[95.3203946,5.5510073]]}},{"type":"Feature","properties":{"segmentId":"osm-gaul2-73705-267398164-3066425713-0","regionId":"gaul2-73705","province":"Nangroe Aceh Darussalam","region":"Kota Bandaaceh","roadName":"Jalan Pocut Baren","highway":"secondary","lengthMeters":12.705,"osmWayIds":["1008031468"],"u":"267398164","v":"3066425713","key":0,"oneway":false,"source":"OpenStreetMap"},"geometry":{"type":"LineString","coordinates":[[95.3209913,5.5615936],[95.3211056,5.5616042]]}},{"type":"Feature","properties":{"segmentId":"osm-gaul2-73705-267398678-540959624-0","regionId":"gaul2-73705","province":"Nangroe Aceh Darussalam","region":"Kota Bandaaceh","roadName":"Jalan Sultan Iskandar Muda","highway":"trunk","lengthMeters":330.435,"osmWayIds":["43175643"],"u":"267398678","v":"540959624","key":0,"oneway":true,"source":"OpenStreetMap"},"geometry":{"type":"LineString","coordinates":[[95.3149648,5.5483396],[95.3147261,5.5483797],[95.3145517,5.5484211],[95.3144954,5.5484344],[95.3142272,5.5484878],[95.3137873,5.5485879],[95.3131878,5.5487387],[95.3130765,5.5487601],[95.312635,5.5488463],[95.3125924,5.5488543],[95.3120979,5.5489407],[95.3120444,5.5489517]]}},{"type":"Feature","properties":{"segmentId":"osm-gaul2-73705-267398678-7205528934-0","regionId":"gaul2-73705","province":"Nangroe Aceh Darussalam","region":"Kota Bandaaceh","roadName":"Jalan Sultan Iskandar Muda","highway":"trunk","lengthMeters":139.415,"osmWayIds":["761654642"],"u":"267398678","v":"7205528934","key":0,"oneway":false,"source":"OpenStreetMap"},"geometry":{"type":"LineString","coordinates":[[95.3149648,5.5483396],[95.3153215,5.5482609],[95.3156595,5.5481848],[95.3159465,5.5481221],[95.3161954,5.5480719]]}},{"type":"Feature","properties":{"segmentId":"osm-gaul2-73705-267436125-7694443269-0","regionId":"gaul2-73705","province":"Nangroe Aceh Darussalam","region":"Kota Bandaaceh","roadName":"Jalan Teungku Dianjong","highway":"tertiary","lengthMeters":6.838,"osmWayIds":["43418366"],"u":"267436125","v":"7694443269","key":0,"oneway":false,"source":"OpenStreetMap"},"geometry":{"type":"LineString","coordinates":[[95.3174269,5.5603647],[95.317405,5.5604222]]}},{"type":"Feature","properties":{"segmentId":"osm-gaul2-73705-267436125-7694443273-0","regionId":"gaul2-73705","province":"Nangroe Aceh Darussalam","region":"Kota Bandaaceh","roadName":"Jalan W.R. Supratman","highway":"secondary","lengthMeters":9.866,"osmWayIds":["824104392"],"u":"267436125","v":"7694443273","key":0,"oneway":true,"source":"OpenStreetMap"},"geometry":{"type":"LineString","coordinates":[[95.3174269,5.5603647],[95.317339,5.5603499]]}},{"type":"Feature","properties":{"segmentId":"osm-gaul2-73705-267436128-6145334081-0","regionId":"gaul2-73705","province":"Nangroe Aceh Darussalam","region":"Kota Bandaaceh","roadName":"Unnamed OSM road","highway":"tertiary","lengthMeters":12.589,"osmWayIds":["681338600"],"u":"267436128","v":"6145334081","key":0,"oneway":false,"source":"OpenStreetMap"},"geometry":{"type":"LineString","coordinates":[[95.3158669,5.5592566],[95.315978,5.5592323]]}},{"type":"Feature","properties":{"segmentId":"osm-gaul2-73705-267436128-6145334082-0","regionId":"gaul2-73705","province":"Nangroe Aceh Darussalam","region":"Kota Bandaaceh","roadName":"Jalan Tentara Pelajar Aceh","highway":"secondary","lengthMeters":89.178,"osmWayIds":["275541092"],"u":"267436128","v":"6145334082","key":0,"oneway":true,"source":"OpenStreetMap"},"geometry":{"type":"LineString","coordinates":[[95.3158669,5.5592566],[95.3160207,5.5599374],[95.3160873,5.5600178]]}},{"type":"Feature","properties":{"segmentId":"osm-gaul2-73705-267436128-765045869-0","regionId":"gaul2-73705","province":"Nangroe Aceh Darussalam","region":"Kota Bandaaceh","roadName":"Unnamed OSM road","highway":"tertiary","lengthMeters":1465.503,"osmWayIds":["61186001","61186002","61186007"],"u":"267436128","v":"765045869","key":0,"oneway":false,"source":"OpenStreetMap"},"geometry":{"type":"LineString","coordinates":[[95.3158669,5.5592566],[95.3156644,5.5592939],[95.3151949,5.5593315],[95.3148879,5.5593528],[95.3148169,5.5593555],[95.3145413,5.5593629],[95.314416,5.5593674],[95.3143737,5.5593673],[95.3141413,5.5593695],[95.3138925,5.5593835],[95.3135679,5.5593925],[95.313219,5.5594197],[95.3129785,5.5594257],[95.3129305,5.5594277],[95.3125439,5.5594313],[95.312433,5.559432],[95.3120876,5.5594537],[95.3120307,5.5594634],[95.311689,5.5594752],[95.3113091,5.5594971],[95.3111308,5.5595061],[95.3110721,5.559503],[95.3107514,5.5595185],[95.3105253,5.5595255],[95.3103024,5.5595354],[95.3102642,5.5595667],[95.3102272,5.5596128],[95.3102012,5.5596828],[95.310191,5.5597396],[95.3101966,5.5599961],[95.3102007,5.5600102],[95.3101983,5.5602252],[95.3101947,5.560421],[95.3102054,5.5608033],[95.3102066,5.5609389],[95.3102078,5.560996],[95.3103031,5.5610056],[95.3104654,5.5610029],[95.3106037,5.561004],[95.3107698,5.5610096],[95.3109086,5.5610201],[95.3112495,5.5610487],[95.3117298,5.5610889],[95.3117958,5.5610991],[95.3118599,5.5611375],[95.3119412,5.561252],[95.3119956,5.5612979],[95.3120671,5.5613329],[95.3123781,5.5614165],[95.3124295,5.5614676],[95.3124681,5.561513],[95.312481,5.5615713],[95.3124335,5.5620261],[95.3124194,5.5621998],[95.3124992,5.5622196],[95.3125941,5.5622344],[95.312821,5.5622606],[95.3132629,5.562299],[95.313668,5.5623297],[95.3137683,5.5623452],[95.3138885,5.5623681],[95.3139496,5.5624479],[95.3140146,5.5624773],[95.3141118,5.5624905],[95.3142096,5.5624783],[95.3146106,5.5624471],[95.3147735,5.5624273],[95.3150935,5.5624018],[95.3154089,5.5623779]]}},{"type":"Feature","properties":{"segmentId":"osm-gaul2-73705-267436129-540959632-0","regionId":"gaul2-73705","province":"Nangroe Aceh Darussalam","region":"Kota Bandaaceh","roadName":"Jalan Diponegoro","highway":"secondary","lengthMeters":36.575,"osmWayIds":["275515300"],"u":"267436129","v":"540959632","key":0,"oneway":true,"source":"OpenStreetMap"},"geometry":{"type":"LineString","coordinates":[[95.3151288,5.5560589],[95.3154334,5.5559313]]}},{"type":"Feature","properties":{"segmentId":"osm-gaul2-73705-267436129-6145334199-0","regionId":"gaul2-73705","province":"Nangroe Aceh Darussalam","region":"Kota Bandaaceh","roadName":"Jalan Tentara Pelajar Aceh","highway":"secondary","lengthMeters":37.659,"osmWayIds":["275541092"],"u":"267436129","v":"6145334199","key":0,"oneway":true,"source":"OpenStreetMap"},"geometry":{"type":"LineString","coordinates":[[95.3151288,5.5560589],[95.3151819,5.556258],[95.3152147,5.5563866]]}},{"type":"Feature","properties":{"segmentId":"osm-gaul2-73705-2801171130-6349280619-0","regionId":"gaul2-73705","province":"Nangroe Aceh Darussalam","region":"Kota Bandaaceh","roadName":"Jalan Kemuning","highway":"tertiary","lengthMeters":276.791,"osmWayIds":["678109394"],"u":"2801171130","v":"6349280619","key":0,"oneway":false,"source":"OpenStreetMap"},"geometry":{"type":"LineString","coordinates":[[95.3262099,5.5323319],[95.3262901,5.5323382],[95.3263397,5.5323389],[95.3267752,5.5323449],[95.3278088,5.5323693],[95.3284146,5.5323743],[95.3287097,5.532391]]}},{"type":"Feature","properties":{"segmentId":"osm-gaul2-73705-2801171130-7205253744-0","regionId":"gaul2-73705","province":"Nangroe Aceh Darussalam","region":"Kota Bandaaceh","roadName":"Unnamed OSM road","highway":"tertiary","lengthMeters":1424.371,"osmWayIds":["1007907763","1007907764","225161796","468639418","654519378","677675049","824077451","824077453"],"u":"2801171130","v":"7205253744","key":0,"oneway":false,"source":"OpenStreetMap"},"geometry":{"type":"LineString","coordinates":[[95.3262099,5.5323319],[95.3261786,5.5324525],[95.3260118,5.5330955],[95.3257656,5.5337951],[95.3257043,5.5339555],[95.3256467,5.5341329],[95.3256065,5.5343105],[95.3255809,5.5344834],[95.3255645,5.5346323],[95.3255465,5.5352191],[95.3255639,5.5360175],[95.3256416,5.5367516],[95.3257315,5.5374924],[95.3257492,5.5376273],[95.3256966,5.5376376],[95.3254756,5.5376852],[95.325394,5.5377212],[95.3253758,5.5377664],[95.325359,5.5378472],[95.3253503,5.5379286],[95.3253423,5.5380894],[95.3252642,5.5384901],[95.3252095,5.5387489],[95.3250828,5.5392208],[95.3250098,5.5394554],[95.3249174,5.5396888],[95.3247841,5.5400672],[95.3246932,5.5403954],[95.3246563,5.5405936],[95.3246006,5.540874],[95.3245779,5.5409513],[95.3245416,5.5410241],[95.3245155,5.5410648],[95.3244317,5.5411829],[95.3243673,5.5412737],[95.3243519,5.5413164],[95.3243485,5.5413792],[95.3243486,5.5420805],[95.3243639,5.5426543],[95.3243714,5.5426967],[95.3244071,5.5428224],[95.3244236,5.5429743],[95.3244121,5.5431275],[95.3243847,5.5432666],[95.3243733,5.5433834],[95.3243651,5.5439041],[95.3242505,5.5439187],[95.3236926,5.5439621]]}},{"type":"Feature","properties":{"segmentId":"osm-gaul2-73705-2801171130-9234392245-0","regionId":"gaul2-73705","province":"Nangroe Aceh Darussalam","region":"Kota Bandaaceh","roadName":"Jalan Tengku Dilhong 2","highway":"tertiary","lengthMeters":1109.707,"osmWayIds":["275510057","418331303","418331306","677682365","677682366","771840607"],"u":"2801171130","v":"9234392245","key":0,"oneway":false,"source":"OpenStreetMap"},"geometry":{"type":"LineString","coordinates":[[95.3262099,5.5323319],[95.3261831,5.5323252],[95.3261422,5.5323149],[95.3259316,5.5322649],[95.3259055,5.5322461],[95.3258854,5.5322154],[95.32587,5.5321774],[95.3258412,5.532104],[95.3257865,5.5320396],[95.3257235,5.5319772],[95.3253555,5.5316782],[95.3252948,5.5316288],[95.3250368,5.5314135],[95.3246697,5.5308826],[95.3246523,5.5308292],[95.3246375,5.5307678],[95.3246335,5.5307124],[95.3246368,5.530665],[95.3246516,5.5305782],[95.3246798,5.5304807],[95.324787,5.5300203],[95.3248387,5.5296565],[95.3248347,5.5296158],[95.3248179,5.5295764],[95.3247187,5.5294143],[95.3246969,5.5293531],[95.3246939,5.5293121],[95.3247119,5.5290925],[95.3247133,5.5290652],[95.3247172,5.5289485],[95.3247052,5.5287655],[95.3246657,5.5286474],[95.3246234,5.5285786],[95.3245854,5.5285041],[95.3245474,5.5284297],[95.3245363,5.5283764],[95.3245369,5.528329],[95.3245939,5.5279392],[95.3246301,5.5275815],[95.3246184,5.527496],[95.32461,5.527468],[95.3245949,5.5274506],[95.3245711,5.5274343],[95.3244353,5.5273672],[95.3243056,5.5273095],[95.3242305,5.5272651],[95.324085,5.5271663],[95.323914,5.5270442],[95.3236431,5.5269254],[95.3232428,5.5267712],[95.3229062,5.5266711],[95.3222873,5.5264815],[95.3219869,5.526395],[95.3219024,5.5263707],[95.3215537,5.5262669],[95.3214484,5.5262376],[95.3209267,5.5260884],[95.3208955,5.5260795],[95.3205966,5.5260056]]}},{"type":"Feature","properties":{"segmentId":"osm-gaul2-73705-2801548937-3063910874-0","regionId":"gaul2-73705","province":"Nangroe Aceh Darussalam","region":"Kota Bandaaceh","roadName":"Unnamed OSM road","highway":"trunk","lengthMeters":111.186,"osmWayIds":["43175641"],"u":"2801548937","v":"3063910874","key":0,"oneway":true,"source":"OpenStreetMap"},"geometry":{"type":"LineString","coordinates":[[95.3202413,5.5530248],[95.3203051,5.5520269]]}},{"type":"Feature","properties":{"segmentId":"osm-gaul2-73705-2801548939-2801548946-0","regionId":"gaul2-73705","province":"Nangroe Aceh Darussalam","region":"Kota Bandaaceh","roadName":"Unnamed OSM road","highway":"secondary_link","lengthMeters":20.754,"osmWayIds":["275517321"],"u":"2801548939","v":"2801548946","key":0,"oneway":false,"source":"OpenStreetMap"},"geometry":{"type":"LineString","coordinates":[[95.3190074,5.5535385],[95.3190704,5.5537143]]}},{"type":"Feature","properties":{"segmentId":"osm-gaul2-73705-2801548939-7735943143-0","regionId":"gaul2-73705","province":"Nangroe Aceh Darussalam","region":"Kota Bandaaceh","roadName":"Unnamed OSM road","highway":"secondary","lengthMeters":187.708,"osmWayIds":["275517320","43324089"],"u":"2801548939","v":"7735943143","key":0,"oneway":true,"source":"OpenStreetMap"},"geometry":{"type":"LineString","coordinates":[[95.3190074,5.5535385],[95.3188483,5.5535975],[95.3185101,5.5537225],[95.3179315,5.5539213],[95.3179897,5.5541728],[95.3180427,5.554414],[95.3180528,5.5544587]]}},{"type":"Feature","properties":{"segmentId":"osm-gaul2-73705-2801548946-2801548939-0","regionId":"gaul2-73705","province":"Nangroe Aceh Darussalam","region":"Kota Bandaaceh","roadName":"Unnamed OSM road","highway":"secondary_link","lengthMeters":20.754,"osmWayIds":["275517321"],"u":"2801548946","v":"2801548939","key":0,"oneway":false,"source":"OpenStreetMap"},"geometry":{"type":"LineString","coordinates":[[95.3190704,5.5537143],[95.3190074,5.5535385]]}},{"type":"Feature","properties":{"segmentId":"osm-gaul2-73705-2801548946-2801579261-0","regionId":"gaul2-73705","province":"Nangroe Aceh Darussalam","region":"Kota Bandaaceh","roadName":"Jalan Diponegoro","highway":"secondary","lengthMeters":89.754,"osmWayIds":["507492706"],"u":"2801548946","v":"2801579261","key":0,"oneway":true,"source":"OpenStreetMap"},"geometry":{"type":"LineString","coordinates":[[95.3190704,5.5537143],[95.3192818,5.5536322],[95.3195112,5.5536042],[95.3198469,5.5535774],[95.3198629,5.5535751]]}},{"type":"Feature","properties":{"segmentId":"osm-gaul2-73705-2801579261-2801548937-0","regionId":"gaul2-73705","province":"Nangroe Aceh Darussalam","region":"Kota Bandaaceh","roadName":"Jalan Diponegoro","highway":"secondary","lengthMeters":82.413,"osmWayIds":["275517323"],"u":"2801579261","v":"2801548937","key":0,"oneway":true,"source":"OpenStreetMap"},"geometry":{"type":"LineString","coordinates":[[95.3198629,5.5535751],[95.3200395,5.5534867],[95.3201475,5.553434],[95.3201884,5.5533632],[95.3201952,5.5532618],[95.3202413,5.5530248]]}},{"type":"Feature","properties":{"segmentId":"osm-gaul2-73705-2801579261-3149496196-0","regionId":"gaul2-73705","province":"Nangroe Aceh Darussalam","region":"Kota Bandaaceh","roadName":"Unnamed OSM road","highway":"trunk","lengthMeters":177.012,"osmWayIds":["275517322","309613597","309613599"],"u":"2801579261","v":"3149496196","key":0,"oneway":true,"source":"OpenStreetMap"},"geometry":{"type":"LineString","coordinates":[[95.3198629,5.5535751],[95.3199819,5.5535828],[95.3201307,5.5536162],[95.3202327,5.5536575],[95.3203888,5.5538013],[95.3209032,5.5546094],[95.3209272,5.5546457]]}},{"type":"Feature","properties":{"segmentId":"osm-gaul2-73705-2801677203-3089863866-0","regionId":"gaul2-73705","province":"Nangroe Aceh Darussalam","region":"Kota Bandaaceh","roadName":"Unnamed OSM road","highway":"trunk","lengthMeters":34.081,"osmWayIds":["304452700"],"u":"2801677203","v":"3089863866","key":0,"oneway":true,"source":"OpenStreetMap"},"geometry":{"type":"LineString","coordinates":[[95.3161885,5.5464904],[95.3161342,5.546547],[95.316097,5.5466169],[95.3160806,5.546678],[95.3160877,5.5467636]]}},{"type":"Feature","properties":{"segmentId":"osm-gaul2-73705-2801677203-544505018-0","regionId":"gaul2-73705","province":"Nangroe Aceh Darussalam","region":"Kota Bandaaceh","roadName":"Jalan Teuku Umar","highway":"trunk","lengthMeters":772.706,"osmWayIds":["275525077"],"u":"2801677203","v":"544505018","key":0,"oneway":true,"source":"OpenStreetMap"},"geometry":{"type":"LineString","coordinates":[[95.3161885,5.5464904],[95.3160793,5.5464949],[95.3160176,5.5464814],[95.3159653,5.5464535],[95.3159064,5.546416],[95.315289,5.5457704],[95.3150472,5.5455237],[95.3146512,5.5451117],[95.3142434,5.5446874],[95.3137935,5.5442194],[95.3131149,5.5435104],[95.3127973,5.5431777],[95.3123673,5.5427471],[95.3120026,5.5423389],[95.3113812,5.5416865],[95.3113009,5.5416007]]}},{"type":"Feature","properties":{"segmentId":"osm-gaul2-73705-2919721707-544509565-0","regionId":"gaul2-73705","province":"Nangroe Aceh Darussalam","region":"Kota Bandaaceh","roadName":"Unnamed OSM road","highway":"tertiary","lengthMeters":42.245,"osmWayIds":["304277844"],"u":"2919721707","v":"544509565","key":0,"oneway":true,"source":"OpenStreetMap"},"geometry":{"type":"LineString","coordinates":[[95.2895155,5.5542411],[95.2895673,5.5542922],[95.2895867,5.5543159],[95.2895975,5.5543363],[95.2896032,5.5543603],[95.2896065,5.5544],[95.2896056,5.5545892]]}},{"type":"Feature","properties":{"segmentId":"osm-gaul2-73705-2919721707-6134234650-0","regionId":"gaul2-73705","province":"Nangroe Aceh Darussalam","region":"Kota Bandaaceh","roadName":"Jalan Sultan Iskandar Muda","highway":"trunk","lengthMeters":43.698,"osmWayIds":["654640623"],"u":"2919721707","v":"6134234650","key":0,"oneway":true,"source":"OpenStreetMap"},"geometry":{"type":"LineString","coordinates":[[95.2895155,5.5542411],[95.2898824,5.5540959]]}},{"type":"Feature","properties":{"segmentId":"osm-gaul2-73705-3054889546-553302436-0","regionId":"gaul2-73705","province":"Nangroe Aceh Darussalam","region":"Kota Bandaaceh","roadName":"Unnamed OSM road","highway":"trunk","lengthMeters":6.094,"osmWayIds":["43713212"],"u":"3054889546","v":"553302436","key":0,"oneway":true,"source":"OpenStreetMap"},"geometry":{"type":"LineString","coordinates":[[95.3537631,5.5805507],[95.3537084,5.5805444]]}},{"type":"Feature","properties":{"segmentId":"osm-gaul2-73705-3055718892-3110402350-0","regionId":"gaul2-73705","province":"Nangroe Aceh Darussalam","region":"Kota Bandaaceh","roadName":"Unnamed OSM road","highway":"tertiary","lengthMeters":812.555,"osmWayIds":["306299148","656119245"],"u":"3055718892","v":"3110402350","key":0,"oneway":false,"source":"OpenStreetMap"},"geometry":{"type":"LineString","coordinates":[[95.379415,5.5926239],[95.3794012,5.5927001],[95.3793739,5.5927675],[95.3793169,5.592873],[95.3791284,5.5931752],[95.3789783,5.5935109],[95.3789326,5.5936137],[95.3788235,5.5939282],[95.3787917,5.5941043],[95.3787304,5.5945045],[95.3787208,5.594669],[95.3787604,5.594998],[95.378817,5.5953105],[95.3788693,5.595646],[95.3789203,5.5959102],[95.3789609,5.5960999],[95.3789984,5.5962752],[95.378989,5.5963352],[95.3789662,5.596414],[95.3789002,5.5965426],[95.3788627,5.5966293],[95.3788388,5.5966823],[95.378776,5.5968402],[95.3786046,5.5972393],[95.3785946,5.5972746],[95.3784773,5.5976163],[95.3784441,5.5976535],[95.3783858,5.5976834],[95.378316,5.5976954],[95.3781647,5.5976875],[95.3781055,5.5976731],[95.3780196,5.5976509],[95.3779237,5.5976504],[95.3778626,5.5976585],[95.3778008,5.5977125],[95.377759,5.5978302],[95.377705,5.5979949],[95.3776407,5.5982531],[95.3775379,5.5985582],[95.3774556,5.598836],[95.3774005,5.5989751]]}},{"type":"Feature","properties":{"segmentId":"osm-gaul2-73705-3055718892-3110659784-0","regionId":"gaul2-73705","province":"Nangroe Aceh Darussalam","region":"Kota Bandaaceh","roadName":"Jalan Teungku Chik Silang","highway":"tertiary","lengthMeters":1451.184,"osmWayIds":["654618972"],"u":"3055718892","v":"3110659784","key":0,"oneway":false,"source":"OpenStreetMap"},"geometry":{"type":"LineString","coordinates":[[95.379415,5.5926239],[95.3798659,5.5928151],[95.3801438,5.592922],[95.3804219,5.5930127],[95.3804449,5.5930871],[95.3804697,5.5931477],[95.3804913,5.5931845],[95.3806427,5.5933274],[95.3806636,5.593342],[95.3807413,5.5933635],[95.380817,5.5933691],[95.3810631,5.593366],[95.3812077,5.5933528],[95.381649,5.5934222],[95.3818631,5.5934572],[95.3821232,5.5935206],[95.3822068,5.5935252],[95.3822793,5.5935057],[95.3824099,5.5934555],[95.3825016,5.5934466],[95.38259,5.5934549],[95.3827758,5.5934902],[95.3828398,5.5935026],[95.3829659,5.593484],[95.3832218,5.5934646],[95.3832921,5.5934592],[95.3834505,5.5934442],[95.3835913,5.5934503],[95.3838168,5.5935197],[95.3840132,5.5936033],[95.3841425,5.5936597],[95.3842705,5.5937293],[95.3843489,5.5938011],[95.3844473,5.5939327],[95.3844875,5.5939683],[95.3845609,5.594031],[95.3846721,5.5940764],[95.3848792,5.5941818],[95.3855141,5.5945139],[95.3861746,5.5948711],[95.3864226,5.5950045],[95.3866933,5.5951509],[95.3869142,5.5952475],[95.3871785,5.5953516],[95.3873081,5.5954052],[95.3875073,5.5955032],[95.3877448,5.5956533],[95.3878603,5.5957401],[95.3879,5.5958022],[95.3879383,5.595901],[95.387959,5.5959875],[95.3879817,5.5961502],[95.3879975,5.5964275],[95.3880375,5.5965393],[95.3880894,5.5966473],[95.3881509,5.5967216],[95.3882129,5.5967867],[95.388542,5.5970192],[95.3893171,5.5976673],[95.389494,5.5978194],[95.3896224,5.5979108],[95.3899471,5.5982009],[95.3902113,5.5984654]]}},{"type":"Feature","properties":{"segmentId":"osm-gaul2-73705-3055718892-3112347405-0","regionId":"gaul2-73705","province":"Nangroe Aceh Darussalam","region":"Kota Bandaaceh","roadName":"Jalan Teungku Chik Silang","highway":"tertiary","lengthMeters":1699.663,"osmWayIds":["301504064","654618972","654618973"],"u":"3055718892","v":"3112347405","key":0,"oneway":false,"source":"OpenStreetMap"},"geometry":{"type":"LineString","coordinates":[[95.379415,5.5926239],[95.3792989,5.5921625],[95.3789604,5.5921183],[95.3788278,5.5920923],[95.3787841,5.5920728],[95.3787559,5.5920519],[95.3787196,5.5920184],[95.3786638,5.591929],[95.3786306,5.5917933],[95.3786274,5.5917511],[95.3786248,5.5917074],[95.3786305,5.5916279],[95.3786912,5.5912525],[95.3787933,5.5905818],[95.3787896,5.5905372],[95.3787849,5.5905186],[95.3786464,5.5902635],[95.3785553,5.5900317],[95.3785248,5.589973],[95.3784983,5.5899412],[95.3784596,5.5899212],[95.3783292,5.5898846],[95.3782529,5.5898738],[95.3779713,5.5898458],[95.3778702,5.589823],[95.3772672,5.5897286],[95.3771086,5.5897038],[95.376838,5.5896536],[95.3765177,5.5896015],[95.3763626,5.5895719],[95.3762969,5.5895562],[95.3762793,5.5895481],[95.3762637,5.5895365],[95.3762472,5.5895123],[95.3762413,5.5894827],[95.3762871,5.5891237],[95.3763069,5.5890209],[95.3763518,5.5887957],[95.3764936,5.5883525],[95.3765121,5.5882668],[95.3765238,5.5882301],[95.3765267,5.5882022],[95.3765235,5.5881807],[95.3765132,5.588161],[95.3764527,5.588112],[95.3763741,5.5880571],[95.3763311,5.5880215],[95.3763141,5.5879956],[95.3763056,5.5879665],[95.3763051,5.5879364],[95.3763317,5.5878267],[95.3763311,5.5878045],[95.3763245,5.5877873],[95.3763111,5.5877747],[95.3759247,5.5876198],[95.3755214,5.5874746],[95.375351,5.5873933],[95.3752549,5.5873139],[95.3752231,5.5872741],[95.375219,5.5872461],[95.37522,5.5872134],[95.3752336,5.5871482],[95.3753492,5.5867279],[95.3753784,5.5866384],[95.3753795,5.5866023],[95.3753541,5.5865651],[95.3753279,5.5865366],[95.375294,5.5865155],[95.3746125,5.5862963],[95.3742476,5.5861942],[95.3739166,5.5860966],[95.3738415,5.5860695],[95.3735859,5.585993],[95.3732794,5.5858883],[95.3729153,5.5857658],[95.3723431,5.5855844],[95.3722615,5.5855594],[95.3717229,5.5853897],[95.3715657,5.585343],[95.3713508,5.5852703],[95.3709677,5.5851546],[95.3707948,5.5851023],[95.3703557,5.5849989],[95.3699861,5.584899],[95.3696945,5.5848313]]}},{"type":"Feature","properties":{"segmentId":"osm-gaul2-73705-3059938477-5539087867-0","regionId":"gaul2-73705","province":"Nangroe Aceh Darussalam","region":"Kota Bandaaceh","roadName":"Unnamed OSM road","highway":"trunk_link","lengthMeters":9.673,"osmWayIds":["656007434"],"u":"3059938477","v":"5539087867","key":0,"oneway":false,"source":"OpenStreetMap"},"geometry":{"type":"LineString","coordinates":[[95.3360909,5.543069],[95.3361716,5.5431024]]}},{"type":"Feature","properties":{"segmentId":"osm-gaul2-73705-3059938477-764973245-0","regionId":"gaul2-73705","province":"Nangroe Aceh Darussalam","region":"Kota Bandaaceh","roadName":"Jalan Teungku Imum Lueng Bata","highway":"trunk","lengthMeters":549.304,"osmWayIds":["301841265"],"u":"3059938477","v":"764973245","key":0,"oneway":true,"source":"OpenStreetMap"},"geometry":{"type":"LineString","coordinates":[[95.3360909,5.543069],[95.3356388,5.5439687],[95.3350242,5.5452068],[95.3347592,5.5457363],[95.3344189,5.5464152],[95.3341625,5.5469531],[95.3340737,5.5471181],[95.3338744,5.5474886]]}},{"type":"Feature","properties":{"segmentId":"osm-gaul2-73705-3059938481-1274055540-0","regionId":"gaul2-73705","province":"Nangroe Aceh Darussalam","region":"Kota Bandaaceh","roadName":"Jalan Teungku Imum Lueng Bata","highway":"trunk","lengthMeters":316.779,"osmWayIds":["301841262","703422511"],"u":"3059938481","v":"1274055540","key":0,"oneway":true,"source":"OpenStreetMap"},"geometry":{"type":"LineString","coordinates":[[95.33279,5.5496842],[95.3325091,5.5500042],[95.3323857,5.5501243],[95.3322007,5.5502938],[95.3319929,5.5504534],[95.3316844,5.5506376],[95.3314403,5.5507423],[95.3312626,5.550797],[95.3310916,5.5508344],[95.330869,5.5508664],[95.3306456,5.5508765],[95.3305223,5.5508765],[95.330332,5.5508723]]}},{"type":"Feature","properties":{"segmentId":"osm-gaul2-73705-3059938481-7205055042-0","regionId":"gaul2-73705","province":"Nangroe Aceh Darussalam","region":"Kota Bandaaceh","roadName":"Jembatan Simpang Surabaya","highway":"trunk","lengthMeters":810.516,"osmWayIds":["1010125199","301841265","703422510"],"u":"3059938481","v":"7205055042","key":0,"oneway":true,"source":"OpenStreetMap"},"geometry":{"type":"LineString","coordinates":[[95.33279,5.5496842],[95.3326231,5.5499427],[95.3325373,5.5500649],[95.3324367,5.5501737],[95.3323039,5.5503045],[95.3321873,5.5504046],[95.3320478,5.5504967],[95.3318815,5.5505928],[95.3317286,5.5506749],[95.3315911,5.550739],[95.331445,5.5508004],[95.331274,5.5508558],[95.331107,5.5508878],[95.3309612,5.5509075],[95.3308036,5.5509238],[95.3306021,5.5509305],[95.330122,5.5509278],[95.3297545,5.5509238],[95.3284429,5.5508704],[95.3276677,5.5508811],[95.3262643,5.5509478],[95.3261203,5.5509503],[95.3259305,5.5509596]]}},{"type":"Feature","properties":{"segmentId":"osm-gaul2-73705-3059938484-3059938492-0","regionId":"gaul2-73705","province":"Nangroe Aceh Darussalam","region":"Kota Bandaaceh","roadName":"Unnamed OSM road","highway":"trunk","lengthMeters":14.273,"osmWayIds":["828683164"],"u":"3059938484","v":"3059938492","key":0,"oneway":true,"source":"OpenStreetMap"},"geometry":{"type":"LineString","coordinates":[[95.3302918,5.5510676],[95.3304207,5.5510718]]}},{"type":"Feature","properties":{"segmentId":"osm-gaul2-73705-3059938484-7207391894-0","regionId":"gaul2-73705","province":"Nangroe Aceh Darussalam","region":"Kota Bandaaceh","roadName":"Jalan Teuku Muhammad Hasan","highway":"primary","lengthMeters":47.362,"osmWayIds":["1008770875"],"u":"3059938484","v":"7207391894","key":0,"oneway":true,"source":"OpenStreetMap"},"geometry":{"type":"LineString","coordinates":[[95.3302918,5.5510676],[95.3304123,5.5514763]]}},{"type":"Feature","properties":{"segmentId":"osm-gaul2-73705-3059938485-3059938484-0","regionId":"gaul2-73705","province":"Nangroe Aceh Darussalam","region":"Kota Bandaaceh","roadName":"Jalan Teuku Muhammad Hasan","highway":"primary","lengthMeters":23.553,"osmWayIds":["1008770876"],"u":"3059938485","v":"3059938484","key":0,"oneway":true,"source":"OpenStreetMap"},"geometry":{"type":"LineString","coordinates":[[95.3302203,5.5508681],[95.3302918,5.5510676]]}},{"type":"Feature","properties":{"segmentId":"osm-gaul2-73705-3059938485-7205055042-0","regionId":"gaul2-73705","province":"Nangroe Aceh Darussalam","region":"Kota Bandaaceh","roadName":"Jalan Teungku Chik Ditiro","highway":"trunk","lengthMeters":476.615,"osmWayIds":["114939211","302052906","703422508"],"u":"3059938485","v":"7205055042","key":0,"oneway":true,"source":"OpenStreetMap"},"geometry":{"type":"LineString","coordinates":[[95.3302203,5.5508681],[95.3298068,5.550858],[95.3288546,5.5508161],[95.3283376,5.5508024],[95.3281197,5.5508028],[95.3276557,5.5507997],[95.32713,5.5508317],[95.3264312,5.5508718],[95.326163,5.5508918],[95.326096,5.5508985],[95.3260235,5.5509145],[95.3259305,5.5509596]]}},{"type":"Feature","properties":{"segmentId":"osm-gaul2-73705-3059938492-1274055540-0","regionId":"gaul2-73705","province":"Nangroe Aceh Darussalam","region":"Kota Bandaaceh","roadName":"Jalan Teuku Muhammad Hasan","highway":"primary","lengthMeters":24.258,"osmWayIds":["1008770873"],"u":"3059938492","v":"1274055540","key":0,"oneway":true,"source":"OpenStreetMap"},"geometry":{"type":"LineString","coordinates":[[95.3304207,5.5510718],[95.330332,5.5508723]]}},{"type":"Feature","properties":{"segmentId":"osm-gaul2-73705-3059938492-3062896096-0","regionId":"gaul2-73705","province":"Nangroe Aceh Darussalam","region":"Kota Bandaaceh","roadName":"Jalan Teungku Imum Lueng Bata","highway":"trunk","lengthMeters":27.582,"osmWayIds":["771788124"],"u":"3059938492","v":"3062896096","key":0,"oneway":true,"source":"OpenStreetMap"},"geometry":{"type":"LineString","coordinates":[[95.3304207,5.5510718],[95.3306698,5.5510795]]}},{"type":"Feature","properties":{"segmentId":"osm-gaul2-73705-3059938501-6145774538-0","regionId":"gaul2-73705","province":"Nangroe Aceh Darussalam","region":"Kota Bandaaceh","roadName":"Jalan Teungku Imum Lueng Bata","highway":"trunk","lengthMeters":277.002,"osmWayIds":["302052896"],"u":"3059938501","v":"6145774538","key":0,"oneway":true,"source":"OpenStreetMap"},"geometry":{"type":"LineString","coordinates":[[95.3328668,5.5497552],[95.3329086,5.5496827],[95.3330462,5.5494443],[95.3331546,5.5492502],[95.3334018,5.548685],[95.333727,5.5480116],[95.3339599,5.5475162]]}},{"type":"Feature","properties":{"segmentId":"osm-gaul2-73705-3059938512-3059938588-0","regionId":"gaul2-73705","province":"Nangroe Aceh Darussalam","region":"Kota Bandaaceh","roadName":"Jalan Teungku Imum Lueng Bata","highway":"trunk","lengthMeters":674.494,"osmWayIds":["302052896"],"u":"3059938512","v":"3059938588","key":0,"oneway":true,"source":"OpenStreetMap"},"geometry":{"type":"LineString","coordinates":[[95.3382393,5.540478],[95.3384213,5.5403152],[95.3385503,5.5402189],[95.338723,5.5400996],[95.3391387,5.5397996],[95.3394385,5.539595],[95.3396157,5.5394595],[95.3398918,5.5392506],[95.340255,5.5389852],[95.3405891,5.5387574],[95.3408481,5.538582],[95.3409661,5.5384952],[95.3410238,5.5384459],[95.3411137,5.5383537],[95.3412008,5.5382336],[95.3412813,5.5381068],[95.3413564,5.5379626],[95.341398,5.5378438],[95.3415133,5.5374928],[95.3417051,5.5368374],[95.3418588,5.5364303],[95.3419772,5.5360216]]}},{"type":"Feature","properties":{"segmentId":"osm-gaul2-73705-3059938512-3059938600-0","regionId":"gaul2-73705","province":"Nangroe Aceh Darussalam","region":"Kota Bandaaceh","roadName":"Jalan Teungku Imum Lueng Bata","highway":"trunk_link","lengthMeters":8.894,"osmWayIds":["468148461"],"u":"3059938512","v":"3059938600","key":0,"oneway":false,"source":"OpenStreetMap"},"geometry":{"type":"LineString","coordinates":[[95.3382393,5.540478],[95.3381915,5.5404137]]}},{"type":"Feature","properties":{"segmentId":"osm-gaul2-73705-3059938516-3059938588-0","regionId":"gaul2-73705","province":"Nangroe Aceh Darussalam","region":"Kota Bandaaceh","roadName":"Unnamed OSM road","highway":"trunk_link","lengthMeters":10.089,"osmWayIds":["1371016161"],"u":"3059938516","v":"3059938588","key":0,"oneway":false,"source":"OpenStreetMap"},"geometry":{"type":"LineString","coordinates":[[95.3418891,5.5359983],[95.3419772,5.5360216]]}},{"type":"Feature","properties":{"segmentId":"osm-gaul2-73705-3059938516-3059938600-0","regionId":"gaul2-73705","province":"Nangroe Aceh Darussalam","region":"Kota Bandaaceh","roadName":"Jalan Teungku Imum Lueng Bata","highway":"trunk","lengthMeters":667.647,"osmWayIds":["301841265"],"u":"3059938516","v":"3059938600","key":0,"oneway":true,"source":"OpenStreetMap"},"geometry":{"type":"LineString","coordinates":[[95.3418891,5.5359983],[95.3417943,5.5362874],[95.3416977,5.53662],[95.341595,5.5369556],[95.3415593,5.5370693],[95.3413919,5.5375608],[95.3412109,5.5380601],[95.3411774,5.5381228],[95.3410922,5.5382416],[95.3408897,5.5384392],[95.3405202,5.5386916],[95.339912,5.5391233],[95.3395519,5.5393936],[95.339509,5.5394283],[95.3392334,5.5396325],[95.3388452,5.5399062],[95.3384253,5.5402104],[95.338351,5.5402709],[95.3381915,5.5404137]]}},{"type":"Feature","properties":{"segmentId":"osm-gaul2-73705-3059938548-3060899458-0","regionId":"gaul2-73705","province":"Nangroe Aceh Darussalam","region":"Kota Bandaaceh","roadName":"Jalan Banda Aceh-Medan","highway":"trunk","lengthMeters":34.888,"osmWayIds":["301841263"],"u":"3059938548","v":"3060899458","key":0,"oneway":true,"source":"OpenStreetMap"},"geometry":{"type":"LineString","coordinates":[[95.3573892,5.5112533],[95.357406,5.5115425],[95.3574079,5.5115665]]}},{"type":"Feature","properties":{"segmentId":"osm-gaul2-73705-3059938548-3071721372-0","regionId":"gaul2-73705","province":"Nangroe Aceh Darussalam","region":"Kota Bandaaceh","roadName":"Unnamed OSM road","highway":"secondary","lengthMeters":544.964,"osmWayIds":["302889026"],"u":"3059938548","v":"3071721372","key":0,"oneway":false,"source":"OpenStreetMap"},"geometry":{"type":"LineString","coordinates":[[95.3573892,5.5112533],[95.3570366,5.5112131],[95.3565246,5.5109173],[95.3562124,5.5107126],[95.3552145,5.5101526],[95.3551627,5.5101209],[95.3547768,5.5098848],[95.3544464,5.5096991],[95.3542115,5.5095717],[95.3539476,5.5094489],[95.3537884,5.5093963],[95.3536195,5.5093482],[95.3533415,5.5092955],[95.3533271,5.5092927],[95.3529696,5.509223]]}},{"type":"Feature","properties":{"segmentId":"osm-gaul2-73705-3059938551-3088722165-0","regionId":"gaul2-73705","province":"Nangroe Aceh Darussalam","region":"Kota Bandaaceh","roadName":"Jalan Bandara","highway":"trunk","lengthMeters":457.06,"osmWayIds":["43324087","61785259","678112009"],"u":"3059938551","v":"3088722165","key":0,"oneway":true,"source":"OpenStreetMap"},"geometry":{"type":"LineString","coordinates":[[95.3582838,5.5080985],[95.3589697,5.5086961],[95.3591398,5.508852],[95.3611798,5.5107196],[95.3612864,5.5108152],[95.3613417,5.5108605]]}},{"type":"Feature","properties":{"segmentId":"osm-gaul2-73705-3059938551-6146773404-0","regionId":"gaul2-73705","province":"Nangroe Aceh Darussalam","region":"Kota Bandaaceh","roadName":"Bundaran Lambaro","highway":"trunk","lengthMeters":13.604,"osmWayIds":["301841264"],"u":"3059938551","v":"6146773404","key":0,"oneway":true,"source":"OpenStreetMap"},"geometry":{"type":"LineString","coordinates":[[95.3582838,5.5080985],[95.358314,5.508071],[95.3583373,5.5080374],[95.3583524,5.5079995]]}},{"type":"Feature","properties":{"segmentId":"osm-gaul2-73705-3059938559-3059938561-0","regionId":"gaul2-73705","province":"Nangroe Aceh Darussalam","region":"Kota Bandaaceh","roadName":"Bundaran Lambaro","highway":"trunk","lengthMeters":27.206,"osmWayIds":["301841264"],"u":"3059938559","v":"3059938561","key":0,"oneway":true,"source":"OpenStreetMap"},"geometry":{"type":"LineString","coordinates":[[95.3583575,5.5079299],[95.3583479,5.5078902],[95.3583297,5.5078537],[95.3583038,5.5078222],[95.3582714,5.5077972],[95.3582342,5.5077801],[95.3581941,5.5077717]]}},{"type":"Feature","properties":{"segmentId":"osm-gaul2-73705-3059938559-3071652192-0","regionId":"gaul2-73705","province":"Nangroe Aceh Darussalam","region":"Kota Bandaaceh","roadName":"Jalan Raya Medan Banda Aceh","highway":"trunk","lengthMeters":41.446,"osmWayIds":["61786567"],"u":"3059938559","v":"3071652192","key":0,"oneway":true,"source":"OpenStreetMap"},"geometry":{"type":"LineString","coordinates":[[95.3583575,5.5079299],[95.3584105,5.5078315],[95.3584501,5.5077657],[95.3585564,5.5076147]]}},{"type":"Feature","properties":{"segmentId":"osm-gaul2-73705-3059938561-544500441-0","regionId":"gaul2-73705","province":"Nangroe Aceh Darussalam","region":"Kota Bandaaceh","roadName":"Bundaran Lambaro","highway":"trunk","lengthMeters":8.646,"osmWayIds":["301841264"],"u":"3059938561","v":"544500441","key":0,"oneway":true,"source":"OpenStreetMap"},"geometry":{"type":"LineString","coordinates":[[95.3581941,5.5077717],[95.3581551,5.5077722],[95.358117,5.507781]]}},{"type":"Feature","properties":{"segmentId":"osm-gaul2-73705-3059938567-3059938548-0","regionId":"gaul2-73705","province":"Nangroe Aceh Darussalam","region":"Kota Bandaaceh","roadName":"Jalan Banda Aceh-Medan","highway":"trunk","lengthMeters":381.379,"osmWayIds":["301841263"],"u":"3059938567","v":"3059938548","key":0,"oneway":true,"source":"OpenStreetMap"},"geometry":{"type":"LineString","coordinates":[[95.358026,5.5080531],[95.3576581,5.5084998],[95.3575094,5.5086888],[95.3573669,5.5089816],[95.3573271,5.5090885],[95.3572887,5.5092374],[95.3572823,5.5093712],[95.3573892,5.5112533]]}},{"type":"Feature","properties":{"segmentId":"osm-gaul2-73705-3059938567-3059938572-0","regionId":"gaul2-73705","province":"Nangroe Aceh Darussalam","region":"Kota Bandaaceh","roadName":"Bundaran Lambaro","highway":"trunk","lengthMeters":11.098,"osmWayIds":["301841264"],"u":"3059938567","v":"3059938572","key":0,"oneway":true,"source":"OpenStreetMap"},"geometry":{"type":"LineString","coordinates":[[95.358026,5.5080531],[95.3580471,5.5080789],[95.3580727,5.5081004],[95.3581017,5.5081168]]}},{"type":"Feature","properties":{"segmentId":"osm-gaul2-73705-3059938572-3059938551-0","regionId":"gaul2-73705","province":"Nangroe Aceh Darussalam","region":"Kota Bandaaceh","roadName":"Bundaran Lambaro","highway":"trunk","lengthMeters":21.189,"osmWayIds":["301841264"],"u":"3059938572","v":"3059938551","key":0,"oneway":true,"source":"OpenStreetMap"},"geometry":{"type":"LineString","coordinates":[[95.3581017,5.5081168],[95.3581381,5.5081289],[95.3581761,5.508133],[95.3582142,5.5081292],[95.3582506,5.5081175],[95.3582838,5.5080985]]}},{"type":"Feature","properties":{"segmentId":"osm-gaul2-73705-3059938588-3059938516-0","regionId":"gaul2-73705","province":"Nangroe Aceh Darussalam","region":"Kota Bandaaceh","roadName":"Unnamed OSM road","highway":"trunk_link","lengthMeters":10.089,"osmWayIds":["1371016161"],"u":"3059938588","v":"3059938516","key":0,"oneway":false,"source":"OpenStreetMap"},"geometry":{"type":"LineString","coordinates":[[95.3419772,5.5360216],[95.3418891,5.5359983]]}},{"type":"Feature","properties":{"segmentId":"osm-gaul2-73705-3059938588-7739088908-0","regionId":"gaul2-73705","province":"Nangroe Aceh Darussalam","region":"Kota Bandaaceh","roadName":"Jalan Banda Aceh-Medan","highway":"trunk","lengthMeters":584.281,"osmWayIds":["301841267","301841269","302052896"],"u":"3059938588","v":"7739088908","key":0,"oneway":true,"source":"OpenStreetMap"},"geometry":{"type":"LineString","coordinates":[[95.3419772,5.5360216],[95.3420277,5.5359196],[95.3420751,5.5358401],[95.3422967,5.5355355],[95.342389,5.5354076],[95.3425726,5.5351684],[95.3429798,5.5346582],[95.3432172,5.5343712],[95.3432956,5.5342811],[95.3433681,5.5342097],[95.3434606,5.5341323],[95.3435464,5.5340769],[95.3436269,5.5340348],[95.3437375,5.5339988],[95.343873,5.5339768],[95.3440319,5.5339574],[95.3441104,5.5339461],[95.3444232,5.5338986],[95.344744,5.5338752],[95.3455707,5.5338335],[95.346065,5.5337966],[95.3462202,5.5337768],[95.3462779,5.5337668]]}},{"type":"Feature","properties":{"segmentId":"osm-gaul2-73705-3059938600-3059938512-0","regionId":"gaul2-73705","province":"Nangroe Aceh Darussalam","region":"Kota Bandaaceh","roadName":"Jalan Teungku Imum Lueng Bata","highway":"trunk_link","lengthMeters":8.894,"osmWayIds":["468148461"],"u":"3059938600","v":"3059938512","key":0,"oneway":false,"source":"OpenStreetMap"},"geometry":{"type":"LineString","coordinates":[[95.3381915,5.5404137],[95.3382393,5.540478]]}},{"type":"Feature","properties":{"segmentId":"osm-gaul2-73705-3059938600-6133942178-0","regionId":"gaul2-73705","province":"Nangroe Aceh Darussalam","region":"Kota Bandaaceh","roadName":"Jalan Teungku Imum Lueng Bata","highway":"trunk","lengthMeters":133.55,"osmWayIds":["301841265"],"u":"3059938600","v":"6133942178","key":0,"oneway":true,"source":"OpenStreetMap"},"geometry":{"type":"LineString","coordinates":[[95.3381915,5.5404137],[95.338025,5.5405575],[95.3372707,5.5411899]]}},{"type":"Feature","properties":{"segmentId":"osm-gaul2-73705-3059949679-3059938572-0","regionId":"gaul2-73705","province":"Nangroe Aceh Darussalam","region":"Kota Bandaaceh","roadName":"Jalan Banda Aceh-Medan","highway":"trunk","lengthMeters":589.17,"osmWayIds":["654631281"],"u":"3059949679","v":"3059938572","key":0,"oneway":true,"source":"OpenStreetMap"},"geometry":{"type":"LineString","coordinates":[[95.3578368,5.5131566],[95.3576749,5.5124598],[95.3575395,5.5117593],[95.3575025,5.5114787],[95.3574658,5.5107545],[95.3574107,5.5096677],[95.3574041,5.5094733],[95.3574048,5.5093854],[95.3574204,5.5091189],[95.3574404,5.5090387],[95.3575622,5.5087627],[95.3576886,5.508599],[95.3580188,5.5082179],[95.3581017,5.5081168]]}},{"type":"Feature","properties":{"segmentId":"osm-gaul2-73705-3059949679-6134415254-0","regionId":"gaul2-73705","province":"Nangroe Aceh Darussalam","region":"Kota Bandaaceh","roadName":"Unnamed OSM road","highway":"trunk_link","lengthMeters":8.53,"osmWayIds":["654649212"],"u":"3059949679","v":"6134415254","key":0,"oneway":false,"source":"OpenStreetMap"},"geometry":{"type":"LineString","coordinates":[[95.3578368,5.5131566],[95.3577612,5.5131715]]}},{"type":"Feature","properties":{"segmentId":"osm-gaul2-73705-3059966666-7739088899-0","regionId":"gaul2-73705","province":"Nangroe Aceh Darussalam","region":"Kota Bandaaceh","roadName":"Jalan Profesor Ali Hasjmy","highway":"primary_link","lengthMeters":43.1,"osmWayIds":["301845032"],"u":"3059966666","v":"7739088899","key":0,"oneway":false,"source":"OpenStreetMap"},"geometry":{"type":"LineString","coordinates":[[95.3481385,5.5339624],[95.3480443,5.5343385]]}},{"type":"Feature","properties":{"segmentId":"osm-gaul2-73705-3059966669-7739088898-0","regionId":"gaul2-73705","province":"Nangroe Aceh Darussalam","region":"Kota Bandaaceh","roadName":"Jalan Profesor Ali Hasjmy","highway":"primary_link","lengthMeters":38.438,"osmWayIds":["301845036"],"u":"3059966669","v":"7739088898","key":0,"oneway":false,"source":"OpenStreetMap"},"geometry":{"type":"LineString","coordinates":[[95.3482456,5.5339981],[95.348164,5.5343341]]}},{"type":"Feature","properties":{"segmentId":"osm-gaul2-73705-3059966709-6134782950-0","regionId":"gaul2-73705","province":"Nangroe Aceh Darussalam","region":"Kota Bandaaceh","roadName":"Jalan Banda Aceh-Medan","highway":"trunk","lengthMeters":510.405,"osmWayIds":["301841269"],"u":"3059966709","v":"6134782950","key":0,"oneway":true,"source":"OpenStreetMap"},"geometry":{"type":"LineString","coordinates":[[95.349489,5.533617],[95.3497785,5.5336216],[95.3501313,5.5336376],[95.3502479,5.5336457],[95.3504517,5.5336804],[95.3512564,5.5338299],[95.3513985,5.5338405],[95.3515245,5.5338325],[95.3516882,5.5338085],[95.3518357,5.5337524],[95.3520181,5.533643],[95.3537301,5.5325728]]}},{"type":"Feature","properties":{"segmentId":"osm-gaul2-73705-3060053323-6145587226-0","regionId":"gaul2-73705","province":"Nangroe Aceh Darussalam","region":"Kota Bandaaceh","roadName":"Jalan Teuku Panglima Nyak Makam","highway":"primary","lengthMeters":102.665,"osmWayIds":["43326798"],"u":"3060053323","v":"6145587226","key":0,"oneway":true,"source":"OpenStreetMap"},"geometry":{"type":"LineString","coordinates":[[95.344571,5.5536122],[95.3445249,5.5540381],[95.3445216,5.5540687],[95.3444919,5.5543423],[95.3444684,5.5545298]]}},{"type":"Feature","properties":{"segmentId":"osm-gaul2-73705-3060053325-6147539048-0","regionId":"gaul2-73705","province":"Nangroe Aceh Darussalam","region":"Kota Bandaaceh","roadName":"Jalan Profesor Ali Hasjmy","highway":"primary","lengthMeters":133.972,"osmWayIds":["114780531"],"u":"3060053325","v":"6147539048","key":0,"oneway":true,"source":"OpenStreetMap"},"geometry":{"type":"LineString","coordinates":[[95.3473836,5.5388639],[95.3473109,5.5392961],[95.3472338,5.5396299],[95.3471714,5.5398728],[95.3471419,5.5400437]]}},{"type":"Feature","properties":{"segmentId":"osm-gaul2-73705-3060053330-3060053325-0","regionId":"gaul2-73705","province":"Nangroe Aceh Darussalam","region":"Kota Bandaaceh","roadName":"Unnamed OSM road","highway":"tertiary","lengthMeters":362.712,"osmWayIds":["829191466"],"u":"3060053330","v":"3060053325","key":0,"oneway":true,"source":"OpenStreetMap"},"geometry":{"type":"LineString","coordinates":[[95.3476222,5.5356143],[95.3476137,5.535732],[95.3475726,5.5360921],[95.3474336,5.5373078],[95.3474181,5.5374641],[95.347406,5.5375693],[95.3473923,5.5378298],[95.347385,5.5381838],[95.3473836,5.5388639]]}},{"type":"Feature","properties":{"segmentId":"osm-gaul2-73705-3060053633-3060053330-0","regionId":"gaul2-73705","province":"Nangroe Aceh Darussalam","region":"Kota Bandaaceh","roadName":"Unnamed OSM road","highway":"tertiary","lengthMeters":29.573,"osmWayIds":["829206160"],"u":"3060053633","v":"3060053330","key":0,"oneway":true,"source":"OpenStreetMap"},"geometry":{"type":"LineString","coordinates":[[95.3478154,5.5354586],[95.3477534,5.5354751],[95.3476854,5.5355055],[95.3476588,5.5355301],[95.3476222,5.5356143]]}},{"type":"Feature","properties":{"segmentId":"osm-gaul2-73705-3060053633-3060053713-0","regionId":"gaul2-73705","province":"Nangroe Aceh Darussalam","region":"Kota Bandaaceh","roadName":"Jalan Makam T. Nyak Arief","highway":"tertiary","lengthMeters":181.31,"osmWayIds":["829206159"],"u":"3060053633","v":"3060053713","key":0,"oneway":false,"source":"OpenStreetMap"},"geometry":{"type":"LineString","coordinates":[[95.3478154,5.5354586],[95.3477609,5.5354225],[95.3476254,5.5353383],[95.3470526,5.5349203],[95.3469246,5.5348434],[95.3468429,5.5348137],[95.3467336,5.5347977],[95.3466095,5.534809],[95.3463855,5.5348658]]}},{"type":"Feature","properties":{"segmentId":"osm-gaul2-73705-3060053633-3060077745-0","regionId":"gaul2-73705","province":"Nangroe Aceh Darussalam","region":"Kota Bandaaceh","roadName":"Unnamed OSM road","highway":"tertiary","lengthMeters":45.629,"osmWayIds":["829191465"],"u":"3060053633","v":"3060077745","key":0,"oneway":false,"source":"OpenStreetMap"},"geometry":{"type":"LineString","coordinates":[[95.3478154,5.5354586],[95.3481919,5.5356258]]}},{"type":"Feature","properties":{"segmentId":"osm-gaul2-73705-3060053639-3060053704-0","regionId":"gaul2-73705","province":"Nangroe Aceh Darussalam","region":"Kota Bandaaceh","roadName":"Unnamed OSM road","highway":"tertiary_link","lengthMeters":56.231,"osmWayIds":["301852991"],"u":"3060053639","v":"3060053704","key":0,"oneway":true,"source":"OpenStreetMap"},"geometry":{"type":"LineString","coordinates":[[95.3481038,5.5358387],[95.3481921,5.5358076],[95.3482803,5.5357829],[95.3483727,5.5357678],[95.3484414,5.5357647],[95.3484778,5.5357664],[95.3486016,5.5357721]]}},{"type":"Feature","properties":{"segmentId":"osm-gaul2-73705-3060053639-3060077745-0","regionId":"gaul2-73705","province":"Nangroe Aceh Darussalam","region":"Kota Bandaaceh","roadName":"Unnamed OSM road","highway":"tertiary","lengthMeters":25.644,"osmWayIds":["301852985"],"u":"3060053639","v":"3060077745","key":0,"oneway":true,"source":"OpenStreetMap"},"geometry":{"type":"LineString","coordinates":[[95.3481038,5.5358387],[95.3481551,5.5357318],[95.3481919,5.5356258]]}},{"type":"Feature","properties":{"segmentId":"osm-gaul2-73705-3060053646-3060053639-0","regionId":"gaul2-73705","province":"Nangroe Aceh Darussalam","region":"Kota Bandaaceh","roadName":"Unnamed OSM road","highway":"tertiary","lengthMeters":344.965,"osmWayIds":["301852985"],"u":"3060053646","v":"3060053639","key":0,"oneway":true,"source":"OpenStreetMap"},"geometry":{"type":"LineString","coordinates":[[95.3475101,5.5388613],[95.347627,5.5382294],[95.3477434,5.537764],[95.3478124,5.5370546],[95.3478467,5.536738],[95.3478903,5.5363361],[95.3479023,5.536262],[95.3479203,5.5361983],[95.3479385,5.5361519],[95.3481038,5.5358387]]}},{"type":"Feature","properties":{"segmentId":"osm-gaul2-73705-3060053646-7739088898-0","regionId":"gaul2-73705","province":"Nangroe Aceh Darussalam","region":"Kota Bandaaceh","roadName":"Jalan Profesor Ali Hasjmy","highway":"primary_link","lengthMeters":509.093,"osmWayIds":["1016018340","301845037","301855269"],"u":"3060053646","v":"7739088898","key":0,"oneway":true,"source":"OpenStreetMap"},"geometry":{"type":"LineString","coordinates":[[95.3475101,5.5388613],[95.3476286,5.5377576],[95.3476423,5.5375227],[95.3477175,5.5369097],[95.3478354,5.5360518],[95.3478883,5.5357584],[95.3480651,5.5349673],[95.3481444,5.534415],[95.348164,5.5343341]]}},{"type":"Feature","properties":{"segmentId":"osm-gaul2-73705-3060053704-1565007543-0","regionId":"gaul2-73705","province":"Nangroe Aceh Darussalam","region":"Kota Bandaaceh","roadName":"Jalan Makam T. Nyak Arief","highway":"tertiary","lengthMeters":3496.328,"osmWayIds":["143060274","829191467"],"u":"3060053704","v":"1565007543","key":0,"oneway":false,"source":"OpenStreetMap"},"geometry":{"type":"LineString","coordinates":[[95.3486016,5.5357721],[95.3490114,5.5358596],[95.3493858,5.5359038],[95.3495387,5.5359218],[95.3498984,5.5359522],[95.3501151,5.5359484],[95.3503203,5.535923],[95.3504972,5.5358777],[95.3506974,5.5358271],[95.3509162,5.5357474],[95.3511691,5.5355744],[95.3518404,5.5351052],[95.3520891,5.5349547],[95.35368,5.5339333],[95.3538669,5.5337839],[95.3540028,5.5336688],[95.3541775,5.5335688],[95.354361,5.5335119],[95.3545351,5.5335276],[95.3547279,5.5336065],[95.3550318,5.5338182],[95.3556263,5.5342462],[95.3558607,5.5344023],[95.3561065,5.5345441],[95.3563104,5.5345897],[95.3565929,5.5346344],[95.3569206,5.5346071],[95.3571275,5.5345217],[95.3573339,5.5344263],[95.357626,5.53421],[95.357892,5.5339925],[95.3581363,5.5337872],[95.3583836,5.5336241],[95.3586067,5.533522],[95.3589942,5.533371],[95.3593221,5.5332744],[95.3595453,5.5332435],[95.359749,5.533257],[95.3605968,5.5333447],[95.3612748,5.5334149],[95.3618428,5.5334482],[95.3620766,5.533443],[95.362439,5.5333791],[95.3626189,5.5333075],[95.3627824,5.5331415],[95.3628948,5.5330383],[95.363038,5.5328502],[95.3633049,5.532387],[95.3633881,5.5320619],[95.3634009,5.5319746],[95.3633755,5.5317798],[95.3633579,5.5316069],[95.3633143,5.5314749],[95.3632772,5.5313843],[95.3632553,5.5313434],[95.3629236,5.5307124],[95.3627783,5.5304519],[95.3627044,5.5302337],[95.3626975,5.530042],[95.3627039,5.5299076],[95.3627779,5.5297658],[95.3628516,5.529682],[95.3629698,5.5295675],[95.3631323,5.529537],[95.36328,5.5295378],[95.363384,5.5295544],[95.363777,5.5295731],[95.3643348,5.5295792],[95.3652214,5.5295357],[95.3653729,5.5295224],[95.3654842,5.5294997],[95.3656465,5.5294743],[95.365916,5.5294142],[95.3663184,5.5293515],[95.3665477,5.5293181],[95.3668039,5.5293061],[95.3670292,5.5293181],[95.367284,5.5293395],[95.3674637,5.5293755],[95.367642,5.5294369],[95.3681222,5.5296305],[95.3683139,5.5297386],[95.3684601,5.5298614],[95.3686382,5.5301237],[95.3688882,5.5306606],[95.3691639,5.5313696],[95.3692742,5.5316608],[95.3696698,5.532742],[95.3697075,5.5328729],[95.3699399,5.5340164],[95.3700982,5.5346556],[95.370146,5.5349554],[95.37018,5.5351896],[95.3702169,5.5353971],[95.3702344,5.5356388],[95.3702317,5.5357535]]}},{"type":"Feature","properties":{"segmentId":"osm-gaul2-73705-3060053704-3060077745-0","regionId":"gaul2-73705","province":"Nangroe Aceh Darussalam","region":"Kota Bandaaceh","roadName":"Jalan Makam T. Nyak Arief","highway":"tertiary","lengthMeters":48.175,"osmWayIds":["301856205","829191467"],"u":"3060053704","v":"3060077745","key":0,"oneway":false,"source":"OpenStreetMap"},"geometry":{"type":"LineString","coordinates":[[95.3486016,5.5357721],[95.3483401,5.5356798],[95.3481919,5.5356258]]}},{"type":"Feature","properties":{"segmentId":"osm-gaul2-73705-3060053713-3060053330-0","regionId":"gaul2-73705","province":"Nangroe Aceh Darussalam","region":"Kota Bandaaceh","roadName":"Unnamed OSM road","highway":"tertiary_link","lengthMeters":176.522,"osmWayIds":["301852992"],"u":"3060053713","v":"3060053330","key":0,"oneway":true,"source":"OpenStreetMap"},"geometry":{"type":"LineString","coordinates":[[95.3463855,5.5348658],[95.3465619,5.5348474],[95.3466583,5.5348394],[95.3467128,5.5348401],[95.3467805,5.5348521],[95.3468653,5.5348791],[95.3469173,5.5349042],[95.3469774,5.5349425],[95.3475628,5.5353856],[95.3475826,5.5354086],[95.3475971,5.5354373],[95.3476101,5.5354782],[95.3476245,5.5355538],[95.3476222,5.5356143]]}},{"type":"Feature","properties":{"segmentId":"osm-gaul2-73705-3060053713-3060053633-0","regionId":"gaul2-73705","province":"Nangroe Aceh Darussalam","region":"Kota Bandaaceh","roadName":"Jalan Makam T. Nyak Arief","highway":"tertiary","lengthMeters":181.31,"osmWayIds":["829206159"],"u":"3060053713","v":"3060053633","key":0,"oneway":false,"source":"OpenStreetMap"},"geometry":{"type":"LineString","coordinates":[[95.3463855,5.5348658],[95.3466095,5.534809],[95.3467336,5.5347977],[95.3468429,5.5348137],[95.3469246,5.5348434],[95.3470526,5.5349203],[95.3476254,5.5353383],[95.3477609,5.5354225],[95.3478154,5.5354586]]}},{"type":"Feature","properties":{"segmentId":"osm-gaul2-73705-3060053713-6605827643-0","regionId":"gaul2-73705","province":"Nangroe Aceh Darussalam","region":"Kota Bandaaceh","roadName":"Jalan Inspeksi Krueng Aceh","highway":"tertiary","lengthMeters":3000.676,"osmWayIds":["654631277"],"u":"3060053713","v":"6605827643","key":0,"oneway":false,"source":"OpenStreetMap"},"geometry":{"type":"LineString","coordinates":[[95.3463855,5.5348658],[95.3458115,5.535056],[95.3453381,5.5352129],[95.3451745,5.5352796],[95.3449731,5.5353775],[95.344799,5.5354918],[95.3446233,5.5356293],[95.3444325,5.5358123],[95.3444162,5.5358337],[95.3439353,5.5364276],[95.3439026,5.5364788],[95.343655,5.5369762],[95.3436113,5.5371152],[95.3432765,5.5388076],[95.3431478,5.5392194],[95.3430395,5.5394764],[95.3429215,5.5397126],[95.3427616,5.5399599],[95.3422941,5.5406316],[95.342235,5.540742],[95.3421193,5.5409583],[95.3420806,5.5410982],[95.3420545,5.5412406],[95.3420266,5.541476],[95.3420357,5.5419132],[95.3420611,5.5422059],[95.3421159,5.5428246],[95.3421762,5.5435046],[95.3421952,5.5437991],[95.3422067,5.544163],[95.3422453,5.5445729],[95.3423185,5.5450183],[95.3423555,5.5451988],[95.3424185,5.5453883],[95.3424866,5.5455927],[95.3426359,5.5461537],[95.3426834,5.5464366],[95.3427172,5.5467121],[95.3427123,5.5468059],[95.3427006,5.546932],[95.3425949,5.5473002],[95.3425191,5.5475054],[95.3424836,5.5475794],[95.342438,5.5476559],[95.3422453,5.5478991],[95.3419894,5.5481474],[95.3410942,5.5490356],[95.3406059,5.5495096],[95.340375,5.5497671],[95.340203,5.549946],[95.3399418,5.5501911],[95.3397947,5.5503198],[95.3397276,5.5503718],[95.3394416,5.5505416],[95.3391977,5.5506549],[95.3389619,5.5507236],[95.3383175,5.5508676],[95.3382571,5.5508772],[95.3381505,5.5508872],[95.3371429,5.5509814],[95.3370346,5.5509915],[95.3365699,5.551035],[95.3361389,5.5511443],[95.3358503,5.551294],[95.3357245,5.5514013],[95.3355088,5.5515853],[95.3351402,5.551878],[95.3350638,5.5519387],[95.3347478,5.5521737],[95.3343134,5.5525347],[95.3340788,5.5527107],[95.3338636,5.5528472],[95.3328136,5.5533733],[95.3321703,5.5536758]]}},{"type":"Feature","properties":{"segmentId":"osm-gaul2-73705-3060069332-6784191174-0","regionId":"gaul2-73705","province":"Nangroe Aceh Darussalam","region":"Kota Bandaaceh","roadName":"Jalan Profesor Ali Hasjmy","highway":"primary","lengthMeters":278.887,"osmWayIds":["301855269"],"u":"3060069332","v":"6784191174","key":0,"oneway":true,"source":"OpenStreetMap"},"geometry":{"type":"LineString","coordinates":[[95.344803,5.552597],[95.3449579,5.5518255],[95.3449632,5.5517996],[95.3451135,5.551072],[95.3452268,5.550446],[95.3452899,5.5501363]]}},{"type":"Feature","properties":{"segmentId":"osm-gaul2-73705-3060069733-3060069332-0","regionId":"gaul2-73705","province":"Nangroe Aceh Darussalam","region":"Kota Bandaaceh","roadName":"Jalan Profesor Ali Hasjmy","highway":"primary","lengthMeters":43.31,"osmWayIds":["301855269"],"u":"3060069733","v":"3060069332","key":0,"oneway":true,"source":"OpenStreetMap"},"geometry":{"type":"LineString","coordinates":[[95.3447132,5.5529761],[95.344803,5.552597]]}},{"type":"Feature","properties":{"segmentId":"osm-gaul2-73705-3060069733-544527108-0","regionId":"gaul2-73705","province":"Nangroe Aceh Darussalam","region":"Kota Bandaaceh","roadName":"Jalan T. Iskandar","highway":"tertiary","lengthMeters":17.073,"osmWayIds":["1010143532"],"u":"3060069733","v":"544527108","key":0,"oneway":false,"source":"OpenStreetMap"},"geometry":{"type":"LineString","coordinates":[[95.3447132,5.5529761],[95.3446206,5.5530989]]}},{"type":"Feature","properties":{"segmentId":"osm-gaul2-73705-3060069733-544527109-0","regionId":"gaul2-73705","province":"Nangroe Aceh Darussalam","region":"Kota Bandaaceh","roadName":"Jalan T. Iskandar","highway":"tertiary","lengthMeters":42.783,"osmWayIds":["1145541504"],"u":"3060069733","v":"544527109","key":0,"oneway":false,"source":"OpenStreetMap"},"geometry":{"type":"LineString","coordinates":[[95.3447132,5.5529761],[95.345013,5.5527332]]}},{"type":"Feature","properties":{"segmentId":"osm-gaul2-73705-3060069735-3060069733-0","regionId":"gaul2-73705","province":"Nangroe Aceh Darussalam","region":"Kota Bandaaceh","roadName":"Jalan Teuku Panglima Nyak Makam","highway":"primary","lengthMeters":174.666,"osmWayIds":["1010143533","301855271"],"u":"3060069735","v":"3060069733","key":0,"oneway":true,"source":"OpenStreetMap"},"geometry":{"type":"LineString","coordinates":[[95.3445533,5.5545382],[95.3445992,5.5541661],[95.3446119,5.5540422],[95.3446435,5.5537329],[95.3446602,5.5536415],[95.3446914,5.5533198],[95.3447132,5.5529761]]}},{"type":"Feature","properties":{"segmentId":"osm-gaul2-73705-3060069735-6145587226-0","regionId":"gaul2-73705","province":"Nangroe Aceh Darussalam","region":"Kota Bandaaceh","roadName":"Unnamed OSM road","highway":"primary_link","lengthMeters":9.442,"osmWayIds":["655998067"],"u":"3060069735","v":"6145587226","key":0,"oneway":false,"source":"OpenStreetMap"},"geometry":{"type":"LineString","coordinates":[[95.3445533,5.5545382],[95.3444684,5.5545298]]}},{"type":"Feature","properties":{"segmentId":"osm-gaul2-73705-3060069744-1299322339-0","regionId":"gaul2-73705","province":"Nangroe Aceh Darussalam","region":"Kota Bandaaceh","roadName":"Jalan Teungku Chik Dipineng Raya","highway":"tertiary","lengthMeters":1132.483,"osmWayIds":["301826617"],"u":"3060069744","v":"1299322339","key":0,"oneway":false,"source":"OpenStreetMap"},"geometry":{"type":"LineString","coordinates":[[95.3433536,5.5650063],[95.3436783,5.5650985],[95.3437898,5.5651261],[95.3438987,5.5651636],[95.3439729,5.5652009],[95.3440983,5.5652803],[95.3442203,5.5653517],[95.3443189,5.5653977],[95.3444101,5.5654331],[95.3445603,5.5654812],[95.3446542,5.5655032],[95.3447494,5.5655205],[95.3448627,5.5655305],[95.3449021,5.5655333],[95.3450263,5.5655426],[95.3453529,5.5655679],[95.3454977,5.5655733],[95.3456526,5.5655767],[95.3457981,5.5655799],[95.3458955,5.5655885],[95.3459564,5.5656],[95.3461351,5.5656586],[95.3462997,5.5657174],[95.3464802,5.5657673],[95.346564,5.5657871],[95.34669,5.5658102],[95.3467624,5.5658189],[95.3468375,5.5658218],[95.3469574,5.5658151],[95.3470474,5.5657942],[95.3470893,5.5657861],[95.3472217,5.5657935],[95.3474752,5.5658429],[95.3475885,5.5658602],[95.3477005,5.5658676],[95.3478433,5.5658709],[95.3479533,5.5658702],[95.3481819,5.5658763],[95.348247,5.5658702],[95.3483744,5.5658482],[95.3485556,5.5658246],[95.3487767,5.5658058],[95.3490271,5.5658077],[95.3491727,5.5658142],[95.3493146,5.5658323],[95.3495281,5.56587],[95.3496612,5.565905],[95.3498283,5.5659374],[95.3501618,5.5660042],[95.350262,5.5660251],[95.3506359,5.5660945],[95.3509168,5.5661441],[95.3511713,5.5661948],[95.3513079,5.566237],[95.3514284,5.5662774],[95.3516311,5.5663222],[95.3517191,5.5663461],[95.3517711,5.5663467],[95.3517996,5.5663454],[95.3518302,5.5663371],[95.3518526,5.5663187],[95.3518741,5.5662862],[95.3519032,5.5662114],[95.351935,5.5661619],[95.3519649,5.5661425],[95.3519914,5.5661305],[95.3520416,5.5661212],[95.3522287,5.5661429],[95.3525315,5.5661933],[95.3532482,5.5663019]]}},{"type":"Feature","properties":{"segmentId":"osm-gaul2-73705-3060069744-6133235136-0","regionId":"gaul2-73705","province":"Nangroe Aceh Darussalam","region":"Kota Bandaaceh","roadName":"Jalan Teuku Panglima Nyak Makam","highway":"primary","lengthMeters":448.332,"osmWayIds":["301855271"],"u":"3060069744","v":"6133235136","key":0,"oneway":true,"source":"OpenStreetMap"},"geometry":{"type":"LineString","coordinates":[[95.3433536,5.5650063],[95.3434161,5.5647569],[95.3434442,5.5646421],[95.3434565,5.564553],[95.3434827,5.564364],[95.3435078,5.5641957],[95.343558,5.5637536],[95.3435713,5.5635445],[95.3437089,5.5622423],[95.343732,5.5620749],[95.3437909,5.561612],[95.34385,5.5611137],[95.3438569,5.5610092]]}},{"type":"Feature","properties":{"segmentId":"osm-gaul2-73705-3060069764-544527315-0","regionId":"gaul2-73705","province":"Nangroe Aceh Darussalam","region":"Kota Bandaaceh","roadName":"Jalan Teuku Nyak Arief","highway":"trunk","lengthMeters":64.592,"osmWayIds":["947747732"],"u":"3060069764","v":"544527315","key":0,"oneway":true,"source":"OpenStreetMap"},"geometry":{"type":"LineString","coordinates":[[95.3416112,5.5698112],[95.3411792,5.5694206]]}},{"type":"Feature","properties":{"segmentId":"osm-gaul2-73705-3060069764-6147300027-0","regionId":"gaul2-73705","province":"Nangroe Aceh Darussalam","region":"Kota Bandaaceh","roadName":"Jalan Teuku Panglima Nyak Makam","highway":"primary","lengthMeters":279.994,"osmWayIds":["301855271"],"u":"3060069764","v":"6147300027","key":0,"oneway":true,"source":"OpenStreetMap"},"geometry":{"type":"LineString","coordinates":[[95.3416112,5.5698112],[95.3415657,5.569681],[95.3415517,5.5695695],[95.341575,5.5694812],[95.3417256,5.5692345],[95.3423689,5.5681774],[95.3424343,5.5680333],[95.3425867,5.5675633]]}},{"type":"Feature","properties":{"segmentId":"osm-gaul2-73705-3060077745-3060053633-0","regionId":"gaul2-73705","province":"Nangroe Aceh Darussalam","region":"Kota Bandaaceh","roadName":"Unnamed OSM road","highway":"tertiary","lengthMeters":45.629,"osmWayIds":["829191465"],"u":"3060077745","v":"3060053633","key":0,"oneway":false,"source":"OpenStreetMap"},"geometry":{"type":"LineString","coordinates":[[95.3481919,5.5356258],[95.3478154,5.5354586]]}},{"type":"Feature","properties":{"segmentId":"osm-gaul2-73705-3060077745-3060053704-0","regionId":"gaul2-73705","province":"Nangroe Aceh Darussalam","region":"Kota Bandaaceh","roadName":"Jalan Makam T. Nyak Arief","highway":"tertiary","lengthMeters":48.175,"osmWayIds":["301856205","829191467"],"u":"3060077745","v":"3060053704","key":0,"oneway":false,"source":"OpenStreetMap"},"geometry":{"type":"LineString","coordinates":[[95.3481919,5.5356258],[95.3483401,5.5356798],[95.3486016,5.5357721]]}},{"type":"Feature","properties":{"segmentId":"osm-gaul2-73705-3060800336-3088722069-0","regionId":"gaul2-73705","province":"Nangroe Aceh Darussalam","region":"Kota Bandaaceh","roadName":"Unnamed OSM road","highway":"secondary","lengthMeters":1757.114,"osmWayIds":["304345521"],"u":"3060800336","v":"3088722069","key":0,"oneway":false,"source":"OpenStreetMap"},"geometry":{"type":"LineString","coordinates":[[95.4144805,5.5260267],[95.4144734,5.5260971],[95.414452,5.5262039],[95.4143818,5.5263475],[95.4143009,5.5264508],[95.4141413,5.5265763],[95.4140449,5.526627],[95.4134333,5.5268487],[95.4129298,5.5270595],[95.4127447,5.5271223],[95.4124805,5.527209],[95.4121226,5.5272842],[95.4117944,5.5273532],[95.4109116,5.527553],[95.4105794,5.5276282],[95.4103462,5.5276834],[95.4099142,5.5277857],[95.4092074,5.5279366],[95.4089244,5.5279713],[95.4084444,5.5279859],[95.4079053,5.5280166],[95.4071591,5.5280279],[95.4070649,5.5280261],[95.4063442,5.5280126],[95.4062918,5.5280104],[95.4062208,5.5279779],[95.4057528,5.5276573],[95.4053838,5.5273398],[95.4051982,5.5271762],[95.4049494,5.526957],[95.4047971,5.5268287],[95.4044988,5.526579],[95.4042064,5.5264375],[95.4039302,5.52636],[95.4037378,5.5263303],[95.4036191,5.526312],[95.403265,5.5262986],[95.4028734,5.5263187],[95.4024443,5.5263387],[95.4023508,5.5263253],[95.4022029,5.526304],[95.4017616,5.5261852],[95.4015779,5.5261972],[95.4013848,5.5262559],[95.4012442,5.5263096],[95.4011122,5.5263858],[95.400949,5.5265136],[95.4007893,5.5267191],[95.4005104,5.5272037],[95.4003548,5.5274827]]}},{"type":"Feature","properties":{"segmentId":"osm-gaul2-73705-3060893231-3059938516-0","regionId":"gaul2-73705","province":"Nangroe Aceh Darussalam","region":"Kota Bandaaceh","roadName":"Jalan Banda Aceh-Medan","highway":"trunk","lengthMeters":1298.393,"osmWayIds":["301841263","301841265","301841266"],"u":"3060893231","v":"3059938516","key":0,"oneway":true,"source":"OpenStreetMap"},"geometry":{"type":"LineString","coordinates":[[95.3524799,5.533251],[95.3523058,5.5333658],[95.351972,5.5335557],[95.35175,5.5336819],[95.3515702,5.5337353],[95.351417,5.5337427],[95.3512672,5.5337358],[95.3511498,5.5337192],[95.3509949,5.5336911],[95.350692,5.5336305],[95.3503633,5.5335823],[95.3500856,5.533555],[95.3498657,5.5335443],[95.3490773,5.5335182],[95.3487989,5.533514],[95.3475858,5.5335076],[95.3473847,5.5335136],[95.3471359,5.5335423],[95.3468185,5.5335866],[95.3461962,5.5337018],[95.3455559,5.5337541],[95.3447028,5.5337948],[95.3444067,5.5338215],[95.3440912,5.5338626],[95.3439783,5.5338767],[95.3438797,5.5338907],[95.3437949,5.5339097],[95.343708,5.5339367],[95.3436276,5.5339708],[95.3435471,5.5340118],[95.3434955,5.5340435],[95.3434254,5.5340919],[95.3433641,5.5341448],[95.3432708,5.5342374],[95.3431716,5.5343392],[95.3429386,5.5346257],[95.342579,5.5350498],[95.3421094,5.5356353],[95.3419826,5.5358288],[95.3418891,5.5359983]]}},{"type":"Feature","properties":{"segmentId":"osm-gaul2-73705-3060893232-10279663399-0","regionId":"gaul2-73705","province":"Nangroe Aceh Darussalam","region":"Kota Bandaaceh","roadName":"Jalan Rel Kereta Api","highway":"secondary","lengthMeters":2426.456,"osmWayIds":["301927300"],"u":"3060893232","v":"10279663399","key":0,"oneway":false,"source":"OpenStreetMap"},"geometry":{"type":"LineString","coordinates":[[95.3526576,5.532933],[95.352783,5.5326299],[95.3528692,5.5323064],[95.3529494,5.5320056],[95.3530268,5.5316568],[95.3530857,5.5314579],[95.3531837,5.5312009],[95.3533861,5.5303847],[95.353549,5.5298871],[95.3537361,5.5291459],[95.3538833,5.5286188],[95.3542525,5.5272945],[95.3544308,5.526635],[95.3546038,5.5260223],[95.3547728,5.525403],[95.3548751,5.5250419],[95.3549673,5.5247168],[95.3551213,5.524127],[95.355211,5.523791],[95.3554566,5.5229056],[95.3554836,5.5227546],[95.3554999,5.5225638],[95.3555171,5.522274],[95.3555151,5.5221338],[95.3554903,5.5205814],[95.35545,5.5194327],[95.3554447,5.5190422],[95.355434,5.5184898],[95.35543,5.5184055],[95.3554124,5.517573],[95.3553857,5.5167456],[95.3553656,5.5161629],[95.3553656,5.5160267],[95.3553709,5.5159032],[95.3554112,5.5157798],[95.3554702,5.515665],[95.3557304,5.5151203],[95.3558299,5.5149049],[95.3560361,5.5144435],[95.3562706,5.5139925],[95.3564063,5.5137027],[95.3567303,5.5130092],[95.3568482,5.5127383],[95.3570613,5.5123088],[95.3572598,5.5119265]]}},{"type":"Feature","properties":{"segmentId":"osm-gaul2-73705-3060893232-3060893231-0","regionId":"gaul2-73705","province":"Nangroe Aceh Darussalam","region":"Kota Bandaaceh","roadName":"Jalan Rel Kereta Api","highway":"secondary","lengthMeters":40.462,"osmWayIds":["812418294"],"u":"3060893232","v":"3060893231","key":0,"oneway":true,"source":"OpenStreetMap"},"geometry":{"type":"LineString","coordinates":[[95.3526576,5.532933],[95.3524799,5.533251]]}},{"type":"Feature","properties":{"segmentId":"osm-gaul2-73705-3060899458-10279663395-0","regionId":"gaul2-73705","province":"Nangroe Aceh Darussalam","region":"Kota Bandaaceh","roadName":"Jalan Banda Aceh-Medan","highway":"trunk","lengthMeters":43.955,"osmWayIds":["301841263"],"u":"3060899458","v":"10279663395","key":0,"oneway":true,"source":"OpenStreetMap"},"geometry":{"type":"LineString","coordinates":[[95.3574079,5.5115665],[95.3574823,5.5119548]]}},{"type":"Feature","properties":{"segmentId":"osm-gaul2-73705-3060899458-10279663399-0","regionId":"gaul2-73705","province":"Nangroe Aceh Darussalam","region":"Kota Bandaaceh","roadName":"Jalan Rel Kereta Api","highway":"secondary","lengthMeters":43.256,"osmWayIds":["301927300"],"u":"3060899458","v":"10279663399","key":0,"oneway":false,"source":"OpenStreetMap"},"geometry":{"type":"LineString","coordinates":[[95.3574079,5.5115665],[95.3572598,5.5119265]]}},{"type":"Feature","properties":{"segmentId":"osm-gaul2-73705-3060906959-11285257715-0","regionId":"gaul2-73705","province":"Nangroe Aceh Darussalam","region":"Kota Bandaaceh","roadName":"Unnamed OSM road","highway":"secondary","lengthMeters":16.935,"osmWayIds":["1217925342"],"u":"3060906959","v":"11285257715","key":0,"oneway":false,"source":"OpenStreetMap"},"geometry":{"type":"LineString","coordinates":[[95.3377959,5.5129413],[95.3376615,5.5128685]]}},{"type":"Feature","properties":{"segmentId":"osm-gaul2-73705-3060906959-1512747940-0","regionId":"gaul2-73705","province":"Nangroe Aceh Darussalam","region":"Kota Bandaaceh","roadName":"Jalan Ir. H. Mohammad Thaher","highway":"secondary","lengthMeters":2183.878,"osmWayIds":["301856762"],"u":"3060906959","v":"1512747940","key":0,"oneway":false,"source":"OpenStreetMap"},"geometry":{"type":"LineString","coordinates":[[95.3377959,5.5129413],[95.3379724,5.5130594],[95.338068,5.5131139],[95.338195,5.5131863],[95.3383333,5.513328],[95.3383711,5.5133996],[95.3383904,5.5134748],[95.3384635,5.5139356],[95.3384752,5.5140056],[95.3386164,5.5150062],[95.3386768,5.5155199],[95.3387861,5.5162736],[95.3388443,5.5166746],[95.3390121,5.517831],[95.3391031,5.5184538],[95.3391905,5.519129],[95.3392719,5.5196775],[95.3393017,5.519878],[95.3393184,5.5199986],[95.3393615,5.5202855],[95.3394198,5.5206741],[95.3394818,5.5211663],[95.3395549,5.5216518],[95.33957,5.5217521],[95.3397059,5.5229227],[95.3397942,5.5234813],[95.3398126,5.5236124],[95.3398777,5.524115],[95.3398479,5.5244482],[95.3398423,5.5246592],[95.3398417,5.5248503],[95.339832,5.5252282],[95.3398206,5.5254161],[95.339809,5.5259008],[95.3397897,5.5260982],[95.3397561,5.5271127],[95.3397277,5.5278417],[95.3397094,5.5281652],[95.3396868,5.5285614],[95.3396876,5.528759],[95.3396845,5.5288229],[95.339645,5.5301466],[95.339641,5.5301739],[95.339623,5.5306227],[95.3395987,5.5313656],[95.3395906,5.5315962],[95.3395736,5.5320796],[95.3395692,5.532181]]}},{"type":"Feature","properties":{"segmentId":"osm-gaul2-73705-3060906959-6347430603-0","regionId":"gaul2-73705","province":"Nangroe Aceh Darussalam","region":"Kota Bandaaceh","roadName":"Jalan Soekarno-Hatta","highway":"trunk","lengthMeters":1021.42,"osmWayIds":["427372000","507496055","656126645"],"u":"3060906959","v":"6347430603","key":0,"oneway":true,"source":"OpenStreetMap"},"geometry":{"type":"LineString","coordinates":[[95.3377959,5.5129413],[95.3388349,5.5126883],[95.3393168,5.512549],[95.3400124,5.5123516],[95.3411939,5.5120459],[95.3419802,5.5118544],[95.3430472,5.5115944],[95.3431679,5.5115639],[95.3434397,5.5114953],[95.3437193,5.511416],[95.3438703,5.5113779],[95.3441761,5.5113025],[95.3454616,5.5109546],[95.346334,5.5107302],[95.3464435,5.5107029],[95.3467271,5.5106321]]}},{"type":"Feature","properties":{"segmentId":"osm-gaul2-73705-3062896078-4912343776-0","regionId":"gaul2-73705","province":"Nangroe Aceh Darussalam","region":"Kota Bandaaceh","roadName":"Jalan Mohammad Daud Beureueh","highway":"trunk","lengthMeters":906.576,"osmWayIds":["1184368173"],"u":"3062896078","v":"4912343776","key":0,"oneway":true,"source":"OpenStreetMap"},"geometry":{"type":"LineString","coordinates":[[95.3300815,5.5586774],[95.3298845,5.5585996],[95.3294508,5.558435],[95.3290484,5.5582897],[95.3286728,5.5582087],[95.3279068,5.558149],[95.3275459,5.5581208],[95.3273159,5.5580596],[95.3270639,5.5579606],[95.326755,5.5578442],[95.3265961,5.5577844],[95.325913,5.5575157],[95.3256408,5.557401],[95.3247066,5.557027],[95.3240575,5.5567783],[95.3237785,5.5566662],[95.3234627,5.5565394],[95.3232113,5.5564419],[95.3223583,5.5560996]]}},{"type":"Feature","properties":{"segmentId":"osm-gaul2-73705-3062896078-6132993309-0","regionId":"gaul2-73705","province":"Nangroe Aceh Darussalam","region":"Kota Bandaaceh","roadName":"Jalan T. Hasan Dek","highway":"primary","lengthMeters":11.867,"osmWayIds":["1184368172"],"u":"3062896078","v":"6132993309","key":0,"oneway":true,"source":"OpenStreetMap"},"geometry":{"type":"LineString","coordinates":[[95.3300815,5.5586774],[95.3300647,5.5587828]]}},{"type":"Feature","properties":{"segmentId":"osm-gaul2-73705-3062896079-6604072745-0","regionId":"gaul2-73705","province":"Nangroe Aceh Darussalam","region":"Kota Bandaaceh","roadName":"Jalan T. Iskandar","highway":"primary_link","lengthMeters":150.936,"osmWayIds":["703234693"],"u":"3062896079","v":"6604072745","key":0,"oneway":true,"source":"OpenStreetMap"},"geometry":{"type":"LineString","coordinates":[[95.3307469,5.5544444],[95.3308294,5.5543256],[95.3308676,5.5542789],[95.3309079,5.5542462],[95.3309695,5.5542262],[95.3315213,5.5541211],[95.3317926,5.5540746],[95.3319187,5.5540445],[95.3319861,5.5540126]]}},{"type":"Feature","properties":{"segmentId":"osm-gaul2-73705-3062896079-7205055052-0","regionId":"gaul2-73705","province":"Nangroe Aceh Darussalam","region":"Kota Bandaaceh","roadName":"Jalan T. Hasan Dek","highway":"primary","lengthMeters":52.008,"osmWayIds":["302052893"],"u":"3062896079","v":"7205055052","key":0,"oneway":true,"source":"OpenStreetMap"},"geometry":{"type":"LineString","coordinates":[[95.3307469,5.5544444],[95.3307362,5.5539768]]}},{"type":"Feature","properties":{"segmentId":"osm-gaul2-73705-3062896085-3062896078-0","regionId":"gaul2-73705","province":"Nangroe Aceh Darussalam","region":"Kota Bandaaceh","roadName":"Jalan Mohammad Daud Beureueh","highway":"trunk","lengthMeters":9.927,"osmWayIds":["253620662"],"u":"3062896085","v":"3062896078","key":0,"oneway":true,"source":"OpenStreetMap"},"geometry":{"type":"LineString","coordinates":[[95.3301607,5.5587193],[95.3300815,5.5586774]]}},{"type":"Feature","properties":{"segmentId":"osm-gaul2-73705-3062896085-3070913890-0","regionId":"gaul2-73705","province":"Nangroe Aceh Darussalam","region":"Kota Bandaaceh","roadName":"Jalan T. Hasan Dek","highway":"primary","lengthMeters":54.116,"osmWayIds":["1008772722"],"u":"3062896085","v":"3070913890","key":0,"oneway":true,"source":"OpenStreetMap"},"geometry":{"type":"LineString","coordinates":[[95.3301607,5.5587193],[95.330242,5.5582394]]}},{"type":"Feature","properties":{"segmentId":"osm-gaul2-73705-3062896096-3059938501-0","regionId":"gaul2-73705","province":"Nangroe Aceh Darussalam","region":"Kota Bandaaceh","roadName":"Jalan Teungku Imum Lueng Bata","highway":"trunk","lengthMeters":301.904,"osmWayIds":["771788124"],"u":"3062896096","v":"3059938501","key":0,"oneway":true,"source":"OpenStreetMap"},"geometry":{"type":"LineString","coordinates":[[95.3306698,5.5510795],[95.3310715,5.55106],[95.3313021,5.5510066],[95.3315073,5.5509492],[95.3316039,5.5509065],[95.3317982,5.5508094],[95.331915,5.5507583],[95.3321926,5.5505701],[95.3323368,5.550466],[95.3325574,5.5502671],[95.3326741,5.550139],[95.3327653,5.5500215],[95.332831,5.5499107],[95.3328578,5.5498333],[95.3328668,5.5497552]]}},{"type":"Feature","properties":{"segmentId":"osm-gaul2-73705-3062902317-544505042-0","regionId":"gaul2-73705","province":"Nangroe Aceh Darussalam","region":"Kota Bandaaceh","roadName":"Jalan Taman Makam Pahlawan","highway":"tertiary","lengthMeters":9.905,"osmWayIds":["1010125198"],"u":"3062902317","v":"544505042","key":0,"oneway":true,"source":"OpenStreetMap"},"geometry":{"type":"LineString","coordinates":[[95.3244388,5.5511217],[95.3244332,5.5510328]]}},{"type":"Feature","properties":{"segmentId":"osm-gaul2-73705-3062902317-6605849909-0","regionId":"gaul2-73705","province":"Nangroe Aceh Darussalam","region":"Kota Bandaaceh","roadName":"Jalan Teungku Chik Ditiro","highway":"trunk","lengthMeters":159.205,"osmWayIds":["1134830376"],"u":"3062902317","v":"6605849909","key":0,"oneway":true,"source":"OpenStreetMap"},"geometry":{"type":"LineString","coordinates":[[95.3244388,5.5511217],[95.3249122,5.551095],[95.325876,5.5510627]]}},{"type":"Feature","properties":{"segmentId":"osm-gaul2-73705-3062902319-544505040-0","regionId":"gaul2-73705","province":"Nangroe Aceh Darussalam","region":"Kota Bandaaceh","roadName":"Jalan Taman Makam Pahlawan","highway":"tertiary","lengthMeters":393.443,"osmWayIds":["275484585","828677003"],"u":"3062902319","v":"544505040","key":0,"oneway":true,"source":"OpenStreetMap"},"geometry":{"type":"LineString","coordinates":[[95.3244179,5.5508376],[95.3243828,5.5505112],[95.3243343,5.5502231],[95.3242679,5.5498203],[95.3238358,5.5474723],[95.3237602,5.5473754]]}},{"type":"Feature","properties":{"segmentId":"osm-gaul2-73705-3062902321-3062902319-0","regionId":"gaul2-73705","province":"Nangroe Aceh Darussalam","region":"Kota Bandaaceh","roadName":"Unnamed OSM road","highway":"tertiary_link","lengthMeters":35.58,"osmWayIds":["302052908"],"u":"3062902321","v":"3062902319","key":0,"oneway":true,"source":"OpenStreetMap"},"geometry":{"type":"LineString","coordinates":[[95.324673,5.5510211],[95.3245316,5.5509578],[95.3244833,5.5509165],[95.3244179,5.5508376]]}},{"type":"Feature","properties":{"segmentId":"osm-gaul2-73705-3062902321-544505042-0","regionId":"gaul2-73705","province":"Nangroe Aceh Darussalam","region":"Kota Bandaaceh","roadName":"Jalan Teungku Chik Ditiro","highway":"trunk","lengthMeters":26.571,"osmWayIds":["1010125199"],"u":"3062902321","v":"544505042","key":0,"oneway":true,"source":"OpenStreetMap"},"geometry":{"type":"LineString","coordinates":[[95.324673,5.5510211],[95.3244332,5.5510328]]}},{"type":"Feature","properties":{"segmentId":"osm-gaul2-73705-3062902324-267398159-0","regionId":"gaul2-73705","province":"Nangroe Aceh Darussalam","region":"Kota Bandaaceh","roadName":"Unnamed OSM road","highway":"trunk","lengthMeters":10.677,"osmWayIds":["655973750"],"u":"3062902324","v":"267398159","key":0,"oneway":true,"source":"OpenStreetMap"},"geometry":{"type":"LineString","coordinates":[[95.3203987,5.5513383],[95.3204077,5.5512427]]}},{"type":"Feature","properties":{"segmentId":"osm-gaul2-73705-3062902324-6347483915-0","regionId":"gaul2-73705","province":"Nangroe Aceh Darussalam","region":"Kota Bandaaceh","roadName":"Jalan Teungku Chik Ditiro","highway":"trunk","lengthMeters":438.753,"osmWayIds":["302052907","302052910","302052912"],"u":"3062902324","v":"6347483915","key":0,"oneway":true,"source":"OpenStreetMap"},"geometry":{"type":"LineString","coordinates":[[95.3203987,5.5513383],[95.3205533,5.5513156],[95.3207647,5.5513034],[95.3208964,5.5512975],[95.3216777,5.5512589],[95.3226166,5.5512157],[95.3231573,5.5511873],[95.3235641,5.5511659],[95.3243566,5.5511254]]}},{"type":"Feature","properties":{"segmentId":"osm-gaul2-73705-3063908729-6133187836-0","regionId":"gaul2-73705","province":"Nangroe Aceh Darussalam","region":"Kota Bandaaceh","roadName":"Jalan Sultan Alauddin Mahmudsyah","highway":"trunk","lengthMeters":10.927,"osmWayIds":["468639512"],"u":"3063908729","v":"6133187836","key":0,"oneway":true,"source":"OpenStreetMap"},"geometry":{"type":"LineString","coordinates":[[95.3202987,5.5512568],[95.3203023,5.551355]]}},{"type":"Feature","properties":{"segmentId":"osm-gaul2-73705-3063908729-6133187838-0","regionId":"gaul2-73705","province":"Nangroe Aceh Darussalam","region":"Kota Bandaaceh","roadName":"Unnamed OSM road","highway":"secondary","lengthMeters":31.975,"osmWayIds":["43175657"],"u":"3063908729","v":"6133187838","key":0,"oneway":true,"source":"OpenStreetMap"},"geometry":{"type":"LineString","coordinates":[[95.3202987,5.5512568],[95.3201824,5.5513083],[95.320061,5.5514145]]}},{"type":"Feature","properties":{"segmentId":"osm-gaul2-73705-3063908731-3063910891-0","regionId":"gaul2-73705","province":"Nangroe Aceh Darussalam","region":"Kota Bandaaceh","roadName":"Jalan Sultan Alauddin Mahmudsyah","highway":"trunk","lengthMeters":127.413,"osmWayIds":["468639512"],"u":"3063908731","v":"3063910891","key":0,"oneway":true,"source":"OpenStreetMap"},"geometry":{"type":"LineString","coordinates":[[95.3202393,5.5498663],[95.320257,5.5504006],[95.3202896,5.551011]]}},{"type":"Feature","properties":{"segmentId":"osm-gaul2-73705-3063908732-3063908731-0","regionId":"gaul2-73705","province":"Nangroe Aceh Darussalam","region":"Kota Bandaaceh","roadName":"Jalan Sultan Alauddin Mahmudsyah","highway":"trunk","lengthMeters":14.234,"osmWayIds":["468639512"],"u":"3063908732","v":"3063908731","key":0,"oneway":true,"source":"OpenStreetMap"},"geometry":{"type":"LineString","coordinates":[[95.320232,5.5497385],[95.3202393,5.5498663]]}},{"type":"Feature","properties":{"segmentId":"osm-gaul2-73705-3063908732-3063910893-0","regionId":"gaul2-73705","province":"Nangroe Aceh Darussalam","region":"Kota Bandaaceh","roadName":"Unnamed OSM road","highway":"trunk_link","lengthMeters":13.526,"osmWayIds":["302148280"],"u":"3063908732","v":"3063910893","key":0,"oneway":true,"source":"OpenStreetMap"},"geometry":{"type":"LineString","coordinates":[[95.320232,5.5497385],[95.3202567,5.5497631],[95.3202833,5.5497729],[95.3203098,5.5497672],[95.3203342,5.5497469]]}},{"type":"Feature","properties":{"segmentId":"osm-gaul2-73705-3063910833-3063908732-0","regionId":"gaul2-73705","province":"Nangroe Aceh Darussalam","region":"Kota Bandaaceh","roadName":"Jalan Sultan Alauddin Mahmudsyah","highway":"trunk","lengthMeters":110.732,"osmWayIds":["468639512"],"u":"3063910833","v":"3063908732","key":0,"oneway":true,"source":"OpenStreetMap"},"geometry":{"type":"LineString","coordinates":[[95.3201842,5.5487438],[95.320232,5.5497385]]}},{"type":"Feature","properties":{"segmentId":"osm-gaul2-73705-3063910833-3063910894-0","regionId":"gaul2-73705","province":"Nangroe Aceh Darussalam","region":"Kota Bandaaceh","roadName":"Unnamed OSM road","highway":"trunk_link","lengthMeters":12.272,"osmWayIds":["302148281"],"u":"3063910833","v":"3063910894","key":0,"oneway":false,"source":"OpenStreetMap"},"geometry":{"type":"LineString","coordinates":[[95.3201842,5.5487438],[95.320295,5.5487394]]}},{"type":"Feature","properties":{"segmentId":"osm-gaul2-73705-3063910844-3063910854-0","regionId":"gaul2-73705","province":"Nangroe Aceh Darussalam","region":"Kota Bandaaceh","roadName":"Unnamed OSM road","highway":"trunk","lengthMeters":5.615,"osmWayIds":["507496051"],"u":"3063910844","v":"3063910854","key":0,"oneway":true,"source":"OpenStreetMap"},"geometry":{"type":"LineString","coordinates":[[95.3170084,5.5479707],[95.3170306,5.5479584],[95.3170493,5.5479414]]}},{"type":"Feature","properties":{"segmentId":"osm-gaul2-73705-3063910846-3063910852-0","regionId":"gaul2-73705","province":"Nangroe Aceh Darussalam","region":"Kota Bandaaceh","roadName":"Unnamed OSM road","highway":"trunk","lengthMeters":15.071,"osmWayIds":["302148262"],"u":"3063910846","v":"3063910852","key":0,"oneway":true,"source":"OpenStreetMap"},"geometry":{"type":"LineString","coordinates":[[95.3170097,5.5477702],[95.3169419,5.5477644],[95.3168838,5.5477998]]}},{"type":"Feature","properties":{"segmentId":"osm-gaul2-73705-3063910846-7205528933-0","regionId":"gaul2-73705","province":"Nangroe Aceh Darussalam","region":"Kota Bandaaceh","roadName":"Jalan Teuku Umar","highway":"trunk","lengthMeters":38.816,"osmWayIds":["275524172","816404025"],"u":"3063910846","v":"7205528933","key":0,"oneway":true,"source":"OpenStreetMap"},"geometry":{"type":"LineString","coordinates":[[95.3170097,5.5477702],[95.3169931,5.5477374],[95.3168849,5.5474442]]}},{"type":"Feature","properties":{"segmentId":"osm-gaul2-73705-3063910852-3063910858-0","regionId":"gaul2-73705","province":"Nangroe Aceh Darussalam","region":"Kota Bandaaceh","roadName":"Unnamed OSM road","highway":"trunk","lengthMeters":6.464,"osmWayIds":["302148262"],"u":"3063910852","v":"3063910858","key":0,"oneway":true,"source":"OpenStreetMap"},"geometry":{"type":"LineString","coordinates":[[95.3168838,5.5477998],[95.316868,5.5478243],[95.3168593,5.547852]]}},{"type":"Feature","properties":{"segmentId":"osm-gaul2-73705-3063910854-3063910846-0","regionId":"gaul2-73705","province":"Nangroe Aceh Darussalam","region":"Kota Bandaaceh","roadName":"Unnamed OSM road","highway":"trunk","lengthMeters":22.624,"osmWayIds":["507496051"],"u":"3063910854","v":"3063910846","key":0,"oneway":true,"source":"OpenStreetMap"},"geometry":{"type":"LineString","coordinates":[[95.3170493,5.5479414],[95.3170699,5.5479063],[95.317076,5.547866],[95.3170669,5.5478264],[95.3170437,5.5477929],[95.3170097,5.5477702]]}},{"type":"Feature","properties":{"segmentId":"osm-gaul2-73705-3063910854-7735731505-0","regionId":"gaul2-73705","province":"Nangroe Aceh Darussalam","region":"Kota Bandaaceh","roadName":"Jalan Sultan Iskandar Muda","highway":"trunk","lengthMeters":286.941,"osmWayIds":["302148264","468639512"],"u":"3063910854","v":"7735731505","key":0,"oneway":true,"source":"OpenStreetMap"},"geometry":{"type":"LineString","coordinates":[[95.3170493,5.5479414],[95.3176966,5.5477857],[95.3180957,5.5477059],[95.3182629,5.547662],[95.3183231,5.5476397],[95.3186349,5.5474985],[95.3187689,5.547446],[95.3189675,5.5474117],[95.3193445,5.5473822],[95.3194324,5.5473855],[95.3194908,5.5473944],[95.3195567,5.5474153]]}},{"type":"Feature","properties":{"segmentId":"osm-gaul2-73705-3063910858-3063910861-0","regionId":"gaul2-73705","province":"Nangroe Aceh Darussalam","region":"Kota Bandaaceh","roadName":"Unnamed OSM road","highway":"trunk","lengthMeters":12.946,"osmWayIds":["302148262"],"u":"3063910858","v":"3063910861","key":0,"oneway":true,"source":"OpenStreetMap"},"geometry":{"type":"LineString","coordinates":[[95.3168593,5.547852],[95.316859,5.5478863],[95.3168694,5.5479189],[95.3168982,5.5479573]]}},{"type":"Feature","properties":{"segmentId":"osm-gaul2-73705-3063910858-7205528934-0","regionId":"gaul2-73705","province":"Nangroe Aceh Darussalam","region":"Kota Bandaaceh","roadName":"Jalan Sultan Iskandar Muda","highway":"trunk","lengthMeters":78.1,"osmWayIds":["771840605"],"u":"3063910858","v":"7205528934","key":0,"oneway":true,"source":"OpenStreetMap"},"geometry":{"type":"LineString","coordinates":[[95.3168593,5.547852],[95.3167422,5.5479215],[95.3163073,5.5480207],[95.3161954,5.5480719]]}},{"type":"Feature","properties":{"segmentId":"osm-gaul2-73705-3063910861-3063910844-0","regionId":"gaul2-73705","province":"Nangroe Aceh Darussalam","region":"Kota Bandaaceh","roadName":"Unnamed OSM road","highway":"trunk","lengthMeters":12.738,"osmWayIds":["302148262"],"u":"3063910861","v":"3063910844","key":0,"oneway":true,"source":"OpenStreetMap"},"geometry":{"type":"LineString","coordinates":[[95.3168982,5.5479573],[95.3169151,5.5479658],[95.3169453,5.5479766],[95.3169773,5.5479783],[95.3170084,5.5479707]]}},{"type":"Feature","properties":{"segmentId":"osm-gaul2-73705-3063910874-3062902324-0","regionId":"gaul2-73705","province":"Nangroe Aceh Darussalam","region":"Kota Bandaaceh","roadName":"Unnamed OSM road","highway":"trunk","lengthMeters":77.691,"osmWayIds":["507492707"],"u":"3063910874","v":"3062902324","key":0,"oneway":true,"source":"OpenStreetMap"},"geometry":{"type":"LineString","coordinates":[[95.3203051,5.5520269],[95.3203359,5.551963],[95.3203987,5.5513383]]}},{"type":"Feature","properties":{"segmentId":"osm-gaul2-73705-3063910874-540959648-0","regionId":"gaul2-73705","province":"Nangroe Aceh Darussalam","region":"Kota Bandaaceh","roadName":"Unnamed OSM road","highway":"secondary_link","lengthMeters":90.15,"osmWayIds":["302148267"],"u":"3063910874","v":"540959648","key":0,"oneway":true,"source":"OpenStreetMap"},"geometry":{"type":"LineString","coordinates":[[95.3203051,5.5520269],[95.3202743,5.551955],[95.3202675,5.5518956],[95.3202876,5.5516213],[95.3202702,5.5515632],[95.3202394,5.5515225],[95.320185,5.5514818],[95.3201388,5.5514684],[95.3199675,5.5514727]]}},{"type":"Feature","properties":{"segmentId":"osm-gaul2-73705-3063910891-3063908729-0","regionId":"gaul2-73705","province":"Nangroe Aceh Darussalam","region":"Kota Bandaaceh","roadName":"Jalan Sultan Alauddin Mahmudsyah","highway":"trunk","lengthMeters":27.35,"osmWayIds":["468639512"],"u":"3063910891","v":"3063908729","key":0,"oneway":true,"source":"OpenStreetMap"},"geometry":{"type":"LineString","coordinates":[[95.3202896,5.551011],[95.3202987,5.5512568]]}},{"type":"Feature","properties":{"segmentId":"osm-gaul2-73705-3063910891-540959655-0","regionId":"gaul2-73705","province":"Nangroe Aceh Darussalam","region":"Kota Bandaaceh","roadName":"Unnamed OSM road","highway":"trunk_link","lengthMeters":11.628,"osmWayIds":["302148276"],"u":"3063910891","v":"540959655","key":0,"oneway":false,"source":"OpenStreetMap"},"geometry":{"type":"LineString","coordinates":[[95.3202896,5.551011],[95.3203946,5.5510073]]}},{"type":"Feature","properties":{"segmentId":"osm-gaul2-73705-3063910892-3063908731-0","regionId":"gaul2-73705","province":"Nangroe Aceh Darussalam","region":"Kota Bandaaceh","roadName":"Unnamed OSM road","highway":"trunk_link","lengthMeters":11.535,"osmWayIds":["302148278"],"u":"3063910892","v":"3063908731","key":0,"oneway":true,"source":"OpenStreetMap"},"geometry":{"type":"LineString","coordinates":[[95.3203359,5.549874],[95.3203133,5.5498597],[95.3202919,5.5498527],[95.3202686,5.5498547],[95.3202393,5.5498663]]}},{"type":"Feature","properties":{"segmentId":"osm-gaul2-73705-3063910892-3063910893-0","regionId":"gaul2-73705","province":"Nangroe Aceh Darussalam","region":"Kota Bandaaceh","roadName":"Jalan Sultan Alauddin Mahmudsyah","highway":"trunk","lengthMeters":14.134,"osmWayIds":["212382807"],"u":"3063910892","v":"3063910893","key":0,"oneway":true,"source":"OpenStreetMap"},"geometry":{"type":"LineString","coordinates":[[95.3203359,5.549874],[95.3203342,5.5497469]]}},{"type":"Feature","properties":{"segmentId":"osm-gaul2-73705-3063910893-3063910894-0","regionId":"gaul2-73705","province":"Nangroe Aceh Darussalam","region":"Kota Bandaaceh","roadName":"Jalan Sultan Alauddin Mahmudsyah","highway":"trunk","lengthMeters":112.113,"osmWayIds":["212382807"],"u":"3063910893","v":"3063910894","key":0,"oneway":true,"source":"OpenStreetMap"},"geometry":{"type":"LineString","coordinates":[[95.3203342,5.5497469],[95.320295,5.5487394]]}},{"type":"Feature","properties":{"segmentId":"osm-gaul2-73705-3063910894-3063910833-0","regionId":"gaul2-73705","province":"Nangroe Aceh Darussalam","region":"Kota Bandaaceh","roadName":"Unnamed OSM road","highway":"trunk_link","lengthMeters":12.272,"osmWayIds":["302148281"],"u":"3063910894","v":"3063910833","key":0,"oneway":false,"source":"OpenStreetMap"},"geometry":{"type":"LineString","coordinates":[[95.320295,5.5487394],[95.3201842,5.5487438]]}},{"type":"Feature","properties":{"segmentId":"osm-gaul2-73705-3063910894-540959642-0","regionId":"gaul2-73705","province":"Nangroe Aceh Darussalam","region":"Kota Bandaaceh","roadName":"Jalan Sultan Alauddin Mahmudsyah","highway":"trunk","lengthMeters":187.694,"osmWayIds":["212382807"],"u":"3063910894","v":"540959642","key":0,"oneway":true,"source":"OpenStreetMap"},"geometry":{"type":"LineString","coordinates":[[95.320295,5.5487394],[95.3202932,5.5480987],[95.3202676,5.5480166],[95.3202446,5.5479472],[95.3200919,5.5478462],[95.3199291,5.5476748],[95.3197524,5.54748],[95.3195934,5.5473459]]}},{"type":"Feature","properties":{"segmentId":"osm-gaul2-73705-3063910933-3110009731-0","regionId":"gaul2-73705","province":"Nangroe Aceh Darussalam","region":"Kota Bandaaceh","roadName":"Jalan Mohammad Jam","highway":"secondary","lengthMeters":93.141,"osmWayIds":["507496050"],"u":"3063910933","v":"3110009731","key":0,"oneway":true,"source":"OpenStreetMap"},"geometry":{"type":"LineString","coordinates":[[95.3182312,5.5524195],[95.3175082,5.5526177],[95.3174514,5.5526893]]}},{"type":"Feature","properties":{"segmentId":"osm-gaul2-73705-3063910933-3110009733-0","regionId":"gaul2-73705","province":"Nangroe Aceh Darussalam","region":"Kota Bandaaceh","roadName":"Jalan Tengku Abu Lamu","highway":"tertiary","lengthMeters":153.829,"osmWayIds":["275515298"],"u":"3063910933","v":"3110009733","key":0,"oneway":true,"source":"OpenStreetMap"},"geometry":{"type":"LineString","coordinates":[[95.3182312,5.5524195],[95.3178711,5.5512883],[95.3178133,5.5511001]]}},{"type":"Feature","properties":{"segmentId":"osm-gaul2-73705-3066425713-2237426191-0","regionId":"gaul2-73705","province":"Nangroe Aceh Darussalam","region":"Kota Bandaaceh","roadName":"Jalan Pocut Baren","highway":"secondary","lengthMeters":934.868,"osmWayIds":["275542993"],"u":"3066425713","v":"2237426191","key":0,"oneway":false,"source":"OpenStreetMap"},"geometry":{"type":"LineString","coordinates":[[95.3211056,5.5616042],[95.3213311,5.561602],[95.3216174,5.5615963],[95.322074,5.561606],[95.3221435,5.5616089],[95.3227102,5.561657],[95.3230086,5.5616798],[95.3231017,5.5616871],[95.3238742,5.5617711],[95.3245866,5.5618585],[95.3250365,5.561917],[95.3256831,5.5620013],[95.3270577,5.5622667],[95.3281873,5.5625199],[95.3292688,5.5627478],[95.3294497,5.5627775]]}},{"type":"Feature","properties":{"segmentId":"osm-gaul2-73705-3066425713-267398164-0","regionId":"gaul2-73705","province":"Nangroe Aceh Darussalam","region":"Kota Bandaaceh","roadName":"Jalan Pocut Baren","highway":"secondary","lengthMeters":12.705,"osmWayIds":["1008031468"],"u":"3066425713","v":"267398164","key":0,"oneway":false,"source":"OpenStreetMap"},"geometry":{"type":"LineString","coordinates":[[95.3211056,5.5616042],[95.3209913,5.5615936]]}},{"type":"Feature","properties":{"segmentId":"osm-gaul2-73705-3066425713-3066427694-0","regionId":"gaul2-73705","province":"Nangroe Aceh Darussalam","region":"Kota Bandaaceh","roadName":"Unnamed OSM road","highway":"secondary","lengthMeters":124.147,"osmWayIds":["1008031466"],"u":"3066425713","v":"3066427694","key":0,"oneway":true,"source":"OpenStreetMap"},"geometry":{"type":"LineString","coordinates":[[95.3211056,5.5616042],[95.3212436,5.5604962]]}},{"type":"Feature","properties":{"segmentId":"osm-gaul2-73705-3066425718-544527429-0","regionId":"gaul2-73705","province":"Nangroe Aceh Darussalam","region":"Kota Bandaaceh","roadName":"Unnamed OSM road","highway":"secondary","lengthMeters":445.175,"osmWayIds":["302383371"],"u":"3066425718","v":"544527429","key":0,"oneway":true,"source":"OpenStreetMap"},"geometry":{"type":"LineString","coordinates":[[95.3215905,5.556514],[95.3214516,5.5573831],[95.3213826,5.5579859],[95.3212457,5.5592501],[95.3210955,5.5604864]]}},{"type":"Feature","properties":{"segmentId":"osm-gaul2-73705-3066425722-3066425718-0","regionId":"gaul2-73705","province":"Nangroe Aceh Darussalam","region":"Kota Bandaaceh","roadName":"Unnamed OSM road","highway":"secondary_link","lengthMeters":47.416,"osmWayIds":["302383374"],"u":"3066425722","v":"3066425718","key":0,"oneway":true,"source":"OpenStreetMap"},"geometry":{"type":"LineString","coordinates":[[95.3212827,5.5562951],[95.3213853,5.5562844],[95.3214336,5.5562964],[95.3214765,5.5563251],[95.3215355,5.5563919],[95.3215905,5.556514]]}},{"type":"Feature","properties":{"segmentId":"osm-gaul2-73705-3066425723-3066425718-0","regionId":"gaul2-73705","province":"Nangroe Aceh Darussalam","region":"Kota Bandaaceh","roadName":"Unnamed OSM road","highway":"secondary","lengthMeters":45.185,"osmWayIds":["302383371"],"u":"3066425723","v":"3066425718","key":0,"oneway":true,"source":"OpenStreetMap"},"geometry":{"type":"LineString","coordinates":[[95.3216919,5.5561212],[95.3216415,5.5562667],[95.3215905,5.556514]]}},{"type":"Feature","properties":{"segmentId":"osm-gaul2-73705-3066425723-765045868-0","regionId":"gaul2-73705","province":"Nangroe Aceh Darussalam","region":"Kota Bandaaceh","roadName":"Unnamed OSM road","highway":"trunk","lengthMeters":9.887,"osmWayIds":["61186009"],"u":"3066425723","v":"765045868","key":0,"oneway":true,"source":"OpenStreetMap"},"geometry":{"type":"LineString","coordinates":[[95.3216919,5.5561212],[95.3217181,5.5561354],[95.3217466,5.556144],[95.3217762,5.5561467]]}},{"type":"Feature","properties":{"segmentId":"osm-gaul2-73705-3066427437-3066460400-0","regionId":"gaul2-73705","province":"Nangroe Aceh Darussalam","region":"Kota Bandaaceh","roadName":"Jalan PKA","highway":"tertiary","lengthMeters":29.551,"osmWayIds":["43326803"],"u":"3066427437","v":"3066460400","key":0,"oneway":true,"source":"OpenStreetMap"},"geometry":{"type":"LineString","coordinates":[[95.3391,5.5673605],[95.3390155,5.567455],[95.3389162,5.5675531]]}},{"type":"Feature","properties":{"segmentId":"osm-gaul2-73705-3066427437-3066460402-0","regionId":"gaul2-73705","province":"Nangroe Aceh Darussalam","region":"Kota Bandaaceh","roadName":"Jalan Mohammad Daud Beureueh","highway":"trunk","lengthMeters":10.894,"osmWayIds":["1009829954"],"u":"3066427437","v":"3066460402","key":0,"oneway":true,"source":"OpenStreetMap"},"geometry":{"type":"LineString","coordinates":[[95.3391,5.5673605],[95.3391674,5.5674319]]}},{"type":"Feature","properties":{"segmentId":"osm-gaul2-73705-3066427438-3062896085-0","regionId":"gaul2-73705","province":"Nangroe Aceh Darussalam","region":"Kota Bandaaceh","roadName":"Jalan T. Hasan Dek","highway":"primary","lengthMeters":11.232,"osmWayIds":["1008772722"],"u":"3066427438","v":"3062896085","key":0,"oneway":true,"source":"OpenStreetMap"},"geometry":{"type":"LineString","coordinates":[[95.3301396,5.5588181],[95.3301607,5.5587193]]}},{"type":"Feature","properties":{"segmentId":"osm-gaul2-73705-3066427438-3070913894-0","regionId":"gaul2-73705","province":"Nangroe Aceh Darussalam","region":"Kota Bandaaceh","roadName":"Jalan Mohammad Daud Beureueh","highway":"trunk","lengthMeters":71.152,"osmWayIds":["1008772724"],"u":"3066427438","v":"3070913894","key":0,"oneway":true,"source":"OpenStreetMap"},"geometry":{"type":"LineString","coordinates":[[95.3301396,5.5588181],[95.3306008,5.5592639]]}},{"type":"Feature","properties":{"segmentId":"osm-gaul2-73705-3066427694-765045868-0","regionId":"gaul2-73705","province":"Nangroe Aceh Darussalam","region":"Kota Bandaaceh","roadName":"Unnamed OSM road","highway":"secondary","lengthMeters":487.289,"osmWayIds":["302383372"],"u":"3066427694","v":"765045868","key":0,"oneway":true,"source":"OpenStreetMap"},"geometry":{"type":"LineString","coordinates":[[95.3212436,5.5604962],[95.3213251,5.5597908],[95.3213333,5.5597267],[95.3214287,5.5588802],[95.3214752,5.5584574],[95.3215308,5.558017],[95.3215563,5.5577767],[95.3215805,5.5575084],[95.3216127,5.5572562],[95.3216837,5.5567596],[95.3217762,5.5561467]]}},{"type":"Feature","properties":{"segmentId":"osm-gaul2-73705-3066460389-3066460393-0","regionId":"gaul2-73705","province":"Nangroe Aceh Darussalam","region":"Kota Bandaaceh","roadName":"Jalan Stadion Haji Dimurthala","highway":"tertiary","lengthMeters":34.982,"osmWayIds":["302388789"],"u":"3066460389","v":"3066460393","key":0,"oneway":true,"source":"OpenStreetMap"},"geometry":{"type":"LineString","coordinates":[[95.3434863,5.5634373],[95.3434432,5.5634993],[95.343415,5.5635334],[95.3433969,5.5635483],[95.3433734,5.5635594],[95.3433429,5.5635657],[95.3433043,5.5635664],[95.3432285,5.5635547]]}},{"type":"Feature","properties":{"segmentId":"osm-gaul2-73705-3066460389-544527105-0","regionId":"gaul2-73705","province":"Nangroe Aceh Darussalam","region":"Kota Bandaaceh","roadName":"Jalan Teuku Panglima Nyak Makam","highway":"primary","lengthMeters":42.112,"osmWayIds":["43326798"],"u":"3066460389","v":"544527105","key":0,"oneway":true,"source":"OpenStreetMap"},"geometry":{"type":"LineString","coordinates":[[95.3434863,5.5634373],[95.3434534,5.5638146]]}},{"type":"Feature","properties":{"segmentId":"osm-gaul2-73705-3066460393-544527098-0","regionId":"gaul2-73705","province":"Nangroe Aceh Darussalam","region":"Kota Bandaaceh","roadName":"Jalan Stadion Haji Dimurthala","highway":"tertiary","lengthMeters":404.044,"osmWayIds":["302388793"],"u":"3066460393","v":"544527098","key":0,"oneway":false,"source":"OpenStreetMap"},"geometry":{"type":"LineString","coordinates":[[95.3432285,5.5635547],[95.3426261,5.5630413],[95.3423523,5.5628079],[95.3419868,5.5631934],[95.3416193,5.5635804],[95.3415574,5.5636483],[95.34117,5.5640736],[95.3407596,5.5645455],[95.3406798,5.5646523]]}},{"type":"Feature","properties":{"segmentId":"osm-gaul2-73705-3066460393-544527105-0","regionId":"gaul2-73705","province":"Nangroe Aceh Darussalam","region":"Kota Bandaaceh","roadName":"Jalan Stadion Haji Dimurthala","highway":"tertiary","lengthMeters":38.155,"osmWayIds":["917677711"],"u":"3066460393","v":"544527105","key":0,"oneway":true,"source":"OpenStreetMap"},"geometry":{"type":"LineString","coordinates":[[95.3432285,5.5635547],[95.3433104,5.5636432],[95.3433707,5.5637126],[95.3434534,5.5638146]]}},{"type":"Feature","properties":{"segmentId":"osm-gaul2-73705-3066460400-7719544391-0","regionId":"gaul2-73705","province":"Nangroe Aceh Darussalam","region":"Kota Bandaaceh","roadName":"Jalan PKA","highway":"tertiary","lengthMeters":367.469,"osmWayIds":["43326803","826853116"],"u":"3066460400","v":"7719544391","key":0,"oneway":true,"source":"OpenStreetMap"},"geometry":{"type":"LineString","coordinates":[[95.3389162,5.5675531],[95.3387498,5.5677278],[95.3386468,5.5678405],[95.3385614,5.5679048],[95.3385092,5.5679305],[95.3381136,5.568104],[95.3379671,5.5681795],[95.3374124,5.5685453],[95.3368878,5.5689223],[95.3367685,5.5689996],[95.3365633,5.5691344],[95.3362628,5.569352],[95.3362059,5.5694221]]}},{"type":"Feature","properties":{"segmentId":"osm-gaul2-73705-3066460402-544527086-0","regionId":"gaul2-73705","province":"Nangroe Aceh Darussalam","region":"Kota Bandaaceh","roadName":"Jalan PKA","highway":"tertiary","lengthMeters":17.913,"osmWayIds":["656033679"],"u":"3066460402","v":"544527086","key":0,"oneway":true,"source":"OpenStreetMap"},"geometry":{"type":"LineString","coordinates":[[95.3391674,5.5674319],[95.3392093,5.5672763]]}},{"type":"Feature","properties":{"segmentId":"osm-gaul2-73705-3066460402-553306116-0","regionId":"gaul2-73705","province":"Nangroe Aceh Darussalam","region":"Kota Bandaaceh","roadName":"Jalan Teuku Nyak Arief","highway":"trunk","lengthMeters":31.22,"osmWayIds":["1009829955"],"u":"3066460402","v":"553306116","key":0,"oneway":true,"source":"OpenStreetMap"},"geometry":{"type":"LineString","coordinates":[[95.3391674,5.5674319],[95.3392737,5.5675424],[95.3393581,5.5676387]]}},{"type":"Feature","properties":{"segmentId":"osm-gaul2-73705-3066460410-3066427437-0","regionId":"gaul2-73705","province":"Nangroe Aceh Darussalam","region":"Kota Bandaaceh","roadName":"Jalan Mohammad Daud Beureueh","highway":"trunk","lengthMeters":24.156,"osmWayIds":["1008772724"],"u":"3066460410","v":"3066427437","key":0,"oneway":true,"source":"OpenStreetMap"},"geometry":{"type":"LineString","coordinates":[[95.3389572,5.5671962],[95.3391,5.5673605]]}},{"type":"Feature","properties":{"segmentId":"osm-gaul2-73705-3066460410-3066460400-0","regionId":"gaul2-73705","province":"Nangroe Aceh Darussalam","region":"Kota Bandaaceh","roadName":"Unnamed OSM road","highway":"trunk_link","lengthMeters":40.171,"osmWayIds":["302388796"],"u":"3066460410","v":"3066460400","key":0,"oneway":true,"source":"OpenStreetMap"},"geometry":{"type":"LineString","coordinates":[[95.3389572,5.5671962],[95.3389523,5.567325],[95.338937,5.5674953],[95.3389162,5.5675531]]}},{"type":"Feature","properties":{"segmentId":"osm-gaul2-73705-3066460411-3066460414-0","regionId":"gaul2-73705","province":"Nangroe Aceh Darussalam","region":"Kota Bandaaceh","roadName":"Unnamed OSM road","highway":"trunk_link","lengthMeters":33.975,"osmWayIds":["302388797"],"u":"3066460411","v":"3066460414","key":0,"oneway":true,"source":"OpenStreetMap"},"geometry":{"type":"LineString","coordinates":[[95.3393042,5.5670188],[95.3392385,5.5670372],[95.3390061,5.5670916]]}},{"type":"Feature","properties":{"segmentId":"osm-gaul2-73705-3066460411-3066460424-0","regionId":"gaul2-73705","province":"Nangroe Aceh Darussalam","region":"Kota Bandaaceh","roadName":"Jalan Stadion Haji Dimurthala","highway":"tertiary","lengthMeters":27.897,"osmWayIds":["302388792"],"u":"3066460411","v":"3066460424","key":0,"oneway":true,"source":"OpenStreetMap"},"geometry":{"type":"LineString","coordinates":[[95.3393042,5.5670188],[95.3391423,5.5672111]]}},{"type":"Feature","properties":{"segmentId":"osm-gaul2-73705-3066460414-4627612251-0","regionId":"gaul2-73705","province":"Nangroe Aceh Darussalam","region":"Kota Bandaaceh","roadName":"Jalan Mohammad Daud Beureueh","highway":"trunk","lengthMeters":146.657,"osmWayIds":["253620662"],"u":"3066460414","v":"4627612251","key":0,"oneway":true,"source":"OpenStreetMap"},"geometry":{"type":"LineString","coordinates":[[95.3390061,5.5670916],[95.3386876,5.5667939],[95.3385448,5.5666692],[95.3385162,5.5666442],[95.3380398,5.5661893]]}},{"type":"Feature","properties":{"segmentId":"osm-gaul2-73705-3066460415-3066460402-0","regionId":"gaul2-73705","province":"Nangroe Aceh Darussalam","region":"Kota Bandaaceh","roadName":"Jalan PKA","highway":"tertiary","lengthMeters":42.15,"osmWayIds":["302388794"],"u":"3066460415","v":"3066460402","key":0,"oneway":true,"source":"OpenStreetMap"},"geometry":{"type":"LineString","coordinates":[[95.338886,5.5676845],[95.3389773,5.5675821],[95.3390658,5.5675014],[95.3391674,5.5674319]]}},{"type":"Feature","properties":{"segmentId":"osm-gaul2-73705-3066460415-553306116-0","regionId":"gaul2-73705","province":"Nangroe Aceh Darussalam","region":"Kota Bandaaceh","roadName":"Unnamed OSM road","highway":"trunk_link","lengthMeters":55.548,"osmWayIds":["302388798"],"u":"3066460415","v":"553306116","key":0,"oneway":true,"source":"OpenStreetMap"},"geometry":{"type":"LineString","coordinates":[[95.338886,5.5676845],[95.3389673,5.5676487],[95.3390449,5.567612],[95.3391158,5.5675918],[95.3391744,5.5675861],[95.3392352,5.5675885],[95.3392871,5.5676021],[95.3393581,5.5676387]]}},{"type":"Feature","properties":{"segmentId":"osm-gaul2-73705-3066460420-3066460422-0","regionId":"gaul2-73705","province":"Nangroe Aceh Darussalam","region":"Kota Bandaaceh","roadName":"Unnamed OSM road","highway":"trunk_link","lengthMeters":33.262,"osmWayIds":["302388799"],"u":"3066460420","v":"3066460422","key":0,"oneway":true,"source":"OpenStreetMap"},"geometry":{"type":"LineString","coordinates":[[95.3393297,5.5674069],[95.339336,5.5672766],[95.3393474,5.5671083]]}},{"type":"Feature","properties":{"segmentId":"osm-gaul2-73705-3066460420-544527086-0","regionId":"gaul2-73705","province":"Nangroe Aceh Darussalam","region":"Kota Bandaaceh","roadName":"Jalan Teuku Nyak Arief","highway":"trunk","lengthMeters":19.709,"osmWayIds":["1009829957"],"u":"3066460420","v":"544527086","key":0,"oneway":true,"source":"OpenStreetMap"},"geometry":{"type":"LineString","coordinates":[[95.3393297,5.5674069],[95.3392093,5.5672763]]}},{"type":"Feature","properties":{"segmentId":"osm-gaul2-73705-3066460422-6147300032-0","regionId":"gaul2-73705","province":"Nangroe Aceh Darussalam","region":"Kota Bandaaceh","roadName":"Jalan Stadion Haji Dimurthala","highway":"tertiary","lengthMeters":143.242,"osmWayIds":["43326784"],"u":"3066460422","v":"6147300032","key":0,"oneway":true,"source":"OpenStreetMap"},"geometry":{"type":"LineString","coordinates":[[95.3393474,5.5671083],[95.3393836,5.5670682],[95.3396237,5.5668106],[95.3398423,5.5665717],[95.3400113,5.5663761],[95.3400901,5.5662753],[95.3401957,5.5661365]]}},{"type":"Feature","properties":{"segmentId":"osm-gaul2-73705-3066460424-3066427437-0","regionId":"gaul2-73705","province":"Nangroe Aceh Darussalam","region":"Kota Bandaaceh","roadName":"Jalan PKA","highway":"tertiary","lengthMeters":17.26,"osmWayIds":["656033678"],"u":"3066460424","v":"3066427437","key":0,"oneway":true,"source":"OpenStreetMap"},"geometry":{"type":"LineString","coordinates":[[95.3391423,5.5672111],[95.3391,5.5673605]]}},{"type":"Feature","properties":{"segmentId":"osm-gaul2-73705-3066460424-3066460414-0","regionId":"gaul2-73705","province":"Nangroe Aceh Darussalam","region":"Kota Bandaaceh","roadName":"Jalan Mohammad Daud Beureueh","highway":"trunk","lengthMeters":20.094,"osmWayIds":["253620662"],"u":"3066460424","v":"3066460414","key":0,"oneway":true,"source":"OpenStreetMap"},"geometry":{"type":"LineString","coordinates":[[95.3391423,5.5672111],[95.3390061,5.5670916]]}},{"type":"Feature","properties":{"segmentId":"osm-gaul2-73705-3070913890-3062896079-0","regionId":"gaul2-73705","province":"Nangroe Aceh Darussalam","region":"Kota Bandaaceh","roadName":"Jalan T. Hasan Dek","highway":"primary","lengthMeters":425.897,"osmWayIds":["302052893"],"u":"3070913890","v":"3062896079","key":0,"oneway":true,"source":"OpenStreetMap"},"geometry":{"type":"LineString","coordinates":[[95.330242,5.5582394],[95.33025,5.5581841],[95.3302564,5.5581126],[95.3302976,5.5578325],[95.3303563,5.557331],[95.3304028,5.5569283],[95.3304605,5.5564701],[95.3305049,5.5561705],[95.3305814,5.5556131],[95.3307007,5.554973],[95.3307285,5.5547676],[95.3307469,5.5544444]]}},{"type":"Feature","properties":{"segmentId":"osm-gaul2-73705-3070913893-3062896085-0","regionId":"gaul2-73705","province":"Nangroe Aceh Darussalam","region":"Kota Bandaaceh","roadName":"Jalan Mohammad Daud Beureueh","highway":"trunk","lengthMeters":90.087,"osmWayIds":["253620662"],"u":"3070913893","v":"3062896085","key":0,"oneway":true,"source":"OpenStreetMap"},"geometry":{"type":"LineString","coordinates":[[95.3307463,5.559282],[95.3303102,5.5588668],[95.3301607,5.5587193]]}},{"type":"Feature","properties":{"segmentId":"osm-gaul2-73705-3070913893-3070913890-0","regionId":"gaul2-73705","province":"Nangroe Aceh Darussalam","region":"Kota Bandaaceh","roadName":"Unnamed OSM road","highway":"primary_link","lengthMeters":132.356,"osmWayIds":["302808974"],"u":"3070913893","v":"3070913890","key":0,"oneway":true,"source":"OpenStreetMap"},"geometry":{"type":"LineString","coordinates":[[95.3307463,5.559282],[95.3304833,5.5589352],[95.3303235,5.5587065],[95.330305,5.5586764],[95.330297,5.558651],[95.3302884,5.5585988],[95.3302699,5.5584263],[95.330242,5.5582394]]}},{"type":"Feature","properties":{"segmentId":"osm-gaul2-73705-3070913894-4627612250-0","regionId":"gaul2-73705","province":"Nangroe Aceh Darussalam","region":"Kota Bandaaceh","roadName":"Jalan Mohammad Daud Beureueh","highway":"trunk","lengthMeters":928.098,"osmWayIds":["1008772724"],"u":"3070913894","v":"4627612250","key":0,"oneway":true,"source":"OpenStreetMap"},"geometry":{"type":"LineString","coordinates":[[95.3306008,5.5592639],[95.3314319,5.5600608],[95.331738,5.5603543],[95.3318505,5.5604594],[95.3329238,5.5614774],[95.3339944,5.5624872],[95.3343947,5.5628683],[95.3353033,5.5637486],[95.3360148,5.5644227],[95.3366632,5.5650307]]}},{"type":"Feature","properties":{"segmentId":"osm-gaul2-73705-3070913899-3070913894-0","regionId":"gaul2-73705","province":"Nangroe Aceh Darussalam","region":"Kota Bandaaceh","roadName":"Unnamed OSM road","highway":"secondary_link","lengthMeters":174.84,"osmWayIds":["302808975"],"u":"3070913899","v":"3070913894","key":0,"oneway":true,"source":"OpenStreetMap"},"geometry":{"type":"LineString","coordinates":[[95.3299874,5.5602958],[95.3300465,5.5602314],[95.3300673,5.5602047],[95.3300754,5.5601877],[95.3301471,5.5592839],[95.3301609,5.5592464],[95.3302018,5.559193],[95.3302329,5.5591755],[95.3302675,5.5591663],[95.3303078,5.5591666],[95.3304345,5.559213],[95.3306008,5.5592639]]}},{"type":"Feature","properties":{"segmentId":"osm-gaul2-73705-3070913899-6132993310-0","regionId":"gaul2-73705","province":"Nangroe Aceh Darussalam","region":"Kota Bandaaceh","roadName":"Jalan Syiah Kuala","highway":"secondary","lengthMeters":151.93,"osmWayIds":["43326804"],"u":"3070913899","v":"6132993310","key":0,"oneway":false,"source":"OpenStreetMap"},"geometry":{"type":"LineString","coordinates":[[95.3299874,5.5602958],[95.3300352,5.5595856],[95.330067,5.5592197],[95.3300883,5.5589332]]}},{"type":"Feature","properties":{"segmentId":"osm-gaul2-73705-3070913899-7695312703-0","regionId":"gaul2-73705","province":"Nangroe Aceh Darussalam","region":"Kota Bandaaceh","roadName":"Jalan Syiah Kuala","highway":"secondary","lengthMeters":245.898,"osmWayIds":["43326804"],"u":"3070913899","v":"7695312703","key":0,"oneway":false,"source":"OpenStreetMap"},"geometry":{"type":"LineString","coordinates":[[95.3299874,5.5602958],[95.3299531,5.5608156],[95.3298954,5.5615],[95.3298286,5.5623996],[95.3298279,5.5624366],[95.3298273,5.5624723],[95.3298246,5.5625011]]}},{"type":"Feature","properties":{"segmentId":"osm-gaul2-73705-3071608515-3107886786-0","regionId":"gaul2-73705","province":"Nangroe Aceh Darussalam","region":"Kota Bandaaceh","roadName":"Jalan Soekarno-Hatta","highway":"trunk","lengthMeters":9.96,"osmWayIds":["507496055"],"u":"3071608515","v":"3107886786","key":0,"oneway":true,"source":"OpenStreetMap"},"geometry":{"type":"LineString","coordinates":[[95.3300961,5.5145445],[95.3301847,5.5145288]]}},{"type":"Feature","properties":{"segmentId":"osm-gaul2-73705-3071608515-3107886788-0","regionId":"gaul2-73705","province":"Nangroe Aceh Darussalam","region":"Kota Bandaaceh","roadName":"Jalan Teuku Muhammad Hasan","highway":"trunk","lengthMeters":187.823,"osmWayIds":["1008254036"],"u":"3071608515","v":"3107886788","key":0,"oneway":true,"source":"OpenStreetMap"},"geometry":{"type":"LineString","coordinates":[[95.3300961,5.5145445],[95.3301027,5.5153574],[95.3301049,5.5158825],[95.3301064,5.5162336]]}},{"type":"Feature","properties":{"segmentId":"osm-gaul2-73705-3071652157-3096570555-0","regionId":"gaul2-73705","province":"Nangroe Aceh Darussalam","region":"Kota Bandaaceh","roadName":"Jalan Soekarno-Hatta","highway":"trunk_link","lengthMeters":11.003,"osmWayIds":["305083028"],"u":"3071652157","v":"3096570555","key":0,"oneway":false,"source":"OpenStreetMap"},"geometry":{"type":"LineString","coordinates":[[95.2974645,5.5260497],[95.2973867,5.5259881]]}},{"type":"Feature","properties":{"segmentId":"osm-gaul2-73705-3071652157-7722892931-0","regionId":"gaul2-73705","province":"Nangroe Aceh Darussalam","region":"Kota Bandaaceh","roadName":"Jalan Soekarno-Hatta","highway":"trunk","lengthMeters":221.092,"osmWayIds":["302882454"],"u":"3071652157","v":"7722892931","key":0,"oneway":true,"source":"OpenStreetMap"},"geometry":{"type":"LineString","coordinates":[[95.2974645,5.5260497],[95.2976364,5.5258248],[95.2978366,5.5256485],[95.2982727,5.5249892],[95.298583,5.5245818],[95.298665,5.5244692]]}},{"type":"Feature","properties":{"segmentId":"osm-gaul2-73705-3071652162-4627612206-0","regionId":"gaul2-73705","province":"Nangroe Aceh Darussalam","region":"Kota Bandaaceh","roadName":"Jalan Soekarno-Hatta","highway":"trunk","lengthMeters":429.475,"osmWayIds":["507496055"],"u":"3071652162","v":"4627612206","key":0,"oneway":true,"source":"OpenStreetMap"},"geometry":{"type":"LineString","coordinates":[[95.3044879,5.5203818],[95.3055499,5.5201477],[95.3068108,5.5198688],[95.3073861,5.5197443],[95.307667,5.5196819],[95.3082755,5.5195425]]}},{"type":"Feature","properties":{"segmentId":"osm-gaul2-73705-3071652169-3071608515-0","regionId":"gaul2-73705","province":"Nangroe Aceh Darussalam","region":"Kota Bandaaceh","roadName":"Jalan Soekarno-Hatta","highway":"trunk","lengthMeters":508.986,"osmWayIds":["507496055"],"u":"3071652169","v":"3071608515","key":0,"oneway":true,"source":"OpenStreetMap"},"geometry":{"type":"LineString","coordinates":[[95.3255486,5.5152243],[95.3260919,5.5151458],[95.3271058,5.5149914],[95.3282136,5.5148299],[95.3292613,5.5146581],[95.3300961,5.5145445]]}},{"type":"Feature","properties":{"segmentId":"osm-gaul2-73705-3071652169-3107827336-0","regionId":"gaul2-73705","province":"Nangroe Aceh Darussalam","region":"Kota Bandaaceh","roadName":"Unnamed OSM road","highway":"secondary","lengthMeters":243.451,"osmWayIds":["306019324"],"u":"3071652169","v":"3107827336","key":0,"oneway":false,"source":"OpenStreetMap"},"geometry":{"type":"LineString","coordinates":[[95.3255486,5.5152243],[95.325526,5.5153473],[95.3254992,5.5154216],[95.3254496,5.5155021],[95.3249184,5.515872],[95.3243182,5.5163005],[95.3242552,5.5163474],[95.3239519,5.5165687],[95.323905,5.5166029]]}},{"type":"Feature","properties":{"segmentId":"osm-gaul2-73705-3071652169-544500659-0","regionId":"gaul2-73705","province":"Nangroe Aceh Darussalam","region":"Kota Bandaaceh","roadName":"Unnamed OSM road","highway":"secondary","lengthMeters":14.058,"osmWayIds":["306019326"],"u":"3071652169","v":"544500659","key":0,"oneway":false,"source":"OpenStreetMap"},"geometry":{"type":"LineString","coordinates":[[95.3255486,5.5152243],[95.3255655,5.515099]]}},{"type":"Feature","properties":{"segmentId":"osm-gaul2-73705-3071652181-3071652190-0","regionId":"gaul2-73705","province":"Nangroe Aceh Darussalam","region":"Kota Bandaaceh","roadName":"Jalan Soekarno-Hatta","highway":"trunk","lengthMeters":359.484,"osmWayIds":["427372001"],"u":"3071652181","v":"3071652190","key":0,"oneway":true,"source":"OpenStreetMap"},"geometry":{"type":"LineString","coordinates":[[95.3553704,5.5083586],[95.3557545,5.5080503],[95.3559849,5.5078276],[95.3564395,5.5074766],[95.3566568,5.5073698],[95.3568794,5.5072977],[95.3569883,5.5072684],[95.3571074,5.5072656],[95.3573327,5.5073111],[95.3574416,5.5073612],[95.3575835,5.5074499],[95.3576602,5.5075034],[95.3579111,5.5077625],[95.3579987,5.5079156]]}},{"type":"Feature","properties":{"segmentId":"osm-gaul2-73705-3071652181-544500432-0","regionId":"gaul2-73705","province":"Nangroe Aceh Darussalam","region":"Kota Bandaaceh","roadName":"Unnamed OSM road","highway":"trunk_link","lengthMeters":9.837,"osmWayIds":["654649211"],"u":"3071652181","v":"544500432","key":0,"oneway":false,"source":"OpenStreetMap"},"geometry":{"type":"LineString","coordinates":[[95.3553704,5.5083586],[95.3553076,5.508296]]}},{"type":"Feature","properties":{"segmentId":"osm-gaul2-73705-3071652190-3059938567-0","regionId":"gaul2-73705","province":"Nangroe Aceh Darussalam","region":"Kota Bandaaceh","roadName":"Bundaran Lambaro","highway":"trunk","lengthMeters":15.953,"osmWayIds":["301841264"],"u":"3071652190","v":"3059938567","key":0,"oneway":true,"source":"OpenStreetMap"},"geometry":{"type":"LineString","coordinates":[[95.3579987,5.5079156],[95.3579954,5.5079633],[95.3580047,5.5080102],[95.358026,5.5080531]]}},{"type":"Feature","properties":{"segmentId":"osm-gaul2-73705-3071652192-6134413781-0","regionId":"gaul2-73705","province":"Nangroe Aceh Darussalam","region":"Kota Bandaaceh","roadName":"Jalan Raya Medan Banda Aceh","highway":"trunk","lengthMeters":191.671,"osmWayIds":["61786567","912706675"],"u":"3071652192","v":"6134413781","key":0,"oneway":true,"source":"OpenStreetMap"},"geometry":{"type":"LineString","coordinates":[[95.3585564,5.5076147],[95.3590619,5.5070449],[95.3594849,5.5065212],[95.3596536,5.5062828]]}},{"type":"Feature","properties":{"segmentId":"osm-gaul2-73705-3071652199-3071652192-0","regionId":"gaul2-73705","province":"Nangroe Aceh Darussalam","region":"Kota Bandaaceh","roadName":"Unnamed OSM road","highway":"trunk_link","lengthMeters":71.991,"osmWayIds":["302882459"],"u":"3071652199","v":"3071652192","key":0,"oneway":true,"source":"OpenStreetMap"},"geometry":{"type":"LineString","coordinates":[[95.358591,5.5082239],[95.3585319,5.5081214],[95.3585051,5.5080694],[95.3584914,5.5080097],[95.358481,5.5079385],[95.358491,5.5077645],[95.3585564,5.5076147]]}},{"type":"Feature","properties":{"segmentId":"osm-gaul2-73705-3071652199-6146773404-0","regionId":"gaul2-73705","province":"Nangroe Aceh Darussalam","region":"Kota Bandaaceh","roadName":"Jalan Bandara","highway":"trunk","lengthMeters":36.338,"osmWayIds":["302882457"],"u":"3071652199","v":"6146773404","key":0,"oneway":true,"source":"OpenStreetMap"},"geometry":{"type":"LineString","coordinates":[[95.358591,5.5082239],[95.3584914,5.5081264],[95.3583524,5.5079995]]}},{"type":"Feature","properties":{"segmentId":"osm-gaul2-73705-3071721372-3059938548-0","regionId":"gaul2-73705","province":"Nangroe Aceh Darussalam","region":"Kota Bandaaceh","roadName":"Unnamed OSM road","highway":"secondary","lengthMeters":544.964,"osmWayIds":["302889026"],"u":"3071721372","v":"3059938548","key":0,"oneway":false,"source":"OpenStreetMap"},"geometry":{"type":"LineString","coordinates":[[95.3529696,5.509223],[95.3533271,5.5092927],[95.3533415,5.5092955],[95.3536195,5.5093482],[95.3537884,5.5093963],[95.3539476,5.5094489],[95.3542115,5.5095717],[95.3544464,5.5096991],[95.3547768,5.5098848],[95.3551627,5.5101209],[95.3552145,5.5101526],[95.3562124,5.5107126],[95.3565246,5.5109173],[95.3570366,5.5112131],[95.3573892,5.5112533]]}},{"type":"Feature","properties":{"segmentId":"osm-gaul2-73705-3071721372-3071652181-0","regionId":"gaul2-73705","province":"Nangroe Aceh Darussalam","region":"Kota Bandaaceh","roadName":"Jalan Soekarno-Hatta","highway":"trunk","lengthMeters":291.1,"osmWayIds":["427372001"],"u":"3071721372","v":"3071652181","key":0,"oneway":true,"source":"OpenStreetMap"},"geometry":{"type":"LineString","coordinates":[[95.3529696,5.509223],[95.3533219,5.5091577],[95.3545915,5.5089222],[95.3547699,5.5088742],[95.3549214,5.5087781],[95.3553704,5.5083586]]}},{"type":"Feature","properties":{"segmentId":"osm-gaul2-73705-3071726148-3357948372-0","regionId":"gaul2-73705","province":"Nangroe Aceh Darussalam","region":"Kota Bandaaceh","roadName":"Unnamed OSM road","highway":"tertiary","lengthMeters":2656.745,"osmWayIds":["302889059"],"u":"3071726148","v":"3357948372","key":0,"oneway":false,"source":"OpenStreetMap"},"geometry":{"type":"LineString","coordinates":[[95.3556711,5.5079642],[95.3556217,5.5077835],[95.3555783,5.5075579],[95.3555872,5.5073962],[95.3556566,5.5070028],[95.3556834,5.5068666],[95.3557367,5.5065944],[95.3559775,5.5053915],[95.3559892,5.5053328],[95.3562084,5.5042708],[95.3563486,5.5036083],[95.3564706,5.5029593],[95.3566048,5.502364],[95.3566622,5.5020917],[95.3568274,5.5013694],[95.3569893,5.5006506],[95.3571359,5.4999051],[95.3572485,5.4992842],[95.3573088,5.4986942],[95.3573826,5.4981509],[95.3574537,5.4975155],[95.3575593,5.4966095],[95.3575623,5.4963901],[95.3575534,5.4960591],[95.357559,5.4958052],[95.3575776,5.4954808],[95.3575904,5.495166],[95.3575824,5.4951248],[95.3575674,5.4950916],[95.3575453,5.4950583],[95.3570591,5.494604],[95.3569199,5.4944731],[95.3566885,5.4942656],[95.3566707,5.4942613],[95.3564559,5.4940753],[95.3561735,5.4938591],[95.3558459,5.4936326],[95.355789,5.4935893],[95.3555964,5.4934326],[95.3554505,5.4932909],[95.3550584,5.4928697],[95.3545851,5.4923239],[95.3542999,5.4920079],[95.3540553,5.4917509],[95.3538621,5.4915371],[95.3538252,5.4914849],[95.3537994,5.4914245],[95.3537863,5.4913585],[95.3537898,5.4912422],[95.3538627,5.4907435],[95.3539417,5.4900282],[95.3540694,5.4889431],[95.3541121,5.4884803],[95.3541989,5.4878935],[95.3543414,5.4870132],[95.3543572,5.4868688],[95.3544241,5.4866837],[95.3544945,5.4865349],[95.3545217,5.4864377],[95.3545482,5.4863179],[95.3545845,5.485951]]}},{"type":"Feature","properties":{"segmentId":"osm-gaul2-73705-3071726148-544500432-0","regionId":"gaul2-73705","province":"Nangroe Aceh Darussalam","region":"Kota Bandaaceh","roadName":"Jalan Soekarno-Hatta","highway":"trunk","lengthMeters":54.588,"osmWayIds":["427372002"],"u":"3071726148","v":"544500432","key":0,"oneway":true,"source":"OpenStreetMap"},"geometry":{"type":"LineString","coordinates":[[95.3556711,5.5079642],[95.3553076,5.508296]]}},{"type":"Feature","properties":{"segmentId":"osm-gaul2-73705-3088066205-2222640088-0","regionId":"gaul2-73705","province":"Nangroe Aceh Darussalam","region":"Kota Bandaaceh","roadName":"Unnamed OSM road","highway":"tertiary","lengthMeters":9.26,"osmWayIds":["1183832775"],"u":"3088066205","v":"2222640088","key":0,"oneway":true,"source":"OpenStreetMap"},"geometry":{"type":"LineString","coordinates":[[95.3104372,5.5492818],[95.31045,5.5493641]]}},{"type":"Feature","properties":{"segmentId":"osm-gaul2-73705-3088066205-7731256548-0","regionId":"gaul2-73705","province":"Nangroe Aceh Darussalam","region":"Kota Bandaaceh","roadName":"Jalan Sultan Iskandar Muda","highway":"trunk","lengthMeters":193.356,"osmWayIds":["304275810"],"u":"3088066205","v":"7731256548","key":0,"oneway":true,"source":"OpenStreetMap"},"geometry":{"type":"LineString","coordinates":[[95.3104372,5.5492818],[95.3100591,5.5493701],[95.3097332,5.5494802],[95.3094073,5.5495703],[95.3090374,5.5496992],[95.3087735,5.5498047]]}},{"type":"Feature","properties":{"segmentId":"osm-gaul2-73705-3088066210-3088066230-0","regionId":"gaul2-73705","province":"Nangroe Aceh Darussalam","region":"Kota Bandaaceh","roadName":"Unnamed OSM road","highway":"trunk_link","lengthMeters":10.219,"osmWayIds":["304275816"],"u":"3088066210","v":"3088066230","key":0,"oneway":false,"source":"OpenStreetMap"},"geometry":{"type":"LineString","coordinates":[[95.3037176,5.5514684],[95.3037488,5.5515549]]}},{"type":"Feature","properties":{"segmentId":"osm-gaul2-73705-3088066210-3088066721-0","regionId":"gaul2-73705","province":"Nangroe Aceh Darussalam","region":"Kota Bandaaceh","roadName":"Jalan Sultan Iskandar Muda","highway":"trunk","lengthMeters":2183.339,"osmWayIds":["304275810","654629545"],"u":"3088066210","v":"3088066721","key":0,"oneway":true,"source":"OpenStreetMap"},"geometry":{"type":"LineString","coordinates":[[95.3037176,5.5514684],[95.3034836,5.5515365],[95.3031021,5.551648],[95.3022588,5.5518959],[95.3019088,5.551995],[95.3015236,5.5521045],[95.3007022,5.5523521],[95.2997993,5.552599],[95.2993892,5.5527065],[95.2992705,5.5527402],[95.298723,5.5528817],[95.2971971,5.5532791],[95.2965991,5.5534206],[95.2963576,5.5534511],[95.2961404,5.5534623],[95.295804,5.5534612],[95.295496,5.5534413],[95.2951408,5.5534186],[95.2948882,5.5533947],[95.2944553,5.5533746],[95.2940525,5.5533513],[95.2932976,5.5532899],[95.2928679,5.5532574],[95.2927982,5.5532519],[95.2927433,5.5532497],[95.2923247,5.553249],[95.2920963,5.5532598],[95.2919056,5.5532831],[95.2917302,5.5533145],[95.2915199,5.5533646],[95.2914538,5.5533834],[95.2909274,5.5535688],[95.2899413,5.5539838],[95.2887292,5.5544672],[95.2886593,5.5544957],[95.2883939,5.5546003],[95.2879786,5.5547677],[95.2875466,5.5549471],[95.2871155,5.5551262],[95.2864189,5.5554111],[95.285624,5.5557201],[95.2854685,5.5557759],[95.2853313,5.5557934],[95.2851024,5.5558012],[95.2849083,5.5557979],[95.2847463,5.5557897]]}},{"type":"Feature","properties":{"segmentId":"osm-gaul2-73705-3088066230-3088066210-0","regionId":"gaul2-73705","province":"Nangroe Aceh Darussalam","region":"Kota Bandaaceh","roadName":"Unnamed OSM road","highway":"trunk_link","lengthMeters":10.219,"osmWayIds":["304275816"],"u":"3088066230","v":"3088066210","key":0,"oneway":false,"source":"OpenStreetMap"},"geometry":{"type":"LineString","coordinates":[[95.3037488,5.5515549],[95.3037176,5.5514684]]}},{"type":"Feature","properties":{"segmentId":"osm-gaul2-73705-3088066230-7731256547-0","regionId":"gaul2-73705","province":"Nangroe Aceh Darussalam","region":"Kota Bandaaceh","roadName":"Jalan Sultan Iskandar Muda","highway":"trunk","lengthMeters":588.118,"osmWayIds":["136491572"],"u":"3088066230","v":"7731256547","key":0,"oneway":true,"source":"OpenStreetMap"},"geometry":{"type":"LineString","coordinates":[[95.3037488,5.5515549],[95.304464,5.5513376],[95.3054741,5.5510333],[95.305561,5.551009],[95.305746,5.5509572],[95.306202,5.5508397],[95.3066754,5.5507009],[95.3071918,5.5505274],[95.3076004,5.5503663],[95.3080514,5.550203],[95.3085114,5.5500495],[95.3088034,5.5499339]]}},{"type":"Feature","properties":{"segmentId":"osm-gaul2-73705-3088066709-3088066714-0","regionId":"gaul2-73705","province":"Nangroe Aceh Darussalam","region":"Kota Bandaaceh","roadName":"Unnamed OSM road","highway":"trunk","lengthMeters":15.162,"osmWayIds":["304275157"],"u":"3088066709","v":"3088066714","key":0,"oneway":true,"source":"OpenStreetMap"},"geometry":{"type":"LineString","coordinates":[[95.2846362,5.5557761],[95.284608,5.5557955],[95.2845877,5.5558229],[95.2845774,5.5558554],[95.2845782,5.5558895]]}},{"type":"Feature","properties":{"segmentId":"osm-gaul2-73705-3088066709-553309689-0","regionId":"gaul2-73705","province":"Nangroe Aceh Darussalam","region":"Kota Bandaaceh","roadName":"Jalan Banda Aceh Meulaboh","highway":"trunk","lengthMeters":905.104,"osmWayIds":["304432797","678183339","678183340"],"u":"3088066709","v":"553309689","key":0,"oneway":false,"source":"OpenStreetMap"},"geometry":{"type":"LineString","coordinates":[[95.2846362,5.5557761],[95.2846535,5.5557267],[95.2847016,5.5554767],[95.2847353,5.5552929],[95.284822,5.5548817],[95.2848921,5.5546555],[95.2849795,5.5543713],[95.2850107,5.5542694],[95.2850853,5.5540467],[95.2851175,5.5539832],[95.2851802,5.5538694],[95.2852981,5.5537155],[95.2859553,5.5528952],[95.2861086,5.5527113],[95.2868983,5.5517915],[95.286974,5.5516331],[95.2869883,5.5514736],[95.2867996,5.5507445],[95.2867705,5.5505488],[95.2867532,5.5504],[95.2867332,5.550231],[95.2867169,5.5500767],[95.286699,5.5497727],[95.2866964,5.5496593],[95.2867164,5.5495672],[95.2867721,5.5494702],[95.2868535,5.5493486],[95.2870239,5.5491088],[95.2871323,5.5489479],[95.2871557,5.5488882],[95.2871779,5.5487583],[95.287172,5.5485148]]}},{"type":"Feature","properties":{"segmentId":"osm-gaul2-73705-3088066710-540959602-0","regionId":"gaul2-73705","province":"Nangroe Aceh Darussalam","region":"Kota Bandaaceh","roadName":"Unnamed OSM road","highway":"trunk","lengthMeters":18.185,"osmWayIds":["304275157"],"u":"3088066710","v":"540959602","key":0,"oneway":true,"source":"OpenStreetMap"},"geometry":{"type":"LineString","coordinates":[[95.2846347,5.555963],[95.2846662,5.5559725],[95.284699,5.5559718],[95.28473,5.5559609],[95.2847561,5.555941],[95.2847746,5.555914]]}},{"type":"Feature","properties":{"segmentId":"osm-gaul2-73705-3088066714-3088066710-0","regionId":"gaul2-73705","province":"Nangroe Aceh Darussalam","region":"Kota Bandaaceh","roadName":"Unnamed OSM road","highway":"trunk","lengthMeters":10.621,"osmWayIds":["304275157"],"u":"3088066714","v":"3088066710","key":0,"oneway":true,"source":"OpenStreetMap"},"geometry":{"type":"LineString","coordinates":[[95.2845782,5.5558895],[95.284589,5.5559194],[95.2846085,5.5559447],[95.2846347,5.555963]]}},{"type":"Feature","properties":{"segmentId":"osm-gaul2-73705-3088066714-3088515728-0","regionId":"gaul2-73705","province":"Nangroe Aceh Darussalam","region":"Kota Bandaaceh","roadName":"Jalan Pelabuhan Lama Ulee Lheue","highway":"trunk","lengthMeters":541.036,"osmWayIds":["304326173","304326174","304326177"],"u":"3088066714","v":"3088515728","key":0,"oneway":true,"source":"OpenStreetMap"},"geometry":{"type":"LineString","coordinates":[[95.2845782,5.5558895],[95.2844982,5.5559608],[95.2844148,5.556056],[95.2843457,5.5561492],[95.2842914,5.5562562],[95.2842622,5.5563285],[95.2842508,5.5563659],[95.2842414,5.5564179],[95.2842355,5.5565517],[95.2842384,5.5567803],[95.2842491,5.557515],[95.2842475,5.5578057],[95.2842441,5.5579803],[95.2842615,5.5582743],[95.2842789,5.5583902],[95.2843102,5.558488],[95.2843466,5.558581],[95.2843994,5.5586709],[95.2845207,5.5588244],[95.2848148,5.5591017],[95.2848456,5.559128],[95.2850491,5.5593022],[95.2853603,5.5595585],[95.2858806,5.559931]]}},{"type":"Feature","properties":{"segmentId":"osm-gaul2-73705-3088066721-3088066709-0","regionId":"gaul2-73705","province":"Nangroe Aceh Darussalam","region":"Kota Bandaaceh","roadName":"Unnamed OSM road","highway":"trunk","lengthMeters":12.907,"osmWayIds":["304275157"],"u":"3088066721","v":"3088066709","key":0,"oneway":true,"source":"OpenStreetMap"},"geometry":{"type":"LineString","coordinates":[[95.2847463,5.5557897],[95.2847213,5.5557746],[95.2846932,5.5557671],[95.284664,5.5557676],[95.2846362,5.5557761]]}},{"type":"Feature","properties":{"segmentId":"osm-gaul2-73705-3088515728-3088515750-0","regionId":"gaul2-73705","province":"Nangroe Aceh Darussalam","region":"Kota Bandaaceh","roadName":"Jalan Pelabuhan Lama Ulee Lheue","highway":"trunk","lengthMeters":813.189,"osmWayIds":["1007187751","1007187753"],"u":"3088515728","v":"3088515750","key":0,"oneway":true,"source":"OpenStreetMap"},"geometry":{"type":"LineString","coordinates":[[95.2858806,5.559931],[95.2868355,5.5604795],[95.2916983,5.5635656],[95.2918659,5.5637177],[95.2920442,5.5638938]]}},{"type":"Feature","properties":{"segmentId":"osm-gaul2-73705-3088515728-544527054-0","regionId":"gaul2-73705","province":"Nangroe Aceh Darussalam","region":"Kota Bandaaceh","roadName":"Unnamed OSM road","highway":"trunk_link","lengthMeters":10.399,"osmWayIds":["304326175"],"u":"3088515728","v":"544527054","key":0,"oneway":false,"source":"OpenStreetMap"},"geometry":{"type":"LineString","coordinates":[[95.2858806,5.559931],[95.285937,5.5598562]]}},{"type":"Feature","properties":{"segmentId":"osm-gaul2-73705-3088515740-3088515750-0","regionId":"gaul2-73705","province":"Nangroe Aceh Darussalam","region":"Kota Bandaaceh","roadName":"Unnamed OSM road","highway":"trunk","lengthMeters":40.011,"osmWayIds":["304326176"],"u":"3088515740","v":"3088515750","key":0,"oneway":true,"source":"OpenStreetMap"},"geometry":{"type":"LineString","coordinates":[[95.2921824,5.5636327],[95.2921314,5.563641],[95.2920853,5.5636642],[95.2920485,5.5637003],[95.2920245,5.5637457],[95.2920154,5.5637963],[95.2920222,5.5638473],[95.2920442,5.5638938]]}},{"type":"Feature","properties":{"segmentId":"osm-gaul2-73705-3088515740-544527054-0","regionId":"gaul2-73705","province":"Nangroe Aceh Darussalam","region":"Kota Bandaaceh","roadName":"Jalan Pelabuhan Lama Ulee Lheue","highway":"trunk","lengthMeters":809.826,"osmWayIds":["1007187750","1007187752"],"u":"3088515740","v":"544527054","key":0,"oneway":true,"source":"OpenStreetMap"},"geometry":{"type":"LineString","coordinates":[[95.2921824,5.5636327],[95.2919638,5.5635679],[95.2918393,5.5635143],[95.2917316,5.5634475],[95.2890432,5.5617688],[95.2868891,5.5604101],[95.285937,5.5598562]]}},{"type":"Feature","properties":{"segmentId":"osm-gaul2-73705-3088515750-3088515740-0","regionId":"gaul2-73705","province":"Nangroe Aceh Darussalam","region":"Kota Bandaaceh","roadName":"Unnamed OSM road","highway":"trunk","lengthMeters":76.404,"osmWayIds":["304326176"],"u":"3088515750","v":"3088515740","key":0,"oneway":true,"source":"OpenStreetMap"},"geometry":{"type":"LineString","coordinates":[[95.2920442,5.5638938],[95.2920814,5.563933],[95.2921291,5.5639584],[95.2921825,5.5639674],[95.292236,5.563959],[95.292284,5.5639342],[95.2923216,5.5638954],[95.2923449,5.5638468],[95.2923514,5.5637933],[95.2923405,5.5637405],[95.2923155,5.5636965],[95.2922784,5.563662],[95.2922326,5.5636401],[95.2921824,5.5636327]]}},{"type":"Feature","properties":{"segmentId":"osm-gaul2-73705-3088722069-3060800336-0","regionId":"gaul2-73705","province":"Nangroe Aceh Darussalam","region":"Kota Bandaaceh","roadName":"Unnamed OSM road","highway":"secondary","lengthMeters":1757.114,"osmWayIds":["304345521"],"u":"3088722069","v":"3060800336","key":0,"oneway":false,"source":"OpenStreetMap"},"geometry":{"type":"LineString","coordinates":[[95.4003548,5.5274827],[95.4005104,5.5272037],[95.4007893,5.5267191],[95.400949,5.5265136],[95.4011122,5.5263858],[95.4012442,5.5263096],[95.4013848,5.5262559],[95.4015779,5.5261972],[95.4017616,5.5261852],[95.4022029,5.526304],[95.4023508,5.5263253],[95.4024443,5.5263387],[95.4028734,5.5263187],[95.403265,5.5262986],[95.4036191,5.526312],[95.4037378,5.5263303],[95.4039302,5.52636],[95.4042064,5.5264375],[95.4044988,5.526579],[95.4047971,5.5268287],[95.4049494,5.526957],[95.4051982,5.5271762],[95.4053838,5.5273398],[95.4057528,5.5276573],[95.4062208,5.5279779],[95.4062918,5.5280104],[95.4063442,5.5280126],[95.4070649,5.5280261],[95.4071591,5.5280279],[95.4079053,5.5280166],[95.4084444,5.5279859],[95.4089244,5.5279713],[95.4092074,5.5279366],[95.4099142,5.5277857],[95.4103462,5.5276834],[95.4105794,5.5276282],[95.4109116,5.527553],[95.4117944,5.5273532],[95.4121226,5.5272842],[95.4124805,5.527209],[95.4127447,5.5271223],[95.4129298,5.5270595],[95.4134333,5.5268487],[95.4140449,5.526627],[95.4141413,5.5265763],[95.4143009,5.5264508],[95.4143818,5.5263475],[95.414452,5.5262039],[95.4144734,5.5260971],[95.4144805,5.5260267]]}},{"type":"Feature","properties":{"segmentId":"osm-gaul2-73705-3088722069-3088722087-0","regionId":"gaul2-73705","province":"Nangroe Aceh Darussalam","region":"Kota Bandaaceh","roadName":"Unnamed OSM road","highway":"secondary","lengthMeters":1069.023,"osmWayIds":["304345521","566499858","566499860"],"u":"3088722069","v":"3088722087","key":0,"oneway":false,"source":"OpenStreetMap"},"geometry":{"type":"LineString","coordinates":[[95.4003548,5.5274827],[95.4003412,5.5276078],[95.4003119,5.5278164],[95.4002582,5.5279552],[95.4002261,5.528038],[95.4000209,5.5285238],[95.3999605,5.5287948],[95.3998854,5.529238],[95.3998461,5.5298878],[95.3998265,5.5302124],[95.39977,5.5309827],[95.399732,5.5311472],[95.3995501,5.5319331],[95.3993731,5.5325739],[95.3993209,5.5327867],[95.3993107,5.532861],[95.3992658,5.5329663],[95.3992055,5.5330397],[95.3990901,5.5331265],[95.3989453,5.5332213],[95.3979429,5.5341544],[95.3978491,5.5342758],[95.3975635,5.5345294],[95.3971785,5.5348672],[95.3968138,5.5351742],[95.3962432,5.5355686]]}},{"type":"Feature","properties":{"segmentId":"osm-gaul2-73705-3088722069-7621568711-0","regionId":"gaul2-73705","province":"Nangroe Aceh Darussalam","region":"Kota Bandaaceh","roadName":"Unnamed OSM road","highway":"tertiary","lengthMeters":2085.466,"osmWayIds":["307348957","307348974","307348976"],"u":"3088722069","v":"7621568711","key":0,"oneway":false,"source":"OpenStreetMap"},"geometry":{"type":"LineString","coordinates":[[95.4003548,5.5274827],[95.4003021,5.5272654],[95.4002083,5.5267969],[95.4001895,5.5266327],[95.4001881,5.5264859],[95.4002029,5.5263191],[95.400241,5.5262072],[95.4003598,5.5259239],[95.4004751,5.5255689],[95.4005173,5.5254821],[95.4007755,5.5249815],[95.4008491,5.5247969],[95.400856,5.5247199],[95.4007675,5.524226],[95.4005812,5.5233593],[95.4005334,5.5231425],[95.4005038,5.5229873],[95.4004878,5.5229129],[95.4003013,5.5218718],[95.4000738,5.520712],[95.4000622,5.520633],[95.4000552,5.520556],[95.4000566,5.5204648],[95.4000852,5.5199201],[95.4000827,5.5198314],[95.4000977,5.5195336],[95.4001297,5.5191286],[95.4001391,5.5190661],[95.4002349,5.5187766],[95.4003885,5.5182592],[95.4006305,5.5174818],[95.4006654,5.517395],[95.400696,5.5173223],[95.4007308,5.5172591],[95.4007766,5.5171622],[95.4007997,5.5170766],[95.4008372,5.5168917],[95.4008663,5.5165812],[95.4008793,5.5165348],[95.400913,5.5164562],[95.4010923,5.5161821],[95.4011989,5.5160389],[95.4014411,5.5157178],[95.4015183,5.5156516],[95.401576,5.5156149],[95.4016596,5.5155794],[95.4019274,5.515468],[95.4023217,5.5153166],[95.4026546,5.515185],[95.4038824,5.5146982],[95.4039524,5.5146638],[95.4040442,5.514601],[95.4040939,5.5145563],[95.4041355,5.5144916],[95.4041603,5.5143841],[95.4041776,5.5142191],[95.404163,5.5140391],[95.4041898,5.5138789],[95.4042689,5.5135371],[95.404327,5.5133106],[95.4043682,5.51315],[95.4043856,5.5130446],[95.4043964,5.5129111],[95.4043964,5.5128056],[95.4044084,5.5126534],[95.404399,5.5119927],[95.4043762,5.5110275]]}},{"type":"Feature","properties":{"segmentId":"osm-gaul2-73705-3088722087-1565007542-0","regionId":"gaul2-73705","province":"Nangroe Aceh Darussalam","region":"Kota Bandaaceh","roadName":"Unnamed OSM road","highway":"tertiary","lengthMeters":2914.426,"osmWayIds":["304345523"],"u":"3088722087","v":"1565007542","key":0,"oneway":false,"source":"OpenStreetMap"},"geometry":{"type":"LineString","coordinates":[[95.3962432,5.5355686],[95.3958852,5.5348125],[95.3957515,5.5344185],[95.3957315,5.5343746],[95.3957082,5.5343181],[95.395497,5.5338043],[95.3953661,5.5335859],[95.3952387,5.5334979],[95.3946015,5.5332624],[95.3944479,5.5332056],[95.394276,5.5331421],[95.3938796,5.5329765],[95.3926373,5.5325608],[95.392471,5.5324705],[95.3921239,5.532292],[95.3915473,5.5319866],[95.3910835,5.5317666],[95.3909778,5.5316988],[95.3905207,5.531447],[95.3900891,5.5312081],[95.3897175,5.5310284],[95.3893907,5.5309413],[95.3890792,5.5309049],[95.3885461,5.5308798],[95.3883326,5.5308744],[95.3877638,5.5309183],[95.3874528,5.5309693],[95.3873013,5.5309907],[95.3869794,5.5310187],[95.3867384,5.5310302],[95.386278,5.5310721],[95.3858261,5.5310928],[95.3854546,5.5310902],[95.385344,5.5310895],[95.3846419,5.5311042],[95.3844092,5.5311068],[95.383909,5.5311182],[95.3836089,5.5311118],[95.382708,5.5311269],[95.3823607,5.5311252],[95.3822795,5.5311322],[95.3821816,5.5311596],[95.3820975,5.5312138],[95.3820616,5.531259],[95.3820314,5.5313311],[95.3819952,5.5314813],[95.3819426,5.5316253],[95.3818765,5.5317429],[95.3817371,5.5318997],[95.3816646,5.5319558],[95.3815627,5.5320225],[95.3814807,5.5320707],[95.3811421,5.5322464],[95.3809378,5.5323362],[95.3805385,5.5325121],[95.3803316,5.5326032],[95.3802457,5.5326352],[95.3801626,5.5326593],[95.3799996,5.5327113],[95.379825,5.5327516],[95.379605,5.5328138],[95.3775359,5.5333181],[95.3770984,5.5334203],[95.3764491,5.533555],[95.3762467,5.5336075],[95.3762016,5.533626],[95.3761406,5.5336591],[95.3760977,5.5336911],[95.3754982,5.5341263],[95.3749772,5.5345468],[95.374808,5.5346759],[95.3740297,5.5352449],[95.3737427,5.5354358],[95.373681,5.5354705],[95.37361,5.5354958],[95.3735375,5.5355119],[95.3731849,5.5355429]]}},{"type":"Feature","properties":{"segmentId":"osm-gaul2-73705-3088722087-3088722069-0","regionId":"gaul2-73705","province":"Nangroe Aceh Darussalam","region":"Kota Bandaaceh","roadName":"Unnamed OSM road","highway":"secondary","lengthMeters":1069.023,"osmWayIds":["304345521","566499858","566499860"],"u":"3088722087","v":"3088722069","key":0,"oneway":false,"source":"OpenStreetMap"},"geometry":{"type":"LineString","coordinates":[[95.3962432,5.5355686],[95.3968138,5.5351742],[95.3971785,5.5348672],[95.3975635,5.5345294],[95.3978491,5.5342758],[95.3979429,5.5341544],[95.3989453,5.5332213],[95.3990901,5.5331265],[95.3992055,5.5330397],[95.3992658,5.5329663],[95.3993107,5.532861],[95.3993209,5.5327867],[95.3993731,5.5325739],[95.3995501,5.5319331],[95.399732,5.5311472],[95.39977,5.5309827],[95.3998265,5.5302124],[95.3998461,5.5298878],[95.3998854,5.529238],[95.3999605,5.5287948],[95.4000209,5.5285238],[95.4002261,5.528038],[95.4002582,5.5279552],[95.4003119,5.5278164],[95.4003412,5.5276078],[95.4003548,5.5274827]]}},{"type":"Feature","properties":{"segmentId":"osm-gaul2-73705-3088722087-553312141-0","regionId":"gaul2-73705","province":"Nangroe Aceh Darussalam","region":"Kota Bandaaceh","roadName":"Unnamed OSM road","highway":"secondary","lengthMeters":4176.822,"osmWayIds":["566499858","566499859","566499861","654549115","678157934","678157935","815163371","815163372"],"u":"3088722087","v":"553312141","key":0,"oneway":false,"source":"OpenStreetMap"},"geometry":{"type":"LineString","coordinates":[[95.3962432,5.5355686],[95.3962209,5.5359924],[95.3961821,5.536509],[95.3961714,5.5366885],[95.3961253,5.537599],[95.39616,5.5390059],[95.3962088,5.5402226],[95.3962156,5.5405229],[95.3962438,5.5410315],[95.3962713,5.5415654],[95.3963314,5.5428431],[95.3963813,5.5437094],[95.3964151,5.5444974],[95.3964194,5.5445982],[95.3964229,5.5447336],[95.3964135,5.5448631],[95.3963974,5.5449564],[95.3963679,5.5450907],[95.3962803,5.5453419],[95.3961078,5.545788],[95.3954472,5.5474793],[95.3953858,5.5475908],[95.3952649,5.5477527],[95.3950286,5.5480274],[95.3950141,5.548045],[95.3950053,5.5480538],[95.3948181,5.5482808],[95.3945579,5.5485977],[95.3943433,5.5488591],[95.3941585,5.5490842],[95.3938572,5.5494356],[95.3934659,5.5498851],[95.3933336,5.5500335],[95.3931492,5.5502424],[95.3929082,5.5504282],[95.3925481,5.550663],[95.3913174,5.5515191],[95.3904579,5.552117],[95.390125,5.5523467],[95.3900312,5.5524473],[95.3899548,5.5525791],[95.3895289,5.5534149],[95.3890322,5.5544194],[95.3889674,5.5545488],[95.3886723,5.5551104],[95.3885846,5.5553547],[95.3877908,5.5580744],[95.3877586,5.5581772],[95.3875078,5.5590075],[95.3874694,5.5591335],[95.3870264,5.5605217],[95.3868325,5.5609709],[95.3867635,5.5611077],[95.3864792,5.5616483],[95.3864208,5.5617564],[95.386158,5.5622597],[95.386042,5.5624959],[95.3857637,5.5631813],[95.3856705,5.5634236],[95.3855183,5.5638093],[95.3854097,5.5640803],[95.3853339,5.5642812],[95.3850824,5.5649279],[95.3850047,5.5651461],[95.384957,5.5652522],[95.3848082,5.5656413],[95.3846928,5.5659577],[95.3844635,5.5665163],[95.3843012,5.5669221],[95.384016,5.5676441],[95.3839586,5.5677852],[95.3838333,5.5680931],[95.3834873,5.5689439],[95.3834148,5.5692231]]}},{"type":"Feature","properties":{"segmentId":"osm-gaul2-73705-3088722165-1565007542-0","regionId":"gaul2-73705","province":"Nangroe Aceh Darussalam","region":"Kota Bandaaceh","roadName":"Unnamed OSM road","highway":"tertiary","lengthMeters":3183.027,"osmWayIds":["304345524","654631278"],"u":"3088722165","v":"1565007542","key":0,"oneway":false,"source":"OpenStreetMap"},"geometry":{"type":"LineString","coordinates":[[95.3613417,5.5108605],[95.3612493,5.5109277],[95.3611955,5.5109313],[95.361084,5.5109461],[95.3609741,5.5109675],[95.3609191,5.5109901],[95.3608762,5.5110075],[95.3608225,5.5110462],[95.3607911,5.5110812],[95.3607447,5.5111423],[95.3606997,5.5112181],[95.3606306,5.5113601],[95.3605864,5.5114644],[95.3605379,5.5117009],[95.3605152,5.5118457],[95.3605143,5.5119283],[95.3605263,5.5121016],[95.3605457,5.5122296],[95.3606074,5.5124086],[95.3606687,5.5125259],[95.3607161,5.5126028],[95.360942,5.5129302],[95.3611166,5.5131583],[95.3616978,5.5139088],[95.3619895,5.5142535],[95.3624292,5.5148233],[95.3627227,5.5152064],[95.363199,5.5158386],[95.3635353,5.516322],[95.3637529,5.5166519],[95.364244,5.5173952],[95.3647353,5.5181458],[95.365067,5.5186415],[95.36544,5.5192091],[95.3656735,5.5195676],[95.3657871,5.5197409],[95.3658259,5.5198002],[95.3663564,5.5206308],[95.366949,5.5215142],[95.3672327,5.521933],[95.3676416,5.5225224],[95.3678754,5.5228907],[95.3679907,5.5230749],[95.3681007,5.5232618],[95.3685057,5.5239079],[95.3685794,5.5240228],[95.3689,5.5245887],[95.3691441,5.5250012],[95.3697804,5.5260988],[95.3698468,5.5262186],[95.3698911,5.5263073],[95.3699803,5.5264655],[95.3702947,5.5270041],[95.3704463,5.5272584],[95.370622,5.5275761],[95.3706696,5.5276682],[95.3709579,5.5281695],[95.3713455,5.5288776],[95.3715539,5.5293175],[95.3719061,5.530096],[95.3721275,5.5306841],[95.37218,5.5308133],[95.3723161,5.5311222],[95.3724298,5.5315166],[95.3725937,5.5321236],[95.3728179,5.5329969],[95.3728655,5.5332031],[95.3728941,5.5333535],[95.3729803,5.5338627],[95.3731512,5.5351299],[95.3731849,5.5355429]]}},{"type":"Feature","properties":{"segmentId":"osm-gaul2-73705-3088722165-3088722166-0","regionId":"gaul2-73705","province":"Nangroe Aceh Darussalam","region":"Kota Bandaaceh","roadName":"Jalan Bandara","highway":"trunk","lengthMeters":103.931,"osmWayIds":["678112009"],"u":"3088722165","v":"3088722166","key":0,"oneway":true,"source":"OpenStreetMap"},"geometry":{"type":"LineString","coordinates":[[95.3613417,5.5108605],[95.3615393,5.5109374],[95.3619128,5.5110235],[95.3622539,5.5110635]]}},{"type":"Feature","properties":{"segmentId":"osm-gaul2-73705-3088722166-3088722171-0","regionId":"gaul2-73705","province":"Nangroe Aceh Darussalam","region":"Kota Bandaaceh","roadName":"Unnamed OSM road","highway":"trunk_link","lengthMeters":9.716,"osmWayIds":["304345531"],"u":"3088722166","v":"3088722171","key":0,"oneway":false,"source":"OpenStreetMap"},"geometry":{"type":"LineString","coordinates":[[95.3622539,5.5110635],[95.3622715,5.5109779]]}},{"type":"Feature","properties":{"segmentId":"osm-gaul2-73705-3088722166-3088722180-0","regionId":"gaul2-73705","province":"Nangroe Aceh Darussalam","region":"Kota Bandaaceh","roadName":"Jalan Bandara","highway":"trunk","lengthMeters":789.874,"osmWayIds":["678112009"],"u":"3088722166","v":"3088722180","key":0,"oneway":true,"source":"OpenStreetMap"},"geometry":{"type":"LineString","coordinates":[[95.3622539,5.5110635],[95.3629442,5.5112224],[95.3630668,5.5112481],[95.3635692,5.5113532],[95.3639528,5.5114144],[95.3640317,5.5114227],[95.3651369,5.5115096],[95.3658017,5.5115616],[95.3665851,5.5116494],[95.3674975,5.5117263],[95.3686842,5.5118809],[95.3693212,5.5119826]]}},{"type":"Feature","properties":{"segmentId":"osm-gaul2-73705-3088722171-3071652199-0","regionId":"gaul2-73705","province":"Nangroe Aceh Darussalam","region":"Kota Bandaaceh","roadName":"Jalan Bandara","highway":"trunk","lengthMeters":520.298,"osmWayIds":["302882457","302882458","678112010"],"u":"3088722171","v":"3071652199","key":0,"oneway":true,"source":"OpenStreetMap"},"geometry":{"type":"LineString","coordinates":[[95.3622715,5.5109779],[95.3616904,5.5108745],[95.3615626,5.5108416],[95.3614314,5.5107905],[95.3613271,5.5107101],[95.361216,5.5106301],[95.3591968,5.5087652],[95.3590469,5.5086286],[95.3587862,5.5083983],[95.358591,5.5082239]]}},{"type":"Feature","properties":{"segmentId":"osm-gaul2-73705-3088722171-3088722166-0","regionId":"gaul2-73705","province":"Nangroe Aceh Darussalam","region":"Kota Bandaaceh","roadName":"Unnamed OSM road","highway":"trunk_link","lengthMeters":9.716,"osmWayIds":["304345531"],"u":"3088722171","v":"3088722166","key":0,"oneway":false,"source":"OpenStreetMap"},"geometry":{"type":"LineString","coordinates":[[95.3622715,5.5109779],[95.3622539,5.5110635]]}},{"type":"Feature","properties":{"segmentId":"osm-gaul2-73705-3088722180-3088722181-0","regionId":"gaul2-73705","province":"Nangroe Aceh Darussalam","region":"Kota Bandaaceh","roadName":"Unnamed OSM road","highway":"trunk_link","lengthMeters":9.313,"osmWayIds":["304345528"],"u":"3088722180","v":"3088722181","key":0,"oneway":false,"source":"OpenStreetMap"},"geometry":{"type":"LineString","coordinates":[[95.3693212,5.5119826],[95.3693351,5.5119]]}},{"type":"Feature","properties":{"segmentId":"osm-gaul2-73705-3088722181-3088722171-0","regionId":"gaul2-73705","province":"Nangroe Aceh Darussalam","region":"Kota Bandaaceh","roadName":"Jalan Bandara","highway":"trunk","lengthMeters":789.511,"osmWayIds":["678112010"],"u":"3088722181","v":"3088722171","key":0,"oneway":true,"source":"OpenStreetMap"},"geometry":{"type":"LineString","coordinates":[[95.3693351,5.5119],[95.3684521,5.5117634],[95.3675497,5.5116412],[95.3658044,5.5114808],[95.3649015,5.5114054],[95.3639169,5.5113248],[95.3635868,5.5112671],[95.3630989,5.5111633],[95.3622715,5.5109779]]}},{"type":"Feature","properties":{"segmentId":"osm-gaul2-73705-3088722181-3088722180-0","regionId":"gaul2-73705","province":"Nangroe Aceh Darussalam","region":"Kota Bandaaceh","roadName":"Unnamed OSM road","highway":"trunk_link","lengthMeters":9.313,"osmWayIds":["304345528"],"u":"3088722181","v":"3088722180","key":0,"oneway":false,"source":"OpenStreetMap"},"geometry":{"type":"LineString","coordinates":[[95.3693351,5.5119],[95.3693212,5.5119826]]}},{"type":"Feature","properties":{"segmentId":"osm-gaul2-73705-3089664826-3089870503-0","regionId":"gaul2-73705","province":"Nangroe Aceh Darussalam","region":"Kota Bandaaceh","roadName":"Jalan Ateung Tuhan","highway":"tertiary","lengthMeters":951.557,"osmWayIds":["43325169"],"u":"3089664826","v":"3089870503","key":0,"oneway":false,"source":"OpenStreetMap"},"geometry":{"type":"LineString","coordinates":[[95.281972,5.5319287],[95.2824885,5.5313496],[95.2825772,5.5312554],[95.2827658,5.5310499],[95.2830782,5.5307663],[95.2833917,5.5305588],[95.2836129,5.5303821],[95.2839104,5.5301823],[95.2840364,5.5300843],[95.2842213,5.5299429],[95.2845525,5.5296951],[95.2848098,5.5295043],[95.2853056,5.5291582],[95.2853603,5.5291239],[95.2867186,5.5281356],[95.2869182,5.5279853],[95.2872019,5.5277855],[95.2873929,5.5276539],[95.2874385,5.5276216],[95.2879637,5.5272284],[95.2882723,5.5270006],[95.288718,5.5266633]]}},{"type":"Feature","properties":{"segmentId":"osm-gaul2-73705-3089863866-7205528929-0","regionId":"gaul2-73705","province":"Nangroe Aceh Darussalam","region":"Kota Bandaaceh","roadName":"Jalan Teuku Umar","highway":"trunk","lengthMeters":87.757,"osmWayIds":["816404024"],"u":"3089863866","v":"7205528929","key":0,"oneway":true,"source":"OpenStreetMap"},"geometry":{"type":"LineString","coordinates":[[95.3160877,5.5467636],[95.3164279,5.5471309],[95.3165533,5.5472795],[95.3166218,5.5473465]]}},{"type":"Feature","properties":{"segmentId":"osm-gaul2-73705-3089870491-3089905465-0","regionId":"gaul2-73705","province":"Nangroe Aceh Darussalam","region":"Kota Bandaaceh","roadName":"Unnamed OSM road","highway":"tertiary","lengthMeters":36.759,"osmWayIds":["304456364"],"u":"3089870491","v":"3089905465","key":0,"oneway":false,"source":"OpenStreetMap"},"geometry":{"type":"LineString","coordinates":[[95.304164,5.5344678],[95.3041703,5.5345901],[95.3041789,5.5346396],[95.3042299,5.5347891]]}},{"type":"Feature","properties":{"segmentId":"osm-gaul2-73705-3089870491-4912360004-0","regionId":"gaul2-73705","province":"Nangroe Aceh Darussalam","region":"Kota Bandaaceh","roadName":"Jalan Teuku Umar","highway":"trunk","lengthMeters":35.802,"osmWayIds":["304453207"],"u":"3089870491","v":"4912360004","key":0,"oneway":true,"source":"OpenStreetMap"},"geometry":{"type":"LineString","coordinates":[[95.304164,5.5344678],[95.3042467,5.5345094],[95.3043167,5.5345784],[95.3044143,5.5346673]]}},{"type":"Feature","properties":{"segmentId":"osm-gaul2-73705-3089870491-540943201-0","regionId":"gaul2-73705","province":"Nangroe Aceh Darussalam","region":"Kota Bandaaceh","roadName":"Jalan Jenderal Sudirman","highway":"tertiary","lengthMeters":9.717,"osmWayIds":["43326890"],"u":"3089870491","v":"540943201","key":0,"oneway":false,"source":"OpenStreetMap"},"geometry":{"type":"LineString","coordinates":[[95.304164,5.5344678],[95.3041778,5.5343815]]}},{"type":"Feature","properties":{"segmentId":"osm-gaul2-73705-3089870498-3089870503-0","regionId":"gaul2-73705","province":"Nangroe Aceh Darussalam","region":"Kota Bandaaceh","roadName":"Jalan Ajun Jeumpit","highway":"tertiary","lengthMeters":8.757,"osmWayIds":["43323440"],"u":"3089870498","v":"3089870503","key":0,"oneway":false,"source":"OpenStreetMap"},"geometry":{"type":"LineString","coordinates":[[95.2887782,5.5266122],[95.288718,5.5266633]]}},{"type":"Feature","properties":{"segmentId":"osm-gaul2-73705-3089870498-6350183800-0","regionId":"gaul2-73705","province":"Nangroe Aceh Darussalam","region":"Kota Bandaaceh","roadName":"Jalan Cut Nyak Dhien","highway":"trunk","lengthMeters":17.008,"osmWayIds":["304453208"],"u":"3089870498","v":"6350183800","key":0,"oneway":true,"source":"OpenStreetMap"},"geometry":{"type":"LineString","coordinates":[[95.2887782,5.5266122],[95.288627,5.5265849]]}},{"type":"Feature","properties":{"segmentId":"osm-gaul2-73705-3089870498-769855596-0","regionId":"gaul2-73705","province":"Nangroe Aceh Darussalam","region":"Kota Bandaaceh","roadName":"Jalan Ajun Jeumpit","highway":"tertiary","lengthMeters":1233.618,"osmWayIds":["43323440"],"u":"3089870498","v":"769855596","key":0,"oneway":false,"source":"OpenStreetMap"},"geometry":{"type":"LineString","coordinates":[[95.2887782,5.5266122],[95.2888275,5.5265661],[95.2888663,5.526529],[95.2893844,5.5260599],[95.2896248,5.5258268],[95.2898331,5.525627],[95.2900467,5.5254115],[95.2902648,5.5251847],[95.2906143,5.5248327],[95.290649,5.5248026],[95.2907799,5.5246733],[95.290977,5.5244881],[95.2914551,5.5240119],[95.2915312,5.5239386],[95.2918238,5.5236543],[95.2923635,5.5231129],[95.2925471,5.5229264],[95.2930366,5.5224496],[95.2930951,5.5223894],[95.2934633,5.5220421],[95.2947584,5.5207723],[95.2950346,5.5204948],[95.2951746,5.5203449],[95.2952764,5.5202989],[95.296124,5.5194254],[95.2965047,5.5190279],[95.2967236,5.5188457]]}},{"type":"Feature","properties":{"segmentId":"osm-gaul2-73705-3089870503-3089664826-0","regionId":"gaul2-73705","province":"Nangroe Aceh Darussalam","region":"Kota Bandaaceh","roadName":"Jalan Ateung Tuhan","highway":"tertiary","lengthMeters":951.557,"osmWayIds":["43325169"],"u":"3089870503","v":"3089664826","key":0,"oneway":false,"source":"OpenStreetMap"},"geometry":{"type":"LineString","coordinates":[[95.288718,5.5266633],[95.2882723,5.5270006],[95.2879637,5.5272284],[95.2874385,5.5276216],[95.2873929,5.5276539],[95.2872019,5.5277855],[95.2869182,5.5279853],[95.2867186,5.5281356],[95.2853603,5.5291239],[95.2853056,5.5291582],[95.2848098,5.5295043],[95.2845525,5.5296951],[95.2842213,5.5299429],[95.2840364,5.5300843],[95.2839104,5.5301823],[95.2836129,5.5303821],[95.2833917,5.5305588],[95.2830782,5.5307663],[95.2827658,5.5310499],[95.2825772,5.5312554],[95.2824885,5.5313496],[95.281972,5.5319287]]}},{"type":"Feature","properties":{"segmentId":"osm-gaul2-73705-3089870503-3089870498-0","regionId":"gaul2-73705","province":"Nangroe Aceh Darussalam","region":"Kota Bandaaceh","roadName":"Jalan Ajun Jeumpit","highway":"tertiary","lengthMeters":8.757,"osmWayIds":["43323440"],"u":"3089870503","v":"3089870498","key":0,"oneway":false,"source":"OpenStreetMap"},"geometry":{"type":"LineString","coordinates":[[95.288718,5.5266633],[95.2887782,5.5266122]]}},{"type":"Feature","properties":{"segmentId":"osm-gaul2-73705-3089870503-7577428628-0","regionId":"gaul2-73705","province":"Nangroe Aceh Darussalam","region":"Kota Bandaaceh","roadName":"Jalan Cut Nyak Dhien","highway":"trunk","lengthMeters":706.273,"osmWayIds":["387926333"],"u":"3089870503","v":"7577428628","key":0,"oneway":true,"source":"OpenStreetMap"},"geometry":{"type":"LineString","coordinates":[[95.288718,5.5266633],[95.2898088,5.527064],[95.2905901,5.5273385],[95.2911309,5.5275302],[95.2920407,5.5278528],[95.2928488,5.5281451],[95.2944002,5.5287062],[95.2947158,5.5288314]]}},{"type":"Feature","properties":{"segmentId":"osm-gaul2-73705-3089870505-3089870506-0","regionId":"gaul2-73705","province":"Nangroe Aceh Darussalam","region":"Kota Bandaaceh","roadName":"Unnamed OSM road","highway":"trunk_link","lengthMeters":9.633,"osmWayIds":["304453220"],"u":"3089870505","v":"3089870506","key":0,"oneway":false,"source":"OpenStreetMap"},"geometry":{"type":"LineString","coordinates":[[95.3031821,5.5337844],[95.3031331,5.533856]]}},{"type":"Feature","properties":{"segmentId":"osm-gaul2-73705-3089870505-4969635335-0","regionId":"gaul2-73705","province":"Nangroe Aceh Darussalam","region":"Kota Bandaaceh","roadName":"Jalan Cut Nyak Dhien","highway":"trunk","lengthMeters":353.731,"osmWayIds":["275488282","304453210","387926334"],"u":"3089870505","v":"4969635335","key":0,"oneway":true,"source":"OpenStreetMap"},"geometry":{"type":"LineString","coordinates":[[95.3031821,5.5337844],[95.3030823,5.5337271],[95.3023019,5.5332791],[95.3016479,5.5329037],[95.3008552,5.5324084],[95.3007697,5.5323675],[95.3005563,5.5322299],[95.3004377,5.532156]]}},{"type":"Feature","properties":{"segmentId":"osm-gaul2-73705-3089870506-3089870491-0","regionId":"gaul2-73705","province":"Nangroe Aceh Darussalam","region":"Kota Bandaaceh","roadName":"Jalan Cut Nyak Dhien","highway":"trunk","lengthMeters":132.845,"osmWayIds":["304453206"],"u":"3089870506","v":"3089870491","key":0,"oneway":true,"source":"OpenStreetMap"},"geometry":{"type":"LineString","coordinates":[[95.3031331,5.533856],[95.3031937,5.5338911],[95.3036432,5.5341516],[95.304164,5.5344678]]}},{"type":"Feature","properties":{"segmentId":"osm-gaul2-73705-3089870506-3089870505-0","regionId":"gaul2-73705","province":"Nangroe Aceh Darussalam","region":"Kota Bandaaceh","roadName":"Unnamed OSM road","highway":"trunk_link","lengthMeters":9.633,"osmWayIds":["304453220"],"u":"3089870506","v":"3089870505","key":0,"oneway":false,"source":"OpenStreetMap"},"geometry":{"type":"LineString","coordinates":[[95.3031331,5.533856],[95.3031821,5.5337844]]}},{"type":"Feature","properties":{"segmentId":"osm-gaul2-73705-3089905465-2514023421-0","regionId":"gaul2-73705","province":"Nangroe Aceh Darussalam","region":"Kota Bandaaceh","roadName":"Unnamed OSM road","highway":"tertiary","lengthMeters":695.137,"osmWayIds":["304456364"],"u":"3089905465","v":"2514023421","key":0,"oneway":false,"source":"OpenStreetMap"},"geometry":{"type":"LineString","coordinates":[[95.3042299,5.5347891],[95.3043238,5.5349787],[95.3044217,5.5351374],[95.3044713,5.5352101],[95.304561,5.5353998],[95.3046289,5.5356241],[95.304647,5.5357321],[95.304649,5.5357808],[95.3046396,5.5358675],[95.3045963,5.536069],[95.3045773,5.5361572],[95.3045243,5.5364938],[95.3044807,5.5368767],[95.3044813,5.5369135],[95.3044841,5.5369374],[95.3044997,5.5369617],[95.3045617,5.5369943],[95.3045994,5.5370155],[95.3046107,5.5370383],[95.3046135,5.5371038],[95.3046152,5.5373984],[95.3046322,5.5376618],[95.3046309,5.5377056],[95.3046074,5.537896],[95.3045733,5.5382122],[95.3045424,5.5385267],[95.3045095,5.5387849],[95.3044741,5.539035],[95.3044807,5.5394705],[95.3045144,5.5399224],[95.3045625,5.540537],[95.3045753,5.5408513]]}},{"type":"Feature","properties":{"segmentId":"osm-gaul2-73705-3089905465-3089870491-0","regionId":"gaul2-73705","province":"Nangroe Aceh Darussalam","region":"Kota Bandaaceh","roadName":"Unnamed OSM road","highway":"tertiary","lengthMeters":36.759,"osmWayIds":["304456364"],"u":"3089905465","v":"3089870491","key":0,"oneway":false,"source":"OpenStreetMap"},"geometry":{"type":"LineString","coordinates":[[95.3042299,5.5347891],[95.3041789,5.5346396],[95.3041703,5.5345901],[95.304164,5.5344678]]}},{"type":"Feature","properties":{"segmentId":"osm-gaul2-73705-3089905465-4912360004-0","regionId":"gaul2-73705","province":"Nangroe Aceh Darussalam","region":"Kota Bandaaceh","roadName":"Unnamed OSM road","highway":"trunk_link","lengthMeters":29.247,"osmWayIds":["500090258"],"u":"3089905465","v":"4912360004","key":0,"oneway":true,"source":"OpenStreetMap"},"geometry":{"type":"LineString","coordinates":[[95.3042299,5.5347891],[95.304239,5.534721],[95.3042743,5.5346856],[95.3043339,5.5346611],[95.3044143,5.5346673]]}},{"type":"Feature","properties":{"segmentId":"osm-gaul2-73705-3092164830-6605827643-0","regionId":"gaul2-73705","province":"Nangroe Aceh Darussalam","region":"Kota Bandaaceh","roadName":"Jalan Inspeksi Krueng Aceh","highway":"tertiary","lengthMeters":62.478,"osmWayIds":["654631277"],"u":"3092164830","v":"6605827643","key":0,"oneway":false,"source":"OpenStreetMap"},"geometry":{"type":"LineString","coordinates":[[95.3316709,5.5539378],[95.3321703,5.5536758]]}},{"type":"Feature","properties":{"segmentId":"osm-gaul2-73705-3092164830-7205055052-0","regionId":"gaul2-73705","province":"Nangroe Aceh Darussalam","region":"Kota Bandaaceh","roadName":"Jalan T. Iskandar","highway":"primary_link","lengthMeters":106.332,"osmWayIds":["703234692"],"u":"3092164830","v":"7205055052","key":0,"oneway":true,"source":"OpenStreetMap"},"geometry":{"type":"LineString","coordinates":[[95.3316709,5.5539378],[95.3310446,5.5540446],[95.3309501,5.5540553],[95.3308804,5.554044],[95.33082,5.5540219],[95.3307362,5.5539768]]}},{"type":"Feature","properties":{"segmentId":"osm-gaul2-73705-3092169277-2595266961-0","regionId":"gaul2-73705","province":"Nangroe Aceh Darussalam","region":"Kota Bandaaceh","roadName":"Unnamed OSM road","highway":"tertiary","lengthMeters":1343.876,"osmWayIds":["253620673","824518713","824518714"],"u":"3092169277","v":"2595266961","key":0,"oneway":false,"source":"OpenStreetMap"},"geometry":{"type":"LineString","coordinates":[[95.3426935,5.5849193],[95.3427548,5.5843353],[95.3427743,5.5842205],[95.3428024,5.5840984],[95.3428276,5.5839379],[95.3429267,5.5831664],[95.342979,5.5828661],[95.3430078,5.5827358],[95.3430489,5.5825937],[95.3431384,5.5823809],[95.343354,5.5819355],[95.3434049,5.581812],[95.343419,5.581774],[95.3434373,5.5817247],[95.3434576,5.581658],[95.3434713,5.5816004],[95.3434884,5.5814796],[95.3434971,5.5814343],[95.3435498,5.5812182],[95.3436257,5.5808882],[95.3436726,5.5806125],[95.3437714,5.5803251],[95.3438036,5.5802246],[95.3439414,5.5798739],[95.3440111,5.5796504],[95.3440393,5.5795309],[95.3440731,5.5793167],[95.3441452,5.5789727],[95.3441848,5.5788245],[95.3442418,5.5785539],[95.3442767,5.5783884],[95.3443974,5.5777584],[95.3444148,5.5776179],[95.3444329,5.5774711],[95.3446304,5.5774961],[95.3448191,5.5775164],[95.3451259,5.5775368],[95.3452972,5.5775368],[95.3452832,5.577392],[95.3452654,5.5770232],[95.3452684,5.5767356],[95.3452854,5.576374],[95.3453456,5.5760768],[95.3453975,5.5757331],[95.3454792,5.5754136],[95.3456989,5.5746039],[95.3458495,5.5740707]]}},{"type":"Feature","properties":{"segmentId":"osm-gaul2-73705-3092169277-2595267218-0","regionId":"gaul2-73705","province":"Nangroe Aceh Darussalam","region":"Kota Bandaaceh","roadName":"Unnamed OSM road","highway":"tertiary","lengthMeters":970.426,"osmWayIds":["253620670","253620673"],"u":"3092169277","v":"2595267218","key":0,"oneway":false,"source":"OpenStreetMap"},"geometry":{"type":"LineString","coordinates":[[95.3426935,5.5849193],[95.3426713,5.5851395],[95.342646,5.5853449],[95.3426281,5.5855176],[95.3425969,5.5857595],[95.342507,5.5862887],[95.3424512,5.5866774],[95.3424354,5.5868344],[95.3423861,5.5873229],[95.3423745,5.5874381],[95.3423534,5.5875846],[95.3422591,5.5880154],[95.3419579,5.5889815],[95.341809,5.5892471],[95.341746,5.5893739],[95.3416692,5.5895919],[95.3415157,5.5903872],[95.3413784,5.5911453],[95.341251,5.5921551],[95.3411399,5.5928221],[95.341009,5.5934452]]}},{"type":"Feature","properties":{"segmentId":"osm-gaul2-73705-3092169277-6351622192-0","regionId":"gaul2-73705","province":"Nangroe Aceh Darussalam","region":"Kota Bandaaceh","roadName":"Unnamed OSM road","highway":"tertiary","lengthMeters":1167.355,"osmWayIds":["304642469","309561955"],"u":"3092169277","v":"6351622192","key":0,"oneway":false,"source":"OpenStreetMap"},"geometry":{"type":"LineString","coordinates":[[95.3426935,5.5849193],[95.3429677,5.5849593],[95.3431488,5.5849743],[95.3433013,5.5849974],[95.3437295,5.5850654],[95.3439015,5.5850995],[95.344264,5.5851602],[95.3443083,5.5849283],[95.3443387,5.5847444],[95.3443551,5.5846116],[95.3443897,5.5843654],[95.3446904,5.5844314],[95.3450451,5.5844862],[95.3453904,5.5845302],[95.3455254,5.5845397],[95.3456412,5.5845455],[95.345719,5.5845484],[95.3460459,5.5845419],[95.3462702,5.5845409],[95.346515,5.5845209],[95.3466422,5.5845027],[95.3467527,5.5844805],[95.3468439,5.5844494],[95.3471852,5.5842939],[95.3473629,5.5842139],[95.3478453,5.5839823],[95.3479797,5.583923],[95.34811,5.583874],[95.3482094,5.5838408],[95.3483459,5.583795],[95.3485001,5.5837727],[95.348598,5.5837767],[95.3486906,5.5837841],[95.3488974,5.5838131],[95.3492304,5.5838782],[95.3493712,5.5838982],[95.3494919,5.5839109],[95.349636,5.5839169],[95.3498786,5.5839206],[95.3500001,5.5839125],[95.3500575,5.5839029],[95.3503612,5.5838168],[95.350586,5.58375],[95.3507244,5.5837001],[95.3508533,5.5836473],[95.3513118,5.5834691],[95.3514338,5.5834195],[95.3514841,5.5834023],[95.351527,5.5833922],[95.3517536,5.5833673],[95.3518552,5.5833653],[95.3520319,5.5833576],[95.3521642,5.5833596],[95.3522307,5.5833648],[95.35227,5.5833765]]}},{"type":"Feature","properties":{"segmentId":"osm-gaul2-73705-3092195791-1299322339-0","regionId":"gaul2-73705","province":"Nangroe Aceh Darussalam","region":"Kota Bandaaceh","roadName":"Jalan Prada","highway":"tertiary","lengthMeters":1287.663,"osmWayIds":["114780534","824407851","947747731"],"u":"3092195791","v":"1299322339","key":0,"oneway":false,"source":"OpenStreetMap"},"geometry":{"type":"LineString","coordinates":[[95.3466783,5.5743128],[95.3469727,5.5741662],[95.3473841,5.5739773],[95.3474148,5.5739597],[95.3474336,5.5738111],[95.3474652,5.5736724],[95.3475201,5.5735055],[95.3477222,5.5730987],[95.3478267,5.5728927],[95.3479175,5.5726881],[95.3480411,5.5723098],[95.3481317,5.572183],[95.3482453,5.5720609],[95.348282,5.5720209],[95.3484583,5.5718463],[95.3488019,5.5715366],[95.3490334,5.571357],[95.3492823,5.5712069],[95.3494454,5.5711572],[95.3495844,5.5711389],[95.3497681,5.5711245],[95.3502005,5.5711111],[95.3508841,5.571085],[95.3514434,5.5710627],[95.3514997,5.5710371],[95.3515473,5.5709857],[95.351594,5.5706762],[95.3516661,5.5704818],[95.3517293,5.5703035],[95.3518506,5.5698962],[95.35187,5.5698307],[95.3519861,5.5694229],[95.3520181,5.5693112],[95.3520854,5.5690878],[95.3521338,5.568939],[95.3522169,5.5686791],[95.3522415,5.5686192],[95.3523397,5.5683762],[95.3524296,5.5681569],[95.3524772,5.5680441],[95.352635,5.5677765],[95.3527523,5.5675804],[95.3529441,5.5672598],[95.3530655,5.5670946],[95.3531354,5.5669821],[95.3531642,5.5669254],[95.353179,5.5668855],[95.3531914,5.5668249],[95.3532482,5.5663019]]}},{"type":"Feature","properties":{"segmentId":"osm-gaul2-73705-3092195791-2515306847-0","regionId":"gaul2-73705","province":"Nangroe Aceh Darussalam","region":"Kota Bandaaceh","roadName":"Unnamed OSM road","highway":"tertiary","lengthMeters":34.523,"osmWayIds":["244182914"],"u":"3092195791","v":"2515306847","key":0,"oneway":true,"source":"OpenStreetMap"},"geometry":{"type":"LineString","coordinates":[[95.3466783,5.5743128],[95.3465573,5.5743525],[95.3463974,5.5744442]]}},{"type":"Feature","properties":{"segmentId":"osm-gaul2-73705-3092195795-2515306847-0","regionId":"gaul2-73705","province":"Nangroe Aceh Darussalam","region":"Kota Bandaaceh","roadName":"Jalan Teuku Nyak Arief","highway":"trunk","lengthMeters":19.296,"osmWayIds":["43712907"],"u":"3092195795","v":"2515306847","key":0,"oneway":true,"source":"OpenStreetMap"},"geometry":{"type":"LineString","coordinates":[[95.346521,5.5745666],[95.3463974,5.5744442]]}},{"type":"Feature","properties":{"segmentId":"osm-gaul2-73705-3092195795-3092195791-0","regionId":"gaul2-73705","province":"Nangroe Aceh Darussalam","region":"Kota Bandaaceh","roadName":"Unnamed OSM road","highway":"tertiary","lengthMeters":35.659,"osmWayIds":["304645121"],"u":"3092195795","v":"3092195791","key":0,"oneway":true,"source":"OpenStreetMap"},"geometry":{"type":"LineString","coordinates":[[95.346521,5.5745666],[95.3465256,5.5744606],[95.346545,5.5744236],[95.3466783,5.5743128]]}},{"type":"Feature","properties":{"segmentId":"osm-gaul2-73705-3092199328-544527315-0","regionId":"gaul2-73705","province":"Nangroe Aceh Darussalam","region":"Kota Bandaaceh","roadName":"Jalan Teuku Panglima Nyak Makam","highway":"primary","lengthMeters":263.101,"osmWayIds":["43326798"],"u":"3092199328","v":"544527315","key":0,"oneway":true,"source":"OpenStreetMap"},"geometry":{"type":"LineString","coordinates":[[95.3424812,5.5675241],[95.3423007,5.5680286],[95.3421896,5.5682288],[95.3419371,5.5686179],[95.3416936,5.569012],[95.3414381,5.56932],[95.3411792,5.5694206]]}},{"type":"Feature","properties":{"segmentId":"osm-gaul2-73705-3092199328-6147300027-0","regionId":"gaul2-73705","province":"Nangroe Aceh Darussalam","region":"Kota Bandaaceh","roadName":"Unnamed OSM road","highway":"primary_link","lengthMeters":12.463,"osmWayIds":["656208951"],"u":"3092199328","v":"6147300027","key":0,"oneway":false,"source":"OpenStreetMap"},"geometry":{"type":"LineString","coordinates":[[95.3424812,5.5675241],[95.3425867,5.5675633]]}},{"type":"Feature","properties":{"segmentId":"osm-gaul2-73705-3096423286-4969850524-0","regionId":"gaul2-73705","province":"Nangroe Aceh Darussalam","region":"Kota Bandaaceh","roadName":"Jalan Soekarno-Hatta","highway":"trunk","lengthMeters":30.284,"osmWayIds":["499782754"],"u":"3096423286","v":"4969850524","key":0,"oneway":true,"source":"OpenStreetMap"},"geometry":{"type":"LineString","coordinates":[[95.3022327,5.5209466],[95.3023767,5.5208964],[95.3024914,5.5208579]]}},{"type":"Feature","properties":{"segmentId":"osm-gaul2-73705-3096423286-544528471-0","regionId":"gaul2-73705","province":"Nangroe Aceh Darussalam","region":"Kota Bandaaceh","roadName":"Unnamed OSM road","highway":"trunk_link","lengthMeters":34.917,"osmWayIds":["305070726"],"u":"3096423286","v":"544528471","key":0,"oneway":true,"source":"OpenStreetMap"},"geometry":{"type":"LineString","coordinates":[[95.3022327,5.5209466],[95.3023263,5.5209947],[95.302358,5.5210255],[95.3023779,5.5210628],[95.3023879,5.5211023],[95.3024046,5.5211827]]}},{"type":"Feature","properties":{"segmentId":"osm-gaul2-73705-3096535524-769855596-0","regionId":"gaul2-73705","province":"Nangroe Aceh Darussalam","region":"Kota Bandaaceh","roadName":"Unnamed OSM road","highway":"tertiary","lengthMeters":602.747,"osmWayIds":["1007371334","43323442","654692977","654692978"],"u":"3096535524","v":"769855596","key":0,"oneway":false,"source":"OpenStreetMap"},"geometry":{"type":"LineString","coordinates":[[95.3016789,5.521046],[95.3016228,5.5210094],[95.3003583,5.5205197],[95.2998494,5.5203299],[95.2994469,5.5201806],[95.2994089,5.5201583],[95.2993062,5.5201001],[95.2989502,5.5198918],[95.2988153,5.5198243],[95.2983143,5.5195357],[95.2980408,5.5193953],[95.297975,5.5193613],[95.2978198,5.5192759],[95.2976218,5.519167],[95.2974446,5.519081],[95.2972371,5.5189994],[95.2969307,5.5188963],[95.2967583,5.5188643],[95.2967236,5.5188457]]}},{"type":"Feature","properties":{"segmentId":"osm-gaul2-73705-3096535524-7723147009-0","regionId":"gaul2-73705","province":"Nangroe Aceh Darussalam","region":"Kota Bandaaceh","roadName":"Jalan Soekarno-Hatta","highway":"trunk","lengthMeters":516.467,"osmWayIds":["305484703","499782751","499782752"],"u":"3096535524","v":"7723147009","key":0,"oneway":true,"source":"OpenStreetMap"},"geometry":{"type":"LineString","coordinates":[[95.3016789,5.521046],[95.3011,5.5212837],[95.300877,5.5214248],[95.3007888,5.5215211],[95.3006726,5.5216733],[95.3004567,5.5219789],[95.3001244,5.5224403],[95.3000014,5.5225927],[95.2998136,5.5228484],[95.2997038,5.5229958],[95.2996343,5.523096],[95.29907,5.5237878],[95.2985924,5.524415]]}},{"type":"Feature","properties":{"segmentId":"osm-gaul2-73705-3096570555-3071652157-0","regionId":"gaul2-73705","province":"Nangroe Aceh Darussalam","region":"Kota Bandaaceh","roadName":"Jalan Soekarno-Hatta","highway":"trunk_link","lengthMeters":11.003,"osmWayIds":["305083028"],"u":"3096570555","v":"3071652157","key":0,"oneway":false,"source":"OpenStreetMap"},"geometry":{"type":"LineString","coordinates":[[95.2973867,5.5259881],[95.2974645,5.5260497]]}},{"type":"Feature","properties":{"segmentId":"osm-gaul2-73705-3096570555-6147138513-0","regionId":"gaul2-73705","province":"Nangroe Aceh Darussalam","region":"Kota Bandaaceh","roadName":"Jalan Soekarno-Hatta","highway":"trunk","lengthMeters":409.555,"osmWayIds":["499782751"],"u":"3096570555","v":"6147138513","key":0,"oneway":true,"source":"OpenStreetMap"},"geometry":{"type":"LineString","coordinates":[[95.2973867,5.5259881],[95.2971857,5.5262307],[95.297087,5.5263614],[95.2960916,5.527633],[95.2956422,5.5282262],[95.2952021,5.5288188],[95.2951409,5.5289144]]}},{"type":"Feature","properties":{"segmentId":"osm-gaul2-73705-3096812634-3071652162-0","regionId":"gaul2-73705","province":"Nangroe Aceh Darussalam","region":"Kota Bandaaceh","roadName":"Jalan Soekarno-Hatta","highway":"trunk","lengthMeters":29.82,"osmWayIds":["507496055"],"u":"3096812634","v":"3071652162","key":0,"oneway":true,"source":"OpenStreetMap"},"geometry":{"type":"LineString","coordinates":[[95.3042198,5.5204084],[95.3044879,5.5203818]]}},{"type":"Feature","properties":{"segmentId":"osm-gaul2-73705-3096812634-544527030-0","regionId":"gaul2-73705","province":"Nangroe Aceh Darussalam","region":"Kota Bandaaceh","roadName":"Jalan Wedana","highway":"tertiary","lengthMeters":14.176,"osmWayIds":["43326778"],"u":"3096812634","v":"544527030","key":0,"oneway":false,"source":"OpenStreetMap"},"geometry":{"type":"LineString","coordinates":[[95.3042198,5.5204084],[95.3041423,5.5203069]]}},{"type":"Feature","properties":{"segmentId":"osm-gaul2-73705-3096812634-544527031-0","regionId":"gaul2-73705","province":"Nangroe Aceh Darussalam","region":"Kota Bandaaceh","roadName":"Jalan Wedana","highway":"tertiary","lengthMeters":28.532,"osmWayIds":["507496054"],"u":"3096812634","v":"544527031","key":0,"oneway":false,"source":"OpenStreetMap"},"geometry":{"type":"LineString","coordinates":[[95.3042198,5.5204084],[95.3044002,5.5205917]]}},{"type":"Feature","properties":{"segmentId":"osm-gaul2-73705-3101162702-3096535524-0","regionId":"gaul2-73705","province":"Nangroe Aceh Darussalam","region":"Kota Bandaaceh","roadName":"Jalan Soekarno-Hatta","highway":"trunk","lengthMeters":92.664,"osmWayIds":["305484703"],"u":"3101162702","v":"3096535524","key":0,"oneway":true,"source":"OpenStreetMap"},"geometry":{"type":"LineString","coordinates":[[95.3024615,5.5207501],[95.3023643,5.5207866],[95.3020203,5.5209222],[95.3016789,5.521046]]}},{"type":"Feature","properties":{"segmentId":"osm-gaul2-73705-3101162702-4969850524-0","regionId":"gaul2-73705","province":"Nangroe Aceh Darussalam","region":"Kota Bandaaceh","roadName":"Jalan Jenderal Sudirman","highway":"tertiary","lengthMeters":12.435,"osmWayIds":["507136334"],"u":"3101162702","v":"4969850524","key":0,"oneway":false,"source":"OpenStreetMap"},"geometry":{"type":"LineString","coordinates":[[95.3024615,5.5207501],[95.3024914,5.5208579]]}},{"type":"Feature","properties":{"segmentId":"osm-gaul2-73705-3104581673-544527164-0","regionId":"gaul2-73705","province":"Nangroe Aceh Darussalam","region":"Kota Bandaaceh","roadName":"Jalan Sultan Malikul Saleh","highway":"secondary","lengthMeters":130.689,"osmWayIds":["654634691"],"u":"3104581673","v":"544527164","key":0,"oneway":true,"source":"OpenStreetMap"},"geometry":{"type":"LineString","coordinates":[[95.3222778,5.5204368],[95.3220804,5.5208668],[95.3220623,5.5209205],[95.321856,5.5215329]]}},{"type":"Feature","properties":{"segmentId":"osm-gaul2-73705-3104581673-6134011557-0","regionId":"gaul2-73705","province":"Nangroe Aceh Darussalam","region":"Kota Bandaaceh","roadName":"Unnamed OSM road","highway":"secondary_link","lengthMeters":13.743,"osmWayIds":["654634687"],"u":"3104581673","v":"6134011557","key":0,"oneway":false,"source":"OpenStreetMap"},"geometry":{"type":"LineString","coordinates":[[95.3222778,5.5204368],[95.3223914,5.5204867]]}},{"type":"Feature","properties":{"segmentId":"osm-gaul2-73705-3104614416-3104614420-0","regionId":"gaul2-73705","province":"Nangroe Aceh Darussalam","region":"Kota Bandaaceh","roadName":"Unnamed OSM road","highway":"secondary_link","lengthMeters":43.908,"osmWayIds":["305792268"],"u":"3104614416","v":"3104614420","key":0,"oneway":true,"source":"OpenStreetMap"},"geometry":{"type":"LineString","coordinates":[[95.3153008,5.5367347],[95.3152328,5.5368582],[95.3151666,5.5368888],[95.3151367,5.5368978],[95.3151038,5.5369019],[95.3150714,5.5369007],[95.3149915,5.5368706]]}},{"type":"Feature","properties":{"segmentId":"osm-gaul2-73705-3104614416-544505020-0","regionId":"gaul2-73705","province":"Nangroe Aceh Darussalam","region":"Kota Bandaaceh","roadName":"Jalan Sultan Malikul Saleh","highway":"secondary","lengthMeters":55.18,"osmWayIds":["772040836"],"u":"3104614416","v":"544505020","key":0,"oneway":false,"source":"OpenStreetMap"},"geometry":{"type":"LineString","coordinates":[[95.3153008,5.5367347],[95.3152087,5.5369665],[95.3150843,5.5371802]]}},{"type":"Feature","properties":{"segmentId":"osm-gaul2-73705-3104614416-6134011563-0","regionId":"gaul2-73705","province":"Nangroe Aceh Darussalam","region":"Kota Bandaaceh","roadName":"Jalan Sultan Malikul Saleh","highway":"secondary","lengthMeters":248.468,"osmWayIds":["772040836"],"u":"3104614416","v":"6134011563","key":0,"oneway":false,"source":"OpenStreetMap"},"geometry":{"type":"LineString","coordinates":[[95.3153008,5.5367347],[95.3154146,5.5364724],[95.3157585,5.5356587],[95.3161017,5.5348792],[95.3161884,5.5346823]]}},{"type":"Feature","properties":{"segmentId":"osm-gaul2-73705-3104614420-544505020-0","regionId":"gaul2-73705","province":"Nangroe Aceh Darussalam","region":"Kota Bandaaceh","roadName":"Jalan Residen Danubroto","highway":"tertiary","lengthMeters":35.925,"osmWayIds":["654622301"],"u":"3104614420","v":"544505020","key":0,"oneway":false,"source":"OpenStreetMap"},"geometry":{"type":"LineString","coordinates":[[95.3149915,5.5368706],[95.3150444,5.5370464],[95.3150843,5.5371802]]}},{"type":"Feature","properties":{"segmentId":"osm-gaul2-73705-3104614420-544528463-0","regionId":"gaul2-73705","province":"Nangroe Aceh Darussalam","region":"Kota Bandaaceh","roadName":"Jalan Residen Danubroto","highway":"tertiary","lengthMeters":1420.859,"osmWayIds":["244177709","244177710","654622301"],"u":"3104614420","v":"544528463","key":0,"oneway":false,"source":"OpenStreetMap"},"geometry":{"type":"LineString","coordinates":[[95.3149915,5.5368706],[95.3148779,5.5364728],[95.3148312,5.5363096],[95.3147976,5.5362308],[95.3147361,5.5361534],[95.3145824,5.5360662],[95.314037,5.5358333],[95.3139046,5.535788],[95.3136022,5.5356781],[95.3131376,5.5354789],[95.3129705,5.5354162],[95.312521,5.5352105],[95.3123586,5.5351417],[95.3122441,5.5350719],[95.3121096,5.5349779],[95.3120556,5.5349439],[95.3119896,5.5349075],[95.3119218,5.5348764],[95.3118469,5.5348484],[95.3115397,5.5347479],[95.3113808,5.5346783],[95.3112231,5.5345982],[95.3110408,5.5344966],[95.3106839,5.5342977],[95.3106555,5.5342746],[95.3106263,5.5342447],[95.3106009,5.534214],[95.3105389,5.5341302],[95.3104105,5.5338834],[95.3102663,5.5335763],[95.3102177,5.5334901],[95.3101821,5.5334465],[95.3101091,5.5334242],[95.3099454,5.5333564],[95.3098026,5.5332744],[95.3097467,5.5332235],[95.3093694,5.5328686],[95.3092866,5.5327894],[95.3091961,5.5327294],[95.3089567,5.5326525],[95.3088328,5.5326323],[95.3084375,5.5325648],[95.3081751,5.5325105],[95.3077979,5.5324414],[95.3077207,5.5324215],[95.307646,5.5324044],[95.3074552,5.5323727],[95.3073858,5.5323476],[95.3073448,5.5323088],[95.3072866,5.5322648],[95.307233,5.5322555],[95.3071745,5.5322534],[95.3070375,5.5322555],[95.3068374,5.5322612],[95.3066765,5.5322903],[95.306379,5.5323348],[95.3061535,5.5323051],[95.3059997,5.5323085],[95.3056924,5.5323563],[95.3053949,5.5324428],[95.305352,5.5324495],[95.3049246,5.5324317],[95.3047874,5.5324189],[95.3047247,5.532413],[95.3045048,5.5324343],[95.3039496,5.5325426]]}},{"type":"Feature","properties":{"segmentId":"osm-gaul2-73705-3107520819-4194086492-0","regionId":"gaul2-73705","province":"Nangroe Aceh Darussalam","region":"Kota Bandaaceh","roadName":"Unnamed OSM road","highway":"tertiary","lengthMeters":5325.671,"osmWayIds":["306180659","654630229","654630230"],"u":"3107520819","v":"4194086492","key":0,"oneway":false,"source":"OpenStreetMap"},"geometry":{"type":"LineString","coordinates":[[95.3023602,5.5005123],[95.3024384,5.5004842],[95.3025011,5.5004592],[95.3026813,5.5004128],[95.3027569,5.5003779],[95.3028231,5.5003332],[95.3028414,5.5003143],[95.3028654,5.5002803],[95.3029026,5.5001907],[95.3029197,5.5001279],[95.3029341,5.5000555],[95.3029436,5.4999856],[95.3029509,5.499893],[95.3029539,5.4994645],[95.3029457,5.4990325],[95.3029177,5.4983204],[95.3029203,5.4981482],[95.3029096,5.497703],[95.3029002,5.4973566],[95.3028542,5.4965304],[95.3028559,5.4963133],[95.3028613,5.4959336],[95.302868,5.4958634],[95.3028949,5.4957039],[95.3029324,5.4955858],[95.3030035,5.495449],[95.303041,5.4953936],[95.3030933,5.4953248],[95.3031309,5.4952827],[95.3032435,5.4951686],[95.3032905,5.4951292],[95.3033535,5.4950891],[95.3034072,5.4950672],[95.3035134,5.4950399],[95.3036955,5.4950478],[95.3039368,5.4950504],[95.304075,5.4950604],[95.3047872,5.4950764],[95.3051537,5.4950725],[95.3054892,5.495073],[95.3056428,5.4950825],[95.3073312,5.4951051],[95.3076518,5.4951231],[95.3093603,5.4951573],[95.3093925,5.4951466],[95.3094233,5.4951079],[95.3094408,5.4949516],[95.3094582,5.4947254],[95.3094609,5.4945785],[95.3094641,5.494429],[95.3094689,5.4942021],[95.3094753,5.4939776],[95.3094774,5.4939044],[95.3094748,5.4933694],[95.3094789,5.493329],[95.3094968,5.4932899],[95.3095573,5.4932495],[95.3095946,5.4932419],[95.3101663,5.4933304],[95.3106576,5.493397],[95.3110528,5.4934612],[95.3115186,5.4935439],[95.3121161,5.4936669],[95.3126371,5.4937757],[95.313114,5.4938565],[95.3133145,5.4938967],[95.313556,5.4939358],[95.3137277,5.493971],[95.3140782,5.494062],[95.3147019,5.4942769],[95.3151432,5.494369],[95.3155138,5.4944387],[95.3157975,5.4944799],[95.3158444,5.494484],[95.3159846,5.494485],[95.3166626,5.4944451],[95.3169966,5.4944291],[95.317308,5.4944273],[95.3174351,5.4944386],[95.3179394,5.4944785],[95.3184169,5.49451],[95.3193542,5.4945245],[95.3199938,5.4944665],[95.3201577,5.4944488],[95.3204573,5.494373],[95.320989,5.4941621],[95.3212768,5.4940267],[95.3213971,5.4939064],[95.3215097,5.4937556],[95.3216138,5.4936717],[95.3216901,5.493518],[95.3217183,5.4934699],[95.3217384,5.4934199],[95.3218481,5.4930495],[95.3220286,5.4924439],[95.3221552,5.4920137],[95.3221962,5.4919002],[95.3223065,5.4916105],[95.3224509,5.4912153],[95.3227024,5.4905899],[95.3230421,5.489441],[95.3230646,5.4893983],[95.3231687,5.489137],[95.3232718,5.4889598],[95.3237591,5.4880866],[95.3238606,5.4877824],[95.3238939,5.4876802],[95.3239636,5.4874913],[95.3239968,5.4874233],[95.3240967,5.4872764],[95.3243982,5.4870368],[95.3246831,5.4868208],[95.3248249,5.4867306],[95.3248675,5.4867104],[95.3252202,5.4865328],[95.3253034,5.4864734],[95.3253436,5.4864401],[95.3254388,5.4863593],[95.325534,5.4862712],[95.3256293,5.4861884],[95.3258197,5.4860696],[95.3267692,5.4856291],[95.3269435,5.4855356],[95.3271005,5.4854382],[95.327362,5.4852646],[95.3279266,5.4848214],[95.328117,5.4846626],[95.3284603,5.4843595],[95.3287379,5.4841606],[95.3292918,5.4838242],[95.3297076,5.4836039],[95.3298819,5.4835252],[95.3307295,5.4832328],[95.3320464,5.4827642],[95.3322114,5.4827215],[95.3338167,5.482341],[95.3339709,5.4822877],[95.3341238,5.4822169],[95.3342284,5.4821315],[95.334431,5.4819218],[95.3345168,5.4818391],[95.3346241,5.4817523],[95.334946,5.4815267],[95.335021,5.48146],[95.3351028,5.4813649],[95.3351659,5.4813051],[95.335249,5.4811903],[95.3353187,5.4810808],[95.3355853,5.4804522],[95.335601,5.4804207],[95.3356232,5.4803773],[95.3356738,5.4802947],[95.3362398,5.4796379]]}},{"type":"Feature","properties":{"segmentId":"osm-gaul2-73705-3107520819-544527731-0","regionId":"gaul2-73705","province":"Nangroe Aceh Darussalam","region":"Kota Bandaaceh","roadName":"Mata Ie","highway":"tertiary","lengthMeters":508.736,"osmWayIds":["507496056"],"u":"3107520819","v":"544527731","key":0,"oneway":false,"source":"OpenStreetMap"},"geometry":{"type":"LineString","coordinates":[[95.3023602,5.5005123],[95.3023966,5.5005845],[95.3024178,5.5006429],[95.302431,5.5006979],[95.3024484,5.5007941],[95.3024577,5.5008728],[95.3024644,5.5009916],[95.302467,5.5011091],[95.3024657,5.5011932],[95.302435,5.5015533],[95.3024323,5.5015873],[95.3024459,5.5017081],[95.3024872,5.501882],[95.3026204,5.5023055],[95.3026451,5.5023641],[95.3027089,5.5024751],[95.3027782,5.5026209],[95.3028439,5.5028202],[95.3028797,5.5029671],[95.3029042,5.5030674],[95.3029487,5.5033079],[95.3029592,5.5033855],[95.3029847,5.503791],[95.3030684,5.5041171],[95.3031433,5.504421],[95.3031832,5.5045649],[95.3032114,5.5047194],[95.3032144,5.5047644],[95.3032107,5.5048052],[95.3032451,5.504952]]}},{"type":"Feature","properties":{"segmentId":"osm-gaul2-73705-3107520819-769855634-0","regionId":"gaul2-73705","province":"Nangroe Aceh Darussalam","region":"Kota Bandaaceh","roadName":"Mata Ie","highway":"tertiary","lengthMeters":892.946,"osmWayIds":["507496056","677651786","677651787"],"u":"3107520819","v":"769855634","key":0,"oneway":false,"source":"OpenStreetMap"},"geometry":{"type":"LineString","coordinates":[[95.3023602,5.5005123],[95.3023296,5.5004808],[95.3022813,5.5004533],[95.3022307,5.500433],[95.3021415,5.5004012],[95.3020612,5.5003936],[95.3019641,5.5003946],[95.3018055,5.5004163],[95.3012103,5.5004793],[95.3011655,5.500484],[95.3010656,5.5004777],[95.3009529,5.5004647],[95.3007123,5.5004229],[95.3003966,5.5003609],[95.3003391,5.5003545],[95.3000571,5.5003455],[95.2998309,5.5003573],[95.2996699,5.5003501],[95.2995769,5.5003498],[95.2995092,5.5003435],[95.2994506,5.5003278],[95.2993014,5.5002748],[95.2990134,5.5001219],[95.2988782,5.5000414],[95.2988196,5.4999931],[95.2987094,5.4998894],[95.298378,5.4991347],[95.2979746,5.498267],[95.297796,5.4979009],[95.2975049,5.4973402],[95.2974721,5.4972979],[95.2974248,5.4972485],[95.2973467,5.4971877],[95.2972292,5.4971078],[95.2968827,5.4969241],[95.296526,5.4966998],[95.2964767,5.4966881],[95.2964247,5.4966845],[95.2963737,5.4966891],[95.2962998,5.4967019]]}},{"type":"Feature","properties":{"segmentId":"osm-gaul2-73705-3107827336-3071652169-0","regionId":"gaul2-73705","province":"Nangroe Aceh Darussalam","region":"Kota Bandaaceh","roadName":"Unnamed OSM road","highway":"secondary","lengthMeters":243.451,"osmWayIds":["306019324"],"u":"3107827336","v":"3071652169","key":0,"oneway":false,"source":"OpenStreetMap"},"geometry":{"type":"LineString","coordinates":[[95.323905,5.5166029],[95.3239519,5.5165687],[95.3242552,5.5163474],[95.3243182,5.5163005],[95.3249184,5.515872],[95.3254496,5.5155021],[95.3254992,5.5154216],[95.325526,5.5153473],[95.3255486,5.5152243]]}},{"type":"Feature","properties":{"segmentId":"osm-gaul2-73705-3107827336-544527025-0","regionId":"gaul2-73705","province":"Nangroe Aceh Darussalam","region":"Kota Bandaaceh","roadName":"Jalan Sultan Malikul Saleh","highway":"secondary","lengthMeters":121.618,"osmWayIds":["305777992","306019327"],"u":"3107827336","v":"544527025","key":0,"oneway":false,"source":"OpenStreetMap"},"geometry":{"type":"LineString","coordinates":[[95.323905,5.5166029],[95.3242115,5.5157249],[95.3242625,5.5155687]]}},{"type":"Feature","properties":{"segmentId":"osm-gaul2-73705-3107827336-6134011573-0","regionId":"gaul2-73705","province":"Nangroe Aceh Darussalam","region":"Kota Bandaaceh","roadName":"Jalan Sultan Malikul Saleh","highway":"secondary","lengthMeters":278.908,"osmWayIds":["305777991","305777992","654634690"],"u":"3107827336","v":"6134011573","key":0,"oneway":false,"source":"OpenStreetMap"},"geometry":{"type":"LineString","coordinates":[[95.323905,5.5166029],[95.3235546,5.5175218],[95.3231605,5.518517],[95.3231206,5.5186224],[95.3230098,5.5189045],[95.3229956,5.5189421]]}},{"type":"Feature","properties":{"segmentId":"osm-gaul2-73705-3107827340-544527731-0","regionId":"gaul2-73705","province":"Nangroe Aceh Darussalam","region":"Kota Bandaaceh","roadName":"Unnamed OSM road","highway":"tertiary","lengthMeters":3032.318,"osmWayIds":["306004395"],"u":"3107827340","v":"544527731","key":0,"oneway":false,"source":"OpenStreetMap"},"geometry":{"type":"LineString","coordinates":[[95.3243028,5.5154279],[95.3241876,5.5150705],[95.3238508,5.5139058],[95.3237901,5.5137441],[95.3237532,5.5136251],[95.3235688,5.5133218],[95.3233889,5.5130321],[95.3231907,5.512763],[95.3231443,5.5127072],[95.3227729,5.5121461],[95.322756,5.5121185],[95.3226355,5.5119378],[95.3220482,5.5110479],[95.3219813,5.5109349],[95.3217145,5.5105538],[95.3215191,5.5102123],[95.3213186,5.5099064],[95.3212269,5.5097713],[95.3209927,5.5094102],[95.3204777,5.5086406],[95.3203892,5.5085035],[95.3200544,5.5080162],[95.3199787,5.5079019],[95.3199515,5.5078366],[95.3199357,5.5077926],[95.3199221,5.5077293],[95.3199079,5.5075578],[95.3198988,5.5073318],[95.3198758,5.5071099],[95.319866,5.5070418],[95.3198481,5.5069785],[95.3198146,5.5069082],[95.3197265,5.5068253],[95.3196806,5.5067891],[95.3195311,5.5067298],[95.3191505,5.5065787],[95.3187349,5.5063915],[95.3181828,5.506198],[95.3178389,5.5060926],[95.3173452,5.5059635],[95.3171315,5.5059285],[95.3169196,5.5059075],[95.3168171,5.5058974],[95.3161681,5.5058384],[95.3157906,5.5057957],[95.3152664,5.505736],[95.3140275,5.5055663],[95.3137723,5.5055632],[95.3135761,5.5055383],[95.3133125,5.5054962],[95.3129623,5.5054402],[95.3129072,5.5054265],[95.312183,5.5052119],[95.3117125,5.5050575],[95.3109371,5.5048055],[95.3103616,5.5046489],[95.3099869,5.5045706],[95.3098988,5.5045686],[95.3098284,5.5045756],[95.309679,5.5046119],[95.3095256,5.504666],[95.30925,5.5047965],[95.3091635,5.5048502],[95.3091119,5.5048899],[95.3082863,5.5056422],[95.3081305,5.505762],[95.3080879,5.5057662],[95.3079558,5.5057623],[95.3077989,5.5057516],[95.3076618,5.505726],[95.3073527,5.5056535],[95.3065698,5.5054536],[95.3065101,5.5054296],[95.3064528,5.5053992],[95.3060726,5.5051802],[95.3059561,5.5050908],[95.3057065,5.5048992],[95.3056484,5.5048515],[95.3056028,5.5048195],[95.3055432,5.5047955],[95.3054547,5.5047765],[95.3053719,5.5047821],[95.3052931,5.5047968],[95.3048062,5.5049428],[95.3046051,5.5049894],[95.3045327,5.5050021],[95.3042646,5.5050159],[95.3038499,5.5049813],[95.3032451,5.504952]]}},{"type":"Feature","properties":{"segmentId":"osm-gaul2-73705-3107827340-7736925495-0","regionId":"gaul2-73705","province":"Nangroe Aceh Darussalam","region":"Kota Bandaaceh","roadName":"Jalan Soekarno-Hatta","highway":"trunk","lengthMeters":108.951,"osmWayIds":["43324105"],"u":"3107827340","v":"7736925495","key":0,"oneway":true,"source":"OpenStreetMap"},"geometry":{"type":"LineString","coordinates":[[95.3243028,5.5154279],[95.323576,5.5156476],[95.3233582,5.515703]]}},{"type":"Feature","properties":{"segmentId":"osm-gaul2-73705-3107886748-3107886772-0","regionId":"gaul2-73705","province":"Nangroe Aceh Darussalam","region":"Kota Bandaaceh","roadName":"Unnamed OSM road","highway":"trunk_link","lengthMeters":7.517,"osmWayIds":["306023546"],"u":"3107886748","v":"3107886772","key":0,"oneway":false,"source":"OpenStreetMap"},"geometry":{"type":"LineString","coordinates":[[95.3302105,5.5299415],[95.3302784,5.5299399]]}},{"type":"Feature","properties":{"segmentId":"osm-gaul2-73705-3107886748-3377380694-0","regionId":"gaul2-73705","province":"Nangroe Aceh Darussalam","region":"Kota Bandaaceh","roadName":"Jalan Teuku Muhammad Hasan","highway":"trunk","lengthMeters":210.867,"osmWayIds":["43175161"],"u":"3107886748","v":"3377380694","key":0,"oneway":true,"source":"OpenStreetMap"},"geometry":{"type":"LineString","coordinates":[[95.3302105,5.5299415],[95.3301972,5.5311971],[95.3301979,5.5318378]]}},{"type":"Feature","properties":{"segmentId":"osm-gaul2-73705-3107886760-3059938485-0","regionId":"gaul2-73705","province":"Nangroe Aceh Darussalam","region":"Kota Bandaaceh","roadName":"Jalan Teuku Muhammad Hasan","highway":"trunk","lengthMeters":498.596,"osmWayIds":["43175161"],"u":"3107886760","v":"3059938485","key":0,"oneway":true,"source":"OpenStreetMap"},"geometry":{"type":"LineString","coordinates":[[95.3301724,5.5463886],[95.3301715,5.5468313],[95.3301748,5.5473412],[95.3301773,5.5477363],[95.3301593,5.5483851],[95.3301742,5.5504205],[95.3301891,5.5507437],[95.3302203,5.5508681]]}},{"type":"Feature","properties":{"segmentId":"osm-gaul2-73705-3107886760-3107886761-0","regionId":"gaul2-73705","province":"Nangroe Aceh Darussalam","region":"Kota Bandaaceh","roadName":"Unnamed OSM road","highway":"trunk_link","lengthMeters":8.966,"osmWayIds":["306023532"],"u":"3107886760","v":"3107886761","key":0,"oneway":false,"source":"OpenStreetMap"},"geometry":{"type":"LineString","coordinates":[[95.3301724,5.5463886],[95.3302534,5.5463873]]}},{"type":"Feature","properties":{"segmentId":"osm-gaul2-73705-3107886761-3107886760-0","regionId":"gaul2-73705","province":"Nangroe Aceh Darussalam","region":"Kota Bandaaceh","roadName":"Unnamed OSM road","highway":"trunk_link","lengthMeters":8.966,"osmWayIds":["306023532"],"u":"3107886761","v":"3107886760","key":0,"oneway":false,"source":"OpenStreetMap"},"geometry":{"type":"LineString","coordinates":[[95.3302534,5.5463873],[95.3301724,5.5463886]]}},{"type":"Feature","properties":{"segmentId":"osm-gaul2-73705-3107886761-3107886767-0","regionId":"gaul2-73705","province":"Nangroe Aceh Darussalam","region":"Kota Bandaaceh","roadName":"Jalan Teuku Muhammad Hasan","highway":"trunk","lengthMeters":1016.627,"osmWayIds":["111972657"],"u":"3107886761","v":"3107886767","key":0,"oneway":true,"source":"OpenStreetMap"},"geometry":{"type":"LineString","coordinates":[[95.3302534,5.5463873],[95.3302373,5.5459597],[95.3302303,5.545387],[95.3302246,5.545083],[95.3302585,5.5442602],[95.3302598,5.5437823],[95.3301593,5.5412875],[95.3301595,5.541033],[95.3301634,5.5400877],[95.3301639,5.5399589],[95.3301961,5.5388087],[95.3302262,5.5372484]]}},{"type":"Feature","properties":{"segmentId":"osm-gaul2-73705-3107886767-3107886768-0","regionId":"gaul2-73705","province":"Nangroe Aceh Darussalam","region":"Kota Bandaaceh","roadName":"Unnamed OSM road","highway":"trunk_link","lengthMeters":9.089,"osmWayIds":["306023533"],"u":"3107886767","v":"3107886768","key":0,"oneway":false,"source":"OpenStreetMap"},"geometry":{"type":"LineString","coordinates":[[95.3302262,5.5372484],[95.3301445,5.5372401]]}},{"type":"Feature","properties":{"segmentId":"osm-gaul2-73705-3107886767-3107886769-0","regionId":"gaul2-73705","province":"Nangroe Aceh Darussalam","region":"Kota Bandaaceh","roadName":"Jalan Teuku Muhammad Hasan","highway":"trunk","lengthMeters":537.618,"osmWayIds":["111972657"],"u":"3107886767","v":"3107886769","key":0,"oneway":true,"source":"OpenStreetMap"},"geometry":{"type":"LineString","coordinates":[[95.3302262,5.5372484],[95.3302231,5.5371257],[95.3302526,5.5365159],[95.3302599,5.5355973],[95.3302603,5.5351768],[95.3302626,5.5349326],[95.3302713,5.5344995],[95.3302913,5.5334335],[95.3303061,5.5326456],[95.3303039,5.5324147]]}},{"type":"Feature","properties":{"segmentId":"osm-gaul2-73705-3107886768-3107886760-0","regionId":"gaul2-73705","province":"Nangroe Aceh Darussalam","region":"Kota Bandaaceh","roadName":"Jalan Teuku Muhammad Hasan","highway":"trunk","lengthMeters":1017.68,"osmWayIds":["43175161"],"u":"3107886768","v":"3107886760","key":0,"oneway":true,"source":"OpenStreetMap"},"geometry":{"type":"LineString","coordinates":[[95.3301445,5.5372401],[95.3301423,5.5376022],[95.3301228,5.5388507],[95.330108,5.5399582],[95.3300764,5.5410408],[95.3300936,5.541856],[95.3301656,5.5437901],[95.3301791,5.5442559],[95.3301626,5.544625],[95.3301416,5.545094],[95.3301461,5.545389],[95.3301551,5.5459701],[95.3301724,5.5463886]]}},{"type":"Feature","properties":{"segmentId":"osm-gaul2-73705-3107886768-3107886767-0","regionId":"gaul2-73705","province":"Nangroe Aceh Darussalam","region":"Kota Bandaaceh","roadName":"Unnamed OSM road","highway":"trunk_link","lengthMeters":9.089,"osmWayIds":["306023533"],"u":"3107886768","v":"3107886767","key":0,"oneway":false,"source":"OpenStreetMap"},"geometry":{"type":"LineString","coordinates":[[95.3301445,5.5372401],[95.3302262,5.5372484]]}},{"type":"Feature","properties":{"segmentId":"osm-gaul2-73705-3107886769-6349316475-0","regionId":"gaul2-73705","province":"Nangroe Aceh Darussalam","region":"Kota Bandaaceh","roadName":"Jalan Amd","highway":"tertiary","lengthMeters":114.131,"osmWayIds":["678112595","678112597"],"u":"3107886769","v":"6349316475","key":0,"oneway":true,"source":"OpenStreetMap"},"geometry":{"type":"LineString","coordinates":[[95.3303039,5.5324147],[95.3303687,5.5324123],[95.3304841,5.5324123],[95.3307831,5.5324016],[95.3312344,5.5323923],[95.331329,5.5323589]]}},{"type":"Feature","properties":{"segmentId":"osm-gaul2-73705-3107886769-6350446543-0","regionId":"gaul2-73705","province":"Nangroe Aceh Darussalam","region":"Kota Bandaaceh","roadName":"Jalan Teuku Muhammad Hasan","highway":"trunk","lengthMeters":6.802,"osmWayIds":["111972657"],"u":"3107886769","v":"6350446543","key":0,"oneway":true,"source":"OpenStreetMap"},"geometry":{"type":"LineString","coordinates":[[95.3303039,5.5324147],[95.330301,5.5323536]]}},{"type":"Feature","properties":{"segmentId":"osm-gaul2-73705-3107886772-3107886748-0","regionId":"gaul2-73705","province":"Nangroe Aceh Darussalam","region":"Kota Bandaaceh","roadName":"Unnamed OSM road","highway":"trunk_link","lengthMeters":7.517,"osmWayIds":["306023546"],"u":"3107886772","v":"3107886748","key":0,"oneway":false,"source":"OpenStreetMap"},"geometry":{"type":"LineString","coordinates":[[95.3302784,5.5299399],[95.3302105,5.5299415]]}},{"type":"Feature","properties":{"segmentId":"osm-gaul2-73705-3107886772-6354530434-0","regionId":"gaul2-73705","province":"Nangroe Aceh Darussalam","region":"Kota Bandaaceh","roadName":"Jalan Teuku Muhammad Hasan","highway":"trunk","lengthMeters":13.044,"osmWayIds":["111972657"],"u":"3107886772","v":"6354530434","key":0,"oneway":true,"source":"OpenStreetMap"},"geometry":{"type":"LineString","coordinates":[[95.3302784,5.5299399],[95.3302798,5.5298226]]}},{"type":"Feature","properties":{"segmentId":"osm-gaul2-73705-3107886775-3107886777-0","regionId":"gaul2-73705","province":"Nangroe Aceh Darussalam","region":"Kota Bandaaceh","roadName":"Jalan Teuku Muhammad Hasan","highway":"trunk","lengthMeters":254.844,"osmWayIds":["1008254038"],"u":"3107886775","v":"3107886777","key":0,"oneway":true,"source":"OpenStreetMap"},"geometry":{"type":"LineString","coordinates":[[95.330263,5.5268961],[95.3302449,5.5250859],[95.3302285,5.5246046]]}},{"type":"Feature","properties":{"segmentId":"osm-gaul2-73705-3107886775-3107886793-0","regionId":"gaul2-73705","province":"Nangroe Aceh Darussalam","region":"Kota Bandaaceh","roadName":"Unnamed OSM road","highway":"trunk_link","lengthMeters":9.255,"osmWayIds":["306023542"],"u":"3107886775","v":"3107886793","key":0,"oneway":false,"source":"OpenStreetMap"},"geometry":{"type":"LineString","coordinates":[[95.330263,5.5268961],[95.3301799,5.5268868]]}},{"type":"Feature","properties":{"segmentId":"osm-gaul2-73705-3107886777-3107886779-0","regionId":"gaul2-73705","province":"Nangroe Aceh Darussalam","region":"Kota Bandaaceh","roadName":"Jalan Teuku Muhammad Hasan","highway":"trunk","lengthMeters":255.434,"osmWayIds":["1008254038"],"u":"3107886777","v":"3107886779","key":0,"oneway":true,"source":"OpenStreetMap"},"geometry":{"type":"LineString","coordinates":[[95.3302285,5.5246046],[95.3302336,5.5237933],[95.3302351,5.5234941],[95.3302385,5.5231283],[95.3302416,5.5227559],[95.3302373,5.5226504],[95.3302425,5.5223076]]}},{"type":"Feature","properties":{"segmentId":"osm-gaul2-73705-3107886777-3107886792-0","regionId":"gaul2-73705","province":"Nangroe Aceh Darussalam","region":"Kota Bandaaceh","roadName":"Unnamed OSM road","highway":"trunk_link","lengthMeters":7.959,"osmWayIds":["306023540"],"u":"3107886777","v":"3107886792","key":0,"oneway":false,"source":"OpenStreetMap"},"geometry":{"type":"LineString","coordinates":[[95.3302285,5.5246046],[95.3301567,5.5246007]]}},{"type":"Feature","properties":{"segmentId":"osm-gaul2-73705-3107886779-3107886781-0","regionId":"gaul2-73705","province":"Nangroe Aceh Darussalam","region":"Kota Bandaaceh","roadName":"Jalan Teuku Muhammad Hasan","highway":"trunk","lengthMeters":248.589,"osmWayIds":["1008254038"],"u":"3107886779","v":"3107886781","key":0,"oneway":true,"source":"OpenStreetMap"},"geometry":{"type":"LineString","coordinates":[[95.3302425,5.5223076],[95.3302396,5.5218108],[95.3302388,5.5214414],[95.3302367,5.5204839],[95.3302365,5.5201736],[95.3302364,5.520072]]}},{"type":"Feature","properties":{"segmentId":"osm-gaul2-73705-3107886779-3107886791-0","regionId":"gaul2-73705","province":"Nangroe Aceh Darussalam","region":"Kota Bandaaceh","roadName":"Unnamed OSM road","highway":"trunk_link","lengthMeters":10.192,"osmWayIds":["306023539"],"u":"3107886779","v":"3107886791","key":0,"oneway":false,"source":"OpenStreetMap"},"geometry":{"type":"LineString","coordinates":[[95.3302425,5.5223076],[95.3301505,5.5223036]]}},{"type":"Feature","properties":{"segmentId":"osm-gaul2-73705-3107886781-3107886784-0","regionId":"gaul2-73705","province":"Nangroe Aceh Darussalam","region":"Kota Bandaaceh","roadName":"Jalan Teuku Muhammad Hasan","highway":"trunk","lengthMeters":427.666,"osmWayIds":["1008254038"],"u":"3107886781","v":"3107886784","key":0,"oneway":true,"source":"OpenStreetMap"},"geometry":{"type":"LineString","coordinates":[[95.3302364,5.520072],[95.330201,5.5182557],[95.3301998,5.5176286],[95.3301792,5.5167447],[95.3301762,5.5162265]]}},{"type":"Feature","properties":{"segmentId":"osm-gaul2-73705-3107886781-3107886790-0","regionId":"gaul2-73705","province":"Nangroe Aceh Darussalam","region":"Kota Bandaaceh","roadName":"Unnamed OSM road","highway":"trunk_link","lengthMeters":11.148,"osmWayIds":["306023537"],"u":"3107886781","v":"3107886790","key":0,"oneway":false,"source":"OpenStreetMap"},"geometry":{"type":"LineString","coordinates":[[95.3302364,5.520072],[95.3301363,5.5200831]]}},{"type":"Feature","properties":{"segmentId":"osm-gaul2-73705-3107886784-3107886786-0","regionId":"gaul2-73705","province":"Nangroe Aceh Darussalam","region":"Kota Bandaaceh","roadName":"Jalan Teuku Muhammad Hasan","highway":"trunk","lengthMeters":188.779,"osmWayIds":["1008254038"],"u":"3107886784","v":"3107886786","key":0,"oneway":true,"source":"OpenStreetMap"},"geometry":{"type":"LineString","coordinates":[[95.3301762,5.5162265],[95.3301793,5.5158142],[95.3301833,5.5153705],[95.3301847,5.5145288]]}},{"type":"Feature","properties":{"segmentId":"osm-gaul2-73705-3107886784-3107886788-0","regionId":"gaul2-73705","province":"Nangroe Aceh Darussalam","region":"Kota Bandaaceh","roadName":"Unnamed OSM road","highway":"trunk_link","lengthMeters":7.766,"osmWayIds":["306023535"],"u":"3107886784","v":"3107886788","key":0,"oneway":false,"source":"OpenStreetMap"},"geometry":{"type":"LineString","coordinates":[[95.3301762,5.5162265],[95.3301064,5.5162336]]}},{"type":"Feature","properties":{"segmentId":"osm-gaul2-73705-3107886786-3060906959-0","regionId":"gaul2-73705","province":"Nangroe Aceh Darussalam","region":"Kota Bandaaceh","roadName":"Jalan Soekarno-Hatta","highway":"trunk","lengthMeters":861.914,"osmWayIds":["507496055"],"u":"3107886786","v":"3060906959","key":0,"oneway":true,"source":"OpenStreetMap"},"geometry":{"type":"LineString","coordinates":[[95.3301847,5.5145288],[95.3308986,5.5144284],[95.3316536,5.5143293],[95.3323433,5.5142194],[95.3331599,5.5140991],[95.3333037,5.5140745],[95.3335349,5.5140349],[95.335878,5.513433],[95.3376805,5.5129685],[95.3377959,5.5129413]]}},{"type":"Feature","properties":{"segmentId":"osm-gaul2-73705-3107886786-3107886787-0","regionId":"gaul2-73705","province":"Nangroe Aceh Darussalam","region":"Kota Bandaaceh","roadName":"Jalan Teuku Muhammad Hasan","highway":"trunk","lengthMeters":13.662,"osmWayIds":["1008254038"],"u":"3107886786","v":"3107886787","key":0,"oneway":true,"source":"OpenStreetMap"},"geometry":{"type":"LineString","coordinates":[[95.3301847,5.5145288],[95.3301808,5.514406]]}},{"type":"Feature","properties":{"segmentId":"osm-gaul2-73705-3107886787-1274055442-0","regionId":"gaul2-73705","province":"Nangroe Aceh Darussalam","region":"Kota Bandaaceh","roadName":"Jalan Soekarno-Hatta","highway":"trunk","lengthMeters":9.916,"osmWayIds":["43324105"],"u":"3107886787","v":"1274055442","key":0,"oneway":true,"source":"OpenStreetMap"},"geometry":{"type":"LineString","coordinates":[[95.3301808,5.514406],[95.3300917,5.5144153]]}},{"type":"Feature","properties":{"segmentId":"osm-gaul2-73705-3107886788-3107886784-0","regionId":"gaul2-73705","province":"Nangroe Aceh Darussalam","region":"Kota Bandaaceh","roadName":"Unnamed OSM road","highway":"trunk_link","lengthMeters":7.766,"osmWayIds":["306023535"],"u":"3107886788","v":"3107886784","key":0,"oneway":false,"source":"OpenStreetMap"},"geometry":{"type":"LineString","coordinates":[[95.3301064,5.5162336],[95.3301762,5.5162265]]}},{"type":"Feature","properties":{"segmentId":"osm-gaul2-73705-3107886788-3107886790-0","regionId":"gaul2-73705","province":"Nangroe Aceh Darussalam","region":"Kota Bandaaceh","roadName":"Jalan Teuku Muhammad Hasan","highway":"trunk","lengthMeters":428.105,"osmWayIds":["1008254036"],"u":"3107886788","v":"3107886790","key":0,"oneway":true,"source":"OpenStreetMap"},"geometry":{"type":"LineString","coordinates":[[95.3301064,5.5162336],[95.3301064,5.5167669],[95.3301034,5.5175124],[95.3300965,5.5182708],[95.3301095,5.518707],[95.3301249,5.5192236],[95.3301363,5.5200831]]}},{"type":"Feature","properties":{"segmentId":"osm-gaul2-73705-3107886790-3107886781-0","regionId":"gaul2-73705","province":"Nangroe Aceh Darussalam","region":"Kota Bandaaceh","roadName":"Unnamed OSM road","highway":"trunk_link","lengthMeters":11.148,"osmWayIds":["306023537"],"u":"3107886790","v":"3107886781","key":0,"oneway":false,"source":"OpenStreetMap"},"geometry":{"type":"LineString","coordinates":[[95.3301363,5.5200831],[95.3302364,5.520072]]}},{"type":"Feature","properties":{"segmentId":"osm-gaul2-73705-3107886790-3107886791-0","regionId":"gaul2-73705","province":"Nangroe Aceh Darussalam","region":"Kota Bandaaceh","roadName":"Jalan Teuku Muhammad Hasan","highway":"trunk","lengthMeters":246.936,"osmWayIds":["1008254036"],"u":"3107886790","v":"3107886791","key":0,"oneway":true,"source":"OpenStreetMap"},"geometry":{"type":"LineString","coordinates":[[95.3301363,5.5200831],[95.3301409,5.5208563],[95.3301467,5.5216994],[95.3301564,5.5219911],[95.3301505,5.5223036]]}},{"type":"Feature","properties":{"segmentId":"osm-gaul2-73705-3107886791-3107886779-0","regionId":"gaul2-73705","province":"Nangroe Aceh Darussalam","region":"Kota Bandaaceh","roadName":"Unnamed OSM road","highway":"trunk_link","lengthMeters":10.192,"osmWayIds":["306023539"],"u":"3107886791","v":"3107886779","key":0,"oneway":false,"source":"OpenStreetMap"},"geometry":{"type":"LineString","coordinates":[[95.3301505,5.5223036],[95.3302425,5.5223076]]}},{"type":"Feature","properties":{"segmentId":"osm-gaul2-73705-3107886791-3107886792-0","regionId":"gaul2-73705","province":"Nangroe Aceh Darussalam","region":"Kota Bandaaceh","roadName":"Jalan Teuku Muhammad Hasan","highway":"trunk","lengthMeters":255.43,"osmWayIds":["1008254036"],"u":"3107886791","v":"3107886792","key":0,"oneway":true,"source":"OpenStreetMap"},"geometry":{"type":"LineString","coordinates":[[95.3301505,5.5223036],[95.3301501,5.5226358],[95.3301557,5.5232247],[95.3301582,5.5240216],[95.3301567,5.5246007]]}},{"type":"Feature","properties":{"segmentId":"osm-gaul2-73705-3107886792-3107886777-0","regionId":"gaul2-73705","province":"Nangroe Aceh Darussalam","region":"Kota Bandaaceh","roadName":"Unnamed OSM road","highway":"trunk_link","lengthMeters":7.959,"osmWayIds":["306023540"],"u":"3107886792","v":"3107886777","key":0,"oneway":false,"source":"OpenStreetMap"},"geometry":{"type":"LineString","coordinates":[[95.3301567,5.5246007],[95.3302285,5.5246046]]}},{"type":"Feature","properties":{"segmentId":"osm-gaul2-73705-3107886792-3107886793-0","regionId":"gaul2-73705","province":"Nangroe Aceh Darussalam","region":"Kota Bandaaceh","roadName":"Jalan Teuku Muhammad Hasan","highway":"trunk","lengthMeters":254.246,"osmWayIds":["1008254036"],"u":"3107886792","v":"3107886793","key":0,"oneway":true,"source":"OpenStreetMap"},"geometry":{"type":"LineString","coordinates":[[95.3301567,5.5246007],[95.3301552,5.5250751],[95.3301613,5.5253981],[95.3301564,5.5257094],[95.3301787,5.5265836],[95.3301799,5.5268868]]}},{"type":"Feature","properties":{"segmentId":"osm-gaul2-73705-3107886793-3107886775-0","regionId":"gaul2-73705","province":"Nangroe Aceh Darussalam","region":"Kota Bandaaceh","roadName":"Unnamed OSM road","highway":"trunk_link","lengthMeters":9.255,"osmWayIds":["306023542"],"u":"3107886793","v":"3107886775","key":0,"oneway":false,"source":"OpenStreetMap"},"geometry":{"type":"LineString","coordinates":[[95.3301799,5.5268868],[95.330263,5.5268961]]}},{"type":"Feature","properties":{"segmentId":"osm-gaul2-73705-3107886793-3107899919-0","regionId":"gaul2-73705","province":"Nangroe Aceh Darussalam","region":"Kota Bandaaceh","roadName":"Jalan Teuku Muhammad Hasan","highway":"trunk","lengthMeters":318.889,"osmWayIds":["1008254032","1008254035","1008254036"],"u":"3107886793","v":"3107899919","key":0,"oneway":true,"source":"OpenStreetMap"},"geometry":{"type":"LineString","coordinates":[[95.3301799,5.5268868],[95.3301796,5.527221],[95.3301935,5.5281875],[95.330202,5.5287962],[95.3302109,5.5294182],[95.3302109,5.5295115],[95.3302085,5.5297544]]}},{"type":"Feature","properties":{"segmentId":"osm-gaul2-73705-3107899919-6354530435-0","regionId":"gaul2-73705","province":"Nangroe Aceh Darussalam","region":"Kota Bandaaceh","roadName":"Jalan Teuku Muhammad Hasan","highway":"trunk","lengthMeters":7.62,"osmWayIds":["43175161"],"u":"3107899919","v":"6354530435","key":0,"oneway":true,"source":"OpenStreetMap"},"geometry":{"type":"LineString","coordinates":[[95.3302085,5.5297544],[95.3302064,5.5298229]]}},{"type":"Feature","properties":{"segmentId":"osm-gaul2-73705-3107899919-7735524585-0","regionId":"gaul2-73705","province":"Nangroe Aceh Darussalam","region":"Kota Bandaaceh","roadName":"Unnamed OSM road","highway":"trunk_link","lengthMeters":7.901,"osmWayIds":["1008797252"],"u":"3107899919","v":"7735524585","key":0,"oneway":false,"source":"OpenStreetMap"},"geometry":{"type":"LineString","coordinates":[[95.3302085,5.5297544],[95.3302797,5.5297493]]}},{"type":"Feature","properties":{"segmentId":"osm-gaul2-73705-3108871683-6350183800-0","regionId":"gaul2-73705","province":"Nangroe Aceh Darussalam","region":"Kota Bandaaceh","roadName":"Jalan Cut Nyak Dhien","highway":"trunk","lengthMeters":661.671,"osmWayIds":["655160737"],"u":"3108871683","v":"6350183800","key":0,"oneway":false,"source":"OpenStreetMap"},"geometry":{"type":"LineString","coordinates":[[95.2828349,5.5252761],[95.2828942,5.5253026],[95.2829695,5.5253277],[95.2831444,5.5253838],[95.2837222,5.5255963],[95.2839417,5.525681],[95.2843937,5.5258414],[95.2848945,5.5260233],[95.2852579,5.5261127],[95.2855986,5.5261715],[95.2863022,5.5262337],[95.2870427,5.5263012],[95.2876737,5.5263632],[95.2878648,5.5263919],[95.288309,5.5264778],[95.2885267,5.5265461],[95.288627,5.5265849]]}},{"type":"Feature","properties":{"segmentId":"osm-gaul2-73705-3110009731-2515260543-0","regionId":"gaul2-73705","province":"Nangroe Aceh Darussalam","region":"Kota Bandaaceh","roadName":"Jalan Mohammad Jam","highway":"secondary","lengthMeters":199.125,"osmWayIds":["275515299"],"u":"3110009731","v":"2515260543","key":0,"oneway":true,"source":"OpenStreetMap"},"geometry":{"type":"LineString","coordinates":[[95.3174514,5.5526893],[95.3175262,5.552705],[95.3180798,5.5525622],[95.318394,5.5524836],[95.3187903,5.5523768],[95.318852,5.5523841],[95.318921,5.5524175],[95.318968,5.5524769],[95.3190579,5.5526564]]}},{"type":"Feature","properties":{"segmentId":"osm-gaul2-73705-3110009731-6145334207-0","regionId":"gaul2-73705","province":"Nangroe Aceh Darussalam","region":"Kota Bandaaceh","roadName":"Jalan Mohammad Jam","highway":"secondary","lengthMeters":619.497,"osmWayIds":["275517325","275517327","43324088"],"u":"3110009731","v":"6145334207","key":0,"oneway":true,"source":"OpenStreetMap"},"geometry":{"type":"LineString","coordinates":[[95.3174514,5.5526893],[95.3169008,5.552835],[95.3162638,5.5530061],[95.3156546,5.5531791],[95.3153147,5.55326],[95.3147406,5.5534265],[95.3142478,5.5536048],[95.3144832,5.5541939],[95.3146028,5.5545336],[95.3146646,5.5547236],[95.314788,5.5550672],[95.3148992,5.5554213],[95.3149924,5.55566],[95.3150151,5.5557225]]}},{"type":"Feature","properties":{"segmentId":"osm-gaul2-73705-3110009732-3110009731-0","regionId":"gaul2-73705","province":"Nangroe Aceh Darussalam","region":"Kota Bandaaceh","roadName":"Jalan Teungku Abdullah Ujong Rimba","highway":"tertiary","lengthMeters":157.807,"osmWayIds":["306160098"],"u":"3110009732","v":"3110009731","key":0,"oneway":true,"source":"OpenStreetMap"},"geometry":{"type":"LineString","coordinates":[[95.3171039,5.5513129],[95.3174514,5.5526893]]}},{"type":"Feature","properties":{"segmentId":"osm-gaul2-73705-3110009733-3110009732-0","regionId":"gaul2-73705","province":"Nangroe Aceh Darussalam","region":"Kota Bandaaceh","roadName":"Unnamed OSM road","highway":"tertiary_link","lengthMeters":83.222,"osmWayIds":["306160101"],"u":"3110009733","v":"3110009732","key":0,"oneway":true,"source":"OpenStreetMap"},"geometry":{"type":"LineString","coordinates":[[95.3178133,5.5511001],[95.3177362,5.5511014],[95.3171769,5.5512515],[95.3171039,5.5513129]]}},{"type":"Feature","properties":{"segmentId":"osm-gaul2-73705-3110009733-3110009738-0","regionId":"gaul2-73705","province":"Nangroe Aceh Darussalam","region":"Kota Bandaaceh","roadName":"Jalan Tengku Abu Lamu","highway":"tertiary","lengthMeters":10.968,"osmWayIds":["275515298"],"u":"3110009733","v":"3110009738","key":0,"oneway":true,"source":"OpenStreetMap"},"geometry":{"type":"LineString","coordinates":[[95.3178133,5.5511001],[95.3177893,5.5510044]]}},{"type":"Feature","properties":{"segmentId":"osm-gaul2-73705-3110009734-3063910861-0","regionId":"gaul2-73705","province":"Nangroe Aceh Darussalam","region":"Kota Bandaaceh","roadName":"Jalan Sultan Iskandar Muda","highway":"trunk","lengthMeters":64.836,"osmWayIds":["771840606"],"u":"3110009734","v":"3063910861","key":0,"oneway":true,"source":"OpenStreetMap"},"geometry":{"type":"LineString","coordinates":[[95.3163292,5.5480955],[95.3166325,5.5480155],[95.3168982,5.5479573]]}},{"type":"Feature","properties":{"segmentId":"osm-gaul2-73705-3110009734-3110009735-0","regionId":"gaul2-73705","province":"Nangroe Aceh Darussalam","region":"Kota Bandaaceh","roadName":"Jalan Teungku Abdullah Ujong Rimba","highway":"tertiary","lengthMeters":352.601,"osmWayIds":["306160098"],"u":"3110009734","v":"3110009735","key":0,"oneway":true,"source":"OpenStreetMap"},"geometry":{"type":"LineString","coordinates":[[95.3163292,5.5480955],[95.3164635,5.5487001],[95.3167423,5.5499548],[95.3170703,5.5511788]]}},{"type":"Feature","properties":{"segmentId":"osm-gaul2-73705-3110009735-3110009732-0","regionId":"gaul2-73705","province":"Nangroe Aceh Darussalam","region":"Kota Bandaaceh","roadName":"Jalan Teungku Abdullah Ujong Rimba","highway":"tertiary","lengthMeters":15.368,"osmWayIds":["306160098"],"u":"3110009735","v":"3110009732","key":0,"oneway":true,"source":"OpenStreetMap"},"geometry":{"type":"LineString","coordinates":[[95.3170703,5.5511788],[95.3171039,5.5513129]]}},{"type":"Feature","properties":{"segmentId":"osm-gaul2-73705-3110009735-3110009738-0","regionId":"gaul2-73705","province":"Nangroe Aceh Darussalam","region":"Kota Bandaaceh","roadName":"Unnamed OSM road","highway":"tertiary_link","lengthMeters":83.615,"osmWayIds":["306160100"],"u":"3110009735","v":"3110009738","key":0,"oneway":true,"source":"OpenStreetMap"},"geometry":{"type":"LineString","coordinates":[[95.3170703,5.5511788],[95.317187,5.5511968],[95.3177262,5.5510513],[95.3177893,5.5510044]]}},{"type":"Feature","properties":{"segmentId":"osm-gaul2-73705-3110009738-3063910844-0","regionId":"gaul2-73705","province":"Nangroe Aceh Darussalam","region":"Kota Bandaaceh","roadName":"Jalan Tengku Abu Lamu","highway":"tertiary","lengthMeters":348.316,"osmWayIds":["275515298"],"u":"3110009738","v":"3063910844","key":0,"oneway":true,"source":"OpenStreetMap"},"geometry":{"type":"LineString","coordinates":[[95.3177893,5.5510044],[95.3176256,5.5502684],[95.317466,5.5496745],[95.3173186,5.5490984],[95.3172996,5.5490244],[95.317173,5.548529],[95.3170084,5.5479707]]}},{"type":"Feature","properties":{"segmentId":"osm-gaul2-73705-3110402350-3055718892-0","regionId":"gaul2-73705","province":"Nangroe Aceh Darussalam","region":"Kota Bandaaceh","roadName":"Unnamed OSM road","highway":"tertiary","lengthMeters":812.555,"osmWayIds":["306299148","656119245"],"u":"3110402350","v":"3055718892","key":0,"oneway":false,"source":"OpenStreetMap"},"geometry":{"type":"LineString","coordinates":[[95.3774005,5.5989751],[95.3774556,5.598836],[95.3775379,5.5985582],[95.3776407,5.5982531],[95.377705,5.5979949],[95.377759,5.5978302],[95.3778008,5.5977125],[95.3778626,5.5976585],[95.3779237,5.5976504],[95.3780196,5.5976509],[95.3781055,5.5976731],[95.3781647,5.5976875],[95.378316,5.5976954],[95.3783858,5.5976834],[95.3784441,5.5976535],[95.3784773,5.5976163],[95.3785946,5.5972746],[95.3786046,5.5972393],[95.378776,5.5968402],[95.3788388,5.5966823],[95.3788627,5.5966293],[95.3789002,5.5965426],[95.3789662,5.596414],[95.378989,5.5963352],[95.3789984,5.5962752],[95.3789609,5.5960999],[95.3789203,5.5959102],[95.3788693,5.595646],[95.378817,5.5953105],[95.3787604,5.594998],[95.3787208,5.594669],[95.3787304,5.5945045],[95.3787917,5.5941043],[95.3788235,5.5939282],[95.3789326,5.5936137],[95.3789783,5.5935109],[95.3791284,5.5931752],[95.3793169,5.592873],[95.3793739,5.5927675],[95.3794012,5.5927001],[95.379415,5.5926239]]}},{"type":"Feature","properties":{"segmentId":"osm-gaul2-73705-3110402350-3112348532-0","regionId":"gaul2-73705","province":"Nangroe Aceh Darussalam","region":"Kota Bandaaceh","roadName":"Jalan Laksamana Malahayati","highway":"trunk","lengthMeters":1410.142,"osmWayIds":["1180114590"],"u":"3110402350","v":"3112348532","key":0,"oneway":false,"source":"OpenStreetMap"},"geometry":{"type":"LineString","coordinates":[[95.3774005,5.5989751],[95.3768508,5.5985654],[95.3766154,5.59839],[95.3762983,5.5981744],[95.3762182,5.5981223],[95.3757343,5.5978301],[95.3751891,5.5974832],[95.374788,5.5972413],[95.3740451,5.5967738],[95.3735551,5.5964654],[95.373098,5.5961807],[95.3727603,5.5959747],[95.3723351,5.5957119],[95.3720823,5.5955477],[95.3716922,5.5953101],[95.3713897,5.5951137],[95.3709435,5.5948351],[95.3707312,5.5947177],[95.370541,5.5946125],[95.3703126,5.5944999],[95.3698069,5.5942506],[95.3697587,5.5942269],[95.3697089,5.5942023],[95.3691455,5.5939265],[95.3688431,5.5937811],[95.3685247,5.5936186],[95.3680926,5.5934188],[95.3680488,5.5933942],[95.3676276,5.5931861],[95.367183,5.5929685],[95.3667811,5.5927661],[95.3664584,5.5926036],[95.3664214,5.5925819]]}},{"type":"Feature","properties":{"segmentId":"osm-gaul2-73705-3110659784-3055718892-0","regionId":"gaul2-73705","province":"Nangroe Aceh Darussalam","region":"Kota Bandaaceh","roadName":"Jalan Teungku Chik Silang","highway":"tertiary","lengthMeters":1451.184,"osmWayIds":["654618972"],"u":"3110659784","v":"3055718892","key":0,"oneway":false,"source":"OpenStreetMap"},"geometry":{"type":"LineString","coordinates":[[95.3902113,5.5984654],[95.3899471,5.5982009],[95.3896224,5.5979108],[95.389494,5.5978194],[95.3893171,5.5976673],[95.388542,5.5970192],[95.3882129,5.5967867],[95.3881509,5.5967216],[95.3880894,5.5966473],[95.3880375,5.5965393],[95.3879975,5.5964275],[95.3879817,5.5961502],[95.387959,5.5959875],[95.3879383,5.595901],[95.3879,5.5958022],[95.3878603,5.5957401],[95.3877448,5.5956533],[95.3875073,5.5955032],[95.3873081,5.5954052],[95.3871785,5.5953516],[95.3869142,5.5952475],[95.3866933,5.5951509],[95.3864226,5.5950045],[95.3861746,5.5948711],[95.3855141,5.5945139],[95.3848792,5.5941818],[95.3846721,5.5940764],[95.3845609,5.594031],[95.3844875,5.5939683],[95.3844473,5.5939327],[95.3843489,5.5938011],[95.3842705,5.5937293],[95.3841425,5.5936597],[95.3840132,5.5936033],[95.3838168,5.5935197],[95.3835913,5.5934503],[95.3834505,5.5934442],[95.3832921,5.5934592],[95.3832218,5.5934646],[95.3829659,5.593484],[95.3828398,5.5935026],[95.3827758,5.5934902],[95.38259,5.5934549],[95.3825016,5.5934466],[95.3824099,5.5934555],[95.3822793,5.5935057],[95.3822068,5.5935252],[95.3821232,5.5935206],[95.3818631,5.5934572],[95.381649,5.5934222],[95.3812077,5.5933528],[95.3810631,5.593366],[95.380817,5.5933691],[95.3807413,5.5933635],[95.3806636,5.593342],[95.3806427,5.5933274],[95.3804913,5.5931845],[95.3804697,5.5931477],[95.3804449,5.5930871],[95.3804219,5.5930127],[95.3801438,5.592922],[95.3798659,5.5928151],[95.379415,5.5926239]]}},{"type":"Feature","properties":{"segmentId":"osm-gaul2-73705-3112119096-6354312945-0","regionId":"gaul2-73705","province":"Nangroe Aceh Darussalam","region":"Kota Bandaaceh","roadName":"Jalan Syiah Kuala","highway":"tertiary","lengthMeters":1594.035,"osmWayIds":["566492747","566492748","677856914","677856915","824405273"],"u":"3112119096","v":"6354312945","key":0,"oneway":false,"source":"OpenStreetMap"},"geometry":{"type":"LineString","coordinates":[[95.3288728,5.59258],[95.3288881,5.5922509],[95.3289056,5.5919987],[95.3289177,5.5917878],[95.3289418,5.591645],[95.3289632,5.5915689],[95.3290124,5.5914919],[95.3290839,5.591386],[95.3295722,5.5907354],[95.3296208,5.5906493],[95.3296323,5.5906243],[95.3296463,5.5905906],[95.3296606,5.5905245],[95.3296896,5.5901861],[95.3296781,5.589767],[95.3296854,5.5896561],[95.3297022,5.5895722],[95.3297257,5.5894914],[95.3297713,5.5893493],[95.3297813,5.5893072],[95.3297881,5.5892634],[95.3297931,5.5886971],[95.3297897,5.5886619],[95.3297827,5.5886339],[95.3297763,5.5886031],[95.3297596,5.5885648],[95.3297307,5.5885115],[95.3295862,5.5883051],[95.3294836,5.588118],[95.329395,5.5878945],[95.3293649,5.5877429],[95.3293494,5.5875458],[95.3293482,5.5872471],[95.3293655,5.5869789],[95.3293642,5.5869252],[95.3293599,5.586897],[95.3293512,5.586857],[95.3293391,5.5868293],[95.3293092,5.5867626],[95.3291825,5.5865376],[95.3290913,5.5863454],[95.3289773,5.5860692],[95.3288582,5.5857908],[95.3287098,5.5854438],[95.3286073,5.5852348],[95.3285294,5.5850401],[95.3285005,5.5848481],[95.3284765,5.5845669],[95.3284732,5.5845277],[95.3284768,5.584376],[95.3285169,5.5837455],[95.3285289,5.5835786],[95.3285733,5.583051],[95.3286052,5.5822511],[95.3286094,5.5821437],[95.328617,5.5819541],[95.3286619,5.5811753],[95.3286937,5.5806251],[95.3287067,5.5803305],[95.3287471,5.5794134],[95.3287522,5.5792981],[95.3287557,5.5790243],[95.3287621,5.5789526],[95.3287933,5.5787802]]}},{"type":"Feature","properties":{"segmentId":"osm-gaul2-73705-3112347405-3055718892-0","regionId":"gaul2-73705","province":"Nangroe Aceh Darussalam","region":"Kota Bandaaceh","roadName":"Jalan Teungku Chik Silang","highway":"tertiary","lengthMeters":1699.663,"osmWayIds":["301504064","654618972","654618973"],"u":"3112347405","v":"3055718892","key":0,"oneway":false,"source":"OpenStreetMap"},"geometry":{"type":"LineString","coordinates":[[95.3696945,5.5848313],[95.3699861,5.584899],[95.3703557,5.5849989],[95.3707948,5.5851023],[95.3709677,5.5851546],[95.3713508,5.5852703],[95.3715657,5.585343],[95.3717229,5.5853897],[95.3722615,5.5855594],[95.3723431,5.5855844],[95.3729153,5.5857658],[95.3732794,5.5858883],[95.3735859,5.585993],[95.3738415,5.5860695],[95.3739166,5.5860966],[95.3742476,5.5861942],[95.3746125,5.5862963],[95.375294,5.5865155],[95.3753279,5.5865366],[95.3753541,5.5865651],[95.3753795,5.5866023],[95.3753784,5.5866384],[95.3753492,5.5867279],[95.3752336,5.5871482],[95.37522,5.5872134],[95.375219,5.5872461],[95.3752231,5.5872741],[95.3752549,5.5873139],[95.375351,5.5873933],[95.3755214,5.5874746],[95.3759247,5.5876198],[95.3763111,5.5877747],[95.3763245,5.5877873],[95.3763311,5.5878045],[95.3763317,5.5878267],[95.3763051,5.5879364],[95.3763056,5.5879665],[95.3763141,5.5879956],[95.3763311,5.5880215],[95.3763741,5.5880571],[95.3764527,5.588112],[95.3765132,5.588161],[95.3765235,5.5881807],[95.3765267,5.5882022],[95.3765238,5.5882301],[95.3765121,5.5882668],[95.3764936,5.5883525],[95.3763518,5.5887957],[95.3763069,5.5890209],[95.3762871,5.5891237],[95.3762413,5.5894827],[95.3762472,5.5895123],[95.3762637,5.5895365],[95.3762793,5.5895481],[95.3762969,5.5895562],[95.3763626,5.5895719],[95.3765177,5.5896015],[95.376838,5.5896536],[95.3771086,5.5897038],[95.3772672,5.5897286],[95.3778702,5.589823],[95.3779713,5.5898458],[95.3782529,5.5898738],[95.3783292,5.5898846],[95.3784596,5.5899212],[95.3784983,5.5899412],[95.3785248,5.589973],[95.3785553,5.5900317],[95.3786464,5.5902635],[95.3787849,5.5905186],[95.3787896,5.5905372],[95.3787933,5.5905818],[95.3786912,5.5912525],[95.3786305,5.5916279],[95.3786248,5.5917074],[95.3786274,5.5917511],[95.3786306,5.5917933],[95.3786638,5.591929],[95.3787196,5.5920184],[95.3787559,5.5920519],[95.3787841,5.5920728],[95.3788278,5.5920923],[95.3789604,5.5921183],[95.3792989,5.5921625],[95.379415,5.5926239]]}},{"type":"Feature","properties":{"segmentId":"osm-gaul2-73705-3112347405-3112348532-0","regionId":"gaul2-73705","province":"Nangroe Aceh Darussalam","region":"Kota Bandaaceh","roadName":"Unnamed OSM road","highway":"tertiary","lengthMeters":988.45,"osmWayIds":["306353762"],"u":"3112347405","v":"3112348532","key":0,"oneway":false,"source":"OpenStreetMap"},"geometry":{"type":"LineString","coordinates":[[95.3696945,5.5848313],[95.3695414,5.5852977],[95.3695244,5.5853684],[95.3695272,5.5854394],[95.3695265,5.5855339],[95.3694959,5.5856703],[95.3694397,5.5858878],[95.3693985,5.5861405],[95.3694202,5.5863276],[95.3694004,5.5864944],[95.3693023,5.5869017],[95.3692175,5.5872291],[95.3692118,5.5872414],[95.3691389,5.5875073],[95.369103,5.587696],[95.3690367,5.5879974],[95.369008,5.5881279],[95.3689389,5.5884783],[95.3689249,5.5885584],[95.3688836,5.5887947],[95.368835,5.5890008],[95.3687818,5.5890799],[95.3687469,5.5891164],[95.3687062,5.5891523],[95.3686744,5.5891616],[95.3686338,5.5891688],[95.3685386,5.5891644],[95.3683504,5.5891492],[95.3682685,5.5891496],[95.3682227,5.5891564],[95.3681837,5.5891693],[95.3681336,5.5891938],[95.3680873,5.5892262],[95.3679626,5.589364],[95.3678633,5.5895128],[95.3677383,5.5897137],[95.3675662,5.5899903],[95.3673998,5.5902714],[95.3671813,5.5906663],[95.3671757,5.590686],[95.3671753,5.5907033],[95.3671794,5.5907467],[95.3671794,5.5907908],[95.3671602,5.5908558],[95.3671348,5.5909093],[95.367115,5.5909512],[95.3670398,5.5910937],[95.36695,5.5912452],[95.3668428,5.5914462],[95.366826,5.5914889],[95.366604,5.5920882],[95.3664899,5.5923823],[95.3664214,5.5925819]]}},{"type":"Feature","properties":{"segmentId":"osm-gaul2-73705-3112347405-6134126405-0","regionId":"gaul2-73705","province":"Nangroe Aceh Darussalam","region":"Kota Bandaaceh","roadName":"Jalan Hasan Krueng Kalee","highway":"tertiary","lengthMeters":1790.4,"osmWayIds":["654618973","655642875"],"u":"3112347405","v":"6134126405","key":0,"oneway":false,"source":"OpenStreetMap"},"geometry":{"type":"LineString","coordinates":[[95.3696945,5.5848313],[95.3694987,5.5847849],[95.3686235,5.5845833],[95.3683221,5.5845001],[95.3678614,5.5843729],[95.3677987,5.5843489],[95.3676886,5.5843139],[95.3676092,5.5842833],[95.3675247,5.5842319],[95.3674974,5.5842091],[95.3674831,5.5841898],[95.3674717,5.5841418],[95.3674725,5.584116],[95.3675666,5.5837152],[95.3675079,5.5836933],[95.3673813,5.5836539],[95.3671153,5.5835763],[95.3668034,5.5834944],[95.366527,5.5834259],[95.3665024,5.5834225],[95.3663473,5.5833785],[95.3663102,5.5833566],[95.3662615,5.583326],[95.3661462,5.5832172],[95.3659383,5.5830176],[95.3653898,5.5825905],[95.36533,5.5825553],[95.3652631,5.582526],[95.3651563,5.5824674],[95.3649981,5.5823893],[95.3648914,5.5823446],[95.3646893,5.5822382],[95.3645429,5.5821526],[95.364417,5.5820709],[95.3639245,5.5816583],[95.3636467,5.5814476],[95.3635354,5.5813688],[95.3633854,5.5812327],[95.3632815,5.5811295],[95.3629655,5.5807429],[95.3624506,5.5800978],[95.3623053,5.5799068],[95.3621052,5.5796407],[95.3618579,5.5793187],[95.3615924,5.5789318],[95.3612047,5.5784251],[95.3611152,5.5783154],[95.3605817,5.5776974],[95.3603156,5.577386],[95.3602696,5.5773203],[95.3602291,5.5772505],[95.3602197,5.5772163],[95.360225,5.5770306],[95.3602552,5.5766478],[95.360266,5.5764036],[95.3603035,5.5761046],[95.3603653,5.5753789],[95.3604058,5.5749072],[95.3604314,5.5746359],[95.3604658,5.5744162],[95.3604939,5.5743272],[95.3605235,5.5742479],[95.3605579,5.5741849],[95.3606026,5.5741132],[95.3606624,5.5740035]]}},{"type":"Feature","properties":{"segmentId":"osm-gaul2-73705-3112348532-3110402350-0","regionId":"gaul2-73705","province":"Nangroe Aceh Darussalam","region":"Kota Bandaaceh","roadName":"Jalan Laksamana Malahayati","highway":"trunk","lengthMeters":1410.142,"osmWayIds":["1180114590"],"u":"3112348532","v":"3110402350","key":0,"oneway":false,"source":"OpenStreetMap"},"geometry":{"type":"LineString","coordinates":[[95.3664214,5.5925819],[95.3664584,5.5926036],[95.3667811,5.5927661],[95.367183,5.5929685],[95.3676276,5.5931861],[95.3680488,5.5933942],[95.3680926,5.5934188],[95.3685247,5.5936186],[95.3688431,5.5937811],[95.3691455,5.5939265],[95.3697089,5.5942023],[95.3697587,5.5942269],[95.3698069,5.5942506],[95.3703126,5.5944999],[95.370541,5.5946125],[95.3707312,5.5947177],[95.3709435,5.5948351],[95.3713897,5.5951137],[95.3716922,5.5953101],[95.3720823,5.5955477],[95.3723351,5.5957119],[95.3727603,5.5959747],[95.373098,5.5961807],[95.3735551,5.5964654],[95.3740451,5.5967738],[95.374788,5.5972413],[95.3751891,5.5974832],[95.3757343,5.5978301],[95.3762182,5.5981223],[95.3762983,5.5981744],[95.3766154,5.59839],[95.3768508,5.5985654],[95.3774005,5.5989751]]}},{"type":"Feature","properties":{"segmentId":"osm-gaul2-73705-3112348532-3112347405-0","regionId":"gaul2-73705","province":"Nangroe Aceh Darussalam","region":"Kota Bandaaceh","roadName":"Unnamed OSM road","highway":"tertiary","lengthMeters":988.45,"osmWayIds":["306353762"],"u":"3112348532","v":"3112347405","key":0,"oneway":false,"source":"OpenStreetMap"},"geometry":{"type":"LineString","coordinates":[[95.3664214,5.5925819],[95.3664899,5.5923823],[95.366604,5.5920882],[95.366826,5.5914889],[95.3668428,5.5914462],[95.36695,5.5912452],[95.3670398,5.5910937],[95.367115,5.5909512],[95.3671348,5.5909093],[95.3671602,5.5908558],[95.3671794,5.5907908],[95.3671794,5.5907467],[95.3671753,5.5907033],[95.3671757,5.590686],[95.3671813,5.5906663],[95.3673998,5.5902714],[95.3675662,5.5899903],[95.3677383,5.5897137],[95.3678633,5.5895128],[95.3679626,5.589364],[95.3680873,5.5892262],[95.3681336,5.5891938],[95.3681837,5.5891693],[95.3682227,5.5891564],[95.3682685,5.5891496],[95.3683504,5.5891492],[95.3685386,5.5891644],[95.3686338,5.5891688],[95.3686744,5.5891616],[95.3687062,5.5891523],[95.3687469,5.5891164],[95.3687818,5.5890799],[95.368835,5.5890008],[95.3688836,5.5887947],[95.3689249,5.5885584],[95.3689389,5.5884783],[95.369008,5.5881279],[95.3690367,5.5879974],[95.369103,5.587696],[95.3691389,5.5875073],[95.3692118,5.5872414],[95.3692175,5.5872291],[95.3693023,5.5869017],[95.3694004,5.5864944],[95.3694202,5.5863276],[95.3693985,5.5861405],[95.3694397,5.5858878],[95.3694959,5.5856703],[95.3695265,5.5855339],[95.3695272,5.5854394],[95.3695244,5.5853684],[95.3695414,5.5852977],[95.3696945,5.5848313]]}},{"type":"Feature","properties":{"segmentId":"osm-gaul2-73705-3112348532-6351488915-0","regionId":"gaul2-73705","province":"Nangroe Aceh Darussalam","region":"Kota Bandaaceh","roadName":"Jalan Laksamana Malahayati","highway":"trunk","lengthMeters":1149.554,"osmWayIds":["1180114590"],"u":"3112348532","v":"6351488915","key":0,"oneway":false,"source":"OpenStreetMap"},"geometry":{"type":"LineString","coordinates":[[95.3664214,5.5925819],[95.3661997,5.5924765],[95.3660007,5.5923839],[95.3659214,5.5923452],[95.3657012,5.5922196],[95.3654713,5.5920963],[95.3653348,5.5920283],[95.3652004,5.5919466],[95.3644733,5.5914866],[95.3643075,5.5913762],[95.3641922,5.5912994],[95.3637517,5.591002],[95.3635179,5.5908441],[95.3631245,5.5905678],[95.3630286,5.5905065],[95.3627323,5.5903049],[95.3622092,5.5899539],[95.3613858,5.5894133],[95.360823,5.5890377],[95.3607538,5.5889947],[95.3599762,5.5884736],[95.3596308,5.5882509],[95.3592142,5.5879698],[95.3590131,5.5878378],[95.3586456,5.5875952],[95.3584453,5.587472],[95.3581231,5.5872537],[95.3580581,5.5872078],[95.3578266,5.5870568],[95.3576931,5.5869948]]}},{"type":"Feature","properties":{"segmentId":"osm-gaul2-73705-3128347949-1565007543-0","regionId":"gaul2-73705","province":"Nangroe Aceh Darussalam","region":"Kota Bandaaceh","roadName":"Jalan T. Iskandar","highway":"tertiary","lengthMeters":2229.86,"osmWayIds":["43326785"],"u":"3128347949","v":"1565007543","key":0,"oneway":false,"source":"OpenStreetMap"},"geometry":{"type":"LineString","coordinates":[[95.357913,5.5502991],[95.3579767,5.5502304],[95.3586667,5.5497045],[95.3588994,5.549525],[95.3591629,5.5492778],[95.3592737,5.5491916],[95.360518,5.5482238],[95.3608366,5.5479756],[95.3609535,5.5478931],[95.3611436,5.5477429],[95.361837,5.547186],[95.3631096,5.5462091],[95.3633141,5.5460624],[95.3641821,5.545349],[95.3645346,5.545082],[95.3648497,5.5448453],[95.3656209,5.5442558],[95.3658535,5.5440336],[95.3660017,5.5438486],[95.3660718,5.5437675],[95.3661043,5.543726],[95.3664404,5.5432969],[95.3669357,5.5426087],[95.3673014,5.542118],[95.3674133,5.5419723],[95.3677414,5.541541],[95.3678356,5.5414175],[95.3685519,5.5404412],[95.3688061,5.5400917],[95.3690267,5.5397846],[95.3690692,5.5397207],[95.3695889,5.538971],[95.369672,5.5388456],[95.3696953,5.5386114],[95.3696966,5.538554],[95.3696646,5.5379651],[95.369574,5.5370296],[95.3695593,5.5368135],[95.3695388,5.5364338],[95.3695324,5.5363592],[95.3695411,5.5362901],[95.3695478,5.5362367],[95.3695639,5.5361793],[95.3696189,5.5360498],[95.3697207,5.5359275],[95.3697691,5.5358803],[95.3698361,5.5358349],[95.3699112,5.5358042],[95.3699836,5.5357815],[95.3700574,5.5357668],[95.3702317,5.5357535]]}},{"type":"Feature","properties":{"segmentId":"osm-gaul2-73705-3128347949-7698044442-0","regionId":"gaul2-73705","province":"Nangroe Aceh Darussalam","region":"Kota Bandaaceh","roadName":"Jalan T. Iskandar","highway":"tertiary","lengthMeters":224.77,"osmWayIds":["1145541502"],"u":"3128347949","v":"7698044442","key":0,"oneway":true,"source":"OpenStreetMap"},"geometry":{"type":"LineString","coordinates":[[95.357913,5.5502991],[95.3577821,5.5503967],[95.3570357,5.5509767],[95.3566247,5.5512955],[95.356592,5.5513116],[95.356548,5.5513312],[95.3563565,5.5513782],[95.3562394,5.5513693]]}},{"type":"Feature","properties":{"segmentId":"osm-gaul2-73705-3149496196-3149496198-0","regionId":"gaul2-73705","province":"Nangroe Aceh Darussalam","region":"Kota Bandaaceh","roadName":"Unnamed OSM road","highway":"secondary","lengthMeters":11.794,"osmWayIds":["309613601"],"u":"3149496196","v":"3149496198","key":0,"oneway":false,"source":"OpenStreetMap"},"geometry":{"type":"LineString","coordinates":[[95.3209272,5.5546457],[95.3210188,5.5545915]]}},{"type":"Feature","properties":{"segmentId":"osm-gaul2-73705-3149496196-765045885-0","regionId":"gaul2-73705","province":"Nangroe Aceh Darussalam","region":"Kota Bandaaceh","roadName":"Unnamed OSM road","highway":"trunk","lengthMeters":161.966,"osmWayIds":["309613599"],"u":"3149496196","v":"765045885","key":0,"oneway":true,"source":"OpenStreetMap"},"geometry":{"type":"LineString","coordinates":[[95.3209272,5.5546457],[95.3215742,5.5557335],[95.32167,5.5559007]]}},{"type":"Feature","properties":{"segmentId":"osm-gaul2-73705-3149496198-2801548937-0","regionId":"gaul2-73705","province":"Nangroe Aceh Darussalam","region":"Kota Bandaaceh","roadName":"Jalan Diponegoro","highway":"trunk","lengthMeters":197.325,"osmWayIds":["275515295","43175655","43175656"],"u":"3149496198","v":"2801548937","key":0,"oneway":true,"source":"OpenStreetMap"},"geometry":{"type":"LineString","coordinates":[[95.3210188,5.5545915],[95.3209876,5.5545386],[95.3204815,5.553746],[95.3203475,5.553531],[95.3202917,5.5534039],[95.3202413,5.5530248]]}},{"type":"Feature","properties":{"segmentId":"osm-gaul2-73705-3149496198-3149496196-0","regionId":"gaul2-73705","province":"Nangroe Aceh Darussalam","region":"Kota Bandaaceh","roadName":"Unnamed OSM road","highway":"secondary","lengthMeters":11.794,"osmWayIds":["309613601"],"u":"3149496198","v":"3149496196","key":0,"oneway":false,"source":"OpenStreetMap"},"geometry":{"type":"LineString","coordinates":[[95.3210188,5.5545915],[95.3209272,5.5546457]]}},{"type":"Feature","properties":{"segmentId":"osm-gaul2-73705-3149496214-544505071-0","regionId":"gaul2-73705","province":"Nangroe Aceh Darussalam","region":"Kota Bandaaceh","roadName":"Unnamed OSM road","highway":"secondary_link","lengthMeters":9.496,"osmWayIds":["309613609"],"u":"3149496214","v":"544505071","key":0,"oneway":false,"source":"OpenStreetMap"},"geometry":{"type":"LineString","coordinates":[[95.3190271,5.5567686],[95.3191129,5.5567679]]}},{"type":"Feature","properties":{"segmentId":"osm-gaul2-73705-3149496214-6350187337-0","regionId":"gaul2-73705","province":"Nangroe Aceh Darussalam","region":"Kota Bandaaceh","roadName":"Jalan Ahmad Yani","highway":"secondary","lengthMeters":94.928,"osmWayIds":["1132346417","761636829"],"u":"3149496214","v":"6350187337","key":0,"oneway":true,"source":"OpenStreetMap"},"geometry":{"type":"LineString","coordinates":[[95.3190271,5.5567686],[95.3190163,5.5574506],[95.3190205,5.5574944],[95.3190285,5.5575384],[95.3190581,5.5576159]]}},{"type":"Feature","properties":{"segmentId":"osm-gaul2-73705-3162488398-1565007621-0","regionId":"gaul2-73705","province":"Nangroe Aceh Darussalam","region":"Kota Bandaaceh","roadName":"Unnamed OSM road","highway":"tertiary","lengthMeters":5.575,"osmWayIds":["819049301"],"u":"3162488398","v":"1565007621","key":0,"oneway":false,"source":"OpenStreetMap"},"geometry":{"type":"LineString","coordinates":[[95.3691899,5.5632619],[95.369185,5.563212]]}},{"type":"Feature","properties":{"segmentId":"osm-gaul2-73705-3162488398-3162488405-0","regionId":"gaul2-73705","province":"Nangroe Aceh Darussalam","region":"Kota Bandaaceh","roadName":"Unnamed OSM road","highway":"tertiary","lengthMeters":355.419,"osmWayIds":["310763408"],"u":"3162488398","v":"3162488405","key":0,"oneway":true,"source":"OpenStreetMap"},"geometry":{"type":"LineString","coordinates":[[95.3691899,5.5632619],[95.3692415,5.5632639],[95.3693815,5.5632921],[95.3694638,5.5633119],[95.3697808,5.563406],[95.3701538,5.5634884],[95.3704885,5.5635699],[95.3706253,5.5636085],[95.3706894,5.5636295],[95.3707914,5.5636722],[95.3708357,5.5636992],[95.3708701,5.5637232],[95.3709095,5.5637624],[95.3709833,5.5638519],[95.3712704,5.5642972],[95.3713495,5.564408],[95.3714253,5.5644988],[95.3714838,5.5645572],[95.3715758,5.5646289],[95.3716895,5.564698],[95.3718387,5.5647767]]}},{"type":"Feature","properties":{"segmentId":"osm-gaul2-73705-3162488405-7587942392-0","regionId":"gaul2-73705","province":"Nangroe Aceh Darussalam","region":"Kota Bandaaceh","roadName":"Jalan Hasan Krueng Kalee","highway":"tertiary","lengthMeters":496.039,"osmWayIds":["1010854420","677882471"],"u":"3162488405","v":"7587942392","key":0,"oneway":true,"source":"OpenStreetMap"},"geometry":{"type":"LineString","coordinates":[[95.3718387,5.5647767],[95.3718223,5.5648491],[95.3717857,5.5651872],[95.3717807,5.5653217],[95.3717794,5.5657167],[95.3717824,5.5659417],[95.3717861,5.5660017],[95.3718206,5.5665827],[95.3718477,5.5670289],[95.3718507,5.5670679],[95.3718904,5.5676608],[95.3719142,5.5680383],[95.3719155,5.5681287],[95.371959,5.5688486],[95.3719758,5.569228]]}},{"type":"Feature","properties":{"segmentId":"osm-gaul2-73705-3162488405-9326046426-0","regionId":"gaul2-73705","province":"Nangroe Aceh Darussalam","region":"Kota Bandaaceh","roadName":"Unnamed OSM road","highway":"tertiary","lengthMeters":6.759,"osmWayIds":["310763408"],"u":"3162488405","v":"9326046426","key":0,"oneway":true,"source":"OpenStreetMap"},"geometry":{"type":"LineString","coordinates":[[95.3718387,5.5647767],[95.3718939,5.5648027]]}},{"type":"Feature","properties":{"segmentId":"osm-gaul2-73705-3162488427-3162488435-0","regionId":"gaul2-73705","province":"Nangroe Aceh Darussalam","region":"Kota Bandaaceh","roadName":"Jalan Teuku Nyak Arief","highway":"secondary","lengthMeters":7.91,"osmWayIds":["143025557","310763410"],"u":"3162488427","v":"3162488435","key":0,"oneway":false,"source":"OpenStreetMap"},"geometry":{"type":"LineString","coordinates":[[95.3776874,5.5691111],[95.377728,5.5691036],[95.3777562,5.5690929]]}},{"type":"Feature","properties":{"segmentId":"osm-gaul2-73705-3162488427-7587942395-0","regionId":"gaul2-73705","province":"Nangroe Aceh Darussalam","region":"Kota Bandaaceh","roadName":"Jalan Teuku Nyak Arief","highway":"secondary","lengthMeters":683.313,"osmWayIds":["310763410"],"u":"3162488427","v":"7587942395","key":0,"oneway":false,"source":"OpenStreetMap"},"geometry":{"type":"LineString","coordinates":[[95.3776874,5.5691111],[95.3775615,5.5692186],[95.3773498,5.5694514],[95.3769785,5.5698243],[95.3764705,5.5703789],[95.3763734,5.570479],[95.376295,5.5705256],[95.3762032,5.5705536],[95.3758236,5.5705977],[95.3747705,5.5706996],[95.3747391,5.570703],[95.3742792,5.5707469],[95.3740867,5.5707599],[95.3738336,5.5707864],[95.373589,5.5708312],[95.3728349,5.5711126],[95.3722396,5.5713698]]}},{"type":"Feature","properties":{"segmentId":"osm-gaul2-73705-3162488435-3162488427-0","regionId":"gaul2-73705","province":"Nangroe Aceh Darussalam","region":"Kota Bandaaceh","roadName":"Jalan Teuku Nyak Arief","highway":"secondary","lengthMeters":7.91,"osmWayIds":["143025557","310763410"],"u":"3162488435","v":"3162488427","key":0,"oneway":false,"source":"OpenStreetMap"},"geometry":{"type":"LineString","coordinates":[[95.3777562,5.5690929],[95.377728,5.5691036],[95.3776874,5.5691111]]}},{"type":"Feature","properties":{"segmentId":"osm-gaul2-73705-3162488435-553312141-0","regionId":"gaul2-73705","province":"Nangroe Aceh Darussalam","region":"Kota Bandaaceh","roadName":"Unnamed OSM road","highway":"secondary","lengthMeters":629.767,"osmWayIds":["143025557"],"u":"3162488435","v":"553312141","key":0,"oneway":false,"source":"OpenStreetMap"},"geometry":{"type":"LineString","coordinates":[[95.3777562,5.5690929],[95.3778724,5.5690582],[95.3782007,5.5690386],[95.3785508,5.5690313],[95.3786782,5.569037],[95.3792882,5.5690356],[95.3793757,5.5690325],[95.3797412,5.5690296],[95.3801382,5.5690252],[95.3805316,5.5690326],[95.3808931,5.5690348],[95.3811311,5.5690446],[95.3818875,5.5690766],[95.3821756,5.5690851],[95.383047,5.5691108],[95.3831655,5.5691167],[95.383244,5.5691334],[95.383328,5.5691731],[95.3834148,5.5692231]]}},{"type":"Feature","properties":{"segmentId":"osm-gaul2-73705-3162488435-9326046425-0","regionId":"gaul2-73705","province":"Nangroe Aceh Darussalam","region":"Kota Bandaaceh","roadName":"Jalan Lingkar","highway":"tertiary","lengthMeters":884.452,"osmWayIds":["43718605"],"u":"3162488435","v":"9326046425","key":0,"oneway":true,"source":"OpenStreetMap"},"geometry":{"type":"LineString","coordinates":[[95.3777562,5.5690929],[95.377345,5.5682491],[95.3771166,5.5677586],[95.377073,5.5676896],[95.3770221,5.5676215],[95.3769654,5.5675668],[95.3769034,5.5675227],[95.3765503,5.5672534],[95.3764729,5.567199],[95.3763914,5.5671346],[95.3763663,5.5671113],[95.3763411,5.5670802],[95.3763083,5.5670242],[95.3761473,5.5666838],[95.3759046,5.566258],[95.375798,5.5661025],[95.3757106,5.5659991],[95.3755163,5.5657488],[95.3754352,5.5656907],[95.3753557,5.5656413],[95.3753031,5.5656233],[95.3752344,5.5656053],[95.3751418,5.5655893],[95.3750191,5.5655769],[95.3747707,5.5655666],[95.3741384,5.5655619],[95.3737387,5.5655526],[95.3735325,5.5655569],[95.3732324,5.5655466],[95.3731409,5.5655366],[95.3730192,5.5654925],[95.3729743,5.5654675],[95.3729327,5.5654384],[95.3725592,5.5651588],[95.3721225,5.5648458],[95.3720727,5.5648171],[95.3719134,5.5647419]]}},{"type":"Feature","properties":{"segmentId":"osm-gaul2-73705-3357948372-3071726148-0","regionId":"gaul2-73705","province":"Nangroe Aceh Darussalam","region":"Kota Bandaaceh","roadName":"Unnamed OSM road","highway":"tertiary","lengthMeters":2656.745,"osmWayIds":["302889059"],"u":"3357948372","v":"3071726148","key":0,"oneway":false,"source":"OpenStreetMap"},"geometry":{"type":"LineString","coordinates":[[95.3545845,5.485951],[95.3545482,5.4863179],[95.3545217,5.4864377],[95.3544945,5.4865349],[95.3544241,5.4866837],[95.3543572,5.4868688],[95.3543414,5.4870132],[95.3541989,5.4878935],[95.3541121,5.4884803],[95.3540694,5.4889431],[95.3539417,5.4900282],[95.3538627,5.4907435],[95.3537898,5.4912422],[95.3537863,5.4913585],[95.3537994,5.4914245],[95.3538252,5.4914849],[95.3538621,5.4915371],[95.3540553,5.4917509],[95.3542999,5.4920079],[95.3545851,5.4923239],[95.3550584,5.4928697],[95.3554505,5.4932909],[95.3555964,5.4934326],[95.355789,5.4935893],[95.3558459,5.4936326],[95.3561735,5.4938591],[95.3564559,5.4940753],[95.3566707,5.4942613],[95.3566885,5.4942656],[95.3569199,5.4944731],[95.3570591,5.494604],[95.3575453,5.4950583],[95.3575674,5.4950916],[95.3575824,5.4951248],[95.3575904,5.495166],[95.3575776,5.4954808],[95.357559,5.4958052],[95.3575534,5.4960591],[95.3575623,5.4963901],[95.3575593,5.4966095],[95.3574537,5.4975155],[95.3573826,5.4981509],[95.3573088,5.4986942],[95.3572485,5.4992842],[95.3571359,5.4999051],[95.3569893,5.5006506],[95.3568274,5.5013694],[95.3566622,5.5020917],[95.3566048,5.502364],[95.3564706,5.5029593],[95.3563486,5.5036083],[95.3562084,5.5042708],[95.3559892,5.5053328],[95.3559775,5.5053915],[95.3557367,5.5065944],[95.3556834,5.5068666],[95.3556566,5.5070028],[95.3555872,5.5073962],[95.3555783,5.5075579],[95.3556217,5.5077835],[95.3556711,5.5079642]]}},{"type":"Feature","properties":{"segmentId":"osm-gaul2-73705-3377380694-6349280622-0","regionId":"gaul2-73705","province":"Nangroe Aceh Darussalam","region":"Kota Bandaaceh","roadName":"Unnamed OSM road","highway":"trunk_link","lengthMeters":64.623,"osmWayIds":["330740924"],"u":"3377380694","v":"6349280622","key":0,"oneway":true,"source":"OpenStreetMap"},"geometry":{"type":"LineString","coordinates":[[95.3301979,5.5318378],[95.3301542,5.5320332],[95.3301233,5.5321233],[95.3300898,5.5321961],[95.3300428,5.5322702],[95.3299677,5.5323616]]}},{"type":"Feature","properties":{"segmentId":"osm-gaul2-73705-3377380694-6350446544-0","regionId":"gaul2-73705","province":"Nangroe Aceh Darussalam","region":"Kota Bandaaceh","roadName":"Jalan Teuku Muhammad Hasan","highway":"trunk","lengthMeters":57.503,"osmWayIds":["43175161"],"u":"3377380694","v":"6350446544","key":0,"oneway":true,"source":"OpenStreetMap"},"geometry":{"type":"LineString","coordinates":[[95.3301979,5.5318378],[95.3301917,5.5323549]]}},{"type":"Feature","properties":{"segmentId":"osm-gaul2-73705-3377380695-3107886772-0","regionId":"gaul2-73705","province":"Nangroe Aceh Darussalam","region":"Kota Bandaaceh","roadName":"Jalan Teuku Muhammad Hasan","highway":"trunk","lengthMeters":216.974,"osmWayIds":["111972657"],"u":"3377380695","v":"3107886772","key":0,"oneway":true,"source":"OpenStreetMap"},"geometry":{"type":"LineString","coordinates":[[95.3302889,5.5318911],[95.3302919,5.5310681],[95.3302789,5.5300269],[95.3302784,5.5299399]]}},{"type":"Feature","properties":{"segmentId":"osm-gaul2-73705-3377380707-3107886768-0","regionId":"gaul2-73705","province":"Nangroe Aceh Darussalam","region":"Kota Bandaaceh","roadName":"Jalan Teuku Muhammad Hasan","highway":"trunk","lengthMeters":489.549,"osmWayIds":["43175161"],"u":"3377380707","v":"3107886768","key":0,"oneway":true,"source":"OpenStreetMap"},"geometry":{"type":"LineString","coordinates":[[95.3301968,5.5328379],[95.3301904,5.53332],[95.3301896,5.5338091],[95.3301789,5.5345038],[95.3301741,5.5352785],[95.3301555,5.5360454],[95.3301477,5.5368245],[95.3301445,5.5372401]]}},{"type":"Feature","properties":{"segmentId":"osm-gaul2-73705-4194086492-3107520819-0","regionId":"gaul2-73705","province":"Nangroe Aceh Darussalam","region":"Kota Bandaaceh","roadName":"Unnamed OSM road","highway":"tertiary","lengthMeters":5325.671,"osmWayIds":["306180659","654630229","654630230"],"u":"4194086492","v":"3107520819","key":0,"oneway":false,"source":"OpenStreetMap"},"geometry":{"type":"LineString","coordinates":[[95.3362398,5.4796379],[95.3356738,5.4802947],[95.3356232,5.4803773],[95.335601,5.4804207],[95.3355853,5.4804522],[95.3353187,5.4810808],[95.335249,5.4811903],[95.3351659,5.4813051],[95.3351028,5.4813649],[95.335021,5.48146],[95.334946,5.4815267],[95.3346241,5.4817523],[95.3345168,5.4818391],[95.334431,5.4819218],[95.3342284,5.4821315],[95.3341238,5.4822169],[95.3339709,5.4822877],[95.3338167,5.482341],[95.3322114,5.4827215],[95.3320464,5.4827642],[95.3307295,5.4832328],[95.3298819,5.4835252],[95.3297076,5.4836039],[95.3292918,5.4838242],[95.3287379,5.4841606],[95.3284603,5.4843595],[95.328117,5.4846626],[95.3279266,5.4848214],[95.327362,5.4852646],[95.3271005,5.4854382],[95.3269435,5.4855356],[95.3267692,5.4856291],[95.3258197,5.4860696],[95.3256293,5.4861884],[95.325534,5.4862712],[95.3254388,5.4863593],[95.3253436,5.4864401],[95.3253034,5.4864734],[95.3252202,5.4865328],[95.3248675,5.4867104],[95.3248249,5.4867306],[95.3246831,5.4868208],[95.3243982,5.4870368],[95.3240967,5.4872764],[95.3239968,5.4874233],[95.3239636,5.4874913],[95.3238939,5.4876802],[95.3238606,5.4877824],[95.3237591,5.4880866],[95.3232718,5.4889598],[95.3231687,5.489137],[95.3230646,5.4893983],[95.3230421,5.489441],[95.3227024,5.4905899],[95.3224509,5.4912153],[95.3223065,5.4916105],[95.3221962,5.4919002],[95.3221552,5.4920137],[95.3220286,5.4924439],[95.3218481,5.4930495],[95.3217384,5.4934199],[95.3217183,5.4934699],[95.3216901,5.493518],[95.3216138,5.4936717],[95.3215097,5.4937556],[95.3213971,5.4939064],[95.3212768,5.4940267],[95.320989,5.4941621],[95.3204573,5.494373],[95.3201577,5.4944488],[95.3199938,5.4944665],[95.3193542,5.4945245],[95.3184169,5.49451],[95.3179394,5.4944785],[95.3174351,5.4944386],[95.317308,5.4944273],[95.3169966,5.4944291],[95.3166626,5.4944451],[95.3159846,5.494485],[95.3158444,5.494484],[95.3157975,5.4944799],[95.3155138,5.4944387],[95.3151432,5.494369],[95.3147019,5.4942769],[95.3140782,5.494062],[95.3137277,5.493971],[95.313556,5.4939358],[95.3133145,5.4938967],[95.313114,5.4938565],[95.3126371,5.4937757],[95.3121161,5.4936669],[95.3115186,5.4935439],[95.3110528,5.4934612],[95.3106576,5.493397],[95.3101663,5.4933304],[95.3095946,5.4932419],[95.3095573,5.4932495],[95.3094968,5.4932899],[95.3094789,5.493329],[95.3094748,5.4933694],[95.3094774,5.4939044],[95.3094753,5.4939776],[95.3094689,5.4942021],[95.3094641,5.494429],[95.3094609,5.4945785],[95.3094582,5.4947254],[95.3094408,5.4949516],[95.3094233,5.4951079],[95.3093925,5.4951466],[95.3093603,5.4951573],[95.3076518,5.4951231],[95.3073312,5.4951051],[95.3056428,5.4950825],[95.3054892,5.495073],[95.3051537,5.4950725],[95.3047872,5.4950764],[95.304075,5.4950604],[95.3039368,5.4950504],[95.3036955,5.4950478],[95.3035134,5.4950399],[95.3034072,5.4950672],[95.3033535,5.4950891],[95.3032905,5.4951292],[95.3032435,5.4951686],[95.3031309,5.4952827],[95.3030933,5.4953248],[95.303041,5.4953936],[95.3030035,5.495449],[95.3029324,5.4955858],[95.3028949,5.4957039],[95.302868,5.4958634],[95.3028613,5.4959336],[95.3028559,5.4963133],[95.3028542,5.4965304],[95.3029002,5.4973566],[95.3029096,5.497703],[95.3029203,5.4981482],[95.3029177,5.4983204],[95.3029457,5.4990325],[95.3029539,5.4994645],[95.3029509,5.499893],[95.3029436,5.4999856],[95.3029341,5.5000555],[95.3029197,5.5001279],[95.3029026,5.5001907],[95.3028654,5.5002803],[95.3028414,5.5003143],[95.3028231,5.5003332],[95.3027569,5.5003779],[95.3026813,5.5004128],[95.3025011,5.5004592],[95.3024384,5.5004842],[95.3023602,5.5005123]]}},{"type":"Feature","properties":{"segmentId":"osm-gaul2-73705-4194086623-544500659-0","regionId":"gaul2-73705","province":"Nangroe Aceh Darussalam","region":"Kota Bandaaceh","roadName":"Unnamed OSM road","highway":"secondary","lengthMeters":4327.893,"osmWayIds":["550576006"],"u":"4194086623","v":"544500659","key":0,"oneway":false,"source":"OpenStreetMap"},"geometry":{"type":"LineString","coordinates":[[95.338178,5.480966],[95.3376509,5.4821248],[95.3374688,5.4824954],[95.337325,5.4828083],[95.3371896,5.4831147],[95.337081,5.4833356],[95.3368919,5.4837067],[95.3368174,5.4838865],[95.3366022,5.4844062],[95.3363318,5.4852245],[95.3361341,5.4856998],[95.335767,5.4866474],[95.3354838,5.4874576],[95.3353177,5.4879644],[95.3348221,5.4892606],[95.3346751,5.4896816],[95.3344477,5.4902828],[95.3343343,5.4905982],[95.3341919,5.4910375],[95.3337484,5.4922603],[95.333541,5.4928323],[95.3334463,5.4931105],[95.3333406,5.4936201],[95.3332508,5.4940774],[95.3332108,5.4943913],[95.3331046,5.494935],[95.3330673,5.4950696],[95.3329249,5.4958334],[95.3327736,5.4966154],[95.3326687,5.4971523],[95.3325484,5.4977312],[95.3325239,5.4978754],[95.3324684,5.4980155],[95.3323777,5.4981656],[95.3323415,5.4981943],[95.332233,5.4982905],[95.3319345,5.4985284],[95.3315087,5.4988864],[95.331474,5.4989246],[95.3312525,5.4992188],[95.3311747,5.4993004],[95.3310879,5.4993661],[95.3309922,5.4994386],[95.330822,5.4995993],[95.3306973,5.4997314],[95.33063,5.4997917],[95.3305107,5.4998554],[95.330299,5.4999504],[95.3301407,5.5000278],[95.3300145,5.5000854],[95.3299064,5.5001472],[95.3298537,5.5001907],[95.3298201,5.5002282],[95.3298055,5.5002547],[95.3297919,5.5002998],[95.3298001,5.5003669],[95.3298218,5.5004101],[95.3299905,5.5006739],[95.3300563,5.5007735],[95.3301193,5.5008688],[95.3302722,5.5010837],[95.3303607,5.5012412],[95.3304841,5.5014909],[95.3305793,5.5016951],[95.3306632,5.5018505],[95.330708,5.5019074],[95.3307605,5.5019557],[95.3308947,5.5020933],[95.3309286,5.5021439],[95.3309597,5.5021904],[95.3310288,5.5023887],[95.3310454,5.5025613],[95.3310312,5.5027217],[95.3310089,5.5027658],[95.3309736,5.5028179],[95.3308448,5.5029318],[95.3306998,5.5031068],[95.3306117,5.5032201],[95.3305454,5.5033417],[95.3305008,5.503527],[95.330472,5.5037696],[95.3304428,5.5040883],[95.3303846,5.5042877],[95.3302826,5.5044945],[95.3301566,5.5046551],[95.3300356,5.5047579],[95.3298926,5.5048576],[95.3295587,5.5051179],[95.329375,5.5052994],[95.3292893,5.5053928],[95.3292127,5.5054663],[95.3291376,5.5055504],[95.329096,5.5056131],[95.3290571,5.5056959],[95.329036,5.505842],[95.3290742,5.5059768],[95.3291387,5.5061662],[95.329169,5.5062704],[95.3291794,5.5063666],[95.3291747,5.5064471],[95.329117,5.5065785],[95.3289814,5.506778],[95.3289531,5.5068427],[95.3289352,5.507117],[95.3289429,5.5074371],[95.3289601,5.5077521],[95.3289906,5.5079324],[95.3290276,5.5080704],[95.3290438,5.5081215],[95.3291205,5.5085175],[95.3291354,5.5086538],[95.3291706,5.5090196],[95.3292057,5.5094235],[95.3292265,5.5097413],[95.3292354,5.5101871],[95.3292158,5.5104087],[95.3291776,5.5105751],[95.3290737,5.5107393],[95.3287894,5.5111624],[95.3287443,5.5112259],[95.3286638,5.511351],[95.3284925,5.5116341],[95.328436,5.5117182],[95.3281971,5.5121145],[95.3280319,5.5122777],[95.3279149,5.5123532],[95.3277924,5.5124374],[95.3272366,5.5129742],[95.3269357,5.5133468],[95.3265991,5.5137592],[95.3263141,5.5140941],[95.3259896,5.5144416],[95.3256459,5.5148643],[95.3255837,5.5149802],[95.3255655,5.515099]]}},{"type":"Feature","properties":{"segmentId":"osm-gaul2-73705-4265989288-4265989592-0","regionId":"gaul2-73705","province":"Nangroe Aceh Darussalam","region":"Kota Bandaaceh","roadName":"Unnamed OSM road","highway":"trunk_link","lengthMeters":80.274,"osmWayIds":["427366754"],"u":"4265989288","v":"4265989592","key":0,"oneway":true,"source":"OpenStreetMap"},"geometry":{"type":"LineString","coordinates":[[95.3040966,5.5335671],[95.3039677,5.5338153],[95.3039101,5.533874],[95.3038532,5.533917],[95.3035813,5.5340194]]}},{"type":"Feature","properties":{"segmentId":"osm-gaul2-73705-4265989288-540943201-0","regionId":"gaul2-73705","province":"Nangroe Aceh Darussalam","region":"Kota Bandaaceh","roadName":"Jalan Jenderal Sudirman","highway":"tertiary","lengthMeters":91.3,"osmWayIds":["507496052"],"u":"4265989288","v":"540943201","key":0,"oneway":false,"source":"OpenStreetMap"},"geometry":{"type":"LineString","coordinates":[[95.3040966,5.5335671],[95.3041628,5.5340539],[95.304172,5.5341213],[95.3041826,5.5342218],[95.3041877,5.5343011],[95.3041863,5.5343412],[95.3041778,5.5343815]]}},{"type":"Feature","properties":{"segmentId":"osm-gaul2-73705-4265989288-544528463-0","regionId":"gaul2-73705","province":"Nangroe Aceh Darussalam","region":"Kota Bandaaceh","roadName":"Jalan Jenderal Sudirman","highway":"tertiary","lengthMeters":115.096,"osmWayIds":["507496052"],"u":"4265989288","v":"544528463","key":0,"oneway":false,"source":"OpenStreetMap"},"geometry":{"type":"LineString","coordinates":[[95.3040966,5.5335671],[95.3040332,5.5331411],[95.3040135,5.5330085],[95.3039775,5.5327672],[95.303955,5.5326157],[95.3039496,5.5325426]]}},{"type":"Feature","properties":{"segmentId":"osm-gaul2-73705-4265989592-3089870505-0","regionId":"gaul2-73705","province":"Nangroe Aceh Darussalam","region":"Kota Bandaaceh","roadName":"Jalan Cut Nyak Dhien","highway":"trunk","lengthMeters":51.331,"osmWayIds":["275488282"],"u":"4265989592","v":"3089870505","key":0,"oneway":true,"source":"OpenStreetMap"},"geometry":{"type":"LineString","coordinates":[[95.3035813,5.5340194],[95.303231,5.5338132],[95.3031821,5.5337844]]}},{"type":"Feature","properties":{"segmentId":"osm-gaul2-73705-4627612205-4627612206-0","regionId":"gaul2-73705","province":"Nangroe Aceh Darussalam","region":"Kota Bandaaceh","roadName":"Jalan Soekarno-Hatta","highway":"trunk_link","lengthMeters":11.464,"osmWayIds":["468197356"],"u":"4627612205","v":"4627612206","key":0,"oneway":false,"source":"OpenStreetMap"},"geometry":{"type":"LineString","coordinates":[[95.3082547,5.5194415],[95.3082755,5.5195425]]}},{"type":"Feature","properties":{"segmentId":"osm-gaul2-73705-4627612205-544527030-0","regionId":"gaul2-73705","province":"Nangroe Aceh Darussalam","region":"Kota Bandaaceh","roadName":"Jalan Soekarno-Hatta","highway":"trunk","lengthMeters":465.34,"osmWayIds":["43324105"],"u":"4627612205","v":"544527030","key":0,"oneway":true,"source":"OpenStreetMap"},"geometry":{"type":"LineString","coordinates":[[95.3082547,5.5194415],[95.3076093,5.519587],[95.3071979,5.5196734],[95.3062131,5.5198934],[95.3047519,5.5202125],[95.3041423,5.5203069]]}},{"type":"Feature","properties":{"segmentId":"osm-gaul2-73705-4627612206-4627612205-0","regionId":"gaul2-73705","province":"Nangroe Aceh Darussalam","region":"Kota Bandaaceh","roadName":"Jalan Soekarno-Hatta","highway":"trunk_link","lengthMeters":11.464,"osmWayIds":["468197356"],"u":"4627612206","v":"4627612205","key":0,"oneway":false,"source":"OpenStreetMap"},"geometry":{"type":"LineString","coordinates":[[95.3082755,5.5195425],[95.3082547,5.5194415]]}},{"type":"Feature","properties":{"segmentId":"osm-gaul2-73705-4627612206-4627612208-0","regionId":"gaul2-73705","province":"Nangroe Aceh Darussalam","region":"Kota Bandaaceh","roadName":"Jalan Soekarno-Hatta","highway":"trunk","lengthMeters":694.212,"osmWayIds":["507496055"],"u":"4627612206","v":"4627612208","key":0,"oneway":true,"source":"OpenStreetMap"},"geometry":{"type":"LineString","coordinates":[[95.3082755,5.5195425],[95.3090165,5.5193824],[95.3092483,5.5193206],[95.3096681,5.5192276],[95.3104654,5.5190356],[95.3113081,5.5188417],[95.3123221,5.5186208],[95.3125479,5.5185816],[95.3127552,5.5185324],[95.3135068,5.5183894],[95.3143919,5.5181656]]}},{"type":"Feature","properties":{"segmentId":"osm-gaul2-73705-4627612207-4627612205-0","regionId":"gaul2-73705","province":"Nangroe Aceh Darussalam","region":"Kota Bandaaceh","roadName":"Jalan Soekarno-Hatta","highway":"trunk","lengthMeters":693.062,"osmWayIds":["43324105"],"u":"4627612207","v":"4627612205","key":0,"oneway":true,"source":"OpenStreetMap"},"geometry":{"type":"LineString","coordinates":[[95.3143626,5.5180706],[95.3137985,5.5182176],[95.3136725,5.5182504],[95.3132491,5.5183402],[95.3125387,5.5184923],[95.3117185,5.5186629],[95.3111781,5.5187866],[95.3104699,5.5189419],[95.3096795,5.5191237],[95.3090156,5.51927],[95.3082547,5.5194415]]}},{"type":"Feature","properties":{"segmentId":"osm-gaul2-73705-4627612207-4627612208-0","regionId":"gaul2-73705","province":"Nangroe Aceh Darussalam","region":"Kota Bandaaceh","roadName":"Jalan Soekarno-Hatta","highway":"trunk_link","lengthMeters":11.05,"osmWayIds":["468197357"],"u":"4627612207","v":"4627612208","key":0,"oneway":false,"source":"OpenStreetMap"},"geometry":{"type":"LineString","coordinates":[[95.3143626,5.5180706],[95.3143919,5.5181656]]}},{"type":"Feature","properties":{"segmentId":"osm-gaul2-73705-4627612208-4627612207-0","regionId":"gaul2-73705","province":"Nangroe Aceh Darussalam","region":"Kota Bandaaceh","roadName":"Jalan Soekarno-Hatta","highway":"trunk_link","lengthMeters":11.05,"osmWayIds":["468197357"],"u":"4627612208","v":"4627612207","key":0,"oneway":false,"source":"OpenStreetMap"},"geometry":{"type":"LineString","coordinates":[[95.3143919,5.5181656],[95.3143626,5.5180706]]}},{"type":"Feature","properties":{"segmentId":"osm-gaul2-73705-4627612208-6134096223-0","regionId":"gaul2-73705","province":"Nangroe Aceh Darussalam","region":"Kota Bandaaceh","roadName":"Jalan Soekarno-Hatta","highway":"trunk","lengthMeters":527.355,"osmWayIds":["507496055"],"u":"4627612208","v":"6134096223","key":0,"oneway":true,"source":"OpenStreetMap"},"geometry":{"type":"LineString","coordinates":[[95.3143919,5.5181656],[95.3145974,5.5181127],[95.3153775,5.517912],[95.3156414,5.5178419],[95.3162889,5.5176699],[95.3174952,5.5173455],[95.3181126,5.5171917],[95.3182152,5.517157],[95.3188995,5.5169809],[95.3189993,5.5169588]]}},{"type":"Feature","properties":{"segmentId":"osm-gaul2-73705-4627612249-3070913893-0","regionId":"gaul2-73705","province":"Nangroe Aceh Darussalam","region":"Kota Bandaaceh","roadName":"Jalan Mohammad Daud Beureueh","highway":"trunk","lengthMeters":915.633,"osmWayIds":["253620662"],"u":"4627612249","v":"3070913893","key":0,"oneway":true,"source":"OpenStreetMap"},"geometry":{"type":"LineString","coordinates":[[95.336743,5.5649546],[95.3360805,5.5643352],[95.3359229,5.5641864],[95.3355655,5.5638554],[95.3352467,5.5635456],[95.3352255,5.563525],[95.3347972,5.563119],[95.3346888,5.5630198],[95.3341368,5.5624997],[95.333757,5.5621422],[95.3335764,5.5619742],[95.3333143,5.5617085],[95.3317094,5.5601894],[95.3309637,5.5594868],[95.3307463,5.559282]]}},{"type":"Feature","properties":{"segmentId":"osm-gaul2-73705-4627612249-4627612250-0","regionId":"gaul2-73705","province":"Nangroe Aceh Darussalam","region":"Kota Bandaaceh","roadName":"Jalan Mohammad Daud Beureueh","highway":"trunk_link","lengthMeters":12.231,"osmWayIds":["468197366"],"u":"4627612249","v":"4627612250","key":0,"oneway":false,"source":"OpenStreetMap"},"geometry":{"type":"LineString","coordinates":[[95.336743,5.5649546],[95.3366632,5.5650307]]}},{"type":"Feature","properties":{"segmentId":"osm-gaul2-73705-4627612250-4627612249-0","regionId":"gaul2-73705","province":"Nangroe Aceh Darussalam","region":"Kota Bandaaceh","roadName":"Jalan Mohammad Daud Beureueh","highway":"trunk_link","lengthMeters":12.231,"osmWayIds":["468197366"],"u":"4627612250","v":"4627612249","key":0,"oneway":false,"source":"OpenStreetMap"},"geometry":{"type":"LineString","coordinates":[[95.3366632,5.5650307],[95.336743,5.5649546]]}},{"type":"Feature","properties":{"segmentId":"osm-gaul2-73705-4627612250-4627612252-0","regionId":"gaul2-73705","province":"Nangroe Aceh Darussalam","region":"Kota Bandaaceh","roadName":"Jalan Mohammad Daud Beureueh","highway":"trunk","lengthMeters":198.685,"osmWayIds":["1008772724"],"u":"4627612250","v":"4627612252","key":0,"oneway":true,"source":"OpenStreetMap"},"geometry":{"type":"LineString","coordinates":[[95.3366632,5.5650307],[95.3370159,5.5653657],[95.3377344,5.5660401],[95.3379703,5.5662555]]}},{"type":"Feature","properties":{"segmentId":"osm-gaul2-73705-4627612251-4627612249-0","regionId":"gaul2-73705","province":"Nangroe Aceh Darussalam","region":"Kota Bandaaceh","roadName":"Jalan Mohammad Daud Beureueh","highway":"trunk","lengthMeters":198.634,"osmWayIds":["253620662"],"u":"4627612251","v":"4627612249","key":0,"oneway":true,"source":"OpenStreetMap"},"geometry":{"type":"LineString","coordinates":[[95.3380398,5.5661893],[95.3378139,5.5659797],[95.3373566,5.5655466],[95.3370957,5.565299],[95.3370483,5.5652515],[95.3368258,5.5650287],[95.336743,5.5649546]]}},{"type":"Feature","properties":{"segmentId":"osm-gaul2-73705-4627612251-4627612252-0","regionId":"gaul2-73705","province":"Nangroe Aceh Darussalam","region":"Kota Bandaaceh","roadName":"Jalan Mohammad Daud Beureueh","highway":"trunk_link","lengthMeters":10.646,"osmWayIds":["468197367"],"u":"4627612251","v":"4627612252","key":0,"oneway":false,"source":"OpenStreetMap"},"geometry":{"type":"LineString","coordinates":[[95.3380398,5.5661893],[95.3379703,5.5662555]]}},{"type":"Feature","properties":{"segmentId":"osm-gaul2-73705-4627612252-3066460410-0","regionId":"gaul2-73705","province":"Nangroe Aceh Darussalam","region":"Kota Bandaaceh","roadName":"Jalan Mohammad Daud Beureueh","highway":"trunk","lengthMeters":151.23,"osmWayIds":["1008772724"],"u":"4627612252","v":"3066460410","key":0,"oneway":true,"source":"OpenStreetMap"},"geometry":{"type":"LineString","coordinates":[[95.3379703,5.5662555],[95.3388583,5.5671012],[95.3389572,5.5671962]]}},{"type":"Feature","properties":{"segmentId":"osm-gaul2-73705-4627612252-4627612251-0","regionId":"gaul2-73705","province":"Nangroe Aceh Darussalam","region":"Kota Bandaaceh","roadName":"Jalan Mohammad Daud Beureueh","highway":"trunk_link","lengthMeters":10.646,"osmWayIds":["468197367"],"u":"4627612252","v":"4627612251","key":0,"oneway":false,"source":"OpenStreetMap"},"geometry":{"type":"LineString","coordinates":[[95.3379703,5.5662555],[95.3380398,5.5661893]]}},{"type":"Feature","properties":{"segmentId":"osm-gaul2-73705-4912343776-544527494-0","regionId":"gaul2-73705","province":"Nangroe Aceh Darussalam","region":"Kota Bandaaceh","roadName":"Unnamed OSM road","highway":"trunk_link","lengthMeters":38.773,"osmWayIds":["500087599"],"u":"4912343776","v":"544527494","key":0,"oneway":true,"source":"OpenStreetMap"},"geometry":{"type":"LineString","coordinates":[[95.3223583,5.5560996],[95.3223,5.5560248],[95.3222611,5.5559721],[95.3222222,5.5559107],[95.3222074,5.5558526],[95.3222108,5.5557966]]}},{"type":"Feature","properties":{"segmentId":"osm-gaul2-73705-4912343776-765045892-0","regionId":"gaul2-73705","province":"Nangroe Aceh Darussalam","region":"Kota Bandaaceh","roadName":"Jalan Mohammad Daud Beureueh","highway":"trunk","lengthMeters":50.968,"osmWayIds":["1184368173"],"u":"4912343776","v":"765045892","key":0,"oneway":true,"source":"OpenStreetMap"},"geometry":{"type":"LineString","coordinates":[[95.3223583,5.5560996],[95.3221659,5.5560175],[95.322067,5.5559894],[95.3219188,5.5559829]]}},{"type":"Feature","properties":{"segmentId":"osm-gaul2-73705-4912360004-13315645840-0","regionId":"gaul2-73705","province":"Nangroe Aceh Darussalam","region":"Kota Bandaaceh","roadName":"Jalan Teuku Umar","highway":"trunk","lengthMeters":687.539,"osmWayIds":["275532866","304453205","304453207"],"u":"4912360004","v":"13315645840","key":0,"oneway":true,"source":"OpenStreetMap"},"geometry":{"type":"LineString","coordinates":[[95.3044143,5.5346673],[95.3056556,5.5359661],[95.3064929,5.5368403],[95.3068907,5.537244],[95.3069167,5.5372704],[95.3069373,5.5372915],[95.3073275,5.5376861],[95.307435,5.5377951],[95.3081143,5.5385118],[95.3083469,5.5387249],[95.3086114,5.5390091],[95.3086519,5.5390526],[95.30872,5.5391232]]}},{"type":"Feature","properties":{"segmentId":"osm-gaul2-73705-4967329296-3089863866-0","regionId":"gaul2-73705","province":"Nangroe Aceh Darussalam","region":"Kota Bandaaceh","roadName":"Jalan Teuku Umar","highway":"trunk","lengthMeters":781.185,"osmWayIds":["275532866"],"u":"4967329296","v":"3089863866","key":0,"oneway":true,"source":"OpenStreetMap"},"geometry":{"type":"LineString","coordinates":[[95.3112018,5.5416939],[95.3112851,5.5417824],[95.3119949,5.5425449],[95.3127345,5.5432858],[95.3132904,5.5438627],[95.3135855,5.5441689],[95.3149436,5.5455759],[95.3160877,5.5467636]]}},{"type":"Feature","properties":{"segmentId":"osm-gaul2-73705-4967329296-544505018-0","regionId":"gaul2-73705","province":"Nangroe Aceh Darussalam","region":"Kota Bandaaceh","roadName":"Unnamed OSM road","highway":"secondary","lengthMeters":15.09,"osmWayIds":["507162831"],"u":"4967329296","v":"544505018","key":0,"oneway":false,"source":"OpenStreetMap"},"geometry":{"type":"LineString","coordinates":[[95.3112018,5.5416939],[95.3113009,5.5416007]]}},{"type":"Feature","properties":{"segmentId":"osm-gaul2-73705-4969635334-3089870506-0","regionId":"gaul2-73705","province":"Nangroe Aceh Darussalam","region":"Kota Bandaaceh","roadName":"Jalan Cut Nyak Dhien","highway":"trunk","lengthMeters":353.899,"osmWayIds":["304453206","304453212","304453214"],"u":"4969635334","v":"3089870506","key":0,"oneway":true,"source":"OpenStreetMap"},"geometry":{"type":"LineString","coordinates":[[95.3003882,5.5322275],[95.3004759,5.5323014],[95.3004858,5.5323065],[95.300657,5.532415],[95.300663,5.5324183],[95.3007976,5.5324935],[95.3010871,5.5326553],[95.3015111,5.5329186],[95.3030368,5.5338004],[95.3031331,5.533856]]}},{"type":"Feature","properties":{"segmentId":"osm-gaul2-73705-4969635334-4969635335-0","regionId":"gaul2-73705","province":"Nangroe Aceh Darussalam","region":"Kota Bandaaceh","roadName":"Unnamed OSM road","highway":"trunk_link","lengthMeters":9.655,"osmWayIds":["507468034"],"u":"4969635334","v":"4969635335","key":0,"oneway":false,"source":"OpenStreetMap"},"geometry":{"type":"LineString","coordinates":[[95.3003882,5.5322275],[95.3004377,5.532156]]}},{"type":"Feature","properties":{"segmentId":"osm-gaul2-73705-4969635335-4969635334-0","regionId":"gaul2-73705","province":"Nangroe Aceh Darussalam","region":"Kota Bandaaceh","roadName":"Unnamed OSM road","highway":"trunk_link","lengthMeters":9.655,"osmWayIds":["507468034"],"u":"4969635335","v":"4969635334","key":0,"oneway":false,"source":"OpenStreetMap"},"geometry":{"type":"LineString","coordinates":[[95.3004377,5.532156],[95.3003882,5.5322275]]}},{"type":"Feature","properties":{"segmentId":"osm-gaul2-73705-4969635335-544487027-0","regionId":"gaul2-73705","province":"Nangroe Aceh Darussalam","region":"Kota Bandaaceh","roadName":"Jalan Cut Nyak Dhien","highway":"trunk","lengthMeters":673.863,"osmWayIds":["387926334"],"u":"4969635335","v":"544487027","key":0,"oneway":true,"source":"OpenStreetMap"},"geometry":{"type":"LineString","coordinates":[[95.3004377,5.532156],[95.3002354,5.5320298],[95.2995515,5.5316031],[95.2986717,5.5310541],[95.2982422,5.5307875],[95.2979674,5.5306188],[95.2975416,5.5303519],[95.2972729,5.5301943],[95.2972374,5.5301662],[95.2959886,5.5293792],[95.2955926,5.5291375],[95.2952587,5.5289739]]}},{"type":"Feature","properties":{"segmentId":"osm-gaul2-73705-4969850524-3096812634-0","regionId":"gaul2-73705","province":"Nangroe Aceh Darussalam","region":"Kota Bandaaceh","roadName":"Jalan Soekarno-Hatta","highway":"trunk","lengthMeters":197.806,"osmWayIds":["305484702","305484704","507496053"],"u":"4969850524","v":"3096812634","key":0,"oneway":true,"source":"OpenStreetMap"},"geometry":{"type":"LineString","coordinates":[[95.3024914,5.5208579],[95.3028389,5.5207748],[95.3028833,5.5207632],[95.3036027,5.5205667],[95.3037085,5.5205342],[95.3039605,5.5204707],[95.3041124,5.5204424],[95.3042198,5.5204084]]}},{"type":"Feature","properties":{"segmentId":"osm-gaul2-73705-4969850524-3101162702-0","regionId":"gaul2-73705","province":"Nangroe Aceh Darussalam","region":"Kota Bandaaceh","roadName":"Jalan Jenderal Sudirman","highway":"tertiary","lengthMeters":12.435,"osmWayIds":["507136334"],"u":"4969850524","v":"3101162702","key":0,"oneway":false,"source":"OpenStreetMap"},"geometry":{"type":"LineString","coordinates":[[95.3024914,5.5208579],[95.3024615,5.5207501]]}},{"type":"Feature","properties":{"segmentId":"osm-gaul2-73705-4969850524-544528471-0","regionId":"gaul2-73705","province":"Nangroe Aceh Darussalam","region":"Kota Bandaaceh","roadName":"Jalan Jenderal Sudirman","highway":"tertiary","lengthMeters":37.754,"osmWayIds":["507496052"],"u":"4969850524","v":"544528471","key":0,"oneway":false,"source":"OpenStreetMap"},"geometry":{"type":"LineString","coordinates":[[95.3024914,5.5208579],[95.3024839,5.5209662],[95.3024737,5.5210125],[95.3024046,5.5211827]]}},{"type":"Feature","properties":{"segmentId":"osm-gaul2-73705-540943201-3089870491-0","regionId":"gaul2-73705","province":"Nangroe Aceh Darussalam","region":"Kota Bandaaceh","roadName":"Jalan Jenderal Sudirman","highway":"tertiary","lengthMeters":9.717,"osmWayIds":["43326890"],"u":"540943201","v":"3089870491","key":0,"oneway":false,"source":"OpenStreetMap"},"geometry":{"type":"LineString","coordinates":[[95.3041778,5.5343815],[95.304164,5.5344678]]}},{"type":"Feature","properties":{"segmentId":"osm-gaul2-73705-540943201-4265989288-0","regionId":"gaul2-73705","province":"Nangroe Aceh Darussalam","region":"Kota Bandaaceh","roadName":"Jalan Jenderal Sudirman","highway":"tertiary","lengthMeters":91.3,"osmWayIds":["507496052"],"u":"540943201","v":"4265989288","key":0,"oneway":false,"source":"OpenStreetMap"},"geometry":{"type":"LineString","coordinates":[[95.3041778,5.5343815],[95.3041863,5.5343412],[95.3041877,5.5343011],[95.3041826,5.5342218],[95.304172,5.5341213],[95.3041628,5.5340539],[95.3040966,5.5335671]]}},{"type":"Feature","properties":{"segmentId":"osm-gaul2-73705-540943201-4265989592-0","regionId":"gaul2-73705","province":"Nangroe Aceh Darussalam","region":"Kota Bandaaceh","roadName":"Jalan Cut Nyak Dhien","highway":"trunk","lengthMeters":77.328,"osmWayIds":["275488282"],"u":"540943201","v":"4265989592","key":0,"oneway":true,"source":"OpenStreetMap"},"geometry":{"type":"LineString","coordinates":[[95.3041778,5.5343815],[95.3035813,5.5340194]]}},{"type":"Feature","properties":{"segmentId":"osm-gaul2-73705-540943229-3062896078-0","regionId":"gaul2-73705","province":"Nangroe Aceh Darussalam","region":"Kota Bandaaceh","roadName":"Jalan T. Hasan Dek","highway":"primary","lengthMeters":479.049,"osmWayIds":["1008772725","43175653"],"u":"540943229","v":"3062896078","key":0,"oneway":true,"source":"OpenStreetMap"},"geometry":{"type":"LineString","coordinates":[[95.3306504,5.5544077],[95.3306189,5.5547615],[95.3305796,5.5550141],[95.3304705,5.5556605],[95.3303916,5.5562026],[95.330293,5.5569074],[95.3302333,5.5573489],[95.3301363,5.5582323],[95.3300815,5.5586774]]}},{"type":"Feature","properties":{"segmentId":"osm-gaul2-73705-540959602-2919721707-0","regionId":"gaul2-73705","province":"Nangroe Aceh Darussalam","region":"Kota Bandaaceh","roadName":"Jalan Sultan Iskandar Muda","highway":"trunk","lengthMeters":559.799,"osmWayIds":["654640623"],"u":"540959602","v":"2919721707","key":0,"oneway":true,"source":"OpenStreetMap"},"geometry":{"type":"LineString","coordinates":[[95.2847746,5.555914],[95.2853251,5.5558798],[95.2854931,5.5558443],[95.2856523,5.5558056],[95.285847,5.5557351],[95.2864451,5.555492],[95.2878573,5.5549073],[95.288672,5.55458],[95.2895155,5.5542411]]}},{"type":"Feature","properties":{"segmentId":"osm-gaul2-73705-540959602-3088066721-0","regionId":"gaul2-73705","province":"Nangroe Aceh Darussalam","region":"Kota Bandaaceh","roadName":"Unnamed OSM road","highway":"trunk","lengthMeters":15.14,"osmWayIds":["304275157"],"u":"540959602","v":"3088066721","key":0,"oneway":true,"source":"OpenStreetMap"},"geometry":{"type":"LineString","coordinates":[[95.2847746,5.555914],[95.2847845,5.5558697],[95.2847744,5.5558254],[95.2847463,5.5557897]]}},{"type":"Feature","properties":{"segmentId":"osm-gaul2-73705-540959624-13133830362-0","regionId":"gaul2-73705","province":"Nangroe Aceh Darussalam","region":"Kota Bandaaceh","roadName":"Jalan Prof. A. Majid Ibrahim I","highway":"trunk","lengthMeters":7.274,"osmWayIds":["43175642"],"u":"540959624","v":"13133830362","key":0,"oneway":true,"source":"OpenStreetMap"},"geometry":{"type":"LineString","coordinates":[[95.3120444,5.5489517],[95.312058,5.5490157]]}},{"type":"Feature","properties":{"segmentId":"osm-gaul2-73705-540959624-7729883322-0","regionId":"gaul2-73705","province":"Nangroe Aceh Darussalam","region":"Kota Bandaaceh","roadName":"Jalan Sultan Iskandar Muda","highway":"trunk","lengthMeters":173.463,"osmWayIds":["1428679439","1428679440","1428679441","304275810"],"u":"540959624","v":"7729883322","key":0,"oneway":true,"source":"OpenStreetMap"},"geometry":{"type":"LineString","coordinates":[[95.3120444,5.5489517],[95.3118987,5.5489806],[95.3115893,5.5490402],[95.3112374,5.5491102],[95.3109874,5.5491575],[95.3109485,5.5491665],[95.3109096,5.5491759],[95.3107363,5.5492136],[95.3105097,5.5492673]]}},{"type":"Feature","properties":{"segmentId":"osm-gaul2-73705-540959632-7735943143-0","regionId":"gaul2-73705","province":"Nangroe Aceh Darussalam","region":"Kota Bandaaceh","roadName":"Jalan Diponegoro","highway":"secondary","lengthMeters":333.15,"osmWayIds":["275515300","507492706"],"u":"540959632","v":"7735943143","key":0,"oneway":true,"source":"OpenStreetMap"},"geometry":{"type":"LineString","coordinates":[[95.3154334,5.5559313],[95.3155854,5.5558724],[95.315985,5.5556456],[95.3162895,5.5554728],[95.3176846,5.554662],[95.3180277,5.5544725],[95.3180528,5.5544587]]}},{"type":"Feature","properties":{"segmentId":"osm-gaul2-73705-540959642-7205528933-0","regionId":"gaul2-73705","province":"Nangroe Aceh Darussalam","region":"Kota Bandaaceh","roadName":"Jalan Sultan Iskandar Muda","highway":"trunk","lengthMeters":325.271,"osmWayIds":["275524171"],"u":"540959642","v":"7205528933","key":0,"oneway":true,"source":"OpenStreetMap"},"geometry":{"type":"LineString","coordinates":[[95.3195934,5.5473459],[95.3194441,5.5473078],[95.3193647,5.547304],[95.3189605,5.5473301],[95.3187576,5.5473657],[95.3186144,5.5474196],[95.3184125,5.5475101],[95.3182934,5.5475508],[95.3181888,5.5475926],[95.3179525,5.5476609],[95.3176779,5.5477243],[95.3173734,5.5477897],[95.3172535,5.5477924],[95.317175,5.547771],[95.317069,5.5476823],[95.3168849,5.5474442]]}},{"type":"Feature","properties":{"segmentId":"osm-gaul2-73705-540959642-7735731505-0","regionId":"gaul2-73705","province":"Nangroe Aceh Darussalam","region":"Kota Bandaaceh","roadName":"Unnamed OSM road","highway":"trunk_link","lengthMeters":8.789,"osmWayIds":["829534649"],"u":"540959642","v":"7735731505","key":0,"oneway":false,"source":"OpenStreetMap"},"geometry":{"type":"LineString","coordinates":[[95.3195934,5.5473459],[95.3195862,5.5473679],[95.3195769,5.5473865],[95.3195567,5.5474153]]}},{"type":"Feature","properties":{"segmentId":"osm-gaul2-73705-540959648-540959651-0","regionId":"gaul2-73705","province":"Nangroe Aceh Darussalam","region":"Kota Bandaaceh","roadName":"Jalan Teuku Umar","highway":"secondary","lengthMeters":95.921,"osmWayIds":["43175158","654539676"],"u":"540959648","v":"540959651","key":0,"oneway":true,"source":"OpenStreetMap"},"geometry":{"type":"LineString","coordinates":[[95.3199675,5.5514727],[95.3197052,5.5516826],[95.3194772,5.5518456],[95.3193014,5.5520217]]}},{"type":"Feature","properties":{"segmentId":"osm-gaul2-73705-540959651-2515260543-0","regionId":"gaul2-73705","province":"Nangroe Aceh Darussalam","region":"Kota Bandaaceh","roadName":"Unnamed OSM road","highway":"secondary","lengthMeters":76.74,"osmWayIds":["275515297"],"u":"540959651","v":"2515260543","key":0,"oneway":true,"source":"OpenStreetMap"},"geometry":{"type":"LineString","coordinates":[[95.3193014,5.5520217],[95.3191215,5.552332],[95.3190779,5.5524763],[95.3190579,5.5526564]]}},{"type":"Feature","properties":{"segmentId":"osm-gaul2-73705-540959651-3063910933-0","regionId":"gaul2-73705","province":"Nangroe Aceh Darussalam","region":"Kota Bandaaceh","roadName":"Jalan Mohammad Jam","highway":"secondary","lengthMeters":127.647,"osmWayIds":["275515296"],"u":"540959651","v":"3063910933","key":0,"oneway":true,"source":"OpenStreetMap"},"geometry":{"type":"LineString","coordinates":[[95.3193014,5.5520217],[95.3191553,5.5521191],[95.3190203,5.5521986],[95.3188848,5.552252],[95.3183697,5.5523857],[95.3182312,5.5524195]]}},{"type":"Feature","properties":{"segmentId":"osm-gaul2-73705-540959655-3063910891-0","regionId":"gaul2-73705","province":"Nangroe Aceh Darussalam","region":"Kota Bandaaceh","roadName":"Unnamed OSM road","highway":"trunk_link","lengthMeters":11.628,"osmWayIds":["302148276"],"u":"540959655","v":"3063910891","key":0,"oneway":false,"source":"OpenStreetMap"},"geometry":{"type":"LineString","coordinates":[[95.3203946,5.5510073],[95.3202896,5.551011]]}},{"type":"Feature","properties":{"segmentId":"osm-gaul2-73705-540959655-3063910892-0","regionId":"gaul2-73705","province":"Nangroe Aceh Darussalam","region":"Kota Bandaaceh","roadName":"Jalan Sultan Alauddin Mahmudsyah","highway":"trunk","lengthMeters":126.185,"osmWayIds":["212382807"],"u":"540959655","v":"3063910892","key":0,"oneway":true,"source":"OpenStreetMap"},"geometry":{"type":"LineString","coordinates":[[95.3203946,5.5510073],[95.3203359,5.549874]]}},{"type":"Feature","properties":{"segmentId":"osm-gaul2-73705-544487027-3071652157-0","regionId":"gaul2-73705","province":"Nangroe Aceh Darussalam","region":"Kota Bandaaceh","roadName":"Jalan Soekarno-Hatta","highway":"trunk","lengthMeters":407.028,"osmWayIds":["302882454"],"u":"544487027","v":"3071652157","key":0,"oneway":true,"source":"OpenStreetMap"},"geometry":{"type":"LineString","coordinates":[[95.2952587,5.5289739],[95.2953159,5.5288934],[95.2954784,5.5286929],[95.2956713,5.528396],[95.2964647,5.5273484],[95.2970242,5.5266983],[95.2974645,5.5260497]]}},{"type":"Feature","properties":{"segmentId":"osm-gaul2-73705-544487027-6147138513-0","regionId":"gaul2-73705","province":"Nangroe Aceh Darussalam","region":"Kota Bandaaceh","roadName":"Jalan Cut Nyak Dhien","highway":"trunk","lengthMeters":14.62,"osmWayIds":["1011737739"],"u":"544487027","v":"6147138513","key":0,"oneway":true,"source":"OpenStreetMap"},"geometry":{"type":"LineString","coordinates":[[95.2952587,5.5289739],[95.2951409,5.5289144]]}},{"type":"Feature","properties":{"segmentId":"osm-gaul2-73705-544500432-3071652181-0","regionId":"gaul2-73705","province":"Nangroe Aceh Darussalam","region":"Kota Bandaaceh","roadName":"Unnamed OSM road","highway":"trunk_link","lengthMeters":9.837,"osmWayIds":["654649211"],"u":"544500432","v":"3071652181","key":0,"oneway":false,"source":"OpenStreetMap"},"geometry":{"type":"LineString","coordinates":[[95.3553076,5.508296],[95.3553704,5.5083586]]}},{"type":"Feature","properties":{"segmentId":"osm-gaul2-73705-544500432-6347587774-0","regionId":"gaul2-73705","province":"Nangroe Aceh Darussalam","region":"Kota Bandaaceh","roadName":"Jalan Soekarno-Hatta","highway":"trunk","lengthMeters":761.094,"osmWayIds":["427372002","656126646","656126647"],"u":"544500432","v":"6347587774","key":0,"oneway":true,"source":"OpenStreetMap"},"geometry":{"type":"LineString","coordinates":[[95.3553076,5.508296],[95.3548158,5.5087341],[95.3547143,5.5087951],[95.3546119,5.5088369],[95.3545085,5.508858],[95.3541001,5.5089279],[95.3520734,5.5093014],[95.3519146,5.5093307],[95.351648,5.5093736],[95.3513369,5.5094296],[95.3508473,5.5095275],[95.3498304,5.5097463],[95.3493167,5.5098809],[95.3488604,5.5100061],[95.3487489,5.5100303]]}},{"type":"Feature","properties":{"segmentId":"osm-gaul2-73705-544500441-3071652190-0","regionId":"gaul2-73705","province":"Nangroe Aceh Darussalam","region":"Kota Bandaaceh","roadName":"Bundaran Lambaro","highway":"trunk","lengthMeters":20.741,"osmWayIds":["301841264"],"u":"544500441","v":"3071652190","key":0,"oneway":true,"source":"OpenStreetMap"},"geometry":{"type":"LineString","coordinates":[[95.358117,5.507781],[95.3580751,5.5078019],[95.35804,5.5078328],[95.3580139,5.5078715],[95.3579987,5.5079156]]}},{"type":"Feature","properties":{"segmentId":"osm-gaul2-73705-544500441-3071726148-0","regionId":"gaul2-73705","province":"Nangroe Aceh Darussalam","region":"Kota Bandaaceh","roadName":"Jalan Soekarno-Hatta","highway":"trunk","lengthMeters":318.783,"osmWayIds":["427372002"],"u":"544500441","v":"3071726148","key":0,"oneway":true,"source":"OpenStreetMap"},"geometry":{"type":"LineString","coordinates":[[95.358117,5.507781],[95.3579791,5.5076932],[95.3575902,5.5073591],[95.3573783,5.5072439],[95.357278,5.5072123],[95.3571688,5.5071831],[95.3570258,5.5071816],[95.3568988,5.5071962],[95.356775,5.507219],[95.3566839,5.5072484],[95.3565277,5.507314],[95.3564331,5.5073605],[95.3563163,5.5074298],[95.3560717,5.5076226],[95.3556711,5.5079642]]}},{"type":"Feature","properties":{"segmentId":"osm-gaul2-73705-544500659-3071652169-0","regionId":"gaul2-73705","province":"Nangroe Aceh Darussalam","region":"Kota Bandaaceh","roadName":"Unnamed OSM road","highway":"secondary","lengthMeters":14.058,"osmWayIds":["306019326"],"u":"544500659","v":"3071652169","key":0,"oneway":false,"source":"OpenStreetMap"},"geometry":{"type":"LineString","coordinates":[[95.3255655,5.515099],[95.3255486,5.5152243]]}},{"type":"Feature","properties":{"segmentId":"osm-gaul2-73705-544500659-3107827340-0","regionId":"gaul2-73705","province":"Nangroe Aceh Darussalam","region":"Kota Bandaaceh","roadName":"Jalan Soekarno-Hatta","highway":"trunk","lengthMeters":144.476,"osmWayIds":["43324105"],"u":"544500659","v":"3107827340","key":0,"oneway":true,"source":"OpenStreetMap"},"geometry":{"type":"LineString","coordinates":[[95.3255655,5.515099],[95.3250611,5.5152215],[95.3247579,5.5153025],[95.3243028,5.5154279]]}},{"type":"Feature","properties":{"segmentId":"osm-gaul2-73705-544500659-4194086623-0","regionId":"gaul2-73705","province":"Nangroe Aceh Darussalam","region":"Kota Bandaaceh","roadName":"Unnamed OSM road","highway":"secondary","lengthMeters":4327.893,"osmWayIds":["550576006"],"u":"544500659","v":"4194086623","key":0,"oneway":false,"source":"OpenStreetMap"},"geometry":{"type":"LineString","coordinates":[[95.3255655,5.515099],[95.3255837,5.5149802],[95.3256459,5.5148643],[95.3259896,5.5144416],[95.3263141,5.5140941],[95.3265991,5.5137592],[95.3269357,5.5133468],[95.3272366,5.5129742],[95.3277924,5.5124374],[95.3279149,5.5123532],[95.3280319,5.5122777],[95.3281971,5.5121145],[95.328436,5.5117182],[95.3284925,5.5116341],[95.3286638,5.511351],[95.3287443,5.5112259],[95.3287894,5.5111624],[95.3290737,5.5107393],[95.3291776,5.5105751],[95.3292158,5.5104087],[95.3292354,5.5101871],[95.3292265,5.5097413],[95.3292057,5.5094235],[95.3291706,5.5090196],[95.3291354,5.5086538],[95.3291205,5.5085175],[95.3290438,5.5081215],[95.3290276,5.5080704],[95.3289906,5.5079324],[95.3289601,5.5077521],[95.3289429,5.5074371],[95.3289352,5.507117],[95.3289531,5.5068427],[95.3289814,5.506778],[95.329117,5.5065785],[95.3291747,5.5064471],[95.3291794,5.5063666],[95.329169,5.5062704],[95.3291387,5.5061662],[95.3290742,5.5059768],[95.329036,5.505842],[95.3290571,5.5056959],[95.329096,5.5056131],[95.3291376,5.5055504],[95.3292127,5.5054663],[95.3292893,5.5053928],[95.329375,5.5052994],[95.3295587,5.5051179],[95.3298926,5.5048576],[95.3300356,5.5047579],[95.3301566,5.5046551],[95.3302826,5.5044945],[95.3303846,5.5042877],[95.3304428,5.5040883],[95.330472,5.5037696],[95.3305008,5.503527],[95.3305454,5.5033417],[95.3306117,5.5032201],[95.3306998,5.5031068],[95.3308448,5.5029318],[95.3309736,5.5028179],[95.3310089,5.5027658],[95.3310312,5.5027217],[95.3310454,5.5025613],[95.3310288,5.5023887],[95.3309597,5.5021904],[95.3309286,5.5021439],[95.3308947,5.5020933],[95.3307605,5.5019557],[95.330708,5.5019074],[95.3306632,5.5018505],[95.3305793,5.5016951],[95.3304841,5.5014909],[95.3303607,5.5012412],[95.3302722,5.5010837],[95.3301193,5.5008688],[95.3300563,5.5007735],[95.3299905,5.5006739],[95.3298218,5.5004101],[95.3298001,5.5003669],[95.3297919,5.5002998],[95.3298055,5.5002547],[95.3298201,5.5002282],[95.3298537,5.5001907],[95.3299064,5.5001472],[95.3300145,5.5000854],[95.3301407,5.5000278],[95.330299,5.4999504],[95.3305107,5.4998554],[95.33063,5.4997917],[95.3306973,5.4997314],[95.330822,5.4995993],[95.3309922,5.4994386],[95.3310879,5.4993661],[95.3311747,5.4993004],[95.3312525,5.4992188],[95.331474,5.4989246],[95.3315087,5.4988864],[95.3319345,5.4985284],[95.332233,5.4982905],[95.3323415,5.4981943],[95.3323777,5.4981656],[95.3324684,5.4980155],[95.3325239,5.4978754],[95.3325484,5.4977312],[95.3326687,5.4971523],[95.3327736,5.4966154],[95.3329249,5.4958334],[95.3330673,5.4950696],[95.3331046,5.494935],[95.3332108,5.4943913],[95.3332508,5.4940774],[95.3333406,5.4936201],[95.3334463,5.4931105],[95.333541,5.4928323],[95.3337484,5.4922603],[95.3341919,5.4910375],[95.3343343,5.4905982],[95.3344477,5.4902828],[95.3346751,5.4896816],[95.3348221,5.4892606],[95.3353177,5.4879644],[95.3354838,5.4874576],[95.335767,5.4866474],[95.3361341,5.4856998],[95.3363318,5.4852245],[95.3366022,5.4844062],[95.3368174,5.4838865],[95.3368919,5.4837067],[95.337081,5.4833356],[95.3371896,5.4831147],[95.337325,5.4828083],[95.3374688,5.4824954],[95.3376509,5.4821248],[95.338178,5.480966]]}},{"type":"Feature","properties":{"segmentId":"osm-gaul2-73705-544505018-13315645839-0","regionId":"gaul2-73705","province":"Nangroe Aceh Darussalam","region":"Kota Bandaaceh","roadName":"Jalan Teuku Umar","highway":"trunk","lengthMeters":396.191,"osmWayIds":["275525077"],"u":"544505018","v":"13315645839","key":0,"oneway":true,"source":"OpenStreetMap"},"geometry":{"type":"LineString","coordinates":[[95.3113009,5.5416007],[95.3104304,5.5407099],[95.3100888,5.5403594],[95.3093025,5.5395462],[95.3089751,5.5392222],[95.3088024,5.5390492]]}},{"type":"Feature","properties":{"segmentId":"osm-gaul2-73705-544505018-4967329296-0","regionId":"gaul2-73705","province":"Nangroe Aceh Darussalam","region":"Kota Bandaaceh","roadName":"Unnamed OSM road","highway":"secondary","lengthMeters":15.09,"osmWayIds":["507162831"],"u":"544505018","v":"4967329296","key":0,"oneway":false,"source":"OpenStreetMap"},"geometry":{"type":"LineString","coordinates":[[95.3113009,5.5416007],[95.3112018,5.5416939]]}},{"type":"Feature","properties":{"segmentId":"osm-gaul2-73705-544505018-544505020-0","regionId":"gaul2-73705","province":"Nangroe Aceh Darussalam","region":"Kota Bandaaceh","roadName":"Jalan Sultan Alaidin Johan Syah","highway":"secondary","lengthMeters":646.133,"osmWayIds":["244177007","244177008","43324600"],"u":"544505018","v":"544505020","key":0,"oneway":false,"source":"OpenStreetMap"},"geometry":{"type":"LineString","coordinates":[[95.3113009,5.5416007],[95.3114779,5.5413985],[95.3116362,5.541229],[95.3117582,5.5410728],[95.3118843,5.5409247],[95.3119647,5.5408152],[95.3123255,5.5404107],[95.3126715,5.5399876],[95.3127077,5.5399462],[95.3128683,5.539758],[95.3128961,5.5397273],[95.3130068,5.5396112],[95.3131537,5.5394377],[95.3133244,5.5392234],[95.3133622,5.539176],[95.3135908,5.5389244],[95.3137632,5.5387182],[95.3138776,5.5386019],[95.3141856,5.5381936],[95.3143372,5.5380067],[95.3144753,5.5378505],[95.3147891,5.5375021],[95.3148884,5.5374034],[95.3150843,5.5371802]]}},{"type":"Feature","properties":{"segmentId":"osm-gaul2-73705-544505020-3104614416-0","regionId":"gaul2-73705","province":"Nangroe Aceh Darussalam","region":"Kota Bandaaceh","roadName":"Jalan Sultan Malikul Saleh","highway":"secondary","lengthMeters":55.18,"osmWayIds":["772040836"],"u":"544505020","v":"3104614416","key":0,"oneway":false,"source":"OpenStreetMap"},"geometry":{"type":"LineString","coordinates":[[95.3150843,5.5371802],[95.3152087,5.5369665],[95.3153008,5.5367347]]}},{"type":"Feature","properties":{"segmentId":"osm-gaul2-73705-544505020-3104614420-0","regionId":"gaul2-73705","province":"Nangroe Aceh Darussalam","region":"Kota Bandaaceh","roadName":"Jalan Residen Danubroto","highway":"tertiary","lengthMeters":35.925,"osmWayIds":["654622301"],"u":"544505020","v":"3104614420","key":0,"oneway":false,"source":"OpenStreetMap"},"geometry":{"type":"LineString","coordinates":[[95.3150843,5.5371802],[95.3150444,5.5370464],[95.3149915,5.5368706]]}},{"type":"Feature","properties":{"segmentId":"osm-gaul2-73705-544505020-544505018-0","regionId":"gaul2-73705","province":"Nangroe Aceh Darussalam","region":"Kota Bandaaceh","roadName":"Jalan Sultan Alaidin Johan Syah","highway":"secondary","lengthMeters":646.133,"osmWayIds":["244177007","244177008","43324600"],"u":"544505020","v":"544505018","key":0,"oneway":false,"source":"OpenStreetMap"},"geometry":{"type":"LineString","coordinates":[[95.3150843,5.5371802],[95.3148884,5.5374034],[95.3147891,5.5375021],[95.3144753,5.5378505],[95.3143372,5.5380067],[95.3141856,5.5381936],[95.3138776,5.5386019],[95.3137632,5.5387182],[95.3135908,5.5389244],[95.3133622,5.539176],[95.3133244,5.5392234],[95.3131537,5.5394377],[95.3130068,5.5396112],[95.3128961,5.5397273],[95.3128683,5.539758],[95.3127077,5.5399462],[95.3126715,5.5399876],[95.3123255,5.5404107],[95.3119647,5.5408152],[95.3118843,5.5409247],[95.3117582,5.5410728],[95.3116362,5.541229],[95.3114779,5.5413985],[95.3113009,5.5416007]]}},{"type":"Feature","properties":{"segmentId":"osm-gaul2-73705-544505020-7205253744-0","regionId":"gaul2-73705","province":"Nangroe Aceh Darussalam","region":"Kota Bandaaceh","roadName":"Jalan Hasan Saleh","highway":"tertiary","lengthMeters":1617.577,"osmWayIds":["275484581","43324604","677898871"],"u":"544505020","v":"7205253744","key":0,"oneway":false,"source":"OpenStreetMap"},"geometry":{"type":"LineString","coordinates":[[95.3150843,5.5371802],[95.3151405,5.5373693],[95.3151881,5.5375623],[95.3153058,5.5380394],[95.315408,5.5384185],[95.3155945,5.5391664],[95.3156062,5.5392077],[95.3157879,5.5399036],[95.3158159,5.5400081],[95.3158801,5.5402983],[95.3159638,5.540696],[95.3160528,5.5410803],[95.3161332,5.5412945],[95.316191,5.5414342],[95.3162556,5.5415846],[95.3163463,5.5417711],[95.3164312,5.5420077],[95.3164622,5.542124],[95.316479,5.5422128],[95.3164601,5.5423822],[95.316419,5.5425007],[95.3163701,5.54261],[95.3163207,5.5427203],[95.3162844,5.5428642],[95.3162807,5.5429034],[95.3162778,5.5429355],[95.3162715,5.5432446],[95.3162901,5.5433777],[95.3163126,5.5434621],[95.3163492,5.5435176],[95.3164042,5.543565],[95.3164779,5.5435877],[95.3166519,5.5435917],[95.3171891,5.5435555],[95.3184234,5.5434864],[95.3185511,5.5434792],[95.3193086,5.5434392],[95.3200439,5.543408],[95.3203596,5.5433928],[95.3212841,5.5433668],[95.3220338,5.5433367],[95.322422,5.5433247],[95.3228262,5.5433181],[95.322959,5.5433152],[95.3232971,5.543295],[95.3233347,5.5432926],[95.323576,5.5432822],[95.323638,5.5432984],[95.3236693,5.5433394],[95.323688,5.5433901],[95.3236926,5.5439621]]}},{"type":"Feature","properties":{"segmentId":"osm-gaul2-73705-544505037-2339746491-0","regionId":"gaul2-73705","province":"Nangroe Aceh Darussalam","region":"Kota Bandaaceh","roadName":"Jalan Taman Makam Pahlawan","highway":"tertiary","lengthMeters":115.244,"osmWayIds":["275484583"],"u":"544505037","v":"2339746491","key":0,"oneway":true,"source":"OpenStreetMap"},"geometry":{"type":"LineString","coordinates":[[95.3237045,5.5454053],[95.3237091,5.5448867],[95.3237132,5.5446063],[95.3237143,5.5445014],[95.323682,5.5443729]]}},{"type":"Feature","properties":{"segmentId":"osm-gaul2-73705-544505037-7694086143-0","regionId":"gaul2-73705","province":"Nangroe Aceh Darussalam","region":"Kota Bandaaceh","roadName":"Unnamed OSM road","highway":"tertiary_link","lengthMeters":8.484,"osmWayIds":["824072832"],"u":"544505037","v":"7694086143","key":0,"oneway":false,"source":"OpenStreetMap"},"geometry":{"type":"LineString","coordinates":[[95.3237045,5.5454053],[95.3236279,5.5454083]]}},{"type":"Feature","properties":{"segmentId":"osm-gaul2-73705-544505040-6347483911-0","regionId":"gaul2-73705","province":"Nangroe Aceh Darussalam","region":"Kota Bandaaceh","roadName":"Jalan Taman Makam Pahlawan","highway":"tertiary","lengthMeters":143.491,"osmWayIds":["677898874"],"u":"544505040","v":"6347483911","key":0,"oneway":false,"source":"OpenStreetMap"},"geometry":{"type":"LineString","coordinates":[[95.3237602,5.5473754],[95.3237115,5.5472144],[95.3236873,5.5471129],[95.3236779,5.5469955],[95.3236663,5.5467521],[95.323659,5.5460956]]}},{"type":"Feature","properties":{"segmentId":"osm-gaul2-73705-544505040-6347483914-0","regionId":"gaul2-73705","province":"Nangroe Aceh Darussalam","region":"Kota Bandaaceh","roadName":"Jalan Taman Makam Pahlawan","highway":"tertiary","lengthMeters":413.704,"osmWayIds":["677898875","828677004"],"u":"544505040","v":"6347483914","key":0,"oneway":true,"source":"OpenStreetMap"},"geometry":{"type":"LineString","coordinates":[[95.3237602,5.5473754],[95.3237326,5.5474881],[95.3238701,5.5481163],[95.3241276,5.5494818],[95.3242546,5.5501736],[95.3243063,5.5505154],[95.3243515,5.5510368]]}},{"type":"Feature","properties":{"segmentId":"osm-gaul2-73705-544505042-3062902319-0","regionId":"gaul2-73705","province":"Nangroe Aceh Darussalam","region":"Kota Bandaaceh","roadName":"Jalan Taman Makam Pahlawan","highway":"tertiary","lengthMeters":21.771,"osmWayIds":["275484585"],"u":"544505042","v":"3062902319","key":0,"oneway":true,"source":"OpenStreetMap"},"geometry":{"type":"LineString","coordinates":[[95.3244332,5.5510328],[95.3244179,5.5508376]]}},{"type":"Feature","properties":{"segmentId":"osm-gaul2-73705-544505042-6347483914-0","regionId":"gaul2-73705","province":"Nangroe Aceh Darussalam","region":"Kota Bandaaceh","roadName":"Jalan Teungku Chik Ditiro","highway":"trunk","lengthMeters":9.053,"osmWayIds":["1010125197"],"u":"544505042","v":"6347483914","key":0,"oneway":true,"source":"OpenStreetMap"},"geometry":{"type":"LineString","coordinates":[[95.3244332,5.5510328],[95.3243515,5.5510368]]}},{"type":"Feature","properties":{"segmentId":"osm-gaul2-73705-544505071-10558528611-0","regionId":"gaul2-73705","province":"Nangroe Aceh Darussalam","region":"Kota Bandaaceh","roadName":"Jalan Ahmad Yani","highway":"secondary","lengthMeters":25.016,"osmWayIds":["1132346418"],"u":"544505071","v":"10558528611","key":0,"oneway":true,"source":"OpenStreetMap"},"geometry":{"type":"LineString","coordinates":[[95.3191129,5.5567679],[95.319124,5.5565432]]}},{"type":"Feature","properties":{"segmentId":"osm-gaul2-73705-544505071-3149496214-0","regionId":"gaul2-73705","province":"Nangroe Aceh Darussalam","region":"Kota Bandaaceh","roadName":"Unnamed OSM road","highway":"secondary_link","lengthMeters":9.496,"osmWayIds":["309613609"],"u":"544505071","v":"3149496214","key":0,"oneway":false,"source":"OpenStreetMap"},"geometry":{"type":"LineString","coordinates":[[95.3191129,5.5567679],[95.3190271,5.5567686]]}},{"type":"Feature","properties":{"segmentId":"osm-gaul2-73705-544509565-6134234650-0","regionId":"gaul2-73705","province":"Nangroe Aceh Darussalam","region":"Kota Bandaaceh","roadName":"Unnamed OSM road","highway":"tertiary","lengthMeters":63.224,"osmWayIds":["654617031"],"u":"544509565","v":"6134234650","key":0,"oneway":true,"source":"OpenStreetMap"},"geometry":{"type":"LineString","coordinates":[[95.2896056,5.5545892],[95.2896877,5.5543895],[95.2897426,5.5542836],[95.2898824,5.5540959]]}},{"type":"Feature","properties":{"segmentId":"osm-gaul2-73705-544509565-6145334208-0","regionId":"gaul2-73705","province":"Nangroe Aceh Darussalam","region":"Kota Bandaaceh","roadName":"Jalan Rama Setia","highway":"tertiary","lengthMeters":3616.359,"osmWayIds":["136491573","275515301","304277843","304277846","43446152","489996084","489996089","489996091","654629548"],"u":"544509565","v":"6145334208","key":0,"oneway":false,"source":"OpenStreetMap"},"geometry":{"type":"LineString","coordinates":[[95.2896056,5.5545892],[95.2893046,5.5559864],[95.289161,5.5566391],[95.2891279,5.5567988],[95.2891178,5.5568284],[95.2890531,5.5571055],[95.2890453,5.5571377],[95.2890225,5.5572283],[95.2888841,5.557746],[95.2887885,5.5580616],[95.2887812,5.5580864],[95.2888,5.5581801],[95.2888365,5.5582507],[95.2889054,5.558321],[95.2889836,5.5583582],[95.2892139,5.5583625],[95.2895975,5.558425],[95.2896816,5.5584501],[95.2898359,5.5585169],[95.2902255,5.5587145],[95.290371,5.558788],[95.2907876,5.5590047],[95.2910522,5.5591536],[95.2912018,5.559257],[95.2914058,5.5593734],[95.2916202,5.5594973],[95.2920059,5.5596839],[95.2920453,5.5597029],[95.2921124,5.5597362],[95.2925053,5.5599231],[95.2930004,5.5601554],[95.2931375,5.5602267],[95.2933077,5.5603152],[95.2934202,5.5603737],[95.2936813,5.5605095],[95.2942149,5.560787],[95.2942711,5.5608162],[95.2944937,5.5609319],[95.2948655,5.5611253],[95.2952613,5.5613223],[95.2952859,5.561344],[95.2953353,5.5613698],[95.2956195,5.5615174],[95.2958722,5.561658],[95.2963372,5.561893],[95.2964901,5.5619702],[95.2966966,5.5620775],[95.2967497,5.5621047],[95.2969001,5.5621817],[95.2970844,5.5622792],[95.2973646,5.5623913],[95.2976906,5.5624928],[95.2980004,5.5625539],[95.2980573,5.562565],[95.2983906,5.5626089],[95.2985474,5.5626277],[95.2991378,5.5626938],[95.2995914,5.5627347],[95.2997585,5.5627501],[95.3001863,5.5628125],[95.3002602,5.5628216],[95.3005223,5.5628461],[95.3007599,5.5628716],[95.3009033,5.5628863],[95.3010434,5.5628623],[95.301136,5.5628605],[95.3012131,5.562859],[95.3013573,5.5628436],[95.3014826,5.5628196],[95.3016899,5.5627755],[95.3019581,5.5627101],[95.3023289,5.562546],[95.3024898,5.5624792],[95.3028565,5.5623069],[95.3033365,5.5620983],[95.3034797,5.562028],[95.3039932,5.5617571],[95.3045551,5.5614501],[95.3049923,5.5611898],[95.305381,5.5609762],[95.3054498,5.5609333],[95.30555,5.5608547],[95.3058466,5.5606479],[95.305974,5.5605585],[95.3062065,5.5603617],[95.3063616,5.5602328],[95.30665,5.5600459],[95.3071502,5.5598496],[95.3071904,5.5598337],[95.3076123,5.5596687],[95.3077162,5.559634],[95.3081165,5.5594591],[95.3083547,5.5593695],[95.3083593,5.5593677],[95.3085199,5.5593036],[95.308536,5.5592972],[95.3090988,5.5590768],[95.3095568,5.5588789],[95.3098769,5.5587416],[95.310263,5.5585681],[95.3103392,5.5585334],[95.3116456,5.5579657],[95.3117164,5.5579344],[95.3119198,5.5578368],[95.3122132,5.557694],[95.3124328,5.5575953],[95.3125414,5.5575468],[95.312704,5.5574533],[95.3133751,5.5570861],[95.3134147,5.5570634],[95.3144712,5.5564587],[95.3150292,5.5561303]]}},{"type":"Feature","properties":{"segmentId":"osm-gaul2-73705-544527025-3071652169-0","regionId":"gaul2-73705","province":"Nangroe Aceh Darussalam","region":"Kota Bandaaceh","roadName":"Jalan Soekarno-Hatta","highway":"trunk","lengthMeters":147.407,"osmWayIds":["507496055"],"u":"544527025","v":"3071652169","key":0,"oneway":true,"source":"OpenStreetMap"},"geometry":{"type":"LineString","coordinates":[[95.3242625,5.5155687],[95.3255486,5.5152243]]}},{"type":"Feature","properties":{"segmentId":"osm-gaul2-73705-544527025-3107827336-0","regionId":"gaul2-73705","province":"Nangroe Aceh Darussalam","region":"Kota Bandaaceh","roadName":"Jalan Sultan Malikul Saleh","highway":"secondary","lengthMeters":121.618,"osmWayIds":["305777992","306019327"],"u":"544527025","v":"3107827336","key":0,"oneway":false,"source":"OpenStreetMap"},"geometry":{"type":"LineString","coordinates":[[95.3242625,5.5155687],[95.3242115,5.5157249],[95.323905,5.5166029]]}},{"type":"Feature","properties":{"segmentId":"osm-gaul2-73705-544527030-3096812634-0","regionId":"gaul2-73705","province":"Nangroe Aceh Darussalam","region":"Kota Bandaaceh","roadName":"Jalan Wedana","highway":"tertiary","lengthMeters":14.176,"osmWayIds":["43326778"],"u":"544527030","v":"3096812634","key":0,"oneway":false,"source":"OpenStreetMap"},"geometry":{"type":"LineString","coordinates":[[95.3041423,5.5203069],[95.3042198,5.5204084]]}},{"type":"Feature","properties":{"segmentId":"osm-gaul2-73705-544527030-3101162702-0","regionId":"gaul2-73705","province":"Nangroe Aceh Darussalam","region":"Kota Bandaaceh","roadName":"Jalan Soekarno-Hatta","highway":"trunk","lengthMeters":192.499,"osmWayIds":["305484703","305484705","43324105"],"u":"544527030","v":"3101162702","key":0,"oneway":true,"source":"OpenStreetMap"},"geometry":{"type":"LineString","coordinates":[[95.3041423,5.5203069],[95.3040407,5.5203289],[95.3039362,5.5203604],[95.3036241,5.5204444],[95.3029861,5.5206136],[95.302661,5.520707],[95.3024615,5.5207501]]}},{"type":"Feature","properties":{"segmentId":"osm-gaul2-73705-544527030-544527731-0","regionId":"gaul2-73705","province":"Nangroe Aceh Darussalam","region":"Kota Bandaaceh","roadName":"Mata Ie","highway":"tertiary","lengthMeters":1758.499,"osmWayIds":["43326835","507496056","654626762","654626763"],"u":"544527030","v":"544527731","key":0,"oneway":false,"source":"OpenStreetMap"},"geometry":{"type":"LineString","coordinates":[[95.3041423,5.5203069],[95.3041022,5.5202084],[95.3040657,5.5201226],[95.3040139,5.5200263],[95.3037933,5.5197416],[95.3037049,5.5196201],[95.3036115,5.5194974],[95.3034809,5.5192791],[95.3034588,5.5192317],[95.3034478,5.5191892],[95.3034408,5.5190928],[95.3034479,5.5185179],[95.3034457,5.5179041],[95.3034494,5.5172813],[95.3034608,5.5171991],[95.3034966,5.5166332],[95.3034914,5.516022],[95.3034905,5.5158314],[95.3034727,5.5154239],[95.3034614,5.515068],[95.3034775,5.5146409],[95.3034861,5.5145002],[95.303456,5.51411],[95.3034526,5.5139436],[95.3034167,5.5135462],[95.3034054,5.5133766],[95.3033914,5.5130242],[95.3033869,5.5128622],[95.3033679,5.5127769],[95.3033539,5.5127305],[95.3032866,5.5125966],[95.3029291,5.5121809],[95.3028992,5.5121285],[95.3028848,5.5120581],[95.3029285,5.5116777],[95.3029555,5.5113729],[95.3029793,5.5108256],[95.3029913,5.5106548],[95.3030171,5.5103997],[95.3030897,5.5098448],[95.3031043,5.5097655],[95.3031704,5.5093987],[95.3031874,5.5093089],[95.3032041,5.5092307],[95.3033056,5.5086488],[95.3034383,5.5080216],[95.3034437,5.5079733],[95.3034338,5.5076209],[95.3034225,5.5073499],[95.3034206,5.5073127],[95.3034198,5.5072468],[95.3033703,5.5065896],[95.3033479,5.5063248],[95.3033099,5.5059325],[95.3032852,5.5057518],[95.3032194,5.5055337],[95.3031616,5.5052993],[95.3031497,5.505218],[95.30315,5.5051736],[95.3032451,5.504952]]}},{"type":"Feature","properties":{"segmentId":"osm-gaul2-73705-544527031-3071652162-0","regionId":"gaul2-73705","province":"Nangroe Aceh Darussalam","region":"Kota Bandaaceh","roadName":"Unnamed OSM road","highway":"trunk_link","lengthMeters":27.345,"osmWayIds":["654522811"],"u":"544527031","v":"3071652162","key":0,"oneway":true,"source":"OpenStreetMap"},"geometry":{"type":"LineString","coordinates":[[95.3044002,5.5205917],[95.3043936,5.52056],[95.3043916,5.5205346],[95.3043962,5.5204966],[95.3044076,5.5204679],[95.304417,5.5204473],[95.3044539,5.5204118],[95.3044879,5.5203818]]}},{"type":"Feature","properties":{"segmentId":"osm-gaul2-73705-544527031-3096812634-0","regionId":"gaul2-73705","province":"Nangroe Aceh Darussalam","region":"Kota Bandaaceh","roadName":"Jalan Wedana","highway":"tertiary","lengthMeters":28.532,"osmWayIds":["507496054"],"u":"544527031","v":"3096812634","key":0,"oneway":false,"source":"OpenStreetMap"},"geometry":{"type":"LineString","coordinates":[[95.3044002,5.5205917],[95.3042198,5.5204084]]}},{"type":"Feature","properties":{"segmentId":"osm-gaul2-73705-544527031-7720635438-0","regionId":"gaul2-73705","province":"Nangroe Aceh Darussalam","region":"Kota Bandaaceh","roadName":"Jalan Wedana","highway":"tertiary","lengthMeters":1797.42,"osmWayIds":["507496054"],"u":"544527031","v":"7720635438","key":0,"oneway":false,"source":"OpenStreetMap"},"geometry":{"type":"LineString","coordinates":[[95.3044002,5.5205917],[95.3044566,5.5206395],[95.305101,5.5210366],[95.3055464,5.5213143],[95.3056388,5.5213719],[95.305662,5.5213885],[95.3056742,5.5213972],[95.3058403,5.5215069],[95.3059446,5.521555],[95.306034,5.5215935],[95.3063058,5.5216724],[95.3064101,5.5217027],[95.3064847,5.5217234],[95.306713,5.5218015],[95.3069922,5.5218915],[95.3071663,5.5219483],[95.3074,5.5220265],[95.3077309,5.5221269],[95.3079587,5.5221961],[95.3083127,5.5223037],[95.3086868,5.5224142],[95.3092145,5.5225757],[95.3095332,5.5226749],[95.3099834,5.5228136],[95.3102595,5.5228974],[95.3106519,5.5230189],[95.3108077,5.5230646],[95.3120333,5.523424],[95.3123764,5.5235246],[95.3127984,5.5236421],[95.3129762,5.5237019],[95.3134987,5.5238577],[95.313821,5.5239556],[95.3143032,5.5240963],[95.3147761,5.5242408],[95.3151306,5.5243477],[95.3161199,5.5246468],[95.3162546,5.5246891],[95.316713,5.5248248],[95.3175098,5.5250598],[95.3179931,5.5252021],[95.3180946,5.5252304],[95.3183042,5.5252888],[95.319189,5.5255421],[95.3195226,5.5256479],[95.3197368,5.5257225]]}},{"type":"Feature","properties":{"segmentId":"osm-gaul2-73705-544527046-6134011548-0","regionId":"gaul2-73705","province":"Nangroe Aceh Darussalam","region":"Kota Bandaaceh","roadName":"Jalan Wedana","highway":"tertiary","lengthMeters":27.8,"osmWayIds":["507496054"],"u":"544527046","v":"6134011548","key":0,"oneway":false,"source":"OpenStreetMap"},"geometry":{"type":"LineString","coordinates":[[95.3200422,5.5258323],[95.3198062,5.5257467]]}},{"type":"Feature","properties":{"segmentId":"osm-gaul2-73705-544527046-6134011574-0","regionId":"gaul2-73705","province":"Nangroe Aceh Darussalam","region":"Kota Bandaaceh","roadName":"Jalan Tengku Dilhong 2","highway":"tertiary","lengthMeters":11.806,"osmWayIds":["771840607"],"u":"544527046","v":"6134011574","key":0,"oneway":false,"source":"OpenStreetMap"},"geometry":{"type":"LineString","coordinates":[[95.3200422,5.5258323],[95.3201408,5.5258728]]}},{"type":"Feature","properties":{"segmentId":"osm-gaul2-73705-544527046-7720635434-0","regionId":"gaul2-73705","province":"Nangroe Aceh Darussalam","region":"Kota Bandaaceh","roadName":"Jalan Sultan Malikul Saleh","highway":"secondary","lengthMeters":39.726,"osmWayIds":["654622302","654634691"],"u":"544527046","v":"7720635434","key":0,"oneway":true,"source":"OpenStreetMap"},"geometry":{"type":"LineString","coordinates":[[95.3200422,5.5258323],[95.3199483,5.5260223],[95.3198892,5.5261554]]}},{"type":"Feature","properties":{"segmentId":"osm-gaul2-73705-544527054-3088066710-0","regionId":"gaul2-73705","province":"Nangroe Aceh Darussalam","region":"Kota Bandaaceh","roadName":"Jalan Pelabuhan Lama Ulee Lheue","highway":"trunk","lengthMeters":520.436,"osmWayIds":["24602043","43718206","43718212"],"u":"544527054","v":"3088066710","key":0,"oneway":true,"source":"OpenStreetMap"},"geometry":{"type":"LineString","coordinates":[[95.285937,5.5598562],[95.2854341,5.5595013],[95.2854166,5.5594891],[95.284974,5.5591207],[95.2847783,5.5589622],[95.2846109,5.5587999],[95.2845204,5.5586931],[95.2844732,5.5586288],[95.2843872,5.5584646],[95.2843635,5.5583741],[95.2843477,5.5582624],[95.2843637,5.5574991],[95.2843597,5.5567738],[95.2843563,5.5565704],[95.2843823,5.5563825],[95.2843923,5.5563393],[95.2844037,5.556307],[95.2844258,5.5562626],[95.2844577,5.5561929],[95.2845663,5.5560386],[95.2846347,5.555963]]}},{"type":"Feature","properties":{"segmentId":"osm-gaul2-73705-544527054-3088515728-0","regionId":"gaul2-73705","province":"Nangroe Aceh Darussalam","region":"Kota Bandaaceh","roadName":"Unnamed OSM road","highway":"trunk_link","lengthMeters":10.399,"osmWayIds":["304326175"],"u":"544527054","v":"3088515728","key":0,"oneway":false,"source":"OpenStreetMap"},"geometry":{"type":"LineString","coordinates":[[95.285937,5.5598562],[95.2858806,5.559931]]}},{"type":"Feature","properties":{"segmentId":"osm-gaul2-73705-544527086-3066460422-0","regionId":"gaul2-73705","province":"Nangroe Aceh Darussalam","region":"Kota Bandaaceh","roadName":"Jalan Stadion Haji Dimurthala","highway":"tertiary","lengthMeters":24.136,"osmWayIds":["43326784"],"u":"544527086","v":"3066460422","key":0,"oneway":true,"source":"OpenStreetMap"},"geometry":{"type":"LineString","coordinates":[[95.3392093,5.5672763],[95.3393474,5.5671083]]}},{"type":"Feature","properties":{"segmentId":"osm-gaul2-73705-544527086-3066460424-0","regionId":"gaul2-73705","province":"Nangroe Aceh Darussalam","region":"Kota Bandaaceh","roadName":"Jalan Mohammad Daud Beureueh","highway":"trunk","lengthMeters":10.37,"osmWayIds":["1009829956"],"u":"544527086","v":"3066460424","key":0,"oneway":true,"source":"OpenStreetMap"},"geometry":{"type":"LineString","coordinates":[[95.3392093,5.5672763],[95.3391423,5.5672111]]}},{"type":"Feature","properties":{"segmentId":"osm-gaul2-73705-544527097-544527098-0","regionId":"gaul2-73705","province":"Nangroe Aceh Darussalam","region":"Kota Bandaaceh","roadName":"Jalan Stadion Haji Dimurthala","highway":"tertiary","lengthMeters":66.562,"osmWayIds":["43326784"],"u":"544527097","v":"544527098","key":0,"oneway":true,"source":"OpenStreetMap"},"geometry":{"type":"LineString","coordinates":[[95.3405256,5.5652309],[95.3406798,5.5646523]]}},{"type":"Feature","properties":{"segmentId":"osm-gaul2-73705-544527097-6147300036-0","regionId":"gaul2-73705","province":"Nangroe Aceh Darussalam","region":"Kota Bandaaceh","roadName":"Unnamed OSM road","highway":"tertiary_link","lengthMeters":15.449,"osmWayIds":["656208956"],"u":"544527097","v":"6147300036","key":0,"oneway":false,"source":"OpenStreetMap"},"geometry":{"type":"LineString","coordinates":[[95.3405256,5.5652309],[95.3403901,5.5651975]]}},{"type":"Feature","properties":{"segmentId":"osm-gaul2-73705-544527098-3066460393-0","regionId":"gaul2-73705","province":"Nangroe Aceh Darussalam","region":"Kota Bandaaceh","roadName":"Jalan Stadion Haji Dimurthala","highway":"tertiary","lengthMeters":404.044,"osmWayIds":["302388793"],"u":"544527098","v":"3066460393","key":0,"oneway":false,"source":"OpenStreetMap"},"geometry":{"type":"LineString","coordinates":[[95.3406798,5.5646523],[95.3407596,5.5645455],[95.34117,5.5640736],[95.3415574,5.5636483],[95.3416193,5.5635804],[95.3419868,5.5631934],[95.3423523,5.5628079],[95.3426261,5.5630413],[95.3432285,5.5635547]]}},{"type":"Feature","properties":{"segmentId":"osm-gaul2-73705-544527098-6147300036-0","regionId":"gaul2-73705","province":"Nangroe Aceh Darussalam","region":"Kota Bandaaceh","roadName":"Jalan Stadion Haji Dimurthala","highway":"tertiary","lengthMeters":69.555,"osmWayIds":["302388792"],"u":"544527098","v":"6147300036","key":0,"oneway":true,"source":"OpenStreetMap"},"geometry":{"type":"LineString","coordinates":[[95.3406798,5.5646523],[95.3406285,5.5646963],[95.3405645,5.5647764],[95.3405256,5.5648531],[95.3403901,5.5651975]]}},{"type":"Feature","properties":{"segmentId":"osm-gaul2-73705-544527105-3092199328-0","regionId":"gaul2-73705","province":"Nangroe Aceh Darussalam","region":"Kota Bandaaceh","roadName":"Jalan Teuku Panglima Nyak Makam","highway":"primary","lengthMeters":427.415,"osmWayIds":["43326798"],"u":"544527105","v":"3092199328","key":0,"oneway":true,"source":"OpenStreetMap"},"geometry":{"type":"LineString","coordinates":[[95.3434534,5.5638146],[95.3434333,5.5640522],[95.3434043,5.5643399],[95.3433654,5.5645748],[95.3433514,5.5646324],[95.3433332,5.564707],[95.3431803,5.5652329],[95.3430244,5.5657756],[95.3428776,5.5662419],[95.3426529,5.5669877],[95.3424812,5.5675241]]}},{"type":"Feature","properties":{"segmentId":"osm-gaul2-73705-544527108-3060053323-0","regionId":"gaul2-73705","province":"Nangroe Aceh Darussalam","region":"Kota Bandaaceh","roadName":"Jalan Teuku Panglima Nyak Makam","highway":"primary","lengthMeters":57.34,"osmWayIds":["1010143531","43326798"],"u":"544527108","v":"3060053323","key":0,"oneway":true,"source":"OpenStreetMap"},"geometry":{"type":"LineString","coordinates":[[95.3446206,5.5530989],[95.3445991,5.5533212],[95.344571,5.5536122]]}},{"type":"Feature","properties":{"segmentId":"osm-gaul2-73705-544527108-3060069733-0","regionId":"gaul2-73705","province":"Nangroe Aceh Darussalam","region":"Kota Bandaaceh","roadName":"Jalan T. Iskandar","highway":"tertiary","lengthMeters":17.073,"osmWayIds":["1010143532"],"u":"544527108","v":"3060069733","key":0,"oneway":false,"source":"OpenStreetMap"},"geometry":{"type":"LineString","coordinates":[[95.3446206,5.5530989],[95.3447132,5.5529761]]}},{"type":"Feature","properties":{"segmentId":"osm-gaul2-73705-544527108-544527303-0","regionId":"gaul2-73705","province":"Nangroe Aceh Darussalam","region":"Kota Bandaaceh","roadName":"Jalan T. Iskandar","highway":"tertiary","lengthMeters":67.92,"osmWayIds":["43326797"],"u":"544527108","v":"544527303","key":0,"oneway":false,"source":"OpenStreetMap"},"geometry":{"type":"LineString","coordinates":[[95.3446206,5.5530989],[95.3444483,5.5532371],[95.3442927,5.5533632],[95.3441405,5.5534793]]}},{"type":"Feature","properties":{"segmentId":"osm-gaul2-73705-544527109-3060069332-0","regionId":"gaul2-73705","province":"Nangroe Aceh Darussalam","region":"Kota Bandaaceh","roadName":"Jalan T. Iskandar","highway":"primary_link","lengthMeters":32.229,"osmWayIds":["301855274"],"u":"544527109","v":"3060069332","key":0,"oneway":true,"source":"OpenStreetMap"},"geometry":{"type":"LineString","coordinates":[[95.345013,5.5527332],[95.3449325,5.5527532],[95.3448909,5.5527292],[95.3448651,5.5527031],[95.344803,5.552597]]}},{"type":"Feature","properties":{"segmentId":"osm-gaul2-73705-544527109-3060069733-0","regionId":"gaul2-73705","province":"Nangroe Aceh Darussalam","region":"Kota Bandaaceh","roadName":"Jalan T. Iskandar","highway":"tertiary","lengthMeters":42.783,"osmWayIds":["1145541504"],"u":"544527109","v":"3060069733","key":0,"oneway":false,"source":"OpenStreetMap"},"geometry":{"type":"LineString","coordinates":[[95.345013,5.5527332],[95.3447132,5.5529761]]}},{"type":"Feature","properties":{"segmentId":"osm-gaul2-73705-544527109-7698044442-0","regionId":"gaul2-73705","province":"Nangroe Aceh Darussalam","region":"Kota Bandaaceh","roadName":"Jalan T. Iskandar","highway":"tertiary","lengthMeters":1264.704,"osmWayIds":["1145541504"],"u":"544527109","v":"7698044442","key":0,"oneway":false,"source":"OpenStreetMap"},"geometry":{"type":"LineString","coordinates":[[95.345013,5.5527332],[95.3451042,5.5526639],[95.3451203,5.5526517],[95.3453,5.5525022],[95.3455373,5.5523204],[95.3455803,5.5522933],[95.3456228,5.552271],[95.3456708,5.552252],[95.3457539,5.5522326],[95.3459896,5.5522079],[95.3464479,5.5521719],[95.3466659,5.5521565],[95.3474159,5.5520938],[95.3481907,5.5520157],[95.3485643,5.5519745],[95.349049,5.5519303],[95.3494161,5.5519036],[95.3494929,5.5518966],[95.3498903,5.5518727],[95.3503134,5.5518393],[95.3508001,5.5517956],[95.3510453,5.5517868],[95.3512934,5.5517668],[95.3514315,5.5517507],[95.3516444,5.5517327],[95.3518613,5.55172],[95.3522268,5.5516993],[95.3523347,5.55169],[95.3526016,5.5516626],[95.352664,5.5516573],[95.3531099,5.5516299],[95.3531877,5.5516259],[95.3543055,5.5515345],[95.3544609,5.5515188],[95.3552111,5.5514627],[95.3553334,5.5514511],[95.3559577,5.5513877],[95.3562394,5.5513693]]}},{"type":"Feature","properties":{"segmentId":"osm-gaul2-73705-544527125-6349968686-0","regionId":"gaul2-73705","province":"Nangroe Aceh Darussalam","region":"Kota Bandaaceh","roadName":"Jalan Syiah Kuala","highway":"tertiary","lengthMeters":597.608,"osmWayIds":["824405273"],"u":"544527125","v":"6349968686","key":0,"oneway":false,"source":"OpenStreetMap"},"geometry":{"type":"LineString","coordinates":[[95.3294139,5.5685782],[95.3294719,5.5678097],[95.3294816,5.5676276],[95.3295295,5.5669882],[95.3295879,5.5661167],[95.3295916,5.5660865],[95.3296083,5.5658956],[95.3296728,5.5650116],[95.3297097,5.5644222],[95.3297387,5.5640057],[95.3297417,5.563951],[95.3297719,5.5634145],[95.3297836,5.5632166]]}},{"type":"Feature","properties":{"segmentId":"osm-gaul2-73705-544527125-6354312945-0","regionId":"gaul2-73705","province":"Nangroe Aceh Darussalam","region":"Kota Bandaaceh","roadName":"Jalan Syiah Kuala","highway":"tertiary","lengthMeters":1136.685,"osmWayIds":["824405273"],"u":"544527125","v":"6354312945","key":0,"oneway":false,"source":"OpenStreetMap"},"geometry":{"type":"LineString","coordinates":[[95.3294139,5.5685782],[95.329339,5.5696952],[95.3293219,5.5699305],[95.3293036,5.5703725],[95.3292865,5.5706024],[95.3292547,5.5709831],[95.3292356,5.5712387],[95.3291972,5.5718434],[95.3291965,5.5719048],[95.3291842,5.5722164],[95.3291545,5.5728544],[95.3291162,5.5735485],[95.3290694,5.574316],[95.3290628,5.5744649],[95.3290593,5.5746862],[95.3290624,5.5748026],[95.3290369,5.575173],[95.3289787,5.5758584],[95.3289517,5.5761762],[95.3289445,5.5763682],[95.3289193,5.5767614],[95.3289089,5.5769237],[95.3288887,5.577404],[95.3288643,5.5777267],[95.3288423,5.5779672],[95.3288177,5.5783591],[95.3288041,5.5785732],[95.3287933,5.5787802]]}},{"type":"Feature","properties":{"segmentId":"osm-gaul2-73705-544527125-7719544391-0","regionId":"gaul2-73705","province":"Nangroe Aceh Darussalam","region":"Kota Bandaaceh","roadName":"Jalan PKA","highway":"tertiary","lengthMeters":885.876,"osmWayIds":["301926471","302388795"],"u":"544527125","v":"7719544391","key":0,"oneway":false,"source":"OpenStreetMap"},"geometry":{"type":"LineString","coordinates":[[95.3294139,5.5685782],[95.3296231,5.5687552],[95.3297354,5.5688778],[95.3297867,5.5689286],[95.3298422,5.5689645],[95.3299128,5.569001],[95.3299429,5.5690112],[95.3300349,5.5690425],[95.3302723,5.5691034],[95.3303903,5.5691337],[95.3310742,5.569296],[95.331324,5.5693785],[95.3315415,5.5694431],[95.3318599,5.5695915],[95.3319317,5.5696287],[95.3320947,5.5697364],[95.3322169,5.5698347],[95.3322624,5.5698846],[95.3322932,5.5699433],[95.3323536,5.5700451],[95.3324184,5.5701214],[95.3325494,5.570241],[95.3326934,5.5703499],[95.3330037,5.5705563],[95.3332001,5.5706859],[95.3333592,5.5708215],[95.3334533,5.5708963],[95.3335462,5.5709696],[95.3337953,5.5707221],[95.3338685,5.5706559],[95.3339146,5.5706228],[95.3339629,5.5706027],[95.3340486,5.5705759],[95.3342861,5.5704412],[95.334565,5.5702957],[95.3348279,5.5701515],[95.3351216,5.5699927],[95.3353724,5.5698699],[95.3356098,5.5697711],[95.3357345,5.5697084],[95.3360482,5.5695179],[95.3362059,5.5694221]]}},{"type":"Feature","properties":{"segmentId":"osm-gaul2-73705-544527164-6134011556-0","regionId":"gaul2-73705","province":"Nangroe Aceh Darussalam","region":"Kota Bandaaceh","roadName":"Jalan Sultan Malikul Saleh","highway":"secondary","lengthMeters":225.793,"osmWayIds":["654634691"],"u":"544527164","v":"6134011556","key":0,"oneway":true,"source":"OpenStreetMap"},"geometry":{"type":"LineString","coordinates":[[95.321856,5.5215329],[95.3214975,5.5224332],[95.3214646,5.5225133],[95.3214372,5.5225787],[95.3212947,5.5229028],[95.3210842,5.5234124]]}},{"type":"Feature","properties":{"segmentId":"osm-gaul2-73705-544527164-6134011567-0","regionId":"gaul2-73705","province":"Nangroe Aceh Darussalam","region":"Kota Bandaaceh","roadName":"Unnamed OSM road","highway":"secondary_link","lengthMeters":11.9,"osmWayIds":["654634688"],"u":"544527164","v":"6134011567","key":0,"oneway":false,"source":"OpenStreetMap"},"geometry":{"type":"LineString","coordinates":[[95.321856,5.5215329],[95.3219524,5.5215803]]}},{"type":"Feature","properties":{"segmentId":"osm-gaul2-73705-544527263-544527265-0","regionId":"gaul2-73705","province":"Nangroe Aceh Darussalam","region":"Kota Bandaaceh","roadName":"Jalan Mayjen T. Hamzah Bendahara","highway":"tertiary","lengthMeters":33.193,"osmWayIds":["703424024"],"u":"544527263","v":"544527265","key":0,"oneway":true,"source":"OpenStreetMap"},"geometry":{"type":"LineString","coordinates":[[95.3295339,5.5548248],[95.3295714,5.554704],[95.329611,5.5545365]]}},{"type":"Feature","properties":{"segmentId":"osm-gaul2-73705-544527263-544527498-0","regionId":"gaul2-73705","province":"Nangroe Aceh Darussalam","region":"Kota Bandaaceh","roadName":"Jalan Mayjen T. Hamzah Bendahara","highway":"tertiary","lengthMeters":891.675,"osmWayIds":["43326795","678230091"],"u":"544527263","v":"544527498","key":0,"oneway":false,"source":"OpenStreetMap"},"geometry":{"type":"LineString","coordinates":[[95.3295339,5.5548248],[95.3295279,5.5548704],[95.3295149,5.554981],[95.329434,5.5553995],[95.3293846,5.5557789],[95.3292628,5.5558393],[95.3292053,5.555861],[95.3290927,5.5558612],[95.3285864,5.5557919],[95.3284536,5.5557719],[95.3282645,5.5557465],[95.3277813,5.5556719],[95.3276892,5.5556577],[95.3274934,5.5556199],[95.3264466,5.5554632],[95.3259438,5.55538],[95.3258451,5.555364],[95.3257435,5.5553475],[95.3254364,5.5552978],[95.3239899,5.5550557],[95.323431,5.5549669],[95.3225514,5.5555249]]}},{"type":"Feature","properties":{"segmentId":"osm-gaul2-73705-544527265-540943229-0","regionId":"gaul2-73705","province":"Nangroe Aceh Darussalam","region":"Kota Bandaaceh","roadName":"Jalan Mayjen T. Hamzah Bendahara","highway":"primary_link","lengthMeters":121.332,"osmWayIds":["302052894"],"u":"544527265","v":"540943229","key":0,"oneway":true,"source":"OpenStreetMap"},"geometry":{"type":"LineString","coordinates":[[95.329611,5.5545365],[95.3297384,5.5544544],[95.3297974,5.5544317],[95.3299583,5.5543984],[95.3303902,5.5543303],[95.3304666,5.5543276],[95.3304948,5.5543296],[95.3305283,5.5543396],[95.3306504,5.5544077]]}},{"type":"Feature","properties":{"segmentId":"osm-gaul2-73705-544527265-6604072745-0","regionId":"gaul2-73705","province":"Nangroe Aceh Darussalam","region":"Kota Bandaaceh","roadName":"Terowongan Beurawe","highway":"tertiary","lengthMeters":274.914,"osmWayIds":["703234689","703234690","703234694"],"u":"544527265","v":"6604072745","key":0,"oneway":true,"source":"OpenStreetMap"},"geometry":{"type":"LineString","coordinates":[[95.329611,5.5545365],[95.3296378,5.5544744],[95.3296734,5.5544271],[95.3297183,5.5543957],[95.3298068,5.554371],[95.3299376,5.5543443],[95.3305283,5.5542542],[95.3308556,5.5541968],[95.3310695,5.5541514],[95.3315556,5.5540606],[95.3319861,5.5540126]]}},{"type":"Feature","properties":{"segmentId":"osm-gaul2-73705-544527303-3060053323-0","regionId":"gaul2-73705","province":"Nangroe Aceh Darussalam","region":"Kota Bandaaceh","roadName":"Jalan T. Iskandar","highway":"primary_link","lengthMeters":51.882,"osmWayIds":["301852984"],"u":"544527303","v":"3060053323","key":0,"oneway":true,"source":"OpenStreetMap"},"geometry":{"type":"LineString","coordinates":[[95.3441405,5.5534793],[95.3443075,5.5534967],[95.3444134,5.55351],[95.3444778,5.5535281],[95.3445227,5.5535561],[95.344571,5.5536122]]}},{"type":"Feature","properties":{"segmentId":"osm-gaul2-73705-544527303-544527108-0","regionId":"gaul2-73705","province":"Nangroe Aceh Darussalam","region":"Kota Bandaaceh","roadName":"Jalan T. Iskandar","highway":"tertiary","lengthMeters":67.92,"osmWayIds":["43326797"],"u":"544527303","v":"544527108","key":0,"oneway":false,"source":"OpenStreetMap"},"geometry":{"type":"LineString","coordinates":[[95.3441405,5.5534793],[95.3442927,5.5533632],[95.3444483,5.5532371],[95.3446206,5.5530989]]}},{"type":"Feature","properties":{"segmentId":"osm-gaul2-73705-544527303-6604072756-0","regionId":"gaul2-73705","province":"Nangroe Aceh Darussalam","region":"Kota Bandaaceh","roadName":"Jalan T. Iskandar","highway":"tertiary","lengthMeters":1313.654,"osmWayIds":["43326797"],"u":"544527303","v":"6604072756","key":0,"oneway":false,"source":"OpenStreetMap"},"geometry":{"type":"LineString","coordinates":[[95.3441405,5.5534793],[95.3440581,5.5535087],[95.3439876,5.5535247],[95.3439206,5.5535361],[95.3437985,5.5535434],[95.3437291,5.5535437],[95.3436074,5.5535441],[95.3434418,5.5535354],[95.3429174,5.5534668],[95.3428508,5.5534543],[95.3422663,5.5533632],[95.3421215,5.5533465],[95.3417467,5.5533198],[95.3413124,5.5533033],[95.3408213,5.5532665],[95.3396147,5.5532271],[95.3393447,5.5532211],[95.339038,5.5532084],[95.3387643,5.5532286],[95.3385306,5.5532645],[95.3384615,5.5532814],[95.3384409,5.5532865],[95.3382437,5.5533132],[95.3379875,5.5533385],[95.3378268,5.5533563],[95.3375543,5.5533866],[95.3372621,5.5534077],[95.3370567,5.5534152],[95.3366759,5.5534293],[95.3360724,5.5533879],[95.3358901,5.5533892],[95.3356186,5.5534302],[95.3353336,5.553465],[95.335279,5.5534823],[95.3347744,5.5535647],[95.3346,5.5535977],[95.3343279,5.553633],[95.3340366,5.5536776],[95.3339649,5.5536893],[95.3338596,5.5537091],[95.3329349,5.5538514],[95.3328947,5.5538573],[95.3323549,5.5539371]]}},{"type":"Feature","properties":{"segmentId":"osm-gaul2-73705-544527315-3066460420-0","regionId":"gaul2-73705","province":"Nangroe Aceh Darussalam","region":"Kota Bandaaceh","roadName":"Jalan Teuku Nyak Arief","highway":"trunk","lengthMeters":303.698,"osmWayIds":["1009829957","253620669","947747732"],"u":"544527315","v":"3066460420","key":0,"oneway":true,"source":"OpenStreetMap"},"geometry":{"type":"LineString","coordinates":[[95.3411792,5.5694206],[95.3408897,5.5691318],[95.3405346,5.5687668],[95.3402513,5.5684938],[95.3401333,5.5683656],[95.3400032,5.5682066],[95.3397156,5.5678723],[95.3396183,5.5677516],[95.3394882,5.5675841],[95.3393297,5.5674069]]}},{"type":"Feature","properties":{"segmentId":"osm-gaul2-73705-544527335-2237426219-0","regionId":"gaul2-73705","province":"Nangroe Aceh Darussalam","region":"Kota Bandaaceh","roadName":"Jalan Syiah Kuala","highway":"tertiary","lengthMeters":35.653,"osmWayIds":["824405273"],"u":"544527335","v":"2237426219","key":0,"oneway":false,"source":"OpenStreetMap"},"geometry":{"type":"LineString","coordinates":[[95.3298108,5.5628503],[95.3297849,5.5631699]]}},{"type":"Feature","properties":{"segmentId":"osm-gaul2-73705-544527335-6349968687-0","regionId":"gaul2-73705","province":"Nangroe Aceh Darussalam","region":"Kota Bandaaceh","roadName":"Jalan Pocut Baren","highway":"secondary","lengthMeters":36.115,"osmWayIds":["1008389803"],"u":"544527335","v":"6349968687","key":0,"oneway":false,"source":"OpenStreetMap"},"geometry":{"type":"LineString","coordinates":[[95.3298108,5.5628503],[95.3294913,5.5627842]]}},{"type":"Feature","properties":{"segmentId":"osm-gaul2-73705-544527335-7695312703-0","regionId":"gaul2-73705","province":"Nangroe Aceh Darussalam","region":"Kota Bandaaceh","roadName":"Jalan Syiah Kuala","highway":"secondary","lengthMeters":38.859,"osmWayIds":["1032459089"],"u":"544527335","v":"7695312703","key":0,"oneway":false,"source":"OpenStreetMap"},"geometry":{"type":"LineString","coordinates":[[95.3298108,5.5628503],[95.3298246,5.5625011]]}},{"type":"Feature","properties":{"segmentId":"osm-gaul2-73705-544527421-6135023056-0","regionId":"gaul2-73705","province":"Nangroe Aceh Darussalam","region":"Kota Bandaaceh","roadName":"Jalan Ahmad Yani","highway":"secondary","lengthMeters":232.65,"osmWayIds":["43324621"],"u":"544527421","v":"6135023056","key":0,"oneway":true,"source":"OpenStreetMap"},"geometry":{"type":"LineString","coordinates":[[95.3190556,5.5579191],[95.3190536,5.557995],[95.3190447,5.5584474],[95.3190215,5.5592824],[95.3190127,5.5596207],[95.3190141,5.5599083],[95.3190134,5.5599451],[95.319006,5.5600104]]}},{"type":"Feature","properties":{"segmentId":"osm-gaul2-73705-544527421-6350187337-0","regionId":"gaul2-73705","province":"Nangroe Aceh Darussalam","region":"Kota Bandaaceh","roadName":"Jalan Ahmad Yani","highway":"secondary","lengthMeters":33.715,"osmWayIds":["828735450"],"u":"544527421","v":"6350187337","key":0,"oneway":false,"source":"OpenStreetMap"},"geometry":{"type":"LineString","coordinates":[[95.3190556,5.5579191],[95.3190581,5.5576159]]}},{"type":"Feature","properties":{"segmentId":"osm-gaul2-73705-544527429-267398164-0","regionId":"gaul2-73705","province":"Nangroe Aceh Darussalam","region":"Kota Bandaaceh","roadName":"Unnamed OSM road","highway":"secondary","lengthMeters":123.654,"osmWayIds":["1008031467"],"u":"544527429","v":"267398164","key":0,"oneway":true,"source":"OpenStreetMap"},"geometry":{"type":"LineString","coordinates":[[95.3210955,5.5604864],[95.3209913,5.5615936]]}},{"type":"Feature","properties":{"segmentId":"osm-gaul2-73705-544527429-3066427694-0","regionId":"gaul2-73705","province":"Nangroe Aceh Darussalam","region":"Kota Bandaaceh","roadName":"Jalan W.R. Supratman","highway":"secondary","lengthMeters":16.427,"osmWayIds":["654720699"],"u":"544527429","v":"3066427694","key":0,"oneway":true,"source":"OpenStreetMap"},"geometry":{"type":"LineString","coordinates":[[95.3210955,5.5604864],[95.3212436,5.5604962]]}},{"type":"Feature","properties":{"segmentId":"osm-gaul2-73705-544527494-544527498-0","regionId":"gaul2-73705","province":"Nangroe Aceh Darussalam","region":"Kota Bandaaceh","roadName":"Jalan Mayjen T. Hamzah Bendahara","highway":"tertiary","lengthMeters":48.401,"osmWayIds":["43326818"],"u":"544527494","v":"544527498","key":0,"oneway":true,"source":"OpenStreetMap"},"geometry":{"type":"LineString","coordinates":[[95.3222108,5.5557966],[95.3224334,5.5556357],[95.3225514,5.5555249]]}},{"type":"Feature","properties":{"segmentId":"osm-gaul2-73705-544527498-544527263-0","regionId":"gaul2-73705","province":"Nangroe Aceh Darussalam","region":"Kota Bandaaceh","roadName":"Jalan Mayjen T. Hamzah Bendahara","highway":"tertiary","lengthMeters":891.675,"osmWayIds":["43326795","678230091"],"u":"544527498","v":"544527263","key":0,"oneway":false,"source":"OpenStreetMap"},"geometry":{"type":"LineString","coordinates":[[95.3225514,5.5555249],[95.323431,5.5549669],[95.3239899,5.5550557],[95.3254364,5.5552978],[95.3257435,5.5553475],[95.3258451,5.555364],[95.3259438,5.55538],[95.3264466,5.5554632],[95.3274934,5.5556199],[95.3276892,5.5556577],[95.3277813,5.5556719],[95.3282645,5.5557465],[95.3284536,5.5557719],[95.3285864,5.5557919],[95.3290927,5.5558612],[95.3292053,5.555861],[95.3292628,5.5558393],[95.3293846,5.5557789],[95.329434,5.5553995],[95.3295149,5.554981],[95.3295279,5.5548704],[95.3295339,5.5548248]]}},{"type":"Feature","properties":{"segmentId":"osm-gaul2-73705-544527498-765045853-0","regionId":"gaul2-73705","province":"Nangroe Aceh Darussalam","region":"Kota Bandaaceh","roadName":"Unnamed OSM road","highway":"tertiary","lengthMeters":86.363,"osmWayIds":["678230090"],"u":"544527498","v":"765045853","key":0,"oneway":true,"source":"OpenStreetMap"},"geometry":{"type":"LineString","coordinates":[[95.3225514,5.5555249],[95.3224059,5.5555703],[95.3221055,5.5557425],[95.3218659,5.555889]]}},{"type":"Feature","properties":{"segmentId":"osm-gaul2-73705-544527731-3107520819-0","regionId":"gaul2-73705","province":"Nangroe Aceh Darussalam","region":"Kota Bandaaceh","roadName":"Mata Ie","highway":"tertiary","lengthMeters":508.736,"osmWayIds":["507496056"],"u":"544527731","v":"3107520819","key":0,"oneway":false,"source":"OpenStreetMap"},"geometry":{"type":"LineString","coordinates":[[95.3032451,5.504952],[95.3032107,5.5048052],[95.3032144,5.5047644],[95.3032114,5.5047194],[95.3031832,5.5045649],[95.3031433,5.504421],[95.3030684,5.5041171],[95.3029847,5.503791],[95.3029592,5.5033855],[95.3029487,5.5033079],[95.3029042,5.5030674],[95.3028797,5.5029671],[95.3028439,5.5028202],[95.3027782,5.5026209],[95.3027089,5.5024751],[95.3026451,5.5023641],[95.3026204,5.5023055],[95.3024872,5.501882],[95.3024459,5.5017081],[95.3024323,5.5015873],[95.302435,5.5015533],[95.3024657,5.5011932],[95.302467,5.5011091],[95.3024644,5.5009916],[95.3024577,5.5008728],[95.3024484,5.5007941],[95.302431,5.5006979],[95.3024178,5.5006429],[95.3023966,5.5005845],[95.3023602,5.5005123]]}},{"type":"Feature","properties":{"segmentId":"osm-gaul2-73705-544527731-3107827340-0","regionId":"gaul2-73705","province":"Nangroe Aceh Darussalam","region":"Kota Bandaaceh","roadName":"Unnamed OSM road","highway":"tertiary","lengthMeters":3032.318,"osmWayIds":["306004395"],"u":"544527731","v":"3107827340","key":0,"oneway":false,"source":"OpenStreetMap"},"geometry":{"type":"LineString","coordinates":[[95.3032451,5.504952],[95.3038499,5.5049813],[95.3042646,5.5050159],[95.3045327,5.5050021],[95.3046051,5.5049894],[95.3048062,5.5049428],[95.3052931,5.5047968],[95.3053719,5.5047821],[95.3054547,5.5047765],[95.3055432,5.5047955],[95.3056028,5.5048195],[95.3056484,5.5048515],[95.3057065,5.5048992],[95.3059561,5.5050908],[95.3060726,5.5051802],[95.3064528,5.5053992],[95.3065101,5.5054296],[95.3065698,5.5054536],[95.3073527,5.5056535],[95.3076618,5.505726],[95.3077989,5.5057516],[95.3079558,5.5057623],[95.3080879,5.5057662],[95.3081305,5.505762],[95.3082863,5.5056422],[95.3091119,5.5048899],[95.3091635,5.5048502],[95.30925,5.5047965],[95.3095256,5.504666],[95.309679,5.5046119],[95.3098284,5.5045756],[95.3098988,5.5045686],[95.3099869,5.5045706],[95.3103616,5.5046489],[95.3109371,5.5048055],[95.3117125,5.5050575],[95.312183,5.5052119],[95.3129072,5.5054265],[95.3129623,5.5054402],[95.3133125,5.5054962],[95.3135761,5.5055383],[95.3137723,5.5055632],[95.3140275,5.5055663],[95.3152664,5.505736],[95.3157906,5.5057957],[95.3161681,5.5058384],[95.3168171,5.5058974],[95.3169196,5.5059075],[95.3171315,5.5059285],[95.3173452,5.5059635],[95.3178389,5.5060926],[95.3181828,5.506198],[95.3187349,5.5063915],[95.3191505,5.5065787],[95.3195311,5.5067298],[95.3196806,5.5067891],[95.3197265,5.5068253],[95.3198146,5.5069082],[95.3198481,5.5069785],[95.319866,5.5070418],[95.3198758,5.5071099],[95.3198988,5.5073318],[95.3199079,5.5075578],[95.3199221,5.5077293],[95.3199357,5.5077926],[95.3199515,5.5078366],[95.3199787,5.5079019],[95.3200544,5.5080162],[95.3203892,5.5085035],[95.3204777,5.5086406],[95.3209927,5.5094102],[95.3212269,5.5097713],[95.3213186,5.5099064],[95.3215191,5.5102123],[95.3217145,5.5105538],[95.3219813,5.5109349],[95.3220482,5.5110479],[95.3226355,5.5119378],[95.322756,5.5121185],[95.3227729,5.5121461],[95.3231443,5.5127072],[95.3231907,5.512763],[95.3233889,5.5130321],[95.3235688,5.5133218],[95.3237532,5.5136251],[95.3237901,5.5137441],[95.3238508,5.5139058],[95.3241876,5.5150705],[95.3243028,5.5154279]]}},{"type":"Feature","properties":{"segmentId":"osm-gaul2-73705-544527731-544527030-0","regionId":"gaul2-73705","province":"Nangroe Aceh Darussalam","region":"Kota Bandaaceh","roadName":"Mata Ie","highway":"tertiary","lengthMeters":1758.499,"osmWayIds":["43326835","507496056","654626762","654626763"],"u":"544527731","v":"544527030","key":0,"oneway":false,"source":"OpenStreetMap"},"geometry":{"type":"LineString","coordinates":[[95.3032451,5.504952],[95.30315,5.5051736],[95.3031497,5.505218],[95.3031616,5.5052993],[95.3032194,5.5055337],[95.3032852,5.5057518],[95.3033099,5.5059325],[95.3033479,5.5063248],[95.3033703,5.5065896],[95.3034198,5.5072468],[95.3034206,5.5073127],[95.3034225,5.5073499],[95.3034338,5.5076209],[95.3034437,5.5079733],[95.3034383,5.5080216],[95.3033056,5.5086488],[95.3032041,5.5092307],[95.3031874,5.5093089],[95.3031704,5.5093987],[95.3031043,5.5097655],[95.3030897,5.5098448],[95.3030171,5.5103997],[95.3029913,5.5106548],[95.3029793,5.5108256],[95.3029555,5.5113729],[95.3029285,5.5116777],[95.3028848,5.5120581],[95.3028992,5.5121285],[95.3029291,5.5121809],[95.3032866,5.5125966],[95.3033539,5.5127305],[95.3033679,5.5127769],[95.3033869,5.5128622],[95.3033914,5.5130242],[95.3034054,5.5133766],[95.3034167,5.5135462],[95.3034526,5.5139436],[95.303456,5.51411],[95.3034861,5.5145002],[95.3034775,5.5146409],[95.3034614,5.515068],[95.3034727,5.5154239],[95.3034905,5.5158314],[95.3034914,5.516022],[95.3034966,5.5166332],[95.3034608,5.5171991],[95.3034494,5.5172813],[95.3034457,5.5179041],[95.3034479,5.5185179],[95.3034408,5.5190928],[95.3034478,5.5191892],[95.3034588,5.5192317],[95.3034809,5.5192791],[95.3036115,5.5194974],[95.3037049,5.5196201],[95.3037933,5.5197416],[95.3040139,5.5200263],[95.3040657,5.5201226],[95.3041022,5.5202084],[95.3041423,5.5203069]]}},{"type":"Feature","properties":{"segmentId":"osm-gaul2-73705-544528463-3104614420-0","regionId":"gaul2-73705","province":"Nangroe Aceh Darussalam","region":"Kota Bandaaceh","roadName":"Jalan Residen Danubroto","highway":"tertiary","lengthMeters":1420.859,"osmWayIds":["244177709","244177710","654622301"],"u":"544528463","v":"3104614420","key":0,"oneway":false,"source":"OpenStreetMap"},"geometry":{"type":"LineString","coordinates":[[95.3039496,5.5325426],[95.3045048,5.5324343],[95.3047247,5.532413],[95.3047874,5.5324189],[95.3049246,5.5324317],[95.305352,5.5324495],[95.3053949,5.5324428],[95.3056924,5.5323563],[95.3059997,5.5323085],[95.3061535,5.5323051],[95.306379,5.5323348],[95.3066765,5.5322903],[95.3068374,5.5322612],[95.3070375,5.5322555],[95.3071745,5.5322534],[95.307233,5.5322555],[95.3072866,5.5322648],[95.3073448,5.5323088],[95.3073858,5.5323476],[95.3074552,5.5323727],[95.307646,5.5324044],[95.3077207,5.5324215],[95.3077979,5.5324414],[95.3081751,5.5325105],[95.3084375,5.5325648],[95.3088328,5.5326323],[95.3089567,5.5326525],[95.3091961,5.5327294],[95.3092866,5.5327894],[95.3093694,5.5328686],[95.3097467,5.5332235],[95.3098026,5.5332744],[95.3099454,5.5333564],[95.3101091,5.5334242],[95.3101821,5.5334465],[95.3102177,5.5334901],[95.3102663,5.5335763],[95.3104105,5.5338834],[95.3105389,5.5341302],[95.3106009,5.534214],[95.3106263,5.5342447],[95.3106555,5.5342746],[95.3106839,5.5342977],[95.3110408,5.5344966],[95.3112231,5.5345982],[95.3113808,5.5346783],[95.3115397,5.5347479],[95.3118469,5.5348484],[95.3119218,5.5348764],[95.3119896,5.5349075],[95.3120556,5.5349439],[95.3121096,5.5349779],[95.3122441,5.5350719],[95.3123586,5.5351417],[95.312521,5.5352105],[95.3129705,5.5354162],[95.3131376,5.5354789],[95.3136022,5.5356781],[95.3139046,5.535788],[95.314037,5.5358333],[95.3145824,5.5360662],[95.3147361,5.5361534],[95.3147976,5.5362308],[95.3148312,5.5363096],[95.3148779,5.5364728],[95.3149915,5.5368706]]}},{"type":"Feature","properties":{"segmentId":"osm-gaul2-73705-544528463-4265989288-0","regionId":"gaul2-73705","province":"Nangroe Aceh Darussalam","region":"Kota Bandaaceh","roadName":"Jalan Jenderal Sudirman","highway":"tertiary","lengthMeters":115.096,"osmWayIds":["507496052"],"u":"544528463","v":"4265989288","key":0,"oneway":false,"source":"OpenStreetMap"},"geometry":{"type":"LineString","coordinates":[[95.3039496,5.5325426],[95.303955,5.5326157],[95.3039775,5.5327672],[95.3040135,5.5330085],[95.3040332,5.5331411],[95.3040966,5.5335671]]}},{"type":"Feature","properties":{"segmentId":"osm-gaul2-73705-544528463-544528471-0","regionId":"gaul2-73705","province":"Nangroe Aceh Darussalam","region":"Kota Bandaaceh","roadName":"Jalan Jenderal Sudirman","highway":"tertiary","lengthMeters":1280.295,"osmWayIds":["507496052"],"u":"544528463","v":"544528471","key":0,"oneway":false,"source":"OpenStreetMap"},"geometry":{"type":"LineString","coordinates":[[95.3039496,5.5325426],[95.3038739,5.5319678],[95.3038582,5.5314353],[95.3036588,5.5306964],[95.3035788,5.5301216],[95.3035658,5.530028],[95.3034688,5.5293418],[95.3034243,5.5290737],[95.3034001,5.5289625],[95.3032984,5.5283259],[95.3032259,5.5275732],[95.3030787,5.5269033],[95.3030084,5.5264317],[95.3029525,5.5260557],[95.3029227,5.5258721],[95.3027653,5.5248697],[95.3027096,5.5244525],[95.30266,5.5240848],[95.3026418,5.5239897],[95.3025632,5.5234778],[95.3024869,5.5229462],[95.3024598,5.5227967],[95.3023295,5.5219538],[95.3023067,5.5218155],[95.302296,5.5216406],[95.3023094,5.521443],[95.3023595,5.5212804],[95.3024046,5.5211827]]}},{"type":"Feature","properties":{"segmentId":"osm-gaul2-73705-544528471-4969850524-0","regionId":"gaul2-73705","province":"Nangroe Aceh Darussalam","region":"Kota Bandaaceh","roadName":"Jalan Jenderal Sudirman","highway":"tertiary","lengthMeters":37.754,"osmWayIds":["507496052"],"u":"544528471","v":"4969850524","key":0,"oneway":false,"source":"OpenStreetMap"},"geometry":{"type":"LineString","coordinates":[[95.3024046,5.5211827],[95.3024737,5.5210125],[95.3024839,5.5209662],[95.3024914,5.5208579]]}},{"type":"Feature","properties":{"segmentId":"osm-gaul2-73705-544528471-544528463-0","regionId":"gaul2-73705","province":"Nangroe Aceh Darussalam","region":"Kota Bandaaceh","roadName":"Jalan Jenderal Sudirman","highway":"tertiary","lengthMeters":1280.295,"osmWayIds":["507496052"],"u":"544528471","v":"544528463","key":0,"oneway":false,"source":"OpenStreetMap"},"geometry":{"type":"LineString","coordinates":[[95.3024046,5.5211827],[95.3023595,5.5212804],[95.3023094,5.521443],[95.302296,5.5216406],[95.3023067,5.5218155],[95.3023295,5.5219538],[95.3024598,5.5227967],[95.3024869,5.5229462],[95.3025632,5.5234778],[95.3026418,5.5239897],[95.30266,5.5240848],[95.3027096,5.5244525],[95.3027653,5.5248697],[95.3029227,5.5258721],[95.3029525,5.5260557],[95.3030084,5.5264317],[95.3030787,5.5269033],[95.3032259,5.5275732],[95.3032984,5.5283259],[95.3034001,5.5289625],[95.3034243,5.5290737],[95.3034688,5.5293418],[95.3035658,5.530028],[95.3035788,5.5301216],[95.3036588,5.5306964],[95.3038582,5.5314353],[95.3038739,5.5319678],[95.3039496,5.5325426]]}},{"type":"Feature","properties":{"segmentId":"osm-gaul2-73705-5456040336-6134413781-0","regionId":"gaul2-73705","province":"Nangroe Aceh Darussalam","region":"Kota Bandaaceh","roadName":"Jalan Raya Medan Banda Aceh","highway":"trunk","lengthMeters":1560.054,"osmWayIds":["654622283"],"u":"5456040336","v":"6134413781","key":0,"oneway":false,"source":"OpenStreetMap"},"geometry":{"type":"LineString","coordinates":[[95.3688383,5.4956425],[95.368586,5.495916],[95.36803,5.4965802],[95.3679666,5.4966558],[95.3673068,5.497438],[95.3666961,5.4981436],[95.3664364,5.4984484],[95.3660433,5.4989034],[95.3658943,5.4990713],[95.3658029,5.4991824],[95.3657564,5.4992389],[95.3653333,5.4997301],[95.3648469,5.5002883],[95.3631066,5.5022984],[95.3629091,5.5025319],[95.3627109,5.502774],[95.3623179,5.5032116],[95.3618793,5.5037189],[95.3616614,5.5039764],[95.3610371,5.504682],[95.3608426,5.5049009],[95.3606809,5.5050978],[95.3603652,5.5054676],[95.3601064,5.5057813],[95.3600541,5.505832],[95.3596536,5.5062828]]}},{"type":"Feature","properties":{"segmentId":"osm-gaul2-73705-553302436-6132954737-0","regionId":"gaul2-73705","province":"Nangroe Aceh Darussalam","region":"Kota Bandaaceh","roadName":"Jalan Teuku Nyak Arief","highway":"trunk","lengthMeters":757.558,"osmWayIds":["43712907"],"u":"553302436","v":"6132954737","key":0,"oneway":true,"source":"OpenStreetMap"},"geometry":{"type":"LineString","coordinates":[[95.3537084,5.5805444],[95.3536238,5.5805057],[95.3535165,5.5804619],[95.3534552,5.5804299],[95.3533834,5.5803852],[95.3533244,5.5803374],[95.3532027,5.5802312],[95.3527387,5.5798209],[95.3522074,5.5793671],[95.3511806,5.5785172],[95.3508507,5.5782439],[95.3505685,5.5780233],[95.3505154,5.5779818],[95.3500005,5.5775204],[95.3497261,5.5772932],[95.3491717,5.5768471],[95.348966,5.5766643],[95.348436,5.5762184]]}},{"type":"Feature","properties":{"segmentId":"osm-gaul2-73705-553302436-6351323406-0","regionId":"gaul2-73705","province":"Nangroe Aceh Darussalam","region":"Kota Bandaaceh","roadName":"Unnamed OSM road","highway":"trunk","lengthMeters":29.626,"osmWayIds":["43713212"],"u":"553302436","v":"6351323406","key":0,"oneway":true,"source":"OpenStreetMap"},"geometry":{"type":"LineString","coordinates":[[95.3537084,5.5805444],[95.3536557,5.5805536],[95.3536077,5.5805774],[95.3535685,5.5806136],[95.3535412,5.5806595],[95.353528,5.5807111]]}},{"type":"Feature","properties":{"segmentId":"osm-gaul2-73705-553303167-6133925877-0","regionId":"gaul2-73705","province":"Nangroe Aceh Darussalam","region":"Kota Bandaaceh","roadName":"Unnamed OSM road","highway":"trunk","lengthMeters":5.861,"osmWayIds":["43713212"],"u":"553303167","v":"6133925877","key":0,"oneway":true,"source":"OpenStreetMap"},"geometry":{"type":"LineString","coordinates":[[95.3538548,5.5808536],[95.3538838,5.5808095]]}},{"type":"Feature","properties":{"segmentId":"osm-gaul2-73705-553304510-553303167-0","regionId":"gaul2-73705","province":"Nangroe Aceh Darussalam","region":"Kota Bandaaceh","roadName":"Unnamed OSM road","highway":"trunk","lengthMeters":38.711,"osmWayIds":["43713212"],"u":"553304510","v":"553303167","key":0,"oneway":true,"source":"OpenStreetMap"},"geometry":{"type":"LineString","coordinates":[[95.3535543,5.5808274],[95.3535857,5.5808661],[95.3536263,5.5808951],[95.3536731,5.5809124],[95.3537229,5.5809167],[95.3537721,5.5809078],[95.3538171,5.5808863],[95.3538548,5.5808536]]}},{"type":"Feature","properties":{"segmentId":"osm-gaul2-73705-553304510-6351622192-0","regionId":"gaul2-73705","province":"Nangroe Aceh Darussalam","region":"Kota Bandaaceh","roadName":"Jalan Laksamana Malahayati","highway":"trunk","lengthMeters":323.256,"osmWayIds":["306020838","678308704","678337395","812433154"],"u":"553304510","v":"6351622192","key":0,"oneway":true,"source":"OpenStreetMap"},"geometry":{"type":"LineString","coordinates":[[95.3535543,5.5808274],[95.3535625,5.5809114],[95.3535737,5.5810582],[95.3535713,5.5811601],[95.3535646,5.5812042],[95.3535516,5.5812418],[95.3534505,5.5814296],[95.3533412,5.5816064],[95.3531346,5.5819608],[95.3529221,5.5823259],[95.3527873,5.5825401],[95.3526942,5.5826939],[95.3524735,5.5830559],[95.3524357,5.5831429],[95.3523866,5.5832249],[95.35227,5.5833765]]}},{"type":"Feature","properties":{"segmentId":"osm-gaul2-73705-553306116-6145923130-0","regionId":"gaul2-73705","province":"Nangroe Aceh Darussalam","region":"Kota Bandaaceh","roadName":"Jalan Teuku Nyak Arief","highway":"trunk","lengthMeters":445.635,"osmWayIds":["1009829955","253620656","253620664"],"u":"553306116","v":"6145923130","key":0,"oneway":true,"source":"OpenStreetMap"},"geometry":{"type":"LineString","coordinates":[[95.3393581,5.5676387],[95.3396331,5.5679533],[95.3398947,5.5682884],[95.3400233,5.5684324],[95.3404607,5.5688527],[95.34082,5.5692119],[95.3411135,5.569494],[95.3414961,5.5698695],[95.3421803,5.5704893]]}},{"type":"Feature","properties":{"segmentId":"osm-gaul2-73705-553309689-3088066709-0","regionId":"gaul2-73705","province":"Nangroe Aceh Darussalam","region":"Kota Bandaaceh","roadName":"Jalan Banda Aceh Meulaboh","highway":"trunk","lengthMeters":905.104,"osmWayIds":["304432797","678183339","678183340"],"u":"553309689","v":"3088066709","key":0,"oneway":false,"source":"OpenStreetMap"},"geometry":{"type":"LineString","coordinates":[[95.287172,5.5485148],[95.2871779,5.5487583],[95.2871557,5.5488882],[95.2871323,5.5489479],[95.2870239,5.5491088],[95.2868535,5.5493486],[95.2867721,5.5494702],[95.2867164,5.5495672],[95.2866964,5.5496593],[95.286699,5.5497727],[95.2867169,5.5500767],[95.2867332,5.550231],[95.2867532,5.5504],[95.2867705,5.5505488],[95.2867996,5.5507445],[95.2869883,5.5514736],[95.286974,5.5516331],[95.2868983,5.5517915],[95.2861086,5.5527113],[95.2859553,5.5528952],[95.2852981,5.5537155],[95.2851802,5.5538694],[95.2851175,5.5539832],[95.2850853,5.5540467],[95.2850107,5.5542694],[95.2849795,5.5543713],[95.2848921,5.5546555],[95.284822,5.5548817],[95.2847353,5.5552929],[95.2847016,5.5554767],[95.2846535,5.5557267],[95.2846362,5.5557761]]}},{"type":"Feature","properties":{"segmentId":"osm-gaul2-73705-553309689-6133835053-0","regionId":"gaul2-73705","province":"Nangroe Aceh Darussalam","region":"Kota Bandaaceh","roadName":"Unnamed OSM road","highway":"tertiary","lengthMeters":1110.291,"osmWayIds":["43718315","43718324","654614107"],"u":"553309689","v":"6133835053","key":0,"oneway":false,"source":"OpenStreetMap"},"geometry":{"type":"LineString","coordinates":[[95.287172,5.5485148],[95.2858887,5.5484057],[95.2857511,5.5483997],[95.284696,5.5484358],[95.2840367,5.5483972],[95.2838004,5.5483558],[95.2822405,5.5479024],[95.2816923,5.547735],[95.280752,5.5474444],[95.2807056,5.5474307],[95.2795827,5.5470984],[95.2792405,5.5470089],[95.279131,5.546969],[95.2789724,5.5469051],[95.2787979,5.5468407],[95.278708,5.5467913],[95.2784417,5.5465682],[95.278365,5.5465125],[95.2783299,5.5464869],[95.2782022,5.5464193],[95.2778953,5.5463241],[95.277552,5.5462026]]}},{"type":"Feature","properties":{"segmentId":"osm-gaul2-73705-553309689-7566013593-0","regionId":"gaul2-73705","province":"Nangroe Aceh Darussalam","region":"Kota Bandaaceh","roadName":"Jalan Ulee Lheue - Lhoknga","highway":"trunk","lengthMeters":1280.513,"osmWayIds":["304432797","304432798","43325172"],"u":"553309689","v":"7566013593","key":0,"oneway":false,"source":"OpenStreetMap"},"geometry":{"type":"LineString","coordinates":[[95.287172,5.5485148],[95.2871922,5.5479348],[95.2871861,5.5474964],[95.2871836,5.5474256],[95.287175,5.5471658],[95.287173,5.5470162],[95.287155,5.5468226],[95.2871162,5.5465829],[95.2870858,5.5463847],[95.2870526,5.5462375],[95.2869734,5.5459653],[95.2868402,5.5455181],[95.2867858,5.5453976],[95.2866054,5.5449364],[95.2865634,5.5448145],[95.2863468,5.5443683],[95.2860349,5.5436316],[95.2859011,5.5432584],[95.2857729,5.5427862],[95.2857376,5.5426548],[95.2857284,5.5426206],[95.2856425,5.5423],[95.2856228,5.5422368],[95.2856123,5.5421603],[95.285601,5.5421234],[95.2855451,5.5419973],[95.2851705,5.5410601],[95.285084,5.5406887],[95.2850427,5.5405416],[95.2848613,5.5399649],[95.2848072,5.5398139],[95.2846732,5.539377],[95.2844287,5.5385492],[95.2843514,5.5383631],[95.2842639,5.5382051],[95.2840355,5.5378562],[95.2838823,5.5376049]]}},{"type":"Feature","properties":{"segmentId":"osm-gaul2-73705-553311543-6347379382-0","regionId":"gaul2-73705","province":"Nangroe Aceh Darussalam","region":"Kota Bandaaceh","roadName":"Jalan Teuku Nyak Arief","highway":"secondary","lengthMeters":8.62,"osmWayIds":["1010847318"],"u":"553311543","v":"6347379382","key":0,"oneway":true,"source":"OpenStreetMap"},"geometry":{"type":"LineString","coordinates":[[95.3721726,5.5713554],[95.3720974,5.5713756]]}},{"type":"Feature","properties":{"segmentId":"osm-gaul2-73705-553311543-7587942391-0","regionId":"gaul2-73705","province":"Nangroe Aceh Darussalam","region":"Kota Bandaaceh","roadName":"Jalan Hasan Krueng Kalee","highway":"tertiary","lengthMeters":237.161,"osmWayIds":["310763415"],"u":"553311543","v":"7587942391","key":0,"oneway":true,"source":"OpenStreetMap"},"geometry":{"type":"LineString","coordinates":[[95.3721726,5.5713554],[95.3721709,5.5713444],[95.3721323,5.5709208],[95.3721132,5.5704662],[95.372059,5.5697228],[95.372051,5.5694816],[95.3720309,5.5692277]]}},{"type":"Feature","properties":{"segmentId":"osm-gaul2-73705-553311552-2006027813-0","regionId":"gaul2-73705","province":"Nangroe Aceh Darussalam","region":"Kota Bandaaceh","roadName":"Jalan Teuku Nyak Arief","highway":"secondary","lengthMeters":140.056,"osmWayIds":["43718567","654627454","656103057"],"u":"553311552","v":"2006027813","key":0,"oneway":true,"source":"OpenStreetMap"},"geometry":{"type":"LineString","coordinates":[[95.3620257,5.5733254],[95.3617623,5.5733575],[95.3614707,5.5733775],[95.361374,5.5733761],[95.3613118,5.5733682],[95.3612421,5.5733438],[95.3611472,5.5732852],[95.3610703,5.5732322],[95.3609138,5.5731327],[95.3608414,5.573091]]}},{"type":"Feature","properties":{"segmentId":"osm-gaul2-73705-553311552-7207205111-0","regionId":"gaul2-73705","province":"Nangroe Aceh Darussalam","region":"Kota Bandaaceh","roadName":"Unnamed OSM road","highway":"secondary_link","lengthMeters":147.09,"osmWayIds":["656102946"],"u":"553311552","v":"7207205111","key":0,"oneway":true,"source":"OpenStreetMap"},"geometry":{"type":"LineString","coordinates":[[95.3620257,5.5733254],[95.3619788,5.5733209],[95.3619278,5.5733191],[95.3618453,5.5733155],[95.3617432,5.5733147],[95.361542,5.5732963],[95.3614964,5.5732876],[95.3614593,5.5732681],[95.3614251,5.5732304],[95.3613987,5.573177],[95.361388,5.5731261],[95.3613774,5.572981],[95.3613827,5.5728083],[95.361388,5.5727469],[95.3614066,5.5726268],[95.3614039,5.5725383]]}},{"type":"Feature","properties":{"segmentId":"osm-gaul2-73705-553312141-3088722087-0","regionId":"gaul2-73705","province":"Nangroe Aceh Darussalam","region":"Kota Bandaaceh","roadName":"Unnamed OSM road","highway":"secondary","lengthMeters":4176.822,"osmWayIds":["566499858","566499859","566499861","654549115","678157934","678157935","815163371","815163372"],"u":"553312141","v":"3088722087","key":0,"oneway":false,"source":"OpenStreetMap"},"geometry":{"type":"LineString","coordinates":[[95.3834148,5.5692231],[95.3834873,5.5689439],[95.3838333,5.5680931],[95.3839586,5.5677852],[95.384016,5.5676441],[95.3843012,5.5669221],[95.3844635,5.5665163],[95.3846928,5.5659577],[95.3848082,5.5656413],[95.384957,5.5652522],[95.3850047,5.5651461],[95.3850824,5.5649279],[95.3853339,5.5642812],[95.3854097,5.5640803],[95.3855183,5.5638093],[95.3856705,5.5634236],[95.3857637,5.5631813],[95.386042,5.5624959],[95.386158,5.5622597],[95.3864208,5.5617564],[95.3864792,5.5616483],[95.3867635,5.5611077],[95.3868325,5.5609709],[95.3870264,5.5605217],[95.3874694,5.5591335],[95.3875078,5.5590075],[95.3877586,5.5581772],[95.3877908,5.5580744],[95.3885846,5.5553547],[95.3886723,5.5551104],[95.3889674,5.5545488],[95.3890322,5.5544194],[95.3895289,5.5534149],[95.3899548,5.5525791],[95.3900312,5.5524473],[95.390125,5.5523467],[95.3904579,5.552117],[95.3913174,5.5515191],[95.3925481,5.550663],[95.3929082,5.5504282],[95.3931492,5.5502424],[95.3933336,5.5500335],[95.3934659,5.5498851],[95.3938572,5.5494356],[95.3941585,5.5490842],[95.3943433,5.5488591],[95.3945579,5.5485977],[95.3948181,5.5482808],[95.3950053,5.5480538],[95.3950141,5.548045],[95.3950286,5.5480274],[95.3952649,5.5477527],[95.3953858,5.5475908],[95.3954472,5.5474793],[95.3961078,5.545788],[95.3962803,5.5453419],[95.3963679,5.5450907],[95.3963974,5.5449564],[95.3964135,5.5448631],[95.3964229,5.5447336],[95.3964194,5.5445982],[95.3964151,5.5444974],[95.3963813,5.5437094],[95.3963314,5.5428431],[95.3962713,5.5415654],[95.3962438,5.5410315],[95.3962156,5.5405229],[95.3962088,5.5402226],[95.39616,5.5390059],[95.3961253,5.537599],[95.3961714,5.5366885],[95.3961821,5.536509],[95.3962209,5.5359924],[95.3962432,5.5355686]]}},{"type":"Feature","properties":{"segmentId":"osm-gaul2-73705-553312141-3162488435-0","regionId":"gaul2-73705","province":"Nangroe Aceh Darussalam","region":"Kota Bandaaceh","roadName":"Unnamed OSM road","highway":"secondary","lengthMeters":629.767,"osmWayIds":["143025557"],"u":"553312141","v":"3162488435","key":0,"oneway":false,"source":"OpenStreetMap"},"geometry":{"type":"LineString","coordinates":[[95.3834148,5.5692231],[95.383328,5.5691731],[95.383244,5.5691334],[95.3831655,5.5691167],[95.383047,5.5691108],[95.3821756,5.5690851],[95.3818875,5.5690766],[95.3811311,5.5690446],[95.3808931,5.5690348],[95.3805316,5.5690326],[95.3801382,5.5690252],[95.3797412,5.5690296],[95.3793757,5.5690325],[95.3792882,5.5690356],[95.3786782,5.569037],[95.3785508,5.5690313],[95.3782007,5.5690386],[95.3778724,5.5690582],[95.3777562,5.5690929]]}},{"type":"Feature","properties":{"segmentId":"osm-gaul2-73705-553312141-7634326625-0","regionId":"gaul2-73705","province":"Nangroe Aceh Darussalam","region":"Kota Bandaaceh","roadName":"Unnamed OSM road","highway":"secondary","lengthMeters":2829.129,"osmWayIds":["143025557"],"u":"553312141","v":"7634326625","key":0,"oneway":false,"source":"OpenStreetMap"},"geometry":{"type":"LineString","coordinates":[[95.3834148,5.5692231],[95.3835046,5.5693062],[95.3836691,5.5694311],[95.3839731,5.5696893],[95.3841921,5.5698764],[95.3842258,5.5699017],[95.3845987,5.5702262],[95.3847914,5.5704024],[95.384982,5.570587],[95.3852671,5.5708813],[95.3854539,5.5710533],[95.3856768,5.5712585],[95.3860085,5.5715379],[95.3862808,5.5717812],[95.3863584,5.5718505],[95.3865775,5.5720464],[95.3866806,5.5721386],[95.3868496,5.5722773],[95.3870213,5.5724181],[95.3874521,5.5727695],[95.3876061,5.5728934],[95.3879285,5.5731528],[95.3882667,5.5734087],[95.3890074,5.574003],[95.3890487,5.5740411],[95.3888801,5.5743348],[95.3887856,5.5744754],[95.3887682,5.574494],[95.3884834,5.5747978],[95.3883332,5.5749758],[95.3882564,5.5751411],[95.388206,5.5753175],[95.3881823,5.5754355],[95.3881596,5.5755727],[95.3881504,5.5758611],[95.3881583,5.5760038],[95.3881905,5.5761645],[95.3882177,5.5762322],[95.3883591,5.5764276],[95.3884361,5.5765686],[95.3885402,5.5767875],[95.3886043,5.5768738],[95.3886951,5.5769773],[95.3889242,5.5772386],[95.3889455,5.5772537],[95.3890534,5.5773301],[95.3892466,5.5774393],[95.3894245,5.5775124],[95.3895552,5.577607],[95.3895693,5.577623],[95.3895861,5.5776619],[95.3895761,5.5777012],[95.3895381,5.5779149],[95.3895613,5.5781904],[95.3895886,5.5782829],[95.3896095,5.5783255],[95.3896644,5.578389],[95.3897204,5.5784285],[95.3899368,5.5784974],[95.390087,5.5785865],[95.3901617,5.5786702],[95.3904249,5.5790638],[95.3905937,5.5793162],[95.3907683,5.5795118],[95.3909019,5.5796406],[95.3910306,5.5797647],[95.3911849,5.5799714],[95.3915044,5.580269],[95.3916132,5.5803794],[95.3917086,5.5805056],[95.3918847,5.5806785],[95.3924015,5.581087],[95.3924377,5.5811139],[95.3925298,5.5812025],[95.3928587,5.58151],[95.3936993,5.5824744],[95.3938547,5.5826382],[95.3939864,5.5828173],[95.3943459,5.583427],[95.394396,5.5834854],[95.3944643,5.5835574],[95.3945649,5.5836736],[95.3946176,5.5837495],[95.3946552,5.5838525],[95.3947335,5.5842873],[95.394856,5.5850355],[95.3948853,5.5851722],[95.394947,5.5852956],[95.3950061,5.5853944],[95.3950919,5.5854745],[95.3951509,5.5855058],[95.395391,5.585604],[95.3957019,5.5857252],[95.3960602,5.5858903],[95.3961622,5.5859306],[95.3962574,5.5859613],[95.3964048,5.5859961],[95.3965724,5.5860448],[95.3966557,5.5860834],[95.3967435,5.5861346],[95.397332,5.5865632],[95.3980209,5.5870495],[95.3982208,5.5872066]]}},{"type":"Feature","properties":{"segmentId":"osm-gaul2-73705-553312186-6133926338-0","regionId":"gaul2-73705","province":"Nangroe Aceh Darussalam","region":"Kota Bandaaceh","roadName":"Unnamed OSM road","highway":"tertiary_link","lengthMeters":8.765,"osmWayIds":["772024701"],"u":"553312186","v":"6133926338","key":0,"oneway":false,"source":"OpenStreetMap"},"geometry":{"type":"LineString","coordinates":[[95.3613657,5.5722582],[95.3614352,5.572296]]}},{"type":"Feature","properties":{"segmentId":"osm-gaul2-73705-553312186-6349386157-0","regionId":"gaul2-73705","province":"Nangroe Aceh Darussalam","region":"Kota Bandaaceh","roadName":"Jalan Lingkar","highway":"tertiary","lengthMeters":8.966,"osmWayIds":["656102949"],"u":"553312186","v":"6349386157","key":0,"oneway":true,"source":"OpenStreetMap"},"geometry":{"type":"LineString","coordinates":[[95.3613657,5.5722582],[95.3613515,5.5723012],[95.3613446,5.5723359]]}},{"type":"Feature","properties":{"segmentId":"osm-gaul2-73705-5539087867-3059938477-0","regionId":"gaul2-73705","province":"Nangroe Aceh Darussalam","region":"Kota Bandaaceh","roadName":"Unnamed OSM road","highway":"trunk_link","lengthMeters":9.673,"osmWayIds":["656007434"],"u":"5539087867","v":"3059938477","key":0,"oneway":false,"source":"OpenStreetMap"},"geometry":{"type":"LineString","coordinates":[[95.3361716,5.5431024],[95.3360909,5.543069]]}},{"type":"Feature","properties":{"segmentId":"osm-gaul2-73705-5539087867-3059938512-0","regionId":"gaul2-73705","province":"Nangroe Aceh Darussalam","region":"Kota Bandaaceh","roadName":"Jalan Teungku Imum Lueng Bata","highway":"trunk","lengthMeters":377.044,"osmWayIds":["302052896"],"u":"5539087867","v":"3059938512","key":0,"oneway":true,"source":"OpenStreetMap"},"geometry":{"type":"LineString","coordinates":[[95.3361716,5.5431024],[95.3362984,5.5428432],[95.3366171,5.5421915],[95.3367611,5.5418972],[95.3369484,5.5416379],[95.3370836,5.5415223],[95.3372555,5.5413651],[95.3382393,5.540478]]}},{"type":"Feature","properties":{"segmentId":"osm-gaul2-73705-5956932017-6134011553-0","regionId":"gaul2-73705","province":"Nangroe Aceh Darussalam","region":"Kota Bandaaceh","roadName":"Jalan Sultan Malikul Saleh","highway":"secondary","lengthMeters":149.986,"osmWayIds":["654634691"],"u":"5956932017","v":"6134011553","key":0,"oneway":true,"source":"OpenStreetMap"},"geometry":{"type":"LineString","coordinates":[[95.3206799,5.5243271],[95.3204402,5.5248588],[95.3201455,5.5255665]]}},{"type":"Feature","properties":{"segmentId":"osm-gaul2-73705-5956932017-6134011554-0","regionId":"gaul2-73705","province":"Nangroe Aceh Darussalam","region":"Kota Bandaaceh","roadName":"Unnamed OSM road","highway":"secondary_link","lengthMeters":11.152,"osmWayIds":["654634685"],"u":"5956932017","v":"6134011554","key":0,"oneway":false,"source":"OpenStreetMap"},"geometry":{"type":"LineString","coordinates":[[95.3206799,5.5243271],[95.3207719,5.524368]]}},{"type":"Feature","properties":{"segmentId":"osm-gaul2-73705-6132954737-3092195795-0","regionId":"gaul2-73705","province":"Nangroe Aceh Darussalam","region":"Kota Bandaaceh","roadName":"Jalan Teuku Nyak Arief","highway":"trunk","lengthMeters":280.668,"osmWayIds":["43712907"],"u":"6132954737","v":"3092195795","key":0,"oneway":true,"source":"OpenStreetMap"},"geometry":{"type":"LineString","coordinates":[[95.348436,5.5762184],[95.3483368,5.5761367],[95.3478653,5.5757752],[95.3476616,5.5756011],[95.3474016,5.5753788],[95.3470229,5.5750477],[95.346521,5.5745666]]}},{"type":"Feature","properties":{"segmentId":"osm-gaul2-73705-6132954737-6360020430-0","regionId":"gaul2-73705","province":"Nangroe Aceh Darussalam","region":"Kota Bandaaceh","roadName":"Unnamed OSM road","highway":"trunk_link","lengthMeters":12.395,"osmWayIds":["1009775578"],"u":"6132954737","v":"6360020430","key":0,"oneway":false,"source":"OpenStreetMap"},"geometry":{"type":"LineString","coordinates":[[95.348436,5.5762184],[95.3483744,5.5763115]]}},{"type":"Feature","properties":{"segmentId":"osm-gaul2-73705-6132993309-3066427438-0","regionId":"gaul2-73705","province":"Nangroe Aceh Darussalam","region":"Kota Bandaaceh","roadName":"Jalan Mohammad Daud Beureueh","highway":"trunk","lengthMeters":9.172,"osmWayIds":["1008772723"],"u":"6132993309","v":"3066427438","key":0,"oneway":true,"source":"OpenStreetMap"},"geometry":{"type":"LineString","coordinates":[[95.3300647,5.5587828],[95.3301396,5.5588181]]}},{"type":"Feature","properties":{"segmentId":"osm-gaul2-73705-6132993309-6132993310-0","regionId":"gaul2-73705","province":"Nangroe Aceh Darussalam","region":"Kota Bandaaceh","roadName":"Jalan Syiah Kuala","highway":"secondary","lengthMeters":16.938,"osmWayIds":["655153972"],"u":"6132993309","v":"6132993310","key":0,"oneway":true,"source":"OpenStreetMap"},"geometry":{"type":"LineString","coordinates":[[95.3300647,5.5587828],[95.3300694,5.5588298],[95.3300883,5.5589332]]}},{"type":"Feature","properties":{"segmentId":"osm-gaul2-73705-6132993310-3066427438-0","regionId":"gaul2-73705","province":"Nangroe Aceh Darussalam","region":"Kota Bandaaceh","roadName":"Jalan Syiah Kuala","highway":"secondary","lengthMeters":14.026,"osmWayIds":["654515148"],"u":"6132993310","v":"3066427438","key":0,"oneway":true,"source":"OpenStreetMap"},"geometry":{"type":"LineString","coordinates":[[95.3300883,5.5589332],[95.3301221,5.5588665],[95.3301396,5.5588181]]}},{"type":"Feature","properties":{"segmentId":"osm-gaul2-73705-6132993310-3070913899-0","regionId":"gaul2-73705","province":"Nangroe Aceh Darussalam","region":"Kota Bandaaceh","roadName":"Jalan Syiah Kuala","highway":"secondary","lengthMeters":151.93,"osmWayIds":["43326804"],"u":"6132993310","v":"3070913899","key":0,"oneway":false,"source":"OpenStreetMap"},"geometry":{"type":"LineString","coordinates":[[95.3300883,5.5589332],[95.330067,5.5592197],[95.3300352,5.5595856],[95.3299874,5.5602958]]}},{"type":"Feature","properties":{"segmentId":"osm-gaul2-73705-6133187836-3062902324-0","regionId":"gaul2-73705","province":"Nangroe Aceh Darussalam","region":"Kota Bandaaceh","roadName":"Jalan Teungku Chik Ditiro","highway":"trunk","lengthMeters":10.829,"osmWayIds":["655973751"],"u":"6133187836","v":"3062902324","key":0,"oneway":true,"source":"OpenStreetMap"},"geometry":{"type":"LineString","coordinates":[[95.3203023,5.551355],[95.3203987,5.5513383]]}},{"type":"Feature","properties":{"segmentId":"osm-gaul2-73705-6133187836-6133187838-0","regionId":"gaul2-73705","province":"Nangroe Aceh Darussalam","region":"Kota Bandaaceh","roadName":"Unnamed OSM road","highway":"secondary","lengthMeters":27.55,"osmWayIds":["654539677"],"u":"6133187836","v":"6133187838","key":0,"oneway":true,"source":"OpenStreetMap"},"geometry":{"type":"LineString","coordinates":[[95.3203023,5.551355],[95.320181,5.5513783],[95.320061,5.5514145]]}},{"type":"Feature","properties":{"segmentId":"osm-gaul2-73705-6133187838-540959648-0","regionId":"gaul2-73705","province":"Nangroe Aceh Darussalam","region":"Kota Bandaaceh","roadName":"Unnamed OSM road","highway":"secondary","lengthMeters":12.205,"osmWayIds":["43175657"],"u":"6133187838","v":"540959648","key":0,"oneway":true,"source":"OpenStreetMap"},"geometry":{"type":"LineString","coordinates":[[95.320061,5.5514145],[95.3199675,5.5514727]]}},{"type":"Feature","properties":{"segmentId":"osm-gaul2-73705-6133228917-1299322339-0","regionId":"gaul2-73705","province":"Nangroe Aceh Darussalam","region":"Kota Bandaaceh","roadName":"Jalan Kebun Raja","highway":"tertiary","lengthMeters":1826.363,"osmWayIds":["114780528"],"u":"6133228917","v":"1299322339","key":0,"oneway":false,"source":"OpenStreetMap"},"geometry":{"type":"LineString","coordinates":[[95.3565722,5.5513974],[95.3565893,5.5514426],[95.356596,5.5514855],[95.3565974,5.5515237],[95.3565947,5.5515617],[95.3565868,5.5515907],[95.3565731,5.5516151],[95.3565512,5.5516426],[95.3565213,5.551672],[95.3559221,5.5522033],[95.3556713,5.5524348],[95.3554491,5.5526552],[95.354891,5.5531825],[95.3544592,5.5536032],[95.354235,5.5538391],[95.3540748,5.5540149],[95.3540023,5.5540994],[95.3539517,5.5541744],[95.3539118,5.5542675],[95.353887,5.554352],[95.3538551,5.5544984],[95.3537878,5.5547848],[95.3537361,5.5549717],[95.3536778,5.5551559],[95.3536161,5.555296],[95.3534751,5.5555645],[95.3534518,5.555609],[95.3533828,5.5557345],[95.3532681,5.5559587],[95.3532413,5.5560348],[95.3532071,5.5561469],[95.3531776,5.5562764],[95.3531414,5.5565314],[95.3531139,5.556775],[95.3530743,5.5571727],[95.3530274,5.5578235],[95.353015,5.558044],[95.3529955,5.5582062],[95.3529861,5.5582656],[95.3529006,5.5586677],[95.3528089,5.5589998],[95.3527461,5.5593835],[95.352681,5.5596984],[95.3526472,5.5598451],[95.3523128,5.5612307],[95.3522582,5.5615062],[95.3522529,5.5615716],[95.3522528,5.5616672],[95.3522986,5.5618461],[95.3523695,5.5620841],[95.3524229,5.5623181],[95.3524819,5.5625374],[95.352627,5.5629024],[95.3526774,5.5630107],[95.352741,5.5631306],[95.352836,5.5633532],[95.3529318,5.5635897],[95.3530739,5.5639478],[95.3531072,5.5640356],[95.3531242,5.5640938],[95.3531809,5.5643899],[95.3532264,5.5646823],[95.353243,5.5647722],[95.3532774,5.5651177],[95.3532875,5.5652286],[95.353292,5.5654632],[95.3532915,5.5655993],[95.3532772,5.5657542],[95.3532702,5.5660192],[95.3532482,5.5663019]]}},{"type":"Feature","properties":{"segmentId":"osm-gaul2-73705-6133228917-3128347949-0","regionId":"gaul2-73705","province":"Nangroe Aceh Darussalam","region":"Kota Bandaaceh","roadName":"Jalan T. Iskandar","highway":"tertiary","lengthMeters":193.266,"osmWayIds":["1145541503"],"u":"6133228917","v":"3128347949","key":0,"oneway":true,"source":"OpenStreetMap"},"geometry":{"type":"LineString","coordinates":[[95.3565722,5.5513974],[95.3566329,5.5513673],[95.3566772,5.5513336],[95.3569956,5.551073],[95.3574235,5.550749],[95.3578292,5.5504293],[95.357913,5.5502991]]}},{"type":"Feature","properties":{"segmentId":"osm-gaul2-73705-6133234549-267436128-0","regionId":"gaul2-73705","province":"Nangroe Aceh Darussalam","region":"Kota Bandaaceh","roadName":"Jalan Tentara Pelajar Aceh","highway":"secondary","lengthMeters":166.04,"osmWayIds":["275541092"],"u":"6133234549","v":"267436128","key":0,"oneway":true,"source":"OpenStreetMap"},"geometry":{"type":"LineString","coordinates":[[95.3155566,5.5577961],[95.3156246,5.5581104],[95.3156852,5.558443],[95.3157109,5.5585661],[95.3157403,5.558731],[95.3158669,5.5592566]]}},{"type":"Feature","properties":{"segmentId":"osm-gaul2-73705-6133234549-6145334078-0","regionId":"gaul2-73705","province":"Nangroe Aceh Darussalam","region":"Kota Bandaaceh","roadName":"Unnamed OSM road","highway":"secondary_link","lengthMeters":9.385,"osmWayIds":["1104872237"],"u":"6133234549","v":"6145334078","key":0,"oneway":false,"source":"OpenStreetMap"},"geometry":{"type":"LineString","coordinates":[[95.3155566,5.5577961],[95.3156414,5.5577954]]}},{"type":"Feature","properties":{"segmentId":"osm-gaul2-73705-6133235128-3060069735-0","regionId":"gaul2-73705","province":"Nangroe Aceh Darussalam","region":"Kota Bandaaceh","roadName":"Jalan Teuku Panglima Nyak Makam","highway":"primary","lengthMeters":160.382,"osmWayIds":["301855271"],"u":"6133235128","v":"3060069735","key":0,"oneway":true,"source":"OpenStreetMap"},"geometry":{"type":"LineString","coordinates":[[95.3443852,5.5559708],[95.3444416,5.5554742],[95.3444798,5.5551612],[95.3445267,5.5547762],[95.3445533,5.5545382]]}},{"type":"Feature","properties":{"segmentId":"osm-gaul2-73705-6133235128-6133235135-0","regionId":"gaul2-73705","province":"Nangroe Aceh Darussalam","region":"Kota Bandaaceh","roadName":"Unnamed OSM road","highway":"primary_link","lengthMeters":8.731,"osmWayIds":["1009769080"],"u":"6133235128","v":"6133235135","key":0,"oneway":false,"source":"OpenStreetMap"},"geometry":{"type":"LineString","coordinates":[[95.3443852,5.5559708],[95.3443068,5.5559621]]}},{"type":"Feature","properties":{"segmentId":"osm-gaul2-73705-6133235135-6133235128-0","regionId":"gaul2-73705","province":"Nangroe Aceh Darussalam","region":"Kota Bandaaceh","roadName":"Unnamed OSM road","highway":"primary_link","lengthMeters":8.731,"osmWayIds":["1009769080"],"u":"6133235135","v":"6133235128","key":0,"oneway":false,"source":"OpenStreetMap"},"geometry":{"type":"LineString","coordinates":[[95.3443068,5.5559621],[95.3443852,5.5559708]]}},{"type":"Feature","properties":{"segmentId":"osm-gaul2-73705-6133235135-6133235137-0","regionId":"gaul2-73705","province":"Nangroe Aceh Darussalam","region":"Kota Bandaaceh","roadName":"Jalan Teuku Panglima Nyak Makam","highway":"primary","lengthMeters":563.303,"osmWayIds":["43326798"],"u":"6133235135","v":"6133235137","key":0,"oneway":true,"source":"OpenStreetMap"},"geometry":{"type":"LineString","coordinates":[[95.3443068,5.5559621],[95.3443028,5.5559861],[95.3442912,5.5560741],[95.3442532,5.5563639],[95.3442062,5.5567763],[95.3441841,5.5569818],[95.3441097,5.557674],[95.3440252,5.5585376],[95.3439434,5.5592664],[95.3438975,5.5596958],[95.3438608,5.5600741],[95.3437731,5.5608206],[95.3437596,5.5609983]]}},{"type":"Feature","properties":{"segmentId":"osm-gaul2-73705-6133235136-6133235128-0","regionId":"gaul2-73705","province":"Nangroe Aceh Darussalam","region":"Kota Bandaaceh","roadName":"Jalan Teuku Panglima Nyak Makam","highway":"primary","lengthMeters":563.326,"osmWayIds":["301855271"],"u":"6133235136","v":"6133235128","key":0,"oneway":true,"source":"OpenStreetMap"},"geometry":{"type":"LineString","coordinates":[[95.3438569,5.5610092],[95.3439175,5.5603849],[95.3439599,5.5600426],[95.34403,5.5593096],[95.3441074,5.5584944],[95.3441653,5.5579716],[95.3442111,5.5575457],[95.3442416,5.5572469],[95.3442679,5.5569892],[95.3442854,5.5567843],[95.3443303,5.5563972],[95.3443852,5.5559708]]}},{"type":"Feature","properties":{"segmentId":"osm-gaul2-73705-6133235136-6133235137-0","regionId":"gaul2-73705","province":"Nangroe Aceh Darussalam","region":"Kota Bandaaceh","roadName":"Unnamed OSM road","highway":"primary_link","lengthMeters":10.836,"osmWayIds":["654545944"],"u":"6133235136","v":"6133235137","key":0,"oneway":false,"source":"OpenStreetMap"},"geometry":{"type":"LineString","coordinates":[[95.3438569,5.5610092],[95.3437596,5.5609983]]}},{"type":"Feature","properties":{"segmentId":"osm-gaul2-73705-6133235137-3066460389-0","regionId":"gaul2-73705","province":"Nangroe Aceh Darussalam","region":"Kota Bandaaceh","roadName":"Jalan Teuku Panglima Nyak Makam","highway":"primary","lengthMeters":272.888,"osmWayIds":["43326798"],"u":"6133235137","v":"3066460389","key":0,"oneway":true,"source":"OpenStreetMap"},"geometry":{"type":"LineString","coordinates":[[95.3437596,5.5609983],[95.3437144,5.5614086],[95.3436295,5.5621335],[95.3434863,5.5634373]]}},{"type":"Feature","properties":{"segmentId":"osm-gaul2-73705-6133235137-6133235136-0","regionId":"gaul2-73705","province":"Nangroe Aceh Darussalam","region":"Kota Bandaaceh","roadName":"Unnamed OSM road","highway":"primary_link","lengthMeters":10.836,"osmWayIds":["654545944"],"u":"6133235137","v":"6133235136","key":0,"oneway":false,"source":"OpenStreetMap"},"geometry":{"type":"LineString","coordinates":[[95.3437596,5.5609983],[95.3438569,5.5610092]]}},{"type":"Feature","properties":{"segmentId":"osm-gaul2-73705-6133835053-553309689-0","regionId":"gaul2-73705","province":"Nangroe Aceh Darussalam","region":"Kota Bandaaceh","roadName":"Unnamed OSM road","highway":"tertiary","lengthMeters":1110.291,"osmWayIds":["43718315","43718324","654614107"],"u":"6133835053","v":"553309689","key":0,"oneway":false,"source":"OpenStreetMap"},"geometry":{"type":"LineString","coordinates":[[95.277552,5.5462026],[95.2778953,5.5463241],[95.2782022,5.5464193],[95.2783299,5.5464869],[95.278365,5.5465125],[95.2784417,5.5465682],[95.278708,5.5467913],[95.2787979,5.5468407],[95.2789724,5.5469051],[95.279131,5.546969],[95.2792405,5.5470089],[95.2795827,5.5470984],[95.2807056,5.5474307],[95.280752,5.5474444],[95.2816923,5.547735],[95.2822405,5.5479024],[95.2838004,5.5483558],[95.2840367,5.5483972],[95.284696,5.5484358],[95.2857511,5.5483997],[95.2858887,5.5484057],[95.287172,5.5485148]]}},{"type":"Feature","properties":{"segmentId":"osm-gaul2-73705-6133906788-3059949679-0","regionId":"gaul2-73705","province":"Nangroe Aceh Darussalam","region":"Kota Bandaaceh","roadName":"Jalan Banda Aceh-Medan","highway":"trunk","lengthMeters":704.636,"osmWayIds":["654631281"],"u":"6133906788","v":"3059949679","key":0,"oneway":true,"source":"OpenStreetMap"},"geometry":{"type":"LineString","coordinates":[[95.3613751,5.518177],[95.360944,5.5174589],[95.3608882,5.517371],[95.3608276,5.5172985],[95.3604048,5.516867],[95.3602007,5.5166754],[95.3600277,5.5164969],[95.3593357,5.5156925],[95.3592495,5.5156066],[95.35908,5.5154532],[95.3584884,5.515053],[95.3584045,5.5149895],[95.358339,5.5149196],[95.3582945,5.514864],[95.3581806,5.5146892],[95.3581356,5.5145646],[95.3581095,5.5144742],[95.3578368,5.5131566]]}},{"type":"Feature","properties":{"segmentId":"osm-gaul2-73705-6133906788-6133906789-0","regionId":"gaul2-73705","province":"Nangroe Aceh Darussalam","region":"Kota Bandaaceh","roadName":"Unnamed OSM road","highway":"trunk_link","lengthMeters":8.081,"osmWayIds":["654626123"],"u":"6133906788","v":"6133906789","key":0,"oneway":false,"source":"OpenStreetMap"},"geometry":{"type":"LineString","coordinates":[[95.3613751,5.518177],[95.36131,5.5182099]]}},{"type":"Feature","properties":{"segmentId":"osm-gaul2-73705-6133906789-6133906788-0","regionId":"gaul2-73705","province":"Nangroe Aceh Darussalam","region":"Kota Bandaaceh","roadName":"Unnamed OSM road","highway":"trunk_link","lengthMeters":8.081,"osmWayIds":["654626123"],"u":"6133906789","v":"6133906788","key":0,"oneway":false,"source":"OpenStreetMap"},"geometry":{"type":"LineString","coordinates":[[95.36131,5.5182099],[95.3613751,5.518177]]}},{"type":"Feature","properties":{"segmentId":"osm-gaul2-73705-6133906789-6350094043-0","regionId":"gaul2-73705","province":"Nangroe Aceh Darussalam","region":"Kota Bandaaceh","roadName":"Jalan Banda Aceh-Medan","highway":"trunk","lengthMeters":685.048,"osmWayIds":["301841263"],"u":"6133906789","v":"6350094043","key":0,"oneway":true,"source":"OpenStreetMap"},"geometry":{"type":"LineString","coordinates":[[95.36131,5.5182099],[95.3615132,5.518565],[95.3617727,5.5190716],[95.3618874,5.5193359],[95.362057,5.5196743],[95.3621382,5.5198258],[95.3625526,5.5204692],[95.3627162,5.5207282],[95.3628972,5.5209965],[95.3635168,5.5218642],[95.3637837,5.5222433],[95.3638239,5.5223074],[95.364265,5.5228935],[95.3646366,5.5233873]]}},{"type":"Feature","properties":{"segmentId":"osm-gaul2-73705-6133925841-6133925842-0","regionId":"gaul2-73705","province":"Nangroe Aceh Darussalam","region":"Kota Bandaaceh","roadName":"Unnamed OSM road","highway":"secondary_link","lengthMeters":8.215,"osmWayIds":["654627448"],"u":"6133925841","v":"6133925842","key":0,"oneway":false,"source":"OpenStreetMap"},"geometry":{"type":"LineString","coordinates":[[95.3561671,5.5731644],[95.3561032,5.5731268]]}},{"type":"Feature","properties":{"segmentId":"osm-gaul2-73705-6133925841-6349386105-0","regionId":"gaul2-73705","province":"Nangroe Aceh Darussalam","region":"Kota Bandaaceh","roadName":"Jalan Teuku Nyak Arief","highway":"secondary","lengthMeters":831.79,"osmWayIds":["1010847316","301369278","301369279","43718540","43718566","656102356","656102357","656103060"],"u":"6133925841","v":"6349386105","key":0,"oneway":true,"source":"OpenStreetMap"},"geometry":{"type":"LineString","coordinates":[[95.3561671,5.5731644],[95.3564845,5.5725342],[95.3567903,5.5718936],[95.3569227,5.5716827],[95.3570675,5.5715095],[95.3571611,5.5714374],[95.3572452,5.5713951],[95.3573818,5.571338],[95.3574599,5.5713172],[95.3575475,5.5712997],[95.3576604,5.5712987],[95.357754,5.5713061],[95.3578254,5.5713241],[95.3579637,5.5713813],[95.3581191,5.5714607],[95.3582586,5.5715455],[95.3583308,5.5715932],[95.3604672,5.5729887],[95.3607729,5.573183],[95.360862,5.5732372],[95.3610661,5.573371],[95.3611354,5.5734063],[95.3611904,5.5734293],[95.3612691,5.5734446],[95.3613579,5.5734547],[95.3614613,5.5734515],[95.3617613,5.5734217],[95.3620134,5.5733916]]}},{"type":"Feature","properties":{"segmentId":"osm-gaul2-73705-6133925842-6133925841-0","regionId":"gaul2-73705","province":"Nangroe Aceh Darussalam","region":"Kota Bandaaceh","roadName":"Unnamed OSM road","highway":"secondary_link","lengthMeters":8.215,"osmWayIds":["654627448"],"u":"6133925842","v":"6133925841","key":0,"oneway":false,"source":"OpenStreetMap"},"geometry":{"type":"LineString","coordinates":[[95.3561032,5.5731268],[95.3561671,5.5731644]]}},{"type":"Feature","properties":{"segmentId":"osm-gaul2-73705-6133925842-6133925861-0","regionId":"gaul2-73705","province":"Nangroe Aceh Darussalam","region":"Kota Bandaaceh","roadName":"Jalan Teuku Nyak Arief","highway":"secondary","lengthMeters":537.523,"osmWayIds":["306020837","315549776"],"u":"6133925842","v":"6133925861","key":0,"oneway":true,"source":"OpenStreetMap"},"geometry":{"type":"LineString","coordinates":[[95.3561032,5.5731268],[95.3558139,5.5736955],[95.3556387,5.5740727],[95.3555372,5.5742913],[95.3553361,5.5747638],[95.3552272,5.5751029],[95.3551765,5.5753184],[95.3550899,5.5757057],[95.3549948,5.5760746],[95.3548834,5.5766525],[95.3548003,5.5770182],[95.3546467,5.5777103]]}},{"type":"Feature","properties":{"segmentId":"osm-gaul2-73705-6133925854-1565471715-0","regionId":"gaul2-73705","province":"Nangroe Aceh Darussalam","region":"Kota Bandaaceh","roadName":"Jalan Makam T. Nyak Arief","highway":"tertiary","lengthMeters":1853.617,"osmWayIds":["143060274"],"u":"6133925854","v":"1565471715","key":0,"oneway":false,"source":"OpenStreetMap"},"geometry":{"type":"LineString","coordinates":[[95.3584371,5.5712763],[95.3586198,5.5710225],[95.3588541,5.570687],[95.3590507,5.5704025],[95.3591017,5.5703287],[95.3592877,5.5701017],[95.3598279,5.5694272],[95.3602026,5.5689506],[95.360312,5.5688236],[95.3604837,5.5686667],[95.3607276,5.5683606],[95.3610828,5.5679487],[95.3614707,5.5674877],[95.3617825,5.5671331],[95.3624157,5.5664057],[95.3626607,5.5661123],[95.3633046,5.5654027],[95.3634834,5.5651935],[95.3642723,5.5642597],[95.3651037,5.5633255],[95.3662653,5.5620507],[95.3672488,5.5609043],[95.3674732,5.560675],[95.3678899,5.5601875],[95.3681089,5.5599011],[95.368247,5.559728],[95.3683478,5.5595792],[95.3685973,5.5592208],[95.3690433,5.5584143]]}},{"type":"Feature","properties":{"segmentId":"osm-gaul2-73705-6133925854-6133925859-0","regionId":"gaul2-73705","province":"Nangroe Aceh Darussalam","region":"Kota Bandaaceh","roadName":"Unnamed OSM road","highway":"secondary_link","lengthMeters":40.806,"osmWayIds":["654627451"],"u":"6133925854","v":"6133925859","key":0,"oneway":true,"source":"OpenStreetMap"},"geometry":{"type":"LineString","coordinates":[[95.3584371,5.5712763],[95.3584112,5.5712884],[95.358365,5.5713055],[95.3583227,5.5713162],[95.3582637,5.5713228],[95.3580803,5.5712826]]}},{"type":"Feature","properties":{"segmentId":"osm-gaul2-73705-6133925854-6133925865-0","regionId":"gaul2-73705","province":"Nangroe Aceh Darussalam","region":"Kota Bandaaceh","roadName":"Jalan Makam T. Nyak Arief","highway":"tertiary","lengthMeters":23.768,"osmWayIds":["654631276"],"u":"6133925854","v":"6133925865","key":0,"oneway":false,"source":"OpenStreetMap"},"geometry":{"type":"LineString","coordinates":[[95.3584371,5.5712763],[95.3583297,5.5714614]]}},{"type":"Feature","properties":{"segmentId":"osm-gaul2-73705-6133925859-6133925866-0","regionId":"gaul2-73705","province":"Nangroe Aceh Darussalam","region":"Kota Bandaaceh","roadName":"Jalan Teuku Nyak Arief","highway":"secondary","lengthMeters":185.263,"osmWayIds":["315549776","656102354","656102355"],"u":"6133925859","v":"6133925866","key":0,"oneway":true,"source":"OpenStreetMap"},"geometry":{"type":"LineString","coordinates":[[95.3580803,5.5712826],[95.3579466,5.5712276],[95.357823,5.5711881],[95.3577252,5.5711708],[95.3576407,5.5711661],[95.3575495,5.5711728],[95.3574609,5.5711887],[95.3573666,5.5712171],[95.3572325,5.5712743],[95.357158,5.5713156],[95.357058,5.5713809],[95.356995,5.5714409],[95.3568837,5.5715764],[95.3567202,5.5718522]]}},{"type":"Feature","properties":{"segmentId":"osm-gaul2-73705-6133925860-6133925841-0","regionId":"gaul2-73705","province":"Nangroe Aceh Darussalam","region":"Kota Bandaaceh","roadName":"Jalan Teuku Nyak Arief","highway":"secondary","lengthMeters":534.182,"osmWayIds":["301369279"],"u":"6133925860","v":"6133925841","key":0,"oneway":true,"source":"OpenStreetMap"},"geometry":{"type":"LineString","coordinates":[[95.3547312,5.5777263],[95.3548358,5.5772458],[95.3549538,5.5767486],[95.3550357,5.5763956],[95.3552499,5.575508],[95.3553512,5.5750476],[95.3553736,5.574946],[95.3554246,5.5747885],[95.3555023,5.5745924],[95.3555997,5.5743376],[95.3557336,5.57407],[95.3558513,5.573835],[95.3561671,5.5731644]]}},{"type":"Feature","properties":{"segmentId":"osm-gaul2-73705-6133925860-6133925861-0","regionId":"gaul2-73705","province":"Nangroe Aceh Darussalam","region":"Kota Bandaaceh","roadName":"Unnamed OSM road","highway":"secondary_link","lengthMeters":9.519,"osmWayIds":["654627452"],"u":"6133925860","v":"6133925861","key":0,"oneway":false,"source":"OpenStreetMap"},"geometry":{"type":"LineString","coordinates":[[95.3547312,5.5777263],[95.3546467,5.5777103]]}},{"type":"Feature","properties":{"segmentId":"osm-gaul2-73705-6133925861-3054889546-0","regionId":"gaul2-73705","province":"Nangroe Aceh Darussalam","region":"Kota Bandaaceh","roadName":"Jalan Teuku Nyak Arief","highway":"secondary","lengthMeters":344.899,"osmWayIds":["306020837"],"u":"6133925861","v":"3054889546","key":0,"oneway":true,"source":"OpenStreetMap"},"geometry":{"type":"LineString","coordinates":[[95.3546467,5.5777103],[95.3546018,5.5779389],[95.3545565,5.5782228],[95.3544751,5.5789362],[95.3544422,5.5791565],[95.354396,5.5793714],[95.3543269,5.579677],[95.3542558,5.5799527],[95.3542079,5.5800971],[95.3541144,5.5802922],[95.3540815,5.5803508],[95.3540352,5.5804165],[95.3539821,5.5804627],[95.3539279,5.5804973],[95.3538689,5.580524],[95.3537631,5.5805507]]}},{"type":"Feature","properties":{"segmentId":"osm-gaul2-73705-6133925861-6133925860-0","regionId":"gaul2-73705","province":"Nangroe Aceh Darussalam","region":"Kota Bandaaceh","roadName":"Unnamed OSM road","highway":"secondary_link","lengthMeters":9.519,"osmWayIds":["654627452"],"u":"6133925861","v":"6133925860","key":0,"oneway":false,"source":"OpenStreetMap"},"geometry":{"type":"LineString","coordinates":[[95.3546467,5.5777103],[95.3547312,5.5777263]]}},{"type":"Feature","properties":{"segmentId":"osm-gaul2-73705-6133925865-6133925854-0","regionId":"gaul2-73705","province":"Nangroe Aceh Darussalam","region":"Kota Bandaaceh","roadName":"Jalan Makam T. Nyak Arief","highway":"tertiary","lengthMeters":23.768,"osmWayIds":["654631276"],"u":"6133925865","v":"6133925854","key":0,"oneway":false,"source":"OpenStreetMap"},"geometry":{"type":"LineString","coordinates":[[95.3583297,5.5714614],[95.3584371,5.5712763]]}},{"type":"Feature","properties":{"segmentId":"osm-gaul2-73705-6133925865-6133925859-0","regionId":"gaul2-73705","province":"Nangroe Aceh Darussalam","region":"Kota Bandaaceh","roadName":"Jalan Teuku Nyak Arief","highway":"secondary","lengthMeters":34.016,"osmWayIds":["656102355"],"u":"6133925865","v":"6133925859","key":0,"oneway":true,"source":"OpenStreetMap"},"geometry":{"type":"LineString","coordinates":[[95.3583297,5.5714614],[95.3580803,5.5712826]]}},{"type":"Feature","properties":{"segmentId":"osm-gaul2-73705-6133925866-1299322339-0","regionId":"gaul2-73705","province":"Nangroe Aceh Darussalam","region":"Kota Bandaaceh","roadName":"Jalan Teungku Lamgugop","highway":"tertiary","lengthMeters":912.948,"osmWayIds":["43718553"],"u":"6133925866","v":"1299322339","key":0,"oneway":false,"source":"OpenStreetMap"},"geometry":{"type":"LineString","coordinates":[[95.3567202,5.5718522],[95.3565647,5.5717029],[95.3564405,5.5715751],[95.3563241,5.5714242],[95.3562356,5.5712707],[95.3561854,5.571162],[95.3561211,5.5709346],[95.3560431,5.5706585],[95.3559881,5.5704639],[95.3559024,5.5701823],[95.3558736,5.5700672],[95.3558547,5.5699533],[95.3558413,5.5697691],[95.3558432,5.5696502],[95.3558668,5.5695783],[95.3559119,5.5694917],[95.355958,5.5694234],[95.356009,5.5693607],[95.3560925,5.5692725],[95.3561592,5.5691948],[95.3562006,5.5691223],[95.3562155,5.5690604],[95.3562141,5.5687717],[95.3562043,5.5684404],[95.3561908,5.5683062],[95.3560839,5.5682716],[95.3558921,5.5682186],[95.355669,5.568172],[95.3556532,5.568122],[95.3556505,5.5680962],[95.3558064,5.5671869],[95.3558034,5.5671543],[95.3557961,5.5671276],[95.3557863,5.5671048],[95.3557505,5.5670575],[95.3557102,5.5670162],[95.3555748,5.5669227],[95.3555344,5.5669011],[95.3554393,5.5668627],[95.3552569,5.5668146],[95.3551359,5.5667899],[95.3550823,5.5667786],[95.3546175,5.5666599],[95.3544932,5.5666325],[95.3544315,5.5666158],[95.3541971,5.5665717],[95.3539712,5.5665358],[95.3538083,5.5664801],[95.3537064,5.5664318],[95.3535993,5.5663728],[95.3532482,5.5663019]]}},{"type":"Feature","properties":{"segmentId":"osm-gaul2-73705-6133925866-6133925842-0","regionId":"gaul2-73705","province":"Nangroe Aceh Darussalam","region":"Kota Bandaaceh","roadName":"Jalan Teuku Nyak Arief","highway":"secondary","lengthMeters":157.335,"osmWayIds":["315549776"],"u":"6133925866","v":"6133925842","key":0,"oneway":true,"source":"OpenStreetMap"},"geometry":{"type":"LineString","coordinates":[[95.3567202,5.5718522],[95.3566531,5.5719956],[95.356366,5.5725855],[95.3561586,5.5730232],[95.3561032,5.5731268]]}},{"type":"Feature","properties":{"segmentId":"osm-gaul2-73705-6133925877-3054889546-0","regionId":"gaul2-73705","province":"Nangroe Aceh Darussalam","region":"Kota Bandaaceh","roadName":"Unnamed OSM road","highway":"trunk","lengthMeters":36.004,"osmWayIds":["43713212"],"u":"6133925877","v":"3054889546","key":0,"oneway":true,"source":"OpenStreetMap"},"geometry":{"type":"LineString","coordinates":[[95.3538838,5.5808095],[95.3538994,5.5807579],[95.3538995,5.5807039],[95.353884,5.5806522],[95.3538543,5.580607],[95.3538128,5.5805722],[95.3537631,5.5805507]]}},{"type":"Feature","properties":{"segmentId":"osm-gaul2-73705-6133925877-6133925860-0","regionId":"gaul2-73705","province":"Nangroe Aceh Darussalam","region":"Kota Bandaaceh","roadName":"Jalan Teuku Nyak Arief","highway":"secondary","lengthMeters":360.871,"osmWayIds":["301369279","654627455"],"u":"6133925877","v":"6133925860","key":0,"oneway":true,"source":"OpenStreetMap"},"geometry":{"type":"LineString","coordinates":[[95.3538838,5.5808095],[95.3540238,5.5806354],[95.3540761,5.5805573],[95.3541788,5.580394],[95.354231,5.5802864],[95.3542777,5.5801732],[95.3543638,5.579918],[95.3544224,5.5796971],[95.3544545,5.5795619],[95.3545042,5.5793237],[95.3545606,5.5789746],[95.3546065,5.5786179],[95.3546488,5.5781895],[95.3546722,5.5780327],[95.3547312,5.5777263]]}},{"type":"Feature","properties":{"segmentId":"osm-gaul2-73705-6133926338-553312186-0","regionId":"gaul2-73705","province":"Nangroe Aceh Darussalam","region":"Kota Bandaaceh","roadName":"Unnamed OSM road","highway":"tertiary_link","lengthMeters":8.765,"osmWayIds":["772024701"],"u":"6133926338","v":"553312186","key":0,"oneway":false,"source":"OpenStreetMap"},"geometry":{"type":"LineString","coordinates":[[95.3614352,5.572296],[95.3613657,5.5722582]]}},{"type":"Feature","properties":{"segmentId":"osm-gaul2-73705-6133926338-7702192077-0","regionId":"gaul2-73705","province":"Nangroe Aceh Darussalam","region":"Kota Bandaaceh","roadName":"Unnamed OSM road","highway":"tertiary","lengthMeters":485.598,"osmWayIds":["310763408"],"u":"6133926338","v":"7702192077","key":0,"oneway":true,"source":"OpenStreetMap"},"geometry":{"type":"LineString","coordinates":[[95.3614352,5.572296],[95.3614837,5.5721724],[95.3615065,5.5721297],[95.3615568,5.5720589],[95.3616185,5.5719849],[95.3617941,5.571751],[95.3621311,5.5713197],[95.362455,5.5709197],[95.3628255,5.5705151],[95.3640713,5.5690612],[95.3641961,5.5689137]]}},{"type":"Feature","properties":{"segmentId":"osm-gaul2-73705-6133942168-6133942183-0","regionId":"gaul2-73705","province":"Nangroe Aceh Darussalam","region":"Kota Bandaaceh","roadName":"Jalan Ir. H. Mohammad Thaher","highway":"secondary","lengthMeters":27.62,"osmWayIds":["301856762"],"u":"6133942168","v":"6133942183","key":0,"oneway":false,"source":"OpenStreetMap"},"geometry":{"type":"LineString","coordinates":[[95.3369629,5.541247],[95.3370046,5.5410021]]}},{"type":"Feature","properties":{"segmentId":"osm-gaul2-73705-6133942168-6349487054-0","regionId":"gaul2-73705","province":"Nangroe Aceh Darussalam","region":"Kota Bandaaceh","roadName":"Jalan Ir. H. Mohammad Thaher","highway":"secondary","lengthMeters":28.583,"osmWayIds":["301856762"],"u":"6133942168","v":"6349487054","key":0,"oneway":false,"source":"OpenStreetMap"},"geometry":{"type":"LineString","coordinates":[[95.3369629,5.541247],[95.3369521,5.541452],[95.3369494,5.5415037]]}},{"type":"Feature","properties":{"segmentId":"osm-gaul2-73705-6133942172-6133942168-0","regionId":"gaul2-73705","province":"Nangroe Aceh Darussalam","region":"Kota Bandaaceh","roadName":"Unnamed OSM road","highway":"secondary_link","lengthMeters":65.73,"osmWayIds":["654629305"],"u":"6133942172","v":"6133942168","key":0,"oneway":true,"source":"OpenStreetMap"},"geometry":{"type":"LineString","coordinates":[[95.3364209,5.5414797],[95.3365874,5.5414279],[95.3367403,5.5413772],[95.3368865,5.5412957],[95.3369629,5.541247]]}},{"type":"Feature","properties":{"segmentId":"osm-gaul2-73705-6133942173-3059938477-0","regionId":"gaul2-73705","province":"Nangroe Aceh Darussalam","region":"Kota Bandaaceh","roadName":"Jalan Teungku Imum Lueng Bata","highway":"trunk","lengthMeters":132.449,"osmWayIds":["301841265"],"u":"6133942173","v":"3059938477","key":0,"oneway":true,"source":"OpenStreetMap"},"geometry":{"type":"LineString","coordinates":[[95.3366124,5.5419969],[95.3365501,5.5421257],[95.3364724,5.5422865],[95.3360909,5.543069]]}},{"type":"Feature","properties":{"segmentId":"osm-gaul2-73705-6133942177-6133942173-0","regionId":"gaul2-73705","province":"Nangroe Aceh Darussalam","region":"Kota Bandaaceh","roadName":"Unnamed OSM road","highway":"trunk_link","lengthMeters":65.053,"osmWayIds":["654629306"],"u":"6133942177","v":"6133942173","key":0,"oneway":true,"source":"OpenStreetMap"},"geometry":{"type":"LineString","coordinates":[[95.3363709,5.5414743],[95.3364587,5.5415894],[95.3365432,5.5417402],[95.3365968,5.5418751],[95.3366124,5.5419969]]}},{"type":"Feature","properties":{"segmentId":"osm-gaul2-73705-6133942178-6133942183-0","regionId":"gaul2-73705","province":"Nangroe Aceh Darussalam","region":"Kota Bandaaceh","roadName":"Unnamed OSM road","highway":"trunk_link","lengthMeters":41.888,"osmWayIds":["654629307"],"u":"6133942178","v":"6133942183","key":0,"oneway":true,"source":"OpenStreetMap"},"geometry":{"type":"LineString","coordinates":[[95.3372707,5.5411899],[95.3371789,5.5412023],[95.3371266,5.5411876],[95.3370555,5.5411289],[95.3370179,5.5410661],[95.3370046,5.5410021]]}},{"type":"Feature","properties":{"segmentId":"osm-gaul2-73705-6133942178-6349487054-0","regionId":"gaul2-73705","province":"Nangroe Aceh Darussalam","region":"Kota Bandaaceh","roadName":"Jalan Teungku Imum Lueng Bata","highway":"trunk","lengthMeters":49.82,"osmWayIds":["301841265"],"u":"6133942178","v":"6349487054","key":0,"oneway":true,"source":"OpenStreetMap"},"geometry":{"type":"LineString","coordinates":[[95.3372707,5.5411899],[95.3369494,5.5415037]]}},{"type":"Feature","properties":{"segmentId":"osm-gaul2-73705-6133942183-1512747940-0","regionId":"gaul2-73705","province":"Nangroe Aceh Darussalam","region":"Kota Bandaaceh","roadName":"Jalan Ir. H. Mohammad Thaher","highway":"secondary","lengthMeters":1029.494,"osmWayIds":["301856762"],"u":"6133942183","v":"1512747940","key":0,"oneway":false,"source":"OpenStreetMap"},"geometry":{"type":"LineString","coordinates":[[95.3370046,5.5410021],[95.3371263,5.5405928],[95.3373856,5.5395955],[95.3374876,5.5392425],[95.3376676,5.5387509],[95.3378625,5.5383316],[95.3380539,5.5379577],[95.3381908,5.5376435],[95.338316,5.5371918],[95.3383284,5.537145],[95.3384164,5.5368145],[95.3385751,5.5363577],[95.3386321,5.5362158],[95.3386675,5.5361459],[95.3387462,5.5359376],[95.3390109,5.5352668],[95.3390989,5.5350392],[95.3391482,5.5348869],[95.3393374,5.5344147],[95.3394363,5.5341318],[95.3394747,5.5339295],[95.339496,5.5338401],[95.3395397,5.5328504],[95.3395692,5.532181]]}},{"type":"Feature","properties":{"segmentId":"osm-gaul2-73705-6133942183-6133942168-0","regionId":"gaul2-73705","province":"Nangroe Aceh Darussalam","region":"Kota Bandaaceh","roadName":"Jalan Ir. H. Mohammad Thaher","highway":"secondary","lengthMeters":27.62,"osmWayIds":["301856762"],"u":"6133942183","v":"6133942168","key":0,"oneway":false,"source":"OpenStreetMap"},"geometry":{"type":"LineString","coordinates":[[95.3370046,5.5410021],[95.3369629,5.541247]]}},{"type":"Feature","properties":{"segmentId":"osm-gaul2-73705-6134011548-544527046-0","regionId":"gaul2-73705","province":"Nangroe Aceh Darussalam","region":"Kota Bandaaceh","roadName":"Jalan Wedana","highway":"tertiary","lengthMeters":27.8,"osmWayIds":["507496054"],"u":"6134011548","v":"544527046","key":0,"oneway":false,"source":"OpenStreetMap"},"geometry":{"type":"LineString","coordinates":[[95.3198062,5.5257467],[95.3200422,5.5258323]]}},{"type":"Feature","properties":{"segmentId":"osm-gaul2-73705-6134011548-7720635438-0","regionId":"gaul2-73705","province":"Nangroe Aceh Darussalam","region":"Kota Bandaaceh","roadName":"Jalan Wedana","highway":"tertiary","lengthMeters":8.139,"osmWayIds":["507496054"],"u":"6134011548","v":"7720635438","key":0,"oneway":false,"source":"OpenStreetMap"},"geometry":{"type":"LineString","coordinates":[[95.3198062,5.5257467],[95.3197368,5.5257225]]}},{"type":"Feature","properties":{"segmentId":"osm-gaul2-73705-6134011553-544527046-0","regionId":"gaul2-73705","province":"Nangroe Aceh Darussalam","region":"Kota Bandaaceh","roadName":"Jalan Sultan Malikul Saleh","highway":"secondary","lengthMeters":31.69,"osmWayIds":["654634691"],"u":"6134011553","v":"544527046","key":0,"oneway":true,"source":"OpenStreetMap"},"geometry":{"type":"LineString","coordinates":[[95.3201455,5.5255665],[95.3200422,5.5258323]]}},{"type":"Feature","properties":{"segmentId":"osm-gaul2-73705-6134011553-6134011548-0","regionId":"gaul2-73705","province":"Nangroe Aceh Darussalam","region":"Kota Bandaaceh","roadName":"Unnamed OSM road","highway":"secondary_link","lengthMeters":44.35,"osmWayIds":["654634684"],"u":"6134011553","v":"6134011548","key":0,"oneway":true,"source":"OpenStreetMap"},"geometry":{"type":"LineString","coordinates":[[95.3201455,5.5255665],[95.3200737,5.5256225],[95.3200043,5.5256749],[95.3199618,5.5257086],[95.3199185,5.5257373],[95.3198753,5.5257544],[95.3198062,5.5257467]]}},{"type":"Feature","properties":{"segmentId":"osm-gaul2-73705-6134011554-5956932017-0","regionId":"gaul2-73705","province":"Nangroe Aceh Darussalam","region":"Kota Bandaaceh","roadName":"Unnamed OSM road","highway":"secondary_link","lengthMeters":11.152,"osmWayIds":["654634685"],"u":"6134011554","v":"5956932017","key":0,"oneway":false,"source":"OpenStreetMap"},"geometry":{"type":"LineString","coordinates":[[95.3207719,5.524368],[95.3206799,5.5243271]]}},{"type":"Feature","properties":{"segmentId":"osm-gaul2-73705-6134011554-6134011555-0","regionId":"gaul2-73705","province":"Nangroe Aceh Darussalam","region":"Kota Bandaaceh","roadName":"Jalan Sultan Malikul Saleh","highway":"secondary","lengthMeters":111.689,"osmWayIds":["654634689"],"u":"6134011554","v":"6134011555","key":0,"oneway":true,"source":"OpenStreetMap"},"geometry":{"type":"LineString","coordinates":[[95.3207719,5.524368],[95.3209918,5.5239117],[95.3211915,5.5234547]]}},{"type":"Feature","properties":{"segmentId":"osm-gaul2-73705-6134011555-6134011556-0","regionId":"gaul2-73705","province":"Nangroe Aceh Darussalam","region":"Kota Bandaaceh","roadName":"Unnamed OSM road","highway":"secondary_link","lengthMeters":12.773,"osmWayIds":["654634686"],"u":"6134011555","v":"6134011556","key":0,"oneway":false,"source":"OpenStreetMap"},"geometry":{"type":"LineString","coordinates":[[95.3211915,5.5234547],[95.3210842,5.5234124]]}},{"type":"Feature","properties":{"segmentId":"osm-gaul2-73705-6134011555-6134011567-0","regionId":"gaul2-73705","province":"Nangroe Aceh Darussalam","region":"Kota Bandaaceh","roadName":"Jalan Sultan Malikul Saleh","highway":"secondary","lengthMeters":224.813,"osmWayIds":["654634689"],"u":"6134011555","v":"6134011567","key":0,"oneway":true,"source":"OpenStreetMap"},"geometry":{"type":"LineString","coordinates":[[95.3211915,5.5234547],[95.3214119,5.5229378],[95.3215438,5.5226004],[95.3215621,5.5225596],[95.3219524,5.5215803]]}},{"type":"Feature","properties":{"segmentId":"osm-gaul2-73705-6134011556-5956932017-0","regionId":"gaul2-73705","province":"Nangroe Aceh Darussalam","region":"Kota Bandaaceh","roadName":"Jalan Sultan Malikul Saleh","highway":"secondary","lengthMeters":111.124,"osmWayIds":["654634691"],"u":"6134011556","v":"5956932017","key":0,"oneway":true,"source":"OpenStreetMap"},"geometry":{"type":"LineString","coordinates":[[95.3210842,5.5234124],[95.3208821,5.5238572],[95.3206799,5.5243271]]}},{"type":"Feature","properties":{"segmentId":"osm-gaul2-73705-6134011556-6134011555-0","regionId":"gaul2-73705","province":"Nangroe Aceh Darussalam","region":"Kota Bandaaceh","roadName":"Unnamed OSM road","highway":"secondary_link","lengthMeters":12.773,"osmWayIds":["654634686"],"u":"6134011556","v":"6134011555","key":0,"oneway":false,"source":"OpenStreetMap"},"geometry":{"type":"LineString","coordinates":[[95.3210842,5.5234124],[95.3211915,5.5234547]]}},{"type":"Feature","properties":{"segmentId":"osm-gaul2-73705-6134011557-3104581673-0","regionId":"gaul2-73705","province":"Nangroe Aceh Darussalam","region":"Kota Bandaaceh","roadName":"Unnamed OSM road","highway":"secondary_link","lengthMeters":13.743,"osmWayIds":["654634687"],"u":"6134011557","v":"3104581673","key":0,"oneway":false,"source":"OpenStreetMap"},"geometry":{"type":"LineString","coordinates":[[95.3223914,5.5204867],[95.3222778,5.5204368]]}},{"type":"Feature","properties":{"segmentId":"osm-gaul2-73705-6134011557-6134011573-0","regionId":"gaul2-73705","province":"Nangroe Aceh Darussalam","region":"Kota Bandaaceh","roadName":"Jalan Sultan Malikul Saleh","highway":"secondary","lengthMeters":185.606,"osmWayIds":["654634689"],"u":"6134011557","v":"6134011573","key":0,"oneway":true,"source":"OpenStreetMap"},"geometry":{"type":"LineString","coordinates":[[95.3223914,5.5204867],[95.3224704,5.5203029],[95.3226912,5.5197049],[95.3228626,5.5193275],[95.3230078,5.5190123],[95.3229956,5.5189421]]}},{"type":"Feature","properties":{"segmentId":"osm-gaul2-73705-6134011563-3104614416-0","regionId":"gaul2-73705","province":"Nangroe Aceh Darussalam","region":"Kota Bandaaceh","roadName":"Jalan Sultan Malikul Saleh","highway":"secondary","lengthMeters":248.468,"osmWayIds":["772040836"],"u":"6134011563","v":"3104614416","key":0,"oneway":false,"source":"OpenStreetMap"},"geometry":{"type":"LineString","coordinates":[[95.3161884,5.5346823],[95.3161017,5.5348792],[95.3157585,5.5356587],[95.3154146,5.5364724],[95.3153008,5.5367347]]}},{"type":"Feature","properties":{"segmentId":"osm-gaul2-73705-6134011563-7720682413-0","regionId":"gaul2-73705","province":"Nangroe Aceh Darussalam","region":"Kota Bandaaceh","roadName":"Jalan Sultan Malikul Saleh","highway":"secondary","lengthMeters":1031.099,"osmWayIds":["654634689","772040834"],"u":"6134011563","v":"7720682413","key":0,"oneway":true,"source":"OpenStreetMap"},"geometry":{"type":"LineString","coordinates":[[95.3161884,5.5346823],[95.3162917,5.5345456],[95.3163561,5.534401],[95.3165203,5.5340301],[95.3166918,5.5336342],[95.3170761,5.5327376],[95.3173344,5.5321632],[95.317395,5.5320268],[95.3175154,5.531779],[95.3175921,5.5316126],[95.3179316,5.5308416],[95.3181088,5.5304417],[95.3183849,5.5298363],[95.3187849,5.528919],[95.3189653,5.5285105],[95.3191818,5.5280334],[95.3193448,5.5276796],[95.3197385,5.5267465],[95.3199806,5.5262179]]}},{"type":"Feature","properties":{"segmentId":"osm-gaul2-73705-6134011567-544527164-0","regionId":"gaul2-73705","province":"Nangroe Aceh Darussalam","region":"Kota Bandaaceh","roadName":"Unnamed OSM road","highway":"secondary_link","lengthMeters":11.9,"osmWayIds":["654634688"],"u":"6134011567","v":"544527164","key":0,"oneway":false,"source":"OpenStreetMap"},"geometry":{"type":"LineString","coordinates":[[95.3219524,5.5215803],[95.321856,5.5215329]]}},{"type":"Feature","properties":{"segmentId":"osm-gaul2-73705-6134011567-6134011557-0","regionId":"gaul2-73705","province":"Nangroe Aceh Darussalam","region":"Kota Bandaaceh","roadName":"Jalan Sultan Malikul Saleh","highway":"secondary","lengthMeters":131.001,"osmWayIds":["654634689"],"u":"6134011567","v":"6134011557","key":0,"oneway":true,"source":"OpenStreetMap"},"geometry":{"type":"LineString","coordinates":[[95.3219524,5.5215803],[95.3222028,5.5209137],[95.3223914,5.5204867]]}},{"type":"Feature","properties":{"segmentId":"osm-gaul2-73705-6134011573-3104581673-0","regionId":"gaul2-73705","province":"Nangroe Aceh Darussalam","region":"Kota Bandaaceh","roadName":"Jalan Sultan Malikul Saleh","highway":"secondary","lengthMeters":186.593,"osmWayIds":["654634691"],"u":"6134011573","v":"3104581673","key":0,"oneway":true,"source":"OpenStreetMap"},"geometry":{"type":"LineString","coordinates":[[95.3229956,5.5189421],[95.322927,5.5189685],[95.3227678,5.5192824],[95.3227309,5.5193666],[95.3226384,5.5195778],[95.3222778,5.5204368]]}},{"type":"Feature","properties":{"segmentId":"osm-gaul2-73705-6134011573-3107827336-0","regionId":"gaul2-73705","province":"Nangroe Aceh Darussalam","region":"Kota Bandaaceh","roadName":"Jalan Sultan Malikul Saleh","highway":"secondary","lengthMeters":278.908,"osmWayIds":["305777991","305777992","654634690"],"u":"6134011573","v":"3107827336","key":0,"oneway":false,"source":"OpenStreetMap"},"geometry":{"type":"LineString","coordinates":[[95.3229956,5.5189421],[95.3230098,5.5189045],[95.3231206,5.5186224],[95.3231605,5.518517],[95.3235546,5.5175218],[95.323905,5.5166029]]}},{"type":"Feature","properties":{"segmentId":"osm-gaul2-73705-6134011574-544527046-0","regionId":"gaul2-73705","province":"Nangroe Aceh Darussalam","region":"Kota Bandaaceh","roadName":"Jalan Tengku Dilhong 2","highway":"tertiary","lengthMeters":11.806,"osmWayIds":["771840607"],"u":"6134011574","v":"544527046","key":0,"oneway":false,"source":"OpenStreetMap"},"geometry":{"type":"LineString","coordinates":[[95.3201408,5.5258728],[95.3200422,5.5258323]]}},{"type":"Feature","properties":{"segmentId":"osm-gaul2-73705-6134011574-7720635429-0","regionId":"gaul2-73705","province":"Nangroe Aceh Darussalam","region":"Kota Bandaaceh","roadName":"Jalan Sultan Malikul Saleh","highway":"secondary","lengthMeters":26.423,"osmWayIds":["654634689"],"u":"6134011574","v":"7720635429","key":0,"oneway":true,"source":"OpenStreetMap"},"geometry":{"type":"LineString","coordinates":[[95.3201408,5.5258728],[95.3202351,5.5256545]]}},{"type":"Feature","properties":{"segmentId":"osm-gaul2-73705-6134011574-7720635433-0","regionId":"gaul2-73705","province":"Nangroe Aceh Darussalam","region":"Kota Bandaaceh","roadName":"Jalan Tengku Dilhong 2","highway":"tertiary","lengthMeters":27.355,"osmWayIds":["771840607"],"u":"6134011574","v":"7720635433","key":0,"oneway":false,"source":"OpenStreetMap"},"geometry":{"type":"LineString","coordinates":[[95.3201408,5.5258728],[95.3203772,5.5259446]]}},{"type":"Feature","properties":{"segmentId":"osm-gaul2-73705-6134096222-4627612207-0","regionId":"gaul2-73705","province":"Nangroe Aceh Darussalam","region":"Kota Bandaaceh","roadName":"Jalan Soekarno-Hatta","highway":"trunk","lengthMeters":528.487,"osmWayIds":["43324105"],"u":"6134096222","v":"4627612207","key":0,"oneway":true,"source":"OpenStreetMap"},"geometry":{"type":"LineString","coordinates":[[95.3189791,5.5168566],[95.3181825,5.5170686],[95.3174776,5.5172518],[95.3167107,5.517453],[95.3164748,5.5175149],[95.3162996,5.5175609],[95.315952,5.5176521],[95.3155474,5.5177618],[95.3143626,5.5180706]]}},{"type":"Feature","properties":{"segmentId":"osm-gaul2-73705-6134096222-6134096223-0","regionId":"gaul2-73705","province":"Nangroe Aceh Darussalam","region":"Kota Bandaaceh","roadName":"Unnamed OSM road","highway":"trunk_link","lengthMeters":11.582,"osmWayIds":["654636809"],"u":"6134096222","v":"6134096223","key":0,"oneway":false,"source":"OpenStreetMap"},"geometry":{"type":"LineString","coordinates":[[95.3189791,5.5168566],[95.3189993,5.5169588]]}},{"type":"Feature","properties":{"segmentId":"osm-gaul2-73705-6134096223-6134096222-0","regionId":"gaul2-73705","province":"Nangroe Aceh Darussalam","region":"Kota Bandaaceh","roadName":"Unnamed OSM road","highway":"trunk_link","lengthMeters":11.582,"osmWayIds":["654636809"],"u":"6134096223","v":"6134096222","key":0,"oneway":false,"source":"OpenStreetMap"},"geometry":{"type":"LineString","coordinates":[[95.3189993,5.5169588],[95.3189791,5.5168566]]}},{"type":"Feature","properties":{"segmentId":"osm-gaul2-73705-6134096223-7736925494-0","regionId":"gaul2-73705","province":"Nangroe Aceh Darussalam","region":"Kota Bandaaceh","roadName":"Jalan Soekarno-Hatta","highway":"trunk","lengthMeters":502.572,"osmWayIds":["507496055"],"u":"6134096223","v":"7736925494","key":0,"oneway":true,"source":"OpenStreetMap"},"geometry":{"type":"LineString","coordinates":[[95.3189993,5.5169588],[95.3202635,5.5166046],[95.3206112,5.5165177],[95.3217464,5.5162222],[95.3221798,5.5161094],[95.3223555,5.5160637],[95.3233868,5.5157952]]}},{"type":"Feature","properties":{"segmentId":"osm-gaul2-73705-6134126405-3112347405-0","regionId":"gaul2-73705","province":"Nangroe Aceh Darussalam","region":"Kota Bandaaceh","roadName":"Jalan Hasan Krueng Kalee","highway":"tertiary","lengthMeters":1790.4,"osmWayIds":["654618973","655642875"],"u":"6134126405","v":"3112347405","key":0,"oneway":false,"source":"OpenStreetMap"},"geometry":{"type":"LineString","coordinates":[[95.3606624,5.5740035],[95.3606026,5.5741132],[95.3605579,5.5741849],[95.3605235,5.5742479],[95.3604939,5.5743272],[95.3604658,5.5744162],[95.3604314,5.5746359],[95.3604058,5.5749072],[95.3603653,5.5753789],[95.3603035,5.5761046],[95.360266,5.5764036],[95.3602552,5.5766478],[95.360225,5.5770306],[95.3602197,5.5772163],[95.3602291,5.5772505],[95.3602696,5.5773203],[95.3603156,5.577386],[95.3605817,5.5776974],[95.3611152,5.5783154],[95.3612047,5.5784251],[95.3615924,5.5789318],[95.3618579,5.5793187],[95.3621052,5.5796407],[95.3623053,5.5799068],[95.3624506,5.5800978],[95.3629655,5.5807429],[95.3632815,5.5811295],[95.3633854,5.5812327],[95.3635354,5.5813688],[95.3636467,5.5814476],[95.3639245,5.5816583],[95.364417,5.5820709],[95.3645429,5.5821526],[95.3646893,5.5822382],[95.3648914,5.5823446],[95.3649981,5.5823893],[95.3651563,5.5824674],[95.3652631,5.582526],[95.36533,5.5825553],[95.3653898,5.5825905],[95.3659383,5.5830176],[95.3661462,5.5832172],[95.3662615,5.583326],[95.3663102,5.5833566],[95.3663473,5.5833785],[95.3665024,5.5834225],[95.366527,5.5834259],[95.3668034,5.5834944],[95.3671153,5.5835763],[95.3673813,5.5836539],[95.3675079,5.5836933],[95.3675666,5.5837152],[95.3674725,5.584116],[95.3674717,5.5841418],[95.3674831,5.5841898],[95.3674974,5.5842091],[95.3675247,5.5842319],[95.3676092,5.5842833],[95.3676886,5.5843139],[95.3677987,5.5843489],[95.3678614,5.5843729],[95.3683221,5.5845001],[95.3686235,5.5845833],[95.3694987,5.5847849],[95.3696945,5.5848313]]}},{"type":"Feature","properties":{"segmentId":"osm-gaul2-73705-6134126405-7207205113-0","regionId":"gaul2-73705","province":"Nangroe Aceh Darussalam","region":"Kota Bandaaceh","roadName":"Jalan Lingkar","highway":"tertiary","lengthMeters":25.967,"osmWayIds":["310763407"],"u":"6134126405","v":"7207205113","key":0,"oneway":true,"source":"OpenStreetMap"},"geometry":{"type":"LineString","coordinates":[[95.3606624,5.5740035],[95.3607328,5.5739281],[95.360749,5.5738951],[95.3607917,5.5738114]]}},{"type":"Feature","properties":{"segmentId":"osm-gaul2-73705-6134234650-3088066230-0","regionId":"gaul2-73705","province":"Nangroe Aceh Darussalam","region":"Kota Bandaaceh","roadName":"Jalan Sultan Iskandar Muda","highway":"trunk","lengthMeters":1579.287,"osmWayIds":["136491572","654640623"],"u":"6134234650","v":"3088066230","key":0,"oneway":true,"source":"OpenStreetMap"},"geometry":{"type":"LineString","coordinates":[[95.2898824,5.5540959],[95.290964,5.5536591],[95.2914775,5.5534746],[95.2917348,5.5534115],[95.2920936,5.5533599],[95.2923151,5.5533447],[95.2927174,5.5533385],[95.2927759,5.5533409],[95.2928523,5.5533453],[95.2940271,5.5534345],[95.2944363,5.5534645],[95.2948658,5.5534891],[95.2953938,5.553518],[95.2955597,5.5535287],[95.2957931,5.5535429],[95.2960096,5.5535401],[95.2963999,5.5535241],[95.2966125,5.5534993],[95.2970885,5.5533949],[95.2978955,5.5531837],[95.298614,5.5530078],[95.2992806,5.5528393],[95.299388,5.5528118],[95.2997446,5.5527195],[95.300269,5.5525787],[95.3006317,5.5524736],[95.3010213,5.5523668],[95.3014508,5.552239],[95.3023779,5.5519697],[95.3027152,5.5518629],[95.303152,5.551734],[95.3037488,5.5515549]]}},{"type":"Feature","properties":{"segmentId":"osm-gaul2-73705-6134413781-3059938561-0","regionId":"gaul2-73705","province":"Nangroe Aceh Darussalam","region":"Kota Bandaaceh","roadName":"Jalan Raya Medan Banda Aceh","highway":"trunk","lengthMeters":232.766,"osmWayIds":["328977467","912706674"],"u":"6134413781","v":"3059938561","key":0,"oneway":true,"source":"OpenStreetMap"},"geometry":{"type":"LineString","coordinates":[[95.3596536,5.5062828],[95.3595118,5.5064229],[95.3587646,5.5072353],[95.3586725,5.5073349],[95.358357,5.5076964],[95.3581941,5.5077717]]}},{"type":"Feature","properties":{"segmentId":"osm-gaul2-73705-6134413781-5456040336-0","regionId":"gaul2-73705","province":"Nangroe Aceh Darussalam","region":"Kota Bandaaceh","roadName":"Jalan Raya Medan Banda Aceh","highway":"trunk","lengthMeters":1560.054,"osmWayIds":["654622283"],"u":"6134413781","v":"5456040336","key":0,"oneway":false,"source":"OpenStreetMap"},"geometry":{"type":"LineString","coordinates":[[95.3596536,5.5062828],[95.3600541,5.505832],[95.3601064,5.5057813],[95.3603652,5.5054676],[95.3606809,5.5050978],[95.3608426,5.5049009],[95.3610371,5.504682],[95.3616614,5.5039764],[95.3618793,5.5037189],[95.3623179,5.5032116],[95.3627109,5.502774],[95.3629091,5.5025319],[95.3631066,5.5022984],[95.3648469,5.5002883],[95.3653333,5.4997301],[95.3657564,5.4992389],[95.3658029,5.4991824],[95.3658943,5.4990713],[95.3660433,5.4989034],[95.3664364,5.4984484],[95.3666961,5.4981436],[95.3673068,5.497438],[95.3679666,5.4966558],[95.36803,5.4965802],[95.368586,5.495916],[95.3688383,5.4956425]]}},{"type":"Feature","properties":{"segmentId":"osm-gaul2-73705-6134415254-3059949679-0","regionId":"gaul2-73705","province":"Nangroe Aceh Darussalam","region":"Kota Bandaaceh","roadName":"Unnamed OSM road","highway":"trunk_link","lengthMeters":8.53,"osmWayIds":["654649212"],"u":"6134415254","v":"3059949679","key":0,"oneway":false,"source":"OpenStreetMap"},"geometry":{"type":"LineString","coordinates":[[95.3577612,5.5131715],[95.3578368,5.5131566]]}},{"type":"Feature","properties":{"segmentId":"osm-gaul2-73705-6134415254-6133906789-0","regionId":"gaul2-73705","province":"Nangroe Aceh Darussalam","region":"Kota Bandaaceh","roadName":"Jalan Banda Aceh-Medan","highway":"trunk","lengthMeters":706.719,"osmWayIds":["301841263"],"u":"6134415254","v":"6133906789","key":0,"oneway":true,"source":"OpenStreetMap"},"geometry":{"type":"LineString","coordinates":[[95.3577612,5.5131715],[95.357847,5.5135971],[95.3578953,5.5138093],[95.3579807,5.514246],[95.3580306,5.5144404],[95.3580655,5.514559],[95.3581108,5.5146892],[95.358198,5.5148814],[95.3582999,5.5149989],[95.3583532,5.5150445],[95.3588368,5.5154016],[95.3589933,5.5155088],[95.3590992,5.5155982],[95.3593098,5.5157985],[95.3597429,5.5162844],[95.3599825,5.5165484],[95.3602003,5.5167636],[95.3603692,5.5169411],[95.3606978,5.5172575],[95.3607514,5.5173062],[95.3607924,5.5173556],[95.3608353,5.5174184],[95.36131,5.5182099]]}},{"type":"Feature","properties":{"segmentId":"osm-gaul2-73705-6134782950-6134866729-0","regionId":"gaul2-73705","province":"Nangroe Aceh Darussalam","region":"Kota Bandaaceh","roadName":"Jalan Banda Aceh-Medan","highway":"trunk","lengthMeters":1046.986,"osmWayIds":["301841269"],"u":"6134782950","v":"6134866729","key":0,"oneway":true,"source":"OpenStreetMap"},"geometry":{"type":"LineString","coordinates":[[95.3537301,5.5325728],[95.3542924,5.5322367],[95.355246,5.531635],[95.3556365,5.5313825],[95.3557498,5.5312896],[95.3559268,5.5311636],[95.356077,5.5310153],[95.3563633,5.5307424],[95.3565534,5.5305738],[95.3568675,5.5303312],[95.3573953,5.5299395],[95.357903,5.5295636],[95.3585353,5.5291373],[95.3589302,5.5288756],[95.3591355,5.5287529],[95.3593077,5.52865],[95.3598207,5.5284144],[95.3601608,5.5282523],[95.3607098,5.5280052],[95.3608915,5.5279364],[95.361042,5.5278913],[95.3612725,5.5278163],[95.3617206,5.5276554]]}},{"type":"Feature","properties":{"segmentId":"osm-gaul2-73705-6134782950-764973263-0","regionId":"gaul2-73705","province":"Nangroe Aceh Darussalam","region":"Kota Bandaaceh","roadName":"Unnamed OSM road","highway":"trunk_link","lengthMeters":9.625,"osmWayIds":["654694159"],"u":"6134782950","v":"764973263","key":0,"oneway":false,"source":"OpenStreetMap"},"geometry":{"type":"LineString","coordinates":[[95.3537301,5.5325728],[95.3536883,5.5324969]]}},{"type":"Feature","properties":{"segmentId":"osm-gaul2-73705-6134866729-6134866730-0","regionId":"gaul2-73705","province":"Nangroe Aceh Darussalam","region":"Kota Bandaaceh","roadName":"Unnamed OSM road","highway":"trunk_link","lengthMeters":9.241,"osmWayIds":["654703454"],"u":"6134866729","v":"6134866730","key":0,"oneway":false,"source":"OpenStreetMap"},"geometry":{"type":"LineString","coordinates":[[95.3617206,5.5276554],[95.3616915,5.5275775]]}},{"type":"Feature","properties":{"segmentId":"osm-gaul2-73705-6134866729-6142841300-0","regionId":"gaul2-73705","province":"Nangroe Aceh Darussalam","region":"Kota Bandaaceh","roadName":"Jalan Banda Aceh-Medan","highway":"trunk","lengthMeters":922.905,"osmWayIds":["301841269"],"u":"6134866729","v":"6142841300","key":0,"oneway":true,"source":"OpenStreetMap"},"geometry":{"type":"LineString","coordinates":[[95.3617206,5.5276554],[95.362171,5.5274827],[95.3630278,5.5271742],[95.3638485,5.5270444],[95.3647529,5.5269127],[95.3653722,5.526767],[95.3655278,5.5267118],[95.3659437,5.5265156],[95.3661656,5.5263837],[95.3663273,5.5262242],[95.3663889,5.5260939],[95.3664167,5.5259544],[95.3664055,5.5258588],[95.3663581,5.5256921],[95.3660562,5.5251325],[95.3659329,5.5249607],[95.3655571,5.5244195],[95.3653167,5.5240974],[95.364714,5.5233292]]}},{"type":"Feature","properties":{"segmentId":"osm-gaul2-73705-6134866730-6134866729-0","regionId":"gaul2-73705","province":"Nangroe Aceh Darussalam","region":"Kota Bandaaceh","roadName":"Unnamed OSM road","highway":"trunk_link","lengthMeters":9.241,"osmWayIds":["654703454"],"u":"6134866730","v":"6134866729","key":0,"oneway":false,"source":"OpenStreetMap"},"geometry":{"type":"LineString","coordinates":[[95.3616915,5.5275775],[95.3617206,5.5276554]]}},{"type":"Feature","properties":{"segmentId":"osm-gaul2-73705-6134866730-764973263-0","regionId":"gaul2-73705","province":"Nangroe Aceh Darussalam","region":"Kota Bandaaceh","roadName":"Jalan Banda Aceh-Medan","highway":"trunk","lengthMeters":1047.926,"osmWayIds":["301841263"],"u":"6134866730","v":"764973263","key":0,"oneway":true,"source":"OpenStreetMap"},"geometry":{"type":"LineString","coordinates":[[95.3616915,5.5275775],[95.361243,5.5277353],[95.3611864,5.527752],[95.3606898,5.5279216],[95.3602079,5.528134],[95.3592129,5.5286298],[95.3590894,5.5286939],[95.3587334,5.5289039],[95.3582877,5.5291974],[95.3578595,5.5295003],[95.3574137,5.5298157],[95.3570205,5.5300939],[95.3566515,5.5303798],[95.3565171,5.5304945],[95.3564321,5.530564],[95.3561528,5.5308122],[95.3559558,5.5309913],[95.3556859,5.5312248],[95.3553858,5.5314439],[95.3550531,5.5316755],[95.3547057,5.5318808],[95.3536883,5.5324969]]}},{"type":"Feature","properties":{"segmentId":"osm-gaul2-73705-6135023044-544527429-0","regionId":"gaul2-73705","province":"Nangroe Aceh Darussalam","region":"Kota Bandaaceh","roadName":"Jalan W.R. Supratman","highway":"secondary","lengthMeters":164.443,"osmWayIds":["654720699"],"u":"6135023044","v":"544527429","key":0,"oneway":true,"source":"OpenStreetMap"},"geometry":{"type":"LineString","coordinates":[[95.3196112,5.5604468],[95.3196376,5.5604434],[95.3197978,5.5604368],[95.3203729,5.5604462],[95.3210955,5.5604864]]}},{"type":"Feature","properties":{"segmentId":"osm-gaul2-73705-6135023056-267436125-0","regionId":"gaul2-73705","province":"Nangroe Aceh Darussalam","region":"Kota Bandaaceh","roadName":"Jalan W.R. Supratman","highway":"secondary","lengthMeters":216.083,"osmWayIds":["654720701","654720702","654720703","824104392"],"u":"6135023056","v":"267436125","key":0,"oneway":true,"source":"OpenStreetMap"},"geometry":{"type":"LineString","coordinates":[[95.319006,5.5600104],[95.3189667,5.5600699],[95.3189379,5.5602821],[95.3189204,5.5603422],[95.3188828,5.5604283],[95.3188574,5.5604537],[95.3188345,5.5604683],[95.318801,5.5604804],[95.3187763,5.5604844],[95.318579,5.5604944],[95.3178227,5.5604957],[95.3177108,5.5604939],[95.3176258,5.5604833],[95.3175561,5.5604555],[95.3174975,5.5604121],[95.3174269,5.5603647]]}},{"type":"Feature","properties":{"segmentId":"osm-gaul2-73705-6135023056-6135023044-0","regionId":"gaul2-73705","province":"Nangroe Aceh Darussalam","region":"Kota Bandaaceh","roadName":"Jalan Ahmad Yani","highway":"secondary","lengthMeters":107.598,"osmWayIds":["654720698"],"u":"6135023056","v":"6135023044","key":0,"oneway":true,"source":"OpenStreetMap"},"geometry":{"type":"LineString","coordinates":[[95.319006,5.5600104],[95.3190364,5.5600753],[95.3190369,5.5603848],[95.3190431,5.560395],[95.3190558,5.5604023],[95.3190666,5.5604056],[95.3190866,5.5604069],[95.3195527,5.5604184],[95.3196112,5.5604468]]}},{"type":"Feature","properties":{"segmentId":"osm-gaul2-73705-6142841300-6133906788-0","regionId":"gaul2-73705","province":"Nangroe Aceh Darussalam","region":"Kota Bandaaceh","roadName":"Jalan Banda Aceh-Medan","highway":"trunk","lengthMeters":683.571,"osmWayIds":["301841269","654631280","654631281"],"u":"6142841300","v":"6133906788","key":0,"oneway":true,"source":"OpenStreetMap"},"geometry":{"type":"LineString","coordinates":[[95.364714,5.5233292],[95.3642307,5.5227159],[95.3640942,5.522543],[95.36391,5.5223007],[95.3633149,5.5214764],[95.3626401,5.5205027],[95.3621749,5.5197007],[95.3620732,5.519506],[95.3618418,5.5190102],[95.361531,5.5184372],[95.3613751,5.518177]]}},{"type":"Feature","properties":{"segmentId":"osm-gaul2-73705-6142841300-6350094043-0","regionId":"gaul2-73705","province":"Nangroe Aceh Darussalam","region":"Kota Bandaaceh","roadName":"Unnamed OSM road","highway":"trunk_link","lengthMeters":10.73,"osmWayIds":["1334246750"],"u":"6142841300","v":"6350094043","key":0,"oneway":false,"source":"OpenStreetMap"},"geometry":{"type":"LineString","coordinates":[[95.364714,5.5233292],[95.3646366,5.5233873]]}},{"type":"Feature","properties":{"segmentId":"osm-gaul2-73705-6145334078-540959632-0","regionId":"gaul2-73705","province":"Nangroe Aceh Darussalam","region":"Kota Bandaaceh","roadName":"Jalan Tentara Pelajar Aceh","highway":"secondary","lengthMeters":221.22,"osmWayIds":["655967604"],"u":"6145334078","v":"540959632","key":0,"oneway":true,"source":"OpenStreetMap"},"geometry":{"type":"LineString","coordinates":[[95.3156414,5.5577954],[95.3156166,5.5577027],[95.3155119,5.5572245],[95.3154872,5.5571336],[95.3154624,5.5570426],[95.3153142,5.5564706],[95.31529,5.5563659],[95.3152444,5.556227],[95.3152411,5.5561583],[95.3152753,5.5560769],[95.3154334,5.5559313]]}},{"type":"Feature","properties":{"segmentId":"osm-gaul2-73705-6145334078-6133234549-0","regionId":"gaul2-73705","province":"Nangroe Aceh Darussalam","region":"Kota Bandaaceh","roadName":"Unnamed OSM road","highway":"secondary_link","lengthMeters":9.385,"osmWayIds":["1104872237"],"u":"6145334078","v":"6133234549","key":0,"oneway":false,"source":"OpenStreetMap"},"geometry":{"type":"LineString","coordinates":[[95.3156414,5.5577954],[95.3155566,5.5577961]]}},{"type":"Feature","properties":{"segmentId":"osm-gaul2-73705-6145334081-267436128-0","regionId":"gaul2-73705","province":"Nangroe Aceh Darussalam","region":"Kota Bandaaceh","roadName":"Unnamed OSM road","highway":"tertiary","lengthMeters":12.589,"osmWayIds":["681338600"],"u":"6145334081","v":"267436128","key":0,"oneway":false,"source":"OpenStreetMap"},"geometry":{"type":"LineString","coordinates":[[95.315978,5.5592323],[95.3158669,5.5592566]]}},{"type":"Feature","properties":{"segmentId":"osm-gaul2-73705-6145334081-6145334078-0","regionId":"gaul2-73705","province":"Nangroe Aceh Darussalam","region":"Kota Bandaaceh","roadName":"Jalan Tentara Pelajar Aceh","highway":"secondary","lengthMeters":164.081,"osmWayIds":["655967604"],"u":"6145334081","v":"6145334078","key":0,"oneway":true,"source":"OpenStreetMap"},"geometry":{"type":"LineString","coordinates":[[95.315978,5.5592323],[95.315843,5.5586812],[95.3158111,5.5585413],[95.3157867,5.5584303],[95.31575,5.558286],[95.3157081,5.5580778],[95.3156414,5.5577954]]}},{"type":"Feature","properties":{"segmentId":"osm-gaul2-73705-6145334082-6145334081-0","regionId":"gaul2-73705","province":"Nangroe Aceh Darussalam","region":"Kota Bandaaceh","roadName":"Jalan Tentara Pelajar Aceh","highway":"secondary","lengthMeters":90.333,"osmWayIds":["655967604"],"u":"6145334082","v":"6145334081","key":0,"oneway":true,"source":"OpenStreetMap"},"geometry":{"type":"LineString","coordinates":[[95.3160873,5.5600178],[95.3161326,5.5599198],[95.315978,5.5592323]]}},{"type":"Feature","properties":{"segmentId":"osm-gaul2-73705-6145334082-7694443273-0","regionId":"gaul2-73705","province":"Nangroe Aceh Darussalam","region":"Kota Bandaaceh","roadName":"Jalan W.R. Supratman","highway":"secondary","lengthMeters":153.499,"osmWayIds":["24602044"],"u":"6145334082","v":"7694443273","key":0,"oneway":false,"source":"OpenStreetMap"},"geometry":{"type":"LineString","coordinates":[[95.3160873,5.5600178],[95.3161289,5.5601326],[95.3161729,5.5602097],[95.3165735,5.5602391],[95.3169007,5.5602832],[95.317339,5.5603499]]}},{"type":"Feature","properties":{"segmentId":"osm-gaul2-73705-6145334199-6133234549-0","regionId":"gaul2-73705","province":"Nangroe Aceh Darussalam","region":"Kota Bandaaceh","roadName":"Jalan Tentara Pelajar Aceh","highway":"secondary","lengthMeters":161.28,"osmWayIds":["275541092"],"u":"6145334199","v":"6133234549","key":0,"oneway":true,"source":"OpenStreetMap"},"geometry":{"type":"LineString","coordinates":[[95.3152147,5.5563866],[95.3152505,5.5565607],[95.3153698,5.5570273],[95.3154204,5.5572749],[95.3154919,5.5575598],[95.3155566,5.5577961]]}},{"type":"Feature","properties":{"segmentId":"osm-gaul2-73705-6145334207-267436129-0","regionId":"gaul2-73705","province":"Nangroe Aceh Darussalam","region":"Kota Bandaaceh","roadName":"Jalan K.H. Ahmad Dahlan","highway":"secondary","lengthMeters":39.466,"osmWayIds":["275517327"],"u":"6145334207","v":"267436129","key":0,"oneway":true,"source":"OpenStreetMap"},"geometry":{"type":"LineString","coordinates":[[95.3150151,5.5557225],[95.315099,5.5559725],[95.3151288,5.5560589]]}},{"type":"Feature","properties":{"segmentId":"osm-gaul2-73705-6145334207-6145334208-0","regionId":"gaul2-73705","province":"Nangroe Aceh Darussalam","region":"Kota Bandaaceh","roadName":"Unnamed OSM road","highway":"tertiary","lengthMeters":46.777,"osmWayIds":["655967605"],"u":"6145334207","v":"6145334208","key":0,"oneway":true,"source":"OpenStreetMap"},"geometry":{"type":"LineString","coordinates":[[95.3150151,5.5557225],[95.3150091,5.5557625],[95.3150131,5.5558313],[95.3150332,5.555916],[95.3150567,5.5559968],[95.3150593,5.5560241],[95.315058,5.5560675],[95.315052,5.5560876],[95.3150292,5.5561303]]}},{"type":"Feature","properties":{"segmentId":"osm-gaul2-73705-6145334208-544509565-0","regionId":"gaul2-73705","province":"Nangroe Aceh Darussalam","region":"Kota Bandaaceh","roadName":"Jalan Rama Setia","highway":"tertiary","lengthMeters":3616.359,"osmWayIds":["136491573","275515301","304277843","304277846","43446152","489996084","489996089","489996091","654629548"],"u":"6145334208","v":"544509565","key":0,"oneway":false,"source":"OpenStreetMap"},"geometry":{"type":"LineString","coordinates":[[95.3150292,5.5561303],[95.3144712,5.5564587],[95.3134147,5.5570634],[95.3133751,5.5570861],[95.312704,5.5574533],[95.3125414,5.5575468],[95.3124328,5.5575953],[95.3122132,5.557694],[95.3119198,5.5578368],[95.3117164,5.5579344],[95.3116456,5.5579657],[95.3103392,5.5585334],[95.310263,5.5585681],[95.3098769,5.5587416],[95.3095568,5.5588789],[95.3090988,5.5590768],[95.308536,5.5592972],[95.3085199,5.5593036],[95.3083593,5.5593677],[95.3083547,5.5593695],[95.3081165,5.5594591],[95.3077162,5.559634],[95.3076123,5.5596687],[95.3071904,5.5598337],[95.3071502,5.5598496],[95.30665,5.5600459],[95.3063616,5.5602328],[95.3062065,5.5603617],[95.305974,5.5605585],[95.3058466,5.5606479],[95.30555,5.5608547],[95.3054498,5.5609333],[95.305381,5.5609762],[95.3049923,5.5611898],[95.3045551,5.5614501],[95.3039932,5.5617571],[95.3034797,5.562028],[95.3033365,5.5620983],[95.3028565,5.5623069],[95.3024898,5.5624792],[95.3023289,5.562546],[95.3019581,5.5627101],[95.3016899,5.5627755],[95.3014826,5.5628196],[95.3013573,5.5628436],[95.3012131,5.562859],[95.301136,5.5628605],[95.3010434,5.5628623],[95.3009033,5.5628863],[95.3007599,5.5628716],[95.3005223,5.5628461],[95.3002602,5.5628216],[95.3001863,5.5628125],[95.2997585,5.5627501],[95.2995914,5.5627347],[95.2991378,5.5626938],[95.2985474,5.5626277],[95.2983906,5.5626089],[95.2980573,5.562565],[95.2980004,5.5625539],[95.2976906,5.5624928],[95.2973646,5.5623913],[95.2970844,5.5622792],[95.2969001,5.5621817],[95.2967497,5.5621047],[95.2966966,5.5620775],[95.2964901,5.5619702],[95.2963372,5.561893],[95.2958722,5.561658],[95.2956195,5.5615174],[95.2953353,5.5613698],[95.2952859,5.561344],[95.2952613,5.5613223],[95.2948655,5.5611253],[95.2944937,5.5609319],[95.2942711,5.5608162],[95.2942149,5.560787],[95.2936813,5.5605095],[95.2934202,5.5603737],[95.2933077,5.5603152],[95.2931375,5.5602267],[95.2930004,5.5601554],[95.2925053,5.5599231],[95.2921124,5.5597362],[95.2920453,5.5597029],[95.2920059,5.5596839],[95.2916202,5.5594973],[95.2914058,5.5593734],[95.2912018,5.559257],[95.2910522,5.5591536],[95.2907876,5.5590047],[95.290371,5.558788],[95.2902255,5.5587145],[95.2898359,5.5585169],[95.2896816,5.5584501],[95.2895975,5.558425],[95.2892139,5.5583625],[95.2889836,5.5583582],[95.2889054,5.558321],[95.2888365,5.5582507],[95.2888,5.5581801],[95.2887812,5.5580864],[95.2887885,5.5580616],[95.2888841,5.557746],[95.2890225,5.5572283],[95.2890453,5.5571377],[95.2890531,5.5571055],[95.2891178,5.5568284],[95.2891279,5.5567988],[95.289161,5.5566391],[95.2893046,5.5559864],[95.2896056,5.5545892]]}},{"type":"Feature","properties":{"segmentId":"osm-gaul2-73705-6145334208-6145334199-0","regionId":"gaul2-73705","province":"Nangroe Aceh Darussalam","region":"Kota Bandaaceh","roadName":"Unnamed OSM road","highway":"tertiary","lengthMeters":37.639,"osmWayIds":["655967603"],"u":"6145334208","v":"6145334199","key":0,"oneway":true,"source":"OpenStreetMap"},"geometry":{"type":"LineString","coordinates":[[95.3150292,5.5561303],[95.3150805,5.5561409],[95.3150969,5.5561476],[95.315115,5.556165],[95.3151365,5.556195],[95.3152147,5.5563866]]}},{"type":"Feature","properties":{"segmentId":"osm-gaul2-73705-6145587226-3060069735-0","regionId":"gaul2-73705","province":"Nangroe Aceh Darussalam","region":"Kota Bandaaceh","roadName":"Unnamed OSM road","highway":"primary_link","lengthMeters":9.442,"osmWayIds":["655998067"],"u":"6145587226","v":"3060069735","key":0,"oneway":false,"source":"OpenStreetMap"},"geometry":{"type":"LineString","coordinates":[[95.3444684,5.5545298],[95.3445533,5.5545382]]}},{"type":"Feature","properties":{"segmentId":"osm-gaul2-73705-6145587226-6133235135-0","regionId":"gaul2-73705","province":"Nangroe Aceh Darussalam","region":"Kota Bandaaceh","roadName":"Jalan Teuku Panglima Nyak Makam","highway":"primary","lengthMeters":160.266,"osmWayIds":["43326798"],"u":"6145587226","v":"6133235135","key":0,"oneway":true,"source":"OpenStreetMap"},"geometry":{"type":"LineString","coordinates":[[95.3444684,5.5545298],[95.3444485,5.5547056],[95.3443972,5.5551601],[95.3443611,5.5554802],[95.3443068,5.5559621]]}},{"type":"Feature","properties":{"segmentId":"osm-gaul2-73705-6145774538-5539087867-0","regionId":"gaul2-73705","province":"Nangroe Aceh Darussalam","region":"Kota Bandaaceh","roadName":"Jalan Teungku Imum Lueng Bata","highway":"trunk","lengthMeters":548.556,"osmWayIds":["302052896"],"u":"6145774538","v":"5539087867","key":0,"oneway":true,"source":"OpenStreetMap"},"geometry":{"type":"LineString","coordinates":[[95.3339599,5.5475162],[95.3342457,5.5469928],[95.3345087,5.5464362],[95.3347835,5.5458805],[95.3349917,5.5455],[95.3353653,5.5447625],[95.3355273,5.5444272],[95.3356807,5.5441097],[95.3361716,5.5431024]]}},{"type":"Feature","properties":{"segmentId":"osm-gaul2-73705-6145923129-3060069764-0","regionId":"gaul2-73705","province":"Nangroe Aceh Darussalam","region":"Kota Bandaaceh","roadName":"Jalan Teuku Nyak Arief","highway":"trunk","lengthMeters":98.673,"osmWayIds":["947747732"],"u":"6145923129","v":"3060069764","key":0,"oneway":true,"source":"OpenStreetMap"},"geometry":{"type":"LineString","coordinates":[[95.3422631,5.5704165],[95.3419311,5.5701015],[95.3416112,5.5698112]]}},{"type":"Feature","properties":{"segmentId":"osm-gaul2-73705-6145923129-6145923130-0","regionId":"gaul2-73705","province":"Nangroe Aceh Darussalam","region":"Kota Bandaaceh","roadName":"Unnamed OSM road","highway":"trunk_link","lengthMeters":12.227,"osmWayIds":["656033677"],"u":"6145923129","v":"6145923130","key":0,"oneway":false,"source":"OpenStreetMap"},"geometry":{"type":"LineString","coordinates":[[95.3422631,5.5704165],[95.3421803,5.5704893]]}},{"type":"Feature","properties":{"segmentId":"osm-gaul2-73705-6145923130-2595266961-0","regionId":"gaul2-73705","province":"Nangroe Aceh Darussalam","region":"Kota Bandaaceh","roadName":"Jalan Teuku Nyak Arief","highway":"trunk","lengthMeters":569.03,"osmWayIds":["253620656"],"u":"6145923130","v":"2595266961","key":0,"oneway":true,"source":"OpenStreetMap"},"geometry":{"type":"LineString","coordinates":[[95.3421803,5.5704893],[95.3426544,5.5709079],[95.3431435,5.5713638],[95.3437825,5.5720569],[95.3442158,5.5724986],[95.3451741,5.5734208],[95.3458495,5.5740707]]}},{"type":"Feature","properties":{"segmentId":"osm-gaul2-73705-6145923130-6145923129-0","regionId":"gaul2-73705","province":"Nangroe Aceh Darussalam","region":"Kota Bandaaceh","roadName":"Unnamed OSM road","highway":"trunk_link","lengthMeters":12.227,"osmWayIds":["656033677"],"u":"6145923130","v":"6145923129","key":0,"oneway":false,"source":"OpenStreetMap"},"geometry":{"type":"LineString","coordinates":[[95.3421803,5.5704893],[95.3422631,5.5704165]]}},{"type":"Feature","properties":{"segmentId":"osm-gaul2-73705-6146773404-3059938559-0","regionId":"gaul2-73705","province":"Nangroe Aceh Darussalam","region":"Kota Bandaaceh","roadName":"Bundaran Lambaro","highway":"trunk","lengthMeters":7.798,"osmWayIds":["301841264"],"u":"6146773404","v":"3059938559","key":0,"oneway":true,"source":"OpenStreetMap"},"geometry":{"type":"LineString","coordinates":[[95.3583524,5.5079995],[95.3583584,5.507965],[95.3583575,5.5079299]]}},{"type":"Feature","properties":{"segmentId":"osm-gaul2-73705-6147136272-6147138512-0","regionId":"gaul2-73705","province":"Nangroe Aceh Darussalam","region":"Kota Bandaaceh","roadName":"Jalan Cut Nyak Dhien","highway":"trunk","lengthMeters":12.768,"osmWayIds":["656188153"],"u":"6147136272","v":"6147138512","key":0,"oneway":true,"source":"OpenStreetMap"},"geometry":{"type":"LineString","coordinates":[[95.2951087,5.5289872],[95.2951436,5.5290112],[95.295208,5.5290453]]}},{"type":"Feature","properties":{"segmentId":"osm-gaul2-73705-6147136272-6363113006-0","regionId":"gaul2-73705","province":"Nangroe Aceh Darussalam","region":"Kota Bandaaceh","roadName":"Unnamed OSM road","highway":"secondary","lengthMeters":9.307,"osmWayIds":["679549512"],"u":"6147136272","v":"6363113006","key":0,"oneway":true,"source":"OpenStreetMap"},"geometry":{"type":"LineString","coordinates":[[95.2951087,5.5289872],[95.2950997,5.5290084],[95.2951074,5.5290686]]}},{"type":"Feature","properties":{"segmentId":"osm-gaul2-73705-6147138512-4969635334-0","regionId":"gaul2-73705","province":"Nangroe Aceh Darussalam","region":"Kota Bandaaceh","roadName":"Jalan Cut Nyak Dhien","highway":"trunk","lengthMeters":673.838,"osmWayIds":["304453214"],"u":"6147138512","v":"4969635334","key":0,"oneway":true,"source":"OpenStreetMap"},"geometry":{"type":"LineString","coordinates":[[95.295208,5.5290453],[95.2953125,5.5290971],[95.2958882,5.5294424],[95.2971774,5.5302523],[95.2972496,5.5302991],[95.2974815,5.5304381],[95.2978883,5.5306819],[95.2983126,5.5309433],[95.2995397,5.5316858],[95.3000264,5.5320018],[95.3002097,5.5321117],[95.3003882,5.5322275]]}},{"type":"Feature","properties":{"segmentId":"osm-gaul2-73705-6147138512-544487027-0","regionId":"gaul2-73705","province":"Nangroe Aceh Darussalam","region":"Kota Bandaaceh","roadName":"Jalan Soekarno-Hatta","highway":"trunk","lengthMeters":9.722,"osmWayIds":["1007358307"],"u":"6147138512","v":"544487027","key":0,"oneway":true,"source":"OpenStreetMap"},"geometry":{"type":"LineString","coordinates":[[95.295208,5.5290453],[95.2952587,5.5289739]]}},{"type":"Feature","properties":{"segmentId":"osm-gaul2-73705-6147138513-3089870498-0","regionId":"gaul2-73705","province":"Nangroe Aceh Darussalam","region":"Kota Bandaaceh","roadName":"Jalan Cut Nyak Dhien","highway":"trunk","lengthMeters":749.414,"osmWayIds":["304453208"],"u":"6147138513","v":"3089870498","key":0,"oneway":true,"source":"OpenStreetMap"},"geometry":{"type":"LineString","coordinates":[[95.2951409,5.5289144],[95.2945931,5.5286893],[95.2943449,5.5285998],[95.2939504,5.5284582],[95.2932114,5.5282022],[95.2915116,5.5275641],[95.290831,5.5273221],[95.2906188,5.5272507],[95.2904282,5.5271804],[95.2898135,5.5269721],[95.2894383,5.5268388],[95.2887782,5.5266122]]}},{"type":"Feature","properties":{"segmentId":"osm-gaul2-73705-6147138513-6147136272-0","regionId":"gaul2-73705","province":"Nangroe Aceh Darussalam","region":"Kota Bandaaceh","roadName":"Unnamed OSM road","highway":"trunk","lengthMeters":8.845,"osmWayIds":["43324577"],"u":"6147138513","v":"6147136272","key":0,"oneway":true,"source":"OpenStreetMap"},"geometry":{"type":"LineString","coordinates":[[95.2951409,5.5289144],[95.2951087,5.5289872]]}},{"type":"Feature","properties":{"segmentId":"osm-gaul2-73705-6147300027-3060069744-0","regionId":"gaul2-73705","province":"Nangroe Aceh Darussalam","region":"Kota Bandaaceh","roadName":"Jalan Teuku Panglima Nyak Makam","highway":"primary","lengthMeters":296.732,"osmWayIds":["301855271"],"u":"6147300027","v":"3060069744","key":0,"oneway":true,"source":"OpenStreetMap"},"geometry":{"type":"LineString","coordinates":[[95.3425867,5.5675633],[95.3427308,5.5670805],[95.3428406,5.566691],[95.343049,5.5659982],[95.3433536,5.5650063]]}},{"type":"Feature","properties":{"segmentId":"osm-gaul2-73705-6147300027-3092199328-0","regionId":"gaul2-73705","province":"Nangroe Aceh Darussalam","region":"Kota Bandaaceh","roadName":"Unnamed OSM road","highway":"primary_link","lengthMeters":12.463,"osmWayIds":["656208951"],"u":"6147300027","v":"3092199328","key":0,"oneway":false,"source":"OpenStreetMap"},"geometry":{"type":"LineString","coordinates":[[95.3425867,5.5675633],[95.3424812,5.5675241]]}},{"type":"Feature","properties":{"segmentId":"osm-gaul2-73705-6147300032-6147300033-0","regionId":"gaul2-73705","province":"Nangroe Aceh Darussalam","region":"Kota Bandaaceh","roadName":"Unnamed OSM road","highway":"tertiary_link","lengthMeters":12.471,"osmWayIds":["656208954"],"u":"6147300032","v":"6147300033","key":0,"oneway":false,"source":"OpenStreetMap"},"geometry":{"type":"LineString","coordinates":[[95.3401957,5.5661365],[95.3401018,5.5660745]]}},{"type":"Feature","properties":{"segmentId":"osm-gaul2-73705-6147300032-6147300034-0","regionId":"gaul2-73705","province":"Nangroe Aceh Darussalam","region":"Kota Bandaaceh","roadName":"Jalan Stadion Haji Dimurthala","highway":"tertiary","lengthMeters":63.655,"osmWayIds":["43326784"],"u":"6147300032","v":"6147300034","key":0,"oneway":true,"source":"OpenStreetMap"},"geometry":{"type":"LineString","coordinates":[[95.3401957,5.5661365],[95.3402376,5.5660661],[95.3403101,5.5659258],[95.3404029,5.565606]]}},{"type":"Feature","properties":{"segmentId":"osm-gaul2-73705-6147300033-3066460411-0","regionId":"gaul2-73705","province":"Nangroe Aceh Darussalam","region":"Kota Bandaaceh","roadName":"Jalan Stadion Haji Dimurthala","highway":"tertiary","lengthMeters":137.257,"osmWayIds":["302388792"],"u":"6147300033","v":"3066460411","key":0,"oneway":true,"source":"OpenStreetMap"},"geometry":{"type":"LineString","coordinates":[[95.3401018,5.5660745],[95.3400073,5.5662067],[95.3395747,5.5667185],[95.3393042,5.5670188]]}},{"type":"Feature","properties":{"segmentId":"osm-gaul2-73705-6147300033-6147300032-0","regionId":"gaul2-73705","province":"Nangroe Aceh Darussalam","region":"Kota Bandaaceh","roadName":"Unnamed OSM road","highway":"tertiary_link","lengthMeters":12.471,"osmWayIds":["656208954"],"u":"6147300033","v":"6147300032","key":0,"oneway":false,"source":"OpenStreetMap"},"geometry":{"type":"LineString","coordinates":[[95.3401018,5.5660745],[95.3401957,5.5661365]]}},{"type":"Feature","properties":{"segmentId":"osm-gaul2-73705-6147300034-544527097-0","regionId":"gaul2-73705","province":"Nangroe Aceh Darussalam","region":"Kota Bandaaceh","roadName":"Jalan Stadion Haji Dimurthala","highway":"tertiary","lengthMeters":43.864,"osmWayIds":["43326784"],"u":"6147300034","v":"544527097","key":0,"oneway":true,"source":"OpenStreetMap"},"geometry":{"type":"LineString","coordinates":[[95.3404029,5.565606],[95.3405256,5.5652309]]}},{"type":"Feature","properties":{"segmentId":"osm-gaul2-73705-6147300034-6147300035-0","regionId":"gaul2-73705","province":"Nangroe Aceh Darussalam","region":"Kota Bandaaceh","roadName":"Unnamed OSM road","highway":"tertiary_link","lengthMeters":13.588,"osmWayIds":["656208955"],"u":"6147300034","v":"6147300035","key":0,"oneway":false,"source":"OpenStreetMap"},"geometry":{"type":"LineString","coordinates":[[95.3404029,5.565606],[95.3402838,5.5655763]]}},{"type":"Feature","properties":{"segmentId":"osm-gaul2-73705-6147300035-6147300033-0","regionId":"gaul2-73705","province":"Nangroe Aceh Darussalam","region":"Kota Bandaaceh","roadName":"Jalan Stadion Haji Dimurthala","highway":"tertiary","lengthMeters":59.122,"osmWayIds":["302388792"],"u":"6147300035","v":"6147300033","key":0,"oneway":true,"source":"OpenStreetMap"},"geometry":{"type":"LineString","coordinates":[[95.3402838,5.5655763],[95.3401997,5.5658629],[95.3401611,5.5659567],[95.3401018,5.5660745]]}},{"type":"Feature","properties":{"segmentId":"osm-gaul2-73705-6147300035-6147300034-0","regionId":"gaul2-73705","province":"Nangroe Aceh Darussalam","region":"Kota Bandaaceh","roadName":"Unnamed OSM road","highway":"tertiary_link","lengthMeters":13.588,"osmWayIds":["656208955"],"u":"6147300035","v":"6147300034","key":0,"oneway":false,"source":"OpenStreetMap"},"geometry":{"type":"LineString","coordinates":[[95.3402838,5.5655763],[95.3404029,5.565606]]}},{"type":"Feature","properties":{"segmentId":"osm-gaul2-73705-6147300036-544527097-0","regionId":"gaul2-73705","province":"Nangroe Aceh Darussalam","region":"Kota Bandaaceh","roadName":"Unnamed OSM road","highway":"tertiary_link","lengthMeters":15.449,"osmWayIds":["656208956"],"u":"6147300036","v":"544527097","key":0,"oneway":false,"source":"OpenStreetMap"},"geometry":{"type":"LineString","coordinates":[[95.3403901,5.5651975],[95.3405256,5.5652309]]}},{"type":"Feature","properties":{"segmentId":"osm-gaul2-73705-6147300036-6147300035-0","regionId":"gaul2-73705","province":"Nangroe Aceh Darussalam","region":"Kota Bandaaceh","roadName":"Jalan Stadion Haji Dimurthala","highway":"tertiary","lengthMeters":43.733,"osmWayIds":["302388792"],"u":"6147300036","v":"6147300035","key":0,"oneway":true,"source":"OpenStreetMap"},"geometry":{"type":"LineString","coordinates":[[95.3403901,5.5651975],[95.3402838,5.5655763]]}},{"type":"Feature","properties":{"segmentId":"osm-gaul2-73705-6147539047-3060053646-0","regionId":"gaul2-73705","province":"Nangroe Aceh Darussalam","region":"Kota Bandaaceh","roadName":"Jalan Profesor Ali Hasjmy","highway":"primary","lengthMeters":136.651,"osmWayIds":["301855269"],"u":"6147539047","v":"3060053646","key":0,"oneway":true,"source":"OpenStreetMap"},"geometry":{"type":"LineString","coordinates":[[95.3472559,5.5400637],[95.347396,5.5394408],[95.3474477,5.5392046],[95.3475101,5.5388613]]}},{"type":"Feature","properties":{"segmentId":"osm-gaul2-73705-6147539047-6147539048-0","regionId":"gaul2-73705","province":"Nangroe Aceh Darussalam","region":"Kota Bandaaceh","roadName":"Unnamed OSM road","highway":"primary_link","lengthMeters":12.812,"osmWayIds":["1010390881"],"u":"6147539047","v":"6147539048","key":0,"oneway":false,"source":"OpenStreetMap"},"geometry":{"type":"LineString","coordinates":[[95.3472559,5.5400637],[95.3471419,5.5400437]]}},{"type":"Feature","properties":{"segmentId":"osm-gaul2-73705-6147539048-6147539047-0","regionId":"gaul2-73705","province":"Nangroe Aceh Darussalam","region":"Kota Bandaaceh","roadName":"Unnamed OSM road","highway":"primary_link","lengthMeters":12.812,"osmWayIds":["1010390881"],"u":"6147539048","v":"6147539047","key":0,"oneway":false,"source":"OpenStreetMap"},"geometry":{"type":"LineString","coordinates":[[95.3471419,5.5400437],[95.3472559,5.5400637]]}},{"type":"Feature","properties":{"segmentId":"osm-gaul2-73705-6147539048-7691170947-0","regionId":"gaul2-73705","province":"Nangroe Aceh Darussalam","region":"Kota Bandaaceh","roadName":"Jalan Profesor Ali Hasjmy","highway":"primary","lengthMeters":536.589,"osmWayIds":["114780531"],"u":"6147539048","v":"7691170947","key":0,"oneway":true,"source":"OpenStreetMap"},"geometry":{"type":"LineString","coordinates":[[95.3471419,5.5400437],[95.3470051,5.5405909],[95.3469448,5.54091],[95.3467906,5.5416281],[95.3467342,5.5419071],[95.3466927,5.5421474],[95.3466457,5.542433],[95.3465143,5.543031],[95.3464687,5.5433033],[95.346415,5.5435997],[95.3463668,5.543904],[95.3462085,5.5447774]]}},{"type":"Feature","properties":{"segmentId":"osm-gaul2-73705-6347062870-1565007542-0","regionId":"gaul2-73705","province":"Nangroe Aceh Darussalam","region":"Kota Bandaaceh","roadName":"Unnamed OSM road","highway":"tertiary","lengthMeters":2757.988,"osmWayIds":["143025555","143025560","304345524"],"u":"6347062870","v":"1565007542","key":0,"oneway":false,"source":"OpenStreetMap"},"geometry":{"type":"LineString","coordinates":[[95.3715744,5.5599813],[95.3717856,5.5596174],[95.371977,5.5592423],[95.372156,5.5589036],[95.3721815,5.5588599],[95.3722776,5.5586658],[95.3723124,5.5585836],[95.3724291,5.5583334],[95.3725237,5.5580918],[95.3727972,5.5573136],[95.3729951,5.5566902],[95.3730693,5.5564086],[95.3731567,5.5560669],[95.3733149,5.5553407],[95.3734095,5.5548762],[95.3734383,5.554668],[95.3735013,5.5542088],[95.3735181,5.55408],[95.3735375,5.5538484],[95.3735556,5.5535407],[95.3735751,5.5530796],[95.3735949,5.552553],[95.3735978,5.5524808],[95.3736039,5.5520163],[95.3735834,5.5512452],[95.3735688,5.5509181],[95.373551,5.5505193],[95.3735427,5.5498779],[95.373541,5.5490482],[95.3735323,5.5487482],[95.3734933,5.547708],[95.3734695,5.5461952],[95.373451,5.5455839],[95.373438,5.5448329],[95.3734286,5.5440832],[95.3733692,5.5413953],[95.3733531,5.5406674],[95.3732946,5.5383602],[95.3732532,5.5368],[95.3731849,5.5355429]]}},{"type":"Feature","properties":{"segmentId":"osm-gaul2-73705-6347062870-1565007621-0","regionId":"gaul2-73705","province":"Nangroe Aceh Darussalam","region":"Kota Bandaaceh","roadName":"Unnamed OSM road","highway":"tertiary","lengthMeters":447.845,"osmWayIds":["143025560"],"u":"6347062870","v":"1565007621","key":0,"oneway":false,"source":"OpenStreetMap"},"geometry":{"type":"LineString","coordinates":[[95.3715744,5.5599813],[95.3714173,5.5602642],[95.3712499,5.5605615],[95.3710203,5.5609095],[95.3708339,5.5611912],[95.3706709,5.5614161],[95.3704873,5.561631],[95.370331,5.5618402],[95.3701888,5.5620027],[95.3698961,5.5623474],[95.3694887,5.5628149],[95.3693546,5.5629571],[95.3692111,5.5631413],[95.3691952,5.5631695],[95.369185,5.563212]]}},{"type":"Feature","properties":{"segmentId":"osm-gaul2-73705-6347062870-1565471715-0","regionId":"gaul2-73705","province":"Nangroe Aceh Darussalam","region":"Kota Bandaaceh","roadName":"Jembatan Lamreung","highway":"tertiary","lengthMeters":329.929,"osmWayIds":["812450494","819068657","819068658"],"u":"6347062870","v":"1565471715","key":0,"oneway":false,"source":"OpenStreetMap"},"geometry":{"type":"LineString","coordinates":[[95.3715744,5.5599813],[95.3706901,5.5594161],[95.3699545,5.558954],[95.3690433,5.5584143]]}},{"type":"Feature","properties":{"segmentId":"osm-gaul2-73705-6347376464-1565007621-0","regionId":"gaul2-73705","province":"Nangroe Aceh Darussalam","region":"Kota Bandaaceh","roadName":"Jalan Lingkar","highway":"tertiary","lengthMeters":356.964,"osmWayIds":["43718605"],"u":"6347376464","v":"1565007621","key":0,"oneway":true,"source":"OpenStreetMap"},"geometry":{"type":"LineString","coordinates":[[95.3718611,5.5647172],[95.3715913,5.5645518],[95.3715004,5.5644854],[95.3714535,5.5644414],[95.371421,5.5644042],[95.3711119,5.5639341],[95.3710438,5.563835],[95.3709901,5.5637653],[95.3709559,5.5637283],[95.370909,5.5636892],[95.3708573,5.5636558],[95.3707903,5.5636198],[95.3707216,5.5635898],[95.3705603,5.563541],[95.3698007,5.56335],[95.3693134,5.5632294],[95.3692313,5.5632147],[95.369185,5.563212]]}},{"type":"Feature","properties":{"segmentId":"osm-gaul2-73705-6347376464-3162488405-0","regionId":"gaul2-73705","province":"Nangroe Aceh Darussalam","region":"Kota Bandaaceh","roadName":"Jalan Hasan Krueng Kalee","highway":"tertiary","lengthMeters":7.065,"osmWayIds":["816111845"],"u":"6347376464","v":"3162488405","key":0,"oneway":true,"source":"OpenStreetMap"},"geometry":{"type":"LineString","coordinates":[[95.3718611,5.5647172],[95.3718387,5.5647767]]}},{"type":"Feature","properties":{"segmentId":"osm-gaul2-73705-6347379382-553311552-0","regionId":"gaul2-73705","province":"Nangroe Aceh Darussalam","region":"Kota Bandaaceh","roadName":"Jalan Teuku Nyak Arief","highway":"secondary","lengthMeters":1143.296,"osmWayIds":["1010847317","1010847318","310763414"],"u":"6347379382","v":"553311552","key":0,"oneway":true,"source":"OpenStreetMap"},"geometry":{"type":"LineString","coordinates":[[95.3720974,5.5713756],[95.3719483,5.5714249],[95.371822,5.5714565],[95.3716922,5.5714836],[95.3715671,5.5714965],[95.3714569,5.5715027],[95.3708591,5.5715018],[95.3706877,5.571505],[95.3700912,5.5715309],[95.3696344,5.571537],[95.369027,5.5715621],[95.3689766,5.571568],[95.3687561,5.5715736],[95.3685536,5.5715897],[95.3681007,5.5716225],[95.3679961,5.5716358],[95.3676705,5.5716988],[95.3676088,5.5717161],[95.3661834,5.572128],[95.3660305,5.5721686],[95.3658302,5.5722345],[95.3656664,5.5722883],[95.3656069,5.5723095],[95.3650206,5.5724802],[95.3649146,5.5725091],[95.3647201,5.5725671],[95.3646488,5.5725885],[95.3642463,5.5726912],[95.3639076,5.5727841],[95.3638279,5.5728131],[95.3632342,5.5729757],[95.3624439,5.5732042],[95.3623581,5.5732255],[95.3622126,5.5732749],[95.3620257,5.5733254]]}},{"type":"Feature","properties":{"segmentId":"osm-gaul2-73705-6347379382-6347437273-0","regionId":"gaul2-73705","province":"Nangroe Aceh Darussalam","region":"Kota Bandaaceh","roadName":"Jalan Hasan Krueng Kalee","highway":"tertiary","lengthMeters":5.568,"osmWayIds":["677889230"],"u":"6347379382","v":"6347437273","key":0,"oneway":true,"source":"OpenStreetMap"},"geometry":{"type":"LineString","coordinates":[[95.3720974,5.5713756],[95.3721002,5.5714256]]}},{"type":"Feature","properties":{"segmentId":"osm-gaul2-73705-6347430602-11285257715-0","regionId":"gaul2-73705","province":"Nangroe Aceh Darussalam","region":"Kota Bandaaceh","roadName":"Jalan Soekarno-Hatta","highway":"trunk","lengthMeters":1033.697,"osmWayIds":["427371999","43324105","656126647"],"u":"6347430602","v":"11285257715","key":0,"oneway":true,"source":"OpenStreetMap"},"geometry":{"type":"LineString","coordinates":[[95.3466998,5.5105299],[95.3463802,5.5106084],[95.3455509,5.5108238],[95.344989,5.5109843],[95.3447272,5.5110467],[95.3436967,5.5113092],[95.3433889,5.5113915],[95.3426574,5.5115754],[95.3424842,5.5116191],[95.3414905,5.5118697],[95.341196,5.5119444],[95.3399508,5.5122603],[95.3395839,5.5123642],[95.3387445,5.5126018],[95.3382848,5.5127144],[95.337736,5.5128486],[95.3376615,5.5128685]]}},{"type":"Feature","properties":{"segmentId":"osm-gaul2-73705-6347430602-6347430603-0","regionId":"gaul2-73705","province":"Nangroe Aceh Darussalam","region":"Kota Bandaaceh","roadName":"Unnamed OSM road","highway":"trunk_link","lengthMeters":11.759,"osmWayIds":["677888816"],"u":"6347430602","v":"6347430603","key":0,"oneway":false,"source":"OpenStreetMap"},"geometry":{"type":"LineString","coordinates":[[95.3466998,5.5105299],[95.3467271,5.5106321]]}},{"type":"Feature","properties":{"segmentId":"osm-gaul2-73705-6347430603-6347430602-0","regionId":"gaul2-73705","province":"Nangroe Aceh Darussalam","region":"Kota Bandaaceh","roadName":"Unnamed OSM road","highway":"trunk_link","lengthMeters":11.759,"osmWayIds":["677888816"],"u":"6347430603","v":"6347430602","key":0,"oneway":false,"source":"OpenStreetMap"},"geometry":{"type":"LineString","coordinates":[[95.3467271,5.5106321],[95.3466998,5.5105299]]}},{"type":"Feature","properties":{"segmentId":"osm-gaul2-73705-6347430603-6347587773-0","regionId":"gaul2-73705","province":"Nangroe Aceh Darussalam","region":"Kota Bandaaceh","roadName":"Jalan Soekarno-Hatta","highway":"trunk","lengthMeters":234.615,"osmWayIds":["656126645"],"u":"6347430603","v":"6347587773","key":0,"oneway":true,"source":"OpenStreetMap"},"geometry":{"type":"LineString","coordinates":[[95.3467271,5.5106321],[95.34831,5.5102386],[95.3487816,5.5101129]]}},{"type":"Feature","properties":{"segmentId":"osm-gaul2-73705-6347437273-6347437415-0","regionId":"gaul2-73705","province":"Nangroe Aceh Darussalam","region":"Kota Bandaaceh","roadName":"Jalan Teuku Nyak Arief","highway":"secondary","lengthMeters":8.618,"osmWayIds":["1010847315"],"u":"6347437273","v":"6347437415","key":0,"oneway":true,"source":"OpenStreetMap"},"geometry":{"type":"LineString","coordinates":[[95.3721002,5.5714256],[95.3721758,5.571407]]}},{"type":"Feature","properties":{"segmentId":"osm-gaul2-73705-6347437273-7587942396-0","regionId":"gaul2-73705","province":"Nangroe Aceh Darussalam","region":"Kota Bandaaceh","roadName":"Jalan Tanjong Seulamat","highway":"tertiary","lengthMeters":10.991,"osmWayIds":["812382507"],"u":"6347437273","v":"7587942396","key":0,"oneway":true,"source":"OpenStreetMap"},"geometry":{"type":"LineString","coordinates":[[95.3721002,5.5714256],[95.3721502,5.571511]]}},{"type":"Feature","properties":{"segmentId":"osm-gaul2-73705-6347437415-553311543-0","regionId":"gaul2-73705","province":"Nangroe Aceh Darussalam","region":"Kota Bandaaceh","roadName":"Jalan Hasan Krueng Kalee","highway":"tertiary","lengthMeters":5.749,"osmWayIds":["310763415"],"u":"6347437415","v":"553311543","key":0,"oneway":true,"source":"OpenStreetMap"},"geometry":{"type":"LineString","coordinates":[[95.3721758,5.571407],[95.3721726,5.5713554]]}},{"type":"Feature","properties":{"segmentId":"osm-gaul2-73705-6347437415-7587942395-0","regionId":"gaul2-73705","province":"Nangroe Aceh Darussalam","region":"Kota Bandaaceh","roadName":"Jalan T. Nyak Arief","highway":"secondary","lengthMeters":8.183,"osmWayIds":["812382505"],"u":"6347437415","v":"7587942395","key":0,"oneway":true,"source":"OpenStreetMap"},"geometry":{"type":"LineString","coordinates":[[95.3721758,5.571407],[95.3722396,5.5713698]]}},{"type":"Feature","properties":{"segmentId":"osm-gaul2-73705-6347483911-544505037-0","regionId":"gaul2-73705","province":"Nangroe Aceh Darussalam","region":"Kota Bandaaceh","roadName":"Jalan Taman Makam Pahlawan","highway":"tertiary","lengthMeters":77.729,"osmWayIds":["275484583","677898872"],"u":"6347483911","v":"544505037","key":0,"oneway":true,"source":"OpenStreetMap"},"geometry":{"type":"LineString","coordinates":[[95.323659,5.5460956],[95.3237038,5.5459853],[95.3237002,5.5456065],[95.3237045,5.5454053]]}},{"type":"Feature","properties":{"segmentId":"osm-gaul2-73705-6347483911-544505040-0","regionId":"gaul2-73705","province":"Nangroe Aceh Darussalam","region":"Kota Bandaaceh","roadName":"Jalan Taman Makam Pahlawan","highway":"tertiary","lengthMeters":143.491,"osmWayIds":["677898874"],"u":"6347483911","v":"544505040","key":0,"oneway":false,"source":"OpenStreetMap"},"geometry":{"type":"LineString","coordinates":[[95.323659,5.5460956],[95.3236663,5.5467521],[95.3236779,5.5469955],[95.3236873,5.5471129],[95.3237115,5.5472144],[95.3237602,5.5473754]]}},{"type":"Feature","properties":{"segmentId":"osm-gaul2-73705-6347483914-267398159-0","regionId":"gaul2-73705","province":"Nangroe Aceh Darussalam","region":"Kota Bandaaceh","roadName":"Jalan Teungku Chik Ditiro","highway":"trunk","lengthMeters":437.102,"osmWayIds":["302052905","302052909","302052911"],"u":"6347483914","v":"267398159","key":0,"oneway":true,"source":"OpenStreetMap"},"geometry":{"type":"LineString","coordinates":[[95.3243515,5.5510368],[95.3234788,5.5510795],[95.3230886,5.5510985],[95.3225796,5.5511234],[95.3216729,5.5511678],[95.3208186,5.5512096],[95.3207686,5.551212],[95.3205546,5.551228],[95.3204077,5.5512427]]}},{"type":"Feature","properties":{"segmentId":"osm-gaul2-73705-6347483914-6347483915-0","regionId":"gaul2-73705","province":"Nangroe Aceh Darussalam","region":"Kota Bandaaceh","roadName":"Unnamed OSM road","highway":"tertiary","lengthMeters":9.868,"osmWayIds":["1010125200"],"u":"6347483914","v":"6347483915","key":0,"oneway":true,"source":"OpenStreetMap"},"geometry":{"type":"LineString","coordinates":[[95.3243515,5.5510368],[95.3243566,5.5511254]]}},{"type":"Feature","properties":{"segmentId":"osm-gaul2-73705-6347483915-3062902317-0","regionId":"gaul2-73705","province":"Nangroe Aceh Darussalam","region":"Kota Bandaaceh","roadName":"Jalan Teungku Chik Ditiro","highway":"trunk","lengthMeters":9.107,"osmWayIds":["1134830375"],"u":"6347483915","v":"3062902317","key":0,"oneway":true,"source":"OpenStreetMap"},"geometry":{"type":"LineString","coordinates":[[95.3243566,5.5511254],[95.3244388,5.5511217]]}},{"type":"Feature","properties":{"segmentId":"osm-gaul2-73705-6347587773-3071721372-0","regionId":"gaul2-73705","province":"Nangroe Aceh Darussalam","region":"Kota Bandaaceh","roadName":"Jalan Soekarno-Hatta","highway":"trunk","lengthMeters":474.256,"osmWayIds":["427372001","656126644","656126645"],"u":"6347587773","v":"3071721372","key":0,"oneway":true,"source":"OpenStreetMap"},"geometry":{"type":"LineString","coordinates":[[95.3487816,5.5101129],[95.3496859,5.5098753],[95.3505522,5.5096686],[95.3512374,5.5095323],[95.3516145,5.5094714],[95.3518742,5.5094294],[95.3520602,5.509394],[95.3522658,5.509358],[95.3524022,5.5093309],[95.3529696,5.509223]]}},{"type":"Feature","properties":{"segmentId":"osm-gaul2-73705-6347587773-6347587774-0","regionId":"gaul2-73705","province":"Nangroe Aceh Darussalam","region":"Kota Bandaaceh","roadName":"Unnamed OSM road","highway":"trunk_link","lengthMeters":9.872,"osmWayIds":["677910528"],"u":"6347587773","v":"6347587774","key":0,"oneway":false,"source":"OpenStreetMap"},"geometry":{"type":"LineString","coordinates":[[95.3487816,5.5101129],[95.3487489,5.5100303]]}},{"type":"Feature","properties":{"segmentId":"osm-gaul2-73705-6347587774-6347430602-0","regionId":"gaul2-73705","province":"Nangroe Aceh Darussalam","region":"Kota Bandaaceh","roadName":"Jalan Soekarno-Hatta","highway":"trunk","lengthMeters":233.518,"osmWayIds":["656126647"],"u":"6347587774","v":"6347430602","key":0,"oneway":true,"source":"OpenStreetMap"},"geometry":{"type":"LineString","coordinates":[[95.3487489,5.5100303],[95.348464,5.5101081],[95.3477869,5.5102665],[95.3475172,5.5103313],[95.3466998,5.5105299]]}},{"type":"Feature","properties":{"segmentId":"osm-gaul2-73705-6347587774-6347587773-0","regionId":"gaul2-73705","province":"Nangroe Aceh Darussalam","region":"Kota Bandaaceh","roadName":"Unnamed OSM road","highway":"trunk_link","lengthMeters":9.872,"osmWayIds":["677910528"],"u":"6347587774","v":"6347587773","key":0,"oneway":false,"source":"OpenStreetMap"},"geometry":{"type":"LineString","coordinates":[[95.3487489,5.5100303],[95.3487816,5.5101129]]}},{"type":"Feature","properties":{"segmentId":"osm-gaul2-73705-6349280619-2801171130-0","regionId":"gaul2-73705","province":"Nangroe Aceh Darussalam","region":"Kota Bandaaceh","roadName":"Jalan Kemuning","highway":"tertiary","lengthMeters":276.791,"osmWayIds":["678109394"],"u":"6349280619","v":"2801171130","key":0,"oneway":false,"source":"OpenStreetMap"},"geometry":{"type":"LineString","coordinates":[[95.3287097,5.532391],[95.3284146,5.5323743],[95.3278088,5.5323693],[95.3267752,5.5323449],[95.3263397,5.5323389],[95.3262901,5.5323382],[95.3262099,5.5323319]]}},{"type":"Feature","properties":{"segmentId":"osm-gaul2-73705-6349280619-6349280623-0","regionId":"gaul2-73705","province":"Nangroe Aceh Darussalam","region":"Kota Bandaaceh","roadName":"Jalan Kemuning","highway":"tertiary","lengthMeters":128.66,"osmWayIds":["275484841"],"u":"6349280619","v":"6349280623","key":0,"oneway":true,"source":"OpenStreetMap"},"geometry":{"type":"LineString","coordinates":[[95.3287097,5.532391],[95.3288425,5.5324137],[95.3288975,5.5324183],[95.3296835,5.532429],[95.3298698,5.532421]]}},{"type":"Feature","properties":{"segmentId":"osm-gaul2-73705-6349280622-6349280619-0","regionId":"gaul2-73705","province":"Nangroe Aceh Darussalam","region":"Kota Bandaaceh","roadName":"Unnamed OSM road","highway":"tertiary","lengthMeters":139.381,"osmWayIds":["678109397"],"u":"6349280622","v":"6349280619","key":0,"oneway":true,"source":"OpenStreetMap"},"geometry":{"type":"LineString","coordinates":[[95.3299677,5.5323616],[95.3299181,5.5323609],[95.3296801,5.5323689],[95.3288473,5.5323729],[95.3287097,5.532391]]}},{"type":"Feature","properties":{"segmentId":"osm-gaul2-73705-6349280623-1512747948-0","regionId":"gaul2-73705","province":"Nangroe Aceh Darussalam","region":"Kota Bandaaceh","roadName":"Jalan Kemuning","highway":"tertiary","lengthMeters":36.192,"osmWayIds":["275484841","678109395"],"u":"6349280623","v":"1512747948","key":0,"oneway":true,"source":"OpenStreetMap"},"geometry":{"type":"LineString","coordinates":[[95.3298698,5.532421],[95.3300327,5.532421],[95.3301968,5.5324196]]}},{"type":"Feature","properties":{"segmentId":"osm-gaul2-73705-6349280623-3377380707-0","regionId":"gaul2-73705","province":"Nangroe Aceh Darussalam","region":"Kota Bandaaceh","roadName":"Unnamed OSM road","highway":"trunk_link","lengthMeters":60.44,"osmWayIds":["330740923"],"u":"6349280623","v":"3377380707","key":0,"oneway":true,"source":"OpenStreetMap"},"geometry":{"type":"LineString","coordinates":[[95.3298698,5.532421],[95.3299805,5.5325024],[95.3300536,5.5325638],[95.3301119,5.5326379],[95.3301454,5.532708],[95.3301968,5.5328379]]}},{"type":"Feature","properties":{"segmentId":"osm-gaul2-73705-6349316472-3377380695-0","regionId":"gaul2-73705","province":"Nangroe Aceh Darussalam","region":"Kota Bandaaceh","roadName":"Unnamed OSM road","highway":"trunk_link","lengthMeters":71.736,"osmWayIds":["330740925"],"u":"6349316472","v":"3377380695","key":0,"oneway":true,"source":"OpenStreetMap"},"geometry":{"type":"LineString","coordinates":[[95.3306698,5.5323402],[95.3306229,5.5323089],[95.3305927,5.5322969],[95.3304774,5.5322708],[95.3304552,5.5322595],[95.3304304,5.5322401],[95.3304177,5.5322141],[95.3303982,5.532084],[95.3303761,5.5320286],[95.3302889,5.5318911]]}},{"type":"Feature","properties":{"segmentId":"osm-gaul2-73705-6349316472-6350446543-0","regionId":"gaul2-73705","province":"Nangroe Aceh Darussalam","region":"Kota Bandaaceh","roadName":"Jalan Amd","highway":"tertiary","lengthMeters":40.847,"osmWayIds":["678112596","816157041"],"u":"6349316472","v":"6350446543","key":0,"oneway":true,"source":"OpenStreetMap"},"geometry":{"type":"LineString","coordinates":[[95.3306698,5.5323402],[95.3304971,5.5323473],[95.3303774,5.5323523],[95.330301,5.5323536]]}},{"type":"Feature","properties":{"segmentId":"osm-gaul2-73705-6349316475-1512747940-0","regionId":"gaul2-73705","province":"Nangroe Aceh Darussalam","region":"Kota Bandaaceh","roadName":"Jalan Amd","highway":"tertiary","lengthMeters":912.335,"osmWayIds":["137962127"],"u":"6349316475","v":"1512747940","key":0,"oneway":false,"source":"OpenStreetMap"},"geometry":{"type":"LineString","coordinates":[[95.331329,5.5323589],[95.3314168,5.5323582],[95.3317595,5.5323536],[95.332123,5.532351],[95.3322227,5.5323528],[95.333008,5.5323236],[95.3337795,5.532287],[95.334293,5.5322888],[95.3346964,5.5322924],[95.3348192,5.5322867],[95.3352676,5.5322874],[95.3360138,5.532274],[95.3366589,5.5322549],[95.337749,5.5322322],[95.3385317,5.5322088],[95.3395692,5.532181]]}},{"type":"Feature","properties":{"segmentId":"osm-gaul2-73705-6349316475-6349316472-0","regionId":"gaul2-73705","province":"Nangroe Aceh Darussalam","region":"Kota Bandaaceh","roadName":"Jalan Amd","highway":"tertiary","lengthMeters":73.375,"osmWayIds":["678112596"],"u":"6349316475","v":"6349316472","key":0,"oneway":true,"source":"OpenStreetMap"},"geometry":{"type":"LineString","coordinates":[[95.331329,5.5323589],[95.3312331,5.5323322],[95.3307288,5.5323409],[95.3306698,5.5323402]]}},{"type":"Feature","properties":{"segmentId":"osm-gaul2-73705-6349386105-6347437273-0","regionId":"gaul2-73705","province":"Nangroe Aceh Darussalam","region":"Kota Bandaaceh","roadName":"Jalan Teuku Nyak Arief","highway":"secondary","lengthMeters":1145.135,"osmWayIds":["1010847315","1010847316","677889235"],"u":"6349386105","v":"6347437273","key":0,"oneway":true,"source":"OpenStreetMap"},"geometry":{"type":"LineString","coordinates":[[95.3620134,5.5733916],[95.3621234,5.5733657],[95.3628979,5.5731514],[95.3632417,5.5730579],[95.3635415,5.5729761],[95.3638585,5.5728902],[95.3645213,5.5726969],[95.3649719,5.5725768],[95.3651677,5.5725208],[95.3654621,5.572444],[95.3656954,5.5723689],[95.3658584,5.5723086],[95.366071,5.5722486],[95.3676173,5.5717944],[95.3676769,5.5717838],[95.3679196,5.5717186],[95.36809,5.5716919],[95.3682587,5.5716697],[95.3686038,5.5716409],[95.3687601,5.5716341],[95.368975,5.5716284],[95.3690235,5.5716253],[95.3696377,5.5716069],[95.3700902,5.5715981],[95.3706823,5.5715784],[95.3708607,5.5715797],[95.371082,5.5715691],[95.3714313,5.5715619],[95.3716949,5.5715424],[95.3717566,5.5715344],[95.3719282,5.5714863],[95.3721002,5.5714256]]}},{"type":"Feature","properties":{"segmentId":"osm-gaul2-73705-6349386137-553312186-0","regionId":"gaul2-73705","province":"Nangroe Aceh Darussalam","region":"Kota Bandaaceh","roadName":"Jalan Lingkar","highway":"tertiary","lengthMeters":486.485,"osmWayIds":["43718605"],"u":"6349386137","v":"553312186","key":0,"oneway":true,"source":"OpenStreetMap"},"geometry":{"type":"LineString","coordinates":[[95.3641325,5.5688665],[95.3627529,5.5704749],[95.3620327,5.5713425],[95.3617338,5.5717092],[95.3614596,5.5720763],[95.36142,5.5721363],[95.3613898,5.5721971],[95.3613657,5.5722582]]}},{"type":"Feature","properties":{"segmentId":"osm-gaul2-73705-6349386137-7702192077-0","regionId":"gaul2-73705","province":"Nangroe Aceh Darussalam","region":"Kota Bandaaceh","roadName":"Unnamed OSM road","highway":"tertiary_link","lengthMeters":8.78,"osmWayIds":["824850795"],"u":"6349386137","v":"7702192077","key":0,"oneway":false,"source":"OpenStreetMap"},"geometry":{"type":"LineString","coordinates":[[95.3641325,5.5688665],[95.3641961,5.5689137]]}},{"type":"Feature","properties":{"segmentId":"osm-gaul2-73705-6349386157-2006027813-0","regionId":"gaul2-73705","province":"Nangroe Aceh Darussalam","region":"Kota Bandaaceh","roadName":"Unnamed OSM road","highway":"secondary_link","lengthMeters":101.288,"osmWayIds":["189994165"],"u":"6349386157","v":"2006027813","key":0,"oneway":true,"source":"OpenStreetMap"},"geometry":{"type":"LineString","coordinates":[[95.3613446,5.5723359],[95.361311,5.5723559],[95.3612893,5.5723773],[95.3612748,5.5723973],[95.3608414,5.573091]]}},{"type":"Feature","properties":{"segmentId":"osm-gaul2-73705-6349386157-6134126405-0","regionId":"gaul2-73705","province":"Nangroe Aceh Darussalam","region":"Kota Bandaaceh","roadName":"Jalan Lingkar","highway":"tertiary","lengthMeters":203.998,"osmWayIds":["656102947","656102949"],"u":"6349386157","v":"6134126405","key":0,"oneway":true,"source":"OpenStreetMap"},"geometry":{"type":"LineString","coordinates":[[95.3613446,5.5723359],[95.3613374,5.5723847],[95.3613204,5.5725778],[95.361275,5.5728028],[95.3612222,5.5729726],[95.3611706,5.57308],[95.3611197,5.5731658],[95.3609338,5.5734164],[95.3607501,5.5737301],[95.3606724,5.5738969],[95.3606624,5.5740035]]}},{"type":"Feature","properties":{"segmentId":"osm-gaul2-73705-6349487054-6133942168-0","regionId":"gaul2-73705","province":"Nangroe Aceh Darussalam","region":"Kota Bandaaceh","roadName":"Jalan Ir. H. Mohammad Thaher","highway":"secondary","lengthMeters":28.583,"osmWayIds":["301856762"],"u":"6349487054","v":"6133942168","key":0,"oneway":false,"source":"OpenStreetMap"},"geometry":{"type":"LineString","coordinates":[[95.3369494,5.5415037],[95.3369521,5.541452],[95.3369629,5.541247]]}},{"type":"Feature","properties":{"segmentId":"osm-gaul2-73705-6349487054-6133942173-0","regionId":"gaul2-73705","province":"Nangroe Aceh Darussalam","region":"Kota Bandaaceh","roadName":"Jalan Teungku Imum Lueng Bata","highway":"trunk","lengthMeters":66.667,"osmWayIds":["301841265"],"u":"6349487054","v":"6133942173","key":0,"oneway":true,"source":"OpenStreetMap"},"geometry":{"type":"LineString","coordinates":[[95.3369494,5.5415037],[95.3369011,5.5415505],[95.3366794,5.5418592],[95.3366124,5.5419969]]}},{"type":"Feature","properties":{"segmentId":"osm-gaul2-73705-6349968686-2237426219-0","regionId":"gaul2-73705","province":"Nangroe Aceh Darussalam","region":"Kota Bandaaceh","roadName":"Jalan Syiah Kuala","highway":"tertiary","lengthMeters":5.195,"osmWayIds":["824405273"],"u":"6349968686","v":"2237426219","key":0,"oneway":false,"source":"OpenStreetMap"},"geometry":{"type":"LineString","coordinates":[[95.3297836,5.5632166],[95.3297849,5.5631699]]}},{"type":"Feature","properties":{"segmentId":"osm-gaul2-73705-6349968686-544527125-0","regionId":"gaul2-73705","province":"Nangroe Aceh Darussalam","region":"Kota Bandaaceh","roadName":"Jalan Syiah Kuala","highway":"tertiary","lengthMeters":597.608,"osmWayIds":["824405273"],"u":"6349968686","v":"544527125","key":0,"oneway":false,"source":"OpenStreetMap"},"geometry":{"type":"LineString","coordinates":[[95.3297836,5.5632166],[95.3297719,5.5634145],[95.3297417,5.563951],[95.3297387,5.5640057],[95.3297097,5.5644222],[95.3296728,5.5650116],[95.3296083,5.5658956],[95.3295916,5.5660865],[95.3295879,5.5661167],[95.3295295,5.5669882],[95.3294816,5.5676276],[95.3294719,5.5678097],[95.3294139,5.5685782]]}},{"type":"Feature","properties":{"segmentId":"osm-gaul2-73705-6349968686-6349968685-0","regionId":"gaul2-73705","province":"Nangroe Aceh Darussalam","region":"Kota Bandaaceh","roadName":"Unnamed OSM road","highway":"tertiary_link","lengthMeters":58.689,"osmWayIds":["214137078"],"u":"6349968686","v":"6349968685","key":0,"oneway":true,"source":"OpenStreetMap"},"geometry":{"type":"LineString","coordinates":[[95.3297836,5.5632166],[95.3299538,5.5630085],[95.3300538,5.5628979],[95.3301332,5.5628204]]}},{"type":"Feature","properties":{"segmentId":"osm-gaul2-73705-6349968687-2237426191-0","regionId":"gaul2-73705","province":"Nangroe Aceh Darussalam","region":"Kota Bandaaceh","roadName":"Jalan Pocut Baren","highway":"secondary","lengthMeters":4.664,"osmWayIds":["275542993"],"u":"6349968687","v":"2237426191","key":0,"oneway":false,"source":"OpenStreetMap"},"geometry":{"type":"LineString","coordinates":[[95.3294913,5.5627842],[95.3294497,5.5627775]]}},{"type":"Feature","properties":{"segmentId":"osm-gaul2-73705-6349968687-544527335-0","regionId":"gaul2-73705","province":"Nangroe Aceh Darussalam","region":"Kota Bandaaceh","roadName":"Jalan Pocut Baren","highway":"secondary","lengthMeters":36.115,"osmWayIds":["1008389803"],"u":"6349968687","v":"544527335","key":0,"oneway":false,"source":"OpenStreetMap"},"geometry":{"type":"LineString","coordinates":[[95.3294913,5.5627842],[95.3298108,5.5628503]]}},{"type":"Feature","properties":{"segmentId":"osm-gaul2-73705-6350094043-6134866730-0","regionId":"gaul2-73705","province":"Nangroe Aceh Darussalam","region":"Kota Bandaaceh","roadName":"Jalan Banda Aceh-Medan","highway":"trunk","lengthMeters":899.62,"osmWayIds":["301841263"],"u":"6350094043","v":"6134866730","key":0,"oneway":true,"source":"OpenStreetMap"},"geometry":{"type":"LineString","coordinates":[[95.3646366,5.5233873],[95.3649066,5.52373],[95.3655981,5.5246269],[95.3658772,5.5250492],[95.3662111,5.5256312],[95.366282,5.525811],[95.3662902,5.5259089],[95.3662686,5.5260852],[95.3662103,5.5261871],[95.3661166,5.5262904],[95.3659201,5.5264108],[95.3657243,5.5265056],[95.365321,5.5266805],[95.3650725,5.5267432],[95.3647372,5.5268273],[95.3642973,5.5268993],[95.3638373,5.5269647],[95.3631849,5.5270549],[95.3626478,5.5272037],[95.3622667,5.5273567],[95.3621059,5.5274103],[95.3616915,5.5275775]]}},{"type":"Feature","properties":{"segmentId":"osm-gaul2-73705-6350094043-6142841300-0","regionId":"gaul2-73705","province":"Nangroe Aceh Darussalam","region":"Kota Bandaaceh","roadName":"Unnamed OSM road","highway":"trunk_link","lengthMeters":10.73,"osmWayIds":["1334246750"],"u":"6350094043","v":"6142841300","key":0,"oneway":false,"source":"OpenStreetMap"},"geometry":{"type":"LineString","coordinates":[[95.3646366,5.5233873],[95.364714,5.5233292]]}},{"type":"Feature","properties":{"segmentId":"osm-gaul2-73705-6350183800-3089870503-0","regionId":"gaul2-73705","province":"Nangroe Aceh Darussalam","region":"Kota Bandaaceh","roadName":"Jalan Cut Nyak Dhien","highway":"trunk","lengthMeters":13.321,"osmWayIds":["387926333"],"u":"6350183800","v":"3089870503","key":0,"oneway":true,"source":"OpenStreetMap"},"geometry":{"type":"LineString","coordinates":[[95.288627,5.5265849],[95.288718,5.5266633]]}},{"type":"Feature","properties":{"segmentId":"osm-gaul2-73705-6350183800-3108871683-0","regionId":"gaul2-73705","province":"Nangroe Aceh Darussalam","region":"Kota Bandaaceh","roadName":"Jalan Cut Nyak Dhien","highway":"trunk","lengthMeters":661.671,"osmWayIds":["655160737"],"u":"6350183800","v":"3108871683","key":0,"oneway":false,"source":"OpenStreetMap"},"geometry":{"type":"LineString","coordinates":[[95.288627,5.5265849],[95.2885267,5.5265461],[95.288309,5.5264778],[95.2878648,5.5263919],[95.2876737,5.5263632],[95.2870427,5.5263012],[95.2863022,5.5262337],[95.2855986,5.5261715],[95.2852579,5.5261127],[95.2848945,5.5260233],[95.2843937,5.5258414],[95.2839417,5.525681],[95.2837222,5.5255963],[95.2831444,5.5253838],[95.2829695,5.5253277],[95.2828942,5.5253026],[95.2828349,5.5252761]]}},{"type":"Feature","properties":{"segmentId":"osm-gaul2-73705-6350187337-544505071-0","regionId":"gaul2-73705","province":"Nangroe Aceh Darussalam","region":"Kota Bandaaceh","roadName":"Jalan Ahmad Yani","highway":"secondary","lengthMeters":95.12,"osmWayIds":["1132346418","828735449"],"u":"6350187337","v":"544505071","key":0,"oneway":true,"source":"OpenStreetMap"},"geometry":{"type":"LineString","coordinates":[[95.3190581,5.5576159],[95.3190911,5.5575428],[95.3190896,5.5574751],[95.3191129,5.5567679]]}},{"type":"Feature","properties":{"segmentId":"osm-gaul2-73705-6350187337-544527421-0","regionId":"gaul2-73705","province":"Nangroe Aceh Darussalam","region":"Kota Bandaaceh","roadName":"Jalan Ahmad Yani","highway":"secondary","lengthMeters":33.715,"osmWayIds":["828735450"],"u":"6350187337","v":"544527421","key":0,"oneway":false,"source":"OpenStreetMap"},"geometry":{"type":"LineString","coordinates":[[95.3190581,5.5576159],[95.3190556,5.5579191]]}},{"type":"Feature","properties":{"segmentId":"osm-gaul2-73705-6350398069-6350398070-0","regionId":"gaul2-73705","province":"Nangroe Aceh Darussalam","region":"Kota Bandaaceh","roadName":"Unnamed OSM road","highway":"primary_link","lengthMeters":11.295,"osmWayIds":["678230094"],"u":"6350398069","v":"6350398070","key":0,"oneway":false,"source":"OpenStreetMap"},"geometry":{"type":"LineString","coordinates":[[95.3306021,5.5520803],[95.3305458,5.5520811],[95.3305002,5.5520848]]}},{"type":"Feature","properties":{"segmentId":"osm-gaul2-73705-6350398069-7207391889-0","regionId":"gaul2-73705","province":"Nangroe Aceh Darussalam","region":"Kota Bandaaceh","roadName":"Jalan Teuku Muhammad Hasan","highway":"primary","lengthMeters":68.805,"osmWayIds":["1008770874"],"u":"6350398069","v":"7207391889","key":0,"oneway":true,"source":"OpenStreetMap"},"geometry":{"type":"LineString","coordinates":[[95.3306021,5.5520803],[95.3305964,5.5519974],[95.3305914,5.5519531],[95.330588,5.551883],[95.3305743,5.5516623],[95.3305343,5.5514665]]}},{"type":"Feature","properties":{"segmentId":"osm-gaul2-73705-6350398070-6350398069-0","regionId":"gaul2-73705","province":"Nangroe Aceh Darussalam","region":"Kota Bandaaceh","roadName":"Unnamed OSM road","highway":"primary_link","lengthMeters":11.295,"osmWayIds":["678230094"],"u":"6350398070","v":"6350398069","key":0,"oneway":false,"source":"OpenStreetMap"},"geometry":{"type":"LineString","coordinates":[[95.3305002,5.5520848],[95.3305458,5.5520811],[95.3306021,5.5520803]]}},{"type":"Feature","properties":{"segmentId":"osm-gaul2-73705-6350398070-7205055055-0","regionId":"gaul2-73705","province":"Nangroe Aceh Darussalam","region":"Kota Bandaaceh","roadName":"Jalan Teuku Muhammad Hasan","highway":"primary","lengthMeters":211.708,"osmWayIds":["1008770875","43175653","43175654"],"u":"6350398070","v":"7205055055","key":0,"oneway":true,"source":"OpenStreetMap"},"geometry":{"type":"LineString","coordinates":[[95.3305002,5.5520848],[95.3305627,5.5531039],[95.3305696,5.5531838],[95.3306344,5.5539478],[95.3306356,5.5539838]]}},{"type":"Feature","properties":{"segmentId":"osm-gaul2-73705-6350446543-3377380695-0","regionId":"gaul2-73705","province":"Nangroe Aceh Darussalam","region":"Kota Bandaaceh","roadName":"Jalan Teuku Muhammad Hasan","highway":"trunk","lengthMeters":51.445,"osmWayIds":["111972657"],"u":"6350446543","v":"3377380695","key":0,"oneway":true,"source":"OpenStreetMap"},"geometry":{"type":"LineString","coordinates":[[95.330301,5.5323536],[95.3302889,5.5318911]]}},{"type":"Feature","properties":{"segmentId":"osm-gaul2-73705-6350446543-6350446544-0","regionId":"gaul2-73705","province":"Nangroe Aceh Darussalam","region":"Kota Bandaaceh","roadName":"Unnamed OSM road","highway":"tertiary","lengthMeters":12.098,"osmWayIds":["816157041"],"u":"6350446543","v":"6350446544","key":0,"oneway":true,"source":"OpenStreetMap"},"geometry":{"type":"LineString","coordinates":[[95.330301,5.5323536],[95.3301917,5.5323549]]}},{"type":"Feature","properties":{"segmentId":"osm-gaul2-73705-6350446544-1512747948-0","regionId":"gaul2-73705","province":"Nangroe Aceh Darussalam","region":"Kota Bandaaceh","roadName":"Jalan Teuku Muhammad Hasan","highway":"trunk","lengthMeters":7.216,"osmWayIds":["43175161"],"u":"6350446544","v":"1512747948","key":0,"oneway":true,"source":"OpenStreetMap"},"geometry":{"type":"LineString","coordinates":[[95.3301917,5.5323549],[95.3301968,5.5324196]]}},{"type":"Feature","properties":{"segmentId":"osm-gaul2-73705-6350446544-6349280622-0","regionId":"gaul2-73705","province":"Nangroe Aceh Darussalam","region":"Kota Bandaaceh","roadName":"Unnamed OSM road","highway":"tertiary","lengthMeters":24.804,"osmWayIds":["678109397"],"u":"6350446544","v":"6349280622","key":0,"oneway":true,"source":"OpenStreetMap"},"geometry":{"type":"LineString","coordinates":[[95.3301917,5.5323549],[95.3300522,5.5323583],[95.3299677,5.5323616]]}},{"type":"Feature","properties":{"segmentId":"osm-gaul2-73705-6351323406-553304510-0","regionId":"gaul2-73705","province":"Nangroe Aceh Darussalam","region":"Kota Bandaaceh","roadName":"Unnamed OSM road","highway":"trunk","lengthMeters":13.466,"osmWayIds":["43713212"],"u":"6351323406","v":"553304510","key":0,"oneway":true,"source":"OpenStreetMap"},"geometry":{"type":"LineString","coordinates":[[95.353528,5.5807111],[95.3535282,5.5807515],[95.3535371,5.5807909],[95.3535543,5.5808274]]}},{"type":"Feature","properties":{"segmentId":"osm-gaul2-73705-6351488915-3112348532-0","regionId":"gaul2-73705","province":"Nangroe Aceh Darussalam","region":"Kota Bandaaceh","roadName":"Jalan Laksamana Malahayati","highway":"trunk","lengthMeters":1149.554,"osmWayIds":["1180114590"],"u":"6351488915","v":"3112348532","key":0,"oneway":false,"source":"OpenStreetMap"},"geometry":{"type":"LineString","coordinates":[[95.3576931,5.5869948],[95.3578266,5.5870568],[95.3580581,5.5872078],[95.3581231,5.5872537],[95.3584453,5.587472],[95.3586456,5.5875952],[95.3590131,5.5878378],[95.3592142,5.5879698],[95.3596308,5.5882509],[95.3599762,5.5884736],[95.3607538,5.5889947],[95.360823,5.5890377],[95.3613858,5.5894133],[95.3622092,5.5899539],[95.3627323,5.5903049],[95.3630286,5.5905065],[95.3631245,5.5905678],[95.3635179,5.5908441],[95.3637517,5.591002],[95.3641922,5.5912994],[95.3643075,5.5913762],[95.3644733,5.5914866],[95.3652004,5.5919466],[95.3653348,5.5920283],[95.3654713,5.5920963],[95.3657012,5.5922196],[95.3659214,5.5923452],[95.3660007,5.5923839],[95.3661997,5.5924765],[95.3664214,5.5925819]]}},{"type":"Feature","properties":{"segmentId":"osm-gaul2-73705-6351488915-553303167-0","regionId":"gaul2-73705","province":"Nangroe Aceh Darussalam","region":"Kota Bandaaceh","roadName":"Jalan Laksamana Malahayati","highway":"trunk","lengthMeters":1103.875,"osmWayIds":["1351985070","301434700","301812645","43175659","490829810","490829811","678308705","678337394","678625755","678625757","812433161"],"u":"6351488915","v":"553303167","key":0,"oneway":true,"source":"OpenStreetMap"},"geometry":{"type":"LineString","coordinates":[[95.3576931,5.5869948],[95.3576355,5.5869191],[95.357619,5.5869085],[95.3575986,5.5868954],[95.3570903,5.5865698],[95.3567087,5.5863385],[95.3562561,5.5860565],[95.3558671,5.5858122],[95.3558074,5.5857822],[95.3557075,5.5857374],[95.3555377,5.5856652],[95.3554692,5.5856346],[95.3554194,5.585618],[95.3528489,5.5846056],[95.3526522,5.5845231],[95.3526262,5.5845119],[95.3524896,5.5844254],[95.3524054,5.5843637],[95.3523296,5.5842776],[95.3523001,5.5842392],[95.35227,5.58419],[95.3522264,5.5841024],[95.3522083,5.584042],[95.3521943,5.5839789],[95.3521885,5.5839096],[95.3521905,5.5838369],[95.3522153,5.5837334],[95.3522522,5.5836386],[95.3522895,5.5835591],[95.3523086,5.5835184],[95.3523583,5.5834267],[95.3524996,5.5831861],[95.3525687,5.5830702],[95.3526951,5.5828696],[95.3527684,5.5827453],[95.3528344,5.5826391],[95.3529175,5.5825011],[95.3530135,5.5823547],[95.3536469,5.5812756],[95.3537402,5.5811233],[95.3537951,5.5810178],[95.3538273,5.5809397],[95.3538548,5.5808536]]}},{"type":"Feature","properties":{"segmentId":"osm-gaul2-73705-6351622192-3092169277-0","regionId":"gaul2-73705","province":"Nangroe Aceh Darussalam","region":"Kota Bandaaceh","roadName":"Unnamed OSM road","highway":"tertiary","lengthMeters":1167.355,"osmWayIds":["304642469","309561955"],"u":"6351622192","v":"3092169277","key":0,"oneway":false,"source":"OpenStreetMap"},"geometry":{"type":"LineString","coordinates":[[95.35227,5.5833765],[95.3522307,5.5833648],[95.3521642,5.5833596],[95.3520319,5.5833576],[95.3518552,5.5833653],[95.3517536,5.5833673],[95.351527,5.5833922],[95.3514841,5.5834023],[95.3514338,5.5834195],[95.3513118,5.5834691],[95.3508533,5.5836473],[95.3507244,5.5837001],[95.350586,5.58375],[95.3503612,5.5838168],[95.3500575,5.5839029],[95.3500001,5.5839125],[95.3498786,5.5839206],[95.349636,5.5839169],[95.3494919,5.5839109],[95.3493712,5.5838982],[95.3492304,5.5838782],[95.3488974,5.5838131],[95.3486906,5.5837841],[95.348598,5.5837767],[95.3485001,5.5837727],[95.3483459,5.583795],[95.3482094,5.5838408],[95.34811,5.583874],[95.3479797,5.583923],[95.3478453,5.5839823],[95.3473629,5.5842139],[95.3471852,5.5842939],[95.3468439,5.5844494],[95.3467527,5.5844805],[95.3466422,5.5845027],[95.346515,5.5845209],[95.3462702,5.5845409],[95.3460459,5.5845419],[95.345719,5.5845484],[95.3456412,5.5845455],[95.3455254,5.5845397],[95.3453904,5.5845302],[95.3450451,5.5844862],[95.3446904,5.5844314],[95.3443897,5.5843654],[95.3443551,5.5846116],[95.3443387,5.5847444],[95.3443083,5.5849283],[95.344264,5.5851602],[95.3439015,5.5850995],[95.3437295,5.5850654],[95.3433013,5.5849974],[95.3431488,5.5849743],[95.3429677,5.5849593],[95.3426935,5.5849193]]}},{"type":"Feature","properties":{"segmentId":"osm-gaul2-73705-6351622192-6351488915-0","regionId":"gaul2-73705","province":"Nangroe Aceh Darussalam","region":"Kota Bandaaceh","roadName":"Jalan Laksamana Malahayati","highway":"trunk","lengthMeters":787.681,"osmWayIds":["812433154","812433155","812433156","812433157","812433158","812433159","812433160"],"u":"6351622192","v":"6351488915","key":0,"oneway":true,"source":"OpenStreetMap"},"geometry":{"type":"LineString","coordinates":[[95.35227,5.5833765],[95.3521798,5.5836026],[95.3521359,5.5837123],[95.3521144,5.5837901],[95.3521053,5.5838495],[95.3521053,5.5839059],[95.3521121,5.583995],[95.3521404,5.5841103],[95.3521553,5.5841505],[95.3521947,5.5842313],[95.3522581,5.5843262],[95.3523545,5.584441],[95.3524394,5.5845028],[95.3525887,5.5845872],[95.3526072,5.5845951],[95.3528206,5.5846773],[95.3553844,5.5857057],[95.3554305,5.5857275],[95.3555074,5.5857527],[95.3556799,5.5858293],[95.3557643,5.5858652],[95.3559306,5.5859564],[95.3562836,5.5861886],[95.3565014,5.5863214],[95.357039,5.5866492],[95.3572875,5.5868],[95.3575857,5.586976],[95.3575951,5.5869816],[95.3576931,5.5869948]]}},{"type":"Feature","properties":{"segmentId":"osm-gaul2-73705-6354312942-6354312945-0","regionId":"gaul2-73705","province":"Nangroe Aceh Darussalam","region":"Kota Bandaaceh","roadName":"Unnamed OSM road","highway":"tertiary_link","lengthMeters":26.463,"osmWayIds":["678630573"],"u":"6354312942","v":"6354312945","key":0,"oneway":false,"source":"OpenStreetMap"},"geometry":{"type":"LineString","coordinates":[[95.3289411,5.5789665],[95.3289096,5.5789362],[95.328866,5.5788836],[95.3287933,5.5787802]]}},{"type":"Feature","properties":{"segmentId":"osm-gaul2-73705-6354312945-3112119096-0","regionId":"gaul2-73705","province":"Nangroe Aceh Darussalam","region":"Kota Bandaaceh","roadName":"Jalan Syiah Kuala","highway":"tertiary","lengthMeters":1594.035,"osmWayIds":["566492747","566492748","677856914","677856915","824405273"],"u":"6354312945","v":"3112119096","key":0,"oneway":false,"source":"OpenStreetMap"},"geometry":{"type":"LineString","coordinates":[[95.3287933,5.5787802],[95.3287621,5.5789526],[95.3287557,5.5790243],[95.3287522,5.5792981],[95.3287471,5.5794134],[95.3287067,5.5803305],[95.3286937,5.5806251],[95.3286619,5.5811753],[95.328617,5.5819541],[95.3286094,5.5821437],[95.3286052,5.5822511],[95.3285733,5.583051],[95.3285289,5.5835786],[95.3285169,5.5837455],[95.3284768,5.584376],[95.3284732,5.5845277],[95.3284765,5.5845669],[95.3285005,5.5848481],[95.3285294,5.5850401],[95.3286073,5.5852348],[95.3287098,5.5854438],[95.3288582,5.5857908],[95.3289773,5.5860692],[95.3290913,5.5863454],[95.3291825,5.5865376],[95.3293092,5.5867626],[95.3293391,5.5868293],[95.3293512,5.586857],[95.3293599,5.586897],[95.3293642,5.5869252],[95.3293655,5.5869789],[95.3293482,5.5872471],[95.3293494,5.5875458],[95.3293649,5.5877429],[95.329395,5.5878945],[95.3294836,5.588118],[95.3295862,5.5883051],[95.3297307,5.5885115],[95.3297596,5.5885648],[95.3297763,5.5886031],[95.3297827,5.5886339],[95.3297897,5.5886619],[95.3297931,5.5886971],[95.3297881,5.5892634],[95.3297813,5.5893072],[95.3297713,5.5893493],[95.3297257,5.5894914],[95.3297022,5.5895722],[95.3296854,5.5896561],[95.3296781,5.589767],[95.3296896,5.5901861],[95.3296606,5.5905245],[95.3296463,5.5905906],[95.3296323,5.5906243],[95.3296208,5.5906493],[95.3295722,5.5907354],[95.3290839,5.591386],[95.3290124,5.5914919],[95.3289632,5.5915689],[95.3289418,5.591645],[95.3289177,5.5917878],[95.3289056,5.5919987],[95.3288881,5.5922509],[95.3288728,5.59258]]}},{"type":"Feature","properties":{"segmentId":"osm-gaul2-73705-6354312945-544527125-0","regionId":"gaul2-73705","province":"Nangroe Aceh Darussalam","region":"Kota Bandaaceh","roadName":"Jalan Syiah Kuala","highway":"tertiary","lengthMeters":1136.685,"osmWayIds":["824405273"],"u":"6354312945","v":"544527125","key":0,"oneway":false,"source":"OpenStreetMap"},"geometry":{"type":"LineString","coordinates":[[95.3287933,5.5787802],[95.3288041,5.5785732],[95.3288177,5.5783591],[95.3288423,5.5779672],[95.3288643,5.5777267],[95.3288887,5.577404],[95.3289089,5.5769237],[95.3289193,5.5767614],[95.3289445,5.5763682],[95.3289517,5.5761762],[95.3289787,5.5758584],[95.3290369,5.575173],[95.3290624,5.5748026],[95.3290593,5.5746862],[95.3290628,5.5744649],[95.3290694,5.574316],[95.3291162,5.5735485],[95.3291545,5.5728544],[95.3291842,5.5722164],[95.3291965,5.5719048],[95.3291972,5.5718434],[95.3292356,5.5712387],[95.3292547,5.5709831],[95.3292865,5.5706024],[95.3293036,5.5703725],[95.3293219,5.5699305],[95.329339,5.5696952],[95.3294139,5.5685782]]}},{"type":"Feature","properties":{"segmentId":"osm-gaul2-73705-6354312945-6354312942-0","regionId":"gaul2-73705","province":"Nangroe Aceh Darussalam","region":"Kota Bandaaceh","roadName":"Unnamed OSM road","highway":"tertiary_link","lengthMeters":26.463,"osmWayIds":["678630573"],"u":"6354312945","v":"6354312942","key":0,"oneway":false,"source":"OpenStreetMap"},"geometry":{"type":"LineString","coordinates":[[95.3287933,5.5787802],[95.328866,5.5788836],[95.3289096,5.5789362],[95.3289411,5.5789665]]}},{"type":"Feature","properties":{"segmentId":"osm-gaul2-73705-6354530434-6354530435-0","regionId":"gaul2-73705","province":"Nangroe Aceh Darussalam","region":"Kota Bandaaceh","roadName":"Unnamed OSM road","highway":"trunk_link","lengthMeters":8.124,"osmWayIds":["1190127506"],"u":"6354530434","v":"6354530435","key":0,"oneway":false,"source":"OpenStreetMap"},"geometry":{"type":"LineString","coordinates":[[95.3302798,5.5298226],[95.3302064,5.5298229]]}},{"type":"Feature","properties":{"segmentId":"osm-gaul2-73705-6354530434-7735524585-0","regionId":"gaul2-73705","province":"Nangroe Aceh Darussalam","region":"Kota Bandaaceh","roadName":"Jalan Teuku Muhammad Hasan","highway":"trunk","lengthMeters":8.151,"osmWayIds":["111972657"],"u":"6354530434","v":"7735524585","key":0,"oneway":true,"source":"OpenStreetMap"},"geometry":{"type":"LineString","coordinates":[[95.3302798,5.5298226],[95.3302797,5.5297493]]}},{"type":"Feature","properties":{"segmentId":"osm-gaul2-73705-6354530435-3107886748-0","regionId":"gaul2-73705","province":"Nangroe Aceh Darussalam","region":"Kota Bandaaceh","roadName":"Jalan Teuku Muhammad Hasan","highway":"trunk","lengthMeters":13.196,"osmWayIds":["43175161"],"u":"6354530435","v":"3107886748","key":0,"oneway":true,"source":"OpenStreetMap"},"geometry":{"type":"LineString","coordinates":[[95.3302064,5.5298229],[95.3302105,5.5299415]]}},{"type":"Feature","properties":{"segmentId":"osm-gaul2-73705-6354530435-6354530434-0","regionId":"gaul2-73705","province":"Nangroe Aceh Darussalam","region":"Kota Bandaaceh","roadName":"Unnamed OSM road","highway":"trunk_link","lengthMeters":8.124,"osmWayIds":["1190127506"],"u":"6354530435","v":"6354530434","key":0,"oneway":false,"source":"OpenStreetMap"},"geometry":{"type":"LineString","coordinates":[[95.3302064,5.5298229],[95.3302798,5.5298226]]}},{"type":"Feature","properties":{"segmentId":"osm-gaul2-73705-6360020430-6132954737-0","regionId":"gaul2-73705","province":"Nangroe Aceh Darussalam","region":"Kota Bandaaceh","roadName":"Unnamed OSM road","highway":"trunk_link","lengthMeters":12.395,"osmWayIds":["1009775578"],"u":"6360020430","v":"6132954737","key":0,"oneway":false,"source":"OpenStreetMap"},"geometry":{"type":"LineString","coordinates":[[95.3483744,5.5763115],[95.348436,5.5762184]]}},{"type":"Feature","properties":{"segmentId":"osm-gaul2-73705-6360020430-6351323406-0","regionId":"gaul2-73705","province":"Nangroe Aceh Darussalam","region":"Kota Bandaaceh","roadName":"Jalan Teuku Nyak Arief","highway":"trunk","lengthMeters":752.179,"osmWayIds":["253620656"],"u":"6360020430","v":"6351323406","key":0,"oneway":true,"source":"OpenStreetMap"},"geometry":{"type":"LineString","coordinates":[[95.3483744,5.5763115],[95.3490369,5.5768715],[95.3498597,5.5775608],[95.3503029,5.5779159],[95.3505899,5.5781454],[95.351236,5.5786807],[95.3513818,5.5788015],[95.3520034,5.57932],[95.3526203,5.5798426],[95.3533719,5.5805079],[95.3534372,5.5805812],[95.353487,5.5806484],[95.353528,5.5807111]]}},{"type":"Feature","properties":{"segmentId":"osm-gaul2-73705-6363113006-6147138512-0","regionId":"gaul2-73705","province":"Nangroe Aceh Darussalam","region":"Kota Bandaaceh","roadName":"Unnamed OSM road","highway":"secondary","lengthMeters":11.707,"osmWayIds":["679549511"],"u":"6363113006","v":"6147138512","key":0,"oneway":true,"source":"OpenStreetMap"},"geometry":{"type":"LineString","coordinates":[[95.2951074,5.5290686],[95.2951822,5.5290618],[95.295208,5.5290453]]}},{"type":"Feature","properties":{"segmentId":"osm-gaul2-73705-6363113006-7577428625-0","regionId":"gaul2-73705","province":"Nangroe Aceh Darussalam","region":"Kota Bandaaceh","roadName":"Unnamed OSM road","highway":"secondary","lengthMeters":16.309,"osmWayIds":["304453222"],"u":"6363113006","v":"7577428625","key":0,"oneway":false,"source":"OpenStreetMap"},"geometry":{"type":"LineString","coordinates":[[95.2951074,5.5290686],[95.2950076,5.5291567],[95.2949964,5.529165]]}},{"type":"Feature","properties":{"segmentId":"osm-gaul2-73705-6604072745-6604072756-0","regionId":"gaul2-73705","province":"Nangroe Aceh Darussalam","region":"Kota Bandaaceh","roadName":"Jalan T. Iskandar","highway":"tertiary","lengthMeters":42.512,"osmWayIds":["703234690","703424021"],"u":"6604072745","v":"6604072756","key":0,"oneway":true,"source":"OpenStreetMap"},"geometry":{"type":"LineString","coordinates":[[95.3319861,5.5540126],[95.3320377,5.5540044],[95.3322199,5.5539782],[95.3322858,5.5539653],[95.3323207,5.5539593],[95.3323469,5.5539523],[95.3323513,5.5539486],[95.3323539,5.553944],[95.3323549,5.5539371]]}},{"type":"Feature","properties":{"segmentId":"osm-gaul2-73705-6604072750-7205055050-0","regionId":"gaul2-73705","province":"Nangroe Aceh Darussalam","region":"Kota Bandaaceh","roadName":"Terowongan Beurawe","highway":"tertiary","lengthMeters":4.443,"osmWayIds":["703234691"],"u":"6604072750","v":"7205055050","key":0,"oneway":true,"source":"OpenStreetMap"},"geometry":{"type":"LineString","coordinates":[[95.3320797,5.5539391],[95.3320397,5.5539425]]}},{"type":"Feature","properties":{"segmentId":"osm-gaul2-73705-6604072751-10972386529-0","regionId":"gaul2-73705","province":"Nangroe Aceh Darussalam","region":"Kota Bandaaceh","roadName":"Unnamed OSM road","highway":"tertiary_link","lengthMeters":23.861,"osmWayIds":["1181519466"],"u":"6604072751","v":"10972386529","key":0,"oneway":true,"source":"OpenStreetMap"},"geometry":{"type":"LineString","coordinates":[[95.3322878,5.5539242],[95.3321772,5.55374]]}},{"type":"Feature","properties":{"segmentId":"osm-gaul2-73705-6604072751-6604072750-0","regionId":"gaul2-73705","province":"Nangroe Aceh Darussalam","region":"Kota Bandaaceh","roadName":"Terowongan Beurawe","highway":"tertiary","lengthMeters":23.099,"osmWayIds":["703234691"],"u":"6604072751","v":"6604072750","key":0,"oneway":true,"source":"OpenStreetMap"},"geometry":{"type":"LineString","coordinates":[[95.3322878,5.5539242],[95.3322479,5.5539248],[95.3320797,5.5539391]]}},{"type":"Feature","properties":{"segmentId":"osm-gaul2-73705-6604072756-544527303-0","regionId":"gaul2-73705","province":"Nangroe Aceh Darussalam","region":"Kota Bandaaceh","roadName":"Jalan T. Iskandar","highway":"tertiary","lengthMeters":1313.654,"osmWayIds":["43326797"],"u":"6604072756","v":"544527303","key":0,"oneway":false,"source":"OpenStreetMap"},"geometry":{"type":"LineString","coordinates":[[95.3323549,5.5539371],[95.3328947,5.5538573],[95.3329349,5.5538514],[95.3338596,5.5537091],[95.3339649,5.5536893],[95.3340366,5.5536776],[95.3343279,5.553633],[95.3346,5.5535977],[95.3347744,5.5535647],[95.335279,5.5534823],[95.3353336,5.553465],[95.3356186,5.5534302],[95.3358901,5.5533892],[95.3360724,5.5533879],[95.3366759,5.5534293],[95.3370567,5.5534152],[95.3372621,5.5534077],[95.3375543,5.5533866],[95.3378268,5.5533563],[95.3379875,5.5533385],[95.3382437,5.5533132],[95.3384409,5.5532865],[95.3384615,5.5532814],[95.3385306,5.5532645],[95.3387643,5.5532286],[95.339038,5.5532084],[95.3393447,5.5532211],[95.3396147,5.5532271],[95.3408213,5.5532665],[95.3413124,5.5533033],[95.3417467,5.5533198],[95.3421215,5.5533465],[95.3422663,5.5533632],[95.3428508,5.5534543],[95.3429174,5.5534668],[95.3434418,5.5535354],[95.3436074,5.5535441],[95.3437291,5.5535437],[95.3437985,5.5535434],[95.3439206,5.5535361],[95.3439876,5.5535247],[95.3440581,5.5535087],[95.3441405,5.5534793]]}},{"type":"Feature","properties":{"segmentId":"osm-gaul2-73705-6604072756-6604072751-0","regionId":"gaul2-73705","province":"Nangroe Aceh Darussalam","region":"Kota Bandaaceh","roadName":"Jalan T. Iskandar","highway":"tertiary","lengthMeters":7.902,"osmWayIds":["703424020"],"u":"6604072756","v":"6604072751","key":0,"oneway":true,"source":"OpenStreetMap"},"geometry":{"type":"LineString","coordinates":[[95.3323549,5.5539371],[95.3323522,5.5539325],[95.332349,5.5539299],[95.3323438,5.5539273],[95.3323181,5.5539254],[95.3322878,5.5539242]]}},{"type":"Feature","properties":{"segmentId":"osm-gaul2-73705-6604072768-544527263-0","regionId":"gaul2-73705","province":"Nangroe Aceh Darussalam","region":"Kota Bandaaceh","roadName":"Jalan Mayjen T. Hamzah Bendahara","highway":"tertiary","lengthMeters":33.172,"osmWayIds":["703424023"],"u":"6604072768","v":"544527263","key":0,"oneway":true,"source":"OpenStreetMap"},"geometry":{"type":"LineString","coordinates":[[95.3295607,5.5545312],[95.3295272,5.5546927],[95.3295218,5.5547594],[95.3295339,5.5548248]]}},{"type":"Feature","properties":{"segmentId":"osm-gaul2-73705-6605827643-10972386529-0","regionId":"gaul2-73705","province":"Nangroe Aceh Darussalam","region":"Kota Bandaaceh","roadName":"Unnamed OSM road","highway":"tertiary_link","lengthMeters":7.179,"osmWayIds":["1181519465"],"u":"6605827643","v":"10972386529","key":0,"oneway":false,"source":"OpenStreetMap"},"geometry":{"type":"LineString","coordinates":[[95.3321703,5.5536758],[95.3321772,5.55374]]}},{"type":"Feature","properties":{"segmentId":"osm-gaul2-73705-6605827643-3060053713-0","regionId":"gaul2-73705","province":"Nangroe Aceh Darussalam","region":"Kota Bandaaceh","roadName":"Jalan Inspeksi Krueng Aceh","highway":"tertiary","lengthMeters":3000.676,"osmWayIds":["654631277"],"u":"6605827643","v":"3060053713","key":0,"oneway":false,"source":"OpenStreetMap"},"geometry":{"type":"LineString","coordinates":[[95.3321703,5.5536758],[95.3328136,5.5533733],[95.3338636,5.5528472],[95.3340788,5.5527107],[95.3343134,5.5525347],[95.3347478,5.5521737],[95.3350638,5.5519387],[95.3351402,5.551878],[95.3355088,5.5515853],[95.3357245,5.5514013],[95.3358503,5.551294],[95.3361389,5.5511443],[95.3365699,5.551035],[95.3370346,5.5509915],[95.3371429,5.5509814],[95.3381505,5.5508872],[95.3382571,5.5508772],[95.3383175,5.5508676],[95.3389619,5.5507236],[95.3391977,5.5506549],[95.3394416,5.5505416],[95.3397276,5.5503718],[95.3397947,5.5503198],[95.3399418,5.5501911],[95.340203,5.549946],[95.340375,5.5497671],[95.3406059,5.5495096],[95.3410942,5.5490356],[95.3419894,5.5481474],[95.3422453,5.5478991],[95.342438,5.5476559],[95.3424836,5.5475794],[95.3425191,5.5475054],[95.3425949,5.5473002],[95.3427006,5.546932],[95.3427123,5.5468059],[95.3427172,5.5467121],[95.3426834,5.5464366],[95.3426359,5.5461537],[95.3424866,5.5455927],[95.3424185,5.5453883],[95.3423555,5.5451988],[95.3423185,5.5450183],[95.3422453,5.5445729],[95.3422067,5.544163],[95.3421952,5.5437991],[95.3421762,5.5435046],[95.3421159,5.5428246],[95.3420611,5.5422059],[95.3420357,5.5419132],[95.3420266,5.541476],[95.3420545,5.5412406],[95.3420806,5.5410982],[95.3421193,5.5409583],[95.342235,5.540742],[95.3422941,5.5406316],[95.3427616,5.5399599],[95.3429215,5.5397126],[95.3430395,5.5394764],[95.3431478,5.5392194],[95.3432765,5.5388076],[95.3436113,5.5371152],[95.343655,5.5369762],[95.3439026,5.5364788],[95.3439353,5.5364276],[95.3444162,5.5358337],[95.3444325,5.5358123],[95.3446233,5.5356293],[95.344799,5.5354918],[95.3449731,5.5353775],[95.3451745,5.5352796],[95.3453381,5.5352129],[95.3458115,5.535056],[95.3463855,5.5348658]]}},{"type":"Feature","properties":{"segmentId":"osm-gaul2-73705-6605827643-3092164830-0","regionId":"gaul2-73705","province":"Nangroe Aceh Darussalam","region":"Kota Bandaaceh","roadName":"Jalan Inspeksi Krueng Aceh","highway":"tertiary","lengthMeters":62.478,"osmWayIds":["654631277"],"u":"6605827643","v":"3092164830","key":0,"oneway":false,"source":"OpenStreetMap"},"geometry":{"type":"LineString","coordinates":[[95.3321703,5.5536758],[95.3316709,5.5539378]]}},{"type":"Feature","properties":{"segmentId":"osm-gaul2-73705-6605849909-3059938501-0","regionId":"gaul2-73705","province":"Nangroe Aceh Darussalam","region":"Kota Bandaaceh","roadName":"Jalan Teungku Chik Ditiro","highway":"trunk","lengthMeters":823.742,"osmWayIds":["1134830376","302052896","703422509"],"u":"6605849909","v":"3059938501","key":0,"oneway":true,"source":"OpenStreetMap"},"geometry":{"type":"LineString","coordinates":[[95.325876,5.5510627],[95.3261207,5.5510439],[95.3268027,5.5510039],[95.327653,5.5509492],[95.3284147,5.5509452],[95.3300174,5.5510026],[95.3305779,5.5510106],[95.3309213,5.5509986],[95.3312297,5.5509479],[95.3314684,5.5508798],[95.3317273,5.550773],[95.3320786,5.5505688],[95.3323106,5.5504046],[95.332548,5.5501737],[95.3327049,5.5499855],[95.3328668,5.5497552]]}},{"type":"Feature","properties":{"segmentId":"osm-gaul2-73705-6605849909-7207391895-0","regionId":"gaul2-73705","province":"Nangroe Aceh Darussalam","region":"Kota Bandaaceh","roadName":"Jalan Teungku Chik Ditiro","highway":"trunk","lengthMeters":436.631,"osmWayIds":["302052901","302052904","703422507"],"u":"6605849909","v":"7207391895","key":0,"oneway":true,"source":"OpenStreetMap"},"geometry":{"type":"LineString","coordinates":[[95.325876,5.5510627],[95.3259645,5.5510847],[95.326104,5.551098],[95.3264286,5.5510747],[95.3272554,5.551024],[95.3277911,5.5510013],[95.3280909,5.5509973],[95.3283101,5.5510128],[95.3284499,5.5510136],[95.3292677,5.5510333],[95.3298136,5.5510575]]}},{"type":"Feature","properties":{"segmentId":"osm-gaul2-73705-6784191171-6147539047-0","regionId":"gaul2-73705","province":"Nangroe Aceh Darussalam","region":"Kota Bandaaceh","roadName":"Jalan Profesor Ali Hasjmy","highway":"primary","lengthMeters":537.398,"osmWayIds":["301855269"],"u":"6784191171","v":"6147539047","key":0,"oneway":true,"source":"OpenStreetMap"},"geometry":{"type":"LineString","coordinates":[[95.3463319,5.544805],[95.3464016,5.5444593],[95.3464834,5.5439761],[95.3465384,5.5436424],[95.3465518,5.5434982],[95.3466377,5.5429269],[95.3466859,5.5427294],[95.3467342,5.5424837],[95.3467919,5.5421327],[95.3468281,5.5419685],[95.3469126,5.5415427],[95.3469528,5.5413598],[95.3471178,5.5406604],[95.3472143,5.5402065],[95.3472559,5.5400637]]}},{"type":"Feature","properties":{"segmentId":"osm-gaul2-73705-6784191171-7691170947-0","regionId":"gaul2-73705","province":"Nangroe Aceh Darussalam","region":"Kota Bandaaceh","roadName":"Unnamed OSM road","highway":"primary_link","lengthMeters":13.998,"osmWayIds":["823768411"],"u":"6784191171","v":"7691170947","key":0,"oneway":false,"source":"OpenStreetMap"},"geometry":{"type":"LineString","coordinates":[[95.3463319,5.544805],[95.3462085,5.5447774]]}},{"type":"Feature","properties":{"segmentId":"osm-gaul2-73705-6784191174-6784191184-0","regionId":"gaul2-73705","province":"Nangroe Aceh Darussalam","region":"Kota Bandaaceh","roadName":"Unnamed OSM road","highway":"primary_link","lengthMeters":9.865,"osmWayIds":["821752972"],"u":"6784191174","v":"6784191184","key":0,"oneway":false,"source":"OpenStreetMap"},"geometry":{"type":"LineString","coordinates":[[95.3452899,5.5501363],[95.3452034,5.5501149]]}},{"type":"Feature","properties":{"segmentId":"osm-gaul2-73705-6784191174-7691170946-0","regionId":"gaul2-73705","province":"Nangroe Aceh Darussalam","region":"Kota Bandaaceh","roadName":"Jalan Profesor Ali Hasjmy","highway":"primary","lengthMeters":236.327,"osmWayIds":["301855269"],"u":"6784191174","v":"7691170946","key":0,"oneway":true,"source":"OpenStreetMap"},"geometry":{"type":"LineString","coordinates":[[95.3452899,5.5501363],[95.3454246,5.5494876],[95.3454789,5.5492139],[95.3454904,5.5491469],[95.3455358,5.5488812],[95.3455487,5.5488055],[95.3456062,5.5485358],[95.3456238,5.5484531],[95.3457102,5.5480528]]}},{"type":"Feature","properties":{"segmentId":"osm-gaul2-73705-6784191184-544527108-0","regionId":"gaul2-73705","province":"Nangroe Aceh Darussalam","region":"Kota Bandaaceh","roadName":"Jalan Profesor Ali Hasjmy","highway":"primary","lengthMeters":338.036,"osmWayIds":["114780531"],"u":"6784191184","v":"544527108","key":0,"oneway":true,"source":"OpenStreetMap"},"geometry":{"type":"LineString","coordinates":[[95.3452034,5.5501149],[95.3450163,5.5510914],[95.3449224,5.5515432],[95.3447675,5.5523541],[95.3446837,5.5527432],[95.3446206,5.5530989]]}},{"type":"Feature","properties":{"segmentId":"osm-gaul2-73705-6784191184-6784191174-0","regionId":"gaul2-73705","province":"Nangroe Aceh Darussalam","region":"Kota Bandaaceh","roadName":"Unnamed OSM road","highway":"primary_link","lengthMeters":9.865,"osmWayIds":["821752972"],"u":"6784191184","v":"6784191174","key":0,"oneway":false,"source":"OpenStreetMap"},"geometry":{"type":"LineString","coordinates":[[95.3452034,5.5501149],[95.3452899,5.5501363]]}},{"type":"Feature","properties":{"segmentId":"osm-gaul2-73705-6784200187-6784191184-0","regionId":"gaul2-73705","province":"Nangroe Aceh Darussalam","region":"Kota Bandaaceh","roadName":"Jalan Profesor Ali Hasjmy","highway":"primary","lengthMeters":235.412,"osmWayIds":["114780531"],"u":"6784200187","v":"6784191184","key":0,"oneway":true,"source":"OpenStreetMap"},"geometry":{"type":"LineString","coordinates":[[95.3455983,5.5480353],[95.3455621,5.5482021],[95.3455278,5.5484369],[95.3454468,5.5487895],[95.3453314,5.5494702],[95.3452034,5.5501149]]}},{"type":"Feature","properties":{"segmentId":"osm-gaul2-73705-6784200187-7691170946-0","regionId":"gaul2-73705","province":"Nangroe Aceh Darussalam","region":"Kota Bandaaceh","roadName":"Unnamed OSM road","highway":"primary_link","lengthMeters":12.536,"osmWayIds":["823768410"],"u":"6784200187","v":"7691170946","key":0,"oneway":false,"source":"OpenStreetMap"},"geometry":{"type":"LineString","coordinates":[[95.3455983,5.5480353],[95.3457102,5.5480528]]}},{"type":"Feature","properties":{"segmentId":"osm-gaul2-73705-7205055042-3062902321-0","regionId":"gaul2-73705","province":"Nangroe Aceh Darussalam","region":"Kota Bandaaceh","roadName":"Jalan Teungku Chik Ditiro","highway":"trunk","lengthMeters":139.34,"osmWayIds":["1010125199"],"u":"7205055042","v":"3062902321","key":0,"oneway":true,"source":"OpenStreetMap"},"geometry":{"type":"LineString","coordinates":[[95.3259305,5.5509596],[95.3259025,5.550961],[95.325431,5.550984],[95.3249712,5.5510065],[95.324673,5.5510211]]}},{"type":"Feature","properties":{"segmentId":"osm-gaul2-73705-7205055050-3092164830-0","regionId":"gaul2-73705","province":"Nangroe Aceh Darussalam","region":"Kota Bandaaceh","roadName":"Jalan T. Iskandar","highway":"primary_link","lengthMeters":40.862,"osmWayIds":["703234692"],"u":"7205055050","v":"3092164830","key":0,"oneway":true,"source":"OpenStreetMap"},"geometry":{"type":"LineString","coordinates":[[95.3320397,5.5539425],[95.3318915,5.5539324],[95.3316709,5.5539378]]}},{"type":"Feature","properties":{"segmentId":"osm-gaul2-73705-7205055050-6604072768-0","regionId":"gaul2-73705","province":"Nangroe Aceh Darussalam","region":"Kota Bandaaceh","roadName":"Terowongan Beurawe","highway":"tertiary","lengthMeters":288.775,"osmWayIds":["703234688","703234691","703234695"],"u":"7205055050","v":"6604072768","key":0,"oneway":true,"source":"OpenStreetMap"},"geometry":{"type":"LineString","coordinates":[[95.3320397,5.5539425],[95.3315838,5.5540053],[95.3308462,5.5541514],[95.3305203,5.5542141],[95.3298551,5.5543109],[95.3297686,5.5543343],[95.3296901,5.5543623],[95.3296311,5.5544037],[95.3295922,5.5544537],[95.3295607,5.5545312]]}},{"type":"Feature","properties":{"segmentId":"osm-gaul2-73705-7205055052-6350398069-0","regionId":"gaul2-73705","province":"Nangroe Aceh Darussalam","region":"Kota Bandaaceh","roadName":"Jalan Teuku Muhammad Hasan","highway":"primary","lengthMeters":211.431,"osmWayIds":["1008770874","302052891","302052893"],"u":"7205055052","v":"6350398069","key":0,"oneway":true,"source":"OpenStreetMap"},"geometry":{"type":"LineString","coordinates":[[95.3307362,5.5539768],[95.3307339,5.5539338],[95.330665,5.5531739],[95.3306515,5.5529421],[95.3306279,5.5525297],[95.3306021,5.5520803]]}},{"type":"Feature","properties":{"segmentId":"osm-gaul2-73705-7205055055-540943229-0","regionId":"gaul2-73705","province":"Nangroe Aceh Darussalam","region":"Kota Bandaaceh","roadName":"Jalan T. Hasan Dek","highway":"primary","lengthMeters":47.164,"osmWayIds":["43175653"],"u":"7205055055","v":"540943229","key":0,"oneway":true,"source":"OpenStreetMap"},"geometry":{"type":"LineString","coordinates":[[95.3306356,5.5539838],[95.3306504,5.5544077]]}},{"type":"Feature","properties":{"segmentId":"osm-gaul2-73705-7205055055-6604072768-0","regionId":"gaul2-73705","province":"Nangroe Aceh Darussalam","region":"Kota Bandaaceh","roadName":"Jalan Mayjen T. Hamzah Bendahara","highway":"primary_link","lengthMeters":144.976,"osmWayIds":["304641489"],"u":"7205055055","v":"6604072768","key":0,"oneway":true,"source":"OpenStreetMap"},"geometry":{"type":"LineString","coordinates":[[95.3306356,5.5539838],[95.3306074,5.5540233],[95.3305773,5.5540633],[95.3305337,5.5541014],[95.3304606,5.5541381],[95.3303023,5.5541801],[95.3298558,5.5542602],[95.3297096,5.5542902],[95.3296365,5.5543269],[95.3295996,5.554375],[95.3295607,5.5545312]]}},{"type":"Feature","properties":{"segmentId":"osm-gaul2-73705-7205253744-2339746491-0","regionId":"gaul2-73705","province":"Nangroe Aceh Darussalam","region":"Kota Bandaaceh","roadName":"Jalan Taman Makam Pahlawan","highway":"tertiary","lengthMeters":45.694,"osmWayIds":["677898871"],"u":"7205253744","v":"2339746491","key":0,"oneway":false,"source":"OpenStreetMap"},"geometry":{"type":"LineString","coordinates":[[95.3236926,5.5439621],[95.323682,5.5443729]]}},{"type":"Feature","properties":{"segmentId":"osm-gaul2-73705-7205253744-2801171130-0","regionId":"gaul2-73705","province":"Nangroe Aceh Darussalam","region":"Kota Bandaaceh","roadName":"Unnamed OSM road","highway":"tertiary","lengthMeters":1424.371,"osmWayIds":["1007907763","1007907764","225161796","468639418","654519378","677675049","824077451","824077453"],"u":"7205253744","v":"2801171130","key":0,"oneway":false,"source":"OpenStreetMap"},"geometry":{"type":"LineString","coordinates":[[95.3236926,5.5439621],[95.3242505,5.5439187],[95.3243651,5.5439041],[95.3243733,5.5433834],[95.3243847,5.5432666],[95.3244121,5.5431275],[95.3244236,5.5429743],[95.3244071,5.5428224],[95.3243714,5.5426967],[95.3243639,5.5426543],[95.3243486,5.5420805],[95.3243485,5.5413792],[95.3243519,5.5413164],[95.3243673,5.5412737],[95.3244317,5.5411829],[95.3245155,5.5410648],[95.3245416,5.5410241],[95.3245779,5.5409513],[95.3246006,5.540874],[95.3246563,5.5405936],[95.3246932,5.5403954],[95.3247841,5.5400672],[95.3249174,5.5396888],[95.3250098,5.5394554],[95.3250828,5.5392208],[95.3252095,5.5387489],[95.3252642,5.5384901],[95.3253423,5.5380894],[95.3253503,5.5379286],[95.325359,5.5378472],[95.3253758,5.5377664],[95.325394,5.5377212],[95.3254756,5.5376852],[95.3256966,5.5376376],[95.3257492,5.5376273],[95.3257315,5.5374924],[95.3256416,5.5367516],[95.3255639,5.5360175],[95.3255465,5.5352191],[95.3255645,5.5346323],[95.3255809,5.5344834],[95.3256065,5.5343105],[95.3256467,5.5341329],[95.3257043,5.5339555],[95.3257656,5.5337951],[95.3260118,5.5330955],[95.3261786,5.5324525],[95.3262099,5.5323319]]}},{"type":"Feature","properties":{"segmentId":"osm-gaul2-73705-7205253744-544505020-0","regionId":"gaul2-73705","province":"Nangroe Aceh Darussalam","region":"Kota Bandaaceh","roadName":"Jalan Hasan Saleh","highway":"tertiary","lengthMeters":1617.577,"osmWayIds":["275484581","43324604","677898871"],"u":"7205253744","v":"544505020","key":0,"oneway":false,"source":"OpenStreetMap"},"geometry":{"type":"LineString","coordinates":[[95.3236926,5.5439621],[95.323688,5.5433901],[95.3236693,5.5433394],[95.323638,5.5432984],[95.323576,5.5432822],[95.3233347,5.5432926],[95.3232971,5.543295],[95.322959,5.5433152],[95.3228262,5.5433181],[95.322422,5.5433247],[95.3220338,5.5433367],[95.3212841,5.5433668],[95.3203596,5.5433928],[95.3200439,5.543408],[95.3193086,5.5434392],[95.3185511,5.5434792],[95.3184234,5.5434864],[95.3171891,5.5435555],[95.3166519,5.5435917],[95.3164779,5.5435877],[95.3164042,5.543565],[95.3163492,5.5435176],[95.3163126,5.5434621],[95.3162901,5.5433777],[95.3162715,5.5432446],[95.3162778,5.5429355],[95.3162807,5.5429034],[95.3162844,5.5428642],[95.3163207,5.5427203],[95.3163701,5.54261],[95.316419,5.5425007],[95.3164601,5.5423822],[95.316479,5.5422128],[95.3164622,5.542124],[95.3164312,5.5420077],[95.3163463,5.5417711],[95.3162556,5.5415846],[95.316191,5.5414342],[95.3161332,5.5412945],[95.3160528,5.5410803],[95.3159638,5.540696],[95.3158801,5.5402983],[95.3158159,5.5400081],[95.3157879,5.5399036],[95.3156062,5.5392077],[95.3155945,5.5391664],[95.315408,5.5384185],[95.3153058,5.5380394],[95.3151881,5.5375623],[95.3151405,5.5373693],[95.3150843,5.5371802]]}},{"type":"Feature","properties":{"segmentId":"osm-gaul2-73705-7205528929-12088158459-0","regionId":"gaul2-73705","province":"Nangroe Aceh Darussalam","region":"Kota Bandaaceh","roadName":"Unnamed OSM road","highway":"trunk_link","lengthMeters":26.356,"osmWayIds":["1305156889"],"u":"7205528929","v":"12088158459","key":0,"oneway":false,"source":"OpenStreetMap"},"geometry":{"type":"LineString","coordinates":[[95.3166218,5.5473465],[95.3168408,5.5472534]]}},{"type":"Feature","properties":{"segmentId":"osm-gaul2-73705-7205528929-3063910852-0","regionId":"gaul2-73705","province":"Nangroe Aceh Darussalam","region":"Kota Bandaaceh","roadName":"Jalan Teuku Umar","highway":"trunk","lengthMeters":58.288,"osmWayIds":["816404024"],"u":"7205528929","v":"3063910852","key":0,"oneway":true,"source":"OpenStreetMap"},"geometry":{"type":"LineString","coordinates":[[95.3166218,5.5473465],[95.3167807,5.5475855],[95.3168838,5.5477998]]}},{"type":"Feature","properties":{"segmentId":"osm-gaul2-73705-7205528933-12088158459-0","regionId":"gaul2-73705","province":"Nangroe Aceh Darussalam","region":"Kota Bandaaceh","roadName":"Jalan Teuku Umar","highway":"trunk","lengthMeters":21.77,"osmWayIds":["816404025"],"u":"7205528933","v":"12088158459","key":0,"oneway":true,"source":"OpenStreetMap"},"geometry":{"type":"LineString","coordinates":[[95.3168849,5.5474442],[95.3168408,5.5472534]]}},{"type":"Feature","properties":{"segmentId":"osm-gaul2-73705-7205528934-267398678-0","regionId":"gaul2-73705","province":"Nangroe Aceh Darussalam","region":"Kota Bandaaceh","roadName":"Jalan Sultan Iskandar Muda","highway":"trunk","lengthMeters":139.415,"osmWayIds":["761654642"],"u":"7205528934","v":"267398678","key":0,"oneway":false,"source":"OpenStreetMap"},"geometry":{"type":"LineString","coordinates":[[95.3161954,5.5480719],[95.3159465,5.5481221],[95.3156595,5.5481848],[95.3153215,5.5482609],[95.3149648,5.5483396]]}},{"type":"Feature","properties":{"segmentId":"osm-gaul2-73705-7205528934-3110009734-0","regionId":"gaul2-73705","province":"Nangroe Aceh Darussalam","region":"Kota Bandaaceh","roadName":"Jalan Sultan Iskandar Muda","highway":"trunk","lengthMeters":15.039,"osmWayIds":["771840603"],"u":"7205528934","v":"3110009734","key":0,"oneway":true,"source":"OpenStreetMap"},"geometry":{"type":"LineString","coordinates":[[95.3161954,5.5480719],[95.3163292,5.5480955]]}},{"type":"Feature","properties":{"segmentId":"osm-gaul2-73705-7207205111-6133926338-0","regionId":"gaul2-73705","province":"Nangroe Aceh Darussalam","region":"Kota Bandaaceh","roadName":"Jalan Lingkar","highway":"tertiary","lengthMeters":27.164,"osmWayIds":["310763407"],"u":"7207205111","v":"6133926338","key":0,"oneway":true,"source":"OpenStreetMap"},"geometry":{"type":"LineString","coordinates":[[95.3614039,5.5725383],[95.3614352,5.572296]]}},{"type":"Feature","properties":{"segmentId":"osm-gaul2-73705-7207205113-6349386105-0","regionId":"gaul2-73705","province":"Nangroe Aceh Darussalam","region":"Kota Bandaaceh","roadName":"Unnamed OSM road","highway":"secondary_link","lengthMeters":145.645,"osmWayIds":["772024702"],"u":"7207205113","v":"6349386105","key":0,"oneway":true,"source":"OpenStreetMap"},"geometry":{"type":"LineString","coordinates":[[95.3607917,5.5738114],[95.3608654,5.5737674],[95.3610183,5.5736553],[95.3611149,5.5735939],[95.3612249,5.5735465],[95.3613382,5.5735192],[95.3614857,5.5735038],[95.3616929,5.5734751],[95.3617968,5.5734551],[95.3620134,5.5733916]]}},{"type":"Feature","properties":{"segmentId":"osm-gaul2-73705-7207205113-7207205111-0","regionId":"gaul2-73705","province":"Nangroe Aceh Darussalam","region":"Kota Bandaaceh","roadName":"Jalan Lingkar","highway":"tertiary","lengthMeters":158.806,"osmWayIds":["310763407"],"u":"7207205113","v":"7207205111","key":0,"oneway":true,"source":"OpenStreetMap"},"geometry":{"type":"LineString","coordinates":[[95.3607917,5.5738114],[95.3608225,5.5737527],[95.3609794,5.5734778],[95.3612102,5.5731368],[95.3612739,5.5730132],[95.36132,5.5729292],[95.3613524,5.572762],[95.361369,5.5726669],[95.3614039,5.5725383]]}},{"type":"Feature","properties":{"segmentId":"osm-gaul2-73705-7207391889-3059938492-0","regionId":"gaul2-73705","province":"Nangroe Aceh Darussalam","region":"Kota Bandaaceh","roadName":"Jalan Teuku Muhammad Hasan","highway":"primary","lengthMeters":45.654,"osmWayIds":["1008770874"],"u":"7207391889","v":"3059938492","key":0,"oneway":true,"source":"OpenStreetMap"},"geometry":{"type":"LineString","coordinates":[[95.3305343,5.5514665],[95.3304207,5.5510718]]}},{"type":"Feature","properties":{"segmentId":"osm-gaul2-73705-7207391889-3062896096-0","regionId":"gaul2-73705","province":"Nangroe Aceh Darussalam","region":"Kota Bandaaceh","roadName":"Unnamed OSM road","highway":"primary_link","lengthMeters":47.435,"osmWayIds":["772044956"],"u":"7207391889","v":"3062896096","key":0,"oneway":true,"source":"OpenStreetMap"},"geometry":{"type":"LineString","coordinates":[[95.3305343,5.5514665],[95.3305525,5.5512989],[95.3305706,5.5512048],[95.3306021,5.5511415],[95.3306698,5.5510795]]}},{"type":"Feature","properties":{"segmentId":"osm-gaul2-73705-7207391894-6350398070-0","regionId":"gaul2-73705","province":"Nangroe Aceh Darussalam","region":"Kota Bandaaceh","roadName":"Jalan Teuku Muhammad Hasan","highway":"primary","lengthMeters":68.647,"osmWayIds":["1008770875"],"u":"7207391894","v":"6350398070","key":0,"oneway":true,"source":"OpenStreetMap"},"geometry":{"type":"LineString","coordinates":[[95.3304123,5.5514763],[95.3304684,5.5516816],[95.3304908,5.5518929],[95.3305002,5.5520848]]}},{"type":"Feature","properties":{"segmentId":"osm-gaul2-73705-7207391895-3059938484-0","regionId":"gaul2-73705","province":"Nangroe Aceh Darussalam","region":"Kota Bandaaceh","roadName":"Jalan Teungku Chik Ditiro","highway":"trunk","lengthMeters":52.936,"osmWayIds":["302052901"],"u":"7207391895","v":"3059938484","key":0,"oneway":true,"source":"OpenStreetMap"},"geometry":{"type":"LineString","coordinates":[[95.3298136,5.5510575],[95.3302918,5.5510676]]}},{"type":"Feature","properties":{"segmentId":"osm-gaul2-73705-7207391895-7207391894-0","regionId":"gaul2-73705","province":"Nangroe Aceh Darussalam","region":"Kota Bandaaceh","roadName":"Unnamed OSM road","highway":"primary_link","lengthMeters":82.246,"osmWayIds":["772044957"],"u":"7207391895","v":"7207391894","key":0,"oneway":true,"source":"OpenStreetMap"},"geometry":{"type":"LineString","coordinates":[[95.3298136,5.5510575],[95.3299838,5.5511321],[95.3300817,5.5511828],[95.3302078,5.5512615],[95.3302909,5.551335],[95.3304123,5.5514763]]}},{"type":"Feature","properties":{"segmentId":"osm-gaul2-73705-7566013593-553309689-0","regionId":"gaul2-73705","province":"Nangroe Aceh Darussalam","region":"Kota Bandaaceh","roadName":"Jalan Ulee Lheue - Lhoknga","highway":"trunk","lengthMeters":1280.513,"osmWayIds":["304432797","304432798","43325172"],"u":"7566013593","v":"553309689","key":0,"oneway":false,"source":"OpenStreetMap"},"geometry":{"type":"LineString","coordinates":[[95.2838823,5.5376049],[95.2840355,5.5378562],[95.2842639,5.5382051],[95.2843514,5.5383631],[95.2844287,5.5385492],[95.2846732,5.539377],[95.2848072,5.5398139],[95.2848613,5.5399649],[95.2850427,5.5405416],[95.285084,5.5406887],[95.2851705,5.5410601],[95.2855451,5.5419973],[95.285601,5.5421234],[95.2856123,5.5421603],[95.2856228,5.5422368],[95.2856425,5.5423],[95.2857284,5.5426206],[95.2857376,5.5426548],[95.2857729,5.5427862],[95.2859011,5.5432584],[95.2860349,5.5436316],[95.2863468,5.5443683],[95.2865634,5.5448145],[95.2866054,5.5449364],[95.2867858,5.5453976],[95.2868402,5.5455181],[95.2869734,5.5459653],[95.2870526,5.5462375],[95.2870858,5.5463847],[95.2871162,5.5465829],[95.287155,5.5468226],[95.287173,5.5470162],[95.287175,5.5471658],[95.2871836,5.5474256],[95.2871861,5.5474964],[95.2871922,5.5479348],[95.287172,5.5485148]]}},{"type":"Feature","properties":{"segmentId":"osm-gaul2-73705-7577428625-2514040051-0","regionId":"gaul2-73705","province":"Nangroe Aceh Darussalam","region":"Kota Bandaaceh","roadName":"Unnamed OSM road","highway":"secondary","lengthMeters":1404.856,"osmWayIds":["304453222","654616434"],"u":"7577428625","v":"2514040051","key":0,"oneway":false,"source":"OpenStreetMap"},"geometry":{"type":"LineString","coordinates":[[95.2949964,5.529165],[95.2947948,5.5293292],[95.2943292,5.5296505],[95.2938836,5.5299871],[95.2935887,5.5302019],[95.2932871,5.5304124],[95.2931609,5.5305045],[95.2927534,5.5308118],[95.2921915,5.5312264],[95.2921435,5.531257],[95.2916162,5.5316484],[95.2911267,5.5319972],[95.2905924,5.5323909],[95.2904613,5.5324767],[95.2899285,5.532887],[95.2895126,5.533214],[95.2893747,5.5333151],[95.2890775,5.5335109],[95.288768,5.5337282],[95.2881739,5.5341718],[95.2877767,5.5344549],[95.2876456,5.5345592],[95.2872337,5.5348612],[95.2870972,5.534979],[95.2864149,5.5354638],[95.2859956,5.5357724],[95.2849647,5.5365312],[95.284782,5.5366603]]}},{"type":"Feature","properties":{"segmentId":"osm-gaul2-73705-7577428625-6363113006-0","regionId":"gaul2-73705","province":"Nangroe Aceh Darussalam","region":"Kota Bandaaceh","roadName":"Unnamed OSM road","highway":"secondary","lengthMeters":16.309,"osmWayIds":["304453222"],"u":"7577428625","v":"6363113006","key":0,"oneway":false,"source":"OpenStreetMap"},"geometry":{"type":"LineString","coordinates":[[95.2949964,5.529165],[95.2950076,5.5291567],[95.2951074,5.5290686]]}},{"type":"Feature","properties":{"segmentId":"osm-gaul2-73705-7577428628-6147136272-0","regionId":"gaul2-73705","province":"Nangroe Aceh Darussalam","region":"Kota Bandaaceh","roadName":"Jalan Cut Nyak Dhien","highway":"trunk","lengthMeters":46.809,"osmWayIds":["387926333"],"u":"7577428628","v":"6147136272","key":0,"oneway":true,"source":"OpenStreetMap"},"geometry":{"type":"LineString","coordinates":[[95.2947158,5.5288314],[95.2951087,5.5289872]]}},{"type":"Feature","properties":{"segmentId":"osm-gaul2-73705-7577428628-7577428625-0","regionId":"gaul2-73705","province":"Nangroe Aceh Darussalam","region":"Kota Bandaaceh","roadName":"Unnamed OSM road","highway":"trunk_link","lengthMeters":48.704,"osmWayIds":["810440345"],"u":"7577428628","v":"7577428625","key":0,"oneway":true,"source":"OpenStreetMap"},"geometry":{"type":"LineString","coordinates":[[95.2947158,5.5288314],[95.2948616,5.5289844],[95.2949609,5.5290925],[95.2949964,5.529165]]}},{"type":"Feature","properties":{"segmentId":"osm-gaul2-73705-7587942391-7587942392-0","regionId":"gaul2-73705","province":"Nangroe Aceh Darussalam","region":"Kota Bandaaceh","roadName":"Unnamed OSM road","highway":"tertiary_link","lengthMeters":6.098,"osmWayIds":["812382504"],"u":"7587942391","v":"7587942392","key":0,"oneway":false,"source":"OpenStreetMap"},"geometry":{"type":"LineString","coordinates":[[95.3720309,5.5692277],[95.3719758,5.569228]]}},{"type":"Feature","properties":{"segmentId":"osm-gaul2-73705-7587942391-9326046426-0","regionId":"gaul2-73705","province":"Nangroe Aceh Darussalam","region":"Kota Bandaaceh","roadName":"Jalan Hasan Krueng Kalee","highway":"tertiary","lengthMeters":493.094,"osmWayIds":["1010854419","310763415"],"u":"7587942391","v":"9326046426","key":0,"oneway":true,"source":"OpenStreetMap"},"geometry":{"type":"LineString","coordinates":[[95.3720309,5.5692277],[95.3720109,5.5688503],[95.3719671,5.5681277],[95.3719649,5.568041],[95.371939,5.5676573],[95.3719309,5.5675381],[95.3719107,5.5670672],[95.3719069,5.567024],[95.3718888,5.5666649],[95.3718845,5.5665788],[95.3718745,5.5663916],[95.3718534,5.5659984],[95.3718498,5.5659403],[95.3718458,5.5659053],[95.371841,5.5657988],[95.371842,5.5652833],[95.3718441,5.5651885],[95.3718568,5.5650093],[95.3718682,5.5649182],[95.3718793,5.5648585],[95.3718908,5.5648121],[95.3718939,5.5648027]]}},{"type":"Feature","properties":{"segmentId":"osm-gaul2-73705-7587942392-6347379382-0","regionId":"gaul2-73705","province":"Nangroe Aceh Darussalam","region":"Kota Bandaaceh","roadName":"Jalan Hasan Krueng Kalee","highway":"tertiary","lengthMeters":239.205,"osmWayIds":["677882471"],"u":"7587942392","v":"6347379382","key":0,"oneway":true,"source":"OpenStreetMap"},"geometry":{"type":"LineString","coordinates":[[95.3719758,5.569228],[95.3719872,5.5694868],[95.3719986,5.5697217],[95.3720545,5.5704792],[95.3720735,5.5709671],[95.3720974,5.5713756]]}},{"type":"Feature","properties":{"segmentId":"osm-gaul2-73705-7587942392-7587942391-0","regionId":"gaul2-73705","province":"Nangroe Aceh Darussalam","region":"Kota Bandaaceh","roadName":"Unnamed OSM road","highway":"tertiary_link","lengthMeters":6.098,"osmWayIds":["812382504"],"u":"7587942392","v":"7587942391","key":0,"oneway":false,"source":"OpenStreetMap"},"geometry":{"type":"LineString","coordinates":[[95.3719758,5.569228],[95.3720309,5.5692277]]}},{"type":"Feature","properties":{"segmentId":"osm-gaul2-73705-7587942395-3162488427-0","regionId":"gaul2-73705","province":"Nangroe Aceh Darussalam","region":"Kota Bandaaceh","roadName":"Jalan Teuku Nyak Arief","highway":"secondary","lengthMeters":683.313,"osmWayIds":["310763410"],"u":"7587942395","v":"3162488427","key":0,"oneway":false,"source":"OpenStreetMap"},"geometry":{"type":"LineString","coordinates":[[95.3722396,5.5713698],[95.3728349,5.5711126],[95.373589,5.5708312],[95.3738336,5.5707864],[95.3740867,5.5707599],[95.3742792,5.5707469],[95.3747391,5.570703],[95.3747705,5.5706996],[95.3758236,5.5705977],[95.3762032,5.5705536],[95.376295,5.5705256],[95.3763734,5.570479],[95.3764705,5.5703789],[95.3769785,5.5698243],[95.3773498,5.5694514],[95.3775615,5.5692186],[95.3776874,5.5691111]]}},{"type":"Feature","properties":{"segmentId":"osm-gaul2-73705-7587942395-553311543-0","regionId":"gaul2-73705","province":"Nangroe Aceh Darussalam","region":"Kota Bandaaceh","roadName":"Jalan T. Nyak Arief","highway":"secondary","lengthMeters":7.586,"osmWayIds":["812382506"],"u":"7587942395","v":"553311543","key":0,"oneway":true,"source":"OpenStreetMap"},"geometry":{"type":"LineString","coordinates":[[95.3722396,5.5713698],[95.3721726,5.5713554]]}},{"type":"Feature","properties":{"segmentId":"osm-gaul2-73705-7587942396-1565007801-0","regionId":"gaul2-73705","province":"Nangroe Aceh Darussalam","region":"Kota Bandaaceh","roadName":"Jalan Tanjong Seulamat","highway":"tertiary","lengthMeters":3698.374,"osmWayIds":["310848254","327734760"],"u":"7587942396","v":"1565007801","key":0,"oneway":false,"source":"OpenStreetMap"},"geometry":{"type":"LineString","coordinates":[[95.3721502,5.571511],[95.3721669,5.5717092],[95.3721589,5.5717526],[95.3721455,5.5717958],[95.3718978,5.5723082],[95.3717485,5.5726342],[95.3717441,5.5726516],[95.3717462,5.5726846],[95.3717757,5.5727302],[95.371918,5.572846],[95.372096,5.5729589],[95.3721133,5.5729853],[95.372138,5.57303],[95.3721602,5.5731161],[95.3721751,5.573141],[95.3722052,5.5731688],[95.3723649,5.5732639],[95.3725191,5.5733273],[95.3726412,5.573386],[95.3726558,5.573398],[95.3726745,5.573434],[95.3727168,5.5735118],[95.3727431,5.5735355],[95.3727724,5.5735532],[95.3735572,5.5738598],[95.3736443,5.5739092],[95.3738226,5.5740439],[95.3742627,5.5743723],[95.374318,5.5744126],[95.37436,5.5744521],[95.3743758,5.5744935],[95.3744273,5.5747576],[95.3744857,5.5748339],[95.3745114,5.5748556],[95.3749076,5.5750811],[95.3750873,5.575178],[95.3752557,5.5752806],[95.375443,5.575403],[95.3755387,5.5754703],[95.3755653,5.5754878],[95.3756943,5.5755961],[95.3759862,5.5758445],[95.3763399,5.5761463],[95.3763846,5.5761891],[95.3766579,5.5764565],[95.3768978,5.5766882],[95.3770965,5.5768289],[95.3771149,5.5768473],[95.3774584,5.5770619],[95.3779359,5.5773396],[95.3782248,5.5774942],[95.378265,5.5775157],[95.3785942,5.5776842],[95.3786685,5.5777221],[95.3790615,5.5779222],[95.3790874,5.5779552],[95.3790968,5.5779829],[95.3791004,5.5780126],[95.3790857,5.5781167],[95.379088,5.5781411],[95.3790954,5.5781611],[95.3791095,5.5781861],[95.3791276,5.5782022],[95.3796012,5.5784951],[95.3797693,5.5785934],[95.3800336,5.578772],[95.3802663,5.5789363],[95.380355,5.5789806],[95.3804989,5.5790504],[95.3805498,5.5790781],[95.3809033,5.5792343],[95.381286,5.5793894],[95.3813324,5.579406],[95.3817676,5.5796087],[95.3818141,5.579642],[95.3818212,5.5796516],[95.3818338,5.5796928],[95.3818373,5.5797419],[95.3818602,5.5798002],[95.381899,5.5798442],[95.3820263,5.5799425],[95.3820474,5.5799555],[95.38233,5.5801538],[95.3825045,5.5802963],[95.3826188,5.5803725],[95.3827696,5.5804515],[95.3828922,5.5805305],[95.3829947,5.5806105],[95.3830616,5.5806711],[95.3831152,5.5807145],[95.3833097,5.5808356],[95.3836065,5.5810803],[95.3837287,5.5811471],[95.3840557,5.5813079],[95.3841033,5.5813534],[95.3841095,5.5813952],[95.3840767,5.5815059],[95.3840264,5.5815918],[95.383852,5.5818374],[95.3837286,5.5819739],[95.3836775,5.5820603],[95.383678,5.5820921],[95.3836833,5.582115],[95.3837026,5.58214],[95.3838717,5.5822021],[95.3840467,5.5822614],[95.3842845,5.5823052],[95.3844463,5.5823528],[95.38457,5.5824257],[95.3846595,5.5825006],[95.3850538,5.5829416],[95.3851372,5.583061],[95.3851862,5.5831899],[95.3851981,5.5833034],[95.3852141,5.5833643],[95.3852896,5.583458],[95.3853361,5.5835136],[95.3856437,5.5838074],[95.3856988,5.5838422],[95.3858177,5.5838987],[95.3860273,5.5839919],[95.3861115,5.5840215],[95.3864096,5.5840994],[95.3867226,5.58416],[95.3868487,5.5842081],[95.3869219,5.5842586],[95.3871542,5.5844534],[95.3872268,5.5844974],[95.3877667,5.5848677],[95.3878058,5.5848945],[95.3878875,5.5849505],[95.3880643,5.5850881],[95.3881428,5.5851789],[95.3881961,5.5852741],[95.3882217,5.5853896],[95.3882318,5.5855032],[95.3882554,5.5855817],[95.3883336,5.5857505],[95.3883727,5.5858055],[95.3888479,5.5862884],[95.3891184,5.5865531],[95.3892374,5.5866734],[95.3894404,5.5868541],[95.389549,5.5869454],[95.3898063,5.5871314],[95.3900299,5.5873021],[95.3903228,5.587522],[95.3905964,5.5877011],[95.3906637,5.5877356],[95.3909274,5.587905],[95.3913832,5.5882142],[95.3917334,5.5884735],[95.3917734,5.5885132],[95.391796,5.5885468],[95.3918056,5.5885975],[95.3918315,5.5888192],[95.391849,5.5888808],[95.3918627,5.5889024],[95.391916,5.5889652],[95.3921941,5.5892063],[95.392404,5.5893617],[95.3924975,5.5894409],[95.3927409,5.5896019],[95.392881,5.5896786],[95.3930749,5.5897933],[95.3935828,5.590189],[95.3939271,5.590416],[95.3941705,5.5905862],[95.3942473,5.5906496],[95.394273,5.5906887],[95.3943107,5.5908545],[95.3943338,5.5909005],[95.3944032,5.5909756],[95.3946127,5.5911281],[95.3948468,5.5913145],[95.3950514,5.5914977],[95.3950591,5.5915647],[95.395071,5.5915953],[95.3950872,5.591615],[95.3951987,5.5917187],[95.395252,5.5917705],[95.3953446,5.5918434]]}},{"type":"Feature","properties":{"segmentId":"osm-gaul2-73705-7587942396-6347437415-0","regionId":"gaul2-73705","province":"Nangroe Aceh Darussalam","region":"Kota Bandaaceh","roadName":"Jalan Tanjong Seulamat","highway":"tertiary","lengthMeters":11.907,"osmWayIds":["812382508","812382509"],"u":"7587942396","v":"6347437415","key":0,"oneway":true,"source":"OpenStreetMap"},"geometry":{"type":"LineString","coordinates":[[95.3721502,5.571511],[95.3721699,5.5714337],[95.3721758,5.571407]]}},{"type":"Feature","properties":{"segmentId":"osm-gaul2-73705-7588313507-3060893231-0","regionId":"gaul2-73705","province":"Nangroe Aceh Darussalam","region":"Kota Bandaaceh","roadName":"Jalan Banda Aceh-Medan","highway":"trunk","lengthMeters":35.263,"osmWayIds":["301841263"],"u":"7588313507","v":"3060893231","key":0,"oneway":true,"source":"OpenStreetMap"},"geometry":{"type":"LineString","coordinates":[[95.35275,5.5330828],[95.3524799,5.533251]]}},{"type":"Feature","properties":{"segmentId":"osm-gaul2-73705-7588313507-3060893232-0","regionId":"gaul2-73705","province":"Nangroe Aceh Darussalam","region":"Kota Bandaaceh","roadName":"Jalan Rel Kereta Api","highway":"secondary","lengthMeters":19.546,"osmWayIds":["812519407"],"u":"7588313507","v":"3060893232","key":0,"oneway":true,"source":"OpenStreetMap"},"geometry":{"type":"LineString","coordinates":[[95.35275,5.5330828],[95.3526576,5.532933]]}},{"type":"Feature","properties":{"segmentId":"osm-gaul2-73705-7621568711-3088722069-0","regionId":"gaul2-73705","province":"Nangroe Aceh Darussalam","region":"Kota Bandaaceh","roadName":"Unnamed OSM road","highway":"tertiary","lengthMeters":2085.466,"osmWayIds":["307348957","307348974","307348976"],"u":"7621568711","v":"3088722069","key":0,"oneway":false,"source":"OpenStreetMap"},"geometry":{"type":"LineString","coordinates":[[95.4043762,5.5110275],[95.404399,5.5119927],[95.4044084,5.5126534],[95.4043964,5.5128056],[95.4043964,5.5129111],[95.4043856,5.5130446],[95.4043682,5.51315],[95.404327,5.5133106],[95.4042689,5.5135371],[95.4041898,5.5138789],[95.404163,5.5140391],[95.4041776,5.5142191],[95.4041603,5.5143841],[95.4041355,5.5144916],[95.4040939,5.5145563],[95.4040442,5.514601],[95.4039524,5.5146638],[95.4038824,5.5146982],[95.4026546,5.515185],[95.4023217,5.5153166],[95.4019274,5.515468],[95.4016596,5.5155794],[95.401576,5.5156149],[95.4015183,5.5156516],[95.4014411,5.5157178],[95.4011989,5.5160389],[95.4010923,5.5161821],[95.400913,5.5164562],[95.4008793,5.5165348],[95.4008663,5.5165812],[95.4008372,5.5168917],[95.4007997,5.5170766],[95.4007766,5.5171622],[95.4007308,5.5172591],[95.400696,5.5173223],[95.4006654,5.517395],[95.4006305,5.5174818],[95.4003885,5.5182592],[95.4002349,5.5187766],[95.4001391,5.5190661],[95.4001297,5.5191286],[95.4000977,5.5195336],[95.4000827,5.5198314],[95.4000852,5.5199201],[95.4000566,5.5204648],[95.4000552,5.520556],[95.4000622,5.520633],[95.4000738,5.520712],[95.4003013,5.5218718],[95.4004878,5.5229129],[95.4005038,5.5229873],[95.4005334,5.5231425],[95.4005812,5.5233593],[95.4007675,5.524226],[95.400856,5.5247199],[95.4008491,5.5247969],[95.4007755,5.5249815],[95.4005173,5.5254821],[95.4004751,5.5255689],[95.4003598,5.5259239],[95.400241,5.5262072],[95.4002029,5.5263191],[95.4001881,5.5264859],[95.4001895,5.5266327],[95.4002083,5.5267969],[95.4003021,5.5272654],[95.4003548,5.5274827]]}},{"type":"Feature","properties":{"segmentId":"osm-gaul2-73705-7634326625-553312141-0","regionId":"gaul2-73705","province":"Nangroe Aceh Darussalam","region":"Kota Bandaaceh","roadName":"Unnamed OSM road","highway":"secondary","lengthMeters":2829.129,"osmWayIds":["143025557"],"u":"7634326625","v":"553312141","key":0,"oneway":false,"source":"OpenStreetMap"},"geometry":{"type":"LineString","coordinates":[[95.3982208,5.5872066],[95.3980209,5.5870495],[95.397332,5.5865632],[95.3967435,5.5861346],[95.3966557,5.5860834],[95.3965724,5.5860448],[95.3964048,5.5859961],[95.3962574,5.5859613],[95.3961622,5.5859306],[95.3960602,5.5858903],[95.3957019,5.5857252],[95.395391,5.585604],[95.3951509,5.5855058],[95.3950919,5.5854745],[95.3950061,5.5853944],[95.394947,5.5852956],[95.3948853,5.5851722],[95.394856,5.5850355],[95.3947335,5.5842873],[95.3946552,5.5838525],[95.3946176,5.5837495],[95.3945649,5.5836736],[95.3944643,5.5835574],[95.394396,5.5834854],[95.3943459,5.583427],[95.3939864,5.5828173],[95.3938547,5.5826382],[95.3936993,5.5824744],[95.3928587,5.58151],[95.3925298,5.5812025],[95.3924377,5.5811139],[95.3924015,5.581087],[95.3918847,5.5806785],[95.3917086,5.5805056],[95.3916132,5.5803794],[95.3915044,5.580269],[95.3911849,5.5799714],[95.3910306,5.5797647],[95.3909019,5.5796406],[95.3907683,5.5795118],[95.3905937,5.5793162],[95.3904249,5.5790638],[95.3901617,5.5786702],[95.390087,5.5785865],[95.3899368,5.5784974],[95.3897204,5.5784285],[95.3896644,5.578389],[95.3896095,5.5783255],[95.3895886,5.5782829],[95.3895613,5.5781904],[95.3895381,5.5779149],[95.3895761,5.5777012],[95.3895861,5.5776619],[95.3895693,5.577623],[95.3895552,5.577607],[95.3894245,5.5775124],[95.3892466,5.5774393],[95.3890534,5.5773301],[95.3889455,5.5772537],[95.3889242,5.5772386],[95.3886951,5.5769773],[95.3886043,5.5768738],[95.3885402,5.5767875],[95.3884361,5.5765686],[95.3883591,5.5764276],[95.3882177,5.5762322],[95.3881905,5.5761645],[95.3881583,5.5760038],[95.3881504,5.5758611],[95.3881596,5.5755727],[95.3881823,5.5754355],[95.388206,5.5753175],[95.3882564,5.5751411],[95.3883332,5.5749758],[95.3884834,5.5747978],[95.3887682,5.574494],[95.3887856,5.5744754],[95.3888801,5.5743348],[95.3890487,5.5740411],[95.3890074,5.574003],[95.3882667,5.5734087],[95.3879285,5.5731528],[95.3876061,5.5728934],[95.3874521,5.5727695],[95.3870213,5.5724181],[95.3868496,5.5722773],[95.3866806,5.5721386],[95.3865775,5.5720464],[95.3863584,5.5718505],[95.3862808,5.5717812],[95.3860085,5.5715379],[95.3856768,5.5712585],[95.3854539,5.5710533],[95.3852671,5.5708813],[95.384982,5.570587],[95.3847914,5.5704024],[95.3845987,5.5702262],[95.3842258,5.5699017],[95.3841921,5.5698764],[95.3839731,5.5696893],[95.3836691,5.5694311],[95.3835046,5.5693062],[95.3834148,5.5692231]]}},{"type":"Feature","properties":{"segmentId":"osm-gaul2-73705-764973245-3059938481-0","regionId":"gaul2-73705","province":"Nangroe Aceh Darussalam","region":"Kota Bandaaceh","roadName":"Jalan Teungku Imum Lueng Bata","highway":"trunk","lengthMeters":272.123,"osmWayIds":["301841265"],"u":"764973245","v":"3059938481","key":0,"oneway":true,"source":"OpenStreetMap"},"geometry":{"type":"LineString","coordinates":[[95.3338744,5.5474886],[95.3335801,5.5481279],[95.3331355,5.549041],[95.3328317,5.5496097],[95.33279,5.5496842]]}},{"type":"Feature","properties":{"segmentId":"osm-gaul2-73705-764973245-6145774538-0","regionId":"gaul2-73705","province":"Nangroe Aceh Darussalam","region":"Kota Bandaaceh","roadName":"Unnamed OSM road","highway":"trunk_link","lengthMeters":9.948,"osmWayIds":["656013044"],"u":"764973245","v":"6145774538","key":0,"oneway":true,"source":"OpenStreetMap"},"geometry":{"type":"LineString","coordinates":[[95.3338744,5.5474886],[95.3339599,5.5475162]]}},{"type":"Feature","properties":{"segmentId":"osm-gaul2-73705-764973263-6134782950-0","regionId":"gaul2-73705","province":"Nangroe Aceh Darussalam","region":"Kota Bandaaceh","roadName":"Unnamed OSM road","highway":"trunk_link","lengthMeters":9.625,"osmWayIds":["654694159"],"u":"764973263","v":"6134782950","key":0,"oneway":false,"source":"OpenStreetMap"},"geometry":{"type":"LineString","coordinates":[[95.3536883,5.5324969],[95.3537301,5.5325728]]}},{"type":"Feature","properties":{"segmentId":"osm-gaul2-73705-764973263-7588313507-0","regionId":"gaul2-73705","province":"Nangroe Aceh Darussalam","region":"Kota Bandaaceh","roadName":"Jalan Banda Aceh-Medan","highway":"trunk","lengthMeters":122.592,"osmWayIds":["301841263"],"u":"764973263","v":"7588313507","key":0,"oneway":true,"source":"OpenStreetMap"},"geometry":{"type":"LineString","coordinates":[[95.3536883,5.5324969],[95.35275,5.5330828]]}},{"type":"Feature","properties":{"segmentId":"osm-gaul2-73705-765045851-6132993309-0","regionId":"gaul2-73705","province":"Nangroe Aceh Darussalam","region":"Kota Bandaaceh","roadName":"Jalan Mohammad Daud Beureueh","highway":"trunk","lengthMeters":959.949,"osmWayIds":["302383375"],"u":"765045851","v":"6132993309","key":0,"oneway":true,"source":"OpenStreetMap"},"geometry":{"type":"LineString","coordinates":[[95.3218764,5.5561051],[95.3219486,5.5561036],[95.3220405,5.5561089],[95.3221893,5.5561416],[95.3223147,5.5561852],[95.3224656,5.5562377],[95.3227173,5.5563427],[95.3228451,5.5563885],[95.3229788,5.5564514],[95.3234585,5.5566561],[95.3250264,5.5572542],[95.3258749,5.5576122],[95.3260962,5.5576991],[95.3267048,5.5579209],[95.327238,5.5581405],[95.3275436,5.5582248],[95.3275954,5.5582288],[95.328281,5.5582733],[95.3285051,5.5582942],[95.3287036,5.5583236],[95.3288054,5.5583392],[95.3289932,5.5583837],[95.3291382,5.5584344],[95.3293326,5.5585025],[95.3300647,5.5587828]]}},{"type":"Feature","properties":{"segmentId":"osm-gaul2-73705-765045851-765045892-0","regionId":"gaul2-73705","province":"Nangroe Aceh Darussalam","region":"Kota Bandaaceh","roadName":"Unnamed OSM road","highway":"trunk","lengthMeters":14.867,"osmWayIds":["61186009"],"u":"765045851","v":"765045892","key":0,"oneway":true,"source":"OpenStreetMap"},"geometry":{"type":"LineString","coordinates":[[95.3218764,5.5561051],[95.3218975,5.5560791],[95.321912,5.556049],[95.3219193,5.5560163],[95.3219188,5.5559829]]}},{"type":"Feature","properties":{"segmentId":"osm-gaul2-73705-765045853-765045856-0","regionId":"gaul2-73705","province":"Nangroe Aceh Darussalam","region":"Kota Bandaaceh","roadName":"Unnamed OSM road","highway":"trunk","lengthMeters":9.775,"osmWayIds":["61186009"],"u":"765045853","v":"765045856","key":0,"oneway":true,"source":"OpenStreetMap"},"geometry":{"type":"LineString","coordinates":[[95.3218659,5.555889],[95.3217836,5.5558571]]}},{"type":"Feature","properties":{"segmentId":"osm-gaul2-73705-765045856-3149496198-0","regionId":"gaul2-73705","province":"Nangroe Aceh Darussalam","region":"Kota Bandaaceh","roadName":"Jalan Diponegoro","highway":"trunk","lengthMeters":164.319,"osmWayIds":["43175656"],"u":"765045856","v":"3149496198","key":0,"oneway":true,"source":"OpenStreetMap"},"geometry":{"type":"LineString","coordinates":[[95.3217836,5.5558571],[95.3214446,5.555247],[95.3210188,5.5545915]]}},{"type":"Feature","properties":{"segmentId":"osm-gaul2-73705-765045856-765045885-0","regionId":"gaul2-73705","province":"Nangroe Aceh Darussalam","region":"Kota Bandaaceh","roadName":"Unnamed OSM road","highway":"trunk","lengthMeters":13.876,"osmWayIds":["61186009"],"u":"765045856","v":"765045885","key":0,"oneway":true,"source":"OpenStreetMap"},"geometry":{"type":"LineString","coordinates":[[95.3217836,5.5558571],[95.3217522,5.5558585],[95.321722,5.5558665],[95.3216941,5.5558808],[95.32167,5.5559007]]}},{"type":"Feature","properties":{"segmentId":"osm-gaul2-73705-765045868-765045851-0","regionId":"gaul2-73705","province":"Nangroe Aceh Darussalam","region":"Kota Bandaaceh","roadName":"Unnamed OSM road","highway":"trunk","lengthMeters":12.237,"osmWayIds":["61186009"],"u":"765045868","v":"765045851","key":0,"oneway":true,"source":"OpenStreetMap"},"geometry":{"type":"LineString","coordinates":[[95.3217762,5.5561467],[95.3218304,5.5561355],[95.3218764,5.5561051]]}},{"type":"Feature","properties":{"segmentId":"osm-gaul2-73705-765045869-267436128-0","regionId":"gaul2-73705","province":"Nangroe Aceh Darussalam","region":"Kota Bandaaceh","roadName":"Unnamed OSM road","highway":"tertiary","lengthMeters":1465.503,"osmWayIds":["61186001","61186002","61186007"],"u":"765045869","v":"267436128","key":0,"oneway":false,"source":"OpenStreetMap"},"geometry":{"type":"LineString","coordinates":[[95.3154089,5.5623779],[95.3150935,5.5624018],[95.3147735,5.5624273],[95.3146106,5.5624471],[95.3142096,5.5624783],[95.3141118,5.5624905],[95.3140146,5.5624773],[95.3139496,5.5624479],[95.3138885,5.5623681],[95.3137683,5.5623452],[95.313668,5.5623297],[95.3132629,5.562299],[95.312821,5.5622606],[95.3125941,5.5622344],[95.3124992,5.5622196],[95.3124194,5.5621998],[95.3124335,5.5620261],[95.312481,5.5615713],[95.3124681,5.561513],[95.3124295,5.5614676],[95.3123781,5.5614165],[95.3120671,5.5613329],[95.3119956,5.5612979],[95.3119412,5.561252],[95.3118599,5.5611375],[95.3117958,5.5610991],[95.3117298,5.5610889],[95.3112495,5.5610487],[95.3109086,5.5610201],[95.3107698,5.5610096],[95.3106037,5.561004],[95.3104654,5.5610029],[95.3103031,5.5610056],[95.3102078,5.560996],[95.3102066,5.5609389],[95.3102054,5.5608033],[95.3101947,5.560421],[95.3101983,5.5602252],[95.3102007,5.5600102],[95.3101966,5.5599961],[95.310191,5.5597396],[95.3102012,5.5596828],[95.3102272,5.5596128],[95.3102642,5.5595667],[95.3103024,5.5595354],[95.3105253,5.5595255],[95.3107514,5.5595185],[95.3110721,5.559503],[95.3111308,5.5595061],[95.3113091,5.5594971],[95.311689,5.5594752],[95.3120307,5.5594634],[95.3120876,5.5594537],[95.312433,5.559432],[95.3125439,5.5594313],[95.3129305,5.5594277],[95.3129785,5.5594257],[95.313219,5.5594197],[95.3135679,5.5593925],[95.3138925,5.5593835],[95.3141413,5.5593695],[95.3143737,5.5593673],[95.314416,5.5593674],[95.3145413,5.5593629],[95.3148169,5.5593555],[95.3148879,5.5593528],[95.3151949,5.5593315],[95.3156644,5.5592939],[95.3158669,5.5592566]]}},{"type":"Feature","properties":{"segmentId":"osm-gaul2-73705-765045869-765045912-0","regionId":"gaul2-73705","province":"Nangroe Aceh Darussalam","region":"Kota Bandaaceh","roadName":"Unnamed OSM road","highway":"tertiary","lengthMeters":197.541,"osmWayIds":["61186001"],"u":"765045869","v":"765045912","key":0,"oneway":false,"source":"OpenStreetMap"},"geometry":{"type":"LineString","coordinates":[[95.3154089,5.5623779],[95.3154226,5.5623783],[95.3159496,5.5623355],[95.3160992,5.5623215],[95.316316,5.5623169],[95.3166645,5.5622898],[95.3171898,5.5622669]]}},{"type":"Feature","properties":{"segmentId":"osm-gaul2-73705-765045869-765045912-1","regionId":"gaul2-73705","province":"Nangroe Aceh Darussalam","region":"Kota Bandaaceh","roadName":"Jalan Teungku Dianjong","highway":"tertiary","lengthMeters":4590.889,"osmWayIds":["304297965","304297966","43418366"],"u":"765045869","v":"765045912","key":1,"oneway":false,"source":"OpenStreetMap"},"geometry":{"type":"LineString","coordinates":[[95.3154089,5.5623779],[95.3153264,5.5630095],[95.3153151,5.563112],[95.315289,5.5633],[95.3152385,5.563695],[95.3152164,5.5639287],[95.3151905,5.5641953],[95.3152102,5.5644602],[95.3152399,5.5645308],[95.315289,5.5646069],[95.3153443,5.5646716],[95.3154822,5.5647709],[95.315582,5.5648606],[95.3156012,5.5648952],[95.3156293,5.5650003],[95.3156051,5.5652422],[95.3155949,5.5652992],[95.3155359,5.5656796],[95.3155256,5.5657647],[95.3154932,5.5659563],[95.3154488,5.5661102],[95.3153429,5.5664626],[95.3153154,5.5665476],[95.3152747,5.5666897],[95.3152048,5.5669087],[95.3150448,5.5674188],[95.3149429,5.5677215],[95.3146872,5.5685138],[95.314692,5.5686001],[95.3147382,5.5686606],[95.3148481,5.568706],[95.3149886,5.5687429],[95.315712,5.5688947],[95.316234,5.5690181],[95.3164388,5.5690949],[95.3165232,5.5691358],[95.3166868,5.5691878],[95.3169433,5.5693424],[95.3175296,5.5697589],[95.3175674,5.5697858],[95.3178998,5.5700651],[95.3181141,5.5702272],[95.3183739,5.5704433],[95.3184047,5.570477],[95.3184886,5.5705667],[95.3186199,5.5707383],[95.3186706,5.5708054],[95.3188347,5.5710417],[95.3189781,5.5713402],[95.3191017,5.5716329],[95.3192064,5.5718937],[95.319232,5.5719676],[95.3192781,5.5720996],[95.3193753,5.5723955],[95.319466,5.5727108],[95.3195065,5.5728171],[95.3195447,5.5729319],[95.3196473,5.5733684],[95.319708,5.5737867],[95.3197432,5.5740985],[95.3197813,5.5744133],[95.3198358,5.5748756],[95.3198741,5.5753065],[95.3199191,5.5757731],[95.3199376,5.5760686],[95.3199349,5.5762447],[95.3199054,5.5763302],[95.3198384,5.5764793],[95.3197871,5.5765728],[95.3197448,5.5766402],[95.3196872,5.5767186],[95.3196154,5.5768077],[95.3195269,5.5769245],[95.3194927,5.5769625],[95.3194562,5.5769922],[95.3193914,5.5770362],[95.318278,5.577693],[95.3179786,5.5778565],[95.3177972,5.5779446],[95.3176751,5.5779904],[95.3177105,5.5782616],[95.3177409,5.5783537],[95.3177771,5.5784264],[95.3178341,5.5784945],[95.3179152,5.5785605],[95.3180051,5.5785899],[95.3181144,5.5786053],[95.3181949,5.5785993],[95.3182793,5.5785739],[95.3183665,5.5785359],[95.3201146,5.5776422],[95.3203513,5.5775081],[95.320468,5.577436],[95.3205981,5.5773446],[95.3209032,5.5770943],[95.3212097,5.5768067],[95.3213136,5.5766959],[95.3214095,5.5765884],[95.3215349,5.5764249],[95.3216167,5.5763021],[95.3217253,5.5761233],[95.32207,5.57554],[95.3221625,5.5753585],[95.3222296,5.5751289],[95.3223543,5.5747471],[95.3223999,5.5744522],[95.3224133,5.5741972],[95.3224415,5.5738702],[95.3224535,5.573387],[95.3224468,5.5730413],[95.3224052,5.5726462],[95.3223596,5.5724714],[95.3223221,5.5723766],[95.3222289,5.5721817],[95.3221681,5.5720644],[95.3220499,5.5718667],[95.3219383,5.5717161],[95.3218903,5.5716605],[95.3217601,5.5715416],[95.3214373,5.5712414],[95.3212566,5.5710899],[95.321186,5.571033],[95.3210669,5.5709671],[95.3205583,5.5707325],[95.3202622,5.5706038],[95.3197425,5.5703651],[95.3196126,5.5702624],[95.3195469,5.5702197],[95.3193389,5.5700589],[95.31889,5.5696475],[95.3185482,5.5693193],[95.3184007,5.5691705],[95.3183363,5.5690904],[95.3181755,5.5687862],[95.3178451,5.5681477],[95.317753,5.5679478],[95.3175601,5.5674519],[95.317474,5.5671215],[95.3174235,5.5669023],[95.3173962,5.5667559],[95.3173754,5.5664616],[95.3173854,5.566001],[95.3173659,5.5655653],[95.3173646,5.5653313],[95.3173421,5.5650771],[95.3173214,5.564915],[95.3171912,5.5643187],[95.3171771,5.5642282],[95.3171573,5.5640115],[95.3171481,5.5637993],[95.3171452,5.5635658],[95.3171687,5.5630906],[95.317169,5.5630279],[95.3171843,5.5626788],[95.3171898,5.5622669]]}},{"type":"Feature","properties":{"segmentId":"osm-gaul2-73705-765045885-3066425723-0","regionId":"gaul2-73705","province":"Nangroe Aceh Darussalam","region":"Kota Bandaaceh","roadName":"Unnamed OSM road","highway":"trunk","lengthMeters":27.941,"osmWayIds":["61186009"],"u":"765045885","v":"3066425723","key":0,"oneway":true,"source":"OpenStreetMap"},"geometry":{"type":"LineString","coordinates":[[95.32167,5.5559007],[95.3216475,5.5559306],[95.3216334,5.5559652],[95.3216288,5.5560023],[95.3216337,5.5560393],[95.3216555,5.5560854],[95.3216919,5.5561212]]}},{"type":"Feature","properties":{"segmentId":"osm-gaul2-73705-765045892-765045901-0","regionId":"gaul2-73705","province":"Nangroe Aceh Darussalam","region":"Kota Bandaaceh","roadName":"Unnamed OSM road","highway":"trunk","lengthMeters":2.719,"osmWayIds":["61186009"],"u":"765045892","v":"765045901","key":0,"oneway":true,"source":"OpenStreetMap"},"geometry":{"type":"LineString","coordinates":[[95.3219188,5.5559829],[95.3219136,5.555959]]}},{"type":"Feature","properties":{"segmentId":"osm-gaul2-73705-765045901-544527494-0","regionId":"gaul2-73705","province":"Nangroe Aceh Darussalam","region":"Kota Bandaaceh","roadName":"Jalan Mayjen T. Hamzah Bendahara","highway":"tertiary","lengthMeters":37.606,"osmWayIds":["43326818"],"u":"765045901","v":"544527494","key":0,"oneway":true,"source":"OpenStreetMap"},"geometry":{"type":"LineString","coordinates":[[95.3219136,5.555959],[95.3219828,5.555928],[95.3220619,5.5558907],[95.3222108,5.5557966]]}},{"type":"Feature","properties":{"segmentId":"osm-gaul2-73705-765045901-765045853-0","regionId":"gaul2-73705","province":"Nangroe Aceh Darussalam","region":"Kota Bandaaceh","roadName":"Unnamed OSM road","highway":"trunk","lengthMeters":9.405,"osmWayIds":["61186009"],"u":"765045901","v":"765045853","key":0,"oneway":true,"source":"OpenStreetMap"},"geometry":{"type":"LineString","coordinates":[[95.3219136,5.555959],[95.3218659,5.555889]]}},{"type":"Feature","properties":{"segmentId":"osm-gaul2-73705-765045912-765045869-0","regionId":"gaul2-73705","province":"Nangroe Aceh Darussalam","region":"Kota Bandaaceh","roadName":"Jalan Teungku Dianjong","highway":"tertiary","lengthMeters":4590.889,"osmWayIds":["304297965","304297966","43418366"],"u":"765045912","v":"765045869","key":0,"oneway":false,"source":"OpenStreetMap"},"geometry":{"type":"LineString","coordinates":[[95.3171898,5.5622669],[95.3171843,5.5626788],[95.317169,5.5630279],[95.3171687,5.5630906],[95.3171452,5.5635658],[95.3171481,5.5637993],[95.3171573,5.5640115],[95.3171771,5.5642282],[95.3171912,5.5643187],[95.3173214,5.564915],[95.3173421,5.5650771],[95.3173646,5.5653313],[95.3173659,5.5655653],[95.3173854,5.566001],[95.3173754,5.5664616],[95.3173962,5.5667559],[95.3174235,5.5669023],[95.317474,5.5671215],[95.3175601,5.5674519],[95.317753,5.5679478],[95.3178451,5.5681477],[95.3181755,5.5687862],[95.3183363,5.5690904],[95.3184007,5.5691705],[95.3185482,5.5693193],[95.31889,5.5696475],[95.3193389,5.5700589],[95.3195469,5.5702197],[95.3196126,5.5702624],[95.3197425,5.5703651],[95.3202622,5.5706038],[95.3205583,5.5707325],[95.3210669,5.5709671],[95.321186,5.571033],[95.3212566,5.5710899],[95.3214373,5.5712414],[95.3217601,5.5715416],[95.3218903,5.5716605],[95.3219383,5.5717161],[95.3220499,5.5718667],[95.3221681,5.5720644],[95.3222289,5.5721817],[95.3223221,5.5723766],[95.3223596,5.5724714],[95.3224052,5.5726462],[95.3224468,5.5730413],[95.3224535,5.573387],[95.3224415,5.5738702],[95.3224133,5.5741972],[95.3223999,5.5744522],[95.3223543,5.5747471],[95.3222296,5.5751289],[95.3221625,5.5753585],[95.32207,5.57554],[95.3217253,5.5761233],[95.3216167,5.5763021],[95.3215349,5.5764249],[95.3214095,5.5765884],[95.3213136,5.5766959],[95.3212097,5.5768067],[95.3209032,5.5770943],[95.3205981,5.5773446],[95.320468,5.577436],[95.3203513,5.5775081],[95.3201146,5.5776422],[95.3183665,5.5785359],[95.3182793,5.5785739],[95.3181949,5.5785993],[95.3181144,5.5786053],[95.3180051,5.5785899],[95.3179152,5.5785605],[95.3178341,5.5784945],[95.3177771,5.5784264],[95.3177409,5.5783537],[95.3177105,5.5782616],[95.3176751,5.5779904],[95.3177972,5.5779446],[95.3179786,5.5778565],[95.318278,5.577693],[95.3193914,5.5770362],[95.3194562,5.5769922],[95.3194927,5.5769625],[95.3195269,5.5769245],[95.3196154,5.5768077],[95.3196872,5.5767186],[95.3197448,5.5766402],[95.3197871,5.5765728],[95.3198384,5.5764793],[95.3199054,5.5763302],[95.3199349,5.5762447],[95.3199376,5.5760686],[95.3199191,5.5757731],[95.3198741,5.5753065],[95.3198358,5.5748756],[95.3197813,5.5744133],[95.3197432,5.5740985],[95.319708,5.5737867],[95.3196473,5.5733684],[95.3195447,5.5729319],[95.3195065,5.5728171],[95.319466,5.5727108],[95.3193753,5.5723955],[95.3192781,5.5720996],[95.319232,5.5719676],[95.3192064,5.5718937],[95.3191017,5.5716329],[95.3189781,5.5713402],[95.3188347,5.5710417],[95.3186706,5.5708054],[95.3186199,5.5707383],[95.3184886,5.5705667],[95.3184047,5.570477],[95.3183739,5.5704433],[95.3181141,5.5702272],[95.3178998,5.5700651],[95.3175674,5.5697858],[95.3175296,5.5697589],[95.3169433,5.5693424],[95.3166868,5.5691878],[95.3165232,5.5691358],[95.3164388,5.5690949],[95.316234,5.5690181],[95.315712,5.5688947],[95.3149886,5.5687429],[95.3148481,5.568706],[95.3147382,5.5686606],[95.314692,5.5686001],[95.3146872,5.5685138],[95.3149429,5.5677215],[95.3150448,5.5674188],[95.3152048,5.5669087],[95.3152747,5.5666897],[95.3153154,5.5665476],[95.3153429,5.5664626],[95.3154488,5.5661102],[95.3154932,5.5659563],[95.3155256,5.5657647],[95.3155359,5.5656796],[95.3155949,5.5652992],[95.3156051,5.5652422],[95.3156293,5.5650003],[95.3156012,5.5648952],[95.315582,5.5648606],[95.3154822,5.5647709],[95.3153443,5.5646716],[95.315289,5.5646069],[95.3152399,5.5645308],[95.3152102,5.5644602],[95.3151905,5.5641953],[95.3152164,5.5639287],[95.3152385,5.563695],[95.315289,5.5633],[95.3153151,5.563112],[95.3153264,5.5630095],[95.3154089,5.5623779]]}},{"type":"Feature","properties":{"segmentId":"osm-gaul2-73705-765045912-765045869-1","regionId":"gaul2-73705","province":"Nangroe Aceh Darussalam","region":"Kota Bandaaceh","roadName":"Unnamed OSM road","highway":"tertiary","lengthMeters":197.541,"osmWayIds":["61186001"],"u":"765045912","v":"765045869","key":1,"oneway":false,"source":"OpenStreetMap"},"geometry":{"type":"LineString","coordinates":[[95.3171898,5.5622669],[95.3166645,5.5622898],[95.316316,5.5623169],[95.3160992,5.5623215],[95.3159496,5.5623355],[95.3154226,5.5623783],[95.3154089,5.5623779]]}},{"type":"Feature","properties":{"segmentId":"osm-gaul2-73705-765045912-7694443269-0","regionId":"gaul2-73705","province":"Nangroe Aceh Darussalam","region":"Kota Bandaaceh","roadName":"Jalan Teungku Dianjong","highway":"tertiary","lengthMeters":207.065,"osmWayIds":["43418366"],"u":"765045912","v":"7694443269","key":0,"oneway":false,"source":"OpenStreetMap"},"geometry":{"type":"LineString","coordinates":[[95.3171898,5.5622669],[95.3171969,5.5621646],[95.3172016,5.5620167],[95.317221,5.5616373],[95.3172673,5.5611223],[95.317333,5.560679],[95.317405,5.5604222]]}},{"type":"Feature","properties":{"segmentId":"osm-gaul2-73705-7691170946-6784191171-0","regionId":"gaul2-73705","province":"Nangroe Aceh Darussalam","region":"Kota Bandaaceh","roadName":"Jalan Profesor Ali Hasjmy","highway":"primary","lengthMeters":367.679,"osmWayIds":["301855269"],"u":"7691170946","v":"6784191171","key":0,"oneway":true,"source":"OpenStreetMap"},"geometry":{"type":"LineString","coordinates":[[95.3457102,5.5480528],[95.3457737,5.5477589],[95.3458323,5.5474482],[95.3458985,5.5471176],[95.346044,5.5464042],[95.3461107,5.5460621],[95.346158,5.5457983],[95.3462434,5.5452762],[95.3462836,5.5450493],[95.3463319,5.544805]]}},{"type":"Feature","properties":{"segmentId":"osm-gaul2-73705-7691170946-6784200187-0","regionId":"gaul2-73705","province":"Nangroe Aceh Darussalam","region":"Kota Bandaaceh","roadName":"Unnamed OSM road","highway":"primary_link","lengthMeters":12.536,"osmWayIds":["823768410"],"u":"7691170946","v":"6784200187","key":0,"oneway":false,"source":"OpenStreetMap"},"geometry":{"type":"LineString","coordinates":[[95.3457102,5.5480528],[95.3455983,5.5480353]]}},{"type":"Feature","properties":{"segmentId":"osm-gaul2-73705-7691170947-6784191171-0","regionId":"gaul2-73705","province":"Nangroe Aceh Darussalam","region":"Kota Bandaaceh","roadName":"Unnamed OSM road","highway":"primary_link","lengthMeters":13.998,"osmWayIds":["823768411"],"u":"7691170947","v":"6784191171","key":0,"oneway":false,"source":"OpenStreetMap"},"geometry":{"type":"LineString","coordinates":[[95.3462085,5.5447774],[95.3463319,5.544805]]}},{"type":"Feature","properties":{"segmentId":"osm-gaul2-73705-7691170947-6784200187-0","regionId":"gaul2-73705","province":"Nangroe Aceh Darussalam","region":"Kota Bandaaceh","roadName":"Jalan Profesor Ali Hasjmy","highway":"primary","lengthMeters":368.574,"osmWayIds":["114780531"],"u":"7691170947","v":"6784200187","key":0,"oneway":true,"source":"OpenStreetMap"},"geometry":{"type":"LineString","coordinates":[[95.3462085,5.5447774],[95.3461696,5.5450052],[95.3461167,5.5453449],[95.3460332,5.5458395],[95.3459269,5.5464295],[95.3457391,5.5472998],[95.3457043,5.5474903],[95.3455983,5.5480353]]}},{"type":"Feature","properties":{"segmentId":"osm-gaul2-73705-7694086143-544505037-0","regionId":"gaul2-73705","province":"Nangroe Aceh Darussalam","region":"Kota Bandaaceh","roadName":"Unnamed OSM road","highway":"tertiary_link","lengthMeters":8.484,"osmWayIds":["824072832"],"u":"7694086143","v":"544505037","key":0,"oneway":false,"source":"OpenStreetMap"},"geometry":{"type":"LineString","coordinates":[[95.3236279,5.5454083],[95.3237045,5.5454053]]}},{"type":"Feature","properties":{"segmentId":"osm-gaul2-73705-7694086143-6347483911-0","regionId":"gaul2-73705","province":"Nangroe Aceh Darussalam","region":"Kota Bandaaceh","roadName":"Unnamed OSM road","highway":"tertiary","lengthMeters":76.895,"osmWayIds":["677898873"],"u":"7694086143","v":"6347483911","key":0,"oneway":true,"source":"OpenStreetMap"},"geometry":{"type":"LineString","coordinates":[[95.3236279,5.5454083],[95.3236274,5.5455806],[95.3236289,5.5459916],[95.323659,5.5460956]]}},{"type":"Feature","properties":{"segmentId":"osm-gaul2-73705-7694443269-267436125-0","regionId":"gaul2-73705","province":"Nangroe Aceh Darussalam","region":"Kota Bandaaceh","roadName":"Jalan Teungku Dianjong","highway":"tertiary","lengthMeters":6.838,"osmWayIds":["43418366"],"u":"7694443269","v":"267436125","key":0,"oneway":false,"source":"OpenStreetMap"},"geometry":{"type":"LineString","coordinates":[[95.317405,5.5604222],[95.3174269,5.5603647]]}},{"type":"Feature","properties":{"segmentId":"osm-gaul2-73705-7694443269-6135023044-0","regionId":"gaul2-73705","province":"Nangroe Aceh Darussalam","region":"Kota Bandaaceh","roadName":"Jalan W.R. Supratman","highway":"secondary","lengthMeters":250.926,"osmWayIds":["1008022181","43326811","58651959","654720700","824104393"],"u":"7694443269","v":"6135023044","key":0,"oneway":true,"source":"OpenStreetMap"},"geometry":{"type":"LineString","coordinates":[[95.317405,5.5604222],[95.3174774,5.560477],[95.317533,5.5605098],[95.3176188,5.5605371],[95.3177025,5.5605543],[95.3178208,5.5605708],[95.3185765,5.5605697],[95.3188495,5.5605505],[95.3189184,5.5605324],[95.3189939,5.5604862],[95.3190287,5.5604742],[95.3191723,5.5604642],[95.3195526,5.5604773],[95.3196112,5.5604468]]}},{"type":"Feature","properties":{"segmentId":"osm-gaul2-73705-7694443269-765045912-0","regionId":"gaul2-73705","province":"Nangroe Aceh Darussalam","region":"Kota Bandaaceh","roadName":"Jalan Teungku Dianjong","highway":"tertiary","lengthMeters":207.065,"osmWayIds":["43418366"],"u":"7694443269","v":"765045912","key":0,"oneway":false,"source":"OpenStreetMap"},"geometry":{"type":"LineString","coordinates":[[95.317405,5.5604222],[95.317333,5.560679],[95.3172673,5.5611223],[95.317221,5.5616373],[95.3172016,5.5620167],[95.3171969,5.5621646],[95.3171898,5.5622669]]}},{"type":"Feature","properties":{"segmentId":"osm-gaul2-73705-7694443273-6145334082-0","regionId":"gaul2-73705","province":"Nangroe Aceh Darussalam","region":"Kota Bandaaceh","roadName":"Jalan W.R. Supratman","highway":"secondary","lengthMeters":153.499,"osmWayIds":["24602044"],"u":"7694443273","v":"6145334082","key":0,"oneway":false,"source":"OpenStreetMap"},"geometry":{"type":"LineString","coordinates":[[95.317339,5.5603499],[95.3169007,5.5602832],[95.3165735,5.5602391],[95.3161729,5.5602097],[95.3161289,5.5601326],[95.3160873,5.5600178]]}},{"type":"Feature","properties":{"segmentId":"osm-gaul2-73705-7694443273-7694443269-0","regionId":"gaul2-73705","province":"Nangroe Aceh Darussalam","region":"Kota Bandaaceh","roadName":"Jalan W.R. Supratman","highway":"secondary","lengthMeters":10.862,"osmWayIds":["824104393"],"u":"7694443273","v":"7694443269","key":0,"oneway":true,"source":"OpenStreetMap"},"geometry":{"type":"LineString","coordinates":[[95.317339,5.5603499],[95.317405,5.5604222]]}},{"type":"Feature","properties":{"segmentId":"osm-gaul2-73705-7695312703-3070913899-0","regionId":"gaul2-73705","province":"Nangroe Aceh Darussalam","region":"Kota Bandaaceh","roadName":"Jalan Syiah Kuala","highway":"secondary","lengthMeters":245.898,"osmWayIds":["43326804"],"u":"7695312703","v":"3070913899","key":0,"oneway":false,"source":"OpenStreetMap"},"geometry":{"type":"LineString","coordinates":[[95.3298246,5.5625011],[95.3298273,5.5624723],[95.3298279,5.5624366],[95.3298286,5.5623996],[95.3298954,5.5615],[95.3299531,5.5608156],[95.3299874,5.5602958]]}},{"type":"Feature","properties":{"segmentId":"osm-gaul2-73705-7695312703-544527335-0","regionId":"gaul2-73705","province":"Nangroe Aceh Darussalam","region":"Kota Bandaaceh","roadName":"Jalan Syiah Kuala","highway":"secondary","lengthMeters":38.859,"osmWayIds":["1032459089"],"u":"7695312703","v":"544527335","key":0,"oneway":false,"source":"OpenStreetMap"},"geometry":{"type":"LineString","coordinates":[[95.3298246,5.5625011],[95.3298108,5.5628503]]}},{"type":"Feature","properties":{"segmentId":"osm-gaul2-73705-7695312703-6349968687-0","regionId":"gaul2-73705","province":"Nangroe Aceh Darussalam","region":"Kota Bandaaceh","roadName":"Unnamed OSM road","highway":"secondary_link","lengthMeters":49.779,"osmWayIds":["214137089"],"u":"7695312703","v":"6349968687","key":0,"oneway":true,"source":"OpenStreetMap"},"geometry":{"type":"LineString","coordinates":[[95.3298246,5.5625011],[95.3297941,5.5625566],[95.3297516,5.5626018],[95.3296922,5.56267],[95.329633,5.5627162],[95.3295847,5.5627479],[95.3294913,5.5627842]]}},{"type":"Feature","properties":{"segmentId":"osm-gaul2-73705-7698044442-544527109-0","regionId":"gaul2-73705","province":"Nangroe Aceh Darussalam","region":"Kota Bandaaceh","roadName":"Jalan T. Iskandar","highway":"tertiary","lengthMeters":1264.704,"osmWayIds":["1145541504"],"u":"7698044442","v":"544527109","key":0,"oneway":false,"source":"OpenStreetMap"},"geometry":{"type":"LineString","coordinates":[[95.3562394,5.5513693],[95.3559577,5.5513877],[95.3553334,5.5514511],[95.3552111,5.5514627],[95.3544609,5.5515188],[95.3543055,5.5515345],[95.3531877,5.5516259],[95.3531099,5.5516299],[95.352664,5.5516573],[95.3526016,5.5516626],[95.3523347,5.55169],[95.3522268,5.5516993],[95.3518613,5.55172],[95.3516444,5.5517327],[95.3514315,5.5517507],[95.3512934,5.5517668],[95.3510453,5.5517868],[95.3508001,5.5517956],[95.3503134,5.5518393],[95.3498903,5.5518727],[95.3494929,5.5518966],[95.3494161,5.5519036],[95.349049,5.5519303],[95.3485643,5.5519745],[95.3481907,5.5520157],[95.3474159,5.5520938],[95.3466659,5.5521565],[95.3464479,5.5521719],[95.3459896,5.5522079],[95.3457539,5.5522326],[95.3456708,5.552252],[95.3456228,5.552271],[95.3455803,5.5522933],[95.3455373,5.5523204],[95.3453,5.5525022],[95.3451203,5.5526517],[95.3451042,5.5526639],[95.345013,5.5527332]]}},{"type":"Feature","properties":{"segmentId":"osm-gaul2-73705-7698044442-6133228917-0","regionId":"gaul2-73705","province":"Nangroe Aceh Darussalam","region":"Kota Bandaaceh","roadName":"Jalan T. Iskandar","highway":"tertiary","lengthMeters":37.895,"osmWayIds":["1145541503"],"u":"7698044442","v":"6133228917","key":0,"oneway":true,"source":"OpenStreetMap"},"geometry":{"type":"LineString","coordinates":[[95.3562394,5.5513693],[95.3563766,5.5514181],[95.3565722,5.5513974]]}},{"type":"Feature","properties":{"segmentId":"osm-gaul2-73705-769855596-3089870498-0","regionId":"gaul2-73705","province":"Nangroe Aceh Darussalam","region":"Kota Bandaaceh","roadName":"Jalan Ajun Jeumpit","highway":"tertiary","lengthMeters":1233.618,"osmWayIds":["43323440"],"u":"769855596","v":"3089870498","key":0,"oneway":false,"source":"OpenStreetMap"},"geometry":{"type":"LineString","coordinates":[[95.2967236,5.5188457],[95.2965047,5.5190279],[95.296124,5.5194254],[95.2952764,5.5202989],[95.2951746,5.5203449],[95.2950346,5.5204948],[95.2947584,5.5207723],[95.2934633,5.5220421],[95.2930951,5.5223894],[95.2930366,5.5224496],[95.2925471,5.5229264],[95.2923635,5.5231129],[95.2918238,5.5236543],[95.2915312,5.5239386],[95.2914551,5.5240119],[95.290977,5.5244881],[95.2907799,5.5246733],[95.290649,5.5248026],[95.2906143,5.5248327],[95.2902648,5.5251847],[95.2900467,5.5254115],[95.2898331,5.525627],[95.2896248,5.5258268],[95.2893844,5.5260599],[95.2888663,5.526529],[95.2888275,5.5265661],[95.2887782,5.5266122]]}},{"type":"Feature","properties":{"segmentId":"osm-gaul2-73705-769855596-3096535524-0","regionId":"gaul2-73705","province":"Nangroe Aceh Darussalam","region":"Kota Bandaaceh","roadName":"Unnamed OSM road","highway":"tertiary","lengthMeters":602.747,"osmWayIds":["1007371334","43323442","654692977","654692978"],"u":"769855596","v":"3096535524","key":0,"oneway":false,"source":"OpenStreetMap"},"geometry":{"type":"LineString","coordinates":[[95.2967236,5.5188457],[95.2967583,5.5188643],[95.2969307,5.5188963],[95.2972371,5.5189994],[95.2974446,5.519081],[95.2976218,5.519167],[95.2978198,5.5192759],[95.297975,5.5193613],[95.2980408,5.5193953],[95.2983143,5.5195357],[95.2988153,5.5198243],[95.2989502,5.5198918],[95.2993062,5.5201001],[95.2994089,5.5201583],[95.2994469,5.5201806],[95.2998494,5.5203299],[95.3003583,5.5205197],[95.3016228,5.5210094],[95.3016789,5.521046]]}},{"type":"Feature","properties":{"segmentId":"osm-gaul2-73705-769855596-769855634-0","regionId":"gaul2-73705","province":"Nangroe Aceh Darussalam","region":"Kota Bandaaceh","roadName":"Unnamed OSM road","highway":"tertiary","lengthMeters":2503.156,"osmWayIds":["61786569","654626757","654626758"],"u":"769855596","v":"769855634","key":0,"oneway":false,"source":"OpenStreetMap"},"geometry":{"type":"LineString","coordinates":[[95.2967236,5.5188457],[95.2967335,5.518818],[95.2967365,5.518786],[95.2967397,5.5184169],[95.2967142,5.5176577],[95.2967107,5.5175277],[95.2967032,5.5173827],[95.2966958,5.5172847],[95.2966705,5.5169002],[95.296629,5.5165605],[95.2966066,5.516357],[95.2965932,5.5162416],[95.2965646,5.5159219],[95.2965594,5.5158761],[95.2965436,5.515472],[95.2965182,5.5151422],[95.2965196,5.5150829],[95.2965262,5.514715],[95.2965342,5.5146445],[95.2966109,5.5138578],[95.2966312,5.5136629],[95.2966362,5.5136151],[95.2966335,5.5135563],[95.2966144,5.5135185],[95.2965879,5.5134762],[95.2965688,5.5134324],[95.2965668,5.5133556],[95.2965796,5.5132755],[95.2966026,5.5131139],[95.2965877,5.5130466],[95.2966034,5.5129089],[95.2966187,5.5127487],[95.2966004,5.5125613],[95.2965608,5.5124412],[95.2965085,5.5122209],[95.296419,5.5119103],[95.2963004,5.5115266],[95.2961091,5.51104],[95.296015,5.5107605],[95.2959657,5.5105514],[95.2959455,5.5103579],[95.2959053,5.5096637],[95.2958514,5.509228],[95.2958326,5.5090862],[95.2957737,5.5086425],[95.2957161,5.5083491],[95.2956033,5.5078611],[95.2954785,5.5073992],[95.2952605,5.5064971],[95.2950851,5.5055405],[95.2950722,5.5053955],[95.2950742,5.5052106],[95.2950869,5.5050651],[95.2951173,5.5049349],[95.2951936,5.504682],[95.2952311,5.5046039],[95.2952709,5.5045392],[95.2954082,5.5042891],[95.2954897,5.504107],[95.2955321,5.5039825],[95.2955733,5.503809],[95.2955954,5.5037108],[95.2956638,5.5033273],[95.2956808,5.5031408],[95.2957478,5.5024063],[95.2959397,5.500194],[95.295976,5.4996087],[95.2960008,5.4990218],[95.2960374,5.4985369],[95.2960673,5.4982183],[95.2962338,5.497227],[95.2962998,5.4967019]]}},{"type":"Feature","properties":{"segmentId":"osm-gaul2-73705-769855634-3107520819-0","regionId":"gaul2-73705","province":"Nangroe Aceh Darussalam","region":"Kota Bandaaceh","roadName":"Mata Ie","highway":"tertiary","lengthMeters":892.946,"osmWayIds":["507496056","677651786","677651787"],"u":"769855634","v":"3107520819","key":0,"oneway":false,"source":"OpenStreetMap"},"geometry":{"type":"LineString","coordinates":[[95.2962998,5.4967019],[95.2963737,5.4966891],[95.2964247,5.4966845],[95.2964767,5.4966881],[95.296526,5.4966998],[95.2968827,5.4969241],[95.2972292,5.4971078],[95.2973467,5.4971877],[95.2974248,5.4972485],[95.2974721,5.4972979],[95.2975049,5.4973402],[95.297796,5.4979009],[95.2979746,5.498267],[95.298378,5.4991347],[95.2987094,5.4998894],[95.2988196,5.4999931],[95.2988782,5.5000414],[95.2990134,5.5001219],[95.2993014,5.5002748],[95.2994506,5.5003278],[95.2995092,5.5003435],[95.2995769,5.5003498],[95.2996699,5.5003501],[95.2998309,5.5003573],[95.3000571,5.5003455],[95.3003391,5.5003545],[95.3003966,5.5003609],[95.3007123,5.5004229],[95.3009529,5.5004647],[95.3010656,5.5004777],[95.3011655,5.500484],[95.3012103,5.5004793],[95.3018055,5.5004163],[95.3019641,5.5003946],[95.3020612,5.5003936],[95.3021415,5.5004012],[95.3022307,5.500433],[95.3022813,5.5004533],[95.3023296,5.5004808],[95.3023602,5.5005123]]}},{"type":"Feature","properties":{"segmentId":"osm-gaul2-73705-769855634-769855596-0","regionId":"gaul2-73705","province":"Nangroe Aceh Darussalam","region":"Kota Bandaaceh","roadName":"Unnamed OSM road","highway":"tertiary","lengthMeters":2503.156,"osmWayIds":["61786569","654626757","654626758"],"u":"769855634","v":"769855596","key":0,"oneway":false,"source":"OpenStreetMap"},"geometry":{"type":"LineString","coordinates":[[95.2962998,5.4967019],[95.2962338,5.497227],[95.2960673,5.4982183],[95.2960374,5.4985369],[95.2960008,5.4990218],[95.295976,5.4996087],[95.2959397,5.500194],[95.2957478,5.5024063],[95.2956808,5.5031408],[95.2956638,5.5033273],[95.2955954,5.5037108],[95.2955733,5.503809],[95.2955321,5.5039825],[95.2954897,5.504107],[95.2954082,5.5042891],[95.2952709,5.5045392],[95.2952311,5.5046039],[95.2951936,5.504682],[95.2951173,5.5049349],[95.2950869,5.5050651],[95.2950742,5.5052106],[95.2950722,5.5053955],[95.2950851,5.5055405],[95.2952605,5.5064971],[95.2954785,5.5073992],[95.2956033,5.5078611],[95.2957161,5.5083491],[95.2957737,5.5086425],[95.2958326,5.5090862],[95.2958514,5.509228],[95.2959053,5.5096637],[95.2959455,5.5103579],[95.2959657,5.5105514],[95.296015,5.5107605],[95.2961091,5.51104],[95.2963004,5.5115266],[95.296419,5.5119103],[95.2965085,5.5122209],[95.2965608,5.5124412],[95.2966004,5.5125613],[95.2966187,5.5127487],[95.2966034,5.5129089],[95.2965877,5.5130466],[95.2966026,5.5131139],[95.2965796,5.5132755],[95.2965668,5.5133556],[95.2965688,5.5134324],[95.2965879,5.5134762],[95.2966144,5.5135185],[95.2966335,5.5135563],[95.2966362,5.5136151],[95.2966312,5.5136629],[95.2966109,5.5138578],[95.2965342,5.5146445],[95.2965262,5.514715],[95.2965196,5.5150829],[95.2965182,5.5151422],[95.2965436,5.515472],[95.2965594,5.5158761],[95.2965646,5.5159219],[95.2965932,5.5162416],[95.2966066,5.516357],[95.296629,5.5165605],[95.2966705,5.5169002],[95.2966958,5.5172847],[95.2967032,5.5173827],[95.2967107,5.5175277],[95.2967142,5.5176577],[95.2967397,5.5184169],[95.2967365,5.518786],[95.2967335,5.518818],[95.2967236,5.5188457]]}},{"type":"Feature","properties":{"segmentId":"osm-gaul2-73705-769855634-769855659-0","regionId":"gaul2-73705","province":"Nangroe Aceh Darussalam","region":"Kota Bandaaceh","roadName":"Unnamed OSM road","highway":"tertiary","lengthMeters":1302.102,"osmWayIds":["61786569"],"u":"769855634","v":"769855659","key":0,"oneway":false,"source":"OpenStreetMap"},"geometry":{"type":"LineString","coordinates":[[95.2962998,5.4967019],[95.2961693,5.4964874],[95.2960829,5.496387],[95.2959843,5.496234],[95.295964,5.4961925],[95.2959533,5.4961418],[95.295952,5.4956238],[95.2959855,5.495214],[95.2960338,5.4948429],[95.2961814,5.4944506],[95.2963846,5.4935546],[95.2964968,5.493296],[95.2965903,5.4931916],[95.2966413,5.4930581],[95.2966553,5.4929548],[95.2966896,5.4927697],[95.2966989,5.4926482],[95.2966822,5.4924734],[95.2966487,5.4923332],[95.2966264,5.4922549],[95.2966192,5.4921823],[95.2966279,5.4921356],[95.2967706,5.4919122],[95.2967774,5.491886],[95.296774,5.4918553],[95.2965568,5.4913495],[95.2965528,5.491334],[95.2965447,5.4912539],[95.2965434,5.4911931],[95.2965581,5.4909856],[95.2966375,5.490524],[95.2966792,5.4903348],[95.2966788,5.4902787],[95.2966435,5.4900239],[95.2966882,5.4898615],[95.2966976,5.4897677],[95.2966976,5.4897314],[95.2966916,5.4896833],[95.2966748,5.4896286],[95.2963878,5.4892174],[95.2963764,5.489188],[95.2963208,5.4888937],[95.296312,5.4886834],[95.2962892,5.4885319],[95.2962557,5.4884411],[95.2961906,5.4882967],[95.2961095,5.4881721],[95.2960723,5.4881419],[95.2960237,5.4881234],[95.2959939,5.4881194],[95.2959667,5.4881187],[95.2957672,5.4881491],[95.2955703,5.4881993],[95.2952599,5.4883624],[95.295158,5.4884104],[95.2950749,5.4884593],[95.2950191,5.4884686],[95.2949742,5.4884657],[95.2949327,5.4884505],[95.2948563,5.4884158],[95.2948294,5.4883891],[95.2947958,5.488332],[95.2947651,5.4882663],[95.2947456,5.4881775],[95.2947456,5.4879592],[95.2947074,5.4876862],[95.2945953,5.4874049],[95.2944614,5.4871594]]}},{"type":"Feature","properties":{"segmentId":"osm-gaul2-73705-769855659-769855634-0","regionId":"gaul2-73705","province":"Nangroe Aceh Darussalam","region":"Kota Bandaaceh","roadName":"Unnamed OSM road","highway":"tertiary","lengthMeters":1302.102,"osmWayIds":["61786569"],"u":"769855659","v":"769855634","key":0,"oneway":false,"source":"OpenStreetMap"},"geometry":{"type":"LineString","coordinates":[[95.2944614,5.4871594],[95.2945953,5.4874049],[95.2947074,5.4876862],[95.2947456,5.4879592],[95.2947456,5.4881775],[95.2947651,5.4882663],[95.2947958,5.488332],[95.2948294,5.4883891],[95.2948563,5.4884158],[95.2949327,5.4884505],[95.2949742,5.4884657],[95.2950191,5.4884686],[95.2950749,5.4884593],[95.295158,5.4884104],[95.2952599,5.4883624],[95.2955703,5.4881993],[95.2957672,5.4881491],[95.2959667,5.4881187],[95.2959939,5.4881194],[95.2960237,5.4881234],[95.2960723,5.4881419],[95.2961095,5.4881721],[95.2961906,5.4882967],[95.2962557,5.4884411],[95.2962892,5.4885319],[95.296312,5.4886834],[95.2963208,5.4888937],[95.2963764,5.489188],[95.2963878,5.4892174],[95.2966748,5.4896286],[95.2966916,5.4896833],[95.2966976,5.4897314],[95.2966976,5.4897677],[95.2966882,5.4898615],[95.2966435,5.4900239],[95.2966788,5.4902787],[95.2966792,5.4903348],[95.2966375,5.490524],[95.2965581,5.4909856],[95.2965434,5.4911931],[95.2965447,5.4912539],[95.2965528,5.491334],[95.2965568,5.4913495],[95.296774,5.4918553],[95.2967774,5.491886],[95.2967706,5.4919122],[95.2966279,5.4921356],[95.2966192,5.4921823],[95.2966264,5.4922549],[95.2966487,5.4923332],[95.2966822,5.4924734],[95.2966989,5.4926482],[95.2966896,5.4927697],[95.2966553,5.4929548],[95.2966413,5.4930581],[95.2965903,5.4931916],[95.2964968,5.493296],[95.2963846,5.4935546],[95.2961814,5.4944506],[95.2960338,5.4948429],[95.2959855,5.495214],[95.295952,5.4956238],[95.2959533,5.4961418],[95.295964,5.4961925],[95.2959843,5.496234],[95.2960829,5.496387],[95.2961693,5.4964874],[95.2962998,5.4967019]]}},{"type":"Feature","properties":{"segmentId":"osm-gaul2-73705-7702192077-3162488398-0","regionId":"gaul2-73705","province":"Nangroe Aceh Darussalam","region":"Kota Bandaaceh","roadName":"Unnamed OSM road","highway":"tertiary","lengthMeters":838.191,"osmWayIds":["310763408"],"u":"7702192077","v":"3162488398","key":0,"oneway":true,"source":"OpenStreetMap"},"geometry":{"type":"LineString","coordinates":[[95.3641961,5.5689137],[95.364341,5.5687425],[95.3647475,5.5682985],[95.3653438,5.5676012],[95.3667062,5.5660427],[95.3667787,5.5659544],[95.3678657,5.5646999],[95.3681953,5.5643195],[95.3685927,5.5638546],[95.3690373,5.5633534],[95.3690822,5.563311],[95.3691458,5.5632756],[95.3691899,5.5632619]]}},{"type":"Feature","properties":{"segmentId":"osm-gaul2-73705-7702192077-6349386137-0","regionId":"gaul2-73705","province":"Nangroe Aceh Darussalam","region":"Kota Bandaaceh","roadName":"Unnamed OSM road","highway":"tertiary_link","lengthMeters":8.78,"osmWayIds":["824850795"],"u":"7702192077","v":"6349386137","key":0,"oneway":false,"source":"OpenStreetMap"},"geometry":{"type":"LineString","coordinates":[[95.3641961,5.5689137],[95.3641325,5.5688665]]}},{"type":"Feature","properties":{"segmentId":"osm-gaul2-73705-7719544391-3066460415-0","regionId":"gaul2-73705","province":"Nangroe Aceh Darussalam","region":"Kota Bandaaceh","roadName":"Jalan PKA","highway":"tertiary","lengthMeters":356.401,"osmWayIds":["302388794","826853115"],"u":"7719544391","v":"3066460415","key":0,"oneway":true,"source":"OpenStreetMap"},"geometry":{"type":"LineString","coordinates":[[95.3362059,5.5694221],[95.3363042,5.5694001],[95.3363489,5.5693665],[95.33681,5.569045],[95.336924,5.5689756],[95.337034,5.5688964],[95.337152,5.5688114],[95.3376898,5.5684337],[95.3379822,5.5682455],[95.3380975,5.5681841],[95.3381994,5.5681427],[95.3385481,5.5679812],[95.338621,5.5679427],[95.3386782,5.5678956],[95.338886,5.5676845]]}},{"type":"Feature","properties":{"segmentId":"osm-gaul2-73705-7719544391-544527125-0","regionId":"gaul2-73705","province":"Nangroe Aceh Darussalam","region":"Kota Bandaaceh","roadName":"Jalan PKA","highway":"tertiary","lengthMeters":885.876,"osmWayIds":["301926471","302388795"],"u":"7719544391","v":"544527125","key":0,"oneway":false,"source":"OpenStreetMap"},"geometry":{"type":"LineString","coordinates":[[95.3362059,5.5694221],[95.3360482,5.5695179],[95.3357345,5.5697084],[95.3356098,5.5697711],[95.3353724,5.5698699],[95.3351216,5.5699927],[95.3348279,5.5701515],[95.334565,5.5702957],[95.3342861,5.5704412],[95.3340486,5.5705759],[95.3339629,5.5706027],[95.3339146,5.5706228],[95.3338685,5.5706559],[95.3337953,5.5707221],[95.3335462,5.5709696],[95.3334533,5.5708963],[95.3333592,5.5708215],[95.3332001,5.5706859],[95.3330037,5.5705563],[95.3326934,5.5703499],[95.3325494,5.570241],[95.3324184,5.5701214],[95.3323536,5.5700451],[95.3322932,5.5699433],[95.3322624,5.5698846],[95.3322169,5.5698347],[95.3320947,5.5697364],[95.3319317,5.5696287],[95.3318599,5.5695915],[95.3315415,5.5694431],[95.331324,5.5693785],[95.3310742,5.569296],[95.3303903,5.5691337],[95.3302723,5.5691034],[95.3300349,5.5690425],[95.3299429,5.5690112],[95.3299128,5.569001],[95.3298422,5.5689645],[95.3297867,5.5689286],[95.3297354,5.5688778],[95.3296231,5.5687552],[95.3294139,5.5685782]]}},{"type":"Feature","properties":{"segmentId":"osm-gaul2-73705-7720635429-6134011554-0","regionId":"gaul2-73705","province":"Nangroe Aceh Darussalam","region":"Kota Bandaaceh","roadName":"Jalan Sultan Malikul Saleh","highway":"secondary","lengthMeters":154.905,"osmWayIds":["654634689"],"u":"7720635429","v":"6134011554","key":0,"oneway":true,"source":"OpenStreetMap"},"geometry":{"type":"LineString","coordinates":[[95.3202351,5.5256545],[95.320564,5.5248807],[95.3206184,5.5247474],[95.3207409,5.5244425],[95.3207719,5.524368]]}},{"type":"Feature","properties":{"segmentId":"osm-gaul2-73705-7720635433-6134011574-0","regionId":"gaul2-73705","province":"Nangroe Aceh Darussalam","region":"Kota Bandaaceh","roadName":"Jalan Tengku Dilhong 2","highway":"tertiary","lengthMeters":27.355,"osmWayIds":["771840607"],"u":"7720635433","v":"6134011574","key":0,"oneway":false,"source":"OpenStreetMap"},"geometry":{"type":"LineString","coordinates":[[95.3203772,5.5259446],[95.3201408,5.5258728]]}},{"type":"Feature","properties":{"segmentId":"osm-gaul2-73705-7720635433-7720635429-0","regionId":"gaul2-73705","province":"Nangroe Aceh Darussalam","region":"Kota Bandaaceh","roadName":"Unnamed OSM road","highway":"secondary_link","lengthMeters":37.186,"osmWayIds":["826969622"],"u":"7720635433","v":"7720635429","key":0,"oneway":true,"source":"OpenStreetMap"},"geometry":{"type":"LineString","coordinates":[[95.3203772,5.5259446],[95.3203148,5.5258888],[95.320287,5.5258458],[95.3202672,5.5258034],[95.3202491,5.5257537],[95.3202351,5.5256545]]}},{"type":"Feature","properties":{"segmentId":"osm-gaul2-73705-7720635433-9234392245-0","regionId":"gaul2-73705","province":"Nangroe Aceh Darussalam","region":"Kota Bandaaceh","roadName":"Jalan Tengku Dilhong 2","highway":"tertiary","lengthMeters":25.212,"osmWayIds":["771840607"],"u":"7720635433","v":"9234392245","key":0,"oneway":false,"source":"OpenStreetMap"},"geometry":{"type":"LineString","coordinates":[[95.3203772,5.5259446],[95.3205966,5.5260056]]}},{"type":"Feature","properties":{"segmentId":"osm-gaul2-73705-7720635434-6134011563-0","regionId":"gaul2-73705","province":"Nangroe Aceh Darussalam","region":"Kota Bandaaceh","roadName":"Jalan Sultan Malikul Saleh","highway":"secondary","lengthMeters":1033.254,"osmWayIds":["654622302","772040835"],"u":"7720635434","v":"6134011563","key":0,"oneway":true,"source":"OpenStreetMap"},"geometry":{"type":"LineString","coordinates":[[95.3198892,5.5261554],[95.3196473,5.5266998],[95.3195722,5.526856],[95.3194796,5.5270755],[95.3192579,5.5276394],[95.3190964,5.5279883],[95.3189634,5.5282781],[95.3188419,5.5285352],[95.3186978,5.5288836],[95.3185263,5.529264],[95.3182995,5.529802],[95.3180271,5.530409],[95.3177853,5.5309465],[95.3174221,5.531748],[95.3170037,5.5326987],[95.3168253,5.5331162],[95.3164503,5.5339681],[95.3162869,5.534352],[95.3162364,5.5345114],[95.3161884,5.5346823]]}},{"type":"Feature","properties":{"segmentId":"osm-gaul2-73705-7720635438-544527031-0","regionId":"gaul2-73705","province":"Nangroe Aceh Darussalam","region":"Kota Bandaaceh","roadName":"Jalan Wedana","highway":"tertiary","lengthMeters":1797.42,"osmWayIds":["507496054"],"u":"7720635438","v":"544527031","key":0,"oneway":false,"source":"OpenStreetMap"},"geometry":{"type":"LineString","coordinates":[[95.3197368,5.5257225],[95.3195226,5.5256479],[95.319189,5.5255421],[95.3183042,5.5252888],[95.3180946,5.5252304],[95.3179931,5.5252021],[95.3175098,5.5250598],[95.316713,5.5248248],[95.3162546,5.5246891],[95.3161199,5.5246468],[95.3151306,5.5243477],[95.3147761,5.5242408],[95.3143032,5.5240963],[95.313821,5.5239556],[95.3134987,5.5238577],[95.3129762,5.5237019],[95.3127984,5.5236421],[95.3123764,5.5235246],[95.3120333,5.523424],[95.3108077,5.5230646],[95.3106519,5.5230189],[95.3102595,5.5228974],[95.3099834,5.5228136],[95.3095332,5.5226749],[95.3092145,5.5225757],[95.3086868,5.5224142],[95.3083127,5.5223037],[95.3079587,5.5221961],[95.3077309,5.5221269],[95.3074,5.5220265],[95.3071663,5.5219483],[95.3069922,5.5218915],[95.306713,5.5218015],[95.3064847,5.5217234],[95.3064101,5.5217027],[95.3063058,5.5216724],[95.306034,5.5215935],[95.3059446,5.521555],[95.3058403,5.5215069],[95.3056742,5.5213972],[95.305662,5.5213885],[95.3056388,5.5213719],[95.3055464,5.5213143],[95.305101,5.5210366],[95.3044566,5.5206395],[95.3044002,5.5205917]]}},{"type":"Feature","properties":{"segmentId":"osm-gaul2-73705-7720635438-6134011548-0","regionId":"gaul2-73705","province":"Nangroe Aceh Darussalam","region":"Kota Bandaaceh","roadName":"Jalan Wedana","highway":"tertiary","lengthMeters":8.139,"osmWayIds":["507496054"],"u":"7720635438","v":"6134011548","key":0,"oneway":false,"source":"OpenStreetMap"},"geometry":{"type":"LineString","coordinates":[[95.3197368,5.5257225],[95.3198062,5.5257467]]}},{"type":"Feature","properties":{"segmentId":"osm-gaul2-73705-7720635438-7720635434-0","regionId":"gaul2-73705","province":"Nangroe Aceh Darussalam","region":"Kota Bandaaceh","roadName":"Unnamed OSM road","highway":"secondary_link","lengthMeters":51.126,"osmWayIds":["826969623"],"u":"7720635438","v":"7720635434","key":0,"oneway":true,"source":"OpenStreetMap"},"geometry":{"type":"LineString","coordinates":[[95.3197368,5.5257225],[95.3197995,5.5258748],[95.3198256,5.5259316],[95.3198444,5.5259843],[95.3198892,5.5261554]]}},{"type":"Feature","properties":{"segmentId":"osm-gaul2-73705-7720682413-6134011574-0","regionId":"gaul2-73705","province":"Nangroe Aceh Darussalam","region":"Kota Bandaaceh","roadName":"Jalan Sultan Malikul Saleh","highway":"secondary","lengthMeters":42.272,"osmWayIds":["654634689"],"u":"7720682413","v":"6134011574","key":0,"oneway":true,"source":"OpenStreetMap"},"geometry":{"type":"LineString","coordinates":[[95.3199806,5.5262179],[95.3201408,5.5258728]]}},{"type":"Feature","properties":{"segmentId":"osm-gaul2-73705-7720682413-9234392245-0","regionId":"gaul2-73705","province":"Nangroe Aceh Darussalam","region":"Kota Bandaaceh","roadName":"Unnamed OSM road","highway":"secondary_link","lengthMeters":73.958,"osmWayIds":["826971783"],"u":"7720682413","v":"9234392245","key":0,"oneway":true,"source":"OpenStreetMap"},"geometry":{"type":"LineString","coordinates":[[95.3199806,5.5262179],[95.3201109,5.5261157],[95.3202075,5.5260691],[95.3203162,5.5260424],[95.3204827,5.5260153],[95.3205966,5.5260056]]}},{"type":"Feature","properties":{"segmentId":"osm-gaul2-73705-7722892931-3096423286-0","regionId":"gaul2-73705","province":"Nangroe Aceh Darussalam","region":"Kota Bandaaceh","roadName":"Jalan Soekarno-Hatta","highway":"trunk","lengthMeters":571.09,"osmWayIds":["302882454","499782753","499782754"],"u":"7722892931","v":"3096423286","key":0,"oneway":true,"source":"OpenStreetMap"},"geometry":{"type":"LineString","coordinates":[[95.298665,5.5244692],[95.2990139,5.5240288],[95.2994491,5.5234651],[95.2996414,5.5231966],[95.2999302,5.5228354],[95.3000901,5.5226417],[95.3002065,5.5224927],[95.3005392,5.5220302],[95.3009407,5.5215104],[95.3010304,5.521445],[95.3011338,5.5213849],[95.3011723,5.5213623],[95.3016418,5.5211701],[95.3020584,5.5210136],[95.3022327,5.5209466]]}},{"type":"Feature","properties":{"segmentId":"osm-gaul2-73705-7722892931-7723147009-0","regionId":"gaul2-73705","province":"Nangroe Aceh Darussalam","region":"Kota Bandaaceh","roadName":"Unnamed OSM road","highway":"trunk_link","lengthMeters":10.044,"osmWayIds":["827245417"],"u":"7722892931","v":"7723147009","key":0,"oneway":false,"source":"OpenStreetMap"},"geometry":{"type":"LineString","coordinates":[[95.298665,5.5244692],[95.2985924,5.524415]]}},{"type":"Feature","properties":{"segmentId":"osm-gaul2-73705-7723147009-3096570555-0","regionId":"gaul2-73705","province":"Nangroe Aceh Darussalam","region":"Kota Bandaaceh","roadName":"Jalan Soekarno-Hatta","highway":"trunk","lengthMeters":220.021,"osmWayIds":["499782751"],"u":"7723147009","v":"3096570555","key":0,"oneway":true,"source":"OpenStreetMap"},"geometry":{"type":"LineString","coordinates":[[95.2985924,5.524415],[95.298193,5.5249339],[95.2978206,5.5254083],[95.2973867,5.5259881]]}},{"type":"Feature","properties":{"segmentId":"osm-gaul2-73705-7723147009-7722892931-0","regionId":"gaul2-73705","province":"Nangroe Aceh Darussalam","region":"Kota Bandaaceh","roadName":"Unnamed OSM road","highway":"trunk_link","lengthMeters":10.044,"osmWayIds":["827245417"],"u":"7723147009","v":"7722892931","key":0,"oneway":false,"source":"OpenStreetMap"},"geometry":{"type":"LineString","coordinates":[[95.2985924,5.524415],[95.298665,5.5244692]]}},{"type":"Feature","properties":{"segmentId":"osm-gaul2-73705-7729883321-13133830362-0","regionId":"gaul2-73705","province":"Nangroe Aceh Darussalam","region":"Kota Bandaaceh","roadName":"Jalan Sultan Iskandar Muda","highway":"trunk","lengthMeters":173.842,"osmWayIds":["136491572","136491574","304275811","761654641"],"u":"7729883321","v":"13133830362","key":0,"oneway":true,"source":"OpenStreetMap"},"geometry":{"type":"LineString","coordinates":[[95.3105228,5.5493458],[95.3108687,5.5492667],[95.310903,5.5492597],[95.3109333,5.5492531],[95.3109659,5.5492448],[95.311002,5.5492366],[95.3112527,5.5491872],[95.3116052,5.5491159],[95.3119078,5.5490504],[95.312058,5.5490157]]}},{"type":"Feature","properties":{"segmentId":"osm-gaul2-73705-7729883321-7729883322-0","regionId":"gaul2-73705","province":"Nangroe Aceh Darussalam","region":"Kota Bandaaceh","roadName":"Unnamed OSM road","highway":"tertiary","lengthMeters":8.848,"osmWayIds":["1428679442"],"u":"7729883321","v":"7729883322","key":0,"oneway":true,"source":"OpenStreetMap"},"geometry":{"type":"LineString","coordinates":[[95.3105228,5.5493458],[95.3105097,5.5492673]]}},{"type":"Feature","properties":{"segmentId":"osm-gaul2-73705-7729883322-13133830380-0","regionId":"gaul2-73705","province":"Nangroe Aceh Darussalam","region":"Kota Bandaaceh","roadName":"Unnamed OSM road","highway":"tertiary","lengthMeters":24.05,"osmWayIds":["1428679442"],"u":"7729883322","v":"13133830380","key":0,"oneway":true,"source":"OpenStreetMap"},"geometry":{"type":"LineString","coordinates":[[95.3105097,5.5492673],[95.3104956,5.5492266],[95.3104761,5.5491993],[95.3104339,5.5491545],[95.3103702,5.5491085]]}},{"type":"Feature","properties":{"segmentId":"osm-gaul2-73705-7729883322-3088066205-0","regionId":"gaul2-73705","province":"Nangroe Aceh Darussalam","region":"Kota Bandaaceh","roadName":"Jalan Sultan Iskandar Muda","highway":"trunk","lengthMeters":8.184,"osmWayIds":["304275810"],"u":"7729883322","v":"3088066205","key":0,"oneway":true,"source":"OpenStreetMap"},"geometry":{"type":"LineString","coordinates":[[95.3105097,5.5492673],[95.3104372,5.5492818]]}},{"type":"Feature","properties":{"segmentId":"osm-gaul2-73705-7731256547-2222640088-0","regionId":"gaul2-73705","province":"Nangroe Aceh Darussalam","region":"Kota Bandaaceh","roadName":"Jalan Sultan Iskandar Muda","highway":"trunk","lengthMeters":193.075,"osmWayIds":["136491572"],"u":"7731256547","v":"2222640088","key":0,"oneway":true,"source":"OpenStreetMap"},"geometry":{"type":"LineString","coordinates":[[95.3088034,5.5499339],[95.3091551,5.5497946],[95.3094676,5.5496785],[95.3096057,5.5496331],[95.3097566,5.5495763],[95.3099417,5.5495109],[95.3102582,5.5494202],[95.31045,5.5493641]]}},{"type":"Feature","properties":{"segmentId":"osm-gaul2-73705-7731256547-7731256548-0","regionId":"gaul2-73705","province":"Nangroe Aceh Darussalam","region":"Kota Bandaaceh","roadName":"Unnamed OSM road","highway":"trunk_link","lengthMeters":14.743,"osmWayIds":["828144430"],"u":"7731256547","v":"7731256548","key":0,"oneway":false,"source":"OpenStreetMap"},"geometry":{"type":"LineString","coordinates":[[95.3088034,5.5499339],[95.3087735,5.5498047]]}},{"type":"Feature","properties":{"segmentId":"osm-gaul2-73705-7731256548-3088066210-0","regionId":"gaul2-73705","province":"Nangroe Aceh Darussalam","region":"Kota Bandaaceh","roadName":"Jalan Sultan Iskandar Muda","highway":"trunk","lengthMeters":589.584,"osmWayIds":["304275810"],"u":"7731256548","v":"3088066210","key":0,"oneway":true,"source":"OpenStreetMap"},"geometry":{"type":"LineString","coordinates":[[95.3087735,5.5498047],[95.3086663,5.549845],[95.3084756,5.5499233],[95.3080259,5.5500829],[95.3074841,5.5502818],[95.3071287,5.5504086],[95.3064863,5.5506242],[95.3061256,5.550739],[95.3057638,5.5508524],[95.3054275,5.5509479],[95.3049689,5.5510787],[95.3044683,5.5512399],[95.3037176,5.5514684]]}},{"type":"Feature","properties":{"segmentId":"osm-gaul2-73705-7731256548-7731256547-0","regionId":"gaul2-73705","province":"Nangroe Aceh Darussalam","region":"Kota Bandaaceh","roadName":"Unnamed OSM road","highway":"trunk_link","lengthMeters":14.743,"osmWayIds":["828144430"],"u":"7731256548","v":"7731256547","key":0,"oneway":false,"source":"OpenStreetMap"},"geometry":{"type":"LineString","coordinates":[[95.3087735,5.5498047],[95.3088034,5.5499339]]}},{"type":"Feature","properties":{"segmentId":"osm-gaul2-73705-7735524585-3107886775-0","regionId":"gaul2-73705","province":"Nangroe Aceh Darussalam","region":"Kota Bandaaceh","roadName":"Jalan Teuku Muhammad Hasan","highway":"trunk","lengthMeters":317.268,"osmWayIds":["1008254034","1008254037","1008254038"],"u":"7735524585","v":"3107886775","key":0,"oneway":true,"source":"OpenStreetMap"},"geometry":{"type":"LineString","coordinates":[[95.3302797,5.5297493],[95.3302792,5.5295105],[95.3302789,5.5294162],[95.3302768,5.5288336],[95.3302757,5.5286147],[95.3302735,5.5281821],[95.330263,5.5268961]]}},{"type":"Feature","properties":{"segmentId":"osm-gaul2-73705-7735524585-3107899919-0","regionId":"gaul2-73705","province":"Nangroe Aceh Darussalam","region":"Kota Bandaaceh","roadName":"Unnamed OSM road","highway":"trunk_link","lengthMeters":7.901,"osmWayIds":["1008797252"],"u":"7735524585","v":"3107899919","key":0,"oneway":false,"source":"OpenStreetMap"},"geometry":{"type":"LineString","coordinates":[[95.3302797,5.5297493],[95.3302085,5.5297544]]}},{"type":"Feature","properties":{"segmentId":"osm-gaul2-73705-7735731505-3063910833-0","regionId":"gaul2-73705","province":"Nangroe Aceh Darussalam","region":"Kota Bandaaceh","roadName":"Jalan Sultan Alauddin Mahmudsyah","highway":"trunk","lengthMeters":174.217,"osmWayIds":["468639512"],"u":"7735731505","v":"3063910833","key":0,"oneway":true,"source":"OpenStreetMap"},"geometry":{"type":"LineString","coordinates":[[95.3195567,5.5474153],[95.319601,5.5474426],[95.3196841,5.5475107],[95.3198317,5.5476562],[95.320122,5.5480105],[95.3201595,5.5480748],[95.3201713,5.5483259],[95.3201842,5.5487438]]}},{"type":"Feature","properties":{"segmentId":"osm-gaul2-73705-7735731505-540959642-0","regionId":"gaul2-73705","province":"Nangroe Aceh Darussalam","region":"Kota Bandaaceh","roadName":"Unnamed OSM road","highway":"trunk_link","lengthMeters":8.789,"osmWayIds":["829534649"],"u":"7735731505","v":"540959642","key":0,"oneway":false,"source":"OpenStreetMap"},"geometry":{"type":"LineString","coordinates":[[95.3195567,5.5474153],[95.3195769,5.5473865],[95.3195862,5.5473679],[95.3195934,5.5473459]]}},{"type":"Feature","properties":{"segmentId":"osm-gaul2-73705-7735943143-2801548946-0","regionId":"gaul2-73705","province":"Nangroe Aceh Darussalam","region":"Kota Bandaaceh","roadName":"Jalan Diponegoro","highway":"secondary","lengthMeters":139.771,"osmWayIds":["507492706"],"u":"7735943143","v":"2801548946","key":0,"oneway":true,"source":"OpenStreetMap"},"geometry":{"type":"LineString","coordinates":[[95.3180528,5.5544587],[95.3188151,5.5539061],[95.3190704,5.5537143]]}},{"type":"Feature","properties":{"segmentId":"osm-gaul2-73705-7736925494-544527025-0","regionId":"gaul2-73705","province":"Nangroe Aceh Darussalam","region":"Kota Bandaaceh","roadName":"Jalan Soekarno-Hatta","highway":"trunk","lengthMeters":100.142,"osmWayIds":["507496055"],"u":"7736925494","v":"544527025","key":0,"oneway":true,"source":"OpenStreetMap"},"geometry":{"type":"LineString","coordinates":[[95.3233868,5.5157952],[95.3242625,5.5155687]]}},{"type":"Feature","properties":{"segmentId":"osm-gaul2-73705-7736925494-7736925495-0","regionId":"gaul2-73705","province":"Nangroe Aceh Darussalam","region":"Kota Bandaaceh","roadName":"Unnamed OSM road","highway":"trunk_link","lengthMeters":10.73,"osmWayIds":["828809627"],"u":"7736925494","v":"7736925495","key":0,"oneway":false,"source":"OpenStreetMap"},"geometry":{"type":"LineString","coordinates":[[95.3233868,5.5157952],[95.3233582,5.515703]]}},{"type":"Feature","properties":{"segmentId":"osm-gaul2-73705-7736925495-6134096222-0","regionId":"gaul2-73705","province":"Nangroe Aceh Darussalam","region":"Kota Bandaaceh","roadName":"Jalan Soekarno-Hatta","highway":"trunk","lengthMeters":501.39,"osmWayIds":["43324105"],"u":"7736925495","v":"6134096222","key":0,"oneway":true,"source":"OpenStreetMap"},"geometry":{"type":"LineString","coordinates":[[95.3233582,5.515703],[95.3227941,5.5158464],[95.321206,5.516265],[95.3209675,5.5163351],[95.319751,5.5166473],[95.3194911,5.5167137],[95.3189791,5.5168566]]}},{"type":"Feature","properties":{"segmentId":"osm-gaul2-73705-7736925495-7736925494-0","regionId":"gaul2-73705","province":"Nangroe Aceh Darussalam","region":"Kota Bandaaceh","roadName":"Unnamed OSM road","highway":"trunk_link","lengthMeters":10.73,"osmWayIds":["828809627"],"u":"7736925495","v":"7736925494","key":0,"oneway":false,"source":"OpenStreetMap"},"geometry":{"type":"LineString","coordinates":[[95.3233582,5.515703],[95.3233868,5.5157952]]}},{"type":"Feature","properties":{"segmentId":"osm-gaul2-73705-7739088898-3059966669-0","regionId":"gaul2-73705","province":"Nangroe Aceh Darussalam","region":"Kota Bandaaceh","roadName":"Jalan Profesor Ali Hasjmy","highway":"primary_link","lengthMeters":38.438,"osmWayIds":["301845036"],"u":"7739088898","v":"3059966669","key":0,"oneway":false,"source":"OpenStreetMap"},"geometry":{"type":"LineString","coordinates":[[95.348164,5.5343341],[95.3482456,5.5339981]]}},{"type":"Feature","properties":{"segmentId":"osm-gaul2-73705-7739088898-3059966709-0","regionId":"gaul2-73705","province":"Nangroe Aceh Darussalam","region":"Kota Bandaaceh","roadName":"Jalan Profesor Ali Hasjmy","highway":"primary_link","lengthMeters":180.143,"osmWayIds":["301845038"],"u":"7739088898","v":"3059966709","key":0,"oneway":true,"source":"OpenStreetMap"},"geometry":{"type":"LineString","coordinates":[[95.348164,5.5343341],[95.3482677,5.5341575],[95.3483416,5.5340318],[95.3483891,5.5339631],[95.3484411,5.5339037],[95.3484988,5.5338486],[95.3485585,5.5338056],[95.3486191,5.5337692],[95.3486782,5.5337489],[95.3487469,5.5337338],[95.349041,5.533719],[95.3492007,5.5336975],[95.3492917,5.5336804],[95.349489,5.533617]]}},{"type":"Feature","properties":{"segmentId":"osm-gaul2-73705-7739088899-3059966666-0","regionId":"gaul2-73705","province":"Nangroe Aceh Darussalam","region":"Kota Bandaaceh","roadName":"Jalan Profesor Ali Hasjmy","highway":"primary_link","lengthMeters":43.1,"osmWayIds":["301845032"],"u":"7739088899","v":"3059966666","key":0,"oneway":false,"source":"OpenStreetMap"},"geometry":{"type":"LineString","coordinates":[[95.3480443,5.5343385],[95.3481385,5.5339624]]}},{"type":"Feature","properties":{"segmentId":"osm-gaul2-73705-7739088899-3060053325-0","regionId":"gaul2-73705","province":"Nangroe Aceh Darussalam","region":"Kota Bandaaceh","roadName":"Jalan Profesor Ali Hasjmy","highway":"primary_link","lengthMeters":508.864,"osmWayIds":["1016018339","114780531","301845031"],"u":"7739088899","v":"3060053325","key":0,"oneway":true,"source":"OpenStreetMap"},"geometry":{"type":"LineString","coordinates":[[95.3480443,5.5343385],[95.3480343,5.5343951],[95.3479779,5.5348095],[95.3479055,5.5351813],[95.3478145,5.5355694],[95.3477421,5.5359506],[95.347644,5.5366083],[95.3475353,5.537504],[95.3475289,5.5375763],[95.3474357,5.5383451],[95.3473836,5.5388639]]}},{"type":"Feature","properties":{"segmentId":"osm-gaul2-73705-7739088908-3059966709-0","regionId":"gaul2-73705","province":"Nangroe Aceh Darussalam","region":"Kota Bandaaceh","roadName":"Jalan Banda Aceh-Medan","highway":"trunk","lengthMeters":356.802,"osmWayIds":["301841269"],"u":"7739088908","v":"3059966709","key":0,"oneway":true,"source":"OpenStreetMap"},"geometry":{"type":"LineString","coordinates":[[95.3462779,5.5337668],[95.3464525,5.5337364],[95.3472304,5.533619],[95.347461,5.5336003],[95.3477668,5.5335896],[95.349489,5.533617]]}},{"type":"Feature","properties":{"segmentId":"osm-gaul2-73705-7739088908-7739088899-0","regionId":"gaul2-73705","province":"Nangroe Aceh Darussalam","region":"Kota Bandaaceh","roadName":"Jalan Profesor Ali Hasjmy","highway":"primary_link","lengthMeters":245.716,"osmWayIds":["301845027"],"u":"7739088908","v":"7739088899","key":0,"oneway":true,"source":"OpenStreetMap"},"geometry":{"type":"LineString","coordinates":[[95.3462779,5.5337668],[95.3463738,5.5337966],[95.3464228,5.5338086],[95.3465019,5.5338139],[95.3465934,5.5338119],[95.3471104,5.5337579],[95.347276,5.5337445],[95.3474344,5.5337437],[95.3477052,5.5337579],[95.3478286,5.5337812],[95.3479057,5.5338119],[95.3479546,5.5338493],[95.3479937,5.5338971],[95.3480203,5.5339594],[95.3480331,5.5340168],[95.3480386,5.5340781],[95.3480443,5.5343385]]}},{"type":"Feature","properties":{"segmentId":"osm-gaul2-73705-9234392245-2801171130-0","regionId":"gaul2-73705","province":"Nangroe Aceh Darussalam","region":"Kota Bandaaceh","roadName":"Jalan Tengku Dilhong 2","highway":"tertiary","lengthMeters":1109.707,"osmWayIds":["275510057","418331303","418331306","677682365","677682366","771840607"],"u":"9234392245","v":"2801171130","key":0,"oneway":false,"source":"OpenStreetMap"},"geometry":{"type":"LineString","coordinates":[[95.3205966,5.5260056],[95.3208955,5.5260795],[95.3209267,5.5260884],[95.3214484,5.5262376],[95.3215537,5.5262669],[95.3219024,5.5263707],[95.3219869,5.526395],[95.3222873,5.5264815],[95.3229062,5.5266711],[95.3232428,5.5267712],[95.3236431,5.5269254],[95.323914,5.5270442],[95.324085,5.5271663],[95.3242305,5.5272651],[95.3243056,5.5273095],[95.3244353,5.5273672],[95.3245711,5.5274343],[95.3245949,5.5274506],[95.32461,5.527468],[95.3246184,5.527496],[95.3246301,5.5275815],[95.3245939,5.5279392],[95.3245369,5.528329],[95.3245363,5.5283764],[95.3245474,5.5284297],[95.3245854,5.5285041],[95.3246234,5.5285786],[95.3246657,5.5286474],[95.3247052,5.5287655],[95.3247172,5.5289485],[95.3247133,5.5290652],[95.3247119,5.5290925],[95.3246939,5.5293121],[95.3246969,5.5293531],[95.3247187,5.5294143],[95.3248179,5.5295764],[95.3248347,5.5296158],[95.3248387,5.5296565],[95.324787,5.5300203],[95.3246798,5.5304807],[95.3246516,5.5305782],[95.3246368,5.530665],[95.3246335,5.5307124],[95.3246375,5.5307678],[95.3246523,5.5308292],[95.3246697,5.5308826],[95.3250368,5.5314135],[95.3252948,5.5316288],[95.3253555,5.5316782],[95.3257235,5.5319772],[95.3257865,5.5320396],[95.3258412,5.532104],[95.32587,5.5321774],[95.3258854,5.5322154],[95.3259055,5.5322461],[95.3259316,5.5322649],[95.3261422,5.5323149],[95.3261831,5.5323252],[95.3262099,5.5323319]]}},{"type":"Feature","properties":{"segmentId":"osm-gaul2-73705-9234392245-7720635433-0","regionId":"gaul2-73705","province":"Nangroe Aceh Darussalam","region":"Kota Bandaaceh","roadName":"Jalan Tengku Dilhong 2","highway":"tertiary","lengthMeters":25.212,"osmWayIds":["771840607"],"u":"9234392245","v":"7720635433","key":0,"oneway":false,"source":"OpenStreetMap"},"geometry":{"type":"LineString","coordinates":[[95.3205966,5.5260056],[95.3203772,5.5259446]]}},{"type":"Feature","properties":{"segmentId":"osm-gaul2-73705-9326046425-6347376464-0","regionId":"gaul2-73705","province":"Nangroe Aceh Darussalam","region":"Kota Bandaaceh","roadName":"Jalan Lingkar","highway":"tertiary","lengthMeters":6.407,"osmWayIds":["43718605"],"u":"9326046425","v":"6347376464","key":0,"oneway":true,"source":"OpenStreetMap"},"geometry":{"type":"LineString","coordinates":[[95.3719134,5.5647419],[95.3718611,5.5647172]]}},{"type":"Feature","properties":{"segmentId":"osm-gaul2-73705-9326046426-3162488427-0","regionId":"gaul2-73705","province":"Nangroe Aceh Darussalam","region":"Kota Bandaaceh","roadName":"Unnamed OSM road","highway":"tertiary","lengthMeters":877.434,"osmWayIds":["310763408"],"u":"9326046426","v":"3162488427","key":0,"oneway":true,"source":"OpenStreetMap"},"geometry":{"type":"LineString","coordinates":[[95.3718939,5.5648027],[95.3719889,5.5648475],[95.3721562,5.5649533],[95.3723882,5.5651241],[95.3728596,5.5654591],[95.3729944,5.5655452],[95.3730427,5.5655696],[95.3730896,5.5655863],[95.3731604,5.565603],[95.3732425,5.5656123],[95.3735308,5.5656193],[95.3741172,5.565617],[95.3750796,5.5656417],[95.375136,5.5656477],[95.3751965,5.5656585],[95.3753011,5.5656884],[95.3753903,5.5657274],[95.375452,5.5657685],[95.3755628,5.5658853],[95.3757326,5.5661115],[95.3757862,5.5661876],[95.3759405,5.5664285],[95.3761512,5.5668546],[95.3762684,5.5670756],[95.3762984,5.56712],[95.3763529,5.5671792],[95.3763889,5.5672095],[95.3765235,5.5673121],[95.3768849,5.5675758],[95.3769245,5.5676091],[95.3769785,5.5676659],[95.3770388,5.5677533],[95.3771316,5.567923],[95.3773852,5.5685044],[95.3775119,5.5687774],[95.3776874,5.5691111]]}},{"type":"Feature","properties":{"segmentId":"osm-gaul2-73705-9326046426-9326046425-0","regionId":"gaul2-73705","province":"Nangroe Aceh Darussalam","region":"Kota Bandaaceh","roadName":"Jalan Hasan Krueng Kalee","highway":"tertiary","lengthMeters":7.097,"osmWayIds":["1010854421"],"u":"9326046426","v":"9326046425","key":0,"oneway":true,"source":"OpenStreetMap"},"geometry":{"type":"LineString","coordinates":[[95.3718939,5.5648027],[95.3719134,5.5647419]]}}]}