{"type":"FeatureCollection","metadata":{"source":"OpenStreetMap contributors","sourceUrl":"https://www.openstreetmap.org","license":"ODbL 1.0","retrievedAt":"2026-08-12","method":"OSMnx graph_from_polygon; full selected GAUL level-2 polygon; logistics road filter","highwayFilter":"[\"highway\"~\"motorway|motorway_link|trunk|trunk_link|primary|primary_link|secondary|secondary_link|tertiary|tertiary_link\"]","networkType":"drive","simplifyGraph":true,"retainAllComponents":true,"regionId":"gaul2-73682","province":"Kalimantan Selatan","region":"Hulusungai Utara","graphNodes":118,"directedSegments":265,"roadCategories":{"primary":88,"primary_link":15,"secondary":22,"tertiary":106,"tertiary_link":4,"trunk":30},"runtimeExternalDependency":null,"processedContentSha256":"b054c7cc8d46930b06691dad2500edfea97370d489f74f73c26082ffe7da746d","overpassEndpoint":"https://z.overpass-api.de/api"},"features":[{"type":"Feature","properties":{"segmentId":"osm-gaul2-73682-11494591684-2535019974-0","regionId":"gaul2-73682","province":"Kalimantan Selatan","region":"Hulusungai Utara","roadName":"Unnamed OSM road","highway":"primary","lengthMeters":4.298,"osmWayIds":["246462402"],"u":"11494591684","v":"2535019974","key":0,"oneway":true,"source":"OpenStreetMap"},"geometry":{"type":"LineString","coordinates":[[115.25401,-2.4197448],[115.25398,-2.4197692]]}},{"type":"Feature","properties":{"segmentId":"osm-gaul2-73682-13097776667-13097776668-0","regionId":"gaul2-73682","province":"Kalimantan Selatan","region":"Hulusungai Utara","roadName":"Unnamed OSM road","highway":"primary_link","lengthMeters":5.364,"osmWayIds":["1424945532"],"u":"13097776667","v":"13097776668","key":0,"oneway":true,"source":"OpenStreetMap"},"geometry":{"type":"LineString","coordinates":[[115.2529568,-2.4229818],[115.2529186,-2.4229523]]}},{"type":"Feature","properties":{"segmentId":"osm-gaul2-73682-13097776667-7183300471-0","regionId":"gaul2-73682","province":"Kalimantan Selatan","region":"Hulusungai Utara","roadName":"Jalan Norman Umar","highway":"primary","lengthMeters":128.033,"osmWayIds":["246462408"],"u":"13097776667","v":"7183300471","key":0,"oneway":true,"source":"OpenStreetMap"},"geometry":{"type":"LineString","coordinates":[[115.2529568,-2.4229818],[115.2527732,-2.4232365],[115.2527518,-2.4232673],[115.2527136,-2.4233095],[115.2526835,-2.4233387],[115.2526204,-2.4233999],[115.2524877,-2.4235325],[115.2524628,-2.4235574],[115.2524138,-2.4236029],[115.252379,-2.4236311],[115.2523287,-2.4236686],[115.25215,-2.4237908]]}},{"type":"Feature","properties":{"segmentId":"osm-gaul2-73682-13097776668-13097857012-0","regionId":"gaul2-73682","province":"Kalimantan Selatan","region":"Hulusungai Utara","roadName":"Jalan Norman Umar","highway":"primary","lengthMeters":84.078,"osmWayIds":["246462405"],"u":"13097776668","v":"13097857012","key":0,"oneway":true,"source":"OpenStreetMap"},"geometry":{"type":"LineString","coordinates":[[115.2529186,-2.4229523],[115.2531937,-2.4225638],[115.2533617,-2.4223394]]}},{"type":"Feature","properties":{"segmentId":"osm-gaul2-73682-13097836053-13097836054-0","regionId":"gaul2-73682","province":"Kalimantan Selatan","region":"Hulusungai Utara","roadName":"Unnamed OSM road","highway":"primary_link","lengthMeters":4.755,"osmWayIds":["1424943323"],"u":"13097836053","v":"13097836054","key":0,"oneway":true,"source":"OpenStreetMap"},"geometry":{"type":"LineString","coordinates":[[115.2497675,-2.4252535],[115.2497452,-2.425217]]}},{"type":"Feature","properties":{"segmentId":"osm-gaul2-73682-13097836053-2535020093-0","regionId":"gaul2-73682","province":"Kalimantan Selatan","region":"Hulusungai Utara","roadName":"Jalan Norman Umar","highway":"primary","lengthMeters":78.749,"osmWayIds":["246462408"],"u":"13097836053","v":"2535020093","key":0,"oneway":true,"source":"OpenStreetMap"},"geometry":{"type":"LineString","coordinates":[[115.2497675,-2.4252535],[115.2496711,-2.4253116],[115.2495578,-2.4253799],[115.2492562,-2.4255647],[115.2491623,-2.4256222]]}},{"type":"Feature","properties":{"segmentId":"osm-gaul2-73682-13097836054-7183300475-0","regionId":"gaul2-73682","province":"Kalimantan Selatan","region":"Hulusungai Utara","roadName":"Jalan Norman Umar","highway":"primary","lengthMeters":125.554,"osmWayIds":["246462405"],"u":"13097836054","v":"7183300475","key":0,"oneway":true,"source":"OpenStreetMap"},"geometry":{"type":"LineString","coordinates":[[115.2497452,-2.425217],[115.2497635,-2.4252059],[115.250301,-2.4248803],[115.2505105,-2.4247534],[115.2507116,-2.4246316]]}},{"type":"Feature","properties":{"segmentId":"osm-gaul2-73682-13097857011-13097776667-0","regionId":"gaul2-73682","province":"Kalimantan Selatan","region":"Hulusungai Utara","roadName":"Jalan Norman Umar","highway":"primary","lengthMeters":84.307,"osmWayIds":["246462408"],"u":"13097857011","v":"13097776667","key":0,"oneway":true,"source":"OpenStreetMap"},"geometry":{"type":"LineString","coordinates":[[115.2534002,-2.4223665],[115.2532594,-2.4225619],[115.2529568,-2.4229818]]}},{"type":"Feature","properties":{"segmentId":"osm-gaul2-73682-13097857011-13097857012-0","regionId":"gaul2-73682","province":"Kalimantan Selatan","region":"Hulusungai Utara","roadName":"Unnamed OSM road","highway":"primary_link","lengthMeters":5.232,"osmWayIds":["1424946314"],"u":"13097857011","v":"13097857012","key":0,"oneway":true,"source":"OpenStreetMap"},"geometry":{"type":"LineString","coordinates":[[115.2534002,-2.4223665],[115.2533617,-2.4223394]]}},{"type":"Feature","properties":{"segmentId":"osm-gaul2-73682-13097857012-2535020031-0","regionId":"gaul2-73682","province":"Kalimantan Selatan","region":"Hulusungai Utara","roadName":"Jalan Norman Umar","highway":"primary","lengthMeters":71.602,"osmWayIds":["246462405"],"u":"13097857012","v":"2535020031","key":0,"oneway":true,"source":"OpenStreetMap"},"geometry":{"type":"LineString","coordinates":[[115.2533617,-2.4223394],[115.2533746,-2.4223222],[115.2534237,-2.4222476],[115.2535455,-2.4220709],[115.2537167,-2.4218021]]}},{"type":"Feature","properties":{"segmentId":"osm-gaul2-73682-13807761562-2536527453-0","regionId":"gaul2-73682","province":"Kalimantan Selatan","region":"Hulusungai Utara","roadName":"Unnamed OSM road","highway":"tertiary","lengthMeters":6092.808,"osmWayIds":["246643425","246644009"],"u":"13807761562","v":"2536527453","key":0,"oneway":false,"source":"OpenStreetMap"},"geometry":{"type":"LineString","coordinates":[[115.2311835,-2.3888547],[115.2313162,-2.3888728],[115.2314135,-2.3888641],[115.231468,-2.3888453],[115.2320144,-2.3885753],[115.2322162,-2.3884641],[115.2322832,-2.3884226],[115.2323713,-2.3883243],[115.2324461,-2.3881961],[115.2329456,-2.3873802],[115.2329826,-2.3873122],[115.2333105,-2.3867785],[115.2336161,-2.3862577],[115.2337078,-2.3861085],[115.2338482,-2.3859946],[115.2339118,-2.3859485],[115.2339663,-2.3859156],[115.2341826,-2.3858225],[115.2343056,-2.3857702],[115.2343284,-2.3857548],[115.2343493,-2.3857331],[115.2343753,-2.3856858],[115.2343887,-2.3856371],[115.2344107,-2.3854772],[115.2344687,-2.3849819],[115.2345281,-2.3845039],[115.2345514,-2.3842677],[115.2345952,-2.3840504],[115.2346602,-2.3838101],[115.2347077,-2.3836274],[115.2347548,-2.3834863],[115.2348282,-2.3833296],[115.2350895,-2.3828617],[115.2355019,-2.382091],[115.2355233,-2.3820418],[115.2355441,-2.3819742],[115.235536,-2.381913],[115.2355045,-2.3818475],[115.2354613,-2.3817939],[115.2352215,-2.3815328],[115.2351049,-2.381381],[115.2350888,-2.3813196],[115.2350887,-2.3812756],[115.2351014,-2.381179],[115.2351135,-2.3811295],[115.2351344,-2.381061],[115.2351577,-2.3810005],[115.2352926,-2.3807059],[115.2353001,-2.3806902],[115.2354203,-2.3804401],[115.2356481,-2.3799486],[115.2357633,-2.3796848],[115.235819,-2.3795522],[115.235857,-2.3794195],[115.2359083,-2.3791698],[115.2360061,-2.378704],[115.2360409,-2.3784896],[115.2360949,-2.378251],[115.2363767,-2.3772225],[115.2364258,-2.3771041],[115.2364894,-2.3769706],[115.236825,-2.3762831],[115.2368376,-2.3762573],[115.2372082,-2.3756521],[115.2375408,-2.3750786],[115.2380581,-2.3743375],[115.2381439,-2.3741598],[115.2381939,-2.3739469],[115.2382189,-2.3738775],[115.2382496,-2.3738242],[115.2384558,-2.3737976],[115.2385635,-2.373773],[115.2386372,-2.3737361],[115.2391212,-2.373461],[115.2392274,-2.3734085],[115.2393414,-2.3733764],[115.2394715,-2.3733563],[115.2395984,-2.3733601],[115.2398081,-2.3733751],[115.2400723,-2.3734045],[115.2404493,-2.3734674],[115.2405557,-2.3734869],[115.2406628,-2.3735242],[115.2408635,-2.373651],[115.2412386,-2.3738468],[115.2413222,-2.3738913],[115.2413872,-2.3739063],[115.2414454,-2.3739061],[115.2416754,-2.3738889],[115.2418835,-2.3738722],[115.2420135,-2.3738695],[115.2420846,-2.3738909],[115.2421818,-2.3739291],[115.242322,-2.373984],[115.2426002,-2.3741033],[115.2430078,-2.3743285],[115.2432212,-2.3744818],[115.2434504,-2.3746827],[115.2438501,-2.3750472],[115.2443102,-2.3753983],[115.2446883,-2.3757414],[115.2450188,-2.3760858],[115.2451564,-2.3762224],[115.245277,-2.3763612],[115.245497,-2.3765922],[115.2455896,-2.3767088],[115.2456449,-2.3768196],[115.2457076,-2.376954],[115.2458077,-2.3770954],[115.2458658,-2.3771336],[115.2459718,-2.3771684],[115.2461542,-2.3771724],[115.2462722,-2.3771765],[115.2464589,-2.3772086],[115.2467013,-2.3773265],[115.2469363,-2.3774723],[115.247266,-2.3777473],[115.2473932,-2.3778805],[115.2475409,-2.3780233],[115.2475989,-2.3780969],[115.2476508,-2.3781627],[115.2478596,-2.3784321],[115.2479123,-2.3785218],[115.2479848,-2.3786249],[115.2482163,-2.3788155],[115.2484381,-2.3790618],[115.2485754,-2.379282],[115.2487492,-2.3796192],[115.2488676,-2.3799608],[115.2489128,-2.3801712],[115.2489017,-2.3803818],[115.248886,-2.3805839],[115.2488749,-2.3808721],[115.2487492,-2.3816693],[115.2485328,-2.3824421],[115.2484998,-2.3827305],[115.2484901,-2.3830308],[115.2485304,-2.3833756],[115.2485681,-2.3837889],[115.248569,-2.383835],[115.2485626,-2.3841797],[115.2485561,-2.3845234],[115.248496,-2.3852676],[115.2484649,-2.3856061],[115.2484831,-2.385957],[115.2484993,-2.3861321],[115.248717,-2.3872569],[115.2488458,-2.387892],[115.2490058,-2.3885694],[115.2490201,-2.3887469],[115.2490225,-2.3888616],[115.249008,-2.3889613],[115.248945,-2.3891221],[115.2488377,-2.389457],[115.2486244,-2.3899909],[115.24854,-2.3901404],[115.2483922,-2.3902471],[115.2481913,-2.390332],[115.2479553,-2.3904044],[115.2475053,-2.39054],[115.2474332,-2.3905617],[115.247038,-2.3907514],[115.2468556,-2.3908492],[115.2466464,-2.3910182],[115.2464009,-2.3912928],[115.2462682,-2.3915232],[115.2462427,-2.3916947],[115.2462507,-2.3918073],[115.246291,-2.3919453],[115.246582,-2.3925711],[115.246759,-2.3929087],[115.2469614,-2.3932626],[115.247097,-2.3935063],[115.2472941,-2.3937789],[115.2474014,-2.393907],[115.2475288,-2.3940423],[115.2479143,-2.3944457],[115.2479501,-2.3945069],[115.2480036,-2.3945984],[115.2480718,-2.3947698],[115.2481144,-2.3951334],[115.2482102,-2.3959465],[115.2482007,-2.3960602],[115.2481779,-2.396209],[115.2480988,-2.396431],[115.2479499,-2.3967449],[115.2478413,-2.3970022],[115.2477837,-2.3972258],[115.2477367,-2.3974987],[115.2477227,-2.3976874],[115.2477085,-2.3978852],[115.2476988,-2.3980869],[115.2476952,-2.3981627],[115.247683,-2.3984011],[115.2476602,-2.3985177],[115.2476247,-2.3986592],[115.2475798,-2.3987428],[115.2474923,-2.3988426],[115.2474027,-2.3989063],[115.2473115,-2.3989572],[115.2470111,-2.3990483],[115.2467228,-2.3991086],[115.2464734,-2.3991541],[115.2462682,-2.399197],[115.2460161,-2.3992734],[115.2457245,-2.3993773],[115.2454099,-2.3995065],[115.2451416,-2.3996566]]}},{"type":"Feature","properties":{"segmentId":"osm-gaul2-73682-13807761562-2536527453-1","regionId":"gaul2-73682","province":"Kalimantan Selatan","region":"Hulusungai Utara","roadName":"Unnamed OSM road","highway":"tertiary","lengthMeters":4040.898,"osmWayIds":["1061070364","1061070372","1510452904","1510452905","1510452906","246643425"],"u":"13807761562","v":"2536527453","key":1,"oneway":false,"source":"OpenStreetMap"},"geometry":{"type":"LineString","coordinates":[[115.2311835,-2.3888547],[115.2311513,-2.3888688],[115.2310896,-2.3888618],[115.2310383,-2.3888501],[115.2309223,-2.3888196],[115.2309038,-2.3888194],[115.2308971,-2.3888239],[115.230874,-2.3888598],[115.2308422,-2.388909],[115.230812,-2.3889921],[115.2307905,-2.3890979],[115.2307691,-2.3893177],[115.2307409,-2.3895307],[115.2307074,-2.3896473],[115.2306403,-2.3897746],[115.2305102,-2.3899783],[115.230301,-2.3901726],[115.2301508,-2.3902878],[115.2299362,-2.3903963],[115.2295902,-2.3905732],[115.2294187,-2.3906807],[115.2292442,-2.3908144],[115.2287735,-2.3911842],[115.2281305,-2.3917557],[115.2280761,-2.3918301],[115.2280314,-2.3919184],[115.2276572,-2.3927462],[115.2274251,-2.3933423],[115.2272174,-2.3937572],[115.2268908,-2.3944232],[115.2265633,-2.3948831],[115.2264145,-2.3950968],[115.2260604,-2.3956676],[115.2257386,-2.3962787],[115.2254918,-2.3965815],[115.225285,-2.3969892],[115.2249841,-2.3975645],[115.2247998,-2.3978973],[115.2245986,-2.3981385],[115.2244243,-2.3983261],[115.2242272,-2.398578],[115.2240824,-2.3988154],[115.2240676,-2.3988768],[115.2240746,-2.3989199],[115.2240944,-2.3989666],[115.2241258,-2.3989992],[115.2244435,-2.3991772],[115.2254874,-2.3997729],[115.2259961,-2.4000412],[115.2263314,-2.4001779],[115.2266508,-2.4003457],[115.2269468,-2.4005789],[115.2271534,-2.4008364],[115.2273399,-2.4010381],[115.2274391,-2.401156],[115.2275948,-2.4012722],[115.2277771,-2.4013543],[115.2281925,-2.4013944],[115.228638,-2.4014092],[115.2291424,-2.4014026],[115.2293998,-2.4013851],[115.2295459,-2.401346],[115.2297726,-2.4012485],[115.2301405,-2.4010065],[115.2302286,-2.4009242],[115.2303037,-2.400817],[115.2304378,-2.4005544],[115.2305826,-2.4003346],[115.2307641,-2.4001138],[115.2309125,-2.3999085],[115.2311031,-2.3997052],[115.2314704,-2.3993484],[115.2316904,-2.3991796],[115.2318999,-2.3990007],[115.2320686,-2.3987749],[115.2322003,-2.3986303],[115.2324602,-2.3984694],[115.2326372,-2.398373],[115.2327859,-2.3983349],[115.2329912,-2.3983462],[115.2331895,-2.398437],[115.2341964,-2.3988637],[115.2345999,-2.3989485],[115.2351449,-2.3989839],[115.2354106,-2.3990483],[115.2356829,-2.3991678],[115.2365677,-2.3995567],[115.2369063,-2.3996174],[115.2372805,-2.3996817],[115.2376442,-2.399735],[115.2378546,-2.3997613],[115.2382175,-2.3998067],[115.2387285,-2.3998777],[115.2394768,-2.3999661],[115.2404598,-2.4000653],[115.2415138,-2.4001687],[115.2417285,-2.4002047],[115.2421671,-2.4003065],[115.2423267,-2.4003333],[115.2425372,-2.4003413],[115.2426646,-2.4003507],[115.2429382,-2.4003386],[115.2434089,-2.4003105],[115.2435953,-2.4002676],[115.2438435,-2.4002033],[115.2441205,-2.4001223],[115.2451416,-2.3996566]]}},{"type":"Feature","properties":{"segmentId":"osm-gaul2-73682-13807761562-2536534325-0","regionId":"gaul2-73682","province":"Kalimantan Selatan","region":"Hulusungai Utara","roadName":"Unnamed OSM road","highway":"tertiary","lengthMeters":27.301,"osmWayIds":["246644009"],"u":"13807761562","v":"2536534325","key":0,"oneway":false,"source":"OpenStreetMap"},"geometry":{"type":"LineString","coordinates":[[115.2311835,-2.3888547],[115.2311401,-2.3888381],[115.2309563,-2.3887612]]}},{"type":"Feature","properties":{"segmentId":"osm-gaul2-73682-2528780034-2528793970-0","regionId":"gaul2-73682","province":"Kalimantan Selatan","region":"Hulusungai Utara","roadName":"Jalan Sungai Durian","highway":"secondary","lengthMeters":5089.113,"osmWayIds":["245748419","351550585"],"u":"2528780034","v":"2528793970","key":0,"oneway":false,"source":"OpenStreetMap"},"geometry":{"type":"LineString","coordinates":[[115.278305,-2.3880584],[115.2787001,-2.3870398],[115.2787367,-2.3868814],[115.2787752,-2.3866633],[115.2788055,-2.3863938],[115.2788128,-2.3862868],[115.2788155,-2.3861997],[115.2788044,-2.386093],[115.2787739,-2.3859906],[115.2787243,-2.3859049],[115.2786881,-2.3858647],[115.2784386,-2.3856791],[115.2783642,-2.3856034],[115.2783226,-2.3855531],[115.2782864,-2.3854962],[115.2782293,-2.3853801],[115.2781308,-2.3851574],[115.2778055,-2.384422],[115.2777466,-2.3842433],[115.2777144,-2.3841013],[115.2777059,-2.3839984],[115.2777077,-2.3838387],[115.2777118,-2.3837568],[115.2777143,-2.3837079],[115.2777223,-2.3833379],[115.2777238,-2.3831151],[115.2777359,-2.3830468],[115.2777533,-2.3829825],[115.2778016,-2.3828672],[115.2779988,-2.3824831],[115.2782659,-2.3813601],[115.2782777,-2.3812633],[115.2782809,-2.3811761],[115.2782764,-2.3810904],[115.2782683,-2.3809712],[115.2782449,-2.38087],[115.2780966,-2.3804994],[115.2776729,-2.379453],[115.277634,-2.3793713],[115.2774207,-2.3790833],[115.2770797,-2.3786489],[115.2770378,-2.3785955],[115.2769218,-2.3784226],[115.2768049,-2.3781925],[115.2765932,-2.377725],[115.2762942,-2.3770867],[115.2762452,-2.3769838],[115.2761882,-2.3767707],[115.2760488,-2.3759906],[115.2760233,-2.3758807],[115.2759874,-2.3757464],[115.2759804,-2.375665],[115.2759842,-2.3755824],[115.2760032,-2.3755055],[115.2760267,-2.3754432],[115.2760602,-2.375403],[115.2761051,-2.3753608],[115.2761487,-2.3753367],[115.2762151,-2.3753079],[115.2762874,-2.375293],[115.2766087,-2.3752732],[115.2770291,-2.3752516],[115.2770647,-2.3752483],[115.2771176,-2.3752402],[115.2771807,-2.3752201],[115.2772424,-2.3751893],[115.2775635,-2.3750329],[115.2778418,-2.374853],[115.2778767,-2.3748168],[115.2780913,-2.3744564],[115.2781148,-2.3744235],[115.2781453,-2.3743974],[115.2781865,-2.3743733],[115.2782348,-2.3743532],[115.278637,-2.3742103],[115.2787001,-2.3741736],[115.2787645,-2.3741374],[115.2788329,-2.3740637],[115.2788651,-2.3739954],[115.2789267,-2.373685],[115.2789563,-2.3735231],[115.2789596,-2.3734775],[115.2789543,-2.3734186],[115.2789415,-2.3733616],[115.2789254,-2.3733221],[115.2788973,-2.3732819],[115.2788644,-2.373247],[115.2788274,-2.3732194],[115.2785529,-2.3730042],[115.2783052,-2.3727941],[115.2782784,-2.372764],[115.2782462,-2.3727245],[115.2782227,-2.3726829],[115.2782093,-2.3726508],[115.2782006,-2.3726153],[115.2781959,-2.3725798],[115.2781969,-2.3725498],[115.2782904,-2.3720052],[115.2782938,-2.3719808],[115.2782931,-2.3719607],[115.2782878,-2.3719406],[115.2782412,-2.371778],[115.2782368,-2.3717563],[115.2782348,-2.3717342],[115.2782397,-2.3714857],[115.2782502,-2.3714455],[115.2782616,-2.3714173],[115.2782784,-2.3713896],[115.2782938,-2.3713698],[115.2783407,-2.3713148],[115.2783877,-2.3712746],[115.278408,-2.3712584],[115.2785938,-2.3711491],[115.2786775,-2.3710872],[115.2787102,-2.3710522],[115.2787276,-2.3710207],[115.2787457,-2.3709819],[115.2787629,-2.3709452],[115.2789229,-2.3704032],[115.2791422,-2.3698509],[115.2791615,-2.3697598],[115.2791959,-2.3695362],[115.2792453,-2.3691852],[115.279254,-2.36913],[115.2792738,-2.3690553],[115.2793077,-2.3689907],[115.2793546,-2.368929],[115.2794094,-2.3688826],[115.279719,-2.368631],[115.2797489,-2.3685954],[115.2797784,-2.3685472],[115.2797943,-2.3685087],[115.2799191,-2.3681282],[115.279938,-2.3680829],[115.2799668,-2.3680413],[115.2800026,-2.3680074],[115.280654,-2.3674998],[115.2806997,-2.3674591],[115.2807467,-2.3673841],[115.2807856,-2.3672983],[115.2808016,-2.367212],[115.2808111,-2.366851],[115.2808231,-2.3668025],[115.2808466,-2.3667527],[115.2808835,-2.3667074],[115.2809331,-2.3666712],[115.2815231,-2.3663313],[115.2815661,-2.366292],[115.2816067,-2.3662376],[115.2816318,-2.3661835],[115.2816555,-2.3661115],[115.281664,-2.3660548],[115.28166,-2.3659842],[115.2816372,-2.3659222],[115.2816037,-2.3658447],[115.28144,-2.3654438],[115.2813193,-2.365157],[115.2811129,-2.3645982],[115.2808021,-2.3637016],[115.280759,-2.3635661],[115.2807595,-2.3634266],[115.2808203,-2.3632977],[115.2813247,-2.3626058],[115.281786,-2.3619492],[115.2818691,-2.3617916],[115.2819281,-2.3616021],[115.2819415,-2.3614699],[115.2819064,-2.3607105],[115.2818242,-2.3595746],[115.2817844,-2.3594121],[115.281729,-2.3591004],[115.2817312,-2.3589949],[115.2817726,-2.3588137],[115.2818826,-2.3585081],[115.2821454,-2.3578167],[115.2821586,-2.3576247],[115.2821661,-2.3574274],[115.2821659,-2.3572586],[115.2821307,-2.3571357],[115.2820355,-2.3569163],[115.2817874,-2.3564382],[115.2813729,-2.3557699],[115.2810241,-2.355312],[115.2809843,-2.3552185],[115.2805944,-2.354026],[115.2805786,-2.3538793],[115.2804909,-2.3527875],[115.2804744,-2.3524649],[115.2804288,-2.3522907],[115.2803439,-2.3520925],[115.2801207,-2.3515919],[115.2795011,-2.3502561],[115.2793702,-2.3499059],[115.2793641,-2.3497473],[115.279404,-2.3496116],[115.2795891,-2.3493302],[115.279743,-2.3490625],[115.2798251,-2.3487674],[115.2798382,-2.3485088],[115.2798106,-2.3483217]]}},{"type":"Feature","properties":{"segmentId":"osm-gaul2-73682-2528780034-3076205666-0","regionId":"gaul2-73682","province":"Kalimantan Selatan","region":"Hulusungai Utara","roadName":"Jalan Poros Amuntai-Tanjung","highway":"trunk","lengthMeters":463.403,"osmWayIds":["1349151108"],"u":"2528780034","v":"3076205666","key":0,"oneway":false,"source":"OpenStreetMap"},"geometry":{"type":"LineString","coordinates":[[115.278305,-2.3880584],[115.2782308,-2.3880515],[115.2781436,-2.3880582],[115.2779263,-2.3880984],[115.2776118,-2.3881305],[115.2774301,-2.3881359],[115.2771941,-2.3881613],[115.2765477,-2.3882417],[115.2763411,-2.3882819],[115.2760836,-2.3883543],[115.2758986,-2.3884293],[115.2743483,-2.3891824]]}},{"type":"Feature","properties":{"segmentId":"osm-gaul2-73682-2528780034-5913237637-0","regionId":"gaul2-73682","province":"Kalimantan Selatan","region":"Hulusungai Utara","roadName":"Poros Amuntai-Tanjung","highway":"trunk","lengthMeters":1029.957,"osmWayIds":["1349151109","312027490","564210782"],"u":"2528780034","v":"5913237637","key":0,"oneway":false,"source":"OpenStreetMap"},"geometry":{"type":"LineString","coordinates":[[115.278305,-2.3880584],[115.2784716,-2.3881614],[115.27854,-2.388298],[115.2785769,-2.3883763],[115.2786942,-2.3885923],[115.2787859,-2.3887013],[115.2788973,-2.3887643],[115.2789627,-2.388829],[115.2791803,-2.3889907],[115.2796202,-2.3892767],[115.2797556,-2.3893418],[115.2798803,-2.3893914],[115.2799346,-2.3894075],[115.2799903,-2.3894169],[115.2808256,-2.3894386],[115.2815909,-2.3894249],[115.2816419,-2.3894303],[115.2816989,-2.3894383],[115.2830907,-2.3897109],[115.2831821,-2.389725],[115.2832753,-2.3897337],[115.2833773,-2.3897215],[115.2834678,-2.3896956],[115.2835958,-2.3896513],[115.2836499,-2.389626],[115.2837628,-2.3895535],[115.2841048,-2.3892922],[115.2843878,-2.3890792],[115.2844723,-2.3890283],[115.2846935,-2.3889251],[115.2849134,-2.388841],[115.2850771,-2.3887857],[115.2854459,-2.3887053],[115.2857865,-2.3886651],[115.2859716,-2.3886607],[115.2867213,-2.3887067]]}},{"type":"Feature","properties":{"segmentId":"osm-gaul2-73682-2528780052-3076205666-0","regionId":"gaul2-73682","province":"Kalimantan Selatan","region":"Hulusungai Utara","roadName":"Jalan Poros Amuntai-Tanjung","highway":"trunk","lengthMeters":2008.29,"osmWayIds":["564210783"],"u":"2528780052","v":"3076205666","key":0,"oneway":false,"source":"OpenStreetMap"},"geometry":{"type":"LineString","coordinates":[[115.2624262,-2.4002775],[115.2623897,-2.3999501],[115.2623871,-2.3998698],[115.2623789,-2.3996178],[115.2623467,-2.398984],[115.2623561,-2.3987535],[115.2624728,-2.3976333],[115.2625224,-2.3973144],[115.2625801,-2.3971764],[115.262631,-2.397092],[115.262745,-2.3969392],[115.2628563,-2.3968267],[115.2630213,-2.3966632],[115.2634629,-2.3962427],[115.2635363,-2.3961728],[115.2637334,-2.396],[115.263893,-2.3958954],[115.2641699,-2.3957795],[115.2642806,-2.3957487],[115.2644395,-2.3957045],[115.2645629,-2.3956851],[115.2650477,-2.3956395],[115.2651123,-2.3956346],[115.265812,-2.395581],[115.2659191,-2.3955764],[115.2662037,-2.3955437],[115.2664713,-2.3954948],[115.2666758,-2.3954573],[115.2668642,-2.3954372],[115.2672082,-2.3954224],[115.2675167,-2.3954124],[115.2678177,-2.3954023],[115.2679076,-2.3953876],[115.2680176,-2.3953501],[115.2682328,-2.3952637],[115.2683716,-2.3951792],[115.2684367,-2.3951317],[115.2685024,-2.3950741],[115.2685507,-2.3950231],[115.2687398,-2.3948034],[115.2687753,-2.3947525],[115.2695679,-2.3936095],[115.2697207,-2.3934265],[115.2701506,-2.3930005],[115.2706756,-2.3925222],[115.2715936,-2.3916318],[115.2732876,-2.3899357],[115.2735704,-2.3896701],[115.2738539,-2.3894565],[115.2741122,-2.3892788],[115.2743483,-2.3891824]]}},{"type":"Feature","properties":{"segmentId":"osm-gaul2-73682-2528780052-4061128323-0","regionId":"gaul2-73682","province":"Kalimantan Selatan","region":"Hulusungai Utara","roadName":"Jalan Poros Amuntai-Tanjung","highway":"trunk","lengthMeters":10.516,"osmWayIds":["564210783"],"u":"2528780052","v":"4061128323","key":0,"oneway":false,"source":"OpenStreetMap"},"geometry":{"type":"LineString","coordinates":[[115.2624262,-2.4002775],[115.2624334,-2.4003718]]}},{"type":"Feature","properties":{"segmentId":"osm-gaul2-73682-2528793970-2528780034-0","regionId":"gaul2-73682","province":"Kalimantan Selatan","region":"Hulusungai Utara","roadName":"Jalan Sungai Durian","highway":"secondary","lengthMeters":5089.113,"osmWayIds":["245748419","351550585"],"u":"2528793970","v":"2528780034","key":0,"oneway":false,"source":"OpenStreetMap"},"geometry":{"type":"LineString","coordinates":[[115.2798106,-2.3483217],[115.2798382,-2.3485088],[115.2798251,-2.3487674],[115.279743,-2.3490625],[115.2795891,-2.3493302],[115.279404,-2.3496116],[115.2793641,-2.3497473],[115.2793702,-2.3499059],[115.2795011,-2.3502561],[115.2801207,-2.3515919],[115.2803439,-2.3520925],[115.2804288,-2.3522907],[115.2804744,-2.3524649],[115.2804909,-2.3527875],[115.2805786,-2.3538793],[115.2805944,-2.354026],[115.2809843,-2.3552185],[115.2810241,-2.355312],[115.2813729,-2.3557699],[115.2817874,-2.3564382],[115.2820355,-2.3569163],[115.2821307,-2.3571357],[115.2821659,-2.3572586],[115.2821661,-2.3574274],[115.2821586,-2.3576247],[115.2821454,-2.3578167],[115.2818826,-2.3585081],[115.2817726,-2.3588137],[115.2817312,-2.3589949],[115.281729,-2.3591004],[115.2817844,-2.3594121],[115.2818242,-2.3595746],[115.2819064,-2.3607105],[115.2819415,-2.3614699],[115.2819281,-2.3616021],[115.2818691,-2.3617916],[115.281786,-2.3619492],[115.2813247,-2.3626058],[115.2808203,-2.3632977],[115.2807595,-2.3634266],[115.280759,-2.3635661],[115.2808021,-2.3637016],[115.2811129,-2.3645982],[115.2813193,-2.365157],[115.28144,-2.3654438],[115.2816037,-2.3658447],[115.2816372,-2.3659222],[115.28166,-2.3659842],[115.281664,-2.3660548],[115.2816555,-2.3661115],[115.2816318,-2.3661835],[115.2816067,-2.3662376],[115.2815661,-2.366292],[115.2815231,-2.3663313],[115.2809331,-2.3666712],[115.2808835,-2.3667074],[115.2808466,-2.3667527],[115.2808231,-2.3668025],[115.2808111,-2.366851],[115.2808016,-2.367212],[115.2807856,-2.3672983],[115.2807467,-2.3673841],[115.2806997,-2.3674591],[115.280654,-2.3674998],[115.2800026,-2.3680074],[115.2799668,-2.3680413],[115.279938,-2.3680829],[115.2799191,-2.3681282],[115.2797943,-2.3685087],[115.2797784,-2.3685472],[115.2797489,-2.3685954],[115.279719,-2.368631],[115.2794094,-2.3688826],[115.2793546,-2.368929],[115.2793077,-2.3689907],[115.2792738,-2.3690553],[115.279254,-2.36913],[115.2792453,-2.3691852],[115.2791959,-2.3695362],[115.2791615,-2.3697598],[115.2791422,-2.3698509],[115.2789229,-2.3704032],[115.2787629,-2.3709452],[115.2787457,-2.3709819],[115.2787276,-2.3710207],[115.2787102,-2.3710522],[115.2786775,-2.3710872],[115.2785938,-2.3711491],[115.278408,-2.3712584],[115.2783877,-2.3712746],[115.2783407,-2.3713148],[115.2782938,-2.3713698],[115.2782784,-2.3713896],[115.2782616,-2.3714173],[115.2782502,-2.3714455],[115.2782397,-2.3714857],[115.2782348,-2.3717342],[115.2782368,-2.3717563],[115.2782412,-2.371778],[115.2782878,-2.3719406],[115.2782931,-2.3719607],[115.2782938,-2.3719808],[115.2782904,-2.3720052],[115.2781969,-2.3725498],[115.2781959,-2.3725798],[115.2782006,-2.3726153],[115.2782093,-2.3726508],[115.2782227,-2.3726829],[115.2782462,-2.3727245],[115.2782784,-2.372764],[115.2783052,-2.3727941],[115.2785529,-2.3730042],[115.2788274,-2.3732194],[115.2788644,-2.373247],[115.2788973,-2.3732819],[115.2789254,-2.3733221],[115.2789415,-2.3733616],[115.2789543,-2.3734186],[115.2789596,-2.3734775],[115.2789563,-2.3735231],[115.2789267,-2.373685],[115.2788651,-2.3739954],[115.2788329,-2.3740637],[115.2787645,-2.3741374],[115.2787001,-2.3741736],[115.278637,-2.3742103],[115.2782348,-2.3743532],[115.2781865,-2.3743733],[115.2781453,-2.3743974],[115.2781148,-2.3744235],[115.2780913,-2.3744564],[115.2778767,-2.3748168],[115.2778418,-2.374853],[115.2775635,-2.3750329],[115.2772424,-2.3751893],[115.2771807,-2.3752201],[115.2771176,-2.3752402],[115.2770647,-2.3752483],[115.2770291,-2.3752516],[115.2766087,-2.3752732],[115.2762874,-2.375293],[115.2762151,-2.3753079],[115.2761487,-2.3753367],[115.2761051,-2.3753608],[115.2760602,-2.375403],[115.2760267,-2.3754432],[115.2760032,-2.3755055],[115.2759842,-2.3755824],[115.2759804,-2.375665],[115.2759874,-2.3757464],[115.2760233,-2.3758807],[115.2760488,-2.3759906],[115.2761882,-2.3767707],[115.2762452,-2.3769838],[115.2762942,-2.3770867],[115.2765932,-2.377725],[115.2768049,-2.3781925],[115.2769218,-2.3784226],[115.2770378,-2.3785955],[115.2770797,-2.3786489],[115.2774207,-2.3790833],[115.277634,-2.3793713],[115.2776729,-2.379453],[115.2780966,-2.3804994],[115.2782449,-2.38087],[115.2782683,-2.3809712],[115.2782764,-2.3810904],[115.2782809,-2.3811761],[115.2782777,-2.3812633],[115.2782659,-2.3813601],[115.2779988,-2.3824831],[115.2778016,-2.3828672],[115.2777533,-2.3829825],[115.2777359,-2.3830468],[115.2777238,-2.3831151],[115.2777223,-2.3833379],[115.2777143,-2.3837079],[115.2777118,-2.3837568],[115.2777077,-2.3838387],[115.2777059,-2.3839984],[115.2777144,-2.3841013],[115.2777466,-2.3842433],[115.2778055,-2.384422],[115.2781308,-2.3851574],[115.2782293,-2.3853801],[115.2782864,-2.3854962],[115.2783226,-2.3855531],[115.2783642,-2.3856034],[115.2784386,-2.3856791],[115.2786881,-2.3858647],[115.2787243,-2.3859049],[115.2787739,-2.3859906],[115.2788044,-2.386093],[115.2788155,-2.3861997],[115.2788128,-2.3862868],[115.2788055,-2.3863938],[115.2787752,-2.3866633],[115.2787367,-2.3868814],[115.2787001,-2.3870398],[115.278305,-2.3880584]]}},{"type":"Feature","properties":{"segmentId":"osm-gaul2-73682-2528793970-5915400886-0","regionId":"gaul2-73682","province":"Kalimantan Selatan","region":"Hulusungai Utara","roadName":"Jalan Batang Banyu","highway":"tertiary","lengthMeters":809.013,"osmWayIds":["351551889"],"u":"2528793970","v":"5915400886","key":0,"oneway":false,"source":"OpenStreetMap"},"geometry":{"type":"LineString","coordinates":[[115.2798106,-2.3483217],[115.2796684,-2.3485655],[115.2795356,-2.3487143],[115.2793345,-2.3488791],[115.2792057,-2.3489595],[115.2790824,-2.348997],[115.2788034,-2.3490533],[115.2779183,-2.3492275],[115.2770331,-2.349399],[115.2765799,-2.3495169],[115.276427,-2.3495786],[115.2762982,-2.3496563],[115.276207,-2.3497474],[115.2761051,-2.349876],[115.275979,-2.3501038],[115.2757966,-2.350412],[115.2756277,-2.3506345],[115.2754614,-2.3508167],[115.2751958,-2.3510445],[115.2750295,-2.3511624],[115.2748686,-2.3512616],[115.2747425,-2.3513313],[115.2744368,-2.3514733],[115.2737689,-2.3517533]]}},{"type":"Feature","properties":{"segmentId":"osm-gaul2-73682-2535019972-11494591684-0","regionId":"gaul2-73682","province":"Kalimantan Selatan","region":"Hulusungai Utara","roadName":"Unnamed OSM road","highway":"primary","lengthMeters":27.183,"osmWayIds":["246462402"],"u":"2535019972","v":"11494591684","key":0,"oneway":true,"source":"OpenStreetMap"},"geometry":{"type":"LineString","coordinates":[[115.2539558,-2.4195453],[115.2539846,-2.4195588],[115.2540085,-2.4195787],[115.2540266,-2.4196039],[115.2540378,-2.4196329],[115.2540411,-2.4196726],[115.2540315,-2.4197112],[115.25401,-2.4197448]]}},{"type":"Feature","properties":{"segmentId":"osm-gaul2-73682-2535019972-3637433798-0","regionId":"gaul2-73682","province":"Kalimantan Selatan","region":"Hulusungai Utara","roadName":"Jalan Ahmad Yani","highway":"primary","lengthMeters":333.611,"osmWayIds":["246462632"],"u":"2535019972","v":"3637433798","key":0,"oneway":true,"source":"OpenStreetMap"},"geometry":{"type":"LineString","coordinates":[[115.2539558,-2.4195453],[115.2540509,-2.4195482],[115.2541303,-2.4195444],[115.2547861,-2.4194687],[115.2559175,-2.4193266],[115.2563868,-2.4192623],[115.2565397,-2.4192181],[115.2566792,-2.4191578],[115.2567945,-2.4190908],[115.2569009,-2.4190647]]}},{"type":"Feature","properties":{"segmentId":"osm-gaul2-73682-2535019974-2535020019-0","regionId":"gaul2-73682","province":"Kalimantan Selatan","region":"Hulusungai Utara","roadName":"Unnamed OSM road","highway":"primary","lengthMeters":12.894,"osmWayIds":["246462402"],"u":"2535019974","v":"2535020019","key":0,"oneway":true,"source":"OpenStreetMap"},"geometry":{"type":"LineString","coordinates":[[115.25398,-2.4197692],[115.2539439,-2.4197831],[115.2539053,-2.4197852],[115.2538679,-2.4197752]]}},{"type":"Feature","properties":{"segmentId":"osm-gaul2-73682-2535019974-2535020070-0","regionId":"gaul2-73682","province":"Kalimantan Selatan","region":"Hulusungai Utara","roadName":"Jalan Norman Umar","highway":"primary","lengthMeters":48.19,"osmWayIds":["246462408"],"u":"2535019974","v":"2535020070","key":0,"oneway":true,"source":"OpenStreetMap"},"geometry":{"type":"LineString","coordinates":[[115.25398,-2.4197692],[115.2540025,-2.420202]]}},{"type":"Feature","properties":{"segmentId":"osm-gaul2-73682-2535019992-2535020010-0","regionId":"gaul2-73682","province":"Kalimantan Selatan","region":"Hulusungai Utara","roadName":"Unnamed OSM road","highway":"primary","lengthMeters":27.543,"osmWayIds":["246462402"],"u":"2535019992","v":"2535020010","key":0,"oneway":true,"source":"OpenStreetMap"},"geometry":{"type":"LineString","coordinates":[[115.2538432,-2.4197605],[115.253815,-2.4197302],[115.2537985,-2.4196924],[115.2537953,-2.4196513],[115.253806,-2.4196114],[115.2538292,-2.4195772],[115.2538624,-2.4195527]]}},{"type":"Feature","properties":{"segmentId":"osm-gaul2-73682-2535019992-2535020017-0","regionId":"gaul2-73682","province":"Kalimantan Selatan","region":"Hulusungai Utara","roadName":"Unnamed OSM road","highway":"primary","lengthMeters":77.69,"osmWayIds":["246462629"],"u":"2535019992","v":"2535020017","key":0,"oneway":true,"source":"OpenStreetMap"},"geometry":{"type":"LineString","coordinates":[[115.2538432,-2.4197605],[115.2537955,-2.4197407],[115.2537379,-2.4197262],[115.2536345,-2.4197201],[115.2535274,-2.4197097],[115.2533512,-2.4196754],[115.2532605,-2.4196449],[115.2531691,-2.4196]]}},{"type":"Feature","properties":{"segmentId":"osm-gaul2-73682-2535020010-2535019972-0","regionId":"gaul2-73682","province":"Kalimantan Selatan","region":"Hulusungai Utara","roadName":"Unnamed OSM road","highway":"primary","lengthMeters":10.646,"osmWayIds":["246462402"],"u":"2535020010","v":"2535019972","key":0,"oneway":true,"source":"OpenStreetMap"},"geometry":{"type":"LineString","coordinates":[[115.2538624,-2.4195527],[115.2538925,-2.4195421],[115.2539244,-2.4195396],[115.2539558,-2.4195453]]}},{"type":"Feature","properties":{"segmentId":"osm-gaul2-73682-2535020014-2536518728-0","regionId":"gaul2-73682","province":"Kalimantan Selatan","region":"Hulusungai Utara","roadName":"Poros Amuntai-Tanjung","highway":"trunk","lengthMeters":770.25,"osmWayIds":["246462401","354336033","564210783"],"u":"2535020014","v":"2536518728","key":0,"oneway":false,"source":"OpenStreetMap"},"geometry":{"type":"LineString","coordinates":[[115.2518462,-2.4193101],[115.251852,-2.419249],[115.2518854,-2.4188945],[115.2519055,-2.4185033],[115.2519102,-2.4184389],[115.251919,-2.4183807],[115.2519324,-2.4183056],[115.2519558,-2.418185],[115.2520075,-2.4179928],[115.2520276,-2.4179217],[115.2520544,-2.4178072],[115.2520819,-2.417708],[115.2522703,-2.4170716],[115.2523836,-2.4167393],[115.2524132,-2.4166703],[115.2526934,-2.4160867],[115.2529409,-2.4156332],[115.2529603,-2.4155983],[115.2529798,-2.4155655],[115.2530193,-2.4155032],[115.2530499,-2.4154612],[115.2531245,-2.4153588],[115.253265,-2.4151659],[115.2533238,-2.4150851],[115.253364,-2.4150369],[115.2533938,-2.4150058],[115.2534807,-2.414915],[115.2535685,-2.4148326],[115.2539024,-2.4145398],[115.2541861,-2.4142738],[115.2542143,-2.41424],[115.2542448,-2.4141995],[115.2542669,-2.4141707],[115.2542907,-2.4141311],[115.2543195,-2.4140836],[115.2543482,-2.4140208],[115.2543999,-2.4138776],[115.2544676,-2.4137214],[115.2545197,-2.4136212],[115.2545455,-2.4135757],[115.2545777,-2.4135275],[115.2546099,-2.4134826],[115.2546369,-2.4134527],[115.2546863,-2.4133995],[115.2548151,-2.4132742]]}},{"type":"Feature","properties":{"segmentId":"osm-gaul2-73682-2535020014-3599756609-0","regionId":"gaul2-73682","province":"Kalimantan Selatan","region":"Hulusungai Utara","roadName":"Jalan Lambung Mangkurat","highway":"trunk","lengthMeters":7.434,"osmWayIds":["354212249"],"u":"2535020014","v":"3599756609","key":0,"oneway":false,"source":"OpenStreetMap"},"geometry":{"type":"LineString","coordinates":[[115.2518462,-2.4193101],[115.2518416,-2.4193768]]}},{"type":"Feature","properties":{"segmentId":"osm-gaul2-73682-2535020014-9069126528-0","regionId":"gaul2-73682","province":"Kalimantan Selatan","region":"Hulusungai Utara","roadName":"Unnamed OSM road","highway":"primary","lengthMeters":12.638,"osmWayIds":["246462403"],"u":"2535020014","v":"9069126528","key":0,"oneway":true,"source":"OpenStreetMap"},"geometry":{"type":"LineString","coordinates":[[115.2518462,-2.4193101],[115.2519369,-2.4193787]]}},{"type":"Feature","properties":{"segmentId":"osm-gaul2-73682-2535020017-2535020010-0","regionId":"gaul2-73682","province":"Kalimantan Selatan","region":"Hulusungai Utara","roadName":"Unnamed OSM road","highway":"primary","lengthMeters":78.234,"osmWayIds":["358926832"],"u":"2535020017","v":"2535020010","key":0,"oneway":true,"source":"OpenStreetMap"},"geometry":{"type":"LineString","coordinates":[[115.2531691,-2.4196],[115.2532675,-2.4196097],[115.2533703,-2.4196232],[115.2534627,-2.4196278],[115.2535498,-2.4196248],[115.2537216,-2.4195991],[115.2538624,-2.4195527]]}},{"type":"Feature","properties":{"segmentId":"osm-gaul2-73682-2535020017-2536093431-0","regionId":"gaul2-73682","province":"Kalimantan Selatan","region":"Hulusungai Utara","roadName":"Jalan Kuripan","highway":"tertiary","lengthMeters":524.063,"osmWayIds":["246588571","769550777"],"u":"2535020017","v":"2536093431","key":0,"oneway":false,"source":"OpenStreetMap"},"geometry":{"type":"LineString","coordinates":[[115.2531691,-2.4196],[115.2531964,-2.4193574],[115.2533091,-2.4187043],[115.2533324,-2.418585],[115.2534565,-2.4179773],[115.2535571,-2.4175245],[115.2537516,-2.4169657],[115.2538629,-2.416695],[115.2540185,-2.4164646],[115.254162,-2.4162891],[115.2542585,-2.4161872],[115.2544194,-2.4160532],[115.2545723,-2.4159554],[115.2547427,-2.4158656],[115.254913,-2.4158067],[115.25509,-2.4157879],[115.2552203,-2.4157807]]}},{"type":"Feature","properties":{"segmentId":"osm-gaul2-73682-2535020017-5917370764-0","regionId":"gaul2-73682","province":"Kalimantan Selatan","region":"Hulusungai Utara","roadName":"Jalan Patma Raga","highway":"tertiary","lengthMeters":3194.528,"osmWayIds":["246593709","484164244","626331529"],"u":"2535020017","v":"5917370764","key":0,"oneway":false,"source":"OpenStreetMap"},"geometry":{"type":"LineString","coordinates":[[115.2531691,-2.4196],[115.2531669,-2.4196804],[115.2531494,-2.41975],[115.2530944,-2.4198854],[115.2529106,-2.420295],[115.2528503,-2.4204293],[115.2526264,-2.4209385],[115.2525336,-2.4211018],[115.2523971,-2.4213419],[115.2522978,-2.4214825],[115.2521959,-2.4216447],[115.2519679,-2.4219757],[115.2518183,-2.4221974],[115.2517695,-2.4222517],[115.2516541,-2.4224124],[115.2516245,-2.4224448],[115.2514704,-2.4226134],[115.2511277,-2.422948],[115.2507743,-2.423266],[115.2505493,-2.4234637],[115.2503009,-2.4236706],[115.250258,-2.4237057],[115.2500169,-2.4239029],[115.2498928,-2.4240038],[115.2497752,-2.4240994],[115.2496596,-2.4241914],[115.2495968,-2.4242414],[115.2494346,-2.4243526],[115.2494007,-2.4243742],[115.2490679,-2.4245869],[115.2489719,-2.4246407],[115.2486568,-2.4248055],[115.248469,-2.424898],[115.2483053,-2.424977],[115.2481471,-2.4250708],[115.2479365,-2.4252142],[115.2477807,-2.4253327],[115.2475067,-2.4255411],[115.246979,-2.4259149],[115.2467979,-2.4260516],[115.2466276,-2.426203],[115.2464721,-2.4263477],[115.2464343,-2.4263891],[115.2463286,-2.4265045],[115.2461784,-2.426668],[115.2461299,-2.4267247],[115.2458874,-2.4270083],[115.2456089,-2.4273412],[115.2454475,-2.4275697],[115.2452892,-2.4277908],[115.2452298,-2.4278964],[115.2452033,-2.4279462],[115.2451603,-2.4280275],[115.2450813,-2.4281767],[115.245076,-2.4281968],[115.2449726,-2.4285117],[115.2448265,-2.4290235],[115.2447943,-2.4291079],[115.2447407,-2.4293089],[115.2447219,-2.42953],[115.2447179,-2.4299186],[115.24473,-2.430271],[115.2447485,-2.4306424],[115.2447554,-2.4307815],[115.2447943,-2.4311406],[115.2448587,-2.4319043],[115.2448815,-2.4323733],[115.2448855,-2.4326815],[115.244879,-2.4328193],[115.2448633,-2.4331542],[115.244856,-2.4333085],[115.24473,-2.4340294],[115.244695,-2.4341897],[115.2446119,-2.4345707],[115.2445731,-2.434698],[115.2444215,-2.4351308],[115.2443424,-2.4353406],[115.244329,-2.435376],[115.2441426,-2.4358436],[115.244006,-2.4361599],[115.2439114,-2.4363545],[115.2438354,-2.4365109],[115.2436851,-2.4367663],[115.2435226,-2.4370418],[115.2433692,-2.4373017],[115.2433088,-2.4374041],[115.2431293,-2.4377083],[115.2430949,-2.4377666],[115.2429739,-2.4379514],[115.2428481,-2.4381436],[115.242525,-2.438727],[115.2424835,-2.438814],[115.2421752,-2.43946],[115.2421512,-2.4395328],[115.2420585,-2.4398137],[115.2419968,-2.4399932],[115.2419586,-2.4401607],[115.2419291,-2.4403864],[115.2419236,-2.440751],[115.2419864,-2.441146],[115.2421363,-2.4417063],[115.2421959,-2.4418905],[115.2422581,-2.4421805],[115.2423099,-2.4424218],[115.2423312,-2.442511],[115.2423477,-2.4425942],[115.2424059,-2.4428861],[115.2424655,-2.4432324],[115.2424789,-2.4432646],[115.2425017,-2.4432733],[115.2425279,-2.4432746],[115.2425922,-2.4432733],[115.2429356,-2.443276],[115.2431166,-2.4432961],[115.2432856,-2.4433396]]}},{"type":"Feature","properties":{"segmentId":"osm-gaul2-73682-2535020017-9069126528-0","regionId":"gaul2-73682","province":"Kalimantan Selatan","region":"Hulusungai Utara","roadName":"Jembatan Paliwara","highway":"primary","lengthMeters":139.096,"osmWayIds":["354336285","358926833","980417939"],"u":"2535020017","v":"9069126528","key":0,"oneway":false,"source":"OpenStreetMap"},"geometry":{"type":"LineString","coordinates":[[115.2531691,-2.4196],[115.2531072,-2.419588],[115.2523032,-2.4194378],[115.2519745,-2.4193848],[115.2519369,-2.4193787]]}},{"type":"Feature","properties":{"segmentId":"osm-gaul2-73682-2535020019-2535019992-0","regionId":"gaul2-73682","province":"Kalimantan Selatan","region":"Hulusungai Utara","roadName":"Unnamed OSM road","highway":"primary","lengthMeters":3.194,"osmWayIds":["246462402"],"u":"2535020019","v":"2535019992","key":0,"oneway":true,"source":"OpenStreetMap"},"geometry":{"type":"LineString","coordinates":[[115.2538679,-2.4197752],[115.2538432,-2.4197605]]}},{"type":"Feature","properties":{"segmentId":"osm-gaul2-73682-2535020031-7180036838-0","regionId":"gaul2-73682","province":"Kalimantan Selatan","region":"Hulusungai Utara","roadName":"Jalan Norman Umar","highway":"primary","lengthMeters":86.722,"osmWayIds":["246462405"],"u":"2535020031","v":"7180036838","key":0,"oneway":true,"source":"OpenStreetMap"},"geometry":{"type":"LineString","coordinates":[[115.2537167,-2.4218021],[115.2537496,-2.4217365],[115.253773,-2.4216755],[115.2537891,-2.4216294],[115.2537931,-2.4216179],[115.2538106,-2.421567],[115.253828,-2.4215073],[115.2538361,-2.4214631],[115.2538481,-2.4213954],[115.2538555,-2.4213305],[115.2538642,-2.4212481],[115.2538803,-2.4210464]]}},{"type":"Feature","properties":{"segmentId":"osm-gaul2-73682-2535020031-7183300468-0","regionId":"gaul2-73682","province":"Kalimantan Selatan","region":"Hulusungai Utara","roadName":"Unnamed OSM road","highway":"primary_link","lengthMeters":4.846,"osmWayIds":["769537893"],"u":"2535020031","v":"7183300468","key":0,"oneway":true,"source":"OpenStreetMap"},"geometry":{"type":"LineString","coordinates":[[115.2537167,-2.4218021],[115.2537511,-2.4218289]]}},{"type":"Feature","properties":{"segmentId":"osm-gaul2-73682-2535020066-2535020100-0","regionId":"gaul2-73682","province":"Kalimantan Selatan","region":"Hulusungai Utara","roadName":"Unnamed OSM road","highway":"primary_link","lengthMeters":5.91,"osmWayIds":["665214431"],"u":"2535020066","v":"2535020100","key":0,"oneway":true,"source":"OpenStreetMap"},"geometry":{"type":"LineString","coordinates":[[115.2473585,-2.4276162],[115.2473993,-2.4276503]]}},{"type":"Feature","properties":{"segmentId":"osm-gaul2-73682-2535020066-7183435485-0","regionId":"gaul2-73682","province":"Kalimantan Selatan","region":"Hulusungai Utara","roadName":"Jalan Norman Umar","highway":"primary","lengthMeters":158.059,"osmWayIds":["246462405"],"u":"2535020066","v":"7183435485","key":0,"oneway":true,"source":"OpenStreetMap"},"geometry":{"type":"LineString","coordinates":[[115.2473585,-2.4276162],[115.2477675,-2.4271043],[115.2482154,-2.4265214],[115.2482346,-2.4264963]]}},{"type":"Feature","properties":{"segmentId":"osm-gaul2-73682-2535020068-2535020066-0","regionId":"gaul2-73682","province":"Kalimantan Selatan","region":"Hulusungai Utara","roadName":"Jalan Norman Umar","highway":"primary","lengthMeters":97.101,"osmWayIds":["246462405"],"u":"2535020068","v":"2535020066","key":0,"oneway":true,"source":"OpenStreetMap"},"geometry":{"type":"LineString","coordinates":[[115.2468648,-2.4283342],[115.2469109,-2.4282311],[115.2472112,-2.4278161],[115.2473585,-2.4276162]]}},{"type":"Feature","properties":{"segmentId":"osm-gaul2-73682-2535020068-2536101019-0","regionId":"gaul2-73682","province":"Kalimantan Selatan","region":"Hulusungai Utara","roadName":"Jembatan Banua Lima","highway":"trunk","lengthMeters":341.175,"osmWayIds":["246617732","246617734","246617735"],"u":"2535020068","v":"2536101019","key":0,"oneway":false,"source":"OpenStreetMap"},"geometry":{"type":"LineString","coordinates":[[115.2468648,-2.4283342],[115.2467344,-2.4282358],[115.2465313,-2.4280876],[115.2456686,-2.4274269],[115.2447846,-2.426745],[115.244739,-2.4267097],[115.2445469,-2.426561],[115.2444271,-2.4264682]]}},{"type":"Feature","properties":{"segmentId":"osm-gaul2-73682-2535020068-5917370764-0","regionId":"gaul2-73682","province":"Kalimantan Selatan","region":"Hulusungai Utara","roadName":"Jalan Brigadir Jenderal Hasan Basri","highway":"trunk","lengthMeters":1757.109,"osmWayIds":["581915820"],"u":"2535020068","v":"5917370764","key":0,"oneway":false,"source":"OpenStreetMap"},"geometry":{"type":"LineString","coordinates":[[115.2468648,-2.4283342],[115.2467879,-2.4284668],[115.2467575,-2.4285403],[115.2467332,-2.4286002],[115.246721,-2.4286783],[115.2466678,-2.4291079],[115.246621,-2.4294244],[115.2465621,-2.4297961],[115.2465278,-2.4300295],[115.2464437,-2.4305427],[115.2463551,-2.4310834],[115.2463202,-2.43128],[115.2462575,-2.4316042],[115.246181,-2.4320423],[115.2461726,-2.4320927],[115.2461472,-2.4322402],[115.24614,-2.4322822],[115.2461248,-2.4323574],[115.2460925,-2.4325729],[115.2460444,-2.4329307],[115.2460054,-2.4331598],[115.2459477,-2.4335584],[115.2459,-2.43389],[115.2458619,-2.4340562],[115.2458228,-2.4342011],[115.245764,-2.4343925],[115.2457588,-2.4344054],[115.2456932,-2.4345683],[115.2456153,-2.4347448],[115.2455048,-2.4349951],[115.2454288,-2.4351861],[115.2451379,-2.4358212],[115.245127,-2.4358451],[115.245043,-2.4360214],[115.2447211,-2.4366968],[115.2446334,-2.4368887],[115.2445883,-2.4369746],[115.2445047,-2.4371339],[115.2443638,-2.4374312],[115.2443341,-2.437494],[115.2442153,-2.437729],[115.24415,-2.4378581],[115.2440353,-2.4380772],[115.2439726,-2.4382065],[115.2437632,-2.4386387],[115.2435431,-2.4390928],[115.2434472,-2.4392874],[115.2431806,-2.4398284],[115.24313,-2.4399557],[115.2430959,-2.440057],[115.2430582,-2.4402173],[115.2430509,-2.4403282],[115.2430557,-2.4404382],[115.243071,-2.4405587],[115.2431086,-2.440687],[115.243173,-2.440899],[115.2432358,-2.4410789],[115.2433218,-2.4413559],[115.243406,-2.4416445],[115.2434371,-2.4417967],[115.2434549,-2.4419181],[115.243464,-2.4420513],[115.2434754,-2.4422169],[115.2434774,-2.4423581],[115.2434676,-2.4425064],[115.2434647,-2.4425268],[115.2434425,-2.4426877],[115.2434117,-2.4428552],[115.2433803,-2.4429758],[115.2432856,-2.4433396]]}},{"type":"Feature","properties":{"segmentId":"osm-gaul2-73682-2535020068-7180647228-0","regionId":"gaul2-73682","province":"Kalimantan Selatan","region":"Hulusungai Utara","roadName":"Jalan Suwandi Sumarta","highway":"secondary","lengthMeters":1083.284,"osmWayIds":["246595492"],"u":"2535020068","v":"7180647228","key":0,"oneway":false,"source":"OpenStreetMap"},"geometry":{"type":"LineString","coordinates":[[115.2468648,-2.4283342],[115.2469905,-2.4284123],[115.2472037,-2.4285447],[115.2477998,-2.4289096],[115.2480505,-2.4290651],[115.2481484,-2.4291253],[115.2482705,-2.4291803],[115.2483818,-2.4291883],[115.2484944,-2.4291696],[115.2487265,-2.4290758],[115.249033,-2.4289282],[115.2495346,-2.4287084],[115.2501275,-2.4284318],[115.2503505,-2.4283279],[115.2506281,-2.4282236],[115.2509822,-2.4280601],[115.251502,-2.4278322],[115.2523172,-2.4274701],[115.2525169,-2.4273767],[115.2534083,-2.4269601],[115.2535906,-2.4268824],[115.2539204,-2.4267267],[115.2544168,-2.4264924],[115.2546243,-2.4264033],[115.2551302,-2.4261789],[115.2552898,-2.4261146],[115.2554367,-2.4260442],[115.2556077,-2.4259531],[115.2556318,-2.4259264],[115.2556533,-2.4258961]]}},{"type":"Feature","properties":{"segmentId":"osm-gaul2-73682-2535020070-7183300465-0","regionId":"gaul2-73682","province":"Kalimantan Selatan","region":"Hulusungai Utara","roadName":"Jalan Norman Umar","highway":"primary","lengthMeters":50.443,"osmWayIds":["246462408"],"u":"2535020070","v":"7183300465","key":0,"oneway":true,"source":"OpenStreetMap"},"geometry":{"type":"LineString","coordinates":[[115.2540025,-2.420202],[115.2539689,-2.4206544]]}},{"type":"Feature","properties":{"segmentId":"osm-gaul2-73682-2535020070-7183300477-0","regionId":"gaul2-73682","province":"Kalimantan Selatan","region":"Hulusungai Utara","roadName":"Unnamed OSM road","highway":"primary_link","lengthMeters":10.334,"osmWayIds":["769537898"],"u":"2535020070","v":"7183300477","key":0,"oneway":false,"source":"OpenStreetMap"},"geometry":{"type":"LineString","coordinates":[[115.2540025,-2.420202],[115.2539097,-2.4202084]]}},{"type":"Feature","properties":{"segmentId":"osm-gaul2-73682-2535020093-7183435486-0","regionId":"gaul2-73682","province":"Kalimantan Selatan","region":"Hulusungai Utara","roadName":"Jalan Norman Umar","highway":"primary","lengthMeters":142.552,"osmWayIds":["246462408"],"u":"2535020093","v":"7183435486","key":0,"oneway":true,"source":"OpenStreetMap"},"geometry":{"type":"LineString","coordinates":[[115.2491623,-2.4256222],[115.2488002,-2.4258614],[115.2487727,-2.4258828],[115.2487499,-2.4259069],[115.2482762,-2.4265273]]}},{"type":"Feature","properties":{"segmentId":"osm-gaul2-73682-2535020100-2535020068-0","regionId":"gaul2-73682","province":"Kalimantan Selatan","region":"Hulusungai Utara","roadName":"Jalan Norman Umar","highway":"primary","lengthMeters":97.156,"osmWayIds":["246462408"],"u":"2535020100","v":"2535020068","key":0,"oneway":true,"source":"OpenStreetMap"},"geometry":{"type":"LineString","coordinates":[[115.2473993,-2.4276503],[115.2469585,-2.4282699],[115.2468648,-2.4283342]]}},{"type":"Feature","properties":{"segmentId":"osm-gaul2-73682-2536093431-2535020017-0","regionId":"gaul2-73682","province":"Kalimantan Selatan","region":"Hulusungai Utara","roadName":"Jalan Kuripan","highway":"tertiary","lengthMeters":524.063,"osmWayIds":["246588571","769550777"],"u":"2536093431","v":"2535020017","key":0,"oneway":false,"source":"OpenStreetMap"},"geometry":{"type":"LineString","coordinates":[[115.2552203,-2.4157807],[115.25509,-2.4157879],[115.254913,-2.4158067],[115.2547427,-2.4158656],[115.2545723,-2.4159554],[115.2544194,-2.4160532],[115.2542585,-2.4161872],[115.254162,-2.4162891],[115.2540185,-2.4164646],[115.2538629,-2.416695],[115.2537516,-2.4169657],[115.2535571,-2.4175245],[115.2534565,-2.4179773],[115.2533324,-2.418585],[115.2533091,-2.4187043],[115.2531964,-2.4193574],[115.2531691,-2.4196]]}},{"type":"Feature","properties":{"segmentId":"osm-gaul2-73682-2536097499-2536101019-0","regionId":"gaul2-73682","province":"Kalimantan Selatan","region":"Hulusungai Utara","roadName":"Jalan Lambung Mangkurat","highway":"trunk","lengthMeters":1021.485,"osmWayIds":["354212249"],"u":"2536097499","v":"2536101019","key":0,"oneway":false,"source":"OpenStreetMap"},"geometry":{"type":"LineString","coordinates":[[115.2509393,-2.4200609],[115.2508172,-2.4201761],[115.2506154,-2.4203959],[115.2505571,-2.4204629],[115.2503299,-2.4207238],[115.2501407,-2.4209439],[115.2499864,-2.4210879],[115.2497124,-2.4213137],[115.2495506,-2.421447],[115.2494624,-2.4215231],[115.2492951,-2.4216674],[115.2491574,-2.421806],[115.2490208,-2.4219435],[115.248946,-2.4220221],[115.2485702,-2.4224019],[115.2483196,-2.4226733],[115.2480735,-2.4229432],[115.2479842,-2.4230328],[115.2476812,-2.4233543],[115.2476013,-2.4234355],[115.247547,-2.4234951],[115.2474069,-2.4236487],[115.2472378,-2.4238227],[115.2470951,-2.423948],[115.2470739,-2.4239666],[115.2470568,-2.4239815],[115.247034,-2.4240016],[115.2469454,-2.4240759],[115.2468194,-2.424165],[115.2467637,-2.4241981],[115.2464366,-2.4243961],[115.2462498,-2.4245156],[115.2460174,-2.4246608],[115.2459606,-2.4247054],[115.2459041,-2.4247526],[115.2458156,-2.4248316],[115.2457197,-2.4249442],[115.2455608,-2.4251968],[115.2454005,-2.4254381],[115.2453843,-2.4254624],[115.245312,-2.4255713],[115.2450263,-2.4258553],[115.2446984,-2.4261541],[115.2445021,-2.4263735],[115.2444271,-2.4264682]]}},{"type":"Feature","properties":{"segmentId":"osm-gaul2-73682-2536097499-3599756492-0","regionId":"gaul2-73682","province":"Kalimantan Selatan","region":"Hulusungai Utara","roadName":"Jalan Negara Dipa","highway":"tertiary","lengthMeters":482.463,"osmWayIds":["246591385"],"u":"2536097499","v":"3599756492","key":0,"oneway":false,"source":"OpenStreetMap"},"geometry":{"type":"LineString","coordinates":[[115.2509393,-2.4200609],[115.2507178,-2.4199421],[115.2504621,-2.4198326],[115.2502164,-2.4197232],[115.2500796,-2.4196482],[115.2499877,-2.4195896],[115.2497175,-2.4193923],[115.2494764,-2.4191904],[115.2489746,-2.418725],[115.2487801,-2.4185481],[115.2486832,-2.4184455],[115.248644,-2.4184006],[115.2485763,-2.418323],[115.2484931,-2.4182038],[115.2483577,-2.4179881],[115.2481833,-2.4177094],[115.2480358,-2.4174441],[115.2478768,-2.4171379]]}},{"type":"Feature","properties":{"segmentId":"osm-gaul2-73682-2536097499-3599756609-0","regionId":"gaul2-73682","province":"Kalimantan Selatan","region":"Hulusungai Utara","roadName":"Jalan Lambung Mangkurat","highway":"trunk","lengthMeters":130.857,"osmWayIds":["354212249"],"u":"2536097499","v":"3599756609","key":0,"oneway":false,"source":"OpenStreetMap"},"geometry":{"type":"LineString","coordinates":[[115.2509393,-2.4200609],[115.2516293,-2.4196745],[115.2517251,-2.4196166],[115.2517817,-2.4195661],[115.2518198,-2.4194644],[115.2518416,-2.4193768]]}},{"type":"Feature","properties":{"segmentId":"osm-gaul2-73682-2536101019-2535020068-0","regionId":"gaul2-73682","province":"Kalimantan Selatan","region":"Hulusungai Utara","roadName":"Jembatan Banua Lima","highway":"trunk","lengthMeters":341.175,"osmWayIds":["246617732","246617734","246617735"],"u":"2536101019","v":"2535020068","key":0,"oneway":false,"source":"OpenStreetMap"},"geometry":{"type":"LineString","coordinates":[[115.2444271,-2.4264682],[115.2445469,-2.426561],[115.244739,-2.4267097],[115.2447846,-2.426745],[115.2456686,-2.4274269],[115.2465313,-2.4280876],[115.2467344,-2.4282358],[115.2468648,-2.4283342]]}},{"type":"Feature","properties":{"segmentId":"osm-gaul2-73682-2536101019-2536097499-0","regionId":"gaul2-73682","province":"Kalimantan Selatan","region":"Hulusungai Utara","roadName":"Jalan Lambung Mangkurat","highway":"trunk","lengthMeters":1021.485,"osmWayIds":["354212249"],"u":"2536101019","v":"2536097499","key":0,"oneway":false,"source":"OpenStreetMap"},"geometry":{"type":"LineString","coordinates":[[115.2444271,-2.4264682],[115.2445021,-2.4263735],[115.2446984,-2.4261541],[115.2450263,-2.4258553],[115.245312,-2.4255713],[115.2453843,-2.4254624],[115.2454005,-2.4254381],[115.2455608,-2.4251968],[115.2457197,-2.4249442],[115.2458156,-2.4248316],[115.2459041,-2.4247526],[115.2459606,-2.4247054],[115.2460174,-2.4246608],[115.2462498,-2.4245156],[115.2464366,-2.4243961],[115.2467637,-2.4241981],[115.2468194,-2.424165],[115.2469454,-2.4240759],[115.247034,-2.4240016],[115.2470568,-2.4239815],[115.2470739,-2.4239666],[115.2470951,-2.423948],[115.2472378,-2.4238227],[115.2474069,-2.4236487],[115.247547,-2.4234951],[115.2476013,-2.4234355],[115.2476812,-2.4233543],[115.2479842,-2.4230328],[115.2480735,-2.4229432],[115.2483196,-2.4226733],[115.2485702,-2.4224019],[115.248946,-2.4220221],[115.2490208,-2.4219435],[115.2491574,-2.421806],[115.2492951,-2.4216674],[115.2494624,-2.4215231],[115.2495506,-2.421447],[115.2497124,-2.4213137],[115.2499864,-2.4210879],[115.2501407,-2.4209439],[115.2503299,-2.4207238],[115.2505571,-2.4204629],[115.2506154,-2.4203959],[115.2508172,-2.4201761],[115.2509393,-2.4200609]]}},{"type":"Feature","properties":{"segmentId":"osm-gaul2-73682-2536101019-3599756492-0","regionId":"gaul2-73682","province":"Kalimantan Selatan","region":"Hulusungai Utara","roadName":"Jalan Haji Saberan Effendi","highway":"tertiary","lengthMeters":1264.708,"osmWayIds":["246617736"],"u":"2536101019","v":"3599756492","key":0,"oneway":false,"source":"OpenStreetMap"},"geometry":{"type":"LineString","coordinates":[[115.2444271,-2.4264682],[115.2443354,-2.4264049],[115.2441882,-2.4262806],[115.2438945,-2.4260355],[115.2438429,-2.4259936],[115.2436356,-2.4258252],[115.2435578,-2.4257649],[115.2435136,-2.4257006],[115.2434562,-2.4255225],[115.24342,-2.4253202],[115.2434173,-2.4252099],[115.2434387,-2.4251166],[115.2435085,-2.4249584],[115.2435413,-2.4249097],[115.2435753,-2.4248591],[115.2439052,-2.4244692],[115.2442022,-2.4241082],[115.2442954,-2.4239949],[115.2445395,-2.4237028],[115.2446541,-2.4235669],[115.2447635,-2.42342],[115.2448676,-2.4232519],[115.2448855,-2.4232231],[115.2451873,-2.4227059],[115.245426,-2.4223267],[115.2455561,-2.4221458],[115.2456897,-2.4219712],[115.2457291,-2.4219261],[115.2458787,-2.4217552],[115.2460137,-2.4216128],[115.2460992,-2.4215268],[115.2463607,-2.4212507],[115.2464962,-2.421094],[115.2465391,-2.421023],[115.2465793,-2.4209359],[115.2466156,-2.4208622],[115.2466974,-2.420499],[115.2468115,-2.420137],[115.2468704,-2.4199229],[115.2469012,-2.419817],[115.2469294,-2.4197085],[115.2469401,-2.4196227],[115.2469374,-2.4195156],[115.2468888,-2.4192702],[115.2468489,-2.4190734],[115.2468382,-2.4189989],[115.2468167,-2.4188496],[115.2467912,-2.4186017],[115.2467725,-2.4184329],[115.2467744,-2.4183265],[115.2468033,-2.4182359],[115.2468207,-2.4181743],[115.2468663,-2.4180778],[115.2469334,-2.4179948],[115.2470621,-2.4178487],[115.2472217,-2.4177134],[115.2473129,-2.4176209],[115.2474041,-2.4175285],[115.2475356,-2.4173704],[115.2476053,-2.4173074],[115.2477045,-2.4172444],[115.2478768,-2.4171379]]}},{"type":"Feature","properties":{"segmentId":"osm-gaul2-73682-2536101019-3599793272-0","regionId":"gaul2-73682","province":"Kalimantan Selatan","region":"Hulusungai Utara","roadName":"Jalan Dr. Kyai Haji Idham Chalid","highway":"primary","lengthMeters":271.357,"osmWayIds":["354217179"],"u":"2536101019","v":"3599793272","key":0,"oneway":false,"source":"OpenStreetMap"},"geometry":{"type":"LineString","coordinates":[[115.2444271,-2.4264682],[115.2443352,-2.4266125],[115.244276,-2.4267055],[115.2441298,-2.426869],[115.2440105,-2.4269735],[115.2438911,-2.4270599],[115.2433989,-2.427425],[115.2433178,-2.4275201],[115.2432755,-2.4276072],[115.2431689,-2.4280146],[115.2430756,-2.4283817]]}},{"type":"Feature","properties":{"segmentId":"osm-gaul2-73682-2536114919-2536114972-0","regionId":"gaul2-73682","province":"Kalimantan Selatan","region":"Hulusungai Utara","roadName":"Jalan Negara Dipa","highway":"tertiary","lengthMeters":1102.082,"osmWayIds":["246591385","665213598","665213599"],"u":"2536114919","v":"2536114972","key":0,"oneway":false,"source":"OpenStreetMap"},"geometry":{"type":"LineString","coordinates":[[115.2345314,-2.4088766],[115.2343052,-2.4086673],[115.2341651,-2.4085391],[115.2334732,-2.408051],[115.2331236,-2.4078946],[115.2331093,-2.4078927],[115.232923,-2.4078684],[115.2327323,-2.4079207],[115.2325705,-2.4079885],[115.2324843,-2.4080003],[115.232367,-2.4079937],[115.2322644,-2.4079575],[115.2322051,-2.4078937],[115.2321196,-2.4077886],[115.2320352,-2.4075884],[115.2318701,-2.4072527],[115.2317296,-2.4070834],[115.2315576,-2.4069362],[115.2312503,-2.4066655],[115.2309528,-2.4064139],[115.2307234,-2.4061912],[115.230551,-2.4060026],[115.2304351,-2.4058659],[115.2302887,-2.4056877],[115.2302589,-2.4056513],[115.2301535,-2.4055335],[115.2300449,-2.4054478],[115.2299003,-2.4053968],[115.2296277,-2.4053037],[115.2290694,-2.4051421],[115.2286938,-2.4050431],[115.2285898,-2.4049989],[115.2285002,-2.4049198],[115.2284154,-2.4047706],[115.2281901,-2.4042941],[115.2280694,-2.4040663],[115.2279672,-2.4038221],[115.2276805,-2.4034145],[115.2273591,-2.4031503],[115.2272929,-2.4030356]]}},{"type":"Feature","properties":{"segmentId":"osm-gaul2-73682-2536114919-2536114974-0","regionId":"gaul2-73682","province":"Kalimantan Selatan","region":"Hulusungai Utara","roadName":"Jalan Negara Dipa","highway":"tertiary","lengthMeters":1604.147,"osmWayIds":["246591385"],"u":"2536114919","v":"2536114974","key":0,"oneway":false,"source":"OpenStreetMap"},"geometry":{"type":"LineString","coordinates":[[115.2345314,-2.4088766],[115.2352629,-2.4095263],[115.2356342,-2.4098505],[115.2365412,-2.4107306],[115.2371058,-2.4113434],[115.2375819,-2.4118553],[115.2379413,-2.4121983],[115.238011,-2.4122666],[115.2381049,-2.4123283],[115.2382645,-2.4124033],[115.2386829,-2.4126003],[115.2396472,-2.413029],[115.2399489,-2.4131818],[115.2402467,-2.4133667],[115.2404304,-2.4135087],[115.2405336,-2.4135851],[115.2418372,-2.4147214],[115.2428068,-2.4155508],[115.2432038,-2.4159326],[115.243527,-2.4162153],[115.243582,-2.4162448],[115.2436893,-2.4162958],[115.2439293,-2.4164029],[115.2442136,-2.4165356],[115.2444135,-2.4166066],[115.2445248,-2.4166347],[115.244687,-2.4166481],[115.2448788,-2.4166522],[115.2450318,-2.4166455],[115.2458662,-2.4165779],[115.2461674,-2.4165526]]}},{"type":"Feature","properties":{"segmentId":"osm-gaul2-73682-2536114919-4061678951-0","regionId":"gaul2-73682","province":"Kalimantan Selatan","region":"Hulusungai Utara","roadName":"Unnamed OSM road","highway":"tertiary","lengthMeters":1654.851,"osmWayIds":["403865312"],"u":"2536114919","v":"4061678951","key":0,"oneway":false,"source":"OpenStreetMap"},"geometry":{"type":"LineString","coordinates":[[115.2345314,-2.4088766],[115.2352102,-2.4080429],[115.2355035,-2.4077436],[115.2361209,-2.4072856],[115.2367973,-2.4069003],[115.2369033,-2.406856],[115.2369488,-2.4068411],[115.2369931,-2.4068266],[115.2371031,-2.4068145],[115.2371956,-2.4068319],[115.2378662,-2.4071495],[115.2381478,-2.4072741],[115.238329,-2.4073398],[115.2383731,-2.4073558],[115.2386025,-2.4074188],[115.2391805,-2.4075515],[115.2393937,-2.4076077],[115.2407241,-2.4080526],[115.2408448,-2.4080981],[115.2410406,-2.408212],[115.2411921,-2.4083018],[115.2414724,-2.4084613],[115.2416186,-2.4085135],[115.2417541,-2.4085671],[115.2418385,-2.4085778],[115.2419204,-2.4085671],[115.2420156,-2.408547],[115.2420774,-2.4085395],[115.2422557,-2.4085179],[115.2424192,-2.4085202],[115.2425668,-2.4085524],[115.2426871,-2.4085842],[115.2431247,-2.4086998],[115.2435994,-2.408874],[115.2436478,-2.4088898],[115.2437966,-2.4089383],[115.243811,-2.408942],[115.2439159,-2.4089691],[115.2441291,-2.4089812],[115.2442387,-2.4089759],[115.2445167,-2.4089624],[115.2449901,-2.4089329],[115.2452785,-2.4089142],[115.245603,-2.4089101],[115.2457812,-2.4089255],[115.2460389,-2.4089477],[115.2461034,-2.4089596],[115.2462454,-2.4089858],[115.2466987,-2.4090804],[115.2467615,-2.4090935],[115.247101,-2.4091728],[115.2472606,-2.4092022],[115.2475597,-2.4092223],[115.2478789,-2.4092424],[115.2481885,-2.4092528]]}},{"type":"Feature","properties":{"segmentId":"osm-gaul2-73682-2536114972-2536114919-0","regionId":"gaul2-73682","province":"Kalimantan Selatan","region":"Hulusungai Utara","roadName":"Jalan Negara Dipa","highway":"tertiary","lengthMeters":1102.082,"osmWayIds":["246591385","665213598","665213599"],"u":"2536114972","v":"2536114919","key":0,"oneway":false,"source":"OpenStreetMap"},"geometry":{"type":"LineString","coordinates":[[115.2272929,-2.4030356],[115.2273591,-2.4031503],[115.2276805,-2.4034145],[115.2279672,-2.4038221],[115.2280694,-2.4040663],[115.2281901,-2.4042941],[115.2284154,-2.4047706],[115.2285002,-2.4049198],[115.2285898,-2.4049989],[115.2286938,-2.4050431],[115.2290694,-2.4051421],[115.2296277,-2.4053037],[115.2299003,-2.4053968],[115.2300449,-2.4054478],[115.2301535,-2.4055335],[115.2302589,-2.4056513],[115.2302887,-2.4056877],[115.2304351,-2.4058659],[115.230551,-2.4060026],[115.2307234,-2.4061912],[115.2309528,-2.4064139],[115.2312503,-2.4066655],[115.2315576,-2.4069362],[115.2317296,-2.4070834],[115.2318701,-2.4072527],[115.2320352,-2.4075884],[115.2321196,-2.4077886],[115.2322051,-2.4078937],[115.2322644,-2.4079575],[115.232367,-2.4079937],[115.2324843,-2.4080003],[115.2325705,-2.4079885],[115.2327323,-2.4079207],[115.232923,-2.4078684],[115.2331093,-2.4078927],[115.2331236,-2.4078946],[115.2334732,-2.408051],[115.2341651,-2.4085391],[115.2343052,-2.4086673],[115.2345314,-2.4088766]]}},{"type":"Feature","properties":{"segmentId":"osm-gaul2-73682-2536114972-3840357183-0","regionId":"gaul2-73682","province":"Kalimantan Selatan","region":"Hulusungai Utara","roadName":"Unnamed OSM road","highway":"tertiary","lengthMeters":1798.847,"osmWayIds":["380711895"],"u":"2536114972","v":"3840357183","key":0,"oneway":false,"source":"OpenStreetMap"},"geometry":{"type":"LineString","coordinates":[[115.2272929,-2.4030356],[115.2267234,-2.4032677],[115.2258391,-2.4037387],[115.2256298,-2.4039311],[115.225409,-2.4041341],[115.2253796,-2.4041706],[115.2248229,-2.4048611],[115.224483,-2.4052519],[115.2237223,-2.4060362],[115.2228645,-2.4068932],[115.2226057,-2.4071412],[115.2222255,-2.4075226],[115.2215212,-2.4081572],[115.2213198,-2.4083126],[115.2208791,-2.4086882],[115.2203581,-2.409058],[115.2202317,-2.4091113],[115.2199647,-2.4091976],[115.2194818,-2.4093],[115.219061,-2.4094671],[115.2185485,-2.4097366],[115.2182086,-2.4099468],[115.2177231,-2.4103592],[115.2176801,-2.4103905],[115.2175396,-2.4105209],[115.2173697,-2.4109009],[115.2172448,-2.4111579],[115.2171225,-2.4114371],[115.216596,-2.4122642],[115.2164371,-2.4126215],[115.2163175,-2.4129464],[115.2159185,-2.413556],[115.215838,-2.4136773],[115.2157861,-2.4137461]]}},{"type":"Feature","properties":{"segmentId":"osm-gaul2-73682-2536114972-5913486461-0","regionId":"gaul2-73682","province":"Kalimantan Selatan","region":"Hulusungai Utara","roadName":"Unnamed OSM road","highway":"tertiary","lengthMeters":2257.226,"osmWayIds":["246644646"],"u":"2536114972","v":"5913486461","key":0,"oneway":false,"source":"OpenStreetMap"},"geometry":{"type":"LineString","coordinates":[[115.2272929,-2.4030356],[115.2273104,-2.4029006],[115.227384,-2.4027777],[115.2275732,-2.402571],[115.2277194,-2.402384],[115.2279664,-2.4021672],[115.2281043,-2.4020939],[115.2283058,-2.4020164],[115.2286059,-2.4019492],[115.2289329,-2.4018892],[115.2294427,-2.4018206],[115.2297538,-2.4017697],[115.2300094,-2.4016999],[115.2302662,-2.4015633],[115.2304475,-2.4014059],[115.2307837,-2.4010933],[115.230806,-2.4010637],[115.2310252,-2.4007728],[115.2312428,-2.4004545],[115.231449,-2.4001403],[115.2315831,-2.3999635],[115.2317928,-2.3997819],[115.2320096,-2.399607],[115.2321707,-2.3994323],[115.2323878,-2.3991541],[115.2325957,-2.3989703],[115.2327459,-2.3988768],[115.232837,-2.3988594],[115.2329189,-2.398858],[115.2330532,-2.3989006],[115.2335049,-2.3991099],[115.2337812,-2.3992399],[115.2341052,-2.3993403],[115.2344196,-2.3994195],[115.2347732,-2.3995099],[115.2352121,-2.3995749],[115.2354375,-2.3996258],[115.2356719,-2.3997095],[115.2359544,-2.399871],[115.2362099,-2.4000894],[115.236336,-2.4001939],[115.2365091,-2.4003141],[115.2366444,-2.4003788],[115.2367812,-2.4004003],[115.2370495,-2.4004485],[115.2372432,-2.4004605],[115.2374263,-2.40047],[115.237653,-2.400486],[115.2379587,-2.4004726],[115.2381304,-2.4004592],[115.2383168,-2.4004405],[115.2385367,-2.4004217],[115.2387057,-2.4004164],[115.239104,-2.4004311],[115.2392247,-2.4004485],[115.2396955,-2.4005115],[115.2400294,-2.4005544],[115.2403928,-2.4005718],[115.2405551,-2.4005745],[115.2409427,-2.400608],[115.2412324,-2.4006267],[115.2414912,-2.4006683],[115.2417138,-2.4007245],[115.2419646,-2.4008009],[115.2424045,-2.4008907],[115.2427344,-2.4009081],[115.2429892,-2.4009081],[115.2431944,-2.4008934],[115.2434291,-2.4008666],[115.243649,-2.400817],[115.2438717,-2.400758],[115.2441305,-2.4006629],[115.2444161,-2.4005343],[115.2447756,-2.4004164],[115.2450478,-2.400344],[115.2453428,-2.4002623]]}},{"type":"Feature","properties":{"segmentId":"osm-gaul2-73682-2536114974-2536114919-0","regionId":"gaul2-73682","province":"Kalimantan Selatan","region":"Hulusungai Utara","roadName":"Jalan Negara Dipa","highway":"tertiary","lengthMeters":1604.147,"osmWayIds":["246591385"],"u":"2536114974","v":"2536114919","key":0,"oneway":false,"source":"OpenStreetMap"},"geometry":{"type":"LineString","coordinates":[[115.2461674,-2.4165526],[115.2458662,-2.4165779],[115.2450318,-2.4166455],[115.2448788,-2.4166522],[115.244687,-2.4166481],[115.2445248,-2.4166347],[115.2444135,-2.4166066],[115.2442136,-2.4165356],[115.2439293,-2.4164029],[115.2436893,-2.4162958],[115.243582,-2.4162448],[115.243527,-2.4162153],[115.2432038,-2.4159326],[115.2428068,-2.4155508],[115.2418372,-2.4147214],[115.2405336,-2.4135851],[115.2404304,-2.4135087],[115.2402467,-2.4133667],[115.2399489,-2.4131818],[115.2396472,-2.413029],[115.2386829,-2.4126003],[115.2382645,-2.4124033],[115.2381049,-2.4123283],[115.238011,-2.4122666],[115.2379413,-2.4121983],[115.2375819,-2.4118553],[115.2371058,-2.4113434],[115.2365412,-2.4107306],[115.2356342,-2.4098505],[115.2352629,-2.4095263],[115.2345314,-2.4088766]]}},{"type":"Feature","properties":{"segmentId":"osm-gaul2-73682-2536114974-3599756492-0","regionId":"gaul2-73682","province":"Kalimantan Selatan","region":"Hulusungai Utara","roadName":"Jalan Negara Dipa","highway":"tertiary","lengthMeters":228.382,"osmWayIds":["246591385"],"u":"2536114974","v":"3599756492","key":0,"oneway":false,"source":"OpenStreetMap"},"geometry":{"type":"LineString","coordinates":[[115.2461674,-2.4165526],[115.2464955,-2.4165269],[115.2467242,-2.4165054],[115.2470192,-2.4164726],[115.2471641,-2.4164659],[115.2473022,-2.4164766],[115.2474256,-2.4165021],[115.2475262,-2.4165691],[115.2476013,-2.4166696],[115.2477649,-2.4169282],[115.247848,-2.4170823],[115.2478768,-2.4171379]]}},{"type":"Feature","properties":{"segmentId":"osm-gaul2-73682-2536114974-4061678951-0","regionId":"gaul2-73682","province":"Kalimantan Selatan","region":"Hulusungai Utara","roadName":"Jalan Sukma Raga","highway":"tertiary","lengthMeters":1024.54,"osmWayIds":["246591390","246603699"],"u":"2536114974","v":"4061678951","key":0,"oneway":false,"source":"OpenStreetMap"},"geometry":{"type":"LineString","coordinates":[[115.2461674,-2.4165526],[115.2460442,-2.4155642],[115.245937,-2.4144775],[115.2458806,-2.4139522],[115.2458283,-2.4135034],[115.2458189,-2.4134029],[115.2458069,-2.4133319],[115.2458042,-2.4132662],[115.2458216,-2.4131979],[115.2458632,-2.4131041],[115.2459316,-2.413013],[115.2461193,-2.4128294],[115.2463098,-2.4126431],[115.2463312,-2.4126083],[115.2471024,-2.4118419],[115.2476831,-2.4112389],[115.2477917,-2.4111357],[115.2478722,-2.4110781],[115.2479473,-2.4110419],[115.2483255,-2.4109723],[115.2488726,-2.4108999],[115.2489115,-2.4108731],[115.2489249,-2.4108276],[115.2489249,-2.4107793],[115.2488807,-2.41051],[115.24887,-2.4104309],[115.2488552,-2.410384],[115.2487385,-2.4101496],[115.2485669,-2.409832],[115.2484596,-2.4096578],[115.2481885,-2.4092528]]}},{"type":"Feature","properties":{"segmentId":"osm-gaul2-73682-2536128400-11494591684-0","regionId":"gaul2-73682","province":"Kalimantan Selatan","region":"Hulusungai Utara","roadName":"Jalan Ahmad Yani","highway":"primary","lengthMeters":124.117,"osmWayIds":["246462634"],"u":"2536128400","v":"11494591684","key":0,"oneway":true,"source":"OpenStreetMap"},"geometry":{"type":"LineString","coordinates":[[115.2550847,-2.4195268],[115.2548285,-2.4195549],[115.254191,-2.4196321],[115.2541519,-2.4196402],[115.2541127,-2.419659],[115.2540871,-2.4196795],[115.25401,-2.4197448]]}},{"type":"Feature","properties":{"segmentId":"osm-gaul2-73682-2536128400-2536128403-0","regionId":"gaul2-73682","province":"Kalimantan Selatan","region":"Hulusungai Utara","roadName":"Jalan Ahmad Dahlan","highway":"tertiary","lengthMeters":486.98,"osmWayIds":["246594263"],"u":"2536128400","v":"2536128403","key":0,"oneway":false,"source":"OpenStreetMap"},"geometry":{"type":"LineString","coordinates":[[115.2550847,-2.4195268],[115.2551517,-2.4202672],[115.2552025,-2.4207007],[115.2552322,-2.4209546],[115.2552664,-2.4212649],[115.2553059,-2.4216222],[115.2553073,-2.4216353],[115.255392,-2.4224281],[115.2553983,-2.422488],[115.2554455,-2.4229367],[115.2554567,-2.4230425],[115.2554679,-2.4231493],[115.2554964,-2.42342],[115.2555075,-2.4235356],[115.2555406,-2.4238824]]}},{"type":"Feature","properties":{"segmentId":"osm-gaul2-73682-2536128403-2536128400-0","regionId":"gaul2-73682","province":"Kalimantan Selatan","region":"Hulusungai Utara","roadName":"Jalan Ahmad Dahlan","highway":"tertiary","lengthMeters":486.98,"osmWayIds":["246594263"],"u":"2536128403","v":"2536128400","key":0,"oneway":false,"source":"OpenStreetMap"},"geometry":{"type":"LineString","coordinates":[[115.2555406,-2.4238824],[115.2555075,-2.4235356],[115.2554964,-2.42342],[115.2554679,-2.4231493],[115.2554567,-2.4230425],[115.2554455,-2.4229367],[115.2553983,-2.422488],[115.255392,-2.4224281],[115.2553073,-2.4216353],[115.2553059,-2.4216222],[115.2552664,-2.4212649],[115.2552322,-2.4209546],[115.2552025,-2.4207007],[115.2551517,-2.4202672],[115.2550847,-2.4195268]]}},{"type":"Feature","properties":{"segmentId":"osm-gaul2-73682-2536128403-2536130254-0","regionId":"gaul2-73682","province":"Kalimantan Selatan","region":"Hulusungai Utara","roadName":"Jalan Bihman Villa","highway":"secondary","lengthMeters":923.644,"osmWayIds":["246594444"],"u":"2536128403","v":"2536130254","key":0,"oneway":false,"source":"OpenStreetMap"},"geometry":{"type":"LineString","coordinates":[[115.2555406,-2.4238824],[115.255892,-2.4238461],[115.2562156,-2.4237903],[115.2568086,-2.423688],[115.2569883,-2.4236604],[115.2574798,-2.4235851],[115.2585917,-2.4234146],[115.2586469,-2.423403],[115.2587975,-2.4233715],[115.2591984,-2.4232875],[115.2596082,-2.4232016],[115.2600159,-2.4231092],[115.2603699,-2.4230342],[115.2605858,-2.4229792],[115.2610593,-2.4228171],[115.2617272,-2.422597],[115.2621898,-2.4224446],[115.2633311,-2.4221043],[115.2634773,-2.422044],[115.2636002,-2.421967]]}},{"type":"Feature","properties":{"segmentId":"osm-gaul2-73682-2536128403-7180647228-0","regionId":"gaul2-73682","province":"Kalimantan Selatan","region":"Hulusungai Utara","roadName":"Jalan Suwandi Sumarta","highway":"secondary","lengthMeters":224.527,"osmWayIds":["1237543809","246595492"],"u":"2536128403","v":"7180647228","key":0,"oneway":false,"source":"OpenStreetMap"},"geometry":{"type":"LineString","coordinates":[[115.2555406,-2.4238824],[115.255558,-2.4241959],[115.2556466,-2.4251177],[115.2556653,-2.4255224],[115.2556586,-2.425848],[115.2556533,-2.4258961]]}},{"type":"Feature","properties":{"segmentId":"osm-gaul2-73682-2536128405-2536128400-0","regionId":"gaul2-73682","province":"Kalimantan Selatan","region":"Hulusungai Utara","roadName":"Jalan Ahmad Yani","highway":"primary","lengthMeters":63.294,"osmWayIds":["246462634"],"u":"2536128405","v":"2536128400","key":0,"oneway":true,"source":"OpenStreetMap"},"geometry":{"type":"LineString","coordinates":[[115.2556492,-2.4194499],[115.2550847,-2.4195268]]}},{"type":"Feature","properties":{"segmentId":"osm-gaul2-73682-2536128409-2536128405-0","regionId":"gaul2-73682","province":"Kalimantan Selatan","region":"Hulusungai Utara","roadName":"Jalan Pangeran Antasari","highway":"tertiary","lengthMeters":529.835,"osmWayIds":["246594264"],"u":"2536128409","v":"2536128405","key":0,"oneway":true,"source":"OpenStreetMap"},"geometry":{"type":"LineString","coordinates":[[115.2599925,-2.4213959],[115.2598549,-2.4213794],[115.259757,-2.4213553],[115.2595679,-2.4212856],[115.2591515,-2.4210882],[115.2590658,-2.4210479],[115.2588709,-2.4209564],[115.2586769,-2.4208652],[115.2578395,-2.4204839],[115.2577165,-2.4204254],[115.2574361,-2.4202967],[115.2572766,-2.4202235],[115.2571689,-2.4201741],[115.2569814,-2.4200871],[115.2568593,-2.4200305],[115.2564901,-2.4198546],[115.2556492,-2.4194499]]}},{"type":"Feature","properties":{"segmentId":"osm-gaul2-73682-2536128409-2536130257-0","regionId":"gaul2-73682","province":"Kalimantan Selatan","region":"Hulusungai Utara","roadName":"Jalan Haji Ali","highway":"tertiary","lengthMeters":458.135,"osmWayIds":["246594265"],"u":"2536128409","v":"2536130257","key":0,"oneway":false,"source":"OpenStreetMap"},"geometry":{"type":"LineString","coordinates":[[115.2599925,-2.4213959],[115.2605094,-2.4212735],[115.260668,-2.421227],[115.2612978,-2.4210717],[115.2614053,-2.4210467],[115.2617421,-2.4209684],[115.2627788,-2.4207171],[115.2631333,-2.4206319],[115.2635911,-2.4205241],[115.2636878,-2.420499],[115.2638863,-2.4204535],[115.2639966,-2.4204142]]}},{"type":"Feature","properties":{"segmentId":"osm-gaul2-73682-2536128414-2536128426-0","regionId":"gaul2-73682","province":"Kalimantan Selatan","region":"Hulusungai Utara","roadName":"Jalan Abdul Azis","highway":"primary","lengthMeters":121.903,"osmWayIds":["246622021","381955189","381955190"],"u":"2536128414","v":"2536128426","key":0,"oneway":false,"source":"OpenStreetMap"},"geometry":{"type":"LineString","coordinates":[[115.2645949,-2.4187933],[115.2650836,-2.4187382],[115.2653244,-2.418711],[115.2653444,-2.4187087],[115.2656571,-2.4186868],[115.2656866,-2.4186852]]}},{"type":"Feature","properties":{"segmentId":"osm-gaul2-73682-2536128414-2536130238-0","regionId":"gaul2-73682","province":"Kalimantan Selatan","region":"Hulusungai Utara","roadName":"Jalan Abdul Azis","highway":"primary","lengthMeters":494.728,"osmWayIds":["358926290"],"u":"2536128414","v":"2536130238","key":0,"oneway":false,"source":"OpenStreetMap"},"geometry":{"type":"LineString","coordinates":[[115.2645949,-2.4187933],[115.2637133,-2.418922],[115.2635604,-2.4189461],[115.2635421,-2.4189489],[115.2631333,-2.4190116],[115.2630157,-2.4190296],[115.262796,-2.4190633],[115.2625502,-2.4191119],[115.2620199,-2.4192166],[115.2619692,-2.4192278],[115.2616493,-2.4192988],[115.2613952,-2.4193551],[115.2611093,-2.4194112],[115.2609344,-2.4194534],[115.2608407,-2.419476],[115.2605309,-2.4195584],[115.2602263,-2.4196377]]}},{"type":"Feature","properties":{"segmentId":"osm-gaul2-73682-2536128414-2536130257-0","regionId":"gaul2-73682","province":"Kalimantan Selatan","region":"Hulusungai Utara","roadName":"Jalan Haji Ali","highway":"secondary","lengthMeters":203.2,"osmWayIds":["769801820"],"u":"2536128414","v":"2536130257","key":0,"oneway":false,"source":"OpenStreetMap"},"geometry":{"type":"LineString","coordinates":[[115.2645949,-2.4187933],[115.264577,-2.4189126],[115.2645401,-2.4191841],[115.2644964,-2.4195057],[115.2644515,-2.4198368],[115.2644362,-2.4199309],[115.2644013,-2.4200287],[115.2643195,-2.4201681],[115.2641929,-2.4203141],[115.2639966,-2.4204142]]}},{"type":"Feature","properties":{"segmentId":"osm-gaul2-73682-2536128426-2536128414-0","regionId":"gaul2-73682","province":"Kalimantan Selatan","region":"Hulusungai Utara","roadName":"Jalan Abdul Azis","highway":"primary","lengthMeters":121.903,"osmWayIds":["246622021","381955189","381955190"],"u":"2536128426","v":"2536128414","key":0,"oneway":false,"source":"OpenStreetMap"},"geometry":{"type":"LineString","coordinates":[[115.2656866,-2.4186852],[115.2656571,-2.4186868],[115.2653444,-2.4187087],[115.2653244,-2.418711],[115.2650836,-2.4187382],[115.2645949,-2.4187933]]}},{"type":"Feature","properties":{"segmentId":"osm-gaul2-73682-2536128426-3076197908-0","regionId":"gaul2-73682","province":"Kalimantan Selatan","region":"Hulusungai Utara","roadName":"Jalan Jermani Husin","highway":"primary","lengthMeters":4781.24,"osmWayIds":["246622021"],"u":"2536128426","v":"3076197908","key":0,"oneway":false,"source":"OpenStreetMap"},"geometry":{"type":"LineString","coordinates":[[115.2656866,-2.4186852],[115.2659556,-2.4186882],[115.266189,-2.4186922],[115.2663332,-2.4186989],[115.2667328,-2.4186996],[115.2685024,-2.4187046],[115.2687961,-2.4187054],[115.2691032,-2.4187063],[115.2695967,-2.4187108],[115.2708735,-2.4187224],[115.2725096,-2.4187539],[115.2726061,-2.4187558],[115.2733129,-2.4187826],[115.2735368,-2.4187932],[115.2737957,-2.4188054],[115.2742383,-2.418867],[115.2747291,-2.4189287],[115.2750771,-2.4190037],[115.275448,-2.4190653],[115.2756773,-2.4191149],[115.2775086,-2.4195377],[115.277695,-2.4195784],[115.277929,-2.4196294],[115.2782173,-2.4196777],[115.2787605,-2.419734],[115.2793801,-2.4197474],[115.2798334,-2.41975],[115.280803,-2.4197541],[115.2820247,-2.4197541],[115.2822246,-2.4197594],[115.2829555,-2.4197701],[115.2831499,-2.4197728],[115.2836636,-2.4197688],[115.2843234,-2.4197621],[115.2849497,-2.4197179],[115.2863847,-2.4196161],[115.2866734,-2.4195956],[115.2871871,-2.419559],[115.2878854,-2.4194861],[115.2882123,-2.4194449],[115.2885962,-2.4193966],[115.2889797,-2.419336],[115.2892643,-2.4192774],[115.2895403,-2.4192248],[115.2896365,-2.4192038],[115.2898568,-2.419139],[115.2900861,-2.419064],[115.2902564,-2.4189758],[115.2903771,-2.4189059],[115.2905716,-2.4187786],[115.2909042,-2.4185361],[115.2912998,-2.4182346],[115.2917507,-2.4178989],[115.294158,-2.416135],[115.2945083,-2.4158851],[115.2956705,-2.4150085],[115.2957228,-2.4149776],[115.2958724,-2.4148694],[115.2961776,-2.414663],[115.2969423,-2.414149],[115.2970348,-2.4140796],[115.2987601,-2.41293],[115.2998385,-2.4121973],[115.3000205,-2.4120754],[115.3005443,-2.4117144],[115.3008427,-2.4115157],[115.3016501,-2.4109783],[115.3039979,-2.4094207],[115.3052813,-2.4085546]]}},{"type":"Feature","properties":{"segmentId":"osm-gaul2-73682-2536128426-3076350277-0","regionId":"gaul2-73682","province":"Kalimantan Selatan","region":"Hulusungai Utara","roadName":"Jalan Kyai Haji Ahmad Riduan","highway":"tertiary","lengthMeters":194.03,"osmWayIds":["303283175"],"u":"2536128426","v":"3076350277","key":0,"oneway":false,"source":"OpenStreetMap"},"geometry":{"type":"LineString","coordinates":[[115.2656866,-2.4186852],[115.2655976,-2.418455],[115.2655573,-2.4183451],[115.2655385,-2.418252],[115.2655379,-2.4182118],[115.2655479,-2.4181482],[115.2656431,-2.4179492],[115.2657048,-2.41784],[115.2657337,-2.4177828],[115.2657451,-2.4177449],[115.2657699,-2.4176524],[115.2658886,-2.4171627],[115.2659134,-2.4170327]]}},{"type":"Feature","properties":{"segmentId":"osm-gaul2-73682-2536130238-2536128409-0","regionId":"gaul2-73682","province":"Kalimantan Selatan","region":"Hulusungai Utara","roadName":"Jalan Tumenggung Jalil","highway":"tertiary","lengthMeters":202.4,"osmWayIds":["246594442"],"u":"2536130238","v":"2536128409","key":0,"oneway":true,"source":"OpenStreetMap"},"geometry":{"type":"LineString","coordinates":[[115.2602263,-2.4196377],[115.260272,-2.4198385],[115.2603109,-2.4201091],[115.2603165,-2.4202191],[115.260321,-2.4203068],[115.2603176,-2.4203718],[115.2602828,-2.4205861],[115.2601768,-2.4209225],[115.260032,-2.4212802],[115.2599925,-2.4213959]]}},{"type":"Feature","properties":{"segmentId":"osm-gaul2-73682-2536130238-2536128414-0","regionId":"gaul2-73682","province":"Kalimantan Selatan","region":"Hulusungai Utara","roadName":"Jalan Abdul Azis","highway":"primary","lengthMeters":494.728,"osmWayIds":["358926290"],"u":"2536130238","v":"2536128414","key":0,"oneway":false,"source":"OpenStreetMap"},"geometry":{"type":"LineString","coordinates":[[115.2602263,-2.4196377],[115.2605309,-2.4195584],[115.2608407,-2.419476],[115.2609344,-2.4194534],[115.2611093,-2.4194112],[115.2613952,-2.4193551],[115.2616493,-2.4192988],[115.2619692,-2.4192278],[115.2620199,-2.4192166],[115.2625502,-2.4191119],[115.262796,-2.4190633],[115.2630157,-2.4190296],[115.2631333,-2.4190116],[115.2635421,-2.4189489],[115.2635604,-2.4189461],[115.2637133,-2.418922],[115.2645949,-2.4187933]]}},{"type":"Feature","properties":{"segmentId":"osm-gaul2-73682-2536130254-2536128403-0","regionId":"gaul2-73682","province":"Kalimantan Selatan","region":"Hulusungai Utara","roadName":"Jalan Bihman Villa","highway":"secondary","lengthMeters":923.644,"osmWayIds":["246594444"],"u":"2536130254","v":"2536128403","key":0,"oneway":false,"source":"OpenStreetMap"},"geometry":{"type":"LineString","coordinates":[[115.2636002,-2.421967],[115.2634773,-2.422044],[115.2633311,-2.4221043],[115.2621898,-2.4224446],[115.2617272,-2.422597],[115.2610593,-2.4228171],[115.2605858,-2.4229792],[115.2603699,-2.4230342],[115.2600159,-2.4231092],[115.2596082,-2.4232016],[115.2591984,-2.4232875],[115.2587975,-2.4233715],[115.2586469,-2.423403],[115.2585917,-2.4234146],[115.2574798,-2.4235851],[115.2569883,-2.4236604],[115.2568086,-2.423688],[115.2562156,-2.4237903],[115.255892,-2.4238461],[115.2555406,-2.4238824]]}},{"type":"Feature","properties":{"segmentId":"osm-gaul2-73682-2536130254-2536130257-0","regionId":"gaul2-73682","province":"Kalimantan Selatan","region":"Hulusungai Utara","roadName":"Jalan Bihman Villa","highway":"secondary","lengthMeters":178.837,"osmWayIds":["769801821"],"u":"2536130254","v":"2536130257","key":0,"oneway":false,"source":"OpenStreetMap"},"geometry":{"type":"LineString","coordinates":[[115.2636002,-2.421967],[115.2636185,-2.4219316],[115.2636731,-2.4218256],[115.2637817,-2.4214517],[115.2638568,-2.4210136],[115.2639668,-2.4205433],[115.2639966,-2.4204142]]}},{"type":"Feature","properties":{"segmentId":"osm-gaul2-73682-2536130254-7180647228-0","regionId":"gaul2-73682","province":"Kalimantan Selatan","region":"Hulusungai Utara","roadName":"Jalan Haji Murhan","highway":"tertiary","lengthMeters":1228.052,"osmWayIds":["246596883","769801822"],"u":"2536130254","v":"7180647228","key":0,"oneway":false,"source":"OpenStreetMap"},"geometry":{"type":"LineString","coordinates":[[115.2636002,-2.421967],[115.2635953,-2.4221351],[115.2635819,-2.4224299],[115.263555,-2.4226617],[115.2635135,-2.422927],[115.2634491,-2.4234174],[115.2634089,-2.4239882],[115.2633606,-2.4244987],[115.2632627,-2.4252772],[115.2630523,-2.42527],[115.2627155,-2.4252584],[115.2625827,-2.4252423],[115.2623548,-2.4251901],[115.2621281,-2.4251298],[115.2617727,-2.4250587],[115.2613503,-2.4249864],[115.2612685,-2.424969],[115.2611062,-2.4249636],[115.2609171,-2.4249757],[115.2607562,-2.4250038],[115.260487,-2.4250596],[115.260213,-2.4251164],[115.2600293,-2.4251485],[115.2597919,-2.4251927],[115.2594451,-2.425237],[115.2591489,-2.4252749],[115.25888,-2.4253093],[115.2585302,-2.4253683],[115.258078,-2.4254446],[115.2568038,-2.4256757],[115.2559134,-2.4258372],[115.2556533,-2.4258961]]}},{"type":"Feature","properties":{"segmentId":"osm-gaul2-73682-2536130257-2536128409-0","regionId":"gaul2-73682","province":"Kalimantan Selatan","region":"Hulusungai Utara","roadName":"Jalan Haji Ali","highway":"tertiary","lengthMeters":458.135,"osmWayIds":["246594265"],"u":"2536130257","v":"2536128409","key":0,"oneway":false,"source":"OpenStreetMap"},"geometry":{"type":"LineString","coordinates":[[115.2639966,-2.4204142],[115.2638863,-2.4204535],[115.2636878,-2.420499],[115.2635911,-2.4205241],[115.2631333,-2.4206319],[115.2627788,-2.4207171],[115.2617421,-2.4209684],[115.2614053,-2.4210467],[115.2612978,-2.4210717],[115.260668,-2.421227],[115.2605094,-2.4212735],[115.2599925,-2.4213959]]}},{"type":"Feature","properties":{"segmentId":"osm-gaul2-73682-2536130257-2536128414-0","regionId":"gaul2-73682","province":"Kalimantan Selatan","region":"Hulusungai Utara","roadName":"Jalan Haji Ali","highway":"secondary","lengthMeters":203.2,"osmWayIds":["769801820"],"u":"2536130257","v":"2536128414","key":0,"oneway":false,"source":"OpenStreetMap"},"geometry":{"type":"LineString","coordinates":[[115.2639966,-2.4204142],[115.2641929,-2.4203141],[115.2643195,-2.4201681],[115.2644013,-2.4200287],[115.2644362,-2.4199309],[115.2644515,-2.4198368],[115.2644964,-2.4195057],[115.2645401,-2.4191841],[115.264577,-2.4189126],[115.2645949,-2.4187933]]}},{"type":"Feature","properties":{"segmentId":"osm-gaul2-73682-2536130257-2536130254-0","regionId":"gaul2-73682","province":"Kalimantan Selatan","region":"Hulusungai Utara","roadName":"Jalan Bihman Villa","highway":"secondary","lengthMeters":178.837,"osmWayIds":["769801821"],"u":"2536130257","v":"2536130254","key":0,"oneway":false,"source":"OpenStreetMap"},"geometry":{"type":"LineString","coordinates":[[115.2639966,-2.4204142],[115.2639668,-2.4205433],[115.2638568,-2.4210136],[115.2637817,-2.4214517],[115.2636731,-2.4218256],[115.2636185,-2.4219316],[115.2636002,-2.421967]]}},{"type":"Feature","properties":{"segmentId":"osm-gaul2-73682-2536192217-3599756600-0","regionId":"gaul2-73682","province":"Kalimantan Selatan","region":"Hulusungai Utara","roadName":"Unnamed OSM road","highway":"tertiary_link","lengthMeters":6.045,"osmWayIds":["665213605"],"u":"2536192217","v":"3599756600","key":0,"oneway":false,"source":"OpenStreetMap"},"geometry":{"type":"LineString","coordinates":[[115.2503821,-2.4179472],[115.2503317,-2.4179677]]}},{"type":"Feature","properties":{"segmentId":"osm-gaul2-73682-2536192217-9069191019-0","regionId":"gaul2-73682","province":"Kalimantan Selatan","region":"Hulusungai Utara","roadName":"Jalan Abdul Gani Majedi","highway":"tertiary","lengthMeters":6.909,"osmWayIds":["246603423"],"u":"2536192217","v":"9069191019","key":0,"oneway":true,"source":"OpenStreetMap"},"geometry":{"type":"LineString","coordinates":[[115.2503821,-2.4179472],[115.250399,-2.418007]]}},{"type":"Feature","properties":{"segmentId":"osm-gaul2-73682-2536192225-2536192217-0","regionId":"gaul2-73682","province":"Kalimantan Selatan","region":"Hulusungai Utara","roadName":"Jalan Abdul Gani Majedi","highway":"tertiary","lengthMeters":273.501,"osmWayIds":["246603423"],"u":"2536192225","v":"2536192217","key":0,"oneway":true,"source":"OpenStreetMap"},"geometry":{"type":"LineString","coordinates":[[115.2491722,-2.4158806],[115.2493782,-2.4161001],[115.2495452,-2.4162716],[115.2497254,-2.4164352],[115.2498617,-2.4165597],[115.2499113,-2.416618],[115.2499609,-2.4166944],[115.2500253,-2.4168431],[115.2501339,-2.417101],[115.2502285,-2.4173737],[115.2503821,-2.4179472]]}},{"type":"Feature","properties":{"segmentId":"osm-gaul2-73682-2536192225-3599756481-0","regionId":"gaul2-73682","province":"Kalimantan Selatan","region":"Hulusungai Utara","roadName":"Jalan Empu Jatmika","highway":"tertiary","lengthMeters":8.211,"osmWayIds":["769550776"],"u":"2536192225","v":"3599756481","key":0,"oneway":false,"source":"OpenStreetMap"},"geometry":{"type":"LineString","coordinates":[[115.2491722,-2.4158806],[115.249118,-2.4159308]]}},{"type":"Feature","properties":{"segmentId":"osm-gaul2-73682-2536192225-4061128371-0","regionId":"gaul2-73682","province":"Kalimantan Selatan","region":"Hulusungai Utara","roadName":"Jalan Empu Jatmika","highway":"tertiary","lengthMeters":395.844,"osmWayIds":["246603422","246642353","403804683","403804684"],"u":"2536192225","v":"4061128371","key":0,"oneway":false,"source":"OpenStreetMap"},"geometry":{"type":"LineString","coordinates":[[115.2491722,-2.4158806],[115.2500689,-2.4150644],[115.2504444,-2.414724],[115.2506576,-2.414511],[115.2507797,-2.4143904],[115.2509017,-2.4142256],[115.2509153,-2.41419],[115.2509411,-2.4141226],[115.2509755,-2.4140326],[115.251005,-2.4138839],[115.2510218,-2.4137894],[115.2510327,-2.4137037],[115.2510779,-2.4135057],[115.2510868,-2.4134672],[115.2511468,-2.4130915]]}},{"type":"Feature","properties":{"segmentId":"osm-gaul2-73682-2536518722-2528780052-0","regionId":"gaul2-73682","province":"Kalimantan Selatan","region":"Hulusungai Utara","roadName":"Jalan Lingkar Bayur-Panangkalaan","highway":"secondary","lengthMeters":2197.849,"osmWayIds":["403804679"],"u":"2536518722","v":"2528780052","key":0,"oneway":true,"source":"OpenStreetMap"},"geometry":{"type":"LineString","coordinates":[[115.2511225,-2.4130889],[115.2514509,-2.4118919],[115.2519242,-2.4101602],[115.2524389,-2.4081385],[115.2530077,-2.4047831],[115.2530507,-2.4045438],[115.2531172,-2.4044271],[115.2533223,-2.4042535],[115.254937,-2.4030355],[115.2569707,-2.4012335],[115.2577794,-2.4005483],[115.2580129,-2.4004451],[115.2584578,-2.4003665],[115.2590748,-2.4003616],[115.2594878,-2.4004009],[115.2606013,-2.4007005],[115.2608004,-2.400676],[115.2610806,-2.4005925],[115.261469,-2.4003739],[115.261649,-2.4003041],[115.2624262,-2.4002775]]}},{"type":"Feature","properties":{"segmentId":"osm-gaul2-73682-2536518722-3573614610-0","regionId":"gaul2-73682","province":"Kalimantan Selatan","region":"Hulusungai Utara","roadName":"Jalan Haur Gading","highway":"tertiary","lengthMeters":6821.596,"osmWayIds":["246642357","351551888","403804690","666690770"],"u":"2536518722","v":"3573614610","key":0,"oneway":false,"source":"OpenStreetMap"},"geometry":{"type":"LineString","coordinates":[[115.2511225,-2.4130889],[115.2508736,-2.4130304],[115.2507529,-2.4129661],[115.2506348,-2.4129018],[115.2504967,-2.4127879],[115.2503867,-2.4126592],[115.2500837,-2.4122693],[115.2499026,-2.412008],[115.249747,-2.4115913],[115.2495828,-2.4110232],[115.2493675,-2.4102206],[115.2489558,-2.4089517],[115.2488203,-2.4084948],[115.2487841,-2.4082831],[115.2487734,-2.4080687],[115.2487777,-2.4079145],[115.2487828,-2.4077297],[115.2487627,-2.4074858],[115.2486975,-2.4071082],[115.2486547,-2.4066951],[115.2485736,-2.4063763],[115.2484126,-2.4059154],[115.2482101,-2.4054317],[115.248055,-2.4051034],[115.2479201,-2.4048178],[115.2477917,-2.4044857],[115.2477555,-2.4043571],[115.2477394,-2.4042124],[115.2477501,-2.40401],[115.2477873,-2.4038204],[115.2478783,-2.403591],[115.248063,-2.4033303],[115.2484059,-2.402989],[115.248878,-2.4025375],[115.2490067,-2.4023901],[115.2491073,-2.40224],[115.2492895,-2.4018763],[115.249346,-2.4017094],[115.2493753,-2.401587],[115.249393,-2.4014039],[115.2493896,-2.4012513],[115.2493742,-2.4010582],[115.249352,-2.4009154],[115.2490376,-2.3997826],[115.2486683,-2.3985122],[115.2486074,-2.3983043],[115.2485813,-2.3981864],[115.2485803,-2.3978517],[115.2485897,-2.3977057],[115.2486058,-2.3975677],[115.2487031,-2.3972795],[115.2489611,-2.3967932],[115.2497376,-2.395468],[115.2498114,-2.3953219],[115.2498087,-2.3952657],[115.2497926,-2.3952081],[115.2497712,-2.3951451],[115.2497403,-2.3950821],[115.2496867,-2.3950325],[115.2496255,-2.3949925],[115.2492897,-2.3948961],[115.2492266,-2.3948733],[115.2491797,-2.394798],[115.2489014,-2.3941401],[115.2487539,-2.3936882],[115.2487399,-2.3935626],[115.2487362,-2.3934769],[115.2487439,-2.3923499],[115.2487653,-2.3919453],[115.2487814,-2.3918046],[115.2488162,-2.3917006],[115.2488874,-2.391558],[115.2489772,-2.3914522],[115.2491957,-2.3912664],[115.2494399,-2.3910998],[115.249684,-2.3908787],[115.2498059,-2.3907533],[115.249853,-2.3906656],[115.2499616,-2.3903601],[115.2500206,-2.3900667],[115.2500258,-2.3899881],[115.2500206,-2.3898938],[115.2499804,-2.3896768],[115.2499092,-2.3893141],[115.2498127,-2.3888326],[115.2497399,-2.3884143],[115.2493141,-2.3860796],[115.2492856,-2.3859187],[115.2493546,-2.3843658],[115.2493769,-2.384029],[115.2495001,-2.3812664],[115.249521,-2.3802941],[115.2497291,-2.3796772],[115.249885,-2.3793832],[115.249908,-2.3793438],[115.2499455,-2.3793069],[115.2502264,-2.3791072],[115.251198,-2.378458],[115.2514315,-2.3782833],[115.2516273,-2.3781278],[115.2517466,-2.3780112],[115.2520616,-2.3776352],[115.2524587,-2.3771497],[115.2526975,-2.3768736],[115.2529414,-2.376582],[115.253048,-2.3764442],[115.2531615,-2.3762974],[115.2532688,-2.3761072],[115.2534618,-2.3755663],[115.2536657,-2.3750433],[115.2538104,-2.3745533],[115.253875,-2.3744162],[115.2539419,-2.3743416],[115.2543309,-2.3739284],[115.2554012,-2.3729016],[115.2560693,-2.3722407],[115.2561927,-2.3720966],[115.2563173,-2.3719067],[115.2564123,-2.3716505],[115.2564606,-2.3714162],[115.2564413,-2.3711285],[115.2563333,-2.3708068],[115.2552617,-2.3680581],[115.2551758,-2.367837],[115.2551388,-2.3676703],[115.2551302,-2.367573],[115.2551302,-2.3674966],[115.2551664,-2.367324],[115.2553903,-2.3664289],[115.2554681,-2.3662536],[115.2555783,-2.3660831],[115.2556613,-2.3660093],[115.2557525,-2.3659423],[115.2558517,-2.3658833],[115.2559987,-2.3658347],[115.2574287,-2.3656453],[115.2580751,-2.3655272],[115.2587405,-2.3654384],[115.2591517,-2.3654387],[115.2595987,-2.3654524],[115.2599019,-2.3655054],[115.2606715,-2.3657578],[115.2618504,-2.3660521],[115.2626082,-2.3662022],[115.2626887,-2.3662022],[115.2627793,-2.3661916],[115.2628523,-2.3661727],[115.262938,-2.366133],[115.2634183,-2.3659557],[115.2635872,-2.3659235],[115.2637348,-2.3659187]]}},{"type":"Feature","properties":{"segmentId":"osm-gaul2-73682-2536518722-4061128371-0","regionId":"gaul2-73682","province":"Kalimantan Selatan","region":"Hulusungai Utara","roadName":"Unnamed OSM road","highway":"tertiary","lengthMeters":2.715,"osmWayIds":["403804690"],"u":"2536518722","v":"4061128371","key":0,"oneway":false,"source":"OpenStreetMap"},"geometry":{"type":"LineString","coordinates":[[115.2511225,-2.4130889],[115.2511468,-2.4130915]]}},{"type":"Feature","properties":{"segmentId":"osm-gaul2-73682-2536518728-2535020014-0","regionId":"gaul2-73682","province":"Kalimantan Selatan","region":"Hulusungai Utara","roadName":"Poros Amuntai-Tanjung","highway":"trunk","lengthMeters":770.25,"osmWayIds":["246462401","354336033","564210783"],"u":"2536518728","v":"2535020014","key":0,"oneway":false,"source":"OpenStreetMap"},"geometry":{"type":"LineString","coordinates":[[115.2548151,-2.4132742],[115.2546863,-2.4133995],[115.2546369,-2.4134527],[115.2546099,-2.4134826],[115.2545777,-2.4135275],[115.2545455,-2.4135757],[115.2545197,-2.4136212],[115.2544676,-2.4137214],[115.2543999,-2.4138776],[115.2543482,-2.4140208],[115.2543195,-2.4140836],[115.2542907,-2.4141311],[115.2542669,-2.4141707],[115.2542448,-2.4141995],[115.2542143,-2.41424],[115.2541861,-2.4142738],[115.2539024,-2.4145398],[115.2535685,-2.4148326],[115.2534807,-2.414915],[115.2533938,-2.4150058],[115.253364,-2.4150369],[115.2533238,-2.4150851],[115.253265,-2.4151659],[115.2531245,-2.4153588],[115.2530499,-2.4154612],[115.2530193,-2.4155032],[115.2529798,-2.4155655],[115.2529603,-2.4155983],[115.2529409,-2.4156332],[115.2526934,-2.4160867],[115.2524132,-2.4166703],[115.2523836,-2.4167393],[115.2522703,-2.4170716],[115.2520819,-2.417708],[115.2520544,-2.4178072],[115.2520276,-2.4179217],[115.2520075,-2.4179928],[115.2519558,-2.418185],[115.2519324,-2.4183056],[115.251919,-2.4183807],[115.2519102,-2.4184389],[115.2519055,-2.4185033],[115.2518854,-2.4188945],[115.251852,-2.419249],[115.2518462,-2.4193101]]}},{"type":"Feature","properties":{"segmentId":"osm-gaul2-73682-2536518728-2536518730-0","regionId":"gaul2-73682","province":"Kalimantan Selatan","region":"Hulusungai Utara","roadName":"Unnamed OSM road","highway":"tertiary","lengthMeters":407.542,"osmWayIds":["403804690"],"u":"2536518728","v":"2536518730","key":0,"oneway":false,"source":"OpenStreetMap"},"geometry":{"type":"LineString","coordinates":[[115.2548151,-2.4132742],[115.2547681,-2.4132474],[115.2547212,-2.4132273],[115.2546394,-2.4132193],[115.2545683,-2.4132166],[115.2544704,-2.4132233],[115.2541968,-2.4132528],[115.2539219,-2.4132689],[115.2536228,-2.4133017],[115.2531032,-2.413301],[115.2525298,-2.4132086],[115.2519344,-2.4131697],[115.251175,-2.4130937]]}},{"type":"Feature","properties":{"segmentId":"osm-gaul2-73682-2536518728-4061128323-0","regionId":"gaul2-73682","province":"Kalimantan Selatan","region":"Hulusungai Utara","roadName":"Jalan Poros Amuntai-Tanjung","highway":"trunk","lengthMeters":1811.862,"osmWayIds":["564210783"],"u":"2536518728","v":"4061128323","key":0,"oneway":false,"source":"OpenStreetMap"},"geometry":{"type":"LineString","coordinates":[[115.2548151,-2.4132742],[115.2550053,-2.4130638],[115.2551651,-2.412887],[115.2553301,-2.4127222],[115.2555527,-2.4125319],[115.2558933,-2.4122921],[115.2560547,-2.4121917],[115.2572005,-2.4114794],[115.2572532,-2.4114466],[115.2577642,-2.4111478],[115.2578956,-2.4110674],[115.2580002,-2.410975],[115.2580927,-2.4108758],[115.2582107,-2.4107311],[115.258361,-2.4104658],[115.2585179,-2.4101442],[115.2585568,-2.4100156],[115.2586922,-2.4096002],[115.258775,-2.409291],[115.2588156,-2.4091393],[115.2588466,-2.40901],[115.2588679,-2.4089209],[115.2589068,-2.4087199],[115.2589296,-2.4083367],[115.2589336,-2.4080218],[115.2589188,-2.4075113],[115.2589046,-2.4071085],[115.2589028,-2.4070503],[115.2589054,-2.4067917],[115.2589309,-2.4066778],[115.2589805,-2.4064969],[115.2590315,-2.4063857],[115.2592072,-2.4061579],[115.2594103,-2.4059362],[115.2600312,-2.4052523],[115.2602549,-2.4050059],[115.260437,-2.404818],[115.2605912,-2.4046867],[115.2609886,-2.404412],[115.26107,-2.4043557],[115.2615313,-2.4040703],[115.2615863,-2.4040245],[115.2617911,-2.4038649],[115.2619028,-2.4037608],[115.2621509,-2.4035317],[115.2621938,-2.403485],[115.262344,-2.4033213],[115.2624071,-2.4031967],[115.2624768,-2.4030239],[115.2625224,-2.4027492],[115.2625479,-2.4022722],[115.2625599,-2.4020471],[115.2625465,-2.4015901],[115.2625117,-2.4011841],[115.2624334,-2.4003718]]}},{"type":"Feature","properties":{"segmentId":"osm-gaul2-73682-2536518730-2536518728-0","regionId":"gaul2-73682","province":"Kalimantan Selatan","region":"Hulusungai Utara","roadName":"Unnamed OSM road","highway":"tertiary","lengthMeters":407.542,"osmWayIds":["403804690"],"u":"2536518730","v":"2536518728","key":0,"oneway":false,"source":"OpenStreetMap"},"geometry":{"type":"LineString","coordinates":[[115.251175,-2.4130937],[115.2519344,-2.4131697],[115.2525298,-2.4132086],[115.2531032,-2.413301],[115.2536228,-2.4133017],[115.2539219,-2.4132689],[115.2541968,-2.4132528],[115.2544704,-2.4132233],[115.2545683,-2.4132166],[115.2546394,-2.4132193],[115.2547212,-2.4132273],[115.2547681,-2.4132474],[115.2548151,-2.4132742]]}},{"type":"Feature","properties":{"segmentId":"osm-gaul2-73682-2536518730-4061128371-0","regionId":"gaul2-73682","province":"Kalimantan Selatan","region":"Hulusungai Utara","roadName":"Unnamed OSM road","highway":"tertiary","lengthMeters":3.142,"osmWayIds":["403804690"],"u":"2536518730","v":"4061128371","key":0,"oneway":false,"source":"OpenStreetMap"},"geometry":{"type":"LineString","coordinates":[[115.251175,-2.4130937],[115.2511468,-2.4130915]]}},{"type":"Feature","properties":{"segmentId":"osm-gaul2-73682-2536527453-13807761562-0","regionId":"gaul2-73682","province":"Kalimantan Selatan","region":"Hulusungai Utara","roadName":"Unnamed OSM road","highway":"tertiary","lengthMeters":4040.898,"osmWayIds":["1061070364","1061070372","1510452904","1510452905","1510452906","246643425"],"u":"2536527453","v":"13807761562","key":0,"oneway":false,"source":"OpenStreetMap"},"geometry":{"type":"LineString","coordinates":[[115.2451416,-2.3996566],[115.2441205,-2.4001223],[115.2438435,-2.4002033],[115.2435953,-2.4002676],[115.2434089,-2.4003105],[115.2429382,-2.4003386],[115.2426646,-2.4003507],[115.2425372,-2.4003413],[115.2423267,-2.4003333],[115.2421671,-2.4003065],[115.2417285,-2.4002047],[115.2415138,-2.4001687],[115.2404598,-2.4000653],[115.2394768,-2.3999661],[115.2387285,-2.3998777],[115.2382175,-2.3998067],[115.2378546,-2.3997613],[115.2376442,-2.399735],[115.2372805,-2.3996817],[115.2369063,-2.3996174],[115.2365677,-2.3995567],[115.2356829,-2.3991678],[115.2354106,-2.3990483],[115.2351449,-2.3989839],[115.2345999,-2.3989485],[115.2341964,-2.3988637],[115.2331895,-2.398437],[115.2329912,-2.3983462],[115.2327859,-2.3983349],[115.2326372,-2.398373],[115.2324602,-2.3984694],[115.2322003,-2.3986303],[115.2320686,-2.3987749],[115.2318999,-2.3990007],[115.2316904,-2.3991796],[115.2314704,-2.3993484],[115.2311031,-2.3997052],[115.2309125,-2.3999085],[115.2307641,-2.4001138],[115.2305826,-2.4003346],[115.2304378,-2.4005544],[115.2303037,-2.400817],[115.2302286,-2.4009242],[115.2301405,-2.4010065],[115.2297726,-2.4012485],[115.2295459,-2.401346],[115.2293998,-2.4013851],[115.2291424,-2.4014026],[115.228638,-2.4014092],[115.2281925,-2.4013944],[115.2277771,-2.4013543],[115.2275948,-2.4012722],[115.2274391,-2.401156],[115.2273399,-2.4010381],[115.2271534,-2.4008364],[115.2269468,-2.4005789],[115.2266508,-2.4003457],[115.2263314,-2.4001779],[115.2259961,-2.4000412],[115.2254874,-2.3997729],[115.2244435,-2.3991772],[115.2241258,-2.3989992],[115.2240944,-2.3989666],[115.2240746,-2.3989199],[115.2240676,-2.3988768],[115.2240824,-2.3988154],[115.2242272,-2.398578],[115.2244243,-2.3983261],[115.2245986,-2.3981385],[115.2247998,-2.3978973],[115.2249841,-2.3975645],[115.225285,-2.3969892],[115.2254918,-2.3965815],[115.2257386,-2.3962787],[115.2260604,-2.3956676],[115.2264145,-2.3950968],[115.2265633,-2.3948831],[115.2268908,-2.3944232],[115.2272174,-2.3937572],[115.2274251,-2.3933423],[115.2276572,-2.3927462],[115.2280314,-2.3919184],[115.2280761,-2.3918301],[115.2281305,-2.3917557],[115.2287735,-2.3911842],[115.2292442,-2.3908144],[115.2294187,-2.3906807],[115.2295902,-2.3905732],[115.2299362,-2.3903963],[115.2301508,-2.3902878],[115.230301,-2.3901726],[115.2305102,-2.3899783],[115.2306403,-2.3897746],[115.2307074,-2.3896473],[115.2307409,-2.3895307],[115.2307691,-2.3893177],[115.2307905,-2.3890979],[115.230812,-2.3889921],[115.2308422,-2.388909],[115.230874,-2.3888598],[115.2308971,-2.3888239],[115.2309038,-2.3888194],[115.2309223,-2.3888196],[115.2310383,-2.3888501],[115.2310896,-2.3888618],[115.2311513,-2.3888688],[115.2311835,-2.3888547]]}},{"type":"Feature","properties":{"segmentId":"osm-gaul2-73682-2536527453-13807761562-1","regionId":"gaul2-73682","province":"Kalimantan Selatan","region":"Hulusungai Utara","roadName":"Unnamed OSM road","highway":"tertiary","lengthMeters":6092.808,"osmWayIds":["246643425","246644009"],"u":"2536527453","v":"13807761562","key":1,"oneway":false,"source":"OpenStreetMap"},"geometry":{"type":"LineString","coordinates":[[115.2451416,-2.3996566],[115.2454099,-2.3995065],[115.2457245,-2.3993773],[115.2460161,-2.3992734],[115.2462682,-2.399197],[115.2464734,-2.3991541],[115.2467228,-2.3991086],[115.2470111,-2.3990483],[115.2473115,-2.3989572],[115.2474027,-2.3989063],[115.2474923,-2.3988426],[115.2475798,-2.3987428],[115.2476247,-2.3986592],[115.2476602,-2.3985177],[115.247683,-2.3984011],[115.2476952,-2.3981627],[115.2476988,-2.3980869],[115.2477085,-2.3978852],[115.2477227,-2.3976874],[115.2477367,-2.3974987],[115.2477837,-2.3972258],[115.2478413,-2.3970022],[115.2479499,-2.3967449],[115.2480988,-2.396431],[115.2481779,-2.396209],[115.2482007,-2.3960602],[115.2482102,-2.3959465],[115.2481144,-2.3951334],[115.2480718,-2.3947698],[115.2480036,-2.3945984],[115.2479501,-2.3945069],[115.2479143,-2.3944457],[115.2475288,-2.3940423],[115.2474014,-2.393907],[115.2472941,-2.3937789],[115.247097,-2.3935063],[115.2469614,-2.3932626],[115.246759,-2.3929087],[115.246582,-2.3925711],[115.246291,-2.3919453],[115.2462507,-2.3918073],[115.2462427,-2.3916947],[115.2462682,-2.3915232],[115.2464009,-2.3912928],[115.2466464,-2.3910182],[115.2468556,-2.3908492],[115.247038,-2.3907514],[115.2474332,-2.3905617],[115.2475053,-2.39054],[115.2479553,-2.3904044],[115.2481913,-2.390332],[115.2483922,-2.3902471],[115.24854,-2.3901404],[115.2486244,-2.3899909],[115.2488377,-2.389457],[115.248945,-2.3891221],[115.249008,-2.3889613],[115.2490225,-2.3888616],[115.2490201,-2.3887469],[115.2490058,-2.3885694],[115.2488458,-2.387892],[115.248717,-2.3872569],[115.2484993,-2.3861321],[115.2484831,-2.385957],[115.2484649,-2.3856061],[115.248496,-2.3852676],[115.2485561,-2.3845234],[115.2485626,-2.3841797],[115.248569,-2.383835],[115.2485681,-2.3837889],[115.2485304,-2.3833756],[115.2484901,-2.3830308],[115.2484998,-2.3827305],[115.2485328,-2.3824421],[115.2487492,-2.3816693],[115.2488749,-2.3808721],[115.248886,-2.3805839],[115.2489017,-2.3803818],[115.2489128,-2.3801712],[115.2488676,-2.3799608],[115.2487492,-2.3796192],[115.2485754,-2.379282],[115.2484381,-2.3790618],[115.2482163,-2.3788155],[115.2479848,-2.3786249],[115.2479123,-2.3785218],[115.2478596,-2.3784321],[115.2476508,-2.3781627],[115.2475989,-2.3780969],[115.2475409,-2.3780233],[115.2473932,-2.3778805],[115.247266,-2.3777473],[115.2469363,-2.3774723],[115.2467013,-2.3773265],[115.2464589,-2.3772086],[115.2462722,-2.3771765],[115.2461542,-2.3771724],[115.2459718,-2.3771684],[115.2458658,-2.3771336],[115.2458077,-2.3770954],[115.2457076,-2.376954],[115.2456449,-2.3768196],[115.2455896,-2.3767088],[115.245497,-2.3765922],[115.245277,-2.3763612],[115.2451564,-2.3762224],[115.2450188,-2.3760858],[115.2446883,-2.3757414],[115.2443102,-2.3753983],[115.2438501,-2.3750472],[115.2434504,-2.3746827],[115.2432212,-2.3744818],[115.2430078,-2.3743285],[115.2426002,-2.3741033],[115.242322,-2.373984],[115.2421818,-2.3739291],[115.2420846,-2.3738909],[115.2420135,-2.3738695],[115.2418835,-2.3738722],[115.2416754,-2.3738889],[115.2414454,-2.3739061],[115.2413872,-2.3739063],[115.2413222,-2.3738913],[115.2412386,-2.3738468],[115.2408635,-2.373651],[115.2406628,-2.3735242],[115.2405557,-2.3734869],[115.2404493,-2.3734674],[115.2400723,-2.3734045],[115.2398081,-2.3733751],[115.2395984,-2.3733601],[115.2394715,-2.3733563],[115.2393414,-2.3733764],[115.2392274,-2.3734085],[115.2391212,-2.373461],[115.2386372,-2.3737361],[115.2385635,-2.373773],[115.2384558,-2.3737976],[115.2382496,-2.3738242],[115.2382189,-2.3738775],[115.2381939,-2.3739469],[115.2381439,-2.3741598],[115.2380581,-2.3743375],[115.2375408,-2.3750786],[115.2372082,-2.3756521],[115.2368376,-2.3762573],[115.236825,-2.3762831],[115.2364894,-2.3769706],[115.2364258,-2.3771041],[115.2363767,-2.3772225],[115.2360949,-2.378251],[115.2360409,-2.3784896],[115.2360061,-2.378704],[115.2359083,-2.3791698],[115.235857,-2.3794195],[115.235819,-2.3795522],[115.2357633,-2.3796848],[115.2356481,-2.3799486],[115.2354203,-2.3804401],[115.2353001,-2.3806902],[115.2352926,-2.3807059],[115.2351577,-2.3810005],[115.2351344,-2.381061],[115.2351135,-2.3811295],[115.2351014,-2.381179],[115.2350887,-2.3812756],[115.2350888,-2.3813196],[115.2351049,-2.381381],[115.2352215,-2.3815328],[115.2354613,-2.3817939],[115.2355045,-2.3818475],[115.235536,-2.381913],[115.2355441,-2.3819742],[115.2355233,-2.3820418],[115.2355019,-2.382091],[115.2350895,-2.3828617],[115.2348282,-2.3833296],[115.2347548,-2.3834863],[115.2347077,-2.3836274],[115.2346602,-2.3838101],[115.2345952,-2.3840504],[115.2345514,-2.3842677],[115.2345281,-2.3845039],[115.2344687,-2.3849819],[115.2344107,-2.3854772],[115.2343887,-2.3856371],[115.2343753,-2.3856858],[115.2343493,-2.3857331],[115.2343284,-2.3857548],[115.2343056,-2.3857702],[115.2341826,-2.3858225],[115.2339663,-2.3859156],[115.2339118,-2.3859485],[115.2338482,-2.3859946],[115.2337078,-2.3861085],[115.2336161,-2.3862577],[115.2333105,-2.3867785],[115.2329826,-2.3873122],[115.2329456,-2.3873802],[115.2324461,-2.3881961],[115.2323713,-2.3883243],[115.2322832,-2.3884226],[115.2322162,-2.3884641],[115.2320144,-2.3885753],[115.231468,-2.3888453],[115.2314135,-2.3888641],[115.2313162,-2.3888728],[115.2311835,-2.3888547]]}},{"type":"Feature","properties":{"segmentId":"osm-gaul2-73682-2536527453-5913486461-0","regionId":"gaul2-73682","province":"Kalimantan Selatan","region":"Hulusungai Utara","roadName":"Unnamed OSM road","highway":"tertiary","lengthMeters":71.249,"osmWayIds":["246643426","665072005","770226782"],"u":"2536527453","v":"5913486461","key":0,"oneway":false,"source":"OpenStreetMap"},"geometry":{"type":"LineString","coordinates":[[115.2451416,-2.3996566],[115.245179,-2.3997155],[115.2452651,-2.3999742],[115.2453428,-2.4002623]]}},{"type":"Feature","properties":{"segmentId":"osm-gaul2-73682-2536527725-4061648676-0","regionId":"gaul2-73682","province":"Kalimantan Selatan","region":"Hulusungai Utara","roadName":"Jalan Waringin","highway":"tertiary","lengthMeters":2864.694,"osmWayIds":["1061070371","403865313"],"u":"2536527725","v":"4061648676","key":0,"oneway":false,"source":"OpenStreetMap"},"geometry":{"type":"LineString","coordinates":[[115.2380821,-2.373752],[115.2381807,-2.3734687],[115.2382746,-2.3732234],[115.2383104,-2.3730743],[115.2383786,-2.3726868],[115.2384576,-2.3723902],[115.2384818,-2.3723084],[115.2385086,-2.3722253],[115.2385575,-2.3721014],[115.2385801,-2.3720636],[115.2386051,-2.3720592],[115.238646,-2.3720585],[115.2388532,-2.3720998],[115.2388976,-2.3720989],[115.2389365,-2.372059],[115.2390323,-2.371496],[115.2390585,-2.3714145],[115.2391129,-2.3713237],[115.2391837,-2.3712283],[115.2393687,-2.3710772],[115.2396417,-2.3709079],[115.240192,-2.370625],[115.2405673,-2.3704945],[115.2410675,-2.3703207],[115.24137,-2.3702451],[115.2416976,-2.3701748],[115.2417242,-2.3701691],[115.2419145,-2.3701732],[115.2421805,-2.3701965],[115.2425132,-2.3702256],[115.2437349,-2.370236],[115.2445216,-2.3702143],[115.2446654,-2.3701586],[115.2448133,-2.3700879],[115.2449673,-2.369938],[115.2451818,-2.3696675],[115.2453784,-2.3693777],[115.2460097,-2.3684417],[115.2461108,-2.368265],[115.2461703,-2.3681572],[115.2462239,-2.3680146],[115.2462843,-2.3678557],[115.2464363,-2.3672012],[115.2466456,-2.3664228],[115.2468634,-2.3657524],[115.2469589,-2.3654513],[115.247109,-2.3650777],[115.247215,-2.3647899],[115.2473238,-2.364527],[115.2478357,-2.3635605],[115.2479986,-2.3632683],[115.2483381,-2.3626263],[115.2485366,-2.3622412],[115.2488445,-2.3616152],[115.2489732,-2.361363],[115.249168,-2.3610123],[115.2495172,-2.3602122],[115.2496044,-2.3599783],[115.2496759,-2.3597967],[115.2497384,-2.3595696],[115.249812,-2.3593023],[115.2498682,-2.3589935],[115.2499185,-2.3586515],[115.2499438,-2.3584796],[115.2499495,-2.3583581],[115.2499482,-2.3581732],[115.2499368,-2.3580427],[115.2499366,-2.3579655],[115.2499026,-2.3574254],[115.2498934,-2.3573391],[115.2498664,-2.35719],[115.2496585,-2.3565411],[115.2494203,-2.355913],[115.2490024,-2.3548363],[115.248934,-2.3546167]]}},{"type":"Feature","properties":{"segmentId":"osm-gaul2-73682-2536534325-13807761562-0","regionId":"gaul2-73682","province":"Kalimantan Selatan","region":"Hulusungai Utara","roadName":"Unnamed OSM road","highway":"tertiary","lengthMeters":27.301,"osmWayIds":["246644009"],"u":"2536534325","v":"13807761562","key":0,"oneway":false,"source":"OpenStreetMap"},"geometry":{"type":"LineString","coordinates":[[115.2309563,-2.3887612],[115.2311401,-2.3888381],[115.2311835,-2.3888547]]}},{"type":"Feature","properties":{"segmentId":"osm-gaul2-73682-2546845109-3599797067-0","regionId":"gaul2-73682","province":"Kalimantan Selatan","region":"Hulusungai Utara","roadName":"Jalan Banyu Tajun Pangkalan","highway":"primary","lengthMeters":957.549,"osmWayIds":["354239776"],"u":"2546845109","v":"3599797067","key":0,"oneway":false,"source":"OpenStreetMap"},"geometry":{"type":"LineString","coordinates":[[115.2228839,-2.466443],[115.222495,-2.4666333],[115.2221175,-2.4667326],[115.2218686,-2.4668388],[115.2212647,-2.4671644],[115.2207958,-2.4672898],[115.220606,-2.4673405],[115.2204309,-2.4674193],[115.2202886,-2.4674833],[115.2198434,-2.4677279],[115.2192976,-2.4681714],[115.2184907,-2.4689054],[115.2177889,-2.4695662],[115.217462,-2.4698215],[115.2170101,-2.4701235],[115.2168785,-2.4701898],[115.2163245,-2.4704691],[115.2161442,-2.4705401],[115.2160004,-2.4705968],[115.2155526,-2.4707293]]}},{"type":"Feature","properties":{"segmentId":"osm-gaul2-73682-2546845109-5915362325-0","regionId":"gaul2-73682","province":"Kalimantan Selatan","region":"Hulusungai Utara","roadName":"Jalan Merdeka","highway":"trunk","lengthMeters":10418.047,"osmWayIds":["1509742452","247826777","247826778","354239775","354239782","511718928","511718929","511718930","511718931","665224477","665224478","665224631","665224632","665224925","665224926"],"u":"2546845109","v":"5915362325","key":0,"oneway":false,"source":"OpenStreetMap"},"geometry":{"type":"LineString","coordinates":[[115.2228839,-2.466443],[115.2232406,-2.4671038],[115.2232499,-2.4671198],[115.2233647,-2.4673222],[115.2234527,-2.467488],[115.2239217,-2.4686038],[115.224081,-2.4690002],[115.2241217,-2.4692071],[115.2241456,-2.4696494],[115.2241507,-2.4699622],[115.22416,-2.4703075],[115.2241909,-2.4704552],[115.2242621,-2.4706414],[115.2243572,-2.4708117],[115.2245289,-2.4710877],[115.2247915,-2.4715276],[115.2248886,-2.4717009],[115.2249366,-2.4718407],[115.2249622,-2.4719762],[115.224972,-2.4720283],[115.2249952,-2.4723261],[115.2250037,-2.4724356],[115.2250309,-2.4725808],[115.2250975,-2.4729367],[115.2251164,-2.472985],[115.2251548,-2.4730832],[115.225347,-2.4735744],[115.225524,-2.4740112],[115.2257252,-2.4744252],[115.2258942,-2.4746678],[115.2262093,-2.4750041],[115.2263206,-2.4751112],[115.2263984,-2.4751863],[115.2266157,-2.4754181],[115.2267572,-2.4755719],[115.2269053,-2.4757329],[115.2271481,-2.4760451],[115.2271744,-2.4760896],[115.2272393,-2.4761992],[115.2274056,-2.4764042],[115.2275518,-2.4765181],[115.2276939,-2.4765703],[115.2278441,-2.4765837],[115.2279945,-2.4765545],[115.2281144,-2.4765194],[115.2282502,-2.4764992],[115.228591,-2.476417],[115.2286188,-2.4764146],[115.2288982,-2.4763908],[115.2291101,-2.4763881],[115.2292576,-2.4763921],[115.2293153,-2.4764069],[115.2293998,-2.476427],[115.2295513,-2.4764819],[115.2296023,-2.4765035],[115.229719,-2.4765529],[115.2299497,-2.4767137],[115.2300677,-2.4768073],[115.2302811,-2.4769778],[115.2304405,-2.4771049],[115.2308388,-2.4774761],[115.2310618,-2.4776995],[115.2313422,-2.4779774],[115.2315651,-2.4781995],[115.2316609,-2.4782949],[115.2320996,-2.4786499],[115.2324937,-2.4789687],[115.2328237,-2.4792176],[115.2329251,-2.4793008],[115.2332921,-2.4796022],[115.2334017,-2.4796922],[115.2335787,-2.4798972],[115.2338603,-2.4802965],[115.2339022,-2.4803575],[115.2341279,-2.4806856],[115.23439,-2.4810669],[115.2347383,-2.4816022],[115.2348005,-2.4816978],[115.2350513,-2.4820823],[115.2350995,-2.4821575],[115.2352014,-2.4823612],[115.2352524,-2.4824965],[115.2352993,-2.4827377],[115.2353334,-2.4830473],[115.2353409,-2.4831155],[115.2353516,-2.4834304],[115.2353583,-2.4835831],[115.2353583,-2.4837881],[115.2353396,-2.483961],[115.2352819,-2.4843884],[115.2352363,-2.4847541],[115.2351564,-2.4853064],[115.2351303,-2.485487],[115.2350378,-2.4858568],[115.2349359,-2.4861864],[115.2348614,-2.4863985],[115.234779,-2.4866329],[115.2347481,-2.486721],[115.2345349,-2.487269],[115.2344464,-2.4875169],[115.234327,-2.4877353],[115.2342747,-2.4879068],[115.2342512,-2.4880622],[115.2342401,-2.4884037],[115.2342345,-2.488574],[115.2341527,-2.4893793],[115.2340494,-2.4901376],[115.2339475,-2.4907137],[115.2337638,-2.4914051],[115.2336015,-2.4919504],[115.2334875,-2.4923269],[115.2333507,-2.4928454],[115.2332823,-2.493159],[115.2331804,-2.4937016],[115.2330798,-2.4942603],[115.2329675,-2.4948916],[115.232943,-2.4950294],[115.2328384,-2.4955599],[115.2327137,-2.4964496],[115.2326158,-2.4971369],[115.2325889,-2.4974933],[115.2325474,-2.4977492],[115.2324884,-2.4979462],[115.2319801,-2.4990087],[115.2314946,-2.5000457],[115.2313174,-2.5004511],[115.2306889,-2.5018243],[115.2303824,-2.5024942],[115.2298781,-2.5034686],[115.2295479,-2.5041626],[115.2294521,-2.5043587],[115.2292355,-2.5048328],[115.2289837,-2.5053838],[115.228635,-2.5061663],[115.2285835,-2.5062901],[115.2285691,-2.5063248],[115.228518,-2.5064408],[115.2282491,-2.5070905],[115.2282124,-2.507182],[115.2281687,-2.5073035],[115.2278924,-2.5081128],[115.2278684,-2.5081968],[115.2278454,-2.5082775],[115.2277108,-2.5087685],[115.2276994,-2.5088102],[115.227529,-2.5094727],[115.2274961,-2.5095827],[115.2274673,-2.5096763],[115.2273655,-2.5099627],[115.2273251,-2.5100635],[115.2268534,-2.5110719],[115.2264252,-2.5119929],[115.2263479,-2.5121753],[115.2261352,-2.5126805],[115.2260612,-2.5128618],[115.2259068,-2.51324],[115.2258593,-2.5133715],[115.2258351,-2.513468],[115.2258203,-2.5135777],[115.2257912,-2.5139289],[115.2257231,-2.514636],[115.2256911,-2.5148678],[115.2256257,-2.5153748],[115.2254956,-2.5160919],[115.2254047,-2.5165441],[115.2253886,-2.5166728],[115.2253765,-2.5168028],[115.225368,-2.5169631],[115.2253637,-2.5170416],[115.2253423,-2.5174319],[115.2253425,-2.5177143],[115.2253454,-2.5177496],[115.2253497,-2.5181426],[115.2253573,-2.5185126],[115.225347,-2.5187134],[115.2253248,-2.5189831],[115.225222,-2.5193925],[115.2251804,-2.5195718],[115.2251378,-2.5197557],[115.2250845,-2.5200143],[115.2250237,-2.5204202],[115.2249777,-2.5208364],[115.2249265,-2.5213804],[115.2248856,-2.5218324],[115.2248482,-2.5220988],[115.2247736,-2.5225556],[115.2246946,-2.523088],[115.2246595,-2.5233942],[115.2246501,-2.5236128],[115.2246743,-2.523817],[115.22478,-2.5242313],[115.2252191,-2.5256609],[115.2253363,-2.5261145],[115.2255461,-2.5271055],[115.2257251,-2.5280044],[115.2259478,-2.5287351],[115.2264061,-2.5299618],[115.2265869,-2.5304457],[115.2267133,-2.5307398],[115.2271481,-2.5317081],[115.2274988,-2.5325951],[115.227645,-2.5330229],[115.2277725,-2.5336702],[115.2278709,-2.5345605],[115.227935,-2.5354248],[115.2279674,-2.5365051],[115.2279835,-2.5369574],[115.2280354,-2.5372813],[115.2280649,-2.5374718],[115.2284146,-2.5392994],[115.2284959,-2.539976],[115.2285056,-2.5401225],[115.2285668,-2.54087],[115.2286541,-2.5414002],[115.2287471,-2.5418065],[115.2288334,-2.5422716],[115.2289592,-2.5432328],[115.229074,-2.544169],[115.2290913,-2.5443852],[115.2290994,-2.5445513],[115.2290855,-2.5447429],[115.2290423,-2.5451615],[115.2289499,-2.5455555],[115.2288355,-2.5459641],[115.2287897,-2.546208],[115.2287774,-2.5463373],[115.228765,-2.5464789],[115.2287614,-2.5466776],[115.228798,-2.5468506],[115.2288744,-2.5471358],[115.2293443,-2.5483322],[115.2296868,-2.5494697],[115.2298424,-2.5499975],[115.2300532,-2.5508463],[115.230258,-2.5516709]]}},{"type":"Feature","properties":{"segmentId":"osm-gaul2-73682-2546845109-5917370764-0","regionId":"gaul2-73682","province":"Kalimantan Selatan","region":"Hulusungai Utara","roadName":"Jalan Brigadir Jenderal H. Hasan Baseri","highway":"trunk","lengthMeters":3703.934,"osmWayIds":["511718931","511718932","511718933","581915819","581915820"],"u":"2546845109","v":"5917370764","key":0,"oneway":false,"source":"OpenStreetMap"},"geometry":{"type":"LineString","coordinates":[[115.2228839,-2.466443],[115.2228435,-2.4663773],[115.222662,-2.466082],[115.2225291,-2.4658372],[115.2224468,-2.4655379],[115.2224033,-2.4652262],[115.2223939,-2.4648707],[115.2224114,-2.464557],[115.2224231,-2.4643975],[115.2224471,-2.46424],[115.2224561,-2.4641806],[115.2225146,-2.464054],[115.2225928,-2.4639406],[115.2227392,-2.4637375],[115.2229856,-2.4634803],[115.2233192,-2.4631744],[115.2235925,-2.4629287],[115.2240182,-2.4624992],[115.2241899,-2.4623279],[115.2242919,-2.4622261],[115.2243925,-2.4621257],[115.2244878,-2.4620307],[115.224573,-2.4619456],[115.2247241,-2.4617949],[115.2248714,-2.4616462],[115.225068,-2.4614407],[115.2252806,-2.4612348],[115.225332,-2.4611871],[115.2257268,-2.4607827],[115.2260726,-2.4604492],[115.2266872,-2.4598639],[115.2270582,-2.4595166],[115.2274471,-2.4591361],[115.2278947,-2.4586909],[115.2282194,-2.4583679],[115.2285413,-2.4580357],[115.2287263,-2.4578427],[115.2288258,-2.4577306],[115.2289074,-2.4576257],[115.2290656,-2.4573872],[115.2291958,-2.457138],[115.2292087,-2.4571103],[115.2293339,-2.4568405],[115.229353,-2.4567913],[115.2294441,-2.4565568],[115.2295354,-2.4562977],[115.2296194,-2.456032],[115.229696,-2.4557898],[115.2297866,-2.4555501],[115.2299735,-2.4550472],[115.2300621,-2.4548115],[115.2303312,-2.4540711],[115.2304204,-2.4538047],[115.2304988,-2.4536102],[115.2305872,-2.4534113],[115.2306631,-2.4532179],[115.2307375,-2.4530462],[115.2307681,-2.4529671],[115.2309052,-2.4526697],[115.2309373,-2.4526201],[115.2310983,-2.4523668],[115.2311433,-2.4523015],[115.2312646,-2.4521256],[115.2313703,-2.4519848],[115.231506,-2.4518041],[115.2316071,-2.4516704],[115.2316509,-2.4516162],[115.2317635,-2.4514932],[115.2319914,-2.4512399],[115.2321535,-2.4510597],[115.2322601,-2.4509616],[115.2323696,-2.4508608],[115.2325433,-2.4506938],[115.2327718,-2.4504742],[115.233116,-2.450175],[115.2332076,-2.4500979],[115.2334788,-2.4498696],[115.2337691,-2.449628],[115.2339656,-2.4494756],[115.2340125,-2.4494467],[115.2342577,-2.4492954],[115.2346989,-2.4490262],[115.2348058,-2.4489549],[115.235007,-2.4488476],[115.2353409,-2.4486839],[115.2357528,-2.4484821],[115.2358125,-2.4484528],[115.2360711,-2.4483415],[115.2361867,-2.4482983],[115.2364087,-2.4482184],[115.2366277,-2.4481396],[115.2368673,-2.4480577],[115.2372989,-2.4479669],[115.2377435,-2.4478832],[115.2380115,-2.4478106],[115.238117,-2.447782],[115.2384502,-2.4476959],[115.2385395,-2.4476728],[115.238641,-2.4476489],[115.2387832,-2.4476155],[115.2389783,-2.4475696],[115.2397246,-2.4473981],[115.2397812,-2.4473799],[115.2400217,-2.4473024],[115.2402011,-2.4472393],[115.240379,-2.4471836],[115.240553,-2.4471171],[115.2406496,-2.4470742],[115.2407408,-2.4470337],[115.2409277,-2.4469437],[115.2412035,-2.4467891],[115.2413557,-2.446692],[115.2415022,-2.4465882],[115.2416964,-2.4464394],[115.241713,-2.4464243],[115.2418368,-2.4463115],[115.2420436,-2.4460874],[115.2423938,-2.4456368],[115.242489,-2.4455042],[115.2425785,-2.4453682],[115.2426416,-2.4452524],[115.2426886,-2.4451591],[115.2427612,-2.4450151],[115.242853,-2.4447959],[115.2429396,-2.4445462],[115.2430308,-2.4442407],[115.2430433,-2.4441971],[115.2431999,-2.4436531],[115.2432685,-2.4434216],[115.2432789,-2.4433675],[115.2432856,-2.4433396]]}},{"type":"Feature","properties":{"segmentId":"osm-gaul2-73682-3076197908-2536128426-0","regionId":"gaul2-73682","province":"Kalimantan Selatan","region":"Hulusungai Utara","roadName":"Jalan Jermani Husin","highway":"primary","lengthMeters":4781.24,"osmWayIds":["246622021"],"u":"3076197908","v":"2536128426","key":0,"oneway":false,"source":"OpenStreetMap"},"geometry":{"type":"LineString","coordinates":[[115.3052813,-2.4085546],[115.3039979,-2.4094207],[115.3016501,-2.4109783],[115.3008427,-2.4115157],[115.3005443,-2.4117144],[115.3000205,-2.4120754],[115.2998385,-2.4121973],[115.2987601,-2.41293],[115.2970348,-2.4140796],[115.2969423,-2.414149],[115.2961776,-2.414663],[115.2958724,-2.4148694],[115.2957228,-2.4149776],[115.2956705,-2.4150085],[115.2945083,-2.4158851],[115.294158,-2.416135],[115.2917507,-2.4178989],[115.2912998,-2.4182346],[115.2909042,-2.4185361],[115.2905716,-2.4187786],[115.2903771,-2.4189059],[115.2902564,-2.4189758],[115.2900861,-2.419064],[115.2898568,-2.419139],[115.2896365,-2.4192038],[115.2895403,-2.4192248],[115.2892643,-2.4192774],[115.2889797,-2.419336],[115.2885962,-2.4193966],[115.2882123,-2.4194449],[115.2878854,-2.4194861],[115.2871871,-2.419559],[115.2866734,-2.4195956],[115.2863847,-2.4196161],[115.2849497,-2.4197179],[115.2843234,-2.4197621],[115.2836636,-2.4197688],[115.2831499,-2.4197728],[115.2829555,-2.4197701],[115.2822246,-2.4197594],[115.2820247,-2.4197541],[115.280803,-2.4197541],[115.2798334,-2.41975],[115.2793801,-2.4197474],[115.2787605,-2.419734],[115.2782173,-2.4196777],[115.277929,-2.4196294],[115.277695,-2.4195784],[115.2775086,-2.4195377],[115.2756773,-2.4191149],[115.275448,-2.4190653],[115.2750771,-2.4190037],[115.2747291,-2.4189287],[115.2742383,-2.418867],[115.2737957,-2.4188054],[115.2735368,-2.4187932],[115.2733129,-2.4187826],[115.2726061,-2.4187558],[115.2725096,-2.4187539],[115.2708735,-2.4187224],[115.2695967,-2.4187108],[115.2691032,-2.4187063],[115.2687961,-2.4187054],[115.2685024,-2.4187046],[115.2667328,-2.4186996],[115.2663332,-2.4186989],[115.266189,-2.4186922],[115.2659556,-2.4186882],[115.2656866,-2.4186852]]}},{"type":"Feature","properties":{"segmentId":"osm-gaul2-73682-3076197916-3076205827-0","regionId":"gaul2-73682","province":"Kalimantan Selatan","region":"Hulusungai Utara","roadName":"Unnamed OSM road","highway":"tertiary","lengthMeters":2564.646,"osmWayIds":["1192037518","802876985","802876986"],"u":"3076197916","v":"3076205827","key":0,"oneway":false,"source":"OpenStreetMap"},"geometry":{"type":"LineString","coordinates":[[115.3024305,-2.4054039],[115.3020112,-2.4051543],[115.3016363,-2.4048961],[115.3010403,-2.404475],[115.3004757,-2.4040449],[115.2993431,-2.4031907],[115.2987741,-2.4028443],[115.2983648,-2.4025817],[115.298299,-2.4025281],[115.2976278,-2.401773],[115.2975695,-2.4017221],[115.2971881,-2.4014833],[115.297025,-2.4013664],[115.2968943,-2.4012496],[115.2966924,-2.4009684],[115.2965167,-2.4007219],[115.2963558,-2.4004391],[115.2961814,-2.40018],[115.2958867,-2.3998168],[115.2957784,-2.3996833],[115.2952417,-2.3991441],[115.2945919,-2.3986339],[115.2945346,-2.3985659],[115.2945222,-2.3985254],[115.2945165,-2.398507],[115.2945082,-2.3984495],[115.2945064,-2.3983623],[115.2947641,-2.3977029],[115.2949624,-2.397021],[115.2950455,-2.396832],[115.2952251,-2.3965312],[115.2952621,-2.3964401],[115.2952977,-2.3963142],[115.2953203,-2.3961974],[115.2953282,-2.3958234],[115.2953335,-2.3956896],[115.2953272,-2.3953876],[115.2953155,-2.3951457],[115.2953132,-2.3951171],[115.2952883,-2.3948141],[115.2952458,-2.3947112],[115.295122,-2.3945944],[115.2949785,-2.3945046],[115.2948771,-2.3944621],[115.2946391,-2.3944002],[115.2944326,-2.3943116],[115.2939839,-2.3941225],[115.2937167,-2.3939496],[115.2919668,-2.3924738],[115.2907701,-2.3915977],[115.2896395,-2.3908827],[115.2895602,-2.3908213],[115.2890635,-2.3903775],[115.288997,-2.3903073],[115.2884438,-2.3897351]]}},{"type":"Feature","properties":{"segmentId":"osm-gaul2-73682-3076205666-2528780034-0","regionId":"gaul2-73682","province":"Kalimantan Selatan","region":"Hulusungai Utara","roadName":"Jalan Poros Amuntai-Tanjung","highway":"trunk","lengthMeters":463.403,"osmWayIds":["1349151108"],"u":"3076205666","v":"2528780034","key":0,"oneway":false,"source":"OpenStreetMap"},"geometry":{"type":"LineString","coordinates":[[115.2743483,-2.3891824],[115.2758986,-2.3884293],[115.2760836,-2.3883543],[115.2763411,-2.3882819],[115.2765477,-2.3882417],[115.2771941,-2.3881613],[115.2774301,-2.3881359],[115.2776118,-2.3881305],[115.2779263,-2.3880984],[115.2781436,-2.3880582],[115.2782308,-2.3880515],[115.278305,-2.3880584]]}},{"type":"Feature","properties":{"segmentId":"osm-gaul2-73682-3076205666-2528780052-0","regionId":"gaul2-73682","province":"Kalimantan Selatan","region":"Hulusungai Utara","roadName":"Jalan Poros Amuntai-Tanjung","highway":"trunk","lengthMeters":2008.29,"osmWayIds":["564210783"],"u":"3076205666","v":"2528780052","key":0,"oneway":false,"source":"OpenStreetMap"},"geometry":{"type":"LineString","coordinates":[[115.2743483,-2.3891824],[115.2741122,-2.3892788],[115.2738539,-2.3894565],[115.2735704,-2.3896701],[115.2732876,-2.3899357],[115.2715936,-2.3916318],[115.2706756,-2.3925222],[115.2701506,-2.3930005],[115.2697207,-2.3934265],[115.2695679,-2.3936095],[115.2687753,-2.3947525],[115.2687398,-2.3948034],[115.2685507,-2.3950231],[115.2685024,-2.3950741],[115.2684367,-2.3951317],[115.2683716,-2.3951792],[115.2682328,-2.3952637],[115.2680176,-2.3953501],[115.2679076,-2.3953876],[115.2678177,-2.3954023],[115.2675167,-2.3954124],[115.2672082,-2.3954224],[115.2668642,-2.3954372],[115.2666758,-2.3954573],[115.2664713,-2.3954948],[115.2662037,-2.3955437],[115.2659191,-2.3955764],[115.265812,-2.395581],[115.2651123,-2.3956346],[115.2650477,-2.3956395],[115.2645629,-2.3956851],[115.2644395,-2.3957045],[115.2642806,-2.3957487],[115.2641699,-2.3957795],[115.263893,-2.3958954],[115.2637334,-2.396],[115.2635363,-2.3961728],[115.2634629,-2.3962427],[115.2630213,-2.3966632],[115.2628563,-2.3968267],[115.262745,-2.3969392],[115.262631,-2.397092],[115.2625801,-2.3971764],[115.2625224,-2.3973144],[115.2624728,-2.3976333],[115.2623561,-2.3987535],[115.2623467,-2.398984],[115.2623789,-2.3996178],[115.2623871,-2.3998698],[115.2623897,-2.3999501],[115.2624262,-2.4002775]]}},{"type":"Feature","properties":{"segmentId":"osm-gaul2-73682-3076205666-3573614610-0","regionId":"gaul2-73682","province":"Kalimantan Selatan","region":"Hulusungai Utara","roadName":"Jalan Tabalong Mati","highway":"tertiary","lengthMeters":3440.992,"osmWayIds":["303268557","351551886","351551887"],"u":"3076205666","v":"3573614610","key":0,"oneway":false,"source":"OpenStreetMap"},"geometry":{"type":"LineString","coordinates":[[115.2743483,-2.3891824],[115.2727286,-2.3865734],[115.272698,-2.3865326],[115.2726518,-2.3864804],[115.2725941,-2.386439],[115.2725384,-2.3864134],[115.2724539,-2.3863799],[115.2723251,-2.3863471],[115.2722514,-2.386337],[115.2721656,-2.3863276],[115.2720915,-2.3863259],[115.272008,-2.3863216],[115.2719329,-2.3863263],[115.271886,-2.3863343],[115.2712865,-2.3865011],[115.2711135,-2.3865494],[115.2710297,-2.3865592],[115.2709405,-2.3865628],[115.2708319,-2.3865467],[115.2707045,-2.3865119],[115.2706119,-2.3864784],[115.2705473,-2.3864432],[115.2704725,-2.3863832],[115.2703813,-2.386272],[115.2703343,-2.3861943],[115.2703062,-2.3860978],[115.2702653,-2.385852],[115.2702086,-2.3854772],[115.2701569,-2.3851552],[115.2701157,-2.3848986],[115.2701096,-2.3847841],[115.2701117,-2.3846895],[115.2701318,-2.3845502],[115.2701733,-2.3844163],[115.2702083,-2.3843398],[115.2702834,-2.3842273],[115.2703644,-2.3841476],[115.2704658,-2.3840758],[115.2705313,-2.3840334],[115.2708015,-2.383861],[115.2718721,-2.3831646],[115.2719799,-2.3830883],[115.2720952,-2.3829958],[115.2721623,-2.3829248],[115.2722189,-2.3828385],[115.2722669,-2.3827426],[115.2722964,-2.3826515],[115.272318,-2.3825493],[115.2723339,-2.3824639],[115.2723379,-2.3823768],[115.2723259,-2.3823018],[115.2722968,-2.3822203],[115.2722467,-2.3821396],[115.2721703,-2.3820753],[115.2720644,-2.3820244],[115.2719429,-2.3819835],[115.2714969,-2.3818491],[115.2710793,-2.3817289],[115.2709781,-2.3816907],[115.270909,-2.3816499],[115.2708386,-2.3816016],[115.270797,-2.3815588],[115.2705767,-2.3812833],[115.2703075,-2.3808898],[115.2702498,-2.3808131],[115.2702002,-2.3807662],[115.270156,-2.380734],[115.2699518,-2.3806184],[115.2696812,-2.380466],[115.2693231,-2.3803039],[115.2692293,-2.380257],[115.2691045,-2.380194],[115.2690011,-2.3801307],[115.268949,-2.3800908],[115.26889,-2.3800292],[115.2688444,-2.3799636],[115.2687979,-2.3798675],[115.2687706,-2.3797773],[115.2687491,-2.3796513],[115.2687411,-2.3795281],[115.2687371,-2.3794222],[115.2687438,-2.3793257],[115.2687609,-2.3792275],[115.2687854,-2.3791341],[115.2688122,-2.3790698],[115.2688722,-2.3789823],[115.2689819,-2.3788443],[115.2690348,-2.378775],[115.2690697,-2.3787053],[115.2690871,-2.3786357],[115.2690944,-2.3785545],[115.2690918,-2.3784983],[115.2690851,-2.3784481],[115.2690672,-2.3783746],[115.268994,-2.3780952],[115.268957,-2.3780327],[115.268894,-2.3779576],[115.2687813,-2.3778491],[115.2680915,-2.3772324],[115.267754,-2.3769178],[115.2676481,-2.3768107],[115.267538,-2.3766808],[115.2673759,-2.3764582],[115.2672859,-2.3763215],[115.267231,-2.3762318],[115.2671787,-2.3761313],[115.2671371,-2.3760321],[115.2671131,-2.3759389],[115.2670862,-2.3758445],[115.267054,-2.3757132],[115.267041,-2.3756236],[115.2670238,-2.3755142],[115.2670124,-2.3754004],[115.2669775,-2.3749749],[115.2669668,-2.3748825],[115.266942,-2.3747652],[115.2669002,-2.3746114],[115.2666141,-2.3738728],[115.2666027,-2.3738286],[115.266598,-2.3737824],[115.2665987,-2.3737388],[115.266604,-2.3736759],[115.2666356,-2.3734353],[115.2666443,-2.3733475],[115.2666467,-2.37328],[115.2666456,-2.3732068],[115.2666262,-2.3730373],[115.2666066,-2.3729111],[115.2665403,-2.3726019],[115.2664921,-2.3724705],[115.2664438,-2.3723553],[115.2664082,-2.3722696],[115.2663743,-2.3722227],[115.2663627,-2.3722066],[115.2663097,-2.3721543],[115.266256,-2.3721101],[115.2661904,-2.3720684],[115.2655705,-2.3716816],[115.2654688,-2.3716197],[115.2653588,-2.3715328],[115.2652676,-2.3714522],[115.2651881,-2.3713639],[115.2650907,-2.3712351],[115.2650316,-2.3711359],[115.2649793,-2.3710421],[115.2649377,-2.370939],[115.2648827,-2.3707594],[115.2648251,-2.3705544],[115.2645287,-2.3695655],[115.2641756,-2.3685417],[115.2638347,-2.3677547],[115.263732,-2.3673534],[115.263676,-2.3668682],[115.2636954,-2.3663656],[115.2637348,-2.3659187]]}},{"type":"Feature","properties":{"segmentId":"osm-gaul2-73682-3076205827-3076197916-0","regionId":"gaul2-73682","province":"Kalimantan Selatan","region":"Hulusungai Utara","roadName":"Unnamed OSM road","highway":"tertiary","lengthMeters":2564.646,"osmWayIds":["1192037518","802876985","802876986"],"u":"3076205827","v":"3076197916","key":0,"oneway":false,"source":"OpenStreetMap"},"geometry":{"type":"LineString","coordinates":[[115.2884438,-2.3897351],[115.288997,-2.3903073],[115.2890635,-2.3903775],[115.2895602,-2.3908213],[115.2896395,-2.3908827],[115.2907701,-2.3915977],[115.2919668,-2.3924738],[115.2937167,-2.3939496],[115.2939839,-2.3941225],[115.2944326,-2.3943116],[115.2946391,-2.3944002],[115.2948771,-2.3944621],[115.2949785,-2.3945046],[115.295122,-2.3945944],[115.2952458,-2.3947112],[115.2952883,-2.3948141],[115.2953132,-2.3951171],[115.2953155,-2.3951457],[115.2953272,-2.3953876],[115.2953335,-2.3956896],[115.2953282,-2.3958234],[115.2953203,-2.3961974],[115.2952977,-2.3963142],[115.2952621,-2.3964401],[115.2952251,-2.3965312],[115.2950455,-2.396832],[115.2949624,-2.397021],[115.2947641,-2.3977029],[115.2945064,-2.3983623],[115.2945082,-2.3984495],[115.2945165,-2.398507],[115.2945222,-2.3985254],[115.2945346,-2.3985659],[115.2945919,-2.3986339],[115.2952417,-2.3991441],[115.2957784,-2.3996833],[115.2958867,-2.3998168],[115.2961814,-2.40018],[115.2963558,-2.4004391],[115.2965167,-2.4007219],[115.2966924,-2.4009684],[115.2968943,-2.4012496],[115.297025,-2.4013664],[115.2971881,-2.4014833],[115.2975695,-2.4017221],[115.2976278,-2.401773],[115.298299,-2.4025281],[115.2983648,-2.4025817],[115.2987741,-2.4028443],[115.2993431,-2.4031907],[115.3004757,-2.4040449],[115.3010403,-2.404475],[115.3016363,-2.4048961],[115.3020112,-2.4051543],[115.3024305,-2.4054039]]}},{"type":"Feature","properties":{"segmentId":"osm-gaul2-73682-3076205827-3076206613-0","regionId":"gaul2-73682","province":"Kalimantan Selatan","region":"Hulusungai Utara","roadName":"Unnamed OSM road","highway":"tertiary","lengthMeters":2706.552,"osmWayIds":["303270337","483841805","666847745","666847746"],"u":"3076205827","v":"3076206613","key":0,"oneway":false,"source":"OpenStreetMap"},"geometry":{"type":"LineString","coordinates":[[115.2884438,-2.3897351],[115.2885049,-2.3896862],[115.2886064,-2.3896049],[115.2886755,-2.3895496],[115.2889397,-2.38935],[115.2890052,-2.3893123],[115.2890736,-2.3892896],[115.2891556,-2.3892736],[115.289433,-2.389248],[115.2896248,-2.3892306],[115.2897415,-2.3892145],[115.2899275,-2.3891744],[115.2901492,-2.389118],[115.290368,-2.3890404],[115.2907014,-2.3889197],[115.2911182,-2.3887276],[115.2914795,-2.3884771],[115.2915868,-2.3883556],[115.291623,-2.388302],[115.291644,-2.3882795],[115.2919577,-2.3880708],[115.2923834,-2.3877466],[115.2924431,-2.3877178],[115.2926,-2.3876565],[115.2927214,-2.3875965],[115.2928196,-2.3875265],[115.2929172,-2.3873728],[115.2930027,-2.3871683],[115.2930501,-2.386905],[115.2931355,-2.3864785],[115.2931646,-2.3863993],[115.2931961,-2.3863269],[115.2932914,-2.3861782],[115.2934416,-2.3859745],[115.2936213,-2.3857709],[115.2939391,-2.385464],[115.2943736,-2.3850795],[115.295012,-2.3844001],[115.295354,-2.384045],[115.2954257,-2.3839539],[115.2955256,-2.3837998],[115.2958046,-2.383237],[115.2959744,-2.3829771],[115.2960638,-2.3828756],[115.2961117,-2.3828511],[115.2962172,-2.3828147],[115.2963263,-2.3827875],[115.2964673,-2.3827486],[115.2965489,-2.3827412],[115.2969176,-2.3827618],[115.2973542,-2.3827908],[115.2976674,-2.3827882],[115.2978028,-2.3827801],[115.2979369,-2.3827466],[115.298063,-2.3826635],[115.2981623,-2.382559],[115.2983031,-2.3822951],[115.2983829,-2.3820262],[115.2984003,-2.3819889],[115.2984224,-2.3819654],[115.2985326,-2.3819033],[115.2987262,-2.3817979],[115.2990275,-2.381657],[115.2991573,-2.3815634],[115.2992593,-2.3814661],[115.2993502,-2.3813281],[115.2995073,-2.3810518],[115.2995233,-2.3810236],[115.2996294,-2.3808365],[115.2996831,-2.3807903],[115.2998182,-2.3807232],[115.2999345,-2.3806824],[115.300025,-2.3806791],[115.3001042,-2.3806905],[115.3004301,-2.3807837],[115.3005968,-2.3808405],[115.300827,-2.3808787],[115.300886,-2.3808881],[115.3009625,-2.3808774],[115.3010725,-2.3808324],[115.3012242,-2.3807415],[115.3013474,-2.3806791],[115.3014545,-2.3806466],[115.3016172,-2.3806212],[115.3016867,-2.3806174],[115.3017861,-2.380582],[115.3019134,-2.3804915],[115.3022918,-2.3802555],[115.302655,-2.3800372],[115.3028065,-2.3799863],[115.3029849,-2.379926],[115.3032276,-2.3798617],[115.3033949,-2.3797911],[115.3036428,-2.3796963],[115.3037893,-2.3796462],[115.3038807,-2.3796232],[115.303993,-2.3796095],[115.3040524,-2.3795857],[115.3041134,-2.3795366],[115.3042166,-2.3794137],[115.3042562,-2.3793338],[115.3042993,-2.379231],[115.304371,-2.3790508],[115.3044498,-2.3788771],[115.3045372,-2.3787656],[115.3045902,-2.3787335],[115.3046525,-2.378704],[115.3048508,-2.3786551],[115.3049617,-2.3786397],[115.3050729,-2.3786429],[115.3052669,-2.3786647],[115.3054726,-2.3786893],[115.3056419,-2.3787106],[115.3062519,-2.3787364],[115.3064958,-2.3787324],[115.3068129,-2.3786958],[115.3068769,-2.3786957],[115.3069291,-2.3787107],[115.3069892,-2.3787593],[115.3072183,-2.3789652],[115.3072858,-2.3790162],[115.3073656,-2.379068],[115.3074655,-2.3791154],[115.3075962,-2.3791698]]}},{"type":"Feature","properties":{"segmentId":"osm-gaul2-73682-3076205827-5913237637-0","regionId":"gaul2-73682","province":"Kalimantan Selatan","region":"Hulusungai Utara","roadName":"Unnamed OSM road","highway":"tertiary","lengthMeters":282.236,"osmWayIds":["1192037518","626350042","666012747","666012748"],"u":"3076205827","v":"5913237637","key":0,"oneway":false,"source":"OpenStreetMap"},"geometry":{"type":"LineString","coordinates":[[115.2884438,-2.3897351],[115.2882079,-2.3895046],[115.2881736,-2.3894768],[115.2881422,-2.3894641],[115.288104,-2.3894574],[115.2880624,-2.3894517],[115.286795,-2.3893914],[115.2866913,-2.3893843],[115.2866943,-2.3893183],[115.2867132,-2.3889254],[115.2867213,-2.3887067]]}},{"type":"Feature","properties":{"segmentId":"osm-gaul2-73682-3076206613-3076205827-0","regionId":"gaul2-73682","province":"Kalimantan Selatan","region":"Hulusungai Utara","roadName":"Unnamed OSM road","highway":"tertiary","lengthMeters":2706.552,"osmWayIds":["303270337","483841805","666847745","666847746"],"u":"3076206613","v":"3076205827","key":0,"oneway":false,"source":"OpenStreetMap"},"geometry":{"type":"LineString","coordinates":[[115.3075962,-2.3791698],[115.3074655,-2.3791154],[115.3073656,-2.379068],[115.3072858,-2.3790162],[115.3072183,-2.3789652],[115.3069892,-2.3787593],[115.3069291,-2.3787107],[115.3068769,-2.3786957],[115.3068129,-2.3786958],[115.3064958,-2.3787324],[115.3062519,-2.3787364],[115.3056419,-2.3787106],[115.3054726,-2.3786893],[115.3052669,-2.3786647],[115.3050729,-2.3786429],[115.3049617,-2.3786397],[115.3048508,-2.3786551],[115.3046525,-2.378704],[115.3045902,-2.3787335],[115.3045372,-2.3787656],[115.3044498,-2.3788771],[115.304371,-2.3790508],[115.3042993,-2.379231],[115.3042562,-2.3793338],[115.3042166,-2.3794137],[115.3041134,-2.3795366],[115.3040524,-2.3795857],[115.303993,-2.3796095],[115.3038807,-2.3796232],[115.3037893,-2.3796462],[115.3036428,-2.3796963],[115.3033949,-2.3797911],[115.3032276,-2.3798617],[115.3029849,-2.379926],[115.3028065,-2.3799863],[115.302655,-2.3800372],[115.3022918,-2.3802555],[115.3019134,-2.3804915],[115.3017861,-2.380582],[115.3016867,-2.3806174],[115.3016172,-2.3806212],[115.3014545,-2.3806466],[115.3013474,-2.3806791],[115.3012242,-2.3807415],[115.3010725,-2.3808324],[115.3009625,-2.3808774],[115.300886,-2.3808881],[115.300827,-2.3808787],[115.3005968,-2.3808405],[115.3004301,-2.3807837],[115.3001042,-2.3806905],[115.300025,-2.3806791],[115.2999345,-2.3806824],[115.2998182,-2.3807232],[115.2996831,-2.3807903],[115.2996294,-2.3808365],[115.2995233,-2.3810236],[115.2995073,-2.3810518],[115.2993502,-2.3813281],[115.2992593,-2.3814661],[115.2991573,-2.3815634],[115.2990275,-2.381657],[115.2987262,-2.3817979],[115.2985326,-2.3819033],[115.2984224,-2.3819654],[115.2984003,-2.3819889],[115.2983829,-2.3820262],[115.2983031,-2.3822951],[115.2981623,-2.382559],[115.298063,-2.3826635],[115.2979369,-2.3827466],[115.2978028,-2.3827801],[115.2976674,-2.3827882],[115.2973542,-2.3827908],[115.2969176,-2.3827618],[115.2965489,-2.3827412],[115.2964673,-2.3827486],[115.2963263,-2.3827875],[115.2962172,-2.3828147],[115.2961117,-2.3828511],[115.2960638,-2.3828756],[115.2959744,-2.3829771],[115.2958046,-2.383237],[115.2955256,-2.3837998],[115.2954257,-2.3839539],[115.295354,-2.384045],[115.295012,-2.3844001],[115.2943736,-2.3850795],[115.2939391,-2.385464],[115.2936213,-2.3857709],[115.2934416,-2.3859745],[115.2932914,-2.3861782],[115.2931961,-2.3863269],[115.2931646,-2.3863993],[115.2931355,-2.3864785],[115.2930501,-2.386905],[115.2930027,-2.3871683],[115.2929172,-2.3873728],[115.2928196,-2.3875265],[115.2927214,-2.3875965],[115.2926,-2.3876565],[115.2924431,-2.3877178],[115.2923834,-2.3877466],[115.2919577,-2.3880708],[115.291644,-2.3882795],[115.291623,-2.388302],[115.2915868,-2.3883556],[115.2914795,-2.3884771],[115.2911182,-2.3887276],[115.2907014,-2.3889197],[115.290368,-2.3890404],[115.2901492,-2.389118],[115.2899275,-2.3891744],[115.2897415,-2.3892145],[115.2896248,-2.3892306],[115.289433,-2.389248],[115.2891556,-2.3892736],[115.2890736,-2.3892896],[115.2890052,-2.3893123],[115.2889397,-2.38935],[115.2886755,-2.3895496],[115.2886064,-2.3896049],[115.2885049,-2.3896862],[115.2884438,-2.3897351]]}},{"type":"Feature","properties":{"segmentId":"osm-gaul2-73682-3076350277-2536128426-0","regionId":"gaul2-73682","province":"Kalimantan Selatan","region":"Hulusungai Utara","roadName":"Jalan Kyai Haji Ahmad Riduan","highway":"tertiary","lengthMeters":194.03,"osmWayIds":["303283175"],"u":"3076350277","v":"2536128426","key":0,"oneway":false,"source":"OpenStreetMap"},"geometry":{"type":"LineString","coordinates":[[115.2659134,-2.4170327],[115.2658886,-2.4171627],[115.2657699,-2.4176524],[115.2657451,-2.4177449],[115.2657337,-2.4177828],[115.2657048,-2.41784],[115.2656431,-2.4179492],[115.2655479,-2.4181482],[115.2655379,-2.4182118],[115.2655385,-2.418252],[115.2655573,-2.4183451],[115.2655976,-2.418455],[115.2656866,-2.4186852]]}},{"type":"Feature","properties":{"segmentId":"osm-gaul2-73682-3076350277-3076350277-0","regionId":"gaul2-73682","province":"Kalimantan Selatan","region":"Hulusungai Utara","roadName":"Jalan Kyai Haji Ahmad Riduan","highway":"tertiary","lengthMeters":1243.17,"osmWayIds":["303283175","303283178"],"u":"3076350277","v":"3076350277","key":0,"oneway":false,"source":"OpenStreetMap"},"geometry":{"type":"LineString","coordinates":[[115.2659134,-2.4170327],[115.2659442,-2.4168592],[115.2659523,-2.4167701],[115.265967,-2.4165932],[115.2659636,-2.4163406],[115.265902,-2.4158398],[115.2658195,-2.4154081],[115.2657439,-2.4150892],[115.265737,-2.415049],[115.2657256,-2.4149686],[115.2657256,-2.4148399],[115.2657638,-2.4144038],[115.2657799,-2.4143167],[115.2658369,-2.4141399],[115.2658805,-2.4140226],[115.2659221,-2.4139214],[115.2659556,-2.4138638],[115.2660032,-2.4137881],[115.2660602,-2.4137124],[115.2661246,-2.4136508],[115.2662131,-2.4135998],[115.2663251,-2.4135643],[115.2664384,-2.4135355],[115.2665745,-2.4135027],[115.2666838,-2.4134886],[115.2668052,-2.4134793],[115.2669045,-2.4134739],[115.266945,-2.4134737],[115.2670768,-2.4134947],[115.2672485,-2.4135195],[115.2674801,-2.4135573],[115.2675334,-2.4135707],[115.2676897,-2.413634],[115.2678512,-2.4136963],[115.2681356,-2.4138283],[115.2682261,-2.4138792],[115.2684494,-2.4140172],[115.2685379,-2.4140862],[115.2686056,-2.4141445],[115.2686338,-2.414175],[115.2686462,-2.4141944],[115.2686533,-2.4142182],[115.2686405,-2.414244],[115.2686214,-2.4142678],[115.2683703,-2.4144762],[115.2683284,-2.4145086],[115.2683005,-2.4145321],[115.268272,-2.4145465],[115.268209,-2.4145606],[115.2680994,-2.4145847],[115.2680511,-2.4145984],[115.2679897,-2.4146192],[115.267804,-2.4146942],[115.2677587,-2.4147137],[115.2677175,-2.4147358],[115.2676867,-2.4147575],[115.2676629,-2.4147776],[115.2675341,-2.4148821],[115.2674805,-2.4149471],[115.2673745,-2.4151555],[115.26729,-2.4153303],[115.2672558,-2.4154268],[115.2672377,-2.4155327],[115.267233,-2.4156164],[115.2672377,-2.4156781],[115.2672565,-2.4157966],[115.2672954,-2.4159393],[115.2673417,-2.4160144],[115.2674308,-2.416151],[115.2675147,-2.4162864],[115.2675495,-2.41635],[115.2675524,-2.416379],[115.267551,-2.4163954],[115.2675457,-2.4164135],[115.2672914,-2.4167862],[115.2672156,-2.4168833],[115.2671847,-2.4169071],[115.2671519,-2.4169262],[115.2671105,-2.4169442],[115.2669916,-2.4169738],[115.2664999,-2.41705],[115.2664069,-2.4170662],[115.2663144,-2.4170783],[115.2662197,-2.4170799],[115.2661801,-2.4170784],[115.2660234,-2.4170535],[115.2659134,-2.4170327]]}},{"type":"Feature","properties":{"segmentId":"osm-gaul2-73682-3076350277-3076350277-1","regionId":"gaul2-73682","province":"Kalimantan Selatan","region":"Hulusungai Utara","roadName":"Jalan Kyai Haji Ahmad Riduan","highway":"tertiary","lengthMeters":1243.17,"osmWayIds":["303283175","303283178"],"u":"3076350277","v":"3076350277","key":1,"oneway":false,"source":"OpenStreetMap"},"geometry":{"type":"LineString","coordinates":[[115.2659134,-2.4170327],[115.2660234,-2.4170535],[115.2661801,-2.4170784],[115.2662197,-2.4170799],[115.2663144,-2.4170783],[115.2664069,-2.4170662],[115.2664999,-2.41705],[115.2669916,-2.4169738],[115.2671105,-2.4169442],[115.2671519,-2.4169262],[115.2671847,-2.4169071],[115.2672156,-2.4168833],[115.2672914,-2.4167862],[115.2675457,-2.4164135],[115.267551,-2.4163954],[115.2675524,-2.416379],[115.2675495,-2.41635],[115.2675147,-2.4162864],[115.2674308,-2.416151],[115.2673417,-2.4160144],[115.2672954,-2.4159393],[115.2672565,-2.4157966],[115.2672377,-2.4156781],[115.267233,-2.4156164],[115.2672377,-2.4155327],[115.2672558,-2.4154268],[115.26729,-2.4153303],[115.2673745,-2.4151555],[115.2674805,-2.4149471],[115.2675341,-2.4148821],[115.2676629,-2.4147776],[115.2676867,-2.4147575],[115.2677175,-2.4147358],[115.2677587,-2.4147137],[115.267804,-2.4146942],[115.2679897,-2.4146192],[115.2680511,-2.4145984],[115.2680994,-2.4145847],[115.268209,-2.4145606],[115.268272,-2.4145465],[115.2683005,-2.4145321],[115.2683284,-2.4145086],[115.2683703,-2.4144762],[115.2686214,-2.4142678],[115.2686405,-2.414244],[115.2686533,-2.4142182],[115.2686462,-2.4141944],[115.2686338,-2.414175],[115.2686056,-2.4141445],[115.2685379,-2.4140862],[115.2684494,-2.4140172],[115.2682261,-2.4138792],[115.2681356,-2.4138283],[115.2678512,-2.4136963],[115.2676897,-2.413634],[115.2675334,-2.4135707],[115.2674801,-2.4135573],[115.2672485,-2.4135195],[115.2670768,-2.4134947],[115.266945,-2.4134737],[115.2669045,-2.4134739],[115.2668052,-2.4134793],[115.2666838,-2.4134886],[115.2665745,-2.4135027],[115.2664384,-2.4135355],[115.2663251,-2.4135643],[115.2662131,-2.4135998],[115.2661246,-2.4136508],[115.2660602,-2.4137124],[115.2660032,-2.4137881],[115.2659556,-2.4138638],[115.2659221,-2.4139214],[115.2658805,-2.4140226],[115.2658369,-2.4141399],[115.2657799,-2.4143167],[115.2657638,-2.4144038],[115.2657256,-2.4148399],[115.2657256,-2.4149686],[115.265737,-2.415049],[115.2657439,-2.4150892],[115.2658195,-2.4154081],[115.265902,-2.4158398],[115.2659636,-2.4163406],[115.265967,-2.4165932],[115.2659523,-2.4167701],[115.2659442,-2.4168592],[115.2659134,-2.4170327]]}},{"type":"Feature","properties":{"segmentId":"osm-gaul2-73682-3532123407-3532123408-0","regionId":"gaul2-73682","province":"Kalimantan Selatan","region":"Hulusungai Utara","roadName":"Unnamed OSM road","highway":"primary","lengthMeters":60.555,"osmWayIds":["346687620","366601864","665219550"],"u":"3532123407","v":"3532123408","key":0,"oneway":false,"source":"OpenStreetMap"},"geometry":{"type":"LineString","coordinates":[[115.2114047,-2.4680437],[115.2113672,-2.4680618],[115.2109882,-2.4682807],[115.2109306,-2.4683122]]}},{"type":"Feature","properties":{"segmentId":"osm-gaul2-73682-3532123407-3599797027-0","regionId":"gaul2-73682","province":"Kalimantan Selatan","region":"Hulusungai Utara","roadName":"Unnamed OSM road","highway":"tertiary","lengthMeters":2176.629,"osmWayIds":["366601831"],"u":"3532123407","v":"3599797027","key":0,"oneway":false,"source":"OpenStreetMap"},"geometry":{"type":"LineString","coordinates":[[115.2114047,-2.4680437],[115.2115376,-2.468223],[115.2118358,-2.4685306],[115.2122203,-2.4688742],[115.2125767,-2.4691126],[115.2125957,-2.4691253],[115.2126789,-2.4691985],[115.2127969,-2.469244],[115.2128794,-2.469255],[115.2129127,-2.4692594],[115.2129562,-2.4692661],[115.2132663,-2.4693137],[115.2136293,-2.4693483],[115.2137854,-2.4693826],[115.2140254,-2.469386],[115.2142024,-2.4693726],[115.2143654,-2.4693531],[115.2145565,-2.4693271],[115.2148062,-2.4692555],[115.2148609,-2.4692414],[115.2150903,-2.469151],[115.2155573,-2.4689194],[115.2159017,-2.4687043],[115.2160719,-2.4685446],[115.2162041,-2.4684064],[115.2166899,-2.467897],[115.217003,-2.4675191],[115.2171509,-2.4673407],[115.2173297,-2.4671433],[115.2177109,-2.4668673],[115.2179654,-2.4666831],[115.2184832,-2.4663499],[115.2188351,-2.4661037],[115.2190811,-2.4659316],[115.2195328,-2.4656268],[115.2198109,-2.4654201],[115.2200249,-2.4652467],[115.2203071,-2.4649645],[115.2204627,-2.4648037],[115.2206132,-2.4646377],[115.2207336,-2.464517],[115.2208527,-2.4643621],[115.2209024,-2.4642765],[115.2211708,-2.4639033],[115.2213639,-2.4635818],[115.2214462,-2.4634602],[115.2215487,-2.4632844],[115.2219647,-2.462615],[115.2223664,-2.4619677],[115.222436,-2.4617956],[115.2225386,-2.4611074],[115.2225287,-2.4608692],[115.2225149,-2.4607353],[115.2224582,-2.4604534],[115.2224435,-2.4601195],[115.2224483,-2.4598479],[115.222469,-2.4596278],[115.2224815,-2.4594203],[115.2225159,-2.4591428],[115.222531,-2.4590949],[115.2225682,-2.4590155],[115.2226084,-2.4589579],[115.2227026,-2.4588426],[115.2227841,-2.4587556],[115.2228458,-2.4586899],[115.2228995,-2.4586135],[115.2229587,-2.4585416],[115.2232321,-2.4582678],[115.2233917,-2.4581191],[115.2234763,-2.45805],[115.2236652,-2.4579155],[115.2238894,-2.4577922],[115.2239353,-2.457727],[115.2239482,-2.4576602],[115.2239443,-2.4576169]]}},{"type":"Feature","properties":{"segmentId":"osm-gaul2-73682-3532123407-3599797056-0","regionId":"gaul2-73682","province":"Kalimantan Selatan","region":"Hulusungai Utara","roadName":"Unnamed OSM road","highway":"primary","lengthMeters":444.351,"osmWayIds":["354217188","366601829"],"u":"3532123407","v":"3599797056","key":0,"oneway":false,"source":"OpenStreetMap"},"geometry":{"type":"LineString","coordinates":[[115.2114047,-2.4680437],[115.2116422,-2.4679015],[115.2117093,-2.467864],[115.2119182,-2.4677561],[115.2121333,-2.4676455],[115.2122458,-2.4675807],[115.2128077,-2.4672567],[115.2129892,-2.467184],[115.2131923,-2.4672297],[115.2133933,-2.4673574],[115.2135916,-2.4675796],[115.2138066,-2.4678164],[115.2142924,-2.4683003],[115.2145162,-2.4684749],[115.2146485,-2.4685657]]}},{"type":"Feature","properties":{"segmentId":"osm-gaul2-73682-3532123407-4068072002-0","regionId":"gaul2-73682","province":"Kalimantan Selatan","region":"Hulusungai Utara","roadName":"Unnamed OSM road","highway":"tertiary","lengthMeters":2932.316,"osmWayIds":["366601867"],"u":"3532123407","v":"4068072002","key":0,"oneway":false,"source":"OpenStreetMap"},"geometry":{"type":"LineString","coordinates":[[115.2114047,-2.4680437],[115.2112771,-2.4678581],[115.211167,-2.4676452],[115.2111558,-2.4676088],[115.2111082,-2.467453],[115.2110968,-2.4674159],[115.2110532,-2.4672589],[115.2110441,-2.4672262],[115.2110131,-2.4670187],[115.2110552,-2.4665388],[115.2111071,-2.4662356],[115.211253,-2.4653671],[115.2112679,-2.4652614],[115.2113146,-2.4649313],[115.2113497,-2.4645425],[115.2111709,-2.4636144],[115.2110622,-2.4631766],[115.2109468,-2.4628518],[115.2108133,-2.4624761],[115.2107665,-2.4622633],[115.2107747,-2.4620559],[115.2107832,-2.4619117],[115.2107853,-2.461521],[115.2108273,-2.4611593],[115.2110482,-2.4602206],[115.2111906,-2.4597078],[115.2113958,-2.4590214],[115.2115605,-2.4584638],[115.2117714,-2.4577526],[115.2118631,-2.4572555],[115.2119234,-2.4567511],[115.2118498,-2.4562969],[115.211652,-2.4559163],[115.211629,-2.455872],[115.2115041,-2.4557006],[115.21136,-2.4555477],[115.2111972,-2.4554361],[115.2111608,-2.4554112],[115.2110674,-2.4553598],[115.2108832,-2.4552692],[115.2106619,-2.4551701],[115.210585,-2.4551336],[115.2104238,-2.4550569],[115.2099793,-2.4549141],[115.2099673,-2.4549105],[115.2097993,-2.4548596],[115.2097186,-2.4548356],[115.2093823,-2.4547484],[115.2090407,-2.4546879],[115.2089427,-2.4546851],[115.2088713,-2.4546831],[115.2088447,-2.4546823],[115.2087307,-2.4546864],[115.2086336,-2.4547024],[115.208433,-2.4547574],[115.2082185,-2.4548267],[115.2080231,-2.4548914],[115.2078554,-2.4549783],[115.2075438,-2.4551634],[115.2074003,-2.4552478],[115.2072472,-2.4553587],[115.2070476,-2.455501],[115.2068666,-2.4556457],[115.206468,-2.456001],[115.2062617,-2.4561776],[115.2060269,-2.4563838],[115.2058594,-2.4564925],[115.205681,-2.4566091],[115.2055241,-2.4567136],[115.2053205,-2.4568351],[115.2051875,-2.4569012],[115.2050467,-2.4569883],[115.2049501,-2.4570633],[115.2048643,-2.457129],[115.2047651,-2.4572099],[115.2045706,-2.4573862],[115.2043157,-2.4576356],[115.2042071,-2.4577373],[115.2041562,-2.4577801],[115.204093,-2.457819],[115.204014,-2.4578418],[115.2039684,-2.4578485],[115.2039167,-2.4578438],[115.2038544,-2.4578123],[115.2038155,-2.4577761],[115.203794,-2.4577422],[115.2036924,-2.4574866],[115.2033826,-2.4566083],[115.2032456,-2.4562634],[115.2030954,-2.4559204],[115.2029995,-2.4557284],[115.202866,-2.4554943],[115.2027293,-2.4552344],[115.2025005,-2.4547684],[115.2023363,-2.4543903],[115.2022277,-2.4541571],[115.2020332,-2.4537552],[115.20193,-2.4535595]]}},{"type":"Feature","properties":{"segmentId":"osm-gaul2-73682-3532123408-3532123407-0","regionId":"gaul2-73682","province":"Kalimantan Selatan","region":"Hulusungai Utara","roadName":"Unnamed OSM road","highway":"primary","lengthMeters":60.555,"osmWayIds":["346687620","366601864","665219550"],"u":"3532123408","v":"3532123407","key":0,"oneway":false,"source":"OpenStreetMap"},"geometry":{"type":"LineString","coordinates":[[115.2109306,-2.4683122],[115.2109882,-2.4682807],[115.2113672,-2.4680618],[115.2114047,-2.4680437]]}},{"type":"Feature","properties":{"segmentId":"osm-gaul2-73682-3532123408-4068071854-0","regionId":"gaul2-73682","province":"Kalimantan Selatan","region":"Hulusungai Utara","roadName":"Unnamed OSM road","highway":"primary","lengthMeters":4437.399,"osmWayIds":["366601864","666648345","804521306"],"u":"3532123408","v":"4068071854","key":0,"oneway":false,"source":"OpenStreetMap"},"geometry":{"type":"LineString","coordinates":[[115.2109306,-2.4683122],[115.2105548,-2.4684336],[115.210104,-2.4685975],[115.2098861,-2.4686746],[115.2098338,-2.4683791],[115.2097848,-2.468014],[115.2097566,-2.4674352],[115.2097315,-2.4668583],[115.2096936,-2.466015],[115.2096614,-2.4652432],[115.209597,-2.4643321],[115.2095778,-2.4641391],[115.2095152,-2.4636313],[115.2094774,-2.4632256],[115.2094415,-2.4628435],[115.2094302,-2.4627347],[115.2094053,-2.4624951],[115.2093699,-2.4620644],[115.2093878,-2.4616443],[115.209416,-2.4611325],[115.2094723,-2.460685],[115.2095354,-2.4603018],[115.2096105,-2.4598462],[115.209665,-2.4594694],[115.2096749,-2.4594131],[115.2097875,-2.4588011],[115.2098026,-2.4587087],[115.2098397,-2.4584815],[115.2099248,-2.4579741],[115.2100021,-2.4575564],[115.2100745,-2.4571343],[115.2100772,-2.4570425],[115.2100778,-2.4569662],[115.2100757,-2.4569246],[115.2100706,-2.4568838],[115.2100587,-2.4568322],[115.2100363,-2.4567762],[115.2099974,-2.4567303],[115.2099296,-2.4566613],[115.2098537,-2.4566078],[115.2097305,-2.4565501],[115.209581,-2.4564992],[115.2094153,-2.4564671],[115.2092128,-2.4564456],[115.2089909,-2.4564429],[115.2088749,-2.45646],[115.2086793,-2.4564887],[115.2084035,-2.4565823],[115.2081701,-2.4566976],[115.2079092,-2.4568769],[115.2075716,-2.4571962],[115.2067097,-2.4579101],[115.2064734,-2.4581138],[115.2060787,-2.4584541],[115.2059472,-2.4585713],[115.2056354,-2.4588493],[115.2052264,-2.4592044],[115.2049649,-2.4594349],[115.2048676,-2.4595139],[115.204763,-2.459604],[115.2046517,-2.4596844],[115.2045682,-2.4597283],[115.2045045,-2.4597471],[115.2044043,-2.4597511],[115.2043077,-2.4597471],[115.2042253,-2.4597243],[115.2041367,-2.4596767],[115.2039729,-2.4595644],[115.2037807,-2.4594268],[115.2035612,-2.459259],[115.2033609,-2.4590932],[115.2030927,-2.4588909],[115.2028671,-2.4587057],[115.2026139,-2.4584876],[115.2024034,-2.4582531],[115.2022693,-2.4580789],[115.2021593,-2.4579477],[115.2020869,-2.4578431],[115.202044,-2.4577869],[115.201997,-2.4577199],[115.2019544,-2.4576168],[115.201854,-2.4573503],[115.2013346,-2.4557963],[115.2012966,-2.4556831],[115.201191,-2.4554194],[115.200904,-2.4547025],[115.2005513,-2.4541464],[115.1996646,-2.4530951],[115.1992018,-2.4525382],[115.1989123,-2.4521436],[115.1983359,-2.4513579],[115.1980394,-2.4509683],[115.197731,-2.4505422],[115.1974315,-2.4501353],[115.197357,-2.4500334],[115.1966906,-2.4491225],[115.1966165,-2.4489994],[115.1964926,-2.4487934],[115.196403,-2.4486445],[115.1962026,-2.4482319],[115.195897,-2.4476346],[115.1951491,-2.446154],[115.1950452,-2.4459783],[115.1949784,-2.4458653],[115.1947669,-2.4455077],[115.1946325,-2.4452836],[115.1943755,-2.4448456],[115.1943313,-2.4447699],[115.1942741,-2.4446215],[115.1942602,-2.4445797],[115.1942521,-2.4445328],[115.1942513,-2.4444477],[115.1942535,-2.4443465],[115.1942736,-2.4442446],[115.1943044,-2.444171],[115.1943433,-2.4441],[115.1944271,-2.443955],[115.1945365,-2.4437329],[115.1946116,-2.4435801],[115.1946343,-2.4435171],[115.1946518,-2.4434515],[115.1946574,-2.4433634],[115.1946632,-2.4432945]]}},{"type":"Feature","properties":{"segmentId":"osm-gaul2-73682-3532123408-4068071854-1","regionId":"gaul2-73682","province":"Kalimantan Selatan","region":"Hulusungai Utara","roadName":"Unnamed OSM road","highway":"tertiary","lengthMeters":4387.994,"osmWayIds":["366601866"],"u":"3532123408","v":"4068071854","key":1,"oneway":false,"source":"OpenStreetMap"},"geometry":{"type":"LineString","coordinates":[[115.2109306,-2.4683122],[115.2108572,-2.468151],[115.2106793,-2.4676082],[115.2105795,-2.4671326],[115.2105734,-2.4667948],[115.2106181,-2.4665232],[115.2107828,-2.4656722],[115.2108641,-2.4653544],[115.2108985,-2.4644323],[115.2107583,-2.4637319],[115.2105392,-2.4629686],[115.2104708,-2.4627302],[115.2103657,-2.4622539],[115.2103591,-2.4614104],[115.2104393,-2.4610351],[115.2105171,-2.4606327],[115.2105761,-2.4603541],[115.2106378,-2.4600378],[115.2107025,-2.4597742],[115.2107812,-2.4595259],[115.210842,-2.4593232],[115.2108483,-2.4593022],[115.2109931,-2.4588574],[115.2111419,-2.4583406],[115.2112949,-2.4578458],[115.2114283,-2.4573555],[115.2114746,-2.4571062],[115.2114855,-2.4568905],[115.2114773,-2.4566988],[115.2114546,-2.4565257],[115.2113432,-2.4562541],[115.2112385,-2.4560617],[115.2111178,-2.4559111],[115.2110072,-2.4558131],[115.2108255,-2.4557033],[115.2106512,-2.4556015],[115.2104673,-2.4555154],[115.2101469,-2.4553978],[115.210024,-2.4553589],[115.2099099,-2.4553227],[115.2096266,-2.4552505],[115.2093984,-2.4552082],[115.2092376,-2.4551727],[115.2091047,-2.4551556],[115.2090612,-2.4551477],[115.2089855,-2.4551339],[115.2089197,-2.4551281],[115.2088869,-2.4551252],[115.2087294,-2.4551258],[115.2086073,-2.4551393],[115.2083624,-2.4551757],[115.2081852,-2.4552317],[115.2080628,-2.455288],[115.2079019,-2.4553804],[115.2077544,-2.4554782],[115.2075777,-2.4556112],[115.2073354,-2.4558012],[115.2069095,-2.4561362],[115.2064604,-2.4565276],[115.206137,-2.4567859],[115.2057426,-2.4570707],[115.2056086,-2.457172],[115.2053881,-2.457327],[115.205052,-2.4575631],[115.2048013,-2.4577453],[115.2045744,-2.4579565],[115.2044217,-2.4581205],[115.2042581,-2.458288],[115.2040872,-2.4584013],[115.2039495,-2.4584526],[115.2037736,-2.4584427],[115.2036694,-2.4584113],[115.2035733,-2.4583584],[115.2034467,-2.4582612],[115.2033621,-2.4581827],[115.2032335,-2.4579427],[115.2031786,-2.4578335],[115.2031369,-2.4576984],[115.2030524,-2.4573447],[115.2029613,-2.4570788],[115.2028217,-2.4566918],[115.2027306,-2.4564416],[115.2026367,-2.4561844],[115.2024722,-2.4558325],[115.2023417,-2.4555654],[115.2022397,-2.4553536],[115.2020848,-2.4550149],[115.2019662,-2.4547346],[115.2018508,-2.4544345],[115.2017145,-2.4541194],[115.2016074,-2.4539133],[115.2015109,-2.4537692],[115.2013727,-2.4534972],[115.201252,-2.4532628],[115.2010757,-2.452907],[115.2009147,-2.4525024],[115.2007147,-2.451941],[115.2005902,-2.4516529],[115.2003817,-2.4511771],[115.2002911,-2.4510499],[115.2002174,-2.4509495],[115.2000967,-2.4508101],[115.1999572,-2.4506761],[115.1997855,-2.4505314],[115.1994247,-2.450326],[115.1991391,-2.4501951],[115.1989286,-2.4500946],[115.1988152,-2.4500336],[115.1987073,-2.4499506],[115.1985852,-2.44984],[115.1984525,-2.4496766],[115.1983555,-2.449545],[115.19829,-2.4494496],[115.1981615,-2.4492317],[115.1980609,-2.4489812],[115.1979297,-2.4487101],[115.1978496,-2.4485591],[115.1977544,-2.448395],[115.1976991,-2.448326],[115.1976217,-2.4482302],[115.1975399,-2.4480975],[115.1974761,-2.4480004],[115.1973098,-2.4477485],[115.1971087,-2.447443],[115.1968847,-2.4471187],[115.1966983,-2.446824],[115.1965709,-2.4466029],[115.1964408,-2.446351],[115.1963557,-2.4461902],[115.1962423,-2.4460147],[115.1961675,-2.4459033],[115.1961138,-2.4458233],[115.195989,-2.4456466],[115.1959111,-2.4455364],[115.1958136,-2.4453888],[115.1957043,-2.4452233],[115.1956549,-2.4451518],[115.1956107,-2.4450714],[115.1955816,-2.4450133],[115.1955262,-2.4449026],[115.1955131,-2.4448741],[115.1954751,-2.4447916],[115.1954185,-2.4446685],[115.195304,-2.4444339],[115.195266,-2.4443559],[115.1951275,-2.4440728],[115.1949361,-2.4437142],[115.1948744,-2.4436096],[115.1948073,-2.4434984],[115.1947403,-2.4433979],[115.1946632,-2.4432945]]}},{"type":"Feature","properties":{"segmentId":"osm-gaul2-73682-3556399936-3599963310-0","regionId":"gaul2-73682","province":"Kalimantan Selatan","region":"Hulusungai Utara","roadName":"Jalan Kali Negara","highway":"primary","lengthMeters":13594.369,"osmWayIds":["354335372","796867484","796867485"],"u":"3556399936","v":"3599963310","key":0,"oneway":false,"source":"OpenStreetMap"},"geometry":{"type":"LineString","coordinates":[[115.1389041,-2.5381143],[115.1391153,-2.5379422],[115.1393178,-2.5377881],[115.1395257,-2.5376112],[115.1397154,-2.5374525],[115.1398212,-2.5373683],[115.1399247,-2.5372924],[115.1400326,-2.5372254],[115.1403974,-2.536999],[115.1409754,-2.5366479],[115.1418847,-2.5361254],[115.1422468,-2.5359244],[115.1429086,-2.5356112],[115.1434806,-2.5353416],[115.1440108,-2.5350923],[115.145153,-2.5345552],[115.1454949,-2.5344011],[115.1461084,-2.5341425],[115.1461467,-2.5341264],[115.1465893,-2.5339509],[115.1472826,-2.5337433],[115.1475147,-2.5336725],[115.1489315,-2.5332402],[115.1492306,-2.5331578],[115.1495632,-2.533074],[115.1499856,-2.5329782],[115.1501506,-2.5329474],[115.1502639,-2.5329314],[115.150402,-2.5329126],[115.150565,-2.5328979],[115.1509774,-2.5328691],[115.1511162,-2.5328583],[115.1512644,-2.5328436],[115.1513703,-2.5328295],[115.1514712,-2.5328138],[115.1515688,-2.5327987],[115.151774,-2.5327599],[115.1519939,-2.532713],[115.1521394,-2.5326775],[115.1522762,-2.5326507],[115.1523949,-2.5326319],[115.152812,-2.5325629],[115.1531111,-2.5325334],[115.1532612,-2.5325232],[115.1534645,-2.5325093],[115.153677,-2.5324912],[115.153842,-2.5324926],[115.1540002,-2.5325019],[115.1541363,-2.5325147],[115.154243,-2.5325301],[115.1543999,-2.5325609],[115.1547056,-2.5326192],[115.1548503,-2.5326535],[115.1551469,-2.5327237],[115.1553775,-2.5327739],[115.1558536,-2.5328965],[115.1562955,-2.5330177],[115.1565731,-2.5330827],[115.1568132,-2.5331256],[115.1569527,-2.5331444],[115.157099,-2.5331541],[115.1572866,-2.533156],[115.1573701,-2.5331568],[115.1575501,-2.5331323],[115.1577468,-2.533091],[115.1580115,-2.5330117],[115.1581543,-2.5329682],[115.1582905,-2.5329151],[115.1584689,-2.5328477],[115.1586579,-2.5328121],[115.1591326,-2.532788],[115.1592711,-2.5327941],[115.1596476,-2.5328108],[115.1599655,-2.5328041],[115.1601183,-2.5328094],[115.160227,-2.5328295],[115.1603497,-2.5328597],[115.1604925,-2.5329401],[115.1610989,-2.5332774],[115.1614353,-2.5334646],[115.1618041,-2.5336401],[115.1621139,-2.5337848],[115.162586,-2.5339911],[115.1629836,-2.5341533],[115.1633893,-2.5342926],[115.1637541,-2.534389],[115.1639442,-2.5344182],[115.1643723,-2.5344413],[115.1652132,-2.534582],[115.1657625,-2.5346889],[115.1665071,-2.5348549],[115.1667461,-2.5348945],[115.1668845,-2.5348945],[115.1669218,-2.5348891],[115.1671833,-2.5348365],[115.1679584,-2.5346452],[115.1680791,-2.5345927],[115.1686283,-2.5343238],[115.1689059,-2.5341352],[115.1691252,-2.5339596],[115.1693411,-2.5337285],[115.1694323,-2.5335892],[115.1695517,-2.5334164],[115.1700479,-2.5326929],[115.1703952,-2.5323097],[115.1704837,-2.5321797],[115.1706232,-2.5318287],[115.170764,-2.531546],[115.1708646,-2.5312378],[115.1709008,-2.531061],[115.1709233,-2.5307938],[115.1709384,-2.5306148],[115.1709639,-2.5304072],[115.1709849,-2.5303254],[115.1710014,-2.5302611],[115.171106,-2.5299409],[115.1711918,-2.5297426],[115.1712046,-2.5297242],[115.1713353,-2.5295363],[115.1713648,-2.5294492],[115.171385,-2.5293608],[115.1713836,-2.5292148],[115.1713032,-2.5286601],[115.1712482,-2.5283961],[115.1712307,-2.5282581],[115.1711744,-2.5279366],[115.1711744,-2.5278401],[115.1711784,-2.5277463],[115.171212,-2.5276351],[115.1712777,-2.5274878],[115.1713769,-2.5272761],[115.1714547,-2.5270845],[115.1714705,-2.5269797],[115.1714798,-2.5267199],[115.1714798,-2.5263765],[115.1715195,-2.5261033],[115.1715741,-2.5259162],[115.1716649,-2.5256544],[115.1717015,-2.5254003],[115.1717377,-2.5251552],[115.1718052,-2.5247268],[115.1718074,-2.524713],[115.171849,-2.5243607],[115.1718852,-2.5240525],[115.1718959,-2.5237658],[115.1718805,-2.5233344],[115.1718767,-2.5232813],[115.1718664,-2.5231367],[115.1718329,-2.5228909],[115.1718134,-2.5226725],[115.1718148,-2.5224414],[115.1718212,-2.5223727],[115.1718315,-2.5222612],[115.1718584,-2.5220562],[115.1718979,-2.5217444],[115.1718993,-2.5215899],[115.1719033,-2.5214131],[115.171908,-2.5212644],[115.1719066,-2.5210728],[115.1718953,-2.5208517],[115.1718765,-2.5207599],[115.1718436,-2.5206695],[115.1718005,-2.5204985],[115.1718004,-2.5204868],[115.1718004,-2.5204116],[115.1718148,-2.5203136],[115.171848,-2.5202163],[115.1718758,-2.5201537],[115.1719415,-2.5200083],[115.1719955,-2.5198161],[115.1719994,-2.51977],[115.1720126,-2.5196137],[115.1720166,-2.519473],[115.1719871,-2.5193016],[115.1719429,-2.519059],[115.1718879,-2.5187107],[115.1718334,-2.5183732],[115.1718195,-2.5182873],[115.1717538,-2.5177728],[115.1716948,-2.517403],[115.1716698,-2.5173182],[115.1716478,-2.5172436],[115.1715673,-2.5170654],[115.1712763,-2.5166755],[115.1710135,-2.5162856],[115.170874,-2.516076],[115.170699,-2.5157705],[115.1705461,-2.5155152],[115.1704562,-2.5153759],[115.1702645,-2.5151435],[115.1700318,-2.5148822],[115.1699008,-2.5147363],[115.1698326,-2.5146604],[115.169745,-2.5145598],[115.1694866,-2.5142987],[115.1693458,-2.5141453],[115.1692544,-2.5140411],[115.1691507,-2.5139349],[115.169065,-2.5138378],[115.1689529,-2.5136924],[115.1688487,-2.5135248],[115.1687571,-2.5133803],[115.1686555,-2.5131994],[115.1685646,-2.5130473],[115.168464,-2.5128631],[115.168377,-2.5126896],[115.1682568,-2.5124052],[115.1681504,-2.5121284],[115.1681153,-2.5120371],[115.1680617,-2.511879],[115.1680291,-2.51172],[115.1680174,-2.511536],[115.1680198,-2.5114706],[115.1680245,-2.5113447],[115.1680282,-2.5112188],[115.1680443,-2.5111086],[115.1681083,-2.510922],[115.168169,-2.5107683],[115.1682293,-2.5106477],[115.1683639,-2.5104113],[115.1685941,-2.5100582],[115.1686159,-2.5100269],[115.1686639,-2.5099577],[115.1687309,-2.5098652],[115.1688196,-2.5097229],[115.1690474,-2.5093883],[115.1692632,-2.5091124],[115.1694109,-2.5089502],[115.1695959,-2.5087626],[115.1697084,-2.5086609],[115.1699754,-2.5084196],[115.1702638,-2.5081865],[115.1703624,-2.5081183],[115.1705602,-2.5079815],[115.1709343,-2.5077081],[115.171184,-2.5075252],[115.1714611,-2.5073321],[115.1716905,-2.5071381],[115.1720219,-2.506858],[115.1724029,-2.5065452],[115.1725692,-2.5063965],[115.1726791,-2.5062933],[115.1727491,-2.5062196],[115.1728266,-2.5060682],[115.1729563,-2.5058409],[115.1731017,-2.505634],[115.1736814,-2.5049187],[115.1737634,-2.5048248],[115.1739567,-2.5046043],[115.1743644,-2.5041392],[115.1744923,-2.5039727],[115.1745789,-2.5038384],[115.1746245,-2.5037624],[115.1748651,-2.5033175],[115.1750629,-2.5029305],[115.1754076,-2.5023602],[115.1756926,-2.5020018],[115.1757547,-2.5019184],[115.1758897,-2.5017368],[115.1759514,-2.5016455],[115.1761627,-2.5013329],[115.176233,-2.5012442],[115.1763195,-2.5010776],[115.1764295,-2.5008369],[115.1764771,-2.5007464],[115.1765221,-2.500666],[115.1765697,-2.500599],[115.1765978,-2.5005558],[115.1766434,-2.5004945],[115.1766951,-2.5004269],[115.1767668,-2.5003391],[115.1768084,-2.5002949],[115.1770458,-2.500049],[115.1773046,-2.4997945],[115.1777245,-2.4994067],[115.177774,-2.499361],[115.1778866,-2.4992659],[115.1780348,-2.4991346],[115.1782829,-2.4989088],[115.1787443,-2.4985176],[115.1788681,-2.4984115],[115.1790599,-2.4982469],[115.1791895,-2.4981358],[115.1792935,-2.4980473],[115.1794168,-2.4979462],[115.1795053,-2.4978799],[115.1796026,-2.4978155],[115.1796413,-2.4977925],[115.1797172,-2.4977472],[115.1798373,-2.4976843],[115.1799399,-2.4976534],[115.1801075,-2.4976059],[115.1802679,-2.4975654],[115.180583,-2.4974972],[115.1807204,-2.4974645],[115.1808298,-2.4974355],[115.1809289,-2.4974009],[115.1810171,-2.4973629],[115.181114,-2.497305],[115.1813168,-2.4972],[115.1815552,-2.4970579],[115.1816746,-2.4969842],[115.1818281,-2.4968971],[115.1819275,-2.4968492],[115.1820005,-2.496814],[115.1821775,-2.4967296],[115.1822195,-2.4967101],[115.1823471,-2.4966506],[115.1824538,-2.4965943],[115.1825242,-2.4965551],[115.1825771,-2.4965199],[115.1826311,-2.4964831],[115.1826747,-2.4964449],[115.1827108,-2.4964082],[115.1827371,-2.4963769],[115.1828128,-2.4962911],[115.1828765,-2.4962248],[115.1829118,-2.496193],[115.1829396,-2.4961696],[115.1829996,-2.496132],[115.1831264,-2.4960664],[115.1834187,-2.4959291],[115.18371,-2.4957984],[115.1837801,-2.4957669],[115.1841576,-2.4955894],[115.1846659,-2.4953549],[115.1847355,-2.4953213],[115.1851025,-2.4951444],[115.1855784,-2.4949146],[115.1863241,-2.4946102],[115.1864889,-2.4945429],[115.1865643,-2.494514],[115.1868098,-2.4943957],[115.1871139,-2.4941756],[115.1875864,-2.4938363],[115.1880076,-2.4935339],[115.1882198,-2.4934242],[115.1883068,-2.4933903],[115.1884376,-2.4933392],[115.1887802,-2.4932383],[115.1892133,-2.4931503],[115.1895158,-2.4930792],[115.1898699,-2.4929997],[115.190124,-2.4929427],[115.1902255,-2.4929108],[115.1908447,-2.4927164],[115.1910311,-2.4926578],[115.1913414,-2.4925667],[115.1917924,-2.4924342],[115.1918334,-2.4924222],[115.1922473,-2.4922722],[115.1924981,-2.4921642],[115.1925981,-2.4921173],[115.1927532,-2.4919864],[115.1928985,-2.491817],[115.1933284,-2.4913903],[115.1937935,-2.4909656],[115.1938435,-2.490909],[115.1940918,-2.490553],[115.1944231,-2.4901057],[115.1945478,-2.4898193],[115.1946226,-2.48962],[115.1948033,-2.4892713],[115.1952782,-2.4885766],[115.1953304,-2.4885003],[115.1957795,-2.4877253],[115.1958779,-2.487504],[115.1959258,-2.4872838],[115.1959595,-2.486983],[115.1959564,-2.4868304],[115.1958507,-2.4865763],[115.1956816,-2.4861782],[115.1956414,-2.4860324],[115.1956442,-2.4859225],[115.1956688,-2.4857859],[115.1957235,-2.4855804],[115.1958148,-2.4852373],[115.1959644,-2.4844101],[115.1959835,-2.4843345],[115.1960811,-2.4839567],[115.1960783,-2.4835684],[115.1960779,-2.4835052],[115.1960281,-2.4828856],[115.1959051,-2.4823648],[115.1958455,-2.4821698],[115.1958387,-2.4820771],[115.195842,-2.4820063],[115.1959057,-2.4818678],[115.196062,-2.4816805],[115.196507,-2.481169],[115.1970054,-2.4806247],[115.1971526,-2.4805085],[115.1976286,-2.4801849],[115.1981932,-2.4798317],[115.1982682,-2.4798065],[115.1983439,-2.4797833],[115.1984005,-2.4797591],[115.1984445,-2.4797471],[115.1985001,-2.4797433],[115.1985811,-2.4797829],[115.1986724,-2.4798322],[115.1998514,-2.4805765],[115.1998748,-2.4805913],[115.2002651,-2.4808445],[115.2008967,-2.4811783],[115.2010498,-2.4812508],[115.2016967,-2.4815787],[115.2019662,-2.481712],[115.2022401,-2.4818258],[115.2023256,-2.4818574],[115.2024272,-2.4818887],[115.2025469,-2.4819364],[115.2031046,-2.4820481],[115.2033428,-2.482108],[115.2036059,-2.4821741],[115.2040425,-2.4823065],[115.2041091,-2.4823281],[115.2044691,-2.482445],[115.2050237,-2.4826048],[115.2052291,-2.4826516],[115.2057534,-2.4827471],[115.2063328,-2.4828328],[115.2066786,-2.4828528],[115.2068028,-2.4828655],[115.2070811,-2.4828918],[115.2072582,-2.4829254],[115.2074084,-2.4829802],[115.207664,-2.4830889],[115.2079438,-2.4832109],[115.2080105,-2.4832476],[115.20843,-2.4834786],[115.2085966,-2.4835456],[115.2088164,-2.4836156],[115.2089828,-2.4836394],[115.2091733,-2.4836581],[115.2093422,-2.4836635],[115.2094957,-2.4836732],[115.2098626,-2.4837091],[115.2100692,-2.4837121],[115.2103212,-2.4836983],[115.2104996,-2.4836595],[115.2110213,-2.4835161],[115.2114236,-2.4834197],[115.2114463,-2.483411],[115.2118233,-2.4832669],[115.212032,-2.4831747],[115.2122045,-2.4830984],[115.2124536,-2.4829855],[115.2125822,-2.4828922],[115.21264,-2.4828502],[115.212923,-2.4825662],[115.2132321,-2.4822962],[115.2134581,-2.4821053],[115.2135721,-2.481982],[115.2136338,-2.4819043],[115.2137223,-2.4817462],[115.2138256,-2.4815251],[115.2140517,-2.4809885],[115.2143016,-2.4803956]]}},{"type":"Feature","properties":{"segmentId":"osm-gaul2-73682-3556399936-3599963757-0","regionId":"gaul2-73682","province":"Kalimantan Selatan","region":"Hulusungai Utara","roadName":"Jalan Kali Negara","highway":"primary","lengthMeters":138.3,"osmWayIds":["354335372"],"u":"3556399936","v":"3599963757","key":0,"oneway":false,"source":"OpenStreetMap"},"geometry":{"type":"LineString","coordinates":[[115.1389041,-2.5381143],[115.1386613,-2.5383039],[115.1384655,-2.5384714],[115.1383348,-2.5385906],[115.1382181,-2.5387038],[115.1381343,-2.5387869],[115.1380692,-2.5388479],[115.13797,-2.538935]]}},{"type":"Feature","properties":{"segmentId":"osm-gaul2-73682-3556399936-4068071721-0","regionId":"gaul2-73682","province":"Kalimantan Selatan","region":"Hulusungai Utara","roadName":"Jalan Tembok Baru","highway":"primary","lengthMeters":22013.537,"osmWayIds":["349857079","349857080","354335371","404526772","484302190","665530202","665530203","666641087","666641088","798375263","798375264"],"u":"3556399936","v":"4068071721","key":0,"oneway":false,"source":"OpenStreetMap"},"geometry":{"type":"LineString","coordinates":[[115.1389041,-2.5381143],[115.1386714,-2.5377894],[115.138426,-2.5374317],[115.138314,-2.5372502],[115.1382262,-2.5370954],[115.1381081,-2.5368636],[115.1378433,-2.5362812],[115.1378238,-2.5362175],[115.1377802,-2.5360417],[115.137742,-2.5358829],[115.1377031,-2.5356886],[115.1376441,-2.5354234],[115.1374912,-2.534858],[115.1370718,-2.5334052],[115.1367778,-2.5323526],[115.1366477,-2.5319037],[115.1362896,-2.5305599],[115.1362132,-2.5303174],[115.1361072,-2.5300428],[115.1360147,-2.5298311],[115.1358846,-2.5295698],[115.1354286,-2.5286011],[115.1352502,-2.5281992],[115.1352033,-2.5280887],[115.1351564,-2.5279661],[115.1351195,-2.5278589],[115.1350839,-2.5277423],[115.1350269,-2.527546],[115.1349525,-2.5272566],[115.134656,-2.5260844],[115.1346014,-2.5258741],[115.1345569,-2.5257715],[115.134522,-2.5256804],[115.1343966,-2.5254344],[115.1340714,-2.5249356],[115.1339588,-2.5247924],[115.1338649,-2.5247211],[115.1336976,-2.5246261],[115.1331171,-2.5243776],[115.1329,-2.5242796],[115.132732,-2.5241975],[115.1322023,-2.5239201],[115.1320462,-2.5238511],[115.1313704,-2.523534],[115.1312953,-2.5234965],[115.1312417,-2.5234777],[115.1299516,-2.5230349],[115.1293212,-2.5228293],[115.1289283,-2.5226886],[115.1286104,-2.5225653],[115.1279627,-2.5222974],[115.1272975,-2.5219798],[115.1262514,-2.5214372],[115.1259899,-2.5212751],[115.1256875,-2.5210688],[115.1255675,-2.5209636],[115.1252413,-2.5205892],[115.125102,-2.520433],[115.1245911,-2.5198603],[115.1242492,-2.5194864],[115.1239957,-2.5191494],[115.1236846,-2.5187603],[115.123592,-2.5186102],[115.1234928,-2.5184481],[115.1231989,-2.5178863],[115.1231159,-2.5177045],[115.1230495,-2.5175377],[115.1230194,-2.5174385],[115.1229972,-2.5173253],[115.1229738,-2.5171974],[115.1228584,-2.5163821],[115.1228128,-2.5161396],[115.1227431,-2.5157926],[115.1227055,-2.5156707],[115.1226398,-2.5154684],[115.1225835,-2.5153143],[115.1225124,-2.5151455],[115.1224212,-2.5149565],[115.1223139,-2.5147703],[115.1219993,-2.5141674],[115.1219089,-2.514016],[115.1218177,-2.5138512],[115.1217721,-2.5137521],[115.1217339,-2.5136534],[115.1216139,-2.5133206],[115.1215401,-2.5130835],[115.1214636,-2.512797],[115.1213041,-2.5123252],[115.1212183,-2.5120974],[115.1211485,-2.5119339],[115.1211016,-2.51182],[115.1210614,-2.5117517],[115.1210037,-2.5116552],[115.1208481,-2.5114382],[115.1205437,-2.5110738],[115.1202808,-2.510771],[115.1201212,-2.5105419],[115.1199952,-2.5102913],[115.1199616,-2.510229],[115.119902,-2.510099],[115.1198721,-2.5099981],[115.1198637,-2.5099698],[115.1197323,-2.5094834],[115.1195084,-2.5086688],[115.1193233,-2.5080779],[115.1193005,-2.5079788],[115.1192884,-2.5078863],[115.1192187,-2.5072298],[115.1191919,-2.5070195],[115.119165,-2.5068908],[115.1191087,-2.5066055],[115.1189867,-2.5061298],[115.1188593,-2.5057373],[115.1187533,-2.5053809],[115.1186608,-2.5051531],[115.1186071,-2.5050339],[115.1185656,-2.5049213],[115.1185186,-2.5048315],[115.118204,-2.5043965],[115.1180504,-2.5041602],[115.1180275,-2.5041276],[115.1179152,-2.5039606],[115.1177254,-2.5036652],[115.1175778,-2.5034951],[115.1173364,-2.5032016],[115.116924,-2.50272],[115.1165184,-2.502237],[115.1158518,-2.5014579],[115.1156426,-2.5012308],[115.1155494,-2.5011336],[115.1154468,-2.5010445],[115.1152121,-2.5008637],[115.1149204,-2.5006747],[115.1144296,-2.5003538],[115.1139305,-2.5000717],[115.1138201,-2.4999968],[115.1137024,-2.4999195],[115.1136491,-2.4998554],[115.1136296,-2.4998132],[115.1136136,-2.4997621],[115.1133283,-2.4988867],[115.1132762,-2.4987635],[115.11322,-2.4986447],[115.1131448,-2.4985504],[115.113085,-2.4984851],[115.1126975,-2.4982428],[115.1125722,-2.4981458],[115.112473,-2.498033],[115.1123884,-2.4979006],[115.1123391,-2.4977544],[115.1123065,-2.4975808],[115.1123101,-2.4973565],[115.1123463,-2.4971887],[115.1129568,-2.4963232],[115.1130375,-2.496191],[115.1131087,-2.496073],[115.1131488,-2.495927],[115.1131719,-2.4957865],[115.1131904,-2.4956323],[115.1131842,-2.4954269],[115.1131488,-2.4952437],[115.1131103,-2.4950269],[115.1129148,-2.4942853],[115.1124911,-2.4930373],[115.1122449,-2.4923101],[115.112053,-2.4917241],[115.1119661,-2.4912358],[115.1118904,-2.4902674],[115.1118815,-2.4901698],[115.1118828,-2.4900827],[115.1119431,-2.4895196],[115.1119867,-2.489146],[115.1119961,-2.4889518],[115.1120049,-2.4886946],[115.1120116,-2.4885191],[115.1120059,-2.4884612],[115.1119941,-2.4883838],[115.1119545,-2.4879391],[115.1118292,-2.4869453],[115.1117106,-2.486382],[115.1116076,-2.4861134],[115.111218,-2.4854527],[115.1109696,-2.4850342],[115.1108273,-2.4847295],[115.1106812,-2.484379],[115.110545,-2.4840193],[115.1105165,-2.4839198],[115.1101676,-2.4827021],[115.11002,-2.4820959],[115.1100082,-2.482026],[115.1099503,-2.4811339],[115.109906,-2.4806676],[115.1098569,-2.4803006],[115.1097865,-2.4793319],[115.1097314,-2.4789136],[115.1096431,-2.4785698],[115.1094052,-2.4777043],[115.1092669,-2.4772014],[115.109197,-2.4769842],[115.1089501,-2.4762172],[115.1087394,-2.4753614],[115.1087348,-2.4753427],[115.1085562,-2.4746939],[115.1084657,-2.4744896],[115.1084107,-2.474369],[115.1083825,-2.4743101],[115.1083664,-2.4742765],[115.1081087,-2.4739072],[115.1078752,-2.4735843],[115.107547,-2.4731604],[115.1072885,-2.472858],[115.1070723,-2.4725079],[115.1069686,-2.4723168],[115.1068483,-2.4720497],[115.1068068,-2.4719251],[115.1067813,-2.4718179],[115.1065996,-2.4706847],[115.1064975,-2.4700913],[115.1063468,-2.4695133],[115.1062164,-2.4689533],[115.1061549,-2.4686894],[115.1058743,-2.467339],[115.1052727,-2.4647297],[115.1049802,-2.4634907],[115.104845,-2.4628699],[115.1045436,-2.4616581],[115.1045389,-2.4615653],[115.1045389,-2.461515],[115.1045698,-2.4613174],[115.1054444,-2.461589],[115.1064856,-2.4618307],[115.1074816,-2.4621152],[115.1078112,-2.4622124],[115.1080948,-2.4623273],[115.1084481,-2.4624946],[115.1096825,-2.4630948],[115.1101674,-2.4633164],[115.1108161,-2.4635966],[115.1111278,-2.463705],[115.111484,-2.4637913],[115.1120505,-2.4638846],[115.1126524,-2.4640087],[115.1129892,-2.4641123],[115.1132467,-2.4641994],[115.1137376,-2.464358],[115.1140769,-2.464454],[115.114333,-2.464525],[115.1143978,-2.4645387],[115.1144671,-2.4645491],[115.1145382,-2.4645572],[115.1153602,-2.4645189],[115.1159965,-2.4644605],[115.1163715,-2.4643951],[115.1165365,-2.4643495],[115.1166986,-2.464286],[115.1169294,-2.4641927],[115.1171809,-2.4640732],[115.1173881,-2.4639288],[115.117559,-2.463771],[115.1176871,-2.4636206],[115.1177773,-2.4634725],[115.1180752,-2.4629642],[115.1184605,-2.4622601],[115.1185246,-2.4621429],[115.1187562,-2.4617339],[115.1188579,-2.4616041],[115.1189727,-2.4614975],[115.1196405,-2.4611143],[115.1203631,-2.460813],[115.1211101,-2.4605909],[115.1217366,-2.4604109],[115.1222775,-2.4601461],[115.1226552,-2.4599089],[115.1233206,-2.4592434],[115.123506,-2.4590949],[115.1236163,-2.4590403],[115.1242123,-2.4588412],[115.1258006,-2.4582653],[115.1264838,-2.4579909],[115.1279489,-2.4573201],[115.1288666,-2.4570151],[115.1290154,-2.4569816],[115.1291576,-2.4569615],[115.1292998,-2.4569441],[115.1296144,-2.4569657],[115.1300207,-2.4569803],[115.1304694,-2.4569593],[115.1307078,-2.4568998],[115.1308742,-2.4568235],[115.1310155,-2.4567326],[115.1313248,-2.456469],[115.1321312,-2.4556768],[115.1323694,-2.4554428],[115.1325797,-2.4552922],[115.1327075,-2.4552384],[115.132847,-2.4552156],[115.1329717,-2.4552089],[115.1331098,-2.455233],[115.1332451,-2.4552873],[115.1335788,-2.4554358],[115.1341432,-2.455772],[115.1350582,-2.4564305],[115.1351891,-2.4565152],[115.135316,-2.4565823],[115.1362587,-2.4570097],[115.1367898,-2.4571953],[115.1373196,-2.4573353],[115.137797,-2.4574345],[115.1383112,-2.457535],[115.1386473,-2.4575738],[115.1389737,-2.457591],[115.1392561,-2.4575819],[115.1395241,-2.457542],[115.139916,-2.4574506],[115.1402953,-2.4573318],[115.1407099,-2.4571799],[115.1411444,-2.4570272],[115.1418242,-2.4567691],[115.1418696,-2.456752],[115.141985,-2.4567189],[115.1425345,-2.4565754],[115.1427886,-2.4565368],[115.1429998,-2.456532],[115.1430998,-2.4565298],[115.143209,-2.4565448],[115.1432875,-2.4565555],[115.1434679,-2.4566069],[115.1436791,-2.4567029],[115.1438815,-2.4568275],[115.1441592,-2.4570486],[115.1442106,-2.4570971],[115.1444845,-2.4573564],[115.1447252,-2.4576435],[115.1447878,-2.4577101],[115.1448271,-2.457752],[115.1449351,-2.4578873],[115.1451597,-2.458292],[115.1453574,-2.4585927],[115.1456246,-2.4588899],[115.1461986,-2.4593332],[115.1466587,-2.4596885],[115.147139,-2.4599757],[115.1472445,-2.4600268],[115.1474621,-2.4600669],[115.1476783,-2.460082],[115.1477259,-2.4600779],[115.1479382,-2.4600597],[115.1483032,-2.4599882],[115.1485424,-2.4599333],[115.1487478,-2.459884],[115.1495432,-2.4596611],[115.149857,-2.4595716],[115.1501016,-2.4595019],[115.1504087,-2.4594242],[115.1505616,-2.4593786],[115.1507182,-2.4593172],[115.1511213,-2.4591666],[115.1511679,-2.4591456],[115.1512472,-2.4591099],[115.1515728,-2.4589632],[115.1520109,-2.4587507],[115.1523245,-2.458624],[115.1527986,-2.4584635],[115.1529774,-2.4584333],[115.1530923,-2.4584139],[115.1534981,-2.4583226],[115.153783,-2.4582745],[115.1540765,-2.4582175],[115.1543182,-2.4581484],[115.1544441,-2.4581124],[115.1548547,-2.4579897],[115.1551483,-2.4578749],[115.1557905,-2.4576353],[115.1559134,-2.4575976],[115.1562868,-2.4574505],[115.1565537,-2.4573567],[115.1566637,-2.4573192],[115.1568073,-2.4572859],[115.1569587,-2.4572603],[115.1571334,-2.4572403],[115.1572765,-2.4572388],[115.1574697,-2.4572482],[115.1577365,-2.4572616],[115.1580238,-2.4572859],[115.1581509,-2.4573031],[115.1582891,-2.457334],[115.1585671,-2.4574084],[115.1588228,-2.4574921],[115.1591139,-2.4575939],[115.1593794,-2.457681],[115.1595135,-2.4577212],[115.1596714,-2.4577657],[115.1598582,-2.4578083],[115.1600701,-2.4578538],[115.1604449,-2.4579189],[115.1607613,-2.4579791],[115.1608855,-2.4579932],[115.1610249,-2.4580026],[115.1611765,-2.4580106],[115.1613085,-2.4580108],[115.161438,-2.4579959],[115.1615305,-2.4579798],[115.1616065,-2.4579618],[115.1617183,-2.4579235],[115.1618403,-2.4578793],[115.1619376,-2.4578354],[115.1620267,-2.4577734],[115.1621393,-2.4576816],[115.1621843,-2.4576361],[115.1622212,-2.4575912],[115.1622574,-2.457543],[115.1622831,-2.4574995],[115.1623164,-2.4573916],[115.1624198,-2.4568796],[115.1624479,-2.4566959],[115.1624646,-2.456585],[115.1624753,-2.4564716],[115.162484,-2.4563759],[115.1624899,-2.4563017],[115.162484,-2.4559539],[115.1624673,-2.4556703],[115.1623627,-2.4548482],[115.1623457,-2.4547353],[115.1623084,-2.454472],[115.1622614,-2.4541129],[115.1622515,-2.4540217],[115.1622172,-2.4534631],[115.1622055,-2.4529273],[115.1622017,-2.452864],[115.1621957,-2.4527636],[115.1621903,-2.4527141],[115.1621649,-2.4525479],[115.1621461,-2.4524394],[115.1621228,-2.45235],[115.1620236,-2.4520568],[115.1619704,-2.4519369],[115.1617648,-2.4515365],[115.1611501,-2.4505162],[115.1611175,-2.450455],[115.1610839,-2.4503827],[115.1610534,-2.4502958],[115.161037,-2.4502286],[115.1610249,-2.4501442],[115.1610187,-2.4500481],[115.161029,-2.449966],[115.1610531,-2.449891],[115.1610992,-2.4497448],[115.1613284,-2.4491738],[115.1614167,-2.4489939],[115.1615858,-2.4489065],[115.1622411,-2.4486033],[115.1626308,-2.4484271],[115.1626888,-2.4483999],[115.1640116,-2.4477807],[115.1645963,-2.4475194],[115.1652477,-2.4472299],[115.165411,-2.4471592],[115.1675011,-2.4462545],[115.1675262,-2.4462432],[115.1677962,-2.4461219],[115.1680711,-2.4459973],[115.1682213,-2.4459293],[115.1688476,-2.4456462],[115.1696249,-2.4453231],[115.1698827,-2.4452159],[115.1700144,-2.4451612],[115.1707705,-2.4448517],[115.1712428,-2.4446668],[115.1717564,-2.4444417],[115.1724544,-2.444119],[115.1726027,-2.4440504],[115.1727748,-2.4439692],[115.1735643,-2.4436082],[115.1738442,-2.4434852],[115.1740859,-2.4433791],[115.1746599,-2.4431192],[115.1749241,-2.44302],[115.1756443,-2.4427668],[115.1757333,-2.4427367],[115.1760573,-2.4426272],[115.1765643,-2.4424559],[115.1770857,-2.4422705],[115.1771557,-2.4422456],[115.177369,-2.4421344],[115.1775581,-2.4420205],[115.1778652,-2.4417753],[115.178002,-2.44164],[115.1781361,-2.4414658],[115.1787141,-2.440619],[115.1790453,-2.4401554],[115.1791875,-2.4399638],[115.1793551,-2.4397253],[115.179504,-2.4394935],[115.1796435,-2.4392255],[115.1797374,-2.4390245],[115.1799506,-2.4384792],[115.1800767,-2.438029],[115.1801652,-2.4376176],[115.1803154,-2.4372022],[115.1805232,-2.4367788],[115.1807915,-2.4363072],[115.1808625,-2.4362067],[115.1809712,-2.4360834],[115.1816411,-2.4354491],[115.1817396,-2.4353559],[115.1827548,-2.4344126],[115.1829855,-2.4341982],[115.1831102,-2.4341057],[115.1832484,-2.4340093],[115.1833919,-2.4339383],[115.1834559,-2.433922],[115.1835501,-2.4338981],[115.183644,-2.433878],[115.1837365,-2.4338632],[115.1839565,-2.4338364],[115.1841308,-2.4338311],[115.1842193,-2.4338391],[115.1843011,-2.4338552],[115.1843829,-2.43389],[115.1844513,-2.4339329],[115.1845399,-2.4339972],[115.1847008,-2.4341259],[115.184813,-2.4342222],[115.1848792,-2.4342974],[115.1849368,-2.4343603],[115.1850455,-2.4344904],[115.1852396,-2.4347081],[115.1852922,-2.4347643],[115.1853486,-2.4348146],[115.1854612,-2.4349177],[115.1855756,-2.4350013],[115.1857053,-2.4350719],[115.1859004,-2.4351709],[115.1861358,-2.4352594],[115.1862726,-2.4352942],[115.186404,-2.4353224],[115.1865314,-2.4353599],[115.1866606,-2.4354048],[115.1867782,-2.4354609],[115.1868372,-2.4354966],[115.1869834,-2.4355992],[115.1872583,-2.4357766],[115.1875002,-2.4359178],[115.187666,-2.4360125],[115.1879128,-2.4361143],[115.188127,-2.4361891],[115.1883218,-2.4362416],[115.188489,-2.4362746],[115.1887389,-2.4362938],[115.1891318,-2.4363113],[115.1894953,-2.4363287],[115.1898649,-2.4363489],[115.1900277,-2.4363541],[115.1902219,-2.4363679],[115.1903066,-2.4363943],[115.1903822,-2.4364324]]}},{"type":"Feature","properties":{"segmentId":"osm-gaul2-73682-3573614610-2536518722-0","regionId":"gaul2-73682","province":"Kalimantan Selatan","region":"Hulusungai Utara","roadName":"Jalan Haur Gading","highway":"tertiary","lengthMeters":6821.596,"osmWayIds":["246642357","351551888","403804690","666690770"],"u":"3573614610","v":"2536518722","key":0,"oneway":false,"source":"OpenStreetMap"},"geometry":{"type":"LineString","coordinates":[[115.2637348,-2.3659187],[115.2635872,-2.3659235],[115.2634183,-2.3659557],[115.262938,-2.366133],[115.2628523,-2.3661727],[115.2627793,-2.3661916],[115.2626887,-2.3662022],[115.2626082,-2.3662022],[115.2618504,-2.3660521],[115.2606715,-2.3657578],[115.2599019,-2.3655054],[115.2595987,-2.3654524],[115.2591517,-2.3654387],[115.2587405,-2.3654384],[115.2580751,-2.3655272],[115.2574287,-2.3656453],[115.2559987,-2.3658347],[115.2558517,-2.3658833],[115.2557525,-2.3659423],[115.2556613,-2.3660093],[115.2555783,-2.3660831],[115.2554681,-2.3662536],[115.2553903,-2.3664289],[115.2551664,-2.367324],[115.2551302,-2.3674966],[115.2551302,-2.367573],[115.2551388,-2.3676703],[115.2551758,-2.367837],[115.2552617,-2.3680581],[115.2563333,-2.3708068],[115.2564413,-2.3711285],[115.2564606,-2.3714162],[115.2564123,-2.3716505],[115.2563173,-2.3719067],[115.2561927,-2.3720966],[115.2560693,-2.3722407],[115.2554012,-2.3729016],[115.2543309,-2.3739284],[115.2539419,-2.3743416],[115.253875,-2.3744162],[115.2538104,-2.3745533],[115.2536657,-2.3750433],[115.2534618,-2.3755663],[115.2532688,-2.3761072],[115.2531615,-2.3762974],[115.253048,-2.3764442],[115.2529414,-2.376582],[115.2526975,-2.3768736],[115.2524587,-2.3771497],[115.2520616,-2.3776352],[115.2517466,-2.3780112],[115.2516273,-2.3781278],[115.2514315,-2.3782833],[115.251198,-2.378458],[115.2502264,-2.3791072],[115.2499455,-2.3793069],[115.249908,-2.3793438],[115.249885,-2.3793832],[115.2497291,-2.3796772],[115.249521,-2.3802941],[115.2495001,-2.3812664],[115.2493769,-2.384029],[115.2493546,-2.3843658],[115.2492856,-2.3859187],[115.2493141,-2.3860796],[115.2497399,-2.3884143],[115.2498127,-2.3888326],[115.2499092,-2.3893141],[115.2499804,-2.3896768],[115.2500206,-2.3898938],[115.2500258,-2.3899881],[115.2500206,-2.3900667],[115.2499616,-2.3903601],[115.249853,-2.3906656],[115.2498059,-2.3907533],[115.249684,-2.3908787],[115.2494399,-2.3910998],[115.2491957,-2.3912664],[115.2489772,-2.3914522],[115.2488874,-2.391558],[115.2488162,-2.3917006],[115.2487814,-2.3918046],[115.2487653,-2.3919453],[115.2487439,-2.3923499],[115.2487362,-2.3934769],[115.2487399,-2.3935626],[115.2487539,-2.3936882],[115.2489014,-2.3941401],[115.2491797,-2.394798],[115.2492266,-2.3948733],[115.2492897,-2.3948961],[115.2496255,-2.3949925],[115.2496867,-2.3950325],[115.2497403,-2.3950821],[115.2497712,-2.3951451],[115.2497926,-2.3952081],[115.2498087,-2.3952657],[115.2498114,-2.3953219],[115.2497376,-2.395468],[115.2489611,-2.3967932],[115.2487031,-2.3972795],[115.2486058,-2.3975677],[115.2485897,-2.3977057],[115.2485803,-2.3978517],[115.2485813,-2.3981864],[115.2486074,-2.3983043],[115.2486683,-2.3985122],[115.2490376,-2.3997826],[115.249352,-2.4009154],[115.2493742,-2.4010582],[115.2493896,-2.4012513],[115.249393,-2.4014039],[115.2493753,-2.401587],[115.249346,-2.4017094],[115.2492895,-2.4018763],[115.2491073,-2.40224],[115.2490067,-2.4023901],[115.248878,-2.4025375],[115.2484059,-2.402989],[115.248063,-2.4033303],[115.2478783,-2.403591],[115.2477873,-2.4038204],[115.2477501,-2.40401],[115.2477394,-2.4042124],[115.2477555,-2.4043571],[115.2477917,-2.4044857],[115.2479201,-2.4048178],[115.248055,-2.4051034],[115.2482101,-2.4054317],[115.2484126,-2.4059154],[115.2485736,-2.4063763],[115.2486547,-2.4066951],[115.2486975,-2.4071082],[115.2487627,-2.4074858],[115.2487828,-2.4077297],[115.2487777,-2.4079145],[115.2487734,-2.4080687],[115.2487841,-2.4082831],[115.2488203,-2.4084948],[115.2489558,-2.4089517],[115.2493675,-2.4102206],[115.2495828,-2.4110232],[115.249747,-2.4115913],[115.2499026,-2.412008],[115.2500837,-2.4122693],[115.2503867,-2.4126592],[115.2504967,-2.4127879],[115.2506348,-2.4129018],[115.2507529,-2.4129661],[115.2508736,-2.4130304],[115.2511225,-2.4130889]]}},{"type":"Feature","properties":{"segmentId":"osm-gaul2-73682-3573614610-3076205666-0","regionId":"gaul2-73682","province":"Kalimantan Selatan","region":"Hulusungai Utara","roadName":"Jalan Tabalong Mati","highway":"tertiary","lengthMeters":3440.992,"osmWayIds":["303268557","351551886","351551887"],"u":"3573614610","v":"3076205666","key":0,"oneway":false,"source":"OpenStreetMap"},"geometry":{"type":"LineString","coordinates":[[115.2637348,-2.3659187],[115.2636954,-2.3663656],[115.263676,-2.3668682],[115.263732,-2.3673534],[115.2638347,-2.3677547],[115.2641756,-2.3685417],[115.2645287,-2.3695655],[115.2648251,-2.3705544],[115.2648827,-2.3707594],[115.2649377,-2.370939],[115.2649793,-2.3710421],[115.2650316,-2.3711359],[115.2650907,-2.3712351],[115.2651881,-2.3713639],[115.2652676,-2.3714522],[115.2653588,-2.3715328],[115.2654688,-2.3716197],[115.2655705,-2.3716816],[115.2661904,-2.3720684],[115.266256,-2.3721101],[115.2663097,-2.3721543],[115.2663627,-2.3722066],[115.2663743,-2.3722227],[115.2664082,-2.3722696],[115.2664438,-2.3723553],[115.2664921,-2.3724705],[115.2665403,-2.3726019],[115.2666066,-2.3729111],[115.2666262,-2.3730373],[115.2666456,-2.3732068],[115.2666467,-2.37328],[115.2666443,-2.3733475],[115.2666356,-2.3734353],[115.266604,-2.3736759],[115.2665987,-2.3737388],[115.266598,-2.3737824],[115.2666027,-2.3738286],[115.2666141,-2.3738728],[115.2669002,-2.3746114],[115.266942,-2.3747652],[115.2669668,-2.3748825],[115.2669775,-2.3749749],[115.2670124,-2.3754004],[115.2670238,-2.3755142],[115.267041,-2.3756236],[115.267054,-2.3757132],[115.2670862,-2.3758445],[115.2671131,-2.3759389],[115.2671371,-2.3760321],[115.2671787,-2.3761313],[115.267231,-2.3762318],[115.2672859,-2.3763215],[115.2673759,-2.3764582],[115.267538,-2.3766808],[115.2676481,-2.3768107],[115.267754,-2.3769178],[115.2680915,-2.3772324],[115.2687813,-2.3778491],[115.268894,-2.3779576],[115.268957,-2.3780327],[115.268994,-2.3780952],[115.2690672,-2.3783746],[115.2690851,-2.3784481],[115.2690918,-2.3784983],[115.2690944,-2.3785545],[115.2690871,-2.3786357],[115.2690697,-2.3787053],[115.2690348,-2.378775],[115.2689819,-2.3788443],[115.2688722,-2.3789823],[115.2688122,-2.3790698],[115.2687854,-2.3791341],[115.2687609,-2.3792275],[115.2687438,-2.3793257],[115.2687371,-2.3794222],[115.2687411,-2.3795281],[115.2687491,-2.3796513],[115.2687706,-2.3797773],[115.2687979,-2.3798675],[115.2688444,-2.3799636],[115.26889,-2.3800292],[115.268949,-2.3800908],[115.2690011,-2.3801307],[115.2691045,-2.380194],[115.2692293,-2.380257],[115.2693231,-2.3803039],[115.2696812,-2.380466],[115.2699518,-2.3806184],[115.270156,-2.380734],[115.2702002,-2.3807662],[115.2702498,-2.3808131],[115.2703075,-2.3808898],[115.2705767,-2.3812833],[115.270797,-2.3815588],[115.2708386,-2.3816016],[115.270909,-2.3816499],[115.2709781,-2.3816907],[115.2710793,-2.3817289],[115.2714969,-2.3818491],[115.2719429,-2.3819835],[115.2720644,-2.3820244],[115.2721703,-2.3820753],[115.2722467,-2.3821396],[115.2722968,-2.3822203],[115.2723259,-2.3823018],[115.2723379,-2.3823768],[115.2723339,-2.3824639],[115.272318,-2.3825493],[115.2722964,-2.3826515],[115.2722669,-2.3827426],[115.2722189,-2.3828385],[115.2721623,-2.3829248],[115.2720952,-2.3829958],[115.2719799,-2.3830883],[115.2718721,-2.3831646],[115.2708015,-2.383861],[115.2705313,-2.3840334],[115.2704658,-2.3840758],[115.2703644,-2.3841476],[115.2702834,-2.3842273],[115.2702083,-2.3843398],[115.2701733,-2.3844163],[115.2701318,-2.3845502],[115.2701117,-2.3846895],[115.2701096,-2.3847841],[115.2701157,-2.3848986],[115.2701569,-2.3851552],[115.2702086,-2.3854772],[115.2702653,-2.385852],[115.2703062,-2.3860978],[115.2703343,-2.3861943],[115.2703813,-2.386272],[115.2704725,-2.3863832],[115.2705473,-2.3864432],[115.2706119,-2.3864784],[115.2707045,-2.3865119],[115.2708319,-2.3865467],[115.2709405,-2.3865628],[115.2710297,-2.3865592],[115.2711135,-2.3865494],[115.2712865,-2.3865011],[115.271886,-2.3863343],[115.2719329,-2.3863263],[115.272008,-2.3863216],[115.2720915,-2.3863259],[115.2721656,-2.3863276],[115.2722514,-2.386337],[115.2723251,-2.3863471],[115.2724539,-2.3863799],[115.2725384,-2.3864134],[115.2725941,-2.386439],[115.2726518,-2.3864804],[115.272698,-2.3865326],[115.2727286,-2.3865734],[115.2743483,-2.3891824]]}},{"type":"Feature","properties":{"segmentId":"osm-gaul2-73682-3573614610-3598802605-0","regionId":"gaul2-73682","province":"Kalimantan Selatan","region":"Hulusungai Utara","roadName":"Jalan Batang Banyu","highway":"tertiary","lengthMeters":169.288,"osmWayIds":["351551889"],"u":"3573614610","v":"3598802605","key":0,"oneway":false,"source":"OpenStreetMap"},"geometry":{"type":"LineString","coordinates":[[115.2637348,-2.3659187],[115.2639867,-2.3657471],[115.2644481,-2.3653612],[115.2649041,-2.3649457]]}},{"type":"Feature","properties":{"segmentId":"osm-gaul2-73682-3598802605-3573614610-0","regionId":"gaul2-73682","province":"Kalimantan Selatan","region":"Hulusungai Utara","roadName":"Jalan Batang Banyu","highway":"tertiary","lengthMeters":169.288,"osmWayIds":["351551889"],"u":"3598802605","v":"3573614610","key":0,"oneway":false,"source":"OpenStreetMap"},"geometry":{"type":"LineString","coordinates":[[115.2649041,-2.3649457],[115.2644481,-2.3653612],[115.2639867,-2.3657471],[115.2637348,-2.3659187]]}},{"type":"Feature","properties":{"segmentId":"osm-gaul2-73682-3598802605-4061648676-0","regionId":"gaul2-73682","province":"Kalimantan Selatan","region":"Hulusungai Utara","roadName":"Unnamed OSM road","highway":"tertiary","lengthMeters":2255.918,"osmWayIds":["1293545739","1293545740","354102074"],"u":"3598802605","v":"4061648676","key":0,"oneway":false,"source":"OpenStreetMap"},"geometry":{"type":"LineString","coordinates":[[115.2649041,-2.3649457],[115.2649726,-2.3646398],[115.2649954,-2.3644268],[115.2650182,-2.364142],[115.2650202,-2.363941],[115.2650101,-2.3638312],[115.2649908,-2.3637682],[115.2649706,-2.3637025],[115.2649053,-2.3635445],[115.2647969,-2.3633173],[115.2646797,-2.3630983],[115.2645371,-2.3628478],[115.2643852,-2.3626594],[115.264213,-2.3624916],[115.2638463,-2.3621869],[115.2634566,-2.3619474],[115.2628537,-2.3615955],[115.2624842,-2.3614271],[115.2622984,-2.3613824],[115.2621276,-2.361358],[115.2618934,-2.3613274],[115.2614923,-2.3612889],[115.2610378,-2.3611921],[115.2604723,-2.36106],[115.2596323,-2.3608517],[115.259494,-2.3608149],[115.2590945,-2.3607057],[115.2588185,-2.3606317],[115.2578985,-2.3603858],[115.2574025,-2.3601988],[115.2571719,-2.3600778],[115.2570233,-2.3599502],[115.2566708,-2.3595743],[115.256402,-2.3592853],[115.2555768,-2.3583723],[115.2551258,-2.3579082],[115.2548016,-2.3576081],[115.254741,-2.3575592],[115.2545589,-2.3574013],[115.2543524,-2.3572638],[115.2534964,-2.356753],[115.2527259,-2.3563071],[115.2520464,-2.355911],[115.2512792,-2.3554511],[115.2506374,-2.3551142],[115.2504417,-2.3550403],[115.2501901,-2.3549674],[115.249356,-2.354722],[115.248934,-2.3546167]]}},{"type":"Feature","properties":{"segmentId":"osm-gaul2-73682-3598802605-5915400886-0","regionId":"gaul2-73682","province":"Kalimantan Selatan","region":"Hulusungai Utara","roadName":"Jalan Batang Banyu","highway":"tertiary","lengthMeters":1885.136,"osmWayIds":["351551889"],"u":"3598802605","v":"5915400886","key":0,"oneway":false,"source":"OpenStreetMap"},"geometry":{"type":"LineString","coordinates":[[115.2649041,-2.3649457],[115.2650517,-2.3647738],[115.2651992,-2.3645661],[115.2654714,-2.36409],[115.2656867,-2.3637534],[115.2658103,-2.3635602],[115.2663392,-2.3626728],[115.2672525,-2.3611934],[115.2677058,-2.3604578],[115.2678493,-2.3600866],[115.2681388,-2.35931],[115.2681881,-2.3591557],[115.2682945,-2.358823],[115.2683106,-2.3587239],[115.2683212,-2.3585649],[115.2683058,-2.3573177],[115.268306,-2.3567863],[115.2683058,-2.3560163],[115.2683218,-2.3557583],[115.2683877,-2.355568],[115.268533,-2.3553119],[115.2686459,-2.3552051],[115.269177,-2.3548219],[115.26981,-2.3543596],[115.2703719,-2.3539455],[115.2708963,-2.3535476],[115.2713576,-2.3531751],[115.2717304,-2.3528883],[115.2720818,-2.352619],[115.2725042,-2.3523081],[115.2726156,-2.3522411],[115.2727483,-2.3521795],[115.2734739,-2.3518847],[115.2737689,-2.3517533]]}},{"type":"Feature","properties":{"segmentId":"osm-gaul2-73682-3599756481-2536192225-0","regionId":"gaul2-73682","province":"Kalimantan Selatan","region":"Hulusungai Utara","roadName":"Jalan Empu Jatmika","highway":"tertiary","lengthMeters":8.211,"osmWayIds":["769550776"],"u":"3599756481","v":"2536192225","key":0,"oneway":false,"source":"OpenStreetMap"},"geometry":{"type":"LineString","coordinates":[[115.249118,-2.4159308],[115.2491722,-2.4158806]]}},{"type":"Feature","properties":{"segmentId":"osm-gaul2-73682-3599756481-3599756492-0","regionId":"gaul2-73682","province":"Kalimantan Selatan","region":"Hulusungai Utara","roadName":"Jalan Empu Jatmika","highway":"tertiary","lengthMeters":192.5,"osmWayIds":["769550776"],"u":"3599756481","v":"3599756492","key":0,"oneway":false,"source":"OpenStreetMap"},"geometry":{"type":"LineString","coordinates":[[115.249118,-2.4159308],[115.2489464,-2.4160948],[115.2487278,-2.4162917],[115.2484529,-2.4165503],[115.2481431,-2.4168572],[115.2478768,-2.4171379]]}},{"type":"Feature","properties":{"segmentId":"osm-gaul2-73682-3599756492-2536097499-0","regionId":"gaul2-73682","province":"Kalimantan Selatan","region":"Hulusungai Utara","roadName":"Jalan Negara Dipa","highway":"tertiary","lengthMeters":482.463,"osmWayIds":["246591385"],"u":"3599756492","v":"2536097499","key":0,"oneway":false,"source":"OpenStreetMap"},"geometry":{"type":"LineString","coordinates":[[115.2478768,-2.4171379],[115.2480358,-2.4174441],[115.2481833,-2.4177094],[115.2483577,-2.4179881],[115.2484931,-2.4182038],[115.2485763,-2.418323],[115.248644,-2.4184006],[115.2486832,-2.4184455],[115.2487801,-2.4185481],[115.2489746,-2.418725],[115.2494764,-2.4191904],[115.2497175,-2.4193923],[115.2499877,-2.4195896],[115.2500796,-2.4196482],[115.2502164,-2.4197232],[115.2504621,-2.4198326],[115.2507178,-2.4199421],[115.2509393,-2.4200609]]}},{"type":"Feature","properties":{"segmentId":"osm-gaul2-73682-3599756492-2536101019-0","regionId":"gaul2-73682","province":"Kalimantan Selatan","region":"Hulusungai Utara","roadName":"Jalan Haji Saberan Effendi","highway":"tertiary","lengthMeters":1264.708,"osmWayIds":["246617736"],"u":"3599756492","v":"2536101019","key":0,"oneway":false,"source":"OpenStreetMap"},"geometry":{"type":"LineString","coordinates":[[115.2478768,-2.4171379],[115.2477045,-2.4172444],[115.2476053,-2.4173074],[115.2475356,-2.4173704],[115.2474041,-2.4175285],[115.2473129,-2.4176209],[115.2472217,-2.4177134],[115.2470621,-2.4178487],[115.2469334,-2.4179948],[115.2468663,-2.4180778],[115.2468207,-2.4181743],[115.2468033,-2.4182359],[115.2467744,-2.4183265],[115.2467725,-2.4184329],[115.2467912,-2.4186017],[115.2468167,-2.4188496],[115.2468382,-2.4189989],[115.2468489,-2.4190734],[115.2468888,-2.4192702],[115.2469374,-2.4195156],[115.2469401,-2.4196227],[115.2469294,-2.4197085],[115.2469012,-2.419817],[115.2468704,-2.4199229],[115.2468115,-2.420137],[115.2466974,-2.420499],[115.2466156,-2.4208622],[115.2465793,-2.4209359],[115.2465391,-2.421023],[115.2464962,-2.421094],[115.2463607,-2.4212507],[115.2460992,-2.4215268],[115.2460137,-2.4216128],[115.2458787,-2.4217552],[115.2457291,-2.4219261],[115.2456897,-2.4219712],[115.2455561,-2.4221458],[115.245426,-2.4223267],[115.2451873,-2.4227059],[115.2448855,-2.4232231],[115.2448676,-2.4232519],[115.2447635,-2.42342],[115.2446541,-2.4235669],[115.2445395,-2.4237028],[115.2442954,-2.4239949],[115.2442022,-2.4241082],[115.2439052,-2.4244692],[115.2435753,-2.4248591],[115.2435413,-2.4249097],[115.2435085,-2.4249584],[115.2434387,-2.4251166],[115.2434173,-2.4252099],[115.24342,-2.4253202],[115.2434562,-2.4255225],[115.2435136,-2.4257006],[115.2435578,-2.4257649],[115.2436356,-2.4258252],[115.2438429,-2.4259936],[115.2438945,-2.4260355],[115.2441882,-2.4262806],[115.2443354,-2.4264049],[115.2444271,-2.4264682]]}},{"type":"Feature","properties":{"segmentId":"osm-gaul2-73682-3599756492-2536114974-0","regionId":"gaul2-73682","province":"Kalimantan Selatan","region":"Hulusungai Utara","roadName":"Jalan Negara Dipa","highway":"tertiary","lengthMeters":228.382,"osmWayIds":["246591385"],"u":"3599756492","v":"2536114974","key":0,"oneway":false,"source":"OpenStreetMap"},"geometry":{"type":"LineString","coordinates":[[115.2478768,-2.4171379],[115.247848,-2.4170823],[115.2477649,-2.4169282],[115.2476013,-2.4166696],[115.2475262,-2.4165691],[115.2474256,-2.4165021],[115.2473022,-2.4164766],[115.2471641,-2.4164659],[115.2470192,-2.4164726],[115.2467242,-2.4165054],[115.2464955,-2.4165269],[115.2461674,-2.4165526]]}},{"type":"Feature","properties":{"segmentId":"osm-gaul2-73682-3599756492-3599756481-0","regionId":"gaul2-73682","province":"Kalimantan Selatan","region":"Hulusungai Utara","roadName":"Jalan Empu Jatmika","highway":"tertiary","lengthMeters":192.5,"osmWayIds":["769550776"],"u":"3599756492","v":"3599756481","key":0,"oneway":false,"source":"OpenStreetMap"},"geometry":{"type":"LineString","coordinates":[[115.2478768,-2.4171379],[115.2481431,-2.4168572],[115.2484529,-2.4165503],[115.2487278,-2.4162917],[115.2489464,-2.4160948],[115.249118,-2.4159308]]}},{"type":"Feature","properties":{"segmentId":"osm-gaul2-73682-3599756600-2536192217-0","regionId":"gaul2-73682","province":"Kalimantan Selatan","region":"Hulusungai Utara","roadName":"Unnamed OSM road","highway":"tertiary_link","lengthMeters":6.045,"osmWayIds":["665213605"],"u":"3599756600","v":"2536192217","key":0,"oneway":false,"source":"OpenStreetMap"},"geometry":{"type":"LineString","coordinates":[[115.2503317,-2.4179677],[115.2503821,-2.4179472]]}},{"type":"Feature","properties":{"segmentId":"osm-gaul2-73682-3599756600-3599756481-0","regionId":"gaul2-73682","province":"Kalimantan Selatan","region":"Hulusungai Utara","roadName":"Jalan Abdul Gani Majedi","highway":"tertiary","lengthMeters":270.834,"osmWayIds":["354212670"],"u":"3599756600","v":"3599756481","key":0,"oneway":true,"source":"OpenStreetMap"},"geometry":{"type":"LineString","coordinates":[[115.2503317,-2.4179677],[115.2502803,-2.4177842],[115.2501601,-2.4173288],[115.2500588,-2.4170528],[115.2499658,-2.4168425],[115.2498899,-2.4167279],[115.2498161,-2.4166193],[115.2496961,-2.4165028],[115.2495405,-2.4163687],[115.2493836,-2.4161832],[115.249118,-2.4159308]]}},{"type":"Feature","properties":{"segmentId":"osm-gaul2-73682-3599756609-2535020014-0","regionId":"gaul2-73682","province":"Kalimantan Selatan","region":"Hulusungai Utara","roadName":"Jalan Lambung Mangkurat","highway":"trunk","lengthMeters":7.434,"osmWayIds":["354212249"],"u":"3599756609","v":"2535020014","key":0,"oneway":false,"source":"OpenStreetMap"},"geometry":{"type":"LineString","coordinates":[[115.2518416,-2.4193768],[115.2518462,-2.4193101]]}},{"type":"Feature","properties":{"segmentId":"osm-gaul2-73682-3599756609-2536097499-0","regionId":"gaul2-73682","province":"Kalimantan Selatan","region":"Hulusungai Utara","roadName":"Jalan Lambung Mangkurat","highway":"trunk","lengthMeters":130.857,"osmWayIds":["354212249"],"u":"3599756609","v":"2536097499","key":0,"oneway":false,"source":"OpenStreetMap"},"geometry":{"type":"LineString","coordinates":[[115.2518416,-2.4193768],[115.2518198,-2.4194644],[115.2517817,-2.4195661],[115.2517251,-2.4196166],[115.2516293,-2.4196745],[115.2509393,-2.4200609]]}},{"type":"Feature","properties":{"segmentId":"osm-gaul2-73682-3599756609-9069191018-0","regionId":"gaul2-73682","province":"Kalimantan Selatan","region":"Hulusungai Utara","roadName":"Jalan Abdul Gani Majedi","highway":"tertiary","lengthMeters":250.236,"osmWayIds":["354212670"],"u":"3599756609","v":"9069191018","key":0,"oneway":true,"source":"OpenStreetMap"},"geometry":{"type":"LineString","coordinates":[[115.2518416,-2.4193768],[115.2509956,-2.419198],[115.2509037,-2.4191705],[115.2508575,-2.4191484],[115.2508072,-2.4190988],[115.2506982,-2.4189255],[115.2505477,-2.4186299],[115.250437,-2.4183659],[115.2503485,-2.4180311]]}},{"type":"Feature","properties":{"segmentId":"osm-gaul2-73682-3599793272-2536101019-0","regionId":"gaul2-73682","province":"Kalimantan Selatan","region":"Hulusungai Utara","roadName":"Jalan Dr. Kyai Haji Idham Chalid","highway":"primary","lengthMeters":271.357,"osmWayIds":["354217179"],"u":"3599793272","v":"2536101019","key":0,"oneway":false,"source":"OpenStreetMap"},"geometry":{"type":"LineString","coordinates":[[115.2430756,-2.4283817],[115.2431689,-2.4280146],[115.2432755,-2.4276072],[115.2433178,-2.4275201],[115.2433989,-2.427425],[115.2438911,-2.4270599],[115.2440105,-2.4269735],[115.2441298,-2.426869],[115.244276,-2.4267055],[115.2443352,-2.4266125],[115.2444271,-2.4264682]]}},{"type":"Feature","properties":{"segmentId":"osm-gaul2-73682-3599793272-3599797012-0","regionId":"gaul2-73682","province":"Kalimantan Selatan","region":"Hulusungai Utara","roadName":"Jalan Dr. Kyai Haji Idham Chalid","highway":"primary","lengthMeters":3350.132,"osmWayIds":["354217179"],"u":"3599793272","v":"3599797012","key":0,"oneway":false,"source":"OpenStreetMap"},"geometry":{"type":"LineString","coordinates":[[115.2430756,-2.4283817],[115.2430402,-2.4284835],[115.2428779,-2.4292466],[115.2428082,-2.4295434],[115.2427746,-2.4297832],[115.2427763,-2.430007],[115.2427813,-2.4301999],[115.2428225,-2.4304812],[115.2428367,-2.4306092],[115.2428497,-2.4310843],[115.2428463,-2.4314078],[115.2428457,-2.4314702],[115.2428323,-2.4316484],[115.2428068,-2.4318159],[115.2427695,-2.4319771],[115.2427532,-2.4320477],[115.2425547,-2.4327069],[115.2424969,-2.4329319],[115.2423361,-2.4335577],[115.24232,-2.4336435],[115.2421938,-2.4340711],[115.2421832,-2.4341071],[115.2420933,-2.4343242],[115.2419472,-2.4347007],[115.2418077,-2.4350999],[115.2417567,-2.4352822],[115.2416629,-2.435727],[115.2416266,-2.4358583],[115.2415891,-2.4359789],[115.2415735,-2.4360313],[115.2415381,-2.4361504],[115.2410021,-2.4372663],[115.2408887,-2.4375025],[115.2404828,-2.4383184],[115.2402078,-2.4388873],[115.2401241,-2.4390745],[115.2400646,-2.4393101],[115.2400403,-2.4394708],[115.240012,-2.4399758],[115.2399865,-2.4404501],[115.2399791,-2.4405305],[115.2399288,-2.4408266],[115.2398919,-2.4410129],[115.2398443,-2.4412005],[115.2396635,-2.4417186],[115.2394942,-2.442221],[115.2393588,-2.4425685],[115.2392118,-2.4428371],[115.2390249,-2.4430937],[115.2388982,-2.4432431],[115.238691,-2.4434635],[115.2384994,-2.4436367],[115.2380164,-2.4441027],[115.2374277,-2.4446627],[115.23703,-2.4450849],[115.2367994,-2.4452468],[115.2353264,-2.4459794],[115.2351757,-2.4460563],[115.234492,-2.4463992],[115.2341785,-2.4465669],[115.2338719,-2.4467654],[115.2332219,-2.4471863],[115.2330628,-2.4472893],[115.2323666,-2.4476846],[115.2322669,-2.4477474],[115.2319399,-2.4479535],[115.2317226,-2.4480955],[115.2315006,-2.4482692],[115.2312801,-2.4484666],[115.2307318,-2.4489519],[115.2302179,-2.4494314],[115.2297322,-2.4499305],[115.2296377,-2.4500293],[115.2293595,-2.45032],[115.2288816,-2.450825],[115.2288183,-2.4508916],[115.2285133,-2.4512228],[115.228248,-2.4515486],[115.2280104,-2.4518807],[115.2277864,-2.452238]]}},{"type":"Feature","properties":{"segmentId":"osm-gaul2-73682-3599793272-3840357183-0","regionId":"gaul2-73682","province":"Kalimantan Selatan","region":"Hulusungai Utara","roadName":"Jalan Veteran","highway":"secondary","lengthMeters":3874.398,"osmWayIds":["354337833"],"u":"3599793272","v":"3840357183","key":0,"oneway":false,"source":"OpenStreetMap"},"geometry":{"type":"LineString","coordinates":[[115.2430756,-2.4283817],[115.2429554,-2.4282456],[115.242725,-2.4279074],[115.2426472,-2.427831],[115.2423683,-2.4276407],[115.2419291,-2.4273687],[115.2416005,-2.4271886],[115.2412833,-2.4270364],[115.2408779,-2.4268476],[115.2406356,-2.426743],[115.2404599,-2.4266398],[115.2403942,-2.4265929],[115.2402614,-2.4264522],[115.2402225,-2.426396],[115.2401065,-2.426163],[115.2399594,-2.425714],[115.2397072,-2.4252817],[115.2394036,-2.4248544],[115.2393736,-2.4248189],[115.2391738,-2.4246474],[115.2389444,-2.424516],[115.2387633,-2.4244127],[115.2387325,-2.4243955],[115.238298,-2.4241758],[115.2381626,-2.4241007],[115.2380995,-2.4240471],[115.2378823,-2.4238448],[115.2376932,-2.4236585],[115.2373929,-2.4233719],[115.2373016,-2.4232847],[115.2370395,-2.4230464],[115.2368363,-2.4228617],[115.2365247,-2.4225616],[115.2363103,-2.422355],[115.2360351,-2.422169],[115.2357087,-2.421975],[115.2354687,-2.4218321],[115.2352286,-2.4216408],[115.2349117,-2.4214008],[115.2347307,-2.4213164],[115.2345322,-2.4212561],[115.2343277,-2.4212313],[115.2342533,-2.4212373],[115.2341755,-2.4212601],[115.2340601,-2.4213191],[115.2338871,-2.4214276],[115.2335318,-2.4216596],[115.2332,-2.4218348],[115.2329296,-2.4219555],[115.2326848,-2.4218941],[115.2321993,-2.4217459],[115.2318567,-2.4215815],[115.2315842,-2.4214117],[115.2314116,-2.4212203],[115.2312902,-2.4209697],[115.2311095,-2.4205304],[115.2309685,-2.4201773],[115.2309526,-2.4201376],[115.2308428,-2.4198626],[115.2307039,-2.4194426],[115.230659,-2.4192233],[115.2305558,-2.4188727],[115.2303824,-2.4184828],[115.2301186,-2.4179899],[115.2299784,-2.4177312],[115.229919,-2.4176714],[115.22983,-2.4176369],[115.2294766,-2.4175237],[115.2293912,-2.4174938],[115.2292689,-2.4174509],[115.2291678,-2.4173797],[115.2290667,-2.417297],[115.2288302,-2.4169845],[115.2286585,-2.4168472],[115.2285428,-2.416813],[115.2284206,-2.4167989],[115.2283066,-2.4168102],[115.2278116,-2.4169044],[115.2276132,-2.4169082],[115.227307,-2.4168279],[115.226835,-2.4165881],[115.226748,-2.4165588],[115.2266361,-2.4165791],[115.2264742,-2.4166478],[115.2263313,-2.4167596],[115.2262261,-2.4168728],[115.2261006,-2.4170426],[115.2259995,-2.4171208],[115.2258732,-2.4171665],[115.2257708,-2.4171868],[115.2256591,-2.4171756],[115.2255189,-2.4171257],[115.2252824,-2.4169428],[115.2251164,-2.4168037],[115.2248303,-2.4166836],[115.2245061,-2.4165693],[115.2242892,-2.4165228],[115.2241534,-2.4165116],[115.224067,-2.4165138],[115.2239432,-2.4165289],[115.2236047,-2.4165938],[115.2234975,-2.4166116],[115.2234083,-2.4166136],[115.2233216,-2.4166097],[115.2232234,-2.4165967],[115.2231444,-2.4165795],[115.2226624,-2.4164307],[115.2220508,-2.4163687],[115.22191,-2.416378],[115.2218294,-2.4163961],[115.2217576,-2.4164344],[115.2214669,-2.4166174],[115.2212715,-2.4167398],[115.2212044,-2.4167795],[115.2211404,-2.416793],[115.221076,-2.4167948],[115.2210051,-2.4167874],[115.2206696,-2.4166767],[115.2202839,-2.4165451],[115.220098,-2.4164835],[115.219872,-2.4164192],[115.2197306,-2.416392],[115.2195098,-2.4163496],[115.2191035,-2.4162673],[115.2189702,-2.4162403],[115.2188832,-2.4162141],[115.2187876,-2.4161659],[115.2186203,-2.4160203],[115.2183126,-2.4157425],[115.2182179,-2.415675],[115.2180043,-2.4155614],[115.2178401,-2.415482],[115.2176378,-2.4153869],[115.2171396,-2.4151697],[115.2170098,-2.4151068],[115.2169395,-2.4150571],[115.2167901,-2.4149166],[115.216673,-2.4147921],[115.2163888,-2.4144224],[115.216095,-2.4140489],[115.2158782,-2.4137898],[115.2157861,-2.4137461]]}},{"type":"Feature","properties":{"segmentId":"osm-gaul2-73682-3599797012-3599793272-0","regionId":"gaul2-73682","province":"Kalimantan Selatan","region":"Hulusungai Utara","roadName":"Jalan Dr. Kyai Haji Idham Chalid","highway":"primary","lengthMeters":3350.132,"osmWayIds":["354217179"],"u":"3599797012","v":"3599793272","key":0,"oneway":false,"source":"OpenStreetMap"},"geometry":{"type":"LineString","coordinates":[[115.2277864,-2.452238],[115.2280104,-2.4518807],[115.228248,-2.4515486],[115.2285133,-2.4512228],[115.2288183,-2.4508916],[115.2288816,-2.450825],[115.2293595,-2.45032],[115.2296377,-2.4500293],[115.2297322,-2.4499305],[115.2302179,-2.4494314],[115.2307318,-2.4489519],[115.2312801,-2.4484666],[115.2315006,-2.4482692],[115.2317226,-2.4480955],[115.2319399,-2.4479535],[115.2322669,-2.4477474],[115.2323666,-2.4476846],[115.2330628,-2.4472893],[115.2332219,-2.4471863],[115.2338719,-2.4467654],[115.2341785,-2.4465669],[115.234492,-2.4463992],[115.2351757,-2.4460563],[115.2353264,-2.4459794],[115.2367994,-2.4452468],[115.23703,-2.4450849],[115.2374277,-2.4446627],[115.2380164,-2.4441027],[115.2384994,-2.4436367],[115.238691,-2.4434635],[115.2388982,-2.4432431],[115.2390249,-2.4430937],[115.2392118,-2.4428371],[115.2393588,-2.4425685],[115.2394942,-2.442221],[115.2396635,-2.4417186],[115.2398443,-2.4412005],[115.2398919,-2.4410129],[115.2399288,-2.4408266],[115.2399791,-2.4405305],[115.2399865,-2.4404501],[115.240012,-2.4399758],[115.2400403,-2.4394708],[115.2400646,-2.4393101],[115.2401241,-2.4390745],[115.2402078,-2.4388873],[115.2404828,-2.4383184],[115.2408887,-2.4375025],[115.2410021,-2.4372663],[115.2415381,-2.4361504],[115.2415735,-2.4360313],[115.2415891,-2.4359789],[115.2416266,-2.4358583],[115.2416629,-2.435727],[115.2417567,-2.4352822],[115.2418077,-2.4350999],[115.2419472,-2.4347007],[115.2420933,-2.4343242],[115.2421832,-2.4341071],[115.2421938,-2.4340711],[115.24232,-2.4336435],[115.2423361,-2.4335577],[115.2424969,-2.4329319],[115.2425547,-2.4327069],[115.2427532,-2.4320477],[115.2427695,-2.4319771],[115.2428068,-2.4318159],[115.2428323,-2.4316484],[115.2428457,-2.4314702],[115.2428463,-2.4314078],[115.2428497,-2.4310843],[115.2428367,-2.4306092],[115.2428225,-2.4304812],[115.2427813,-2.4301999],[115.2427763,-2.430007],[115.2427746,-2.4297832],[115.2428082,-2.4295434],[115.2428779,-2.4292466],[115.2430402,-2.4284835],[115.2430756,-2.4283817]]}},{"type":"Feature","properties":{"segmentId":"osm-gaul2-73682-3599797012-3599797027-0","regionId":"gaul2-73682","province":"Kalimantan Selatan","region":"Hulusungai Utara","roadName":"Jalan Dr. Kyai Haji Idham Chalid","highway":"primary","lengthMeters":766.239,"osmWayIds":["354217179"],"u":"3599797012","v":"3599797027","key":0,"oneway":false,"source":"OpenStreetMap"},"geometry":{"type":"LineString","coordinates":[[115.2277864,-2.452238],[115.2276671,-2.4524809],[115.2276168,-2.4525827],[115.2272539,-2.4535007],[115.2270874,-2.4539856],[115.2269386,-2.4544525],[115.2269088,-2.4545581],[115.2268425,-2.4549081],[115.2268075,-2.4549988],[115.226774,-2.4550856],[115.2266854,-2.4552411],[115.2265807,-2.4553969],[115.2262878,-2.4557986],[115.2257549,-2.4563372],[115.22551,-2.4566204],[115.2253279,-2.4567825],[115.2251775,-2.4569104],[115.2249956,-2.4570258],[115.2247971,-2.4571598],[115.2245956,-2.4572869],[115.2241646,-2.4575301],[115.2240845,-2.4575733],[115.2239443,-2.4576169]]}},{"type":"Feature","properties":{"segmentId":"osm-gaul2-73682-3599797012-3840359249-0","regionId":"gaul2-73682","province":"Kalimantan Selatan","region":"Hulusungai Utara","roadName":"Jalan Pulau Indah","highway":"tertiary","lengthMeters":3953.041,"osmWayIds":["380711898","380711902","665470473","665470474","665470475","665470476","665470477","665470478"],"u":"3599797012","v":"3840359249","key":0,"oneway":false,"source":"OpenStreetMap"},"geometry":{"type":"LineString","coordinates":[[115.2277864,-2.452238],[115.2274553,-2.4520855],[115.2270032,-2.4518873],[115.2267953,-2.4517634],[115.226261,-2.451354],[115.2256006,-2.4508689],[115.225068,-2.4504776],[115.2243691,-2.4499187],[115.2242572,-2.4498323],[115.2235419,-2.4492797],[115.223281,-2.449103],[115.222935,-2.448855],[115.2227658,-2.4487273],[115.222248,-2.4483408],[115.2213191,-2.4476376],[115.2204684,-2.4470221],[115.2200912,-2.4467463],[115.2197016,-2.4464732],[115.2191694,-2.4460654],[115.2188261,-2.4458272],[115.2185744,-2.4456971],[115.2182638,-2.4455532],[115.2176081,-2.4452192],[115.2173346,-2.4450872],[115.2172065,-2.4449967],[115.2169318,-2.4446461],[115.2166044,-2.4442038],[115.2158623,-2.4431316],[115.2155704,-2.4427085],[115.2152328,-2.442255],[115.2149737,-2.4419647],[115.2144738,-2.441556],[115.2140941,-2.4412611],[115.2140334,-2.4412219],[115.2139302,-2.4411676],[115.2138557,-2.4411268],[115.2136901,-2.4410196],[115.2135882,-2.4409271],[115.2135386,-2.4408508],[115.2135037,-2.4407623],[115.2134822,-2.4406471],[115.2135135,-2.440517],[115.213589,-2.4403499],[115.2138479,-2.4399982],[115.2139558,-2.4398137],[115.214084,-2.4395575],[115.2141163,-2.4394617],[115.2141166,-2.4393903],[115.2140989,-2.4393258],[115.2140085,-2.4392651],[115.2138913,-2.4392268],[115.2137941,-2.4392152],[115.2132734,-2.4391707],[115.2128001,-2.4390886],[115.2122173,-2.4389767],[115.2118545,-2.4388864],[115.2116765,-2.4387976],[115.2116087,-2.4387458],[115.2115552,-2.4386859],[115.2114918,-2.4385536],[115.2112961,-2.4380726],[115.2110318,-2.4374986],[115.2108899,-2.4371567],[115.210745,-2.4367185],[115.2107048,-2.4366194],[115.2106512,-2.4365149],[115.2105841,-2.4363809],[115.2105077,-2.4362322],[115.2104554,-2.4360741],[115.2103756,-2.4357699],[115.2103572,-2.4355513],[115.2103575,-2.4353934],[115.2103732,-2.4352684],[115.2104359,-2.434756],[115.2104291,-2.4346643],[115.2103617,-2.4344568],[115.210328,-2.4343952],[115.210297,-2.4343315],[115.2102569,-2.4342598],[115.210216,-2.4341886],[115.2101442,-2.4340937],[115.2100811,-2.4340122],[115.2099203,-2.4338257],[115.2097655,-2.4336402],[115.2096815,-2.4335108],[115.2095928,-2.4333855],[115.2094149,-2.4331187],[115.2093476,-2.4330231],[115.209272,-2.4329354],[115.2091947,-2.4328436],[115.2091061,-2.4327495],[115.208963,-2.4325999],[115.2088755,-2.4325381],[115.2087783,-2.4324854],[115.208665,-2.4324443],[115.208553,-2.4324072],[115.2084276,-2.4323679],[115.2083103,-2.4323223],[115.208268,-2.4322909],[115.2082345,-2.4322513],[115.208212,-2.4322094],[115.2081046,-2.432011],[115.2080628,-2.4319298],[115.208023,-2.4318412],[115.2080038,-2.4317797],[115.207996,-2.4317038],[115.2080038,-2.4316323],[115.2080268,-2.431563],[115.2082243,-2.4310877],[115.2082868,-2.4309436],[115.2083445,-2.4307895],[115.2084575,-2.4304827],[115.2084866,-2.4303634],[115.2085116,-2.4302415],[115.2085201,-2.4301624],[115.2085224,-2.4300838],[115.2085209,-2.430029],[115.2084967,-2.4299652],[115.2084517,-2.429873],[115.2083942,-2.4297846],[115.208331,-2.4297136],[115.2082594,-2.4296512],[115.208158,-2.4295823],[115.2080503,-2.4295125],[115.2078291,-2.4293709],[115.2077731,-2.4293223],[115.2077303,-2.4292725],[115.2076806,-2.4291977],[115.2076417,-2.4291173],[115.207559,-2.4289571],[115.207517,-2.4288708],[115.2074754,-2.428773],[115.2073984,-2.4285858],[115.2073494,-2.4284648],[115.2073064,-2.4283375],[115.2072662,-2.4282075],[115.207231,-2.428069],[115.2071814,-2.4278689],[115.2071584,-2.4277688]]}},{"type":"Feature","properties":{"segmentId":"osm-gaul2-73682-3599797027-3532123407-0","regionId":"gaul2-73682","province":"Kalimantan Selatan","region":"Hulusungai Utara","roadName":"Unnamed OSM road","highway":"tertiary","lengthMeters":2176.629,"osmWayIds":["366601831"],"u":"3599797027","v":"3532123407","key":0,"oneway":false,"source":"OpenStreetMap"},"geometry":{"type":"LineString","coordinates":[[115.2239443,-2.4576169],[115.2239482,-2.4576602],[115.2239353,-2.457727],[115.2238894,-2.4577922],[115.2236652,-2.4579155],[115.2234763,-2.45805],[115.2233917,-2.4581191],[115.2232321,-2.4582678],[115.2229587,-2.4585416],[115.2228995,-2.4586135],[115.2228458,-2.4586899],[115.2227841,-2.4587556],[115.2227026,-2.4588426],[115.2226084,-2.4589579],[115.2225682,-2.4590155],[115.222531,-2.4590949],[115.2225159,-2.4591428],[115.2224815,-2.4594203],[115.222469,-2.4596278],[115.2224483,-2.4598479],[115.2224435,-2.4601195],[115.2224582,-2.4604534],[115.2225149,-2.4607353],[115.2225287,-2.4608692],[115.2225386,-2.4611074],[115.222436,-2.4617956],[115.2223664,-2.4619677],[115.2219647,-2.462615],[115.2215487,-2.4632844],[115.2214462,-2.4634602],[115.2213639,-2.4635818],[115.2211708,-2.4639033],[115.2209024,-2.4642765],[115.2208527,-2.4643621],[115.2207336,-2.464517],[115.2206132,-2.4646377],[115.2204627,-2.4648037],[115.2203071,-2.4649645],[115.2200249,-2.4652467],[115.2198109,-2.4654201],[115.2195328,-2.4656268],[115.2190811,-2.4659316],[115.2188351,-2.4661037],[115.2184832,-2.4663499],[115.2179654,-2.4666831],[115.2177109,-2.4668673],[115.2173297,-2.4671433],[115.2171509,-2.4673407],[115.217003,-2.4675191],[115.2166899,-2.467897],[115.2162041,-2.4684064],[115.2160719,-2.4685446],[115.2159017,-2.4687043],[115.2155573,-2.4689194],[115.2150903,-2.469151],[115.2148609,-2.4692414],[115.2148062,-2.4692555],[115.2145565,-2.4693271],[115.2143654,-2.4693531],[115.2142024,-2.4693726],[115.2140254,-2.469386],[115.2137854,-2.4693826],[115.2136293,-2.4693483],[115.2132663,-2.4693137],[115.2129562,-2.4692661],[115.2129127,-2.4692594],[115.2128794,-2.469255],[115.2127969,-2.469244],[115.2126789,-2.4691985],[115.2125957,-2.4691253],[115.2125767,-2.4691126],[115.2122203,-2.4688742],[115.2118358,-2.4685306],[115.2115376,-2.468223],[115.2114047,-2.4680437]]}},{"type":"Feature","properties":{"segmentId":"osm-gaul2-73682-3599797027-3599797012-0","regionId":"gaul2-73682","province":"Kalimantan Selatan","region":"Hulusungai Utara","roadName":"Jalan Dr. Kyai Haji Idham Chalid","highway":"primary","lengthMeters":766.239,"osmWayIds":["354217179"],"u":"3599797027","v":"3599797012","key":0,"oneway":false,"source":"OpenStreetMap"},"geometry":{"type":"LineString","coordinates":[[115.2239443,-2.4576169],[115.2240845,-2.4575733],[115.2241646,-2.4575301],[115.2245956,-2.4572869],[115.2247971,-2.4571598],[115.2249956,-2.4570258],[115.2251775,-2.4569104],[115.2253279,-2.4567825],[115.22551,-2.4566204],[115.2257549,-2.4563372],[115.2262878,-2.4557986],[115.2265807,-2.4553969],[115.2266854,-2.4552411],[115.226774,-2.4550856],[115.2268075,-2.4549988],[115.2268425,-2.4549081],[115.2269088,-2.4545581],[115.2269386,-2.4544525],[115.2270874,-2.4539856],[115.2272539,-2.4535007],[115.2276168,-2.4525827],[115.2276671,-2.4524809],[115.2277864,-2.452238]]}},{"type":"Feature","properties":{"segmentId":"osm-gaul2-73682-3599797027-3599797055-0","regionId":"gaul2-73682","province":"Kalimantan Selatan","region":"Hulusungai Utara","roadName":"Jalan Dr. Kyai Haji Idham Chalid","highway":"primary","lengthMeters":1691.699,"osmWayIds":["354217179","354217180"],"u":"3599797027","v":"3599797055","key":0,"oneway":false,"source":"OpenStreetMap"},"geometry":{"type":"LineString","coordinates":[[115.2239443,-2.4576169],[115.2231839,-2.4575733],[115.2229657,-2.4576013],[115.2225731,-2.4577757],[115.2223393,-2.458003],[115.2222427,-2.4582053],[115.2221804,-2.4584482],[115.2220611,-2.4590593],[115.2217338,-2.4605171],[115.2214854,-2.4614652],[115.22142,-2.4616863],[115.221314,-2.4620007],[115.2212036,-2.4622],[115.2205468,-2.4629707],[115.2203742,-2.4631637],[115.2200184,-2.4635837],[115.2197899,-2.4638535],[115.2195547,-2.4641375],[115.2193844,-2.4643374],[115.2191207,-2.4646265],[115.2189441,-2.4648387],[115.2189135,-2.464868],[115.2187085,-2.4650636],[115.2184008,-2.4653459],[115.2182577,-2.4654454],[115.2179834,-2.465636],[115.2172075,-2.4661753],[115.2168482,-2.466425],[115.2167477,-2.4664979],[115.2163141,-2.466848],[115.2162412,-2.4669271],[115.2158699,-2.4673296],[115.2156243,-2.4676058],[115.2153521,-2.4679119],[115.2151734,-2.4681239],[115.2149408,-2.4683807],[115.2147343,-2.4685586]]}},{"type":"Feature","properties":{"segmentId":"osm-gaul2-73682-3599797055-3599797027-0","regionId":"gaul2-73682","province":"Kalimantan Selatan","region":"Hulusungai Utara","roadName":"Jalan Dr. Kyai Haji Idham Chalid","highway":"primary","lengthMeters":1691.699,"osmWayIds":["354217179","354217180"],"u":"3599797055","v":"3599797027","key":0,"oneway":false,"source":"OpenStreetMap"},"geometry":{"type":"LineString","coordinates":[[115.2147343,-2.4685586],[115.2149408,-2.4683807],[115.2151734,-2.4681239],[115.2153521,-2.4679119],[115.2156243,-2.4676058],[115.2158699,-2.4673296],[115.2162412,-2.4669271],[115.2163141,-2.466848],[115.2167477,-2.4664979],[115.2168482,-2.466425],[115.2172075,-2.4661753],[115.2179834,-2.465636],[115.2182577,-2.4654454],[115.2184008,-2.4653459],[115.2187085,-2.4650636],[115.2189135,-2.464868],[115.2189441,-2.4648387],[115.2191207,-2.4646265],[115.2193844,-2.4643374],[115.2195547,-2.4641375],[115.2197899,-2.4638535],[115.2200184,-2.4635837],[115.2203742,-2.4631637],[115.2205468,-2.4629707],[115.2212036,-2.4622],[115.221314,-2.4620007],[115.22142,-2.4616863],[115.2214854,-2.4614652],[115.2217338,-2.4605171],[115.2220611,-2.4590593],[115.2221804,-2.4584482],[115.2222427,-2.4582053],[115.2223393,-2.458003],[115.2225731,-2.4577757],[115.2229657,-2.4576013],[115.2231839,-2.4575733],[115.2239443,-2.4576169]]}},{"type":"Feature","properties":{"segmentId":"osm-gaul2-73682-3599797055-3599797065-0","regionId":"gaul2-73682","province":"Kalimantan Selatan","region":"Hulusungai Utara","roadName":"Unnamed OSM road","highway":"primary","lengthMeters":11.214,"osmWayIds":["354217185"],"u":"3599797055","v":"3599797065","key":0,"oneway":true,"source":"OpenStreetMap"},"geometry":{"type":"LineString","coordinates":[[115.2147343,-2.4685586],[115.2147435,-2.4685765],[115.2147452,-2.4685966],[115.2147391,-2.4686159],[115.214726,-2.4686313],[115.2147081,-2.4686405]]}},{"type":"Feature","properties":{"segmentId":"osm-gaul2-73682-3599797056-3532123407-0","regionId":"gaul2-73682","province":"Kalimantan Selatan","region":"Hulusungai Utara","roadName":"Unnamed OSM road","highway":"primary","lengthMeters":444.351,"osmWayIds":["354217188","366601829"],"u":"3599797056","v":"3532123407","key":0,"oneway":false,"source":"OpenStreetMap"},"geometry":{"type":"LineString","coordinates":[[115.2146485,-2.4685657],[115.2145162,-2.4684749],[115.2142924,-2.4683003],[115.2138066,-2.4678164],[115.2135916,-2.4675796],[115.2133933,-2.4673574],[115.2131923,-2.4672297],[115.2129892,-2.467184],[115.2128077,-2.4672567],[115.2122458,-2.4675807],[115.2121333,-2.4676455],[115.2119182,-2.4677561],[115.2117093,-2.467864],[115.2116422,-2.4679015],[115.2114047,-2.4680437]]}},{"type":"Feature","properties":{"segmentId":"osm-gaul2-73682-3599797056-3599797055-0","regionId":"gaul2-73682","province":"Kalimantan Selatan","region":"Hulusungai Utara","roadName":"Unnamed OSM road","highway":"primary","lengthMeters":11.216,"osmWayIds":["354217185"],"u":"3599797056","v":"3599797055","key":0,"oneway":true,"source":"OpenStreetMap"},"geometry":{"type":"LineString","coordinates":[[115.2146485,-2.4685657],[115.2146616,-2.4685503],[115.2146795,-2.4685411],[115.2146996,-2.4685394],[115.2147189,-2.4685456],[115.2147343,-2.4685586]]}},{"type":"Feature","properties":{"segmentId":"osm-gaul2-73682-3599797065-3599797056-0","regionId":"gaul2-73682","province":"Kalimantan Selatan","region":"Hulusungai Utara","roadName":"Unnamed OSM road","highway":"primary","lengthMeters":13.469,"osmWayIds":["354217185"],"u":"3599797065","v":"3599797056","key":0,"oneway":true,"source":"OpenStreetMap"},"geometry":{"type":"LineString","coordinates":[[115.2147081,-2.4686405],[115.2146879,-2.4686422],[115.2146687,-2.468636],[115.2146533,-2.468623],[115.214644,-2.4686051],[115.2146424,-2.468585],[115.2146485,-2.4685657]]}},{"type":"Feature","properties":{"segmentId":"osm-gaul2-73682-3599797065-3599797067-0","regionId":"gaul2-73682","province":"Kalimantan Selatan","region":"Hulusungai Utara","roadName":"Unnamed OSM road","highway":"primary","lengthMeters":251.068,"osmWayIds":["346687621","354217186","354217187"],"u":"3599797065","v":"3599797067","key":0,"oneway":false,"source":"OpenStreetMap"},"geometry":{"type":"LineString","coordinates":[[115.2147081,-2.4686405],[115.2147443,-2.468777],[115.2148998,-2.4692253],[115.2150819,-2.4697271],[115.2151527,-2.4699248],[115.2151722,-2.4699681],[115.2153207,-2.470281],[115.2153887,-2.4704025],[115.2155526,-2.4707293]]}},{"type":"Feature","properties":{"segmentId":"osm-gaul2-73682-3599797067-2546845109-0","regionId":"gaul2-73682","province":"Kalimantan Selatan","region":"Hulusungai Utara","roadName":"Jalan Banyu Tajun Pangkalan","highway":"primary","lengthMeters":957.549,"osmWayIds":["354239776"],"u":"3599797067","v":"2546845109","key":0,"oneway":false,"source":"OpenStreetMap"},"geometry":{"type":"LineString","coordinates":[[115.2155526,-2.4707293],[115.2160004,-2.4705968],[115.2161442,-2.4705401],[115.2163245,-2.4704691],[115.2168785,-2.4701898],[115.2170101,-2.4701235],[115.217462,-2.4698215],[115.2177889,-2.4695662],[115.2184907,-2.4689054],[115.2192976,-2.4681714],[115.2198434,-2.4677279],[115.2202886,-2.4674833],[115.2204309,-2.4674193],[115.220606,-2.4673405],[115.2207958,-2.4672898],[115.2212647,-2.4671644],[115.2218686,-2.4668388],[115.2221175,-2.4667326],[115.222495,-2.4666333],[115.2228839,-2.466443]]}},{"type":"Feature","properties":{"segmentId":"osm-gaul2-73682-3599797067-3599797065-0","regionId":"gaul2-73682","province":"Kalimantan Selatan","region":"Hulusungai Utara","roadName":"Unnamed OSM road","highway":"primary","lengthMeters":251.068,"osmWayIds":["346687621","354217186","354217187"],"u":"3599797067","v":"3599797065","key":0,"oneway":false,"source":"OpenStreetMap"},"geometry":{"type":"LineString","coordinates":[[115.2155526,-2.4707293],[115.2153887,-2.4704025],[115.2153207,-2.470281],[115.2151722,-2.4699681],[115.2151527,-2.4699248],[115.2150819,-2.4697271],[115.2148998,-2.4692253],[115.2147443,-2.468777],[115.2147081,-2.4686405]]}},{"type":"Feature","properties":{"segmentId":"osm-gaul2-73682-3599797067-3599963310-0","regionId":"gaul2-73682","province":"Kalimantan Selatan","region":"Hulusungai Utara","roadName":"Jalan Latsitarda","highway":"primary","lengthMeters":1233.772,"osmWayIds":["354251990"],"u":"3599797067","v":"3599963310","key":0,"oneway":false,"source":"OpenStreetMap"},"geometry":{"type":"LineString","coordinates":[[115.2155526,-2.4707293],[115.215358,-2.4708319],[115.215231,-2.4708988],[115.2151794,-2.4709287],[115.2149459,-2.4710643],[115.2148096,-2.4711435],[115.2146956,-2.4712506],[115.2145672,-2.4713857],[115.2143931,-2.4716719],[115.214219,-2.4719581],[115.2139656,-2.4722465],[115.213715,-2.4724924],[115.213423,-2.472779],[115.2132019,-2.4730117],[115.2131282,-2.4731403],[115.2129726,-2.4734123],[115.2129418,-2.473557],[115.2128921,-2.4737995],[115.2128801,-2.4740045],[115.2128828,-2.4741251],[115.2129109,-2.4744587],[115.212923,-2.4747066],[115.212923,-2.4748701],[115.2129069,-2.4750536],[115.2129096,-2.4752117],[115.2129257,-2.4753109],[115.2131376,-2.4759487],[115.213277,-2.4764029],[115.2133411,-2.4766438],[115.2134514,-2.4770581],[115.2135992,-2.4775668],[115.2136619,-2.4778097],[115.2137558,-2.4781755],[115.2138256,-2.478339],[115.2138752,-2.4784167],[115.2139643,-2.4785339],[115.214071,-2.4786726],[115.21413,-2.4787865],[115.2141649,-2.4788937],[115.2142963,-2.479313],[115.2144103,-2.4796306],[115.2144214,-2.4796847],[115.2144505,-2.4798262],[115.214472,-2.4799521],[115.2143995,-2.4801772],[115.2143016,-2.4803956]]}},{"type":"Feature","properties":{"segmentId":"osm-gaul2-73682-3599963310-3556399936-0","regionId":"gaul2-73682","province":"Kalimantan Selatan","region":"Hulusungai Utara","roadName":"Jalan Kali Negara","highway":"primary","lengthMeters":13594.369,"osmWayIds":["354335372","796867484","796867485"],"u":"3599963310","v":"3556399936","key":0,"oneway":false,"source":"OpenStreetMap"},"geometry":{"type":"LineString","coordinates":[[115.2143016,-2.4803956],[115.2140517,-2.4809885],[115.2138256,-2.4815251],[115.2137223,-2.4817462],[115.2136338,-2.4819043],[115.2135721,-2.481982],[115.2134581,-2.4821053],[115.2132321,-2.4822962],[115.212923,-2.4825662],[115.21264,-2.4828502],[115.2125822,-2.4828922],[115.2124536,-2.4829855],[115.2122045,-2.4830984],[115.212032,-2.4831747],[115.2118233,-2.4832669],[115.2114463,-2.483411],[115.2114236,-2.4834197],[115.2110213,-2.4835161],[115.2104996,-2.4836595],[115.2103212,-2.4836983],[115.2100692,-2.4837121],[115.2098626,-2.4837091],[115.2094957,-2.4836732],[115.2093422,-2.4836635],[115.2091733,-2.4836581],[115.2089828,-2.4836394],[115.2088164,-2.4836156],[115.2085966,-2.4835456],[115.20843,-2.4834786],[115.2080105,-2.4832476],[115.2079438,-2.4832109],[115.207664,-2.4830889],[115.2074084,-2.4829802],[115.2072582,-2.4829254],[115.2070811,-2.4828918],[115.2068028,-2.4828655],[115.2066786,-2.4828528],[115.2063328,-2.4828328],[115.2057534,-2.4827471],[115.2052291,-2.4826516],[115.2050237,-2.4826048],[115.2044691,-2.482445],[115.2041091,-2.4823281],[115.2040425,-2.4823065],[115.2036059,-2.4821741],[115.2033428,-2.482108],[115.2031046,-2.4820481],[115.2025469,-2.4819364],[115.2024272,-2.4818887],[115.2023256,-2.4818574],[115.2022401,-2.4818258],[115.2019662,-2.481712],[115.2016967,-2.4815787],[115.2010498,-2.4812508],[115.2008967,-2.4811783],[115.2002651,-2.4808445],[115.1998748,-2.4805913],[115.1998514,-2.4805765],[115.1986724,-2.4798322],[115.1985811,-2.4797829],[115.1985001,-2.4797433],[115.1984445,-2.4797471],[115.1984005,-2.4797591],[115.1983439,-2.4797833],[115.1982682,-2.4798065],[115.1981932,-2.4798317],[115.1976286,-2.4801849],[115.1971526,-2.4805085],[115.1970054,-2.4806247],[115.196507,-2.481169],[115.196062,-2.4816805],[115.1959057,-2.4818678],[115.195842,-2.4820063],[115.1958387,-2.4820771],[115.1958455,-2.4821698],[115.1959051,-2.4823648],[115.1960281,-2.4828856],[115.1960779,-2.4835052],[115.1960783,-2.4835684],[115.1960811,-2.4839567],[115.1959835,-2.4843345],[115.1959644,-2.4844101],[115.1958148,-2.4852373],[115.1957235,-2.4855804],[115.1956688,-2.4857859],[115.1956442,-2.4859225],[115.1956414,-2.4860324],[115.1956816,-2.4861782],[115.1958507,-2.4865763],[115.1959564,-2.4868304],[115.1959595,-2.486983],[115.1959258,-2.4872838],[115.1958779,-2.487504],[115.1957795,-2.4877253],[115.1953304,-2.4885003],[115.1952782,-2.4885766],[115.1948033,-2.4892713],[115.1946226,-2.48962],[115.1945478,-2.4898193],[115.1944231,-2.4901057],[115.1940918,-2.490553],[115.1938435,-2.490909],[115.1937935,-2.4909656],[115.1933284,-2.4913903],[115.1928985,-2.491817],[115.1927532,-2.4919864],[115.1925981,-2.4921173],[115.1924981,-2.4921642],[115.1922473,-2.4922722],[115.1918334,-2.4924222],[115.1917924,-2.4924342],[115.1913414,-2.4925667],[115.1910311,-2.4926578],[115.1908447,-2.4927164],[115.1902255,-2.4929108],[115.190124,-2.4929427],[115.1898699,-2.4929997],[115.1895158,-2.4930792],[115.1892133,-2.4931503],[115.1887802,-2.4932383],[115.1884376,-2.4933392],[115.1883068,-2.4933903],[115.1882198,-2.4934242],[115.1880076,-2.4935339],[115.1875864,-2.4938363],[115.1871139,-2.4941756],[115.1868098,-2.4943957],[115.1865643,-2.494514],[115.1864889,-2.4945429],[115.1863241,-2.4946102],[115.1855784,-2.4949146],[115.1851025,-2.4951444],[115.1847355,-2.4953213],[115.1846659,-2.4953549],[115.1841576,-2.4955894],[115.1837801,-2.4957669],[115.18371,-2.4957984],[115.1834187,-2.4959291],[115.1831264,-2.4960664],[115.1829996,-2.496132],[115.1829396,-2.4961696],[115.1829118,-2.496193],[115.1828765,-2.4962248],[115.1828128,-2.4962911],[115.1827371,-2.4963769],[115.1827108,-2.4964082],[115.1826747,-2.4964449],[115.1826311,-2.4964831],[115.1825771,-2.4965199],[115.1825242,-2.4965551],[115.1824538,-2.4965943],[115.1823471,-2.4966506],[115.1822195,-2.4967101],[115.1821775,-2.4967296],[115.1820005,-2.496814],[115.1819275,-2.4968492],[115.1818281,-2.4968971],[115.1816746,-2.4969842],[115.1815552,-2.4970579],[115.1813168,-2.4972],[115.181114,-2.497305],[115.1810171,-2.4973629],[115.1809289,-2.4974009],[115.1808298,-2.4974355],[115.1807204,-2.4974645],[115.180583,-2.4974972],[115.1802679,-2.4975654],[115.1801075,-2.4976059],[115.1799399,-2.4976534],[115.1798373,-2.4976843],[115.1797172,-2.4977472],[115.1796413,-2.4977925],[115.1796026,-2.4978155],[115.1795053,-2.4978799],[115.1794168,-2.4979462],[115.1792935,-2.4980473],[115.1791895,-2.4981358],[115.1790599,-2.4982469],[115.1788681,-2.4984115],[115.1787443,-2.4985176],[115.1782829,-2.4989088],[115.1780348,-2.4991346],[115.1778866,-2.4992659],[115.177774,-2.499361],[115.1777245,-2.4994067],[115.1773046,-2.4997945],[115.1770458,-2.500049],[115.1768084,-2.5002949],[115.1767668,-2.5003391],[115.1766951,-2.5004269],[115.1766434,-2.5004945],[115.1765978,-2.5005558],[115.1765697,-2.500599],[115.1765221,-2.500666],[115.1764771,-2.5007464],[115.1764295,-2.5008369],[115.1763195,-2.5010776],[115.176233,-2.5012442],[115.1761627,-2.5013329],[115.1759514,-2.5016455],[115.1758897,-2.5017368],[115.1757547,-2.5019184],[115.1756926,-2.5020018],[115.1754076,-2.5023602],[115.1750629,-2.5029305],[115.1748651,-2.5033175],[115.1746245,-2.5037624],[115.1745789,-2.5038384],[115.1744923,-2.5039727],[115.1743644,-2.5041392],[115.1739567,-2.5046043],[115.1737634,-2.5048248],[115.1736814,-2.5049187],[115.1731017,-2.505634],[115.1729563,-2.5058409],[115.1728266,-2.5060682],[115.1727491,-2.5062196],[115.1726791,-2.5062933],[115.1725692,-2.5063965],[115.1724029,-2.5065452],[115.1720219,-2.506858],[115.1716905,-2.5071381],[115.1714611,-2.5073321],[115.171184,-2.5075252],[115.1709343,-2.5077081],[115.1705602,-2.5079815],[115.1703624,-2.5081183],[115.1702638,-2.5081865],[115.1699754,-2.5084196],[115.1697084,-2.5086609],[115.1695959,-2.5087626],[115.1694109,-2.5089502],[115.1692632,-2.5091124],[115.1690474,-2.5093883],[115.1688196,-2.5097229],[115.1687309,-2.5098652],[115.1686639,-2.5099577],[115.1686159,-2.5100269],[115.1685941,-2.5100582],[115.1683639,-2.5104113],[115.1682293,-2.5106477],[115.168169,-2.5107683],[115.1681083,-2.510922],[115.1680443,-2.5111086],[115.1680282,-2.5112188],[115.1680245,-2.5113447],[115.1680198,-2.5114706],[115.1680174,-2.511536],[115.1680291,-2.51172],[115.1680617,-2.511879],[115.1681153,-2.5120371],[115.1681504,-2.5121284],[115.1682568,-2.5124052],[115.168377,-2.5126896],[115.168464,-2.5128631],[115.1685646,-2.5130473],[115.1686555,-2.5131994],[115.1687571,-2.5133803],[115.1688487,-2.5135248],[115.1689529,-2.5136924],[115.169065,-2.5138378],[115.1691507,-2.5139349],[115.1692544,-2.5140411],[115.1693458,-2.5141453],[115.1694866,-2.5142987],[115.169745,-2.5145598],[115.1698326,-2.5146604],[115.1699008,-2.5147363],[115.1700318,-2.5148822],[115.1702645,-2.5151435],[115.1704562,-2.5153759],[115.1705461,-2.5155152],[115.170699,-2.5157705],[115.170874,-2.516076],[115.1710135,-2.5162856],[115.1712763,-2.5166755],[115.1715673,-2.5170654],[115.1716478,-2.5172436],[115.1716698,-2.5173182],[115.1716948,-2.517403],[115.1717538,-2.5177728],[115.1718195,-2.5182873],[115.1718334,-2.5183732],[115.1718879,-2.5187107],[115.1719429,-2.519059],[115.1719871,-2.5193016],[115.1720166,-2.519473],[115.1720126,-2.5196137],[115.1719994,-2.51977],[115.1719955,-2.5198161],[115.1719415,-2.5200083],[115.1718758,-2.5201537],[115.171848,-2.5202163],[115.1718148,-2.5203136],[115.1718004,-2.5204116],[115.1718004,-2.5204868],[115.1718005,-2.5204985],[115.1718436,-2.5206695],[115.1718765,-2.5207599],[115.1718953,-2.5208517],[115.1719066,-2.5210728],[115.171908,-2.5212644],[115.1719033,-2.5214131],[115.1718993,-2.5215899],[115.1718979,-2.5217444],[115.1718584,-2.5220562],[115.1718315,-2.5222612],[115.1718212,-2.5223727],[115.1718148,-2.5224414],[115.1718134,-2.5226725],[115.1718329,-2.5228909],[115.1718664,-2.5231367],[115.1718767,-2.5232813],[115.1718805,-2.5233344],[115.1718959,-2.5237658],[115.1718852,-2.5240525],[115.171849,-2.5243607],[115.1718074,-2.524713],[115.1718052,-2.5247268],[115.1717377,-2.5251552],[115.1717015,-2.5254003],[115.1716649,-2.5256544],[115.1715741,-2.5259162],[115.1715195,-2.5261033],[115.1714798,-2.5263765],[115.1714798,-2.5267199],[115.1714705,-2.5269797],[115.1714547,-2.5270845],[115.1713769,-2.5272761],[115.1712777,-2.5274878],[115.171212,-2.5276351],[115.1711784,-2.5277463],[115.1711744,-2.5278401],[115.1711744,-2.5279366],[115.1712307,-2.5282581],[115.1712482,-2.5283961],[115.1713032,-2.5286601],[115.1713836,-2.5292148],[115.171385,-2.5293608],[115.1713648,-2.5294492],[115.1713353,-2.5295363],[115.1712046,-2.5297242],[115.1711918,-2.5297426],[115.171106,-2.5299409],[115.1710014,-2.5302611],[115.1709849,-2.5303254],[115.1709639,-2.5304072],[115.1709384,-2.5306148],[115.1709233,-2.5307938],[115.1709008,-2.531061],[115.1708646,-2.5312378],[115.170764,-2.531546],[115.1706232,-2.5318287],[115.1704837,-2.5321797],[115.1703952,-2.5323097],[115.1700479,-2.5326929],[115.1695517,-2.5334164],[115.1694323,-2.5335892],[115.1693411,-2.5337285],[115.1691252,-2.5339596],[115.1689059,-2.5341352],[115.1686283,-2.5343238],[115.1680791,-2.5345927],[115.1679584,-2.5346452],[115.1671833,-2.5348365],[115.1669218,-2.5348891],[115.1668845,-2.5348945],[115.1667461,-2.5348945],[115.1665071,-2.5348549],[115.1657625,-2.5346889],[115.1652132,-2.534582],[115.1643723,-2.5344413],[115.1639442,-2.5344182],[115.1637541,-2.534389],[115.1633893,-2.5342926],[115.1629836,-2.5341533],[115.162586,-2.5339911],[115.1621139,-2.5337848],[115.1618041,-2.5336401],[115.1614353,-2.5334646],[115.1610989,-2.5332774],[115.1604925,-2.5329401],[115.1603497,-2.5328597],[115.160227,-2.5328295],[115.1601183,-2.5328094],[115.1599655,-2.5328041],[115.1596476,-2.5328108],[115.1592711,-2.5327941],[115.1591326,-2.532788],[115.1586579,-2.5328121],[115.1584689,-2.5328477],[115.1582905,-2.5329151],[115.1581543,-2.5329682],[115.1580115,-2.5330117],[115.1577468,-2.533091],[115.1575501,-2.5331323],[115.1573701,-2.5331568],[115.1572866,-2.533156],[115.157099,-2.5331541],[115.1569527,-2.5331444],[115.1568132,-2.5331256],[115.1565731,-2.5330827],[115.1562955,-2.5330177],[115.1558536,-2.5328965],[115.1553775,-2.5327739],[115.1551469,-2.5327237],[115.1548503,-2.5326535],[115.1547056,-2.5326192],[115.1543999,-2.5325609],[115.154243,-2.5325301],[115.1541363,-2.5325147],[115.1540002,-2.5325019],[115.153842,-2.5324926],[115.153677,-2.5324912],[115.1534645,-2.5325093],[115.1532612,-2.5325232],[115.1531111,-2.5325334],[115.152812,-2.5325629],[115.1523949,-2.5326319],[115.1522762,-2.5326507],[115.1521394,-2.5326775],[115.1519939,-2.532713],[115.151774,-2.5327599],[115.1515688,-2.5327987],[115.1514712,-2.5328138],[115.1513703,-2.5328295],[115.1512644,-2.5328436],[115.1511162,-2.5328583],[115.1509774,-2.5328691],[115.150565,-2.5328979],[115.150402,-2.5329126],[115.1502639,-2.5329314],[115.1501506,-2.5329474],[115.1499856,-2.5329782],[115.1495632,-2.533074],[115.1492306,-2.5331578],[115.1489315,-2.5332402],[115.1475147,-2.5336725],[115.1472826,-2.5337433],[115.1465893,-2.5339509],[115.1461467,-2.5341264],[115.1461084,-2.5341425],[115.1454949,-2.5344011],[115.145153,-2.5345552],[115.1440108,-2.5350923],[115.1434806,-2.5353416],[115.1429086,-2.5356112],[115.1422468,-2.5359244],[115.1418847,-2.5361254],[115.1409754,-2.5366479],[115.1403974,-2.536999],[115.1400326,-2.5372254],[115.1399247,-2.5372924],[115.1398212,-2.5373683],[115.1397154,-2.5374525],[115.1395257,-2.5376112],[115.1393178,-2.5377881],[115.1391153,-2.5379422],[115.1389041,-2.5381143]]}},{"type":"Feature","properties":{"segmentId":"osm-gaul2-73682-3599963310-3599797067-0","regionId":"gaul2-73682","province":"Kalimantan Selatan","region":"Hulusungai Utara","roadName":"Jalan Latsitarda","highway":"primary","lengthMeters":1233.772,"osmWayIds":["354251990"],"u":"3599963310","v":"3599797067","key":0,"oneway":false,"source":"OpenStreetMap"},"geometry":{"type":"LineString","coordinates":[[115.2143016,-2.4803956],[115.2143995,-2.4801772],[115.214472,-2.4799521],[115.2144505,-2.4798262],[115.2144214,-2.4796847],[115.2144103,-2.4796306],[115.2142963,-2.479313],[115.2141649,-2.4788937],[115.21413,-2.4787865],[115.214071,-2.4786726],[115.2139643,-2.4785339],[115.2138752,-2.4784167],[115.2138256,-2.478339],[115.2137558,-2.4781755],[115.2136619,-2.4778097],[115.2135992,-2.4775668],[115.2134514,-2.4770581],[115.2133411,-2.4766438],[115.213277,-2.4764029],[115.2131376,-2.4759487],[115.2129257,-2.4753109],[115.2129096,-2.4752117],[115.2129069,-2.4750536],[115.212923,-2.4748701],[115.212923,-2.4747066],[115.2129109,-2.4744587],[115.2128828,-2.4741251],[115.2128801,-2.4740045],[115.2128921,-2.4737995],[115.2129418,-2.473557],[115.2129726,-2.4734123],[115.2131282,-2.4731403],[115.2132019,-2.4730117],[115.213423,-2.472779],[115.213715,-2.4724924],[115.2139656,-2.4722465],[115.214219,-2.4719581],[115.2143931,-2.4716719],[115.2145672,-2.4713857],[115.2146956,-2.4712506],[115.2148096,-2.4711435],[115.2149459,-2.4710643],[115.2151794,-2.4709287],[115.215231,-2.4708988],[115.215358,-2.4708319],[115.2155526,-2.4707293]]}},{"type":"Feature","properties":{"segmentId":"osm-gaul2-73682-3599963310-5913266040-0","regionId":"gaul2-73682","province":"Kalimantan Selatan","region":"Hulusungai Utara","roadName":"Jalan Nelayan","highway":"tertiary","lengthMeters":2074.511,"osmWayIds":["354251991","665221526","665221527"],"u":"3599963310","v":"5913266040","key":0,"oneway":false,"source":"OpenStreetMap"},"geometry":{"type":"LineString","coordinates":[[115.2143016,-2.4803956],[115.2144049,-2.4804465],[115.2145283,-2.4805671],[115.214657,-2.4808257],[115.2147375,-2.4810039],[115.214763,-2.4810937],[115.2147952,-2.4812397],[115.2147979,-2.4814487],[115.214818,-2.4818855],[115.2148515,-2.4823893],[115.2148944,-2.4826184],[115.2149293,-2.4827712],[115.2149488,-2.4828327],[115.2149789,-2.4829279],[115.215054,-2.4831249],[115.2151211,-2.4833808],[115.2151693,-2.4835791],[115.2151667,-2.4837412],[115.215117,-2.4840025],[115.215113,-2.4840842],[115.2151184,-2.4842664],[115.2151492,-2.4844701],[115.2152324,-2.4848747],[115.2153504,-2.4854816],[115.2153705,-2.4856639],[115.2154268,-2.4859667],[115.2154885,-2.4861101],[115.2155583,-2.4862226],[115.2156414,-2.4863392],[115.2157071,-2.4864557],[115.2157165,-2.4865482],[115.2157165,-2.486709],[115.2156951,-2.4869475],[115.2156857,-2.487052],[115.2156897,-2.4871592],[115.2157152,-2.4872985],[115.2157447,-2.4874499],[115.2157527,-2.487675],[115.215752,-2.4879269],[115.2157648,-2.4879825],[115.215803,-2.4880709],[115.2158345,-2.4881118],[115.2159371,-2.4882029],[115.2160317,-2.4882719],[115.2160618,-2.4883302],[115.2160712,-2.4883851],[115.2160706,-2.4884876],[115.2160598,-2.4887489],[115.2160511,-2.4889626],[115.2160129,-2.4891897],[115.2160102,-2.4892453],[115.2160243,-2.4893625],[115.2160384,-2.4894288],[115.2163227,-2.4901818],[115.216552,-2.4907432],[115.2166213,-2.4909349],[115.2167344,-2.491255],[115.2168618,-2.4916007],[115.2169758,-2.4918727],[115.217086,-2.4921558],[115.2171579,-2.4923883],[115.2171502,-2.4926163],[115.2171394,-2.4927356],[115.2171153,-2.4929178],[115.2170965,-2.4930732],[115.2171139,-2.493246],[115.2171931,-2.493652],[115.2172923,-2.493987],[115.217297,-2.4940546],[115.2172869,-2.4941732],[115.2172494,-2.4944559],[115.2171944,-2.4948512],[115.2171877,-2.4951138],[115.2172145,-2.495225],[115.2172802,-2.4953978],[115.2174573,-2.4958185],[115.2176651,-2.4962499],[115.2178542,-2.4966439],[115.2180259,-2.4969748],[115.2182613,-2.4974498],[115.2182887,-2.4975442],[115.2183008,-2.4975992],[115.2183048,-2.4977733],[115.2183082,-2.4979629],[115.2183196,-2.498109]]}},{"type":"Feature","properties":{"segmentId":"osm-gaul2-73682-3599963757-3556399936-0","regionId":"gaul2-73682","province":"Kalimantan Selatan","region":"Hulusungai Utara","roadName":"Jalan Kali Negara","highway":"primary","lengthMeters":138.3,"osmWayIds":["354335372"],"u":"3599963757","v":"3556399936","key":0,"oneway":false,"source":"OpenStreetMap"},"geometry":{"type":"LineString","coordinates":[[115.13797,-2.538935],[115.1380692,-2.5388479],[115.1381343,-2.5387869],[115.1382181,-2.5387038],[115.1383348,-2.5385906],[115.1384655,-2.5384714],[115.1386613,-2.5383039],[115.1389041,-2.5381143]]}},{"type":"Feature","properties":{"segmentId":"osm-gaul2-73682-3599963757-3599963772-0","regionId":"gaul2-73682","province":"Kalimantan Selatan","region":"Hulusungai Utara","roadName":"Jalan Kali Negara","highway":"primary","lengthMeters":641.543,"osmWayIds":["354335372"],"u":"3599963757","v":"3599963772","key":0,"oneway":false,"source":"OpenStreetMap"},"geometry":{"type":"LineString","coordinates":[[115.13797,-2.538935],[115.1378453,-2.5390314],[115.1375898,-2.5392116],[115.1372941,-2.5394079],[115.137109,-2.5395472],[115.1370078,-2.5396303],[115.1369347,-2.5396998],[115.136885,-2.5397549],[115.1368529,-2.5397914],[115.1368187,-2.5398393],[115.1367865,-2.539907],[115.1367707,-2.5399545],[115.1367607,-2.5400065],[115.1367523,-2.5400738],[115.1367483,-2.5401542],[115.1367489,-2.5402332],[115.1367543,-2.540325],[115.1367744,-2.5403967],[115.1367898,-2.5404382],[115.1368338,-2.5405106],[115.1369065,-2.5406077],[115.1370527,-2.5407906],[115.1371855,-2.5409688],[115.1372606,-2.541094],[115.1373222,-2.5411972],[115.1374175,-2.5413332],[115.1375321,-2.5414812],[115.1377366,-2.5417606],[115.1378372,-2.5418945],[115.1379016,-2.5419883],[115.1379479,-2.5420607],[115.1380055,-2.5421545],[115.1380521,-2.5422365],[115.1380887,-2.5423074],[115.1381108,-2.5423655],[115.1381259,-2.542414],[115.1381383,-2.5424753],[115.1381464,-2.5425393],[115.1381497,-2.5425902],[115.13815,-2.5426333],[115.138148,-2.5426689],[115.1381417,-2.5427024],[115.1381249,-2.5427734],[115.1380941,-2.5428652],[115.1380505,-2.5430066],[115.138029,-2.5430957],[115.1380089,-2.5432116],[115.137976,-2.5433763],[115.1379137,-2.5436765]]}},{"type":"Feature","properties":{"segmentId":"osm-gaul2-73682-3599963757-3600657499-0","regionId":"gaul2-73682","province":"Kalimantan Selatan","region":"Hulusungai Utara","roadName":"Jalan Mesjid","highway":"tertiary","lengthMeters":191.615,"osmWayIds":["354334193"],"u":"3599963757","v":"3600657499","key":0,"oneway":false,"source":"OpenStreetMap"},"geometry":{"type":"LineString","coordinates":[[115.13797,-2.538935],[115.1370406,-2.5374833]]}},{"type":"Feature","properties":{"segmentId":"osm-gaul2-73682-3599963772-3599963757-0","regionId":"gaul2-73682","province":"Kalimantan Selatan","region":"Hulusungai Utara","roadName":"Jalan Kali Negara","highway":"primary","lengthMeters":641.543,"osmWayIds":["354335372"],"u":"3599963772","v":"3599963757","key":0,"oneway":false,"source":"OpenStreetMap"},"geometry":{"type":"LineString","coordinates":[[115.1379137,-2.5436765],[115.137976,-2.5433763],[115.1380089,-2.5432116],[115.138029,-2.5430957],[115.1380505,-2.5430066],[115.1380941,-2.5428652],[115.1381249,-2.5427734],[115.1381417,-2.5427024],[115.138148,-2.5426689],[115.13815,-2.5426333],[115.1381497,-2.5425902],[115.1381464,-2.5425393],[115.1381383,-2.5424753],[115.1381259,-2.542414],[115.1381108,-2.5423655],[115.1380887,-2.5423074],[115.1380521,-2.5422365],[115.1380055,-2.5421545],[115.1379479,-2.5420607],[115.1379016,-2.5419883],[115.1378372,-2.5418945],[115.1377366,-2.5417606],[115.1375321,-2.5414812],[115.1374175,-2.5413332],[115.1373222,-2.5411972],[115.1372606,-2.541094],[115.1371855,-2.5409688],[115.1370527,-2.5407906],[115.1369065,-2.5406077],[115.1368338,-2.5405106],[115.1367898,-2.5404382],[115.1367744,-2.5403967],[115.1367543,-2.540325],[115.1367489,-2.5402332],[115.1367483,-2.5401542],[115.1367523,-2.5400738],[115.1367607,-2.5400065],[115.1367707,-2.5399545],[115.1367865,-2.539907],[115.1368187,-2.5398393],[115.1368529,-2.5397914],[115.136885,-2.5397549],[115.1369347,-2.5396998],[115.1370078,-2.5396303],[115.137109,-2.5395472],[115.1372941,-2.5394079],[115.1375898,-2.5392116],[115.1378453,-2.5390314],[115.13797,-2.538935]]}},{"type":"Feature","properties":{"segmentId":"osm-gaul2-73682-3599963772-3600657499-0","regionId":"gaul2-73682","province":"Kalimantan Selatan","region":"Hulusungai Utara","roadName":"Unnamed OSM road","highway":"tertiary","lengthMeters":879.835,"osmWayIds":["354334209"],"u":"3599963772","v":"3600657499","key":0,"oneway":false,"source":"OpenStreetMap"},"geometry":{"type":"LineString","coordinates":[[115.1379137,-2.5436765],[115.1373544,-2.5432718],[115.1366685,-2.5427808],[115.1363526,-2.5425524],[115.1361414,-2.5423675],[115.1358457,-2.542121],[115.1357283,-2.5420111],[115.1356667,-2.5419428],[115.135607,-2.5418771],[115.1355312,-2.5417813],[115.1354836,-2.5417164],[115.1354172,-2.5416159],[115.1353662,-2.5415114],[115.1353374,-2.5414397],[115.1353139,-2.5413459],[115.1353019,-2.5412548],[115.1352992,-2.5411664],[115.135315,-2.5409763],[115.1353401,-2.5408241],[115.1353669,-2.5407035],[115.1354219,-2.5404811],[115.1355091,-2.5401595],[115.1356177,-2.5397308],[115.1357786,-2.5391828],[115.1358256,-2.5390374],[115.1358584,-2.5389484],[115.1358926,-2.538872],[115.1359396,-2.5387715],[115.1360388,-2.5386147],[115.1361555,-2.5384406],[115.1362655,-2.5382878],[115.1363607,-2.5381552],[115.1364572,-2.53804],[115.1365806,-2.5379033],[115.1368475,-2.5376488],[115.1370406,-2.5374833]]}},{"type":"Feature","properties":{"segmentId":"osm-gaul2-73682-3599963772-5915591894-0","regionId":"gaul2-73682","province":"Kalimantan Selatan","region":"Hulusungai Utara","roadName":"Jalan Kali Negara","highway":"primary","lengthMeters":1244.987,"osmWayIds":["354335372","665553934","665553935"],"u":"3599963772","v":"5915591894","key":0,"oneway":false,"source":"OpenStreetMap"},"geometry":{"type":"LineString","coordinates":[[115.1379137,-2.5436765],[115.138149,-2.5438493],[115.1383361,-2.5440034],[115.1385527,-2.5441809],[115.1388283,-2.544404],[115.1390684,-2.5445815],[115.1393547,-2.5448173],[115.1394392,-2.5448923],[115.1395089,-2.5449593],[115.1395673,-2.5450203],[115.1397027,-2.5451697],[115.1398234,-2.5453077],[115.1400011,-2.5455093],[115.1402814,-2.5458188],[115.1404323,-2.5459916],[115.1407622,-2.5463567],[115.1409171,-2.5465282],[115.1413362,-2.5469778],[115.141513,-2.5471678],[115.1416419,-2.5473033],[115.1419397,-2.5476489],[115.1421154,-2.5478526],[115.1422991,-2.5480871],[115.1425298,-2.548418],[115.1427172,-2.5486876],[115.1428409,-2.5488621],[115.14309,-2.5492313],[115.1432613,-2.5494764],[115.1433525,-2.5496131],[115.1434202,-2.5497256],[115.143486,-2.5498536],[115.1435597,-2.5500049],[115.143602,-2.5501228],[115.1436898,-2.550364],[115.1437582,-2.5505375],[115.1438356,-2.5507575],[115.1439124,-2.550977],[115.1439969,-2.5512141],[115.1441002,-2.5515055],[115.1441786,-2.55174],[115.1442799,-2.552034],[115.1443315,-2.5522129],[115.1443758,-2.5523569],[115.1444026,-2.5524547],[115.144419,-2.5525231]]}},{"type":"Feature","properties":{"segmentId":"osm-gaul2-73682-3600657499-3599963757-0","regionId":"gaul2-73682","province":"Kalimantan Selatan","region":"Hulusungai Utara","roadName":"Jalan Mesjid","highway":"tertiary","lengthMeters":191.615,"osmWayIds":["354334193"],"u":"3600657499","v":"3599963757","key":0,"oneway":false,"source":"OpenStreetMap"},"geometry":{"type":"LineString","coordinates":[[115.1370406,-2.5374833],[115.13797,-2.538935]]}},{"type":"Feature","properties":{"segmentId":"osm-gaul2-73682-3600657499-3599963772-0","regionId":"gaul2-73682","province":"Kalimantan Selatan","region":"Hulusungai Utara","roadName":"Unnamed OSM road","highway":"tertiary","lengthMeters":879.835,"osmWayIds":["354334209"],"u":"3600657499","v":"3599963772","key":0,"oneway":false,"source":"OpenStreetMap"},"geometry":{"type":"LineString","coordinates":[[115.1370406,-2.5374833],[115.1368475,-2.5376488],[115.1365806,-2.5379033],[115.1364572,-2.53804],[115.1363607,-2.5381552],[115.1362655,-2.5382878],[115.1361555,-2.5384406],[115.1360388,-2.5386147],[115.1359396,-2.5387715],[115.1358926,-2.538872],[115.1358584,-2.5389484],[115.1358256,-2.5390374],[115.1357786,-2.5391828],[115.1356177,-2.5397308],[115.1355091,-2.5401595],[115.1354219,-2.5404811],[115.1353669,-2.5407035],[115.1353401,-2.5408241],[115.135315,-2.5409763],[115.1352992,-2.5411664],[115.1353019,-2.5412548],[115.1353139,-2.5413459],[115.1353374,-2.5414397],[115.1353662,-2.5415114],[115.1354172,-2.5416159],[115.1354836,-2.5417164],[115.1355312,-2.5417813],[115.135607,-2.5418771],[115.1356667,-2.5419428],[115.1357283,-2.5420111],[115.1358457,-2.542121],[115.1361414,-2.5423675],[115.1363526,-2.5425524],[115.1366685,-2.5427808],[115.1373544,-2.5432718],[115.1379137,-2.5436765]]}},{"type":"Feature","properties":{"segmentId":"osm-gaul2-73682-3600657499-5564409445-0","regionId":"gaul2-73682","province":"Kalimantan Selatan","region":"Hulusungai Utara","roadName":"Unnamed OSM road","highway":"tertiary","lengthMeters":926.857,"osmWayIds":["354334209"],"u":"3600657499","v":"5564409445","key":0,"oneway":false,"source":"OpenStreetMap"},"geometry":{"type":"LineString","coordinates":[[115.1370406,-2.5374833],[115.1371781,-2.5373708],[115.1373088,-2.5372743],[115.1374188,-2.5371999],[115.137628,-2.5370793],[115.1379673,-2.5368931],[115.1383898,-2.5366694],[115.1388511,-2.536447],[115.1391917,-2.5362915],[115.1398934,-2.535962],[115.1401104,-2.5358601],[115.14073,-2.5355667],[115.1413375,-2.5352398],[115.1415494,-2.5351246],[115.1419933,-2.534862],[115.1422347,-2.5347133],[115.1424211,-2.5345873],[115.1424707,-2.5345538],[115.1428033,-2.5343154],[115.1432231,-2.5340286],[115.1434242,-2.5338792],[115.1441994,-2.5332609]]}},{"type":"Feature","properties":{"segmentId":"osm-gaul2-73682-3637433797-2536130238-0","regionId":"gaul2-73682","province":"Kalimantan Selatan","region":"Hulusungai Utara","roadName":"Jalan Abdul Azis","highway":"primary","lengthMeters":401.556,"osmWayIds":["1237543808"],"u":"3637433797","v":"2536130238","key":0,"oneway":true,"source":"OpenStreetMap"},"geometry":{"type":"LineString","coordinates":[[115.2569887,-2.4190015],[115.2570719,-2.4190757],[115.2574249,-2.4193762],[115.2576783,-2.4195638],[115.2579284,-2.4197273],[115.2581347,-2.4198516],[115.258369,-2.4199577],[115.2584998,-2.4200033],[115.2586801,-2.4200348],[115.2588464,-2.4200354],[115.2590241,-2.4200133],[115.2591321,-2.4199859],[115.2593413,-2.4199202],[115.2597032,-2.4198042],[115.2599916,-2.4197091],[115.2600787,-2.4196809],[115.2602263,-2.4196377]]}},{"type":"Feature","properties":{"segmentId":"osm-gaul2-73682-3637433797-3637433798-0","regionId":"gaul2-73682","province":"Kalimantan Selatan","region":"Hulusungai Utara","roadName":"Unnamed OSM road","highway":"primary","lengthMeters":12.022,"osmWayIds":["553388501"],"u":"3637433797","v":"3637433798","key":0,"oneway":false,"source":"OpenStreetMap"},"geometry":{"type":"LineString","coordinates":[[115.2569887,-2.4190015],[115.2569009,-2.4190647]]}},{"type":"Feature","properties":{"segmentId":"osm-gaul2-73682-3637433798-2536128405-0","regionId":"gaul2-73682","province":"Kalimantan Selatan","region":"Hulusungai Utara","roadName":"Jalan Ahmad Yani","highway":"primary","lengthMeters":152.148,"osmWayIds":["246462634"],"u":"3637433798","v":"2536128405","key":0,"oneway":true,"source":"OpenStreetMap"},"geometry":{"type":"LineString","coordinates":[[115.2569009,-2.4190647],[115.2568589,-2.4191672],[115.2567235,-2.4192516],[115.2566001,-2.4193106],[115.2564445,-2.4193507],[115.2564351,-2.4193519],[115.2562769,-2.4193762],[115.2559671,-2.4194151],[115.2556492,-2.4194499]]}},{"type":"Feature","properties":{"segmentId":"osm-gaul2-73682-3637433798-3637433797-0","regionId":"gaul2-73682","province":"Kalimantan Selatan","region":"Hulusungai Utara","roadName":"Unnamed OSM road","highway":"primary","lengthMeters":12.022,"osmWayIds":["553388501"],"u":"3637433798","v":"3637433797","key":0,"oneway":false,"source":"OpenStreetMap"},"geometry":{"type":"LineString","coordinates":[[115.2569009,-2.4190647],[115.2569887,-2.4190015]]}},{"type":"Feature","properties":{"segmentId":"osm-gaul2-73682-3840357183-2536114972-0","regionId":"gaul2-73682","province":"Kalimantan Selatan","region":"Hulusungai Utara","roadName":"Unnamed OSM road","highway":"tertiary","lengthMeters":1798.847,"osmWayIds":["380711895"],"u":"3840357183","v":"2536114972","key":0,"oneway":false,"source":"OpenStreetMap"},"geometry":{"type":"LineString","coordinates":[[115.2157861,-2.4137461],[115.215838,-2.4136773],[115.2159185,-2.413556],[115.2163175,-2.4129464],[115.2164371,-2.4126215],[115.216596,-2.4122642],[115.2171225,-2.4114371],[115.2172448,-2.4111579],[115.2173697,-2.4109009],[115.2175396,-2.4105209],[115.2176801,-2.4103905],[115.2177231,-2.4103592],[115.2182086,-2.4099468],[115.2185485,-2.4097366],[115.219061,-2.4094671],[115.2194818,-2.4093],[115.2199647,-2.4091976],[115.2202317,-2.4091113],[115.2203581,-2.409058],[115.2208791,-2.4086882],[115.2213198,-2.4083126],[115.2215212,-2.4081572],[115.2222255,-2.4075226],[115.2226057,-2.4071412],[115.2228645,-2.4068932],[115.2237223,-2.4060362],[115.224483,-2.4052519],[115.2248229,-2.4048611],[115.2253796,-2.4041706],[115.225409,-2.4041341],[115.2256298,-2.4039311],[115.2258391,-2.4037387],[115.2267234,-2.4032677],[115.2272929,-2.4030356]]}},{"type":"Feature","properties":{"segmentId":"osm-gaul2-73682-3840357183-3599793272-0","regionId":"gaul2-73682","province":"Kalimantan Selatan","region":"Hulusungai Utara","roadName":"Jalan Veteran","highway":"secondary","lengthMeters":3874.398,"osmWayIds":["354337833"],"u":"3840357183","v":"3599793272","key":0,"oneway":false,"source":"OpenStreetMap"},"geometry":{"type":"LineString","coordinates":[[115.2157861,-2.4137461],[115.2158782,-2.4137898],[115.216095,-2.4140489],[115.2163888,-2.4144224],[115.216673,-2.4147921],[115.2167901,-2.4149166],[115.2169395,-2.4150571],[115.2170098,-2.4151068],[115.2171396,-2.4151697],[115.2176378,-2.4153869],[115.2178401,-2.415482],[115.2180043,-2.4155614],[115.2182179,-2.415675],[115.2183126,-2.4157425],[115.2186203,-2.4160203],[115.2187876,-2.4161659],[115.2188832,-2.4162141],[115.2189702,-2.4162403],[115.2191035,-2.4162673],[115.2195098,-2.4163496],[115.2197306,-2.416392],[115.219872,-2.4164192],[115.220098,-2.4164835],[115.2202839,-2.4165451],[115.2206696,-2.4166767],[115.2210051,-2.4167874],[115.221076,-2.4167948],[115.2211404,-2.416793],[115.2212044,-2.4167795],[115.2212715,-2.4167398],[115.2214669,-2.4166174],[115.2217576,-2.4164344],[115.2218294,-2.4163961],[115.22191,-2.416378],[115.2220508,-2.4163687],[115.2226624,-2.4164307],[115.2231444,-2.4165795],[115.2232234,-2.4165967],[115.2233216,-2.4166097],[115.2234083,-2.4166136],[115.2234975,-2.4166116],[115.2236047,-2.4165938],[115.2239432,-2.4165289],[115.224067,-2.4165138],[115.2241534,-2.4165116],[115.2242892,-2.4165228],[115.2245061,-2.4165693],[115.2248303,-2.4166836],[115.2251164,-2.4168037],[115.2252824,-2.4169428],[115.2255189,-2.4171257],[115.2256591,-2.4171756],[115.2257708,-2.4171868],[115.2258732,-2.4171665],[115.2259995,-2.4171208],[115.2261006,-2.4170426],[115.2262261,-2.4168728],[115.2263313,-2.4167596],[115.2264742,-2.4166478],[115.2266361,-2.4165791],[115.226748,-2.4165588],[115.226835,-2.4165881],[115.227307,-2.4168279],[115.2276132,-2.4169082],[115.2278116,-2.4169044],[115.2283066,-2.4168102],[115.2284206,-2.4167989],[115.2285428,-2.416813],[115.2286585,-2.4168472],[115.2288302,-2.4169845],[115.2290667,-2.417297],[115.2291678,-2.4173797],[115.2292689,-2.4174509],[115.2293912,-2.4174938],[115.2294766,-2.4175237],[115.22983,-2.4176369],[115.229919,-2.4176714],[115.2299784,-2.4177312],[115.2301186,-2.4179899],[115.2303824,-2.4184828],[115.2305558,-2.4188727],[115.230659,-2.4192233],[115.2307039,-2.4194426],[115.2308428,-2.4198626],[115.2309526,-2.4201376],[115.2309685,-2.4201773],[115.2311095,-2.4205304],[115.2312902,-2.4209697],[115.2314116,-2.4212203],[115.2315842,-2.4214117],[115.2318567,-2.4215815],[115.2321993,-2.4217459],[115.2326848,-2.4218941],[115.2329296,-2.4219555],[115.2332,-2.4218348],[115.2335318,-2.4216596],[115.2338871,-2.4214276],[115.2340601,-2.4213191],[115.2341755,-2.4212601],[115.2342533,-2.4212373],[115.2343277,-2.4212313],[115.2345322,-2.4212561],[115.2347307,-2.4213164],[115.2349117,-2.4214008],[115.2352286,-2.4216408],[115.2354687,-2.4218321],[115.2357087,-2.421975],[115.2360351,-2.422169],[115.2363103,-2.422355],[115.2365247,-2.4225616],[115.2368363,-2.4228617],[115.2370395,-2.4230464],[115.2373016,-2.4232847],[115.2373929,-2.4233719],[115.2376932,-2.4236585],[115.2378823,-2.4238448],[115.2380995,-2.4240471],[115.2381626,-2.4241007],[115.238298,-2.4241758],[115.2387325,-2.4243955],[115.2387633,-2.4244127],[115.2389444,-2.424516],[115.2391738,-2.4246474],[115.2393736,-2.4248189],[115.2394036,-2.4248544],[115.2397072,-2.4252817],[115.2399594,-2.425714],[115.2401065,-2.426163],[115.2402225,-2.426396],[115.2402614,-2.4264522],[115.2403942,-2.4265929],[115.2404599,-2.4266398],[115.2406356,-2.426743],[115.2408779,-2.4268476],[115.2412833,-2.4270364],[115.2416005,-2.4271886],[115.2419291,-2.4273687],[115.2423683,-2.4276407],[115.2426472,-2.427831],[115.242725,-2.4279074],[115.2429554,-2.4282456],[115.2430756,-2.4283817]]}},{"type":"Feature","properties":{"segmentId":"osm-gaul2-73682-3840357183-3840359249-0","regionId":"gaul2-73682","province":"Kalimantan Selatan","region":"Hulusungai Utara","roadName":"Jalan Gaya Baru","highway":"secondary","lengthMeters":2237.126,"osmWayIds":["404526771"],"u":"3840357183","v":"3840359249","key":0,"oneway":false,"source":"OpenStreetMap"},"geometry":{"type":"LineString","coordinates":[[115.2157861,-2.4137461],[115.2157328,-2.4137782],[115.215274,-2.4139325],[115.2150162,-2.4140065],[115.214715,-2.4140753],[115.2146137,-2.4141168],[115.2142819,-2.4143096],[115.2139011,-2.4145772],[115.2138043,-2.4146453],[115.2136557,-2.414822],[115.2135581,-2.4150089],[115.2132791,-2.4155478],[115.213163,-2.4157019],[115.2130555,-2.4157978],[115.212896,-2.4158657],[115.2126709,-2.4160244],[115.2126433,-2.4161094],[115.2126357,-2.4162079],[115.2127179,-2.4166355],[115.2128339,-2.4172257],[115.2128528,-2.4175841],[115.2127773,-2.4180207],[115.2125641,-2.4186756],[115.2124886,-2.418894],[115.2124013,-2.4190131],[115.2122672,-2.4191149],[115.2121519,-2.4191524],[115.2120526,-2.4191645],[115.2119493,-2.4191565],[115.2115028,-2.4190546],[115.2112158,-2.4189997],[115.2110481,-2.4190091],[115.2108926,-2.4190426],[115.2107424,-2.4191029],[115.21056,-2.4191993],[115.2102091,-2.4194126],[115.2097843,-2.4196688],[115.209707,-2.4197192],[115.2096292,-2.4197739],[115.2095649,-2.4198385],[115.2095072,-2.4198948],[115.2094522,-2.4199564],[115.2093999,-2.4200191],[115.2092014,-2.4203088],[115.2090982,-2.4204535],[115.2089886,-2.4205986],[115.2088742,-2.4207858],[115.2088179,-2.4208782],[115.2087633,-2.4209612],[115.2086999,-2.4210471],[115.2086364,-2.4211337],[115.2086006,-2.4211717],[115.2085657,-2.4212012],[115.2084963,-2.4212495],[115.2082871,-2.4213828],[115.2081527,-2.4214732],[115.2080673,-2.4215364],[115.2079609,-2.4216299],[115.2078515,-2.4217455],[115.2077758,-2.4218269],[115.2077194,-2.4219071],[115.207625,-2.4220606],[115.2076082,-2.4221177],[115.2076088,-2.4221739],[115.2076203,-2.4222262],[115.2076385,-2.4222898],[115.2076645,-2.4223401],[115.2077021,-2.4223789],[115.2077788,-2.4224542],[115.2078496,-2.4225223],[115.2079113,-2.4225866],[115.2079971,-2.4226643],[115.2080701,-2.4227399],[115.2081272,-2.422809],[115.2081686,-2.4228827],[115.2081889,-2.4229605],[115.2081915,-2.4230363],[115.2081862,-2.4231052],[115.2081699,-2.4231684],[115.2080593,-2.4234325],[115.2079716,-2.4235983],[115.2078893,-2.4237666],[115.2078094,-2.4239413],[115.2077705,-2.424027],[115.2077383,-2.4241144],[115.2077101,-2.4241999],[115.2077005,-2.4242868],[115.2076954,-2.424433],[115.2077059,-2.4245779],[115.2077517,-2.4248698],[115.2077812,-2.4250159],[115.207803,-2.4251574],[115.2078134,-2.4253066],[115.2078125,-2.4254578],[115.2078027,-2.425592],[115.2077896,-2.4257152],[115.2077879,-2.4257783],[115.2077933,-2.4258346],[115.2078013,-2.4258922],[115.2078165,-2.425947],[115.2078684,-2.4260811],[115.2079351,-2.4262165],[115.2080266,-2.4263732],[115.2080722,-2.4264509],[115.2081146,-2.4265251],[115.2081755,-2.4266546],[115.2082144,-2.4267757],[115.2082439,-2.4269078],[115.2082559,-2.4269802],[115.2082589,-2.427052],[115.2082546,-2.4271195],[115.2082492,-2.4271825],[115.2082425,-2.4272455],[115.2082293,-2.4273],[115.208213,-2.4273419],[115.2081956,-2.4273768],[115.2081768,-2.4274103],[115.2081537,-2.4274428],[115.2081205,-2.4274733],[115.208087,-2.4274934],[115.2080481,-2.4275161],[115.2080108,-2.4275317],[115.2078717,-2.4275657],[115.2077363,-2.4276031],[115.2074452,-2.4276836],[115.2073004,-2.4277278],[115.2072293,-2.4277513],[115.2071584,-2.4277688]]}},{"type":"Feature","properties":{"segmentId":"osm-gaul2-73682-3840359249-3599797012-0","regionId":"gaul2-73682","province":"Kalimantan Selatan","region":"Hulusungai Utara","roadName":"Jalan Pulau Indah","highway":"tertiary","lengthMeters":3953.041,"osmWayIds":["380711898","380711902","665470473","665470474","665470475","665470476","665470477","665470478"],"u":"3840359249","v":"3599797012","key":0,"oneway":false,"source":"OpenStreetMap"},"geometry":{"type":"LineString","coordinates":[[115.2071584,-2.4277688],[115.2071814,-2.4278689],[115.207231,-2.428069],[115.2072662,-2.4282075],[115.2073064,-2.4283375],[115.2073494,-2.4284648],[115.2073984,-2.4285858],[115.2074754,-2.428773],[115.207517,-2.4288708],[115.207559,-2.4289571],[115.2076417,-2.4291173],[115.2076806,-2.4291977],[115.2077303,-2.4292725],[115.2077731,-2.4293223],[115.2078291,-2.4293709],[115.2080503,-2.4295125],[115.208158,-2.4295823],[115.2082594,-2.4296512],[115.208331,-2.4297136],[115.2083942,-2.4297846],[115.2084517,-2.429873],[115.2084967,-2.4299652],[115.2085209,-2.430029],[115.2085224,-2.4300838],[115.2085201,-2.4301624],[115.2085116,-2.4302415],[115.2084866,-2.4303634],[115.2084575,-2.4304827],[115.2083445,-2.4307895],[115.2082868,-2.4309436],[115.2082243,-2.4310877],[115.2080268,-2.431563],[115.2080038,-2.4316323],[115.207996,-2.4317038],[115.2080038,-2.4317797],[115.208023,-2.4318412],[115.2080628,-2.4319298],[115.2081046,-2.432011],[115.208212,-2.4322094],[115.2082345,-2.4322513],[115.208268,-2.4322909],[115.2083103,-2.4323223],[115.2084276,-2.4323679],[115.208553,-2.4324072],[115.208665,-2.4324443],[115.2087783,-2.4324854],[115.2088755,-2.4325381],[115.208963,-2.4325999],[115.2091061,-2.4327495],[115.2091947,-2.4328436],[115.209272,-2.4329354],[115.2093476,-2.4330231],[115.2094149,-2.4331187],[115.2095928,-2.4333855],[115.2096815,-2.4335108],[115.2097655,-2.4336402],[115.2099203,-2.4338257],[115.2100811,-2.4340122],[115.2101442,-2.4340937],[115.210216,-2.4341886],[115.2102569,-2.4342598],[115.210297,-2.4343315],[115.210328,-2.4343952],[115.2103617,-2.4344568],[115.2104291,-2.4346643],[115.2104359,-2.434756],[115.2103732,-2.4352684],[115.2103575,-2.4353934],[115.2103572,-2.4355513],[115.2103756,-2.4357699],[115.2104554,-2.4360741],[115.2105077,-2.4362322],[115.2105841,-2.4363809],[115.2106512,-2.4365149],[115.2107048,-2.4366194],[115.210745,-2.4367185],[115.2108899,-2.4371567],[115.2110318,-2.4374986],[115.2112961,-2.4380726],[115.2114918,-2.4385536],[115.2115552,-2.4386859],[115.2116087,-2.4387458],[115.2116765,-2.4387976],[115.2118545,-2.4388864],[115.2122173,-2.4389767],[115.2128001,-2.4390886],[115.2132734,-2.4391707],[115.2137941,-2.4392152],[115.2138913,-2.4392268],[115.2140085,-2.4392651],[115.2140989,-2.4393258],[115.2141166,-2.4393903],[115.2141163,-2.4394617],[115.214084,-2.4395575],[115.2139558,-2.4398137],[115.2138479,-2.4399982],[115.213589,-2.4403499],[115.2135135,-2.440517],[115.2134822,-2.4406471],[115.2135037,-2.4407623],[115.2135386,-2.4408508],[115.2135882,-2.4409271],[115.2136901,-2.4410196],[115.2138557,-2.4411268],[115.2139302,-2.4411676],[115.2140334,-2.4412219],[115.2140941,-2.4412611],[115.2144738,-2.441556],[115.2149737,-2.4419647],[115.2152328,-2.442255],[115.2155704,-2.4427085],[115.2158623,-2.4431316],[115.2166044,-2.4442038],[115.2169318,-2.4446461],[115.2172065,-2.4449967],[115.2173346,-2.4450872],[115.2176081,-2.4452192],[115.2182638,-2.4455532],[115.2185744,-2.4456971],[115.2188261,-2.4458272],[115.2191694,-2.4460654],[115.2197016,-2.4464732],[115.2200912,-2.4467463],[115.2204684,-2.4470221],[115.2213191,-2.4476376],[115.222248,-2.4483408],[115.2227658,-2.4487273],[115.222935,-2.448855],[115.223281,-2.449103],[115.2235419,-2.4492797],[115.2242572,-2.4498323],[115.2243691,-2.4499187],[115.225068,-2.4504776],[115.2256006,-2.4508689],[115.226261,-2.451354],[115.2267953,-2.4517634],[115.2270032,-2.4518873],[115.2274553,-2.4520855],[115.2277864,-2.452238]]}},{"type":"Feature","properties":{"segmentId":"osm-gaul2-73682-3840359249-3840357183-0","regionId":"gaul2-73682","province":"Kalimantan Selatan","region":"Hulusungai Utara","roadName":"Jalan Gaya Baru","highway":"secondary","lengthMeters":2237.126,"osmWayIds":["404526771"],"u":"3840359249","v":"3840357183","key":0,"oneway":false,"source":"OpenStreetMap"},"geometry":{"type":"LineString","coordinates":[[115.2071584,-2.4277688],[115.2072293,-2.4277513],[115.2073004,-2.4277278],[115.2074452,-2.4276836],[115.2077363,-2.4276031],[115.2078717,-2.4275657],[115.2080108,-2.4275317],[115.2080481,-2.4275161],[115.208087,-2.4274934],[115.2081205,-2.4274733],[115.2081537,-2.4274428],[115.2081768,-2.4274103],[115.2081956,-2.4273768],[115.208213,-2.4273419],[115.2082293,-2.4273],[115.2082425,-2.4272455],[115.2082492,-2.4271825],[115.2082546,-2.4271195],[115.2082589,-2.427052],[115.2082559,-2.4269802],[115.2082439,-2.4269078],[115.2082144,-2.4267757],[115.2081755,-2.4266546],[115.2081146,-2.4265251],[115.2080722,-2.4264509],[115.2080266,-2.4263732],[115.2079351,-2.4262165],[115.2078684,-2.4260811],[115.2078165,-2.425947],[115.2078013,-2.4258922],[115.2077933,-2.4258346],[115.2077879,-2.4257783],[115.2077896,-2.4257152],[115.2078027,-2.425592],[115.2078125,-2.4254578],[115.2078134,-2.4253066],[115.207803,-2.4251574],[115.2077812,-2.4250159],[115.2077517,-2.4248698],[115.2077059,-2.4245779],[115.2076954,-2.424433],[115.2077005,-2.4242868],[115.2077101,-2.4241999],[115.2077383,-2.4241144],[115.2077705,-2.424027],[115.2078094,-2.4239413],[115.2078893,-2.4237666],[115.2079716,-2.4235983],[115.2080593,-2.4234325],[115.2081699,-2.4231684],[115.2081862,-2.4231052],[115.2081915,-2.4230363],[115.2081889,-2.4229605],[115.2081686,-2.4228827],[115.2081272,-2.422809],[115.2080701,-2.4227399],[115.2079971,-2.4226643],[115.2079113,-2.4225866],[115.2078496,-2.4225223],[115.2077788,-2.4224542],[115.2077021,-2.4223789],[115.2076645,-2.4223401],[115.2076385,-2.4222898],[115.2076203,-2.4222262],[115.2076088,-2.4221739],[115.2076082,-2.4221177],[115.207625,-2.4220606],[115.2077194,-2.4219071],[115.2077758,-2.4218269],[115.2078515,-2.4217455],[115.2079609,-2.4216299],[115.2080673,-2.4215364],[115.2081527,-2.4214732],[115.2082871,-2.4213828],[115.2084963,-2.4212495],[115.2085657,-2.4212012],[115.2086006,-2.4211717],[115.2086364,-2.4211337],[115.2086999,-2.4210471],[115.2087633,-2.4209612],[115.2088179,-2.4208782],[115.2088742,-2.4207858],[115.2089886,-2.4205986],[115.2090982,-2.4204535],[115.2092014,-2.4203088],[115.2093999,-2.4200191],[115.2094522,-2.4199564],[115.2095072,-2.4198948],[115.2095649,-2.4198385],[115.2096292,-2.4197739],[115.209707,-2.4197192],[115.2097843,-2.4196688],[115.2102091,-2.4194126],[115.21056,-2.4191993],[115.2107424,-2.4191029],[115.2108926,-2.4190426],[115.2110481,-2.4190091],[115.2112158,-2.4189997],[115.2115028,-2.4190546],[115.2119493,-2.4191565],[115.2120526,-2.4191645],[115.2121519,-2.4191524],[115.2122672,-2.4191149],[115.2124013,-2.4190131],[115.2124886,-2.418894],[115.2125641,-2.4186756],[115.2127773,-2.4180207],[115.2128528,-2.4175841],[115.2128339,-2.4172257],[115.2127179,-2.4166355],[115.2126357,-2.4162079],[115.2126433,-2.4161094],[115.2126709,-2.4160244],[115.212896,-2.4158657],[115.2130555,-2.4157978],[115.213163,-2.4157019],[115.2132791,-2.4155478],[115.2135581,-2.4150089],[115.2136557,-2.414822],[115.2138043,-2.4146453],[115.2139011,-2.4145772],[115.2142819,-2.4143096],[115.2146137,-2.4141168],[115.214715,-2.4140753],[115.2150162,-2.4140065],[115.215274,-2.4139325],[115.2157328,-2.4137782],[115.2157861,-2.4137461]]}},{"type":"Feature","properties":{"segmentId":"osm-gaul2-73682-3840359249-4068071708-0","regionId":"gaul2-73682","province":"Kalimantan Selatan","region":"Hulusungai Utara","roadName":"Jalan Gaya Baru","highway":"secondary","lengthMeters":2085.364,"osmWayIds":["380711904","380777570","404526771"],"u":"3840359249","v":"4068071708","key":0,"oneway":false,"source":"OpenStreetMap"},"geometry":{"type":"LineString","coordinates":[[115.2071584,-2.4277688],[115.2070939,-2.4277821],[115.2070302,-2.4277921],[115.2069564,-2.4278002],[115.2068858,-2.427807],[115.2067761,-2.4278118],[115.2063498,-2.4278165],[115.2059216,-2.4278089],[115.205856,-2.4278143],[115.2057919,-2.427828],[115.2055694,-2.4279088],[115.2054678,-2.4279576],[115.2053646,-2.4280128],[115.2051184,-2.4281586],[115.2049964,-2.428233],[115.204934,-2.4282718],[115.2049032,-2.4282899],[115.2048725,-2.4283044],[115.2047483,-2.428365],[115.204619,-2.4284226],[115.204348,-2.4285204],[115.2040803,-2.4286145],[115.2038839,-2.4286906],[115.2037867,-2.4287307],[115.2037324,-2.4287529],[115.2036914,-2.4287732],[115.2035446,-2.4288554],[115.2034036,-2.4289408],[115.2032442,-2.429049],[115.2031671,-2.4291039],[115.2030919,-2.4291619],[115.2028701,-2.4293391],[115.2026509,-2.4295202],[115.2024885,-2.4296693],[115.2023307,-2.429823],[115.2021341,-2.4300261],[115.2020828,-2.4300827],[115.2020486,-2.4301155],[115.2020139,-2.4301428],[115.201936,-2.4301932],[115.2018512,-2.4302341],[115.2017261,-2.430277],[115.2016617,-2.4302944],[115.2015978,-2.4303113],[115.2014773,-2.4303292],[115.201417,-2.4303359],[115.201358,-2.4303376],[115.2011541,-2.4303326],[115.2009501,-2.4303266],[115.2008061,-2.4303219],[115.2006628,-2.4303187],[115.200556,-2.4303219],[115.2005017,-2.4303259],[115.2004755,-2.4303306],[115.2004492,-2.4303378],[115.2003495,-2.4303802],[115.2002439,-2.4304245],[115.1995222,-2.430717],[115.1992786,-2.430821],[115.1990339,-2.4309228],[115.1988019,-2.4310828],[115.1986878,-2.4311771],[115.1985762,-2.4312735],[115.1985142,-2.4313191],[115.1984498,-2.4313606],[115.1983217,-2.4314457],[115.1957797,-2.4329521],[115.1944962,-2.4336944],[115.1938552,-2.4340669],[115.1932217,-2.4344358],[115.1923169,-2.434978],[115.1918663,-2.4352433],[115.1916383,-2.4353773],[115.1915257,-2.4354416],[115.1914241,-2.4355121],[115.1912467,-2.4356493],[115.1910791,-2.4357887],[115.190749,-2.4360802]]}},{"type":"Feature","properties":{"segmentId":"osm-gaul2-73682-4061128323-2528780052-0","regionId":"gaul2-73682","province":"Kalimantan Selatan","region":"Hulusungai Utara","roadName":"Jalan Poros Amuntai-Tanjung","highway":"trunk","lengthMeters":10.516,"osmWayIds":["564210783"],"u":"4061128323","v":"2528780052","key":0,"oneway":false,"source":"OpenStreetMap"},"geometry":{"type":"LineString","coordinates":[[115.2624334,-2.4003718],[115.2624262,-2.4002775]]}},{"type":"Feature","properties":{"segmentId":"osm-gaul2-73682-4061128323-2536518728-0","regionId":"gaul2-73682","province":"Kalimantan Selatan","region":"Hulusungai Utara","roadName":"Jalan Poros Amuntai-Tanjung","highway":"trunk","lengthMeters":1811.862,"osmWayIds":["564210783"],"u":"4061128323","v":"2536518728","key":0,"oneway":false,"source":"OpenStreetMap"},"geometry":{"type":"LineString","coordinates":[[115.2624334,-2.4003718],[115.2625117,-2.4011841],[115.2625465,-2.4015901],[115.2625599,-2.4020471],[115.2625479,-2.4022722],[115.2625224,-2.4027492],[115.2624768,-2.4030239],[115.2624071,-2.4031967],[115.262344,-2.4033213],[115.2621938,-2.403485],[115.2621509,-2.4035317],[115.2619028,-2.4037608],[115.2617911,-2.4038649],[115.2615863,-2.4040245],[115.2615313,-2.4040703],[115.26107,-2.4043557],[115.2609886,-2.404412],[115.2605912,-2.4046867],[115.260437,-2.404818],[115.2602549,-2.4050059],[115.2600312,-2.4052523],[115.2594103,-2.4059362],[115.2592072,-2.4061579],[115.2590315,-2.4063857],[115.2589805,-2.4064969],[115.2589309,-2.4066778],[115.2589054,-2.4067917],[115.2589028,-2.4070503],[115.2589046,-2.4071085],[115.2589188,-2.4075113],[115.2589336,-2.4080218],[115.2589296,-2.4083367],[115.2589068,-2.4087199],[115.2588679,-2.4089209],[115.2588466,-2.40901],[115.2588156,-2.4091393],[115.258775,-2.409291],[115.2586922,-2.4096002],[115.2585568,-2.4100156],[115.2585179,-2.4101442],[115.258361,-2.4104658],[115.2582107,-2.4107311],[115.2580927,-2.4108758],[115.2580002,-2.410975],[115.2578956,-2.4110674],[115.2577642,-2.4111478],[115.2572532,-2.4114466],[115.2572005,-2.4114794],[115.2560547,-2.4121917],[115.2558933,-2.4122921],[115.2555527,-2.4125319],[115.2553301,-2.4127222],[115.2551651,-2.412887],[115.2550053,-2.4130638],[115.2548151,-2.4132742]]}},{"type":"Feature","properties":{"segmentId":"osm-gaul2-73682-4061128323-2536518730-0","regionId":"gaul2-73682","province":"Kalimantan Selatan","region":"Hulusungai Utara","roadName":"Jalan Lingkar Bayur-Panangkalaan","highway":"secondary","lengthMeters":2181.641,"osmWayIds":["403804680"],"u":"4061128323","v":"2536518730","key":0,"oneway":true,"source":"OpenStreetMap"},"geometry":{"type":"LineString","coordinates":[[115.2624334,-2.4003718],[115.2616736,-2.4004071],[115.2614862,-2.4004548],[115.2611003,-2.4006636],[115.2608496,-2.4007299],[115.2606038,-2.4007618],[115.2595124,-2.4005039],[115.2590994,-2.4004646],[115.2584824,-2.4004695],[115.2580793,-2.400526],[115.2579038,-2.4005961],[115.2577327,-2.4007274],[115.2569953,-2.4013365],[115.2549739,-2.4031213],[115.2533521,-2.4043443],[115.2531818,-2.4044763],[115.2531184,-2.4046063],[115.2530845,-2.4048132],[115.2525157,-2.4081721],[115.2520044,-2.4102007],[115.2514755,-2.4119949],[115.251175,-2.4130937]]}},{"type":"Feature","properties":{"segmentId":"osm-gaul2-73682-4061128371-2536192225-0","regionId":"gaul2-73682","province":"Kalimantan Selatan","region":"Hulusungai Utara","roadName":"Jalan Empu Jatmika","highway":"tertiary","lengthMeters":395.844,"osmWayIds":["246603422","246642353","403804683","403804684"],"u":"4061128371","v":"2536192225","key":0,"oneway":false,"source":"OpenStreetMap"},"geometry":{"type":"LineString","coordinates":[[115.2511468,-2.4130915],[115.2510868,-2.4134672],[115.2510779,-2.4135057],[115.2510327,-2.4137037],[115.2510218,-2.4137894],[115.251005,-2.4138839],[115.2509755,-2.4140326],[115.2509411,-2.4141226],[115.2509153,-2.41419],[115.2509017,-2.4142256],[115.2507797,-2.4143904],[115.2506576,-2.414511],[115.2504444,-2.414724],[115.2500689,-2.4150644],[115.2491722,-2.4158806]]}},{"type":"Feature","properties":{"segmentId":"osm-gaul2-73682-4061128371-2536518722-0","regionId":"gaul2-73682","province":"Kalimantan Selatan","region":"Hulusungai Utara","roadName":"Unnamed OSM road","highway":"tertiary","lengthMeters":2.715,"osmWayIds":["403804690"],"u":"4061128371","v":"2536518722","key":0,"oneway":false,"source":"OpenStreetMap"},"geometry":{"type":"LineString","coordinates":[[115.2511468,-2.4130915],[115.2511225,-2.4130889]]}},{"type":"Feature","properties":{"segmentId":"osm-gaul2-73682-4061128371-2536518730-0","regionId":"gaul2-73682","province":"Kalimantan Selatan","region":"Hulusungai Utara","roadName":"Unnamed OSM road","highway":"tertiary","lengthMeters":3.142,"osmWayIds":["403804690"],"u":"4061128371","v":"2536518730","key":0,"oneway":false,"source":"OpenStreetMap"},"geometry":{"type":"LineString","coordinates":[[115.2511468,-2.4130915],[115.251175,-2.4130937]]}},{"type":"Feature","properties":{"segmentId":"osm-gaul2-73682-4061648676-2536527725-0","regionId":"gaul2-73682","province":"Kalimantan Selatan","region":"Hulusungai Utara","roadName":"Jalan Waringin","highway":"tertiary","lengthMeters":2864.694,"osmWayIds":["1061070371","403865313"],"u":"4061648676","v":"2536527725","key":0,"oneway":false,"source":"OpenStreetMap"},"geometry":{"type":"LineString","coordinates":[[115.248934,-2.3546167],[115.2490024,-2.3548363],[115.2494203,-2.355913],[115.2496585,-2.3565411],[115.2498664,-2.35719],[115.2498934,-2.3573391],[115.2499026,-2.3574254],[115.2499366,-2.3579655],[115.2499368,-2.3580427],[115.2499482,-2.3581732],[115.2499495,-2.3583581],[115.2499438,-2.3584796],[115.2499185,-2.3586515],[115.2498682,-2.3589935],[115.249812,-2.3593023],[115.2497384,-2.3595696],[115.2496759,-2.3597967],[115.2496044,-2.3599783],[115.2495172,-2.3602122],[115.249168,-2.3610123],[115.2489732,-2.361363],[115.2488445,-2.3616152],[115.2485366,-2.3622412],[115.2483381,-2.3626263],[115.2479986,-2.3632683],[115.2478357,-2.3635605],[115.2473238,-2.364527],[115.247215,-2.3647899],[115.247109,-2.3650777],[115.2469589,-2.3654513],[115.2468634,-2.3657524],[115.2466456,-2.3664228],[115.2464363,-2.3672012],[115.2462843,-2.3678557],[115.2462239,-2.3680146],[115.2461703,-2.3681572],[115.2461108,-2.368265],[115.2460097,-2.3684417],[115.2453784,-2.3693777],[115.2451818,-2.3696675],[115.2449673,-2.369938],[115.2448133,-2.3700879],[115.2446654,-2.3701586],[115.2445216,-2.3702143],[115.2437349,-2.370236],[115.2425132,-2.3702256],[115.2421805,-2.3701965],[115.2419145,-2.3701732],[115.2417242,-2.3701691],[115.2416976,-2.3701748],[115.24137,-2.3702451],[115.2410675,-2.3703207],[115.2405673,-2.3704945],[115.240192,-2.370625],[115.2396417,-2.3709079],[115.2393687,-2.3710772],[115.2391837,-2.3712283],[115.2391129,-2.3713237],[115.2390585,-2.3714145],[115.2390323,-2.371496],[115.2389365,-2.372059],[115.2388976,-2.3720989],[115.2388532,-2.3720998],[115.238646,-2.3720585],[115.2386051,-2.3720592],[115.2385801,-2.3720636],[115.2385575,-2.3721014],[115.2385086,-2.3722253],[115.2384818,-2.3723084],[115.2384576,-2.3723902],[115.2383786,-2.3726868],[115.2383104,-2.3730743],[115.2382746,-2.3732234],[115.2381807,-2.3734687],[115.2380821,-2.373752]]}},{"type":"Feature","properties":{"segmentId":"osm-gaul2-73682-4061648676-3598802605-0","regionId":"gaul2-73682","province":"Kalimantan Selatan","region":"Hulusungai Utara","roadName":"Unnamed OSM road","highway":"tertiary","lengthMeters":2255.918,"osmWayIds":["1293545739","1293545740","354102074"],"u":"4061648676","v":"3598802605","key":0,"oneway":false,"source":"OpenStreetMap"},"geometry":{"type":"LineString","coordinates":[[115.248934,-2.3546167],[115.249356,-2.354722],[115.2501901,-2.3549674],[115.2504417,-2.3550403],[115.2506374,-2.3551142],[115.2512792,-2.3554511],[115.2520464,-2.355911],[115.2527259,-2.3563071],[115.2534964,-2.356753],[115.2543524,-2.3572638],[115.2545589,-2.3574013],[115.254741,-2.3575592],[115.2548016,-2.3576081],[115.2551258,-2.3579082],[115.2555768,-2.3583723],[115.256402,-2.3592853],[115.2566708,-2.3595743],[115.2570233,-2.3599502],[115.2571719,-2.3600778],[115.2574025,-2.3601988],[115.2578985,-2.3603858],[115.2588185,-2.3606317],[115.2590945,-2.3607057],[115.259494,-2.3608149],[115.2596323,-2.3608517],[115.2604723,-2.36106],[115.2610378,-2.3611921],[115.2614923,-2.3612889],[115.2618934,-2.3613274],[115.2621276,-2.361358],[115.2622984,-2.3613824],[115.2624842,-2.3614271],[115.2628537,-2.3615955],[115.2634566,-2.3619474],[115.2638463,-2.3621869],[115.264213,-2.3624916],[115.2643852,-2.3626594],[115.2645371,-2.3628478],[115.2646797,-2.3630983],[115.2647969,-2.3633173],[115.2649053,-2.3635445],[115.2649706,-2.3637025],[115.2649908,-2.3637682],[115.2650101,-2.3638312],[115.2650202,-2.363941],[115.2650182,-2.364142],[115.2649954,-2.3644268],[115.2649726,-2.3646398],[115.2649041,-2.3649457]]}},{"type":"Feature","properties":{"segmentId":"osm-gaul2-73682-4061678951-2536114919-0","regionId":"gaul2-73682","province":"Kalimantan Selatan","region":"Hulusungai Utara","roadName":"Unnamed OSM road","highway":"tertiary","lengthMeters":1654.851,"osmWayIds":["403865312"],"u":"4061678951","v":"2536114919","key":0,"oneway":false,"source":"OpenStreetMap"},"geometry":{"type":"LineString","coordinates":[[115.2481885,-2.4092528],[115.2478789,-2.4092424],[115.2475597,-2.4092223],[115.2472606,-2.4092022],[115.247101,-2.4091728],[115.2467615,-2.4090935],[115.2466987,-2.4090804],[115.2462454,-2.4089858],[115.2461034,-2.4089596],[115.2460389,-2.4089477],[115.2457812,-2.4089255],[115.245603,-2.4089101],[115.2452785,-2.4089142],[115.2449901,-2.4089329],[115.2445167,-2.4089624],[115.2442387,-2.4089759],[115.2441291,-2.4089812],[115.2439159,-2.4089691],[115.243811,-2.408942],[115.2437966,-2.4089383],[115.2436478,-2.4088898],[115.2435994,-2.408874],[115.2431247,-2.4086998],[115.2426871,-2.4085842],[115.2425668,-2.4085524],[115.2424192,-2.4085202],[115.2422557,-2.4085179],[115.2420774,-2.4085395],[115.2420156,-2.408547],[115.2419204,-2.4085671],[115.2418385,-2.4085778],[115.2417541,-2.4085671],[115.2416186,-2.4085135],[115.2414724,-2.4084613],[115.2411921,-2.4083018],[115.2410406,-2.408212],[115.2408448,-2.4080981],[115.2407241,-2.4080526],[115.2393937,-2.4076077],[115.2391805,-2.4075515],[115.2386025,-2.4074188],[115.2383731,-2.4073558],[115.238329,-2.4073398],[115.2381478,-2.4072741],[115.2378662,-2.4071495],[115.2371956,-2.4068319],[115.2371031,-2.4068145],[115.2369931,-2.4068266],[115.2369488,-2.4068411],[115.2369033,-2.406856],[115.2367973,-2.4069003],[115.2361209,-2.4072856],[115.2355035,-2.4077436],[115.2352102,-2.4080429],[115.2345314,-2.4088766]]}},{"type":"Feature","properties":{"segmentId":"osm-gaul2-73682-4061678951-2536114974-0","regionId":"gaul2-73682","province":"Kalimantan Selatan","region":"Hulusungai Utara","roadName":"Jalan Sukma Raga","highway":"tertiary","lengthMeters":1024.54,"osmWayIds":["246591390","246603699"],"u":"4061678951","v":"2536114974","key":0,"oneway":false,"source":"OpenStreetMap"},"geometry":{"type":"LineString","coordinates":[[115.2481885,-2.4092528],[115.2484596,-2.4096578],[115.2485669,-2.409832],[115.2487385,-2.4101496],[115.2488552,-2.410384],[115.24887,-2.4104309],[115.2488807,-2.41051],[115.2489249,-2.4107793],[115.2489249,-2.4108276],[115.2489115,-2.4108731],[115.2488726,-2.4108999],[115.2483255,-2.4109723],[115.2479473,-2.4110419],[115.2478722,-2.4110781],[115.2477917,-2.4111357],[115.2476831,-2.4112389],[115.2471024,-2.4118419],[115.2463312,-2.4126083],[115.2463098,-2.4126431],[115.2461193,-2.4128294],[115.2459316,-2.413013],[115.2458632,-2.4131041],[115.2458216,-2.4131979],[115.2458042,-2.4132662],[115.2458069,-2.4133319],[115.2458189,-2.4134029],[115.2458283,-2.4135034],[115.2458806,-2.4139522],[115.245937,-2.4144775],[115.2460442,-2.4155642],[115.2461674,-2.4165526]]}},{"type":"Feature","properties":{"segmentId":"osm-gaul2-73682-4061678951-5913486461-0","regionId":"gaul2-73682","province":"Kalimantan Selatan","region":"Hulusungai Utara","roadName":"Unnamed OSM road","highway":"tertiary","lengthMeters":1084.704,"osmWayIds":["246603699","770226781","770226782"],"u":"4061678951","v":"5913486461","key":0,"oneway":false,"source":"OpenStreetMap"},"geometry":{"type":"LineString","coordinates":[[115.2481885,-2.4092528],[115.2478226,-2.4089463],[115.2476938,-2.4088151],[115.2476509,-2.4087681],[115.2475825,-2.4086381],[115.2474417,-2.4083567],[115.24738,-2.4081651],[115.2472641,-2.4076348],[115.2472365,-2.4075086],[115.2470461,-2.4065197],[115.2469983,-2.4062648],[115.2469549,-2.4060883],[115.2468435,-2.4057533],[115.2467863,-2.4056627],[115.2466437,-2.4054371],[115.2466224,-2.405406],[115.2465438,-2.4052919],[115.2464969,-2.405228],[115.2464165,-2.4051236],[115.2462606,-2.4049209],[115.2460469,-2.4046961],[115.245937,-2.4045514],[115.2458766,-2.4044174],[115.2458283,-2.4042459],[115.2457792,-2.4040751],[115.2457666,-2.403793],[115.245776,-2.4033414],[115.2457806,-2.4030313],[115.2457834,-2.4029156],[115.2457868,-2.4027798],[115.2457935,-2.4025133],[115.2457935,-2.4021757],[115.2457952,-2.4020035],[115.2457961,-2.4019023],[115.2457693,-2.4016866],[115.2457573,-2.4015513],[115.2457312,-2.4014061],[115.2456513,-2.401097],[115.2456088,-2.400967],[115.2455649,-2.4008325],[115.2453428,-2.4002623]]}},{"type":"Feature","properties":{"segmentId":"osm-gaul2-73682-4068071708-3840359249-0","regionId":"gaul2-73682","province":"Kalimantan Selatan","region":"Hulusungai Utara","roadName":"Jalan Gaya Baru","highway":"secondary","lengthMeters":2085.364,"osmWayIds":["380711904","380777570","404526771"],"u":"4068071708","v":"3840359249","key":0,"oneway":false,"source":"OpenStreetMap"},"geometry":{"type":"LineString","coordinates":[[115.190749,-2.4360802],[115.1910791,-2.4357887],[115.1912467,-2.4356493],[115.1914241,-2.4355121],[115.1915257,-2.4354416],[115.1916383,-2.4353773],[115.1918663,-2.4352433],[115.1923169,-2.434978],[115.1932217,-2.4344358],[115.1938552,-2.4340669],[115.1944962,-2.4336944],[115.1957797,-2.4329521],[115.1983217,-2.4314457],[115.1984498,-2.4313606],[115.1985142,-2.4313191],[115.1985762,-2.4312735],[115.1986878,-2.4311771],[115.1988019,-2.4310828],[115.1990339,-2.4309228],[115.1992786,-2.430821],[115.1995222,-2.430717],[115.2002439,-2.4304245],[115.2003495,-2.4303802],[115.2004492,-2.4303378],[115.2004755,-2.4303306],[115.2005017,-2.4303259],[115.200556,-2.4303219],[115.2006628,-2.4303187],[115.2008061,-2.4303219],[115.2009501,-2.4303266],[115.2011541,-2.4303326],[115.201358,-2.4303376],[115.201417,-2.4303359],[115.2014773,-2.4303292],[115.2015978,-2.4303113],[115.2016617,-2.4302944],[115.2017261,-2.430277],[115.2018512,-2.4302341],[115.201936,-2.4301932],[115.2020139,-2.4301428],[115.2020486,-2.4301155],[115.2020828,-2.4300827],[115.2021341,-2.4300261],[115.2023307,-2.429823],[115.2024885,-2.4296693],[115.2026509,-2.4295202],[115.2028701,-2.4293391],[115.2030919,-2.4291619],[115.2031671,-2.4291039],[115.2032442,-2.429049],[115.2034036,-2.4289408],[115.2035446,-2.4288554],[115.2036914,-2.4287732],[115.2037324,-2.4287529],[115.2037867,-2.4287307],[115.2038839,-2.4286906],[115.2040803,-2.4286145],[115.204348,-2.4285204],[115.204619,-2.4284226],[115.2047483,-2.428365],[115.2048725,-2.4283044],[115.2049032,-2.4282899],[115.204934,-2.4282718],[115.2049964,-2.428233],[115.2051184,-2.4281586],[115.2053646,-2.4280128],[115.2054678,-2.4279576],[115.2055694,-2.4279088],[115.2057919,-2.427828],[115.205856,-2.4278143],[115.2059216,-2.4278089],[115.2063498,-2.4278165],[115.2067761,-2.4278118],[115.2068858,-2.427807],[115.2069564,-2.4278002],[115.2070302,-2.4277921],[115.2070939,-2.4277821],[115.2071584,-2.4277688]]}},{"type":"Feature","properties":{"segmentId":"osm-gaul2-73682-4068071708-4068071721-0","regionId":"gaul2-73682","province":"Kalimantan Selatan","region":"Hulusungai Utara","roadName":"Unnamed OSM road","highway":"secondary","lengthMeters":56.599,"osmWayIds":["404526745","404526746","404526749"],"u":"4068071708","v":"4068071721","key":0,"oneway":false,"source":"OpenStreetMap"},"geometry":{"type":"LineString","coordinates":[[115.190749,-2.4360802],[115.1907089,-2.4361116],[115.1906769,-2.4361352],[115.1904613,-2.4363506],[115.1903822,-2.4364324]]}},{"type":"Feature","properties":{"segmentId":"osm-gaul2-73682-4068071708-4068072002-0","regionId":"gaul2-73682","province":"Kalimantan Selatan","region":"Hulusungai Utara","roadName":"Unnamed OSM road","highway":"tertiary","lengthMeters":2340.28,"osmWayIds":["366601867","665287623","667490918","667490919"],"u":"4068071708","v":"4068072002","key":0,"oneway":false,"source":"OpenStreetMap"},"geometry":{"type":"LineString","coordinates":[[115.190749,-2.4360802],[115.1908497,-2.436204],[115.1909383,-2.4363376],[115.1910308,-2.4365377],[115.19113,-2.4367319],[115.1912226,-2.4369276],[115.1912762,-2.4370227],[115.1913341,-2.4371172],[115.1914264,-2.4372304],[115.191531,-2.4373335],[115.1917479,-2.437538],[115.191971,-2.4377239],[115.1921546,-2.4378802],[115.1922458,-2.4379646],[115.1923238,-2.4380519],[115.1926415,-2.4384604],[115.1928011,-2.4386667],[115.1928775,-2.4387739],[115.1929513,-2.4388749],[115.1930733,-2.4390593],[115.1931309,-2.439154],[115.1931833,-2.4392402],[115.1932932,-2.4394238],[115.1933943,-2.4396084],[115.1934345,-2.4396961],[115.1940345,-2.4409799],[115.1945533,-2.4421497],[115.1945981,-2.4422496],[115.1946531,-2.4423434],[115.1947081,-2.4424385],[115.1947565,-2.4425289],[115.1950943,-2.4431103],[115.1952915,-2.4434743],[115.1954823,-2.4438308],[115.1956107,-2.4441053],[115.1956737,-2.4442487],[115.1957357,-2.4443753],[115.1959084,-2.4446922],[115.1960036,-2.4448476],[115.1960948,-2.4449995],[115.1965248,-2.4456635],[115.196534,-2.4456766],[115.1968431,-2.4461701],[115.1971089,-2.4466082],[115.1973276,-2.4469353],[115.1977189,-2.4475013],[115.1980833,-2.4480912],[115.1982727,-2.4483979],[115.1985392,-2.4489373],[115.1986778,-2.4491781],[115.1988687,-2.4494276],[115.1989514,-2.4495345],[115.199086,-2.4496392],[115.1993698,-2.4497811],[115.1997339,-2.4499476],[115.1999089,-2.4500598],[115.2000571,-2.4501631],[115.200212,-2.4502768],[115.2003569,-2.4504151],[115.2004802,-2.4505475],[115.2005607,-2.4506688],[115.2006585,-2.4508329],[115.2007746,-2.4510272],[115.2009442,-2.4513675],[115.2010456,-2.4516271],[115.2012447,-2.4521111],[115.2014768,-2.4526568],[115.2015276,-2.4527837],[115.2016684,-2.4530906],[115.20193,-2.4535595]]}},{"type":"Feature","properties":{"segmentId":"osm-gaul2-73682-4068071721-3556399936-0","regionId":"gaul2-73682","province":"Kalimantan Selatan","region":"Hulusungai Utara","roadName":"Jalan Tembok Baru","highway":"primary","lengthMeters":22013.537,"osmWayIds":["349857079","349857080","354335371","404526772","484302190","665530202","665530203","666641087","666641088","798375263","798375264"],"u":"4068071721","v":"3556399936","key":0,"oneway":false,"source":"OpenStreetMap"},"geometry":{"type":"LineString","coordinates":[[115.1903822,-2.4364324],[115.1903066,-2.4363943],[115.1902219,-2.4363679],[115.1900277,-2.4363541],[115.1898649,-2.4363489],[115.1894953,-2.4363287],[115.1891318,-2.4363113],[115.1887389,-2.4362938],[115.188489,-2.4362746],[115.1883218,-2.4362416],[115.188127,-2.4361891],[115.1879128,-2.4361143],[115.187666,-2.4360125],[115.1875002,-2.4359178],[115.1872583,-2.4357766],[115.1869834,-2.4355992],[115.1868372,-2.4354966],[115.1867782,-2.4354609],[115.1866606,-2.4354048],[115.1865314,-2.4353599],[115.186404,-2.4353224],[115.1862726,-2.4352942],[115.1861358,-2.4352594],[115.1859004,-2.4351709],[115.1857053,-2.4350719],[115.1855756,-2.4350013],[115.1854612,-2.4349177],[115.1853486,-2.4348146],[115.1852922,-2.4347643],[115.1852396,-2.4347081],[115.1850455,-2.4344904],[115.1849368,-2.4343603],[115.1848792,-2.4342974],[115.184813,-2.4342222],[115.1847008,-2.4341259],[115.1845399,-2.4339972],[115.1844513,-2.4339329],[115.1843829,-2.43389],[115.1843011,-2.4338552],[115.1842193,-2.4338391],[115.1841308,-2.4338311],[115.1839565,-2.4338364],[115.1837365,-2.4338632],[115.183644,-2.433878],[115.1835501,-2.4338981],[115.1834559,-2.433922],[115.1833919,-2.4339383],[115.1832484,-2.4340093],[115.1831102,-2.4341057],[115.1829855,-2.4341982],[115.1827548,-2.4344126],[115.1817396,-2.4353559],[115.1816411,-2.4354491],[115.1809712,-2.4360834],[115.1808625,-2.4362067],[115.1807915,-2.4363072],[115.1805232,-2.4367788],[115.1803154,-2.4372022],[115.1801652,-2.4376176],[115.1800767,-2.438029],[115.1799506,-2.4384792],[115.1797374,-2.4390245],[115.1796435,-2.4392255],[115.179504,-2.4394935],[115.1793551,-2.4397253],[115.1791875,-2.4399638],[115.1790453,-2.4401554],[115.1787141,-2.440619],[115.1781361,-2.4414658],[115.178002,-2.44164],[115.1778652,-2.4417753],[115.1775581,-2.4420205],[115.177369,-2.4421344],[115.1771557,-2.4422456],[115.1770857,-2.4422705],[115.1765643,-2.4424559],[115.1760573,-2.4426272],[115.1757333,-2.4427367],[115.1756443,-2.4427668],[115.1749241,-2.44302],[115.1746599,-2.4431192],[115.1740859,-2.4433791],[115.1738442,-2.4434852],[115.1735643,-2.4436082],[115.1727748,-2.4439692],[115.1726027,-2.4440504],[115.1724544,-2.444119],[115.1717564,-2.4444417],[115.1712428,-2.4446668],[115.1707705,-2.4448517],[115.1700144,-2.4451612],[115.1698827,-2.4452159],[115.1696249,-2.4453231],[115.1688476,-2.4456462],[115.1682213,-2.4459293],[115.1680711,-2.4459973],[115.1677962,-2.4461219],[115.1675262,-2.4462432],[115.1675011,-2.4462545],[115.165411,-2.4471592],[115.1652477,-2.4472299],[115.1645963,-2.4475194],[115.1640116,-2.4477807],[115.1626888,-2.4483999],[115.1626308,-2.4484271],[115.1622411,-2.4486033],[115.1615858,-2.4489065],[115.1614167,-2.4489939],[115.1613284,-2.4491738],[115.1610992,-2.4497448],[115.1610531,-2.449891],[115.161029,-2.449966],[115.1610187,-2.4500481],[115.1610249,-2.4501442],[115.161037,-2.4502286],[115.1610534,-2.4502958],[115.1610839,-2.4503827],[115.1611175,-2.450455],[115.1611501,-2.4505162],[115.1617648,-2.4515365],[115.1619704,-2.4519369],[115.1620236,-2.4520568],[115.1621228,-2.45235],[115.1621461,-2.4524394],[115.1621649,-2.4525479],[115.1621903,-2.4527141],[115.1621957,-2.4527636],[115.1622017,-2.452864],[115.1622055,-2.4529273],[115.1622172,-2.4534631],[115.1622515,-2.4540217],[115.1622614,-2.4541129],[115.1623084,-2.454472],[115.1623457,-2.4547353],[115.1623627,-2.4548482],[115.1624673,-2.4556703],[115.162484,-2.4559539],[115.1624899,-2.4563017],[115.162484,-2.4563759],[115.1624753,-2.4564716],[115.1624646,-2.456585],[115.1624479,-2.4566959],[115.1624198,-2.4568796],[115.1623164,-2.4573916],[115.1622831,-2.4574995],[115.1622574,-2.457543],[115.1622212,-2.4575912],[115.1621843,-2.4576361],[115.1621393,-2.4576816],[115.1620267,-2.4577734],[115.1619376,-2.4578354],[115.1618403,-2.4578793],[115.1617183,-2.4579235],[115.1616065,-2.4579618],[115.1615305,-2.4579798],[115.161438,-2.4579959],[115.1613085,-2.4580108],[115.1611765,-2.4580106],[115.1610249,-2.4580026],[115.1608855,-2.4579932],[115.1607613,-2.4579791],[115.1604449,-2.4579189],[115.1600701,-2.4578538],[115.1598582,-2.4578083],[115.1596714,-2.4577657],[115.1595135,-2.4577212],[115.1593794,-2.457681],[115.1591139,-2.4575939],[115.1588228,-2.4574921],[115.1585671,-2.4574084],[115.1582891,-2.457334],[115.1581509,-2.4573031],[115.1580238,-2.4572859],[115.1577365,-2.4572616],[115.1574697,-2.4572482],[115.1572765,-2.4572388],[115.1571334,-2.4572403],[115.1569587,-2.4572603],[115.1568073,-2.4572859],[115.1566637,-2.4573192],[115.1565537,-2.4573567],[115.1562868,-2.4574505],[115.1559134,-2.4575976],[115.1557905,-2.4576353],[115.1551483,-2.4578749],[115.1548547,-2.4579897],[115.1544441,-2.4581124],[115.1543182,-2.4581484],[115.1540765,-2.4582175],[115.153783,-2.4582745],[115.1534981,-2.4583226],[115.1530923,-2.4584139],[115.1529774,-2.4584333],[115.1527986,-2.4584635],[115.1523245,-2.458624],[115.1520109,-2.4587507],[115.1515728,-2.4589632],[115.1512472,-2.4591099],[115.1511679,-2.4591456],[115.1511213,-2.4591666],[115.1507182,-2.4593172],[115.1505616,-2.4593786],[115.1504087,-2.4594242],[115.1501016,-2.4595019],[115.149857,-2.4595716],[115.1495432,-2.4596611],[115.1487478,-2.459884],[115.1485424,-2.4599333],[115.1483032,-2.4599882],[115.1479382,-2.4600597],[115.1477259,-2.4600779],[115.1476783,-2.460082],[115.1474621,-2.4600669],[115.1472445,-2.4600268],[115.147139,-2.4599757],[115.1466587,-2.4596885],[115.1461986,-2.4593332],[115.1456246,-2.4588899],[115.1453574,-2.4585927],[115.1451597,-2.458292],[115.1449351,-2.4578873],[115.1448271,-2.457752],[115.1447878,-2.4577101],[115.1447252,-2.4576435],[115.1444845,-2.4573564],[115.1442106,-2.4570971],[115.1441592,-2.4570486],[115.1438815,-2.4568275],[115.1436791,-2.4567029],[115.1434679,-2.4566069],[115.1432875,-2.4565555],[115.143209,-2.4565448],[115.1430998,-2.4565298],[115.1429998,-2.456532],[115.1427886,-2.4565368],[115.1425345,-2.4565754],[115.141985,-2.4567189],[115.1418696,-2.456752],[115.1418242,-2.4567691],[115.1411444,-2.4570272],[115.1407099,-2.4571799],[115.1402953,-2.4573318],[115.139916,-2.4574506],[115.1395241,-2.457542],[115.1392561,-2.4575819],[115.1389737,-2.457591],[115.1386473,-2.4575738],[115.1383112,-2.457535],[115.137797,-2.4574345],[115.1373196,-2.4573353],[115.1367898,-2.4571953],[115.1362587,-2.4570097],[115.135316,-2.4565823],[115.1351891,-2.4565152],[115.1350582,-2.4564305],[115.1341432,-2.455772],[115.1335788,-2.4554358],[115.1332451,-2.4552873],[115.1331098,-2.455233],[115.1329717,-2.4552089],[115.132847,-2.4552156],[115.1327075,-2.4552384],[115.1325797,-2.4552922],[115.1323694,-2.4554428],[115.1321312,-2.4556768],[115.1313248,-2.456469],[115.1310155,-2.4567326],[115.1308742,-2.4568235],[115.1307078,-2.4568998],[115.1304694,-2.4569593],[115.1300207,-2.4569803],[115.1296144,-2.4569657],[115.1292998,-2.4569441],[115.1291576,-2.4569615],[115.1290154,-2.4569816],[115.1288666,-2.4570151],[115.1279489,-2.4573201],[115.1264838,-2.4579909],[115.1258006,-2.4582653],[115.1242123,-2.4588412],[115.1236163,-2.4590403],[115.123506,-2.4590949],[115.1233206,-2.4592434],[115.1226552,-2.4599089],[115.1222775,-2.4601461],[115.1217366,-2.4604109],[115.1211101,-2.4605909],[115.1203631,-2.460813],[115.1196405,-2.4611143],[115.1189727,-2.4614975],[115.1188579,-2.4616041],[115.1187562,-2.4617339],[115.1185246,-2.4621429],[115.1184605,-2.4622601],[115.1180752,-2.4629642],[115.1177773,-2.4634725],[115.1176871,-2.4636206],[115.117559,-2.463771],[115.1173881,-2.4639288],[115.1171809,-2.4640732],[115.1169294,-2.4641927],[115.1166986,-2.464286],[115.1165365,-2.4643495],[115.1163715,-2.4643951],[115.1159965,-2.4644605],[115.1153602,-2.4645189],[115.1145382,-2.4645572],[115.1144671,-2.4645491],[115.1143978,-2.4645387],[115.114333,-2.464525],[115.1140769,-2.464454],[115.1137376,-2.464358],[115.1132467,-2.4641994],[115.1129892,-2.4641123],[115.1126524,-2.4640087],[115.1120505,-2.4638846],[115.111484,-2.4637913],[115.1111278,-2.463705],[115.1108161,-2.4635966],[115.1101674,-2.4633164],[115.1096825,-2.4630948],[115.1084481,-2.4624946],[115.1080948,-2.4623273],[115.1078112,-2.4622124],[115.1074816,-2.4621152],[115.1064856,-2.4618307],[115.1054444,-2.461589],[115.1045698,-2.4613174],[115.1045389,-2.461515],[115.1045389,-2.4615653],[115.1045436,-2.4616581],[115.104845,-2.4628699],[115.1049802,-2.4634907],[115.1052727,-2.4647297],[115.1058743,-2.467339],[115.1061549,-2.4686894],[115.1062164,-2.4689533],[115.1063468,-2.4695133],[115.1064975,-2.4700913],[115.1065996,-2.4706847],[115.1067813,-2.4718179],[115.1068068,-2.4719251],[115.1068483,-2.4720497],[115.1069686,-2.4723168],[115.1070723,-2.4725079],[115.1072885,-2.472858],[115.107547,-2.4731604],[115.1078752,-2.4735843],[115.1081087,-2.4739072],[115.1083664,-2.4742765],[115.1083825,-2.4743101],[115.1084107,-2.474369],[115.1084657,-2.4744896],[115.1085562,-2.4746939],[115.1087348,-2.4753427],[115.1087394,-2.4753614],[115.1089501,-2.4762172],[115.109197,-2.4769842],[115.1092669,-2.4772014],[115.1094052,-2.4777043],[115.1096431,-2.4785698],[115.1097314,-2.4789136],[115.1097865,-2.4793319],[115.1098569,-2.4803006],[115.109906,-2.4806676],[115.1099503,-2.4811339],[115.1100082,-2.482026],[115.11002,-2.4820959],[115.1101676,-2.4827021],[115.1105165,-2.4839198],[115.110545,-2.4840193],[115.1106812,-2.484379],[115.1108273,-2.4847295],[115.1109696,-2.4850342],[115.111218,-2.4854527],[115.1116076,-2.4861134],[115.1117106,-2.486382],[115.1118292,-2.4869453],[115.1119545,-2.4879391],[115.1119941,-2.4883838],[115.1120059,-2.4884612],[115.1120116,-2.4885191],[115.1120049,-2.4886946],[115.1119961,-2.4889518],[115.1119867,-2.489146],[115.1119431,-2.4895196],[115.1118828,-2.4900827],[115.1118815,-2.4901698],[115.1118904,-2.4902674],[115.1119661,-2.4912358],[115.112053,-2.4917241],[115.1122449,-2.4923101],[115.1124911,-2.4930373],[115.1129148,-2.4942853],[115.1131103,-2.4950269],[115.1131488,-2.4952437],[115.1131842,-2.4954269],[115.1131904,-2.4956323],[115.1131719,-2.4957865],[115.1131488,-2.495927],[115.1131087,-2.496073],[115.1130375,-2.496191],[115.1129568,-2.4963232],[115.1123463,-2.4971887],[115.1123101,-2.4973565],[115.1123065,-2.4975808],[115.1123391,-2.4977544],[115.1123884,-2.4979006],[115.112473,-2.498033],[115.1125722,-2.4981458],[115.1126975,-2.4982428],[115.113085,-2.4984851],[115.1131448,-2.4985504],[115.11322,-2.4986447],[115.1132762,-2.4987635],[115.1133283,-2.4988867],[115.1136136,-2.4997621],[115.1136296,-2.4998132],[115.1136491,-2.4998554],[115.1137024,-2.4999195],[115.1138201,-2.4999968],[115.1139305,-2.5000717],[115.1144296,-2.5003538],[115.1149204,-2.5006747],[115.1152121,-2.5008637],[115.1154468,-2.5010445],[115.1155494,-2.5011336],[115.1156426,-2.5012308],[115.1158518,-2.5014579],[115.1165184,-2.502237],[115.116924,-2.50272],[115.1173364,-2.5032016],[115.1175778,-2.5034951],[115.1177254,-2.5036652],[115.1179152,-2.5039606],[115.1180275,-2.5041276],[115.1180504,-2.5041602],[115.118204,-2.5043965],[115.1185186,-2.5048315],[115.1185656,-2.5049213],[115.1186071,-2.5050339],[115.1186608,-2.5051531],[115.1187533,-2.5053809],[115.1188593,-2.5057373],[115.1189867,-2.5061298],[115.1191087,-2.5066055],[115.119165,-2.5068908],[115.1191919,-2.5070195],[115.1192187,-2.5072298],[115.1192884,-2.5078863],[115.1193005,-2.5079788],[115.1193233,-2.5080779],[115.1195084,-2.5086688],[115.1197323,-2.5094834],[115.1198637,-2.5099698],[115.1198721,-2.5099981],[115.119902,-2.510099],[115.1199616,-2.510229],[115.1199952,-2.5102913],[115.1201212,-2.5105419],[115.1202808,-2.510771],[115.1205437,-2.5110738],[115.1208481,-2.5114382],[115.1210037,-2.5116552],[115.1210614,-2.5117517],[115.1211016,-2.51182],[115.1211485,-2.5119339],[115.1212183,-2.5120974],[115.1213041,-2.5123252],[115.1214636,-2.512797],[115.1215401,-2.5130835],[115.1216139,-2.5133206],[115.1217339,-2.5136534],[115.1217721,-2.5137521],[115.1218177,-2.5138512],[115.1219089,-2.514016],[115.1219993,-2.5141674],[115.1223139,-2.5147703],[115.1224212,-2.5149565],[115.1225124,-2.5151455],[115.1225835,-2.5153143],[115.1226398,-2.5154684],[115.1227055,-2.5156707],[115.1227431,-2.5157926],[115.1228128,-2.5161396],[115.1228584,-2.5163821],[115.1229738,-2.5171974],[115.1229972,-2.5173253],[115.1230194,-2.5174385],[115.1230495,-2.5175377],[115.1231159,-2.5177045],[115.1231989,-2.5178863],[115.1234928,-2.5184481],[115.123592,-2.5186102],[115.1236846,-2.5187603],[115.1239957,-2.5191494],[115.1242492,-2.5194864],[115.1245911,-2.5198603],[115.125102,-2.520433],[115.1252413,-2.5205892],[115.1255675,-2.5209636],[115.1256875,-2.5210688],[115.1259899,-2.5212751],[115.1262514,-2.5214372],[115.1272975,-2.5219798],[115.1279627,-2.5222974],[115.1286104,-2.5225653],[115.1289283,-2.5226886],[115.1293212,-2.5228293],[115.1299516,-2.5230349],[115.1312417,-2.5234777],[115.1312953,-2.5234965],[115.1313704,-2.523534],[115.1320462,-2.5238511],[115.1322023,-2.5239201],[115.132732,-2.5241975],[115.1329,-2.5242796],[115.1331171,-2.5243776],[115.1336976,-2.5246261],[115.1338649,-2.5247211],[115.1339588,-2.5247924],[115.1340714,-2.5249356],[115.1343966,-2.5254344],[115.134522,-2.5256804],[115.1345569,-2.5257715],[115.1346014,-2.5258741],[115.134656,-2.5260844],[115.1349525,-2.5272566],[115.1350269,-2.527546],[115.1350839,-2.5277423],[115.1351195,-2.5278589],[115.1351564,-2.5279661],[115.1352033,-2.5280887],[115.1352502,-2.5281992],[115.1354286,-2.5286011],[115.1358846,-2.5295698],[115.1360147,-2.5298311],[115.1361072,-2.5300428],[115.1362132,-2.5303174],[115.1362896,-2.5305599],[115.1366477,-2.5319037],[115.1367778,-2.5323526],[115.1370718,-2.5334052],[115.1374912,-2.534858],[115.1376441,-2.5354234],[115.1377031,-2.5356886],[115.137742,-2.5358829],[115.1377802,-2.5360417],[115.1378238,-2.5362175],[115.1378433,-2.5362812],[115.1381081,-2.5368636],[115.1382262,-2.5370954],[115.138314,-2.5372502],[115.138426,-2.5374317],[115.1386714,-2.5377894],[115.1389041,-2.5381143]]}},{"type":"Feature","properties":{"segmentId":"osm-gaul2-73682-4068071721-4068071708-0","regionId":"gaul2-73682","province":"Kalimantan Selatan","region":"Hulusungai Utara","roadName":"Unnamed OSM road","highway":"secondary","lengthMeters":56.599,"osmWayIds":["404526745","404526746","404526749"],"u":"4068071721","v":"4068071708","key":0,"oneway":false,"source":"OpenStreetMap"},"geometry":{"type":"LineString","coordinates":[[115.1903822,-2.4364324],[115.1904613,-2.4363506],[115.1906769,-2.4361352],[115.1907089,-2.4361116],[115.190749,-2.4360802]]}},{"type":"Feature","properties":{"segmentId":"osm-gaul2-73682-4068071721-4068071854-0","regionId":"gaul2-73682","province":"Kalimantan Selatan","region":"Hulusungai Utara","roadName":"Unnamed OSM road","highway":"primary","lengthMeters":909.382,"osmWayIds":["354335371","666648344","804521306"],"u":"4068071721","v":"4068071854","key":0,"oneway":false,"source":"OpenStreetMap"},"geometry":{"type":"LineString","coordinates":[[115.1903822,-2.4364324],[115.1904569,-2.4365101],[115.1905011,-2.4365578],[115.190536,-2.4366074],[115.1906091,-2.436737],[115.1906405,-2.4368123],[115.1906714,-2.4368833],[115.1907371,-2.4370187],[115.1907974,-2.4371486],[115.1908626,-2.4372714],[115.1909061,-2.4373443],[115.190953,-2.4374073],[115.1910147,-2.4374943],[115.1910833,-2.4375709],[115.1911944,-2.4376739],[115.1913084,-2.4377704],[115.1914197,-2.4378601],[115.1915231,-2.437941],[115.1916182,-2.4380182],[115.1917041,-2.4380919],[115.1917993,-2.438183],[115.1918849,-2.4382774],[115.1920353,-2.4384524],[115.1921667,-2.4386292],[115.1922901,-2.4388048],[115.1925926,-2.4392305],[115.1927486,-2.4394622],[115.1928734,-2.4396446],[115.1929658,-2.4398048],[115.1930642,-2.4399549],[115.1931707,-2.4401679],[115.1932823,-2.4404148],[115.1934743,-2.4408412],[115.1935278,-2.4409695],[115.193589,-2.4411127],[115.1937108,-2.4414021],[115.1937678,-2.4415553],[115.1938122,-2.4417203],[115.1938737,-2.4418764],[115.1939421,-2.4419993],[115.1939672,-2.4420437],[115.194051,-2.4421921],[115.1941192,-2.4423082],[115.1941782,-2.4424087],[115.1942964,-2.4426141],[115.1944836,-2.4429716],[115.1945767,-2.4431353],[115.1946632,-2.4432945]]}},{"type":"Feature","properties":{"segmentId":"osm-gaul2-73682-4068071854-3532123408-0","regionId":"gaul2-73682","province":"Kalimantan Selatan","region":"Hulusungai Utara","roadName":"Unnamed OSM road","highway":"tertiary","lengthMeters":4387.994,"osmWayIds":["366601866"],"u":"4068071854","v":"3532123408","key":0,"oneway":false,"source":"OpenStreetMap"},"geometry":{"type":"LineString","coordinates":[[115.1946632,-2.4432945],[115.1947403,-2.4433979],[115.1948073,-2.4434984],[115.1948744,-2.4436096],[115.1949361,-2.4437142],[115.1951275,-2.4440728],[115.195266,-2.4443559],[115.195304,-2.4444339],[115.1954185,-2.4446685],[115.1954751,-2.4447916],[115.1955131,-2.4448741],[115.1955262,-2.4449026],[115.1955816,-2.4450133],[115.1956107,-2.4450714],[115.1956549,-2.4451518],[115.1957043,-2.4452233],[115.1958136,-2.4453888],[115.1959111,-2.4455364],[115.195989,-2.4456466],[115.1961138,-2.4458233],[115.1961675,-2.4459033],[115.1962423,-2.4460147],[115.1963557,-2.4461902],[115.1964408,-2.446351],[115.1965709,-2.4466029],[115.1966983,-2.446824],[115.1968847,-2.4471187],[115.1971087,-2.447443],[115.1973098,-2.4477485],[115.1974761,-2.4480004],[115.1975399,-2.4480975],[115.1976217,-2.4482302],[115.1976991,-2.448326],[115.1977544,-2.448395],[115.1978496,-2.4485591],[115.1979297,-2.4487101],[115.1980609,-2.4489812],[115.1981615,-2.4492317],[115.19829,-2.4494496],[115.1983555,-2.449545],[115.1984525,-2.4496766],[115.1985852,-2.44984],[115.1987073,-2.4499506],[115.1988152,-2.4500336],[115.1989286,-2.4500946],[115.1991391,-2.4501951],[115.1994247,-2.450326],[115.1997855,-2.4505314],[115.1999572,-2.4506761],[115.2000967,-2.4508101],[115.2002174,-2.4509495],[115.2002911,-2.4510499],[115.2003817,-2.4511771],[115.2005902,-2.4516529],[115.2007147,-2.451941],[115.2009147,-2.4525024],[115.2010757,-2.452907],[115.201252,-2.4532628],[115.2013727,-2.4534972],[115.2015109,-2.4537692],[115.2016074,-2.4539133],[115.2017145,-2.4541194],[115.2018508,-2.4544345],[115.2019662,-2.4547346],[115.2020848,-2.4550149],[115.2022397,-2.4553536],[115.2023417,-2.4555654],[115.2024722,-2.4558325],[115.2026367,-2.4561844],[115.2027306,-2.4564416],[115.2028217,-2.4566918],[115.2029613,-2.4570788],[115.2030524,-2.4573447],[115.2031369,-2.4576984],[115.2031786,-2.4578335],[115.2032335,-2.4579427],[115.2033621,-2.4581827],[115.2034467,-2.4582612],[115.2035733,-2.4583584],[115.2036694,-2.4584113],[115.2037736,-2.4584427],[115.2039495,-2.4584526],[115.2040872,-2.4584013],[115.2042581,-2.458288],[115.2044217,-2.4581205],[115.2045744,-2.4579565],[115.2048013,-2.4577453],[115.205052,-2.4575631],[115.2053881,-2.457327],[115.2056086,-2.457172],[115.2057426,-2.4570707],[115.206137,-2.4567859],[115.2064604,-2.4565276],[115.2069095,-2.4561362],[115.2073354,-2.4558012],[115.2075777,-2.4556112],[115.2077544,-2.4554782],[115.2079019,-2.4553804],[115.2080628,-2.455288],[115.2081852,-2.4552317],[115.2083624,-2.4551757],[115.2086073,-2.4551393],[115.2087294,-2.4551258],[115.2088869,-2.4551252],[115.2089197,-2.4551281],[115.2089855,-2.4551339],[115.2090612,-2.4551477],[115.2091047,-2.4551556],[115.2092376,-2.4551727],[115.2093984,-2.4552082],[115.2096266,-2.4552505],[115.2099099,-2.4553227],[115.210024,-2.4553589],[115.2101469,-2.4553978],[115.2104673,-2.4555154],[115.2106512,-2.4556015],[115.2108255,-2.4557033],[115.2110072,-2.4558131],[115.2111178,-2.4559111],[115.2112385,-2.4560617],[115.2113432,-2.4562541],[115.2114546,-2.4565257],[115.2114773,-2.4566988],[115.2114855,-2.4568905],[115.2114746,-2.4571062],[115.2114283,-2.4573555],[115.2112949,-2.4578458],[115.2111419,-2.4583406],[115.2109931,-2.4588574],[115.2108483,-2.4593022],[115.210842,-2.4593232],[115.2107812,-2.4595259],[115.2107025,-2.4597742],[115.2106378,-2.4600378],[115.2105761,-2.4603541],[115.2105171,-2.4606327],[115.2104393,-2.4610351],[115.2103591,-2.4614104],[115.2103657,-2.4622539],[115.2104708,-2.4627302],[115.2105392,-2.4629686],[115.2107583,-2.4637319],[115.2108985,-2.4644323],[115.2108641,-2.4653544],[115.2107828,-2.4656722],[115.2106181,-2.4665232],[115.2105734,-2.4667948],[115.2105795,-2.4671326],[115.2106793,-2.4676082],[115.2108572,-2.468151],[115.2109306,-2.4683122]]}},{"type":"Feature","properties":{"segmentId":"osm-gaul2-73682-4068071854-3532123408-1","regionId":"gaul2-73682","province":"Kalimantan Selatan","region":"Hulusungai Utara","roadName":"Unnamed OSM road","highway":"primary","lengthMeters":4437.399,"osmWayIds":["366601864","666648345","804521306"],"u":"4068071854","v":"3532123408","key":1,"oneway":false,"source":"OpenStreetMap"},"geometry":{"type":"LineString","coordinates":[[115.1946632,-2.4432945],[115.1946574,-2.4433634],[115.1946518,-2.4434515],[115.1946343,-2.4435171],[115.1946116,-2.4435801],[115.1945365,-2.4437329],[115.1944271,-2.443955],[115.1943433,-2.4441],[115.1943044,-2.444171],[115.1942736,-2.4442446],[115.1942535,-2.4443465],[115.1942513,-2.4444477],[115.1942521,-2.4445328],[115.1942602,-2.4445797],[115.1942741,-2.4446215],[115.1943313,-2.4447699],[115.1943755,-2.4448456],[115.1946325,-2.4452836],[115.1947669,-2.4455077],[115.1949784,-2.4458653],[115.1950452,-2.4459783],[115.1951491,-2.446154],[115.195897,-2.4476346],[115.1962026,-2.4482319],[115.196403,-2.4486445],[115.1964926,-2.4487934],[115.1966165,-2.4489994],[115.1966906,-2.4491225],[115.197357,-2.4500334],[115.1974315,-2.4501353],[115.197731,-2.4505422],[115.1980394,-2.4509683],[115.1983359,-2.4513579],[115.1989123,-2.4521436],[115.1992018,-2.4525382],[115.1996646,-2.4530951],[115.2005513,-2.4541464],[115.200904,-2.4547025],[115.201191,-2.4554194],[115.2012966,-2.4556831],[115.2013346,-2.4557963],[115.201854,-2.4573503],[115.2019544,-2.4576168],[115.201997,-2.4577199],[115.202044,-2.4577869],[115.2020869,-2.4578431],[115.2021593,-2.4579477],[115.2022693,-2.4580789],[115.2024034,-2.4582531],[115.2026139,-2.4584876],[115.2028671,-2.4587057],[115.2030927,-2.4588909],[115.2033609,-2.4590932],[115.2035612,-2.459259],[115.2037807,-2.4594268],[115.2039729,-2.4595644],[115.2041367,-2.4596767],[115.2042253,-2.4597243],[115.2043077,-2.4597471],[115.2044043,-2.4597511],[115.2045045,-2.4597471],[115.2045682,-2.4597283],[115.2046517,-2.4596844],[115.204763,-2.459604],[115.2048676,-2.4595139],[115.2049649,-2.4594349],[115.2052264,-2.4592044],[115.2056354,-2.4588493],[115.2059472,-2.4585713],[115.2060787,-2.4584541],[115.2064734,-2.4581138],[115.2067097,-2.4579101],[115.2075716,-2.4571962],[115.2079092,-2.4568769],[115.2081701,-2.4566976],[115.2084035,-2.4565823],[115.2086793,-2.4564887],[115.2088749,-2.45646],[115.2089909,-2.4564429],[115.2092128,-2.4564456],[115.2094153,-2.4564671],[115.209581,-2.4564992],[115.2097305,-2.4565501],[115.2098537,-2.4566078],[115.2099296,-2.4566613],[115.2099974,-2.4567303],[115.2100363,-2.4567762],[115.2100587,-2.4568322],[115.2100706,-2.4568838],[115.2100757,-2.4569246],[115.2100778,-2.4569662],[115.2100772,-2.4570425],[115.2100745,-2.4571343],[115.2100021,-2.4575564],[115.2099248,-2.4579741],[115.2098397,-2.4584815],[115.2098026,-2.4587087],[115.2097875,-2.4588011],[115.2096749,-2.4594131],[115.209665,-2.4594694],[115.2096105,-2.4598462],[115.2095354,-2.4603018],[115.2094723,-2.460685],[115.209416,-2.4611325],[115.2093878,-2.4616443],[115.2093699,-2.4620644],[115.2094053,-2.4624951],[115.2094302,-2.4627347],[115.2094415,-2.4628435],[115.2094774,-2.4632256],[115.2095152,-2.4636313],[115.2095778,-2.4641391],[115.209597,-2.4643321],[115.2096614,-2.4652432],[115.2096936,-2.466015],[115.2097315,-2.4668583],[115.2097566,-2.4674352],[115.2097848,-2.468014],[115.2098338,-2.4683791],[115.2098861,-2.4686746],[115.210104,-2.4685975],[115.2105548,-2.4684336],[115.2109306,-2.4683122]]}},{"type":"Feature","properties":{"segmentId":"osm-gaul2-73682-4068071854-4068071721-0","regionId":"gaul2-73682","province":"Kalimantan Selatan","region":"Hulusungai Utara","roadName":"Unnamed OSM road","highway":"primary","lengthMeters":909.382,"osmWayIds":["354335371","666648344","804521306"],"u":"4068071854","v":"4068071721","key":0,"oneway":false,"source":"OpenStreetMap"},"geometry":{"type":"LineString","coordinates":[[115.1946632,-2.4432945],[115.1945767,-2.4431353],[115.1944836,-2.4429716],[115.1942964,-2.4426141],[115.1941782,-2.4424087],[115.1941192,-2.4423082],[115.194051,-2.4421921],[115.1939672,-2.4420437],[115.1939421,-2.4419993],[115.1938737,-2.4418764],[115.1938122,-2.4417203],[115.1937678,-2.4415553],[115.1937108,-2.4414021],[115.193589,-2.4411127],[115.1935278,-2.4409695],[115.1934743,-2.4408412],[115.1932823,-2.4404148],[115.1931707,-2.4401679],[115.1930642,-2.4399549],[115.1929658,-2.4398048],[115.1928734,-2.4396446],[115.1927486,-2.4394622],[115.1925926,-2.4392305],[115.1922901,-2.4388048],[115.1921667,-2.4386292],[115.1920353,-2.4384524],[115.1918849,-2.4382774],[115.1917993,-2.438183],[115.1917041,-2.4380919],[115.1916182,-2.4380182],[115.1915231,-2.437941],[115.1914197,-2.4378601],[115.1913084,-2.4377704],[115.1911944,-2.4376739],[115.1910833,-2.4375709],[115.1910147,-2.4374943],[115.190953,-2.4374073],[115.1909061,-2.4373443],[115.1908626,-2.4372714],[115.1907974,-2.4371486],[115.1907371,-2.4370187],[115.1906714,-2.4368833],[115.1906405,-2.4368123],[115.1906091,-2.436737],[115.190536,-2.4366074],[115.1905011,-2.4365578],[115.1904569,-2.4365101],[115.1903822,-2.4364324]]}},{"type":"Feature","properties":{"segmentId":"osm-gaul2-73682-4068072002-3532123407-0","regionId":"gaul2-73682","province":"Kalimantan Selatan","region":"Hulusungai Utara","roadName":"Unnamed OSM road","highway":"tertiary","lengthMeters":2932.316,"osmWayIds":["366601867"],"u":"4068072002","v":"3532123407","key":0,"oneway":false,"source":"OpenStreetMap"},"geometry":{"type":"LineString","coordinates":[[115.20193,-2.4535595],[115.2020332,-2.4537552],[115.2022277,-2.4541571],[115.2023363,-2.4543903],[115.2025005,-2.4547684],[115.2027293,-2.4552344],[115.202866,-2.4554943],[115.2029995,-2.4557284],[115.2030954,-2.4559204],[115.2032456,-2.4562634],[115.2033826,-2.4566083],[115.2036924,-2.4574866],[115.203794,-2.4577422],[115.2038155,-2.4577761],[115.2038544,-2.4578123],[115.2039167,-2.4578438],[115.2039684,-2.4578485],[115.204014,-2.4578418],[115.204093,-2.457819],[115.2041562,-2.4577801],[115.2042071,-2.4577373],[115.2043157,-2.4576356],[115.2045706,-2.4573862],[115.2047651,-2.4572099],[115.2048643,-2.457129],[115.2049501,-2.4570633],[115.2050467,-2.4569883],[115.2051875,-2.4569012],[115.2053205,-2.4568351],[115.2055241,-2.4567136],[115.205681,-2.4566091],[115.2058594,-2.4564925],[115.2060269,-2.4563838],[115.2062617,-2.4561776],[115.206468,-2.456001],[115.2068666,-2.4556457],[115.2070476,-2.455501],[115.2072472,-2.4553587],[115.2074003,-2.4552478],[115.2075438,-2.4551634],[115.2078554,-2.4549783],[115.2080231,-2.4548914],[115.2082185,-2.4548267],[115.208433,-2.4547574],[115.2086336,-2.4547024],[115.2087307,-2.4546864],[115.2088447,-2.4546823],[115.2088713,-2.4546831],[115.2089427,-2.4546851],[115.2090407,-2.4546879],[115.2093823,-2.4547484],[115.2097186,-2.4548356],[115.2097993,-2.4548596],[115.2099673,-2.4549105],[115.2099793,-2.4549141],[115.2104238,-2.4550569],[115.210585,-2.4551336],[115.2106619,-2.4551701],[115.2108832,-2.4552692],[115.2110674,-2.4553598],[115.2111608,-2.4554112],[115.2111972,-2.4554361],[115.21136,-2.4555477],[115.2115041,-2.4557006],[115.211629,-2.455872],[115.211652,-2.4559163],[115.2118498,-2.4562969],[115.2119234,-2.4567511],[115.2118631,-2.4572555],[115.2117714,-2.4577526],[115.2115605,-2.4584638],[115.2113958,-2.4590214],[115.2111906,-2.4597078],[115.2110482,-2.4602206],[115.2108273,-2.4611593],[115.2107853,-2.461521],[115.2107832,-2.4619117],[115.2107747,-2.4620559],[115.2107665,-2.4622633],[115.2108133,-2.4624761],[115.2109468,-2.4628518],[115.2110622,-2.4631766],[115.2111709,-2.4636144],[115.2113497,-2.4645425],[115.2113146,-2.4649313],[115.2112679,-2.4652614],[115.211253,-2.4653671],[115.2111071,-2.4662356],[115.2110552,-2.4665388],[115.2110131,-2.4670187],[115.2110441,-2.4672262],[115.2110532,-2.4672589],[115.2110968,-2.4674159],[115.2111082,-2.467453],[115.2111558,-2.4676088],[115.211167,-2.4676452],[115.2112771,-2.4678581],[115.2114047,-2.4680437]]}},{"type":"Feature","properties":{"segmentId":"osm-gaul2-73682-4068072002-4068071708-0","regionId":"gaul2-73682","province":"Kalimantan Selatan","region":"Hulusungai Utara","roadName":"Unnamed OSM road","highway":"tertiary","lengthMeters":2340.28,"osmWayIds":["366601867","665287623","667490918","667490919"],"u":"4068072002","v":"4068071708","key":0,"oneway":false,"source":"OpenStreetMap"},"geometry":{"type":"LineString","coordinates":[[115.20193,-2.4535595],[115.2016684,-2.4530906],[115.2015276,-2.4527837],[115.2014768,-2.4526568],[115.2012447,-2.4521111],[115.2010456,-2.4516271],[115.2009442,-2.4513675],[115.2007746,-2.4510272],[115.2006585,-2.4508329],[115.2005607,-2.4506688],[115.2004802,-2.4505475],[115.2003569,-2.4504151],[115.200212,-2.4502768],[115.2000571,-2.4501631],[115.1999089,-2.4500598],[115.1997339,-2.4499476],[115.1993698,-2.4497811],[115.199086,-2.4496392],[115.1989514,-2.4495345],[115.1988687,-2.4494276],[115.1986778,-2.4491781],[115.1985392,-2.4489373],[115.1982727,-2.4483979],[115.1980833,-2.4480912],[115.1977189,-2.4475013],[115.1973276,-2.4469353],[115.1971089,-2.4466082],[115.1968431,-2.4461701],[115.196534,-2.4456766],[115.1965248,-2.4456635],[115.1960948,-2.4449995],[115.1960036,-2.4448476],[115.1959084,-2.4446922],[115.1957357,-2.4443753],[115.1956737,-2.4442487],[115.1956107,-2.4441053],[115.1954823,-2.4438308],[115.1952915,-2.4434743],[115.1950943,-2.4431103],[115.1947565,-2.4425289],[115.1947081,-2.4424385],[115.1946531,-2.4423434],[115.1945981,-2.4422496],[115.1945533,-2.4421497],[115.1940345,-2.4409799],[115.1934345,-2.4396961],[115.1933943,-2.4396084],[115.1932932,-2.4394238],[115.1931833,-2.4392402],[115.1931309,-2.439154],[115.1930733,-2.4390593],[115.1929513,-2.4388749],[115.1928775,-2.4387739],[115.1928011,-2.4386667],[115.1926415,-2.4384604],[115.1923238,-2.4380519],[115.1922458,-2.4379646],[115.1921546,-2.4378802],[115.191971,-2.4377239],[115.1917479,-2.437538],[115.191531,-2.4373335],[115.1914264,-2.4372304],[115.1913341,-2.4371172],[115.1912762,-2.4370227],[115.1912226,-2.4369276],[115.19113,-2.4367319],[115.1910308,-2.4365377],[115.1909383,-2.4363376],[115.1908497,-2.436204],[115.190749,-2.4360802]]}},{"type":"Feature","properties":{"segmentId":"osm-gaul2-73682-4068072002-6226905154-0","regionId":"gaul2-73682","province":"Kalimantan Selatan","region":"Hulusungai Utara","roadName":"Unnamed OSM road","highway":"tertiary","lengthMeters":46.853,"osmWayIds":["404526748","665280860"],"u":"4068072002","v":"6226905154","key":0,"oneway":false,"source":"OpenStreetMap"},"geometry":{"type":"LineString","coordinates":[[115.20193,-2.4535595],[115.2018957,-2.45358],[115.2015553,-2.4537527]]}},{"type":"Feature","properties":{"segmentId":"osm-gaul2-73682-4765847838-5913155327-0","regionId":"gaul2-73682","province":"Kalimantan Selatan","region":"Hulusungai Utara","roadName":"Unnamed OSM road","highway":"tertiary","lengthMeters":3480.442,"osmWayIds":["247780879","247780880","303267586","354210012","483839212","626583634","666005132","666005133"],"u":"4765847838","v":"5913155327","key":0,"oneway":false,"source":"OpenStreetMap"},"geometry":{"type":"LineString","coordinates":[[115.3145767,-2.3501474],[115.3147108,-2.3502948],[115.3150868,-2.350731],[115.3151366,-2.3507658],[115.3152747,-2.3508891],[115.3155014,-2.351084],[115.3159091,-2.3514947],[115.3163128,-2.3518492],[115.3164958,-2.3520053],[115.3171657,-2.3525627],[115.3175533,-2.3528602],[115.3177337,-2.3529922],[115.3178819,-2.3530853],[115.3180439,-2.3531689],[115.3184359,-2.3533132],[115.3188059,-2.3534136],[115.3192303,-2.3535137],[115.3199336,-2.3535884],[115.3209493,-2.3536358],[115.3212899,-2.3536488],[115.3217417,-2.353666],[115.321968,-2.3536705],[115.3231603,-2.3537589],[115.32402,-2.3538286],[115.3247579,-2.3538885],[115.3254468,-2.3538768],[115.3268581,-2.3537768],[115.3272458,-2.3537238],[115.3276107,-2.3536082],[115.3285688,-2.3531997],[115.3298259,-2.3527224],[115.3306269,-2.3524761],[115.3320542,-2.3520331],[115.332665,-2.3518236],[115.3334433,-2.3515672],[115.3338876,-2.351442],[115.3347661,-2.3513998],[115.335316,-2.3513167],[115.33631,-2.3511189],[115.3364854,-2.3510808],[115.3371144,-2.3509615],[115.3372886,-2.3509201],[115.3373763,-2.3508992],[115.33894,-2.3505709],[115.3390444,-2.350549],[115.3399564,-2.3503827],[115.3407918,-2.3502942],[115.3411765,-2.3502535],[115.344182,-2.3501346]]}},{"type":"Feature","properties":{"segmentId":"osm-gaul2-73682-4765847838-5913237637-0","regionId":"gaul2-73682","province":"Kalimantan Selatan","region":"Hulusungai Utara","roadName":"Jalan Poros Amuntai-Tanjung","highway":"trunk","lengthMeters":5745.285,"osmWayIds":["312027490"],"u":"4765847838","v":"5913237637","key":0,"oneway":false,"source":"OpenStreetMap"},"geometry":{"type":"LineString","coordinates":[[115.3145767,-2.3501474],[115.3142931,-2.3503839],[115.3141133,-2.3505474],[115.3139591,-2.3506814],[115.3137264,-2.3508515],[115.3135192,-2.3509902],[115.3130143,-2.3513078],[115.3127568,-2.3514793],[115.312441,-2.3517205],[115.3121097,-2.35202],[115.3118375,-2.3522934],[115.3115022,-2.3526498],[115.3112206,-2.3529553],[115.3109309,-2.3532689],[115.3106144,-2.3535369],[115.3103596,-2.3537311],[115.3100176,-2.3539348],[115.309799,-2.3540608],[115.3096488,-2.3541425],[115.3092948,-2.3542939],[115.3089836,-2.3544172],[115.3086054,-2.3545418],[115.3083479,-2.3546115],[115.3077619,-2.3547388],[115.3075352,-2.3547911],[115.3072952,-2.3548822],[115.3071249,-2.354976],[115.3068405,-2.3551462],[115.306583,-2.355319],[115.3064261,-2.3554329],[115.306233,-2.3555696],[115.3060278,-2.3557424],[115.3058079,-2.3559448],[115.3055276,-2.3562342],[115.3052366,-2.3565491],[115.3052219,-2.3565656],[115.3048235,-2.3570141],[115.3044561,-2.3574522],[115.3042012,-2.3577671],[115.3040497,-2.3579708],[115.3039679,-2.3580941],[115.3038941,-2.3582241],[115.3038271,-2.3583688],[115.3037654,-2.358547],[115.3037104,-2.35874],[115.3036501,-2.3589584],[115.3035776,-2.3592719],[115.3035307,-2.3595413],[115.3035025,-2.3598843],[115.303477,-2.3601215],[115.3034542,-2.360289],[115.3034247,-2.3604752],[115.3033791,-2.36064],[115.3032786,-2.3609053],[115.3031445,-2.3612444],[115.3030653,-2.3614534],[115.3029889,-2.3616289],[115.3029104,-2.361771],[115.3028347,-2.3618902],[115.3026241,-2.362177],[115.302207,-2.3626634],[115.3021603,-2.3627178],[115.3018308,-2.3631015],[115.3016303,-2.3634037],[115.3014962,-2.3636583],[115.3014299,-2.3638298],[115.3013085,-2.3641842],[115.3011925,-2.3645494],[115.3011073,-2.3649079],[115.3010188,-2.3652402],[115.3009477,-2.3654371],[115.3008981,-2.3655416],[115.3008029,-2.3657708],[115.3005843,-2.3662505],[115.3003928,-2.3666074],[115.3003643,-2.3666605],[115.3001417,-2.3670706],[115.2999513,-2.3674055],[115.2997769,-2.367703],[115.2996053,-2.3680782],[115.2995224,-2.368307],[115.2994873,-2.3684293],[115.2994806,-2.3685177],[115.2994484,-2.3695387],[115.2994328,-2.3709198],[115.299328,-2.3720793],[115.2992633,-2.3725604],[115.2992518,-2.3726172],[115.2992388,-2.3726816],[115.2991895,-2.3727949],[115.2988797,-2.3732745],[115.2986611,-2.3735747],[115.2983517,-2.3740776],[115.2983004,-2.3741616],[115.2975225,-2.376012],[115.2973992,-2.3763296],[115.2973254,-2.3765386],[115.2971524,-2.3770143],[115.2971216,-2.3771363],[115.2969928,-2.3787952],[115.2969097,-2.3804821],[115.2968519,-2.3807769],[115.2968453,-2.3808104],[115.2967346,-2.381173],[115.2966681,-2.3813723],[115.296643,-2.3814477],[115.2965783,-2.3815651],[115.2964631,-2.3817256],[115.296396,-2.3817926],[115.2962459,-2.3819031],[115.29587,-2.3821182],[115.2957442,-2.3821825],[115.2954961,-2.3823661],[115.2952337,-2.382674],[115.2951273,-2.3827975],[115.2948609,-2.3832219],[115.2945305,-2.3838146],[115.2943696,-2.3840638],[115.2942757,-2.3842166],[115.2941416,-2.3843961],[115.2940042,-2.3845293],[115.2938023,-2.3847043],[115.2930081,-2.3854835],[115.2928407,-2.3856584],[115.29275,-2.3857935],[115.2924984,-2.3862083],[115.2922171,-2.3866887],[115.2921447,-2.3867825],[115.2916291,-2.387346],[115.2910524,-2.3879958],[115.2909484,-2.388097],[115.2908465,-2.388156],[115.2907205,-2.3882203],[115.2905743,-2.3882739],[115.2903503,-2.3883342],[115.2901587,-2.3883861],[115.2893161,-2.3885475],[115.2883843,-2.3886705],[115.2877606,-2.3887362],[115.2876244,-2.3887455],[115.2872832,-2.3887415],[115.2869502,-2.3887232],[115.2867213,-2.3887067]]}},{"type":"Feature","properties":{"segmentId":"osm-gaul2-73682-4765847838-5915400510-0","regionId":"gaul2-73682","province":"Kalimantan Selatan","region":"Hulusungai Utara","roadName":"Jalan Poros Amuntai-Tanjung","highway":"trunk","lengthMeters":1136.652,"osmWayIds":["312027490"],"u":"4765847838","v":"5915400510","key":0,"oneway":false,"source":"OpenStreetMap"},"geometry":{"type":"LineString","coordinates":[[115.3145767,-2.3501474],[115.3147893,-2.349998],[115.3151152,-2.3498278],[115.3156114,-2.3496094],[115.3161398,-2.3493883],[115.316357,-2.349269],[115.31653,-2.3491404],[115.3166695,-2.3490024],[115.31688,-2.3487719],[115.3170584,-2.3485454],[115.3172475,-2.3482587],[115.3174232,-2.3479612],[115.3175727,-2.3476724],[115.3177323,-2.3473817],[115.3179274,-2.3469147],[115.3181045,-2.3464136],[115.3183371,-2.3455108],[115.3184214,-2.344775],[115.3185088,-2.342989],[115.31848,-2.3426831],[115.3183056,-2.3416272]]}},{"type":"Feature","properties":{"segmentId":"osm-gaul2-73682-5564409445-3600657499-0","regionId":"gaul2-73682","province":"Kalimantan Selatan","region":"Hulusungai Utara","roadName":"Unnamed OSM road","highway":"tertiary","lengthMeters":926.857,"osmWayIds":["354334209"],"u":"5564409445","v":"3600657499","key":0,"oneway":false,"source":"OpenStreetMap"},"geometry":{"type":"LineString","coordinates":[[115.1441994,-2.5332609],[115.1434242,-2.5338792],[115.1432231,-2.5340286],[115.1428033,-2.5343154],[115.1424707,-2.5345538],[115.1424211,-2.5345873],[115.1422347,-2.5347133],[115.1419933,-2.534862],[115.1415494,-2.5351246],[115.1413375,-2.5352398],[115.14073,-2.5355667],[115.1401104,-2.5358601],[115.1398934,-2.535962],[115.1391917,-2.5362915],[115.1388511,-2.536447],[115.1383898,-2.5366694],[115.1379673,-2.5368931],[115.137628,-2.5370793],[115.1374188,-2.5371999],[115.1373088,-2.5372743],[115.1371781,-2.5373708],[115.1370406,-2.5374833]]}},{"type":"Feature","properties":{"segmentId":"osm-gaul2-73682-5913155327-4765847838-0","regionId":"gaul2-73682","province":"Kalimantan Selatan","region":"Hulusungai Utara","roadName":"Unnamed OSM road","highway":"tertiary","lengthMeters":3480.442,"osmWayIds":["247780879","247780880","303267586","354210012","483839212","626583634","666005132","666005133"],"u":"5913155327","v":"4765847838","key":0,"oneway":false,"source":"OpenStreetMap"},"geometry":{"type":"LineString","coordinates":[[115.344182,-2.3501346],[115.3411765,-2.3502535],[115.3407918,-2.3502942],[115.3399564,-2.3503827],[115.3390444,-2.350549],[115.33894,-2.3505709],[115.3373763,-2.3508992],[115.3372886,-2.3509201],[115.3371144,-2.3509615],[115.3364854,-2.3510808],[115.33631,-2.3511189],[115.335316,-2.3513167],[115.3347661,-2.3513998],[115.3338876,-2.351442],[115.3334433,-2.3515672],[115.332665,-2.3518236],[115.3320542,-2.3520331],[115.3306269,-2.3524761],[115.3298259,-2.3527224],[115.3285688,-2.3531997],[115.3276107,-2.3536082],[115.3272458,-2.3537238],[115.3268581,-2.3537768],[115.3254468,-2.3538768],[115.3247579,-2.3538885],[115.32402,-2.3538286],[115.3231603,-2.3537589],[115.321968,-2.3536705],[115.3217417,-2.353666],[115.3212899,-2.3536488],[115.3209493,-2.3536358],[115.3199336,-2.3535884],[115.3192303,-2.3535137],[115.3188059,-2.3534136],[115.3184359,-2.3533132],[115.3180439,-2.3531689],[115.3178819,-2.3530853],[115.3177337,-2.3529922],[115.3175533,-2.3528602],[115.3171657,-2.3525627],[115.3164958,-2.3520053],[115.3163128,-2.3518492],[115.3159091,-2.3514947],[115.3155014,-2.351084],[115.3152747,-2.3508891],[115.3151366,-2.3507658],[115.3150868,-2.350731],[115.3147108,-2.3502948],[115.3145767,-2.3501474]]}},{"type":"Feature","properties":{"segmentId":"osm-gaul2-73682-5913237637-2528780034-0","regionId":"gaul2-73682","province":"Kalimantan Selatan","region":"Hulusungai Utara","roadName":"Poros Amuntai-Tanjung","highway":"trunk","lengthMeters":1029.957,"osmWayIds":["1349151109","312027490","564210782"],"u":"5913237637","v":"2528780034","key":0,"oneway":false,"source":"OpenStreetMap"},"geometry":{"type":"LineString","coordinates":[[115.2867213,-2.3887067],[115.2859716,-2.3886607],[115.2857865,-2.3886651],[115.2854459,-2.3887053],[115.2850771,-2.3887857],[115.2849134,-2.388841],[115.2846935,-2.3889251],[115.2844723,-2.3890283],[115.2843878,-2.3890792],[115.2841048,-2.3892922],[115.2837628,-2.3895535],[115.2836499,-2.389626],[115.2835958,-2.3896513],[115.2834678,-2.3896956],[115.2833773,-2.3897215],[115.2832753,-2.3897337],[115.2831821,-2.389725],[115.2830907,-2.3897109],[115.2816989,-2.3894383],[115.2816419,-2.3894303],[115.2815909,-2.3894249],[115.2808256,-2.3894386],[115.2799903,-2.3894169],[115.2799346,-2.3894075],[115.2798803,-2.3893914],[115.2797556,-2.3893418],[115.2796202,-2.3892767],[115.2791803,-2.3889907],[115.2789627,-2.388829],[115.2788973,-2.3887643],[115.2787859,-2.3887013],[115.2786942,-2.3885923],[115.2785769,-2.3883763],[115.27854,-2.388298],[115.2784716,-2.3881614],[115.278305,-2.3880584]]}},{"type":"Feature","properties":{"segmentId":"osm-gaul2-73682-5913237637-3076205827-0","regionId":"gaul2-73682","province":"Kalimantan Selatan","region":"Hulusungai Utara","roadName":"Unnamed OSM road","highway":"tertiary","lengthMeters":282.236,"osmWayIds":["1192037518","626350042","666012747","666012748"],"u":"5913237637","v":"3076205827","key":0,"oneway":false,"source":"OpenStreetMap"},"geometry":{"type":"LineString","coordinates":[[115.2867213,-2.3887067],[115.2867132,-2.3889254],[115.2866943,-2.3893183],[115.2866913,-2.3893843],[115.286795,-2.3893914],[115.2880624,-2.3894517],[115.288104,-2.3894574],[115.2881422,-2.3894641],[115.2881736,-2.3894768],[115.2882079,-2.3895046],[115.2884438,-2.3897351]]}},{"type":"Feature","properties":{"segmentId":"osm-gaul2-73682-5913237637-4765847838-0","regionId":"gaul2-73682","province":"Kalimantan Selatan","region":"Hulusungai Utara","roadName":"Jalan Poros Amuntai-Tanjung","highway":"trunk","lengthMeters":5745.285,"osmWayIds":["312027490"],"u":"5913237637","v":"4765847838","key":0,"oneway":false,"source":"OpenStreetMap"},"geometry":{"type":"LineString","coordinates":[[115.2867213,-2.3887067],[115.2869502,-2.3887232],[115.2872832,-2.3887415],[115.2876244,-2.3887455],[115.2877606,-2.3887362],[115.2883843,-2.3886705],[115.2893161,-2.3885475],[115.2901587,-2.3883861],[115.2903503,-2.3883342],[115.2905743,-2.3882739],[115.2907205,-2.3882203],[115.2908465,-2.388156],[115.2909484,-2.388097],[115.2910524,-2.3879958],[115.2916291,-2.387346],[115.2921447,-2.3867825],[115.2922171,-2.3866887],[115.2924984,-2.3862083],[115.29275,-2.3857935],[115.2928407,-2.3856584],[115.2930081,-2.3854835],[115.2938023,-2.3847043],[115.2940042,-2.3845293],[115.2941416,-2.3843961],[115.2942757,-2.3842166],[115.2943696,-2.3840638],[115.2945305,-2.3838146],[115.2948609,-2.3832219],[115.2951273,-2.3827975],[115.2952337,-2.382674],[115.2954961,-2.3823661],[115.2957442,-2.3821825],[115.29587,-2.3821182],[115.2962459,-2.3819031],[115.296396,-2.3817926],[115.2964631,-2.3817256],[115.2965783,-2.3815651],[115.296643,-2.3814477],[115.2966681,-2.3813723],[115.2967346,-2.381173],[115.2968453,-2.3808104],[115.2968519,-2.3807769],[115.2969097,-2.3804821],[115.2969928,-2.3787952],[115.2971216,-2.3771363],[115.2971524,-2.3770143],[115.2973254,-2.3765386],[115.2973992,-2.3763296],[115.2975225,-2.376012],[115.2983004,-2.3741616],[115.2983517,-2.3740776],[115.2986611,-2.3735747],[115.2988797,-2.3732745],[115.2991895,-2.3727949],[115.2992388,-2.3726816],[115.2992518,-2.3726172],[115.2992633,-2.3725604],[115.299328,-2.3720793],[115.2994328,-2.3709198],[115.2994484,-2.3695387],[115.2994806,-2.3685177],[115.2994873,-2.3684293],[115.2995224,-2.368307],[115.2996053,-2.3680782],[115.2997769,-2.367703],[115.2999513,-2.3674055],[115.3001417,-2.3670706],[115.3003643,-2.3666605],[115.3003928,-2.3666074],[115.3005843,-2.3662505],[115.3008029,-2.3657708],[115.3008981,-2.3655416],[115.3009477,-2.3654371],[115.3010188,-2.3652402],[115.3011073,-2.3649079],[115.3011925,-2.3645494],[115.3013085,-2.3641842],[115.3014299,-2.3638298],[115.3014962,-2.3636583],[115.3016303,-2.3634037],[115.3018308,-2.3631015],[115.3021603,-2.3627178],[115.302207,-2.3626634],[115.3026241,-2.362177],[115.3028347,-2.3618902],[115.3029104,-2.361771],[115.3029889,-2.3616289],[115.3030653,-2.3614534],[115.3031445,-2.3612444],[115.3032786,-2.3609053],[115.3033791,-2.36064],[115.3034247,-2.3604752],[115.3034542,-2.360289],[115.303477,-2.3601215],[115.3035025,-2.3598843],[115.3035307,-2.3595413],[115.3035776,-2.3592719],[115.3036501,-2.3589584],[115.3037104,-2.35874],[115.3037654,-2.358547],[115.3038271,-2.3583688],[115.3038941,-2.3582241],[115.3039679,-2.3580941],[115.3040497,-2.3579708],[115.3042012,-2.3577671],[115.3044561,-2.3574522],[115.3048235,-2.3570141],[115.3052219,-2.3565656],[115.3052366,-2.3565491],[115.3055276,-2.3562342],[115.3058079,-2.3559448],[115.3060278,-2.3557424],[115.306233,-2.3555696],[115.3064261,-2.3554329],[115.306583,-2.355319],[115.3068405,-2.3551462],[115.3071249,-2.354976],[115.3072952,-2.3548822],[115.3075352,-2.3547911],[115.3077619,-2.3547388],[115.3083479,-2.3546115],[115.3086054,-2.3545418],[115.3089836,-2.3544172],[115.3092948,-2.3542939],[115.3096488,-2.3541425],[115.309799,-2.3540608],[115.3100176,-2.3539348],[115.3103596,-2.3537311],[115.3106144,-2.3535369],[115.3109309,-2.3532689],[115.3112206,-2.3529553],[115.3115022,-2.3526498],[115.3118375,-2.3522934],[115.3121097,-2.35202],[115.312441,-2.3517205],[115.3127568,-2.3514793],[115.3130143,-2.3513078],[115.3135192,-2.3509902],[115.3137264,-2.3508515],[115.3139591,-2.3506814],[115.3141133,-2.3505474],[115.3142931,-2.3503839],[115.3145767,-2.3501474]]}},{"type":"Feature","properties":{"segmentId":"osm-gaul2-73682-5913266040-3599963310-0","regionId":"gaul2-73682","province":"Kalimantan Selatan","region":"Hulusungai Utara","roadName":"Jalan Nelayan","highway":"tertiary","lengthMeters":2074.511,"osmWayIds":["354251991","665221526","665221527"],"u":"5913266040","v":"3599963310","key":0,"oneway":false,"source":"OpenStreetMap"},"geometry":{"type":"LineString","coordinates":[[115.2183196,-2.498109],[115.2183082,-2.4979629],[115.2183048,-2.4977733],[115.2183008,-2.4975992],[115.2182887,-2.4975442],[115.2182613,-2.4974498],[115.2180259,-2.4969748],[115.2178542,-2.4966439],[115.2176651,-2.4962499],[115.2174573,-2.4958185],[115.2172802,-2.4953978],[115.2172145,-2.495225],[115.2171877,-2.4951138],[115.2171944,-2.4948512],[115.2172494,-2.4944559],[115.2172869,-2.4941732],[115.217297,-2.4940546],[115.2172923,-2.493987],[115.2171931,-2.493652],[115.2171139,-2.493246],[115.2170965,-2.4930732],[115.2171153,-2.4929178],[115.2171394,-2.4927356],[115.2171502,-2.4926163],[115.2171579,-2.4923883],[115.217086,-2.4921558],[115.2169758,-2.4918727],[115.2168618,-2.4916007],[115.2167344,-2.491255],[115.2166213,-2.4909349],[115.216552,-2.4907432],[115.2163227,-2.4901818],[115.2160384,-2.4894288],[115.2160243,-2.4893625],[115.2160102,-2.4892453],[115.2160129,-2.4891897],[115.2160511,-2.4889626],[115.2160598,-2.4887489],[115.2160706,-2.4884876],[115.2160712,-2.4883851],[115.2160618,-2.4883302],[115.2160317,-2.4882719],[115.2159371,-2.4882029],[115.2158345,-2.4881118],[115.215803,-2.4880709],[115.2157648,-2.4879825],[115.215752,-2.4879269],[115.2157527,-2.487675],[115.2157447,-2.4874499],[115.2157152,-2.4872985],[115.2156897,-2.4871592],[115.2156857,-2.487052],[115.2156951,-2.4869475],[115.2157165,-2.486709],[115.2157165,-2.4865482],[115.2157071,-2.4864557],[115.2156414,-2.4863392],[115.2155583,-2.4862226],[115.2154885,-2.4861101],[115.2154268,-2.4859667],[115.2153705,-2.4856639],[115.2153504,-2.4854816],[115.2152324,-2.4848747],[115.2151492,-2.4844701],[115.2151184,-2.4842664],[115.215113,-2.4840842],[115.215117,-2.4840025],[115.2151667,-2.4837412],[115.2151693,-2.4835791],[115.2151211,-2.4833808],[115.215054,-2.4831249],[115.2149789,-2.4829279],[115.2149488,-2.4828327],[115.2149293,-2.4827712],[115.2148944,-2.4826184],[115.2148515,-2.4823893],[115.214818,-2.4818855],[115.2147979,-2.4814487],[115.2147952,-2.4812397],[115.214763,-2.4810937],[115.2147375,-2.4810039],[115.214657,-2.4808257],[115.2145283,-2.4805671],[115.2144049,-2.4804465],[115.2143016,-2.4803956]]}},{"type":"Feature","properties":{"segmentId":"osm-gaul2-73682-5913486461-2536114972-0","regionId":"gaul2-73682","province":"Kalimantan Selatan","region":"Hulusungai Utara","roadName":"Unnamed OSM road","highway":"tertiary","lengthMeters":2257.226,"osmWayIds":["246644646"],"u":"5913486461","v":"2536114972","key":0,"oneway":false,"source":"OpenStreetMap"},"geometry":{"type":"LineString","coordinates":[[115.2453428,-2.4002623],[115.2450478,-2.400344],[115.2447756,-2.4004164],[115.2444161,-2.4005343],[115.2441305,-2.4006629],[115.2438717,-2.400758],[115.243649,-2.400817],[115.2434291,-2.4008666],[115.2431944,-2.4008934],[115.2429892,-2.4009081],[115.2427344,-2.4009081],[115.2424045,-2.4008907],[115.2419646,-2.4008009],[115.2417138,-2.4007245],[115.2414912,-2.4006683],[115.2412324,-2.4006267],[115.2409427,-2.400608],[115.2405551,-2.4005745],[115.2403928,-2.4005718],[115.2400294,-2.4005544],[115.2396955,-2.4005115],[115.2392247,-2.4004485],[115.239104,-2.4004311],[115.2387057,-2.4004164],[115.2385367,-2.4004217],[115.2383168,-2.4004405],[115.2381304,-2.4004592],[115.2379587,-2.4004726],[115.237653,-2.400486],[115.2374263,-2.40047],[115.2372432,-2.4004605],[115.2370495,-2.4004485],[115.2367812,-2.4004003],[115.2366444,-2.4003788],[115.2365091,-2.4003141],[115.236336,-2.4001939],[115.2362099,-2.4000894],[115.2359544,-2.399871],[115.2356719,-2.3997095],[115.2354375,-2.3996258],[115.2352121,-2.3995749],[115.2347732,-2.3995099],[115.2344196,-2.3994195],[115.2341052,-2.3993403],[115.2337812,-2.3992399],[115.2335049,-2.3991099],[115.2330532,-2.3989006],[115.2329189,-2.398858],[115.232837,-2.3988594],[115.2327459,-2.3988768],[115.2325957,-2.3989703],[115.2323878,-2.3991541],[115.2321707,-2.3994323],[115.2320096,-2.399607],[115.2317928,-2.3997819],[115.2315831,-2.3999635],[115.231449,-2.4001403],[115.2312428,-2.4004545],[115.2310252,-2.4007728],[115.230806,-2.4010637],[115.2307837,-2.4010933],[115.2304475,-2.4014059],[115.2302662,-2.4015633],[115.2300094,-2.4016999],[115.2297538,-2.4017697],[115.2294427,-2.4018206],[115.2289329,-2.4018892],[115.2286059,-2.4019492],[115.2283058,-2.4020164],[115.2281043,-2.4020939],[115.2279664,-2.4021672],[115.2277194,-2.402384],[115.2275732,-2.402571],[115.227384,-2.4027777],[115.2273104,-2.4029006],[115.2272929,-2.4030356]]}},{"type":"Feature","properties":{"segmentId":"osm-gaul2-73682-5913486461-2536527453-0","regionId":"gaul2-73682","province":"Kalimantan Selatan","region":"Hulusungai Utara","roadName":"Unnamed OSM road","highway":"tertiary","lengthMeters":71.249,"osmWayIds":["246643426","665072005","770226782"],"u":"5913486461","v":"2536527453","key":0,"oneway":false,"source":"OpenStreetMap"},"geometry":{"type":"LineString","coordinates":[[115.2453428,-2.4002623],[115.2452651,-2.3999742],[115.245179,-2.3997155],[115.2451416,-2.3996566]]}},{"type":"Feature","properties":{"segmentId":"osm-gaul2-73682-5913486461-4061678951-0","regionId":"gaul2-73682","province":"Kalimantan Selatan","region":"Hulusungai Utara","roadName":"Unnamed OSM road","highway":"tertiary","lengthMeters":1084.704,"osmWayIds":["246603699","770226781","770226782"],"u":"5913486461","v":"4061678951","key":0,"oneway":false,"source":"OpenStreetMap"},"geometry":{"type":"LineString","coordinates":[[115.2453428,-2.4002623],[115.2455649,-2.4008325],[115.2456088,-2.400967],[115.2456513,-2.401097],[115.2457312,-2.4014061],[115.2457573,-2.4015513],[115.2457693,-2.4016866],[115.2457961,-2.4019023],[115.2457952,-2.4020035],[115.2457935,-2.4021757],[115.2457935,-2.4025133],[115.2457868,-2.4027798],[115.2457834,-2.4029156],[115.2457806,-2.4030313],[115.245776,-2.4033414],[115.2457666,-2.403793],[115.2457792,-2.4040751],[115.2458283,-2.4042459],[115.2458766,-2.4044174],[115.245937,-2.4045514],[115.2460469,-2.4046961],[115.2462606,-2.4049209],[115.2464165,-2.4051236],[115.2464969,-2.405228],[115.2465438,-2.4052919],[115.2466224,-2.405406],[115.2466437,-2.4054371],[115.2467863,-2.4056627],[115.2468435,-2.4057533],[115.2469549,-2.4060883],[115.2469983,-2.4062648],[115.2470461,-2.4065197],[115.2472365,-2.4075086],[115.2472641,-2.4076348],[115.24738,-2.4081651],[115.2474417,-2.4083567],[115.2475825,-2.4086381],[115.2476509,-2.4087681],[115.2476938,-2.4088151],[115.2478226,-2.4089463],[115.2481885,-2.4092528]]}},{"type":"Feature","properties":{"segmentId":"osm-gaul2-73682-5915362325-2546845109-0","regionId":"gaul2-73682","province":"Kalimantan Selatan","region":"Hulusungai Utara","roadName":"Jalan Brigadir Jenderal Hasan Basri","highway":"trunk","lengthMeters":10418.047,"osmWayIds":["1509742452","247826777","247826778","354239775","354239782","511718928","511718929","511718930","511718931","665224477","665224478","665224631","665224632","665224925","665224926"],"u":"5915362325","v":"2546845109","key":0,"oneway":false,"source":"OpenStreetMap"},"geometry":{"type":"LineString","coordinates":[[115.230258,-2.5516709],[115.2300532,-2.5508463],[115.2298424,-2.5499975],[115.2296868,-2.5494697],[115.2293443,-2.5483322],[115.2288744,-2.5471358],[115.228798,-2.5468506],[115.2287614,-2.5466776],[115.228765,-2.5464789],[115.2287774,-2.5463373],[115.2287897,-2.546208],[115.2288355,-2.5459641],[115.2289499,-2.5455555],[115.2290423,-2.5451615],[115.2290855,-2.5447429],[115.2290994,-2.5445513],[115.2290913,-2.5443852],[115.229074,-2.544169],[115.2289592,-2.5432328],[115.2288334,-2.5422716],[115.2287471,-2.5418065],[115.2286541,-2.5414002],[115.2285668,-2.54087],[115.2285056,-2.5401225],[115.2284959,-2.539976],[115.2284146,-2.5392994],[115.2280649,-2.5374718],[115.2280354,-2.5372813],[115.2279835,-2.5369574],[115.2279674,-2.5365051],[115.227935,-2.5354248],[115.2278709,-2.5345605],[115.2277725,-2.5336702],[115.227645,-2.5330229],[115.2274988,-2.5325951],[115.2271481,-2.5317081],[115.2267133,-2.5307398],[115.2265869,-2.5304457],[115.2264061,-2.5299618],[115.2259478,-2.5287351],[115.2257251,-2.5280044],[115.2255461,-2.5271055],[115.2253363,-2.5261145],[115.2252191,-2.5256609],[115.22478,-2.5242313],[115.2246743,-2.523817],[115.2246501,-2.5236128],[115.2246595,-2.5233942],[115.2246946,-2.523088],[115.2247736,-2.5225556],[115.2248482,-2.5220988],[115.2248856,-2.5218324],[115.2249265,-2.5213804],[115.2249777,-2.5208364],[115.2250237,-2.5204202],[115.2250845,-2.5200143],[115.2251378,-2.5197557],[115.2251804,-2.5195718],[115.225222,-2.5193925],[115.2253248,-2.5189831],[115.225347,-2.5187134],[115.2253573,-2.5185126],[115.2253497,-2.5181426],[115.2253454,-2.5177496],[115.2253425,-2.5177143],[115.2253423,-2.5174319],[115.2253637,-2.5170416],[115.225368,-2.5169631],[115.2253765,-2.5168028],[115.2253886,-2.5166728],[115.2254047,-2.5165441],[115.2254956,-2.5160919],[115.2256257,-2.5153748],[115.2256911,-2.5148678],[115.2257231,-2.514636],[115.2257912,-2.5139289],[115.2258203,-2.5135777],[115.2258351,-2.513468],[115.2258593,-2.5133715],[115.2259068,-2.51324],[115.2260612,-2.5128618],[115.2261352,-2.5126805],[115.2263479,-2.5121753],[115.2264252,-2.5119929],[115.2268534,-2.5110719],[115.2273251,-2.5100635],[115.2273655,-2.5099627],[115.2274673,-2.5096763],[115.2274961,-2.5095827],[115.227529,-2.5094727],[115.2276994,-2.5088102],[115.2277108,-2.5087685],[115.2278454,-2.5082775],[115.2278684,-2.5081968],[115.2278924,-2.5081128],[115.2281687,-2.5073035],[115.2282124,-2.507182],[115.2282491,-2.5070905],[115.228518,-2.5064408],[115.2285691,-2.5063248],[115.2285835,-2.5062901],[115.228635,-2.5061663],[115.2289837,-2.5053838],[115.2292355,-2.5048328],[115.2294521,-2.5043587],[115.2295479,-2.5041626],[115.2298781,-2.5034686],[115.2303824,-2.5024942],[115.2306889,-2.5018243],[115.2313174,-2.5004511],[115.2314946,-2.5000457],[115.2319801,-2.4990087],[115.2324884,-2.4979462],[115.2325474,-2.4977492],[115.2325889,-2.4974933],[115.2326158,-2.4971369],[115.2327137,-2.4964496],[115.2328384,-2.4955599],[115.232943,-2.4950294],[115.2329675,-2.4948916],[115.2330798,-2.4942603],[115.2331804,-2.4937016],[115.2332823,-2.493159],[115.2333507,-2.4928454],[115.2334875,-2.4923269],[115.2336015,-2.4919504],[115.2337638,-2.4914051],[115.2339475,-2.4907137],[115.2340494,-2.4901376],[115.2341527,-2.4893793],[115.2342345,-2.488574],[115.2342401,-2.4884037],[115.2342512,-2.4880622],[115.2342747,-2.4879068],[115.234327,-2.4877353],[115.2344464,-2.4875169],[115.2345349,-2.487269],[115.2347481,-2.486721],[115.234779,-2.4866329],[115.2348614,-2.4863985],[115.2349359,-2.4861864],[115.2350378,-2.4858568],[115.2351303,-2.485487],[115.2351564,-2.4853064],[115.2352363,-2.4847541],[115.2352819,-2.4843884],[115.2353396,-2.483961],[115.2353583,-2.4837881],[115.2353583,-2.4835831],[115.2353516,-2.4834304],[115.2353409,-2.4831155],[115.2353334,-2.4830473],[115.2352993,-2.4827377],[115.2352524,-2.4824965],[115.2352014,-2.4823612],[115.2350995,-2.4821575],[115.2350513,-2.4820823],[115.2348005,-2.4816978],[115.2347383,-2.4816022],[115.23439,-2.4810669],[115.2341279,-2.4806856],[115.2339022,-2.4803575],[115.2338603,-2.4802965],[115.2335787,-2.4798972],[115.2334017,-2.4796922],[115.2332921,-2.4796022],[115.2329251,-2.4793008],[115.2328237,-2.4792176],[115.2324937,-2.4789687],[115.2320996,-2.4786499],[115.2316609,-2.4782949],[115.2315651,-2.4781995],[115.2313422,-2.4779774],[115.2310618,-2.4776995],[115.2308388,-2.4774761],[115.2304405,-2.4771049],[115.2302811,-2.4769778],[115.2300677,-2.4768073],[115.2299497,-2.4767137],[115.229719,-2.4765529],[115.2296023,-2.4765035],[115.2295513,-2.4764819],[115.2293998,-2.476427],[115.2293153,-2.4764069],[115.2292576,-2.4763921],[115.2291101,-2.4763881],[115.2288982,-2.4763908],[115.2286188,-2.4764146],[115.228591,-2.476417],[115.2282502,-2.4764992],[115.2281144,-2.4765194],[115.2279945,-2.4765545],[115.2278441,-2.4765837],[115.2276939,-2.4765703],[115.2275518,-2.4765181],[115.2274056,-2.4764042],[115.2272393,-2.4761992],[115.2271744,-2.4760896],[115.2271481,-2.4760451],[115.2269053,-2.4757329],[115.2267572,-2.4755719],[115.2266157,-2.4754181],[115.2263984,-2.4751863],[115.2263206,-2.4751112],[115.2262093,-2.4750041],[115.2258942,-2.4746678],[115.2257252,-2.4744252],[115.225524,-2.4740112],[115.225347,-2.4735744],[115.2251548,-2.4730832],[115.2251164,-2.472985],[115.2250975,-2.4729367],[115.2250309,-2.4725808],[115.2250037,-2.4724356],[115.2249952,-2.4723261],[115.224972,-2.4720283],[115.2249622,-2.4719762],[115.2249366,-2.4718407],[115.2248886,-2.4717009],[115.2247915,-2.4715276],[115.2245289,-2.4710877],[115.2243572,-2.4708117],[115.2242621,-2.4706414],[115.2241909,-2.4704552],[115.22416,-2.4703075],[115.2241507,-2.4699622],[115.2241456,-2.4696494],[115.2241217,-2.4692071],[115.224081,-2.4690002],[115.2239217,-2.4686038],[115.2234527,-2.467488],[115.2233647,-2.4673222],[115.2232499,-2.4671198],[115.2232406,-2.4671038],[115.2228839,-2.466443]]}},{"type":"Feature","properties":{"segmentId":"osm-gaul2-73682-5915400510-4765847838-0","regionId":"gaul2-73682","province":"Kalimantan Selatan","region":"Hulusungai Utara","roadName":"Jalan Poros Amuntai-Tanjung","highway":"trunk","lengthMeters":1136.652,"osmWayIds":["312027490"],"u":"5915400510","v":"4765847838","key":0,"oneway":false,"source":"OpenStreetMap"},"geometry":{"type":"LineString","coordinates":[[115.3183056,-2.3416272],[115.31848,-2.3426831],[115.3185088,-2.342989],[115.3184214,-2.344775],[115.3183371,-2.3455108],[115.3181045,-2.3464136],[115.3179274,-2.3469147],[115.3177323,-2.3473817],[115.3175727,-2.3476724],[115.3174232,-2.3479612],[115.3172475,-2.3482587],[115.3170584,-2.3485454],[115.31688,-2.3487719],[115.3166695,-2.3490024],[115.31653,-2.3491404],[115.316357,-2.349269],[115.3161398,-2.3493883],[115.3156114,-2.3496094],[115.3151152,-2.3498278],[115.3147893,-2.349998],[115.3145767,-2.3501474]]}},{"type":"Feature","properties":{"segmentId":"osm-gaul2-73682-5915400886-2528793970-0","regionId":"gaul2-73682","province":"Kalimantan Selatan","region":"Hulusungai Utara","roadName":"Jalan Batang Banyu","highway":"tertiary","lengthMeters":809.013,"osmWayIds":["351551889"],"u":"5915400886","v":"2528793970","key":0,"oneway":false,"source":"OpenStreetMap"},"geometry":{"type":"LineString","coordinates":[[115.2737689,-2.3517533],[115.2744368,-2.3514733],[115.2747425,-2.3513313],[115.2748686,-2.3512616],[115.2750295,-2.3511624],[115.2751958,-2.3510445],[115.2754614,-2.3508167],[115.2756277,-2.3506345],[115.2757966,-2.350412],[115.275979,-2.3501038],[115.2761051,-2.349876],[115.276207,-2.3497474],[115.2762982,-2.3496563],[115.276427,-2.3495786],[115.2765799,-2.3495169],[115.2770331,-2.349399],[115.2779183,-2.3492275],[115.2788034,-2.3490533],[115.2790824,-2.348997],[115.2792057,-2.3489595],[115.2793345,-2.3488791],[115.2795356,-2.3487143],[115.2796684,-2.3485655],[115.2798106,-2.3483217]]}},{"type":"Feature","properties":{"segmentId":"osm-gaul2-73682-5915400886-3598802605-0","regionId":"gaul2-73682","province":"Kalimantan Selatan","region":"Hulusungai Utara","roadName":"Jalan Batang Banyu","highway":"tertiary","lengthMeters":1885.136,"osmWayIds":["351551889"],"u":"5915400886","v":"3598802605","key":0,"oneway":false,"source":"OpenStreetMap"},"geometry":{"type":"LineString","coordinates":[[115.2737689,-2.3517533],[115.2734739,-2.3518847],[115.2727483,-2.3521795],[115.2726156,-2.3522411],[115.2725042,-2.3523081],[115.2720818,-2.352619],[115.2717304,-2.3528883],[115.2713576,-2.3531751],[115.2708963,-2.3535476],[115.2703719,-2.3539455],[115.26981,-2.3543596],[115.269177,-2.3548219],[115.2686459,-2.3552051],[115.268533,-2.3553119],[115.2683877,-2.355568],[115.2683218,-2.3557583],[115.2683058,-2.3560163],[115.268306,-2.3567863],[115.2683058,-2.3573177],[115.2683212,-2.3585649],[115.2683106,-2.3587239],[115.2682945,-2.358823],[115.2681881,-2.3591557],[115.2681388,-2.35931],[115.2678493,-2.3600866],[115.2677058,-2.3604578],[115.2672525,-2.3611934],[115.2663392,-2.3626728],[115.2658103,-2.3635602],[115.2656867,-2.3637534],[115.2654714,-2.36409],[115.2651992,-2.3645661],[115.2650517,-2.3647738],[115.2649041,-2.3649457]]}},{"type":"Feature","properties":{"segmentId":"osm-gaul2-73682-5915400886-5915400913-0","regionId":"gaul2-73682","province":"Kalimantan Selatan","region":"Hulusungai Utara","roadName":"Jalan Padat Karya","highway":"tertiary","lengthMeters":877.776,"osmWayIds":["626583638"],"u":"5915400886","v":"5915400913","key":0,"oneway":false,"source":"OpenStreetMap"},"geometry":{"type":"LineString","coordinates":[[115.2737689,-2.3517533],[115.2735593,-2.3514955],[115.2735218,-2.351462],[115.2731869,-2.3511624],[115.2730045,-2.350948],[115.2729736,-2.3508623],[115.2729602,-2.3507765],[115.2729723,-2.3506867],[115.273101,-2.3503102],[115.2731882,-2.3499283],[115.2732258,-2.3498184],[115.2732861,-2.3496616],[115.2733089,-2.3495652],[115.2733183,-2.349458],[115.273321,-2.3491926],[115.2732888,-2.3489434],[115.2732378,-2.3487639],[115.273101,-2.34852],[115.2729455,-2.3483217],[115.2727389,-2.3481073],[115.272346,-2.3477602],[115.2720818,-2.3476088],[115.2719584,-2.3475565],[115.2717908,-2.3475364],[115.2716285,-2.3475512],[115.2714246,-2.3476008],[115.2712101,-2.3476798],[115.2710438,-2.3477535],[115.270903,-2.3478286],[115.2708413,-2.3478353],[115.270797,-2.3478232],[115.270738,-2.3477763],[115.2704617,-2.3475552],[115.270223,-2.347389],[115.2695551,-2.3469495]]}},{"type":"Feature","properties":{"segmentId":"osm-gaul2-73682-5915400913-5915400886-0","regionId":"gaul2-73682","province":"Kalimantan Selatan","region":"Hulusungai Utara","roadName":"Jalan Padat Karya","highway":"tertiary","lengthMeters":877.776,"osmWayIds":["626583638"],"u":"5915400913","v":"5915400886","key":0,"oneway":false,"source":"OpenStreetMap"},"geometry":{"type":"LineString","coordinates":[[115.2695551,-2.3469495],[115.270223,-2.347389],[115.2704617,-2.3475552],[115.270738,-2.3477763],[115.270797,-2.3478232],[115.2708413,-2.3478353],[115.270903,-2.3478286],[115.2710438,-2.3477535],[115.2712101,-2.3476798],[115.2714246,-2.3476008],[115.2716285,-2.3475512],[115.2717908,-2.3475364],[115.2719584,-2.3475565],[115.2720818,-2.3476088],[115.272346,-2.3477602],[115.2727389,-2.3481073],[115.2729455,-2.3483217],[115.273101,-2.34852],[115.2732378,-2.3487639],[115.2732888,-2.3489434],[115.273321,-2.3491926],[115.2733183,-2.349458],[115.2733089,-2.3495652],[115.2732861,-2.3496616],[115.2732258,-2.3498184],[115.2731882,-2.3499283],[115.273101,-2.3503102],[115.2729723,-2.3506867],[115.2729602,-2.3507765],[115.2729736,-2.3508623],[115.2730045,-2.350948],[115.2731869,-2.3511624],[115.2735218,-2.351462],[115.2735593,-2.3514955],[115.2737689,-2.3517533]]}},{"type":"Feature","properties":{"segmentId":"osm-gaul2-73682-5915591894-3599963772-0","regionId":"gaul2-73682","province":"Kalimantan Selatan","region":"Hulusungai Utara","roadName":"Jalan Kali Negara","highway":"primary","lengthMeters":1244.987,"osmWayIds":["354335372","665553934","665553935"],"u":"5915591894","v":"3599963772","key":0,"oneway":false,"source":"OpenStreetMap"},"geometry":{"type":"LineString","coordinates":[[115.144419,-2.5525231],[115.1444026,-2.5524547],[115.1443758,-2.5523569],[115.1443315,-2.5522129],[115.1442799,-2.552034],[115.1441786,-2.55174],[115.1441002,-2.5515055],[115.1439969,-2.5512141],[115.1439124,-2.550977],[115.1438356,-2.5507575],[115.1437582,-2.5505375],[115.1436898,-2.550364],[115.143602,-2.5501228],[115.1435597,-2.5500049],[115.143486,-2.5498536],[115.1434202,-2.5497256],[115.1433525,-2.5496131],[115.1432613,-2.5494764],[115.14309,-2.5492313],[115.1428409,-2.5488621],[115.1427172,-2.5486876],[115.1425298,-2.548418],[115.1422991,-2.5480871],[115.1421154,-2.5478526],[115.1419397,-2.5476489],[115.1416419,-2.5473033],[115.141513,-2.5471678],[115.1413362,-2.5469778],[115.1409171,-2.5465282],[115.1407622,-2.5463567],[115.1404323,-2.5459916],[115.1402814,-2.5458188],[115.1400011,-2.5455093],[115.1398234,-2.5453077],[115.1397027,-2.5451697],[115.1395673,-2.5450203],[115.1395089,-2.5449593],[115.1394392,-2.5448923],[115.1393547,-2.5448173],[115.1390684,-2.5445815],[115.1388283,-2.544404],[115.1385527,-2.5441809],[115.1383361,-2.5440034],[115.138149,-2.5438493],[115.1379137,-2.5436765]]}},{"type":"Feature","properties":{"segmentId":"osm-gaul2-73682-5917370764-2535020017-0","regionId":"gaul2-73682","province":"Kalimantan Selatan","region":"Hulusungai Utara","roadName":"Jalan Patma Raga","highway":"tertiary","lengthMeters":3194.528,"osmWayIds":["246593709","484164244","626331529"],"u":"5917370764","v":"2535020017","key":0,"oneway":false,"source":"OpenStreetMap"},"geometry":{"type":"LineString","coordinates":[[115.2432856,-2.4433396],[115.2431166,-2.4432961],[115.2429356,-2.443276],[115.2425922,-2.4432733],[115.2425279,-2.4432746],[115.2425017,-2.4432733],[115.2424789,-2.4432646],[115.2424655,-2.4432324],[115.2424059,-2.4428861],[115.2423477,-2.4425942],[115.2423312,-2.442511],[115.2423099,-2.4424218],[115.2422581,-2.4421805],[115.2421959,-2.4418905],[115.2421363,-2.4417063],[115.2419864,-2.441146],[115.2419236,-2.440751],[115.2419291,-2.4403864],[115.2419586,-2.4401607],[115.2419968,-2.4399932],[115.2420585,-2.4398137],[115.2421512,-2.4395328],[115.2421752,-2.43946],[115.2424835,-2.438814],[115.242525,-2.438727],[115.2428481,-2.4381436],[115.2429739,-2.4379514],[115.2430949,-2.4377666],[115.2431293,-2.4377083],[115.2433088,-2.4374041],[115.2433692,-2.4373017],[115.2435226,-2.4370418],[115.2436851,-2.4367663],[115.2438354,-2.4365109],[115.2439114,-2.4363545],[115.244006,-2.4361599],[115.2441426,-2.4358436],[115.244329,-2.435376],[115.2443424,-2.4353406],[115.2444215,-2.4351308],[115.2445731,-2.434698],[115.2446119,-2.4345707],[115.244695,-2.4341897],[115.24473,-2.4340294],[115.244856,-2.4333085],[115.2448633,-2.4331542],[115.244879,-2.4328193],[115.2448855,-2.4326815],[115.2448815,-2.4323733],[115.2448587,-2.4319043],[115.2447943,-2.4311406],[115.2447554,-2.4307815],[115.2447485,-2.4306424],[115.24473,-2.430271],[115.2447179,-2.4299186],[115.2447219,-2.42953],[115.2447407,-2.4293089],[115.2447943,-2.4291079],[115.2448265,-2.4290235],[115.2449726,-2.4285117],[115.245076,-2.4281968],[115.2450813,-2.4281767],[115.2451603,-2.4280275],[115.2452033,-2.4279462],[115.2452298,-2.4278964],[115.2452892,-2.4277908],[115.2454475,-2.4275697],[115.2456089,-2.4273412],[115.2458874,-2.4270083],[115.2461299,-2.4267247],[115.2461784,-2.426668],[115.2463286,-2.4265045],[115.2464343,-2.4263891],[115.2464721,-2.4263477],[115.2466276,-2.426203],[115.2467979,-2.4260516],[115.246979,-2.4259149],[115.2475067,-2.4255411],[115.2477807,-2.4253327],[115.2479365,-2.4252142],[115.2481471,-2.4250708],[115.2483053,-2.424977],[115.248469,-2.424898],[115.2486568,-2.4248055],[115.2489719,-2.4246407],[115.2490679,-2.4245869],[115.2494007,-2.4243742],[115.2494346,-2.4243526],[115.2495968,-2.4242414],[115.2496596,-2.4241914],[115.2497752,-2.4240994],[115.2498928,-2.4240038],[115.2500169,-2.4239029],[115.250258,-2.4237057],[115.2503009,-2.4236706],[115.2505493,-2.4234637],[115.2507743,-2.423266],[115.2511277,-2.422948],[115.2514704,-2.4226134],[115.2516245,-2.4224448],[115.2516541,-2.4224124],[115.2517695,-2.4222517],[115.2518183,-2.4221974],[115.2519679,-2.4219757],[115.2521959,-2.4216447],[115.2522978,-2.4214825],[115.2523971,-2.4213419],[115.2525336,-2.4211018],[115.2526264,-2.4209385],[115.2528503,-2.4204293],[115.2529106,-2.420295],[115.2530944,-2.4198854],[115.2531494,-2.41975],[115.2531669,-2.4196804],[115.2531691,-2.4196]]}},{"type":"Feature","properties":{"segmentId":"osm-gaul2-73682-5917370764-2535020068-0","regionId":"gaul2-73682","province":"Kalimantan Selatan","region":"Hulusungai Utara","roadName":"Jalan Brigadir Jenderal Hasan Basri","highway":"trunk","lengthMeters":1757.109,"osmWayIds":["581915820"],"u":"5917370764","v":"2535020068","key":0,"oneway":false,"source":"OpenStreetMap"},"geometry":{"type":"LineString","coordinates":[[115.2432856,-2.4433396],[115.2433803,-2.4429758],[115.2434117,-2.4428552],[115.2434425,-2.4426877],[115.2434647,-2.4425268],[115.2434676,-2.4425064],[115.2434774,-2.4423581],[115.2434754,-2.4422169],[115.243464,-2.4420513],[115.2434549,-2.4419181],[115.2434371,-2.4417967],[115.243406,-2.4416445],[115.2433218,-2.4413559],[115.2432358,-2.4410789],[115.243173,-2.440899],[115.2431086,-2.440687],[115.243071,-2.4405587],[115.2430557,-2.4404382],[115.2430509,-2.4403282],[115.2430582,-2.4402173],[115.2430959,-2.440057],[115.24313,-2.4399557],[115.2431806,-2.4398284],[115.2434472,-2.4392874],[115.2435431,-2.4390928],[115.2437632,-2.4386387],[115.2439726,-2.4382065],[115.2440353,-2.4380772],[115.24415,-2.4378581],[115.2442153,-2.437729],[115.2443341,-2.437494],[115.2443638,-2.4374312],[115.2445047,-2.4371339],[115.2445883,-2.4369746],[115.2446334,-2.4368887],[115.2447211,-2.4366968],[115.245043,-2.4360214],[115.245127,-2.4358451],[115.2451379,-2.4358212],[115.2454288,-2.4351861],[115.2455048,-2.4349951],[115.2456153,-2.4347448],[115.2456932,-2.4345683],[115.2457588,-2.4344054],[115.245764,-2.4343925],[115.2458228,-2.4342011],[115.2458619,-2.4340562],[115.2459,-2.43389],[115.2459477,-2.4335584],[115.2460054,-2.4331598],[115.2460444,-2.4329307],[115.2460925,-2.4325729],[115.2461248,-2.4323574],[115.24614,-2.4322822],[115.2461472,-2.4322402],[115.2461726,-2.4320927],[115.246181,-2.4320423],[115.2462575,-2.4316042],[115.2463202,-2.43128],[115.2463551,-2.4310834],[115.2464437,-2.4305427],[115.2465278,-2.4300295],[115.2465621,-2.4297961],[115.246621,-2.4294244],[115.2466678,-2.4291079],[115.246721,-2.4286783],[115.2467332,-2.4286002],[115.2467575,-2.4285403],[115.2467879,-2.4284668],[115.2468648,-2.4283342]]}},{"type":"Feature","properties":{"segmentId":"osm-gaul2-73682-5917370764-2546845109-0","regionId":"gaul2-73682","province":"Kalimantan Selatan","region":"Hulusungai Utara","roadName":"Jalan Brigadir Jenderal H. Hasan Baseri","highway":"trunk","lengthMeters":3703.934,"osmWayIds":["511718931","511718932","511718933","581915819","581915820"],"u":"5917370764","v":"2546845109","key":0,"oneway":false,"source":"OpenStreetMap"},"geometry":{"type":"LineString","coordinates":[[115.2432856,-2.4433396],[115.2432789,-2.4433675],[115.2432685,-2.4434216],[115.2431999,-2.4436531],[115.2430433,-2.4441971],[115.2430308,-2.4442407],[115.2429396,-2.4445462],[115.242853,-2.4447959],[115.2427612,-2.4450151],[115.2426886,-2.4451591],[115.2426416,-2.4452524],[115.2425785,-2.4453682],[115.242489,-2.4455042],[115.2423938,-2.4456368],[115.2420436,-2.4460874],[115.2418368,-2.4463115],[115.241713,-2.4464243],[115.2416964,-2.4464394],[115.2415022,-2.4465882],[115.2413557,-2.446692],[115.2412035,-2.4467891],[115.2409277,-2.4469437],[115.2407408,-2.4470337],[115.2406496,-2.4470742],[115.240553,-2.4471171],[115.240379,-2.4471836],[115.2402011,-2.4472393],[115.2400217,-2.4473024],[115.2397812,-2.4473799],[115.2397246,-2.4473981],[115.2389783,-2.4475696],[115.2387832,-2.4476155],[115.238641,-2.4476489],[115.2385395,-2.4476728],[115.2384502,-2.4476959],[115.238117,-2.447782],[115.2380115,-2.4478106],[115.2377435,-2.4478832],[115.2372989,-2.4479669],[115.2368673,-2.4480577],[115.2366277,-2.4481396],[115.2364087,-2.4482184],[115.2361867,-2.4482983],[115.2360711,-2.4483415],[115.2358125,-2.4484528],[115.2357528,-2.4484821],[115.2353409,-2.4486839],[115.235007,-2.4488476],[115.2348058,-2.4489549],[115.2346989,-2.4490262],[115.2342577,-2.4492954],[115.2340125,-2.4494467],[115.2339656,-2.4494756],[115.2337691,-2.449628],[115.2334788,-2.4498696],[115.2332076,-2.4500979],[115.233116,-2.450175],[115.2327718,-2.4504742],[115.2325433,-2.4506938],[115.2323696,-2.4508608],[115.2322601,-2.4509616],[115.2321535,-2.4510597],[115.2319914,-2.4512399],[115.2317635,-2.4514932],[115.2316509,-2.4516162],[115.2316071,-2.4516704],[115.231506,-2.4518041],[115.2313703,-2.4519848],[115.2312646,-2.4521256],[115.2311433,-2.4523015],[115.2310983,-2.4523668],[115.2309373,-2.4526201],[115.2309052,-2.4526697],[115.2307681,-2.4529671],[115.2307375,-2.4530462],[115.2306631,-2.4532179],[115.2305872,-2.4534113],[115.2304988,-2.4536102],[115.2304204,-2.4538047],[115.2303312,-2.4540711],[115.2300621,-2.4548115],[115.2299735,-2.4550472],[115.2297866,-2.4555501],[115.229696,-2.4557898],[115.2296194,-2.456032],[115.2295354,-2.4562977],[115.2294441,-2.4565568],[115.229353,-2.4567913],[115.2293339,-2.4568405],[115.2292087,-2.4571103],[115.2291958,-2.457138],[115.2290656,-2.4573872],[115.2289074,-2.4576257],[115.2288258,-2.4577306],[115.2287263,-2.4578427],[115.2285413,-2.4580357],[115.2282194,-2.4583679],[115.2278947,-2.4586909],[115.2274471,-2.4591361],[115.2270582,-2.4595166],[115.2266872,-2.4598639],[115.2260726,-2.4604492],[115.2257268,-2.4607827],[115.225332,-2.4611871],[115.2252806,-2.4612348],[115.225068,-2.4614407],[115.2248714,-2.4616462],[115.2247241,-2.4617949],[115.224573,-2.4619456],[115.2244878,-2.4620307],[115.2243925,-2.4621257],[115.2242919,-2.4622261],[115.2241899,-2.4623279],[115.2240182,-2.4624992],[115.2235925,-2.4629287],[115.2233192,-2.4631744],[115.2229856,-2.4634803],[115.2227392,-2.4637375],[115.2225928,-2.4639406],[115.2225146,-2.464054],[115.2224561,-2.4641806],[115.2224471,-2.46424],[115.2224231,-2.4643975],[115.2224114,-2.464557],[115.2223939,-2.4648707],[115.2224033,-2.4652262],[115.2224468,-2.4655379],[115.2225291,-2.4658372],[115.222662,-2.466082],[115.2228435,-2.4663773],[115.2228839,-2.466443]]}},{"type":"Feature","properties":{"segmentId":"osm-gaul2-73682-6226905154-4068072002-0","regionId":"gaul2-73682","province":"Kalimantan Selatan","region":"Hulusungai Utara","roadName":"Unnamed OSM road","highway":"tertiary","lengthMeters":46.853,"osmWayIds":["404526748","665280860"],"u":"6226905154","v":"4068072002","key":0,"oneway":false,"source":"OpenStreetMap"},"geometry":{"type":"LineString","coordinates":[[115.2015553,-2.4537527],[115.2018957,-2.45358],[115.20193,-2.4535595]]}},{"type":"Feature","properties":{"segmentId":"osm-gaul2-73682-7180036838-7183300466-0","regionId":"gaul2-73682","province":"Kalimantan Selatan","region":"Hulusungai Utara","roadName":"Jalan Norman Umar","highway":"primary","lengthMeters":43.767,"osmWayIds":["246462405"],"u":"7180036838","v":"7183300466","key":0,"oneway":true,"source":"OpenStreetMap"},"geometry":{"type":"LineString","coordinates":[[115.2538803,-2.4210464],[115.2538849,-2.4209759],[115.253887,-2.4209439],[115.2538944,-2.4208153],[115.2538992,-2.4206533]]}},{"type":"Feature","properties":{"segmentId":"osm-gaul2-73682-7180647228-2535020068-0","regionId":"gaul2-73682","province":"Kalimantan Selatan","region":"Hulusungai Utara","roadName":"Jalan Suwandi Sumarta","highway":"secondary","lengthMeters":1083.284,"osmWayIds":["246595492"],"u":"7180647228","v":"2535020068","key":0,"oneway":false,"source":"OpenStreetMap"},"geometry":{"type":"LineString","coordinates":[[115.2556533,-2.4258961],[115.2556318,-2.4259264],[115.2556077,-2.4259531],[115.2554367,-2.4260442],[115.2552898,-2.4261146],[115.2551302,-2.4261789],[115.2546243,-2.4264033],[115.2544168,-2.4264924],[115.2539204,-2.4267267],[115.2535906,-2.4268824],[115.2534083,-2.4269601],[115.2525169,-2.4273767],[115.2523172,-2.4274701],[115.251502,-2.4278322],[115.2509822,-2.4280601],[115.2506281,-2.4282236],[115.2503505,-2.4283279],[115.2501275,-2.4284318],[115.2495346,-2.4287084],[115.249033,-2.4289282],[115.2487265,-2.4290758],[115.2484944,-2.4291696],[115.2483818,-2.4291883],[115.2482705,-2.4291803],[115.2481484,-2.4291253],[115.2480505,-2.4290651],[115.2477998,-2.4289096],[115.2472037,-2.4285447],[115.2469905,-2.4284123],[115.2468648,-2.4283342]]}},{"type":"Feature","properties":{"segmentId":"osm-gaul2-73682-7180647228-2536128403-0","regionId":"gaul2-73682","province":"Kalimantan Selatan","region":"Hulusungai Utara","roadName":"Jalan Ahmad Dahlan","highway":"secondary","lengthMeters":224.527,"osmWayIds":["1237543809","246595492"],"u":"7180647228","v":"2536128403","key":0,"oneway":false,"source":"OpenStreetMap"},"geometry":{"type":"LineString","coordinates":[[115.2556533,-2.4258961],[115.2556586,-2.425848],[115.2556653,-2.4255224],[115.2556466,-2.4251177],[115.255558,-2.4241959],[115.2555406,-2.4238824]]}},{"type":"Feature","properties":{"segmentId":"osm-gaul2-73682-7180647228-2536130254-0","regionId":"gaul2-73682","province":"Kalimantan Selatan","region":"Hulusungai Utara","roadName":"Jalan Haji Murhan","highway":"tertiary","lengthMeters":1228.052,"osmWayIds":["246596883","769801822"],"u":"7180647228","v":"2536130254","key":0,"oneway":false,"source":"OpenStreetMap"},"geometry":{"type":"LineString","coordinates":[[115.2556533,-2.4258961],[115.2559134,-2.4258372],[115.2568038,-2.4256757],[115.258078,-2.4254446],[115.2585302,-2.4253683],[115.25888,-2.4253093],[115.2591489,-2.4252749],[115.2594451,-2.425237],[115.2597919,-2.4251927],[115.2600293,-2.4251485],[115.260213,-2.4251164],[115.260487,-2.4250596],[115.2607562,-2.4250038],[115.2609171,-2.4249757],[115.2611062,-2.4249636],[115.2612685,-2.424969],[115.2613503,-2.4249864],[115.2617727,-2.4250587],[115.2621281,-2.4251298],[115.2623548,-2.4251901],[115.2625827,-2.4252423],[115.2627155,-2.4252584],[115.2630523,-2.42527],[115.2632627,-2.4252772],[115.2633606,-2.4244987],[115.2634089,-2.4239882],[115.2634491,-2.4234174],[115.2635135,-2.422927],[115.263555,-2.4226617],[115.2635819,-2.4224299],[115.2635953,-2.4221351],[115.2636002,-2.421967]]}},{"type":"Feature","properties":{"segmentId":"osm-gaul2-73682-7183300465-7183300466-0","regionId":"gaul2-73682","province":"Kalimantan Selatan","region":"Hulusungai Utara","roadName":"Unnamed OSM road","highway":"primary_link","lengthMeters":7.744,"osmWayIds":["769537891"],"u":"7183300465","v":"7183300466","key":0,"oneway":false,"source":"OpenStreetMap"},"geometry":{"type":"LineString","coordinates":[[115.2539689,-2.4206544],[115.2538992,-2.4206533]]}},{"type":"Feature","properties":{"segmentId":"osm-gaul2-73682-7183300465-7183300467-0","regionId":"gaul2-73682","province":"Kalimantan Selatan","region":"Hulusungai Utara","roadName":"Jalan Norman Umar","highway":"primary","lengthMeters":43.6,"osmWayIds":["246462408"],"u":"7183300465","v":"7183300467","key":0,"oneway":true,"source":"OpenStreetMap"},"geometry":{"type":"LineString","coordinates":[[115.2539689,-2.4206544],[115.2539615,-2.4207536],[115.2539373,-2.4210189],[115.253936,-2.4210451]]}},{"type":"Feature","properties":{"segmentId":"osm-gaul2-73682-7183300466-7183300465-0","regionId":"gaul2-73682","province":"Kalimantan Selatan","region":"Hulusungai Utara","roadName":"Unnamed OSM road","highway":"primary_link","lengthMeters":7.744,"osmWayIds":["769537891"],"u":"7183300466","v":"7183300465","key":0,"oneway":false,"source":"OpenStreetMap"},"geometry":{"type":"LineString","coordinates":[[115.2538992,-2.4206533],[115.2539689,-2.4206544]]}},{"type":"Feature","properties":{"segmentId":"osm-gaul2-73682-7183300466-7183300477-0","regionId":"gaul2-73682","province":"Kalimantan Selatan","region":"Hulusungai Utara","roadName":"Jalan Norman Umar","highway":"primary","lengthMeters":49.484,"osmWayIds":["246462405"],"u":"7183300466","v":"7183300477","key":0,"oneway":true,"source":"OpenStreetMap"},"geometry":{"type":"LineString","coordinates":[[115.2538992,-2.4206533],[115.253905,-2.4203998],[115.2539065,-2.4203316],[115.2539097,-2.4202084]]}},{"type":"Feature","properties":{"segmentId":"osm-gaul2-73682-7183300467-7180036838-0","regionId":"gaul2-73682","province":"Kalimantan Selatan","region":"Hulusungai Utara","roadName":"Unnamed OSM road","highway":"primary_link","lengthMeters":6.19,"osmWayIds":["769537892"],"u":"7183300467","v":"7180036838","key":0,"oneway":true,"source":"OpenStreetMap"},"geometry":{"type":"LineString","coordinates":[[115.253936,-2.4210451],[115.2538803,-2.4210464]]}},{"type":"Feature","properties":{"segmentId":"osm-gaul2-73682-7183300467-7183300468-0","regionId":"gaul2-73682","province":"Kalimantan Selatan","region":"Hulusungai Utara","roadName":"Jalan Norman Umar","highway":"primary","lengthMeters":90.688,"osmWayIds":["246462408"],"u":"7183300467","v":"7183300468","key":0,"oneway":true,"source":"OpenStreetMap"},"geometry":{"type":"LineString","coordinates":[[115.253936,-2.4210451],[115.2539299,-2.421165],[115.2539137,-2.4213602],[115.253889,-2.4214839],[115.2538743,-2.4215408],[115.2538595,-2.4215924],[115.2538133,-2.421711],[115.2537999,-2.4217478],[115.2537784,-2.4217854],[115.2537511,-2.4218289]]}},{"type":"Feature","properties":{"segmentId":"osm-gaul2-73682-7183300468-13097857011-0","regionId":"gaul2-73682","province":"Kalimantan Selatan","region":"Hulusungai Utara","roadName":"Jalan Norman Umar","highway":"primary","lengthMeters":71.388,"osmWayIds":["246462408"],"u":"7183300468","v":"13097857011","key":0,"oneway":true,"source":"OpenStreetMap"},"geometry":{"type":"LineString","coordinates":[[115.2537511,-2.4218289],[115.2535842,-2.4220951],[115.2535714,-2.4221155],[115.2534765,-2.4222606],[115.2534002,-2.4223665]]}},{"type":"Feature","properties":{"segmentId":"osm-gaul2-73682-7183300469-7183300472-0","regionId":"gaul2-73682","province":"Kalimantan Selatan","region":"Hulusungai Utara","roadName":"Jalan Norman Umar","highway":"primary","lengthMeters":69.906,"osmWayIds":["246462405"],"u":"7183300469","v":"7183300472","key":0,"oneway":true,"source":"OpenStreetMap"},"geometry":{"type":"LineString","coordinates":[[115.2515887,-2.4240888],[115.2518298,-2.4239386],[115.2520899,-2.4237731],[115.2521199,-2.4237519]]}},{"type":"Feature","properties":{"segmentId":"osm-gaul2-73682-7183300470-7183300469-0","regionId":"gaul2-73682","province":"Kalimantan Selatan","region":"Hulusungai Utara","roadName":"Unnamed OSM road","highway":"primary_link","lengthMeters":6.08,"osmWayIds":["769537895"],"u":"7183300470","v":"7183300469","key":0,"oneway":true,"source":"OpenStreetMap"},"geometry":{"type":"LineString","coordinates":[[115.2516192,-2.4241342],[115.2515887,-2.4240888]]}},{"type":"Feature","properties":{"segmentId":"osm-gaul2-73682-7183300470-7183300474-0","regionId":"gaul2-73682","province":"Kalimantan Selatan","region":"Hulusungai Utara","roadName":"Jalan Norman Umar","highway":"primary","lengthMeters":114.967,"osmWayIds":["246462408"],"u":"7183300470","v":"7183300474","key":0,"oneway":true,"source":"OpenStreetMap"},"geometry":{"type":"LineString","coordinates":[[115.2516192,-2.4241342],[115.2515334,-2.4241865],[115.250956,-2.4245436],[115.250873,-2.4245928],[115.2507365,-2.4246738]]}},{"type":"Feature","properties":{"segmentId":"osm-gaul2-73682-7183300471-7183300470-0","regionId":"gaul2-73682","province":"Kalimantan Selatan","region":"Hulusungai Utara","roadName":"Jalan Norman Umar","highway":"primary","lengthMeters":70.281,"osmWayIds":["246462408"],"u":"7183300471","v":"7183300470","key":0,"oneway":true,"source":"OpenStreetMap"},"geometry":{"type":"LineString","coordinates":[[115.25215,-2.4237908],[115.2519049,-2.42396],[115.2516192,-2.4241342]]}},{"type":"Feature","properties":{"segmentId":"osm-gaul2-73682-7183300472-13097776668-0","regionId":"gaul2-73682","province":"Kalimantan Selatan","region":"Hulusungai Utara","roadName":"Jalan Norman Umar","highway":"primary","lengthMeters":126.635,"osmWayIds":["246462405"],"u":"7183300472","v":"13097776668","key":0,"oneway":true,"source":"OpenStreetMap"},"geometry":{"type":"LineString","coordinates":[[115.2521199,-2.4237519],[115.2521582,-2.4237266],[115.2523025,-2.4236277],[115.2524346,-2.4235179],[115.2526598,-2.423299],[115.2526694,-2.4232862],[115.2527726,-2.4231527],[115.2528953,-2.4229852],[115.2529186,-2.4229523]]}},{"type":"Feature","properties":{"segmentId":"osm-gaul2-73682-7183300472-7183300471-0","regionId":"gaul2-73682","province":"Kalimantan Selatan","region":"Hulusungai Utara","roadName":"Unnamed OSM road","highway":"primary_link","lengthMeters":5.467,"osmWayIds":["769537894"],"u":"7183300472","v":"7183300471","key":0,"oneway":true,"source":"OpenStreetMap"},"geometry":{"type":"LineString","coordinates":[[115.2521199,-2.4237519],[115.25215,-2.4237908]]}},{"type":"Feature","properties":{"segmentId":"osm-gaul2-73682-7183300474-13097836053-0","regionId":"gaul2-73682","province":"Kalimantan Selatan","region":"Hulusungai Utara","roadName":"Jalan Norman Umar","highway":"primary","lengthMeters":125.475,"osmWayIds":["246462408"],"u":"7183300474","v":"13097836053","key":0,"oneway":true,"source":"OpenStreetMap"},"geometry":{"type":"LineString","coordinates":[[115.2507365,-2.4246738],[115.2506938,-2.4246991],[115.2504672,-2.4248336],[115.2502311,-2.4249752],[115.250026,-2.4250976],[115.2497675,-2.4252535]]}},{"type":"Feature","properties":{"segmentId":"osm-gaul2-73682-7183300475-7183300469-0","regionId":"gaul2-73682","province":"Kalimantan Selatan","region":"Hulusungai Utara","roadName":"Jalan Norman Umar","highway":"primary","lengthMeters":114.621,"osmWayIds":["246462405"],"u":"7183300475","v":"7183300469","key":0,"oneway":true,"source":"OpenStreetMap"},"geometry":{"type":"LineString","coordinates":[[115.2507116,-2.4246316],[115.2508279,-2.4245612],[115.2511203,-2.4243794],[115.2515104,-2.4241376],[115.2515887,-2.4240888]]}},{"type":"Feature","properties":{"segmentId":"osm-gaul2-73682-7183300475-7183300474-0","regionId":"gaul2-73682","province":"Kalimantan Selatan","region":"Hulusungai Utara","roadName":"Unnamed OSM road","highway":"primary_link","lengthMeters":5.447,"osmWayIds":["769537896"],"u":"7183300475","v":"7183300474","key":0,"oneway":true,"source":"OpenStreetMap"},"geometry":{"type":"LineString","coordinates":[[115.2507116,-2.4246316],[115.2507365,-2.4246738]]}},{"type":"Feature","properties":{"segmentId":"osm-gaul2-73682-7183300477-2535020019-0","regionId":"gaul2-73682","province":"Kalimantan Selatan","region":"Hulusungai Utara","roadName":"Jalan Norman Umar","highway":"primary","lengthMeters":48.396,"osmWayIds":["246462405"],"u":"7183300477","v":"2535020019","key":0,"oneway":true,"source":"OpenStreetMap"},"geometry":{"type":"LineString","coordinates":[[115.2539097,-2.4202084],[115.2538747,-2.4198282],[115.2538679,-2.4197752]]}},{"type":"Feature","properties":{"segmentId":"osm-gaul2-73682-7183300477-2535020070-0","regionId":"gaul2-73682","province":"Kalimantan Selatan","region":"Hulusungai Utara","roadName":"Unnamed OSM road","highway":"primary_link","lengthMeters":10.334,"osmWayIds":["769537898"],"u":"7183300477","v":"2535020070","key":0,"oneway":false,"source":"OpenStreetMap"},"geometry":{"type":"LineString","coordinates":[[115.2539097,-2.4202084],[115.2540025,-2.420202]]}},{"type":"Feature","properties":{"segmentId":"osm-gaul2-73682-7183407284-13097836054-0","regionId":"gaul2-73682","province":"Kalimantan Selatan","region":"Hulusungai Utara","roadName":"Jalan Norman Umar","highway":"primary","lengthMeters":78.447,"osmWayIds":["246462405"],"u":"7183407284","v":"13097836054","key":0,"oneway":true,"source":"OpenStreetMap"},"geometry":{"type":"LineString","coordinates":[[115.2491407,-2.4255811],[115.2492099,-2.4255351],[115.2492864,-2.4254875],[115.2493541,-2.4254467],[115.2494722,-2.4253755],[115.2495538,-2.425333],[115.2497452,-2.425217]]}},{"type":"Feature","properties":{"segmentId":"osm-gaul2-73682-7183407284-2535020093-0","regionId":"gaul2-73682","province":"Kalimantan Selatan","region":"Hulusungai Utara","roadName":"Unnamed OSM road","highway":"primary_link","lengthMeters":5.162,"osmWayIds":["769552152"],"u":"7183407284","v":"2535020093","key":0,"oneway":true,"source":"OpenStreetMap"},"geometry":{"type":"LineString","coordinates":[[115.2491407,-2.4255811],[115.2491623,-2.4256222]]}},{"type":"Feature","properties":{"segmentId":"osm-gaul2-73682-7183435485-7183407284-0","regionId":"gaul2-73682","province":"Kalimantan Selatan","region":"Hulusungai Utara","roadName":"Jalan Norman Umar","highway":"primary","lengthMeters":144.639,"osmWayIds":["246462405"],"u":"7183435485","v":"7183407284","key":0,"oneway":true,"source":"OpenStreetMap"},"geometry":{"type":"LineString","coordinates":[[115.2482346,-2.4264963],[115.2483396,-2.4263632],[115.2485158,-2.4261396],[115.2487057,-2.4258989],[115.2487345,-2.4258654],[115.2487747,-2.4258285],[115.2488257,-2.425793],[115.2488673,-2.4257642],[115.2489068,-2.4257367],[115.2491407,-2.4255811]]}},{"type":"Feature","properties":{"segmentId":"osm-gaul2-73682-7183435486-2535020100-0","regionId":"gaul2-73682","province":"Kalimantan Selatan","region":"Hulusungai Utara","roadName":"Jalan Norman Umar","highway":"primary","lengthMeters":158.393,"osmWayIds":["246462408"],"u":"7183435486","v":"2535020100","key":0,"oneway":true,"source":"OpenStreetMap"},"geometry":{"type":"LineString","coordinates":[[115.2482762,-2.4265273],[115.2482551,-2.4265549],[115.2478808,-2.4270475],[115.2477649,-2.4271955],[115.2475871,-2.4274124],[115.2473993,-2.4276503]]}},{"type":"Feature","properties":{"segmentId":"osm-gaul2-73682-7183435486-7183435485-0","regionId":"gaul2-73682","province":"Kalimantan Selatan","region":"Hulusungai Utara","roadName":"Unnamed OSM road","highway":"primary_link","lengthMeters":5.766,"osmWayIds":["769537897"],"u":"7183435486","v":"7183435485","key":0,"oneway":true,"source":"OpenStreetMap"},"geometry":{"type":"LineString","coordinates":[[115.2482762,-2.4265273],[115.2482346,-2.4264963]]}},{"type":"Feature","properties":{"segmentId":"osm-gaul2-73682-9069126528-2535020017-0","regionId":"gaul2-73682","province":"Kalimantan Selatan","region":"Hulusungai Utara","roadName":"Jembatan Paliwara","highway":"primary","lengthMeters":139.096,"osmWayIds":["354336285","358926833","980417939"],"u":"9069126528","v":"2535020017","key":0,"oneway":false,"source":"OpenStreetMap"},"geometry":{"type":"LineString","coordinates":[[115.2519369,-2.4193787],[115.2519745,-2.4193848],[115.2523032,-2.4194378],[115.2531072,-2.419588],[115.2531691,-2.4196]]}},{"type":"Feature","properties":{"segmentId":"osm-gaul2-73682-9069126528-3599756609-0","regionId":"gaul2-73682","province":"Kalimantan Selatan","region":"Hulusungai Utara","roadName":"Unnamed OSM road","highway":"primary","lengthMeters":10.59,"osmWayIds":["980417938"],"u":"9069126528","v":"3599756609","key":0,"oneway":true,"source":"OpenStreetMap"},"geometry":{"type":"LineString","coordinates":[[115.2519369,-2.4193787],[115.2518416,-2.4193768]]}},{"type":"Feature","properties":{"segmentId":"osm-gaul2-73682-9069191018-3599756600-0","regionId":"gaul2-73682","province":"Kalimantan Selatan","region":"Hulusungai Utara","roadName":"Jalan Abdul Gani Majedi","highway":"tertiary","lengthMeters":7.293,"osmWayIds":["354212670"],"u":"9069191018","v":"3599756600","key":0,"oneway":true,"source":"OpenStreetMap"},"geometry":{"type":"LineString","coordinates":[[115.2503485,-2.4180311],[115.2503317,-2.4179677]]}},{"type":"Feature","properties":{"segmentId":"osm-gaul2-73682-9069191018-9069191019-0","regionId":"gaul2-73682","province":"Kalimantan Selatan","region":"Hulusungai Utara","roadName":"Unnamed OSM road","highway":"tertiary_link","lengthMeters":6.218,"osmWayIds":["980424695"],"u":"9069191018","v":"9069191019","key":0,"oneway":false,"source":"OpenStreetMap"},"geometry":{"type":"LineString","coordinates":[[115.2503485,-2.4180311],[115.250399,-2.418007]]}},{"type":"Feature","properties":{"segmentId":"osm-gaul2-73682-9069191019-2535020014-0","regionId":"gaul2-73682","province":"Kalimantan Selatan","region":"Hulusungai Utara","roadName":"Jalan Abdul Gani Majedi","highway":"tertiary","lengthMeters":242.867,"osmWayIds":["246603423"],"u":"9069191019","v":"2535020014","key":0,"oneway":true,"source":"OpenStreetMap"},"geometry":{"type":"LineString","coordinates":[[115.250399,-2.418007],[115.2504685,-2.4182533],[115.2505021,-2.4183612],[115.2505953,-2.418587],[115.2507522,-2.4188878],[115.2508186,-2.419003],[115.2508488,-2.4190533],[115.2508897,-2.4190942],[115.2509467,-2.419125],[115.2510439,-2.4191491],[115.2516875,-2.4192783],[115.2518462,-2.4193101]]}},{"type":"Feature","properties":{"segmentId":"osm-gaul2-73682-9069191019-9069191018-0","regionId":"gaul2-73682","province":"Kalimantan Selatan","region":"Hulusungai Utara","roadName":"Unnamed OSM road","highway":"tertiary_link","lengthMeters":6.218,"osmWayIds":["980424695"],"u":"9069191019","v":"9069191018","key":0,"oneway":false,"source":"OpenStreetMap"},"geometry":{"type":"LineString","coordinates":[[115.250399,-2.418007],[115.2503485,-2.4180311]]}}]}