date,product_id,product_name,demand_cups_t,lag_1,lag_2,lag_3,lag_7,lag_14,lag_28,rolling_mean_7,rolling_mean_14,rolling_mean_28,rolling_std_7,rolling_std_14,target_d1,target_d2,target_d3,split,is_synthetic,generator_version
2025-09-01,P001,Jus Naga,5,,,,,,,,,,,,10.00000000,8.00000000,8.00000000,warmup,True,aruna-juice-v4.0
2025-09-01,P002,Jus Semangka,2,,,,,,,,,,,,5.00000000,11.00000000,5.00000000,warmup,True,aruna-juice-v4.0
2025-09-01,P003,Jus Jambu,8,,,,,,,,,,,,2.00000000,12.00000000,9.00000000,warmup,True,aruna-juice-v4.0
2025-09-01,P004,Jus Pisang,7,,,,,,,,,,,,2.00000000,6.00000000,3.00000000,warmup,True,aruna-juice-v4.0
2025-09-01,P005,Jus Nanas,26,,,,,,,,,,,,17.00000000,16.00000000,18.00000000,warmup,True,aruna-juice-v4.0
2025-09-01,P006,Jus Melon,7,,,,,,,,,,,,5.00000000,7.00000000,5.00000000,warmup,True,aruna-juice-v4.0
2025-09-01,P007,Jus Sirsak,22,,,,,,,,,,,,21.00000000,29.00000000,13.00000000,warmup,True,aruna-juice-v4.0
2025-09-01,P008,Jus Alpukat,18,,,,,,,,,,,,10.00000000,17.00000000,10.00000000,warmup,True,aruna-juice-v4.0
2025-09-01,P009,Jus Stroberi,27,,,,,,,,,,,,19.00000000,29.00000000,19.00000000,warmup,True,aruna-juice-v4.0
2025-09-01,P010,Jus Jeruk,8,,,,,,,,,,,,10.00000000,8.00000000,3.00000000,warmup,True,aruna-juice-v4.0
2025-09-01,P011,Jus Mangga,23,,,,,,,,,,,,16.00000000,12.00000000,15.00000000,warmup,True,aruna-juice-v4.0
2025-09-02,P001,Jus Naga,10,5.00000000,,,,,,,,,,,8.00000000,8.00000000,10.00000000,warmup,True,aruna-juice-v4.0
2025-09-02,P002,Jus Semangka,5,2.00000000,,,,,,,,,,,11.00000000,5.00000000,6.00000000,warmup,True,aruna-juice-v4.0
2025-09-02,P003,Jus Jambu,2,8.00000000,,,,,,,,,,,12.00000000,9.00000000,10.00000000,warmup,True,aruna-juice-v4.0
2025-09-02,P004,Jus Pisang,2,7.00000000,,,,,,,,,,,6.00000000,3.00000000,2.00000000,warmup,True,aruna-juice-v4.0
2025-09-02,P005,Jus Nanas,17,26.00000000,,,,,,,,,,,16.00000000,18.00000000,16.00000000,warmup,True,aruna-juice-v4.0
2025-09-02,P006,Jus Melon,5,7.00000000,,,,,,,,,,,7.00000000,5.00000000,8.00000000,warmup,True,aruna-juice-v4.0
2025-09-02,P007,Jus Sirsak,21,22.00000000,,,,,,,,,,,29.00000000,13.00000000,16.00000000,warmup,True,aruna-juice-v4.0
2025-09-02,P008,Jus Alpukat,10,18.00000000,,,,,,,,,,,17.00000000,10.00000000,20.00000000,warmup,True,aruna-juice-v4.0
2025-09-02,P009,Jus Stroberi,19,27.00000000,,,,,,,,,,,29.00000000,19.00000000,17.00000000,warmup,True,aruna-juice-v4.0
2025-09-02,P010,Jus Jeruk,10,8.00000000,,,,,,,,,,,8.00000000,3.00000000,8.00000000,warmup,True,aruna-juice-v4.0
2025-09-02,P011,Jus Mangga,16,23.00000000,,,,,,,,,,,12.00000000,15.00000000,17.00000000,warmup,True,aruna-juice-v4.0
2025-09-03,P001,Jus Naga,8,10.00000000,5.00000000,,,,,,,,,,8.00000000,10.00000000,5.00000000,warmup,True,aruna-juice-v4.0
2025-09-03,P002,Jus Semangka,11,5.00000000,2.00000000,,,,,,,,,,5.00000000,6.00000000,3.00000000,warmup,True,aruna-juice-v4.0
2025-09-03,P003,Jus Jambu,12,2.00000000,8.00000000,,,,,,,,,,9.00000000,10.00000000,8.00000000,warmup,True,aruna-juice-v4.0
2025-09-03,P004,Jus Pisang,6,2.00000000,7.00000000,,,,,,,,,,3.00000000,2.00000000,2.00000000,warmup,True,aruna-juice-v4.0
2025-09-03,P005,Jus Nanas,16,17.00000000,26.00000000,,,,,,,,,,18.00000000,16.00000000,17.00000000,warmup,True,aruna-juice-v4.0
2025-09-03,P006,Jus Melon,7,5.00000000,7.00000000,,,,,,,,,,5.00000000,8.00000000,4.00000000,warmup,True,aruna-juice-v4.0
2025-09-03,P007,Jus Sirsak,29,21.00000000,22.00000000,,,,,,,,,,13.00000000,16.00000000,12.00000000,warmup,True,aruna-juice-v4.0
2025-09-03,P008,Jus Alpukat,17,10.00000000,18.00000000,,,,,,,,,,10.00000000,20.00000000,17.00000000,warmup,True,aruna-juice-v4.0
2025-09-03,P009,Jus Stroberi,29,19.00000000,27.00000000,,,,,,,,,,19.00000000,17.00000000,14.00000000,warmup,True,aruna-juice-v4.0
2025-09-03,P010,Jus Jeruk,8,10.00000000,8.00000000,,,,,,,,,,3.00000000,8.00000000,8.00000000,warmup,True,aruna-juice-v4.0
2025-09-03,P011,Jus Mangga,12,16.00000000,23.00000000,,,,,,,,,,15.00000000,17.00000000,22.00000000,warmup,True,aruna-juice-v4.0
2025-09-04,P001,Jus Naga,8,8.00000000,10.00000000,5.00000000,,,,,,,,,10.00000000,5.00000000,8.00000000,warmup,True,aruna-juice-v4.0
2025-09-04,P002,Jus Semangka,5,11.00000000,5.00000000,2.00000000,,,,,,,,,6.00000000,3.00000000,6.00000000,warmup,True,aruna-juice-v4.0
2025-09-04,P003,Jus Jambu,9,12.00000000,2.00000000,8.00000000,,,,,,,,,10.00000000,8.00000000,7.00000000,warmup,True,aruna-juice-v4.0
2025-09-04,P004,Jus Pisang,3,6.00000000,2.00000000,7.00000000,,,,,,,,,2.00000000,2.00000000,7.00000000,warmup,True,aruna-juice-v4.0
2025-09-04,P005,Jus Nanas,18,16.00000000,17.00000000,26.00000000,,,,,,,,,16.00000000,17.00000000,11.00000000,warmup,True,aruna-juice-v4.0
2025-09-04,P006,Jus Melon,5,7.00000000,5.00000000,7.00000000,,,,,,,,,8.00000000,4.00000000,11.00000000,warmup,True,aruna-juice-v4.0
2025-09-04,P007,Jus Sirsak,13,29.00000000,21.00000000,22.00000000,,,,,,,,,16.00000000,12.00000000,11.00000000,warmup,True,aruna-juice-v4.0
2025-09-04,P008,Jus Alpukat,10,17.00000000,10.00000000,18.00000000,,,,,,,,,20.00000000,17.00000000,15.00000000,warmup,True,aruna-juice-v4.0
2025-09-04,P009,Jus Stroberi,19,29.00000000,19.00000000,27.00000000,,,,,,,,,17.00000000,14.00000000,15.00000000,warmup,True,aruna-juice-v4.0
2025-09-04,P010,Jus Jeruk,3,8.00000000,10.00000000,8.00000000,,,,,,,,,8.00000000,8.00000000,5.00000000,warmup,True,aruna-juice-v4.0
2025-09-04,P011,Jus Mangga,15,12.00000000,16.00000000,23.00000000,,,,,,,,,17.00000000,22.00000000,16.00000000,warmup,True,aruna-juice-v4.0
2025-09-05,P001,Jus Naga,10,8.00000000,8.00000000,10.00000000,,,,,,,,,5.00000000,8.00000000,12.00000000,warmup,True,aruna-juice-v4.0
2025-09-05,P002,Jus Semangka,6,5.00000000,11.00000000,5.00000000,,,,,,,,,3.00000000,6.00000000,7.00000000,warmup,True,aruna-juice-v4.0
2025-09-05,P003,Jus Jambu,10,9.00000000,12.00000000,2.00000000,,,,,,,,,8.00000000,7.00000000,6.00000000,warmup,True,aruna-juice-v4.0
2025-09-05,P004,Jus Pisang,2,3.00000000,6.00000000,2.00000000,,,,,,,,,2.00000000,7.00000000,7.00000000,warmup,True,aruna-juice-v4.0
2025-09-05,P005,Jus Nanas,16,18.00000000,16.00000000,17.00000000,,,,,,,,,17.00000000,11.00000000,16.00000000,warmup,True,aruna-juice-v4.0
2025-09-05,P006,Jus Melon,8,5.00000000,7.00000000,5.00000000,,,,,,,,,4.00000000,11.00000000,10.00000000,warmup,True,aruna-juice-v4.0
2025-09-05,P007,Jus Sirsak,16,13.00000000,29.00000000,21.00000000,,,,,,,,,12.00000000,11.00000000,17.00000000,warmup,True,aruna-juice-v4.0
2025-09-05,P008,Jus Alpukat,20,10.00000000,17.00000000,10.00000000,,,,,,,,,17.00000000,15.00000000,22.00000000,warmup,True,aruna-juice-v4.0
2025-09-05,P009,Jus Stroberi,17,19.00000000,29.00000000,19.00000000,,,,,,,,,14.00000000,15.00000000,16.00000000,warmup,True,aruna-juice-v4.0
2025-09-05,P010,Jus Jeruk,8,3.00000000,8.00000000,10.00000000,,,,,,,,,8.00000000,5.00000000,3.00000000,warmup,True,aruna-juice-v4.0
2025-09-05,P011,Jus Mangga,17,15.00000000,12.00000000,16.00000000,,,,,,,,,22.00000000,16.00000000,17.00000000,warmup,True,aruna-juice-v4.0
2025-09-06,P001,Jus Naga,5,10.00000000,8.00000000,8.00000000,,,,,,,,,8.00000000,12.00000000,8.00000000,warmup,True,aruna-juice-v4.0
2025-09-06,P002,Jus Semangka,3,6.00000000,5.00000000,11.00000000,,,,,,,,,6.00000000,7.00000000,7.00000000,warmup,True,aruna-juice-v4.0
2025-09-06,P003,Jus Jambu,8,10.00000000,9.00000000,12.00000000,,,,,,,,,7.00000000,6.00000000,8.00000000,warmup,True,aruna-juice-v4.0
2025-09-06,P004,Jus Pisang,2,2.00000000,3.00000000,6.00000000,,,,,,,,,7.00000000,7.00000000,1.00000000,warmup,True,aruna-juice-v4.0
2025-09-06,P005,Jus Nanas,17,16.00000000,18.00000000,16.00000000,,,,,,,,,11.00000000,16.00000000,14.00000000,warmup,True,aruna-juice-v4.0
2025-09-06,P006,Jus Melon,4,8.00000000,5.00000000,7.00000000,,,,,,,,,11.00000000,10.00000000,3.00000000,warmup,True,aruna-juice-v4.0
2025-09-06,P007,Jus Sirsak,12,16.00000000,13.00000000,29.00000000,,,,,,,,,11.00000000,17.00000000,19.00000000,warmup,True,aruna-juice-v4.0
2025-09-06,P008,Jus Alpukat,17,20.00000000,10.00000000,17.00000000,,,,,,,,,15.00000000,22.00000000,13.00000000,warmup,True,aruna-juice-v4.0
2025-09-06,P009,Jus Stroberi,14,17.00000000,19.00000000,29.00000000,,,,,,,,,15.00000000,16.00000000,14.00000000,warmup,True,aruna-juice-v4.0
2025-09-06,P010,Jus Jeruk,8,8.00000000,3.00000000,8.00000000,,,,,,,,,5.00000000,3.00000000,6.00000000,warmup,True,aruna-juice-v4.0
2025-09-06,P011,Jus Mangga,22,17.00000000,15.00000000,12.00000000,,,,,,,,,16.00000000,17.00000000,12.00000000,warmup,True,aruna-juice-v4.0
2025-09-07,P001,Jus Naga,8,5.00000000,10.00000000,8.00000000,,,,7.71428571,,,2.05866346,,12.00000000,8.00000000,7.00000000,warmup,True,aruna-juice-v4.0
2025-09-07,P002,Jus Semangka,6,3.00000000,6.00000000,5.00000000,,,,5.42857143,,,2.87849167,,7.00000000,7.00000000,6.00000000,warmup,True,aruna-juice-v4.0
2025-09-07,P003,Jus Jambu,7,8.00000000,10.00000000,9.00000000,,,,8.00000000,,,3.10912635,,6.00000000,8.00000000,5.00000000,warmup,True,aruna-juice-v4.0
2025-09-07,P004,Jus Pisang,7,2.00000000,2.00000000,3.00000000,,,,4.14285714,,,2.41029538,,7.00000000,1.00000000,3.00000000,warmup,True,aruna-juice-v4.0
2025-09-07,P005,Jus Nanas,11,17.00000000,16.00000000,18.00000000,,,,17.28571429,,,4.46147531,,16.00000000,14.00000000,19.00000000,warmup,True,aruna-juice-v4.0
2025-09-07,P006,Jus Melon,11,4.00000000,8.00000000,5.00000000,,,,6.71428571,,,2.36038738,,10.00000000,3.00000000,6.00000000,warmup,True,aruna-juice-v4.0
2025-09-07,P007,Jus Sirsak,11,12.00000000,16.00000000,13.00000000,,,,17.71428571,,,6.57556805,,17.00000000,19.00000000,11.00000000,warmup,True,aruna-juice-v4.0
2025-09-07,P008,Jus Alpukat,15,17.00000000,20.00000000,10.00000000,,,,15.28571429,,,3.90360029,,22.00000000,13.00000000,20.00000000,warmup,True,aruna-juice-v4.0
2025-09-07,P009,Jus Stroberi,15,14.00000000,17.00000000,19.00000000,,,,20.00000000,,,5.80229840,,16.00000000,14.00000000,18.00000000,warmup,True,aruna-juice-v4.0
2025-09-07,P010,Jus Jeruk,5,8.00000000,8.00000000,3.00000000,,,,7.14285714,,,2.34012617,,3.00000000,6.00000000,5.00000000,warmup,True,aruna-juice-v4.0
2025-09-07,P011,Jus Mangga,16,22.00000000,17.00000000,15.00000000,,,,17.28571429,,,3.90360029,,17.00000000,12.00000000,23.00000000,warmup,True,aruna-juice-v4.0
2025-09-08,P001,Jus Naga,12,8.00000000,5.00000000,10.00000000,5.00000000,,,8.71428571,,,2.21466971,,8.00000000,7.00000000,14.00000000,warmup,True,aruna-juice-v4.0
2025-09-08,P002,Jus Semangka,7,6.00000000,3.00000000,6.00000000,2.00000000,,,6.14285714,,,2.47847880,,7.00000000,6.00000000,4.00000000,warmup,True,aruna-juice-v4.0
2025-09-08,P003,Jus Jambu,6,7.00000000,8.00000000,10.00000000,8.00000000,,,7.71428571,,,3.19970237,,8.00000000,5.00000000,5.00000000,warmup,True,aruna-juice-v4.0
2025-09-08,P004,Jus Pisang,7,7.00000000,2.00000000,2.00000000,7.00000000,,,4.14285714,,,2.41029538,,1.00000000,3.00000000,5.00000000,warmup,True,aruna-juice-v4.0
2025-09-08,P005,Jus Nanas,16,11.00000000,17.00000000,16.00000000,26.00000000,,,15.85714286,,,2.26778684,,14.00000000,19.00000000,17.00000000,warmup,True,aruna-juice-v4.0
2025-09-08,P006,Jus Melon,10,11.00000000,4.00000000,8.00000000,7.00000000,,,7.14285714,,,2.67261242,,3.00000000,6.00000000,7.00000000,warmup,True,aruna-juice-v4.0
2025-09-08,P007,Jus Sirsak,17,11.00000000,12.00000000,16.00000000,22.00000000,,,17.00000000,,,6.29814788,,19.00000000,11.00000000,15.00000000,warmup,True,aruna-juice-v4.0
2025-09-08,P008,Jus Alpukat,22,15.00000000,17.00000000,20.00000000,18.00000000,,,15.85714286,,,4.59813627,,13.00000000,20.00000000,13.00000000,warmup,True,aruna-juice-v4.0
2025-09-08,P009,Jus Stroberi,16,15.00000000,14.00000000,17.00000000,27.00000000,,,18.42857143,,,5.02849026,,14.00000000,18.00000000,10.00000000,warmup,True,aruna-juice-v4.0
2025-09-08,P010,Jus Jeruk,3,5.00000000,8.00000000,8.00000000,8.00000000,,,6.42857143,,,2.76026224,,6.00000000,5.00000000,4.00000000,warmup,True,aruna-juice-v4.0
2025-09-08,P011,Jus Mangga,17,16.00000000,22.00000000,17.00000000,23.00000000,,,16.42857143,,,2.99205297,,12.00000000,23.00000000,19.00000000,warmup,True,aruna-juice-v4.0
2025-09-09,P001,Jus Naga,8,12.00000000,8.00000000,5.00000000,10.00000000,,,8.42857143,,,2.14919697,,7.00000000,14.00000000,13.00000000,warmup,True,aruna-juice-v4.0
2025-09-09,P002,Jus Semangka,7,7.00000000,6.00000000,3.00000000,5.00000000,,,6.42857143,,,2.43975018,,6.00000000,4.00000000,9.00000000,warmup,True,aruna-juice-v4.0
2025-09-09,P003,Jus Jambu,8,6.00000000,7.00000000,8.00000000,2.00000000,,,8.57142857,,,1.98805959,,5.00000000,5.00000000,6.00000000,warmup,True,aruna-juice-v4.0
2025-09-09,P004,Jus Pisang,1,7.00000000,7.00000000,2.00000000,2.00000000,,,4.00000000,,,2.58198890,,3.00000000,5.00000000,9.00000000,warmup,True,aruna-juice-v4.0
2025-09-09,P005,Jus Nanas,14,16.00000000,11.00000000,17.00000000,17.00000000,,,15.42857143,,,2.29906813,,19.00000000,17.00000000,22.00000000,warmup,True,aruna-juice-v4.0
2025-09-09,P006,Jus Melon,3,10.00000000,11.00000000,4.00000000,5.00000000,,,6.85714286,,,3.02371578,,6.00000000,7.00000000,7.00000000,warmup,True,aruna-juice-v4.0
2025-09-09,P007,Jus Sirsak,19,17.00000000,11.00000000,12.00000000,21.00000000,,,16.71428571,,,6.12955370,,11.00000000,15.00000000,15.00000000,warmup,True,aruna-juice-v4.0
2025-09-09,P008,Jus Alpukat,13,22.00000000,15.00000000,17.00000000,10.00000000,,,16.28571429,,,4.07080196,,20.00000000,13.00000000,16.00000000,warmup,True,aruna-juice-v4.0
2025-09-09,P009,Jus Stroberi,14,16.00000000,15.00000000,14.00000000,19.00000000,,,17.71428571,,,5.28249580,,18.00000000,10.00000000,15.00000000,warmup,True,aruna-juice-v4.0
2025-09-09,P010,Jus Jeruk,6,3.00000000,5.00000000,8.00000000,10.00000000,,,5.85714286,,,2.26778684,,5.00000000,4.00000000,4.00000000,warmup,True,aruna-juice-v4.0
2025-09-09,P011,Jus Mangga,12,17.00000000,16.00000000,22.00000000,16.00000000,,,15.85714286,,,3.43649877,,23.00000000,19.00000000,17.00000000,warmup,True,aruna-juice-v4.0
2025-09-10,P001,Jus Naga,7,8.00000000,12.00000000,8.00000000,8.00000000,,,8.28571429,,,2.21466971,,14.00000000,13.00000000,2.00000000,warmup,True,aruna-juice-v4.0
2025-09-10,P002,Jus Semangka,6,7.00000000,7.00000000,6.00000000,11.00000000,,,5.71428571,,,1.38013112,,4.00000000,9.00000000,10.00000000,warmup,True,aruna-juice-v4.0
2025-09-10,P003,Jus Jambu,5,8.00000000,6.00000000,7.00000000,12.00000000,,,7.57142857,,,1.71824939,,5.00000000,6.00000000,7.00000000,warmup,True,aruna-juice-v4.0
2025-09-10,P004,Jus Pisang,3,1.00000000,7.00000000,7.00000000,6.00000000,,,3.57142857,,,2.43975018,,5.00000000,9.00000000,4.00000000,warmup,True,aruna-juice-v4.0
2025-09-10,P005,Jus Nanas,19,14.00000000,16.00000000,11.00000000,16.00000000,,,15.85714286,,,2.67261242,,17.00000000,22.00000000,15.00000000,warmup,True,aruna-juice-v4.0
2025-09-10,P006,Jus Melon,6,3.00000000,10.00000000,11.00000000,7.00000000,,,6.71428571,,,3.03942350,,7.00000000,7.00000000,5.00000000,warmup,True,aruna-juice-v4.0
2025-09-10,P007,Jus Sirsak,11,19.00000000,17.00000000,11.00000000,29.00000000,,,14.14285714,,,3.18478526,,15.00000000,15.00000000,19.00000000,warmup,True,aruna-juice-v4.0
2025-09-10,P008,Jus Alpukat,20,13.00000000,22.00000000,15.00000000,17.00000000,,,16.71428571,,,4.30945804,,13.00000000,16.00000000,20.00000000,warmup,True,aruna-juice-v4.0
2025-09-10,P009,Jus Stroberi,18,14.00000000,16.00000000,15.00000000,29.00000000,,,16.14285714,,,1.95180015,,10.00000000,15.00000000,16.00000000,warmup,True,aruna-juice-v4.0
2025-09-10,P010,Jus Jeruk,5,6.00000000,3.00000000,5.00000000,8.00000000,,,5.42857143,,,2.07019668,,4.00000000,4.00000000,5.00000000,warmup,True,aruna-juice-v4.0
2025-09-10,P011,Jus Mangga,23,12.00000000,17.00000000,16.00000000,12.00000000,,,17.42857143,,,3.86683087,,19.00000000,17.00000000,24.00000000,warmup,True,aruna-juice-v4.0
2025-09-11,P001,Jus Naga,14,7.00000000,8.00000000,12.00000000,8.00000000,,,9.14285714,,,3.07834216,,13.00000000,2.00000000,6.00000000,warmup,True,aruna-juice-v4.0
2025-09-11,P002,Jus Semangka,4,6.00000000,7.00000000,7.00000000,5.00000000,,,5.57142857,,,1.51185789,,9.00000000,10.00000000,5.00000000,warmup,True,aruna-juice-v4.0
2025-09-11,P003,Jus Jambu,5,5.00000000,8.00000000,6.00000000,9.00000000,,,7.00000000,,,1.82574186,,6.00000000,7.00000000,6.00000000,warmup,True,aruna-juice-v4.0
2025-09-11,P004,Jus Pisang,5,3.00000000,1.00000000,7.00000000,3.00000000,,,3.85714286,,,2.47847880,,9.00000000,4.00000000,3.00000000,warmup,True,aruna-juice-v4.0
2025-09-11,P005,Jus Nanas,17,19.00000000,14.00000000,16.00000000,18.00000000,,,15.71428571,,,2.56347978,,22.00000000,15.00000000,18.00000000,warmup,True,aruna-juice-v4.0
2025-09-11,P006,Jus Melon,7,6.00000000,3.00000000,10.00000000,5.00000000,,,7.00000000,,,2.94392029,,7.00000000,5.00000000,4.00000000,warmup,True,aruna-juice-v4.0
2025-09-11,P007,Jus Sirsak,15,11.00000000,19.00000000,17.00000000,13.00000000,,,14.42857143,,,3.15473944,,15.00000000,19.00000000,17.00000000,warmup,True,aruna-juice-v4.0
2025-09-11,P008,Jus Alpukat,13,20.00000000,13.00000000,22.00000000,10.00000000,,,17.14285714,,,3.62530787,,16.00000000,20.00000000,10.00000000,warmup,True,aruna-juice-v4.0
2025-09-11,P009,Jus Stroberi,10,18.00000000,14.00000000,16.00000000,19.00000000,,,14.85714286,,,2.60950643,,15.00000000,16.00000000,12.00000000,warmup,True,aruna-juice-v4.0
2025-09-11,P010,Jus Jeruk,4,5.00000000,6.00000000,3.00000000,3.00000000,,,5.57142857,,,1.90237946,,4.00000000,5.00000000,11.00000000,warmup,True,aruna-juice-v4.0
2025-09-11,P011,Jus Mangga,19,23.00000000,12.00000000,17.00000000,15.00000000,,,18.00000000,,,3.74165739,,17.00000000,24.00000000,18.00000000,warmup,True,aruna-juice-v4.0
2025-09-12,P001,Jus Naga,13,14.00000000,7.00000000,8.00000000,10.00000000,,,9.57142857,,,3.40867241,,2.00000000,6.00000000,10.00000000,warmup,True,aruna-juice-v4.0
2025-09-12,P002,Jus Semangka,9,4.00000000,6.00000000,7.00000000,6.00000000,,,6.00000000,,,2.00000000,,10.00000000,5.00000000,10.00000000,warmup,True,aruna-juice-v4.0
2025-09-12,P003,Jus Jambu,6,5.00000000,5.00000000,8.00000000,10.00000000,,,6.42857143,,,1.27241802,,7.00000000,6.00000000,1.00000000,warmup,True,aruna-juice-v4.0
2025-09-12,P004,Jus Pisang,9,5.00000000,3.00000000,1.00000000,2.00000000,,,4.85714286,,,2.96808420,,4.00000000,3.00000000,8.00000000,warmup,True,aruna-juice-v4.0
2025-09-12,P005,Jus Nanas,22,17.00000000,19.00000000,14.00000000,16.00000000,,,16.57142857,,,3.50509833,,15.00000000,18.00000000,17.00000000,warmup,True,aruna-juice-v4.0
2025-09-12,P006,Jus Melon,7,7.00000000,6.00000000,3.00000000,8.00000000,,,6.85714286,,,2.91138978,,5.00000000,4.00000000,7.00000000,warmup,True,aruna-juice-v4.0
2025-09-12,P007,Jus Sirsak,15,15.00000000,11.00000000,19.00000000,16.00000000,,,14.28571429,,,3.09377255,,19.00000000,17.00000000,11.00000000,warmup,True,aruna-juice-v4.0
2025-09-12,P008,Jus Alpukat,16,13.00000000,20.00000000,13.00000000,20.00000000,,,16.57142857,,,3.40867241,,20.00000000,10.00000000,16.00000000,warmup,True,aruna-juice-v4.0
2025-09-12,P009,Jus Stroberi,15,10.00000000,18.00000000,14.00000000,17.00000000,,,14.57142857,,,2.43975018,,16.00000000,12.00000000,15.00000000,warmup,True,aruna-juice-v4.0
2025-09-12,P010,Jus Jeruk,4,4.00000000,5.00000000,6.00000000,8.00000000,,,5.00000000,,,1.63299316,,5.00000000,11.00000000,10.00000000,warmup,True,aruna-juice-v4.0
2025-09-12,P011,Jus Mangga,17,19.00000000,23.00000000,12.00000000,17.00000000,,,18.00000000,,,3.74165739,,24.00000000,18.00000000,26.00000000,warmup,True,aruna-juice-v4.0
2025-09-13,P001,Jus Naga,2,13.00000000,14.00000000,7.00000000,5.00000000,,,9.14285714,,,4.18045338,,6.00000000,10.00000000,8.00000000,warmup,True,aruna-juice-v4.0
2025-09-13,P002,Jus Semangka,10,9.00000000,4.00000000,6.00000000,3.00000000,,,7.00000000,,,2.00000000,,5.00000000,10.00000000,5.00000000,warmup,True,aruna-juice-v4.0
2025-09-13,P003,Jus Jambu,7,6.00000000,5.00000000,5.00000000,8.00000000,,,6.28571429,,,1.11269728,,6.00000000,1.00000000,7.00000000,warmup,True,aruna-juice-v4.0
2025-09-13,P004,Jus Pisang,4,9.00000000,5.00000000,3.00000000,2.00000000,,,5.14285714,,,2.73426233,,3.00000000,8.00000000,5.00000000,warmup,True,aruna-juice-v4.0
2025-09-13,P005,Jus Nanas,15,22.00000000,17.00000000,19.00000000,17.00000000,,,16.28571429,,,3.54562104,,18.00000000,17.00000000,12.00000000,warmup,True,aruna-juice-v4.0
2025-09-13,P006,Jus Melon,5,7.00000000,7.00000000,6.00000000,4.00000000,,,7.00000000,,,2.76887462,,4.00000000,7.00000000,5.00000000,warmup,True,aruna-juice-v4.0
2025-09-13,P007,Jus Sirsak,19,15.00000000,15.00000000,11.00000000,12.00000000,,,15.28571429,,,3.35232684,,17.00000000,11.00000000,24.00000000,warmup,True,aruna-juice-v4.0
2025-09-13,P008,Jus Alpukat,20,16.00000000,13.00000000,20.00000000,17.00000000,,,17.00000000,,,3.65148372,,10.00000000,16.00000000,18.00000000,warmup,True,aruna-juice-v4.0
2025-09-13,P009,Jus Stroberi,16,15.00000000,10.00000000,18.00000000,14.00000000,,,14.85714286,,,2.47847880,,12.00000000,15.00000000,19.00000000,warmup,True,aruna-juice-v4.0
2025-09-13,P010,Jus Jeruk,5,4.00000000,4.00000000,5.00000000,8.00000000,,,4.57142857,,,0.97590007,,11.00000000,10.00000000,9.00000000,warmup,True,aruna-juice-v4.0
2025-09-13,P011,Jus Mangga,24,17.00000000,19.00000000,23.00000000,22.00000000,,,18.28571429,,,4.15187852,,18.00000000,26.00000000,19.00000000,warmup,True,aruna-juice-v4.0
2025-09-14,P001,Jus Naga,6,2.00000000,13.00000000,14.00000000,8.00000000,,,8.85714286,8.28571429,,4.33699479,3.31496772,10.00000000,8.00000000,8.00000000,warmup,True,aruna-juice-v4.0
2025-09-14,P002,Jus Semangka,5,10.00000000,9.00000000,4.00000000,6.00000000,,,6.85714286,6.14285714,,2.11570094,2.53762890,10.00000000,5.00000000,3.00000000,warmup,True,aruna-juice-v4.0
2025-09-14,P003,Jus Jambu,6,7.00000000,6.00000000,5.00000000,7.00000000,,,6.14285714,7.07142857,,1.06904497,2.43260815,1.00000000,7.00000000,15.00000000,warmup,True,aruna-juice-v4.0
2025-09-14,P004,Jus Pisang,3,4.00000000,9.00000000,5.00000000,7.00000000,,,4.57142857,4.35714286,,2.69920623,2.46848265,8.00000000,5.00000000,8.00000000,warmup,True,aruna-juice-v4.0
2025-09-14,P005,Jus Nanas,18,15.00000000,22.00000000,17.00000000,11.00000000,,,17.28571429,17.28571429,,2.69037084,3.53941698,17.00000000,12.00000000,21.00000000,warmup,True,aruna-juice-v4.0
2025-09-14,P006,Jus Melon,4,5.00000000,7.00000000,7.00000000,11.00000000,,,6.00000000,6.35714286,,2.30940108,2.27383589,7.00000000,5.00000000,5.00000000,warmup,True,aruna-juice-v4.0
2025-09-14,P007,Jus Sirsak,17,19.00000000,15.00000000,15.00000000,11.00000000,,,16.14285714,16.92857143,,2.79455252,4.92191779,11.00000000,24.00000000,22.00000000,warmup,True,aruna-juice-v4.0
2025-09-14,P008,Jus Alpukat,10,20.00000000,16.00000000,13.00000000,15.00000000,,,16.28571429,15.78571429,,4.49867705,4.07956580,16.00000000,18.00000000,16.00000000,warmup,True,aruna-juice-v4.0
2025-09-14,P009,Jus Stroberi,12,16.00000000,15.00000000,10.00000000,15.00000000,,,14.42857143,17.21428571,,2.69920623,5.22094261,15.00000000,19.00000000,14.00000000,warmup,True,aruna-juice-v4.0
2025-09-14,P010,Jus Jeruk,11,5.00000000,4.00000000,4.00000000,5.00000000,,,5.42857143,6.28571429,,2.63673680,2.55489188,10.00000000,9.00000000,8.00000000,warmup,True,aruna-juice-v4.0
2025-09-14,P011,Jus Mangga,18,24.00000000,17.00000000,19.00000000,16.00000000,,,18.57142857,17.92857143,,4.03555625,3.87227394,26.00000000,19.00000000,20.00000000,warmup,True,aruna-juice-v4.0
2025-09-15,P001,Jus Naga,10,6.00000000,2.00000000,13.00000000,12.00000000,5.00000000,,8.57142857,8.64285714,,4.15760920,3.20113304,8.00000000,8.00000000,7.00000000,warmup,True,aruna-juice-v4.0
2025-09-15,P002,Jus Semangka,10,5.00000000,10.00000000,9.00000000,7.00000000,2.00000000,,7.28571429,6.71428571,,2.42997159,2.43147854,5.00000000,3.00000000,4.00000000,warmup,True,aruna-juice-v4.0
2025-09-15,P003,Jus Jambu,1,6.00000000,7.00000000,6.00000000,6.00000000,8.00000000,,5.42857143,6.57142857,,2.22539456,2.90130702,7.00000000,15.00000000,4.00000000,warmup,True,aruna-juice-v4.0
2025-09-15,P004,Jus Pisang,8,3.00000000,4.00000000,9.00000000,7.00000000,7.00000000,,4.71428571,4.42857143,,2.87020822,2.56347978,5.00000000,8.00000000,4.00000000,warmup,True,aruna-juice-v4.0
2025-09-15,P005,Jus Nanas,17,18.00000000,15.00000000,22.00000000,16.00000000,26.00000000,,17.42857143,16.64285714,,2.63673680,2.49945049,12.00000000,21.00000000,9.00000000,warmup,True,aruna-juice-v4.0
2025-09-15,P006,Jus Melon,7,4.00000000,5.00000000,7.00000000,10.00000000,7.00000000,,5.57142857,6.35714286,,1.61834719,2.27383589,5.00000000,5.00000000,3.00000000,warmup,True,aruna-juice-v4.0
2025-09-15,P007,Jus Sirsak,11,17.00000000,19.00000000,15.00000000,17.00000000,22.00000000,,15.28571429,16.14285714,,3.35232684,4.92805380,24.00000000,22.00000000,18.00000000,warmup,True,aruna-juice-v4.0
2025-09-15,P008,Jus Alpukat,16,10.00000000,20.00000000,16.00000000,22.00000000,18.00000000,,15.42857143,15.64285714,,3.73528860,4.03078810,18.00000000,16.00000000,20.00000000,warmup,True,aruna-juice-v4.0
2025-09-15,P009,Jus Stroberi,15,12.00000000,16.00000000,15.00000000,16.00000000,27.00000000,,14.28571429,16.35714286,,2.62769136,4.41339121,19.00000000,14.00000000,18.00000000,warmup,True,aruna-juice-v4.0
2025-09-15,P010,Jus Jeruk,10,11.00000000,5.00000000,4.00000000,3.00000000,8.00000000,,6.42857143,6.42857143,,2.87849167,2.70936512,9.00000000,8.00000000,1.00000000,warmup,True,aruna-juice-v4.0
2025-09-15,P011,Jus Mangga,26,18.00000000,24.00000000,17.00000000,17.00000000,23.00000000,,19.85714286,18.14285714,,4.81070235,4.24004976,19.00000000,20.00000000,11.00000000,warmup,True,aruna-juice-v4.0
2025-09-16,P001,Jus Naga,8,10.00000000,6.00000000,2.00000000,8.00000000,10.00000000,,8.57142857,8.50000000,,4.15760920,3.18046924,8.00000000,7.00000000,5.00000000,warmup,True,aruna-juice-v4.0
2025-09-16,P002,Jus Semangka,5,10.00000000,5.00000000,10.00000000,7.00000000,5.00000000,,7.00000000,6.71428571,,2.58198890,2.43147854,3.00000000,4.00000000,5.00000000,warmup,True,aruna-juice-v4.0
2025-09-16,P003,Jus Jambu,7,1.00000000,6.00000000,7.00000000,8.00000000,2.00000000,,5.28571429,6.92857143,,2.05866346,2.58588731,15.00000000,4.00000000,6.00000000,warmup,True,aruna-juice-v4.0
2025-09-16,P004,Jus Pisang,5,8.00000000,3.00000000,4.00000000,1.00000000,2.00000000,,5.28571429,4.64285714,,2.36038738,2.46848265,8.00000000,4.00000000,8.00000000,warmup,True,aruna-juice-v4.0
2025-09-16,P005,Jus Nanas,12,17.00000000,18.00000000,15.00000000,14.00000000,17.00000000,,17.14285714,16.28571429,,3.13201593,2.78536205,21.00000000,9.00000000,15.00000000,warmup,True,aruna-juice-v4.0
2025-09-16,P006,Jus Melon,5,7.00000000,4.00000000,5.00000000,3.00000000,5.00000000,,5.85714286,6.35714286,,1.21498579,2.27383589,5.00000000,3.00000000,10.00000000,warmup,True,aruna-juice-v4.0
2025-09-16,P007,Jus Sirsak,24,11.00000000,17.00000000,19.00000000,19.00000000,21.00000000,,16.00000000,16.35714286,,4.58257569,5.21251664,22.00000000,18.00000000,15.00000000,warmup,True,aruna-juice-v4.0
2025-09-16,P008,Jus Alpukat,18,16.00000000,10.00000000,20.00000000,13.00000000,10.00000000,,16.14285714,16.21428571,,3.67099312,3.72473172,16.00000000,20.00000000,19.00000000,warmup,True,aruna-juice-v4.0
2025-09-16,P009,Jus Stroberi,19,15.00000000,12.00000000,16.00000000,14.00000000,19.00000000,,15.00000000,16.35714286,,3.16227766,4.41339121,14.00000000,18.00000000,26.00000000,warmup,True,aruna-juice-v4.0
2025-09-16,P010,Jus Jeruk,9,10.00000000,11.00000000,5.00000000,6.00000000,10.00000000,,6.85714286,6.35714286,,3.02371578,2.61966360,8.00000000,1.00000000,13.00000000,warmup,True,aruna-juice-v4.0
2025-09-16,P011,Jus Mangga,19,26.00000000,18.00000000,24.00000000,12.00000000,16.00000000,,20.85714286,18.35714286,,3.43649877,4.19903181,20.00000000,11.00000000,18.00000000,warmup,True,aruna-juice-v4.0
2025-09-17,P001,Jus Naga,8,8.00000000,10.00000000,6.00000000,7.00000000,8.00000000,,8.71428571,8.50000000,,4.11154009,3.18046924,7.00000000,5.00000000,4.00000000,warmup,True,aruna-juice-v4.0
2025-09-17,P002,Jus Semangka,3,5.00000000,10.00000000,5.00000000,6.00000000,11.00000000,,6.57142857,6.14285714,,2.99205297,2.28227764,4.00000000,5.00000000,3.00000000,warmup,True,aruna-juice-v4.0
2025-09-17,P003,Jus Jambu,15,7.00000000,1.00000000,6.00000000,5.00000000,12.00000000,,6.71428571,7.14285714,,4.19182879,3.10971537,4.00000000,6.00000000,7.00000000,warmup,True,aruna-juice-v4.0
2025-09-17,P004,Jus Pisang,8,5.00000000,8.00000000,3.00000000,3.00000000,6.00000000,,6.00000000,4.78571429,,2.30940108,2.60704877,4.00000000,8.00000000,7.00000000,warmup,True,aruna-juice-v4.0
2025-09-17,P005,Jus Nanas,21,12.00000000,17.00000000,18.00000000,19.00000000,16.00000000,,17.42857143,16.64285714,,3.40867241,3.05355135,9.00000000,15.00000000,12.00000000,warmup,True,aruna-juice-v4.0
2025-09-17,P006,Jus Melon,5,5.00000000,7.00000000,4.00000000,6.00000000,7.00000000,,5.71428571,6.21428571,,1.25356634,2.29308564,3.00000000,10.00000000,8.00000000,warmup,True,aruna-juice-v4.0
2025-09-17,P007,Jus Sirsak,22,24.00000000,11.00000000,17.00000000,11.00000000,29.00000000,,17.57142857,15.85714286,,4.46680881,4.12976332,18.00000000,15.00000000,16.00000000,warmup,True,aruna-juice-v4.0
2025-09-17,P008,Jus Alpukat,16,18.00000000,16.00000000,10.00000000,20.00000000,17.00000000,,15.57142857,16.14285714,,3.25868802,3.71808766,20.00000000,19.00000000,13.00000000,warmup,True,aruna-juice-v4.0
2025-09-17,P009,Jus Stroberi,14,19.00000000,15.00000000,12.00000000,18.00000000,29.00000000,,14.42857143,15.28571429,,2.87849167,2.52460420,18.00000000,26.00000000,21.00000000,warmup,True,aruna-juice-v4.0
2025-09-17,P010,Jus Jeruk,8,9.00000000,10.00000000,11.00000000,5.00000000,8.00000000,,7.28571429,6.35714286,,2.92770022,2.61966360,1.00000000,13.00000000,6.00000000,warmup,True,aruna-juice-v4.0
2025-09-17,P011,Jus Mangga,20,19.00000000,26.00000000,18.00000000,23.00000000,12.00000000,,20.42857143,18.92857143,,3.30943816,3.79198113,11.00000000,18.00000000,27.00000000,warmup,True,aruna-juice-v4.0
2025-09-18,P001,Jus Naga,7,8.00000000,8.00000000,10.00000000,14.00000000,8.00000000,,7.71428571,8.42857143,,3.40168026,3.20370664,5.00000000,4.00000000,10.00000000,warmup,True,aruna-juice-v4.0
2025-09-18,P002,Jus Semangka,4,3.00000000,5.00000000,10.00000000,4.00000000,5.00000000,,6.57142857,6.07142857,,2.99205297,2.33581762,5.00000000,3.00000000,6.00000000,warmup,True,aruna-juice-v4.0
2025-09-18,P003,Jus Jambu,4,15.00000000,7.00000000,1.00000000,5.00000000,9.00000000,,6.57142857,6.78571429,,4.27617987,3.16661847,6.00000000,7.00000000,12.00000000,warmup,True,aruna-juice-v4.0
2025-09-18,P004,Jus Pisang,4,8.00000000,5.00000000,8.00000000,5.00000000,3.00000000,,5.85714286,4.85714286,,2.41029538,2.56776296,8.00000000,7.00000000,7.00000000,warmup,True,aruna-juice-v4.0
2025-09-18,P005,Jus Nanas,9,21.00000000,12.00000000,17.00000000,17.00000000,18.00000000,,16.28571429,16.00000000,,4.68025233,3.63741244,15.00000000,12.00000000,17.00000000,warmup,True,aruna-juice-v4.0
2025-09-18,P006,Jus Melon,3,5.00000000,5.00000000,7.00000000,7.00000000,5.00000000,,5.14285714,6.07142857,,1.46385011,2.43260815,10.00000000,8.00000000,7.00000000,warmup,True,aruna-juice-v4.0
2025-09-18,P007,Jus Sirsak,18,22.00000000,24.00000000,11.00000000,15.00000000,13.00000000,,18.00000000,16.21428571,,4.32049380,4.07956580,15.00000000,16.00000000,14.00000000,warmup,True,aruna-juice-v4.0
2025-09-18,P008,Jus Alpukat,20,16.00000000,18.00000000,16.00000000,13.00000000,10.00000000,,16.57142857,16.85714286,,3.40867241,3.39359448,19.00000000,13.00000000,15.00000000,warmup,True,aruna-juice-v4.0
2025-09-18,P009,Jus Stroberi,18,14.00000000,19.00000000,15.00000000,10.00000000,19.00000000,,15.57142857,15.21428571,,2.37045304,2.42355655,26.00000000,21.00000000,14.00000000,warmup,True,aruna-juice-v4.0
2025-09-18,P010,Jus Jeruk,1,8.00000000,9.00000000,10.00000000,4.00000000,3.00000000,,6.85714286,6.21428571,,3.62530787,2.86030045,13.00000000,6.00000000,9.00000000,warmup,True,aruna-juice-v4.0
2025-09-18,P011,Jus Mangga,11,20.00000000,19.00000000,26.00000000,19.00000000,15.00000000,,19.28571429,18.64285714,,4.88924963,4.23551183,18.00000000,27.00000000,25.00000000,warmup,True,aruna-juice-v4.0
2025-09-19,P001,Jus Naga,5,7.00000000,8.00000000,8.00000000,13.00000000,10.00000000,,6.57142857,8.07142857,,2.57275098,3.29251566,4.00000000,10.00000000,5.00000000,warmup,True,aruna-juice-v4.0
2025-09-19,P002,Jus Semangka,5,4.00000000,3.00000000,5.00000000,9.00000000,6.00000000,,6.00000000,6.00000000,,2.82842712,2.35339362,3.00000000,6.00000000,4.00000000,warmup,True,aruna-juice-v4.0
2025-09-19,P003,Jus Jambu,6,4.00000000,15.00000000,7.00000000,6.00000000,10.00000000,,6.57142857,6.50000000,,4.27617987,3.03188187,7.00000000,12.00000000,6.00000000,warmup,True,aruna-juice-v4.0
2025-09-19,P004,Jus Pisang,8,4.00000000,8.00000000,5.00000000,9.00000000,2.00000000,,5.71428571,5.28571429,,2.21466971,2.55489188,7.00000000,7.00000000,2.00000000,warmup,True,aruna-juice-v4.0
2025-09-19,P005,Jus Nanas,15,9.00000000,21.00000000,12.00000000,22.00000000,16.00000000,,15.28571429,15.92857143,,3.94606495,3.64721782,12.00000000,17.00000000,11.00000000,warmup,True,aruna-juice-v4.0
2025-09-19,P006,Jus Melon,10,3.00000000,5.00000000,5.00000000,7.00000000,8.00000000,,5.57142857,6.21428571,,2.29906813,2.60704877,8.00000000,7.00000000,9.00000000,warmup,True,aruna-juice-v4.0
2025-09-19,P007,Jus Sirsak,15,18.00000000,22.00000000,24.00000000,15.00000000,16.00000000,,18.00000000,16.14285714,,4.32049380,4.09234074,16.00000000,14.00000000,14.00000000,warmup,True,aruna-juice-v4.0
2025-09-19,P008,Jus Alpukat,19,20.00000000,16.00000000,18.00000000,16.00000000,20.00000000,,17.00000000,16.78571429,,3.51188458,3.33232586,13.00000000,15.00000000,13.00000000,warmup,True,aruna-juice-v4.0
2025-09-19,P009,Jus Stroberi,26,18.00000000,14.00000000,19.00000000,15.00000000,17.00000000,,17.14285714,15.85714286,,4.56174570,3.75923771,21.00000000,14.00000000,14.00000000,warmup,True,aruna-juice-v4.0
2025-09-19,P010,Jus Jeruk,13,1.00000000,8.00000000,9.00000000,4.00000000,8.00000000,,8.14285714,6.57142857,,4.01781746,3.36758954,6.00000000,9.00000000,7.00000000,warmup,True,aruna-juice-v4.0
2025-09-19,P011,Jus Mangga,18,11.00000000,20.00000000,19.00000000,17.00000000,17.00000000,,19.42857143,18.71428571,,4.82552736,4.21405289,27.00000000,25.00000000,12.00000000,warmup,True,aruna-juice-v4.0
2025-09-20,P001,Jus Naga,4,5.00000000,7.00000000,8.00000000,2.00000000,5.00000000,,6.85714286,8.00000000,,2.03540098,3.37410957,10.00000000,5.00000000,13.00000000,warmup,True,aruna-juice-v4.0
2025-09-20,P002,Jus Semangka,3,5.00000000,4.00000000,3.00000000,10.00000000,3.00000000,,5.00000000,6.00000000,,2.38047614,2.35339362,6.00000000,4.00000000,6.00000000,warmup,True,aruna-juice-v4.0
2025-09-20,P003,Jus Jambu,7,6.00000000,4.00000000,15.00000000,7.00000000,8.00000000,,6.57142857,6.42857143,,4.27617987,3.00548948,12.00000000,6.00000000,12.00000000,warmup,True,aruna-juice-v4.0
2025-09-20,P004,Jus Pisang,7,8.00000000,4.00000000,8.00000000,4.00000000,2.00000000,,6.14285714,5.64285714,,2.11570094,2.40535118,7.00000000,2.00000000,7.00000000,warmup,True,aruna-juice-v4.0
2025-09-20,P005,Jus Nanas,12,15.00000000,9.00000000,21.00000000,15.00000000,17.00000000,,14.85714286,15.57142857,,4.14039336,3.77673619,17.00000000,11.00000000,17.00000000,warmup,True,aruna-juice-v4.0
2025-09-20,P006,Jus Melon,8,10.00000000,3.00000000,5.00000000,5.00000000,4.00000000,,6.00000000,6.50000000,,2.44948974,2.56455124,7.00000000,9.00000000,7.00000000,warmup,True,aruna-juice-v4.0
2025-09-20,P007,Jus Sirsak,16,15.00000000,18.00000000,22.00000000,19.00000000,12.00000000,,17.57142857,16.42857143,,4.35343324,3.91671538,14.00000000,14.00000000,21.00000000,warmup,True,aruna-juice-v4.0
2025-09-20,P008,Jus Alpukat,13,19.00000000,20.00000000,16.00000000,20.00000000,17.00000000,,16.00000000,16.50000000,,3.51188458,3.48071611,15.00000000,13.00000000,18.00000000,warmup,True,aruna-juice-v4.0
2025-09-20,P009,Jus Stroberi,21,26.00000000,18.00000000,14.00000000,16.00000000,14.00000000,,17.85714286,16.35714286,,4.74090608,3.95371574,14.00000000,14.00000000,16.00000000,warmup,True,aruna-juice-v4.0
2025-09-20,P010,Jus Jeruk,6,13.00000000,1.00000000,8.00000000,5.00000000,8.00000000,,8.28571429,6.42857143,,3.90360029,3.34466937,9.00000000,7.00000000,8.00000000,warmup,True,aruna-juice-v4.0
2025-09-20,P011,Jus Mangga,27,18.00000000,11.00000000,20.00000000,24.00000000,22.00000000,,19.85714286,19.07142857,,5.39841247,4.69802390,25.00000000,12.00000000,22.00000000,warmup,True,aruna-juice-v4.0
2025-09-21,P001,Jus Naga,10,4.00000000,5.00000000,7.00000000,6.00000000,8.00000000,,7.42857143,8.14285714,,2.29906813,3.41618642,5.00000000,13.00000000,9.00000000,warmup,True,aruna-juice-v4.0
2025-09-21,P002,Jus Semangka,6,3.00000000,5.00000000,4.00000000,5.00000000,6.00000000,,5.14285714,6.00000000,,2.41029538,2.35339362,4.00000000,6.00000000,3.00000000,warmup,True,aruna-juice-v4.0
2025-09-21,P003,Jus Jambu,12,7.00000000,6.00000000,4.00000000,6.00000000,7.00000000,,7.42857143,6.78571429,,4.72077475,3.35533035,6.00000000,12.00000000,1.00000000,warmup,True,aruna-juice-v4.0
2025-09-21,P004,Jus Pisang,7,7.00000000,8.00000000,4.00000000,3.00000000,7.00000000,,6.71428571,5.64285714,,1.60356745,2.40535118,2.00000000,7.00000000,2.00000000,warmup,True,aruna-juice-v4.0
2025-09-21,P005,Jus Nanas,17,12.00000000,15.00000000,9.00000000,18.00000000,11.00000000,,14.71428571,16.00000000,,4.02965200,3.55181427,11.00000000,17.00000000,15.00000000,warmup,True,aruna-juice-v4.0
2025-09-21,P006,Jus Melon,7,8.00000000,10.00000000,3.00000000,4.00000000,11.00000000,,6.42857143,6.21428571,,2.29906813,2.22498302,9.00000000,7.00000000,7.00000000,warmup,True,aruna-juice-v4.0
2025-09-21,P007,Jus Sirsak,14,16.00000000,15.00000000,18.00000000,17.00000000,11.00000000,,17.14285714,16.64285714,,4.56174570,3.67124257,14.00000000,21.00000000,11.00000000,warmup,True,aruna-juice-v4.0
2025-09-21,P008,Jus Alpukat,15,13.00000000,19.00000000,20.00000000,10.00000000,15.00000000,,16.71428571,16.50000000,,2.42997159,3.48071611,13.00000000,18.00000000,17.00000000,warmup,True,aruna-juice-v4.0
2025-09-21,P009,Jus Stroberi,14,21.00000000,26.00000000,18.00000000,12.00000000,15.00000000,,18.14285714,16.28571429,,4.37525509,3.98899585,14.00000000,16.00000000,17.00000000,warmup,True,aruna-juice-v4.0
2025-09-21,P010,Jus Jeruk,9,6.00000000,13.00000000,1.00000000,11.00000000,5.00000000,,8.00000000,6.71428571,,3.74165739,3.38386605,7.00000000,8.00000000,11.00000000,warmup,True,aruna-juice-v4.0
2025-09-21,P011,Jus Mangga,25,27.00000000,18.00000000,11.00000000,18.00000000,16.00000000,,20.85714286,19.71428571,,5.63999325,4.85843551,12.00000000,22.00000000,29.00000000,warmup,True,aruna-juice-v4.0
2025-09-22,P001,Jus Naga,5,10.00000000,4.00000000,5.00000000,10.00000000,12.00000000,,6.71428571,7.64285714,,2.13808994,3.31910884,13.00000000,9.00000000,6.00000000,warmup,True,aruna-juice-v4.0
2025-09-22,P002,Jus Semangka,4,6.00000000,3.00000000,5.00000000,10.00000000,7.00000000,,4.28571429,5.78571429,,1.11269728,2.39160620,6.00000000,3.00000000,4.00000000,warmup,True,aruna-juice-v4.0
2025-09-22,P003,Jus Jambu,6,12.00000000,7.00000000,6.00000000,1.00000000,6.00000000,,8.14285714,6.78571429,,3.89138242,3.35533035,12.00000000,1.00000000,8.00000000,warmup,True,aruna-juice-v4.0
2025-09-22,P004,Jus Pisang,2,7.00000000,7.00000000,8.00000000,8.00000000,7.00000000,,5.85714286,5.28571429,,2.26778684,2.55489188,7.00000000,2.00000000,6.00000000,warmup,True,aruna-juice-v4.0
2025-09-22,P005,Jus Nanas,11,17.00000000,12.00000000,15.00000000,17.00000000,16.00000000,,13.85714286,15.64285714,,4.09994193,3.79487798,17.00000000,15.00000000,15.00000000,warmup,True,aruna-juice-v4.0
2025-09-22,P006,Jus Melon,9,7.00000000,8.00000000,10.00000000,7.00000000,10.00000000,,6.71428571,6.14285714,,2.49761791,2.10702644,7.00000000,7.00000000,11.00000000,warmup,True,aruna-juice-v4.0
2025-09-22,P007,Jus Sirsak,14,14.00000000,16.00000000,15.00000000,11.00000000,17.00000000,,17.57142857,16.42857143,,3.99404318,3.73577890,21.00000000,11.00000000,21.00000000,warmup,True,aruna-juice-v4.0
2025-09-22,P008,Jus Alpukat,13,15.00000000,13.00000000,19.00000000,16.00000000,22.00000000,,16.28571429,15.85714286,,2.81154084,3.20713490,18.00000000,17.00000000,13.00000000,warmup,True,aruna-juice-v4.0
2025-09-22,P009,Jus Stroberi,14,14.00000000,21.00000000,26.00000000,15.00000000,16.00000000,,18.00000000,16.14285714,,4.50924975,4.03555625,16.00000000,17.00000000,21.00000000,warmup,True,aruna-juice-v4.0
2025-09-22,P010,Jus Jeruk,7,9.00000000,6.00000000,13.00000000,10.00000000,3.00000000,,7.57142857,7.00000000,,3.64495738,3.21055950,8.00000000,11.00000000,7.00000000,warmup,True,aruna-juice-v4.0
2025-09-22,P011,Jus Mangga,12,25.00000000,27.00000000,18.00000000,26.00000000,17.00000000,,18.85714286,19.35714286,,5.98410593,5.24194830,22.00000000,29.00000000,12.00000000,warmup,True,aruna-juice-v4.0
2025-09-23,P001,Jus Naga,13,5.00000000,10.00000000,4.00000000,8.00000000,8.00000000,,7.42857143,8.00000000,,3.20713490,3.61620285,9.00000000,6.00000000,6.00000000,warmup,True,aruna-juice-v4.0
2025-09-23,P002,Jus Semangka,6,4.00000000,6.00000000,3.00000000,5.00000000,7.00000000,,4.42857143,5.71428571,,1.27241802,2.36736047,3.00000000,4.00000000,8.00000000,warmup,True,aruna-juice-v4.0
2025-09-23,P003,Jus Jambu,12,6.00000000,12.00000000,7.00000000,7.00000000,8.00000000,,8.85714286,7.07142857,,4.09994193,3.62606559,1.00000000,8.00000000,10.00000000,warmup,True,aruna-juice-v4.0
2025-09-23,P004,Jus Pisang,7,2.00000000,7.00000000,7.00000000,5.00000000,1.00000000,,6.14285714,5.71428571,,2.26778684,2.26778684,2.00000000,6.00000000,5.00000000,warmup,True,aruna-juice-v4.0
2025-09-23,P005,Jus Nanas,17,11.00000000,17.00000000,12.00000000,12.00000000,14.00000000,,14.57142857,15.85714286,,4.15760920,3.77964473,15.00000000,15.00000000,10.00000000,warmup,True,aruna-juice-v4.0
2025-09-23,P006,Jus Melon,7,9.00000000,7.00000000,8.00000000,5.00000000,3.00000000,,7.00000000,6.42857143,,2.38047614,1.91006588,7.00000000,11.00000000,8.00000000,warmup,True,aruna-juice-v4.0
2025-09-23,P007,Jus Sirsak,21,14.00000000,14.00000000,16.00000000,24.00000000,19.00000000,,17.14285714,16.57142857,,3.28778403,3.87723704,11.00000000,21.00000000,14.00000000,warmup,True,aruna-juice-v4.0
2025-09-23,P008,Jus Alpukat,18,13.00000000,15.00000000,13.00000000,18.00000000,13.00000000,,16.28571429,16.21428571,,2.81154084,3.14223271,17.00000000,13.00000000,15.00000000,warmup,True,aruna-juice-v4.0
2025-09-23,P009,Jus Stroberi,16,14.00000000,14.00000000,21.00000000,19.00000000,14.00000000,,17.57142857,16.28571429,,4.54082015,3.98899585,17.00000000,21.00000000,18.00000000,warmup,True,aruna-juice-v4.0
2025-09-23,P010,Jus Jeruk,8,7.00000000,9.00000000,6.00000000,9.00000000,6.00000000,,7.42857143,7.14285714,,3.59894164,3.20713490,11.00000000,7.00000000,5.00000000,warmup,True,aruna-juice-v4.0
2025-09-23,P011,Jus Mangga,22,12.00000000,25.00000000,27.00000000,19.00000000,12.00000000,,19.28571429,20.07142857,,6.10230245,4.82723501,29.00000000,12.00000000,11.00000000,warmup,True,aruna-juice-v4.0
2025-09-24,P001,Jus Naga,9,13.00000000,5.00000000,10.00000000,8.00000000,7.00000000,,7.57142857,8.14285714,,3.25868802,3.61316275,6.00000000,6.00000000,9.00000000,warmup,True,aruna-juice-v4.0
2025-09-24,P002,Jus Semangka,3,6.00000000,4.00000000,6.00000000,3.00000000,6.00000000,,4.42857143,5.50000000,,1.27241802,2.47293037,4.00000000,8.00000000,6.00000000,warmup,True,aruna-juice-v4.0
2025-09-24,P003,Jus Jambu,1,12.00000000,6.00000000,12.00000000,15.00000000,5.00000000,,6.85714286,6.78571429,,4.01781746,3.94536869,8.00000000,10.00000000,4.00000000,warmup,True,aruna-juice-v4.0
2025-09-24,P004,Jus Pisang,2,7.00000000,2.00000000,7.00000000,8.00000000,3.00000000,,5.28571429,5.64285714,,2.56347978,2.37315573,6.00000000,5.00000000,3.00000000,warmup,True,aruna-juice-v4.0
2025-09-24,P005,Jus Nanas,15,17.00000000,11.00000000,17.00000000,21.00000000,19.00000000,,13.71428571,15.57142857,,3.09377255,3.67348683,15.00000000,10.00000000,15.00000000,warmup,True,aruna-juice-v4.0
2025-09-24,P006,Jus Melon,7,7.00000000,9.00000000,7.00000000,5.00000000,6.00000000,,7.28571429,6.50000000,,2.21466971,1.91150364,11.00000000,8.00000000,2.00000000,warmup,True,aruna-juice-v4.0
2025-09-24,P007,Jus Sirsak,11,21.00000000,14.00000000,14.00000000,22.00000000,11.00000000,,15.57142857,16.57142857,,3.20713490,3.87723704,21.00000000,14.00000000,15.00000000,warmup,True,aruna-juice-v4.0
2025-09-24,P008,Jus Alpukat,17,18.00000000,13.00000000,15.00000000,16.00000000,20.00000000,,16.42857143,16.00000000,,2.81999662,2.96128870,13.00000000,15.00000000,16.00000000,warmup,True,aruna-juice-v4.0
2025-09-24,P009,Jus Stroberi,17,16.00000000,14.00000000,14.00000000,14.00000000,18.00000000,,18.00000000,16.21428571,,4.28174419,3.96481780,21.00000000,18.00000000,26.00000000,warmup,True,aruna-juice-v4.0
2025-09-24,P010,Jus Jeruk,11,8.00000000,7.00000000,9.00000000,8.00000000,5.00000000,,7.85714286,7.57142857,,3.84831441,3.29835124,7.00000000,5.00000000,4.00000000,warmup,True,aruna-juice-v4.0
2025-09-24,P011,Jus Mangga,29,22.00000000,12.00000000,25.00000000,20.00000000,23.00000000,,20.57142857,20.50000000,,7.13809365,5.34573878,12.00000000,11.00000000,28.00000000,warmup,True,aruna-juice-v4.0
2025-09-25,P001,Jus Naga,6,9.00000000,13.00000000,5.00000000,7.00000000,14.00000000,,7.42857143,7.57142857,,3.30943816,3.22762799,6.00000000,9.00000000,6.00000000,warmup,True,aruna-juice-v4.0
2025-09-25,P002,Jus Semangka,4,3.00000000,6.00000000,4.00000000,4.00000000,4.00000000,,4.42857143,5.50000000,,1.27241802,2.47293037,8.00000000,6.00000000,11.00000000,warmup,True,aruna-juice-v4.0
2025-09-25,P003,Jus Jambu,8,1.00000000,12.00000000,6.00000000,4.00000000,5.00000000,,7.42857143,7.00000000,,3.82348632,3.92232270,10.00000000,4.00000000,8.00000000,warmup,True,aruna-juice-v4.0
2025-09-25,P004,Jus Pisang,6,2.00000000,7.00000000,2.00000000,4.00000000,5.00000000,,5.57142857,5.71428571,,2.50713268,2.36736047,5.00000000,3.00000000,8.00000000,warmup,True,aruna-juice-v4.0
2025-09-25,P005,Jus Nanas,15,15.00000000,17.00000000,11.00000000,9.00000000,17.00000000,,14.57142857,15.42857143,,2.29906813,3.65248673,10.00000000,15.00000000,16.00000000,warmup,True,aruna-juice-v4.0
2025-09-25,P006,Jus Melon,11,7.00000000,7.00000000,9.00000000,3.00000000,7.00000000,,8.42857143,6.78571429,,1.61834719,2.25929095,8.00000000,2.00000000,9.00000000,warmup,True,aruna-juice-v4.0
2025-09-25,P007,Jus Sirsak,21,11.00000000,21.00000000,14.00000000,18.00000000,15.00000000,,16.00000000,17.00000000,,3.74165739,4.01918476,14.00000000,15.00000000,12.00000000,warmup,True,aruna-juice-v4.0
2025-09-25,P008,Jus Alpukat,13,17.00000000,18.00000000,13.00000000,20.00000000,13.00000000,,15.42857143,16.00000000,,2.57275098,2.96128870,15.00000000,16.00000000,21.00000000,warmup,True,aruna-juice-v4.0
2025-09-25,P009,Jus Stroberi,21,17.00000000,16.00000000,14.00000000,18.00000000,10.00000000,,18.42857143,17.00000000,,4.42933941,3.72104204,18.00000000,26.00000000,15.00000000,warmup,True,aruna-juice-v4.0
2025-09-25,P010,Jus Jeruk,7,11.00000000,8.00000000,7.00000000,1.00000000,4.00000000,,8.71428571,7.78571429,,2.49761791,3.14223271,5.00000000,4.00000000,7.00000000,warmup,True,aruna-juice-v4.0
2025-09-25,P011,Jus Mangga,12,29.00000000,22.00000000,12.00000000,11.00000000,19.00000000,,20.71428571,20.00000000,,6.92132660,5.80450753,11.00000000,28.00000000,15.00000000,warmup,True,aruna-juice-v4.0
2025-09-26,P001,Jus Naga,6,6.00000000,9.00000000,13.00000000,5.00000000,13.00000000,,7.57142857,7.07142857,,3.20713490,2.84102597,9.00000000,6.00000000,10.00000000,warmup,True,aruna-juice-v4.0
2025-09-26,P002,Jus Semangka,8,4.00000000,3.00000000,6.00000000,5.00000000,9.00000000,,4.85714286,5.42857143,,1.86445447,2.37662611,6.00000000,11.00000000,7.00000000,warmup,True,aruna-juice-v4.0
2025-09-26,P003,Jus Jambu,10,8.00000000,1.00000000,12.00000000,6.00000000,6.00000000,,8.00000000,7.28571429,,3.87298335,3.98899585,4.00000000,8.00000000,11.00000000,warmup,True,aruna-juice-v4.0
2025-09-26,P004,Jus Pisang,5,6.00000000,2.00000000,7.00000000,8.00000000,9.00000000,,5.14285714,5.42857143,,2.26778684,2.17376970,3.00000000,8.00000000,3.00000000,warmup,True,aruna-juice-v4.0
2025-09-26,P005,Jus Nanas,10,15.00000000,15.00000000,17.00000000,15.00000000,22.00000000,,13.85714286,14.57142857,,2.85356919,3.39035477,15.00000000,16.00000000,20.00000000,warmup,True,aruna-juice-v4.0
2025-09-26,P006,Jus Melon,8,11.00000000,7.00000000,7.00000000,10.00000000,7.00000000,,8.14285714,6.85714286,,1.46385011,2.28227764,2.00000000,9.00000000,7.00000000,warmup,True,aruna-juice-v4.0
2025-09-26,P007,Jus Sirsak,14,21.00000000,11.00000000,21.00000000,15.00000000,15.00000000,,15.85714286,16.92857143,,3.80475892,4.06607514,15.00000000,12.00000000,13.00000000,warmup,True,aruna-juice-v4.0
2025-09-26,P008,Jus Alpukat,15,13.00000000,17.00000000,18.00000000,19.00000000,16.00000000,,14.85714286,15.92857143,,2.03540098,2.97332463,16.00000000,21.00000000,20.00000000,warmup,True,aruna-juice-v4.0
2025-09-26,P009,Jus Stroberi,18,21.00000000,17.00000000,16.00000000,26.00000000,15.00000000,,17.28571429,17.21428571,,2.92770022,3.68319618,26.00000000,15.00000000,15.00000000,warmup,True,aruna-juice-v4.0
2025-09-26,P010,Jus Jeruk,5,7.00000000,11.00000000,8.00000000,13.00000000,4.00000000,,7.57142857,7.85714286,,1.98805959,3.05984270,4.00000000,7.00000000,6.00000000,warmup,True,aruna-juice-v4.0
2025-09-26,P011,Jus Mangga,11,12.00000000,29.00000000,22.00000000,18.00000000,17.00000000,,19.71428571,19.57142857,,7.82547732,6.24763692,28.00000000,15.00000000,18.00000000,warmup,True,aruna-juice-v4.0
2025-09-27,P001,Jus Naga,9,6.00000000,6.00000000,9.00000000,4.00000000,2.00000000,,8.28571429,7.57142857,,2.81154084,2.47181919,6.00000000,10.00000000,6.00000000,warmup,True,aruna-juice-v4.0
2025-09-27,P002,Jus Semangka,6,8.00000000,4.00000000,3.00000000,3.00000000,10.00000000,,5.28571429,5.14285714,,1.70433621,1.99449793,11.00000000,7.00000000,7.00000000,warmup,True,aruna-juice-v4.0
2025-09-27,P003,Jus Jambu,4,10.00000000,8.00000000,1.00000000,7.00000000,7.00000000,,7.57142857,7.07142857,,4.15760920,4.08494959,8.00000000,11.00000000,6.00000000,warmup,True,aruna-juice-v4.0
2025-09-27,P004,Jus Pisang,3,5.00000000,6.00000000,2.00000000,7.00000000,4.00000000,,4.57142857,5.35714286,,2.22539456,2.23975077,8.00000000,3.00000000,5.00000000,warmup,True,aruna-juice-v4.0
2025-09-27,P005,Jus Nanas,15,10.00000000,15.00000000,15.00000000,12.00000000,15.00000000,,14.28571429,14.57142857,,2.75162290,3.39035477,16.00000000,20.00000000,14.00000000,warmup,True,aruna-juice-v4.0
2025-09-27,P006,Jus Melon,2,8.00000000,11.00000000,7.00000000,8.00000000,5.00000000,,7.28571429,6.64285714,,2.75162290,2.59013343,9.00000000,7.00000000,7.00000000,warmup,True,aruna-juice-v4.0
2025-09-27,P007,Jus Sirsak,15,14.00000000,21.00000000,11.00000000,16.00000000,19.00000000,,15.71428571,16.64285714,,3.81725406,4.04982702,12.00000000,13.00000000,20.00000000,warmup,True,aruna-juice-v4.0
2025-09-27,P008,Jus Alpukat,16,15.00000000,13.00000000,17.00000000,13.00000000,20.00000000,,15.28571429,15.64285714,,1.88982237,2.73459722,21.00000000,20.00000000,18.00000000,warmup,True,aruna-juice-v4.0
2025-09-27,P009,Jus Stroberi,26,18.00000000,21.00000000,17.00000000,21.00000000,16.00000000,,18.00000000,17.92857143,,4.28174419,4.34058283,15.00000000,15.00000000,33.00000000,warmup,True,aruna-juice-v4.0
2025-09-27,P010,Jus Jeruk,4,5.00000000,7.00000000,11.00000000,6.00000000,5.00000000,,7.28571429,7.78571429,,2.36038738,3.14223271,7.00000000,6.00000000,15.00000000,warmup,True,aruna-juice-v4.0
2025-09-27,P011,Jus Mangga,28,11.00000000,12.00000000,29.00000000,27.00000000,24.00000000,,19.85714286,19.85714286,,7.98808637,6.54989305,15.00000000,18.00000000,20.00000000,warmup,True,aruna-juice-v4.0
2025-09-28,P001,Jus Naga,6,9.00000000,6.00000000,6.00000000,10.00000000,6.00000000,,7.71428571,7.57142857,7.92857143,2.81154084,2.47181919,10.00000000,6.00000000,9.00000000,warmup,True,aruna-juice-v4.0
2025-09-28,P002,Jus Semangka,11,6.00000000,8.00000000,4.00000000,6.00000000,5.00000000,,6.00000000,5.57142857,5.85714286,2.76887462,2.53329478,7.00000000,7.00000000,9.00000000,warmup,True,aruna-juice-v4.0
2025-09-28,P003,Jus Jambu,8,4.00000000,10.00000000,8.00000000,12.00000000,6.00000000,,7.00000000,7.21428571,7.14285714,3.69684550,4.07956580,11.00000000,6.00000000,10.00000000,warmup,True,aruna-juice-v4.0
2025-09-28,P004,Jus Pisang,8,3.00000000,5.00000000,6.00000000,7.00000000,3.00000000,,4.71428571,5.71428571,5.03571429,2.42997159,2.23360941,3.00000000,5.00000000,9.00000000,warmup,True,aruna-juice-v4.0
2025-09-28,P005,Jus Nanas,16,15.00000000,10.00000000,15.00000000,17.00000000,18.00000000,,14.14285714,14.42857143,15.85714286,2.60950643,3.27494652,20.00000000,14.00000000,21.00000000,warmup,True,aruna-juice-v4.0
2025-09-28,P006,Jus Melon,9,2.00000000,8.00000000,11.00000000,7.00000000,4.00000000,,7.57142857,7.00000000,6.67857143,2.81999662,2.54195564,7.00000000,7.00000000,7.00000000,warmup,True,aruna-juice-v4.0
2025-09-28,P007,Jus Sirsak,12,15.00000000,14.00000000,21.00000000,14.00000000,17.00000000,,15.42857143,16.28571429,16.60714286,4.03555625,4.23226747,13.00000000,20.00000000,11.00000000,warmup,True,aruna-juice-v4.0
2025-09-28,P008,Jus Alpukat,21,16.00000000,15.00000000,13.00000000,15.00000000,10.00000000,,16.14285714,16.42857143,16.10714286,2.85356919,2.56347978,20.00000000,18.00000000,14.00000000,warmup,True,aruna-juice-v4.0
2025-09-28,P009,Jus Stroberi,15,26.00000000,18.00000000,21.00000000,14.00000000,12.00000000,,18.14285714,18.14285714,17.67857143,4.14039336,4.09234074,15.00000000,33.00000000,25.00000000,warmup,True,aruna-juice-v4.0
2025-09-28,P010,Jus Jeruk,7,4.00000000,5.00000000,7.00000000,9.00000000,11.00000000,,7.00000000,7.50000000,6.89285714,2.23606798,3.00640342,6.00000000,15.00000000,8.00000000,warmup,True,aruna-juice-v4.0
2025-09-28,P011,Jus Mangga,15,28.00000000,11.00000000,12.00000000,25.00000000,18.00000000,,18.42857143,19.64285714,18.78571429,7.80720058,6.66341496,18.00000000,20.00000000,17.00000000,warmup,True,aruna-juice-v4.0
2025-09-29,P001,Jus Naga,10,6.00000000,9.00000000,6.00000000,5.00000000,10.00000000,5.00000000,8.42857143,7.57142857,8.10714286,2.63673680,2.47181919,6.00000000,9.00000000,6.00000000,train,True,aruna-juice-v4.0
2025-09-29,P002,Jus Semangka,7,11.00000000,6.00000000,8.00000000,4.00000000,10.00000000,2.00000000,6.42857143,5.35714286,6.03571429,2.63673680,2.23975077,7.00000000,9.00000000,6.00000000,train,True,aruna-juice-v4.0
2025-09-29,P003,Jus Jambu,11,8.00000000,4.00000000,10.00000000,6.00000000,1.00000000,8.00000000,7.71428571,7.92857143,7.25000000,3.94606495,3.77164085,6.00000000,10.00000000,3.00000000,train,True,aruna-juice-v4.0
2025-09-29,P004,Jus Pisang,3,8.00000000,3.00000000,5.00000000,2.00000000,8.00000000,7.00000000,4.85714286,5.35714286,4.89285714,2.26778684,2.23975077,5.00000000,9.00000000,2.00000000,train,True,aruna-juice-v4.0
2025-09-29,P005,Jus Nanas,20,16.00000000,15.00000000,10.00000000,11.00000000,17.00000000,26.00000000,15.42857143,14.64285714,15.64285714,2.99205297,3.54329579,14.00000000,21.00000000,13.00000000,train,True,aruna-juice-v4.0
2025-09-29,P006,Jus Melon,7,9.00000000,2.00000000,8.00000000,9.00000000,7.00000000,7.00000000,7.28571429,7.00000000,6.67857143,2.75162290,2.54195564,7.00000000,7.00000000,8.00000000,train,True,aruna-juice-v4.0
2025-09-29,P007,Jus Sirsak,13,12.00000000,15.00000000,14.00000000,14.00000000,11.00000000,22.00000000,15.28571429,16.42857143,16.28571429,4.11154009,4.07080196,20.00000000,11.00000000,18.00000000,train,True,aruna-juice-v4.0
2025-09-29,P008,Jus Alpukat,20,21.00000000,16.00000000,15.00000000,13.00000000,16.00000000,18.00000000,17.14285714,16.71428571,16.17857143,2.79455252,2.72956946,18.00000000,14.00000000,20.00000000,train,True,aruna-juice-v4.0
2025-09-29,P009,Jus Stroberi,15,15.00000000,26.00000000,18.00000000,14.00000000,15.00000000,27.00000000,18.28571429,18.14285714,17.25000000,3.98807747,4.09234074,33.00000000,25.00000000,15.00000000,train,True,aruna-juice-v4.0
2025-09-29,P010,Jus Jeruk,6,7.00000000,4.00000000,5.00000000,7.00000000,10.00000000,8.00000000,6.85714286,7.21428571,6.82142857,2.26778684,2.93987366,15.00000000,8.00000000,9.00000000,train,True,aruna-juice-v4.0
2025-09-29,P011,Jus Mangga,18,15.00000000,28.00000000,11.00000000,12.00000000,26.00000000,23.00000000,19.28571429,19.07142857,18.60714286,7.29644401,6.41469809,20.00000000,17.00000000,10.00000000,train,True,aruna-juice-v4.0
2025-09-30,P001,Jus Naga,6,10.00000000,6.00000000,9.00000000,13.00000000,8.00000000,10.00000000,7.42857143,7.42857143,7.96428571,1.81265393,2.50274574,9.00000000,6.00000000,9.00000000,train,True,aruna-juice-v4.0
2025-09-30,P002,Jus Semangka,7,7.00000000,11.00000000,6.00000000,6.00000000,5.00000000,5.00000000,6.57142857,5.50000000,6.10714286,2.63673680,2.27866358,9.00000000,6.00000000,5.00000000,train,True,aruna-juice-v4.0
2025-09-30,P003,Jus Jambu,6,11.00000000,8.00000000,4.00000000,12.00000000,7.00000000,2.00000000,6.85714286,7.85714286,7.39285714,3.48466026,3.79994216,10.00000000,3.00000000,9.00000000,train,True,aruna-juice-v4.0
2025-09-30,P004,Jus Pisang,5,3.00000000,8.00000000,3.00000000,7.00000000,5.00000000,2.00000000,4.57142857,5.35714286,5.00000000,2.07019668,2.23975077,9.00000000,2.00000000,4.00000000,train,True,aruna-juice-v4.0
2025-09-30,P005,Jus Nanas,14,20.00000000,16.00000000,15.00000000,17.00000000,12.00000000,17.00000000,15.00000000,14.78571429,15.53571429,2.94392029,3.46806467,21.00000000,13.00000000,18.00000000,train,True,aruna-juice-v4.0
2025-09-30,P006,Jus Melon,7,7.00000000,9.00000000,2.00000000,7.00000000,5.00000000,5.00000000,7.28571429,7.14285714,6.75000000,2.75162290,2.47626092,7.00000000,8.00000000,3.00000000,train,True,aruna-juice-v4.0
2025-09-30,P007,Jus Sirsak,20,13.00000000,12.00000000,15.00000000,21.00000000,24.00000000,21.00000000,15.14285714,16.14285714,16.25000000,3.89138242,3.61316275,11.00000000,18.00000000,21.00000000,train,True,aruna-juice-v4.0
2025-09-30,P008,Jus Alpukat,18,20.00000000,21.00000000,16.00000000,18.00000000,18.00000000,10.00000000,17.14285714,16.71428571,16.46428571,2.79455252,2.72956946,14.00000000,20.00000000,18.00000000,train,True,aruna-juice-v4.0
2025-09-30,P009,Jus Stroberi,33,15.00000000,15.00000000,26.00000000,16.00000000,19.00000000,19.00000000,20.71428571,19.14285714,17.75000000,6.65117247,5.70906355,25.00000000,15.00000000,19.00000000,train,True,aruna-juice-v4.0
2025-09-30,P010,Jus Jeruk,15,6.00000000,7.00000000,4.00000000,8.00000000,9.00000000,10.00000000,7.85714286,7.64285714,7.00000000,3.84831441,3.58645192,8.00000000,9.00000000,5.00000000,train,True,aruna-juice-v4.0
2025-09-30,P011,Jus Mangga,20,18.00000000,15.00000000,28.00000000,22.00000000,19.00000000,16.00000000,19.00000000,19.14285714,18.75000000,7.21110255,6.41940739,17.00000000,10.00000000,20.00000000,train,True,aruna-juice-v4.0
2025-10-01,P001,Jus Naga,9,6.00000000,10.00000000,6.00000000,9.00000000,8.00000000,8.00000000,7.42857143,7.50000000,8.00000000,1.81265393,2.53437900,6.00000000,9.00000000,6.00000000,train,True,aruna-juice-v4.0
2025-10-01,P002,Jus Semangka,9,7.00000000,7.00000000,11.00000000,3.00000000,3.00000000,11.00000000,7.42857143,5.92857143,6.03571429,2.22539456,2.33581762,6.00000000,5.00000000,8.00000000,train,True,aruna-juice-v4.0
2025-10-01,P003,Jus Jambu,10,6.00000000,11.00000000,8.00000000,1.00000000,15.00000000,12.00000000,8.14285714,7.50000000,7.32142857,2.47847880,3.27578528,3.00000000,9.00000000,7.00000000,train,True,aruna-juice-v4.0
2025-10-01,P004,Jus Pisang,9,5.00000000,3.00000000,8.00000000,2.00000000,8.00000000,6.00000000,5.57142857,5.42857143,5.10714286,2.29906813,2.34403615,2.00000000,4.00000000,7.00000000,train,True,aruna-juice-v4.0
2025-10-01,P005,Jus Nanas,21,14.00000000,20.00000000,16.00000000,15.00000000,21.00000000,16.00000000,15.85714286,14.78571429,15.71428571,3.71611676,3.46806467,13.00000000,18.00000000,15.00000000,train,True,aruna-juice-v4.0
2025-10-01,P006,Jus Melon,7,7.00000000,7.00000000,9.00000000,7.00000000,5.00000000,7.00000000,7.28571429,7.28571429,6.75000000,2.75162290,2.39963367,8.00000000,3.00000000,5.00000000,train,True,aruna-juice-v4.0
2025-10-01,P007,Jus Sirsak,11,20.00000000,13.00000000,12.00000000,11.00000000,22.00000000,29.00000000,15.14285714,15.35714286,15.60714286,3.89138242,3.43303281,18.00000000,21.00000000,15.00000000,train,True,aruna-juice-v4.0
2025-10-01,P008,Jus Alpukat,14,18.00000000,20.00000000,21.00000000,17.00000000,16.00000000,17.00000000,16.71428571,16.57142857,16.35714286,3.03942350,2.82064602,20.00000000,18.00000000,21.00000000,train,True,aruna-juice-v4.0
2025-10-01,P009,Jus Stroberi,25,33.00000000,15.00000000,15.00000000,17.00000000,14.00000000,29.00000000,21.85714286,19.92857143,17.60714286,6.59364774,5.70376779,15.00000000,19.00000000,19.00000000,train,True,aruna-juice-v4.0
2025-10-01,P010,Jus Jeruk,8,15.00000000,6.00000000,7.00000000,11.00000000,8.00000000,8.00000000,7.42857143,7.64285714,7.00000000,3.59894164,3.58645192,9.00000000,5.00000000,7.00000000,train,True,aruna-juice-v4.0
2025-10-01,P011,Jus Mangga,17,20.00000000,18.00000000,15.00000000,29.00000000,20.00000000,12.00000000,17.28571429,18.92857143,18.92857143,5.70713839,6.43863681,10.00000000,20.00000000,17.00000000,train,True,aruna-juice-v4.0
2025-10-02,P001,Jus Naga,6,9.00000000,6.00000000,10.00000000,6.00000000,7.00000000,8.00000000,7.42857143,7.42857143,7.92857143,1.81265393,2.56347978,9.00000000,6.00000000,7.00000000,train,True,aruna-juice-v4.0
2025-10-02,P002,Jus Semangka,6,9.00000000,7.00000000,7.00000000,4.00000000,4.00000000,5.00000000,7.71428571,6.07142857,6.07142857,1.79947082,2.26899794,5.00000000,8.00000000,4.00000000,train,True,aruna-juice-v4.0
2025-10-02,P003,Jus Jambu,3,10.00000000,6.00000000,11.00000000,8.00000000,4.00000000,9.00000000,7.42857143,7.42857143,7.10714286,3.15473944,3.36758954,9.00000000,7.00000000,9.00000000,train,True,aruna-juice-v4.0
2025-10-02,P004,Jus Pisang,2,9.00000000,5.00000000,3.00000000,6.00000000,4.00000000,3.00000000,5.00000000,5.28571429,5.07142857,2.64575131,2.49394872,4.00000000,7.00000000,2.00000000,train,True,aruna-juice-v4.0
2025-10-02,P005,Jus Nanas,13,21.00000000,14.00000000,20.00000000,15.00000000,9.00000000,18.00000000,15.57142857,15.07142857,15.53571429,3.86683087,3.09998228,18.00000000,15.00000000,19.00000000,train,True,aruna-juice-v4.0
2025-10-02,P006,Jus Melon,8,7.00000000,7.00000000,7.00000000,11.00000000,3.00000000,5.00000000,6.85714286,7.64285714,6.85714286,2.26778684,2.06088640,3.00000000,5.00000000,10.00000000,train,True,aruna-juice-v4.0
2025-10-02,P007,Jus Sirsak,18,11.00000000,20.00000000,13.00000000,21.00000000,18.00000000,13.00000000,14.71428571,15.35714286,15.78571429,3.25137334,3.43303281,21.00000000,15.00000000,15.00000000,train,True,aruna-juice-v4.0
2025-10-02,P008,Jus Alpukat,20,14.00000000,18.00000000,20.00000000,13.00000000,20.00000000,10.00000000,17.71428571,16.57142857,16.71428571,2.75162290,2.82064602,18.00000000,21.00000000,17.00000000,train,True,aruna-juice-v4.0
2025-10-02,P009,Jus Stroberi,15,25.00000000,33.00000000,15.00000000,21.00000000,18.00000000,19.00000000,21.00000000,19.71428571,17.46428571,7.09459888,5.83660296,19.00000000,19.00000000,9.00000000,train,True,aruna-juice-v4.0
2025-10-02,P010,Jus Jeruk,9,8.00000000,15.00000000,6.00000000,7.00000000,1.00000000,3.00000000,7.71428571,8.21428571,7.21428571,3.63841933,3.04273590,5.00000000,7.00000000,4.00000000,train,True,aruna-juice-v4.0
2025-10-02,P011,Jus Mangga,10,17.00000000,20.00000000,18.00000000,12.00000000,11.00000000,15.00000000,17.00000000,18.85714286,18.75000000,6.05530071,6.53813832,20.00000000,17.00000000,16.00000000,train,True,aruna-juice-v4.0
2025-10-03,P001,Jus Naga,9,6.00000000,9.00000000,6.00000000,6.00000000,5.00000000,10.00000000,7.85714286,7.71428571,7.89285714,1.77281052,2.49394872,6.00000000,7.00000000,16.00000000,train,True,aruna-juice-v4.0
2025-10-03,P002,Jus Semangka,5,6.00000000,9.00000000,7.00000000,8.00000000,5.00000000,6.00000000,7.28571429,6.07142857,6.03571429,2.05866346,2.26899794,8.00000000,4.00000000,10.00000000,train,True,aruna-juice-v4.0
2025-10-03,P003,Jus Jambu,9,3.00000000,10.00000000,6.00000000,10.00000000,6.00000000,10.00000000,7.28571429,7.64285714,7.07142857,3.03942350,3.36514128,7.00000000,9.00000000,3.00000000,train,True,aruna-juice-v4.0
2025-10-03,P004,Jus Pisang,4,2.00000000,9.00000000,5.00000000,5.00000000,8.00000000,2.00000000,4.85714286,5.00000000,5.14285714,2.67261242,2.38585576,7.00000000,2.00000000,1.00000000,train,True,aruna-juice-v4.0
2025-10-03,P005,Jus Nanas,18,13.00000000,21.00000000,14.00000000,10.00000000,15.00000000,16.00000000,16.71428571,15.28571429,15.60714286,3.03942350,3.19683910,15.00000000,19.00000000,19.00000000,train,True,aruna-juice-v4.0
2025-10-03,P006,Jus Melon,3,8.00000000,7.00000000,7.00000000,8.00000000,10.00000000,8.00000000,6.14285714,7.14285714,6.67857143,2.60950643,2.28227764,5.00000000,10.00000000,6.00000000,train,True,aruna-juice-v4.0
2025-10-03,P007,Jus Sirsak,21,18.00000000,11.00000000,20.00000000,14.00000000,15.00000000,16.00000000,15.71428571,15.78571429,15.96428571,3.98807747,3.74532676,15.00000000,15.00000000,24.00000000,train,True,aruna-juice-v4.0
2025-10-03,P008,Jus Alpukat,18,20.00000000,14.00000000,18.00000000,15.00000000,19.00000000,20.00000000,18.14285714,16.50000000,16.64285714,2.47847880,2.76655854,21.00000000,17.00000000,19.00000000,train,True,aruna-juice-v4.0
2025-10-03,P009,Jus Stroberi,19,15.00000000,25.00000000,33.00000000,18.00000000,26.00000000,17.00000000,21.14285714,19.21428571,17.53571429,7.03393137,5.54947775,19.00000000,9.00000000,16.00000000,train,True,aruna-juice-v4.0
2025-10-03,P010,Jus Jeruk,5,9.00000000,8.00000000,15.00000000,5.00000000,13.00000000,8.00000000,7.71428571,7.64285714,7.10714286,3.63841933,2.81772256,7.00000000,4.00000000,8.00000000,train,True,aruna-juice-v4.0
2025-10-03,P011,Jus Mangga,20,10.00000000,17.00000000,20.00000000,11.00000000,18.00000000,17.00000000,18.28571429,19.00000000,18.85714286,5.49891764,6.53981886,17.00000000,16.00000000,16.00000000,train,True,aruna-juice-v4.0
2025-10-04,P001,Jus Naga,6,9.00000000,6.00000000,9.00000000,9.00000000,4.00000000,5.00000000,7.42857143,7.85714286,7.92857143,1.81265393,2.31573689,7.00000000,16.00000000,14.00000000,train,True,aruna-juice-v4.0
2025-10-04,P002,Jus Semangka,8,5.00000000,6.00000000,9.00000000,6.00000000,3.00000000,3.00000000,7.57142857,6.42857143,6.21428571,1.98805959,2.13808994,4.00000000,10.00000000,10.00000000,train,True,aruna-juice-v4.0
2025-10-04,P003,Jus Jambu,7,9.00000000,3.00000000,10.00000000,4.00000000,7.00000000,8.00000000,7.71428571,7.64285714,7.03571429,2.69037084,3.36514128,9.00000000,3.00000000,7.00000000,train,True,aruna-juice-v4.0
2025-10-04,P004,Jus Pisang,7,4.00000000,2.00000000,9.00000000,3.00000000,7.00000000,2.00000000,5.42857143,5.00000000,5.32142857,2.63673680,2.38585576,2.00000000,1.00000000,5.00000000,train,True,aruna-juice-v4.0
2025-10-04,P005,Jus Nanas,15,18.00000000,13.00000000,21.00000000,15.00000000,12.00000000,17.00000000,16.71428571,15.50000000,15.53571429,3.03942350,3.05714799,19.00000000,19.00000000,12.00000000,train,True,aruna-juice-v4.0
2025-10-04,P006,Jus Melon,5,3.00000000,8.00000000,7.00000000,2.00000000,8.00000000,4.00000000,6.57142857,6.92857143,6.71428571,1.98805959,2.33581762,10.00000000,6.00000000,7.00000000,train,True,aruna-juice-v4.0
2025-10-04,P007,Jus Sirsak,15,21.00000000,18.00000000,11.00000000,15.00000000,16.00000000,12.00000000,15.71428571,15.71428571,16.07142857,3.98807747,3.75045785,15.00000000,24.00000000,27.00000000,train,True,aruna-juice-v4.0
2025-10-04,P008,Jus Alpukat,21,18.00000000,20.00000000,14.00000000,16.00000000,13.00000000,17.00000000,18.85714286,17.07142857,16.78571429,2.47847880,2.81381990,17.00000000,19.00000000,24.00000000,train,True,aruna-juice-v4.0
2025-10-04,P009,Jus Stroberi,19,19.00000000,15.00000000,25.00000000,26.00000000,21.00000000,14.00000000,20.14285714,19.07142857,17.71428571,6.71884344,5.52566440,9.00000000,16.00000000,19.00000000,train,True,aruna-juice-v4.0
2025-10-04,P010,Jus Jeruk,7,5.00000000,9.00000000,8.00000000,4.00000000,6.00000000,8.00000000,8.14285714,7.71428571,7.07142857,3.28778403,2.78536205,4.00000000,8.00000000,7.00000000,train,True,aruna-juice-v4.0
2025-10-04,P011,Jus Mangga,17,20.00000000,10.00000000,17.00000000,28.00000000,27.00000000,22.00000000,16.71428571,18.28571429,18.67857143,3.45032780,6.13224230,16.00000000,16.00000000,14.00000000,train,True,aruna-juice-v4.0
2025-10-05,P001,Jus Naga,7,6.00000000,9.00000000,6.00000000,6.00000000,10.00000000,8.00000000,7.57142857,7.64285714,7.89285714,1.71824939,2.23975077,16.00000000,14.00000000,4.00000000,train,True,aruna-juice-v4.0
2025-10-05,P002,Jus Semangka,4,8.00000000,5.00000000,6.00000000,11.00000000,6.00000000,6.00000000,6.57142857,6.28571429,6.14285714,1.71824939,2.23360941,10.00000000,10.00000000,7.00000000,train,True,aruna-juice-v4.0
2025-10-05,P003,Jus Jambu,9,7.00000000,9.00000000,3.00000000,8.00000000,12.00000000,7.00000000,7.85714286,7.42857143,7.10714286,2.73426233,3.15531995,3.00000000,7.00000000,3.00000000,train,True,aruna-juice-v4.0
2025-10-05,P004,Jus Pisang,2,7.00000000,4.00000000,2.00000000,8.00000000,7.00000000,7.00000000,4.57142857,4.64285714,5.14285714,2.63673680,2.43712134,1.00000000,5.00000000,4.00000000,train,True,aruna-juice-v4.0
2025-10-05,P005,Jus Nanas,19,15.00000000,18.00000000,13.00000000,16.00000000,17.00000000,11.00000000,17.14285714,15.64285714,15.82142857,3.13201593,3.17701221,19.00000000,12.00000000,5.00000000,train,True,aruna-juice-v4.0
2025-10-05,P006,Jus Melon,10,5.00000000,3.00000000,8.00000000,9.00000000,7.00000000,11.00000000,6.71428571,7.14285714,6.67857143,2.21466971,2.47626092,6.00000000,7.00000000,7.00000000,train,True,aruna-juice-v4.0
2025-10-05,P007,Jus Sirsak,15,15.00000000,21.00000000,18.00000000,12.00000000,14.00000000,11.00000000,16.14285714,15.78571429,16.21428571,3.67099312,3.72473172,24.00000000,27.00000000,15.00000000,train,True,aruna-juice-v4.0
2025-10-05,P008,Jus Alpukat,17,21.00000000,18.00000000,20.00000000,21.00000000,15.00000000,15.00000000,18.28571429,17.21428571,16.85714286,2.36038738,2.75062430,19.00000000,24.00000000,9.00000000,train,True,aruna-juice-v4.0
2025-10-05,P009,Jus Stroberi,9,19.00000000,19.00000000,15.00000000,15.00000000,14.00000000,15.00000000,19.28571429,18.71428571,17.50000000,7.78276484,6.01828715,16.00000000,19.00000000,12.00000000,train,True,aruna-juice-v4.0
2025-10-05,P010,Jus Jeruk,4,7.00000000,5.00000000,9.00000000,7.00000000,9.00000000,5.00000000,7.71428571,7.35714286,7.03571429,3.63841933,2.92488377,8.00000000,7.00000000,7.00000000,train,True,aruna-juice-v4.0
2025-10-05,P011,Jus Mangga,16,17.00000000,20.00000000,10.00000000,15.00000000,25.00000000,16.00000000,16.85714286,17.64285714,18.67857143,3.38765265,5.83895595,16.00000000,14.00000000,12.00000000,train,True,aruna-juice-v4.0
2025-10-06,P001,Jus Naga,16,7.00000000,6.00000000,9.00000000,10.00000000,5.00000000,12.00000000,8.42857143,8.42857143,8.03571429,3.59894164,3.03097562,14.00000000,4.00000000,5.00000000,train,True,aruna-juice-v4.0
2025-10-06,P002,Jus Semangka,10,4.00000000,8.00000000,5.00000000,7.00000000,4.00000000,7.00000000,7.00000000,6.71428571,6.25000000,2.16024690,2.33464118,10.00000000,7.00000000,1.00000000,train,True,aruna-juice-v4.0
2025-10-06,P003,Jus Jambu,3,9.00000000,7.00000000,9.00000000,11.00000000,6.00000000,6.00000000,6.71428571,7.21428571,7.00000000,2.87020822,3.35533035,7.00000000,3.00000000,5.00000000,train,True,aruna-juice-v4.0
2025-10-06,P004,Jus Pisang,1,2.00000000,7.00000000,4.00000000,3.00000000,2.00000000,7.00000000,4.28571429,4.57142857,4.92857143,2.92770022,2.53329478,5.00000000,4.00000000,5.00000000,train,True,aruna-juice-v4.0
2025-10-06,P005,Jus Nanas,19,19.00000000,15.00000000,18.00000000,20.00000000,11.00000000,16.00000000,17.00000000,16.21428571,15.92857143,3.00000000,2.99174689,12.00000000,5.00000000,15.00000000,train,True,aruna-juice-v4.0
2025-10-06,P006,Jus Melon,6,10.00000000,5.00000000,3.00000000,7.00000000,9.00000000,10.00000000,6.57142857,6.92857143,6.53571429,2.22539456,2.43260815,7.00000000,7.00000000,6.00000000,train,True,aruna-juice-v4.0
2025-10-06,P007,Jus Sirsak,24,15.00000000,15.00000000,21.00000000,13.00000000,14.00000000,17.00000000,17.71428571,16.50000000,16.46428571,4.38612531,4.27425207,27.00000000,15.00000000,14.00000000,train,True,aruna-juice-v4.0
2025-10-06,P008,Jus Alpukat,19,17.00000000,21.00000000,18.00000000,20.00000000,13.00000000,22.00000000,18.14285714,17.64285714,16.75000000,2.26778684,2.49945049,24.00000000,9.00000000,17.00000000,train,True,aruna-juice-v4.0
2025-10-06,P009,Jus Stroberi,16,9.00000000,19.00000000,19.00000000,15.00000000,14.00000000,16.00000000,19.42857143,18.85714286,17.50000000,7.69972170,5.92072167,19.00000000,12.00000000,14.00000000,train,True,aruna-juice-v4.0
2025-10-06,P010,Jus Jeruk,8,4.00000000,7.00000000,5.00000000,6.00000000,7.00000000,3.00000000,8.00000000,7.42857143,7.21428571,3.55902608,2.92770022,7.00000000,7.00000000,7.00000000,train,True,aruna-juice-v4.0
2025-10-06,P011,Jus Mangga,16,16.00000000,17.00000000,20.00000000,18.00000000,12.00000000,17.00000000,16.57142857,17.92857143,18.64285714,3.35942172,5.63593260,14.00000000,12.00000000,17.00000000,train,True,aruna-juice-v4.0
2025-10-07,P001,Jus Naga,14,16.00000000,7.00000000,6.00000000,6.00000000,13.00000000,8.00000000,9.57142857,8.50000000,8.25000000,3.95209408,3.15619050,4.00000000,5.00000000,8.00000000,train,True,aruna-juice-v4.0
2025-10-07,P002,Jus Semangka,10,10.00000000,4.00000000,8.00000000,7.00000000,6.00000000,7.00000000,7.42857143,7.00000000,6.35714286,2.43975018,2.48069469,7.00000000,1.00000000,6.00000000,train,True,aruna-juice-v4.0
2025-10-07,P003,Jus Jambu,7,3.00000000,9.00000000,7.00000000,6.00000000,12.00000000,8.00000000,6.85714286,6.85714286,6.96428571,2.85356919,3.05984270,3.00000000,5.00000000,8.00000000,train,True,aruna-juice-v4.0
2025-10-07,P004,Jus Pisang,5,1.00000000,2.00000000,7.00000000,5.00000000,7.00000000,1.00000000,4.28571429,4.42857143,5.07142857,2.92770022,2.44050076,4.00000000,5.00000000,5.00000000,train,True,aruna-juice-v4.0
2025-10-07,P005,Jus Nanas,12,19.00000000,19.00000000,15.00000000,14.00000000,17.00000000,14.00000000,16.71428571,15.85714286,15.85714286,3.40168026,3.18305956,5.00000000,15.00000000,12.00000000,train,True,aruna-juice-v4.0
2025-10-07,P006,Jus Melon,7,6.00000000,10.00000000,5.00000000,7.00000000,7.00000000,3.00000000,6.57142857,6.92857143,6.67857143,2.22539456,2.43260815,7.00000000,6.00000000,7.00000000,train,True,aruna-juice-v4.0
2025-10-07,P007,Jus Sirsak,27,24.00000000,15.00000000,15.00000000,20.00000000,21.00000000,19.00000000,18.71428571,16.92857143,16.75000000,5.61884584,4.99945052,15.00000000,14.00000000,16.00000000,train,True,aruna-juice-v4.0
2025-10-07,P008,Jus Alpukat,24,19.00000000,17.00000000,21.00000000,18.00000000,18.00000000,13.00000000,19.00000000,18.07142857,17.14285714,3.16227766,3.02462422,9.00000000,17.00000000,18.00000000,train,True,aruna-juice-v4.0
2025-10-07,P009,Jus Stroberi,19,16.00000000,9.00000000,19.00000000,33.00000000,16.00000000,14.00000000,17.42857143,19.07142857,17.67857143,4.89411697,5.86337112,12.00000000,14.00000000,18.00000000,train,True,aruna-juice-v4.0
2025-10-07,P010,Jus Jeruk,7,8.00000000,4.00000000,7.00000000,15.00000000,8.00000000,6.00000000,6.85714286,7.35714286,7.25000000,1.77281052,2.92488377,7.00000000,7.00000000,6.00000000,train,True,aruna-juice-v4.0
2025-10-07,P011,Jus Mangga,14,16.00000000,16.00000000,17.00000000,20.00000000,22.00000000,12.00000000,15.71428571,17.35714286,18.71428571,3.09377255,5.59680050,12.00000000,17.00000000,21.00000000,train,True,aruna-juice-v4.0
2025-10-08,P001,Jus Naga,4,14.00000000,16.00000000,7.00000000,9.00000000,9.00000000,7.00000000,8.85714286,8.14285714,8.14285714,4.48807945,3.37085113,5.00000000,8.00000000,6.00000000,train,True,aruna-juice-v4.0
2025-10-08,P002,Jus Semangka,7,10.00000000,10.00000000,4.00000000,9.00000000,3.00000000,6.00000000,7.14285714,7.28571429,6.39285714,2.34012617,2.19890082,1.00000000,6.00000000,10.00000000,train,True,aruna-juice-v4.0
2025-10-08,P003,Jus Jambu,3,7.00000000,3.00000000,9.00000000,10.00000000,1.00000000,5.00000000,5.85714286,7.00000000,6.89285714,2.79455252,2.80109869,5.00000000,8.00000000,8.00000000,train,True,aruna-juice-v4.0
2025-10-08,P004,Jus Pisang,4,5.00000000,1.00000000,2.00000000,9.00000000,2.00000000,3.00000000,3.57142857,4.57142857,5.10714286,2.07019668,2.34403615,5.00000000,5.00000000,4.00000000,train,True,aruna-juice-v4.0
2025-10-08,P005,Jus Nanas,5,12.00000000,19.00000000,19.00000000,21.00000000,15.00000000,19.00000000,14.42857143,15.14285714,15.35714286,5.02849026,4.31200726,15.00000000,12.00000000,19.00000000,train,True,aruna-juice-v4.0
2025-10-08,P006,Jus Melon,7,7.00000000,6.00000000,10.00000000,7.00000000,7.00000000,6.00000000,6.57142857,6.92857143,6.71428571,2.22539456,2.43260815,6.00000000,7.00000000,7.00000000,train,True,aruna-juice-v4.0
2025-10-08,P007,Jus Sirsak,15,27.00000000,24.00000000,15.00000000,11.00000000,11.00000000,11.00000000,19.28571429,17.21428571,16.89285714,4.85504156,4.74225801,14.00000000,16.00000000,15.00000000,train,True,aruna-juice-v4.0
2025-10-08,P008,Jus Alpukat,9,24.00000000,19.00000000,17.00000000,14.00000000,17.00000000,20.00000000,18.28571429,17.50000000,16.75000000,4.68025233,3.87794553,17.00000000,18.00000000,16.00000000,train,True,aruna-juice-v4.0
2025-10-08,P009,Jus Stroberi,12,19.00000000,16.00000000,9.00000000,25.00000000,17.00000000,18.00000000,15.57142857,18.71428571,17.46428571,3.90969491,6.14477353,14.00000000,18.00000000,21.00000000,train,True,aruna-juice-v4.0
2025-10-08,P010,Jus Jeruk,7,7.00000000,8.00000000,4.00000000,8.00000000,11.00000000,5.00000000,6.71428571,7.07142857,7.32142857,1.70433621,2.73057576,7.00000000,6.00000000,3.00000000,train,True,aruna-juice-v4.0
2025-10-08,P011,Jus Mangga,12,14.00000000,16.00000000,16.00000000,17.00000000,29.00000000,23.00000000,15.00000000,16.14285714,18.32142857,3.31662479,4.63858637,17.00000000,21.00000000,21.00000000,train,True,aruna-juice-v4.0
2025-10-09,P001,Jus Naga,5,4.00000000,14.00000000,16.00000000,6.00000000,6.00000000,14.00000000,8.71428571,8.07142857,7.82142857,4.60848080,3.42983035,8.00000000,6.00000000,12.00000000,train,True,aruna-juice-v4.0
2025-10-09,P002,Jus Semangka,1,7.00000000,10.00000000,10.00000000,6.00000000,4.00000000,4.00000000,6.42857143,7.07142857,6.28571429,3.30943816,2.64471274,6.00000000,10.00000000,8.00000000,train,True,aruna-juice-v4.0
2025-10-09,P003,Jus Jambu,5,3.00000000,7.00000000,3.00000000,3.00000000,8.00000000,5.00000000,6.14285714,6.78571429,6.89285714,2.54483604,2.83327947,8.00000000,8.00000000,10.00000000,train,True,aruna-juice-v4.0
2025-10-09,P004,Jus Pisang,5,4.00000000,5.00000000,1.00000000,2.00000000,6.00000000,5.00000000,4.00000000,4.50000000,5.10714286,2.00000000,2.31217513,5.00000000,4.00000000,2.00000000,train,True,aruna-juice-v4.0
2025-10-09,P005,Jus Nanas,15,5.00000000,12.00000000,19.00000000,13.00000000,15.00000000,17.00000000,14.71428571,15.14285714,15.28571429,4.99046710,4.31200726,12.00000000,19.00000000,18.00000000,train,True,aruna-juice-v4.0
2025-10-09,P006,Jus Melon,6,7.00000000,7.00000000,6.00000000,8.00000000,11.00000000,7.00000000,6.28571429,6.57142857,6.67857143,2.13808994,2.13808994,7.00000000,7.00000000,7.00000000,train,True,aruna-juice-v4.0
2025-10-09,P007,Jus Sirsak,14,15.00000000,27.00000000,24.00000000,18.00000000,21.00000000,15.00000000,18.71428571,16.71428571,16.85714286,5.25085027,4.68103492,16.00000000,15.00000000,19.00000000,train,True,aruna-juice-v4.0
2025-10-09,P008,Jus Alpukat,17,9.00000000,24.00000000,19.00000000,20.00000000,13.00000000,13.00000000,17.85714286,17.78571429,16.89285714,4.63424109,3.66225175,18.00000000,16.00000000,14.00000000,train,True,aruna-juice-v4.0
2025-10-09,P009,Jus Stroberi,14,12.00000000,19.00000000,16.00000000,15.00000000,21.00000000,10.00000000,15.42857143,18.21428571,17.60714286,3.95209408,6.22869997,18.00000000,21.00000000,18.00000000,train,True,aruna-juice-v4.0
2025-10-09,P010,Jus Jeruk,7,7.00000000,7.00000000,8.00000000,9.00000000,7.00000000,4.00000000,6.42857143,7.07142857,7.42857143,1.39727626,2.73057576,6.00000000,3.00000000,4.00000000,train,True,aruna-juice-v4.0
2025-10-09,P011,Jus Mangga,17,12.00000000,14.00000000,16.00000000,10.00000000,12.00000000,19.00000000,16.00000000,16.50000000,18.25000000,2.51661148,4.48501779,21.00000000,21.00000000,25.00000000,train,True,aruna-juice-v4.0
2025-10-10,P001,Jus Naga,8,5.00000000,4.00000000,14.00000000,9.00000000,6.00000000,13.00000000,8.57142857,8.21428571,7.64285714,4.61364436,3.37817819,6.00000000,12.00000000,8.00000000,train,True,aruna-juice-v4.0
2025-10-10,P002,Jus Semangka,6,1.00000000,7.00000000,10.00000000,5.00000000,8.00000000,9.00000000,6.57142857,6.92857143,6.17857143,3.25868802,2.64471274,10.00000000,8.00000000,7.00000000,train,True,aruna-juice-v4.0
2025-10-10,P003,Jus Jambu,8,5.00000000,3.00000000,7.00000000,9.00000000,10.00000000,6.00000000,6.00000000,6.64285714,6.96428571,2.38047614,2.70632146,8.00000000,10.00000000,6.00000000,train,True,aruna-juice-v4.0
2025-10-10,P004,Jus Pisang,5,5.00000000,4.00000000,5.00000000,4.00000000,5.00000000,9.00000000,4.14285714,4.50000000,4.96428571,2.03540098,2.31217513,4.00000000,2.00000000,3.00000000,train,True,aruna-juice-v4.0
2025-10-10,P005,Jus Nanas,12,15.00000000,5.00000000,12.00000000,18.00000000,10.00000000,22.00000000,13.85714286,15.28571429,14.92857143,4.84522347,4.15893055,19.00000000,18.00000000,10.00000000,train,True,aruna-juice-v4.0
2025-10-10,P006,Jus Melon,7,6.00000000,7.00000000,7.00000000,3.00000000,8.00000000,7.00000000,6.85714286,6.50000000,6.67857143,1.57359158,2.10311125,7.00000000,7.00000000,6.00000000,train,True,aruna-juice-v4.0
2025-10-10,P007,Jus Sirsak,16,14.00000000,15.00000000,27.00000000,21.00000000,14.00000000,15.00000000,18.00000000,16.85714286,16.89285714,5.22812905,4.62197332,15.00000000,19.00000000,24.00000000,train,True,aruna-juice-v4.0
2025-10-10,P008,Jus Alpukat,18,17.00000000,9.00000000,24.00000000,18.00000000,15.00000000,16.00000000,17.85714286,18.00000000,16.96428571,4.63424109,3.57340605,16.00000000,14.00000000,19.00000000,train,True,aruna-juice-v4.0
2025-10-10,P009,Jus Stroberi,18,14.00000000,12.00000000,19.00000000,19.00000000,18.00000000,15.00000000,15.28571429,18.21428571,17.71428571,3.81725406,6.22869997,21.00000000,18.00000000,22.00000000,train,True,aruna-juice-v4.0
2025-10-10,P010,Jus Jeruk,6,7.00000000,7.00000000,7.00000000,5.00000000,5.00000000,4.00000000,6.57142857,7.14285714,7.50000000,1.27241802,2.68491922,3.00000000,4.00000000,4.00000000,train,True,aruna-juice-v4.0
2025-10-10,P011,Jus Mangga,21,17.00000000,12.00000000,14.00000000,20.00000000,11.00000000,17.00000000,16.14285714,17.21428571,18.39285714,2.79455252,4.33551650,21.00000000,25.00000000,15.00000000,train,True,aruna-juice-v4.0
2025-10-11,P001,Jus Naga,6,8.00000000,5.00000000,4.00000000,6.00000000,9.00000000,2.00000000,8.57142857,8.00000000,7.78571429,4.61364436,3.41940166,12.00000000,8.00000000,11.00000000,train,True,aruna-juice-v4.0
2025-10-11,P002,Jus Semangka,10,6.00000000,1.00000000,7.00000000,8.00000000,6.00000000,10.00000000,6.85714286,7.21428571,6.17857143,3.48466026,2.75062430,8.00000000,7.00000000,10.00000000,train,True,aruna-juice-v4.0
2025-10-11,P003,Jus Jambu,8,8.00000000,5.00000000,3.00000000,7.00000000,4.00000000,7.00000000,6.14285714,6.92857143,7.00000000,2.47847880,2.61546542,10.00000000,6.00000000,8.00000000,train,True,aruna-juice-v4.0
2025-10-11,P004,Jus Pisang,4,5.00000000,5.00000000,4.00000000,7.00000000,3.00000000,4.00000000,3.71428571,4.57142857,4.96428571,1.60356745,2.27745761,2.00000000,3.00000000,7.00000000,train,True,aruna-juice-v4.0
2025-10-11,P005,Jus Nanas,19,12.00000000,15.00000000,5.00000000,15.00000000,15.00000000,15.00000000,14.42857143,15.57142857,15.07142857,5.22357294,4.27360928,18.00000000,10.00000000,19.00000000,train,True,aruna-juice-v4.0
2025-10-11,P006,Jus Melon,7,7.00000000,6.00000000,7.00000000,5.00000000,2.00000000,5.00000000,7.14285714,6.85714286,6.75000000,1.34518542,1.65748386,7.00000000,6.00000000,6.00000000,train,True,aruna-juice-v4.0
2025-10-11,P007,Jus Sirsak,15,16.00000000,14.00000000,15.00000000,15.00000000,15.00000000,19.00000000,18.00000000,16.85714286,16.75000000,5.22812905,4.62197332,19.00000000,24.00000000,21.00000000,train,True,aruna-juice-v4.0
2025-10-11,P008,Jus Alpukat,16,18.00000000,17.00000000,9.00000000,21.00000000,16.00000000,20.00000000,17.14285714,18.00000000,16.82142857,4.45078912,3.57340605,14.00000000,19.00000000,24.00000000,train,True,aruna-juice-v4.0
2025-10-11,P009,Jus Stroberi,21,18.00000000,14.00000000,12.00000000,19.00000000,26.00000000,16.00000000,15.57142857,17.85714286,17.89285714,4.19750493,5.88161598,18.00000000,22.00000000,26.00000000,train,True,aruna-juice-v4.0
2025-10-11,P010,Jus Jeruk,3,6.00000000,7.00000000,7.00000000,7.00000000,4.00000000,5.00000000,6.00000000,7.07142857,7.42857143,1.82574186,2.78634819,4.00000000,4.00000000,6.00000000,train,True,aruna-juice-v4.0
2025-10-11,P011,Jus Mangga,21,21.00000000,17.00000000,12.00000000,17.00000000,28.00000000,24.00000000,16.71428571,16.71428571,18.28571429,3.35232684,3.26822868,25.00000000,15.00000000,16.00000000,train,True,aruna-juice-v4.0
2025-10-12,P001,Jus Naga,12,6.00000000,8.00000000,5.00000000,7.00000000,6.00000000,6.00000000,9.28571429,8.42857143,8.00000000,4.71572849,3.52385902,8.00000000,11.00000000,7.00000000,train,True,aruna-juice-v4.0
2025-10-12,P002,Jus Semangka,8,10.00000000,6.00000000,1.00000000,4.00000000,11.00000000,5.00000000,7.42857143,7.00000000,6.28571429,3.25868802,2.54195564,7.00000000,10.00000000,7.00000000,train,True,aruna-juice-v4.0
2025-10-12,P003,Jus Jambu,10,8.00000000,8.00000000,5.00000000,9.00000000,8.00000000,6.00000000,6.28571429,7.07142857,7.14285714,2.69037084,2.73057576,6.00000000,8.00000000,11.00000000,train,True,aruna-juice-v4.0
2025-10-12,P004,Jus Pisang,2,4.00000000,5.00000000,5.00000000,2.00000000,8.00000000,3.00000000,3.71428571,4.14285714,4.92857143,1.60356745,2.14322341,3.00000000,7.00000000,7.00000000,train,True,aruna-juice-v4.0
2025-10-12,P005,Jus Nanas,18,19.00000000,12.00000000,15.00000000,19.00000000,16.00000000,18.00000000,14.28571429,15.71428571,15.07142857,5.08967208,4.32218911,10.00000000,19.00000000,16.00000000,train,True,aruna-juice-v4.0
2025-10-12,P006,Jus Melon,7,7.00000000,7.00000000,6.00000000,10.00000000,9.00000000,4.00000000,6.71428571,6.71428571,6.85714286,0.48795004,1.54065777,6.00000000,6.00000000,10.00000000,train,True,aruna-juice-v4.0
2025-10-12,P007,Jus Sirsak,19,15.00000000,16.00000000,14.00000000,15.00000000,12.00000000,17.00000000,18.57142857,17.35714286,16.82142857,5.06152621,4.43078640,24.00000000,21.00000000,19.00000000,train,True,aruna-juice-v4.0
2025-10-12,P008,Jus Alpukat,14,16.00000000,18.00000000,17.00000000,17.00000000,21.00000000,10.00000000,16.71428571,17.50000000,16.96428571,4.60848080,3.61088099,19.00000000,24.00000000,16.00000000,train,True,aruna-juice-v4.0
2025-10-12,P009,Jus Stroberi,18,21.00000000,18.00000000,14.00000000,9.00000000,15.00000000,12.00000000,16.85714286,18.07142857,18.10714286,3.07834216,5.82388036,22.00000000,26.00000000,21.00000000,train,True,aruna-juice-v4.0
2025-10-12,P010,Jus Jeruk,4,3.00000000,6.00000000,7.00000000,4.00000000,7.00000000,11.00000000,6.00000000,6.85714286,7.17857143,1.82574186,2.90509216,4.00000000,6.00000000,4.00000000,train,True,aruna-juice-v4.0
2025-10-12,P011,Jus Mangga,25,21.00000000,21.00000000,17.00000000,16.00000000,15.00000000,18.00000000,18.00000000,17.42857143,18.53571429,4.54606057,3.89702620,15.00000000,16.00000000,16.00000000,train,True,aruna-juice-v4.0
2025-10-13,P001,Jus Naga,8,12.00000000,6.00000000,8.00000000,16.00000000,10.00000000,10.00000000,8.14285714,8.28571429,7.92857143,3.67099312,3.49568022,11.00000000,7.00000000,5.00000000,train,True,aruna-juice-v4.0
2025-10-13,P002,Jus Semangka,7,8.00000000,10.00000000,6.00000000,10.00000000,7.00000000,10.00000000,7.00000000,7.00000000,6.17857143,3.05505046,2.54195564,10.00000000,7.00000000,3.00000000,train,True,aruna-juice-v4.0
2025-10-13,P003,Jus Jambu,6,10.00000000,8.00000000,8.00000000,3.00000000,11.00000000,1.00000000,6.71428571,6.71428571,7.32142857,2.28868854,2.49394872,8.00000000,11.00000000,6.00000000,train,True,aruna-juice-v4.0
2025-10-13,P004,Jus Pisang,3,2.00000000,4.00000000,5.00000000,1.00000000,3.00000000,8.00000000,4.00000000,4.14285714,4.75000000,1.15470054,2.14322341,7.00000000,7.00000000,5.00000000,train,True,aruna-juice-v4.0
2025-10-13,P005,Jus Nanas,10,18.00000000,19.00000000,12.00000000,19.00000000,20.00000000,17.00000000,13.00000000,15.00000000,14.82142857,4.83045892,4.38529010,19.00000000,16.00000000,17.00000000,train,True,aruna-juice-v4.0
2025-10-13,P006,Jus Melon,6,7.00000000,7.00000000,7.00000000,6.00000000,7.00000000,7.00000000,6.71428571,6.64285714,6.82142857,0.48795004,1.54954797,6.00000000,10.00000000,8.00000000,train,True,aruna-juice-v4.0
2025-10-13,P007,Jus Sirsak,24,19.00000000,15.00000000,16.00000000,24.00000000,13.00000000,11.00000000,18.57142857,18.14285714,17.28571429,5.06152621,4.57177197,21.00000000,19.00000000,28.00000000,train,True,aruna-juice-v4.0
2025-10-13,P008,Jus Alpukat,19,14.00000000,16.00000000,18.00000000,19.00000000,20.00000000,16.00000000,16.71428571,17.42857143,17.07142857,4.60848080,3.56725030,24.00000000,16.00000000,16.00000000,train,True,aruna-juice-v4.0
2025-10-13,P009,Jus Stroberi,22,18.00000000,21.00000000,18.00000000,16.00000000,15.00000000,15.00000000,17.71428571,18.57142857,18.35714286,3.59231985,5.84036729,26.00000000,21.00000000,14.00000000,train,True,aruna-juice-v4.0
2025-10-13,P010,Jus Jeruk,4,4.00000000,3.00000000,6.00000000,8.00000000,6.00000000,10.00000000,5.42857143,6.71428571,6.96428571,1.71824939,2.99816794,6.00000000,4.00000000,7.00000000,train,True,aruna-juice-v4.0
2025-10-13,P011,Jus Mangga,15,25.00000000,21.00000000,21.00000000,16.00000000,18.00000000,26.00000000,17.85714286,17.21428571,18.14285714,4.63424109,3.94536869,16.00000000,16.00000000,19.00000000,train,True,aruna-juice-v4.0
2025-10-14,P001,Jus Naga,11,8.00000000,12.00000000,6.00000000,14.00000000,6.00000000,8.00000000,7.71428571,8.64285714,8.03571429,2.98408477,3.49960751,7.00000000,5.00000000,6.00000000,train,True,aruna-juice-v4.0
2025-10-14,P002,Jus Semangka,10,7.00000000,8.00000000,10.00000000,10.00000000,7.00000000,5.00000000,7.00000000,7.21428571,6.35714286,3.05505046,2.66540721,7.00000000,3.00000000,6.00000000,train,True,aruna-juice-v4.0
2025-10-14,P003,Jus Jambu,8,6.00000000,10.00000000,8.00000000,7.00000000,6.00000000,7.00000000,6.85714286,6.85714286,7.35714286,2.34012617,2.50713268,11.00000000,6.00000000,10.00000000,train,True,aruna-juice-v4.0
2025-10-14,P004,Jus Pisang,7,3.00000000,2.00000000,4.00000000,5.00000000,5.00000000,5.00000000,4.28571429,4.28571429,4.82142857,1.60356745,2.26778684,7.00000000,5.00000000,4.00000000,train,True,aruna-juice-v4.0
2025-10-14,P005,Jus Nanas,19,10.00000000,18.00000000,19.00000000,12.00000000,14.00000000,12.00000000,14.00000000,15.35714286,15.07142857,5.29150262,4.49969474,16.00000000,17.00000000,16.00000000,train,True,aruna-juice-v4.0
2025-10-14,P006,Jus Melon,6,6.00000000,7.00000000,7.00000000,7.00000000,7.00000000,5.00000000,6.57142857,6.57142857,6.85714286,0.53452248,1.55485768,10.00000000,8.00000000,10.00000000,train,True,aruna-juice-v4.0
2025-10-14,P007,Jus Sirsak,21,24.00000000,19.00000000,15.00000000,27.00000000,20.00000000,24.00000000,17.71428571,18.21428571,17.17857143,3.72890894,4.61066609,19.00000000,28.00000000,18.00000000,train,True,aruna-juice-v4.0
2025-10-14,P008,Jus Alpukat,24,19.00000000,14.00000000,16.00000000,24.00000000,18.00000000,18.00000000,16.71428571,17.85714286,17.28571429,4.60848080,3.97796126,16.00000000,16.00000000,18.00000000,train,True,aruna-juice-v4.0
2025-10-14,P009,Jus Stroberi,26,22.00000000,18.00000000,21.00000000,19.00000000,33.00000000,19.00000000,18.71428571,18.07142857,18.60714286,4.78589197,4.69802390,21.00000000,14.00000000,18.00000000,train,True,aruna-juice-v4.0
2025-10-14,P010,Jus Jeruk,6,4.00000000,4.00000000,3.00000000,7.00000000,15.00000000,9.00000000,5.28571429,6.07142857,6.85714286,1.60356745,1.81719504,4.00000000,7.00000000,7.00000000,train,True,aruna-juice-v4.0
2025-10-14,P011,Jus Mangga,16,15.00000000,25.00000000,21.00000000,14.00000000,20.00000000,19.00000000,18.14285714,16.92857143,18.03571429,4.41318371,3.87227394,16.00000000,19.00000000,12.00000000,train,True,aruna-juice-v4.0
2025-10-15,P001,Jus Naga,7,11.00000000,8.00000000,12.00000000,4.00000000,9.00000000,8.00000000,8.14285714,8.50000000,8.00000000,2.54483604,3.52463855,5.00000000,6.00000000,13.00000000,train,True,aruna-juice-v4.0
2025-10-15,P002,Jus Semangka,7,10.00000000,7.00000000,8.00000000,7.00000000,9.00000000,3.00000000,7.00000000,7.07142857,6.50000000,3.05505046,2.61546542,3.00000000,6.00000000,7.00000000,train,True,aruna-juice-v4.0
2025-10-15,P003,Jus Jambu,11,8.00000000,6.00000000,10.00000000,3.00000000,10.00000000,15.00000000,8.00000000,6.92857143,7.21428571,2.08166600,2.61546542,6.00000000,10.00000000,7.00000000,train,True,aruna-juice-v4.0
2025-10-15,P004,Jus Pisang,7,7.00000000,3.00000000,2.00000000,4.00000000,9.00000000,8.00000000,4.71428571,4.14285714,4.78571429,1.88982237,1.99449793,5.00000000,4.00000000,1.00000000,train,True,aruna-juice-v4.0
2025-10-15,P005,Jus Nanas,16,19.00000000,10.00000000,18.00000000,5.00000000,21.00000000,21.00000000,15.57142857,15.00000000,14.89285714,3.50509833,4.20622250,17.00000000,16.00000000,7.00000000,train,True,aruna-juice-v4.0
2025-10-15,P006,Jus Melon,10,6.00000000,6.00000000,7.00000000,7.00000000,7.00000000,5.00000000,7.00000000,6.78571429,7.03571429,1.41421356,1.80506004,8.00000000,10.00000000,4.00000000,train,True,aruna-juice-v4.0
2025-10-15,P007,Jus Sirsak,19,21.00000000,24.00000000,19.00000000,15.00000000,11.00000000,22.00000000,18.28571429,18.78571429,17.07142857,3.54562104,4.11710450,28.00000000,18.00000000,20.00000000,train,True,aruna-juice-v4.0
2025-10-15,P008,Jus Alpukat,16,24.00000000,19.00000000,14.00000000,9.00000000,14.00000000,16.00000000,17.71428571,18.00000000,17.28571429,3.19970237,3.86303986,16.00000000,18.00000000,16.00000000,train,True,aruna-juice-v4.0
2025-10-15,P009,Jus Stroberi,21,26.00000000,22.00000000,18.00000000,12.00000000,25.00000000,14.00000000,20.00000000,17.78571429,18.85714286,3.78593890,4.35322288,14.00000000,18.00000000,20.00000000,train,True,aruna-juice-v4.0
2025-10-15,P010,Jus Jeruk,4,6.00000000,4.00000000,4.00000000,7.00000000,8.00000000,8.00000000,4.85714286,5.78571429,6.71428571,1.46385011,1.80506004,7.00000000,7.00000000,11.00000000,train,True,aruna-juice-v4.0
2025-10-15,P011,Jus Mangga,16,16.00000000,15.00000000,25.00000000,12.00000000,17.00000000,20.00000000,18.71428571,16.85714286,17.89285714,3.68394199,3.88007024,19.00000000,12.00000000,19.00000000,train,True,aruna-juice-v4.0
2025-10-16,P001,Jus Naga,5,7.00000000,11.00000000,8.00000000,5.00000000,6.00000000,7.00000000,8.14285714,8.42857143,7.92857143,2.54483604,3.58874921,6.00000000,13.00000000,7.00000000,train,True,aruna-juice-v4.0
2025-10-16,P002,Jus Semangka,3,7.00000000,10.00000000,7.00000000,1.00000000,6.00000000,4.00000000,7.28571429,6.85714286,6.46428571,2.42997159,2.82453925,6.00000000,7.00000000,2.00000000,train,True,aruna-juice-v4.0
2025-10-16,P003,Jus Jambu,6,11.00000000,8.00000000,6.00000000,5.00000000,3.00000000,4.00000000,8.14285714,7.14285714,7.28571429,1.86445447,2.38124540,10.00000000,7.00000000,17.00000000,train,True,aruna-juice-v4.0
2025-10-16,P004,Jus Pisang,5,7.00000000,7.00000000,3.00000000,5.00000000,2.00000000,4.00000000,4.71428571,4.35714286,4.82142857,1.88982237,1.90574608,4.00000000,1.00000000,3.00000000,train,True,aruna-juice-v4.0
2025-10-16,P005,Jus Nanas,17,16.00000000,19.00000000,10.00000000,15.00000000,13.00000000,9.00000000,15.85714286,15.28571429,15.17857143,3.53216513,4.19575924,16.00000000,7.00000000,9.00000000,train,True,aruna-juice-v4.0
2025-10-16,P006,Jus Melon,8,10.00000000,6.00000000,6.00000000,6.00000000,8.00000000,3.00000000,7.28571429,6.78571429,7.21428571,1.38013112,1.80506004,10.00000000,4.00000000,7.00000000,train,True,aruna-juice-v4.0
2025-10-16,P007,Jus Sirsak,28,19.00000000,21.00000000,24.00000000,14.00000000,18.00000000,18.00000000,20.28571429,19.50000000,17.42857143,4.53557368,4.78378672,18.00000000,20.00000000,13.00000000,train,True,aruna-juice-v4.0
2025-10-16,P008,Jus Alpukat,16,16.00000000,24.00000000,19.00000000,17.00000000,20.00000000,20.00000000,17.57142857,17.71428571,17.14285714,3.25868802,3.85164443,18.00000000,16.00000000,13.00000000,train,True,aruna-juice-v4.0
2025-10-16,P009,Jus Stroberi,14,21.00000000,26.00000000,22.00000000,14.00000000,15.00000000,18.00000000,20.00000000,17.71428571,18.71428571,3.78593890,4.41027771,18.00000000,20.00000000,11.00000000,train,True,aruna-juice-v4.0
2025-10-16,P010,Jus Jeruk,7,4.00000000,6.00000000,4.00000000,7.00000000,9.00000000,1.00000000,4.85714286,5.64285714,6.92857143,1.46385011,1.59841955,7.00000000,11.00000000,6.00000000,train,True,aruna-juice-v4.0
2025-10-16,P011,Jus Mangga,19,16.00000000,16.00000000,15.00000000,17.00000000,10.00000000,11.00000000,19.00000000,17.50000000,18.17857143,3.60555128,3.36840524,12.00000000,19.00000000,17.00000000,train,True,aruna-juice-v4.0
2025-10-17,P001,Jus Naga,6,5.00000000,7.00000000,11.00000000,8.00000000,9.00000000,5.00000000,7.85714286,8.21428571,7.96428571,2.67261242,3.64118686,13.00000000,7.00000000,6.00000000,train,True,aruna-juice-v4.0
2025-10-17,P002,Jus Semangka,6,3.00000000,7.00000000,10.00000000,6.00000000,5.00000000,5.00000000,7.28571429,6.92857143,6.50000000,2.42997159,2.78634819,7.00000000,2.00000000,6.00000000,train,True,aruna-juice-v4.0
2025-10-17,P003,Jus Jambu,10,6.00000000,11.00000000,8.00000000,8.00000000,9.00000000,6.00000000,8.42857143,7.21428571,7.42857143,1.98805959,2.45509114,7.00000000,17.00000000,9.00000000,train,True,aruna-juice-v4.0
2025-10-17,P004,Jus Pisang,4,5.00000000,7.00000000,7.00000000,5.00000000,4.00000000,8.00000000,4.57142857,4.35714286,4.67857143,1.90237946,1.90574608,1.00000000,3.00000000,5.00000000,train,True,aruna-juice-v4.0
2025-10-17,P005,Jus Nanas,16,17.00000000,16.00000000,19.00000000,12.00000000,18.00000000,15.00000000,16.42857143,15.14285714,15.21428571,3.10145895,4.12976332,7.00000000,9.00000000,13.00000000,train,True,aruna-juice-v4.0
2025-10-17,P006,Jus Melon,10,8.00000000,10.00000000,6.00000000,7.00000000,3.00000000,10.00000000,7.71428571,7.28571429,7.21428571,1.70433621,1.63747326,4.00000000,7.00000000,16.00000000,train,True,aruna-juice-v4.0
2025-10-17,P007,Jus Sirsak,18,28.00000000,19.00000000,21.00000000,16.00000000,21.00000000,15.00000000,20.57142857,19.28571429,17.53571429,4.27617987,4.77861537,20.00000000,13.00000000,12.00000000,train,True,aruna-juice-v4.0
2025-10-17,P008,Jus Alpukat,18,16.00000000,16.00000000,24.00000000,18.00000000,18.00000000,19.00000000,17.57142857,17.71428571,17.10714286,3.25868802,3.85164443,16.00000000,13.00000000,25.00000000,train,True,aruna-juice-v4.0
2025-10-17,P009,Jus Stroberi,18,14.00000000,21.00000000,26.00000000,18.00000000,19.00000000,26.00000000,20.00000000,17.64285714,18.42857143,3.78593890,4.39592719,20.00000000,11.00000000,24.00000000,train,True,aruna-juice-v4.0
2025-10-17,P010,Jus Jeruk,7,7.00000000,4.00000000,6.00000000,6.00000000,5.00000000,13.00000000,5.00000000,5.78571429,6.71428571,1.63299316,1.62568667,11.00000000,6.00000000,5.00000000,train,True,aruna-juice-v4.0
2025-10-17,P011,Jus Mangga,12,19.00000000,16.00000000,16.00000000,21.00000000,20.00000000,18.00000000,17.71428571,16.92857143,17.96428571,4.30945804,3.58338657,19.00000000,17.00000000,26.00000000,train,True,aruna-juice-v4.0
2025-10-18,P001,Jus Naga,13,6.00000000,5.00000000,7.00000000,6.00000000,6.00000000,4.00000000,8.85714286,8.71428571,8.28571429,3.13201593,3.79125657,7.00000000,6.00000000,10.00000000,train,True,aruna-juice-v4.0
2025-10-18,P002,Jus Semangka,7,6.00000000,3.00000000,7.00000000,10.00000000,8.00000000,3.00000000,6.85714286,6.85714286,6.64285714,2.11570094,2.76953600,2.00000000,6.00000000,5.00000000,train,True,aruna-juice-v4.0
2025-10-18,P003,Jus Jambu,7,10.00000000,6.00000000,11.00000000,8.00000000,7.00000000,7.00000000,8.28571429,7.21428571,7.42857143,2.05866346,2.45509114,17.00000000,9.00000000,6.00000000,train,True,aruna-juice-v4.0
2025-10-18,P004,Jus Pisang,1,4.00000000,5.00000000,7.00000000,4.00000000,7.00000000,7.00000000,4.14285714,3.92857143,4.46428571,2.34012617,1.94003512,3.00000000,5.00000000,6.00000000,train,True,aruna-juice-v4.0
2025-10-18,P005,Jus Nanas,7,16.00000000,17.00000000,16.00000000,19.00000000,15.00000000,12.00000000,14.71428571,14.57142857,15.03571429,4.46147531,4.66928236,9.00000000,13.00000000,11.00000000,train,True,aruna-juice-v4.0
2025-10-18,P006,Jus Melon,4,10.00000000,8.00000000,10.00000000,7.00000000,5.00000000,8.00000000,7.28571429,7.21428571,7.07142857,2.21466971,1.76192951,7.00000000,16.00000000,17.00000000,train,True,aruna-juice-v4.0
2025-10-18,P007,Jus Sirsak,20,18.00000000,28.00000000,19.00000000,15.00000000,15.00000000,16.00000000,21.28571429,19.64285714,17.67857143,3.54562104,4.61781072,13.00000000,12.00000000,21.00000000,train,True,aruna-juice-v4.0
2025-10-18,P008,Jus Alpukat,16,18.00000000,16.00000000,16.00000000,16.00000000,21.00000000,13.00000000,17.57142857,17.35714286,17.21428571,3.25868802,3.75411862,13.00000000,25.00000000,19.00000000,train,True,aruna-juice-v4.0
2025-10-18,P009,Jus Stroberi,20,18.00000000,14.00000000,21.00000000,21.00000000,19.00000000,21.00000000,19.85714286,17.71428571,18.39285714,3.76069902,4.42768513,11.00000000,24.00000000,21.00000000,train,True,aruna-juice-v4.0
2025-10-18,P010,Jus Jeruk,11,7.00000000,7.00000000,4.00000000,3.00000000,7.00000000,6.00000000,6.14285714,6.07142857,6.89285714,2.54483604,2.12907657,6.00000000,5.00000000,7.00000000,train,True,aruna-juice-v4.0
2025-10-18,P011,Jus Mangga,19,12.00000000,19.00000000,16.00000000,21.00000000,17.00000000,27.00000000,17.42857143,17.07142857,17.67857143,4.11732692,3.62606559,17.00000000,26.00000000,22.00000000,train,True,aruna-juice-v4.0
2025-10-19,P001,Jus Naga,7,13.00000000,6.00000000,5.00000000,12.00000000,7.00000000,10.00000000,8.14285714,8.71428571,8.17857143,2.85356919,3.79125657,6.00000000,10.00000000,8.00000000,train,True,aruna-juice-v4.0
2025-10-19,P002,Jus Semangka,2,7.00000000,6.00000000,3.00000000,8.00000000,4.00000000,6.00000000,6.00000000,6.71428571,6.50000000,2.70801280,2.97240052,6.00000000,5.00000000,6.00000000,train,True,aruna-juice-v4.0
2025-10-19,P003,Jus Jambu,17,7.00000000,10.00000000,6.00000000,10.00000000,9.00000000,12.00000000,9.28571429,7.78571429,7.60714286,3.90360029,3.57724801,9.00000000,6.00000000,9.00000000,train,True,aruna-juice-v4.0
2025-10-19,P004,Jus Pisang,3,1.00000000,4.00000000,5.00000000,2.00000000,2.00000000,7.00000000,4.28571429,4.00000000,4.32142857,2.21466971,1.88107989,5.00000000,6.00000000,5.00000000,train,True,aruna-juice-v4.0
2025-10-19,P005,Jus Nanas,9,7.00000000,16.00000000,17.00000000,18.00000000,19.00000000,17.00000000,13.42857143,13.85714286,14.75000000,4.64962876,4.70445195,13.00000000,11.00000000,18.00000000,train,True,aruna-juice-v4.0
2025-10-19,P006,Jus Melon,7,4.00000000,10.00000000,8.00000000,7.00000000,10.00000000,7.00000000,7.28571429,7.00000000,7.07142857,2.21466971,1.56892908,16.00000000,17.00000000,11.00000000,train,True,aruna-juice-v4.0
2025-10-19,P007,Jus Sirsak,13,20.00000000,18.00000000,28.00000000,19.00000000,15.00000000,14.00000000,20.42857143,19.50000000,17.64285714,4.72077475,4.79983974,12.00000000,21.00000000,21.00000000,train,True,aruna-juice-v4.0
2025-10-19,P008,Jus Alpukat,13,16.00000000,18.00000000,16.00000000,14.00000000,17.00000000,15.00000000,17.42857143,17.07142857,17.14285714,3.45722157,3.93141755,25.00000000,19.00000000,16.00000000,train,True,aruna-juice-v4.0
2025-10-19,P009,Jus Stroberi,11,20.00000000,18.00000000,14.00000000,18.00000000,9.00000000,14.00000000,18.85714286,17.85714286,18.28571429,5.04739442,4.14834801,24.00000000,21.00000000,15.00000000,train,True,aruna-juice-v4.0
2025-10-19,P010,Jus Jeruk,6,11.00000000,7.00000000,7.00000000,4.00000000,4.00000000,9.00000000,6.42857143,6.21428571,6.78571429,2.37045304,2.04482730,5.00000000,7.00000000,5.00000000,train,True,aruna-juice-v4.0
2025-10-19,P011,Jus Mangga,17,19.00000000,12.00000000,19.00000000,25.00000000,16.00000000,25.00000000,16.28571429,17.14285714,17.39285714,2.42997159,3.61316275,26.00000000,22.00000000,34.00000000,train,True,aruna-juice-v4.0
2025-10-20,P001,Jus Naga,6,7.00000000,13.00000000,6.00000000,8.00000000,16.00000000,5.00000000,7.85714286,8.00000000,8.21428571,2.96808420,3.21055950,10.00000000,8.00000000,7.00000000,train,True,aruna-juice-v4.0
2025-10-20,P002,Jus Semangka,6,2.00000000,7.00000000,6.00000000,7.00000000,10.00000000,4.00000000,5.85714286,6.42857143,6.57142857,2.67261242,2.82064602,5.00000000,6.00000000,10.00000000,train,True,aruna-juice-v4.0
2025-10-20,P003,Jus Jambu,9,17.00000000,7.00000000,10.00000000,6.00000000,3.00000000,6.00000000,9.71428571,8.21428571,7.71428571,3.63841933,3.30916144,6.00000000,9.00000000,7.00000000,train,True,aruna-juice-v4.0
2025-10-20,P004,Jus Pisang,5,3.00000000,1.00000000,4.00000000,3.00000000,1.00000000,2.00000000,4.57142857,4.28571429,4.42857143,2.14919697,1.68379477,6.00000000,5.00000000,5.00000000,train,True,aruna-juice-v4.0
2025-10-20,P005,Jus Nanas,13,9.00000000,7.00000000,16.00000000,10.00000000,19.00000000,11.00000000,13.85714286,13.42857143,14.82142857,4.41318371,4.46721882,11.00000000,18.00000000,13.00000000,train,True,aruna-juice-v4.0
2025-10-20,P006,Jus Melon,16,7.00000000,4.00000000,10.00000000,6.00000000,6.00000000,9.00000000,8.71428571,7.71428571,7.32142857,3.86066858,2.84005881,17.00000000,11.00000000,5.00000000,train,True,aruna-juice-v4.0
2025-10-20,P007,Jus Sirsak,12,13.00000000,20.00000000,18.00000000,24.00000000,24.00000000,14.00000000,18.71428571,18.64285714,17.57142857,5.34522484,5.00164808,21.00000000,21.00000000,23.00000000,train,True,aruna-juice-v4.0
2025-10-20,P008,Jus Alpukat,25,13.00000000,16.00000000,18.00000000,19.00000000,19.00000000,13.00000000,18.28571429,17.50000000,17.57142857,4.49867705,4.45058337,19.00000000,16.00000000,14.00000000,train,True,aruna-juice-v4.0
2025-10-20,P009,Jus Stroberi,24,11.00000000,20.00000000,18.00000000,22.00000000,16.00000000,14.00000000,19.14285714,18.42857143,18.64285714,5.30498418,4.41525826,21.00000000,15.00000000,13.00000000,train,True,aruna-juice-v4.0
2025-10-20,P010,Jus Jeruk,5,6.00000000,11.00000000,7.00000000,4.00000000,8.00000000,7.00000000,6.57142857,6.00000000,6.71428571,2.22539456,2.00000000,7.00000000,5.00000000,5.00000000,train,True,aruna-juice-v4.0
2025-10-20,P011,Jus Mangga,26,17.00000000,19.00000000,12.00000000,15.00000000,16.00000000,12.00000000,17.85714286,17.85714286,17.89285714,4.29839394,4.29413093,22.00000000,34.00000000,13.00000000,train,True,aruna-juice-v4.0
2025-10-21,P001,Jus Naga,10,6.00000000,7.00000000,13.00000000,11.00000000,14.00000000,13.00000000,7.71428571,7.71428571,8.10714286,2.81154084,2.78536205,8.00000000,7.00000000,14.00000000,train,True,aruna-juice-v4.0
2025-10-21,P002,Jus Semangka,5,6.00000000,2.00000000,7.00000000,10.00000000,10.00000000,6.00000000,5.14285714,6.07142857,6.53571429,1.95180015,2.64471274,6.00000000,10.00000000,8.00000000,train,True,aruna-juice-v4.0
2025-10-21,P003,Jus Jambu,6,9.00000000,17.00000000,7.00000000,8.00000000,7.00000000,12.00000000,9.42857143,8.14285714,7.50000000,3.86683087,3.34795329,9.00000000,7.00000000,4.00000000,train,True,aruna-juice-v4.0
2025-10-21,P004,Jus Pisang,6,5.00000000,3.00000000,1.00000000,7.00000000,5.00000000,7.00000000,4.42857143,4.35714286,4.39285714,1.98805959,1.73680267,5.00000000,5.00000000,7.00000000,train,True,aruna-juice-v4.0
2025-10-21,P005,Jus Nanas,11,13.00000000,9.00000000,7.00000000,19.00000000,12.00000000,17.00000000,12.71428571,13.35714286,14.60714286,3.86066858,4.49969474,18.00000000,13.00000000,18.00000000,train,True,aruna-juice-v4.0
2025-10-21,P006,Jus Melon,17,16.00000000,7.00000000,4.00000000,6.00000000,7.00000000,7.00000000,10.28571429,8.42857143,7.67857143,4.71572849,3.75631337,11.00000000,5.00000000,11.00000000,train,True,aruna-juice-v4.0
2025-10-21,P007,Jus Sirsak,21,12.00000000,13.00000000,20.00000000,21.00000000,27.00000000,21.00000000,18.71428571,18.21428571,17.57142857,5.34522484,4.45798456,21.00000000,23.00000000,29.00000000,train,True,aruna-juice-v4.0
2025-10-21,P008,Jus Alpukat,19,25.00000000,13.00000000,16.00000000,24.00000000,24.00000000,18.00000000,17.57142857,17.14285714,17.60714286,3.77964473,4.07350053,16.00000000,14.00000000,18.00000000,train,True,aruna-juice-v4.0
2025-10-21,P009,Jus Stroberi,21,24.00000000,11.00000000,20.00000000,26.00000000,19.00000000,16.00000000,18.42857143,18.57142857,18.82142857,4.50396651,4.46721882,15.00000000,13.00000000,16.00000000,train,True,aruna-juice-v4.0
2025-10-21,P010,Jus Jeruk,7,5.00000000,6.00000000,11.00000000,6.00000000,7.00000000,8.00000000,6.71428571,6.00000000,6.67857143,2.21466971,2.00000000,5.00000000,5.00000000,6.00000000,train,True,aruna-juice-v4.0
2025-10-21,P011,Jus Mangga,22,26.00000000,17.00000000,19.00000000,16.00000000,14.00000000,22.00000000,18.71428571,18.42857143,17.89285714,4.46147531,4.27360928,34.00000000,13.00000000,8.00000000,train,True,aruna-juice-v4.0
2025-10-22,P001,Jus Naga,8,10.00000000,6.00000000,7.00000000,7.00000000,4.00000000,9.00000000,7.85714286,8.00000000,8.07142857,2.79455252,2.57203900,7.00000000,14.00000000,5.00000000,train,True,aruna-juice-v4.0
2025-10-22,P002,Jus Semangka,6,5.00000000,6.00000000,2.00000000,7.00000000,7.00000000,3.00000000,5.00000000,6.00000000,6.64285714,1.82574186,2.63117406,10.00000000,8.00000000,5.00000000,train,True,aruna-juice-v4.0
2025-10-22,P003,Jus Jambu,9,6.00000000,9.00000000,17.00000000,11.00000000,3.00000000,1.00000000,9.14285714,8.57142857,7.78571429,3.80475892,3.00548948,7.00000000,4.00000000,8.00000000,train,True,aruna-juice-v4.0
2025-10-22,P004,Jus Pisang,5,6.00000000,5.00000000,3.00000000,7.00000000,4.00000000,2.00000000,4.14285714,4.42857143,4.50000000,1.67616342,1.74154157,5.00000000,7.00000000,3.00000000,train,True,aruna-juice-v4.0
2025-10-22,P005,Jus Nanas,18,11.00000000,13.00000000,9.00000000,16.00000000,5.00000000,15.00000000,13.00000000,14.28571429,14.71428571,4.20317340,3.95023994,13.00000000,18.00000000,22.00000000,train,True,aruna-juice-v4.0
2025-10-22,P006,Jus Melon,11,17.00000000,16.00000000,7.00000000,10.00000000,7.00000000,7.00000000,10.42857143,8.71428571,7.82142857,4.72077475,3.79125657,5.00000000,11.00000000,6.00000000,train,True,aruna-juice-v4.0
2025-10-22,P007,Jus Sirsak,21,21.00000000,12.00000000,13.00000000,19.00000000,15.00000000,11.00000000,19.00000000,18.64285714,17.92857143,5.41602560,4.41339121,23.00000000,29.00000000,17.00000000,train,True,aruna-juice-v4.0
2025-10-22,P008,Jus Alpukat,16,19.00000000,25.00000000,13.00000000,16.00000000,9.00000000,17.00000000,17.57142857,17.64285714,17.57142857,3.77964473,3.36514128,14.00000000,18.00000000,13.00000000,train,True,aruna-juice-v4.0
2025-10-22,P009,Jus Stroberi,15,21.00000000,24.00000000,11.00000000,21.00000000,12.00000000,17.00000000,17.57142857,18.78571429,18.75000000,4.50396651,4.19117335,13.00000000,16.00000000,28.00000000,train,True,aruna-juice-v4.0
2025-10-22,P010,Jus Jeruk,5,7.00000000,5.00000000,6.00000000,4.00000000,7.00000000,11.00000000,6.85714286,5.85714286,6.46428571,2.03540098,1.99449793,5.00000000,6.00000000,10.00000000,train,True,aruna-juice-v4.0
2025-10-22,P011,Jus Mangga,34,22.00000000,26.00000000,17.00000000,16.00000000,12.00000000,29.00000000,21.28571429,20.00000000,18.07142857,7.06433025,5.57466798,13.00000000,8.00000000,19.00000000,train,True,aruna-juice-v4.0
2025-10-23,P001,Jus Naga,7,8.00000000,10.00000000,6.00000000,5.00000000,5.00000000,6.00000000,8.14285714,8.14285714,8.10714286,2.54483604,2.44499938,14.00000000,5.00000000,12.00000000,train,True,aruna-juice-v4.0
2025-10-23,P002,Jus Semangka,10,6.00000000,5.00000000,6.00000000,3.00000000,1.00000000,4.00000000,6.00000000,6.64285714,6.85714286,2.38047614,2.40535118,8.00000000,5.00000000,5.00000000,train,True,aruna-juice-v4.0
2025-10-23,P003,Jus Jambu,7,9.00000000,6.00000000,9.00000000,6.00000000,5.00000000,8.00000000,9.28571429,8.71428571,7.75000000,3.68394199,2.86701591,4.00000000,8.00000000,6.00000000,train,True,aruna-juice-v4.0
2025-10-23,P004,Jus Pisang,5,5.00000000,6.00000000,5.00000000,5.00000000,5.00000000,6.00000000,4.14285714,4.42857143,4.46428571,1.67616342,1.74154157,7.00000000,3.00000000,4.00000000,train,True,aruna-juice-v4.0
2025-10-23,P005,Jus Nanas,13,18.00000000,11.00000000,13.00000000,17.00000000,15.00000000,15.00000000,12.42857143,14.14285714,14.64285714,3.82348632,3.95857672,18.00000000,22.00000000,15.00000000,train,True,aruna-juice-v4.0
2025-10-23,P006,Jus Melon,5,11.00000000,17.00000000,16.00000000,8.00000000,6.00000000,11.00000000,10.00000000,8.64285714,7.60714286,5.09901951,3.85520912,11.00000000,6.00000000,8.00000000,train,True,aruna-juice-v4.0
2025-10-23,P007,Jus Sirsak,23,21.00000000,21.00000000,12.00000000,28.00000000,14.00000000,21.00000000,18.28571429,19.28571429,18.00000000,4.23140188,4.33994987,29.00000000,17.00000000,21.00000000,train,True,aruna-juice-v4.0
2025-10-23,P008,Jus Alpukat,14,16.00000000,19.00000000,25.00000000,16.00000000,17.00000000,13.00000000,17.28571429,17.42857143,17.60714286,3.98807747,3.50196177,18.00000000,13.00000000,12.00000000,train,True,aruna-juice-v4.0
2025-10-23,P009,Jus Stroberi,13,15.00000000,21.00000000,24.00000000,14.00000000,14.00000000,21.00000000,17.42857143,18.71428571,18.46428571,4.64962876,4.28644682,16.00000000,28.00000000,18.00000000,train,True,aruna-juice-v4.0
2025-10-23,P010,Jus Jeruk,5,5.00000000,7.00000000,5.00000000,7.00000000,7.00000000,7.00000000,6.57142857,5.71428571,6.39285714,2.14919697,1.97789987,6.00000000,10.00000000,8.00000000,train,True,aruna-juice-v4.0
2025-10-23,P011,Jus Mangga,13,34.00000000,22.00000000,26.00000000,19.00000000,17.00000000,12.00000000,20.42857143,19.71428571,18.10714286,7.72133717,5.83660296,8.00000000,19.00000000,17.00000000,train,True,aruna-juice-v4.0
2025-10-24,P001,Jus Naga,14,7.00000000,8.00000000,10.00000000,6.00000000,8.00000000,6.00000000,9.28571429,8.57142857,8.39285714,3.14718317,2.90130702,5.00000000,12.00000000,4.00000000,train,True,aruna-juice-v4.0
2025-10-24,P002,Jus Semangka,8,10.00000000,6.00000000,5.00000000,6.00000000,6.00000000,8.00000000,6.28571429,6.78571429,6.85714286,2.49761791,2.42355655,5.00000000,5.00000000,5.00000000,train,True,aruna-juice-v4.0
2025-10-24,P003,Jus Jambu,4,7.00000000,9.00000000,6.00000000,10.00000000,8.00000000,10.00000000,8.42857143,8.42857143,7.53571429,4.15760920,3.13084618,8.00000000,6.00000000,1.00000000,train,True,aruna-juice-v4.0
2025-10-24,P004,Jus Pisang,7,5.00000000,5.00000000,6.00000000,4.00000000,5.00000000,5.00000000,4.57142857,4.57142857,4.53571429,1.98805959,1.86935965,3.00000000,4.00000000,9.00000000,train,True,aruna-juice-v4.0
2025-10-24,P005,Jus Nanas,18,13.00000000,18.00000000,11.00000000,16.00000000,12.00000000,10.00000000,12.71428571,14.57142857,14.92857143,4.19182879,4.03283229,22.00000000,15.00000000,13.00000000,train,True,aruna-juice-v4.0
2025-10-24,P006,Jus Melon,11,5.00000000,11.00000000,17.00000000,10.00000000,7.00000000,8.00000000,10.14285714,8.92857143,7.71428571,5.11300862,3.87227394,6.00000000,8.00000000,6.00000000,train,True,aruna-juice-v4.0
2025-10-24,P007,Jus Sirsak,29,23.00000000,21.00000000,21.00000000,18.00000000,16.00000000,14.00000000,19.85714286,20.21428571,18.53571429,5.84318895,4.93306850,17.00000000,21.00000000,16.00000000,train,True,aruna-juice-v4.0
2025-10-24,P008,Jus Alpukat,18,14.00000000,16.00000000,19.00000000,18.00000000,18.00000000,15.00000000,17.28571429,17.42857143,17.71428571,3.98807747,3.50196177,13.00000000,12.00000000,8.00000000,train,True,aruna-juice-v4.0
2025-10-24,P009,Jus Stroberi,16,13.00000000,15.00000000,21.00000000,18.00000000,18.00000000,18.00000000,17.14285714,18.57142857,18.39285714,4.67006679,4.34501103,28.00000000,18.00000000,14.00000000,train,True,aruna-juice-v4.0
2025-10-24,P010,Jus Jeruk,6,5.00000000,5.00000000,7.00000000,7.00000000,6.00000000,5.00000000,6.42857143,5.71428571,6.42857143,2.14919697,1.97789987,10.00000000,8.00000000,5.00000000,train,True,aruna-juice-v4.0
2025-10-24,P011,Jus Mangga,8,13.00000000,34.00000000,22.00000000,12.00000000,21.00000000,11.00000000,19.85714286,18.78571429,18.00000000,8.55235974,6.60044954,19.00000000,17.00000000,14.00000000,train,True,aruna-juice-v4.0
2025-10-25,P001,Jus Naga,5,14.00000000,7.00000000,8.00000000,13.00000000,6.00000000,9.00000000,8.14285714,8.50000000,8.25000000,3.02371578,2.98070720,12.00000000,4.00000000,8.00000000,train,True,aruna-juice-v4.0
2025-10-25,P002,Jus Semangka,5,8.00000000,10.00000000,6.00000000,7.00000000,10.00000000,6.00000000,6.00000000,6.42857143,6.82142857,2.51661148,2.27745761,5.00000000,5.00000000,4.00000000,train,True,aruna-juice-v4.0
2025-10-25,P003,Jus Jambu,8,4.00000000,7.00000000,9.00000000,7.00000000,8.00000000,4.00000000,8.57142857,8.42857143,7.67857143,4.11732692,3.13084618,6.00000000,1.00000000,4.00000000,train,True,aruna-juice-v4.0
2025-10-25,P004,Jus Pisang,3,7.00000000,5.00000000,5.00000000,1.00000000,4.00000000,3.00000000,4.85714286,4.50000000,4.53571429,1.46385011,1.91150364,4.00000000,9.00000000,3.00000000,train,True,aruna-juice-v4.0
2025-10-25,P005,Jus Nanas,22,18.00000000,13.00000000,18.00000000,7.00000000,19.00000000,15.00000000,14.85714286,14.78571429,15.17857143,4.59813627,4.35322288,15.00000000,13.00000000,11.00000000,train,True,aruna-juice-v4.0
2025-10-25,P006,Jus Melon,6,11.00000000,5.00000000,11.00000000,4.00000000,7.00000000,2.00000000,10.42857143,8.85714286,7.85714286,4.75594866,3.91952004,8.00000000,6.00000000,7.00000000,train,True,aruna-juice-v4.0
2025-10-25,P007,Jus Sirsak,17,29.00000000,23.00000000,21.00000000,20.00000000,15.00000000,15.00000000,19.42857143,20.35714286,18.60714286,5.94017797,4.79754974,21.00000000,16.00000000,21.00000000,train,True,aruna-juice-v4.0
2025-10-25,P008,Jus Alpukat,13,18.00000000,14.00000000,16.00000000,16.00000000,16.00000000,16.00000000,16.85714286,17.21428571,17.60714286,4.29839394,3.68319618,12.00000000,8.00000000,22.00000000,train,True,aruna-juice-v4.0
2025-10-25,P009,Jus Stroberi,28,16.00000000,13.00000000,15.00000000,20.00000000,21.00000000,26.00000000,18.28571429,19.07142857,18.46428571,6.21059003,4.99945052,18.00000000,14.00000000,20.00000000,train,True,aruna-juice-v4.0
2025-10-25,P010,Jus Jeruk,10,6.00000000,5.00000000,5.00000000,11.00000000,3.00000000,4.00000000,6.28571429,6.21428571,6.64285714,1.79947082,2.11872863,8.00000000,5.00000000,6.00000000,train,True,aruna-juice-v4.0
2025-10-25,P011,Jus Mangga,19,8.00000000,13.00000000,34.00000000,19.00000000,21.00000000,28.00000000,19.85714286,18.64285714,17.67857143,8.55235974,6.57041320,17.00000000,14.00000000,21.00000000,train,True,aruna-juice-v4.0
2025-10-26,P001,Jus Naga,12,5.00000000,14.00000000,7.00000000,7.00000000,12.00000000,6.00000000,8.85714286,8.50000000,8.46428571,3.28778403,2.98070720,4.00000000,8.00000000,2.00000000,train,True,aruna-juice-v4.0
2025-10-26,P002,Jus Semangka,5,5.00000000,8.00000000,10.00000000,2.00000000,8.00000000,11.00000000,6.42857143,6.21428571,6.60714286,1.90237946,2.25929095,5.00000000,4.00000000,6.00000000,train,True,aruna-juice-v4.0
2025-10-26,P003,Jus Jambu,6,8.00000000,4.00000000,7.00000000,17.00000000,10.00000000,8.00000000,7.00000000,8.14285714,7.60714286,1.82574186,3.15880072,1.00000000,4.00000000,4.00000000,train,True,aruna-juice-v4.0
2025-10-26,P004,Jus Pisang,4,3.00000000,7.00000000,5.00000000,3.00000000,2.00000000,8.00000000,5.00000000,4.64285714,4.39285714,1.29099445,1.78054196,9.00000000,3.00000000,3.00000000,train,True,aruna-juice-v4.0
2025-10-26,P005,Jus Nanas,15,22.00000000,18.00000000,13.00000000,9.00000000,18.00000000,16.00000000,15.71428571,14.57142857,15.14285714,3.81725406,4.25557165,13.00000000,11.00000000,10.00000000,train,True,aruna-juice-v4.0
2025-10-26,P006,Jus Melon,8,6.00000000,11.00000000,5.00000000,7.00000000,7.00000000,9.00000000,10.57142857,8.92857143,7.82142857,4.64962876,3.89208834,6.00000000,7.00000000,4.00000000,train,True,aruna-juice-v4.0
2025-10-26,P007,Jus Sirsak,21,17.00000000,29.00000000,23.00000000,13.00000000,19.00000000,12.00000000,20.57142857,20.50000000,18.92857143,5.22357294,4.78378672,16.00000000,21.00000000,11.00000000,train,True,aruna-juice-v4.0
2025-10-26,P008,Jus Alpukat,12,13.00000000,18.00000000,14.00000000,13.00000000,14.00000000,21.00000000,16.71428571,17.07142857,17.28571429,4.46147531,3.85235763,8.00000000,22.00000000,7.00000000,train,True,aruna-juice-v4.0
2025-10-26,P009,Jus Stroberi,18,28.00000000,16.00000000,13.00000000,11.00000000,18.00000000,15.00000000,19.28571429,19.07142857,18.57142857,5.34522484,4.99945052,14.00000000,20.00000000,12.00000000,train,True,aruna-juice-v4.0
2025-10-26,P010,Jus Jeruk,8,10.00000000,6.00000000,5.00000000,6.00000000,4.00000000,7.00000000,6.57142857,6.50000000,6.67857143,1.90237946,2.06621170,5.00000000,6.00000000,1.00000000,train,True,aruna-juice-v4.0
2025-10-26,P011,Jus Mangga,17,19.00000000,8.00000000,13.00000000,17.00000000,25.00000000,15.00000000,19.85714286,18.07142857,17.75000000,8.55235974,6.31803628,14.00000000,21.00000000,11.00000000,train,True,aruna-juice-v4.0
2025-10-27,P001,Jus Naga,4,12.00000000,5.00000000,14.00000000,6.00000000,8.00000000,10.00000000,8.57142857,8.21428571,8.25000000,3.64495738,3.21483512,8.00000000,2.00000000,18.00000000,train,True,aruna-juice-v4.0
2025-10-27,P002,Jus Semangka,5,5.00000000,5.00000000,8.00000000,6.00000000,7.00000000,7.00000000,6.28571429,6.07142857,6.53571429,1.97604704,2.26899794,4.00000000,6.00000000,7.00000000,train,True,aruna-juice-v4.0
2025-10-27,P003,Jus Jambu,1,6.00000000,8.00000000,4.00000000,9.00000000,6.00000000,11.00000000,5.85714286,7.78571429,7.25000000,2.67261242,3.66225175,4.00000000,4.00000000,9.00000000,train,True,aruna-juice-v4.0
2025-10-27,P004,Jus Pisang,9,4.00000000,3.00000000,7.00000000,5.00000000,3.00000000,3.00000000,5.57142857,5.07142857,4.60714286,1.98805959,2.05554731,3.00000000,3.00000000,4.00000000,train,True,aruna-juice-v4.0
2025-10-27,P005,Jus Nanas,13,15.00000000,22.00000000,18.00000000,13.00000000,10.00000000,20.00000000,15.71428571,14.78571429,14.89285714,3.81725406,4.07956580,11.00000000,10.00000000,18.00000000,train,True,aruna-juice-v4.0
2025-10-27,P006,Jus Melon,6,8.00000000,6.00000000,11.00000000,16.00000000,6.00000000,7.00000000,9.14285714,8.92857143,7.78571429,4.22013315,3.89208834,7.00000000,4.00000000,5.00000000,train,True,aruna-juice-v4.0
2025-10-27,P007,Jus Sirsak,16,21.00000000,17.00000000,29.00000000,12.00000000,24.00000000,13.00000000,21.14285714,19.92857143,19.03571429,4.25944329,4.81127339,21.00000000,11.00000000,18.00000000,train,True,aruna-juice-v4.0
2025-10-27,P008,Jus Alpukat,8,12.00000000,13.00000000,18.00000000,25.00000000,19.00000000,20.00000000,14.28571429,16.28571429,16.85714286,3.77334006,4.49664099,22.00000000,7.00000000,12.00000000,train,True,aruna-juice-v4.0
2025-10-27,P009,Jus Stroberi,14,18.00000000,28.00000000,16.00000000,24.00000000,22.00000000,15.00000000,17.85714286,18.50000000,18.53571429,5.20988072,5.09524665,20.00000000,12.00000000,16.00000000,train,True,aruna-juice-v4.0
2025-10-27,P010,Jus Jeruk,5,8.00000000,10.00000000,6.00000000,5.00000000,4.00000000,6.00000000,6.57142857,6.57142857,6.64285714,1.90237946,1.98898063,6.00000000,1.00000000,2.00000000,train,True,aruna-juice-v4.0
2025-10-27,P011,Jus Mangga,14,17.00000000,19.00000000,8.00000000,26.00000000,15.00000000,18.00000000,18.14285714,18.00000000,17.60714286,8.31521841,6.36093849,21.00000000,11.00000000,13.00000000,train,True,aruna-juice-v4.0
2025-10-28,P001,Jus Naga,8,4.00000000,12.00000000,5.00000000,10.00000000,11.00000000,6.00000000,8.28571429,8.00000000,8.32142857,3.59231985,3.11324713,2.00000000,18.00000000,4.00000000,train,True,aruna-juice-v4.0
2025-10-28,P002,Jus Semangka,4,5.00000000,5.00000000,5.00000000,5.00000000,10.00000000,7.00000000,6.14285714,5.64285714,6.42857143,2.11570094,2.02321689,6.00000000,7.00000000,4.00000000,train,True,aruna-juice-v4.0
2025-10-28,P003,Jus Jambu,4,1.00000000,6.00000000,8.00000000,6.00000000,8.00000000,6.00000000,5.57142857,7.50000000,7.17857143,2.76026224,3.79777263,4.00000000,9.00000000,6.00000000,train,True,aruna-juice-v4.0
2025-10-28,P004,Jus Pisang,3,9.00000000,4.00000000,3.00000000,6.00000000,7.00000000,5.00000000,5.14285714,4.78571429,4.53571429,2.19306266,2.04482730,3.00000000,4.00000000,4.00000000,train,True,aruna-juice-v4.0
2025-10-28,P005,Jus Nanas,11,13.00000000,15.00000000,22.00000000,11.00000000,19.00000000,14.00000000,15.71428571,14.21428571,14.78571429,3.81725406,4.00343259,10.00000000,18.00000000,13.00000000,train,True,aruna-juice-v4.0
2025-10-28,P006,Jus Melon,7,6.00000000,8.00000000,6.00000000,17.00000000,6.00000000,7.00000000,7.71428571,9.00000000,7.78571429,2.42997159,3.84307569,4.00000000,5.00000000,8.00000000,train,True,aruna-juice-v4.0
2025-10-28,P007,Jus Sirsak,21,16.00000000,21.00000000,17.00000000,21.00000000,21.00000000,20.00000000,21.14285714,19.92857143,19.07142857,4.25944329,4.81127339,11.00000000,18.00000000,16.00000000,train,True,aruna-juice-v4.0
2025-10-28,P008,Jus Alpukat,22,8.00000000,12.00000000,13.00000000,19.00000000,24.00000000,18.00000000,14.71428571,16.14285714,17.00000000,4.49867705,4.25815314,7.00000000,12.00000000,14.00000000,train,True,aruna-juice-v4.0
2025-10-28,P009,Jus Stroberi,20,14.00000000,18.00000000,28.00000000,21.00000000,26.00000000,33.00000000,17.71428571,18.07142857,18.07142857,5.12231347,4.64864390,12.00000000,16.00000000,18.00000000,train,True,aruna-juice-v4.0
2025-10-28,P010,Jus Jeruk,6,5.00000000,8.00000000,10.00000000,7.00000000,6.00000000,15.00000000,6.42857143,6.57142857,6.32142857,1.90237946,1.98898063,1.00000000,2.00000000,8.00000000,train,True,aruna-juice-v4.0
2025-10-28,P011,Jus Mangga,21,14.00000000,17.00000000,19.00000000,22.00000000,16.00000000,20.00000000,18.00000000,18.35714286,17.64285714,8.24621125,6.38034413,11.00000000,13.00000000,16.00000000,train,True,aruna-juice-v4.0
2025-10-29,P001,Jus Naga,2,8.00000000,4.00000000,12.00000000,8.00000000,7.00000000,9.00000000,7.42857143,7.64285714,8.07142857,4.31497945,3.49960751,18.00000000,4.00000000,5.00000000,train,True,aruna-juice-v4.0
2025-10-29,P002,Jus Semangka,6,4.00000000,5.00000000,5.00000000,6.00000000,7.00000000,9.00000000,6.14285714,5.57142857,6.32142857,2.11570094,1.98898063,7.00000000,4.00000000,6.00000000,train,True,aruna-juice-v4.0
2025-10-29,P003,Jus Jambu,4,4.00000000,1.00000000,6.00000000,9.00000000,11.00000000,10.00000000,4.85714286,7.00000000,6.96428571,2.34012617,3.76215977,9.00000000,6.00000000,4.00000000,train,True,aruna-juice-v4.0
2025-10-29,P004,Jus Pisang,3,3.00000000,9.00000000,4.00000000,5.00000000,7.00000000,9.00000000,4.85714286,4.50000000,4.32142857,2.34012617,1.99036139,4.00000000,4.00000000,5.00000000,train,True,aruna-juice-v4.0
2025-10-29,P005,Jus Nanas,10,11.00000000,13.00000000,15.00000000,18.00000000,16.00000000,21.00000000,14.57142857,13.78571429,14.39285714,4.19750493,4.11710450,18.00000000,13.00000000,12.00000000,train,True,aruna-juice-v4.0
2025-10-29,P006,Jus Melon,4,7.00000000,6.00000000,8.00000000,11.00000000,10.00000000,7.00000000,6.71428571,8.57142857,7.67857143,2.28868854,4.05186160,5.00000000,8.00000000,6.00000000,train,True,aruna-juice-v4.0
2025-10-29,P007,Jus Sirsak,11,21.00000000,16.00000000,21.00000000,21.00000000,19.00000000,11.00000000,19.71428571,19.35714286,19.07142857,5.73626724,5.37239587,18.00000000,16.00000000,17.00000000,train,True,aruna-juice-v4.0
2025-10-29,P008,Jus Alpukat,7,22.00000000,8.00000000,12.00000000,16.00000000,16.00000000,14.00000000,13.42857143,15.50000000,16.75000000,5.28700113,4.91074176,12.00000000,14.00000000,13.00000000,train,True,aruna-juice-v4.0
2025-10-29,P009,Jus Stroberi,12,20.00000000,14.00000000,18.00000000,15.00000000,21.00000000,25.00000000,17.28571429,17.42857143,17.60714286,5.49891764,4.83121717,16.00000000,18.00000000,11.00000000,train,True,aruna-juice-v4.0
2025-10-29,P010,Jus Jeruk,1,6.00000000,5.00000000,8.00000000,5.00000000,4.00000000,8.00000000,5.85714286,6.35714286,6.07142857,2.79455252,2.40535118,2.00000000,8.00000000,7.00000000,train,True,aruna-juice-v4.0
2025-10-29,P011,Jus Mangga,11,21.00000000,14.00000000,17.00000000,34.00000000,16.00000000,17.00000000,14.71428571,18.00000000,17.42857143,4.57217256,6.65640235,13.00000000,16.00000000,11.00000000,train,True,aruna-juice-v4.0
2025-10-30,P001,Jus Naga,18,2.00000000,8.00000000,4.00000000,7.00000000,5.00000000,6.00000000,9.00000000,8.57142857,8.50000000,5.85946528,4.36267888,4.00000000,5.00000000,8.00000000,train,True,aruna-juice-v4.0
2025-10-30,P002,Jus Semangka,7,6.00000000,4.00000000,5.00000000,10.00000000,3.00000000,6.00000000,5.71428571,5.85714286,6.35714286,1.38013112,1.87522892,4.00000000,6.00000000,6.00000000,train,True,aruna-juice-v4.0
2025-10-30,P003,Jus Jambu,9,4.00000000,4.00000000,1.00000000,7.00000000,6.00000000,3.00000000,5.14285714,7.21428571,7.17857143,2.73426233,3.78618077,6.00000000,4.00000000,4.00000000,train,True,aruna-juice-v4.0
2025-10-30,P004,Jus Pisang,4,3.00000000,3.00000000,9.00000000,5.00000000,5.00000000,2.00000000,4.71428571,4.42857143,4.39285714,2.36038738,1.98898063,4.00000000,5.00000000,3.00000000,train,True,aruna-juice-v4.0
2025-10-30,P005,Jus Nanas,18,10.00000000,11.00000000,13.00000000,13.00000000,17.00000000,13.00000000,15.28571429,13.85714286,14.57142857,4.30945804,4.18526983,13.00000000,12.00000000,19.00000000,train,True,aruna-juice-v4.0
2025-10-30,P006,Jus Melon,5,4.00000000,7.00000000,6.00000000,5.00000000,8.00000000,8.00000000,6.71428571,8.35714286,7.57142857,2.28868854,4.16223207,8.00000000,6.00000000,9.00000000,train,True,aruna-juice-v4.0
2025-10-30,P007,Jus Sirsak,18,11.00000000,21.00000000,16.00000000,23.00000000,28.00000000,18.00000000,19.00000000,18.64285714,19.07142857,5.56776436,4.76537419,16.00000000,17.00000000,15.00000000,train,True,aruna-juice-v4.0
2025-10-30,P008,Jus Alpukat,12,7.00000000,22.00000000,8.00000000,14.00000000,16.00000000,20.00000000,13.14285714,15.21428571,16.46428571,5.30498418,4.99505250,14.00000000,13.00000000,18.00000000,train,True,aruna-juice-v4.0
2025-10-30,P009,Jus Stroberi,16,12.00000000,20.00000000,14.00000000,13.00000000,14.00000000,15.00000000,17.71428571,17.57142857,17.64285714,5.21901286,4.75093976,18.00000000,11.00000000,17.00000000,train,True,aruna-juice-v4.0
2025-10-30,P010,Jus Jeruk,2,1.00000000,6.00000000,5.00000000,5.00000000,7.00000000,9.00000000,5.42857143,6.00000000,5.82142857,3.15473944,2.66024869,8.00000000,7.00000000,6.00000000,train,True,aruna-juice-v4.0
2025-10-30,P011,Jus Mangga,13,11.00000000,21.00000000,14.00000000,13.00000000,19.00000000,10.00000000,14.71428571,17.57142857,17.53571429,4.57217256,6.77908873,16.00000000,11.00000000,20.00000000,train,True,aruna-juice-v4.0
2025-10-31,P001,Jus Naga,4,18.00000000,2.00000000,8.00000000,14.00000000,6.00000000,9.00000000,7.57142857,8.42857143,8.32142857,5.65264371,4.48440521,5.00000000,8.00000000,2.00000000,train,True,aruna-juice-v4.0
2025-10-31,P002,Jus Semangka,4,7.00000000,6.00000000,4.00000000,8.00000000,6.00000000,5.00000000,5.14285714,5.71428571,6.32142857,1.06904497,1.93861852,6.00000000,6.00000000,7.00000000,train,True,aruna-juice-v4.0
2025-10-31,P003,Jus Jambu,6,9.00000000,4.00000000,4.00000000,4.00000000,10.00000000,9.00000000,5.42857143,6.92857143,7.07142857,2.69920623,3.70995098,4.00000000,4.00000000,4.00000000,train,True,aruna-juice-v4.0
2025-10-31,P004,Jus Pisang,4,4.00000000,3.00000000,3.00000000,7.00000000,4.00000000,4.00000000,4.28571429,4.42857143,4.39285714,2.13808994,1.98898063,5.00000000,3.00000000,7.00000000,train,True,aruna-juice-v4.0
2025-10-31,P005,Jus Nanas,13,18.00000000,10.00000000,11.00000000,18.00000000,16.00000000,18.00000000,14.57142857,13.64285714,14.39285714,4.19750493,4.14370965,12.00000000,19.00000000,16.00000000,train,True,aruna-juice-v4.0
2025-10-31,P006,Jus Melon,8,5.00000000,4.00000000,7.00000000,11.00000000,10.00000000,3.00000000,6.28571429,8.21428571,7.75000000,1.49602648,4.13574608,6.00000000,9.00000000,9.00000000,train,True,aruna-juice-v4.0
2025-10-31,P007,Jus Sirsak,16,18.00000000,11.00000000,21.00000000,29.00000000,18.00000000,21.00000000,17.14285714,18.50000000,18.89285714,3.43649877,4.81583925,17.00000000,15.00000000,15.00000000,train,True,aruna-juice-v4.0
2025-10-31,P008,Jus Alpukat,14,12.00000000,7.00000000,22.00000000,18.00000000,18.00000000,18.00000000,12.57142857,14.92857143,16.32142857,4.89411697,4.93752173,13.00000000,18.00000000,15.00000000,train,True,aruna-juice-v4.0
2025-10-31,P009,Jus Stroberi,18,16.00000000,12.00000000,20.00000000,16.00000000,18.00000000,19.00000000,18.00000000,17.57142857,17.60714286,5.16397779,4.75093976,11.00000000,17.00000000,22.00000000,train,True,aruna-juice-v4.0
2025-10-31,P010,Jus Jeruk,8,2.00000000,1.00000000,6.00000000,6.00000000,7.00000000,5.00000000,5.71428571,6.07142857,5.92857143,3.30223589,2.70225791,7.00000000,6.00000000,12.00000000,train,True,aruna-juice-v4.0
2025-10-31,P011,Jus Mangga,16,13.00000000,11.00000000,21.00000000,8.00000000,12.00000000,20.00000000,15.85714286,17.85714286,17.39285714,3.48466026,6.60835302,11.00000000,20.00000000,12.00000000,train,True,aruna-juice-v4.0
2025-11-01,P001,Jus Naga,5,4.00000000,18.00000000,2.00000000,5.00000000,13.00000000,6.00000000,7.57142857,7.85714286,8.28571429,5.65264371,4.36519702,8.00000000,2.00000000,9.00000000,train,True,aruna-juice-v4.0
2025-11-01,P002,Jus Semangka,6,4.00000000,7.00000000,6.00000000,5.00000000,7.00000000,8.00000000,5.28571429,5.64285714,6.25000000,1.11269728,1.90574608,6.00000000,7.00000000,4.00000000,train,True,aruna-juice-v4.0
2025-11-01,P003,Jus Jambu,4,6.00000000,9.00000000,4.00000000,8.00000000,7.00000000,7.00000000,4.85714286,6.71428571,6.96428571,2.47847880,3.79125657,4.00000000,4.00000000,5.00000000,train,True,aruna-juice-v4.0
2025-11-01,P004,Jus Pisang,5,4.00000000,4.00000000,3.00000000,3.00000000,1.00000000,7.00000000,4.57142857,4.71428571,4.32142857,2.07019668,1.72887564,3.00000000,7.00000000,4.00000000,train,True,aruna-juice-v4.0
2025-11-01,P005,Jus Nanas,12,13.00000000,18.00000000,10.00000000,22.00000000,7.00000000,15.00000000,13.14285714,14.00000000,14.28571429,2.67261242,3.72104204,19.00000000,16.00000000,14.00000000,train,True,aruna-juice-v4.0
2025-11-01,P006,Jus Melon,6,8.00000000,5.00000000,4.00000000,6.00000000,4.00000000,5.00000000,6.28571429,8.35714286,7.78571429,1.49602648,4.01165883,9.00000000,9.00000000,5.00000000,train,True,aruna-juice-v4.0
2025-11-01,P007,Jus Sirsak,17,16.00000000,18.00000000,11.00000000,17.00000000,20.00000000,15.00000000,17.14285714,18.28571429,18.96428571,3.43649877,4.81070235,15.00000000,15.00000000,13.00000000,train,True,aruna-juice-v4.0
2025-11-01,P008,Jus Alpukat,13,14.00000000,12.00000000,7.00000000,13.00000000,16.00000000,21.00000000,12.57142857,14.71428571,16.03571429,4.89411697,4.95252184,18.00000000,15.00000000,21.00000000,train,True,aruna-juice-v4.0
2025-11-01,P009,Jus Stroberi,11,18.00000000,16.00000000,12.00000000,28.00000000,20.00000000,19.00000000,15.57142857,16.92857143,17.32142857,3.35942172,4.99945052,17.00000000,22.00000000,16.00000000,train,True,aruna-juice-v4.0
2025-11-01,P010,Jus Jeruk,7,8.00000000,2.00000000,1.00000000,10.00000000,11.00000000,7.00000000,5.28571429,5.78571429,5.92857143,2.81154084,2.32638946,6.00000000,12.00000000,5.00000000,train,True,aruna-juice-v4.0
2025-11-01,P011,Jus Mangga,11,16.00000000,13.00000000,11.00000000,19.00000000,19.00000000,17.00000000,14.71428571,17.28571429,17.17857143,3.59231985,6.84362220,20.00000000,12.00000000,14.00000000,train,True,aruna-juice-v4.0
2025-11-02,P001,Jus Naga,8,5.00000000,4.00000000,18.00000000,12.00000000,7.00000000,7.00000000,7.00000000,7.92857143,8.32142857,5.32290647,4.35826863,2.00000000,9.00000000,8.00000000,train,True,aruna-juice-v4.0
2025-11-02,P002,Jus Semangka,6,6.00000000,4.00000000,7.00000000,5.00000000,2.00000000,4.00000000,5.42857143,5.92857143,6.32142857,1.13389342,1.59152978,7.00000000,4.00000000,7.00000000,train,True,aruna-juice-v4.0
2025-11-02,P003,Jus Jambu,4,4.00000000,6.00000000,9.00000000,6.00000000,17.00000000,9.00000000,4.57142857,5.78571429,6.78571429,2.43975018,2.42355655,4.00000000,5.00000000,5.00000000,train,True,aruna-juice-v4.0
2025-11-02,P004,Jus Pisang,3,5.00000000,4.00000000,4.00000000,4.00000000,3.00000000,2.00000000,4.42857143,4.71428571,4.35714286,2.14919697,1.72887564,7.00000000,4.00000000,4.00000000,train,True,aruna-juice-v4.0
2025-11-02,P005,Jus Nanas,19,12.00000000,13.00000000,18.00000000,15.00000000,9.00000000,19.00000000,13.71428571,14.71428571,14.28571429,3.45032780,3.64646449,16.00000000,14.00000000,16.00000000,train,True,aruna-juice-v4.0
2025-11-02,P006,Jus Melon,9,6.00000000,8.00000000,5.00000000,8.00000000,7.00000000,10.00000000,6.42857143,8.50000000,7.75000000,1.71824939,3.99518941,9.00000000,5.00000000,6.00000000,train,True,aruna-juice-v4.0
2025-11-02,P007,Jus Sirsak,15,17.00000000,16.00000000,18.00000000,21.00000000,13.00000000,15.00000000,16.28571429,18.42857143,18.96428571,3.03942350,4.66928236,15.00000000,13.00000000,14.00000000,train,True,aruna-juice-v4.0
2025-11-02,P008,Jus Alpukat,18,13.00000000,14.00000000,12.00000000,12.00000000,13.00000000,17.00000000,13.42857143,15.07142857,16.07142857,5.28700113,4.99945052,15.00000000,21.00000000,17.00000000,train,True,aruna-juice-v4.0
2025-11-02,P009,Jus Stroberi,17,11.00000000,18.00000000,16.00000000,18.00000000,11.00000000,9.00000000,15.42857143,17.35714286,17.60714286,3.25868802,4.70036239,22.00000000,16.00000000,12.00000000,train,True,aruna-juice-v4.0
2025-11-02,P010,Jus Jeruk,6,7.00000000,8.00000000,2.00000000,8.00000000,6.00000000,4.00000000,5.00000000,5.78571429,6.00000000,2.58198890,2.32638946,12.00000000,5.00000000,6.00000000,train,True,aruna-juice-v4.0
2025-11-02,P011,Jus Mangga,20,11.00000000,16.00000000,13.00000000,17.00000000,17.00000000,16.00000000,15.14285714,17.50000000,17.32142857,4.05908739,6.88085415,12.00000000,14.00000000,14.00000000,train,True,aruna-juice-v4.0
2025-11-03,P001,Jus Naga,2,8.00000000,5.00000000,4.00000000,4.00000000,6.00000000,16.00000000,6.71428571,7.64285714,7.82142857,5.55920515,4.61781072,9.00000000,8.00000000,6.00000000,train,True,aruna-juice-v4.0
2025-11-03,P002,Jus Semangka,7,6.00000000,6.00000000,4.00000000,5.00000000,6.00000000,10.00000000,5.71428571,6.00000000,6.21428571,1.25356634,1.61721508,4.00000000,7.00000000,3.00000000,train,True,aruna-juice-v4.0
2025-11-03,P003,Jus Jambu,4,4.00000000,4.00000000,6.00000000,1.00000000,9.00000000,3.00000000,5.00000000,5.42857143,6.82142857,1.91485422,2.27745761,5.00000000,5.00000000,10.00000000,train,True,aruna-juice-v4.0
2025-11-03,P004,Jus Pisang,7,3.00000000,5.00000000,4.00000000,9.00000000,5.00000000,1.00000000,4.14285714,4.85714286,4.57142857,1.46385011,1.83374954,4.00000000,4.00000000,2.00000000,train,True,aruna-juice-v4.0
2025-11-03,P005,Jus Nanas,16,19.00000000,12.00000000,13.00000000,13.00000000,13.00000000,19.00000000,14.14285714,14.92857143,14.17857143,3.53216513,3.62606559,14.00000000,16.00000000,15.00000000,train,True,aruna-juice-v4.0
2025-11-03,P006,Jus Melon,9,9.00000000,6.00000000,8.00000000,6.00000000,16.00000000,6.00000000,6.85714286,8.00000000,7.85714286,1.95180015,3.37410957,5.00000000,6.00000000,11.00000000,train,True,aruna-juice-v4.0
2025-11-03,P007,Jus Sirsak,15,15.00000000,17.00000000,16.00000000,16.00000000,12.00000000,24.00000000,16.14285714,18.64285714,18.64285714,3.07834216,4.41339121,13.00000000,14.00000000,15.00000000,train,True,aruna-juice-v4.0
2025-11-03,P008,Jus Alpukat,15,18.00000000,13.00000000,14.00000000,8.00000000,25.00000000,19.00000000,14.42857143,14.35714286,15.92857143,4.72077475,4.10641417,21.00000000,17.00000000,12.00000000,train,True,aruna-juice-v4.0
2025-11-03,P009,Jus Stroberi,22,17.00000000,11.00000000,18.00000000,14.00000000,24.00000000,16.00000000,16.57142857,17.21428571,17.82142857,3.99404318,4.50945283,16.00000000,12.00000000,29.00000000,train,True,aruna-juice-v4.0
2025-11-03,P010,Jus Jeruk,12,6.00000000,7.00000000,8.00000000,5.00000000,5.00000000,8.00000000,6.00000000,6.28571429,6.14285714,3.69684550,2.84005881,5.00000000,6.00000000,1.00000000,train,True,aruna-juice-v4.0
2025-11-03,P011,Jus Mangga,12,20.00000000,11.00000000,16.00000000,14.00000000,26.00000000,16.00000000,14.85714286,16.50000000,17.17857143,4.22013315,6.56037053,14.00000000,14.00000000,17.00000000,train,True,aruna-juice-v4.0
2025-11-04,P001,Jus Naga,9,2.00000000,8.00000000,5.00000000,8.00000000,10.00000000,14.00000000,6.85714286,7.57142857,7.64285714,5.61036456,4.58617128,8.00000000,6.00000000,13.00000000,train,True,aruna-juice-v4.0
2025-11-04,P002,Jus Semangka,4,7.00000000,6.00000000,6.00000000,4.00000000,5.00000000,10.00000000,5.71428571,5.92857143,6.00000000,1.25356634,1.68542557,7.00000000,3.00000000,6.00000000,train,True,aruna-juice-v4.0
2025-11-04,P003,Jus Jambu,5,4.00000000,4.00000000,4.00000000,4.00000000,6.00000000,7.00000000,5.14285714,5.35714286,6.75000000,1.86445447,2.27383589,5.00000000,10.00000000,9.00000000,train,True,aruna-juice-v4.0
2025-11-04,P004,Jus Pisang,4,7.00000000,3.00000000,5.00000000,3.00000000,6.00000000,5.00000000,4.28571429,4.71428571,4.53571429,1.38013112,1.81568260,4.00000000,2.00000000,3.00000000,train,True,aruna-juice-v4.0
2025-11-04,P005,Jus Nanas,14,16.00000000,19.00000000,12.00000000,11.00000000,11.00000000,12.00000000,14.57142857,15.14285714,14.25000000,3.25868802,3.46092791,16.00000000,15.00000000,20.00000000,train,True,aruna-juice-v4.0
2025-11-04,P006,Jus Melon,5,9.00000000,9.00000000,6.00000000,7.00000000,17.00000000,7.00000000,6.57142857,7.14285714,7.78571429,2.07019668,2.24832050,6.00000000,11.00000000,9.00000000,train,True,aruna-juice-v4.0
2025-11-04,P007,Jus Sirsak,13,15.00000000,15.00000000,17.00000000,21.00000000,21.00000000,27.00000000,15.00000000,18.07142857,18.14285714,2.38047614,4.59873370,14.00000000,15.00000000,10.00000000,train,True,aruna-juice-v4.0
2025-11-04,P008,Jus Alpukat,21,15.00000000,18.00000000,13.00000000,22.00000000,19.00000000,24.00000000,14.28571429,14.50000000,15.82142857,4.46147531,4.31009548,17.00000000,12.00000000,17.00000000,train,True,aruna-juice-v4.0
2025-11-04,P009,Jus Stroberi,16,22.00000000,17.00000000,11.00000000,20.00000000,21.00000000,19.00000000,16.00000000,16.85714286,17.71428571,3.69684550,4.38278350,12.00000000,29.00000000,20.00000000,train,True,aruna-juice-v4.0
2025-11-04,P010,Jus Jeruk,5,12.00000000,6.00000000,7.00000000,6.00000000,7.00000000,7.00000000,5.85714286,6.14285714,6.07142857,3.71611676,2.85164306,6.00000000,1.00000000,6.00000000,train,True,aruna-juice-v4.0
2025-11-04,P011,Jus Mangga,14,12.00000000,20.00000000,11.00000000,21.00000000,22.00000000,14.00000000,13.85714286,15.92857143,17.17857143,3.23669437,6.39066971,14.00000000,17.00000000,18.00000000,train,True,aruna-juice-v4.0
2025-11-05,P001,Jus Naga,8,9.00000000,2.00000000,8.00000000,2.00000000,8.00000000,4.00000000,7.71428571,7.57142857,7.78571429,5.18698004,4.58617128,6.00000000,13.00000000,4.00000000,train,True,aruna-juice-v4.0
2025-11-05,P002,Jus Semangka,7,4.00000000,7.00000000,6.00000000,6.00000000,6.00000000,7.00000000,5.85714286,6.00000000,6.00000000,1.34518542,1.70970083,3.00000000,6.00000000,8.00000000,train,True,aruna-juice-v4.0
2025-11-05,P003,Jus Jambu,5,5.00000000,4.00000000,4.00000000,4.00000000,9.00000000,3.00000000,5.28571429,5.07142857,6.82142857,1.79947082,2.01777813,10.00000000,9.00000000,8.00000000,train,True,aruna-juice-v4.0
2025-11-05,P004,Jus Pisang,4,4.00000000,7.00000000,3.00000000,3.00000000,5.00000000,4.00000000,4.42857143,4.64285714,4.53571429,1.27241802,1.82323225,2.00000000,3.00000000,5.00000000,train,True,aruna-juice-v4.0
2025-11-05,P005,Jus Nanas,16,14.00000000,16.00000000,19.00000000,10.00000000,18.00000000,5.00000000,15.42857143,15.00000000,14.64285714,2.57275098,3.37410957,15.00000000,20.00000000,11.00000000,train,True,aruna-juice-v4.0
2025-11-05,P006,Jus Melon,6,5.00000000,9.00000000,9.00000000,4.00000000,11.00000000,7.00000000,6.85714286,6.78571429,7.75000000,1.77281052,1.96815304,11.00000000,9.00000000,4.00000000,train,True,aruna-juice-v4.0
2025-11-05,P007,Jus Sirsak,14,13.00000000,15.00000000,15.00000000,11.00000000,21.00000000,15.00000000,15.42857143,17.57142857,18.10714286,1.71824939,4.63621672,15.00000000,10.00000000,18.00000000,train,True,aruna-juice-v4.0
2025-11-05,P008,Jus Alpukat,17,21.00000000,15.00000000,18.00000000,7.00000000,16.00000000,9.00000000,15.71428571,14.57142857,16.10714286,3.14718317,4.34501103,12.00000000,17.00000000,19.00000000,train,True,aruna-juice-v4.0
2025-11-05,P009,Jus Stroberi,12,16.00000000,22.00000000,17.00000000,12.00000000,15.00000000,12.00000000,16.00000000,16.64285714,17.71428571,3.69684550,4.55069129,29.00000000,20.00000000,16.00000000,train,True,aruna-juice-v4.0
2025-11-05,P010,Jus Jeruk,6,5.00000000,12.00000000,6.00000000,1.00000000,5.00000000,7.00000000,6.57142857,6.21428571,6.03571429,3.04724700,2.83327947,1.00000000,6.00000000,9.00000000,train,True,aruna-juice-v4.0
2025-11-05,P011,Jus Mangga,14,14.00000000,12.00000000,20.00000000,11.00000000,34.00000000,12.00000000,14.28571429,14.50000000,17.25000000,2.98408477,3.71587033,17.00000000,18.00000000,17.00000000,train,True,aruna-juice-v4.0
2025-11-06,P001,Jus Naga,6,8.00000000,9.00000000,2.00000000,18.00000000,7.00000000,5.00000000,6.00000000,7.50000000,7.82142857,2.51661148,4.60351037,13.00000000,4.00000000,11.00000000,train,True,aruna-juice-v4.0
2025-11-06,P002,Jus Semangka,3,7.00000000,4.00000000,7.00000000,7.00000000,10.00000000,1.00000000,5.28571429,5.50000000,6.07142857,1.60356745,1.45443618,6.00000000,8.00000000,10.00000000,train,True,aruna-juice-v4.0
2025-11-06,P003,Jus Jambu,10,5.00000000,5.00000000,4.00000000,9.00000000,7.00000000,5.00000000,5.42857143,5.28571429,7.00000000,2.14919697,2.36736047,9.00000000,8.00000000,10.00000000,train,True,aruna-juice-v4.0
2025-11-06,P004,Jus Pisang,2,4.00000000,4.00000000,7.00000000,4.00000000,5.00000000,5.00000000,4.14285714,4.42857143,4.42857143,1.57359158,1.94992251,3.00000000,5.00000000,9.00000000,train,True,aruna-juice-v4.0
2025-11-06,P005,Jus Nanas,15,16.00000000,14.00000000,16.00000000,18.00000000,13.00000000,15.00000000,15.00000000,15.14285714,14.64285714,2.30940108,3.32489775,20.00000000,11.00000000,24.00000000,train,True,aruna-juice-v4.0
2025-11-06,P006,Jus Melon,11,6.00000000,5.00000000,9.00000000,5.00000000,5.00000000,6.00000000,7.71428571,7.21428571,7.92857143,2.13808994,2.19013773,9.00000000,4.00000000,13.00000000,train,True,aruna-juice-v4.0
2025-11-06,P007,Jus Sirsak,15,14.00000000,13.00000000,15.00000000,18.00000000,23.00000000,14.00000000,15.00000000,17.00000000,18.14285714,1.29099445,4.40279631,10.00000000,18.00000000,16.00000000,train,True,aruna-juice-v4.0
2025-11-06,P008,Jus Alpukat,12,17.00000000,21.00000000,15.00000000,12.00000000,14.00000000,17.00000000,15.71428571,14.42857143,15.92857143,3.14718317,4.39780165,17.00000000,19.00000000,26.00000000,train,True,aruna-juice-v4.0
2025-11-06,P009,Jus Stroberi,29,12.00000000,16.00000000,22.00000000,16.00000000,13.00000000,14.00000000,17.85714286,17.78571429,18.25000000,6.14894493,5.47973289,20.00000000,16.00000000,25.00000000,train,True,aruna-juice-v4.0
2025-11-06,P010,Jus Jeruk,1,6.00000000,5.00000000,12.00000000,2.00000000,5.00000000,7.00000000,6.42857143,5.92857143,5.82142857,3.30943816,3.14921933,6.00000000,9.00000000,14.00000000,train,True,aruna-juice-v4.0
2025-11-06,P011,Jus Mangga,17,14.00000000,14.00000000,12.00000000,13.00000000,13.00000000,17.00000000,14.85714286,14.78571429,17.25000000,3.07834216,3.74532676,18.00000000,17.00000000,16.00000000,train,True,aruna-juice-v4.0
2025-11-07,P001,Jus Naga,13,6.00000000,8.00000000,9.00000000,4.00000000,14.00000000,8.00000000,7.28571429,7.42857143,8.00000000,3.45032780,4.50152599,4.00000000,11.00000000,4.00000000,train,True,aruna-juice-v4.0
2025-11-07,P002,Jus Semangka,6,3.00000000,7.00000000,4.00000000,4.00000000,8.00000000,6.00000000,5.57142857,5.35714286,6.07142857,1.51185789,1.27744594,8.00000000,10.00000000,3.00000000,train,True,aruna-juice-v4.0
2025-11-07,P003,Jus Jambu,9,10.00000000,5.00000000,5.00000000,6.00000000,4.00000000,8.00000000,5.85714286,5.64285714,7.03571429,2.54483604,2.53003931,8.00000000,10.00000000,9.00000000,train,True,aruna-juice-v4.0
2025-11-07,P004,Jus Pisang,3,2.00000000,4.00000000,4.00000000,4.00000000,7.00000000,5.00000000,4.00000000,4.14285714,4.35714286,1.63299316,1.83374954,5.00000000,9.00000000,6.00000000,train,True,aruna-juice-v4.0
2025-11-07,P005,Jus Nanas,20,15.00000000,16.00000000,14.00000000,13.00000000,18.00000000,12.00000000,16.00000000,15.28571429,14.92857143,2.76887462,3.49568022,11.00000000,24.00000000,19.00000000,train,True,aruna-juice-v4.0
2025-11-07,P006,Jus Melon,9,11.00000000,6.00000000,5.00000000,8.00000000,11.00000000,7.00000000,7.85714286,7.07142857,8.00000000,2.19306266,1.97928836,4.00000000,13.00000000,6.00000000,train,True,aruna-juice-v4.0
2025-11-07,P007,Jus Sirsak,10,15.00000000,14.00000000,13.00000000,16.00000000,29.00000000,16.00000000,14.14285714,15.64285714,17.92857143,2.19306266,3.17701221,18.00000000,16.00000000,11.00000000,train,True,aruna-juice-v4.0
2025-11-07,P008,Jus Alpukat,17,12.00000000,17.00000000,21.00000000,14.00000000,18.00000000,18.00000000,16.14285714,14.35714286,15.89285714,3.07834216,4.34311379,19.00000000,26.00000000,18.00000000,train,True,aruna-juice-v4.0
2025-11-07,P009,Jus Stroberi,20,29.00000000,12.00000000,16.00000000,18.00000000,16.00000000,18.00000000,18.14285714,18.07142857,18.32142857,6.20291790,5.48374221,16.00000000,25.00000000,22.00000000,train,True,aruna-juice-v4.0
2025-11-07,P010,Jus Jeruk,6,1.00000000,6.00000000,5.00000000,8.00000000,6.00000000,6.00000000,6.14285714,5.92857143,5.82142857,3.23669437,3.14921933,9.00000000,14.00000000,2.00000000,train,True,aruna-juice-v4.0
2025-11-07,P011,Jus Mangga,18,17.00000000,14.00000000,14.00000000,16.00000000,8.00000000,21.00000000,15.14285714,15.50000000,17.14285714,3.28778403,3.27578528,17.00000000,16.00000000,22.00000000,train,True,aruna-juice-v4.0
2025-11-08,P001,Jus Naga,4,13.00000000,6.00000000,8.00000000,5.00000000,5.00000000,6.00000000,7.14285714,7.35714286,7.92857143,3.57903951,4.55069129,11.00000000,4.00000000,2.00000000,train,True,aruna-juice-v4.0
2025-11-08,P002,Jus Semangka,8,6.00000000,3.00000000,7.00000000,6.00000000,5.00000000,10.00000000,5.85714286,5.57142857,6.00000000,1.77281052,1.45254608,10.00000000,3.00000000,3.00000000,train,True,aruna-juice-v4.0
2025-11-08,P003,Jus Jambu,8,9.00000000,10.00000000,5.00000000,4.00000000,8.00000000,8.00000000,6.42857143,5.64285714,7.03571429,2.50713268,2.53003931,10.00000000,9.00000000,7.00000000,train,True,aruna-juice-v4.0
2025-11-08,P004,Jus Pisang,5,3.00000000,2.00000000,4.00000000,5.00000000,3.00000000,4.00000000,4.00000000,4.28571429,4.39285714,1.63299316,1.81568260,9.00000000,6.00000000,4.00000000,train,True,aruna-juice-v4.0
2025-11-08,P005,Jus Nanas,11,20.00000000,15.00000000,16.00000000,12.00000000,22.00000000,19.00000000,15.85714286,14.50000000,14.64285714,3.02371578,3.08220700,24.00000000,19.00000000,20.00000000,train,True,aruna-juice-v4.0
2025-11-08,P006,Jus Melon,4,9.00000000,11.00000000,6.00000000,6.00000000,6.00000000,7.00000000,7.57142857,6.92857143,7.89285714,2.57275098,2.12907657,13.00000000,6.00000000,7.00000000,train,True,aruna-juice-v4.0
2025-11-08,P007,Jus Sirsak,18,10.00000000,15.00000000,14.00000000,17.00000000,17.00000000,15.00000000,14.28571429,15.71428571,18.03571429,2.42997159,3.22081145,16.00000000,11.00000000,15.00000000,train,True,aruna-juice-v4.0
2025-11-08,P008,Jus Alpukat,19,17.00000000,12.00000000,17.00000000,13.00000000,13.00000000,16.00000000,17.00000000,14.78571429,16.00000000,2.88675135,4.49236226,26.00000000,18.00000000,16.00000000,train,True,aruna-juice-v4.0
2025-11-08,P009,Jus Stroberi,16,20.00000000,29.00000000,12.00000000,11.00000000,28.00000000,21.00000000,18.85714286,17.21428571,18.14285714,5.49025110,4.69334343,25.00000000,22.00000000,17.00000000,train,True,aruna-juice-v4.0
2025-11-08,P010,Jus Jeruk,9,6.00000000,1.00000000,6.00000000,7.00000000,10.00000000,3.00000000,6.42857143,5.85714286,6.03571429,3.40867241,3.05984270,14.00000000,2.00000000,4.00000000,train,True,aruna-juice-v4.0
2025-11-08,P011,Jus Mangga,17,18.00000000,17.00000000,14.00000000,11.00000000,19.00000000,21.00000000,16.00000000,15.35714286,17.00000000,2.76887462,3.15270684,16.00000000,22.00000000,22.00000000,train,True,aruna-juice-v4.0
2025-11-09,P001,Jus Naga,11,4.00000000,13.00000000,6.00000000,8.00000000,12.00000000,12.00000000,7.57142857,7.28571429,7.89285714,3.86683087,4.47950154,4.00000000,2.00000000,12.00000000,train,True,aruna-juice-v4.0
2025-11-09,P002,Jus Semangka,10,8.00000000,6.00000000,3.00000000,6.00000000,5.00000000,8.00000000,6.42857143,5.92857143,6.07142857,2.37045304,1.85904383,3.00000000,3.00000000,8.00000000,train,True,aruna-juice-v4.0
2025-11-09,P003,Jus Jambu,10,8.00000000,9.00000000,10.00000000,4.00000000,6.00000000,10.00000000,7.28571429,5.92857143,7.03571429,2.56347978,2.78634819,9.00000000,7.00000000,4.00000000,train,True,aruna-juice-v4.0
2025-11-09,P004,Jus Pisang,9,5.00000000,3.00000000,2.00000000,3.00000000,4.00000000,2.00000000,4.85714286,4.64285714,4.64285714,2.41029538,2.20513885,6.00000000,4.00000000,5.00000000,train,True,aruna-juice-v4.0
2025-11-09,P005,Jus Nanas,24,11.00000000,20.00000000,15.00000000,19.00000000,15.00000000,18.00000000,16.57142857,15.14285714,14.85714286,4.23702501,3.99725180,19.00000000,20.00000000,18.00000000,train,True,aruna-juice-v4.0
2025-11-09,P006,Jus Melon,13,4.00000000,9.00000000,11.00000000,9.00000000,8.00000000,7.00000000,8.14285714,7.28571429,8.10714286,3.28778403,2.67261242,6.00000000,7.00000000,9.00000000,train,True,aruna-juice-v4.0
2025-11-09,P007,Jus Sirsak,16,18.00000000,10.00000000,15.00000000,15.00000000,21.00000000,19.00000000,14.42857143,15.35714286,17.92857143,2.50713268,2.84489131,11.00000000,15.00000000,20.00000000,train,True,aruna-juice-v4.0
2025-11-09,P008,Jus Alpukat,26,19.00000000,17.00000000,12.00000000,18.00000000,12.00000000,14.00000000,18.14285714,15.78571429,16.42857143,4.48807945,5.30860798,18.00000000,16.00000000,17.00000000,train,True,aruna-juice-v4.0
2025-11-09,P009,Jus Stroberi,25,16.00000000,20.00000000,29.00000000,17.00000000,18.00000000,18.00000000,20.00000000,17.71428571,18.39285714,5.85946528,5.13552591,22.00000000,17.00000000,16.00000000,train,True,aruna-juice-v4.0
2025-11-09,P010,Jus Jeruk,14,9.00000000,6.00000000,1.00000000,6.00000000,8.00000000,4.00000000,7.57142857,6.28571429,6.39285714,4.42933941,3.72989114,2.00000000,4.00000000,5.00000000,train,True,aruna-juice-v4.0
2025-11-09,P011,Jus Mangga,16,17.00000000,18.00000000,17.00000000,20.00000000,17.00000000,25.00000000,15.42857143,15.28571429,16.67857143,2.14919697,3.12381846,22.00000000,22.00000000,18.00000000,train,True,aruna-juice-v4.0
2025-11-10,P001,Jus Naga,4,11.00000000,4.00000000,13.00000000,2.00000000,4.00000000,8.00000000,7.85714286,7.28571429,7.75000000,3.43649877,4.47950154,2.00000000,12.00000000,9.00000000,train,True,aruna-juice-v4.0
2025-11-10,P002,Jus Semangka,3,10.00000000,8.00000000,6.00000000,7.00000000,5.00000000,7.00000000,5.85714286,5.78571429,5.92857143,2.67261242,2.00685638,3.00000000,8.00000000,8.00000000,train,True,aruna-juice-v4.0
2025-11-10,P003,Jus Jambu,9,10.00000000,8.00000000,9.00000000,4.00000000,1.00000000,6.00000000,8.00000000,6.50000000,7.14285714,2.16024690,2.50384320,7.00000000,4.00000000,5.00000000,train,True,aruna-juice-v4.0
2025-11-10,P004,Jus Pisang,6,9.00000000,5.00000000,3.00000000,7.00000000,9.00000000,3.00000000,4.71428571,4.42857143,4.75000000,2.28868854,1.86935965,4.00000000,5.00000000,4.00000000,train,True,aruna-juice-v4.0
2025-11-10,P005,Jus Nanas,19,24.00000000,11.00000000,20.00000000,16.00000000,13.00000000,10.00000000,17.00000000,15.57142857,15.17857143,4.32049380,4.07080196,20.00000000,18.00000000,20.00000000,train,True,aruna-juice-v4.0
2025-11-10,P006,Jus Melon,6,13.00000000,4.00000000,9.00000000,9.00000000,6.00000000,6.00000000,7.71428571,7.28571429,8.10714286,3.35232684,2.67261242,7.00000000,9.00000000,7.00000000,train,True,aruna-juice-v4.0
2025-11-10,P007,Jus Sirsak,11,16.00000000,18.00000000,10.00000000,15.00000000,16.00000000,24.00000000,13.85714286,15.00000000,17.46428571,2.79455252,3.06343196,15.00000000,20.00000000,18.00000000,train,True,aruna-juice-v4.0
2025-11-10,P008,Jus Alpukat,18,26.00000000,19.00000000,17.00000000,15.00000000,8.00000000,19.00000000,18.57142857,16.50000000,16.39285714,4.27617987,4.83178578,16.00000000,17.00000000,13.00000000,train,True,aruna-juice-v4.0
2025-11-10,P009,Jus Stroberi,22,25.00000000,16.00000000,20.00000000,22.00000000,14.00000000,22.00000000,20.00000000,18.28571429,18.39285714,5.85946528,5.13552591,17.00000000,16.00000000,16.00000000,train,True,aruna-juice-v4.0
2025-11-10,P010,Jus Jeruk,2,14.00000000,9.00000000,6.00000000,12.00000000,5.00000000,4.00000000,6.14285714,6.07142857,6.32142857,4.37525509,3.89208834,4.00000000,5.00000000,6.00000000,train,True,aruna-juice-v4.0
2025-11-10,P011,Jus Mangga,22,16.00000000,17.00000000,18.00000000,12.00000000,14.00000000,15.00000000,16.85714286,15.85714286,16.92857143,2.73426233,3.57032950,22.00000000,18.00000000,11.00000000,train,True,aruna-juice-v4.0
2025-11-11,P001,Jus Naga,2,4.00000000,11.00000000,4.00000000,9.00000000,8.00000000,11.00000000,6.85714286,6.85714286,7.42857143,4.01781746,4.68807231,12.00000000,9.00000000,10.00000000,train,True,aruna-juice-v4.0
2025-11-11,P002,Jus Semangka,3,3.00000000,10.00000000,8.00000000,4.00000000,4.00000000,10.00000000,5.71428571,5.71428571,5.67857143,2.81154084,2.09132168,8.00000000,8.00000000,7.00000000,train,True,aruna-juice-v4.0
2025-11-11,P003,Jus Jambu,7,9.00000000,10.00000000,8.00000000,5.00000000,4.00000000,8.00000000,8.28571429,6.71428571,7.10714286,1.79947082,2.39963367,4.00000000,5.00000000,10.00000000,train,True,aruna-juice-v4.0
2025-11-11,P004,Jus Pisang,4,6.00000000,9.00000000,5.00000000,4.00000000,3.00000000,7.00000000,4.71428571,4.50000000,4.64285714,2.28868854,1.82924953,5.00000000,4.00000000,3.00000000,train,True,aruna-juice-v4.0
2025-11-11,P005,Jus Nanas,20,19.00000000,24.00000000,11.00000000,14.00000000,11.00000000,19.00000000,17.85714286,16.21428571,15.21428571,4.22013315,4.00343259,18.00000000,20.00000000,17.00000000,train,True,aruna-juice-v4.0
2025-11-11,P006,Jus Melon,7,6.00000000,13.00000000,4.00000000,5.00000000,7.00000000,6.00000000,8.00000000,7.28571429,8.14285714,3.16227766,2.67261242,9.00000000,7.00000000,18.00000000,train,True,aruna-juice-v4.0
2025-11-11,P007,Jus Sirsak,15,11.00000000,16.00000000,18.00000000,13.00000000,21.00000000,21.00000000,14.14285714,14.57142857,17.25000000,2.79455252,2.53329478,20.00000000,18.00000000,17.00000000,train,True,aruna-juice-v4.0
2025-11-11,P008,Jus Alpukat,16,18.00000000,26.00000000,19.00000000,21.00000000,22.00000000,24.00000000,17.85714286,16.07142857,16.10714286,4.22013315,4.56515710,17.00000000,13.00000000,20.00000000,train,True,aruna-juice-v4.0
2025-11-11,P009,Jus Stroberi,17,22.00000000,25.00000000,16.00000000,16.00000000,20.00000000,26.00000000,20.14285714,18.07142857,18.07142857,5.75698334,5.12106187,16.00000000,16.00000000,19.00000000,train,True,aruna-juice-v4.0
2025-11-11,P010,Jus Jeruk,4,2.00000000,14.00000000,9.00000000,5.00000000,6.00000000,6.00000000,6.00000000,5.92857143,6.25000000,4.43471157,3.93141755,5.00000000,6.00000000,11.00000000,train,True,aruna-juice-v4.0
2025-11-11,P011,Jus Mangga,22,22.00000000,16.00000000,17.00000000,14.00000000,21.00000000,16.00000000,18.00000000,15.92857143,17.14285714,3.00000000,3.68915846,18.00000000,11.00000000,19.00000000,train,True,aruna-juice-v4.0
2025-11-12,P001,Jus Naga,12,2.00000000,4.00000000,11.00000000,8.00000000,2.00000000,7.00000000,7.42857143,7.57142857,7.60714286,4.46680881,4.65277892,9.00000000,10.00000000,5.00000000,train,True,aruna-juice-v4.0
2025-11-12,P002,Jus Semangka,8,3.00000000,3.00000000,10.00000000,7.00000000,6.00000000,7.00000000,5.85714286,5.85714286,5.71428571,2.91138978,2.17881912,8.00000000,7.00000000,6.00000000,train,True,aruna-juice-v4.0
2025-11-12,P003,Jus Jambu,4,7.00000000,9.00000000,10.00000000,5.00000000,4.00000000,11.00000000,8.14285714,6.71428571,6.85714286,2.11570094,2.39963367,5.00000000,10.00000000,8.00000000,train,True,aruna-juice-v4.0
2025-11-12,P004,Jus Pisang,5,4.00000000,6.00000000,9.00000000,4.00000000,3.00000000,7.00000000,4.85714286,4.64285714,4.57142857,2.26778684,1.78054196,4.00000000,3.00000000,2.00000000,train,True,aruna-juice-v4.0
2025-11-12,P005,Jus Nanas,18,20.00000000,19.00000000,24.00000000,16.00000000,10.00000000,16.00000000,18.14285714,16.78571429,15.28571429,4.14039336,3.59868718,20.00000000,17.00000000,20.00000000,train,True,aruna-juice-v4.0
2025-11-12,P006,Jus Melon,9,7.00000000,6.00000000,13.00000000,6.00000000,4.00000000,10.00000000,8.42857143,7.64285714,8.10714286,3.04724700,2.53003931,7.00000000,18.00000000,6.00000000,train,True,aruna-juice-v4.0
2025-11-12,P007,Jus Sirsak,20,15.00000000,11.00000000,16.00000000,14.00000000,11.00000000,19.00000000,15.00000000,15.21428571,17.28571429,3.55902608,2.69411242,18.00000000,17.00000000,14.00000000,train,True,aruna-juice-v4.0
2025-11-12,P008,Jus Alpukat,17,16.00000000,18.00000000,26.00000000,17.00000000,7.00000000,16.00000000,17.85714286,16.78571429,16.14285714,4.22013315,3.74532676,13.00000000,20.00000000,14.00000000,train,True,aruna-juice-v4.0
2025-11-12,P009,Jus Stroberi,16,17.00000000,22.00000000,25.00000000,12.00000000,12.00000000,21.00000000,20.71428571,18.35714286,17.89285714,4.95695759,4.86126199,16.00000000,19.00000000,11.00000000,train,True,aruna-juice-v4.0
2025-11-12,P010,Jus Jeruk,5,4.00000000,2.00000000,14.00000000,6.00000000,1.00000000,4.00000000,5.85714286,6.21428571,6.28571429,4.45078912,3.68319618,6.00000000,11.00000000,10.00000000,train,True,aruna-juice-v4.0
2025-11-12,P011,Jus Mangga,18,22.00000000,22.00000000,16.00000000,14.00000000,11.00000000,16.00000000,18.57142857,16.42857143,17.21428571,2.43975018,3.43543270,11.00000000,19.00000000,18.00000000,train,True,aruna-juice-v4.0
2025-11-13,P001,Jus Naga,9,12.00000000,2.00000000,4.00000000,6.00000000,18.00000000,5.00000000,7.85714286,6.92857143,7.75000000,4.45078912,3.60478924,10.00000000,5.00000000,10.00000000,train,True,aruna-juice-v4.0
2025-11-13,P002,Jus Semangka,8,8.00000000,3.00000000,3.00000000,3.00000000,7.00000000,3.00000000,6.57142857,5.92857143,5.89285714,2.69920623,2.23483903,7.00000000,6.00000000,6.00000000,train,True,aruna-juice-v4.0
2025-11-13,P003,Jus Jambu,5,4.00000000,7.00000000,9.00000000,10.00000000,9.00000000,6.00000000,7.42857143,6.42857143,6.82142857,2.22539456,2.34403615,10.00000000,8.00000000,3.00000000,train,True,aruna-juice-v4.0
2025-11-13,P004,Jus Pisang,4,5.00000000,4.00000000,6.00000000,2.00000000,4.00000000,5.00000000,5.14285714,4.64285714,4.53571429,1.95180015,1.78054196,3.00000000,2.00000000,4.00000000,train,True,aruna-juice-v4.0
2025-11-13,P005,Jus Nanas,20,18.00000000,20.00000000,19.00000000,15.00000000,18.00000000,17.00000000,18.85714286,16.92857143,15.39285714,3.93397896,3.68915846,17.00000000,20.00000000,15.00000000,train,True,aruna-juice-v4.0
2025-11-13,P006,Jus Melon,7,9.00000000,7.00000000,6.00000000,11.00000000,5.00000000,8.00000000,7.85714286,7.78571429,8.07142857,2.85356919,2.42355655,18.00000000,6.00000000,6.00000000,train,True,aruna-juice-v4.0
2025-11-13,P007,Jus Sirsak,18,20.00000000,15.00000000,11.00000000,15.00000000,18.00000000,28.00000000,15.42857143,15.21428571,16.92857143,3.73528860,2.69411242,17.00000000,14.00000000,17.00000000,train,True,aruna-juice-v4.0
2025-11-13,P008,Jus Alpukat,13,17.00000000,16.00000000,18.00000000,12.00000000,12.00000000,16.00000000,18.00000000,16.85714286,16.03571429,4.00000000,3.65549413,20.00000000,14.00000000,13.00000000,train,True,aruna-juice-v4.0
2025-11-13,P009,Jus Stroberi,16,16.00000000,17.00000000,22.00000000,29.00000000,16.00000000,14.00000000,18.85714286,18.35714286,17.96428571,3.57903951,4.86126199,19.00000000,11.00000000,14.00000000,train,True,aruna-juice-v4.0
2025-11-13,P010,Jus Jeruk,6,5.00000000,4.00000000,2.00000000,1.00000000,2.00000000,7.00000000,6.57142857,6.50000000,6.25000000,3.90969491,3.48071611,11.00000000,10.00000000,2.00000000,train,True,aruna-juice-v4.0
2025-11-13,P011,Jus Mangga,11,18.00000000,22.00000000,22.00000000,17.00000000,13.00000000,19.00000000,17.71428571,16.28571429,16.92857143,3.77334006,3.62530787,19.00000000,18.00000000,16.00000000,train,True,aruna-juice-v4.0
2025-11-14,P001,Jus Naga,10,9.00000000,12.00000000,2.00000000,13.00000000,4.00000000,6.00000000,7.42857143,7.35714286,7.89285714,3.99404318,3.58645192,5.00000000,10.00000000,13.00000000,train,True,aruna-juice-v4.0
2025-11-14,P002,Jus Semangka,7,8.00000000,8.00000000,3.00000000,6.00000000,4.00000000,6.00000000,6.71428571,6.14285714,5.92857143,2.69037084,2.17881912,6.00000000,6.00000000,2.00000000,train,True,aruna-juice-v4.0
2025-11-14,P003,Jus Jambu,10,5.00000000,4.00000000,7.00000000,9.00000000,6.00000000,10.00000000,7.57142857,6.71428571,6.82142857,2.37045304,2.52460420,8.00000000,3.00000000,9.00000000,train,True,aruna-juice-v4.0
2025-11-14,P004,Jus Pisang,3,4.00000000,5.00000000,4.00000000,3.00000000,4.00000000,4.00000000,5.14285714,4.57142857,4.50000000,1.95180015,1.82774707,2.00000000,4.00000000,7.00000000,train,True,aruna-juice-v4.0
2025-11-14,P005,Jus Nanas,17,20.00000000,18.00000000,20.00000000,20.00000000,13.00000000,16.00000000,18.42857143,17.21428571,15.42857143,3.95209408,3.51214533,20.00000000,15.00000000,14.00000000,train,True,aruna-juice-v4.0
2025-11-14,P006,Jus Melon,18,7.00000000,9.00000000,7.00000000,9.00000000,8.00000000,10.00000000,9.14285714,8.50000000,8.35714286,4.81070235,3.65323882,6.00000000,6.00000000,5.00000000,train,True,aruna-juice-v4.0
2025-11-14,P007,Jus Sirsak,17,18.00000000,20.00000000,15.00000000,10.00000000,16.00000000,18.00000000,16.42857143,15.28571429,16.89285714,2.87849167,2.72956946,14.00000000,17.00000000,14.00000000,train,True,aruna-juice-v4.0
2025-11-14,P008,Jus Alpukat,20,13.00000000,17.00000000,16.00000000,17.00000000,14.00000000,18.00000000,18.42857143,17.28571429,16.10714286,4.03555625,3.64646449,14.00000000,13.00000000,13.00000000,train,True,aruna-juice-v4.0
2025-11-14,P009,Jus Stroberi,19,16.00000000,16.00000000,17.00000000,20.00000000,18.00000000,18.00000000,18.71428571,18.42857143,18.00000000,3.54562104,4.86295709,11.00000000,14.00000000,19.00000000,train,True,aruna-juice-v4.0
2025-11-14,P010,Jus Jeruk,11,6.00000000,5.00000000,4.00000000,6.00000000,8.00000000,7.00000000,7.28571429,6.71428571,6.39285714,4.23140188,3.66749907,10.00000000,2.00000000,7.00000000,train,True,aruna-juice-v4.0
2025-11-14,P011,Jus Mangga,19,11.00000000,18.00000000,22.00000000,18.00000000,16.00000000,12.00000000,17.85714286,16.50000000,17.17857143,3.80475892,3.69511112,18.00000000,16.00000000,26.00000000,train,True,aruna-juice-v4.0
2025-11-15,P001,Jus Naga,5,10.00000000,9.00000000,12.00000000,4.00000000,5.00000000,13.00000000,7.57142857,7.35714286,7.60714286,3.86683087,3.58645192,10.00000000,13.00000000,9.00000000,train,True,aruna-juice-v4.0
2025-11-15,P002,Jus Semangka,6,7.00000000,8.00000000,8.00000000,8.00000000,6.00000000,7.00000000,6.42857143,6.14285714,5.89285714,2.63673680,2.17881912,6.00000000,2.00000000,6.00000000,train,True,aruna-juice-v4.0
2025-11-15,P003,Jus Jambu,8,10.00000000,5.00000000,4.00000000,8.00000000,4.00000000,7.00000000,7.57142857,7.00000000,6.85714286,2.37045304,2.41788210,3.00000000,9.00000000,9.00000000,train,True,aruna-juice-v4.0
2025-11-15,P004,Jus Pisang,2,3.00000000,4.00000000,5.00000000,5.00000000,5.00000000,1.00000000,4.71428571,4.35714286,4.53571429,2.28868854,1.94569121,4.00000000,7.00000000,7.00000000,train,True,aruna-juice-v4.0
2025-11-15,P005,Jus Nanas,20,17.00000000,20.00000000,18.00000000,11.00000000,12.00000000,7.00000000,19.71428571,17.78571429,15.89285714,2.21466971,3.23867426,15.00000000,14.00000000,20.00000000,train,True,aruna-juice-v4.0
2025-11-15,P006,Jus Melon,6,18.00000000,7.00000000,9.00000000,4.00000000,6.00000000,4.00000000,9.42857143,8.50000000,8.42857143,4.50396651,3.65323882,6.00000000,5.00000000,7.00000000,train,True,aruna-juice-v4.0
2025-11-15,P007,Jus Sirsak,14,17.00000000,18.00000000,20.00000000,18.00000000,17.00000000,20.00000000,15.85714286,15.07142857,16.67857143,2.91138978,2.70225791,17.00000000,14.00000000,16.00000000,train,True,aruna-juice-v4.0
2025-11-15,P008,Jus Alpukat,14,20.00000000,13.00000000,17.00000000,19.00000000,13.00000000,16.00000000,17.71428571,17.35714286,16.03571429,4.34796066,3.56493916,13.00000000,13.00000000,19.00000000,train,True,aruna-juice-v4.0
2025-11-15,P009,Jus Stroberi,11,19.00000000,16.00000000,16.00000000,16.00000000,11.00000000,20.00000000,18.00000000,18.42857143,17.67857143,4.54606057,4.86295709,14.00000000,19.00000000,9.00000000,train,True,aruna-juice-v4.0
2025-11-15,P010,Jus Jeruk,10,11.00000000,6.00000000,5.00000000,9.00000000,7.00000000,11.00000000,7.42857143,6.92857143,6.35714286,4.31497945,3.77164085,2.00000000,7.00000000,5.00000000,train,True,aruna-juice-v4.0
2025-11-15,P011,Jus Mangga,18,19.00000000,11.00000000,18.00000000,17.00000000,11.00000000,19.00000000,18.00000000,17.00000000,17.14285714,3.78593890,3.35123399,16.00000000,26.00000000,19.00000000,train,True,aruna-juice-v4.0
2025-11-16,P001,Jus Naga,10,5.00000000,10.00000000,9.00000000,11.00000000,8.00000000,7.00000000,7.42857143,7.50000000,7.71428571,3.73528860,3.65323882,13.00000000,9.00000000,9.00000000,train,True,aruna-juice-v4.0
2025-11-16,P002,Jus Semangka,6,6.00000000,7.00000000,8.00000000,10.00000000,6.00000000,2.00000000,5.85714286,6.14285714,6.03571429,2.11570094,2.17881912,2.00000000,6.00000000,4.00000000,train,True,aruna-juice-v4.0
2025-11-16,P003,Jus Jambu,3,8.00000000,10.00000000,5.00000000,10.00000000,4.00000000,17.00000000,6.57142857,6.92857143,6.35714286,2.63673680,2.52569216,9.00000000,9.00000000,7.00000000,train,True,aruna-juice-v4.0
2025-11-16,P004,Jus Pisang,4,2.00000000,3.00000000,4.00000000,9.00000000,3.00000000,3.00000000,4.00000000,4.42857143,4.57142857,1.29099445,1.91006588,7.00000000,7.00000000,2.00000000,train,True,aruna-juice-v4.0
2025-11-16,P005,Jus Nanas,15,20.00000000,17.00000000,20.00000000,24.00000000,19.00000000,9.00000000,18.42857143,17.50000000,16.10714286,1.90237946,3.29918405,14.00000000,20.00000000,15.00000000,train,True,aruna-juice-v4.0
2025-11-16,P006,Jus Melon,6,6.00000000,18.00000000,7.00000000,13.00000000,9.00000000,7.00000000,8.42857143,8.28571429,8.39285714,4.35343324,3.70921040,5.00000000,7.00000000,6.00000000,train,True,aruna-juice-v4.0
2025-11-16,P007,Jus Sirsak,17,14.00000000,17.00000000,18.00000000,16.00000000,15.00000000,13.00000000,16.00000000,15.21428571,16.82142857,2.94392029,2.75062430,14.00000000,16.00000000,19.00000000,train,True,aruna-juice-v4.0
2025-11-16,P008,Jus Alpukat,13,14.00000000,20.00000000,13.00000000,26.00000000,18.00000000,13.00000000,15.85714286,17.00000000,16.03571429,2.67261242,3.74165739,13.00000000,19.00000000,17.00000000,train,True,aruna-juice-v4.0
2025-11-16,P009,Jus Stroberi,14,11.00000000,19.00000000,16.00000000,25.00000000,17.00000000,11.00000000,16.42857143,18.21428571,17.78571429,3.50509833,4.99505250,19.00000000,9.00000000,22.00000000,train,True,aruna-juice-v4.0
2025-11-16,P010,Jus Jeruk,2,10.00000000,11.00000000,6.00000000,14.00000000,6.00000000,6.00000000,5.71428571,6.64285714,6.21428571,3.59231985,3.99243791,7.00000000,5.00000000,9.00000000,train,True,aruna-juice-v4.0
2025-11-16,P011,Jus Mangga,16,18.00000000,19.00000000,11.00000000,16.00000000,20.00000000,17.00000000,18.00000000,16.71428571,17.10714286,3.78593890,3.24460668,26.00000000,19.00000000,10.00000000,train,True,aruna-juice-v4.0
2025-11-17,P001,Jus Naga,13,10.00000000,5.00000000,10.00000000,4.00000000,2.00000000,6.00000000,8.71428571,8.28571429,7.96428571,3.90360029,3.56108392,9.00000000,9.00000000,5.00000000,train,True,aruna-juice-v4.0
2025-11-17,P002,Jus Semangka,2,6.00000000,6.00000000,7.00000000,3.00000000,7.00000000,6.00000000,5.71428571,5.78571429,5.89285714,2.36038738,2.42355655,6.00000000,4.00000000,4.00000000,train,True,aruna-juice-v4.0
2025-11-17,P003,Jus Jambu,9,3.00000000,8.00000000,10.00000000,9.00000000,4.00000000,9.00000000,6.57142857,7.28571429,6.35714286,2.63673680,2.43147854,9.00000000,7.00000000,9.00000000,train,True,aruna-juice-v4.0
2025-11-17,P004,Jus Pisang,7,4.00000000,2.00000000,3.00000000,6.00000000,7.00000000,5.00000000,4.14285714,4.42857143,4.64285714,1.57359158,1.91006588,7.00000000,2.00000000,5.00000000,train,True,aruna-juice-v4.0
2025-11-17,P005,Jus Nanas,14,15.00000000,20.00000000,17.00000000,19.00000000,16.00000000,13.00000000,17.71428571,17.35714286,16.14285714,2.49761791,3.41055247,20.00000000,15.00000000,16.00000000,train,True,aruna-juice-v4.0
2025-11-17,P006,Jus Melon,5,6.00000000,6.00000000,18.00000000,6.00000000,9.00000000,16.00000000,8.28571429,8.00000000,8.00000000,4.46147531,3.80283295,7.00000000,6.00000000,8.00000000,train,True,aruna-juice-v4.0
2025-11-17,P007,Jus Sirsak,14,17.00000000,14.00000000,17.00000000,11.00000000,15.00000000,12.00000000,16.42857143,15.14285714,16.89285714,2.22539456,2.76953600,16.00000000,19.00000000,19.00000000,train,True,aruna-juice-v4.0
2025-11-17,P008,Jus Alpukat,13,13.00000000,14.00000000,20.00000000,18.00000000,15.00000000,25.00000000,15.14285714,16.85714286,15.60714286,2.67261242,3.86019415,19.00000000,17.00000000,21.00000000,train,True,aruna-juice-v4.0
2025-11-17,P009,Jus Stroberi,19,14.00000000,11.00000000,19.00000000,22.00000000,22.00000000,24.00000000,16.00000000,18.00000000,17.60714286,2.82842712,4.88325238,9.00000000,22.00000000,10.00000000,train,True,aruna-juice-v4.0
2025-11-17,P010,Jus Jeruk,7,2.00000000,10.00000000,11.00000000,2.00000000,12.00000000,5.00000000,6.42857143,6.28571429,6.28571429,3.20713490,3.68841370,5.00000000,9.00000000,10.00000000,train,True,aruna-juice-v4.0
2025-11-17,P011,Jus Mangga,26,16.00000000,18.00000000,19.00000000,22.00000000,12.00000000,26.00000000,18.57142857,17.71428571,17.10714286,4.68533680,3.79125657,19.00000000,10.00000000,22.00000000,train,True,aruna-juice-v4.0
2025-11-18,P001,Jus Naga,9,13.00000000,10.00000000,5.00000000,2.00000000,9.00000000,10.00000000,9.71428571,8.28571429,7.92857143,2.56347978,3.56108392,9.00000000,5.00000000,7.00000000,train,True,aruna-juice-v4.0
2025-11-18,P002,Jus Semangka,6,2.00000000,6.00000000,6.00000000,3.00000000,4.00000000,5.00000000,6.14285714,5.92857143,5.92857143,2.03540098,2.36852066,4.00000000,4.00000000,9.00000000,train,True,aruna-juice-v4.0
2025-11-18,P003,Jus Jambu,9,9.00000000,3.00000000,8.00000000,7.00000000,5.00000000,6.00000000,6.85714286,7.57142857,6.46428571,2.79455252,2.37662611,7.00000000,9.00000000,10.00000000,train,True,aruna-juice-v4.0
2025-11-18,P004,Jus Pisang,7,7.00000000,4.00000000,2.00000000,4.00000000,4.00000000,6.00000000,4.57142857,4.64285714,4.67857143,1.90237946,2.02321689,2.00000000,5.00000000,3.00000000,train,True,aruna-juice-v4.0
2025-11-18,P005,Jus Nanas,20,14.00000000,15.00000000,20.00000000,20.00000000,14.00000000,11.00000000,17.71428571,17.78571429,16.46428571,2.49761791,3.33232586,15.00000000,16.00000000,12.00000000,train,True,aruna-juice-v4.0
2025-11-18,P006,Jus Melon,7,5.00000000,6.00000000,6.00000000,7.00000000,5.00000000,17.00000000,8.28571429,8.14285714,7.64285714,4.46147531,3.71808766,6.00000000,8.00000000,8.00000000,train,True,aruna-juice-v4.0
2025-11-18,P007,Jus Sirsak,16,14.00000000,17.00000000,14.00000000,15.00000000,13.00000000,21.00000000,16.57142857,15.35714286,16.71428571,2.14919697,2.70632146,19.00000000,19.00000000,18.00000000,train,True,aruna-juice-v4.0
2025-11-18,P008,Jus Alpukat,19,13.00000000,13.00000000,14.00000000,16.00000000,21.00000000,19.00000000,15.57142857,16.71428571,15.60714286,3.04724700,3.72989114,17.00000000,21.00000000,17.00000000,train,True,aruna-juice-v4.0
2025-11-18,P009,Jus Stroberi,9,19.00000000,14.00000000,11.00000000,17.00000000,16.00000000,21.00000000,14.85714286,17.50000000,17.17857143,3.80475892,5.43139025,22.00000000,10.00000000,17.00000000,train,True,aruna-juice-v4.0
2025-11-18,P010,Jus Jeruk,5,7.00000000,2.00000000,10.00000000,4.00000000,5.00000000,7.00000000,6.57142857,6.28571429,6.21428571,3.10145895,3.68841370,9.00000000,10.00000000,9.00000000,train,True,aruna-juice-v4.0
2025-11-18,P011,Jus Mangga,19,26.00000000,16.00000000,18.00000000,22.00000000,14.00000000,22.00000000,18.14285714,18.07142857,17.00000000,4.45078912,3.64721782,10.00000000,22.00000000,18.00000000,train,True,aruna-juice-v4.0
2025-11-19,P001,Jus Naga,9,9.00000000,13.00000000,10.00000000,12.00000000,8.00000000,8.00000000,9.28571429,8.35714286,7.96428571,2.36038738,3.56493916,5.00000000,7.00000000,8.00000000,train,True,aruna-juice-v4.0
2025-11-19,P002,Jus Semangka,4,6.00000000,2.00000000,6.00000000,8.00000000,7.00000000,6.00000000,5.57142857,5.71428571,5.85714286,1.98805959,2.39963367,4.00000000,9.00000000,5.00000000,train,True,aruna-juice-v4.0
2025-11-19,P003,Jus Jambu,7,9.00000000,9.00000000,3.00000000,4.00000000,5.00000000,9.00000000,7.28571429,7.71428571,6.39285714,2.49761791,2.26778684,9.00000000,10.00000000,12.00000000,train,True,aruna-juice-v4.0
2025-11-19,P004,Jus Pisang,2,7.00000000,7.00000000,4.00000000,5.00000000,4.00000000,5.00000000,4.14285714,4.50000000,4.57142857,2.11570094,2.13937446,5.00000000,3.00000000,8.00000000,train,True,aruna-juice-v4.0
2025-11-19,P005,Jus Nanas,15,20.00000000,14.00000000,15.00000000,18.00000000,16.00000000,18.00000000,17.28571429,17.71428571,16.35714286,2.69037084,3.38386605,16.00000000,12.00000000,14.00000000,train,True,aruna-juice-v4.0
2025-11-19,P006,Jus Melon,6,7.00000000,5.00000000,6.00000000,9.00000000,6.00000000,11.00000000,7.85714286,8.14285714,7.46428571,4.52506248,3.71808766,8.00000000,8.00000000,9.00000000,train,True,aruna-juice-v4.0
2025-11-19,P007,Jus Sirsak,19,16.00000000,14.00000000,17.00000000,20.00000000,14.00000000,21.00000000,16.42857143,15.71428571,16.64285714,1.90237946,2.84005881,19.00000000,18.00000000,13.00000000,train,True,aruna-juice-v4.0
2025-11-19,P008,Jus Alpukat,17,19.00000000,13.00000000,13.00000000,17.00000000,17.00000000,16.00000000,15.57142857,16.71428571,15.64285714,3.04724700,3.72989114,21.00000000,17.00000000,21.00000000,train,True,aruna-juice-v4.0
2025-11-19,P009,Jus Stroberi,22,9.00000000,19.00000000,14.00000000,16.00000000,12.00000000,15.00000000,15.71428571,18.21428571,17.42857143,4.68025233,5.30860798,10.00000000,17.00000000,8.00000000,train,True,aruna-juice-v4.0
2025-11-19,P010,Jus Jeruk,9,5.00000000,7.00000000,2.00000000,5.00000000,6.00000000,5.00000000,7.14285714,6.50000000,6.35714286,3.13201593,3.75704467,10.00000000,9.00000000,4.00000000,train,True,aruna-juice-v4.0
2025-11-19,P011,Jus Mangga,10,19.00000000,26.00000000,16.00000000,18.00000000,14.00000000,34.00000000,17.00000000,17.78571429,16.14285714,5.41602560,4.11710450,22.00000000,18.00000000,18.00000000,train,True,aruna-juice-v4.0
2025-11-20,P001,Jus Naga,5,9.00000000,9.00000000,13.00000000,9.00000000,6.00000000,7.00000000,8.71428571,8.28571429,7.89285714,2.87020822,3.62530787,7.00000000,8.00000000,8.00000000,train,True,aruna-juice-v4.0
2025-11-20,P002,Jus Semangka,4,4.00000000,6.00000000,2.00000000,8.00000000,3.00000000,10.00000000,5.00000000,5.78571429,5.64285714,1.73205081,2.32638946,9.00000000,5.00000000,3.00000000,train,True,aruna-juice-v4.0
2025-11-20,P003,Jus Jambu,9,7.00000000,9.00000000,9.00000000,5.00000000,10.00000000,7.00000000,7.85714286,7.64285714,6.46428571,2.34012617,2.20513885,10.00000000,12.00000000,7.00000000,train,True,aruna-juice-v4.0
2025-11-20,P004,Jus Pisang,5,2.00000000,7.00000000,7.00000000,4.00000000,2.00000000,5.00000000,4.28571429,4.71428571,4.57142857,2.13808994,2.01641614,3.00000000,8.00000000,9.00000000,train,True,aruna-juice-v4.0
2025-11-20,P005,Jus Nanas,16,15.00000000,20.00000000,14.00000000,20.00000000,15.00000000,13.00000000,16.71428571,17.78571429,16.46428571,2.42997159,3.33232586,12.00000000,14.00000000,18.00000000,train,True,aruna-juice-v4.0
2025-11-20,P006,Jus Melon,8,6.00000000,7.00000000,5.00000000,7.00000000,11.00000000,5.00000000,8.00000000,7.92857143,7.57142857,4.50924975,3.62606559,8.00000000,9.00000000,7.00000000,train,True,aruna-juice-v4.0
2025-11-20,P007,Jus Sirsak,19,19.00000000,16.00000000,14.00000000,18.00000000,15.00000000,23.00000000,16.57142857,16.00000000,16.50000000,2.07019668,2.96128870,18.00000000,13.00000000,15.00000000,train,True,aruna-juice-v4.0
2025-11-20,P008,Jus Alpukat,21,17.00000000,19.00000000,13.00000000,13.00000000,12.00000000,14.00000000,16.71428571,17.35714286,15.89285714,3.40168026,3.62909488,17.00000000,21.00000000,17.00000000,train,True,aruna-juice-v4.0
2025-11-20,P009,Jus Stroberi,10,22.00000000,9.00000000,19.00000000,16.00000000,29.00000000,13.00000000,14.85714286,16.85714286,17.32142857,5.14550197,4.73704132,17.00000000,8.00000000,17.00000000,train,True,aruna-juice-v4.0
2025-11-20,P010,Jus Jeruk,10,9.00000000,5.00000000,7.00000000,6.00000000,1.00000000,5.00000000,7.71428571,7.14285714,6.53571429,3.25137334,3.50509833,9.00000000,4.00000000,9.00000000,train,True,aruna-juice-v4.0
2025-11-20,P011,Jus Mangga,22,10.00000000,19.00000000,26.00000000,11.00000000,17.00000000,13.00000000,18.57142857,18.14285714,16.46428571,4.96175852,4.25815314,18.00000000,18.00000000,24.00000000,train,True,aruna-juice-v4.0
2025-11-21,P001,Jus Naga,7,5.00000000,9.00000000,9.00000000,10.00000000,13.00000000,14.00000000,8.28571429,7.85714286,7.64285714,2.87020822,3.37085113,8.00000000,8.00000000,4.00000000,train,True,aruna-juice-v4.0
2025-11-21,P002,Jus Semangka,9,4.00000000,4.00000000,6.00000000,7.00000000,6.00000000,8.00000000,5.28571429,6.00000000,5.67857143,2.21466971,2.48069469,5.00000000,3.00000000,7.00000000,train,True,aruna-juice-v4.0
2025-11-21,P003,Jus Jambu,10,9.00000000,7.00000000,9.00000000,10.00000000,9.00000000,4.00000000,7.85714286,7.71428571,6.67857143,2.34012617,2.26778684,12.00000000,7.00000000,10.00000000,train,True,aruna-juice-v4.0
2025-11-21,P004,Jus Pisang,3,5.00000000,2.00000000,7.00000000,3.00000000,3.00000000,7.00000000,4.28571429,4.71428571,4.42857143,2.13808994,2.01641614,8.00000000,9.00000000,4.00000000,train,True,aruna-juice-v4.0
2025-11-21,P005,Jus Nanas,12,16.00000000,15.00000000,20.00000000,17.00000000,20.00000000,18.00000000,16.00000000,17.21428571,16.25000000,3.00000000,3.59868718,14.00000000,18.00000000,11.00000000,train,True,aruna-juice-v4.0
2025-11-21,P006,Jus Melon,8,8.00000000,6.00000000,7.00000000,18.00000000,9.00000000,11.00000000,6.57142857,7.85714286,7.46428571,1.13389342,3.61316275,9.00000000,7.00000000,9.00000000,train,True,aruna-juice-v4.0
2025-11-21,P007,Jus Sirsak,18,19.00000000,19.00000000,16.00000000,17.00000000,10.00000000,29.00000000,16.71428571,16.57142857,16.10714286,2.13808994,2.44050076,13.00000000,15.00000000,20.00000000,train,True,aruna-juice-v4.0
2025-11-21,P008,Jus Alpukat,17,21.00000000,17.00000000,19.00000000,20.00000000,17.00000000,18.00000000,16.28571429,17.35714286,15.85714286,3.09377255,3.62909488,21.00000000,17.00000000,21.00000000,train,True,aruna-juice-v4.0
2025-11-21,P009,Jus Stroberi,17,10.00000000,22.00000000,9.00000000,19.00000000,20.00000000,16.00000000,14.57142857,16.64285714,17.35714286,4.92805380,4.65100722,8.00000000,17.00000000,11.00000000,train,True,aruna-juice-v4.0
2025-11-21,P010,Jus Jeruk,9,10.00000000,9.00000000,5.00000000,11.00000000,6.00000000,6.00000000,7.42857143,7.35714286,6.64285714,2.99205297,3.52151940,4.00000000,9.00000000,3.00000000,train,True,aruna-juice-v4.0
2025-11-21,P011,Jus Mangga,18,22.00000000,10.00000000,19.00000000,19.00000000,18.00000000,8.00000000,18.42857143,18.14285714,16.82142857,4.96175852,4.25815314,18.00000000,24.00000000,15.00000000,train,True,aruna-juice-v4.0
2025-11-22,P001,Jus Naga,8,7.00000000,5.00000000,9.00000000,5.00000000,4.00000000,5.00000000,8.71428571,8.14285714,7.75000000,2.49761791,3.18305956,8.00000000,4.00000000,10.00000000,train,True,aruna-juice-v4.0
2025-11-22,P002,Jus Semangka,5,9.00000000,4.00000000,4.00000000,6.00000000,8.00000000,5.00000000,5.14285714,5.78571429,5.67857143,2.19306266,2.42355655,3.00000000,7.00000000,5.00000000,train,True,aruna-juice-v4.0
2025-11-22,P003,Jus Jambu,12,10.00000000,9.00000000,7.00000000,8.00000000,8.00000000,8.00000000,8.42857143,8.00000000,6.82142857,2.81999662,2.54195564,7.00000000,10.00000000,9.00000000,train,True,aruna-juice-v4.0
2025-11-22,P004,Jus Pisang,8,3.00000000,5.00000000,2.00000000,2.00000000,5.00000000,3.00000000,5.14285714,4.92857143,4.60714286,2.26778684,2.20014985,9.00000000,4.00000000,5.00000000,train,True,aruna-juice-v4.0
2025-11-22,P005,Jus Nanas,14,12.00000000,16.00000000,15.00000000,20.00000000,11.00000000,22.00000000,15.14285714,17.42857143,15.96428571,2.47847880,3.27494652,18.00000000,11.00000000,17.00000000,train,True,aruna-juice-v4.0
2025-11-22,P006,Jus Melon,9,8.00000000,8.00000000,6.00000000,6.00000000,4.00000000,6.00000000,7.00000000,8.21428571,7.57142857,1.41421356,3.44581288,7.00000000,9.00000000,10.00000000,train,True,aruna-juice-v4.0
2025-11-22,P007,Jus Sirsak,13,18.00000000,19.00000000,19.00000000,14.00000000,18.00000000,17.00000000,16.57142857,16.21428571,15.96428571,2.37045304,2.57737408,15.00000000,20.00000000,15.00000000,train,True,aruna-juice-v4.0
2025-11-22,P008,Jus Alpukat,21,17.00000000,21.00000000,17.00000000,14.00000000,19.00000000,13.00000000,17.28571429,17.50000000,16.14285714,3.35232684,3.73651421,17.00000000,21.00000000,24.00000000,train,True,aruna-juice-v4.0
2025-11-22,P009,Jus Stroberi,8,17.00000000,10.00000000,22.00000000,11.00000000,16.00000000,28.00000000,14.14285714,16.07142857,16.64285714,5.39841247,5.19562369,17.00000000,11.00000000,28.00000000,train,True,aruna-juice-v4.0
2025-11-22,P010,Jus Jeruk,4,9.00000000,10.00000000,9.00000000,10.00000000,9.00000000,10.00000000,6.57142857,7.00000000,6.42857143,2.99205297,3.59486814,9.00000000,3.00000000,13.00000000,train,True,aruna-juice-v4.0
2025-11-22,P011,Jus Mangga,18,18.00000000,22.00000000,10.00000000,18.00000000,17.00000000,19.00000000,18.42857143,18.21428571,16.78571429,4.96175852,4.24587712,24.00000000,15.00000000,14.00000000,train,True,aruna-juice-v4.0
2025-11-23,P001,Jus Naga,8,8.00000000,7.00000000,5.00000000,10.00000000,11.00000000,12.00000000,8.42857143,7.92857143,7.60714286,2.43975018,3.07506812,4.00000000,10.00000000,8.00000000,train,True,aruna-juice-v4.0
2025-11-23,P002,Jus Semangka,3,5.00000000,9.00000000,4.00000000,6.00000000,10.00000000,5.00000000,4.71428571,5.28571429,5.60714286,2.28868854,2.19890082,7.00000000,5.00000000,8.00000000,train,True,aruna-juice-v4.0
2025-11-23,P003,Jus Jambu,7,12.00000000,10.00000000,9.00000000,3.00000000,10.00000000,6.00000000,9.00000000,7.78571429,6.85714286,1.73205081,2.48622579,10.00000000,9.00000000,15.00000000,train,True,aruna-juice-v4.0
2025-11-23,P004,Jus Pisang,9,8.00000000,3.00000000,5.00000000,4.00000000,9.00000000,4.00000000,5.85714286,4.92857143,4.78571429,2.60950643,2.20014985,4.00000000,5.00000000,7.00000000,train,True,aruna-juice-v4.0
2025-11-23,P005,Jus Nanas,18,14.00000000,12.00000000,16.00000000,15.00000000,24.00000000,15.00000000,15.57142857,17.00000000,16.07142857,2.69920623,2.68900897,11.00000000,17.00000000,21.00000000,train,True,aruna-juice-v4.0
2025-11-23,P006,Jus Melon,7,9.00000000,8.00000000,8.00000000,6.00000000,13.00000000,8.00000000,7.14285714,7.78571429,7.53571429,1.34518542,3.16661847,9.00000000,10.00000000,10.00000000,train,True,aruna-juice-v4.0
2025-11-23,P007,Jus Sirsak,15,13.00000000,18.00000000,19.00000000,17.00000000,16.00000000,21.00000000,16.28571429,16.14285714,15.75000000,2.42997159,2.59754745,20.00000000,15.00000000,17.00000000,train,True,aruna-juice-v4.0
2025-11-23,P008,Jus Alpukat,17,21.00000000,17.00000000,21.00000000,13.00000000,26.00000000,12.00000000,17.85714286,16.85714286,16.32142857,2.79455252,2.82453925,21.00000000,24.00000000,27.00000000,train,True,aruna-juice-v4.0
2025-11-23,P009,Jus Stroberi,17,8.00000000,17.00000000,10.00000000,14.00000000,25.00000000,18.00000000,14.57142857,15.50000000,16.60714286,5.50324580,4.53617935,11.00000000,28.00000000,12.00000000,train,True,aruna-juice-v4.0
2025-11-23,P010,Jus Jeruk,9,4.00000000,9.00000000,10.00000000,2.00000000,14.00000000,8.00000000,7.57142857,6.64285714,6.46428571,2.29906813,3.05355135,3.00000000,13.00000000,12.00000000,train,True,aruna-juice-v4.0
2025-11-23,P011,Jus Mangga,24,18.00000000,18.00000000,22.00000000,16.00000000,16.00000000,17.00000000,19.57142857,18.78571429,17.03571429,5.22357294,4.45798456,15.00000000,14.00000000,25.00000000,train,True,aruna-juice-v4.0
2025-11-24,P001,Jus Naga,4,8.00000000,8.00000000,7.00000000,13.00000000,4.00000000,4.00000000,7.14285714,7.92857143,7.60714286,1.95180015,3.07506812,10.00000000,8.00000000,4.00000000,train,True,aruna-juice-v4.0
2025-11-24,P002,Jus Semangka,7,3.00000000,5.00000000,9.00000000,2.00000000,3.00000000,5.00000000,5.42857143,5.57142857,5.67857143,2.07019668,2.13808994,5.00000000,8.00000000,5.00000000,train,True,aruna-juice-v4.0
2025-11-24,P003,Jus Jambu,10,7.00000000,12.00000000,10.00000000,9.00000000,9.00000000,1.00000000,9.14285714,7.85714286,7.17857143,1.77281052,2.53762890,9.00000000,15.00000000,7.00000000,train,True,aruna-juice-v4.0
2025-11-24,P004,Jus Pisang,4,9.00000000,8.00000000,3.00000000,7.00000000,6.00000000,9.00000000,5.42857143,4.78571429,4.60714286,2.63673680,2.19013773,5.00000000,7.00000000,2.00000000,train,True,aruna-juice-v4.0
2025-11-24,P005,Jus Nanas,11,18.00000000,14.00000000,12.00000000,14.00000000,19.00000000,13.00000000,15.14285714,16.42857143,16.00000000,3.18478526,3.05624923,17.00000000,21.00000000,15.00000000,train,True,aruna-juice-v4.0
2025-11-24,P006,Jus Melon,9,7.00000000,9.00000000,8.00000000,5.00000000,6.00000000,6.00000000,7.71428571,8.00000000,7.64285714,1.11269728,3.13785816,10.00000000,10.00000000,8.00000000,train,True,aruna-juice-v4.0
2025-11-24,P007,Jus Sirsak,20,15.00000000,13.00000000,18.00000000,14.00000000,11.00000000,16.00000000,17.14285714,16.78571429,15.89285714,2.54483604,2.32638946,15.00000000,17.00000000,19.00000000,train,True,aruna-juice-v4.0
2025-11-24,P008,Jus Alpukat,21,17.00000000,21.00000000,17.00000000,13.00000000,18.00000000,8.00000000,19.00000000,17.07142857,16.78571429,2.00000000,3.02462422,24.00000000,27.00000000,11.00000000,train,True,aruna-juice-v4.0
2025-11-24,P009,Jus Stroberi,11,17.00000000,8.00000000,17.00000000,19.00000000,22.00000000,14.00000000,13.42857143,14.71428571,16.50000000,5.25538273,4.26846345,28.00000000,12.00000000,16.00000000,train,True,aruna-juice-v4.0
2025-11-24,P010,Jus Jeruk,3,9.00000000,4.00000000,9.00000000,7.00000000,2.00000000,5.00000000,7.00000000,6.71428571,6.39285714,2.88675135,2.94640776,13.00000000,12.00000000,6.00000000,train,True,aruna-juice-v4.0
2025-11-24,P011,Jus Mangga,15,24.00000000,18.00000000,18.00000000,26.00000000,22.00000000,14.00000000,18.00000000,18.28571429,17.07142857,4.58257569,4.46229626,14.00000000,25.00000000,18.00000000,train,True,aruna-juice-v4.0
2025-11-25,P001,Jus Naga,10,4.00000000,8.00000000,8.00000000,9.00000000,2.00000000,8.00000000,7.28571429,8.50000000,7.67857143,2.13808994,2.59437261,8.00000000,4.00000000,10.00000000,train,True,aruna-juice-v4.0
2025-11-25,P002,Jus Semangka,5,7.00000000,3.00000000,5.00000000,6.00000000,3.00000000,4.00000000,5.28571429,5.71428571,5.71428571,2.05866346,2.01641614,8.00000000,5.00000000,2.00000000,train,True,aruna-juice-v4.0
2025-11-25,P003,Jus Jambu,9,10.00000000,7.00000000,12.00000000,9.00000000,7.00000000,4.00000000,9.14285714,8.00000000,7.35714286,1.77281052,2.54195564,15.00000000,7.00000000,6.00000000,train,True,aruna-juice-v4.0
2025-11-25,P004,Jus Pisang,5,4.00000000,9.00000000,8.00000000,7.00000000,4.00000000,3.00000000,5.14285714,4.85714286,4.67857143,2.54483604,2.17881912,7.00000000,2.00000000,1.00000000,train,True,aruna-juice-v4.0
2025-11-25,P005,Jus Nanas,17,11.00000000,18.00000000,14.00000000,20.00000000,20.00000000,11.00000000,14.71428571,16.21428571,16.21428571,2.56347978,2.88706855,21.00000000,15.00000000,20.00000000,train,True,aruna-juice-v4.0
2025-11-25,P006,Jus Melon,10,9.00000000,7.00000000,9.00000000,7.00000000,7.00000000,7.00000000,8.14285714,8.21428571,7.75000000,1.34518542,3.16661847,10.00000000,8.00000000,8.00000000,train,True,aruna-juice-v4.0
2025-11-25,P007,Jus Sirsak,15,20.00000000,15.00000000,13.00000000,16.00000000,15.00000000,21.00000000,17.00000000,16.78571429,15.67857143,2.64575131,2.32638946,17.00000000,19.00000000,23.00000000,train,True,aruna-juice-v4.0
2025-11-25,P008,Jus Alpukat,24,21.00000000,17.00000000,21.00000000,19.00000000,16.00000000,22.00000000,19.71428571,17.64285714,16.85714286,2.75162290,3.52151940,27.00000000,11.00000000,20.00000000,train,True,aruna-juice-v4.0
2025-11-25,P009,Jus Stroberi,28,11.00000000,17.00000000,8.00000000,9.00000000,17.00000000,20.00000000,16.14285714,15.50000000,16.78571429,7.15142343,5.54353400,12.00000000,16.00000000,20.00000000,train,True,aruna-juice-v4.0
2025-11-25,P010,Jus Jeruk,13,3.00000000,9.00000000,4.00000000,5.00000000,4.00000000,6.00000000,8.14285714,7.35714286,6.64285714,3.48466026,3.27242895,12.00000000,6.00000000,11.00000000,train,True,aruna-juice-v4.0
2025-11-25,P011,Jus Mangga,14,15.00000000,24.00000000,18.00000000,19.00000000,22.00000000,21.00000000,17.28571429,17.71428571,16.82142857,4.78589197,4.46229626,25.00000000,18.00000000,16.00000000,train,True,aruna-juice-v4.0
2025-11-26,P001,Jus Naga,8,10.00000000,4.00000000,8.00000000,9.00000000,12.00000000,2.00000000,7.14285714,8.21428571,7.89285714,2.03540098,2.39160620,4.00000000,10.00000000,9.00000000,train,True,aruna-juice-v4.0
2025-11-26,P002,Jus Semangka,8,5.00000000,7.00000000,3.00000000,4.00000000,8.00000000,6.00000000,5.85714286,5.71428571,5.78571429,2.19306266,2.01641614,5.00000000,2.00000000,12.00000000,train,True,aruna-juice-v4.0
2025-11-26,P003,Jus Jambu,15,9.00000000,10.00000000,7.00000000,7.00000000,4.00000000,4.00000000,10.28571429,8.78571429,7.75000000,2.56347978,2.88706855,7.00000000,6.00000000,6.00000000,train,True,aruna-juice-v4.0
2025-11-26,P004,Jus Pisang,7,5.00000000,4.00000000,9.00000000,2.00000000,5.00000000,3.00000000,5.85714286,5.00000000,4.82142857,2.19306266,2.25320285,2.00000000,1.00000000,6.00000000,train,True,aruna-juice-v4.0
2025-11-26,P005,Jus Nanas,21,17.00000000,11.00000000,18.00000000,15.00000000,18.00000000,10.00000000,15.57142857,16.42857143,16.60714286,3.50509833,3.13084618,15.00000000,20.00000000,19.00000000,train,True,aruna-juice-v4.0
2025-11-26,P006,Jus Melon,10,10.00000000,9.00000000,7.00000000,6.00000000,9.00000000,4.00000000,8.71428571,8.28571429,7.96428571,1.11269728,3.19683910,8.00000000,8.00000000,7.00000000,train,True,aruna-juice-v4.0
2025-11-26,P007,Jus Sirsak,17,15.00000000,20.00000000,15.00000000,19.00000000,20.00000000,11.00000000,16.71428571,16.57142857,15.89285714,2.49761791,2.13808994,19.00000000,23.00000000,14.00000000,train,True,aruna-juice-v4.0
2025-11-26,P008,Jus Alpukat,27,24.00000000,21.00000000,17.00000000,17.00000000,17.00000000,7.00000000,21.14285714,18.35714286,17.57142857,3.57903951,4.30754513,11.00000000,20.00000000,9.00000000,train,True,aruna-juice-v4.0
2025-11-26,P009,Jus Stroberi,12,28.00000000,11.00000000,17.00000000,22.00000000,16.00000000,12.00000000,14.71428571,15.21428571,16.78571429,6.77530530,5.61835688,16.00000000,20.00000000,14.00000000,train,True,aruna-juice-v4.0
2025-11-26,P010,Jus Jeruk,12,13.00000000,3.00000000,9.00000000,9.00000000,5.00000000,1.00000000,8.57142857,7.85714286,7.03571429,3.77964473,3.41618642,6.00000000,11.00000000,4.00000000,train,True,aruna-juice-v4.0
2025-11-26,P011,Jus Mangga,25,14.00000000,15.00000000,24.00000000,10.00000000,18.00000000,11.00000000,19.42857143,18.21428571,17.32142857,4.31497945,4.87029570,18.00000000,16.00000000,13.00000000,train,True,aruna-juice-v4.0
2025-11-27,P001,Jus Naga,4,8.00000000,10.00000000,4.00000000,5.00000000,9.00000000,18.00000000,7.00000000,7.85714286,7.39285714,2.23606798,2.62699427,10.00000000,9.00000000,10.00000000,train,True,aruna-juice-v4.0
2025-11-27,P002,Jus Semangka,5,8.00000000,5.00000000,7.00000000,4.00000000,8.00000000,7.00000000,6.00000000,5.50000000,5.71428571,2.08166600,1.91150364,2.00000000,12.00000000,6.00000000,train,True,aruna-juice-v4.0
2025-11-27,P003,Jus Jambu,7,15.00000000,9.00000000,10.00000000,9.00000000,5.00000000,9.00000000,10.00000000,8.92857143,7.67857143,2.82842712,2.73057576,6.00000000,6.00000000,4.00000000,train,True,aruna-juice-v4.0
2025-11-27,P004,Jus Pisang,2,7.00000000,5.00000000,4.00000000,5.00000000,4.00000000,4.00000000,5.42857143,4.85714286,4.75000000,2.63673680,2.38124540,1.00000000,6.00000000,5.00000000,train,True,aruna-juice-v4.0
2025-11-27,P005,Jus Nanas,15,21.00000000,17.00000000,11.00000000,16.00000000,20.00000000,18.00000000,15.42857143,16.07142857,16.50000000,3.50509833,2.97332463,20.00000000,19.00000000,16.00000000,train,True,aruna-juice-v4.0
2025-11-27,P006,Jus Melon,8,10.00000000,10.00000000,9.00000000,8.00000000,7.00000000,5.00000000,8.71428571,8.35714286,8.07142857,1.11269728,3.17701221,8.00000000,7.00000000,14.00000000,train,True,aruna-juice-v4.0
2025-11-27,P007,Jus Sirsak,19,17.00000000,15.00000000,20.00000000,19.00000000,18.00000000,18.00000000,16.71428571,16.64285714,15.92857143,2.49761791,2.20513885,23.00000000,14.00000000,29.00000000,train,True,aruna-juice-v4.0
2025-11-27,P008,Jus Alpukat,11,27.00000000,24.00000000,21.00000000,21.00000000,13.00000000,12.00000000,19.71428571,18.21428571,17.53571429,5.25085027,4.52647887,20.00000000,9.00000000,16.00000000,train,True,aruna-juice-v4.0
2025-11-27,P009,Jus Stroberi,16,12.00000000,28.00000000,11.00000000,10.00000000,16.00000000,16.00000000,15.57142857,15.21428571,16.78571429,6.45128263,5.61835688,20.00000000,14.00000000,14.00000000,train,True,aruna-juice-v4.0
2025-11-27,P010,Jus Jeruk,6,12.00000000,13.00000000,3.00000000,10.00000000,6.00000000,2.00000000,8.00000000,7.85714286,7.17857143,3.82970843,3.41618642,11.00000000,4.00000000,6.00000000,train,True,aruna-juice-v4.0
2025-11-27,P011,Jus Mangga,18,25.00000000,14.00000000,15.00000000,22.00000000,11.00000000,13.00000000,18.85714286,18.71428571,17.50000000,4.18045338,4.41027771,16.00000000,13.00000000,14.00000000,train,True,aruna-juice-v4.0
2025-11-28,P001,Jus Naga,10,4.00000000,8.00000000,10.00000000,7.00000000,10.00000000,4.00000000,7.42857143,7.85714286,7.60714286,2.50713268,2.62699427,9.00000000,10.00000000,11.00000000,train,True,aruna-juice-v4.0
2025-11-28,P002,Jus Semangka,2,5.00000000,8.00000000,5.00000000,9.00000000,7.00000000,4.00000000,5.00000000,5.14285714,5.64285714,2.08166600,2.07019668,12.00000000,6.00000000,6.00000000,train,True,aruna-juice-v4.0
2025-11-28,P003,Jus Jambu,6,7.00000000,15.00000000,9.00000000,10.00000000,10.00000000,6.00000000,9.42857143,8.64285714,7.67857143,3.20713490,2.81772256,6.00000000,4.00000000,6.00000000,train,True,aruna-juice-v4.0
2025-11-28,P004,Jus Pisang,1,2.00000000,7.00000000,5.00000000,3.00000000,3.00000000,4.00000000,5.14285714,4.71428571,4.64285714,3.02371578,2.55489188,6.00000000,5.00000000,5.00000000,train,True,aruna-juice-v4.0
2025-11-28,P005,Jus Nanas,20,15.00000000,21.00000000,17.00000000,12.00000000,17.00000000,13.00000000,16.57142857,16.28571429,16.75000000,3.50509833,3.14834685,19.00000000,16.00000000,15.00000000,train,True,aruna-juice-v4.0
2025-11-28,P006,Jus Melon,8,8.00000000,10.00000000,10.00000000,8.00000000,18.00000000,8.00000000,8.71428571,7.64285714,8.07142857,1.11269728,1.54954797,7.00000000,14.00000000,10.00000000,train,True,aruna-juice-v4.0
2025-11-28,P007,Jus Sirsak,23,19.00000000,17.00000000,15.00000000,18.00000000,17.00000000,16.00000000,17.42857143,17.07142857,16.17857143,3.45722157,2.78634819,14.00000000,29.00000000,16.00000000,train,True,aruna-juice-v4.0
2025-11-28,P008,Jus Alpukat,20,11.00000000,27.00000000,24.00000000,17.00000000,20.00000000,14.00000000,20.14285714,18.21428571,17.75000000,5.11300862,4.52647887,9.00000000,16.00000000,9.00000000,train,True,aruna-juice-v4.0
2025-11-28,P009,Jus Stroberi,20,16.00000000,12.00000000,28.00000000,17.00000000,19.00000000,18.00000000,16.00000000,15.28571429,16.85714286,6.65832812,5.67624702,14.00000000,14.00000000,23.00000000,train,True,aruna-juice-v4.0
2025-11-28,P010,Jus Jeruk,11,6.00000000,12.00000000,13.00000000,9.00000000,11.00000000,8.00000000,8.28571429,7.85714286,7.28571429,3.98807747,3.41618642,4.00000000,6.00000000,7.00000000,train,True,aruna-juice-v4.0
2025-11-28,P011,Jus Mangga,16,18.00000000,25.00000000,14.00000000,18.00000000,19.00000000,16.00000000,18.57142857,18.50000000,17.50000000,4.31497945,4.46783375,13.00000000,14.00000000,19.00000000,train,True,aruna-juice-v4.0
2025-11-29,P001,Jus Naga,9,10.00000000,4.00000000,8.00000000,8.00000000,5.00000000,5.00000000,7.57142857,8.14285714,7.75000000,2.57275098,2.50713268,10.00000000,11.00000000,11.00000000,train,True,aruna-juice-v4.0
2025-11-29,P002,Jus Semangka,12,2.00000000,5.00000000,8.00000000,5.00000000,6.00000000,6.00000000,6.00000000,5.57142857,5.85714286,3.36650165,2.76556534,6.00000000,6.00000000,6.00000000,train,True,aruna-juice-v4.0
2025-11-29,P003,Jus Jambu,6,6.00000000,7.00000000,15.00000000,12.00000000,8.00000000,4.00000000,8.57142857,8.50000000,7.75000000,3.20713490,2.90225377,4.00000000,6.00000000,13.00000000,train,True,aruna-juice-v4.0
2025-11-29,P004,Jus Pisang,6,1.00000000,2.00000000,7.00000000,8.00000000,2.00000000,5.00000000,4.85714286,5.00000000,4.67857143,2.79455252,2.44948974,5.00000000,5.00000000,5.00000000,train,True,aruna-juice-v4.0
2025-11-29,P005,Jus Nanas,19,20.00000000,15.00000000,21.00000000,14.00000000,20.00000000,12.00000000,17.28571429,16.21428571,17.00000000,3.40168026,3.06791263,16.00000000,15.00000000,21.00000000,train,True,aruna-juice-v4.0
2025-11-29,P006,Jus Melon,7,8.00000000,8.00000000,10.00000000,9.00000000,6.00000000,6.00000000,8.42857143,7.71428571,8.10714286,1.27241802,1.48989269,14.00000000,10.00000000,3.00000000,train,True,aruna-juice-v4.0
2025-11-29,P007,Jus Sirsak,14,23.00000000,19.00000000,17.00000000,13.00000000,14.00000000,17.00000000,17.57142857,17.07142857,16.07142857,3.25868802,2.78634819,29.00000000,16.00000000,20.00000000,train,True,aruna-juice-v4.0
2025-11-29,P008,Jus Alpukat,9,20.00000000,11.00000000,27.00000000,21.00000000,14.00000000,13.00000000,18.42857143,17.85714286,17.60714286,6.57918797,5.05138432,16.00000000,9.00000000,22.00000000,train,True,aruna-juice-v4.0
2025-11-29,P009,Jus Stroberi,14,20.00000000,16.00000000,12.00000000,8.00000000,11.00000000,11.00000000,16.85714286,15.50000000,16.96428571,5.78586126,5.55739286,14.00000000,23.00000000,22.00000000,train,True,aruna-juice-v4.0
2025-11-29,P010,Jus Jeruk,4,11.00000000,6.00000000,12.00000000,4.00000000,10.00000000,7.00000000,8.28571429,7.42857143,7.17857143,3.98807747,3.50196177,6.00000000,7.00000000,9.00000000,train,True,aruna-juice-v4.0
2025-11-29,P011,Jus Mangga,13,16.00000000,18.00000000,25.00000000,18.00000000,18.00000000,11.00000000,17.85714286,18.14285714,17.57142857,4.81070235,4.70445195,14.00000000,19.00000000,12.00000000,train,True,aruna-juice-v4.0
2025-11-30,P001,Jus Naga,10,9.00000000,10.00000000,4.00000000,8.00000000,10.00000000,8.00000000,7.85714286,8.14285714,7.82142857,2.73426233,2.50713268,11.00000000,11.00000000,12.00000000,train,True,aruna-juice-v4.0
2025-11-30,P002,Jus Semangka,6,12.00000000,2.00000000,5.00000000,3.00000000,6.00000000,6.00000000,6.42857143,5.57142857,5.85714286,3.10145895,2.76556534,6.00000000,6.00000000,4.00000000,train,True,aruna-juice-v4.0
2025-11-30,P003,Jus Jambu,4,6.00000000,6.00000000,7.00000000,7.00000000,3.00000000,4.00000000,8.14285714,8.57142857,7.75000000,3.62530787,2.76556534,6.00000000,13.00000000,3.00000000,train,True,aruna-juice-v4.0
2025-11-30,P004,Jus Pisang,5,6.00000000,1.00000000,2.00000000,9.00000000,4.00000000,3.00000000,4.28571429,5.07142857,4.75000000,2.13808994,2.43260815,5.00000000,5.00000000,3.00000000,train,True,aruna-juice-v4.0
2025-11-30,P005,Jus Nanas,16,19.00000000,20.00000000,15.00000000,18.00000000,15.00000000,19.00000000,17.00000000,16.28571429,16.89285714,3.41565026,3.04904957,15.00000000,21.00000000,18.00000000,train,True,aruna-juice-v4.0
2025-11-30,P006,Jus Melon,14,7.00000000,8.00000000,8.00000000,7.00000000,6.00000000,9.00000000,9.42857143,8.28571429,8.28571429,2.29906813,2.16363552,10.00000000,3.00000000,6.00000000,train,True,aruna-juice-v4.0
2025-11-30,P007,Jus Sirsak,29,14.00000000,23.00000000,19.00000000,15.00000000,17.00000000,15.00000000,19.57142857,17.92857143,16.57142857,5.15936504,4.23291654,16.00000000,20.00000000,14.00000000,train,True,aruna-juice-v4.0
2025-11-30,P008,Jus Alpukat,16,9.00000000,20.00000000,11.00000000,17.00000000,13.00000000,18.00000000,18.28571429,18.07142857,17.53571429,6.62606685,4.89056054,9.00000000,22.00000000,22.00000000,train,True,aruna-juice-v4.0
2025-11-30,P009,Jus Stroberi,14,14.00000000,20.00000000,16.00000000,17.00000000,14.00000000,17.00000000,16.42857143,15.50000000,16.85714286,5.88379534,5.55739286,23.00000000,22.00000000,27.00000000,train,True,aruna-juice-v4.0
2025-11-30,P010,Jus Jeruk,6,4.00000000,11.00000000,6.00000000,9.00000000,2.00000000,6.00000000,7.85714286,7.71428571,7.17857143,4.05908739,3.17268562,7.00000000,9.00000000,4.00000000,train,True,aruna-juice-v4.0
2025-11-30,P011,Jus Mangga,14,13.00000000,16.00000000,18.00000000,24.00000000,16.00000000,20.00000000,16.42857143,18.00000000,17.35714286,4.11732692,4.80384461,19.00000000,12.00000000,25.00000000,train,True,aruna-juice-v4.0
2025-12-01,P001,Jus Naga,11,10.00000000,9.00000000,10.00000000,4.00000000,13.00000000,2.00000000,8.85714286,8.00000000,8.14285714,2.34012617,2.25320285,11.00000000,12.00000000,8.00000000,train,True,aruna-juice-v4.0
2025-12-01,P002,Jus Semangka,6,6.00000000,12.00000000,2.00000000,7.00000000,2.00000000,7.00000000,6.28571429,5.85714286,5.82142857,3.09377255,2.56776296,6.00000000,4.00000000,6.00000000,train,True,aruna-juice-v4.0
2025-12-01,P003,Jus Jambu,6,4.00000000,6.00000000,6.00000000,10.00000000,9.00000000,4.00000000,7.57142857,8.35714286,7.82142857,3.59894164,2.84489131,13.00000000,3.00000000,12.00000000,train,True,aruna-juice-v4.0
2025-12-01,P004,Jus Pisang,5,5.00000000,6.00000000,1.00000000,4.00000000,7.00000000,7.00000000,4.42857143,4.92857143,4.67857143,2.14919697,2.36852066,5.00000000,3.00000000,6.00000000,train,True,aruna-juice-v4.0
2025-12-01,P005,Jus Nanas,15,16.00000000,19.00000000,20.00000000,11.00000000,14.00000000,16.00000000,17.57142857,16.35714286,16.85714286,2.43975018,3.00274600,21.00000000,18.00000000,19.00000000,train,True,aruna-juice-v4.0
2025-12-01,P006,Jus Melon,10,14.00000000,7.00000000,8.00000000,9.00000000,5.00000000,9.00000000,9.57142857,8.64285714,8.32142857,2.29906813,1.98483260,3.00000000,6.00000000,12.00000000,train,True,aruna-juice-v4.0
2025-12-01,P007,Jus Sirsak,16,29.00000000,14.00000000,23.00000000,20.00000000,14.00000000,15.00000000,19.00000000,18.07142857,16.60714286,5.32290647,4.12243927,20.00000000,14.00000000,14.00000000,train,True,aruna-juice-v4.0
2025-12-01,P008,Jus Alpukat,9,16.00000000,9.00000000,20.00000000,21.00000000,13.00000000,15.00000000,16.57142857,17.78571429,17.32142857,7.32250282,5.30860798,22.00000000,22.00000000,20.00000000,train,True,aruna-juice-v4.0
2025-12-01,P009,Jus Stroberi,23,14.00000000,14.00000000,20.00000000,11.00000000,19.00000000,22.00000000,18.14285714,15.78571429,16.89285714,5.78586126,5.84647917,22.00000000,27.00000000,20.00000000,train,True,aruna-juice-v4.0
2025-12-01,P010,Jus Jeruk,7,6.00000000,4.00000000,11.00000000,3.00000000,7.00000000,12.00000000,8.42857143,7.71428571,7.00000000,3.50509833,3.17268562,9.00000000,4.00000000,14.00000000,train,True,aruna-juice-v4.0
2025-12-01,P011,Jus Mangga,19,14.00000000,13.00000000,16.00000000,15.00000000,26.00000000,12.00000000,17.00000000,17.50000000,17.60714286,4.16333200,4.23810553,12.00000000,25.00000000,13.00000000,train,True,aruna-juice-v4.0
2025-12-02,P001,Jus Naga,11,11.00000000,10.00000000,9.00000000,10.00000000,9.00000000,9.00000000,9.00000000,8.14285714,8.21428571,2.44948974,2.38124540,12.00000000,8.00000000,4.00000000,train,True,aruna-juice-v4.0
2025-12-02,P002,Jus Semangka,6,6.00000000,6.00000000,12.00000000,5.00000000,6.00000000,4.00000000,6.42857143,5.85714286,5.89285714,3.04724700,2.56776296,4.00000000,6.00000000,5.00000000,train,True,aruna-juice-v4.0
2025-12-02,P003,Jus Jambu,13,6.00000000,4.00000000,6.00000000,9.00000000,9.00000000,5.00000000,8.14285714,8.64285714,8.10714286,4.14039336,3.10352511,3.00000000,12.00000000,9.00000000,train,True,aruna-juice-v4.0
2025-12-02,P004,Jus Pisang,5,5.00000000,5.00000000,6.00000000,5.00000000,7.00000000,4.00000000,4.42857143,4.78571429,4.71428571,2.14919697,2.29308564,3.00000000,6.00000000,3.00000000,train,True,aruna-juice-v4.0
2025-12-02,P005,Jus Nanas,21,15.00000000,16.00000000,19.00000000,17.00000000,20.00000000,14.00000000,18.14285714,16.42857143,17.10714286,2.73426233,3.10617959,18.00000000,19.00000000,7.00000000,train,True,aruna-juice-v4.0
2025-12-02,P006,Jus Melon,3,10.00000000,14.00000000,7.00000000,10.00000000,7.00000000,5.00000000,8.57142857,8.35714286,8.25000000,3.35942172,2.46848265,6.00000000,12.00000000,13.00000000,train,True,aruna-juice-v4.0
2025-12-02,P007,Jus Sirsak,20,16.00000000,29.00000000,14.00000000,15.00000000,16.00000000,13.00000000,19.71428571,18.35714286,16.85714286,5.02375310,4.10641417,14.00000000,14.00000000,12.00000000,train,True,aruna-juice-v4.0
2025-12-02,P008,Jus Alpukat,22,9.00000000,16.00000000,9.00000000,24.00000000,19.00000000,21.00000000,16.28571429,18.00000000,17.35714286,7.01698619,5.42075782,22.00000000,20.00000000,13.00000000,train,True,aruna-juice-v4.0
2025-12-02,P009,Jus Stroberi,22,23.00000000,14.00000000,14.00000000,28.00000000,9.00000000,16.00000000,17.28571429,16.71428571,17.10714286,4.34796066,5.71675771,27.00000000,20.00000000,7.00000000,train,True,aruna-juice-v4.0
2025-12-02,P010,Jus Jeruk,9,7.00000000,6.00000000,4.00000000,13.00000000,5.00000000,5.00000000,7.85714286,8.00000000,7.14285714,2.91138978,3.08843998,4.00000000,14.00000000,12.00000000,train,True,aruna-juice-v4.0
2025-12-02,P011,Jus Mangga,12,19.00000000,14.00000000,13.00000000,14.00000000,19.00000000,14.00000000,16.71428571,17.00000000,17.53571429,4.46147531,4.45490223,25.00000000,13.00000000,20.00000000,train,True,aruna-juice-v4.0
2025-12-03,P001,Jus Naga,12,11.00000000,11.00000000,10.00000000,8.00000000,9.00000000,8.00000000,9.57142857,8.35714286,8.35714286,2.63673680,2.59013343,8.00000000,4.00000000,4.00000000,train,True,aruna-juice-v4.0
2025-12-03,P002,Jus Semangka,4,6.00000000,6.00000000,6.00000000,8.00000000,4.00000000,7.00000000,5.85714286,5.85714286,5.78571429,3.07834216,2.56776296,6.00000000,5.00000000,6.00000000,train,True,aruna-juice-v4.0
2025-12-03,P003,Jus Jambu,3,13.00000000,6.00000000,4.00000000,15.00000000,7.00000000,5.00000000,6.42857143,8.35714286,8.03571429,3.20713490,3.43303281,12.00000000,9.00000000,7.00000000,train,True,aruna-juice-v4.0
2025-12-03,P004,Jus Pisang,3,5.00000000,5.00000000,5.00000000,7.00000000,2.00000000,4.00000000,3.85714286,4.85714286,4.67857143,1.86445447,2.21384256,6.00000000,3.00000000,5.00000000,train,True,aruna-juice-v4.0
2025-12-03,P005,Jus Nanas,18,21.00000000,15.00000000,16.00000000,21.00000000,15.00000000,16.00000000,17.71428571,16.64285714,17.17857143,2.42997159,3.10352511,19.00000000,7.00000000,13.00000000,train,True,aruna-juice-v4.0
2025-12-03,P006,Jus Melon,6,3.00000000,10.00000000,14.00000000,10.00000000,6.00000000,6.00000000,8.00000000,8.35714286,8.25000000,3.41565026,2.46848265,12.00000000,13.00000000,12.00000000,train,True,aruna-juice-v4.0
2025-12-03,P007,Jus Sirsak,14,20.00000000,16.00000000,29.00000000,17.00000000,19.00000000,14.00000000,19.28571429,18.00000000,16.85714286,5.40722621,4.26073305,14.00000000,12.00000000,21.00000000,train,True,aruna-juice-v4.0
2025-12-03,P008,Jus Alpukat,22,22.00000000,9.00000000,16.00000000,27.00000000,17.00000000,17.00000000,15.57142857,18.35714286,17.53571429,5.91205387,5.51371915,20.00000000,13.00000000,17.00000000,train,True,aruna-juice-v4.0
2025-12-03,P009,Jus Stroberi,27,22.00000000,23.00000000,14.00000000,12.00000000,22.00000000,12.00000000,19.42857143,17.07142857,17.64285714,4.96175852,6.20749281,20.00000000,7.00000000,16.00000000,train,True,aruna-juice-v4.0
2025-12-03,P010,Jus Jeruk,4,9.00000000,7.00000000,6.00000000,12.00000000,9.00000000,6.00000000,6.71428571,7.64285714,7.07142857,2.56347978,3.24883749,14.00000000,12.00000000,13.00000000,train,True,aruna-juice-v4.0
2025-12-03,P011,Jus Mangga,25,12.00000000,19.00000000,14.00000000,25.00000000,10.00000000,14.00000000,16.71428571,18.07142857,17.92857143,4.46147531,4.44564239,13.00000000,20.00000000,21.00000000,train,True,aruna-juice-v4.0
2025-12-04,P001,Jus Naga,8,12.00000000,11.00000000,11.00000000,4.00000000,5.00000000,6.00000000,10.14285714,8.57142857,8.42857143,1.34518542,2.40877517,4.00000000,4.00000000,9.00000000,train,True,aruna-juice-v4.0
2025-12-04,P002,Jus Semangka,6,4.00000000,6.00000000,6.00000000,5.00000000,4.00000000,3.00000000,6.00000000,6.00000000,5.89285714,3.05505046,2.51151196,5.00000000,6.00000000,7.00000000,train,True,aruna-juice-v4.0
2025-12-04,P003,Jus Jambu,12,3.00000000,13.00000000,6.00000000,7.00000000,9.00000000,10.00000000,7.14285714,8.57142857,8.10714286,3.84831441,3.56725030,9.00000000,7.00000000,5.00000000,train,True,aruna-juice-v4.0
2025-12-04,P004,Jus Pisang,6,3.00000000,5.00000000,5.00000000,2.00000000,5.00000000,2.00000000,4.42857143,4.92857143,4.82142857,1.81265393,2.23483903,3.00000000,5.00000000,7.00000000,train,True,aruna-juice-v4.0
2025-12-04,P005,Jus Nanas,19,18.00000000,21.00000000,15.00000000,15.00000000,16.00000000,15.00000000,18.28571429,16.85714286,17.32142857,2.13808994,3.15880072,7.00000000,13.00000000,14.00000000,train,True,aruna-juice-v4.0
2025-12-04,P006,Jus Melon,12,6.00000000,3.00000000,10.00000000,8.00000000,8.00000000,11.00000000,8.57142857,8.64285714,8.28571429,3.73528860,2.64886457,13.00000000,12.00000000,6.00000000,train,True,aruna-juice-v4.0
2025-12-04,P007,Jus Sirsak,14,14.00000000,20.00000000,16.00000000,19.00000000,19.00000000,15.00000000,18.57142857,17.64285714,16.82142857,5.76937729,4.37839350,12.00000000,21.00000000,23.00000000,train,True,aruna-juice-v4.0
2025-12-04,P008,Jus Alpukat,20,22.00000000,22.00000000,9.00000000,11.00000000,21.00000000,12.00000000,16.85714286,18.28571429,17.82142857,5.72795983,5.48324120,13.00000000,17.00000000,8.00000000,train,True,aruna-juice-v4.0
2025-12-04,P009,Jus Stroberi,20,27.00000000,22.00000000,23.00000000,16.00000000,10.00000000,29.00000000,20.00000000,17.78571429,17.32142857,4.72581563,5.89887305,7.00000000,16.00000000,19.00000000,train,True,aruna-juice-v4.0
2025-12-04,P010,Jus Jeruk,14,4.00000000,9.00000000,7.00000000,6.00000000,10.00000000,1.00000000,7.85714286,7.92857143,7.53571429,3.71611676,3.62606559,12.00000000,13.00000000,6.00000000,train,True,aruna-juice-v4.0
2025-12-04,P011,Jus Mangga,13,25.00000000,12.00000000,19.00000000,18.00000000,22.00000000,17.00000000,16.00000000,17.42857143,17.78571429,4.61880215,4.48440521,20.00000000,21.00000000,17.00000000,train,True,aruna-juice-v4.0
2025-12-05,P001,Jus Naga,4,8.00000000,12.00000000,11.00000000,10.00000000,7.00000000,13.00000000,9.28571429,8.35714286,8.10714286,2.69037084,2.67774713,4.00000000,9.00000000,12.00000000,train,True,aruna-juice-v4.0
2025-12-05,P002,Jus Semangka,5,6.00000000,4.00000000,6.00000000,2.00000000,9.00000000,6.00000000,6.42857143,5.71428571,5.85714286,2.57275098,2.36736047,6.00000000,7.00000000,8.00000000,train,True,aruna-juice-v4.0
2025-12-05,P003,Jus Jambu,9,12.00000000,3.00000000,13.00000000,6.00000000,10.00000000,9.00000000,7.57142857,8.50000000,8.10714286,3.86683087,3.54639579,7.00000000,5.00000000,7.00000000,train,True,aruna-juice-v4.0
2025-12-05,P004,Jus Pisang,3,6.00000000,3.00000000,5.00000000,1.00000000,3.00000000,3.00000000,4.71428571,4.92857143,4.82142857,1.25356634,2.23483903,5.00000000,7.00000000,6.00000000,train,True,aruna-juice-v4.0
2025-12-05,P005,Jus Nanas,7,19.00000000,18.00000000,21.00000000,20.00000000,12.00000000,20.00000000,16.42857143,16.50000000,16.85714286,4.61364436,3.93700394,13.00000000,14.00000000,17.00000000,train,True,aruna-juice-v4.0
2025-12-05,P006,Jus Melon,13,12.00000000,6.00000000,3.00000000,8.00000000,8.00000000,9.00000000,9.28571429,9.00000000,8.42857143,4.07080196,2.88230677,12.00000000,6.00000000,10.00000000,train,True,aruna-juice-v4.0
2025-12-05,P007,Jus Sirsak,12,14.00000000,14.00000000,20.00000000,23.00000000,18.00000000,10.00000000,17.00000000,17.21428571,16.89285714,5.85946528,4.62731973,21.00000000,23.00000000,13.00000000,train,True,aruna-juice-v4.0
2025-12-05,P008,Jus Alpukat,13,20.00000000,22.00000000,22.00000000,20.00000000,17.00000000,17.00000000,15.85714286,18.00000000,17.67857143,5.69878851,5.65685425,17.00000000,8.00000000,19.00000000,train,True,aruna-juice-v4.0
2025-12-05,P009,Jus Stroberi,7,20.00000000,27.00000000,22.00000000,20.00000000,17.00000000,20.00000000,18.14285714,17.07142857,16.85714286,6.81734483,6.56874049,16.00000000,19.00000000,20.00000000,train,True,aruna-juice-v4.0
2025-12-05,P010,Jus Jeruk,12,14.00000000,4.00000000,9.00000000,11.00000000,9.00000000,6.00000000,8.00000000,8.14285714,7.75000000,3.87298335,3.77964473,13.00000000,6.00000000,4.00000000,train,True,aruna-juice-v4.0
2025-12-05,P011,Jus Mangga,20,13.00000000,25.00000000,12.00000000,16.00000000,18.00000000,18.00000000,16.57142857,17.57142857,17.85714286,4.85994317,4.53557368,21.00000000,17.00000000,11.00000000,train,True,aruna-juice-v4.0
2025-12-06,P001,Jus Naga,4,4.00000000,8.00000000,12.00000000,9.00000000,8.00000000,4.00000000,8.57142857,8.07142857,8.10714286,3.35942172,2.92112428,9.00000000,12.00000000,7.00000000,train,True,aruna-juice-v4.0
2025-12-06,P002,Jus Semangka,6,5.00000000,6.00000000,4.00000000,12.00000000,5.00000000,8.00000000,5.57142857,5.78571429,5.78571429,0.78679579,2.35922319,7.00000000,8.00000000,7.00000000,train,True,aruna-juice-v4.0
2025-12-06,P003,Jus Jambu,7,9.00000000,12.00000000,3.00000000,6.00000000,12.00000000,8.00000000,7.71428571,8.14285714,8.07142857,3.81725406,3.41618642,5.00000000,7.00000000,6.00000000,train,True,aruna-juice-v4.0
2025-12-06,P004,Jus Pisang,5,3.00000000,6.00000000,3.00000000,6.00000000,8.00000000,5.00000000,4.57142857,4.71428571,4.82142857,1.13389342,2.05421036,7.00000000,6.00000000,5.00000000,train,True,aruna-juice-v4.0
2025-12-06,P005,Jus Nanas,13,7.00000000,19.00000000,18.00000000,19.00000000,14.00000000,11.00000000,15.57142857,16.42857143,16.92857143,4.61364436,3.99450172,14.00000000,17.00000000,16.00000000,train,True,aruna-juice-v4.0
2025-12-06,P006,Jus Melon,12,13.00000000,12.00000000,6.00000000,7.00000000,9.00000000,4.00000000,10.00000000,9.21428571,8.71428571,4.04145188,2.99174689,6.00000000,10.00000000,6.00000000,train,True,aruna-juice-v4.0
2025-12-06,P007,Jus Sirsak,21,12.00000000,14.00000000,14.00000000,14.00000000,13.00000000,18.00000000,18.00000000,17.78571429,17.00000000,5.85946528,4.56034026,23.00000000,13.00000000,16.00000000,train,True,aruna-juice-v4.0
2025-12-06,P008,Jus Alpukat,17,13.00000000,20.00000000,22.00000000,9.00000000,21.00000000,19.00000000,17.00000000,17.71428571,17.60714286,4.83045892,5.59434565,8.00000000,19.00000000,15.00000000,train,True,aruna-juice-v4.0
2025-12-06,P009,Jus Stroberi,16,7.00000000,20.00000000,27.00000000,14.00000000,8.00000000,16.00000000,18.42857143,17.64285714,16.85714286,6.65475126,6.04606856,19.00000000,20.00000000,22.00000000,train,True,aruna-juice-v4.0
2025-12-06,P010,Jus Jeruk,13,12.00000000,14.00000000,4.00000000,4.00000000,4.00000000,9.00000000,9.28571429,8.78571429,7.89285714,3.81725406,3.78618077,6.00000000,4.00000000,7.00000000,train,True,aruna-juice-v4.0
2025-12-06,P011,Jus Mangga,21,20.00000000,13.00000000,25.00000000,13.00000000,18.00000000,17.00000000,17.71428571,17.78571429,18.00000000,4.82059076,4.62731973,17.00000000,11.00000000,19.00000000,train,True,aruna-juice-v4.0
2025-12-07,P001,Jus Naga,9,4.00000000,4.00000000,8.00000000,10.00000000,8.00000000,11.00000000,8.42857143,8.14285714,8.03571429,3.30943816,2.93145128,12.00000000,7.00000000,9.00000000,train,True,aruna-juice-v4.0
2025-12-07,P002,Jus Semangka,7,6.00000000,5.00000000,6.00000000,6.00000000,3.00000000,10.00000000,5.71428571,6.07142857,5.67857143,0.95118973,2.23483903,8.00000000,7.00000000,4.00000000,train,True,aruna-juice-v4.0
2025-12-07,P003,Jus Jambu,5,7.00000000,9.00000000,12.00000000,4.00000000,7.00000000,10.00000000,7.85714286,8.00000000,7.89285714,3.67099312,3.50823208,7.00000000,6.00000000,6.00000000,train,True,aruna-juice-v4.0
2025-12-07,P004,Jus Pisang,7,5.00000000,3.00000000,6.00000000,5.00000000,9.00000000,9.00000000,4.85714286,4.57142857,4.75000000,1.46385011,1.78516475,6.00000000,5.00000000,4.00000000,train,True,aruna-juice-v4.0
2025-12-07,P005,Jus Nanas,14,13.00000000,7.00000000,19.00000000,16.00000000,18.00000000,24.00000000,15.28571429,16.14285714,16.57142857,4.64450520,4.01644969,17.00000000,16.00000000,17.00000000,train,True,aruna-juice-v4.0
2025-12-07,P006,Jus Melon,6,12.00000000,13.00000000,12.00000000,14.00000000,7.00000000,13.00000000,8.85714286,9.14285714,8.46428571,3.84831441,3.05984270,10.00000000,6.00000000,5.00000000,train,True,aruna-juice-v4.0
2025-12-07,P007,Jus Sirsak,23,21.00000000,12.00000000,14.00000000,29.00000000,15.00000000,16.00000000,17.14285714,18.35714286,17.25000000,4.18045338,4.68396845,13.00000000,16.00000000,16.00000000,train,True,aruna-juice-v4.0
2025-12-07,P008,Jus Alpukat,8,17.00000000,13.00000000,20.00000000,16.00000000,17.00000000,26.00000000,15.85714286,17.07142857,16.96428571,5.92814112,6.17020491,19.00000000,15.00000000,23.00000000,train,True,aruna-juice-v4.0
2025-12-07,P009,Jus Stroberi,19,16.00000000,7.00000000,20.00000000,14.00000000,17.00000000,25.00000000,19.14285714,17.78571429,16.64285714,6.36209010,6.05333438,20.00000000,22.00000000,23.00000000,train,True,aruna-juice-v4.0
2025-12-07,P010,Jus Jeruk,6,13.00000000,12.00000000,14.00000000,6.00000000,9.00000000,14.00000000,9.28571429,8.57142857,7.60714286,3.81725406,3.85734635,4.00000000,7.00000000,9.00000000,train,True,aruna-juice-v4.0
2025-12-07,P011,Jus Mangga,17,21.00000000,20.00000000,13.00000000,14.00000000,24.00000000,16.00000000,18.14285714,17.28571429,18.03571429,4.56174570,4.26846345,11.00000000,19.00000000,23.00000000,train,True,aruna-juice-v4.0
2025-12-08,P001,Jus Naga,12,9.00000000,4.00000000,4.00000000,11.00000000,4.00000000,4.00000000,8.57142857,8.71428571,8.32142857,3.45722157,2.84005881,7.00000000,9.00000000,10.00000000,train,True,aruna-juice-v4.0
2025-12-08,P002,Jus Semangka,8,7.00000000,6.00000000,5.00000000,6.00000000,7.00000000,3.00000000,6.00000000,6.14285714,5.85714286,1.29099445,2.28227764,7.00000000,4.00000000,13.00000000,train,True,aruna-juice-v4.0
2025-12-08,P003,Jus Jambu,7,5.00000000,7.00000000,9.00000000,6.00000000,10.00000000,9.00000000,8.00000000,7.78571429,7.82142857,3.60555128,3.46806467,6.00000000,6.00000000,14.00000000,train,True,aruna-juice-v4.0
2025-12-08,P004,Jus Pisang,6,7.00000000,5.00000000,3.00000000,5.00000000,4.00000000,6.00000000,5.00000000,4.71428571,4.75000000,1.52752523,1.81568260,5.00000000,4.00000000,5.00000000,train,True,aruna-juice-v4.0
2025-12-08,P005,Jus Nanas,17,14.00000000,13.00000000,7.00000000,15.00000000,11.00000000,19.00000000,15.57142857,16.57142857,16.50000000,4.68533680,3.73577890,16.00000000,17.00000000,16.00000000,train,True,aruna-juice-v4.0
2025-12-08,P006,Jus Melon,10,6.00000000,12.00000000,13.00000000,10.00000000,9.00000000,6.00000000,8.85714286,9.21428571,8.60714286,3.84831441,3.06791263,6.00000000,5.00000000,5.00000000,train,True,aruna-juice-v4.0
2025-12-08,P007,Jus Sirsak,13,23.00000000,21.00000000,12.00000000,16.00000000,20.00000000,11.00000000,16.71428571,17.85714286,17.32142857,4.46147531,4.86521630,16.00000000,16.00000000,21.00000000,train,True,aruna-juice-v4.0
2025-12-08,P008,Jus Alpukat,19,8.00000000,17.00000000,13.00000000,9.00000000,21.00000000,18.00000000,17.28571429,16.92857143,17.00000000,5.15474816,6.09494476,15.00000000,23.00000000,11.00000000,train,True,aruna-juice-v4.0
2025-12-08,P009,Jus Stroberi,20,19.00000000,16.00000000,7.00000000,23.00000000,11.00000000,22.00000000,18.71428571,18.42857143,16.57142857,6.15668433,5.74743134,22.00000000,23.00000000,12.00000000,train,True,aruna-juice-v4.0
2025-12-08,P010,Jus Jeruk,4,6.00000000,13.00000000,12.00000000,7.00000000,3.00000000,2.00000000,8.85714286,8.64285714,7.67857143,4.25944329,3.75411862,7.00000000,9.00000000,7.00000000,train,True,aruna-juice-v4.0
2025-12-08,P011,Jus Mangga,11,17.00000000,21.00000000,20.00000000,19.00000000,15.00000000,22.00000000,17.00000000,17.00000000,17.64285714,5.25991128,4.55732715,19.00000000,23.00000000,22.00000000,train,True,aruna-juice-v4.0
2025-12-09,P001,Jus Naga,7,12.00000000,9.00000000,4.00000000,11.00000000,10.00000000,2.00000000,8.00000000,8.50000000,8.50000000,3.31662479,2.84875141,9.00000000,10.00000000,5.00000000,train,True,aruna-juice-v4.0
2025-12-09,P002,Jus Semangka,7,8.00000000,7.00000000,6.00000000,6.00000000,5.00000000,3.00000000,6.14285714,6.28571429,6.00000000,1.34518542,2.26778684,4.00000000,13.00000000,6.00000000,train,True,aruna-juice-v4.0
2025-12-09,P003,Jus Jambu,6,7.00000000,5.00000000,7.00000000,13.00000000,9.00000000,7.00000000,7.00000000,7.57142857,7.78571429,2.88675135,3.47992674,6.00000000,14.00000000,6.00000000,train,True,aruna-juice-v4.0
2025-12-09,P004,Jus Pisang,5,6.00000000,7.00000000,5.00000000,5.00000000,5.00000000,4.00000000,5.00000000,4.71428571,4.78571429,1.52752523,1.81568260,4.00000000,5.00000000,4.00000000,train,True,aruna-juice-v4.0
2025-12-09,P005,Jus Nanas,16,17.00000000,14.00000000,13.00000000,21.00000000,17.00000000,20.00000000,14.85714286,16.50000000,16.35714286,4.05908739,3.73651421,17.00000000,16.00000000,17.00000000,train,True,aruna-juice-v4.0
2025-12-09,P006,Jus Melon,6,10.00000000,6.00000000,12.00000000,3.00000000,10.00000000,7.00000000,9.28571429,8.92857143,8.57142857,3.19970237,3.17355141,5.00000000,5.00000000,2.00000000,train,True,aruna-juice-v4.0
2025-12-09,P007,Jus Sirsak,16,13.00000000,23.00000000,21.00000000,20.00000000,15.00000000,15.00000000,16.14285714,17.92857143,17.35714286,4.22013315,4.82723501,16.00000000,21.00000000,22.00000000,train,True,aruna-juice-v4.0
2025-12-09,P008,Jus Alpukat,15,19.00000000,8.00000000,17.00000000,22.00000000,24.00000000,16.00000000,16.28571429,16.28571429,16.96428571,4.75093976,5.75698334,23.00000000,11.00000000,8.00000000,train,True,aruna-juice-v4.0
2025-12-09,P009,Jus Stroberi,22,20.00000000,19.00000000,16.00000000,22.00000000,28.00000000,17.00000000,18.71428571,18.00000000,16.75000000,6.15668433,5.17389899,23.00000000,12.00000000,16.00000000,train,True,aruna-juice-v4.0
2025-12-09,P010,Jus Jeruk,7,4.00000000,6.00000000,13.00000000,9.00000000,13.00000000,4.00000000,8.57142857,8.21428571,7.78571429,4.31497945,3.55567956,9.00000000,7.00000000,6.00000000,train,True,aruna-juice-v4.0
2025-12-09,P011,Jus Mangga,19,11.00000000,17.00000000,21.00000000,12.00000000,14.00000000,22.00000000,18.00000000,17.35714286,17.53571429,4.79583152,4.49969474,23.00000000,22.00000000,14.00000000,train,True,aruna-juice-v4.0
2025-12-10,P001,Jus Naga,9,7.00000000,12.00000000,9.00000000,12.00000000,8.00000000,12.00000000,7.57142857,8.57142857,8.39285714,2.87849167,2.84778688,10.00000000,5.00000000,10.00000000,train,True,aruna-juice-v4.0
2025-12-10,P002,Jus Semangka,4,7.00000000,8.00000000,7.00000000,4.00000000,8.00000000,8.00000000,6.14285714,6.00000000,5.85714286,1.34518542,2.28708750,13.00000000,6.00000000,2.00000000,train,True,aruna-juice-v4.0
2025-12-10,P003,Jus Jambu,6,6.00000000,7.00000000,5.00000000,3.00000000,15.00000000,4.00000000,7.42857143,6.92857143,7.85714286,2.37045304,2.75860293,14.00000000,6.00000000,7.00000000,train,True,aruna-juice-v4.0
2025-12-10,P004,Jus Pisang,4,5.00000000,6.00000000,7.00000000,3.00000000,7.00000000,5.00000000,5.14285714,4.50000000,4.75000000,1.34518542,1.69841555,5.00000000,4.00000000,6.00000000,train,True,aruna-juice-v4.0
2025-12-10,P005,Jus Nanas,17,16.00000000,17.00000000,14.00000000,18.00000000,21.00000000,18.00000000,14.71428571,16.21428571,16.32142857,3.94606495,3.51214533,16.00000000,17.00000000,12.00000000,train,True,aruna-juice-v4.0
2025-12-10,P006,Jus Melon,5,6.00000000,10.00000000,6.00000000,6.00000000,10.00000000,9.00000000,9.14285714,8.57142857,8.42857143,3.38765265,3.32159104,5.00000000,2.00000000,5.00000000,train,True,aruna-juice-v4.0
2025-12-10,P007,Jus Sirsak,16,16.00000000,13.00000000,23.00000000,14.00000000,17.00000000,20.00000000,16.42857143,17.85714286,17.21428571,4.11732692,4.84937970,21.00000000,22.00000000,12.00000000,train,True,aruna-juice-v4.0
2025-12-10,P008,Jus Alpukat,23,15.00000000,19.00000000,8.00000000,22.00000000,27.00000000,17.00000000,16.42857143,16.00000000,17.17857143,4.96175852,5.26234812,11.00000000,8.00000000,19.00000000,train,True,aruna-juice-v4.0
2025-12-10,P009,Jus Stroberi,23,22.00000000,20.00000000,19.00000000,27.00000000,12.00000000,16.00000000,18.14285714,18.78571429,17.00000000,5.39841247,5.02575783,12.00000000,16.00000000,18.00000000,train,True,aruna-juice-v4.0
2025-12-10,P010,Jus Jeruk,9,7.00000000,4.00000000,6.00000000,4.00000000,12.00000000,5.00000000,9.28571429,8.00000000,7.92857143,3.81725406,3.39683110,7.00000000,6.00000000,6.00000000,train,True,aruna-juice-v4.0
2025-12-10,P011,Jus Mangga,23,19.00000000,11.00000000,17.00000000,25.00000000,25.00000000,18.00000000,17.71428571,17.21428571,17.71428571,4.34796066,4.26395576,22.00000000,14.00000000,18.00000000,train,True,aruna-juice-v4.0
2025-12-11,P001,Jus Naga,10,9.00000000,7.00000000,12.00000000,8.00000000,4.00000000,9.00000000,7.85714286,9.00000000,8.42857143,3.02371578,2.54195564,5.00000000,10.00000000,5.00000000,train,True,aruna-juice-v4.0
2025-12-11,P002,Jus Semangka,13,4.00000000,7.00000000,8.00000000,6.00000000,5.00000000,8.00000000,7.14285714,6.57142857,6.03571429,2.91138978,2.92770022,6.00000000,2.00000000,7.00000000,train,True,aruna-juice-v4.0
2025-12-11,P003,Jus Jambu,14,6.00000000,6.00000000,7.00000000,12.00000000,7.00000000,5.00000000,7.71428571,7.42857143,8.17857143,3.03942350,3.34466937,6.00000000,7.00000000,10.00000000,train,True,aruna-juice-v4.0
2025-12-11,P004,Jus Pisang,5,4.00000000,5.00000000,6.00000000,6.00000000,2.00000000,4.00000000,5.00000000,4.71428571,4.78571429,1.29099445,1.54065777,4.00000000,6.00000000,2.00000000,train,True,aruna-juice-v4.0
2025-12-11,P005,Jus Nanas,16,17.00000000,16.00000000,17.00000000,19.00000000,15.00000000,20.00000000,14.28571429,16.28571429,16.17857143,3.54562104,3.49568022,17.00000000,12.00000000,19.00000000,train,True,aruna-juice-v4.0
2025-12-11,P006,Jus Melon,5,5.00000000,6.00000000,10.00000000,12.00000000,8.00000000,7.00000000,8.14285714,8.35714286,8.35714286,3.43649877,3.45536690,2.00000000,5.00000000,5.00000000,train,True,aruna-juice-v4.0
2025-12-11,P007,Jus Sirsak,21,16.00000000,16.00000000,13.00000000,14.00000000,19.00000000,18.00000000,17.42857143,18.00000000,17.32142857,4.27617987,4.91465626,22.00000000,12.00000000,12.00000000,train,True,aruna-juice-v4.0
2025-12-11,P008,Jus Alpukat,11,23.00000000,15.00000000,19.00000000,20.00000000,11.00000000,13.00000000,15.14285714,16.00000000,17.10714286,5.04739442,5.26234812,8.00000000,19.00000000,16.00000000,train,True,aruna-juice-v4.0
2025-12-11,P009,Jus Stroberi,12,23.00000000,22.00000000,20.00000000,20.00000000,16.00000000,16.00000000,17.00000000,18.50000000,16.85714286,5.77350269,5.30239423,16.00000000,18.00000000,17.00000000,train,True,aruna-juice-v4.0
2025-12-11,P010,Jus Jeruk,7,9.00000000,7.00000000,4.00000000,14.00000000,6.00000000,6.00000000,8.28571429,8.07142857,7.96428571,3.25137334,3.36187415,6.00000000,6.00000000,2.00000000,train,True,aruna-juice-v4.0
2025-12-11,P011,Jus Mangga,22,23.00000000,19.00000000,11.00000000,13.00000000,18.00000000,11.00000000,19.00000000,17.50000000,18.10714286,4.04145188,4.45058337,14.00000000,18.00000000,24.00000000,train,True,aruna-juice-v4.0
2025-12-12,P001,Jus Naga,5,10.00000000,9.00000000,7.00000000,4.00000000,10.00000000,10.00000000,8.00000000,8.64285714,8.25000000,2.82842712,2.73459722,10.00000000,5.00000000,9.00000000,train,True,aruna-juice-v4.0
2025-12-12,P002,Jus Semangka,6,13.00000000,4.00000000,7.00000000,5.00000000,2.00000000,7.00000000,7.28571429,6.85714286,6.00000000,2.81154084,2.62699427,2.00000000,7.00000000,5.00000000,train,True,aruna-juice-v4.0
2025-12-12,P003,Jus Jambu,6,14.00000000,6.00000000,6.00000000,9.00000000,6.00000000,10.00000000,7.28571429,7.42857143,8.03571429,3.03942350,3.34466937,7.00000000,10.00000000,3.00000000,train,True,aruna-juice-v4.0
2025-12-12,P004,Jus Pisang,4,5.00000000,4.00000000,5.00000000,3.00000000,1.00000000,3.00000000,5.14285714,4.92857143,4.82142857,1.06904497,1.14113882,6.00000000,2.00000000,5.00000000,train,True,aruna-juice-v4.0
2025-12-12,P005,Jus Nanas,17,16.00000000,17.00000000,16.00000000,7.00000000,20.00000000,17.00000000,15.71428571,16.07142857,16.17857143,1.60356745,3.33891474,12.00000000,19.00000000,22.00000000,train,True,aruna-juice-v4.0
2025-12-12,P006,Jus Melon,2,5.00000000,5.00000000,6.00000000,13.00000000,8.00000000,18.00000000,6.57142857,7.92857143,7.78571429,3.35942172,3.85235763,5.00000000,5.00000000,8.00000000,train,True,aruna-juice-v4.0
2025-12-12,P007,Jus Sirsak,22,21.00000000,16.00000000,16.00000000,12.00000000,23.00000000,17.00000000,18.85714286,17.92857143,17.50000000,3.80475892,4.84314402,12.00000000,12.00000000,23.00000000,train,True,aruna-juice-v4.0
2025-12-12,P008,Jus Alpukat,8,11.00000000,23.00000000,15.00000000,13.00000000,20.00000000,20.00000000,14.42857143,15.14285714,16.67857143,5.71130875,5.53113068,19.00000000,16.00000000,14.00000000,train,True,aruna-juice-v4.0
2025-12-12,P009,Jus Stroberi,16,12.00000000,23.00000000,22.00000000,7.00000000,20.00000000,19.00000000,18.28571429,18.21428571,16.75000000,3.86066858,5.32307851,18.00000000,17.00000000,19.00000000,train,True,aruna-juice-v4.0
2025-12-12,P010,Jus Jeruk,6,7.00000000,9.00000000,7.00000000,12.00000000,11.00000000,11.00000000,7.42857143,7.71428571,7.78571429,2.87849167,3.29168116,6.00000000,2.00000000,9.00000000,train,True,aruna-juice-v4.0
2025-12-12,P011,Jus Mangga,14,22.00000000,23.00000000,19.00000000,20.00000000,16.00000000,19.00000000,18.14285714,17.35714286,17.92857143,4.41318371,4.53375618,18.00000000,24.00000000,16.00000000,train,True,aruna-juice-v4.0
2025-12-13,P001,Jus Naga,10,5.00000000,10.00000000,9.00000000,4.00000000,9.00000000,5.00000000,8.85714286,8.71428571,8.42857143,2.26778684,2.75760686,5.00000000,9.00000000,4.00000000,train,True,aruna-juice-v4.0
2025-12-13,P002,Jus Semangka,2,6.00000000,13.00000000,4.00000000,6.00000000,12.00000000,6.00000000,6.71428571,6.14285714,5.85714286,3.45032780,2.47626092,7.00000000,5.00000000,4.00000000,train,True,aruna-juice-v4.0
2025-12-13,P003,Jus Jambu,7,6.00000000,14.00000000,6.00000000,7.00000000,6.00000000,8.00000000,7.28571429,7.50000000,8.00000000,3.03942350,3.32241803,10.00000000,3.00000000,7.00000000,train,True,aruna-juice-v4.0
2025-12-13,P004,Jus Pisang,6,4.00000000,5.00000000,4.00000000,5.00000000,6.00000000,2.00000000,5.28571429,4.92857143,4.96428571,1.11269728,1.14113882,2.00000000,5.00000000,6.00000000,train,True,aruna-juice-v4.0
2025-12-13,P005,Jus Nanas,12,17.00000000,16.00000000,17.00000000,13.00000000,19.00000000,20.00000000,15.57142857,15.57142857,15.89285714,1.90237946,3.39035477,19.00000000,22.00000000,17.00000000,train,True,aruna-juice-v4.0
2025-12-13,P006,Jus Melon,5,2.00000000,5.00000000,5.00000000,12.00000000,7.00000000,6.00000000,5.57142857,7.78571429,7.75000000,2.37045304,3.92582321,5.00000000,8.00000000,8.00000000,train,True,aruna-juice-v4.0
2025-12-13,P007,Jus Sirsak,12,22.00000000,21.00000000,16.00000000,21.00000000,14.00000000,14.00000000,17.57142857,17.78571429,17.42857143,4.42933941,4.99505250,12.00000000,23.00000000,12.00000000,train,True,aruna-juice-v4.0
2025-12-13,P008,Jus Alpukat,19,8.00000000,11.00000000,23.00000000,17.00000000,9.00000000,14.00000000,14.71428571,15.85714286,16.85714286,5.90802521,5.31843156,16.00000000,14.00000000,16.00000000,train,True,aruna-juice-v4.0
2025-12-13,P009,Jus Stroberi,18,16.00000000,12.00000000,23.00000000,16.00000000,14.00000000,11.00000000,18.57142857,18.50000000,17.00000000,3.73528860,5.18503765,17.00000000,19.00000000,18.00000000,train,True,aruna-juice-v4.0
2025-12-13,P010,Jus Jeruk,6,6.00000000,7.00000000,9.00000000,13.00000000,4.00000000,10.00000000,6.42857143,7.85714286,7.64285714,1.51185789,3.15880072,2.00000000,9.00000000,4.00000000,train,True,aruna-juice-v4.0
2025-12-13,P011,Jus Mangga,18,14.00000000,22.00000000,23.00000000,21.00000000,13.00000000,18.00000000,17.71428571,17.71428571,17.92857143,4.23140188,4.35763824,24.00000000,16.00000000,18.00000000,train,True,aruna-juice-v4.0
2025-12-14,P001,Jus Naga,5,10.00000000,5.00000000,10.00000000,9.00000000,10.00000000,10.00000000,8.28571429,8.35714286,8.25000000,2.69037084,2.89846492,9.00000000,4.00000000,10.00000000,train,True,aruna-juice-v4.0
2025-12-14,P002,Jus Semangka,7,2.00000000,6.00000000,13.00000000,7.00000000,6.00000000,6.00000000,6.71428571,6.21428571,5.89285714,3.45032780,2.48622579,5.00000000,4.00000000,8.00000000,train,True,aruna-juice-v4.0
2025-12-14,P003,Jus Jambu,10,7.00000000,6.00000000,14.00000000,5.00000000,4.00000000,3.00000000,8.00000000,7.92857143,8.25000000,3.00000000,3.22166430,3.00000000,7.00000000,10.00000000,train,True,aruna-juice-v4.0
2025-12-14,P004,Jus Pisang,2,6.00000000,4.00000000,5.00000000,7.00000000,5.00000000,4.00000000,4.57142857,4.71428571,4.89285714,1.39727626,1.38278267,5.00000000,6.00000000,7.00000000,train,True,aruna-juice-v4.0
2025-12-14,P005,Jus Nanas,19,12.00000000,17.00000000,16.00000000,14.00000000,16.00000000,15.00000000,16.28571429,15.78571429,16.03571429,2.13808994,3.51214533,22.00000000,17.00000000,13.00000000,train,True,aruna-juice-v4.0
2025-12-14,P006,Jus Melon,5,5.00000000,2.00000000,5.00000000,6.00000000,14.00000000,6.00000000,5.42857143,7.14285714,7.71428571,2.37045304,3.54871901,8.00000000,8.00000000,7.00000000,train,True,aruna-juice-v4.0
2025-12-14,P007,Jus Sirsak,12,12.00000000,22.00000000,21.00000000,23.00000000,29.00000000,17.00000000,16.00000000,16.57142857,17.25000000,4.12310563,4.03283229,23.00000000,12.00000000,17.00000000,train,True,aruna-juice-v4.0
2025-12-14,P008,Jus Alpukat,16,19.00000000,8.00000000,11.00000000,8.00000000,16.00000000,13.00000000,15.85714286,15.85714286,16.96428571,5.11300862,5.31843156,14.00000000,16.00000000,17.00000000,train,True,aruna-juice-v4.0
2025-12-14,P009,Jus Stroberi,17,18.00000000,16.00000000,12.00000000,19.00000000,14.00000000,14.00000000,18.28571429,18.71428571,17.10714286,3.77334006,5.04485376,19.00000000,18.00000000,11.00000000,train,True,aruna-juice-v4.0
2025-12-14,P010,Jus Jeruk,2,6.00000000,6.00000000,7.00000000,6.00000000,6.00000000,2.00000000,5.85714286,7.57142857,7.64285714,2.26778684,3.50196177,9.00000000,4.00000000,8.00000000,train,True,aruna-juice-v4.0
2025-12-14,P011,Jus Mangga,24,18.00000000,14.00000000,22.00000000,17.00000000,14.00000000,16.00000000,18.71428571,18.42857143,18.21428571,4.82059076,4.51858190,16.00000000,18.00000000,24.00000000,train,True,aruna-juice-v4.0
2025-12-15,P001,Jus Naga,9,5.00000000,10.00000000,5.00000000,12.00000000,11.00000000,13.00000000,7.85714286,8.21428571,8.10714286,2.19306266,2.80599828,4.00000000,10.00000000,2.00000000,train,True,aruna-juice-v4.0
2025-12-15,P002,Jus Semangka,5,7.00000000,2.00000000,6.00000000,8.00000000,6.00000000,2.00000000,6.28571429,6.14285714,6.00000000,3.45032780,2.50713268,4.00000000,8.00000000,7.00000000,train,True,aruna-juice-v4.0
2025-12-15,P003,Jus Jambu,3,10.00000000,7.00000000,6.00000000,7.00000000,6.00000000,9.00000000,7.42857143,7.71428571,8.03571429,3.55232989,3.45138927,7.00000000,10.00000000,12.00000000,train,True,aruna-juice-v4.0
2025-12-15,P004,Jus Pisang,5,2.00000000,6.00000000,4.00000000,6.00000000,5.00000000,7.00000000,4.42857143,4.71428571,4.82142857,1.27241802,1.38278267,6.00000000,7.00000000,5.00000000,train,True,aruna-juice-v4.0
2025-12-15,P005,Jus Nanas,22,19.00000000,12.00000000,17.00000000,17.00000000,15.00000000,14.00000000,17.00000000,16.28571429,16.32142857,3.05505046,3.87156441,17.00000000,13.00000000,16.00000000,train,True,aruna-juice-v4.0
2025-12-15,P006,Jus Melon,8,5.00000000,5.00000000,2.00000000,10.00000000,10.00000000,5.00000000,5.14285714,7.00000000,7.82142857,1.77281052,3.46410162,8.00000000,7.00000000,6.00000000,train,True,aruna-juice-v4.0
2025-12-15,P007,Jus Sirsak,23,12.00000000,12.00000000,22.00000000,13.00000000,16.00000000,14.00000000,17.42857143,17.07142857,17.57142857,4.61364436,4.37588296,12.00000000,17.00000000,10.00000000,train,True,aruna-juice-v4.0
2025-12-15,P008,Jus Alpukat,14,16.00000000,19.00000000,8.00000000,19.00000000,9.00000000,13.00000000,15.14285714,16.21428571,17.00000000,4.94734176,4.97962883,16.00000000,17.00000000,12.00000000,train,True,aruna-juice-v4.0
2025-12-15,P009,Jus Stroberi,19,17.00000000,18.00000000,16.00000000,20.00000000,23.00000000,19.00000000,18.14285714,18.42857143,17.10714286,3.71611676,4.89449118,18.00000000,11.00000000,15.00000000,train,True,aruna-juice-v4.0
2025-12-15,P010,Jus Jeruk,9,2.00000000,6.00000000,6.00000000,4.00000000,7.00000000,7.00000000,6.57142857,7.71428571,7.71428571,2.37045304,3.51761658,4.00000000,8.00000000,1.00000000,train,True,aruna-juice-v4.0
2025-12-15,P011,Jus Mangga,16,24.00000000,18.00000000,14.00000000,11.00000000,19.00000000,26.00000000,19.42857143,18.21428571,17.85714286,3.73528860,4.56034026,18.00000000,24.00000000,23.00000000,train,True,aruna-juice-v4.0
2025-12-16,P001,Jus Naga,4,9.00000000,5.00000000,10.00000000,7.00000000,11.00000000,9.00000000,7.42857143,7.71428571,7.92857143,2.63673680,2.89372189,10.00000000,2.00000000,6.00000000,train,True,aruna-juice-v4.0
2025-12-16,P002,Jus Semangka,4,5.00000000,7.00000000,2.00000000,7.00000000,6.00000000,6.00000000,5.85714286,6.00000000,5.92857143,3.53216513,2.57203900,8.00000000,7.00000000,7.00000000,train,True,aruna-juice-v4.0
2025-12-16,P003,Jus Jambu,7,3.00000000,10.00000000,7.00000000,6.00000000,13.00000000,9.00000000,7.57142857,7.28571429,7.96428571,3.50509833,3.09909593,10.00000000,12.00000000,10.00000000,train,True,aruna-juice-v4.0
2025-12-16,P004,Jus Pisang,6,5.00000000,2.00000000,6.00000000,5.00000000,5.00000000,7.00000000,4.57142857,4.78571429,4.78571429,1.39727626,1.42389344,7.00000000,5.00000000,7.00000000,train,True,aruna-juice-v4.0
2025-12-16,P005,Jus Nanas,17,22.00000000,19.00000000,12.00000000,16.00000000,21.00000000,20.00000000,17.14285714,16.00000000,16.21428571,3.02371578,3.63741244,13.00000000,16.00000000,15.00000000,train,True,aruna-juice-v4.0
2025-12-16,P006,Jus Melon,8,8.00000000,5.00000000,5.00000000,6.00000000,3.00000000,7.00000000,5.42857143,7.35714286,7.85714286,2.07019668,3.27242895,7.00000000,6.00000000,8.00000000,train,True,aruna-juice-v4.0
2025-12-16,P007,Jus Sirsak,12,23.00000000,12.00000000,12.00000000,16.00000000,20.00000000,16.00000000,16.85714286,16.50000000,17.42857143,5.04739442,4.48501779,17.00000000,10.00000000,26.00000000,train,True,aruna-juice-v4.0
2025-12-16,P008,Jus Alpukat,16,14.00000000,16.00000000,19.00000000,15.00000000,22.00000000,19.00000000,15.28571429,15.78571429,16.89285714,4.95695759,4.69334343,17.00000000,12.00000000,15.00000000,train,True,aruna-juice-v4.0
2025-12-16,P009,Jus Stroberi,18,19.00000000,17.00000000,18.00000000,22.00000000,22.00000000,9.00000000,17.57142857,18.14285714,17.42857143,3.30943816,4.78550926,11.00000000,15.00000000,13.00000000,train,True,aruna-juice-v4.0
2025-12-16,P010,Jus Jeruk,4,9.00000000,2.00000000,6.00000000,7.00000000,9.00000000,5.00000000,6.14285714,7.35714286,7.67857143,2.54483604,3.62909488,8.00000000,1.00000000,5.00000000,train,True,aruna-juice-v4.0
2025-12-16,P011,Jus Mangga,18,16.00000000,24.00000000,18.00000000,19.00000000,12.00000000,19.00000000,19.28571429,18.64285714,17.82142857,3.77334006,4.19903181,24.00000000,23.00000000,19.00000000,train,True,aruna-juice-v4.0
2025-12-17,P001,Jus Naga,10,4.00000000,9.00000000,5.00000000,9.00000000,12.00000000,9.00000000,7.57142857,7.57142857,7.96428571,2.76026224,2.70936512,2.00000000,6.00000000,10.00000000,train,True,aruna-juice-v4.0
2025-12-17,P002,Jus Semangka,8,4.00000000,5.00000000,7.00000000,4.00000000,4.00000000,4.00000000,6.42857143,6.28571429,6.07142857,3.50509833,2.55489188,7.00000000,7.00000000,6.00000000,train,True,aruna-juice-v4.0
2025-12-17,P003,Jus Jambu,10,7.00000000,3.00000000,10.00000000,6.00000000,3.00000000,7.00000000,8.14285714,7.78571429,8.07142857,3.53216513,2.91359074,12.00000000,10.00000000,11.00000000,train,True,aruna-juice-v4.0
2025-12-17,P004,Jus Pisang,7,6.00000000,5.00000000,2.00000000,4.00000000,3.00000000,2.00000000,5.00000000,5.07142857,4.96428571,1.63299316,1.43924583,5.00000000,7.00000000,5.00000000,train,True,aruna-juice-v4.0
2025-12-17,P005,Jus Nanas,13,17.00000000,22.00000000,19.00000000,17.00000000,18.00000000,15.00000000,16.57142857,15.64285714,16.14285714,3.40867241,3.67124257,16.00000000,15.00000000,13.00000000,train,True,aruna-juice-v4.0
2025-12-17,P006,Jus Melon,7,8.00000000,8.00000000,5.00000000,5.00000000,6.00000000,6.00000000,5.71428571,7.42857143,7.89285714,2.13808994,3.25137334,6.00000000,8.00000000,9.00000000,train,True,aruna-juice-v4.0
2025-12-17,P007,Jus Sirsak,17,12.00000000,23.00000000,12.00000000,16.00000000,14.00000000,19.00000000,17.00000000,16.71428571,17.35714286,5.03322296,4.42768513,10.00000000,26.00000000,20.00000000,train,True,aruna-juice-v4.0
2025-12-17,P008,Jus Alpukat,17,16.00000000,14.00000000,16.00000000,23.00000000,22.00000000,17.00000000,14.42857143,15.42857143,16.89285714,3.77964473,4.36267888,12.00000000,15.00000000,15.00000000,train,True,aruna-juice-v4.0
2025-12-17,P009,Jus Stroberi,11,18.00000000,19.00000000,17.00000000,23.00000000,27.00000000,22.00000000,15.85714286,17.00000000,17.03571429,3.13201593,4.40279631,15.00000000,13.00000000,12.00000000,train,True,aruna-juice-v4.0
2025-12-17,P010,Jus Jeruk,8,4.00000000,9.00000000,2.00000000,9.00000000,4.00000000,9.00000000,6.00000000,7.64285714,7.64285714,2.38047614,3.49960751,1.00000000,5.00000000,7.00000000,train,True,aruna-juice-v4.0
2025-12-17,P011,Jus Mangga,24,18.00000000,16.00000000,24.00000000,23.00000000,25.00000000,10.00000000,19.42857143,18.57142857,18.32142857,3.95209408,4.08965460,23.00000000,19.00000000,10.00000000,train,True,aruna-juice-v4.0
2025-12-18,P001,Jus Naga,2,10.00000000,4.00000000,9.00000000,10.00000000,8.00000000,5.00000000,6.42857143,7.14285714,7.85714286,3.20713490,3.08487982,6.00000000,10.00000000,10.00000000,train,True,aruna-juice-v4.0
2025-12-18,P002,Jus Semangka,7,8.00000000,4.00000000,5.00000000,13.00000000,6.00000000,4.00000000,5.57142857,6.35714286,6.17857143,2.07019668,2.56026269,7.00000000,6.00000000,6.00000000,train,True,aruna-juice-v4.0
2025-12-18,P003,Jus Jambu,12,10.00000000,7.00000000,3.00000000,14.00000000,12.00000000,9.00000000,7.85714286,7.78571429,8.17857143,3.02371578,2.91359074,10.00000000,11.00000000,8.00000000,train,True,aruna-juice-v4.0
2025-12-18,P004,Jus Pisang,5,7.00000000,6.00000000,5.00000000,5.00000000,6.00000000,5.00000000,5.00000000,5.00000000,4.96428571,1.63299316,1.41421356,7.00000000,5.00000000,4.00000000,train,True,aruna-juice-v4.0
2025-12-18,P005,Jus Nanas,16,13.00000000,17.00000000,22.00000000,16.00000000,19.00000000,16.00000000,16.57142857,15.42857143,16.14285714,3.40867241,3.54562104,15.00000000,13.00000000,17.00000000,train,True,aruna-juice-v4.0
2025-12-18,P006,Jus Melon,6,7.00000000,8.00000000,8.00000000,5.00000000,12.00000000,8.00000000,5.85714286,7.00000000,7.82142857,2.11570094,2.98715198,8.00000000,9.00000000,9.00000000,train,True,aruna-juice-v4.0
2025-12-18,P007,Jus Sirsak,10,17.00000000,12.00000000,23.00000000,21.00000000,14.00000000,19.00000000,15.42857143,16.42857143,17.03571429,5.28700113,4.73472094,26.00000000,20.00000000,11.00000000,train,True,aruna-juice-v4.0
2025-12-18,P008,Jus Alpukat,12,17.00000000,16.00000000,14.00000000,11.00000000,20.00000000,21.00000000,14.57142857,14.85714286,16.57142857,3.64495738,4.24004976,15.00000000,15.00000000,14.00000000,train,True,aruna-juice-v4.0
2025-12-18,P009,Jus Stroberi,15,11.00000000,18.00000000,19.00000000,12.00000000,20.00000000,10.00000000,16.28571429,16.64285714,17.21428571,2.69037084,4.34311379,13.00000000,12.00000000,18.00000000,train,True,aruna-juice-v4.0
2025-12-18,P010,Jus Jeruk,1,8.00000000,4.00000000,9.00000000,7.00000000,14.00000000,10.00000000,5.14285714,6.71428571,7.32142857,2.96808420,3.40652251,5.00000000,7.00000000,5.00000000,train,True,aruna-juice-v4.0
2025-12-18,P011,Jus Mangga,23,24.00000000,18.00000000,16.00000000,22.00000000,13.00000000,22.00000000,19.57142857,19.28571429,18.35714286,4.07664661,3.91110001,19.00000000,10.00000000,17.00000000,train,True,aruna-juice-v4.0
2025-12-19,P001,Jus Naga,6,2.00000000,10.00000000,4.00000000,5.00000000,4.00000000,7.00000000,6.57142857,7.28571429,7.82142857,3.15473944,2.97240052,10.00000000,10.00000000,12.00000000,train,True,aruna-juice-v4.0
2025-12-19,P002,Jus Semangka,7,7.00000000,8.00000000,4.00000000,6.00000000,5.00000000,9.00000000,5.71428571,6.50000000,6.10714286,2.13808994,2.53437900,6.00000000,6.00000000,3.00000000,train,True,aruna-juice-v4.0
2025-12-19,P003,Jus Jambu,10,12.00000000,10.00000000,7.00000000,6.00000000,9.00000000,10.00000000,8.42857143,7.85714286,8.17857143,2.99205297,2.95757548,11.00000000,8.00000000,5.00000000,train,True,aruna-juice-v4.0
2025-12-19,P004,Jus Pisang,7,5.00000000,7.00000000,6.00000000,4.00000000,3.00000000,3.00000000,5.42857143,5.28571429,5.10714286,1.71824939,1.38278267,5.00000000,4.00000000,3.00000000,train,True,aruna-juice-v4.0
2025-12-19,P005,Jus Nanas,15,16.00000000,13.00000000,17.00000000,17.00000000,7.00000000,12.00000000,16.28571429,16.00000000,16.25000000,3.45032780,2.60177454,13.00000000,17.00000000,18.00000000,train,True,aruna-juice-v4.0
2025-12-19,P006,Jus Melon,8,6.00000000,7.00000000,8.00000000,2.00000000,13.00000000,8.00000000,6.71428571,6.64285714,7.82142857,1.38013112,2.46848265,9.00000000,9.00000000,4.00000000,train,True,aruna-juice-v4.0
2025-12-19,P007,Jus Sirsak,26,10.00000000,17.00000000,12.00000000,22.00000000,12.00000000,18.00000000,16.00000000,17.42857143,17.32142857,6.24499800,5.18450778,20.00000000,11.00000000,19.00000000,train,True,aruna-juice-v4.0
2025-12-19,P008,Jus Alpukat,15,12.00000000,17.00000000,16.00000000,8.00000000,13.00000000,17.00000000,15.57142857,15.00000000,16.50000000,2.22539456,4.20622250,15.00000000,14.00000000,24.00000000,train,True,aruna-juice-v4.0
2025-12-19,P009,Jus Stroberi,13,15.00000000,11.00000000,18.00000000,16.00000000,7.00000000,17.00000000,15.85714286,17.07142857,17.07142857,2.96808420,3.54019308,12.00000000,18.00000000,15.00000000,train,True,aruna-juice-v4.0
2025-12-19,P010,Jus Jeruk,5,1.00000000,8.00000000,4.00000000,6.00000000,12.00000000,9.00000000,5.00000000,6.21428571,7.17857143,2.94392029,3.06791263,7.00000000,5.00000000,5.00000000,train,True,aruna-juice-v4.0
2025-12-19,P011,Jus Mangga,19,23.00000000,24.00000000,18.00000000,14.00000000,20.00000000,18.00000000,20.28571429,19.21428571,18.39285714,3.30223589,3.90617994,10.00000000,17.00000000,18.00000000,train,True,aruna-juice-v4.0
2025-12-20,P001,Jus Naga,10,6.00000000,2.00000000,10.00000000,10.00000000,4.00000000,8.00000000,6.57142857,7.71428571,7.89285714,3.15473944,2.89372189,10.00000000,12.00000000,12.00000000,train,True,aruna-juice-v4.0
2025-12-20,P002,Jus Semangka,6,7.00000000,7.00000000,8.00000000,2.00000000,6.00000000,5.00000000,6.28571429,6.50000000,6.14285714,1.38013112,2.53437900,6.00000000,3.00000000,7.00000000,train,True,aruna-juice-v4.0
2025-12-20,P003,Jus Jambu,11,10.00000000,12.00000000,10.00000000,7.00000000,7.00000000,12.00000000,9.00000000,8.14285714,8.14285714,3.05505046,3.05984270,8.00000000,5.00000000,9.00000000,train,True,aruna-juice-v4.0
2025-12-20,P004,Jus Pisang,5,7.00000000,5.00000000,7.00000000,6.00000000,5.00000000,8.00000000,5.28571429,5.28571429,5.00000000,1.70433621,1.38278267,4.00000000,3.00000000,13.00000000,train,True,aruna-juice-v4.0
2025-12-20,P005,Jus Nanas,13,15.00000000,16.00000000,13.00000000,12.00000000,13.00000000,14.00000000,16.42857143,16.00000000,16.21428571,3.25868802,2.60177454,17.00000000,18.00000000,20.00000000,train,True,aruna-juice-v4.0
2025-12-20,P006,Jus Melon,9,8.00000000,6.00000000,7.00000000,5.00000000,12.00000000,9.00000000,7.28571429,6.42857143,7.82142857,1.38013112,2.06488166,9.00000000,4.00000000,5.00000000,train,True,aruna-juice-v4.0
2025-12-20,P007,Jus Sirsak,20,26.00000000,10.00000000,17.00000000,12.00000000,21.00000000,13.00000000,17.14285714,17.35714286,17.57142857,6.12178001,5.13819997,11.00000000,19.00000000,17.00000000,train,True,aruna-juice-v4.0
2025-12-20,P008,Jus Alpukat,15,15.00000000,12.00000000,17.00000000,19.00000000,17.00000000,21.00000000,15.00000000,14.85714286,16.28571429,1.63299316,4.16684981,14.00000000,24.00000000,17.00000000,train,True,aruna-juice-v4.0
2025-12-20,P009,Jus Stroberi,12,13.00000000,15.00000000,11.00000000,18.00000000,16.00000000,8.00000000,15.00000000,16.78571429,17.21428571,3.10912635,3.78618077,18.00000000,15.00000000,13.00000000,train,True,aruna-juice-v4.0
2025-12-20,P010,Jus Jeruk,7,5.00000000,1.00000000,8.00000000,6.00000000,13.00000000,4.00000000,5.14285714,5.78571429,7.28571429,3.02371578,2.39160620,5.00000000,5.00000000,4.00000000,train,True,aruna-juice-v4.0
2025-12-20,P011,Jus Mangga,10,19.00000000,23.00000000,24.00000000,18.00000000,21.00000000,18.00000000,19.14285714,18.42857143,18.10714286,5.11300862,4.56936767,17.00000000,18.00000000,18.00000000,train,True,aruna-juice-v4.0
2025-12-21,P001,Jus Naga,10,10.00000000,6.00000000,2.00000000,5.00000000,9.00000000,8.00000000,7.28571429,7.78571429,7.96428571,3.30223589,2.93987366,12.00000000,12.00000000,12.00000000,train,True,aruna-juice-v4.0
2025-12-21,P002,Jus Semangka,6,6.00000000,7.00000000,7.00000000,7.00000000,7.00000000,3.00000000,6.14285714,6.42857143,6.25000000,1.34518542,2.53329478,3.00000000,7.00000000,9.00000000,train,True,aruna-juice-v4.0
2025-12-21,P003,Jus Jambu,8,11.00000000,10.00000000,12.00000000,10.00000000,5.00000000,7.00000000,8.71428571,8.35714286,8.17857143,3.03942350,2.92488377,5.00000000,9.00000000,11.00000000,train,True,aruna-juice-v4.0
2025-12-21,P004,Jus Pisang,4,5.00000000,7.00000000,5.00000000,2.00000000,7.00000000,9.00000000,5.57142857,5.07142857,4.82142857,1.13389342,1.32805733,3.00000000,13.00000000,7.00000000,train,True,aruna-juice-v4.0
2025-12-21,P005,Jus Nanas,17,13.00000000,15.00000000,16.00000000,19.00000000,14.00000000,18.00000000,16.14285714,16.21428571,16.17857143,3.07834216,2.54735372,18.00000000,20.00000000,16.00000000,train,True,aruna-juice-v4.0
2025-12-21,P006,Jus Melon,9,9.00000000,8.00000000,6.00000000,5.00000000,6.00000000,7.00000000,7.85714286,6.64285714,7.89285714,1.06904497,2.16997493,4.00000000,5.00000000,6.00000000,train,True,aruna-juice-v4.0
2025-12-21,P007,Jus Sirsak,11,20.00000000,26.00000000,10.00000000,12.00000000,23.00000000,15.00000000,17.00000000,16.50000000,17.42857143,6.27162924,5.12535177,19.00000000,17.00000000,12.00000000,train,True,aruna-juice-v4.0
2025-12-21,P008,Jus Alpukat,14,15.00000000,15.00000000,12.00000000,16.00000000,8.00000000,17.00000000,14.71428571,15.28571429,16.17857143,1.60356745,3.68841370,24.00000000,17.00000000,19.00000000,train,True,aruna-juice-v4.0
2025-12-21,P009,Jus Stroberi,18,12.00000000,13.00000000,15.00000000,17.00000000,19.00000000,17.00000000,15.14285714,16.71428571,17.25000000,3.23669437,3.75045785,15.00000000,13.00000000,18.00000000,train,True,aruna-juice-v4.0
2025-12-21,P010,Jus Jeruk,5,7.00000000,5.00000000,1.00000000,2.00000000,6.00000000,9.00000000,5.57142857,5.71428571,7.14285714,2.69920623,2.39963367,5.00000000,4.00000000,8.00000000,train,True,aruna-juice-v4.0
2025-12-21,P011,Jus Mangga,17,10.00000000,19.00000000,23.00000000,24.00000000,17.00000000,24.00000000,18.14285714,18.42857143,17.85714286,4.67006679,4.56936767,18.00000000,18.00000000,28.00000000,train,True,aruna-juice-v4.0
2025-12-22,P001,Jus Naga,12,10.00000000,10.00000000,6.00000000,9.00000000,12.00000000,4.00000000,7.71428571,7.78571429,8.25000000,3.72890894,2.93987366,12.00000000,12.00000000,8.00000000,train,True,aruna-juice-v4.0
2025-12-22,P002,Jus Semangka,3,6.00000000,6.00000000,7.00000000,5.00000000,8.00000000,7.00000000,5.85714286,6.07142857,6.10714286,1.77281052,2.64471274,7.00000000,9.00000000,1.00000000,train,True,aruna-juice-v4.0
2025-12-22,P003,Jus Jambu,5,8.00000000,11.00000000,10.00000000,3.00000000,7.00000000,10.00000000,9.00000000,8.21428571,8.00000000,2.44948974,3.04273590,9.00000000,11.00000000,10.00000000,train,True,aruna-juice-v4.0
2025-12-22,P004,Jus Pisang,3,4.00000000,5.00000000,7.00000000,5.00000000,6.00000000,4.00000000,5.28571429,4.85714286,4.78571429,1.49602648,1.40642169,13.00000000,7.00000000,5.00000000,train,True,aruna-juice-v4.0
2025-12-22,P005,Jus Nanas,18,17.00000000,13.00000000,15.00000000,22.00000000,17.00000000,11.00000000,15.57142857,16.28571429,16.42857143,1.98805959,2.58482469,20.00000000,16.00000000,10.00000000,train,True,aruna-juice-v4.0
2025-12-22,P006,Jus Melon,4,9.00000000,9.00000000,8.00000000,8.00000000,10.00000000,9.00000000,7.28571429,6.21428571,7.71428571,1.79947082,2.04482730,5.00000000,6.00000000,4.00000000,train,True,aruna-juice-v4.0
2025-12-22,P007,Jus Sirsak,19,11.00000000,20.00000000,26.00000000,23.00000000,13.00000000,20.00000000,16.42857143,16.92857143,17.39285714,5.79819348,5.06062151,17.00000000,12.00000000,16.00000000,train,True,aruna-juice-v4.0
2025-12-22,P008,Jus Alpukat,24,14.00000000,15.00000000,15.00000000,14.00000000,19.00000000,21.00000000,16.14285714,15.64285714,16.28571429,3.80475892,4.27168032,17.00000000,19.00000000,17.00000000,train,True,aruna-juice-v4.0
2025-12-22,P009,Jus Stroberi,15,18.00000000,12.00000000,13.00000000,19.00000000,20.00000000,11.00000000,14.57142857,16.35714286,17.39285714,2.76026224,3.65022956,13.00000000,18.00000000,15.00000000,train,True,aruna-juice-v4.0
2025-12-22,P010,Jus Jeruk,5,5.00000000,7.00000000,5.00000000,9.00000000,4.00000000,3.00000000,5.00000000,5.78571429,7.21428571,2.23606798,2.35922319,4.00000000,8.00000000,5.00000000,train,True,aruna-juice-v4.0
2025-12-22,P011,Jus Mangga,18,17.00000000,10.00000000,19.00000000,16.00000000,11.00000000,15.00000000,18.42857143,18.92857143,17.96428571,4.57737708,4.04711266,18.00000000,28.00000000,23.00000000,train,True,aruna-juice-v4.0
2025-12-23,P001,Jus Naga,12,12.00000000,10.00000000,10.00000000,4.00000000,7.00000000,10.00000000,8.85714286,8.14285714,8.32142857,3.62530787,3.13435413,12.00000000,8.00000000,5.00000000,train,True,aruna-juice-v4.0
2025-12-23,P002,Jus Semangka,7,3.00000000,6.00000000,6.00000000,4.00000000,7.00000000,5.00000000,6.28571429,6.07142857,6.17857143,1.60356745,2.64471274,9.00000000,1.00000000,5.00000000,train,True,aruna-juice-v4.0
2025-12-23,P003,Jus Jambu,9,5.00000000,8.00000000,11.00000000,7.00000000,6.00000000,9.00000000,9.28571429,8.42857143,8.00000000,2.28868854,2.97978537,11.00000000,10.00000000,7.00000000,train,True,aruna-juice-v4.0
2025-12-23,P004,Jus Pisang,13,3.00000000,4.00000000,5.00000000,6.00000000,5.00000000,5.00000000,6.28571429,5.42857143,5.07142857,3.30223589,2.59331346,7.00000000,5.00000000,3.00000000,train,True,aruna-juice-v4.0
2025-12-23,P005,Jus Nanas,20,18.00000000,17.00000000,13.00000000,17.00000000,16.00000000,17.00000000,16.00000000,16.57142857,16.53571429,2.58198890,2.76556534,16.00000000,10.00000000,12.00000000,train,True,aruna-juice-v4.0
2025-12-23,P006,Jus Melon,5,4.00000000,9.00000000,9.00000000,8.00000000,6.00000000,10.00000000,6.85714286,6.14285714,7.53571429,1.95180015,2.07019668,6.00000000,4.00000000,9.00000000,train,True,aruna-juice-v4.0
2025-12-23,P007,Jus Sirsak,17,19.00000000,11.00000000,20.00000000,12.00000000,16.00000000,15.00000000,17.14285714,17.00000000,17.46428571,5.45980987,5.05355929,12.00000000,16.00000000,13.00000000,train,True,aruna-juice-v4.0
2025-12-23,P008,Jus Alpukat,17,24.00000000,14.00000000,15.00000000,16.00000000,15.00000000,24.00000000,16.28571429,15.78571429,16.03571429,3.81725406,4.28195806,19.00000000,17.00000000,15.00000000,train,True,aruna-juice-v4.0
2025-12-23,P009,Jus Stroberi,13,15.00000000,18.00000000,12.00000000,18.00000000,22.00000000,28.00000000,13.85714286,15.71428571,16.85714286,2.34012617,3.36105687,18.00000000,15.00000000,21.00000000,train,True,aruna-juice-v4.0
2025-12-23,P010,Jus Jeruk,4,5.00000000,5.00000000,7.00000000,4.00000000,7.00000000,13.00000000,5.00000000,5.57142857,6.89285714,2.23606798,2.37662611,8.00000000,5.00000000,7.00000000,train,True,aruna-juice-v4.0
2025-12-23,P011,Jus Mangga,18,18.00000000,17.00000000,10.00000000,18.00000000,19.00000000,14.00000000,18.42857143,18.85714286,18.10714286,4.57737708,4.05457278,28.00000000,23.00000000,10.00000000,train,True,aruna-juice-v4.0
2025-12-24,P001,Jus Naga,12,12.00000000,12.00000000,10.00000000,10.00000000,9.00000000,8.00000000,9.14285714,8.35714286,8.46428571,3.80475892,3.29585154,8.00000000,5.00000000,6.00000000,train,True,aruna-juice-v4.0
2025-12-24,P002,Jus Semangka,9,7.00000000,3.00000000,6.00000000,8.00000000,4.00000000,8.00000000,6.42857143,6.42857143,6.21428571,1.81265393,2.68082323,1.00000000,5.00000000,9.00000000,train,True,aruna-juice-v4.0
2025-12-24,P003,Jus Jambu,11,9.00000000,5.00000000,8.00000000,10.00000000,6.00000000,15.00000000,9.42857143,8.78571429,7.85714286,2.37045304,2.96592368,10.00000000,7.00000000,4.00000000,train,True,aruna-juice-v4.0
2025-12-24,P004,Jus Pisang,7,13.00000000,3.00000000,4.00000000,7.00000000,4.00000000,7.00000000,6.28571429,5.64285714,5.07142857,3.30223589,2.59013343,5.00000000,3.00000000,3.00000000,train,True,aruna-juice-v4.0
2025-12-24,P005,Jus Nanas,16,20.00000000,18.00000000,17.00000000,13.00000000,17.00000000,21.00000000,16.42857143,16.50000000,16.35714286,2.22539456,2.76655854,10.00000000,12.00000000,13.00000000,train,True,aruna-juice-v4.0
2025-12-24,P006,Jus Melon,6,5.00000000,4.00000000,9.00000000,7.00000000,5.00000000,10.00000000,6.71428571,6.21428571,7.39285714,1.97604704,2.04482730,4.00000000,9.00000000,4.00000000,train,True,aruna-juice-v4.0
2025-12-24,P007,Jus Sirsak,12,17.00000000,19.00000000,11.00000000,17.00000000,16.00000000,17.00000000,16.42857143,16.71428571,17.28571429,5.79819348,5.22462470,16.00000000,13.00000000,13.00000000,train,True,aruna-juice-v4.0
2025-12-24,P008,Jus Alpukat,19,17.00000000,24.00000000,14.00000000,17.00000000,23.00000000,27.00000000,16.57142857,15.50000000,15.75000000,3.95209408,3.87794553,17.00000000,15.00000000,13.00000000,train,True,aruna-juice-v4.0
2025-12-24,P009,Jus Stroberi,18,13.00000000,15.00000000,18.00000000,11.00000000,23.00000000,12.00000000,14.85714286,15.35714286,17.07142857,2.41029538,2.73459722,15.00000000,21.00000000,14.00000000,train,True,aruna-juice-v4.0
2025-12-24,P010,Jus Jeruk,8,4.00000000,5.00000000,5.00000000,8.00000000,9.00000000,12.00000000,5.00000000,5.50000000,6.75000000,2.23606798,2.27866358,5.00000000,7.00000000,7.00000000,train,True,aruna-juice-v4.0
2025-12-24,P011,Jus Mangga,28,18.00000000,18.00000000,17.00000000,24.00000000,23.00000000,25.00000000,19.00000000,19.21428571,18.21428571,5.53774924,4.62731973,23.00000000,10.00000000,19.00000000,train,True,aruna-juice-v4.0
2025-12-25,P001,Jus Naga,8,12.00000000,12.00000000,12.00000000,2.00000000,10.00000000,4.00000000,10.00000000,8.21428571,8.60714286,2.30940108,3.26233921,5.00000000,6.00000000,6.00000000,train,True,aruna-juice-v4.0
2025-12-25,P002,Jus Semangka,1,9.00000000,7.00000000,3.00000000,7.00000000,13.00000000,5.00000000,5.57142857,5.57142857,6.07142857,2.69920623,2.31098666,5.00000000,9.00000000,8.00000000,train,True,aruna-juice-v4.0
2025-12-25,P003,Jus Jambu,10,11.00000000,9.00000000,5.00000000,12.00000000,14.00000000,7.00000000,9.14285714,8.50000000,7.96428571,2.11570094,2.59437261,7.00000000,4.00000000,5.00000000,train,True,aruna-juice-v4.0
2025-12-25,P004,Jus Pisang,5,7.00000000,13.00000000,3.00000000,5.00000000,5.00000000,2.00000000,6.28571429,5.64285714,5.17857143,3.30223589,2.59013343,3.00000000,3.00000000,5.00000000,train,True,aruna-juice-v4.0
2025-12-25,P005,Jus Nanas,10,16.00000000,20.00000000,18.00000000,16.00000000,16.00000000,15.00000000,15.57142857,16.07142857,16.17857143,3.30943816,3.26906916,12.00000000,13.00000000,10.00000000,train,True,aruna-juice-v4.0
2025-12-25,P006,Jus Melon,4,6.00000000,5.00000000,4.00000000,6.00000000,5.00000000,8.00000000,6.42857143,6.14285714,7.25000000,2.22539456,2.10702644,9.00000000,4.00000000,6.00000000,train,True,aruna-juice-v4.0
2025-12-25,P007,Jus Sirsak,16,12.00000000,17.00000000,19.00000000,10.00000000,21.00000000,19.00000000,17.28571429,16.35714286,17.17857143,5.08967208,5.07796360,13.00000000,13.00000000,13.00000000,train,True,aruna-juice-v4.0
2025-12-25,P008,Jus Alpukat,17,19.00000000,17.00000000,24.00000000,12.00000000,11.00000000,11.00000000,17.28571429,15.92857143,15.96428571,3.40168026,3.66824808,15.00000000,13.00000000,14.00000000,train,True,aruna-juice-v4.0
2025-12-25,P009,Jus Stroberi,15,18.00000000,13.00000000,15.00000000,15.00000000,12.00000000,16.00000000,14.85714286,15.57142857,17.03571429,2.41029538,2.56347978,21.00000000,14.00000000,12.00000000,train,True,aruna-juice-v4.0
2025-12-25,P010,Jus Jeruk,5,8.00000000,4.00000000,5.00000000,1.00000000,7.00000000,6.00000000,5.57142857,5.35714286,6.71428571,1.39727626,2.23975077,7.00000000,7.00000000,10.00000000,train,True,aruna-juice-v4.0
2025-12-25,P011,Jus Mangga,23,28.00000000,18.00000000,18.00000000,23.00000000,22.00000000,18.00000000,19.00000000,19.28571429,18.39285714,5.53774924,4.68103492,10.00000000,19.00000000,12.00000000,train,True,aruna-juice-v4.0
2025-12-26,P001,Jus Naga,5,8.00000000,12.00000000,12.00000000,6.00000000,5.00000000,10.00000000,9.85714286,8.21428571,8.42857143,2.60950643,3.26233921,6.00000000,6.00000000,7.00000000,train,True,aruna-juice-v4.0
2025-12-26,P002,Jus Semangka,5,1.00000000,9.00000000,7.00000000,7.00000000,6.00000000,2.00000000,5.28571429,5.50000000,6.17857143,2.62769136,2.31217513,9.00000000,8.00000000,6.00000000,train,True,aruna-juice-v4.0
2025-12-26,P003,Jus Jambu,7,10.00000000,11.00000000,9.00000000,10.00000000,6.00000000,6.00000000,8.71428571,8.57142857,8.00000000,2.21466971,2.53329478,4.00000000,5.00000000,2.00000000,train,True,aruna-juice-v4.0
2025-12-26,P004,Jus Pisang,3,5.00000000,7.00000000,13.00000000,7.00000000,4.00000000,1.00000000,5.71428571,5.57142857,5.25000000,3.49829891,2.65197418,3.00000000,5.00000000,6.00000000,train,True,aruna-juice-v4.0
2025-12-26,P005,Jus Nanas,12,10.00000000,16.00000000,20.00000000,15.00000000,17.00000000,20.00000000,15.14285714,15.71428571,15.89285714,3.57903951,3.42902927,13.00000000,10.00000000,13.00000000,train,True,aruna-juice-v4.0
2025-12-26,P006,Jus Melon,9,4.00000000,6.00000000,5.00000000,8.00000000,2.00000000,8.00000000,6.57142857,6.64285714,7.28571429,2.37045304,1.86494557,4.00000000,6.00000000,9.00000000,train,True,aruna-juice-v4.0
2025-12-26,P007,Jus Sirsak,13,16.00000000,12.00000000,17.00000000,26.00000000,22.00000000,23.00000000,15.42857143,15.71428571,16.82142857,3.50509833,4.87424269,13.00000000,13.00000000,17.00000000,train,True,aruna-juice-v4.0
2025-12-26,P008,Jus Alpukat,15,17.00000000,19.00000000,17.00000000,15.00000000,8.00000000,20.00000000,17.28571429,16.42857143,15.78571429,3.40168026,2.90130702,13.00000000,14.00000000,16.00000000,train,True,aruna-juice-v4.0
2025-12-26,P009,Jus Stroberi,21,15.00000000,18.00000000,13.00000000,13.00000000,16.00000000,20.00000000,16.00000000,15.92857143,17.07142857,3.16227766,2.94734002,14.00000000,12.00000000,15.00000000,train,True,aruna-juice-v4.0
2025-12-26,P010,Jus Jeruk,7,5.00000000,8.00000000,4.00000000,5.00000000,6.00000000,11.00000000,5.85714286,5.42857143,6.57142857,1.46385011,2.27745761,7.00000000,10.00000000,8.00000000,train,True,aruna-juice-v4.0
2025-12-26,P011,Jus Mangga,10,23.00000000,28.00000000,18.00000000,19.00000000,14.00000000,16.00000000,17.71428571,19.00000000,18.17857143,6.49908418,5.12910249,19.00000000,12.00000000,20.00000000,train,True,aruna-juice-v4.0
2025-12-27,P001,Jus Naga,6,5.00000000,8.00000000,12.00000000,10.00000000,10.00000000,9.00000000,9.28571429,7.92857143,8.32142857,2.98408477,3.26906916,6.00000000,7.00000000,9.00000000,train,True,aruna-juice-v4.0
2025-12-27,P002,Jus Semangka,9,5.00000000,1.00000000,9.00000000,6.00000000,2.00000000,12.00000000,5.71428571,6.00000000,6.07142857,2.98408477,2.25320285,8.00000000,6.00000000,10.00000000,train,True,aruna-juice-v4.0
2025-12-27,P003,Jus Jambu,4,7.00000000,10.00000000,11.00000000,11.00000000,7.00000000,6.00000000,7.71428571,8.35714286,7.92857143,2.56347978,2.79028928,5.00000000,2.00000000,7.00000000,train,True,aruna-juice-v4.0
2025-12-27,P004,Jus Pisang,3,3.00000000,5.00000000,7.00000000,5.00000000,6.00000000,6.00000000,5.42857143,5.35714286,5.14285714,3.64495738,2.73459722,5.00000000,6.00000000,5.00000000,train,True,aruna-juice-v4.0
2025-12-27,P005,Jus Nanas,13,12.00000000,10.00000000,16.00000000,13.00000000,12.00000000,19.00000000,15.14285714,15.78571429,15.67857143,3.57903951,3.35533035,10.00000000,13.00000000,13.00000000,train,True,aruna-juice-v4.0
2025-12-27,P006,Jus Melon,4,9.00000000,4.00000000,6.00000000,9.00000000,5.00000000,7.00000000,5.85714286,6.57142857,7.17857143,2.26778684,1.94992251,6.00000000,9.00000000,10.00000000,train,True,aruna-juice-v4.0
2025-12-27,P007,Jus Sirsak,13,13.00000000,16.00000000,12.00000000,20.00000000,12.00000000,14.00000000,14.42857143,15.78571429,16.78571429,2.93582146,4.82267994,13.00000000,17.00000000,27.00000000,train,True,aruna-juice-v4.0
2025-12-27,P008,Jus Alpukat,13,15.00000000,17.00000000,19.00000000,15.00000000,19.00000000,9.00000000,17.00000000,16.00000000,15.92857143,3.69684550,2.93519754,14.00000000,16.00000000,16.00000000,train,True,aruna-juice-v4.0
2025-12-27,P009,Jus Stroberi,14,21.00000000,15.00000000,18.00000000,12.00000000,18.00000000,14.00000000,16.28571429,15.64285714,17.07142857,2.81154084,2.92488377,12.00000000,15.00000000,20.00000000,train,True,aruna-juice-v4.0
2025-12-27,P010,Jus Jeruk,7,7.00000000,5.00000000,8.00000000,7.00000000,6.00000000,4.00000000,5.85714286,5.50000000,6.67857143,1.46385011,2.31217513,10.00000000,8.00000000,5.00000000,train,True,aruna-juice-v4.0
2025-12-27,P011,Jus Mangga,19,10.00000000,23.00000000,28.00000000,10.00000000,18.00000000,13.00000000,19.00000000,19.07142857,18.39285714,5.53774924,5.12106187,12.00000000,20.00000000,15.00000000,train,True,aruna-juice-v4.0
2025-12-28,P001,Jus Naga,6,6.00000000,5.00000000,8.00000000,10.00000000,5.00000000,10.00000000,8.71428571,8.00000000,8.17857143,3.19970237,3.21055950,7.00000000,9.00000000,6.00000000,train,True,aruna-juice-v4.0
2025-12-28,P002,Jus Semangka,8,9.00000000,5.00000000,1.00000000,6.00000000,7.00000000,6.00000000,6.00000000,6.07142857,6.14285714,3.10912635,2.30265017,6.00000000,10.00000000,4.00000000,train,True,aruna-juice-v4.0
2025-12-28,P003,Jus Jambu,5,4.00000000,7.00000000,10.00000000,8.00000000,10.00000000,4.00000000,7.28571429,8.00000000,7.96428571,2.75162290,2.88230677,2.00000000,7.00000000,9.00000000,train,True,aruna-juice-v4.0
2025-12-28,P004,Jus Pisang,5,3.00000000,3.00000000,5.00000000,4.00000000,2.00000000,5.00000000,5.57142857,5.57142857,5.14285714,3.59894164,2.56347978,6.00000000,5.00000000,6.00000000,train,True,aruna-juice-v4.0
2025-12-28,P005,Jus Nanas,10,13.00000000,12.00000000,10.00000000,17.00000000,19.00000000,16.00000000,14.14285714,15.14285714,15.46428571,3.93397896,3.54871901,13.00000000,13.00000000,13.00000000,train,True,aruna-juice-v4.0
2025-12-28,P006,Jus Melon,6,4.00000000,9.00000000,4.00000000,9.00000000,5.00000000,14.00000000,5.42857143,6.64285714,6.89285714,1.81265393,1.90574608,9.00000000,10.00000000,3.00000000,train,True,aruna-juice-v4.0
2025-12-28,P007,Jus Sirsak,13,13.00000000,13.00000000,16.00000000,11.00000000,12.00000000,29.00000000,14.71428571,15.85714286,16.21428571,2.62769136,4.76940801,17.00000000,27.00000000,14.00000000,train,True,aruna-juice-v4.0
2025-12-28,P008,Jus Alpukat,14,13.00000000,15.00000000,17.00000000,14.00000000,16.00000000,16.00000000,17.00000000,15.85714286,15.85714286,3.69684550,2.98347095,16.00000000,16.00000000,16.00000000,train,True,aruna-juice-v4.0
2025-12-28,P009,Jus Stroberi,12,14.00000000,21.00000000,15.00000000,18.00000000,17.00000000,14.00000000,15.42857143,15.28571429,17.00000000,3.10145895,3.04904957,15.00000000,20.00000000,15.00000000,train,True,aruna-juice-v4.0
2025-12-28,P010,Jus Jeruk,10,7.00000000,7.00000000,5.00000000,5.00000000,2.00000000,6.00000000,6.57142857,6.07142857,6.82142857,2.07019668,2.36852066,8.00000000,5.00000000,7.00000000,train,True,aruna-juice-v4.0
2025-12-28,P011,Jus Mangga,12,19.00000000,10.00000000,23.00000000,17.00000000,24.00000000,14.00000000,18.28571429,18.21428571,18.32142857,6.12955370,5.23565544,20.00000000,15.00000000,11.00000000,train,True,aruna-juice-v4.0
2025-12-29,P001,Jus Naga,7,6.00000000,6.00000000,5.00000000,12.00000000,9.00000000,11.00000000,8.00000000,7.85714286,8.03571429,2.88675135,3.20713490,9.00000000,6.00000000,8.00000000,train,True,aruna-juice-v4.0
2025-12-29,P002,Jus Semangka,6,8.00000000,9.00000000,5.00000000,3.00000000,5.00000000,6.00000000,6.42857143,6.14285714,6.14285714,2.81999662,2.28227764,10.00000000,4.00000000,7.00000000,train,True,aruna-juice-v4.0
2025-12-29,P003,Jus Jambu,2,5.00000000,4.00000000,7.00000000,5.00000000,3.00000000,6.00000000,6.85714286,7.92857143,7.82142857,3.33809184,3.02462422,7.00000000,9.00000000,8.00000000,train,True,aruna-juice-v4.0
2025-12-29,P004,Jus Pisang,6,5.00000000,3.00000000,3.00000000,3.00000000,5.00000000,5.00000000,6.00000000,5.64285714,5.17857143,3.41565026,2.56026269,5.00000000,6.00000000,6.00000000,train,True,aruna-juice-v4.0
2025-12-29,P005,Jus Nanas,13,10.00000000,13.00000000,12.00000000,18.00000000,22.00000000,15.00000000,13.42857143,14.50000000,15.39285714,3.55232989,2.98070720,13.00000000,13.00000000,21.00000000,train,True,aruna-juice-v4.0
2025-12-29,P006,Jus Melon,9,6.00000000,4.00000000,9.00000000,4.00000000,8.00000000,10.00000000,6.14285714,6.71428571,6.85714286,2.11570094,1.97789987,10.00000000,3.00000000,13.00000000,train,True,aruna-juice-v4.0
2025-12-29,P007,Jus Sirsak,17,13.00000000,13.00000000,13.00000000,19.00000000,23.00000000,16.00000000,14.42857143,15.42857143,16.25000000,2.14919697,4.32727105,27.00000000,14.00000000,19.00000000,train,True,aruna-juice-v4.0
2025-12-29,P008,Jus Alpukat,16,14.00000000,13.00000000,15.00000000,24.00000000,14.00000000,9.00000000,15.85714286,16.00000000,16.10714286,2.03540098,2.93519754,16.00000000,16.00000000,25.00000000,train,True,aruna-juice-v4.0
2025-12-29,P009,Jus Stroberi,15,12.00000000,14.00000000,21.00000000,15.00000000,19.00000000,23.00000000,15.42857143,15.00000000,16.71428571,3.10145895,2.85549403,20.00000000,15.00000000,27.00000000,train,True,aruna-juice-v4.0
2025-12-29,P010,Jus Jeruk,8,10.00000000,7.00000000,7.00000000,5.00000000,9.00000000,7.00000000,7.00000000,6.00000000,6.85714286,2.00000000,2.28708750,5.00000000,7.00000000,12.00000000,train,True,aruna-juice-v4.0
2025-12-29,P011,Jus Mangga,20,12.00000000,19.00000000,10.00000000,18.00000000,16.00000000,19.00000000,18.57142857,18.50000000,18.35714286,6.16055038,5.21462441,15.00000000,11.00000000,12.00000000,train,True,aruna-juice-v4.0
2025-12-30,P001,Jus Naga,9,7.00000000,6.00000000,6.00000000,12.00000000,4.00000000,11.00000000,7.57142857,8.21428571,7.96428571,2.37045304,3.01734910,6.00000000,8.00000000,9.00000000,train,True,aruna-juice-v4.0
2025-12-30,P002,Jus Semangka,10,6.00000000,8.00000000,9.00000000,7.00000000,4.00000000,6.00000000,6.85714286,6.57142857,6.28571429,3.13201593,2.40877517,4.00000000,7.00000000,4.00000000,train,True,aruna-juice-v4.0
2025-12-30,P003,Jus Jambu,7,2.00000000,5.00000000,4.00000000,9.00000000,7.00000000,13.00000000,6.57142857,7.92857143,7.60714286,3.20713490,3.02462422,9.00000000,8.00000000,4.00000000,train,True,aruna-juice-v4.0
2025-12-30,P004,Jus Pisang,5,6.00000000,5.00000000,3.00000000,13.00000000,6.00000000,5.00000000,4.85714286,5.57142857,5.17857143,1.46385011,2.56347978,6.00000000,6.00000000,3.00000000,train,True,aruna-juice-v4.0
2025-12-30,P005,Jus Nanas,13,13.00000000,10.00000000,13.00000000,20.00000000,17.00000000,21.00000000,12.42857143,14.21428571,15.10714286,2.07019668,2.91359074,13.00000000,21.00000000,11.00000000,train,True,aruna-juice-v4.0
2025-12-30,P006,Jus Melon,10,9.00000000,6.00000000,4.00000000,5.00000000,8.00000000,3.00000000,6.85714286,6.85714286,7.10714286,2.47847880,2.14322341,3.00000000,13.00000000,2.00000000,train,True,aruna-juice-v4.0
2025-12-30,P007,Jus Sirsak,27,17.00000000,13.00000000,13.00000000,17.00000000,12.00000000,20.00000000,15.85714286,16.50000000,16.50000000,5.24177360,5.18503765,14.00000000,19.00000000,17.00000000,train,True,aruna-juice-v4.0
2025-12-30,P008,Jus Alpukat,16,16.00000000,14.00000000,13.00000000,17.00000000,16.00000000,22.00000000,15.71428571,16.00000000,15.89285714,1.97604704,2.93519754,16.00000000,25.00000000,16.00000000,train,True,aruna-juice-v4.0
2025-12-30,P009,Jus Stroberi,20,15.00000000,12.00000000,14.00000000,13.00000000,18.00000000,22.00000000,16.42857143,15.14285714,16.64285714,3.30943816,3.05984270,15.00000000,27.00000000,22.00000000,train,True,aruna-juice-v4.0
2025-12-30,P010,Jus Jeruk,5,8.00000000,10.00000000,7.00000000,4.00000000,4.00000000,9.00000000,7.14285714,6.07142857,6.71428571,1.77281052,2.23483903,7.00000000,12.00000000,5.00000000,train,True,aruna-juice-v4.0
2025-12-30,P011,Jus Mangga,15,20.00000000,12.00000000,19.00000000,18.00000000,18.00000000,12.00000000,18.14285714,18.28571429,18.46428571,6.30947889,5.29772914,11.00000000,12.00000000,20.00000000,train,True,aruna-juice-v4.0
2025-12-31,P001,Jus Naga,6,9.00000000,7.00000000,6.00000000,12.00000000,10.00000000,12.00000000,6.71428571,7.92857143,7.75000000,1.38013112,3.02462422,8.00000000,9.00000000,4.00000000,train,True,aruna-juice-v4.0
2025-12-31,P002,Jus Semangka,4,10.00000000,6.00000000,8.00000000,9.00000000,8.00000000,4.00000000,6.14285714,6.28571429,6.28571429,3.13201593,2.46291170,7.00000000,4.00000000,4.00000000,train,True,aruna-juice-v4.0
2025-12-31,P003,Jus Jambu,9,7.00000000,2.00000000,5.00000000,11.00000000,10.00000000,3.00000000,6.28571429,7.85714286,7.82142857,2.81154084,2.98347095,8.00000000,4.00000000,8.00000000,train,True,aruna-juice-v4.0
2025-12-31,P004,Jus Pisang,6,5.00000000,6.00000000,5.00000000,7.00000000,7.00000000,3.00000000,4.71428571,5.50000000,5.28571429,1.25356634,2.53437900,6.00000000,3.00000000,3.00000000,train,True,aruna-juice-v4.0
2025-12-31,P005,Jus Nanas,13,13.00000000,13.00000000,10.00000000,16.00000000,13.00000000,18.00000000,12.00000000,14.21428571,14.92857143,1.41421356,2.91359074,21.00000000,11.00000000,15.00000000,train,True,aruna-juice-v4.0
2025-12-31,P006,Jus Melon,3,10.00000000,9.00000000,6.00000000,6.00000000,7.00000000,6.00000000,6.42857143,6.57142857,7.00000000,2.87849167,2.37662611,13.00000000,2.00000000,6.00000000,train,True,aruna-juice-v4.0
2025-12-31,P007,Jus Sirsak,14,27.00000000,17.00000000,13.00000000,12.00000000,17.00000000,14.00000000,16.14285714,16.28571429,16.50000000,5.04739442,5.22462470,19.00000000,17.00000000,9.00000000,train,True,aruna-juice-v4.0
2025-12-31,P008,Jus Alpukat,16,16.00000000,16.00000000,14.00000000,19.00000000,17.00000000,22.00000000,15.28571429,15.92857143,15.67857143,1.38013112,2.92112428,25.00000000,16.00000000,13.00000000,train,True,aruna-juice-v4.0
2025-12-31,P009,Jus Stroberi,15,20.00000000,15.00000000,12.00000000,18.00000000,11.00000000,27.00000000,16.00000000,15.42857143,16.21428571,3.26598632,2.82064602,27.00000000,22.00000000,26.00000000,train,True,aruna-juice-v4.0
2025-12-31,P010,Jus Jeruk,7,5.00000000,8.00000000,10.00000000,8.00000000,8.00000000,4.00000000,7.00000000,6.00000000,6.82142857,1.73205081,2.18385686,12.00000000,5.00000000,6.00000000,train,True,aruna-juice-v4.0
2025-12-31,P011,Jus Mangga,11,15.00000000,20.00000000,12.00000000,28.00000000,24.00000000,25.00000000,15.71428571,17.35714286,17.96428571,5.02375310,5.35805853,12.00000000,20.00000000,18.00000000,train,True,aruna-juice-v4.0
2026-01-01,P001,Jus Naga,8,6.00000000,9.00000000,7.00000000,8.00000000,2.00000000,8.00000000,6.71428571,8.35714286,7.75000000,1.38013112,2.49945049,9.00000000,4.00000000,8.00000000,train,True,aruna-juice-v4.0
2026-01-01,P002,Jus Semangka,7,4.00000000,10.00000000,6.00000000,1.00000000,7.00000000,6.00000000,7.00000000,6.28571429,6.32142857,2.16024690,2.46291170,4.00000000,4.00000000,6.00000000,train,True,aruna-juice-v4.0
2026-01-01,P003,Jus Jambu,8,9.00000000,7.00000000,2.00000000,10.00000000,12.00000000,12.00000000,6.00000000,7.57142857,7.67857143,2.44948974,2.73760945,4.00000000,8.00000000,4.00000000,train,True,aruna-juice-v4.0
2026-01-01,P004,Jus Pisang,6,6.00000000,5.00000000,6.00000000,5.00000000,5.00000000,6.00000000,4.85714286,5.57142857,5.28571429,1.34518542,2.53329478,3.00000000,3.00000000,2.00000000,train,True,aruna-juice-v4.0
2026-01-01,P005,Jus Nanas,21,13.00000000,13.00000000,13.00000000,10.00000000,16.00000000,19.00000000,13.57142857,14.57142857,15.00000000,3.45722157,3.41296816,11.00000000,15.00000000,13.00000000,train,True,aruna-juice-v4.0
2026-01-01,P006,Jus Melon,13,3.00000000,10.00000000,9.00000000,4.00000000,6.00000000,12.00000000,7.71428571,7.07142857,7.03571429,3.54562104,2.92112428,2.00000000,6.00000000,6.00000000,train,True,aruna-juice-v4.0
2026-01-01,P007,Jus Sirsak,19,14.00000000,27.00000000,17.00000000,16.00000000,10.00000000,14.00000000,16.57142857,16.92857143,16.67857143,5.15936504,4.93752173,17.00000000,9.00000000,12.00000000,train,True,aruna-juice-v4.0
2026-01-01,P008,Jus Alpukat,25,16.00000000,16.00000000,16.00000000,17.00000000,12.00000000,20.00000000,16.42857143,16.85714286,15.85714286,3.95209408,3.57032950,16.00000000,13.00000000,7.00000000,train,True,aruna-juice-v4.0
2026-01-01,P009,Jus Stroberi,27,15.00000000,20.00000000,15.00000000,15.00000000,15.00000000,20.00000000,17.71428571,16.28571429,16.46428571,5.21901286,4.17738548,22.00000000,26.00000000,13.00000000,train,True,aruna-juice-v4.0
2026-01-01,P010,Jus Jeruk,12,7.00000000,5.00000000,8.00000000,5.00000000,1.00000000,14.00000000,8.00000000,6.78571429,6.75000000,2.30940108,2.22498302,5.00000000,6.00000000,7.00000000,train,True,aruna-juice-v4.0
2026-01-01,P011,Jus Mangga,12,11.00000000,15.00000000,20.00000000,23.00000000,23.00000000,13.00000000,14.14285714,16.57142857,17.92857143,3.97611919,5.27277894,20.00000000,18.00000000,19.00000000,train,True,aruna-juice-v4.0
2026-01-02,P001,Jus Naga,9,8.00000000,6.00000000,9.00000000,5.00000000,6.00000000,4.00000000,7.28571429,8.57142857,7.92857143,1.38013112,2.40877517,4.00000000,8.00000000,5.00000000,train,True,aruna-juice-v4.0
2026-01-02,P002,Jus Semangka,4,7.00000000,4.00000000,10.00000000,5.00000000,7.00000000,5.00000000,6.85714286,6.07142857,6.28571429,2.34012617,2.52569216,4.00000000,6.00000000,6.00000000,train,True,aruna-juice-v4.0
2026-01-02,P003,Jus Jambu,4,8.00000000,9.00000000,7.00000000,7.00000000,10.00000000,9.00000000,5.57142857,7.14285714,7.50000000,2.50713268,2.79717283,8.00000000,4.00000000,10.00000000,train,True,aruna-juice-v4.0
2026-01-02,P004,Jus Pisang,3,6.00000000,6.00000000,5.00000000,3.00000000,7.00000000,3.00000000,4.85714286,5.28571429,5.28571429,1.34518542,2.58482469,3.00000000,2.00000000,12.00000000,train,True,aruna-juice-v4.0
2026-01-02,P005,Jus Nanas,11,21.00000000,13.00000000,13.00000000,12.00000000,15.00000000,7.00000000,13.42857143,14.28571429,15.14285714,3.55232989,3.53941698,15.00000000,13.00000000,22.00000000,train,True,aruna-juice-v4.0
2026-01-02,P006,Jus Melon,2,13.00000000,3.00000000,10.00000000,9.00000000,8.00000000,13.00000000,6.71428571,6.64285714,6.64285714,4.07080196,3.20113304,6.00000000,6.00000000,5.00000000,train,True,aruna-juice-v4.0
2026-01-02,P007,Jus Sirsak,17,19.00000000,14.00000000,27.00000000,13.00000000,26.00000000,12.00000000,17.14285714,16.28571429,16.85714286,4.91353815,4.19575924,9.00000000,12.00000000,18.00000000,train,True,aruna-juice-v4.0
2026-01-02,P008,Jus Alpukat,16,25.00000000,16.00000000,16.00000000,15.00000000,15.00000000,13.00000000,16.57142857,16.92857143,15.96428571,3.90969491,3.54019308,13.00000000,7.00000000,15.00000000,train,True,aruna-juice-v4.0
2026-01-02,P009,Jus Stroberi,22,27.00000000,15.00000000,20.00000000,21.00000000,13.00000000,7.00000000,17.85714286,16.92857143,17.00000000,5.33630869,4.32282468,26.00000000,13.00000000,17.00000000,train,True,aruna-juice-v4.0
2026-01-02,P010,Jus Jeruk,5,12.00000000,7.00000000,5.00000000,7.00000000,5.00000000,12.00000000,7.71428571,6.78571429,6.50000000,2.56347978,2.22498302,6.00000000,7.00000000,4.00000000,train,True,aruna-juice-v4.0
2026-01-02,P011,Jus Mangga,20,12.00000000,11.00000000,15.00000000,10.00000000,19.00000000,20.00000000,15.57142857,16.64285714,17.92857143,4.03555625,5.31481446,18.00000000,19.00000000,24.00000000,train,True,aruna-juice-v4.0
2026-01-03,P001,Jus Naga,4,9.00000000,8.00000000,6.00000000,6.00000000,10.00000000,4.00000000,7.00000000,8.14285714,7.92857143,1.82574186,2.65611465,8.00000000,5.00000000,7.00000000,train,True,aruna-juice-v4.0
2026-01-03,P002,Jus Semangka,4,4.00000000,7.00000000,4.00000000,9.00000000,6.00000000,6.00000000,6.14285714,5.92857143,6.21428571,2.34012617,2.58588731,6.00000000,6.00000000,9.00000000,train,True,aruna-juice-v4.0
2026-01-03,P003,Jus Jambu,8,4.00000000,8.00000000,9.00000000,4.00000000,11.00000000,7.00000000,6.14285714,6.92857143,7.53571429,2.54483604,2.58588731,4.00000000,10.00000000,13.00000000,train,True,aruna-juice-v4.0
2026-01-03,P004,Jus Pisang,3,3.00000000,6.00000000,6.00000000,3.00000000,5.00000000,5.00000000,4.85714286,5.14285714,5.21428571,1.34518542,2.65611465,2.00000000,12.00000000,7.00000000,train,True,aruna-juice-v4.0
2026-01-03,P005,Jus Nanas,15,11.00000000,21.00000000,13.00000000,13.00000000,13.00000000,13.00000000,13.71428571,14.42857143,15.21428571,3.59231985,3.52385902,13.00000000,22.00000000,25.00000000,train,True,aruna-juice-v4.0
2026-01-03,P006,Jus Melon,6,2.00000000,13.00000000,3.00000000,4.00000000,9.00000000,12.00000000,7.00000000,6.42857143,6.42857143,3.91578004,3.13084618,6.00000000,5.00000000,10.00000000,train,True,aruna-juice-v4.0
2026-01-03,P007,Jus Sirsak,9,17.00000000,19.00000000,14.00000000,13.00000000,20.00000000,21.00000000,16.57142857,15.50000000,16.42857143,5.65264371,4.46783375,12.00000000,18.00000000,28.00000000,train,True,aruna-juice-v4.0
2026-01-03,P008,Jus Alpukat,13,16.00000000,25.00000000,16.00000000,13.00000000,15.00000000,17.00000000,16.57142857,16.78571429,15.82142857,3.90969491,3.66225175,7.00000000,15.00000000,21.00000000,train,True,aruna-juice-v4.0
2026-01-03,P009,Jus Stroberi,26,22.00000000,27.00000000,15.00000000,14.00000000,12.00000000,16.00000000,19.57142857,17.92857143,17.35714286,5.79819348,4.69802390,13.00000000,17.00000000,18.00000000,train,True,aruna-juice-v4.0
2026-01-03,P010,Jus Jeruk,6,5.00000000,12.00000000,7.00000000,7.00000000,7.00000000,13.00000000,7.57142857,6.71428571,6.25000000,2.63673680,2.23360941,7.00000000,4.00000000,8.00000000,train,True,aruna-juice-v4.0
2026-01-03,P011,Jus Mangga,18,20.00000000,12.00000000,11.00000000,19.00000000,10.00000000,21.00000000,15.42857143,17.21428571,17.82142857,3.90969491,4.96415724,19.00000000,24.00000000,30.00000000,train,True,aruna-juice-v4.0
2026-01-04,P001,Jus Naga,8,4.00000000,9.00000000,8.00000000,6.00000000,10.00000000,9.00000000,7.28571429,8.00000000,7.89285714,1.79947082,2.60177454,5.00000000,7.00000000,7.00000000,train,True,aruna-juice-v4.0
2026-01-04,P002,Jus Semangka,6,4.00000000,4.00000000,7.00000000,8.00000000,6.00000000,7.00000000,5.85714286,5.92857143,6.17857143,2.19306266,2.58588731,6.00000000,9.00000000,3.00000000,train,True,aruna-juice-v4.0
2026-01-04,P003,Jus Jambu,4,8.00000000,4.00000000,8.00000000,5.00000000,8.00000000,5.00000000,6.00000000,6.64285714,7.50000000,2.64575131,2.67774713,10.00000000,13.00000000,8.00000000,train,True,aruna-juice-v4.0
2026-01-04,P004,Jus Pisang,2,3.00000000,3.00000000,6.00000000,5.00000000,4.00000000,7.00000000,4.42857143,5.00000000,5.03571429,1.71824939,2.77350098,12.00000000,7.00000000,5.00000000,train,True,aruna-juice-v4.0
2026-01-04,P005,Jus Nanas,13,15.00000000,11.00000000,21.00000000,10.00000000,17.00000000,14.00000000,14.14285714,14.14285714,15.17857143,3.23669437,3.46092791,22.00000000,25.00000000,14.00000000,train,True,aruna-juice-v4.0
2026-01-04,P006,Jus Melon,6,6.00000000,2.00000000,13.00000000,6.00000000,9.00000000,6.00000000,7.00000000,6.21428571,6.42857143,3.91578004,3.04273590,5.00000000,10.00000000,10.00000000,train,True,aruna-juice-v4.0
2026-01-04,P007,Jus Sirsak,12,9.00000000,17.00000000,19.00000000,13.00000000,11.00000000,23.00000000,16.42857143,15.57142857,16.03571429,5.76937729,4.39780165,18.00000000,28.00000000,21.00000000,train,True,aruna-juice-v4.0
2026-01-04,P008,Jus Alpukat,7,13.00000000,16.00000000,25.00000000,14.00000000,14.00000000,8.00000000,15.57142857,16.28571429,15.78571429,5.31843156,4.46229626,15.00000000,21.00000000,19.00000000,train,True,aruna-juice-v4.0
2026-01-04,P009,Jus Stroberi,13,26.00000000,22.00000000,27.00000000,12.00000000,18.00000000,19.00000000,19.71428571,17.57142857,17.14285714,5.58910505,4.87874961,17.00000000,18.00000000,20.00000000,train,True,aruna-juice-v4.0
2026-01-04,P010,Jus Jeruk,7,6.00000000,5.00000000,12.00000000,10.00000000,5.00000000,6.00000000,7.14285714,6.85714286,6.28571429,2.41029538,2.17881912,4.00000000,8.00000000,6.00000000,train,True,aruna-juice-v4.0
2026-01-04,P011,Jus Mangga,19,18.00000000,20.00000000,12.00000000,12.00000000,17.00000000,17.00000000,16.42857143,17.35714286,17.89285714,3.77964473,4.98624482,24.00000000,30.00000000,19.00000000,train,True,aruna-juice-v4.0
2026-01-05,P001,Jus Naga,5,8.00000000,4.00000000,9.00000000,7.00000000,12.00000000,12.00000000,7.00000000,7.50000000,7.64285714,2.00000000,2.44162619,7.00000000,7.00000000,4.00000000,train,True,aruna-juice-v4.0
2026-01-05,P002,Jus Semangka,6,6.00000000,4.00000000,4.00000000,6.00000000,3.00000000,8.00000000,5.85714286,6.14285714,6.10714286,2.19306266,2.44499938,9.00000000,3.00000000,7.00000000,train,True,aruna-juice-v4.0
2026-01-05,P003,Jus Jambu,10,4.00000000,8.00000000,4.00000000,2.00000000,5.00000000,7.00000000,7.14285714,7.00000000,7.60714286,2.34012617,2.77350098,13.00000000,8.00000000,9.00000000,train,True,aruna-juice-v4.0
2026-01-05,P004,Jus Pisang,12,2.00000000,3.00000000,3.00000000,6.00000000,3.00000000,6.00000000,5.28571429,5.64285714,5.25000000,3.35232684,3.27242895,7.00000000,5.00000000,6.00000000,train,True,aruna-juice-v4.0
2026-01-05,P005,Jus Nanas,22,13.00000000,15.00000000,11.00000000,13.00000000,18.00000000,17.00000000,15.42857143,14.42857143,15.35714286,4.31497945,3.93630607,25.00000000,14.00000000,13.00000000,train,True,aruna-juice-v4.0
2026-01-05,P006,Jus Melon,5,6.00000000,6.00000000,2.00000000,9.00000000,4.00000000,10.00000000,6.42857143,6.28571429,6.25000000,3.86683087,2.99816794,10.00000000,10.00000000,6.00000000,train,True,aruna-juice-v4.0
2026-01-05,P007,Jus Sirsak,18,12.00000000,9.00000000,17.00000000,17.00000000,19.00000000,13.00000000,16.57142857,15.50000000,16.21428571,5.79819348,4.34564326,28.00000000,21.00000000,11.00000000,train,True,aruna-juice-v4.0
2026-01-05,P008,Jus Alpukat,15,7.00000000,13.00000000,16.00000000,16.00000000,24.00000000,19.00000000,15.42857143,15.64285714,15.64285714,5.31843156,3.87511077,21.00000000,19.00000000,11.00000000,train,True,aruna-juice-v4.0
2026-01-05,P009,Jus Stroberi,17,13.00000000,26.00000000,22.00000000,15.00000000,15.00000000,20.00000000,20.00000000,17.71428571,17.03571429,5.35412613,4.82666586,18.00000000,20.00000000,11.00000000,train,True,aruna-juice-v4.0
2026-01-05,P010,Jus Jeruk,4,7.00000000,6.00000000,5.00000000,8.00000000,5.00000000,4.00000000,6.57142857,6.78571429,6.28571429,2.63673680,2.25929095,8.00000000,6.00000000,7.00000000,train,True,aruna-juice-v4.0
2026-01-05,P011,Jus Mangga,24,19.00000000,18.00000000,20.00000000,20.00000000,18.00000000,11.00000000,17.00000000,17.78571429,18.35714286,4.61880215,5.29409790,30.00000000,19.00000000,9.00000000,train,True,aruna-juice-v4.0
2026-01-06,P001,Jus Naga,7,5.00000000,8.00000000,4.00000000,9.00000000,12.00000000,7.00000000,6.71428571,7.14285714,7.64285714,1.79947082,2.07019668,7.00000000,4.00000000,7.00000000,train,True,aruna-juice-v4.0
2026-01-06,P002,Jus Semangka,9,6.00000000,6.00000000,4.00000000,10.00000000,7.00000000,7.00000000,5.71428571,6.28571429,6.17857143,1.88982237,2.55489188,3.00000000,7.00000000,5.00000000,train,True,aruna-juice-v4.0
2026-01-06,P003,Jus Jambu,13,10.00000000,4.00000000,8.00000000,7.00000000,9.00000000,6.00000000,8.00000000,7.28571429,7.85714286,3.21455025,3.17268562,8.00000000,9.00000000,9.00000000,train,True,aruna-juice-v4.0
2026-01-06,P004,Jus Pisang,7,12.00000000,2.00000000,3.00000000,5.00000000,13.00000000,5.00000000,5.57142857,5.21428571,5.32142857,3.40867241,2.54735372,5.00000000,6.00000000,3.00000000,train,True,aruna-juice-v4.0
2026-01-06,P005,Jus Nanas,25,22.00000000,13.00000000,15.00000000,13.00000000,20.00000000,16.00000000,17.14285714,14.78571429,15.67857143,5.42919796,4.64391366,14.00000000,13.00000000,8.00000000,train,True,aruna-juice-v4.0
2026-01-06,P006,Jus Melon,10,5.00000000,6.00000000,6.00000000,10.00000000,5.00000000,6.00000000,6.42857143,6.64285714,6.39285714,3.86683087,3.12821263,10.00000000,6.00000000,2.00000000,train,True,aruna-juice-v4.0
2026-01-06,P007,Jus Sirsak,28,18.00000000,12.00000000,9.00000000,27.00000000,17.00000000,16.00000000,16.71428571,16.28571429,16.64285714,6.10230245,5.48324120,21.00000000,11.00000000,16.00000000,train,True,aruna-juice-v4.0
2026-01-06,P008,Jus Alpukat,21,15.00000000,7.00000000,13.00000000,16.00000000,17.00000000,15.00000000,16.14285714,15.92857143,15.85714286,5.72795983,4.12243927,19.00000000,11.00000000,15.00000000,train,True,aruna-juice-v4.0
2026-01-06,P009,Jus Stroberi,18,17.00000000,13.00000000,26.00000000,20.00000000,13.00000000,22.00000000,19.71428571,18.07142857,16.89285714,5.40722621,4.63206692,20.00000000,11.00000000,14.00000000,train,True,aruna-juice-v4.0
2026-01-06,P010,Jus Jeruk,8,4.00000000,7.00000000,6.00000000,5.00000000,4.00000000,7.00000000,7.00000000,7.07142857,6.32142857,2.58198890,2.12907657,6.00000000,7.00000000,4.00000000,train,True,aruna-juice-v4.0
2026-01-06,P011,Jus Mangga,30,24.00000000,19.00000000,18.00000000,15.00000000,18.00000000,19.00000000,19.14285714,18.64285714,18.75000000,6.59364774,6.22163895,19.00000000,9.00000000,18.00000000,train,True,aruna-juice-v4.0
2026-01-07,P001,Jus Naga,7,7.00000000,5.00000000,8.00000000,6.00000000,12.00000000,9.00000000,6.85714286,6.78571429,7.57142857,1.77281052,1.52812461,4.00000000,7.00000000,6.00000000,train,True,aruna-juice-v4.0
2026-01-07,P002,Jus Semangka,3,9.00000000,6.00000000,6.00000000,4.00000000,9.00000000,4.00000000,5.57142857,5.85714286,6.14285714,2.07019668,2.56776296,7.00000000,5.00000000,9.00000000,train,True,aruna-juice-v4.0
2026-01-07,P003,Jus Jambu,8,13.00000000,10.00000000,4.00000000,9.00000000,11.00000000,6.00000000,7.85714286,7.07142857,7.92857143,3.18478526,2.99908411,9.00000000,9.00000000,9.00000000,train,True,aruna-juice-v4.0
2026-01-07,P004,Jus Pisang,5,7.00000000,12.00000000,2.00000000,6.00000000,7.00000000,4.00000000,5.42857143,5.07142857,5.35714286,3.40867241,2.49505004,6.00000000,3.00000000,3.00000000,train,True,aruna-juice-v4.0
2026-01-07,P005,Jus Nanas,14,25.00000000,22.00000000,13.00000000,13.00000000,16.00000000,17.00000000,17.28571429,14.64285714,15.57142857,5.31395288,4.63443869,13.00000000,8.00000000,17.00000000,train,True,aruna-juice-v4.0
2026-01-07,P006,Jus Melon,10,10.00000000,5.00000000,6.00000000,3.00000000,6.00000000,5.00000000,7.42857143,6.92857143,6.57142857,3.73528860,3.24545329,6.00000000,2.00000000,8.00000000,train,True,aruna-juice-v4.0
2026-01-07,P007,Jus Sirsak,21,28.00000000,18.00000000,12.00000000,14.00000000,12.00000000,16.00000000,17.71428571,16.92857143,16.82142857,6.15668433,5.46969674,11.00000000,16.00000000,19.00000000,train,True,aruna-juice-v4.0
2026-01-07,P008,Jus Alpukat,19,21.00000000,15.00000000,7.00000000,16.00000000,19.00000000,23.00000000,16.57142857,15.92857143,15.71428571,5.82686716,4.12243927,11.00000000,15.00000000,20.00000000,train,True,aruna-juice-v4.0
2026-01-07,P009,Jus Stroberi,20,18.00000000,17.00000000,13.00000000,15.00000000,18.00000000,23.00000000,20.42857143,18.21428571,16.78571429,4.99523583,4.66044850,11.00000000,14.00000000,16.00000000,train,True,aruna-juice-v4.0
2026-01-07,P010,Jus Jeruk,6,8.00000000,4.00000000,7.00000000,7.00000000,8.00000000,9.00000000,6.85714286,6.92857143,6.21428571,2.60950643,2.12907657,7.00000000,4.00000000,6.00000000,train,True,aruna-juice-v4.0
2026-01-07,P011,Jus Mangga,19,30.00000000,24.00000000,19.00000000,11.00000000,28.00000000,23.00000000,20.28571429,18.00000000,18.60714286,5.55920515,5.61591146,9.00000000,18.00000000,23.00000000,train,True,aruna-juice-v4.0
2026-01-08,P001,Jus Naga,4,7.00000000,7.00000000,5.00000000,8.00000000,8.00000000,10.00000000,6.28571429,6.50000000,7.35714286,1.97604704,1.65250393,7.00000000,6.00000000,10.00000000,train,True,aruna-juice-v4.0
2026-01-08,P002,Jus Semangka,7,3.00000000,9.00000000,6.00000000,7.00000000,1.00000000,13.00000000,5.57142857,6.28571429,5.92857143,2.07019668,2.16363552,5.00000000,9.00000000,6.00000000,train,True,aruna-juice-v4.0
2026-01-08,P003,Jus Jambu,9,8.00000000,13.00000000,10.00000000,8.00000000,10.00000000,14.00000000,8.00000000,7.00000000,7.75000000,3.21455025,2.93519754,9.00000000,9.00000000,8.00000000,train,True,aruna-juice-v4.0
2026-01-08,P004,Jus Pisang,6,5.00000000,7.00000000,12.00000000,6.00000000,5.00000000,5.00000000,5.42857143,5.14285714,5.39285714,3.40867241,2.50713268,3.00000000,3.00000000,4.00000000,train,True,aruna-juice-v4.0
2026-01-08,P005,Jus Nanas,13,14.00000000,25.00000000,22.00000000,21.00000000,10.00000000,16.00000000,16.14285714,14.85714286,15.46428571,5.24177360,4.46967806,8.00000000,17.00000000,16.00000000,train,True,aruna-juice-v4.0
2026-01-08,P006,Jus Melon,6,10.00000000,10.00000000,5.00000000,13.00000000,4.00000000,5.00000000,6.42857143,7.07142857,6.60714286,2.81999662,3.14921933,2.00000000,8.00000000,7.00000000,train,True,aruna-juice-v4.0
2026-01-08,P007,Jus Sirsak,11,21.00000000,28.00000000,18.00000000,19.00000000,16.00000000,21.00000000,16.57142857,16.57142857,16.46428571,6.60447179,5.69364404,16.00000000,19.00000000,20.00000000,train,True,aruna-juice-v4.0
2026-01-08,P008,Jus Alpukat,11,19.00000000,21.00000000,15.00000000,25.00000000,17.00000000,11.00000000,14.57142857,15.50000000,15.71428571,4.75594866,4.31009548,15.00000000,20.00000000,14.00000000,train,True,aruna-juice-v4.0
2026-01-08,P009,Jus Stroberi,11,20.00000000,18.00000000,17.00000000,27.00000000,15.00000000,12.00000000,18.14285714,17.92857143,16.75000000,5.14550197,4.98404046,14.00000000,16.00000000,15.00000000,train,True,aruna-juice-v4.0
2026-01-08,P010,Jus Jeruk,7,6.00000000,8.00000000,4.00000000,12.00000000,5.00000000,7.00000000,6.14285714,7.07142857,6.21428571,1.34518542,2.05554731,4.00000000,6.00000000,7.00000000,train,True,aruna-juice-v4.0
2026-01-08,P011,Jus Mangga,9,19.00000000,30.00000000,24.00000000,12.00000000,23.00000000,22.00000000,19.85714286,17.00000000,18.14285714,6.36209010,5.89654397,18.00000000,23.00000000,14.00000000,train,True,aruna-juice-v4.0
2026-01-09,P001,Jus Naga,7,4.00000000,7.00000000,7.00000000,9.00000000,5.00000000,5.00000000,6.00000000,6.64285714,7.42857143,1.63299316,1.59841955,6.00000000,10.00000000,4.00000000,train,True,aruna-juice-v4.0
2026-01-09,P002,Jus Semangka,5,7.00000000,3.00000000,9.00000000,4.00000000,5.00000000,6.00000000,5.71428571,6.28571429,5.89285714,1.97604704,2.16363552,9.00000000,6.00000000,8.00000000,train,True,aruna-juice-v4.0
2026-01-09,P003,Jus Jambu,9,9.00000000,8.00000000,13.00000000,4.00000000,7.00000000,6.00000000,8.71428571,7.14285714,7.85714286,2.69037084,2.98347095,9.00000000,8.00000000,6.00000000,train,True,aruna-juice-v4.0
2026-01-09,P004,Jus Pisang,3,6.00000000,5.00000000,7.00000000,3.00000000,3.00000000,4.00000000,5.42857143,5.14285714,5.35714286,3.40867241,2.50713268,3.00000000,4.00000000,4.00000000,train,True,aruna-juice-v4.0
2026-01-09,P005,Jus Nanas,8,13.00000000,14.00000000,25.00000000,11.00000000,12.00000000,17.00000000,15.71428571,14.57142857,15.14285714,5.82277957,4.78321240,17.00000000,16.00000000,12.00000000,train,True,aruna-juice-v4.0
2026-01-09,P006,Jus Melon,2,6.00000000,10.00000000,10.00000000,2.00000000,9.00000000,2.00000000,6.42857143,6.57142857,6.60714286,2.81999662,3.36758954,8.00000000,7.00000000,3.00000000,train,True,aruna-juice-v4.0
2026-01-09,P007,Jus Sirsak,16,11.00000000,21.00000000,28.00000000,17.00000000,13.00000000,22.00000000,16.42857143,16.78571429,16.25000000,6.60447179,5.60464878,19.00000000,20.00000000,14.00000000,train,True,aruna-juice-v4.0
2026-01-09,P008,Jus Alpukat,15,11.00000000,19.00000000,21.00000000,16.00000000,15.00000000,8.00000000,14.42857143,15.50000000,15.96428571,4.72077475,4.31009548,20.00000000,14.00000000,14.00000000,train,True,aruna-juice-v4.0
2026-01-09,P009,Jus Stroberi,14,11.00000000,20.00000000,18.00000000,22.00000000,21.00000000,16.00000000,17.00000000,17.42857143,16.67857143,5.03322296,5.00329562,16.00000000,15.00000000,15.00000000,train,True,aruna-juice-v4.0
2026-01-09,P010,Jus Jeruk,4,7.00000000,6.00000000,8.00000000,5.00000000,7.00000000,6.00000000,6.00000000,6.85714286,6.14285714,1.52752523,2.21384256,6.00000000,7.00000000,8.00000000,train,True,aruna-juice-v4.0
2026-01-09,P011,Jus Mangga,18,9.00000000,19.00000000,30.00000000,20.00000000,10.00000000,14.00000000,19.57142857,17.57142857,18.28571429,6.39940473,5.54303840,23.00000000,14.00000000,21.00000000,train,True,aruna-juice-v4.0
2026-01-10,P001,Jus Naga,6,7.00000000,4.00000000,7.00000000,4.00000000,6.00000000,10.00000000,6.28571429,6.64285714,7.28571429,1.38013112,1.59841955,10.00000000,4.00000000,11.00000000,train,True,aruna-juice-v4.0
2026-01-10,P002,Jus Semangka,9,5.00000000,7.00000000,3.00000000,4.00000000,9.00000000,2.00000000,6.42857143,6.28571429,6.14285714,2.14919697,2.16363552,6.00000000,8.00000000,8.00000000,train,True,aruna-juice-v4.0
2026-01-10,P003,Jus Jambu,9,9.00000000,9.00000000,8.00000000,8.00000000,4.00000000,7.00000000,8.85714286,7.50000000,7.92857143,2.67261242,2.87562702,8.00000000,6.00000000,5.00000000,train,True,aruna-juice-v4.0
2026-01-10,P004,Jus Pisang,3,3.00000000,6.00000000,5.00000000,3.00000000,3.00000000,6.00000000,5.42857143,5.14285714,5.25000000,3.40867241,2.50713268,4.00000000,4.00000000,8.00000000,train,True,aruna-juice-v4.0
2026-01-10,P005,Jus Nanas,17,8.00000000,13.00000000,14.00000000,15.00000000,13.00000000,12.00000000,16.00000000,14.85714286,15.32142857,5.83095189,4.80155652,16.00000000,12.00000000,16.00000000,train,True,aruna-juice-v4.0
2026-01-10,P006,Jus Melon,8,2.00000000,6.00000000,10.00000000,6.00000000,4.00000000,5.00000000,6.71428571,6.85714286,6.71428571,2.87020822,3.30168122,7.00000000,3.00000000,7.00000000,train,True,aruna-juice-v4.0
2026-01-10,P007,Jus Sirsak,19,16.00000000,11.00000000,21.00000000,9.00000000,13.00000000,12.00000000,17.85714286,17.21428571,16.50000000,5.75698334,5.52168552,20.00000000,14.00000000,20.00000000,train,True,aruna-juice-v4.0
2026-01-10,P008,Jus Alpukat,20,15.00000000,11.00000000,19.00000000,13.00000000,13.00000000,19.00000000,15.42857143,16.00000000,16.00000000,5.09434794,4.40279631,14.00000000,14.00000000,19.00000000,train,True,aruna-juice-v4.0
2026-01-10,P009,Jus Stroberi,16,14.00000000,11.00000000,20.00000000,26.00000000,14.00000000,18.00000000,15.57142857,17.57142857,16.60714286,3.10145895,4.92582341,15.00000000,15.00000000,18.00000000,train,True,aruna-juice-v4.0
2026-01-10,P010,Jus Jeruk,6,4.00000000,7.00000000,6.00000000,6.00000000,7.00000000,6.00000000,6.00000000,6.78571429,6.14285714,1.52752523,2.22498302,7.00000000,8.00000000,4.00000000,train,True,aruna-juice-v4.0
2026-01-10,P011,Jus Mangga,23,18.00000000,9.00000000,19.00000000,18.00000000,19.00000000,18.00000000,20.28571429,17.85714286,18.46428571,6.47338875,5.72252154,14.00000000,21.00000000,19.00000000,train,True,aruna-juice-v4.0
2026-01-11,P001,Jus Naga,10,6.00000000,7.00000000,4.00000000,8.00000000,6.00000000,5.00000000,6.57142857,6.92857143,7.46428571,1.90237946,1.81719504,4.00000000,11.00000000,3.00000000,train,True,aruna-juice-v4.0
2026-01-11,P002,Jus Semangka,6,9.00000000,5.00000000,7.00000000,6.00000000,8.00000000,7.00000000,6.42857143,6.14285714,6.10714286,2.14919697,2.10702644,8.00000000,8.00000000,8.00000000,train,True,aruna-juice-v4.0
2026-01-11,P003,Jus Jambu,8,9.00000000,9.00000000,9.00000000,4.00000000,5.00000000,10.00000000,9.42857143,7.71428571,7.85714286,1.71824939,2.78536205,6.00000000,5.00000000,6.00000000,train,True,aruna-juice-v4.0
2026-01-11,P004,Jus Pisang,4,3.00000000,3.00000000,6.00000000,2.00000000,5.00000000,2.00000000,5.71428571,5.07142857,5.32142857,3.14718317,2.52569216,4.00000000,8.00000000,2.00000000,train,True,aruna-juice-v4.0
2026-01-11,P005,Jus Nanas,16,17.00000000,8.00000000,13.00000000,13.00000000,10.00000000,19.00000000,16.42857143,15.28571429,15.21428571,5.68205194,4.59813627,12.00000000,16.00000000,11.00000000,train,True,aruna-juice-v4.0
2026-01-11,P006,Jus Melon,7,8.00000000,2.00000000,6.00000000,6.00000000,6.00000000,5.00000000,6.85714286,6.92857143,6.78571429,2.85356919,3.29251566,3.00000000,7.00000000,5.00000000,train,True,aruna-juice-v4.0
2026-01-11,P007,Jus Sirsak,20,19.00000000,16.00000000,11.00000000,12.00000000,13.00000000,12.00000000,19.00000000,17.71428571,16.78571429,5.16397779,5.42683604,14.00000000,20.00000000,14.00000000,train,True,aruna-juice-v4.0
2026-01-11,P008,Jus Alpukat,14,20.00000000,15.00000000,11.00000000,7.00000000,14.00000000,16.00000000,16.42857143,16.00000000,15.92857143,3.64495738,4.40279631,14.00000000,19.00000000,17.00000000,train,True,aruna-juice-v4.0
2026-01-11,P009,Jus Stroberi,15,16.00000000,14.00000000,11.00000000,13.00000000,12.00000000,17.00000000,15.85714286,17.78571429,16.53571429,2.91138978,4.72600940,15.00000000,18.00000000,19.00000000,train,True,aruna-juice-v4.0
2026-01-11,P010,Jus Jeruk,7,6.00000000,4.00000000,7.00000000,7.00000000,10.00000000,2.00000000,6.00000000,6.57142857,6.32142857,1.52752523,2.02728639,8.00000000,4.00000000,5.00000000,train,True,aruna-juice-v4.0
2026-01-11,P011,Jus Mangga,14,23.00000000,18.00000000,9.00000000,19.00000000,12.00000000,24.00000000,19.57142857,18.00000000,18.10714286,6.90065559,5.58844963,21.00000000,19.00000000,18.00000000,train,True,aruna-juice-v4.0
2026-01-12,P001,Jus Naga,4,10.00000000,6.00000000,7.00000000,5.00000000,7.00000000,9.00000000,6.42857143,6.71428571,7.28571429,2.07019668,1.97789987,11.00000000,3.00000000,3.00000000,train,True,aruna-juice-v4.0
2026-01-12,P002,Jus Semangka,8,6.00000000,9.00000000,5.00000000,6.00000000,6.00000000,5.00000000,6.71428571,6.28571429,6.21428571,2.21466971,2.16363552,8.00000000,8.00000000,7.00000000,train,True,aruna-juice-v4.0
2026-01-12,P003,Jus Jambu,6,8.00000000,9.00000000,9.00000000,10.00000000,2.00000000,3.00000000,8.85714286,8.00000000,7.96428571,2.11570094,2.32047740,5.00000000,6.00000000,8.00000000,train,True,aruna-juice-v4.0
2026-01-12,P004,Jus Pisang,4,4.00000000,3.00000000,3.00000000,12.00000000,6.00000000,5.00000000,4.57142857,4.92857143,5.28571429,1.51185789,2.52569216,8.00000000,2.00000000,5.00000000,train,True,aruna-juice-v4.0
2026-01-12,P005,Jus Nanas,12,16.00000000,17.00000000,8.00000000,22.00000000,13.00000000,22.00000000,15.00000000,15.21428571,14.85714286,5.29150262,4.64391366,16.00000000,11.00000000,15.00000000,train,True,aruna-juice-v4.0
2026-01-12,P006,Jus Melon,3,7.00000000,8.00000000,2.00000000,5.00000000,9.00000000,8.00000000,6.57142857,6.50000000,6.60714286,3.15473944,3.39116499,7.00000000,5.00000000,7.00000000,train,True,aruna-juice-v4.0
2026-01-12,P007,Jus Sirsak,14,20.00000000,19.00000000,16.00000000,18.00000000,17.00000000,23.00000000,18.42857143,17.50000000,16.46428571,5.50324580,5.51571182,20.00000000,14.00000000,11.00000000,train,True,aruna-juice-v4.0
2026-01-12,P008,Jus Alpukat,14,14.00000000,20.00000000,15.00000000,15.00000000,16.00000000,14.00000000,16.28571429,15.85714286,15.92857143,3.72890894,4.43512454,19.00000000,17.00000000,13.00000000,train,True,aruna-juice-v4.0
2026-01-12,P009,Jus Stroberi,15,15.00000000,16.00000000,14.00000000,17.00000000,15.00000000,19.00000000,15.57142857,17.78571429,16.39285714,2.87849167,4.72600940,18.00000000,19.00000000,24.00000000,train,True,aruna-juice-v4.0
2026-01-12,P010,Jus Jeruk,8,7.00000000,6.00000000,4.00000000,4.00000000,8.00000000,9.00000000,6.57142857,6.57142857,6.28571429,1.39727626,2.02728639,4.00000000,5.00000000,4.00000000,train,True,aruna-juice-v4.0
2026-01-12,P011,Jus Mangga,21,14.00000000,23.00000000,18.00000000,24.00000000,20.00000000,16.00000000,19.14285714,18.07142857,18.28571429,6.66904719,5.62226735,19.00000000,18.00000000,23.00000000,train,True,aruna-juice-v4.0
2026-01-13,P001,Jus Naga,11,4.00000000,10.00000000,6.00000000,7.00000000,9.00000000,4.00000000,7.00000000,6.85714286,7.53571429,2.70801280,2.21384256,3.00000000,3.00000000,9.00000000,train,True,aruna-juice-v4.0
2026-01-13,P002,Jus Semangka,8,8.00000000,6.00000000,9.00000000,9.00000000,10.00000000,4.00000000,6.57142857,6.14285714,6.35714286,2.07019668,1.95555001,8.00000000,7.00000000,10.00000000,train,True,aruna-juice-v4.0
2026-01-13,P003,Jus Jambu,5,6.00000000,8.00000000,9.00000000,13.00000000,7.00000000,7.00000000,7.71428571,7.85714286,7.89285714,1.60356745,2.44499938,6.00000000,8.00000000,6.00000000,train,True,aruna-juice-v4.0
2026-01-13,P004,Jus Pisang,8,4.00000000,4.00000000,3.00000000,7.00000000,5.00000000,6.00000000,4.71428571,5.14285714,5.35714286,1.79947082,2.65611465,2.00000000,5.00000000,7.00000000,train,True,aruna-juice-v4.0
2026-01-13,P005,Jus Nanas,16,12.00000000,16.00000000,17.00000000,25.00000000,13.00000000,17.00000000,13.71428571,15.42857143,14.82142857,3.09377255,4.60291355,11.00000000,15.00000000,18.00000000,train,True,aruna-juice-v4.0
2026-01-13,P006,Jus Melon,7,3.00000000,7.00000000,8.00000000,10.00000000,10.00000000,8.00000000,6.14285714,6.28571429,6.57142857,2.79455252,3.24460668,5.00000000,7.00000000,7.00000000,train,True,aruna-juice-v4.0
2026-01-13,P007,Jus Sirsak,20,14.00000000,20.00000000,19.00000000,28.00000000,27.00000000,12.00000000,17.28571429,17.00000000,16.75000000,3.72890894,4.86747447,14.00000000,11.00000000,11.00000000,train,True,aruna-juice-v4.0
2026-01-13,P008,Jus Alpukat,19,14.00000000,14.00000000,20.00000000,21.00000000,16.00000000,16.00000000,16.00000000,16.07142857,16.03571429,3.36650165,4.51432397,17.00000000,13.00000000,21.00000000,train,True,aruna-juice-v4.0
2026-01-13,P009,Jus Stroberi,18,15.00000000,15.00000000,16.00000000,18.00000000,20.00000000,18.00000000,15.57142857,17.64285714,16.39285714,2.87849167,4.68396845,19.00000000,24.00000000,10.00000000,train,True,aruna-juice-v4.0
2026-01-13,P010,Jus Jeruk,4,8.00000000,7.00000000,6.00000000,8.00000000,5.00000000,4.00000000,6.00000000,6.50000000,6.28571429,1.52752523,2.10311125,5.00000000,4.00000000,10.00000000,train,True,aruna-juice-v4.0
2026-01-13,P011,Jus Mangga,19,21.00000000,14.00000000,23.00000000,30.00000000,15.00000000,18.00000000,17.57142857,18.35714286,18.32142857,4.68533680,5.55541514,18.00000000,23.00000000,16.00000000,train,True,aruna-juice-v4.0
2026-01-14,P001,Jus Naga,3,11.00000000,4.00000000,10.00000000,7.00000000,6.00000000,10.00000000,6.42857143,6.64285714,7.28571429,3.10145895,2.43712134,3.00000000,9.00000000,12.00000000,train,True,aruna-juice-v4.0
2026-01-14,P002,Jus Semangka,8,8.00000000,8.00000000,6.00000000,3.00000000,4.00000000,8.00000000,7.28571429,6.42857143,6.35714286,1.38013112,1.91006588,7.00000000,10.00000000,9.00000000,train,True,aruna-juice-v4.0
2026-01-14,P003,Jus Jambu,6,5.00000000,6.00000000,8.00000000,8.00000000,9.00000000,10.00000000,7.42857143,7.64285714,7.75000000,1.71824939,2.46848265,8.00000000,6.00000000,6.00000000,train,True,aruna-juice-v4.0
2026-01-14,P004,Jus Pisang,2,8.00000000,4.00000000,4.00000000,5.00000000,6.00000000,7.00000000,4.28571429,4.85714286,5.17857143,2.05866346,2.76953600,5.00000000,7.00000000,2.00000000,train,True,aruna-juice-v4.0
2026-01-14,P005,Jus Nanas,11,16.00000000,12.00000000,16.00000000,14.00000000,13.00000000,13.00000000,13.28571429,15.28571429,14.75000000,3.25137334,4.71378619,15.00000000,18.00000000,19.00000000,train,True,aruna-juice-v4.0
2026-01-14,P006,Jus Melon,5,7.00000000,3.00000000,7.00000000,10.00000000,3.00000000,7.00000000,5.42857143,6.42857143,6.50000000,2.22539456,3.13084618,7.00000000,7.00000000,6.00000000,train,True,aruna-juice-v4.0
2026-01-14,P007,Jus Sirsak,14,20.00000000,14.00000000,20.00000000,21.00000000,14.00000000,17.00000000,16.28571429,17.00000000,16.64285714,3.49829891,4.86747447,11.00000000,11.00000000,14.00000000,train,True,aruna-juice-v4.0
2026-01-14,P008,Jus Alpukat,17,19.00000000,14.00000000,14.00000000,19.00000000,16.00000000,17.00000000,15.71428571,16.14285714,16.03571429,3.14718317,4.52101321,13.00000000,21.00000000,18.00000000,train,True,aruna-juice-v4.0
2026-01-14,P009,Jus Stroberi,19,18.00000000,15.00000000,15.00000000,20.00000000,15.00000000,11.00000000,15.42857143,17.92857143,16.67857143,2.63673680,4.63206692,24.00000000,10.00000000,26.00000000,train,True,aruna-juice-v4.0
2026-01-14,P010,Jus Jeruk,5,4.00000000,8.00000000,7.00000000,6.00000000,7.00000000,8.00000000,5.85714286,6.35714286,6.17857143,1.57359158,2.13423172,4.00000000,10.00000000,15.00000000,train,True,aruna-juice-v4.0
2026-01-14,P011,Jus Mangga,18,19.00000000,21.00000000,14.00000000,19.00000000,11.00000000,24.00000000,17.42857143,18.85714286,18.10714286,4.64962876,5.14194131,23.00000000,16.00000000,27.00000000,train,True,aruna-juice-v4.0
2026-01-15,P001,Jus Naga,3,3.00000000,11.00000000,4.00000000,4.00000000,8.00000000,2.00000000,6.28571429,6.28571429,7.32142857,3.25137334,2.58482469,9.00000000,12.00000000,11.00000000,train,True,aruna-juice-v4.0
2026-01-15,P002,Jus Semangka,7,8.00000000,8.00000000,8.00000000,7.00000000,7.00000000,7.00000000,7.28571429,6.42857143,6.35714286,1.38013112,1.91006588,10.00000000,9.00000000,6.00000000,train,True,aruna-juice-v4.0
2026-01-15,P003,Jus Jambu,8,6.00000000,5.00000000,6.00000000,9.00000000,8.00000000,12.00000000,7.28571429,7.64285714,7.60714286,1.60356745,2.46848265,6.00000000,6.00000000,8.00000000,train,True,aruna-juice-v4.0
2026-01-15,P004,Jus Pisang,5,2.00000000,8.00000000,4.00000000,6.00000000,6.00000000,5.00000000,4.14285714,4.78571429,5.17857143,1.95180015,2.75062430,7.00000000,2.00000000,9.00000000,train,True,aruna-juice-v4.0
2026-01-15,P005,Jus Nanas,15,11.00000000,16.00000000,12.00000000,13.00000000,21.00000000,16.00000000,13.57142857,14.85714286,14.71428571,3.30943816,4.41774643,18.00000000,19.00000000,9.00000000,train,True,aruna-juice-v4.0
2026-01-15,P006,Jus Melon,7,5.00000000,7.00000000,3.00000000,6.00000000,13.00000000,6.00000000,5.57142857,6.00000000,6.53571429,2.29906813,2.51151196,7.00000000,6.00000000,7.00000000,train,True,aruna-juice-v4.0
2026-01-15,P007,Jus Sirsak,11,14.00000000,20.00000000,14.00000000,11.00000000,19.00000000,10.00000000,16.28571429,16.42857143,16.67857143,3.49829891,5.07958638,11.00000000,14.00000000,13.00000000,train,True,aruna-juice-v4.0
2026-01-15,P008,Jus Alpukat,13,17.00000000,19.00000000,14.00000000,11.00000000,25.00000000,12.00000000,16.00000000,15.28571429,16.07142857,2.70801280,3.79125657,21.00000000,18.00000000,18.00000000,train,True,aruna-juice-v4.0
2026-01-15,P009,Jus Stroberi,24,19.00000000,18.00000000,15.00000000,11.00000000,27.00000000,15.00000000,17.28571429,17.71428571,17.00000000,3.45032780,4.23226747,10.00000000,26.00000000,16.00000000,train,True,aruna-juice-v4.0
2026-01-15,P010,Jus Jeruk,4,5.00000000,4.00000000,8.00000000,7.00000000,12.00000000,1.00000000,5.42857143,5.78571429,6.28571429,1.61834719,1.47692880,10.00000000,15.00000000,6.00000000,train,True,aruna-juice-v4.0
2026-01-15,P011,Jus Mangga,23,18.00000000,19.00000000,21.00000000,9.00000000,12.00000000,23.00000000,19.42857143,19.64285714,18.10714286,3.20713490,4.84541247,16.00000000,27.00000000,22.00000000,train,True,aruna-juice-v4.0
2026-01-16,P001,Jus Naga,9,3.00000000,3.00000000,11.00000000,7.00000000,9.00000000,6.00000000,6.57142857,6.28571429,7.42857143,3.40867241,2.58482469,12.00000000,11.00000000,12.00000000,train,True,aruna-juice-v4.0
2026-01-16,P002,Jus Semangka,10,7.00000000,8.00000000,8.00000000,5.00000000,4.00000000,7.00000000,8.00000000,6.85714286,6.46428571,1.29099445,1.99449793,9.00000000,6.00000000,13.00000000,train,True,aruna-juice-v4.0
2026-01-16,P003,Jus Jambu,6,8.00000000,6.00000000,5.00000000,9.00000000,4.00000000,10.00000000,6.85714286,7.78571429,7.46428571,1.46385011,2.29308564,6.00000000,8.00000000,9.00000000,train,True,aruna-juice-v4.0
2026-01-16,P004,Jus Pisang,7,5.00000000,2.00000000,8.00000000,3.00000000,3.00000000,7.00000000,4.71428571,5.07142857,5.17857143,2.13808994,2.75860293,2.00000000,9.00000000,3.00000000,train,True,aruna-juice-v4.0
2026-01-16,P005,Jus Nanas,18,15.00000000,11.00000000,16.00000000,8.00000000,11.00000000,15.00000000,15.00000000,15.35714286,14.82142857,2.58198890,4.34311379,19.00000000,9.00000000,13.00000000,train,True,aruna-juice-v4.0
2026-01-16,P006,Jus Melon,7,7.00000000,5.00000000,7.00000000,2.00000000,2.00000000,8.00000000,6.28571429,6.35714286,6.50000000,1.70433621,2.23975077,6.00000000,7.00000000,6.00000000,train,True,aruna-juice-v4.0
2026-01-16,P007,Jus Sirsak,11,11.00000000,14.00000000,20.00000000,16.00000000,17.00000000,26.00000000,15.57142857,16.00000000,16.14285714,4.03555625,5.27694550,14.00000000,13.00000000,21.00000000,train,True,aruna-juice-v4.0
2026-01-16,P008,Jus Alpukat,21,13.00000000,17.00000000,19.00000000,15.00000000,16.00000000,15.00000000,16.85714286,15.64285714,16.28571429,3.23669437,4.08763883,18.00000000,18.00000000,15.00000000,train,True,aruna-juice-v4.0
2026-01-16,P009,Jus Stroberi,10,24.00000000,19.00000000,18.00000000,14.00000000,22.00000000,13.00000000,16.71428571,16.85714286,16.89285714,4.30945804,4.50396651,26.00000000,16.00000000,19.00000000,train,True,aruna-juice-v4.0
2026-01-16,P010,Jus Jeruk,10,4.00000000,5.00000000,4.00000000,4.00000000,5.00000000,5.00000000,6.28571429,6.14285714,6.46428571,2.21466971,1.83374954,15.00000000,6.00000000,5.00000000,train,True,aruna-juice-v4.0
2026-01-16,P011,Jus Mangga,16,23.00000000,18.00000000,19.00000000,18.00000000,20.00000000,19.00000000,19.14285714,19.35714286,18.00000000,3.43649877,4.93974685,27.00000000,22.00000000,21.00000000,train,True,aruna-juice-v4.0
2026-01-17,P001,Jus Naga,12,9.00000000,3.00000000,3.00000000,6.00000000,4.00000000,10.00000000,7.42857143,6.85714286,7.50000000,3.95209408,2.90509216,11.00000000,12.00000000,10.00000000,train,True,aruna-juice-v4.0
2026-01-17,P002,Jus Semangka,9,10.00000000,7.00000000,8.00000000,9.00000000,4.00000000,6.00000000,8.00000000,7.21428571,6.57142857,1.29099445,1.88836810,6.00000000,13.00000000,5.00000000,train,True,aruna-juice-v4.0
2026-01-17,P003,Jus Jambu,6,6.00000000,8.00000000,6.00000000,9.00000000,8.00000000,11.00000000,6.42857143,7.64285714,7.28571429,1.13389342,2.34051746,8.00000000,9.00000000,3.00000000,train,True,aruna-juice-v4.0
2026-01-17,P004,Jus Pisang,2,7.00000000,5.00000000,2.00000000,3.00000000,3.00000000,5.00000000,4.57142857,5.00000000,5.07142857,2.29906813,2.82842712,9.00000000,3.00000000,4.00000000,train,True,aruna-juice-v4.0
2026-01-17,P005,Jus Nanas,19,18.00000000,15.00000000,11.00000000,17.00000000,15.00000000,13.00000000,15.28571429,15.64285714,15.03571429,2.92770022,4.44811356,9.00000000,13.00000000,20.00000000,train,True,aruna-juice-v4.0
2026-01-17,P006,Jus Melon,6,7.00000000,7.00000000,5.00000000,8.00000000,6.00000000,9.00000000,6.00000000,6.35714286,6.39285714,1.52752523,2.23975077,7.00000000,6.00000000,6.00000000,train,True,aruna-juice-v4.0
2026-01-17,P007,Jus Sirsak,14,11.00000000,11.00000000,14.00000000,19.00000000,9.00000000,20.00000000,14.85714286,16.35714286,15.92857143,3.76069902,4.92414995,13.00000000,21.00000000,18.00000000,train,True,aruna-juice-v4.0
2026-01-17,P008,Jus Alpukat,18,21.00000000,13.00000000,17.00000000,20.00000000,13.00000000,15.00000000,16.57142857,16.00000000,16.39285714,2.99205297,4.05728215,18.00000000,15.00000000,18.00000000,train,True,aruna-juice-v4.0
2026-01-17,P009,Jus Stroberi,26,10.00000000,24.00000000,19.00000000,16.00000000,26.00000000,12.00000000,18.14285714,16.85714286,17.39285714,5.52052447,4.50396651,16.00000000,19.00000000,29.00000000,train,True,aruna-juice-v4.0
2026-01-17,P010,Jus Jeruk,15,10.00000000,4.00000000,5.00000000,6.00000000,6.00000000,7.00000000,7.57142857,6.78571429,6.75000000,3.95209408,2.99174689,6.00000000,5.00000000,7.00000000,train,True,aruna-juice-v4.0
2026-01-17,P011,Jus Mangga,27,16.00000000,23.00000000,18.00000000,23.00000000,18.00000000,10.00000000,19.71428571,20.00000000,18.60714286,4.38612531,5.32049737,22.00000000,21.00000000,17.00000000,train,True,aruna-juice-v4.0
2026-01-18,P001,Jus Naga,11,12.00000000,9.00000000,3.00000000,10.00000000,8.00000000,10.00000000,7.57142857,7.07142857,7.53571429,4.07664661,3.09998228,12.00000000,10.00000000,5.00000000,train,True,aruna-juice-v4.0
2026-01-18,P002,Jus Semangka,6,9.00000000,10.00000000,7.00000000,6.00000000,6.00000000,6.00000000,8.00000000,7.21428571,6.57142857,1.29099445,1.88836810,13.00000000,5.00000000,11.00000000,train,True,aruna-juice-v4.0
2026-01-18,P003,Jus Jambu,8,6.00000000,6.00000000,8.00000000,8.00000000,4.00000000,8.00000000,6.42857143,7.92857143,7.28571429,1.13389342,2.09263491,9.00000000,3.00000000,9.00000000,train,True,aruna-juice-v4.0
2026-01-18,P004,Jus Pisang,9,2.00000000,7.00000000,5.00000000,4.00000000,2.00000000,4.00000000,5.28571429,5.50000000,5.25000000,2.81154084,2.87562702,3.00000000,4.00000000,5.00000000,train,True,aruna-juice-v4.0
2026-01-18,P005,Jus Nanas,9,19.00000000,18.00000000,15.00000000,16.00000000,13.00000000,17.00000000,14.28571429,15.35714286,14.75000000,3.72890894,4.74920468,13.00000000,20.00000000,13.00000000,train,True,aruna-juice-v4.0
2026-01-18,P006,Jus Melon,7,6.00000000,7.00000000,7.00000000,7.00000000,6.00000000,9.00000000,6.00000000,6.42857143,6.32142857,1.52752523,2.24342752,6.00000000,6.00000000,7.00000000,train,True,aruna-juice-v4.0
2026-01-18,P007,Jus Sirsak,13,14.00000000,11.00000000,11.00000000,20.00000000,12.00000000,11.00000000,13.85714286,16.42857143,16.00000000,3.02371578,4.86295709,21.00000000,18.00000000,18.00000000,train,True,aruna-juice-v4.0
2026-01-18,P008,Jus Alpukat,18,18.00000000,21.00000000,13.00000000,14.00000000,7.00000000,14.00000000,17.14285714,16.78571429,16.53571429,2.79455252,3.14223271,15.00000000,18.00000000,17.00000000,train,True,aruna-juice-v4.0
2026-01-18,P009,Jus Stroberi,16,26.00000000,10.00000000,24.00000000,15.00000000,13.00000000,18.00000000,18.28571429,17.07142857,17.32142857,5.43796180,4.37588296,19.00000000,29.00000000,17.00000000,train,True,aruna-juice-v4.0
2026-01-18,P010,Jus Jeruk,6,15.00000000,10.00000000,4.00000000,7.00000000,7.00000000,5.00000000,7.42857143,6.71428571,6.78571429,3.99404318,2.99816794,5.00000000,7.00000000,6.00000000,train,True,aruna-juice-v4.0
2026-01-18,P011,Jus Mangga,22,27.00000000,16.00000000,23.00000000,14.00000000,19.00000000,17.00000000,20.85714286,20.21428571,18.78571429,3.62530787,5.33750981,21.00000000,17.00000000,16.00000000,train,True,aruna-juice-v4.0
2026-01-19,P001,Jus Naga,12,11.00000000,12.00000000,9.00000000,4.00000000,5.00000000,12.00000000,8.71428571,7.57142857,7.53571429,4.02965200,3.29835124,10.00000000,5.00000000,5.00000000,train,True,aruna-juice-v4.0
2026-01-19,P002,Jus Semangka,13,6.00000000,9.00000000,10.00000000,8.00000000,6.00000000,3.00000000,8.71428571,7.71428571,6.92857143,2.28868854,2.39963367,5.00000000,11.00000000,4.00000000,train,True,aruna-juice-v4.0
2026-01-19,P003,Jus Jambu,9,8.00000000,6.00000000,6.00000000,6.00000000,10.00000000,5.00000000,6.85714286,7.85714286,7.42857143,1.46385011,2.03269972,3.00000000,9.00000000,5.00000000,train,True,aruna-juice-v4.0
2026-01-19,P004,Jus Pisang,3,9.00000000,2.00000000,7.00000000,4.00000000,12.00000000,3.00000000,5.14285714,4.85714286,5.25000000,2.91138978,2.24832050,4.00000000,5.00000000,5.00000000,train,True,aruna-juice-v4.0
2026-01-19,P005,Jus Nanas,13,9.00000000,19.00000000,18.00000000,12.00000000,22.00000000,18.00000000,14.42857143,14.71428571,14.57142857,3.64495738,4.37525509,20.00000000,13.00000000,12.00000000,train,True,aruna-juice-v4.0
2026-01-19,P006,Jus Melon,6,7.00000000,6.00000000,7.00000000,3.00000000,5.00000000,4.00000000,6.42857143,6.50000000,6.39285714,0.78679579,2.21011660,6.00000000,7.00000000,8.00000000,train,True,aruna-juice-v4.0
2026-01-19,P007,Jus Sirsak,21,13.00000000,14.00000000,11.00000000,14.00000000,18.00000000,19.00000000,14.85714286,16.64285714,16.07142857,4.05908739,5.00164808,18.00000000,18.00000000,24.00000000,train,True,aruna-juice-v4.0
2026-01-19,P008,Jus Alpukat,15,18.00000000,18.00000000,21.00000000,14.00000000,15.00000000,24.00000000,17.28571429,16.78571429,16.21428571,2.62769136,3.14223271,18.00000000,17.00000000,11.00000000,train,True,aruna-juice-v4.0
2026-01-19,P009,Jus Stroberi,19,16.00000000,26.00000000,10.00000000,15.00000000,17.00000000,15.00000000,18.85714286,17.21428571,17.46428571,5.24177360,4.40591510,29.00000000,17.00000000,15.00000000,train,True,aruna-juice-v4.0
2026-01-19,P010,Jus Jeruk,5,6.00000000,15.00000000,10.00000000,8.00000000,4.00000000,5.00000000,7.00000000,6.78571429,6.78571429,4.08248290,2.93987366,7.00000000,6.00000000,6.00000000,train,True,aruna-juice-v4.0
2026-01-19,P011,Jus Mangga,21,22.00000000,27.00000000,16.00000000,21.00000000,24.00000000,18.00000000,20.85714286,20.00000000,18.89285714,3.62530787,5.23303119,17.00000000,16.00000000,17.00000000,train,True,aruna-juice-v4.0
2026-01-20,P001,Jus Naga,10,12.00000000,11.00000000,12.00000000,11.00000000,7.00000000,12.00000000,8.57142857,7.78571429,7.46428571,3.95209408,3.35533035,5.00000000,5.00000000,10.00000000,train,True,aruna-juice-v4.0
2026-01-20,P002,Jus Semangka,5,13.00000000,6.00000000,9.00000000,8.00000000,9.00000000,7.00000000,8.28571429,7.42857143,6.85714286,2.69037084,2.47181919,11.00000000,4.00000000,4.00000000,train,True,aruna-juice-v4.0
2026-01-20,P003,Jus Jambu,3,9.00000000,8.00000000,6.00000000,5.00000000,13.00000000,9.00000000,6.57142857,7.14285714,7.21428571,1.98805959,1.83374954,9.00000000,5.00000000,8.00000000,train,True,aruna-juice-v4.0
2026-01-20,P004,Jus Pisang,4,3.00000000,9.00000000,2.00000000,8.00000000,7.00000000,13.00000000,4.57142857,4.64285714,4.92857143,2.63673680,2.16997493,5.00000000,5.00000000,2.00000000,train,True,aruna-juice-v4.0
2026-01-20,P005,Jus Nanas,20,13.00000000,9.00000000,19.00000000,16.00000000,25.00000000,20.00000000,15.00000000,14.35714286,14.57142857,4.20317340,3.60783640,13.00000000,12.00000000,17.00000000,train,True,aruna-juice-v4.0
2026-01-20,P006,Jus Melon,6,6.00000000,7.00000000,6.00000000,7.00000000,10.00000000,5.00000000,6.28571429,6.21428571,6.42857143,0.75592895,1.96815304,7.00000000,8.00000000,8.00000000,train,True,aruna-juice-v4.0
2026-01-20,P007,Jus Sirsak,18,21.00000000,13.00000000,14.00000000,20.00000000,28.00000000,17.00000000,14.57142857,15.92857143,16.10714286,3.69039938,3.83233782,18.00000000,24.00000000,14.00000000,train,True,aruna-juice-v4.0
2026-01-20,P008,Jus Alpukat,18,15.00000000,18.00000000,18.00000000,19.00000000,21.00000000,17.00000000,17.14285714,16.57142857,16.25000000,2.54483604,2.92770022,17.00000000,11.00000000,10.00000000,train,True,aruna-juice-v4.0
2026-01-20,P009,Jus Stroberi,29,19.00000000,16.00000000,26.00000000,18.00000000,18.00000000,13.00000000,20.42857143,18.00000000,18.03571429,6.45128263,5.42075782,17.00000000,15.00000000,9.00000000,train,True,aruna-juice-v4.0
2026-01-20,P010,Jus Jeruk,7,5.00000000,6.00000000,15.00000000,4.00000000,8.00000000,4.00000000,7.42857143,6.71428571,6.89285714,3.86683087,2.92018365,6.00000000,6.00000000,6.00000000,train,True,aruna-juice-v4.0
2026-01-20,P011,Jus Mangga,17,21.00000000,22.00000000,27.00000000,19.00000000,30.00000000,18.00000000,20.57142857,19.07142857,18.85714286,3.86683087,4.41090058,16.00000000,17.00000000,22.00000000,train,True,aruna-juice-v4.0
2026-01-21,P001,Jus Naga,5,10.00000000,12.00000000,11.00000000,3.00000000,7.00000000,12.00000000,8.85714286,7.64285714,7.21428571,3.53216513,3.43303281,5.00000000,10.00000000,7.00000000,train,True,aruna-juice-v4.0
2026-01-21,P002,Jus Semangka,11,5.00000000,13.00000000,6.00000000,8.00000000,3.00000000,9.00000000,8.71428571,8.00000000,6.92857143,2.87020822,2.28708750,4.00000000,4.00000000,6.00000000,train,True,aruna-juice-v4.0
2026-01-21,P003,Jus Jambu,9,3.00000000,9.00000000,8.00000000,6.00000000,8.00000000,11.00000000,7.00000000,7.21428571,7.14285714,2.16024690,1.88836810,5.00000000,8.00000000,6.00000000,train,True,aruna-juice-v4.0
2026-01-21,P004,Jus Pisang,5,4.00000000,3.00000000,9.00000000,2.00000000,5.00000000,7.00000000,5.00000000,4.64285714,4.85714286,2.38047614,2.16997493,5.00000000,2.00000000,3.00000000,train,True,aruna-juice-v4.0
2026-01-21,P005,Jus Nanas,13,20.00000000,13.00000000,9.00000000,11.00000000,14.00000000,16.00000000,15.28571429,14.28571429,14.46428571,3.94606495,3.62530787,12.00000000,17.00000000,22.00000000,train,True,aruna-juice-v4.0
2026-01-21,P006,Jus Melon,7,6.00000000,6.00000000,7.00000000,5.00000000,10.00000000,6.00000000,6.57142857,6.00000000,6.46428571,0.53452248,1.66410059,8.00000000,8.00000000,3.00000000,train,True,aruna-juice-v4.0
2026-01-21,P007,Jus Sirsak,18,18.00000000,21.00000000,13.00000000,14.00000000,21.00000000,12.00000000,15.14285714,15.71428571,16.32142857,3.89138242,3.60402705,24.00000000,14.00000000,12.00000000,train,True,aruna-juice-v4.0
2026-01-21,P008,Jus Alpukat,17,18.00000000,15.00000000,18.00000000,17.00000000,19.00000000,19.00000000,17.14285714,16.42857143,16.17857143,2.54483604,2.84778688,11.00000000,10.00000000,15.00000000,train,True,aruna-juice-v4.0
2026-01-21,P009,Jus Stroberi,17,29.00000000,19.00000000,16.00000000,19.00000000,20.00000000,18.00000000,20.14285714,17.78571429,18.00000000,6.56832225,5.39484899,15.00000000,9.00000000,15.00000000,train,True,aruna-juice-v4.0
2026-01-21,P010,Jus Jeruk,6,7.00000000,5.00000000,6.00000000,5.00000000,6.00000000,8.00000000,7.57142857,6.71428571,6.82142857,3.77964473,2.92018365,6.00000000,6.00000000,2.00000000,train,True,aruna-juice-v4.0
2026-01-21,P011,Jus Mangga,16,17.00000000,21.00000000,22.00000000,18.00000000,19.00000000,28.00000000,20.28571429,18.85714286,18.42857143,4.15187852,4.48685504,17.00000000,22.00000000,18.00000000,train,True,aruna-juice-v4.0
2026-01-22,P001,Jus Naga,5,5.00000000,10.00000000,12.00000000,3.00000000,4.00000000,8.00000000,9.14285714,7.71428571,7.10714286,3.02371578,3.36105687,10.00000000,7.00000000,7.00000000,train,True,aruna-juice-v4.0
2026-01-22,P002,Jus Semangka,4,11.00000000,5.00000000,13.00000000,7.00000000,7.00000000,1.00000000,8.28571429,7.78571429,7.03571429,3.35232684,2.51697533,4.00000000,6.00000000,3.00000000,train,True,aruna-juice-v4.0
2026-01-22,P003,Jus Jambu,5,9.00000000,3.00000000,9.00000000,8.00000000,9.00000000,10.00000000,6.57142857,6.92857143,6.96428571,2.22539456,1.89997108,8.00000000,6.00000000,5.00000000,train,True,aruna-juice-v4.0
2026-01-22,P004,Jus Pisang,5,5.00000000,4.00000000,3.00000000,5.00000000,6.00000000,5.00000000,5.00000000,4.57142857,4.85714286,2.38047614,2.13808994,2.00000000,3.00000000,2.00000000,train,True,aruna-juice-v4.0
2026-01-22,P005,Jus Nanas,12,13.00000000,20.00000000,13.00000000,15.00000000,13.00000000,10.00000000,14.85714286,14.21428571,14.53571429,4.14039336,3.66225175,17.00000000,22.00000000,19.00000000,train,True,aruna-juice-v4.0
2026-01-22,P006,Jus Melon,8,7.00000000,6.00000000,6.00000000,7.00000000,6.00000000,4.00000000,6.71428571,6.14285714,6.60714286,0.75592895,1.74784011,8.00000000,3.00000000,6.00000000,train,True,aruna-juice-v4.0
2026-01-22,P007,Jus Sirsak,24,18.00000000,18.00000000,21.00000000,11.00000000,11.00000000,16.00000000,17.00000000,16.64285714,16.60714286,4.61880215,3.95371574,14.00000000,12.00000000,15.00000000,train,True,aruna-juice-v4.0
2026-01-22,P008,Jus Alpukat,11,17.00000000,18.00000000,15.00000000,13.00000000,11.00000000,17.00000000,16.85714286,16.42857143,15.96428571,3.13201593,2.84778688,10.00000000,15.00000000,13.00000000,train,True,aruna-juice-v4.0
2026-01-22,P009,Jus Stroberi,15,17.00000000,29.00000000,19.00000000,24.00000000,11.00000000,15.00000000,18.85714286,18.07142857,18.00000000,6.56832225,5.10601886,9.00000000,15.00000000,17.00000000,train,True,aruna-juice-v4.0
2026-01-22,P010,Jus Jeruk,6,6.00000000,7.00000000,5.00000000,4.00000000,7.00000000,5.00000000,7.85714286,6.64285714,6.85714286,3.53216513,2.92488377,6.00000000,2.00000000,8.00000000,train,True,aruna-juice-v4.0
2026-01-22,P011,Jus Mangga,17,16.00000000,17.00000000,21.00000000,23.00000000,9.00000000,23.00000000,19.42857143,19.42857143,18.21428571,4.11732692,3.54562104,22.00000000,18.00000000,15.00000000,train,True,aruna-juice-v4.0
2026-01-23,P001,Jus Naga,10,5.00000000,5.00000000,10.00000000,9.00000000,7.00000000,5.00000000,9.28571429,7.92857143,7.28571429,3.03942350,3.40732888,7.00000000,7.00000000,5.00000000,train,True,aruna-juice-v4.0
2026-01-23,P002,Jus Semangka,4,4.00000000,11.00000000,5.00000000,10.00000000,5.00000000,5.00000000,7.42857143,7.71428571,7.00000000,3.59894164,2.61441482,6.00000000,3.00000000,10.00000000,train,True,aruna-juice-v4.0
2026-01-23,P003,Jus Jambu,8,5.00000000,9.00000000,3.00000000,6.00000000,9.00000000,7.00000000,6.85714286,6.85714286,7.00000000,2.26778684,1.83374954,6.00000000,5.00000000,7.00000000,train,True,aruna-juice-v4.0
2026-01-23,P004,Jus Pisang,2,5.00000000,5.00000000,4.00000000,7.00000000,3.00000000,3.00000000,4.28571429,4.50000000,4.82142857,2.42997159,2.21011660,3.00000000,2.00000000,8.00000000,train,True,aruna-juice-v4.0
2026-01-23,P005,Jus Nanas,17,12.00000000,13.00000000,20.00000000,18.00000000,8.00000000,12.00000000,14.71428571,14.85714286,14.71428571,4.02965200,3.25475139,22.00000000,19.00000000,20.00000000,train,True,aruna-juice-v4.0
2026-01-23,P006,Jus Melon,8,8.00000000,7.00000000,6.00000000,7.00000000,2.00000000,9.00000000,6.85714286,6.57142857,6.57142857,0.89973541,1.34245961,3.00000000,6.00000000,4.00000000,train,True,aruna-juice-v4.0
2026-01-23,P007,Jus Sirsak,14,24.00000000,18.00000000,18.00000000,11.00000000,16.00000000,13.00000000,17.42857143,16.50000000,16.64285714,4.07664661,4.01439717,12.00000000,15.00000000,16.00000000,train,True,aruna-juice-v4.0
2026-01-23,P008,Jus Alpukat,10,11.00000000,17.00000000,18.00000000,21.00000000,15.00000000,15.00000000,15.28571429,16.07142857,15.78571429,3.45032780,3.31579636,15.00000000,13.00000000,24.00000000,train,True,aruna-juice-v4.0
2026-01-23,P009,Jus Stroberi,9,15.00000000,17.00000000,29.00000000,10.00000000,14.00000000,21.00000000,18.71428571,17.71428571,17.57142857,6.79985994,5.56677743,15.00000000,17.00000000,9.00000000,train,True,aruna-juice-v4.0
2026-01-23,P010,Jus Jeruk,6,6.00000000,6.00000000,7.00000000,10.00000000,4.00000000,7.00000000,7.28571429,6.78571429,6.82142857,3.45032780,2.83327947,2.00000000,8.00000000,5.00000000,train,True,aruna-juice-v4.0
2026-01-23,P011,Jus Mangga,22,17.00000000,16.00000000,17.00000000,16.00000000,18.00000000,10.00000000,20.28571429,19.71428571,18.64285714,3.90360029,3.58261983,18.00000000,15.00000000,23.00000000,train,True,aruna-juice-v4.0
2026-01-24,P001,Jus Naga,7,10.00000000,5.00000000,5.00000000,12.00000000,6.00000000,6.00000000,8.57142857,8.00000000,7.32142857,2.87849167,3.37410957,7.00000000,5.00000000,9.00000000,train,True,aruna-juice-v4.0
2026-01-24,P002,Jus Semangka,6,4.00000000,4.00000000,11.00000000,9.00000000,9.00000000,9.00000000,7.00000000,7.50000000,6.89285714,3.55902608,2.62385506,3.00000000,10.00000000,6.00000000,train,True,aruna-juice-v4.0
2026-01-24,P003,Jus Jambu,6,8.00000000,5.00000000,9.00000000,6.00000000,9.00000000,4.00000000,6.85714286,6.64285714,7.07142857,2.26778684,1.73680267,5.00000000,7.00000000,9.00000000,train,True,aruna-juice-v4.0
2026-01-24,P004,Jus Pisang,3,2.00000000,5.00000000,5.00000000,2.00000000,3.00000000,3.00000000,4.42857143,4.50000000,4.82142857,2.29906813,2.21011660,2.00000000,8.00000000,6.00000000,train,True,aruna-juice-v4.0
2026-01-24,P005,Jus Nanas,22,17.00000000,12.00000000,13.00000000,19.00000000,17.00000000,13.00000000,15.14285714,15.21428571,15.03571429,4.67006679,3.74532676,19.00000000,20.00000000,12.00000000,train,True,aruna-juice-v4.0
2026-01-24,P006,Jus Melon,3,8.00000000,8.00000000,7.00000000,6.00000000,8.00000000,4.00000000,6.42857143,6.21428571,6.53571429,1.71824939,1.57765997,6.00000000,4.00000000,8.00000000,train,True,aruna-juice-v4.0
2026-01-24,P007,Jus Sirsak,12,14.00000000,24.00000000,18.00000000,14.00000000,19.00000000,13.00000000,17.14285714,16.00000000,16.60714286,4.41318371,4.11376676,15.00000000,16.00000000,17.00000000,train,True,aruna-juice-v4.0
2026-01-24,P008,Jus Alpukat,15,10.00000000,11.00000000,17.00000000,18.00000000,20.00000000,13.00000000,14.85714286,15.71428571,15.85714286,3.23669437,3.12381846,13.00000000,24.00000000,12.00000000,train,True,aruna-juice-v4.0
2026-01-24,P009,Jus Stroberi,15,9.00000000,15.00000000,17.00000000,26.00000000,16.00000000,14.00000000,17.14285714,17.64285714,17.60714286,6.06708528,5.59680050,17.00000000,9.00000000,28.00000000,train,True,aruna-juice-v4.0
2026-01-24,P010,Jus Jeruk,2,6.00000000,6.00000000,6.00000000,15.00000000,6.00000000,7.00000000,5.42857143,6.50000000,6.64285714,1.61834719,3.10706391,8.00000000,5.00000000,3.00000000,train,True,aruna-juice-v4.0
2026-01-24,P011,Jus Mangga,18,22.00000000,17.00000000,16.00000000,27.00000000,23.00000000,19.00000000,19.00000000,19.35714286,18.60714286,2.58198890,3.47755756,15.00000000,23.00000000,16.00000000,train,True,aruna-juice-v4.0
2026-01-25,P001,Jus Naga,7,7.00000000,10.00000000,5.00000000,11.00000000,10.00000000,6.00000000,8.00000000,7.78571429,7.35714286,2.70801280,3.33232586,5.00000000,9.00000000,8.00000000,train,True,aruna-juice-v4.0
2026-01-25,P002,Jus Semangka,3,6.00000000,4.00000000,4.00000000,6.00000000,6.00000000,8.00000000,6.57142857,7.28571429,6.71428571,3.86683087,2.86701591,10.00000000,6.00000000,8.00000000,train,True,aruna-juice-v4.0
2026-01-25,P003,Jus Jambu,5,6.00000000,8.00000000,5.00000000,8.00000000,8.00000000,5.00000000,6.42857143,6.42857143,7.07142857,2.29906813,1.74154157,7.00000000,9.00000000,10.00000000,train,True,aruna-juice-v4.0
2026-01-25,P004,Jus Pisang,2,3.00000000,2.00000000,5.00000000,9.00000000,4.00000000,5.00000000,3.42857143,4.35714286,4.71428571,1.27241802,2.30741757,8.00000000,6.00000000,3.00000000,train,True,aruna-juice-v4.0
2026-01-25,P005,Jus Nanas,19,22.00000000,17.00000000,12.00000000,9.00000000,16.00000000,10.00000000,16.57142857,15.42857143,15.35714286,3.95209408,3.87723704,20.00000000,12.00000000,19.00000000,train,True,aruna-juice-v4.0
2026-01-25,P006,Jus Melon,6,3.00000000,8.00000000,8.00000000,7.00000000,7.00000000,6.00000000,6.28571429,6.14285714,6.53571429,1.70433621,1.56190923,4.00000000,8.00000000,5.00000000,train,True,aruna-juice-v4.0
2026-01-25,P007,Jus Sirsak,15,12.00000000,14.00000000,24.00000000,13.00000000,20.00000000,13.00000000,17.42857143,15.64285714,16.67857143,4.15760920,3.95371574,16.00000000,17.00000000,17.00000000,train,True,aruna-juice-v4.0
2026-01-25,P008,Jus Alpukat,13,15.00000000,10.00000000,11.00000000,18.00000000,14.00000000,14.00000000,14.14285714,15.64285714,15.82142857,2.96808420,3.17701221,24.00000000,12.00000000,21.00000000,train,True,aruna-juice-v4.0
2026-01-25,P009,Jus Stroberi,17,15.00000000,9.00000000,15.00000000,16.00000000,15.00000000,12.00000000,17.28571429,17.78571429,17.78571429,6.04743157,5.54947775,9.00000000,28.00000000,18.00000000,train,True,aruna-juice-v4.0
2026-01-25,P010,Jus Jeruk,8,2.00000000,6.00000000,6.00000000,6.00000000,7.00000000,10.00000000,5.71428571,6.57142857,6.57142857,1.88982237,3.13084618,5.00000000,3.00000000,4.00000000,train,True,aruna-juice-v4.0
2026-01-25,P011,Jus Mangga,15,18.00000000,22.00000000,17.00000000,22.00000000,14.00000000,12.00000000,18.00000000,19.42857143,18.71428571,2.58198890,3.36758954,23.00000000,16.00000000,26.00000000,train,True,aruna-juice-v4.0
2026-01-26,P001,Jus Naga,5,7.00000000,7.00000000,10.00000000,12.00000000,4.00000000,7.00000000,7.00000000,7.85714286,7.28571429,2.23606798,3.25475139,9.00000000,8.00000000,8.00000000,train,True,aruna-juice-v4.0
2026-01-26,P002,Jus Semangka,10,3.00000000,6.00000000,4.00000000,13.00000000,8.00000000,6.00000000,6.14285714,7.42857143,6.85714286,3.13201593,2.95385760,6.00000000,8.00000000,7.00000000,train,True,aruna-juice-v4.0
2026-01-26,P003,Jus Jambu,7,5.00000000,6.00000000,8.00000000,9.00000000,6.00000000,2.00000000,6.14285714,6.50000000,7.25000000,2.03540098,1.74311834,9.00000000,10.00000000,8.00000000,train,True,aruna-juice-v4.0
2026-01-26,P004,Jus Pisang,8,2.00000000,3.00000000,2.00000000,3.00000000,4.00000000,6.00000000,4.14285714,4.64285714,4.78571429,2.11570094,2.49945049,6.00000000,3.00000000,8.00000000,train,True,aruna-juice-v4.0
2026-01-26,P005,Jus Nanas,20,19.00000000,22.00000000,17.00000000,13.00000000,12.00000000,13.00000000,17.57142857,16.00000000,15.60714286,3.77964473,3.92232270,12.00000000,19.00000000,14.00000000,train,True,aruna-juice-v4.0
2026-01-26,P006,Jus Melon,4,6.00000000,3.00000000,8.00000000,6.00000000,3.00000000,9.00000000,6.00000000,6.21428571,6.35714286,1.91485422,1.42389344,8.00000000,5.00000000,6.00000000,train,True,aruna-juice-v4.0
2026-01-26,P007,Jus Sirsak,16,15.00000000,12.00000000,14.00000000,21.00000000,14.00000000,17.00000000,16.71428571,15.78571429,16.64285714,3.86066858,3.92582321,17.00000000,17.00000000,11.00000000,train,True,aruna-juice-v4.0
2026-01-26,P008,Jus Alpukat,24,13.00000000,15.00000000,10.00000000,15.00000000,14.00000000,16.00000000,15.42857143,16.35714286,16.10714286,4.79086432,3.83520419,12.00000000,21.00000000,15.00000000,train,True,aruna-juice-v4.0
2026-01-26,P009,Jus Stroberi,9,17.00000000,15.00000000,9.00000000,19.00000000,15.00000000,15.00000000,15.85714286,17.35714286,17.57142857,6.71884344,5.99496125,28.00000000,18.00000000,18.00000000,train,True,aruna-juice-v4.0
2026-01-26,P010,Jus Jeruk,5,8.00000000,2.00000000,6.00000000,5.00000000,8.00000000,8.00000000,5.71428571,6.35714286,6.46428571,1.88982237,3.12821263,3.00000000,4.00000000,6.00000000,train,True,aruna-juice-v4.0
2026-01-26,P011,Jus Mangga,23,15.00000000,18.00000000,22.00000000,21.00000000,21.00000000,20.00000000,18.28571429,19.57142857,18.82142857,3.03942350,3.47992674,16.00000000,26.00000000,16.00000000,train,True,aruna-juice-v4.0
2026-01-27,P001,Jus Naga,9,5.00000000,7.00000000,7.00000000,10.00000000,11.00000000,9.00000000,6.85714286,7.71428571,7.28571429,2.03540098,3.14834685,8.00000000,8.00000000,9.00000000,train,True,aruna-juice-v4.0
2026-01-27,P002,Jus Semangka,6,10.00000000,3.00000000,6.00000000,5.00000000,8.00000000,10.00000000,6.28571429,7.28571429,6.71428571,3.09377255,2.97240052,8.00000000,7.00000000,2.00000000,train,True,aruna-juice-v4.0
2026-01-27,P003,Jus Jambu,9,7.00000000,5.00000000,6.00000000,3.00000000,5.00000000,7.00000000,7.00000000,6.78571429,7.32142857,1.73205081,1.80506004,10.00000000,8.00000000,7.00000000,train,True,aruna-juice-v4.0
2026-01-27,P004,Jus Pisang,6,8.00000000,2.00000000,3.00000000,4.00000000,8.00000000,5.00000000,4.42857143,4.50000000,4.82142857,2.22539456,2.34520788,3.00000000,8.00000000,4.00000000,train,True,aruna-juice-v4.0
2026-01-27,P005,Jus Nanas,12,20.00000000,19.00000000,22.00000000,20.00000000,16.00000000,13.00000000,16.42857143,15.71428571,15.57142857,4.11732692,4.06539943,19.00000000,14.00000000,11.00000000,train,True,aruna-juice-v4.0
2026-01-27,P006,Jus Melon,8,4.00000000,6.00000000,3.00000000,6.00000000,7.00000000,10.00000000,6.28571429,6.28571429,6.28571429,2.05866346,1.48989269,5.00000000,6.00000000,7.00000000,train,True,aruna-juice-v4.0
2026-01-27,P007,Jus Sirsak,17,16.00000000,15.00000000,12.00000000,18.00000000,20.00000000,27.00000000,16.57142857,15.57142857,16.28571429,3.82348632,3.75631337,17.00000000,11.00000000,13.00000000,train,True,aruna-juice-v4.0
2026-01-27,P008,Jus Alpukat,12,24.00000000,13.00000000,15.00000000,18.00000000,19.00000000,16.00000000,14.57142857,15.85714286,15.96428571,4.79086432,3.91952004,21.00000000,15.00000000,8.00000000,train,True,aruna-juice-v4.0
2026-01-27,P009,Jus Stroberi,28,9.00000000,17.00000000,15.00000000,29.00000000,18.00000000,20.00000000,15.71428571,18.07142857,17.85714286,6.39568307,6.63863153,18.00000000,18.00000000,20.00000000,train,True,aruna-juice-v4.0
2026-01-27,P010,Jus Jeruk,3,5.00000000,8.00000000,2.00000000,7.00000000,4.00000000,5.00000000,5.14285714,6.28571429,6.39285714,2.03540098,3.19683910,4.00000000,6.00000000,8.00000000,train,True,aruna-juice-v4.0
2026-01-27,P011,Jus Mangga,16,23.00000000,15.00000000,18.00000000,17.00000000,19.00000000,15.00000000,18.14285714,19.35714286,18.85714286,3.13201593,3.60783640,26.00000000,16.00000000,19.00000000,train,True,aruna-juice-v4.0
2026-01-28,P001,Jus Naga,8,9.00000000,5.00000000,7.00000000,5.00000000,3.00000000,6.00000000,7.28571429,8.07142857,7.35714286,1.88982237,2.84102597,8.00000000,9.00000000,5.00000000,train,True,aruna-juice-v4.0
2026-01-28,P002,Jus Semangka,8,6.00000000,10.00000000,3.00000000,11.00000000,8.00000000,4.00000000,5.85714286,7.28571429,6.85714286,2.47847880,2.97240052,7.00000000,2.00000000,5.00000000,train,True,aruna-juice-v4.0
2026-01-28,P003,Jus Jambu,10,9.00000000,7.00000000,5.00000000,9.00000000,6.00000000,9.00000000,7.14285714,7.07142857,7.35714286,1.95180015,1.97928836,8.00000000,7.00000000,5.00000000,train,True,aruna-juice-v4.0
2026-01-28,P004,Jus Pisang,3,6.00000000,8.00000000,2.00000000,5.00000000,2.00000000,6.00000000,4.14285714,4.57142857,4.71428571,2.26778684,2.27745761,8.00000000,4.00000000,8.00000000,train,True,aruna-juice-v4.0
2026-01-28,P005,Jus Nanas,19,12.00000000,20.00000000,19.00000000,13.00000000,11.00000000,13.00000000,17.28571429,16.28571429,15.78571429,3.90360029,3.91110001,14.00000000,11.00000000,14.00000000,train,True,aruna-juice-v4.0
2026-01-28,P006,Jus Melon,5,8.00000000,4.00000000,6.00000000,7.00000000,5.00000000,3.00000000,6.00000000,6.28571429,6.35714286,2.08166600,1.48989269,6.00000000,7.00000000,6.00000000,train,True,aruna-juice-v4.0
2026-01-28,P007,Jus Sirsak,17,17.00000000,16.00000000,15.00000000,18.00000000,14.00000000,14.00000000,16.42857143,15.78571429,16.39285714,3.77964473,3.74532676,11.00000000,13.00000000,15.00000000,train,True,aruna-juice-v4.0
2026-01-28,P008,Jus Alpukat,21,12.00000000,24.00000000,13.00000000,17.00000000,17.00000000,16.00000000,15.14285714,16.14285714,16.14285714,5.33630869,4.14834801,15.00000000,8.00000000,10.00000000,train,True,aruna-juice-v4.0
2026-01-28,P009,Jus Stroberi,18,28.00000000,9.00000000,17.00000000,17.00000000,19.00000000,15.00000000,15.85714286,18.00000000,17.96428571,6.44020112,6.63324958,18.00000000,20.00000000,15.00000000,train,True,aruna-juice-v4.0
2026-01-28,P010,Jus Jeruk,4,3.00000000,5.00000000,8.00000000,6.00000000,5.00000000,7.00000000,4.85714286,6.21428571,6.28571429,2.03540098,3.23867426,6.00000000,8.00000000,8.00000000,train,True,aruna-juice-v4.0
2026-01-28,P011,Jus Mangga,26,16.00000000,23.00000000,15.00000000,16.00000000,18.00000000,11.00000000,19.57142857,19.92857143,19.39285714,4.11732692,3.98968450,16.00000000,19.00000000,15.00000000,train,True,aruna-juice-v4.0
2026-01-29,P001,Jus Naga,8,8.00000000,9.00000000,5.00000000,5.00000000,3.00000000,8.00000000,7.71428571,8.42857143,7.35714286,1.60356745,2.44050076,9.00000000,5.00000000,5.00000000,train,True,aruna-juice-v4.0
2026-01-29,P002,Jus Semangka,7,8.00000000,6.00000000,10.00000000,4.00000000,7.00000000,7.00000000,6.28571429,7.28571429,6.85714286,2.36038738,2.97240052,2.00000000,5.00000000,3.00000000,train,True,aruna-juice-v4.0
2026-01-29,P003,Jus Jambu,8,10.00000000,9.00000000,7.00000000,5.00000000,8.00000000,8.00000000,7.57142857,7.07142857,7.35714286,1.71824939,1.97928836,7.00000000,5.00000000,3.00000000,train,True,aruna-juice-v4.0
2026-01-29,P004,Jus Pisang,8,3.00000000,6.00000000,8.00000000,5.00000000,5.00000000,6.00000000,4.57142857,4.78571429,4.78571429,2.69920623,2.45509114,4.00000000,8.00000000,1.00000000,train,True,aruna-juice-v4.0
2026-01-29,P005,Jus Nanas,14,19.00000000,12.00000000,20.00000000,12.00000000,15.00000000,21.00000000,17.57142857,16.21428571,15.53571429,3.50509833,3.94536869,11.00000000,14.00000000,19.00000000,train,True,aruna-juice-v4.0
2026-01-29,P006,Jus Melon,6,5.00000000,8.00000000,4.00000000,8.00000000,7.00000000,13.00000000,5.71428571,6.21428571,6.10714286,1.88982237,1.47692880,7.00000000,6.00000000,6.00000000,train,True,aruna-juice-v4.0
2026-01-29,P007,Jus Sirsak,11,17.00000000,17.00000000,16.00000000,24.00000000,11.00000000,19.00000000,14.57142857,15.78571429,16.10714286,2.37045304,3.74532676,13.00000000,15.00000000,20.00000000,train,True,aruna-juice-v4.0
2026-01-29,P008,Jus Alpukat,15,21.00000000,12.00000000,24.00000000,11.00000000,13.00000000,25.00000000,15.71428571,16.28571429,15.78571429,5.02375310,4.06539943,8.00000000,10.00000000,19.00000000,train,True,aruna-juice-v4.0
2026-01-29,P009,Jus Stroberi,18,18.00000000,28.00000000,9.00000000,15.00000000,24.00000000,27.00000000,16.28571429,17.57142857,17.64285714,6.47338875,6.40569801,20.00000000,15.00000000,14.00000000,train,True,aruna-juice-v4.0
2026-01-29,P010,Jus Jeruk,6,4.00000000,3.00000000,5.00000000,6.00000000,4.00000000,12.00000000,4.85714286,6.35714286,6.07142857,2.03540098,3.17701221,8.00000000,8.00000000,9.00000000,train,True,aruna-juice-v4.0
2026-01-29,P011,Jus Mangga,16,26.00000000,16.00000000,23.00000000,17.00000000,23.00000000,12.00000000,19.42857143,19.42857143,19.53571429,4.23702501,4.01371276,19.00000000,15.00000000,17.00000000,train,True,aruna-juice-v4.0
2026-01-30,P001,Jus Naga,9,8.00000000,8.00000000,9.00000000,10.00000000,9.00000000,9.00000000,7.57142857,8.42857143,7.35714286,1.39727626,2.44050076,5.00000000,5.00000000,7.00000000,train,True,aruna-juice-v4.0
2026-01-30,P002,Jus Semangka,2,7.00000000,8.00000000,6.00000000,4.00000000,10.00000000,4.00000000,6.00000000,6.71428571,6.78571429,2.76887462,3.17268562,5.00000000,3.00000000,4.00000000,train,True,aruna-juice-v4.0
2026-01-30,P003,Jus Jambu,7,8.00000000,10.00000000,9.00000000,8.00000000,6.00000000,4.00000000,7.42857143,7.14285714,7.46428571,1.71824939,1.95555001,5.00000000,3.00000000,7.00000000,train,True,aruna-juice-v4.0
2026-01-30,P004,Jus Pisang,4,8.00000000,3.00000000,6.00000000,2.00000000,7.00000000,3.00000000,4.85714286,4.57142857,4.82142857,2.47847880,2.37662611,8.00000000,1.00000000,8.00000000,train,True,aruna-juice-v4.0
2026-01-30,P005,Jus Nanas,11,14.00000000,19.00000000,12.00000000,17.00000000,18.00000000,11.00000000,16.71428571,15.71428571,15.53571429,4.30945804,4.14039336,14.00000000,19.00000000,15.00000000,train,True,aruna-juice-v4.0
2026-01-30,P006,Jus Melon,7,6.00000000,5.00000000,8.00000000,8.00000000,7.00000000,2.00000000,5.57142857,6.21428571,6.28571429,1.71824939,1.47692880,6.00000000,6.00000000,11.00000000,train,True,aruna-juice-v4.0
2026-01-30,P007,Jus Sirsak,13,11.00000000,17.00000000,17.00000000,14.00000000,11.00000000,17.00000000,14.42857143,15.92857143,15.96428571,2.43975018,3.58338657,15.00000000,20.00000000,14.00000000,train,True,aruna-juice-v4.0
2026-01-30,P008,Jus Alpukat,8,15.00000000,21.00000000,12.00000000,10.00000000,21.00000000,16.00000000,15.42857143,15.35714286,15.50000000,5.44233843,4.37839350,10.00000000,19.00000000,21.00000000,train,True,aruna-juice-v4.0
2026-01-30,P009,Jus Stroberi,20,18.00000000,18.00000000,28.00000000,9.00000000,10.00000000,22.00000000,17.85714286,18.28571429,17.57142857,5.69878851,6.04379620,15.00000000,14.00000000,23.00000000,train,True,aruna-juice-v4.0
2026-01-30,P010,Jus Jeruk,8,6.00000000,4.00000000,3.00000000,6.00000000,10.00000000,5.00000000,5.14285714,6.21428571,6.17857143,2.34012617,3.04273590,8.00000000,9.00000000,8.00000000,train,True,aruna-juice-v4.0
2026-01-30,P011,Jus Mangga,19,16.00000000,26.00000000,16.00000000,22.00000000,16.00000000,20.00000000,19.00000000,19.64285714,19.50000000,4.08248290,3.89491074,15.00000000,17.00000000,19.00000000,train,True,aruna-juice-v4.0
2026-01-31,P001,Jus Naga,5,9.00000000,8.00000000,8.00000000,7.00000000,12.00000000,4.00000000,7.28571429,7.92857143,7.39285714,1.70433621,2.36852066,5.00000000,7.00000000,6.00000000,train,True,aruna-juice-v4.0
2026-01-31,P002,Jus Semangka,5,2.00000000,7.00000000,8.00000000,6.00000000,9.00000000,4.00000000,5.85714286,6.42857143,6.82142857,2.79455252,3.13084618,3.00000000,4.00000000,8.00000000,train,True,aruna-juice-v4.0
2026-01-31,P003,Jus Jambu,5,7.00000000,8.00000000,10.00000000,6.00000000,6.00000000,8.00000000,7.28571429,7.07142857,7.35714286,1.88982237,2.01777813,3.00000000,7.00000000,4.00000000,train,True,aruna-juice-v4.0
2026-01-31,P004,Jus Pisang,8,4.00000000,8.00000000,3.00000000,3.00000000,2.00000000,3.00000000,5.57142857,5.00000000,5.00000000,2.57275098,2.41788210,1.00000000,8.00000000,7.00000000,train,True,aruna-juice-v4.0
2026-01-31,P005,Jus Nanas,14,11.00000000,14.00000000,19.00000000,22.00000000,19.00000000,15.00000000,15.57142857,15.35714286,15.50000000,3.69039938,4.04982702,19.00000000,15.00000000,13.00000000,train,True,aruna-juice-v4.0
2026-01-31,P006,Jus Melon,6,7.00000000,6.00000000,5.00000000,3.00000000,6.00000000,6.00000000,6.00000000,6.21428571,6.28571429,1.29099445,1.47692880,6.00000000,11.00000000,11.00000000,train,True,aruna-juice-v4.0
2026-01-31,P007,Jus Sirsak,15,13.00000000,11.00000000,17.00000000,12.00000000,14.00000000,9.00000000,14.85714286,16.00000000,16.17857143,2.19306266,3.55181427,20.00000000,14.00000000,14.00000000,train,True,aruna-juice-v4.0
2026-01-31,P008,Jus Alpukat,10,8.00000000,15.00000000,21.00000000,15.00000000,18.00000000,13.00000000,14.71428571,14.78571429,15.39285714,5.82277957,4.52647887,19.00000000,21.00000000,17.00000000,train,True,aruna-juice-v4.0
2026-01-31,P009,Jus Stroberi,15,20.00000000,18.00000000,18.00000000,15.00000000,26.00000000,26.00000000,17.85714286,17.50000000,17.17857143,5.69878851,5.66704373,14.00000000,23.00000000,23.00000000,train,True,aruna-juice-v4.0
2026-01-31,P010,Jus Jeruk,8,8.00000000,6.00000000,4.00000000,2.00000000,15.00000000,6.00000000,6.00000000,5.71428571,6.25000000,2.08166600,1.81568260,9.00000000,8.00000000,9.00000000,train,True,aruna-juice-v4.0
2026-01-31,P011,Jus Mangga,15,19.00000000,16.00000000,26.00000000,18.00000000,27.00000000,18.00000000,18.57142857,18.78571429,19.39285714,4.35343324,3.44581288,17.00000000,19.00000000,19.00000000,train,True,aruna-juice-v4.0
2026-02-01,P001,Jus Naga,5,5.00000000,9.00000000,8.00000000,7.00000000,11.00000000,8.00000000,7.00000000,7.50000000,7.28571429,1.91485422,2.31217513,7.00000000,6.00000000,9.00000000,train,True,aruna-juice-v4.0
2026-02-01,P002,Jus Semangka,3,5.00000000,2.00000000,7.00000000,3.00000000,6.00000000,6.00000000,5.85714286,6.21428571,6.71428571,2.79455252,3.26233921,4.00000000,8.00000000,5.00000000,train,True,aruna-juice-v4.0
2026-02-01,P003,Jus Jambu,3,5.00000000,7.00000000,8.00000000,5.00000000,8.00000000,4.00000000,7.00000000,6.71428571,7.32142857,2.38047614,2.26778684,7.00000000,4.00000000,7.00000000,train,True,aruna-juice-v4.0
2026-02-01,P004,Jus Pisang,1,8.00000000,4.00000000,8.00000000,2.00000000,9.00000000,2.00000000,5.42857143,4.42857143,4.96428571,2.81999662,2.34403615,8.00000000,7.00000000,5.00000000,train,True,aruna-juice-v4.0
2026-02-01,P005,Jus Nanas,19,14.00000000,11.00000000,14.00000000,19.00000000,9.00000000,13.00000000,15.57142857,16.07142857,15.71428571,3.69039938,3.70995098,15.00000000,13.00000000,16.00000000,train,True,aruna-juice-v4.0
2026-02-01,P006,Jus Melon,6,6.00000000,7.00000000,6.00000000,6.00000000,7.00000000,6.00000000,6.00000000,6.14285714,6.28571429,1.29099445,1.46009182,11.00000000,11.00000000,7.00000000,train,True,aruna-juice-v4.0
2026-02-01,P007,Jus Sirsak,20,15.00000000,13.00000000,11.00000000,15.00000000,13.00000000,12.00000000,15.57142857,16.50000000,16.46428571,2.93582146,3.58951464,14.00000000,14.00000000,8.00000000,train,True,aruna-juice-v4.0
2026-02-01,P008,Jus Alpukat,19,10.00000000,8.00000000,15.00000000,13.00000000,18.00000000,7.00000000,15.57142857,14.85714286,15.82142857,5.96816954,4.58856678,21.00000000,17.00000000,16.00000000,train,True,aruna-juice-v4.0
2026-02-01,P009,Jus Stroberi,14,15.00000000,20.00000000,18.00000000,17.00000000,16.00000000,13.00000000,17.42857143,17.35714286,17.21428571,5.88379534,5.73259430,23.00000000,23.00000000,15.00000000,train,True,aruna-juice-v4.0
2026-02-01,P010,Jus Jeruk,9,8.00000000,8.00000000,6.00000000,8.00000000,6.00000000,7.00000000,6.14285714,5.92857143,6.32142857,2.26778684,2.01777813,8.00000000,9.00000000,5.00000000,train,True,aruna-juice-v4.0
2026-02-01,P011,Jus Mangga,17,15.00000000,19.00000000,16.00000000,15.00000000,22.00000000,19.00000000,18.85714286,18.42857143,19.32142857,4.14039336,3.34466937,19.00000000,19.00000000,18.00000000,train,True,aruna-juice-v4.0
2026-02-02,P001,Jus Naga,7,5.00000000,5.00000000,9.00000000,5.00000000,12.00000000,5.00000000,7.28571429,7.14285714,7.35714286,1.70433621,1.91581045,6.00000000,9.00000000,13.00000000,train,True,aruna-juice-v4.0
2026-02-02,P002,Jus Semangka,4,3.00000000,5.00000000,2.00000000,10.00000000,13.00000000,6.00000000,5.00000000,5.57142857,6.64285714,2.16024690,2.65197418,8.00000000,5.00000000,1.00000000,train,True,aruna-juice-v4.0
2026-02-02,P003,Jus Jambu,7,3.00000000,5.00000000,7.00000000,7.00000000,9.00000000,10.00000000,7.00000000,6.57142857,7.21428571,2.38047614,2.17376970,4.00000000,7.00000000,6.00000000,train,True,aruna-juice-v4.0
2026-02-02,P004,Jus Pisang,8,1.00000000,8.00000000,4.00000000,8.00000000,3.00000000,12.00000000,5.42857143,4.78571429,4.82142857,2.81999662,2.48622579,7.00000000,5.00000000,5.00000000,train,True,aruna-juice-v4.0
2026-02-02,P005,Jus Nanas,15,19.00000000,14.00000000,11.00000000,20.00000000,13.00000000,22.00000000,14.85714286,16.21428571,15.46428571,3.13201593,3.61999939,13.00000000,16.00000000,8.00000000,train,True,aruna-juice-v4.0
2026-02-02,P006,Jus Melon,11,6.00000000,6.00000000,7.00000000,4.00000000,6.00000000,5.00000000,7.00000000,6.50000000,6.50000000,2.00000000,1.95133091,11.00000000,7.00000000,5.00000000,train,True,aruna-juice-v4.0
2026-02-02,P007,Jus Sirsak,14,20.00000000,15.00000000,13.00000000,16.00000000,21.00000000,18.00000000,15.28571429,16.00000000,16.32142857,2.98408477,3.39683110,14.00000000,8.00000000,17.00000000,train,True,aruna-juice-v4.0
2026-02-02,P008,Jus Alpukat,21,19.00000000,10.00000000,8.00000000,24.00000000,15.00000000,15.00000000,15.14285714,15.28571429,16.03571429,5.33630869,4.87424269,17.00000000,16.00000000,19.00000000,train,True,aruna-juice-v4.0
2026-02-02,P009,Jus Stroberi,23,14.00000000,15.00000000,20.00000000,9.00000000,19.00000000,17.00000000,19.42857143,17.64285714,17.42857143,4.82552736,5.91747273,23.00000000,15.00000000,14.00000000,train,True,aruna-juice-v4.0
2026-02-02,P010,Jus Jeruk,8,9.00000000,8.00000000,8.00000000,5.00000000,5.00000000,4.00000000,6.57142857,6.14285714,6.46428571,2.29906813,2.07019668,9.00000000,5.00000000,8.00000000,train,True,aruna-juice-v4.0
2026-02-02,P011,Jus Mangga,19,17.00000000,15.00000000,19.00000000,23.00000000,21.00000000,24.00000000,18.28571429,18.28571429,19.14285714,3.72890894,3.26822868,19.00000000,18.00000000,15.00000000,train,True,aruna-juice-v4.0
2026-02-03,P001,Jus Naga,6,7.00000000,5.00000000,5.00000000,9.00000000,10.00000000,7.00000000,6.85714286,6.85714286,7.32142857,1.57359158,1.74784011,9.00000000,13.00000000,6.00000000,train,True,aruna-juice-v4.0
2026-02-03,P002,Jus Semangka,8,4.00000000,3.00000000,5.00000000,6.00000000,5.00000000,9.00000000,5.28571429,5.78571429,6.60714286,2.42997159,2.72251500,5.00000000,1.00000000,3.00000000,train,True,aruna-juice-v4.0
2026-02-03,P003,Jus Jambu,4,7.00000000,3.00000000,5.00000000,9.00000000,3.00000000,13.00000000,6.28571429,6.64285714,6.89285714,2.42997159,2.06088640,7.00000000,6.00000000,4.00000000,train,True,aruna-juice-v4.0
2026-02-03,P004,Jus Pisang,7,8.00000000,1.00000000,8.00000000,6.00000000,4.00000000,7.00000000,5.57142857,5.00000000,4.82142857,2.87849167,2.54195564,5.00000000,5.00000000,4.00000000,train,True,aruna-juice-v4.0
2026-02-03,P005,Jus Nanas,13,15.00000000,19.00000000,14.00000000,12.00000000,20.00000000,25.00000000,15.00000000,15.71428571,15.03571429,3.00000000,3.53941698,16.00000000,8.00000000,12.00000000,train,True,aruna-juice-v4.0
2026-02-03,P006,Jus Melon,11,11.00000000,6.00000000,6.00000000,8.00000000,6.00000000,10.00000000,7.42857143,6.85714286,6.53571429,2.50713268,2.28227764,7.00000000,5.00000000,7.00000000,train,True,aruna-juice-v4.0
2026-02-03,P007,Jus Sirsak,14,14.00000000,20.00000000,15.00000000,17.00000000,18.00000000,28.00000000,14.85714286,15.71428571,15.82142857,2.91138978,3.38386605,8.00000000,17.00000000,16.00000000,train,True,aruna-juice-v4.0
2026-02-03,P008,Jus Alpukat,17,21.00000000,19.00000000,10.00000000,12.00000000,18.00000000,21.00000000,15.85714286,15.21428571,15.89285714,5.17779140,4.83860392,16.00000000,19.00000000,11.00000000,train,True,aruna-juice-v4.0
2026-02-03,P009,Jus Stroberi,23,23.00000000,14.00000000,15.00000000,28.00000000,29.00000000,18.00000000,18.71428571,17.21428571,17.60714286,3.54562104,5.20618820,15.00000000,14.00000000,22.00000000,train,True,aruna-juice-v4.0
2026-02-03,P010,Jus Jeruk,9,8.00000000,9.00000000,8.00000000,3.00000000,7.00000000,8.00000000,7.42857143,6.28571429,6.50000000,1.81265393,2.19890082,5.00000000,8.00000000,9.00000000,train,True,aruna-juice-v4.0
2026-02-03,P011,Jus Mangga,19,19.00000000,17.00000000,15.00000000,16.00000000,17.00000000,30.00000000,18.71428571,18.42857143,18.75000000,3.59231985,3.25137334,18.00000000,15.00000000,13.00000000,train,True,aruna-juice-v4.0
2026-02-04,P001,Jus Naga,9,6.00000000,7.00000000,5.00000000,8.00000000,5.00000000,7.00000000,7.00000000,7.14285714,7.39285714,1.73205081,1.74784011,13.00000000,6.00000000,8.00000000,train,True,aruna-juice-v4.0
2026-02-04,P002,Jus Semangka,5,8.00000000,4.00000000,3.00000000,8.00000000,11.00000000,3.00000000,4.85714286,5.35714286,6.67857143,2.11570094,2.27383589,1.00000000,3.00000000,7.00000000,train,True,aruna-juice-v4.0
2026-02-04,P003,Jus Jambu,7,4.00000000,7.00000000,3.00000000,10.00000000,9.00000000,8.00000000,5.85714286,6.50000000,6.85714286,1.86445447,1.95133091,6.00000000,4.00000000,8.00000000,train,True,aruna-juice-v4.0
2026-02-04,P004,Jus Pisang,5,7.00000000,8.00000000,1.00000000,3.00000000,5.00000000,5.00000000,5.85714286,5.00000000,4.82142857,2.67261242,2.54195564,5.00000000,4.00000000,5.00000000,train,True,aruna-juice-v4.0
2026-02-04,P005,Jus Nanas,16,13.00000000,15.00000000,19.00000000,19.00000000,13.00000000,14.00000000,14.57142857,15.92857143,15.10714286,2.50713268,3.45218517,8.00000000,12.00000000,20.00000000,train,True,aruna-juice-v4.0
2026-02-04,P006,Jus Melon,7,11.00000000,11.00000000,6.00000000,5.00000000,7.00000000,10.00000000,7.71428571,6.85714286,6.42857143,2.28868854,2.28227764,5.00000000,7.00000000,8.00000000,train,True,aruna-juice-v4.0
2026-02-04,P007,Jus Sirsak,8,14.00000000,14.00000000,20.00000000,17.00000000,18.00000000,21.00000000,13.57142857,15.00000000,15.35714286,3.69039938,3.88290137,17.00000000,16.00000000,19.00000000,train,True,aruna-juice-v4.0
2026-02-04,P008,Jus Alpukat,16,17.00000000,21.00000000,19.00000000,21.00000000,17.00000000,19.00000000,15.14285714,15.14285714,15.78571429,4.67006679,4.81755033,19.00000000,11.00000000,15.00000000,train,True,aruna-juice-v4.0
2026-02-04,P009,Jus Stroberi,15,23.00000000,23.00000000,14.00000000,18.00000000,17.00000000,20.00000000,18.28571429,17.07142857,17.42857143,3.81725406,5.23985152,14.00000000,22.00000000,27.00000000,train,True,aruna-juice-v4.0
2026-02-04,P010,Jus Jeruk,5,9.00000000,8.00000000,9.00000000,4.00000000,6.00000000,6.00000000,7.57142857,6.21428571,6.46428571,1.51185789,2.22498302,8.00000000,9.00000000,5.00000000,train,True,aruna-juice-v4.0
2026-02-04,P011,Jus Mangga,18,19.00000000,19.00000000,17.00000000,26.00000000,16.00000000,19.00000000,17.57142857,18.57142857,18.71428571,1.61834719,3.17960534,15.00000000,13.00000000,20.00000000,train,True,aruna-juice-v4.0
2026-02-05,P001,Jus Naga,13,9.00000000,6.00000000,7.00000000,8.00000000,5.00000000,4.00000000,7.71428571,7.71428571,7.71428571,2.87020822,2.23360941,6.00000000,8.00000000,13.00000000,train,True,aruna-juice-v4.0
2026-02-05,P002,Jus Semangka,1,5.00000000,8.00000000,4.00000000,7.00000000,4.00000000,7.00000000,4.00000000,5.14285714,6.46428571,2.30940108,2.53762890,3.00000000,7.00000000,5.00000000,train,True,aruna-juice-v4.0
2026-02-05,P003,Jus Jambu,6,7.00000000,4.00000000,7.00000000,8.00000000,5.00000000,9.00000000,5.57142857,6.57142857,6.75000000,1.61834719,1.91006588,4.00000000,8.00000000,4.00000000,train,True,aruna-juice-v4.0
2026-02-05,P004,Jus Pisang,5,5.00000000,7.00000000,8.00000000,8.00000000,5.00000000,6.00000000,5.42857143,5.00000000,4.78571429,2.50713268,2.54195564,4.00000000,5.00000000,6.00000000,train,True,aruna-juice-v4.0
2026-02-05,P005,Jus Nanas,8,16.00000000,13.00000000,15.00000000,14.00000000,12.00000000,13.00000000,13.71428571,15.64285714,14.92857143,3.54562104,3.93421174,12.00000000,20.00000000,19.00000000,train,True,aruna-juice-v4.0
2026-02-05,P006,Jus Melon,5,7.00000000,11.00000000,11.00000000,6.00000000,8.00000000,6.00000000,7.57142857,6.64285714,6.39285714,2.43975018,2.30741757,7.00000000,8.00000000,2.00000000,train,True,aruna-juice-v4.0
2026-02-05,P007,Jus Sirsak,17,8.00000000,14.00000000,14.00000000,11.00000000,24.00000000,11.00000000,14.42857143,14.50000000,15.57142857,3.69039938,2.98070720,16.00000000,19.00000000,12.00000000,train,True,aruna-juice-v4.0
2026-02-05,P008,Jus Alpukat,19,16.00000000,17.00000000,21.00000000,15.00000000,11.00000000,11.00000000,15.71428571,15.71428571,16.07142857,4.88924963,4.76249081,11.00000000,15.00000000,17.00000000,train,True,aruna-juice-v4.0
2026-02-05,P009,Jus Stroberi,14,15.00000000,23.00000000,23.00000000,18.00000000,15.00000000,11.00000000,17.71428571,17.00000000,17.53571429,4.15187852,5.27694550,22.00000000,27.00000000,16.00000000,train,True,aruna-juice-v4.0
2026-02-05,P010,Jus Jeruk,8,5.00000000,9.00000000,8.00000000,6.00000000,6.00000000,7.00000000,7.85714286,6.35714286,6.50000000,1.34518542,2.27383589,9.00000000,5.00000000,4.00000000,train,True,aruna-juice-v4.0
2026-02-05,P011,Jus Mangga,15,18.00000000,19.00000000,19.00000000,16.00000000,17.00000000,9.00000000,17.42857143,18.42857143,18.92857143,1.81265393,3.29835124,13.00000000,20.00000000,19.00000000,train,True,aruna-juice-v4.0
2026-02-06,P001,Jus Naga,6,13.00000000,9.00000000,6.00000000,9.00000000,10.00000000,7.00000000,7.28571429,7.42857143,7.67857143,2.87020822,2.17376970,8.00000000,13.00000000,10.00000000,train,True,aruna-juice-v4.0
2026-02-06,P002,Jus Semangka,3,1.00000000,5.00000000,8.00000000,2.00000000,4.00000000,5.00000000,4.14285714,5.07142857,6.39285714,2.19306266,2.58588731,7.00000000,5.00000000,6.00000000,train,True,aruna-juice-v4.0
2026-02-06,P003,Jus Jambu,4,6.00000000,7.00000000,4.00000000,7.00000000,8.00000000,9.00000000,5.14285714,6.28571429,6.57142857,1.57359158,1.97789987,8.00000000,4.00000000,6.00000000,train,True,aruna-juice-v4.0
2026-02-06,P004,Jus Pisang,4,5.00000000,5.00000000,7.00000000,4.00000000,2.00000000,3.00000000,5.42857143,5.14285714,4.82142857,2.50713268,2.41333293,5.00000000,6.00000000,3.00000000,train,True,aruna-juice-v4.0
2026-02-06,P005,Jus Nanas,12,8.00000000,16.00000000,13.00000000,11.00000000,17.00000000,8.00000000,13.85714286,15.28571429,15.07142857,3.43649877,4.02737883,20.00000000,19.00000000,16.00000000,train,True,aruna-juice-v4.0
2026-02-06,P006,Jus Melon,7,5.00000000,7.00000000,11.00000000,7.00000000,8.00000000,2.00000000,7.57142857,6.57142857,6.57142857,2.43975018,2.27745761,8.00000000,2.00000000,6.00000000,train,True,aruna-juice-v4.0
2026-02-06,P007,Jus Sirsak,16,17.00000000,8.00000000,14.00000000,13.00000000,14.00000000,16.00000000,14.85714286,14.64285714,15.57142857,3.67099312,3.00274600,19.00000000,12.00000000,10.00000000,train,True,aruna-juice-v4.0
2026-02-06,P008,Jus Alpukat,11,19.00000000,16.00000000,17.00000000,8.00000000,10.00000000,15.00000000,16.14285714,15.78571429,15.92857143,4.18045338,4.67692488,15.00000000,17.00000000,19.00000000,train,True,aruna-juice-v4.0
2026-02-06,P009,Jus Stroberi,22,14.00000000,15.00000000,23.00000000,20.00000000,9.00000000,14.00000000,18.00000000,17.92857143,17.82142857,4.39696865,4.89056054,27.00000000,16.00000000,11.00000000,train,True,aruna-juice-v4.0
2026-02-06,P010,Jus Jeruk,9,8.00000000,5.00000000,9.00000000,8.00000000,6.00000000,4.00000000,8.00000000,6.57142857,6.67857143,1.41421356,2.37662611,5.00000000,4.00000000,4.00000000,train,True,aruna-juice-v4.0
2026-02-06,P011,Jus Mangga,13,15.00000000,18.00000000,19.00000000,19.00000000,22.00000000,18.00000000,16.57142857,17.78571429,18.75000000,2.29906813,3.42341645,20.00000000,19.00000000,11.00000000,train,True,aruna-juice-v4.0
2026-02-07,P001,Jus Naga,8,6.00000000,13.00000000,9.00000000,5.00000000,7.00000000,6.00000000,7.71428571,7.50000000,7.75000000,2.69037084,2.17503316,13.00000000,10.00000000,13.00000000,train,True,aruna-juice-v4.0
2026-02-07,P002,Jus Semangka,7,3.00000000,1.00000000,5.00000000,5.00000000,6.00000000,9.00000000,4.42857143,5.14285714,6.32142857,2.43975018,2.62699427,5.00000000,6.00000000,10.00000000,train,True,aruna-juice-v4.0
2026-02-07,P003,Jus Jambu,8,4.00000000,6.00000000,7.00000000,5.00000000,6.00000000,9.00000000,5.57142857,6.42857143,6.53571429,1.90237946,2.02728639,4.00000000,6.00000000,4.00000000,train,True,aruna-juice-v4.0
2026-02-07,P004,Jus Pisang,5,4.00000000,5.00000000,5.00000000,8.00000000,3.00000000,3.00000000,5.00000000,5.28571429,4.89285714,2.23606798,2.33464118,6.00000000,3.00000000,4.00000000,train,True,aruna-juice-v4.0
2026-02-07,P005,Jus Nanas,20,12.00000000,8.00000000,16.00000000,14.00000000,22.00000000,17.00000000,14.71428571,15.14285714,15.17857143,4.15187852,3.79994216,19.00000000,16.00000000,25.00000000,train,True,aruna-juice-v4.0
2026-02-07,P006,Jus Melon,8,7.00000000,5.00000000,7.00000000,6.00000000,3.00000000,8.00000000,7.85714286,6.92857143,6.57142857,2.34012617,2.05554731,2.00000000,6.00000000,11.00000000,train,True,aruna-juice-v4.0
2026-02-07,P007,Jus Sirsak,19,16.00000000,17.00000000,8.00000000,15.00000000,12.00000000,19.00000000,15.42857143,15.14285714,15.57142857,3.99404318,3.10971537,12.00000000,10.00000000,25.00000000,train,True,aruna-juice-v4.0
2026-02-07,P008,Jus Alpukat,15,11.00000000,19.00000000,16.00000000,10.00000000,15.00000000,20.00000000,16.85714286,15.78571429,15.75000000,3.28778403,4.67692488,17.00000000,19.00000000,23.00000000,train,True,aruna-juice-v4.0
2026-02-07,P009,Jus Stroberi,27,22.00000000,14.00000000,15.00000000,15.00000000,15.00000000,16.00000000,19.71428571,18.78571429,18.21428571,5.28249580,5.36625599,16.00000000,11.00000000,23.00000000,train,True,aruna-juice-v4.0
2026-02-07,P010,Jus Jeruk,5,9.00000000,8.00000000,5.00000000,8.00000000,2.00000000,6.00000000,7.57142857,6.78571429,6.64285714,1.81265393,2.04482730,4.00000000,4.00000000,13.00000000,train,True,aruna-juice-v4.0
2026-02-07,P011,Jus Mangga,20,13.00000000,15.00000000,18.00000000,15.00000000,18.00000000,23.00000000,17.28571429,17.92857143,18.64285714,2.49761791,3.47439614,19.00000000,11.00000000,28.00000000,train,True,aruna-juice-v4.0
2026-02-08,P001,Jus Naga,13,8.00000000,6.00000000,13.00000000,5.00000000,7.00000000,10.00000000,8.85714286,7.92857143,7.85714286,3.02371578,2.61546542,10.00000000,13.00000000,7.00000000,train,True,aruna-juice-v4.0
2026-02-08,P002,Jus Semangka,5,7.00000000,3.00000000,1.00000000,3.00000000,3.00000000,6.00000000,4.71428571,5.28571429,6.28571429,2.36038738,2.55489188,6.00000000,10.00000000,6.00000000,train,True,aruna-juice-v4.0
2026-02-08,P003,Jus Jambu,4,8.00000000,4.00000000,6.00000000,3.00000000,5.00000000,8.00000000,5.71428571,6.35714286,6.39285714,1.70433621,2.09787962,6.00000000,4.00000000,9.00000000,train,True,aruna-juice-v4.0
2026-02-08,P004,Jus Pisang,6,5.00000000,4.00000000,5.00000000,1.00000000,2.00000000,4.00000000,5.71428571,5.57142857,4.96428571,1.38013112,2.13808994,3.00000000,4.00000000,5.00000000,train,True,aruna-juice-v4.0
2026-02-08,P005,Jus Nanas,19,20.00000000,12.00000000,8.00000000,19.00000000,19.00000000,16.00000000,14.71428571,15.14285714,15.28571429,4.15187852,3.79994216,16.00000000,25.00000000,13.00000000,train,True,aruna-juice-v4.0
2026-02-08,P006,Jus Melon,2,8.00000000,7.00000000,5.00000000,6.00000000,6.00000000,7.00000000,7.28571429,6.64285714,6.39285714,3.19970237,2.43712134,6.00000000,11.00000000,9.00000000,train,True,aruna-juice-v4.0
2026-02-08,P007,Jus Sirsak,12,19.00000000,16.00000000,17.00000000,20.00000000,15.00000000,20.00000000,14.28571429,14.92857143,15.28571429,3.59231985,3.22166430,10.00000000,25.00000000,16.00000000,train,True,aruna-juice-v4.0
2026-02-08,P008,Jus Alpukat,17,15.00000000,11.00000000,19.00000000,19.00000000,13.00000000,14.00000000,16.57142857,16.07142857,15.85714286,3.15473944,4.61543040,19.00000000,23.00000000,13.00000000,train,True,aruna-juice-v4.0
2026-02-08,P009,Jus Stroberi,16,27.00000000,22.00000000,14.00000000,14.00000000,17.00000000,15.00000000,20.00000000,18.71428571,18.25000000,4.96655481,5.39841247,11.00000000,23.00000000,11.00000000,train,True,aruna-juice-v4.0
2026-02-08,P010,Jus Jeruk,4,5.00000000,9.00000000,8.00000000,9.00000000,8.00000000,7.00000000,6.85714286,6.50000000,6.53571429,2.11570094,2.13937446,4.00000000,13.00000000,6.00000000,train,True,aruna-juice-v4.0
2026-02-08,P011,Jus Mangga,19,20.00000000,13.00000000,15.00000000,17.00000000,15.00000000,14.00000000,17.57142857,18.21428571,18.82142857,2.57275098,3.37817819,11.00000000,28.00000000,21.00000000,train,True,aruna-juice-v4.0
2026-02-09,P001,Jus Naga,10,13.00000000,8.00000000,6.00000000,7.00000000,5.00000000,4.00000000,9.28571429,8.28571429,8.07142857,2.92770022,2.52460420,13.00000000,7.00000000,14.00000000,train,True,aruna-juice-v4.0
2026-02-09,P002,Jus Semangka,6,5.00000000,7.00000000,3.00000000,4.00000000,10.00000000,8.00000000,5.00000000,5.00000000,6.21428571,2.38047614,2.18385686,10.00000000,6.00000000,8.00000000,train,True,aruna-juice-v4.0
2026-02-09,P003,Jus Jambu,6,4.00000000,8.00000000,4.00000000,7.00000000,7.00000000,6.00000000,5.57142857,6.28571429,6.39285714,1.61834719,2.09132168,4.00000000,9.00000000,2.00000000,train,True,aruna-juice-v4.0
2026-02-09,P004,Jus Pisang,3,6.00000000,5.00000000,4.00000000,8.00000000,8.00000000,4.00000000,5.00000000,5.21428571,4.92857143,1.29099445,2.11872863,4.00000000,5.00000000,8.00000000,train,True,aruna-juice-v4.0
2026-02-09,P005,Jus Nanas,16,19.00000000,20.00000000,12.00000000,15.00000000,20.00000000,12.00000000,14.85714286,14.85714286,15.42857143,4.18045338,3.54871901,25.00000000,13.00000000,16.00000000,train,True,aruna-juice-v4.0
2026-02-09,P006,Jus Melon,6,2.00000000,8.00000000,7.00000000,11.00000000,4.00000000,3.00000000,6.57142857,6.78571429,6.50000000,2.76026224,2.32638946,11.00000000,9.00000000,9.00000000,train,True,aruna-juice-v4.0
2026-02-09,P007,Jus Sirsak,10,12.00000000,19.00000000,16.00000000,14.00000000,16.00000000,14.00000000,13.71428571,14.50000000,15.14285714,3.94606495,3.45854571,25.00000000,16.00000000,16.00000000,train,True,aruna-juice-v4.0
2026-02-09,P008,Jus Alpukat,19,17.00000000,15.00000000,11.00000000,21.00000000,24.00000000,14.00000000,16.28571429,15.71428571,16.03571429,2.75162290,4.12177280,23.00000000,13.00000000,14.00000000,train,True,aruna-juice-v4.0
2026-02-09,P009,Jus Stroberi,11,16.00000000,27.00000000,22.00000000,23.00000000,9.00000000,15.00000000,18.28571429,18.85714286,18.10714286,5.76524893,5.14194131,23.00000000,11.00000000,20.00000000,train,True,aruna-juice-v4.0
2026-02-09,P010,Jus Jeruk,4,4.00000000,5.00000000,9.00000000,8.00000000,5.00000000,8.00000000,6.28571429,6.42857143,6.39285714,2.28868854,2.20887321,13.00000000,6.00000000,8.00000000,train,True,aruna-juice-v4.0
2026-02-09,P011,Jus Mangga,11,19.00000000,20.00000000,13.00000000,19.00000000,23.00000000,21.00000000,16.42857143,17.35714286,18.46428571,3.45722157,3.58645192,28.00000000,21.00000000,20.00000000,train,True,aruna-juice-v4.0
2026-02-10,P001,Jus Naga,13,10.00000000,13.00000000,8.00000000,6.00000000,9.00000000,11.00000000,10.28571429,8.57142857,8.14285714,2.81154084,2.82064602,7.00000000,14.00000000,8.00000000,train,True,aruna-juice-v4.0
2026-02-10,P002,Jus Semangka,10,6.00000000,5.00000000,7.00000000,8.00000000,6.00000000,8.00000000,5.28571429,5.28571429,6.28571429,2.87020822,2.55489188,6.00000000,8.00000000,8.00000000,train,True,aruna-juice-v4.0
2026-02-10,P003,Jus Jambu,4,6.00000000,4.00000000,8.00000000,4.00000000,9.00000000,5.00000000,5.57142857,5.92857143,6.35714286,1.61834719,2.01777813,9.00000000,2.00000000,8.00000000,train,True,aruna-juice-v4.0
2026-02-10,P004,Jus Pisang,4,3.00000000,6.00000000,5.00000000,7.00000000,6.00000000,8.00000000,4.57142857,5.07142857,4.78571429,0.97590007,2.12907657,5.00000000,8.00000000,8.00000000,train,True,aruna-juice-v4.0
2026-02-10,P005,Jus Nanas,25,16.00000000,19.00000000,20.00000000,13.00000000,12.00000000,16.00000000,16.57142857,15.78571429,15.75000000,5.53344808,4.35322288,13.00000000,16.00000000,15.00000000,train,True,aruna-juice-v4.0
2026-02-10,P006,Jus Melon,11,6.00000000,2.00000000,8.00000000,11.00000000,8.00000000,7.00000000,6.57142857,7.00000000,6.64285714,2.76026224,2.57203900,9.00000000,9.00000000,9.00000000,train,True,aruna-juice-v4.0
2026-02-10,P007,Jus Sirsak,25,10.00000000,12.00000000,19.00000000,14.00000000,17.00000000,20.00000000,15.28571429,15.07142857,15.32142857,5.82277957,4.42830556,16.00000000,16.00000000,15.00000000,train,True,aruna-juice-v4.0
2026-02-10,P008,Jus Alpukat,23,19.00000000,17.00000000,15.00000000,17.00000000,12.00000000,19.00000000,17.14285714,16.50000000,16.17857143,3.76069902,4.39842629,13.00000000,14.00000000,17.00000000,train,True,aruna-juice-v4.0
2026-02-10,P009,Jus Stroberi,23,11.00000000,16.00000000,27.00000000,23.00000000,28.00000000,18.00000000,18.28571429,18.50000000,18.28571429,5.76524893,4.60351037,11.00000000,20.00000000,16.00000000,train,True,aruna-juice-v4.0
2026-02-10,P010,Jus Jeruk,13,4.00000000,4.00000000,5.00000000,9.00000000,3.00000000,4.00000000,6.85714286,7.14285714,6.71428571,3.33809184,2.59754745,6.00000000,8.00000000,6.00000000,train,True,aruna-juice-v4.0
2026-02-10,P011,Jus Mangga,28,11.00000000,19.00000000,20.00000000,19.00000000,16.00000000,19.00000000,17.71428571,18.21428571,18.78571429,5.58910505,4.54344111,21.00000000,20.00000000,16.00000000,train,True,aruna-juice-v4.0
2026-02-11,P001,Jus Naga,7,13.00000000,10.00000000,13.00000000,9.00000000,8.00000000,3.00000000,10.00000000,8.50000000,8.28571429,3.05505046,2.84875141,14.00000000,8.00000000,6.00000000,train,True,aruna-juice-v4.0
2026-02-11,P002,Jus Semangka,6,10.00000000,6.00000000,5.00000000,5.00000000,8.00000000,8.00000000,5.42857143,5.14285714,6.21428571,2.87849167,2.44499938,8.00000000,8.00000000,10.00000000,train,True,aruna-juice-v4.0
2026-02-11,P003,Jus Jambu,9,4.00000000,6.00000000,4.00000000,7.00000000,10.00000000,6.00000000,5.85714286,5.85714286,6.46428571,2.03540098,1.87522892,2.00000000,8.00000000,7.00000000,train,True,aruna-juice-v4.0
2026-02-11,P004,Jus Pisang,5,4.00000000,3.00000000,6.00000000,5.00000000,3.00000000,2.00000000,4.57142857,5.21428571,4.89285714,0.97590007,2.04482730,8.00000000,8.00000000,2.00000000,train,True,aruna-juice-v4.0
2026-02-11,P005,Jus Nanas,13,25.00000000,16.00000000,19.00000000,16.00000000,19.00000000,11.00000000,16.14285714,15.35714286,15.82142857,5.69878851,4.30754513,16.00000000,15.00000000,14.00000000,train,True,aruna-juice-v4.0
2026-02-11,P006,Jus Melon,9,11.00000000,6.00000000,2.00000000,7.00000000,5.00000000,5.00000000,6.85714286,7.28571429,6.78571429,2.91138978,2.55489188,9.00000000,9.00000000,8.00000000,train,True,aruna-juice-v4.0
2026-02-11,P007,Jus Sirsak,16,25.00000000,10.00000000,12.00000000,8.00000000,17.00000000,14.00000000,16.42857143,15.00000000,15.39285714,4.85994317,4.40279631,16.00000000,15.00000000,21.00000000,train,True,aruna-juice-v4.0
2026-02-11,P008,Jus Alpukat,13,23.00000000,19.00000000,17.00000000,16.00000000,21.00000000,17.00000000,16.71428571,15.92857143,16.03571429,4.07080196,4.28708769,14.00000000,17.00000000,16.00000000,train,True,aruna-juice-v4.0
2026-02-11,P009,Jus Stroberi,11,23.00000000,11.00000000,16.00000000,15.00000000,18.00000000,19.00000000,17.71428571,18.00000000,18.00000000,6.31702160,5.02302391,20.00000000,16.00000000,19.00000000,train,True,aruna-juice-v4.0
2026-02-11,P010,Jus Jeruk,6,13.00000000,4.00000000,4.00000000,5.00000000,4.00000000,5.00000000,7.00000000,7.28571429,6.75000000,3.26598632,2.46291170,8.00000000,6.00000000,17.00000000,train,True,aruna-juice-v4.0
2026-02-11,P011,Jus Mangga,21,28.00000000,11.00000000,19.00000000,18.00000000,26.00000000,18.00000000,18.14285714,17.85714286,18.89285714,5.72795983,4.05457278,20.00000000,16.00000000,17.00000000,train,True,aruna-juice-v4.0
2026-02-12,P001,Jus Naga,14,7.00000000,13.00000000,10.00000000,13.00000000,8.00000000,3.00000000,10.14285714,8.92857143,8.67857143,3.23669437,3.19769835,8.00000000,6.00000000,8.00000000,train,True,aruna-juice-v4.0
2026-02-12,P002,Jus Semangka,8,6.00000000,10.00000000,6.00000000,1.00000000,7.00000000,7.00000000,6.42857143,5.21428571,6.25000000,2.22539456,2.51697533,8.00000000,10.00000000,4.00000000,train,True,aruna-juice-v4.0
2026-02-12,P003,Jus Jambu,2,9.00000000,4.00000000,6.00000000,6.00000000,8.00000000,8.00000000,5.28571429,5.42857143,6.25000000,2.49761791,2.02728639,8.00000000,7.00000000,5.00000000,train,True,aruna-juice-v4.0
2026-02-12,P004,Jus Pisang,8,5.00000000,4.00000000,3.00000000,5.00000000,8.00000000,5.00000000,5.00000000,5.21428571,5.00000000,1.63299316,2.04482730,8.00000000,2.00000000,9.00000000,train,True,aruna-juice-v4.0
2026-02-12,P005,Jus Nanas,16,13.00000000,25.00000000,16.00000000,8.00000000,14.00000000,15.00000000,17.28571429,15.50000000,15.85714286,4.46147531,4.29221119,15.00000000,14.00000000,16.00000000,train,True,aruna-juice-v4.0
2026-02-12,P006,Jus Melon,9,9.00000000,11.00000000,6.00000000,5.00000000,6.00000000,7.00000000,7.42857143,7.50000000,6.85714286,2.87849167,2.56455124,9.00000000,8.00000000,6.00000000,train,True,aruna-juice-v4.0
2026-02-12,P007,Jus Sirsak,16,16.00000000,25.00000000,10.00000000,17.00000000,11.00000000,11.00000000,16.28571429,15.35714286,15.57142857,4.85504156,4.25363452,15.00000000,21.00000000,23.00000000,train,True,aruna-juice-v4.0
2026-02-12,P008,Jus Alpukat,14,13.00000000,23.00000000,19.00000000,19.00000000,15.00000000,13.00000000,16.00000000,15.85714286,16.07142857,4.04145188,4.31200726,17.00000000,16.00000000,25.00000000,train,True,aruna-juice-v4.0
2026-02-12,P009,Jus Stroberi,20,11.00000000,23.00000000,11.00000000,14.00000000,18.00000000,24.00000000,18.57142857,18.14285714,17.85714286,6.13343685,5.05138432,16.00000000,19.00000000,19.00000000,train,True,aruna-juice-v4.0
2026-02-12,P010,Jus Jeruk,8,6.00000000,13.00000000,4.00000000,8.00000000,6.00000000,4.00000000,7.00000000,7.42857143,6.89285714,3.26598632,2.44050076,6.00000000,17.00000000,7.00000000,train,True,aruna-juice-v4.0
2026-02-12,P011,Jus Mangga,20,21.00000000,28.00000000,11.00000000,15.00000000,16.00000000,23.00000000,18.85714286,18.14285714,18.78571429,5.58057857,4.05457278,16.00000000,17.00000000,20.00000000,train,True,aruna-juice-v4.0
2026-02-13,P001,Jus Naga,8,14.00000000,7.00000000,13.00000000,6.00000000,9.00000000,9.00000000,10.42857143,8.85714286,8.64285714,2.87849167,3.20713490,6.00000000,8.00000000,9.00000000,train,True,aruna-juice-v4.0
2026-02-13,P002,Jus Semangka,8,8.00000000,6.00000000,10.00000000,3.00000000,2.00000000,10.00000000,7.14285714,5.64285714,6.17857143,1.67616342,2.43712134,10.00000000,4.00000000,5.00000000,train,True,aruna-juice-v4.0
2026-02-13,P003,Jus Jambu,8,2.00000000,9.00000000,4.00000000,4.00000000,7.00000000,6.00000000,5.85714286,5.50000000,6.32142857,2.60950643,2.10311125,7.00000000,5.00000000,5.00000000,train,True,aruna-juice-v4.0
2026-02-13,P004,Jus Pisang,8,8.00000000,5.00000000,4.00000000,4.00000000,4.00000000,7.00000000,5.57142857,5.50000000,5.03571429,1.90237946,2.13937446,2.00000000,9.00000000,3.00000000,train,True,aruna-juice-v4.0
2026-02-13,P005,Jus Nanas,15,16.00000000,13.00000000,25.00000000,12.00000000,11.00000000,18.00000000,17.71428571,15.78571429,15.75000000,3.98807747,4.09837813,14.00000000,16.00000000,14.00000000,train,True,aruna-juice-v4.0
2026-02-13,P006,Jus Melon,9,9.00000000,9.00000000,11.00000000,7.00000000,7.00000000,7.00000000,7.71428571,7.64285714,6.92857143,2.92770022,2.59013343,8.00000000,6.00000000,4.00000000,train,True,aruna-juice-v4.0
2026-02-13,P007,Jus Sirsak,15,16.00000000,16.00000000,25.00000000,16.00000000,13.00000000,11.00000000,16.14285714,15.50000000,15.71428571,4.87950036,4.20164803,21.00000000,23.00000000,16.00000000,train,True,aruna-juice-v4.0
2026-02-13,P008,Jus Alpukat,17,14.00000000,13.00000000,23.00000000,11.00000000,8.00000000,21.00000000,16.85714286,16.50000000,15.92857143,3.38765265,3.67423461,16.00000000,25.00000000,14.00000000,train,True,aruna-juice-v4.0
2026-02-13,P009,Jus Stroberi,16,20.00000000,11.00000000,23.00000000,22.00000000,20.00000000,10.00000000,17.71428571,17.85714286,18.07142857,5.99205824,5.05138432,19.00000000,19.00000000,12.00000000,train,True,aruna-juice-v4.0
2026-02-13,P010,Jus Jeruk,6,8.00000000,6.00000000,13.00000000,9.00000000,8.00000000,10.00000000,6.57142857,7.28571429,6.75000000,3.15473944,2.46291170,17.00000000,7.00000000,5.00000000,train,True,aruna-juice-v4.0
2026-02-13,P011,Jus Mangga,16,20.00000000,21.00000000,28.00000000,13.00000000,19.00000000,16.00000000,19.28571429,17.92857143,18.78571429,5.15474816,4.08494959,17.00000000,20.00000000,18.00000000,train,True,aruna-juice-v4.0
2026-02-14,P001,Jus Naga,6,8.00000000,14.00000000,7.00000000,8.00000000,5.00000000,12.00000000,10.14285714,8.92857143,8.42857143,3.23669437,3.12469779,8.00000000,9.00000000,7.00000000,train,True,aruna-juice-v4.0
2026-02-14,P002,Jus Semangka,10,8.00000000,8.00000000,6.00000000,7.00000000,5.00000000,9.00000000,7.57142857,6.00000000,6.21428571,1.98805959,2.68900897,4.00000000,5.00000000,2.00000000,train,True,aruna-juice-v4.0
2026-02-14,P003,Jus Jambu,7,8.00000000,2.00000000,9.00000000,8.00000000,5.00000000,6.00000000,5.71428571,5.64285714,6.35714286,2.49761791,2.13423172,5.00000000,5.00000000,5.00000000,train,True,aruna-juice-v4.0
2026-02-14,P004,Jus Pisang,2,8.00000000,8.00000000,5.00000000,5.00000000,8.00000000,2.00000000,5.14285714,5.07142857,5.03571429,2.34012617,2.20014985,9.00000000,3.00000000,4.00000000,train,True,aruna-juice-v4.0
2026-02-14,P005,Jus Nanas,14,15.00000000,16.00000000,13.00000000,20.00000000,14.00000000,19.00000000,16.85714286,15.78571429,15.57142857,4.05908739,4.09837813,16.00000000,14.00000000,17.00000000,train,True,aruna-juice-v4.0
2026-02-14,P006,Jus Melon,8,9.00000000,9.00000000,9.00000000,8.00000000,6.00000000,6.00000000,7.71428571,7.78571429,7.00000000,2.92770022,2.54735372,6.00000000,4.00000000,10.00000000,train,True,aruna-juice-v4.0
2026-02-14,P007,Jus Sirsak,21,15.00000000,16.00000000,16.00000000,19.00000000,15.00000000,14.00000000,16.42857143,15.92857143,15.96428571,5.12695956,4.44564239,23.00000000,16.00000000,9.00000000,train,True,aruna-juice-v4.0
2026-02-14,P008,Jus Alpukat,16,17.00000000,14.00000000,13.00000000,15.00000000,10.00000000,18.00000000,17.00000000,16.92857143,15.85714286,3.31662479,3.17355141,25.00000000,14.00000000,16.00000000,train,True,aruna-juice-v4.0
2026-02-14,P009,Jus Stroberi,19,16.00000000,20.00000000,11.00000000,27.00000000,15.00000000,26.00000000,16.57142857,18.14285714,17.82142857,4.50396651,4.99010009,19.00000000,12.00000000,21.00000000,train,True,aruna-juice-v4.0
2026-02-14,P010,Jus Jeruk,17,6.00000000,8.00000000,6.00000000,5.00000000,8.00000000,15.00000000,8.28571429,7.92857143,6.82142857,4.92322001,3.58338657,7.00000000,5.00000000,8.00000000,train,True,aruna-juice-v4.0
2026-02-14,P011,Jus Mangga,17,16.00000000,20.00000000,21.00000000,20.00000000,15.00000000,27.00000000,18.85714286,18.07142857,18.42857143,5.20988072,4.00891863,20.00000000,18.00000000,20.00000000,train,True,aruna-juice-v4.0
2026-02-15,P001,Jus Naga,8,6.00000000,8.00000000,14.00000000,13.00000000,5.00000000,11.00000000,9.42857143,9.14285714,8.32142857,3.04724700,2.93145128,9.00000000,7.00000000,9.00000000,train,True,aruna-juice-v4.0
2026-02-15,P002,Jus Semangka,4,10.00000000,8.00000000,8.00000000,5.00000000,3.00000000,6.00000000,7.42857143,6.07142857,6.14285714,2.22539456,2.61546542,5.00000000,2.00000000,7.00000000,train,True,aruna-juice-v4.0
2026-02-15,P003,Jus Jambu,5,7.00000000,8.00000000,2.00000000,4.00000000,3.00000000,8.00000000,5.85714286,5.78571429,6.25000000,2.41029538,2.00685638,5.00000000,5.00000000,9.00000000,train,True,aruna-juice-v4.0
2026-02-15,P004,Jus Pisang,9,2.00000000,8.00000000,8.00000000,6.00000000,1.00000000,9.00000000,5.57142857,5.64285714,5.03571429,2.76026224,2.09787962,3.00000000,4.00000000,6.00000000,train,True,aruna-juice-v4.0
2026-02-15,P005,Jus Nanas,16,14.00000000,15.00000000,16.00000000,19.00000000,19.00000000,9.00000000,16.42857143,15.57142857,15.82142857,3.95209408,3.99450172,14.00000000,17.00000000,17.00000000,train,True,aruna-juice-v4.0
2026-02-15,P006,Jus Melon,6,8.00000000,9.00000000,9.00000000,2.00000000,6.00000000,7.00000000,8.28571429,7.78571429,6.96428571,1.79947082,2.54735372,4.00000000,10.00000000,3.00000000,train,True,aruna-juice-v4.0
2026-02-15,P007,Jus Sirsak,23,21.00000000,15.00000000,16.00000000,12.00000000,20.00000000,13.00000000,18.00000000,16.14285714,16.32142857,5.22812905,4.72077475,16.00000000,9.00000000,31.00000000,train,True,aruna-juice-v4.0
2026-02-15,P008,Jus Alpukat,25,16.00000000,17.00000000,14.00000000,17.00000000,19.00000000,18.00000000,18.14285714,17.35714286,16.10714286,4.48807945,3.81509437,14.00000000,16.00000000,24.00000000,train,True,aruna-juice-v4.0
2026-02-15,P009,Jus Stroberi,19,19.00000000,16.00000000,20.00000000,16.00000000,14.00000000,16.00000000,17.00000000,18.50000000,17.92857143,4.58257569,4.84767986,12.00000000,21.00000000,20.00000000,train,True,aruna-juice-v4.0
2026-02-15,P010,Jus Jeruk,7,17.00000000,6.00000000,8.00000000,4.00000000,9.00000000,6.00000000,8.71428571,7.78571429,6.85714286,4.60848080,3.57724801,5.00000000,8.00000000,7.00000000,train,True,aruna-juice-v4.0
2026-02-15,P011,Jus Mangga,20,17.00000000,16.00000000,20.00000000,19.00000000,17.00000000,22.00000000,19.00000000,18.28571429,18.35714286,5.22812905,4.02737883,18.00000000,20.00000000,20.00000000,train,True,aruna-juice-v4.0
2026-02-16,P001,Jus Naga,9,8.00000000,6.00000000,8.00000000,10.00000000,7.00000000,12.00000000,9.28571429,9.28571429,8.21428571,3.03942350,2.86701591,7.00000000,9.00000000,11.00000000,train,True,aruna-juice-v4.0
2026-02-16,P002,Jus Semangka,5,4.00000000,10.00000000,8.00000000,6.00000000,4.00000000,13.00000000,7.28571429,6.14285714,5.85714286,2.36038738,2.56776296,2.00000000,7.00000000,3.00000000,train,True,aruna-juice-v4.0
2026-02-16,P003,Jus Jambu,5,5.00000000,7.00000000,8.00000000,6.00000000,7.00000000,9.00000000,5.71428571,5.64285714,6.10714286,2.42997159,1.98483260,5.00000000,9.00000000,5.00000000,train,True,aruna-juice-v4.0
2026-02-16,P004,Jus Pisang,3,9.00000000,2.00000000,8.00000000,3.00000000,8.00000000,3.00000000,5.57142857,5.28571429,5.03571429,2.76026224,2.09132168,4.00000000,6.00000000,5.00000000,train,True,aruna-juice-v4.0
2026-02-16,P005,Jus Nanas,14,16.00000000,14.00000000,15.00000000,16.00000000,15.00000000,13.00000000,16.14285714,15.50000000,15.85714286,4.05908739,4.01439717,17.00000000,17.00000000,20.00000000,train,True,aruna-juice-v4.0
2026-02-16,P006,Jus Melon,4,6.00000000,8.00000000,9.00000000,6.00000000,11.00000000,6.00000000,8.00000000,7.28571429,6.89285714,2.30940108,2.55489188,10.00000000,3.00000000,7.00000000,train,True,aruna-juice-v4.0
2026-02-16,P007,Jus Sirsak,16,23.00000000,21.00000000,15.00000000,10.00000000,14.00000000,21.00000000,18.85714286,16.28571429,16.14285714,4.05908739,4.68103492,9.00000000,31.00000000,20.00000000,train,True,aruna-juice-v4.0
2026-02-16,P008,Jus Alpukat,14,25.00000000,16.00000000,17.00000000,19.00000000,21.00000000,15.00000000,17.42857143,16.85714286,16.07142857,4.72077475,3.75923771,16.00000000,24.00000000,20.00000000,train,True,aruna-juice-v4.0
2026-02-16,P009,Jus Stroberi,12,19.00000000,19.00000000,16.00000000,11.00000000,23.00000000,19.00000000,17.14285714,17.71428571,17.67857143,4.37525509,4.95252184,21.00000000,20.00000000,17.00000000,train,True,aruna-juice-v4.0
2026-02-16,P010,Jus Jeruk,5,7.00000000,17.00000000,6.00000000,4.00000000,8.00000000,5.00000000,8.85714286,7.57142857,6.85714286,4.45078912,3.65248673,8.00000000,7.00000000,9.00000000,train,True,aruna-juice-v4.0
2026-02-16,P011,Jus Mangga,18,20.00000000,17.00000000,16.00000000,11.00000000,19.00000000,21.00000000,20.00000000,18.21428571,18.25000000,3.95811403,4.02260098,20.00000000,20.00000000,19.00000000,train,True,aruna-juice-v4.0
2026-02-17,P001,Jus Naga,7,9.00000000,8.00000000,6.00000000,13.00000000,6.00000000,10.00000000,8.42857143,9.35714286,8.10714286,2.63673680,2.79028928,9.00000000,11.00000000,12.00000000,train,True,aruna-juice-v4.0
2026-02-17,P002,Jus Semangka,2,5.00000000,4.00000000,10.00000000,10.00000000,8.00000000,5.00000000,6.14285714,5.71428571,5.75000000,2.73426233,2.72956946,7.00000000,3.00000000,4.00000000,train,True,aruna-juice-v4.0
2026-02-17,P003,Jus Jambu,5,5.00000000,5.00000000,7.00000000,4.00000000,4.00000000,3.00000000,5.85714286,5.71428571,6.17857143,2.34012617,1.93861852,9.00000000,5.00000000,6.00000000,train,True,aruna-juice-v4.0
2026-02-17,P004,Jus Pisang,4,3.00000000,9.00000000,2.00000000,4.00000000,7.00000000,4.00000000,5.57142857,5.07142857,5.03571429,2.76026224,2.05554731,6.00000000,5.00000000,3.00000000,train,True,aruna-juice-v4.0
2026-02-17,P005,Jus Nanas,17,14.00000000,16.00000000,14.00000000,25.00000000,13.00000000,20.00000000,15.00000000,15.78571429,15.75000000,1.41421356,3.96481780,17.00000000,20.00000000,13.00000000,train,True,aruna-juice-v4.0
2026-02-17,P006,Jus Melon,10,4.00000000,6.00000000,8.00000000,11.00000000,11.00000000,6.00000000,7.85714286,7.21428571,7.03571429,2.11570094,2.45509114,3.00000000,7.00000000,7.00000000,train,True,aruna-juice-v4.0
2026-02-17,P007,Jus Sirsak,9,16.00000000,23.00000000,21.00000000,25.00000000,14.00000000,18.00000000,16.57142857,15.92857143,15.82142857,4.50396651,5.04539830,31.00000000,20.00000000,19.00000000,train,True,aruna-juice-v4.0
2026-02-17,P008,Jus Alpukat,16,14.00000000,25.00000000,16.00000000,23.00000000,17.00000000,18.00000000,16.42857143,16.78571429,16.00000000,4.03555625,3.76580917,24.00000000,20.00000000,18.00000000,train,True,aruna-juice-v4.0
2026-02-17,P009,Jus Stroberi,21,12.00000000,19.00000000,19.00000000,23.00000000,23.00000000,29.00000000,16.85714286,17.57142857,17.39285714,3.97611919,4.81526876,20.00000000,17.00000000,15.00000000,train,True,aruna-juice-v4.0
2026-02-17,P010,Jus Jeruk,8,5.00000000,7.00000000,17.00000000,13.00000000,9.00000000,7.00000000,8.14285714,7.50000000,6.89285714,4.05908739,3.63212165,7.00000000,9.00000000,14.00000000,train,True,aruna-juice-v4.0
2026-02-17,P011,Jus Mangga,20,18.00000000,20.00000000,17.00000000,28.00000000,19.00000000,17.00000000,18.85714286,18.28571429,18.35714286,1.86445447,4.04643378,20.00000000,19.00000000,17.00000000,train,True,aruna-juice-v4.0
2026-02-18,P001,Jus Naga,9,7.00000000,9.00000000,8.00000000,7.00000000,9.00000000,5.00000000,8.71428571,9.35714286,8.25000000,2.56347978,2.79028928,11.00000000,12.00000000,6.00000000,train,True,aruna-juice-v4.0
2026-02-18,P002,Jus Semangka,7,2.00000000,5.00000000,4.00000000,6.00000000,5.00000000,11.00000000,6.28571429,5.85714286,5.60714286,2.75162290,2.74162060,3.00000000,4.00000000,7.00000000,train,True,aruna-juice-v4.0
2026-02-18,P003,Jus Jambu,9,5.00000000,5.00000000,5.00000000,9.00000000,7.00000000,9.00000000,5.85714286,5.85714286,6.17857143,2.34012617,2.10702644,5.00000000,6.00000000,7.00000000,train,True,aruna-juice-v4.0
2026-02-18,P004,Jus Pisang,6,4.00000000,3.00000000,9.00000000,5.00000000,5.00000000,5.00000000,5.71428571,5.14285714,5.07142857,2.75162290,2.07019668,5.00000000,3.00000000,5.00000000,train,True,aruna-juice-v4.0
2026-02-18,P005,Jus Nanas,17,17.00000000,14.00000000,16.00000000,13.00000000,16.00000000,13.00000000,15.57142857,15.85714286,15.89285714,1.27241802,3.97796126,20.00000000,13.00000000,22.00000000,train,True,aruna-juice-v4.0
2026-02-18,P006,Jus Melon,3,10.00000000,4.00000000,6.00000000,9.00000000,7.00000000,7.00000000,7.00000000,6.92857143,6.89285714,2.70801280,2.70225791,7.00000000,7.00000000,6.00000000,train,True,aruna-juice-v4.0
2026-02-18,P007,Jus Sirsak,31,9.00000000,16.00000000,23.00000000,16.00000000,8.00000000,18.00000000,18.71428571,17.57142857,16.28571429,7.04069802,5.93184737,20.00000000,19.00000000,19.00000000,train,True,aruna-juice-v4.0
2026-02-18,P008,Jus Alpukat,24,16.00000000,14.00000000,25.00000000,13.00000000,16.00000000,17.00000000,18.00000000,17.35714286,16.25000000,4.58257569,4.21731126,20.00000000,18.00000000,23.00000000,train,True,aruna-juice-v4.0
2026-02-18,P009,Jus Stroberi,20,21.00000000,12.00000000,19.00000000,11.00000000,15.00000000,17.00000000,18.14285714,17.92857143,17.50000000,3.13201593,4.79525865,17.00000000,15.00000000,31.00000000,train,True,aruna-juice-v4.0
2026-02-18,P010,Jus Jeruk,7,8.00000000,5.00000000,7.00000000,6.00000000,5.00000000,6.00000000,8.28571429,7.64285714,6.92857143,3.98807747,3.56493916,9.00000000,14.00000000,6.00000000,train,True,aruna-juice-v4.0
2026-02-18,P011,Jus Mangga,20,20.00000000,18.00000000,20.00000000,21.00000000,18.00000000,16.00000000,18.71428571,18.42857143,18.50000000,1.70433621,4.07080196,19.00000000,17.00000000,23.00000000,train,True,aruna-juice-v4.0
2026-02-19,P001,Jus Naga,11,9.00000000,7.00000000,9.00000000,14.00000000,13.00000000,5.00000000,8.28571429,9.21428571,8.46428571,1.60356745,2.63638947,12.00000000,6.00000000,12.00000000,train,True,aruna-juice-v4.0
2026-02-19,P002,Jus Semangka,3,7.00000000,2.00000000,5.00000000,8.00000000,1.00000000,4.00000000,5.57142857,6.00000000,5.57142857,2.87849167,2.51151196,4.00000000,7.00000000,3.00000000,train,True,aruna-juice-v4.0
2026-02-19,P003,Jus Jambu,5,9.00000000,5.00000000,5.00000000,2.00000000,6.00000000,5.00000000,6.28571429,5.78571429,6.17857143,1.70433621,2.11872863,6.00000000,7.00000000,9.00000000,train,True,aruna-juice-v4.0
2026-02-19,P004,Jus Pisang,5,6.00000000,4.00000000,3.00000000,8.00000000,5.00000000,5.00000000,5.28571429,5.14285714,5.07142857,2.56347978,2.07019668,3.00000000,5.00000000,2.00000000,train,True,aruna-juice-v4.0
2026-02-19,P005,Jus Nanas,20,17.00000000,17.00000000,14.00000000,16.00000000,8.00000000,12.00000000,16.14285714,16.71428571,16.17857143,2.11570094,3.40652251,13.00000000,22.00000000,13.00000000,train,True,aruna-juice-v4.0
2026-02-19,P006,Jus Melon,7,3.00000000,10.00000000,4.00000000,9.00000000,5.00000000,8.00000000,6.71428571,7.07142857,6.85714286,2.56347978,2.64471274,7.00000000,6.00000000,8.00000000,train,True,aruna-juice-v4.0
2026-02-19,P007,Jus Sirsak,20,31.00000000,9.00000000,16.00000000,16.00000000,17.00000000,24.00000000,19.28571429,17.78571429,16.14285714,6.94536502,5.96371814,19.00000000,19.00000000,12.00000000,train,True,aruna-juice-v4.0
2026-02-19,P008,Jus Alpukat,20,24.00000000,16.00000000,14.00000000,14.00000000,19.00000000,11.00000000,18.85714286,17.42857143,16.57142857,4.25944329,4.25557165,18.00000000,23.00000000,18.00000000,train,True,aruna-juice-v4.0
2026-02-19,P009,Jus Stroberi,17,20.00000000,21.00000000,12.00000000,20.00000000,14.00000000,15.00000000,17.71428571,18.14285714,17.57142857,3.03942350,4.67163524,15.00000000,31.00000000,9.00000000,train,True,aruna-juice-v4.0
2026-02-19,P010,Jus Jeruk,9,7.00000000,8.00000000,5.00000000,8.00000000,8.00000000,6.00000000,8.42857143,7.71428571,7.03571429,3.99404318,3.58261983,14.00000000,6.00000000,5.00000000,train,True,aruna-juice-v4.0
2026-02-19,P011,Jus Mangga,19,20.00000000,20.00000000,18.00000000,20.00000000,15.00000000,17.00000000,18.57142857,18.71428571,18.57142857,1.61834719,3.95023994,17.00000000,23.00000000,15.00000000,train,True,aruna-juice-v4.0
2026-02-20,P001,Jus Naga,12,11.00000000,9.00000000,7.00000000,8.00000000,6.00000000,10.00000000,8.85714286,9.64285714,8.53571429,2.11570094,2.56026269,6.00000000,12.00000000,4.00000000,train,True,aruna-juice-v4.0
2026-02-20,P002,Jus Semangka,4,3.00000000,7.00000000,2.00000000,8.00000000,3.00000000,4.00000000,5.00000000,6.07142857,5.57142857,2.70801280,2.43260815,7.00000000,3.00000000,8.00000000,train,True,aruna-juice-v4.0
2026-02-20,P003,Jus Jambu,6,5.00000000,9.00000000,5.00000000,8.00000000,4.00000000,8.00000000,6.00000000,5.92857143,6.10714286,1.52752523,2.05554731,7.00000000,9.00000000,9.00000000,train,True,aruna-juice-v4.0
2026-02-20,P004,Jus Pisang,3,5.00000000,6.00000000,4.00000000,8.00000000,4.00000000,2.00000000,4.57142857,5.07142857,5.10714286,2.37045304,2.12907657,5.00000000,2.00000000,7.00000000,train,True,aruna-juice-v4.0
2026-02-20,P005,Jus Nanas,13,20.00000000,17.00000000,17.00000000,15.00000000,12.00000000,17.00000000,15.85714286,16.78571429,16.03571429,2.41029538,3.30916144,22.00000000,13.00000000,16.00000000,train,True,aruna-juice-v4.0
2026-02-20,P006,Jus Melon,7,7.00000000,3.00000000,10.00000000,9.00000000,7.00000000,8.00000000,6.42857143,7.07142857,6.82142857,2.37045304,2.64471274,6.00000000,8.00000000,8.00000000,train,True,aruna-juice-v4.0
2026-02-20,P007,Jus Sirsak,19,20.00000000,31.00000000,9.00000000,15.00000000,16.00000000,14.00000000,19.85714286,18.00000000,16.32142857,6.69399162,5.94849690,19.00000000,12.00000000,19.00000000,train,True,aruna-juice-v4.0
2026-02-20,P008,Jus Alpukat,18,20.00000000,24.00000000,16.00000000,17.00000000,11.00000000,10.00000000,19.00000000,17.92857143,16.85714286,4.20317340,3.83233782,23.00000000,18.00000000,10.00000000,train,True,aruna-juice-v4.0
2026-02-20,P009,Jus Stroberi,15,17.00000000,20.00000000,21.00000000,16.00000000,22.00000000,9.00000000,17.57142857,17.64285714,17.78571429,3.15473944,4.60112265,31.00000000,9.00000000,13.00000000,train,True,aruna-juice-v4.0
2026-02-20,P010,Jus Jeruk,14,9.00000000,7.00000000,8.00000000,6.00000000,9.00000000,6.00000000,9.57142857,8.07142857,7.32142857,4.31497945,3.95093535,6.00000000,5.00000000,5.00000000,train,True,aruna-juice-v4.0
2026-02-20,P011,Jus Mangga,17,19.00000000,20.00000000,20.00000000,16.00000000,13.00000000,22.00000000,18.71428571,19.00000000,18.39285714,1.38013112,3.63741244,23.00000000,15.00000000,17.00000000,train,True,aruna-juice-v4.0
2026-02-21,P001,Jus Naga,6,12.00000000,11.00000000,9.00000000,6.00000000,8.00000000,7.00000000,8.85714286,9.50000000,8.50000000,2.11570094,2.71037891,12.00000000,4.00000000,6.00000000,train,True,aruna-juice-v4.0
2026-02-21,P002,Jus Semangka,7,4.00000000,3.00000000,7.00000000,10.00000000,7.00000000,6.00000000,4.57142857,6.07142857,5.60714286,1.90237946,2.43260815,3.00000000,8.00000000,5.00000000,train,True,aruna-juice-v4.0
2026-02-21,P003,Jus Jambu,7,6.00000000,5.00000000,9.00000000,7.00000000,8.00000000,6.00000000,6.00000000,5.85714286,6.14285714,1.52752523,1.99449793,9.00000000,9.00000000,8.00000000,train,True,aruna-juice-v4.0
2026-02-21,P004,Jus Pisang,5,3.00000000,5.00000000,6.00000000,2.00000000,5.00000000,3.00000000,5.00000000,5.07142857,5.17857143,2.08166600,2.12907657,2.00000000,7.00000000,4.00000000,train,True,aruna-juice-v4.0
2026-02-21,P005,Jus Nanas,22,13.00000000,20.00000000,17.00000000,14.00000000,20.00000000,22.00000000,17.00000000,16.92857143,16.03571429,3.16227766,3.49646603,13.00000000,16.00000000,16.00000000,train,True,aruna-juice-v4.0
2026-02-21,P006,Jus Melon,6,7.00000000,7.00000000,3.00000000,8.00000000,8.00000000,3.00000000,6.14285714,6.92857143,6.92857143,2.26778684,2.64471274,8.00000000,8.00000000,13.00000000,train,True,aruna-juice-v4.0
2026-02-21,P007,Jus Sirsak,19,19.00000000,20.00000000,31.00000000,21.00000000,19.00000000,12.00000000,19.57142857,18.00000000,16.57142857,6.67974907,5.94849690,12.00000000,19.00000000,16.00000000,train,True,aruna-juice-v4.0
2026-02-21,P008,Jus Alpukat,23,18.00000000,20.00000000,24.00000000,16.00000000,15.00000000,15.00000000,20.00000000,18.50000000,17.14285714,4.20317340,3.95649417,18.00000000,10.00000000,20.00000000,train,True,aruna-juice-v4.0
2026-02-21,P009,Jus Stroberi,31,15.00000000,17.00000000,20.00000000,19.00000000,27.00000000,15.00000000,19.28571429,17.92857143,18.35714286,6.01980857,5.29824769,9.00000000,13.00000000,16.00000000,train,True,aruna-juice-v4.0
2026-02-21,P010,Jus Jeruk,6,14.00000000,9.00000000,7.00000000,17.00000000,5.00000000,2.00000000,8.00000000,8.14285714,7.46428571,2.94392029,3.89984502,5.00000000,5.00000000,7.00000000,train,True,aruna-juice-v4.0
2026-02-21,P011,Jus Mangga,23,17.00000000,19.00000000,20.00000000,17.00000000,20.00000000,18.00000000,19.57142857,19.21428571,18.57142857,1.90237946,3.78618077,15.00000000,17.00000000,22.00000000,train,True,aruna-juice-v4.0
2026-02-22,P001,Jus Naga,12,6.00000000,12.00000000,11.00000000,8.00000000,13.00000000,7.00000000,9.42857143,9.42857143,8.67857143,2.37045304,2.62280782,4.00000000,6.00000000,8.00000000,train,True,aruna-juice-v4.0
2026-02-22,P002,Jus Semangka,3,7.00000000,4.00000000,3.00000000,4.00000000,5.00000000,3.00000000,4.42857143,5.92857143,5.60714286,1.98805959,2.55596695,8.00000000,5.00000000,2.00000000,train,True,aruna-juice-v4.0
2026-02-22,P003,Jus Jambu,9,7.00000000,6.00000000,5.00000000,5.00000000,4.00000000,5.00000000,6.57142857,6.21428571,6.28571429,1.81265393,2.08210587,9.00000000,8.00000000,9.00000000,train,True,aruna-juice-v4.0
2026-02-22,P004,Jus Pisang,2,5.00000000,3.00000000,5.00000000,9.00000000,6.00000000,2.00000000,4.00000000,4.78571429,5.17857143,1.41421356,2.25929095,7.00000000,4.00000000,8.00000000,train,True,aruna-juice-v4.0
2026-02-22,P005,Jus Nanas,13,22.00000000,13.00000000,20.00000000,16.00000000,19.00000000,19.00000000,16.57142857,16.50000000,15.82142857,3.50509833,3.58951464,16.00000000,16.00000000,17.00000000,train,True,aruna-juice-v4.0
2026-02-22,P006,Jus Melon,8,6.00000000,7.00000000,7.00000000,6.00000000,2.00000000,6.00000000,6.42857143,7.35714286,7.00000000,2.37045304,2.23975077,8.00000000,13.00000000,12.00000000,train,True,aruna-juice-v4.0
2026-02-22,P007,Jus Sirsak,12,19.00000000,19.00000000,20.00000000,23.00000000,12.00000000,15.00000000,18.00000000,18.00000000,16.46428571,7.02376917,5.94849690,19.00000000,16.00000000,16.00000000,train,True,aruna-juice-v4.0
2026-02-22,P008,Jus Alpukat,18,23.00000000,18.00000000,20.00000000,25.00000000,17.00000000,13.00000000,19.00000000,18.57142857,17.32142857,3.60555128,3.93630607,10.00000000,20.00000000,15.00000000,train,True,aruna-juice-v4.0
2026-02-22,P009,Jus Stroberi,9,31.00000000,15.00000000,17.00000000,19.00000000,16.00000000,17.00000000,17.85714286,17.42857143,18.07142857,7.17469097,5.80071993,13.00000000,16.00000000,19.00000000,train,True,aruna-juice-v4.0
2026-02-22,P010,Jus Jeruk,5,6.00000000,14.00000000,9.00000000,7.00000000,4.00000000,8.00000000,7.71428571,8.21428571,7.35714286,3.14718317,3.82659864,5.00000000,7.00000000,9.00000000,train,True,aruna-juice-v4.0
2026-02-22,P011,Jus Mangga,15,23.00000000,17.00000000,19.00000000,20.00000000,19.00000000,15.00000000,18.85714286,18.92857143,18.57142857,2.54483604,3.95093535,17.00000000,22.00000000,19.00000000,train,True,aruna-juice-v4.0
2026-02-23,P001,Jus Naga,4,12.00000000,6.00000000,12.00000000,9.00000000,10.00000000,5.00000000,8.71428571,9.00000000,8.64285714,3.14718317,2.98715198,6.00000000,8.00000000,6.00000000,train,True,aruna-juice-v4.0
2026-02-23,P002,Jus Semangka,8,3.00000000,7.00000000,4.00000000,5.00000000,6.00000000,10.00000000,4.85714286,6.07142857,5.53571429,2.41029538,2.61546542,5.00000000,2.00000000,6.00000000,train,True,aruna-juice-v4.0
2026-02-23,P003,Jus Jambu,9,9.00000000,7.00000000,6.00000000,5.00000000,6.00000000,7.00000000,7.14285714,6.42857143,6.35714286,1.86445447,2.20887321,8.00000000,9.00000000,9.00000000,train,True,aruna-juice-v4.0
2026-02-23,P004,Jus Pisang,7,2.00000000,5.00000000,3.00000000,3.00000000,3.00000000,8.00000000,4.57142857,5.07142857,5.14285714,1.71824939,2.26899794,4.00000000,8.00000000,10.00000000,train,True,aruna-juice-v4.0
2026-02-23,P005,Jus Nanas,16,13.00000000,22.00000000,13.00000000,14.00000000,16.00000000,20.00000000,16.85714286,16.50000000,15.67857143,3.33809184,3.58951464,16.00000000,17.00000000,17.00000000,train,True,aruna-juice-v4.0
2026-02-23,P006,Jus Melon,8,8.00000000,6.00000000,7.00000000,4.00000000,6.00000000,4.00000000,7.00000000,7.50000000,7.14285714,2.16024690,2.21011660,13.00000000,12.00000000,7.00000000,train,True,aruna-juice-v4.0
2026-02-23,P007,Jus Sirsak,19,12.00000000,19.00000000,19.00000000,16.00000000,10.00000000,16.00000000,18.42857143,18.64285714,16.57142857,6.97273602,5.48574576,16.00000000,16.00000000,21.00000000,train,True,aruna-juice-v4.0
2026-02-23,P008,Jus Alpukat,10,18.00000000,23.00000000,18.00000000,14.00000000,19.00000000,24.00000000,18.42857143,17.92857143,16.82142857,4.68533680,4.54827585,20.00000000,15.00000000,19.00000000,train,True,aruna-juice-v4.0
2026-02-23,P009,Jus Stroberi,13,9.00000000,31.00000000,15.00000000,12.00000000,11.00000000,9.00000000,18.00000000,17.57142857,18.21428571,7.04745817,5.65296771,16.00000000,19.00000000,22.00000000,train,True,aruna-juice-v4.0
2026-02-23,P010,Jus Jeruk,5,5.00000000,6.00000000,14.00000000,5.00000000,4.00000000,5.00000000,7.71428571,8.28571429,7.35714286,3.14718317,3.75045785,7.00000000,9.00000000,8.00000000,train,True,aruna-juice-v4.0
2026-02-23,P011,Jus Mangga,17,15.00000000,23.00000000,17.00000000,18.00000000,11.00000000,23.00000000,18.71428571,19.35714286,18.35714286,2.62769136,3.29585154,22.00000000,19.00000000,24.00000000,train,True,aruna-juice-v4.0
2026-02-24,P001,Jus Naga,6,4.00000000,12.00000000,6.00000000,7.00000000,13.00000000,9.00000000,8.57142857,8.50000000,8.53571429,3.25868802,2.84875141,8.00000000,6.00000000,7.00000000,train,True,aruna-juice-v4.0
2026-02-24,P002,Jus Semangka,5,8.00000000,3.00000000,7.00000000,2.00000000,10.00000000,6.00000000,5.28571429,5.71428571,5.50000000,2.05866346,2.36736047,2.00000000,6.00000000,3.00000000,train,True,aruna-juice-v4.0
2026-02-24,P003,Jus Jambu,8,9.00000000,9.00000000,7.00000000,5.00000000,4.00000000,9.00000000,7.57142857,6.71428571,6.32142857,1.61834719,2.12778583,9.00000000,9.00000000,1.00000000,train,True,aruna-juice-v4.0
2026-02-24,P004,Jus Pisang,4,7.00000000,2.00000000,5.00000000,4.00000000,4.00000000,6.00000000,4.57142857,5.07142857,5.07142857,1.71824939,2.26899794,8.00000000,10.00000000,3.00000000,train,True,aruna-juice-v4.0
2026-02-24,P005,Jus Nanas,16,16.00000000,13.00000000,22.00000000,17.00000000,25.00000000,12.00000000,16.71428571,15.85714286,15.82142857,3.35232684,2.62699427,17.00000000,17.00000000,9.00000000,train,True,aruna-juice-v4.0
2026-02-24,P006,Jus Melon,13,8.00000000,8.00000000,6.00000000,10.00000000,11.00000000,8.00000000,7.42857143,7.64285714,7.32142857,2.99205297,2.49945049,12.00000000,7.00000000,5.00000000,train,True,aruna-juice-v4.0
2026-02-24,P007,Jus Sirsak,16,19.00000000,12.00000000,19.00000000,9.00000000,25.00000000,17.00000000,19.42857143,18.00000000,16.53571429,5.79819348,5.20354908,16.00000000,21.00000000,14.00000000,train,True,aruna-juice-v4.0
2026-02-24,P008,Jus Alpukat,20,10.00000000,18.00000000,23.00000000,16.00000000,23.00000000,12.00000000,19.00000000,17.71428571,17.10714286,4.58257569,4.35763824,15.00000000,19.00000000,7.00000000,train,True,aruna-juice-v4.0
2026-02-24,P009,Jus Stroberi,16,13.00000000,9.00000000,31.00000000,21.00000000,23.00000000,28.00000000,17.28571429,17.07142857,17.78571429,6.94536502,5.44149705,19.00000000,22.00000000,18.00000000,train,True,aruna-juice-v4.0
2026-02-24,P010,Jus Jeruk,7,5.00000000,5.00000000,6.00000000,8.00000000,13.00000000,3.00000000,7.57142857,7.85714286,7.50000000,3.15473944,3.50509833,9.00000000,8.00000000,4.00000000,train,True,aruna-juice-v4.0
2026-02-24,P011,Jus Mangga,22,17.00000000,15.00000000,23.00000000,20.00000000,28.00000000,16.00000000,19.00000000,18.92857143,18.57142857,2.88675135,2.33581762,19.00000000,24.00000000,18.00000000,train,True,aruna-juice-v4.0
2026-02-25,P001,Jus Naga,8,6.00000000,4.00000000,12.00000000,9.00000000,7.00000000,8.00000000,8.42857143,8.57142857,8.53571429,3.25868802,2.82064602,6.00000000,7.00000000,4.00000000,train,True,aruna-juice-v4.0
2026-02-25,P002,Jus Semangka,2,5.00000000,8.00000000,3.00000000,7.00000000,6.00000000,8.00000000,4.57142857,5.42857143,5.28571429,2.22539456,2.56347978,6.00000000,3.00000000,8.00000000,train,True,aruna-juice-v4.0
2026-02-25,P003,Jus Jambu,9,8.00000000,9.00000000,9.00000000,9.00000000,9.00000000,10.00000000,7.57142857,6.71428571,6.28571429,1.61834719,2.12778583,9.00000000,1.00000000,9.00000000,train,True,aruna-juice-v4.0
2026-02-25,P004,Jus Pisang,8,4.00000000,7.00000000,2.00000000,6.00000000,5.00000000,3.00000000,4.85714286,5.28571429,5.25000000,2.11570094,2.39963367,10.00000000,3.00000000,2.00000000,train,True,aruna-juice-v4.0
2026-02-25,P005,Jus Nanas,17,16.00000000,16.00000000,13.00000000,17.00000000,13.00000000,19.00000000,16.71428571,16.14285714,15.75000000,3.35232684,2.50713268,17.00000000,9.00000000,8.00000000,train,True,aruna-juice-v4.0
2026-02-25,P006,Jus Melon,12,13.00000000,8.00000000,8.00000000,3.00000000,9.00000000,5.00000000,8.71428571,7.85714286,7.57142857,2.69037084,2.74162060,7.00000000,5.00000000,1.00000000,train,True,aruna-juice-v4.0
2026-02-25,P007,Jus Sirsak,16,16.00000000,19.00000000,12.00000000,31.00000000,16.00000000,17.00000000,17.28571429,18.00000000,16.50000000,2.81154084,5.20354908,21.00000000,14.00000000,16.00000000,train,True,aruna-juice-v4.0
2026-02-25,P008,Jus Alpukat,15,20.00000000,10.00000000,18.00000000,24.00000000,13.00000000,21.00000000,17.71428571,17.85714286,16.89285714,4.19182879,4.22186876,19.00000000,7.00000000,15.00000000,train,True,aruna-juice-v4.0
2026-02-25,P009,Jus Stroberi,19,16.00000000,13.00000000,9.00000000,20.00000000,11.00000000,18.00000000,17.14285714,17.64285714,17.82142857,6.89029684,5.16805488,22.00000000,18.00000000,18.00000000,train,True,aruna-juice-v4.0
2026-02-25,P010,Jus Jeruk,9,7.00000000,5.00000000,5.00000000,7.00000000,6.00000000,4.00000000,7.85714286,8.07142857,7.67857143,3.18478526,3.47439614,8.00000000,4.00000000,3.00000000,train,True,aruna-juice-v4.0
2026-02-25,P011,Jus Mangga,19,22.00000000,17.00000000,15.00000000,20.00000000,21.00000000,26.00000000,18.85714286,18.78571429,18.32142857,2.85356919,2.25929095,24.00000000,18.00000000,9.00000000,train,True,aruna-juice-v4.0
2026-02-26,P001,Jus Naga,6,8.00000000,6.00000000,4.00000000,11.00000000,14.00000000,8.00000000,7.71428571,8.00000000,8.46428571,3.14718317,2.41788210,7.00000000,4.00000000,3.00000000,train,True,aruna-juice-v4.0
2026-02-26,P002,Jus Semangka,6,2.00000000,5.00000000,8.00000000,3.00000000,8.00000000,7.00000000,5.00000000,5.28571429,5.25000000,2.16024690,2.46291170,3.00000000,8.00000000,4.00000000,train,True,aruna-juice-v4.0
2026-02-26,P003,Jus Jambu,9,9.00000000,8.00000000,9.00000000,5.00000000,2.00000000,8.00000000,8.14285714,7.21428571,6.32142857,1.21498579,1.71771635,1.00000000,9.00000000,7.00000000,train,True,aruna-juice-v4.0
2026-02-26,P004,Jus Pisang,10,8.00000000,4.00000000,7.00000000,5.00000000,8.00000000,8.00000000,5.57142857,5.42857143,5.32142857,2.87849167,2.62280782,3.00000000,2.00000000,11.00000000,train,True,aruna-juice-v4.0
2026-02-26,P005,Jus Nanas,17,17.00000000,16.00000000,16.00000000,20.00000000,16.00000000,14.00000000,16.28571429,16.21428571,15.85714286,3.03942350,2.51697533,9.00000000,8.00000000,20.00000000,train,True,aruna-juice-v4.0
2026-02-26,P006,Jus Melon,7,12.00000000,13.00000000,8.00000000,7.00000000,9.00000000,6.00000000,8.71428571,7.71428571,7.60714286,2.69037084,2.72956946,5.00000000,1.00000000,2.00000000,train,True,aruna-juice-v4.0
2026-02-26,P007,Jus Sirsak,21,16.00000000,16.00000000,19.00000000,20.00000000,16.00000000,11.00000000,17.42857143,18.35714286,16.85714286,2.99205297,5.22725318,14.00000000,16.00000000,18.00000000,train,True,aruna-juice-v4.0
2026-02-26,P008,Jus Alpukat,19,15.00000000,20.00000000,10.00000000,20.00000000,14.00000000,15.00000000,17.57142857,18.21428571,17.03571429,4.11732692,4.07956580,7.00000000,15.00000000,18.00000000,train,True,aruna-juice-v4.0
2026-02-26,P009,Jus Stroberi,22,19.00000000,16.00000000,13.00000000,17.00000000,20.00000000,18.00000000,17.85714286,17.78571429,17.96428571,7.12807995,5.26495776,18.00000000,18.00000000,14.00000000,train,True,aruna-juice-v4.0
2026-02-26,P010,Jus Jeruk,8,9.00000000,7.00000000,5.00000000,9.00000000,8.00000000,6.00000000,7.71428571,8.07142857,7.75000000,3.14718317,3.47439614,4.00000000,3.00000000,6.00000000,train,True,aruna-juice-v4.0
2026-02-26,P011,Jus Mangga,24,19.00000000,22.00000000,17.00000000,19.00000000,20.00000000,16.00000000,19.57142857,19.07142857,18.60714286,3.45722157,2.64471274,18.00000000,9.00000000,14.00000000,train,True,aruna-juice-v4.0
2026-02-27,P001,Jus Naga,7,6.00000000,8.00000000,6.00000000,12.00000000,8.00000000,9.00000000,7.00000000,7.92857143,8.39285714,2.51661148,2.43260815,4.00000000,3.00000000,10.00000000,train,True,aruna-juice-v4.0
2026-02-27,P002,Jus Semangka,3,6.00000000,2.00000000,5.00000000,4.00000000,8.00000000,2.00000000,4.85714286,4.92857143,5.28571429,2.26778684,2.40077826,8.00000000,4.00000000,7.00000000,train,True,aruna-juice-v4.0
2026-02-27,P003,Jus Jambu,1,9.00000000,9.00000000,8.00000000,6.00000000,8.00000000,7.00000000,7.42857143,6.71428571,6.10714286,2.93582146,2.36736047,9.00000000,7.00000000,7.00000000,train,True,aruna-juice-v4.0
2026-02-27,P004,Jus Pisang,3,10.00000000,8.00000000,4.00000000,3.00000000,8.00000000,4.00000000,5.57142857,5.07142857,5.28571429,2.87849167,2.58588731,2.00000000,11.00000000,5.00000000,train,True,aruna-juice-v4.0
2026-02-27,P005,Jus Nanas,9,17.00000000,17.00000000,16.00000000,13.00000000,15.00000000,11.00000000,15.71428571,15.78571429,15.78571429,3.98807747,3.16661847,8.00000000,20.00000000,22.00000000,train,True,aruna-juice-v4.0
2026-02-27,P006,Jus Melon,5,7.00000000,12.00000000,13.00000000,7.00000000,9.00000000,7.00000000,8.42857143,7.42857143,7.53571429,2.99205297,2.79324145,1.00000000,2.00000000,9.00000000,train,True,aruna-juice-v4.0
2026-02-27,P007,Jus Sirsak,14,21.00000000,16.00000000,16.00000000,19.00000000,15.00000000,13.00000000,16.71428571,18.28571429,16.89285714,3.14718317,5.28318918,16.00000000,18.00000000,18.00000000,train,True,aruna-juice-v4.0
2026-02-27,P008,Jus Alpukat,7,19.00000000,15.00000000,20.00000000,18.00000000,17.00000000,8.00000000,16.00000000,17.50000000,17.00000000,5.71547607,5.06496260,15.00000000,18.00000000,26.00000000,train,True,aruna-juice-v4.0
2026-02-27,P009,Jus Stroberi,18,22.00000000,19.00000000,16.00000000,15.00000000,16.00000000,20.00000000,18.28571429,17.92857143,17.89285714,7.01698619,5.23985152,18.00000000,14.00000000,15.00000000,train,True,aruna-juice-v4.0
2026-02-27,P010,Jus Jeruk,4,8.00000000,9.00000000,7.00000000,14.00000000,6.00000000,8.00000000,6.28571429,7.92857143,7.60714286,1.79947082,3.60478924,3.00000000,6.00000000,5.00000000,train,True,aruna-juice-v4.0
2026-02-27,P011,Jus Mangga,18,24.00000000,19.00000000,22.00000000,17.00000000,16.00000000,19.00000000,19.71428571,19.21428571,18.57142857,3.35232684,2.51697533,9.00000000,14.00000000,25.00000000,train,True,aruna-juice-v4.0
2026-02-28,P001,Jus Naga,4,7.00000000,6.00000000,8.00000000,6.00000000,6.00000000,5.00000000,6.71428571,7.78571429,8.35714286,2.75162290,2.60704877,3.00000000,10.00000000,8.00000000,train,True,aruna-juice-v4.0
2026-02-28,P002,Jus Semangka,8,3.00000000,6.00000000,2.00000000,7.00000000,10.00000000,5.00000000,5.00000000,4.78571429,5.39285714,2.44948974,2.11872863,4.00000000,7.00000000,4.00000000,train,True,aruna-juice-v4.0
2026-02-28,P003,Jus Jambu,9,1.00000000,9.00000000,9.00000000,7.00000000,7.00000000,5.00000000,7.71428571,6.85714286,6.25000000,2.98408477,2.44499938,7.00000000,7.00000000,7.00000000,train,True,aruna-juice-v4.0
2026-02-28,P004,Jus Pisang,2,3.00000000,10.00000000,8.00000000,5.00000000,2.00000000,8.00000000,5.14285714,5.07142857,5.07142857,3.18478526,2.58588731,11.00000000,5.00000000,7.00000000,train,True,aruna-juice-v4.0
2026-02-28,P005,Jus Nanas,8,9.00000000,17.00000000,17.00000000,22.00000000,14.00000000,14.00000000,13.71428571,15.35714286,15.57142857,3.81725406,3.77455332,20.00000000,22.00000000,21.00000000,train,True,aruna-juice-v4.0
2026-02-28,P006,Jus Melon,1,5.00000000,7.00000000,12.00000000,6.00000000,8.00000000,6.00000000,7.71428571,6.92857143,7.35714286,4.07080196,3.26906916,2.00000000,9.00000000,7.00000000,train,True,aruna-juice-v4.0
2026-02-28,P007,Jus Sirsak,16,14.00000000,21.00000000,16.00000000,19.00000000,21.00000000,15.00000000,16.28571429,17.92857143,16.92857143,2.98408477,5.25451141,18.00000000,18.00000000,15.00000000,train,True,aruna-juice-v4.0
2026-02-28,P008,Jus Alpukat,15,7.00000000,19.00000000,15.00000000,23.00000000,16.00000000,10.00000000,14.85714286,17.42857143,17.17857143,4.81070235,5.09470745,18.00000000,26.00000000,11.00000000,train,True,aruna-juice-v4.0
2026-02-28,P009,Jus Stroberi,18,18.00000000,22.00000000,19.00000000,31.00000000,19.00000000,15.00000000,16.42857143,17.85714286,18.00000000,4.27617987,5.23093083,14.00000000,15.00000000,15.00000000,train,True,aruna-juice-v4.0
2026-02-28,P010,Jus Jeruk,3,4.00000000,8.00000000,9.00000000,6.00000000,17.00000000,8.00000000,5.85714286,6.92857143,7.42857143,2.19306266,2.73057576,6.00000000,5.00000000,5.00000000,train,True,aruna-juice-v4.0
2026-02-28,P011,Jus Mangga,9,18.00000000,24.00000000,19.00000000,23.00000000,17.00000000,15.00000000,17.71428571,18.64285714,18.35714286,4.88924963,3.69213599,14.00000000,25.00000000,15.00000000,train,True,aruna-juice-v4.0
2026-03-01,P001,Jus Naga,3,4.00000000,7.00000000,6.00000000,12.00000000,8.00000000,5.00000000,5.42857143,7.42857143,8.28571429,1.81265393,2.90130702,10.00000000,8.00000000,7.00000000,train,True,aruna-juice-v4.0
2026-03-01,P002,Jus Semangka,4,8.00000000,3.00000000,6.00000000,3.00000000,4.00000000,3.00000000,5.14285714,4.78571429,5.42857143,2.34012617,2.11872863,7.00000000,4.00000000,8.00000000,train,True,aruna-juice-v4.0
2026-03-01,P003,Jus Jambu,7,9.00000000,1.00000000,9.00000000,9.00000000,5.00000000,3.00000000,7.42857143,7.00000000,6.39285714,2.93582146,2.38585576,7.00000000,7.00000000,3.00000000,train,True,aruna-juice-v4.0
2026-03-01,P004,Jus Pisang,11,2.00000000,3.00000000,10.00000000,2.00000000,9.00000000,1.00000000,6.42857143,5.21428571,5.42857143,3.50509833,2.86030045,5.00000000,7.00000000,4.00000000,train,True,aruna-juice-v4.0
2026-03-01,P005,Jus Nanas,20,8.00000000,9.00000000,17.00000000,13.00000000,16.00000000,19.00000000,14.71428571,15.64285714,15.60714286,4.46147531,3.97312400,22.00000000,21.00000000,16.00000000,train,True,aruna-juice-v4.0
2026-03-01,P006,Jus Melon,2,1.00000000,5.00000000,7.00000000,8.00000000,6.00000000,6.00000000,6.85714286,6.64285714,7.21428571,4.59813627,3.52151940,9.00000000,7.00000000,8.00000000,train,True,aruna-juice-v4.0
2026-03-01,P007,Jus Sirsak,18,16.00000000,14.00000000,21.00000000,12.00000000,23.00000000,20.00000000,17.14285714,17.57142857,16.85714286,2.34012617,5.04920840,18.00000000,15.00000000,12.00000000,train,True,aruna-juice-v4.0
2026-03-01,P008,Jus Alpukat,18,15.00000000,7.00000000,19.00000000,18.00000000,25.00000000,19.00000000,14.85714286,16.92857143,17.14285714,4.81070235,4.61543040,26.00000000,11.00000000,15.00000000,train,True,aruna-juice-v4.0
2026-03-01,P009,Jus Stroberi,14,18.00000000,18.00000000,22.00000000,9.00000000,19.00000000,14.00000000,17.14285714,17.50000000,18.00000000,3.07834216,5.31688168,15.00000000,15.00000000,20.00000000,train,True,aruna-juice-v4.0
2026-03-01,P010,Jus Jeruk,6,3.00000000,4.00000000,8.00000000,5.00000000,7.00000000,9.00000000,6.00000000,6.85714286,7.32142857,2.16024690,2.74162060,5.00000000,5.00000000,7.00000000,train,True,aruna-juice-v4.0
2026-03-01,P011,Jus Mangga,14,9.00000000,18.00000000,24.00000000,15.00000000,20.00000000,17.00000000,17.57142857,18.21428571,18.25000000,4.99523583,3.86659404,25.00000000,15.00000000,19.00000000,train,True,aruna-juice-v4.0
2026-03-02,P001,Jus Naga,10,3.00000000,4.00000000,7.00000000,4.00000000,9.00000000,7.00000000,6.28571429,7.50000000,8.39285714,2.36038738,2.95478751,8.00000000,7.00000000,6.00000000,train,True,aruna-juice-v4.0
2026-03-02,P002,Jus Semangka,7,4.00000000,8.00000000,3.00000000,8.00000000,5.00000000,4.00000000,5.00000000,4.92857143,5.53571429,2.16024690,2.20014985,4.00000000,8.00000000,6.00000000,train,True,aruna-juice-v4.0
2026-03-02,P003,Jus Jambu,7,7.00000000,9.00000000,1.00000000,9.00000000,5.00000000,7.00000000,7.14285714,7.14285714,6.39285714,2.85356919,2.31573689,7.00000000,3.00000000,11.00000000,train,True,aruna-juice-v4.0
2026-03-02,P004,Jus Pisang,5,11.00000000,2.00000000,3.00000000,7.00000000,3.00000000,8.00000000,6.14285714,5.35714286,5.32142857,3.53216513,2.79028928,7.00000000,4.00000000,3.00000000,train,True,aruna-juice-v4.0
2026-03-02,P005,Jus Nanas,22,20.00000000,8.00000000,9.00000000,16.00000000,14.00000000,15.00000000,15.57142857,16.21428571,15.85714286,5.25538273,4.28195806,21.00000000,16.00000000,14.00000000,train,True,aruna-juice-v4.0
2026-03-02,P006,Jus Melon,9,2.00000000,1.00000000,5.00000000,8.00000000,4.00000000,11.00000000,7.00000000,7.00000000,7.14285714,4.65474668,3.48623667,7.00000000,8.00000000,5.00000000,train,True,aruna-juice-v4.0
2026-03-02,P007,Jus Sirsak,18,18.00000000,16.00000000,14.00000000,19.00000000,16.00000000,14.00000000,17.00000000,17.71428571,17.00000000,2.23606798,5.02958282,15.00000000,12.00000000,12.00000000,train,True,aruna-juice-v4.0
2026-03-02,P008,Jus Alpukat,26,18.00000000,15.00000000,7.00000000,10.00000000,14.00000000,21.00000000,17.14285714,17.78571429,17.32142857,5.81459576,5.11676838,11.00000000,15.00000000,16.00000000,train,True,aruna-juice-v4.0
2026-03-02,P009,Jus Stroberi,15,14.00000000,18.00000000,18.00000000,13.00000000,12.00000000,23.00000000,17.42857143,17.71428571,17.71428571,2.69920623,5.13552591,15.00000000,20.00000000,17.00000000,train,True,aruna-juice-v4.0
2026-03-02,P010,Jus Jeruk,5,6.00000000,3.00000000,4.00000000,5.00000000,5.00000000,8.00000000,6.00000000,6.85714286,7.21428571,2.16024690,2.74162060,5.00000000,7.00000000,4.00000000,train,True,aruna-juice-v4.0
2026-03-02,P011,Jus Mangga,25,14.00000000,9.00000000,18.00000000,17.00000000,18.00000000,19.00000000,18.71428571,18.71428571,18.46428571,5.70713839,4.26846345,15.00000000,19.00000000,19.00000000,train,True,aruna-juice-v4.0
2026-03-03,P001,Jus Naga,8,10.00000000,3.00000000,4.00000000,6.00000000,7.00000000,6.00000000,6.57142857,7.57142857,8.46428571,2.43975018,2.95385760,7.00000000,6.00000000,10.00000000,train,True,aruna-juice-v4.0
2026-03-03,P002,Jus Semangka,4,7.00000000,4.00000000,8.00000000,5.00000000,2.00000000,8.00000000,4.85714286,5.07142857,5.39285714,2.19306266,2.05554731,8.00000000,6.00000000,6.00000000,train,True,aruna-juice-v4.0
2026-03-03,P003,Jus Jambu,7,7.00000000,7.00000000,9.00000000,8.00000000,5.00000000,4.00000000,7.00000000,7.28571429,6.50000000,2.82842712,2.23360941,3.00000000,11.00000000,8.00000000,train,True,aruna-juice-v4.0
2026-03-03,P004,Jus Pisang,7,5.00000000,11.00000000,2.00000000,4.00000000,4.00000000,7.00000000,6.57142857,5.57142857,5.32142857,3.40867241,2.79324145,4.00000000,3.00000000,7.00000000,train,True,aruna-juice-v4.0
2026-03-03,P005,Jus Nanas,21,22.00000000,20.00000000,8.00000000,16.00000000,17.00000000,13.00000000,16.28571429,16.50000000,16.14285714,5.64843004,4.46783375,16.00000000,14.00000000,22.00000000,train,True,aruna-juice-v4.0
2026-03-03,P006,Jus Melon,7,9.00000000,2.00000000,1.00000000,13.00000000,10.00000000,11.00000000,6.14285714,6.78571429,7.00000000,3.84831441,3.37817819,8.00000000,5.00000000,6.00000000,train,True,aruna-juice-v4.0
2026-03-03,P007,Jus Sirsak,15,18.00000000,18.00000000,16.00000000,16.00000000,9.00000000,14.00000000,16.85714286,18.14285714,17.03571429,2.34012617,4.45243482,12.00000000,12.00000000,19.00000000,train,True,aruna-juice-v4.0
2026-03-03,P008,Jus Alpukat,11,26.00000000,18.00000000,15.00000000,20.00000000,16.00000000,17.00000000,15.85714286,17.42857143,17.10714286,6.06708528,5.41670189,15.00000000,16.00000000,21.00000000,train,True,aruna-juice-v4.0
2026-03-03,P009,Jus Stroberi,15,15.00000000,14.00000000,18.00000000,16.00000000,21.00000000,23.00000000,17.28571429,17.28571429,17.42857143,2.81154084,5.09039172,20.00000000,17.00000000,21.00000000,train,True,aruna-juice-v4.0
2026-03-03,P010,Jus Jeruk,5,5.00000000,6.00000000,3.00000000,7.00000000,8.00000000,9.00000000,5.71428571,6.64285714,7.07142857,2.13808994,2.76258360,7.00000000,4.00000000,13.00000000,train,True,aruna-juice-v4.0
2026-03-03,P011,Jus Mangga,15,25.00000000,14.00000000,9.00000000,22.00000000,20.00000000,19.00000000,17.71428571,18.35714286,18.32142857,5.64843004,4.36078932,19.00000000,19.00000000,17.00000000,train,True,aruna-juice-v4.0
2026-03-04,P001,Jus Naga,7,8.00000000,10.00000000,3.00000000,8.00000000,9.00000000,9.00000000,6.42857143,7.42857143,8.39285714,2.37045304,2.92770022,6.00000000,10.00000000,7.00000000,train,True,aruna-juice-v4.0
2026-03-04,P002,Jus Semangka,8,4.00000000,7.00000000,4.00000000,2.00000000,7.00000000,5.00000000,5.71428571,5.14285714,5.50000000,2.05866346,2.14322341,6.00000000,6.00000000,5.00000000,train,True,aruna-juice-v4.0
2026-03-04,P003,Jus Jambu,3,7.00000000,7.00000000,7.00000000,9.00000000,9.00000000,7.00000000,6.14285714,6.85714286,6.35714286,3.02371578,2.44499938,11.00000000,8.00000000,7.00000000,train,True,aruna-juice-v4.0
2026-03-04,P004,Jus Pisang,4,7.00000000,5.00000000,11.00000000,8.00000000,6.00000000,5.00000000,6.00000000,5.42857143,5.28571429,3.46410162,2.82064602,3.00000000,7.00000000,6.00000000,train,True,aruna-juice-v4.0
2026-03-04,P005,Jus Nanas,16,21.00000000,22.00000000,20.00000000,17.00000000,17.00000000,16.00000000,16.14285714,16.42857143,16.14285714,5.63999325,4.46721882,14.00000000,22.00000000,21.00000000,train,True,aruna-juice-v4.0
2026-03-04,P006,Jus Melon,8,7.00000000,9.00000000,2.00000000,12.00000000,3.00000000,7.00000000,5.57142857,7.14285714,7.03571429,3.04724700,3.20713490,5.00000000,6.00000000,7.00000000,train,True,aruna-juice-v4.0
2026-03-04,P007,Jus Sirsak,12,15.00000000,18.00000000,18.00000000,16.00000000,31.00000000,8.00000000,16.28571429,16.78571429,17.17857143,2.98408477,2.83327947,12.00000000,19.00000000,16.00000000,train,True,aruna-juice-v4.0
2026-03-04,P008,Jus Alpukat,15,11.00000000,26.00000000,18.00000000,15.00000000,24.00000000,16.00000000,15.85714286,16.78571429,17.07142857,6.06708528,5.10171271,16.00000000,21.00000000,11.00000000,train,True,aruna-juice-v4.0
2026-03-04,P009,Jus Stroberi,20,15.00000000,15.00000000,14.00000000,19.00000000,20.00000000,15.00000000,17.42857143,17.28571429,17.60714286,2.93582146,5.09039172,17.00000000,21.00000000,14.00000000,train,True,aruna-juice-v4.0
2026-03-04,P010,Jus Jeruk,7,5.00000000,5.00000000,6.00000000,9.00000000,7.00000000,5.00000000,5.42857143,6.64285714,7.14285714,1.71824939,2.76258360,4.00000000,13.00000000,4.00000000,train,True,aruna-juice-v4.0
2026-03-04,P011,Jus Mangga,19,15.00000000,25.00000000,14.00000000,19.00000000,20.00000000,18.00000000,17.71428571,18.28571429,18.35714286,5.64843004,4.33994987,19.00000000,17.00000000,25.00000000,train,True,aruna-juice-v4.0
2026-03-05,P001,Jus Naga,6,7.00000000,8.00000000,10.00000000,6.00000000,11.00000000,13.00000000,6.42857143,7.07142857,8.14285714,2.37045304,2.75860293,10.00000000,7.00000000,2.00000000,train,True,aruna-juice-v4.0
2026-03-05,P002,Jus Semangka,6,8.00000000,4.00000000,7.00000000,6.00000000,3.00000000,1.00000000,5.71428571,5.35714286,5.67857143,2.05866346,2.06088640,6.00000000,5.00000000,4.00000000,train,True,aruna-juice-v4.0
2026-03-05,P003,Jus Jambu,11,3.00000000,7.00000000,7.00000000,9.00000000,5.00000000,6.00000000,6.42857143,7.28571429,6.53571429,3.40867241,2.61441482,8.00000000,7.00000000,7.00000000,train,True,aruna-juice-v4.0
2026-03-05,P004,Jus Pisang,3,4.00000000,7.00000000,5.00000000,10.00000000,5.00000000,5.00000000,5.00000000,5.28571429,5.21428571,3.10912635,2.89372189,7.00000000,6.00000000,4.00000000,train,True,aruna-juice-v4.0
2026-03-05,P005,Jus Nanas,14,16.00000000,21.00000000,22.00000000,17.00000000,20.00000000,8.00000000,15.71428571,16.00000000,16.35714286,5.67786009,4.38529010,22.00000000,21.00000000,19.00000000,train,True,aruna-juice-v4.0
2026-03-05,P006,Jus Melon,5,8.00000000,7.00000000,9.00000000,7.00000000,7.00000000,5.00000000,5.28571429,7.00000000,7.03571429,2.98408477,3.25812594,6.00000000,7.00000000,4.00000000,train,True,aruna-juice-v4.0
2026-03-05,P007,Jus Sirsak,12,12.00000000,15.00000000,18.00000000,21.00000000,20.00000000,17.00000000,15.00000000,16.21428571,17.00000000,2.51661148,2.93987366,19.00000000,16.00000000,11.00000000,train,True,aruna-juice-v4.0
2026-03-05,P008,Jus Alpukat,16,15.00000000,11.00000000,26.00000000,19.00000000,20.00000000,19.00000000,15.42857143,16.50000000,16.96428571,5.91205387,5.01919393,21.00000000,11.00000000,11.00000000,train,True,aruna-juice-v4.0
2026-03-05,P009,Jus Stroberi,17,20.00000000,15.00000000,15.00000000,22.00000000,17.00000000,14.00000000,16.71428571,17.28571429,17.71428571,2.13808994,5.09039172,21.00000000,14.00000000,23.00000000,train,True,aruna-juice-v4.0
2026-03-05,P010,Jus Jeruk,4,7.00000000,5.00000000,5.00000000,8.00000000,9.00000000,8.00000000,4.85714286,6.28571429,7.00000000,1.34518542,2.75760686,13.00000000,4.00000000,4.00000000,train,True,aruna-juice-v4.0
2026-03-05,P011,Jus Mangga,19,19.00000000,15.00000000,25.00000000,24.00000000,19.00000000,15.00000000,17.00000000,18.28571429,18.50000000,5.00000000,4.33994987,17.00000000,25.00000000,10.00000000,train,True,aruna-juice-v4.0
2026-03-06,P001,Jus Naga,10,6.00000000,7.00000000,8.00000000,7.00000000,12.00000000,6.00000000,6.85714286,6.92857143,8.28571429,2.73426233,2.52569216,7.00000000,2.00000000,7.00000000,train,True,aruna-juice-v4.0
2026-03-06,P002,Jus Semangka,6,6.00000000,8.00000000,4.00000000,3.00000000,4.00000000,3.00000000,6.14285714,5.50000000,5.78571429,1.67616342,2.02864108,5.00000000,4.00000000,7.00000000,train,True,aruna-juice-v4.0
2026-03-06,P003,Jus Jambu,8,11.00000000,3.00000000,7.00000000,1.00000000,6.00000000,4.00000000,7.42857143,7.42857143,6.67857143,2.43975018,2.59331346,7.00000000,7.00000000,13.00000000,train,True,aruna-juice-v4.0
2026-03-06,P004,Jus Pisang,7,3.00000000,4.00000000,7.00000000,3.00000000,3.00000000,4.00000000,5.57142857,5.57142857,5.32142857,3.04724700,2.84778688,6.00000000,4.00000000,3.00000000,train,True,aruna-juice-v4.0
2026-03-06,P005,Jus Nanas,22,14.00000000,16.00000000,21.00000000,9.00000000,13.00000000,12.00000000,17.57142857,16.64285714,16.71428571,5.22357294,4.56756361,21.00000000,19.00000000,21.00000000,train,True,aruna-juice-v4.0
2026-03-06,P006,Jus Melon,6,5.00000000,8.00000000,7.00000000,5.00000000,7.00000000,7.00000000,5.42857143,6.92857143,7.00000000,2.99205297,3.26906916,7.00000000,4.00000000,8.00000000,train,True,aruna-juice-v4.0
2026-03-06,P007,Jus Sirsak,19,12.00000000,12.00000000,15.00000000,14.00000000,19.00000000,16.00000000,15.71428571,16.21428571,17.10714286,2.87020822,2.93987366,16.00000000,11.00000000,28.00000000,train,True,aruna-juice-v4.0
2026-03-06,P008,Jus Alpukat,21,16.00000000,15.00000000,11.00000000,7.00000000,18.00000000,11.00000000,17.42857143,16.71428571,17.32142857,4.85994317,5.15048275,11.00000000,11.00000000,20.00000000,train,True,aruna-juice-v4.0
2026-03-06,P009,Jus Stroberi,21,17.00000000,20.00000000,15.00000000,18.00000000,15.00000000,22.00000000,17.14285714,17.71428571,17.67857143,2.67261242,5.13552591,14.00000000,23.00000000,13.00000000,train,True,aruna-juice-v4.0
2026-03-06,P010,Jus Jeruk,13,4.00000000,7.00000000,5.00000000,4.00000000,14.00000000,9.00000000,6.14285714,6.21428571,7.14285714,3.28778403,2.54735372,4.00000000,4.00000000,8.00000000,train,True,aruna-juice-v4.0
2026-03-06,P011,Jus Mangga,17,19.00000000,19.00000000,15.00000000,18.00000000,17.00000000,13.00000000,16.85714286,18.28571429,18.64285714,4.98091596,4.33994987,25.00000000,10.00000000,20.00000000,train,True,aruna-juice-v4.0
2026-03-07,P001,Jus Naga,7,10.00000000,6.00000000,7.00000000,4.00000000,6.00000000,8.00000000,7.28571429,7.00000000,8.25000000,2.42997159,2.51151196,2.00000000,7.00000000,11.00000000,train,True,aruna-juice-v4.0
2026-03-07,P002,Jus Semangka,5,6.00000000,6.00000000,8.00000000,8.00000000,7.00000000,7.00000000,5.71428571,5.35714286,5.71428571,1.49602648,1.98483260,4.00000000,7.00000000,5.00000000,train,True,aruna-juice-v4.0
2026-03-07,P003,Jus Jambu,7,8.00000000,11.00000000,3.00000000,9.00000000,7.00000000,8.00000000,7.14285714,7.42857143,6.64285714,2.34012617,2.59331346,7.00000000,13.00000000,7.00000000,train,True,aruna-juice-v4.0
2026-03-07,P004,Jus Pisang,6,7.00000000,3.00000000,4.00000000,2.00000000,5.00000000,5.00000000,6.14285714,5.64285714,5.35714286,2.60950643,2.84489131,4.00000000,3.00000000,4.00000000,train,True,aruna-juice-v4.0
2026-03-07,P005,Jus Nanas,21,22.00000000,14.00000000,16.00000000,8.00000000,22.00000000,20.00000000,19.42857143,16.57142857,16.75000000,3.15473944,4.48440521,19.00000000,21.00000000,10.00000000,train,True,aruna-juice-v4.0
2026-03-07,P006,Jus Melon,7,6.00000000,5.00000000,8.00000000,1.00000000,6.00000000,8.00000000,6.28571429,7.00000000,6.96428571,2.28868854,3.25812594,4.00000000,8.00000000,7.00000000,train,True,aruna-juice-v4.0
2026-03-07,P007,Jus Sirsak,16,19.00000000,12.00000000,12.00000000,16.00000000,19.00000000,19.00000000,15.71428571,16.00000000,17.00000000,2.87020822,2.82842712,11.00000000,28.00000000,14.00000000,train,True,aruna-juice-v4.0
2026-03-07,P008,Jus Alpukat,11,21.00000000,16.00000000,15.00000000,15.00000000,23.00000000,15.00000000,16.85714286,15.85714286,17.17857143,5.39841247,5.02083571,11.00000000,20.00000000,12.00000000,train,True,aruna-juice-v4.0
2026-03-07,P009,Jus Stroberi,14,21.00000000,17.00000000,20.00000000,18.00000000,31.00000000,27.00000000,16.57142857,16.50000000,17.21428571,2.87849167,3.50274618,23.00000000,13.00000000,16.00000000,train,True,aruna-juice-v4.0
2026-03-07,P010,Jus Jeruk,4,13.00000000,4.00000000,7.00000000,3.00000000,6.00000000,5.00000000,6.28571429,6.07142857,7.10714286,3.14718317,2.61546542,4.00000000,8.00000000,7.00000000,train,True,aruna-juice-v4.0
2026-03-07,P011,Jus Mangga,25,17.00000000,19.00000000,19.00000000,9.00000000,23.00000000,20.00000000,19.14285714,18.42857143,18.82142857,4.41318371,4.53557368,10.00000000,20.00000000,3.00000000,train,True,aruna-juice-v4.0
2026-03-08,P001,Jus Naga,2,7.00000000,10.00000000,6.00000000,3.00000000,12.00000000,13.00000000,7.14285714,6.28571429,7.85714286,2.73426233,2.39963367,7.00000000,11.00000000,7.00000000,train,True,aruna-juice-v4.0
2026-03-08,P002,Jus Semangka,4,5.00000000,6.00000000,6.00000000,4.00000000,3.00000000,5.00000000,5.71428571,5.42857143,5.67857143,1.49602648,1.91006588,7.00000000,5.00000000,8.00000000,train,True,aruna-juice-v4.0
2026-03-08,P003,Jus Jambu,7,7.00000000,8.00000000,11.00000000,7.00000000,9.00000000,4.00000000,7.14285714,7.28571429,6.75000000,2.34012617,2.55489188,13.00000000,7.00000000,9.00000000,train,True,aruna-juice-v4.0
2026-03-08,P004,Jus Pisang,4,6.00000000,7.00000000,3.00000000,11.00000000,2.00000000,6.00000000,5.14285714,5.78571429,5.28571429,1.57359158,2.69411242,3.00000000,4.00000000,3.00000000,train,True,aruna-juice-v4.0
2026-03-08,P005,Jus Nanas,19,21.00000000,22.00000000,14.00000000,20.00000000,13.00000000,19.00000000,19.28571429,17.00000000,16.75000000,3.14718317,4.40279631,21.00000000,10.00000000,9.00000000,train,True,aruna-juice-v4.0
2026-03-08,P006,Jus Melon,4,7.00000000,6.00000000,5.00000000,2.00000000,8.00000000,2.00000000,6.57142857,6.71428571,7.03571429,1.71824939,3.33809184,8.00000000,7.00000000,7.00000000,train,True,aruna-juice-v4.0
2026-03-08,P007,Jus Sirsak,11,16.00000000,19.00000000,12.00000000,18.00000000,12.00000000,12.00000000,14.71428571,15.92857143,16.96428571,3.14718317,2.94734002,28.00000000,14.00000000,13.00000000,train,True,aruna-juice-v4.0
2026-03-08,P008,Jus Alpukat,11,11.00000000,21.00000000,16.00000000,18.00000000,18.00000000,17.00000000,15.85714286,15.35714286,16.96428571,5.78586126,5.13819997,20.00000000,12.00000000,17.00000000,train,True,aruna-juice-v4.0
2026-03-08,P009,Jus Stroberi,23,14.00000000,21.00000000,17.00000000,14.00000000,9.00000000,16.00000000,17.85714286,17.50000000,17.46428571,3.48466026,3.18046924,13.00000000,16.00000000,12.00000000,train,True,aruna-juice-v4.0
2026-03-08,P010,Jus Jeruk,4,4.00000000,13.00000000,4.00000000,6.00000000,5.00000000,4.00000000,6.00000000,6.00000000,7.10714286,3.26598632,2.66024869,8.00000000,7.00000000,3.00000000,train,True,aruna-juice-v4.0
2026-03-08,P011,Jus Mangga,10,25.00000000,17.00000000,19.00000000,14.00000000,15.00000000,19.00000000,18.57142857,18.07142857,18.50000000,5.34967734,4.99945052,20.00000000,3.00000000,16.00000000,train,True,aruna-juice-v4.0
2026-03-09,P001,Jus Naga,7,2.00000000,7.00000000,10.00000000,10.00000000,4.00000000,10.00000000,6.71428571,6.50000000,7.75000000,2.42997159,2.31217513,11.00000000,7.00000000,14.00000000,train,True,aruna-juice-v4.0
2026-03-09,P002,Jus Semangka,7,4.00000000,5.00000000,6.00000000,7.00000000,8.00000000,6.00000000,5.71428571,5.35714286,5.71428571,1.49602648,1.82323225,5.00000000,8.00000000,4.00000000,train,True,aruna-juice-v4.0
2026-03-09,P003,Jus Jambu,13,7.00000000,7.00000000,8.00000000,7.00000000,9.00000000,6.00000000,8.00000000,7.57142857,7.00000000,3.21455025,2.95385760,7.00000000,9.00000000,8.00000000,train,True,aruna-juice-v4.0
2026-03-09,P004,Jus Pisang,3,4.00000000,6.00000000,7.00000000,5.00000000,7.00000000,3.00000000,4.85714286,5.50000000,5.28571429,1.77281052,2.76655854,4.00000000,3.00000000,5.00000000,train,True,aruna-juice-v4.0
2026-03-09,P005,Jus Nanas,21,19.00000000,21.00000000,22.00000000,22.00000000,16.00000000,16.00000000,19.14285714,17.35714286,16.92857143,3.02371578,4.51675757,10.00000000,9.00000000,13.00000000,train,True,aruna-juice-v4.0
2026-03-09,P006,Jus Melon,8,4.00000000,7.00000000,6.00000000,9.00000000,8.00000000,6.00000000,6.42857143,6.71428571,7.10714286,1.51185789,3.33809184,7.00000000,7.00000000,10.00000000,train,True,aruna-juice-v4.0
2026-03-09,P007,Jus Sirsak,28,11.00000000,16.00000000,19.00000000,18.00000000,19.00000000,10.00000000,16.14285714,16.57142857,17.60714286,5.92814112,4.32727105,14.00000000,13.00000000,16.00000000,train,True,aruna-juice-v4.0
2026-03-09,P008,Jus Alpukat,20,11.00000000,11.00000000,21.00000000,26.00000000,10.00000000,19.00000000,15.00000000,16.07142857,17.00000000,4.28174419,5.03012900,12.00000000,17.00000000,15.00000000,train,True,aruna-juice-v4.0
2026-03-09,P009,Jus Stroberi,13,23.00000000,14.00000000,21.00000000,15.00000000,13.00000000,11.00000000,17.57142857,17.50000000,17.53571429,3.82348632,3.18046924,16.00000000,12.00000000,12.00000000,train,True,aruna-juice-v4.0
2026-03-09,P010,Jus Jeruk,8,4.00000000,4.00000000,13.00000000,5.00000000,5.00000000,4.00000000,6.42857143,6.21428571,7.25000000,3.30943816,2.69411242,7.00000000,3.00000000,4.00000000,train,True,aruna-juice-v4.0
2026-03-09,P011,Jus Mangga,20,10.00000000,25.00000000,17.00000000,25.00000000,17.00000000,11.00000000,17.85714286,18.28571429,18.82142857,4.63424109,5.01426536,3.00000000,16.00000000,21.00000000,train,True,aruna-juice-v4.0
2026-03-10,P001,Jus Naga,11,7.00000000,2.00000000,7.00000000,8.00000000,6.00000000,13.00000000,7.14285714,6.85714286,7.67857143,2.91138978,2.59754745,7.00000000,14.00000000,6.00000000,train,True,aruna-juice-v4.0
2026-03-10,P002,Jus Semangka,5,7.00000000,4.00000000,5.00000000,4.00000000,5.00000000,10.00000000,5.85714286,5.35714286,5.53571429,1.34518542,1.82323225,8.00000000,4.00000000,8.00000000,train,True,aruna-juice-v4.0
2026-03-10,P003,Jus Jambu,7,13.00000000,7.00000000,7.00000000,7.00000000,8.00000000,4.00000000,8.00000000,7.50000000,7.10714286,3.21455025,2.95478751,9.00000000,8.00000000,5.00000000,train,True,aruna-juice-v4.0
2026-03-10,P004,Jus Pisang,4,3.00000000,4.00000000,6.00000000,7.00000000,4.00000000,4.00000000,4.42857143,5.50000000,5.28571429,1.51185789,2.76655854,3.00000000,5.00000000,7.00000000,train,True,aruna-juice-v4.0
2026-03-10,P005,Jus Nanas,10,21.00000000,19.00000000,21.00000000,21.00000000,16.00000000,25.00000000,17.57142857,16.92857143,16.39285714,4.42933941,4.92191779,9.00000000,13.00000000,17.00000000,train,True,aruna-juice-v4.0
2026-03-10,P006,Jus Melon,7,8.00000000,4.00000000,7.00000000,7.00000000,13.00000000,11.00000000,6.42857143,6.28571429,6.96428571,1.51185789,2.81284339,7.00000000,10.00000000,5.00000000,train,True,aruna-juice-v4.0
2026-03-10,P007,Jus Sirsak,14,28.00000000,11.00000000,16.00000000,15.00000000,16.00000000,25.00000000,16.00000000,16.42857143,17.21428571,5.97215762,4.38027547,13.00000000,16.00000000,13.00000000,train,True,aruna-juice-v4.0
2026-03-10,P008,Jus Alpukat,12,20.00000000,11.00000000,11.00000000,11.00000000,20.00000000,23.00000000,15.14285714,15.50000000,16.60714286,4.14039336,5.00384468,17.00000000,15.00000000,9.00000000,train,True,aruna-juice-v4.0
2026-03-10,P009,Jus Stroberi,16,13.00000000,23.00000000,14.00000000,15.00000000,16.00000000,23.00000000,17.71428571,17.50000000,17.28571429,3.72890894,3.18046924,12.00000000,12.00000000,19.00000000,train,True,aruna-juice-v4.0
2026-03-10,P010,Jus Jeruk,7,8.00000000,4.00000000,4.00000000,5.00000000,7.00000000,13.00000000,6.71428571,6.21428571,7.03571429,3.25137334,2.69411242,3.00000000,4.00000000,10.00000000,train,True,aruna-juice-v4.0
2026-03-10,P011,Jus Mangga,3,20.00000000,10.00000000,25.00000000,15.00000000,22.00000000,28.00000000,16.14285714,16.92857143,17.92857143,7.31274165,6.33019973,16.00000000,21.00000000,19.00000000,train,True,aruna-juice-v4.0
2026-03-11,P001,Jus Naga,7,11.00000000,7.00000000,2.00000000,7.00000000,8.00000000,7.00000000,7.14285714,6.78571429,7.67857143,2.91138978,2.57737408,14.00000000,6.00000000,7.00000000,train,True,aruna-juice-v4.0
2026-03-11,P002,Jus Semangka,8,5.00000000,7.00000000,4.00000000,8.00000000,2.00000000,6.00000000,5.85714286,5.78571429,5.60714286,1.34518542,1.67233468,4.00000000,8.00000000,4.00000000,train,True,aruna-juice-v4.0
2026-03-11,P003,Jus Jambu,9,7.00000000,13.00000000,7.00000000,3.00000000,9.00000000,9.00000000,8.85714286,7.50000000,7.10714286,2.34012617,2.95478751,8.00000000,5.00000000,3.00000000,train,True,aruna-juice-v4.0
2026-03-11,P004,Jus Pisang,3,4.00000000,3.00000000,4.00000000,4.00000000,8.00000000,5.00000000,4.28571429,5.14285714,5.21428571,1.60356745,2.74162060,5.00000000,7.00000000,4.00000000,train,True,aruna-juice-v4.0
2026-03-11,P005,Jus Nanas,9,10.00000000,21.00000000,19.00000000,16.00000000,17.00000000,13.00000000,16.57142857,16.35714286,16.25000000,5.50324580,5.35805853,13.00000000,17.00000000,18.00000000,train,True,aruna-juice-v4.0
2026-03-11,P006,Jus Melon,7,7.00000000,8.00000000,4.00000000,8.00000000,12.00000000,9.00000000,6.28571429,5.92857143,6.89285714,1.38013112,2.30265017,10.00000000,5.00000000,5.00000000,train,True,aruna-juice-v4.0
2026-03-11,P007,Jus Sirsak,13,14.00000000,28.00000000,11.00000000,12.00000000,16.00000000,16.00000000,16.14285714,16.21428571,17.10714286,5.87164291,4.47520642,16.00000000,13.00000000,12.00000000,train,True,aruna-juice-v4.0
2026-03-11,P008,Jus Alpukat,17,12.00000000,20.00000000,11.00000000,15.00000000,15.00000000,13.00000000,15.42857143,15.64285714,16.75000000,4.19750493,5.01700405,15.00000000,9.00000000,6.00000000,train,True,aruna-juice-v4.0
2026-03-11,P009,Jus Stroberi,12,16.00000000,13.00000000,23.00000000,20.00000000,19.00000000,11.00000000,16.57142857,17.00000000,17.32142857,4.11732692,3.46410162,12.00000000,19.00000000,16.00000000,train,True,aruna-juice-v4.0
2026-03-11,P010,Jus Jeruk,3,7.00000000,8.00000000,4.00000000,7.00000000,9.00000000,6.00000000,6.14285714,5.78571429,6.92857143,3.53216513,2.69411242,4.00000000,10.00000000,3.00000000,train,True,aruna-juice-v4.0
2026-03-11,P011,Jus Mangga,16,3.00000000,20.00000000,10.00000000,19.00000000,19.00000000,21.00000000,15.71428571,16.71428571,17.75000000,7.20449595,6.30541369,21.00000000,19.00000000,19.00000000,train,True,aruna-juice-v4.0
2026-03-12,P001,Jus Naga,14,7.00000000,11.00000000,7.00000000,6.00000000,6.00000000,14.00000000,8.28571429,7.35714286,7.67857143,3.81725406,3.20113304,6.00000000,7.00000000,4.00000000,train,True,aruna-juice-v4.0
2026-03-12,P002,Jus Semangka,4,8.00000000,5.00000000,7.00000000,6.00000000,6.00000000,8.00000000,5.57142857,5.64285714,5.46428571,1.51185789,1.73680267,8.00000000,4.00000000,5.00000000,train,True,aruna-juice-v4.0
2026-03-12,P003,Jus Jambu,8,9.00000000,7.00000000,13.00000000,11.00000000,9.00000000,2.00000000,8.42857143,7.42857143,7.32142857,2.14919697,2.92770022,5.00000000,3.00000000,8.00000000,train,True,aruna-juice-v4.0
2026-03-12,P004,Jus Pisang,5,3.00000000,4.00000000,3.00000000,3.00000000,10.00000000,8.00000000,4.57142857,4.78571429,5.10714286,1.51185789,2.35922319,7.00000000,4.00000000,8.00000000,train,True,aruna-juice-v4.0
2026-03-12,P005,Jus Nanas,13,9.00000000,10.00000000,21.00000000,14.00000000,17.00000000,16.00000000,16.42857143,16.07142857,16.14285714,5.59336341,5.42734226,17.00000000,18.00000000,20.00000000,train,True,aruna-juice-v4.0
2026-03-12,P006,Jus Melon,10,7.00000000,7.00000000,8.00000000,5.00000000,7.00000000,9.00000000,7.00000000,6.14285714,6.92857143,1.82574186,2.53762890,5.00000000,5.00000000,3.00000000,train,True,aruna-juice-v4.0
2026-03-12,P007,Jus Sirsak,16,13.00000000,14.00000000,28.00000000,12.00000000,21.00000000,16.00000000,16.71428571,15.85714286,17.10714286,5.58910505,4.25815314,13.00000000,12.00000000,14.00000000,train,True,aruna-juice-v4.0
2026-03-12,P008,Jus Alpukat,15,17.00000000,12.00000000,20.00000000,16.00000000,19.00000000,14.00000000,15.28571429,15.35714286,16.78571429,4.19182879,4.92414995,9.00000000,6.00000000,15.00000000,train,True,aruna-juice-v4.0
2026-03-12,P009,Jus Stroberi,12,12.00000000,16.00000000,13.00000000,17.00000000,22.00000000,20.00000000,15.85714286,16.28571429,17.03571429,4.45078912,3.38386605,19.00000000,16.00000000,13.00000000,train,True,aruna-juice-v4.0
2026-03-12,P010,Jus Jeruk,4,3.00000000,7.00000000,8.00000000,4.00000000,8.00000000,8.00000000,6.14285714,5.50000000,6.78571429,3.53216513,2.65300990,10.00000000,3.00000000,6.00000000,train,True,aruna-juice-v4.0
2026-03-12,P011,Jus Mangga,21,16.00000000,3.00000000,20.00000000,19.00000000,24.00000000,20.00000000,16.00000000,16.50000000,17.78571429,7.39369100,6.08592323,19.00000000,19.00000000,7.00000000,train,True,aruna-juice-v4.0
2026-03-13,P001,Jus Naga,6,14.00000000,7.00000000,11.00000000,10.00000000,7.00000000,8.00000000,7.71428571,7.28571429,7.60714286,3.81725406,3.22081145,7.00000000,4.00000000,14.00000000,train,True,aruna-juice-v4.0
2026-03-13,P002,Jus Semangka,8,4.00000000,8.00000000,5.00000000,6.00000000,3.00000000,8.00000000,5.85714286,6.00000000,5.46428571,1.77281052,1.66410059,4.00000000,5.00000000,4.00000000,train,True,aruna-juice-v4.0
2026-03-13,P003,Jus Jambu,5,8.00000000,9.00000000,7.00000000,8.00000000,1.00000000,8.00000000,8.00000000,7.71428571,7.21428571,2.51661148,2.39963367,3.00000000,8.00000000,15.00000000,train,True,aruna-juice-v4.0
2026-03-13,P004,Jus Pisang,7,5.00000000,3.00000000,4.00000000,7.00000000,3.00000000,8.00000000,4.57142857,5.07142857,5.07142857,1.51185789,2.36852066,4.00000000,8.00000000,9.00000000,train,True,aruna-juice-v4.0
2026-03-13,P005,Jus Nanas,17,13.00000000,9.00000000,10.00000000,22.00000000,9.00000000,15.00000000,15.71428571,16.64285714,16.21428571,5.05682001,5.03231317,18.00000000,20.00000000,18.00000000,train,True,aruna-juice-v4.0
2026-03-13,P006,Jus Melon,5,10.00000000,7.00000000,7.00000000,6.00000000,5.00000000,9.00000000,6.85714286,6.14285714,6.78571429,1.95180015,2.53762890,5.00000000,3.00000000,8.00000000,train,True,aruna-juice-v4.0
2026-03-13,P007,Jus Sirsak,13,16.00000000,13.00000000,14.00000000,19.00000000,14.00000000,15.00000000,15.85714286,15.78571429,17.03571429,5.63999325,4.29988500,12.00000000,14.00000000,12.00000000,train,True,aruna-juice-v4.0
2026-03-13,P008,Jus Alpukat,9,15.00000000,17.00000000,12.00000000,21.00000000,7.00000000,17.00000000,13.57142857,15.50000000,16.50000000,3.90969491,4.68631395,6.00000000,15.00000000,21.00000000,train,True,aruna-juice-v4.0
2026-03-13,P009,Jus Stroberi,19,12.00000000,12.00000000,16.00000000,21.00000000,18.00000000,16.00000000,15.57142857,16.35714286,17.14285714,4.11732692,3.43303281,16.00000000,13.00000000,11.00000000,train,True,aruna-juice-v4.0
2026-03-13,P010,Jus Jeruk,10,4.00000000,3.00000000,7.00000000,13.00000000,4.00000000,6.00000000,5.71428571,5.92857143,6.92857143,2.62769136,2.86797398,3.00000000,6.00000000,10.00000000,train,True,aruna-juice-v4.0
2026-03-13,P011,Jus Mangga,19,21.00000000,16.00000000,3.00000000,17.00000000,18.00000000,16.00000000,16.28571429,16.57142857,17.89285714,7.47694870,6.11070040,19.00000000,7.00000000,19.00000000,train,True,aruna-juice-v4.0
2026-03-14,P001,Jus Naga,7,6.00000000,14.00000000,7.00000000,7.00000000,4.00000000,6.00000000,7.71428571,7.50000000,7.64285714,3.81725406,3.08220700,4.00000000,14.00000000,4.00000000,train,True,aruna-juice-v4.0
2026-03-14,P002,Jus Semangka,4,8.00000000,4.00000000,8.00000000,5.00000000,8.00000000,10.00000000,5.71428571,5.71428571,5.25000000,1.88982237,1.63747326,5.00000000,4.00000000,10.00000000,train,True,aruna-juice-v4.0
2026-03-14,P003,Jus Jambu,3,5.00000000,8.00000000,9.00000000,7.00000000,9.00000000,7.00000000,7.42857143,7.28571429,7.07142857,3.15473944,2.67261242,8.00000000,15.00000000,6.00000000,train,True,aruna-juice-v4.0
2026-03-14,P004,Jus Pisang,4,7.00000000,5.00000000,3.00000000,6.00000000,2.00000000,2.00000000,4.28571429,5.21428571,5.14285714,1.38013112,2.22498302,8.00000000,9.00000000,4.00000000,train,True,aruna-juice-v4.0
2026-03-14,P005,Jus Nanas,18,17.00000000,13.00000000,9.00000000,21.00000000,8.00000000,14.00000000,15.28571429,17.35714286,16.35714286,4.64450520,4.37839350,20.00000000,18.00000000,16.00000000,train,True,aruna-juice-v4.0
2026-03-14,P006,Jus Melon,5,5.00000000,10.00000000,7.00000000,7.00000000,1.00000000,8.00000000,6.57142857,6.42857143,6.67857143,2.07019668,2.10180456,3.00000000,8.00000000,3.00000000,train,True,aruna-juice-v4.0
2026-03-14,P007,Jus Sirsak,12,13.00000000,16.00000000,13.00000000,16.00000000,16.00000000,21.00000000,15.28571429,15.50000000,16.71428571,5.82277957,4.41588043,14.00000000,12.00000000,22.00000000,train,True,aruna-juice-v4.0
2026-03-14,P008,Jus Alpukat,6,9.00000000,15.00000000,17.00000000,11.00000000,15.00000000,16.00000000,12.85714286,14.85714286,16.14285714,4.81070235,5.33287544,15.00000000,21.00000000,20.00000000,train,True,aruna-juice-v4.0
2026-03-14,P009,Jus Stroberi,16,19.00000000,12.00000000,12.00000000,14.00000000,18.00000000,19.00000000,15.85714286,16.21428571,17.03571429,4.05908739,3.40087254,13.00000000,11.00000000,17.00000000,train,True,aruna-juice-v4.0
2026-03-14,P010,Jus Jeruk,3,10.00000000,4.00000000,3.00000000,4.00000000,3.00000000,17.00000000,5.57142857,5.92857143,6.42857143,2.76026224,2.86797398,6.00000000,10.00000000,9.00000000,train,True,aruna-juice-v4.0
2026-03-14,P011,Jus Mangga,19,19.00000000,21.00000000,16.00000000,25.00000000,9.00000000,17.00000000,15.42857143,17.28571429,17.96428571,6.60447179,5.73019763,7.00000000,19.00000000,22.00000000,train,True,aruna-juice-v4.0
2026-03-15,P001,Jus Naga,4,7.00000000,6.00000000,14.00000000,2.00000000,3.00000000,8.00000000,8.00000000,7.57142857,7.50000000,3.36650165,2.97978537,14.00000000,4.00000000,11.00000000,train,True,aruna-juice-v4.0
2026-03-15,P002,Jus Semangka,5,4.00000000,8.00000000,4.00000000,4.00000000,4.00000000,4.00000000,5.85714286,5.78571429,5.28571429,1.77281052,1.57765997,4.00000000,10.00000000,7.00000000,train,True,aruna-juice-v4.0
2026-03-15,P003,Jus Jambu,8,3.00000000,5.00000000,8.00000000,7.00000000,7.00000000,5.00000000,7.57142857,7.35714286,7.17857143,3.15473944,2.67774713,15.00000000,6.00000000,7.00000000,train,True,aruna-juice-v4.0
2026-03-15,P004,Jus Pisang,8,4.00000000,7.00000000,5.00000000,4.00000000,11.00000000,9.00000000,4.85714286,5.00000000,5.10714286,1.95180015,1.70970083,9.00000000,4.00000000,7.00000000,train,True,aruna-juice-v4.0
2026-03-15,P005,Jus Nanas,20,18.00000000,17.00000000,13.00000000,19.00000000,20.00000000,16.00000000,15.42857143,17.35714286,16.50000000,4.79086432,4.37839350,18.00000000,16.00000000,22.00000000,train,True,aruna-juice-v4.0
2026-03-15,P006,Jus Melon,3,5.00000000,5.00000000,10.00000000,4.00000000,2.00000000,6.00000000,6.42857143,6.50000000,6.57142857,2.29906813,1.95133091,8.00000000,3.00000000,12.00000000,train,True,aruna-juice-v4.0
2026-03-15,P007,Jus Sirsak,14,12.00000000,13.00000000,16.00000000,11.00000000,18.00000000,23.00000000,15.71428571,15.21428571,16.39285714,5.55920515,4.37085754,12.00000000,22.00000000,17.00000000,train,True,aruna-juice-v4.0
2026-03-15,P008,Jus Alpukat,15,6.00000000,9.00000000,15.00000000,11.00000000,18.00000000,25.00000000,13.42857143,14.64285714,15.78571429,4.79086432,5.25660234,21.00000000,20.00000000,18.00000000,train,True,aruna-juice-v4.0
2026-03-15,P009,Jus Stroberi,13,16.00000000,19.00000000,12.00000000,23.00000000,14.00000000,19.00000000,14.42857143,16.14285714,16.82142857,2.63673680,3.46092791,11.00000000,17.00000000,21.00000000,train,True,aruna-juice-v4.0
2026-03-15,P010,Jus Jeruk,6,3.00000000,10.00000000,4.00000000,4.00000000,6.00000000,7.00000000,5.85714286,5.92857143,6.39285714,2.67261242,2.86797398,10.00000000,9.00000000,11.00000000,train,True,aruna-juice-v4.0
2026-03-15,P011,Jus Mangga,7,19.00000000,19.00000000,21.00000000,10.00000000,14.00000000,20.00000000,15.00000000,16.78571429,17.50000000,7.09459888,6.31455670,19.00000000,22.00000000,21.00000000,train,True,aruna-juice-v4.0
2026-03-16,P001,Jus Naga,14,4.00000000,7.00000000,6.00000000,7.00000000,10.00000000,9.00000000,9.00000000,7.85714286,7.67857143,4.00000000,3.39359448,4.00000000,11.00000000,10.00000000,train,True,aruna-juice-v4.0
2026-03-16,P002,Jus Semangka,4,5.00000000,4.00000000,8.00000000,7.00000000,7.00000000,5.00000000,5.42857143,5.57142857,5.25000000,1.81265393,1.60356745,10.00000000,7.00000000,5.00000000,train,True,aruna-juice-v4.0
2026-03-16,P003,Jus Jambu,15,8.00000000,3.00000000,5.00000000,13.00000000,7.00000000,5.00000000,7.85714286,7.92857143,7.53571429,3.76069902,3.36187415,6.00000000,7.00000000,5.00000000,train,True,aruna-juice-v4.0
2026-03-16,P004,Jus Pisang,9,8.00000000,4.00000000,7.00000000,3.00000000,5.00000000,3.00000000,5.71428571,5.28571429,5.32142857,2.28868854,2.01641614,4.00000000,7.00000000,3.00000000,train,True,aruna-juice-v4.0
2026-03-16,P005,Jus Nanas,18,20.00000000,18.00000000,17.00000000,21.00000000,22.00000000,14.00000000,15.00000000,17.07142857,16.64285714,4.32049380,4.17804308,16.00000000,22.00000000,11.00000000,train,True,aruna-juice-v4.0
2026-03-16,P006,Jus Melon,8,3.00000000,5.00000000,5.00000000,8.00000000,9.00000000,4.00000000,6.42857143,6.42857143,6.71428571,2.29906813,1.86935965,3.00000000,12.00000000,5.00000000,train,True,aruna-juice-v4.0
2026-03-16,P007,Jus Sirsak,12,14.00000000,12.00000000,13.00000000,28.00000000,18.00000000,16.00000000,13.42857143,14.78571429,16.25000000,1.39727626,4.37085754,22.00000000,17.00000000,17.00000000,train,True,aruna-juice-v4.0
2026-03-16,P008,Jus Alpukat,21,15.00000000,6.00000000,9.00000000,20.00000000,26.00000000,14.00000000,13.57142857,14.28571429,16.03571429,5.02849026,4.54767179,20.00000000,18.00000000,11.00000000,train,True,aruna-juice-v4.0
2026-03-16,P009,Jus Stroberi,11,13.00000000,16.00000000,19.00000000,13.00000000,15.00000000,12.00000000,14.14285714,15.85714286,16.78571429,2.91138978,3.71808766,17.00000000,21.00000000,19.00000000,train,True,aruna-juice-v4.0
2026-03-16,P010,Jus Jeruk,10,6.00000000,3.00000000,10.00000000,8.00000000,5.00000000,5.00000000,6.14285714,6.28571429,6.57142857,3.02371578,3.04904957,9.00000000,11.00000000,8.00000000,train,True,aruna-juice-v4.0
2026-03-16,P011,Jus Mangga,19,7.00000000,19.00000000,19.00000000,20.00000000,25.00000000,18.00000000,14.85714286,16.35714286,17.53571429,6.98638131,5.90445911,22.00000000,21.00000000,17.00000000,train,True,aruna-juice-v4.0
2026-03-17,P001,Jus Naga,4,14.00000000,4.00000000,7.00000000,11.00000000,8.00000000,7.00000000,8.00000000,7.57142857,7.57142857,4.28174419,3.54562104,11.00000000,10.00000000,10.00000000,train,True,aruna-juice-v4.0
2026-03-17,P002,Jus Semangka,10,4.00000000,5.00000000,4.00000000,5.00000000,4.00000000,2.00000000,6.14285714,6.00000000,5.53571429,2.47847880,1.92153785,7.00000000,5.00000000,10.00000000,train,True,aruna-juice-v4.0
2026-03-17,P003,Jus Jambu,6,15.00000000,8.00000000,3.00000000,7.00000000,7.00000000,5.00000000,7.71428571,7.85714286,7.57142857,3.81725406,3.39359448,7.00000000,5.00000000,9.00000000,train,True,aruna-juice-v4.0
2026-03-17,P004,Jus Pisang,4,9.00000000,8.00000000,4.00000000,4.00000000,7.00000000,4.00000000,5.71428571,5.07142857,5.32142857,2.28868854,1.97928836,7.00000000,3.00000000,7.00000000,train,True,aruna-juice-v4.0
2026-03-17,P005,Jus Nanas,16,18.00000000,20.00000000,18.00000000,10.00000000,21.00000000,17.00000000,15.85714286,16.71428571,16.60714286,3.71611676,4.02737883,22.00000000,11.00000000,13.00000000,train,True,aruna-juice-v4.0
2026-03-17,P006,Jus Melon,3,8.00000000,3.00000000,5.00000000,7.00000000,7.00000000,10.00000000,5.85714286,6.14285714,6.46428571,2.60950643,2.07019668,12.00000000,5.00000000,8.00000000,train,True,aruna-juice-v4.0
2026-03-17,P007,Jus Sirsak,22,12.00000000,14.00000000,12.00000000,14.00000000,15.00000000,9.00000000,14.57142857,15.28571429,16.71428571,3.55232989,4.77861537,17.00000000,17.00000000,11.00000000,train,True,aruna-juice-v4.0
2026-03-17,P008,Jus Alpukat,20,21.00000000,15.00000000,6.00000000,12.00000000,11.00000000,16.00000000,14.71428571,14.92857143,16.17857143,5.49891764,4.68162177,18.00000000,11.00000000,15.00000000,train,True,aruna-juice-v4.0
2026-03-17,P009,Jus Stroberi,17,11.00000000,13.00000000,16.00000000,16.00000000,15.00000000,21.00000000,14.28571429,16.00000000,16.64285714,3.03942350,3.72104204,21.00000000,19.00000000,15.00000000,train,True,aruna-juice-v4.0
2026-03-17,P010,Jus Jeruk,9,10.00000000,6.00000000,3.00000000,7.00000000,5.00000000,8.00000000,6.42857143,6.57142857,6.60714286,3.20713490,3.10617959,11.00000000,8.00000000,7.00000000,train,True,aruna-juice-v4.0
2026-03-17,P011,Jus Mangga,22,19.00000000,7.00000000,19.00000000,3.00000000,15.00000000,20.00000000,17.57142857,16.85714286,17.60714286,5.02849026,6.07462747,21.00000000,17.00000000,22.00000000,train,True,aruna-juice-v4.0
2026-03-18,P001,Jus Naga,11,4.00000000,14.00000000,4.00000000,7.00000000,7.00000000,9.00000000,8.57142857,7.85714286,7.64285714,4.39155033,3.65549413,10.00000000,10.00000000,11.00000000,train,True,aruna-juice-v4.0
2026-03-18,P002,Jus Semangka,7,10.00000000,4.00000000,5.00000000,8.00000000,8.00000000,7.00000000,6.00000000,5.92857143,5.53571429,2.38047614,1.85904383,5.00000000,10.00000000,8.00000000,train,True,aruna-juice-v4.0
2026-03-18,P003,Jus Jambu,7,6.00000000,15.00000000,8.00000000,9.00000000,3.00000000,9.00000000,7.42857143,8.14285714,7.50000000,3.77964473,3.10971537,5.00000000,9.00000000,10.00000000,train,True,aruna-juice-v4.0
2026-03-18,P004,Jus Pisang,7,4.00000000,9.00000000,8.00000000,3.00000000,4.00000000,6.00000000,6.28571429,5.28571429,5.35714286,1.97604704,2.01641614,3.00000000,7.00000000,9.00000000,train,True,aruna-juice-v4.0
2026-03-18,P005,Jus Nanas,22,16.00000000,18.00000000,20.00000000,9.00000000,16.00000000,17.00000000,17.71428571,17.14285714,16.78571429,2.87020822,4.25815314,11.00000000,13.00000000,20.00000000,train,True,aruna-juice-v4.0
2026-03-18,P006,Jus Melon,12,3.00000000,8.00000000,3.00000000,7.00000000,8.00000000,3.00000000,6.57142857,6.42857143,6.78571429,3.50509833,2.56347978,5.00000000,8.00000000,5.00000000,train,True,aruna-juice-v4.0
2026-03-18,P007,Jus Sirsak,17,22.00000000,12.00000000,14.00000000,13.00000000,12.00000000,31.00000000,15.14285714,15.64285714,16.21428571,3.57903951,4.70036239,17.00000000,11.00000000,19.00000000,train,True,aruna-juice-v4.0
2026-03-18,P008,Jus Alpukat,18,20.00000000,21.00000000,15.00000000,17.00000000,15.00000000,24.00000000,14.85714286,15.14285714,15.96428571,5.58057857,4.75325221,11.00000000,15.00000000,14.00000000,train,True,aruna-juice-v4.0
2026-03-18,P009,Jus Stroberi,21,17.00000000,11.00000000,13.00000000,12.00000000,20.00000000,20.00000000,15.57142857,16.07142857,16.67857143,3.73528860,3.81221288,19.00000000,15.00000000,20.00000000,train,True,aruna-juice-v4.0
2026-03-18,P010,Jus Jeruk,11,9.00000000,10.00000000,6.00000000,3.00000000,7.00000000,7.00000000,7.57142857,6.85714286,6.75000000,3.20713490,3.32489775,8.00000000,7.00000000,6.00000000,train,True,aruna-juice-v4.0
2026-03-18,P011,Jus Mangga,21,22.00000000,19.00000000,7.00000000,16.00000000,19.00000000,20.00000000,18.28571429,17.00000000,17.64285714,5.12231347,6.15192278,17.00000000,22.00000000,26.00000000,train,True,aruna-juice-v4.0
2026-03-19,P001,Jus Naga,10,11.00000000,4.00000000,14.00000000,14.00000000,6.00000000,11.00000000,8.00000000,8.14285714,7.60714286,3.78593890,3.65549413,10.00000000,11.00000000,4.00000000,train,True,aruna-juice-v4.0
2026-03-19,P002,Jus Semangka,5,7.00000000,10.00000000,4.00000000,4.00000000,6.00000000,3.00000000,6.14285714,5.85714286,5.60714286,2.26778684,1.87522892,10.00000000,8.00000000,5.00000000,train,True,aruna-juice-v4.0
2026-03-19,P003,Jus Jambu,5,7.00000000,6.00000000,15.00000000,8.00000000,11.00000000,5.00000000,7.00000000,7.71428571,7.50000000,3.87298335,3.09909593,9.00000000,10.00000000,7.00000000,train,True,aruna-juice-v4.0
2026-03-19,P004,Jus Pisang,3,7.00000000,4.00000000,9.00000000,5.00000000,3.00000000,5.00000000,6.00000000,5.28571429,5.28571429,2.30940108,2.01641614,7.00000000,9.00000000,7.00000000,train,True,aruna-juice-v4.0
2026-03-19,P005,Jus Nanas,11,22.00000000,16.00000000,18.00000000,13.00000000,14.00000000,20.00000000,17.42857143,16.92857143,16.46428571,3.45722157,4.49725191,13.00000000,20.00000000,18.00000000,train,True,aruna-juice-v4.0
2026-03-19,P006,Jus Melon,5,12.00000000,3.00000000,8.00000000,10.00000000,5.00000000,7.00000000,5.85714286,6.42857143,6.71428571,3.18478526,2.56347978,8.00000000,5.00000000,5.00000000,train,True,aruna-juice-v4.0
2026-03-19,P007,Jus Sirsak,17,17.00000000,22.00000000,12.00000000,16.00000000,12.00000000,20.00000000,15.28571429,16.00000000,16.10714286,3.63841933,4.59096102,11.00000000,19.00000000,19.00000000,train,True,aruna-juice-v4.0
2026-03-19,P008,Jus Alpukat,11,18.00000000,20.00000000,21.00000000,15.00000000,16.00000000,20.00000000,14.28571429,14.78571429,15.64285714,5.76524893,4.87029570,15.00000000,14.00000000,15.00000000,train,True,aruna-juice-v4.0
2026-03-19,P009,Jus Stroberi,19,21.00000000,17.00000000,11.00000000,12.00000000,17.00000000,17.00000000,16.57142857,16.21428571,16.75000000,3.55232989,3.88643739,15.00000000,20.00000000,15.00000000,train,True,aruna-juice-v4.0
2026-03-19,P010,Jus Jeruk,8,11.00000000,9.00000000,10.00000000,4.00000000,4.00000000,9.00000000,8.14285714,7.14285714,6.71428571,2.79455252,3.23103086,7.00000000,6.00000000,8.00000000,train,True,aruna-juice-v4.0
2026-03-19,P011,Jus Mangga,17,21.00000000,22.00000000,19.00000000,21.00000000,19.00000000,19.00000000,17.71428571,16.85714286,17.57142857,4.99046710,6.12507008,22.00000000,26.00000000,14.00000000,train,True,aruna-juice-v4.0
2026-03-20,P001,Jus Naga,10,10.00000000,11.00000000,4.00000000,6.00000000,10.00000000,12.00000000,8.57142857,8.14285714,7.53571429,3.73528860,3.65549413,11.00000000,4.00000000,8.00000000,train,True,aruna-juice-v4.0
2026-03-20,P002,Jus Semangka,10,5.00000000,7.00000000,10.00000000,8.00000000,6.00000000,4.00000000,6.42857143,6.14285714,5.82142857,2.63673680,2.17881912,8.00000000,5.00000000,6.00000000,train,True,aruna-juice-v4.0
2026-03-20,P003,Jus Jambu,9,5.00000000,7.00000000,6.00000000,5.00000000,8.00000000,6.00000000,7.57142857,7.78571429,7.60714286,3.82348632,3.11765621,10.00000000,7.00000000,7.00000000,train,True,aruna-juice-v4.0
2026-03-20,P004,Jus Pisang,7,3.00000000,7.00000000,4.00000000,7.00000000,7.00000000,3.00000000,6.00000000,5.28571429,5.42857143,2.30940108,2.01641614,9.00000000,7.00000000,1.00000000,train,True,aruna-juice-v4.0
2026-03-20,P005,Jus Nanas,13,11.00000000,22.00000000,16.00000000,17.00000000,22.00000000,13.00000000,16.85714286,16.28571429,16.46428571,3.84831441,4.35763824,20.00000000,18.00000000,10.00000000,train,True,aruna-juice-v4.0
2026-03-20,P006,Jus Melon,8,5.00000000,12.00000000,3.00000000,5.00000000,6.00000000,7.00000000,6.28571429,6.57142857,6.75000000,3.25137334,2.59331346,5.00000000,5.00000000,5.00000000,train,True,aruna-juice-v4.0
2026-03-20,P007,Jus Sirsak,11,17.00000000,17.00000000,22.00000000,13.00000000,19.00000000,19.00000000,15.00000000,15.42857143,15.82142857,3.91578004,4.68572769,19.00000000,19.00000000,26.00000000,train,True,aruna-juice-v4.0
2026-03-20,P008,Jus Alpukat,15,11.00000000,18.00000000,20.00000000,9.00000000,21.00000000,18.00000000,15.14285714,14.35714286,15.53571429,5.27347360,4.53375618,14.00000000,15.00000000,8.00000000,train,True,aruna-juice-v4.0
2026-03-20,P009,Jus Stroberi,15,19.00000000,21.00000000,17.00000000,19.00000000,21.00000000,15.00000000,16.00000000,15.78571429,16.75000000,3.41565026,3.64118686,20.00000000,15.00000000,18.00000000,train,True,aruna-juice-v4.0
2026-03-20,P010,Jus Jeruk,7,8.00000000,11.00000000,9.00000000,10.00000000,13.00000000,14.00000000,7.71428571,6.71428571,6.46428571,2.69037084,2.75760686,6.00000000,8.00000000,5.00000000,train,True,aruna-juice-v4.0
2026-03-20,P011,Jus Mangga,22,17.00000000,21.00000000,22.00000000,19.00000000,17.00000000,17.00000000,18.14285714,17.21428571,17.75000000,5.24177360,6.27790474,26.00000000,14.00000000,17.00000000,train,True,aruna-juice-v4.0
2026-03-21,P001,Jus Naga,11,10.00000000,10.00000000,11.00000000,7.00000000,7.00000000,6.00000000,9.14285714,8.42857143,7.71428571,3.76069902,3.71513093,4.00000000,8.00000000,3.00000000,train,True,aruna-juice-v4.0
2026-03-21,P002,Jus Semangka,8,10.00000000,5.00000000,7.00000000,4.00000000,5.00000000,7.00000000,7.00000000,6.35714286,5.85714286,2.44948974,2.20513885,5.00000000,6.00000000,2.00000000,train,True,aruna-juice-v4.0
2026-03-21,P003,Jus Jambu,10,9.00000000,5.00000000,7.00000000,3.00000000,7.00000000,7.00000000,8.57142857,8.00000000,7.71428571,3.30943816,3.16227766,7.00000000,7.00000000,4.00000000,train,True,aruna-juice-v4.0
2026-03-21,P004,Jus Pisang,9,7.00000000,3.00000000,7.00000000,4.00000000,6.00000000,5.00000000,6.71428571,5.50000000,5.57142857,2.36038738,2.24465176,7.00000000,1.00000000,4.00000000,train,True,aruna-juice-v4.0
2026-03-21,P005,Jus Nanas,20,13.00000000,11.00000000,22.00000000,18.00000000,21.00000000,22.00000000,17.14285714,16.21428571,16.39285714,4.01781746,4.28195806,18.00000000,10.00000000,6.00000000,train,True,aruna-juice-v4.0
2026-03-21,P006,Jus Melon,5,8.00000000,5.00000000,12.00000000,5.00000000,7.00000000,6.00000000,6.28571429,6.42857143,6.71428571,3.25137334,2.62280782,5.00000000,5.00000000,2.00000000,train,True,aruna-juice-v4.0
2026-03-21,P007,Jus Sirsak,19,11.00000000,17.00000000,17.00000000,12.00000000,16.00000000,19.00000000,16.00000000,15.64285714,15.82142857,3.91578004,4.78148903,19.00000000,26.00000000,18.00000000,train,True,aruna-juice-v4.0
2026-03-21,P008,Jus Alpukat,14,15.00000000,11.00000000,18.00000000,6.00000000,11.00000000,23.00000000,16.28571429,14.57142857,15.21428571,3.54562104,4.43264612,15.00000000,8.00000000,12.00000000,train,True,aruna-juice-v4.0
2026-03-21,P009,Jus Stroberi,20,15.00000000,19.00000000,21.00000000,16.00000000,14.00000000,31.00000000,16.57142857,16.21428571,16.35714286,3.73528860,3.76580917,15.00000000,18.00000000,19.00000000,train,True,aruna-juice-v4.0
2026-03-21,P010,Jus Jeruk,6,7.00000000,8.00000000,11.00000000,3.00000000,4.00000000,6.00000000,8.14285714,6.85714286,6.46428571,1.95180015,2.65611465,8.00000000,5.00000000,2.00000000,train,True,aruna-juice-v4.0
2026-03-21,P011,Jus Mangga,26,22.00000000,17.00000000,21.00000000,19.00000000,25.00000000,23.00000000,19.14285714,17.28571429,17.85714286,6.03955218,6.37819086,14.00000000,17.00000000,15.00000000,train,True,aruna-juice-v4.0
2026-03-22,P001,Jus Naga,4,11.00000000,10.00000000,10.00000000,4.00000000,2.00000000,12.00000000,9.14285714,8.57142857,7.42857143,3.76069902,3.47992674,8.00000000,3.00000000,5.00000000,train,True,aruna-juice-v4.0
2026-03-22,P002,Jus Semangka,5,8.00000000,10.00000000,5.00000000,5.00000000,4.00000000,3.00000000,7.00000000,6.42857143,5.92857143,2.44948974,2.13808994,6.00000000,2.00000000,7.00000000,train,True,aruna-juice-v4.0
2026-03-22,P003,Jus Jambu,7,10.00000000,9.00000000,5.00000000,8.00000000,7.00000000,9.00000000,8.42857143,8.00000000,7.64285714,3.35942172,3.16227766,7.00000000,4.00000000,7.00000000,train,True,aruna-juice-v4.0
2026-03-22,P004,Jus Pisang,7,9.00000000,7.00000000,3.00000000,8.00000000,4.00000000,2.00000000,6.57142857,5.71428571,5.75000000,2.29906813,2.23360941,1.00000000,4.00000000,2.00000000,train,True,aruna-juice-v4.0
2026-03-22,P005,Jus Nanas,18,20.00000000,13.00000000,11.00000000,20.00000000,19.00000000,13.00000000,16.85714286,16.14285714,16.57142857,3.84831441,4.24004976,10.00000000,6.00000000,12.00000000,train,True,aruna-juice-v4.0
2026-03-22,P006,Jus Melon,5,5.00000000,8.00000000,5.00000000,3.00000000,4.00000000,8.00000000,6.57142857,6.50000000,6.60714286,2.99205297,2.56455124,5.00000000,2.00000000,3.00000000,train,True,aruna-juice-v4.0
2026-03-22,P007,Jus Sirsak,19,19.00000000,11.00000000,17.00000000,14.00000000,11.00000000,12.00000000,16.71428571,16.21428571,16.07142857,3.94606495,4.66044850,26.00000000,18.00000000,16.00000000,train,True,aruna-juice-v4.0
2026-03-22,P008,Jus Alpukat,15,14.00000000,15.00000000,11.00000000,15.00000000,11.00000000,18.00000000,16.28571429,14.85714286,15.10714286,3.54562104,4.31200726,8.00000000,12.00000000,12.00000000,train,True,aruna-juice-v4.0
2026-03-22,P009,Jus Stroberi,15,20.00000000,15.00000000,19.00000000,13.00000000,23.00000000,9.00000000,16.85714286,15.64285714,16.57142857,3.48466026,3.22507347,18.00000000,19.00000000,16.00000000,train,True,aruna-juice-v4.0
2026-03-22,P010,Jus Jeruk,8,6.00000000,7.00000000,8.00000000,6.00000000,4.00000000,5.00000000,8.42857143,7.14285714,6.57142857,1.71824939,2.53762890,5.00000000,2.00000000,6.00000000,train,True,aruna-juice-v4.0
2026-03-22,P011,Jus Mangga,14,26.00000000,22.00000000,17.00000000,7.00000000,10.00000000,15.00000000,20.14285714,17.57142857,17.82142857,3.89138242,6.11070040,17.00000000,15.00000000,16.00000000,train,True,aruna-juice-v4.0
2026-03-23,P001,Jus Naga,8,4.00000000,11.00000000,10.00000000,14.00000000,7.00000000,4.00000000,8.28571429,8.64285714,7.57142857,3.09377255,3.45536690,3.00000000,5.00000000,8.00000000,train,True,aruna-juice-v4.0
2026-03-23,P002,Jus Semangka,6,5.00000000,8.00000000,10.00000000,4.00000000,7.00000000,8.00000000,7.28571429,6.35714286,5.85714286,2.13808994,2.13423172,2.00000000,7.00000000,9.00000000,train,True,aruna-juice-v4.0
2026-03-23,P003,Jus Jambu,7,7.00000000,10.00000000,9.00000000,15.00000000,13.00000000,9.00000000,7.28571429,7.57142857,7.57142857,1.70433621,2.82064602,4.00000000,7.00000000,7.00000000,train,True,aruna-juice-v4.0
2026-03-23,P004,Jus Pisang,1,7.00000000,9.00000000,7.00000000,9.00000000,3.00000000,7.00000000,5.42857143,5.57142857,5.53571429,2.81999662,2.47181919,4.00000000,2.00000000,1.00000000,train,True,aruna-juice-v4.0
2026-03-23,P005,Jus Nanas,10,18.00000000,20.00000000,13.00000000,18.00000000,21.00000000,16.00000000,15.71428571,15.35714286,16.35714286,4.57217256,4.28965021,6.00000000,12.00000000,17.00000000,train,True,aruna-juice-v4.0
2026-03-23,P006,Jus Melon,5,5.00000000,5.00000000,8.00000000,8.00000000,8.00000000,8.00000000,6.14285714,6.28571429,6.50000000,2.96808420,2.55489188,2.00000000,3.00000000,6.00000000,train,True,aruna-juice-v4.0
2026-03-23,P007,Jus Sirsak,26,19.00000000,19.00000000,11.00000000,12.00000000,28.00000000,19.00000000,18.71428571,16.07142857,16.32142857,4.64450520,4.28708769,18.00000000,16.00000000,11.00000000,train,True,aruna-juice-v4.0
2026-03-23,P008,Jus Alpukat,8,15.00000000,14.00000000,15.00000000,21.00000000,20.00000000,10.00000000,14.42857143,14.00000000,15.03571429,4.03555625,4.40279631,12.00000000,12.00000000,17.00000000,train,True,aruna-juice-v4.0
2026-03-23,P009,Jus Stroberi,18,15.00000000,20.00000000,15.00000000,11.00000000,13.00000000,13.00000000,17.85714286,16.00000000,16.75000000,2.34012617,3.18651003,19.00000000,16.00000000,21.00000000,train,True,aruna-juice-v4.0
2026-03-23,P010,Jus Jeruk,5,8.00000000,6.00000000,7.00000000,10.00000000,8.00000000,5.00000000,7.71428571,6.92857143,6.57142857,1.97604704,2.58588731,2.00000000,6.00000000,12.00000000,train,True,aruna-juice-v4.0
2026-03-23,P011,Jus Mangga,17,14.00000000,26.00000000,22.00000000,19.00000000,20.00000000,17.00000000,19.85714286,17.35714286,17.82142857,4.05908739,6.07146089,15.00000000,16.00000000,12.00000000,train,True,aruna-juice-v4.0
2026-03-24,P001,Jus Naga,3,8.00000000,4.00000000,11.00000000,4.00000000,11.00000000,6.00000000,8.14285714,8.07142857,7.46428571,3.33809184,3.68915846,5.00000000,8.00000000,13.00000000,train,True,aruna-juice-v4.0
2026-03-24,P002,Jus Semangka,2,6.00000000,5.00000000,8.00000000,10.00000000,5.00000000,5.00000000,6.14285714,6.14285714,5.75000000,2.54483604,2.41333293,7.00000000,9.00000000,9.00000000,train,True,aruna-juice-v4.0
2026-03-24,P003,Jus Jambu,4,7.00000000,7.00000000,10.00000000,6.00000000,7.00000000,8.00000000,7.00000000,7.35714286,7.42857143,2.08166600,2.97701820,7.00000000,7.00000000,6.00000000,train,True,aruna-juice-v4.0
2026-03-24,P004,Jus Pisang,4,1.00000000,7.00000000,9.00000000,4.00000000,4.00000000,4.00000000,5.42857143,5.57142857,5.53571429,2.81999662,2.47181919,2.00000000,1.00000000,7.00000000,train,True,aruna-juice-v4.0
2026-03-24,P005,Jus Nanas,6,10.00000000,18.00000000,20.00000000,16.00000000,10.00000000,16.00000000,14.28571429,15.07142857,16.00000000,5.85133277,4.77919024,12.00000000,17.00000000,17.00000000,train,True,aruna-juice-v4.0
2026-03-24,P006,Jus Melon,2,5.00000000,5.00000000,5.00000000,3.00000000,7.00000000,13.00000000,6.00000000,5.92857143,6.10714286,3.16227766,2.78634819,3.00000000,6.00000000,6.00000000,train,True,aruna-juice-v4.0
2026-03-24,P007,Jus Sirsak,18,26.00000000,19.00000000,19.00000000,22.00000000,14.00000000,16.00000000,18.14285714,16.35714286,16.39285714,4.41318371,4.27168032,16.00000000,11.00000000,14.00000000,train,True,aruna-juice-v4.0
2026-03-24,P008,Jus Alpukat,12,8.00000000,15.00000000,14.00000000,20.00000000,12.00000000,20.00000000,13.28571429,14.00000000,14.75000000,3.25137334,4.40279631,12.00000000,17.00000000,9.00000000,train,True,aruna-juice-v4.0
2026-03-24,P009,Jus Stroberi,19,18.00000000,15.00000000,20.00000000,17.00000000,16.00000000,16.00000000,18.14285714,16.21428571,16.85714286,2.34012617,3.28583373,16.00000000,21.00000000,16.00000000,train,True,aruna-juice-v4.0
2026-03-24,P010,Jus Jeruk,2,5.00000000,8.00000000,6.00000000,9.00000000,7.00000000,7.00000000,6.71428571,6.57142857,6.39285714,2.81154084,2.90130702,6.00000000,12.00000000,6.00000000,train,True,aruna-juice-v4.0
2026-03-24,P011,Jus Mangga,15,17.00000000,14.00000000,26.00000000,22.00000000,3.00000000,22.00000000,18.85714286,18.21428571,17.57142857,4.29839394,4.54344111,16.00000000,12.00000000,20.00000000,train,True,aruna-juice-v4.0
2026-03-25,P001,Jus Naga,5,3.00000000,8.00000000,4.00000000,11.00000000,7.00000000,8.00000000,7.28571429,7.92857143,7.35714286,3.25137334,3.77164085,8.00000000,13.00000000,9.00000000,train,True,aruna-juice-v4.0
2026-03-25,P002,Jus Semangka,7,2.00000000,6.00000000,5.00000000,7.00000000,8.00000000,2.00000000,6.14285714,6.07142857,5.92857143,2.54483604,2.36852066,9.00000000,9.00000000,8.00000000,train,True,aruna-juice-v4.0
2026-03-25,P003,Jus Jambu,7,4.00000000,7.00000000,7.00000000,7.00000000,9.00000000,9.00000000,7.00000000,7.21428571,7.35714286,2.08166600,2.93987366,7.00000000,6.00000000,5.00000000,train,True,aruna-juice-v4.0
2026-03-25,P004,Jus Pisang,2,4.00000000,1.00000000,7.00000000,7.00000000,3.00000000,8.00000000,4.71428571,5.50000000,5.32142857,2.98408477,2.56455124,1.00000000,7.00000000,8.00000000,train,True,aruna-juice-v4.0
2026-03-25,P005,Jus Nanas,12,6.00000000,10.00000000,18.00000000,22.00000000,9.00000000,17.00000000,12.85714286,15.28571429,15.82142857,4.77593172,4.54767179,17.00000000,17.00000000,30.00000000,train,True,aruna-juice-v4.0
2026-03-25,P006,Jus Melon,3,2.00000000,5.00000000,5.00000000,12.00000000,7.00000000,12.00000000,4.71428571,5.64285714,5.78571429,1.88982237,2.87180305,6.00000000,6.00000000,4.00000000,train,True,aruna-juice-v4.0
2026-03-25,P007,Jus Sirsak,16,18.00000000,26.00000000,19.00000000,17.00000000,13.00000000,16.00000000,18.00000000,16.57142857,16.39285714,4.47213595,4.16421173,11.00000000,14.00000000,16.00000000,train,True,aruna-juice-v4.0
2026-03-25,P008,Jus Alpukat,12,12.00000000,8.00000000,15.00000000,18.00000000,17.00000000,15.00000000,12.42857143,13.64285714,14.64285714,2.50713268,4.34311379,17.00000000,9.00000000,26.00000000,train,True,aruna-juice-v4.0
2026-03-25,P009,Jus Stroberi,16,19.00000000,18.00000000,15.00000000,21.00000000,12.00000000,19.00000000,17.42857143,16.50000000,16.75000000,2.07019668,3.05714799,21.00000000,16.00000000,16.00000000,train,True,aruna-juice-v4.0
2026-03-25,P010,Jus Jeruk,6,2.00000000,5.00000000,8.00000000,11.00000000,3.00000000,9.00000000,6.00000000,6.78571429,6.28571429,2.08166600,2.72251500,12.00000000,6.00000000,6.00000000,train,True,aruna-juice-v4.0
2026-03-25,P011,Jus Mangga,16,15.00000000,17.00000000,14.00000000,21.00000000,16.00000000,19.00000000,18.14285714,18.21428571,17.46428571,4.29839394,4.54344111,12.00000000,20.00000000,19.00000000,train,True,aruna-juice-v4.0
2026-03-26,P001,Jus Naga,8,5.00000000,3.00000000,8.00000000,10.00000000,14.00000000,6.00000000,7.00000000,7.50000000,7.42857143,3.05505046,3.34549065,13.00000000,9.00000000,11.00000000,train,True,aruna-juice-v4.0
2026-03-26,P002,Jus Semangka,9,7.00000000,2.00000000,6.00000000,5.00000000,4.00000000,6.00000000,6.71428571,6.42857143,6.03571429,2.69037084,2.40877517,9.00000000,8.00000000,8.00000000,train,True,aruna-juice-v4.0
2026-03-26,P003,Jus Jambu,7,7.00000000,4.00000000,7.00000000,5.00000000,8.00000000,9.00000000,7.28571429,7.14285714,7.28571429,1.88982237,2.93145128,6.00000000,5.00000000,5.00000000,train,True,aruna-juice-v4.0
2026-03-26,P004,Jus Pisang,1,2.00000000,4.00000000,1.00000000,3.00000000,5.00000000,10.00000000,4.42857143,5.21428571,5.00000000,3.25868802,2.83327947,7.00000000,8.00000000,8.00000000,train,True,aruna-juice-v4.0
2026-03-26,P005,Jus Nanas,17,12.00000000,6.00000000,10.00000000,11.00000000,13.00000000,17.00000000,13.71428571,15.57142857,15.82142857,4.92322001,4.51858190,17.00000000,30.00000000,16.00000000,train,True,aruna-juice-v4.0
2026-03-26,P006,Jus Melon,6,3.00000000,2.00000000,5.00000000,5.00000000,10.00000000,7.00000000,4.85714286,5.35714286,5.75000000,1.95180015,2.59013343,6.00000000,4.00000000,11.00000000,train,True,aruna-juice-v4.0
2026-03-26,P007,Jus Sirsak,11,16.00000000,18.00000000,26.00000000,17.00000000,16.00000000,21.00000000,17.14285714,16.21428571,16.03571429,5.20988072,4.42333970,14.00000000,16.00000000,17.00000000,train,True,aruna-juice-v4.0
2026-03-26,P008,Jus Alpukat,17,12.00000000,12.00000000,8.00000000,11.00000000,15.00000000,19.00000000,13.28571429,13.78571429,14.57142857,2.92770022,4.42333970,9.00000000,26.00000000,24.00000000,train,True,aruna-juice-v4.0
2026-03-26,P009,Jus Stroberi,21,16.00000000,19.00000000,18.00000000,19.00000000,12.00000000,22.00000000,17.71428571,17.14285714,16.71428571,2.42997159,2.98347095,16.00000000,16.00000000,14.00000000,train,True,aruna-juice-v4.0
2026-03-26,P010,Jus Jeruk,12,6.00000000,2.00000000,5.00000000,8.00000000,4.00000000,8.00000000,6.57142857,7.35714286,6.42857143,3.04724700,2.92488377,6.00000000,6.00000000,10.00000000,train,True,aruna-juice-v4.0
2026-03-26,P011,Jus Mangga,12,16.00000000,15.00000000,17.00000000,17.00000000,21.00000000,24.00000000,17.42857143,17.57142857,17.03571429,4.89411697,4.75093976,20.00000000,19.00000000,24.00000000,train,True,aruna-juice-v4.0
2026-03-27,P001,Jus Naga,13,8.00000000,5.00000000,3.00000000,10.00000000,6.00000000,7.00000000,7.42857143,8.00000000,7.64285714,3.69039938,3.61620285,9.00000000,11.00000000,6.00000000,train,True,aruna-juice-v4.0
2026-03-27,P002,Jus Semangka,9,9.00000000,7.00000000,2.00000000,10.00000000,8.00000000,3.00000000,6.57142857,6.50000000,6.25000000,2.50713268,2.47293037,8.00000000,8.00000000,13.00000000,train,True,aruna-juice-v4.0
2026-03-27,P003,Jus Jambu,6,7.00000000,7.00000000,4.00000000,9.00000000,5.00000000,1.00000000,6.85714286,7.21428571,7.46428571,1.77281052,2.88706855,5.00000000,5.00000000,6.00000000,train,True,aruna-juice-v4.0
2026-03-27,P004,Jus Pisang,7,1.00000000,2.00000000,4.00000000,7.00000000,7.00000000,3.00000000,4.42857143,5.21428571,5.14285714,3.25868802,2.83327947,8.00000000,8.00000000,10.00000000,train,True,aruna-juice-v4.0
2026-03-27,P005,Jus Nanas,17,17.00000000,12.00000000,6.00000000,13.00000000,17.00000000,9.00000000,14.28571429,15.57142857,16.10714286,5.05682001,4.51858190,30.00000000,16.00000000,10.00000000,train,True,aruna-juice-v4.0
2026-03-27,P006,Jus Melon,6,6.00000000,3.00000000,2.00000000,8.00000000,5.00000000,5.00000000,4.57142857,5.42857143,5.78571429,1.51185789,2.59331346,4.00000000,11.00000000,5.00000000,train,True,aruna-juice-v4.0
2026-03-27,P007,Jus Sirsak,14,11.00000000,16.00000000,18.00000000,11.00000000,13.00000000,14.00000000,17.57142857,16.28571429,16.03571429,4.72077475,4.37525509,16.00000000,17.00000000,20.00000000,train,True,aruna-juice-v4.0
2026-03-27,P008,Jus Alpukat,9,17.00000000,12.00000000,12.00000000,15.00000000,9.00000000,7.00000000,12.42857143,13.78571429,14.64285714,3.20713490,4.42333970,26.00000000,24.00000000,22.00000000,train,True,aruna-juice-v4.0
2026-03-27,P009,Jus Stroberi,16,21.00000000,16.00000000,19.00000000,15.00000000,19.00000000,18.00000000,17.85714286,16.92857143,16.64285714,2.26778684,2.94734002,16.00000000,14.00000000,20.00000000,train,True,aruna-juice-v4.0
2026-03-27,P010,Jus Jeruk,6,12.00000000,6.00000000,2.00000000,7.00000000,10.00000000,4.00000000,6.42857143,7.07142857,6.50000000,3.04724700,2.84102597,6.00000000,10.00000000,8.00000000,train,True,aruna-juice-v4.0
2026-03-27,P011,Jus Mangga,20,12.00000000,16.00000000,15.00000000,22.00000000,19.00000000,18.00000000,17.14285714,17.64285714,17.10714286,4.63424109,4.78148903,19.00000000,24.00000000,29.00000000,train,True,aruna-juice-v4.0
2026-03-28,P001,Jus Naga,9,13.00000000,8.00000000,5.00000000,11.00000000,7.00000000,4.00000000,7.14285714,8.14285714,7.82142857,3.43649877,3.61316275,11.00000000,6.00000000,5.00000000,train,True,aruna-juice-v4.0
2026-03-28,P002,Jus Semangka,8,9.00000000,9.00000000,7.00000000,8.00000000,4.00000000,8.00000000,6.57142857,6.78571429,6.25000000,2.50713268,2.39160620,8.00000000,13.00000000,5.00000000,train,True,aruna-juice-v4.0
2026-03-28,P003,Jus Jambu,5,6.00000000,7.00000000,7.00000000,10.00000000,3.00000000,9.00000000,6.14285714,7.35714286,7.32142857,1.21498579,2.70632146,5.00000000,6.00000000,12.00000000,train,True,aruna-juice-v4.0
2026-03-28,P004,Jus Pisang,8,7.00000000,1.00000000,2.00000000,9.00000000,4.00000000,2.00000000,4.28571429,5.50000000,5.35714286,3.03942350,2.90225377,8.00000000,10.00000000,5.00000000,train,True,aruna-juice-v4.0
2026-03-28,P005,Jus Nanas,30,17.00000000,17.00000000,12.00000000,20.00000000,18.00000000,8.00000000,15.71428571,16.42857143,16.89285714,7.67494377,5.93184737,16.00000000,10.00000000,17.00000000,train,True,aruna-juice-v4.0
2026-03-28,P006,Jus Melon,4,6.00000000,6.00000000,3.00000000,5.00000000,5.00000000,1.00000000,4.42857143,5.35714286,5.89285714,1.51185789,2.61966360,11.00000000,5.00000000,4.00000000,train,True,aruna-juice-v4.0
2026-03-28,P007,Jus Sirsak,16,14.00000000,11.00000000,16.00000000,19.00000000,12.00000000,16.00000000,17.14285714,16.57142857,16.03571429,4.70561974,4.20099413,17.00000000,20.00000000,19.00000000,train,True,aruna-juice-v4.0
2026-03-28,P008,Jus Alpukat,26,9.00000000,17.00000000,12.00000000,14.00000000,6.00000000,15.00000000,14.14285714,15.21428571,15.03571429,6.09449400,4.91745042,24.00000000,22.00000000,7.00000000,train,True,aruna-juice-v4.0
2026-03-28,P009,Jus Stroberi,16,16.00000000,21.00000000,16.00000000,20.00000000,16.00000000,18.00000000,17.28571429,16.92857143,16.57142857,2.13808994,2.94734002,14.00000000,20.00000000,14.00000000,train,True,aruna-juice-v4.0
2026-03-28,P010,Jus Jeruk,6,6.00000000,12.00000000,6.00000000,6.00000000,3.00000000,3.00000000,6.42857143,7.28571429,6.60714286,3.04724700,2.61441482,10.00000000,8.00000000,9.00000000,train,True,aruna-juice-v4.0
2026-03-28,P011,Jus Mangga,19,20.00000000,12.00000000,16.00000000,26.00000000,19.00000000,9.00000000,16.14285714,17.64285714,17.46428571,2.79455252,4.78148903,24.00000000,29.00000000,22.00000000,train,True,aruna-juice-v4.0
2026-03-29,P001,Jus Naga,11,9.00000000,13.00000000,8.00000000,4.00000000,4.00000000,3.00000000,8.14285714,8.64285714,8.10714286,3.38765265,3.47755756,6.00000000,5.00000000,4.00000000,train,True,aruna-juice-v4.0
2026-03-29,P002,Jus Semangka,8,8.00000000,9.00000000,9.00000000,5.00000000,5.00000000,4.00000000,7.00000000,7.00000000,6.39285714,2.44948974,2.35339362,13.00000000,5.00000000,5.00000000,train,True,aruna-juice-v4.0
2026-03-29,P003,Jus Jambu,5,5.00000000,6.00000000,7.00000000,7.00000000,8.00000000,7.00000000,5.85714286,7.14285714,7.25000000,1.21498579,2.76953600,6.00000000,12.00000000,8.00000000,train,True,aruna-juice-v4.0
2026-03-29,P004,Jus Pisang,8,8.00000000,7.00000000,1.00000000,7.00000000,8.00000000,11.00000000,4.42857143,5.50000000,5.25000000,3.20713490,2.90225377,10.00000000,5.00000000,6.00000000,train,True,aruna-juice-v4.0
2026-03-29,P005,Jus Nanas,16,30.00000000,17.00000000,17.00000000,18.00000000,20.00000000,20.00000000,15.42857143,16.14285714,16.75000000,7.61264612,5.84224855,10.00000000,17.00000000,23.00000000,train,True,aruna-juice-v4.0
2026-03-29,P006,Jus Melon,11,4.00000000,6.00000000,6.00000000,5.00000000,3.00000000,2.00000000,5.28571429,5.92857143,6.21428571,2.92770022,2.92112428,5.00000000,4.00000000,8.00000000,train,True,aruna-juice-v4.0
2026-03-29,P007,Jus Sirsak,17,16.00000000,14.00000000,11.00000000,19.00000000,14.00000000,18.00000000,16.85714286,16.78571429,16.00000000,4.63424109,4.13574608,20.00000000,19.00000000,17.00000000,train,True,aruna-juice-v4.0
2026-03-29,P008,Jus Alpukat,24,26.00000000,9.00000000,17.00000000,15.00000000,15.00000000,18.00000000,15.42857143,15.85714286,15.25000000,7.16140449,5.44704779,22.00000000,7.00000000,16.00000000,train,True,aruna-juice-v4.0
2026-03-29,P009,Jus Stroberi,14,16.00000000,16.00000000,21.00000000,15.00000000,13.00000000,14.00000000,17.14285714,17.00000000,16.57142857,2.34012617,2.85549403,20.00000000,14.00000000,20.00000000,train,True,aruna-juice-v4.0
2026-03-29,P010,Jus Jeruk,10,6.00000000,6.00000000,12.00000000,8.00000000,6.00000000,6.00000000,6.71428571,7.57142857,6.75000000,3.30223589,2.68082323,8.00000000,9.00000000,6.00000000,train,True,aruna-juice-v4.0
2026-03-29,P011,Jus Mangga,24,19.00000000,20.00000000,12.00000000,14.00000000,7.00000000,14.00000000,17.57142857,18.85714286,17.82142857,3.86683087,3.95857672,29.00000000,22.00000000,23.00000000,train,True,aruna-juice-v4.0
2026-03-30,P001,Jus Naga,6,11.00000000,9.00000000,13.00000000,8.00000000,14.00000000,10.00000000,7.85714286,8.07142857,7.96428571,3.48466026,3.17355141,5.00000000,4.00000000,3.00000000,train,True,aruna-juice-v4.0
2026-03-30,P002,Jus Semangka,13,8.00000000,8.00000000,9.00000000,6.00000000,4.00000000,7.00000000,8.00000000,7.64285714,6.60714286,3.26598632,2.67774713,5.00000000,5.00000000,5.00000000,train,True,aruna-juice-v4.0
2026-03-30,P003,Jus Jambu,6,5.00000000,5.00000000,6.00000000,7.00000000,15.00000000,7.00000000,5.71428571,6.50000000,7.21428571,1.11269728,1.60527975,12.00000000,8.00000000,11.00000000,train,True,aruna-juice-v4.0
2026-03-30,P004,Jus Pisang,10,8.00000000,8.00000000,7.00000000,1.00000000,9.00000000,5.00000000,5.71428571,5.57142857,5.42857143,3.40168026,3.00548948,5.00000000,6.00000000,9.00000000,train,True,aruna-juice-v4.0
2026-03-30,P005,Jus Nanas,10,16.00000000,30.00000000,17.00000000,10.00000000,18.00000000,22.00000000,15.42857143,15.57142857,16.32142857,7.61264612,6.03469820,17.00000000,23.00000000,14.00000000,train,True,aruna-juice-v4.0
2026-03-30,P006,Jus Melon,5,11.00000000,4.00000000,6.00000000,5.00000000,8.00000000,9.00000000,5.28571429,5.71428571,6.07142857,2.92770022,2.86701591,4.00000000,8.00000000,8.00000000,train,True,aruna-juice-v4.0
2026-03-30,P007,Jus Sirsak,20,17.00000000,16.00000000,14.00000000,26.00000000,12.00000000,18.00000000,16.00000000,17.35714286,16.07142857,2.88675135,3.97312400,19.00000000,17.00000000,11.00000000,train,True,aruna-juice-v4.0
2026-03-30,P008,Jus Alpukat,22,24.00000000,26.00000000,9.00000000,8.00000000,21.00000000,26.00000000,17.42857143,15.92857143,15.10714286,6.67974907,5.52566440,7.00000000,16.00000000,20.00000000,train,True,aruna-juice-v4.0
2026-03-30,P009,Jus Stroberi,20,14.00000000,16.00000000,16.00000000,18.00000000,11.00000000,15.00000000,17.42857143,17.64285714,16.75000000,2.57275098,2.37315573,14.00000000,20.00000000,16.00000000,train,True,aruna-juice-v4.0
2026-03-30,P010,Jus Jeruk,8,10.00000000,6.00000000,6.00000000,5.00000000,10.00000000,5.00000000,7.14285714,7.42857143,6.85714286,3.23669437,2.59331346,9.00000000,6.00000000,8.00000000,train,True,aruna-juice-v4.0
2026-03-30,P011,Jus Mangga,29,24.00000000,19.00000000,20.00000000,17.00000000,19.00000000,25.00000000,19.28571429,19.57142857,17.96428571,5.76524893,4.79926734,22.00000000,23.00000000,14.00000000,train,True,aruna-juice-v4.0
2026-03-31,P001,Jus Naga,5,6.00000000,11.00000000,9.00000000,3.00000000,4.00000000,8.00000000,8.14285714,8.14285714,7.85714286,3.07834216,3.08487982,4.00000000,3.00000000,7.00000000,train,True,aruna-juice-v4.0
2026-03-31,P002,Jus Semangka,5,13.00000000,8.00000000,8.00000000,2.00000000,10.00000000,4.00000000,8.42857143,7.28571429,6.64285714,2.43975018,2.67261242,5.00000000,5.00000000,4.00000000,train,True,aruna-juice-v4.0
2026-03-31,P003,Jus Jambu,12,6.00000000,5.00000000,5.00000000,4.00000000,6.00000000,7.00000000,6.85714286,6.92857143,7.39285714,2.41029538,2.16490489,8.00000000,11.00000000,6.00000000,train,True,aruna-juice-v4.0
2026-03-31,P004,Jus Pisang,5,10.00000000,8.00000000,8.00000000,4.00000000,4.00000000,7.00000000,5.85714286,5.64285714,5.35714286,3.33809184,2.97701820,6.00000000,9.00000000,3.00000000,train,True,aruna-juice-v4.0
2026-03-31,P005,Jus Nanas,17,10.00000000,16.00000000,30.00000000,6.00000000,16.00000000,21.00000000,17.00000000,15.64285714,16.17857143,6.37704216,6.04606856,23.00000000,14.00000000,9.00000000,train,True,aruna-juice-v4.0
2026-03-31,P006,Jus Melon,4,5.00000000,11.00000000,4.00000000,2.00000000,3.00000000,7.00000000,5.57142857,5.78571429,5.96428571,2.63673680,2.80599828,8.00000000,8.00000000,8.00000000,train,True,aruna-juice-v4.0
2026-03-31,P007,Jus Sirsak,19,20.00000000,17.00000000,16.00000000,18.00000000,22.00000000,15.00000000,16.14285714,17.14285714,16.21428571,3.02371578,3.77964473,17.00000000,11.00000000,18.00000000,train,True,aruna-juice-v4.0
2026-03-31,P008,Jus Alpukat,7,22.00000000,24.00000000,26.00000000,12.00000000,20.00000000,11.00000000,16.71428571,15.00000000,14.96428571,7.56558625,5.87039509,16.00000000,20.00000000,19.00000000,train,True,aruna-juice-v4.0
2026-03-31,P009,Jus Stroberi,14,20.00000000,14.00000000,16.00000000,19.00000000,17.00000000,15.00000000,16.71428571,17.42857143,16.71428571,2.75162290,2.56347978,20.00000000,16.00000000,16.00000000,train,True,aruna-juice-v4.0
2026-03-31,P010,Jus Jeruk,9,8.00000000,10.00000000,6.00000000,2.00000000,9.00000000,5.00000000,8.14285714,7.42857143,7.00000000,2.34012617,2.59331346,6.00000000,8.00000000,4.00000000,train,True,aruna-juice-v4.0
2026-03-31,P011,Jus Mangga,22,29.00000000,24.00000000,19.00000000,15.00000000,22.00000000,15.00000000,20.28571429,19.57142857,18.21428571,5.49891764,4.79926734,23.00000000,14.00000000,18.00000000,train,True,aruna-juice-v4.0
2026-04-01,P001,Jus Naga,4,5.00000000,6.00000000,11.00000000,5.00000000,11.00000000,7.00000000,8.00000000,7.64285714,7.75000000,3.26598632,3.15270684,3.00000000,7.00000000,8.00000000,train,True,aruna-juice-v4.0
2026-04-01,P002,Jus Semangka,5,5.00000000,13.00000000,8.00000000,7.00000000,7.00000000,8.00000000,8.14285714,7.14285714,6.53571429,2.73426233,2.74162060,5.00000000,4.00000000,5.00000000,train,True,aruna-juice-v4.0
2026-04-01,P003,Jus Jambu,8,12.00000000,6.00000000,5.00000000,7.00000000,7.00000000,3.00000000,7.00000000,7.00000000,7.57142857,2.44948974,2.18385686,11.00000000,6.00000000,8.00000000,train,True,aruna-juice-v4.0
2026-04-01,P004,Jus Pisang,6,5.00000000,10.00000000,8.00000000,2.00000000,7.00000000,4.00000000,6.42857143,5.57142857,5.42857143,2.87849167,2.95385760,9.00000000,3.00000000,7.00000000,train,True,aruna-juice-v4.0
2026-04-01,P005,Jus Nanas,23,17.00000000,10.00000000,16.00000000,12.00000000,22.00000000,16.00000000,18.57142857,15.71428571,16.42857143,6.29436634,6.13224230,14.00000000,9.00000000,14.00000000,train,True,aruna-juice-v4.0
2026-04-01,P006,Jus Melon,8,4.00000000,5.00000000,11.00000000,3.00000000,12.00000000,8.00000000,6.28571429,5.50000000,5.96428571,2.49761791,2.27866358,8.00000000,8.00000000,9.00000000,train,True,aruna-juice-v4.0
2026-04-01,P007,Jus Sirsak,17,19.00000000,20.00000000,17.00000000,16.00000000,17.00000000,12.00000000,16.28571429,17.14285714,16.39285714,3.03942350,3.77964473,11.00000000,18.00000000,14.00000000,train,True,aruna-juice-v4.0
2026-04-01,P008,Jus Alpukat,16,7.00000000,22.00000000,24.00000000,12.00000000,18.00000000,15.00000000,17.28571429,14.85714286,15.00000000,7.29644401,5.81585555,20.00000000,19.00000000,16.00000000,train,True,aruna-juice-v4.0
2026-04-01,P009,Jus Stroberi,20,14.00000000,20.00000000,14.00000000,16.00000000,21.00000000,20.00000000,17.28571429,17.35714286,16.71428571,2.98408477,2.46848265,16.00000000,16.00000000,20.00000000,train,True,aruna-juice-v4.0
2026-04-01,P010,Jus Jeruk,6,9.00000000,8.00000000,10.00000000,6.00000000,11.00000000,7.00000000,8.14285714,7.07142857,6.96428571,2.34012617,2.40077826,8.00000000,4.00000000,6.00000000,train,True,aruna-juice-v4.0
2026-04-01,P011,Jus Mangga,23,22.00000000,29.00000000,24.00000000,16.00000000,21.00000000,19.00000000,21.28571429,19.71428571,18.35714286,5.21901286,4.87424269,14.00000000,18.00000000,13.00000000,train,True,aruna-juice-v4.0
2026-04-02,P001,Jus Naga,3,4.00000000,5.00000000,6.00000000,8.00000000,10.00000000,6.00000000,7.28571429,7.14285714,7.64285714,3.77334006,3.30168122,7.00000000,8.00000000,3.00000000,train,True,aruna-juice-v4.0
2026-04-02,P002,Jus Semangka,5,5.00000000,5.00000000,13.00000000,9.00000000,5.00000000,6.00000000,7.57142857,7.14285714,6.50000000,2.93582146,2.74162060,4.00000000,5.00000000,5.00000000,train,True,aruna-juice-v4.0
2026-04-02,P003,Jus Jambu,11,8.00000000,12.00000000,6.00000000,7.00000000,5.00000000,11.00000000,7.57142857,7.42857143,7.57142857,2.87849167,2.34403615,6.00000000,8.00000000,11.00000000,train,True,aruna-juice-v4.0
2026-04-02,P004,Jus Pisang,9,6.00000000,5.00000000,10.00000000,1.00000000,3.00000000,3.00000000,7.57142857,6.00000000,5.64285714,1.71824939,2.98715198,3.00000000,7.00000000,5.00000000,train,True,aruna-juice-v4.0
2026-04-02,P005,Jus Nanas,14,23.00000000,17.00000000,10.00000000,17.00000000,11.00000000,14.00000000,18.14285714,15.92857143,16.42857143,6.51737604,6.00594943,9.00000000,14.00000000,23.00000000,train,True,aruna-juice-v4.0
2026-04-02,P006,Jus Melon,8,8.00000000,4.00000000,5.00000000,6.00000000,5.00000000,5.00000000,6.57142857,5.71428571,6.07142857,2.57275098,2.36736047,8.00000000,9.00000000,5.00000000,train,True,aruna-juice-v4.0
2026-04-02,P007,Jus Sirsak,11,17.00000000,19.00000000,20.00000000,11.00000000,17.00000000,12.00000000,16.28571429,16.71428571,16.35714286,3.03942350,4.12177280,18.00000000,14.00000000,12.00000000,train,True,aruna-juice-v4.0
2026-04-02,P008,Jus Alpukat,20,16.00000000,7.00000000,22.00000000,17.00000000,11.00000000,16.00000000,17.71428571,15.50000000,15.14285714,7.36465174,5.85399272,19.00000000,16.00000000,16.00000000,train,True,aruna-juice-v4.0
2026-04-02,P009,Jus Stroberi,16,20.00000000,14.00000000,20.00000000,21.00000000,19.00000000,17.00000000,16.57142857,17.14285714,16.67857143,2.50713268,2.44499938,16.00000000,20.00000000,22.00000000,train,True,aruna-juice-v4.0
2026-04-02,P010,Jus Jeruk,8,6.00000000,9.00000000,8.00000000,12.00000000,8.00000000,4.00000000,7.57142857,7.07142857,7.10714286,1.61834719,2.40077826,4.00000000,6.00000000,8.00000000,train,True,aruna-juice-v4.0
2026-04-02,P011,Jus Mangga,14,23.00000000,22.00000000,29.00000000,12.00000000,17.00000000,19.00000000,21.57142857,19.50000000,18.17857143,4.64962876,5.06496260,18.00000000,13.00000000,23.00000000,train,True,aruna-juice-v4.0
2026-04-03,P001,Jus Naga,7,3.00000000,4.00000000,5.00000000,13.00000000,10.00000000,10.00000000,6.42857143,6.92857143,7.53571429,2.81999662,3.19769835,8.00000000,3.00000000,3.00000000,train,True,aruna-juice-v4.0
2026-04-03,P002,Jus Semangka,4,5.00000000,5.00000000,5.00000000,9.00000000,10.00000000,6.00000000,6.85714286,6.71428571,6.42857143,3.13201593,2.72956946,5.00000000,5.00000000,3.00000000,train,True,aruna-juice-v4.0
2026-04-03,P003,Jus Jambu,6,11.00000000,8.00000000,12.00000000,6.00000000,9.00000000,8.00000000,7.57142857,7.21428571,7.50000000,2.87849167,2.32638946,8.00000000,11.00000000,3.00000000,train,True,aruna-juice-v4.0
2026-04-03,P004,Jus Pisang,3,9.00000000,6.00000000,5.00000000,7.00000000,7.00000000,7.00000000,7.00000000,5.71428571,5.50000000,2.44948974,3.07417460,7.00000000,5.00000000,5.00000000,train,True,aruna-juice-v4.0
2026-04-03,P005,Jus Nanas,9,14.00000000,23.00000000,17.00000000,17.00000000,13.00000000,22.00000000,17.00000000,15.64285714,15.96428571,7.39369100,6.24631760,14.00000000,23.00000000,17.00000000,train,True,aruna-juice-v4.0
2026-04-03,P006,Jus Melon,8,8.00000000,8.00000000,4.00000000,6.00000000,8.00000000,6.00000000,6.85714286,5.71428571,6.14285714,2.60950643,2.36736047,9.00000000,5.00000000,4.00000000,train,True,aruna-juice-v4.0
2026-04-03,P007,Jus Sirsak,18,11.00000000,17.00000000,19.00000000,14.00000000,11.00000000,19.00000000,16.85714286,17.21428571,16.32142857,2.91138978,3.78618077,14.00000000,12.00000000,19.00000000,train,True,aruna-juice-v4.0
2026-04-03,P008,Jus Alpukat,19,20.00000000,16.00000000,7.00000000,9.00000000,15.00000000,21.00000000,19.14285714,15.78571429,15.07142857,6.28300808,5.92489625,16.00000000,16.00000000,9.00000000,train,True,aruna-juice-v4.0
2026-04-03,P009,Jus Stroberi,16,16.00000000,20.00000000,14.00000000,16.00000000,15.00000000,21.00000000,16.57142857,17.21428571,16.50000000,2.50713268,2.39160620,20.00000000,22.00000000,14.00000000,train,True,aruna-juice-v4.0
2026-04-03,P010,Jus Jeruk,4,8.00000000,6.00000000,9.00000000,6.00000000,7.00000000,13.00000000,7.28571429,6.85714286,6.78571429,2.05866346,2.53762890,6.00000000,8.00000000,6.00000000,train,True,aruna-juice-v4.0
2026-04-03,P011,Jus Mangga,18,14.00000000,23.00000000,22.00000000,20.00000000,22.00000000,17.00000000,21.28571429,19.21428571,18.21428571,4.82059076,5.02575783,13.00000000,23.00000000,21.00000000,train,True,aruna-juice-v4.0
2026-04-04,P001,Jus Naga,8,7.00000000,3.00000000,4.00000000,9.00000000,11.00000000,7.00000000,6.28571429,6.71428571,7.57142857,2.69037084,2.99816794,3.00000000,3.00000000,9.00000000,train,True,aruna-juice-v4.0
2026-04-04,P002,Jus Semangka,5,4.00000000,5.00000000,5.00000000,8.00000000,8.00000000,5.00000000,6.42857143,6.50000000,6.42857143,3.15473944,2.73861279,5.00000000,3.00000000,4.00000000,train,True,aruna-juice-v4.0
2026-04-04,P003,Jus Jambu,8,6.00000000,11.00000000,8.00000000,5.00000000,10.00000000,7.00000000,8.00000000,7.07142857,7.53571429,2.64575131,2.20014985,11.00000000,3.00000000,11.00000000,train,True,aruna-juice-v4.0
2026-04-04,P004,Jus Pisang,7,3.00000000,9.00000000,6.00000000,8.00000000,9.00000000,6.00000000,6.85714286,5.57142857,5.53571429,2.41029538,2.95385760,5.00000000,5.00000000,5.00000000,train,True,aruna-juice-v4.0
2026-04-04,P005,Jus Nanas,14,9.00000000,14.00000000,23.00000000,30.00000000,20.00000000,21.00000000,14.71428571,15.21428571,15.71428571,4.68025233,6.12910549,23.00000000,17.00000000,23.00000000,train,True,aruna-juice-v4.0
2026-04-04,P006,Jus Melon,9,8.00000000,8.00000000,8.00000000,4.00000000,5.00000000,7.00000000,7.57142857,6.00000000,6.21428571,2.37045304,2.51151196,5.00000000,4.00000000,5.00000000,train,True,aruna-juice-v4.0
2026-04-04,P007,Jus Sirsak,14,18.00000000,11.00000000,17.00000000,16.00000000,19.00000000,16.00000000,16.57142857,16.85714286,16.25000000,3.10145895,3.84021520,12.00000000,19.00000000,13.00000000,train,True,aruna-juice-v4.0
2026-04-04,P008,Jus Alpukat,16,19.00000000,20.00000000,16.00000000,26.00000000,14.00000000,11.00000000,17.71428571,15.92857143,15.25000000,5.55920515,5.90259768,16.00000000,9.00000000,22.00000000,train,True,aruna-juice-v4.0
2026-04-04,P009,Jus Stroberi,20,16.00000000,16.00000000,20.00000000,16.00000000,20.00000000,14.00000000,17.14285714,17.21428571,16.71428571,2.79455252,2.39160620,22.00000000,14.00000000,13.00000000,train,True,aruna-juice-v4.0
2026-04-04,P010,Jus Jeruk,6,4.00000000,8.00000000,6.00000000,6.00000000,6.00000000,4.00000000,7.28571429,6.85714286,6.85714286,2.05866346,2.53762890,8.00000000,6.00000000,6.00000000,train,True,aruna-juice-v4.0
2026-04-04,P011,Jus Mangga,13,18.00000000,14.00000000,23.00000000,19.00000000,26.00000000,25.00000000,20.42857143,18.28571429,17.78571429,5.74041644,4.87424269,23.00000000,21.00000000,21.00000000,train,True,aruna-juice-v4.0
2026-04-05,P001,Jus Naga,3,8.00000000,7.00000000,3.00000000,11.00000000,4.00000000,2.00000000,5.14285714,6.64285714,7.60714286,1.95180015,3.07863963,3.00000000,9.00000000,9.00000000,train,True,aruna-juice-v4.0
2026-04-05,P002,Jus Semangka,5,5.00000000,4.00000000,5.00000000,8.00000000,5.00000000,4.00000000,6.00000000,6.50000000,6.46428571,3.10912635,2.73861279,3.00000000,4.00000000,10.00000000,train,True,aruna-juice-v4.0
2026-04-05,P003,Jus Jambu,11,8.00000000,6.00000000,11.00000000,5.00000000,7.00000000,7.00000000,8.85714286,7.35714286,7.67857143,2.47847880,2.43712134,3.00000000,11.00000000,14.00000000,train,True,aruna-juice-v4.0
2026-04-05,P004,Jus Pisang,5,7.00000000,3.00000000,9.00000000,8.00000000,7.00000000,4.00000000,6.42857143,5.42857143,5.57142857,2.43975018,2.92770022,5.00000000,5.00000000,4.00000000,train,True,aruna-juice-v4.0
2026-04-05,P005,Jus Nanas,23,14.00000000,9.00000000,14.00000000,16.00000000,18.00000000,19.00000000,15.71428571,15.57142857,15.85714286,5.64843004,6.44162289,17.00000000,23.00000000,17.00000000,train,True,aruna-juice-v4.0
2026-04-05,P006,Jus Melon,5,9.00000000,8.00000000,8.00000000,11.00000000,5.00000000,4.00000000,6.71428571,6.00000000,6.25000000,1.97604704,2.51151196,4.00000000,5.00000000,5.00000000,train,True,aruna-juice-v4.0
2026-04-05,P007,Jus Sirsak,12,14.00000000,18.00000000,11.00000000,17.00000000,19.00000000,11.00000000,15.85714286,16.35714286,16.28571429,3.53216513,3.99243791,19.00000000,13.00000000,14.00000000,train,True,aruna-juice-v4.0
2026-04-05,P008,Jus Alpukat,16,16.00000000,19.00000000,20.00000000,24.00000000,15.00000000,11.00000000,16.57142857,16.00000000,15.42857143,4.82552736,5.89654397,9.00000000,22.00000000,20.00000000,train,True,aruna-juice-v4.0
2026-04-05,P009,Jus Stroberi,22,20.00000000,16.00000000,16.00000000,14.00000000,15.00000000,23.00000000,18.28571429,17.71428571,16.67857143,2.92770022,2.61441482,14.00000000,13.00000000,16.00000000,train,True,aruna-juice-v4.0
2026-04-05,P010,Jus Jeruk,8,6.00000000,4.00000000,8.00000000,10.00000000,8.00000000,4.00000000,7.00000000,6.85714286,7.00000000,1.73205081,2.53762890,6.00000000,6.00000000,8.00000000,train,True,aruna-juice-v4.0
2026-04-05,P011,Jus Mangga,23,13.00000000,18.00000000,14.00000000,24.00000000,14.00000000,10.00000000,20.28571429,18.92857143,18.25000000,5.64843004,4.85900094,21.00000000,21.00000000,18.00000000,train,True,aruna-juice-v4.0
2026-04-06,P001,Jus Naga,3,3.00000000,8.00000000,7.00000000,6.00000000,8.00000000,7.00000000,4.71428571,6.28571429,7.46428571,2.05866346,3.19683910,9.00000000,9.00000000,12.00000000,train,True,aruna-juice-v4.0
2026-04-06,P002,Jus Semangka,3,5.00000000,5.00000000,4.00000000,13.00000000,6.00000000,7.00000000,4.57142857,6.28571429,6.32142857,0.78679579,2.89372189,4.00000000,10.00000000,7.00000000,train,True,aruna-juice-v4.0
2026-04-06,P003,Jus Jambu,3,11.00000000,8.00000000,6.00000000,6.00000000,7.00000000,13.00000000,8.42857143,7.07142857,7.32142857,3.20713490,2.70225791,11.00000000,14.00000000,11.00000000,train,True,aruna-juice-v4.0
2026-04-06,P004,Jus Pisang,5,5.00000000,7.00000000,3.00000000,10.00000000,1.00000000,3.00000000,5.71428571,5.71428571,5.64285714,1.88982237,2.64367377,5.00000000,4.00000000,4.00000000,train,True,aruna-juice-v4.0
2026-04-06,P005,Jus Nanas,17,23.00000000,14.00000000,9.00000000,10.00000000,10.00000000,21.00000000,16.71428571,16.07142857,15.71428571,5.05682001,6.24455807,23.00000000,17.00000000,24.00000000,train,True,aruna-juice-v4.0
2026-04-06,P006,Jus Melon,4,5.00000000,9.00000000,8.00000000,5.00000000,5.00000000,8.00000000,6.57142857,5.92857143,6.10714286,2.14919697,2.55596695,5.00000000,5.00000000,11.00000000,train,True,aruna-juice-v4.0
2026-04-06,P007,Jus Sirsak,19,12.00000000,14.00000000,18.00000000,20.00000000,26.00000000,28.00000000,15.71428571,15.85714286,15.96428571,3.35232684,3.00914357,13.00000000,14.00000000,27.00000000,train,True,aruna-juice-v4.0
2026-04-06,P008,Jus Alpukat,9,16.00000000,16.00000000,19.00000000,22.00000000,8.00000000,20.00000000,14.71428571,16.07142857,15.03571429,4.88924963,5.79740374,22.00000000,20.00000000,23.00000000,train,True,aruna-juice-v4.0
2026-04-06,P009,Jus Stroberi,14,22.00000000,20.00000000,16.00000000,20.00000000,18.00000000,13.00000000,17.42857143,17.42857143,16.71428571,3.20713490,2.79324145,13.00000000,16.00000000,24.00000000,train,True,aruna-juice-v4.0
2026-04-06,P010,Jus Jeruk,6,8.00000000,6.00000000,4.00000000,8.00000000,5.00000000,8.00000000,6.71428571,6.92857143,6.92857143,1.70433621,2.49505004,6.00000000,8.00000000,13.00000000,train,True,aruna-juice-v4.0
2026-04-06,P011,Jus Mangga,21,23.00000000,13.00000000,18.00000000,29.00000000,17.00000000,20.00000000,19.14285714,19.21428571,18.28571429,4.22013315,4.85447567,21.00000000,18.00000000,16.00000000,train,True,aruna-juice-v4.0
2026-04-07,P001,Jus Naga,9,3.00000000,3.00000000,8.00000000,5.00000000,3.00000000,11.00000000,5.28571429,6.71428571,7.39285714,2.62769136,3.12381846,9.00000000,12.00000000,8.00000000,train,True,aruna-juice-v4.0
2026-04-07,P002,Jus Semangka,4,3.00000000,5.00000000,5.00000000,5.00000000,2.00000000,5.00000000,4.42857143,6.42857143,6.28571429,0.78679579,2.70936512,10.00000000,7.00000000,11.00000000,train,True,aruna-juice-v4.0
2026-04-07,P003,Jus Jambu,11,3.00000000,11.00000000,8.00000000,12.00000000,4.00000000,7.00000000,8.28571429,7.57142857,7.46428571,3.03942350,2.73760945,14.00000000,11.00000000,10.00000000,train,True,aruna-juice-v4.0
2026-04-07,P004,Jus Pisang,5,5.00000000,5.00000000,7.00000000,5.00000000,4.00000000,4.00000000,5.71428571,5.78571429,5.67857143,1.88982237,2.60704877,4.00000000,4.00000000,5.00000000,train,True,aruna-juice-v4.0
2026-04-07,P005,Jus Nanas,23,17.00000000,23.00000000,14.00000000,17.00000000,6.00000000,10.00000000,17.57142857,17.28571429,16.17857143,5.59336341,5.77032957,17.00000000,24.00000000,18.00000000,train,True,aruna-juice-v4.0
2026-04-07,P006,Jus Melon,5,4.00000000,5.00000000,9.00000000,4.00000000,2.00000000,7.00000000,6.71428571,6.14285714,6.03571429,1.97604704,2.31573689,5.00000000,11.00000000,10.00000000,train,True,aruna-juice-v4.0
2026-04-07,P007,Jus Sirsak,13,19.00000000,12.00000000,14.00000000,19.00000000,18.00000000,14.00000000,14.85714286,15.50000000,15.92857143,3.13201593,3.03188187,14.00000000,27.00000000,14.00000000,train,True,aruna-juice-v4.0
2026-04-07,P008,Jus Alpukat,22,9.00000000,16.00000000,16.00000000,7.00000000,12.00000000,12.00000000,16.85714286,16.78571429,15.39285714,4.18045338,5.87273454,20.00000000,23.00000000,12.00000000,train,True,aruna-juice-v4.0
2026-04-07,P009,Jus Stroberi,13,14.00000000,22.00000000,20.00000000,14.00000000,19.00000000,16.00000000,17.28571429,17.00000000,16.60714286,3.40168026,2.98715198,16.00000000,24.00000000,18.00000000,train,True,aruna-juice-v4.0
2026-04-07,P010,Jus Jeruk,6,6.00000000,8.00000000,6.00000000,9.00000000,2.00000000,7.00000000,6.28571429,7.21428571,6.89285714,1.38013112,2.08210587,8.00000000,13.00000000,9.00000000,train,True,aruna-juice-v4.0
2026-04-07,P011,Jus Mangga,21,21.00000000,23.00000000,13.00000000,22.00000000,15.00000000,3.00000000,19.00000000,19.64285714,18.92857143,4.12310563,4.71669935,18.00000000,16.00000000,12.00000000,train,True,aruna-juice-v4.0
2026-04-08,P001,Jus Naga,9,9.00000000,3.00000000,3.00000000,4.00000000,5.00000000,7.00000000,6.00000000,7.00000000,7.46428571,2.88675135,3.13785816,12.00000000,8.00000000,12.00000000,train,True,aruna-juice-v4.0
2026-04-08,P002,Jus Semangka,10,4.00000000,3.00000000,5.00000000,5.00000000,7.00000000,8.00000000,5.14285714,6.64285714,6.35714286,2.26778684,2.87180305,7.00000000,11.00000000,9.00000000,train,True,aruna-juice-v4.0
2026-04-08,P003,Jus Jambu,14,11.00000000,3.00000000,11.00000000,8.00000000,7.00000000,9.00000000,9.14285714,8.07142857,7.64285714,3.71611676,3.22166430,11.00000000,10.00000000,9.00000000,train,True,aruna-juice-v4.0
2026-04-08,P004,Jus Pisang,4,5.00000000,5.00000000,5.00000000,6.00000000,2.00000000,3.00000000,5.42857143,5.92857143,5.71428571,1.98805959,2.43260815,4.00000000,5.00000000,2.00000000,train,True,aruna-juice-v4.0
2026-04-08,P005,Jus Nanas,17,23.00000000,17.00000000,23.00000000,23.00000000,12.00000000,9.00000000,16.71428571,17.64285714,16.46428571,5.05682001,5.56924443,24.00000000,18.00000000,13.00000000,train,True,aruna-juice-v4.0
2026-04-08,P006,Jus Melon,5,5.00000000,4.00000000,5.00000000,8.00000000,3.00000000,7.00000000,6.28571429,6.28571429,5.96428571,1.97604704,2.16363552,11.00000000,10.00000000,8.00000000,train,True,aruna-juice-v4.0
2026-04-08,P007,Jus Sirsak,14,13.00000000,19.00000000,12.00000000,17.00000000,16.00000000,13.00000000,14.42857143,15.35714286,15.96428571,2.99205297,3.05355135,27.00000000,14.00000000,14.00000000,train,True,aruna-juice-v4.0
2026-04-08,P008,Jus Alpukat,20,22.00000000,9.00000000,16.00000000,16.00000000,12.00000000,17.00000000,17.42857143,17.35714286,15.50000000,4.31497945,5.75936886,23.00000000,12.00000000,16.00000000,train,True,aruna-juice-v4.0
2026-04-08,P009,Jus Stroberi,16,13.00000000,14.00000000,22.00000000,20.00000000,16.00000000,12.00000000,16.71428571,17.00000000,16.75000000,3.19970237,2.98715198,24.00000000,18.00000000,26.00000000,train,True,aruna-juice-v4.0
2026-04-08,P010,Jus Jeruk,8,6.00000000,6.00000000,8.00000000,6.00000000,6.00000000,3.00000000,6.57142857,7.35714286,7.07142857,1.51185789,2.06088640,13.00000000,9.00000000,7.00000000,train,True,aruna-juice-v4.0
2026-04-08,P011,Jus Mangga,18,21.00000000,21.00000000,23.00000000,23.00000000,16.00000000,16.00000000,18.28571429,19.78571429,19.00000000,3.72890894,4.62731973,16.00000000,12.00000000,18.00000000,train,True,aruna-juice-v4.0
2026-04-09,P001,Jus Naga,12,9.00000000,9.00000000,3.00000000,3.00000000,8.00000000,14.00000000,7.28571429,7.28571429,7.39285714,3.30223589,3.40652251,8.00000000,12.00000000,1.00000000,train,True,aruna-juice-v4.0
2026-04-09,P002,Jus Semangka,7,10.00000000,4.00000000,3.00000000,5.00000000,9.00000000,4.00000000,5.42857143,6.50000000,6.46428571,2.37045304,2.79422481,11.00000000,9.00000000,5.00000000,train,True,aruna-juice-v4.0
2026-04-09,P003,Jus Jambu,11,14.00000000,11.00000000,3.00000000,11.00000000,7.00000000,8.00000000,9.14285714,8.35714286,7.75000000,3.71611676,3.29585154,10.00000000,9.00000000,7.00000000,train,True,aruna-juice-v4.0
2026-04-09,P004,Jus Pisang,4,4.00000000,5.00000000,5.00000000,9.00000000,1.00000000,5.00000000,4.71428571,6.14285714,5.67857143,1.25356634,2.07019668,5.00000000,2.00000000,9.00000000,train,True,aruna-juice-v4.0
2026-04-09,P005,Jus Nanas,24,17.00000000,23.00000000,17.00000000,14.00000000,17.00000000,13.00000000,18.14285714,18.14285714,16.85714286,5.55063274,5.81585555,18.00000000,13.00000000,11.00000000,train,True,aruna-juice-v4.0
2026-04-09,P006,Jus Melon,11,5.00000000,5.00000000,4.00000000,8.00000000,6.00000000,10.00000000,6.71428571,6.64285714,6.00000000,2.62769136,2.49945049,10.00000000,8.00000000,9.00000000,train,True,aruna-juice-v4.0
2026-04-09,P007,Jus Sirsak,27,14.00000000,13.00000000,19.00000000,11.00000000,11.00000000,16.00000000,16.71428571,16.50000000,16.35714286,5.21901286,4.10908936,14.00000000,14.00000000,20.00000000,train,True,aruna-juice-v4.0
2026-04-09,P008,Jus Alpukat,23,20.00000000,22.00000000,9.00000000,20.00000000,17.00000000,15.00000000,17.85714286,17.78571429,15.78571429,4.74090608,5.95080565,12.00000000,16.00000000,17.00000000,train,True,aruna-juice-v4.0
2026-04-09,P009,Jus Stroberi,24,16.00000000,13.00000000,14.00000000,16.00000000,21.00000000,12.00000000,17.85714286,17.21428571,17.17857143,4.18045338,3.37817819,18.00000000,26.00000000,14.00000000,train,True,aruna-juice-v4.0
2026-04-09,P010,Jus Jeruk,13,8.00000000,6.00000000,6.00000000,8.00000000,12.00000000,4.00000000,7.28571429,7.42857143,7.39285714,2.87020822,2.24342752,9.00000000,7.00000000,1.00000000,train,True,aruna-juice-v4.0
2026-04-09,P011,Jus Mangga,16,18.00000000,21.00000000,21.00000000,14.00000000,12.00000000,21.00000000,18.57142857,20.07142857,18.82142857,3.40867241,4.21470477,12.00000000,18.00000000,20.00000000,train,True,aruna-juice-v4.0
2026-04-10,P001,Jus Naga,8,12.00000000,9.00000000,9.00000000,7.00000000,13.00000000,6.00000000,7.42857143,6.92857143,7.46428571,3.30943816,2.99908411,12.00000000,1.00000000,8.00000000,train,True,aruna-juice-v4.0
2026-04-10,P002,Jus Semangka,11,7.00000000,10.00000000,4.00000000,4.00000000,9.00000000,8.00000000,6.42857143,6.64285714,6.57142857,3.04724700,2.97701820,9.00000000,5.00000000,7.00000000,train,True,aruna-juice-v4.0
2026-04-10,P003,Jus Jambu,10,11.00000000,14.00000000,11.00000000,6.00000000,6.00000000,5.00000000,9.71428571,8.64285714,7.92857143,3.45032780,3.24883749,9.00000000,7.00000000,10.00000000,train,True,aruna-juice-v4.0
2026-04-10,P004,Jus Pisang,5,4.00000000,4.00000000,5.00000000,3.00000000,7.00000000,7.00000000,5.00000000,6.00000000,5.60714286,1.00000000,2.07549809,2.00000000,9.00000000,10.00000000,train,True,aruna-juice-v4.0
2026-04-10,P005,Jus Nanas,18,24.00000000,17.00000000,23.00000000,9.00000000,17.00000000,17.00000000,19.42857143,18.21428571,16.89285714,3.86683087,5.80687353,13.00000000,11.00000000,10.00000000,train,True,aruna-juice-v4.0
2026-04-10,P006,Jus Melon,10,11.00000000,5.00000000,5.00000000,8.00000000,6.00000000,5.00000000,7.00000000,6.92857143,6.17857143,2.88675135,2.64471274,8.00000000,9.00000000,14.00000000,train,True,aruna-juice-v4.0
2026-04-10,P007,Jus Sirsak,14,27.00000000,14.00000000,13.00000000,18.00000000,14.00000000,13.00000000,16.14285714,16.50000000,16.39285714,5.27347360,4.10908936,14.00000000,20.00000000,23.00000000,train,True,aruna-juice-v4.0
2026-04-10,P008,Jus Alpukat,12,23.00000000,20.00000000,22.00000000,19.00000000,9.00000000,9.00000000,16.85714286,18.00000000,15.89285714,5.17779140,5.65685425,16.00000000,17.00000000,21.00000000,train,True,aruna-juice-v4.0
2026-04-10,P009,Jus Stroberi,18,24.00000000,16.00000000,13.00000000,16.00000000,16.00000000,19.00000000,18.14285714,17.35714286,17.14285714,4.09994193,3.36514128,26.00000000,14.00000000,20.00000000,train,True,aruna-juice-v4.0
2026-04-10,P010,Jus Jeruk,9,13.00000000,8.00000000,6.00000000,4.00000000,6.00000000,10.00000000,8.00000000,7.64285714,7.35714286,2.51661148,2.23975077,7.00000000,1.00000000,9.00000000,train,True,aruna-juice-v4.0
2026-04-10,P011,Jus Mangga,12,16.00000000,18.00000000,21.00000000,18.00000000,20.00000000,19.00000000,17.71428571,19.50000000,18.57142857,4.23140188,4.73530114,18.00000000,20.00000000,17.00000000,train,True,aruna-juice-v4.0
2026-04-11,P001,Jus Naga,12,8.00000000,12.00000000,9.00000000,8.00000000,9.00000000,7.00000000,8.00000000,7.14285714,7.64285714,3.74165739,3.25475139,1.00000000,8.00000000,7.00000000,train,True,aruna-juice-v4.0
2026-04-11,P002,Jus Semangka,9,11.00000000,7.00000000,10.00000000,5.00000000,8.00000000,4.00000000,7.00000000,6.71428571,6.75000000,3.10912635,3.02371578,5.00000000,7.00000000,7.00000000,train,True,aruna-juice-v4.0
2026-04-11,P003,Jus Jambu,9,10.00000000,11.00000000,14.00000000,8.00000000,5.00000000,3.00000000,9.85714286,8.92857143,8.14285714,3.38765265,3.07506812,7.00000000,10.00000000,10.00000000,train,True,aruna-juice-v4.0
2026-04-11,P004,Jus Pisang,2,5.00000000,4.00000000,4.00000000,7.00000000,8.00000000,4.00000000,4.28571429,5.57142857,5.53571429,1.11269728,2.24342752,9.00000000,10.00000000,6.00000000,train,True,aruna-juice-v4.0
2026-04-11,P005,Jus Nanas,13,18.00000000,24.00000000,17.00000000,14.00000000,30.00000000,18.00000000,19.28571429,17.00000000,16.71428571,4.11154009,4.85164524,11.00000000,10.00000000,28.00000000,train,True,aruna-juice-v4.0
2026-04-11,P006,Jus Melon,8,10.00000000,11.00000000,5.00000000,9.00000000,4.00000000,5.00000000,6.85714286,7.21428571,6.28571429,2.79455252,2.51697533,9.00000000,14.00000000,11.00000000,train,True,aruna-juice-v4.0
2026-04-11,P007,Jus Sirsak,14,14.00000000,27.00000000,14.00000000,14.00000000,16.00000000,12.00000000,16.14285714,16.35714286,16.46428571,5.27347360,4.16223207,20.00000000,23.00000000,15.00000000,train,True,aruna-juice-v4.0
2026-04-11,P008,Jus Alpukat,16,12.00000000,23.00000000,20.00000000,16.00000000,26.00000000,6.00000000,16.85714286,17.28571429,16.25000000,5.17779140,5.18026687,17.00000000,21.00000000,16.00000000,train,True,aruna-juice-v4.0
2026-04-11,P009,Jus Stroberi,26,18.00000000,24.00000000,16.00000000,20.00000000,16.00000000,16.00000000,19.00000000,18.07142857,17.50000000,5.06622805,4.04711266,14.00000000,20.00000000,24.00000000,train,True,aruna-juice-v4.0
2026-04-11,P010,Jus Jeruk,7,9.00000000,13.00000000,8.00000000,6.00000000,6.00000000,3.00000000,8.14285714,7.71428571,7.50000000,2.41029538,2.19890082,1.00000000,9.00000000,8.00000000,train,True,aruna-juice-v4.0
2026-04-11,P011,Jus Mangga,18,12.00000000,16.00000000,18.00000000,13.00000000,19.00000000,19.00000000,18.42857143,19.42857143,18.53571429,3.69039938,4.75093976,20.00000000,17.00000000,17.00000000,train,True,aruna-juice-v4.0
2026-04-12,P001,Jus Naga,1,12.00000000,8.00000000,12.00000000,3.00000000,11.00000000,4.00000000,7.71428571,6.42857143,7.53571429,4.23140188,3.43543270,8.00000000,7.00000000,10.00000000,train,True,aruna-juice-v4.0
2026-04-12,P002,Jus Semangka,5,9.00000000,11.00000000,7.00000000,5.00000000,8.00000000,5.00000000,7.00000000,6.50000000,6.75000000,3.10912635,3.03188187,7.00000000,7.00000000,14.00000000,train,True,aruna-juice-v4.0
2026-04-12,P003,Jus Jambu,7,9.00000000,10.00000000,11.00000000,11.00000000,5.00000000,8.00000000,9.28571429,9.07142857,8.10714286,3.49829891,2.92112428,10.00000000,10.00000000,10.00000000,train,True,aruna-juice-v4.0
2026-04-12,P004,Jus Pisang,9,2.00000000,5.00000000,4.00000000,5.00000000,8.00000000,8.00000000,4.85714286,5.64285714,5.57142857,2.11570094,2.34051746,10.00000000,6.00000000,2.00000000,train,True,aruna-juice-v4.0
2026-04-12,P005,Jus Nanas,11,13.00000000,18.00000000,24.00000000,23.00000000,16.00000000,20.00000000,17.57142857,16.64285714,16.39285714,4.75594866,5.10817057,10.00000000,28.00000000,12.00000000,train,True,aruna-juice-v4.0
2026-04-12,P006,Jus Melon,9,8.00000000,10.00000000,11.00000000,5.00000000,11.00000000,3.00000000,7.42857143,7.07142857,6.50000000,2.76026224,2.33581762,14.00000000,11.00000000,7.00000000,train,True,aruna-juice-v4.0
2026-04-12,P007,Jus Sirsak,20,14.00000000,14.00000000,27.00000000,12.00000000,17.00000000,14.00000000,17.28571429,16.57142857,16.67857143,5.08967208,4.27360928,23.00000000,15.00000000,28.00000000,train,True,aruna-juice-v4.0
2026-04-12,P008,Jus Alpukat,17,16.00000000,12.00000000,23.00000000,16.00000000,24.00000000,15.00000000,17.00000000,16.78571429,16.32142857,5.16397779,4.80670319,21.00000000,16.00000000,18.00000000,train,True,aruna-juice-v4.0
2026-04-12,P009,Jus Stroberi,14,26.00000000,18.00000000,24.00000000,22.00000000,14.00000000,13.00000000,17.85714286,18.07142857,17.53571429,5.17779140,4.04711266,20.00000000,24.00000000,20.00000000,train,True,aruna-juice-v4.0
2026-04-12,P010,Jus Jeruk,1,7.00000000,9.00000000,13.00000000,8.00000000,10.00000000,6.00000000,7.14285714,7.07142857,7.32142857,3.62530787,2.73057576,9.00000000,8.00000000,6.00000000,train,True,aruna-juice-v4.0
2026-04-12,P011,Jus Mangga,20,18.00000000,12.00000000,16.00000000,23.00000000,24.00000000,7.00000000,18.00000000,19.14285714,19.00000000,3.21455025,4.57177197,17.00000000,17.00000000,20.00000000,train,True,aruna-juice-v4.0
2026-04-13,P001,Jus Naga,8,1.00000000,12.00000000,8.00000000,3.00000000,6.00000000,14.00000000,8.42857143,6.57142857,7.32142857,3.69039938,3.45775129,7.00000000,10.00000000,9.00000000,train,True,aruna-juice-v4.0
2026-04-13,P002,Jus Semangka,7,5.00000000,9.00000000,11.00000000,3.00000000,13.00000000,4.00000000,7.57142857,6.07142857,6.85714286,2.57275098,2.40077826,7.00000000,14.00000000,9.00000000,train,True,aruna-juice-v4.0
2026-04-13,P003,Jus Jambu,10,7.00000000,9.00000000,10.00000000,3.00000000,6.00000000,15.00000000,10.28571429,9.35714286,7.92857143,2.13808994,2.79028928,10.00000000,10.00000000,9.00000000,train,True,aruna-juice-v4.0
2026-04-13,P004,Jus Pisang,10,9.00000000,2.00000000,5.00000000,5.00000000,10.00000000,9.00000000,5.57142857,5.64285714,5.60714286,2.87849167,2.34051746,6.00000000,2.00000000,7.00000000,train,True,aruna-juice-v4.0
2026-04-13,P005,Jus Nanas,10,11.00000000,13.00000000,18.00000000,17.00000000,10.00000000,18.00000000,16.57142857,16.64285714,16.10714286,5.56348640,5.10817057,28.00000000,12.00000000,12.00000000,train,True,aruna-juice-v4.0
2026-04-13,P006,Jus Melon,14,9.00000000,8.00000000,10.00000000,4.00000000,5.00000000,8.00000000,8.85714286,7.71428571,6.71428571,3.23669437,2.89372189,11.00000000,7.00000000,11.00000000,train,True,aruna-juice-v4.0
2026-04-13,P007,Jus Sirsak,23,20.00000000,14.00000000,14.00000000,19.00000000,20.00000000,12.00000000,17.85714286,16.78571429,17.07142857,5.52052447,4.52647887,15.00000000,28.00000000,20.00000000,train,True,aruna-juice-v4.0
2026-04-13,P008,Jus Alpukat,21,17.00000000,16.00000000,12.00000000,9.00000000,22.00000000,21.00000000,18.71428571,16.71428571,16.32142857,3.90360029,4.73007678,16.00000000,18.00000000,9.00000000,train,True,aruna-juice-v4.0
2026-04-13,P009,Jus Stroberi,20,14.00000000,26.00000000,18.00000000,14.00000000,20.00000000,11.00000000,18.71428571,18.07142857,17.85714286,4.92322001,4.04711266,24.00000000,20.00000000,21.00000000,train,True,aruna-juice-v4.0
2026-04-13,P010,Jus Jeruk,9,1.00000000,7.00000000,9.00000000,6.00000000,8.00000000,10.00000000,7.57142857,7.14285714,7.28571429,3.64495738,2.76953600,8.00000000,6.00000000,6.00000000,train,True,aruna-juice-v4.0
2026-04-13,P011,Jus Mangga,17,20.00000000,18.00000000,12.00000000,21.00000000,29.00000000,19.00000000,17.42857143,18.28571429,18.92857143,2.93582146,3.60402705,17.00000000,20.00000000,24.00000000,train,True,aruna-juice-v4.0
2026-04-14,P001,Jus Naga,7,8.00000000,1.00000000,12.00000000,9.00000000,5.00000000,4.00000000,8.14285714,6.71428571,7.42857143,3.71611676,3.42902927,10.00000000,9.00000000,5.00000000,train,True,aruna-juice-v4.0
2026-04-14,P002,Jus Semangka,7,7.00000000,5.00000000,9.00000000,4.00000000,5.00000000,10.00000000,8.00000000,6.21428571,6.75000000,2.08166600,2.39160620,14.00000000,9.00000000,6.00000000,train,True,aruna-juice-v4.0
2026-04-14,P003,Jus Jambu,10,10.00000000,7.00000000,9.00000000,11.00000000,12.00000000,6.00000000,10.14285714,9.21428571,8.07142857,2.11570094,2.69411242,10.00000000,9.00000000,5.00000000,train,True,aruna-juice-v4.0
2026-04-14,P004,Jus Pisang,6,10.00000000,9.00000000,2.00000000,5.00000000,5.00000000,4.00000000,5.71428571,5.71428571,5.67857143,2.87020822,2.33464118,2.00000000,7.00000000,4.00000000,train,True,aruna-juice-v4.0
2026-04-14,P005,Jus Nanas,28,10.00000000,11.00000000,13.00000000,23.00000000,17.00000000,16.00000000,17.28571429,17.42857143,16.53571429,6.72592709,5.94480103,12.00000000,12.00000000,12.00000000,train,True,aruna-juice-v4.0
2026-04-14,P006,Jus Melon,11,14.00000000,9.00000000,8.00000000,5.00000000,4.00000000,3.00000000,9.71428571,8.21428571,7.00000000,2.81154084,2.80599828,7.00000000,11.00000000,5.00000000,train,True,aruna-juice-v4.0
2026-04-14,P007,Jus Sirsak,15,23.00000000,20.00000000,14.00000000,13.00000000,19.00000000,22.00000000,18.14285714,16.50000000,16.82142857,5.27347360,4.50213625,28.00000000,20.00000000,13.00000000,train,True,aruna-juice-v4.0
2026-04-14,P008,Jus Alpukat,16,21.00000000,17.00000000,16.00000000,22.00000000,7.00000000,20.00000000,17.85714286,17.35714286,16.17857143,3.71611676,3.83520419,18.00000000,9.00000000,16.00000000,train,True,aruna-juice-v4.0
2026-04-14,P009,Jus Stroberi,24,20.00000000,14.00000000,26.00000000,13.00000000,14.00000000,17.00000000,20.28571429,18.78571429,18.10714286,4.53557368,4.15430400,20.00000000,21.00000000,17.00000000,train,True,aruna-juice-v4.0
2026-04-14,P010,Jus Jeruk,8,9.00000000,1.00000000,7.00000000,6.00000000,9.00000000,9.00000000,7.85714286,7.07142857,7.25000000,3.57903951,2.73057576,6.00000000,6.00000000,10.00000000,train,True,aruna-juice-v4.0
2026-04-14,P011,Jus Mangga,17,17.00000000,20.00000000,18.00000000,21.00000000,22.00000000,22.00000000,16.85714286,17.92857143,18.75000000,2.47847880,3.45218517,20.00000000,24.00000000,21.00000000,train,True,aruna-juice-v4.0
2026-04-15,P001,Jus Naga,10,7.00000000,8.00000000,1.00000000,9.00000000,4.00000000,11.00000000,8.28571429,7.14285714,7.39285714,3.77334006,3.43862993,9.00000000,5.00000000,3.00000000,train,True,aruna-juice-v4.0
2026-04-15,P002,Jus Semangka,14,7.00000000,7.00000000,5.00000000,10.00000000,5.00000000,7.00000000,8.57142857,6.85714286,7.00000000,3.04724700,3.13435413,9.00000000,6.00000000,11.00000000,train,True,aruna-juice-v4.0
2026-04-15,P003,Jus Jambu,10,10.00000000,10.00000000,7.00000000,14.00000000,8.00000000,7.00000000,9.57142857,9.35714286,8.17857143,1.27241802,2.67774713,9.00000000,5.00000000,10.00000000,train,True,aruna-juice-v4.0
2026-04-15,P004,Jus Pisang,2,6.00000000,10.00000000,9.00000000,4.00000000,6.00000000,7.00000000,5.42857143,5.42857143,5.50000000,3.15473944,2.53329478,7.00000000,4.00000000,7.00000000,train,True,aruna-juice-v4.0
2026-04-15,P005,Jus Nanas,12,28.00000000,10.00000000,11.00000000,17.00000000,23.00000000,22.00000000,16.57142857,16.64285714,16.17857143,7.02037850,5.87834544,12.00000000,12.00000000,12.00000000,train,True,aruna-juice-v4.0
2026-04-15,P006,Jus Melon,7,11.00000000,14.00000000,9.00000000,5.00000000,8.00000000,12.00000000,10.00000000,8.14285714,6.82142857,2.30940108,2.82453925,11.00000000,5.00000000,10.00000000,train,True,aruna-juice-v4.0
2026-04-15,P007,Jus Sirsak,28,15.00000000,23.00000000,20.00000000,14.00000000,17.00000000,17.00000000,20.14285714,17.28571429,17.21428571,6.03955218,5.45511153,20.00000000,13.00000000,17.00000000,train,True,aruna-juice-v4.0
2026-04-15,P008,Jus Alpukat,18,16.00000000,21.00000000,17.00000000,20.00000000,16.00000000,18.00000000,17.57142857,17.50000000,16.17857143,3.59894164,3.81797369,9.00000000,16.00000000,21.00000000,train,True,aruna-juice-v4.0
2026-04-15,P009,Jus Stroberi,20,24.00000000,20.00000000,14.00000000,16.00000000,20.00000000,21.00000000,20.85714286,18.78571429,18.07142857,4.14039336,4.15430400,21.00000000,17.00000000,19.00000000,train,True,aruna-juice-v4.0
2026-04-15,P010,Jus Jeruk,6,8.00000000,9.00000000,1.00000000,8.00000000,6.00000000,11.00000000,7.57142857,7.07142857,7.07142857,3.64495738,2.73057576,6.00000000,10.00000000,4.00000000,train,True,aruna-juice-v4.0
2026-04-15,P011,Jus Mangga,20,17.00000000,17.00000000,20.00000000,18.00000000,23.00000000,21.00000000,17.14285714,17.71428571,18.71428571,2.73426233,3.19683910,24.00000000,21.00000000,14.00000000,train,True,aruna-juice-v4.0
2026-04-16,P001,Jus Naga,9,10.00000000,7.00000000,8.00000000,12.00000000,3.00000000,10.00000000,7.85714286,7.57142857,7.35714286,3.43649877,3.25137334,5.00000000,3.00000000,5.00000000,train,True,aruna-juice-v4.0
2026-04-16,P002,Jus Semangka,9,14.00000000,7.00000000,7.00000000,7.00000000,5.00000000,5.00000000,8.85714286,7.14285714,7.14285714,2.96808420,3.13435413,6.00000000,11.00000000,4.00000000,train,True,aruna-juice-v4.0
2026-04-16,P003,Jus Jambu,9,10.00000000,10.00000000,10.00000000,11.00000000,11.00000000,5.00000000,9.28571429,9.21428571,8.32142857,1.11269728,2.63638947,5.00000000,10.00000000,6.00000000,train,True,aruna-juice-v4.0
2026-04-16,P004,Jus Pisang,7,2.00000000,6.00000000,10.00000000,4.00000000,9.00000000,3.00000000,5.85714286,5.28571429,5.64285714,3.13201593,2.36736047,4.00000000,7.00000000,8.00000000,train,True,aruna-juice-v4.0
2026-04-16,P005,Jus Nanas,12,12.00000000,28.00000000,10.00000000,24.00000000,14.00000000,11.00000000,14.85714286,16.50000000,16.21428571,6.33583910,5.97108417,12.00000000,12.00000000,19.00000000,train,True,aruna-juice-v4.0
2026-04-16,P006,Jus Melon,11,7.00000000,11.00000000,14.00000000,11.00000000,8.00000000,5.00000000,10.00000000,8.35714286,7.03571429,2.30940108,2.92488377,5.00000000,10.00000000,6.00000000,train,True,aruna-juice-v4.0
2026-04-16,P007,Jus Sirsak,20,28.00000000,15.00000000,23.00000000,27.00000000,11.00000000,17.00000000,19.14285714,17.92857143,17.32142857,5.24177360,5.18079717,13.00000000,17.00000000,18.00000000,train,True,aruna-juice-v4.0
2026-04-16,P008,Jus Alpukat,9,18.00000000,16.00000000,21.00000000,23.00000000,20.00000000,11.00000000,15.57142857,16.71428571,16.10714286,3.95209408,4.35763824,16.00000000,21.00000000,12.00000000,train,True,aruna-juice-v4.0
2026-04-16,P009,Jus Stroberi,21,20.00000000,24.00000000,20.00000000,24.00000000,16.00000000,19.00000000,20.42857143,19.14285714,18.14285714,3.90969491,4.11109461,17.00000000,19.00000000,18.00000000,train,True,aruna-juice-v4.0
2026-04-16,P010,Jus Jeruk,6,6.00000000,8.00000000,9.00000000,13.00000000,8.00000000,8.00000000,6.57142857,6.92857143,7.00000000,2.76026224,2.73057576,10.00000000,4.00000000,5.00000000,train,True,aruna-juice-v4.0
2026-04-16,P011,Jus Mangga,24,20.00000000,17.00000000,17.00000000,16.00000000,14.00000000,17.00000000,18.28571429,18.42857143,18.96428571,3.68394199,3.41296816,21.00000000,14.00000000,19.00000000,train,True,aruna-juice-v4.0
2026-04-17,P001,Jus Naga,5,9.00000000,10.00000000,7.00000000,8.00000000,7.00000000,10.00000000,7.42857143,7.42857143,7.17857143,3.59894164,3.32159104,3.00000000,5.00000000,11.00000000,train,True,aruna-juice-v4.0
2026-04-17,P002,Jus Semangka,6,9.00000000,14.00000000,7.00000000,11.00000000,4.00000000,10.00000000,8.14285714,7.28571429,7.00000000,2.96808420,3.02371578,11.00000000,4.00000000,9.00000000,train,True,aruna-juice-v4.0
2026-04-17,P003,Jus Jambu,5,9.00000000,10.00000000,10.00000000,10.00000000,6.00000000,9.00000000,8.57142857,9.14285714,8.17857143,1.90237946,2.74162060,10.00000000,6.00000000,9.00000000,train,True,aruna-juice-v4.0
2026-04-17,P004,Jus Pisang,4,7.00000000,2.00000000,6.00000000,5.00000000,3.00000000,7.00000000,5.71428571,5.35714286,5.53571429,3.19970237,2.30741757,7.00000000,8.00000000,6.00000000,train,True,aruna-juice-v4.0
2026-04-17,P005,Jus Nanas,12,12.00000000,12.00000000,28.00000000,18.00000000,9.00000000,13.00000000,14.00000000,16.71428571,16.17857143,6.24499800,5.73019763,12.00000000,19.00000000,14.00000000,train,True,aruna-juice-v4.0
2026-04-17,P006,Jus Melon,5,11.00000000,7.00000000,11.00000000,10.00000000,8.00000000,8.00000000,9.28571429,8.14285714,6.92857143,2.98408477,3.05984270,10.00000000,6.00000000,7.00000000,train,True,aruna-juice-v4.0
2026-04-17,P007,Jus Sirsak,13,20.00000000,28.00000000,15.00000000,14.00000000,18.00000000,11.00000000,19.00000000,17.57142857,17.39285714,5.41602560,5.34522484,17.00000000,18.00000000,14.00000000,train,True,aruna-juice-v4.0
2026-04-17,P008,Jus Alpukat,16,9.00000000,18.00000000,16.00000000,12.00000000,19.00000000,15.00000000,16.14285714,16.50000000,16.14285714,3.62530787,4.31009548,21.00000000,12.00000000,16.00000000,train,True,aruna-juice-v4.0
2026-04-17,P009,Jus Stroberi,17,21.00000000,20.00000000,24.00000000,18.00000000,16.00000000,15.00000000,20.28571429,19.21428571,18.21428571,4.02965200,4.06066632,19.00000000,18.00000000,12.00000000,train,True,aruna-juice-v4.0
2026-04-17,P010,Jus Jeruk,10,6.00000000,6.00000000,8.00000000,9.00000000,4.00000000,7.00000000,6.71428571,7.35714286,7.10714286,2.92770022,2.70632146,4.00000000,5.00000000,4.00000000,train,True,aruna-juice-v4.0
2026-04-17,P011,Jus Mangga,21,24.00000000,20.00000000,17.00000000,12.00000000,18.00000000,22.00000000,19.57142857,18.64285714,18.92857143,2.50713268,3.47755756,14.00000000,19.00000000,17.00000000,train,True,aruna-juice-v4.0
2026-04-18,P001,Jus Naga,3,5.00000000,9.00000000,10.00000000,12.00000000,8.00000000,11.00000000,6.14285714,7.07142857,6.89285714,3.28778403,3.51839749,5.00000000,11.00000000,13.00000000,train,True,aruna-juice-v4.0
2026-04-18,P002,Jus Semangka,11,6.00000000,9.00000000,14.00000000,9.00000000,5.00000000,8.00000000,8.42857143,7.71428571,7.10714286,3.15473944,3.09909593,4.00000000,9.00000000,7.00000000,train,True,aruna-juice-v4.0
2026-04-18,P003,Jus Jambu,10,5.00000000,9.00000000,10.00000000,9.00000000,8.00000000,10.00000000,8.71428571,9.28571429,8.17857143,1.97604704,2.72956946,6.00000000,9.00000000,11.00000000,train,True,aruna-juice-v4.0
2026-04-18,P004,Jus Pisang,7,4.00000000,7.00000000,2.00000000,2.00000000,7.00000000,9.00000000,6.42857143,5.35714286,5.46428571,2.76026224,2.30741757,8.00000000,6.00000000,6.00000000,train,True,aruna-juice-v4.0
2026-04-18,P005,Jus Nanas,12,12.00000000,12.00000000,12.00000000,13.00000000,14.00000000,20.00000000,13.85714286,16.57142857,15.89285714,6.28300808,5.82718148,19.00000000,14.00000000,12.00000000,train,True,aruna-juice-v4.0
2026-04-18,P006,Jus Melon,10,5.00000000,11.00000000,7.00000000,8.00000000,9.00000000,5.00000000,9.57142857,8.21428571,7.10714286,2.93582146,3.09288442,6.00000000,7.00000000,4.00000000,train,True,aruna-juice-v4.0
2026-04-18,P007,Jus Sirsak,17,13.00000000,20.00000000,28.00000000,14.00000000,14.00000000,19.00000000,19.42857143,17.78571429,17.32142857,5.06152621,5.25032704,18.00000000,14.00000000,18.00000000,train,True,aruna-juice-v4.0
2026-04-18,P008,Jus Alpukat,21,16.00000000,9.00000000,18.00000000,16.00000000,16.00000000,14.00000000,16.85714286,16.85714286,16.39285714,4.05908739,4.46967806,12.00000000,16.00000000,10.00000000,train,True,aruna-juice-v4.0
2026-04-18,P009,Jus Stroberi,19,17.00000000,21.00000000,20.00000000,26.00000000,20.00000000,20.00000000,19.28571429,19.14285714,18.17857143,3.14718317,4.05457278,18.00000000,12.00000000,25.00000000,train,True,aruna-juice-v4.0
2026-04-18,P010,Jus Jeruk,4,10.00000000,6.00000000,6.00000000,7.00000000,6.00000000,6.00000000,6.28571429,7.21428571,7.03571429,3.09377255,2.83327947,5.00000000,4.00000000,4.00000000,train,True,aruna-juice-v4.0
2026-04-18,P011,Jus Mangga,14,21.00000000,24.00000000,20.00000000,18.00000000,13.00000000,26.00000000,19.00000000,18.71428571,18.50000000,3.26598632,3.36105687,19.00000000,17.00000000,24.00000000,train,True,aruna-juice-v4.0
2026-04-19,P001,Jus Naga,5,3.00000000,5.00000000,9.00000000,1.00000000,3.00000000,4.00000000,6.71428571,7.21428571,6.92857143,2.49761791,3.37817819,11.00000000,13.00000000,10.00000000,train,True,aruna-juice-v4.0
2026-04-19,P002,Jus Semangka,4,11.00000000,6.00000000,9.00000000,5.00000000,5.00000000,5.00000000,8.28571429,7.64285714,7.07142857,3.35232684,3.17701221,9.00000000,7.00000000,7.00000000,train,True,aruna-juice-v4.0
2026-04-19,P003,Jus Jambu,6,10.00000000,5.00000000,9.00000000,7.00000000,11.00000000,7.00000000,8.57142857,8.92857143,8.14285714,2.14919697,2.81381990,9.00000000,11.00000000,7.00000000,train,True,aruna-juice-v4.0
2026-04-19,P004,Jus Pisang,8,7.00000000,4.00000000,7.00000000,9.00000000,5.00000000,7.00000000,6.28571429,5.57142857,5.50000000,2.62769136,2.40877517,6.00000000,6.00000000,4.00000000,train,True,aruna-juice-v4.0
2026-04-19,P005,Jus Nanas,19,12.00000000,12.00000000,12.00000000,11.00000000,23.00000000,18.00000000,15.00000000,16.28571429,15.92857143,6.40312424,5.58057857,14.00000000,12.00000000,17.00000000,train,True,aruna-juice-v4.0
2026-04-19,P006,Jus Melon,6,10.00000000,5.00000000,11.00000000,9.00000000,5.00000000,5.00000000,9.14285714,8.28571429,7.14285714,3.23669437,3.02371578,7.00000000,4.00000000,4.00000000,train,True,aruna-juice-v4.0
2026-04-19,P007,Jus Sirsak,18,17.00000000,13.00000000,20.00000000,20.00000000,12.00000000,19.00000000,19.14285714,18.21428571,17.28571429,5.08030745,4.97962883,14.00000000,18.00000000,17.00000000,train,True,aruna-juice-v4.0
2026-04-19,P008,Jus Alpukat,12,21.00000000,16.00000000,9.00000000,17.00000000,16.00000000,15.00000000,16.14285714,16.57142857,16.28571429,4.45078912,4.65277892,16.00000000,10.00000000,16.00000000,train,True,aruna-juice-v4.0
2026-04-19,P009,Jus Stroberi,18,19.00000000,17.00000000,21.00000000,14.00000000,22.00000000,15.00000000,19.85714286,18.85714286,18.28571429,2.26778684,3.97796126,12.00000000,25.00000000,13.00000000,train,True,aruna-juice-v4.0
2026-04-19,P010,Jus Jeruk,5,4.00000000,10.00000000,6.00000000,1.00000000,8.00000000,8.00000000,6.85714286,7.00000000,6.92857143,2.19306266,2.88230677,4.00000000,4.00000000,9.00000000,train,True,aruna-juice-v4.0
2026-04-19,P011,Jus Mangga,19,14.00000000,21.00000000,24.00000000,20.00000000,23.00000000,14.00000000,18.85714286,18.42857143,18.67857143,3.23669437,3.13084618,17.00000000,24.00000000,12.00000000,train,True,aruna-juice-v4.0
2026-04-20,P001,Jus Naga,11,5.00000000,3.00000000,5.00000000,8.00000000,3.00000000,8.00000000,7.14285714,7.78571429,7.03571429,2.96808420,3.28583373,13.00000000,10.00000000,6.00000000,train,True,aruna-juice-v4.0
2026-04-20,P002,Jus Semangka,9,4.00000000,11.00000000,6.00000000,7.00000000,3.00000000,6.00000000,8.57142857,8.07142857,7.17857143,3.30943816,2.89467112,7.00000000,7.00000000,6.00000000,train,True,aruna-juice-v4.0
2026-04-20,P003,Jus Jambu,9,6.00000000,10.00000000,5.00000000,10.00000000,3.00000000,7.00000000,8.42857143,9.35714286,8.21428571,2.07019668,2.23975077,11.00000000,7.00000000,12.00000000,train,True,aruna-juice-v4.0
2026-04-20,P004,Jus Pisang,6,8.00000000,7.00000000,4.00000000,10.00000000,5.00000000,1.00000000,5.71428571,5.64285714,5.67857143,2.05866346,2.40535118,6.00000000,4.00000000,2.00000000,train,True,aruna-juice-v4.0
2026-04-20,P005,Jus Nanas,14,19.00000000,12.00000000,12.00000000,10.00000000,17.00000000,10.00000000,15.57142857,16.07142857,16.07142857,6.05136742,5.60856880,12.00000000,17.00000000,22.00000000,train,True,aruna-juice-v4.0
2026-04-20,P006,Jus Melon,7,6.00000000,10.00000000,5.00000000,14.00000000,4.00000000,5.00000000,8.14285714,8.50000000,7.21428571,2.47847880,2.79422481,4.00000000,4.00000000,8.00000000,train,True,aruna-juice-v4.0
2026-04-20,P007,Jus Sirsak,14,18.00000000,17.00000000,13.00000000,23.00000000,19.00000000,26.00000000,17.85714286,17.85714286,16.85714286,5.08030745,5.09686394,18.00000000,17.00000000,18.00000000,train,True,aruna-juice-v4.0
2026-04-20,P008,Jus Alpukat,16,12.00000000,21.00000000,16.00000000,21.00000000,9.00000000,8.00000000,15.42857143,17.07142857,16.57142857,3.90969491,4.12243927,10.00000000,16.00000000,14.00000000,train,True,aruna-juice-v4.0
2026-04-20,P009,Jus Stroberi,12,18.00000000,19.00000000,17.00000000,20.00000000,14.00000000,18.00000000,18.71428571,18.71428571,18.07142857,3.72890894,4.19575924,25.00000000,13.00000000,16.00000000,train,True,aruna-juice-v4.0
2026-04-20,P010,Jus Jeruk,4,5.00000000,4.00000000,10.00000000,9.00000000,6.00000000,5.00000000,6.14285714,6.85714286,6.89285714,2.19306266,2.98347095,4.00000000,9.00000000,6.00000000,train,True,aruna-juice-v4.0
2026-04-20,P011,Jus Mangga,17,19.00000000,14.00000000,21.00000000,17.00000000,21.00000000,17.00000000,18.85714286,18.14285714,18.67857143,3.23669437,3.05984270,24.00000000,12.00000000,12.00000000,train,True,aruna-juice-v4.0
2026-04-21,P001,Jus Naga,13,11.00000000,5.00000000,3.00000000,7.00000000,9.00000000,3.00000000,8.00000000,8.07142857,7.39285714,3.69684550,3.56185530,10.00000000,6.00000000,14.00000000,train,True,aruna-juice-v4.0
2026-04-21,P002,Jus Semangka,7,9.00000000,4.00000000,11.00000000,7.00000000,4.00000000,2.00000000,8.57142857,8.28571429,7.35714286,3.30943816,2.67261242,7.00000000,6.00000000,5.00000000,train,True,aruna-juice-v4.0
2026-04-21,P003,Jus Jambu,11,9.00000000,6.00000000,10.00000000,10.00000000,11.00000000,4.00000000,8.57142857,9.35714286,8.46428571,2.22539456,2.23975077,7.00000000,12.00000000,7.00000000,train,True,aruna-juice-v4.0
2026-04-21,P004,Jus Pisang,6,6.00000000,8.00000000,7.00000000,6.00000000,5.00000000,4.00000000,5.71428571,5.71428571,5.75000000,2.05866346,2.39963367,4.00000000,2.00000000,5.00000000,train,True,aruna-juice-v4.0
2026-04-21,P005,Jus Nanas,12,14.00000000,19.00000000,12.00000000,28.00000000,23.00000000,6.00000000,13.28571429,15.28571429,16.28571429,2.62769136,5.32669000,17.00000000,22.00000000,11.00000000,train,True,aruna-juice-v4.0
2026-04-21,P006,Jus Melon,4,7.00000000,6.00000000,10.00000000,11.00000000,5.00000000,2.00000000,7.14285714,8.42857143,7.28571429,2.54483604,2.90130702,4.00000000,8.00000000,4.00000000,train,True,aruna-juice-v4.0
2026-04-21,P007,Jus Sirsak,18,14.00000000,18.00000000,17.00000000,15.00000000,13.00000000,18.00000000,18.28571429,18.21428571,16.85714286,4.92322001,4.90178259,17.00000000,18.00000000,17.00000000,train,True,aruna-juice-v4.0
2026-04-21,P008,Jus Alpukat,10,16.00000000,12.00000000,21.00000000,16.00000000,22.00000000,12.00000000,14.57142857,16.21428571,16.50000000,4.39155033,4.26395576,16.00000000,14.00000000,12.00000000,train,True,aruna-juice-v4.0
2026-04-21,P009,Jus Stroberi,25,12.00000000,18.00000000,19.00000000,24.00000000,13.00000000,19.00000000,18.85714286,19.57142857,18.28571429,3.97611919,4.16421173,13.00000000,16.00000000,17.00000000,train,True,aruna-juice-v4.0
2026-04-21,P010,Jus Jeruk,4,4.00000000,5.00000000,4.00000000,8.00000000,6.00000000,2.00000000,5.57142857,6.71428571,6.96428571,2.14919697,3.07417460,9.00000000,6.00000000,9.00000000,train,True,aruna-juice-v4.0
2026-04-21,P011,Jus Mangga,24,17.00000000,19.00000000,14.00000000,17.00000000,21.00000000,15.00000000,19.85714286,18.35714286,19.00000000,3.62530787,3.36514128,12.00000000,12.00000000,14.00000000,train,True,aruna-juice-v4.0
2026-04-22,P001,Jus Naga,10,13.00000000,11.00000000,5.00000000,10.00000000,9.00000000,5.00000000,8.00000000,8.14285714,7.57142857,3.69684550,3.59180998,6.00000000,14.00000000,8.00000000,train,True,aruna-juice-v4.0
2026-04-22,P002,Jus Semangka,7,7.00000000,9.00000000,4.00000000,14.00000000,10.00000000,7.00000000,7.57142857,8.07142857,7.35714286,2.29906813,2.64471274,6.00000000,5.00000000,10.00000000,train,True,aruna-juice-v4.0
2026-04-22,P003,Jus Jambu,7,11.00000000,9.00000000,6.00000000,10.00000000,14.00000000,7.00000000,8.14285714,8.85714286,8.46428571,2.19306266,1.87522892,12.00000000,7.00000000,8.00000000,train,True,aruna-juice-v4.0
2026-04-22,P004,Jus Pisang,4,6.00000000,6.00000000,8.00000000,2.00000000,4.00000000,2.00000000,6.00000000,5.71428571,5.82142857,1.52752523,2.39963367,2.00000000,5.00000000,6.00000000,train,True,aruna-juice-v4.0
2026-04-22,P005,Jus Nanas,17,12.00000000,14.00000000,19.00000000,12.00000000,17.00000000,12.00000000,14.00000000,15.28571429,16.46428571,2.88675135,5.32669000,22.00000000,11.00000000,13.00000000,train,True,aruna-juice-v4.0
2026-04-22,P006,Jus Melon,4,4.00000000,7.00000000,6.00000000,7.00000000,5.00000000,3.00000000,6.71428571,8.35714286,7.32142857,2.81154084,3.00274600,8.00000000,4.00000000,7.00000000,train,True,aruna-juice-v4.0
2026-04-22,P007,Jus Sirsak,17,18.00000000,14.00000000,18.00000000,28.00000000,14.00000000,16.00000000,16.71428571,18.42857143,16.89285714,2.42997159,4.76710339,18.00000000,17.00000000,16.00000000,train,True,aruna-juice-v4.0
2026-04-22,P008,Jus Alpukat,16,10.00000000,16.00000000,12.00000000,18.00000000,20.00000000,12.00000000,14.28571429,15.92857143,16.64285714,4.19182879,4.12243927,14.00000000,12.00000000,17.00000000,train,True,aruna-juice-v4.0
2026-04-22,P009,Jus Stroberi,13,25.00000000,12.00000000,18.00000000,20.00000000,16.00000000,16.00000000,17.85714286,19.35714286,18.17857143,4.48807945,4.43078640,16.00000000,17.00000000,15.00000000,train,True,aruna-juice-v4.0
2026-04-22,P010,Jus Jeruk,9,4.00000000,4.00000000,5.00000000,6.00000000,8.00000000,6.00000000,6.00000000,6.78571429,7.07142857,2.51661148,3.11765621,6.00000000,9.00000000,5.00000000,train,True,aruna-juice-v4.0
2026-04-22,P011,Jus Mangga,12,24.00000000,17.00000000,19.00000000,20.00000000,18.00000000,16.00000000,18.71428571,17.92857143,18.85714286,4.68025233,3.77164085,12.00000000,14.00000000,12.00000000,train,True,aruna-juice-v4.0
2026-04-23,P001,Jus Naga,6,10.00000000,13.00000000,11.00000000,9.00000000,12.00000000,8.00000000,7.57142857,7.71428571,7.50000000,3.73528860,3.45138927,14.00000000,8.00000000,10.00000000,train,True,aruna-juice-v4.0
2026-04-23,P002,Jus Semangka,6,7.00000000,7.00000000,9.00000000,9.00000000,7.00000000,9.00000000,7.14285714,8.00000000,7.25000000,2.26778684,2.68900897,5.00000000,10.00000000,3.00000000,train,True,aruna-juice-v4.0
2026-04-23,P003,Jus Jambu,12,7.00000000,11.00000000,9.00000000,9.00000000,11.00000000,7.00000000,8.57142857,8.92857143,8.64285714,2.63673680,1.97928836,7.00000000,8.00000000,3.00000000,train,True,aruna-juice-v4.0
2026-04-23,P004,Jus Pisang,2,4.00000000,6.00000000,6.00000000,7.00000000,4.00000000,1.00000000,5.28571429,5.57142857,5.85714286,2.05866346,2.56347978,5.00000000,6.00000000,4.00000000,train,True,aruna-juice-v4.0
2026-04-23,P005,Jus Nanas,22,17.00000000,12.00000000,14.00000000,12.00000000,24.00000000,17.00000000,15.42857143,15.14285714,16.64285714,3.99404318,5.09686394,11.00000000,13.00000000,21.00000000,train,True,aruna-juice-v4.0
2026-04-23,P006,Jus Melon,8,4.00000000,4.00000000,7.00000000,11.00000000,11.00000000,6.00000000,6.28571429,8.14285714,7.39285714,2.21466971,2.90509216,4.00000000,7.00000000,8.00000000,train,True,aruna-juice-v4.0
2026-04-23,P007,Jus Sirsak,18,17.00000000,18.00000000,14.00000000,20.00000000,27.00000000,11.00000000,16.42857143,17.78571429,17.14285714,2.07019668,4.07956580,17.00000000,16.00000000,19.00000000,train,True,aruna-juice-v4.0
2026-04-23,P008,Jus Alpukat,14,16.00000000,10.00000000,16.00000000,9.00000000,23.00000000,17.00000000,15.00000000,15.28571429,16.53571429,3.51188458,3.60402705,12.00000000,17.00000000,13.00000000,train,True,aruna-juice-v4.0
2026-04-23,P009,Jus Stroberi,16,13.00000000,25.00000000,12.00000000,21.00000000,24.00000000,21.00000000,17.14285714,18.78571429,18.00000000,4.29839394,4.29988500,17.00000000,15.00000000,15.00000000,train,True,aruna-juice-v4.0
2026-04-23,P010,Jus Jeruk,6,9.00000000,4.00000000,4.00000000,6.00000000,13.00000000,12.00000000,6.00000000,6.28571429,6.85714286,2.51661148,2.55489188,9.00000000,5.00000000,6.00000000,train,True,aruna-juice-v4.0
2026-04-23,P011,Jus Mangga,12,12.00000000,24.00000000,17.00000000,24.00000000,16.00000000,12.00000000,17.00000000,17.64285714,18.85714286,4.61880215,4.06877685,14.00000000,12.00000000,20.00000000,train,True,aruna-juice-v4.0
2026-04-24,P001,Jus Naga,14,6.00000000,10.00000000,13.00000000,5.00000000,8.00000000,13.00000000,8.85714286,8.14285714,7.53571429,4.22013315,3.84021520,8.00000000,10.00000000,6.00000000,train,True,aruna-juice-v4.0
2026-04-24,P002,Jus Semangka,5,6.00000000,7.00000000,7.00000000,6.00000000,11.00000000,9.00000000,7.00000000,7.57142857,7.10714286,2.38047614,2.65197418,10.00000000,3.00000000,7.00000000,train,True,aruna-juice-v4.0
2026-04-24,P003,Jus Jambu,7,12.00000000,7.00000000,11.00000000,5.00000000,10.00000000,6.00000000,8.85714286,8.71428571,8.67857143,2.26778684,2.01641614,8.00000000,3.00000000,6.00000000,train,True,aruna-juice-v4.0
2026-04-24,P004,Jus Pisang,5,2.00000000,4.00000000,6.00000000,4.00000000,5.00000000,7.00000000,5.42857143,5.57142857,5.78571429,1.98805959,2.56347978,6.00000000,4.00000000,5.00000000,train,True,aruna-juice-v4.0
2026-04-24,P005,Jus Nanas,11,22.00000000,17.00000000,12.00000000,12.00000000,18.00000000,17.00000000,15.28571429,14.64285714,16.42857143,4.15187852,5.13819997,13.00000000,21.00000000,15.00000000,train,True,aruna-juice-v4.0
2026-04-24,P006,Jus Melon,4,8.00000000,4.00000000,4.00000000,5.00000000,10.00000000,6.00000000,6.14285714,7.71428571,7.32142857,2.34012617,3.04904957,7.00000000,8.00000000,3.00000000,train,True,aruna-juice-v4.0
2026-04-24,P007,Jus Sirsak,17,18.00000000,17.00000000,18.00000000,13.00000000,14.00000000,14.00000000,17.00000000,18.00000000,17.25000000,1.41421356,3.94188553,16.00000000,19.00000000,15.00000000,train,True,aruna-juice-v4.0
2026-04-24,P008,Jus Alpukat,12,14.00000000,16.00000000,10.00000000,16.00000000,12.00000000,9.00000000,14.42857143,15.28571429,16.64285714,3.64495738,3.60402705,17.00000000,13.00000000,15.00000000,train,True,aruna-juice-v4.0
2026-04-24,P009,Jus Stroberi,17,16.00000000,13.00000000,25.00000000,17.00000000,18.00000000,16.00000000,17.14285714,18.71428571,18.03571429,4.29839394,4.32218911,15.00000000,15.00000000,21.00000000,train,True,aruna-juice-v4.0
2026-04-24,P010,Jus Jeruk,9,6.00000000,9.00000000,4.00000000,10.00000000,9.00000000,6.00000000,5.85714286,6.28571429,6.96428571,2.26778684,2.55489188,5.00000000,6.00000000,8.00000000,train,True,aruna-juice-v4.0
2026-04-24,P011,Jus Mangga,14,12.00000000,12.00000000,24.00000000,21.00000000,12.00000000,20.00000000,16.00000000,17.78571429,18.64285714,4.35889894,3.88643739,12.00000000,20.00000000,23.00000000,train,True,aruna-juice-v4.0
2026-04-25,P001,Jus Naga,8,14.00000000,6.00000000,10.00000000,3.00000000,12.00000000,9.00000000,9.57142857,7.85714286,7.50000000,3.40867241,3.67647705,10.00000000,6.00000000,12.00000000,train,True,aruna-juice-v4.0
2026-04-25,P002,Jus Semangka,10,5.00000000,6.00000000,7.00000000,11.00000000,9.00000000,8.00000000,6.85714286,7.64285714,7.17857143,2.11570094,2.70632146,3.00000000,7.00000000,5.00000000,train,True,aruna-juice-v4.0
2026-04-25,P003,Jus Jambu,8,7.00000000,12.00000000,7.00000000,10.00000000,9.00000000,5.00000000,8.57142857,8.64285714,8.78571429,2.22539456,2.02321689,3.00000000,6.00000000,7.00000000,train,True,aruna-juice-v4.0
2026-04-25,P004,Jus Pisang,6,5.00000000,2.00000000,4.00000000,7.00000000,2.00000000,8.00000000,5.28571429,5.85714286,5.71428571,1.88982237,2.34871955,4.00000000,5.00000000,5.00000000,train,True,aruna-juice-v4.0
2026-04-25,P005,Jus Nanas,13,11.00000000,22.00000000,17.00000000,12.00000000,13.00000000,30.00000000,15.42857143,14.64285714,15.82142857,4.03555625,5.13819997,21.00000000,15.00000000,12.00000000,train,True,aruna-juice-v4.0
2026-04-25,P006,Jus Melon,7,4.00000000,8.00000000,4.00000000,10.00000000,8.00000000,4.00000000,5.71428571,7.64285714,7.42857143,1.70433621,3.05355135,8.00000000,3.00000000,3.00000000,train,True,aruna-juice-v4.0
2026-04-25,P007,Jus Sirsak,16,17.00000000,18.00000000,17.00000000,17.00000000,14.00000000,16.00000000,16.85714286,18.14285714,17.25000000,1.46385011,3.82013175,19.00000000,15.00000000,12.00000000,train,True,aruna-juice-v4.0
2026-04-25,P008,Jus Alpukat,17,12.00000000,14.00000000,16.00000000,21.00000000,16.00000000,26.00000000,13.85714286,15.35714286,16.32142857,2.60950643,3.62909488,13.00000000,15.00000000,10.00000000,train,True,aruna-juice-v4.0
2026-04-25,P009,Jus Stroberi,15,17.00000000,16.00000000,13.00000000,19.00000000,26.00000000,16.00000000,16.57142857,17.92857143,18.00000000,4.27617987,3.87227394,15.00000000,21.00000000,18.00000000,train,True,aruna-juice-v4.0
2026-04-25,P010,Jus Jeruk,5,9.00000000,6.00000000,9.00000000,4.00000000,7.00000000,6.00000000,6.00000000,6.14285714,6.92857143,2.16024690,2.56776296,6.00000000,8.00000000,6.00000000,train,True,aruna-juice-v4.0
2026-04-25,P011,Jus Mangga,12,14.00000000,12.00000000,12.00000000,14.00000000,18.00000000,19.00000000,15.71428571,17.35714286,18.39285714,4.57217256,4.18067243,20.00000000,23.00000000,9.00000000,train,True,aruna-juice-v4.0
2026-04-26,P001,Jus Naga,10,8.00000000,14.00000000,6.00000000,5.00000000,1.00000000,11.00000000,10.28571429,8.50000000,7.46428571,2.75162290,3.13172354,6.00000000,12.00000000,13.00000000,train,True,aruna-juice-v4.0
2026-04-26,P002,Jus Semangka,3,10.00000000,5.00000000,6.00000000,4.00000000,5.00000000,8.00000000,6.71428571,7.50000000,7.00000000,2.36038738,2.90225377,7.00000000,5.00000000,7.00000000,train,True,aruna-juice-v4.0
2026-04-26,P003,Jus Jambu,3,8.00000000,7.00000000,12.00000000,6.00000000,7.00000000,5.00000000,8.14285714,8.35714286,8.71428571,2.96808420,2.49945049,6.00000000,7.00000000,7.00000000,train,True,aruna-juice-v4.0
2026-04-26,P004,Jus Pisang,4,6.00000000,5.00000000,2.00000000,8.00000000,9.00000000,8.00000000,4.71428571,5.50000000,5.57142857,1.49602648,2.21011660,5.00000000,5.00000000,2.00000000,train,True,aruna-juice-v4.0
2026-04-26,P005,Jus Nanas,21,13.00000000,11.00000000,22.00000000,19.00000000,11.00000000,16.00000000,15.71428571,15.35714286,16.00000000,4.38612531,5.28578854,15.00000000,12.00000000,19.00000000,train,True,aruna-juice-v4.0
2026-04-26,P006,Jus Melon,8,7.00000000,4.00000000,8.00000000,6.00000000,9.00000000,11.00000000,6.00000000,7.57142857,7.32142857,1.91485422,3.03097562,3.00000000,3.00000000,5.00000000,train,True,aruna-juice-v4.0
2026-04-26,P007,Jus Sirsak,19,16.00000000,17.00000000,18.00000000,18.00000000,20.00000000,17.00000000,17.00000000,18.07142857,17.32142857,1.63299316,3.79198113,15.00000000,12.00000000,20.00000000,train,True,aruna-juice-v4.0
2026-04-26,P008,Jus Alpukat,13,17.00000000,12.00000000,14.00000000,12.00000000,17.00000000,24.00000000,14.00000000,15.07142857,15.92857143,2.51661148,3.64721782,15.00000000,10.00000000,21.00000000,train,True,aruna-juice-v4.0
2026-04-26,P009,Jus Stroberi,15,15.00000000,17.00000000,16.00000000,18.00000000,14.00000000,14.00000000,16.14285714,18.00000000,18.03571429,4.25944329,3.80283295,21.00000000,18.00000000,16.00000000,train,True,aruna-juice-v4.0
2026-04-26,P010,Jus Jeruk,6,5.00000000,9.00000000,6.00000000,5.00000000,1.00000000,10.00000000,6.14285714,6.50000000,6.78571429,2.11570094,2.10311125,8.00000000,6.00000000,6.00000000,train,True,aruna-juice-v4.0
2026-04-26,P011,Jus Mangga,20,12.00000000,14.00000000,12.00000000,19.00000000,20.00000000,24.00000000,15.85714286,17.35714286,18.25000000,4.70561974,4.18067243,23.00000000,9.00000000,23.00000000,train,True,aruna-juice-v4.0
2026-04-27,P001,Jus Naga,6,10.00000000,8.00000000,14.00000000,11.00000000,8.00000000,6.00000000,9.57142857,8.35714286,7.46428571,3.15473944,3.20113304,12.00000000,13.00000000,8.00000000,train,True,aruna-juice-v4.0
2026-04-27,P002,Jus Semangka,7,3.00000000,10.00000000,5.00000000,9.00000000,7.00000000,13.00000000,6.42857143,7.50000000,6.78571429,2.14919697,2.90225377,5.00000000,7.00000000,7.00000000,train,True,aruna-juice-v4.0
2026-04-27,P003,Jus Jambu,6,3.00000000,8.00000000,7.00000000,9.00000000,10.00000000,6.00000000,7.71428571,8.07142857,8.71428571,3.03942350,2.52569216,7.00000000,7.00000000,4.00000000,train,True,aruna-juice-v4.0
2026-04-27,P004,Jus Pisang,5,4.00000000,6.00000000,5.00000000,6.00000000,10.00000000,10.00000000,4.57142857,5.14285714,5.39285714,1.39727626,1.79130991,5.00000000,2.00000000,1.00000000,train,True,aruna-juice-v4.0
2026-04-27,P005,Jus Nanas,15,21.00000000,13.00000000,11.00000000,14.00000000,10.00000000,10.00000000,15.85714286,15.71428571,16.17857143,4.33699479,5.06007862,12.00000000,19.00000000,17.00000000,train,True,aruna-juice-v4.0
2026-04-27,P006,Jus Melon,3,8.00000000,7.00000000,4.00000000,7.00000000,14.00000000,5.00000000,5.42857143,6.78571429,7.25000000,2.14919697,2.63638947,3.00000000,5.00000000,9.00000000,train,True,aruna-juice-v4.0
2026-04-27,P007,Jus Sirsak,15,19.00000000,16.00000000,17.00000000,14.00000000,23.00000000,20.00000000,17.14285714,17.50000000,17.14285714,1.34518542,3.58951464,12.00000000,20.00000000,11.00000000,train,True,aruna-juice-v4.0
2026-04-27,P008,Jus Alpukat,15,13.00000000,17.00000000,12.00000000,16.00000000,21.00000000,22.00000000,13.85714286,14.64285714,15.67857143,2.41029538,3.22507347,10.00000000,21.00000000,18.00000000,train,True,aruna-juice-v4.0
2026-04-27,P009,Jus Stroberi,21,15.00000000,15.00000000,17.00000000,12.00000000,20.00000000,20.00000000,17.42857143,18.07142857,18.07142857,4.15760920,3.85235763,18.00000000,16.00000000,16.00000000,train,True,aruna-juice-v4.0
2026-04-27,P010,Jus Jeruk,8,6.00000000,5.00000000,9.00000000,4.00000000,9.00000000,8.00000000,6.71428571,6.42857143,6.78571429,1.97604704,2.02728639,6.00000000,6.00000000,6.00000000,train,True,aruna-juice-v4.0
2026-04-27,P011,Jus Mangga,23,20.00000000,12.00000000,14.00000000,17.00000000,17.00000000,29.00000000,16.71428571,17.78571429,18.03571429,5.43796180,4.44069592,9.00000000,23.00000000,13.00000000,train,True,aruna-juice-v4.0
2026-04-28,P001,Jus Naga,12,6.00000000,10.00000000,8.00000000,13.00000000,7.00000000,5.00000000,9.42857143,8.71428571,7.71428571,2.99205297,3.31496772,13.00000000,8.00000000,13.00000000,train,True,aruna-juice-v4.0
2026-04-28,P002,Jus Semangka,5,7.00000000,3.00000000,10.00000000,7.00000000,7.00000000,5.00000000,6.14285714,7.35714286,6.78571429,2.19306266,2.97701820,7.00000000,7.00000000,6.00000000,train,True,aruna-juice-v4.0
2026-04-28,P003,Jus Jambu,7,6.00000000,3.00000000,8.00000000,11.00000000,10.00000000,12.00000000,7.14285714,7.85714286,8.53571429,2.67261242,2.47626092,7.00000000,4.00000000,9.00000000,train,True,aruna-juice-v4.0
2026-04-28,P004,Jus Pisang,5,5.00000000,4.00000000,6.00000000,6.00000000,6.00000000,5.00000000,4.42857143,5.07142857,5.39285714,1.27241802,1.77435950,2.00000000,1.00000000,5.00000000,train,True,aruna-juice-v4.0
2026-04-28,P005,Jus Nanas,12,15.00000000,21.00000000,13.00000000,12.00000000,28.00000000,17.00000000,15.85714286,14.57142857,16.00000000,4.33699479,3.69436756,19.00000000,17.00000000,18.00000000,train,True,aruna-juice-v4.0
2026-04-28,P006,Jus Melon,3,3.00000000,8.00000000,7.00000000,4.00000000,11.00000000,4.00000000,5.28571429,6.21428571,7.21428571,2.28868854,2.51697533,5.00000000,9.00000000,5.00000000,train,True,aruna-juice-v4.0
2026-04-28,P007,Jus Sirsak,12,15.00000000,19.00000000,16.00000000,18.00000000,15.00000000,19.00000000,16.28571429,17.28571429,16.89285714,2.28868854,3.83162089,20.00000000,11.00000000,23.00000000,train,True,aruna-juice-v4.0
2026-04-28,P008,Jus Alpukat,10,15.00000000,13.00000000,17.00000000,10.00000000,16.00000000,7.00000000,13.85714286,14.21428571,15.78571429,2.41029538,3.42341645,21.00000000,18.00000000,12.00000000,train,True,aruna-juice-v4.0
2026-04-28,P009,Jus Stroberi,18,21.00000000,15.00000000,15.00000000,25.00000000,24.00000000,14.00000000,16.42857143,17.64285714,18.21428571,2.57275098,3.45536690,16.00000000,16.00000000,14.00000000,train,True,aruna-juice-v4.0
2026-04-28,P010,Jus Jeruk,6,8.00000000,6.00000000,5.00000000,4.00000000,8.00000000,9.00000000,7.00000000,6.28571429,6.67857143,1.63299316,1.97789987,6.00000000,6.00000000,11.00000000,train,True,aruna-juice-v4.0
2026-04-28,P011,Jus Mangga,9,23.00000000,20.00000000,12.00000000,24.00000000,17.00000000,22.00000000,14.57142857,17.21428571,17.57142857,5.02849026,5.02575783,23.00000000,13.00000000,22.00000000,train,True,aruna-juice-v4.0
2026-04-29,P001,Jus Naga,13,12.00000000,6.00000000,10.00000000,10.00000000,10.00000000,4.00000000,9.85714286,8.92857143,8.03571429,3.28778403,3.49646603,8.00000000,13.00000000,4.00000000,train,True,aruna-juice-v4.0
2026-04-29,P002,Jus Semangka,7,5.00000000,7.00000000,3.00000000,7.00000000,14.00000000,5.00000000,6.14285714,6.85714286,6.85714286,2.19306266,2.28227764,7.00000000,6.00000000,7.00000000,train,True,aruna-juice-v4.0
2026-04-29,P003,Jus Jambu,7,7.00000000,6.00000000,3.00000000,7.00000000,10.00000000,8.00000000,7.14285714,7.64285714,8.50000000,2.67261242,2.40535118,4.00000000,9.00000000,9.00000000,train,True,aruna-juice-v4.0
2026-04-29,P004,Jus Pisang,2,5.00000000,5.00000000,4.00000000,4.00000000,2.00000000,6.00000000,4.14285714,5.07142857,5.25000000,1.57359158,1.77435950,1.00000000,5.00000000,5.00000000,train,True,aruna-juice-v4.0
2026-04-29,P005,Jus Nanas,19,12.00000000,15.00000000,21.00000000,17.00000000,12.00000000,23.00000000,16.14285714,15.07142857,15.85714286,4.48807945,3.79198113,17.00000000,18.00000000,13.00000000,train,True,aruna-juice-v4.0
2026-04-29,P006,Jus Melon,5,3.00000000,3.00000000,8.00000000,4.00000000,7.00000000,8.00000000,5.42857143,6.07142857,7.10714286,2.22539456,2.52569216,9.00000000,5.00000000,10.00000000,train,True,aruna-juice-v4.0
2026-04-29,P007,Jus Sirsak,20,12.00000000,15.00000000,19.00000000,17.00000000,28.00000000,17.00000000,16.71428571,16.71428571,17.00000000,2.69037084,2.46291170,11.00000000,23.00000000,19.00000000,train,True,aruna-juice-v4.0
2026-04-29,P008,Jus Alpukat,21,10.00000000,15.00000000,13.00000000,16.00000000,18.00000000,16.00000000,14.57142857,14.42857143,15.96428571,3.59894164,3.75631337,18.00000000,12.00000000,17.00000000,train,True,aruna-juice-v4.0
2026-04-29,P009,Jus Stroberi,16,18.00000000,21.00000000,15.00000000,13.00000000,20.00000000,20.00000000,16.85714286,17.35714286,18.07142857,2.11570094,3.41055247,16.00000000,14.00000000,10.00000000,train,True,aruna-juice-v4.0
2026-04-29,P010,Jus Jeruk,6,6.00000000,8.00000000,6.00000000,9.00000000,6.00000000,6.00000000,6.57142857,6.28571429,6.67857143,1.39727626,1.97789987,6.00000000,11.00000000,9.00000000,train,True,aruna-juice-v4.0
2026-04-29,P011,Jus Mangga,23,9.00000000,23.00000000,20.00000000,12.00000000,20.00000000,23.00000000,16.14285714,17.42857143,17.57142857,5.75698334,5.21409754,13.00000000,22.00000000,17.00000000,train,True,aruna-juice-v4.0
2026-04-30,P001,Jus Naga,8,13.00000000,12.00000000,6.00000000,6.00000000,9.00000000,3.00000000,10.14285714,8.85714286,8.21428571,2.96808420,3.50509833,13.00000000,4.00000000,7.00000000,train,True,aruna-juice-v4.0
2026-04-30,P002,Jus Semangka,7,7.00000000,5.00000000,7.00000000,6.00000000,9.00000000,5.00000000,6.28571429,6.71428571,6.92857143,2.21466971,2.19890082,6.00000000,7.00000000,5.00000000,train,True,aruna-juice-v4.0
2026-04-30,P003,Jus Jambu,4,7.00000000,7.00000000,6.00000000,12.00000000,9.00000000,11.00000000,6.00000000,7.28571429,8.25000000,1.82574186,2.55489188,9.00000000,9.00000000,9.00000000,train,True,aruna-juice-v4.0
2026-04-30,P004,Jus Pisang,1,2.00000000,5.00000000,5.00000000,2.00000000,7.00000000,9.00000000,4.00000000,4.64285714,4.96428571,1.82574186,1.98483260,5.00000000,5.00000000,4.00000000,train,True,aruna-juice-v4.0
2026-04-30,P005,Jus Nanas,17,19.00000000,12.00000000,15.00000000,22.00000000,12.00000000,14.00000000,15.42857143,15.42857143,15.96428571,3.73528860,3.71513093,18.00000000,13.00000000,16.00000000,train,True,aruna-juice-v4.0
2026-04-30,P006,Jus Melon,9,5.00000000,3.00000000,3.00000000,8.00000000,11.00000000,8.00000000,5.57142857,5.92857143,7.14285714,2.43975018,2.26899794,5.00000000,10.00000000,4.00000000,train,True,aruna-juice-v4.0
2026-04-30,P007,Jus Sirsak,11,20.00000000,12.00000000,15.00000000,18.00000000,20.00000000,11.00000000,15.71428571,16.07142857,17.00000000,3.35232684,2.70225791,23.00000000,19.00000000,20.00000000,train,True,aruna-juice-v4.0
2026-04-30,P008,Jus Alpukat,18,21.00000000,10.00000000,15.00000000,14.00000000,9.00000000,20.00000000,15.14285714,15.07142857,15.89285714,3.80475892,3.51839749,12.00000000,17.00000000,17.00000000,train,True,aruna-juice-v4.0
2026-04-30,P009,Jus Stroberi,16,16.00000000,18.00000000,21.00000000,16.00000000,21.00000000,16.00000000,16.85714286,17.00000000,18.07142857,2.11570094,3.25812594,14.00000000,10.00000000,19.00000000,train,True,aruna-juice-v4.0
2026-04-30,P010,Jus Jeruk,6,6.00000000,6.00000000,8.00000000,6.00000000,6.00000000,8.00000000,6.57142857,6.28571429,6.60714286,1.39727626,1.97789987,11.00000000,9.00000000,13.00000000,train,True,aruna-juice-v4.0
2026-04-30,P011,Jus Mangga,13,23.00000000,9.00000000,23.00000000,12.00000000,24.00000000,14.00000000,16.28571429,16.64285714,17.53571429,5.64843004,4.97079382,22.00000000,17.00000000,25.00000000,train,True,aruna-juice-v4.0
2026-05-01,P001,Jus Naga,13,8.00000000,13.00000000,12.00000000,14.00000000,5.00000000,7.00000000,10.00000000,9.42857143,8.42857143,2.76887462,3.47992674,4.00000000,7.00000000,16.00000000,train,True,aruna-juice-v4.0
2026-05-01,P002,Jus Semangka,6,7.00000000,7.00000000,5.00000000,5.00000000,6.00000000,4.00000000,6.42857143,6.71428571,7.00000000,2.14919697,2.19890082,7.00000000,5.00000000,10.00000000,train,True,aruna-juice-v4.0
2026-05-01,P003,Jus Jambu,9,4.00000000,7.00000000,7.00000000,7.00000000,5.00000000,6.00000000,6.28571429,7.57142857,8.35714286,2.13808994,2.50274574,9.00000000,9.00000000,12.00000000,train,True,aruna-juice-v4.0
2026-05-01,P004,Jus Pisang,5,1.00000000,2.00000000,5.00000000,5.00000000,4.00000000,3.00000000,4.00000000,4.71428571,5.03571429,1.82574186,1.97789987,5.00000000,4.00000000,8.00000000,train,True,aruna-juice-v4.0
2026-05-01,P005,Jus Nanas,18,17.00000000,19.00000000,12.00000000,11.00000000,12.00000000,9.00000000,16.42857143,15.85714286,16.28571429,3.25868802,3.63439007,13.00000000,16.00000000,21.00000000,train,True,aruna-juice-v4.0
2026-05-01,P006,Jus Melon,5,9.00000000,5.00000000,3.00000000,4.00000000,5.00000000,8.00000000,5.71428571,5.92857143,7.03571429,2.36038738,2.26899794,10.00000000,4.00000000,12.00000000,train,True,aruna-juice-v4.0
2026-05-01,P007,Jus Sirsak,23,11.00000000,20.00000000,12.00000000,17.00000000,13.00000000,18.00000000,16.57142857,16.78571429,17.17857143,4.35343324,3.11765621,19.00000000,20.00000000,19.00000000,train,True,aruna-juice-v4.0
2026-05-01,P008,Jus Alpukat,12,18.00000000,21.00000000,10.00000000,12.00000000,16.00000000,19.00000000,15.14285714,14.78571429,15.64285714,3.80475892,3.59868718,17.00000000,17.00000000,21.00000000,train,True,aruna-juice-v4.0
2026-05-01,P009,Jus Stroberi,14,16.00000000,16.00000000,18.00000000,17.00000000,17.00000000,16.00000000,16.42857143,16.78571429,18.00000000,2.37045304,3.35533035,10.00000000,19.00000000,32.00000000,train,True,aruna-juice-v4.0
2026-05-01,P010,Jus Jeruk,11,6.00000000,6.00000000,6.00000000,9.00000000,10.00000000,4.00000000,6.85714286,6.35714286,6.85714286,2.03540098,2.13423172,9.00000000,13.00000000,17.00000000,train,True,aruna-juice-v4.0
2026-05-01,P011,Jus Mangga,22,13.00000000,23.00000000,9.00000000,14.00000000,21.00000000,18.00000000,17.42857143,16.71428571,17.67857143,5.91205387,5.04485376,17.00000000,25.00000000,33.00000000,train,True,aruna-juice-v4.0
2026-05-02,P001,Jus Naga,4,13.00000000,8.00000000,13.00000000,8.00000000,3.00000000,8.00000000,9.42857143,9.50000000,8.28571429,3.55232989,3.34549065,7.00000000,16.00000000,6.00000000,train,True,aruna-juice-v4.0
2026-05-02,P002,Jus Semangka,7,6.00000000,7.00000000,7.00000000,10.00000000,11.00000000,5.00000000,6.00000000,6.42857143,7.07142857,1.52752523,1.82774707,5.00000000,10.00000000,4.00000000,train,True,aruna-juice-v4.0
2026-05-02,P003,Jus Jambu,9,9.00000000,4.00000000,7.00000000,8.00000000,10.00000000,8.00000000,6.42857143,7.50000000,8.39285714,2.29906813,2.44162619,9.00000000,12.00000000,8.00000000,train,True,aruna-juice-v4.0
2026-05-02,P004,Jus Pisang,5,5.00000000,1.00000000,2.00000000,6.00000000,7.00000000,7.00000000,3.85714286,4.57142857,4.96428571,1.67616342,1.86935965,4.00000000,8.00000000,8.00000000,train,True,aruna-juice-v4.0
2026-05-02,P005,Jus Nanas,13,18.00000000,17.00000000,19.00000000,13.00000000,12.00000000,14.00000000,16.42857143,15.92857143,16.25000000,3.25868802,3.56185530,16.00000000,21.00000000,14.00000000,train,True,aruna-juice-v4.0
2026-05-02,P006,Jus Melon,10,5.00000000,9.00000000,5.00000000,7.00000000,10.00000000,9.00000000,6.14285714,5.92857143,7.07142857,2.85356919,2.26899794,4.00000000,12.00000000,8.00000000,train,True,aruna-juice-v4.0
2026-05-02,P007,Jus Sirsak,19,23.00000000,11.00000000,20.00000000,16.00000000,17.00000000,14.00000000,17.00000000,16.92857143,17.35714286,4.43471157,3.17355141,20.00000000,19.00000000,16.00000000,train,True,aruna-juice-v4.0
2026-05-02,P008,Jus Alpukat,17,12.00000000,18.00000000,21.00000000,17.00000000,21.00000000,16.00000000,15.14285714,14.50000000,15.67857143,3.80475892,3.20456405,17.00000000,21.00000000,20.00000000,train,True,aruna-juice-v4.0
2026-05-02,P009,Jus Stroberi,10,14.00000000,16.00000000,16.00000000,15.00000000,19.00000000,20.00000000,15.71428571,16.14285714,17.64285714,3.40168026,3.73871930,19.00000000,32.00000000,20.00000000,train,True,aruna-juice-v4.0
2026-05-02,P010,Jus Jeruk,9,11.00000000,6.00000000,6.00000000,5.00000000,4.00000000,6.00000000,7.42857143,6.71428571,6.96428571,1.98805959,2.12778583,13.00000000,17.00000000,8.00000000,train,True,aruna-juice-v4.0
2026-05-02,P011,Jus Mangga,17,22.00000000,13.00000000,23.00000000,12.00000000,14.00000000,13.00000000,18.14285714,16.92857143,17.82142857,5.42919796,4.98404046,25.00000000,33.00000000,18.00000000,train,True,aruna-juice-v4.0
2026-05-03,P001,Jus Naga,7,4.00000000,13.00000000,8.00000000,10.00000000,5.00000000,3.00000000,9.00000000,9.64285714,8.42857143,3.65148372,3.17701221,16.00000000,6.00000000,3.00000000,train,True,aruna-juice-v4.0
2026-05-03,P002,Jus Semangka,5,7.00000000,6.00000000,7.00000000,3.00000000,4.00000000,5.00000000,6.28571429,6.50000000,7.07142857,0.95118973,1.74311834,10.00000000,4.00000000,2.00000000,train,True,aruna-juice-v4.0
2026-05-03,P003,Jus Jambu,9,9.00000000,9.00000000,4.00000000,3.00000000,6.00000000,11.00000000,7.28571429,7.71428571,8.32142857,1.88982237,2.43147854,12.00000000,8.00000000,6.00000000,train,True,aruna-juice-v4.0
2026-05-03,P004,Jus Pisang,4,5.00000000,5.00000000,1.00000000,4.00000000,8.00000000,5.00000000,3.85714286,4.28571429,4.92857143,1.67616342,1.58980267,8.00000000,8.00000000,6.00000000,train,True,aruna-juice-v4.0
2026-05-03,P005,Jus Nanas,16,13.00000000,18.00000000,17.00000000,21.00000000,19.00000000,23.00000000,15.71428571,15.71428571,16.00000000,2.56347978,3.45138927,21.00000000,14.00000000,14.00000000,train,True,aruna-juice-v4.0
2026-05-03,P006,Jus Melon,4,10.00000000,5.00000000,9.00000000,8.00000000,6.00000000,5.00000000,5.57142857,5.78571429,7.03571429,2.81999662,2.32638946,12.00000000,8.00000000,6.00000000,train,True,aruna-juice-v4.0
2026-05-03,P007,Jus Sirsak,20,19.00000000,23.00000000,11.00000000,19.00000000,18.00000000,12.00000000,17.14285714,17.07142857,17.64285714,4.52506248,3.26906916,19.00000000,16.00000000,11.00000000,train,True,aruna-juice-v4.0
2026-05-03,P008,Jus Alpukat,17,17.00000000,12.00000000,18.00000000,13.00000000,12.00000000,16.00000000,15.71428571,14.85714286,15.71428571,3.72890894,3.18305956,21.00000000,20.00000000,12.00000000,train,True,aruna-juice-v4.0
2026-05-03,P009,Jus Stroberi,19,10.00000000,14.00000000,16.00000000,15.00000000,18.00000000,22.00000000,16.28571429,16.21428571,17.53571429,3.59231985,3.78618077,32.00000000,20.00000000,13.00000000,train,True,aruna-juice-v4.0
2026-05-03,P010,Jus Jeruk,13,9.00000000,11.00000000,6.00000000,6.00000000,5.00000000,8.00000000,8.42857143,7.28571429,7.14285714,2.76026224,2.64367377,17.00000000,8.00000000,5.00000000,train,True,aruna-juice-v4.0
2026-05-03,P011,Jus Mangga,25,17.00000000,22.00000000,13.00000000,20.00000000,19.00000000,23.00000000,18.85714286,17.35714286,17.89285714,6.01189298,5.41518013,33.00000000,18.00000000,11.00000000,train,True,aruna-juice-v4.0
2026-05-04,P001,Jus Naga,16,7.00000000,4.00000000,13.00000000,6.00000000,11.00000000,3.00000000,10.42857143,10.00000000,8.89285714,4.19750493,3.59486814,6.00000000,3.00000000,11.00000000,train,True,aruna-juice-v4.0
2026-05-04,P002,Jus Semangka,10,5.00000000,7.00000000,6.00000000,7.00000000,9.00000000,3.00000000,6.71428571,6.57142857,7.32142857,1.70433621,1.86935965,4.00000000,2.00000000,7.00000000,train,True,aruna-juice-v4.0
2026-05-04,P003,Jus Jambu,12,9.00000000,9.00000000,9.00000000,6.00000000,9.00000000,3.00000000,8.14285714,7.92857143,8.64285714,2.47847880,2.67364015,8.00000000,6.00000000,9.00000000,train,True,aruna-juice-v4.0
2026-05-04,P004,Jus Pisang,8,4.00000000,5.00000000,5.00000000,5.00000000,6.00000000,5.00000000,4.28571429,4.42857143,5.03571429,2.28868854,1.82774707,8.00000000,6.00000000,3.00000000,train,True,aruna-juice-v4.0
2026-05-04,P005,Jus Nanas,21,16.00000000,13.00000000,18.00000000,15.00000000,14.00000000,17.00000000,16.57142857,16.21428571,16.14285714,3.20713490,3.68319618,14.00000000,14.00000000,19.00000000,train,True,aruna-juice-v4.0
2026-05-04,P006,Jus Melon,12,4.00000000,10.00000000,5.00000000,3.00000000,7.00000000,4.00000000,6.85714286,6.14285714,7.32142857,3.43649877,2.85164306,8.00000000,6.00000000,11.00000000,train,True,aruna-juice-v4.0
2026-05-04,P007,Jus Sirsak,19,20.00000000,19.00000000,23.00000000,15.00000000,14.00000000,19.00000000,17.71428571,17.42857143,17.64285714,4.46147531,3.17960534,16.00000000,11.00000000,26.00000000,train,True,aruna-juice-v4.0
2026-05-04,P008,Jus Alpukat,21,17.00000000,17.00000000,12.00000000,15.00000000,16.00000000,9.00000000,16.57142857,15.21428571,16.14285714,4.19750493,3.57724801,20.00000000,12.00000000,14.00000000,train,True,aruna-juice-v4.0
2026-05-04,P009,Jus Stroberi,32,19.00000000,10.00000000,14.00000000,21.00000000,12.00000000,14.00000000,17.85714286,17.64285714,18.17857143,6.89029684,5.47170544,20.00000000,13.00000000,29.00000000,train,True,aruna-juice-v4.0
2026-05-04,P010,Jus Jeruk,17,13.00000000,9.00000000,11.00000000,8.00000000,4.00000000,6.00000000,9.71428571,8.21428571,7.53571429,4.23140188,3.53397948,8.00000000,5.00000000,11.00000000,train,True,aruna-juice-v4.0
2026-05-04,P011,Jus Mangga,33,25.00000000,17.00000000,22.00000000,23.00000000,17.00000000,21.00000000,20.28571429,18.50000000,18.32142857,8.01486714,6.83599073,18.00000000,11.00000000,19.00000000,train,True,aruna-juice-v4.0
2026-05-05,P001,Jus Naga,6,16.00000000,7.00000000,4.00000000,12.00000000,13.00000000,9.00000000,9.57142857,9.50000000,8.78571429,4.42933941,3.63212165,3.00000000,11.00000000,8.00000000,train,True,aruna-juice-v4.0
2026-05-05,P002,Jus Semangka,4,10.00000000,5.00000000,7.00000000,5.00000000,7.00000000,4.00000000,6.57142857,6.35714286,7.32142857,1.90237946,1.98483260,2.00000000,7.00000000,5.00000000,train,True,aruna-juice-v4.0
2026-05-05,P003,Jus Jambu,8,12.00000000,9.00000000,9.00000000,7.00000000,11.00000000,11.00000000,8.28571429,7.71428571,8.53571429,2.42997159,2.52460420,6.00000000,9.00000000,14.00000000,train,True,aruna-juice-v4.0
2026-05-05,P004,Jus Pisang,8,8.00000000,4.00000000,5.00000000,5.00000000,6.00000000,5.00000000,4.71428571,4.57142857,5.14285714,2.69037084,2.02728639,6.00000000,3.00000000,8.00000000,train,True,aruna-juice-v4.0
2026-05-05,P005,Jus Nanas,14,21.00000000,16.00000000,13.00000000,12.00000000,12.00000000,23.00000000,16.85714286,16.35714286,15.82142857,2.79455252,3.54329579,14.00000000,19.00000000,15.00000000,train,True,aruna-juice-v4.0
2026-05-05,P006,Jus Melon,8,12.00000000,4.00000000,10.00000000,3.00000000,4.00000000,5.00000000,7.57142857,6.42857143,7.42857143,2.99205297,2.82064602,6.00000000,11.00000000,1.00000000,train,True,aruna-juice-v4.0
2026-05-05,P007,Jus Sirsak,16,19.00000000,20.00000000,19.00000000,12.00000000,18.00000000,13.00000000,18.28571429,17.28571429,17.75000000,3.81725406,3.19683910,11.00000000,26.00000000,17.00000000,train,True,aruna-juice-v4.0
2026-05-05,P008,Jus Alpukat,20,21.00000000,17.00000000,17.00000000,10.00000000,10.00000000,22.00000000,18.00000000,15.92857143,16.07142857,3.16227766,3.45218517,12.00000000,14.00000000,14.00000000,train,True,aruna-juice-v4.0
2026-05-05,P009,Jus Stroberi,20,32.00000000,19.00000000,10.00000000,18.00000000,25.00000000,13.00000000,18.14285714,17.28571429,18.42857143,6.93850540,5.10548079,13.00000000,29.00000000,16.00000000,train,True,aruna-juice-v4.0
2026-05-05,P010,Jus Jeruk,8,17.00000000,13.00000000,9.00000000,6.00000000,4.00000000,6.00000000,10.00000000,8.50000000,7.60714286,4.00000000,3.32241803,5.00000000,11.00000000,4.00000000,train,True,aruna-juice-v4.0
2026-05-05,P011,Jus Mangga,18,33.00000000,25.00000000,17.00000000,9.00000000,24.00000000,21.00000000,21.57142857,18.07142857,18.21428571,6.47706577,6.65020862,11.00000000,19.00000000,15.00000000,train,True,aruna-juice-v4.0
2026-05-06,P001,Jus Naga,3,6.00000000,16.00000000,7.00000000,13.00000000,10.00000000,9.00000000,8.14285714,9.00000000,8.57142857,4.74090608,4.01918476,11.00000000,8.00000000,11.00000000,train,True,aruna-juice-v4.0
2026-05-06,P002,Jus Semangka,2,4.00000000,10.00000000,5.00000000,7.00000000,7.00000000,10.00000000,5.85714286,6.00000000,7.03571429,2.54483604,2.28708750,7.00000000,5.00000000,4.00000000,train,True,aruna-juice-v4.0
2026-05-06,P003,Jus Jambu,6,8.00000000,12.00000000,9.00000000,7.00000000,7.00000000,14.00000000,8.14285714,7.64285714,8.25000000,2.54483604,2.56026269,9.00000000,14.00000000,2.00000000,train,True,aruna-juice-v4.0
2026-05-06,P004,Jus Pisang,6,8.00000000,8.00000000,4.00000000,2.00000000,4.00000000,4.00000000,5.28571429,4.71428571,5.21428571,2.42997159,2.05421036,3.00000000,8.00000000,7.00000000,train,True,aruna-juice-v4.0
2026-05-06,P005,Jus Nanas,14,14.00000000,21.00000000,16.00000000,19.00000000,17.00000000,17.00000000,16.14285714,16.14285714,15.71428571,2.79455252,3.59180998,19.00000000,15.00000000,13.00000000,train,True,aruna-juice-v4.0
2026-05-06,P006,Jus Melon,6,8.00000000,12.00000000,4.00000000,5.00000000,4.00000000,5.00000000,7.71428571,6.57142857,7.46428571,2.87020822,2.73760945,11.00000000,1.00000000,6.00000000,train,True,aruna-juice-v4.0
2026-05-06,P007,Jus Sirsak,11,16.00000000,19.00000000,20.00000000,20.00000000,17.00000000,14.00000000,17.00000000,16.85714286,17.64285714,4.58257569,3.61316275,26.00000000,17.00000000,25.00000000,train,True,aruna-juice-v4.0
2026-05-06,P008,Jus Alpukat,12,20.00000000,21.00000000,17.00000000,21.00000000,16.00000000,20.00000000,16.71428571,15.64285714,15.78571429,3.54562104,3.60783640,14.00000000,14.00000000,10.00000000,train,True,aruna-juice-v4.0
2026-05-06,P009,Jus Stroberi,13,20.00000000,32.00000000,19.00000000,16.00000000,13.00000000,16.00000000,17.71428571,17.28571429,18.32142857,7.18132499,5.10548079,29.00000000,16.00000000,11.00000000,train,True,aruna-juice-v4.0
2026-05-06,P010,Jus Jeruk,5,8.00000000,17.00000000,13.00000000,6.00000000,9.00000000,8.00000000,9.85714286,8.21428571,7.50000000,4.18045338,3.44581288,11.00000000,4.00000000,6.00000000,train,True,aruna-juice-v4.0
2026-05-06,P011,Jus Mangga,11,18.00000000,33.00000000,25.00000000,23.00000000,12.00000000,18.00000000,19.85714286,18.00000000,17.96428571,7.53720929,6.72538246,19.00000000,15.00000000,14.00000000,train,True,aruna-juice-v4.0
2026-05-07,P001,Jus Naga,11,3.00000000,6.00000000,16.00000000,8.00000000,6.00000000,12.00000000,8.57142857,9.35714286,8.53571429,4.85994317,3.95371574,8.00000000,11.00000000,6.00000000,train,True,aruna-juice-v4.0
2026-05-07,P002,Jus Semangka,7,2.00000000,4.00000000,10.00000000,7.00000000,6.00000000,7.00000000,5.85714286,6.07142857,7.03571429,2.54483604,2.30265017,5.00000000,4.00000000,8.00000000,train,True,aruna-juice-v4.0
2026-05-07,P003,Jus Jambu,9,6.00000000,8.00000000,12.00000000,4.00000000,12.00000000,11.00000000,8.85714286,7.42857143,8.17857143,1.77281052,2.27745761,14.00000000,2.00000000,6.00000000,train,True,aruna-juice-v4.0
2026-05-07,P004,Jus Pisang,3,6.00000000,8.00000000,8.00000000,1.00000000,2.00000000,4.00000000,5.57142857,4.78571429,5.17857143,1.90237946,1.96815304,8.00000000,7.00000000,1.00000000,train,True,aruna-juice-v4.0
2026-05-07,P005,Jus Nanas,19,14.00000000,14.00000000,21.00000000,17.00000000,22.00000000,24.00000000,16.42857143,15.92857143,15.53571429,2.99205297,3.29251566,15.00000000,13.00000000,15.00000000,train,True,aruna-juice-v4.0
2026-05-07,P006,Jus Melon,11,6.00000000,8.00000000,12.00000000,9.00000000,8.00000000,11.00000000,8.00000000,6.78571429,7.46428571,3.10912635,2.96592368,1.00000000,6.00000000,12.00000000,train,True,aruna-juice-v4.0
2026-05-07,P007,Jus Sirsak,26,11.00000000,16.00000000,19.00000000,11.00000000,18.00000000,27.00000000,19.14285714,17.42857143,17.60714286,4.81070235,4.36267888,17.00000000,25.00000000,14.00000000,train,True,aruna-juice-v4.0
2026-05-07,P008,Jus Alpukat,14,12.00000000,20.00000000,21.00000000,18.00000000,14.00000000,23.00000000,16.14285714,15.64285714,15.46428571,3.62530787,3.60783640,14.00000000,10.00000000,23.00000000,train,True,aruna-juice-v4.0
2026-05-07,P009,Jus Stroberi,29,13.00000000,20.00000000,32.00000000,16.00000000,16.00000000,24.00000000,19.57142857,18.21428571,18.50000000,8.26351707,5.96371814,16.00000000,11.00000000,17.00000000,train,True,aruna-juice-v4.0
2026-05-07,P010,Jus Jeruk,11,5.00000000,8.00000000,17.00000000,6.00000000,6.00000000,13.00000000,10.57142857,8.57142857,7.42857143,3.82348632,3.45775129,4.00000000,6.00000000,10.00000000,train,True,aruna-juice-v4.0
2026-05-07,P011,Jus Mangga,19,11.00000000,18.00000000,33.00000000,13.00000000,12.00000000,16.00000000,20.71428571,18.50000000,18.07142857,6.94536502,6.50147912,15.00000000,14.00000000,18.00000000,train,True,aruna-juice-v4.0
2026-05-08,P001,Jus Naga,8,11.00000000,3.00000000,6.00000000,13.00000000,14.00000000,8.00000000,7.85714286,8.92857143,8.53571429,4.45078912,3.73062762,11.00000000,6.00000000,9.00000000,train,True,aruna-juice-v4.0
2026-05-08,P002,Jus Semangka,5,7.00000000,2.00000000,4.00000000,6.00000000,5.00000000,11.00000000,5.71428571,6.07142857,6.82142857,2.56347978,2.30265017,4.00000000,8.00000000,3.00000000,train,True,aruna-juice-v4.0
2026-05-08,P003,Jus Jambu,14,9.00000000,6.00000000,8.00000000,9.00000000,7.00000000,10.00000000,9.57142857,7.92857143,8.32142857,2.63673680,2.86797398,2.00000000,6.00000000,7.00000000,train,True,aruna-juice-v4.0
2026-05-08,P004,Jus Pisang,8,3.00000000,6.00000000,8.00000000,5.00000000,5.00000000,5.00000000,6.00000000,5.00000000,5.28571429,2.08166600,2.14834462,7.00000000,1.00000000,8.00000000,train,True,aruna-juice-v4.0
2026-05-08,P005,Jus Nanas,15,19.00000000,14.00000000,14.00000000,18.00000000,11.00000000,18.00000000,16.00000000,16.21428571,15.42857143,2.94392029,2.99174689,13.00000000,15.00000000,9.00000000,train,True,aruna-juice-v4.0
2026-05-08,P006,Jus Melon,1,11.00000000,6.00000000,8.00000000,5.00000000,4.00000000,10.00000000,7.42857143,6.57142857,7.14285714,3.99404318,3.27494652,6.00000000,12.00000000,12.00000000,train,True,aruna-juice-v4.0
2026-05-08,P007,Jus Sirsak,17,26.00000000,11.00000000,16.00000000,23.00000000,17.00000000,14.00000000,18.28571429,17.42857143,17.71428571,4.53557368,4.36267888,25.00000000,14.00000000,9.00000000,train,True,aruna-juice-v4.0
2026-05-08,P008,Jus Alpukat,14,14.00000000,12.00000000,20.00000000,12.00000000,12.00000000,12.00000000,16.42857143,15.78571429,15.53571429,3.30943816,3.49017459,10.00000000,23.00000000,18.00000000,train,True,aruna-juice-v4.0
2026-05-08,P009,Jus Stroberi,16,29.00000000,13.00000000,20.00000000,14.00000000,17.00000000,18.00000000,19.85714286,18.14285714,18.42857143,8.07111251,5.98533005,11.00000000,17.00000000,15.00000000,train,True,aruna-juice-v4.0
2026-05-08,P010,Jus Jeruk,4,11.00000000,5.00000000,8.00000000,11.00000000,9.00000000,9.00000000,9.57142857,8.21428571,7.25000000,4.54082015,3.66225175,6.00000000,10.00000000,0.00000000,train,True,aruna-juice-v4.0
2026-05-08,P011,Jus Mangga,15,19.00000000,11.00000000,18.00000000,22.00000000,14.00000000,12.00000000,19.71428571,18.57142857,18.17857143,7.22759263,6.45355341,14.00000000,18.00000000,20.00000000,train,True,aruna-juice-v4.0
2026-05-09,P001,Jus Naga,11,8.00000000,11.00000000,3.00000000,4.00000000,8.00000000,12.00000000,8.85714286,9.14285714,8.50000000,4.22013315,3.75923771,6.00000000,9.00000000,7.00000000,train,True,aruna-juice-v4.0
2026-05-09,P002,Jus Semangka,4,5.00000000,7.00000000,2.00000000,7.00000000,10.00000000,9.00000000,5.28571429,5.64285714,6.64285714,2.56347978,2.06088640,8.00000000,3.00000000,5.00000000,train,True,aruna-juice-v4.0
2026-05-09,P003,Jus Jambu,2,14.00000000,9.00000000,6.00000000,9.00000000,8.00000000,9.00000000,8.57142857,7.50000000,8.07142857,3.90969491,3.27578528,6.00000000,7.00000000,11.00000000,train,True,aruna-juice-v4.0
2026-05-09,P004,Jus Pisang,7,8.00000000,3.00000000,6.00000000,5.00000000,6.00000000,2.00000000,6.28571429,5.07142857,5.46428571,2.05866346,2.20014985,1.00000000,8.00000000,10.00000000,train,True,aruna-juice-v4.0
2026-05-09,P005,Jus Nanas,13,15.00000000,19.00000000,14.00000000,13.00000000,13.00000000,13.00000000,16.00000000,16.21428571,15.42857143,2.94392029,2.99174689,15.00000000,9.00000000,19.00000000,train,True,aruna-juice-v4.0
2026-05-09,P006,Jus Melon,6,1.00000000,11.00000000,6.00000000,10.00000000,7.00000000,8.00000000,6.85714286,6.50000000,7.07142857,3.84831441,3.27578528,12.00000000,12.00000000,9.00000000,train,True,aruna-juice-v4.0
2026-05-09,P007,Jus Sirsak,25,17.00000000,26.00000000,11.00000000,19.00000000,16.00000000,14.00000000,19.14285714,18.07142857,18.10714286,5.20988072,4.77919024,14.00000000,9.00000000,23.00000000,train,True,aruna-juice-v4.0
2026-05-09,P008,Jus Alpukat,10,14.00000000,14.00000000,12.00000000,17.00000000,17.00000000,16.00000000,15.42857143,15.28571429,15.32142857,4.07664661,3.79125657,23.00000000,18.00000000,19.00000000,train,True,aruna-juice-v4.0
2026-05-09,P009,Jus Stroberi,11,16.00000000,29.00000000,13.00000000,10.00000000,15.00000000,26.00000000,20.00000000,17.85714286,17.89285714,7.87400787,6.23707455,17.00000000,15.00000000,17.00000000,train,True,aruna-juice-v4.0
2026-05-09,P010,Jus Jeruk,6,4.00000000,11.00000000,5.00000000,9.00000000,5.00000000,7.00000000,9.14285714,8.28571429,7.21428571,4.74090608,3.60402705,10.00000000,0.00000000,4.00000000,train,True,aruna-juice-v4.0
2026-05-09,P011,Jus Mangga,14,15.00000000,19.00000000,11.00000000,17.00000000,12.00000000,18.00000000,19.28571429,18.71428571,18.03571429,7.49920631,6.31760144,18.00000000,20.00000000,9.00000000,train,True,aruna-juice-v4.0
2026-05-10,P001,Jus Naga,6,11.00000000,8.00000000,11.00000000,7.00000000,10.00000000,1.00000000,8.71428571,8.85714286,8.67857143,4.30945804,3.84021520,9.00000000,7.00000000,7.00000000,train,True,aruna-juice-v4.0
2026-05-10,P002,Jus Semangka,8,4.00000000,5.00000000,7.00000000,5.00000000,3.00000000,5.00000000,5.71428571,6.00000000,6.75000000,2.75162290,2.00000000,3.00000000,5.00000000,7.00000000,train,True,aruna-juice-v4.0
2026-05-10,P003,Jus Jambu,6,2.00000000,14.00000000,9.00000000,9.00000000,3.00000000,7.00000000,8.14285714,7.71428571,8.03571429,4.01781746,3.04904957,7.00000000,11.00000000,9.00000000,train,True,aruna-juice-v4.0
2026-05-10,P004,Jus Pisang,1,7.00000000,8.00000000,3.00000000,4.00000000,4.00000000,9.00000000,5.85714286,4.85714286,5.17857143,2.79455252,2.44499938,8.00000000,10.00000000,7.00000000,train,True,aruna-juice-v4.0
2026-05-10,P005,Jus Nanas,15,13.00000000,15.00000000,19.00000000,16.00000000,21.00000000,11.00000000,15.85714286,15.78571429,15.57142857,2.96808420,2.66540721,9.00000000,19.00000000,19.00000000,train,True,aruna-juice-v4.0
2026-05-10,P006,Jus Melon,12,6.00000000,1.00000000,11.00000000,4.00000000,8.00000000,9.00000000,8.00000000,6.78571429,7.17857143,4.04145188,3.57724801,12.00000000,9.00000000,8.00000000,train,True,aruna-juice-v4.0
2026-05-10,P007,Jus Sirsak,14,25.00000000,17.00000000,26.00000000,20.00000000,19.00000000,20.00000000,18.28571429,17.71428571,17.89285714,5.52914357,4.88999876,9.00000000,23.00000000,25.00000000,train,True,aruna-juice-v4.0
2026-05-10,P008,Jus Alpukat,23,10.00000000,14.00000000,14.00000000,17.00000000,13.00000000,17.00000000,16.28571429,16.00000000,15.53571429,4.99046710,4.24264069,18.00000000,19.00000000,16.00000000,train,True,aruna-juice-v4.0
2026-05-10,P009,Jus Stroberi,17,11.00000000,16.00000000,29.00000000,19.00000000,15.00000000,14.00000000,19.71428571,18.00000000,18.00000000,7.95223838,6.18932083,15.00000000,17.00000000,22.00000000,train,True,aruna-juice-v4.0
2026-05-10,P010,Jus Jeruk,10,6.00000000,4.00000000,11.00000000,13.00000000,6.00000000,1.00000000,8.71428571,8.57142857,7.53571429,4.46147531,3.56725030,0.00000000,4.00000000,6.00000000,train,True,aruna-juice-v4.0
2026-05-10,P011,Jus Mangga,18,14.00000000,15.00000000,19.00000000,25.00000000,20.00000000,20.00000000,18.28571429,18.57142857,17.96428571,7.06433025,6.30889830,20.00000000,9.00000000,20.00000000,train,True,aruna-juice-v4.0
2026-05-11,P001,Jus Naga,9,6.00000000,11.00000000,8.00000000,16.00000000,6.00000000,8.00000000,7.71428571,9.07142857,8.71428571,2.92770022,3.75119029,7.00000000,7.00000000,5.00000000,train,True,aruna-juice-v4.0
2026-05-11,P002,Jus Semangka,3,8.00000000,4.00000000,5.00000000,10.00000000,7.00000000,7.00000000,4.71428571,5.71428571,6.60714286,2.13808994,2.12778583,5.00000000,7.00000000,8.00000000,train,True,aruna-juice-v4.0
2026-05-11,P003,Jus Jambu,7,6.00000000,2.00000000,14.00000000,12.00000000,6.00000000,10.00000000,7.42857143,7.78571429,7.92857143,3.64495738,3.01734910,11.00000000,9.00000000,12.00000000,train,True,aruna-juice-v4.0
2026-05-11,P004,Jus Pisang,8,1.00000000,7.00000000,8.00000000,8.00000000,5.00000000,10.00000000,5.85714286,5.07142857,5.10714286,2.79455252,2.58588731,10.00000000,7.00000000,6.00000000,train,True,aruna-juice-v4.0
2026-05-11,P005,Jus Nanas,9,15.00000000,13.00000000,15.00000000,21.00000000,15.00000000,10.00000000,14.14285714,15.35714286,15.53571429,2.96808420,3.22507347,19.00000000,19.00000000,23.00000000,train,True,aruna-juice-v4.0
2026-05-11,P006,Jus Melon,12,12.00000000,6.00000000,1.00000000,12.00000000,3.00000000,14.00000000,8.00000000,7.42857143,7.10714286,4.04145188,3.65248673,9.00000000,8.00000000,4.00000000,train,True,aruna-juice-v4.0
2026-05-11,P007,Jus Sirsak,9,14.00000000,25.00000000,17.00000000,19.00000000,15.00000000,23.00000000,16.85714286,17.28571429,17.39285714,6.51737604,5.38414441,23.00000000,25.00000000,8.00000000,train,True,aruna-juice-v4.0
2026-05-11,P008,Jus Alpukat,18,23.00000000,10.00000000,14.00000000,21.00000000,15.00000000,21.00000000,15.85714286,16.21428571,15.42857143,4.63424109,4.26395576,19.00000000,16.00000000,20.00000000,train,True,aruna-juice-v4.0
2026-05-11,P009,Jus Stroberi,15,17.00000000,11.00000000,16.00000000,32.00000000,21.00000000,20.00000000,17.28571429,17.57142857,17.82142857,5.90802521,6.17332083,17.00000000,22.00000000,29.00000000,train,True,aruna-juice-v4.0
2026-05-11,P010,Jus Jeruk,0,10.00000000,6.00000000,4.00000000,17.00000000,8.00000000,9.00000000,6.28571429,8.00000000,7.21428571,3.77334006,4.24264069,4.00000000,6.00000000,6.00000000,train,True,aruna-juice-v4.0
2026-05-11,P011,Jus Mangga,20,18.00000000,14.00000000,15.00000000,33.00000000,23.00000000,17.00000000,16.42857143,18.35714286,18.07142857,3.20713490,6.19686202,9.00000000,20.00000000,12.00000000,train,True,aruna-juice-v4.0
2026-05-12,P001,Jus Naga,7,9.00000000,6.00000000,11.00000000,6.00000000,12.00000000,7.00000000,7.85714286,8.71428571,8.71428571,2.85356919,3.68841370,7.00000000,5.00000000,8.00000000,train,True,aruna-juice-v4.0
2026-05-12,P002,Jus Semangka,5,3.00000000,8.00000000,4.00000000,4.00000000,5.00000000,7.00000000,4.85714286,5.71428571,6.53571429,2.11570094,2.12778583,7.00000000,8.00000000,5.00000000,train,True,aruna-juice-v4.0
2026-05-12,P003,Jus Jambu,11,7.00000000,6.00000000,2.00000000,8.00000000,7.00000000,10.00000000,7.85714286,8.07142857,7.96428571,3.89138242,3.12469779,9.00000000,12.00000000,6.00000000,train,True,aruna-juice-v4.0
2026-05-12,P004,Jus Pisang,10,8.00000000,1.00000000,7.00000000,8.00000000,5.00000000,6.00000000,6.14285714,5.42857143,5.25000000,3.13201593,2.90130702,7.00000000,6.00000000,7.00000000,train,True,aruna-juice-v4.0
2026-05-12,P005,Jus Nanas,19,9.00000000,15.00000000,13.00000000,14.00000000,12.00000000,28.00000000,14.85714286,15.85714286,15.21428571,3.48466026,3.20713490,19.00000000,23.00000000,27.00000000,train,True,aruna-juice-v4.0
2026-05-12,P006,Jus Melon,9,12.00000000,12.00000000,6.00000000,8.00000000,3.00000000,11.00000000,8.14285714,7.85714286,7.03571429,4.05908739,3.43862993,8.00000000,4.00000000,7.00000000,train,True,aruna-juice-v4.0
2026-05-12,P007,Jus Sirsak,23,9.00000000,14.00000000,25.00000000,16.00000000,12.00000000,15.00000000,17.85714286,18.07142857,17.67857143,6.89029684,5.35600721,25.00000000,8.00000000,11.00000000,train,True,aruna-juice-v4.0
2026-05-12,P008,Jus Alpukat,19,18.00000000,23.00000000,10.00000000,20.00000000,10.00000000,16.00000000,15.71428571,16.85714286,15.53571429,4.49867705,3.91952004,16.00000000,20.00000000,16.00000000,train,True,aruna-juice-v4.0
2026-05-12,P009,Jus Stroberi,17,15.00000000,17.00000000,11.00000000,20.00000000,18.00000000,24.00000000,16.85714286,17.50000000,17.57142857,5.78586126,6.17376584,22.00000000,29.00000000,13.00000000,train,True,aruna-juice-v4.0
2026-05-12,P010,Jus Jeruk,4,0.00000000,10.00000000,6.00000000,8.00000000,6.00000000,8.00000000,5.71428571,7.85714286,7.07142857,3.77334006,4.34753941,6.00000000,6.00000000,2.00000000,train,True,aruna-juice-v4.0
2026-05-12,P011,Jus Mangga,9,20.00000000,18.00000000,14.00000000,18.00000000,9.00000000,17.00000000,15.14285714,18.35714286,17.78571429,4.14039336,6.19686202,20.00000000,12.00000000,11.00000000,train,True,aruna-juice-v4.0
2026-05-13,P001,Jus Naga,7,7.00000000,9.00000000,6.00000000,3.00000000,13.00000000,10.00000000,8.42857143,8.28571429,8.60714286,1.98805959,3.49568022,5.00000000,8.00000000,9.00000000,train,True,aruna-juice-v4.0
2026-05-13,P002,Jus Semangka,7,5.00000000,3.00000000,8.00000000,2.00000000,7.00000000,14.00000000,5.57142857,5.71428571,6.28571429,1.81265393,2.12778583,8.00000000,5.00000000,1.00000000,train,True,aruna-juice-v4.0
2026-05-13,P003,Jus Jambu,9,11.00000000,7.00000000,6.00000000,6.00000000,7.00000000,10.00000000,8.28571429,8.21428571,7.92857143,3.81725406,3.11765621,12.00000000,6.00000000,14.00000000,train,True,aruna-juice-v4.0
2026-05-13,P004,Jus Pisang,7,10.00000000,8.00000000,1.00000000,6.00000000,2.00000000,2.00000000,6.28571429,5.78571429,5.42857143,3.14718317,2.75062430,6.00000000,7.00000000,7.00000000,train,True,aruna-juice-v4.0
2026-05-13,P005,Jus Nanas,19,19.00000000,9.00000000,15.00000000,14.00000000,19.00000000,12.00000000,15.57142857,15.85714286,15.46428571,3.77964473,3.20713490,23.00000000,27.00000000,16.00000000,train,True,aruna-juice-v4.0
2026-05-13,P006,Jus Melon,8,9.00000000,12.00000000,12.00000000,6.00000000,5.00000000,7.00000000,8.42857143,8.07142857,7.07142857,3.95209408,3.33891474,4.00000000,7.00000000,10.00000000,train,True,aruna-juice-v4.0
2026-05-13,P007,Jus Sirsak,25,23.00000000,9.00000000,14.00000000,11.00000000,20.00000000,28.00000000,19.85714286,18.42857143,17.57142857,6.59364774,5.65296771,8.00000000,11.00000000,9.00000000,train,True,aruna-juice-v4.0
2026-05-13,P008,Jus Alpukat,16,19.00000000,18.00000000,23.00000000,12.00000000,21.00000000,18.00000000,16.28571429,16.50000000,15.46428571,4.19182879,3.73651421,20.00000000,16.00000000,14.00000000,train,True,aruna-juice-v4.0
2026-05-13,P009,Jus Stroberi,22,17.00000000,15.00000000,17.00000000,13.00000000,16.00000000,20.00000000,18.14285714,17.92857143,17.64285714,5.78586126,6.26914650,29.00000000,13.00000000,14.00000000,train,True,aruna-juice-v4.0
2026-05-13,P010,Jus Jeruk,6,4.00000000,0.00000000,10.00000000,5.00000000,6.00000000,6.00000000,5.85714286,7.85714286,7.07142857,3.76069902,4.34753941,6.00000000,2.00000000,5.00000000,train,True,aruna-juice-v4.0
2026-05-13,P011,Jus Mangga,20,9.00000000,20.00000000,18.00000000,11.00000000,23.00000000,20.00000000,16.42857143,18.14285714,17.78571429,4.03555625,6.07462747,12.00000000,11.00000000,17.00000000,train,True,aruna-juice-v4.0
2026-05-14,P001,Jus Naga,5,7.00000000,7.00000000,9.00000000,11.00000000,8.00000000,9.00000000,7.57142857,8.07142857,8.46428571,1.98805959,3.60478924,8.00000000,9.00000000,10.00000000,train,True,aruna-juice-v4.0
2026-05-14,P002,Jus Semangka,8,7.00000000,5.00000000,3.00000000,7.00000000,7.00000000,9.00000000,5.71428571,5.78571429,6.25000000,1.97604704,2.19013773,5.00000000,1.00000000,4.00000000,train,True,aruna-juice-v4.0
2026-05-14,P003,Jus Jambu,12,9.00000000,11.00000000,7.00000000,9.00000000,4.00000000,9.00000000,8.71428571,8.78571429,8.03571429,4.07080196,3.01734910,6.00000000,14.00000000,3.00000000,train,True,aruna-juice-v4.0
2026-05-14,P004,Jus Pisang,6,7.00000000,10.00000000,8.00000000,3.00000000,1.00000000,7.00000000,6.71428571,6.14285714,5.39285714,2.81154084,2.38124540,7.00000000,7.00000000,8.00000000,train,True,aruna-juice-v4.0
2026-05-14,P005,Jus Nanas,23,19.00000000,19.00000000,9.00000000,19.00000000,17.00000000,12.00000000,16.14285714,16.28571429,15.85714286,4.59813627,3.72989114,27.00000000,16.00000000,20.00000000,train,True,aruna-juice-v4.0
2026-05-14,P006,Jus Melon,4,8.00000000,9.00000000,12.00000000,11.00000000,9.00000000,11.00000000,7.42857143,7.71428571,6.82142857,4.07664661,3.49568022,7.00000000,10.00000000,4.00000000,train,True,aruna-juice-v4.0
2026-05-14,P007,Jus Sirsak,8,25.00000000,23.00000000,9.00000000,26.00000000,11.00000000,20.00000000,17.28571429,18.21428571,17.14285714,7.27356597,6.00228894,11.00000000,9.00000000,19.00000000,train,True,aruna-juice-v4.0
2026-05-14,P008,Jus Alpukat,20,16.00000000,19.00000000,18.00000000,14.00000000,18.00000000,9.00000000,17.14285714,16.64285714,15.85714286,4.25944329,3.83520419,16.00000000,14.00000000,12.00000000,train,True,aruna-juice-v4.0
2026-05-14,P009,Jus Stroberi,29,22.00000000,17.00000000,15.00000000,29.00000000,16.00000000,21.00000000,18.14285714,18.85714286,17.92857143,5.78586126,6.89322011,13.00000000,14.00000000,13.00000000,train,True,aruna-juice-v4.0
2026-05-14,P010,Jus Jeruk,6,6.00000000,4.00000000,0.00000000,11.00000000,6.00000000,6.00000000,5.14285714,7.85714286,7.07142857,3.02371578,4.34753941,2.00000000,5.00000000,7.00000000,train,True,aruna-juice-v4.0
2026-05-14,P011,Jus Mangga,12,20.00000000,9.00000000,20.00000000,19.00000000,13.00000000,24.00000000,15.42857143,18.07142857,17.35714286,4.15760920,6.14522060,11.00000000,17.00000000,19.00000000,train,True,aruna-juice-v4.0
2026-05-15,P001,Jus Naga,8,5.00000000,7.00000000,7.00000000,8.00000000,13.00000000,5.00000000,7.57142857,7.71428571,8.57142857,1.98805959,3.31496772,9.00000000,10.00000000,5.00000000,train,True,aruna-juice-v4.0
2026-05-15,P002,Jus Semangka,5,8.00000000,7.00000000,5.00000000,5.00000000,6.00000000,6.00000000,5.71428571,5.71428571,6.21428571,1.97604704,2.19890082,1.00000000,4.00000000,5.00000000,train,True,aruna-juice-v4.0
2026-05-15,P003,Jus Jambu,6,12.00000000,9.00000000,11.00000000,14.00000000,9.00000000,5.00000000,7.57142857,8.57142857,8.07142857,3.40867241,3.10617959,14.00000000,3.00000000,6.00000000,train,True,aruna-juice-v4.0
2026-05-15,P004,Jus Pisang,7,6.00000000,7.00000000,10.00000000,8.00000000,5.00000000,4.00000000,6.57142857,6.28571429,5.50000000,2.76026224,2.36736047,7.00000000,8.00000000,4.00000000,train,True,aruna-juice-v4.0
2026-05-15,P005,Jus Nanas,27,23.00000000,19.00000000,19.00000000,15.00000000,18.00000000,12.00000000,17.85714286,16.92857143,16.39285714,6.09449400,4.69802390,16.00000000,20.00000000,17.00000000,train,True,aruna-juice-v4.0
2026-05-15,P006,Jus Melon,7,4.00000000,8.00000000,9.00000000,1.00000000,5.00000000,5.00000000,8.28571429,7.85714286,6.89285714,2.98408477,3.41618642,10.00000000,4.00000000,4.00000000,train,True,aruna-juice-v4.0
2026-05-15,P007,Jus Sirsak,11,8.00000000,25.00000000,23.00000000,17.00000000,23.00000000,13.00000000,16.42857143,17.35714286,17.07142857,7.65630770,6.12192960,9.00000000,19.00000000,13.00000000,train,True,aruna-juice-v4.0
2026-05-15,P008,Jus Alpukat,16,20.00000000,16.00000000,19.00000000,14.00000000,12.00000000,16.00000000,17.42857143,16.92857143,15.85714286,4.07664661,3.60478924,14.00000000,12.00000000,11.00000000,train,True,aruna-juice-v4.0
2026-05-15,P009,Jus Stroberi,13,29.00000000,22.00000000,17.00000000,16.00000000,14.00000000,17.00000000,17.71428571,18.78571429,17.78571429,6.07492896,6.95234959,14.00000000,13.00000000,13.00000000,train,True,aruna-juice-v4.0
2026-05-15,P010,Jus Jeruk,2,6.00000000,6.00000000,4.00000000,4.00000000,11.00000000,10.00000000,4.85714286,7.21428571,6.78571429,3.23669437,4.50945283,5.00000000,7.00000000,12.00000000,train,True,aruna-juice-v4.0
2026-05-15,P011,Jus Mangga,11,12.00000000,20.00000000,9.00000000,15.00000000,22.00000000,21.00000000,14.85714286,17.28571429,17.00000000,4.48807945,6.30541369,17.00000000,19.00000000,21.00000000,train,True,aruna-juice-v4.0
2026-05-16,P001,Jus Naga,9,8.00000000,5.00000000,7.00000000,11.00000000,4.00000000,3.00000000,7.28571429,8.07142857,8.78571429,1.49602648,3.14921933,10.00000000,5.00000000,10.00000000,train,True,aruna-juice-v4.0
2026-05-16,P002,Jus Semangka,1,5.00000000,8.00000000,7.00000000,4.00000000,7.00000000,11.00000000,5.28571429,5.28571429,5.85714286,2.62769136,2.49394872,4.00000000,5.00000000,10.00000000,train,True,aruna-juice-v4.0
2026-05-16,P003,Jus Jambu,14,6.00000000,12.00000000,9.00000000,2.00000000,9.00000000,10.00000000,9.28571429,8.92857143,8.21428571,3.14718317,3.42983035,3.00000000,6.00000000,6.00000000,train,True,aruna-juice-v4.0
2026-05-16,P004,Jus Pisang,7,7.00000000,6.00000000,7.00000000,7.00000000,5.00000000,7.00000000,6.57142857,6.42857143,5.50000000,2.76026224,2.34403615,8.00000000,4.00000000,6.00000000,train,True,aruna-juice-v4.0
2026-05-16,P005,Jus Nanas,16,27.00000000,23.00000000,19.00000000,13.00000000,13.00000000,12.00000000,18.28571429,17.14285714,16.53571429,5.79408565,4.57177197,20.00000000,17.00000000,19.00000000,train,True,aruna-juice-v4.0
2026-05-16,P006,Jus Melon,10,7.00000000,4.00000000,8.00000000,6.00000000,10.00000000,10.00000000,8.85714286,7.85714286,6.89285714,2.85356919,3.41618642,4.00000000,4.00000000,7.00000000,train,True,aruna-juice-v4.0
2026-05-16,P007,Jus Sirsak,9,11.00000000,8.00000000,25.00000000,25.00000000,19.00000000,17.00000000,14.14285714,16.64285714,16.78571429,7.03393137,6.48794317,19.00000000,13.00000000,18.00000000,train,True,aruna-juice-v4.0
2026-05-16,P008,Jus Alpukat,14,16.00000000,20.00000000,16.00000000,10.00000000,17.00000000,21.00000000,18.00000000,16.71428571,15.60714286,3.00000000,3.68841370,12.00000000,11.00000000,16.00000000,train,True,aruna-juice-v4.0
2026-05-16,P009,Jus Stroberi,14,13.00000000,29.00000000,22.00000000,11.00000000,10.00000000,19.00000000,18.14285714,19.07142857,17.60714286,5.61036456,6.63863153,13.00000000,13.00000000,20.00000000,train,True,aruna-juice-v4.0
2026-05-16,P010,Jus Jeruk,5,2.00000000,6.00000000,6.00000000,6.00000000,9.00000000,4.00000000,4.71428571,6.92857143,6.82142857,3.19970237,4.51432397,7.00000000,12.00000000,4.00000000,train,True,aruna-juice-v4.0
2026-05-16,P011,Jus Mangga,17,11.00000000,12.00000000,20.00000000,14.00000000,17.00000000,14.00000000,15.28571429,17.28571429,17.10714286,4.53557368,6.30541369,19.00000000,21.00000000,23.00000000,train,True,aruna-juice-v4.0
2026-05-17,P001,Jus Naga,10,9.00000000,8.00000000,5.00000000,6.00000000,7.00000000,5.00000000,7.85714286,8.28571429,8.96428571,1.67616342,3.17268562,5.00000000,10.00000000,7.00000000,train,True,aruna-juice-v4.0
2026-05-17,P002,Jus Semangka,4,1.00000000,5.00000000,8.00000000,8.00000000,5.00000000,4.00000000,4.71428571,5.21428571,5.85714286,2.36038738,2.51697533,5.00000000,10.00000000,2.00000000,train,True,aruna-juice-v4.0
2026-05-17,P003,Jus Jambu,3,14.00000000,6.00000000,12.00000000,6.00000000,9.00000000,6.00000000,8.85714286,8.50000000,8.10714286,3.80475892,3.77746354,6.00000000,6.00000000,5.00000000,train,True,aruna-juice-v4.0
2026-05-17,P004,Jus Pisang,8,7.00000000,7.00000000,6.00000000,1.00000000,4.00000000,8.00000000,7.57142857,6.71428571,5.50000000,1.27241802,2.26778684,4.00000000,6.00000000,4.00000000,train,True,aruna-juice-v4.0
2026-05-17,P005,Jus Nanas,20,16.00000000,27.00000000,23.00000000,15.00000000,16.00000000,19.00000000,19.00000000,17.42857143,16.57142857,5.62731434,4.61959515,17.00000000,19.00000000,16.00000000,train,True,aruna-juice-v4.0
2026-05-17,P006,Jus Melon,4,10.00000000,7.00000000,4.00000000,12.00000000,4.00000000,6.00000000,7.71428571,7.85714286,6.82142857,2.98408477,3.41618642,4.00000000,7.00000000,3.00000000,train,True,aruna-juice-v4.0
2026-05-17,P007,Jus Sirsak,19,9.00000000,11.00000000,8.00000000,14.00000000,20.00000000,18.00000000,14.85714286,16.57142857,16.82142857,7.26701616,6.45355341,13.00000000,18.00000000,21.00000000,train,True,aruna-juice-v4.0
2026-05-17,P008,Jus Alpukat,12,14.00000000,16.00000000,20.00000000,23.00000000,17.00000000,12.00000000,16.42857143,16.35714286,15.60714286,2.81999662,3.89491074,11.00000000,16.00000000,10.00000000,train,True,aruna-juice-v4.0
2026-05-17,P009,Jus Stroberi,13,14.00000000,13.00000000,29.00000000,17.00000000,19.00000000,18.00000000,17.57142857,18.64285714,17.42857143,5.94017797,6.83438302,13.00000000,20.00000000,14.00000000,train,True,aruna-juice-v4.0
2026-05-17,P010,Jus Jeruk,7,5.00000000,2.00000000,6.00000000,10.00000000,13.00000000,5.00000000,4.28571429,6.50000000,6.89285714,2.49761791,4.16487141,12.00000000,4.00000000,7.00000000,train,True,aruna-juice-v4.0
2026-05-17,P011,Jus Mangga,19,17.00000000,11.00000000,12.00000000,18.00000000,25.00000000,19.00000000,15.42857143,16.85714286,17.10714286,4.64962876,5.93369962,21.00000000,23.00000000,14.00000000,train,True,aruna-juice-v4.0
2026-05-18,P001,Jus Naga,5,10.00000000,9.00000000,8.00000000,9.00000000,16.00000000,11.00000000,7.28571429,7.50000000,8.75000000,1.88982237,2.37778177,10.00000000,7.00000000,6.00000000,train,True,aruna-juice-v4.0
2026-05-18,P002,Jus Semangka,5,4.00000000,1.00000000,5.00000000,3.00000000,10.00000000,9.00000000,5.00000000,4.85714286,5.71428571,2.23606798,2.10702644,10.00000000,2.00000000,5.00000000,train,True,aruna-juice-v4.0
2026-05-18,P003,Jus Jambu,6,3.00000000,14.00000000,6.00000000,7.00000000,12.00000000,9.00000000,8.71428571,8.07142857,8.00000000,3.90360029,3.68915846,6.00000000,5.00000000,5.00000000,train,True,aruna-juice-v4.0
2026-05-18,P004,Jus Pisang,4,8.00000000,7.00000000,7.00000000,8.00000000,8.00000000,6.00000000,7.00000000,6.42857143,5.42857143,1.82574186,2.34403615,6.00000000,4.00000000,3.00000000,train,True,aruna-juice-v4.0
2026-05-18,P005,Jus Nanas,17,20.00000000,16.00000000,27.00000000,9.00000000,21.00000000,14.00000000,20.14285714,17.14285714,16.67857143,3.76069902,4.50396651,19.00000000,16.00000000,14.00000000,train,True,aruna-juice-v4.0
2026-05-18,P006,Jus Melon,4,4.00000000,10.00000000,7.00000000,12.00000000,12.00000000,7.00000000,6.57142857,7.28571429,6.71428571,2.57275098,3.33809184,7.00000000,3.00000000,5.00000000,train,True,aruna-juice-v4.0
2026-05-18,P007,Jus Sirsak,13,19.00000000,9.00000000,11.00000000,9.00000000,19.00000000,14.00000000,15.42857143,16.14285714,16.78571429,6.87646088,6.47904484,18.00000000,21.00000000,19.00000000,train,True,aruna-juice-v4.0
2026-05-18,P008,Jus Alpukat,11,12.00000000,14.00000000,16.00000000,18.00000000,21.00000000,16.00000000,15.42857143,15.64285714,15.42857143,3.35942172,3.89491074,16.00000000,10.00000000,23.00000000,train,True,aruna-juice-v4.0
2026-05-18,P009,Jus Stroberi,13,13.00000000,14.00000000,13.00000000,15.00000000,32.00000000,12.00000000,17.28571429,17.28571429,17.46428571,6.12955370,5.78364500,20.00000000,14.00000000,19.00000000,train,True,aruna-juice-v4.0
2026-05-18,P010,Jus Jeruk,12,7.00000000,5.00000000,2.00000000,0.00000000,17.00000000,4.00000000,6.00000000,6.14285714,7.17857143,3.10912635,3.32489775,4.00000000,7.00000000,8.00000000,train,True,aruna-juice-v4.0
2026-05-18,P011,Jus Mangga,21,19.00000000,17.00000000,11.00000000,20.00000000,33.00000000,17.00000000,15.57142857,16.00000000,17.25000000,4.82552736,3.96135175,23.00000000,14.00000000,16.00000000,train,True,aruna-juice-v4.0
2026-05-19,P001,Jus Naga,10,5.00000000,10.00000000,9.00000000,7.00000000,6.00000000,13.00000000,7.71428571,7.78571429,8.64285714,2.13808994,2.42355655,7.00000000,6.00000000,12.00000000,embargo,True,aruna-juice-v4.0
2026-05-19,P002,Jus Semangka,10,5.00000000,4.00000000,1.00000000,5.00000000,4.00000000,7.00000000,5.71428571,5.28571429,5.82142857,2.92770022,2.49394872,2.00000000,5.00000000,9.00000000,embargo,True,aruna-juice-v4.0
2026-05-19,P003,Jus Jambu,6,6.00000000,3.00000000,14.00000000,11.00000000,8.00000000,11.00000000,8.00000000,7.92857143,7.82142857,3.87298335,3.73062762,5.00000000,5.00000000,8.00000000,embargo,True,aruna-juice-v4.0
2026-05-19,P004,Jus Pisang,6,4.00000000,8.00000000,7.00000000,10.00000000,8.00000000,6.00000000,6.42857143,6.28571429,5.42857143,1.27241802,2.30145678,4.00000000,3.00000000,8.00000000,embargo,True,aruna-juice-v4.0
2026-05-19,P005,Jus Nanas,19,17.00000000,20.00000000,16.00000000,19.00000000,14.00000000,12.00000000,20.14285714,17.50000000,16.92857143,3.76069902,4.43326586,16.00000000,14.00000000,30.00000000,embargo,True,aruna-juice-v4.0
2026-05-19,P006,Jus Melon,7,4.00000000,4.00000000,10.00000000,9.00000000,8.00000000,4.00000000,6.28571429,7.21428571,6.82142857,2.36038738,3.33232586,3.00000000,5.00000000,4.00000000,embargo,True,aruna-juice-v4.0
2026-05-19,P007,Jus Sirsak,18,13.00000000,19.00000000,9.00000000,23.00000000,16.00000000,18.00000000,14.71428571,16.28571429,16.78571429,6.18369592,6.49767499,21.00000000,19.00000000,26.00000000,embargo,True,aruna-juice-v4.0
2026-05-19,P008,Jus Alpukat,16,11.00000000,12.00000000,14.00000000,19.00000000,20.00000000,10.00000000,15.00000000,15.35714286,15.64285714,3.00000000,3.69213599,10.00000000,23.00000000,13.00000000,embargo,True,aruna-juice-v4.0
2026-05-19,P009,Jus Stroberi,20,13.00000000,13.00000000,14.00000000,17.00000000,20.00000000,25.00000000,17.71428571,17.28571429,17.28571429,6.21059003,5.78364500,14.00000000,19.00000000,28.00000000,embargo,True,aruna-juice-v4.0
2026-05-19,P010,Jus Jeruk,4,12.00000000,7.00000000,5.00000000,4.00000000,8.00000000,4.00000000,6.00000000,5.85714286,7.17857143,3.10912635,3.32489775,7.00000000,8.00000000,4.00000000,embargo,True,aruna-juice-v4.0
2026-05-19,P011,Jus Mangga,23,21.00000000,19.00000000,17.00000000,9.00000000,18.00000000,24.00000000,17.57142857,16.35714286,17.21428571,4.54082015,4.36078932,14.00000000,16.00000000,22.00000000,embargo,True,aruna-juice-v4.0
2026-05-20,P001,Jus Naga,7,10.00000000,5.00000000,10.00000000,7.00000000,3.00000000,10.00000000,7.71428571,8.07142857,8.53571429,2.13808994,2.01777813,6.00000000,12.00000000,4.00000000,embargo,True,aruna-juice-v4.0
2026-05-20,P002,Jus Semangka,2,10.00000000,5.00000000,4.00000000,7.00000000,2.00000000,7.00000000,5.00000000,5.28571429,5.64285714,3.16227766,2.49394872,5.00000000,9.00000000,5.00000000,embargo,True,aruna-juice-v4.0
2026-05-20,P003,Jus Jambu,5,6.00000000,6.00000000,3.00000000,9.00000000,6.00000000,7.00000000,7.42857143,7.85714286,7.75000000,3.99404318,3.77964473,5.00000000,8.00000000,9.00000000,embargo,True,aruna-juice-v4.0
2026-05-20,P004,Jus Pisang,4,6.00000000,4.00000000,8.00000000,7.00000000,6.00000000,4.00000000,6.00000000,6.14285714,5.42857143,1.52752523,2.38124540,3.00000000,8.00000000,6.00000000,embargo,True,aruna-juice-v4.0
2026-05-20,P005,Jus Nanas,16,19.00000000,17.00000000,20.00000000,19.00000000,14.00000000,17.00000000,19.71428571,17.64285714,16.89285714,4.07080196,4.34311379,14.00000000,30.00000000,14.00000000,embargo,True,aruna-juice-v4.0
2026-05-20,P006,Jus Melon,3,7.00000000,4.00000000,4.00000000,8.00000000,6.00000000,4.00000000,5.57142857,7.00000000,6.78571429,2.50713268,3.50823208,5.00000000,4.00000000,7.00000000,embargo,True,aruna-juice-v4.0
2026-05-20,P007,Jus Sirsak,21,18.00000000,13.00000000,19.00000000,25.00000000,11.00000000,17.00000000,14.14285714,17.00000000,16.92857143,5.17779140,6.42111900,19.00000000,26.00000000,17.00000000,embargo,True,aruna-juice-v4.0
2026-05-20,P008,Jus Alpukat,10,16.00000000,11.00000000,12.00000000,16.00000000,12.00000000,16.00000000,14.14285714,15.21428571,15.42857143,3.48466026,3.86659404,23.00000000,13.00000000,13.00000000,embargo,True,aruna-juice-v4.0
2026-05-20,P009,Jus Stroberi,14,20.00000000,13.00000000,13.00000000,22.00000000,13.00000000,13.00000000,16.57142857,17.35714286,17.32142857,6.02376247,5.73259430,19.00000000,28.00000000,16.00000000,embargo,True,aruna-juice-v4.0
2026-05-20,P010,Jus Jeruk,7,4.00000000,12.00000000,7.00000000,6.00000000,5.00000000,9.00000000,6.14285714,6.00000000,7.10714286,3.13201593,3.32820118,8.00000000,4.00000000,6.00000000,embargo,True,aruna-juice-v4.0
2026-05-20,P011,Jus Mangga,14,23.00000000,21.00000000,19.00000000,20.00000000,11.00000000,12.00000000,16.71428571,16.57142857,17.28571429,4.57217256,4.14569815,16.00000000,22.00000000,14.00000000,embargo,True,aruna-juice-v4.0
2026-05-21,P001,Jus Naga,6,7.00000000,10.00000000,5.00000000,5.00000000,11.00000000,6.00000000,7.85714286,7.71428571,8.53571429,1.95180015,1.89852459,12.00000000,4.00000000,7.00000000,embargo,True,aruna-juice-v4.0
2026-05-21,P002,Jus Semangka,5,2.00000000,10.00000000,5.00000000,8.00000000,7.00000000,6.00000000,4.57142857,5.14285714,5.60714286,2.87849167,2.44499938,9.00000000,5.00000000,8.00000000,embargo,True,aruna-juice-v4.0
2026-05-21,P003,Jus Jambu,5,5.00000000,6.00000000,6.00000000,12.00000000,9.00000000,12.00000000,6.42857143,7.57142857,7.50000000,3.50509833,3.83735257,8.00000000,9.00000000,5.00000000,embargo,True,aruna-juice-v4.0
2026-05-21,P004,Jus Pisang,3,4.00000000,6.00000000,4.00000000,6.00000000,3.00000000,2.00000000,5.57142857,6.14285714,5.46428571,1.90237946,2.38124540,8.00000000,6.00000000,6.00000000,embargo,True,aruna-juice-v4.0
2026-05-21,P005,Jus Nanas,14,16.00000000,19.00000000,17.00000000,23.00000000,19.00000000,22.00000000,18.42857143,17.28571429,16.60714286,4.27617987,4.42768513,30.00000000,14.00000000,17.00000000,embargo,True,aruna-juice-v4.0
2026-05-21,P006,Jus Melon,5,3.00000000,7.00000000,4.00000000,4.00000000,11.00000000,8.00000000,5.71428571,6.57142857,6.67857143,2.42997159,3.34466937,4.00000000,7.00000000,7.00000000,embargo,True,aruna-juice-v4.0
2026-05-21,P007,Jus Sirsak,19,21.00000000,18.00000000,13.00000000,8.00000000,26.00000000,18.00000000,15.71428571,16.50000000,16.96428571,4.64450520,5.91932948,26.00000000,17.00000000,20.00000000,embargo,True,aruna-juice-v4.0
2026-05-21,P008,Jus Alpukat,23,10.00000000,16.00000000,11.00000000,20.00000000,14.00000000,14.00000000,14.57142857,15.85714286,15.75000000,4.39155033,4.36519702,13.00000000,13.00000000,22.00000000,embargo,True,aruna-juice-v4.0
2026-05-21,P009,Jus Stroberi,19,14.00000000,20.00000000,13.00000000,29.00000000,29.00000000,16.00000000,15.14285714,16.64285714,17.42857143,3.02371578,4.70036239,28.00000000,16.00000000,18.00000000,embargo,True,aruna-juice-v4.0
2026-05-21,P010,Jus Jeruk,8,7.00000000,4.00000000,12.00000000,6.00000000,11.00000000,6.00000000,6.42857143,5.78571429,7.17857143,3.20713490,3.06791263,4.00000000,6.00000000,12.00000000,embargo,True,aruna-juice-v4.0
2026-05-21,P011,Jus Mangga,16,14.00000000,23.00000000,21.00000000,12.00000000,19.00000000,12.00000000,17.28571429,16.35714286,17.42857143,4.11154009,4.08763883,22.00000000,14.00000000,24.00000000,embargo,True,aruna-juice-v4.0
2026-05-22,P001,Jus Naga,12,6.00000000,7.00000000,10.00000000,8.00000000,8.00000000,14.00000000,8.42857143,8.00000000,8.46428571,2.50713268,2.21880078,4.00000000,7.00000000,7.00000000,validation,True,aruna-juice-v4.0
2026-05-22,P002,Jus Semangka,9,5.00000000,2.00000000,10.00000000,5.00000000,5.00000000,5.00000000,5.14285714,5.42857143,5.75000000,3.33809184,2.65197418,5.00000000,8.00000000,5.00000000,validation,True,aruna-juice-v4.0
2026-05-22,P003,Jus Jambu,8,5.00000000,5.00000000,6.00000000,6.00000000,14.00000000,7.00000000,6.71428571,7.14285714,7.53571429,3.54562104,3.37085113,9.00000000,5.00000000,6.00000000,validation,True,aruna-juice-v4.0
2026-05-22,P004,Jus Pisang,8,3.00000000,4.00000000,6.00000000,7.00000000,8.00000000,5.00000000,5.71428571,6.14285714,5.57142857,2.05866346,2.38124540,6.00000000,6.00000000,4.00000000,validation,True,aruna-juice-v4.0
2026-05-22,P005,Jus Nanas,30,14.00000000,16.00000000,19.00000000,27.00000000,15.00000000,11.00000000,18.85714286,18.35714286,17.28571429,5.30498418,5.51371915,14.00000000,17.00000000,21.00000000,validation,True,aruna-juice-v4.0
2026-05-22,P006,Jus Melon,4,5.00000000,3.00000000,7.00000000,7.00000000,1.00000000,4.00000000,5.28571429,6.78571429,6.67857143,2.42997159,3.04273590,7.00000000,7.00000000,7.00000000,validation,True,aruna-juice-v4.0
2026-05-22,P007,Jus Sirsak,26,19.00000000,21.00000000,18.00000000,11.00000000,17.00000000,17.00000000,17.85714286,17.14285714,17.28571429,5.49025110,6.44332861,17.00000000,20.00000000,12.00000000,validation,True,aruna-juice-v4.0
2026-05-22,P008,Jus Alpukat,13,23.00000000,10.00000000,16.00000000,16.00000000,14.00000000,12.00000000,14.14285714,15.78571429,15.78571429,4.37525509,4.40591510,13.00000000,22.00000000,14.00000000,validation,True,aruna-juice-v4.0
2026-05-22,P009,Jus Stroberi,28,19.00000000,14.00000000,20.00000000,13.00000000,16.00000000,17.00000000,17.28571429,17.50000000,17.82142857,5.52914357,5.58500740,16.00000000,18.00000000,20.00000000,validation,True,aruna-juice-v4.0
2026-05-22,P010,Jus Jeruk,4,8.00000000,7.00000000,4.00000000,2.00000000,4.00000000,9.00000000,6.71428571,5.78571429,7.00000000,2.81154084,3.06791263,6.00000000,12.00000000,4.00000000,validation,True,aruna-juice-v4.0
2026-05-22,P011,Jus Mangga,22,16.00000000,14.00000000,23.00000000,11.00000000,15.00000000,14.00000000,18.85714286,16.85714286,17.71428571,3.33809184,4.32980978,14.00000000,24.00000000,27.00000000,validation,True,aruna-juice-v4.0
2026-05-23,P001,Jus Naga,4,12.00000000,6.00000000,7.00000000,9.00000000,11.00000000,8.00000000,7.71428571,7.50000000,8.32142857,2.98408477,2.27866358,7.00000000,7.00000000,8.00000000,validation,True,aruna-juice-v4.0
2026-05-23,P002,Jus Semangka,5,9.00000000,5.00000000,2.00000000,1.00000000,4.00000000,10.00000000,5.71428571,5.50000000,5.57142857,2.81154084,2.62385506,8.00000000,5.00000000,2.00000000,validation,True,aruna-juice-v4.0
2026-05-23,P003,Jus Jambu,9,8.00000000,5.00000000,5.00000000,14.00000000,2.00000000,8.00000000,6.00000000,7.64285714,7.57142857,2.00000000,3.05355135,5.00000000,6.00000000,5.00000000,validation,True,aruna-juice-v4.0
2026-05-23,P004,Jus Pisang,6,8.00000000,3.00000000,4.00000000,7.00000000,7.00000000,6.00000000,5.57142857,6.07142857,5.57142857,1.98805959,2.36852066,6.00000000,4.00000000,4.00000000,validation,True,aruna-juice-v4.0
2026-05-23,P005,Jus Nanas,14,30.00000000,14.00000000,16.00000000,16.00000000,13.00000000,13.00000000,18.57142857,18.42857143,17.32142857,5.53344808,5.44503000,17.00000000,21.00000000,14.00000000,validation,True,aruna-juice-v4.0
2026-05-23,P006,Jus Melon,7,4.00000000,5.00000000,3.00000000,10.00000000,6.00000000,7.00000000,4.85714286,6.85714286,6.67857143,1.57359158,3.03459902,7.00000000,7.00000000,8.00000000,validation,True,aruna-juice-v4.0
2026-05-23,P007,Jus Sirsak,17,26.00000000,19.00000000,21.00000000,9.00000000,25.00000000,16.00000000,19.00000000,16.57142857,17.32142857,3.95811403,6.03469820,20.00000000,12.00000000,17.00000000,validation,True,aruna-juice-v4.0
2026-05-23,P008,Jus Alpukat,13,13.00000000,23.00000000,10.00000000,14.00000000,10.00000000,17.00000000,14.00000000,16.00000000,15.64285714,4.39696865,4.16948623,22.00000000,14.00000000,17.00000000,validation,True,aruna-juice-v4.0
2026-05-23,P009,Jus Stroberi,16,28.00000000,19.00000000,14.00000000,14.00000000,11.00000000,15.00000000,17.57142857,17.85714286,17.85714286,5.38074167,5.28942549,18.00000000,20.00000000,15.00000000,validation,True,aruna-juice-v4.0
2026-05-23,P010,Jus Jeruk,6,4.00000000,8.00000000,7.00000000,5.00000000,6.00000000,5.00000000,6.85714286,5.78571429,7.03571429,2.73426233,3.06791263,12.00000000,4.00000000,5.00000000,validation,True,aruna-juice-v4.0
2026-05-23,P011,Jus Mangga,14,22.00000000,16.00000000,14.00000000,17.00000000,14.00000000,12.00000000,18.42857143,16.85714286,17.78571429,3.77964473,4.32980978,24.00000000,27.00000000,13.00000000,validation,True,aruna-juice-v4.0
2026-05-24,P001,Jus Naga,7,4.00000000,12.00000000,6.00000000,10.00000000,6.00000000,10.00000000,7.28571429,7.57142857,8.21428571,2.81154084,2.24342752,7.00000000,8.00000000,7.00000000,validation,True,aruna-juice-v4.0
2026-05-24,P002,Jus Semangka,8,5.00000000,9.00000000,5.00000000,4.00000000,8.00000000,3.00000000,6.28571429,5.50000000,5.75000000,2.81154084,2.62385506,5.00000000,2.00000000,5.00000000,validation,True,aruna-juice-v4.0
2026-05-24,P003,Jus Jambu,5,9.00000000,8.00000000,5.00000000,3.00000000,6.00000000,3.00000000,6.28571429,7.57142857,7.64285714,1.60356745,3.10617959,6.00000000,5.00000000,8.00000000,validation,True,aruna-juice-v4.0
2026-05-24,P004,Jus Pisang,6,6.00000000,8.00000000,3.00000000,8.00000000,1.00000000,4.00000000,5.28571429,6.42857143,5.64285714,1.70433621,1.86935965,4.00000000,4.00000000,1.00000000,validation,True,aruna-juice-v4.0
2026-05-24,P005,Jus Nanas,17,14.00000000,30.00000000,14.00000000,20.00000000,15.00000000,21.00000000,18.14285714,18.57142857,17.17857143,5.52052447,5.37392974,21.00000000,14.00000000,14.00000000,validation,True,aruna-juice-v4.0
2026-05-24,P006,Jus Melon,7,7.00000000,4.00000000,5.00000000,4.00000000,12.00000000,8.00000000,5.28571429,6.50000000,6.64285714,1.70433621,2.65300990,7.00000000,8.00000000,6.00000000,validation,True,aruna-juice-v4.0
2026-05-24,P007,Jus Sirsak,20,17.00000000,26.00000000,19.00000000,19.00000000,14.00000000,19.00000000,19.14285714,17.00000000,17.35714286,3.97611919,6.05106475,12.00000000,17.00000000,22.00000000,validation,True,aruna-juice-v4.0
2026-05-24,P008,Jus Alpukat,22,13.00000000,13.00000000,23.00000000,12.00000000,23.00000000,13.00000000,15.42857143,15.92857143,15.96428571,5.19156826,4.04711266,14.00000000,17.00000000,16.00000000,validation,True,aruna-juice-v4.0
2026-05-24,P009,Jus Stroberi,18,16.00000000,28.00000000,19.00000000,13.00000000,17.00000000,15.00000000,18.28571429,17.92857143,17.96428571,4.99046710,5.28370915,20.00000000,15.00000000,11.00000000,validation,True,aruna-juice-v4.0
2026-05-24,P010,Jus Jeruk,12,6.00000000,4.00000000,8.00000000,7.00000000,10.00000000,6.00000000,7.57142857,5.92857143,7.25000000,3.35942172,3.31579636,4.00000000,5.00000000,10.00000000,validation,True,aruna-juice-v4.0
2026-05-24,P011,Jus Mangga,24,14.00000000,22.00000000,16.00000000,19.00000000,18.00000000,20.00000000,19.14285714,17.28571429,17.92857143,4.33699479,4.73007678,27.00000000,13.00000000,18.00000000,validation,True,aruna-juice-v4.0
2026-05-25,P001,Jus Naga,7,7.00000000,4.00000000,12.00000000,5.00000000,9.00000000,6.00000000,7.57142857,7.42857143,8.25000000,2.63673680,2.20887321,8.00000000,7.00000000,8.00000000,validation,True,aruna-juice-v4.0
2026-05-25,P002,Jus Semangka,5,8.00000000,5.00000000,9.00000000,5.00000000,3.00000000,7.00000000,6.28571429,5.64285714,5.67857143,2.81154084,2.53003931,2.00000000,5.00000000,7.00000000,validation,True,aruna-juice-v4.0
2026-05-25,P003,Jus Jambu,6,5.00000000,9.00000000,8.00000000,6.00000000,7.00000000,6.00000000,6.28571429,7.50000000,7.64285714,1.60356745,3.13172354,5.00000000,8.00000000,8.00000000,validation,True,aruna-juice-v4.0
2026-05-25,P004,Jus Pisang,4,6.00000000,6.00000000,8.00000000,4.00000000,8.00000000,5.00000000,5.28571429,6.14285714,5.60714286,1.70433621,1.91581045,4.00000000,1.00000000,4.00000000,validation,True,aruna-juice-v4.0
2026-05-25,P005,Jus Nanas,21,17.00000000,14.00000000,30.00000000,17.00000000,9.00000000,15.00000000,18.71428571,19.42857143,17.39285714,5.58910505,4.63621672,14.00000000,14.00000000,18.00000000,validation,True,aruna-juice-v4.0
2026-05-25,P006,Jus Melon,7,7.00000000,7.00000000,4.00000000,4.00000000,12.00000000,3.00000000,5.71428571,6.14285714,6.78571429,1.70433621,2.14322341,8.00000000,6.00000000,5.00000000,validation,True,aruna-juice-v4.0
2026-05-25,P007,Jus Sirsak,12,20.00000000,17.00000000,26.00000000,13.00000000,9.00000000,15.00000000,19.00000000,17.21428571,17.25000000,4.24264069,5.79361149,17.00000000,22.00000000,16.00000000,validation,True,aruna-juice-v4.0
2026-05-25,P008,Jus Alpukat,14,22.00000000,13.00000000,13.00000000,11.00000000,18.00000000,15.00000000,15.85714286,15.64285714,15.92857143,4.87950036,4.03078810,17.00000000,16.00000000,14.00000000,validation,True,aruna-juice-v4.0
2026-05-25,P009,Jus Stroberi,20,18.00000000,16.00000000,28.00000000,13.00000000,15.00000000,21.00000000,19.28571429,18.28571429,17.92857143,4.42396073,5.23932719,15.00000000,11.00000000,23.00000000,validation,True,aruna-juice-v4.0
2026-05-25,P010,Jus Jeruk,4,12.00000000,6.00000000,4.00000000,12.00000000,0.00000000,8.00000000,6.42857143,6.21428571,7.10714286,2.93582146,2.91359074,5.00000000,10.00000000,8.00000000,validation,True,aruna-juice-v4.0
2026-05-25,P011,Jus Mangga,27,24.00000000,14.00000000,22.00000000,21.00000000,20.00000000,23.00000000,20.00000000,17.78571429,18.07142857,5.25991128,5.36625599,13.00000000,18.00000000,16.00000000,validation,True,aruna-juice-v4.0
2026-05-26,P001,Jus Naga,8,7.00000000,7.00000000,4.00000000,10.00000000,7.00000000,12.00000000,7.28571429,7.50000000,8.10714286,2.42997159,2.21011660,7.00000000,8.00000000,10.00000000,validation,True,aruna-juice-v4.0
2026-05-26,P002,Jus Semangka,2,5.00000000,8.00000000,5.00000000,10.00000000,5.00000000,5.00000000,5.14285714,5.42857143,5.57142857,2.67261242,2.70936512,5.00000000,7.00000000,7.00000000,validation,True,aruna-juice-v4.0
2026-05-26,P003,Jus Jambu,5,6.00000000,5.00000000,9.00000000,6.00000000,11.00000000,7.00000000,6.14285714,7.07142857,7.57142857,1.67616342,3.02462422,8.00000000,8.00000000,8.00000000,validation,True,aruna-juice-v4.0
2026-05-26,P004,Jus Pisang,4,4.00000000,6.00000000,6.00000000,6.00000000,10.00000000,5.00000000,5.00000000,5.71428571,5.57142857,1.73205081,1.63747326,1.00000000,4.00000000,3.00000000,validation,True,aruna-juice-v4.0
2026-05-26,P005,Jus Nanas,14,21.00000000,17.00000000,14.00000000,19.00000000,19.00000000,12.00000000,18.00000000,19.07142857,17.46428571,5.85946528,4.85900094,14.00000000,18.00000000,19.00000000,validation,True,aruna-juice-v4.0
2026-05-26,P006,Jus Melon,8,7.00000000,7.00000000,7.00000000,7.00000000,9.00000000,3.00000000,5.85714286,6.07142857,6.96428571,1.86445447,2.05554731,6.00000000,5.00000000,9.00000000,validation,True,aruna-juice-v4.0
2026-05-26,P007,Jus Sirsak,17,12.00000000,20.00000000,17.00000000,18.00000000,23.00000000,12.00000000,18.85714286,16.78571429,17.42857143,4.29839394,5.54947775,22.00000000,16.00000000,8.00000000,validation,True,aruna-juice-v4.0
2026-05-26,P008,Jus Alpukat,17,14.00000000,22.00000000,13.00000000,16.00000000,19.00000000,10.00000000,16.00000000,15.50000000,16.17857143,4.89897949,3.93700394,16.00000000,14.00000000,17.00000000,validation,True,aruna-juice-v4.0
2026-05-26,P009,Jus Stroberi,15,20.00000000,18.00000000,16.00000000,20.00000000,17.00000000,18.00000000,18.57142857,18.14285714,17.82142857,4.68533680,5.30394835,11.00000000,23.00000000,16.00000000,validation,True,aruna-juice-v4.0
2026-05-26,P010,Jus Jeruk,5,4.00000000,12.00000000,6.00000000,4.00000000,4.00000000,6.00000000,6.57142857,6.28571429,7.07142857,2.81999662,2.86701591,10.00000000,8.00000000,7.00000000,validation,True,aruna-juice-v4.0
2026-05-26,P011,Jus Mangga,13,27.00000000,24.00000000,14.00000000,23.00000000,9.00000000,9.00000000,18.57142857,18.07142857,18.21428571,5.65264371,4.95307652,18.00000000,16.00000000,21.00000000,validation,True,aruna-juice-v4.0
2026-05-27,P001,Jus Naga,7,8.00000000,7.00000000,7.00000000,7.00000000,7.00000000,13.00000000,7.28571429,7.50000000,7.89285714,2.42997159,2.21011660,8.00000000,10.00000000,7.00000000,validation,True,aruna-juice-v4.0
2026-05-27,P002,Jus Semangka,5,2.00000000,5.00000000,8.00000000,2.00000000,7.00000000,7.00000000,5.57142857,5.28571429,5.50000000,2.29906813,2.67261242,7.00000000,7.00000000,10.00000000,validation,True,aruna-juice-v4.0
2026-05-27,P003,Jus Jambu,8,5.00000000,6.00000000,5.00000000,5.00000000,9.00000000,7.00000000,6.57142857,7.00000000,7.60714286,1.71824939,2.98715198,8.00000000,8.00000000,10.00000000,validation,True,aruna-juice-v4.0
2026-05-27,P004,Jus Pisang,1,4.00000000,4.00000000,6.00000000,4.00000000,7.00000000,2.00000000,4.57142857,5.28571429,5.53571429,2.29906813,2.01641614,4.00000000,3.00000000,6.00000000,validation,True,aruna-juice-v4.0
2026-05-27,P005,Jus Nanas,14,14.00000000,21.00000000,17.00000000,16.00000000,19.00000000,19.00000000,17.71428571,18.71428571,17.28571429,6.01980857,5.04485376,18.00000000,19.00000000,16.00000000,validation,True,aruna-juice-v4.0
2026-05-27,P006,Jus Melon,6,8.00000000,7.00000000,7.00000000,3.00000000,8.00000000,5.00000000,6.28571429,5.92857143,7.00000000,1.38013112,1.97928836,5.00000000,9.00000000,8.00000000,validation,True,aruna-juice-v4.0
2026-05-27,P007,Jus Sirsak,22,17.00000000,12.00000000,20.00000000,21.00000000,25.00000000,20.00000000,19.00000000,16.57142857,17.50000000,4.39696865,5.25816999,16.00000000,8.00000000,17.00000000,validation,True,aruna-juice-v4.0
2026-05-27,P008,Jus Alpukat,16,17.00000000,14.00000000,22.00000000,10.00000000,16.00000000,21.00000000,16.85714286,15.50000000,16.00000000,4.14039336,3.93700394,14.00000000,17.00000000,18.00000000,validation,True,aruna-juice-v4.0
2026-05-27,P009,Jus Stroberi,11,15.00000000,20.00000000,18.00000000,14.00000000,22.00000000,16.00000000,18.14285714,17.35714286,17.64285714,5.27347360,5.49975024,23.00000000,16.00000000,12.00000000,validation,True,aruna-juice-v4.0
2026-05-27,P010,Jus Jeruk,10,5.00000000,4.00000000,12.00000000,7.00000000,6.00000000,6.00000000,7.00000000,6.57142857,7.21428571,3.10912635,3.03097562,8.00000000,7.00000000,8.00000000,validation,True,aruna-juice-v4.0
2026-05-27,P011,Jus Mangga,18,13.00000000,27.00000000,24.00000000,14.00000000,20.00000000,23.00000000,19.14285714,17.92857143,18.03571429,5.30498418,4.92191779,16.00000000,21.00000000,17.00000000,validation,True,aruna-juice-v4.0
2026-05-28,P001,Jus Naga,8,7.00000000,8.00000000,7.00000000,6.00000000,5.00000000,8.00000000,7.57142857,7.71428571,7.89285714,2.37045304,2.09132168,10.00000000,7.00000000,5.00000000,validation,True,aruna-juice-v4.0
2026-05-28,P002,Jus Semangka,7,5.00000000,2.00000000,5.00000000,5.00000000,8.00000000,7.00000000,5.85714286,5.21428571,5.50000000,2.34012617,2.60704877,7.00000000,10.00000000,5.00000000,validation,True,aruna-juice-v4.0
2026-05-28,P003,Jus Jambu,8,8.00000000,5.00000000,6.00000000,5.00000000,12.00000000,4.00000000,7.00000000,6.71428571,7.75000000,1.63299316,2.64367377,8.00000000,10.00000000,7.00000000,validation,True,aruna-juice-v4.0
2026-05-28,P004,Jus Pisang,4,1.00000000,4.00000000,4.00000000,3.00000000,6.00000000,1.00000000,4.71428571,5.14285714,5.64285714,2.21466971,2.03269972,3.00000000,6.00000000,3.00000000,validation,True,aruna-juice-v4.0
2026-05-28,P005,Jus Nanas,18,14.00000000,14.00000000,21.00000000,14.00000000,23.00000000,17.00000000,18.28571429,18.35714286,17.32142857,5.79408565,4.89280701,19.00000000,16.00000000,12.00000000,validation,True,aruna-juice-v4.0
2026-05-28,P006,Jus Melon,5,6.00000000,8.00000000,7.00000000,5.00000000,4.00000000,9.00000000,6.28571429,6.00000000,6.85714286,1.38013112,1.92153785,9.00000000,8.00000000,6.00000000,validation,True,aruna-juice-v4.0
2026-05-28,P007,Jus Sirsak,16,22.00000000,17.00000000,12.00000000,19.00000000,8.00000000,11.00000000,18.57142857,17.14285714,17.67857143,4.54082015,4.65514013,8.00000000,17.00000000,19.00000000,validation,True,aruna-juice-v4.0
2026-05-28,P008,Jus Alpukat,14,16.00000000,17.00000000,14.00000000,23.00000000,20.00000000,18.00000000,15.57142857,15.07142857,15.85714286,3.20713490,3.73062762,17.00000000,18.00000000,15.00000000,validation,True,aruna-juice-v4.0
2026-05-28,P009,Jus Stroberi,23,11.00000000,15.00000000,20.00000000,19.00000000,29.00000000,16.00000000,18.71428571,16.92857143,17.89285714,5.58910505,4.69802390,16.00000000,12.00000000,12.00000000,validation,True,aruna-juice-v4.0
2026-05-28,P010,Jus Jeruk,8,10.00000000,5.00000000,4.00000000,8.00000000,6.00000000,6.00000000,7.00000000,6.71428571,7.28571429,3.10912635,3.04904957,7.00000000,8.00000000,9.00000000,validation,True,aruna-juice-v4.0
2026-05-28,P011,Jus Mangga,16,18.00000000,13.00000000,27.00000000,16.00000000,12.00000000,13.00000000,19.14285714,18.21428571,18.14285714,5.30498418,4.66044850,21.00000000,17.00000000,23.00000000,validation,True,aruna-juice-v4.0
2026-05-29,P001,Jus Naga,10,8.00000000,7.00000000,8.00000000,12.00000000,8.00000000,13.00000000,7.28571429,7.85714286,7.78571429,1.79947082,2.17881912,7.00000000,5.00000000,7.00000000,validation,True,aruna-juice-v4.0
2026-05-29,P002,Jus Semangka,7,7.00000000,5.00000000,2.00000000,9.00000000,5.00000000,6.00000000,5.57142857,5.35714286,5.53571429,1.98805959,2.64886457,10.00000000,5.00000000,6.00000000,validation,True,aruna-juice-v4.0
2026-05-29,P003,Jus Jambu,8,8.00000000,8.00000000,5.00000000,8.00000000,6.00000000,9.00000000,7.00000000,6.85714286,7.71428571,1.63299316,2.65611465,10.00000000,7.00000000,7.00000000,validation,True,aruna-juice-v4.0
2026-05-29,P004,Jus Pisang,3,4.00000000,1.00000000,4.00000000,8.00000000,7.00000000,5.00000000,4.00000000,4.85714286,5.57142857,1.73205081,2.03269972,6.00000000,3.00000000,8.00000000,validation,True,aruna-juice-v4.0
2026-05-29,P005,Jus Nanas,19,18.00000000,14.00000000,14.00000000,30.00000000,27.00000000,18.00000000,16.71428571,17.78571429,17.35714286,2.81154084,4.22772118,16.00000000,12.00000000,12.00000000,validation,True,aruna-juice-v4.0
2026-05-29,P006,Jus Melon,9,5.00000000,6.00000000,8.00000000,4.00000000,7.00000000,5.00000000,7.00000000,6.14285714,7.00000000,1.29099445,2.07019668,8.00000000,6.00000000,3.00000000,validation,True,aruna-juice-v4.0
2026-05-29,P007,Jus Sirsak,8,16.00000000,22.00000000,17.00000000,26.00000000,11.00000000,23.00000000,16.00000000,16.92857143,17.14285714,4.72581563,5.01481322,17.00000000,19.00000000,21.00000000,validation,True,aruna-juice-v4.0
2026-05-29,P008,Jus Alpukat,17,14.00000000,16.00000000,17.00000000,13.00000000,16.00000000,12.00000000,16.14285714,15.14285714,16.03571429,3.02371578,3.75923771,18.00000000,15.00000000,25.00000000,validation,True,aruna-juice-v4.0
2026-05-29,P009,Jus Stroberi,16,23.00000000,11.00000000,15.00000000,28.00000000,13.00000000,14.00000000,17.00000000,17.14285714,17.96428571,3.82970843,4.57177197,12.00000000,12.00000000,23.00000000,validation,True,aruna-juice-v4.0
2026-05-29,P010,Jus Jeruk,7,8.00000000,10.00000000,5.00000000,4.00000000,2.00000000,11.00000000,7.42857143,7.07142857,7.14285714,2.81999662,2.73057576,8.00000000,9.00000000,10.00000000,validation,True,aruna-juice-v4.0
2026-05-29,P011,Jus Mangga,21,16.00000000,18.00000000,13.00000000,22.00000000,11.00000000,22.00000000,19.00000000,18.92857143,18.10714286,5.22812905,4.21470477,17.00000000,23.00000000,18.00000000,validation,True,aruna-juice-v4.0
2026-05-30,P001,Jus Naga,7,10.00000000,8.00000000,7.00000000,4.00000000,9.00000000,4.00000000,7.71428571,7.71428571,7.89285714,1.11269728,2.16363552,5.00000000,7.00000000,12.00000000,validation,True,aruna-juice-v4.0
2026-05-30,P002,Jus Semangka,10,7.00000000,7.00000000,5.00000000,5.00000000,1.00000000,7.00000000,6.28571429,6.00000000,5.64285714,2.56347978,2.60177454,5.00000000,6.00000000,8.00000000,validation,True,aruna-juice-v4.0
2026-05-30,P003,Jus Jambu,10,8.00000000,8.00000000,8.00000000,9.00000000,14.00000000,9.00000000,7.14285714,6.57142857,7.75000000,1.86445447,1.94992251,7.00000000,7.00000000,9.00000000,validation,True,aruna-juice-v4.0
2026-05-30,P004,Jus Pisang,6,3.00000000,4.00000000,1.00000000,6.00000000,7.00000000,5.00000000,4.00000000,4.78571429,5.60714286,1.73205081,1.96815304,3.00000000,8.00000000,6.00000000,validation,True,aruna-juice-v4.0
2026-05-30,P005,Jus Nanas,16,19.00000000,18.00000000,14.00000000,14.00000000,16.00000000,13.00000000,17.00000000,17.78571429,17.46428571,2.58198890,4.22772118,12.00000000,12.00000000,23.00000000,validation,True,aruna-juice-v4.0
2026-05-30,P006,Jus Melon,8,9.00000000,5.00000000,6.00000000,7.00000000,10.00000000,10.00000000,7.14285714,6.00000000,6.92857143,1.34518542,1.83973242,6.00000000,3.00000000,5.00000000,validation,True,aruna-juice-v4.0
2026-05-30,P007,Jus Sirsak,17,8.00000000,16.00000000,22.00000000,17.00000000,9.00000000,19.00000000,16.00000000,17.50000000,17.07142857,4.72581563,4.46783375,19.00000000,21.00000000,20.00000000,validation,True,aruna-juice-v4.0
2026-05-30,P008,Jus Alpukat,18,17.00000000,14.00000000,16.00000000,13.00000000,14.00000000,17.00000000,16.85714286,15.42857143,16.07142857,2.73426233,3.81725406,15.00000000,25.00000000,27.00000000,validation,True,aruna-juice-v4.0
2026-05-30,P009,Jus Stroberi,12,16.00000000,23.00000000,11.00000000,16.00000000,14.00000000,10.00000000,16.42857143,17.00000000,18.03571429,4.27617987,4.70678724,12.00000000,23.00000000,17.00000000,validation,True,aruna-juice-v4.0
2026-05-30,P010,Jus Jeruk,8,7.00000000,8.00000000,10.00000000,6.00000000,5.00000000,9.00000000,7.71428571,7.28571429,7.10714286,2.75162290,2.67261242,9.00000000,10.00000000,14.00000000,validation,True,aruna-juice-v4.0
2026-05-30,P011,Jus Mangga,17,21.00000000,16.00000000,18.00000000,14.00000000,17.00000000,17.00000000,19.42857143,18.92857143,18.10714286,4.85994317,4.21470477,23.00000000,18.00000000,17.00000000,validation,True,aruna-juice-v4.0
2026-05-31,P001,Jus Naga,5,7.00000000,10.00000000,8.00000000,7.00000000,10.00000000,7.00000000,7.42857143,7.35714286,7.82142857,1.51185789,2.16997493,7.00000000,12.00000000,10.00000000,validation,True,aruna-juice-v4.0
2026-05-31,P002,Jus Semangka,5,10.00000000,7.00000000,7.00000000,8.00000000,4.00000000,5.00000000,5.85714286,6.07142857,5.64285714,2.47847880,2.55596695,6.00000000,8.00000000,3.00000000,validation,True,aruna-juice-v4.0
2026-05-31,P003,Jus Jambu,7,10.00000000,8.00000000,8.00000000,5.00000000,3.00000000,9.00000000,7.42857143,6.85714286,7.67857143,1.61834719,1.65748386,7.00000000,9.00000000,12.00000000,validation,True,aruna-juice-v4.0
2026-05-31,P004,Jus Pisang,3,6.00000000,3.00000000,4.00000000,6.00000000,8.00000000,4.00000000,3.57142857,4.42857143,5.57142857,1.51185789,1.78516475,8.00000000,6.00000000,5.00000000,validation,True,aruna-juice-v4.0
2026-05-31,P005,Jus Nanas,12,16.00000000,19.00000000,18.00000000,17.00000000,20.00000000,16.00000000,16.28571429,17.21428571,17.32142857,3.19970237,4.44069592,12.00000000,23.00000000,16.00000000,validation,True,aruna-juice-v4.0
2026-05-31,P006,Jus Melon,6,8.00000000,9.00000000,5.00000000,7.00000000,4.00000000,4.00000000,7.00000000,6.14285714,7.00000000,1.41421356,1.74784011,3.00000000,5.00000000,6.00000000,validation,True,aruna-juice-v4.0
2026-05-31,P007,Jus Sirsak,19,17.00000000,8.00000000,16.00000000,20.00000000,19.00000000,20.00000000,15.85714286,17.50000000,17.03571429,4.59813627,4.46783375,21.00000000,20.00000000,17.00000000,validation,True,aruna-juice-v4.0
2026-05-31,P008,Jus Alpukat,15,18.00000000,17.00000000,14.00000000,22.00000000,12.00000000,17.00000000,15.85714286,15.64285714,16.00000000,1.57359158,3.69213599,25.00000000,27.00000000,9.00000000,validation,True,aruna-juice-v4.0
2026-05-31,P009,Jus Stroberi,12,12.00000000,16.00000000,23.00000000,18.00000000,13.00000000,19.00000000,15.57142857,16.92857143,17.78571429,4.50396651,4.77919024,23.00000000,17.00000000,13.00000000,validation,True,aruna-juice-v4.0
2026-05-31,P010,Jus Jeruk,9,8.00000000,7.00000000,8.00000000,12.00000000,7.00000000,13.00000000,7.28571429,7.42857143,6.96428571,2.13808994,2.70936512,10.00000000,14.00000000,10.00000000,validation,True,aruna-juice-v4.0
2026-05-31,P011,Jus Mangga,23,17.00000000,21.00000000,16.00000000,24.00000000,19.00000000,25.00000000,19.28571429,19.21428571,18.03571429,4.71572849,4.35322288,18.00000000,17.00000000,18.00000000,validation,True,aruna-juice-v4.0
2026-06-01,P001,Jus Naga,7,5.00000000,7.00000000,10.00000000,7.00000000,5.00000000,16.00000000,7.42857143,7.50000000,7.50000000,1.51185789,2.06621170,12.00000000,10.00000000,13.00000000,validation,True,aruna-juice-v4.0
2026-06-01,P002,Jus Semangka,6,5.00000000,10.00000000,7.00000000,5.00000000,5.00000000,10.00000000,6.00000000,6.14285714,5.50000000,2.44948974,2.53762890,8.00000000,3.00000000,2.00000000,validation,True,aruna-juice-v4.0
2026-06-01,P003,Jus Jambu,7,7.00000000,10.00000000,8.00000000,6.00000000,6.00000000,12.00000000,7.57142857,6.92857143,7.50000000,1.51185789,1.63915014,9.00000000,12.00000000,12.00000000,validation,True,aruna-juice-v4.0
2026-06-01,P004,Jus Pisang,8,3.00000000,6.00000000,3.00000000,4.00000000,4.00000000,8.00000000,4.14285714,4.71428571,5.57142857,2.26778684,2.01641614,6.00000000,5.00000000,2.00000000,validation,True,aruna-juice-v4.0
2026-06-01,P005,Jus Nanas,12,12.00000000,16.00000000,19.00000000,21.00000000,17.00000000,21.00000000,15.00000000,16.85714286,17.00000000,2.76887462,4.65514013,23.00000000,16.00000000,4.00000000,validation,True,aruna-juice-v4.0
2026-06-01,P006,Jus Melon,3,6.00000000,8.00000000,9.00000000,7.00000000,4.00000000,12.00000000,6.42857143,6.07142857,6.67857143,2.07019668,1.85904383,5.00000000,6.00000000,4.00000000,validation,True,aruna-juice-v4.0
2026-06-01,P007,Jus Sirsak,21,19.00000000,17.00000000,8.00000000,12.00000000,13.00000000,19.00000000,17.14285714,18.07142857,17.10714286,4.59813627,4.35826863,20.00000000,17.00000000,17.00000000,validation,True,aruna-juice-v4.0
2026-06-01,P008,Jus Alpukat,25,15.00000000,18.00000000,17.00000000,14.00000000,11.00000000,21.00000000,17.42857143,16.64285714,16.14285714,3.59894164,4.19903181,27.00000000,9.00000000,20.00000000,validation,True,aruna-juice-v4.0
2026-06-01,P009,Jus Stroberi,23,12.00000000,12.00000000,16.00000000,20.00000000,13.00000000,32.00000000,16.00000000,17.64285714,17.46428571,5.09901951,4.89280701,17.00000000,13.00000000,16.00000000,validation,True,aruna-juice-v4.0
2026-06-01,P010,Jus Jeruk,10,9.00000000,8.00000000,7.00000000,4.00000000,12.00000000,17.00000000,8.14285714,7.28571429,6.71428571,1.77281052,2.49394872,14.00000000,10.00000000,9.00000000,validation,True,aruna-juice-v4.0
2026-06-01,P011,Jus Mangga,18,23.00000000,17.00000000,21.00000000,27.00000000,21.00000000,33.00000000,18.00000000,19.00000000,17.50000000,3.26598632,4.33234703,17.00000000,18.00000000,17.00000000,validation,True,aruna-juice-v4.0
2026-06-02,P001,Jus Naga,12,7.00000000,5.00000000,7.00000000,8.00000000,10.00000000,6.00000000,8.00000000,7.64285714,7.71428571,2.30940108,2.30741757,10.00000000,13.00000000,7.00000000,validation,True,aruna-juice-v4.0
2026-06-02,P002,Jus Semangka,8,6.00000000,5.00000000,10.00000000,2.00000000,10.00000000,4.00000000,6.85714286,6.00000000,5.64285714,1.77281052,2.35339362,3.00000000,2.00000000,4.00000000,validation,True,aruna-juice-v4.0
2026-06-02,P003,Jus Jambu,9,7.00000000,7.00000000,10.00000000,5.00000000,6.00000000,8.00000000,8.14285714,7.14285714,7.53571429,1.06904497,1.70326125,12.00000000,12.00000000,8.00000000,validation,True,aruna-juice-v4.0
2026-06-02,P004,Jus Pisang,6,8.00000000,3.00000000,6.00000000,4.00000000,6.00000000,8.00000000,4.42857143,4.71428571,5.50000000,2.37045304,2.01641614,5.00000000,2.00000000,9.00000000,validation,True,aruna-juice-v4.0
2026-06-02,P005,Jus Nanas,23,12.00000000,12.00000000,16.00000000,14.00000000,19.00000000,14.00000000,16.28571429,17.14285714,17.32142857,4.02965200,4.91241978,16.00000000,4.00000000,10.00000000,validation,True,aruna-juice-v4.0
2026-06-02,P006,Jus Melon,5,3.00000000,6.00000000,8.00000000,8.00000000,7.00000000,8.00000000,6.00000000,5.92857143,6.57142857,2.00000000,1.85904383,6.00000000,4.00000000,8.00000000,validation,True,aruna-juice-v4.0
2026-06-02,P007,Jus Sirsak,20,21.00000000,19.00000000,17.00000000,17.00000000,18.00000000,16.00000000,17.57142857,18.21428571,17.25000000,4.72077475,4.38842133,17.00000000,17.00000000,18.00000000,validation,True,aruna-juice-v4.0
2026-06-02,P008,Jus Alpukat,27,25.00000000,15.00000000,18.00000000,17.00000000,16.00000000,20.00000000,18.85714286,17.42857143,16.39285714,5.08030745,5.01864655,9.00000000,20.00000000,24.00000000,validation,True,aruna-juice-v4.0
2026-06-02,P009,Jus Stroberi,17,23.00000000,12.00000000,12.00000000,15.00000000,20.00000000,20.00000000,16.28571429,17.42857143,17.35714286,5.08967208,4.84711311,13.00000000,16.00000000,15.00000000,validation,True,aruna-juice-v4.0
2026-06-02,P010,Jus Jeruk,14,10.00000000,9.00000000,8.00000000,5.00000000,4.00000000,8.00000000,9.42857143,8.00000000,6.92857143,2.29906813,2.88230677,10.00000000,9.00000000,9.00000000,validation,True,aruna-juice-v4.0
2026-06-02,P011,Jus Mangga,17,18.00000000,23.00000000,17.00000000,13.00000000,23.00000000,18.00000000,18.57142857,18.57142857,17.46428571,2.50713268,4.20099413,18.00000000,17.00000000,15.00000000,validation,True,aruna-juice-v4.0
2026-06-03,P001,Jus Naga,10,12.00000000,7.00000000,5.00000000,7.00000000,7.00000000,3.00000000,8.42857143,7.85714286,7.96428571,2.37045304,2.38124540,13.00000000,7.00000000,6.00000000,validation,True,aruna-juice-v4.0
2026-06-03,P002,Jus Semangka,3,8.00000000,6.00000000,5.00000000,5.00000000,2.00000000,2.00000000,6.57142857,6.07142857,5.67857143,2.22539456,2.23483903,2.00000000,4.00000000,4.00000000,validation,True,aruna-juice-v4.0
2026-06-03,P003,Jus Jambu,12,9.00000000,7.00000000,7.00000000,8.00000000,5.00000000,6.00000000,8.71428571,7.64285714,7.75000000,1.79947082,2.02321689,12.00000000,8.00000000,8.00000000,validation,True,aruna-juice-v4.0
2026-06-03,P004,Jus Pisang,5,6.00000000,8.00000000,3.00000000,1.00000000,4.00000000,6.00000000,5.00000000,4.78571429,5.46428571,1.82574186,2.00685638,2.00000000,9.00000000,6.00000000,validation,True,aruna-juice-v4.0
2026-06-03,P005,Jus Nanas,16,23.00000000,12.00000000,12.00000000,14.00000000,16.00000000,14.00000000,16.57142857,17.14285714,17.39285714,3.90969491,4.91241978,4.00000000,10.00000000,20.00000000,validation,True,aruna-juice-v4.0
2026-06-03,P006,Jus Melon,6,5.00000000,3.00000000,6.00000000,6.00000000,3.00000000,6.00000000,6.00000000,6.14285714,6.57142857,2.00000000,1.65748386,4.00000000,8.00000000,4.00000000,validation,True,aruna-juice-v4.0
2026-06-03,P007,Jus Sirsak,17,20.00000000,21.00000000,19.00000000,22.00000000,21.00000000,11.00000000,16.85714286,17.92857143,17.46428571,4.29839394,4.32282468,17.00000000,18.00000000,12.00000000,validation,True,aruna-juice-v4.0
2026-06-03,P008,Jus Alpukat,9,27.00000000,25.00000000,15.00000000,16.00000000,10.00000000,12.00000000,17.85714286,17.35714286,16.28571429,6.28300808,5.13819997,20.00000000,24.00000000,13.00000000,validation,True,aruna-juice-v4.0
2026-06-03,P009,Jus Stroberi,13,17.00000000,23.00000000,12.00000000,11.00000000,14.00000000,13.00000000,16.57142857,17.35714286,17.35714286,4.79086432,4.90850350,16.00000000,15.00000000,8.00000000,validation,True,aruna-juice-v4.0
2026-06-03,P010,Jus Jeruk,10,14.00000000,10.00000000,9.00000000,10.00000000,7.00000000,5.00000000,9.42857143,8.21428571,7.10714286,2.29906813,2.91359074,9.00000000,9.00000000,0.00000000,validation,True,aruna-juice-v4.0
2026-06-03,P011,Jus Mangga,18,17.00000000,18.00000000,23.00000000,18.00000000,14.00000000,11.00000000,18.57142857,18.85714286,17.71428571,2.50713268,3.99725180,17.00000000,15.00000000,22.00000000,validation,True,aruna-juice-v4.0
2026-06-04,P001,Jus Naga,13,10.00000000,12.00000000,7.00000000,8.00000000,6.00000000,11.00000000,9.14285714,8.35714286,8.03571429,2.91138978,2.67774713,7.00000000,6.00000000,10.00000000,validation,True,aruna-juice-v4.0
2026-06-04,P002,Jus Semangka,2,3.00000000,8.00000000,6.00000000,7.00000000,5.00000000,7.00000000,5.85714286,5.85714286,5.50000000,2.79455252,2.47626092,4.00000000,4.00000000,4.00000000,validation,True,aruna-juice-v4.0
2026-06-04,P003,Jus Jambu,12,12.00000000,9.00000000,7.00000000,8.00000000,5.00000000,9.00000000,9.28571429,8.14285714,7.85714286,2.13808994,2.17881912,8.00000000,8.00000000,8.00000000,validation,True,aruna-juice-v4.0
2026-06-04,P004,Jus Pisang,2,5.00000000,6.00000000,8.00000000,4.00000000,3.00000000,3.00000000,4.71428571,4.71428571,5.42857143,2.13808994,2.09132168,9.00000000,6.00000000,5.00000000,validation,True,aruna-juice-v4.0
2026-06-04,P005,Jus Nanas,4,16.00000000,23.00000000,12.00000000,18.00000000,14.00000000,19.00000000,14.57142857,16.42857143,16.85714286,6.05136742,6.00915053,10.00000000,20.00000000,14.00000000,validation,True,aruna-juice-v4.0
2026-06-04,P006,Jus Melon,4,6.00000000,5.00000000,3.00000000,5.00000000,5.00000000,11.00000000,5.85714286,6.07142857,6.32142857,2.11570094,1.73046395,8.00000000,4.00000000,5.00000000,validation,True,aruna-juice-v4.0
2026-06-04,P007,Jus Sirsak,17,17.00000000,20.00000000,21.00000000,16.00000000,19.00000000,26.00000000,17.00000000,17.78571429,17.14285714,4.28174419,4.31773750,18.00000000,12.00000000,13.00000000,validation,True,aruna-juice-v4.0
2026-06-04,P008,Jus Alpukat,20,9.00000000,27.00000000,25.00000000,14.00000000,23.00000000,14.00000000,18.71428571,17.14285714,16.50000000,6.07492896,4.94363838,24.00000000,13.00000000,10.00000000,validation,True,aruna-juice-v4.0
2026-06-04,P009,Jus Stroberi,16,13.00000000,17.00000000,23.00000000,23.00000000,19.00000000,29.00000000,15.57142857,17.14285714,16.89285714,3.86683087,4.89673585,15.00000000,8.00000000,19.00000000,validation,True,aruna-juice-v4.0
2026-06-04,P010,Jus Jeruk,9,10.00000000,14.00000000,10.00000000,8.00000000,8.00000000,11.00000000,9.57142857,8.28571429,7.03571429,2.22539456,2.92018365,9.00000000,0.00000000,6.00000000,validation,True,aruna-juice-v4.0
2026-06-04,P011,Jus Mangga,17,18.00000000,17.00000000,18.00000000,16.00000000,16.00000000,19.00000000,18.71428571,18.92857143,17.64285714,2.36038738,3.95093535,15.00000000,22.00000000,12.00000000,validation,True,aruna-juice-v4.0
2026-06-05,P001,Jus Naga,7,13.00000000,10.00000000,12.00000000,10.00000000,12.00000000,8.00000000,8.71428571,8.00000000,8.00000000,2.98408477,2.48069469,6.00000000,10.00000000,9.00000000,validation,True,aruna-juice-v4.0
2026-06-05,P002,Jus Semangka,4,2.00000000,3.00000000,8.00000000,7.00000000,9.00000000,5.00000000,5.42857143,5.50000000,5.46428571,2.81999662,2.34520788,4.00000000,4.00000000,4.00000000,validation,True,aruna-juice-v4.0
2026-06-05,P003,Jus Jambu,8,12.00000000,12.00000000,9.00000000,8.00000000,8.00000000,14.00000000,9.28571429,8.14285714,7.64285714,2.13808994,2.17881912,8.00000000,8.00000000,5.00000000,validation,True,aruna-juice-v4.0
2026-06-05,P004,Jus Pisang,9,2.00000000,5.00000000,6.00000000,3.00000000,8.00000000,8.00000000,5.57142857,4.78571429,5.46428571,2.50713268,2.22498302,6.00000000,5.00000000,7.00000000,validation,True,aruna-juice-v4.0
2026-06-05,P005,Jus Nanas,10,4.00000000,16.00000000,23.00000000,19.00000000,30.00000000,15.00000000,13.28571429,15.00000000,16.67857143,5.90802521,4.78780502,20.00000000,14.00000000,17.00000000,validation,True,aruna-juice-v4.0
2026-06-05,P006,Jus Melon,8,4.00000000,6.00000000,5.00000000,9.00000000,4.00000000,1.00000000,5.71428571,6.35714286,6.57142857,1.88982237,1.69193303,4.00000000,5.00000000,10.00000000,validation,True,aruna-juice-v4.0
2026-06-05,P007,Jus Sirsak,18,17.00000000,17.00000000,20.00000000,8.00000000,26.00000000,17.00000000,18.42857143,17.21428571,17.17857143,1.61834719,3.61999939,12.00000000,13.00000000,15.00000000,validation,True,aruna-juice-v4.0
2026-06-05,P008,Jus Alpukat,24,20.00000000,9.00000000,27.00000000,17.00000000,13.00000000,14.00000000,19.71428571,17.92857143,16.85714286,6.31702160,5.10601886,13.00000000,10.00000000,13.00000000,validation,True,aruna-juice-v4.0
2026-06-05,P009,Jus Stroberi,15,16.00000000,13.00000000,17.00000000,16.00000000,28.00000000,16.00000000,15.42857143,16.21428571,16.85714286,3.86683087,3.78618077,8.00000000,19.00000000,20.00000000,validation,True,aruna-juice-v4.0
2026-06-05,P010,Jus Jeruk,9,9.00000000,10.00000000,14.00000000,7.00000000,4.00000000,4.00000000,9.85714286,8.64285714,7.21428571,1.95180015,2.64886457,0.00000000,6.00000000,6.00000000,validation,True,aruna-juice-v4.0
2026-06-05,P011,Jus Mangga,15,17.00000000,18.00000000,17.00000000,21.00000000,22.00000000,15.00000000,17.85714286,18.42857143,17.64285714,2.47847880,3.97519783,22.00000000,12.00000000,16.00000000,validation,True,aruna-juice-v4.0
2026-06-06,P001,Jus Naga,6,7.00000000,13.00000000,10.00000000,7.00000000,4.00000000,11.00000000,8.57142857,8.14285714,7.82142857,3.10145895,2.28227764,10.00000000,9.00000000,5.00000000,validation,True,aruna-juice-v4.0
2026-06-06,P002,Jus Semangka,4,4.00000000,2.00000000,3.00000000,10.00000000,5.00000000,4.00000000,4.57142857,5.42857143,5.46428571,1.98805959,2.37662611,4.00000000,4.00000000,5.00000000,validation,True,aruna-juice-v4.0
2026-06-06,P003,Jus Jambu,8,8.00000000,12.00000000,12.00000000,10.00000000,9.00000000,2.00000000,9.00000000,8.07142857,7.85714286,2.16024690,2.16490489,8.00000000,5.00000000,9.00000000,validation,True,aruna-juice-v4.0
2026-06-06,P004,Jus Pisang,6,9.00000000,2.00000000,5.00000000,6.00000000,6.00000000,7.00000000,5.57142857,4.78571429,5.42857143,2.50713268,2.22498302,5.00000000,7.00000000,5.00000000,validation,True,aruna-juice-v4.0
2026-06-06,P005,Jus Nanas,20,10.00000000,4.00000000,16.00000000,16.00000000,14.00000000,13.00000000,13.85714286,15.42857143,16.92857143,6.38823323,4.95695759,14.00000000,17.00000000,25.00000000,validation,True,aruna-juice-v4.0
2026-06-06,P006,Jus Melon,4,8.00000000,4.00000000,6.00000000,8.00000000,7.00000000,6.00000000,5.14285714,6.14285714,6.50000000,1.67616342,1.79130991,5.00000000,10.00000000,8.00000000,validation,True,aruna-juice-v4.0
2026-06-06,P007,Jus Sirsak,12,18.00000000,17.00000000,17.00000000,17.00000000,17.00000000,25.00000000,17.71428571,16.85714286,16.71428571,2.92770022,3.88007024,13.00000000,15.00000000,17.00000000,validation,True,aruna-juice-v4.0
2026-06-06,P008,Jus Alpukat,13,24.00000000,20.00000000,9.00000000,18.00000000,13.00000000,10.00000000,19.00000000,17.92857143,16.96428571,6.80685929,5.10601886,10.00000000,13.00000000,11.00000000,validation,True,aruna-juice-v4.0
2026-06-06,P009,Jus Stroberi,8,15.00000000,16.00000000,13.00000000,12.00000000,16.00000000,11.00000000,14.85714286,15.64285714,16.75000000,4.67006679,4.37839350,19.00000000,20.00000000,18.00000000,validation,True,aruna-juice-v4.0
2026-06-06,P010,Jus Jeruk,0,9.00000000,9.00000000,10.00000000,8.00000000,6.00000000,6.00000000,8.71428571,8.21428571,7.00000000,4.23140188,3.46806467,6.00000000,6.00000000,6.00000000,validation,True,aruna-juice-v4.0
2026-06-06,P011,Jus Mangga,22,15.00000000,17.00000000,18.00000000,17.00000000,14.00000000,14.00000000,18.57142857,19.00000000,17.92857143,2.87849167,3.86303986,12.00000000,16.00000000,22.00000000,validation,True,aruna-juice-v4.0
2026-06-07,P001,Jus Naga,10,6.00000000,7.00000000,13.00000000,5.00000000,7.00000000,6.00000000,9.28571429,8.35714286,7.96428571,2.69037084,2.30741757,9.00000000,5.00000000,4.00000000,validation,True,aruna-juice-v4.0
2026-06-07,P002,Jus Semangka,4,4.00000000,4.00000000,2.00000000,5.00000000,8.00000000,8.00000000,4.42857143,5.14285714,5.32142857,1.98805959,2.28227764,4.00000000,5.00000000,6.00000000,validation,True,aruna-juice-v4.0
2026-06-07,P003,Jus Jambu,8,8.00000000,8.00000000,12.00000000,7.00000000,5.00000000,6.00000000,9.14285714,8.28571429,7.92857143,2.03540098,1.97789987,5.00000000,9.00000000,5.00000000,validation,True,aruna-juice-v4.0
2026-06-07,P004,Jus Pisang,5,6.00000000,9.00000000,2.00000000,3.00000000,6.00000000,1.00000000,5.85714286,4.71428571,5.57142857,2.26778684,2.19890082,7.00000000,5.00000000,7.00000000,validation,True,aruna-juice-v4.0
2026-06-07,P005,Jus Nanas,14,20.00000000,10.00000000,4.00000000,12.00000000,17.00000000,15.00000000,14.14285714,15.21428571,16.89285714,6.33583910,4.94863729,17.00000000,25.00000000,24.00000000,validation,True,aruna-juice-v4.0
2026-06-07,P006,Jus Melon,5,4.00000000,8.00000000,4.00000000,6.00000000,7.00000000,12.00000000,5.00000000,6.00000000,6.25000000,1.63299316,1.79743407,10.00000000,8.00000000,6.00000000,validation,True,aruna-juice-v4.0
2026-06-07,P007,Jus Sirsak,13,12.00000000,18.00000000,17.00000000,19.00000000,20.00000000,14.00000000,16.85714286,16.35714286,16.67857143,3.33809184,3.89491074,15.00000000,17.00000000,23.00000000,validation,True,aruna-juice-v4.0
2026-06-07,P008,Jus Alpukat,10,13.00000000,24.00000000,20.00000000,15.00000000,22.00000000,23.00000000,18.28571429,17.07142857,16.50000000,7.52139805,5.37035002,13.00000000,11.00000000,22.00000000,validation,True,aruna-juice-v4.0
2026-06-07,P009,Jus Stroberi,19,8.00000000,15.00000000,16.00000000,12.00000000,18.00000000,17.00000000,15.85714286,15.71428571,16.82142857,4.70561974,4.42768513,20.00000000,18.00000000,19.00000000,validation,True,aruna-juice-v4.0
2026-06-07,P010,Jus Jeruk,6,0.00000000,9.00000000,9.00000000,9.00000000,12.00000000,10.00000000,8.28571429,7.78571429,6.85714286,4.34796066,3.33232586,6.00000000,6.00000000,3.00000000,validation,True,aruna-juice-v4.0
2026-06-07,P011,Jus Mangga,12,22.00000000,15.00000000,17.00000000,23.00000000,24.00000000,18.00000000,17.00000000,18.14285714,17.71428571,3.05505046,3.99725180,16.00000000,22.00000000,25.00000000,validation,True,aruna-juice-v4.0
2026-06-08,P001,Jus Naga,9,10.00000000,6.00000000,7.00000000,7.00000000,7.00000000,9.00000000,9.57142857,8.50000000,7.96428571,2.50713268,2.27866358,5.00000000,4.00000000,4.00000000,validation,True,aruna-juice-v4.0
2026-06-08,P002,Jus Semangka,4,4.00000000,4.00000000,4.00000000,6.00000000,5.00000000,3.00000000,4.14285714,5.07142857,5.35714286,1.86445447,2.30265017,5.00000000,6.00000000,2.00000000,validation,True,aruna-juice-v4.0
2026-06-08,P003,Jus Jambu,5,8.00000000,8.00000000,8.00000000,7.00000000,6.00000000,7.00000000,8.85714286,8.21428571,7.85714286,2.47847880,2.08210587,9.00000000,5.00000000,3.00000000,validation,True,aruna-juice-v4.0
2026-06-08,P004,Jus Pisang,7,5.00000000,6.00000000,9.00000000,8.00000000,4.00000000,8.00000000,5.71428571,4.92857143,5.53571429,2.13808994,2.26899794,5.00000000,7.00000000,7.00000000,validation,True,aruna-juice-v4.0
2026-06-08,P005,Jus Nanas,17,14.00000000,20.00000000,10.00000000,12.00000000,21.00000000,9.00000000,14.85714286,14.92857143,17.17857143,6.33583910,4.69802390,25.00000000,24.00000000,14.00000000,validation,True,aruna-juice-v4.0
2026-06-08,P006,Jus Melon,10,5.00000000,4.00000000,8.00000000,3.00000000,7.00000000,12.00000000,6.00000000,6.21428571,6.17857143,2.23606798,2.08210587,8.00000000,6.00000000,6.00000000,validation,True,aruna-juice-v4.0
2026-06-08,P007,Jus Sirsak,15,13.00000000,12.00000000,18.00000000,21.00000000,12.00000000,9.00000000,16.00000000,16.57142857,16.89285714,2.82842712,3.71513093,17.00000000,23.00000000,18.00000000,validation,True,aruna-juice-v4.0
2026-06-08,P008,Jus Alpukat,13,10.00000000,13.00000000,24.00000000,25.00000000,14.00000000,18.00000000,16.57142857,17.00000000,16.32142857,7.09124208,5.42075782,11.00000000,22.00000000,15.00000000,validation,True,aruna-juice-v4.0
2026-06-08,P009,Jus Stroberi,20,19.00000000,8.00000000,15.00000000,23.00000000,20.00000000,15.00000000,15.42857143,15.71428571,17.00000000,4.03555625,4.42768513,18.00000000,19.00000000,22.00000000,validation,True,aruna-juice-v4.0
2026-06-08,P010,Jus Jeruk,6,6.00000000,0.00000000,9.00000000,10.00000000,4.00000000,0.00000000,7.71428571,7.92857143,7.07142857,4.34796066,3.19769835,6.00000000,3.00000000,6.00000000,validation,True,aruna-juice-v4.0
2026-06-08,P011,Jus Mangga,16,12.00000000,22.00000000,15.00000000,18.00000000,27.00000000,20.00000000,16.71428571,17.35714286,17.57142857,3.03942350,3.10352511,22.00000000,25.00000000,16.00000000,validation,True,aruna-juice-v4.0
2026-06-09,P001,Jus Naga,5,9.00000000,10.00000000,6.00000000,12.00000000,8.00000000,7.00000000,8.57142857,8.28571429,7.89285714,2.76026224,2.46291170,4.00000000,4.00000000,4.00000000,validation,True,aruna-juice-v4.0
2026-06-09,P002,Jus Semangka,5,4.00000000,4.00000000,4.00000000,8.00000000,2.00000000,5.00000000,3.71428571,5.28571429,5.35714286,0.95118973,2.12778583,6.00000000,2.00000000,8.00000000,validation,True,aruna-juice-v4.0
2026-06-09,P003,Jus Jambu,9,5.00000000,8.00000000,8.00000000,9.00000000,5.00000000,11.00000000,8.85714286,8.50000000,7.78571429,2.47847880,1.87082869,5.00000000,3.00000000,5.00000000,validation,True,aruna-juice-v4.0
2026-06-09,P004,Jus Pisang,5,7.00000000,5.00000000,6.00000000,6.00000000,4.00000000,10.00000000,5.57142857,5.00000000,5.35714286,2.14919697,2.25320285,7.00000000,7.00000000,5.00000000,validation,True,aruna-juice-v4.0
2026-06-09,P005,Jus Nanas,25,17.00000000,14.00000000,20.00000000,23.00000000,14.00000000,19.00000000,15.14285714,15.71428571,17.39285714,6.79285339,5.39841247,24.00000000,14.00000000,11.00000000,validation,True,aruna-juice-v4.0
2026-06-09,P006,Jus Melon,8,10.00000000,5.00000000,4.00000000,5.00000000,8.00000000,9.00000000,6.42857143,6.21428571,6.14285714,2.29906813,2.08210587,6.00000000,6.00000000,10.00000000,validation,True,aruna-juice-v4.0
2026-06-09,P007,Jus Sirsak,17,15.00000000,13.00000000,12.00000000,20.00000000,17.00000000,23.00000000,15.57142857,16.57142857,16.67857143,2.29906813,3.71513093,23.00000000,18.00000000,16.00000000,validation,True,aruna-juice-v4.0
2026-06-09,P008,Jus Alpukat,11,13.00000000,10.00000000,13.00000000,27.00000000,17.00000000,19.00000000,14.28571429,16.57142857,16.03571429,5.58910505,5.65296771,22.00000000,15.00000000,15.00000000,validation,True,aruna-juice-v4.0
2026-06-09,P009,Jus Stroberi,18,20.00000000,19.00000000,8.00000000,17.00000000,15.00000000,17.00000000,15.57142857,15.92857143,17.03571429,4.11732692,4.46291188,19.00000000,22.00000000,19.00000000,validation,True,aruna-juice-v4.0
2026-06-09,P010,Jus Jeruk,6,6.00000000,6.00000000,0.00000000,14.00000000,5.00000000,4.00000000,6.57142857,8.00000000,7.14285714,3.35942172,3.13785816,3.00000000,6.00000000,10.00000000,validation,True,aruna-juice-v4.0
2026-06-09,P011,Jus Mangga,22,16.00000000,12.00000000,22.00000000,17.00000000,13.00000000,9.00000000,17.42857143,18.00000000,18.03571429,3.64495738,3.06343196,25.00000000,16.00000000,18.00000000,validation,True,aruna-juice-v4.0
2026-06-10,P001,Jus Naga,4,5.00000000,9.00000000,10.00000000,10.00000000,7.00000000,7.00000000,7.71428571,8.07142857,7.78571429,3.14718317,2.70225791,4.00000000,4.00000000,7.00000000,validation,True,aruna-juice-v4.0
2026-06-10,P002,Jus Semangka,6,5.00000000,4.00000000,4.00000000,3.00000000,5.00000000,7.00000000,4.14285714,5.35714286,5.32142857,1.21498579,2.13423172,2.00000000,8.00000000,5.00000000,validation,True,aruna-juice-v4.0
2026-06-10,P003,Jus Jambu,5,9.00000000,5.00000000,8.00000000,12.00000000,8.00000000,9.00000000,7.85714286,8.28571429,7.64285714,2.41029538,2.09132168,3.00000000,5.00000000,5.00000000,validation,True,aruna-juice-v4.0
2026-06-10,P004,Jus Pisang,7,5.00000000,7.00000000,5.00000000,5.00000000,1.00000000,7.00000000,5.85714286,5.42857143,5.35714286,2.19306266,1.98898063,7.00000000,5.00000000,3.00000000,validation,True,aruna-juice-v4.0
2026-06-10,P005,Jus Nanas,24,25.00000000,17.00000000,14.00000000,16.00000000,14.00000000,19.00000000,16.28571429,16.42857143,17.57142857,7.58758384,5.80071993,14.00000000,11.00000000,7.00000000,validation,True,aruna-juice-v4.0
2026-06-10,P006,Jus Melon,6,8.00000000,10.00000000,5.00000000,6.00000000,6.00000000,8.00000000,6.42857143,6.21428571,6.07142857,2.29906813,2.08210587,6.00000000,10.00000000,6.00000000,validation,True,aruna-juice-v4.0
2026-06-10,P007,Jus Sirsak,23,17.00000000,15.00000000,13.00000000,17.00000000,22.00000000,25.00000000,16.42857143,16.64285714,16.60714286,3.64495738,3.83520419,18.00000000,16.00000000,11.00000000,validation,True,aruna-juice-v4.0
2026-06-10,P008,Jus Alpukat,22,11.00000000,13.00000000,10.00000000,9.00000000,16.00000000,16.00000000,16.14285714,17.00000000,16.25000000,5.69878851,5.83095189,15.00000000,15.00000000,20.00000000,validation,True,aruna-juice-v4.0
2026-06-10,P009,Jus Stroberi,19,18.00000000,20.00000000,19.00000000,13.00000000,11.00000000,22.00000000,16.42857143,16.50000000,16.92857143,4.11732692,4.29221119,22.00000000,19.00000000,14.00000000,validation,True,aruna-juice-v4.0
2026-06-10,P010,Jus Jeruk,3,6.00000000,6.00000000,6.00000000,10.00000000,10.00000000,6.00000000,5.57142857,7.50000000,7.03571429,3.20713490,3.34549065,6.00000000,10.00000000,5.00000000,validation,True,aruna-juice-v4.0
2026-06-10,P011,Jus Mangga,25,22.00000000,16.00000000,12.00000000,18.00000000,18.00000000,20.00000000,18.42857143,18.50000000,18.21428571,4.64962876,3.58951464,16.00000000,18.00000000,15.00000000,validation,True,aruna-juice-v4.0
2026-06-11,P001,Jus Naga,4,4.00000000,5.00000000,9.00000000,13.00000000,8.00000000,5.00000000,6.42857143,7.78571429,7.75000000,2.37045304,2.91359074,4.00000000,7.00000000,5.00000000,validation,True,aruna-juice-v4.0
2026-06-11,P002,Jus Semangka,2,6.00000000,5.00000000,4.00000000,2.00000000,7.00000000,8.00000000,4.14285714,5.00000000,5.10714286,1.21498579,2.25320285,8.00000000,5.00000000,5.00000000,validation,True,aruna-juice-v4.0
2026-06-11,P003,Jus Jambu,3,5.00000000,9.00000000,5.00000000,12.00000000,8.00000000,12.00000000,6.57142857,7.92857143,7.32142857,2.22539456,2.52569216,5.00000000,5.00000000,6.00000000,validation,True,aruna-juice-v4.0
2026-06-11,P004,Jus Pisang,7,7.00000000,5.00000000,7.00000000,2.00000000,4.00000000,6.00000000,6.57142857,5.64285714,5.39285714,1.39727626,1.98483260,5.00000000,3.00000000,7.00000000,validation,True,aruna-juice-v4.0
2026-06-11,P005,Jus Nanas,14,24.00000000,25.00000000,17.00000000,4.00000000,18.00000000,23.00000000,17.71428571,16.14285714,17.25000000,5.55920515,5.81585555,11.00000000,7.00000000,20.00000000,validation,True,aruna-juice-v4.0
2026-06-11,P006,Jus Melon,6,6.00000000,8.00000000,10.00000000,4.00000000,5.00000000,4.00000000,6.71428571,6.28571429,6.14285714,2.05866346,2.05421036,10.00000000,6.00000000,5.00000000,validation,True,aruna-juice-v4.0
2026-06-11,P007,Jus Sirsak,18,23.00000000,17.00000000,15.00000000,17.00000000,16.00000000,8.00000000,16.57142857,16.78571429,16.96428571,3.69039938,3.84664832,16.00000000,11.00000000,20.00000000,validation,True,aruna-juice-v4.0
2026-06-11,P008,Jus Alpukat,15,22.00000000,11.00000000,13.00000000,20.00000000,14.00000000,20.00000000,15.42857143,17.07142857,16.07142857,5.44233843,5.79740374,15.00000000,20.00000000,10.00000000,validation,True,aruna-juice-v4.0
2026-06-11,P009,Jus Stroberi,22,19.00000000,18.00000000,20.00000000,16.00000000,23.00000000,29.00000000,17.28571429,16.42857143,16.67857143,4.60848080,4.18264336,19.00000000,14.00000000,17.00000000,validation,True,aruna-juice-v4.0
2026-06-11,P010,Jus Jeruk,6,3.00000000,6.00000000,6.00000000,9.00000000,8.00000000,6.00000000,5.14285714,7.35714286,7.03571429,2.85356919,3.36514128,10.00000000,5.00000000,3.00000000,validation,True,aruna-juice-v4.0
2026-06-11,P011,Jus Mangga,16,25.00000000,22.00000000,16.00000000,17.00000000,16.00000000,12.00000000,18.28571429,18.50000000,18.35714286,4.71572849,3.58951464,18.00000000,15.00000000,21.00000000,validation,True,aruna-juice-v4.0
2026-06-12,P001,Jus Naga,4,4.00000000,4.00000000,5.00000000,7.00000000,10.00000000,8.00000000,6.00000000,7.35714286,7.60714286,2.51661148,3.00274600,7.00000000,5.00000000,5.00000000,validation,True,aruna-juice-v4.0
2026-06-12,P002,Jus Semangka,8,2.00000000,6.00000000,5.00000000,4.00000000,7.00000000,5.00000000,4.71428571,5.07142857,5.21428571,1.88982237,2.33581762,5.00000000,5.00000000,5.00000000,validation,True,aruna-juice-v4.0
2026-06-12,P003,Jus Jambu,5,3.00000000,5.00000000,9.00000000,8.00000000,8.00000000,6.00000000,6.14285714,7.71428571,7.28571429,2.19306266,2.64367377,5.00000000,6.00000000,4.00000000,validation,True,aruna-juice-v4.0
2026-06-12,P004,Jus Pisang,5,7.00000000,7.00000000,5.00000000,9.00000000,3.00000000,7.00000000,6.00000000,5.78571429,5.32142857,1.00000000,1.84718378,3.00000000,7.00000000,2.00000000,validation,True,aruna-juice-v4.0
2026-06-12,P005,Jus Nanas,11,14.00000000,24.00000000,25.00000000,10.00000000,19.00000000,27.00000000,17.85714286,15.57142857,16.67857143,5.33630869,5.90585480,7.00000000,20.00000000,14.00000000,validation,True,aruna-juice-v4.0
2026-06-12,P006,Jus Melon,10,6.00000000,6.00000000,8.00000000,8.00000000,9.00000000,7.00000000,7.00000000,6.35714286,6.25000000,2.38047614,2.16997493,6.00000000,5.00000000,9.00000000,validation,True,aruna-juice-v4.0
2026-06-12,P007,Jus Sirsak,16,18.00000000,23.00000000,17.00000000,18.00000000,8.00000000,11.00000000,16.28571429,17.35714286,17.14285714,3.63841933,2.92488377,11.00000000,20.00000000,20.00000000,validation,True,aruna-juice-v4.0
2026-06-12,P008,Jus Alpukat,15,15.00000000,22.00000000,11.00000000,24.00000000,17.00000000,16.00000000,14.14285714,16.92857143,16.03571429,3.93397896,5.82388036,20.00000000,10.00000000,9.00000000,validation,True,aruna-juice-v4.0
2026-06-12,P009,Jus Stroberi,19,22.00000000,19.00000000,18.00000000,15.00000000,16.00000000,13.00000000,17.85714286,16.64285714,16.89285714,4.52506248,4.23551183,14.00000000,17.00000000,10.00000000,validation,True,aruna-juice-v4.0
2026-06-12,P010,Jus Jeruk,10,6.00000000,3.00000000,6.00000000,9.00000000,7.00000000,2.00000000,5.28571429,7.57142857,7.32142857,3.09377255,3.43543270,5.00000000,3.00000000,8.00000000,validation,True,aruna-juice-v4.0
2026-06-12,P011,Jus Mangga,18,16.00000000,25.00000000,22.00000000,15.00000000,21.00000000,11.00000000,18.71428571,18.28571429,18.60714286,4.49867705,3.51761658,15.00000000,21.00000000,18.00000000,validation,True,aruna-juice-v4.0
2026-06-13,P001,Jus Naga,7,4.00000000,4.00000000,4.00000000,6.00000000,7.00000000,9.00000000,6.14285714,7.35714286,7.53571429,2.54483604,3.00274600,5.00000000,5.00000000,4.00000000,validation,True,aruna-juice-v4.0
2026-06-13,P002,Jus Semangka,5,8.00000000,2.00000000,6.00000000,4.00000000,10.00000000,1.00000000,4.85714286,4.71428571,5.35714286,1.86445447,1.85756546,5.00000000,5.00000000,3.00000000,validation,True,aruna-juice-v4.0
2026-06-13,P003,Jus Jambu,5,5.00000000,3.00000000,5.00000000,8.00000000,10.00000000,14.00000000,5.71428571,7.35714286,6.96428571,2.05866346,2.64886457,6.00000000,4.00000000,5.00000000,validation,True,aruna-juice-v4.0
2026-06-13,P004,Jus Pisang,3,5.00000000,7.00000000,7.00000000,6.00000000,6.00000000,7.00000000,5.57142857,5.57142857,5.17857143,1.51185789,1.98898063,7.00000000,2.00000000,2.00000000,validation,True,aruna-juice-v4.0
2026-06-13,P005,Jus Nanas,7,11.00000000,14.00000000,24.00000000,20.00000000,16.00000000,16.00000000,16.00000000,14.92857143,16.35714286,6.58280589,6.33019973,20.00000000,14.00000000,21.00000000,validation,True,aruna-juice-v4.0
2026-06-13,P006,Jus Melon,6,10.00000000,6.00000000,6.00000000,4.00000000,8.00000000,10.00000000,7.28571429,6.21428571,6.10714286,2.05866346,2.11872863,5.00000000,9.00000000,7.00000000,validation,True,aruna-juice-v4.0
2026-06-13,P007,Jus Sirsak,11,16.00000000,18.00000000,23.00000000,12.00000000,17.00000000,9.00000000,16.14285714,16.92857143,17.21428571,3.84831441,3.38467782,20.00000000,20.00000000,20.00000000,validation,True,aruna-juice-v4.0
2026-06-13,P008,Jus Alpukat,20,15.00000000,15.00000000,22.00000000,13.00000000,18.00000000,14.00000000,15.14285714,17.07142857,16.25000000,4.45078912,5.87647573,10.00000000,9.00000000,14.00000000,validation,True,aruna-juice-v4.0
2026-06-13,P009,Jus Stroberi,14,19.00000000,22.00000000,19.00000000,8.00000000,12.00000000,14.00000000,18.71428571,16.78571429,16.89285714,2.42997159,4.09837813,17.00000000,10.00000000,14.00000000,validation,True,aruna-juice-v4.0
2026-06-13,P010,Jus Jeruk,5,10.00000000,6.00000000,3.00000000,0.00000000,8.00000000,5.00000000,6.00000000,7.35714286,7.32142857,2.08166600,3.49960751,3.00000000,8.00000000,11.00000000,validation,True,aruna-juice-v4.0
2026-06-13,P011,Jus Mangga,15,18.00000000,16.00000000,25.00000000,22.00000000,17.00000000,17.00000000,17.71428571,18.14285714,18.53571429,4.42396073,3.61316275,21.00000000,18.00000000,22.00000000,validation,True,aruna-juice-v4.0
2026-06-14,P001,Jus Naga,5,7.00000000,4.00000000,4.00000000,10.00000000,5.00000000,10.00000000,5.42857143,7.35714286,7.35714286,1.90237946,3.00274600,5.00000000,4.00000000,10.00000000,validation,True,aruna-juice-v4.0
2026-06-14,P002,Jus Semangka,5,5.00000000,8.00000000,2.00000000,4.00000000,5.00000000,4.00000000,5.00000000,4.71428571,5.39285714,1.82574186,1.85756546,5.00000000,3.00000000,7.00000000,validation,True,aruna-juice-v4.0
2026-06-14,P003,Jus Jambu,6,5.00000000,5.00000000,3.00000000,8.00000000,7.00000000,3.00000000,5.42857143,7.28571429,7.07142857,1.81265393,2.67261242,4.00000000,5.00000000,11.00000000,validation,True,aruna-juice-v4.0
2026-06-14,P004,Jus Pisang,7,3.00000000,5.00000000,7.00000000,5.00000000,3.00000000,8.00000000,5.85714286,5.85714286,5.14285714,1.57359158,1.87522892,2.00000000,2.00000000,5.00000000,validation,True,aruna-juice-v4.0
2026-06-14,P005,Jus Nanas,20,7.00000000,11.00000000,14.00000000,14.00000000,12.00000000,20.00000000,16.85714286,15.50000000,16.35714286,6.66904719,6.40612687,14.00000000,21.00000000,5.00000000,validation,True,aruna-juice-v4.0
2026-06-14,P006,Jus Melon,5,6.00000000,10.00000000,6.00000000,5.00000000,6.00000000,4.00000000,7.28571429,6.14285714,6.14285714,2.05866346,2.14322341,9.00000000,7.00000000,4.00000000,validation,True,aruna-juice-v4.0
2026-06-14,P007,Jus Sirsak,20,11.00000000,16.00000000,18.00000000,13.00000000,19.00000000,19.00000000,17.14285714,17.00000000,17.25000000,3.80475892,3.44182420,20.00000000,20.00000000,14.00000000,validation,True,aruna-juice-v4.0
2026-06-14,P008,Jus Alpukat,10,20.00000000,15.00000000,15.00000000,10.00000000,15.00000000,12.00000000,15.14285714,16.71428571,16.17857143,4.45078912,6.15727926,9.00000000,14.00000000,16.00000000,validation,True,aruna-juice-v4.0
2026-06-14,P009,Jus Stroberi,17,14.00000000,19.00000000,22.00000000,19.00000000,12.00000000,13.00000000,18.42857143,17.14285714,17.03571429,2.50713268,3.86019415,10.00000000,14.00000000,17.00000000,validation,True,aruna-juice-v4.0
2026-06-14,P010,Jus Jeruk,3,5.00000000,10.00000000,6.00000000,6.00000000,9.00000000,7.00000000,5.57142857,6.92857143,7.17857143,2.37045304,3.64721782,8.00000000,11.00000000,9.00000000,validation,True,aruna-juice-v4.0
2026-06-14,P011,Jus Mangga,21,15.00000000,18.00000000,16.00000000,12.00000000,23.00000000,19.00000000,19.00000000,18.00000000,18.60714286,3.74165739,3.44182420,18.00000000,22.00000000,17.00000000,validation,True,aruna-juice-v4.0
2026-06-15,P001,Jus Naga,5,5.00000000,7.00000000,4.00000000,9.00000000,7.00000000,5.00000000,4.85714286,7.21428571,7.35714286,1.06904497,3.06791263,4.00000000,10.00000000,3.00000000,validation,True,aruna-juice-v4.0
2026-06-15,P002,Jus Semangka,5,5.00000000,5.00000000,8.00000000,4.00000000,6.00000000,5.00000000,5.14285714,4.64285714,5.39285714,1.77281052,1.82323225,3.00000000,7.00000000,4.00000000,validation,True,aruna-juice-v4.0
2026-06-15,P003,Jus Jambu,4,6.00000000,5.00000000,5.00000000,5.00000000,7.00000000,6.00000000,5.28571429,7.07142857,7.00000000,1.88982237,2.81381990,5.00000000,11.00000000,7.00000000,validation,True,aruna-juice-v4.0
2026-06-15,P004,Jus Pisang,2,7.00000000,3.00000000,5.00000000,7.00000000,8.00000000,4.00000000,5.14285714,5.42857143,5.07142857,2.03540098,2.02728639,2.00000000,5.00000000,2.00000000,validation,True,aruna-juice-v4.0
2026-06-15,P005,Jus Nanas,14,20.00000000,7.00000000,11.00000000,17.00000000,12.00000000,17.00000000,16.42857143,15.64285714,16.25000000,6.75418741,6.34407225,21.00000000,5.00000000,11.00000000,validation,True,aruna-juice-v4.0
2026-06-15,P006,Jus Melon,9,5.00000000,6.00000000,10.00000000,10.00000000,3.00000000,4.00000000,7.14285714,6.57142857,6.32142857,1.86445447,2.06488166,7.00000000,4.00000000,11.00000000,validation,True,aruna-juice-v4.0
2026-06-15,P007,Jus Sirsak,20,20.00000000,11.00000000,16.00000000,15.00000000,21.00000000,13.00000000,17.85714286,16.92857143,17.50000000,3.80475892,3.36187415,20.00000000,14.00000000,12.00000000,validation,True,aruna-juice-v4.0
2026-06-15,P008,Jus Alpukat,9,10.00000000,20.00000000,15.00000000,13.00000000,25.00000000,11.00000000,14.57142857,15.57142857,16.10714286,4.99523583,5.98349378,14.00000000,16.00000000,19.00000000,validation,True,aruna-juice-v4.0
2026-06-15,P009,Jus Stroberi,10,17.00000000,14.00000000,19.00000000,20.00000000,23.00000000,13.00000000,17.00000000,16.21428571,16.92857143,3.91578004,3.90617994,14.00000000,17.00000000,22.00000000,validation,True,aruna-juice-v4.0
2026-06-15,P010,Jus Jeruk,8,3.00000000,5.00000000,10.00000000,6.00000000,10.00000000,12.00000000,5.85714286,6.78571429,7.03571429,2.54483604,3.55567956,11.00000000,9.00000000,7.00000000,validation,True,aruna-juice-v4.0
2026-06-15,P011,Jus Mangga,18,21.00000000,15.00000000,18.00000000,16.00000000,18.00000000,21.00000000,19.28571429,18.00000000,18.50000000,3.54562104,3.44182420,22.00000000,17.00000000,9.00000000,validation,True,aruna-juice-v4.0
2026-06-16,P001,Jus Naga,4,5.00000000,5.00000000,7.00000000,5.00000000,12.00000000,10.00000000,4.71428571,6.64285714,7.14285714,1.11269728,2.84489131,10.00000000,3.00000000,7.00000000,validation,True,aruna-juice-v4.0
2026-06-16,P002,Jus Semangka,3,5.00000000,5.00000000,5.00000000,5.00000000,8.00000000,10.00000000,4.85714286,4.28571429,5.14285714,1.95180015,1.58980267,7.00000000,4.00000000,7.00000000,validation,True,aruna-juice-v4.0
2026-06-16,P003,Jus Jambu,5,4.00000000,6.00000000,5.00000000,9.00000000,9.00000000,6.00000000,4.71428571,6.78571429,6.96428571,0.95118973,2.80599828,11.00000000,7.00000000,16.00000000,validation,True,aruna-juice-v4.0
2026-06-16,P004,Jus Pisang,2,2.00000000,7.00000000,3.00000000,5.00000000,6.00000000,6.00000000,4.71428571,5.14285714,4.92857143,2.36038738,2.21384256,5.00000000,2.00000000,2.00000000,validation,True,aruna-juice-v4.0
2026-06-16,P005,Jus Nanas,21,14.00000000,20.00000000,7.00000000,25.00000000,23.00000000,19.00000000,15.85714286,15.50000000,16.32142857,6.03955218,6.18621296,5.00000000,11.00000000,21.00000000,validation,True,aruna-juice-v4.0
2026-06-16,P006,Jus Melon,7,9.00000000,5.00000000,6.00000000,8.00000000,5.00000000,7.00000000,7.00000000,6.71428571,6.32142857,1.82574186,2.01641614,4.00000000,11.00000000,6.00000000,validation,True,aruna-juice-v4.0
2026-06-16,P007,Jus Sirsak,20,20.00000000,20.00000000,11.00000000,17.00000000,20.00000000,18.00000000,18.28571429,16.92857143,17.57142857,3.86066858,3.36187415,14.00000000,12.00000000,16.00000000,validation,True,aruna-juice-v4.0
2026-06-16,P008,Jus Alpukat,14,9.00000000,10.00000000,20.00000000,11.00000000,27.00000000,16.00000000,15.00000000,14.64285714,16.03571429,4.76095229,5.00164808,16.00000000,19.00000000,14.00000000,validation,True,aruna-juice-v4.0
2026-06-16,P009,Jus Stroberi,14,10.00000000,17.00000000,14.00000000,18.00000000,17.00000000,20.00000000,16.42857143,16.00000000,16.71428571,4.03555625,3.94188553,17.00000000,22.00000000,21.00000000,validation,True,aruna-juice-v4.0
2026-06-16,P010,Jus Jeruk,11,8.00000000,3.00000000,5.00000000,6.00000000,14.00000000,4.00000000,6.57142857,6.57142857,7.28571429,3.20713490,3.15531995,9.00000000,7.00000000,9.00000000,validation,True,aruna-juice-v4.0
2026-06-16,P011,Jus Mangga,22,18.00000000,21.00000000,15.00000000,22.00000000,17.00000000,23.00000000,19.28571429,18.35714286,18.46428571,3.54562104,3.58645192,17.00000000,9.00000000,27.00000000,validation,True,aruna-juice-v4.0
2026-06-17,P001,Jus Naga,10,4.00000000,5.00000000,5.00000000,4.00000000,10.00000000,7.00000000,5.57142857,6.64285714,7.25000000,2.22539456,2.84489131,3.00000000,7.00000000,9.00000000,validation,True,aruna-juice-v4.0
2026-06-17,P002,Jus Semangka,7,3.00000000,5.00000000,5.00000000,6.00000000,3.00000000,2.00000000,5.00000000,4.57142857,5.32142857,2.08166600,1.69679724,4.00000000,7.00000000,5.00000000,validation,True,aruna-juice-v4.0
2026-06-17,P003,Jus Jambu,11,5.00000000,4.00000000,6.00000000,5.00000000,12.00000000,5.00000000,5.57142857,6.71428571,7.17857143,2.57275098,2.67261242,7.00000000,16.00000000,6.00000000,validation,True,aruna-juice-v4.0
2026-06-17,P004,Jus Pisang,5,2.00000000,2.00000000,7.00000000,7.00000000,5.00000000,4.00000000,4.42857143,5.14285714,4.96428571,2.14919697,2.21384256,2.00000000,2.00000000,5.00000000,validation,True,aruna-juice-v4.0
2026-06-17,P005,Jus Nanas,5,21.00000000,14.00000000,20.00000000,24.00000000,16.00000000,16.00000000,13.14285714,14.71428571,15.92857143,6.03955218,6.78718897,11.00000000,21.00000000,24.00000000,validation,True,aruna-juice-v4.0
2026-06-17,P006,Jus Melon,4,7.00000000,9.00000000,5.00000000,6.00000000,6.00000000,3.00000000,6.71428571,6.57142857,6.35714286,2.13808994,2.13808994,11.00000000,6.00000000,3.00000000,validation,True,aruna-juice-v4.0
2026-06-17,P007,Jus Sirsak,14,20.00000000,20.00000000,20.00000000,23.00000000,17.00000000,21.00000000,17.00000000,16.71428571,17.32142857,3.51188458,3.45138927,12.00000000,16.00000000,19.00000000,validation,True,aruna-juice-v4.0
2026-06-17,P008,Jus Alpukat,16,14.00000000,9.00000000,10.00000000,22.00000000,9.00000000,10.00000000,14.14285714,15.14285714,16.25000000,3.71611676,4.73704132,19.00000000,14.00000000,15.00000000,validation,True,aruna-juice-v4.0
2026-06-17,P009,Jus Stroberi,17,14.00000000,10.00000000,17.00000000,19.00000000,13.00000000,14.00000000,16.14285714,16.28571429,16.82142857,3.89138242,3.85164443,22.00000000,21.00000000,13.00000000,validation,True,aruna-juice-v4.0
2026-06-17,P010,Jus Jeruk,9,11.00000000,8.00000000,3.00000000,3.00000000,10.00000000,7.00000000,7.42857143,6.50000000,7.35714286,2.87849167,3.08220700,7.00000000,9.00000000,7.00000000,validation,True,aruna-juice-v4.0
2026-06-17,P011,Jus Mangga,17,22.00000000,18.00000000,21.00000000,25.00000000,18.00000000,14.00000000,18.14285714,18.28571429,18.57142857,2.54483604,3.60402705,9.00000000,27.00000000,18.00000000,validation,True,aruna-juice-v4.0
2026-06-18,P001,Jus Naga,3,10.00000000,4.00000000,5.00000000,4.00000000,13.00000000,6.00000000,5.42857143,5.92857143,7.14285714,2.37045304,2.33581762,7.00000000,9.00000000,11.00000000,validation,True,aruna-juice-v4.0
2026-06-18,P002,Jus Semangka,4,7.00000000,3.00000000,5.00000000,2.00000000,2.00000000,5.00000000,5.28571429,4.71428571,5.28571429,1.70433621,1.54065777,7.00000000,5.00000000,4.00000000,validation,True,aruna-juice-v4.0
2026-06-18,P003,Jus Jambu,7,11.00000000,5.00000000,4.00000000,3.00000000,12.00000000,5.00000000,6.14285714,6.35714286,7.25000000,2.34012617,2.20513885,16.00000000,6.00000000,6.00000000,validation,True,aruna-juice-v4.0
2026-06-18,P004,Jus Pisang,2,5.00000000,2.00000000,2.00000000,7.00000000,2.00000000,3.00000000,3.71428571,5.14285714,4.92857143,1.97604704,2.21384256,2.00000000,5.00000000,4.00000000,validation,True,aruna-juice-v4.0
2026-06-18,P005,Jus Nanas,11,5.00000000,21.00000000,14.00000000,14.00000000,4.00000000,14.00000000,12.71428571,15.21428571,15.82142857,6.07492896,6.16664192,21.00000000,24.00000000,14.00000000,validation,True,aruna-juice-v4.0
2026-06-18,P006,Jus Melon,11,4.00000000,7.00000000,9.00000000,6.00000000,4.00000000,5.00000000,7.42857143,7.07142857,6.57142857,2.63673680,2.30265017,6.00000000,3.00000000,3.00000000,validation,True,aruna-juice-v4.0
2026-06-18,P007,Jus Sirsak,12,14.00000000,20.00000000,20.00000000,18.00000000,17.00000000,19.00000000,16.14285714,16.35714286,17.07142857,3.93397896,3.67124257,16.00000000,19.00000000,14.00000000,validation,True,aruna-juice-v4.0
2026-06-18,P008,Jus Alpukat,19,16.00000000,14.00000000,9.00000000,15.00000000,20.00000000,23.00000000,14.71428571,15.07142857,16.10714286,4.15187852,4.66516198,14.00000000,15.00000000,21.00000000,validation,True,aruna-juice-v4.0
2026-06-18,P009,Jus Stroberi,22,17.00000000,14.00000000,10.00000000,22.00000000,16.00000000,19.00000000,16.14285714,16.71428571,16.92857143,3.89138242,4.14039336,21.00000000,13.00000000,18.00000000,validation,True,aruna-juice-v4.0
2026-06-18,P010,Jus Jeruk,7,9.00000000,11.00000000,8.00000000,6.00000000,9.00000000,8.00000000,7.57142857,6.35714286,7.32142857,2.81999662,3.00274600,9.00000000,7.00000000,10.00000000,validation,True,aruna-juice-v4.0
2026-06-18,P011,Jus Mangga,9,17.00000000,22.00000000,18.00000000,16.00000000,17.00000000,16.00000000,17.14285714,17.71428571,18.32142857,4.29839394,4.37525509,27.00000000,18.00000000,16.00000000,validation,True,aruna-juice-v4.0
2026-06-19,P001,Jus Naga,7,3.00000000,10.00000000,4.00000000,4.00000000,7.00000000,12.00000000,5.85714286,5.92857143,6.96428571,2.34012617,2.33581762,9.00000000,11.00000000,12.00000000,validation,True,aruna-juice-v4.0
2026-06-19,P002,Jus Semangka,7,4.00000000,7.00000000,3.00000000,8.00000000,4.00000000,9.00000000,5.14285714,4.92857143,5.21428571,1.46385011,1.63915014,5.00000000,4.00000000,10.00000000,validation,True,aruna-juice-v4.0
2026-06-19,P003,Jus Jambu,16,7.00000000,11.00000000,5.00000000,5.00000000,8.00000000,8.00000000,7.71428571,6.92857143,7.53571429,4.30945804,3.38467782,6.00000000,6.00000000,7.00000000,validation,True,aruna-juice-v4.0
2026-06-19,P004,Jus Pisang,2,2.00000000,5.00000000,2.00000000,5.00000000,9.00000000,8.00000000,3.28571429,4.64285714,4.71428571,1.97604704,2.06088640,5.00000000,4.00000000,1.00000000,validation,True,aruna-juice-v4.0
2026-06-19,P005,Jus Nanas,21,11.00000000,5.00000000,21.00000000,11.00000000,10.00000000,30.00000000,14.14285714,16.00000000,15.50000000,6.74360367,6.15192278,24.00000000,14.00000000,32.00000000,validation,True,aruna-juice-v4.0
2026-06-19,P006,Jus Melon,6,11.00000000,4.00000000,7.00000000,10.00000000,8.00000000,4.00000000,6.85714286,6.92857143,6.64285714,2.41029538,2.30265017,3.00000000,3.00000000,10.00000000,validation,True,aruna-juice-v4.0
2026-06-19,P007,Jus Sirsak,16,12.00000000,14.00000000,20.00000000,16.00000000,18.00000000,26.00000000,16.14285714,16.21428571,16.71428571,3.93397896,3.64118686,19.00000000,14.00000000,19.00000000,validation,True,aruna-juice-v4.0
2026-06-19,P008,Jus Alpukat,14,19.00000000,16.00000000,14.00000000,15.00000000,24.00000000,13.00000000,14.57142857,14.35714286,16.14285714,4.15760920,3.89491074,15.00000000,21.00000000,20.00000000,validation,True,aruna-juice-v4.0
2026-06-19,P009,Jus Stroberi,21,22.00000000,17.00000000,14.00000000,19.00000000,15.00000000,28.00000000,16.42857143,17.14285714,16.67857143,4.19750493,4.25815314,13.00000000,18.00000000,20.00000000,validation,True,aruna-juice-v4.0
2026-06-19,P010,Jus Jeruk,9,7.00000000,9.00000000,11.00000000,10.00000000,9.00000000,4.00000000,7.42857143,6.35714286,7.50000000,2.69920623,3.00274600,7.00000000,10.00000000,4.00000000,validation,True,aruna-juice-v4.0
2026-06-19,P011,Jus Mangga,27,9.00000000,17.00000000,22.00000000,18.00000000,15.00000000,22.00000000,18.42857143,18.57142857,18.50000000,5.71130875,4.94141502,18.00000000,16.00000000,21.00000000,validation,True,aruna-juice-v4.0
2026-06-20,P001,Jus Naga,9,7.00000000,3.00000000,10.00000000,7.00000000,6.00000000,4.00000000,6.14285714,6.14285714,7.14285714,2.60950643,2.47626092,11.00000000,12.00000000,14.00000000,validation,True,aruna-juice-v4.0
2026-06-20,P002,Jus Semangka,5,7.00000000,4.00000000,7.00000000,5.00000000,4.00000000,5.00000000,5.14285714,5.00000000,5.21428571,1.46385011,1.61721508,4.00000000,10.00000000,7.00000000,validation,True,aruna-juice-v4.0
2026-06-20,P003,Jus Jambu,6,16.00000000,7.00000000,11.00000000,5.00000000,8.00000000,9.00000000,7.85714286,6.78571429,7.42857143,4.22013315,3.37817819,6.00000000,7.00000000,5.00000000,validation,True,aruna-juice-v4.0
2026-06-20,P004,Jus Pisang,5,2.00000000,2.00000000,5.00000000,3.00000000,6.00000000,6.00000000,3.57142857,4.57142857,4.67857143,2.07019668,2.02728639,4.00000000,1.00000000,5.00000000,validation,True,aruna-juice-v4.0
2026-06-20,P005,Jus Nanas,24,21.00000000,11.00000000,5.00000000,7.00000000,20.00000000,14.00000000,16.57142857,16.28571429,15.85714286,6.80336051,6.43821011,14.00000000,32.00000000,22.00000000,validation,True,aruna-juice-v4.0
2026-06-20,P006,Jus Melon,3,6.00000000,11.00000000,4.00000000,6.00000000,4.00000000,7.00000000,6.42857143,6.85714286,6.50000000,2.81999662,2.41333293,3.00000000,10.00000000,12.00000000,validation,True,aruna-juice-v4.0
2026-06-20,P007,Jus Sirsak,19,16.00000000,12.00000000,14.00000000,11.00000000,12.00000000,17.00000000,17.28571429,16.71428571,16.78571429,3.30223589,3.49568022,14.00000000,19.00000000,25.00000000,validation,True,aruna-juice-v4.0
2026-06-20,P008,Jus Alpukat,15,14.00000000,19.00000000,16.00000000,20.00000000,13.00000000,13.00000000,13.85714286,14.50000000,16.21428571,3.43649877,3.87794553,21.00000000,20.00000000,20.00000000,validation,True,aruna-juice-v4.0
2026-06-20,P009,Jus Stroberi,13,21.00000000,22.00000000,17.00000000,14.00000000,8.00000000,16.00000000,16.28571429,17.50000000,16.57142857,4.30945804,3.58951464,18.00000000,20.00000000,9.00000000,validation,True,aruna-juice-v4.0
2026-06-20,P010,Jus Jeruk,7,9.00000000,7.00000000,9.00000000,5.00000000,0.00000000,6.00000000,7.71428571,6.85714286,7.53571429,2.49761791,2.38124540,10.00000000,4.00000000,12.00000000,validation,True,aruna-juice-v4.0
2026-06-20,P011,Jus Mangga,18,27.00000000,9.00000000,17.00000000,15.00000000,22.00000000,14.00000000,18.85714286,18.28571429,18.64285714,5.52052447,4.84257674,16.00000000,21.00000000,26.00000000,validation,True,aruna-juice-v4.0
2026-06-21,P001,Jus Naga,11,9.00000000,7.00000000,3.00000000,5.00000000,10.00000000,7.00000000,7.00000000,6.21428571,7.28571429,3.10912635,2.60704877,12.00000000,14.00000000,5.00000000,validation,True,aruna-juice-v4.0
2026-06-21,P002,Jus Semangka,4,5.00000000,7.00000000,4.00000000,5.00000000,4.00000000,8.00000000,5.00000000,5.00000000,5.07142857,1.52752523,1.61721508,10.00000000,7.00000000,4.00000000,validation,True,aruna-juice-v4.0
2026-06-21,P003,Jus Jambu,6,6.00000000,16.00000000,7.00000000,6.00000000,8.00000000,5.00000000,7.85714286,6.64285714,7.46428571,4.22013315,3.36514128,7.00000000,5.00000000,6.00000000,validation,True,aruna-juice-v4.0
2026-06-21,P004,Jus Pisang,4,5.00000000,2.00000000,2.00000000,7.00000000,5.00000000,6.00000000,3.14285714,4.50000000,4.60714286,1.46385011,2.02864108,1.00000000,5.00000000,9.00000000,validation,True,aruna-juice-v4.0
2026-06-21,P005,Jus Nanas,14,24.00000000,21.00000000,11.00000000,20.00000000,14.00000000,17.00000000,15.71428571,16.28571429,15.75000000,6.67618368,6.43821011,32.00000000,22.00000000,10.00000000,validation,True,aruna-juice-v4.0
2026-06-21,P006,Jus Melon,3,3.00000000,6.00000000,11.00000000,5.00000000,5.00000000,7.00000000,6.14285714,6.71428571,6.35714286,3.07834216,2.58482469,10.00000000,12.00000000,9.00000000,validation,True,aruna-juice-v4.0
2026-06-21,P007,Jus Sirsak,14,19.00000000,16.00000000,12.00000000,20.00000000,13.00000000,20.00000000,16.42857143,16.78571429,16.57142857,3.25868802,3.42341645,19.00000000,25.00000000,13.00000000,validation,True,aruna-juice-v4.0
2026-06-21,P008,Jus Alpukat,21,15.00000000,14.00000000,19.00000000,10.00000000,10.00000000,22.00000000,15.42857143,15.28571429,16.17857143,3.86683087,4.00823328,20.00000000,20.00000000,17.00000000,validation,True,aruna-juice-v4.0
2026-06-21,P009,Jus Stroberi,18,13.00000000,21.00000000,22.00000000,17.00000000,19.00000000,18.00000000,16.42857143,17.42857143,16.57142857,4.35343324,3.56725030,20.00000000,9.00000000,12.00000000,validation,True,aruna-juice-v4.0
2026-06-21,P010,Jus Jeruk,10,7.00000000,9.00000000,7.00000000,3.00000000,6.00000000,12.00000000,8.71428571,7.14285714,7.46428571,1.49602648,2.50713268,4.00000000,12.00000000,6.00000000,validation,True,aruna-juice-v4.0
2026-06-21,P011,Jus Mangga,16,18.00000000,27.00000000,9.00000000,21.00000000,12.00000000,24.00000000,18.14285714,18.57142857,18.35714286,5.52052447,4.55250203,21.00000000,26.00000000,12.00000000,validation,True,aruna-juice-v4.0
2026-06-22,P001,Jus Naga,12,11.00000000,9.00000000,7.00000000,5.00000000,9.00000000,7.00000000,8.00000000,6.42857143,7.46428571,3.46410162,2.95385760,14.00000000,5.00000000,10.00000000,validation,True,aruna-juice-v4.0
2026-06-22,P002,Jus Semangka,10,4.00000000,5.00000000,7.00000000,5.00000000,4.00000000,5.00000000,5.71428571,5.42857143,5.25000000,2.42997159,2.06488166,7.00000000,4.00000000,7.00000000,validation,True,aruna-juice-v4.0
2026-06-22,P003,Jus Jambu,7,6.00000000,6.00000000,16.00000000,4.00000000,5.00000000,6.00000000,8.28571429,6.78571429,7.50000000,3.90360029,3.33232586,5.00000000,6.00000000,9.00000000,validation,True,aruna-juice-v4.0
2026-06-22,P004,Jus Pisang,1,4.00000000,5.00000000,2.00000000,2.00000000,7.00000000,4.00000000,3.00000000,4.07142857,4.50000000,1.63299316,2.09263491,5.00000000,9.00000000,3.00000000,validation,True,aruna-juice-v4.0
2026-06-22,P005,Jus Nanas,32,14.00000000,24.00000000,21.00000000,14.00000000,17.00000000,21.00000000,18.28571429,17.35714286,16.14285714,8.97615890,7.69222527,22.00000000,10.00000000,18.00000000,validation,True,aruna-juice-v4.0
2026-06-22,P006,Jus Melon,10,3.00000000,3.00000000,6.00000000,9.00000000,10.00000000,7.00000000,6.28571429,6.71428571,6.46428571,3.25137334,2.58482469,12.00000000,9.00000000,7.00000000,validation,True,aruna-juice-v4.0
2026-06-22,P007,Jus Sirsak,19,14.00000000,19.00000000,16.00000000,20.00000000,15.00000000,12.00000000,16.28571429,17.07142857,16.82142857,3.09377255,3.42983035,25.00000000,13.00000000,14.00000000,validation,True,aruna-juice-v4.0
2026-06-22,P008,Jus Alpukat,20,21.00000000,15.00000000,14.00000000,9.00000000,13.00000000,14.00000000,17.00000000,15.78571429,16.39285714,2.94392029,4.13574608,20.00000000,17.00000000,23.00000000,validation,True,aruna-juice-v4.0
2026-06-22,P009,Jus Stroberi,20,18.00000000,13.00000000,21.00000000,10.00000000,20.00000000,20.00000000,17.85714286,17.42857143,16.57142857,3.43649877,3.56725030,9.00000000,12.00000000,11.00000000,validation,True,aruna-juice-v4.0
2026-06-22,P010,Jus Jeruk,4,10.00000000,7.00000000,9.00000000,8.00000000,6.00000000,4.00000000,8.14285714,7.00000000,7.46428571,2.34012617,2.63117406,12.00000000,6.00000000,9.00000000,validation,True,aruna-juice-v4.0
2026-06-22,P011,Jus Mangga,21,16.00000000,18.00000000,27.00000000,18.00000000,16.00000000,27.00000000,18.57142857,18.92857143,18.14285714,5.62308168,4.53133171,26.00000000,12.00000000,21.00000000,validation,True,aruna-juice-v4.0
2026-06-23,P001,Jus Naga,14,12.00000000,11.00000000,9.00000000,4.00000000,5.00000000,8.00000000,9.42857143,7.07142857,7.67857143,3.59894164,3.54019308,5.00000000,10.00000000,5.00000000,validation,True,aruna-juice-v4.0
2026-06-23,P002,Jus Semangka,7,10.00000000,4.00000000,5.00000000,3.00000000,5.00000000,2.00000000,6.28571429,5.57142857,5.42857143,2.13808994,2.10180456,4.00000000,7.00000000,7.00000000,validation,True,aruna-juice-v4.0
2026-06-23,P003,Jus Jambu,5,7.00000000,6.00000000,6.00000000,5.00000000,9.00000000,5.00000000,8.28571429,6.50000000,7.50000000,3.90360029,3.29918405,6.00000000,9.00000000,4.00000000,validation,True,aruna-juice-v4.0
2026-06-23,P004,Jus Pisang,5,1.00000000,4.00000000,5.00000000,2.00000000,5.00000000,4.00000000,3.42857143,4.07142857,4.53571429,1.71824939,2.09263491,9.00000000,3.00000000,6.00000000,validation,True,aruna-juice-v4.0
2026-06-23,P005,Jus Nanas,22,32.00000000,14.00000000,24.00000000,21.00000000,25.00000000,14.00000000,18.42857143,17.14285714,16.42857143,9.03432607,7.50238057,10.00000000,18.00000000,17.00000000,validation,True,aruna-juice-v4.0
2026-06-23,P006,Jus Melon,12,10.00000000,3.00000000,3.00000000,7.00000000,8.00000000,8.00000000,7.00000000,7.00000000,6.60714286,3.91578004,2.93519754,9.00000000,7.00000000,5.00000000,validation,True,aruna-juice-v4.0
2026-06-23,P007,Jus Sirsak,25,19.00000000,14.00000000,19.00000000,20.00000000,17.00000000,17.00000000,17.00000000,17.64285714,17.10714286,4.39696865,4.03078810,13.00000000,14.00000000,13.00000000,validation,True,aruna-juice-v4.0
2026-06-23,P008,Jus Alpukat,20,20.00000000,21.00000000,15.00000000,14.00000000,11.00000000,17.00000000,17.85714286,16.42857143,16.50000000,2.79455252,4.03283229,17.00000000,23.00000000,13.00000000,validation,True,aruna-juice-v4.0
2026-06-23,P009,Jus Stroberi,9,20.00000000,18.00000000,13.00000000,14.00000000,18.00000000,15.00000000,17.14285714,16.78571429,16.35714286,4.67006679,4.20948693,12.00000000,11.00000000,17.00000000,validation,True,aruna-juice-v4.0
2026-06-23,P010,Jus Jeruk,12,4.00000000,10.00000000,7.00000000,11.00000000,6.00000000,5.00000000,8.28571429,7.42857143,7.71428571,2.56347978,2.92770022,6.00000000,9.00000000,6.00000000,validation,True,aruna-juice-v4.0
2026-06-23,P011,Jus Mangga,26,21.00000000,16.00000000,18.00000000,22.00000000,22.00000000,13.00000000,19.14285714,19.21428571,18.60714286,6.20291790,4.85447567,12.00000000,21.00000000,9.00000000,validation,True,aruna-juice-v4.0
2026-06-24,P001,Jus Naga,5,14.00000000,12.00000000,11.00000000,10.00000000,4.00000000,7.00000000,8.71428571,7.14285714,7.60714286,3.94606495,3.48308314,10.00000000,5.00000000,3.00000000,validation,True,aruna-juice-v4.0
2026-06-24,P002,Jus Semangka,4,7.00000000,10.00000000,4.00000000,7.00000000,6.00000000,5.00000000,5.85714286,5.42857143,5.39285714,2.26778684,2.13808994,7.00000000,7.00000000,7.00000000,validation,True,aruna-juice-v4.0
2026-06-24,P003,Jus Jambu,6,5.00000000,7.00000000,6.00000000,11.00000000,5.00000000,8.00000000,7.57142857,6.57142857,7.42857143,3.77964473,3.27494652,9.00000000,4.00000000,5.00000000,validation,True,aruna-juice-v4.0
2026-06-24,P004,Jus Pisang,9,5.00000000,1.00000000,4.00000000,5.00000000,7.00000000,1.00000000,4.00000000,4.21428571,4.82142857,2.70801280,2.35922319,3.00000000,6.00000000,2.00000000,validation,True,aruna-juice-v4.0
2026-06-24,P005,Jus Nanas,10,22.00000000,32.00000000,14.00000000,5.00000000,24.00000000,14.00000000,19.14285714,16.14285714,16.28571429,7.92524598,7.45093843,18.00000000,17.00000000,20.00000000,validation,True,aruna-juice-v4.0
2026-06-24,P006,Jus Melon,9,12.00000000,10.00000000,3.00000000,4.00000000,6.00000000,6.00000000,7.71428571,7.21428571,6.71428571,3.72890894,2.96592368,7.00000000,5.00000000,2.00000000,validation,True,aruna-juice-v4.0
2026-06-24,P007,Jus Sirsak,13,25.00000000,19.00000000,14.00000000,14.00000000,23.00000000,22.00000000,16.85714286,16.92857143,16.78571429,4.52506248,3.89208834,14.00000000,13.00000000,15.00000000,validation,True,aruna-juice-v4.0
2026-06-24,P008,Jus Alpukat,17,20.00000000,20.00000000,21.00000000,16.00000000,22.00000000,16.00000000,18.00000000,16.07142857,16.53571429,2.70801280,3.70995098,23.00000000,13.00000000,11.00000000,validation,True,aruna-juice-v4.0
2026-06-24,P009,Jus Stroberi,12,9.00000000,20.00000000,18.00000000,17.00000000,19.00000000,11.00000000,16.42857143,16.28571429,16.39285714,5.06152621,4.33994987,11.00000000,17.00000000,24.00000000,validation,True,aruna-juice-v4.0
2026-06-24,P010,Jus Jeruk,6,12.00000000,4.00000000,10.00000000,9.00000000,3.00000000,10.00000000,7.85714286,7.64285714,7.57142857,2.67261242,2.67774713,9.00000000,6.00000000,7.00000000,validation,True,aruna-juice-v4.0
2026-06-24,P011,Jus Mangga,12,26.00000000,21.00000000,16.00000000,17.00000000,25.00000000,18.00000000,18.42857143,18.28571429,18.39285714,6.75418741,4.90570424,21.00000000,9.00000000,17.00000000,validation,True,aruna-juice-v4.0
2026-06-25,P001,Jus Naga,10,5.00000000,14.00000000,12.00000000,3.00000000,4.00000000,8.00000000,9.71428571,7.57142857,7.67857143,3.03942350,3.43543270,5.00000000,3.00000000,9.00000000,validation,True,aruna-juice-v4.0
2026-06-25,P002,Jus Semangka,7,4.00000000,7.00000000,10.00000000,4.00000000,2.00000000,7.00000000,6.28571429,5.78571429,5.39285714,2.13808994,1.92867318,7.00000000,7.00000000,6.00000000,validation,True,aruna-juice-v4.0
2026-06-25,P003,Jus Jambu,9,6.00000000,5.00000000,7.00000000,7.00000000,3.00000000,8.00000000,7.85714286,7.00000000,7.46428571,3.80475892,3.16227766,4.00000000,5.00000000,4.00000000,validation,True,aruna-juice-v4.0
2026-06-25,P004,Jus Pisang,3,9.00000000,5.00000000,1.00000000,2.00000000,7.00000000,4.00000000,4.14285714,3.92857143,4.78571429,2.60950643,2.23483903,6.00000000,2.00000000,2.00000000,validation,True,aruna-juice-v4.0
2026-06-25,P005,Jus Nanas,18,10.00000000,22.00000000,32.00000000,11.00000000,14.00000000,18.00000000,20.14285714,16.42857143,16.28571429,7.12807995,7.43913028,17.00000000,20.00000000,14.00000000,validation,True,aruna-juice-v4.0
2026-06-25,P006,Jus Melon,7,9.00000000,12.00000000,10.00000000,11.00000000,6.00000000,5.00000000,7.14285714,7.28571429,6.78571429,3.43649877,2.94640776,5.00000000,2.00000000,3.00000000,validation,True,aruna-juice-v4.0
2026-06-25,P007,Jus Sirsak,14,13.00000000,25.00000000,19.00000000,12.00000000,18.00000000,16.00000000,17.14285714,16.64285714,16.71428571,4.22013315,3.95371574,13.00000000,15.00000000,26.00000000,validation,True,aruna-juice-v4.0
2026-06-25,P008,Jus Alpukat,23,17.00000000,20.00000000,20.00000000,19.00000000,15.00000000,14.00000000,18.57142857,16.64285714,16.85714286,3.30943816,4.12510406,13.00000000,11.00000000,19.00000000,validation,True,aruna-juice-v4.0
2026-06-25,P009,Jus Stroberi,11,12.00000000,9.00000000,20.00000000,22.00000000,22.00000000,23.00000000,14.85714286,15.50000000,15.96428571,4.74090608,4.21991615,17.00000000,24.00000000,19.00000000,validation,True,aruna-juice-v4.0
2026-06-25,P010,Jus Jeruk,9,6.00000000,12.00000000,4.00000000,7.00000000,6.00000000,8.00000000,8.14285714,7.85714286,7.60714286,2.67261242,2.65611465,6.00000000,7.00000000,9.00000000,validation,True,aruna-juice-v4.0
2026-06-25,P011,Jus Mangga,21,12.00000000,26.00000000,21.00000000,9.00000000,16.00000000,16.00000000,20.14285714,18.64285714,18.57142857,5.33630869,4.90850350,9.00000000,17.00000000,13.00000000,validation,True,aruna-juice-v4.0
2026-06-26,P001,Jus Naga,5,10.00000000,5.00000000,14.00000000,7.00000000,4.00000000,10.00000000,9.42857143,7.64285714,7.50000000,3.40867241,3.36514128,3.00000000,9.00000000,9.00000000,validation,True,aruna-juice-v4.0
2026-06-26,P002,Jus Semangka,7,7.00000000,4.00000000,7.00000000,7.00000000,8.00000000,7.00000000,6.28571429,5.71428571,5.39285714,2.13808994,1.85756546,7.00000000,6.00000000,3.00000000,validation,True,aruna-juice-v4.0
2026-06-26,P003,Jus Jambu,4,9.00000000,6.00000000,5.00000000,16.00000000,5.00000000,8.00000000,6.14285714,6.92857143,7.32142857,1.57359158,3.22166430,5.00000000,4.00000000,3.00000000,validation,True,aruna-juice-v4.0
2026-06-26,P004,Jus Pisang,6,3.00000000,9.00000000,5.00000000,2.00000000,5.00000000,3.00000000,4.71428571,4.00000000,4.89285714,2.49761791,2.28708750,2.00000000,2.00000000,7.00000000,validation,True,aruna-juice-v4.0
2026-06-26,P005,Jus Nanas,17,18.00000000,10.00000000,22.00000000,21.00000000,11.00000000,19.00000000,19.57142857,16.85714286,16.21428571,7.20780001,7.27331416,20.00000000,14.00000000,10.00000000,validation,True,aruna-juice-v4.0
2026-06-26,P006,Jus Melon,5,7.00000000,9.00000000,12.00000000,6.00000000,10.00000000,9.00000000,7.00000000,6.92857143,6.64285714,3.51188458,2.89467112,2.00000000,3.00000000,5.00000000,validation,True,aruna-juice-v4.0
2026-06-26,P007,Jus Sirsak,13,14.00000000,13.00000000,25.00000000,16.00000000,16.00000000,8.00000000,16.71428571,16.42857143,16.89285714,4.49867705,4.07080196,15.00000000,26.00000000,15.00000000,validation,True,aruna-juice-v4.0
2026-06-26,P008,Jus Alpukat,13,23.00000000,17.00000000,20.00000000,14.00000000,15.00000000,17.00000000,18.42857143,16.50000000,16.71428571,3.55232989,4.21991615,11.00000000,19.00000000,25.00000000,validation,True,aruna-juice-v4.0
2026-06-26,P009,Jus Stroberi,17,11.00000000,12.00000000,9.00000000,21.00000000,19.00000000,16.00000000,14.28571429,15.35714286,16.00000000,4.07080196,4.12510406,24.00000000,19.00000000,17.00000000,validation,True,aruna-juice-v4.0
2026-06-26,P010,Jus Jeruk,6,9.00000000,6.00000000,12.00000000,9.00000000,10.00000000,7.00000000,7.71428571,7.57142857,7.57142857,2.75162290,2.62280782,7.00000000,9.00000000,7.00000000,validation,True,aruna-juice-v4.0
2026-06-26,P011,Jus Mangga,9,21.00000000,12.00000000,26.00000000,27.00000000,18.00000000,21.00000000,17.57142857,18.00000000,18.14285714,5.79819348,5.54700196,17.00000000,13.00000000,23.00000000,validation,True,aruna-juice-v4.0
2026-06-27,P001,Jus Naga,3,5.00000000,10.00000000,5.00000000,9.00000000,7.00000000,7.00000000,8.57142857,7.35714286,7.35714286,4.19750493,3.58645192,9.00000000,9.00000000,9.00000000,validation,True,aruna-juice-v4.0
2026-06-27,P002,Jus Semangka,7,7.00000000,7.00000000,4.00000000,5.00000000,5.00000000,10.00000000,6.57142857,5.85714286,5.28571429,2.07019668,1.87522892,6.00000000,3.00000000,9.00000000,validation,True,aruna-juice-v4.0
2026-06-27,P003,Jus Jambu,5,4.00000000,9.00000000,6.00000000,6.00000000,5.00000000,10.00000000,6.00000000,6.92857143,7.14285714,1.63299316,3.22166430,4.00000000,3.00000000,12.00000000,validation,True,aruna-juice-v4.0
2026-06-27,P004,Jus Pisang,2,6.00000000,3.00000000,9.00000000,5.00000000,3.00000000,6.00000000,4.28571429,3.92857143,4.75000000,2.69037084,2.33581762,2.00000000,7.00000000,11.00000000,validation,True,aruna-juice-v4.0
2026-06-27,P005,Jus Nanas,20,17.00000000,18.00000000,10.00000000,24.00000000,7.00000000,16.00000000,19.00000000,17.78571429,16.35714286,6.95221787,6.72742460,14.00000000,10.00000000,23.00000000,validation,True,aruna-juice-v4.0
2026-06-27,P006,Jus Melon,2,5.00000000,7.00000000,9.00000000,3.00000000,6.00000000,8.00000000,6.85714286,6.64285714,6.42857143,3.71611676,3.17701221,3.00000000,5.00000000,3.00000000,validation,True,aruna-juice-v4.0
2026-06-27,P007,Jus Sirsak,15,13.00000000,14.00000000,13.00000000,19.00000000,11.00000000,17.00000000,16.14285714,16.71428571,16.82142857,4.41318371,3.79125657,26.00000000,15.00000000,19.00000000,validation,True,aruna-juice-v4.0
2026-06-27,P008,Jus Alpukat,11,13.00000000,23.00000000,17.00000000,15.00000000,20.00000000,18.00000000,17.85714286,15.85714286,16.46428571,4.41318371,4.32980978,19.00000000,25.00000000,13.00000000,validation,True,aruna-juice-v4.0
2026-06-27,P009,Jus Stroberi,24,17.00000000,11.00000000,12.00000000,13.00000000,14.00000000,12.00000000,15.85714286,16.07142857,16.42857143,5.39841247,4.69802390,19.00000000,17.00000000,13.00000000,validation,True,aruna-juice-v4.0
2026-06-27,P010,Jus Jeruk,7,6.00000000,9.00000000,6.00000000,7.00000000,5.00000000,8.00000000,7.71428571,7.71428571,7.53571429,2.75162290,2.52460420,9.00000000,7.00000000,6.00000000,validation,True,aruna-juice-v4.0
2026-06-27,P011,Jus Mangga,17,9.00000000,21.00000000,12.00000000,18.00000000,15.00000000,17.00000000,17.42857143,18.14285714,18.14285714,5.79819348,5.48925023,13.00000000,23.00000000,28.00000000,validation,True,aruna-juice-v4.0
2026-06-28,P001,Jus Naga,9,3.00000000,5.00000000,10.00000000,11.00000000,5.00000000,5.00000000,8.28571429,7.64285714,7.50000000,4.07080196,3.54329579,9.00000000,9.00000000,4.00000000,validation,True,aruna-juice-v4.0
2026-06-28,P002,Jus Semangka,6,7.00000000,7.00000000,7.00000000,4.00000000,5.00000000,5.00000000,6.85714286,5.92857143,5.32142857,1.77281052,1.85904383,3.00000000,9.00000000,5.00000000,validation,True,aruna-juice-v4.0
2026-06-28,P003,Jus Jambu,4,5.00000000,4.00000000,9.00000000,6.00000000,6.00000000,7.00000000,5.71428571,6.78571429,7.03571429,1.79947082,3.30916144,3.00000000,12.00000000,3.00000000,validation,True,aruna-juice-v4.0
2026-06-28,P004,Jus Pisang,2,2.00000000,6.00000000,3.00000000,4.00000000,7.00000000,3.00000000,4.00000000,3.57142857,4.71428571,2.82842712,2.20887321,7.00000000,11.00000000,4.00000000,validation,True,aruna-juice-v4.0
2026-06-28,P005,Jus Nanas,14,20.00000000,17.00000000,18.00000000,14.00000000,20.00000000,12.00000000,19.00000000,17.35714286,16.42857143,6.95221787,6.76651419,10.00000000,23.00000000,10.00000000,validation,True,aruna-juice-v4.0
2026-06-28,P006,Jus Melon,3,2.00000000,5.00000000,7.00000000,3.00000000,5.00000000,6.00000000,6.85714286,6.50000000,6.32142857,3.71611676,3.29918405,5.00000000,3.00000000,8.00000000,validation,True,aruna-juice-v4.0
2026-06-28,P007,Jus Sirsak,26,15.00000000,13.00000000,14.00000000,14.00000000,20.00000000,19.00000000,17.85714286,17.14285714,17.07142857,5.61036456,4.46967806,15.00000000,19.00000000,20.00000000,validation,True,aruna-juice-v4.0
2026-06-28,P008,Jus Alpukat,19,11.00000000,13.00000000,23.00000000,21.00000000,10.00000000,15.00000000,17.57142857,16.50000000,16.60714286,4.23702501,4.05253956,25.00000000,13.00000000,10.00000000,validation,True,aruna-juice-v4.0
2026-06-28,P009,Jus Stroberi,19,24.00000000,17.00000000,11.00000000,18.00000000,17.00000000,12.00000000,16.00000000,16.21428571,16.67857143,5.47722558,4.75845113,17.00000000,13.00000000,18.00000000,validation,True,aruna-juice-v4.0
2026-06-28,P010,Jus Jeruk,9,7.00000000,6.00000000,9.00000000,10.00000000,3.00000000,9.00000000,7.57142857,8.14285714,7.53571429,2.63673680,2.14322341,7.00000000,6.00000000,4.00000000,validation,True,aruna-juice-v4.0
2026-06-28,P011,Jus Mangga,13,17.00000000,9.00000000,21.00000000,16.00000000,21.00000000,23.00000000,17.00000000,17.57142857,17.78571429,6.02771377,5.58451548,23.00000000,28.00000000,15.00000000,validation,True,aruna-juice-v4.0
2026-06-29,P001,Jus Naga,9,9.00000000,3.00000000,5.00000000,12.00000000,5.00000000,7.00000000,7.85714286,7.92857143,7.57142857,3.76069902,3.47439614,9.00000000,4.00000000,2.00000000,validation,True,aruna-juice-v4.0
2026-06-29,P002,Jus Semangka,3,6.00000000,7.00000000,7.00000000,10.00000000,5.00000000,6.00000000,5.85714286,5.78571429,5.21428571,1.67616342,2.00685638,9.00000000,5.00000000,6.00000000,validation,True,aruna-juice-v4.0
2026-06-29,P003,Jus Jambu,3,4.00000000,5.00000000,4.00000000,7.00000000,4.00000000,7.00000000,5.14285714,6.71428571,6.89285714,1.95180015,3.38386605,12.00000000,3.00000000,10.00000000,validation,True,aruna-juice-v4.0
2026-06-29,P004,Jus Pisang,7,2.00000000,2.00000000,6.00000000,1.00000000,2.00000000,8.00000000,4.85714286,3.92857143,4.67857143,2.67261242,2.33581762,11.00000000,4.00000000,8.00000000,validation,True,aruna-juice-v4.0
2026-06-29,P005,Jus Nanas,10,14.00000000,20.00000000,17.00000000,32.00000000,14.00000000,12.00000000,15.85714286,17.07142857,16.35714286,4.70561974,6.99960752,23.00000000,10.00000000,17.00000000,validation,True,aruna-juice-v4.0
2026-06-29,P006,Jus Melon,5,3.00000000,2.00000000,5.00000000,10.00000000,9.00000000,3.00000000,6.14285714,6.21428571,6.39285714,3.48466026,3.23867426,3.00000000,8.00000000,7.00000000,validation,True,aruna-juice-v4.0
2026-06-29,P007,Jus Sirsak,15,26.00000000,15.00000000,13.00000000,19.00000000,20.00000000,21.00000000,17.28571429,16.78571429,16.85714286,5.67786009,4.42333970,19.00000000,20.00000000,16.00000000,validation,True,aruna-juice-v4.0
2026-06-29,P008,Jus Alpukat,25,19.00000000,11.00000000,13.00000000,20.00000000,9.00000000,25.00000000,18.28571429,17.64285714,16.60714286,5.05682001,4.03078810,13.00000000,10.00000000,19.00000000,validation,True,aruna-juice-v4.0
2026-06-29,P009,Jus Stroberi,17,19.00000000,24.00000000,17.00000000,20.00000000,10.00000000,23.00000000,15.57142857,16.71428571,16.46428571,5.22357294,4.41027771,13.00000000,18.00000000,14.00000000,validation,True,aruna-juice-v4.0
2026-06-29,P010,Jus Jeruk,7,9.00000000,7.00000000,6.00000000,4.00000000,8.00000000,10.00000000,8.00000000,8.07142857,7.42857143,2.16024690,2.16490489,6.00000000,4.00000000,5.00000000,validation,True,aruna-juice-v4.0
2026-06-29,P011,Jus Mangga,23,13.00000000,17.00000000,9.00000000,21.00000000,18.00000000,18.00000000,17.28571429,17.92857143,17.96428571,6.29058253,5.77080565,28.00000000,15.00000000,15.00000000,validation,True,aruna-juice-v4.0
2026-06-30,P001,Jus Naga,9,9.00000000,9.00000000,3.00000000,14.00000000,4.00000000,12.00000000,7.14285714,8.28571429,7.46428571,2.73426233,3.29168116,4.00000000,2.00000000,10.00000000,validation,True,aruna-juice-v4.0
2026-06-30,P002,Jus Semangka,9,3.00000000,6.00000000,7.00000000,7.00000000,3.00000000,8.00000000,6.14285714,6.21428571,5.25000000,2.03540098,2.00685638,5.00000000,6.00000000,9.00000000,validation,True,aruna-juice-v4.0
2026-06-30,P003,Jus Jambu,12,3.00000000,4.00000000,5.00000000,5.00000000,5.00000000,9.00000000,6.14285714,7.21428571,7.00000000,3.23669437,3.61999939,3.00000000,10.00000000,10.00000000,validation,True,aruna-juice-v4.0
2026-06-30,P004,Jus Pisang,11,7.00000000,2.00000000,2.00000000,5.00000000,2.00000000,6.00000000,5.71428571,4.57142857,4.85714286,3.54562104,2.92770022,4.00000000,8.00000000,9.00000000,validation,True,aruna-juice-v4.0
2026-06-30,P005,Jus Nanas,23,10.00000000,14.00000000,20.00000000,22.00000000,21.00000000,23.00000000,16.00000000,17.21428571,16.35714286,4.93288286,7.10556198,10.00000000,17.00000000,11.00000000,validation,True,aruna-juice-v4.0
2026-06-30,P006,Jus Melon,3,5.00000000,3.00000000,2.00000000,12.00000000,7.00000000,5.00000000,4.85714286,5.92857143,6.32142857,2.47847880,3.33891474,8.00000000,7.00000000,5.00000000,validation,True,aruna-juice-v4.0
2026-06-30,P007,Jus Sirsak,19,15.00000000,26.00000000,15.00000000,25.00000000,20.00000000,20.00000000,16.42857143,16.71428571,16.82142857,4.68533680,4.37525509,20.00000000,16.00000000,19.00000000,validation,True,aruna-juice-v4.0
2026-06-30,P008,Jus Alpukat,13,25.00000000,19.00000000,11.00000000,20.00000000,14.00000000,27.00000000,17.28571429,17.57142857,16.10714286,5.34522484,4.10842073,10.00000000,19.00000000,9.00000000,validation,True,aruna-juice-v4.0
2026-06-30,P009,Jus Stroberi,13,17.00000000,19.00000000,24.00000000,9.00000000,14.00000000,17.00000000,16.14285714,16.64285714,16.32142857,4.56174570,4.46537349,18.00000000,14.00000000,19.00000000,validation,True,aruna-juice-v4.0
2026-06-30,P010,Jus Jeruk,6,7.00000000,9.00000000,7.00000000,12.00000000,11.00000000,14.00000000,7.14285714,7.71428571,7.14285714,1.34518542,2.05421036,4.00000000,5.00000000,9.00000000,validation,True,aruna-juice-v4.0
2026-06-30,P011,Jus Mangga,28,23.00000000,13.00000000,17.00000000,26.00000000,22.00000000,17.00000000,17.57142857,18.35714286,18.35714286,6.77881855,6.29538467,15.00000000,15.00000000,9.00000000,validation,True,aruna-juice-v4.0
2026-07-01,P001,Jus Naga,4,9.00000000,9.00000000,9.00000000,5.00000000,10.00000000,10.00000000,7.00000000,7.85714286,7.25000000,2.88675135,3.43862993,2.00000000,10.00000000,2.00000000,validation,True,aruna-juice-v4.0
2026-07-01,P002,Jus Semangka,5,9.00000000,3.00000000,6.00000000,4.00000000,7.00000000,3.00000000,6.28571429,6.07142857,5.32142857,1.88982237,2.01777813,6.00000000,9.00000000,8.00000000,validation,True,aruna-juice-v4.0
2026-07-01,P003,Jus Jambu,3,12.00000000,3.00000000,4.00000000,6.00000000,11.00000000,12.00000000,5.71428571,6.64285714,6.67857143,3.45032780,3.60783640,10.00000000,10.00000000,5.00000000,validation,True,aruna-juice-v4.0
2026-07-01,P004,Jus Pisang,4,11.00000000,7.00000000,2.00000000,9.00000000,5.00000000,5.00000000,5.00000000,4.50000000,4.82142857,3.26598632,2.92863843,8.00000000,9.00000000,10.00000000,validation,True,aruna-juice-v4.0
2026-07-01,P005,Jus Nanas,10,23.00000000,10.00000000,14.00000000,10.00000000,5.00000000,16.00000000,16.00000000,17.57142857,16.14285714,4.93288286,6.54821509,17.00000000,11.00000000,20.00000000,validation,True,aruna-juice-v4.0
2026-07-01,P006,Jus Melon,8,3.00000000,5.00000000,3.00000000,9.00000000,4.00000000,6.00000000,4.71428571,6.21428571,6.39285714,2.21466971,3.33232586,7.00000000,5.00000000,6.00000000,validation,True,aruna-juice-v4.0
2026-07-01,P007,Jus Sirsak,20,19.00000000,15.00000000,26.00000000,13.00000000,14.00000000,17.00000000,17.42857143,17.14285714,16.92857143,4.57737708,4.38278350,16.00000000,19.00000000,17.00000000,validation,True,aruna-juice-v4.0
2026-07-01,P008,Jus Alpukat,10,13.00000000,25.00000000,19.00000000,17.00000000,16.00000000,9.00000000,16.28571429,17.14285714,16.14285714,6.01980857,4.57177197,19.00000000,9.00000000,20.00000000,validation,True,aruna-juice-v4.0
2026-07-01,P009,Jus Stroberi,18,13.00000000,17.00000000,19.00000000,12.00000000,17.00000000,13.00000000,17.00000000,16.71428571,16.50000000,4.20317340,4.47950154,14.00000000,19.00000000,18.00000000,validation,True,aruna-juice-v4.0
2026-07-01,P010,Jus Jeruk,4,6.00000000,7.00000000,9.00000000,6.00000000,9.00000000,10.00000000,6.85714286,7.35714286,6.92857143,1.77281052,2.23975077,5.00000000,9.00000000,6.00000000,validation,True,aruna-juice-v4.0
2026-07-01,P011,Jus Mangga,15,28.00000000,23.00000000,13.00000000,12.00000000,17.00000000,18.00000000,18.00000000,18.21428571,18.25000000,6.45497224,6.35099715,15.00000000,9.00000000,13.00000000,validation,True,aruna-juice-v4.0
2026-07-02,P001,Jus Naga,2,4.00000000,9.00000000,9.00000000,10.00000000,3.00000000,13.00000000,5.85714286,7.78571429,6.85714286,3.07834216,3.55567956,10.00000000,2.00000000,3.00000000,validation,True,aruna-juice-v4.0
2026-07-02,P002,Jus Semangka,6,5.00000000,9.00000000,3.00000000,7.00000000,4.00000000,2.00000000,6.14285714,6.21428571,5.46428571,1.86445447,1.92867318,9.00000000,8.00000000,7.00000000,validation,True,aruna-juice-v4.0
2026-07-02,P003,Jus Jambu,10,3.00000000,12.00000000,3.00000000,9.00000000,7.00000000,12.00000000,5.85714286,6.85714286,6.60714286,3.62530787,3.71808766,10.00000000,5.00000000,3.00000000,validation,True,aruna-juice-v4.0
2026-07-02,P004,Jus Pisang,8,4.00000000,11.00000000,7.00000000,3.00000000,2.00000000,2.00000000,5.71428571,4.92857143,5.03571429,3.30223589,2.97332463,9.00000000,10.00000000,3.00000000,validation,True,aruna-juice-v4.0
2026-07-02,P005,Jus Nanas,17,10.00000000,23.00000000,10.00000000,18.00000000,11.00000000,4.00000000,15.85714286,18.00000000,16.60714286,4.87950036,6.27571632,11.00000000,20.00000000,21.00000000,validation,True,aruna-juice-v4.0
2026-07-02,P006,Jus Melon,7,8.00000000,3.00000000,5.00000000,7.00000000,11.00000000,4.00000000,4.71428571,5.92857143,6.50000000,2.21466971,3.04995046,5.00000000,6.00000000,3.00000000,validation,True,aruna-juice-v4.0
2026-07-02,P007,Jus Sirsak,16,20.00000000,19.00000000,15.00000000,14.00000000,12.00000000,17.00000000,17.71428571,17.42857143,16.89285714,4.38612531,4.14569815,19.00000000,17.00000000,14.00000000,validation,True,aruna-juice-v4.0
2026-07-02,P008,Jus Alpukat,19,10.00000000,13.00000000,25.00000000,23.00000000,19.00000000,20.00000000,15.71428571,17.14285714,16.10714286,5.43796180,4.57177197,9.00000000,20.00000000,22.00000000,validation,True,aruna-juice-v4.0
2026-07-02,P009,Jus Stroberi,14,18.00000000,13.00000000,17.00000000,11.00000000,22.00000000,16.00000000,17.42857143,16.14285714,16.42857143,3.59894164,4.25815314,19.00000000,18.00000000,20.00000000,validation,True,aruna-juice-v4.0
2026-07-02,P010,Jus Jeruk,5,4.00000000,6.00000000,7.00000000,9.00000000,7.00000000,9.00000000,6.28571429,7.21428571,6.78571429,1.60356745,2.32638946,9.00000000,6.00000000,6.00000000,validation,True,aruna-juice-v4.0
2026-07-02,P011,Jus Mangga,15,15.00000000,28.00000000,23.00000000,21.00000000,9.00000000,17.00000000,17.14285714,18.64285714,18.17857143,6.38823323,5.86524500,9.00000000,13.00000000,21.00000000,validation,True,aruna-juice-v4.0
2026-07-03,P001,Jus Naga,10,2.00000000,4.00000000,9.00000000,5.00000000,7.00000000,7.00000000,6.57142857,8.00000000,6.96428571,3.40867241,3.59486814,2.00000000,3.00000000,10.00000000,validation,True,aruna-juice-v4.0
2026-07-03,P002,Jus Semangka,9,6.00000000,5.00000000,9.00000000,7.00000000,7.00000000,4.00000000,6.42857143,6.35714286,5.64285714,2.14919697,2.06088640,8.00000000,7.00000000,7.00000000,validation,True,aruna-juice-v4.0
2026-07-03,P003,Jus Jambu,10,10.00000000,3.00000000,12.00000000,4.00000000,16.00000000,8.00000000,6.71428571,6.42857143,6.67857143,3.81725406,2.82064602,5.00000000,3.00000000,7.00000000,validation,True,aruna-juice-v4.0
2026-07-03,P004,Jus Pisang,9,8.00000000,4.00000000,11.00000000,6.00000000,2.00000000,9.00000000,6.14285714,5.42857143,5.03571429,3.53216513,3.03097562,10.00000000,3.00000000,5.00000000,validation,True,aruna-juice-v4.0
2026-07-03,P005,Jus Nanas,11,17.00000000,10.00000000,23.00000000,17.00000000,21.00000000,10.00000000,15.00000000,17.28571429,16.64285714,5.16397779,6.47395458,20.00000000,21.00000000,12.00000000,validation,True,aruna-juice-v4.0
2026-07-03,P006,Jus Melon,5,7.00000000,8.00000000,3.00000000,5.00000000,6.00000000,8.00000000,4.71428571,5.85714286,6.39285714,2.21466971,3.05984270,6.00000000,3.00000000,6.00000000,validation,True,aruna-juice-v4.0
2026-07-03,P007,Jus Sirsak,19,16.00000000,20.00000000,19.00000000,13.00000000,16.00000000,18.00000000,18.57142857,17.64285714,16.92857143,3.86683087,4.14370965,17.00000000,14.00000000,13.00000000,validation,True,aruna-juice-v4.0
2026-07-03,P008,Jus Alpukat,9,19.00000000,10.00000000,13.00000000,13.00000000,14.00000000,24.00000000,15.14285714,16.78571429,15.57142857,5.95618926,5.01042868,20.00000000,22.00000000,14.00000000,validation,True,aruna-juice-v4.0
2026-07-03,P009,Jus Stroberi,19,14.00000000,18.00000000,13.00000000,17.00000000,21.00000000,15.00000000,17.71428571,16.00000000,16.57142857,3.63841933,4.11376676,18.00000000,20.00000000,15.00000000,validation,True,aruna-juice-v4.0
2026-07-03,P010,Jus Jeruk,9,5.00000000,4.00000000,6.00000000,6.00000000,9.00000000,9.00000000,6.71428571,7.21428571,6.78571429,1.88982237,2.32638946,6.00000000,6.00000000,7.00000000,validation,True,aruna-juice-v4.0
2026-07-03,P011,Jus Mangga,9,15.00000000,15.00000000,28.00000000,9.00000000,27.00000000,15.00000000,17.14285714,17.35714286,17.96428571,6.38823323,5.86524500,13.00000000,21.00000000,22.00000000,validation,True,aruna-juice-v4.0
2026-07-04,P001,Jus Naga,2,10.00000000,2.00000000,4.00000000,3.00000000,9.00000000,6.00000000,6.42857143,7.50000000,6.82142857,3.59894164,3.91741673,3.00000000,10.00000000,6.00000000,validation,True,aruna-juice-v4.0
2026-07-04,P002,Jus Semangka,8,9.00000000,6.00000000,5.00000000,7.00000000,5.00000000,4.00000000,6.57142857,6.57142857,5.78571429,2.22539456,2.06488166,7.00000000,7.00000000,4.00000000,validation,True,aruna-juice-v4.0
2026-07-04,P003,Jus Jambu,5,10.00000000,10.00000000,3.00000000,5.00000000,6.00000000,8.00000000,6.71428571,6.35714286,6.57142857,3.81725406,2.84489131,3.00000000,7.00000000,5.00000000,validation,True,aruna-juice-v4.0
2026-07-04,P004,Jus Pisang,10,9.00000000,8.00000000,4.00000000,2.00000000,5.00000000,6.00000000,7.28571429,5.78571429,5.17857143,3.25137334,3.26233921,3.00000000,5.00000000,3.00000000,validation,True,aruna-juice-v4.0
2026-07-04,P005,Jus Nanas,20,11.00000000,17.00000000,10.00000000,20.00000000,24.00000000,20.00000000,15.00000000,17.00000000,16.64285714,5.16397779,6.23883618,21.00000000,12.00000000,15.00000000,validation,True,aruna-juice-v4.0
2026-07-04,P006,Jus Melon,6,5.00000000,7.00000000,8.00000000,2.00000000,3.00000000,4.00000000,5.28571429,6.07142857,6.46428571,1.88982237,2.94734002,3.00000000,6.00000000,8.00000000,validation,True,aruna-juice-v4.0
2026-07-04,P007,Jus Sirsak,17,19.00000000,16.00000000,20.00000000,15.00000000,19.00000000,12.00000000,18.85714286,17.50000000,17.10714286,3.62530787,4.12776714,14.00000000,13.00000000,10.00000000,validation,True,aruna-juice-v4.0
2026-07-04,P008,Jus Alpukat,20,9.00000000,19.00000000,10.00000000,11.00000000,15.00000000,13.00000000,16.42857143,17.14285714,15.82142857,5.88379534,5.05138432,22.00000000,14.00000000,18.00000000,validation,True,aruna-juice-v4.0
2026-07-04,P009,Jus Stroberi,18,19.00000000,14.00000000,18.00000000,24.00000000,13.00000000,8.00000000,16.85714286,16.35714286,16.92857143,2.41029538,4.04982702,20.00000000,15.00000000,10.00000000,validation,True,aruna-juice-v4.0
2026-07-04,P010,Jus Jeruk,6,9.00000000,5.00000000,4.00000000,7.00000000,7.00000000,0.00000000,6.57142857,7.14285714,7.00000000,1.90237946,2.34871955,6.00000000,7.00000000,5.00000000,validation,True,aruna-juice-v4.0
2026-07-04,P011,Jus Mangga,13,9.00000000,15.00000000,15.00000000,17.00000000,18.00000000,22.00000000,16.57142857,17.00000000,17.64285714,6.57918797,5.97430395,21.00000000,22.00000000,20.00000000,validation,True,aruna-juice-v4.0
2026-07-05,P001,Jus Naga,3,2.00000000,10.00000000,2.00000000,9.00000000,11.00000000,10.00000000,5.57142857,6.92857143,6.57142857,3.59894164,3.95093535,10.00000000,6.00000000,7.00000000,validation,True,aruna-juice-v4.0
2026-07-05,P002,Jus Semangka,7,8.00000000,9.00000000,6.00000000,6.00000000,4.00000000,4.00000000,6.71428571,6.78571429,5.89285714,2.21466971,1.92867318,7.00000000,4.00000000,2.00000000,validation,True,aruna-juice-v4.0
2026-07-05,P003,Jus Jambu,3,5.00000000,10.00000000,10.00000000,4.00000000,6.00000000,8.00000000,6.57142857,6.14285714,6.39285714,3.95209408,2.98347095,7.00000000,5.00000000,7.00000000,validation,True,aruna-juice-v4.0
2026-07-05,P004,Jus Pisang,3,10.00000000,9.00000000,8.00000000,2.00000000,4.00000000,5.00000000,7.42857143,5.71428571,5.10714286,2.99205297,3.31496772,5.00000000,3.00000000,2.00000000,validation,True,aruna-juice-v4.0
2026-07-05,P005,Jus Nanas,21,20.00000000,11.00000000,17.00000000,14.00000000,14.00000000,14.00000000,16.00000000,17.50000000,16.89285714,5.59761854,6.26037600,12.00000000,15.00000000,10.00000000,validation,True,aruna-juice-v4.0
2026-07-05,P006,Jus Melon,3,6.00000000,5.00000000,7.00000000,3.00000000,3.00000000,5.00000000,5.28571429,6.07142857,6.39285714,1.88982237,2.94734002,6.00000000,8.00000000,4.00000000,validation,True,aruna-juice-v4.0
2026-07-05,P007,Jus Sirsak,14,17.00000000,19.00000000,16.00000000,26.00000000,14.00000000,13.00000000,17.14285714,17.50000000,17.14285714,2.26778684,4.12776714,13.00000000,10.00000000,7.00000000,validation,True,aruna-juice-v4.0
2026-07-05,P008,Jus Alpukat,22,20.00000000,9.00000000,19.00000000,19.00000000,21.00000000,10.00000000,16.85714286,17.21428571,16.25000000,6.20291790,5.11676838,14.00000000,18.00000000,9.00000000,validation,True,aruna-juice-v4.0
2026-07-05,P009,Jus Stroberi,20,18.00000000,19.00000000,14.00000000,19.00000000,18.00000000,19.00000000,17.00000000,16.50000000,16.96428571,2.58198890,4.14636078,15.00000000,10.00000000,10.00000000,validation,True,aruna-juice-v4.0
2026-07-05,P010,Jus Jeruk,6,6.00000000,9.00000000,5.00000000,9.00000000,10.00000000,6.00000000,6.14285714,6.85714286,7.00000000,1.57359158,2.21384256,7.00000000,5.00000000,0.00000000,validation,True,aruna-juice-v4.0
2026-07-05,P011,Jus Mangga,21,13.00000000,9.00000000,15.00000000,13.00000000,16.00000000,12.00000000,17.71428571,17.35714286,17.96428571,6.55017266,6.05877803,22.00000000,20.00000000,16.00000000,validation,True,aruna-juice-v4.0
2026-07-06,P001,Jus Naga,10,3.00000000,2.00000000,10.00000000,9.00000000,12.00000000,9.00000000,5.71428571,6.78571429,6.60714286,3.77334006,3.78618077,6.00000000,7.00000000,8.00000000,validation,True,aruna-juice-v4.0
2026-07-06,P002,Jus Semangka,7,7.00000000,8.00000000,9.00000000,3.00000000,10.00000000,4.00000000,7.28571429,6.57142857,6.00000000,1.49602648,1.69679724,4.00000000,2.00000000,6.00000000,validation,True,aruna-juice-v4.0
2026-07-06,P003,Jus Jambu,7,3.00000000,5.00000000,10.00000000,3.00000000,7.00000000,5.00000000,7.14285714,6.14285714,6.46428571,3.62530787,2.98347095,5.00000000,7.00000000,9.00000000,validation,True,aruna-juice-v4.0
2026-07-06,P004,Jus Pisang,5,3.00000000,10.00000000,9.00000000,7.00000000,1.00000000,7.00000000,7.14285714,6.00000000,5.03571429,3.13201593,3.03821810,3.00000000,2.00000000,6.00000000,validation,True,aruna-juice-v4.0
2026-07-06,P005,Jus Nanas,12,21.00000000,20.00000000,11.00000000,10.00000000,32.00000000,17.00000000,16.28571429,16.07142857,16.71428571,5.28249580,4.81127339,15.00000000,10.00000000,21.00000000,validation,True,aruna-juice-v4.0
2026-07-06,P006,Jus Melon,6,3.00000000,6.00000000,5.00000000,5.00000000,10.00000000,10.00000000,5.42857143,5.78571429,6.25000000,1.90237946,2.72251500,8.00000000,4.00000000,5.00000000,validation,True,aruna-juice-v4.0
2026-07-06,P007,Jus Sirsak,13,14.00000000,17.00000000,19.00000000,15.00000000,19.00000000,15.00000000,16.85714286,17.07142857,17.07142857,2.67261242,4.26910702,10.00000000,7.00000000,19.00000000,validation,True,aruna-juice-v4.0
2026-07-06,P008,Jus Alpukat,14,22.00000000,20.00000000,9.00000000,25.00000000,20.00000000,13.00000000,15.28571429,16.78571429,16.28571429,5.08967208,5.11676838,18.00000000,9.00000000,17.00000000,validation,True,aruna-juice-v4.0
2026-07-06,P009,Jus Stroberi,15,20.00000000,18.00000000,19.00000000,17.00000000,20.00000000,20.00000000,16.71428571,16.14285714,16.78571429,2.69037084,4.03555625,10.00000000,10.00000000,23.00000000,validation,True,aruna-juice-v4.0
2026-07-06,P010,Jus Jeruk,7,6.00000000,6.00000000,9.00000000,7.00000000,4.00000000,6.00000000,6.14285714,7.07142857,7.03571429,1.57359158,2.05554731,5.00000000,0.00000000,2.00000000,validation,True,aruna-juice-v4.0
2026-07-06,P011,Jus Mangga,22,21.00000000,13.00000000,9.00000000,23.00000000,21.00000000,16.00000000,17.57142857,17.42857143,18.17857143,6.42539604,6.11070040,20.00000000,16.00000000,13.00000000,validation,True,aruna-juice-v4.0
2026-07-07,P001,Jus Naga,6,10.00000000,3.00000000,2.00000000,9.00000000,14.00000000,5.00000000,5.28571429,6.21428571,6.64285714,3.49829891,3.16661847,7.00000000,8.00000000,10.00000000,validation,True,aruna-juice-v4.0
2026-07-07,P002,Jus Semangka,4,7.00000000,7.00000000,8.00000000,9.00000000,7.00000000,5.00000000,6.57142857,6.35714286,5.96428571,1.71824939,1.82323225,2.00000000,6.00000000,5.00000000,validation,True,aruna-juice-v4.0
2026-07-07,P003,Jus Jambu,5,7.00000000,3.00000000,5.00000000,12.00000000,5.00000000,9.00000000,6.14285714,6.14285714,6.32142857,2.96808420,2.98347095,7.00000000,9.00000000,6.00000000,validation,True,aruna-juice-v4.0
2026-07-07,P004,Jus Pisang,3,5.00000000,3.00000000,10.00000000,11.00000000,5.00000000,5.00000000,6.00000000,5.85714286,4.96428571,2.94392029,3.13435413,2.00000000,6.00000000,5.00000000,validation,True,aruna-juice-v4.0
2026-07-07,P005,Jus Nanas,15,12.00000000,21.00000000,20.00000000,23.00000000,22.00000000,25.00000000,15.14285714,15.57142857,16.35714286,4.37525509,4.50152599,10.00000000,21.00000000,19.00000000,validation,True,aruna-juice-v4.0
2026-07-07,P006,Jus Melon,8,6.00000000,3.00000000,6.00000000,3.00000000,12.00000000,8.00000000,6.14285714,5.50000000,6.25000000,1.77281052,2.17503316,4.00000000,5.00000000,12.00000000,validation,True,aruna-juice-v4.0
2026-07-07,P007,Jus Sirsak,10,13.00000000,14.00000000,17.00000000,19.00000000,25.00000000,17.00000000,15.57142857,16.00000000,16.82142857,3.50509833,4.00000000,7.00000000,19.00000000,13.00000000,validation,True,aruna-juice-v4.0
2026-07-07,P008,Jus Alpukat,18,14.00000000,22.00000000,20.00000000,13.00000000,20.00000000,11.00000000,16.00000000,16.64285714,16.53571429,5.06622805,5.04757585,9.00000000,17.00000000,14.00000000,validation,True,aruna-juice-v4.0
2026-07-07,P009,Jus Stroberi,10,15.00000000,20.00000000,18.00000000,13.00000000,9.00000000,18.00000000,16.28571429,16.21428571,16.50000000,3.49829891,3.90617994,10.00000000,23.00000000,13.00000000,validation,True,aruna-juice-v4.0
2026-07-07,P010,Jus Jeruk,5,7.00000000,6.00000000,6.00000000,6.00000000,12.00000000,6.00000000,6.00000000,6.57142857,7.00000000,1.63299316,1.55485768,0.00000000,2.00000000,8.00000000,validation,True,aruna-juice-v4.0
2026-07-07,P011,Jus Mangga,20,22.00000000,21.00000000,13.00000000,28.00000000,26.00000000,22.00000000,16.42857143,17.00000000,18.10714286,4.75594866,5.65685425,16.00000000,13.00000000,15.00000000,validation,True,aruna-juice-v4.0
2026-07-08,P001,Jus Naga,7,6.00000000,10.00000000,3.00000000,4.00000000,5.00000000,4.00000000,5.71428571,6.35714286,6.75000000,3.49829891,3.15270684,8.00000000,10.00000000,9.00000000,validation,True,aruna-juice-v4.0
2026-07-08,P002,Jus Semangka,2,4.00000000,7.00000000,7.00000000,5.00000000,4.00000000,6.00000000,6.14285714,6.21428571,5.82142857,2.41029538,2.08210587,6.00000000,5.00000000,3.00000000,validation,True,aruna-juice-v4.0
2026-07-08,P003,Jus Jambu,7,5.00000000,7.00000000,3.00000000,3.00000000,6.00000000,5.00000000,6.71428571,6.21428571,6.39285714,2.62769136,2.99174689,9.00000000,6.00000000,14.00000000,validation,True,aruna-juice-v4.0
2026-07-08,P004,Jus Pisang,2,3.00000000,5.00000000,3.00000000,4.00000000,9.00000000,7.00000000,5.71428571,5.35714286,4.78571429,3.25137334,3.15270684,6.00000000,5.00000000,4.00000000,validation,True,aruna-juice-v4.0
2026-07-08,P005,Jus Nanas,10,15.00000000,12.00000000,21.00000000,10.00000000,10.00000000,24.00000000,15.14285714,15.57142857,15.85714286,4.37525509,4.50152599,21.00000000,19.00000000,15.00000000,validation,True,aruna-juice-v4.0
2026-07-08,P006,Jus Melon,4,8.00000000,6.00000000,3.00000000,8.00000000,9.00000000,6.00000000,5.57142857,5.14285714,6.17857143,1.71824939,1.95555001,5.00000000,12.00000000,6.00000000,validation,True,aruna-juice-v4.0
2026-07-08,P007,Jus Sirsak,7,10.00000000,13.00000000,14.00000000,20.00000000,13.00000000,23.00000000,13.71428571,15.57142857,16.25000000,4.15187852,4.61959515,19.00000000,13.00000000,15.00000000,validation,True,aruna-juice-v4.0
2026-07-08,P008,Jus Alpukat,9,18.00000000,14.00000000,22.00000000,10.00000000,17.00000000,22.00000000,15.85714286,16.07142857,16.07142857,5.27347360,5.44149705,17.00000000,14.00000000,16.00000000,validation,True,aruna-juice-v4.0
2026-07-08,P009,Jus Stroberi,10,10.00000000,15.00000000,20.00000000,18.00000000,12.00000000,19.00000000,15.14285714,16.07142857,16.17857143,4.09994193,4.10373724,23.00000000,13.00000000,21.00000000,validation,True,aruna-juice-v4.0
2026-07-08,P010,Jus Jeruk,0,5.00000000,7.00000000,6.00000000,4.00000000,6.00000000,3.00000000,5.42857143,6.14285714,6.89285714,2.76026224,2.34871955,2.00000000,8.00000000,5.00000000,validation,True,aruna-juice-v4.0
2026-07-08,P011,Jus Mangga,16,20.00000000,22.00000000,21.00000000,15.00000000,12.00000000,25.00000000,16.57142857,17.28571429,17.78571429,4.72077475,5.48324120,13.00000000,15.00000000,23.00000000,validation,True,aruna-juice-v4.0
2026-07-09,P001,Jus Naga,8,7.00000000,6.00000000,10.00000000,2.00000000,10.00000000,4.00000000,6.57142857,6.21428571,6.89285714,3.15473944,3.01734910,10.00000000,9.00000000,11.00000000,embargo,True,aruna-juice-v4.0
2026-07-09,P002,Jus Semangka,6,2.00000000,4.00000000,7.00000000,6.00000000,7.00000000,2.00000000,6.14285714,6.14285714,5.96428571,2.41029538,2.07019668,5.00000000,3.00000000,5.00000000,embargo,True,aruna-juice-v4.0
2026-07-09,P003,Jus Jambu,9,7.00000000,5.00000000,7.00000000,10.00000000,9.00000000,3.00000000,6.57142857,6.21428571,6.60714286,2.43975018,2.99174689,6.00000000,14.00000000,3.00000000,embargo,True,aruna-juice-v4.0
2026-07-09,P004,Jus Pisang,6,2.00000000,3.00000000,5.00000000,8.00000000,3.00000000,7.00000000,5.42857143,5.57142857,4.75000000,3.10145895,3.08131555,5.00000000,4.00000000,2.00000000,embargo,True,aruna-juice-v4.0
2026-07-09,P005,Jus Nanas,21,10.00000000,15.00000000,12.00000000,17.00000000,18.00000000,14.00000000,15.71428571,15.78571429,16.10714286,4.88924963,4.69334343,19.00000000,15.00000000,20.00000000,embargo,True,aruna-juice-v4.0
2026-07-09,P006,Jus Melon,5,4.00000000,8.00000000,6.00000000,7.00000000,7.00000000,6.00000000,5.28571429,5.00000000,6.14285714,1.60356745,1.88107989,12.00000000,6.00000000,9.00000000,embargo,True,aruna-juice-v4.0
2026-07-09,P007,Jus Sirsak,19,7.00000000,10.00000000,13.00000000,16.00000000,14.00000000,18.00000000,14.14285714,15.92857143,16.28571429,4.56174570,4.68162177,13.00000000,15.00000000,16.00000000,embargo,True,aruna-juice-v4.0
2026-07-09,P008,Jus Alpukat,17,9.00000000,18.00000000,14.00000000,19.00000000,23.00000000,15.00000000,15.57142857,15.64285714,16.14285714,5.12695956,5.07796360,14.00000000,16.00000000,22.00000000,embargo,True,aruna-juice-v4.0
2026-07-09,P009,Jus Stroberi,23,10.00000000,10.00000000,15.00000000,14.00000000,11.00000000,22.00000000,16.42857143,16.92857143,16.21428571,4.99523583,4.21470477,13.00000000,21.00000000,16.00000000,embargo,True,aruna-juice-v4.0
2026-07-09,P010,Jus Jeruk,2,0.00000000,5.00000000,7.00000000,5.00000000,9.00000000,6.00000000,5.00000000,5.64285714,6.75000000,3.05505046,2.43712134,8.00000000,5.00000000,6.00000000,embargo,True,aruna-juice-v4.0
2026-07-09,P011,Jus Mangga,13,16.00000000,20.00000000,22.00000000,15.00000000,21.00000000,16.00000000,16.28571429,16.71428571,17.67857143,4.88924963,5.48324120,15.00000000,23.00000000,25.00000000,embargo,True,aruna-juice-v4.0
2026-07-10,P001,Jus Naga,10,8.00000000,7.00000000,6.00000000,10.00000000,5.00000000,4.00000000,6.57142857,6.57142857,7.10714286,3.15473944,3.15531995,9.00000000,11.00000000,7.00000000,embargo,True,aruna-juice-v4.0
2026-07-10,P002,Jus Semangka,5,6.00000000,2.00000000,4.00000000,9.00000000,7.00000000,8.00000000,5.57142857,6.00000000,5.85714286,2.07019668,2.07549809,3.00000000,5.00000000,7.00000000,embargo,True,aruna-juice-v4.0
2026-07-10,P003,Jus Jambu,6,9.00000000,7.00000000,5.00000000,10.00000000,4.00000000,5.00000000,6.00000000,6.35714286,6.64285714,1.91485422,2.92488377,14.00000000,3.00000000,9.00000000,embargo,True,aruna-juice-v4.0
2026-07-10,P004,Jus Pisang,5,6.00000000,2.00000000,3.00000000,9.00000000,6.00000000,5.00000000,4.85714286,5.50000000,4.75000000,2.67261242,3.08220700,4.00000000,2.00000000,4.00000000,embargo,True,aruna-juice-v4.0
2026-07-10,P005,Jus Nanas,19,21.00000000,10.00000000,15.00000000,11.00000000,17.00000000,11.00000000,16.85714286,15.92857143,16.39285714,4.52506248,4.76306762,15.00000000,20.00000000,18.00000000,embargo,True,aruna-juice-v4.0
2026-07-10,P006,Jus Melon,12,5.00000000,4.00000000,8.00000000,5.00000000,5.00000000,10.00000000,6.28571429,5.50000000,6.21428571,2.98408477,2.65300990,6.00000000,9.00000000,5.00000000,embargo,True,aruna-juice-v4.0
2026-07-10,P007,Jus Sirsak,13,19.00000000,7.00000000,10.00000000,19.00000000,13.00000000,16.00000000,13.28571429,15.92857143,16.17857143,4.02965200,4.68162177,15.00000000,16.00000000,17.00000000,embargo,True,aruna-juice-v4.0
2026-07-10,P008,Jus Alpukat,14,17.00000000,9.00000000,18.00000000,9.00000000,13.00000000,15.00000000,16.28571429,15.71428571,16.10714286,4.34796066,5.04485376,16.00000000,22.00000000,19.00000000,embargo,True,aruna-juice-v4.0
2026-07-10,P009,Jus Stroberi,13,23.00000000,10.00000000,10.00000000,19.00000000,17.00000000,19.00000000,15.57142857,16.64285714,16.00000000,4.99523583,4.34311379,21.00000000,16.00000000,22.00000000,embargo,True,aruna-juice-v4.0
2026-07-10,P010,Jus Jeruk,8,2.00000000,0.00000000,5.00000000,9.00000000,6.00000000,10.00000000,4.85714286,5.78571429,6.67857143,2.85356919,2.51697533,5.00000000,6.00000000,6.00000000,embargo,True,aruna-juice-v4.0
2026-07-10,P011,Jus Mangga,15,13.00000000,16.00000000,20.00000000,9.00000000,9.00000000,18.00000000,17.14285714,17.14285714,17.57142857,3.80475892,5.05138432,23.00000000,25.00000000,19.00000000,embargo,True,aruna-juice-v4.0
2026-07-11,P001,Jus Naga,9,10.00000000,8.00000000,7.00000000,2.00000000,3.00000000,7.00000000,7.57142857,7.00000000,7.17857143,2.50713268,3.03821810,11.00000000,7.00000000,6.00000000,embargo,True,aruna-juice-v4.0
2026-07-11,P002,Jus Semangka,3,5.00000000,6.00000000,2.00000000,8.00000000,7.00000000,5.00000000,4.85714286,5.71428571,5.78571429,1.95180015,2.19890082,5.00000000,7.00000000,7.00000000,embargo,True,aruna-juice-v4.0
2026-07-11,P003,Jus Jambu,14,6.00000000,9.00000000,7.00000000,5.00000000,5.00000000,5.00000000,7.28571429,7.00000000,6.96428571,3.49829891,3.53009043,3.00000000,9.00000000,5.00000000,embargo,True,aruna-juice-v4.0
2026-07-11,P004,Jus Pisang,4,5.00000000,6.00000000,2.00000000,10.00000000,2.00000000,3.00000000,4.00000000,5.64285714,4.78571429,1.41421356,2.95106611,2.00000000,4.00000000,10.00000000,embargo,True,aruna-juice-v4.0
2026-07-11,P005,Jus Nanas,15,19.00000000,21.00000000,10.00000000,20.00000000,20.00000000,7.00000000,16.14285714,15.57142857,16.67857143,4.33699479,4.61959515,20.00000000,18.00000000,13.00000000,embargo,True,aruna-juice-v4.0
2026-07-11,P006,Jus Melon,6,12.00000000,5.00000000,4.00000000,6.00000000,2.00000000,6.00000000,6.28571429,5.78571429,6.21428571,2.98408477,2.45509114,9.00000000,5.00000000,8.00000000,embargo,True,aruna-juice-v4.0
2026-07-11,P007,Jus Sirsak,15,13.00000000,19.00000000,7.00000000,17.00000000,15.00000000,11.00000000,13.00000000,15.92857143,16.32142857,3.78593890,4.68162177,16.00000000,17.00000000,25.00000000,embargo,True,aruna-juice-v4.0
2026-07-11,P008,Jus Alpukat,16,14.00000000,17.00000000,9.00000000,20.00000000,11.00000000,20.00000000,15.71428571,16.07142857,15.96428571,4.02965200,4.85900094,22.00000000,19.00000000,26.00000000,embargo,True,aruna-juice-v4.0
2026-07-11,P009,Jus Stroberi,21,13.00000000,23.00000000,10.00000000,18.00000000,24.00000000,14.00000000,16.00000000,16.42857143,16.25000000,5.35412613,4.01371276,16.00000000,22.00000000,15.00000000,embargo,True,aruna-juice-v4.0
2026-07-11,P010,Jus Jeruk,5,8.00000000,2.00000000,0.00000000,6.00000000,7.00000000,5.00000000,4.71428571,5.64285714,6.67857143,2.81154084,2.49945049,6.00000000,6.00000000,5.00000000,embargo,True,aruna-juice-v4.0
2026-07-11,P011,Jus Mangga,23,15.00000000,13.00000000,16.00000000,13.00000000,17.00000000,15.00000000,18.57142857,17.57142857,17.85714286,3.86683087,5.28734754,25.00000000,19.00000000,23.00000000,embargo,True,aruna-juice-v4.0
2026-07-12,P001,Jus Naga,11,9.00000000,10.00000000,8.00000000,3.00000000,9.00000000,5.00000000,8.71428571,7.14285714,7.39285714,1.79947082,3.18305956,7.00000000,6.00000000,6.00000000,test,True,aruna-juice-v4.0
2026-07-12,P002,Jus Semangka,5,3.00000000,5.00000000,6.00000000,7.00000000,6.00000000,5.00000000,4.57142857,5.64285714,5.78571429,1.71824939,2.20513885,7.00000000,7.00000000,6.00000000,test,True,aruna-juice-v4.0
2026-07-12,P003,Jus Jambu,3,14.00000000,6.00000000,9.00000000,3.00000000,4.00000000,6.00000000,7.28571429,6.92857143,6.85714286,3.49829891,3.60478924,9.00000000,5.00000000,6.00000000,test,True,aruna-juice-v4.0
2026-07-12,P004,Jus Pisang,2,4.00000000,5.00000000,6.00000000,3.00000000,2.00000000,7.00000000,3.85714286,5.64285714,4.60714286,1.57359158,2.95106611,4.00000000,10.00000000,10.00000000,test,True,aruna-juice-v4.0
2026-07-12,P005,Jus Nanas,20,15.00000000,19.00000000,21.00000000,21.00000000,14.00000000,20.00000000,16.00000000,16.00000000,16.67857143,4.16333200,4.73936055,18.00000000,13.00000000,15.00000000,test,True,aruna-juice-v4.0
2026-07-12,P006,Jus Melon,9,6.00000000,12.00000000,5.00000000,3.00000000,3.00000000,5.00000000,7.14285714,6.21428571,6.35714286,2.73426233,2.45509114,5.00000000,8.00000000,9.00000000,test,True,aruna-juice-v4.0
2026-07-12,P007,Jus Sirsak,16,15.00000000,13.00000000,19.00000000,14.00000000,26.00000000,20.00000000,13.28571429,15.21428571,16.17857143,3.94606495,3.68319618,17.00000000,25.00000000,18.00000000,test,True,aruna-juice-v4.0
2026-07-12,P008,Jus Alpukat,22,16.00000000,14.00000000,17.00000000,22.00000000,19.00000000,10.00000000,15.71428571,16.28571429,16.39285714,4.02965200,5.06007862,19.00000000,26.00000000,20.00000000,test,True,aruna-juice-v4.0
2026-07-12,P009,Jus Stroberi,16,21.00000000,13.00000000,23.00000000,20.00000000,19.00000000,17.00000000,15.42857143,16.21428571,16.21428571,5.06152621,3.94536869,22.00000000,15.00000000,23.00000000,test,True,aruna-juice-v4.0
2026-07-12,P010,Jus Jeruk,6,5.00000000,8.00000000,2.00000000,6.00000000,9.00000000,3.00000000,4.71428571,5.42857143,6.78571429,2.81154084,2.31098666,6.00000000,5.00000000,7.00000000,test,True,aruna-juice-v4.0
2026-07-12,P011,Jus Mangga,25,23.00000000,15.00000000,13.00000000,21.00000000,13.00000000,21.00000000,19.14285714,18.42857143,18.00000000,4.52506248,5.45913892,19.00000000,23.00000000,15.00000000,test,True,aruna-juice-v4.0
2026-07-13,P001,Jus Naga,7,11.00000000,9.00000000,10.00000000,10.00000000,9.00000000,5.00000000,8.28571429,7.00000000,7.46428571,1.79947082,3.13785816,6.00000000,6.00000000,7.00000000,test,True,aruna-juice-v4.0
2026-07-13,P002,Jus Semangka,7,5.00000000,3.00000000,5.00000000,7.00000000,3.00000000,5.00000000,4.57142857,5.92857143,5.85714286,1.71824939,2.09263491,7.00000000,6.00000000,7.00000000,test,True,aruna-juice-v4.0
2026-07-13,P003,Jus Jambu,9,3.00000000,14.00000000,6.00000000,7.00000000,3.00000000,4.00000000,7.57142857,7.35714286,7.03571429,3.55232989,3.45536690,5.00000000,6.00000000,5.00000000,test,True,aruna-juice-v4.0
2026-07-13,P004,Jus Pisang,4,2.00000000,4.00000000,5.00000000,5.00000000,7.00000000,2.00000000,3.71428571,5.42857143,4.67857143,1.49602648,2.95385760,10.00000000,10.00000000,2.00000000,test,True,aruna-juice-v4.0
2026-07-13,P005,Jus Nanas,18,20.00000000,15.00000000,19.00000000,12.00000000,10.00000000,14.00000000,16.85714286,16.57142857,16.82142857,3.80475892,4.43264612,13.00000000,15.00000000,20.00000000,test,True,aruna-juice-v4.0
2026-07-13,P006,Jus Melon,5,9.00000000,6.00000000,12.00000000,6.00000000,5.00000000,9.00000000,7.00000000,6.21428571,6.21428571,2.82842712,2.45509114,8.00000000,9.00000000,4.00000000,test,True,aruna-juice-v4.0
2026-07-13,P007,Jus Sirsak,17,16.00000000,15.00000000,13.00000000,13.00000000,15.00000000,20.00000000,13.85714286,15.35714286,16.07142857,4.18045338,3.71291183,25.00000000,18.00000000,31.00000000,test,True,aruna-juice-v4.0
2026-07-13,P008,Jus Alpukat,19,22.00000000,16.00000000,14.00000000,14.00000000,25.00000000,9.00000000,16.42857143,15.85714286,16.75000000,4.11732692,4.48685504,26.00000000,20.00000000,21.00000000,test,True,aruna-juice-v4.0
2026-07-13,P009,Jus Stroberi,22,16.00000000,21.00000000,13.00000000,15.00000000,17.00000000,10.00000000,16.42857143,16.57142857,16.64285714,5.62308168,4.23745725,15.00000000,23.00000000,19.00000000,test,True,aruna-juice-v4.0
2026-07-13,P010,Jus Jeruk,6,6.00000000,5.00000000,8.00000000,7.00000000,7.00000000,8.00000000,4.57142857,5.35714286,6.71428571,2.69920623,2.27383589,5.00000000,7.00000000,11.00000000,test,True,aruna-juice-v4.0
2026-07-13,P011,Jus Mangga,19,25.00000000,23.00000000,15.00000000,22.00000000,23.00000000,18.00000000,18.71428571,18.14285714,18.03571429,4.34796066,5.30394835,23.00000000,15.00000000,18.00000000,test,True,aruna-juice-v4.0
2026-07-14,P001,Jus Naga,6,7.00000000,11.00000000,9.00000000,6.00000000,9.00000000,4.00000000,8.28571429,6.78571429,7.53571429,1.79947082,3.09288442,6.00000000,7.00000000,5.00000000,test,True,aruna-juice-v4.0
2026-07-14,P002,Jus Semangka,7,7.00000000,5.00000000,3.00000000,4.00000000,9.00000000,3.00000000,5.00000000,5.78571429,6.00000000,1.91485422,1.92867318,6.00000000,7.00000000,6.00000000,test,True,aruna-juice-v4.0
2026-07-14,P003,Jus Jambu,5,9.00000000,3.00000000,14.00000000,5.00000000,12.00000000,5.00000000,7.57142857,6.85714286,7.03571429,3.55232989,3.23103086,6.00000000,5.00000000,7.00000000,test,True,aruna-juice-v4.0
2026-07-14,P004,Jus Pisang,10,4.00000000,2.00000000,4.00000000,3.00000000,11.00000000,2.00000000,4.71428571,5.35714286,4.96428571,2.75162290,2.81772256,10.00000000,2.00000000,4.00000000,test,True,aruna-juice-v4.0
2026-07-14,P005,Jus Nanas,13,18.00000000,20.00000000,15.00000000,15.00000000,23.00000000,21.00000000,16.57142857,15.85714286,16.53571429,4.03555625,4.11109461,15.00000000,20.00000000,10.00000000,test,True,aruna-juice-v4.0
2026-07-14,P006,Jus Melon,8,5.00000000,9.00000000,6.00000000,8.00000000,3.00000000,7.00000000,7.00000000,6.57142857,6.25000000,2.82842712,2.31098666,9.00000000,4.00000000,8.00000000,test,True,aruna-juice-v4.0
2026-07-14,P007,Jus Sirsak,25,17.00000000,16.00000000,15.00000000,10.00000000,19.00000000,20.00000000,16.00000000,15.78571429,16.25000000,5.50757055,4.44069592,18.00000000,31.00000000,9.00000000,test,True,aruna-juice-v4.0
2026-07-14,P008,Jus Alpukat,26,19.00000000,22.00000000,16.00000000,18.00000000,13.00000000,14.00000000,17.57142857,16.78571429,17.17857143,5.50324580,5.14674761,20.00000000,21.00000000,16.00000000,test,True,aruna-juice-v4.0
2026-07-14,P009,Jus Stroberi,15,22.00000000,16.00000000,21.00000000,10.00000000,13.00000000,14.00000000,17.14285714,16.71428571,16.67857143,4.94734176,4.14039336,23.00000000,19.00000000,16.00000000,test,True,aruna-juice-v4.0
2026-07-14,P010,Jus Jeruk,5,6.00000000,6.00000000,5.00000000,5.00000000,6.00000000,11.00000000,4.57142857,5.28571429,6.50000000,2.69920623,2.26778684,7.00000000,11.00000000,8.00000000,test,True,aruna-juice-v4.0
2026-07-14,P011,Jus Mangga,23,19.00000000,25.00000000,23.00000000,20.00000000,28.00000000,22.00000000,19.14285714,17.78571429,18.07142857,4.63424109,4.72600940,15.00000000,18.00000000,14.00000000,test,True,aruna-juice-v4.0
2026-07-15,P001,Jus Naga,6,6.00000000,7.00000000,11.00000000,7.00000000,4.00000000,10.00000000,8.14285714,6.92857143,7.39285714,1.95180015,2.99908411,7.00000000,5.00000000,5.00000000,test,True,aruna-juice-v4.0
2026-07-15,P002,Jus Semangka,6,7.00000000,7.00000000,5.00000000,2.00000000,5.00000000,7.00000000,5.57142857,5.85714286,5.96428571,1.39727626,1.91581045,7.00000000,6.00000000,5.00000000,test,True,aruna-juice-v4.0
2026-07-15,P003,Jus Jambu,6,5.00000000,9.00000000,3.00000000,7.00000000,3.00000000,11.00000000,7.42857143,7.07142857,6.85714286,3.59894164,3.04995046,5.00000000,7.00000000,9.00000000,test,True,aruna-juice-v4.0
2026-07-15,P004,Jus Pisang,10,10.00000000,4.00000000,2.00000000,2.00000000,4.00000000,5.00000000,5.85714286,5.78571429,5.14285714,3.07834216,3.04273590,2.00000000,4.00000000,1.00000000,test,True,aruna-juice-v4.0
2026-07-15,P005,Jus Nanas,15,13.00000000,18.00000000,20.00000000,10.00000000,10.00000000,5.00000000,17.28571429,16.21428571,16.89285714,2.98408477,3.76580917,20.00000000,10.00000000,6.00000000,test,True,aruna-juice-v4.0
2026-07-15,P006,Jus Melon,9,8.00000000,5.00000000,9.00000000,4.00000000,8.00000000,4.00000000,7.71428571,6.64285714,6.42857143,2.56347978,2.37315573,4.00000000,8.00000000,13.00000000,test,True,aruna-juice-v4.0
2026-07-15,P007,Jus Sirsak,18,25.00000000,17.00000000,16.00000000,7.00000000,20.00000000,14.00000000,17.57142857,15.64285714,16.39285714,3.82348632,4.32536602,31.00000000,9.00000000,13.00000000,test,True,aruna-juice-v4.0
2026-07-15,P008,Jus Alpukat,20,26.00000000,19.00000000,22.00000000,9.00000000,10.00000000,16.00000000,19.14285714,17.50000000,17.32142857,4.01781746,4.81583925,21.00000000,16.00000000,11.00000000,test,True,aruna-juice-v4.0
2026-07-15,P009,Jus Stroberi,23,15.00000000,22.00000000,16.00000000,10.00000000,18.00000000,17.00000000,19.00000000,17.07142857,16.89285714,4.20317340,4.46291188,19.00000000,16.00000000,11.00000000,test,True,aruna-juice-v4.0
2026-07-15,P010,Jus Jeruk,7,5.00000000,6.00000000,6.00000000,0.00000000,4.00000000,9.00000000,5.57142857,5.50000000,6.42857143,1.90237946,2.27866358,11.00000000,8.00000000,3.00000000,test,True,aruna-juice-v4.0
2026-07-15,P011,Jus Mangga,15,23.00000000,19.00000000,25.00000000,16.00000000,15.00000000,17.00000000,19.00000000,17.78571429,18.00000000,4.76095229,4.72600940,18.00000000,14.00000000,20.00000000,test,True,aruna-juice-v4.0
2026-07-16,P001,Jus Naga,7,6.00000000,6.00000000,7.00000000,8.00000000,2.00000000,3.00000000,8.00000000,7.28571429,7.53571429,2.00000000,2.64367377,5.00000000,5.00000000,9.00000000,test,True,aruna-juice-v4.0
2026-07-16,P002,Jus Semangka,7,6.00000000,7.00000000,7.00000000,6.00000000,6.00000000,4.00000000,5.71428571,5.92857143,6.07142857,1.49602648,1.94003512,6.00000000,5.00000000,2.00000000,test,True,aruna-juice-v4.0
2026-07-16,P003,Jus Jambu,5,6.00000000,5.00000000,9.00000000,9.00000000,10.00000000,7.00000000,6.85714286,6.71428571,6.78571429,3.62530787,2.97240052,7.00000000,9.00000000,10.00000000,test,True,aruna-juice-v4.0
2026-07-16,P004,Jus Pisang,2,10.00000000,10.00000000,4.00000000,6.00000000,8.00000000,2.00000000,5.28571429,5.35714286,5.14285714,3.40168026,3.12821263,4.00000000,1.00000000,2.00000000,test,True,aruna-juice-v4.0
2026-07-16,P005,Jus Nanas,20,15.00000000,13.00000000,18.00000000,21.00000000,17.00000000,11.00000000,17.14285714,16.42857143,17.21428571,2.79455252,3.89702620,10.00000000,6.00000000,18.00000000,test,True,aruna-juice-v4.0
2026-07-16,P006,Jus Melon,4,9.00000000,8.00000000,5.00000000,5.00000000,7.00000000,11.00000000,7.57142857,6.42857143,6.17857143,2.76026224,2.47181919,8.00000000,13.00000000,7.00000000,test,True,aruna-juice-v4.0
2026-07-16,P007,Jus Sirsak,31,18.00000000,25.00000000,17.00000000,19.00000000,16.00000000,12.00000000,19.28571429,16.71428571,17.07142857,6.39568307,5.96694190,9.00000000,13.00000000,21.00000000,test,True,aruna-juice-v4.0
2026-07-16,P008,Jus Alpukat,21,20.00000000,26.00000000,19.00000000,17.00000000,19.00000000,19.00000000,19.71428571,17.64285714,17.39285714,3.94606495,4.89280701,16.00000000,11.00000000,22.00000000,test,True,aruna-juice-v4.0
2026-07-16,P009,Jus Stroberi,19,23.00000000,15.00000000,22.00000000,23.00000000,14.00000000,22.00000000,18.42857143,17.42857143,16.78571429,3.82348632,4.39780165,16.00000000,11.00000000,16.00000000,test,True,aruna-juice-v4.0
2026-07-16,P010,Jus Jeruk,11,7.00000000,5.00000000,6.00000000,2.00000000,5.00000000,7.00000000,6.85714286,5.92857143,6.57142857,2.11570094,2.70225791,8.00000000,3.00000000,8.00000000,test,True,aruna-juice-v4.0
2026-07-16,P011,Jus Mangga,18,15.00000000,23.00000000,19.00000000,13.00000000,15.00000000,9.00000000,19.71428571,18.00000000,18.32142857,4.02965200,4.65750015,14.00000000,20.00000000,16.00000000,test,True,aruna-juice-v4.0
2026-07-17,P001,Jus Naga,5,7.00000000,6.00000000,6.00000000,10.00000000,10.00000000,7.00000000,7.28571429,6.92857143,7.46428571,2.05866346,2.58588731,5.00000000,9.00000000,4.00000000,test,True,aruna-juice-v4.0
2026-07-17,P002,Jus Semangka,6,7.00000000,6.00000000,7.00000000,5.00000000,9.00000000,7.00000000,5.85714286,5.71428571,6.03571429,1.46385011,1.72887564,5.00000000,2.00000000,9.00000000,test,True,aruna-juice-v4.0
2026-07-17,P003,Jus Jambu,7,5.00000000,6.00000000,5.00000000,6.00000000,10.00000000,16.00000000,7.00000000,6.50000000,6.46428571,3.60555128,2.82161983,9.00000000,10.00000000,6.00000000,test,True,aruna-juice-v4.0
2026-07-17,P004,Jus Pisang,4,2.00000000,10.00000000,10.00000000,5.00000000,9.00000000,2.00000000,5.14285714,5.00000000,5.21428571,3.43649877,2.96128870,1.00000000,2.00000000,3.00000000,test,True,aruna-juice-v4.0
2026-07-17,P005,Jus Nanas,10,20.00000000,15.00000000,13.00000000,19.00000000,11.00000000,21.00000000,15.85714286,16.35714286,16.82142857,3.71611676,4.01165883,6.00000000,18.00000000,18.00000000,test,True,aruna-juice-v4.0
2026-07-17,P006,Jus Melon,8,4.00000000,9.00000000,8.00000000,12.00000000,5.00000000,6.00000000,7.00000000,6.64285714,6.25000000,2.00000000,2.46848265,13.00000000,7.00000000,3.00000000,test,True,aruna-juice-v4.0
2026-07-17,P007,Jus Sirsak,9,31.00000000,18.00000000,25.00000000,13.00000000,19.00000000,16.00000000,18.71428571,16.00000000,16.82142857,7.18132499,6.26344707,13.00000000,21.00000000,21.00000000,test,True,aruna-juice-v4.0
2026-07-17,P008,Jus Alpukat,16,21.00000000,20.00000000,26.00000000,14.00000000,9.00000000,14.00000000,20.00000000,18.14285714,17.46428571,3.51188458,4.25815314,11.00000000,22.00000000,14.00000000,test,True,aruna-juice-v4.0
2026-07-17,P009,Jus Stroberi,16,19.00000000,23.00000000,15.00000000,13.00000000,19.00000000,21.00000000,18.85714286,17.21428571,16.60714286,3.23669437,4.38842133,11.00000000,16.00000000,17.00000000,test,True,aruna-juice-v4.0
2026-07-17,P010,Jus Jeruk,8,11.00000000,7.00000000,5.00000000,8.00000000,9.00000000,9.00000000,6.85714286,5.85714286,6.53571429,2.11570094,2.62699427,3.00000000,8.00000000,11.00000000,test,True,aruna-juice-v4.0
2026-07-17,P011,Jus Mangga,14,18.00000000,15.00000000,23.00000000,15.00000000,9.00000000,27.00000000,19.57142857,18.35714286,17.85714286,4.23702501,4.06877685,20.00000000,16.00000000,14.00000000,test,True,aruna-juice-v4.0
2026-07-18,P001,Jus Naga,5,5.00000000,7.00000000,6.00000000,9.00000000,2.00000000,9.00000000,6.71428571,7.14285714,7.32142857,2.05866346,2.24832050,9.00000000,4.00000000,8.00000000,test,True,aruna-juice-v4.0
2026-07-18,P002,Jus Semangka,5,6.00000000,7.00000000,6.00000000,3.00000000,8.00000000,5.00000000,6.14285714,5.50000000,6.03571429,0.89973541,1.60527975,2.00000000,9.00000000,10.00000000,test,True,aruna-juice-v4.0
2026-07-18,P003,Jus Jambu,9,7.00000000,5.00000000,6.00000000,14.00000000,5.00000000,6.00000000,6.28571429,6.78571429,6.57142857,2.21466971,2.86030045,10.00000000,6.00000000,8.00000000,test,True,aruna-juice-v4.0
2026-07-18,P004,Jus Pisang,1,4.00000000,2.00000000,10.00000000,4.00000000,10.00000000,5.00000000,4.71428571,4.35714286,5.07142857,3.77334006,2.76258360,2.00000000,3.00000000,6.00000000,test,True,aruna-juice-v4.0
2026-07-18,P005,Jus Nanas,6,10.00000000,20.00000000,15.00000000,15.00000000,20.00000000,24.00000000,14.57142857,15.35714286,16.17857143,5.28700113,4.71669935,18.00000000,18.00000000,19.00000000,test,True,aruna-juice-v4.0
2026-07-18,P006,Jus Melon,13,8.00000000,4.00000000,9.00000000,6.00000000,6.00000000,3.00000000,8.00000000,7.14285714,6.60714286,2.94392029,2.98347095,7.00000000,3.00000000,8.00000000,test,True,aruna-juice-v4.0
2026-07-18,P007,Jus Sirsak,13,9.00000000,31.00000000,18.00000000,15.00000000,17.00000000,19.00000000,18.42857143,15.71428571,16.60714286,7.39047005,6.30541369,21.00000000,21.00000000,14.00000000,test,True,aruna-juice-v4.0
2026-07-18,P008,Jus Alpukat,11,16.00000000,21.00000000,20.00000000,16.00000000,20.00000000,15.00000000,19.28571429,17.50000000,17.32142857,4.75093976,4.62018981,22.00000000,14.00000000,24.00000000,test,True,aruna-juice-v4.0
2026-07-18,P009,Jus Stroberi,11,16.00000000,19.00000000,23.00000000,21.00000000,18.00000000,13.00000000,17.42857143,16.71428571,16.53571429,4.19750493,4.68103492,16.00000000,17.00000000,18.00000000,test,True,aruna-juice-v4.0
2026-07-18,P010,Jus Jeruk,3,8.00000000,11.00000000,7.00000000,5.00000000,6.00000000,7.00000000,6.57142857,5.64285714,6.39285714,2.50713268,2.73459722,8.00000000,11.00000000,4.00000000,test,True,aruna-juice-v4.0
2026-07-18,P011,Jus Mangga,20,14.00000000,18.00000000,15.00000000,23.00000000,13.00000000,18.00000000,19.14285714,18.85714286,17.92857143,3.97611919,3.77964473,16.00000000,14.00000000,16.00000000,test,True,aruna-juice-v4.0
2026-07-19,P001,Jus Naga,9,5.00000000,5.00000000,7.00000000,11.00000000,3.00000000,11.00000000,6.42857143,7.57142857,7.25000000,1.39727626,1.94992251,4.00000000,8.00000000,10.00000000,test,True,aruna-juice-v4.0
2026-07-19,P002,Jus Semangka,2,5.00000000,6.00000000,7.00000000,5.00000000,7.00000000,4.00000000,5.71428571,5.14285714,5.96428571,1.79947082,1.79130991,9.00000000,10.00000000,6.00000000,test,True,aruna-juice-v4.0
2026-07-19,P003,Jus Jambu,10,9.00000000,7.00000000,5.00000000,3.00000000,3.00000000,6.00000000,7.28571429,7.28571429,6.71428571,2.05866346,2.75760686,6.00000000,8.00000000,3.00000000,test,True,aruna-juice-v4.0
2026-07-19,P004,Jus Pisang,2,1.00000000,4.00000000,2.00000000,2.00000000,3.00000000,4.00000000,4.71428571,4.28571429,5.00000000,3.77334006,2.81284339,3.00000000,6.00000000,2.00000000,test,True,aruna-juice-v4.0
2026-07-19,P005,Jus Nanas,18,6.00000000,10.00000000,20.00000000,20.00000000,21.00000000,14.00000000,14.28571429,15.14285714,16.32142857,4.99046710,4.50396651,18.00000000,19.00000000,16.00000000,test,True,aruna-juice-v4.0
2026-07-19,P006,Jus Melon,7,13.00000000,8.00000000,4.00000000,9.00000000,3.00000000,3.00000000,7.71428571,7.42857143,6.75000000,2.92770022,2.73760945,3.00000000,8.00000000,7.00000000,test,True,aruna-juice-v4.0
2026-07-19,P007,Jus Sirsak,21,13.00000000,9.00000000,31.00000000,16.00000000,14.00000000,14.00000000,19.14285714,16.21428571,16.85714286,7.35818301,6.43522244,21.00000000,14.00000000,16.00000000,test,True,aruna-juice-v4.0
2026-07-19,P008,Jus Alpukat,22,11.00000000,16.00000000,21.00000000,22.00000000,22.00000000,21.00000000,19.28571429,17.50000000,17.35714286,4.75093976,4.62018981,14.00000000,24.00000000,14.00000000,test,True,aruna-juice-v4.0
2026-07-19,P009,Jus Stroberi,16,11.00000000,16.00000000,19.00000000,16.00000000,20.00000000,18.00000000,17.42857143,16.42857143,16.46428571,4.19750493,4.58617128,17.00000000,18.00000000,22.00000000,test,True,aruna-juice-v4.0
2026-07-19,P010,Jus Jeruk,8,3.00000000,8.00000000,11.00000000,6.00000000,6.00000000,10.00000000,6.85714286,5.78571429,6.32142857,2.54483604,2.80599828,11.00000000,4.00000000,7.00000000,test,True,aruna-juice-v4.0
2026-07-19,P011,Jus Mangga,16,20.00000000,14.00000000,18.00000000,25.00000000,21.00000000,16.00000000,17.85714286,18.50000000,17.92857143,3.13201593,3.79777263,14.00000000,16.00000000,19.00000000,test,True,aruna-juice-v4.0
2026-07-20,P001,Jus Naga,4,9.00000000,5.00000000,5.00000000,7.00000000,10.00000000,12.00000000,6.00000000,7.14285714,6.96428571,1.63299316,2.03269972,8.00000000,10.00000000,7.00000000,test,True,aruna-juice-v4.0
2026-07-20,P002,Jus Semangka,9,2.00000000,5.00000000,6.00000000,7.00000000,7.00000000,10.00000000,6.00000000,5.28571429,5.92857143,2.16024690,2.01641614,10.00000000,6.00000000,6.00000000,test,True,aruna-juice-v4.0
2026-07-20,P003,Jus Jambu,6,10.00000000,9.00000000,7.00000000,9.00000000,7.00000000,7.00000000,6.85714286,7.21428571,6.67857143,1.95180015,2.77844925,8.00000000,3.00000000,6.00000000,test,True,aruna-juice-v4.0
2026-07-20,P004,Jus Pisang,3,2.00000000,1.00000000,4.00000000,4.00000000,5.00000000,1.00000000,4.57142857,4.14285714,5.07142857,3.82348632,2.82453925,6.00000000,2.00000000,6.00000000,test,True,aruna-juice-v4.0
2026-07-20,P005,Jus Nanas,18,18.00000000,6.00000000,10.00000000,18.00000000,12.00000000,32.00000000,14.28571429,15.57142857,15.82142857,4.99046710,4.46721882,19.00000000,16.00000000,19.00000000,test,True,aruna-juice-v4.0
2026-07-20,P006,Jus Melon,3,7.00000000,13.00000000,8.00000000,5.00000000,6.00000000,10.00000000,7.42857143,7.21428571,6.50000000,3.30943816,2.96592368,8.00000000,7.00000000,11.00000000,test,True,aruna-juice-v4.0
2026-07-20,P007,Jus Sirsak,21,21.00000000,13.00000000,9.00000000,17.00000000,13.00000000,19.00000000,19.71428571,16.78571429,16.92857143,7.31925055,6.48285990,14.00000000,16.00000000,20.00000000,test,True,aruna-juice-v4.0
2026-07-20,P008,Jus Alpukat,14,22.00000000,11.00000000,16.00000000,19.00000000,14.00000000,20.00000000,18.57142857,17.50000000,17.14285714,5.15936504,4.62018981,24.00000000,14.00000000,17.00000000,test,True,aruna-juice-v4.0
2026-07-20,P009,Jus Stroberi,17,16.00000000,11.00000000,16.00000000,22.00000000,15.00000000,20.00000000,16.71428571,16.57142857,16.35714286,3.68394199,4.56936767,18.00000000,22.00000000,28.00000000,test,True,aruna-juice-v4.0
2026-07-20,P010,Jus Jeruk,11,8.00000000,3.00000000,8.00000000,6.00000000,7.00000000,4.00000000,7.57142857,6.07142857,6.57142857,2.93582146,3.12469779,4.00000000,7.00000000,10.00000000,test,True,aruna-juice-v4.0
2026-07-20,P011,Jus Mangga,14,16.00000000,20.00000000,14.00000000,19.00000000,22.00000000,21.00000000,17.14285714,17.92857143,17.67857143,3.38765265,3.83233782,16.00000000,19.00000000,25.00000000,test,True,aruna-juice-v4.0
2026-07-21,P001,Jus Naga,8,4.00000000,9.00000000,5.00000000,6.00000000,6.00000000,14.00000000,6.28571429,7.28571429,6.75000000,1.79947082,2.01641614,10.00000000,7.00000000,6.00000000,test,True,aruna-juice-v4.0
2026-07-21,P002,Jus Semangka,10,9.00000000,2.00000000,5.00000000,7.00000000,4.00000000,7.00000000,6.42857143,5.71428571,6.03571429,2.63673680,2.33464118,6.00000000,6.00000000,6.00000000,test,True,aruna-juice-v4.0
2026-07-21,P003,Jus Jambu,8,6.00000000,10.00000000,9.00000000,5.00000000,5.00000000,5.00000000,7.28571429,7.42857143,6.78571429,1.79947082,2.70936512,3.00000000,6.00000000,6.00000000,test,True,aruna-juice-v4.0
2026-07-21,P004,Jus Pisang,6,3.00000000,2.00000000,1.00000000,10.00000000,3.00000000,5.00000000,4.00000000,4.35714286,5.10714286,3.10912635,2.84489131,2.00000000,6.00000000,7.00000000,test,True,aruna-juice-v4.0
2026-07-21,P005,Jus Nanas,19,18.00000000,18.00000000,6.00000000,13.00000000,15.00000000,22.00000000,15.14285714,15.85714286,15.71428571,5.24177360,4.55491523,16.00000000,19.00000000,22.00000000,test,True,aruna-juice-v4.0
2026-07-21,P006,Jus Melon,8,3.00000000,7.00000000,13.00000000,8.00000000,8.00000000,12.00000000,7.42857143,7.21428571,6.35714286,3.30943816,2.96592368,7.00000000,11.00000000,5.00000000,test,True,aruna-juice-v4.0
2026-07-21,P007,Jus Sirsak,14,21.00000000,21.00000000,13.00000000,25.00000000,10.00000000,25.00000000,18.14285714,17.07142857,16.53571429,7.17469097,6.24455807,16.00000000,20.00000000,11.00000000,test,True,aruna-juice-v4.0
2026-07-21,P008,Jus Alpukat,24,14.00000000,22.00000000,11.00000000,26.00000000,18.00000000,20.00000000,18.28571429,17.92857143,17.28571429,4.71572849,4.93752173,14.00000000,17.00000000,18.00000000,test,True,aruna-juice-v4.0
2026-07-21,P009,Jus Stroberi,18,17.00000000,16.00000000,11.00000000,15.00000000,10.00000000,9.00000000,17.14285714,17.14285714,16.67857143,3.62530787,4.16684981,22.00000000,28.00000000,9.00000000,test,True,aruna-juice-v4.0
2026-07-21,P010,Jus Jeruk,4,11.00000000,8.00000000,3.00000000,5.00000000,5.00000000,12.00000000,7.42857143,6.00000000,6.28571429,3.10145895,3.16227766,7.00000000,10.00000000,11.00000000,test,True,aruna-juice-v4.0
2026-07-21,P011,Jus Mangga,16,14.00000000,16.00000000,20.00000000,23.00000000,20.00000000,26.00000000,16.14285714,17.64285714,17.32142857,2.19306266,3.81509437,19.00000000,25.00000000,31.00000000,test,True,aruna-juice-v4.0
2026-07-22,P001,Jus Naga,10,8.00000000,4.00000000,9.00000000,6.00000000,7.00000000,5.00000000,6.85714286,7.50000000,6.92857143,2.26778684,2.13937446,7.00000000,6.00000000,13.00000000,test,True,aruna-juice-v4.0
2026-07-22,P002,Jus Semangka,6,10.00000000,9.00000000,2.00000000,6.00000000,2.00000000,4.00000000,6.42857143,6.00000000,6.10714286,2.63673680,2.07549809,6.00000000,6.00000000,12.00000000,test,True,aruna-juice-v4.0
2026-07-22,P003,Jus Jambu,3,8.00000000,6.00000000,10.00000000,6.00000000,7.00000000,6.00000000,6.85714286,7.14285714,6.67857143,2.41029538,2.95757548,6.00000000,6.00000000,12.00000000,test,True,aruna-juice-v4.0
2026-07-22,P004,Jus Pisang,2,6.00000000,3.00000000,2.00000000,10.00000000,2.00000000,9.00000000,2.85714286,4.35714286,4.85714286,1.67616342,2.84489131,6.00000000,7.00000000,10.00000000,test,True,aruna-juice-v4.0
2026-07-22,P005,Jus Nanas,16,19.00000000,18.00000000,18.00000000,15.00000000,10.00000000,10.00000000,15.28571429,16.28571429,15.92857143,5.25085027,4.23226747,19.00000000,22.00000000,14.00000000,test,True,aruna-juice-v4.0
2026-07-22,P006,Jus Melon,7,8.00000000,3.00000000,7.00000000,9.00000000,4.00000000,9.00000000,7.14285714,7.42857143,6.28571429,3.23669437,2.82064602,11.00000000,5.00000000,7.00000000,test,True,aruna-juice-v4.0
2026-07-22,P007,Jus Sirsak,16,14.00000000,21.00000000,21.00000000,18.00000000,7.00000000,13.00000000,17.85714286,17.71428571,16.64285714,7.22100112,5.55294200,20.00000000,11.00000000,19.00000000,test,True,aruna-juice-v4.0
2026-07-22,P008,Jus Alpukat,14,24.00000000,14.00000000,22.00000000,20.00000000,9.00000000,17.00000000,17.42857143,18.28571429,17.17857143,4.89411697,4.39280130,17.00000000,18.00000000,25.00000000,test,True,aruna-juice-v4.0
2026-07-22,P009,Jus Stroberi,22,18.00000000,17.00000000,16.00000000,23.00000000,10.00000000,12.00000000,17.00000000,18.00000000,17.03571429,3.36650165,3.80283295,28.00000000,9.00000000,19.00000000,test,True,aruna-juice-v4.0
2026-07-22,P010,Jus Jeruk,7,4.00000000,11.00000000,8.00000000,7.00000000,0.00000000,6.00000000,7.42857143,6.50000000,6.32142857,3.10145895,2.65300990,10.00000000,11.00000000,13.00000000,test,True,aruna-juice-v4.0
2026-07-22,P011,Jus Mangga,19,16.00000000,14.00000000,16.00000000,15.00000000,16.00000000,12.00000000,16.71428571,17.85714286,17.57142857,2.36038738,3.79994216,25.00000000,31.00000000,20.00000000,test,True,aruna-juice-v4.0
2026-07-23,P001,Jus Naga,7,10.00000000,8.00000000,4.00000000,7.00000000,8.00000000,10.00000000,6.85714286,7.42857143,6.82142857,2.26778684,2.13808994,6.00000000,13.00000000,9.00000000,test,True,aruna-juice-v4.0
2026-07-23,P002,Jus Semangka,6,6.00000000,10.00000000,9.00000000,7.00000000,6.00000000,7.00000000,6.28571429,6.00000000,6.07142857,2.62769136,2.07549809,6.00000000,12.00000000,5.00000000,test,True,aruna-juice-v4.0
2026-07-23,P003,Jus Jambu,6,3.00000000,8.00000000,6.00000000,5.00000000,9.00000000,9.00000000,7.00000000,6.92857143,6.57142857,2.30940108,2.92112428,6.00000000,12.00000000,9.00000000,test,True,aruna-juice-v4.0
2026-07-23,P004,Jus Pisang,6,2.00000000,6.00000000,3.00000000,2.00000000,6.00000000,3.00000000,3.42857143,4.35714286,4.96428571,1.98805959,2.84489131,7.00000000,10.00000000,3.00000000,test,True,aruna-juice-v4.0
2026-07-23,P005,Jus Nanas,19,16.00000000,19.00000000,18.00000000,20.00000000,21.00000000,18.00000000,15.14285714,16.14285714,15.96428571,5.11300862,4.09234074,22.00000000,14.00000000,17.00000000,test,True,aruna-juice-v4.0
2026-07-23,P006,Jus Melon,11,7.00000000,8.00000000,3.00000000,4.00000000,5.00000000,7.00000000,8.14285714,7.85714286,6.42857143,3.18478526,2.87849167,5.00000000,7.00000000,13.00000000,test,True,aruna-juice-v4.0
2026-07-23,P007,Jus Sirsak,20,16.00000000,14.00000000,21.00000000,31.00000000,19.00000000,14.00000000,16.28571429,17.78571429,16.85714286,4.60848080,5.57713149,11.00000000,19.00000000,18.00000000,test,True,aruna-juice-v4.0
2026-07-23,P008,Jus Alpukat,17,14.00000000,24.00000000,14.00000000,21.00000000,17.00000000,23.00000000,16.85714286,18.28571429,16.96428571,4.63424109,4.39280130,18.00000000,25.00000000,16.00000000,test,True,aruna-juice-v4.0
2026-07-23,P009,Jus Stroberi,28,22.00000000,18.00000000,17.00000000,19.00000000,23.00000000,11.00000000,18.28571429,18.35714286,17.64285714,5.37631490,4.48256696,9.00000000,19.00000000,17.00000000,test,True,aruna-juice-v4.0
2026-07-23,P010,Jus Jeruk,10,7.00000000,4.00000000,11.00000000,11.00000000,2.00000000,9.00000000,7.28571429,7.07142857,6.35714286,2.92770022,2.46402690,11.00000000,13.00000000,9.00000000,test,True,aruna-juice-v4.0
2026-07-23,P011,Jus Mangga,25,19.00000000,16.00000000,14.00000000,18.00000000,13.00000000,21.00000000,17.71428571,18.71428571,17.71428571,3.94606495,3.96966519,31.00000000,20.00000000,26.00000000,test,True,aruna-juice-v4.0
2026-07-24,P001,Jus Naga,6,7.00000000,10.00000000,8.00000000,5.00000000,10.00000000,5.00000000,7.00000000,7.14285714,6.85714286,2.16024690,2.03269972,13.00000000,9.00000000,8.00000000,test,True,aruna-juice-v4.0
2026-07-24,P002,Jus Semangka,6,6.00000000,6.00000000,10.00000000,6.00000000,5.00000000,7.00000000,6.28571429,6.07142857,6.03571429,2.62769136,2.05554731,12.00000000,5.00000000,7.00000000,test,True,aruna-juice-v4.0
2026-07-24,P003,Jus Jambu,6,6.00000000,3.00000000,8.00000000,7.00000000,6.00000000,4.00000000,6.85714286,6.92857143,6.64285714,2.34012617,2.92112428,12.00000000,9.00000000,7.00000000,test,True,aruna-juice-v4.0
2026-07-24,P004,Jus Pisang,7,6.00000000,2.00000000,6.00000000,4.00000000,5.00000000,6.00000000,3.85714286,4.50000000,5.00000000,2.41029538,2.92863843,10.00000000,3.00000000,6.00000000,test,True,aruna-juice-v4.0
2026-07-24,P005,Jus Nanas,22,19.00000000,16.00000000,19.00000000,10.00000000,19.00000000,17.00000000,16.85714286,16.35714286,16.14285714,5.11300862,4.32536602,14.00000000,17.00000000,17.00000000,test,True,aruna-juice-v4.0
2026-07-24,P006,Jus Melon,5,11.00000000,7.00000000,8.00000000,8.00000000,12.00000000,5.00000000,7.71428571,7.35714286,6.42857143,3.40168026,2.70632146,7.00000000,13.00000000,5.00000000,test,True,aruna-juice-v4.0
2026-07-24,P007,Jus Sirsak,11,20.00000000,16.00000000,14.00000000,9.00000000,13.00000000,13.00000000,16.57142857,17.64285714,16.78571429,4.11732692,5.73259430,19.00000000,18.00000000,10.00000000,test,True,aruna-juice-v4.0
2026-07-24,P008,Jus Alpukat,18,17.00000000,14.00000000,24.00000000,16.00000000,14.00000000,13.00000000,17.14285714,18.57142857,17.14285714,4.63424109,4.21926508,25.00000000,16.00000000,20.00000000,test,True,aruna-juice-v4.0
2026-07-24,P009,Jus Stroberi,9,28.00000000,22.00000000,18.00000000,16.00000000,13.00000000,17.00000000,17.28571429,18.07142857,17.35714286,6.42168944,4.95307652,19.00000000,17.00000000,18.00000000,test,True,aruna-juice-v4.0
2026-07-24,P010,Jus Jeruk,11,10.00000000,7.00000000,4.00000000,8.00000000,8.00000000,6.00000000,7.71428571,7.28571429,6.53571429,3.25137334,2.67261242,13.00000000,9.00000000,7.00000000,test,True,aruna-juice-v4.0
2026-07-24,P011,Jus Mangga,31,25.00000000,19.00000000,16.00000000,14.00000000,15.00000000,9.00000000,20.14285714,19.85714286,18.50000000,5.98410593,4.99010009,20.00000000,26.00000000,14.00000000,test,True,aruna-juice-v4.0
2026-07-25,P001,Jus Naga,13,6.00000000,7.00000000,10.00000000,5.00000000,9.00000000,3.00000000,8.14285714,7.42857143,7.21428571,2.91138978,2.53329478,9.00000000,8.00000000,10.00000000,test,True,aruna-juice-v4.0
2026-07-25,P002,Jus Semangka,12,6.00000000,6.00000000,6.00000000,5.00000000,3.00000000,7.00000000,7.28571429,6.71428571,6.21428571,3.30223589,2.39963367,5.00000000,7.00000000,6.00000000,test,True,aruna-juice-v4.0
2026-07-25,P003,Jus Jambu,12,6.00000000,6.00000000,3.00000000,9.00000000,14.00000000,5.00000000,7.28571429,6.78571429,6.89285714,2.98408477,2.57737408,9.00000000,7.00000000,9.00000000,test,True,aruna-juice-v4.0
2026-07-25,P004,Jus Pisang,10,7.00000000,6.00000000,2.00000000,1.00000000,4.00000000,2.00000000,5.14285714,4.92857143,5.28571429,2.96808420,3.26906916,3.00000000,6.00000000,6.00000000,test,True,aruna-juice-v4.0
2026-07-25,P005,Jus Nanas,14,22.00000000,19.00000000,16.00000000,6.00000000,15.00000000,20.00000000,18.00000000,16.28571429,15.92857143,2.51661148,4.35763824,17.00000000,17.00000000,18.00000000,test,True,aruna-juice-v4.0
2026-07-25,P006,Jus Melon,7,5.00000000,11.00000000,7.00000000,13.00000000,6.00000000,2.00000000,6.85714286,7.42857143,6.60714286,2.47847880,2.68082323,13.00000000,5.00000000,11.00000000,test,True,aruna-juice-v4.0
2026-07-25,P007,Jus Sirsak,19,11.00000000,20.00000000,16.00000000,13.00000000,15.00000000,15.00000000,17.42857143,17.92857143,16.92857143,3.86683087,5.69026545,18.00000000,10.00000000,18.00000000,test,True,aruna-juice-v4.0
2026-07-25,P008,Jus Alpukat,25,18.00000000,17.00000000,14.00000000,11.00000000,16.00000000,11.00000000,19.14285714,19.21428571,17.64285714,4.56174570,4.47520642,16.00000000,20.00000000,19.00000000,test,True,aruna-juice-v4.0
2026-07-25,P009,Jus Stroberi,19,9.00000000,28.00000000,22.00000000,11.00000000,21.00000000,24.00000000,18.42857143,17.92857143,17.17857143,5.79819348,4.89056054,17.00000000,18.00000000,25.00000000,test,True,aruna-juice-v4.0
2026-07-25,P010,Jus Jeruk,13,11.00000000,10.00000000,7.00000000,3.00000000,5.00000000,7.00000000,9.14285714,7.85714286,6.75000000,3.02371578,2.98347095,9.00000000,7.00000000,10.00000000,test,True,aruna-juice-v4.0
2026-07-25,P011,Jus Mangga,20,31.00000000,25.00000000,19.00000000,20.00000000,23.00000000,17.00000000,20.14285714,19.64285714,18.60714286,5.98410593,4.90850350,26.00000000,14.00000000,15.00000000,test,True,aruna-juice-v4.0
2026-07-26,P001,Jus Naga,9,13.00000000,6.00000000,7.00000000,9.00000000,11.00000000,9.00000000,8.14285714,7.28571429,7.21428571,2.91138978,2.36736047,8.00000000,10.00000000,2.00000000,test,True,aruna-juice-v4.0
2026-07-26,P002,Jus Semangka,5,12.00000000,6.00000000,6.00000000,2.00000000,5.00000000,6.00000000,7.71428571,6.71428571,6.17857143,2.62769136,2.39963367,7.00000000,6.00000000,4.00000000,test,True,aruna-juice-v4.0
2026-07-26,P003,Jus Jambu,9,12.00000000,6.00000000,6.00000000,10.00000000,3.00000000,4.00000000,7.14285714,7.21428571,7.07142857,2.85356919,2.39160620,7.00000000,9.00000000,6.00000000,test,True,aruna-juice-v4.0
2026-07-26,P004,Jus Pisang,3,10.00000000,7.00000000,6.00000000,2.00000000,2.00000000,2.00000000,5.28571429,5.00000000,5.32142857,2.81154084,3.21055950,6.00000000,6.00000000,5.00000000,test,True,aruna-juice-v4.0
2026-07-26,P005,Jus Nanas,17,14.00000000,22.00000000,19.00000000,18.00000000,20.00000000,14.00000000,17.85714286,16.07142857,16.03571429,2.54483604,4.23291654,17.00000000,18.00000000,20.00000000,test,True,aruna-juice-v4.0
2026-07-26,P006,Jus Melon,13,7.00000000,5.00000000,11.00000000,7.00000000,9.00000000,3.00000000,7.71428571,7.71428571,6.96428571,3.40168026,3.04904957,5.00000000,11.00000000,8.00000000,test,True,aruna-juice-v4.0
2026-07-26,P007,Jus Sirsak,18,19.00000000,11.00000000,20.00000000,21.00000000,16.00000000,26.00000000,17.00000000,18.07142857,16.64285714,3.55902608,5.66316418,10.00000000,18.00000000,19.00000000,test,True,aruna-juice-v4.0
2026-07-26,P008,Jus Alpukat,16,25.00000000,18.00000000,17.00000000,22.00000000,22.00000000,19.00000000,18.28571429,18.78571429,17.53571429,4.49867705,4.47520642,20.00000000,19.00000000,13.00000000,test,True,aruna-juice-v4.0
2026-07-26,P009,Jus Stroberi,17,19.00000000,9.00000000,28.00000000,16.00000000,16.00000000,19.00000000,18.57142857,18.00000000,17.10714286,5.74041644,4.86747447,18.00000000,25.00000000,12.00000000,test,True,aruna-juice-v4.0
2026-07-26,P010,Jus Jeruk,9,13.00000000,11.00000000,10.00000000,8.00000000,6.00000000,9.00000000,9.28571429,8.07142857,6.75000000,2.98408477,2.94734002,7.00000000,10.00000000,3.00000000,test,True,aruna-juice-v4.0
2026-07-26,P011,Jus Mangga,26,20.00000000,31.00000000,25.00000000,16.00000000,25.00000000,13.00000000,21.57142857,19.71428571,19.07142857,6.02376247,4.99890098,14.00000000,15.00000000,21.00000000,test,True,aruna-juice-v4.0
2026-07-27,P001,Jus Naga,8,9.00000000,13.00000000,6.00000000,4.00000000,7.00000000,9.00000000,8.71428571,7.35714286,7.17857143,2.28868854,2.37315573,10.00000000,2.00000000,9.00000000,test,True,aruna-juice-v4.0
2026-07-27,P002,Jus Semangka,7,5.00000000,12.00000000,6.00000000,9.00000000,7.00000000,3.00000000,7.42857143,6.71428571,6.32142857,2.57275098,2.39963367,6.00000000,4.00000000,10.00000000,test,True,aruna-juice-v4.0
2026-07-27,P003,Jus Jambu,7,9.00000000,12.00000000,6.00000000,6.00000000,9.00000000,3.00000000,7.28571429,7.07142857,7.21428571,2.81154084,2.33581762,9.00000000,6.00000000,8.00000000,test,True,aruna-juice-v4.0
2026-07-27,P004,Jus Pisang,6,3.00000000,10.00000000,7.00000000,3.00000000,4.00000000,7.00000000,5.71428571,5.14285714,5.28571429,2.62769136,3.20713490,6.00000000,5.00000000,7.00000000,test,True,aruna-juice-v4.0
2026-07-27,P005,Jus Nanas,17,17.00000000,14.00000000,22.00000000,18.00000000,18.00000000,10.00000000,17.71428571,16.00000000,16.28571429,2.56347978,4.20622250,18.00000000,20.00000000,16.00000000,test,True,aruna-juice-v4.0
2026-07-27,P006,Jus Melon,5,13.00000000,7.00000000,5.00000000,3.00000000,5.00000000,5.00000000,8.00000000,7.71428571,6.96428571,3.00000000,3.04904957,11.00000000,8.00000000,9.00000000,test,True,aruna-juice-v4.0
2026-07-27,P007,Jus Sirsak,10,18.00000000,19.00000000,11.00000000,21.00000000,17.00000000,15.00000000,15.42857143,17.57142857,16.46428571,3.90969491,6.06013818,18.00000000,19.00000000,14.00000000,test,True,aruna-juice-v4.0
2026-07-27,P008,Jus Alpukat,20,16.00000000,25.00000000,18.00000000,14.00000000,19.00000000,25.00000000,19.14285714,18.85714286,17.35714286,4.09994193,4.48685504,19.00000000,13.00000000,14.00000000,test,True,aruna-juice-v4.0
2026-07-27,P009,Jus Stroberi,18,17.00000000,19.00000000,9.00000000,17.00000000,22.00000000,17.00000000,18.71428571,17.71428571,17.14285714,5.70713839,4.73007678,25.00000000,12.00000000,18.00000000,test,True,aruna-juice-v4.0
2026-07-27,P010,Jus Jeruk,7,9.00000000,13.00000000,11.00000000,11.00000000,6.00000000,7.00000000,8.71428571,8.14285714,6.75000000,2.98408477,2.90509216,10.00000000,3.00000000,8.00000000,test,True,aruna-juice-v4.0
2026-07-27,P011,Jus Mangga,14,26.00000000,20.00000000,31.00000000,14.00000000,19.00000000,23.00000000,21.57142857,19.35714286,18.75000000,6.02376247,5.22725318,15.00000000,21.00000000,15.00000000,test,True,aruna-juice-v4.0
2026-07-28,P001,Jus Naga,10,8.00000000,9.00000000,13.00000000,8.00000000,6.00000000,9.00000000,9.00000000,7.64285714,7.21428571,2.30940108,2.43712134,2.00000000,9.00000000,10.00000000,test,True,aruna-juice-v4.0
2026-07-28,P002,Jus Semangka,6,7.00000000,5.00000000,12.00000000,10.00000000,7.00000000,9.00000000,6.85714286,6.64285714,6.21428571,2.34012617,2.40535118,4.00000000,10.00000000,4.00000000,test,True,aruna-juice-v4.0
2026-07-28,P003,Jus Jambu,9,7.00000000,9.00000000,12.00000000,8.00000000,5.00000000,12.00000000,7.42857143,7.35714286,7.10714286,2.87849167,2.30741757,6.00000000,8.00000000,5.00000000,test,True,aruna-juice-v4.0
2026-07-28,P004,Jus Pisang,6,6.00000000,3.00000000,10.00000000,6.00000000,10.00000000,11.00000000,5.71428571,4.85714286,5.10714286,2.62769136,2.90509216,5.00000000,7.00000000,4.00000000,test,True,aruna-juice-v4.0
2026-07-28,P005,Jus Nanas,18,17.00000000,17.00000000,14.00000000,19.00000000,13.00000000,23.00000000,17.57142857,16.35714286,16.10714286,2.50713268,4.14370965,20.00000000,16.00000000,16.00000000,test,True,aruna-juice-v4.0
2026-07-28,P006,Jus Melon,11,5.00000000,13.00000000,7.00000000,8.00000000,8.00000000,3.00000000,8.42857143,7.92857143,7.25000000,3.20713490,3.17355141,8.00000000,9.00000000,10.00000000,test,True,aruna-juice-v4.0
2026-07-28,P007,Jus Sirsak,18,10.00000000,18.00000000,19.00000000,14.00000000,25.00000000,19.00000000,16.00000000,17.07142857,16.42857143,3.95811403,5.67673099,19.00000000,14.00000000,17.00000000,test,True,aruna-juice-v4.0
2026-07-28,P008,Jus Alpukat,19,20.00000000,16.00000000,25.00000000,24.00000000,26.00000000,13.00000000,18.42857143,18.35714286,17.57142857,3.50509833,3.99243791,13.00000000,14.00000000,14.00000000,test,True,aruna-juice-v4.0
2026-07-28,P009,Jus Stroberi,25,18.00000000,17.00000000,19.00000000,18.00000000,15.00000000,13.00000000,19.71428571,18.42857143,17.57142857,6.15668433,5.03395067,12.00000000,18.00000000,18.00000000,test,True,aruna-juice-v4.0
2026-07-28,P010,Jus Jeruk,10,7.00000000,9.00000000,13.00000000,4.00000000,5.00000000,6.00000000,9.57142857,8.50000000,6.89285714,2.14919697,2.79422481,3.00000000,8.00000000,3.00000000,test,True,aruna-juice-v4.0
2026-07-28,P011,Jus Mangga,15,14.00000000,26.00000000,20.00000000,16.00000000,23.00000000,28.00000000,21.42857143,18.78571429,18.28571429,6.18754509,5.23565544,21.00000000,15.00000000,17.00000000,test,True,aruna-juice-v4.0
2026-07-29,P001,Jus Naga,2,10.00000000,8.00000000,9.00000000,10.00000000,6.00000000,4.00000000,7.85714286,7.35714286,7.14285714,3.43649877,2.84489131,9.00000000,10.00000000,7.00000000,test,True,aruna-juice-v4.0
2026-07-29,P002,Jus Semangka,4,6.00000000,7.00000000,5.00000000,6.00000000,6.00000000,5.00000000,6.57142857,6.50000000,6.17857143,2.57275098,2.50384320,10.00000000,4.00000000,3.00000000,test,True,aruna-juice-v4.0
2026-07-29,P003,Jus Jambu,6,9.00000000,7.00000000,9.00000000,3.00000000,6.00000000,3.00000000,7.85714286,7.35714286,7.21428571,2.26778684,2.30741757,8.00000000,5.00000000,9.00000000,test,True,aruna-juice-v4.0
2026-07-29,P004,Jus Pisang,5,6.00000000,6.00000000,3.00000000,2.00000000,10.00000000,4.00000000,6.14285714,4.50000000,5.14285714,2.11570094,2.50384320,7.00000000,4.00000000,0.00000000,test,True,aruna-juice-v4.0
2026-07-29,P005,Jus Nanas,20,18.00000000,17.00000000,17.00000000,16.00000000,15.00000000,10.00000000,18.14285714,16.71428571,16.46428571,2.54483604,4.23226747,16.00000000,16.00000000,16.00000000,test,True,aruna-juice-v4.0
2026-07-29,P006,Jus Melon,8,11.00000000,5.00000000,13.00000000,7.00000000,9.00000000,8.00000000,8.57142857,7.85714286,7.25000000,3.15473944,3.15880072,9.00000000,10.00000000,6.00000000,test,True,aruna-juice-v4.0
2026-07-29,P007,Jus Sirsak,19,18.00000000,10.00000000,18.00000000,16.00000000,18.00000000,20.00000000,16.42857143,17.14285714,16.39285714,4.11732692,5.69557376,14.00000000,17.00000000,12.00000000,test,True,aruna-juice-v4.0
2026-07-29,P008,Jus Alpukat,13,19.00000000,20.00000000,16.00000000,14.00000000,20.00000000,10.00000000,18.28571429,17.85714286,17.67857143,3.72890894,4.20360912,14.00000000,14.00000000,13.00000000,test,True,aruna-juice-v4.0
2026-07-29,P009,Jus Stroberi,12,25.00000000,18.00000000,17.00000000,22.00000000,23.00000000,18.00000000,18.28571429,17.64285714,17.35714286,6.67618368,5.12320727,18.00000000,18.00000000,22.00000000,test,True,aruna-juice-v4.0
2026-07-29,P010,Jus Jeruk,3,10.00000000,7.00000000,9.00000000,7.00000000,7.00000000,4.00000000,9.00000000,8.21428571,6.85714286,3.21455025,3.14223271,8.00000000,3.00000000,4.00000000,test,True,aruna-juice-v4.0
2026-07-29,P011,Jus Mangga,21,15.00000000,14.00000000,26.00000000,19.00000000,15.00000000,15.00000000,21.71428571,19.21428571,18.50000000,6.10230245,5.14674761,15.00000000,17.00000000,10.00000000,test,True,aruna-juice-v4.0
2026-07-30,P001,Jus Naga,9,2.00000000,10.00000000,8.00000000,7.00000000,7.00000000,2.00000000,8.14285714,7.50000000,7.39285714,3.43649877,2.87562702,10.00000000,7.00000000,8.00000000,test,True,aruna-juice-v4.0
2026-07-30,P002,Jus Semangka,10,4.00000000,6.00000000,7.00000000,6.00000000,7.00000000,6.00000000,7.14285714,6.71428571,6.32142857,2.85356919,2.67261242,4.00000000,3.00000000,5.00000000,test,True,aruna-juice-v4.0
2026-07-30,P003,Jus Jambu,8,6.00000000,9.00000000,7.00000000,6.00000000,5.00000000,10.00000000,8.14285714,7.57142857,7.14285714,2.11570094,2.20887321,5.00000000,9.00000000,4.00000000,test,True,aruna-juice-v4.0
2026-07-30,P004,Jus Pisang,7,5.00000000,6.00000000,6.00000000,6.00000000,2.00000000,8.00000000,6.28571429,4.85714286,5.10714286,2.13808994,2.47626092,4.00000000,0.00000000,6.00000000,test,True,aruna-juice-v4.0
2026-07-30,P005,Jus Nanas,16,20.00000000,18.00000000,17.00000000,19.00000000,20.00000000,17.00000000,17.71428571,16.42857143,16.42857143,2.62769136,4.12710153,16.00000000,16.00000000,19.00000000,test,True,aruna-juice-v4.0
2026-07-30,P006,Jus Melon,9,8.00000000,11.00000000,5.00000000,11.00000000,4.00000000,7.00000000,8.28571429,8.21428571,7.32142857,2.98408477,2.96592368,10.00000000,6.00000000,8.00000000,test,True,aruna-juice-v4.0
2026-07-30,P007,Jus Sirsak,14,19.00000000,18.00000000,10.00000000,20.00000000,31.00000000,16.00000000,15.57142857,15.92857143,16.32142857,3.86683087,4.10373724,17.00000000,12.00000000,15.00000000,test,True,aruna-juice-v4.0
2026-07-30,P008,Jus Alpukat,14,13.00000000,19.00000000,20.00000000,17.00000000,21.00000000,19.00000000,17.85714286,17.35714286,17.50000000,4.05908739,4.21731126,14.00000000,13.00000000,15.00000000,test,True,aruna-juice-v4.0
2026-07-30,P009,Jus Stroberi,18,12.00000000,25.00000000,18.00000000,28.00000000,19.00000000,14.00000000,16.85714286,17.57142857,17.50000000,5.14550197,5.10978376,18.00000000,22.00000000,20.00000000,test,True,aruna-juice-v4.0
2026-07-30,P010,Jus Jeruk,8,3.00000000,10.00000000,7.00000000,10.00000000,11.00000000,5.00000000,8.71428571,8.00000000,6.96428571,3.19970237,3.03821810,3.00000000,4.00000000,8.00000000,test,True,aruna-juice-v4.0
2026-07-30,P011,Jus Mangga,15,21.00000000,15.00000000,14.00000000,25.00000000,18.00000000,15.00000000,20.28571429,19.00000000,18.50000000,6.36957052,5.26234812,17.00000000,10.00000000,18.00000000,test,True,aruna-juice-v4.0
2026-07-31,P001,Jus Naga,10,9.00000000,2.00000000,10.00000000,6.00000000,5.00000000,10.00000000,8.71428571,7.85714286,7.39285714,3.35232684,2.85164306,7.00000000,8.00000000,12.00000000,test,True,aruna-juice-v4.0
2026-07-31,P002,Jus Semangka,4,10.00000000,4.00000000,6.00000000,6.00000000,6.00000000,9.00000000,6.85714286,6.57142857,6.14285714,3.07834216,2.76556534,3.00000000,5.00000000,11.00000000,test,True,aruna-juice-v4.0
2026-07-31,P003,Jus Jambu,5,8.00000000,6.00000000,9.00000000,6.00000000,7.00000000,10.00000000,8.00000000,7.42857143,6.96428571,2.30940108,2.31098666,9.00000000,4.00000000,12.00000000,test,True,aruna-juice-v4.0
2026-07-31,P004,Jus Pisang,4,7.00000000,5.00000000,6.00000000,7.00000000,4.00000000,9.00000000,5.85714286,4.85714286,4.92857143,2.26778684,2.47626092,0.00000000,6.00000000,9.00000000,test,True,aruna-juice-v4.0
2026-07-31,P005,Jus Nanas,16,16.00000000,20.00000000,18.00000000,22.00000000,10.00000000,11.00000000,16.85714286,16.85714286,16.60714286,1.86445447,3.69734089,16.00000000,19.00000000,16.00000000,test,True,aruna-juice-v4.0
2026-07-31,P006,Jus Melon,10,9.00000000,8.00000000,11.00000000,5.00000000,8.00000000,5.00000000,9.00000000,8.35714286,7.50000000,2.64575131,3.00274600,6.00000000,8.00000000,9.00000000,test,True,aruna-juice-v4.0
2026-07-31,P007,Jus Sirsak,17,14.00000000,19.00000000,18.00000000,11.00000000,9.00000000,19.00000000,16.42857143,16.50000000,16.25000000,3.30943816,3.58951464,12.00000000,15.00000000,13.00000000,test,True,aruna-juice-v4.0
2026-07-31,P008,Jus Alpukat,14,14.00000000,13.00000000,19.00000000,18.00000000,16.00000000,9.00000000,17.28571429,17.21428571,17.67857143,4.30945804,4.29988500,13.00000000,15.00000000,22.00000000,test,True,aruna-juice-v4.0
2026-07-31,P009,Jus Stroberi,18,18.00000000,12.00000000,25.00000000,9.00000000,16.00000000,19.00000000,18.14285714,17.71428571,17.46428571,3.80475892,5.09039172,22.00000000,20.00000000,16.00000000,test,True,aruna-juice-v4.0
2026-07-31,P010,Jus Jeruk,3,8.00000000,3.00000000,10.00000000,11.00000000,8.00000000,9.00000000,7.57142857,7.64285714,6.75000000,3.64495738,3.31910884,4.00000000,8.00000000,13.00000000,test,True,aruna-juice-v4.0
2026-07-31,P011,Jus Mangga,17,15.00000000,21.00000000,15.00000000,31.00000000,14.00000000,9.00000000,18.28571429,19.21428571,18.78571429,4.30945804,5.10171271,10.00000000,18.00000000,23.00000000,test,True,aruna-juice-v4.0
2026-08-01,P001,Jus Naga,7,10.00000000,9.00000000,2.00000000,13.00000000,5.00000000,2.00000000,7.85714286,8.00000000,7.57142857,2.79455252,2.74562589,8.00000000,12.00000000,6.00000000,test,True,aruna-juice-v4.0
2026-08-01,P002,Jus Semangka,3,4.00000000,10.00000000,4.00000000,12.00000000,5.00000000,8.00000000,5.57142857,6.42857143,5.96428571,2.37045304,2.90130702,5.00000000,11.00000000,4.00000000,test,True,aruna-juice-v4.0
2026-08-01,P003,Jus Jambu,9,5.00000000,8.00000000,6.00000000,12.00000000,9.00000000,5.00000000,7.57142857,7.42857143,7.10714286,1.61834719,2.31098666,4.00000000,12.00000000,10.00000000,test,True,aruna-juice-v4.0
2026-08-01,P004,Jus Pisang,0,4.00000000,7.00000000,5.00000000,10.00000000,1.00000000,10.00000000,4.42857143,4.78571429,4.57142857,2.37045304,2.60704877,6.00000000,9.00000000,2.00000000,test,True,aruna-juice-v4.0
2026-08-01,P005,Jus Nanas,16,16.00000000,16.00000000,20.00000000,14.00000000,6.00000000,20.00000000,17.14285714,17.57142857,16.46428571,1.46385011,2.02728639,19.00000000,16.00000000,11.00000000,test,True,aruna-juice-v4.0
2026-08-01,P006,Jus Melon,6,10.00000000,9.00000000,8.00000000,7.00000000,13.00000000,6.00000000,8.85714286,7.85714286,7.50000000,2.79455252,2.74162060,8.00000000,9.00000000,3.00000000,test,True,aruna-juice-v4.0
2026-08-01,P007,Jus Sirsak,12,17.00000000,14.00000000,19.00000000,19.00000000,13.00000000,17.00000000,15.42857143,16.42857143,16.07142857,3.45722157,3.67348683,15.00000000,13.00000000,18.00000000,test,True,aruna-juice-v4.0
2026-08-01,P008,Jus Alpukat,13,14.00000000,14.00000000,13.00000000,25.00000000,11.00000000,20.00000000,15.57142857,17.35714286,17.42857143,2.87849167,4.10641417,15.00000000,22.00000000,20.00000000,test,True,aruna-juice-v4.0
2026-08-01,P009,Jus Stroberi,22,18.00000000,18.00000000,12.00000000,19.00000000,11.00000000,18.00000000,18.57142857,18.50000000,17.60714286,4.07664661,4.81583925,20.00000000,16.00000000,12.00000000,test,True,aruna-juice-v4.0
2026-08-01,P010,Jus Jeruk,4,3.00000000,8.00000000,3.00000000,13.00000000,3.00000000,6.00000000,6.28571429,7.71428571,6.67857143,2.92770022,3.22081145,8.00000000,13.00000000,13.00000000,test,True,aruna-juice-v4.0
2026-08-01,P011,Jus Mangga,10,17.00000000,15.00000000,21.00000000,20.00000000,20.00000000,13.00000000,16.85714286,18.50000000,18.67857143,5.20988072,5.65345368,18.00000000,23.00000000,12.00000000,test,True,aruna-juice-v4.0
2026-08-02,P001,Jus Naga,8,7.00000000,10.00000000,9.00000000,9.00000000,9.00000000,3.00000000,7.71428571,7.92857143,7.75000000,2.75162290,2.73057576,12.00000000,6.00000000,11.00000000,test,True,aruna-juice-v4.0
2026-08-02,P002,Jus Semangka,5,3.00000000,4.00000000,10.00000000,5.00000000,2.00000000,7.00000000,5.57142857,6.64285714,5.89285714,2.37045304,2.64886457,11.00000000,4.00000000,4.00000000,test,True,aruna-juice-v4.0
2026-08-02,P003,Jus Jambu,4,9.00000000,5.00000000,8.00000000,9.00000000,10.00000000,3.00000000,6.85714286,7.00000000,7.14285714,1.95180015,2.35339362,12.00000000,10.00000000,6.00000000,test,True,aruna-juice-v4.0
2026-08-02,P004,Jus Pisang,6,0.00000000,4.00000000,7.00000000,3.00000000,2.00000000,3.00000000,4.85714286,5.07142857,4.67857143,2.34012617,2.49505004,9.00000000,2.00000000,9.00000000,test,True,aruna-juice-v4.0
2026-08-02,P005,Jus Nanas,19,16.00000000,16.00000000,16.00000000,17.00000000,18.00000000,21.00000000,17.42857143,17.64285714,16.39285714,1.61834719,2.06088640,16.00000000,11.00000000,24.00000000,test,True,aruna-juice-v4.0
2026-08-02,P006,Jus Melon,8,6.00000000,10.00000000,9.00000000,13.00000000,7.00000000,3.00000000,8.14285714,7.92857143,7.67857143,2.11570094,2.73057576,9.00000000,3.00000000,4.00000000,test,True,aruna-juice-v4.0
2026-08-02,P007,Jus Sirsak,15,12.00000000,17.00000000,14.00000000,18.00000000,21.00000000,14.00000000,15.00000000,16.00000000,16.10714286,3.26598632,3.44182420,13.00000000,18.00000000,19.00000000,test,True,aruna-juice-v4.0
2026-08-02,P008,Jus Alpukat,15,13.00000000,14.00000000,14.00000000,16.00000000,22.00000000,22.00000000,15.42857143,16.85714286,17.17857143,2.87849167,3.91952004,22.00000000,20.00000000,24.00000000,test,True,aruna-juice-v4.0
2026-08-02,P009,Jus Stroberi,20,22.00000000,18.00000000,18.00000000,17.00000000,16.00000000,20.00000000,19.00000000,18.78571429,17.60714286,4.04145188,4.77458933,16.00000000,12.00000000,31.00000000,test,True,aruna-juice-v4.0
2026-08-02,P010,Jus Jeruk,8,4.00000000,3.00000000,8.00000000,9.00000000,8.00000000,6.00000000,6.14285714,7.71428571,6.75000000,2.79455252,3.22081145,13.00000000,13.00000000,9.00000000,test,True,aruna-juice-v4.0
2026-08-02,P011,Jus Mangga,18,10.00000000,17.00000000,15.00000000,26.00000000,16.00000000,21.00000000,15.71428571,18.64285714,18.57142857,3.45032780,5.61052778,23.00000000,12.00000000,23.00000000,test,True,aruna-juice-v4.0
2026-08-03,P001,Jus Naga,12,8.00000000,7.00000000,10.00000000,8.00000000,4.00000000,10.00000000,8.28571429,8.50000000,7.82142857,3.19970237,2.68184781,6.00000000,11.00000000,14.00000000,test,True,aruna-juice-v4.0
2026-08-03,P002,Jus Semangka,11,5.00000000,3.00000000,4.00000000,7.00000000,9.00000000,7.00000000,6.14285714,6.78571429,6.03571429,3.13201593,2.83327947,4.00000000,4.00000000,6.00000000,test,True,aruna-juice-v4.0
2026-08-03,P003,Jus Jambu,12,4.00000000,9.00000000,5.00000000,7.00000000,6.00000000,7.00000000,7.57142857,7.42857143,7.32142857,2.76026224,2.68082323,10.00000000,6.00000000,5.00000000,test,True,aruna-juice-v4.0
2026-08-03,P004,Jus Pisang,9,6.00000000,0.00000000,4.00000000,6.00000000,3.00000000,5.00000000,5.28571429,5.50000000,4.82142857,2.81154084,2.62385506,2.00000000,9.00000000,6.00000000,test,True,aruna-juice-v4.0
2026-08-03,P005,Jus Nanas,16,19.00000000,16.00000000,16.00000000,17.00000000,18.00000000,12.00000000,17.28571429,17.50000000,16.53571429,1.70433621,2.10311125,11.00000000,24.00000000,21.00000000,test,True,aruna-juice-v4.0
2026-08-03,P006,Jus Melon,9,8.00000000,6.00000000,10.00000000,5.00000000,3.00000000,6.00000000,8.71428571,8.35714286,7.78571429,1.60356745,2.34051746,3.00000000,4.00000000,8.00000000,test,True,aruna-juice-v4.0
2026-08-03,P007,Jus Sirsak,13,15.00000000,12.00000000,17.00000000,10.00000000,21.00000000,13.00000000,15.42857143,15.42857143,16.10714286,2.63673680,3.20370664,18.00000000,19.00000000,15.00000000,test,True,aruna-juice-v4.0
2026-08-03,P008,Jus Alpukat,22,15.00000000,13.00000000,14.00000000,20.00000000,14.00000000,14.00000000,15.71428571,17.42857143,17.46428571,3.45032780,4.05186160,20.00000000,24.00000000,14.00000000,test,True,aruna-juice-v4.0
2026-08-03,P009,Jus Stroberi,16,20.00000000,22.00000000,18.00000000,18.00000000,17.00000000,15.00000000,18.71428571,18.71428571,17.64285714,4.19182879,4.81070235,12.00000000,31.00000000,29.00000000,test,True,aruna-juice-v4.0
2026-08-03,P010,Jus Jeruk,13,8.00000000,4.00000000,3.00000000,7.00000000,11.00000000,7.00000000,7.00000000,7.85714286,6.96428571,3.82970843,3.41618642,13.00000000,9.00000000,9.00000000,test,True,aruna-juice-v4.0
2026-08-03,P011,Jus Mangga,23,18.00000000,10.00000000,17.00000000,14.00000000,14.00000000,22.00000000,17.00000000,19.28571429,18.60714286,4.28174419,5.55294200,12.00000000,23.00000000,22.00000000,test,True,aruna-juice-v4.0
2026-08-04,P001,Jus Naga,6,12.00000000,8.00000000,7.00000000,10.00000000,8.00000000,6.00000000,7.71428571,8.35714286,7.82142857,3.19970237,2.76258360,11.00000000,14.00000000,7.00000000,test,True,aruna-juice-v4.0
2026-08-04,P002,Jus Semangka,4,11.00000000,5.00000000,3.00000000,6.00000000,10.00000000,4.00000000,5.85714286,6.35714286,6.03571429,3.23669437,2.76258360,4.00000000,6.00000000,5.00000000,test,True,aruna-juice-v4.0
2026-08-04,P003,Jus Jambu,10,12.00000000,4.00000000,9.00000000,9.00000000,8.00000000,5.00000000,7.71428571,7.57142857,7.50000000,2.87020822,2.76556534,6.00000000,5.00000000,3.00000000,test,True,aruna-juice-v4.0
2026-08-04,P004,Jus Pisang,2,9.00000000,6.00000000,0.00000000,6.00000000,6.00000000,3.00000000,4.71428571,5.21428571,4.78571429,3.03942350,2.77844925,9.00000000,6.00000000,4.00000000,test,True,aruna-juice-v4.0
2026-08-04,P005,Jus Nanas,11,16.00000000,19.00000000,16.00000000,18.00000000,19.00000000,15.00000000,16.28571429,16.92857143,16.39285714,2.87020822,2.67364015,24.00000000,21.00000000,13.00000000,test,True,aruna-juice-v4.0
2026-08-04,P006,Jus Melon,3,9.00000000,8.00000000,6.00000000,11.00000000,8.00000000,8.00000000,7.57142857,8.00000000,7.60714286,2.37045304,2.74562589,4.00000000,8.00000000,6.00000000,test,True,aruna-juice-v4.0
2026-08-04,P007,Jus Sirsak,18,13.00000000,15.00000000,12.00000000,18.00000000,14.00000000,10.00000000,15.42857143,15.71428571,16.39285714,2.63673680,3.24460668,19.00000000,15.00000000,13.00000000,test,True,aruna-juice-v4.0
2026-08-04,P008,Jus Alpukat,20,22.00000000,15.00000000,13.00000000,19.00000000,24.00000000,18.00000000,15.85714286,17.14285714,17.53571429,3.62530787,3.67647705,24.00000000,14.00000000,9.00000000,test,True,aruna-juice-v4.0
2026-08-04,P009,Jus Stroberi,12,16.00000000,20.00000000,22.00000000,25.00000000,18.00000000,10.00000000,16.85714286,18.28571429,17.71428571,3.80475892,5.13552591,31.00000000,29.00000000,11.00000000,test,True,aruna-juice-v4.0
2026-08-04,P010,Jus Jeruk,13,13.00000000,8.00000000,4.00000000,10.00000000,4.00000000,5.00000000,7.42857143,8.50000000,7.25000000,4.35343324,3.48071611,9.00000000,9.00000000,7.00000000,test,True,aruna-juice-v4.0
2026-08-04,P011,Jus Mangga,12,23.00000000,18.00000000,10.00000000,15.00000000,16.00000000,20.00000000,16.57142857,19.00000000,18.32142857,4.64962876,5.83095189,23.00000000,22.00000000,8.00000000,test,True,aruna-juice-v4.0
2026-08-05,P001,Jus Naga,11,6.00000000,12.00000000,8.00000000,2.00000000,10.00000000,7.00000000,9.00000000,8.42857143,7.96428571,2.16024690,2.82064602,14.00000000,7.00000000,6.00000000,test,True,aruna-juice-v4.0
2026-08-05,P002,Jus Semangka,4,4.00000000,11.00000000,5.00000000,4.00000000,6.00000000,2.00000000,5.85714286,6.21428571,6.10714286,3.23669437,2.83327947,6.00000000,5.00000000,9.00000000,test,True,aruna-juice-v4.0
2026-08-05,P003,Jus Jambu,6,10.00000000,12.00000000,4.00000000,6.00000000,3.00000000,7.00000000,7.71428571,7.78571429,7.46428571,2.87020822,2.48622579,5.00000000,3.00000000,11.00000000,test,True,aruna-juice-v4.0
2026-08-05,P004,Jus Pisang,9,2.00000000,9.00000000,6.00000000,5.00000000,2.00000000,2.00000000,5.28571429,5.71428571,5.03571429,3.45032780,2.78536205,6.00000000,4.00000000,4.00000000,test,True,aruna-juice-v4.0
2026-08-05,P005,Jus Nanas,24,11.00000000,16.00000000,19.00000000,20.00000000,16.00000000,10.00000000,16.85714286,17.50000000,16.89285714,3.93397896,3.25221818,21.00000000,13.00000000,16.00000000,test,True,aruna-juice-v4.0
2026-08-05,P006,Jus Melon,4,3.00000000,9.00000000,8.00000000,8.00000000,7.00000000,4.00000000,7.00000000,7.78571429,7.60714286,2.70801280,2.93987366,8.00000000,6.00000000,9.00000000,test,True,aruna-juice-v4.0
2026-08-05,P007,Jus Sirsak,19,18.00000000,13.00000000,15.00000000,19.00000000,16.00000000,7.00000000,15.42857143,15.92857143,16.82142857,2.63673680,3.36187415,15.00000000,13.00000000,18.00000000,test,True,aruna-juice-v4.0
2026-08-05,P008,Jus Alpukat,24,20.00000000,22.00000000,15.00000000,13.00000000,14.00000000,9.00000000,17.42857143,17.85714286,18.07142857,4.46680881,3.97796126,14.00000000,9.00000000,15.00000000,test,True,aruna-juice-v4.0
2026-08-05,P009,Jus Stroberi,31,12.00000000,16.00000000,20.00000000,12.00000000,22.00000000,10.00000000,19.57142857,18.92857143,18.46428571,5.94017797,6.10755252,29.00000000,11.00000000,19.00000000,test,True,aruna-juice-v4.0
2026-08-05,P010,Jus Jeruk,9,13.00000000,13.00000000,8.00000000,3.00000000,7.00000000,0.00000000,8.28571429,8.64285714,7.57142857,3.90360029,3.45536690,9.00000000,7.00000000,5.00000000,test,True,aruna-juice-v4.0
2026-08-05,P011,Jus Mangga,23,12.00000000,23.00000000,18.00000000,21.00000000,19.00000000,16.00000000,16.85714286,19.28571429,18.57142857,5.01426536,5.92814112,22.00000000,8.00000000,6.00000000,test,True,aruna-juice-v4.0
2026-08-06,P001,Jus Naga,14,11.00000000,6.00000000,12.00000000,9.00000000,7.00000000,8.00000000,9.71428571,8.92857143,8.17857143,2.87020822,3.14921933,7.00000000,6.00000000,10.00000000,test,True,aruna-juice-v4.0
2026-08-06,P002,Jus Semangka,6,4.00000000,4.00000000,11.00000000,10.00000000,6.00000000,6.00000000,5.28571429,6.21428571,6.10714286,2.69037084,2.83327947,5.00000000,9.00000000,1.00000000,test,True,aruna-juice-v4.0
2026-08-06,P003,Jus Jambu,5,6.00000000,10.00000000,12.00000000,8.00000000,6.00000000,9.00000000,7.28571429,7.71428571,7.32142857,3.03942350,2.55489188,3.00000000,11.00000000,4.00000000,test,True,aruna-juice-v4.0
2026-08-06,P004,Jus Pisang,6,9.00000000,2.00000000,9.00000000,7.00000000,6.00000000,6.00000000,5.14285714,5.71428571,5.03571429,3.38765265,2.78536205,4.00000000,4.00000000,4.00000000,test,True,aruna-juice-v4.0
2026-08-06,P005,Jus Nanas,21,24.00000000,11.00000000,16.00000000,16.00000000,19.00000000,21.00000000,17.57142857,17.64285714,16.89285714,4.19750493,3.36514128,13.00000000,16.00000000,14.00000000,test,True,aruna-juice-v4.0
2026-08-06,P006,Jus Melon,8,4.00000000,3.00000000,9.00000000,9.00000000,11.00000000,5.00000000,6.85714286,7.57142857,7.71428571,2.60950643,2.79324145,6.00000000,9.00000000,7.00000000,test,True,aruna-juice-v4.0
2026-08-06,P007,Jus Sirsak,15,19.00000000,18.00000000,13.00000000,14.00000000,20.00000000,19.00000000,15.57142857,15.57142857,16.67857143,2.57275098,3.15531995,13.00000000,18.00000000,10.00000000,test,True,aruna-juice-v4.0
2026-08-06,P008,Jus Alpukat,14,24.00000000,20.00000000,22.00000000,14.00000000,17.00000000,17.00000000,17.42857143,17.64285714,17.96428571,4.46680881,4.10641417,9.00000000,15.00000000,9.00000000,test,True,aruna-juice-v4.0
2026-08-06,P009,Jus Stroberi,29,31.00000000,12.00000000,16.00000000,18.00000000,28.00000000,23.00000000,21.14285714,19.00000000,18.67857143,6.84174859,6.22649426,11.00000000,19.00000000,20.00000000,test,True,aruna-juice-v4.0
2026-08-06,P010,Jus Jeruk,9,9.00000000,13.00000000,13.00000000,8.00000000,10.00000000,2.00000000,8.42857143,8.57142857,7.82142857,3.90969491,3.43543270,7.00000000,5.00000000,5.00000000,test,True,aruna-juice-v4.0
2026-08-06,P011,Jus Mangga,22,23.00000000,12.00000000,23.00000000,15.00000000,25.00000000,13.00000000,17.85714286,19.07142857,18.89285714,5.27347360,5.75746052,8.00000000,6.00000000,13.00000000,test,True,aruna-juice-v4.0
2026-08-07,P001,Jus Naga,7,14.00000000,11.00000000,6.00000000,10.00000000,6.00000000,10.00000000,9.28571429,9.00000000,8.07142857,3.03942350,3.08843998,6.00000000,10.00000000,8.00000000,test,True,aruna-juice-v4.0
2026-08-07,P002,Jus Semangka,5,6.00000000,4.00000000,4.00000000,4.00000000,6.00000000,5.00000000,5.42857143,6.14285714,6.10714286,2.63673680,2.85164306,9.00000000,1.00000000,4.00000000,test,True,aruna-juice-v4.0
2026-08-07,P003,Jus Jambu,3,5.00000000,6.00000000,10.00000000,5.00000000,6.00000000,6.00000000,7.00000000,7.50000000,7.21428571,3.36650165,2.82161983,11.00000000,4.00000000,8.00000000,test,True,aruna-juice-v4.0
2026-08-07,P004,Jus Pisang,4,6.00000000,9.00000000,2.00000000,4.00000000,7.00000000,5.00000000,5.14285714,5.50000000,5.00000000,3.38765265,2.79422481,4.00000000,4.00000000,10.00000000,test,True,aruna-juice-v4.0
2026-08-07,P005,Jus Nanas,13,21.00000000,24.00000000,11.00000000,16.00000000,22.00000000,19.00000000,17.14285714,17.00000000,16.67857143,4.52506248,3.32820118,16.00000000,14.00000000,12.00000000,test,True,aruna-juice-v4.0
2026-08-07,P006,Jus Melon,6,8.00000000,4.00000000,3.00000000,10.00000000,5.00000000,12.00000000,6.28571429,7.64285714,7.50000000,2.21466971,2.73459722,9.00000000,7.00000000,4.00000000,test,True,aruna-juice-v4.0
2026-08-07,P007,Jus Sirsak,13,15.00000000,19.00000000,18.00000000,17.00000000,11.00000000,13.00000000,15.00000000,15.71428571,16.67857143,2.64575131,2.97240052,18.00000000,10.00000000,18.00000000,test,True,aruna-juice-v4.0
2026-08-07,P008,Jus Alpukat,9,14.00000000,24.00000000,20.00000000,14.00000000,18.00000000,14.00000000,16.71428571,17.00000000,17.78571429,5.40722621,4.70678724,15.00000000,9.00000000,19.00000000,test,True,aruna-juice-v4.0
2026-08-07,P009,Jus Stroberi,11,29.00000000,31.00000000,12.00000000,18.00000000,9.00000000,13.00000000,20.14285714,19.14285714,18.60714286,7.81938982,5.99816822,19.00000000,20.00000000,20.00000000,test,True,aruna-juice-v4.0
2026-08-07,P010,Jus Jeruk,7,9.00000000,9.00000000,13.00000000,3.00000000,11.00000000,8.00000000,9.00000000,8.28571429,7.78571429,3.21455025,3.38386605,5.00000000,5.00000000,6.00000000,test,True,aruna-juice-v4.0
2026-08-07,P011,Jus Mangga,8,22.00000000,23.00000000,12.00000000,17.00000000,31.00000000,15.00000000,16.57142857,17.42857143,18.64285714,6.47706577,5.35959651,6.00000000,13.00000000,24.00000000,test,True,aruna-juice-v4.0
2026-08-08,P001,Jus Naga,6,7.00000000,14.00000000,11.00000000,7.00000000,13.00000000,9.00000000,9.14285714,8.50000000,7.96428571,3.18478526,2.95478751,10.00000000,8.00000000,12.00000000,test,True,aruna-juice-v4.0
2026-08-08,P002,Jus Semangka,9,5.00000000,6.00000000,4.00000000,3.00000000,12.00000000,3.00000000,6.28571429,5.92857143,6.32142857,2.69037084,2.46402690,1.00000000,4.00000000,11.00000000,test,True,aruna-juice-v4.0
2026-08-08,P003,Jus Jambu,11,3.00000000,5.00000000,6.00000000,9.00000000,12.00000000,14.00000000,7.28571429,7.42857143,7.10714286,3.63841933,2.70936512,4.00000000,8.00000000,4.00000000,test,True,aruna-juice-v4.0
2026-08-08,P004,Jus Pisang,4,4.00000000,6.00000000,9.00000000,0.00000000,10.00000000,4.00000000,5.71428571,5.07142857,5.00000000,2.62769136,2.49505004,4.00000000,10.00000000,6.00000000,test,True,aruna-juice-v4.0
2026-08-08,P005,Jus Nanas,16,13.00000000,21.00000000,24.00000000,16.00000000,14.00000000,15.00000000,17.14285714,17.14285714,16.71428571,4.52506248,3.23103086,14.00000000,12.00000000,17.00000000,test,True,aruna-juice-v4.0
2026-08-08,P006,Jus Melon,9,6.00000000,8.00000000,4.00000000,6.00000000,7.00000000,6.00000000,6.71428571,7.78571429,7.60714286,2.42997159,2.75062430,7.00000000,4.00000000,6.00000000,test,True,aruna-juice-v4.0
2026-08-08,P007,Jus Sirsak,18,13.00000000,15.00000000,19.00000000,12.00000000,19.00000000,15.00000000,15.85714286,15.64285714,16.78571429,2.47847880,2.89846492,10.00000000,18.00000000,14.00000000,test,True,aruna-juice-v4.0
2026-08-08,P008,Jus Alpukat,15,9.00000000,14.00000000,24.00000000,13.00000000,25.00000000,16.00000000,17.00000000,16.28571429,17.75000000,5.22812905,4.12177280,9.00000000,19.00000000,15.00000000,test,True,aruna-juice-v4.0
2026-08-08,P009,Jus Stroberi,19,11.00000000,29.00000000,31.00000000,22.00000000,19.00000000,21.00000000,19.71428571,19.14285714,18.53571429,7.78276484,5.99816822,20.00000000,20.00000000,21.00000000,test,True,aruna-juice-v4.0
2026-08-08,P010,Jus Jeruk,5,7.00000000,9.00000000,9.00000000,4.00000000,13.00000000,5.00000000,9.14285714,7.71428571,7.78571429,2.96808420,3.19683910,5.00000000,6.00000000,8.00000000,test,True,aruna-juice-v4.0
2026-08-08,P011,Jus Mangga,6,8.00000000,22.00000000,23.00000000,10.00000000,20.00000000,23.00000000,16.00000000,16.42857143,18.03571429,7.28010989,6.09809915,13.00000000,24.00000000,19.00000000,test,True,aruna-juice-v4.0
2026-08-09,P001,Jus Naga,10,6.00000000,7.00000000,14.00000000,8.00000000,9.00000000,11.00000000,9.42857143,8.57142857,7.92857143,3.15473944,2.97978537,8.00000000,12.00000000,8.00000000,test,True,aruna-juice-v4.0
2026-08-09,P002,Jus Semangka,1,9.00000000,5.00000000,6.00000000,5.00000000,5.00000000,5.00000000,5.71428571,5.64285714,6.17857143,3.35232684,2.79028928,4.00000000,11.00000000,10.00000000,test,True,aruna-juice-v4.0
2026-08-09,P003,Jus Jambu,4,11.00000000,3.00000000,5.00000000,4.00000000,9.00000000,3.00000000,7.28571429,7.07142857,7.14285714,3.63841933,2.81381990,8.00000000,4.00000000,9.00000000,test,True,aruna-juice-v4.0
2026-08-09,P004,Jus Pisang,4,4.00000000,4.00000000,6.00000000,6.00000000,3.00000000,2.00000000,5.42857143,5.14285714,5.07142857,2.69920623,2.44499938,10.00000000,6.00000000,1.00000000,test,True,aruna-juice-v4.0
2026-08-09,P005,Jus Nanas,14,16.00000000,13.00000000,21.00000000,19.00000000,17.00000000,20.00000000,16.42857143,16.92857143,16.50000000,4.57737708,3.33891474,12.00000000,17.00000000,17.00000000,test,True,aruna-juice-v4.0
2026-08-09,P006,Jus Melon,7,9.00000000,6.00000000,8.00000000,8.00000000,13.00000000,9.00000000,6.57142857,7.35714286,7.53571429,2.37045304,2.30741757,4.00000000,6.00000000,6.00000000,test,True,aruna-juice-v4.0
2026-08-09,P007,Jus Sirsak,10,18.00000000,13.00000000,15.00000000,15.00000000,18.00000000,16.00000000,15.14285714,15.07142857,16.57142857,3.33809184,3.17355141,18.00000000,14.00000000,13.00000000,test,True,aruna-juice-v4.0
2026-08-09,P008,Jus Alpukat,9,15.00000000,9.00000000,14.00000000,15.00000000,16.00000000,22.00000000,16.14285714,15.78571429,17.28571429,6.03955218,4.56034026,19.00000000,15.00000000,8.00000000,test,True,aruna-juice-v4.0
2026-08-09,P009,Jus Stroberi,20,19.00000000,11.00000000,29.00000000,20.00000000,17.00000000,16.00000000,19.71428571,19.35714286,18.67857143,7.78276484,5.96924351,20.00000000,21.00000000,17.00000000,test,True,aruna-juice-v4.0
2026-08-09,P010,Jus Jeruk,5,5.00000000,7.00000000,9.00000000,8.00000000,9.00000000,6.00000000,8.71428571,7.42857143,7.75000000,3.35232684,3.25137334,6.00000000,8.00000000,3.00000000,test,True,aruna-juice-v4.0
2026-08-09,P011,Jus Mangga,13,6.00000000,8.00000000,22.00000000,18.00000000,26.00000000,25.00000000,15.28571429,15.50000000,17.60714286,7.29644401,5.48774859,24.00000000,19.00000000,10.00000000,test,True,aruna-juice-v4.0
2026-08-10,P001,Jus Naga,8,10.00000000,6.00000000,7.00000000,12.00000000,8.00000000,7.00000000,8.85714286,8.57142857,7.96428571,2.96808420,2.97978537,12.00000000,8.00000000,8.00000000,test,True,aruna-juice-v4.0
2026-08-10,P002,Jus Semangka,4,1.00000000,9.00000000,5.00000000,11.00000000,7.00000000,7.00000000,4.71428571,5.42857143,6.07142857,2.42997159,2.79324145,11.00000000,10.00000000,10.00000000,test,True,aruna-juice-v4.0
2026-08-10,P003,Jus Jambu,8,4.00000000,11.00000000,3.00000000,12.00000000,7.00000000,9.00000000,6.71428571,7.14285714,7.10714286,3.03942350,2.82453925,4.00000000,9.00000000,11.00000000,test,True,aruna-juice-v4.0
2026-08-10,P004,Jus Pisang,10,4.00000000,4.00000000,4.00000000,9.00000000,6.00000000,4.00000000,5.57142857,5.42857143,5.28571429,2.93582146,2.76556534,6.00000000,1.00000000,11.00000000,test,True,aruna-juice-v4.0
2026-08-10,P005,Jus Nanas,12,14.00000000,16.00000000,13.00000000,16.00000000,17.00000000,18.00000000,15.85714286,16.57142857,16.28571429,4.87950036,3.58874921,17.00000000,17.00000000,13.00000000,test,True,aruna-juice-v4.0
2026-08-10,P006,Jus Melon,4,7.00000000,9.00000000,6.00000000,9.00000000,5.00000000,5.00000000,5.85714286,7.28571429,7.50000000,2.26778684,2.39963367,6.00000000,6.00000000,6.00000000,test,True,aruna-juice-v4.0
2026-08-10,P007,Jus Sirsak,18,10.00000000,18.00000000,13.00000000,13.00000000,10.00000000,17.00000000,15.85714286,15.64285714,16.60714286,3.33809184,2.89846492,14.00000000,13.00000000,30.00000000,test,True,aruna-juice-v4.0
2026-08-10,P008,Jus Alpukat,19,9.00000000,15.00000000,9.00000000,22.00000000,20.00000000,19.00000000,15.71428571,15.71428571,17.28571429,5.64843004,4.49664099,15.00000000,8.00000000,20.00000000,test,True,aruna-juice-v4.0
2026-08-10,P009,Jus Stroberi,20,20.00000000,19.00000000,11.00000000,16.00000000,18.00000000,22.00000000,20.28571429,19.50000000,18.60714286,7.60951785,5.95818764,21.00000000,17.00000000,21.00000000,test,True,aruna-juice-v4.0
2026-08-10,P010,Jus Jeruk,6,5.00000000,5.00000000,7.00000000,13.00000000,7.00000000,6.00000000,7.71428571,7.35714286,7.75000000,2.87020822,3.27242895,8.00000000,3.00000000,4.00000000,test,True,aruna-juice-v4.0
2026-08-10,P011,Jus Mangga,24,13.00000000,6.00000000,8.00000000,23.00000000,14.00000000,19.00000000,15.42857143,16.21428571,17.78571429,7.48013242,5.91189897,19.00000000,10.00000000,27.00000000,test,True,aruna-juice-v4.0
2026-08-11,P001,Jus Naga,12,8.00000000,10.00000000,6.00000000,6.00000000,10.00000000,6.00000000,9.71428571,8.71428571,8.17857143,2.87020822,3.09909593,8.00000000,8.00000000,6.00000000,test,True,aruna-juice-v4.0
2026-08-11,P002,Jus Semangka,11,4.00000000,1.00000000,9.00000000,4.00000000,6.00000000,7.00000000,5.71428571,5.78571429,6.21428571,3.35232684,3.16661847,10.00000000,10.00000000,7.00000000,test,True,aruna-juice-v4.0
2026-08-11,P003,Jus Jambu,4,8.00000000,4.00000000,11.00000000,10.00000000,9.00000000,5.00000000,5.85714286,6.78571429,7.07142857,2.79455252,2.88706855,9.00000000,11.00000000,11.00000000,test,True,aruna-juice-v4.0
2026-08-11,P004,Jus Pisang,6,10.00000000,4.00000000,4.00000000,2.00000000,6.00000000,10.00000000,6.14285714,5.42857143,5.14285714,2.47847880,2.76556534,1.00000000,11.00000000,3.00000000,test,True,aruna-juice-v4.0
2026-08-11,P005,Jus Nanas,17,12.00000000,14.00000000,16.00000000,11.00000000,18.00000000,13.00000000,16.71428571,16.50000000,16.42857143,4.38612531,3.56802035,17.00000000,13.00000000,16.00000000,test,True,aruna-juice-v4.0
2026-08-11,P006,Jus Melon,6,4.00000000,7.00000000,9.00000000,3.00000000,11.00000000,8.00000000,6.28571429,6.92857143,7.42857143,1.88982237,2.16490489,6.00000000,6.00000000,6.00000000,test,True,aruna-juice-v4.0
2026-08-11,P007,Jus Sirsak,14,18.00000000,10.00000000,18.00000000,18.00000000,18.00000000,25.00000000,15.28571429,15.35714286,16.21428571,3.25137334,2.84489131,13.00000000,30.00000000,15.00000000,test,True,aruna-juice-v4.0
2026-08-11,P008,Jus Alpukat,15,19.00000000,9.00000000,15.00000000,20.00000000,19.00000000,26.00000000,15.00000000,15.42857143,16.89285714,5.32290647,4.39780165,8.00000000,20.00000000,29.00000000,test,True,aruna-juice-v4.0
2026-08-11,P009,Jus Stroberi,21,20.00000000,20.00000000,19.00000000,12.00000000,25.00000000,15.00000000,21.57142857,19.21428571,18.82142857,6.67974907,5.76699590,17.00000000,21.00000000,10.00000000,test,True,aruna-juice-v4.0
2026-08-11,P010,Jus Jeruk,8,6.00000000,5.00000000,5.00000000,13.00000000,10.00000000,5.00000000,7.00000000,7.21428571,7.85714286,1.73205081,3.19081787,3.00000000,4.00000000,8.00000000,test,True,aruna-juice-v4.0
2026-08-11,P011,Jus Mangga,19,24.00000000,13.00000000,6.00000000,12.00000000,15.00000000,23.00000000,16.42857143,16.50000000,17.64285714,7.41298732,5.94526314,10.00000000,27.00000000,20.00000000,test,True,aruna-juice-v4.0
2026-08-12,P001,Jus Naga,8,12.00000000,8.00000000,10.00000000,11.00000000,2.00000000,6.00000000,9.28571429,9.14285714,8.25000000,2.87020822,2.44499938,8.00000000,6.00000000,8.00000000,test,True,aruna-juice-v4.0
2026-08-12,P002,Jus Semangka,10,11.00000000,4.00000000,1.00000000,4.00000000,4.00000000,6.00000000,6.57142857,6.21428571,6.35714286,3.59894164,3.30916144,10.00000000,7.00000000,9.00000000,test,True,aruna-juice-v4.0
2026-08-12,P003,Jus Jambu,9,4.00000000,8.00000000,4.00000000,6.00000000,6.00000000,6.00000000,6.28571429,7.00000000,7.17857143,3.03942350,2.93519754,11.00000000,11.00000000,11.00000000,test,True,aruna-juice-v4.0
2026-08-12,P004,Jus Pisang,1,6.00000000,10.00000000,4.00000000,9.00000000,5.00000000,10.00000000,5.00000000,5.14285714,4.82142857,2.76887462,3.00914357,11.00000000,3.00000000,7.00000000,test,True,aruna-juice-v4.0
2026-08-12,P005,Jus Nanas,17,17.00000000,12.00000000,14.00000000,24.00000000,20.00000000,15.00000000,15.71428571,16.28571429,16.50000000,3.03942350,3.42902927,13.00000000,16.00000000,21.00000000,test,True,aruna-juice-v4.0
2026-08-12,P006,Jus Melon,6,6.00000000,4.00000000,7.00000000,4.00000000,8.00000000,9.00000000,6.57142857,6.78571429,7.32142857,1.61834719,2.15472902,6.00000000,6.00000000,6.00000000,test,True,aruna-juice-v4.0
2026-08-12,P007,Jus Sirsak,13,14.00000000,18.00000000,10.00000000,19.00000000,19.00000000,18.00000000,14.42857143,14.92857143,16.03571429,2.87849167,2.70225791,30.00000000,15.00000000,19.00000000,test,True,aruna-juice-v4.0
2026-08-12,P008,Jus Alpukat,8,15.00000000,19.00000000,9.00000000,24.00000000,13.00000000,20.00000000,12.71428571,15.07142857,16.46428571,4.11154009,4.79525865,20.00000000,29.00000000,18.00000000,test,True,aruna-juice-v4.0
2026-08-12,P009,Jus Stroberi,17,21.00000000,20.00000000,20.00000000,31.00000000,12.00000000,23.00000000,19.57142857,19.57142857,18.60714286,5.34967734,5.43088441,21.00000000,10.00000000,13.00000000,test,True,aruna-juice-v4.0
2026-08-12,P010,Jus Jeruk,3,8.00000000,6.00000000,5.00000000,9.00000000,3.00000000,7.00000000,6.14285714,7.21428571,7.71428571,2.03540098,3.19081787,4.00000000,8.00000000,6.00000000,test,True,aruna-juice-v4.0
2026-08-12,P011,Jus Mangga,10,19.00000000,24.00000000,13.00000000,23.00000000,21.00000000,15.00000000,14.57142857,15.71428571,17.46428571,7.11470643,6.03105516,27.00000000,20.00000000,25.00000000,test,True,aruna-juice-v4.0
2026-08-13,P001,Jus Naga,8,8.00000000,12.00000000,8.00000000,14.00000000,9.00000000,7.00000000,8.42857143,9.07142857,8.28571429,1.98805959,2.46402690,6.00000000,8.00000000,15.00000000,test,True,aruna-juice-v4.0
2026-08-13,P002,Jus Semangka,10,10.00000000,11.00000000,4.00000000,6.00000000,10.00000000,7.00000000,7.14285714,6.21428571,6.46428571,3.80475892,3.30916144,7.00000000,9.00000000,6.00000000,test,True,aruna-juice-v4.0
2026-08-13,P003,Jus Jambu,11,9.00000000,4.00000000,8.00000000,5.00000000,8.00000000,5.00000000,7.14285714,7.21428571,7.39285714,3.43649877,3.11765621,11.00000000,11.00000000,7.00000000,test,True,aruna-juice-v4.0
2026-08-13,P004,Jus Pisang,11,1.00000000,6.00000000,10.00000000,6.00000000,7.00000000,2.00000000,5.71428571,5.42857143,5.14285714,3.59231985,3.36758954,3.00000000,7.00000000,8.00000000,test,True,aruna-juice-v4.0
2026-08-13,P005,Jus Nanas,13,17.00000000,17.00000000,12.00000000,21.00000000,16.00000000,20.00000000,14.57142857,16.07142857,16.25000000,2.07019668,3.54019308,16.00000000,21.00000000,21.00000000,test,True,aruna-juice-v4.0
2026-08-13,P006,Jus Melon,6,6.00000000,6.00000000,4.00000000,8.00000000,9.00000000,4.00000000,6.28571429,6.57142857,7.39285714,1.49602648,2.06488166,6.00000000,6.00000000,10.00000000,test,True,aruna-juice-v4.0
2026-08-13,P007,Jus Sirsak,30,13.00000000,14.00000000,18.00000000,15.00000000,14.00000000,31.00000000,16.57142857,16.07142857,16.00000000,6.57918797,4.82723501,15.00000000,19.00000000,23.00000000,test,True,aruna-juice-v4.0
2026-08-13,P008,Jus Alpukat,20,8.00000000,15.00000000,19.00000000,14.00000000,14.00000000,21.00000000,13.57142857,15.50000000,16.42857143,4.96175852,4.95751178,29.00000000,18.00000000,25.00000000,test,True,aruna-juice-v4.0
2026-08-13,P009,Jus Stroberi,21,17.00000000,21.00000000,20.00000000,29.00000000,18.00000000,19.00000000,18.42857143,19.78571429,18.67857143,3.55232989,5.42329124,10.00000000,13.00000000,20.00000000,test,True,aruna-juice-v4.0
2026-08-13,P010,Jus Jeruk,4,3.00000000,8.00000000,6.00000000,9.00000000,8.00000000,11.00000000,5.42857143,6.92857143,7.46428571,1.71824939,3.29251566,8.00000000,6.00000000,4.00000000,test,True,aruna-juice-v4.0
2026-08-13,P011,Jus Mangga,27,10.00000000,19.00000000,24.00000000,22.00000000,15.00000000,18.00000000,15.28571429,16.57142857,17.78571429,8.15913161,6.73354731,20.00000000,25.00000000,15.00000000,test,True,aruna-juice-v4.0
2026-08-14,P001,Jus Naga,6,8.00000000,8.00000000,12.00000000,7.00000000,10.00000000,5.00000000,8.28571429,8.78571429,8.32142857,2.13808994,2.57737408,8.00000000,15.00000000,7.00000000,test,True,aruna-juice-v4.0
2026-08-14,P002,Jus Semangka,7,10.00000000,10.00000000,11.00000000,5.00000000,4.00000000,6.00000000,7.42857143,6.42857143,6.50000000,3.69039938,3.25137334,9.00000000,6.00000000,6.00000000,test,True,aruna-juice-v4.0
2026-08-14,P003,Jus Jambu,11,11.00000000,9.00000000,4.00000000,3.00000000,5.00000000,7.00000000,8.28571429,7.64285714,7.53571429,3.14718317,3.20113304,11.00000000,7.00000000,8.00000000,test,True,aruna-juice-v4.0
2026-08-14,P004,Jus Pisang,3,11.00000000,1.00000000,6.00000000,4.00000000,4.00000000,4.00000000,5.57142857,5.35714286,5.10714286,3.69039938,3.41055247,7.00000000,8.00000000,4.00000000,test,True,aruna-juice-v4.0
2026-08-14,P005,Jus Nanas,16,13.00000000,17.00000000,17.00000000,13.00000000,16.00000000,10.00000000,15.00000000,16.07142857,16.46428571,2.00000000,3.54019308,21.00000000,21.00000000,16.00000000,test,True,aruna-juice-v4.0
2026-08-14,P006,Jus Melon,6,6.00000000,6.00000000,6.00000000,6.00000000,10.00000000,8.00000000,6.28571429,6.28571429,7.32142857,1.49602648,1.81568260,6.00000000,10.00000000,2.00000000,test,True,aruna-juice-v4.0
2026-08-14,P007,Jus Sirsak,15,30.00000000,13.00000000,14.00000000,13.00000000,17.00000000,9.00000000,16.85714286,15.92857143,16.21428571,6.44020112,4.82723501,19.00000000,23.00000000,13.00000000,test,True,aruna-juice-v4.0
2026-08-14,P008,Jus Alpukat,29,20.00000000,8.00000000,15.00000000,9.00000000,14.00000000,16.00000000,16.42857143,16.57142857,16.89285714,7.16140449,6.09809915,18.00000000,25.00000000,16.00000000,test,True,aruna-juice-v4.0
2026-08-14,P009,Jus Stroberi,10,21.00000000,17.00000000,21.00000000,11.00000000,18.00000000,16.00000000,18.28571429,19.21428571,18.46428571,3.90360029,6.01509091,13.00000000,20.00000000,11.00000000,test,True,aruna-juice-v4.0
2026-08-14,P010,Jus Jeruk,8,4.00000000,3.00000000,8.00000000,7.00000000,3.00000000,8.00000000,5.57142857,7.28571429,7.46428571,1.90237946,3.09909593,6.00000000,4.00000000,6.00000000,test,True,aruna-juice-v4.0
2026-08-14,P011,Jus Mangga,20,27.00000000,10.00000000,19.00000000,8.00000000,17.00000000,14.00000000,17.00000000,16.78571429,18.00000000,7.61577311,6.79568383,25.00000000,15.00000000,17.00000000,test,True,aruna-juice-v4.0
2026-08-15,P001,Jus Naga,8,6.00000000,8.00000000,8.00000000,6.00000000,7.00000000,5.00000000,8.57142857,8.85714286,8.42857143,1.90237946,2.53762890,15.00000000,7.00000000,8.00000000,test,True,aruna-juice-v4.0
2026-08-15,P002,Jus Semangka,9,7.00000000,10.00000000,10.00000000,9.00000000,3.00000000,5.00000000,7.42857143,6.85714286,6.64285714,3.69039938,3.15880072,6.00000000,6.00000000,3.00000000,test,True,aruna-juice-v4.0
2026-08-15,P003,Jus Jambu,11,11.00000000,11.00000000,9.00000000,11.00000000,9.00000000,9.00000000,8.28571429,7.78571429,7.60714286,3.14718317,3.30916144,7.00000000,8.00000000,6.00000000,test,True,aruna-juice-v4.0
2026-08-15,P004,Jus Pisang,7,3.00000000,11.00000000,1.00000000,4.00000000,0.00000000,1.00000000,6.00000000,5.85714286,5.32142857,3.65148372,3.05984270,8.00000000,4.00000000,5.00000000,test,True,aruna-juice-v4.0
2026-08-15,P005,Jus Nanas,21,16.00000000,13.00000000,17.00000000,16.00000000,16.00000000,6.00000000,15.71428571,16.42857143,17.00000000,3.03942350,3.77673619,21.00000000,16.00000000,17.00000000,test,True,aruna-juice-v4.0
2026-08-15,P006,Jus Melon,6,6.00000000,6.00000000,6.00000000,9.00000000,6.00000000,13.00000000,5.85714286,6.28571429,7.07142857,0.89973541,1.81568260,10.00000000,2.00000000,8.00000000,test,True,aruna-juice-v4.0
2026-08-15,P007,Jus Sirsak,19,15.00000000,30.00000000,13.00000000,18.00000000,12.00000000,13.00000000,17.00000000,16.42857143,16.42857143,6.48074070,4.75093976,23.00000000,13.00000000,18.00000000,test,True,aruna-juice-v4.0
2026-08-15,P008,Jus Alpukat,18,29.00000000,20.00000000,8.00000000,15.00000000,13.00000000,11.00000000,16.85714286,16.92857143,17.14285714,7.15142343,6.01874362,25.00000000,16.00000000,18.00000000,test,True,aruna-juice-v4.0
2026-08-15,P009,Jus Stroberi,13,10.00000000,21.00000000,17.00000000,19.00000000,22.00000000,11.00000000,17.42857143,18.57142857,18.53571429,4.35343324,6.17332083,20.00000000,11.00000000,17.00000000,test,True,aruna-juice-v4.0
2026-08-15,P010,Jus Jeruk,6,8.00000000,4.00000000,3.00000000,5.00000000,4.00000000,3.00000000,5.71428571,7.42857143,7.57142857,1.88982237,2.97978537,4.00000000,6.00000000,8.00000000,test,True,aruna-juice-v4.0
2026-08-15,P011,Jus Mangga,25,20.00000000,27.00000000,10.00000000,6.00000000,10.00000000,20.00000000,19.71428571,17.85714286,18.17857143,6.31702160,6.82593632,15.00000000,17.00000000,20.00000000,test,True,aruna-juice-v4.0
2026-08-16,P001,Jus Naga,15,8.00000000,6.00000000,8.00000000,10.00000000,8.00000000,9.00000000,9.28571429,9.35714286,8.64285714,3.09377255,3.00274600,7.00000000,8.00000000,13.00000000,test,True,aruna-juice-v4.0
2026-08-16,P002,Jus Semangka,6,9.00000000,7.00000000,10.00000000,1.00000000,5.00000000,2.00000000,8.14285714,6.92857143,6.78571429,2.54483604,3.12469779,6.00000000,3.00000000,5.00000000,test,True,aruna-juice-v4.0
2026-08-16,P003,Jus Jambu,7,11.00000000,11.00000000,11.00000000,4.00000000,4.00000000,10.00000000,8.71428571,8.00000000,7.50000000,2.62769136,3.13785816,8.00000000,6.00000000,15.00000000,test,True,aruna-juice-v4.0
2026-08-16,P004,Jus Pisang,8,7.00000000,3.00000000,11.00000000,4.00000000,6.00000000,2.00000000,6.57142857,6.00000000,5.53571429,3.59894164,3.11324713,4.00000000,5.00000000,2.00000000,test,True,aruna-juice-v4.0
2026-08-16,P005,Jus Nanas,21,21.00000000,16.00000000,13.00000000,14.00000000,19.00000000,18.00000000,16.71428571,16.57142857,17.10714286,3.49829891,3.91671538,16.00000000,17.00000000,15.00000000,test,True,aruna-juice-v4.0
2026-08-16,P006,Jus Melon,10,6.00000000,6.00000000,6.00000000,7.00000000,8.00000000,7.00000000,6.28571429,6.42857143,7.17857143,1.79947082,2.02728639,2.00000000,8.00000000,10.00000000,test,True,aruna-juice-v4.0
2026-08-16,P007,Jus Sirsak,23,19.00000000,15.00000000,30.00000000,10.00000000,15.00000000,21.00000000,18.85714286,17.00000000,16.50000000,5.98410593,5.03831474,13.00000000,18.00000000,20.00000000,test,True,aruna-juice-v4.0
2026-08-16,P008,Jus Alpukat,25,18.00000000,29.00000000,20.00000000,9.00000000,15.00000000,22.00000000,19.14285714,17.64285714,17.25000000,6.76827333,6.35618588,16.00000000,18.00000000,18.00000000,test,True,aruna-juice-v4.0
2026-08-16,P009,Jus Stroberi,20,13.00000000,10.00000000,21.00000000,20.00000000,20.00000000,16.00000000,17.42857143,18.57142857,18.67857143,4.35343324,6.17332083,11.00000000,17.00000000,14.00000000,test,True,aruna-juice-v4.0
2026-08-16,P010,Jus Jeruk,4,6.00000000,8.00000000,4.00000000,5.00000000,8.00000000,8.00000000,5.57142857,7.14285714,7.42857143,1.98805959,3.10971537,6.00000000,8.00000000,8.00000000,test,True,aruna-juice-v4.0
2026-08-16,P011,Jus Mangga,15,25.00000000,20.00000000,27.00000000,13.00000000,18.00000000,16.00000000,20.00000000,17.64285714,18.14285714,6.00000000,6.86806593,17.00000000,20.00000000,14.00000000,test,True,aruna-juice-v4.0
2026-08-17,P001,Jus Naga,7,15.00000000,8.00000000,6.00000000,8.00000000,12.00000000,4.00000000,9.14285714,9.00000000,8.75000000,3.18478526,2.96128870,8.00000000,13.00000000,3.00000000,test,True,aruna-juice-v4.0
2026-08-17,P002,Jus Semangka,6,6.00000000,9.00000000,7.00000000,4.00000000,11.00000000,9.00000000,8.42857143,6.57142857,6.67857143,2.07019668,2.90130702,3.00000000,5.00000000,5.00000000,test,True,aruna-juice-v4.0
2026-08-17,P003,Jus Jambu,8,7.00000000,11.00000000,11.00000000,8.00000000,12.00000000,6.00000000,8.71428571,7.71428571,7.57142857,2.62769136,2.92018365,6.00000000,15.00000000,8.00000000,test,True,aruna-juice-v4.0
2026-08-17,P004,Jus Pisang,4,8.00000000,7.00000000,3.00000000,10.00000000,9.00000000,3.00000000,5.71428571,5.64285714,5.57142857,3.35232684,3.02825522,5.00000000,2.00000000,5.00000000,test,True,aruna-juice-v4.0
2026-08-17,P005,Jus Nanas,16,21.00000000,21.00000000,16.00000000,12.00000000,16.00000000,18.00000000,17.28571429,16.57142857,17.03571429,2.87020822,3.91671538,17.00000000,15.00000000,12.00000000,test,True,aruna-juice-v4.0
2026-08-17,P006,Jus Melon,2,10.00000000,6.00000000,6.00000000,4.00000000,9.00000000,3.00000000,6.00000000,5.92857143,7.14285714,2.30940108,2.20014985,8.00000000,10.00000000,8.00000000,test,True,aruna-juice-v4.0
2026-08-17,P007,Jus Sirsak,13,23.00000000,19.00000000,15.00000000,18.00000000,13.00000000,21.00000000,18.14285714,17.00000000,16.21428571,6.38823323,5.03831474,18.00000000,20.00000000,25.00000000,test,True,aruna-juice-v4.0
2026-08-17,P008,Jus Alpukat,16,25.00000000,18.00000000,29.00000000,19.00000000,22.00000000,14.00000000,18.71428571,17.21428571,17.32142857,6.87299754,6.24103753,18.00000000,18.00000000,23.00000000,test,True,aruna-juice-v4.0
2026-08-17,P009,Jus Stroberi,11,20.00000000,13.00000000,10.00000000,20.00000000,16.00000000,17.00000000,16.14285714,18.21428571,18.46428571,4.77593172,6.47098342,17.00000000,14.00000000,20.00000000,test,True,aruna-juice-v4.0
2026-08-17,P010,Jus Jeruk,6,4.00000000,6.00000000,8.00000000,6.00000000,13.00000000,11.00000000,5.57142857,6.64285714,7.25000000,1.98805959,2.61966360,8.00000000,8.00000000,10.00000000,test,True,aruna-juice-v4.0
2026-08-17,P011,Jus Mangga,17,15.00000000,25.00000000,20.00000000,24.00000000,23.00000000,14.00000000,19.00000000,17.21428571,18.25000000,5.80229840,6.69303394,20.00000000,14.00000000,13.00000000,test,True,aruna-juice-v4.0
2026-08-18,P001,Jus Naga,8,7.00000000,15.00000000,8.00000000,12.00000000,6.00000000,8.00000000,8.57142857,9.14285714,8.75000000,2.93582146,2.85164306,13.00000000,3.00000000,5.00000000,test,True,aruna-juice-v4.0
2026-08-18,P002,Jus Semangka,3,6.00000000,6.00000000,9.00000000,11.00000000,4.00000000,10.00000000,7.28571429,6.50000000,6.42857143,2.56347978,2.98070720,5.00000000,5.00000000,10.00000000,test,True,aruna-juice-v4.0
2026-08-18,P003,Jus Jambu,6,8.00000000,7.00000000,11.00000000,4.00000000,10.00000000,8.00000000,9.00000000,7.42857143,7.50000000,2.08166600,2.87467151,15.00000000,8.00000000,10.00000000,test,True,aruna-juice-v4.0
2026-08-18,P004,Jus Pisang,5,4.00000000,8.00000000,7.00000000,6.00000000,2.00000000,6.00000000,5.57142857,5.85714286,5.53571429,3.35942172,2.85164306,2.00000000,5.00000000,9.00000000,test,True,aruna-juice-v4.0
2026-08-18,P005,Jus Nanas,17,16.00000000,21.00000000,21.00000000,17.00000000,11.00000000,19.00000000,17.28571429,17.00000000,16.96428571,2.87020822,3.57340605,15.00000000,12.00000000,21.00000000,test,True,aruna-juice-v4.0
2026-08-18,P006,Jus Melon,8,2.00000000,10.00000000,6.00000000,6.00000000,3.00000000,8.00000000,6.28571429,6.28571429,7.14285714,2.42997159,2.09132168,10.00000000,8.00000000,7.00000000,test,True,aruna-juice-v4.0
2026-08-18,P007,Jus Sirsak,18,13.00000000,23.00000000,19.00000000,14.00000000,18.00000000,14.00000000,18.71428571,17.00000000,16.35714286,6.12955370,5.03831474,20.00000000,25.00000000,22.00000000,test,True,aruna-juice-v4.0
2026-08-18,P008,Jus Alpukat,18,16.00000000,25.00000000,18.00000000,15.00000000,20.00000000,24.00000000,19.14285714,17.07142857,17.10714286,6.69399162,6.19508845,18.00000000,23.00000000,18.00000000,test,True,aruna-juice-v4.0
2026-08-18,P009,Jus Stroberi,17,11.00000000,20.00000000,13.00000000,21.00000000,12.00000000,18.00000000,15.57142857,18.57142857,18.42857143,4.31497945,6.23531241,14.00000000,20.00000000,18.00000000,test,True,aruna-juice-v4.0
2026-08-18,P010,Jus Jeruk,8,6.00000000,4.00000000,6.00000000,8.00000000,13.00000000,4.00000000,5.57142857,6.28571429,7.39285714,1.98805959,1.93861852,8.00000000,10.00000000,7.00000000,test,True,aruna-juice-v4.0
2026-08-18,P011,Jus Mangga,20,17.00000000,15.00000000,25.00000000,19.00000000,12.00000000,16.00000000,19.14285714,17.78571429,18.39285714,5.81459576,6.55366687,14.00000000,13.00000000,21.00000000,test,True,aruna-juice-v4.0
2026-08-19,P001,Jus Naga,13,8.00000000,7.00000000,15.00000000,8.00000000,11.00000000,10.00000000,9.28571429,9.28571429,8.85714286,3.35232684,2.99816794,3.00000000,5.00000000,11.00000000,test,True,aruna-juice-v4.0
2026-08-19,P002,Jus Semangka,5,3.00000000,6.00000000,6.00000000,10.00000000,4.00000000,6.00000000,6.57142857,6.57142857,6.39285714,2.37045304,2.92770022,5.00000000,10.00000000,6.00000000,test,True,aruna-juice-v4.0
2026-08-19,P003,Jus Jambu,15,6.00000000,8.00000000,7.00000000,9.00000000,6.00000000,3.00000000,9.85714286,8.07142857,7.92857143,3.07834216,3.47439614,8.00000000,10.00000000,12.00000000,test,True,aruna-juice-v4.0
2026-08-19,P004,Jus Pisang,2,5.00000000,4.00000000,8.00000000,1.00000000,9.00000000,2.00000000,5.71428571,5.35714286,5.53571429,3.14718317,2.87180305,5.00000000,9.00000000,7.00000000,test,True,aruna-juice-v4.0
2026-08-19,P005,Jus Nanas,15,17.00000000,16.00000000,21.00000000,17.00000000,24.00000000,16.00000000,17.00000000,16.35714286,16.92857143,3.00000000,2.97701820,12.00000000,21.00000000,11.00000000,test,True,aruna-juice-v4.0
2026-08-19,P006,Jus Melon,10,8.00000000,2.00000000,10.00000000,6.00000000,4.00000000,7.00000000,6.85714286,6.71428571,7.25000000,2.79455252,2.19890082,8.00000000,7.00000000,9.00000000,test,True,aruna-juice-v4.0
2026-08-19,P007,Jus Sirsak,20,18.00000000,13.00000000,23.00000000,13.00000000,19.00000000,16.00000000,19.71428571,17.07142857,16.50000000,5.58910505,5.07579908,25.00000000,22.00000000,17.00000000,test,True,aruna-juice-v4.0
2026-08-19,P008,Jus Alpukat,18,18.00000000,16.00000000,25.00000000,8.00000000,24.00000000,14.00000000,20.57142857,16.64285714,17.25000000,4.68533680,5.87834544,23.00000000,18.00000000,25.00000000,test,True,aruna-juice-v4.0
2026-08-19,P009,Jus Stroberi,14,17.00000000,11.00000000,20.00000000,17.00000000,31.00000000,22.00000000,15.14285714,17.35714286,18.14285714,4.29839394,5.19773831,20.00000000,18.00000000,19.00000000,test,True,aruna-juice-v4.0
2026-08-19,P010,Jus Jeruk,8,8.00000000,6.00000000,4.00000000,3.00000000,9.00000000,7.00000000,6.28571429,6.21428571,7.42857143,1.79947082,1.84718378,10.00000000,7.00000000,9.00000000,test,True,aruna-juice-v4.0
2026-08-19,P011,Jus Mangga,14,20.00000000,17.00000000,15.00000000,10.00000000,23.00000000,19.00000000,19.71428571,17.14285714,18.21428571,4.88924963,6.44332861,13.00000000,21.00000000,21.00000000,test,True,aruna-juice-v4.0
2026-08-20,P001,Jus Naga,3,13.00000000,8.00000000,7.00000000,8.00000000,14.00000000,7.00000000,8.57142857,8.50000000,8.71428571,4.11732692,3.10706391,5.00000000,11.00000000,7.00000000,test,True,aruna-juice-v4.0
2026-08-20,P002,Jus Semangka,5,5.00000000,3.00000000,6.00000000,10.00000000,6.00000000,6.00000000,5.85714286,6.50000000,6.35714286,1.86445447,2.95478751,10.00000000,6.00000000,6.00000000,test,True,aruna-juice-v4.0
2026-08-20,P003,Jus Jambu,8,15.00000000,6.00000000,8.00000000,11.00000000,5.00000000,6.00000000,9.42857143,8.28571429,8.00000000,3.10145895,3.36105687,10.00000000,12.00000000,9.00000000,test,True,aruna-juice-v4.0
2026-08-20,P004,Jus Pisang,5,2.00000000,5.00000000,4.00000000,11.00000000,6.00000000,6.00000000,4.85714286,5.28571429,5.50000000,2.11570094,2.86701591,9.00000000,7.00000000,8.00000000,test,True,aruna-juice-v4.0
2026-08-20,P005,Jus Nanas,12,15.00000000,17.00000000,16.00000000,13.00000000,21.00000000,19.00000000,16.85714286,15.71428571,16.67857143,3.23669437,2.86701591,21.00000000,11.00000000,8.00000000,test,True,aruna-juice-v4.0
2026-08-20,P006,Jus Melon,8,10.00000000,8.00000000,2.00000000,6.00000000,8.00000000,11.00000000,7.14285714,6.71428571,7.14285714,2.79455252,2.19890082,7.00000000,9.00000000,7.00000000,test,True,aruna-juice-v4.0
2026-08-20,P007,Jus Sirsak,25,20.00000000,18.00000000,13.00000000,30.00000000,15.00000000,20.00000000,19.00000000,17.78571429,16.67857143,4.20317340,5.45158511,22.00000000,17.00000000,17.00000000,test,True,aruna-juice-v4.0
2026-08-20,P008,Jus Alpukat,23,18.00000000,18.00000000,16.00000000,20.00000000,14.00000000,17.00000000,21.00000000,17.28571429,17.46428571,4.76095229,6.05651044,18.00000000,25.00000000,12.00000000,test,True,aruna-juice-v4.0
2026-08-20,P009,Jus Stroberi,20,14.00000000,17.00000000,11.00000000,21.00000000,29.00000000,28.00000000,15.00000000,16.71428571,17.85714286,4.08248290,4.08427701,18.00000000,19.00000000,27.00000000,test,True,aruna-juice-v4.0
2026-08-20,P010,Jus Jeruk,10,8.00000000,8.00000000,6.00000000,4.00000000,9.00000000,10.00000000,7.14285714,6.28571429,7.42857143,1.95180015,1.97789987,7.00000000,9.00000000,13.00000000,test,True,aruna-juice-v4.0
2026-08-20,P011,Jus Mangga,13,14.00000000,20.00000000,17.00000000,27.00000000,22.00000000,25.00000000,17.71428571,16.50000000,17.78571429,4.23140188,6.37000181,21.00000000,21.00000000,19.00000000,test,True,aruna-juice-v4.0
2026-08-21,P001,Jus Naga,5,3.00000000,13.00000000,8.00000000,6.00000000,7.00000000,6.00000000,8.42857143,8.35714286,8.67857143,4.23702501,3.22507347,11.00000000,7.00000000,12.00000000,test,True,aruna-juice-v4.0
2026-08-21,P002,Jus Semangka,10,5.00000000,5.00000000,3.00000000,7.00000000,5.00000000,6.00000000,6.28571429,6.85714286,6.50000000,2.42997159,3.05984270,6.00000000,6.00000000,5.00000000,test,True,aruna-juice-v4.0
2026-08-21,P003,Jus Jambu,10,8.00000000,15.00000000,6.00000000,11.00000000,3.00000000,6.00000000,9.28571429,8.78571429,8.14285714,3.03942350,3.01734910,12.00000000,9.00000000,5.00000000,test,True,aruna-juice-v4.0
2026-08-21,P004,Jus Pisang,9,5.00000000,2.00000000,5.00000000,3.00000000,4.00000000,7.00000000,5.71428571,5.64285714,5.57142857,2.42997159,3.00274600,7.00000000,8.00000000,2.00000000,test,True,aruna-juice-v4.0
2026-08-21,P005,Jus Nanas,21,12.00000000,15.00000000,17.00000000,16.00000000,13.00000000,22.00000000,17.57142857,16.28571429,16.64285714,3.55232989,3.07417460,11.00000000,8.00000000,24.00000000,test,True,aruna-juice-v4.0
2026-08-21,P006,Jus Melon,7,8.00000000,10.00000000,8.00000000,6.00000000,6.00000000,5.00000000,7.28571429,6.78571429,7.21428571,2.75162290,2.19013773,9.00000000,7.00000000,5.00000000,test,True,aruna-juice-v4.0
2026-08-21,P007,Jus Sirsak,22,25.00000000,20.00000000,18.00000000,15.00000000,13.00000000,11.00000000,20.00000000,18.42857143,17.07142857,3.91578004,5.37392974,17.00000000,17.00000000,19.00000000,test,True,aruna-juice-v4.0
2026-08-21,P008,Jus Alpukat,18,23.00000000,18.00000000,18.00000000,29.00000000,9.00000000,18.00000000,19.42857143,17.92857143,17.46428571,3.25868802,5.56727092,25.00000000,12.00000000,15.00000000,test,True,aruna-juice-v4.0
2026-08-21,P009,Jus Stroberi,18,20.00000000,14.00000000,17.00000000,10.00000000,11.00000000,9.00000000,16.14285714,17.21428571,18.17857143,3.53216513,3.74532676,19.00000000,27.00000000,18.00000000,test,True,aruna-juice-v4.0
2026-08-21,P010,Jus Jeruk,7,10.00000000,8.00000000,8.00000000,8.00000000,7.00000000,11.00000000,7.00000000,6.28571429,7.28571429,1.91485422,1.97789987,9.00000000,13.00000000,3.00000000,test,True,aruna-juice-v4.0
2026-08-21,P011,Jus Mangga,21,13.00000000,14.00000000,20.00000000,20.00000000,8.00000000,31.00000000,17.85714286,17.42857143,17.42857143,4.33699479,5.97062406,21.00000000,19.00000000,12.00000000,test,True,aruna-juice-v4.0
2026-08-22,P001,Jus Naga,11,5.00000000,3.00000000,13.00000000,8.00000000,6.00000000,13.00000000,8.85714286,8.71428571,8.60714286,4.33699479,3.22081145,7.00000000,12.00000000,8.00000000,test,True,aruna-juice-v4.0
2026-08-22,P002,Jus Semangka,6,10.00000000,5.00000000,5.00000000,9.00000000,9.00000000,12.00000000,5.85714286,6.64285714,6.28571429,2.11570094,3.00274600,6.00000000,5.00000000,9.00000000,test,True,aruna-juice-v4.0
2026-08-22,P003,Jus Jambu,12,10.00000000,8.00000000,15.00000000,11.00000000,11.00000000,12.00000000,9.42857143,8.85714286,8.14285714,3.15473944,3.08487982,9.00000000,5.00000000,7.00000000,test,True,aruna-juice-v4.0
2026-08-22,P004,Jus Pisang,7,9.00000000,5.00000000,2.00000000,7.00000000,4.00000000,10.00000000,5.71428571,5.85714286,5.46428571,2.42997159,2.98347095,8.00000000,2.00000000,2.00000000,test,True,aruna-juice-v4.0
2026-08-22,P005,Jus Nanas,11,21.00000000,12.00000000,15.00000000,21.00000000,16.00000000,14.00000000,16.14285714,15.92857143,16.53571429,3.93397896,3.38467782,8.00000000,24.00000000,20.00000000,test,True,aruna-juice-v4.0
2026-08-22,P006,Jus Melon,9,7.00000000,8.00000000,10.00000000,6.00000000,9.00000000,7.00000000,7.71428571,6.78571429,7.28571429,2.75162290,2.19013773,7.00000000,5.00000000,9.00000000,test,True,aruna-juice-v4.0
2026-08-22,P007,Jus Sirsak,17,22.00000000,25.00000000,20.00000000,19.00000000,18.00000000,19.00000000,19.71428571,18.35714286,17.00000000,4.07080196,5.38669505,17.00000000,19.00000000,21.00000000,test,True,aruna-juice-v4.0
2026-08-22,P008,Jus Alpukat,25,18.00000000,23.00000000,18.00000000,18.00000000,15.00000000,25.00000000,20.42857143,18.64285714,17.46428571,3.77964473,5.79929893,12.00000000,15.00000000,13.00000000,test,True,aruna-juice-v4.0
2026-08-22,P009,Jus Stroberi,19,18.00000000,20.00000000,14.00000000,13.00000000,19.00000000,19.00000000,17.00000000,17.21428571,18.17857143,3.36650165,3.74532676,27.00000000,18.00000000,9.00000000,test,True,aruna-juice-v4.0
2026-08-22,P010,Jus Jeruk,9,7.00000000,10.00000000,8.00000000,6.00000000,5.00000000,13.00000000,7.42857143,6.57142857,7.14285714,1.98805959,2.06488166,13.00000000,3.00000000,2.00000000,test,True,aruna-juice-v4.0
2026-08-22,P011,Jus Mangga,21,21.00000000,13.00000000,14.00000000,25.00000000,6.00000000,20.00000000,17.28571429,18.50000000,17.46428571,3.40168026,5.03449638,19.00000000,12.00000000,17.00000000,test,True,aruna-juice-v4.0
2026-08-23,P001,Jus Naga,7,11.00000000,5.00000000,3.00000000,15.00000000,10.00000000,9.00000000,7.71428571,8.50000000,8.53571429,3.40168026,3.22847904,12.00000000,8.00000000,5.00000000,test,True,aruna-juice-v4.0
2026-08-23,P002,Jus Semangka,6,6.00000000,10.00000000,5.00000000,6.00000000,1.00000000,5.00000000,5.85714286,7.00000000,6.32142857,2.11570094,2.54195564,5.00000000,9.00000000,2.00000000,test,True,aruna-juice-v4.0
2026-08-23,P003,Jus Jambu,9,12.00000000,10.00000000,8.00000000,7.00000000,4.00000000,9.00000000,9.71428571,9.21428571,8.14285714,2.98408477,2.75062430,5.00000000,7.00000000,7.00000000,test,True,aruna-juice-v4.0
2026-08-23,P004,Jus Pisang,8,7.00000000,9.00000000,5.00000000,8.00000000,4.00000000,3.00000000,5.71428571,6.14285714,5.64285714,2.42997159,2.98347095,2.00000000,2.00000000,4.00000000,test,True,aruna-juice-v4.0
2026-08-23,P005,Jus Nanas,8,11.00000000,21.00000000,12.00000000,21.00000000,14.00000000,17.00000000,14.28571429,15.50000000,16.21428571,4.30945804,3.97588887,24.00000000,20.00000000,11.00000000,test,True,aruna-juice-v4.0
2026-08-23,P006,Jus Melon,7,9.00000000,7.00000000,8.00000000,10.00000000,7.00000000,13.00000000,7.28571429,6.78571429,7.07142857,2.56347978,2.19013773,5.00000000,9.00000000,3.00000000,test,True,aruna-juice-v4.0
2026-08-23,P007,Jus Sirsak,17,17.00000000,22.00000000,25.00000000,23.00000000,10.00000000,18.00000000,18.85714286,18.85714286,16.96428571,3.89138242,4.84937970,19.00000000,21.00000000,14.00000000,test,True,aruna-juice-v4.0
2026-08-23,P008,Jus Alpukat,12,25.00000000,18.00000000,23.00000000,25.00000000,9.00000000,16.00000000,18.57142857,18.85714286,17.32142857,4.31497945,5.46115151,15.00000000,13.00000000,17.00000000,test,True,aruna-juice-v4.0
2026-08-23,P009,Jus Stroberi,27,19.00000000,18.00000000,20.00000000,20.00000000,20.00000000,17.00000000,18.00000000,17.71428571,18.53571429,5.03322296,4.53072539,18.00000000,9.00000000,12.00000000,test,True,aruna-juice-v4.0
2026-08-23,P010,Jus Jeruk,13,9.00000000,7.00000000,10.00000000,4.00000000,5.00000000,9.00000000,8.71428571,7.14285714,7.28571429,2.28868854,2.62699427,3.00000000,2.00000000,10.00000000,test,True,aruna-juice-v4.0
2026-08-23,P011,Jus Mangga,19,21.00000000,21.00000000,13.00000000,15.00000000,13.00000000,26.00000000,17.85714286,18.92857143,17.21428571,3.28778403,4.77919024,12.00000000,17.00000000,24.00000000,test,True,aruna-juice-v4.0
2026-08-24,P001,Jus Naga,12,7.00000000,11.00000000,5.00000000,7.00000000,8.00000000,8.00000000,8.42857143,8.78571429,8.67857143,3.73528860,3.35533035,8.00000000,5.00000000,7.00000000,test,True,aruna-juice-v4.0
2026-08-24,P002,Jus Semangka,5,6.00000000,6.00000000,10.00000000,6.00000000,4.00000000,7.00000000,5.71428571,7.07142857,6.25000000,2.13808994,2.46402690,9.00000000,2.00000000,8.00000000,test,True,aruna-juice-v4.0
2026-08-24,P003,Jus Jambu,5,9.00000000,12.00000000,10.00000000,8.00000000,8.00000000,7.00000000,9.28571429,9.00000000,8.07142857,3.45032780,2.96128870,7.00000000,7.00000000,8.00000000,test,True,aruna-juice-v4.0
2026-08-24,P004,Jus Pisang,2,8.00000000,7.00000000,9.00000000,4.00000000,10.00000000,6.00000000,5.42857143,5.57142857,5.50000000,2.76026224,2.95385760,2.00000000,4.00000000,2.00000000,test,True,aruna-juice-v4.0
2026-08-24,P005,Jus Nanas,24,8.00000000,11.00000000,21.00000000,16.00000000,12.00000000,17.00000000,15.42857143,16.35714286,16.46428571,5.68205194,4.43078640,20.00000000,11.00000000,15.00000000,test,True,aruna-juice-v4.0
2026-08-24,P006,Jus Melon,5,7.00000000,9.00000000,7.00000000,2.00000000,4.00000000,5.00000000,7.71428571,6.85714286,7.07142857,1.60356745,2.10702644,9.00000000,3.00000000,9.00000000,test,True,aruna-juice-v4.0
2026-08-24,P007,Jus Sirsak,19,17.00000000,17.00000000,22.00000000,13.00000000,18.00000000,10.00000000,19.71428571,18.92857143,17.28571429,2.92770022,4.84314402,21.00000000,14.00000000,25.00000000,test,True,aruna-juice-v4.0
2026-08-24,P008,Jus Alpukat,15,12.00000000,25.00000000,18.00000000,16.00000000,19.00000000,20.00000000,18.42857143,18.57142857,17.14285714,4.42933941,5.55689849,13.00000000,17.00000000,18.00000000,test,True,aruna-juice-v4.0
2026-08-24,P009,Jus Stroberi,18,27.00000000,19.00000000,18.00000000,11.00000000,20.00000000,18.00000000,19.00000000,17.57142857,18.53571429,4.00000000,4.48440521,9.00000000,12.00000000,21.00000000,test,True,aruna-juice-v4.0
2026-08-24,P010,Jus Jeruk,3,13.00000000,9.00000000,7.00000000,6.00000000,6.00000000,7.00000000,8.28571429,6.92857143,7.14285714,3.03942350,2.84102597,2.00000000,10.00000000,11.00000000,test,True,aruna-juice-v4.0
2026-08-24,P011,Jus Mangga,12,19.00000000,21.00000000,21.00000000,17.00000000,24.00000000,14.00000000,17.14285714,18.07142857,17.14285714,3.97611919,4.87480628,17.00000000,24.00000000,29.00000000,test,True,aruna-juice-v4.0
2026-08-25,P001,Jus Naga,8,12.00000000,7.00000000,11.00000000,8.00000000,12.00000000,10.00000000,8.42857143,8.50000000,8.60714286,3.73528860,3.22847904,5.00000000,7.00000000,8.00000000,test,True,aruna-juice-v4.0
2026-08-25,P002,Jus Semangka,9,5.00000000,6.00000000,6.00000000,3.00000000,11.00000000,6.00000000,6.57142857,6.92857143,6.35714286,2.07019668,2.26899794,2.00000000,8.00000000,6.00000000,test,True,aruna-juice-v4.0
2026-08-25,P003,Jus Jambu,7,5.00000000,9.00000000,12.00000000,6.00000000,4.00000000,9.00000000,9.42857143,9.21428571,8.00000000,3.30943816,2.66540721,7.00000000,8.00000000,14.00000000,test,True,aruna-juice-v4.0
2026-08-25,P004,Jus Pisang,2,2.00000000,8.00000000,7.00000000,5.00000000,6.00000000,6.00000000,5.00000000,5.28571429,5.35714286,3.05505046,3.09909593,4.00000000,2.00000000,5.00000000,test,True,aruna-juice-v4.0
2026-08-25,P005,Jus Nanas,20,24.00000000,8.00000000,11.00000000,17.00000000,17.00000000,18.00000000,15.85714286,16.57142857,16.53571429,5.92814112,4.53557368,11.00000000,15.00000000,19.00000000,test,True,aruna-juice-v4.0
2026-08-25,P006,Jus Melon,9,5.00000000,7.00000000,9.00000000,8.00000000,6.00000000,11.00000000,7.85714286,7.07142857,7.00000000,1.67616342,2.16490489,3.00000000,9.00000000,6.00000000,test,True,aruna-juice-v4.0
2026-08-25,P007,Jus Sirsak,21,19.00000000,17.00000000,17.00000000,18.00000000,14.00000000,18.00000000,20.14285714,19.42857143,17.39285714,2.85356919,4.65277892,14.00000000,25.00000000,18.00000000,test,True,aruna-juice-v4.0
2026-08-25,P008,Jus Alpukat,13,15.00000000,12.00000000,25.00000000,18.00000000,15.00000000,19.00000000,17.71428571,18.42857143,16.92857143,4.88924963,5.68011763,17.00000000,18.00000000,18.00000000,test,True,aruna-juice-v4.0
2026-08-25,P009,Jus Stroberi,9,18.00000000,27.00000000,19.00000000,17.00000000,21.00000000,25.00000000,17.85714286,16.71428571,17.96428571,5.52052447,4.90570424,12.00000000,21.00000000,13.00000000,test,True,aruna-juice-v4.0
2026-08-25,P010,Jus Jeruk,2,3.00000000,13.00000000,9.00000000,8.00000000,8.00000000,10.00000000,7.42857143,6.50000000,6.85714286,3.86683087,3.10706391,10.00000000,11.00000000,7.00000000,test,True,aruna-juice-v4.0
2026-08-25,P011,Jus Mangga,17,12.00000000,19.00000000,21.00000000,20.00000000,19.00000000,15.00000000,16.71428571,17.92857143,17.21428571,3.77334006,4.87480628,24.00000000,29.00000000,16.00000000,test,True,aruna-juice-v4.0
2026-08-26,P001,Jus Naga,5,8.00000000,12.00000000,7.00000000,13.00000000,8.00000000,2.00000000,7.28571429,8.28571429,8.71428571,3.30223589,3.36105687,7.00000000,8.00000000,10.00000000,test,True,aruna-juice-v4.0
2026-08-26,P002,Jus Semangka,2,9.00000000,5.00000000,6.00000000,5.00000000,10.00000000,4.00000000,6.14285714,6.35714286,6.28571429,2.67261242,2.43712134,8.00000000,6.00000000,9.00000000,test,True,aruna-juice-v4.0
2026-08-26,P003,Jus Jambu,7,7.00000000,5.00000000,9.00000000,15.00000000,9.00000000,6.00000000,8.28571429,9.07142857,8.03571429,2.28868854,2.73057576,8.00000000,14.00000000,6.00000000,test,True,aruna-juice-v4.0
2026-08-26,P004,Jus Pisang,4,2.00000000,2.00000000,8.00000000,2.00000000,1.00000000,5.00000000,5.28571429,5.50000000,5.32142857,2.81154084,2.87562702,2.00000000,5.00000000,2.00000000,test,True,aruna-juice-v4.0
2026-08-26,P005,Jus Nanas,11,20.00000000,24.00000000,8.00000000,15.00000000,17.00000000,20.00000000,15.28571429,16.14285714,16.21428571,6.21059003,4.76940801,15.00000000,19.00000000,11.00000000,test,True,aruna-juice-v4.0
2026-08-26,P006,Jus Melon,3,9.00000000,5.00000000,7.00000000,10.00000000,6.00000000,8.00000000,6.85714286,6.85714286,6.82142857,2.19306266,2.41333293,9.00000000,6.00000000,5.00000000,test,True,aruna-juice-v4.0
2026-08-26,P007,Jus Sirsak,14,21.00000000,19.00000000,17.00000000,20.00000000,13.00000000,19.00000000,19.28571429,19.50000000,17.21428571,3.68394199,4.55310545,25.00000000,18.00000000,10.00000000,test,True,aruna-juice-v4.0
2026-08-26,P008,Jus Alpukat,17,13.00000000,15.00000000,12.00000000,18.00000000,8.00000000,13.00000000,17.57142857,19.07142857,17.07142857,4.89411697,4.85900094,18.00000000,18.00000000,15.00000000,test,True,aruna-juice-v4.0
2026-08-26,P009,Jus Stroberi,12,9.00000000,18.00000000,27.00000000,14.00000000,17.00000000,12.00000000,17.57142857,16.35714286,17.96428571,5.79819348,5.06279252,21.00000000,13.00000000,21.00000000,test,True,aruna-juice-v4.0
2026-08-26,P010,Jus Jeruk,10,2.00000000,3.00000000,13.00000000,8.00000000,3.00000000,3.00000000,7.71428571,7.00000000,7.10714286,3.98807747,3.06343196,11.00000000,7.00000000,2.00000000,test,True,aruna-juice-v4.0
2026-08-26,P011,Jus Mangga,24,17.00000000,12.00000000,19.00000000,14.00000000,10.00000000,21.00000000,18.14285714,18.92857143,17.32142857,4.41318371,4.54827585,29.00000000,16.00000000,22.00000000,test,True,aruna-juice-v4.0
2026-08-27,P001,Jus Naga,7,5.00000000,8.00000000,12.00000000,3.00000000,8.00000000,9.00000000,7.85714286,8.21428571,8.64285714,2.73426233,3.37817819,8.00000000,10.00000000,7.00000000,test,True,aruna-juice-v4.0
2026-08-27,P002,Jus Semangka,8,2.00000000,9.00000000,5.00000000,5.00000000,10.00000000,10.00000000,6.57142857,6.21428571,6.21428571,2.69920623,2.25929095,6.00000000,9.00000000,11.00000000,test,True,aruna-juice-v4.0
2026-08-27,P003,Jus Jambu,8,7.00000000,7.00000000,5.00000000,8.00000000,11.00000000,8.00000000,8.28571429,8.85714286,8.03571429,2.28868854,2.68491922,14.00000000,6.00000000,5.00000000,test,True,aruna-juice-v4.0
2026-08-27,P004,Jus Pisang,2,4.00000000,2.00000000,2.00000000,5.00000000,11.00000000,7.00000000,4.85714286,4.85714286,5.14285714,3.07834216,2.53762890,5.00000000,2.00000000,5.00000000,test,True,aruna-juice-v4.0
2026-08-27,P005,Jus Nanas,15,11.00000000,20.00000000,24.00000000,12.00000000,13.00000000,16.00000000,15.71428571,16.28571429,16.17857143,6.04743157,4.69743910,19.00000000,11.00000000,17.00000000,test,True,aruna-juice-v4.0
2026-08-27,P006,Jus Melon,9,3.00000000,9.00000000,5.00000000,8.00000000,6.00000000,9.00000000,7.00000000,7.07142857,6.82142857,2.30940108,2.46402690,6.00000000,5.00000000,4.00000000,test,True,aruna-juice-v4.0
2026-08-27,P007,Jus Sirsak,25,14.00000000,21.00000000,19.00000000,25.00000000,30.00000000,14.00000000,19.28571429,19.14285714,17.60714286,3.68394199,3.79994216,18.00000000,10.00000000,16.00000000,test,True,aruna-juice-v4.0
2026-08-27,P008,Jus Alpukat,18,17.00000000,13.00000000,15.00000000,23.00000000,20.00000000,14.00000000,16.85714286,18.92857143,17.21428571,4.29839394,4.85900094,18.00000000,15.00000000,22.00000000,test,True,aruna-juice-v4.0
2026-08-27,P009,Jus Stroberi,21,12.00000000,9.00000000,18.00000000,20.00000000,21.00000000,18.00000000,17.71428571,16.35714286,18.07142857,5.87974732,5.06279252,13.00000000,21.00000000,13.00000000,test,True,aruna-juice-v4.0
2026-08-27,P010,Jus Jeruk,11,10.00000000,2.00000000,3.00000000,10.00000000,4.00000000,8.00000000,7.85714286,7.50000000,7.21428571,4.09994193,3.10706391,7.00000000,2.00000000,13.00000000,test,True,aruna-juice-v4.0
2026-08-27,P011,Jus Mangga,29,24.00000000,17.00000000,12.00000000,13.00000000,27.00000000,15.00000000,20.42857143,19.07142857,17.82142857,5.34967734,4.84314402,16.00000000,22.00000000,24.00000000,test,True,aruna-juice-v4.0
2026-08-28,P001,Jus Naga,8,7.00000000,5.00000000,8.00000000,5.00000000,6.00000000,10.00000000,8.28571429,8.35714286,8.57142857,2.42997159,3.31910884,10.00000000,7.00000000,10.00000000,test,True,aruna-juice-v4.0
2026-08-28,P002,Jus Semangka,6,8.00000000,2.00000000,9.00000000,10.00000000,7.00000000,4.00000000,6.00000000,6.14285714,6.28571429,2.23606798,2.24832050,9.00000000,11.00000000,7.00000000,test,True,aruna-juice-v4.0
2026-08-28,P003,Jus Jambu,14,8.00000000,7.00000000,7.00000000,10.00000000,11.00000000,5.00000000,8.85714286,9.07142857,8.35714286,3.13201593,2.97332463,6.00000000,5.00000000,10.00000000,test,True,aruna-juice-v4.0
2026-08-28,P004,Jus Pisang,5,2.00000000,4.00000000,2.00000000,9.00000000,3.00000000,4.00000000,4.28571429,5.00000000,5.17857143,2.49761791,2.48069469,2.00000000,5.00000000,8.00000000,test,True,aruna-juice-v4.0
2026-08-28,P005,Jus Nanas,19,15.00000000,11.00000000,20.00000000,21.00000000,16.00000000,16.00000000,15.42857143,16.50000000,16.28571429,5.79819348,4.75151798,11.00000000,17.00000000,18.00000000,test,True,aruna-juice-v4.0
2026-08-28,P006,Jus Melon,6,9.00000000,3.00000000,9.00000000,7.00000000,6.00000000,10.00000000,6.85714286,7.07142857,6.67857143,2.34012617,2.46402690,5.00000000,4.00000000,8.00000000,test,True,aruna-juice-v4.0
2026-08-28,P007,Jus Sirsak,18,25.00000000,14.00000000,21.00000000,22.00000000,15.00000000,17.00000000,18.71428571,19.35714286,17.64285714,3.49829891,3.62909488,10.00000000,16.00000000,13.00000000,test,True,aruna-juice-v4.0
2026-08-28,P008,Jus Alpukat,18,18.00000000,17.00000000,13.00000000,18.00000000,29.00000000,14.00000000,16.85714286,18.14285714,17.35714286,4.29839394,3.89984502,15.00000000,22.00000000,17.00000000,test,True,aruna-juice-v4.0
2026-08-28,P009,Jus Stroberi,13,21.00000000,12.00000000,9.00000000,18.00000000,10.00000000,18.00000000,17.00000000,16.57142857,17.89285714,6.13731755,4.83121717,21.00000000,13.00000000,10.00000000,test,True,aruna-juice-v4.0
2026-08-28,P010,Jus Jeruk,7,11.00000000,10.00000000,2.00000000,7.00000000,8.00000000,3.00000000,7.85714286,7.42857143,7.35714286,4.09994193,3.10617959,2.00000000,13.00000000,6.00000000,test,True,aruna-juice-v4.0
2026-08-28,P011,Jus Mangga,16,29.00000000,24.00000000,17.00000000,21.00000000,20.00000000,17.00000000,19.71428571,18.78571429,17.78571429,5.58910505,4.90178259,22.00000000,24.00000000,16.00000000,test,True,aruna-juice-v4.0
2026-08-29,P001,Jus Naga,10,8.00000000,7.00000000,5.00000000,11.00000000,8.00000000,7.00000000,8.14285714,8.50000000,8.67857143,2.26778684,3.34549065,7.00000000,10.00000000,,inference_only,True,aruna-juice-v4.0
2026-08-29,P002,Jus Semangka,9,6.00000000,8.00000000,2.00000000,6.00000000,9.00000000,3.00000000,6.42857143,6.14285714,6.50000000,2.50713268,2.24832050,11.00000000,7.00000000,,inference_only,True,aruna-juice-v4.0
2026-08-29,P003,Jus Jambu,6,14.00000000,8.00000000,7.00000000,12.00000000,11.00000000,9.00000000,8.00000000,8.71428571,8.25000000,2.94392029,3.02371578,5.00000000,10.00000000,,inference_only,True,aruna-juice-v4.0
2026-08-29,P004,Jus Pisang,2,5.00000000,2.00000000,4.00000000,7.00000000,7.00000000,0.00000000,3.57142857,4.64285714,5.25000000,2.29906813,2.53003931,5.00000000,8.00000000,,inference_only,True,aruna-juice-v4.0
2026-08-29,P005,Jus Nanas,11,19.00000000,15.00000000,11.00000000,11.00000000,21.00000000,16.00000000,15.42857143,15.78571429,16.10714286,5.79819348,4.77458933,17.00000000,18.00000000,,inference_only,True,aruna-juice-v4.0
2026-08-29,P006,Jus Melon,5,6.00000000,9.00000000,3.00000000,9.00000000,6.00000000,6.00000000,6.28571429,7.00000000,6.64285714,2.21466971,2.51151196,4.00000000,8.00000000,,inference_only,True,aruna-juice-v4.0
2026-08-29,P007,Jus Sirsak,10,18.00000000,25.00000000,14.00000000,17.00000000,19.00000000,12.00000000,17.71428571,18.71428571,17.57142857,4.82059076,4.41027771,16.00000000,13.00000000,,inference_only,True,aruna-juice-v4.0
2026-08-29,P008,Jus Alpukat,15,18.00000000,18.00000000,17.00000000,25.00000000,18.00000000,13.00000000,15.42857143,17.92857143,17.42857143,2.37045304,3.98968450,22.00000000,17.00000000,,inference_only,True,aruna-juice-v4.0
2026-08-29,P009,Jus Stroberi,21,13.00000000,21.00000000,12.00000000,19.00000000,13.00000000,22.00000000,17.28571429,17.14285714,17.85714286,6.29058253,4.84937970,13.00000000,10.00000000,,inference_only,True,aruna-juice-v4.0
2026-08-29,P010,Jus Jeruk,2,7.00000000,11.00000000,10.00000000,9.00000000,6.00000000,4.00000000,6.85714286,7.14285714,7.28571429,4.59813627,3.41618642,13.00000000,6.00000000,,inference_only,True,aruna-juice-v4.0
2026-08-29,P011,Jus Mangga,22,16.00000000,29.00000000,24.00000000,21.00000000,25.00000000,10.00000000,19.85714286,18.57142857,18.21428571,5.63999325,4.66928236,24.00000000,16.00000000,,inference_only,True,aruna-juice-v4.0
2026-08-30,P001,Jus Naga,7,10.00000000,8.00000000,7.00000000,7.00000000,15.00000000,8.00000000,8.14285714,7.92857143,8.64285714,2.26778684,2.78634819,10.00000000,,,inference_only,True,aruna-juice-v4.0
2026-08-30,P002,Jus Semangka,11,9.00000000,6.00000000,8.00000000,6.00000000,6.00000000,5.00000000,7.14285714,6.50000000,6.71428571,3.02371578,2.59437261,7.00000000,,,inference_only,True,aruna-juice-v4.0
2026-08-30,P003,Jus Jambu,5,6.00000000,14.00000000,8.00000000,9.00000000,7.00000000,4.00000000,7.42857143,8.57142857,8.28571429,3.10145895,3.15531995,10.00000000,,,inference_only,True,aruna-juice-v4.0
2026-08-30,P004,Jus Pisang,5,2.00000000,5.00000000,2.00000000,8.00000000,8.00000000,6.00000000,3.14285714,4.42857143,5.21428571,1.46385011,2.34403615,8.00000000,,,inference_only,True,aruna-juice-v4.0
2026-08-30,P005,Jus Nanas,17,11.00000000,19.00000000,15.00000000,8.00000000,21.00000000,19.00000000,16.71428571,15.50000000,16.03571429,4.78589197,4.55310545,18.00000000,,,inference_only,True,aruna-juice-v4.0
2026-08-30,P006,Jus Melon,4,5.00000000,6.00000000,9.00000000,7.00000000,10.00000000,8.00000000,5.85714286,6.57142857,6.50000000,2.34012617,2.47181919,8.00000000,,,inference_only,True,aruna-juice-v4.0
2026-08-30,P007,Jus Sirsak,16,10.00000000,18.00000000,25.00000000,17.00000000,23.00000000,15.00000000,17.57142857,18.21428571,17.60714286,4.85994317,4.28195806,13.00000000,,,inference_only,True,aruna-juice-v4.0
2026-08-30,P008,Jus Alpukat,22,15.00000000,18.00000000,18.00000000,12.00000000,25.00000000,15.00000000,16.85714286,17.71428571,17.67857143,2.91138978,3.64646449,17.00000000,,,inference_only,True,aruna-juice-v4.0
2026-08-30,P009,Jus Stroberi,13,21.00000000,13.00000000,21.00000000,27.00000000,20.00000000,20.00000000,15.28571429,16.64285714,17.60714286,4.71572849,4.89280701,10.00000000,,,inference_only,True,aruna-juice-v4.0
2026-08-30,P010,Jus Jeruk,13,2.00000000,7.00000000,11.00000000,13.00000000,4.00000000,8.00000000,6.85714286,7.78571429,7.46428571,4.59813627,3.61999939,6.00000000,,,inference_only,True,aruna-juice-v4.0
2026-08-30,P011,Jus Mangga,24,22.00000000,16.00000000,29.00000000,19.00000000,15.00000000,18.00000000,20.57142857,19.21428571,18.42857143,5.82686716,4.75845113,16.00000000,,,inference_only,True,aruna-juice-v4.0
2026-08-31,P001,Jus Naga,10,7.00000000,10.00000000,8.00000000,12.00000000,7.00000000,12.00000000,7.85714286,8.14285714,8.57142857,1.77281052,2.82453925,,,,inference_only,True,aruna-juice-v4.0
2026-08-31,P002,Jus Semangka,7,11.00000000,9.00000000,6.00000000,5.00000000,6.00000000,11.00000000,7.42857143,6.57142857,6.57142857,2.87849167,2.59331346,,,,inference_only,True,aruna-juice-v4.0
2026-08-31,P003,Jus Jambu,10,5.00000000,6.00000000,14.00000000,5.00000000,8.00000000,12.00000000,8.14285714,8.71428571,8.21428571,3.02371578,3.17268562,,,,inference_only,True,aruna-juice-v4.0
2026-08-31,P004,Jus Pisang,8,5.00000000,2.00000000,5.00000000,2.00000000,4.00000000,9.00000000,4.00000000,4.71428571,5.17857143,2.23606798,2.52460420,,,,inference_only,True,aruna-juice-v4.0
2026-08-31,P005,Jus Nanas,18,17.00000000,11.00000000,19.00000000,24.00000000,16.00000000,16.00000000,15.85714286,15.64285714,16.10714286,3.67099312,4.60112265,,,,inference_only,True,aruna-juice-v4.0
2026-08-31,P006,Jus Melon,8,4.00000000,5.00000000,6.00000000,5.00000000,2.00000000,9.00000000,6.28571429,7.00000000,6.46428571,2.42997159,2.11223542,,,,inference_only,True,aruna-juice-v4.0
2026-08-31,P007,Jus Sirsak,13,16.00000000,10.00000000,18.00000000,19.00000000,13.00000000,13.00000000,16.71428571,18.21428571,17.60714286,5.08967208,4.28195806,,,,inference_only,True,aruna-juice-v4.0
2026-08-31,P008,Jus Alpukat,17,22.00000000,15.00000000,18.00000000,15.00000000,16.00000000,22.00000000,17.14285714,17.78571429,17.50000000,2.79455252,3.61999939,,,,inference_only,True,aruna-juice-v4.0
2026-08-31,P009,Jus Stroberi,10,13.00000000,21.00000000,13.00000000,18.00000000,11.00000000,16.00000000,14.14285714,16.57142857,17.39285714,4.91353815,4.98789744,,,,inference_only,True,aruna-juice-v4.0
2026-08-31,P010,Jus Jeruk,6,13.00000000,2.00000000,7.00000000,3.00000000,6.00000000,13.00000000,7.28571429,7.78571429,7.21428571,4.30945804,3.61999939,,,,inference_only,True,aruna-juice-v4.0
2026-08-31,P011,Jus Mangga,16,24.00000000,22.00000000,16.00000000,12.00000000,17.00000000,23.00000000,21.14285714,19.14285714,18.17857143,4.98091596,4.80155652,,,,inference_only,True,aruna-juice-v4.0
